Date,Pair_Rank,Ticker_A,Ticker_B,Price_A,Price_B,Hedge_Ratio,ZScore,Position,Unrealized_PnL,Realized_PnL,Cumulative_PnL,Status
2021-02-09,1,CPT,MAA,85.5408,113.5901,1.0242,0.0,0,0.0,0.0,0.0,HOLD_CASH
2021-02-10,1,CPT,MAA,87.4691,114.2186,1.0242,0.0,0,0.0,0.0,0.0,HOLD_CASH
2021-02-11,1,CPT,MAA,89.6512,115.618,1.0242,0.0,0,0.0,0.0,0.0,HOLD_CASH
2021-02-12,1,CPT,MAA,90.1079,115.7605,1.0242,0.0,0,0.0,0.0,0.0,HOLD_CASH
2021-02-16,1,CPT,MAA,89.9895,116.0119,1.0242,0.0,0,0.0,0.0,0.0,HOLD_CASH
2021-02-17,1,CPT,MAA,88.8562,115.4086,1.0242,0.0,0,0.0,0.0,0.0,HOLD_CASH
2021-02-18,1,CPT,MAA,87.7905,115.0147,1.0242,0.0,0,0.0,0.0,0.0,HOLD_CASH
2021-02-19,1,CPT,MAA,88.9154,115.2828,1.0242,0.0,0,0.0,0.0,0.0,HOLD_CASH
2021-02-22,1,CPT,MAA,88.7547,116.2214,1.0242,0.0,0,0.0,0.0,0.0,HOLD_CASH
2021-02-23,1,CPT,MAA,90.996,119.2466,1.0242,0.0,0,0.0,0.0,0.0,HOLD_CASH
2021-02-24,1,CPT,MAA,90.294,117.7466,1.0242,0.0,0,0.0,0.0,0.0,HOLD_CASH
2021-02-25,1,CPT,MAA,89.1945,115.5678,1.0242,0.0,0,0.0,0.0,0.0,HOLD_CASH
2021-02-26,1,CPT,MAA,88.0866,112.9029,1.0242,0.0,0,0.0,0.0,0.0,HOLD_CASH
2021-03-01,1,CPT,MAA,87.9681,113.5817,1.0242,0.0,0,0.0,0.0,0.0,HOLD_CASH
2021-03-02,1,CPT,MAA,87.7736,113.3806,1.0242,0.0,0,0.0,0.0,0.0,HOLD_CASH
2021-03-03,1,CPT,MAA,87.3085,112.794,1.0242,0.0,0,0.0,0.0,0.0,HOLD_CASH
2021-03-04,1,CPT,MAA,84.9403,111.2018,1.0242,0.0,0,0.0,0.0,0.0,HOLD_CASH
2021-03-05,1,CPT,MAA,86.8517,112.2158,1.0242,0.0,0,0.0,0.0,0.0,HOLD_CASH
2021-03-08,1,CPT,MAA,87.1985,112.484,1.0242,0.0,0,0.0,0.0,0.0,HOLD_CASH
2021-03-09,1,CPT,MAA,86.6826,112.9029,1.0242,-0.306,0,0.0,0.0,0.0,HOLD_CASH
2021-03-10,1,CPT,MAA,87.8074,112.9868,1.0242,1.1001,0,0.0,0.0,0.0,HOLD_CASH
2021-03-11,1,CPT,MAA,88.002,114.4281,1.0242,-0.4387,0,0.0,0.0,0.0,HOLD_CASH
2021-03-12,1,CPT,MAA,90.1671,118.8108,1.0242,-2.045,1,0.0,-0.0833,-0.0833,ENTER_LONG_A
2021-03-15,1,CPT,MAA,93.2796,121.4924,1.0242,-0.5691,1,0.4694,-0.0833,0.3861,HOLDING
2021-03-16,1,CPT,MAA,92.7806,120.9896,1.0242,-0.6417,1,0.42,-0.0833,0.3367,HOLDING
2021-03-17,1,CPT,MAA,92.5691,121.903,1.0242,-1.7093,1,-0.0007,-0.0833,-0.0841,HOLDING
2021-03-18,1,CPT,MAA,93.6432,122.6907,1.0242,-1.0875,1,0.2102,-0.0833,0.1268,HOLDING
2021-03-19,1,CPT,MAA,90.5139,118.5929,1.0242,-0.9056,1,0.2356,-0.0833,0.1523,HOLDING
2021-03-22,1,CPT,MAA,91.5034,119.632,1.0242,-0.6848,1,0.3187,-0.0833,0.2353,HOLDING
2021-03-23,1,CPT,MAA,92.1124,121.2997,1.0242,-1.4871,1,0.0049,-0.0833,-0.0784,HOLDING
2021-03-24,1,CPT,MAA,92.7044,120.9477,1.0242,-0.4116,1,0.4001,-0.0833,0.3168,HOLDING
2021-03-25,1,CPT,MAA,93.1104,122.2215,1.0242,-1.0281,1,0.1334,-0.0833,0.0501,HOLDING
2021-03-26,1,CPT,MAA,95.6139,124.5176,1.0242,-0.1084,1,0.4616,-0.0833,0.3783,HOLDING
2021-03-29,1,CPT,MAA,94.1253,123.5958,1.0242,-0.9999,1,0.1091,-0.0833,0.0257,HOLDING
2021-03-30,1,CPT,MAA,94.6536,123.4701,1.0242,-0.1031,1,0.3949,-0.0833,0.3116,HOLDING
2021-03-31,1,CPT,MAA,93.6567,120.9728,1.0242,1.2792,1,0.826,-0.0833,0.7426,HOLDING
2021-04-01,1,CPT,MAA,94.807,122.8835,1.0242,0.7093,1,0.6731,-0.0833,0.5898,HOLDING
2021-04-05,1,CPT,MAA,94.4065,122.8332,1.0242,0.2848,1,0.5081,-0.0833,0.4248,HOLDING
2021-04-06,1,CPT,MAA,94.8411,123.3862,1.0242,0.3924,1,0.5103,-0.0833,0.4269,HOLDING
2021-04-07,1,CPT,MAA,96.2642,124.2746,1.0242,1.4168,1,0.8447,-0.0833,0.7614,HOLDING
2021-04-08,1,CPT,MAA,95.1138,122.6991,1.0242,1.7181,1,0.8786,-0.0833,0.7953,HOLDING
2021-04-09,1,CPT,MAA,95.7188,123.0594,1.0242,1.951,1,1.027,-0.0833,0.9436,HOLDING
2021-04-12,1,CPT,MAA,95.6251,123.4449,1.0242,1.2414,1,0.8474,-0.0833,0.764,HOLDING
2021-04-13,1,CPT,MAA,96.8777,124.5176,1.0242,1.6102,1,1.0386,-0.0833,0.9553,HOLDING
2021-04-14,1,CPT,MAA,96.7754,124.5049,1.0242,1.3321,1,0.9964,-0.0833,0.9131,HOLDING
2021-04-15,1,CPT,MAA,98.1047,126.1841,1.0242,1.2108,1,1.0074,-0.0833,0.9241,HOLDING
2021-04-16,1,CPT,MAA,98.8887,127.4329,1.0242,0.849,1,0.9222,-0.0833,0.8388,HOLDING
2021-04-19,1,CPT,MAA,99.8005,128.108,1.0242,1.2046,1,1.0989,-0.0833,1.0156,HOLDING
2021-04-20,1,CPT,MAA,101.82,130.5297,1.0242,1.183,1,1.1615,-0.0833,1.0782,HOLDING
2021-04-21,1,CPT,MAA,102.8085,131.9895,1.0242,0.903,1,1.0948,-0.0833,1.0114,HOLDING
2021-04-22,1,CPT,MAA,102.0586,131.2301,1.0242,0.6314,1,1.0219,-0.0833,0.9386,HOLDING
2021-04-23,1,CPT,MAA,101.1553,130.9517,1.0242,-0.4655,1,0.7083,-0.0833,0.625,HOLDING
2021-04-26,1,CPT,MAA,101.7518,130.9854,1.0242,0.3724,1,0.9687,-0.0833,0.8853,HOLDING
2021-04-27,1,CPT,MAA,101.9222,130.9517,1.0242,0.6781,1,1.0585,-0.0833,0.9751,HOLDING
2021-04-28,1,CPT,MAA,101.2065,129.9644,1.0242,0.7869,1,1.082,-0.0833,0.9987,HOLDING
2021-04-29,1,CPT,MAA,102.2972,131.1964,1.0242,0.9644,1,1.1428,-0.0833,1.0595,HOLDING
2021-04-30,1,CPT,MAA,102.6636,132.7574,1.0242,-1.1532,1,0.7561,-0.0833,0.6728,HOLDING
2021-05-03,1,CPT,MAA,102.246,132.1161,1.0242,-1.127,1,0.7931,-0.0833,0.7097,HOLDING
2021-05-04,1,CPT,MAA,101.6666,131.9895,1.0242,-2.4943,1,0.5734,-0.0833,0.4901,HOLDING
2021-05-05,1,CPT,MAA,100.5674,128.8843,1.0242,1.2219,1,1.1735,-0.0833,1.0902,HOLDING
2021-05-06,1,CPT,MAA,103.0726,131.6689,1.0242,1.7037,1,1.3292,-0.0833,1.2458,HOLDING
2021-05-07,1,CPT,MAA,104.5468,132.5043,1.0242,2.7102,1,1.7058,-0.0833,1.6224,HOLDING
2021-05-10,1,CPT,MAA,105.041,134.4872,1.0242,0.5953,1,1.2277,-0.0833,1.1444,HOLDING
2021-05-11,1,CPT,MAA,104.453,133.0612,1.0242,1.466,1,1.4653,-0.0833,1.382,HOLDING
2021-05-12,1,CPT,MAA,101.9734,130.3948,1.0242,0.8011,1,1.2794,-0.0833,1.1961,HOLDING
2021-05-13,1,CPT,MAA,103.9588,131.6604,1.0242,2.0661,1,1.7368,-0.0833,1.6535,HOLDING
2021-05-14,1,CPT,MAA,104.1889,132.268,1.0242,1.4756,1,1.6262,-0.0833,1.5429,HOLDING
2021-05-17,1,CPT,MAA,104.8961,132.6393,1.0242,1.7725,1,1.8174,-0.0833,1.734,HOLDING
2021-05-18,1,CPT,MAA,104.4104,132.7912,1.0242,0.9124,1,1.5417,-0.0833,1.4584,HOLDING
2021-05-19,1,CPT,MAA,103.7713,131.3567,1.0242,1.3989,1,1.759,-0.0833,1.6757,HOLDING
2021-05-20,1,CPT,MAA,104.8706,133.2805,1.0242,0.7764,1,1.5781,-0.0833,1.4948,HOLDING
2021-05-21,1,CPT,MAA,104.7342,132.5211,1.0242,1.2254,1,1.7854,-0.0833,1.702,HOLDING
2021-05-24,1,CPT,MAA,106.1999,134.4872,1.0242,0.9725,1,1.7568,-0.0833,1.6735,HOLDING
2021-05-25,1,CPT,MAA,106.7708,134.6307,1.0242,1.3479,1,1.9666,-0.0833,1.8832,HOLDING
2021-05-26,1,CPT,MAA,107.1628,135.0188,1.0242,1.2842,1,2.0078,-0.0833,1.9245,HOLDING
2021-05-27,1,CPT,MAA,106.1573,133.6434,1.0242,1.2623,1,2.0368,-0.0833,1.9535,HOLDING
2021-05-28,1,CPT,MAA,106.839,135.6011,1.0242,0.205,1,1.6533,-0.0833,1.57,HOLDING
2021-06-01,1,CPT,MAA,108.8415,137.4574,1.0242,0.7256,1,1.9088,-0.0833,1.8255,HOLDING
2021-06-02,1,CPT,MAA,110.6906,139.8539,1.0242,0.5955,1,1.9026,-0.0833,1.8192,HOLDING
2021-06-03,1,CPT,MAA,110.0515,138.1916,1.0242,1.7025,1,2.2007,-0.0833,2.1174,HOLDING
2021-06-04,1,CPT,MAA,110.077,139.6767,1.0242,-0.5123,1,1.6853,-0.0833,1.602,HOLDING
2021-06-07,1,CPT,MAA,110.7417,140.1745,1.0242,-0.0104,1,1.8121,-0.0833,1.7288,HOLDING
2021-06-08,1,CPT,MAA,112.5056,141.2631,1.0242,1.5842,1,2.2312,-0.0833,2.1479,HOLDING
2021-06-09,1,CPT,MAA,113.1873,142.3432,1.0242,1.0775,1,2.1591,-0.0833,2.0758,HOLDING
2021-06-10,1,CPT,MAA,115.0705,144.7396,1.0242,0.9044,1,2.1685,-0.0833,2.0852,HOLDING
2021-06-11,1,CPT,MAA,115.2579,144.7565,1.0242,1.1895,1,2.2481,-0.0833,2.1647,HOLDING
2021-06-14,1,CPT,MAA,115.1983,144.7902,1.0242,0.8957,1,2.2089,-0.0833,2.1255,HOLDING
2021-06-15,1,CPT,MAA,114.5592,144.1827,1.0242,0.5212,1,2.1327,-0.0833,2.0494,HOLDING
2021-06-16,1,CPT,MAA,113.9031,143.1701,1.0242,0.8368,1,2.1925,-0.0833,2.1091,HOLDING
2021-06-17,1,CPT,MAA,114.6103,143.3051,1.0242,1.9518,1,2.4675,-0.0833,2.3841,HOLDING
2021-06-18,1,CPT,MAA,112.9998,141.6259,1.0242,1.3181,1,2.3281,-0.0833,2.2447,HOLDING
2021-06-21,1,CPT,MAA,115.4113,144.2755,1.0242,1.6435,1,2.4888,-0.0833,2.4055,HOLDING
2021-06-22,1,CPT,MAA,115.0193,143.035,1.0242,2.3968,1,2.7501,-0.0833,2.6667,HOLDING
2021-06-23,1,CPT,MAA,115.2835,142.976,1.0242,2.3506,1,2.8916,-0.0833,2.8083,HOLDING
2021-06-24,1,CPT,MAA,115.0193,143.1026,1.0242,1.5632,1,2.7261,-0.0833,2.6428,HOLDING
2021-06-25,1,CPT,MAA,115.2239,143.5751,1.0242,1.1784,1,2.6518,-0.0833,2.5684,HOLDING
2021-06-28,1,CPT,MAA,114.8489,143.5245,1.0242,0.639,1,2.4986,-0.0833,2.4152,HOLDING
2021-06-29,1,CPT,MAA,114.8489,143.322,1.0242,0.7986,1,2.5704,-0.0833,2.4871,HOLDING
2021-06-30,1,CPT,MAA,113.7514,142.1153,1.0242,0.5634,1,2.4976,-0.0833,2.4142,HOLDING
2021-07-01,1,CPT,MAA,114.4545,142.9675,1.0242,0.5275,1,2.5161,-0.0833,2.4328,HOLDING
2021-07-02,1,CPT,MAA,115.089,144.2502,1.0242,-0.2438,1,2.3506,-0.0833,2.2673,HOLDING
2021-07-06,1,CPT,MAA,117.3096,146.7985,1.0242,-0.1262,1,2.4602,-0.0833,2.3768,HOLDING
2021-07-07,1,CPT,MAA,117.7726,148.6042,1.0242,-1.8759,1,2.0307,-0.0833,1.9474,HOLDING
2021-07-08,1,CPT,MAA,119.033,149.9881,1.0242,-1.528,1,2.1151,-0.0833,2.0317,HOLDING
2021-07-09,1,CPT,MAA,121.0479,152.4773,1.0242,-1.4632,1,2.1516,-0.0833,2.0683,HOLDING
2021-07-12,1,CPT,MAA,121.8796,154.0047,1.0242,-1.8631,1,1.9893,-0.0833,1.906,HOLDING
2021-07-13,1,CPT,MAA,120.8164,152.4352,1.0242,-1.4364,1,2.0609,-0.0833,1.9775,HOLDING
2021-07-14,1,CPT,MAA,121.7339,154.7986,1.0242,-2.3241,1,1.641,-0.0833,1.5577,HOLDING
2021-07-15,1,CPT,MAA,122.6427,155.7745,1.0242,-1.8799,1,1.7096,-0.0833,1.6263,HOLDING
2021-07-16,1,CPT,MAA,123.483,156.759,1.0242,-1.5996,1,1.7439,-0.0833,1.6606,HOLDING
2021-07-19,1,CPT,MAA,122.5398,155.2908,1.0242,-1.2271,1,1.8343,-0.0833,1.751,HOLDING
2021-07-20,1,CPT,MAA,125.858,158.3798,1.0242,-0.4143,1,2.253,-0.0833,2.1697,HOLDING
2021-07-21,1,CPT,MAA,125.5236,157.6415,1.0242,-0.0986,1,2.3624,-0.0833,2.2791,HOLDING
2021-07-22,1,CPT,MAA,125.1378,157.2851,1.0242,-0.1047,1,2.3127,-0.0833,2.2294,HOLDING
2021-07-23,1,CPT,MAA,126.2352,159.203,1.0242,-0.5234,1,2.1332,-0.0833,2.0498,HOLDING
2021-07-26,1,CPT,MAA,125.455,158.5241,1.0242,-0.7074,1,2.0179,-0.0833,1.9345,HOLDING
2021-07-27,1,CPT,MAA,125.9008,159.7207,1.0242,-1.216,1,1.7968,-0.0833,1.7134,HOLDING
2021-07-28,1,CPT,MAA,125.2492,159.2794,1.0242,-1.4503,1,1.6558,-0.0833,1.5725,HOLDING
2021-07-29,1,CPT,MAA,127.5385,163.7941,1.0242,-2.5298,1,1.0989,-0.0833,1.0155,HOLDING
2021-07-30,1,CPT,MAA,128.0872,163.8705,1.0242,-1.8059,1,1.3223,-0.0833,1.239,HOLDING
2021-08-02,1,CPT,MAA,128.7131,165.6101,1.0242,-2.2091,1,0.9907,-0.0833,0.9073,HOLDING
2021-08-03,1,CPT,MAA,127.2127,162.4702,1.0242,-1.1212,1,1.4199,-0.0833,1.3366,HOLDING
2021-08-04,1,CPT,MAA,126.8868,161.4603,1.0242,-0.5491,1,1.6296,-0.0833,1.5462,HOLDING
2021-08-05,1,CPT,MAA,127.8128,162.4956,1.0242,-0.3887,1,1.6849,-0.0833,1.6016,HOLDING
2021-08-06,1,CPT,MAA,126.784,162.1477,1.0242,-1.0827,1,1.3387,-0.0833,1.2553,HOLDING
2021-08-09,1,CPT,MAA,125.232,161.0869,1.0242,-1.6166,1,0.0,0.8088,0.8088,PERIOD_END_EXIT
2021-02-09,2,CMS,LNT,48.5462,41.8654,0.8006,0.0,0,0.0,0.0,0.0,HOLD_CASH
2021-02-10,2,CMS,LNT,48.8465,42.1054,0.8006,0.0,0,0.0,0.0,0.0,HOLD_CASH
2021-02-11,2,CMS,LNT,48.5462,41.7539,0.8006,0.0,0,0.0,0.0,0.0,HOLD_CASH
2021-02-12,2,CMS,LNT,48.3746,41.3939,0.8006,0.0,0,0.0,0.0,0.0,HOLD_CASH
2021-02-16,2,CMS,LNT,47.5767,40.991,0.8006,0.0,0,0.0,0.0,0.0,HOLD_CASH
2021-02-17,2,CMS,LNT,47.9027,41.3425,0.8006,0.0,0,0.0,0.0,0.0,HOLD_CASH
2021-02-18,2,CMS,LNT,48.5805,41.6682,0.8006,0.0,0,0.0,0.0,0.0,HOLD_CASH
2021-02-19,2,CMS,LNT,48.0314,40.8282,0.8006,0.0,0,0.0,0.0,0.0,HOLD_CASH
2021-02-22,2,CMS,LNT,47.0018,40.3996,0.8006,0.0,0,0.0,0.0,0.0,HOLD_CASH
2021-02-23,2,CMS,LNT,47.7826,41.3425,0.8006,0.0,0,0.0,0.0,0.0,HOLD_CASH
2021-02-24,2,CMS,LNT,46.8216,40.7424,0.8006,0.0,0,0.0,0.0,0.0,HOLD_CASH
2021-02-25,2,CMS,LNT,47.242,40.6053,0.8006,0.0,0,0.0,0.0,0.0,HOLD_CASH
2021-02-26,2,CMS,LNT,46.4269,39.5681,0.8006,0.0,0,0.0,0.0,0.0,HOLD_CASH
2021-03-01,2,CMS,LNT,47.0361,40.3653,0.8006,0.0,0,0.0,0.0,0.0,HOLD_CASH
2021-03-02,2,CMS,LNT,47.0876,40.3824,0.8006,0.0,0,0.0,0.0,0.0,HOLD_CASH
2021-03-03,2,CMS,LNT,46.2296,40.211,0.8006,0.0,0,0.0,0.0,0.0,HOLD_CASH
2021-03-04,2,CMS,LNT,46.2553,40.4596,0.8006,0.0,0,0.0,0.0,0.0,HOLD_CASH
2021-03-05,2,CMS,LNT,47.508,41.4796,0.8006,0.0,0,0.0,0.0,0.0,HOLD_CASH
2021-03-08,2,CMS,LNT,48.1773,42.6111,0.8006,0.0,0,0.0,0.0,0.0,HOLD_CASH
2021-03-09,2,CMS,LNT,48.5033,42.7568,0.8006,-1.3642,0,0.0,0.0,0.0,HOLD_CASH
2021-03-10,2,CMS,LNT,48.9838,43.194,0.8006,-1.0647,0,0.0,0.0,0.0,HOLD_CASH
2021-03-11,2,CMS,LNT,48.7007,42.8511,0.8006,-0.9075,0,0.0,0.0,0.0,HOLD_CASH
2021-03-12,2,CMS,LNT,49.3699,43.8198,0.8006,-1.2213,0,0.0,0.0,0.0,HOLD_CASH
2021-03-15,2,CMS,LNT,50.1936,45.1741,0.8006,-1.7925,0,0.0,0.0,0.0,HOLD_CASH
2021-03-16,2,CMS,LNT,50.0906,45.1741,0.8006,-1.7253,0,0.0,0.0,0.0,HOLD_CASH
2021-03-17,2,CMS,LNT,49.653,44.3255,0.8006,-1.0231,0,0.0,0.0,0.0,HOLD_CASH
2021-03-18,2,CMS,LNT,49.7903,44.3855,0.8006,-0.7893,0,0.0,0.0,0.0,HOLD_CASH
2021-03-19,2,CMS,LNT,50.0649,44.3769,0.8006,-0.1472,0,0.0,0.0,0.0,HOLD_CASH
2021-03-22,2,CMS,LNT,50.1936,44.1541,0.8006,0.6371,0,0.0,0.0,0.0,HOLD_CASH
2021-03-23,2,CMS,LNT,51.9354,45.4913,0.8006,1.6784,0,0.0,0.0,0.0,HOLD_CASH
2021-03-24,2,CMS,LNT,52.2357,45.7056,0.8006,1.6586,0,0.0,0.0,0.0,HOLD_CASH
2021-03-25,2,CMS,LNT,52.4244,46.0742,0.8006,1.3364,0,0.0,0.0,0.0,HOLD_CASH
2021-03-26,2,CMS,LNT,52.2786,46.2628,0.8006,0.8021,0,0.0,0.0,0.0,HOLD_CASH
2021-03-29,2,CMS,LNT,53.128,46.8371,0.8006,1.3982,0,0.0,0.0,0.0,HOLD_CASH
2021-03-30,2,CMS,LNT,52.3558,46.4256,0.8006,0.687,0,0.0,0.0,0.0,HOLD_CASH
2021-03-31,2,CMS,LNT,52.5274,46.4256,0.8006,0.9371,0,0.0,0.0,0.0,HOLD_CASH
2021-04-01,2,CMS,LNT,52.3558,46.5971,0.8006,0.2603,0,0.0,0.0,0.0,HOLD_CASH
2021-04-05,2,CMS,LNT,52.7505,47.0085,0.8006,0.2851,0,0.0,0.0,0.0,HOLD_CASH
2021-04-06,2,CMS,LNT,52.9478,46.9914,0.8006,0.6227,0,0.0,0.0,0.0,HOLD_CASH
2021-04-07,2,CMS,LNT,52.4587,46.6228,0.8006,0.2701,0,0.0,0.0,0.0,HOLD_CASH
2021-04-08,2,CMS,LNT,51.9954,46.4171,0.8006,-0.2988,0,0.0,0.0,0.0,HOLD_CASH
2021-04-09,2,CMS,LNT,51.8753,46.2971,0.8006,-0.3313,0,0.0,0.0,0.0,HOLD_CASH
2021-04-12,2,CMS,LNT,52.1327,46.4685,0.8006,-0.1648,0,0.0,0.0,0.0,HOLD_CASH
2021-04-13,2,CMS,LNT,52.9049,46.7257,0.8006,0.8702,0,0.0,0.0,0.0,HOLD_CASH
2021-04-14,2,CMS,LNT,53.3511,47.0428,0.8006,1.196,0,0.0,0.0,0.0,HOLD_CASH
2021-04-15,2,CMS,LNT,54.3978,47.7286,0.8006,2.0356,-1,0.0,-0.0833,-0.0833,ENTER_SHORT_A
2021-04-16,2,CMS,LNT,54.9813,48.14,0.8006,2.2423,-1,-0.177,-0.0833,-0.2603,HOLDING
2021-04-19,2,CMS,LNT,55.0156,48.1657,0.8006,1.9653,-1,-0.1862,-0.0833,-0.2695,HOLDING
2021-04-20,2,CMS,LNT,56.0023,49.2201,0.8006,1.7426,-1,-0.2072,-0.0833,-0.2905,HOLDING
2021-04-21,2,CMS,LNT,55.539,48.9287,0.8006,1.2371,-1,-0.0392,-0.0833,-0.1226,HOLDING
2021-04-22,2,CMS,LNT,55.3502,48.7315,0.8006,1.1464,-1,-0.0317,-0.0833,-0.115,HOLDING
2021-04-23,2,CMS,LNT,55.0242,48.38,0.8006,1.0521,-1,-0.0271,-0.0833,-0.1105,HOLDING
2021-04-26,2,CMS,LNT,54.8697,48.2086,0.8006,0.9585,-1,-0.0288,-0.0833,-0.1122,HOLDING
2021-04-27,2,CMS,LNT,54.3292,47.5914,0.8006,0.9292,-1,-0.0481,-0.0833,-0.1314,HOLDING
2021-04-28,2,CMS,LNT,54.0975,47.4028,0.8006,0.7432,-1,0.0026,-0.0833,-0.0807,HOLDING
2021-04-29,2,CMS,LNT,54.8697,47.8199,0.8006,1.2943,-1,-0.3306,-0.0833,-0.4139,HOLDING
2021-04-30,2,CMS,LNT,55.2473,48.5021,0.8006,0.7866,-1,-0.1222,-0.0833,-0.2055,HOLDING
2021-05-03,2,CMS,LNT,55.7964,48.5021,0.8006,1.5503,-1,-0.5894,-0.0833,-0.6727,HOLDING
2021-05-04,2,CMS,LNT,55.9423,48.8215,0.8006,1.1732,-1,-0.4655,-0.0833,-0.5488,HOLDING
2021-05-05,2,CMS,LNT,55.0843,48.0185,0.8006,0.8824,-1,-0.3589,-0.0833,-0.4422,HOLDING
2021-05-06,2,CMS,LNT,55.6587,48.8475,0.8006,0.49,-1,-0.2041,-0.0833,-0.2875,HOLDING
2021-05-07,2,CMS,LNT,55.2786,48.9942,0.8006,-0.7521,-1,0.2332,-0.0833,0.1499,HOLDING
2021-05-10,2,CMS,LNT,56.0734,50.0391,0.8006,-1.522,-1,0.3682,-0.0833,0.2848,HOLDING
2021-05-11,2,CMS,LNT,54.8812,49.1928,0.8006,-2.5708,-1,0.7255,-0.0833,0.6421,HOLDING
2021-05-12,2,CMS,LNT,53.9569,48.1912,0.8006,-2.3048,-1,0.7343,-0.0833,0.651,HOLDING
2021-05-13,2,CMS,LNT,54.8812,49.1151,0.8006,-1.7814,-1,0.6652,-0.0833,0.5818,HOLDING
2021-05-14,2,CMS,LNT,54.8553,49.0115,0.8006,-1.4421,-1,0.6067,-0.0833,0.5234,HOLDING
2021-05-17,2,CMS,LNT,54.4061,48.7697,0.8006,-1.6874,-1,0.8012,-0.0833,0.7179,HOLDING
2021-05-18,2,CMS,LNT,54.6825,49.7368,0.8006,-2.2883,-1,1.3168,-0.0833,1.2335,HOLDING
2021-05-19,2,CMS,LNT,54.6134,49.8232,0.8006,-2.0902,-1,1.4427,-0.0833,1.3593,HOLDING
2021-05-20,2,CMS,LNT,55.0627,49.875,0.8006,-1.3276,-1,1.1007,-0.0833,1.0174,HOLDING
2021-05-21,2,CMS,LNT,55.4168,50.1772,0.8006,-1.0887,-1,1.034,-0.0833,0.9506,HOLDING
2021-05-24,2,CMS,LNT,55.0886,50.134,0.8006,-1.3289,-1,1.2797,-0.0833,1.1964,HOLDING
2021-05-25,2,CMS,LNT,54.6394,49.7368,0.8006,-1.3063,-1,1.3536,-0.0833,1.2702,HOLDING
2021-05-26,2,CMS,LNT,54.3802,49.6591,0.8006,-1.3818,-1,1.5137,-0.0833,1.4304,HOLDING
2021-05-27,2,CMS,LNT,53.8187,49.0029,0.8006,-1.2352,-1,1.482,-0.0833,1.3987,HOLDING
2021-05-28,2,CMS,LNT,54.1988,49.3483,0.8006,-1.0316,-1,1.4267,-0.0833,1.3434,HOLDING
2021-06-01,2,CMS,LNT,53.8273,49.2101,0.8006,-1.2652,-1,1.6355,-0.0833,1.5522,HOLDING
2021-06-02,2,CMS,LNT,53.9224,49.7368,0.8006,-1.6421,-1,1.9636,-0.0833,1.8803,HOLDING
2021-06-03,2,CMS,LNT,54.1383,50.1945,0.8006,-1.779,-1,2.1351,-0.0833,2.0518,HOLDING
2021-06-04,2,CMS,LNT,54.0951,50.1772,0.8006,-1.7254,-1,2.1585,-0.0833,2.0751,HOLDING
2021-06-07,2,CMS,LNT,54.2506,50.1686,0.8006,-1.3596,-1,2.0195,-0.0833,1.9361,HOLDING
2021-06-08,2,CMS,LNT,52.1169,49.7282,0.8006,-3.0468,-1,3.493,-0.0833,3.4096,HOLDING
2021-06-09,2,CMS,LNT,51.7713,50.3413,0.8006,-2.9211,-1,4.2629,-0.0833,4.1795,HOLDING
2021-06-10,2,CMS,LNT,52.0391,50.5485,0.8006,-2.2821,-1,4.1959,-0.0833,4.1126,HOLDING
2021-06-11,2,CMS,LNT,52.4106,50.5831,0.8006,-1.7357,-1,3.9067,-0.0833,3.8234,HOLDING
2021-06-14,2,CMS,LNT,52.091,50.5744,0.8006,-1.7348,-1,4.1719,-0.0833,4.0886,HOLDING
2021-06-15,2,CMS,LNT,52.2637,50.7299,0.8006,-1.5114,-1,4.1456,-0.0833,4.0623,HOLDING
2021-06-16,2,CMS,LNT,51.5467,49.7109,0.8006,-1.2709,-1,3.9646,-0.0833,3.8813,HOLDING
2021-06-17,2,CMS,LNT,51.4085,50.1858,0.8006,-1.4622,-1,4.4509,-0.0833,4.3676,HOLDING
2021-06-18,2,CMS,LNT,50.2077,48.6402,0.8006,-1.2725,-1,4.2726,-0.0833,4.1893,HOLDING
2021-06-21,2,CMS,LNT,50.5619,49.5037,0.8006,-1.3717,-1,4.6416,-0.0833,4.5583,HOLDING
2021-06-22,2,CMS,LNT,50.631,49.4174,0.8006,-1.1574,-1,4.5158,-0.0833,4.4325,HOLDING
2021-06-23,2,CMS,LNT,50.5706,49.0029,0.8006,-0.8737,-1,4.2455,-0.0833,4.1621,HOLDING
2021-06-24,2,CMS,LNT,51.0543,48.7179,0.8006,-0.2871,-1,3.6127,-0.0833,3.5293,HOLDING
2021-06-25,2,CMS,LNT,51.9441,49.331,0.8006,0.0739,-1,3.3316,-0.0833,3.2483,HOLDING
2021-06-28,2,CMS,LNT,51.8405,49.3137,0.8006,0.1033,-1,3.4064,-0.0833,3.323,HOLDING
2021-06-29,2,CMS,LNT,50.8384,48.1308,0.8006,0.2107,-1,3.3406,-0.0833,3.2572,HOLDING
2021-06-30,2,CMS,LNT,51.0371,48.148,0.8006,0.5154,-1,3.1849,-0.0833,3.1016,HOLDING
2021-07-01,2,CMS,LNT,51.8923,48.5884,0.8006,1.1705,-1,2.7992,-0.0833,2.7159,HOLDING
2021-07-02,2,CMS,LNT,51.7541,48.7179,0.8006,1.0549,-1,3.0173,-0.0833,2.934,HOLDING
2021-07-06,2,CMS,LNT,51.6677,48.692,0.8006,1.2865,-1,3.0707,-0.0833,2.9874,HOLDING
2021-07-07,2,CMS,LNT,51.9614,49.072,0.8006,1.1743,-1,3.1158,-0.0833,3.0325,HOLDING
2021-07-08,2,CMS,LNT,52.065,49.0806,0.8006,1.189,-1,3.0343,-0.0833,2.951,HOLDING
2021-07-09,2,CMS,LNT,52.0996,49.0115,0.8006,1.1943,-1,2.9513,-0.0833,2.8679,HOLDING
2021-07-12,2,CMS,LNT,52.1428,49.1669,0.8006,0.9732,-1,3.0352,-0.0833,2.9519,HOLDING
2021-07-13,2,CMS,LNT,51.8318,48.8129,0.8006,0.8682,-1,3.0249,-0.0833,2.9416,HOLDING
2021-07-14,2,CMS,LNT,52.2465,49.4174,0.8006,0.6567,-1,3.1414,-0.0833,3.0581,HOLDING
2021-07-15,2,CMS,LNT,53.1362,49.9182,0.8006,1.1787,-1,2.7732,-0.0833,2.6899,HOLDING
2021-07-16,2,CMS,LNT,53.5682,50.5572,0.8006,0.9404,-1,2.9018,-0.0833,2.8184,HOLDING
2021-07-19,2,CMS,LNT,53.0844,50.1254,0.8006,0.698,-1,2.9781,-0.0833,2.8948,HOLDING
2021-07-20,2,CMS,LNT,53.5077,50.3499,0.8006,1.0328,-1,2.7923,-0.0833,2.709,HOLDING
2021-07-21,2,CMS,LNT,52.7302,49.5814,0.8006,0.8225,-1,2.8572,-0.0833,2.7738,HOLDING
2021-07-22,2,CMS,LNT,52.8944,49.7023,0.8006,1.1033,-1,2.8114,-0.0833,2.7281,HOLDING
2021-07-23,2,CMS,LNT,53.6286,50.609,0.8006,0.9549,-1,2.8905,-0.0833,2.8072,HOLDING
2021-07-26,2,CMS,LNT,53.5423,50.6003,0.8006,0.5681,-1,2.9573,-0.0833,2.874,HOLDING
2021-07-27,2,CMS,LNT,54.6134,51.5761,0.8006,1.4874,-1,2.8034,-0.0833,2.7201,HOLDING
2021-07-28,2,CMS,LNT,53.7841,51.2652,0.8006,-1.2345,-1,3.2677,-0.0833,3.1844,HOLDING
2021-07-29,2,CMS,LNT,53.8619,51.207,0.8006,-0.7113,-1,3.1563,-0.0833,3.073,HOLDING
2021-07-30,2,CMS,LNT,53.3781,50.8853,0.8006,-1.658,-1,3.3182,-0.0833,3.2348,HOLDING
2021-08-02,2,CMS,LNT,54.1297,51.4243,0.8006,-0.1249,-1,3.0972,-0.0833,3.0139,HOLDING
2021-08-03,2,CMS,LNT,54.6307,52.1459,0.8006,-0.6948,-1,3.2311,-0.0833,3.1478,HOLDING
2021-08-04,2,CMS,LNT,54.648,52.1024,0.8006,-0.4616,-1,3.1827,-0.0833,3.0994,HOLDING
2021-08-05,2,CMS,LNT,54.9829,52.5719,0.8006,-0.7661,-1,3.2622,-0.0833,3.1789,HOLDING
2021-08-06,2,CMS,LNT,55.0351,52.8588,0.8006,-1.5639,-1,3.4405,-0.0833,3.3572,HOLDING
2021-08-09,2,CMS,LNT,55.0264,52.7632,0.8006,-1.1395,-1,0.0,3.2026,3.2026,PERIOD_END_EXIT
2021-02-09,3,ESS,UDR,217.515,33.9662,1.0447,0.0,0,0.0,0.0,0.0,HOLD_CASH
2021-02-10,3,ESS,UDR,224.5271,34.4282,1.0447,0.0,0,0.0,0.0,0.0,HOLD_CASH
2021-02-11,3,ESS,UDR,227.8067,35.74,1.0447,0.0,0,0.0,0.0,0.0,HOLD_CASH
2021-02-12,3,ESS,UDR,225.9194,35.2368,1.0447,0.0,0,0.0,0.0,0.0,HOLD_CASH
2021-02-16,3,ESS,UDR,224.9045,35.0635,1.0447,0.0,0,0.0,0.0,0.0,HOLD_CASH
2021-02-17,3,ESS,UDR,223.7554,34.8985,1.0447,0.0,0,0.0,0.0,0.0,HOLD_CASH
2021-02-18,3,ESS,UDR,222.0276,34.618,1.0447,0.0,0,0.0,0.0,0.0,HOLD_CASH
2021-02-19,3,ESS,UDR,221.3398,34.8325,1.0447,0.0,0,0.0,0.0,0.0,HOLD_CASH
2021-02-22,3,ESS,UDR,221.5327,35.014,1.0447,0.0,0,0.0,0.0,0.0,HOLD_CASH
2021-02-23,3,ESS,UDR,225.7685,35.872,1.0447,0.0,0,0.0,0.0,0.0,HOLD_CASH
2021-02-24,3,ESS,UDR,226.5737,35.8308,1.0447,0.0,0,0.0,0.0,0.0,HOLD_CASH
2021-02-25,3,ESS,UDR,218.9578,34.9645,1.0447,0.0,0,0.0,0.0,0.0,HOLD_CASH
2021-02-26,3,ESS,UDR,213.7071,33.9662,1.0447,0.0,0,0.0,0.0,0.0,HOLD_CASH
2021-03-01,3,ESS,UDR,218.0519,34.7253,1.0447,0.0,0,0.0,0.0,0.0,HOLD_CASH
2021-03-02,3,ESS,UDR,219.5616,34.7417,1.0447,0.0,0,0.0,0.0,0.0,HOLD_CASH
2021-03-03,3,ESS,UDR,224.1664,35.2203,1.0447,0.0,0,0.0,0.0,0.0,HOLD_CASH
2021-03-04,3,ESS,UDR,219.9391,34.9315,1.0447,0.0,0,0.0,0.0,0.0,HOLD_CASH
2021-03-05,3,ESS,UDR,222.1786,35.1048,1.0447,0.0,0,0.0,0.0,0.0,HOLD_CASH
2021-03-08,3,ESS,UDR,228.5699,35.8473,1.0447,0.0,0,0.0,0.0,0.0,HOLD_CASH
2021-03-09,3,ESS,UDR,228.9222,35.41,1.0447,1.4828,0,0.0,0.0,0.0,HOLD_CASH
2021-03-10,3,ESS,UDR,228.7041,35.7565,1.0447,0.45,0,0.0,0.0,0.0,HOLD_CASH
2021-03-11,3,ESS,UDR,232.4282,35.971,1.0447,1.6459,0,0.0,0.0,0.0,HOLD_CASH
2021-03-12,3,ESS,UDR,241.4281,37.2498,1.0447,1.6019,0,0.0,0.0,0.0,HOLD_CASH
2021-03-15,3,ESS,UDR,246.3935,37.6211,1.0447,2.1909,-1,0.0,-0.0833,-0.0833,ENTER_SHORT_A
2021-03-16,3,ESS,UDR,240.3041,36.8951,1.0447,1.6138,-1,0.1856,-0.0833,0.1022,HOLDING
2021-03-17,3,ESS,UDR,239.9518,37.2911,1.0447,0.5754,-1,0.692,-0.0833,0.6087,HOLDING
2021-03-18,3,ESS,UDR,239.8847,37.1261,1.0447,0.902,-1,0.5164,-0.0833,0.4331,HOLDING
2021-03-19,3,ESS,UDR,230.9436,35.7565,1.0447,0.9231,-1,0.4454,-0.0833,0.362,HOLDING
2021-03-22,3,ESS,UDR,231.4804,35.9133,1.0447,0.6757,-1,0.534,-0.0833,0.4506,HOLDING
2021-03-23,3,ESS,UDR,231.6733,36.0535,1.0447,0.3525,-1,0.6608,-0.0833,0.5775,HOLDING
2021-03-24,3,ESS,UDR,231.7404,35.8885,1.0447,0.6913,-1,0.4629,-0.0833,0.3796,HOLDING
2021-03-25,3,ESS,UDR,233.0657,36.5486,1.0447,-0.5234,-1,0.9907,-0.0833,0.9074,HOLDING
2021-03-26,3,ESS,UDR,238.484,36.9281,1.0447,0.5022,-1,0.524,-0.0833,0.4407,HOLDING
2021-03-29,3,ESS,UDR,233.8625,36.6393,1.0447,-0.7139,-1,0.9616,-0.0833,0.8783,HOLDING
2021-03-30,3,ESS,UDR,235.0371,36.6311,1.0447,-0.2454,-1,0.758,-0.0833,0.6747,HOLDING
2021-03-31,3,ESS,UDR,229.7299,36.1855,1.0447,-1.3198,-1,1.1316,-0.0833,1.0483,HOLDING
2021-04-01,3,ESS,UDR,233.6596,36.5981,1.0447,-0.9192,-1,0.9485,-0.0833,0.8652,HOLDING
2021-04-05,3,ESS,UDR,233.0765,36.1443,1.0447,0.286,-1,0.5314,-0.0833,0.4481,HOLDING
2021-04-06,3,ESS,UDR,233.1272,36.3423,1.0447,-0.5009,-1,0.7471,-0.0833,0.6638,HOLDING
2021-04-07,3,ESS,UDR,239.0175,36.8126,1.0447,1.0563,-1,0.305,-0.0833,0.2217,HOLDING
2021-04-08,3,ESS,UDR,237.9612,36.5738,1.0447,1.2365,-1,0.2096,-0.0833,0.1262,HOLDING
2021-04-09,3,ESS,UDR,239.44,36.6487,1.0447,1.5903,-1,0.0497,-0.0833,-0.0336,HOLDING
2021-04-12,3,ESS,UDR,239.7697,36.7319,1.0447,1.3557,-1,0.0893,-0.0833,0.006,HOLDING
2021-04-13,3,ESS,UDR,242.0515,36.9398,1.0447,1.7453,-1,-0.0528,-0.0833,-0.1361,HOLDING
2021-04-14,3,ESS,UDR,237.8175,36.7485,1.0447,0.3706,-1,0.431,-0.0833,0.3477,HOLDING
2021-04-15,3,ESS,UDR,244.367,37.3224,1.0447,1.4857,-1,-0.0028,-0.0833,-0.0861,HOLDING
2021-04-16,3,ESS,UDR,244.6458,37.4472,1.0447,1.1208,-1,0.0923,-0.0833,0.009,HOLDING
2021-04-19,3,ESS,UDR,245.5585,37.5387,1.0447,1.1471,-1,0.0449,-0.0833,-0.0384,HOLDING
2021-04-20,3,ESS,UDR,249.1924,38.1127,1.0447,0.9418,-1,0.0934,-0.0833,0.01,HOLDING
2021-04-21,3,ESS,UDR,251.001,38.6034,1.0447,0.2735,-1,0.3496,-0.0833,0.2663,HOLDING
2021-04-22,3,ESS,UDR,248.7615,38.3871,1.0447,-0.0471,-1,0.4753,-0.0833,0.392,HOLDING
2021-04-23,3,ESS,UDR,251.2798,38.9112,1.0447,-0.5477,-1,0.6518,-0.0833,0.5685,HOLDING
2021-04-26,3,ESS,UDR,250.8911,38.9361,1.0447,-0.7534,-1,0.7444,-0.0833,0.661,HOLDING
2021-04-27,3,ESS,UDR,251.0263,38.9278,1.0447,-0.7477,-1,0.7126,-0.0833,0.6293,HOLDING
2021-04-28,3,ESS,UDR,242.5162,38.096,1.0447,-1.8789,-1,1.1788,-0.0833,1.0955,HOLDING
2021-04-29,3,ESS,UDR,241.8402,38.2707,1.0447,-2.4214,-1,1.4884,-0.0833,1.405,HOLDING
2021-04-30,3,ESS,UDR,245.5163,38.6367,1.0447,-1.7964,-1,1.2945,-0.0833,1.2112,HOLDING
2021-05-03,3,ESS,UDR,242.3811,38.3622,1.0447,-1.9426,-1,1.5024,-0.0833,1.4191,HOLDING
2021-05-04,3,ESS,UDR,239.719,37.9047,1.0447,-1.6344,-1,1.425,-0.0833,1.3417,HOLDING
2021-05-05,3,ESS,UDR,237.3865,37.4389,1.0447,-1.255,-1,1.2837,-0.0833,1.2003,HOLDING
2021-05-06,3,ESS,UDR,241.0965,38.1626,1.0447,-1.4022,-1,1.489,-0.0833,1.4057,HOLDING
2021-05-07,3,ESS,UDR,244.1303,38.5036,1.0447,-1.0678,-1,1.3731,-0.0833,1.2898,HOLDING
2021-05-10,3,ESS,UDR,246.2261,38.8114,1.0447,-0.9525,-1,1.3748,-0.0833,1.2915,HOLDING
2021-05-11,3,ESS,UDR,245.5247,38.3622,1.0447,-0.2322,-1,0.9824,-0.0833,0.8991,HOLDING
2021-05-12,3,ESS,UDR,237.6991,37.2975,1.0447,-0.3976,-1,1.0719,-0.0833,0.9886,HOLDING
2021-05-13,3,ESS,UDR,243.3022,38.1542,1.0447,-0.3526,-1,1.1147,-0.0833,1.0314,HOLDING
2021-05-14,3,ESS,UDR,243.6994,38.5868,1.0447,-1.0772,-1,1.5386,-0.0833,1.4552,HOLDING
2021-05-17,3,ESS,UDR,243.4966,38.5951,1.0447,-1.1022,-1,1.5815,-0.0833,1.4982,HOLDING
2021-05-18,3,ESS,UDR,245.7952,38.4537,1.0447,0.2611,-1,1.0413,-0.0833,0.9579,HOLDING
2021-05-19,3,ESS,UDR,241.1218,38.0877,1.0447,-0.6726,-1,1.4001,-0.0833,1.3168,HOLDING
2021-05-20,3,ESS,UDR,243.8176,38.645,1.0447,-1.1226,-1,1.5849,-0.0833,1.5016,HOLDING
2021-05-21,3,ESS,UDR,243.4881,38.5701,1.0447,-0.9719,-1,1.5547,-0.0833,1.4713,HOLDING
2021-05-24,3,ESS,UDR,247.0713,39.0692,1.0447,-0.7335,-1,1.5268,-0.0833,1.4435,HOLDING
2021-05-25,3,ESS,UDR,247.4853,39.1358,1.0447,-0.7312,-1,1.5336,-0.0833,1.4503,HOLDING
2021-05-26,3,ESS,UDR,247.646,39.1441,1.0447,-0.5688,-1,1.5165,-0.0833,1.4331,HOLDING
2021-05-27,3,ESS,UDR,246.3445,39.0775,1.0447,-1.2526,-1,1.6564,-0.0833,1.5731,HOLDING
2021-05-28,3,ESS,UDR,249.5474,39.6182,1.0447,-1.3839,-1,1.7386,-0.0833,1.6552,HOLDING
2021-06-01,3,ESS,UDR,255.1757,40.5415,1.0447,-1.5677,-1,1.8525,-0.0833,1.7692,HOLDING
2021-06-02,3,ESS,UDR,260.4323,41.1321,1.0447,-0.5435,-1,1.6514,-0.0833,1.5681,HOLDING
2021-06-03,3,ESS,UDR,260.1364,40.7993,1.0447,0.8066,-1,1.3238,-0.0833,1.2405,HOLDING
2021-06-04,3,ESS,UDR,257.8969,40.7827,1.0447,-0.6891,-1,1.6754,-0.0833,1.592,HOLDING
2021-06-07,3,ESS,UDR,262.5026,41.0738,1.0447,1.1087,-1,1.2431,-0.0833,1.1597,HOLDING
2021-06-08,3,ESS,UDR,263.7281,41.2402,1.0447,1.1022,-1,1.2286,-0.0833,1.1453,HOLDING
2021-06-09,3,ESS,UDR,262.0126,41.315,1.0447,-0.2585,-1,1.5971,-0.0833,1.5138,HOLDING
2021-06-10,3,ESS,UDR,265.3929,41.7476,1.0447,0.1917,-1,1.5275,-0.0833,1.4441,HOLDING
2021-06-11,3,ESS,UDR,265.452,41.8308,1.0447,-0.101,-1,1.6119,-0.0833,1.5285,HOLDING
2021-06-14,3,ESS,UDR,266.5421,41.6894,1.0447,1.3983,-1,1.2715,-0.0833,1.1882,HOLDING
2021-06-15,3,ESS,UDR,262.8829,41.2651,1.0447,0.6762,-1,1.3967,-0.0833,1.3133,HOLDING
2021-06-16,3,ESS,UDR,261.1505,40.9324,1.0447,1.2078,-1,1.3067,-0.0833,1.2233,HOLDING
2021-06-17,3,ESS,UDR,260.8378,40.9324,1.0447,0.8802,-1,1.3584,-0.0833,1.275,HOLDING
2021-06-18,3,ESS,UDR,254.5165,40.1173,1.0447,0.0588,-1,1.4814,-0.0833,1.3981,HOLDING
2021-06-21,3,ESS,UDR,260.4323,41.2152,1.0447,-1.0737,-1,1.7455,-0.0833,1.6622,HOLDING
2021-06-22,3,ESS,UDR,258.573,41.1404,1.0447,-1.9181,-1,1.9683,-0.0833,1.885,HOLDING
2021-06-23,3,ESS,UDR,259.7308,41.2402,1.0447,-1.3936,-1,1.8898,-0.0833,1.8065,HOLDING
2021-06-24,3,ESS,UDR,258.7927,41.2651,1.0447,-1.8719,-1,2.0732,-0.0833,1.9899,HOLDING
2021-06-25,3,ESS,UDR,259.7392,41.4731,1.0447,-1.8708,-1,2.152,-0.0833,2.0687,HOLDING
2021-06-28,3,ESS,UDR,258.3026,41.4065,1.0447,-2.0915,-1,2.3143,-0.0833,2.231,HOLDING
2021-06-29,3,ESS,UDR,257.0858,41.1487,1.0447,-1.6768,-1,2.2238,-0.0833,2.1404,HOLDING
2021-06-30,3,ESS,UDR,255.2818,40.7411,1.0447,-1.1485,-1,2.0609,-0.0833,1.9775,HOLDING
2021-07-01,3,ESS,UDR,258.6174,41.2485,1.0447,-1.0327,-1,2.0834,-0.0833,2.0001,HOLDING
2021-07-02,3,ESS,UDR,260.2597,41.3566,1.0447,-0.5629,-1,1.9341,-0.0833,1.8508,HOLDING
2021-07-06,3,ESS,UDR,262.7698,41.8973,1.0447,-0.9416,-1,2.1308,-0.0833,2.0475,HOLDING
2021-07-07,3,ESS,UDR,266.2331,42.4047,1.0447,-0.7977,-1,2.1322,-0.0833,2.0489,HOLDING
2021-07-08,3,ESS,UDR,267.7392,42.5378,1.0447,-0.4396,-1,2.0337,-0.0833,1.9504,HOLDING
2021-07-09,3,ESS,UDR,272.4958,43.5288,1.0447,-1.148,-1,2.3685,-0.0833,2.2852,HOLDING
2021-07-12,3,ESS,UDR,275.8058,43.7969,1.0447,-0.3686,-1,2.1244,-0.0833,2.0411,HOLDING
2021-07-13,3,ESS,UDR,272.7425,43.4785,1.0447,-0.7605,-1,2.2708,-0.0833,2.1875,HOLDING
2021-07-14,3,ESS,UDR,276.9716,43.8304,1.0447,0.337,-1,1.9695,-0.0833,1.8862,HOLDING
2021-07-15,3,ESS,UDR,278.231,44.2074,1.0447,-0.259,-1,2.1878,-0.0833,2.1045,HOLDING
2021-07-16,3,ESS,UDR,279.3796,44.6095,1.0447,-1.2925,-1,2.4529,-0.0833,2.3696,HOLDING
2021-07-19,3,ESS,UDR,274.5975,44.1571,1.0447,-2.6035,-1,2.732,-0.0833,2.6486,HOLDING
2021-07-20,3,ESS,UDR,281.4218,45.3802,1.0447,-2.7671,-1,2.9874,-0.0833,2.9041,HOLDING
2021-07-21,3,ESS,UDR,281.2516,45.531,1.0447,-2.6619,-1,3.1862,-0.0833,3.1029,HOLDING
2021-07-22,3,ESS,UDR,278.6819,45.5226,1.0447,-2.8932,-1,3.6018,-0.0833,3.5184,HOLDING
2021-07-23,3,ESS,UDR,282.4259,46.0169,1.0447,-2.1593,-1,3.5419,-0.0833,3.4585,HOLDING
2021-07-26,3,ESS,UDR,281.7537,46.1342,1.0447,-2.1792,-1,3.7858,-0.0833,3.7024,HOLDING
2021-07-27,3,ESS,UDR,282.3322,46.2515,1.0447,-1.8935,-1,3.8228,-0.0833,3.7395,HOLDING
2021-07-28,3,ESS,UDR,281.7707,46.1426,1.0447,-1.6189,-1,3.7925,-0.0833,3.7091,HOLDING
2021-07-29,3,ESS,UDR,281.3112,46.5698,1.0447,-2.0425,-1,4.352,-0.0833,4.2687,HOLDING
2021-07-30,3,ESS,UDR,279.184,46.0672,1.0447,-1.5744,-1,4.135,-0.0833,4.0517,HOLDING
2021-08-02,3,ESS,UDR,279.3541,46.0672,1.0447,-1.375,-1,4.1069,-0.0833,4.0235,HOLDING
2021-08-03,3,ESS,UDR,278.8265,46.1845,1.0447,-1.4655,-1,4.3269,-0.0833,4.2435,HOLDING
2021-08-04,3,ESS,UDR,275.6867,45.9583,1.0447,-1.61,-1,4.5902,-0.0833,4.5069,HOLDING
2021-08-05,3,ESS,UDR,277.0651,46.3017,1.0447,-1.5727,-1,4.7509,-0.0833,4.6676,HOLDING
2021-08-06,3,ESS,UDR,278.1288,45.975,1.0447,-0.8673,-1,4.2052,-0.0833,4.1219,HOLDING
2021-08-09,3,ESS,UDR,273.5509,45.7404,1.0447,-1.3542,-1,0.0,4.5166,4.5166,PERIOD_END_EXIT
2021-02-09,4,MDLZ,PEP,48.9391,118.5907,1.0608,0.0,0,0.0,0.0,0.0,HOLD_CASH
2021-02-10,4,MDLZ,PEP,48.7186,116.9767,1.0608,0.0,0,0.0,0.0,0.0,HOLD_CASH
2021-02-11,4,MDLZ,PEP,49.0978,114.6575,1.0608,0.0,0,0.0,0.0,0.0,HOLD_CASH
2021-02-12,4,MDLZ,PEP,48.6657,113.723,1.0608,0.0,0,0.0,0.0,0.0,HOLD_CASH
2021-02-16,4,MDLZ,PEP,48.3924,114.1563,1.0608,0.0,0,0.0,0.0,0.0,HOLD_CASH
2021-02-17,4,MDLZ,PEP,48.4276,114.2242,1.0608,0.0,0,0.0,0.0,0.0,HOLD_CASH
2021-02-18,4,MDLZ,PEP,49.4946,114.9973,1.0608,0.0,0,0.0,0.0,0.0,HOLD_CASH
2021-02-19,4,MDLZ,PEP,47.8897,112.5677,1.0608,0.0,0,0.0,0.0,0.0,HOLD_CASH
2021-02-22,4,MDLZ,PEP,47.8985,112.126,1.0608,0.0,0,0.0,0.0,0.0,HOLD_CASH
2021-02-23,4,MDLZ,PEP,48.3218,112.7971,1.0608,0.0,0,0.0,0.0,0.0,HOLD_CASH
2021-02-24,4,MDLZ,PEP,47.9074,112.2109,1.0608,0.0,0,0.0,0.0,0.0,HOLD_CASH
2021-02-25,4,MDLZ,PEP,47.6517,110.4354,1.0608,0.0,0,0.0,0.0,0.0,HOLD_CASH
2021-02-26,4,MDLZ,PEP,46.8757,109.7474,1.0608,0.0,0,0.0,0.0,0.0,HOLD_CASH
2021-03-01,4,MDLZ,PEP,47.3166,110.9621,1.0608,0.0,0,0.0,0.0,0.0,HOLD_CASH
2021-03-02,4,MDLZ,PEP,47.3342,111.3445,1.0608,0.0,0,0.0,0.0,0.0,HOLD_CASH
2021-03-03,4,MDLZ,PEP,46.6817,109.7049,1.0608,0.0,0,0.0,0.0,0.0,HOLD_CASH
2021-03-04,4,MDLZ,PEP,47.5811,110.3154,1.0608,0.0,0,0.0,0.0,0.0,HOLD_CASH
2021-03-05,4,MDLZ,PEP,49.0096,113.9118,1.0608,0.0,0,0.0,0.0,0.0,HOLD_CASH
2021-03-08,4,MDLZ,PEP,48.6304,113.1412,1.0608,0.0,0,0.0,0.0,0.0,HOLD_CASH
2021-03-09,4,MDLZ,PEP,49.0449,113.2439,1.0608,1.2254,0,0.0,0.0,0.0,HOLD_CASH
2021-03-10,4,MDLZ,PEP,49.5475,114.3828,1.0608,1.297,0,0.0,0.0,0.0,HOLD_CASH
2021-03-11,4,MDLZ,PEP,49.618,114.0745,1.0608,1.9431,0,0.0,0.0,0.0,HOLD_CASH
2021-03-12,4,MDLZ,PEP,50.1471,113.9204,1.0608,2.66,-1,0.0,-0.0833,-0.0833,ENTER_SHORT_A
2021-03-15,4,MDLZ,PEP,50.4645,113.9118,1.0608,2.5418,-1,-0.2592,-0.0833,-0.3425,HOLDING
2021-03-16,4,MDLZ,PEP,50.9495,114.751,1.0608,2.2284,-1,-0.3343,-0.0833,-0.4176,HOLDING
2021-03-17,4,MDLZ,PEP,51.073,114.417,1.0608,2.2053,-1,-0.5596,-0.0833,-0.6429,HOLDING
2021-03-18,4,MDLZ,PEP,51.0642,113.4837,1.0608,2.2463,-1,-0.9039,-0.0833,-0.9873,HOLDING
2021-03-19,4,MDLZ,PEP,51.2317,115.1705,1.0608,1.3573,-1,-0.4039,-0.0833,-0.4872,HOLDING
2021-03-22,4,MDLZ,PEP,51.8842,117.9963,1.0608,0.5389,-1,0.134,-0.0833,0.0506,HOLDING
2021-03-23,4,MDLZ,PEP,51.6726,119.4177,1.0608,-0.4661,-1,0.8399,-0.0833,0.7565,HOLDING
2021-03-24,4,MDLZ,PEP,51.1964,118.8612,1.0608,-0.7472,-1,1.0143,-0.0833,0.9309,HOLDING
2021-03-25,4,MDLZ,PEP,51.6373,119.5633,1.0608,-0.5923,-1,0.9231,-0.0833,0.8398,HOLDING
2021-03-26,4,MDLZ,PEP,52.4133,122.1921,1.0608,-1.0643,-1,1.2873,-0.0833,1.2039,HOLDING
2021-03-29,4,MDLZ,PEP,53.0658,123.9989,1.0608,-1.2304,-1,1.4414,-0.0833,1.3581,HOLDING
2021-03-30,4,MDLZ,PEP,52.104,122.0551,1.0608,-1.3086,-1,1.4851,-0.0833,1.4017,HOLDING
2021-03-31,4,MDLZ,PEP,51.8824,121.1218,1.0608,-1.0865,-1,1.3123,-0.0833,1.229,HOLDING
2021-04-01,4,MDLZ,PEP,51.8027,120.9762,1.0608,-1.0358,-1,1.3218,-0.0833,1.2385,HOLDING
2021-04-05,4,MDLZ,PEP,52.1395,122.586,1.0608,-1.3564,-1,1.6564,-0.0833,1.573,HOLDING
2021-04-06,4,MDLZ,PEP,52.3788,123.0227,1.0608,-1.2279,-1,1.6278,-0.0833,1.5445,HOLDING
2021-04-07,4,MDLZ,PEP,52.4675,122.8001,1.0608,-0.9646,-1,1.4725,-0.0833,1.3892,HOLDING
2021-04-08,4,MDLZ,PEP,52.2813,122.0551,1.0608,-0.7653,-1,1.3421,-0.0833,1.2588,HOLDING
2021-04-09,4,MDLZ,PEP,52.1661,122.0808,1.0608,-0.8178,-1,1.4447,-0.0833,1.3614,HOLDING
2021-04-12,4,MDLZ,PEP,51.9533,122.4661,1.0608,-1.0692,-1,1.7613,-0.0833,1.678,HOLDING
2021-04-13,4,MDLZ,PEP,52.0243,122.4918,1.0608,-0.9199,-1,1.7138,-0.0833,1.6305,HOLDING
2021-04-14,4,MDLZ,PEP,51.6963,121.6869,1.0608,-0.8049,-1,1.6752,-0.0833,1.5919,HOLDING
2021-04-15,4,MDLZ,PEP,52.042,121.8582,1.0608,-0.4597,-1,1.4609,-0.0833,1.3776,HOLDING
2021-04-16,4,MDLZ,PEP,52.0952,123.4423,1.0608,-1.2858,-1,2.0145,-0.0833,1.9312,HOLDING
2021-04-19,4,MDLZ,PEP,52.0243,123.9475,1.0608,-1.8739,-1,2.262,-0.0833,2.1786,HOLDING
2021-04-20,4,MDLZ,PEP,52.4852,124.7695,1.0608,-1.8002,-1,2.1998,-0.0833,2.1164,HOLDING
2021-04-21,4,MDLZ,PEP,52.8043,125.857,1.0608,-1.9352,-1,2.3519,-0.0833,2.2686,HOLDING
2021-04-22,4,MDLZ,PEP,52.7866,125.0778,1.0608,-1.1151,-1,2.0728,-0.0833,1.9895,HOLDING
2021-04-23,4,MDLZ,PEP,52.7511,124.8723,1.0608,-0.9233,-1,2.024,-0.0833,1.9407,HOLDING
2021-04-26,4,MDLZ,PEP,52.0952,122.7573,1.0608,-0.1331,-1,1.7566,-0.0833,1.6733,HOLDING
2021-04-27,4,MDLZ,PEP,52.0509,122.3548,1.0608,0.2623,-1,1.6408,-0.0833,1.5575,HOLDING
2021-04-28,4,MDLZ,PEP,53.9655,121.4471,1.0608,3.496,-1,-0.2449,-0.0833,-0.3283,HOLDING
2021-04-29,4,MDLZ,PEP,53.9921,123.2539,1.0608,1.9706,-1,0.4139,-0.0833,0.3306,HOLDING
2021-04-30,4,MDLZ,PEP,53.9035,123.4423,1.0608,1.5635,-1,0.5564,-0.0833,0.473,HOLDING
2021-05-03,4,MDLZ,PEP,54.4353,124.8381,1.0608,1.2822,-1,0.653,-0.0833,0.5697,HOLDING
2021-05-04,4,MDLZ,PEP,53.8414,123.271,1.0608,1.2927,-1,0.5419,-0.0833,0.4586,HOLDING
2021-05-05,4,MDLZ,PEP,54.196,123.2111,1.0608,1.5251,-1,0.2334,-0.0833,0.1501,HOLDING
2021-05-06,4,MDLZ,PEP,54.7101,124.6411,1.0608,1.2445,-1,0.3573,-0.0833,0.274,HOLDING
2021-05-07,4,MDLZ,PEP,54.8254,124.6411,1.0608,1.2291,-1,0.2644,-0.0833,0.181,HOLDING
2021-05-10,4,MDLZ,PEP,55.0204,125.6344,1.0608,0.8875,-1,0.4811,-0.0833,0.3978,HOLDING
2021-05-11,4,MDLZ,PEP,54.914,124.7182,1.0608,1.0715,-1,0.2219,-0.0833,0.1386,HOLDING
2021-05-12,4,MDLZ,PEP,54.5683,123.5023,1.0608,1.1486,-1,0.0428,-0.0833,-0.0405,HOLDING
2021-05-13,4,MDLZ,PEP,55.304,125.3347,1.0608,0.9462,-1,0.1396,-0.0833,0.0562,HOLDING
2021-05-14,4,MDLZ,PEP,55.2863,125.5231,1.0608,0.7709,-1,0.2248,-0.0833,0.1415,HOLDING
2021-05-17,4,MDLZ,PEP,55.3749,125.1634,1.0608,0.912,-1,0.0179,-0.0833,-0.0655,HOLDING
2021-05-18,4,MDLZ,PEP,55.1179,124.5983,1.0608,0.8415,-1,0.0124,-0.0833,-0.071,HOLDING
2021-05-19,4,MDLZ,PEP,55.2597,124.5297,1.0608,0.9577,-1,-0.1278,-0.0833,-0.2111,HOLDING
2021-05-20,4,MDLZ,PEP,55.9423,126.0711,1.0608,0.8564,-1,-0.0978,-0.0833,-0.1811,HOLDING
2021-05-21,4,MDLZ,PEP,56.1639,125.9598,1.0608,1.1862,-1,-0.3184,-0.0833,-0.4018,HOLDING
2021-05-24,4,MDLZ,PEP,56.4475,126.602,1.0608,1.1897,-1,-0.3053,-0.0833,-0.3887,HOLDING
2021-05-25,4,MDLZ,PEP,56.4741,126.9874,1.0608,1.0647,-1,-0.1817,-0.0833,-0.265,HOLDING
2021-05-26,4,MDLZ,PEP,56.4032,126.9874,1.0608,0.9275,-1,-0.1245,-0.0833,-0.2078,HOLDING
2021-05-27,4,MDLZ,PEP,56.1195,125.4545,1.0608,1.8233,-1,-0.4729,-0.0833,-0.5562,HOLDING
2021-05-28,4,MDLZ,PEP,56.3146,126.6791,1.0608,0.7778,-1,-0.1691,-0.0833,-0.2524,HOLDING
2021-06-01,4,MDLZ,PEP,56.1373,126.4136,1.0608,0.5702,-1,-0.1261,-0.0833,-0.2094,HOLDING
2021-06-02,4,MDLZ,PEP,56.3943,126.9189,1.0608,0.5534,-1,-0.1431,-0.0833,-0.2265,HOLDING
2021-06-03,4,MDLZ,PEP,56.5007,127.3717,1.0608,0.1547,-1,-0.0584,-0.0833,-0.1417,HOLDING
2021-06-04,4,MDLZ,PEP,56.7489,127.5183,1.0608,0.6683,-1,-0.2033,-0.0833,-0.2867,HOLDING
2021-06-07,4,MDLZ,PEP,56.4387,127.4406,1.0608,-0.3618,-1,0.0176,-0.0833,-0.0657,HOLDING
2021-06-08,4,MDLZ,PEP,56.1018,126.2503,1.0608,0.3911,-1,-0.159,-0.0833,-0.2423,HOLDING
2021-06-09,4,MDLZ,PEP,56.1195,126.0175,1.0608,0.9028,-1,-0.2609,-0.0833,-0.3443,HOLDING
2021-06-10,4,MDLZ,PEP,56.4032,127.3113,1.0608,-0.7221,-1,-0.0025,-0.0833,-0.0858,HOLDING
2021-06-11,4,MDLZ,PEP,56.5362,127.3889,1.0608,-0.3341,-1,-0.0805,-0.0833,-0.1638,HOLDING
2021-06-14,4,MDLZ,PEP,56.545,128.148,1.0608,-2.2364,-1,0.1982,-0.0833,0.1148,HOLDING
2021-06-15,4,MDLZ,PEP,56.4298,128.1566,1.0608,-2.3765,-1,0.2943,-0.0833,0.211,HOLDING
2021-06-16,4,MDLZ,PEP,55.6143,126.88,1.0608,-2.6158,-1,0.4713,-0.0833,0.3879,HOLDING
2021-06-17,4,MDLZ,PEP,56.0132,128.1048,1.0608,-2.4954,-1,0.6108,-0.0833,0.5275,HOLDING
2021-06-18,4,MDLZ,PEP,55.0824,125.4309,1.0608,-1.3798,-1,0.3545,-0.0833,0.2712,HOLDING
2021-06-21,4,MDLZ,PEP,55.5434,126.4142,1.0608,-1.2343,-1,0.353,-0.0833,0.2697,HOLDING
2021-06-22,4,MDLZ,PEP,55.7295,126.604,1.0608,-0.8655,-1,0.2744,-0.0833,0.1911,HOLDING
2021-06-23,4,MDLZ,PEP,55.2508,124.9393,1.0608,0.0382,-1,0.0336,-0.0833,-0.0498,HOLDING
2021-06-24,4,MDLZ,PEP,55.5345,125.6466,1.0608,-0.0687,-1,0.0711,-0.0833,-0.0122,HOLDING
2021-06-25,4,MDLZ,PEP,56.0043,126.2849,1.0608,0.5615,-1,-0.0673,-0.0833,-0.1507,HOLDING
2021-06-28,4,MDLZ,PEP,56.0132,126.8282,1.0608,-0.1837,-1,0.1301,-0.0833,0.0468,HOLDING
2021-06-29,4,MDLZ,PEP,55.5366,126.742,1.0608,-1.4587,-1,0.482,-0.0833,0.3986,HOLDING
2021-06-30,4,MDLZ,PEP,55.6256,127.803,1.0608,-2.2464,-1,0.8096,-0.0833,0.7263,HOLDING
2021-07-01,4,MDLZ,PEP,55.6524,127.8288,1.0608,-1.8757,-1,0.7978,-0.0833,0.7145,HOLDING
2021-07-02,4,MDLZ,PEP,55.7682,128.4412,1.0608,-1.9737,-1,0.935,-0.0833,0.8517,HOLDING
2021-07-06,4,MDLZ,PEP,55.5366,128.631,1.0608,-2.2178,-1,1.1932,-0.0833,1.1099,HOLDING
2021-07-07,4,MDLZ,PEP,56.1691,129.2002,1.0608,-1.3111,-1,0.8976,-0.0833,0.8142,HOLDING
2021-07-08,4,MDLZ,PEP,56.08,129.2606,1.0608,-1.4176,-1,0.9921,-0.0833,0.9088,HOLDING
2021-07-09,4,MDLZ,PEP,56.1424,128.9328,1.0608,-0.8819,-1,0.8184,-0.0833,0.7351,HOLDING
2021-07-12,4,MDLZ,PEP,56.08,128.9587,1.0608,-0.9481,-1,0.8785,-0.0833,0.7951,HOLDING
2021-07-13,4,MDLZ,PEP,56.1869,131.9345,1.0608,-2.7165,-1,1.9128,-0.0833,1.8294,HOLDING
2021-07-14,4,MDLZ,PEP,56.5789,133.2973,1.0608,-2.4209,-1,2.1098,-0.0833,2.0265,HOLDING
2021-07-15,4,MDLZ,PEP,57.1223,133.9097,1.0608,-1.7574,-1,1.9022,-0.0833,1.8189,HOLDING
2021-07-16,4,MDLZ,PEP,57.247,134.4014,1.0608,-1.641,-1,1.9868,-0.0833,1.9035,HOLDING
2021-07-19,4,MDLZ,PEP,57.0332,134.3841,1.0608,-1.6425,-1,2.1527,-0.0833,2.0694,HOLDING
2021-07-20,4,MDLZ,PEP,57.3807,134.4014,1.0608,-1.1401,-1,1.879,-0.0833,1.7957,HOLDING
2021-07-21,4,MDLZ,PEP,57.0332,133.9011,1.0608,-1.1473,-1,1.9708,-0.0833,1.8875,HOLDING
2021-07-22,4,MDLZ,PEP,56.8728,133.858,1.0608,-1.1859,-1,2.0839,-0.0833,2.0006,HOLDING
2021-07-23,4,MDLZ,PEP,57.8083,135.5744,1.0608,-0.9243,-1,1.9759,-0.0833,1.8926,HOLDING
2021-07-26,4,MDLZ,PEP,57.7637,135.4796,1.0608,-0.8618,-1,1.9761,-0.0833,1.8928,HOLDING
2021-07-27,4,MDLZ,PEP,58.1112,136.23,1.0608,-0.7887,-1,1.9785,-0.0833,1.8952,HOLDING
2021-07-28,4,MDLZ,PEP,56.4809,134.9793,1.0608,-2.0126,-1,2.8222,-0.0833,2.7389,HOLDING
2021-07-29,4,MDLZ,PEP,56.4185,135.2553,1.0608,-1.948,-1,2.9764,-0.0833,2.8931,HOLDING
2021-07-30,4,MDLZ,PEP,56.3562,135.3761,1.0608,-1.8348,-1,3.0722,-0.0833,2.9888,HOLDING
2021-08-02,4,MDLZ,PEP,56.5343,134.8327,1.0608,-1.2002,-1,2.7239,-0.0833,2.6405,HOLDING
2021-08-03,4,MDLZ,PEP,56.4631,135.1345,1.0608,-1.3033,-1,2.895,-0.0833,2.8117,HOLDING
2021-08-04,4,MDLZ,PEP,54.9842,132.8746,1.0608,-1.6984,-1,3.2366,-0.0833,3.1532,HOLDING
2021-08-05,4,MDLZ,PEP,55.1089,133.0989,1.0608,-1.5156,-1,3.2204,-0.0833,3.1371,HOLDING
2021-08-06,4,MDLZ,PEP,55.0288,133.1162,1.0608,-1.5313,-1,3.2916,-0.0833,3.2083,HOLDING
2021-08-09,4,MDLZ,PEP,55.2515,133.1335,1.0608,-1.2161,-1,0.0,2.9405,2.9405,PERIOD_END_EXIT
2021-02-09,5,JPM,PNC,122.9179,131.9539,0.8489,0.0,0,0.0,0.0,0.0,HOLD_CASH
2021-02-10,5,JPM,PNC,122.9883,133.5977,0.8489,0.0,0,0.0,0.0,0.0,HOLD_CASH
2021-02-11,5,JPM,PNC,122.6449,132.9302,0.8489,0.0,0,0.0,0.0,0.0,HOLD_CASH
2021-02-12,5,JPM,PNC,124.3885,135.4,0.8489,0.0,0,0.0,0.0,0.0,HOLD_CASH
2021-02-16,5,JPM,PNC,127.3826,141.7749,0.8489,0.0,0,0.0,0.0,0.0,HOLD_CASH
2021-02-17,5,JPM,PNC,127.779,139.8057,0.8489,0.0,0,0.0,0.0,0.0,HOLD_CASH
2021-02-18,5,JPM,PNC,128.2104,139.2717,0.8489,0.0,0,0.0,0.0,0.0,HOLD_CASH
2021-02-19,5,JPM,PNC,130.3504,142.1921,0.8489,0.0,0,0.0,0.0,0.0,HOLD_CASH
2021-02-22,5,JPM,PNC,131.5744,142.2839,0.8489,0.0,0,0.0,0.0,0.0,HOLD_CASH
2021-02-23,5,JPM,PNC,132.6312,144.5369,0.8489,0.0,0,0.0,0.0,0.0,HOLD_CASH
2021-02-24,5,JPM,PNC,134.9648,148.9258,0.8489,0.0,0,0.0,0.0,0.0,HOLD_CASH
2021-02-25,5,JPM,PNC,133.1331,144.5702,0.8489,0.0,0,0.0,0.0,0.0,HOLD_CASH
2021-02-26,5,JPM,PNC,129.6018,140.4816,0.8489,0.0,0,0.0,0.0,0.0,HOLD_CASH
2021-03-01,5,JPM,PNC,132.5343,144.4117,0.8489,0.0,0,0.0,0.0,0.0,HOLD_CASH
2021-03-02,5,JPM,PNC,132.1028,144.4284,0.8489,0.0,0,0.0,0.0,0.0,HOLD_CASH
2021-03-03,5,JPM,PNC,134.6566,144.6453,0.8489,0.0,0,0.0,0.0,0.0,HOLD_CASH
2021-03-04,5,JPM,PNC,132.5871,144.0028,0.8489,0.0,0,0.0,0.0,0.0,HOLD_CASH
2021-03-05,5,JPM,PNC,132.8954,147.2404,0.8489,0.0,0,0.0,0.0,0.0,HOLD_CASH
2021-03-08,5,JPM,PNC,134.6566,149.2095,0.8489,0.0,0,0.0,0.0,0.0,HOLD_CASH
2021-03-09,5,JPM,PNC,133.7056,144.879,0.8489,1.1028,0,0.0,0.0,0.0,HOLD_CASH
2021-03-10,5,JPM,PNC,136.6116,148.3418,0.8489,1.1966,0,0.0,0.0,0.0,HOLD_CASH
2021-03-11,5,JPM,PNC,135.8983,147.6325,0.8489,0.9637,0,0.0,0.0,0.0,HOLD_CASH
2021-03-12,5,JPM,PNC,137.5098,151.3707,0.8489,-0.1219,0,0.0,0.0,0.0,HOLD_CASH
2021-03-15,5,JPM,PNC,136.8229,148.9676,0.8489,0.7699,0,0.0,0.0,0.0,HOLD_CASH
2021-03-16,5,JPM,PNC,135.185,147.3405,0.8489,0.3877,0,0.0,0.0,0.0,HOLD_CASH
2021-03-17,5,JPM,PNC,136.5764,148.8841,0.8489,0.5121,0,0.0,0.0,0.0,HOLD_CASH
2021-03-18,5,JPM,PNC,138.8308,150.0774,0.8489,1.6732,0,0.0,0.0,0.0,HOLD_CASH
2021-03-19,5,JPM,PNC,136.6204,146.6813,0.8489,1.8244,0,0.0,0.0,0.0,HOLD_CASH
2021-03-22,5,JPM,PNC,132.9482,142.868,0.8489,1.1324,0,0.0,0.0,0.0,HOLD_CASH
2021-03-23,5,JPM,PNC,131.6184,141.3494,0.8489,0.9263,0,0.0,0.0,0.0,HOLD_CASH
2021-03-24,5,JPM,PNC,132.64,142.0587,0.8489,1.2163,0,0.0,0.0,0.0,HOLD_CASH
2021-03-25,5,JPM,PNC,134.3396,147.6909,0.8489,-1.1123,0,0.0,0.0,0.0,HOLD_CASH
2021-03-26,5,JPM,PNC,136.5764,149.9271,0.8489,-0.6569,0,0.0,0.0,0.0,HOLD_CASH
2021-03-29,5,JPM,PNC,134.454,145.5966,0.8489,0.3558,0,0.0,0.0,0.0,HOLD_CASH
2021-03-30,5,JPM,PNC,136.0392,148.2082,0.8489,-0.0749,0,0.0,0.0,0.0,HOLD_CASH
2021-03-31,5,JPM,PNC,134.0577,146.3642,0.8489,-0.4788,0,0.0,0.0,0.0,HOLD_CASH
2021-04-01,5,JPM,PNC,135.3612,148.0331,0.8489,-0.4537,0,0.0,0.0,0.0,HOLD_CASH
2021-04-05,5,JPM,PNC,136.0786,149.1595,0.8489,-0.7583,0,0.0,0.0,0.0,HOLD_CASH
2021-04-06,5,JPM,PNC,135.1219,148.0247,0.8489,-1.033,0,0.0,0.0,0.0,HOLD_CASH
2021-04-07,5,JPM,PNC,137.239,148.7339,0.8489,0.7158,0,0.0,0.0,0.0,HOLD_CASH
2021-04-08,5,JPM,PNC,137.4073,148.6171,0.8489,0.9524,0,0.0,0.0,0.0,HOLD_CASH
2021-04-09,5,JPM,PNC,138.4349,150.3694,0.8489,0.5509,0,0.0,0.0,0.0,HOLD_CASH
2021-04-12,5,JPM,PNC,138.1426,150.8701,0.8489,-0.2509,0,0.0,0.0,0.0,HOLD_CASH
2021-04-13,5,JPM,PNC,136.4949,148.2082,0.8489,0.2194,0,0.0,0.0,0.0,HOLD_CASH
2021-04-14,5,JPM,PNC,133.9439,149.6434,0.8489,-2.8525,1,0.0,-0.0833,-0.0833,ENTER_LONG_A
2021-04-15,5,JPM,PNC,134.7942,146.7881,0.8489,-0.2072,1,1.0162,-0.0833,0.9329,HOLDING
2021-04-16,5,JPM,PNC,135.7952,150.2061,0.8489,-1.441,1,0.4791,-0.0833,0.3958,HOLDING
2021-04-19,5,JPM,PNC,135.2194,149.2487,0.8489,-1.1983,1,0.5301,-0.0833,0.4468,HOLDING
2021-04-20,5,JPM,PNC,132.2253,144.2184,0.8489,-0.355,1,0.8088,-0.0833,0.7255,HOLDING
2021-04-21,5,JPM,PNC,133.3503,147.0737,0.8489,-1.2038,1,0.4573,-0.0833,0.374,HOLDING
2021-04-22,5,JPM,PNC,130.5423,145.9903,0.8489,-2.4503,1,-0.2106,-0.0833,-0.2939,HOLDING
2021-04-23,5,JPM,PNC,133.0403,149.5175,0.8489,-2.1526,1,-0.2718,-0.0833,-0.3552,HOLDING
2021-04-26,5,JPM,PNC,133.368,151.365,0.8489,-2.3011,1,-0.634,-0.0833,-0.7173,HOLDING
2021-04-27,5,JPM,PNC,133.9793,154.1699,0.8489,-2.4579,1,-1.1454,-0.0833,-1.2288,HOLDING
2021-04-28,5,JPM,PNC,134.8473,155.5808,0.8489,-2.0961,1,-1.2141,-0.0833,-1.2974,HOLDING
2021-04-29,5,JPM,PNC,137.4694,158.8644,0.8489,-1.7324,1,-1.1713,-0.0833,-1.2547,HOLDING
2021-04-30,5,JPM,PNC,136.2469,157.0001,0.8489,-1.479,1,-1.106,-0.0833,-1.1893,HOLDING
2021-05-03,5,JPM,PNC,135.8483,157.9826,0.8489,-1.6402,1,-1.4914,-0.0833,-1.5747,HOLDING
2021-05-04,5,JPM,PNC,137.7262,162.3496,0.8489,-1.7796,1,-1.976,-0.0833,-2.0593,HOLDING
2021-05-05,5,JPM,PNC,139.5333,163.4329,0.8489,-1.3223,1,-1.6449,-0.0833,-1.7283,HOLDING
2021-05-06,5,JPM,PNC,142.3413,166.4309,0.8489,-1.0354,1,-1.4666,-0.0833,-1.5499,HOLDING
2021-05-07,5,JPM,PNC,142.8285,167.0441,0.8489,-0.9339,1,-1.4594,-0.0833,-1.5427,HOLDING
2021-05-10,5,JPM,PNC,142.8108,166.7501,0.8489,-0.7905,1,-1.3902,-0.0833,-1.4735,HOLDING
2021-05-11,5,JPM,PNC,140.4368,162.9543,0.8489,-0.5871,1,-1.2185,-0.0833,-1.3018,HOLDING
2021-05-12,5,JPM,PNC,139.4713,159.9057,0.8489,-0.0824,1,-0.7639,-0.0833,-0.8473,HOLDING
2021-05-13,5,JPM,PNC,143.0588,164.6086,0.8489,0.0625,1,-0.7592,-0.0833,-0.8425,HOLDING
2021-05-14,5,JPM,PNC,145.2822,167.4388,0.8489,0.2023,1,-0.7346,-0.0833,-0.818,HOLDING
2021-05-17,5,JPM,PNC,145.8669,167.1448,0.8489,0.6615,1,-0.4628,-0.0833,-0.5461,HOLDING
2021-05-18,5,JPM,PNC,143.8118,162.8451,0.8489,1.4623,1,-0.0549,-0.0833,-0.1382,HOLDING
2021-05-19,5,JPM,PNC,142.7134,161.9885,0.8489,1.4255,1,-0.2055,-0.0833,-0.2888,HOLDING
2021-05-20,5,JPM,PNC,142.4653,160.4432,0.8489,1.856,1,0.1061,-0.0833,0.0228,HOLDING
2021-05-21,5,JPM,PNC,144.0864,162.4839,0.8489,1.763,1,0.1298,-0.0833,0.0465,HOLDING
2021-05-24,5,JPM,PNC,144.8659,162.9123,0.8489,1.7657,1,0.2826,-0.0833,0.1993,HOLDING
2021-05-25,5,JPM,PNC,143.3689,160.9891,0.8489,1.5324,1,0.2706,-0.0833,0.1873,HOLDING
2021-05-26,5,JPM,PNC,143.3511,161.1571,0.8489,1.3078,1,0.2217,-0.0833,0.1383,HOLDING
2021-05-27,5,JPM,PNC,145.5834,163.0214,0.8489,1.4812,1,0.4961,-0.0833,0.4128,HOLDING
2021-05-28,5,JPM,PNC,145.486,163.4917,0.8489,1.1604,1,0.3431,-0.0833,0.2598,HOLDING
2021-06-01,5,JPM,PNC,147.0893,164.4491,0.8489,1.3674,1,0.6378,-0.0833,0.5545,HOLDING
2021-06-02,5,JPM,PNC,147.0981,164.1131,0.8489,1.3787,1,0.7267,-0.0833,0.6434,HOLDING
2021-06-03,5,JPM,PNC,147.1956,164.4995,0.8489,1.1995,1,0.6607,-0.0833,0.5774,HOLDING
2021-06-04,5,JPM,PNC,147.4348,162.9206,0.8489,1.6658,1,1.1449,-0.0833,1.0616,HOLDING
2021-06-07,5,JPM,PNC,146.7438,162.1732,0.8489,1.4921,1,1.1035,-0.0833,1.0202,HOLDING
2021-06-08,5,JPM,PNC,146.1592,163.0046,0.8489,0.8636,1,0.6942,-0.0833,0.6108,HOLDING
2021-06-09,5,JPM,PNC,144.3344,160.2249,0.8489,0.9633,1,0.7909,-0.0833,0.7076,HOLDING
2021-06-10,5,JPM,PNC,142.0844,158.5117,0.8489,0.3331,1,0.4718,-0.0833,0.3885,HOLDING
2021-06-11,5,JPM,PNC,141.987,158.8896,0.8489,-0.02,1,0.3424,-0.0833,0.2591,HOLDING
2021-06-14,5,JPM,PNC,139.5776,157.1344,0.8489,-1.0143,1,-0.0196,-0.0833,-0.1029,HOLDING
2021-06-15,5,JPM,PNC,137.4605,158.9484,0.8489,-3.055,1,-1.1958,-0.0833,-1.2791,HOLDING
2021-06-16,5,JPM,PNC,138.4261,159.6538,0.8489,-2.2768,1,-1.0512,-0.0833,-1.1346,HOLDING
2021-06-17,5,JPM,PNC,134.431,153.221,0.8489,-1.6657,1,-0.7508,-0.0833,-0.8341,HOLDING
2021-06-18,5,JPM,PNC,131.0295,149.761,0.8489,-1.841,1,-1.0108,-0.0833,-1.0941,HOLDING
2021-06-21,5,JPM,PNC,133.2529,154.6486,0.8489,-2.1066,1,-1.5123,-0.0833,-1.5956,HOLDING
2021-06-22,5,JPM,PNC,133.058,154.4471,0.8489,-1.8192,1,-1.5263,-0.0833,-1.6096,HOLDING
2021-06-23,5,JPM,PNC,133.8641,155.4716,0.8489,-1.5754,1,-1.517,-0.0833,-1.6003,HOLDING
2021-06-24,5,JPM,PNC,135.0954,158.8728,0.8489,-1.7496,1,-1.9723,-0.0833,-2.0557,HOLDING
2021-06-25,5,JPM,PNC,136.4595,162.3831,0.8489,-1.8236,1,-2.4108,-0.0833,-2.4942,HOLDING
2021-06-28,5,JPM,PNC,136.7076,160.9051,0.8489,-1.2776,1,-1.9495,-0.0833,-2.0328,HOLDING
2021-06-29,5,JPM,PNC,136.5393,159.9562,0.8489,-1.0185,1,-1.7635,-0.0833,-1.8468,HOLDING
2021-06-30,5,JPM,PNC,137.7794,160.1997,0.8489,-0.6363,1,-1.4084,-0.0833,-1.4918,HOLDING
2021-07-01,5,JPM,PNC,139.1435,161.0227,0.8489,-0.3483,1,-1.1598,-0.0833,-1.2432,HOLDING
2021-07-02,5,JPM,PNC,139.0099,161.9045,0.8489,-0.5069,1,-1.4302,-0.0833,-1.5136,HOLDING
2021-07-06,5,JPM,PNC,136.6757,157.8483,0.8489,-0.2126,1,-1.1786,-0.0833,-1.2619,HOLDING
2021-07-07,5,JPM,PNC,136.836,156.6893,0.8489,0.2641,1,-0.8283,-0.0833,-0.9117,HOLDING
2021-07-08,5,JPM,PNC,134.4751,153.876,0.8489,0.293,1,-0.9034,-0.0833,-0.9868,HOLDING
2021-07-09,5,JPM,PNC,138.7783,159.2843,0.8489,0.6009,1,-0.8382,-0.0833,-0.9216,HOLDING
2021-07-12,5,JPM,PNC,140.765,161.1655,0.8489,1.1635,1,-0.6507,-0.0833,-0.734,HOLDING
2021-07-13,5,JPM,PNC,138.6714,158.9568,0.8489,1.0914,1,-0.7905,-0.0833,-0.8738,HOLDING
2021-07-14,5,JPM,PNC,138.1992,158.1674,0.8489,1.0889,1,-0.7475,-0.0833,-0.8309,HOLDING
2021-07-15,5,JPM,PNC,138.5021,160.2048,0.8489,0.2671,1,-1.1665,-0.0833,-1.2499,HOLDING
2021-07-16,5,JPM,PNC,135.3393,155.0732,0.8489,0.7336,1,-0.9187,-0.0833,-1.0021,HOLDING
2021-07-19,5,JPM,PNC,130.9382,150.3135,0.8489,0.1055,1,-1.1827,-0.0833,-1.2661,HOLDING
2021-07-20,5,JPM,PNC,133.3793,153.5261,0.8489,0.1226,1,-1.1827,-0.0833,-1.266,HOLDING
2021-07-21,5,JPM,PNC,136.1857,156.2906,0.8489,0.6215,1,-0.9452,-0.0833,-1.0285,HOLDING
2021-07-22,5,JPM,PNC,134.4662,153.6275,0.8489,0.7336,1,-0.8429,-0.0833,-0.9262,HOLDING
2021-07-23,5,JPM,PNC,134.2079,154.7266,0.8489,-0.1469,1,-1.2108,-0.0833,-1.2942,HOLDING
2021-07-26,5,JPM,PNC,135.1077,155.9947,0.8489,-0.3967,1,-1.2323,-0.0833,-1.3156,HOLDING
2021-07-27,5,JPM,PNC,134.9295,155.7834,0.8489,-0.63,1,-1.2382,-0.0833,-1.3215,HOLDING
2021-07-28,5,JPM,PNC,135.1523,155.3522,0.8489,-0.0902,1,-1.053,-0.0833,-1.1364,HOLDING
2021-07-29,5,JPM,PNC,136.3104,156.5357,0.8489,0.2667,1,-0.9659,-0.0833,-1.0492,HOLDING
2021-07-30,5,JPM,PNC,135.2235,154.2109,0.8489,1.1744,1,-0.7372,-0.0833,-0.8206,HOLDING
2021-08-02,5,JPM,PNC,134.6801,153.6783,0.8489,0.8672,1,-0.7839,-0.0833,-0.8672,HOLDING
2021-08-03,5,JPM,PNC,136.2124,157.5334,0.8489,-1.3135,1,-1.254,-0.0833,-1.3373,HOLDING
2021-08-04,5,JPM,PNC,134.7424,156.4174,0.8489,-2.0031,1,-1.4633,-0.0833,-1.5466,HOLDING
2021-08-05,5,JPM,PNC,136.4441,157.8208,0.8489,-0.9175,1,-1.2495,-0.0833,-1.3328,HOLDING
2021-08-06,5,JPM,PNC,140.3195,160.8558,0.8489,1.3446,1,-0.7214,-0.0833,-0.8048,HOLDING
2021-08-09,5,JPM,PNC,140.1681,160.6359,0.8489,1.4053,1,0.0,-0.8877,-0.8877,PERIOD_END_EXIT
2021-02-09,6,IEX,UNP,185.5678,182.0305,0.9079,0.0,0,0.0,0.0,0.0,HOLD_CASH
2021-02-10,6,IEX,UNP,187.2586,181.0076,0.9079,0.0,0,0.0,0.0,0.0,HOLD_CASH
2021-02-11,6,IEX,UNP,185.9811,184.3253,0.9079,0.0,0,0.0,0.0,0.0,HOLD_CASH
2021-02-12,6,IEX,UNP,187.7376,189.5999,0.9079,0.0,0,0.0,0.0,0.0,HOLD_CASH
2021-02-16,6,IEX,UNP,185.3142,190.3381,0.9079,0.0,0,0.0,0.0,0.0,HOLD_CASH
2021-02-17,6,IEX,UNP,181.7543,187.8832,0.9079,0.0,0,0.0,0.0,0.0,HOLD_CASH
2021-02-18,6,IEX,UNP,181.867,184.1741,0.9079,0.0,0,0.0,0.0,0.0,HOLD_CASH
2021-02-19,6,IEX,UNP,184.807,185.953,0.9079,0.0,0,0.0,0.0,0.0,HOLD_CASH
2021-02-22,6,IEX,UNP,185.3236,183.9695,0.9079,0.0,0,0.0,0.0,0.0,HOLD_CASH
2021-02-23,6,IEX,UNP,184.8633,184.0851,0.9079,0.0,0,0.0,0.0,0.0,HOLD_CASH
2021-02-24,6,IEX,UNP,185.9154,187.812,0.9079,0.0,0,0.0,0.0,0.0,HOLD_CASH
2021-02-25,6,IEX,UNP,185.1452,186.4627,0.9079,0.0,0,0.0,0.0,0.0,HOLD_CASH
2021-02-26,6,IEX,UNP,183.3229,184.0411,0.9079,0.0,0,0.0,0.0,0.0,HOLD_CASH
2021-03-01,6,IEX,UNP,187.7752,186.9184,0.9079,0.0,0,0.0,0.0,0.0,HOLD_CASH
2021-03-02,6,IEX,UNP,187.6437,187.0257,0.9079,0.0,0,0.0,0.0,0.0,HOLD_CASH
2021-03-03,6,IEX,UNP,187.0895,184.2824,0.9079,0.0,0,0.0,0.0,0.0,HOLD_CASH
2021-03-04,6,IEX,UNP,183.2854,179.6805,0.9079,0.0,0,0.0,0.0,0.0,HOLD_CASH
2021-03-05,6,IEX,UNP,185.9436,187.392,0.9079,0.0,0,0.0,0.0,0.0,HOLD_CASH
2021-03-08,6,IEX,UNP,186.6761,188.4465,0.9079,0.0,0,0.0,0.0,0.0,HOLD_CASH
2021-03-09,6,IEX,UNP,185.643,189.1702,0.9079,-1.0317,0,0.0,0.0,0.0,HOLD_CASH
2021-03-10,6,IEX,UNP,188.0852,190.4391,0.9079,-0.4984,0,0.0,0.0,0.0,HOLD_CASH
2021-03-11,6,IEX,UNP,186.9486,191.6902,0.9079,-1.2995,0,0.0,0.0,0.0,HOLD_CASH
2021-03-12,6,IEX,UNP,187.2492,191.3059,0.9079,-0.9337,0,0.0,0.0,0.0,HOLD_CASH
2021-03-15,6,IEX,UNP,191.1097,190.037,0.9079,1.0578,0,0.0,0.0,0.0,HOLD_CASH
2021-03-16,6,IEX,UNP,186.6761,189.1702,0.9079,-0.4936,0,0.0,0.0,0.0,HOLD_CASH
2021-03-17,6,IEX,UNP,185.2485,189.7064,0.9079,-1.4769,0,0.0,0.0,0.0,HOLD_CASH
2021-03-18,6,IEX,UNP,188.2542,192.4408,0.9079,-1.1553,0,0.0,0.0,0.0,HOLD_CASH
2021-03-19,6,IEX,UNP,187.0519,188.3661,0.9079,-0.0443,0,0.0,0.0,0.0,HOLD_CASH
2021-03-22,6,IEX,UNP,186.1314,184.3181,0.9079,1.1927,0,0.0,0.0,0.0,HOLD_CASH
2021-03-23,6,IEX,UNP,185.8684,185.9087,0.9079,0.4342,0,0.0,0.0,0.0,HOLD_CASH
2021-03-24,6,IEX,UNP,189.1184,190.2425,0.9079,0.1061,0,0.0,0.0,0.0,HOLD_CASH
2021-03-25,6,IEX,UNP,189.3908,193.093,0.9079,-0.8668,0,0.0,0.0,0.0,HOLD_CASH
2021-03-26,6,IEX,UNP,194.0121,199.1962,0.9079,-1.11,0,0.0,0.0,0.0,HOLD_CASH
2021-03-29,6,IEX,UNP,195.5056,199.2498,0.9079,-0.4476,0,0.0,0.0,0.0,HOLD_CASH
2021-03-30,6,IEX,UNP,197.6848,197.5967,0.9079,1.0659,0,0.0,0.0,0.0,HOLD_CASH
2021-03-31,6,IEX,UNP,196.614,196.9533,0.9079,0.9692,0,0.0,0.0,0.0,HOLD_CASH
2021-04-01,6,IEX,UNP,199.3661,196.7746,0.9079,2.2068,-1,0.0,-0.0833,-0.0833,ENTER_SHORT_A
2021-04-05,6,IEX,UNP,201.6298,199.6877,0.9079,1.7586,-1,0.0911,-0.0833,0.0078,HOLDING
2021-04-06,6,IEX,UNP,201.9586,197.5699,0.9079,2.1555,-1,-0.4077,-0.0833,-0.491,HOLDING
2021-04-07,6,IEX,UNP,201.2823,197.7843,0.9079,1.6293,-1,-0.2163,-0.0833,-0.2996,HOLDING
2021-04-08,6,IEX,UNP,202.2498,196.7478,0.9079,1.8916,-1,-0.6372,-0.0833,-0.7205,HOLDING
2021-04-09,6,IEX,UNP,204.2223,199.4821,0.9079,1.5417,-1,-0.5183,-0.0833,-0.6016,HOLDING
2021-04-12,6,IEX,UNP,204.9925,199.7592,0.9079,1.4976,-1,-0.6312,-0.0833,-0.7145,HOLDING
2021-04-13,6,IEX,UNP,203.3957,198.3652,0.9079,1.2919,-1,-0.5623,-0.0833,-0.6456,HOLDING
2021-04-14,6,IEX,UNP,202.3907,198.9102,0.9079,0.8205,-1,-0.2322,-0.0833,-0.3156,HOLDING
2021-04-15,6,IEX,UNP,204.8141,199.357,0.9079,1.221,-1,-0.6731,-0.0833,-0.7565,HOLDING
2021-04-16,6,IEX,UNP,207.1811,199.0086,0.9079,1.7153,-1,-1.2619,-0.0833,-1.3453,HOLDING
2021-04-19,6,IEX,UNP,206.5048,199.6877,0.9079,1.2431,-1,-0.9769,-0.0833,-1.0602,HOLDING
2021-04-20,6,IEX,UNP,208.9658,197.1857,0.9079,2.0319,-1,-2.0203,-0.0833,-2.1036,HOLDING
2021-04-21,6,IEX,UNP,210.9946,199.6519,0.9079,1.7006,-1,-1.9678,-0.0833,-2.0511,HOLDING
2021-04-22,6,IEX,UNP,211.2483,194.7819,0.9079,2.2206,-1,-3.0048,-0.0833,-3.0881,HOLDING
2021-04-23,6,IEX,UNP,211.5207,199.7502,0.9079,1.2936,-1,-2.0632,-0.0833,-2.1465,HOLDING
2021-04-26,6,IEX,UNP,211.7555,200.6885,0.9079,1.1038,-1,-1.9256,-0.0833,-2.0089,HOLDING
2021-04-27,6,IEX,UNP,212.4599,201.7071,0.9079,0.9872,-1,-1.8746,-0.0833,-1.958,HOLDING
2021-04-28,6,IEX,UNP,211.3422,202.1182,0.9079,0.5838,-1,-1.5469,-0.0833,-1.6302,HOLDING
2021-04-29,6,IEX,UNP,214.301,200.5902,0.9079,1.4722,-1,-2.5031,-0.0833,-2.5864,HOLDING
2021-04-30,6,IEX,UNP,210.5908,198.4545,0.9079,0.9847,-1,-2.1206,-0.0833,-2.2039,HOLDING
2021-05-03,6,IEX,UNP,209.9332,199.9289,0.9079,0.4057,-1,-1.6794,-0.0833,-1.7627,HOLDING
2021-05-04,6,IEX,UNP,213.5401,201.6535,0.9079,0.8224,-1,-2.1221,-0.0833,-2.2054,HOLDING
2021-05-05,6,IEX,UNP,211.9903,199.7681,0.9079,0.8095,-1,-2.1625,-0.0833,-2.2458,HOLDING
2021-05-06,6,IEX,UNP,212.6008,203.0297,0.9079,0.0614,-1,-1.639,-0.0833,-1.7223,HOLDING
2021-05-07,6,IEX,UNP,212.2815,205.058,0.9079,-0.6437,-1,-1.1602,-0.0833,-1.2436,HOLDING
2021-05-10,6,IEX,UNP,213.0893,204.1287,0.9079,-0.2146,-1,-1.5245,-0.0833,-1.6078,HOLDING
2021-05-11,6,IEX,UNP,211.1073,202.4935,0.9079,-0.4414,-1,-1.4198,-0.0833,-1.5031,HOLDING
2021-05-12,6,IEX,UNP,204.9644,198.3741,0.9079,-1.421,-1,-0.9041,-0.0833,-0.9875,HOLDING
2021-05-13,6,IEX,UNP,209.7172,201.2157,0.9079,-0.7462,-1,-1.3728,-0.0833,-1.4561,HOLDING
2021-05-14,6,IEX,UNP,210.741,203.6105,0.9079,-1.2189,-1,-1.1145,-0.0833,-1.1978,HOLDING
2021-05-17,6,IEX,UNP,210.2526,200.8404,0.9079,-0.4321,-1,-1.5657,-0.0833,-1.649,HOLDING
2021-05-18,6,IEX,UNP,207.9419,198.7673,0.9079,-0.5245,-1,-1.4772,-0.0833,-1.5606,HOLDING
2021-05-19,6,IEX,UNP,204.2223,198.6422,0.9079,-1.8011,-1,-0.6876,-0.0833,-0.7709,HOLDING
2021-05-20,6,IEX,UNP,206.6739,198.3294,0.9079,-0.6571,-1,-1.2877,-0.0833,-1.371,HOLDING
2021-05-21,6,IEX,UNP,207.1164,197.9452,0.9079,-0.2108,-1,-1.4621,-0.0833,-1.5454,HOLDING
2021-05-24,6,IEX,UNP,207.8697,199.7681,0.9079,-0.6216,-1,-1.2597,-0.0833,-1.3431,HOLDING
2021-05-25,6,IEX,UNP,208.5854,198.3205,0.9079,0.4322,-1,-1.7083,-0.0833,-1.7916,HOLDING
2021-05-26,6,IEX,UNP,208.4158,200.0272,0.9079,-0.4356,-1,-1.3272,-0.0833,-1.4105,HOLDING
2021-05-27,6,IEX,UNP,208.9149,201.0329,0.9079,-0.5966,-1,-1.2338,-0.0833,-1.3172,HOLDING
2021-05-28,6,IEX,UNP,209.6588,201.7781,0.9079,-0.4983,-1,-1.2466,-0.0833,-1.33,HOLDING
2021-06-01,6,IEX,UNP,210.7981,202.0474,0.9079,0.0863,-1,-1.442,-0.0833,-1.5253,HOLDING
2021-06-02,6,IEX,UNP,210.365,201.5267,0.9079,0.2493,-1,-1.452,-0.0833,-1.5354,HOLDING
2021-06-03,6,IEX,UNP,210.1672,201.9756,0.9079,-0.0705,-1,-1.3182,-0.0833,-1.4016,HOLDING
2021-06-04,6,IEX,UNP,212.2294,203.071,0.9079,0.8884,-1,-1.5492,-0.0833,-1.6326,HOLDING
2021-06-07,6,IEX,UNP,209.7435,200.1799,0.9079,1.02,-1,-1.5873,-0.0833,-1.6706,HOLDING
2021-06-08,6,IEX,UNP,210.1484,199.1742,0.9079,1.9615,-1,-1.8786,-0.0833,-1.962,HOLDING
2021-06-09,6,IEX,UNP,208.1051,198.8779,0.9079,0.493,-1,-1.4907,-0.0833,-1.574,HOLDING
2021-06-10,6,IEX,UNP,207.1635,197.163,0.9079,0.9815,-1,-1.63,-0.0833,-1.7133,HOLDING
2021-06-11,6,IEX,UNP,207.3895,198.7253,0.9079,-0.1241,-1,-1.3647,-0.0833,-1.448,HOLDING
2021-06-14,6,IEX,UNP,207.9356,199.8835,0.9079,-0.6558,-1,-1.2509,-0.0833,-1.3342,HOLDING
2021-06-15,6,IEX,UNP,209.4705,200.0811,0.9079,0.5586,-1,-1.5474,-0.0833,-1.6307,HOLDING
2021-06-16,6,IEX,UNP,205.026,199.3807,0.9079,-2.2903,-1,-0.7148,-0.0833,-0.7981,HOLDING
2021-06-17,6,IEX,UNP,202.1259,196.6961,0.9079,-2.5158,-1,-0.6204,-0.0833,-0.7038,HOLDING
2021-06-18,6,IEX,UNP,199.4141,192.8712,0.9079,-1.6353,-1,-0.7972,-0.0833,-0.8805,HOLDING
2021-06-21,6,IEX,UNP,204.4328,195.2955,0.9079,0.2982,-1,-1.4081,-0.0833,-1.4915,HOLDING
2021-06-22,6,IEX,UNP,204.7624,196.6243,0.9079,-0.3461,-1,-1.2125,-0.0833,-1.2959,HOLDING
2021-06-23,6,IEX,UNP,204.9319,196.732,0.9079,-0.2339,-1,-1.228,-0.0833,-1.3113,HOLDING
2021-06-24,6,IEX,UNP,206.0242,196.1574,0.9079,0.8826,-1,-1.5831,-0.0833,-1.6664,HOLDING
2021-06-25,6,IEX,UNP,206.9846,198.6714,0.9079,-0.1307,-1,-1.2868,-0.0833,-1.3702,HOLDING
2021-06-28,6,IEX,UNP,207.0788,196.75,0.9079,1.1057,-1,-1.6947,-0.0833,-1.778,HOLDING
2021-06-29,6,IEX,UNP,207.6908,196.319,0.9079,1.5979,-1,-1.9156,-0.0833,-1.999,HOLDING
2021-06-30,6,IEX,UNP,207.2012,197.4683,0.9079,0.5708,-1,-1.5767,-0.0833,-1.6601,HOLDING
2021-07-01,6,IEX,UNP,207.0317,200.7186,0.9079,-1.3271,-1,-0.8846,-0.0833,-0.9679,HOLDING
2021-07-02,6,IEX,UNP,208.1145,201.7691,0.9079,-1.1455,-1,-0.9101,-0.0833,-0.9935,HOLDING
2021-07-06,6,IEX,UNP,206.5609,200.952,0.9079,-1.4187,-1,-0.7344,-0.0833,-0.8177,HOLDING
2021-07-07,6,IEX,UNP,210.4026,205.0283,0.9079,-1.2735,-1,-0.7546,-0.0833,-0.8379,HOLDING
2021-07-08,6,IEX,UNP,207.7944,196.0407,0.9079,1.7676,-1,-1.9944,-0.0833,-2.0777,HOLDING
2021-07-09,6,IEX,UNP,211.1748,199.0486,0.9079,1.8112,-1,-2.1288,-0.0833,-2.2122,HOLDING
2021-07-12,6,IEX,UNP,211.3913,198.6266,0.9079,1.8148,-1,-2.2613,-0.0833,-2.3447,HOLDING
2021-07-13,6,IEX,UNP,210.3838,196.7949,0.9079,1.8278,-1,-2.4097,-0.0833,-2.493,HOLDING
2021-07-14,6,IEX,UNP,211.356,197.576,0.9079,1.6814,-1,-2.4653,-0.0833,-2.5486,HOLDING
2021-07-15,6,IEX,UNP,212.0828,197.4772,0.9079,1.7237,-1,-2.6444,-0.0833,-2.7278,HOLDING
2021-07-16,6,IEX,UNP,213.9517,196.1125,0.9079,2.2965,-1,-3.3289,-0.0833,-3.4122,HOLDING
2021-07-19,6,IEX,UNP,209.8741,192.4492,0.9079,1.866,-1,-3.1738,-0.0833,-3.2572,HOLDING
2021-07-20,6,IEX,UNP,215.4808,193.4728,0.9079,2.4334,-1,-4.1959,-0.0833,-4.2792,HOLDING
2021-07-21,6,IEX,UNP,214.6974,195.0081,0.9079,1.6613,-1,-3.7148,-0.0833,-3.7982,HOLDING
2021-07-22,6,IEX,UNP,213.5176,197.1181,0.9079,0.8781,-1,-3.0311,-0.0833,-3.1145,HOLDING
2021-07-23,6,IEX,UNP,215.0183,197.6658,0.9079,0.9804,-1,-3.2496,-0.0833,-3.3329,HOLDING
2021-07-26,6,IEX,UNP,213.442,197.7017,0.9079,0.578,-1,-2.897,-0.0833,-2.9803,HOLDING
2021-07-27,6,IEX,UNP,213.5553,195.7623,0.9079,0.911,-1,-3.3126,-0.0833,-3.396,HOLDING
2021-07-28,6,IEX,UNP,207.2973,194.4425,0.9079,-0.1483,-1,-2.2076,-0.0833,-2.2909,HOLDING
2021-07-29,6,IEX,UNP,210.5348,195.1249,0.9079,0.3442,-1,-2.7794,-0.0833,-2.8627,HOLDING
2021-07-30,6,IEX,UNP,213.9706,196.4178,0.9079,0.7261,-1,-3.2715,-0.0833,-3.3549,HOLDING
2021-08-02,6,IEX,UNP,213.2627,195.3044,0.9079,0.7419,-1,-3.3408,-0.0833,-3.4241,HOLDING
2021-08-03,6,IEX,UNP,215.9339,197.5851,0.9079,0.7944,-1,-3.4664,-0.0833,-3.5497,HOLDING
2021-08-04,6,IEX,UNP,214.0555,195.3942,0.9079,0.8959,-1,-3.4964,-0.0833,-3.5797,HOLDING
2021-08-05,6,IEX,UNP,214.3671,196.7769,0.9079,0.4382,-1,-3.286,-0.0833,-3.3693,HOLDING
2021-08-06,6,IEX,UNP,214.8956,197.9801,0.9079,0.098,-1,-3.1593,-0.0833,-3.2427,HOLDING
2021-08-09,6,IEX,UNP,213.6025,197.4862,0.9079,-0.3391,-1,0.0,-3.1455,-3.1455,PERIOD_END_EXIT
2021-02-09,7,DHR,TMO,205.5448,482.9168,1.0053,0.0,0,0.0,0.0,0.0,HOLD_CASH
2021-02-10,7,DHR,TMO,205.9697,478.5545,1.0053,0.0,0,0.0,0.0,0.0,HOLD_CASH
2021-02-11,7,DHR,TMO,208.719,487.6049,1.0053,0.0,0,0.0,0.0,0.0,HOLD_CASH
2021-02-12,7,DHR,TMO,213.2635,501.2051,1.0053,0.0,0,0.0,0.0,0.0,HOLD_CASH
2021-02-16,7,DHR,TMO,210.1152,493.5562,1.0053,0.0,0,0.0,0.0,0.0,HOLD_CASH
2021-02-17,7,DHR,TMO,208.0685,491.9574,1.0053,0.0,0,0.0,0.0,0.0,HOLD_CASH
2021-02-18,7,DHR,TMO,205.8916,482.4234,1.0053,0.0,0,0.0,0.0,0.0,HOLD_CASH
2021-02-19,7,DHR,TMO,200.5492,472.613,1.0053,0.0,0,0.0,0.0,0.0,HOLD_CASH
2021-02-22,7,DHR,TMO,195.571,457.2364,1.0053,0.0,0,0.0,0.0,0.0,HOLD_CASH
2021-02-23,7,DHR,TMO,194.14,452.8246,1.0053,0.0,0,0.0,0.0,0.0,HOLD_CASH
2021-02-24,7,DHR,TMO,193.4029,450.7027,1.0053,0.0,0,0.0,0.0,0.0,HOLD_CASH
2021-02-25,7,DHR,TMO,190.1593,445.5804,1.0053,0.0,0,0.0,0.0,0.0,HOLD_CASH
2021-02-26,7,DHR,TMO,190.5148,444.2085,1.0053,0.0,0,0.0,0.0,0.0,HOLD_CASH
2021-03-01,7,DHR,TMO,195.7185,453.5648,1.0053,0.0,0,0.0,0.0,0.0,HOLD_CASH
2021-03-02,7,DHR,TMO,194.3482,456.0815,1.0053,0.0,0,0.0,0.0,0.0,HOLD_CASH
2021-03-03,7,DHR,TMO,190.5235,445.077,1.0053,0.0,0,0.0,0.0,0.0,HOLD_CASH
2021-03-04,7,DHR,TMO,185.953,435.701,1.0053,0.0,0,0.0,0.0,0.0,HOLD_CASH
2021-03-05,7,DHR,TMO,189.37,441.0404,1.0053,0.0,0,0.0,0.0,0.0,HOLD_CASH
2021-03-08,7,DHR,TMO,184.1924,434.1119,1.0053,0.0,0,0.0,0.0,0.0,HOLD_CASH
2021-03-09,7,DHR,TMO,187.6268,442.2642,1.0053,-1.1896,0,0.0,0.0,0.0,HOLD_CASH
2021-03-10,7,DHR,TMO,184.6694,435.3358,1.0053,-1.1374,0,0.0,0.0,0.0,HOLD_CASH
2021-03-11,7,DHR,TMO,190.1245,454.5123,1.0053,-2.7859,1,0.0,-0.0833,-0.0833,ENTER_LONG_A
2021-03-12,7,DHR,TMO,186.1871,444.6132,1.0053,-2.1361,1,0.0493,-0.0833,-0.0341,HOLDING
2021-03-15,7,DHR,TMO,188.1992,447.1709,1.0053,-1.3607,1,0.254,-0.0833,0.1706,HOLDING
2021-03-16,7,DHR,TMO,187.2452,440.8606,1.0053,-0.2372,1,0.6254,-0.0833,0.5421,HOLDING
2021-03-17,7,DHR,TMO,185.7188,437.0882,1.0053,-0.2178,1,0.6386,-0.0833,0.5552,HOLDING
2021-03-18,7,DHR,TMO,187.2885,440.1891,1.0053,-0.0411,1,0.6967,-0.0833,0.6133,HOLDING
2021-03-19,7,DHR,TMO,191.7203,439.4584,1.0053,2.3857,1,1.7325,-0.0833,1.6491,HOLDING
2021-03-22,7,DHR,TMO,193.8799,448.9879,1.0053,1.2257,1,1.3286,-0.0833,1.2453,HOLDING
2021-03-23,7,DHR,TMO,191.0786,446.371,1.0053,0.3814,1,0.9568,-0.0833,0.8735,HOLDING
2021-03-24,7,DHR,TMO,190.3414,439.8138,1.0053,1.3638,1,1.3984,-0.0833,1.3151,HOLDING
2021-03-25,7,DHR,TMO,189.8465,436.7722,1.0053,1.5701,1,1.5698,-0.0833,1.4865,HOLDING
2021-03-26,7,DHR,TMO,196.4268,454.3205,1.0053,1.024,1,1.3952,-0.0833,1.3118,HOLDING
2021-03-29,7,DHR,TMO,196.9563,452.8491,1.0053,1.4401,1,1.6461,-0.0833,1.5628,HOLDING
2021-03-30,7,DHR,TMO,193.5881,445.8377,1.0053,1.1869,1,1.5544,-0.0833,1.4711,HOLDING
2021-03-31,7,DHR,TMO,195.3937,450.6864,1.0053,0.9839,1,1.5034,-0.0833,1.42,HOLDING
2021-04-01,7,DHR,TMO,195.3937,450.6074,1.0053,0.9162,1,1.5106,-0.0833,1.4273,HOLDING
2021-04-05,7,DHR,TMO,196.6525,459.584,1.0053,-0.0773,1,0.9607,-0.0833,0.8773,HOLDING
2021-04-06,7,DHR,TMO,197.1039,462.8922,1.0053,-0.4625,1,0.7553,-0.0833,0.6719,HOLDING
2021-04-07,7,DHR,TMO,196.2532,460.5616,1.0053,-0.4258,1,0.7835,-0.0833,0.7002,HOLDING
2021-04-08,7,DHR,TMO,199.6127,465.6277,1.0053,-0.0079,1,1.0522,-0.0833,0.9689,HOLDING
2021-04-09,7,DHR,TMO,201.7135,472.9057,1.0053,-0.5335,1,0.8424,-0.0833,0.7591,HOLDING
2021-04-12,7,DHR,TMO,203.8665,470.0419,1.0053,0.8534,1,1.5762,-0.0833,1.4929,HOLDING
2021-04-13,7,DHR,TMO,210.8114,478.8012,1.0053,2.0749,1,2.2891,-0.0833,2.2058,HOLDING
2021-04-14,7,DHR,TMO,206.002,472.0762,1.0053,1.1112,1,1.856,-0.0833,1.7727,HOLDING
2021-04-15,7,DHR,TMO,210.5943,488.2123,1.0053,-0.1219,1,1.3766,-0.0833,1.2933,HOLDING
2021-04-16,7,DHR,TMO,211.0023,486.7706,1.0053,0.3172,1,1.5983,-0.0833,1.515,HOLDING
2021-04-19,7,DHR,TMO,210.0734,481.5565,1.0053,1.0401,1,1.8746,-0.0833,1.7912,HOLDING
2021-04-20,7,DHR,TMO,209.9519,476.3423,1.0053,1.8745,1,2.3273,-0.0833,2.2439,HOLDING
2021-04-21,7,DHR,TMO,212.1656,474.4166,1.0053,2.5643,1,2.9881,-0.0833,2.9048,HOLDING
2021-04-22,7,DHR,TMO,219.5619,478.1692,1.0053,3.0894,1,4.2598,-0.0833,4.1765,HOLDING
2021-04-23,7,DHR,TMO,225.5171,482.0008,1.0053,2.891,1,5.2093,-0.0833,5.126,HOLDING
2021-04-26,7,DHR,TMO,224.0586,487.8766,1.0053,1.808,1,4.3505,-0.0833,4.2671,HOLDING
2021-04-27,7,DHR,TMO,223.9892,484.1042,1.0053,1.7931,1,4.682,-0.0833,4.5987,HOLDING
2021-04-28,7,DHR,TMO,224.3104,479.7393,1.0053,1.8361,1,5.1534,-0.0833,5.0701,HOLDING
2021-04-29,7,DHR,TMO,222.7392,458.5965,1.0053,2.3774,1,6.7533,-0.0833,6.67,HOLDING
2021-04-30,7,DHR,TMO,220.4473,464.3636,1.0053,1.5633,1,5.7223,-0.0833,5.639,HOLDING
2021-05-03,7,DHR,TMO,221.0811,461.5493,1.0053,1.5689,1,6.1195,-0.0833,6.0362,HOLDING
2021-05-04,7,DHR,TMO,222.2617,459.4753,1.0053,1.5902,1,6.5682,-0.0833,6.4849,HOLDING
2021-05-05,7,DHR,TMO,220.9335,461.9343,1.0053,1.2103,1,6.0519,-0.0833,5.9685,HOLDING
2021-05-06,7,DHR,TMO,223.0951,464.2747,1.0053,1.1913,1,6.3092,-0.0833,6.2259,HOLDING
2021-05-07,7,DHR,TMO,224.3885,462.6059,1.0053,1.2812,1,6.7453,-0.0833,6.662,HOLDING
2021-05-10,7,DHR,TMO,224.866,457.688,1.0053,1.4173,1,7.3017,-0.0833,7.2184,HOLDING
2021-05-11,7,DHR,TMO,223.8937,458.2114,1.0053,1.1674,1,7.0411,-0.0833,6.9578,HOLDING
2021-05-12,7,DHR,TMO,217.2701,449.1064,1.0053,0.8587,1,6.4302,-0.0833,6.3469,HOLDING
2021-05-13,7,DHR,TMO,219.3448,451.2196,1.0053,0.8991,1,6.6895,-0.0833,6.6061,HOLDING
2021-05-14,7,DHR,TMO,220.1348,453.3429,1.0053,0.8094,1,6.667,-0.0833,6.5837,HOLDING
2021-05-17,7,DHR,TMO,217.8169,447.2696,1.0053,0.8469,1,6.7186,-0.0833,6.6353,HOLDING
2021-05-18,7,DHR,TMO,216.9662,448.9385,1.0053,0.5399,1,6.3793,-0.0833,6.2959,HOLDING
2021-05-19,7,DHR,TMO,216.4454,451.2493,1.0053,0.1366,1,6.053,-0.0833,5.9697,HOLDING
2021-05-20,7,DHR,TMO,221.2981,459.4852,1.0053,0.2388,1,6.3567,-0.0833,6.2734,HOLDING
2021-05-21,7,DHR,TMO,219.258,456.5721,1.0053,0.0157,1,6.1785,-0.0833,6.0952,HOLDING
2021-05-24,7,DHR,TMO,220.4213,456.6906,1.0053,0.1961,1,6.4219,-0.0833,6.3386,HOLDING
2021-05-25,7,DHR,TMO,221.4891,458.2311,1.0053,0.1893,1,6.5137,-0.0833,6.4304,HOLDING
2021-05-26,7,DHR,TMO,218.5635,453.9551,1.0053,-0.4121,1,6.2673,-0.0833,6.1839,HOLDING
2021-05-27,7,DHR,TMO,221.5672,466.5856,1.0053,-1.839,1,5.7629,-0.0833,5.6795,HOLDING
2021-05-28,7,DHR,TMO,222.3572,463.6427,1.0053,-0.8346,1,6.206,-0.0833,6.1227,HOLDING
2021-06-01,7,DHR,TMO,212.8687,441.4333,1.0053,-0.1666,1,6.1735,-0.0833,6.0902,HOLDING
2021-06-02,7,DHR,TMO,210.0908,443.6059,1.0053,-2.0564,1,5.3666,-0.0833,5.2833,HOLDING
2021-06-03,7,DHR,TMO,209.2227,439.7743,1.0053,-1.4609,1,5.529,-0.0833,5.4457,HOLDING
2021-06-04,7,DHR,TMO,210.3165,443.1615,1.0053,-1.5569,1,5.4568,-0.0833,5.3734,HOLDING
2021-06-07,7,DHR,TMO,208.5543,438.9053,1.0053,-1.2767,1,5.4628,-0.0833,5.3795,HOLDING
2021-06-08,7,DHR,TMO,208.5195,435.4983,1.0053,-0.4525,1,5.7684,-0.0833,5.685,HOLDING
2021-06-09,7,DHR,TMO,208.9535,442.6183,1.0053,-1.8072,1,5.2088,-0.0833,5.1255,HOLDING
2021-06-10,7,DHR,TMO,213.7803,459.11,1.0053,-2.5435,1,4.748,-0.0833,4.6646,HOLDING
2021-06-11,7,DHR,TMO,214.44,459.347,1.0053,-1.982,1,4.8704,-0.0833,4.787,HOLDING
2021-06-14,7,DHR,TMO,214.7786,464.4652,1.0053,-2.2723,1,4.4739,-0.0833,4.3906,HOLDING
2021-06-15,7,DHR,TMO,212.7733,464.4752,1.0053,-2.4097,1,4.0347,-0.0833,3.9514,HOLDING
2021-06-16,7,DHR,TMO,212.4607,462.835,1.0053,-1.9369,1,4.1172,-0.0833,4.0338,HOLDING
2021-06-17,7,DHR,TMO,223.1732,480.2844,1.0053,-1.1097,1,4.8548,-0.0833,4.7714,HOLDING
2021-06-18,7,DHR,TMO,223.0777,476.7174,1.0053,-0.6288,1,5.1618,-0.0833,5.0784,HOLDING
2021-06-21,7,DHR,TMO,227.9565,477.7945,1.0053,0.5321,1,6.1291,-0.0833,6.0458,HOLDING
2021-06-22,7,DHR,TMO,231.8196,486.3412,1.0053,0.5284,1,6.1879,-0.0833,6.1046,HOLDING
2021-06-23,7,DHR,TMO,233.2172,488.1296,1.0053,0.739,1,6.329,-0.0833,6.2457,HOLDING
2021-06-24,7,DHR,TMO,232.2702,489.4538,1.0053,0.3653,1,6.0003,-0.0833,5.917,HOLDING
2021-06-25,7,DHR,TMO,231.5839,486.9934,1.0053,0.5016,1,6.0765,-0.0833,5.9931,HOLDING
2021-06-28,7,DHR,TMO,236.0407,499.0776,1.0053,0.1821,1,5.9399,-0.0833,5.8566,HOLDING
2021-06-29,7,DHR,TMO,235.3284,502.1801,1.0053,-0.382,1,5.499,-0.0833,5.4157,HOLDING
2021-06-30,7,DHR,TMO,233.1477,498.4551,1.0053,-0.4686,1,5.3648,-0.0833,5.2814,HOLDING
2021-07-01,7,DHR,TMO,236.4925,503.4548,1.0053,-0.109,1,5.6363,-0.0833,5.553,HOLDING
2021-07-02,7,DHR,TMO,238.0737,507.1996,1.0053,-0.1259,1,5.6377,-0.0833,5.5544,HOLDING
2021-07-06,7,DHR,TMO,242.1483,510.8949,1.0053,0.6343,1,6.1887,-0.0833,6.1053,HOLDING
2021-07-07,7,DHR,TMO,242.0006,516.4874,1.0053,-0.1841,1,5.6424,-0.0833,5.559,HOLDING
2021-07-08,7,DHR,TMO,240.6367,512.4265,1.0053,0.0295,1,5.7175,-0.0833,5.6342,HOLDING
2021-07-09,7,DHR,TMO,241.0624,511.0926,1.0053,0.3458,1,5.9331,-0.0833,5.8498,HOLDING
2021-07-12,7,DHR,TMO,241.5315,508.5533,1.0053,0.8462,1,6.2691,-0.0833,6.1858,HOLDING
2021-07-13,7,DHR,TMO,240.4368,508.1679,1.0053,0.4615,1,6.0652,-0.0833,5.9819,HOLDING
2021-07-14,7,DHR,TMO,239.8895,504.6898,1.0053,0.8194,1,6.2653,-0.0833,6.182,HOLDING
2021-07-15,7,DHR,TMO,244.0858,508.3457,1.0053,1.8501,1,6.8465,-0.0833,6.7631,HOLDING
2021-07-16,7,DHR,TMO,247.4219,513.5925,1.0053,1.9948,1,7.0934,-0.0833,7.0101,HOLDING
2021-07-19,7,DHR,TMO,246.5183,515.4005,1.0053,1.0669,1,6.7297,-0.0833,6.6464,HOLDING
2021-07-20,7,DHR,TMO,246.388,516.3491,1.0053,0.794,1,6.614,-0.0833,6.5307,HOLDING
2021-07-21,7,DHR,TMO,243.0867,508.1284,1.0053,1.0615,1,6.6481,-0.0833,6.5647,HOLDING
2021-07-22,7,DHR,TMO,251.0447,518.2462,1.0053,2.1272,1,7.4575,-0.0833,7.3742,HOLDING
2021-07-23,7,DHR,TMO,253.0516,525.9139,1.0053,1.3051,1,7.1914,-0.0833,7.1081,HOLDING
2021-07-26,7,DHR,TMO,252.1046,522.8113,1.0053,1.3751,1,7.2696,-0.0833,7.1862,HOLDING
2021-07-27,7,DHR,TMO,252.4695,523.9574,1.0053,1.1789,1,7.244,-0.0833,7.1607,HOLDING
2021-07-28,7,DHR,TMO,254.4504,521.9714,1.0053,1.8993,1,7.8595,-0.0833,7.7762,HOLDING
2021-07-29,7,DHR,TMO,258.577,527.4057,1.0053,2.0361,1,8.262,-0.0833,8.1787,HOLDING
2021-07-30,7,DHR,TMO,258.4555,533.5713,1.0053,0.9983,1,7.6687,-0.0833,7.5854,HOLDING
2021-08-02,7,DHR,TMO,258.0645,527.3168,1.0053,1.6183,1,8.1581,-0.0833,8.0748,HOLDING
2021-08-03,7,DHR,TMO,262.6604,530.5873,1.0053,2.0759,1,8.8621,-0.0833,8.7787,HOLDING
2021-08-04,7,DHR,TMO,265.5187,532.455,1.0053,2.2013,1,9.3152,-0.0833,9.2318,HOLDING
2021-08-05,7,DHR,TMO,266.8392,535.8834,1.0053,1.866,1,9.2887,-0.0833,9.2053,HOLDING
2021-08-06,7,DHR,TMO,266.9609,531.7829,1.0053,2.0414,1,9.6922,-0.0833,9.6088,HOLDING
2021-08-09,7,DHR,TMO,267.5604,534.7076,1.0053,1.6326,1,0.0,9.3634,9.3634,PERIOD_END_EXIT
2021-02-09,8,EMR,ITT,77.1271,74.3242,0.9832,0.0,0,0.0,0.0,0.0,HOLD_CASH
2021-02-10,8,EMR,ITT,76.3729,73.0477,0.9832,0.0,0,0.0,0.0,0.0,HOLD_CASH
2021-02-11,8,EMR,ITT,76.9194,73.1233,0.9832,0.0,0,0.0,0.0,0.0,HOLD_CASH
2021-02-12,8,EMR,ITT,77.0729,74.7876,0.9832,0.0,0,0.0,0.0,0.0,HOLD_CASH
2021-02-16,8,EMR,ITT,76.8381,74.8443,0.9832,0.0,0,0.0,0.0,0.0,HOLD_CASH
2021-02-17,8,EMR,ITT,76.6574,74.8159,0.9832,0.0,0,0.0,0.0,0.0,HOLD_CASH
2021-02-18,8,EMR,ITT,76.2149,72.6789,0.9832,0.0,0,0.0,0.0,0.0,HOLD_CASH
2021-02-19,8,EMR,ITT,77.1813,74.1351,0.9832,0.0,0,0.0,0.0,0.0,HOLD_CASH
2021-02-22,8,EMR,ITT,77.8316,75.9128,0.9832,0.0,0,0.0,0.0,0.0,HOLD_CASH
2021-02-23,8,EMR,ITT,78.4007,77.2367,0.9832,0.0,0,0.0,0.0,0.0,HOLD_CASH
2021-02-24,8,EMR,ITT,80.3607,78.9104,0.9832,0.0,0,0.0,0.0,0.0,HOLD_CASH
2021-02-25,8,EMR,ITT,78.8794,78.3809,0.9832,0.0,0,0.0,0.0,0.0,HOLD_CASH
2021-02-26,8,EMR,ITT,77.5878,78.466,0.9832,0.0,0,0.0,0.0,0.0,HOLD_CASH
2021-03-01,8,EMR,ITT,79.882,81.6432,0.9832,0.0,0,0.0,0.0,0.0,HOLD_CASH
2021-03-02,8,EMR,ITT,79.1503,80.1964,0.9832,0.0,0,0.0,0.0,0.0,HOLD_CASH
2021-03-03,8,EMR,ITT,79.9633,80.1491,0.9832,0.0,0,0.0,0.0,0.0,HOLD_CASH
2021-03-04,8,EMR,ITT,79.9272,79.6858,0.9832,0.0,0,0.0,0.0,0.0,HOLD_CASH
2021-03-05,8,EMR,ITT,82.2304,82.3146,0.9832,0.0,0,0.0,0.0,0.0,HOLD_CASH
2021-03-08,8,EMR,ITT,83.2149,82.3713,0.9832,0.0,0,0.0,0.0,0.0,HOLD_CASH
2021-03-09,8,EMR,ITT,81.291,80.4517,0.9832,-0.2888,0,0.0,0.0,0.0,HOLD_CASH
2021-03-10,8,EMR,ITT,82.8446,82.3997,0.9832,-0.4489,0,0.0,0.0,0.0,HOLD_CASH
2021-03-11,8,EMR,ITT,82.4743,82.759,0.9832,-0.8021,0,0.0,0.0,0.0,HOLD_CASH
2021-03-12,8,EMR,ITT,83.2781,84.2625,0.9832,-1.142,0,0.0,0.0,0.0,HOLD_CASH
2021-03-15,8,EMR,ITT,82.122,84.5178,0.9832,-1.8058,0,0.0,0.0,0.0,HOLD_CASH
2021-03-16,8,EMR,ITT,80.442,82.4892,0.9832,-1.4545,0,0.0,0.0,0.0,HOLD_CASH
2021-03-17,8,EMR,ITT,81.7607,84.4325,0.9832,-1.5741,0,0.0,0.0,0.0,HOLD_CASH
2021-03-18,8,EMR,ITT,80.8033,83.7784,0.9832,-1.675,0,0.0,0.0,0.0,HOLD_CASH
2021-03-19,8,EMR,ITT,79.9272,83.6078,0.9832,-1.9605,0,0.0,0.0,0.0,HOLD_CASH
2021-03-22,8,EMR,ITT,80.7039,83.7026,0.9832,-1.3866,0,0.0,0.0,0.0,HOLD_CASH
2021-03-23,8,EMR,ITT,78.78,80.0246,0.9832,-0.2504,0,0.0,0.0,0.0,HOLD_CASH
2021-03-24,8,EMR,ITT,79.5388,81.7593,0.9832,-0.8132,0,0.0,0.0,0.0,HOLD_CASH
2021-03-25,8,EMR,ITT,80.5594,82.6219,0.9832,-0.5948,0,0.0,0.0,0.0,HOLD_CASH
2021-03-26,8,EMR,ITT,82.7091,85.9776,0.9832,-1.2406,0,0.0,0.0,0.0,HOLD_CASH
2021-03-29,8,EMR,ITT,82.402,84.9349,0.9832,-0.7263,0,0.0,0.0,0.0,HOLD_CASH
2021-03-30,8,EMR,ITT,82.3207,85.7406,0.9832,-1.193,0,0.0,0.0,0.0,HOLD_CASH
2021-03-31,8,EMR,ITT,81.4897,86.1767,0.9832,-1.7543,0,0.0,0.0,0.0,HOLD_CASH
2021-04-01,8,EMR,ITT,81.6613,86.1009,0.9832,-1.4346,0,0.0,0.0,0.0,HOLD_CASH
2021-04-05,8,EMR,ITT,82.7452,87.7408,0.9832,-1.5168,0,0.0,0.0,0.0,HOLD_CASH
2021-04-06,8,EMR,ITT,82.6188,87.2005,0.9832,-1.2066,0,0.0,0.0,0.0,HOLD_CASH
2021-04-07,8,EMR,ITT,82.2756,86.4516,0.9832,-0.9269,0,0.0,0.0,0.0,HOLD_CASH
2021-04-08,8,EMR,ITT,82.2304,86.4042,0.9832,-0.8831,0,0.0,0.0,0.0,HOLD_CASH
2021-04-09,8,EMR,ITT,83.0433,86.5938,0.9832,-0.284,0,0.0,0.0,0.0,HOLD_CASH
2021-04-12,8,EMR,ITT,83.1065,86.8876,0.9832,-0.4034,0,0.0,0.0,0.0,HOLD_CASH
2021-04-13,8,EMR,ITT,81.8601,86.4516,0.9832,-1.1575,0,0.0,0.0,0.0,HOLD_CASH
2021-04-14,8,EMR,ITT,82.682,86.935,0.9832,-0.693,0,0.0,0.0,0.0,HOLD_CASH
2021-04-15,8,EMR,ITT,82.8446,87.0677,0.9832,-0.5829,0,0.0,0.0,0.0,HOLD_CASH
2021-04-16,8,EMR,ITT,83.2781,87.9114,0.9832,-0.8764,0,0.0,0.0,0.0,HOLD_CASH
2021-04-19,8,EMR,ITT,82.9078,87.6365,0.9832,-0.9326,0,0.0,0.0,0.0,HOLD_CASH
2021-04-20,8,EMR,ITT,82.0407,87.1246,0.9832,-1.2063,0,0.0,0.0,0.0,HOLD_CASH
2021-04-21,8,EMR,ITT,83.1969,88.1389,0.9832,-0.9648,0,0.0,0.0,0.0,HOLD_CASH
2021-04-22,8,EMR,ITT,82.6639,87.7313,0.9832,-1.0767,0,0.0,0.0,0.0,HOLD_CASH
2021-04-23,8,EMR,ITT,83.513,89.4755,0.9832,-1.9793,0,0.0,0.0,0.0,HOLD_CASH
2021-04-26,8,EMR,ITT,83.2149,90.4424,0.9832,-2.7333,1,0.0,-0.0833,-0.0833,ENTER_LONG_A
2021-04-27,8,EMR,ITT,83.242,90.5277,0.9832,-2.4217,1,-0.0253,-0.0833,-0.1086,HOLDING
2021-04-28,8,EMR,ITT,83.1697,91.2292,0.9832,-2.5127,1,-0.3822,-0.0833,-0.4655,HOLDING
2021-04-29,8,EMR,ITT,83.811,91.523,0.9832,-1.848,1,-0.1926,-0.0833,-0.2759,HOLDING
2021-04-30,8,EMR,ITT,81.7336,89.3997,0.9832,-1.7156,1,-0.2717,-0.0833,-0.355,HOLDING
2021-05-03,8,EMR,ITT,82.131,88.8878,0.9832,-0.9635,1,0.1629,-0.0833,0.0795,HOLDING
2021-05-04,8,EMR,ITT,82.2936,90.6794,0.9832,-1.7633,1,-0.5734,-0.0833,-0.6568,HOLDING
2021-05-05,8,EMR,ITT,82.0949,91.3335,0.9832,-1.9458,1,-0.9726,-0.0833,-1.0559,HOLDING
2021-05-06,8,EMR,ITT,84.6511,93.0587,0.9832,-1.1839,1,-0.4699,-0.0833,-0.5532,HOLDING
2021-05-07,8,EMR,ITT,85.8524,93.8076,0.9832,-0.787,1,-0.2054,-0.0833,-0.2887,HOLDING
2021-05-10,8,EMR,ITT,86.1504,94.5469,0.9832,-0.9241,1,-0.3926,-0.0833,-0.476,HOLDING
2021-05-11,8,EMR,ITT,86.0421,90.8879,0.9832,1.1405,1,1.2241,-0.0833,1.1407,HOLDING
2021-05-12,8,EMR,ITT,84.3169,88.7551,0.9832,1.3168,1,1.3272,-0.0833,1.2439,HOLDING
2021-05-13,8,EMR,ITT,86.0106,90.5277,0.9832,1.3479,1,1.3727,-0.0833,1.2894,HOLDING
2021-05-14,8,EMR,ITT,87.0368,91.2197,0.9832,1.5217,1,1.5748,-0.0833,1.4915,HOLDING
2021-05-17,8,EMR,ITT,86.7462,91.0301,0.9832,1.393,1,1.5147,-0.0833,1.4313,HOLDING
2021-05-18,8,EMR,ITT,85.5656,89.2575,0.9832,1.5498,1,1.7283,-0.0833,1.6449,HOLDING
2021-05-19,8,EMR,ITT,84.7482,87.2194,0.9832,1.9275,1,2.2465,-0.0833,2.1632,HOLDING
2021-05-20,8,EMR,ITT,84.8572,86.7265,0.9832,1.9319,1,2.5267,-0.0833,2.4434,HOLDING
2021-05-21,8,EMR,ITT,85.0479,87.6649,0.9832,1.4308,1,2.1943,-0.0833,2.111,HOLDING
2021-05-24,8,EMR,ITT,85.3749,88.2148,0.9832,1.2072,1,2.1083,-0.0833,2.0249,HOLDING
2021-05-25,8,EMR,ITT,84.83,87.3901,0.9832,1.1792,1,2.2098,-0.0833,2.1265,HOLDING
2021-05-26,8,EMR,ITT,84.7392,87.7598,0.9832,0.8986,1,1.9951,-0.0833,1.9118,HOLDING
2021-05-27,8,EMR,ITT,86.6826,88.5465,0.9832,1.2553,1,2.6171,-0.0833,2.5337,HOLDING
2021-05-28,8,EMR,ITT,86.9005,89.011,0.9832,1.0535,1,2.5149,-0.0833,2.4316,HOLDING
2021-06-01,8,EMR,ITT,88.181,89.6556,0.9832,1.1882,1,2.8671,-0.0833,2.7837,HOLDING
2021-06-02,8,EMR,ITT,88.5261,89.2196,0.9832,1.3667,1,3.2405,-0.0833,3.1572,HOLDING
2021-06-03,8,EMR,ITT,88.5443,89.0015,0.9832,1.3986,1,3.3493,-0.0833,3.2659,HOLDING
2021-06-04,8,EMR,ITT,89.1891,89.4566,0.9832,1.411,1,3.467,-0.0833,3.3837,HOLDING
2021-06-07,8,EMR,ITT,88.8803,88.101,0.9832,1.7818,1,3.9303,-0.0833,3.847,HOLDING
2021-06-08,8,EMR,ITT,89.4615,89.1248,0.9832,1.6105,1,3.7561,-0.0833,3.6728,HOLDING
2021-06-09,8,EMR,ITT,88.9076,88.12,0.9832,1.6662,1,3.9354,-0.0833,3.8521,HOLDING
2021-06-10,8,EMR,ITT,88.626,87.5228,0.9832,1.6458,1,4.0661,-0.0833,3.9827,HOLDING
2021-06-11,8,EMR,ITT,88.1175,88.3095,0.9832,0.8342,1,3.4499,-0.0833,3.3665,HOLDING
2021-06-14,8,EMR,ITT,88.4353,86.7929,0.9832,1.7106,1,4.3032,-0.0833,4.2198,HOLDING
2021-06-15,8,EMR,ITT,89.5523,88.6887,0.9832,1.1692,1,4.0012,-0.0833,3.9179,HOLDING
2021-06-16,8,EMR,ITT,89.2163,87.7882,0.9832,1.3828,1,4.2429,-0.0833,4.1596,HOLDING
2021-06-17,8,EMR,ITT,85.3839,84.641,0.9832,0.8505,1,3.7453,-0.0833,3.662,HOLDING
2021-06-18,8,EMR,ITT,83.7947,82.8735,0.9832,0.869,1,3.7502,-0.0833,3.6669,HOLDING
2021-06-21,8,EMR,ITT,86.2104,85.0972,0.9832,0.9126,1,3.9543,-0.0833,3.8709,HOLDING
2021-06-22,8,EMR,ITT,86.0741,84.9641,0.9832,0.8339,1,3.9462,-0.0833,3.8629,HOLDING
2021-06-23,8,EMR,ITT,85.8198,84.527,0.9832,0.8908,1,4.0175,-0.0833,3.9342,HOLDING
2021-06-24,8,EMR,ITT,86.5918,85.7814,0.9832,0.4541,1,3.8343,-0.0833,3.751,HOLDING
2021-06-25,8,EMR,ITT,87.1821,86.9692,0.9832,-0.2032,1,3.5898,-0.0833,3.5064,HOLDING
2021-06-28,8,EMR,ITT,86.3012,86.5701,0.9832,-0.9824,1,3.3273,-0.0833,3.244,HOLDING
2021-06-29,8,EMR,ITT,85.9924,86.4751,0.9832,-1.4946,1,3.2148,-0.0833,3.1314,HOLDING
2021-06-30,8,EMR,ITT,87.4,87.0357,0.9832,-0.357,1,3.6695,-0.0833,3.5861,HOLDING
2021-07-01,8,EMR,ITT,88.0176,89.0978,0.9832,-2.267,1,3.0393,-0.0833,2.956,HOLDING
2021-07-02,8,EMR,ITT,88.4898,89.2119,0.9832,-1.6489,1,3.2257,-0.0833,3.1424,HOLDING
2021-07-06,8,EMR,ITT,86.9096,88.0145,0.9832,-1.8752,1,2.9747,-0.0833,2.8914,HOLDING
2021-07-07,8,EMR,ITT,88.1538,89.1834,0.9832,-1.5468,1,3.069,-0.0833,2.9857,HOLDING
2021-07-08,8,EMR,ITT,87.2093,88.5087,0.9832,-1.6333,1,2.9003,-0.0833,2.817,HOLDING
2021-07-09,8,EMR,ITT,88.6442,90.2762,0.9832,-1.6737,1,2.8175,-0.0833,2.7341,HOLDING
2021-07-12,8,EMR,ITT,89.5523,90.4947,0.9832,-0.9397,1,3.1762,-0.0833,3.0929,HOLDING
2021-07-13,8,EMR,ITT,88.8167,89.9816,0.9832,-1.0668,1,3.0392,-0.0833,2.9558,HOLDING
2021-07-14,8,EMR,ITT,89.0529,90.2952,0.9832,-1.025,1,3.0151,-0.0833,2.9318,HOLDING
2021-07-15,8,EMR,ITT,89.4706,90.3047,0.9832,-0.5513,1,3.2217,-0.0833,3.1384,HOLDING
2021-07-16,8,EMR,ITT,88.3263,89.497,0.9832,-0.8365,1,3.0129,-0.0833,2.9296,HOLDING
2021-07-19,8,EMR,ITT,85.1932,87.4729,0.9832,-1.8391,1,2.3554,-0.0833,2.2721,HOLDING
2021-07-20,8,EMR,ITT,88.2083,90.5898,0.9832,-1.6333,1,2.4541,-0.0833,2.3708,HOLDING
2021-07-21,8,EMR,ITT,89.2436,91.445,0.9832,-1.3173,1,2.5862,-0.0833,2.5029,HOLDING
2021-07-22,8,EMR,ITT,88.4898,91.369,0.9832,-1.9045,1,2.2403,-0.0833,2.157,HOLDING
2021-07-23,8,EMR,ITT,89.4343,91.7776,0.9832,-1.2323,1,2.5306,-0.0833,2.4472,HOLDING
2021-07-26,8,EMR,ITT,89.3071,92.1387,0.9832,-1.6256,1,2.3014,-0.0833,2.2181,HOLDING
2021-07-27,8,EMR,ITT,89.3071,91.9011,0.9832,-1.2276,1,2.4099,-0.0833,2.3266,HOLDING
2021-07-28,8,EMR,ITT,89.3253,91.4355,0.9832,-0.6001,1,2.6318,-0.0833,2.5485,HOLDING
2021-07-29,8,EMR,ITT,90.8147,92.6614,0.9832,-0.116,1,2.8239,-0.0833,2.7406,HOLDING
2021-07-30,8,EMR,ITT,91.6229,93.0415,0.9832,0.5355,1,3.0584,-0.0833,2.9751,HOLDING
2021-08-02,8,EMR,ITT,90.5604,92.0532,0.9832,0.4556,1,2.9733,-0.0833,2.89,HOLDING
2021-08-03,8,EMR,ITT,91.8681,93.3741,0.9832,0.5265,1,3.0303,-0.0833,2.947,HOLDING
2021-08-04,8,EMR,ITT,90.9963,92.2812,0.9832,0.8368,1,3.0893,-0.0833,3.0059,HOLDING
2021-08-05,8,EMR,ITT,91.7773,92.975,0.9832,0.9709,1,3.1667,-0.0833,3.0834,HOLDING
2021-08-06,8,EMR,ITT,92.1224,92.8894,0.9832,1.4575,1,3.3801,-0.0833,3.2968,HOLDING
2021-08-09,8,EMR,ITT,91.8681,92.3003,0.9832,1.7686,1,0.0,3.3489,3.3489,PERIOD_END_EXIT
2021-02-09,9,CSX,NUE,27.4815,50.5825,0.9508,0.0,0,0.0,0.0,0.0,HOLD_CASH
2021-02-10,9,CSX,NUE,27.3914,50.8415,0.9508,0.0,0,0.0,0.0,0.0,HOLD_CASH
2021-02-11,9,CSX,NUE,27.5685,50.7397,0.9508,0.0,0,0.0,0.0,0.0,HOLD_CASH
2021-02-12,9,CSX,NUE,28.0003,52.1181,0.9508,0.0,0,0.0,0.0,0.0,HOLD_CASH
2021-02-16,9,CSX,NUE,28.1898,53.0431,0.9508,0.0,0,0.0,0.0,0.0,HOLD_CASH
2021-02-17,9,CSX,NUE,27.9537,52.7286,0.9508,0.0,0,0.0,0.0,0.0,HOLD_CASH
2021-02-18,9,CSX,NUE,27.963,52.2661,0.9508,0.0,0,0.0,0.0,0.0,HOLD_CASH
2021-02-19,9,CSX,NUE,28.606,53.6907,0.9508,0.0,0,0.0,0.0,0.0,HOLD_CASH
2021-02-22,9,CSX,NUE,28.7582,55.3835,0.9508,0.0,0,0.0,0.0,0.0,HOLD_CASH
2021-02-23,9,CSX,NUE,28.4818,56.2994,0.9508,0.0,0,0.0,0.0,0.0,HOLD_CASH
2021-02-24,9,CSX,NUE,29.0036,58.3067,0.9508,0.0,0,0.0,0.0,0.0,HOLD_CASH
2021-02-25,9,CSX,NUE,28.7232,56.9007,0.9508,0.0,0,0.0,0.0,0.0,HOLD_CASH
2021-02-26,9,CSX,NUE,28.5238,55.3373,0.9508,0.0,0,0.0,0.0,0.0,HOLD_CASH
2021-03-01,9,CSX,NUE,28.9538,56.9099,0.9508,0.0,0,0.0,0.0,0.0,HOLD_CASH
2021-03-02,9,CSX,NUE,28.7139,57.1782,0.9508,0.0,0,0.0,0.0,0.0,HOLD_CASH
2021-03-03,9,CSX,NUE,28.3805,57.6315,0.9508,0.0,0,0.0,0.0,0.0,HOLD_CASH
2021-03-04,9,CSX,NUE,27.4988,55.8738,0.9508,0.0,0,0.0,0.0,0.0,HOLD_CASH
2021-03-05,9,CSX,NUE,28.5487,58.205,0.9508,0.0,0,0.0,0.0,0.0,HOLD_CASH
2021-03-08,9,CSX,NUE,28.8291,61.3965,0.9508,0.0,0,0.0,0.0,0.0,HOLD_CASH
2021-03-09,9,CSX,NUE,28.8946,60.9247,0.9508,-1.741,0,0.0,0.0,0.0,HOLD_CASH
2021-03-10,9,CSX,NUE,29.1594,62.4048,0.9508,-1.8032,0,0.0,0.0,0.0,HOLD_CASH
2021-03-11,9,CSX,NUE,29.2311,62.7471,0.9508,-1.6444,0,0.0,0.0,0.0,HOLD_CASH
2021-03-12,9,CSX,NUE,29.2404,64.5324,0.9508,-1.9284,0,0.0,0.0,0.0,HOLD_CASH
2021-03-15,9,CSX,NUE,29.1251,64.2919,0.9508,-1.7117,0,0.0,0.0,0.0,HOLD_CASH
2021-03-16,9,CSX,NUE,28.6453,63.7461,0.9508,-1.6622,0,0.0,0.0,0.0,HOLD_CASH
2021-03-17,9,CSX,NUE,28.7076,64.9764,0.9508,-1.734,0,0.0,0.0,0.0,HOLD_CASH
2021-03-18,9,CSX,NUE,28.8229,65.1245,0.9508,-1.5434,0,0.0,0.0,0.0,HOLD_CASH
2021-03-19,9,CSX,NUE,28.2808,65.9755,0.9508,-1.8912,0,0.0,0.0,0.0,HOLD_CASH
2021-03-22,9,CSX,NUE,29.2186,64.3382,0.9508,-0.7842,0,0.0,0.0,0.0,HOLD_CASH
2021-03-23,9,CSX,NUE,28.9507,62.451,0.9508,-0.3566,0,0.0,0.0,0.0,HOLD_CASH
2021-03-24,9,CSX,NUE,29.3401,64.2642,0.9508,-0.558,0,0.0,0.0,0.0,HOLD_CASH
2021-03-25,9,CSX,NUE,29.767,67.3631,0.9508,-1.0579,0,0.0,0.0,0.0,HOLD_CASH
2021-03-26,9,CSX,NUE,30.4275,73.3575,0.9508,-2.0125,1,0.0,-0.0833,-0.0833,ENTER_LONG_A
2021-03-29,9,CSX,NUE,30.1003,72.8488,0.9508,-1.8826,1,-0.1776,-0.0833,-0.2609,HOLDING
2021-03-30,9,CSX,NUE,30.0255,74.7503,0.9508,-2.1009,1,-1.3354,-0.0833,-1.4187,HOLDING
2021-03-31,9,CSX,NUE,30.0411,74.6387,0.9508,-1.8198,1,-1.2517,-0.0833,-1.3351,HOLDING
2021-04-01,9,CSX,NUE,30.3028,74.2761,0.9508,-1.4387,1,-0.6835,-0.0833,-0.7669,HOLDING
2021-04-05,9,CSX,NUE,30.711,74.8619,0.9508,-1.2325,1,-0.4349,-0.0833,-0.5182,HOLDING
2021-04-06,9,CSX,NUE,30.2561,74.2389,0.9508,-1.2336,1,-0.7285,-0.0833,-0.8119,HOLDING
2021-04-07,9,CSX,NUE,30.2063,74.211,0.9508,-1.151,1,-0.7831,-0.0833,-0.8664,HOLDING
2021-04-08,9,CSX,NUE,30.0598,74.0157,0.9508,-1.0917,1,-0.8806,-0.0833,-0.9639,HOLDING
2021-04-09,9,CSX,NUE,30.6238,74.6573,0.9508,-0.8026,1,-0.4441,-0.0833,-0.5274,HOLDING
2021-04-12,9,CSX,NUE,30.7235,74.8805,0.9508,-0.7135,1,-0.4277,-0.0833,-0.511,HOLDING
2021-04-13,9,CSX,NUE,30.4711,72.7883,0.9508,-0.2448,1,0.3764,-0.0833,0.2931,HOLDING
2021-04-14,9,CSX,NUE,30.6456,73.5136,0.9508,-0.262,1,0.2198,-0.0833,0.1365,HOLDING
2021-04-15,9,CSX,NUE,30.8045,73.3648,0.9508,-0.0453,1,0.5252,-0.0833,0.4419,HOLDING
2021-04-16,9,CSX,NUE,30.7328,73.9227,0.9508,-0.2125,1,0.1157,-0.0833,0.0324,HOLDING
2021-04-19,9,CSX,NUE,30.7546,73.8669,0.9508,-0.1488,1,0.1772,-0.0833,0.0939,HOLDING
2021-04-20,9,CSX,NUE,30.6736,72.9836,0.9508,0.1747,1,0.5526,-0.0833,0.4693,HOLDING
2021-04-21,9,CSX,NUE,31.9946,74.555,0.9508,1.0786,1,1.5372,-0.0833,1.4538,HOLDING
2021-04-22,9,CSX,NUE,31.7236,70.7519,0.9508,2.6867,1,3.2623,-0.0833,3.1789,HOLDING
2021-04-23,9,CSX,NUE,32.1255,72.3699,0.9508,2.2704,1,2.9307,-0.0833,2.8474,HOLDING
2021-04-26,9,CSX,NUE,31.8794,74.9456,0.9508,0.7664,1,1.1591,-0.0833,1.0758,HOLDING
2021-04-27,9,CSX,NUE,31.7547,75.0292,0.9508,0.546,1,0.9378,-0.0833,0.8545,HOLDING
2021-04-28,9,CSX,NUE,31.6239,75.8568,0.9508,-0.023,1,0.2959,-0.0833,0.2126,HOLDING
2021-04-29,9,CSX,NUE,31.5273,76.6286,0.9508,-0.5465,1,-0.267,-0.0833,-0.3503,HOLDING
2021-04-30,9,CSX,NUE,31.3902,76.4891,0.9508,-0.6672,1,-0.3822,-0.0833,-0.4656,HOLDING
2021-05-03,9,CSX,NUE,31.5865,79.6878,0.9508,-1.7222,1,-1.8777,-0.0833,-1.961,HOLDING
2021-05-04,9,CSX,NUE,31.6706,83.3699,0.9508,-2.5037,1,-3.7983,-0.0833,-3.8816,HOLDING
2021-05-05,9,CSX,NUE,31.5304,86.3176,0.9508,-2.6981,1,-5.6271,-0.0833,-5.7105,HOLDING
2021-05-06,9,CSX,NUE,31.9541,88.9769,0.9508,-2.4168,1,-6.5047,-0.0833,-6.588,HOLDING
2021-05-07,9,CSX,NUE,32.1317,91.8316,0.9508,-2.3022,1,-7.8359,-0.0833,-7.9192,HOLDING
2021-05-10,9,CSX,NUE,32.1411,94.1934,0.9508,-2.1825,1,-9.1304,-0.0833,-9.2137,HOLDING
2021-05-11,9,CSX,NUE,31.6363,94.8256,0.9508,-2.0572,1,-10.1891,-0.0833,-10.2724,HOLDING
2021-05-12,9,CSX,NUE,31.0444,89.2559,0.9508,-1.4144,1,-7.9363,-0.0833,-8.0197,HOLDING
2021-05-13,9,CSX,NUE,31.384,93.7284,0.9508,-1.5908,1,-9.9359,-0.0833,-10.0192,HOLDING
2021-05-14,9,CSX,NUE,31.6893,95.3185,0.9508,-1.465,1,-10.3876,-0.0833,-10.4709,HOLDING
2021-05-17,9,CSX,NUE,31.2812,98.8612,0.9508,-1.6874,0,-12.9221,-13.1041,-13.1041,STOP_LOSS_TRIGGERED
2021-05-18,9,CSX,NUE,30.8138,96.2111,0.9508,-1.4097,0,0.0,-13.1041,-13.1041,STOPPED
2021-05-19,9,CSX,NUE,30.6456,94.4072,0.9508,-1.1716,0,0.0,-13.1041,-13.1041,STOPPED
2021-05-20,9,CSX,NUE,30.6206,94.0353,0.9508,-1.0544,0,0.0,-13.1041,-13.1041,STOPPED
2021-05-21,9,CSX,NUE,30.6238,94.9651,0.9508,-1.0592,0,0.0,-13.1041,-13.1041,STOPPED
2021-05-24,9,CSX,NUE,30.954,96.1088,0.9508,-0.9792,0,0.0,-13.1041,-13.1041,STOPPED
2021-05-25,9,CSX,NUE,30.8637,93.0311,0.9508,-0.6117,0,0.0,-13.1041,-13.1041,STOPPED
2021-05-26,9,CSX,NUE,31.2936,93.7749,0.9508,-0.4646,0,0.0,-13.1041,-13.1041,STOPPED
2021-05-27,9,CSX,NUE,31.203,93.9609,0.9508,-0.4502,0,0.0,-13.1041,-13.1041,STOPPED
2021-05-28,9,CSX,NUE,31.2811,95.3464,0.9508,-0.5602,0,0.0,-13.1041,-13.1041,STOPPED
2021-06-01,9,CSX,NUE,31.3374,102.9711,0.9508,-1.8144,0,0.0,-13.1041,-13.1041,STOPPED
2021-06-02,9,CSX,NUE,31.1124,97.6617,0.9508,-0.9292,0,0.0,-13.1041,-13.1041,STOPPED
2021-06-03,9,CSX,NUE,31.1499,99.5586,0.9508,-1.2842,0,0.0,-13.1041,-13.1041,STOPPED
2021-06-04,9,CSX,NUE,31.1249,101.1486,0.9508,-1.6238,0,0.0,-13.1041,-13.1041,STOPPED
2021-06-07,9,CSX,NUE,30.6406,99.8375,0.9508,-1.5888,0,0.0,-13.1041,-13.1041,STOPPED
2021-06-08,9,CSX,NUE,30.6656,102.2737,0.9508,-1.9389,0,0.0,-13.1041,-13.1041,STOPPED
2021-06-09,9,CSX,NUE,30.5625,100.0328,0.9508,-1.2982,0,0.0,-13.1041,-13.1041,STOPPED
2021-06-10,9,CSX,NUE,30.2032,98.8519,0.9508,-1.2481,0,0.0,-13.1041,-13.1041,STOPPED
2021-06-11,9,CSX,NUE,30.3782,99.1122,0.9508,-1.0498,0,0.0,-13.1041,-13.1041,STOPPED
2021-06-14,9,CSX,NUE,30.3969,95.5044,0.9508,0.0981,0,0.0,-13.1041,-13.1041,STOPPED
2021-06-15,9,CSX,NUE,30.7469,94.7699,0.9508,0.6485,0,0.0,-13.1041,-13.1041,STOPPED
2021-06-16,9,CSX,NUE,30.3782,92.9288,0.9508,0.8116,0,0.0,-13.1041,-13.1041,STOPPED
2021-06-17,9,CSX,NUE,30.072,88.5678,0.9508,1.7046,0,0.0,-13.1041,-13.1041,STOPPED
2021-06-18,9,CSX,NUE,29.6033,86.4942,0.9508,1.6978,0,0.0,-13.1041,-13.1041,STOPPED
2021-06-21,9,CSX,NUE,29.9345,89.135,0.9508,1.1458,0,0.0,-13.1041,-13.1041,STOPPED
2021-06-22,9,CSX,NUE,29.7689,88.9676,0.9508,0.9802,0,0.0,-13.1041,-13.1041,STOPPED
2021-06-23,9,CSX,NUE,29.5752,89.2373,0.9508,0.7534,0,0.0,-13.1041,-13.1041,STOPPED
2021-06-24,9,CSX,NUE,29.7283,91.0133,0.9508,0.4545,0,0.0,-13.1041,-13.1041,STOPPED
2021-06-25,9,CSX,NUE,29.9658,89.9068,0.9508,0.9482,0,0.0,-13.1041,-13.1041,STOPPED
2021-06-28,9,CSX,NUE,29.7814,88.4376,0.9508,1.1308,0,0.0,-13.1041,-13.1041,STOPPED
2021-06-29,9,CSX,NUE,29.5815,88.3676,0.9508,0.8905,0,0.0,-13.1041,-13.1041,STOPPED
2021-06-30,9,CSX,NUE,30.0689,89.5815,0.9508,0.8957,0,0.0,-13.1041,-13.1041,STOPPED
2021-07-01,9,CSX,NUE,30.2563,90.2539,0.9508,0.7917,0,0.0,-13.1041,-13.1041,STOPPED
2021-07-02,9,CSX,NUE,30.5375,90.1325,0.9508,0.952,0,0.0,-13.1041,-13.1041,STOPPED
2021-07-06,9,CSX,NUE,30.3688,86.4252,0.9508,1.6122,0,0.0,-13.1041,-13.1041,STOPPED
2021-07-07,9,CSX,NUE,30.9125,89.3574,0.9508,1.2099,0,0.0,-13.1041,-13.1041,STOPPED
2021-07-08,9,CSX,NUE,29.0097,87.4991,0.9508,-0.055,0,0.0,-13.1041,-13.1041,STOPPED
2021-07-09,9,CSX,NUE,29.8345,90.7395,0.9508,-0.4209,0,0.0,-13.1041,-13.1041,STOPPED
2021-07-12,9,CSX,NUE,29.7502,91.2904,0.9508,-1.0563,0,0.0,-13.1041,-13.1041,STOPPED
2021-07-13,9,CSX,NUE,29.7127,88.9932,0.9508,-0.1306,0,0.0,-13.1041,-13.1041,STOPPED
2021-07-14,9,CSX,NUE,29.6565,88.7878,0.9508,-0.1932,0,0.0,-13.1041,-13.1041,STOPPED
2021-07-15,9,CSX,NUE,29.8158,89.1053,0.9508,-0.1503,0,0.0,-13.1041,-13.1041,STOPPED
2021-07-16,9,CSX,NUE,29.5346,85.949,0.9508,1.2066,0,0.0,-13.1041,-13.1041,STOPPED
2021-07-19,9,CSX,NUE,28.8879,84.0813,0.9508,1.1216,0,0.0,-13.1041,-13.1041,STOPPED
2021-07-20,9,CSX,NUE,29.2253,85.4634,0.9508,0.8452,0,0.0,-13.1041,-13.1041,STOPPED
2021-07-21,9,CSX,NUE,29.5908,86.7521,0.9508,0.6907,0,0.0,-13.1041,-13.1041,STOPPED
2021-07-22,9,CSX,NUE,30.6219,87.6392,0.9508,1.7335,0,0.0,-13.1041,-13.1041,STOPPED
2021-07-23,9,CSX,NUE,30.7531,88.0874,0.9508,1.5409,0,0.0,-13.1041,-13.1041,STOPPED
2021-07-26,9,CSX,NUE,30.8281,91.2904,0.9508,-0.058,0,0.0,-13.1041,-13.1041,STOPPED
2021-07-27,9,CSX,NUE,30.3501,91.8694,0.9508,-1.0699,0,0.0,-13.1041,-13.1041,STOPPED
2021-07-28,9,CSX,NUE,29.9095,92.8219,0.9508,-1.9473,0,0.0,-13.1041,-13.1041,STOPPED
2021-07-29,9,CSX,NUE,30.0782,96.6039,0.9508,-2.5609,0,0.0,-13.1041,-13.1041,STOPPED
2021-07-30,9,CSX,NUE,30.2938,97.1361,0.9508,-2.0729,0,0.0,-13.1041,-13.1041,STOPPED
2021-08-02,9,CSX,NUE,30.0782,95.3245,0.9508,-1.5348,0,0.0,-13.1041,-13.1041,STOPPED
2021-08-03,9,CSX,NUE,30.3969,99.6108,0.9508,-2.068,0,0.0,-13.1041,-13.1041,STOPPED
2021-08-04,9,CSX,NUE,29.9189,97.9579,0.9508,-1.7913,0,0.0,-13.1041,-13.1041,STOPPED
2021-08-05,9,CSX,NUE,30.1345,94.7923,0.9508,-0.7796,0,0.0,-13.1041,-13.1041,STOPPED
2021-08-06,9,CSX,NUE,30.2751,97.407,0.9508,-1.1833,0,0.0,-13.1041,-13.1041,STOPPED
2021-08-09,9,CSX,NUE,30.3594,100.6473,0.9508,-1.6278,0,0.0,-13.1041,-13.1041,STOPPED
2021-02-09,10,MET,TFC,47.0895,41.7936,0.9694,0.0,0,0.0,0.0,0.0,HOLD_CASH
2021-02-10,10,MET,TFC,47.5568,42.0599,0.9694,0.0,0,0.0,0.0,0.0,HOLD_CASH
2021-02-11,10,MET,TFC,47.8596,41.6808,0.9694,0.0,0,0.0,0.0,0.0,HOLD_CASH
2021-02-12,10,MET,TFC,48.1712,42.6522,0.9694,0.0,0,0.0,0.0,0.0,HOLD_CASH
2021-02-16,10,MET,TFC,48.4654,43.9473,0.9694,0.0,0,0.0,0.0,0.0,HOLD_CASH
2021-02-17,10,MET,TFC,47.9462,43.9473,0.9694,0.0,0,0.0,0.0,0.0,HOLD_CASH
2021-02-18,10,MET,TFC,47.5828,44.0894,0.9694,0.0,0,0.0,0.0,0.0,HOLD_CASH
2021-02-19,10,MET,TFC,48.5173,45.4714,0.9694,0.0,0,0.0,0.0,0.0,HOLD_CASH
2021-02-22,10,MET,TFC,49.7027,46.6481,0.9694,0.0,0,0.0,0.0,0.0,HOLD_CASH
2021-02-23,10,MET,TFC,49.6941,46.3796,0.9694,0.0,0,0.0,0.0,0.0,HOLD_CASH
2021-02-24,10,MET,TFC,51.5372,47.5168,0.9694,0.0,0,0.0,0.0,0.0,HOLD_CASH
2021-02-25,10,MET,TFC,50.4123,46.3006,0.9694,0.0,0,0.0,0.0,0.0,HOLD_CASH
2021-02-26,10,MET,TFC,49.8412,44.9818,0.9694,0.0,0,0.0,0.0,0.0,HOLD_CASH
2021-03-01,10,MET,TFC,51.4333,46.4428,0.9694,0.0,0,0.0,0.0,0.0,HOLD_CASH
2021-03-02,10,MET,TFC,51.018,46.0084,0.9694,0.0,0,0.0,0.0,0.0,HOLD_CASH
2021-03-03,10,MET,TFC,51.4333,46.1901,0.9694,0.0,0,0.0,0.0,0.0,HOLD_CASH
2021-03-04,10,MET,TFC,50.7324,45.3135,0.9694,0.0,0,0.0,0.0,0.0,HOLD_CASH
2021-03-05,10,MET,TFC,51.667,46.3717,0.9694,0.0,0,0.0,0.0,0.0,HOLD_CASH
2021-03-08,10,MET,TFC,52.2381,47.1535,0.9694,0.0,0,0.0,0.0,0.0,HOLD_CASH
2021-03-09,10,MET,TFC,51.615,46.0005,0.9694,0.8349,0,0.0,0.0,0.0,HOLD_CASH
2021-03-10,10,MET,TFC,52.3332,46.4349,0.9694,1.0512,0,0.0,0.0,0.0,HOLD_CASH
2021-03-11,10,MET,TFC,51.9265,46.5217,0.9694,0.6144,0,0.0,0.0,0.0,HOLD_CASH
2021-03-12,10,MET,TFC,52.8611,47.3193,0.9694,0.8118,0,0.0,0.0,0.0,HOLD_CASH
2021-03-15,10,MET,TFC,52.3852,46.9719,0.9694,0.7548,0,0.0,0.0,0.0,HOLD_CASH
2021-03-16,10,MET,TFC,51.3208,45.9926,0.9694,0.7019,0,0.0,0.0,0.0,HOLD_CASH
2021-03-17,10,MET,TFC,52.0477,46.2611,0.9694,1.0602,0,0.0,0.0,0.0,HOLD_CASH
2021-03-18,10,MET,TFC,53.4408,46.8534,0.9694,1.6257,0,0.0,0.0,0.0,HOLD_CASH
2021-03-19,10,MET,TFC,53.0341,46.2295,0.9694,1.7627,0,0.0,0.0,0.0,HOLD_CASH
2021-03-22,10,MET,TFC,52.0131,45.3846,0.9694,1.6165,0,0.0,0.0,0.0,HOLD_CASH
2021-03-23,10,MET,TFC,50.7584,44.2869,0.9694,1.5439,0,0.0,0.0,0.0,HOLD_CASH
2021-03-24,10,MET,TFC,50.6546,44.0815,0.9694,1.5977,0,0.0,0.0,0.0,HOLD_CASH
2021-03-25,10,MET,TFC,51.9525,45.4004,0.9694,1.3041,0,0.0,0.0,0.0,HOLD_CASH
2021-03-26,10,MET,TFC,52.6274,46.8692,0.9694,-0.1267,0,0.0,0.0,0.0,HOLD_CASH
2021-03-29,10,MET,TFC,52.0563,45.2582,0.9694,1.5159,0,0.0,0.0,0.0,HOLD_CASH
2021-03-30,10,MET,TFC,53.1639,46.4191,0.9694,1.1306,0,0.0,0.0,0.0,HOLD_CASH
2021-03-31,10,MET,TFC,52.6015,46.0558,0.9694,0.8072,0,0.0,0.0,0.0,HOLD_CASH
2021-04-01,10,MET,TFC,53.3024,46.6323,0.9694,0.8151,0,0.0,0.0,0.0,HOLD_CASH
2021-04-05,10,MET,TFC,53.2851,46.7113,0.9694,0.5838,0,0.0,0.0,0.0,HOLD_CASH
2021-04-06,10,MET,TFC,53.0082,46.6955,0.9694,0.0903,0,0.0,0.0,0.0,HOLD_CASH
2021-04-07,10,MET,TFC,53.4581,46.9324,0.9694,0.351,0,0.0,0.0,0.0,HOLD_CASH
2021-04-08,10,MET,TFC,53.0514,46.7902,0.9694,-0.1185,0,0.0,0.0,0.0,HOLD_CASH
2021-04-09,10,MET,TFC,53.5793,47.3983,0.9694,-0.461,0,0.0,0.0,0.0,HOLD_CASH
2021-04-12,10,MET,TFC,54.2196,47.5326,0.9694,0.3918,0,0.0,0.0,0.0,HOLD_CASH
2021-04-13,10,MET,TFC,53.6918,46.577,0.9694,1.4192,0,0.0,0.0,0.0,HOLD_CASH
2021-04-14,10,MET,TFC,54.2802,47.1377,0.9694,1.3488,0,0.0,0.0,0.0,HOLD_CASH
2021-04-15,10,MET,TFC,53.9081,45.1871,0.9694,3.5679,-1,0.0,-0.0833,-0.0833,ENTER_SHORT_A
2021-04-16,10,MET,TFC,54.5744,45.6768,0.9694,2.7178,-1,-0.0785,-0.0833,-0.1619,HOLDING
2021-04-19,10,MET,TFC,54.6003,45.3293,0.9694,2.4974,-1,-0.4143,-0.0833,-0.4977,HOLDING
2021-04-20,10,MET,TFC,52.9216,44.0263,0.9694,1.9615,-1,-0.2795,-0.0833,-0.3628,HOLDING
2021-04-21,10,MET,TFC,54.2109,44.8318,0.9694,1.9202,-1,-0.5603,-0.0833,-0.6436,HOLDING
2021-04-22,10,MET,TFC,53.562,44.1131,0.9694,1.7822,-1,-0.7033,-0.0833,-0.7866,HOLDING
2021-04-23,10,MET,TFC,54.3321,45.503,0.9694,1.0486,-1,-0.0461,-0.0833,-0.1294,HOLDING
2021-04-26,10,MET,TFC,54.3321,45.582,0.9694,0.8927,-1,0.0256,-0.0833,-0.0577,HOLDING
2021-04-27,10,MET,TFC,54.8253,46.04,0.9694,0.7893,-1,0.0543,-0.0833,-0.0291,HOLDING
2021-04-28,10,MET,TFC,55.1455,46.5454,0.9694,0.5397,-1,0.2618,-0.0833,0.1784,HOLDING
2021-04-29,10,MET,TFC,55.7512,47.3272,0.9694,0.2768,-1,0.496,-0.0833,0.4127,HOLDING
2021-04-30,10,MET,TFC,55.0589,46.8376,0.9694,0.1258,-1,0.5949,-0.0833,0.5116,HOLDING
2021-05-03,10,MET,TFC,55.5695,46.7429,0.9694,0.5182,-1,0.1082,-0.0833,0.0248,HOLDING
2021-05-04,10,MET,TFC,55.6473,47.3825,0.9694,-0.0604,-1,0.6277,-0.0833,0.5444,HOLDING
2021-05-05,10,MET,TFC,56.5992,47.8563,0.9694,0.1963,-1,0.3107,-0.0833,0.2274,HOLDING
2021-05-06,10,MET,TFC,57.9317,48.2117,0.9694,0.9035,-1,-0.4127,-0.0833,-0.496,HOLDING
2021-05-07,10,MET,TFC,58.1134,48.6224,0.9694,0.5782,-1,-0.1825,-0.0833,-0.2659,HOLDING
2021-05-10,10,MET,TFC,57.9304,48.0854,0.9694,1.0284,-1,-0.5263,-0.0833,-0.6097,HOLDING
2021-05-11,10,MET,TFC,56.414,47.7695,0.9694,-0.6106,-1,0.3772,-0.0833,0.2939,HOLDING
2021-05-12,10,MET,TFC,55.2723,47.0745,0.9694,-1.5094,-1,0.6425,-0.0833,0.5592,HOLDING
2021-05-13,10,MET,TFC,56.2571,48.1965,0.9694,-1.7698,-1,0.888,-0.0833,0.8047,HOLDING
2021-05-14,10,MET,TFC,57.4336,49.0479,0.9694,-1.2722,-1,0.7374,-0.0833,0.654,HOLDING
2021-05-17,10,MET,TFC,57.2593,49.3503,0.9694,-1.8078,-1,1.1487,-0.0833,1.0653,HOLDING
2021-05-18,10,MET,TFC,56.9892,48.6898,0.9694,-0.9937,-1,0.7612,-0.0833,0.6779,HOLDING
2021-05-19,10,MET,TFC,56.5011,48.0453,0.9694,-0.5528,-1,0.5592,-0.0833,0.4759,HOLDING
2021-05-20,10,MET,TFC,56.1786,47.9498,0.9694,-0.8402,-1,0.7256,-0.0833,0.6423,HOLDING
2021-05-21,10,MET,TFC,56.3965,48.4432,0.9694,-1.3031,-1,1.0025,-0.0833,0.9191,HOLDING
2021-05-24,10,MET,TFC,56.9717,48.7058,0.9694,-0.7372,-1,0.7893,-0.0833,0.706,HOLDING
2021-05-25,10,MET,TFC,55.7952,47.7907,0.9694,-0.8907,-1,0.8822,-0.0833,0.7988,HOLDING
2021-05-26,10,MET,TFC,56.013,48.2363,0.9694,-1.2541,-1,1.1157,-0.0833,1.0323,HOLDING
2021-05-27,10,MET,TFC,57.2245,49.4458,0.9694,-1.3517,-1,1.2627,-0.0833,1.1794,HOLDING
2021-05-28,10,MET,TFC,56.963,49.1593,0.9694,-1.1529,-1,1.2079,-0.0833,1.1246,HOLDING
2021-06-01,10,MET,TFC,57.9653,48.9365,0.9694,0.7727,-1,0.2189,-0.0833,0.1356,HOLDING
2021-06-02,10,MET,TFC,57.5992,48.3636,0.9694,1.1158,-1,-0.0138,-0.0833,-0.0971,HOLDING
2021-06-03,10,MET,TFC,57.8433,48.3795,0.9694,1.3385,-1,-0.1909,-0.0833,-0.2742,HOLDING
2021-06-04,10,MET,TFC,58.0088,47.8941,0.9694,2.1912,-1,-0.7615,-0.0833,-0.8448,HOLDING
2021-06-07,10,MET,TFC,57.7038,47.7907,0.9694,1.8057,-1,-0.616,-0.0833,-0.6993,HOLDING
2021-06-08,10,MET,TFC,57.5557,47.6077,0.9694,1.8381,-1,-0.6658,-0.0833,-0.7491,HOLDING
2021-06-09,10,MET,TFC,56.3704,46.5096,0.9694,1.7187,-1,-0.7323,-0.0833,-0.8156,HOLDING
2021-06-10,10,MET,TFC,55.6819,46.0162,0.9694,1.4157,-1,-0.6397,-0.0833,-0.723,HOLDING
2021-06-11,10,MET,TFC,55.8736,46.1436,0.9694,1.3062,-1,-0.6746,-0.0833,-0.7579,HOLDING
2021-06-14,10,MET,TFC,55.1764,45.1091,0.9694,1.6226,-1,-1.0663,-0.0833,-1.1497,HOLDING
2021-06-15,10,MET,TFC,55.5773,45.5229,0.9694,1.3749,-1,-1.0054,-0.0833,-1.0888,HOLDING
2021-06-16,10,MET,TFC,55.525,45.9924,0.9694,0.7114,-1,-0.5382,-0.0833,-0.6215,HOLDING
2021-06-17,10,MET,TFC,52.5095,43.2312,0.9694,0.851,-1,-0.6777,-0.0833,-0.7611,HOLDING
2021-06-18,10,MET,TFC,50.81,42.0217,0.9694,0.4964,-1,-0.4417,-0.0833,-0.525,HOLDING
2021-06-21,10,MET,TFC,52.0127,43.3665,0.9694,0.0372,-1,-0.165,-0.0833,-0.2483,HOLDING
2021-06-22,10,MET,TFC,51.6554,43.2551,0.9694,-0.275,-1,0.0144,-0.0833,-0.069,HOLDING
2021-06-23,10,MET,TFC,51.638,43.4699,0.9694,-0.6564,-1,0.2231,-0.0833,0.1397,HOLDING
2021-06-24,10,MET,TFC,52.3004,44.019,0.9694,-0.75,-1,0.2015,-0.0833,0.1182,HOLDING
2021-06-25,10,MET,TFC,53.1806,44.6635,0.9694,-0.7717,-1,0.0957,-0.0833,0.0124,HOLDING
2021-06-28,10,MET,TFC,52.0738,43.9315,0.9694,-1.527,-1,0.3,-0.0833,0.2166,HOLDING
2021-06-29,10,MET,TFC,51.8384,44.0031,0.9694,-1.9429,-1,0.5497,-0.0833,0.4663,HOLDING
2021-06-30,10,MET,TFC,52.1609,44.1622,0.9694,-1.5512,-1,0.441,-0.0833,0.3577,HOLDING
2021-07-01,10,MET,TFC,52.7361,44.7988,0.9694,-1.6008,-1,0.5674,-0.0833,0.4841,HOLDING
2021-07-02,10,MET,TFC,52.6577,44.5839,0.9694,-1.2099,-1,0.4339,-0.0833,0.3506,HOLDING
2021-07-06,10,MET,TFC,51.333,43.3028,0.9694,-0.8989,-1,0.3108,-0.0833,0.2275,HOLDING
2021-07-07,10,MET,TFC,51.2807,42.714,0.9694,0.0946,-1,-0.1827,-0.0833,-0.266,HOLDING
2021-07-08,10,MET,TFC,49.4069,42.157,0.9694,-1.6237,-1,0.7825,-0.0833,0.6992,HOLDING
2021-07-09,10,MET,TFC,51.2981,43.9315,0.9694,-1.5889,-1,0.9088,-0.0833,0.8255,HOLDING
2021-07-12,10,MET,TFC,51.9082,44.2418,0.9694,-1.1119,-1,0.7116,-0.0833,0.6283,HOLDING
2021-07-13,10,MET,TFC,51.1412,43.5336,0.9694,-0.9917,-1,0.6708,-0.0833,0.5874,HOLDING
2021-07-14,10,MET,TFC,50.7577,43.3108,0.9694,-1.1466,-1,0.7695,-0.0833,0.6862,HOLDING
2021-07-15,10,MET,TFC,51.1063,44.4487,0.9694,-2.3113,-1,1.5288,-0.0833,1.4455,HOLDING
2021-07-16,10,MET,TFC,50.1825,43.279,0.9694,-1.5961,-1,1.1921,-0.0833,1.1088,HOLDING
2021-07-19,10,MET,TFC,48.6835,41.5204,0.9694,-0.6903,-1,0.7724,-0.0833,0.6891,HOLDING
2021-07-20,10,MET,TFC,50.2871,43.0243,0.9694,-0.8038,-1,0.8789,-0.0833,0.7956,HOLDING
2021-07-21,10,MET,TFC,51.4114,43.9872,0.9694,-0.6614,-1,0.8704,-0.0833,0.7871,HOLDING
2021-07-22,10,MET,TFC,50.383,43.2312,0.9694,-0.912,-1,0.9915,-0.0833,0.9081,HOLDING
2021-07-23,10,MET,TFC,50.2261,43.3347,0.9694,-1.3181,-1,1.2085,-0.0833,1.1252,HOLDING
2021-07-26,10,MET,TFC,50.5922,43.6848,0.9694,-1.2539,-1,1.239,-0.0833,1.1557,HOLDING
2021-07-27,10,MET,TFC,50.322,43.7246,0.9694,-1.6645,-1,1.4872,-0.0833,1.4039,HOLDING
2021-07-28,10,MET,TFC,50.2348,43.828,0.9694,-1.7695,-1,1.6495,-0.0833,1.5662,HOLDING
2021-07-29,10,MET,TFC,50.749,44.019,0.9694,-1.1113,-1,1.4192,-0.0833,1.3359,HOLDING
2021-07-30,10,MET,TFC,50.2871,43.3108,0.9694,-0.4629,-1,1.1389,-0.0833,1.0556,HOLDING
2021-08-02,10,MET,TFC,50.4004,43.08,0.9694,0.2663,-1,0.8405,-0.0833,0.7572,HOLDING
2021-08-03,10,MET,TFC,50.8013,44.011,0.9694,-0.8522,-1,1.371,-0.0833,1.2876,HOLDING
2021-08-04,10,MET,TFC,49.7903,43.4381,0.9694,-1.7109,-1,1.6444,-0.0833,1.5611,HOLDING
2021-08-05,10,MET,TFC,51.2807,44.202,0.9694,-0.0942,-1,1.1681,-0.0833,1.0847,HOLDING
2021-08-06,10,MET,TFC,52.9104,45.0375,0.9694,1.4616,-1,0.6473,-0.0833,0.5639,HOLDING
2021-08-09,10,MET,TFC,53.1125,45.133,0.9694,1.6007,-1,0.0,0.4094,0.4094,PERIOD_END_EXIT
2021-02-09,11,AEE,CMS,62.841,48.5462,0.996,0.0,0,0.0,0.0,0.0,HOLD_CASH
2021-02-10,11,AEE,CMS,62.9954,48.8465,0.996,0.0,0,0.0,0.0,0.0,HOLD_CASH
2021-02-11,11,AEE,CMS,62.2406,48.5462,0.996,0.0,0,0.0,0.0,0.0,HOLD_CASH
2021-02-12,11,AEE,CMS,62.8582,48.3746,0.996,0.0,0,0.0,0.0,0.0,HOLD_CASH
2021-02-16,11,AEE,CMS,62.3264,47.5767,0.996,0.0,0,0.0,0.0,0.0,HOLD_CASH
2021-02-17,11,AEE,CMS,62.8753,47.9027,0.996,0.0,0,0.0,0.0,0.0,HOLD_CASH
2021-02-18,11,AEE,CMS,63.553,48.5805,0.996,0.0,0,0.0,0.0,0.0,HOLD_CASH
2021-02-19,11,AEE,CMS,62.0433,48.0314,0.996,0.0,0,0.0,0.0,0.0,HOLD_CASH
2021-02-22,11,AEE,CMS,60.9024,47.0018,0.996,0.0,0,0.0,0.0,0.0,HOLD_CASH
2021-02-23,11,AEE,CMS,61.6401,47.7826,0.996,0.0,0,0.0,0.0,0.0,HOLD_CASH
2021-02-24,11,AEE,CMS,61.2456,46.8216,0.996,0.0,0,0.0,0.0,0.0,HOLD_CASH
2021-02-25,11,AEE,CMS,61.2541,47.242,0.996,0.0,0,0.0,0.0,0.0,HOLD_CASH
2021-02-26,11,AEE,CMS,60.2763,46.4269,0.996,0.0,0,0.0,0.0,0.0,HOLD_CASH
2021-03-01,11,AEE,CMS,61.3228,47.0361,0.996,0.0,0,0.0,0.0,0.0,HOLD_CASH
2021-03-02,11,AEE,CMS,61.683,47.0876,0.996,0.0,0,0.0,0.0,0.0,HOLD_CASH
2021-03-03,11,AEE,CMS,61.014,46.2296,0.996,0.0,0,0.0,0.0,0.0,HOLD_CASH
2021-03-04,11,AEE,CMS,61.0569,46.2553,0.996,0.0,0,0.0,0.0,0.0,HOLD_CASH
2021-03-05,11,AEE,CMS,62.4979,47.508,0.996,0.0,0,0.0,0.0,0.0,HOLD_CASH
2021-03-08,11,AEE,CMS,63.6388,48.1773,0.996,0.0,0,0.0,0.0,0.0,HOLD_CASH
2021-03-09,11,AEE,CMS,64.5721,48.5033,0.996,2.0524,-1,0.0,-0.0833,-0.0833,ENTER_SHORT_A
2021-03-10,11,AEE,CMS,65.8425,48.9838,0.996,2.3939,-1,-0.4094,-0.0833,-0.4928,HOLDING
2021-03-11,11,AEE,CMS,65.7387,48.7007,0.996,2.2538,-1,-0.5851,-0.0833,-0.6685,HOLDING
2021-03-12,11,AEE,CMS,66.8017,49.3699,0.996,2.1041,-1,-0.6986,-0.0833,-0.782,HOLDING
2021-03-15,11,AEE,CMS,68.1153,50.1936,0.996,1.9533,-1,-0.8418,-0.0833,-0.9251,HOLDING
2021-03-16,11,AEE,CMS,67.8301,50.0906,0.996,1.5888,-1,-0.7457,-0.0833,-0.829,HOLDING
2021-03-17,11,AEE,CMS,67.5017,49.653,0.996,1.594,-1,-0.9085,-0.0833,-0.9918,HOLDING
2021-03-18,11,AEE,CMS,67.8733,49.7903,0.996,1.5342,-1,-1.0311,-0.0833,-1.1144,HOLDING
2021-03-19,11,AEE,CMS,68.098,50.0649,0.996,1.2854,-1,-0.9409,-0.0833,-1.0243,HOLDING
2021-03-22,11,AEE,CMS,67.3807,50.1936,0.996,0.5258,-1,-0.3668,-0.0833,-0.4502,HOLDING
2021-03-23,11,AEE,CMS,69.1177,51.9354,0.996,-0.024,-1,0.0033,-0.0833,-0.08,HOLDING
2021-03-24,11,AEE,CMS,69.9905,52.2357,0.996,0.3137,-1,-0.3035,-0.0833,-0.3869,HOLDING
2021-03-25,11,AEE,CMS,70.5091,52.4244,0.996,0.4677,-1,-0.477,-0.0833,-0.5603,HOLDING
2021-03-26,11,AEE,CMS,70.3967,52.2786,0.996,0.47,-1,-0.5294,-0.0833,-0.6127,HOLDING
2021-03-29,11,AEE,CMS,71.4424,53.128,0.996,0.2906,-1,-0.4773,-0.0833,-0.5606,HOLDING
2021-03-30,11,AEE,CMS,70.2844,52.3558,0.996,0.0507,-1,-0.3905,-0.0833,-0.4739,HOLDING
2021-03-31,11,AEE,CMS,70.3103,52.5274,0.996,-0.2986,-1,-0.2602,-0.0833,-0.3435,HOLDING
2021-04-01,11,AEE,CMS,70.0251,52.3558,0.996,-0.4814,-1,-0.2229,-0.0833,-0.3062,HOLDING
2021-04-05,11,AEE,CMS,70.4226,52.7505,0.996,-0.8732,-1,-0.1416,-0.0833,-0.2249,HOLDING
2021-04-06,11,AEE,CMS,70.4313,52.9478,0.996,-1.4916,-1,0.022,-0.0833,-0.0613,HOLDING
2021-04-07,11,AEE,CMS,70.2584,52.4587,0.996,-0.6522,-1,-0.2855,-0.0833,-0.3688,HOLDING
2021-04-08,11,AEE,CMS,70.0942,51.9954,0.996,0.2419,-1,-0.5766,-0.0833,-0.6599,HOLDING
2021-04-09,11,AEE,CMS,69.593,51.8753,0.996,-0.4032,-1,-0.3555,-0.0833,-0.4388,HOLDING
2021-04-12,11,AEE,CMS,69.7572,52.1327,0.996,-0.6912,-1,-0.241,-0.0833,-0.3243,HOLDING
2021-04-13,11,AEE,CMS,71.1053,52.9049,0.996,0.0121,-1,-0.4506,-0.0833,-0.5339,HOLDING
2021-04-14,11,AEE,CMS,71.3992,53.3511,0.996,-0.5454,-1,-0.258,-0.0833,-0.3414,HOLDING
2021-04-15,11,AEE,CMS,72.2288,54.3978,0.996,-1.5928,-1,0.103,-0.0833,0.0196,HOLDING
2021-04-16,11,AEE,CMS,72.7991,54.9813,0.996,-1.9556,-1,0.2344,-0.0833,0.1511,HOLDING
2021-04-19,11,AEE,CMS,72.4103,55.0156,0.996,-2.6347,-1,0.5152,-0.0833,0.4319,HOLDING
2021-04-20,11,AEE,CMS,74.2251,56.0023,0.996,-1.3101,-1,0.1878,-0.0833,0.1045,HOLDING
2021-04-21,11,AEE,CMS,73.5251,55.539,0.996,-1.3993,-1,0.2432,-0.0833,0.1598,HOLDING
2021-04-22,11,AEE,CMS,73.2917,55.3502,0.996,-1.2293,-1,0.2322,-0.0833,0.1489,HOLDING
2021-04-23,11,AEE,CMS,73.2658,55.0242,0.996,-0.3563,-1,-0.0306,-0.0833,-0.1139,HOLDING
2021-04-26,11,AEE,CMS,72.7646,54.8697,0.996,-0.8781,-1,0.1611,-0.0833,0.0778,HOLDING
2021-04-27,11,AEE,CMS,72.1164,54.3292,0.996,-0.659,-1,0.1168,-0.0833,0.0334,HOLDING
2021-04-28,11,AEE,CMS,72.2893,54.0975,0.996,0.4534,-1,-0.1936,-0.0833,-0.2769,HOLDING
2021-04-29,11,AEE,CMS,72.7127,54.8697,0.996,-0.8251,-1,0.1947,-0.0833,0.1113,HOLDING
2021-04-30,11,AEE,CMS,73.3177,55.2473,0.996,-0.5265,-1,0.1272,-0.0833,0.0438,HOLDING
2021-05-03,11,AEE,CMS,73.5942,55.7964,0.996,-1.3623,-1,0.4192,-0.0833,0.3358,HOLDING
2021-05-04,11,AEE,CMS,73.6201,55.9423,0.996,-1.5239,-1,0.5275,-0.0833,0.4441,HOLDING
2021-05-05,11,AEE,CMS,72.8942,55.0843,0.996,-0.6457,-1,0.2612,-0.0833,0.1779,HOLDING
2021-05-06,11,AEE,CMS,73.5856,55.6587,0.996,-0.7188,-1,0.3067,-0.0833,0.2234,HOLDING
2021-05-07,11,AEE,CMS,73.4387,55.2786,0.996,0.1891,-1,0.0758,-0.0833,-0.0075,HOLDING
2021-05-10,11,AEE,CMS,74.1819,56.0734,0.996,-0.497,-1,0.2767,-0.0833,0.1933,HOLDING
2021-05-11,11,AEE,CMS,72.0646,54.8812,0.996,-1.9249,-1,0.6236,-0.0833,0.5402,HOLDING
2021-05-12,11,AEE,CMS,71.235,53.9569,0.996,-0.7206,-1,0.3675,-0.0833,0.2842,HOLDING
2021-05-13,11,AEE,CMS,72.1683,54.8812,0.996,-1.4795,-1,0.5565,-0.0833,0.4732,HOLDING
2021-05-14,11,AEE,CMS,72.3325,54.8553,0.996,-0.7802,-1,0.4281,-0.0833,0.3448,HOLDING
2021-05-17,11,AEE,CMS,72.0732,54.4061,0.996,0.2062,-1,0.2106,-0.0833,0.1273,HOLDING
2021-05-18,11,AEE,CMS,72.5313,54.6825,0.996,0.5029,-1,0.1515,-0.0833,0.0682,HOLDING
2021-05-19,11,AEE,CMS,72.7732,54.6134,0.996,1.4273,-1,-0.0642,-0.0833,-0.1475,HOLDING
2021-05-20,11,AEE,CMS,73.0239,55.0627,0.996,0.354,-1,0.1589,-0.0833,0.0755,HOLDING
2021-05-21,11,AEE,CMS,73.551,55.4168,0.996,0.5897,-1,0.1217,-0.0833,0.0383,HOLDING
2021-05-24,11,AEE,CMS,73.1621,55.0886,0.996,0.7077,-1,0.0917,-0.0833,0.0084,HOLDING
2021-05-25,11,AEE,CMS,72.3498,54.6394,0.996,0.0484,-1,0.2318,-0.0833,0.1485,HOLDING
2021-05-26,11,AEE,CMS,72.5399,54.3802,0.996,1.8423,-1,-0.1133,-0.0833,-0.1966,HOLDING
2021-05-27,11,AEE,CMS,72.3066,53.8187,0.996,2.6532,-1,-0.4438,-0.0833,-0.5272,HOLDING
2021-05-28,11,AEE,CMS,72.7646,54.1988,0.996,2.1043,-1,-0.4141,-0.0833,-0.4974,HOLDING
2021-06-01,11,AEE,CMS,72.7473,53.8273,0.996,2.4741,-1,-0.7214,-0.0833,-0.8047,HOLDING
2021-06-02,11,AEE,CMS,73.646,53.9224,0.996,2.8263,-1,-1.221,-0.0833,-1.3044,HOLDING
2021-06-03,11,AEE,CMS,73.9399,54.1383,0.996,2.2657,-1,-1.2259,-0.0833,-1.3092,HOLDING
2021-06-04,11,AEE,CMS,74.4325,54.0951,0.996,2.3285,-1,-1.5814,-0.0833,-1.6647,HOLDING
2021-06-07,11,AEE,CMS,74.4325,54.2506,0.996,1.8067,-1,-1.4481,-0.0833,-1.5314,HOLDING
2021-06-08,11,AEE,CMS,73.7106,52.1169,0.996,2.7915,-1,-2.8106,-0.0833,-2.894,HOLDING
2021-06-09,11,AEE,CMS,74.2411,51.7713,0.996,2.6546,-1,-3.4499,-0.0833,-3.5332,HOLDING
2021-06-10,11,AEE,CMS,74.6673,52.0391,0.996,2.1891,-1,-3.4959,-0.0833,-3.5792,HOLDING
2021-06-11,11,AEE,CMS,74.6151,52.4106,0.996,1.6638,-1,-3.1437,-0.0833,-3.227,HOLDING
2021-06-14,11,AEE,CMS,74.6586,52.091,0.996,1.6621,-1,-3.4458,-0.0833,-3.5291,HOLDING
2021-06-15,11,AEE,CMS,74.9195,52.2637,0.996,1.4791,-1,-3.4664,-0.0833,-3.5497,HOLDING
2021-06-16,11,AEE,CMS,72.98,51.5467,0.996,0.9761,-1,-2.8271,-0.0833,-2.9104,HOLDING
2021-06-17,11,AEE,CMS,73.4845,51.4085,0.996,1.1574,-1,-3.2717,-0.0833,-3.3551,HOLDING
2021-06-18,11,AEE,CMS,71.4145,50.2077,0.996,0.9042,-1,-2.9628,-0.0833,-3.0461,HOLDING
2021-06-21,11,AEE,CMS,72.5277,50.5619,0.996,1.073,-1,-3.379,-0.0833,-3.4623,HOLDING
2021-06-22,11,AEE,CMS,71.771,50.631,0.996,0.6056,-1,-2.8305,-0.0833,-2.9138,HOLDING
2021-06-23,11,AEE,CMS,71.0492,50.5706,0.996,0.2111,-1,-2.4156,-0.0833,-2.4989,HOLDING
2021-06-24,11,AEE,CMS,70.6665,51.0543,0.996,-0.4667,-1,-1.7534,-0.0833,-1.8367,HOLDING
2021-06-25,11,AEE,CMS,71.0927,51.9441,0.996,-1.029,-1,-1.2661,-0.0833,-1.3494,HOLDING
2021-06-28,11,AEE,CMS,71.2492,51.8405,0.996,-0.971,-1,-1.4562,-0.0833,-1.5395,HOLDING
2021-06-29,11,AEE,CMS,69.5011,50.8384,0.996,-1.3141,-1,-1.185,-0.0833,-1.2683,HOLDING
2021-06-30,11,AEE,CMS,69.6141,51.0371,0.996,-1.4155,-1,-1.0878,-0.0833,-1.1711,HOLDING
2021-07-01,11,AEE,CMS,70.1881,51.8923,0.996,-1.737,-1,-0.7257,-0.0833,-0.809,HOLDING
2021-07-02,11,AEE,CMS,70.1881,51.7541,0.996,-1.5071,-1,-0.8442,-0.0833,-0.9275,HOLDING
2021-07-06,11,AEE,CMS,70.797,51.6677,0.996,-1.0279,-1,-1.3119,-0.0833,-1.3952,HOLDING
2021-07-07,11,AEE,CMS,71.5971,51.9614,0.996,-0.7064,-1,-1.5774,-0.0833,-1.6608,HOLDING
2021-07-08,11,AEE,CMS,71.371,52.065,0.996,-0.8495,-1,-1.3424,-0.0833,-1.4257,HOLDING
2021-07-09,11,AEE,CMS,71.2492,52.0996,0.996,-0.8683,-1,-1.234,-0.0833,-1.3173,HOLDING
2021-07-12,11,AEE,CMS,72.0842,52.1428,0.996,-0.2984,-1,-1.7368,-0.0833,-1.8202,HOLDING
2021-07-13,11,AEE,CMS,71.8667,51.8318,0.996,-0.0813,-1,-1.8629,-0.0833,-1.9462,HOLDING
2021-07-14,11,AEE,CMS,72.3799,52.2465,0.996,-0.0387,-1,-1.8392,-0.0833,-1.9225,HOLDING
2021-07-15,11,AEE,CMS,73.1192,53.1362,0.996,-0.3423,-1,-1.5543,-0.0833,-1.6377,HOLDING
2021-07-16,11,AEE,CMS,73.9802,53.5682,0.996,-0.0371,-1,-1.7407,-0.0833,-1.8241,HOLDING
2021-07-19,11,AEE,CMS,73.0409,53.0844,0.996,-0.1895,-1,-1.5481,-0.0833,-1.6315,HOLDING
2021-07-20,11,AEE,CMS,73.0409,53.5077,0.996,-0.7424,-1,-1.1853,-0.0833,-1.2686,HOLDING
2021-07-21,11,AEE,CMS,71.5797,52.7302,0.996,-1.3027,-1,-0.9071,-0.0833,-0.9904,HOLDING
2021-07-22,11,AEE,CMS,71.745,52.8944,0.996,-1.4071,-1,-0.8732,-0.0833,-0.9565,HOLDING
2021-07-23,11,AEE,CMS,72.5277,53.6286,0.996,-1.5885,-1,-0.7498,-0.0833,-0.8331,HOLDING
2021-07-26,11,AEE,CMS,72.406,53.5423,0.996,-1.4328,-1,-0.7451,-0.0833,-0.8284,HOLDING
2021-07-27,11,AEE,CMS,73.9193,54.6134,0.996,-1.1857,-1,-0.8052,-0.0833,-0.8886,HOLDING
2021-07-28,11,AEE,CMS,73.2235,53.7841,0.996,-0.4826,-1,-1.0663,-0.0833,-1.1497,HOLDING
2021-07-29,11,AEE,CMS,73.2931,53.8619,0.996,-0.5242,-1,-1.0447,-0.0833,-1.128,HOLDING
2021-07-30,11,AEE,CMS,72.9887,53.3781,0.996,-0.0311,-1,-1.2626,-0.0833,-1.3459,HOLDING
2021-08-02,11,AEE,CMS,73.7628,54.1297,0.996,-0.4812,-1,-1.1187,-0.0833,-1.2021,HOLDING
2021-08-03,11,AEE,CMS,74.4586,54.6307,0.996,-0.4215,-1,-1.1391,-0.0833,-1.2224,HOLDING
2021-08-04,11,AEE,CMS,74.1455,54.648,0.996,-0.8871,-1,-0.9218,-0.0833,-1.0052,HOLDING
2021-08-05,11,AEE,CMS,74.9108,54.9829,0.996,-0.3339,-1,-1.1296,-0.0833,-1.2129,HOLDING
2021-08-06,11,AEE,CMS,75.5457,55.0351,0.996,0.563,-1,-1.4953,-0.0833,-1.5787,HOLDING
2021-08-09,11,AEE,CMS,76.285,55.0264,0.996,1.7052,-1,0.0,-2.1606,-2.1606,PERIOD_END_EXIT
2021-02-09,12,AVB,ESS,146.9099,217.515,0.8898,0.0,0,0.0,0.0,0.0,HOLD_CASH
2021-02-10,12,AVB,ESS,148.617,224.5271,0.8898,0.0,0,0.0,0.0,0.0,HOLD_CASH
2021-02-11,12,AVB,ESS,151.22,227.8067,0.8898,0.0,0,0.0,0.0,0.0,HOLD_CASH
2021-02-12,12,AVB,ESS,151.7103,225.9194,0.8898,0.0,0,0.0,0.0,0.0,HOLD_CASH
2021-02-16,12,AVB,ESS,150.9074,224.9045,0.8898,0.0,0,0.0,0.0,0.0,HOLD_CASH
2021-02-17,12,AVB,ESS,151.2792,223.7554,0.8898,0.0,0,0.0,0.0,0.0,HOLD_CASH
2021-02-18,12,AVB,ESS,150.2397,222.0276,0.8898,0.0,0,0.0,0.0,0.0,HOLD_CASH
2021-02-19,12,AVB,ESS,150.4425,221.3398,0.8898,0.0,0,0.0,0.0,0.0,HOLD_CASH
2021-02-22,12,AVB,ESS,150.6707,221.5327,0.8898,0.0,0,0.0,0.0,0.0,HOLD_CASH
2021-02-23,12,AVB,ESS,152.7497,225.7685,0.8898,0.0,0,0.0,0.0,0.0,HOLD_CASH
2021-02-24,12,AVB,ESS,156.35,226.5737,0.8898,0.0,0,0.0,0.0,0.0,HOLD_CASH
2021-02-25,12,AVB,ESS,152.3948,218.9578,0.8898,0.0,0,0.0,0.0,0.0,HOLD_CASH
2021-02-26,12,AVB,ESS,148.5325,213.7071,0.8898,0.0,0,0.0,0.0,0.0,HOLD_CASH
2021-03-01,12,AVB,ESS,149.6059,218.0519,0.8898,0.0,0,0.0,0.0,0.0,HOLD_CASH
2021-03-02,12,AVB,ESS,150.62,219.5616,0.8898,0.0,0,0.0,0.0,0.0,HOLD_CASH
2021-03-03,12,AVB,ESS,153.3076,224.1664,0.8898,0.0,0,0.0,0.0,0.0,HOLD_CASH
2021-03-04,12,AVB,ESS,150.4763,219.9391,0.8898,0.0,0,0.0,0.0,0.0,HOLD_CASH
2021-03-05,12,AVB,ESS,150.1382,222.1786,0.8898,0.0,0,0.0,0.0,0.0,HOLD_CASH
2021-03-08,12,AVB,ESS,155.4288,228.5699,0.8898,0.0,0,0.0,0.0,0.0,HOLD_CASH
2021-03-09,12,AVB,ESS,153.8315,228.9222,0.8898,-0.6058,0,0.0,0.0,0.0,HOLD_CASH
2021-03-10,12,AVB,ESS,156.5021,228.7041,0.8898,0.787,0,0.0,0.0,0.0,HOLD_CASH
2021-03-11,12,AVB,ESS,157.4656,232.4282,0.8898,0.0106,0,0.0,0.0,0.0,HOLD_CASH
2021-03-12,12,AVB,ESS,160.9898,241.4281,0.8898,-1.2366,0,0.0,0.0,0.0,HOLD_CASH
2021-03-15,12,AVB,ESS,163.4661,246.3935,0.8898,-1.4866,0,0.0,0.0,0.0,HOLD_CASH
2021-03-16,12,AVB,ESS,160.8293,240.3041,0.8898,-0.9352,0,0.0,0.0,0.0,HOLD_CASH
2021-03-17,12,AVB,ESS,160.3391,239.9518,0.8898,-1.074,0,0.0,0.0,0.0,HOLD_CASH
2021-03-18,12,AVB,ESS,159.477,239.8847,0.8898,-1.4709,0,0.0,0.0,0.0,HOLD_CASH
2021-03-19,12,AVB,ESS,154.4823,230.9436,0.8898,-1.1792,0,0.0,0.0,0.0,HOLD_CASH
2021-03-22,12,AVB,ESS,156.4599,231.4804,0.8898,-0.1868,0,0.0,0.0,0.0,HOLD_CASH
2021-03-23,12,AVB,ESS,156.1387,231.6733,0.8898,-0.4397,0,0.0,0.0,0.0,HOLD_CASH
2021-03-24,12,AVB,ESS,156.2233,231.7404,0.8898,-0.3384,0,0.0,0.0,0.0,HOLD_CASH
2021-03-25,12,AVB,ESS,158.3277,233.0657,0.8898,0.6511,0,0.0,0.0,0.0,HOLD_CASH
2021-03-26,12,AVB,ESS,159.832,238.484,0.8898,-0.5285,0,0.0,0.0,0.0,HOLD_CASH
2021-03-29,12,AVB,ESS,158.3361,233.8625,0.8898,0.5755,0,0.0,0.0,0.0,HOLD_CASH
2021-03-30,12,AVB,ESS,159.7084,235.0371,0.8898,1.1765,0,0.0,0.0,0.0,HOLD_CASH
2021-03-31,12,AVB,ESS,157.2706,229.7299,0.8898,1.7593,0,0.0,0.0,0.0,HOLD_CASH
2021-04-01,12,AVB,ESS,159.3078,233.6596,0.8898,1.4055,0,0.0,0.0,0.0,HOLD_CASH
2021-04-05,12,AVB,ESS,158.5321,233.0765,0.8898,0.9663,0,0.0,0.0,0.0,HOLD_CASH
2021-04-06,12,AVB,ESS,158.9669,233.1272,0.8898,1.2188,0,0.0,0.0,0.0,HOLD_CASH
2021-04-07,12,AVB,ESS,160.0579,239.0175,0.8898,-0.6763,0,0.0,0.0,0.0,HOLD_CASH
2021-04-08,12,AVB,ESS,158.2424,237.9612,0.8898,-1.4415,0,0.0,0.0,0.0,HOLD_CASH
2021-04-09,12,AVB,ESS,158.4895,239.44,0.8898,-1.6715,0,0.0,0.0,0.0,HOLD_CASH
2021-04-12,12,AVB,ESS,159.4953,239.7697,0.8898,-1.0549,0,0.0,0.0,0.0,HOLD_CASH
2021-04-13,12,AVB,ESS,160.075,242.0515,0.8898,-1.5054,0,0.0,0.0,0.0,HOLD_CASH
2021-04-14,12,AVB,ESS,158.7623,237.8175,0.8898,-0.6741,0,0.0,0.0,0.0,HOLD_CASH
2021-04-15,12,AVB,ESS,160.6375,244.367,0.8898,-1.761,0,0.0,0.0,0.0,HOLD_CASH
2021-04-16,12,AVB,ESS,161.7882,244.6458,0.8898,-1.13,0,0.0,0.0,0.0,HOLD_CASH
2021-04-19,12,AVB,ESS,162.257,245.5585,0.8898,-1.1166,0,0.0,0.0,0.0,HOLD_CASH
2021-04-20,12,AVB,ESS,164.2345,249.1924,0.8898,-1.0931,0,0.0,0.0,0.0,HOLD_CASH
2021-04-21,12,AVB,ESS,165.0357,251.001,0.8898,-1.1235,0,0.0,0.0,0.0,HOLD_CASH
2021-04-22,12,AVB,ESS,163.9958,248.7615,0.8898,-0.8959,0,0.0,0.0,0.0,HOLD_CASH
2021-04-23,12,AVB,ESS,165.2573,251.2798,0.8898,-0.9123,0,0.0,0.0,0.0,HOLD_CASH
2021-04-26,12,AVB,ESS,166.0159,250.8911,0.8898,-0.3623,0,0.0,0.0,0.0,HOLD_CASH
2021-04-27,12,AVB,ESS,166.4762,251.0263,0.8898,-0.1106,0,0.0,0.0,0.0,HOLD_CASH
2021-04-28,12,AVB,ESS,163.1009,242.5162,0.8898,0.8598,0,0.0,0.0,0.0,HOLD_CASH
2021-04-29,12,AVB,ESS,163.2372,241.8402,0.8898,1.2927,0,0.0,0.0,0.0,HOLD_CASH
2021-04-30,12,AVB,ESS,163.6549,245.5163,0.8898,0.3358,0,0.0,0.0,0.0,HOLD_CASH
2021-05-03,12,AVB,ESS,163.3566,242.3811,0.8898,1.4984,0,0.0,0.0,0.0,HOLD_CASH
2021-05-04,12,AVB,ESS,162.2826,239.719,0.8898,2.0103,-1,0.0,-0.0833,-0.0833,ENTER_SHORT_A
2021-05-05,12,AVB,ESS,160.2113,237.3865,0.8898,1.3917,-1,0.1811,-0.0833,0.0977,HOLDING
2021-05-06,12,AVB,ESS,164.7544,241.0965,0.8898,2.3935,-1,-0.4462,-0.0833,-0.5295,HOLDING
2021-05-07,12,AVB,ESS,166.6638,244.1303,0.8898,2.0302,-1,-0.4684,-0.0833,-0.5518,HOLDING
2021-05-10,12,AVB,ESS,167.9082,246.2261,0.8898,1.737,-1,-0.4636,-0.0833,-0.5469,HOLDING
2021-05-11,12,AVB,ESS,167.2178,245.5247,0.8898,1.43,-1,-0.3907,-0.0833,-0.4741,HOLDING
2021-05-12,12,AVB,ESS,164.3708,237.6991,0.8898,1.9524,-1,-0.898,-0.0833,-0.9814,HOLDING
2021-05-13,12,AVB,ESS,167.4906,243.3022,0.8898,1.6171,-1,-0.8287,-0.0833,-0.912,HOLDING
2021-05-14,12,AVB,ESS,168.735,243.6994,0.8898,1.7475,-1,-1.1018,-0.0833,-1.1851,HOLDING
2021-05-17,12,AVB,ESS,168.9993,243.4966,0.8898,1.6611,-1,-1.2068,-0.0833,-1.2901,HOLDING
2021-05-18,12,AVB,ESS,169.6215,245.7952,0.8898,1.2511,-1,-0.9996,-0.0833,-1.083,HOLDING
2021-05-19,12,AVB,ESS,167.6354,241.1218,0.8898,1.424,-1,-1.2249,-0.0833,-1.3082,HOLDING
2021-05-20,12,AVB,ESS,170.3716,243.8176,0.8898,1.6239,-1,-1.5271,-0.0833,-1.6105,HOLDING
2021-05-21,12,AVB,ESS,170.8233,243.4881,0.8898,1.692,-1,-1.7038,-0.0833,-1.7872,HOLDING
2021-05-24,12,AVB,ESS,173.3719,247.0713,0.8898,1.6315,-1,-1.8098,-0.0833,-1.8932,HOLDING
2021-05-25,12,AVB,ESS,174.2242,247.4853,0.8898,1.6652,-1,-1.9737,-0.0833,-2.057,HOLDING
2021-05-26,12,AVB,ESS,174.6249,247.646,0.8898,1.5726,-1,-2.0562,-0.0833,-2.1396,HOLDING
2021-05-27,12,AVB,ESS,173.943,246.3445,0.8898,1.4459,-1,-2.084,-0.0833,-2.1673,HOLDING
2021-05-28,12,AVB,ESS,176.3893,249.5474,0.8898,1.4804,-1,-2.2244,-0.0833,-2.3078,HOLDING
2021-06-01,12,AVB,ESS,179.5771,255.1757,0.8898,1.2526,-1,-2.1694,-0.0833,-2.2528,HOLDING
2021-06-02,12,AVB,ESS,181.3415,260.4323,0.8898,0.6575,-1,-1.7885,-0.0833,-1.8718,HOLDING
2021-06-03,12,AVB,ESS,181.6399,260.1364,0.8898,0.775,-1,-1.918,-0.0833,-2.0013,HOLDING
2021-06-04,12,AVB,ESS,180.4892,257.8969,0.8898,0.7928,-1,-1.9719,-0.0833,-2.0552,HOLDING
2021-06-07,12,AVB,ESS,180.8216,262.5026,0.8898,-0.3843,-1,-1.3083,-0.0833,-1.3917,HOLDING
2021-06-08,12,AVB,ESS,179.8754,263.7281,0.8898,-1.2719,-1,-0.8507,-0.0833,-0.934,HOLDING
2021-06-09,12,AVB,ESS,179.6453,262.0126,0.8898,-1.0396,-1,-1.0689,-0.0833,-1.1522,HOLDING
2021-06-10,12,AVB,ESS,182.9696,265.3929,0.8898,-0.4171,-1,-1.4189,-0.0833,-1.5022,HOLDING
2021-06-11,12,AVB,ESS,182.9525,265.452,0.8898,-0.5357,-1,-1.4046,-0.0833,-1.4879,HOLDING
2021-06-14,12,AVB,ESS,182.586,266.5421,0.8898,-1.145,-1,-1.1266,-0.0833,-1.2099,HOLDING
2021-06-15,12,AVB,ESS,179.8243,262.8829,0.8898,-1.3799,-1,-0.9751,-0.0833,-1.0584,HOLDING
2021-06-16,12,AVB,ESS,178.7333,261.1505,0.8898,-1.3769,-1,-0.9622,-0.0833,-1.0455,HOLDING
2021-06-17,12,AVB,ESS,179.0146,260.8378,0.8898,-1.0594,-1,-1.0898,-0.0833,-1.1731,HOLDING
2021-06-18,12,AVB,ESS,175.6733,254.5165,0.8898,-0.7065,-1,-1.2166,-0.0833,-1.2999,HOLDING
2021-06-21,12,AVB,ESS,180.7875,260.4323,0.8898,0.1387,-1,-1.6379,-0.0833,-1.7213,HOLDING
2021-06-22,12,AVB,ESS,180.3443,258.573,0.8898,0.5415,-1,-1.8218,-0.0833,-1.9052,HOLDING
2021-06-23,12,AVB,ESS,181.3075,259.7308,0.8898,0.7041,-1,-1.894,-0.0833,-1.9774,HOLDING
2021-06-24,12,AVB,ESS,180.7278,258.7927,0.8898,0.7498,-1,-1.8901,-0.0833,-1.9734,HOLDING
2021-06-25,12,AVB,ESS,182.3559,259.7392,0.8898,1.3508,-1,-2.1775,-0.0833,-2.2609,HOLDING
2021-06-28,12,AVB,ESS,181.0262,258.3026,0.8898,1.1672,-1,-2.0514,-0.0833,-2.1347,HOLDING
2021-06-29,12,AVB,ESS,180.6139,257.0858,0.8898,1.3921,-1,-2.1385,-0.0833,-2.2219,HOLDING
2021-06-30,12,AVB,ESS,179.2227,255.2818,0.8898,1.1622,-1,-2.0558,-0.0833,-2.1391,HOLDING
2021-07-01,12,AVB,ESS,180.7857,258.6174,0.8898,0.8512,-1,-1.9345,-0.0833,-2.0178,HOLDING
2021-07-02,12,AVB,ESS,181.4899,260.2597,0.8898,0.6871,-1,-1.857,-0.0833,-1.9404,HOLDING
2021-07-06,12,AVB,ESS,183.3964,262.7698,0.8898,0.813,-1,-1.9642,-0.0833,-2.0476,HOLDING
2021-07-07,12,AVB,ESS,185.2687,266.2331,0.8898,0.5785,-1,-1.9061,-0.0833,-1.9895,HOLDING
2021-07-08,12,AVB,ESS,186.5912,267.7392,0.8898,0.7362,-1,-2.019,-0.0833,-2.1023,HOLDING
2021-07-09,12,AVB,ESS,189.6485,272.4958,0.8898,0.73,-1,-2.0712,-0.0833,-2.1545,HOLDING
2021-07-12,12,AVB,ESS,192.3451,275.8058,0.8898,1.0198,-1,-2.2621,-0.0833,-2.3454,HOLDING
2021-07-13,12,AVB,ESS,189.9835,272.7425,0.8898,0.6618,-1,-2.1218,-0.0833,-2.2051,HOLDING
2021-07-14,12,AVB,ESS,192.431,276.9716,0.8898,0.4792,-1,-2.0946,-0.0833,-2.178,HOLDING
2021-07-15,12,AVB,ESS,193.1696,278.231,0.8898,0.3737,-1,-2.0892,-0.0833,-2.1725,HOLDING
2021-07-16,12,AVB,ESS,193.9769,279.3796,0.8898,0.3967,-1,-2.1205,-0.0833,-2.2039,HOLDING
2021-07-19,12,AVB,ESS,191.6581,274.5975,0.8898,1.4533,-1,-2.2732,-0.0833,-2.3565,HOLDING
2021-07-20,12,AVB,ESS,196.4416,281.4218,0.8898,2.3203,-1,-2.456,-0.0833,-2.5393,HOLDING
2021-07-21,12,AVB,ESS,195.9606,281.2516,0.8898,1.4523,-1,-2.3532,-0.0833,-2.4365,HOLDING
2021-07-22,12,AVB,ESS,192.7574,278.6819,0.8898,-1.5962,-1,-1.9034,-0.0833,-1.9867,HOLDING
2021-07-23,12,AVB,ESS,194.7755,282.4259,0.8898,-1.9132,-1,-1.839,-0.0833,-1.9223,HOLDING
2021-07-26,12,AVB,ESS,194.2602,281.7537,0.8898,-1.8024,-1,-1.809,-0.0833,-1.8923,HOLDING
2021-07-27,12,AVB,ESS,196.0466,282.3322,0.8898,0.4725,-1,-2.1997,-0.0833,-2.283,HOLDING
2021-07-28,12,AVB,ESS,195.3337,281.7707,0.8898,-0.0601,-1,-2.0979,-0.0833,-2.1812,HOLDING
2021-07-29,12,AVB,ESS,197.455,281.3112,0.8898,2.7875,-1,-2.7495,-0.0833,-2.8328,HOLDING
2021-07-30,12,AVB,ESS,195.6601,279.184,0.8898,1.8766,-1,-2.6099,-0.0833,-2.6933,HOLDING
2021-08-02,12,AVB,ESS,196.5017,279.3541,0.8898,2.2002,-1,-2.8108,-0.0833,-2.8941,HOLDING
2021-08-03,12,AVB,ESS,196.579,278.8265,0.8898,2.1289,-1,-2.9181,-0.0833,-3.0015,HOLDING
2021-08-04,12,AVB,ESS,195.703,275.6867,0.8898,2.4124,-1,-3.194,-0.0833,-3.2774,HOLDING
2021-08-05,12,AVB,ESS,196.8281,277.0651,0.8898,2.1286,-1,-3.2741,-0.0833,-3.3575,HOLDING
2021-08-06,12,AVB,ESS,196.5962,278.1288,0.8898,1.3912,-1,-3.037,-0.0833,-3.1204,HOLDING
2021-08-09,12,AVB,ESS,195.4111,273.5509,0.8898,2.0109,-1,0.0,-3.6455,-3.6455,PERIOD_END_EXIT
2021-02-09,13,AME,EL,117.0367,259.1921,1.0422,0.0,0,0.0,0.0,0.0,HOLD_CASH
2021-02-10,13,AME,EL,116.6205,263.8777,1.0422,0.0,0,0.0,0.0,0.0,HOLD_CASH
2021-02-11,13,AME,EL,117.753,268.851,1.0422,0.0,0,0.0,0.0,0.0,HOLD_CASH
2021-02-12,13,AME,EL,117.8498,269.3056,1.0422,0.0,0,0.0,0.0,0.0,HOLD_CASH
2021-02-16,13,AME,EL,117.3465,274.3994,1.0422,0.0,0,0.0,0.0,0.0,HOLD_CASH
2021-02-17,13,AME,EL,116.3591,268.6932,1.0422,0.0,0,0.0,0.0,0.0,HOLD_CASH
2021-02-18,13,AME,EL,115.1395,267.1807,1.0422,0.0,0,0.0,0.0,0.0,HOLD_CASH
2021-02-19,13,AME,EL,116.9883,264.5829,1.0422,0.0,0,0.0,0.0,0.0,HOLD_CASH
2021-02-22,13,AME,EL,116.2914,264.852,1.0422,0.0,0,0.0,0.0,0.0,HOLD_CASH
2021-02-23,13,AME,EL,116.0978,270.8365,1.0422,0.0,0,0.0,0.0,0.0,HOLD_CASH
2021-02-24,13,AME,EL,119.0694,273.1004,1.0422,0.0,0,0.0,0.0,0.0,HOLD_CASH
2021-02-25,13,AME,EL,116.4463,269.2058,1.0422,0.0,0,0.0,0.0,0.0,HOLD_CASH
2021-02-26,13,AME,EL,114.1909,265.7108,1.0422,0.0,0,0.0,0.0,0.0,HOLD_CASH
2021-03-01,13,AME,EL,118.3628,273.2306,1.0422,0.0,0,0.0,0.0,0.0,HOLD_CASH
2021-03-02,13,AME,EL,118.4693,269.1314,1.0422,0.0,0,0.0,0.0,0.0,HOLD_CASH
2021-03-03,13,AME,EL,118.5564,269.1314,1.0422,0.0,0,0.0,0.0,0.0,HOLD_CASH
2021-03-04,13,AME,EL,116.5334,265.088,1.0422,0.0,0,0.0,0.0,0.0,HOLD_CASH
2021-03-05,13,AME,EL,118.3338,272.2453,1.0422,0.0,0,0.0,0.0,0.0,HOLD_CASH
2021-03-08,13,AME,EL,119.5244,260.3289,1.0422,0.0,0,0.0,0.0,0.0,HOLD_CASH
2021-03-09,13,AME,EL,116.7657,260.2825,1.0422,1.3348,0,0.0,0.0,0.0,HOLD_CASH
2021-03-10,13,AME,EL,119.7567,265.1438,1.0422,1.667,0,0.0,0.0,0.0,HOLD_CASH
2021-03-11,13,AME,EL,118.0047,271.0834,1.0422,-0.3425,0,0.0,0.0,0.0,HOLD_CASH
2021-03-12,13,AME,EL,117.8689,268.8246,1.0422,0.0667,0,0.0,0.0,0.0,HOLD_CASH
2021-03-15,13,AME,EL,119.0421,269.1407,1.0422,0.5065,0,0.0,0.0,0.0,HOLD_CASH
2021-03-16,13,AME,EL,117.1612,268.5551,1.0422,-0.3034,0,0.0,0.0,0.0,HOLD_CASH
2021-03-17,13,AME,EL,118.0047,270.2468,1.0422,-0.2941,0,0.0,0.0,0.0,HOLD_CASH
2021-03-18,13,AME,EL,117.9659,266.7611,1.0422,0.4022,0,0.0,0.0,0.0,HOLD_CASH
2021-03-19,13,AME,EL,117.0836,265.1158,1.0422,0.3439,0,0.0,0.0,0.0,HOLD_CASH
2021-03-22,13,AME,EL,119.1488,266.0082,1.0422,1.0769,0,0.0,0.0,0.0,HOLD_CASH
2021-03-23,13,AME,EL,117.9659,261.4537,1.0422,1.3962,0,0.0,0.0,0.0,HOLD_CASH
2021-03-24,13,AME,EL,119.0712,264.8929,1.0422,1.0382,0,0.0,0.0,0.0,HOLD_CASH
2021-03-25,13,AME,EL,119.3039,265.9896,1.0422,0.8177,0,0.0,0.0,0.0,HOLD_CASH
2021-03-26,13,AME,EL,123.4439,271.7062,1.0422,1.3875,0,0.0,0.0,0.0,HOLD_CASH
2021-03-29,13,AME,EL,124.3068,270.0516,1.0422,1.9025,0,0.0,0.0,0.0,HOLD_CASH
2021-03-30,13,AME,EL,123.5602,274.3274,1.0422,0.5727,0,0.0,0.0,0.0,HOLD_CASH
2021-03-31,13,AME,EL,123.8414,270.3492,1.0422,1.3904,0,0.0,0.0,0.0,HOLD_CASH
2021-04-01,13,AME,EL,124.7431,271.7248,1.0422,1.3359,0,0.0,0.0,0.0,HOLD_CASH
2021-04-05,13,AME,EL,126.7307,274.4575,1.0422,1.4689,0,0.0,0.0,0.0,HOLD_CASH
2021-04-06,13,AME,EL,125.8387,274.2066,1.0422,1.1643,0,0.0,0.0,0.0,HOLD_CASH
2021-04-07,13,AME,EL,125.606,274.3274,1.0422,0.9672,0,0.0,0.0,0.0,HOLD_CASH
2021-04-08,13,AME,EL,126.3526,277.5342,1.0422,0.6263,0,0.0,0.0,0.0,HOLD_CASH
2021-04-09,13,AME,EL,127.293,280.8247,1.0422,0.2981,0,0.0,0.0,0.0,HOLD_CASH
2021-04-12,13,AME,EL,128.9413,281.8471,1.0422,0.7224,0,0.0,0.0,0.0,HOLD_CASH
2021-04-13,13,AME,EL,127.8457,281.6426,1.0422,0.2077,0,0.0,0.0,0.0,HOLD_CASH
2021-04-14,13,AME,EL,127.1185,282.9347,1.0422,-0.5722,0,0.0,0.0,0.0,HOLD_CASH
2021-04-15,13,AME,EL,129.0964,283.6225,1.0422,0.2099,0,0.0,0.0,0.0,HOLD_CASH
2021-04-16,13,AME,EL,128.8056,290.2779,1.0422,-1.9641,0,0.0,0.0,0.0,HOLD_CASH
2021-04-19,13,AME,EL,128.0978,287.387,1.0422,-1.6611,0,0.0,0.0,0.0,HOLD_CASH
2021-04-20,13,AME,EL,126.9052,287.6194,1.0422,-2.1719,1,0.0,-0.0833,-0.0833,ENTER_LONG_A
2021-04-21,13,AME,EL,129.0382,288.0284,1.0422,-0.949,1,0.6254,-0.0833,0.542,HOLDING
2021-04-22,13,AME,EL,129.4648,290.092,1.0422,-1.1745,1,0.4574,-0.0833,0.3741,HOLDING
2021-04-23,13,AME,EL,130.8998,291.6721,1.0422,-0.7715,1,0.6852,-0.0833,0.6019,HOLDING
2021-04-26,13,AME,EL,130.5895,293.9587,1.0422,-1.3569,1,0.2473,-0.0833,0.164,HOLDING
2021-04-27,13,AME,EL,130.987,293.2616,1.0422,-0.8929,1,0.4782,-0.0833,0.3949,HOLDING
2021-04-28,13,AME,EL,130.958,293.2616,1.0422,-0.8514,1,0.4689,-0.0833,0.3856,HOLDING
2021-04-29,13,AME,EL,132.9165,294.4235,1.0422,-0.0625,1,0.9268,-0.0833,0.8435,HOLDING
2021-04-30,13,AME,EL,130.8222,291.6814,1.0422,-0.422,1,0.6589,-0.0833,0.5755,HOLDING
2021-05-03,13,AME,EL,130.2211,268.5644,1.0422,3.4821,1,3.8837,-0.0833,3.8003,HOLDING
2021-05-04,13,AME,EL,131.8887,280.8153,1.0422,1.7039,1,2.6085,-0.0833,2.5251,HOLDING
2021-05-05,13,AME,EL,132.7129,273.4723,1.0422,2.5094,1,3.9592,-0.0833,3.8759,HOLDING
2021-05-06,13,AME,EL,131.7045,278.2499,1.0422,1.4236,1,2.9286,-0.0833,2.8452,HOLDING
2021-05-07,13,AME,EL,133.1492,281.9681,1.0422,1.203,1,2.8433,-0.0833,2.76,HOLDING
2021-05-10,13,AME,EL,132.9165,277.3576,1.0422,1.5238,1,3.4502,-0.0833,3.3669,HOLDING
2021-05-11,13,AME,EL,131.9954,274.03,1.0422,1.501,1,3.6461,-0.0833,3.5627,HOLDING
2021-05-12,13,AME,EL,126.8567,269.6241,1.0422,0.7718,1,2.6452,-0.0833,2.5619,HOLDING
2021-05-13,13,AME,EL,129.3581,270.507,1.0422,1.1173,1,3.319,-0.0833,3.2356,HOLDING
2021-05-14,13,AME,EL,130.2502,275.5822,1.0422,0.6959,1,2.8554,-0.0833,2.772,HOLDING
2021-05-17,13,AME,EL,129.8623,275.731,1.0422,0.5284,1,2.7087,-0.0833,2.6253,HOLDING
2021-05-18,13,AME,EL,128.059,275.322,1.0422,0.1029,1,2.1893,-0.0833,2.106,HOLDING
2021-05-19,13,AME,EL,127.5257,277.3948,1.0422,-0.3078,1,1.7113,-0.0833,1.628,HOLDING
2021-05-20,13,AME,EL,128.3499,276.9673,1.0422,-0.1256,1,2.0396,-0.0833,1.9562,HOLDING
2021-05-21,13,AME,EL,128.8056,275.8333,1.0422,0.0628,1,2.3538,-0.0833,2.2704,HOLDING
2021-05-24,13,AME,EL,129.62,281.1407,1.0422,-0.5038,1,1.8309,-0.0833,1.7475,HOLDING
2021-05-25,13,AME,EL,129.0673,283.6784,1.0422,-1.1042,1,1.2779,-0.0833,1.1946,HOLDING
2021-05-26,13,AME,EL,129.426,284.2824,1.0422,-1.2021,1,1.304,-0.0833,1.2206,HOLDING
2021-05-27,13,AME,EL,130.289,282.6437,1.0422,-0.7656,1,1.8237,-0.0833,1.7404,HOLDING
2021-05-28,13,AME,EL,130.987,285.4092,1.0422,-1.1344,1,1.6393,-0.0833,1.556,HOLDING
2021-06-01,13,AME,EL,131.6366,283.1371,1.0422,-0.4092,1,2.1841,-0.0833,2.1008,HOLDING
2021-06-02,13,AME,EL,131.7336,282.7461,1.0422,-0.2717,1,2.2731,-0.0833,2.1898,HOLDING
2021-06-03,13,AME,EL,132.6644,282.0198,1.0422,0.3677,1,2.6798,-0.0833,2.5964,HOLDING
2021-06-04,13,AME,EL,133.5079,282.4575,1.0422,0.6567,1,2.8863,-0.0833,2.803,HOLDING
2021-06-07,13,AME,EL,132.5189,282.0944,1.0422,0.3116,1,2.622,-0.0833,2.5387,HOLDING
2021-06-08,13,AME,EL,132.548,279.3568,1.0422,1.0075,1,3.0361,-0.0833,2.9528,HOLDING
2021-06-09,13,AME,EL,131.5785,277.327,1.0422,1.1692,1,3.0245,-0.0833,2.9412,HOLDING
2021-06-10,13,AME,EL,132.199,277.7367,1.0422,1.3017,1,3.1634,-0.0833,3.0801,HOLDING
2021-06-11,13,AME,EL,131.9174,279.543,1.0422,0.8173,1,2.8058,-0.0833,2.7225,HOLDING
2021-06-14,13,AME,EL,132.2281,282.3364,1.0422,0.2968,1,2.4927,-0.0833,2.4093,HOLDING
2021-06-15,13,AME,EL,133.1797,281.9547,1.0422,0.9024,1,2.8551,-0.0833,2.7718,HOLDING
2021-06-16,13,AME,EL,131.4707,278.407,1.0422,0.8527,1,2.8302,-0.0833,2.7468,HOLDING
2021-06-17,13,AME,EL,130.1017,279.2451,1.0422,-0.1521,1,2.266,-0.0833,2.1827,HOLDING
2021-06-18,13,AME,EL,126.8586,275.502,1.0422,-0.922,1,1.7767,-0.0833,1.6934,HOLDING
2021-06-21,13,AME,EL,129.8395,280.7163,1.0422,-0.6171,1,1.9642,-0.0833,1.8809,HOLDING
2021-06-22,13,AME,EL,129.7424,279.813,1.0422,-0.4607,1,2.0665,-0.0833,1.9832,HOLDING
2021-06-23,13,AME,EL,129.4123,281.5543,1.0422,-1.215,1,1.7029,-0.0833,1.6196,HOLDING
2021-06-24,13,AME,EL,129.7521,287.4391,1.0422,-2.4266,1,0.9421,-0.0833,0.8587,HOLDING
2021-06-25,13,AME,EL,129.7715,294.1897,1.0422,-2.9315,1,-0.0499,-0.0833,-0.1332,HOLDING
2021-06-28,13,AME,EL,129.3637,292.8768,1.0422,-2.3379,1,0.0132,-0.0833,-0.0702,HOLDING
2021-06-29,13,AME,EL,129.1209,295.6422,1.0422,-2.2863,1,-0.4738,-0.0833,-0.5571,HOLDING
2021-06-30,13,AME,EL,129.6259,296.173,1.0422,-1.877,1,-0.3899,-0.0833,-0.4733,HOLDING
2021-07-01,13,AME,EL,130.0531,295.2419,1.0422,-1.4639,1,-0.1149,-0.0833,-0.1982,HOLDING
2021-07-02,13,AME,EL,131.0241,295.6888,1.0422,-1.1504,1,0.1312,-0.0833,0.0479,HOLDING
2021-07-06,13,AME,EL,129.1404,297.0669,1.0422,-1.542,1,-0.6782,-0.0833,-0.7615,HOLDING
2021-07-07,13,AME,EL,131.3542,297.1692,1.0422,-0.9514,1,0.0185,-0.0833,-0.0648,HOLDING
2021-07-08,13,AME,EL,129.1696,291.9736,1.0422,-0.8169,1,0.0843,-0.0833,0.0009,HOLDING
2021-07-09,13,AME,EL,131.5387,295.9774,1.0422,-0.6186,1,0.2541,-0.0833,0.1707,HOLDING
2021-07-12,13,AME,EL,132.3447,298.4077,1.0422,-0.6203,1,0.1539,-0.0833,0.0705,HOLDING
2021-07-13,13,AME,EL,131.0921,298.5474,1.0422,-0.871,1,-0.2696,-0.0833,-0.3529,HOLDING
2021-07-14,13,AME,EL,130.9076,304.0689,1.0422,-1.4655,1,-1.1453,-0.0833,-1.2286,HOLDING
2021-07-15,13,AME,EL,131.7912,304.4414,1.0422,-1.2022,1,-0.9163,-0.0833,-0.9996,HOLDING
2021-07-16,13,AME,EL,132.2766,302.1414,1.0422,-0.6769,1,-0.4201,-0.0833,-0.5034,HOLDING
2021-07-19,13,AME,EL,129.1986,294.3386,1.0422,-0.4412,1,-0.2561,-0.0833,-0.3394,HOLDING
2021-07-20,13,AME,EL,132.7622,301.1732,1.0422,-0.1955,1,-0.1208,-0.0833,-0.2041,HOLDING
2021-07-21,13,AME,EL,133.0437,300.8286,1.0422,0.1454,1,0.0207,-0.0833,-0.0627,HOLDING
2021-07-22,13,AME,EL,133.1894,304.0875,1.0422,-0.5069,1,-0.4143,-0.0833,-0.4977,HOLDING
2021-07-23,13,AME,EL,133.8303,310.5775,1.0422,-2.0555,1,-1.1679,-0.0833,-1.2512,HOLDING
2021-07-26,13,AME,EL,133.2671,310.3634,1.0422,-2.0117,1,-1.3173,-0.0833,-1.4007,HOLDING
2021-07-27,13,AME,EL,133.0535,307.0672,1.0422,-1.0373,1,-0.8986,-0.0833,-0.982,HOLDING
2021-07-28,13,AME,EL,132.8981,308.0821,1.0422,-1.3191,1,-1.0987,-0.0833,-1.182,HOLDING
2021-07-29,13,AME,EL,134.5779,310.6147,1.0422,-0.9035,1,-0.933,-0.0833,-1.0163,HOLDING
2021-07-30,13,AME,EL,135.0148,310.8383,1.0422,-0.6294,1,-0.8256,-0.0833,-0.9089,HOLDING
2021-08-02,13,AME,EL,134.2186,305.1025,1.0422,0.548,1,-0.2335,-0.0833,-0.3168,HOLDING
2021-08-03,13,AME,EL,134.743,304.9814,1.0422,0.8409,1,-0.047,-0.0833,-0.1303,HOLDING
2021-08-04,13,AME,EL,132.7525,303.3426,1.0422,0.1043,1,-0.4447,-0.0833,-0.528,HOLDING
2021-08-05,13,AME,EL,132.9272,306.0522,1.0422,-0.5159,1,-0.7892,-0.0833,-0.8725,HOLDING
2021-08-06,13,AME,EL,132.8495,306.1826,1.0422,-0.5336,1,-0.8334,-0.0833,-0.9167,HOLDING
2021-08-09,13,AME,EL,132.1019,303.9852,1.0422,-0.2721,1,0.0,-0.9196,-0.9196,PERIOD_END_EXIT
2021-02-09,14,BRO,RSG,43.9213,85.754,0.9882,0.0,0,0.0,0.0,0.0,HOLD_CASH
2021-02-10,14,BRO,RSG,43.6791,84.7985,0.9882,0.0,0,0.0,0.0,0.0,HOLD_CASH
2021-02-11,14,BRO,RSG,43.8922,85.5198,0.9882,0.0,0,0.0,0.0,0.0,HOLD_CASH
2021-02-12,14,BRO,RSG,43.4078,85.4917,0.9882,0.0,0,0.0,0.0,0.0,HOLD_CASH
2021-02-16,14,BRO,RSG,43.088,84.6673,0.9882,0.0,0,0.0,0.0,0.0,HOLD_CASH
2021-02-17,14,BRO,RSG,42.8749,84.3863,0.9882,0.0,0,0.0,0.0,0.0,HOLD_CASH
2021-02-18,14,BRO,RSG,42.9427,85.9226,0.9882,0.0,0,0.0,0.0,0.0,HOLD_CASH
2021-02-19,14,BRO,RSG,44.1732,84.864,0.9882,0.0,0,0.0,0.0,0.0,HOLD_CASH
2021-02-22,14,BRO,RSG,44.7449,83.3745,0.9882,0.0,0,0.0,0.0,0.0,HOLD_CASH
2021-02-23,14,BRO,RSG,45.4716,83.3371,0.9882,0.0,0,0.0,0.0,0.0,HOLD_CASH
2021-02-24,14,BRO,RSG,46.3049,83.9272,0.9882,0.0,0,0.0,0.0,0.0,HOLD_CASH
2021-02-25,14,BRO,RSG,45.2875,84.7235,0.9882,0.0,0,0.0,0.0,0.0,HOLD_CASH
2021-02-26,14,BRO,RSG,44.4736,83.4589,0.9882,0.0,0,0.0,0.0,0.0,HOLD_CASH
2021-03-01,14,BRO,RSG,45.3844,85.0139,0.9882,0.0,0,0.0,0.0,0.0,HOLD_CASH
2021-03-02,14,BRO,RSG,44.9387,85.8195,0.9882,0.0,0,0.0,0.0,0.0,HOLD_CASH
2021-03-03,14,BRO,RSG,44.1345,85.5854,0.9882,0.0,0,0.0,0.0,0.0,HOLD_CASH
2021-03-04,14,BRO,RSG,43.5337,85.6135,0.9882,0.0,0,0.0,0.0,0.0,HOLD_CASH
2021-03-05,14,BRO,RSG,44.6092,88.48,0.9882,0.0,0,0.0,0.0,0.0,HOLD_CASH
2021-03-08,14,BRO,RSG,44.9096,89.5948,0.9882,0.0,0,0.0,0.0,0.0,HOLD_CASH
2021-03-09,14,BRO,RSG,44.6383,88.6487,0.9882,-1.0003,0,0.0,0.0,0.0,HOLD_CASH
2021-03-10,14,BRO,RSG,45.0646,89.7916,0.9882,-1.0468,0,0.0,0.0,0.0,HOLD_CASH
2021-03-11,14,BRO,RSG,44.9677,89.1827,0.9882,-0.8432,0,0.0,0.0,0.0,HOLD_CASH
2021-03-12,14,BRO,RSG,45.365,90.1007,0.9882,-0.8411,0,0.0,0.0,0.0,HOLD_CASH
2021-03-15,14,BRO,RSG,45.6848,90.4661,0.9882,-0.7321,0,0.0,0.0,0.0,HOLD_CASH
2021-03-16,14,BRO,RSG,45.491,90.4942,0.9882,-0.8485,0,0.0,0.0,0.0,HOLD_CASH
2021-03-17,14,BRO,RSG,44.929,88.274,0.9882,-0.4699,0,0.0,0.0,0.0,HOLD_CASH
2021-03-18,14,BRO,RSG,44.2895,90.6066,0.9882,-1.6275,0,0.0,0.0,0.0,HOLD_CASH
2021-03-19,14,BRO,RSG,43.369,89.9415,0.9882,-1.7578,0,0.0,0.0,0.0,HOLD_CASH
2021-03-22,14,BRO,RSG,43.931,90.5504,0.9882,-1.4204,0,0.0,0.0,0.0,HOLD_CASH
2021-03-23,14,BRO,RSG,44.2023,90.7003,0.9882,-1.2038,0,0.0,0.0,0.0,HOLD_CASH
2021-03-24,14,BRO,RSG,44.4542,92.0118,0.9882,-1.4087,0,0.0,0.0,0.0,HOLD_CASH
2021-03-25,14,BRO,RSG,44.4736,92.8268,0.9882,-1.5374,0,0.0,0.0,0.0,HOLD_CASH
2021-03-26,14,BRO,RSG,44.7546,94.8877,0.9882,-1.8502,0,0.0,0.0,0.0,HOLD_CASH
2021-03-29,14,BRO,RSG,44.8127,94.7285,0.9882,-1.6635,0,0.0,0.0,0.0,HOLD_CASH
2021-03-30,14,BRO,RSG,44.5802,94.0821,0.9882,-1.4921,0,0.0,0.0,0.0,HOLD_CASH
2021-03-31,14,BRO,RSG,44.2895,93.4659,0.9882,-1.3634,0,0.0,0.0,0.0,HOLD_CASH
2021-04-01,14,BRO,RSG,45.0743,93.814,0.9882,-0.7685,0,0.0,0.0,0.0,HOLD_CASH
2021-04-05,14,BRO,RSG,45.2293,95.0652,0.9882,-1.0248,0,0.0,0.0,0.0,HOLD_CASH
2021-04-06,14,BRO,RSG,45.491,95.5638,0.9882,-0.9068,0,0.0,0.0,0.0,HOLD_CASH
2021-04-07,14,BRO,RSG,45.6557,96.3164,0.9882,-0.9639,0,0.0,0.0,0.0,HOLD_CASH
2021-04-08,14,BRO,RSG,45.8688,96.2882,0.9882,-0.6952,0,0.0,0.0,0.0,HOLD_CASH
2021-04-09,14,BRO,RSG,46.3436,97.4171,0.9882,-0.6661,0,0.0,0.0,0.0,HOLD_CASH
2021-04-12,14,BRO,RSG,46.3727,97.1725,0.9882,-0.4613,0,0.0,0.0,0.0,HOLD_CASH
2021-04-13,14,BRO,RSG,46.9637,97.4924,0.9882,0.0726,0,0.0,0.0,0.0,HOLD_CASH
2021-04-14,14,BRO,RSG,46.7312,97.3324,0.9882,0.0201,0,0.0,0.0,0.0,HOLD_CASH
2021-04-15,14,BRO,RSG,47.4482,98.038,0.9882,1.0621,0,0.0,0.0,0.0,HOLD_CASH
2021-04-16,14,BRO,RSG,48.0102,98.1415,0.9882,2.0645,-1,0.0,-0.0833,-0.0833,ENTER_SHORT_A
2021-04-19,14,BRO,RSG,47.9423,98.4708,0.9882,1.4768,-1,0.1982,-0.0833,0.1148,HOLDING
2021-04-20,14,BRO,RSG,47.8358,98.7906,0.9882,0.9925,-1,0.4262,-0.0833,0.3429,HOLDING
2021-04-21,14,BRO,RSG,48.2524,99.6185,0.9882,1.0879,-1,0.4119,-0.0833,0.3285,HOLDING
2021-04-22,14,BRO,RSG,48.4171,99.3551,0.9882,1.5271,-1,0.1569,-0.0833,0.0736,HOLDING
2021-04-23,14,BRO,RSG,48.9113,100.0889,0.9882,1.5721,-1,0.0352,-0.0833,-0.0481,HOLDING
2021-04-26,14,BRO,RSG,48.2524,98.4332,0.9882,1.621,-1,-0.0884,-0.0833,-0.1717,HOLDING
2021-04-27,14,BRO,RSG,50.2581,98.6872,0.9882,3.1369,-1,-1.7322,-0.0833,-1.8155,HOLDING
2021-04-28,14,BRO,RSG,50.8007,98.4708,0.9882,2.8122,-1,-2.2972,-0.0833,-2.3806,HOLDING
2021-04-29,14,BRO,RSG,51.1688,99.7973,0.9882,2.1135,-1,-2.0588,-0.0833,-2.1422,HOLDING
2021-04-30,14,BRO,RSG,51.5274,100.0043,0.9882,1.943,-1,-2.2845,-0.0833,-2.3678,HOLDING
2021-05-03,14,BRO,RSG,51.4498,101.5942,0.9882,1.1992,-1,-1.5458,-0.0833,-1.6291,HOLDING
2021-05-04,14,BRO,RSG,51.7211,102.2621,0.9882,1.0458,-1,-1.5007,-0.0833,-1.5841,HOLDING
2021-05-05,14,BRO,RSG,51.508,102.883,0.9882,0.6161,-1,-1.0526,-0.0833,-1.1359,HOLDING
2021-05-06,14,BRO,RSG,51.8859,104.2095,0.9882,0.3543,-1,-0.8227,-0.0833,-0.906,HOLDING
2021-05-07,14,BRO,RSG,52.112,104.313,0.9882,0.4081,-1,-0.9764,-0.0833,-1.0598,HOLDING
2021-05-10,14,BRO,RSG,51.8014,105.4137,0.9882,-0.3179,-1,-0.2407,-0.0833,-0.3241,HOLDING
2021-05-11,14,BRO,RSG,50.4523,103.391,0.9882,-0.6697,-1,0.0835,-0.0833,0.0001,HOLDING
2021-05-12,14,BRO,RSG,49.404,101.4624,0.9882,-0.8355,-1,0.1847,-0.0833,0.1013,HOLDING
2021-05-13,14,BRO,RSG,50.6173,103.7297,0.9882,-0.7618,-1,0.0824,-0.0833,-0.001,HOLDING
2021-05-14,14,BRO,RSG,50.9667,104.52,0.9882,-0.7812,-1,0.1108,-0.0833,0.0275,HOLDING
2021-05-17,14,BRO,RSG,50.6949,103.5133,0.9882,-0.6107,-1,-0.0768,-0.0833,-0.1601,HOLDING
2021-05-18,14,BRO,RSG,50.5299,102.7513,0.9882,-0.4762,-1,-0.2543,-0.0833,-0.3376,HOLDING
2021-05-19,14,BRO,RSG,50.4911,101.7823,0.9882,-0.1294,-1,-0.6294,-0.0833,-0.7127,HOLDING
2021-05-20,14,BRO,RSG,50.724,102.9489,0.9882,-0.5004,-1,-0.3404,-0.0833,-0.4237,HOLDING
2021-05-21,14,BRO,RSG,50.559,103.0147,0.9882,-0.7177,-1,-0.1686,-0.0833,-0.2519,HOLDING
2021-05-24,14,BRO,RSG,50.627,102.9112,0.9882,-0.6128,-1,-0.2715,-0.0833,-0.3549,HOLDING
2021-05-25,14,BRO,RSG,50.297,102.1963,0.9882,-0.523,-1,-0.2852,-0.0833,-0.3685,HOLDING
2021-05-26,14,BRO,RSG,50.1417,101.5659,0.9882,-0.2759,-1,-0.4156,-0.0833,-0.499,HOLDING
2021-05-27,14,BRO,RSG,50.8696,102.5443,0.9882,0.1358,-1,-0.6382,-0.0833,-0.7216,HOLDING
2021-05-28,14,BRO,RSG,50.9764,102.7137,0.9882,0.3793,-1,-0.66,-0.0833,-0.7433,HOLDING
2021-06-01,14,BRO,RSG,51.0055,101.9517,0.9882,1.2501,-1,-1.007,-0.0833,-1.0903,HOLDING
2021-06-02,14,BRO,RSG,50.8308,102.5067,0.9882,0.5793,-1,-0.6202,-0.0833,-0.7036,HOLDING
2021-06-03,14,BRO,RSG,50.7337,102.4408,0.9882,0.5352,-1,-0.5633,-0.0833,-0.6466,HOLDING
2021-06-04,14,BRO,RSG,50.8308,102.7607,0.9882,0.4482,-1,-0.513,-0.0833,-0.5964,HOLDING
2021-06-07,14,BRO,RSG,50.1902,102.1304,0.9882,-0.3228,-1,-0.2198,-0.0833,-0.3031,HOLDING
2021-06-08,14,BRO,RSG,50.5299,102.5537,0.9882,0.0355,-1,-0.3377,-0.0833,-0.421,HOLDING
2021-06-09,14,BRO,RSG,50.1999,102.7607,0.9882,-1.19,-1,0.0378,-0.0833,-0.0456,HOLDING
2021-06-10,14,BRO,RSG,50.2873,102.6384,0.9882,-0.8729,-1,-0.0901,-0.0833,-0.1734,HOLDING
2021-06-11,14,BRO,RSG,50.6367,103.0806,0.9882,-0.5456,-1,-0.2086,-0.0833,-0.2919,HOLDING
2021-06-14,14,BRO,RSG,50.5882,103.1464,0.9882,-0.9023,-1,-0.1384,-0.0833,-0.2217,HOLDING
2021-06-15,14,BRO,RSG,51.384,104.0684,0.9882,0.2017,-1,-0.4441,-0.0833,-0.5275,HOLDING
2021-06-16,14,BRO,RSG,51.1608,102.7325,0.9882,1.4945,-1,-0.813,-0.0833,-0.8964,HOLDING
2021-06-17,14,BRO,RSG,51.0832,102.1869,0.9882,1.8804,-1,-0.9755,-0.0833,-1.0589,HOLDING
2021-06-18,14,BRO,RSG,50.2873,100.2112,0.9882,2.022,-1,-1.1145,-0.0833,-1.1978,HOLDING
2021-06-21,14,BRO,RSG,50.9182,102.0081,0.9882,1.2,-1,-0.9069,-0.0833,-0.9903,HOLDING
2021-06-22,14,BRO,RSG,51.2967,102.328,0.9882,1.5563,-1,-1.1024,-0.0833,-1.1857,HOLDING
2021-06-23,14,BRO,RSG,51.3646,101.4624,0.9882,2.2426,-1,-1.527,-0.0833,-1.6103,HOLDING
2021-06-24,14,BRO,RSG,51.6558,101.914,0.9882,1.989,-1,-1.5906,-0.0833,-1.6739,HOLDING
2021-06-25,14,BRO,RSG,51.9179,102.3562,0.9882,1.778,-1,-1.6328,-0.0833,-1.7161,HOLDING
2021-06-28,14,BRO,RSG,51.4132,102.3374,0.9882,0.8683,-1,-1.2001,-0.0833,-1.2834,HOLDING
2021-06-29,14,BRO,RSG,51.947,103.1841,0.9882,1.006,-1,-1.3088,-0.0833,-1.3921,HOLDING
2021-06-30,14,BRO,RSG,51.5782,103.8971,0.9882,-0.1666,-1,-0.6859,-0.0833,-0.7692,HOLDING
2021-07-01,14,BRO,RSG,51.947,104.4638,0.9882,-0.038,-1,-0.7687,-0.0833,-0.8521,HOLDING
2021-07-02,14,BRO,RSG,52.0926,105.2193,0.9882,-0.4079,-1,-0.577,-0.0833,-0.6603,HOLDING
2021-07-06,14,BRO,RSG,51.9858,105.9843,0.9882,-1.1708,-1,-0.1609,-0.0833,-0.2442,HOLDING
2021-07-07,14,BRO,RSG,52.0247,107.6654,0.9882,-2.0749,-1,0.5147,-0.0833,0.4313,HOLDING
2021-07-08,14,BRO,RSG,50.7726,106.1543,0.9882,-2.4022,-1,0.97,-0.0833,0.8867,HOLDING
2021-07-09,14,BRO,RSG,51.3938,106.4093,0.9882,-1.628,-1,0.5353,-0.0833,0.452,HOLDING
2021-07-12,14,BRO,RSG,51.7141,106.3904,0.9882,-1.173,-1,0.2477,-0.0833,0.1644,HOLDING
2021-07-13,14,BRO,RSG,51.0638,106.3527,0.9882,-1.706,-1,0.7995,-0.0833,0.7162,HOLDING
2021-07-14,14,BRO,RSG,51.2288,107.5238,0.9882,-1.8303,-1,1.1497,-0.0833,1.0664,HOLDING
2021-07-15,14,BRO,RSG,51.9567,108.166,0.9882,-1.2766,-1,0.7852,-0.0833,0.7019,HOLDING
2021-07-16,14,BRO,RSG,52.1605,108.8365,0.9882,-1.2385,-1,0.8903,-0.0833,0.807,HOLDING
2021-07-19,14,BRO,RSG,51.122,107.4104,0.9882,-1.3905,-1,1.1951,-0.0833,1.1118,HOLDING
2021-07-20,14,BRO,RSG,51.8208,108.7043,0.9882,-1.1811,-1,1.1311,-0.0833,1.0477,HOLDING
2021-07-21,14,BRO,RSG,51.7044,108.4965,0.9882,-1.0808,-1,1.1451,-0.0833,1.0617,HOLDING
2021-07-22,14,BRO,RSG,51.9955,108.6287,0.9882,-0.8102,-1,0.9467,-0.0833,0.8633,HOLDING
2021-07-23,14,BRO,RSG,52.7526,109.7243,0.9882,-0.5331,-1,0.7481,-0.0833,0.6647,HOLDING
2021-07-26,14,BRO,RSG,52.8011,109.3843,0.9882,-0.2524,-1,0.5622,-0.0833,0.4789,HOLDING
2021-07-27,14,BRO,RSG,53.17,109.6581,0.9882,0.099,-1,0.3558,-0.0833,0.2725,HOLDING
2021-07-28,14,BRO,RSG,52.51,108.9404,0.9882,-0.1647,-1,0.6291,-0.0833,0.5458,HOLDING
2021-07-29,14,BRO,RSG,53.2282,109.0632,0.9882,0.8951,-1,0.0539,-0.0833,-0.0295,HOLDING
2021-07-30,14,BRO,RSG,52.8011,111.7831,0.9882,-1.685,-1,1.5746,-0.0833,1.4913,HOLDING
2021-08-02,14,BRO,RSG,52.6459,111.4431,0.9882,-1.662,-1,1.5667,-0.0833,1.4834,HOLDING
2021-08-03,14,BRO,RSG,52.5294,113.0864,0.9882,-2.7148,-1,2.3619,-0.0833,2.2786,HOLDING
2021-08-04,14,BRO,RSG,52.1217,112.5387,0.9882,-2.3611,-1,2.4866,-0.0833,2.4033,HOLDING
2021-08-05,14,BRO,RSG,52.607,111.6603,0.9882,-0.9961,-1,1.6923,-0.0833,1.6089,HOLDING
2021-08-06,14,BRO,RSG,52.8788,111.7359,0.9882,-0.5994,-1,1.4869,-0.0833,1.4036,HOLDING
2021-08-09,14,BRO,RSG,53.1797,111.2731,0.9882,0.1919,-1,0.0,0.8522,0.8522,PERIOD_END_EXIT
2021-02-09,15,CPT,EXC,85.5408,25.813,0.9437,0.0,0,0.0,0.0,0.0,HOLD_CASH
2021-02-10,15,CPT,EXC,87.4691,25.6649,0.9437,0.0,0,0.0,0.0,0.0,HOLD_CASH
2021-02-11,15,CPT,EXC,89.6512,25.3213,0.9437,0.0,0,0.0,0.0,0.0,HOLD_CASH
2021-02-12,15,CPT,EXC,90.1079,25.0073,0.9437,0.0,0,0.0,0.0,0.0,HOLD_CASH
2021-02-16,15,CPT,EXC,89.9895,24.871,0.9437,0.0,0,0.0,0.0,0.0,HOLD_CASH
2021-02-17,15,CPT,EXC,88.8562,24.9836,0.9437,0.0,0,0.0,0.0,0.0,HOLD_CASH
2021-02-18,15,CPT,EXC,87.7905,25.2976,0.9437,0.0,0,0.0,0.0,0.0,HOLD_CASH
2021-02-19,15,CPT,EXC,88.9154,24.5156,0.9437,0.0,0,0.0,0.0,0.0,HOLD_CASH
2021-02-22,15,CPT,EXC,88.7547,24.0535,0.9437,0.0,0,0.0,0.0,0.0,HOLD_CASH
2021-02-23,15,CPT,EXC,90.996,24.1719,0.9437,0.0,0,0.0,0.0,0.0,HOLD_CASH
2021-02-24,15,CPT,EXC,90.294,23.8106,0.9437,0.0,0,0.0,0.0,0.0,HOLD_CASH
2021-02-25,15,CPT,EXC,89.1945,23.0581,0.9437,0.0,0,0.0,0.0,0.0,HOLD_CASH
2021-02-26,15,CPT,EXC,88.0866,22.8686,0.9437,0.0,0,0.0,0.0,0.0,HOLD_CASH
2021-03-01,15,CPT,EXC,87.9681,23.2892,0.9437,0.0,0,0.0,0.0,0.0,HOLD_CASH
2021-03-02,15,CPT,EXC,87.7736,23.2892,0.9437,0.0,0,0.0,0.0,0.0,HOLD_CASH
2021-03-03,15,CPT,EXC,87.3085,23.4195,0.9437,0.0,0,0.0,0.0,0.0,HOLD_CASH
2021-03-04,15,CPT,EXC,84.9403,23.5617,0.9437,0.0,0,0.0,0.0,0.0,HOLD_CASH
2021-03-05,15,CPT,EXC,86.8517,23.7131,0.9437,0.0,0,0.0,0.0,0.0,HOLD_CASH
2021-03-08,15,CPT,EXC,87.1985,24.3412,0.9437,0.0,0,0.0,0.0,0.0,HOLD_CASH
2021-03-09,15,CPT,EXC,86.6826,24.8437,0.9437,-0.998,0,0.0,0.0,0.0,HOLD_CASH
2021-03-10,15,CPT,EXC,87.8074,25.0411,0.9437,-1.0624,0,0.0,0.0,0.0,HOLD_CASH
2021-03-11,15,CPT,EXC,88.002,25.1428,0.9437,-1.2203,0,0.0,0.0,0.0,HOLD_CASH
2021-03-12,15,CPT,EXC,90.1671,25.4778,0.9437,-0.8534,0,0.0,0.0,0.0,HOLD_CASH
2021-03-15,15,CPT,EXC,93.2796,25.9384,0.9437,-0.3251,0,0.0,0.0,0.0,HOLD_CASH
2021-03-16,15,CPT,EXC,92.7806,25.9384,0.9437,-0.475,0,0.0,0.0,0.0,HOLD_CASH
2021-03-17,15,CPT,EXC,92.5691,25.7051,0.9437,-0.3075,0,0.0,0.0,0.0,HOLD_CASH
2021-03-18,15,CPT,EXC,93.6432,25.5436,0.9437,0.1626,0,0.0,0.0,0.0,HOLD_CASH
2021-03-19,15,CPT,EXC,90.5139,25.7051,0.9437,-1.0892,0,0.0,0.0,0.0,HOLD_CASH
2021-03-22,15,CPT,EXC,91.5034,25.5974,0.9437,-0.5609,0,0.0,0.0,0.0,HOLD_CASH
2021-03-23,15,CPT,EXC,92.1124,25.6034,0.9437,-0.295,0,0.0,0.0,0.0,HOLD_CASH
2021-03-24,15,CPT,EXC,92.7044,25.6812,0.9437,-0.1093,0,0.0,0.0,0.0,HOLD_CASH
2021-03-25,15,CPT,EXC,93.1104,25.9444,0.9437,-0.1978,0,0.0,0.0,0.0,HOLD_CASH
2021-03-26,15,CPT,EXC,95.6139,26.0401,0.9437,0.9272,0,0.0,0.0,0.0,HOLD_CASH
2021-03-29,15,CPT,EXC,94.1253,26.1717,0.9437,0.0916,0,0.0,0.0,0.0,HOLD_CASH
2021-03-30,15,CPT,EXC,94.6536,26.0222,0.9437,0.8433,0,0.0,0.0,0.0,HOLD_CASH
2021-03-31,15,CPT,EXC,93.6567,26.1657,0.9437,0.0116,0,0.0,0.0,0.0,HOLD_CASH
2021-04-01,15,CPT,EXC,94.807,26.2674,0.9437,0.5526,0,0.0,0.0,0.0,HOLD_CASH
2021-04-05,15,CPT,EXC,94.4065,26.6084,0.9437,-0.4629,0,0.0,0.0,0.0,HOLD_CASH
2021-04-06,15,CPT,EXC,94.8411,26.6563,0.9437,-0.259,0,0.0,0.0,0.0,HOLD_CASH
2021-04-07,15,CPT,EXC,96.2642,26.8896,0.9437,0.1032,0,0.0,0.0,0.0,HOLD_CASH
2021-04-08,15,CPT,EXC,95.1138,26.8597,0.9437,-0.8419,0,0.0,0.0,0.0,HOLD_CASH
2021-04-09,15,CPT,EXC,95.7188,26.8178,0.9437,-0.3416,0,0.0,0.0,0.0,HOLD_CASH
2021-04-12,15,CPT,EXC,95.6251,26.7639,0.9437,-0.3311,0,0.0,0.0,0.0,HOLD_CASH
2021-04-13,15,CPT,EXC,96.8777,27.0212,0.9437,0.0675,0,0.0,0.0,0.0,HOLD_CASH
2021-04-14,15,CPT,EXC,96.7754,27.1887,0.9437,-0.6001,0,0.0,0.0,0.0,HOLD_CASH
2021-04-15,15,CPT,EXC,98.1047,27.3801,0.9437,0.0989,0,0.0,0.0,0.0,HOLD_CASH
2021-04-16,15,CPT,EXC,98.8887,27.6134,0.9437,0.2119,0,0.0,0.0,0.0,HOLD_CASH
2021-04-19,15,CPT,EXC,99.8005,27.2186,0.9437,2.385,-1,0.0,-0.0833,-0.0833,ENTER_SHORT_A
2021-04-20,15,CPT,EXC,101.82,27.398,0.9437,2.7781,-1,-0.6008,-0.0833,-0.6841,HOLDING
2021-04-21,15,CPT,EXC,102.8085,27.3263,0.9437,2.7334,-1,-1.1321,-0.0833,-1.2155,HOLDING
2021-04-22,15,CPT,EXC,102.0586,26.9673,0.9437,2.3947,-1,-1.3435,-0.0833,-1.4269,HOLDING
2021-04-23,15,CPT,EXC,101.1553,26.8656,0.9437,1.8122,-1,-1.1067,-0.0833,-1.19,HOLDING
2021-04-26,15,CPT,EXC,101.7518,26.7101,0.9437,2.0045,-1,-1.5941,-0.0833,-1.6775,HOLDING
2021-04-27,15,CPT,EXC,101.9222,26.6443,0.9437,1.8474,-1,-1.7652,-0.0833,-1.8485,HOLDING
2021-04-28,15,CPT,EXC,101.2065,26.6862,0.9437,1.3683,-1,-1.3954,-0.0833,-1.4787,HOLDING
2021-04-29,15,CPT,EXC,102.2972,26.8537,0.9437,1.3706,-1,-1.615,-0.0833,-1.6983,HOLDING
2021-04-30,15,CPT,EXC,102.6636,26.8836,0.9437,1.3027,-1,-1.728,-0.0833,-1.8113,HOLDING
2021-05-03,15,CPT,EXC,102.246,26.8537,0.9437,1.0896,-1,-1.593,-0.0833,-1.6764,HOLDING
2021-05-04,15,CPT,EXC,101.6666,26.7879,0.9437,0.8861,-1,-1.4419,-0.0833,-1.5253,HOLDING
2021-05-05,15,CPT,EXC,100.5674,26.0401,0.9437,1.2742,-1,-2.0812,-0.0833,-2.1646,HOLDING
2021-05-06,15,CPT,EXC,103.0726,26.6084,0.9437,1.2936,-1,-2.3127,-0.0833,-2.396,HOLDING
2021-05-07,15,CPT,EXC,104.5468,26.728,0.9437,1.4728,-1,-2.7681,-0.0833,-2.8515,HOLDING
2021-05-10,15,CPT,EXC,105.041,26.6323,0.9437,1.5786,-1,-3.1227,-0.0833,-3.2061,HOLDING
2021-05-11,15,CPT,EXC,104.453,26.5845,0.9437,1.3277,-1,-2.9413,-0.0833,-3.0246,HOLDING
2021-05-12,15,CPT,EXC,101.9734,25.7889,0.9437,1.4103,-1,-3.0587,-0.0833,-3.142,HOLDING
2021-05-13,15,CPT,EXC,103.9588,26.8047,0.9437,0.7149,-1,-2.4017,-0.0833,-2.485,HOLDING
2021-05-14,15,CPT,EXC,104.1889,27.2151,0.9437,0.0805,-1,-1.8904,-0.0833,-1.9737,HOLDING
2021-05-17,15,CPT,EXC,104.8961,27.2151,0.9437,0.3584,-1,-2.1942,-0.0833,-2.2776,HOLDING
2021-05-18,15,CPT,EXC,104.4104,27.5531,0.9437,-0.7804,-1,-1.4831,-0.0833,-1.5665,HOLDING
2021-05-19,15,CPT,EXC,103.7713,27.4867,0.9437,-1.0728,-1,-1.3073,-0.0833,-1.3906,HOLDING
2021-05-20,15,CPT,EXC,104.8706,27.6074,0.9437,-0.6584,-1,-1.6001,-0.0833,-1.6834,HOLDING
2021-05-21,15,CPT,EXC,104.7342,27.6678,0.9437,-0.947,-1,-1.4518,-0.0833,-1.5351,HOLDING
2021-05-24,15,CPT,EXC,106.1999,27.7825,0.9437,-0.2478,-1,-1.911,-0.0833,-1.9943,HOLDING
2021-05-25,15,CPT,EXC,106.7708,27.1065,0.9437,1.6059,-1,-3.1611,-0.0833,-3.2444,HOLDING
2021-05-26,15,CPT,EXC,107.1628,27.2634,0.9437,1.3304,-1,-3.0962,-0.0833,-3.1795,HOLDING
2021-05-27,15,CPT,EXC,106.1573,26.9194,0.9437,1.3384,-1,-3.1756,-0.0833,-3.259,HOLDING
2021-05-28,15,CPT,EXC,106.839,27.2332,0.9437,0.9486,-1,-3.0019,-0.0833,-3.0853,HOLDING
2021-06-01,15,CPT,EXC,108.8415,27.2453,0.9437,1.8099,-1,-3.8443,-0.0833,-3.9276,HOLDING
2021-06-02,15,CPT,EXC,110.6906,27.2815,0.9437,2.2493,-1,-4.5848,-0.0833,-4.6681,HOLDING
2021-06-03,15,CPT,EXC,110.0515,27.6255,0.9437,1.1928,-1,-3.7988,-0.0833,-3.8822,HOLDING
2021-06-04,15,CPT,EXC,110.077,27.5229,0.9437,1.2438,-1,-3.9623,-0.0833,-4.0457,HOLDING
2021-06-07,15,CPT,EXC,110.7417,27.6799,0.9437,1.1692,-1,-4.0146,-0.0833,-4.0979,HOLDING
2021-06-08,15,CPT,EXC,112.5056,27.6135,0.9437,1.766,-1,-4.871,-0.0833,-4.9544,HOLDING
2021-06-09,15,CPT,EXC,113.1873,27.9816,0.9437,1.349,-1,-4.6166,-0.0833,-4.6999,HOLDING
2021-06-10,15,CPT,EXC,115.0705,28.1929,0.9437,1.5447,-1,-5.1116,-0.0833,-5.1949,HOLDING
2021-06-11,15,CPT,EXC,115.2579,28.3136,0.9437,1.3002,-1,-5.0127,-0.0833,-5.096,HOLDING
2021-06-14,15,CPT,EXC,115.1983,28.4343,0.9437,1.0276,-1,-4.8076,-0.0833,-4.8909,HOLDING
2021-06-15,15,CPT,EXC,114.5592,28.4343,0.9437,0.7458,-1,-4.5331,-0.0833,-4.6164,HOLDING
2021-06-16,15,CPT,EXC,113.9031,27.8851,0.9437,1.1079,-1,-5.0677,-0.0833,-5.151,HOLDING
2021-06-17,15,CPT,EXC,114.6103,27.7644,0.9437,1.3989,-1,-5.5509,-0.0833,-5.6343,HOLDING
2021-06-18,15,CPT,EXC,112.9998,26.8892,0.9437,1.8558,-1,-6.16,-0.0833,-6.2433,HOLDING
2021-06-21,15,CPT,EXC,115.4113,26.9857,0.9437,2.3094,-1,-7.0524,-0.0833,-7.1357,HOLDING
2021-06-22,15,CPT,EXC,115.0193,26.7564,0.9437,2.2207,-1,-7.225,-0.0833,-7.3083,HOLDING
2021-06-23,15,CPT,EXC,115.2835,26.6477,0.9437,2.0696,-1,-7.4999,-0.0833,-7.5833,HOLDING
2021-06-24,15,CPT,EXC,115.0193,26.7021,0.9437,1.6934,-1,-7.3057,-0.0833,-7.389,HOLDING
2021-06-25,15,CPT,EXC,115.2239,26.9375,0.9437,1.3298,-1,-7.0437,-0.0833,-7.127,HOLDING
2021-06-28,15,CPT,EXC,114.8489,27.0823,0.9437,0.9609,-1,-6.6673,-0.0833,-6.7506,HOLDING
2021-06-29,15,CPT,EXC,114.8489,26.8952,0.9437,1.083,-1,-6.9454,-0.0833,-7.0287,HOLDING
2021-06-30,15,CPT,EXC,113.7514,26.7443,0.9437,0.8414,-1,-6.6982,-0.0833,-6.7816,HOLDING
2021-07-01,15,CPT,EXC,114.4545,27.1487,0.9437,0.4807,-1,-6.3991,-0.0833,-6.4825,HOLDING
2021-07-02,15,CPT,EXC,115.089,27.2392,0.9437,0.4962,-1,-6.5371,-0.0833,-6.6205,HOLDING
2021-07-06,15,CPT,EXC,117.3096,27.0884,0.9437,1.3537,-1,-7.7154,-0.0833,-7.7987,HOLDING
2021-07-07,15,CPT,EXC,117.7726,27.2392,0.9437,1.1745,-1,-7.69,-0.0833,-7.7733,HOLDING
2021-07-08,15,CPT,EXC,119.033,27.1185,0.9437,1.6029,-1,-8.4109,-0.0833,-8.4942,HOLDING
2021-07-09,15,CPT,EXC,121.0479,27.1065,0.9437,1.9706,-1,-9.2944,-0.0833,-9.3778,HOLDING
2021-07-12,15,CPT,EXC,121.8796,27.3298,0.9437,1.7175,-1,-9.3198,-0.0833,-9.4031,HOLDING
2021-07-13,15,CPT,EXC,120.8164,27.034,0.9437,1.6157,-1,-9.3026,-0.0833,-9.386,HOLDING
2021-07-14,15,CPT,EXC,121.7339,27.2453,0.9437,1.5439,-1,-9.3827,-0.0833,-9.4661,HOLDING
2021-07-15,15,CPT,EXC,122.6427,27.6014,0.9437,1.2771,-1,-9.2438,-0.0833,-9.3272,HOLDING
2021-07-16,15,CPT,EXC,123.483,27.7583,0.9437,1.2545,-1,-9.3715,-0.0833,-9.4549,HOLDING
2021-07-19,15,CPT,EXC,122.5398,27.3539,0.9437,1.3914,-1,-9.5675,-0.0833,-9.6508,HOLDING
2021-07-20,15,CPT,EXC,125.858,27.8006,0.9437,1.6641,-1,-10.329,-0.0833,-10.4123,HOLDING
2021-07-21,15,CPT,EXC,125.5236,27.6678,0.9437,1.5323,-1,-10.3827,-0.0833,-10.4661,HOLDING
2021-07-22,15,CPT,EXC,125.1378,27.7704,0.9437,1.1444,-1,-10.0645,-0.0833,-10.1478,HOLDING
2021-07-23,15,CPT,EXC,126.2352,28.0782,0.9437,0.977,-1,-10.0784,-0.0833,-10.1617,HOLDING
2021-07-26,15,CPT,EXC,125.455,28.0118,0.9437,0.7426,-1,-9.8419,-0.0833,-9.9252,HOLDING
2021-07-27,15,CPT,EXC,125.9008,28.5128,0.9437,0.1527,-1,-9.2887,-0.0833,-9.372,HOLDING
2021-07-28,15,CPT,EXC,125.2492,28.3559,0.9437,0.0814,-1,-9.242,-0.0833,-9.3254,HOLDING
2021-07-29,15,CPT,EXC,127.5385,28.5611,0.9437,0.5029,-1,-9.9205,-0.0833,-10.0038,HOLDING
2021-07-30,15,CPT,EXC,128.0872,28.2472,0.9437,1.1886,-1,-10.6227,-0.0833,-10.7061,HOLDING
2021-08-02,15,CPT,EXC,128.7131,28.386,0.9437,1.2794,-1,-10.6853,-0.0833,-10.7686,HOLDING
2021-08-03,15,CPT,EXC,127.2127,28.5973,0.9437,-0.1727,-1,-9.7267,-0.0833,-9.81,HOLDING
2021-08-04,15,CPT,EXC,126.8868,28.2291,0.9437,0.5834,-1,-10.134,-0.0833,-10.2173,HOLDING
2021-08-05,15,CPT,EXC,127.8128,28.7723,0.9437,-0.7238,-1,-9.7243,-0.0833,-9.8076,HOLDING
2021-08-06,15,CPT,EXC,126.784,28.7301,0.9437,-1.4091,-1,-9.3451,-0.0833,-9.4285,HOLDING
2021-08-09,15,CPT,EXC,125.232,28.6275,0.9437,-2.0637,-1,0.0,-9.0106,-9.0106,PERIOD_END_EXIT
2021-02-09,16,MRSH,WTW,105.6624,213.9258,1.1569,0.0,0,0.0,0.0,0.0,HOLD_CASH
2021-02-10,16,MRSH,WTW,104.623,211.248,1.1569,0.0,0,0.0,0.0,0.0,HOLD_CASH
2021-02-11,16,MRSH,WTW,104.6879,213.9164,1.1569,0.0,0,0.0,0.0,0.0,HOLD_CASH
2021-02-12,16,MRSH,WTW,104.6879,212.924,1.1569,0.0,0,0.0,0.0,0.0,HOLD_CASH
2021-02-16,16,MRSH,WTW,106.2656,213.5699,1.1569,0.0,0,0.0,0.0,0.0,HOLD_CASH
2021-02-17,16,MRSH,WTW,109.217,215.2365,1.1569,0.0,0,0.0,0.0,0.0,HOLD_CASH
2021-02-18,16,MRSH,WTW,109.2634,208.7763,1.1569,0.0,0,0.0,0.0,0.0,HOLD_CASH
2021-02-19,16,MRSH,WTW,108.6508,210.6395,1.1569,0.0,0,0.0,0.0,0.0,HOLD_CASH
2021-02-22,16,MRSH,WTW,109.8759,210.5646,1.1569,0.0,0,0.0,0.0,0.0,HOLD_CASH
2021-02-23,16,MRSH,WTW,109.8202,211.6694,1.1569,0.0,0,0.0,0.0,0.0,HOLD_CASH
2021-02-24,16,MRSH,WTW,110.4606,211.2574,1.1569,0.0,0,0.0,0.0,0.0,HOLD_CASH
2021-02-25,16,MRSH,WTW,109.7274,209.9747,1.1569,0.0,0,0.0,0.0,0.0,HOLD_CASH
2021-02-26,16,MRSH,WTW,106.9339,206.5761,1.1569,0.0,0,0.0,0.0,0.0,HOLD_CASH
2021-03-01,16,MRSH,WTW,109.0128,212.2686,1.1569,0.0,0,0.0,0.0,0.0,HOLD_CASH
2021-03-02,16,MRSH,WTW,107.6207,212.6337,1.1569,0.0,0,0.0,0.0,0.0,HOLD_CASH
2021-03-03,16,MRSH,WTW,106.7575,208.458,1.1569,0.0,0,0.0,0.0,0.0,HOLD_CASH
2021-03-04,16,MRSH,WTW,105.0684,207.8026,1.1569,0.0,0,0.0,0.0,0.0,HOLD_CASH
2021-03-05,16,MRSH,WTW,108.5951,213.4857,1.1569,0.0,0,0.0,0.0,0.0,HOLD_CASH
2021-03-08,16,MRSH,WTW,108.9107,210.8736,1.1569,0.0,0,0.0,0.0,0.0,HOLD_CASH
2021-03-09,16,MRSH,WTW,108.4095,211.9503,1.1569,0.153,0,0.0,0.0,0.0,HOLD_CASH
2021-03-10,16,MRSH,WTW,108.9107,209.9373,1.1569,0.7626,0,0.0,0.0,0.0,HOLD_CASH
2021-03-11,16,MRSH,WTW,109.6996,208.046,1.1569,1.4283,0,0.0,0.0,0.0,HOLD_CASH
2021-03-12,16,MRSH,WTW,109.4119,208.561,1.1569,1.1356,0,0.0,0.0,0.0,HOLD_CASH
2021-03-15,16,MRSH,WTW,110.3121,207.2408,1.1569,1.8814,0,0.0,0.0,0.0,HOLD_CASH
2021-03-16,16,MRSH,WTW,110.2379,207.9431,1.1569,1.5581,0,0.0,0.0,0.0,HOLD_CASH
2021-03-17,16,MRSH,WTW,110.5905,207.5498,1.1569,1.6872,0,0.0,0.0,0.0,HOLD_CASH
2021-03-18,16,MRSH,WTW,110.739,207.0442,1.1569,1.723,0,0.0,0.0,0.0,HOLD_CASH
2021-03-19,16,MRSH,WTW,108.4745,205.9769,1.1569,0.8242,0,0.0,0.0,0.0,HOLD_CASH
2021-03-22,16,MRSH,WTW,108.8457,206.7259,1.1569,0.7373,0,0.0,0.0,0.0,HOLD_CASH
2021-03-23,16,MRSH,WTW,108.5209,207.3719,1.1569,0.3465,0,0.0,0.0,0.0,HOLD_CASH
2021-03-24,16,MRSH,WTW,109.5139,209.4785,1.1569,0.2031,0,0.0,0.0,0.0,HOLD_CASH
2021-03-25,16,MRSH,WTW,110.1358,210.1901,1.1569,0.29,0,0.0,0.0,0.0,HOLD_CASH
2021-03-26,16,MRSH,WTW,111.5836,214.7403,1.1569,-0.337,0,0.0,0.0,0.0,HOLD_CASH
2021-03-29,16,MRSH,WTW,113.1149,219.6463,1.1569,-0.9982,0,0.0,0.0,0.0,HOLD_CASH
2021-03-30,16,MRSH,WTW,112.7808,218.1625,1.1569,-0.8329,0,0.0,0.0,0.0,HOLD_CASH
2021-03-31,16,MRSH,WTW,113.0407,214.9414,1.1569,0.2244,0,0.0,0.0,0.0,HOLD_CASH
2021-04-01,16,MRSH,WTW,114.2936,219.3646,1.1569,-0.6231,0,0.0,0.0,0.0,HOLD_CASH
2021-04-05,16,MRSH,WTW,115.9084,221.2991,1.1569,-0.5,0,0.0,0.0,0.0,HOLD_CASH
2021-04-06,16,MRSH,WTW,115.9597,222.3603,1.1569,-0.8678,0,0.0,0.0,0.0,HOLD_CASH
2021-04-07,16,MRSH,WTW,115.5684,223.3464,1.1569,-1.5122,0,0.0,0.0,0.0,HOLD_CASH
2021-04-08,16,MRSH,WTW,116.2857,222.6326,1.1569,-0.7834,0,0.0,0.0,0.0,HOLD_CASH
2021-04-09,16,MRSH,WTW,117.5433,225.3654,1.1569,-0.9289,0,0.0,0.0,0.0,HOLD_CASH
2021-04-12,16,MRSH,WTW,117.5713,229.103,1.1569,-1.9104,0,0.0,0.0,0.0,HOLD_CASH
2021-04-13,16,MRSH,WTW,117.5992,227.1403,1.1569,-1.152,0,0.0,0.0,0.0,HOLD_CASH
2021-04-14,16,MRSH,WTW,116.854,222.304,1.1569,0.1184,0,0.0,0.0,0.0,HOLD_CASH
2021-04-15,16,MRSH,WTW,118.2699,223.4872,1.1569,0.6346,0,0.0,0.0,0.0,HOLD_CASH
2021-04-16,16,MRSH,WTW,118.7171,225.7598,1.1569,0.1907,0,0.0,0.0,0.0,HOLD_CASH
2021-04-19,16,MRSH,WTW,118.4469,223.5154,1.1569,1.0824,0,0.0,0.0,0.0,HOLD_CASH
2021-04-20,16,MRSH,WTW,118.6332,222.7829,1.1569,1.5835,0,0.0,0.0,0.0,HOLD_CASH
2021-04-21,16,MRSH,WTW,118.8009,221.3836,1.1569,2.0809,-1,0.0,-0.0833,-0.0833,ENTER_SHORT_A
2021-04-22,16,MRSH,WTW,118.2234,218.9513,1.1569,2.2551,-1,-0.3033,-0.0833,-0.3866,HOLDING
2021-04-23,16,MRSH,WTW,118.9313,218.7072,1.1569,2.2703,-1,-0.5828,-0.0833,-0.6661,HOLDING
2021-04-26,16,MRSH,WTW,118.4935,217.214,1.1569,2.084,-1,-0.7419,-0.0833,-0.8252,HOLDING
2021-04-27,16,MRSH,WTW,123.1606,221.8626,1.1569,2.2927,-1,-1.3211,-0.0833,-1.4045,HOLDING
2021-04-28,16,MRSH,WTW,124.8374,230.9061,1.1569,0.7107,-1,-0.0405,-0.0833,-0.1239,HOLDING
2021-04-29,16,MRSH,WTW,126.6725,233.0191,1.1569,0.8346,-1,-0.2107,-0.0833,-0.2941,HOLDING
2021-04-30,16,MRSH,WTW,126.4117,243.0956,1.1569,-1.3812,-1,1.9085,-0.0833,1.8252,HOLDING
2021-05-03,16,MRSH,WTW,126.0391,245.0959,1.1569,-1.7012,-1,2.4336,-0.0833,2.3503,HOLDING
2021-05-04,16,MRSH,WTW,125.9087,246.7769,1.1569,-1.8083,-1,2.8154,-0.0833,2.7321,HOLDING
2021-05-05,16,MRSH,WTW,128.2376,247.1525,1.1569,-1.1517,-1,2.1338,-0.0833,2.0505,HOLDING
2021-05-06,16,MRSH,WTW,128.34,250.2797,1.1569,-1.482,-1,2.7319,-0.0833,2.6486,HOLDING
2021-05-07,16,MRSH,WTW,128.5263,253.623,1.1569,-1.7159,-1,3.3463,-0.0833,3.263,HOLDING
2021-05-10,16,MRSH,WTW,128.3586,252.5054,1.1569,-1.4907,-1,3.1752,-0.0833,3.0919,HOLDING
2021-05-11,16,MRSH,WTW,125.5454,248.1574,1.1569,-1.4195,-1,3.2123,-0.0833,3.1289,HOLDING
2021-05-12,16,MRSH,WTW,123.7009,245.2744,1.1569,-1.3096,-1,3.23,-0.0833,3.1467,HOLDING
2021-05-13,16,MRSH,WTW,125.3777,247.115,1.1569,-1.0729,-1,3.0563,-0.0833,2.973,HOLDING
2021-05-14,16,MRSH,WTW,125.3498,248.7208,1.1569,-1.1539,-1,3.3896,-0.0833,3.3063,HOLDING
2021-05-17,16,MRSH,WTW,125.2845,249.8008,1.1569,-1.1637,-1,3.6289,-0.0833,3.5456,HOLDING
2021-05-18,16,MRSH,WTW,124.6324,247.6127,1.1569,-0.946,-1,3.3992,-0.0833,3.3159,HOLDING
2021-05-19,16,MRSH,WTW,125.0516,245.9129,1.1569,-0.6037,-1,2.9197,-0.0833,2.8363,HOLDING
2021-05-20,16,MRSH,WTW,126.421,248.1668,1.1569,-0.5221,-1,2.9294,-0.0833,2.846,HOLDING
2021-05-21,16,MRSH,WTW,126.8588,246.8051,1.1569,-0.1938,-1,2.5121,-0.0833,2.4287,HOLDING
2021-05-24,16,MRSH,WTW,127.0917,246.9084,1.1569,-0.0569,-1,2.4572,-0.0833,2.3739,HOLDING
2021-05-25,16,MRSH,WTW,127.2501,245.6594,1.1569,0.3875,-1,2.1535,-0.0833,2.0702,HOLDING
2021-05-26,16,MRSH,WTW,127.157,244.2225,1.1569,0.8852,-1,1.8937,-0.0833,1.8104,HOLDING
2021-05-27,16,MRSH,WTW,127.8835,245.7669,1.1569,1.4523,-1,1.9692,-0.0833,1.8859,HOLDING
2021-05-28,16,MRSH,WTW,128.8803,246.1153,1.1569,1.8396,-1,1.7154,-0.0833,1.6321,HOLDING
2021-06-01,16,MRSH,WTW,129.3088,244.6181,1.1569,2.1719,-1,1.2737,-0.0833,1.1904,HOLDING
2021-06-02,16,MRSH,WTW,129.7932,243.5257,1.1569,2.2183,-1,0.8957,-0.0833,0.8123,HOLDING
2021-06-03,16,MRSH,WTW,129.8305,243.6482,1.1569,1.9153,-1,0.9083,-0.0833,0.8249,HOLDING
2021-06-04,16,MRSH,WTW,130.1099,244.5804,1.1569,1.5822,-1,1.0056,-0.0833,0.9223,HOLDING
2021-06-07,16,MRSH,WTW,128.5263,242.0002,1.1569,1.4089,-1,0.9997,-0.0833,0.9163,HOLDING
2021-06-08,16,MRSH,WTW,128.0046,239.7214,1.1569,1.5127,-1,0.7092,-0.0833,0.6259,HOLDING
2021-06-09,16,MRSH,WTW,128.014,239.6649,1.1569,1.3652,-1,0.6948,-0.0833,0.6115,HOLDING
2021-06-10,16,MRSH,WTW,129.0107,242.4805,1.1569,1.0221,-1,0.9391,-0.0833,0.8558,HOLDING
2021-06-11,16,MRSH,WTW,129.4113,242.471,1.1569,1.0438,-1,0.8069,-0.0833,0.7236,HOLDING
2021-06-14,16,MRSH,WTW,130.0727,241.1809,1.1569,1.3798,-1,0.3314,-0.0833,0.248,HOLDING
2021-06-15,16,MRSH,WTW,131.0043,240.6913,1.1569,1.6491,-1,-0.0705,-0.0833,-0.1538,HOLDING
2021-06-16,16,MRSH,WTW,130.1472,223.308,1.1569,3.3404,-1,-3.3014,-0.0833,-3.3848,HOLDING
2021-06-17,16,MRSH,WTW,127.4737,218.6468,1.1569,2.6399,-1,-3.3731,-0.0833,-3.4564,HOLDING
2021-06-18,16,MRSH,WTW,125.1169,212.0645,1.1569,2.434,-1,-3.9356,-0.0833,-4.0189,HOLDING
2021-06-21,16,MRSH,WTW,127.0079,216.754,1.1569,1.8927,-1,-3.6038,-0.0833,-3.6871,HOLDING
2021-06-22,16,MRSH,WTW,127.3619,216.9706,1.1569,1.6839,-1,-3.6751,-0.0833,-3.7585,HOLDING
2021-06-23,16,MRSH,WTW,128.0792,216.7257,1.1569,1.5961,-1,-3.9579,-0.0833,-4.0412,HOLDING
2021-06-24,16,MRSH,WTW,128.694,218.9857,1.1569,1.3149,-1,-3.7015,-0.0833,-3.7849,HOLDING
2021-06-25,16,MRSH,WTW,130.1379,221.7637,1.1569,1.1353,-1,-3.6102,-0.0833,-3.6936,HOLDING
2021-06-28,16,MRSH,WTW,129.4393,217.8746,1.1569,1.2611,-1,-4.1682,-0.0833,-4.2516,HOLDING
2021-06-29,16,MRSH,WTW,131.2931,218.6468,1.1569,1.2911,-1,-4.6152,-0.0833,-4.6985,HOLDING
2021-06-30,16,MRSH,WTW,131.0508,216.6034,1.1569,1.297,-1,-4.949,-0.0833,-5.0323,HOLDING
2021-07-01,16,MRSH,WTW,132.5972,217.5262,1.1569,1.2714,-1,-5.2656,-0.0833,-5.3489,HOLDING
2021-07-02,16,MRSH,WTW,132.5693,218.1853,1.1569,1.0999,-1,-5.1234,-0.0833,-5.2067,HOLDING
2021-07-06,16,MRSH,WTW,132.7928,216.5374,1.1569,1.1654,-1,-5.5288,-0.0833,-5.6122,HOLDING
2021-07-07,16,MRSH,WTW,132.8114,217.3095,1.1569,1.004,-1,-5.379,-0.0833,-5.4623,HOLDING
2021-07-08,16,MRSH,WTW,131.8334,211.0757,1.1569,1.3569,-1,-6.3195,-0.0833,-6.4029,HOLDING
2021-07-09,16,MRSH,WTW,132.8395,214.8989,1.1569,1.0525,-1,-5.8748,-0.0833,-5.9581,HOLDING
2021-07-12,16,MRSH,WTW,132.1221,212.0362,1.1569,1.228,-1,-6.2195,-0.0833,-6.3028,HOLDING
2021-07-13,16,MRSH,WTW,131.3955,210.9344,1.1569,1.2563,-1,-6.2057,-0.0833,-6.289,HOLDING
2021-07-14,16,MRSH,WTW,131.3117,210.0399,1.1569,1.5343,-1,-6.359,-0.0833,-6.4423,HOLDING
2021-07-15,16,MRSH,WTW,131.3955,208.9664,1.1569,1.5864,-1,-6.603,-0.0833,-6.6863,HOLDING
2021-07-16,16,MRSH,WTW,131.6563,209.3901,1.1569,1.4209,-1,-6.6023,-0.0833,-6.6856,HOLDING
2021-07-19,16,MRSH,WTW,129.5231,203.4858,1.1569,1.7493,-1,-7.1006,-0.0833,-7.1839,HOLDING
2021-07-20,16,MRSH,WTW,132.001,206.8853,1.1569,1.5576,-1,-7.2201,-0.0833,-7.3034,HOLDING
2021-07-21,16,MRSH,WTW,132.6438,211.5183,1.1569,0.794,-1,-6.4937,-0.0833,-6.5771,HOLDING
2021-07-22,16,MRSH,WTW,135.9135,213.138,1.1569,1.2054,-1,-7.2301,-0.0833,-7.3134,HOLDING
2021-07-23,16,MRSH,WTW,137.3202,213.2039,1.1569,1.4327,-1,-7.6742,-0.0833,-7.7575,HOLDING
2021-07-26,16,MRSH,WTW,137.5344,194.0503,1.1569,3.4263,-1,-11.611,-0.0833,-11.6944,HOLDING
2021-07-27,16,MRSH,WTW,136.6681,193.9844,1.1569,2.5632,-1,-11.3426,-0.0833,-11.4259,HOLDING
2021-07-28,16,MRSH,WTW,135.3731,189.841,1.1569,2.3253,-1,-11.758,-0.0833,-11.8413,HOLDING
2021-07-29,16,MRSH,WTW,137.2525,191.6867,1.1569,1.9985,-1,-11.9966,-0.0833,-12.0799,HOLDING
2021-07-30,16,MRSH,WTW,137.6451,194.0597,1.1569,1.5933,-1,-11.6451,-0.0833,-11.7285,HOLDING
2021-08-02,16,MRSH,WTW,138.365,192.0634,1.1569,1.6321,-1,-12.2823,-0.0833,-12.3656,HOLDING
2021-08-03,16,MRSH,WTW,140.5529,200.5196,1.1569,1.0235,-1,-11.2865,-0.0833,-11.3698,HOLDING
2021-08-04,16,MRSH,WTW,139.2065,198.8717,1.1569,0.9266,-1,-11.1814,-0.0833,-11.2647,HOLDING
2021-08-05,16,MRSH,WTW,141.1138,204.823,1.1569,0.5536,-1,-10.6001,-0.0833,-10.6834,HOLDING
2021-08-06,16,MRSH,WTW,140.1415,203.3822,1.1569,0.5009,-1,-10.5748,-0.0833,-10.6581,HOLDING
2021-08-09,16,MRSH,WTW,140.8427,205.1338,1.1569,0.3569,-1,0.0,-10.6197,-10.6197,PERIOD_END_EXIT
2021-02-09,17,HSY,MDLZ,131.97,48.9391,0.8988,0.0,0,0.0,0.0,0.0,HOLD_CASH
2021-02-10,17,HSY,MDLZ,132.3052,48.7186,0.8988,0.0,0,0.0,0.0,0.0,HOLD_CASH
2021-02-11,17,HSY,MDLZ,132.6757,49.0978,0.8988,0.0,0,0.0,0.0,0.0,HOLD_CASH
2021-02-12,17,HSY,MDLZ,133.5224,48.6657,0.8988,0.0,0,0.0,0.0,0.0,HOLD_CASH
2021-02-16,17,HSY,MDLZ,133.5224,48.3924,0.8988,0.0,0,0.0,0.0,0.0,HOLD_CASH
2021-02-17,17,HSY,MDLZ,133.443,48.4276,0.8988,0.0,0,0.0,0.0,0.0,HOLD_CASH
2021-02-18,17,HSY,MDLZ,135.6635,49.4946,0.8988,0.0,0,0.0,0.0,0.0,HOLD_CASH
2021-02-19,17,HSY,MDLZ,131.9923,47.8897,0.8988,0.0,0,0.0,0.0,0.0,HOLD_CASH
2021-02-22,17,HSY,MDLZ,131.4603,47.8985,0.8988,0.0,0,0.0,0.0,0.0,HOLD_CASH
2021-02-23,17,HSY,MDLZ,131.2208,48.3218,0.8988,0.0,0,0.0,0.0,0.0,HOLD_CASH
2021-02-24,17,HSY,MDLZ,130.8573,47.9074,0.8988,0.0,0,0.0,0.0,0.0,HOLD_CASH
2021-02-25,17,HSY,MDLZ,130.8573,47.6517,0.8988,0.0,0,0.0,0.0,0.0,HOLD_CASH
2021-02-26,17,HSY,MDLZ,129.1547,46.8757,0.8988,0.0,0,0.0,0.0,0.0,HOLD_CASH
2021-03-01,17,HSY,MDLZ,128.7468,47.3166,0.8988,0.0,0,0.0,0.0,0.0,HOLD_CASH
2021-03-02,17,HSY,MDLZ,128.8887,47.3342,0.8988,0.0,0,0.0,0.0,0.0,HOLD_CASH
2021-03-03,17,HSY,MDLZ,128.0197,46.6817,0.8988,0.0,0,0.0,0.0,0.0,HOLD_CASH
2021-03-04,17,HSY,MDLZ,129.5449,47.5811,0.8988,0.0,0,0.0,0.0,0.0,HOLD_CASH
2021-03-05,17,HSY,MDLZ,133.3491,49.0096,0.8988,0.0,0,0.0,0.0,0.0,HOLD_CASH
2021-03-08,17,HSY,MDLZ,134.5993,48.6304,0.8988,0.0,0,0.0,0.0,0.0,HOLD_CASH
2021-03-09,17,HSY,MDLZ,133.5086,49.0449,0.8988,-0.3685,0,0.0,0.0,0.0,HOLD_CASH
2021-03-10,17,HSY,MDLZ,135.362,49.5475,0.8988,0.2084,0,0.0,0.0,0.0,HOLD_CASH
2021-03-11,17,HSY,MDLZ,134.6969,49.618,0.8988,-0.7833,0,0.0,0.0,0.0,HOLD_CASH
2021-03-12,17,HSY,MDLZ,135.1758,50.1471,0.8988,-1.7199,0,0.0,0.0,0.0,HOLD_CASH
2021-03-15,17,HSY,MDLZ,135.9561,50.4645,0.8988,-1.5034,0,0.0,0.0,0.0,HOLD_CASH
2021-03-16,17,HSY,MDLZ,136.1068,50.9495,0.8988,-2.1944,1,0.0,-0.0833,-0.0833,ENTER_LONG_A
2021-03-17,17,HSY,MDLZ,137.0557,51.073,0.8988,-1.3959,1,0.2104,-0.0833,0.127,HOLDING
2021-03-18,17,HSY,MDLZ,138.3946,51.0642,0.8988,-0.0172,1,0.649,-0.0833,0.5656,HOLDING
2021-03-19,17,HSY,MDLZ,137.1798,51.2317,0.8988,-1.4798,1,0.1275,-0.0833,0.0442,HOLDING
2021-03-22,17,HSY,MDLZ,138.6695,51.8842,0.8988,-1.3902,1,0.1027,-0.0833,0.0194,HOLDING
2021-03-23,17,HSY,MDLZ,139.1484,51.6726,0.8988,-0.4291,1,0.4209,-0.0833,0.3376,HOLDING
2021-03-24,17,HSY,MDLZ,139.4498,51.1964,0.8988,0.9196,1,0.8868,-0.0833,0.8035,HOLDING
2021-03-25,17,HSY,MDLZ,139.2548,51.6373,0.8988,-0.208,1,0.4826,-0.0833,0.3992,HOLDING
2021-03-26,17,HSY,MDLZ,141.2322,52.4133,0.8988,-0.0436,1,0.5194,-0.0833,0.4361,HOLDING
2021-03-29,17,HSY,MDLZ,142.8816,53.0658,0.8988,0.0181,1,0.5461,-0.0833,0.4627,HOLDING
2021-03-30,17,HSY,MDLZ,140.8687,52.104,0.8988,0.3178,1,0.6416,-0.0833,0.5583,HOLDING
2021-03-31,17,HSY,MDLZ,140.2479,51.8824,0.8988,0.2651,1,0.613,-0.0833,0.5297,HOLDING
2021-04-01,17,HSY,MDLZ,140.78,51.8027,0.8988,0.9342,1,0.8463,-0.0833,0.763,HOLDING
2021-04-05,17,HSY,MDLZ,141.3031,52.1395,0.8988,0.6173,1,0.7543,-0.0833,0.6709,HOLDING
2021-04-06,17,HSY,MDLZ,142.5535,52.3788,0.8988,1.5552,1,0.9721,-0.0833,0.8888,HOLDING
2021-04-07,17,HSY,MDLZ,142.385,52.4675,0.8988,1.0609,1,0.8492,-0.0833,0.7658,HOLDING
2021-04-08,17,HSY,MDLZ,141.9771,52.2813,0.8988,1.1227,1,0.8618,-0.0833,0.7784,HOLDING
2021-04-09,17,HSY,MDLZ,141.4362,52.1661,0.8988,0.7886,1,0.7766,-0.0833,0.6932,HOLDING
2021-04-12,17,HSY,MDLZ,141.5248,51.9533,0.8988,1.3049,1,0.9699,-0.0833,0.8865,HOLDING
2021-04-13,17,HSY,MDLZ,140.8332,52.0243,0.8988,0.3258,1,0.6919,-0.0833,0.6086,HOLDING
2021-04-14,17,HSY,MDLZ,140.2745,51.6963,0.8988,0.5164,1,0.7657,-0.0833,0.6824,HOLDING
2021-04-15,17,HSY,MDLZ,142.6776,52.042,0.8988,2.0898,1,1.2729,-0.0833,1.1896,HOLDING
2021-04-16,17,HSY,MDLZ,142.7574,52.0952,0.8988,1.7536,1,1.2575,-0.0833,1.1742,HOLDING
2021-04-19,17,HSY,MDLZ,142.7485,52.0243,0.8988,1.7703,1,1.3095,-0.0833,1.2262,HOLDING
2021-04-20,17,HSY,MDLZ,143.8215,52.4852,0.8988,1.6405,1,1.2986,-0.0833,1.2153,HOLDING
2021-04-21,17,HSY,MDLZ,144.4866,52.8043,0.8988,1.3687,1,1.266,-0.0833,1.1827,HOLDING
2021-04-22,17,HSY,MDLZ,143.8658,52.7866,0.8988,0.6593,1,1.0796,-0.0833,0.9963,HOLDING
2021-04-23,17,HSY,MDLZ,143.1476,52.7511,0.8988,-0.1475,1,0.8754,-0.0833,0.7921,HOLDING
2021-04-26,17,HSY,MDLZ,141.0194,52.0952,0.8988,-0.8783,1,0.6971,-0.0833,0.6137,HOLDING
2021-04-27,17,HSY,MDLZ,140.7356,52.0509,0.8988,-1.1625,1,0.6399,-0.0833,0.5566,HOLDING
2021-04-28,17,HSY,MDLZ,140.8687,53.9655,0.8988,-3.6474,1,-0.7996,-0.0833,-0.8829,HOLDING
2021-04-29,17,HSY,MDLZ,145.6216,53.9921,0.8988,-0.3474,1,0.7124,-0.0833,0.6291,HOLDING
2021-04-30,17,HSY,MDLZ,145.6926,53.9035,0.8988,-0.1407,1,0.8039,-0.0833,0.7206,HOLDING
2021-05-03,17,HSY,MDLZ,147.8562,54.4353,0.8988,0.4245,1,1.0898,-0.0833,1.0065,HOLDING
2021-05-04,17,HSY,MDLZ,148.007,53.8414,0.8988,1.3822,1,1.5982,-0.0833,1.5149,HOLDING
2021-05-05,17,HSY,MDLZ,149.2928,54.196,0.8988,1.4632,1,1.7383,-0.0833,1.655,HOLDING
2021-05-06,17,HSY,MDLZ,149.5322,54.7101,0.8988,0.7817,1,1.4175,-0.0833,1.3341,HOLDING
2021-05-07,17,HSY,MDLZ,149.408,54.8254,0.8988,0.4946,1,1.2882,-0.0833,1.2049,HOLDING
2021-05-10,17,HSY,MDLZ,151.0219,55.0204,0.8988,1.0659,1,1.6576,-0.0833,1.5743,HOLDING
2021-05-11,17,HSY,MDLZ,149.7893,54.914,0.8988,0.4614,1,1.3425,-0.0833,1.2592,HOLDING
2021-05-12,17,HSY,MDLZ,148.6188,54.5683,0.8988,0.2376,1,1.2328,-0.0833,1.1494,HOLDING
2021-05-13,17,HSY,MDLZ,152.1658,55.304,0.8988,1.151,1,1.8069,-0.0833,1.7235,HOLDING
2021-05-14,17,HSY,MDLZ,151.7313,55.2863,0.8988,0.8879,1,1.6805,-0.0833,1.5971,HOLDING
2021-05-17,17,HSY,MDLZ,152.955,55.3749,0.8988,1.3112,1,2.0064,-0.0833,1.9231,HOLDING
2021-05-18,17,HSY,MDLZ,153.221,55.1179,0.8988,1.579,1,2.2912,-0.0833,2.2079,HOLDING
2021-05-19,17,HSY,MDLZ,152.7688,55.2597,0.8988,1.1042,1,2.0356,-0.0833,1.9523,HOLDING
2021-05-20,17,HSY,MDLZ,154.2067,55.9423,0.8988,0.907,1,1.9708,-0.0833,1.8875,HOLDING
2021-05-21,17,HSY,MDLZ,154.8036,56.1639,0.8988,0.8439,1,1.9917,-0.0833,1.9084,HOLDING
2021-05-24,17,HSY,MDLZ,155.1065,56.4475,0.8988,0.5987,1,1.8698,-0.0833,1.7864,HOLDING
2021-05-25,17,HSY,MDLZ,155.6589,56.4741,0.8988,0.7324,1,2.0273,-0.0833,1.944,HOLDING
2021-05-26,17,HSY,MDLZ,155.2847,56.4032,0.8988,0.7222,1,1.9616,-0.0833,1.8782,HOLDING
2021-05-27,17,HSY,MDLZ,154.5275,56.1195,0.8988,0.6186,1,1.937,-0.0833,1.8537,HOLDING
2021-05-28,17,HSY,MDLZ,154.1711,56.3146,0.8988,-0.2451,1,1.6711,-0.0833,1.5878,HOLDING
2021-06-01,17,HSY,MDLZ,153.8147,56.1373,0.8988,-0.2908,1,1.6934,-0.0833,1.6101,HOLDING
2021-06-02,17,HSY,MDLZ,154.6076,56.3943,0.8988,-0.1251,1,1.7501,-0.0833,1.6668,HOLDING
2021-06-03,17,HSY,MDLZ,155.4985,56.5007,0.8988,0.565,1,1.955,-0.0833,1.8717,HOLDING
2021-06-04,17,HSY,MDLZ,155.8192,56.7489,0.8988,0.1655,1,1.8663,-0.0833,1.7829,HOLDING
2021-06-07,17,HSY,MDLZ,155.0085,56.4387,0.8988,0.014,1,1.845,-0.0833,1.7617,HOLDING
2021-06-08,17,HSY,MDLZ,154.6432,56.1018,0.8988,0.5747,1,1.9881,-0.0833,1.9047,HOLDING
2021-06-09,17,HSY,MDLZ,154.0018,56.1195,0.8988,-0.4857,1,1.7675,-0.0833,1.6842,HOLDING
2021-06-10,17,HSY,MDLZ,155.356,56.4032,0.8988,0.4555,1,1.9845,-0.0833,1.9012,HOLDING
2021-06-11,17,HSY,MDLZ,155.7301,56.5362,0.8988,0.495,1,2.0022,-0.0833,1.9189,HOLDING
2021-06-14,17,HSY,MDLZ,155.6144,56.545,0.8988,0.1379,1,1.958,-0.0833,1.8747,HOLDING
2021-06-15,17,HSY,MDLZ,155.7747,56.4298,0.8988,1.0673,1,2.099,-0.0833,2.0156,HOLDING
2021-06-16,17,HSY,MDLZ,153.8325,55.6143,0.8988,1.5491,1,2.1041,-0.0833,2.0208,HOLDING
2021-06-17,17,HSY,MDLZ,154.5809,56.0132,0.8988,0.9474,1,2.0366,-0.0833,1.9532,HOLDING
2021-06-18,17,HSY,MDLZ,151.8904,55.0824,0.8988,-0.0174,1,1.8896,-0.0833,1.8063,HOLDING
2021-06-21,17,HSY,MDLZ,153.4494,55.5434,0.8988,1.0212,1,2.0355,-0.0833,1.9521,HOLDING
2021-06-22,17,HSY,MDLZ,153.4762,55.7295,0.8988,-0.1026,1,1.9,-0.0833,1.8166,HOLDING
2021-06-23,17,HSY,MDLZ,151.7835,55.2508,0.8988,-1.2641,1,1.7247,-0.0833,1.6414,HOLDING
2021-06-24,17,HSY,MDLZ,153.5831,55.5345,0.8988,1.3454,1,2.0854,-0.0833,2.0021,HOLDING
2021-06-25,17,HSY,MDLZ,156.0153,56.0043,0.8988,2.9462,1,2.5059,-0.0833,2.4226,HOLDING
2021-06-28,17,HSY,MDLZ,155.4985,56.0132,0.8988,1.8007,1,2.3324,-0.0833,2.2491,HOLDING
2021-06-29,17,HSY,MDLZ,153.2356,55.5366,0.8988,-0.0319,1,1.9718,-0.0833,1.8884,HOLDING
2021-06-30,17,HSY,MDLZ,155.1778,55.6256,0.8988,2.3859,1,2.5291,-0.0833,2.4457,HOLDING
2021-07-01,17,HSY,MDLZ,154.7501,55.6524,0.8988,1.4533,1,2.3705,-0.0833,2.2872,HOLDING
2021-07-02,17,HSY,MDLZ,155.0175,55.7682,0.8988,1.2744,1,2.367,-0.0833,2.2837,HOLDING
2021-07-06,17,HSY,MDLZ,155.9974,55.5366,0.8988,2.6102,1,2.8623,-0.0833,2.779,HOLDING
2021-07-07,17,HSY,MDLZ,157.3071,56.1691,0.8988,1.9311,1,2.7949,-0.0833,2.7116,HOLDING
2021-07-08,17,HSY,MDLZ,156.6122,56.08,0.8988,1.3192,1,2.6398,-0.0833,2.5565,HOLDING
2021-07-09,17,HSY,MDLZ,157.4674,56.1424,0.8988,1.7386,1,2.8673,-0.0833,2.784,HOLDING
2021-07-12,17,HSY,MDLZ,157.5298,56.08,0.8988,1.6851,1,2.9357,-0.0833,2.8524,HOLDING
2021-07-13,17,HSY,MDLZ,156.7369,56.1869,0.8988,0.6936,1,2.5973,-0.0833,2.5139,HOLDING
2021-07-14,17,HSY,MDLZ,158.198,56.5789,0.8988,1.0034,1,2.7649,-0.0833,2.6816,HOLDING
2021-07-15,17,HSY,MDLZ,159.9085,57.1223,0.8988,1.1654,1,2.8957,-0.0833,2.8124,HOLDING
2021-07-16,17,HSY,MDLZ,160.354,57.247,0.8988,1.1484,1,2.9428,-0.0833,2.8595,HOLDING
2021-07-19,17,HSY,MDLZ,159.855,57.0332,0.8988,1.0771,1,2.9475,-0.0833,2.8642,HOLDING
2021-07-20,17,HSY,MDLZ,160.6123,57.3807,0.8988,0.8875,1,2.9227,-0.0833,2.8393,HOLDING
2021-07-21,17,HSY,MDLZ,158.5989,57.0332,0.8988,-0.1808,1,2.5424,-0.0833,2.4591,HOLDING
2021-07-22,17,HSY,MDLZ,157.61,56.8728,0.8988,-0.9784,1,2.3477,-0.0833,2.2644,HOLDING
2021-07-23,17,HSY,MDLZ,159.7036,57.8083,0.8988,-1.3223,1,2.2986,-0.0833,2.2152,HOLDING
2021-07-26,17,HSY,MDLZ,158.5811,57.7637,0.8988,-2.0913,1,1.9711,-0.0833,1.8878,HOLDING
2021-07-27,17,HSY,MDLZ,159.6858,58.1112,0.8988,-1.6728,1,2.0583,-0.0833,1.975,HOLDING
2021-07-28,17,HSY,MDLZ,157.2447,56.4809,0.8988,-0.2348,1,2.5334,-0.0833,2.4501,HOLDING
2021-07-29,17,HSY,MDLZ,159.0443,56.4185,0.8988,1.5936,1,3.162,-0.0833,3.0786,HOLDING
2021-07-30,17,HSY,MDLZ,159.3651,56.3562,0.8988,1.7691,1,3.3137,-0.0833,3.2303,HOLDING
2021-08-02,17,HSY,MDLZ,158.9464,56.5343,0.8988,0.8989,1,3.0407,-0.0833,2.9574,HOLDING
2021-08-03,17,HSY,MDLZ,160.2292,56.4631,0.8988,1.902,1,3.5096,-0.0833,3.4262,HOLDING
2021-08-04,17,HSY,MDLZ,158.7236,54.9842,0.8988,2.7289,1,4.169,-0.0833,4.0857,HOLDING
2021-08-05,17,HSY,MDLZ,159.2493,55.1089,0.8988,2.2799,1,4.2419,-0.0833,4.1586,HOLDING
2021-08-06,17,HSY,MDLZ,159.1067,55.0288,0.8988,1.9515,1,4.258,-0.0833,4.1747,HOLDING
2021-08-09,17,HSY,MDLZ,158.9998,55.2515,0.8988,1.4582,1,0.0,3.8738,3.8738,PERIOD_END_EXIT
2021-02-09,18,DOC,WRB,22.7236,26.4952,1.0056,0.0,0,0.0,0.0,0.0,HOLD_CASH
2021-02-10,18,DOC,WRB,23.2705,26.6134,1.0056,0.0,0,0.0,0.0,0.0,HOLD_CASH
2021-02-11,18,DOC,WRB,23.6958,27.0113,1.0056,0.0,0,0.0,0.0,0.0,HOLD_CASH
2021-02-12,18,DOC,WRB,23.4983,26.7434,1.0056,0.0,0,0.0,0.0,0.0,HOLD_CASH
2021-02-16,18,DOC,WRB,22.8983,26.7946,1.0056,0.0,0,0.0,0.0,0.0,HOLD_CASH
2021-02-17,18,DOC,WRB,23.0122,26.7434,1.0056,0.0,0,0.0,0.0,0.0,HOLD_CASH
2021-02-18,18,DOC,WRB,22.9591,26.444,1.0056,0.0,0,0.0,0.0,0.0,HOLD_CASH
2021-02-19,18,DOC,WRB,22.844,26.7434,1.0056,0.0,0,0.0,0.0,0.0,HOLD_CASH
2021-02-22,18,DOC,WRB,23.1509,26.8655,1.0056,0.0,0,0.0,0.0,0.0,HOLD_CASH
2021-02-23,18,DOC,WRB,23.5651,27.2359,1.0056,0.0,0,0.0,0.0,0.0,HOLD_CASH
2021-02-24,18,DOC,WRB,24.01,28.075,1.0056,0.0,0,0.0,0.0,0.0,HOLD_CASH
2021-02-25,18,DOC,WRB,22.844,27.4919,1.0056,0.0,0,0.0,0.0,0.0,HOLD_CASH
2021-02-26,18,DOC,WRB,22.3147,27.3146,1.0056,0.0,0,0.0,0.0,0.0,HOLD_CASH
2021-03-01,18,DOC,WRB,22.6906,27.6298,1.0056,0.0,0,0.0,0.0,0.0,HOLD_CASH
2021-03-02,18,DOC,WRB,22.8363,27.7677,1.0056,0.0,0,0.0,0.0,0.0,HOLD_CASH
2021-03-03,18,DOC,WRB,22.4451,28.1656,1.0056,0.0,0,0.0,0.0,0.0,HOLD_CASH
2021-03-04,18,DOC,WRB,22.6216,27.8465,1.0056,0.0,0,0.0,0.0,0.0,HOLD_CASH
2021-03-05,18,DOC,WRB,22.867,28.7448,1.0056,0.0,0,0.0,0.0,0.0,HOLD_CASH
2021-03-08,18,DOC,WRB,23.1969,29.4224,1.0056,0.0,0,0.0,0.0,0.0,HOLD_CASH
2021-03-09,18,DOC,WRB,23.1892,29.2567,1.0056,-1.5283,0,0.0,0.0,0.0,HOLD_CASH
2021-03-10,18,DOC,WRB,23.6034,29.9907,1.0056,-1.5155,0,0.0,0.0,0.0,HOLD_CASH
2021-03-11,18,DOC,WRB,23.8796,29.9907,1.0056,-1.1058,0,0.0,0.0,0.0,HOLD_CASH
2021-03-12,18,DOC,WRB,24.3629,30.2275,1.0056,-0.717,0,0.0,0.0,0.0,HOLD_CASH
2021-03-15,18,DOC,WRB,24.6007,30.4169,1.0056,-0.5508,0,0.0,0.0,0.0,HOLD_CASH
2021-03-16,18,DOC,WRB,24.6467,30.0736,1.0056,-0.1168,0,0.0,0.0,0.0,HOLD_CASH
2021-03-17,18,DOC,WRB,24.9228,30.0025,1.0056,0.3475,0,0.0,0.0,0.0,HOLD_CASH
2021-03-18,18,DOC,WRB,24.6083,30.1367,1.0056,-0.0928,0,0.0,0.0,0.0,HOLD_CASH
2021-03-19,18,DOC,WRB,24.4933,29.2488,1.0056,0.828,0,0.0,0.0,0.0,HOLD_CASH
2021-03-22,18,DOC,WRB,24.2708,28.9134,1.0056,1.0353,0,0.0,0.0,0.0,HOLD_CASH
2021-03-23,18,DOC,WRB,24.3475,28.87,1.0056,1.3897,0,0.0,0.0,0.0,HOLD_CASH
2021-03-24,18,DOC,WRB,24.0407,29.4145,1.0056,0.1979,0,0.0,0.0,0.0,HOLD_CASH
2021-03-25,18,DOC,WRB,24.1404,29.7026,1.0056,-0.0153,0,0.0,0.0,0.0,HOLD_CASH
2021-03-26,18,DOC,WRB,24.593,29.9197,1.0056,0.5116,0,0.0,0.0,0.0,HOLD_CASH
2021-03-29,18,DOC,WRB,24.3322,29.9473,1.0056,-0.0182,0,0.0,0.0,0.0,HOLD_CASH
2021-03-30,18,DOC,WRB,24.5316,30.117,1.0056,0.1272,0,0.0,0.0,0.0,HOLD_CASH
2021-03-31,18,DOC,WRB,24.3475,29.7342,1.0056,0.3286,0,0.0,0.0,0.0,HOLD_CASH
2021-04-01,18,DOC,WRB,25.0916,30.184,1.0056,0.9918,0,0.0,0.0,0.0,HOLD_CASH
2021-04-05,18,DOC,WRB,24.7617,30.4682,1.0056,-0.1626,0,0.0,0.0,0.0,HOLD_CASH
2021-04-06,18,DOC,WRB,24.9842,30.7523,1.0056,-0.2791,0,0.0,0.0,0.0,HOLD_CASH
2021-04-07,18,DOC,WRB,25.0302,31.0088,1.0056,-0.7272,0,0.0,0.0,0.0,HOLD_CASH
2021-04-08,18,DOC,WRB,25.0302,31.0877,1.0056,-1.0627,0,0.0,0.0,0.0,HOLD_CASH
2021-04-09,18,DOC,WRB,24.8461,31.4192,1.0056,-2.1208,1,0.0,-0.0833,-0.0833,ENTER_LONG_A
2021-04-12,18,DOC,WRB,25.1913,31.3916,1.0056,-1.1697,1,0.614,-0.0833,0.5307,HOLDING
2021-04-13,18,DOC,WRB,25.3447,31.064,1.0056,-0.1748,1,1.3061,-0.0833,1.2228,HOLDING
2021-04-14,18,DOC,WRB,24.9382,31.3679,1.0056,-1.5769,1,0.2222,-0.0833,0.1388,HOLDING
2021-04-15,18,DOC,WRB,25.4291,31.3363,1.0056,-0.3289,1,1.0851,-0.0833,1.0018,HOLDING
2021-04-16,18,DOC,WRB,25.5058,31.5336,1.0056,-0.4925,1,0.951,-0.0833,0.8677,HOLDING
2021-04-19,18,DOC,WRB,25.5825,31.869,1.0056,-0.8611,1,0.6333,-0.0833,0.5499,HOLDING
2021-04-20,18,DOC,WRB,26.1195,31.8335,1.0056,0.6368,1,1.5784,-0.0833,1.4951,HOLDING
2021-04-21,18,DOC,WRB,26.3266,31.7901,1.0056,1.5689,1,1.9825,-0.0833,1.8992,HOLDING
2021-04-22,18,DOC,WRB,26.1118,31.7507,1.0056,0.9665,1,1.6758,-0.0833,1.5925,HOLDING
2021-04-23,18,DOC,WRB,26.0735,32.1058,1.0056,-0.0329,1,1.1394,-0.0833,1.056,HOLDING
2021-04-26,18,DOC,WRB,26.2116,31.7428,1.0056,1.2521,1,1.8531,-0.0833,1.7698,HOLDING
2021-04-27,18,DOC,WRB,26.0198,31.7941,1.0056,0.5235,1,1.4642,-0.0833,1.3808,HOLDING
2021-04-28,18,DOC,WRB,25.759,31.1311,1.0056,1.2634,1,1.9096,-0.0833,1.8263,HOLDING
2021-04-29,18,DOC,WRB,25.9814,31.4152,1.0056,1.152,1,1.9038,-0.0833,1.8205,HOLDING
2021-04-30,18,DOC,WRB,26.342,31.4587,1.0056,1.9251,1,2.449,-0.0833,2.3657,HOLDING
2021-05-03,18,DOC,WRB,26.1962,31.7704,1.0056,0.804,1,1.7907,-0.0833,1.7074,HOLDING
2021-05-04,18,DOC,WRB,26.1042,31.8612,1.0056,0.3461,1,1.516,-0.0833,1.4327,HOLDING
2021-05-05,18,DOC,WRB,25.3831,31.723,1.0056,-1.1751,1,0.4939,-0.0833,0.4106,HOLDING
2021-05-06,18,DOC,WRB,25.736,31.9125,1.0056,-0.6729,1,0.8321,-0.0833,0.7487,HOLDING
2021-05-07,18,DOC,WRB,25.9449,32.1413,1.0056,-0.754,1,0.8772,-0.0833,0.7939,HOLDING
2021-05-10,18,DOC,WRB,25.9372,31.9164,1.0056,-0.3208,1,1.1634,-0.0833,1.08,HOLDING
2021-05-11,18,DOC,WRB,25.4109,31.21,1.0056,-0.1622,1,1.2225,-0.0833,1.1392,HOLDING
2021-05-12,18,DOC,WRB,24.8536,30.697,1.0056,-0.7155,1,0.9728,-0.0833,0.8895,HOLDING
2021-05-13,18,DOC,WRB,25.2096,31.3403,1.0056,-1.1915,1,0.7128,-0.0833,0.6295,HOLDING
2021-05-14,18,DOC,WRB,25.6044,31.7625,1.0056,-0.9974,1,0.8114,-0.0833,0.7281,HOLDING
2021-05-17,18,DOC,WRB,25.7901,31.3363,1.0056,0.5846,1,1.6889,-0.0833,1.6055,HOLDING
2021-05-18,18,DOC,WRB,25.8521,31.0364,1.0056,1.4381,1,2.1912,-0.0833,2.1079,HOLDING
2021-05-19,18,DOC,WRB,25.736,31.0798,1.0056,0.9748,1,1.9394,-0.0833,1.856,HOLDING
2021-05-20,18,DOC,WRB,25.6818,30.9772,1.0056,1.0134,1,1.9852,-0.0833,1.9019,HOLDING
2021-05-21,18,DOC,WRB,25.496,30.922,1.0056,0.5372,1,1.748,-0.0833,1.6647,HOLDING
2021-05-24,18,DOC,WRB,25.8908,30.8746,1.0056,1.6521,1,2.4711,-0.0833,2.3878,HOLDING
2021-05-25,18,DOC,WRB,25.9682,30.3103,1.0056,2.4647,1,3.351,-0.0833,3.2677,HOLDING
2021-05-26,18,DOC,WRB,25.7514,30.2196,1.0056,1.8662,1,3.1093,-0.0833,3.0259,HOLDING
2021-05-27,18,DOC,WRB,25.496,30.5431,1.0056,0.745,1,2.2518,-0.0833,2.1685,HOLDING
2021-05-28,18,DOC,WRB,25.8366,30.776,1.0056,1.0228,1,2.5117,-0.0833,2.4284,HOLDING
2021-06-01,18,DOC,WRB,26.3707,30.6615,1.0056,1.9256,1,3.557,-0.0833,3.4737,HOLDING
2021-06-02,18,DOC,WRB,26.4558,30.3656,1.0056,2.0803,1,4.093,-0.0833,4.0097,HOLDING
2021-06-03,18,DOC,WRB,26.2081,30.484,1.0056,1.3954,1,3.5214,-0.0833,3.438,HOLDING
2021-06-04,18,DOC,WRB,26.0765,30.5037,1.0056,1.0592,1,3.2751,-0.0833,3.1917,HOLDING
2021-06-07,18,DOC,WRB,26.3861,29.8684,1.0056,2.0279,1,4.6377,-0.0833,4.5544,HOLDING
2021-06-08,18,DOC,WRB,26.5255,29.9473,1.0056,1.8323,1,4.7658,-0.0833,4.6824,HOLDING
2021-06-09,18,DOC,WRB,26.7886,29.7736,1.0056,2.0075,1,5.4368,-0.0833,5.3534,HOLDING
2021-06-10,18,DOC,WRB,27.044,29.7342,1.0056,2.0074,1,5.9164,-0.0833,5.833,HOLDING
2021-06-11,18,DOC,WRB,26.9202,29.971,1.0056,1.493,1,5.3944,-0.0833,5.3111,HOLDING
2021-06-14,18,DOC,WRB,27.3227,29.7697,1.0056,1.8941,1,6.3351,-0.0833,6.2518,HOLDING
2021-06-15,18,DOC,WRB,26.9125,30.0104,1.0056,1.1124,1,5.329,-0.0833,5.2457,HOLDING
2021-06-16,18,DOC,WRB,26.4945,30.0459,1.0056,0.5515,1,4.5828,-0.0833,4.4995,HOLDING
2021-06-17,18,DOC,WRB,26.4326,29.5448,1.0056,0.8948,1,5.1457,-0.0833,5.0624,HOLDING
2021-06-18,18,DOC,WRB,25.6121,28.7042,1.0056,0.7381,1,4.8914,-0.0833,4.8081,HOLDING
2021-06-21,18,DOC,WRB,26.1926,29.3396,1.0056,0.6795,1,5.0173,-0.0833,4.934,HOLDING
2021-06-22,18,DOC,WRB,26.0688,29.2962,1.0056,0.4909,1,4.868,-0.0833,4.7846,HOLDING
2021-06-23,18,DOC,WRB,26.1926,29.0555,1.0056,0.8826,1,5.3952,-0.0833,5.3118,HOLDING
2021-06-24,18,DOC,WRB,26.2081,29.4256,1.0056,0.3616,1,4.9288,-0.0833,4.8455,HOLDING
2021-06-25,18,DOC,WRB,26.3087,29.7281,1.0056,-0.0025,1,4.6948,-0.0833,4.6114,HOLDING
2021-06-28,18,DOC,WRB,25.9682,29.5211,1.0056,-0.4547,1,4.4005,-0.0833,4.3172,HOLDING
2021-06-29,18,DOC,WRB,26.0688,29.5291,1.0056,-0.3597,1,4.5582,-0.0833,4.4749,HOLDING
2021-06-30,18,DOC,WRB,25.7669,29.6246,1.0056,-1.2228,1,3.9263,-0.0833,3.843,HOLDING
2021-07-01,18,DOC,WRB,25.7824,30.2336,1.0056,-2.2429,1,3.1424,-0.0833,3.0591,HOLDING
2021-07-02,18,DOC,WRB,25.8598,30.2376,1.0056,-2.0911,1,3.2665,-0.0833,3.1832,HOLDING
2021-07-06,18,DOC,WRB,26.2932,30.1779,1.0056,-0.9905,1,4.0708,-0.0833,3.9875,HOLDING
2021-07-07,18,DOC,WRB,26.5796,30.4008,1.0056,-0.7566,1,4.2533,-0.0833,4.17,HOLDING
2021-07-08,18,DOC,WRB,26.4558,29.4813,1.0056,0.6536,1,5.2689,-0.0833,5.1856,HOLDING
2021-07-09,18,DOC,WRB,26.9047,30.0983,1.0056,0.5094,1,5.1992,-0.0833,5.1159,HOLDING
2021-07-12,18,DOC,WRB,27.0827,30.357,1.0056,0.4205,1,5.1529,-0.0833,5.0696,HOLDING
2021-07-13,18,DOC,WRB,26.688,29.8833,1.0056,0.6348,1,5.1226,-0.0833,5.0393,HOLDING
2021-07-14,18,DOC,WRB,27.0673,30.0187,1.0056,1.209,1,5.5769,-0.0833,5.4936,HOLDING
2021-07-15,18,DOC,WRB,27.3072,30.4366,1.0056,0.8196,1,5.4224,-0.0833,5.3391,HOLDING
2021-07-16,18,DOC,WRB,27.5239,30.5401,1.0056,1.0547,1,5.6472,-0.0833,5.5639,HOLDING
2021-07-19,18,DOC,WRB,27.044,29.5251,1.0056,1.7975,1,6.1944,-0.0833,6.1111,HOLDING
2021-07-20,18,DOC,WRB,27.8645,30.1898,1.0056,1.9037,1,6.6825,-0.0833,6.5992,HOLDING
2021-07-21,18,DOC,WRB,27.9651,30.4485,1.0056,1.4798,1,6.5067,-0.0833,6.4234,HOLDING
2021-07-22,18,DOC,WRB,27.9109,29.9351,1.0056,1.905,1,7.099,-0.0833,7.0156,HOLDING
2021-07-23,18,DOC,WRB,28.0735,29.7759,1.0056,1.9923,1,7.5825,-0.0833,7.4992,HOLDING
2021-07-26,18,DOC,WRB,28.1664,29.6724,1.0056,1.8989,1,7.8754,-0.0833,7.7921,HOLDING
2021-07-27,18,DOC,WRB,28.6153,29.5609,1.0056,2.1037,1,8.7744,-0.0833,8.6911,HOLDING
2021-07-28,18,DOC,WRB,28.5147,29.0316,1.0056,2.0903,1,9.3101,-0.0833,9.2268,HOLDING
2021-07-29,18,DOC,WRB,28.7469,29.2783,1.0056,1.7984,1,9.3703,-0.0833,9.2869,HOLDING
2021-07-30,18,DOC,WRB,28.6153,29.1231,1.0056,1.6399,1,9.3566,-0.0833,9.2733,HOLDING
2021-08-02,18,DOC,WRB,28.3753,28.9878,1.0056,1.4265,1,9.1353,-0.0833,9.052,HOLDING
2021-08-03,18,DOC,WRB,28.4373,28.8763,1.0056,1.4284,1,9.3871,-0.0833,9.3038,HOLDING
2021-08-04,18,DOC,WRB,28.5998,28.6375,1.0056,1.6001,1,9.9765,-0.0833,9.8932,HOLDING
2021-08-05,18,DOC,WRB,28.9172,28.9201,1.0056,1.4496,1,10.1314,-0.0833,10.0481,HOLDING
2021-08-06,18,DOC,WRB,28.3632,29.2425,1.0056,0.6445,1,8.7762,-0.0833,8.6929,HOLDING
2021-08-09,18,DOC,WRB,28.1993,29.2385,1.0056,0.4315,1,0.0,8.3381,8.3381,PERIOD_END_EXIT
2021-02-09,19,FITB,RF,27.0243,15.8485,1.0037,0.0,0,0.0,0.0,0.0,HOLD_CASH
2021-02-10,19,FITB,RF,27.0908,15.7918,1.0037,0.0,0,0.0,0.0,0.0,HOLD_CASH
2021-02-11,19,FITB,RF,26.7917,15.6783,1.0037,0.0,0,0.0,0.0,0.0,HOLD_CASH
2021-02-12,19,FITB,RF,27.0077,15.8566,1.0037,0.0,0,0.0,0.0,0.0,HOLD_CASH
2021-02-16,19,FITB,RF,27.8052,16.3917,1.0037,0.0,0,0.0,0.0,0.0,HOLD_CASH
2021-02-17,19,FITB,RF,27.8551,16.2296,1.0037,0.0,0,0.0,0.0,0.0,HOLD_CASH
2021-02-18,19,FITB,RF,27.5975,15.9377,1.0037,0.0,0,0.0,0.0,0.0,HOLD_CASH
2021-02-19,19,FITB,RF,28.6941,16.5133,1.0037,0.0,0,0.0,0.0,0.0,HOLD_CASH
2021-02-22,19,FITB,RF,28.9766,16.7889,1.0037,0.0,0,0.0,0.0,0.0,HOLD_CASH
2021-02-23,19,FITB,RF,29.1427,17.2348,1.0037,0.0,0,0.0,0.0,0.0,HOLD_CASH
2021-02-24,19,FITB,RF,30.1147,18.0049,1.0037,0.0,0,0.0,0.0,0.0,HOLD_CASH
2021-02-25,19,FITB,RF,29.3255,17.2834,1.0037,0.0,0,0.0,0.0,0.0,HOLD_CASH
2021-02-26,19,FITB,RF,28.8187,16.7241,1.0037,0.0,0,0.0,0.0,0.0,HOLD_CASH
2021-03-01,19,FITB,RF,29.907,17.2834,1.0037,0.0,0,0.0,0.0,0.0,HOLD_CASH
2021-03-02,19,FITB,RF,30.0316,17.1132,1.0037,0.0,0,0.0,0.0,0.0,HOLD_CASH
2021-03-03,19,FITB,RF,29.8323,17.0159,1.0037,0.0,0,0.0,0.0,0.0,HOLD_CASH
2021-03-04,19,FITB,RF,29.5415,16.5463,1.0037,0.0,0,0.0,0.0,0.0,HOLD_CASH
2021-03-05,19,FITB,RF,30.5467,17.0771,1.0037,0.0,0,0.0,0.0,0.0,HOLD_CASH
2021-03-08,19,FITB,RF,31.3525,17.412,1.0037,0.0,0,0.0,0.0,0.0,HOLD_CASH
2021-03-09,19,FITB,RF,30.4969,17.167,1.0037,1.2794,0,0.0,0.0,0.0,HOLD_CASH
2021-03-10,19,FITB,RF,31.5851,17.5672,1.0037,1.6244,0,0.0,0.0,0.0,HOLD_CASH
2021-03-11,19,FITB,RF,31.5768,17.51,1.0037,1.5465,0,0.0,0.0,0.0,HOLD_CASH
2021-03-12,19,FITB,RF,32.4741,17.853,1.0037,1.6638,0,0.0,0.0,0.0,HOLD_CASH
2021-03-15,19,FITB,RF,31.9174,17.5263,1.0037,1.5152,0,0.0,0.0,0.0,HOLD_CASH
2021-03-16,19,FITB,RF,31.4688,17.1017,1.0037,1.686,0,0.0,0.0,0.0,HOLD_CASH
2021-03-17,19,FITB,RF,32.0504,17.3058,1.0037,1.6733,0,0.0,0.0,0.0,HOLD_CASH
2021-03-18,19,FITB,RF,32.4076,17.5263,1.0037,1.4325,0,0.0,0.0,0.0,HOLD_CASH
2021-03-19,19,FITB,RF,31.8261,17.216,1.0037,1.2769,0,0.0,0.0,0.0,HOLD_CASH
2021-03-22,19,FITB,RF,30.9205,16.6933,1.0037,1.2074,0,0.0,0.0,0.0,HOLD_CASH
2021-03-23,19,FITB,RF,30.1895,16.383,1.0037,0.965,0,0.0,0.0,0.0,HOLD_CASH
2021-03-24,19,FITB,RF,30.1396,16.2686,1.0037,1.103,0,0.0,0.0,0.0,HOLD_CASH
2021-03-25,19,FITB,RF,31.3442,16.9546,1.0037,0.9732,0,0.0,0.0,0.0,HOLD_CASH
2021-03-26,19,FITB,RF,31.9341,17.1507,1.0037,1.2037,0,0.0,0.0,0.0,HOLD_CASH
2021-03-29,19,FITB,RF,30.8873,16.5953,1.0037,1.1425,0,0.0,0.0,0.0,HOLD_CASH
2021-03-30,19,FITB,RF,31.8999,17.0771,1.0037,1.2381,0,0.0,0.0,0.0,HOLD_CASH
2021-03-31,19,FITB,RF,31.3392,16.873,1.0037,0.8855,0,0.0,0.0,0.0,HOLD_CASH
2021-04-01,19,FITB,RF,31.7827,17.1997,1.0037,0.4879,0,0.0,0.0,0.0,HOLD_CASH
2021-04-05,19,FITB,RF,31.9919,17.1425,1.0037,1.0575,0,0.0,0.0,0.0,HOLD_CASH
2021-04-06,19,FITB,RF,32.0756,17.216,1.0037,0.8549,0,0.0,0.0,0.0,HOLD_CASH
2021-04-07,19,FITB,RF,32.1342,17.2487,1.0037,0.8401,0,0.0,0.0,0.0,HOLD_CASH
2021-04-08,19,FITB,RF,31.9166,17.1915,1.0037,0.4582,0,0.0,0.0,0.0,HOLD_CASH
2021-04-09,19,FITB,RF,32.1677,17.3385,1.0037,0.2933,0,0.0,0.0,0.0,HOLD_CASH
2021-04-12,19,FITB,RF,32.5108,17.4937,1.0037,0.4615,0,0.0,0.0,0.0,HOLD_CASH
2021-04-13,19,FITB,RF,31.9836,17.02,1.0037,2.4619,-1,0.0,-0.0833,-0.0833,ENTER_SHORT_A
2021-04-14,19,FITB,RF,32.2597,17.3385,1.0037,0.3816,-1,0.4221,-0.0833,0.3388,HOLDING
2021-04-15,19,FITB,RF,31.8246,17.1262,1.0037,0.0805,-1,0.4672,-0.0833,0.3838,HOLDING
2021-04-16,19,FITB,RF,31.9668,17.314,1.0037,-1.3099,-1,0.7429,-0.0833,0.6595,HOLDING
2021-04-19,19,FITB,RF,31.6907,17.069,1.0037,-0.1426,-1,0.5011,-0.0833,0.4177,HOLDING
2021-04-20,19,FITB,RF,30.494,16.334,1.0037,1.0188,-1,0.2544,-0.0833,0.1711,HOLDING
2021-04-21,19,FITB,RF,31.2639,16.7831,1.0037,0.4393,-1,0.355,-0.0833,0.2716,HOLDING
2021-04-22,19,FITB,RF,30.8455,16.5708,1.0037,0.2194,-1,0.3782,-0.0833,0.2949,HOLDING
2021-04-23,19,FITB,RF,32.084,16.8485,1.0037,3.4308,-1,-0.5512,-0.0833,-0.6345,HOLDING
2021-04-26,19,FITB,RF,32.4522,17.2405,1.0037,1.4429,-1,-0.0685,-0.0833,-0.1519,HOLDING
2021-04-27,19,FITB,RF,32.8455,17.3385,1.0037,1.9854,-1,-0.3396,-0.0833,-0.4229,HOLDING
2021-04-28,19,FITB,RF,33.3058,17.4855,1.0037,2.1963,-1,-0.5776,-0.0833,-0.6609,HOLDING
2021-04-29,19,FITB,RF,34.0673,17.9265,1.0037,1.6749,-1,-0.4861,-0.0833,-0.5695,HOLDING
2021-04-30,19,FITB,RF,33.925,17.804,1.0037,1.7114,-1,-0.6016,-0.0833,-0.685,HOLDING
2021-05-03,19,FITB,RF,33.8664,17.804,1.0037,1.375,-1,-0.5254,-0.0833,-0.6088,HOLDING
2021-05-04,19,FITB,RF,34.5777,18.2287,1.0037,1.0046,-1,-0.4088,-0.0833,-0.4921,HOLDING
2021-05-05,19,FITB,RF,34.7702,18.3675,1.0037,0.7414,-1,-0.3186,-0.0833,-0.4019,HOLDING
2021-05-06,19,FITB,RF,35.0798,18.5227,1.0037,0.7008,-1,-0.3406,-0.0833,-0.4239,HOLDING
2021-05-07,19,FITB,RF,35.4397,18.6942,1.0037,0.7084,-1,-0.3878,-0.0833,-0.4712,HOLDING
2021-05-10,19,FITB,RF,35.3476,18.4982,1.0037,1.3138,-1,-0.7489,-0.0833,-0.8322,HOLDING
2021-05-11,19,FITB,RF,34.8371,18.3267,1.0037,0.7659,-1,-0.5058,-0.0833,-0.5891,HOLDING
2021-05-12,19,FITB,RF,34.2597,17.8775,1.0037,1.3629,-1,-0.8566,-0.0833,-0.9399,HOLDING
2021-05-13,19,FITB,RF,35.13,18.4247,1.0037,0.8114,-1,-0.6462,-0.0833,-0.7296,HOLDING
2021-05-14,19,FITB,RF,35.6823,18.9882,1.0037,-0.7437,-1,0.0177,-0.0833,-0.0657,HOLDING
2021-05-17,19,FITB,RF,35.8999,19.1107,1.0037,-0.9357,-1,0.0352,-0.0833,-0.0481,HOLDING
2021-05-18,19,FITB,RF,35.1551,18.686,1.0037,-0.8351,-1,-0.0379,-0.0833,-0.1213,HOLDING
2021-05-19,19,FITB,RF,34.8874,18.5145,1.0037,-0.7862,-1,-0.1103,-0.0833,-0.1937,HOLDING
2021-05-20,19,FITB,RF,34.7535,18.392,1.0037,-0.5952,-1,-0.2367,-0.0833,-0.32,HOLDING
2021-05-21,19,FITB,RF,35.0798,18.588,1.0037,-0.7395,-1,-0.1804,-0.0833,-0.2637,HOLDING
2021-05-24,19,FITB,RF,35.038,18.6779,1.0037,-1.6717,-1,0.0944,-0.0833,0.0111,HOLDING
2021-05-25,19,FITB,RF,34.5275,18.343,1.0037,-1.0123,-1,-0.0631,-0.0833,-0.1464,HOLDING
2021-05-26,19,FITB,RF,34.8706,18.6452,1.0037,-1.7755,-1,0.2319,-0.0833,0.1486,HOLDING
2021-05-27,19,FITB,RF,35.3225,19.0862,1.0037,-2.5521,-1,0.726,-0.0833,0.6426,HOLDING
2021-05-28,19,FITB,RF,35.2639,19.1189,1.0037,-2.3619,-1,0.8822,-0.0833,0.7989,HOLDING
2021-06-01,19,FITB,RF,35.4397,19.2904,1.0037,-2.246,-1,1.0744,-0.0833,0.991,HOLDING
2021-06-02,19,FITB,RF,35.2807,18.9882,1.0037,-1.1108,-1,0.54,-0.0833,0.4566,HOLDING
2021-06-03,19,FITB,RF,35.3225,18.8608,1.0037,-0.3717,-1,0.173,-0.0833,0.0897,HOLDING
2021-06-04,19,FITB,RF,35.1802,18.6059,1.0037,0.4803,-1,-0.2671,-0.0833,-0.3504,HOLDING
2021-06-07,19,FITB,RF,35.1384,18.5072,1.0037,0.8337,-1,-0.4547,-0.0833,-0.538,HOLDING
2021-06-08,19,FITB,RF,34.879,18.3675,1.0037,0.9084,-1,-0.4601,-0.0833,-0.5435,HOLDING
2021-06-09,19,FITB,RF,34.4355,18.0057,1.0037,1.4758,-1,-0.7707,-0.0833,-0.854,HOLDING
2021-06-10,19,FITB,RF,33.8078,17.5042,1.0037,2.1605,-1,-1.1846,-0.0833,-1.2679,HOLDING
2021-06-11,19,FITB,RF,33.9501,17.6933,1.0037,1.5396,-1,-0.9058,-0.0833,-0.9891,HOLDING
2021-06-14,19,FITB,RF,33.0882,17.4138,1.0037,0.7183,-1,-0.4706,-0.0833,-0.5539,HOLDING
2021-06-15,19,FITB,RF,33.5233,17.5124,1.0037,1.172,-1,-0.7945,-0.0833,-0.8778,HOLDING
2021-06-16,19,FITB,RF,33.9334,17.5946,1.0037,1.5271,-1,-1.126,-0.0833,-1.2094,HOLDING
2021-06-17,19,FITB,RF,31.8246,16.2956,1.0037,2.0197,-1,-1.5699,-0.0833,-1.6532,HOLDING
2021-06-18,19,FITB,RF,30.8873,15.8927,1.0037,1.5293,-1,-1.3392,-0.0833,-1.4226,HOLDING
2021-06-21,19,FITB,RF,31.6237,16.3285,1.0037,1.1988,-1,-1.2281,-0.0833,-1.3114,HOLDING
2021-06-22,19,FITB,RF,31.7576,16.3449,1.0037,1.2342,-1,-1.3619,-0.0833,-1.4452,HOLDING
2021-06-23,19,FITB,RF,31.7325,16.46,1.0037,0.7464,-1,-1.0469,-0.0833,-1.1302,HOLDING
2021-06-24,19,FITB,RF,32.2932,16.7067,1.0037,0.7976,-1,-1.171,-0.0833,-1.2544,HOLDING
2021-06-25,19,FITB,RF,33.0547,16.9369,1.0037,1.1946,-1,-1.5966,-0.0833,-1.68,HOLDING
2021-06-28,19,FITB,RF,32.3685,16.7231,1.0037,0.6789,-1,-1.2286,-0.0833,-1.312,HOLDING
2021-06-29,19,FITB,RF,32.0988,16.4929,1.0037,1.0015,-1,-1.4426,-0.0833,-1.5259,HOLDING
2021-06-30,19,FITB,RF,32.2168,16.5916,1.0037,0.7981,-1,-1.354,-0.0833,-1.4374,HOLDING
2021-07-01,19,FITB,RF,32.6466,16.7971,1.0037,0.8347,-1,-1.4088,-0.0833,-1.4921,HOLDING
2021-07-02,19,FITB,RF,32.3938,16.6573,1.0037,0.83,-1,-1.4228,-0.0833,-1.5062,HOLDING
2021-07-06,19,FITB,RF,31.4499,16.0983,1.0037,1.2522,-1,-1.5667,-0.0833,-1.6501,HOLDING
2021-07-07,19,FITB,RF,31.2393,15.9749,1.0037,1.3036,-1,-1.5953,-0.0833,-1.6786,HOLDING
2021-07-08,19,FITB,RF,30.8011,15.5967,1.0037,2.1674,-1,-1.953,-0.0833,-2.0363,HOLDING
2021-07-09,19,FITB,RF,32.0904,16.3367,1.0037,1.3601,-1,-1.8148,-0.0833,-1.8981,HOLDING
2021-07-12,19,FITB,RF,32.3516,16.4682,1.0037,1.2376,-1,-1.8318,-0.0833,-1.9152,HOLDING
2021-07-13,19,FITB,RF,31.6606,16.2134,1.0037,0.5208,-1,-1.5584,-0.0833,-1.6417,HOLDING
2021-07-14,19,FITB,RF,31.5005,16.0325,1.0037,1.3177,-1,-1.7938,-0.0833,-1.8771,HOLDING
2021-07-15,19,FITB,RF,31.8292,16.2216,1.0037,1.0161,-1,-1.7574,-0.0833,-1.8407,HOLDING
2021-07-16,19,FITB,RF,30.6747,15.6296,1.0037,1.0064,-1,-1.708,-0.0833,-1.7913,HOLDING
2021-07-19,19,FITB,RF,29.1831,14.9143,1.0037,0.518,-1,-1.5227,-0.0833,-1.6061,HOLDING
2021-07-20,19,FITB,RF,30.3039,15.5474,1.0037,-0.1576,-1,-1.4275,-0.0833,-1.5108,HOLDING
2021-07-21,19,FITB,RF,31.0792,15.8187,1.0037,0.9932,-1,-1.7702,-0.0833,-1.8535,HOLDING
2021-07-22,19,FITB,RF,30.3544,15.5885,1.0037,-0.5362,-1,-1.3924,-0.0833,-1.4757,HOLDING
2021-07-23,19,FITB,RF,30.1522,15.7036,1.0037,-2.6027,-1,-0.8471,-0.0833,-0.9304,HOLDING
2021-07-26,19,FITB,RF,30.6072,15.9009,1.0037,-1.8964,-1,-0.9549,-0.0833,-1.0382,HOLDING
2021-07-27,19,FITB,RF,30.6578,15.942,1.0037,-1.8542,-1,-0.9198,-0.0833,-1.0031,HOLDING
2021-07-28,19,FITB,RF,30.7168,15.9585,1.0037,-1.5565,-1,-0.9562,-0.0833,-1.0395,HOLDING
2021-07-29,19,FITB,RF,30.8769,16.0572,1.0037,-1.5216,-1,-0.9224,-0.0833,-1.0057,HOLDING
2021-07-30,19,FITB,RF,30.582,15.8269,1.0037,-0.9132,-1,-1.1035,-0.0833,-1.1868,HOLDING
2021-08-02,19,FITB,RF,30.405,15.7118,1.0037,-0.7081,-1,-1.1557,-0.0833,-1.239,HOLDING
2021-08-03,19,FITB,RF,31.0454,16.1311,1.0037,-1.1944,-1,-0.9601,-0.0833,-1.0434,HOLDING
2021-08-04,19,FITB,RF,30.6494,15.8516,1.0037,-0.6332,-1,-1.1307,-0.0833,-1.214,HOLDING
2021-08-05,19,FITB,RF,31.1634,16.0654,1.0037,-0.2177,-1,-1.2748,-0.0833,-1.3581,HOLDING
2021-08-06,19,FITB,RF,31.7955,16.4107,1.0037,-0.295,-1,-1.2497,-0.0833,-1.3331,HOLDING
2021-08-09,19,FITB,RF,31.6522,16.3531,1.0037,-0.3409,-1,0.0,-1.3692,-1.3692,PERIOD_END_EXIT
2021-02-09,20,RSG,WM,85.754,104.9563,1.1122,0.0,0,0.0,0.0,0.0,HOLD_CASH
2021-02-10,20,RSG,WM,84.7985,105.0857,1.1122,0.0,0,0.0,0.0,0.0,HOLD_CASH
2021-02-11,20,RSG,WM,85.5198,104.6513,1.1122,0.0,0,0.0,0.0,0.0,HOLD_CASH
2021-02-12,20,RSG,WM,85.4917,104.679,1.1122,0.0,0,0.0,0.0,0.0,HOLD_CASH
2021-02-16,20,RSG,WM,84.6673,104.0782,1.1122,0.0,0,0.0,0.0,0.0,HOLD_CASH
2021-02-17,20,RSG,WM,84.3863,103.7177,1.1122,0.0,0,0.0,0.0,0.0,HOLD_CASH
2021-02-18,20,RSG,WM,85.9226,104.8454,1.1122,0.0,0,0.0,0.0,0.0,HOLD_CASH
2021-02-19,20,RSG,WM,84.864,103.1816,1.1122,0.0,0,0.0,0.0,0.0,HOLD_CASH
2021-02-22,20,RSG,WM,83.3745,102.1926,1.1122,0.0,0,0.0,0.0,0.0,HOLD_CASH
2021-02-23,20,RSG,WM,83.3371,101.601,1.1122,0.0,0,0.0,0.0,0.0,HOLD_CASH
2021-02-24,20,RSG,WM,83.9272,103.4035,1.1122,0.0,0,0.0,0.0,0.0,HOLD_CASH
2021-02-25,20,RSG,WM,84.7235,103.7732,1.1122,0.0,0,0.0,0.0,0.0,HOLD_CASH
2021-02-26,20,RSG,WM,83.4589,102.4976,1.1122,0.0,0,0.0,0.0,0.0,HOLD_CASH
2021-03-01,20,RSG,WM,85.0139,103.9673,1.1122,0.0,0,0.0,0.0,0.0,HOLD_CASH
2021-03-02,20,RSG,WM,85.8195,105.6773,1.1122,0.0,0,0.0,0.0,0.0,HOLD_CASH
2021-03-03,20,RSG,WM,85.5854,105.3445,1.1122,0.0,0,0.0,0.0,0.0,HOLD_CASH
2021-03-04,20,RSG,WM,85.6135,106.7772,1.1122,0.0,0,0.0,0.0,0.0,HOLD_CASH
2021-03-05,20,RSG,WM,88.48,109.6981,1.1122,0.0,0,0.0,0.0,0.0,HOLD_CASH
2021-03-08,20,RSG,WM,89.5948,112.5173,1.1122,0.0,0,0.0,0.0,0.0,HOLD_CASH
2021-03-09,20,RSG,WM,88.6487,110.5484,1.1122,-1.7277,0,0.0,0.0,0.0,HOLD_CASH
2021-03-10,20,RSG,WM,89.7916,112.4803,1.1122,-1.9461,0,0.0,0.0,0.0,HOLD_CASH
2021-03-11,20,RSG,WM,89.1827,111.4448,1.1122,-1.5062,0,0.0,0.0,0.0,HOLD_CASH
2021-03-12,20,RSG,WM,90.1007,113.1072,1.1122,-1.7138,0,0.0,0.0,0.0,HOLD_CASH
2021-03-15,20,RSG,WM,90.4661,113.878,1.1122,-1.6991,0,0.0,0.0,0.0,HOLD_CASH
2021-03-16,20,RSG,WM,90.4942,114.1473,1.1122,-1.6149,0,0.0,0.0,0.0,HOLD_CASH
2021-03-17,20,RSG,WM,88.274,110.5068,1.1122,-0.8425,0,0.0,0.0,0.0,HOLD_CASH
2021-03-18,20,RSG,WM,90.6066,113.2093,1.1122,-0.8041,0,0.0,0.0,0.0,HOLD_CASH
2021-03-19,20,RSG,WM,89.9415,112.9028,1.1122,-0.9821,0,0.0,0.0,0.0,HOLD_CASH
2021-03-22,20,RSG,WM,90.5504,114.5745,1.1122,-1.4349,0,0.0,0.0,0.0,HOLD_CASH
2021-03-23,20,RSG,WM,90.7003,115.2525,1.1122,-1.5998,0,0.0,0.0,0.0,HOLD_CASH
2021-03-24,20,RSG,WM,92.0118,115.9211,1.1122,-0.9873,0,0.0,0.0,0.0,HOLD_CASH
2021-03-25,20,RSG,WM,92.8268,118.345,1.1122,-1.724,0,0.0,0.0,0.0,HOLD_CASH
2021-03-26,20,RSG,WM,94.8877,120.5461,1.1122,-1.499,0,0.0,0.0,0.0,HOLD_CASH
2021-03-29,20,RSG,WM,94.7285,121.0476,1.1122,-1.7993,0,0.0,0.0,0.0,HOLD_CASH
2021-03-30,20,RSG,WM,94.0821,120.0632,1.1122,-1.523,0,0.0,0.0,0.0,HOLD_CASH
2021-03-31,20,RSG,WM,93.4659,119.8217,1.1122,-1.7348,0,0.0,0.0,0.0,HOLD_CASH
2021-04-01,20,RSG,WM,93.814,120.0632,1.1122,-1.4601,0,0.0,0.0,0.0,HOLD_CASH
2021-04-05,20,RSG,WM,95.0652,121.6513,1.1122,-1.4412,0,0.0,0.0,0.0,HOLD_CASH
2021-04-06,20,RSG,WM,95.5638,122.2178,1.1122,-1.2848,0,0.0,0.0,0.0,HOLD_CASH
2021-04-07,20,RSG,WM,96.3164,122.97,1.1122,-1.1055,0,0.0,0.0,0.0,HOLD_CASH
2021-04-08,20,RSG,WM,96.2882,123.3693,1.1122,-1.2714,0,0.0,0.0,0.0,HOLD_CASH
2021-04-09,20,RSG,WM,97.4171,125.0782,1.1122,-1.4164,0,0.0,0.0,0.0,HOLD_CASH
2021-04-12,20,RSG,WM,97.1725,124.8831,1.1122,-1.332,0,0.0,0.0,0.0,HOLD_CASH
2021-04-13,20,RSG,WM,97.4924,124.8739,1.1122,-0.9685,0,0.0,0.0,0.0,HOLD_CASH
2021-04-14,20,RSG,WM,97.3324,124.3352,1.1122,-0.6443,0,0.0,0.0,0.0,HOLD_CASH
2021-04-15,20,RSG,WM,98.038,124.9296,1.1122,-0.4132,0,0.0,0.0,0.0,HOLD_CASH
2021-04-16,20,RSG,WM,98.1415,125.4218,1.1122,-0.6665,0,0.0,0.0,0.0,HOLD_CASH
2021-04-19,20,RSG,WM,98.4708,124.846,1.1122,0.4493,0,0.0,0.0,0.0,HOLD_CASH
2021-04-20,20,RSG,WM,98.7906,125.2546,1.1122,0.5374,0,0.0,0.0,0.0,HOLD_CASH
2021-04-21,20,RSG,WM,99.6185,125.8954,1.1122,1.0209,0,0.0,0.0,0.0,HOLD_CASH
2021-04-22,20,RSG,WM,99.3551,125.1432,1.1122,2.0985,-1,0.0,-0.0833,-0.0833,ENTER_SHORT_A
2021-04-23,20,RSG,WM,100.0889,125.8397,1.1122,2.0369,-1,-0.0472,-0.0833,-0.1305,HOLDING
2021-04-26,20,RSG,WM,98.4332,124.3816,1.1122,1.3472,-1,0.0991,-0.0833,0.0157,HOLDING
2021-04-27,20,RSG,WM,98.6872,125.4311,1.1122,0.1834,-1,0.3662,-0.0833,0.2828,HOLDING
2021-04-28,20,RSG,WM,98.4708,126.5176,1.1122,-1.5934,-1,0.8331,-0.0833,0.7497,HOLDING
2021-04-29,20,RSG,WM,99.7973,127.3999,1.1122,-0.6716,-1,0.6157,-0.0833,0.5324,HOLDING
2021-04-30,20,RSG,WM,100.0043,128.1336,1.1122,-1.2261,-1,0.7908,-0.0833,0.7074,HOLDING
2021-05-03,20,RSG,WM,101.5942,130.3346,1.1122,-1.518,-1,0.9312,-0.0833,0.8479,HOLDING
2021-05-04,20,RSG,WM,102.2621,130.8362,1.1122,-1.1032,-1,0.8418,-0.0833,0.7585,HOLDING
2021-05-05,20,RSG,WM,102.883,131.5419,1.1122,-1.0041,-1,0.8427,-0.0833,0.7594,HOLDING
2021-05-06,20,RSG,WM,104.2095,131.3934,1.1122,0.7756,-1,0.2639,-0.0833,0.1806,HOLDING
2021-05-07,20,RSG,WM,104.313,131.3005,1.1122,0.9106,-1,0.1902,-0.0833,0.1069,HOLDING
2021-05-10,20,RSG,WM,105.4137,133.0465,1.1122,0.3058,-1,0.3654,-0.0833,0.282,HOLDING
2021-05-11,20,RSG,WM,103.391,131.1333,1.1122,-0.1601,-1,0.4977,-0.0833,0.4144,HOLDING
2021-05-12,20,RSG,WM,101.4624,128.3286,1.1122,0.4986,-1,0.2801,-0.0833,0.1968,HOLDING
2021-05-13,20,RSG,WM,103.7297,131.3376,1.1122,-0.0009,-1,0.4349,-0.0833,0.3515,HOLDING
2021-05-14,20,RSG,WM,104.52,131.8206,1.1122,0.4208,-1,0.2904,-0.0833,0.2071,HOLDING
2021-05-17,20,RSG,WM,103.5133,131.4212,1.1122,-0.3829,-1,0.5501,-0.0833,0.4668,HOLDING
2021-05-18,20,RSG,WM,102.7513,130.4554,1.1122,-0.2337,-1,0.514,-0.0833,0.4307,HOLDING
2021-05-19,20,RSG,WM,101.7823,129.2296,1.1122,-0.0434,-1,0.469,-0.0833,0.3857,HOLDING
2021-05-20,20,RSG,WM,102.9489,130.4182,1.1122,0.2137,-1,0.4226,-0.0833,0.3392,HOLDING
2021-05-21,20,RSG,WM,103.0147,130.9197,1.1122,-0.2447,-1,0.5723,-0.0833,0.4889,HOLDING
2021-05-24,20,RSG,WM,102.9112,131.0498,1.1122,-0.5263,-1,0.6589,-0.0833,0.5756,HOLDING
2021-05-25,20,RSG,WM,102.1963,130.6597,1.1122,-1.0789,-1,0.8061,-0.0833,0.7227,HOLDING
2021-05-26,20,RSG,WM,101.5659,129.8053,1.1122,-0.9251,-1,0.7568,-0.0833,0.6735,HOLDING
2021-05-27,20,RSG,WM,102.5443,130.5297,1.1122,-0.3007,-1,0.6223,-0.0833,0.5389,HOLDING
2021-05-28,20,RSG,WM,102.7137,130.6504,1.1122,-0.2412,-1,0.5974,-0.0833,0.514,HOLDING
2021-06-01,20,RSG,WM,101.9517,130.0839,1.1122,-0.8606,-1,0.7013,-0.0833,0.618,HOLDING
2021-06-02,20,RSG,WM,102.5067,131.059,1.1122,-1.4728,-1,0.8228,-0.0833,0.7395,HOLDING
2021-06-03,20,RSG,WM,102.4408,131.0917,1.1122,-1.6452,-1,0.8604,-0.0833,0.7771,HOLDING
2021-06-04,20,RSG,WM,102.7607,131.2502,1.1122,-1.1642,-1,0.789,-0.0833,0.7057,HOLDING
2021-06-07,20,RSG,WM,102.1304,130.1499,1.1122,-0.4122,-1,0.6535,-0.0833,0.5701,HOLDING
2021-06-08,20,RSG,WM,102.5537,129.9354,1.1122,1.0129,-1,0.4102,-0.0833,0.3268,HOLDING
2021-06-09,20,RSG,WM,102.7607,130.1591,1.1122,0.9909,-1,0.4064,-0.0833,0.3231,HOLDING
2021-06-10,20,RSG,WM,102.6384,130.4855,1.1122,0.1606,-1,0.5694,-0.0833,0.4861,HOLDING
2021-06-11,20,RSG,WM,103.0806,130.4669,1.1122,1.2558,-1,0.3873,-0.0833,0.304,HOLDING
2021-06-14,20,RSG,WM,103.1464,130.784,1.1122,0.867,-1,0.4723,-0.0833,0.389,HOLDING
2021-06-15,20,RSG,WM,104.0684,131.3528,1.1122,1.733,-1,0.3057,-0.0833,0.2224,HOLDING
2021-06-16,20,RSG,WM,102.7325,130.383,1.1122,0.5631,-1,0.4961,-0.0833,0.4128,HOLDING
2021-06-17,20,RSG,WM,102.1869,129.8981,1.1122,0.2958,-1,0.5428,-0.0833,0.4594,HOLDING
2021-06-18,20,RSG,WM,100.2112,127.8186,1.1122,-0.0431,-1,0.5981,-0.0833,0.5148,HOLDING
2021-06-21,20,RSG,WM,102.0081,129.954,1.1122,-0.1923,-1,0.6334,-0.0833,0.55,HOLDING
2021-06-22,20,RSG,WM,102.328,130.2431,1.1122,-0.0371,-1,0.6077,-0.0833,0.5244,HOLDING
2021-06-23,20,RSG,WM,101.4624,129.1707,1.1122,0.0766,-1,0.5754,-0.0833,0.4921,HOLDING
2021-06-24,20,RSG,WM,101.914,129.1893,1.1122,1.1242,-1,0.4026,-0.0833,0.3193,HOLDING
2021-06-25,20,RSG,WM,102.3562,129.7209,1.1122,0.9672,-1,0.4134,-0.0833,0.3301,HOLDING
2021-06-28,20,RSG,WM,102.3374,129.7862,1.1122,0.7107,-1,0.4438,-0.0833,0.3604,HOLDING
2021-06-29,20,RSG,WM,103.1841,130.0473,1.1122,1.9405,-1,0.1991,-0.0833,0.1158,HOLDING
2021-06-30,20,RSG,WM,103.8971,130.6534,1.1122,2.0538,-1,0.1285,-0.0833,0.0451,HOLDING
2021-07-01,20,RSG,WM,104.4638,131.6419,1.1122,1.3096,-1,0.2501,-0.0833,0.1667,HOLDING
2021-07-02,20,RSG,WM,105.2193,132.3879,1.1122,1.4438,-1,0.2116,-0.0833,0.1283,HOLDING
2021-07-06,20,RSG,WM,105.9843,133.1339,1.1122,1.5315,-1,0.1694,-0.0833,0.0861,HOLDING
2021-07-07,20,RSG,WM,107.6654,134.3181,1.1122,2.3998,-1,-0.0829,-0.0833,-0.1662,HOLDING
2021-07-08,20,RSG,WM,106.1543,132.5744,1.1122,2.0609,-1,-0.0943,-0.0833,-0.1776,HOLDING
2021-07-09,20,RSG,WM,106.4093,133.3856,1.1122,1.1178,-1,0.0889,-0.0833,0.0056,HOLDING
2021-07-12,20,RSG,WM,106.3904,133.4509,1.1122,0.904,-1,0.1193,-0.0833,0.036,HOLDING
2021-07-13,20,RSG,WM,106.3527,132.9007,1.1122,1.4773,-1,-0.0586,-0.0833,-0.1419,HOLDING
2021-07-14,20,RSG,WM,107.5238,134.2715,1.1122,1.2668,-1,-0.043,-0.0833,-0.1263,HOLDING
2021-07-15,20,RSG,WM,108.166,135.549,1.1122,0.4533,-1,0.1499,-0.0833,0.0666,HOLDING
2021-07-16,20,RSG,WM,108.8365,135.9594,1.1122,0.8346,-1,0.0275,-0.0833,-0.0558,HOLDING
2021-07-19,20,RSG,WM,107.4104,133.9358,1.1122,1.3035,-1,-0.1157,-0.0833,-0.199,HOLDING
2021-07-20,20,RSG,WM,108.7043,135.3719,1.1122,1.2341,-1,-0.1259,-0.0833,-0.2093,HOLDING
2021-07-21,20,RSG,WM,108.4965,135.0735,1.1122,1.2587,-1,-0.1481,-0.0833,-0.2314,HOLDING
2021-07-22,20,RSG,WM,108.6287,135.1947,1.1122,1.2525,-1,-0.158,-0.0833,-0.2414,HOLDING
2021-07-23,20,RSG,WM,109.7243,136.5096,1.1122,1.0076,-1,-0.1321,-0.0833,-0.2154,HOLDING
2021-07-26,20,RSG,WM,109.3843,136.7892,1.1122,-0.3563,-1,0.101,-0.0833,0.0177,HOLDING
2021-07-27,20,RSG,WM,109.6581,137.0411,1.1122,-0.4268,-1,0.0806,-0.0833,-0.0028,HOLDING
2021-07-28,20,RSG,WM,108.9404,135.8381,1.1122,0.5207,-1,-0.0562,-0.0833,-0.1395,HOLDING
2021-07-29,20,RSG,WM,109.0632,136.3417,1.1122,-0.4811,-1,0.0716,-0.0833,-0.0117,HOLDING
2021-07-30,20,RSG,WM,111.7831,138.2533,1.1122,2.2061,-1,-0.3382,-0.0833,-0.4215,HOLDING
2021-08-02,20,RSG,WM,111.4431,137.3302,1.1122,2.7508,-1,-0.5269,-0.0833,-0.6102,HOLDING
2021-08-03,20,RSG,WM,113.0864,139.3257,1.1122,2.0332,-1,-0.4797,-0.0833,-0.563,HOLDING
2021-08-04,20,RSG,WM,112.5387,138.8128,1.1122,1.6266,-1,-0.442,-0.0833,-0.5254,HOLDING
2021-08-05,20,RSG,WM,111.6603,138.3186,1.1122,0.7217,-1,-0.2666,-0.0833,-0.3499,HOLDING
2021-08-06,20,RSG,WM,111.7359,137.8617,1.1122,1.4828,-1,-0.4568,-0.0833,-0.5401,HOLDING
2021-08-09,20,RSG,WM,111.2731,137.2928,1.1122,1.4147,-1,0.0,-0.6481,-0.6481,PERIOD_END_EXIT
