Date,Pair_Rank,Ticker_A,Ticker_B,Price_A,Price_B,ZScore,Position,Unrealized_PnL,Realized_PnL,Cumulative_PnL,Status
2019-03-11,1,WEC,XEL,61.716,45.3655,0.0,0,0.0,0.0,0.0,HOLD_CASH
2019-03-12,1,WEC,XEL,62.06,45.6974,0.0,0,0.0,0.0,0.0,HOLD_CASH
2019-03-13,1,WEC,XEL,62.236,45.8511,0.0,0,0.0,0.0,0.0,HOLD_CASH
2019-03-14,1,WEC,XEL,62.092,45.7819,0.0,0,0.0,0.0,0.0,HOLD_CASH
2019-03-15,1,WEC,XEL,63.0999,46.059,0.0,0,0.0,0.0,0.0,HOLD_CASH
2019-03-18,1,WEC,XEL,62.7079,45.7492,0.0,0,0.0,0.0,0.0,HOLD_CASH
2019-03-19,1,WEC,XEL,62.084,45.3742,0.0,0,0.0,0.0,0.0,HOLD_CASH
2019-03-20,1,WEC,XEL,62.188,45.5128,0.0,0,0.0,0.0,0.0,HOLD_CASH
2019-03-21,1,WEC,XEL,63.0119,46.0427,0.0,0,0.0,0.0,0.0,HOLD_CASH
2019-03-22,1,WEC,XEL,63.4599,46.5237,0.0,0,0.0,0.0,0.0,HOLD_CASH
2019-03-25,1,WEC,XEL,63.6279,46.5237,0.0,0,0.0,0.0,0.0,HOLD_CASH
2019-03-26,1,WEC,XEL,63.9158,46.7601,0.0,0,0.0,0.0,0.0,HOLD_CASH
2019-03-27,1,WEC,XEL,63.5239,46.3933,0.0,0,0.0,0.0,0.0,HOLD_CASH
2019-03-28,1,WEC,XEL,62.7639,45.7819,0.0,0,0.0,0.0,0.0,HOLD_CASH
2019-03-29,1,WEC,XEL,63.2599,45.8226,0.0,0,0.0,0.0,0.0,HOLD_CASH
2019-04-01,1,WEC,XEL,62.484,45.3009,0.0,0,0.0,0.0,0.0,HOLD_CASH
2019-04-02,1,WEC,XEL,62.5959,45.309,0.0,0,0.0,0.0,0.0,HOLD_CASH
2019-04-03,1,WEC,XEL,62.324,45.1378,0.0,0,0.0,0.0,0.0,HOLD_CASH
2019-04-04,1,WEC,XEL,61.972,45.0645,0.0,0,0.0,0.0,0.0,HOLD_CASH
2019-04-05,1,WEC,XEL,62.5719,45.415,1.0503,0,0.0,0.0,0.0,HOLD_CASH
2019-04-08,1,WEC,XEL,61.716,45.0889,-0.1482,0,0.0,0.0,0.0,HOLD_CASH
2019-04-09,1,WEC,XEL,61.972,45.4558,-0.941,0,0.0,0.0,0.0,HOLD_CASH
2019-04-10,1,WEC,XEL,61.548,45.1215,-0.9545,0,0.0,0.0,0.0,HOLD_CASH
2019-04-11,1,WEC,XEL,61.908,45.3824,-1.1126,0,0.0,0.0,0.0,HOLD_CASH
2019-04-12,1,WEC,XEL,62.252,45.5454,-0.6387,0,0.0,0.0,0.0,HOLD_CASH
2019-04-15,1,WEC,XEL,62.14,45.4721,-0.6397,0,0.0,0.0,0.0,HOLD_CASH
2019-04-16,1,WEC,XEL,61.164,44.7221,-0.4571,0,0.0,0.0,0.0,HOLD_CASH
2019-04-17,1,WEC,XEL,61.132,44.6487,-0.2359,0,0.0,0.0,0.0,HOLD_CASH
2019-04-18,1,WEC,XEL,61.0281,44.5753,-0.2536,0,0.0,0.0,0.0,HOLD_CASH
2019-04-22,1,WEC,XEL,61.1,44.6569,-0.4443,0,0.0,0.0,0.0,HOLD_CASH
2019-04-23,1,WEC,XEL,61.396,44.9829,-0.9628,0,0.0,0.0,0.0,HOLD_CASH
2019-04-24,1,WEC,XEL,61.636,45.1704,-0.985,0,0.0,0.0,0.0,HOLD_CASH
2019-04-25,1,WEC,XEL,62.236,45.6433,-1.0656,0,0.0,0.0,0.0,HOLD_CASH
2019-04-26,1,WEC,XEL,62.108,45.5862,-1.1301,0,0.0,0.0,0.0,HOLD_CASH
2019-04-29,1,WEC,XEL,61.548,45.2031,-1.1578,0,0.0,0.0,0.0,HOLD_CASH
2019-04-30,1,WEC,XEL,62.74,46.059,-0.9817,0,0.0,0.0,0.0,HOLD_CASH
2019-05-01,1,WEC,XEL,62.116,45.5699,-0.778,0,0.0,0.0,0.0,HOLD_CASH
2019-05-02,1,WEC,XEL,62.084,45.5862,-1.0078,0,0.0,0.0,0.0,HOLD_CASH
2019-05-03,1,WEC,XEL,62.6439,46.1242,-1.7561,0,0.0,0.0,0.0,HOLD_CASH
2019-05-06,1,WEC,XEL,62.4759,46.0672,-2.3247,1,0.0,-0.5,-0.5,ENTER_LONG_A
2019-05-07,1,WEC,XEL,62.6839,46.1242,-1.3628,1,0.5225,-0.5,0.0225,HOLDING
2019-05-08,1,WEC,XEL,61.916,45.5536,-1.2054,1,0.5464,-0.5,0.0464,HOLDING
2019-05-09,1,WEC,XEL,61.972,45.7003,-1.776,1,-0.0259,-0.5,-0.5259,HOLDING
2019-05-10,1,WEC,XEL,63.3639,46.6378,-1.0347,1,0.4563,-0.5,-0.0437,HOLDING
2019-05-13,1,WEC,XEL,64.3633,47.1025,0.8513,1,1.9337,-0.5,1.4337,HOLDING
2019-05-14,1,WEC,XEL,64.0893,46.7193,1.8945,1,2.9165,-0.5,2.4165,HOLDING
2019-05-15,1,WEC,XEL,64.186,46.646,2.341,1,3.7017,-0.5,3.2017,HOLDING
2019-05-16,1,WEC,XEL,64.6776,47.0617,1.8358,1,3.4127,-0.5,2.9127,HOLDING
2019-05-17,1,WEC,XEL,65.2015,47.453,1.6449,1,3.3854,-0.5,2.8854,HOLDING
2019-05-20,1,WEC,XEL,65.4996,47.5998,1.7648,1,3.7824,-0.5,3.2824,HOLDING
2019-05-21,1,WEC,XEL,65.1692,47.347,1.6042,1,3.8316,-0.5,3.3316,HOLDING
2019-05-22,1,WEC,XEL,65.8946,47.6976,1.9535,1,4.8319,-0.5,4.3319,HOLDING
2019-05-23,1,WEC,XEL,66.2734,48.1704,1.1268,1,3.7816,-0.5,3.2816,HOLDING
2019-05-24,1,WEC,XEL,66.4184,48.0889,1.5541,1,4.8045,-0.5,4.3045,HOLDING
2019-05-28,1,WEC,XEL,65.5641,47.3063,1.7947,1,5.633,-0.5,5.133,HOLDING
2019-05-29,1,WEC,XEL,64.7179,46.6297,1.725,1,5.9187,-0.5,5.4187,HOLDING
2019-05-30,1,WEC,XEL,64.5003,46.7601,0.8249,1,4.34,-0.5,3.84,HOLDING
2019-05-31,1,WEC,XEL,64.9194,46.7438,1.5192,1,6.1056,-0.5,5.6056,HOLDING
2019-06-03,1,WEC,XEL,65.7334,47.2411,1.5631,1,6.6642,-0.5,6.1642,HOLDING
2019-06-04,1,WEC,XEL,65.5158,47.1025,1.3864,1,6.5455,-0.5,6.0455,HOLDING
2019-06-05,1,WEC,XEL,66.9181,48.3579,0.6718,1,5.3442,-0.5,4.8442,HOLDING
2019-06-06,1,WEC,XEL,67.3614,48.7492,0.4037,1,4.9945,-0.5,4.4945,HOLDING
2019-06-07,1,WEC,XEL,66.8617,48.4476,0.121,1,4.6318,-0.5,4.1318,HOLDING
2019-06-10,1,WEC,XEL,66.6844,48.309,0.028,1,4.6743,-0.5,4.1743,HOLDING
2019-06-11,1,WEC,XEL,66.1041,47.8443,0.1214,1,4.874,-0.5,4.374,HOLDING
2019-06-12,1,WEC,XEL,67.1841,48.5209,0.5655,1,5.5236,-0.5,5.0236,HOLDING
2019-06-13,1,WEC,XEL,67.3856,48.7959,-0.1676,1,4.8377,-0.5,4.3377,HOLDING
2019-06-14,1,WEC,XEL,67.9498,49.272,-0.6064,1,4.5118,-0.5,4.0118,HOLDING
2019-06-17,1,WEC,XEL,67.8047,49.1488,-0.6015,1,4.5993,-0.5,4.0993,HOLDING
2019-06-18,1,WEC,XEL,67.9014,49.313,-1.1969,1,4.0954,-0.5,3.5954,HOLDING
2019-06-19,1,WEC,XEL,68.4575,49.9122,-2.122,1,3.069,-0.5,2.569,HOLDING
2019-06-20,1,WEC,XEL,68.8202,50.3226,-2.3286,1,2.2932,-0.5,1.7932,HOLDING
2019-06-21,1,WEC,XEL,68.8444,50.5114,-2.4935,1,1.3656,-0.5,0.8656,HOLDING
2019-06-24,1,WEC,XEL,68.7154,50.2897,-1.7404,1,2.0522,-0.5,1.5522,HOLDING
2019-06-25,1,WEC,XEL,68.4575,50.0599,-1.4172,1,2.2673,-0.5,1.7673,HOLDING
2019-06-26,1,WEC,XEL,67.1599,48.7959,-0.2786,1,3.9346,-0.5,3.4346,HOLDING
2019-06-27,1,WEC,XEL,66.9584,48.6564,-0.2821,1,3.8856,-0.5,3.3856,HOLDING
2019-06-28,1,WEC,XEL,67.1922,48.8287,-0.2219,1,3.8855,-0.5,3.3855,HOLDING
2019-07-01,1,WEC,XEL,66.9987,48.7795,-0.4846,1,3.3788,-0.5,2.8788,HOLDING
2019-07-02,1,WEC,XEL,67.9014,49.3705,-0.1234,1,3.7836,-0.5,3.2836,HOLDING
2019-07-03,1,WEC,XEL,68.6106,49.8301,0.1924,1,4.1272,-0.5,3.6272,HOLDING
2019-07-05,1,WEC,XEL,68.522,49.8137,0.0206,1,3.8617,-0.5,3.3617,HOLDING
2019-07-08,1,WEC,XEL,68.7396,49.945,0.1865,1,4.0198,-0.5,3.5198,HOLDING
2019-07-09,1,WEC,XEL,69.07,49.9778,1.1681,1,5.1639,-0.5,4.6639,HOLDING
2019-07-10,1,WEC,XEL,69.4166,50.2077,1.2479,1,5.3035,-0.5,4.8035,HOLDING
2019-07-11,1,WEC,XEL,69.4085,50.2241,1.2062,1,5.1821,-0.5,4.6821,HOLDING
2019-07-12,1,WEC,XEL,68.8847,49.904,0.9246,1,4.8229,-0.5,4.3229,HOLDING
2019-07-15,1,WEC,XEL,69.5939,50.2159,1.7246,1,5.9684,-0.5,5.4684,HOLDING
2019-07-16,1,WEC,XEL,69.4246,50.0681,1.6626,1,6.0929,-0.5,5.5929,HOLDING
2019-07-17,1,WEC,XEL,70.0372,50.2979,2.1206,1,7.2967,-0.5,6.7967,HOLDING
2019-07-18,1,WEC,XEL,70.8028,50.8315,1.857,1,7.4653,-0.5,6.9653,HOLDING
2019-07-19,1,WEC,XEL,69.5617,49.8793,1.8003,1,7.6656,-0.5,7.1656,HOLDING
2019-07-22,1,WEC,XEL,69.5375,49.8301,1.7457,1,7.8362,-0.5,7.3362,HOLDING
2019-07-23,1,WEC,XEL,69.1184,49.5839,1.4417,1,7.4954,-0.5,6.9954,HOLDING
2019-07-24,1,WEC,XEL,69.1506,49.6249,1.2846,1,7.4017,-0.5,6.9017,HOLDING
2019-07-25,1,WEC,XEL,69.199,49.4033,1.8786,1,8.7978,-0.5,8.2978,HOLDING
2019-07-26,1,WEC,XEL,69.8437,49.6659,2.1004,1,9.9525,-0.5,9.4525,HOLDING
2019-07-29,1,WEC,XEL,70.5207,50.0517,2.0077,1,10.568,-0.5,10.068,HOLDING
2019-07-30,1,WEC,XEL,69.8437,49.7316,1.4254,1,9.5961,-0.5,9.0961,HOLDING
2019-07-31,1,WEC,XEL,68.8766,48.9272,1.5519,1,10.0914,-0.5,9.5914,HOLDING
2019-08-01,1,WEC,XEL,70.2628,49.8711,1.4861,1,10.5159,-0.5,10.0159,HOLDING
2019-08-02,1,WEC,XEL,69.7632,49.0996,2.1745,1,12.7036,-0.5,12.2036,HOLDING
2019-08-05,1,WEC,XEL,70.1419,48.9436,2.5401,1,15.0655,-0.5,14.5655,HOLDING
2019-08-06,1,WEC,XEL,70.8351,49.6003,1.8802,1,14.2756,-0.5,13.7756,HOLDING
2019-08-07,1,WEC,XEL,71.1252,49.8957,1.5177,1,13.8332,-0.5,13.3332,HOLDING
2019-08-08,1,WEC,XEL,71.9714,50.5934,1.2072,1,13.4333,-0.5,12.9333,HOLDING
2019-08-09,1,WEC,XEL,72.4308,50.7001,1.4574,1,14.6925,-0.5,14.1925,HOLDING
2019-08-12,1,WEC,XEL,72.5275,50.5031,1.7196,1,16.1485,-0.5,15.6485,HOLDING
2019-08-13,1,WEC,XEL,72.7466,50.38,1.9236,1,17.6932,-0.5,17.1932,HOLDING
2019-08-14,1,WEC,XEL,72.1138,49.8875,1.7594,1,17.8337,-0.5,17.3337,HOLDING
2019-08-15,1,WEC,XEL,73.5741,50.5031,2.0294,1,20.3363,-0.5,19.8363,HOLDING
2019-08-16,1,WEC,XEL,73.3713,50.7248,1.3483,1,18.3221,-0.5,17.8221,HOLDING
2019-08-19,1,WEC,XEL,74.1176,51.012,1.5023,1,19.7496,-0.5,19.2496,HOLDING
2019-08-20,1,WEC,XEL,74.4827,51.2172,1.4239,1,20.097,-0.5,19.597,HOLDING
2019-08-21,1,WEC,XEL,75.2372,51.7097,1.3474,1,20.4435,-0.5,19.9435,HOLDING
2019-08-22,1,WEC,XEL,75.5617,51.9395,1.2249,1,20.4948,-0.5,19.9948,HOLDING
2019-08-23,1,WEC,XEL,75.1155,51.2583,1.5978,1,22.4064,-0.5,21.9064,HOLDING
2019-08-26,1,WEC,XEL,76.4703,52.1529,1.4774,1,22.9725,-0.5,22.4725,HOLDING
2019-08-27,1,WEC,XEL,77.3222,52.5223,1.6273,1,24.3767,-0.5,23.8767,HOLDING
2019-08-28,1,WEC,XEL,77.1599,52.5141,1.3726,1,23.772,-0.5,23.272,HOLDING
2019-08-29,1,WEC,XEL,77.8252,53.023,1.2174,1,23.6724,-0.5,23.1724,HOLDING
2019-08-30,1,WEC,XEL,77.6954,52.7111,1.4431,1,24.8457,-0.5,24.3457,HOLDING
2019-09-03,1,WEC,XEL,79.2854,53.7863,1.2997,1,25.3732,-0.5,24.8732,HOLDING
2019-09-04,1,WEC,XEL,79.2205,54.0243,0.7697,1,23.8219,-0.5,23.3219,HOLDING
2019-09-05,1,WEC,XEL,77.3384,53.4744,-0.576,1,19.2747,-0.5,18.7747,HOLDING
2019-09-06,1,WEC,XEL,75.5536,53.1871,-2.2788,1,0.0,12.6008,12.6008,PERIOD_END_EXIT
2019-03-11,2,AEP,WEC,64.5658,61.716,0.0,0,0.0,0.0,0.0,HOLD_CASH
2019-03-12,2,AEP,WEC,64.9645,62.06,0.0,0,0.0,0.0,0.0,HOLD_CASH
2019-03-13,2,AEP,WEC,65.0192,62.236,0.0,0,0.0,0.0,0.0,HOLD_CASH
2019-03-14,2,AEP,WEC,64.8629,62.092,0.0,0,0.0,0.0,0.0,HOLD_CASH
2019-03-15,2,AEP,WEC,65.5117,63.0999,0.0,0,0.0,0.0,0.0,HOLD_CASH
2019-03-18,2,AEP,WEC,65.2537,62.7079,0.0,0,0.0,0.0,0.0,HOLD_CASH
2019-03-19,2,AEP,WEC,64.5346,62.084,0.0,0,0.0,0.0,0.0,HOLD_CASH
2019-03-20,2,AEP,WEC,64.7769,62.188,0.0,0,0.0,0.0,0.0,HOLD_CASH
2019-03-21,2,AEP,WEC,65.7305,63.0119,0.0,0,0.0,0.0,0.0,HOLD_CASH
2019-03-22,2,AEP,WEC,66.5513,63.4599,0.0,0,0.0,0.0,0.0,HOLD_CASH
2019-03-25,2,AEP,WEC,66.692,63.6279,0.0,0,0.0,0.0,0.0,HOLD_CASH
2019-03-26,2,AEP,WEC,67.2079,63.9158,0.0,0,0.0,0.0,0.0,HOLD_CASH
2019-03-27,2,AEP,WEC,66.6216,63.5239,0.0,0,0.0,0.0,0.0,HOLD_CASH
2019-03-28,2,AEP,WEC,65.496,62.7639,0.0,0,0.0,0.0,0.0,HOLD_CASH
2019-03-29,2,AEP,WEC,65.4648,63.2599,0.0,0,0.0,0.0,0.0,HOLD_CASH
2019-04-01,2,AEP,WEC,64.7378,62.484,0.0,0,0.0,0.0,0.0,HOLD_CASH
2019-04-02,2,AEP,WEC,64.941,62.5959,0.0,0,0.0,0.0,0.0,HOLD_CASH
2019-04-03,2,AEP,WEC,64.8082,62.324,0.0,0,0.0,0.0,0.0,HOLD_CASH
2019-04-04,2,AEP,WEC,64.5815,61.972,0.0,0,0.0,0.0,0.0,HOLD_CASH
2019-04-05,2,AEP,WEC,65.3241,62.5719,0.2133,0,0.0,0.0,0.0,HOLD_CASH
2019-04-08,2,AEP,WEC,64.9958,61.716,1.9289,0,0.0,0.0,0.0,HOLD_CASH
2019-04-09,2,AEP,WEC,65.3241,61.972,1.8608,0,0.0,0.0,0.0,HOLD_CASH
2019-04-10,2,AEP,WEC,65.1521,61.548,2.1769,-1,0.0,-0.5,-0.5,ENTER_SHORT_A
2019-04-11,2,AEP,WEC,65.6133,61.908,1.9936,-1,-0.3076,-0.5,-0.8076,HOLDING
2019-04-12,2,AEP,WEC,65.7774,62.252,1.39,-1,0.4597,-0.5,-0.0403,HOLDING
2019-04-15,2,AEP,WEC,65.8634,62.14,1.593,-1,-0.3252,-0.5,-0.8252,HOLDING
2019-04-16,2,AEP,WEC,64.9176,61.164,1.56,-1,-0.6599,-0.5,-1.1599,HOLDING
2019-04-17,2,AEP,WEC,65.0348,61.132,1.6161,-1,-1.2398,-0.5,-1.7398,HOLDING
2019-04-18,2,AEP,WEC,64.8863,61.0281,1.3767,-1,-1.0923,-0.5,-1.5923,HOLDING
2019-04-22,2,AEP,WEC,64.8238,61.1,1.0397,-1,-0.5601,-0.5,-1.0601,HOLDING
2019-04-23,2,AEP,WEC,65.3241,61.396,1.2181,-1,-1.2773,-0.5,-1.7773,HOLDING
2019-04-24,2,AEP,WEC,65.6758,61.636,1.2451,-1,-1.6522,-0.5,-2.1522,HOLDING
2019-04-25,2,AEP,WEC,66.309,62.236,1.1198,-1,-1.6448,-0.5,-2.1448,HOLDING
2019-04-26,2,AEP,WEC,66.2151,62.108,1.0674,-1,-1.8047,-0.5,-2.3047,HOLDING
2019-04-29,2,AEP,WEC,65.6914,61.548,1.0924,-1,-2.0696,-0.5,-2.5696,HOLDING
2019-04-30,2,AEP,WEC,66.8717,62.74,0.8877,-1,-1.7572,-0.5,-2.2572,HOLDING
2019-05-01,2,AEP,WEC,66.4028,62.116,1.1676,-1,-2.4922,-0.5,-2.9922,HOLDING
2019-05-02,2,AEP,WEC,66.2074,62.084,0.8223,-1,-1.8723,-0.5,-2.3723,HOLDING
2019-05-03,2,AEP,WEC,66.778,62.6439,0.7331,-1,-1.7874,-0.5,-2.2874,HOLDING
2019-05-06,2,AEP,WEC,66.309,62.4759,-0.2434,-1,-0.67,-0.5,-1.17,HOLDING
2019-05-07,2,AEP,WEC,66.1526,62.6839,-1.7291,-1,0.7747,-0.5,0.2747,HOLDING
2019-05-08,2,AEP,WEC,65.4491,61.916,-1.4439,-1,0.3547,-0.5,-0.1453,HOLDING
2019-05-09,2,AEP,WEC,65.2994,61.972,-2.0393,-1,1.1566,-0.5,0.6566,HOLDING
2019-05-10,2,AEP,WEC,66.7099,63.3639,-1.9444,-1,1.3983,-0.5,0.8983,HOLDING
2019-05-13,2,AEP,WEC,68.0337,64.3633,-1.067,-1,0.378,-0.5,-0.122,HOLDING
2019-05-14,2,AEP,WEC,67.4191,64.0893,-1.8578,-1,1.6233,-0.5,1.1233,HOLDING
2019-05-15,2,AEP,WEC,67.0172,64.186,-2.5566,-1,3.5582,-0.5,3.0582,HOLDING
2019-05-16,2,AEP,WEC,67.293,64.6776,-2.4296,-1,4.4969,-0.5,3.9969,HOLDING
2019-05-17,2,AEP,WEC,67.6476,65.2015,-2.2516,-1,5.2641,-0.5,4.7641,HOLDING
2019-05-20,2,AEP,WEC,68.2386,65.4996,-1.5655,-1,4.2076,-0.5,3.7076,HOLDING
2019-05-21,2,AEP,WEC,68.2464,65.1692,-0.9248,-1,2.8352,-0.5,2.3352,HOLDING
2019-05-22,2,AEP,WEC,68.7823,65.8946,-1.1385,-1,3.7255,-0.5,3.2255,HOLDING
2019-05-23,2,AEP,WEC,69.4836,66.2734,-0.6129,-1,2.573,-0.5,2.073,HOLDING
2019-05-24,2,AEP,WEC,69.5702,66.4184,-0.6348,-1,2.8298,-0.5,2.3298,HOLDING
2019-05-28,2,AEP,WEC,68.2937,65.5641,-1.1218,-1,4.2579,-0.5,3.7579,HOLDING
2019-05-29,2,AEP,WEC,67.5215,64.7179,-0.8586,-1,3.7837,-0.5,3.2837,HOLDING
2019-05-30,2,AEP,WEC,67.2142,64.5003,-0.9254,-1,4.079,-0.5,3.579,HOLDING
2019-05-31,2,AEP,WEC,67.8604,64.9194,-0.4698,-1,3.3019,-0.5,2.8019,HOLDING
2019-06-03,2,AEP,WEC,68.8453,65.7334,-0.0959,-1,2.8289,-0.5,2.3289,HOLDING
2019-06-04,2,AEP,WEC,68.5931,65.5158,-0.0491,-1,2.9126,-0.5,2.4126,HOLDING
2019-06-05,2,AEP,WEC,70.4212,66.9181,0.9449,-1,1.594,-0.5,1.094,HOLDING
2019-06-06,2,AEP,WEC,70.9177,67.3614,1.13,-1,1.4897,-0.5,0.9897,HOLDING
2019-06-07,2,AEP,WEC,70.5552,66.8617,1.5476,-1,0.8508,-0.5,0.3508,HOLDING
2019-06-10,2,AEP,WEC,70.1454,66.6844,0.9414,-1,1.7029,-0.5,1.2029,HOLDING
2019-06-11,2,AEP,WEC,69.5939,66.1041,1.2306,-1,1.4623,-0.5,0.9623,HOLDING
2019-06-12,2,AEP,WEC,70.437,67.1841,0.3924,-1,2.6139,-0.5,2.1139,HOLDING
2019-06-13,2,AEP,WEC,70.5946,67.3856,0.1908,-1,2.8276,-0.5,2.3276,HOLDING
2019-06-14,2,AEP,WEC,71.3747,67.9498,0.6948,-1,2.1258,-0.5,1.6258,HOLDING
2019-06-17,2,AEP,WEC,70.9807,67.8047,-0.211,-1,3.0482,-0.5,2.5482,HOLDING
2019-06-18,2,AEP,WEC,70.7443,67.9014,-1.4665,-1,4.3481,-0.5,3.8481,HOLDING
2019-06-19,2,AEP,WEC,71.5953,68.4575,-0.4452,-1,3.3414,-0.5,2.8414,HOLDING
2019-06-20,2,AEP,WEC,71.6032,68.8202,-1.6612,-1,4.7845,-0.5,4.2845,HOLDING
2019-06-21,2,AEP,WEC,72.139,68.8444,0.1045,-1,2.8267,-0.5,2.3267,HOLDING
2019-06-24,2,AEP,WEC,71.6268,68.7154,-1.098,-1,4.2683,-0.5,3.7683,HOLDING
2019-06-25,2,AEP,WEC,71.2092,68.4575,-1.5433,-1,4.823,-0.5,4.323,HOLDING
2019-06-26,2,AEP,WEC,69.7357,67.1599,-1.7652,-1,5.2065,-0.5,4.7065,HOLDING
2019-06-27,2,AEP,WEC,69.2629,66.9584,-2.2052,-1,6.2024,-0.5,5.7024,HOLDING
2019-06-28,2,AEP,WEC,69.3496,67.1922,-2.163,-1,6.8191,-0.5,6.3191,HOLDING
2019-07-01,2,AEP,WEC,69.4441,66.9987,-1.3145,-1,5.6707,-0.5,5.1707,HOLDING
2019-07-02,2,AEP,WEC,70.2794,67.9014,-1.3728,-1,6.1321,-0.5,5.6321,HOLDING
2019-07-03,2,AEP,WEC,71.028,68.6106,-1.2108,-1,6.1405,-0.5,5.6405,HOLDING
2019-07-05,2,AEP,WEC,70.7916,68.522,-1.3616,-1,6.6875,-0.5,6.1875,HOLDING
2019-07-08,2,AEP,WEC,70.8625,68.7396,-1.539,-1,7.2993,-0.5,6.7993,HOLDING
2019-07-09,2,AEP,WEC,71.2013,69.07,-1.4006,-1,7.3413,-0.5,6.8413,HOLDING
2019-07-10,2,AEP,WEC,71.5559,69.4166,-1.3045,-1,7.3885,-0.5,6.8885,HOLDING
2019-07-11,2,AEP,WEC,71.6505,69.4085,-0.9828,-1,6.9929,-0.5,6.4929,HOLDING
2019-07-12,2,AEP,WEC,71.1147,68.8847,-0.8833,-1,6.921,-0.5,6.421,HOLDING
2019-07-15,2,AEP,WEC,71.8553,69.5939,-0.8017,-1,6.9596,-0.5,6.4596,HOLDING
2019-07-16,2,AEP,WEC,71.3195,69.4246,-1.5892,-1,8.3282,-0.5,7.8282,HOLDING
2019-07-17,2,AEP,WEC,71.7214,70.0372,-1.8747,-1,9.2742,-0.5,8.7742,HOLDING
2019-07-18,2,AEP,WEC,72.3045,70.8028,-2.0727,-1,10.1468,-0.5,9.6468,HOLDING
2019-07-19,2,AEP,WEC,71.1383,69.5617,-1.6132,-1,9.5801,-0.5,9.0801,HOLDING
2019-07-22,2,AEP,WEC,71.0122,69.5375,-1.7674,-1,9.9657,-0.5,9.4657,HOLDING
2019-07-23,2,AEP,WEC,70.5316,69.1184,-1.7262,-1,10.1078,-0.5,9.6078,HOLDING
2019-07-24,2,AEP,WEC,70.6104,69.1506,-1.4729,-1,9.9364,-0.5,9.4364,HOLDING
2019-07-25,2,AEP,WEC,70.1927,69.199,-2.2254,-1,11.7352,-0.5,11.2352,HOLDING
2019-07-26,2,AEP,WEC,70.0903,69.8437,-2.8376,-1,14.7473,-0.5,14.2473,HOLDING
2019-07-29,2,AEP,WEC,70.7128,70.5207,-2.3318,-1,15.1086,-0.5,14.6086,HOLDING
2019-07-30,2,AEP,WEC,69.9091,69.8437,-2.1046,-1,15.4427,-0.5,14.9427,HOLDING
2019-07-31,2,AEP,WEC,69.192,68.8766,-1.5573,-1,14.2659,-0.5,13.7659,HOLDING
2019-08-01,2,AEP,WEC,69.98,70.2628,-1.9847,-1,16.8729,-0.5,16.3729,HOLDING
2019-08-02,2,AEP,WEC,69.8933,69.7632,-1.3399,-1,15.1759,-0.5,14.6759,HOLDING
2019-08-05,2,AEP,WEC,69.3575,70.1419,-2.0218,-1,18.7704,-0.5,18.2704,HOLDING
2019-08-06,2,AEP,WEC,70.24,70.8351,-1.5981,-1,18.1994,-0.5,17.6994,HOLDING
2019-08-07,2,AEP,WEC,70.7128,71.1252,-1.2734,-1,17.5638,-0.5,17.0638,HOLDING
2019-08-08,2,AEP,WEC,71.0621,71.9714,-1.5657,-1,19.6607,-0.5,19.1607,HOLDING
2019-08-09,2,AEP,WEC,71.4273,72.4308,-1.4909,-1,20.1254,-0.5,19.6254,HOLDING
2019-08-12,2,AEP,WEC,71.7925,72.5275,-1.139,-1,19.1169,-0.5,18.6169,HOLDING
2019-08-13,2,AEP,WEC,71.6496,72.7466,-1.3604,-1,20.555,-0.5,20.055,HOLDING
2019-08-14,2,AEP,WEC,70.2444,72.1138,-1.881,-1,23.3768,-0.5,22.8768,HOLDING
2019-08-15,2,AEP,WEC,71.7369,73.5741,-1.6151,-1,23.5811,-0.5,23.0811,HOLDING
2019-08-16,2,AEP,WEC,71.6337,73.3713,-1.3943,-1,23.1533,-0.5,22.6533,HOLDING
2019-08-19,2,AEP,WEC,71.8878,74.1176,-1.6623,-1,25.21,-0.5,24.71,HOLDING
2019-08-20,2,AEP,WEC,72.0624,74.4827,-1.669,-1,26.023,-0.5,25.523,HOLDING
2019-08-21,2,AEP,WEC,72.5229,75.2372,-1.7795,-1,27.3207,-0.5,26.8207,HOLDING
2019-08-22,2,AEP,WEC,72.2212,75.5617,-2.0868,-1,29.7963,-0.5,29.2963,HOLDING
2019-08-23,2,AEP,WEC,71.1177,75.1155,-2.2443,-1,32.2183,-0.5,31.7183,HOLDING
2019-08-26,2,AEP,WEC,72.1101,76.4703,-2.0898,-1,33.9134,-0.5,33.4134,HOLDING
2019-08-27,2,AEP,WEC,71.983,77.3222,-2.2767,-1,37.8609,-0.5,37.3609,HOLDING
2019-08-28,2,AEP,WEC,71.1573,77.1599,-2.2588,-1,40.3701,-0.5,39.8701,HOLDING
2019-08-29,2,AEP,WEC,72.0227,77.8252,-1.8188,-1,39.7517,-0.5,39.2517,HOLDING
2019-08-30,2,AEP,WEC,72.3641,77.6954,-1.4103,-1,37.9146,-0.5,37.4146,HOLDING
2019-09-03,2,AEP,WEC,73.6582,79.2854,-1.3508,-1,39.4077,-0.5,38.9077,HOLDING
2019-09-04,2,AEP,WEC,73.8725,79.2205,-1.0934,-1,38.3216,-0.5,37.8216,HOLDING
2019-09-05,2,AEP,WEC,72.6658,77.3384,-0.7185,-1,35.307,-0.5,34.807,HOLDING
2019-09-06,2,AEP,WEC,72.3165,75.5536,0.1041,-1,0.0,28.3134,28.3134,PERIOD_END_EXIT
2019-03-11,3,AEP,XEL,64.5658,45.3655,0.0,0,0.0,0.0,0.0,HOLD_CASH
2019-03-12,3,AEP,XEL,64.9645,45.6974,0.0,0,0.0,0.0,0.0,HOLD_CASH
2019-03-13,3,AEP,XEL,65.0192,45.8511,0.0,0,0.0,0.0,0.0,HOLD_CASH
2019-03-14,3,AEP,XEL,64.8629,45.7819,0.0,0,0.0,0.0,0.0,HOLD_CASH
2019-03-15,3,AEP,XEL,65.5117,46.059,0.0,0,0.0,0.0,0.0,HOLD_CASH
2019-03-18,3,AEP,XEL,65.2537,45.7492,0.0,0,0.0,0.0,0.0,HOLD_CASH
2019-03-19,3,AEP,XEL,64.5346,45.3742,0.0,0,0.0,0.0,0.0,HOLD_CASH
2019-03-20,3,AEP,XEL,64.7769,45.5128,0.0,0,0.0,0.0,0.0,HOLD_CASH
2019-03-21,3,AEP,XEL,65.7305,46.0427,0.0,0,0.0,0.0,0.0,HOLD_CASH
2019-03-22,3,AEP,XEL,66.5513,46.5237,0.0,0,0.0,0.0,0.0,HOLD_CASH
2019-03-25,3,AEP,XEL,66.692,46.5237,0.0,0,0.0,0.0,0.0,HOLD_CASH
2019-03-26,3,AEP,XEL,67.2079,46.7601,0.0,0,0.0,0.0,0.0,HOLD_CASH
2019-03-27,3,AEP,XEL,66.6216,46.3933,0.0,0,0.0,0.0,0.0,HOLD_CASH
2019-03-28,3,AEP,XEL,65.496,45.7819,0.0,0,0.0,0.0,0.0,HOLD_CASH
2019-03-29,3,AEP,XEL,65.4648,45.8226,0.0,0,0.0,0.0,0.0,HOLD_CASH
2019-04-01,3,AEP,XEL,64.7378,45.3009,0.0,0,0.0,0.0,0.0,HOLD_CASH
2019-04-02,3,AEP,XEL,64.941,45.309,0.0,0,0.0,0.0,0.0,HOLD_CASH
2019-04-03,3,AEP,XEL,64.8082,45.1378,0.0,0,0.0,0.0,0.0,HOLD_CASH
2019-04-04,3,AEP,XEL,64.5815,45.0645,0.0,0,0.0,0.0,0.0,HOLD_CASH
2019-04-05,3,AEP,XEL,65.3241,45.415,1.5434,0,0.0,0.0,0.0,HOLD_CASH
2019-04-08,3,AEP,XEL,64.9958,45.0889,1.7461,0,0.0,0.0,0.0,HOLD_CASH
2019-04-09,3,AEP,XEL,65.3241,45.4558,1.0123,0,0.0,0.0,0.0,HOLD_CASH
2019-04-10,3,AEP,XEL,65.1521,45.1215,1.7928,0,0.0,0.0,0.0,HOLD_CASH
2019-04-11,3,AEP,XEL,65.6133,45.3824,1.9013,0,0.0,0.0,0.0,HOLD_CASH
2019-04-12,3,AEP,XEL,65.7774,45.5454,1.5155,0,0.0,0.0,0.0,HOLD_CASH
2019-04-15,3,AEP,XEL,65.8634,45.4721,1.8401,0,0.0,0.0,0.0,HOLD_CASH
2019-04-16,3,AEP,XEL,64.9176,44.7221,2.002,-1,0.0,-0.5,-0.5,ENTER_SHORT_A
2019-04-17,3,AEP,XEL,65.0348,44.6487,2.2679,-1,-0.8616,-0.5,-1.3616,HOLDING
2019-04-18,3,AEP,XEL,64.8863,44.5753,1.8693,-1,-0.6999,-0.5,-1.1999,HOLDING
2019-04-22,3,AEP,XEL,64.8238,44.6569,1.2603,-1,-0.0034,-0.5,-0.5034,HOLDING
2019-04-23,3,AEP,XEL,65.3241,44.9829,1.1942,-1,-0.1071,-0.5,-0.6071,HOLDING
2019-04-24,3,AEP,XEL,65.6758,45.1704,1.2474,-1,-0.4135,-0.5,-0.9135,HOLDING
2019-04-25,3,AEP,XEL,66.309,45.6433,1.0134,-1,-0.2087,-0.5,-0.7087,HOLDING
2019-04-26,3,AEP,XEL,66.2151,45.5862,0.8979,-1,-0.1665,-0.5,-0.6665,HOLDING
2019-04-29,3,AEP,XEL,65.6914,45.2031,0.8994,-1,-0.2914,-0.5,-0.7914,HOLDING
2019-04-30,3,AEP,XEL,66.8717,46.059,0.6715,-1,-0.052,-0.5,-0.552,HOLDING
2019-05-01,3,AEP,XEL,66.4028,45.5699,1.2516,-1,-0.9801,-0.5,-1.4801,HOLDING
2019-05-02,3,AEP,XEL,66.2074,45.5862,0.5315,-1,-0.1365,-0.5,-0.6365,HOLDING
2019-05-03,3,AEP,XEL,66.778,46.1242,-0.2796,-1,0.6738,-0.5,0.1738,HOLDING
2019-05-06,3,AEP,XEL,66.309,46.0672,-1.757,-1,2.1609,-0.5,1.6609,HOLDING
2019-05-07,3,AEP,XEL,66.1526,46.1242,-2.3092,-1,3.082,-0.5,2.582,HOLDING
2019-05-08,3,AEP,XEL,65.4491,45.5536,-1.9031,-1,2.6012,-0.5,2.1012,HOLDING
2019-05-09,3,AEP,XEL,65.2994,45.7003,-2.4863,-1,3.9981,-0.5,3.4981,HOLDING
2019-05-10,3,AEP,XEL,66.7099,46.6378,-1.9528,-1,3.807,-0.5,3.307,HOLDING
2019-05-13,3,AEP,XEL,68.0337,47.1025,-0.3606,-1,1.3065,-0.5,0.8065,HOLDING
2019-05-14,3,AEP,XEL,67.4191,46.7193,-0.4758,-1,1.5316,-0.5,1.0316,HOLDING
2019-05-15,3,AEP,XEL,67.0172,46.646,-1.0797,-1,2.669,-0.5,2.169,HOLDING
2019-05-16,3,AEP,XEL,67.293,47.0617,-1.616,-1,3.931,-0.5,3.431,HOLDING
2019-05-17,3,AEP,XEL,67.6476,47.453,-1.7968,-1,4.7529,-0.5,4.2529,HOLDING
2019-05-20,3,AEP,XEL,68.2386,47.5998,-0.9047,-1,3.2972,-0.5,2.7972,HOLDING
2019-05-21,3,AEP,XEL,68.2464,47.347,-0.0857,-1,1.8542,-0.5,1.3542,HOLDING
2019-05-22,3,AEP,XEL,68.7823,47.6976,0.0396,-1,1.7502,-0.5,1.2502,HOLDING
2019-05-23,3,AEP,XEL,69.4836,48.1704,0.1406,-1,1.6926,-0.5,1.1926,HOLDING
2019-05-24,3,AEP,XEL,69.5702,48.0889,0.6517,-1,0.9032,-0.5,0.4032,HOLDING
2019-05-28,3,AEP,XEL,68.2937,47.3063,0.384,-1,1.4443,-0.5,0.9443,HOLDING
2019-05-29,3,AEP,XEL,67.5215,46.6297,0.9476,-1,0.6357,-0.5,0.1357,HOLDING
2019-05-30,3,AEP,XEL,67.2142,46.7601,-0.2476,-1,2.5484,-0.5,2.0484,HOLDING
2019-05-31,3,AEP,XEL,67.8604,46.7438,1.7414,-1,-0.0312,-0.5,-0.5312,HOLDING
2019-06-03,3,AEP,XEL,68.8453,47.2411,2.1833,-1,-1.0444,-0.5,-1.5444,HOLDING
2019-06-04,3,AEP,XEL,68.5931,47.1025,1.7708,-1,-0.8481,-0.5,-1.3481,HOLDING
2019-06-05,3,AEP,XEL,70.4212,48.3579,1.5543,-1,-0.8704,-0.5,-1.3704,HOLDING
2019-06-06,3,AEP,XEL,70.9177,48.7492,1.2514,-1,-0.5948,-0.5,-1.0948,HOLDING
2019-06-07,3,AEP,XEL,70.5552,48.4476,1.2835,-1,-0.8849,-0.5,-1.3849,HOLDING
2019-06-10,3,AEP,XEL,70.1454,48.309,0.7598,-1,-0.0816,-0.5,-0.5816,HOLDING
2019-06-11,3,AEP,XEL,69.5939,47.8443,0.9557,-1,-0.555,-0.5,-1.055,HOLDING
2019-06-12,3,AEP,XEL,70.437,48.5209,0.6017,-1,-0.0196,-0.5,-0.5196,HOLDING
2019-06-13,3,AEP,XEL,70.5946,48.7959,0.0361,-1,0.9107,-0.5,0.4107,HOLDING
2019-06-14,3,AEP,XEL,71.3747,49.272,0.1471,-1,0.5676,-0.5,0.0676,HOLDING
2019-06-17,3,AEP,XEL,70.9807,49.1488,-0.5957,-1,1.3966,-0.5,0.8966,HOLDING
2019-06-18,3,AEP,XEL,70.7443,49.313,-2.0474,-1,3.2247,-0.5,2.7247,HOLDING
2019-06-19,3,AEP,XEL,71.5953,49.9122,-1.8703,-1,3.2968,-0.5,2.7968,HOLDING
2019-06-20,3,AEP,XEL,71.6032,50.3226,-2.6584,-1,5.5607,-0.5,5.0607,HOLDING
2019-06-21,3,AEP,XEL,72.139,50.5114,-1.8144,-1,4.5524,-0.5,4.0524,HOLDING
2019-06-24,3,AEP,XEL,71.6268,50.2897,-1.879,-1,5.2861,-0.5,4.7861,HOLDING
2019-06-25,3,AEP,XEL,71.2092,50.0599,-1.7709,-1,5.6096,-0.5,5.1096,HOLDING
2019-06-26,3,AEP,XEL,69.7357,48.7959,-1.1092,-1,4.2182,-0.5,3.7182,HOLDING
2019-06-27,3,AEP,XEL,69.2629,48.6564,-1.4231,-1,5.2589,-0.5,4.7589,HOLDING
2019-06-28,3,AEP,XEL,69.3496,48.8287,-1.4746,-1,5.8887,-0.5,5.3887,HOLDING
2019-07-01,3,AEP,XEL,69.4441,48.7795,-1.1156,-1,5.2493,-0.5,4.7493,HOLDING
2019-07-02,3,AEP,XEL,70.2794,49.3705,-1.0205,-1,5.3362,-0.5,4.8362,HOLDING
2019-07-03,3,AEP,XEL,71.028,49.8301,-0.7983,-1,5.0229,-0.5,4.5229,HOLDING
2019-07-05,3,AEP,XEL,70.7916,49.8137,-1.0237,-1,5.8414,-0.5,5.3414,HOLDING
2019-07-08,3,AEP,XEL,70.8625,49.945,-1.1143,-1,6.3024,-0.5,5.8024,HOLDING
2019-07-09,3,AEP,XEL,71.2013,49.9778,-0.5602,-1,5.1811,-0.5,4.6811,HOLDING
2019-07-10,3,AEP,XEL,71.5559,50.2077,-0.4368,-1,5.1004,-0.5,4.6004,HOLDING
2019-07-11,3,AEP,XEL,71.6505,50.2241,-0.2022,-1,4.828,-0.5,4.328,HOLDING
2019-07-12,3,AEP,XEL,71.1147,49.904,-0.2979,-1,5.102,-0.5,4.602,HOLDING
2019-07-15,3,AEP,XEL,71.8553,50.2159,0.7604,-1,3.9931,-0.5,3.4931,HOLDING
2019-07-16,3,AEP,XEL,71.3195,50.0681,-0.2383,-1,5.2307,-0.5,4.7307,HOLDING
2019-07-17,3,AEP,XEL,71.7214,50.2979,0.2525,-1,4.9678,-0.5,4.4678,HOLDING
2019-07-18,3,AEP,XEL,72.3045,50.8315,-0.6852,-1,5.7047,-0.5,5.2047,HOLDING
2019-07-19,3,AEP,XEL,71.1383,49.8793,0.5586,-1,4.8733,-0.5,4.3733,HOLDING
2019-07-22,3,AEP,XEL,71.0122,49.8301,0.2355,-1,5.0835,-0.5,4.5835,HOLDING
2019-07-23,3,AEP,XEL,70.5316,49.5839,-0.6655,-1,5.5581,-0.5,5.0581,HOLDING
2019-07-24,3,AEP,XEL,70.6104,49.6249,-0.5285,-1,5.484,-0.5,4.984,HOLDING
2019-07-25,3,AEP,XEL,70.1927,49.4033,-1.1749,-1,5.8535,-0.5,5.3535,HOLDING
2019-07-26,3,AEP,XEL,70.0903,49.6659,-3.1061,-1,7.7162,-0.5,7.2162,HOLDING
2019-07-29,3,AEP,XEL,70.7128,50.0517,-2.2508,-1,7.4755,-0.5,6.9755,HOLDING
2019-07-30,3,AEP,XEL,69.9091,49.7316,-2.7596,-1,8.7812,-0.5,8.2812,HOLDING
2019-07-31,3,AEP,XEL,69.192,48.9272,-1.1993,-1,7.0462,-0.5,6.5462,HOLDING
2019-08-01,3,AEP,XEL,69.98,49.8711,-2.3591,-1,9.2882,-0.5,8.7882,HOLDING
2019-08-02,3,AEP,XEL,69.8933,49.0996,0.3934,-1,5.309,-0.5,4.809,HOLDING
2019-08-05,3,AEP,XEL,69.3575,48.9436,-0.4608,-1,6.5006,-0.5,6.0006,HOLDING
2019-08-06,3,AEP,XEL,70.24,49.6003,-0.5344,-1,6.7727,-0.5,6.2727,HOLDING
2019-08-07,3,AEP,XEL,70.7128,49.8957,-0.3366,-1,6.6037,-0.5,6.1037,HOLDING
2019-08-08,3,AEP,XEL,71.0621,50.5934,-1.7862,-1,9.1584,-0.5,8.6584,HOLDING
2019-08-09,3,AEP,XEL,71.4273,50.7001,-1.1201,-1,8.3486,-0.5,7.8486,HOLDING
2019-08-12,3,AEP,XEL,71.7925,50.5031,0.5691,-1,5.8411,-0.5,5.3411,HOLDING
2019-08-13,3,AEP,XEL,71.6496,50.38,0.6783,-1,5.7031,-0.5,5.2031,HOLDING
2019-08-14,3,AEP,XEL,70.2444,49.8875,-1.1275,-1,8.3616,-0.5,7.8616,HOLDING
2019-08-15,3,AEP,XEL,71.7369,50.5031,0.5861,-1,6.055,-0.5,5.555,HOLDING
2019-08-16,3,AEP,XEL,71.6337,50.7248,-0.4771,-1,7.6913,-0.5,7.1913,HOLDING
2019-08-19,3,AEP,XEL,71.8878,51.012,-0.8247,-1,8.3189,-0.5,7.8189,HOLDING
2019-08-20,3,AEP,XEL,72.0624,51.2172,-1.0542,-1,8.7934,-0.5,8.2934,HOLDING
2019-08-21,3,AEP,XEL,72.5229,51.7097,-1.5568,-1,9.7731,-0.5,9.2731,HOLDING
2019-08-22,3,AEP,XEL,72.2212,51.9395,-2.5908,-1,12.2196,-0.5,11.7196,HOLDING
2019-08-23,3,AEP,XEL,71.1177,51.2583,-2.352,-1,12.661,-0.5,12.161,HOLDING
2019-08-26,3,AEP,XEL,72.1101,52.1529,-2.2787,-1,13.8405,-0.5,13.3405,HOLDING
2019-08-27,3,AEP,XEL,71.983,52.5223,-2.5603,-1,16.3945,-0.5,15.8945,HOLDING
2019-08-28,3,AEP,XEL,71.1573,52.5141,-2.6963,-1,19.5283,-0.5,19.0283,HOLDING
2019-08-29,3,AEP,XEL,72.0227,53.023,-2.0808,-1,19.0404,-0.5,18.5404,HOLDING
2019-08-30,3,AEP,XEL,72.3641,52.7111,-1.2377,-1,15.9822,-0.5,15.4822,HOLDING
2019-09-03,3,AEP,XEL,73.6582,53.7863,-1.2546,-1,17.0094,-0.5,16.5094,HOLDING
2019-09-04,3,AEP,XEL,73.8725,54.0243,-1.214,-1,17.5145,-0.5,17.0145,HOLDING
2019-09-05,3,AEP,XEL,72.6658,53.4744,-1.4286,-1,19.0875,-0.5,18.5875,HOLDING
2019-09-06,3,AEP,XEL,72.3165,53.1871,-1.2499,-1,0.0,17.7511,17.7511,PERIOD_END_EXIT
2019-03-11,4,CPT,MAA,79.2591,83.8124,0.0,0,0.0,0.0,0.0,HOLD_CASH
2019-03-12,4,CPT,MAA,79.702,84.2833,0.0,0,0.0,0.0,0.0,HOLD_CASH
2019-03-13,4,CPT,MAA,79.955,84.3382,0.0,0,0.0,0.0,0.0,HOLD_CASH
2019-03-14,4,CPT,MAA,80.1686,84.9583,0.0,0,0.0,0.0,0.0,HOLD_CASH
2019-03-15,4,CPT,MAA,79.6862,84.5031,0.0,0,0.0,0.0,0.0,HOLD_CASH
2019-03-18,4,CPT,MAA,79.014,83.6554,0.0,0,0.0,0.0,0.0,HOLD_CASH
2019-03-19,4,CPT,MAA,78.8717,83.3336,0.0,0,0.0,0.0,0.0,HOLD_CASH
2019-03-20,4,CPT,MAA,78.3498,83.4985,0.0,0,0.0,0.0,0.0,HOLD_CASH
2019-03-21,4,CPT,MAA,78.9745,84.6129,0.0,0,0.0,0.0,0.0,HOLD_CASH
2019-03-22,4,CPT,MAA,78.927,84.715,0.0,0,0.0,0.0,0.0,HOLD_CASH
2019-03-25,4,CPT,MAA,79.1327,85.1466,0.0,0,0.0,0.0,0.0,HOLD_CASH
2019-03-26,4,CPT,MAA,80.2476,85.7588,0.0,0,0.0,0.0,0.0,HOLD_CASH
2019-03-27,4,CPT,MAA,80.2476,85.3428,0.0,0,0.0,0.0,0.0,HOLD_CASH
2019-03-28,4,CPT,MAA,81.0447,86.0335,0.0,0,0.0,0.0,0.0,HOLD_CASH
2019-03-29,4,CPT,MAA,80.9012,85.8059,0.0,0,0.0,0.0,0.0,HOLD_CASH
2019-04-01,4,CPT,MAA,80.6222,85.4135,0.0,0,0.0,0.0,0.0,HOLD_CASH
2019-04-02,4,CPT,MAA,81.4113,86.2846,0.0,0,0.0,0.0,0.0,HOLD_CASH
2019-04-03,4,CPT,MAA,81.2599,86.2533,0.0,0,0.0,0.0,0.0,HOLD_CASH
2019-04-04,4,CPT,MAA,81.1244,85.8373,0.0,0,0.0,0.0,0.0,HOLD_CASH
2019-04-05,4,CPT,MAA,81.0686,86.2218,-0.2,0,0.0,0.0,0.0,HOLD_CASH
2019-04-08,4,CPT,MAA,81.0686,85.7666,0.778,0,0.0,0.0,0.0,HOLD_CASH
2019-04-09,4,CPT,MAA,80.8932,85.798,0.3455,0,0.0,0.0,0.0,HOLD_CASH
2019-04-10,4,CPT,MAA,81.6983,86.4573,0.8263,0,0.0,0.0,0.0,HOLD_CASH
2019-04-11,4,CPT,MAA,81.6106,86.834,-0.1892,0,0.0,0.0,0.0,HOLD_CASH
2019-04-12,4,CPT,MAA,81.7939,87.214,-0.5497,0,0.0,0.0,0.0,HOLD_CASH
2019-04-15,4,CPT,MAA,81.7381,87.032,-0.2236,0,0.0,0.0,0.0,HOLD_CASH
2019-04-16,4,CPT,MAA,79.6419,84.3798,0.8164,0,0.0,0.0,0.0,HOLD_CASH
2019-04-17,4,CPT,MAA,78.0478,83.0655,-0.125,0,0.0,0.0,0.0,HOLD_CASH
2019-04-18,4,CPT,MAA,78.6137,84.3639,-1.7631,0,0.0,0.0,0.0,HOLD_CASH
2019-04-22,4,CPT,MAA,77.9441,83.2634,-0.9619,0,0.0,0.0,0.0,HOLD_CASH
2019-04-23,4,CPT,MAA,78.9644,84.3718,-1.2835,0,0.0,0.0,0.0,HOLD_CASH
2019-04-24,4,CPT,MAA,79.7056,85.4802,-2.0215,1,0.0,-0.5,-0.5,ENTER_LONG_A
2019-04-25,4,CPT,MAA,79.4585,85.496,-2.2544,1,-0.8214,-0.5,-1.3214,HOLDING
2019-04-26,4,CPT,MAA,80.2397,86.2719,-1.8008,1,-0.6405,-0.5,-1.1405,HOLDING
2019-04-29,4,CPT,MAA,79.084,85.1556,-1.7787,1,-1.0006,-0.5,-1.5006,HOLDING
2019-04-30,4,CPT,MAA,80.2237,86.6202,-1.9057,1,-1.7093,-0.5,-2.2093,HOLDING
2019-05-01,4,CPT,MAA,80.0165,86.4936,-1.792,1,-1.9889,-0.5,-2.4889,HOLDING
2019-05-02,4,CPT,MAA,79.6897,86.7469,-2.2557,1,-3.7548,-0.5,-4.2548,HOLDING
2019-05-03,4,CPT,MAA,80.3672,86.9686,-1.3741,1,-2.2781,-0.5,-2.7781,HOLDING
2019-05-06,4,CPT,MAA,80.415,86.9528,-1.1519,1,-2.0818,-0.5,-2.5818,HOLDING
2019-05-07,4,CPT,MAA,78.9644,85.4881,-1.1845,1,-2.3481,-0.5,-2.8481,HOLDING
2019-05-08,4,CPT,MAA,78.7093,86.264,-2.221,1,-5.4173,-0.5,-5.9173,HOLDING
2019-05-09,4,CPT,MAA,79.5861,86.8103,-1.5448,1,-4.265,-0.5,-4.765,HOLDING
2019-05-10,4,CPT,MAA,80.4867,87.9028,-1.4991,1,-4.6353,-0.5,-5.1353,HOLDING
2019-05-13,4,CPT,MAA,80.3512,87.9424,-1.5298,1,-5.1761,-0.5,-5.6761,HOLDING
2019-05-14,4,CPT,MAA,80.6621,88.2591,-1.3561,1,-5.1274,-0.5,-5.6274,HOLDING
2019-05-15,4,CPT,MAA,80.949,89.1775,-1.8712,1,-6.9132,-0.5,-7.4132,HOLDING
2019-05-16,4,CPT,MAA,81.3077,89.8583,-1.9453,1,-7.7796,-0.5,-8.2796,HOLDING
2019-05-17,4,CPT,MAA,82.049,91.0855,-2.0162,1,-9.0435,-0.5,-9.5435,HOLDING
2019-05-20,4,CPT,MAA,81.0527,89.9612,-1.7692,1,-8.8805,-0.5,-9.3805,HOLDING
2019-05-21,4,CPT,MAA,81.8577,90.2621,-1.0968,1,-7.2354,-0.5,-7.7354,HOLDING
2019-05-22,4,CPT,MAA,82.2642,90.6104,-0.9078,1,-6.9792,-0.5,-7.4792,HOLDING
2019-05-23,4,CPT,MAA,82.7982,91.0221,-0.6455,1,-6.5083,-0.5,-7.0083,HOLDING
2019-05-24,4,CPT,MAA,83.133,90.9033,-0.0337,1,-5.1109,-0.5,-5.6109,HOLDING
2019-05-28,4,CPT,MAA,82.862,89.6762,1.1406,1,-2.372,-0.5,-2.872,HOLDING
2019-05-29,4,CPT,MAA,81.6345,89.0429,0.3442,1,-4.3696,-0.5,-4.8696,HOLDING
2019-05-30,4,CPT,MAA,81.4591,89.7317,-0.7317,1,-6.9342,-0.5,-7.4342,HOLDING
2019-05-31,4,CPT,MAA,82.3837,90.3967,-0.2079,1,-5.979,-0.5,-6.479,HOLDING
2019-06-03,4,CPT,MAA,82.5272,90.7925,-0.4594,1,-6.6868,-0.5,-7.1868,HOLDING
2019-06-04,4,CPT,MAA,81.7381,89.9929,-0.4848,1,-6.8232,-0.5,-7.3232,HOLDING
2019-06-05,4,CPT,MAA,83.938,92.5501,-0.6288,1,-7.4022,-0.5,-7.9022,HOLDING
2019-06-06,4,CPT,MAA,84.488,93.0568,-0.4148,1,-7.159,-0.5,-7.659,HOLDING
2019-06-07,4,CPT,MAA,84.6553,92.8905,0.2509,1,-6.1477,-0.5,-6.6477,HOLDING
2019-06-10,4,CPT,MAA,84.0735,92.7164,-0.5209,1,-7.4634,-0.5,-7.9634,HOLDING
2019-06-11,4,CPT,MAA,83.9221,92.6847,-0.6964,1,-7.8457,-0.5,-8.3457,HOLDING
2019-06-12,4,CPT,MAA,84.743,93.0014,0.4252,1,-6.1969,-0.5,-6.6969,HOLDING
2019-06-13,4,CPT,MAA,84.7111,93.4526,-0.4745,1,-7.6167,-0.5,-8.1167,HOLDING
2019-06-14,4,CPT,MAA,84.6155,93.2547,-0.3308,1,-7.3379,-0.5,-7.8379,HOLDING
2019-06-17,4,CPT,MAA,85.6357,94.0623,0.184,1,-6.4996,-0.5,-6.9996,HOLDING
2019-06-18,4,CPT,MAA,85.0299,93.2547,0.3972,1,-6.0379,-0.5,-6.5379,HOLDING
2019-06-19,4,CPT,MAA,85.3169,94.371,-1.3171,1,-8.4026,-0.5,-8.9026,HOLDING
2019-06-20,4,CPT,MAA,85.819,94.9886,-1.3371,1,-8.6337,-0.5,-9.1337,HOLDING
2019-06-21,4,CPT,MAA,84.6235,94.284,-2.1443,1,-10.323,-0.5,-10.823,HOLDING
2019-06-24,4,CPT,MAA,84.4322,94.0702,-1.8411,1,-10.2978,-0.5,-10.7978,HOLDING
2019-06-25,4,CPT,MAA,84.3365,92.9855,-0.0941,1,-7.4256,-0.5,-7.9256,HOLDING
2019-06-26,4,CPT,MAA,83.109,91.3467,0.681,1,-6.4826,-0.5,-6.9826,HOLDING
2019-06-27,4,CPT,MAA,83.2536,92.0909,-0.6961,1,-8.2056,-0.5,-8.7056,HOLDING
2019-06-28,4,CPT,MAA,83.848,93.231,-1.6259,1,-9.6756,-0.5,-10.1756,HOLDING
2019-07-01,4,CPT,MAA,84.1613,93.8406,-1.8813,1,-10.476,-0.5,-10.976,HOLDING
2019-07-02,4,CPT,MAA,85.5267,95.4398,-1.7518,1,-10.8704,-0.5,-11.3704,HOLDING
2019-07-03,4,CPT,MAA,86.5227,96.2474,-1.0837,1,-10.1082,-0.5,-10.6082,HOLDING
2019-07-05,4,CPT,MAA,86.2898,96.0019,-1.0036,1,-10.1209,-0.5,-10.6209,HOLDING
2019-07-08,4,CPT,MAA,86.9886,96.6986,-0.7797,1,-9.9668,-0.5,-10.4668,HOLDING
2019-07-09,4,CPT,MAA,87.5268,96.9678,-0.1509,1,-9.0661,-0.5,-9.5661,HOLDING
2019-07-10,4,CPT,MAA,88.4585,97.8229,0.1797,1,-8.6443,-0.5,-9.1443,HOLDING
2019-07-11,4,CPT,MAA,87.583,96.5561,0.8051,1,-7.6856,-0.5,-8.1856,HOLDING
2019-07-12,4,CPT,MAA,87.3179,96.3167,0.7014,1,-7.8169,-0.5,-8.3169,HOLDING
2019-07-15,4,CPT,MAA,87.5026,96.5162,0.7219,1,-7.8209,-0.5,-8.3209,HOLDING
2019-07-16,4,CPT,MAA,87.1573,96.612,-0.1252,1,-9.1842,-0.5,-9.6842,HOLDING
2019-07-17,4,CPT,MAA,86.852,96.4284,-0.3656,1,-9.6049,-0.5,-10.1049,HOLDING
2019-07-18,4,CPT,MAA,86.9725,96.9072,-1.0604,1,-10.6273,-0.5,-11.1273,HOLDING
2019-07-19,4,CPT,MAA,85.2215,95.0001,-1.0545,1,-10.5416,-0.5,-11.0416,HOLDING
2019-07-22,4,CPT,MAA,84.8119,94.4814,-0.9167,1,-10.3094,-0.5,-10.8094,HOLDING
2019-07-23,4,CPT,MAA,86.0328,95.0799,0.7137,1,-8.2304,-0.5,-8.7304,HOLDING
2019-07-24,4,CPT,MAA,85.9765,94.7128,1.3832,1,-7.3332,-0.5,-7.8332,HOLDING
2019-07-25,4,CPT,MAA,86.4344,94.6649,2.3856,1,-5.7572,-0.5,-6.2572,HOLDING
2019-07-26,4,CPT,MAA,85.0689,94.7527,-0.8536,1,-10.2967,-0.5,-10.7967,HOLDING
2019-07-29,4,CPT,MAA,85.3179,95.1038,-0.9616,1,-10.5427,-0.5,-11.0427,HOLDING
2019-07-30,4,CPT,MAA,85.2135,95.1357,-1.2288,1,-10.9635,-0.5,-11.4635,HOLDING
2019-07-31,4,CPT,MAA,83.3018,94.0345,-2.6139,1,-13.7388,-0.5,-14.2388,HOLDING
2019-08-01,4,CPT,MAA,83.2054,96.3487,-3.5119,1,-20.8092,-0.5,-21.3092,HOLDING
2019-08-02,4,CPT,MAA,83.4866,97.027,-2.7637,1,-21.9113,-0.5,-22.4113,HOLDING
2019-08-05,4,CPT,MAA,81.7195,93.7871,-1.682,1,-17.9784,-0.5,-18.4784,HOLDING
2019-08-06,4,CPT,MAA,83.3179,96.1731,-1.7474,1,-19.9431,-0.5,-20.4431,HOLDING
2019-08-07,4,CPT,MAA,83.4705,96.995,-1.8118,1,-21.8683,-0.5,-22.3683,HOLDING
2019-08-08,4,CPT,MAA,84.5388,98.2159,-1.5811,1,-22.0883,-0.5,-22.5883,HOLDING
2019-08-09,4,CPT,MAA,84.9645,98.7745,-1.4326,1,-22.3867,-0.5,-22.8867,HOLDING
2019-08-12,4,CPT,MAA,84.8119,99.1416,-1.4965,1,-23.939,-0.5,-24.439,HOLDING
2019-08-13,4,CPT,MAA,84.7316,99.1656,-1.3805,1,-24.2609,-0.5,-24.7609,HOLDING
2019-08-14,4,CPT,MAA,82.7476,97.8649,-1.6074,1,-26.6796,-0.5,-27.1796,HOLDING
2019-08-15,4,CPT,MAA,84.3942,98.575,-0.992,1,-23.592,-0.5,-24.092,HOLDING
2019-08-16,4,CPT,MAA,85.2858,99.1177,-0.7101,1,-22.3826,-0.5,-22.8826,HOLDING
2019-08-19,4,CPT,MAA,86.0328,100.8094,-0.9467,1,-24.9873,-0.5,-25.4873,HOLDING
2019-08-20,4,CPT,MAA,85.8882,100.0114,-0.6128,1,-23.107,-0.5,-23.607,HOLDING
2019-08-21,4,CPT,MAA,86.4183,100.3785,-0.428,1,-22.5178,-0.5,-23.0178,HOLDING
2019-08-22,4,CPT,MAA,86.5308,101.2962,-0.759,1,-24.8489,-0.5,-25.3489,HOLDING
2019-08-23,4,CPT,MAA,85.4384,99.6044,-0.4508,1,-23.3276,-0.5,-23.8276,HOLDING
2019-08-26,4,CPT,MAA,86.1854,100.5939,-0.4581,1,-23.8784,-0.5,-24.3784,HOLDING
2019-08-27,4,CPT,MAA,86.1934,99.8678,0.3507,1,-21.7296,-0.5,-22.2296,HOLDING
2019-08-28,4,CPT,MAA,86.7235,100.8972,0.1036,1,-23.0774,-0.5,-23.5774,HOLDING
2019-08-29,4,CPT,MAA,86.9886,101.2643,0.054,1,-23.3196,-0.5,-23.8196,HOLDING
2019-08-30,4,CPT,MAA,86.9485,101.0887,0.2665,1,-22.9321,-0.5,-23.4321,HOLDING
2019-09-03,4,CPT,MAA,87.4384,102.0462,-0.2679,1,-24.1958,-0.5,-24.6958,HOLDING
2019-09-04,4,CPT,MAA,88.3219,102.5809,0.8266,1,-22.9884,-0.5,-23.4884,HOLDING
2019-09-05,4,CPT,MAA,87.9525,102.4213,0.2782,1,-23.6805,-0.5,-24.1805,HOLDING
2019-09-06,4,CPT,MAA,89.1171,102.7964,2.0492,1,0.0,-22.2046,-22.2046,PERIOD_END_EXIT
2019-03-11,5,ETR,NEE,36.5296,39.8767,0.0,0,0.0,0.0,0.0,HOLD_CASH
2019-03-12,5,ETR,NEE,36.8911,40.1692,0.0,0,0.0,0.0,0.0,HOLD_CASH
2019-03-13,5,ETR,NEE,36.9378,40.1861,0.0,0,0.0,0.0,0.0,HOLD_CASH
2019-03-14,5,ETR,NEE,36.9106,40.1881,0.0,0,0.0,0.0,0.0,HOLD_CASH
2019-03-15,5,ETR,NEE,36.8017,40.2429,0.0,0,0.0,0.0,0.0,HOLD_CASH
2019-03-18,5,ETR,NEE,36.7356,40.165,0.0,0,0.0,0.0,0.0,HOLD_CASH
2019-03-19,5,ETR,NEE,36.2263,39.6663,0.0,0,0.0,0.0,0.0,HOLD_CASH
2019-03-20,5,ETR,NEE,36.3779,39.9546,0.0,0,0.0,0.0,0.0,HOLD_CASH
2019-03-21,5,ETR,NEE,36.9145,40.3839,0.0,0,0.0,0.0,0.0,HOLD_CASH
2019-03-22,5,ETR,NEE,37.3693,40.8089,0.0,0,0.0,0.0,0.0,HOLD_CASH
2019-03-25,5,ETR,NEE,37.2527,40.7416,0.0,0,0.0,0.0,0.0,HOLD_CASH
2019-03-26,5,ETR,NEE,37.5209,41.0341,0.0,0,0.0,0.0,0.0,HOLD_CASH
2019-03-27,5,ETR,NEE,37.3071,40.8068,0.0,0,0.0,0.0,0.0,HOLD_CASH
2019-03-28,5,ETR,NEE,36.9572,40.386,0.0,0,0.0,0.0,0.0,HOLD_CASH
2019-03-29,5,ETR,NEE,37.1788,40.6806,0.0,0,0.0,0.0,0.0,HOLD_CASH
2019-04-01,5,ETR,NEE,36.6851,40.085,0.0,0,0.0,0.0,0.0,HOLD_CASH
2019-04-02,5,ETR,NEE,36.5957,39.8725,0.0,0,0.0,0.0,0.0,HOLD_CASH
2019-04-03,5,ETR,NEE,36.5645,39.8367,0.0,0,0.0,0.0,0.0,HOLD_CASH
2019-04-04,5,ETR,NEE,36.3935,39.6452,0.0,0,0.0,0.0,0.0,HOLD_CASH
2019-04-05,5,ETR,NEE,36.7278,39.9988,1.1301,0,0.0,0.0,0.0,HOLD_CASH
2019-04-08,5,ETR,NEE,36.6773,39.6957,2.7019,-1,0.0,-0.5,-0.5,ENTER_SHORT_A
2019-04-09,5,ETR,NEE,36.8212,39.9209,1.8984,-1,0.4376,-0.5,-0.0624,HOLDING
2019-04-10,5,ETR,NEE,36.7745,39.6915,2.5292,-1,-0.689,-0.5,-1.189,HOLDING
2019-04-11,5,ETR,NEE,36.9417,39.9903,1.6347,-1,0.0534,-0.5,-0.4466,HOLDING
2019-04-12,5,ETR,NEE,37.0272,40.1608,1.0921,-1,0.544,-0.5,0.044,HOLDING
2019-04-15,5,ETR,NEE,36.9533,40.226,0.2728,-1,1.4582,-0.5,0.9582,HOLDING
2019-04-16,5,ETR,NEE,36.308,39.8809,-1.5651,-1,3.6838,-0.5,3.1838,HOLDING
2019-04-17,5,ETR,NEE,36.1175,39.9083,-2.4131,-1,5.1544,-0.5,4.6544,HOLDING
2019-04-18,5,ETR,NEE,36.3352,39.8473,-0.9967,-1,3.2863,-0.5,2.7863,HOLDING
2019-04-22,5,ETR,NEE,36.4052,40.0619,-1.4545,-1,4.1609,-0.5,3.6609,HOLDING
2019-04-23,5,ETR,NEE,36.6617,39.9377,0.22,-1,1.6302,-0.5,1.1302,HOLDING
2019-04-24,5,ETR,NEE,36.7939,39.9946,0.5354,-1,1.0869,-0.5,0.5869,HOLDING
2019-04-25,5,ETR,NEE,37.0155,40.0829,1.0643,-1,0.1331,-0.5,-0.3669,HOLDING
2019-04-26,5,ETR,NEE,36.9844,40.3418,-0.1488,-1,1.9751,-0.5,1.4751,HOLDING
2019-04-29,5,ETR,NEE,36.9339,40.3544,-0.4416,-1,2.3992,-0.5,1.8992,HOLDING
2019-04-30,5,ETR,NEE,37.6726,40.9162,0.5022,-1,0.9027,-0.5,0.4027,HOLDING
2019-05-01,5,ETR,NEE,37.2799,40.67,-0.2253,-1,2.0286,-0.5,1.5286,HOLDING
2019-05-02,5,ETR,NEE,37.4082,40.3439,1.4952,-1,-0.9,-0.5,-1.4,HOLDING
2019-05-03,5,ETR,NEE,37.5676,40.4891,1.4268,-1,-1.0721,-0.5,-1.5721,HOLDING
2019-05-06,5,ETR,NEE,37.4043,40.1713,1.6892,-1,-1.9603,-0.5,-2.4603,HOLDING
2019-05-07,5,ETR,NEE,37.5209,39.9293,2.3608,-1,-4.2793,-0.5,-4.7793,HOLDING
2019-05-08,5,ETR,NEE,36.9833,39.5358,1.6357,-1,-3.0927,-0.5,-3.5927,HOLDING
2019-05-09,5,ETR,NEE,37.0146,39.6894,1.2425,-1,-2.3392,-0.5,-2.8392,HOLDING
2019-05-10,5,ETR,NEE,37.8075,40.3523,1.532,-1,-3.5685,-0.5,-4.0685,HOLDING
2019-05-13,5,ETR,NEE,38.2549,41.0194,1.0104,-1,-2.4171,-0.5,-2.9171,HOLDING
2019-05-14,5,ETR,NEE,37.8702,41.013,0.0739,-1,0.1648,-0.5,-0.3352,HOLDING
2019-05-15,5,ETR,NEE,37.7918,41.0046,-0.1616,-1,0.6468,-0.5,0.1468,HOLDING
2019-05-16,5,ETR,NEE,38.0351,41.4781,-0.7833,-1,1.9701,-0.5,1.4701,HOLDING
2019-05-17,5,ETR,NEE,38.4197,41.8716,-0.7801,-1,1.8267,-0.5,1.3267,HOLDING
2019-05-20,5,ETR,NEE,38.4433,41.9495,-1.0371,-1,2.1565,-0.5,1.6565,HOLDING
2019-05-21,5,ETR,NEE,38.3373,41.8548,-1.0694,-1,2.2824,-0.5,1.7824,HOLDING
2019-05-22,5,ETR,NEE,38.6552,42.4924,-1.674,-1,4.1311,-0.5,3.6311,HOLDING
2019-05-23,5,ETR,NEE,38.9927,42.8291,-1.4229,-1,3.9509,-0.5,3.4509,HOLDING
2019-05-24,5,ETR,NEE,38.8514,42.7954,-1.5681,-1,4.7019,-0.5,4.2019,HOLDING
2019-05-28,5,ETR,NEE,38.0429,42.3324,-2.1551,-1,7.2972,-0.5,6.7972,HOLDING
2019-05-29,5,ETR,NEE,37.5445,41.8169,-1.903,-1,7.4478,-0.5,6.9478,HOLDING
2019-05-30,5,ETR,NEE,37.7407,41.8632,-1.4437,-1,6.4018,-0.5,5.9018,HOLDING
2019-05-31,5,ETR,NEE,38.0979,41.9733,-0.8727,-1,4.6608,-0.5,4.1608,HOLDING
2019-06-03,5,ETR,NEE,38.4707,42.2634,-0.6064,-1,3.9465,-0.5,3.4465,HOLDING
2019-06-04,5,ETR,NEE,38.2431,42.2211,-0.8628,-1,5.2314,-0.5,4.7314,HOLDING
2019-06-05,5,ETR,NEE,39.342,43.337,-0.6304,-1,4.7692,-0.5,4.2692,HOLDING
2019-06-06,5,ETR,NEE,39.6325,43.5721,-0.4038,-1,4.2698,-0.5,3.7698,HOLDING
2019-06-07,5,ETR,NEE,39.4833,43.282,-0.075,-1,3.4593,-0.5,2.9593,HOLDING
2019-06-10,5,ETR,NEE,39.189,43.0766,-0.2265,-1,4.1721,-0.5,3.6721,HOLDING
2019-06-11,5,ETR,NEE,39.0516,42.7695,0.3499,-1,3.1746,-0.5,2.6746,HOLDING
2019-06-12,5,ETR,NEE,39.762,43.3159,1.1754,-1,1.7733,-0.5,1.2733,HOLDING
2019-06-13,5,ETR,NEE,39.6482,43.3625,0.7247,-1,2.8426,-0.5,2.3426,HOLDING
2019-06-14,5,ETR,NEE,40.0485,43.8262,0.6782,-1,3.0345,-0.5,2.5345,HOLDING
2019-06-17,5,ETR,NEE,39.9386,43.7013,0.753,-1,2.9966,-0.5,2.4966,HOLDING
2019-06-18,5,ETR,NEE,39.7581,43.5001,0.8072,-1,2.9603,-0.5,2.4603,HOLDING
2019-06-19,5,ETR,NEE,40.2212,43.6738,1.8958,-1,0.8971,-0.5,0.3971,HOLDING
2019-06-20,5,ETR,NEE,40.598,43.7034,2.4951,-1,-1.4843,-0.5,-1.9843,HOLDING
2019-06-21,5,ETR,NEE,40.9198,43.9511,2.2407,-1,-2.1176,-0.5,-2.6176,HOLDING
2019-06-24,5,ETR,NEE,40.6961,44.0888,1.1853,-1,0.2741,-0.5,-0.2259,HOLDING
2019-06-25,5,ETR,NEE,40.5195,43.6695,1.5642,-1,-1.1626,-0.5,-1.6626,HOLDING
2019-06-26,5,ETR,NEE,39.7228,43.0025,1.0269,-1,0.067,-0.5,-0.433,HOLDING
2019-06-27,5,ETR,NEE,39.8994,43.3159,0.6356,-1,0.837,-0.5,0.337,HOLDING
2019-06-28,5,ETR,NEE,40.3978,43.3815,1.7133,-1,-2.1471,-0.5,-2.6471,HOLDING
2019-07-01,5,ETR,NEE,40.0328,43.2036,1.031,-1,-0.7795,-0.5,-1.2795,HOLDING
2019-07-02,5,ETR,NEE,40.6961,43.9745,0.808,-1,-0.446,-0.5,-0.946,HOLDING
2019-07-03,5,ETR,NEE,41.0297,44.201,1.0768,-1,-1.293,-0.5,-1.793,HOLDING
2019-07-05,5,ETR,NEE,40.9512,44.0697,1.1069,-1,-1.5848,-0.5,-2.0848,HOLDING
2019-07-08,5,ETR,NEE,40.963,44.2857,0.4418,-1,-0.3047,-0.5,-0.8047,HOLDING
2019-07-09,5,ETR,NEE,40.912,44.0803,0.8275,-1,-1.2506,-0.5,-1.7506,HOLDING
2019-07-10,5,ETR,NEE,41.0807,44.3599,0.4315,-1,-0.6405,-0.5,-1.1405,HOLDING
2019-07-11,5,ETR,NEE,40.9944,44.5547,-0.6039,-1,1.175,-0.5,0.675,HOLDING
2019-07-12,5,ETR,NEE,40.7667,44.201,-0.3158,-1,0.4995,-0.5,-0.0005,HOLDING
2019-07-15,5,ETR,NEE,41.1474,44.2264,1.0916,-1,-1.9355,-0.5,-2.4355,HOLDING
2019-07-16,5,ETR,NEE,41.1631,44.021,1.8842,-1,-3.3361,-0.5,-3.8361,HOLDING
2019-07-17,5,ETR,NEE,41.4222,44.4509,1.2268,-1,-2.3945,-0.5,-2.8945,HOLDING
2019-07-18,5,ETR,NEE,41.8971,44.9697,1.0787,-1,-2.364,-0.5,-2.864,HOLDING
2019-07-19,5,ETR,NEE,41.4457,44.4128,1.3381,-1,-2.7949,-0.5,-3.2949,HOLDING
2019-07-22,5,ETR,NEE,41.3672,44.3344,1.2521,-1,-2.7535,-0.5,-3.2535,HOLDING
2019-07-23,5,ETR,NEE,41.1553,43.8982,1.9378,-1,-4.0561,-0.5,-4.5561,HOLDING
2019-07-24,5,ETR,NEE,41.0768,44.4827,-0.9829,-1,0.1598,-0.5,-0.3402,HOLDING
2019-07-25,5,ETR,NEE,40.8256,43.9681,0.0275,-1,-1.3689,-0.5,-1.8689,HOLDING
2019-07-26,5,ETR,NEE,40.6961,44.2942,-1.9413,-1,1.5678,-0.5,1.0678,HOLDING
2019-07-29,5,ETR,NEE,41.1867,44.7622,-1.4696,-1,1.1712,-0.5,0.6712,HOLDING
2019-07-30,5,ETR,NEE,40.7707,44.3408,-1.4365,-1,1.3529,-0.5,0.8529,HOLDING
2019-07-31,5,ETR,NEE,41.4536,43.8707,2.4444,-1,-6.2628,-0.5,-6.7628,HOLDING
2019-08-01,5,ETR,NEE,41.9795,44.525,1.8339,-1,-5.7265,-0.5,-6.2265,HOLDING
2019-08-02,5,ETR,NEE,41.8853,44.7686,0.8164,-1,-3.5507,-0.5,-4.0507,HOLDING
2019-08-05,5,ETR,NEE,41.1749,44.057,0.6197,-1,-3.1897,-0.5,-3.6897,HOLDING
2019-08-06,5,ETR,NEE,41.8186,44.7664,0.5205,-1,-3.1092,-0.5,-3.6092,HOLDING
2019-08-07,5,ETR,NEE,41.9294,45.0777,-0.0261,-1,-1.9044,-0.5,-2.4044,HOLDING
2019-08-08,5,ETR,NEE,42.3728,45.5754,-0.1542,-1,-1.7923,-0.5,-2.2923,HOLDING
2019-08-09,5,ETR,NEE,42.5272,45.8422,-0.4921,-1,-1.1642,-0.5,-1.6642,HOLDING
2019-08-12,5,ETR,NEE,42.6499,45.6241,0.4942,-1,-3.3744,-0.5,-3.8744,HOLDING
2019-08-13,5,ETR,NEE,42.6816,45.6601,0.4908,-1,-3.3634,-0.5,-3.8634,HOLDING
2019-08-14,5,ETR,NEE,42.357,45.5203,-0.1061,-1,-2.0311,-0.5,-2.5311,HOLDING
2019-08-15,5,ETR,NEE,43.1487,45.9841,0.9359,-1,-4.5069,-0.5,-5.0069,HOLDING
2019-08-16,5,ETR,NEE,43.2239,46.0645,0.8812,-1,-4.5128,-0.5,-5.0128,HOLDING
2019-08-19,5,ETR,NEE,43.4614,46.3674,0.7068,-1,-4.2246,-0.5,-4.7246,HOLDING
2019-08-20,5,ETR,NEE,43.6277,46.4034,1.0523,-1,-5.1312,-0.5,-5.6312,HOLDING
2019-08-21,5,ETR,NEE,44.2056,46.8544,1.3322,-1,-6.2299,-0.5,-6.7299,HOLDING
2019-08-22,5,ETR,NEE,44.0631,46.9306,0.673,-1,-4.7785,-0.5,-5.2785,HOLDING
2019-08-23,5,ETR,NEE,43.4812,46.9899,-1.2247,-1,-0.4386,-0.5,-0.9386,HOLDING
2019-08-26,5,ETR,NEE,44.1541,47.3542,-0.3513,-1,-2.7317,-0.5,-3.2317,HOLDING
2019-08-27,5,ETR,NEE,44.3758,47.4368,0.0024,-1,-3.7227,-0.5,-4.2227,HOLDING
2019-08-28,5,ETR,NEE,44.4629,47.1024,1.6485,-1,-6.4218,-0.5,-6.9218,HOLDING
2019-08-29,5,ETR,NEE,44.74,47.0875,2.4137,-1,-8.4045,-0.5,-8.9045,HOLDING
2019-08-30,5,ETR,NEE,44.6688,46.6531,2.6765,-1,-10.6547,-0.5,-11.1547,HOLDING
2019-09-03,5,ETR,NEE,45.5951,48.033,1.4343,-1,-8.2781,-0.5,-8.7781,HOLDING
2019-09-04,5,ETR,NEE,45.7495,47.7264,2.111,-1,-11.2617,-0.5,-11.7617,HOLDING
2019-09-05,5,ETR,NEE,45.3259,46.8085,2.4536,-1,-14.1549,-0.5,-14.6549,HOLDING
2019-09-06,5,ETR,NEE,44.9498,46.8788,1.4414,-1,0.0,-12.2504,-12.2504,PERIOD_END_EXIT
2019-03-11,6,DUK,PNW,68.3325,70.8679,0.0,0,0.0,0.0,0.0,HOLD_CASH
2019-03-12,6,DUK,PNW,68.446,71.4853,0.0,0,0.0,0.0,0.0,HOLD_CASH
2019-03-13,6,DUK,PNW,68.4838,71.8166,0.0,0,0.0,0.0,0.0,HOLD_CASH
2019-03-14,6,DUK,PNW,68.3325,71.6434,0.0,0,0.0,0.0,0.0,HOLD_CASH
2019-03-15,6,DUK,PNW,68.5518,72.3964,0.0,0,0.0,0.0,0.0,HOLD_CASH
2019-03-18,6,DUK,PNW,68.1057,71.7413,0.0,0,0.0,0.0,0.0,HOLD_CASH
2019-03-19,6,DUK,PNW,67.3948,71.026,0.0,0,0.0,0.0,0.0,HOLD_CASH
2019-03-20,6,DUK,PNW,67.5914,71.3272,0.0,0,0.0,0.0,0.0,HOLD_CASH
2019-03-21,6,DUK,PNW,67.9922,72.1555,0.0,0,0.0,0.0,0.0,HOLD_CASH
2019-03-22,6,DUK,PNW,68.5897,72.8256,0.0,0,0.0,0.0,0.0,HOLD_CASH
2019-03-25,6,DUK,PNW,68.6426,72.6374,0.0,0,0.0,0.0,0.0,HOLD_CASH
2019-03-26,6,DUK,PNW,69.2173,72.9159,0.0,0,0.0,0.0,0.0,HOLD_CASH
2019-03-27,6,DUK,PNW,68.4233,72.6223,0.0,0,0.0,0.0,0.0,HOLD_CASH
2019-03-28,6,DUK,PNW,67.5914,71.5907,0.0,0,0.0,0.0,0.0,HOLD_CASH
2019-03-29,6,DUK,PNW,68.0603,71.9672,0.0,0,0.0,0.0,0.0,HOLD_CASH
2019-04-01,6,DUK,PNW,67.5158,71.4402,0.0,0,0.0,0.0,0.0,HOLD_CASH
2019-04-02,6,DUK,PNW,67.4024,71.1766,0.0,0,0.0,0.0,0.0,HOLD_CASH
2019-04-03,6,DUK,PNW,67.1906,70.8679,0.0,0,0.0,0.0,0.0,HOLD_CASH
2019-04-04,6,DUK,PNW,67.5687,70.5216,0.0,0,0.0,0.0,0.0,HOLD_CASH
2019-04-05,6,DUK,PNW,68.4611,71.2594,1.7381,0,0.0,0.0,0.0,HOLD_CASH
2019-04-08,6,DUK,PNW,68.1435,70.6947,2.2439,-1,0.0,-0.5,-0.5,ENTER_SHORT_A
2019-04-09,6,DUK,PNW,68.2493,70.9884,1.7422,-1,0.65,-0.5,0.15,HOLDING
2019-04-10,6,DUK,PNW,68.0149,70.8679,1.3825,-1,1.0841,-0.5,0.5841,HOLDING
2019-04-11,6,DUK,PNW,68.2569,71.7263,0.246,-1,3.2318,-0.5,2.7318,HOLDING
2019-04-12,6,DUK,PNW,68.4006,71.7639,0.4172,-1,2.8377,-0.5,2.3377,HOLDING
2019-04-15,6,DUK,PNW,68.393,72.1479,-0.3175,-1,4.2234,-0.5,3.7234,HOLDING
2019-04-16,6,DUK,PNW,67.3721,70.9432,-0.0776,-1,3.7085,-0.5,3.2085,HOLDING
2019-04-17,6,DUK,PNW,67.3494,71.0486,-0.3289,-1,4.1645,-0.5,3.6645,HOLDING
2019-04-18,6,DUK,PNW,67.4099,70.8303,0.1523,-1,3.1704,-0.5,2.6704,HOLDING
2019-04-22,6,DUK,PNW,67.0999,70.4613,0.1691,-1,3.0032,-0.5,2.5032,HOLDING
2019-04-23,6,DUK,PNW,67.3117,71.154,-0.8347,-1,4.676,-0.5,4.176,HOLDING
2019-04-24,6,DUK,PNW,67.8183,71.3799,-0.1906,-1,3.616,-0.5,3.116,HOLDING
2019-04-25,6,DUK,PNW,68.4006,71.6359,0.4834,-1,2.3851,-0.5,1.8851,HOLDING
2019-04-26,6,DUK,PNW,68.3023,71.5983,0.2683,-1,2.6125,-0.5,2.1125,HOLDING
2019-04-29,6,DUK,PNW,67.7427,71.0562,0.1002,-1,2.7486,-0.5,2.2486,HOLDING
2019-04-30,6,DUK,PNW,68.9073,72.2992,-0.0264,-1,2.8718,-0.5,2.3718,HOLDING
2019-05-01,6,DUK,PNW,68.3703,71.3961,0.7659,-1,1.6481,-0.5,1.1481,HOLDING
2019-05-02,6,DUK,PNW,67.9166,70.6297,1.3872,-1,0.6021,-0.5,0.1021,HOLDING
2019-05-03,6,DUK,PNW,68.1813,71.4265,0.0624,-1,2.449,-0.5,1.949,HOLDING
2019-05-06,6,DUK,PNW,67.6671,70.9332,0.0088,-1,2.5911,-0.5,2.0911,HOLDING
2019-05-07,6,DUK,PNW,67.5007,70.8421,-0.125,-1,2.8795,-0.5,2.3795,HOLDING
2019-05-08,6,DUK,PNW,66.3966,69.9543,-0.9324,-1,3.7903,-0.5,3.2903,HOLDING
2019-05-09,6,DUK,PNW,65.6631,70.2502,-3.1905,-1,7.528,-0.5,7.028,HOLDING
2019-05-10,6,DUK,PNW,66.5403,71.8818,-3.1455,-1,10.0796,-0.5,9.5796,HOLDING
2019-05-13,6,DUK,PNW,66.5857,73.0884,-3.1859,-1,14.1801,-0.5,13.6801,HOLDING
2019-05-14,6,DUK,PNW,65.7992,72.0791,-2.38,-1,13.4962,-0.5,12.9962,HOLDING
2019-05-15,6,DUK,PNW,65.6328,72.2385,-2.1874,-1,14.6702,-0.5,14.1702,HOLDING
2019-05-16,6,DUK,PNW,65.9218,72.7166,-1.9458,-1,15.3008,-0.5,14.8008,HOLDING
2019-05-17,6,DUK,PNW,66.6556,72.8987,-1.3475,-1,13.2526,-0.5,12.7526,HOLDING
2019-05-20,6,DUK,PNW,66.4721,73.3009,-1.5353,-1,15.3481,-0.5,14.8481,HOLDING
2019-05-21,6,DUK,PNW,66.5639,72.8836,-1.0978,-1,13.5355,-0.5,13.0355,HOLDING
2019-05-22,6,DUK,PNW,67.1219,73.1795,-0.8237,-1,12.5351,-0.5,12.0351,HOLDING
2019-05-23,6,DUK,PNW,67.9551,73.8549,-0.6128,-1,11.8667,-0.5,11.3667,HOLDING
2019-05-24,6,DUK,PNW,67.8863,73.3616,-0.2989,-1,10.3747,-0.5,9.8747,HOLDING
2019-05-28,6,DUK,PNW,66.5944,72.3979,-0.5037,-1,11.7058,-0.5,11.2058,HOLDING
2019-05-29,6,DUK,PNW,65.5931,71.2671,-0.4078,-1,11.3809,-0.5,10.8809,HOLDING
2019-05-30,6,DUK,PNW,65.379,70.5765,-0.0137,-1,9.724,-0.5,9.224,HOLDING
2019-05-31,6,DUK,PNW,65.4402,71.2671,-0.393,-1,11.9418,-0.5,11.4418,HOLDING
2019-06-03,6,DUK,PNW,65.7536,72.3979,-0.9602,-1,14.7907,-0.5,14.2907,HOLDING
2019-06-04,6,DUK,PNW,65.6619,72.2764,-0.8918,-1,14.6978,-0.5,14.1978,HOLDING
2019-06-05,6,DUK,PNW,66.6709,74.2116,-1.6814,-1,17.8394,-0.5,17.3394,HOLDING
2019-06-06,6,DUK,PNW,67.0454,74.9477,-2.0629,-1,19.0685,-0.5,18.5685,HOLDING
2019-06-07,6,DUK,PNW,66.5333,74.1281,-1.6429,-1,18.049,-0.5,17.549,HOLDING
2019-06-10,6,DUK,PNW,65.96,73.817,-1.8235,-1,19.0519,-0.5,18.5519,HOLDING
2019-06-11,6,DUK,PNW,65.4631,73.1492,-1.494,-1,18.5132,-0.5,18.0132,HOLDING
2019-06-12,6,DUK,PNW,66.2352,73.2251,-0.509,-1,15.9491,-0.5,15.4491,HOLDING
2019-06-13,6,DUK,PNW,66.3269,73.3616,-0.5257,-1,16.0956,-0.5,15.5956,HOLDING
2019-06-14,6,DUK,PNW,67.1677,73.9764,-0.1627,-1,15.1846,-0.5,14.6846,HOLDING
2019-06-17,6,DUK,PNW,67.2289,73.6273,0.3357,-1,13.7258,-0.5,13.2258,HOLDING
2019-06-18,6,DUK,PNW,66.6862,73.4831,-0.2045,-1,15.207,-0.5,14.707,HOLDING
2019-06-19,6,DUK,PNW,66.9996,74.3254,-0.7257,-1,17.0361,-0.5,16.5361,HOLDING
2019-06-20,6,DUK,PNW,67.7104,74.7959,-0.3066,-1,16.092,-0.5,15.592,HOLDING
2019-06-21,6,DUK,PNW,68.4366,74.0826,1.4185,-1,10.9051,-0.5,10.4051,HOLDING
2019-06-24,6,DUK,PNW,68.7271,73.5969,2.142,-1,8.1219,-0.5,7.6219,HOLDING
2019-06-25,6,DUK,PNW,68.8876,73.3389,2.2103,-1,6.6206,-0.5,6.1206,HOLDING
2019-06-26,6,DUK,PNW,67.2518,71.6997,1.8691,-1,6.8251,-0.5,6.3251,HOLDING
2019-06-27,6,DUK,PNW,67.6875,71.1381,2.3303,-1,3.2408,-0.5,2.7408,HOLDING
2019-06-28,6,DUK,PNW,67.4505,71.4037,1.7047,-1,5.0493,-0.5,4.5493,HOLDING
2019-07-01,6,DUK,PNW,67.2747,71.2747,1.4728,-1,5.2382,-0.5,4.7382,HOLDING
2019-07-02,6,DUK,PNW,68.1385,72.0867,1.3734,-1,4.9408,-0.5,4.4408,HOLDING
2019-07-03,6,DUK,PNW,68.8723,72.5724,1.3851,-1,3.9661,-0.5,3.4661,HOLDING
2019-07-05,6,DUK,PNW,68.5513,72.3144,1.209,-1,4.2314,-0.5,3.7314,HOLDING
2019-07-08,6,DUK,PNW,68.536,72.3675,1.0583,-1,4.4755,-0.5,3.9755,HOLDING
2019-07-09,6,DUK,PNW,68.3373,72.4889,0.7761,-1,5.634,-0.5,5.134,HOLDING
2019-07-10,6,DUK,PNW,68.5131,72.4434,0.8458,-1,4.8279,-0.5,4.3279,HOLDING
2019-07-11,6,DUK,PNW,68.3755,71.8742,1.0341,-1,3.32,-0.5,2.82,HOLDING
2019-07-12,6,DUK,PNW,67.8022,70.9636,1.1489,-1,2.2029,-0.5,1.7029,HOLDING
2019-07-15,6,DUK,PNW,68.322,71.1609,1.2807,-1,0.9936,-0.5,0.4936,HOLDING
2019-07-16,6,DUK,PNW,68.0544,70.8042,1.2186,-1,0.7139,-0.5,0.2139,HOLDING
2019-07-17,6,DUK,PNW,68.1385,71.3734,0.7865,-1,2.4181,-0.5,1.9181,HOLDING
2019-07-18,6,DUK,PNW,68.6354,72.2082,0.469,-1,3.5473,-0.5,3.0473,HOLDING
2019-07-19,6,DUK,PNW,67.6111,71.0243,0.5745,-1,3.1186,-0.5,2.6186,HOLDING
2019-07-22,6,DUK,PNW,67.3818,70.8497,0.4046,-1,3.3426,-0.5,2.8426,HOLDING
2019-07-23,6,DUK,PNW,67.0225,70.4551,0.3558,-1,3.2652,-0.5,2.7652,HOLDING
2019-07-24,6,DUK,PNW,66.6403,69.6659,1.1236,-1,1.8763,-0.5,1.3763,HOLDING
2019-07-25,6,DUK,PNW,66.1129,69.1043,1.0914,-1,1.8254,-0.5,1.3254,HOLDING
2019-07-26,6,DUK,PNW,66.4339,69.8328,0.0799,-1,3.2239,-0.5,2.7239,HOLDING
2019-07-29,6,DUK,PNW,67.1066,70.6676,-0.3034,-1,3.7082,-0.5,3.2082,HOLDING
2019-07-30,6,DUK,PNW,67.0684,69.7645,1.7582,-1,0.6548,-0.5,0.1548,HOLDING
2019-07-31,6,DUK,PNW,66.2887,69.786,-0.47,-1,3.591,-0.5,3.091,HOLDING
2019-08-01,6,DUK,PNW,66.8849,70.3597,-0.3445,-1,3.4326,-0.5,2.9326,HOLDING
2019-08-02,6,DUK,PNW,67.3588,70.7575,-0.1171,-1,3.1008,-0.5,2.6008,HOLDING
2019-08-05,6,DUK,PNW,66.4721,70.0384,-0.7412,-1,3.8108,-0.5,3.3108,HOLDING
2019-08-06,6,DUK,PNW,67.9704,71.163,0.4414,-1,2.2911,-0.5,1.7911,HOLDING
2019-08-07,6,DUK,PNW,67.9092,71.1554,0.1766,-1,2.4884,-0.5,1.9884,HOLDING
2019-08-08,6,DUK,PNW,68.2684,70.9794,1.7984,-1,0.5482,-0.5,0.0482,HOLDING
2019-08-09,6,DUK,PNW,68.6048,70.7193,2.7398,-1,-1.6057,-0.5,-2.1057,HOLDING
2019-08-12,6,DUK,PNW,68.4137,70.2603,2.6295,-1,-2.5279,-0.5,-3.0279,HOLDING
2019-08-13,6,DUK,PNW,68.6583,71.1247,1.3394,-1,-0.3682,-0.5,-0.8682,HOLDING
2019-08-14,6,DUK,PNW,67.8863,70.2297,1.3636,-1,-0.701,-0.5,-1.201,HOLDING
2019-08-15,6,DUK,PNW,68.9795,71.7444,0.6059,-1,0.6448,-0.5,0.1448,HOLDING
2019-08-16,6,DUK,PNW,69.3581,72.0045,0.7667,-1,0.1758,-0.5,-0.3242,HOLDING
2019-08-19,6,DUK,PNW,70.0535,72.6472,0.8204,-1,-0.1028,-0.5,-0.6028,HOLDING
2019-08-20,6,DUK,PNW,70.4475,72.5018,1.586,-1,-2.0624,-0.5,-2.5624,HOLDING
2019-08-21,6,DUK,PNW,70.4939,73.2362,0.3888,-1,0.3647,-0.5,-0.1353,HOLDING
2019-08-22,6,DUK,PNW,70.5557,72.5936,1.4041,-1,-2.1347,-0.5,-2.6347,HOLDING
2019-08-23,6,DUK,PNW,70.1075,72.0198,1.4165,-1,-2.5196,-0.5,-3.0196,HOLDING
2019-08-26,6,DUK,PNW,70.5788,72.6701,1.0555,-1,-1.9492,-0.5,-2.4492,HOLDING
2019-08-27,6,DUK,PNW,71.1969,72.2952,2.1761,-1,-5.5424,-0.5,-6.0424,HOLDING
2019-08-28,6,DUK,PNW,71.3128,72.4865,1.8226,-1,-5.2913,-0.5,-5.7913,HOLDING
2019-08-29,6,DUK,PNW,71.6683,72.892,1.5851,-1,-5.1613,-0.5,-5.6613,HOLDING
2019-08-30,6,DUK,PNW,71.6528,72.9149,1.3948,-1,-5.0234,-0.5,-5.5234,HOLDING
2019-09-03,6,DUK,PNW,72.3713,73.1215,1.89,-1,-6.9291,-0.5,-7.4291,HOLDING
2019-09-04,6,DUK,PNW,72.6031,73.3816,1.6644,-1,-6.8596,-0.5,-7.3596,HOLDING
2019-09-05,6,DUK,PNW,72.1705,72.1499,2.2951,-1,-9.628,-0.5,-10.128,HOLDING
2019-09-06,6,DUK,PNW,72.4409,71.7674,2.4458,-1,0.0,-12.9923,-12.9923,PERIOD_END_EXIT
2019-03-11,7,AEP,DTE,64.5658,83.3504,0.0,0,0.0,0.0,0.0,HOLD_CASH
2019-03-12,7,AEP,DTE,64.9645,83.5998,0.0,0,0.0,0.0,0.0,HOLD_CASH
2019-03-13,7,AEP,DTE,65.0192,83.6672,0.0,0,0.0,0.0,0.0,HOLD_CASH
2019-03-14,7,AEP,DTE,64.8629,83.8154,0.0,0,0.0,0.0,0.0,HOLD_CASH
2019-03-15,7,AEP,DTE,65.5117,84.1855,0.0,0,0.0,0.0,0.0,HOLD_CASH
2019-03-18,7,AEP,DTE,65.2537,83.7509,0.0,0,0.0,0.0,0.0,HOLD_CASH
2019-03-19,7,AEP,DTE,64.5346,82.9361,0.0,0,0.0,0.0,0.0,HOLD_CASH
2019-03-20,7,AEP,DTE,64.7769,83.1126,0.0,0,0.0,0.0,0.0,HOLD_CASH
2019-03-21,7,AEP,DTE,65.7305,83.683,0.0,0,0.0,0.0,0.0,HOLD_CASH
2019-03-22,7,AEP,DTE,66.5513,84.8034,0.0,0,0.0,0.0,0.0,HOLD_CASH
2019-03-25,7,AEP,DTE,66.692,84.9528,0.0,0,0.0,0.0,0.0,HOLD_CASH
2019-03-26,7,AEP,DTE,67.2079,85.496,0.0,0,0.0,0.0,0.0,HOLD_CASH
2019-03-27,7,AEP,DTE,66.6216,85.0071,0.0,0,0.0,0.0,0.0,HOLD_CASH
2019-03-28,7,AEP,DTE,65.496,84.0497,0.0,0,0.0,0.0,0.0,HOLD_CASH
2019-03-29,7,AEP,DTE,65.4648,84.7016,0.0,0,0.0,0.0,0.0,HOLD_CASH
2019-04-01,7,AEP,DTE,64.7378,84.0633,0.0,0,0.0,0.0,0.0,HOLD_CASH
2019-04-02,7,AEP,DTE,64.941,84.1312,0.0,0,0.0,0.0,0.0,HOLD_CASH
2019-04-03,7,AEP,DTE,64.8082,83.8392,0.0,0,0.0,0.0,0.0,HOLD_CASH
2019-04-04,7,AEP,DTE,64.5815,83.3978,0.0,0,0.0,0.0,0.0,HOLD_CASH
2019-04-05,7,AEP,DTE,65.3241,84.1855,-0.4188,0,0.0,0.0,0.0,HOLD_CASH
2019-04-08,7,AEP,DTE,64.9958,83.262,0.4795,0,0.0,0.0,0.0,HOLD_CASH
2019-04-09,7,AEP,DTE,65.3241,83.6762,0.4529,0,0.0,0.0,0.0,HOLD_CASH
2019-04-10,7,AEP,DTE,65.1521,83.5269,0.2871,0,0.0,0.0,0.0,HOLD_CASH
2019-04-11,7,AEP,DTE,65.6133,84.1447,0.1804,0,0.0,0.0,0.0,HOLD_CASH
2019-04-12,7,AEP,DTE,65.7774,84.4843,-0.075,0,0.0,0.0,0.0,HOLD_CASH
2019-04-15,7,AEP,DTE,65.8634,84.5114,0.0849,0,0.0,0.0,0.0,HOLD_CASH
2019-04-16,7,AEP,DTE,64.9176,83.391,-0.1028,0,0.0,0.0,0.0,HOLD_CASH
2019-04-17,7,AEP,DTE,65.0348,83.391,0.1887,0,0.0,0.0,0.0,HOLD_CASH
2019-04-18,7,AEP,DTE,64.8863,83.6627,-0.6442,0,0.0,0.0,0.0,HOLD_CASH
2019-04-22,7,AEP,DTE,64.8238,83.3299,-0.0537,0,0.0,0.0,0.0,HOLD_CASH
2019-04-23,7,AEP,DTE,65.3241,83.6151,0.8105,0,0.0,0.0,0.0,HOLD_CASH
2019-04-24,7,AEP,DTE,65.6758,84.2262,0.5847,0,0.0,0.0,0.0,HOLD_CASH
2019-04-25,7,AEP,DTE,66.309,84.3145,2.2192,-1,0.0,-0.5,-0.5,ENTER_SHORT_A
2019-04-26,7,AEP,DTE,66.2151,84.4299,1.5007,-1,0.6959,-0.5,0.1959,HOLDING
2019-04-29,7,AEP,DTE,65.6914,83.941,0.9986,-1,1.2208,-0.5,0.7208,HOLDING
2019-04-30,7,AEP,DTE,66.8717,85.3602,1.1418,-1,0.9787,-0.5,0.4787,HOLDING
2019-05-01,7,AEP,DTE,66.4028,84.2059,2.221,-1,-0.6758,-0.5,-1.1758,HOLDING
2019-05-02,7,AEP,DTE,66.2074,84.2805,1.3436,-1,0.2824,-0.5,-0.2176,HOLDING
2019-05-03,7,AEP,DTE,66.778,85.0275,1.1979,-1,0.3458,-0.5,-0.1542,HOLDING
2019-05-06,7,AEP,DTE,66.309,84.9324,-0.217,-1,1.8322,-0.5,1.3322,HOLDING
2019-05-07,7,AEP,DTE,66.1526,84.5861,0.1748,-1,1.3949,-0.5,0.8949,HOLDING
2019-05-08,7,AEP,DTE,65.4491,83.5404,0.5489,-1,0.9465,-0.5,0.4465,HOLDING
2019-05-09,7,AEP,DTE,65.2994,83.9275,-1.0452,-1,2.6586,-0.5,2.1586,HOLDING
2019-05-10,7,AEP,DTE,66.7099,85.5435,-0.5113,-1,2.1327,-0.5,1.6327,HOLDING
2019-05-13,7,AEP,DTE,68.0337,86.5145,1.2879,-1,0.0207,-0.5,-0.4793,HOLDING
2019-05-14,7,AEP,DTE,67.4191,85.6454,1.3545,-1,-0.2392,-0.5,-0.7392,HOLDING
2019-05-15,7,AEP,DTE,67.0172,85.3398,0.7461,-1,0.37,-0.5,-0.13,HOLDING
2019-05-16,7,AEP,DTE,67.293,86.0732,-0.2767,-1,1.5046,-0.5,1.0046,HOLDING
2019-05-17,7,AEP,DTE,67.6476,86.5417,-0.4619,-1,1.557,-0.5,1.057,HOLDING
2019-05-20,7,AEP,DTE,68.2386,86.4942,1.7388,-1,-0.8122,-0.5,-1.3122,HOLDING
2019-05-21,7,AEP,DTE,68.2464,86.3788,1.8108,-1,-1.1841,-0.5,-1.6841,HOLDING
2019-05-22,7,AEP,DTE,68.7823,87.1121,1.4887,-1,-1.0299,-0.5,-1.5299,HOLDING
2019-05-23,7,AEP,DTE,69.4836,87.8183,1.7478,-1,-1.58,-0.5,-2.08,HOLDING
2019-05-24,7,AEP,DTE,69.5702,87.4516,2.3149,-1,-2.9939,-0.5,-3.4939,HOLDING
2019-05-28,7,AEP,DTE,68.2937,85.462,2.4335,-1,-4.0804,-0.5,-4.5804,HOLDING
2019-05-29,7,AEP,DTE,67.5215,84.7016,1.7766,-1,-3.4239,-0.5,-3.9239,HOLDING
2019-05-30,7,AEP,DTE,67.2142,84.3485,1.5437,-1,-3.3123,-0.5,-3.8123,HOLDING
2019-05-31,7,AEP,DTE,67.8604,85.1973,1.3311,-1,-3.2317,-0.5,-3.7317,HOLDING
2019-06-03,7,AEP,DTE,68.8453,86.1275,1.5473,-1,-4.1869,-0.5,-4.6869,HOLDING
2019-06-04,7,AEP,DTE,68.5931,85.8219,1.375,-1,-4.1423,-0.5,-4.6423,HOLDING
2019-06-05,7,AEP,DTE,70.4212,87.6825,1.6755,-1,-5.518,-0.5,-6.018,HOLDING
2019-06-06,7,AEP,DTE,70.9177,87.9812,1.7773,-1,-6.5037,-0.5,-7.0037,HOLDING
2019-06-07,7,AEP,DTE,70.5552,87.309,1.8161,-1,-7.1303,-0.5,-7.6303,HOLDING
2019-06-10,7,AEP,DTE,70.1454,87.0714,1.3906,-1,-6.2901,-0.5,-6.7901,HOLDING
2019-06-11,7,AEP,DTE,69.5939,86.6571,0.9775,-1,-5.4388,-0.5,-5.9388,HOLDING
2019-06-12,7,AEP,DTE,70.437,87.696,0.8956,-1,-5.5371,-0.5,-6.0371,HOLDING
2019-06-13,7,AEP,DTE,70.5946,87.5059,1.2155,-1,-6.6949,-0.5,-7.1949,HOLDING
2019-06-14,7,AEP,DTE,71.3747,88.6107,0.9943,-1,-6.3606,-0.5,-6.8606,HOLDING
2019-06-17,7,AEP,DTE,70.9807,88.7475,0.0973,-1,-4.4695,-0.5,-4.9695,HOLDING
2019-06-18,7,AEP,DTE,70.7443,88.2207,0.3669,-1,-5.14,-0.5,-5.64,HOLDING
2019-06-19,7,AEP,DTE,71.5953,89.2468,0.3444,-1,-5.3061,-0.5,-5.8061,HOLDING
2019-06-20,7,AEP,DTE,71.6032,89.7325,-0.6728,-1,-3.8957,-0.5,-4.3957,HOLDING
2019-06-21,7,AEP,DTE,72.139,89.6846,0.7371,-1,-6.0579,-0.5,-6.5579,HOLDING
2019-06-24,7,AEP,DTE,71.6268,90.0129,-1.5519,-1,-3.1533,-0.5,-3.6533,HOLDING
2019-06-25,7,AEP,DTE,71.2092,89.0758,-0.5766,-1,-4.3575,-0.5,-4.8575,HOLDING
2019-06-26,7,AEP,DTE,69.7357,87.1947,-0.5356,-1,-4.3797,-0.5,-4.8797,HOLDING
2019-06-27,7,AEP,DTE,69.2629,87.2563,-1.9945,-1,-2.4145,-0.5,-2.9145,HOLDING
2019-06-28,7,AEP,DTE,69.3496,87.4751,-2.0317,-1,-2.0923,-0.5,-2.5923,HOLDING
2019-07-01,7,AEP,DTE,69.4441,87.7488,-2.0119,-1,-1.6374,-0.5,-2.1374,HOLDING
2019-07-02,7,AEP,DTE,70.2794,88.8159,-1.7777,-1,-1.6226,-0.5,-2.1226,HOLDING
2019-07-03,7,AEP,DTE,71.028,89.6709,-1.4377,-1,-1.9095,-0.5,-2.4095,HOLDING
2019-07-05,7,AEP,DTE,70.7916,89.5204,-1.49,-1,-1.4645,-0.5,-1.9645,HOLDING
2019-07-08,7,AEP,DTE,70.8625,89.6299,-1.3872,-1,-1.4073,-0.5,-1.9073,HOLDING
2019-07-09,7,AEP,DTE,71.2013,89.7598,-0.8294,-1,-2.2995,-0.5,-2.7995,HOLDING
2019-07-10,7,AEP,DTE,71.5559,89.9924,-0.4188,-1,-2.9468,-0.5,-3.4468,HOLDING
2019-07-11,7,AEP,DTE,71.6505,90.0335,-0.2285,-1,-3.1815,-0.5,-3.6815,HOLDING
2019-07-12,7,AEP,DTE,71.1147,89.1989,0.1564,-1,-3.6359,-0.5,-4.1359,HOLDING
2019-07-15,7,AEP,DTE,71.8553,88.9185,2.3007,-1,-7.26,-0.5,-7.76,HOLDING
2019-07-16,7,AEP,DTE,71.3195,88.6175,1.5039,-1,-6.1323,-0.5,-6.6323,HOLDING
2019-07-17,7,AEP,DTE,71.7214,88.98,1.613,-1,-6.5724,-0.5,-7.0724,HOLDING
2019-07-18,7,AEP,DTE,72.3045,89.8556,1.311,-1,-6.1747,-0.5,-6.6747,HOLDING
2019-07-19,7,AEP,DTE,71.1383,88.0976,1.5958,-1,-6.9906,-0.5,-7.4906,HOLDING
2019-07-22,7,AEP,DTE,71.0122,87.9745,1.4778,-1,-6.8802,-0.5,-7.3802,HOLDING
2019-07-23,7,AEP,DTE,70.5316,87.6735,0.959,-1,-5.9604,-0.5,-6.4604,HOLDING
2019-07-24,7,AEP,DTE,70.6104,87.3589,1.3947,-1,-7.1905,-0.5,-7.6905,HOLDING
2019-07-25,7,AEP,DTE,70.1927,87.5983,0.3656,-1,-4.9061,-0.5,-5.4061,HOLDING
2019-07-26,7,AEP,DTE,70.0903,88.4944,-0.971,-1,-1.8629,-0.5,-2.3629,HOLDING
2019-07-29,7,AEP,DTE,70.7128,88.2276,0.3429,-1,-5.0008,-0.5,-5.5008,HOLDING
2019-07-30,7,AEP,DTE,69.9091,87.523,-0.1173,-1,-4.0596,-0.5,-4.5596,HOLDING
2019-07-31,7,AEP,DTE,69.192,86.9484,-0.6284,-1,-3.0599,-0.5,-3.5599,HOLDING
2019-08-01,7,AEP,DTE,69.98,88.2754,-1.1243,-1,-2.0961,-0.5,-2.5961,HOLDING
2019-08-02,7,AEP,DTE,69.8933,88.0087,-0.9568,-1,-2.5602,-0.5,-3.0602,HOLDING
2019-08-05,7,AEP,DTE,69.3575,86.8185,-0.2623,-1,-4.0692,-0.5,-4.5692,HOLDING
2019-08-06,7,AEP,DTE,70.24,87.4341,0.4545,-1,-5.5711,-0.5,-6.0711,HOLDING
2019-08-07,7,AEP,DTE,70.7128,87.6804,0.9303,-1,-6.6234,-0.5,-7.1234,HOLDING
2019-08-08,7,AEP,DTE,71.0621,88.4396,0.3203,-1,-5.6891,-0.5,-6.1891,HOLDING
2019-08-09,7,AEP,DTE,71.4273,88.4944,0.9117,-1,-6.9037,-0.5,-7.4037,HOLDING
2019-08-12,7,AEP,DTE,71.7925,87.6051,2.5695,-1,-10.9173,-0.5,-11.4173,HOLDING
2019-08-13,7,AEP,DTE,71.6496,87.7146,1.8646,-1,-10.054,-0.5,-10.554,HOLDING
2019-08-14,7,AEP,DTE,70.2444,86.2986,1.3428,-1,-8.9545,-0.5,-9.4545,HOLDING
2019-08-15,7,AEP,DTE,71.7369,88.0087,1.3509,-1,-9.5112,-0.5,-10.0112,HOLDING
2019-08-16,7,AEP,DTE,71.6337,88.4396,0.6841,-1,-7.8442,-0.5,-8.3442,HOLDING
2019-08-19,7,AEP,DTE,71.8878,89.4657,-0.1015,-1,-5.7598,-0.5,-6.2598,HOLDING
2019-08-20,7,AEP,DTE,72.0624,88.6312,1.0111,-1,-8.8925,-0.5,-9.3925,HOLDING
2019-08-21,7,AEP,DTE,72.5229,89.2742,0.8864,-1,-8.7221,-0.5,-9.2221,HOLDING
2019-08-22,7,AEP,DTE,72.2212,89.0963,0.6168,-1,-8.112,-0.5,-8.612,HOLDING
2019-08-23,7,AEP,DTE,71.1177,87.824,0.4435,-1,-7.724,-0.5,-8.224,HOLDING
2019-08-26,7,AEP,DTE,72.1101,89.0279,0.4165,-1,-7.8959,-0.5,-8.3959,HOLDING
2019-08-27,7,AEP,DTE,71.983,89.1989,-0.0212,-1,-6.9098,-0.5,-7.4098,HOLDING
2019-08-28,7,AEP,DTE,71.1573,88.6038,-0.6258,-1,-5.5614,-0.5,-6.0614,HOLDING
2019-08-29,7,AEP,DTE,72.0227,88.9116,0.2671,-1,-7.9114,-0.5,-8.4114,HOLDING
2019-08-30,7,AEP,DTE,72.3641,88.6927,1.1825,-1,-9.8474,-0.5,-10.3474,HOLDING
2019-09-03,7,AEP,DTE,73.6582,90.2113,1.2238,-1,-10.2237,-0.5,-10.7237,HOLDING
2019-09-04,7,AEP,DTE,73.8725,90.3344,1.3381,-1,-10.6668,-0.5,-11.1668,HOLDING
2019-09-05,7,AEP,DTE,72.6658,88.8637,1.1959,-1,-10.4779,-0.5,-10.9779,HOLDING
2019-09-06,7,AEP,DTE,72.3165,88.1592,1.5458,-1,0.0,-12.2839,-12.2839,PERIOD_END_EXIT
2019-03-11,8,AEP,ES,64.5658,54.7975,0.0,0,0.0,0.0,0.0,HOLD_CASH
2019-03-12,8,AEP,ES,64.9645,54.9769,0.0,0,0.0,0.0,0.0,HOLD_CASH
2019-03-13,8,AEP,ES,65.0192,55.047,0.0,0,0.0,0.0,0.0,HOLD_CASH
2019-03-14,8,AEP,ES,64.8629,55.2965,0.0,0,0.0,0.0,0.0,HOLD_CASH
2019-03-15,8,AEP,ES,65.5117,55.9281,0.0,0,0.0,0.0,0.0,HOLD_CASH
2019-03-18,8,AEP,ES,65.2537,55.5617,0.0,0,0.0,0.0,0.0,HOLD_CASH
2019-03-19,8,AEP,ES,64.5346,54.7352,0.0,0,0.0,0.0,0.0,HOLD_CASH
2019-03-20,8,AEP,ES,64.7769,54.7508,0.0,0,0.0,0.0,0.0,HOLD_CASH
2019-03-21,8,AEP,ES,65.7305,55.2498,0.0,0,0.0,0.0,0.0,HOLD_CASH
2019-03-22,8,AEP,ES,66.5513,55.8969,0.0,0,0.0,0.0,0.0,HOLD_CASH
2019-03-25,8,AEP,ES,66.692,55.9593,0.0,0,0.0,0.0,0.0,HOLD_CASH
2019-03-26,8,AEP,ES,67.2079,56.0996,0.0,0,0.0,0.0,0.0,HOLD_CASH
2019-03-27,8,AEP,ES,66.6216,55.5383,0.0,0,0.0,0.0,0.0,HOLD_CASH
2019-03-28,8,AEP,ES,65.496,54.8443,0.0,0,0.0,0.0,0.0,HOLD_CASH
2019-03-29,8,AEP,ES,65.4648,55.32,0.0,0,0.0,0.0,0.0,HOLD_CASH
2019-04-01,8,AEP,ES,64.7378,55.1094,0.0,0,0.0,0.0,0.0,HOLD_CASH
2019-04-02,8,AEP,ES,64.941,55.1484,0.0,0,0.0,0.0,0.0,HOLD_CASH
2019-04-03,8,AEP,ES,64.8082,54.9769,0.0,0,0.0,0.0,0.0,HOLD_CASH
2019-04-04,8,AEP,ES,64.5815,54.8599,0.0,0,0.0,0.0,0.0,HOLD_CASH
2019-04-05,8,AEP,ES,65.3241,55.4213,-0.4936,0,0.0,0.0,0.0,HOLD_CASH
2019-04-08,8,AEP,ES,64.9958,55.0626,-0.3017,0,0.0,0.0,0.0,HOLD_CASH
2019-04-09,8,AEP,ES,65.3241,55.1874,0.0824,0,0.0,0.0,0.0,HOLD_CASH
2019-04-10,8,AEP,ES,65.1521,54.8209,0.608,0,0.0,0.0,0.0,HOLD_CASH
2019-04-11,8,AEP,ES,65.6133,55.047,0.9291,0,0.0,0.0,0.0,HOLD_CASH
2019-04-12,8,AEP,ES,65.7774,55.1094,1.0359,0,0.0,0.0,0.0,HOLD_CASH
2019-04-15,8,AEP,ES,65.8634,55.1874,0.9291,0,0.0,0.0,0.0,HOLD_CASH
2019-04-16,8,AEP,ES,64.9176,54.6962,0.0148,0,0.0,0.0,0.0,HOLD_CASH
2019-04-17,8,AEP,ES,65.0348,54.743,0.1349,0,0.0,0.0,0.0,HOLD_CASH
2019-04-18,8,AEP,ES,64.8863,54.548,0.3431,0,0.0,0.0,0.0,HOLD_CASH
2019-04-22,8,AEP,ES,64.8238,54.5714,0.1375,0,0.0,0.0,0.0,HOLD_CASH
2019-04-23,8,AEP,ES,65.3241,54.8911,0.4526,0,0.0,0.0,0.0,HOLD_CASH
2019-04-24,8,AEP,ES,65.6758,55.2498,0.3523,0,0.0,0.0,0.0,HOLD_CASH
2019-04-25,8,AEP,ES,66.309,55.2342,2.0445,-1,0.0,-0.5,-0.5,ENTER_SHORT_A
2019-04-26,8,AEP,ES,66.2151,55.3745,1.3318,-1,0.9889,-0.5,0.4889,HOLDING
2019-04-29,8,AEP,ES,65.6914,55.0315,0.9453,-1,1.4107,-0.5,0.9107,HOLDING
2019-04-30,8,AEP,ES,66.8717,55.8735,1.2805,-1,0.772,-0.5,0.272,HOLDING
2019-05-01,8,AEP,ES,66.4028,55.4603,1.2355,-1,0.6698,-0.5,0.1698,HOLDING
2019-05-02,8,AEP,ES,66.2074,55.7644,-0.3549,-1,2.7829,-0.5,2.2829,HOLDING
2019-05-03,8,AEP,ES,66.778,56.201,-0.3316,-1,2.6079,-0.5,2.1079,HOLDING
2019-05-06,8,AEP,ES,66.309,56.0373,-1.3683,-1,3.635,-0.5,3.135,HOLDING
2019-05-07,8,AEP,ES,66.1526,55.7566,-0.8875,-1,2.954,-0.5,2.454,HOLDING
2019-05-08,8,AEP,ES,65.4491,54.8911,0.3079,-1,1.689,-0.5,1.189,HOLDING
2019-05-09,8,AEP,ES,65.2994,54.9301,-0.5161,-1,2.4298,-0.5,1.9298,HOLDING
2019-05-10,8,AEP,ES,66.7099,55.9515,0.286,-1,1.7352,-0.5,1.2352,HOLDING
2019-05-13,8,AEP,ES,68.0337,56.9105,0.9733,-1,1.085,-0.5,0.585,HOLDING
2019-05-14,8,AEP,ES,67.4191,56.5987,0.0373,-1,1.9906,-0.5,1.4906,HOLDING
2019-05-15,8,AEP,ES,67.0172,56.6064,-1.518,-1,3.541,-0.5,3.041,HOLDING
2019-05-16,8,AEP,ES,67.293,57.0197,-2.0077,-1,4.3716,-0.5,3.8716,HOLDING
2019-05-17,8,AEP,ES,67.6476,57.3316,-1.7813,-1,4.4464,-0.5,3.9464,HOLDING
2019-05-20,8,AEP,ES,68.2386,57.4096,-0.2477,-1,2.5711,-0.5,2.0711,HOLDING
2019-05-21,8,AEP,ES,68.2464,57.4953,-0.5066,-1,2.9296,-0.5,2.4296,HOLDING
2019-05-22,8,AEP,ES,68.7823,57.9155,-0.3834,-1,2.8113,-0.5,2.3113,HOLDING
2019-05-23,8,AEP,ES,69.4836,58.7795,-1.2677,-1,4.0776,-0.5,3.5776,HOLDING
2019-05-24,8,AEP,ES,69.5702,58.8109,-1.0091,-1,3.8931,-0.5,3.3931,HOLDING
2019-05-28,8,AEP,ES,68.2937,58.2218,-2.3375,-1,6.0396,-0.5,5.5396,HOLDING
2019-05-29,8,AEP,ES,67.5215,57.2479,-1.1685,-1,4.543,-0.5,4.043,HOLDING
2019-05-30,8,AEP,ES,67.2142,57.4678,-2.3976,-1,6.697,-0.5,6.197,HOLDING
2019-05-31,8,AEP,ES,67.8604,57.994,-1.9456,-1,6.6425,-0.5,6.1425,HOLDING
2019-06-03,8,AEP,ES,68.8453,58.7716,-1.5502,-1,6.4484,-0.5,5.9484,HOLDING
2019-06-04,8,AEP,ES,68.5931,58.426,-1.107,-1,5.835,-0.5,5.335,HOLDING
2019-06-05,8,AEP,ES,70.4212,59.9419,-0.9149,-1,5.8036,-0.5,5.3036,HOLDING
2019-06-06,8,AEP,ES,70.9177,60.3581,-0.8135,-1,5.8159,-0.5,5.3159,HOLDING
2019-06-07,8,AEP,ES,70.5552,59.9261,-0.4414,-1,5.2274,-0.5,4.7274,HOLDING
2019-06-10,8,AEP,ES,70.1454,59.7062,-0.6918,-1,5.7769,-0.5,5.2769,HOLDING
2019-06-11,8,AEP,ES,69.5939,59.2821,-0.7579,-1,5.9368,-0.5,5.4368,HOLDING
2019-06-12,8,AEP,ES,70.437,60.0911,-0.9655,-1,6.4195,-0.5,5.9195,HOLDING
2019-06-13,8,AEP,ES,70.5946,60.2167,-0.8467,-1,6.3943,-0.5,5.8943,HOLDING
2019-06-14,8,AEP,ES,71.3747,60.7979,-0.5161,-1,6.0835,-0.5,5.5835,HOLDING
2019-06-17,8,AEP,ES,70.9807,60.0832,0.7245,-1,4.3341,-0.5,3.8341,HOLDING
2019-06-18,8,AEP,ES,70.7443,59.9183,0.7465,-1,4.4788,-0.5,3.9788,HOLDING
2019-06-19,8,AEP,ES,71.5953,60.6094,0.9886,-1,4.3986,-0.5,3.8986,HOLDING
2019-06-20,8,AEP,ES,71.6032,60.8922,0.0228,-1,5.6487,-0.5,5.1487,HOLDING
2019-06-21,8,AEP,ES,72.139,60.7901,2.3018,-1,3.1663,-0.5,2.6663,HOLDING
2019-06-24,8,AEP,ES,71.6268,60.7822,0.5982,-1,5.0619,-0.5,4.5619,HOLDING
2019-06-25,8,AEP,ES,71.2092,60.4602,0.4016,-1,5.1788,-0.5,4.6788,HOLDING
2019-06-26,8,AEP,ES,69.7357,59.1957,0.4846,-1,5.0109,-0.5,4.5109,HOLDING
2019-06-27,8,AEP,ES,69.2629,59.2271,-1.525,-1,6.9357,-0.5,6.4357,HOLDING
2019-06-28,8,AEP,ES,69.3496,59.502,-2.1746,-1,7.8531,-0.5,7.3531,HOLDING
2019-07-01,8,AEP,ES,69.4441,59.4235,-1.426,-1,7.1413,-0.5,6.6413,HOLDING
2019-07-02,8,AEP,ES,70.2794,60.2089,-1.5326,-1,7.5469,-0.5,7.0469,HOLDING
2019-07-03,8,AEP,ES,71.028,60.5702,-0.4739,-1,6.3599,-0.5,5.8599,HOLDING
2019-07-05,8,AEP,ES,70.7916,60.4681,-0.7872,-1,6.789,-0.5,6.289,HOLDING
2019-07-08,8,AEP,ES,70.8625,60.5073,-0.648,-1,6.6994,-0.5,6.1994,HOLDING
2019-07-09,8,AEP,ES,71.2013,60.4445,0.5832,-1,5.1374,-0.5,4.6374,HOLDING
2019-07-10,8,AEP,ES,71.5559,61.0021,-0.3173,-1,6.3246,-0.5,5.8246,HOLDING
2019-07-11,8,AEP,ES,71.6505,61.3084,-1.0523,-1,7.3545,-0.5,6.8545,HOLDING
2019-07-12,8,AEP,ES,71.1147,60.9,-1.1448,-1,7.5261,-0.5,7.0261,HOLDING
2019-07-15,8,AEP,ES,71.8553,61.065,0.3848,-1,5.48,-0.5,4.98,HOLDING
2019-07-16,8,AEP,ES,71.3195,60.5466,0.6431,-1,5.1539,-0.5,4.6539,HOLDING
2019-07-17,8,AEP,ES,71.7214,60.7587,1.0899,-1,4.5988,-0.5,4.0988,HOLDING
2019-07-18,8,AEP,ES,72.3045,61.5755,0.0574,-1,6.0973,-0.5,5.5973,HOLDING
2019-07-19,8,AEP,ES,71.1383,60.2952,1.0294,-1,4.6996,-0.5,4.1996,HOLDING
2019-07-22,8,AEP,ES,71.0122,60.4052,0.4291,-1,5.6728,-0.5,5.1728,HOLDING
2019-07-23,8,AEP,ES,70.5316,60.2796,-0.6693,-1,6.9162,-0.5,6.4162,HOLDING
2019-07-24,8,AEP,ES,70.6104,60.0204,0.7332,-1,5.4459,-0.5,4.9459,HOLDING
2019-07-25,8,AEP,ES,70.1927,59.8476,0.0053,-1,6.2385,-0.5,5.7385,HOLDING
2019-07-26,8,AEP,ES,70.0903,59.879,-0.5403,-1,6.7668,-0.5,6.2668,HOLDING
2019-07-29,8,AEP,ES,70.7128,60.3267,-0.2642,-1,6.4462,-0.5,5.9462,HOLDING
2019-07-30,8,AEP,ES,69.9091,60.1068,-2.1955,-1,8.4811,-0.5,7.9811,HOLDING
2019-07-31,8,AEP,ES,69.192,59.5806,-2.2442,-1,8.8029,-0.5,8.3029,HOLDING
2019-08-01,8,AEP,ES,69.98,60.1146,-1.5011,-1,8.2492,-0.5,7.7492,HOLDING
2019-08-02,8,AEP,ES,69.8933,60.2403,-1.9028,-1,9.1449,-0.5,8.6449,HOLDING
2019-08-05,8,AEP,ES,69.3575,60.1225,-2.3778,-1,10.6317,-0.5,10.1317,HOLDING
2019-08-06,8,AEP,ES,70.24,60.8215,-1.8833,-1,10.4683,-0.5,9.9683,HOLDING
2019-08-07,8,AEP,ES,70.7128,61.1749,-1.5361,-1,10.2854,-0.5,9.7854,HOLDING
2019-08-08,8,AEP,ES,71.0621,61.5833,-1.5681,-1,10.8169,-0.5,10.3169,HOLDING
2019-08-09,8,AEP,ES,71.4273,61.599,-0.876,-1,9.5112,-0.5,9.0112,HOLDING
2019-08-12,8,AEP,ES,71.7925,61.065,0.8755,-1,5.717,-0.5,5.217,HOLDING
2019-08-13,8,AEP,ES,71.6496,61.1906,0.4127,-1,6.8246,-0.5,6.3246,HOLDING
2019-08-14,8,AEP,ES,70.2444,60.6016,-0.8296,-1,9.4563,-0.5,8.9563,HOLDING
2019-08-15,8,AEP,ES,71.7369,61.8975,-0.765,-1,9.6946,-0.5,9.1946,HOLDING
2019-08-16,8,AEP,ES,71.6337,61.764,-0.5916,-1,9.4795,-0.5,8.9795,HOLDING
2019-08-19,8,AEP,ES,71.8878,62.0232,-0.6117,-1,9.6947,-0.5,9.1947,HOLDING
2019-08-20,8,AEP,ES,72.0624,62.1253,-0.4284,-1,9.4985,-0.5,8.9985,HOLDING
2019-08-21,8,AEP,ES,72.5229,62.4865,-0.2538,-1,9.3976,-0.5,8.8976,HOLDING
2019-08-22,8,AEP,ES,72.2212,62.6515,-1.3285,-1,11.2816,-0.5,10.7816,HOLDING
2019-08-23,8,AEP,ES,71.1177,62.1802,-2.2715,-1,13.3091,-0.5,12.8091,HOLDING
2019-08-26,8,AEP,ES,72.1101,62.785,-1.4659,-1,12.3049,-0.5,11.8049,HOLDING
2019-08-27,8,AEP,ES,71.983,63.2719,-2.3843,-1,14.9877,-0.5,14.4877,HOLDING
2019-08-28,8,AEP,ES,71.1573,63.0599,-2.6233,-1,17.141,-0.5,16.641,HOLDING
2019-08-29,8,AEP,ES,72.0227,63.1541,-1.3095,-1,14.3049,-0.5,13.8049,HOLDING
2019-08-30,8,AEP,ES,72.3641,62.9342,-0.394,-1,12.0225,-0.5,11.5225,HOLDING
2019-09-03,8,AEP,ES,73.6582,63.9867,-0.2613,-1,11.9071,-0.5,11.4071,HOLDING
2019-09-04,8,AEP,ES,73.8725,64.7878,-1.1582,-1,14.725,-0.5,14.225,HOLDING
2019-09-05,8,AEP,ES,72.6658,64.4265,-1.9147,-1,17.6393,-0.5,17.1393,HOLDING
2019-09-06,8,AEP,ES,72.3165,64.6778,-2.1969,-1,0.0,19.0286,19.0286,PERIOD_END_EXIT
2019-03-11,9,DUK,ETR,68.3325,36.5296,0.0,0,0.0,0.0,0.0,HOLD_CASH
2019-03-12,9,DUK,ETR,68.446,36.8911,0.0,0,0.0,0.0,0.0,HOLD_CASH
2019-03-13,9,DUK,ETR,68.4838,36.9378,0.0,0,0.0,0.0,0.0,HOLD_CASH
2019-03-14,9,DUK,ETR,68.3325,36.9106,0.0,0,0.0,0.0,0.0,HOLD_CASH
2019-03-15,9,DUK,ETR,68.5518,36.8017,0.0,0,0.0,0.0,0.0,HOLD_CASH
2019-03-18,9,DUK,ETR,68.1057,36.7356,0.0,0,0.0,0.0,0.0,HOLD_CASH
2019-03-19,9,DUK,ETR,67.3948,36.2263,0.0,0,0.0,0.0,0.0,HOLD_CASH
2019-03-20,9,DUK,ETR,67.5914,36.3779,0.0,0,0.0,0.0,0.0,HOLD_CASH
2019-03-21,9,DUK,ETR,67.9922,36.9145,0.0,0,0.0,0.0,0.0,HOLD_CASH
2019-03-22,9,DUK,ETR,68.5897,37.3693,0.0,0,0.0,0.0,0.0,HOLD_CASH
2019-03-25,9,DUK,ETR,68.6426,37.2527,0.0,0,0.0,0.0,0.0,HOLD_CASH
2019-03-26,9,DUK,ETR,69.2173,37.5209,0.0,0,0.0,0.0,0.0,HOLD_CASH
2019-03-27,9,DUK,ETR,68.4233,37.3071,0.0,0,0.0,0.0,0.0,HOLD_CASH
2019-03-28,9,DUK,ETR,67.5914,36.9572,0.0,0,0.0,0.0,0.0,HOLD_CASH
2019-03-29,9,DUK,ETR,68.0603,37.1788,0.0,0,0.0,0.0,0.0,HOLD_CASH
2019-04-01,9,DUK,ETR,67.5158,36.6851,0.0,0,0.0,0.0,0.0,HOLD_CASH
2019-04-02,9,DUK,ETR,67.4024,36.5957,0.0,0,0.0,0.0,0.0,HOLD_CASH
2019-04-03,9,DUK,ETR,67.1906,36.5645,0.0,0,0.0,0.0,0.0,HOLD_CASH
2019-04-04,9,DUK,ETR,67.5687,36.3935,0.0,0,0.0,0.0,0.0,HOLD_CASH
2019-04-05,9,DUK,ETR,68.4611,36.7278,1.3078,0,0.0,0.0,0.0,HOLD_CASH
2019-04-08,9,DUK,ETR,68.1435,36.6773,0.9291,0,0.0,0.0,0.0,HOLD_CASH
2019-04-09,9,DUK,ETR,68.2493,36.8212,0.5465,0,0.0,0.0,0.0,HOLD_CASH
2019-04-10,9,DUK,ETR,68.0149,36.7745,0.2046,0,0.0,0.0,0.0,HOLD_CASH
2019-04-11,9,DUK,ETR,68.2569,36.9417,0.055,0,0.0,0.0,0.0,HOLD_CASH
2019-04-12,9,DUK,ETR,68.4006,37.0272,0.0955,0,0.0,0.0,0.0,HOLD_CASH
2019-04-15,9,DUK,ETR,68.393,36.9533,0.4549,0,0.0,0.0,0.0,HOLD_CASH
2019-04-16,9,DUK,ETR,67.3721,36.308,0.9762,0,0.0,0.0,0.0,HOLD_CASH
2019-04-17,9,DUK,ETR,67.3494,36.1175,1.7704,0,0.0,0.0,0.0,HOLD_CASH
2019-04-18,9,DUK,ETR,67.4099,36.3352,0.7871,0,0.0,0.0,0.0,HOLD_CASH
2019-04-22,9,DUK,ETR,67.0999,36.4052,-0.4093,0,0.0,0.0,0.0,HOLD_CASH
2019-04-23,9,DUK,ETR,67.3117,36.6617,-1.0503,0,0.0,0.0,0.0,HOLD_CASH
2019-04-24,9,DUK,ETR,67.8183,36.7939,-0.3542,0,0.0,0.0,0.0,HOLD_CASH
2019-04-25,9,DUK,ETR,68.4006,37.0155,0.0288,0,0.0,0.0,0.0,HOLD_CASH
2019-04-26,9,DUK,ETR,68.3023,36.9844,-0.1896,0,0.0,0.0,0.0,HOLD_CASH
2019-04-29,9,DUK,ETR,67.7427,36.9339,-1.676,0,0.0,0.0,0.0,HOLD_CASH
2019-04-30,9,DUK,ETR,68.9073,37.6726,-1.9913,0,0.0,0.0,0.0,HOLD_CASH
2019-05-01,9,DUK,ETR,68.3703,37.2799,-1.3774,0,0.0,0.0,0.0,HOLD_CASH
2019-05-02,9,DUK,ETR,67.9166,37.4082,-2.5671,1,0.0,-0.5,-0.5,ENTER_LONG_A
2019-05-03,9,DUK,ETR,68.1813,37.5676,-2.1526,1,-0.091,-0.5,-0.591,HOLDING
2019-05-06,9,DUK,ETR,67.6671,37.4043,-2.1687,1,-0.8926,-0.5,-1.3926,HOLDING
2019-05-07,9,DUK,ETR,67.5007,37.5209,-2.2999,1,-2.2846,-0.5,-2.7846,HOLDING
2019-05-08,9,DUK,ETR,66.3966,36.9833,-2.0869,1,-2.7553,-0.5,-3.2553,HOLDING
2019-05-09,9,DUK,ETR,65.6631,37.0146,-2.478,1,-5.6652,-0.5,-6.1652,HOLDING
2019-05-10,9,DUK,ETR,66.5403,37.8075,-2.4152,1,-7.7345,-0.5,-8.2345,HOLDING
2019-05-13,9,DUK,ETR,66.5857,38.2549,-2.4364,1,-10.5577,-0.5,-11.0577,HOLDING
2019-05-14,9,DUK,ETR,65.7992,37.8702,-2.0957,1,-10.8821,-0.5,-11.3821,HOLDING
2019-05-15,9,DUK,ETR,65.6328,37.7918,-1.8233,1,-10.9701,-0.5,-11.4701,HOLDING
2019-05-16,9,DUK,ETR,65.9218,38.0351,-1.6881,1,-11.5326,-0.5,-12.0326,HOLDING
2019-05-17,9,DUK,ETR,66.6556,38.4197,-1.4696,1,-11.4019,-0.5,-11.9019,HOLDING
2019-05-20,9,DUK,ETR,66.4721,38.4433,-1.4331,1,-12.2346,-0.5,-12.7346,HOLDING
2019-05-21,9,DUK,ETR,66.5639,38.3373,-1.1429,1,-11.1887,-0.5,-11.6887,HOLDING
2019-05-22,9,DUK,ETR,67.1219,38.6552,-1.0344,1,-11.2594,-0.5,-11.7594,HOLDING
2019-05-23,9,DUK,ETR,67.9551,38.9927,-0.8058,1,-10.448,-0.5,-10.948,HOLDING
2019-05-24,9,DUK,ETR,67.8863,38.8514,-0.6208,1,-9.7571,-0.5,-10.2571,HOLDING
2019-05-28,9,DUK,ETR,66.5944,38.0429,-0.4637,1,-9.109,-0.5,-9.609,HOLDING
2019-05-29,9,DUK,ETR,65.5931,37.5445,-0.4828,1,-9.4639,-0.5,-9.9639,HOLDING
2019-05-30,9,DUK,ETR,65.379,37.7407,-0.865,1,-11.5632,-0.5,-12.0632,HOLDING
2019-05-31,9,DUK,ETR,65.4402,38.0979,-1.2688,1,-13.725,-0.5,-14.225,HOLDING
2019-06-03,9,DUK,ETR,65.7536,38.4707,-1.4989,1,-15.0632,-0.5,-15.5632,HOLDING
2019-06-04,9,DUK,ETR,65.6619,38.2431,-1.1652,1,-13.8795,-0.5,-14.3795,HOLDING
2019-06-05,9,DUK,ETR,66.6709,39.342,-2.0326,1,-17.5095,-0.5,-18.0095,HOLDING
2019-06-06,9,DUK,ETR,67.0454,39.6325,-2.1061,1,-18.0719,-0.5,-18.5719,HOLDING
2019-06-07,9,DUK,ETR,66.5333,39.4833,-2.1674,1,-18.9603,-0.5,-19.4603,HOLDING
2019-06-10,9,DUK,ETR,65.96,39.189,-1.969,1,-19.1034,-0.5,-19.6034,HOLDING
2019-06-11,9,DUK,ETR,65.4631,39.0516,-1.9354,1,-20.0143,-0.5,-20.5143,HOLDING
2019-06-12,9,DUK,ETR,66.2352,39.762,-1.9995,1,-21.9199,-0.5,-22.4199,HOLDING
2019-06-13,9,DUK,ETR,66.3269,39.6482,-1.5184,1,-20.8216,-0.5,-21.3216,HOLDING
2019-06-14,9,DUK,ETR,67.1677,40.0485,-1.2228,1,-20.4019,-0.5,-20.9019,HOLDING
2019-06-17,9,DUK,ETR,67.2289,39.9386,-0.9109,1,-19.4424,-0.5,-19.9424,HOLDING
2019-06-18,9,DUK,ETR,66.6862,39.7581,-1.0147,1,-20.2336,-0.5,-20.7336,HOLDING
2019-06-19,9,DUK,ETR,66.9996,40.2212,-1.2694,1,-22.1751,-0.5,-22.6751,HOLDING
2019-06-20,9,DUK,ETR,67.7104,40.598,-1.0853,1,-22.0764,-0.5,-22.5764,HOLDING
2019-06-21,9,DUK,ETR,68.4366,40.9198,-0.8426,1,-21.554,-0.5,-22.054,HOLDING
2019-06-24,9,DUK,ETR,68.7271,40.6961,-0.1842,1,-18.9898,-0.5,-19.4898,HOLDING
2019-06-25,9,DUK,ETR,68.8876,40.5195,0.3949,1,-17.2185,-0.5,-17.7185,HOLDING
2019-06-26,9,DUK,ETR,67.2518,39.7228,0.2443,1,-17.9154,-0.5,-18.4154,HOLDING
2019-06-27,9,DUK,ETR,67.6875,39.8994,0.6176,1,-17.492,-0.5,-17.992,HOLDING
2019-06-28,9,DUK,ETR,67.4505,40.3978,-1.0238,1,-21.6953,-0.5,-22.1953,HOLDING
2019-07-01,9,DUK,ETR,67.2747,40.0328,-0.1829,1,-19.9032,-0.5,-20.4032,HOLDING
2019-07-02,9,DUK,ETR,68.1385,40.6961,-0.6106,1,-21.1564,-0.5,-21.6564,HOLDING
2019-07-03,9,DUK,ETR,68.8723,41.0297,-0.1373,1,-20.6847,-0.5,-21.1847,HOLDING
2019-07-05,9,DUK,ETR,68.5513,40.9512,-0.5251,1,-21.3419,-0.5,-21.8419,HOLDING
2019-07-08,9,DUK,ETR,68.536,40.963,-0.5526,1,-21.4768,-0.5,-21.9768,HOLDING
2019-07-09,9,DUK,ETR,68.3373,40.912,-0.7646,1,-21.8674,-0.5,-22.3674,HOLDING
2019-07-10,9,DUK,ETR,68.5131,41.0807,-0.9599,1,-22.3481,-0.5,-22.8481,HOLDING
2019-07-11,9,DUK,ETR,68.3755,40.9944,-0.9665,1,-22.2776,-0.5,-22.7776,HOLDING
2019-07-12,9,DUK,ETR,67.8022,40.7667,-1.3344,1,-22.8666,-0.5,-23.3666,HOLDING
2019-07-15,9,DUK,ETR,68.322,41.1474,-1.4313,1,-23.4975,-0.5,-23.9975,HOLDING
2019-07-16,9,DUK,ETR,68.0544,41.1631,-1.7862,1,-24.5871,-0.5,-25.0871,HOLDING
2019-07-17,9,DUK,ETR,68.1385,41.4222,-2.0587,1,-26.0089,-0.5,-26.5089,HOLDING
2019-07-18,9,DUK,ETR,68.6354,41.8971,-2.1413,1,-27.3537,-0.5,-27.8537,HOLDING
2019-07-19,9,DUK,ETR,67.6111,41.4457,-2.1374,1,-28.1076,-0.5,-28.6076,HOLDING
2019-07-22,9,DUK,ETR,67.3818,41.3672,-1.9221,1,-28.4272,-0.5,-28.9272,HOLDING
2019-07-23,9,DUK,ETR,67.0225,41.1553,-1.693,1,-28.3332,-0.5,-28.8332,HOLDING
2019-07-24,9,DUK,ETR,66.6403,41.0768,-1.7771,1,-29.2155,-0.5,-29.7155,HOLDING
2019-07-25,9,DUK,ETR,66.1129,40.8256,-1.7039,1,-29.4783,-0.5,-29.9783,HOLDING
2019-07-26,9,DUK,ETR,66.4339,40.6961,-1.0281,1,-27.431,-0.5,-27.931,HOLDING
2019-07-29,9,DUK,ETR,67.1066,41.1867,-1.0645,1,-28.2336,-0.5,-28.7336,HOLDING
2019-07-30,9,DUK,ETR,67.0684,40.7707,-0.2496,1,-25.594,-0.5,-26.094,HOLDING
2019-07-31,9,DUK,ETR,66.2887,41.4536,-2.1377,1,-33.0279,-0.5,-33.5279,HOLDING
2019-08-01,9,DUK,ETR,66.8849,41.9795,-2.0577,1,-34.3479,-0.5,-34.8479,HOLDING
2019-08-02,9,DUK,ETR,67.3588,41.8853,-1.2878,1,-31.9739,-0.5,-32.4739,HOLDING
2019-08-05,9,DUK,ETR,66.4721,41.1749,-0.9333,1,-30.4903,-0.5,-30.9903,HOLDING
2019-08-06,9,DUK,ETR,67.9704,41.8186,-0.3779,1,-29.277,-0.5,-29.777,HOLDING
2019-08-07,9,DUK,ETR,67.9092,41.9294,-0.5703,1,-30.2429,-0.5,-30.7429,HOLDING
2019-08-08,9,DUK,ETR,68.2684,42.3728,-0.9181,1,-31.8835,-0.5,-32.3835,HOLDING
2019-08-09,9,DUK,ETR,68.6048,42.5272,-0.7374,1,-31.6771,-0.5,-32.1771,HOLDING
2019-08-12,9,DUK,ETR,68.4137,42.6499,-1.2052,1,-33.2006,-0.5,-33.7006,HOLDING
2019-08-13,9,DUK,ETR,68.6583,42.6816,-0.848,1,-32.5119,-0.5,-33.0119,HOLDING
2019-08-14,9,DUK,ETR,67.8863,42.357,-1.1649,1,-33.1845,-0.5,-33.6845,HOLDING
2019-08-15,9,DUK,ETR,68.9795,43.1487,-1.3287,1,-34.4512,-0.5,-34.9512,HOLDING
2019-08-16,9,DUK,ETR,69.3581,43.2239,-0.8014,1,-33.5604,-0.5,-34.0604,HOLDING
2019-08-19,9,DUK,ETR,70.0535,43.4614,-0.2051,1,-32.5881,-0.5,-33.0881,HOLDING
2019-08-20,9,DUK,ETR,70.4475,43.6277,0.0701,1,-32.2488,-0.5,-32.7488,HOLDING
2019-08-21,9,DUK,ETR,70.4939,44.2056,-1.354,1,-35.9407,-0.5,-36.4407,HOLDING
2019-08-22,9,DUK,ETR,70.5557,44.0631,-0.7767,1,-34.7607,-0.5,-35.2607,HOLDING
2019-08-23,9,DUK,ETR,70.1075,43.4812,0.1453,1,-32.5213,-0.5,-33.0213,HOLDING
2019-08-26,9,DUK,ETR,70.5788,44.1541,-0.894,1,-35.2838,-0.5,-35.7838,HOLDING
2019-08-27,9,DUK,ETR,71.1969,44.3758,-0.3108,1,-34.4902,-0.5,-34.9902,HOLDING
2019-08-28,9,DUK,ETR,71.3128,44.4629,-0.4116,1,-34.6456,-0.5,-35.1456,HOLDING
2019-08-29,9,DUK,ETR,71.6683,44.74,-0.7596,1,-35.1892,-0.5,-35.6892,HOLDING
2019-08-30,9,DUK,ETR,71.6528,44.6688,-0.4411,1,-34.7699,-0.5,-35.2699,HOLDING
2019-09-03,9,DUK,ETR,72.3713,45.5951,-2.1702,1,-38.3156,-0.5,-38.8156,HOLDING
2019-09-04,9,DUK,ETR,72.6031,45.7495,-2.0327,1,-38.4941,-0.5,-38.9941,HOLDING
2019-09-05,9,DUK,ETR,72.1705,45.3259,-1.3091,1,-37.256,-0.5,-37.756,HOLDING
2019-09-06,9,DUK,ETR,72.4409,44.9498,1.071,1,0.0,-34.8144,-34.8144,PERIOD_END_EXIT
2019-03-11,10,EQR,UDR,57.3608,34.5511,0.0,0,0.0,0.0,0.0,HOLD_CASH
2019-03-12,10,EQR,UDR,57.8308,34.6204,0.0,0,0.0,0.0,0.0,HOLD_CASH
2019-03-13,10,EQR,UDR,57.723,34.7435,0.0,0,0.0,0.0,0.0,HOLD_CASH
2019-03-14,10,EQR,UDR,57.8386,34.8898,0.0,0,0.0,0.0,0.0,HOLD_CASH
2019-03-15,10,EQR,UDR,57.6074,34.7358,0.0,0,0.0,0.0,0.0,HOLD_CASH
2019-03-18,10,EQR,UDR,57.0064,34.3356,0.0,0,0.0,0.0,0.0,HOLD_CASH
2019-03-19,10,EQR,UDR,56.6365,34.2663,0.0,0,0.0,0.0,0.0,HOLD_CASH
2019-03-20,10,EQR,UDR,56.729,34.2509,0.0,0,0.0,0.0,0.0,HOLD_CASH
2019-03-21,10,EQR,UDR,57.6305,34.7358,0.0,0,0.0,0.0,0.0,HOLD_CASH
2019-03-22,10,EQR,UDR,57.7687,34.6204,0.0,0,0.0,0.0,0.0,HOLD_CASH
2019-03-25,10,EQR,UDR,57.8231,34.6896,0.0,0,0.0,0.0,0.0,HOLD_CASH
2019-03-26,10,EQR,UDR,58.3433,34.959,0.0,0,0.0,0.0,0.0,HOLD_CASH
2019-03-27,10,EQR,UDR,58.2191,34.8821,0.0,0,0.0,0.0,0.0,HOLD_CASH
2019-03-28,10,EQR,UDR,58.7238,35.0206,0.0,0,0.0,0.0,0.0,HOLD_CASH
2019-03-29,10,EQR,UDR,58.4831,34.9898,0.0,0,0.0,0.0,0.0,HOLD_CASH
2019-04-01,10,EQR,UDR,58.2191,34.8359,0.0,0,0.0,0.0,0.0,HOLD_CASH
2019-04-02,10,EQR,UDR,58.7704,35.1745,0.0,0,0.0,0.0,0.0,HOLD_CASH
2019-04-03,10,EQR,UDR,58.5374,35.2284,0.0,0,0.0,0.0,0.0,HOLD_CASH
2019-04-04,10,EQR,UDR,58.452,34.9667,0.0,0,0.0,0.0,0.0,HOLD_CASH
2019-04-05,10,EQR,UDR,58.7082,35.113,1.0021,0,0.0,0.0,0.0,HOLD_CASH
2019-04-08,10,EQR,UDR,58.6694,34.9679,1.6308,0,0.0,0.0,0.0,HOLD_CASH
2019-04-09,10,EQR,UDR,58.5374,34.999,0.8714,0,0.0,0.0,0.0,HOLD_CASH
2019-04-10,10,EQR,UDR,59.2828,35.1773,2.1478,-1,0.0,-0.5,-0.5,ENTER_SHORT_A
2019-04-11,10,EQR,UDR,59.5468,35.2704,2.1045,-1,-0.4519,-0.5,-0.9519,HOLDING
2019-04-12,10,EQR,UDR,60.1369,35.5186,2.175,-1,-1.1768,-0.5,-1.6768,HOLDING
2019-04-15,10,EQR,UDR,60.2534,35.4643,2.2359,-1,-2.0538,-0.5,-2.5538,HOLDING
2019-04-16,10,EQR,UDR,58.8014,34.4949,2.2893,-1,-2.8199,-0.5,-3.3199,HOLDING
2019-04-17,10,EQR,UDR,57.6833,33.89,1.8408,-1,-2.4038,-0.5,-2.9038,HOLDING
2019-04-18,10,EQR,UDR,58.289,34.301,1.4748,-1,-2.0367,-0.5,-2.5367,HOLDING
2019-04-22,10,EQR,UDR,57.5901,33.7426,1.746,-1,-3.058,-0.5,-3.558,HOLDING
2019-04-23,10,EQR,UDR,58.2035,34.2002,1.2673,-1,-2.3931,-0.5,-2.8931,HOLDING
2019-04-24,10,EQR,UDR,58.5995,34.4794,1.0063,-1,-2.0788,-0.5,-2.5788,HOLDING
2019-04-25,10,EQR,UDR,58.9878,34.6577,1.0601,-1,-2.4485,-0.5,-2.9485,HOLDING
2019-04-26,10,EQR,UDR,59.1664,34.9214,0.4814,-1,-1.3276,-0.5,-1.8276,HOLDING
2019-04-29,10,EQR,UDR,58.4675,34.4251,0.6833,-1,-1.9079,-0.5,-2.4079,HOLDING
2019-04-30,10,EQR,UDR,59.3372,34.8594,0.8556,-1,-2.4888,-0.5,-2.9888,HOLDING
2019-05-01,10,EQR,UDR,59.4148,34.5104,1.924,-1,-5.2965,-0.5,-5.7965,HOLDING
2019-05-02,10,EQR,UDR,59.3217,34.3243,2.125,-1,-6.2264,-0.5,-6.7264,HOLDING
2019-05-03,10,EQR,UDR,59.4692,34.4871,1.6858,-1,-5.691,-0.5,-6.191,HOLDING
2019-05-06,10,EQR,UDR,59.1741,34.4096,1.283,-1,-4.998,-0.5,-5.498,HOLDING
2019-05-07,10,EQR,UDR,58.056,33.7737,1.1363,-1,-4.8022,-0.5,-5.3022,HOLDING
2019-05-08,10,EQR,UDR,57.7998,33.8124,0.3761,-1,-3.4461,-0.5,-3.9461,HOLDING
2019-05-09,10,EQR,UDR,58.0948,33.8977,0.6675,-1,-4.084,-0.5,-4.584,HOLDING
2019-05-10,10,EQR,UDR,58.8791,34.4328,0.2442,-1,-3.5883,-0.5,-4.0883,HOLDING
2019-05-13,10,EQR,UDR,58.8868,34.4173,0.268,-1,-3.7313,-0.5,-4.2313,HOLDING
2019-05-14,10,EQR,UDR,58.8635,34.4018,0.2213,-1,-3.7433,-0.5,-4.2433,HOLDING
2019-05-15,10,EQR,UDR,59.1586,34.6035,0.0449,-1,-3.5546,-0.5,-4.0546,HOLDING
2019-05-16,10,EQR,UDR,59.64,34.7818,0.5149,-1,-4.317,-0.5,-4.817,HOLDING
2019-05-17,10,EQR,UDR,59.4925,34.7973,-0.0717,-1,-3.5847,-0.5,-4.0847,HOLDING
2019-05-20,10,EQR,UDR,58.817,34.3786,0.035,-1,-3.7122,-0.5,-4.2122,HOLDING
2019-05-21,10,EQR,UDR,59.2906,34.5957,0.3008,-1,-4.1662,-0.5,-4.6662,HOLDING
2019-05-22,10,EQR,UDR,59.508,34.8206,-0.3109,-1,-3.4848,-0.5,-3.9848,HOLDING
2019-05-23,10,EQR,UDR,59.8729,34.999,-0.1652,-1,-3.7562,-0.5,-4.2562,HOLDING
2019-05-24,10,EQR,UDR,59.935,35.1386,-0.9694,-1,-3.0261,-0.5,-3.5261,HOLDING
2019-05-28,10,EQR,UDR,59.1741,34.8439,-2.0028,-1,-1.9115,-0.5,-2.4115,HOLDING
2019-05-29,10,EQR,UDR,58.7548,34.2157,0.5585,-1,-4.6075,-0.5,-5.1075,HOLDING
2019-05-30,10,EQR,UDR,58.8713,34.2932,0.5416,-1,-4.5476,-0.5,-5.0476,HOLDING
2019-05-31,10,EQR,UDR,59.4536,34.7275,-0.0563,-1,-3.9171,-0.5,-4.4171,HOLDING
2019-06-03,10,EQR,UDR,59.1974,34.9137,-2.568,-1,-1.5137,-0.5,-2.0137,HOLDING
2019-06-04,10,EQR,UDR,58.6073,34.6035,-2.3596,-1,-1.2297,-0.5,-1.7297,HOLDING
2019-06-05,10,EQR,UDR,59.9816,35.5728,-2.6681,-1,-0.1361,-0.5,-0.6361,HOLDING
2019-06-06,10,EQR,UDR,60.4009,35.7512,-1.9107,-1,-0.6366,-0.5,-1.1366,HOLDING
2019-06-07,10,EQR,UDR,60.5485,35.7822,-1.4343,-1,-1.0383,-0.5,-1.5383,HOLDING
2019-06-10,10,EQR,UDR,60.432,35.7435,-1.4068,-1,-0.8227,-0.5,-1.3227,HOLDING
2019-06-11,10,EQR,UDR,60.4087,35.7047,-1.1604,-1,-1.0001,-0.5,-1.5001,HOLDING
2019-06-12,10,EQR,UDR,60.2922,35.759,-1.5192,-1,-0.1231,-0.5,-0.6231,HOLDING
2019-06-13,10,EQR,UDR,60.5096,35.9451,-1.5501,-1,0.2828,-0.5,-0.2172,HOLDING
2019-06-14,10,EQR,UDR,60.7659,36.0149,-1.1012,-1,-0.3017,-0.5,-0.8017,HOLDING
2019-06-17,10,EQR,UDR,61.0842,36.2475,-1.1519,-1,0.0093,-0.5,-0.4907,HOLDING
2019-06-18,10,EQR,UDR,60.6028,35.9218,-0.8972,-1,-0.2754,-0.5,-0.7754,HOLDING
2019-06-19,10,EQR,UDR,60.8979,36.0692,-0.7072,-1,-0.4726,-0.5,-0.9726,HOLDING
2019-06-20,10,EQR,UDR,61.2085,36.108,-0.0414,-1,-1.5067,-0.5,-2.0067,HOLDING
2019-06-21,10,EQR,UDR,60.5873,35.4255,1.3552,-1,-3.7373,-0.5,-4.2373,HOLDING
2019-06-24,10,EQR,UDR,60.7736,35.2937,2.0944,-1,-5.4602,-0.5,-5.9602,HOLDING
2019-06-25,10,EQR,UDR,59.7176,34.9835,0.8244,-1,-3.2115,-0.5,-3.7115,HOLDING
2019-06-26,10,EQR,UDR,58.7393,34.239,1.534,-1,-4.3768,-0.5,-4.8768,HOLDING
2019-06-27,10,EQR,UDR,59.1524,34.5724,1.227,-1,-3.7488,-0.5,-4.2488,HOLDING
2019-06-28,10,EQR,UDR,59.3949,34.8128,0.8677,-1,-3.063,-0.5,-3.563,HOLDING
2019-07-01,10,EQR,UDR,59.567,34.9835,0.5363,-1,-2.5762,-0.5,-3.0762,HOLDING
2019-07-02,10,EQR,UDR,60.5762,35.4022,1.1405,-1,-3.856,-0.5,-4.356,HOLDING
2019-07-03,10,EQR,UDR,61.2882,35.8753,0.8269,-1,-3.4963,-0.5,-3.9963,HOLDING
2019-07-05,10,EQR,UDR,60.9596,35.6737,0.7821,-1,-3.5436,-0.5,-4.0436,HOLDING
2019-07-08,10,EQR,UDR,61.6715,36.0382,0.8971,-1,-3.9555,-0.5,-4.4555,HOLDING
2019-07-09,10,EQR,UDR,62.0548,36.4468,0.1345,-1,-2.6681,-0.5,-3.1681,HOLDING
2019-07-10,10,EQR,UDR,62.2504,36.6577,-0.2723,-1,-1.9937,-0.5,-2.4937,HOLDING
2019-07-11,10,EQR,UDR,62.0314,36.3296,0.4513,-1,-3.402,-0.5,-3.902,HOLDING
2019-07-12,10,EQR,UDR,61.6871,36.1421,0.3125,-1,-3.283,-0.5,-3.783,HOLDING
2019-07-15,10,EQR,UDR,61.9062,36.1811,0.6455,-1,-3.9291,-0.5,-4.4291,HOLDING
2019-07-16,10,EQR,UDR,61.6871,36.2827,-0.6263,-1,-2.2835,-0.5,-2.7835,HOLDING
2019-07-17,10,EQR,UDR,61.5228,36.1186,-0.4053,-1,-2.7567,-0.5,-3.2567,HOLDING
2019-07-18,10,EQR,UDR,61.4837,36.1968,-1.3048,-1,-2.0365,-0.5,-2.5365,HOLDING
2019-07-19,10,EQR,UDR,60.3572,35.4936,-1.1199,-1,-2.2829,-0.5,-2.7829,HOLDING
2019-07-22,10,EQR,UDR,60.1459,35.392,-1.1745,-1,-2.114,-0.5,-2.614,HOLDING
2019-07-23,10,EQR,UDR,60.9909,35.7671,-0.1076,-1,-3.0119,-0.5,-3.5119,HOLDING
2019-07-24,10,EQR,UDR,60.5762,35.6655,-1.3257,-1,-1.9851,-0.5,-2.4851,HOLDING
2019-07-25,10,EQR,UDR,61.1004,35.8686,-0.276,-1,-2.752,-0.5,-3.252,HOLDING
2019-07-26,10,EQR,UDR,61.4603,36.0093,0.5163,-1,-3.2701,-0.5,-3.7701,HOLDING
2019-07-29,10,EQR,UDR,62.2817,36.3764,1.5507,-1,-4.1246,-0.5,-4.6246,HOLDING
2019-07-30,10,EQR,UDR,62.227,36.4077,0.8417,-1,-3.6717,-0.5,-4.1717,HOLDING
2019-07-31,10,EQR,UDR,61.7184,35.9858,1.8983,-1,-4.5254,-0.5,-5.0254,HOLDING
2019-08-01,10,EQR,UDR,62.2582,35.9936,3.1103,-1,-6.7463,-0.5,-7.2463,HOLDING
2019-08-02,10,EQR,UDR,62.9624,36.1421,3.1012,-1,-8.6607,-0.5,-9.1607,HOLDING
2019-08-05,10,EQR,UDR,61.163,35.0014,2.6681,-1,-9.1791,-0.5,-9.6791,HOLDING
2019-08-06,10,EQR,UDR,61.914,36.1968,0.0191,-1,-3.8511,-0.5,-4.3511,HOLDING
2019-08-07,10,EQR,UDR,62.4147,36.1811,0.9655,-1,-6.0736,-0.5,-6.5736,HOLDING
2019-08-08,10,EQR,UDR,63.244,36.5093,1.3235,-1,-7.2386,-0.5,-7.7386,HOLDING
2019-08-09,10,EQR,UDR,63.5804,36.8062,0.9089,-1,-6.5474,-0.5,-7.0474,HOLDING
2019-08-12,10,EQR,UDR,63.5413,37.0952,-0.0675,-1,-4.3279,-0.5,-4.8279,HOLDING
2019-08-13,10,EQR,UDR,63.2831,36.3764,1.5152,-1,-8.3476,-0.5,-8.8476,HOLDING
2019-08-14,10,EQR,UDR,62.446,35.8295,1.514,-1,-8.7043,-0.5,-9.2043,HOLDING
2019-08-15,10,EQR,UDR,63.4865,36.3843,1.4613,-1,-9.1498,-0.5,-9.6498,HOLDING
2019-08-16,10,EQR,UDR,63.8699,36.7046,1.0699,-1,-8.49,-0.5,-8.99,HOLDING
2019-08-19,10,EQR,UDR,64.7539,37.3062,0.7303,-1,-7.9426,-0.5,-8.4426,HOLDING
2019-08-20,10,EQR,UDR,64.4957,37.0952,0.8229,-1,-8.353,-0.5,-8.853,HOLDING
2019-08-21,10,EQR,UDR,64.6444,37.2593,0.5167,-1,-7.8139,-0.5,-8.3139,HOLDING
2019-08-22,10,EQR,UDR,64.9338,37.6421,-0.2661,-1,-6.3138,-0.5,-6.8138,HOLDING
2019-08-23,10,EQR,UDR,64.7383,37.1109,1.093,-1,-9.2647,-0.5,-9.7647,HOLDING
2019-08-26,10,EQR,UDR,65.4111,37.2984,1.6212,-1,-10.7694,-0.5,-11.2694,HOLDING
2019-08-27,10,EQR,UDR,65.5441,37.1968,2.0017,-1,-12.0521,-0.5,-12.5521,HOLDING
2019-08-28,10,EQR,UDR,65.4267,37.3062,1.2683,-1,-10.7799,-0.5,-11.2799,HOLDING
2019-08-29,10,EQR,UDR,65.9274,37.5796,1.1797,-1,-10.9479,-0.5,-11.4479,HOLDING
2019-08-30,10,EQR,UDR,66.3107,37.6421,1.5335,-1,-12.1203,-0.5,-12.6203,HOLDING
2019-09-03,10,EQR,UDR,67.1165,37.8921,1.9027,-1,-13.7416,-0.5,-14.2416,HOLDING
2019-09-04,10,EQR,UDR,67.5077,38.0484,1.8884,-1,-14.2808,-0.5,-14.7808,HOLDING
2019-09-05,10,EQR,UDR,67.273,37.7749,1.9574,-1,-15.2344,-0.5,-15.7344,HOLDING
2019-09-06,10,EQR,UDR,67.9458,38.2281,1.5476,-1,0.0,-15.9095,-15.9095,PERIOD_END_EXIT
2019-03-11,11,AIV,AVB,2.3445,155.4571,0.0,0,0.0,0.0,0.0,HOLD_CASH
2019-03-12,11,AIV,AVB,2.3662,156.5752,0.0,0,0.0,0.0,0.0,HOLD_CASH
2019-03-13,11,AIV,AVB,2.3676,156.9767,0.0,0,0.0,0.0,0.0,HOLD_CASH
2019-03-14,11,AIV,AVB,2.3888,157.5279,0.0,0,0.0,0.0,0.0,HOLD_CASH
2019-03-15,11,AIV,AVB,2.3892,156.6618,0.0,0,0.0,0.0,0.0,HOLD_CASH
2019-03-18,11,AIV,AVB,2.3426,155.2682,0.0,0,0.0,0.0,0.0,HOLD_CASH
2019-03-19,11,AIV,AVB,2.3384,154.654,0.0,0,0.0,0.0,0.0,HOLD_CASH
2019-03-20,11,AIV,AVB,2.3309,154.843,0.0,0,0.0,0.0,0.0,HOLD_CASH
2019-03-21,11,AIV,AVB,2.3662,156.4335,0.0,0,0.0,0.0,0.0,HOLD_CASH
2019-03-22,11,AIV,AVB,2.3516,157.15,0.0,0,0.0,0.0,0.0,HOLD_CASH
2019-03-25,11,AIV,AVB,2.3539,156.8192,0.0,0,0.0,0.0,0.0,HOLD_CASH
2019-03-26,11,AIV,AVB,2.3718,158.1578,0.0,0,0.0,0.0,0.0,HOLD_CASH
2019-03-27,11,AIV,AVB,2.3718,158.1421,0.0,0,0.0,0.0,0.0,HOLD_CASH
2019-03-28,11,AIV,AVB,2.3765,159.4035,0.0,0,0.0,0.0,0.0,HOLD_CASH
2019-03-29,11,AIV,AVB,2.3662,159.2527,0.0,0,0.0,0.0,0.0,HOLD_CASH
2019-04-01,11,AIV,AVB,2.3633,159.2131,0.0,0,0.0,0.0,0.0,HOLD_CASH
2019-04-02,11,AIV,AVB,2.3916,160.4269,0.0,0,0.0,0.0,0.0,HOLD_CASH
2019-04-03,11,AIV,AVB,2.3963,160.5459,0.0,0,0.0,0.0,0.0,HOLD_CASH
2019-04-04,11,AIV,AVB,2.3775,160.0461,0.0,0,0.0,0.0,0.0,HOLD_CASH
2019-04-05,11,AIV,AVB,2.3888,160.4031,-1.0348,0,0.0,0.0,0.0,HOLD_CASH
2019-04-08,11,AIV,AVB,2.3831,159.8716,-0.8278,0,0.0,0.0,0.0,HOLD_CASH
2019-04-09,11,AIV,AVB,2.3746,159.1496,-0.6304,0,0.0,0.0,0.0,HOLD_CASH
2019-04-10,11,AIV,AVB,2.3911,160.4191,-0.6905,0,0.0,0.0,0.0,HOLD_CASH
2019-04-11,11,AIV,AVB,2.3859,161.1727,-1.445,0,0.0,0.0,0.0,HOLD_CASH
2019-04-12,11,AIV,AVB,2.4005,161.9105,-1.2463,0,0.0,0.0,0.0,HOLD_CASH
2019-04-15,11,AIV,AVB,2.3944,161.9502,-1.5187,0,0.0,0.0,0.0,HOLD_CASH
2019-04-16,11,AIV,AVB,2.3243,157.0393,-1.2757,0,0.0,0.0,0.0,HOLD_CASH
2019-04-17,11,AIV,AVB,2.2735,153.7785,-1.3382,0,0.0,0.0,0.0,HOLD_CASH
2019-04-18,11,AIV,AVB,2.2862,155.6192,-2.287,1,0.0,-0.5,-0.5,ENTER_LONG_A
2019-04-22,11,AIV,AVB,2.2514,153.6357,-2.2358,1,-0.621,-0.5,-1.121,HOLDING
2019-04-23,11,AIV,AVB,2.2942,155.7064,-1.2622,1,0.7345,-0.5,0.2345,HOLDING
2019-04-24,11,AIV,AVB,2.3158,157.2138,-1.1974,1,0.6797,-0.5,0.1797,HOLDING
2019-04-25,11,AIV,AVB,2.3144,158.634,-2.3637,1,-1.7562,-0.5,-2.2562,HOLDING
2019-04-26,11,AIV,AVB,2.3295,159.0861,-1.5869,1,-0.8361,-0.5,-1.3361,HOLDING
2019-04-29,11,AIV,AVB,2.297,157.0948,-1.5738,1,-1.1872,-0.5,-1.6872,HOLDING
2019-04-30,11,AIV,AVB,2.3224,159.4115,-1.7778,1,-2.1305,-0.5,-2.6305,HOLDING
2019-05-01,11,AIV,AVB,2.3215,159.5938,-1.7214,1,-2.5264,-0.5,-3.0264,HOLDING
2019-05-02,11,AIV,AVB,2.3083,159.816,-2.1505,1,-4.324,-0.5,-4.824,HOLDING
2019-05-03,11,AIV,AVB,2.3549,160.3872,-0.3242,1,-0.148,-0.5,-0.648,HOLDING
2019-05-06,11,AIV,AVB,2.3412,159.1258,-0.03,1,0.3864,-0.5,-0.1136,HOLDING
2019-05-07,11,AIV,AVB,2.3092,156.1269,0.6523,1,1.7054,-0.5,1.2054,HOLDING
2019-05-08,11,AIV,AVB,2.3107,155.8571,1.0323,1,2.2932,-0.5,1.7932,HOLDING
2019-05-09,11,AIV,AVB,2.3248,157.5074,0.5701,1,1.1856,-0.5,0.6856,HOLDING
2019-05-10,11,AIV,AVB,2.3474,159.2369,0.4349,1,0.8768,-0.5,0.3768,HOLDING
2019-05-13,11,AIV,AVB,2.3455,159.1814,0.4315,1,0.7602,-0.5,0.2602,HOLDING
2019-05-14,11,AIV,AVB,2.3403,158.4753,0.7768,1,1.3286,-0.5,0.8286,HOLDING
2019-05-15,11,AIV,AVB,2.3558,159.229,1.0613,1,1.8156,-0.5,1.3156,HOLDING
2019-05-16,11,AIV,AVB,2.3838,160.8633,1.2565,1,2.2495,-0.5,1.7495,HOLDING
2019-05-17,11,AIV,AVB,2.3904,161.1647,1.2602,1,2.4912,-0.5,1.9912,HOLDING
2019-05-20,11,AIV,AVB,2.3534,159.1099,0.7982,1,1.7476,-0.5,1.2476,HOLDING
2019-05-21,11,AIV,AVB,2.3866,160.4269,1.4399,1,3.2617,-0.5,2.7617,HOLDING
2019-05-22,11,AIV,AVB,2.3938,161.2996,1.0406,1,2.6376,-0.5,2.1376,HOLDING
2019-05-23,11,AIV,AVB,2.4179,161.6408,1.775,1,4.7341,-0.5,4.2341,HOLDING
2019-05-24,11,AIV,AVB,2.4203,162.8626,0.9022,1,3.0306,-0.5,2.5306,HOLDING
2019-05-28,11,AIV,AVB,2.3843,160.8236,0.548,1,2.3652,-0.5,1.8652,HOLDING
2019-05-29,11,AIV,AVB,2.3387,159.7129,-1.0148,1,-0.8285,-0.5,-1.3285,HOLDING
2019-05-30,11,AIV,AVB,2.3516,159.7764,-0.4981,1,0.4695,-0.5,-0.0305,HOLDING
2019-05-31,11,AIV,AVB,2.3686,161.0617,-1.0421,1,0.2715,-0.5,-0.2285,HOLDING
2019-06-03,11,AIV,AVB,2.371,161.7201,-1.6012,1,-0.5269,-0.5,-1.0269,HOLDING
2019-06-04,11,AIV,AVB,2.37,160.2603,0.0278,1,1.7145,-0.5,1.2145,HOLDING
2019-06-05,11,AIV,AVB,2.4255,164.8302,-0.8881,1,0.4401,-0.5,-0.0599,HOLDING
2019-06-06,11,AIV,AVB,2.4473,165.6077,-0.0339,1,1.5764,-0.5,1.0764,HOLDING
2019-06-07,11,AIV,AVB,2.4303,165.8615,-1.5255,1,-0.6982,-0.5,-1.1982,HOLDING
2019-06-10,11,AIV,AVB,2.4303,166.0995,-1.6005,1,-1.0806,-0.5,-1.5806,HOLDING
2019-06-11,11,AIV,AVB,2.4246,166.0837,-1.7444,1,-1.6774,-0.5,-2.1774,HOLDING
2019-06-12,11,AIV,AVB,2.435,164.3779,0.5075,1,2.2037,-0.5,1.7037,HOLDING
2019-06-13,11,AIV,AVB,2.4364,164.2986,0.649,1,2.4867,-0.5,1.9867,HOLDING
2019-06-14,11,AIV,AVB,2.4246,165.0919,-0.7636,1,-0.0842,-0.5,-0.5842,HOLDING
2019-06-17,11,AIV,AVB,2.4355,166.3138,-1.0854,1,-0.8543,-0.5,-1.3543,HOLDING
2019-06-18,11,AIV,AVB,2.4208,165.5124,-1.146,1,-1.1746,-0.5,-1.6746,HOLDING
2019-06-19,11,AIV,AVB,2.4317,165.9647,-0.8056,1,-0.7084,-0.5,-1.2084,HOLDING
2019-06-20,11,AIV,AVB,2.4511,166.9802,-0.4591,1,-0.2138,-0.5,-0.7138,HOLDING
2019-06-21,11,AIV,AVB,2.4265,164.8618,0.0899,1,0.4929,-0.5,-0.0071,HOLDING
2019-06-24,11,AIV,AVB,2.4236,165.1316,-0.3567,1,-0.2516,-0.5,-0.7516,HOLDING
2019-06-25,11,AIV,AVB,2.3999,162.1724,1.4334,1,1.9096,-0.5,1.4096,HOLDING
2019-06-26,11,AIV,AVB,2.3506,159.6891,0.2297,1,0.5061,-0.5,0.0061,HOLDING
2019-06-27,11,AIV,AVB,2.3582,161.0321,-0.8332,1,-0.8218,-0.5,-1.3218,HOLDING
2019-06-28,11,AIV,AVB,2.3767,162.4231,-0.9267,1,-1.034,-0.5,-1.534,HOLDING
2019-07-01,11,AIV,AVB,2.3681,161.7276,-0.7607,1,-0.8501,-0.5,-1.3501,HOLDING
2019-07-02,11,AIV,AVB,2.4056,164.3257,-0.7302,1,-0.9273,-0.5,-1.4273,HOLDING
2019-07-03,11,AIV,AVB,2.4445,167.3394,-1.0819,1,-1.5168,-0.5,-2.0168,HOLDING
2019-07-05,11,AIV,AVB,2.4227,166.1723,-1.3523,1,-2.0272,-0.5,-2.5272,HOLDING
2019-07-08,11,AIV,AVB,2.436,167.963,-2.0592,1,-3.4519,-0.5,-3.9519,HOLDING
2019-07-09,11,AIV,AVB,2.4635,169.0821,-1.1382,1,-2.2423,-0.5,-2.7423,HOLDING
2019-07-10,11,AIV,AVB,2.4824,170.8888,-1.5384,1,-3.0704,-0.5,-3.5704,HOLDING
2019-07-11,11,AIV,AVB,2.4473,168.9942,-1.8513,1,-3.864,-0.5,-4.364,HOLDING
2019-07-12,11,AIV,AVB,2.4535,168.2587,-0.6363,1,-2.0084,-0.5,-2.5084,HOLDING
2019-07-15,11,AIV,AVB,2.4483,168.9062,-1.5607,1,-3.619,-0.5,-4.119,HOLDING
2019-07-16,11,AIV,AVB,2.4402,168.6824,-1.6659,1,-4.141,-0.5,-4.641,HOLDING
2019-07-17,11,AIV,AVB,2.4184,168.6504,-2.4328,1,-6.4749,-0.5,-6.9749,HOLDING
2019-07-18,11,AIV,AVB,2.4198,168.0269,-1.6111,1,-5.3177,-0.5,-5.8177,HOLDING
2019-07-19,11,AIV,AVB,2.353,165.3409,-2.4431,1,-8.3142,-0.5,-8.8142,HOLDING
2019-07-22,11,AIV,AVB,2.3449,163.9979,-1.6999,1,-7.0382,-0.5,-7.5382,HOLDING
2019-07-23,11,AIV,AVB,2.3587,165.3489,-1.6881,1,-7.7047,-0.5,-8.2047,HOLDING
2019-07-24,11,AIV,AVB,2.3525,165.3569,-1.7626,1,-8.3917,-0.5,-8.8917,HOLDING
2019-07-25,11,AIV,AVB,2.3544,165.3569,-1.5222,1,-8.1843,-0.5,-8.6843,HOLDING
2019-07-26,11,AIV,AVB,2.3634,166.58,-1.6388,1,-9.164,-0.5,-9.664,HOLDING
2019-07-29,11,AIV,AVB,2.3828,168.2267,-1.5843,1,-9.6834,-0.5,-10.1834,HOLDING
2019-07-30,11,AIV,AVB,2.3724,168.5625,-1.8672,1,-11.3636,-0.5,-11.8636,HOLDING
2019-07-31,11,AIV,AVB,2.3492,166.9077,-1.6608,1,-11.2461,-0.5,-11.7461,HOLDING
2019-08-01,11,AIV,AVB,2.3501,162.3911,0.6725,1,-3.8865,-0.5,-4.3865,HOLDING
2019-08-02,11,AIV,AVB,2.3819,164.4855,0.778,1,-3.7769,-0.5,-4.2769,HOLDING
2019-08-05,11,AIV,AVB,2.3136,160.3766,0.477,1,-4.643,-0.5,-5.143,HOLDING
2019-08-06,11,AIV,AVB,2.3734,162.3511,1.6077,1,-1.2814,-0.5,-1.7814,HOLDING
2019-08-07,11,AIV,AVB,2.38,163.2944,1.308,1,-2.0708,-0.5,-2.5708,HOLDING
2019-08-08,11,AIV,AVB,2.4028,165.0931,1.1394,1,-2.4713,-0.5,-2.9713,HOLDING
2019-08-09,11,AIV,AVB,2.4089,164.6853,1.5189,1,-1.1422,-0.5,-1.6422,HOLDING
2019-08-12,11,AIV,AVB,2.4165,164.3257,1.7573,1,0.2653,-0.5,-0.2347,HOLDING
2019-08-13,11,AIV,AVB,2.3895,163.2384,1.3048,1,-0.9438,-0.5,-1.4438,HOLDING
2019-08-14,11,AIV,AVB,2.3416,161.152,0.7084,1,-2.8293,-0.5,-3.3293,HOLDING
2019-08-15,11,AIV,AVB,2.3937,163.4144,1.1801,1,-0.7666,-0.5,-1.2666,HOLDING
2019-08-16,11,AIV,AVB,2.4214,164.5495,1.3371,1,0.4414,-0.5,-0.0586,HOLDING
2019-08-19,11,AIV,AVB,2.4372,166.0444,1.0549,1,-0.2353,-0.5,-0.7353,HOLDING
2019-08-20,11,AIV,AVB,2.4133,165.1091,0.7031,1,-1.3462,-0.5,-1.8462,HOLDING
2019-08-21,11,AIV,AVB,2.4185,166.2363,0.3347,1,-2.582,-0.5,-3.082,HOLDING
2019-08-22,11,AIV,AVB,2.4248,166.9797,0.1445,1,-3.0968,-0.5,-3.5968,HOLDING
2019-08-23,11,AIV,AVB,2.4071,164.8053,0.4768,1,-1.5376,-0.5,-2.0376,HOLDING
2019-08-26,11,AIV,AVB,2.4209,166.8438,-0.1126,1,-3.2967,-0.5,-3.7967,HOLDING
2019-08-27,11,AIV,AVB,2.4085,166.3402,-0.5111,1,-3.8466,-0.5,-4.3466,HOLDING
2019-08-28,11,AIV,AVB,2.4176,167.4353,-1.5097,1,-4.6129,-0.5,-5.1129,HOLDING
2019-08-29,11,AIV,AVB,2.4401,169.4498,-1.8053,1,-5.3925,-0.5,-5.8925,HOLDING
2019-08-30,11,AIV,AVB,2.4377,169.9215,-2.077,1,-6.4115,-0.5,-6.9115,HOLDING
2019-09-03,11,AIV,AVB,2.4525,171.1446,-2.0192,1,-6.7561,-0.5,-7.2561,HOLDING
2019-09-04,11,AIV,AVB,2.4577,172.7993,-2.3615,1,-8.8395,-0.5,-9.3395,HOLDING
2019-09-05,11,AIV,AVB,2.441,171.6402,-1.9844,1,-8.8068,-0.5,-9.3068,HOLDING
2019-09-06,11,AIV,AVB,2.4759,172.4716,-0.9857,1,0.0,-7.3746,-7.3746,PERIOD_END_EXIT
2019-03-11,12,ETR,PNW,36.5296,70.8679,0.0,0,0.0,0.0,0.0,HOLD_CASH
2019-03-12,12,ETR,PNW,36.8911,71.4853,0.0,0,0.0,0.0,0.0,HOLD_CASH
2019-03-13,12,ETR,PNW,36.9378,71.8166,0.0,0,0.0,0.0,0.0,HOLD_CASH
2019-03-14,12,ETR,PNW,36.9106,71.6434,0.0,0,0.0,0.0,0.0,HOLD_CASH
2019-03-15,12,ETR,PNW,36.8017,72.3964,0.0,0,0.0,0.0,0.0,HOLD_CASH
2019-03-18,12,ETR,PNW,36.7356,71.7413,0.0,0,0.0,0.0,0.0,HOLD_CASH
2019-03-19,12,ETR,PNW,36.2263,71.026,0.0,0,0.0,0.0,0.0,HOLD_CASH
2019-03-20,12,ETR,PNW,36.3779,71.3272,0.0,0,0.0,0.0,0.0,HOLD_CASH
2019-03-21,12,ETR,PNW,36.9145,72.1555,0.0,0,0.0,0.0,0.0,HOLD_CASH
2019-03-22,12,ETR,PNW,37.3693,72.8256,0.0,0,0.0,0.0,0.0,HOLD_CASH
2019-03-25,12,ETR,PNW,37.2527,72.6374,0.0,0,0.0,0.0,0.0,HOLD_CASH
2019-03-26,12,ETR,PNW,37.5209,72.9159,0.0,0,0.0,0.0,0.0,HOLD_CASH
2019-03-27,12,ETR,PNW,37.3071,72.6223,0.0,0,0.0,0.0,0.0,HOLD_CASH
2019-03-28,12,ETR,PNW,36.9572,71.5907,0.0,0,0.0,0.0,0.0,HOLD_CASH
2019-03-29,12,ETR,PNW,37.1788,71.9672,0.0,0,0.0,0.0,0.0,HOLD_CASH
2019-04-01,12,ETR,PNW,36.6851,71.4402,0.0,0,0.0,0.0,0.0,HOLD_CASH
2019-04-02,12,ETR,PNW,36.5957,71.1766,0.0,0,0.0,0.0,0.0,HOLD_CASH
2019-04-03,12,ETR,PNW,36.5645,70.8679,0.0,0,0.0,0.0,0.0,HOLD_CASH
2019-04-04,12,ETR,PNW,36.3935,70.5216,0.0,0,0.0,0.0,0.0,HOLD_CASH
2019-04-05,12,ETR,PNW,36.7278,71.2594,0.7008,0,0.0,0.0,0.0,HOLD_CASH
2019-04-08,12,ETR,PNW,36.6773,70.6947,1.8815,0,0.0,0.0,0.0,HOLD_CASH
2019-04-09,12,ETR,PNW,36.8212,70.9884,1.6728,0,0.0,0.0,0.0,HOLD_CASH
2019-04-10,12,ETR,PNW,36.7745,70.8679,1.5549,0,0.0,0.0,0.0,HOLD_CASH
2019-04-11,12,ETR,PNW,36.9417,71.7263,0.2561,0,0.0,0.0,0.0,HOLD_CASH
2019-04-12,12,ETR,PNW,37.0272,71.7639,0.4936,0,0.0,0.0,0.0,HOLD_CASH
2019-04-15,12,ETR,PNW,36.9533,72.1479,-0.9484,0,0.0,0.0,0.0,HOLD_CASH
2019-04-16,12,ETR,PNW,36.308,70.9432,-1.1984,0,0.0,0.0,0.0,HOLD_CASH
2019-04-17,12,ETR,PNW,36.1175,71.0486,-2.38,1,0.0,-0.5,-0.5,ENTER_LONG_A
2019-04-18,12,ETR,PNW,36.3352,70.8303,-0.6732,1,2.2753,-0.5,1.7753,HOLDING
2019-04-22,12,ETR,PNW,36.4052,70.4613,0.6695,1,4.0579,-0.5,3.5579,HOLDING
2019-04-23,12,ETR,PNW,36.6617,71.154,0.081,1,3.3965,-0.5,2.8965,HOLDING
2019-04-24,12,ETR,PNW,36.7939,71.3799,0.1499,1,3.5167,-0.5,3.0167,HOLDING
2019-04-25,12,ETR,PNW,37.0155,71.6359,0.5772,1,4.1497,-0.5,3.6497,HOLDING
2019-04-26,12,ETR,PNW,36.9844,71.5983,0.5063,1,4.0669,-0.5,3.5669,HOLDING
2019-04-29,12,ETR,PNW,36.9339,71.0562,1.5812,1,5.6245,-0.5,5.1245,HOLDING
2019-04-30,12,ETR,PNW,37.6726,72.2992,1.7573,1,6.3637,-0.5,5.8637,HOLDING
2019-05-01,12,ETR,PNW,37.2799,71.3961,1.8106,1,6.8234,-0.5,6.3234,HOLDING
2019-05-02,12,ETR,PNW,37.4082,70.6297,2.8503,1,10.4084,-0.5,9.9084,HOLDING
2019-05-03,12,ETR,PNW,37.5676,71.4265,1.7559,1,8.7079,-0.5,8.2079,HOLDING
2019-05-06,12,ETR,PNW,37.4043,70.9332,1.7471,1,9.3134,-0.5,8.8134,HOLDING
2019-05-07,12,ETR,PNW,37.5209,70.8421,1.8655,1,10.4412,-0.5,9.9412,HOLDING
2019-05-08,12,ETR,PNW,36.9833,69.9543,1.5158,1,9.8436,-0.5,9.3436,HOLDING
2019-05-09,12,ETR,PNW,37.0146,70.2502,1.1347,1,9.0195,-0.5,8.5195,HOLDING
2019-05-10,12,ETR,PNW,37.8075,71.8818,0.9028,1,8.766,-0.5,8.266,HOLDING
2019-05-13,12,ETR,PNW,38.2549,73.0884,0.4681,1,7.6174,-0.5,7.1174,HOLDING
2019-05-14,12,ETR,PNW,37.8702,72.0791,0.6864,1,8.5064,-0.5,8.0064,HOLDING
2019-05-15,12,ETR,PNW,37.7918,72.2385,0.2674,1,7.4024,-0.5,6.9024,HOLDING
2019-05-16,12,ETR,PNW,38.0351,72.7166,0.1518,1,7.4044,-0.5,6.9044,HOLDING
2019-05-17,12,ETR,PNW,38.4197,72.8987,0.8328,1,9.4259,-0.5,8.9259,HOLDING
2019-05-20,12,ETR,PNW,38.4433,73.3009,0.2368,1,8.1736,-0.5,7.6736,HOLDING
2019-05-21,12,ETR,PNW,38.3373,72.8836,0.495,1,8.9087,-0.5,8.4087,HOLDING
2019-05-22,12,ETR,PNW,38.6552,73.1795,0.9537,1,10.0679,-0.5,9.5679,HOLDING
2019-05-23,12,ETR,PNW,38.9927,73.8549,0.8281,1,10.0276,-0.5,9.5276,HOLDING
2019-05-24,12,ETR,PNW,38.8514,73.3616,1.3046,1,10.7854,-0.5,10.2854,HOLDING
2019-05-28,12,ETR,PNW,38.0429,72.3979,-0.2255,1,8.5803,-0.5,8.0803,HOLDING
2019-05-29,12,ETR,PNW,37.5445,71.2671,0.2093,1,9.1089,-0.5,8.6089,HOLDING
2019-05-30,12,ETR,PNW,37.7407,70.5765,2.8153,1,12.8971,-0.5,12.3971,HOLDING
2019-05-31,12,ETR,PNW,38.0979,71.2671,2.3013,1,12.9394,-0.5,12.4394,HOLDING
2019-06-03,12,ETR,PNW,38.4707,72.3979,1.1784,1,11.5415,-0.5,11.0415,HOLDING
2019-06-04,12,ETR,PNW,38.2431,72.2764,0.4674,1,10.393,-0.5,9.893,HOLDING
2019-06-05,12,ETR,PNW,39.342,74.2116,0.7593,1,11.1903,-0.5,10.6903,HOLDING
2019-06-06,12,ETR,PNW,39.6325,74.9477,0.3595,1,10.6105,-0.5,10.1105,HOLDING
2019-06-07,12,ETR,PNW,39.4833,74.1281,1.3447,1,12.4621,-0.5,11.9621,HOLDING
2019-06-10,12,ETR,PNW,39.189,73.817,0.7761,1,11.5194,-0.5,11.0194,HOLDING
2019-06-11,12,ETR,PNW,39.0516,73.1492,1.4453,1,12.9184,-0.5,12.4184,HOLDING
2019-06-12,12,ETR,PNW,39.762,73.2251,2.8305,1,17.5686,-0.5,17.0686,HOLDING
2019-06-13,12,ETR,PNW,39.6482,73.3616,1.9766,1,16.3002,-0.5,15.8002,HOLDING
2019-06-14,12,ETR,PNW,40.0485,73.9764,1.8851,1,16.9082,-0.5,16.4082,HOLDING
2019-06-17,12,ETR,PNW,39.9386,73.6273,1.7915,1,17.3759,-0.5,16.8759,HOLDING
2019-06-18,12,ETR,PNW,39.7581,73.4831,1.4009,1,16.6336,-0.5,16.1336,HOLDING
2019-06-19,12,ETR,PNW,40.2212,74.3254,1.2794,1,16.8753,-0.5,16.3753,HOLDING
2019-06-20,12,ETR,PNW,40.598,74.7959,1.3869,1,17.8276,-0.5,17.3276,HOLDING
2019-06-21,12,ETR,PNW,40.9198,74.0826,2.3564,1,22.5654,-0.5,22.0654,HOLDING
2019-06-24,12,ETR,PNW,40.6961,73.5969,2.0384,1,22.7259,-0.5,22.2259,HOLDING
2019-06-25,12,ETR,PNW,40.5195,73.3389,1.7539,1,22.4112,-0.5,21.9112,HOLDING
2019-06-26,12,ETR,PNW,39.7228,71.6997,1.7152,1,22.6643,-0.5,22.1643,HOLDING
2019-06-27,12,ETR,PNW,39.8994,71.1381,2.0727,1,25.8628,-0.5,25.3628,HOLDING
2019-06-28,12,ETR,PNW,40.3978,71.4037,2.1114,1,28.3784,-0.5,27.8784,HOLDING
2019-07-01,12,ETR,PNW,40.0328,71.2747,1.5455,1,26.3059,-0.5,25.8059,HOLDING
2019-07-02,12,ETR,PNW,40.6961,72.0867,1.5923,1,28.0398,-0.5,27.5398,HOLDING
2019-07-03,12,ETR,PNW,41.0297,72.5724,1.4894,1,28.64,-0.5,28.14,HOLDING
2019-07-05,12,ETR,PNW,40.9512,72.3144,1.428,1,29.0046,-0.5,28.5046,HOLDING
2019-07-08,12,ETR,PNW,40.963,72.3675,1.2808,1,28.899,-0.5,28.399,HOLDING
2019-07-09,12,ETR,PNW,40.912,72.4889,1.0603,1,28.1187,-0.5,27.6187,HOLDING
2019-07-10,12,ETR,PNW,41.0807,72.4434,1.2024,1,29.4471,-0.5,28.9471,HOLDING
2019-07-11,12,ETR,PNW,40.9944,71.8742,1.3489,1,30.8522,-0.5,30.3522,HOLDING
2019-07-12,12,ETR,PNW,40.7667,70.9636,1.5427,1,32.4808,-0.5,31.9808,HOLDING
2019-07-15,12,ETR,PNW,41.1474,71.1609,1.6718,1,34.4218,-0.5,33.9218,HOLDING
2019-07-16,12,ETR,PNW,41.1631,70.8042,1.7275,1,35.7854,-0.5,35.2854,HOLDING
2019-07-17,12,ETR,PNW,41.4222,71.3734,1.5129,1,35.5758,-0.5,35.0758,HOLDING
2019-07-18,12,ETR,PNW,41.8971,72.2082,1.4142,1,35.9256,-0.5,35.4256,HOLDING
2019-07-19,12,ETR,PNW,41.4457,71.0243,1.6277,1,36.9671,-0.5,36.4671,HOLDING
2019-07-22,12,ETR,PNW,41.3672,70.8497,1.5006,1,37.038,-0.5,36.538,HOLDING
2019-07-23,12,ETR,PNW,41.1553,70.4551,1.3949,1,36.9595,-0.5,36.4595,HOLDING
2019-07-24,12,ETR,PNW,41.0768,69.6659,1.7589,1,39.1933,-0.5,38.6933,HOLDING
2019-07-25,12,ETR,PNW,40.8256,69.1043,1.7153,1,39.4307,-0.5,38.9307,HOLDING
2019-07-26,12,ETR,PNW,40.6961,69.8328,0.823,1,35.9706,-0.5,35.4706,HOLDING
2019-07-29,12,ETR,PNW,41.1867,70.6676,0.7472,1,36.4291,-0.5,35.9291,HOLDING
2019-07-30,12,ETR,PNW,40.7707,69.7645,0.8334,1,36.7271,-0.5,36.2271,HOLDING
2019-07-31,12,ETR,PNW,41.4536,69.786,1.6838,1,41.3788,-0.5,40.8788,HOLDING
2019-08-01,12,ETR,PNW,41.9795,70.3597,1.7403,1,43.0003,-0.5,42.5003,HOLDING
2019-08-02,12,ETR,PNW,41.8853,70.7575,1.1483,1,40.9483,-0.5,40.4483,HOLDING
2019-08-05,12,ETR,PNW,41.1749,70.0384,0.639,1,38.5616,-0.5,38.0616,HOLDING
2019-08-06,12,ETR,PNW,41.8186,71.163,0.5429,1,39.0598,-0.5,38.5598,HOLDING
2019-08-07,12,ETR,PNW,41.9294,71.1554,0.7047,1,39.854,-0.5,39.354,HOLDING
2019-08-08,12,ETR,PNW,42.3728,70.9794,1.7855,1,43.542,-0.5,43.042,HOLDING
2019-08-09,12,ETR,PNW,42.5272,70.7193,2.1825,1,45.5259,-0.5,45.0259,HOLDING
2019-08-12,12,ETR,PNW,42.6499,70.2603,2.4557,1,47.9905,-0.5,47.4905,HOLDING
2019-08-13,12,ETR,PNW,42.6816,71.1247,1.3687,1,45.1678,-0.5,44.6678,HOLDING
2019-08-14,12,ETR,PNW,42.357,70.2297,1.5689,1,46.0705,-0.5,45.5705,HOLDING
2019-08-15,12,ETR,PNW,43.1487,71.7444,1.2317,1,46.2207,-0.5,45.7207,HOLDING
2019-08-16,12,ETR,PNW,43.2239,72.0045,0.9841,1,45.8259,-0.5,45.3259,HOLDING
2019-08-19,12,ETR,PNW,43.4614,72.6472,0.642,1,45.2088,-0.5,44.7088,HOLDING
2019-08-20,12,ETR,PNW,43.6277,72.5018,1.0075,1,46.8711,-0.5,46.3711,HOLDING
2019-08-21,12,ETR,PNW,44.2056,73.2362,1.1347,1,48.2875,-0.5,47.7875,HOLDING
2019-08-22,12,ETR,PNW,44.0631,72.5936,1.4019,1,49.5623,-0.5,49.0623,HOLDING
2019-08-23,12,ETR,PNW,43.4812,72.0198,0.9164,1,47.5532,-0.5,47.0532,HOLDING
2019-08-26,12,ETR,PNW,44.1541,72.6701,1.3438,1,49.9232,-0.5,49.4232,HOLDING
2019-08-27,12,ETR,PNW,44.3758,72.2952,2.0051,1,52.7768,-0.5,52.2768,HOLDING
2019-08-28,12,ETR,PNW,44.4629,72.4865,1.6904,1,52.7066,-0.5,52.2066,HOLDING
2019-08-29,12,ETR,PNW,44.74,72.892,1.5304,1,53.1979,-0.5,52.6979,HOLDING
2019-08-30,12,ETR,PNW,44.6688,72.9149,1.2523,1,52.624,-0.5,52.124,HOLDING
2019-09-03,12,ETR,PNW,45.5951,73.1215,2.2289,1,58.309,-0.5,57.809,HOLDING
2019-09-04,12,ETR,PNW,45.7495,73.3816,2.0004,1,58.4623,-0.5,57.9623,HOLDING
2019-09-05,12,ETR,PNW,45.3259,72.1499,2.2276,1,59.8644,-0.5,59.3644,HOLDING
2019-09-06,12,ETR,PNW,44.9498,71.7674,1.7679,1,0.0,57.5436,57.5436,PERIOD_END_EXIT
2019-03-11,13,DUK,ES,68.3325,54.7975,0.0,0,0.0,0.0,0.0,HOLD_CASH
2019-03-12,13,DUK,ES,68.446,54.9769,0.0,0,0.0,0.0,0.0,HOLD_CASH
2019-03-13,13,DUK,ES,68.4838,55.047,0.0,0,0.0,0.0,0.0,HOLD_CASH
2019-03-14,13,DUK,ES,68.3325,55.2965,0.0,0,0.0,0.0,0.0,HOLD_CASH
2019-03-15,13,DUK,ES,68.5518,55.9281,0.0,0,0.0,0.0,0.0,HOLD_CASH
2019-03-18,13,DUK,ES,68.1057,55.5617,0.0,0,0.0,0.0,0.0,HOLD_CASH
2019-03-19,13,DUK,ES,67.3948,54.7352,0.0,0,0.0,0.0,0.0,HOLD_CASH
2019-03-20,13,DUK,ES,67.5914,54.7508,0.0,0,0.0,0.0,0.0,HOLD_CASH
2019-03-21,13,DUK,ES,67.9922,55.2498,0.0,0,0.0,0.0,0.0,HOLD_CASH
2019-03-22,13,DUK,ES,68.5897,55.8969,0.0,0,0.0,0.0,0.0,HOLD_CASH
2019-03-25,13,DUK,ES,68.6426,55.9593,0.0,0,0.0,0.0,0.0,HOLD_CASH
2019-03-26,13,DUK,ES,69.2173,56.0996,0.0,0,0.0,0.0,0.0,HOLD_CASH
2019-03-27,13,DUK,ES,68.4233,55.5383,0.0,0,0.0,0.0,0.0,HOLD_CASH
2019-03-28,13,DUK,ES,67.5914,54.8443,0.0,0,0.0,0.0,0.0,HOLD_CASH
2019-03-29,13,DUK,ES,68.0603,55.32,0.0,0,0.0,0.0,0.0,HOLD_CASH
2019-04-01,13,DUK,ES,67.5158,55.1094,0.0,0,0.0,0.0,0.0,HOLD_CASH
2019-04-02,13,DUK,ES,67.4024,55.1484,0.0,0,0.0,0.0,0.0,HOLD_CASH
2019-04-03,13,DUK,ES,67.1906,54.9769,0.0,0,0.0,0.0,0.0,HOLD_CASH
2019-04-04,13,DUK,ES,67.5687,54.8599,0.0,0,0.0,0.0,0.0,HOLD_CASH
2019-04-05,13,DUK,ES,68.4611,55.4213,0.4779,0,0.0,0.0,0.0,HOLD_CASH
2019-04-08,13,DUK,ES,68.1435,55.0626,0.9728,0,0.0,0.0,0.0,HOLD_CASH
2019-04-09,13,DUK,ES,68.2493,55.1874,1.012,0,0.0,0.0,0.0,HOLD_CASH
2019-04-10,13,DUK,ES,68.0149,54.8209,1.8803,0,0.0,0.0,0.0,HOLD_CASH
2019-04-11,13,DUK,ES,68.2569,55.047,1.6177,0,0.0,0.0,0.0,HOLD_CASH
2019-04-12,13,DUK,ES,68.4006,55.1094,1.6114,0,0.0,0.0,0.0,HOLD_CASH
2019-04-15,13,DUK,ES,68.393,55.1874,1.161,0,0.0,0.0,0.0,HOLD_CASH
2019-04-16,13,DUK,ES,67.3721,54.6962,-0.135,0,0.0,0.0,0.0,HOLD_CASH
2019-04-17,13,DUK,ES,67.3494,54.743,-0.351,0,0.0,0.0,0.0,HOLD_CASH
2019-04-18,13,DUK,ES,67.4099,54.548,0.5476,0,0.0,0.0,0.0,HOLD_CASH
2019-04-22,13,DUK,ES,67.0999,54.5714,-0.5444,0,0.0,0.0,0.0,HOLD_CASH
2019-04-23,13,DUK,ES,67.3117,54.8911,-1.1135,0,0.0,0.0,0.0,HOLD_CASH
2019-04-24,13,DUK,ES,67.8183,55.2498,-0.8324,0,0.0,0.0,0.0,HOLD_CASH
2019-04-25,13,DUK,ES,68.4006,55.2342,0.9406,0,0.0,0.0,0.0,HOLD_CASH
2019-04-26,13,DUK,ES,68.3023,55.3745,0.1193,0,0.0,0.0,0.0,HOLD_CASH
2019-04-29,13,DUK,ES,67.7427,55.0315,-0.2981,0,0.0,0.0,0.0,HOLD_CASH
2019-04-30,13,DUK,ES,68.9073,55.8735,0.0154,0,0.0,0.0,0.0,HOLD_CASH
2019-05-01,13,DUK,ES,68.3703,55.4603,-0.1823,0,0.0,0.0,0.0,HOLD_CASH
2019-05-02,13,DUK,ES,67.9166,55.7644,-2.7508,1,0.0,-0.5,-0.5,ENTER_LONG_A
2019-05-03,13,DUK,ES,68.1813,56.201,-2.675,1,-0.9832,-0.5,-1.4832,HOLDING
2019-05-06,13,DUK,ES,67.6671,56.0373,-2.5966,1,-2.142,-0.5,-2.642,HOLDING
2019-05-07,13,DUK,ES,67.5007,55.7566,-1.9076,1,-1.496,-0.5,-1.996,HOLDING
2019-05-08,13,DUK,ES,66.3966,54.8911,-1.7348,1,-1.6803,-0.5,-2.1803,HOLDING
2019-05-09,13,DUK,ES,65.6631,54.9301,-2.4258,1,-4.555,-0.5,-5.055,HOLDING
2019-05-10,13,DUK,ES,66.5403,55.9515,-2.3428,1,-5.9051,-0.5,-6.4051,HOLDING
2019-05-13,13,DUK,ES,66.5857,56.9105,-2.7379,1,-10.0376,-0.5,-10.5376,HOLDING
2019-05-14,13,DUK,ES,65.7992,56.5987,-2.4704,1,-11.5344,-0.5,-12.0344,HOLDING
2019-05-15,13,DUK,ES,65.6328,56.6064,-2.145,1,-12.1818,-0.5,-12.6818,HOLDING
2019-05-16,13,DUK,ES,65.9218,57.0197,-1.9281,1,-12.9708,-0.5,-13.4708,HOLDING
2019-05-17,13,DUK,ES,66.6556,57.3316,-1.4921,1,-11.6678,-0.5,-12.1678,HOLDING
2019-05-20,13,DUK,ES,66.4721,57.4096,-1.4723,1,-12.6927,-0.5,-13.1927,HOLDING
2019-05-21,13,DUK,ES,66.5639,57.4953,-1.3194,1,-12.7395,-0.5,-13.2395,HOLDING
2019-05-22,13,DUK,ES,67.1219,57.9155,-1.1521,1,-12.5693,-0.5,-13.0693,HOLDING
2019-05-23,13,DUK,ES,67.9551,58.7795,-1.1359,1,-13.3755,-0.5,-13.8755,HOLDING
2019-05-24,13,DUK,ES,67.8863,58.8109,-1.0906,1,-13.7696,-0.5,-14.2696,HOLDING
2019-05-28,13,DUK,ES,66.5944,58.2218,-1.3238,1,-15.8839,-0.5,-16.3839,HOLDING
2019-05-29,13,DUK,ES,65.5931,57.2479,-1.1622,1,-15.2039,-0.5,-15.7039,HOLDING
2019-05-30,13,DUK,ES,65.379,57.4678,-1.3724,1,-16.9777,-0.5,-17.4777,HOLDING
2019-05-31,13,DUK,ES,65.4402,57.994,-1.5842,1,-19.1116,-0.5,-19.6116,HOLDING
2019-06-03,13,DUK,ES,65.7536,58.7716,-1.7719,1,-21.4438,-0.5,-21.9438,HOLDING
2019-06-04,13,DUK,ES,65.6619,58.426,-1.439,1,-20.2323,-0.5,-20.7323,HOLDING
2019-06-05,13,DUK,ES,66.6709,59.9419,-1.7658,1,-23.3138,-0.5,-23.8138,HOLDING
2019-06-06,13,DUK,ES,67.0454,60.3581,-1.7321,1,-23.8012,-0.5,-24.3012,HOLDING
2019-06-07,13,DUK,ES,66.5333,59.9261,-1.6319,1,-23.7498,-0.5,-24.2498,HOLDING
2019-06-10,13,DUK,ES,65.96,59.7062,-1.7428,1,-24.8742,-0.5,-25.3742,HOLDING
2019-06-11,13,DUK,ES,65.4631,59.2821,-1.5748,1,-24.8018,-0.5,-25.3018,HOLDING
2019-06-12,13,DUK,ES,66.2352,60.0911,-1.486,1,-25.5866,-0.5,-26.0866,HOLDING
2019-06-13,13,DUK,ES,66.3269,60.2167,-1.3626,1,-25.8123,-0.5,-26.3123,HOLDING
2019-06-14,13,DUK,ES,67.1677,60.7979,-1.0976,1,-25.3227,-0.5,-25.8227,HOLDING
2019-06-17,13,DUK,ES,67.2289,60.0832,-0.3957,1,-21.8935,-0.5,-22.3935,HOLDING
2019-06-18,13,DUK,ES,66.6862,59.9183,-0.599,1,-23.1518,-0.5,-23.6518,HOLDING
2019-06-19,13,DUK,ES,66.9996,60.6094,-0.8862,1,-25.0967,-0.5,-25.5967,HOLDING
2019-06-20,13,DUK,ES,67.7104,60.8922,-0.4719,1,-23.7477,-0.5,-24.2477,HOLDING
2019-06-21,13,DUK,ES,68.4366,60.7901,0.4417,1,-20.6167,-0.5,-21.1167,HOLDING
2019-06-24,13,DUK,ES,68.7271,60.7822,0.9444,1,-19.5125,-0.5,-20.0125,HOLDING
2019-06-25,13,DUK,ES,68.8876,60.4602,1.6298,1,-17.4778,-0.5,-17.9778,HOLDING
2019-06-26,13,DUK,ES,67.2518,59.1957,1.5268,1,-17.8302,-0.5,-18.3302,HOLDING
2019-06-27,13,DUK,ES,67.6875,59.2271,1.963,1,-16.3673,-0.5,-16.8673,HOLDING
2019-06-28,13,DUK,ES,67.4505,59.502,1.2123,1,-18.472,-0.5,-18.972,HOLDING
2019-07-01,13,DUK,ES,67.2747,59.4235,1.0222,1,-18.767,-0.5,-19.267,HOLDING
2019-07-02,13,DUK,ES,68.1385,60.2089,0.9434,1,-19.1086,-0.5,-19.6086,HOLDING
2019-07-03,13,DUK,ES,68.8723,60.5702,1.1929,1,-18.027,-0.5,-18.527,HOLDING
2019-07-05,13,DUK,ES,68.5513,60.4681,0.872,1,-18.7511,-0.5,-19.2511,HOLDING
2019-07-08,13,DUK,ES,68.536,60.5073,0.7281,1,-18.9834,-0.5,-19.4834,HOLDING
2019-07-09,13,DUK,ES,68.3373,60.4445,0.5125,1,-19.4333,-0.5,-19.9333,HOLDING
2019-07-10,13,DUK,ES,68.5131,61.0021,-0.0865,1,-21.2861,-0.5,-21.7861,HOLDING
2019-07-11,13,DUK,ES,68.3755,61.3084,-0.7762,1,-23.1657,-0.5,-23.6657,HOLDING
2019-07-12,13,DUK,ES,67.8022,60.9,-1.0608,1,-23.4451,-0.5,-23.9451,HOLDING
2019-07-15,13,DUK,ES,68.322,61.065,-0.7008,1,-22.2712,-0.5,-22.7712,HOLDING
2019-07-16,13,DUK,ES,68.0544,60.5466,-0.2395,1,-20.932,-0.5,-21.432,HOLDING
2019-07-17,13,DUK,ES,68.1385,60.7587,-0.545,1,-21.5734,-0.5,-22.0734,HOLDING
2019-07-18,13,DUK,ES,68.6354,61.5755,-1.3942,1,-23.4062,-0.5,-23.9062,HOLDING
2019-07-19,13,DUK,ES,67.6111,60.2952,-0.765,1,-21.4372,-0.5,-21.9372,HOLDING
2019-07-22,13,DUK,ES,67.3818,60.4052,-1.3234,1,-22.7744,-0.5,-23.2744,HOLDING
2019-07-23,13,DUK,ES,67.0225,60.2796,-1.5239,1,-23.5334,-0.5,-24.0334,HOLDING
2019-07-24,13,DUK,ES,66.6403,60.0204,-1.5141,1,-23.7784,-0.5,-24.2784,HOLDING
2019-07-25,13,DUK,ES,66.1129,59.8476,-1.8167,1,-24.9452,-0.5,-25.4452,HOLDING
2019-07-26,13,DUK,ES,66.4339,59.879,-1.2623,1,-23.9043,-0.5,-24.4043,HOLDING
2019-07-29,13,DUK,ES,67.1066,60.3267,-0.87,1,-23.4353,-0.5,-23.9353,HOLDING
2019-07-30,13,DUK,ES,67.0684,60.1068,-0.4386,1,-22.59,-0.5,-23.09,HOLDING
2019-07-31,13,DUK,ES,66.2887,59.5806,-0.7111,1,-23.1009,-0.5,-23.6009,HOLDING
2019-08-01,13,DUK,ES,66.8849,60.1146,-0.6417,1,-23.3005,-0.5,-23.8005,HOLDING
2019-08-02,13,DUK,ES,67.3588,60.2403,0.1801,1,-22.1194,-0.5,-22.6194,HOLDING
2019-08-05,13,DUK,ES,66.4721,60.1225,-1.5732,1,-24.8552,-0.5,-25.3552,HOLDING
2019-08-06,13,DUK,ES,67.9704,60.8215,0.4914,1,-22.474,-0.5,-22.974,HOLDING
2019-08-07,13,DUK,ES,67.9092,61.1749,-0.8277,1,-24.2835,-0.5,-24.7835,HOLDING
2019-08-08,13,DUK,ES,68.2684,61.5833,-1.0336,1,-24.7922,-0.5,-25.2922,HOLDING
2019-08-09,13,DUK,ES,68.6048,61.599,-0.0417,1,-23.6245,-0.5,-24.1245,HOLDING
2019-08-12,13,DUK,ES,68.4137,61.065,1.1901,1,-21.9335,-0.5,-22.4335,HOLDING
2019-08-13,13,DUK,ES,68.6583,61.1906,1.5797,1,-21.5965,-0.5,-22.0965,HOLDING
2019-08-14,13,DUK,ES,67.8863,60.6016,1.2579,1,-21.7976,-0.5,-22.2976,HOLDING
2019-08-15,13,DUK,ES,68.9795,61.8975,0.1122,1,-23.5831,-0.5,-24.0831,HOLDING
2019-08-16,13,DUK,ES,69.3581,61.764,1.7403,1,-21.5911,-0.5,-22.0911,HOLDING
2019-08-19,13,DUK,ES,70.0535,62.0232,2.3737,1,-20.1934,-0.5,-20.6934,HOLDING
2019-08-20,13,DUK,ES,70.4475,62.1253,2.4089,1,-19.2007,-0.5,-19.7007,HOLDING
2019-08-21,13,DUK,ES,70.4939,62.4865,1.4555,1,-20.6497,-0.5,-21.1497,HOLDING
2019-08-22,13,DUK,ES,70.5557,62.6515,1.1063,1,-21.1616,-0.5,-21.6616,HOLDING
2019-08-23,13,DUK,ES,70.1075,62.1802,1.1553,1,-20.6985,-0.5,-21.1985,HOLDING
2019-08-26,13,DUK,ES,70.5788,62.785,0.6488,1,-21.6748,-0.5,-22.1748,HOLDING
2019-08-27,13,DUK,ES,71.1969,63.2719,0.726,1,-21.5826,-0.5,-22.0826,HOLDING
2019-08-28,13,DUK,ES,71.3128,63.0599,1.2991,1,-20.2054,-0.5,-20.7054,HOLDING
2019-08-29,13,DUK,ES,71.6683,63.1541,1.579,1,-19.3196,-0.5,-19.8196,HOLDING
2019-08-30,13,DUK,ES,71.6528,62.9342,1.7418,1,-18.3906,-0.5,-18.8906,HOLDING
2019-09-03,13,DUK,ES,72.3713,63.9867,0.8545,1,-20.464,-0.5,-20.964,HOLDING
2019-09-04,13,DUK,ES,72.6031,64.7878,-0.4275,1,-23.2023,-0.5,-23.7023,HOLDING
2019-09-05,13,DUK,ES,72.1705,64.4265,-0.5888,1,-23.1752,-0.5,-23.6752,HOLDING
2019-09-06,13,DUK,ES,72.4409,64.6778,-0.7847,1,0.0,-24.3632,-24.3632,PERIOD_END_EXIT
2019-03-11,14,AJG,AON,72.4182,156.1301,0.0,0,0.0,0.0,0.0,HOLD_CASH
2019-03-12,14,AJG,AON,72.4456,157.8079,0.0,0,0.0,0.0,0.0,HOLD_CASH
2019-03-13,14,AJG,AON,72.4365,158.3861,0.0,0,0.0,0.0,0.0,HOLD_CASH
2019-03-14,14,AJG,AON,72.9221,159.7984,0.0,0,0.0,0.0,0.0,HOLD_CASH
2019-03-15,14,AJG,AON,73.5543,161.1445,0.0,0,0.0,0.0,0.0,HOLD_CASH
2019-03-18,14,AJG,AON,72.8671,160.3862,0.0,0,0.0,0.0,0.0,HOLD_CASH
2019-03-19,14,AJG,AON,72.5922,159.2108,0.0,0,0.0,0.0,0.0,HOLD_CASH
2019-03-20,14,AJG,AON,71.3004,157.078,0.0,0,0.0,0.0,0.0,HOLD_CASH
2019-03-21,14,AJG,AON,72.2899,159.4383,0.0,0,0.0,0.0,0.0,HOLD_CASH
2019-03-22,14,AJG,AON,72.2716,157.6467,0.0,0,0.0,0.0,0.0,HOLD_CASH
2019-03-25,14,AJG,AON,72.015,157.9595,0.0,0,0.0,0.0,0.0,HOLD_CASH
2019-03-26,14,AJG,AON,72.0975,159.0212,0.0,0,0.0,0.0,0.0,HOLD_CASH
2019-03-27,14,AJG,AON,71.6668,159.2297,0.0,0,0.0,0.0,0.0,HOLD_CASH
2019-03-28,14,AJG,AON,70.6682,160.3577,0.0,0,0.0,0.0,0.0,HOLD_CASH
2019-03-29,14,AJG,AON,71.5569,161.808,0.0,0,0.0,0.0,0.0,HOLD_CASH
2019-04-01,14,AJG,AON,72.409,164.4053,0.0,0,0.0,0.0,0.0,HOLD_CASH
2019-04-02,14,AJG,AON,71.9875,164.1209,0.0,0,0.0,0.0,0.0,HOLD_CASH
2019-04-03,14,AJG,AON,71.8043,163.7417,0.0,0,0.0,0.0,0.0,HOLD_CASH
2019-04-04,14,AJG,AON,72.0792,163.5522,0.0,0,0.0,0.0,0.0,HOLD_CASH
2019-04-05,14,AJG,AON,71.7402,163.5995,-1.4318,0,0.0,0.0,0.0,HOLD_CASH
2019-04-08,14,AJG,AON,71.4286,163.7891,-1.5661,0,0.0,0.0,0.0,HOLD_CASH
2019-04-09,14,AJG,AON,71.447,163.0403,-1.1815,0,0.0,0.0,0.0,HOLD_CASH
2019-04-10,14,AJG,AON,72.015,163.8365,-0.921,0,0.0,0.0,0.0,HOLD_CASH
2019-04-11,14,AJG,AON,72.9954,164.8319,-0.4443,0,0.0,0.0,0.0,HOLD_CASH
2019-04-12,14,AJG,AON,73.7742,166.9457,-0.4922,0,0.0,0.0,0.0,HOLD_CASH
2019-04-15,14,AJG,AON,73.8566,166.794,-0.3083,0,0.0,0.0,0.0,HOLD_CASH
2019-04-16,14,AJG,AON,74.1223,167.7135,-0.3499,0,0.0,0.0,0.0,HOLD_CASH
2019-04-17,14,AJG,AON,73.5359,166.2348,-0.2192,0,0.0,0.0,0.0,HOLD_CASH
2019-04-18,14,AJG,AON,73.6825,166.0452,0.0717,0,0.0,0.0,0.0,HOLD_CASH
2019-04-22,14,AJG,AON,73.4627,165.7797,0.1147,0,0.0,0.0,0.0,HOLD_CASH
2019-04-23,14,AJG,AON,74.7454,169.088,0.0441,0,0.0,0.0,0.0,HOLD_CASH
2019-04-24,14,AJG,AON,75.1851,169.0027,1.1395,0,0.0,0.0,0.0,HOLD_CASH
2019-04-25,14,AJG,AON,75.854,170.2539,1.7635,0,0.0,0.0,0.0,HOLD_CASH
2019-04-26,14,AJG,AON,76.1838,170.7847,1.718,0,0.0,0.0,0.0,HOLD_CASH
2019-04-29,14,AJG,AON,76.0006,169.2681,2.2677,-1,0.0,-0.5,-0.5,ENTER_SHORT_A
2019-04-30,14,AJG,AON,76.6144,171.1781,1.5909,-1,0.8016,-0.5,0.3016,HOLDING
2019-05-01,14,AJG,AON,75.4234,166.978,2.2733,-1,-1.4837,-0.5,-1.9837,HOLDING
2019-05-02,14,AJG,AON,75.9456,167.7002,2.1378,-1,-2.135,-0.5,-2.635,HOLDING
2019-05-03,14,AJG,AON,76.1655,169.8572,1.0135,-1,0.3276,-0.5,-0.1724,HOLDING
2019-05-06,14,AJG,AON,76.5595,170.7409,0.9168,-1,0.3369,-0.5,-0.1631,HOLDING
2019-05-07,14,AJG,AON,75.3684,167.9947,0.9086,-1,0.1989,-0.5,-0.3011,HOLDING
2019-05-08,14,AJG,AON,75.7624,168.5934,1.0181,-1,-0.213,-0.5,-0.713,HOLDING
2019-05-09,14,AJG,AON,75.3317,167.7287,0.8719,-1,-0.0736,-0.5,-0.5736,HOLDING
2019-05-10,14,AJG,AON,76.477,170.1898,0.8492,-1,-0.2058,-0.5,-0.7058,HOLDING
2019-05-13,14,AJG,AON,75.0844,167.4626,0.4877,-1,0.3472,-0.5,-0.1528,HOLDING
2019-05-14,14,AJG,AON,75.57,169.192,-0.0942,-1,1.3042,-0.5,0.8042,HOLDING
2019-05-15,14,AJG,AON,75.7807,169.9807,-0.4499,-1,1.7759,-0.5,1.2759,HOLDING
2019-05-16,14,AJG,AON,76.7702,172.6604,-0.9434,-1,2.4787,-0.5,1.9787,HOLDING
2019-05-17,14,AJG,AON,76.3671,171.5582,-0.808,-1,2.1768,-0.5,1.6768,HOLDING
2019-05-20,14,AJG,AON,76.3121,169.6482,0.8353,-1,-0.4633,-0.5,-0.9633,HOLDING
2019-05-21,14,AJG,AON,76.8252,171.3776,0.1368,-1,0.4031,-0.5,-0.0969,HOLDING
2019-05-22,14,AJG,AON,77.6864,171.9572,1.5337,-1,-1.5738,-0.5,-2.0738,HOLDING
2019-05-23,14,AJG,AON,77.1001,169.3821,2.423,-1,-3.4483,-0.5,-3.9483,HOLDING
2019-05-24,14,AJG,AON,77.2191,168.945,2.4587,-1,-4.4856,-0.5,-4.9856,HOLDING
2019-05-28,14,AJG,AON,76.8801,170.3893,0.5545,-1,-1.2373,-0.5,-1.7373,HOLDING
2019-05-29,14,AJG,AON,76.9993,170.2088,0.8431,-1,-1.8958,-0.5,-2.3958,HOLDING
2019-05-30,14,AJG,AON,77.4024,172.7174,-0.4375,-1,0.4834,-0.5,-0.0166,HOLDING
2019-05-31,14,AJG,AON,77.1459,171.1115,0.4648,-1,-1.0446,-0.5,-1.5446,HOLDING
2019-06-03,14,AJG,AON,78.4102,173.0406,1.092,-1,-2.3548,-0.5,-2.8548,HOLDING
2019-06-04,14,AJG,AON,78.676,173.7152,0.9301,-1,-2.2324,-0.5,-2.7324,HOLDING
2019-06-05,14,AJG,AON,80.4076,178.1339,0.4219,-1,-1.4023,-0.5,-1.9023,HOLDING
2019-06-06,14,AJG,AON,80.3892,178.4,0.1638,-1,-0.9488,-0.5,-1.4488,HOLDING
2019-06-07,14,AJG,AON,80.8311,180.7756,-0.8652,-1,1.1061,-0.5,0.6061,HOLDING
2019-06-10,14,AJG,AON,80.8588,181.3742,-1.1695,-1,1.8994,-0.5,1.3994,HOLDING
2019-06-11,14,AJG,AON,80.5181,180.0249,-0.7205,-1,1.0271,-0.5,0.5271,HOLDING
2019-06-12,14,AJG,AON,80.7575,179.8158,-0.2241,-1,-0.0691,-0.5,-0.5691,HOLDING
2019-06-13,14,AJG,AON,80.2143,180.2434,-1.4013,-1,2.3492,-0.5,1.8492,HOLDING
2019-06-14,14,AJG,AON,80.7483,181.2697,-1.3122,-1,2.1085,-0.5,1.6085,HOLDING
2019-06-17,14,AJG,AON,79.4501,179.4167,-1.9473,-1,3.6421,-0.5,3.1421,HOLDING
2019-06-18,14,AJG,AON,79.2199,180.6711,-2.4639,-1,6.2519,-0.5,5.7519,HOLDING
2019-06-19,14,AJG,AON,79.9104,182.448,-2.1297,-1,6.6049,-0.5,6.1049,HOLDING
2019-06-20,14,AJG,AON,80.5641,183.8924,-1.8032,-1,6.5877,-0.5,6.0877,HOLDING
2019-06-21,14,AJG,AON,79.6802,182.467,-1.8043,-1,7.3901,-0.5,6.8901,HOLDING
2019-06-24,14,AJG,AON,80.0854,183.8924,-1.8057,-1,8.1626,-0.5,7.6626,HOLDING
2019-06-25,14,AJG,AON,79.3672,183.6358,-2.003,-1,10.1462,-0.5,9.6462,HOLDING
2019-06-26,14,AJG,AON,77.9216,180.443,-1.7887,-1,10.1856,-0.5,9.6856,HOLDING
2019-06-27,14,AJG,AON,79.1278,182.9897,-1.4997,-1,9.9793,-0.5,9.4793,HOLDING
2019-06-28,14,AJG,AON,80.647,183.3793,-0.4043,-1,5.5574,-0.5,5.0574,HOLDING
2019-07-01,14,AJG,AON,82.3503,185.4318,0.2881,-1,2.9857,-0.5,2.4857,HOLDING
2019-07-02,14,AJG,AON,83.1698,186.1825,0.7687,-1,1.3989,-0.5,0.8989,HOLDING
2019-07-03,14,AJG,AON,84.155,188.6057,0.7657,-1,1.7371,-0.5,1.2371,HOLDING
2019-07-05,14,AJG,AON,83.4092,187.7504,0.5245,-1,2.9271,-0.5,2.4271,HOLDING
2019-07-08,14,AJG,AON,83.2066,186.6957,0.7997,-1,2.0357,-0.5,1.5357,HOLDING
2019-07-09,14,AJG,AON,83.5657,186.7717,1.0811,-1,0.9667,-0.5,0.4667,HOLDING
2019-07-10,14,AJG,AON,83.6578,187.9785,0.6929,-1,2.4462,-0.5,1.9462,HOLDING
2019-07-11,14,AJG,AON,84.1366,186.8572,1.5934,-1,-0.7848,-0.5,-1.2848,HOLDING
2019-07-12,14,AJG,AON,84.5509,187.6459,1.5137,-1,-0.9828,-0.5,-1.4828,HOLDING
2019-07-15,14,AJG,AON,84.91,187.7029,1.635,-1,-2.0798,-0.5,-2.5798,HOLDING
2019-07-16,14,AJG,AON,84.8824,187.2753,1.5713,-1,-2.6206,-0.5,-3.1206,HOLDING
2019-07-17,14,AJG,AON,84.6614,185.0707,1.8474,-1,-5.1496,-0.5,-5.6496,HOLDING
2019-07-18,14,AJG,AON,84.7535,187.2373,1.1056,-1,-2.2527,-0.5,-2.7527,HOLDING
2019-07-19,14,AJG,AON,84.5325,185.2132,1.4055,-1,-4.5152,-0.5,-5.0152,HOLDING
2019-07-22,14,AJG,AON,84.0169,184.4911,1.1579,-1,-3.8856,-0.5,-4.3856,HOLDING
2019-07-23,14,AJG,AON,84.6614,185.0137,1.2876,-1,-5.2339,-0.5,-5.7339,HOLDING
2019-07-24,14,AJG,AON,85.0481,186.1445,1.1255,-1,-4.8358,-0.5,-5.3358,HOLDING
2019-07-25,14,AJG,AON,84.5693,187.0567,0.4293,-1,-1.9135,-0.5,-2.4135,HOLDING
2019-07-26,14,AJG,AON,85.0113,184.8806,1.6203,-1,-6.5813,-0.5,-7.0813,HOLDING
2019-07-29,14,AJG,AON,84.7074,186.0494,0.7597,-1,-3.8556,-0.5,-4.3556,HOLDING
2019-07-30,14,AJG,AON,84.5325,183.5598,1.5979,-1,-6.9572,-0.5,-7.4572,HOLDING
2019-07-31,14,AJG,AON,83.2619,180.2454,1.643,-1,-7.6728,-0.5,-8.1728,HOLDING
2019-08-01,14,AJG,AON,82.8383,180.9311,0.8071,-1,-5.2668,-0.5,-5.7668,HOLDING
2019-08-02,14,AJG,AON,82.9396,181.9502,0.3454,-1,-4.0947,-0.5,-4.5947,HOLDING
2019-08-05,14,AJG,AON,79.5974,174.5309,0.312,-1,-4.0586,-0.5,-4.5586,HOLDING
2019-08-06,14,AJG,AON,81.5401,178.4739,0.4225,-1,-4.6255,-0.5,-5.1255,HOLDING
2019-08-07,14,AJG,AON,81.3283,177.5024,0.7245,-1,-5.3637,-0.5,-5.8637,HOLDING
2019-08-08,14,AJG,AON,83.0501,180.674,1.1016,-1,-6.3432,-0.5,-6.8432,HOLDING
2019-08-09,14,AJG,AON,83.2527,180.4168,1.5664,-1,-7.3894,-0.5,-7.8894,HOLDING
2019-08-12,14,AJG,AON,81.6966,177.3881,1.1591,-1,-6.7441,-0.5,-7.2441,HOLDING
2019-08-13,14,AJG,AON,82.8844,181.8931,-0.6461,-1,-3.9974,-0.5,-4.4974,HOLDING
2019-08-14,14,AJG,AON,80.9508,178.2549,-1.1231,-1,-3.0107,-0.5,-3.5107,HOLDING
2019-08-15,14,AJG,AON,81.4849,180.1787,-1.777,-1,-1.9258,-0.5,-2.4258,HOLDING
2019-08-16,14,AJG,AON,82.6082,182.3979,-1.3993,-1,-2.3433,-0.5,-2.8433,HOLDING
2019-08-19,14,AJG,AON,83.3631,185.0551,-1.9251,-1,-0.9021,-0.5,-1.4021,HOLDING
2019-08-20,14,AJG,AON,82.4608,182.2264,-1.1768,-1,-2.1119,-0.5,-2.6119,HOLDING
2019-08-21,14,AJG,AON,83.2895,183.9789,-1.0275,-1,-2.2495,-0.5,-2.7495,HOLDING
2019-08-22,14,AJG,AON,83.667,184.8837,-1.0914,-1,-2.1549,-0.5,-2.6549,HOLDING
2019-08-23,14,AJG,AON,81.0337,180.1215,-1.6286,-1,-0.5263,-0.5,-1.0263,HOLDING
2019-08-26,14,AJG,AON,81.3836,182.4074,-2.1745,-1,1.6989,-0.5,1.1989,HOLDING
2019-08-27,14,AJG,AON,81.0613,182.0455,-2.0214,-1,2.2245,-0.5,1.7245,HOLDING
2019-08-28,14,AJG,AON,80.9324,181.4835,-1.6812,-1,1.8184,-0.5,1.3184,HOLDING
2019-08-29,14,AJG,AON,81.7427,183.0455,-1.3783,-1,1.4602,-0.5,0.9602,HOLDING
2019-08-30,14,AJG,AON,83.5197,185.579,-0.5982,-1,-0.6434,-0.5,-1.1434,HOLDING
2019-09-03,14,AJG,AON,82.5529,183.4455,-0.5454,-1,-0.6142,-0.5,-1.1142,HOLDING
2019-09-04,14,AJG,AON,82.8844,186.1028,-1.3456,-1,2.2201,-0.5,1.7201,HOLDING
2019-09-05,14,AJG,AON,83.0139,186.2932,-1.1746,-1,2.0752,-0.5,1.5752,HOLDING
2019-09-06,14,AJG,AON,83.7263,185.9885,-0.1773,-1,0.0,-1.7682,-1.7682,PERIOD_END_EXIT
2019-03-11,15,ATO,CMS,84.8972,44.6842,0.0,0,0.0,0.0,0.0,HOLD_CASH
2019-03-12,15,ATO,CMS,85.6064,44.9851,0.0,0,0.0,0.0,0.0,HOLD_CASH
2019-03-13,15,ATO,CMS,85.9525,44.9688,0.0,0,0.0,0.0,0.0,HOLD_CASH
2019-03-14,15,ATO,CMS,85.6908,44.8469,0.0,0,0.0,0.0,0.0,HOLD_CASH
2019-03-15,15,ATO,CMS,85.6993,45.1559,0.0,0,0.0,0.0,0.0,HOLD_CASH
2019-03-18,15,ATO,CMS,86.1129,44.9851,0.0,0,0.0,0.0,0.0,HOLD_CASH
2019-03-19,15,ATO,CMS,85.6739,44.2126,0.0,0,0.0,0.0,0.0,HOLD_CASH
2019-03-20,15,ATO,CMS,85.6149,44.3996,0.0,0,0.0,0.0,0.0,HOLD_CASH
2019-03-21,15,ATO,CMS,86.6617,44.9038,0.0,0,0.0,0.0,0.0,HOLD_CASH
2019-03-22,15,ATO,CMS,86.7968,45.2453,0.0,0,0.0,0.0,0.0,HOLD_CASH
2019-03-25,15,ATO,CMS,86.8981,45.3998,0.0,0,0.0,0.0,0.0,HOLD_CASH
2019-03-26,15,ATO,CMS,87.5651,45.7251,0.0,0,0.0,0.0,0.0,HOLD_CASH
2019-03-27,15,ATO,CMS,86.9066,45.4323,0.0,0,0.0,0.0,0.0,HOLD_CASH
2019-03-28,15,ATO,CMS,86.5182,44.8956,0.0,0,0.0,0.0,0.0,HOLD_CASH
2019-03-29,15,ATO,CMS,86.8981,45.164,0.0,0,0.0,0.0,0.0,HOLD_CASH
2019-04-01,15,ATO,CMS,86.172,44.7167,0.0,0,0.0,0.0,0.0,HOLD_CASH
2019-04-02,15,ATO,CMS,84.568,44.6436,0.0,0,0.0,0.0,0.0,HOLD_CASH
2019-04-03,15,ATO,CMS,85.6993,44.611,0.0,0,0.0,0.0,0.0,HOLD_CASH
2019-04-04,15,ATO,CMS,84.9648,44.3752,0.0,0,0.0,0.0,0.0,HOLD_CASH
2019-04-05,15,ATO,CMS,85.7161,44.8143,-0.2629,0,0.0,0.0,0.0,HOLD_CASH
2019-04-08,15,ATO,CMS,85.2012,44.1882,0.9933,0,0.0,0.0,0.0,HOLD_CASH
2019-04-09,15,ATO,CMS,84.9141,44.4159,-0.5398,0,0.0,0.0,0.0,HOLD_CASH
2019-04-10,15,ATO,CMS,84.7875,44.2288,-0.0764,0,0.0,0.0,0.0,HOLD_CASH
2019-04-11,15,ATO,CMS,85.007,44.668,-1.3138,0,0.0,0.0,0.0,HOLD_CASH
2019-04-12,15,ATO,CMS,85.4291,44.7086,-0.7243,0,0.0,0.0,0.0,HOLD_CASH
2019-04-15,15,ATO,CMS,85.3616,44.6192,-0.487,0,0.0,0.0,0.0,HOLD_CASH
2019-04-16,15,ATO,CMS,84.568,43.9524,0.7352,0,0.0,0.0,0.0,HOLD_CASH
2019-04-17,15,ATO,CMS,83.9517,43.9849,-0.8649,0,0.0,0.0,0.0,HOLD_CASH
2019-04-18,15,ATO,CMS,83.7322,43.7572,-0.2383,0,0.0,0.0,0.0,HOLD_CASH
2019-04-22,15,ATO,CMS,83.6393,43.5539,0.5579,0,0.0,0.0,0.0,HOLD_CASH
2019-04-23,15,ATO,CMS,84.0614,44.0662,-0.8985,0,0.0,0.0,0.0,HOLD_CASH
2019-04-24,15,ATO,CMS,84.5004,44.237,-0.5668,0,0.0,0.0,0.0,HOLD_CASH
2019-04-25,15,ATO,CMS,85.2518,44.5297,-0.0784,0,0.0,0.0,0.0,HOLD_CASH
2019-04-26,15,ATO,CMS,85.2518,44.6436,-0.5673,0,0.0,0.0,0.0,HOLD_CASH
2019-04-29,15,ATO,CMS,84.8297,44.424,-0.5038,0,0.0,0.0,0.0,HOLD_CASH
2019-04-30,15,ATO,CMS,86.4,45.1721,-0.0239,0,0.0,0.0,0.0,HOLD_CASH
2019-05-01,15,ATO,CMS,86.1045,44.7086,1.7619,0,0.0,0.0,0.0,HOLD_CASH
2019-05-02,15,ATO,CMS,86.1805,44.6947,1.8973,0,0.0,0.0,0.0,HOLD_CASH
2019-05-03,15,ATO,CMS,86.9066,45.2515,0.7579,0,0.0,0.0,0.0,HOLD_CASH
2019-05-06,15,ATO,CMS,87.0079,45.1287,1.5749,0,0.0,0.0,0.0,HOLD_CASH
2019-05-07,15,ATO,CMS,86.3071,44.9895,0.4211,0,0.0,0.0,0.0,HOLD_CASH
2019-05-08,15,ATO,CMS,85.0492,44.4408,-0.2395,0,0.0,0.0,0.0,HOLD_CASH
2019-05-09,15,ATO,CMS,85.0154,44.5473,-0.9094,0,0.0,0.0,0.0,HOLD_CASH
2019-05-10,15,ATO,CMS,86.0454,45.5545,-2.8427,1,0.0,-0.5,-0.5,ENTER_LONG_A
2019-05-13,15,ATO,CMS,86.5351,46.226,-3.1038,1,-2.2623,-0.5,-2.7623,HOLDING
2019-05-14,15,ATO,CMS,85.6402,45.7347,-2.3984,1,-2.1659,-0.5,-2.6659,HOLDING
2019-05-15,15,ATO,CMS,85.0492,45.7347,-2.499,1,-3.8829,-0.5,-4.3829,HOLDING
2019-05-16,15,ATO,CMS,85.8175,46.0377,-1.9148,1,-3.3136,-0.5,-3.8136,HOLDING
2019-05-17,15,ATO,CMS,86.6702,46.2342,-1.2704,1,-1.9148,-0.5,-2.4148,HOLDING
2019-05-20,15,ATO,CMS,86.8306,46.4471,-1.3411,1,-2.6171,-0.5,-3.1171,HOLDING
2019-05-21,15,ATO,CMS,86.1636,46.1441,-1.2891,1,-2.8922,-0.5,-3.3922,HOLDING
2019-05-22,15,ATO,CMS,86.8643,46.4307,-1.0333,1,-2.4291,-0.5,-2.9291,HOLDING
2019-05-23,15,ATO,CMS,87.2611,46.963,-1.3841,1,-4.1974,-0.5,-4.6974,HOLDING
2019-05-24,15,ATO,CMS,87.2399,46.8729,-1.1366,1,-3.7648,-0.5,-4.2648,HOLDING
2019-05-28,15,ATO,CMS,86.1368,45.9967,-0.6291,1,-2.1612,-0.5,-2.6612,HOLDING
2019-05-29,15,ATO,CMS,85.4834,45.4399,-0.2474,1,-1.0037,-0.5,-1.5037,HOLDING
2019-05-30,15,ATO,CMS,85.3986,45.6528,-0.5864,1,-2.4186,-0.5,-2.9186,HOLDING
2019-05-31,15,ATO,CMS,86.3829,45.9476,-0.1106,1,-1.1766,-0.5,-1.6766,HOLDING
2019-06-03,15,ATO,CMS,87.2908,46.6764,-0.4829,1,-2.5383,-0.5,-3.0383,HOLDING
2019-06-04,15,ATO,CMS,86.1707,46.3325,-0.9586,1,-3.9051,-0.5,-4.4051,HOLDING
2019-06-05,15,ATO,CMS,88.1139,47.4625,-1.1292,1,-4.461,-0.5,-4.961,HOLDING
2019-06-06,15,ATO,CMS,88.4364,47.6672,-1.2389,1,-4.6477,-0.5,-5.1477,HOLDING
2019-06-07,15,ATO,CMS,88.4279,47.3233,-0.0068,1,-2.7847,-0.5,-3.2847,HOLDING
2019-06-10,15,ATO,CMS,87.503,47.0858,-1.1473,1,-4.1689,-0.5,-4.6689,HOLDING
2019-06-11,15,ATO,CMS,87.0787,46.8156,-0.8432,1,-3.9185,-0.5,-4.4185,HOLDING
2019-06-12,15,ATO,CMS,88.5297,47.4543,-0.0802,1,-3.208,-0.5,-3.708,HOLDING
2019-06-13,15,ATO,CMS,88.7079,47.4543,0.3565,1,-2.6903,-0.5,-3.1903,HOLDING
2019-06-14,15,ATO,CMS,89.0897,48.1094,-1.7527,1,-5.176,-0.5,-5.676,HOLDING
2019-06-17,15,ATO,CMS,88.8861,47.7983,-0.7118,1,-4.06,-0.5,-4.56,HOLDING
2019-06-18,15,ATO,CMS,88.8267,47.5935,0.1516,1,-3.1091,-0.5,-3.6091,HOLDING
2019-06-19,15,ATO,CMS,89.6753,48.2241,-0.6494,1,-4.104,-0.5,-4.604,HOLDING
2019-06-20,15,ATO,CMS,89.8619,48.396,-0.8992,1,-4.5053,-0.5,-5.0053,HOLDING
2019-06-21,15,ATO,CMS,91.1857,48.437,1.9235,1,-0.8839,-0.5,-1.3839,HOLDING
2019-06-24,15,ATO,CMS,90.8123,48.3305,1.3601,1,-1.3845,-0.5,-1.8845,HOLDING
2019-06-25,15,ATO,CMS,91.5845,48.2814,2.5354,1,1.1286,-0.5,0.6286,HOLDING
2019-06-26,15,ATO,CMS,88.3176,47.1186,0.653,1,-1.9818,-0.5,-2.4818,HOLDING
2019-06-27,15,ATO,CMS,88.954,47.094,1.7035,1,0.0021,-0.5,-0.4979,HOLDING
2019-06-28,15,ATO,CMS,89.5734,47.4216,1.591,1,0.0042,-0.5,-0.4958,HOLDING
2019-07-01,15,ATO,CMS,89.3273,47.2169,1.6081,1,0.4127,-0.5,-0.0873,HOLDING
2019-07-02,15,ATO,CMS,90.405,47.6836,1.6524,1,0.9822,-0.5,0.4822,HOLDING
2019-07-03,15,ATO,CMS,91.0669,48.2978,0.8668,1,-0.4651,-0.5,-0.9651,HOLDING
2019-07-05,15,ATO,CMS,90.8887,48.0849,1.0693,1,0.1856,-0.5,-0.3144,HOLDING
2019-07-08,15,ATO,CMS,90.6341,48.2159,0.3243,1,-1.2731,-0.5,-1.7731,HOLDING
2019-07-09,15,ATO,CMS,90.7784,48.2159,0.4589,1,-0.854,-0.5,-1.354,HOLDING
2019-07-10,15,ATO,CMS,90.6341,48.2486,0.0969,1,-1.4529,-0.5,-1.9529,HOLDING
2019-07-11,15,ATO,CMS,90.7954,48.3142,0.1065,1,-1.344,-0.5,-1.844,HOLDING
2019-07-12,15,ATO,CMS,90.3371,47.9702,0.3498,1,-0.7878,-0.5,-1.2878,HOLDING
2019-07-15,15,ATO,CMS,91.016,48.003,1.2446,1,1.0047,-0.5,0.5047,HOLDING
2019-07-16,15,ATO,CMS,90.8802,47.8228,1.4671,1,1.599,-0.5,1.099,HOLDING
2019-07-17,15,ATO,CMS,91.576,48.0439,1.7191,1,2.4072,-0.5,1.9072,HOLDING
2019-07-18,15,ATO,CMS,91.9918,48.4206,1.1592,1,1.548,-0.5,1.048,HOLDING
2019-07-19,15,ATO,CMS,91.0245,47.7082,1.9034,1,2.6472,-0.5,2.1472,HOLDING
2019-07-22,15,ATO,CMS,91.1687,47.7328,1.8081,1,2.9315,-0.5,2.4315,HOLDING
2019-07-23,15,ATO,CMS,91.3299,47.7164,1.8774,1,3.4898,-0.5,2.9898,HOLDING
2019-07-24,15,ATO,CMS,91.3384,47.5035,2.1755,1,4.6829,-0.5,4.1829,HOLDING
2019-07-25,15,ATO,CMS,90.8887,47.4625,1.4433,1,3.601,-0.5,3.101,HOLDING
2019-07-26,15,ATO,CMS,91.7542,48.0603,0.9159,1,2.8351,-0.5,2.3351,HOLDING
2019-07-29,15,ATO,CMS,92.3822,48.4616,0.6391,1,2.4575,-0.5,1.9575,HOLDING
2019-07-30,15,ATO,CMS,92.3822,47.9538,1.8141,1,5.2437,-0.5,4.7437,HOLDING
2019-07-31,15,ATO,CMS,92.5264,47.6754,2.2265,1,7.1907,-0.5,6.6907,HOLDING
2019-08-01,15,ATO,CMS,93.375,48.6259,0.9653,1,4.4403,-0.5,3.9403,HOLDING
2019-08-02,15,ATO,CMS,93.0271,48.3868,0.9912,1,4.7415,-0.5,4.2415,HOLDING
2019-08-05,15,ATO,CMS,90.7445,47.9911,-0.8667,1,0.2809,-0.5,-0.2191,HOLDING
2019-08-06,15,ATO,CMS,91.9409,48.5517,-0.76,1,0.6809,-0.5,0.1809,HOLDING
2019-08-07,15,ATO,CMS,91.5845,48.7248,-1.6395,1,-1.3045,-0.5,-1.8045,HOLDING
2019-08-08,15,ATO,CMS,92.8573,49.5161,-1.8548,1,-1.9492,-0.5,-2.4492,HOLDING
2019-08-09,15,ATO,CMS,92.1191,49.7222,-2.6203,1,-5.225,-0.5,-5.725,HOLDING
2019-08-12,15,ATO,CMS,92.4246,49.409,-1.5359,1,-2.6185,-0.5,-3.1185,HOLDING
2019-08-13,15,ATO,CMS,92.5688,49.5326,-1.4527,1,-2.8779,-0.5,-3.3779,HOLDING
2019-08-14,15,ATO,CMS,91.8985,49.2688,-1.4356,1,-3.378,-0.5,-3.878,HOLDING
2019-08-15,15,ATO,CMS,92.8064,50.5053,-2.1453,1,-7.5257,-0.5,-8.0257,HOLDING
2019-08-16,15,ATO,CMS,93.7144,50.4476,-1.2595,1,-4.571,-0.5,-5.071,HOLDING
2019-08-19,15,ATO,CMS,94.0877,50.7526,-1.2496,1,-5.1599,-0.5,-5.6599,HOLDING
2019-08-20,15,ATO,CMS,93.5192,50.6619,-1.3539,1,-6.3141,-0.5,-6.8141,HOLDING
2019-08-21,15,ATO,CMS,94.2574,51.1565,-1.318,1,-6.8835,-0.5,-7.3835,HOLDING
2019-08-22,15,ATO,CMS,94.3593,51.2224,-1.1983,1,-6.9496,-0.5,-7.4496,HOLDING
2019-08-23,15,ATO,CMS,92.6158,50.7608,-1.5551,1,-9.4819,-0.5,-9.9819,HOLDING
2019-08-26,15,ATO,CMS,93.1443,51.445,-1.7254,1,-11.7009,-0.5,-12.2009,HOLDING
2019-08-27,15,ATO,CMS,92.1127,51.5686,-2.0932,1,-15.3767,-0.5,-15.8767,HOLDING
2019-08-28,15,ATO,CMS,92.3173,51.4944,-1.769,1,-14.375,-0.5,-14.875,HOLDING
2019-08-29,15,ATO,CMS,93.7667,51.9561,-1.3235,1,-12.6972,-0.5,-13.1972,HOLDING
2019-08-30,15,ATO,CMS,93.9799,51.9725,-1.1569,1,-12.1684,-0.5,-12.6684,HOLDING
2019-09-03,15,ATO,CMS,95.2929,53.0689,-1.4123,1,-14.3702,-0.5,-14.8702,HOLDING
2019-09-04,15,ATO,CMS,94.6023,53.1513,-1.7281,1,-16.8291,-0.5,-17.3291,HOLDING
2019-09-05,15,ATO,CMS,93.511,52.2611,-1.295,1,-15.1142,-0.5,-15.6142,HOLDING
2019-09-06,15,ATO,CMS,93.0079,51.7335,-0.9304,1,0.0,-14.7347,-14.7347,PERIOD_END_EXIT
2019-03-11,16,DTE,WEC,83.3504,61.716,0.0,0,0.0,0.0,0.0,HOLD_CASH
2019-03-12,16,DTE,WEC,83.5998,62.06,0.0,0,0.0,0.0,0.0,HOLD_CASH
2019-03-13,16,DTE,WEC,83.6672,62.236,0.0,0,0.0,0.0,0.0,HOLD_CASH
2019-03-14,16,DTE,WEC,83.8154,62.092,0.0,0,0.0,0.0,0.0,HOLD_CASH
2019-03-15,16,DTE,WEC,84.1855,63.0999,0.0,0,0.0,0.0,0.0,HOLD_CASH
2019-03-18,16,DTE,WEC,83.7509,62.7079,0.0,0,0.0,0.0,0.0,HOLD_CASH
2019-03-19,16,DTE,WEC,82.9361,62.084,0.0,0,0.0,0.0,0.0,HOLD_CASH
2019-03-20,16,DTE,WEC,83.1126,62.188,0.0,0,0.0,0.0,0.0,HOLD_CASH
2019-03-21,16,DTE,WEC,83.683,63.0119,0.0,0,0.0,0.0,0.0,HOLD_CASH
2019-03-22,16,DTE,WEC,84.8034,63.4599,0.0,0,0.0,0.0,0.0,HOLD_CASH
2019-03-25,16,DTE,WEC,84.9528,63.6279,0.0,0,0.0,0.0,0.0,HOLD_CASH
2019-03-26,16,DTE,WEC,85.496,63.9158,0.0,0,0.0,0.0,0.0,HOLD_CASH
2019-03-27,16,DTE,WEC,85.0071,63.5239,0.0,0,0.0,0.0,0.0,HOLD_CASH
2019-03-28,16,DTE,WEC,84.0497,62.7639,0.0,0,0.0,0.0,0.0,HOLD_CASH
2019-03-29,16,DTE,WEC,84.7016,63.2599,0.0,0,0.0,0.0,0.0,HOLD_CASH
2019-04-01,16,DTE,WEC,84.0633,62.484,0.0,0,0.0,0.0,0.0,HOLD_CASH
2019-04-02,16,DTE,WEC,84.1312,62.5959,0.0,0,0.0,0.0,0.0,HOLD_CASH
2019-04-03,16,DTE,WEC,83.8392,62.324,0.0,0,0.0,0.0,0.0,HOLD_CASH
2019-04-04,16,DTE,WEC,83.3978,61.972,0.0,0,0.0,0.0,0.0,HOLD_CASH
2019-04-05,16,DTE,WEC,84.1855,62.5719,0.7985,0,0.0,0.0,0.0,HOLD_CASH
2019-04-08,16,DTE,WEC,83.262,61.716,1.4548,0,0.0,0.0,0.0,HOLD_CASH
2019-04-09,16,DTE,WEC,83.6762,61.972,1.558,0,0.0,0.0,0.0,HOLD_CASH
2019-04-10,16,DTE,WEC,83.5269,61.548,2.2178,-1,0.0,-0.5,-0.5,ENTER_SHORT_A
2019-04-11,16,DTE,WEC,84.1447,61.908,2.1856,-1,-0.3872,-0.5,-0.8872,HOLDING
2019-04-12,16,DTE,WEC,84.4843,62.252,1.6823,-1,-0.0063,-0.5,-0.5063,HOLDING
2019-04-15,16,DTE,WEC,84.5114,62.14,1.749,-1,-0.5425,-0.5,-1.0425,HOLDING
2019-04-16,16,DTE,WEC,83.391,61.164,1.8217,-1,-1.1532,-0.5,-1.6532,HOLDING
2019-04-17,16,DTE,WEC,83.391,61.132,1.6548,-1,-1.2832,-0.5,-1.7832,HOLDING
2019-04-18,16,DTE,WEC,83.6627,61.0281,2.0396,-1,-2.5185,-0.5,-3.0185,HOLDING
2019-04-22,16,DTE,WEC,83.3299,61.1,1.2495,-1,-1.2303,-0.5,-1.7303,HOLDING
2019-04-23,16,DTE,WEC,83.6151,61.396,0.9771,-1,-0.8816,-0.5,-1.3816,HOLDING
2019-04-24,16,DTE,WEC,84.2262,61.636,1.2902,-1,-1.7359,-0.5,-2.2359,HOLDING
2019-04-25,16,DTE,WEC,84.3145,62.236,0.0714,-1,0.4369,-0.5,-0.0631,HOLDING
2019-04-26,16,DTE,WEC,84.4299,62.108,0.4793,-1,-0.4285,-0.5,-0.9285,HOLDING
2019-04-29,16,DTE,WEC,83.941,61.548,0.8963,-1,-1.2397,-0.5,-1.7397,HOLDING
2019-04-30,16,DTE,WEC,85.3602,62.74,0.4315,-1,-0.6458,-0.5,-1.1458,HOLDING
2019-05-01,16,DTE,WEC,84.2059,62.116,-0.2791,-1,0.2746,-0.5,-0.2254,HOLDING
2019-05-02,16,DTE,WEC,84.2805,62.084,-0.1143,-1,-0.0788,-0.5,-0.5788,HOLDING
2019-05-03,16,DTE,WEC,85.0275,62.6439,-0.2573,-1,-0.0401,-0.5,-0.5401,HOLDING
2019-05-06,16,DTE,WEC,84.9324,62.4759,-0.0273,-1,-0.4378,-0.5,-0.9378,HOLDING
2019-05-07,16,DTE,WEC,84.5861,62.6839,-1.9837,-1,1.4434,-0.5,0.9434,HOLDING
2019-05-08,16,DTE,WEC,83.5404,61.916,-1.9667,-1,1.454,-0.5,0.954,HOLDING
2019-05-09,16,DTE,WEC,83.9275,61.972,-0.9583,-1,0.523,-0.5,0.023,HOLDING
2019-05-10,16,DTE,WEC,85.5435,63.3639,-1.5533,-1,1.3398,-0.5,0.8398,HOLDING
2019-05-13,16,DTE,WEC,86.5145,64.3633,-2.1396,-1,2.4929,-0.5,1.9929,HOLDING
2019-05-14,16,DTE,WEC,85.6454,64.0893,-2.5347,-1,3.9813,-0.5,3.4813,HOLDING
2019-05-15,16,DTE,WEC,85.3398,64.186,-2.5641,-1,5.2886,-0.5,4.7886,HOLDING
2019-05-16,16,DTE,WEC,86.0732,64.6776,-2.0384,-1,5.0906,-0.5,4.5906,HOLDING
2019-05-17,16,DTE,WEC,86.5417,65.2015,-2.0294,-1,5.8161,-0.5,5.3161,HOLDING
2019-05-20,16,DTE,WEC,86.4942,65.4996,-2.1508,-1,7.1697,-0.5,6.6697,HOLDING
2019-05-21,16,DTE,WEC,86.3788,65.1692,-1.5664,-1,6.1729,-0.5,5.6729,HOLDING
2019-05-22,16,DTE,WEC,87.1121,65.8946,-1.6138,-1,6.9244,-0.5,6.4244,HOLDING
2019-05-23,16,DTE,WEC,87.8183,66.2734,-1.2524,-1,6.3493,-0.5,5.8493,HOLDING
2019-05-24,16,DTE,WEC,87.4516,66.4184,-1.6023,-1,8.0361,-0.5,7.5361,HOLDING
2019-05-28,16,DTE,WEC,85.462,65.5641,-2.09,-1,10.5208,-0.5,10.0208,HOLDING
2019-05-29,16,DTE,WEC,84.7016,64.7179,-1.5764,-1,9.3596,-0.5,8.8596,HOLDING
2019-05-30,16,DTE,WEC,84.3485,64.5003,-1.4602,-1,9.5326,-0.5,9.0326,HOLDING
2019-05-31,16,DTE,WEC,85.1973,64.9194,-1.0894,-1,8.6945,-0.5,8.1945,HOLDING
2019-06-03,16,DTE,WEC,86.1275,65.7334,-1.1072,-1,9.2165,-0.5,8.7165,HOLDING
2019-06-04,16,DTE,WEC,85.8219,65.5158,-1.0451,-1,9.2473,-0.5,8.7473,HOLDING
2019-06-05,16,DTE,WEC,87.6825,66.9181,-0.9322,-1,9.3748,-0.5,8.8748,HOLDING
2019-06-06,16,DTE,WEC,87.9812,67.3614,-1.1095,-1,10.281,-0.5,9.781,HOLDING
2019-06-07,16,DTE,WEC,87.309,66.8617,-1.0788,-1,10.2633,-0.5,9.7633,HOLDING
2019-06-10,16,DTE,WEC,87.0714,66.6844,-1.0475,-1,10.2544,-0.5,9.7544,HOLDING
2019-06-11,16,DTE,WEC,86.6571,66.1041,-0.5326,-1,9.1372,-0.5,8.6372,HOLDING
2019-06-12,16,DTE,WEC,87.696,67.1841,-1.0371,-1,10.4144,-0.5,9.9144,HOLDING
2019-06-13,16,DTE,WEC,87.5059,67.3856,-1.618,-1,11.8019,-0.5,11.3019,HOLDING
2019-06-14,16,DTE,WEC,88.6107,67.9498,-0.942,-1,10.787,-0.5,10.287,HOLDING
2019-06-17,16,DTE,WEC,88.7475,67.8047,-0.2716,-1,9.7881,-0.5,9.2881,HOLDING
2019-06-18,16,DTE,WEC,88.2207,67.9014,-1.4198,-1,11.7575,-0.5,11.2575,HOLDING
2019-06-19,16,DTE,WEC,89.2468,68.4575,-0.7643,-1,10.9452,-0.5,10.4452,HOLDING
2019-06-20,16,DTE,WEC,89.7325,68.8202,-0.6704,-1,10.9648,-0.5,10.4648,HOLDING
2019-06-21,16,DTE,WEC,89.6846,68.8444,-0.9064,-1,11.2064,-0.5,10.7064,HOLDING
2019-06-24,16,DTE,WEC,90.0129,68.7154,0.9252,-1,9.6999,-0.5,9.1999,HOLDING
2019-06-25,16,DTE,WEC,89.0758,68.4575,-1.2832,-1,11.4571,-0.5,10.9571,HOLDING
2019-06-26,16,DTE,WEC,87.1947,67.1599,-1.734,-1,11.8167,-0.5,11.3167,HOLDING
2019-06-27,16,DTE,WEC,87.2563,66.9584,-0.5509,-1,10.8141,-0.5,10.3141,HOLDING
2019-06-28,16,DTE,WEC,87.4751,67.1922,-0.7699,-1,11.1083,-0.5,10.6083,HOLDING
2019-07-01,16,DTE,WEC,87.7488,66.9987,1.1786,-1,9.5036,-0.5,9.0036,HOLDING
2019-07-02,16,DTE,WEC,88.8159,67.9014,0.8029,-1,9.9762,-0.5,9.4762,HOLDING
2019-07-03,16,DTE,WEC,89.6709,68.6106,0.6028,-1,10.2978,-0.5,9.7978,HOLDING
2019-07-05,16,DTE,WEC,89.5204,68.522,0.4625,-1,10.3882,-0.5,9.8882,HOLDING
2019-07-08,16,DTE,WEC,89.6299,68.7396,-0.1903,-1,10.9445,-0.5,10.4445,HOLDING
2019-07-09,16,DTE,WEC,89.7598,69.07,-1.2228,-1,11.8978,-0.5,11.3978,HOLDING
2019-07-10,16,DTE,WEC,89.9924,69.4166,-1.818,-1,12.6094,-0.5,12.1094,HOLDING
2019-07-11,16,DTE,WEC,90.0335,69.4085,-1.443,-1,12.4538,-0.5,11.9538,HOLDING
2019-07-12,16,DTE,WEC,89.1989,68.8847,-1.8154,-1,12.8236,-0.5,12.3236,HOLDING
2019-07-15,16,DTE,WEC,88.9185,69.5939,-3.3464,-1,16.5439,-0.5,16.0439,HOLDING
2019-07-16,16,DTE,WEC,88.6175,69.4246,-2.6483,-1,16.7573,-0.5,16.2573,HOLDING
2019-07-17,16,DTE,WEC,88.98,70.0372,-2.5393,-1,18.1601,-0.5,17.6601,HOLDING
2019-07-18,16,DTE,WEC,89.8556,70.8028,-2.1695,-1,18.6495,-0.5,18.1495,HOLDING
2019-07-19,16,DTE,WEC,88.0976,69.5617,-1.9884,-1,18.8698,-0.5,18.3698,HOLDING
2019-07-22,16,DTE,WEC,87.9745,69.5375,-1.7851,-1,19.1401,-0.5,18.6401,HOLDING
2019-07-23,16,DTE,WEC,87.6735,69.1184,-1.4031,-1,18.3387,-0.5,17.8387,HOLDING
2019-07-24,16,DTE,WEC,87.3589,69.1506,-1.5195,-1,19.4114,-0.5,18.9114,HOLDING
2019-07-25,16,DTE,WEC,87.5983,69.199,-1.2266,-1,18.8912,-0.5,18.3912,HOLDING
2019-07-26,16,DTE,WEC,88.4944,69.8437,-1.0488,-1,18.828,-0.5,18.328,HOLDING
2019-07-29,16,DTE,WEC,88.2276,70.5207,-1.7039,-1,22.3764,-0.5,21.8764,HOLDING
2019-07-30,16,DTE,WEC,87.523,69.8437,-1.4384,-1,21.7353,-0.5,21.2353,HOLDING
2019-07-31,16,DTE,WEC,86.9484,68.8766,-0.8587,-1,19.5268,-0.5,19.0268,HOLDING
2019-08-01,16,DTE,WEC,88.2754,70.2628,-1.0967,-1,21.1857,-0.5,20.6857,HOLDING
2019-08-02,16,DTE,WEC,88.0087,69.7632,-0.7248,-1,19.9544,-0.5,19.4544,HOLDING
2019-08-05,16,DTE,WEC,86.8185,70.1419,-1.9855,-1,25.0554,-0.5,24.5554,HOLDING
2019-08-06,16,DTE,WEC,87.4341,70.8351,-1.9569,-1,26.0282,-0.5,25.5282,HOLDING
2019-08-07,16,DTE,WEC,87.6804,71.1252,-1.8437,-1,26.4696,-0.5,25.9696,HOLDING
2019-08-08,16,DTE,WEC,88.4396,71.9714,-1.8997,-1,27.6343,-0.5,27.1343,HOLDING
2019-08-09,16,DTE,WEC,88.4944,72.4308,-2.1025,-1,29.3366,-0.5,28.8366,HOLDING
2019-08-12,16,DTE,WEC,87.6051,72.5275,-2.3852,-1,32.391,-0.5,31.891,HOLDING
2019-08-13,16,DTE,WEC,87.7146,72.7466,-2.1,-1,32.9531,-0.5,32.4531,HOLDING
2019-08-14,16,DTE,WEC,86.2986,72.1138,-2.1138,-1,34.6209,-0.5,34.1209,HOLDING
2019-08-15,16,DTE,WEC,88.0087,73.5741,-1.836,-1,35.434,-0.5,34.934,HOLDING
2019-08-16,16,DTE,WEC,88.4396,73.3713,-1.3091,-1,33.3203,-0.5,32.8203,HOLDING
2019-08-19,16,DTE,WEC,89.4657,74.1176,-1.121,-1,33.2809,-0.5,32.7809,HOLDING
2019-08-20,16,DTE,WEC,88.6312,74.4827,-1.5957,-1,37.2617,-0.5,36.7617,HOLDING
2019-08-21,16,DTE,WEC,89.2742,75.2372,-1.5336,-1,38.4017,-0.5,37.9017,HOLDING
2019-08-22,16,DTE,WEC,89.0963,75.5617,-1.6153,-1,40.252,-0.5,39.752,HOLDING
2019-08-23,16,DTE,WEC,87.824,75.1155,-1.7607,-1,42.2477,-0.5,41.7477,HOLDING
2019-08-26,16,DTE,WEC,89.0279,76.4703,-1.698,-1,44.1475,-0.5,43.6475,HOLDING
2019-08-27,16,DTE,WEC,89.1989,77.3222,-1.8013,-1,47.0957,-0.5,46.5957,HOLDING
2019-08-28,16,DTE,WEC,88.6038,77.1599,-1.7684,-1,48.2178,-0.5,47.7178,HOLDING
2019-08-29,16,DTE,WEC,88.9116,77.8252,-1.753,-1,49.9987,-0.5,49.4987,HOLDING
2019-08-30,16,DTE,WEC,88.6927,77.6954,-1.6478,-1,50.1266,-0.5,49.6266,HOLDING
2019-09-03,16,DTE,WEC,90.2113,79.2854,-1.5883,-1,52.0402,-0.5,51.5402,HOLDING
2019-09-04,16,DTE,WEC,90.3344,79.2205,-1.3693,-1,51.4081,-0.5,50.9081,HOLDING
2019-09-05,16,DTE,WEC,88.8637,77.3384,-0.9928,-1,48.1649,-0.5,47.6649,HOLDING
2019-09-06,16,DTE,WEC,88.1592,75.5536,-0.3053,-1,0.0,41.9533,41.9533,PERIOD_END_EXIT
2019-03-11,17,DTE,NEE,83.3504,39.8767,0.0,0,0.0,0.0,0.0,HOLD_CASH
2019-03-12,17,DTE,NEE,83.5998,40.1692,0.0,0,0.0,0.0,0.0,HOLD_CASH
2019-03-13,17,DTE,NEE,83.6672,40.1861,0.0,0,0.0,0.0,0.0,HOLD_CASH
2019-03-14,17,DTE,NEE,83.8154,40.1881,0.0,0,0.0,0.0,0.0,HOLD_CASH
2019-03-15,17,DTE,NEE,84.1855,40.2429,0.0,0,0.0,0.0,0.0,HOLD_CASH
2019-03-18,17,DTE,NEE,83.7509,40.165,0.0,0,0.0,0.0,0.0,HOLD_CASH
2019-03-19,17,DTE,NEE,82.9361,39.6663,0.0,0,0.0,0.0,0.0,HOLD_CASH
2019-03-20,17,DTE,NEE,83.1126,39.9546,0.0,0,0.0,0.0,0.0,HOLD_CASH
2019-03-21,17,DTE,NEE,83.683,40.3839,0.0,0,0.0,0.0,0.0,HOLD_CASH
2019-03-22,17,DTE,NEE,84.8034,40.8089,0.0,0,0.0,0.0,0.0,HOLD_CASH
2019-03-25,17,DTE,NEE,84.9528,40.7416,0.0,0,0.0,0.0,0.0,HOLD_CASH
2019-03-26,17,DTE,NEE,85.496,41.0341,0.0,0,0.0,0.0,0.0,HOLD_CASH
2019-03-27,17,DTE,NEE,85.0071,40.8068,0.0,0,0.0,0.0,0.0,HOLD_CASH
2019-03-28,17,DTE,NEE,84.0497,40.386,0.0,0,0.0,0.0,0.0,HOLD_CASH
2019-03-29,17,DTE,NEE,84.7016,40.6806,0.0,0,0.0,0.0,0.0,HOLD_CASH
2019-04-01,17,DTE,NEE,84.0633,40.085,0.0,0,0.0,0.0,0.0,HOLD_CASH
2019-04-02,17,DTE,NEE,84.1312,39.8725,0.0,0,0.0,0.0,0.0,HOLD_CASH
2019-04-03,17,DTE,NEE,83.8392,39.8367,0.0,0,0.0,0.0,0.0,HOLD_CASH
2019-04-04,17,DTE,NEE,83.3978,39.6452,0.0,0,0.0,0.0,0.0,HOLD_CASH
2019-04-05,17,DTE,NEE,84.1855,39.9988,1.5567,0,0.0,0.0,0.0,HOLD_CASH
2019-04-08,17,DTE,NEE,83.262,39.6957,0.8124,0,0.0,0.0,0.0,HOLD_CASH
2019-04-09,17,DTE,NEE,83.6762,39.9209,0.6065,0,0.0,0.0,0.0,HOLD_CASH
2019-04-10,17,DTE,NEE,83.5269,39.6915,1.2563,0,0.0,0.0,0.0,HOLD_CASH
2019-04-11,17,DTE,NEE,84.1447,39.9903,1.1125,0,0.0,0.0,0.0,HOLD_CASH
2019-04-12,17,DTE,NEE,84.4843,40.1608,0.9892,0,0.0,0.0,0.0,HOLD_CASH
2019-04-15,17,DTE,NEE,84.5114,40.226,0.6802,0,0.0,0.0,0.0,HOLD_CASH
2019-04-16,17,DTE,NEE,83.391,39.8809,-0.1865,0,0.0,0.0,0.0,HOLD_CASH
2019-04-17,17,DTE,NEE,83.391,39.9083,-0.3652,0,0.0,0.0,0.0,HOLD_CASH
2019-04-18,17,DTE,NEE,83.6627,39.8473,0.465,0,0.0,0.0,0.0,HOLD_CASH
2019-04-22,17,DTE,NEE,83.3299,40.0619,-1.5529,0,0.0,0.0,0.0,HOLD_CASH
2019-04-23,17,DTE,NEE,83.6151,39.9377,-0.1975,0,0.0,0.0,0.0,HOLD_CASH
2019-04-24,17,DTE,NEE,84.2262,39.9946,1.0014,0,0.0,0.0,0.0,HOLD_CASH
2019-04-25,17,DTE,NEE,84.3145,40.0829,0.6621,0,0.0,0.0,0.0,HOLD_CASH
2019-04-26,17,DTE,NEE,84.4299,40.3418,-0.6683,0,0.0,0.0,0.0,HOLD_CASH
2019-04-29,17,DTE,NEE,83.941,40.3544,-2.1925,1,0.0,-0.5,-0.5,ENTER_LONG_A
2019-04-30,17,DTE,NEE,85.3602,40.9162,-1.3129,1,0.7459,-0.5,0.2459,HOLDING
2019-05-01,17,DTE,NEE,84.2059,40.67,-2.5023,1,-1.1668,-0.5,-1.6668,HOLDING
2019-05-02,17,DTE,NEE,84.2805,40.3439,-0.5793,1,1.0763,-0.5,0.5763,HOLDING
2019-05-03,17,DTE,NEE,85.0275,40.4891,0.5448,1,2.4014,-0.5,1.9014,HOLDING
2019-05-06,17,DTE,NEE,84.9324,40.1713,1.8054,1,4.0868,-0.5,3.5868,HOLDING
2019-05-07,17,DTE,NEE,84.5861,39.9293,1.8814,1,4.5545,-0.5,4.0545,HOLDING
2019-05-08,17,DTE,NEE,83.5404,39.5358,1.2931,1,3.878,-0.5,3.378,HOLDING
2019-05-09,17,DTE,NEE,83.9275,39.6894,1.323,1,4.0791,-0.5,3.5791,HOLDING
2019-05-10,17,DTE,NEE,85.5435,40.3523,1.5651,1,4.7857,-0.5,4.2857,HOLDING
2019-05-13,17,DTE,NEE,86.5145,41.0194,0.7563,1,3.545,-0.5,3.045,HOLDING
2019-05-14,17,DTE,NEE,85.6454,41.013,-0.6892,1,0.9956,-0.5,0.4956,HOLDING
2019-05-15,17,DTE,NEE,85.3398,41.0046,-1.1226,1,0.1378,-0.5,-0.3622,HOLDING
2019-05-16,17,DTE,NEE,86.0732,41.4781,-1.4211,1,-0.6114,-0.5,-1.1114,HOLDING
2019-05-17,17,DTE,NEE,86.5417,41.8716,-1.7089,1,-1.6538,-0.5,-2.1538,HOLDING
2019-05-20,17,DTE,NEE,86.4942,41.9495,-1.8118,1,-2.2777,-0.5,-2.7777,HOLDING
2019-05-21,17,DTE,NEE,86.3788,41.8548,-1.5139,1,-2.0348,-0.5,-2.5348,HOLDING
2019-05-22,17,DTE,NEE,87.1121,42.4924,-1.8983,1,-3.8008,-0.5,-4.3008,HOLDING
2019-05-23,17,DTE,NEE,87.8183,42.8291,-1.6375,1,-3.7834,-0.5,-4.2834,HOLDING
2019-05-24,17,DTE,NEE,87.4516,42.7954,-1.6916,1,-4.6669,-0.5,-5.1669,HOLDING
2019-05-28,17,DTE,NEE,85.462,42.3324,-2.2152,1,-7.7243,-0.5,-8.2243,HOLDING
2019-05-29,17,DTE,NEE,84.7016,41.8169,-1.7113,1,-6.7953,-0.5,-7.2953,HOLDING
2019-05-30,17,DTE,NEE,84.3485,41.8632,-1.791,1,-8.1337,-0.5,-8.6337,HOLDING
2019-05-31,17,DTE,NEE,85.1973,41.9733,-1.2121,1,-6.288,-0.5,-6.788,HOLDING
2019-06-03,17,DTE,NEE,86.1275,42.2634,-0.8893,1,-5.3147,-0.5,-5.8147,HOLDING
2019-06-04,17,DTE,NEE,85.8219,42.2211,-0.9404,1,-5.9625,-0.5,-6.4625,HOLDING
2019-06-05,17,DTE,NEE,87.6825,43.337,-1.1105,1,-7.3349,-0.5,-7.8349,HOLDING
2019-06-06,17,DTE,NEE,87.9812,43.5721,-1.1294,1,-7.9012,-0.5,-8.4012,HOLDING
2019-06-07,17,DTE,NEE,87.309,43.282,-1.1064,1,-8.106,-0.5,-8.606,HOLDING
2019-06-10,17,DTE,NEE,87.0714,43.0766,-0.9259,1,-7.5413,-0.5,-8.0413,HOLDING
2019-06-11,17,DTE,NEE,86.6571,42.7695,-0.6954,1,-6.8727,-0.5,-7.3727,HOLDING
2019-06-12,17,DTE,NEE,87.696,43.3159,-0.6972,1,-7.1633,-0.5,-7.6633,HOLDING
2019-06-13,17,DTE,NEE,87.5059,43.3625,-0.9525,1,-8.0182,-0.5,-8.5182,HOLDING
2019-06-14,17,DTE,NEE,88.6107,43.8262,-0.6845,1,-7.6009,-0.5,-8.1009,HOLDING
2019-06-17,17,DTE,NEE,88.7475,43.7013,-0.0507,1,-6.4194,-0.5,-6.9194,HOLDING
2019-06-18,17,DTE,NEE,88.2207,43.5001,-0.1375,1,-6.7419,-0.5,-7.2419,HOLDING
2019-06-19,17,DTE,NEE,89.2468,43.6738,1.3401,1,-4.7618,-0.5,-5.2618,HOLDING
2019-06-20,17,DTE,NEE,89.7325,43.7034,2.1446,1,-3.499,-0.5,-3.999,HOLDING
2019-06-21,17,DTE,NEE,89.6846,43.9511,1.1513,1,-5.1764,-0.5,-5.6764,HOLDING
2019-06-24,17,DTE,NEE,90.0129,44.0888,1.2789,1,-5.0512,-0.5,-5.5512,HOLDING
2019-06-25,17,DTE,NEE,89.0758,43.6695,0.9945,1,-5.2447,-0.5,-5.7447,HOLDING
2019-06-26,17,DTE,NEE,87.1947,43.0025,-0.185,1,-6.7148,-0.5,-7.2148,HOLDING
2019-06-27,17,DTE,NEE,87.2563,43.3159,-1.4693,1,-8.4731,-0.5,-8.9731,HOLDING
2019-06-28,17,DTE,NEE,87.4751,43.3815,-1.1636,1,-8.2278,-0.5,-8.7278,HOLDING
2019-07-01,17,DTE,NEE,87.7488,43.2036,0.2379,1,-6.3109,-0.5,-6.8109,HOLDING
2019-07-02,17,DTE,NEE,88.8159,43.9745,-0.7672,1,-7.9081,-0.5,-8.4081,HOLDING
2019-07-03,17,DTE,NEE,89.6709,44.201,0.0511,1,-6.7652,-0.5,-7.2652,HOLDING
2019-07-05,17,DTE,NEE,89.5204,44.0697,0.2457,1,-6.4,-0.5,-6.9,HOLDING
2019-07-08,17,DTE,NEE,89.6299,44.2857,-0.5138,1,-7.4121,-0.5,-7.9121,HOLDING
2019-07-09,17,DTE,NEE,89.7598,44.0803,0.6354,1,-5.7526,-0.5,-6.2526,HOLDING
2019-07-10,17,DTE,NEE,89.9924,44.3599,-0.1284,1,-6.7917,-0.5,-7.2917,HOLDING
2019-07-11,17,DTE,NEE,90.0335,44.5547,-0.8885,1,-7.8763,-0.5,-8.3763,HOLDING
2019-07-12,17,DTE,NEE,89.1989,44.201,-1.1559,1,-8.1709,-0.5,-8.6709,HOLDING
2019-07-15,17,DTE,NEE,88.9185,44.2264,-1.7134,1,-9.1637,-0.5,-9.6637,HOLDING
2019-07-16,17,DTE,NEE,88.6175,44.021,-1.3288,1,-8.7876,-0.5,-9.2876,HOLDING
2019-07-17,17,DTE,NEE,88.98,44.4509,-1.9574,1,-10.3709,-0.5,-10.8709,HOLDING
2019-07-18,17,DTE,NEE,89.8556,44.9697,-1.9277,1,-10.9773,-0.5,-11.4773,HOLDING
2019-07-19,17,DTE,NEE,88.0976,44.4128,-2.5157,1,-12.7629,-0.5,-13.2629,HOLDING
2019-07-22,17,DTE,NEE,87.9745,44.3344,-2.0825,1,-12.644,-0.5,-13.144,HOLDING
2019-07-23,17,DTE,NEE,87.6735,43.8982,-1.1782,1,-10.838,-0.5,-11.338,HOLDING
2019-07-24,17,DTE,NEE,87.3589,44.4827,-2.57,1,-15.396,-0.5,-15.896,HOLDING
2019-07-25,17,DTE,NEE,87.5983,43.9681,-0.9556,1,-11.4951,-0.5,-11.9951,HOLDING
2019-07-26,17,DTE,NEE,88.4944,44.2942,-0.6154,1,-10.8466,-0.5,-11.3466,HOLDING
2019-07-29,17,DTE,NEE,88.2276,44.7622,-1.7375,1,-14.5403,-0.5,-15.0403,HOLDING
2019-07-30,17,DTE,NEE,87.523,44.3408,-1.4294,1,-14.028,-0.5,-14.528,HOLDING
2019-07-31,17,DTE,NEE,86.9484,43.8707,-0.9539,1,-12.8269,-0.5,-13.3269,HOLDING
2019-08-01,17,DTE,NEE,88.2754,44.525,-0.8344,1,-12.9285,-0.5,-13.4285,HOLDING
2019-08-02,17,DTE,NEE,88.0087,44.7686,-1.4665,1,-15.2317,-0.5,-15.7317,HOLDING
2019-08-05,17,DTE,NEE,86.8185,44.057,-1.1279,1,-14.3685,-0.5,-14.8685,HOLDING
2019-08-06,17,DTE,NEE,87.4341,44.7664,-1.7979,1,-16.9299,-0.5,-17.4299,HOLDING
2019-08-07,17,DTE,NEE,87.6804,45.0777,-1.9541,1,-18.1249,-0.5,-18.6249,HOLDING
2019-08-08,17,DTE,NEE,88.4396,45.5754,-1.9154,1,-18.9465,-0.5,-19.4465,HOLDING
2019-08-09,17,DTE,NEE,88.4944,45.8422,-2.0659,1,-20.4364,-0.5,-20.9364,HOLDING
2019-08-12,17,DTE,NEE,87.6051,45.6241,-2.1302,1,-21.7337,-0.5,-22.2337,HOLDING
2019-08-13,17,DTE,NEE,87.7146,45.6601,-1.8503,1,-21.6307,-0.5,-22.1307,HOLDING
2019-08-14,17,DTE,NEE,86.2986,45.5203,-2.3199,1,-24.982,-0.5,-25.482,HOLDING
2019-08-15,17,DTE,NEE,88.0087,45.9841,-1.505,1,-22.7619,-0.5,-23.2619,HOLDING
2019-08-16,17,DTE,NEE,88.4396,46.0645,-1.1719,1,-21.9768,-0.5,-22.4768,HOLDING
2019-08-19,17,DTE,NEE,89.4657,46.3674,-0.7737,1,-20.797,-0.5,-21.297,HOLDING
2019-08-20,17,DTE,NEE,88.6312,46.4034,-1.2914,1,-23.5055,-0.5,-24.0055,HOLDING
2019-08-21,17,DTE,NEE,89.2742,46.8544,-1.2959,1,-24.3848,-0.5,-24.8848,HOLDING
2019-08-22,17,DTE,NEE,89.0963,46.9306,-1.3798,1,-25.3867,-0.5,-25.8867,HOLDING
2019-08-23,17,DTE,NEE,87.824,46.9899,-2.0662,1,-29.5434,-0.5,-30.0434,HOLDING
2019-08-26,17,DTE,NEE,89.0279,47.3542,-1.5212,1,-28.2143,-0.5,-28.7143,HOLDING
2019-08-27,17,DTE,NEE,89.1989,47.4368,-1.3632,1,-28.2166,-0.5,-28.7166,HOLDING
2019-08-28,17,DTE,NEE,88.6038,47.1024,-1.2386,1,-27.9178,-0.5,-28.4178,HOLDING
2019-08-29,17,DTE,NEE,88.9116,47.0875,-0.945,1,-26.9087,-0.5,-27.4087,HOLDING
2019-08-30,17,DTE,NEE,88.6927,46.6531,-0.4236,1,-24.8693,-0.5,-25.3693,HOLDING
2019-09-03,17,DTE,NEE,90.2113,48.033,-1.233,1,-28.8954,-0.5,-29.3954,HOLDING
2019-09-04,17,DTE,NEE,90.3344,47.7264,-0.5514,1,-26.6289,-0.5,-27.1289,HOLDING
2019-09-05,17,DTE,NEE,88.8637,46.8085,-0.2077,1,-25.3231,-0.5,-25.8231,HOLDING
2019-09-06,17,DTE,NEE,88.1592,46.8788,-1.0333,1,0.0,-28.9098,-28.9098,PERIOD_END_EXIT
2019-03-11,18,CMA,RF,59.0572,11.6948,0.0,0,0.0,0.0,0.0,HOLD_CASH
2019-03-12,18,CMA,RF,58.8711,11.7323,0.0,0,0.0,0.0,0.0,HOLD_CASH
2019-03-13,18,CMA,RF,59.0215,11.8751,0.0,0,0.0,0.0,0.0,HOLD_CASH
2019-03-14,18,CMA,RF,59.303,11.86,0.0,0,0.0,0.0,0.0,HOLD_CASH
2019-03-15,18,CMA,RF,59.3823,11.8225,0.0,0,0.0,0.0,0.0,HOLD_CASH
2019-03-18,18,CMA,RF,59.8371,11.9952,0.0,0,0.0,0.0,0.0,HOLD_CASH
2019-03-19,18,CMA,RF,58.3213,11.7399,0.0,0,0.0,0.0,0.0,HOLD_CASH
2019-03-20,18,CMA,RF,55.7589,11.2366,0.0,0,0.0,0.0,0.0,HOLD_CASH
2019-03-21,18,CMA,RF,54.3947,10.8385,0.0,0,0.0,0.0,0.0,HOLD_CASH
2019-03-22,18,CMA,RF,52.02,10.1625,0.0,0,0.0,0.0,0.0,HOLD_CASH
2019-03-25,18,CMA,RF,51.8179,10.1625,0.0,0,0.0,0.0,0.0,HOLD_CASH
2019-03-26,18,CMA,RF,52.5758,10.463,0.0,0,0.0,0.0,0.0,HOLD_CASH
2019-03-27,18,CMA,RF,52.1572,10.493,0.0,0,0.0,0.0,0.0,HOLD_CASH
2019-03-28,18,CMA,RF,52.7635,10.6432,0.0,0,0.0,0.0,0.0,HOLD_CASH
2019-03-29,18,CMA,RF,52.9223,10.6282,0.0,0,0.0,0.0,0.0,HOLD_CASH
2019-04-01,18,CMA,RF,54.9144,11.0188,0.0,0,0.0,0.0,0.0,HOLD_CASH
2019-04-02,18,CMA,RF,55.5279,11.1465,0.0,0,0.0,0.0,0.0,HOLD_CASH
2019-04-03,18,CMA,RF,55.4991,11.169,0.0,0,0.0,0.0,0.0,HOLD_CASH
2019-04-04,18,CMA,RF,55.9105,11.3418,0.0,0,0.0,0.0,0.0,HOLD_CASH
2019-04-05,18,CMA,RF,56.0332,11.3718,-1.4207,0,0.0,0.0,0.0,HOLD_CASH
2019-04-08,18,CMA,RF,56.4663,11.4469,-1.1798,0,0.0,0.0,0.0,HOLD_CASH
2019-04-09,18,CMA,RF,55.6795,11.2667,-0.9036,0,0.0,0.0,0.0,HOLD_CASH
2019-04-10,18,CMA,RF,55.9177,11.3568,-1.1801,0,0.0,0.0,0.0,HOLD_CASH
2019-04-11,18,CMA,RF,56.358,11.4244,-0.913,0,0.0,0.0,0.0,HOLD_CASH
2019-04-12,18,CMA,RF,57.9821,11.7173,-0.5577,0,0.0,0.0,0.0,HOLD_CASH
2019-04-15,18,CMA,RF,56.986,11.4619,-0.0968,0,0.0,0.0,0.0,HOLD_CASH
2019-04-16,18,CMA,RF,57.3036,11.6873,-1.2888,0,0.0,0.0,0.0,HOLD_CASH
2019-04-17,18,CMA,RF,57.2097,11.8375,-2.1375,1,0.0,-0.5,-0.5,ENTER_LONG_A
2019-04-18,18,CMA,RF,56.4807,11.4544,-0.5067,1,4.9043,-0.5,4.4043,HOLDING
2019-04-22,18,CMA,RF,56.524,11.4469,-0.3078,1,5.2522,-0.5,4.7522,HOLDING
2019-04-23,18,CMA,RF,57.0293,11.5446,-0.1536,1,5.3979,-0.5,4.8979,HOLDING
2019-04-24,18,CMA,RF,55.7517,11.5521,-2.5869,1,-0.3436,-0.5,-0.8436,HOLDING
2019-04-25,18,CMA,RF,55.7806,11.6197,-2.4796,1,-1.6451,-0.5,-2.1451,HOLDING
2019-04-26,18,CMA,RF,56.1198,11.6798,-1.9994,1,-1.4316,-0.5,-1.9316,HOLDING
2019-04-29,18,CMA,RF,56.8705,11.7774,-1.4084,1,-0.2135,-0.5,-0.7135,HOLDING
2019-04-30,18,CMA,RF,56.7261,11.6647,-0.7439,1,1.5351,-0.5,1.0351,HOLDING
2019-05-01,18,CMA,RF,55.5713,11.3943,-0.4288,1,2.1991,-0.5,1.6991,HOLDING
2019-05-02,18,CMA,RF,56.4374,11.5896,-0.492,1,1.8597,-0.5,1.3597,HOLDING
2019-05-03,18,CMA,RF,56.4013,11.7023,-1.284,1,-0.6774,-0.5,-1.1774,HOLDING
2019-05-06,18,CMA,RF,56.2353,11.5596,-0.409,1,1.6111,-0.5,1.1111,HOLDING
2019-05-07,18,CMA,RF,55.2103,11.3493,-0.3556,1,1.5737,-0.5,1.0737,HOLDING
2019-05-08,18,CMA,RF,54.7628,11.2291,-0.0718,1,2.1562,-0.5,1.6562,HOLDING
2019-05-09,18,CMA,RF,55.0155,11.2141,0.5049,1,3.5774,-0.5,3.0774,HOLDING
2019-05-10,18,CMA,RF,55.3764,11.3042,0.4098,1,3.251,-0.5,2.751,HOLDING
2019-05-13,18,CMA,RF,52.9944,10.7709,0.889,1,4.1049,-0.5,3.6049,HOLDING
2019-05-14,18,CMA,RF,53.8534,10.9211,1.2387,1,4.6858,-0.5,4.1858,HOLDING
2019-05-15,18,CMA,RF,52.6407,10.7559,0.4414,1,2.8766,-0.5,2.3766,HOLDING
2019-05-16,18,CMA,RF,53.478,10.9061,0.578,1,3.3629,-0.5,2.8629,HOLDING
2019-05-17,18,CMA,RF,53.0594,10.816,0.6731,1,3.437,-0.5,2.937,HOLDING
2019-05-20,18,CMA,RF,53.1893,10.8686,0.4767,1,2.8944,-0.5,2.3944,HOLDING
2019-05-21,18,CMA,RF,53.774,10.9362,1.1106,1,4.0216,-0.5,3.5216,HOLDING
2019-05-22,18,CMA,RF,53.0233,10.8235,0.578,1,3.1207,-0.5,2.6207,HOLDING
2019-05-23,18,CMA,RF,51.7168,10.5681,0.3603,1,2.805,-0.5,2.305,HOLDING
2019-05-24,18,CMA,RF,52.2726,10.6583,0.6221,1,3.3301,-0.5,2.8301,HOLDING
2019-05-28,18,CMA,RF,51.5292,10.4705,1.146,1,4.0471,-0.5,3.5471,HOLDING
2019-05-29,18,CMA,RF,51.6808,10.6282,-1.0868,1,1.3783,-0.5,0.8783,HOLDING
2019-05-30,18,CMA,RF,51.1466,10.5606,-1.6424,1,0.4719,-0.5,-0.0281,HOLDING
2019-05-31,18,CMA,RF,49.6742,10.3879,-2.8044,1,-2.3142,-0.5,-2.8142,HOLDING
2019-06-03,18,CMA,RF,50.432,10.5005,-2.109,1,-1.3818,-0.5,-1.8818,HOLDING
2019-06-04,18,CMA,RF,52.0056,10.7634,-1.2622,1,-0.0576,-0.5,-0.5576,HOLDING
2019-06-05,18,CMA,RF,51.4065,10.6432,-1.216,1,-0.1376,-0.5,-0.6376,HOLDING
2019-06-06,18,CMA,RF,51.4065,10.6508,-1.1893,1,-0.2978,-0.5,-0.7978,HOLDING
2019-06-07,18,CMA,RF,50.6269,10.5294,-1.4317,1,-1.1409,-0.5,-1.6409,HOLDING
2019-06-10,18,CMA,RF,50.6414,10.6129,-1.8966,1,-2.8401,-0.5,-3.3401,HOLDING
2019-06-11,18,CMA,RF,51.3271,10.977,-2.7963,1,-7.5339,-0.5,-8.0339,HOLDING
2019-06-12,18,CMA,RF,50.5115,10.8025,-2.2799,1,-7.4132,-0.5,-7.9132,HOLDING
2019-06-13,18,CMA,RF,50.577,10.9922,-2.544,1,-11.1319,-0.5,-11.6319,HOLDING
2019-06-14,18,CMA,RF,51.1674,11.0681,-1.9389,1,-10.1544,-0.5,-10.6544,HOLDING
2019-06-17,18,CMA,RF,50.4313,10.8784,-1.5852,1,-9.3656,-0.5,-9.8656,HOLDING
2019-06-18,18,CMA,RF,51.386,11.2805,-2.0069,1,-13.6849,-0.5,-14.1849,HOLDING
2019-06-19,18,CMA,RF,50.4604,11.0529,-1.6816,1,-12.9232,-0.5,-13.4232,HOLDING
2019-06-20,18,CMA,RF,51.0289,11.0756,-1.192,1,-10.9197,-0.5,-11.4197,HOLDING
2019-06-21,18,CMA,RF,51.0508,11.0984,-1.1371,1,-11.3048,-0.5,-11.8048,HOLDING
2019-06-24,18,CMA,RF,50.6426,11.0074,-1.0295,1,-11.1657,-0.5,-11.6657,HOLDING
2019-06-25,18,CMA,RF,50.9414,10.9163,-0.3794,1,-7.9375,-0.5,-8.4375,HOLDING
2019-06-26,18,CMA,RF,51.3495,10.9467,-0.077,1,-6.7949,-0.5,-7.2949,HOLDING
2019-06-27,18,CMA,RF,52.0127,11.0605,0.1137,1,-6.3,-0.5,-6.8,HOLDING
2019-06-28,18,CMA,RF,52.9383,11.3336,-0.1651,1,-8.0231,-0.5,-8.5231,HOLDING
2019-07-01,18,CMA,RF,53.2079,11.4322,-0.2783,1,-8.9275,-0.5,-9.4275,HOLDING
2019-07-02,18,CMA,RF,51.4443,11.2729,-1.2163,1,-13.27,-0.5,-13.77,HOLDING
2019-07-03,18,CMA,RF,52.2751,11.4322,-1.0375,1,-13.0039,-0.5,-13.5039,HOLDING
2019-07-05,18,CMA,RF,53.1861,11.5384,-0.4877,1,-11.266,-0.5,-11.766,HOLDING
2019-07-08,18,CMA,RF,52.3844,11.4777,-1.1652,1,-13.4875,-0.5,-13.9875,HOLDING
2019-07-09,18,CMA,RF,52.9456,11.6142,-1.256,1,-13.9192,-0.5,-14.4192,HOLDING
2019-07-10,18,CMA,RF,52.0929,11.4246,-1.1176,1,-13.6399,-0.5,-14.1399,HOLDING
2019-07-11,18,CMA,RF,52.8727,11.5536,-0.6929,1,-12.9559,-0.5,-13.4559,HOLDING
2019-07-12,18,CMA,RF,53.084,11.546,-0.2322,1,-11.8722,-0.5,-12.3722,HOLDING
2019-07-15,18,CMA,RF,52.02,11.3639,-0.6067,1,-12.6766,-0.5,-13.1766,HOLDING
2019-07-16,18,CMA,RF,52.2897,11.3336,0.1831,1,-10.8575,-0.5,-11.3575,HOLDING
2019-07-17,18,CMA,RF,50.424,11.1591,-1.725,1,-15.3254,-0.5,-15.8254,HOLDING
2019-07-18,18,CMA,RF,50.5333,11.2198,-1.808,1,-16.1293,-0.5,-16.6293,HOLDING
2019-07-19,18,CMA,RF,51.5026,11.4777,-1.8206,1,-17.3409,-0.5,-17.8409,HOLDING
2019-07-22,18,CMA,RF,51.2621,11.4701,-1.8247,1,-18.2317,-0.5,-18.7317,HOLDING
2019-07-23,18,CMA,RF,51.9253,11.8115,-2.3494,1,-22.5432,-0.5,-23.0432,HOLDING
2019-07-24,18,CMA,RF,52.7415,12.0998,-2.3059,1,-25.0644,-0.5,-25.5644,HOLDING
2019-07-25,18,CMA,RF,52.3188,11.9253,-1.7477,1,-23.2267,-0.5,-23.7267,HOLDING
2019-07-26,18,CMA,RF,53.2516,12.168,-1.6878,1,-24.2771,-0.5,-24.7771,HOLDING
2019-07-29,18,CMA,RF,52.5374,11.9935,-1.4866,1,-23.7131,-0.5,-24.2131,HOLDING
2019-07-30,18,CMA,RF,53.3683,12.1756,-1.3271,1,-23.9277,-0.5,-24.4277,HOLDING
2019-07-31,18,CMA,RF,53.3464,12.0846,-0.8838,1,-22.1007,-0.5,-22.6007,HOLDING
2019-08-01,18,CMA,RF,49.8555,11.5536,-1.7336,1,-26.1405,-0.5,-26.6405,HOLDING
2019-08-02,18,CMA,RF,49.4766,11.6294,-2.029,1,-29.3986,-0.5,-29.8986,HOLDING
2019-08-05,18,CMA,RF,46.955,11.0453,-1.7801,1,-28.0811,-0.5,-28.5811,HOLDING
2019-08-06,18,CMA,RF,47.4652,11.1894,-1.634,1,-28.896,-0.5,-29.396,HOLDING
2019-08-07,18,CMA,RF,45.6942,10.9846,-1.9987,1,-32.3089,-0.5,-32.8089,HOLDING
2019-08-08,18,CMA,RF,46.0732,11.1667,-1.9522,1,-34.498,-0.5,-34.998,HOLDING
2019-08-09,18,CMA,RF,45.6432,11.1287,-1.8754,1,-35.5759,-0.5,-36.0759,HOLDING
2019-08-12,18,CMA,RF,44.6812,10.8481,-1.5691,1,-33.8518,-0.5,-34.3518,HOLDING
2019-08-13,18,CMA,RF,45.0966,10.8253,-1.148,1,-31.556,-0.5,-32.056,HOLDING
2019-08-14,18,CMA,RF,43.5589,10.3625,-0.7795,1,-28.5026,-0.5,-29.0026,HOLDING
2019-08-15,18,CMA,RF,43.1945,10.2943,-0.76,1,-28.653,-0.5,-29.153,HOLDING
2019-08-16,18,CMA,RF,44.6958,10.6888,-0.8022,1,-30.4236,-0.5,-30.9236,HOLDING
2019-08-19,18,CMA,RF,45.2351,10.8177,-0.7272,1,-30.7906,-0.5,-31.2906,HOLDING
2019-08-20,18,CMA,RF,44.3752,10.6205,-0.6801,1,-30.3831,-0.5,-30.8831,HOLDING
2019-08-21,18,CMA,RF,44.8416,10.7191,-0.5582,1,-30.4275,-0.5,-30.9275,HOLDING
2019-08-22,18,CMA,RF,44.8634,10.8101,-0.8127,1,-32.2546,-0.5,-32.7546,HOLDING
2019-08-23,18,CMA,RF,43.4496,10.4612,-0.7003,1,-31.0631,-0.5,-31.5631,HOLDING
2019-08-26,18,CMA,RF,43.5954,10.6432,-1.2567,1,-34.2712,-0.5,-34.7712,HOLDING
2019-08-27,18,CMA,RF,42.852,10.5067,-1.3973,1,-34.6358,-0.5,-35.1358,HOLDING
2019-08-28,18,CMA,RF,43.7776,10.6963,-1.2876,1,-34.5966,-0.5,-35.0966,HOLDING
2019-08-29,18,CMA,RF,44.8416,10.977,-1.3847,1,-35.8748,-0.5,-36.3748,HOLDING
2019-08-30,18,CMA,RF,44.929,11.0908,-1.8171,1,-37.8958,-0.5,-38.3958,HOLDING
2019-09-03,18,CMA,RF,43.6755,10.8177,-1.8679,1,-37.6058,-0.5,-38.1058,HOLDING
2019-09-04,18,CMA,RF,44.1128,10.9543,-1.8643,1,-38.5788,-0.5,-39.0788,HOLDING
2019-09-05,18,CMA,RF,45.461,11.3569,-1.947,1,-41.1896,-0.5,-41.6896,HOLDING
2019-09-06,18,CMA,RF,44.8999,11.3875,-2.3466,1,0.0,-45.2263,-45.2263,PERIOD_END_EXIT
2019-03-11,19,DOC,O,21.5895,49.1236,0.0,0,0.0,0.0,0.0,HOLD_CASH
2019-03-12,19,DOC,O,21.7011,49.5612,0.0,0,0.0,0.0,0.0,HOLD_CASH
2019-03-13,19,DOC,O,21.7919,49.5195,0.0,0,0.0,0.0,0.0,HOLD_CASH
2019-03-14,19,DOC,O,21.8407,49.9431,0.0,0,0.0,0.0,0.0,HOLD_CASH
2019-03-15,19,DOC,O,21.7221,49.4778,0.0,0,0.0,0.0,0.0,HOLD_CASH
2019-03-18,19,DOC,O,21.2615,49.3181,0.0,0,0.0,0.0,0.0,HOLD_CASH
2019-03-19,19,DOC,O,21.1499,48.6513,0.0,0,0.0,0.0,0.0,HOLD_CASH
2019-03-20,19,DOC,O,21.4081,49.1306,0.0,0,0.0,0.0,0.0,HOLD_CASH
2019-03-21,19,DOC,O,22.0849,50.3321,0.0,0,0.0,0.0,0.0,HOLD_CASH
2019-03-22,19,DOC,O,22.0849,50.4224,0.0,0,0.0,0.0,0.0,HOLD_CASH
2019-03-25,19,DOC,O,22.1128,50.8738,0.0,0,0.0,0.0,0.0,HOLD_CASH
2019-03-26,19,DOC,O,22.2245,51.3808,0.0,0,0.0,0.0,0.0,HOLD_CASH
2019-03-27,19,DOC,O,21.9872,51.0127,0.0,0,0.0,0.0,0.0,HOLD_CASH
2019-03-28,19,DOC,O,22.1128,51.3044,0.0,0,0.0,0.0,0.0,HOLD_CASH
2019-03-29,19,DOC,O,21.8407,51.2459,0.0,0,0.0,0.0,0.0,HOLD_CASH
2019-04-01,19,DOC,O,21.757,50.6677,0.0,0,0.0,0.0,0.0,HOLD_CASH
2019-04-02,19,DOC,O,21.8058,50.5423,0.0,0,0.0,0.0,0.0,HOLD_CASH
2019-04-03,19,DOC,O,21.7919,50.1243,0.0,0,0.0,0.0,0.0,HOLD_CASH
2019-04-04,19,DOC,O,21.6663,50.0128,0.0,0,0.0,0.0,0.0,HOLD_CASH
2019-04-05,19,DOC,O,21.7779,50.3542,-0.5062,0,0.0,0.0,0.0,HOLD_CASH
2019-04-08,19,DOC,O,21.5755,50.1591,-1.0243,0,0.0,0.0,0.0,HOLD_CASH
2019-04-09,19,DOC,O,21.4848,49.5948,-0.1435,0,0.0,0.0,0.0,HOLD_CASH
2019-04-10,19,DOC,O,21.6104,49.9919,-0.3202,0,0.0,0.0,0.0,HOLD_CASH
2019-04-11,19,DOC,O,21.5407,49.7411,-0.023,0,0.0,0.0,0.0,HOLD_CASH
2019-04-12,19,DOC,O,21.5337,49.6784,0.2116,0,0.0,0.0,0.0,HOLD_CASH
2019-04-15,19,DOC,O,21.4988,49.7272,-0.2035,0,0.0,0.0,0.0,HOLD_CASH
2019-04-16,19,DOC,O,20.815,48.306,-0.642,0,0.0,0.0,0.0,HOLD_CASH
2019-04-17,19,DOC,O,20.3405,47.2123,-0.5928,0,0.0,0.0,0.0,HOLD_CASH
2019-04-18,19,DOC,O,20.815,47.7417,1.4474,0,0.0,0.0,0.0,HOLD_CASH
2019-04-22,19,DOC,O,20.4242,47.2959,-0.0912,0,0.0,0.0,0.0,HOLD_CASH
2019-04-23,19,DOC,O,20.6335,48.111,-1.3385,0,0.0,0.0,0.0,HOLD_CASH
2019-04-24,19,DOC,O,20.794,48.7101,-1.9138,0,0.0,0.0,0.0,HOLD_CASH
2019-04-25,19,DOC,O,20.8778,48.8216,-1.4418,0,0.0,0.0,0.0,HOLD_CASH
2019-04-26,19,DOC,O,21.108,49.1699,-0.7428,0,0.0,0.0,0.0,HOLD_CASH
2019-04-29,19,DOC,O,20.6196,48.4175,-2.0424,1,0.0,-0.5,-0.5,ENTER_LONG_A
2019-04-30,19,DOC,O,20.7801,48.9319,-2.1199,1,-0.7102,-0.5,-1.2102,HOLDING
2019-05-01,19,DOC,O,20.8847,48.9249,-1.2408,1,0.5948,-0.5,0.0948,HOLDING
2019-05-02,19,DOC,O,21.3104,49.0857,1.1198,1,4.9256,-0.5,4.4256,HOLDING
2019-05-03,19,DOC,O,21.6777,49.1346,2.6099,1,9.1263,-0.5,8.6263,HOLDING
2019-05-06,19,DOC,O,21.3881,48.897,1.4839,1,6.842,-0.5,6.342,HOLDING
2019-05-07,19,DOC,O,21.049,46.5695,3.1534,1,14.7488,-0.5,14.2488,HOLDING
2019-05-08,19,DOC,O,20.9713,46.7023,2.1935,1,13.1211,-0.5,12.6211,HOLDING
2019-05-09,19,DOC,O,21.1903,47.0797,1.9633,1,13.8271,-0.5,13.3271,HOLDING
2019-05-10,19,DOC,O,21.4234,47.6948,1.622,1,13.4774,-0.5,12.9774,HOLDING
2019-05-13,19,DOC,O,21.8613,47.8765,2.033,1,17.8488,-0.5,17.3488,HOLDING
2019-05-14,19,DOC,O,21.8119,48.233,1.4265,1,15.4088,-0.5,14.9088,HOLDING
2019-05-15,19,DOC,O,22.0308,48.4147,1.4866,1,17.1254,-0.5,16.6254,HOLDING
2019-05-16,19,DOC,O,22.2851,48.4427,1.6636,1,20.0639,-0.5,19.5639,HOLDING
2019-05-17,19,DOC,O,22.3275,48.4147,1.5427,1,20.7223,-0.5,20.2223,HOLDING
2019-05-20,19,DOC,O,21.9108,47.7437,1.2339,1,19.1339,-0.5,18.6339,HOLDING
2019-05-21,19,DOC,O,22.0732,48.2609,1.0147,1,18.4331,-0.5,17.9331,HOLDING
2019-05-22,19,DOC,O,22.1297,48.7292,0.6995,1,16.7001,-0.5,16.2001,HOLDING
2019-05-23,19,DOC,O,22.4547,49.3303,0.6997,1,17.5361,-0.5,17.0361,HOLDING
2019-05-24,19,DOC,O,22.4829,49.2953,0.6911,1,18.0592,-0.5,17.5592,HOLDING
2019-05-28,19,DOC,O,22.1792,48.7432,0.5306,1,17.2276,-0.5,16.7276,HOLDING
2019-05-29,19,DOC,O,22.0308,48.0862,0.77,1,18.8216,-0.5,18.3216,HOLDING
2019-05-30,19,DOC,O,22.1792,48.3797,0.7882,1,19.1042,-0.5,18.6042,HOLDING
2019-05-31,19,DOC,O,22.3981,49.1413,0.3579,1,17.827,-0.5,17.327,HOLDING
2019-06-03,19,DOC,O,22.4688,50.0108,-0.8832,1,14.1938,-0.5,13.6938,HOLDING
2019-06-04,19,DOC,O,21.8755,49.3657,-2.5037,1,10.331,-0.5,9.831,HOLDING
2019-06-05,19,DOC,O,22.271,50.8242,-2.7004,1,7.5958,-0.5,7.0958,HOLDING
2019-06-06,19,DOC,O,22.49,50.9153,-1.845,1,9.78,-0.5,9.28,HOLDING
2019-06-07,19,DOC,O,22.4123,50.9434,-1.8571,1,8.6932,-0.5,8.1932,HOLDING
2019-06-10,19,DOC,O,22.2074,50.3263,-1.5108,1,9.3958,-0.5,8.8958,HOLDING
2019-06-11,19,DOC,O,22.271,50.6489,-1.5187,1,8.5009,-0.5,8.0009,HOLDING
2019-06-12,19,DOC,O,22.3205,51.2379,-1.7717,1,6.0592,-0.5,5.5592,HOLDING
2019-06-13,19,DOC,O,22.5606,50.9785,-0.8617,1,10.3105,-0.5,9.8105,HOLDING
2019-06-14,19,DOC,O,22.6877,51.3782,-0.8824,1,9.7882,-0.5,9.2882,HOLDING
2019-06-17,19,DOC,O,22.9279,51.3852,-0.2658,1,12.6638,-0.5,12.1638,HOLDING
2019-06-18,19,DOC,O,22.7796,50.9083,-0.0411,1,13.3274,-0.5,12.8274,HOLDING
2019-06-19,19,DOC,O,22.9067,51.3431,-0.1457,1,12.6243,-0.5,12.1243,HOLDING
2019-06-20,19,DOC,O,23.5142,51.3922,1.3245,1,19.7357,-0.5,19.2357,HOLDING
2019-06-21,19,DOC,O,23.0974,50.6629,1.1023,1,18.4486,-0.5,17.9486,HOLDING
2019-06-24,19,DOC,O,23.1681,50.3333,1.5772,1,21.0067,-0.5,20.5067,HOLDING
2019-06-25,19,DOC,O,22.7654,49.3727,1.561,1,21.0854,-0.5,20.5854,HOLDING
2019-06-26,19,DOC,O,22.3205,48.0334,1.8286,1,22.6056,-0.5,22.1056,HOLDING
2019-06-27,19,DOC,O,22.4617,48.6785,1.4234,1,20.9874,-0.5,20.4874,HOLDING
2019-06-28,19,DOC,O,22.5889,48.5216,1.6926,1,23.339,-0.5,22.839,HOLDING
2019-07-01,19,DOC,O,22.2993,47.8603,1.5351,1,23.2423,-0.5,22.7423,HOLDING
2019-07-02,19,DOC,O,22.9985,48.6131,1.8664,1,27.8338,-0.5,27.3338,HOLDING
2019-07-03,19,DOC,O,23.274,49.7105,1.3106,1,25.507,-0.5,25.007,HOLDING
2019-07-05,19,DOC,O,23.0833,49.2392,1.2237,1,25.6285,-0.5,25.1285,HOLDING
2019-07-08,19,DOC,O,23.3588,49.3236,1.4419,1,28.5326,-0.5,28.0326,HOLDING
2019-07-09,19,DOC,O,23.387,49.7457,1.0599,1,26.6957,-0.5,26.1957,HOLDING
2019-07-10,19,DOC,O,23.5,50.1186,0.8744,1,26.1407,-0.5,25.6407,HOLDING
2019-07-11,19,DOC,O,23.048,49.7105,0.3498,1,22.7666,-0.5,22.2666,HOLDING
2019-07-12,19,DOC,O,23.0056,49.7598,0.1376,1,21.9984,-0.5,21.4984,HOLDING
2019-07-15,19,DOC,O,22.822,49.5206,-0.1413,1,21.0069,-0.5,20.5069,HOLDING
2019-07-16,19,DOC,O,22.7937,49.1477,0.1185,1,22.5896,-0.5,22.0896,HOLDING
2019-07-17,19,DOC,O,22.9915,49.1899,0.5439,1,24.7694,-0.5,24.2694,HOLDING
2019-07-18,19,DOC,O,23.055,49.3165,0.5179,1,24.8865,-0.5,24.3865,HOLDING
2019-07-19,19,DOC,O,22.4193,48.3598,-0.3855,1,22.1192,-0.5,21.6192,HOLDING
2019-07-22,19,DOC,O,22.3416,48.1909,-0.539,1,22.0488,-0.5,21.5488,HOLDING
2019-07-23,19,DOC,O,22.716,48.9648,-0.5294,1,22.5919,-0.5,22.0919,HOLDING
2019-07-24,19,DOC,O,22.5677,48.7537,-0.8577,1,21.8833,-0.5,21.3833,HOLDING
2019-07-25,19,DOC,O,22.4547,48.4583,-0.6959,1,22.0387,-0.5,21.5387,HOLDING
2019-07-26,19,DOC,O,22.6595,48.9226,-0.7987,1,22.1248,-0.5,21.6248,HOLDING
2019-07-29,19,DOC,O,22.6595,49.3728,-1.7404,1,19.8,-0.5,19.3,HOLDING
2019-07-30,19,DOC,O,22.7796,49.2603,-0.7761,1,21.8371,-0.5,21.3371,HOLDING
2019-07-31,19,DOC,O,22.5535,48.8488,-0.896,1,21.2212,-0.5,20.7212,HOLDING
2019-08-01,19,DOC,O,23.1327,49.1735,1.4317,1,26.5673,-0.5,26.0673,HOLDING
2019-08-02,19,DOC,O,23.4971,49.4417,2.2708,1,29.5999,-0.5,29.0999,HOLDING
2019-08-05,19,DOC,O,23.1828,48.6723,2.3195,1,29.7612,-0.5,29.2612,HOLDING
2019-08-06,19,DOC,O,23.4185,49.3146,1.8271,1,29.3032,-0.5,28.8032,HOLDING
2019-08-07,19,DOC,O,24.0829,50.338,2.1276,1,32.0745,-0.5,31.5745,HOLDING
2019-08-08,19,DOC,O,24.4401,50.8109,2.1104,1,33.9636,-0.5,33.4636,HOLDING
2019-08-09,19,DOC,O,24.3615,51.298,1.0794,1,30.4961,-0.5,29.9961,HOLDING
2019-08-12,19,DOC,O,24.0901,51.3403,0.1746,1,26.9859,-0.5,26.4859,HOLDING
2019-08-13,19,DOC,O,24.0186,51.0156,0.3679,1,27.7963,-0.5,27.2963,HOLDING
2019-08-14,19,DOC,O,23.9257,50.6556,0.5596,1,28.5289,-0.5,28.0289,HOLDING
2019-08-15,19,DOC,O,24.5044,50.9662,1.6179,1,33.9413,-0.5,33.4413,HOLDING
2019-08-16,19,DOC,O,24.633,51.3897,1.2668,1,33.3139,-0.5,32.8139,HOLDING
2019-08-19,19,DOC,O,24.7402,51.7991,0.9337,1,32.4993,-0.5,31.9993,HOLDING
2019-08-20,19,DOC,O,24.2829,51.185,0.4306,1,30.1264,-0.5,29.6264,HOLDING
2019-08-21,19,DOC,O,24.4687,51.2767,0.7375,1,31.9048,-0.5,31.4048,HOLDING
2019-08-22,19,DOC,O,24.6687,51.5732,0.8144,1,32.7993,-0.5,32.2993,HOLDING
2019-08-23,19,DOC,O,24.3973,51.1709,0.5118,1,31.5852,-0.5,31.0852,HOLDING
2019-08-26,19,DOC,O,24.6116,51.6509,0.3906,1,31.7055,-0.5,31.2055,HOLDING
2019-08-27,19,DOC,O,24.7116,51.6155,0.7637,1,33.1006,-0.5,32.6006,HOLDING
2019-08-28,19,DOC,O,24.7402,51.7991,0.4766,1,32.4993,-0.5,31.9993,HOLDING
2019-08-29,19,DOC,O,24.8259,52.1802,-0.1739,1,31.5708,-0.5,31.0708,HOLDING
2019-08-30,19,DOC,O,24.7973,52.256,-0.5657,1,30.8333,-0.5,30.3333,HOLDING
2019-09-03,19,DOC,O,25.3903,53.4241,-0.3111,1,31.9909,-0.5,31.4909,HOLDING
2019-09-04,19,DOC,O,25.7118,54.1533,-0.4607,1,32.1234,-0.5,31.6234,HOLDING
2019-09-05,19,DOC,O,25.2546,53.0985,-0.1493,1,32.0267,-0.5,31.5267,HOLDING
2019-09-06,19,DOC,O,25.4189,53.771,-1.0199,1,0.0,29.4603,29.4603,PERIOD_END_EXIT
2019-03-11,20,CMS,FE,44.6842,31.3703,0.0,0,0.0,0.0,0.0,HOLD_CASH
2019-03-12,20,CMS,FE,44.9851,31.5372,0.0,0,0.0,0.0,0.0,HOLD_CASH
2019-03-13,20,CMS,FE,44.9688,31.5675,0.0,0,0.0,0.0,0.0,HOLD_CASH
2019-03-14,20,CMS,FE,44.8469,31.2566,0.0,0,0.0,0.0,0.0,HOLD_CASH
2019-03-15,20,CMS,FE,45.1559,31.2717,0.0,0,0.0,0.0,0.0,HOLD_CASH
2019-03-18,20,CMS,FE,44.9851,31.2793,0.0,0,0.0,0.0,0.0,HOLD_CASH
2019-03-19,20,CMS,FE,44.2126,30.6498,0.0,0,0.0,0.0,0.0,HOLD_CASH
2019-03-20,20,CMS,FE,44.3996,30.7863,0.0,0,0.0,0.0,0.0,HOLD_CASH
2019-03-21,20,CMS,FE,44.9038,31.2793,0.0,0,0.0,0.0,0.0,HOLD_CASH
2019-03-22,20,CMS,FE,45.2453,31.6813,0.0,0,0.0,0.0,0.0,HOLD_CASH
2019-03-25,20,CMS,FE,45.3998,31.7496,0.0,0,0.0,0.0,0.0,HOLD_CASH
2019-03-26,20,CMS,FE,45.7251,31.8558,0.0,0,0.0,0.0,0.0,HOLD_CASH
2019-03-27,20,CMS,FE,45.4323,31.6434,0.0,0,0.0,0.0,0.0,HOLD_CASH
2019-03-28,20,CMS,FE,44.8956,31.4007,0.0,0,0.0,0.0,0.0,HOLD_CASH
2019-03-29,20,CMS,FE,45.164,31.5599,0.0,0,0.0,0.0,0.0,HOLD_CASH
2019-04-01,20,CMS,FE,44.7167,31.4386,0.0,0,0.0,0.0,0.0,HOLD_CASH
2019-04-02,20,CMS,FE,44.6436,31.3552,0.0,0,0.0,0.0,0.0,HOLD_CASH
2019-04-03,20,CMS,FE,44.611,31.1656,0.0,0,0.0,0.0,0.0,HOLD_CASH
2019-04-04,20,CMS,FE,44.3752,29.9141,0.0,0,0.0,0.0,0.0,HOLD_CASH
2019-04-05,20,CMS,FE,44.8143,31.0745,0.5296,0,0.0,0.0,0.0,HOLD_CASH
2019-04-08,20,CMS,FE,44.1882,30.6574,0.4095,0,0.0,0.0,0.0,HOLD_CASH
2019-04-09,20,CMS,FE,44.4159,30.9835,-0.2295,0,0.0,0.0,0.0,HOLD_CASH
2019-04-10,20,CMS,FE,44.2288,30.9683,-0.6752,0,0.0,0.0,0.0,HOLD_CASH
2019-04-11,20,CMS,FE,44.668,31.2566,-0.5766,0,0.0,0.0,0.0,HOLD_CASH
2019-04-12,20,CMS,FE,44.7086,31.3779,-0.8303,0,0.0,0.0,0.0,HOLD_CASH
2019-04-15,20,CMS,FE,44.6192,31.3097,-0.7482,0,0.0,0.0,0.0,HOLD_CASH
2019-04-16,20,CMS,FE,43.9524,30.6877,-0.1537,0,0.0,0.0,0.0,HOLD_CASH
2019-04-17,20,CMS,FE,43.9849,30.5133,0.5723,0,0.0,0.0,0.0,HOLD_CASH
2019-04-18,20,CMS,FE,43.7572,30.7181,-0.7088,0,0.0,0.0,0.0,HOLD_CASH
2019-04-22,20,CMS,FE,43.5539,30.7863,-1.3515,0,0.0,0.0,0.0,HOLD_CASH
2019-04-23,20,CMS,FE,44.0662,30.9001,-0.4896,0,0.0,0.0,0.0,HOLD_CASH
2019-04-24,20,CMS,FE,44.237,30.9911,-0.362,0,0.0,0.0,0.0,HOLD_CASH
2019-04-25,20,CMS,FE,44.5297,31.2111,-0.3781,0,0.0,0.0,0.0,HOLD_CASH
2019-04-26,20,CMS,FE,44.6436,31.4614,-0.8871,0,0.0,0.0,0.0,HOLD_CASH
2019-04-29,20,CMS,FE,44.424,31.3703,-1.0114,0,0.0,0.0,0.0,HOLD_CASH
2019-04-30,20,CMS,FE,45.1721,31.8785,-0.9166,0,0.0,0.0,0.0,HOLD_CASH
2019-05-01,20,CMS,FE,44.7086,31.8178,-1.566,0,0.0,0.0,0.0,HOLD_CASH
2019-05-02,20,CMS,FE,44.6947,31.833,-1.4565,0,0.0,0.0,0.0,HOLD_CASH
2019-05-03,20,CMS,FE,45.2515,32.235,-1.7616,0,0.0,0.0,0.0,HOLD_CASH
2019-05-06,20,CMS,FE,45.1287,32.0666,-1.3284,0,0.0,0.0,0.0,HOLD_CASH
2019-05-07,20,CMS,FE,44.9895,32.1661,-1.8691,0,0.0,0.0,0.0,HOLD_CASH
2019-05-08,20,CMS,FE,44.4408,31.7146,-1.4637,0,0.0,0.0,0.0,HOLD_CASH
2019-05-09,20,CMS,FE,44.5473,31.6534,-0.8584,0,0.0,0.0,0.0,HOLD_CASH
2019-05-10,20,CMS,FE,45.5545,32.2426,-0.3331,0,0.0,0.0,0.0,HOLD_CASH
2019-05-13,20,CMS,FE,46.226,32.4876,0.5378,0,0.0,0.0,0.0,HOLD_CASH
2019-05-14,20,CMS,FE,45.7347,32.2197,0.2711,0,0.0,0.0,0.0,HOLD_CASH
2019-05-15,20,CMS,FE,45.7347,32.013,1.1068,0,0.0,0.0,0.0,HOLD_CASH
2019-05-16,20,CMS,FE,46.0377,32.2656,1.1479,0,0.0,0.0,0.0,HOLD_CASH
2019-05-17,20,CMS,FE,46.2342,32.5029,0.7247,0,0.0,0.0,0.0,HOLD_CASH
2019-05-20,20,CMS,FE,46.4471,32.5947,0.9075,0,0.0,0.0,0.0,HOLD_CASH
2019-05-21,20,CMS,FE,46.1441,32.4416,0.6773,0,0.0,0.0,0.0,HOLD_CASH
2019-05-22,20,CMS,FE,46.4307,32.633,0.7634,0,0.0,0.0,0.0,HOLD_CASH
2019-05-23,20,CMS,FE,46.963,33.0233,0.7325,0,0.0,0.0,0.0,HOLD_CASH
2019-05-24,20,CMS,FE,46.8729,32.8013,1.3411,0,0.0,0.0,0.0,HOLD_CASH
2019-05-28,20,CMS,FE,45.9967,31.8676,2.2441,-1,0.0,-0.5,-0.5,ENTER_SHORT_A
2019-05-29,20,CMS,FE,45.4399,31.3702,2.1823,-1,-0.8759,-0.5,-1.3759,HOLDING
2019-05-30,20,CMS,FE,45.6528,31.3472,2.2395,-1,-2.2132,-0.5,-2.7132,HOLDING
2019-05-31,20,CMS,FE,45.9476,31.5615,1.8917,-1,-2.1344,-0.5,-2.6344,HOLDING
2019-06-03,20,CMS,FE,46.6764,31.8983,1.9828,-1,-3.454,-0.5,-3.954,HOLDING
2019-06-04,20,CMS,FE,46.3325,32.0207,0.9991,-1,-0.6239,-0.5,-1.1239,HOLDING
2019-06-05,20,CMS,FE,47.4625,32.962,0.5407,-1,0.6187,-0.5,0.1187,HOLDING
2019-06-06,20,CMS,FE,47.6672,33.2069,0.1929,-1,1.4272,-0.5,0.9272,HOLDING
2019-06-07,20,CMS,FE,47.3233,32.9391,0.1915,-1,1.1952,-0.5,0.6952,HOLDING
2019-06-10,20,CMS,FE,47.0858,32.9238,-0.353,-1,2.3658,-0.5,1.8658,HOLDING
2019-06-11,20,CMS,FE,46.8156,32.7171,-0.3317,-1,2.2136,-0.5,1.7136,HOLDING
2019-06-12,20,CMS,FE,47.4543,33.1916,-0.4813,-1,2.4643,-0.5,1.9643,HOLDING
2019-06-13,20,CMS,FE,47.4543,33.1763,-0.4373,-1,2.3442,-0.5,1.8442,HOLDING
2019-06-14,20,CMS,FE,48.1094,33.6508,-0.5084,-1,2.5061,-0.5,2.0061,HOLDING
2019-06-17,20,CMS,FE,47.7983,33.4442,-0.5876,-1,2.5762,-0.5,2.0762,HOLDING
2019-06-18,20,CMS,FE,47.5935,33.2988,-0.6065,-1,2.5483,-0.5,2.0483,HOLDING
2019-06-19,20,CMS,FE,48.2241,33.2529,1.0285,-1,-1.2391,-0.5,-1.7391,HOLDING
2019-06-20,20,CMS,FE,48.396,33.4212,0.7651,-1,-0.8529,-0.5,-1.3529,HOLDING
2019-06-21,20,CMS,FE,48.437,33.4289,0.7621,-1,-1.0153,-0.5,-1.5153,HOLDING
2019-06-24,20,CMS,FE,48.3305,33.3753,0.6099,-1,-0.857,-0.5,-1.357,HOLDING
2019-06-25,20,CMS,FE,48.2814,33.2605,0.8783,-1,-1.4906,-0.5,-1.9906,HOLDING
2019-06-26,20,CMS,FE,47.1186,32.5488,0.5233,-1,-0.7541,-0.5,-1.2541,HOLDING
2019-06-27,20,CMS,FE,47.094,32.5335,0.5796,-1,-0.7407,-0.5,-1.2407,HOLDING
2019-06-28,20,CMS,FE,47.4216,32.7631,0.6317,-1,-0.7198,-0.5,-1.2198,HOLDING
2019-07-01,20,CMS,FE,47.2169,32.7095,0.4003,-1,-0.0273,-0.5,-0.5273,HOLDING
2019-07-02,20,CMS,FE,47.6836,33.2375,-0.5591,-1,1.5783,-0.5,1.0783,HOLDING
2019-07-03,20,CMS,FE,48.2978,33.536,0.0855,-1,0.5817,-0.5,0.0817,HOLDING
2019-07-05,20,CMS,FE,48.0849,33.4671,-0.3188,-1,1.1986,-0.5,0.6986,HOLDING
2019-07-08,20,CMS,FE,48.2159,33.3294,0.763,-1,-0.5942,-0.5,-1.0942,HOLDING
2019-07-09,20,CMS,FE,48.2159,33.3217,0.7202,-1,-0.6542,-0.5,-1.1542,HOLDING
2019-07-10,20,CMS,FE,48.2486,33.2835,0.9339,-1,-1.1325,-0.5,-1.6325,HOLDING
2019-07-11,20,CMS,FE,48.3142,33.36,0.6937,-1,-0.8881,-0.5,-1.3881,HOLDING
2019-07-12,20,CMS,FE,47.9702,33.2222,0.0706,-1,-0.0995,-0.5,-0.5995,HOLDING
2019-07-15,20,CMS,FE,48.003,33.5666,-1.8102,-1,2.4242,-0.5,1.9242,HOLDING
2019-07-16,20,CMS,FE,47.8228,33.3294,-1.283,-1,1.5422,-0.5,1.0422,HOLDING
2019-07-17,20,CMS,FE,48.0439,33.4671,-1.3382,-1,1.4211,-0.5,0.9211,HOLDING
2019-07-18,20,CMS,FE,48.4206,33.6967,-1.01,-1,1.1749,-0.5,0.6749,HOLDING
2019-07-19,20,CMS,FE,47.7082,33.2835,-1.3986,-1,1.805,-0.5,1.305,HOLDING
2019-07-22,20,CMS,FE,47.7328,33.3677,-1.6118,-1,2.3319,-0.5,1.8319,HOLDING
2019-07-23,20,CMS,FE,47.7164,33.1534,-0.2924,-1,0.74,-0.5,0.24,HOLDING
2019-07-24,20,CMS,FE,47.5035,33.383,-2.2554,-1,3.6983,-0.5,3.1983,HOLDING
2019-07-25,20,CMS,FE,47.4625,33.5743,-2.6508,-1,5.4218,-0.5,4.9218,HOLDING
2019-07-26,20,CMS,FE,48.0603,33.7197,-1.2447,-1,3.3134,-0.5,2.8134,HOLDING
2019-07-29,20,CMS,FE,48.4616,34.0335,-1.2511,-1,3.5941,-0.5,3.0941,HOLDING
2019-07-30,20,CMS,FE,47.9538,34.0411,-2.3004,-1,6.4137,-0.5,5.9137,HOLDING
2019-07-31,20,CMS,FE,47.6754,33.6508,-1.4008,-1,4.8649,-0.5,4.3649,HOLDING
2019-08-01,20,CMS,FE,48.6259,33.9646,-0.0929,-1,2.1607,-0.5,1.6607,HOLDING
2019-08-02,20,CMS,FE,48.3868,33.8651,-0.3041,-1,2.6797,-0.5,2.1797,HOLDING
2019-08-05,20,CMS,FE,47.9911,33.2452,0.9863,-1,-0.033,-0.5,-0.533,HOLDING
2019-08-06,20,CMS,FE,48.5517,33.5231,1.38,-1,-0.8992,-0.5,-1.3992,HOLDING
2019-08-07,20,CMS,FE,48.7248,33.639,1.4094,-1,-0.9315,-0.5,-1.4315,HOLDING
2019-08-08,20,CMS,FE,49.5161,34.164,1.472,-1,-1.1138,-0.5,-1.6138,HOLDING
2019-08-09,20,CMS,FE,49.7222,34.1254,1.905,-1,-2.5367,-0.5,-3.0367,HOLDING
2019-08-12,20,CMS,FE,49.409,34.3647,0.3561,-1,1.0433,-0.5,0.5433,HOLDING
2019-08-13,20,CMS,FE,49.5326,34.1099,1.3465,-1,-1.6275,-0.5,-2.1275,HOLDING
2019-08-14,20,CMS,FE,49.2688,33.6081,1.9937,-1,-4.1307,-0.5,-4.6307,HOLDING
2019-08-15,20,CMS,FE,50.5053,34.0636,2.4092,-1,-7.2776,-0.5,-7.7776,HOLDING
2019-08-16,20,CMS,FE,50.4476,34.496,1.2007,-1,-3.5721,-0.5,-4.0721,HOLDING
2019-08-19,20,CMS,FE,50.7526,34.8434,0.8202,-1,-2.5042,-0.5,-3.0042,HOLDING
2019-08-20,20,CMS,FE,50.6619,34.689,0.9398,-1,-3.2227,-0.5,-3.7227,HOLDING
2019-08-21,20,CMS,FE,51.1565,35.1136,0.6845,-1,-2.5797,-0.5,-3.0797,HOLDING
2019-08-22,20,CMS,FE,51.2224,35.2835,0.3487,-1,-1.6057,-0.5,-2.1057,HOLDING
2019-08-23,20,CMS,FE,50.7608,34.7353,0.7833,-1,-3.3969,-0.5,-3.8969,HOLDING
2019-08-26,20,CMS,FE,51.445,35.0441,1.0424,-1,-4.6929,-0.5,-5.1929,HOLDING
2019-08-27,20,CMS,FE,51.5686,35.075,1.1399,-1,-5.1227,-0.5,-5.6227,HOLDING
2019-08-28,20,CMS,FE,51.4944,35.1445,0.7785,-1,-4.1743,-0.5,-4.6743,HOLDING
2019-08-29,20,CMS,FE,51.9561,35.4688,0.6775,-1,-4.1393,-0.5,-4.6393,HOLDING
2019-08-30,20,CMS,FE,51.9725,35.5151,0.492,-1,-3.8655,-0.5,-4.3655,HOLDING
2019-09-03,20,CMS,FE,53.0689,35.932,1.6007,-1,-6.5536,-0.5,-7.0536,HOLDING
2019-09-04,20,CMS,FE,53.1513,36.1636,0.8368,-1,-5.1845,-0.5,-5.6845,HOLDING
2019-09-05,20,CMS,FE,52.2611,35.9166,-0.6267,-1,-2.2841,-0.5,-2.7841,HOLDING
2019-09-06,20,CMS,FE,51.7335,36.0401,-2.2395,-1,0.0,0.4884,0.4884,PERIOD_END_EXIT
