Date,Pair_Rank,Ticker_A,Ticker_B,Price_A,Price_B,Hedge_Ratio,ZScore,Position,Unrealized_PnL,Realized_PnL,Cumulative_PnL,Status
2020-09-09,1,BAC,JPM,22.3415,87.3828,1.0677,0.0,0,0.0,0.0,0.0,HOLD_CASH
2020-09-10,1,BAC,JPM,22.0175,86.4819,1.0677,0.0,0,0.0,0.0,0.0,HOLD_CASH
2020-09-11,1,BAC,JPM,22.3328,87.5561,1.0677,0.0,0,0.0,0.0,0.0,HOLD_CASH
2020-09-14,1,BAC,JPM,22.5517,88.7689,1.0677,0.0,0,0.0,0.0,0.0,HOLD_CASH
2020-09-15,1,BAC,JPM,22.1401,86.0054,1.0677,0.0,0,0.0,0.0,0.0,HOLD_CASH
2020-09-16,1,BAC,JPM,22.4204,86.3692,1.0677,0.0,0,0.0,0.0,0.0,HOLD_CASH
2020-09-17,1,BAC,JPM,22.2014,85.3817,1.0677,0.0,0,0.0,0.0,0.0,HOLD_CASH
2020-09-18,1,BAC,JPM,22.0788,85.1998,1.0677,0.0,0,0.0,0.0,0.0,HOLD_CASH
2020-09-21,1,BAC,JPM,21.4307,82.5662,1.0677,0.0,0,0.0,0.0,0.0,HOLD_CASH
2020-09-22,1,BAC,JPM,20.9665,81.6653,1.0677,0.0,0,0.0,0.0,0.0,HOLD_CASH
2020-09-23,1,BAC,JPM,20.371,80.3399,1.0677,0.0,0,0.0,0.0,0.0,HOLD_CASH
2020-09-24,1,BAC,JPM,20.4411,80.2706,1.0677,0.0,0,0.0,0.0,0.0,HOLD_CASH
2020-09-25,1,BAC,JPM,20.5724,80.9722,1.0677,0.0,0,0.0,0.0,0.0,HOLD_CASH
2020-09-28,1,BAC,JPM,21.0979,83.3026,1.0677,0.0,0,0.0,0.0,0.0,HOLD_CASH
2020-09-29,1,BAC,JPM,20.8176,82.6009,1.0677,0.0,0,0.0,0.0,0.0,HOLD_CASH
2020-09-30,1,BAC,JPM,21.0979,83.3979,1.0677,0.0,0,0.0,0.0,0.0,HOLD_CASH
2020-10-01,1,BAC,JPM,21.1067,84.0043,1.0677,0.0,0,0.0,0.0,0.0,HOLD_CASH
2020-10-02,1,BAC,JPM,21.203,84.8013,1.0677,0.0,0,0.0,0.0,0.0,HOLD_CASH
2020-10-05,1,BAC,JPM,21.5621,86.5937,1.0677,0.0,0,0.0,0.0,0.0,HOLD_CASH
2020-10-06,1,BAC,JPM,21.3431,85.7018,1.0677,-1.7032,0,0.0,0.0,0.0,HOLD_CASH
2020-10-07,1,BAC,JPM,21.7898,87.1969,1.0677,-1.375,0,0.0,0.0,0.0,HOLD_CASH
2020-10-08,1,BAC,JPM,22.1051,88.9893,1.0677,-1.6564,0,0.0,0.0,0.0,HOLD_CASH
2020-10-09,1,BAC,JPM,22.2102,88.4822,1.0677,-0.8815,0,0.0,0.0,0.0,HOLD_CASH
2020-10-12,1,BAC,JPM,22.4904,89.5664,1.0677,-0.8546,0,0.0,0.0,0.0,HOLD_CASH
2020-10-13,1,BAC,JPM,21.8511,88.115,1.0677,-1.39,0,0.0,0.0,0.0,HOLD_CASH
2020-10-14,1,BAC,JPM,20.6863,87.6253,1.0677,-3.0135,1,0.0,-0.0833,-0.0833,ENTER_LONG_A
2020-10-15,1,BAC,JPM,21.1504,88.9368,1.0677,-2.2617,1,0.2603,-0.0833,0.1769,HOLDING
2020-10-16,1,BAC,JPM,21.2293,88.7532,1.0677,-1.7734,1,0.504,-0.0833,0.4207,HOLDING
2020-10-19,1,BAC,JPM,20.7739,87.2581,1.0677,-1.7073,1,0.351,-0.0833,0.2676,HOLDING
2020-10-20,1,BAC,JPM,21.1417,87.7565,1.0677,-1.1586,1,0.8229,-0.0833,0.7395,HOLDING
2020-10-21,1,BAC,JPM,21.0629,86.8822,1.0677,-0.8069,1,1.0986,-0.0833,1.0153,HOLDING
2020-10-22,1,BAC,JPM,21.781,89.951,1.0677,-0.8549,1,0.9907,-0.0833,0.9074,HOLDING
2020-10-23,1,BAC,JPM,21.8073,90.7642,1.0677,-1.0816,1,0.6426,-0.0833,0.5593,HOLDING
2020-10-26,1,BAC,JPM,21.492,88.5172,1.0677,-0.5158,1,1.1318,-0.0833,1.0485,HOLDING
2020-10-27,1,BAC,JPM,20.8877,86.8472,1.0677,-0.776,1,0.7746,-0.0833,0.6912,HOLDING
2020-10-28,1,BAC,JPM,20.5549,84.4078,1.0677,-0.0761,1,1.3241,-0.0833,1.2408,HOLDING
2020-10-29,1,BAC,JPM,20.6162,84.9586,1.0677,-0.1876,1,1.1731,-0.0833,1.0897,HOLDING
2020-10-30,1,BAC,JPM,20.7563,85.7193,1.0677,-0.253,1,1.0725,-0.0833,0.9892,HOLDING
2020-11-02,1,BAC,JPM,21.0891,87.6516,1.0677,-0.584,1,0.772,-0.0833,0.6887,HOLDING
2020-11-03,1,BAC,JPM,21.6234,90.4145,1.0677,-0.9198,1,0.456,-0.0833,0.3727,HOLDING
2020-11-04,1,BAC,JPM,20.7388,87.6516,1.0677,-1.2741,1,0.0895,-0.0833,0.0062,HOLDING
2020-11-05,1,BAC,JPM,21.5533,91.2363,1.0677,-1.369,1,-0.0841,-0.0833,-0.1674,HOLDING
2020-11-06,1,BAC,JPM,21.2906,90.021,1.0677,-1.203,1,0.0009,-0.0833,-0.0825,HOLDING
2020-11-09,1,BAC,JPM,24.3121,102.2092,1.0677,-1.3911,1,-0.0978,-0.0833,-0.1811,HOLDING
2020-11-10,1,BAC,JPM,24.2245,101.8769,1.0677,-1.3795,1,-0.1053,-0.0833,-0.1886,HOLDING
2020-11-11,1,BAC,JPM,23.9442,100.3556,1.0677,-1.0267,1,0.0958,-0.0833,0.0125,HOLDING
2020-11-12,1,BAC,JPM,23.375,99.1228,1.0677,-1.7224,1,-0.4079,-0.0833,-0.4912,HOLDING
2020-11-13,1,BAC,JPM,23.6465,99.7436,1.0677,-1.2283,1,-0.1838,-0.0833,-0.2671,HOLDING
2020-11-16,1,BAC,JPM,24.1544,102.5589,1.0677,-1.6369,1,-0.5767,-0.0833,-0.66,HOLDING
2020-11-17,1,BAC,JPM,24.1281,101.5185,1.0677,-0.8815,1,-0.1169,-0.0833,-0.2003,HOLDING
2020-11-18,1,BAC,JPM,23.629,100.7665,1.0677,-1.5548,1,-0.7202,-0.0833,-0.8036,HOLDING
2020-11-19,1,BAC,JPM,23.629,101.0376,1.0677,-1.5397,1,-0.8533,-0.0833,-0.9367,HOLDING
2020-11-20,1,BAC,JPM,23.4801,100.172,1.0677,-1.2217,1,-0.7183,-0.0833,-0.8017,HOLDING
2020-11-23,1,BAC,JPM,23.988,103.0573,1.0677,-1.577,1,-1.1456,-0.0833,-1.2289,HOLDING
2020-11-24,1,BAC,JPM,25.3805,107.8224,1.0677,-0.9878,1,-0.7727,-0.0833,-0.856,HOLDING
2020-11-25,1,BAC,JPM,25.4243,106.6945,1.0677,-0.1159,1,-0.1335,-0.0833,-0.2168,HOLDING
2020-11-27,1,BAC,JPM,25.3893,105.9863,1.0677,0.4263,1,0.1461,-0.0833,0.0627,HOLDING
2020-11-30,1,BAC,JPM,24.6624,103.066,1.0677,0.698,1,0.1639,-0.0833,0.0806,HOLDING
2020-12-01,1,BAC,JPM,25.1266,104.6923,1.0677,1.0799,1,0.2697,-0.0833,0.1863,HOLDING
2020-12-02,1,BAC,JPM,25.4506,106.7032,1.0677,0.3838,1,-0.0866,-0.0833,-0.1699,HOLDING
2020-12-03,1,BAC,JPM,25.477,106.0038,1.0677,1.2878,1,0.3084,-0.0833,0.2251,HOLDING
2020-12-04,1,BAC,JPM,25.8119,106.9655,1.0677,1.5224,1,0.4886,-0.0833,0.4052,HOLDING
2020-12-07,1,BAC,JPM,25.6357,106.5633,1.0677,1.1536,1,0.3427,-0.0833,0.2594,HOLDING
2020-12-08,1,BAC,JPM,25.4947,106.6683,1.0677,0.4516,1,0.0165,-0.0833,-0.0669,HOLDING
2020-12-09,1,BAC,JPM,25.3801,105.8376,1.0677,0.8095,1,0.2012,-0.0833,0.1178,HOLDING
2020-12-10,1,BAC,JPM,25.6533,105.1556,1.0677,2.19,1,1.0683,-0.0833,0.985,HOLDING
2020-12-11,1,BAC,JPM,25.1774,104.5349,1.0677,0.983,1,0.446,-0.0833,0.3627,HOLDING
2020-12-14,1,BAC,JPM,24.869,103.4333,1.0677,0.8276,1,0.3861,-0.0833,0.3028,HOLDING
2020-12-15,1,BAC,JPM,25.2391,105.1994,1.0677,0.4797,1,0.2399,-0.0833,0.1565,HOLDING
2020-12-16,1,BAC,JPM,25.3096,105.5054,1.0677,0.4215,1,0.227,-0.0833,0.1436,HOLDING
2020-12-17,1,BAC,JPM,25.4065,104.6311,1.0677,1.3747,1,0.8452,-0.0833,0.7619,HOLDING
2020-12-18,1,BAC,JPM,25.2655,104.1152,1.0677,1.2458,1,0.8238,-0.0833,0.7405,HOLDING
2020-12-21,1,BAC,JPM,26.2085,108.0235,1.0677,0.9216,1,0.7416,-0.0833,0.6583,HOLDING
2020-12-22,1,BAC,JPM,25.7414,106.3797,1.0677,0.7593,1,0.6389,-0.0833,0.5556,HOLDING
2020-12-23,1,BAC,JPM,26.4817,109.3524,1.0677,0.5922,1,0.6213,-0.0833,0.5379,HOLDING
2020-12-24,1,BAC,JPM,26.4024,108.8716,1.0677,0.778,1,0.7029,-0.0833,0.6195,HOLDING
2020-12-28,1,BAC,JPM,26.5522,109.5885,1.0677,0.4908,1,0.6427,-0.0833,0.5594,HOLDING
2020-12-29,1,BAC,JPM,26.4464,109.3,1.0677,0.2398,1,0.5784,-0.0833,0.495,HOLDING
2020-12-30,1,BAC,JPM,26.42,109.606,1.0677,-0.4534,1,0.3766,-0.0833,0.2932,HOLDING
2020-12-31,1,BAC,JPM,26.7108,111.1011,1.0677,-1.1909,1,0.2089,-0.0833,0.1256,HOLDING
2021-01-04,1,BAC,JPM,26.464,110.0519,1.0677,-0.9983,1,0.2434,-0.0833,0.1601,HOLDING
2021-01-05,1,BAC,JPM,26.6667,110.6507,1.0677,-0.6237,1,0.3443,-0.0833,0.2609,HOLDING
2021-01-06,1,BAC,JPM,28.3323,115.8465,1.0677,1.3131,1,1.0377,-0.0833,0.9544,HOLDING
2021-01-07,1,BAC,JPM,28.958,119.6507,1.0677,-0.972,1,0.3885,-0.0833,0.3052,HOLDING
2021-01-08,1,BAC,JPM,28.6672,119.7828,1.0677,-2.4814,1,-0.2429,-0.0833,-0.3263,HOLDING
2021-01-11,1,BAC,JPM,29.1431,121.5705,1.0677,-2.0954,1,-0.1937,-0.0833,-0.277,HOLDING
2021-01-12,1,BAC,JPM,29.663,123.4815,1.0677,-1.6874,1,-0.1191,-0.0833,-0.2024,HOLDING
2021-01-13,1,BAC,JPM,29.4867,123.5959,1.0677,-2.1575,1,-0.5187,-0.0833,-0.6021,HOLDING
2021-01-14,1,BAC,JPM,29.9538,124.318,1.0677,-0.9694,1,0.0366,-0.0833,-0.0467,HOLDING
2021-01-15,1,BAC,JPM,29.0902,122.0901,1.0677,-1.8249,1,-0.5518,-0.0833,-0.6352,HOLDING
2021-01-19,1,BAC,JPM,28.8787,121.5617,1.0677,-1.8262,1,-0.7044,-0.0833,-0.7877,HOLDING
2021-01-20,1,BAC,JPM,28.4997,119.7388,1.0677,-1.3867,1,-0.5475,-0.0833,-0.6308,HOLDING
2021-01-21,1,BAC,JPM,27.9974,118.7349,1.0677,-1.9217,1,-1.0331,-0.0833,-1.1165,HOLDING
2021-01-22,1,BAC,JPM,27.8035,117.819,1.0677,-1.5905,1,-0.9611,-0.0833,-1.0445,HOLDING
2021-01-25,1,BAC,JPM,27.4599,116.3484,1.0677,-1.3501,1,-0.9085,-0.0833,-0.9918,HOLDING
2021-01-26,1,BAC,JPM,27.266,115.8728,1.0677,-1.4241,1,-1.0527,-0.0833,-1.136,HOLDING
2021-01-27,1,BAC,JPM,26.2878,112.5969,1.0677,-1.701,1,-1.3497,-0.0833,-1.4331,HOLDING
2021-01-28,1,BAC,JPM,26.7196,114.5783,1.0677,-1.678,1,-1.4815,-0.0833,-1.5648,HOLDING
2021-01-29,1,BAC,JPM,26.1292,113.3102,1.0677,-2.1012,1,-2.0091,-0.0833,-2.0924,HOLDING
2021-02-01,1,BAC,JPM,26.4024,114.1468,1.0677,-1.6753,1,-1.8877,-0.0833,-1.971,HOLDING
2021-02-02,1,BAC,JPM,27.3453,117.6605,1.0677,-1.3388,1,-1.7761,-0.0833,-1.8594,HOLDING
2021-02-03,1,BAC,JPM,27.83,119.0079,1.0677,-0.8889,1,-1.4934,-0.0833,-1.5768,HOLDING
2021-02-04,1,BAC,JPM,28.6407,121.7466,1.0677,-0.5207,1,-1.2588,-0.0833,-1.3421,HOLDING
2021-02-05,1,BAC,JPM,28.5262,121.5089,1.0677,-0.6062,1,-1.3652,-0.0833,-1.4486,HOLDING
2021-02-08,1,BAC,JPM,29.1607,123.411,1.0677,-0.0554,1,-1.0632,-0.0833,-1.1465,HOLDING
2021-02-09,1,BAC,JPM,29.0373,122.9179,1.0677,0.0212,1,-1.0614,-0.0833,-1.1447,HOLDING
2021-02-10,1,BAC,JPM,29.0637,122.9883,1.0677,0.142,1,-1.0444,-0.0833,-1.1278,HOLDING
2021-02-11,1,BAC,JPM,28.9756,122.6449,1.0677,0.193,1,-1.0475,-0.0833,-1.1308,HOLDING
2021-02-12,1,BAC,JPM,29.4074,124.3885,1.0677,0.3166,1,-1.0625,-0.0833,-1.1458,HOLDING
2021-02-16,1,BAC,JPM,30.2006,127.3826,1.0677,0.561,1,-0.9876,-0.0833,-1.0709,HOLDING
2021-02-17,1,BAC,JPM,30.3239,127.779,1.0677,0.722,1,-0.9418,-0.0833,-1.0252,HOLDING
2021-02-18,1,BAC,JPM,30.1301,128.2104,1.0677,-0.6542,1,-1.5314,-0.0833,-1.6148,HOLDING
2021-02-19,1,BAC,JPM,30.4385,130.3504,1.0677,-1.6027,1,-1.9814,-0.0833,-2.0647,HOLDING
2021-02-22,1,BAC,JPM,30.9761,131.5744,1.0677,-0.426,1,-1.5352,-0.0833,-1.6185,HOLDING
2021-02-23,1,BAC,JPM,31.3021,132.6312,1.0677,-0.0702,1,-1.4189,-0.0833,-1.5022,HOLDING
2021-02-24,1,BAC,JPM,32.06,134.9648,1.0677,0.7766,1,-1.0883,-0.0833,-1.1717,HOLDING
2021-02-25,1,BAC,JPM,31.6634,133.1331,1.0677,1.0279,1,-0.9614,-0.0833,-1.0448,HOLDING
2021-02-26,1,BAC,JPM,30.5883,129.6018,1.0677,0.1015,1,-1.3219,-0.0833,-1.4053,HOLDING
2021-03-01,1,BAC,JPM,31.5401,132.5343,1.0677,1.0909,1,-0.9077,-0.0833,-0.9911,HOLDING
2021-03-02,1,BAC,JPM,31.3109,132.1028,1.0677,0.3567,1,-1.1422,-0.0833,-1.2256,HOLDING
2021-03-03,1,BAC,JPM,32.0953,134.6566,1.0677,1.126,1,-0.8683,-0.0833,-0.9516,HOLDING
2021-03-04,1,BAC,JPM,32.3255,132.5871,1.0677,3.4662,1,0.5966,-0.0833,0.5133,HOLDING
2021-03-05,1,BAC,JPM,32.7063,132.8954,1.0677,3.0577,1,1.1872,-0.0833,1.1039,HOLDING
2021-03-08,1,BAC,JPM,32.8835,134.6566,1.0677,1.9315,1,0.6673,-0.0833,0.584,HOLDING
2021-03-09,1,BAC,JPM,32.1661,133.7056,1.0677,0.7195,1,-0.2632,-0.0833,-0.3465,HOLDING
2021-03-10,1,BAC,JPM,33.096,136.6116,1.0677,1.0519,1,0.0,-0.0935,-0.0935,PERIOD_END_EXIT
2020-09-09,2,HBAN,USB,7.6326,28.8762,1.0467,0.0,0,0.0,0.0,0.0,HOLD_CASH
2020-09-10,2,HBAN,USB,7.4689,28.2833,1.0467,0.0,0,0.0,0.0,0.0,HOLD_CASH
2020-09-11,2,HBAN,USB,7.5468,28.9947,1.0467,0.0,0,0.0,0.0,0.0,HOLD_CASH
2020-09-14,2,HBAN,USB,7.8899,29.9354,1.0467,0.0,0,0.0,0.0,0.0,HOLD_CASH
2020-09-15,2,HBAN,USB,7.7963,29.5006,1.0467,0.0,0,0.0,0.0,0.0,HOLD_CASH
2020-09-16,2,HBAN,USB,7.828,30.1646,1.0467,0.0,0,0.0,0.0,0.0,HOLD_CASH
2020-09-17,2,HBAN,USB,7.7488,29.9512,1.0467,0.0,0,0.0,0.0,0.0,HOLD_CASH
2020-09-18,2,HBAN,USB,7.6697,29.7378,1.0467,0.0,0,0.0,0.0,0.0,HOLD_CASH
2020-09-21,2,HBAN,USB,7.2502,28.5837,1.0467,0.0,0,0.0,0.0,0.0,HOLD_CASH
2020-09-22,2,HBAN,USB,7.0365,28.1331,1.0467,0.0,0,0.0,0.0,0.0,HOLD_CASH
2020-09-23,2,HBAN,USB,6.8782,27.2715,1.0467,0.0,0,0.0,0.0,0.0,HOLD_CASH
2020-09-24,2,HBAN,USB,6.8623,27.4533,1.0467,0.0,0,0.0,0.0,0.0,HOLD_CASH
2020-09-25,2,HBAN,USB,6.9811,27.7932,1.0467,0.0,0,0.0,0.0,0.0,HOLD_CASH
2020-09-28,2,HBAN,USB,7.2185,28.5362,1.0467,0.0,0,0.0,0.0,0.0,HOLD_CASH
2020-09-29,2,HBAN,USB,7.1631,28.2323,1.0467,0.0,0,0.0,0.0,0.0,HOLD_CASH
2020-09-30,2,HBAN,USB,7.2581,28.6722,1.0467,0.0,0,0.0,0.0,0.0,HOLD_CASH
2020-10-01,2,HBAN,USB,7.2423,28.7922,1.0467,0.0,0,0.0,0.0,0.0,HOLD_CASH
2020-10-02,2,HBAN,USB,7.3847,29.408,1.0467,0.0,0,0.0,0.0,0.0,HOLD_CASH
2020-10-05,2,HBAN,USB,7.6538,30.1758,1.0467,0.0,0,0.0,0.0,0.0,HOLD_CASH
2020-10-06,2,HBAN,USB,7.5509,29.9279,1.0467,-0.8052,0,0.0,0.0,0.0,HOLD_CASH
2020-10-07,2,HBAN,USB,7.8201,31.0236,1.0467,-0.8626,0,0.0,0.0,0.0,HOLD_CASH
2020-10-08,2,HBAN,USB,7.9388,31.5914,1.0467,-1.0115,0,0.0,0.0,0.0,HOLD_CASH
2020-10-09,2,HBAN,USB,7.7963,31.3275,1.0467,-1.4158,0,0.0,0.0,0.0,HOLD_CASH
2020-10-12,2,HBAN,USB,7.8755,31.7914,1.0467,-1.6389,0,0.0,0.0,0.0,HOLD_CASH
2020-10-13,2,HBAN,USB,7.5668,30.7277,1.0467,-1.9377,0,0.0,0.0,0.0,HOLD_CASH
2020-10-14,2,HBAN,USB,7.4876,30.5917,1.0467,-2.1033,1,0.0,-0.0833,-0.0833,ENTER_LONG_A
2020-10-15,2,HBAN,USB,7.6459,31.3035,1.0467,-2.0719,1,-0.1308,-0.0833,-0.2142,HOLDING
2020-10-16,2,HBAN,USB,7.6538,31.3035,1.0467,-1.8223,1,-0.0878,-0.0833,-0.1711,HOLDING
2020-10-19,2,HBAN,USB,7.5351,31.1675,1.0467,-2.1551,1,-0.544,-0.0833,-0.6273,HOLDING
2020-10-20,2,HBAN,USB,7.8201,31.3595,1.0467,-0.2015,1,0.7381,-0.0833,0.6547,HOLDING
2020-10-21,2,HBAN,USB,7.6697,31.0476,1.0467,-0.6879,1,0.3548,-0.0833,0.2715,HOLDING
2020-10-22,2,HBAN,USB,8.2158,32.3752,1.0467,0.8619,1,1.4751,-0.0833,1.3917,HOLDING
2020-10-23,2,HBAN,USB,8.287,32.5192,1.0467,1.0675,1,1.6619,-0.0833,1.5786,HOLDING
2020-10-26,2,HBAN,USB,8.1367,31.9593,1.0467,1.0515,1,1.624,-0.0833,1.5407,HOLDING
2020-10-27,2,HBAN,USB,7.8675,30.7197,1.0467,1.4757,1,1.8877,-0.0833,1.8043,HOLDING
2020-10-28,2,HBAN,USB,7.7805,29.8319,1.0467,2.2363,1,2.651,-0.0833,2.5676,HOLDING
2020-10-29,2,HBAN,USB,8.0258,30.4477,1.0467,2.2415,1,3.1273,-0.0833,3.0439,HOLDING
2020-10-30,2,HBAN,USB,8.2633,31.1515,1.0467,2.0632,1,3.438,-0.0833,3.3547,HOLDING
2020-11-02,2,HBAN,USB,8.5562,31.7834,1.0467,2.1545,1,4.1503,-0.0833,4.0669,HOLDING
2020-11-03,2,HBAN,USB,8.7778,32.6471,1.0467,1.7875,1,4.1521,-0.0833,4.0688,HOLDING
2020-11-04,2,HBAN,USB,7.9784,31.1915,1.0467,0.3044,1,1.8328,-0.0833,1.7495,HOLDING
2020-11-05,2,HBAN,USB,8.3662,32.3592,1.0467,0.534,1,2.3151,-0.0833,2.2318,HOLDING
2020-11-06,2,HBAN,USB,8.0338,31.3275,1.0467,0.2895,1,1.9447,-0.0833,1.8614,HOLDING
2020-11-09,2,HBAN,USB,9.4585,35.3184,1.0467,1.2904,1,4.1322,-0.0833,4.0488,HOLDING
2020-11-10,2,HBAN,USB,9.6009,35.3024,1.0467,1.5432,1,4.9292,-0.0833,4.8459,HOLDING
2020-11-11,2,HBAN,USB,9.2131,34.9905,1.0467,0.5621,1,3.2548,-0.0833,3.1714,HOLDING
2020-11-12,2,HBAN,USB,8.9361,34.2387,1.0467,0.2569,1,2.7957,-0.0833,2.7123,HOLDING
2020-11-13,2,HBAN,USB,9.1735,34.6386,1.0467,0.6245,1,3.5298,-0.0833,3.4465,HOLDING
2020-11-16,2,HBAN,USB,9.5218,35.4144,1.0467,1.0689,1,4.3428,-0.0833,4.2595,HOLDING
2020-11-17,2,HBAN,USB,9.5139,35.2144,1.0467,1.168,1,4.5783,-0.0833,4.495,HOLDING
2020-11-18,2,HBAN,USB,9.3951,34.5986,1.0467,1.3602,1,4.7906,-0.0833,4.7073,HOLDING
2020-11-19,2,HBAN,USB,9.4585,34.5826,1.0467,1.5239,1,5.1572,-0.0833,5.0739,HOLDING
2020-11-20,2,HBAN,USB,9.3002,34.1187,1.0467,1.2812,1,4.9426,-0.0833,4.8593,HOLDING
2020-11-23,2,HBAN,USB,9.6405,34.4626,1.0467,2.1197,1,6.3143,-0.0833,6.2309,HOLDING
2020-11-24,2,HBAN,USB,10.2341,36.3101,1.0467,2.0176,1,6.9685,-0.0833,6.8852,HOLDING
2020-11-25,2,HBAN,USB,10.0442,35.7343,1.0467,1.6815,1,6.7378,-0.0833,6.6544,HOLDING
2020-11-27,2,HBAN,USB,9.8621,35.3584,1.0467,1.2616,1,6.2715,-0.0833,6.1882,HOLDING
2020-11-30,2,HBAN,USB,9.5614,34.5586,1.0467,0.918,1,5.7502,-0.0833,5.6668,HOLDING
2020-12-01,2,HBAN,USB,9.8938,35.3904,1.0467,1.1476,1,6.3991,-0.0833,6.3158,HOLDING
2020-12-02,2,HBAN,USB,10.155,35.7343,1.0467,1.5045,1,7.3403,-0.0833,7.257,HOLDING
2020-12-03,2,HBAN,USB,10.2737,35.9662,1.0467,1.5194,1,7.6628,-0.0833,7.5795,HOLDING
2020-12-04,2,HBAN,USB,10.3766,36.2861,1.0467,1.4094,1,7.7767,-0.0833,7.6933,HOLDING
2020-12-07,2,HBAN,USB,10.2975,35.8303,1.0467,1.5004,1,7.9814,-0.0833,7.898,HOLDING
2020-12-08,2,HBAN,USB,10.2104,35.9742,1.0467,0.9519,1,7.3074,-0.0833,7.224,HOLDING
2020-12-09,2,HBAN,USB,10.2183,36.67,1.0467,0.2314,1,6.3811,-0.0833,6.2977,HOLDING
2020-12-10,2,HBAN,USB,10.3133,36.886,1.0467,0.2611,1,6.5967,-0.0833,6.5134,HOLDING
2020-12-11,2,HBAN,USB,10.2341,36.662,1.0467,0.1008,1,6.4783,-0.0833,6.395,HOLDING
2020-12-14,2,HBAN,USB,9.9017,35.8383,1.0467,-0.4842,1,5.8182,-0.0833,5.7349,HOLDING
2020-12-15,2,HBAN,USB,9.965,36.1422,1.0467,-0.7492,1,5.7391,-0.0833,5.6558,HOLDING
2020-12-16,2,HBAN,USB,9.9096,36.2701,1.0467,-1.3924,1,5.2596,-0.0833,5.1763,HOLDING
2020-12-17,2,HBAN,USB,9.8856,36.2142,1.0467,-1.4754,1,5.2069,-0.0833,5.1236,HOLDING
2020-12-18,2,HBAN,USB,9.9257,35.8783,1.0467,-0.6591,1,5.8927,-0.0833,5.8093,HOLDING
2020-12-21,2,HBAN,USB,9.8215,36.2542,1.0467,-1.9199,1,4.8027,-0.0833,4.7194,HOLDING
2020-12-22,2,HBAN,USB,9.7174,36.4621,1.0467,-2.3325,1,3.9467,-0.0833,3.8634,HOLDING
2020-12-23,2,HBAN,USB,9.9737,37.3738,1.0467,-1.9522,1,4.0705,-0.0833,3.9872,HOLDING
2020-12-24,2,HBAN,USB,9.8936,37.1819,1.0467,-1.7803,1,3.9023,-0.0833,3.819,HOLDING
2020-12-28,2,HBAN,USB,9.9817,37.3179,1.0467,-1.3952,1,4.1921,-0.0833,4.1088,HOLDING
2020-12-29,2,HBAN,USB,9.8696,36.894,1.0467,-1.2394,1,4.1727,-0.0833,4.0894,HOLDING
2020-12-30,2,HBAN,USB,10.0618,37.2491,1.0467,-0.8056,1,4.7235,-0.0833,4.6401,HOLDING
2020-12-31,2,HBAN,USB,10.1179,37.6042,1.0467,-0.8797,1,4.5337,-0.0833,4.4503,HOLDING
2021-01-04,2,HBAN,USB,10.0618,37.2249,1.0467,-0.6087,1,4.7572,-0.0833,4.6739,HOLDING
2021-01-05,2,HBAN,USB,10.2861,37.346,1.0467,0.2553,1,5.8083,-0.0833,5.7249,HOLDING
2021-01-06,2,HBAN,USB,11.2955,39.5575,1.0467,1.8753,1,8.2162,-0.0833,8.1329,HOLDING
2021-01-07,2,HBAN,USB,11.5679,40.3485,1.0467,1.9675,1,8.5954,-0.0833,8.512,HOLDING
2021-01-08,2,HBAN,USB,11.5599,39.8077,1.0467,2.1895,1,9.3052,-0.0833,9.2218,HOLDING
2021-01-11,2,HBAN,USB,11.8002,39.8239,1.0467,2.4219,1,10.5895,-0.0833,10.5062,HOLDING
2021-01-12,2,HBAN,USB,11.9364,40.0741,1.0467,2.1581,1,10.9815,-0.0833,10.8982,HOLDING
2021-01-13,2,HBAN,USB,11.9124,39.9611,1.0467,1.8697,1,11.0083,-0.0833,10.9249,HOLDING
2021-01-14,2,HBAN,USB,12.0165,39.7754,1.0467,1.8925,1,11.8332,-0.0833,11.7498,HOLDING
2021-01-15,2,HBAN,USB,11.8243,39.0652,1.0467,1.6943,1,11.7772,-0.0833,11.6939,HOLDING
2021-01-19,2,HBAN,USB,11.9204,38.7988,1.0467,1.7447,1,12.671,-0.0833,12.5877,HOLDING
2021-01-20,2,HBAN,USB,11.7602,36.7891,1.0467,2.1216,1,14.5995,-0.0833,14.5162,HOLDING
2021-01-21,2,HBAN,USB,11.624,36.8617,1.0467,1.6415,1,13.7578,-0.0833,13.6744,HOLDING
2021-01-22,2,HBAN,USB,11.0872,37.015,1.0467,0.7219,1,10.6255,-0.0833,10.5421,HOLDING
2021-01-25,2,HBAN,USB,10.7989,36.9343,1.0467,0.2571,1,9.1697,-0.0833,9.0864,HOLDING
2021-01-26,2,HBAN,USB,10.8309,36.4743,1.0467,0.4611,1,9.9848,-0.0833,9.9015,HOLDING
2021-01-27,2,HBAN,USB,10.6386,34.5533,1.0467,1.0623,1,11.6155,-0.0833,11.5322,HOLDING
2021-01-28,2,HBAN,USB,10.8709,35.3281,1.0467,0.9484,1,11.7993,-0.0833,11.716,HOLDING
2021-01-29,2,HBAN,USB,10.5986,34.5856,1.0467,0.8099,1,11.3527,-0.0833,11.2694,HOLDING
2021-02-01,2,HBAN,USB,10.5906,34.5049,1.0467,0.7831,1,11.4216,-0.0833,11.3383,HOLDING
2021-02-02,2,HBAN,USB,10.8389,35.7156,1.0467,0.405,1,11.0854,-0.0833,11.002,HOLDING
2021-02-03,2,HBAN,USB,10.911,36.103,1.0467,0.1756,1,10.9377,-0.0833,10.8544,HOLDING
2021-02-04,2,HBAN,USB,11.3116,37.3783,1.0467,0.0741,1,11.3392,-0.0833,11.2559,HOLDING
2021-02-05,2,HBAN,USB,11.2715,37.4105,1.0467,-0.2081,1,11.0765,-0.0833,10.9931,HOLDING
2021-02-08,2,HBAN,USB,11.3917,38.258,1.0467,-0.8597,1,10.5492,-0.0833,10.4659,HOLDING
2021-02-09,2,HBAN,USB,11.4397,38.4275,1.0467,-0.9064,1,10.5745,-0.0833,10.4912,HOLDING
2021-02-10,2,HBAN,USB,11.4718,38.2177,1.0467,-0.5521,1,11.0411,-0.0833,10.9578,HOLDING
2021-02-11,2,HBAN,USB,11.4638,38.137,1.0467,-0.5163,1,11.11,-0.0833,11.0266,HOLDING
2021-02-12,2,HBAN,USB,11.5759,38.4517,1.0467,-0.4575,1,11.2813,-0.0833,11.198,HOLDING
2021-02-16,2,HBAN,USB,12.0566,39.2669,1.0467,0.3883,1,12.7594,-0.0833,12.676,HOLDING
2021-02-17,2,HBAN,USB,11.9925,39.7916,1.0467,-0.4645,1,11.68,-0.0833,11.5967,HOLDING
2021-02-18,2,HBAN,USB,11.8563,39.5979,1.0467,-0.7247,1,11.2093,-0.0833,11.126,HOLDING
2021-02-19,2,HBAN,USB,12.2569,40.3727,1.0467,0.1557,1,12.308,-0.0833,12.2246,HOLDING
2021-02-22,2,HBAN,USB,12.4732,41.1153,1.0467,0.0202,1,12.4497,-0.0833,12.3663,HOLDING
2021-02-23,2,HBAN,USB,12.5933,41.6561,1.0467,-0.4161,1,12.3497,-0.0833,12.2664,HOLDING
2021-02-24,2,HBAN,USB,12.9939,42.6246,1.0467,0.0946,1,13.1785,-0.0833,13.0952,HOLDING
2021-02-25,2,HBAN,USB,12.5773,41.6722,1.0467,-0.588,1,12.2401,-0.0833,12.1568,HOLDING
2021-02-26,2,HBAN,USB,12.2889,40.3566,1.0467,0.4952,1,12.5047,-0.0833,12.4214,HOLDING
2021-03-01,2,HBAN,USB,12.6814,41.2928,1.0467,1.3612,1,13.3349,-0.0833,13.2516,HOLDING
2021-03-02,2,HBAN,USB,12.6093,40.8812,1.0467,1.9658,1,13.5163,-0.0833,13.433,HOLDING
2021-03-03,2,HBAN,USB,12.7615,41.2928,1.0467,1.8931,1,13.7705,-0.0833,13.6872,HOLDING
2021-03-04,2,HBAN,USB,12.6414,41.1798,1.0467,1.1281,1,13.2745,-0.0833,13.1912,HOLDING
2021-03-05,2,HBAN,USB,13.0019,42.3502,1.0467,0.9421,1,13.6044,-0.0833,13.5211,HOLDING
2021-03-08,2,HBAN,USB,13.3063,43.6255,1.0467,0.1532,1,13.4832,-0.0833,13.3998,HOLDING
2021-03-09,2,HBAN,USB,12.8657,42.6973,1.0467,-1.0062,1,12.3804,-0.0833,12.297,HOLDING
2021-03-10,2,HBAN,USB,13.098,43.4075,1.0467,-1.0431,1,0.0,12.4391,12.4391,PERIOD_END_EXIT
2020-09-09,3,FRT,REG,62.8347,33.0178,1.1054,0.0,0,0.0,0.0,0.0,HOLD_CASH
2020-09-10,3,FRT,REG,61.7583,31.7817,1.1054,0.0,0,0.0,0.0,0.0,HOLD_CASH
2020-09-11,3,FRT,REG,61.0618,31.1839,1.1054,0.0,0,0.0,0.0,0.0,HOLD_CASH
2020-09-14,3,FRT,REG,63.729,32.3473,1.1054,0.0,0,0.0,0.0,0.0,HOLD_CASH
2020-09-15,3,FRT,REG,64.2356,33.2925,1.1054,0.0,0,0.0,0.0,0.0,HOLD_CASH
2020-09-16,3,FRT,REG,66.151,33.6156,1.1054,0.0,0,0.0,0.0,0.0,HOLD_CASH
2020-09-17,3,FRT,REG,66.2064,33.3571,1.1054,0.0,0,0.0,0.0,0.0,HOLD_CASH
2020-09-18,3,FRT,REG,64.6947,32.3715,1.1054,0.0,0,0.0,0.0,0.0,HOLD_CASH
2020-09-21,3,FRT,REG,58.7608,30.061,1.1054,0.0,0,0.0,0.0,0.0,HOLD_CASH
2020-09-22,3,FRT,REG,59.1938,30.1014,1.1054,0.0,0,0.0,0.0,0.0,HOLD_CASH
2020-09-23,3,FRT,REG,57.3014,29.5116,1.1054,0.0,0,0.0,0.0,0.0,HOLD_CASH
2020-09-24,3,FRT,REG,58.0071,29.7136,1.1054,0.0,0,0.0,0.0,0.0,HOLD_CASH
2020-09-25,3,FRT,REG,58.6405,30.2306,1.1054,0.0,0,0.0,0.0,0.0,HOLD_CASH
2020-09-28,3,FRT,REG,60.0919,31.1516,1.1054,0.0,0,0.0,0.0,0.0,HOLD_CASH
2020-09-29,3,FRT,REG,58.5283,30.5134,1.1054,0.0,0,0.0,0.0,0.0,HOLD_CASH
2020-09-30,3,FRT,REG,58.8891,30.7153,1.1054,0.0,0,0.0,0.0,0.0,HOLD_CASH
2020-10-01,3,FRT,REG,60.982,31.8302,1.1054,0.0,0,0.0,0.0,0.0,HOLD_CASH
2020-10-02,3,FRT,REG,62.8905,32.4765,1.1054,0.0,0,0.0,0.0,0.0,HOLD_CASH
2020-10-05,3,FRT,REG,62.9867,32.4038,1.1054,0.0,0,0.0,0.0,0.0,HOLD_CASH
2020-10-06,3,FRT,REG,62.8664,32.2745,1.1054,-0.0993,0,0.0,0.0,0.0,HOLD_CASH
2020-10-07,3,FRT,REG,62.265,31.8545,1.1054,0.1933,0,0.0,0.0,0.0,HOLD_CASH
2020-10-08,3,FRT,REG,63.9249,32.6704,1.1054,0.0229,0,0.0,0.0,0.0,HOLD_CASH
2020-10-09,3,FRT,REG,62.8504,31.9756,1.1054,0.645,0,0.0,0.0,0.0,HOLD_CASH
2020-10-12,3,FRT,REG,63.2032,32.113,1.1054,0.7261,0,0.0,0.0,0.0,HOLD_CASH
2020-10-13,3,FRT,REG,61.6877,30.8931,1.1054,2.0805,-1,0.0,-0.0833,-0.0833,ENTER_SHORT_A
2020-10-14,3,FRT,REG,60.6532,30.4245,1.1054,1.7938,-1,0.0001,-0.0833,-0.0832,HOLDING
2020-10-15,3,FRT,REG,61.0862,31.1354,1.1054,0.3845,-1,0.7291,-0.0833,0.6458,HOLDING
2020-10-16,3,FRT,REG,59.6349,30.3276,1.1054,0.8531,-1,0.5162,-0.0833,0.4329,HOLDING
2020-10-19,3,FRT,REG,58.8651,29.8913,1.1054,1.0415,-1,0.3923,-0.0833,0.309,HOLDING
2020-10-20,3,FRT,REG,59.4665,30.2953,1.1054,0.683,-1,0.5785,-0.0833,0.4952,HOLDING
2020-10-21,3,FRT,REG,59.1537,30.0044,1.1054,1.0318,-1,0.3673,-0.0833,0.2839,HOLDING
2020-10-22,3,FRT,REG,60.3726,30.8446,1.1054,0.2439,-1,0.7751,-0.0833,0.6918,HOLDING
2020-10-23,3,FRT,REG,61.5193,30.9335,1.1054,1.317,-1,0.1652,-0.0833,0.0819,HOLDING
2020-10-26,3,FRT,REG,58.7769,30.3356,1.1054,-0.5174,-1,1.0782,-0.0833,0.9948,HOLDING
2020-10-27,3,FRT,REG,56.2991,29.2612,1.1054,-0.8178,-1,1.1463,-0.0833,1.0629,HOLDING
2020-10-28,3,FRT,REG,54.4548,28.5664,1.1054,-1.3735,-1,1.3456,-0.0833,1.2623,HOLDING
2020-10-29,3,FRT,REG,55.5774,28.6472,1.1054,-0.0972,-1,0.7397,-0.0833,0.6564,HOLDING
2020-10-30,3,FRT,REG,55.1524,28.7522,1.1054,-1.1809,-1,1.1612,-0.0833,1.0779,HOLDING
2020-11-02,3,FRT,REG,57.2934,29.245,1.1054,0.5046,-1,0.4854,-0.0833,0.4021,HOLDING
2020-11-03,3,FRT,REG,60.5731,30.2387,1.1054,1.9231,-1,-0.2116,-0.0833,-0.2949,HOLDING
2020-11-04,3,FRT,REG,57.6462,29.0027,1.1054,1.4442,-1,-0.0842,-0.0833,-0.1676,HOLDING
2020-11-05,3,FRT,REG,57.8146,29.2289,1.1054,0.887,-1,0.1281,-0.0833,0.0448,HOLDING
2020-11-06,3,FRT,REG,55.2727,27.5081,1.1054,2.1868,-1,-0.678,-0.0833,-0.7613,HOLDING
2020-11-09,3,FRT,REG,73.4591,37.1299,1.1054,-1.0637,-1,1.28,-0.0833,1.1966,HOLDING
2020-11-10,3,FRT,REG,75.4397,37.7681,1.1054,-0.4682,-1,0.913,-0.0833,0.8297,HOLDING
2020-11-11,3,FRT,REG,72.4247,37.2187,1.1054,-1.8672,-1,2.0696,-0.0833,1.9862,HOLDING
2020-11-12,3,FRT,REG,68.4233,35.4656,1.1054,-1.8058,-1,2.1541,-0.0833,2.0708,HOLDING
2020-11-13,3,FRT,REG,70.9412,36.9441,1.1054,-1.957,-1,2.6324,-0.0833,2.549,HOLDING
2020-11-16,3,FRT,REG,74.3652,39.5939,1.1054,-2.6087,-1,4.1883,-0.0833,4.1049,HOLDING
2020-11-17,3,FRT,REG,73.2185,38.996,1.1054,-2.1021,-1,4.0773,-0.0833,3.994,HOLDING
2020-11-18,3,FRT,REG,72.6893,38.067,1.1054,-1.2592,-1,3.1011,-0.0833,3.0178,HOLDING
2020-11-19,3,FRT,REG,72.8015,38.584,1.1054,-1.5173,-1,3.7614,-0.0833,3.678,HOLDING
2020-11-20,3,FRT,REG,71.9916,38.1801,1.1054,-1.3434,-1,3.7089,-0.0833,3.6256,HOLDING
2020-11-23,3,FRT,REG,74.6298,39.1495,1.1054,-0.9877,-1,3.3892,-0.0833,3.3058,HOLDING
2020-11-24,3,FRT,REG,75.0628,39.4162,1.1054,-0.9531,-1,3.489,-0.0833,3.4056,HOLDING
2020-11-25,3,FRT,REG,73.002,38.4467,1.1054,-0.8894,-1,3.4382,-0.0833,3.3549,HOLDING
2020-11-27,3,FRT,REG,70.861,37.8812,1.1054,-1.1559,-1,4.011,-0.0833,3.9277,HOLDING
2020-11-30,3,FRT,REG,69.9389,36.8229,1.1054,-0.5785,-1,3.1039,-0.0833,3.0205,HOLDING
2020-12-01,3,FRT,REG,70.2436,37.6065,1.1054,-1.0124,-1,4.0182,-0.0833,3.9349,HOLDING
2020-12-02,3,FRT,REG,72.136,38.3982,1.1054,-0.8327,-1,3.9252,-0.0833,3.8419,HOLDING
2020-12-03,3,FRT,REG,73.6194,39.0688,1.1054,-0.7236,-1,3.9231,-0.0833,3.8397,HOLDING
2020-12-04,3,FRT,REG,74.6538,39.6504,1.1054,-0.7336,-1,4.0832,-0.0833,3.9998,HOLDING
2020-12-07,3,FRT,REG,72.4086,38.8426,1.1054,-1.1116,-1,4.3796,-0.0833,4.2963,HOLDING
2020-12-08,3,FRT,REG,71.8954,38.5598,1.1054,-1.0083,-1,4.3084,-0.0833,4.2251,HOLDING
2020-12-09,3,FRT,REG,72.7374,38.5356,1.1054,-0.2329,-1,3.7339,-0.0833,3.6505,HOLDING
2020-12-10,3,FRT,REG,73.3147,38.4629,1.1054,0.708,-1,3.2605,-0.0833,3.1771,HOLDING
2020-12-11,3,FRT,REG,72.2883,38.0347,1.1054,0.7982,-1,3.3126,-0.0833,3.2293,HOLDING
2020-12-14,3,FRT,REG,71.2619,37.8731,1.1054,-0.1223,-1,3.7423,-0.0833,3.659,HOLDING
2020-12-15,3,FRT,REG,74.8222,39.1782,1.1054,1.166,-1,3.3063,-0.0833,3.223,HOLDING
2020-12-16,3,FRT,REG,72.7454,38.7364,1.1054,-0.7725,-1,4.0131,-0.0833,3.9298,HOLDING
2020-12-17,3,FRT,REG,72.7534,38.8591,1.1054,-1.0943,-1,4.1818,-0.0833,4.0985,HOLDING
2020-12-18,3,FRT,REG,70.8129,37.5826,1.1054,0.1676,-1,3.6191,-0.0833,3.5357,HOLDING
2020-12-21,3,FRT,REG,68.8724,37.018,1.1054,-1.1434,-1,4.0645,-0.0833,3.9812,HOLDING
2020-12-22,3,FRT,REG,68.9766,37.018,1.1054,-0.8654,-1,3.9977,-0.0833,3.9143,HOLDING
2020-12-23,3,FRT,REG,69.0488,36.9526,1.1054,-0.4224,-1,3.8586,-0.0833,3.7753,HOLDING
2020-12-24,3,FRT,REG,69.4257,37.1571,1.1054,-0.4396,-1,3.9065,-0.0833,3.8232,HOLDING
2020-12-28,3,FRT,REG,69.578,37.4517,1.1054,-1.227,-1,4.226,-0.0833,4.1427,HOLDING
2020-12-29,3,FRT,REG,68.5998,37.0753,1.1054,-1.4939,-1,4.3206,-0.0833,4.2373,HOLDING
2020-12-30,3,FRT,REG,68.8644,37.3044,1.1054,-1.6769,-1,4.4753,-0.0833,4.392,HOLDING
2020-12-31,3,FRT,REG,69.1079,37.3044,1.1054,-1.1329,-1,4.319,-0.0833,4.2357,HOLDING
2021-01-04,3,FRT,REG,66.794,36.2243,1.1054,-1.192,-1,4.274,-0.0833,4.1906,HOLDING
2021-01-05,3,FRT,REG,67.0701,36.2489,1.1054,-0.7494,-1,4.1316,-0.0833,4.0483,HOLDING
2021-01-06,3,FRT,REG,69.8386,37.3126,1.1054,0.1594,-1,3.8618,-0.0833,3.7784,HOLDING
2021-01-07,3,FRT,REG,68.7263,36.8298,1.1054,-0.0629,-1,3.8917,-0.0833,3.8084,HOLDING
2021-01-08,3,FRT,REG,68.6289,37.2226,1.1054,-1.4037,-1,4.5105,-0.0833,4.4272,HOLDING
2021-01-11,3,FRT,REG,67.0457,36.0198,1.1054,0.1378,-1,3.8228,-0.0833,3.7394,HOLDING
2021-01-12,3,FRT,REG,68.8481,36.6171,1.1054,1.3054,-1,3.5123,-0.0833,3.4289,HOLDING
2021-01-13,3,FRT,REG,70.0578,37.9427,1.1054,-1.431,-1,4.6134,-0.0833,4.5301,HOLDING
2021-01-14,3,FRT,REG,70.4557,38.5073,1.1054,-2.515,-1,5.1578,-0.0833,5.0745,HOLDING
2021-01-15,3,FRT,REG,70.8535,38.5154,1.1054,-1.5987,-1,4.9141,-0.0833,4.8308,HOLDING
2021-01-19,3,FRT,REG,70.7966,38.4091,1.1054,-1.1973,-1,4.7999,-0.0833,4.7166,HOLDING
2021-01-20,3,FRT,REG,71.6491,39.4155,1.1054,-2.5091,-1,5.6784,-0.0833,5.595,HOLDING
2021-01-21,3,FRT,REG,70.6018,38.3354,1.1054,-0.8217,-1,4.8207,-0.0833,4.7373,HOLDING
2021-01-22,3,FRT,REG,71.8765,38.4009,1.1054,0.7629,-1,4.0955,-0.0833,4.0122,HOLDING
2021-01-25,3,FRT,REG,72.2256,39.0309,1.1054,-0.4728,-1,4.7638,-0.0833,4.6805,HOLDING
2021-01-26,3,FRT,REG,72.0794,39.2191,1.1054,-1.0993,-1,5.1241,-0.0833,5.0408,HOLDING
2021-01-27,3,FRT,REG,71.6897,38.5645,1.1054,0.2439,-1,4.4471,-0.0833,4.3638,HOLDING
2021-01-28,3,FRT,REG,71.1052,39.0146,1.1054,-1.6443,-1,5.4595,-0.0833,5.3762,HOLDING
2021-01-29,3,FRT,REG,71.0889,38.6055,1.1054,-0.5428,-1,4.8906,-0.0833,4.8072,HOLDING
2021-02-01,3,FRT,REG,70.6668,38.4091,1.1054,-0.524,-1,4.8833,-0.0833,4.7999,HOLDING
2021-02-02,3,FRT,REG,70.821,38.3518,1.1054,-0.1494,-1,4.7032,-0.0833,4.6199,HOLDING
2021-02-03,3,FRT,REG,71.3487,38.9491,1.1054,-0.9462,-1,5.2106,-0.0833,5.1272,HOLDING
2021-02-04,3,FRT,REG,73.3541,40.2338,1.1054,-1.5191,-1,5.7433,-0.0833,5.6599,HOLDING
2021-02-05,3,FRT,REG,74.0929,40.1847,1.1054,-0.4199,-1,5.1997,-0.0833,5.1164,HOLDING
2021-02-08,3,FRT,REG,74.166,40.0619,1.1054,0.0136,-1,4.979,-0.0833,4.8956,HOLDING
2021-02-09,3,FRT,REG,75.5219,40.5365,1.1054,0.5943,-1,4.7811,-0.0833,4.6978,HOLDING
2021-02-10,3,FRT,REG,77.7545,41.0439,1.1054,2.3289,-1,4.0671,-0.0833,3.9838,HOLDING
2021-02-11,3,FRT,REG,79.5569,41.9358,1.1054,1.9244,-1,4.1738,-0.0833,4.0904,HOLDING
2021-02-12,3,FRT,REG,83.0805,43.0568,1.1054,2.5305,-1,3.5006,-0.0833,3.4172,HOLDING
2021-02-16,3,FRT,REG,82.4067,42.7377,1.1054,2.0901,-1,3.481,-0.0833,3.3977,HOLDING
2021-02-17,3,FRT,REG,82.9912,43.5396,1.1054,1.0527,-1,4.2416,-0.0833,4.1583,HOLDING
2021-02-18,3,FRT,REG,81.8464,43.7687,1.1054,-0.3503,-1,5.3006,-0.0833,5.2173,HOLDING
2021-02-19,3,FRT,REG,80.9534,43.2041,1.1054,-0.1266,-1,5.074,-0.0833,4.9907,HOLDING
2021-02-22,3,FRT,REG,81.676,44.0305,1.1054,-0.8978,-1,5.7808,-0.0833,5.6975,HOLDING
2021-02-23,3,FRT,REG,83.8599,45.1842,1.1054,-0.9832,-1,6.0135,-0.0833,5.9302,HOLDING
2021-02-24,3,FRT,REG,86.0764,46.068,1.1054,-0.658,-1,5.843,-0.0833,5.7596,HOLDING
2021-02-25,3,FRT,REG,83.6245,45.2088,1.1054,-1.1043,-1,6.1994,-0.0833,6.116,HOLDING
2021-02-26,3,FRT,REG,82.1387,44.8242,1.1054,-1.573,-1,6.608,-0.0833,6.5247,HOLDING
2021-03-01,3,FRT,REG,84.4364,45.2415,1.1054,-0.45,-1,5.7248,-0.0833,5.6415,HOLDING
2021-03-02,3,FRT,REG,82.4473,44.3169,1.1054,-0.4994,-1,5.6915,-0.0833,5.6082,HOLDING
2021-03-03,3,FRT,REG,85.6055,46.3625,1.1054,-1.1689,-1,6.5623,-0.0833,6.479,HOLDING
2021-03-04,3,FRT,REG,84.1766,46.0516,1.1054,-1.5743,-1,7.0388,-0.0833,6.9554,HOLDING
2021-03-05,3,FRT,REG,85.8653,47.1972,1.1054,-1.7968,-1,7.5776,-0.0833,7.4943,HOLDING
2021-03-08,3,FRT,REG,88.6582,48.4245,1.1054,-1.4438,-1,7.5239,-0.0833,7.4406,HOLDING
2021-03-09,3,FRT,REG,86.1819,47.909,1.1054,-1.9175,-1,8.3827,-0.0833,8.2993,HOLDING
2021-03-10,3,FRT,REG,87.2942,48.8091,1.1054,-1.9105,-1,0.0,8.7353,8.7353,PERIOD_END_EXIT
2020-09-09,4,MDLZ,PEP,50.1507,115.6515,1.069,0.0,0,0.0,0.0,0.0,HOLD_CASH
2020-09-10,4,MDLZ,PEP,49.8019,113.6693,1.069,0.0,0,0.0,0.0,0.0,HOLD_CASH
2020-09-11,4,MDLZ,PEP,50.1943,114.5549,1.069,0.0,0,0.0,0.0,0.0,HOLD_CASH
2020-09-14,4,MDLZ,PEP,50.5955,115.2804,1.069,0.0,0,0.0,0.0,0.0,HOLD_CASH
2020-09-15,4,MDLZ,PEP,50.6653,114.3947,1.069,0.0,0,0.0,0.0,0.0,HOLD_CASH
2020-09-16,4,MDLZ,PEP,50.5607,113.8549,1.069,0.0,0,0.0,0.0,0.0,HOLD_CASH
2020-09-17,4,MDLZ,PEP,49.8978,112.3534,1.069,0.0,0,0.0,0.0,0.0,HOLD_CASH
2020-09-18,4,MDLZ,PEP,49.296,110.8942,1.069,0.0,0,0.0,0.0,0.0,HOLD_CASH
2020-09-21,4,MDLZ,PEP,48.7116,110.7002,1.069,0.0,0,0.0,0.0,0.0,HOLD_CASH
2020-09-22,4,MDLZ,PEP,48.6767,111.4678,1.069,0.0,0,0.0,0.0,0.0,HOLD_CASH
2020-09-23,4,MDLZ,PEP,47.8133,110.4978,1.069,0.0,0,0.0,0.0,0.0,HOLD_CASH
2020-09-24,4,MDLZ,PEP,48.5023,110.987,1.069,0.0,0,0.0,0.0,0.0,HOLD_CASH
2020-09-25,4,MDLZ,PEP,48.982,112.6487,1.069,0.0,0,0.0,0.0,0.0,HOLD_CASH
2020-09-28,4,MDLZ,PEP,49.7234,116.3769,1.069,0.0,0,0.0,0.0,0.0,HOLD_CASH
2020-09-29,4,MDLZ,PEP,49.5348,115.6937,1.069,0.0,0,0.0,0.0,0.0,HOLD_CASH
2020-09-30,4,MDLZ,PEP,50.3855,116.9083,1.069,0.0,0,0.0,0.0,0.0,HOLD_CASH
2020-10-01,4,MDLZ,PEP,50.789,118.764,1.069,0.0,0,0.0,0.0,0.0,HOLD_CASH
2020-10-02,4,MDLZ,PEP,49.8681,116.4528,1.069,0.0,0,0.0,0.0,0.0,HOLD_CASH
2020-10-05,4,MDLZ,PEP,50.061,116.3432,1.069,0.0,0,0.0,0.0,0.0,HOLD_CASH
2020-10-06,4,MDLZ,PEP,49.1928,114.4622,1.069,-0.9085,0,0.0,0.0,0.0,HOLD_CASH
2020-10-07,4,MDLZ,PEP,49.2805,115.5672,1.069,-1.365,0,0.0,0.0,0.0,HOLD_CASH
2020-10-08,4,MDLZ,PEP,49.5523,116.2757,1.069,-1.2828,0,0.0,0.0,0.0,HOLD_CASH
2020-10-09,4,MDLZ,PEP,50.254,116.7733,1.069,-0.6226,0,0.0,0.0,0.0,HOLD_CASH
2020-10-12,4,MDLZ,PEP,51.438,119.8858,1.069,-0.8399,0,0.0,0.0,0.0,HOLD_CASH
2020-10-13,4,MDLZ,PEP,51.6572,121.0752,1.069,-1.1217,0,0.0,0.0,0.0,HOLD_CASH
2020-10-14,4,MDLZ,PEP,51.3853,120.2148,1.069,-0.8946,0,0.0,0.0,0.0,HOLD_CASH
2020-10-15,4,MDLZ,PEP,51.1661,119.2954,1.069,-0.5598,0,0.0,0.0,0.0,HOLD_CASH
2020-10-16,4,MDLZ,PEP,50.8416,119.5485,1.069,-1.2224,0,0.0,0.0,0.0,HOLD_CASH
2020-10-19,4,MDLZ,PEP,50.14,117.8193,1.069,-1.0446,0,0.0,0.0,0.0,HOLD_CASH
2020-10-20,4,MDLZ,PEP,49.9733,117.8446,1.069,-1.3469,0,0.0,0.0,0.0,HOLD_CASH
2020-10-21,4,MDLZ,PEP,49.833,117.7518,1.069,-1.4221,0,0.0,0.0,0.0,HOLD_CASH
2020-10-22,4,MDLZ,PEP,49.833,117.7603,1.069,-1.4816,0,0.0,0.0,0.0,HOLD_CASH
2020-10-23,4,MDLZ,PEP,49.6488,117.7181,1.069,-1.9487,0,0.0,0.0,0.0,HOLD_CASH
2020-10-26,4,MDLZ,PEP,48.4385,116.4528,1.069,-2.8324,1,0.0,-0.0833,-0.0833,ENTER_LONG_A
2020-10-27,4,MDLZ,PEP,48.2456,117.3469,1.069,-2.9328,1,-0.491,-0.0833,-0.5743,HOLDING
2020-10-28,4,MDLZ,PEP,46.6143,113.1716,1.069,-2.1324,1,-0.3037,-0.0833,-0.387,HOLDING
2020-10-29,4,MDLZ,PEP,46.6494,113.0198,1.069,-1.6996,1,-0.2184,-0.0833,-0.3017,HOLDING
2020-10-30,4,MDLZ,PEP,46.588,112.4294,1.069,-1.2518,1,-0.0511,-0.0833,-0.1345,HOLDING
2020-11-02,4,MDLZ,PEP,47.658,113.9983,1.069,-0.6334,1,0.2585,-0.0833,0.1752,HOLDING
2020-11-03,4,MDLZ,PEP,47.7281,115.5925,1.069,-1.4201,1,-0.2726,-0.0833,-0.3559,HOLDING
2020-11-04,4,MDLZ,PEP,48.1842,116.2841,1.069,-1.0839,1,-0.1491,-0.0833,-0.2324,HOLDING
2020-11-05,4,MDLZ,PEP,48.7981,116.4444,1.069,-0.2588,1,0.3021,-0.0833,0.2188,HOLDING
2020-11-06,4,MDLZ,PEP,48.9735,116.7228,1.069,-0.1045,1,0.3451,-0.0833,0.2617,HOLDING
2020-11-09,4,MDLZ,PEP,49.0437,116.7818,1.069,0.0397,1,0.3816,-0.0833,0.2982,HOLDING
2020-11-10,4,MDLZ,PEP,50.0698,119.54,1.069,-0.24,1,0.215,-0.0833,0.1317,HOLDING
2020-11-11,4,MDLZ,PEP,50.6399,121.3788,1.069,-0.5813,1,0.0092,-0.0833,-0.0742,HOLDING
2020-11-12,4,MDLZ,PEP,50.4031,121.3283,1.069,-0.8894,1,-0.169,-0.0833,-0.2524,HOLDING
2020-11-13,4,MDLZ,PEP,50.9205,122.0621,1.069,-0.4514,1,-0.0101,-0.0833,-0.0934,HOLDING
2020-11-16,4,MDLZ,PEP,51.4643,122.9477,1.069,-0.0619,1,0.1146,-0.0833,0.0313,HOLDING
2020-11-17,4,MDLZ,PEP,51.3415,122.5092,1.069,0.2001,1,0.1746,-0.0833,0.0913,HOLDING
2020-11-18,4,MDLZ,PEP,50.6574,120.9402,1.069,0.3513,1,0.1859,-0.0833,0.1026,HOLDING
2020-11-19,4,MDLZ,PEP,50.5171,120.8896,1.069,0.1504,1,0.0879,-0.0833,0.0046,HOLDING
2020-11-20,4,MDLZ,PEP,50.1137,120.974,1.069,-1.1214,1,-0.2787,-0.0833,-0.362,HOLDING
2020-11-23,4,MDLZ,PEP,50.2978,120.6366,1.069,-0.0227,1,-0.0008,-0.0833,-0.0842,HOLDING
2020-11-24,4,MDLZ,PEP,50.71,121.4885,1.069,-0.0254,1,0.027,-0.0833,-0.0564,HOLDING
2020-11-25,4,MDLZ,PEP,50.4206,121.5982,1.069,-1.3295,1,-0.2543,-0.0833,-0.3376,HOLDING
2020-11-27,4,MDLZ,PEP,50.3943,121.9693,1.069,-1.888,1,-0.4133,-0.0833,-0.4967,HOLDING
2020-11-30,4,MDLZ,PEP,50.3855,121.6572,1.069,-1.3097,1,-0.3052,-0.0833,-0.3886,HOLDING
2020-12-01,4,MDLZ,PEP,51.2713,123.2092,1.069,-0.5706,1,-0.1425,-0.0833,-0.2259,HOLDING
2020-12-02,4,MDLZ,PEP,50.9907,121.9862,1.069,0.2759,1,0.0763,-0.0833,-0.007,HOLDING
2020-12-03,4,MDLZ,PEP,51.359,122.7108,1.069,0.3807,1,0.1147,-0.0833,0.0314,HOLDING
2020-12-04,4,MDLZ,PEP,51.7712,123.9001,1.069,0.0199,1,0.0177,-0.0833,-0.0656,HOLDING
2020-12-07,4,MDLZ,PEP,51.2275,123.4923,1.069,-1.2369,1,-0.2837,-0.0833,-0.367,HOLDING
2020-12-08,4,MDLZ,PEP,51.1222,123.6198,1.069,-1.7355,1,-0.4183,-0.0833,-0.5016,HOLDING
2020-12-09,4,MDLZ,PEP,50.6223,123.7642,1.069,-2.9059,1,-0.8873,-0.0833,-0.9707,HOLDING
2020-12-10,4,MDLZ,PEP,50.1487,122.8977,1.069,-2.4744,1,-0.9608,-0.0833,-1.0441,HOLDING
2020-12-11,4,MDLZ,PEP,50.3417,123.1525,1.069,-1.9173,1,-0.8946,-0.0833,-0.9779,HOLDING
2020-12-14,4,MDLZ,PEP,50.2452,122.5239,1.069,-1.339,1,-0.7424,-0.0833,-0.8257,HOLDING
2020-12-15,4,MDLZ,PEP,50.3855,122.9826,1.069,-1.319,1,-0.7953,-0.0833,-0.8786,HOLDING
2020-12-16,4,MDLZ,PEP,50.1663,123.0846,1.069,-1.6645,1,-1.0153,-0.0833,-1.0986,HOLDING
2020-12-17,4,MDLZ,PEP,50.8065,123.7812,1.069,-0.8802,1,-0.7405,-0.0833,-0.8238,HOLDING
2020-12-18,4,MDLZ,PEP,51.1485,124.8175,1.069,-1.0141,1,-0.8393,-0.0833,-0.9226,HOLDING
2020-12-21,4,MDLZ,PEP,50.5872,123.5178,1.069,-0.9097,1,-0.8254,-0.0833,-0.9088,HOLDING
2020-12-22,4,MDLZ,PEP,50.1312,122.3455,1.069,-0.7078,1,-0.7712,-0.0833,-0.8546,HOLDING
2020-12-23,4,MDLZ,PEP,50.2978,122.6768,1.069,-0.5853,1,-0.7552,-0.0833,-0.8385,HOLDING
2020-12-24,4,MDLZ,PEP,50.7363,123.229,1.069,-0.095,1,-0.5947,-0.0833,-0.678,HOLDING
2020-12-28,4,MDLZ,PEP,51.1047,124.8005,1.069,-0.7622,1,-0.8695,-0.0833,-0.9528,HOLDING
2020-12-29,4,MDLZ,PEP,51.2626,125.2338,1.069,-0.7544,1,-0.8984,-0.0833,-0.9817,HOLDING
2020-12-30,4,MDLZ,PEP,51.1435,125.1404,1.069,-0.8431,1,-0.9628,-0.0833,-1.0461,HOLDING
2020-12-31,4,MDLZ,PEP,51.558,125.9814,1.069,-0.6712,1,-0.9291,-0.0833,-1.0125,HOLDING
2021-01-04,4,MDLZ,PEP,51.073,122.5579,1.069,2.1842,1,-0.0666,-0.0833,-0.15,HOLDING
2021-01-05,4,MDLZ,PEP,51.1259,122.9231,1.069,2.0482,1,-0.1577,-0.0833,-0.241,HOLDING
2021-01-06,4,MDLZ,PEP,51.0289,121.4195,1.069,2.8998,1,0.3176,-0.0833,0.2342,HOLDING
2021-01-07,4,MDLZ,PEP,50.9319,121.0288,1.069,2.4639,1,0.3814,-0.0833,0.2981,HOLDING
2021-01-08,4,MDLZ,PEP,51.3111,122.4814,1.069,1.6702,1,0.1596,-0.0833,0.0763,HOLDING
2021-01-11,4,MDLZ,PEP,50.3411,120.7059,1.069,1.2079,1,0.0095,-0.0833,-0.0738,HOLDING
2021-01-12,4,MDLZ,PEP,50.5439,120.1453,1.069,1.7519,1,0.3855,-0.0833,0.3021,HOLDING
2021-01-13,4,MDLZ,PEP,50.588,121.1307,1.069,0.9852,1,0.0578,-0.0833,-0.0256,HOLDING
2021-01-14,4,MDLZ,PEP,50.5351,120.4256,1.069,1.2685,1,0.2745,-0.0833,0.1911,HOLDING
2021-01-15,4,MDLZ,PEP,50.4557,120.1113,1.069,1.2351,1,0.3247,-0.0833,0.2414,HOLDING
2021-01-19,4,MDLZ,PEP,50.3852,120.6805,1.069,0.6463,1,0.0556,-0.0833,-0.0277,HOLDING
2021-01-20,4,MDLZ,PEP,50.3499,120.0603,1.069,0.9359,1,0.2555,-0.0833,0.1722,HOLDING
2021-01-21,4,MDLZ,PEP,49.4858,118.5992,1.069,0.5218,1,0.0772,-0.0833,-0.0061,HOLDING
2021-01-22,4,MDLZ,PEP,49.6004,117.7327,1.069,1.2379,1,0.4929,-0.0833,0.4096,HOLDING
2021-01-25,4,MDLZ,PEP,50.1471,119.0834,1.069,1.0316,1,0.4481,-0.0833,0.3648,HOLDING
2021-01-26,4,MDLZ,PEP,50.782,120.4596,1.069,0.9569,1,0.4672,-0.0833,0.3839,HOLDING
2021-01-27,4,MDLZ,PEP,49.7503,117.2655,1.069,1.5192,1,0.7903,-0.0833,0.707,HOLDING
2021-01-28,4,MDLZ,PEP,50.3675,118.2424,1.069,1.6925,1,0.9424,-0.0833,0.859,HOLDING
2021-01-29,4,MDLZ,PEP,48.8861,116.0167,1.069,0.7965,1,0.5335,-0.0833,0.4501,HOLDING
2021-02-01,4,MDLZ,PEP,48.7186,116.365,1.069,-0.0978,1,0.2654,-0.0833,0.1821,HOLDING
2021-02-02,4,MDLZ,PEP,49.521,117.5543,1.069,0.6447,1,0.4929,-0.0833,0.4096,HOLDING
2021-02-03,4,MDLZ,PEP,48.7451,117.2485,1.069,-1.4653,1,-0.0393,-0.0833,-0.1226,HOLDING
2021-02-04,4,MDLZ,PEP,49.3799,118.6586,1.069,-1.3061,1,-0.0327,-0.0833,-0.1161,HOLDING
2021-02-05,4,MDLZ,PEP,49.5651,119.746,1.069,-1.8935,1,-0.2808,-0.0833,-0.3641,HOLDING
2021-02-08,4,MDLZ,PEP,49.3976,119.2703,1.069,-1.591,1,-0.2442,-0.0833,-0.3276,HOLDING
2021-02-09,4,MDLZ,PEP,48.9391,118.5907,1.069,-1.7959,1,-0.3742,-0.0833,-0.4576,HOLDING
2021-02-10,4,MDLZ,PEP,48.7186,116.9767,1.069,-0.5369,1,0.0392,-0.0833,-0.0441,HOLDING
2021-02-11,4,MDLZ,PEP,49.0978,114.6575,1.069,2.3223,1,1.212,-0.0833,1.1287,HOLDING
2021-02-12,4,MDLZ,PEP,48.6657,113.723,1.069,1.9505,1,1.1982,-0.0833,1.1149,HOLDING
2021-02-16,4,MDLZ,PEP,48.3924,114.1563,1.069,1.0028,1,0.8107,-0.0833,0.7274,HOLDING
2021-02-17,4,MDLZ,PEP,48.4276,114.2242,1.069,0.9167,1,0.8149,-0.0833,0.7316,HOLDING
2021-02-18,4,MDLZ,PEP,49.4946,114.9973,1.069,1.8417,1,1.4163,-0.0833,1.333,HOLDING
2021-02-19,4,MDLZ,PEP,47.8897,112.5677,1.069,0.9597,1,0.9801,-0.0833,0.8968,HOLDING
2021-02-22,4,MDLZ,PEP,47.8985,112.126,1.069,1.1801,1,1.1508,-0.0833,1.0675,HOLDING
2021-02-23,4,MDLZ,PEP,48.3218,112.7971,1.069,1.2272,1,1.2546,-0.0833,1.1713,HOLDING
2021-02-24,4,MDLZ,PEP,47.9074,112.2109,1.069,0.9301,1,1.1267,-0.0833,1.0434,HOLDING
2021-02-25,4,MDLZ,PEP,47.6517,110.4354,1.069,1.5493,1,1.5705,-0.0833,1.4872,HOLDING
2021-02-26,4,MDLZ,PEP,46.8757,109.7474,1.069,0.8856,1,1.1797,-0.0833,1.0964,HOLDING
2021-03-01,4,MDLZ,PEP,47.3166,110.9621,1.069,0.6791,1,1.0972,-0.0833,1.0138,HOLDING
2021-03-02,4,MDLZ,PEP,47.3342,111.3445,1.069,0.4199,1,0.9705,-0.0833,0.8872,HOLDING
2021-03-03,4,MDLZ,PEP,46.6817,109.7049,1.069,0.496,1,1.0341,-0.0833,0.9508,HOLDING
2021-03-04,4,MDLZ,PEP,47.5811,110.3154,1.069,1.1937,1,1.5563,-0.0833,1.4729,HOLDING
2021-03-05,4,MDLZ,PEP,49.0096,113.9118,1.069,0.8136,1,1.4144,-0.0833,1.331,HOLDING
2021-03-08,4,MDLZ,PEP,48.6304,113.1412,1.069,0.7135,1,1.384,-0.0833,1.3007,HOLDING
2021-03-09,4,MDLZ,PEP,49.0449,113.2439,1.069,1.2128,1,1.6906,-0.0833,1.6073,HOLDING
2021-03-10,4,MDLZ,PEP,49.5475,114.3828,1.069,1.2772,1,0.0,1.5207,1.5207,PERIOD_END_EXIT
2020-09-09,5,AVB,UDR,129.419,27.8618,1.1425,0.0,0,0.0,0.0,0.0,HOLD_CASH
2020-09-10,5,AVB,UDR,126.2568,27.6597,1.1425,0.0,0,0.0,0.0,0.0,HOLD_CASH
2020-09-11,5,AVB,UDR,124.063,27.2229,1.1425,0.0,0,0.0,0.0,0.0,HOLD_CASH
2020-09-14,5,AVB,UDR,127.9455,28.4603,1.1425,0.0,0,0.0,0.0,0.0,HOLD_CASH
2020-09-15,5,AVB,UDR,126.2982,28.1449,1.1425,0.0,0,0.0,0.0,0.0,HOLD_CASH
2020-09-16,5,AVB,UDR,126.7286,28.2743,1.1425,0.0,0,0.0,0.0,0.0,HOLD_CASH
2020-09-17,5,AVB,UDR,127.068,28.1126,1.1425,0.0,0,0.0,0.0,0.0,HOLD_CASH
2020-09-18,5,AVB,UDR,125.0482,27.417,1.1425,0.0,0,0.0,0.0,0.0,HOLD_CASH
2020-09-21,5,AVB,UDR,120.8016,26.0017,1.1425,0.0,0,0.0,0.0,0.0,HOLD_CASH
2020-09-22,5,AVB,UDR,123.5084,26.5678,1.1425,0.0,0,0.0,0.0,0.0,HOLD_CASH
2020-09-23,5,AVB,UDR,121.737,25.8804,1.1425,0.0,0,0.0,0.0,0.0,HOLD_CASH
2020-09-24,5,AVB,UDR,121.6542,25.751,1.1425,0.0,0,0.0,0.0,0.0,HOLD_CASH
2020-09-25,5,AVB,UDR,122.5482,26.212,1.1425,0.0,0,0.0,0.0,0.0,HOLD_CASH
2020-09-28,5,AVB,UDR,125.371,26.6891,1.1425,0.0,0,0.0,0.0,0.0,HOLD_CASH
2020-09-29,5,AVB,UDR,123.4134,26.1392,1.1425,0.0,0,0.0,0.0,0.0,HOLD_CASH
2020-09-30,5,AVB,UDR,124.936,26.3737,1.1425,0.0,0,0.0,0.0,0.0,HOLD_CASH
2020-10-01,5,AVB,UDR,130.173,27.3361,1.1425,0.0,0,0.0,0.0,0.0,HOLD_CASH
2020-10-02,5,AVB,UDR,132.1307,28.0964,1.1425,0.0,0,0.0,0.0,0.0,HOLD_CASH
2020-10-05,5,AVB,UDR,134.2137,28.3956,1.1425,0.0,0,0.0,0.0,0.0,HOLD_CASH
2020-10-06,5,AVB,UDR,132.6828,28.3552,1.1425,0.1534,0,0.0,0.0,0.0,HOLD_CASH
2020-10-07,5,AVB,UDR,131.2188,28.4765,1.1425,-0.5118,0,0.0,0.0,0.0,HOLD_CASH
2020-10-08,5,AVB,UDR,133.9377,29.2037,1.1425,-0.8583,0,0.0,0.0,0.0,HOLD_CASH
2020-10-09,5,AVB,UDR,132.4653,28.9831,1.1425,-0.9373,0,0.0,0.0,0.0,HOLD_CASH
2020-10-12,5,AVB,UDR,133.1011,29.0403,1.1425,-0.9053,0,0.0,0.0,0.0,HOLD_CASH
2020-10-13,5,AVB,UDR,129.5874,28.1251,1.1425,-0.5676,0,0.0,0.0,0.0,HOLD_CASH
2020-10-14,5,AVB,UDR,128.5166,27.6676,1.1425,-0.1815,0,0.0,0.0,0.0,HOLD_CASH
2020-10-15,5,AVB,UDR,128.1318,27.6267,1.1425,-0.358,0,0.0,0.0,0.0,HOLD_CASH
2020-10-16,5,AVB,UDR,124.6014,26.973,1.1425,-0.4544,0,0.0,0.0,0.0,HOLD_CASH
2020-10-19,5,AVB,UDR,121.6482,26.2621,1.1425,-0.0432,0,0.0,0.0,0.0,HOLD_CASH
2020-10-20,5,AVB,UDR,121.7653,26.4092,1.1425,-0.3501,0,0.0,0.0,0.0,HOLD_CASH
2020-10-21,5,AVB,UDR,122.1167,26.4909,1.1425,-0.327,0,0.0,0.0,0.0,HOLD_CASH
2020-10-22,5,AVB,UDR,122.5433,26.7851,1.1425,-0.8152,0,0.0,0.0,0.0,HOLD_CASH
2020-10-23,5,AVB,UDR,121.9661,26.7932,1.1425,-1.0361,0,0.0,0.0,0.0,HOLD_CASH
2020-10-26,5,AVB,UDR,119.9499,26.1069,1.1425,-0.141,0,0.0,0.0,0.0,HOLD_CASH
2020-10-27,5,AVB,UDR,117.0219,25.4041,1.1425,0.386,0,0.0,0.0,0.0,HOLD_CASH
2020-10-28,5,AVB,UDR,111.0236,24.1866,1.1425,0.788,0,0.0,0.0,0.0,HOLD_CASH
2020-10-29,5,AVB,UDR,113.8847,24.4481,1.1425,1.979,0,0.0,0.0,0.0,HOLD_CASH
2020-10-30,5,AVB,UDR,116.3944,25.5267,1.1425,-0.297,0,0.0,0.0,0.0,HOLD_CASH
2020-11-02,5,AVB,UDR,121.5897,26.7932,1.1425,-1.2101,0,0.0,0.0,0.0,HOLD_CASH
2020-11-03,5,AVB,UDR,126.4502,28.2477,1.1425,-2.4404,1,0.0,-0.0833,-0.0833,ENTER_LONG_A
2020-11-04,5,AVB,UDR,124.0911,27.9699,1.1425,-2.3865,1,-0.2886,-0.0833,-0.3719,HOLDING
2020-11-05,5,AVB,UDR,124.0157,27.6594,1.1425,-1.4997,1,0.1767,-0.0833,0.0933,HOLDING
2020-11-06,5,AVB,UDR,123.7732,27.3897,1.1425,-0.9348,1,0.5263,-0.0833,0.4429,HOLDING
2020-11-09,5,AVB,UDR,137.7776,31.173,1.1425,-2.5646,1,-1.1177,-0.0833,-1.201,HOLDING
2020-11-10,5,AVB,UDR,143.7174,32.6193,1.1425,-2.3748,1,-1.5659,-0.0833,-1.6492,HOLDING
2020-11-11,5,AVB,UDR,141.2327,31.6061,1.1425,-1.4544,1,-0.7362,-0.0833,-0.8195,HOLDING
2020-11-12,5,AVB,UDR,139.2919,31.1485,1.1425,-1.2116,1,-0.6133,-0.0833,-0.6967,HOLDING
2020-11-13,5,AVB,UDR,141.6678,31.7613,1.1425,-1.2585,1,-0.8466,-0.0833,-0.9299,HOLDING
2020-11-16,5,AVB,UDR,145.0225,32.9053,1.1425,-1.6272,1,-1.6143,-0.0833,-1.6977,HOLDING
2020-11-17,5,AVB,UDR,145.6666,32.9134,1.1425,-1.3313,1,-1.429,-0.0833,-1.5124,HOLDING
2020-11-18,5,AVB,UDR,141.8853,31.557,1.1425,-0.5561,1,-0.4583,-0.0833,-0.5417,HOLDING
2020-11-19,5,AVB,UDR,142.4709,31.7041,1.1425,-0.5314,1,-0.5096,-0.0833,-0.5929,HOLDING
2020-11-20,5,AVB,UDR,143.8094,32.0555,1.1425,-0.5751,1,-0.6506,-0.0833,-0.7339,HOLDING
2020-11-23,5,AVB,UDR,143.0983,32.415,1.1425,-1.059,1,-1.4349,-0.0833,-1.5183,HOLDING
2020-11-24,5,AVB,UDR,144.989,32.799,1.1425,-0.9815,1,-1.4575,-0.0833,-1.5409,HOLDING
2020-11-25,5,AVB,UDR,143.0983,32.4885,1.1425,-0.9914,1,-1.5506,-0.0833,-1.634,HOLDING
2020-11-27,5,AVB,UDR,140.438,32.0473,1.1425,-1.1497,1,-1.6748,-0.0833,-1.7581,HOLDING
2020-11-30,5,AVB,UDR,139.3671,31.4345,1.1425,-0.3825,1,-1.0401,-0.0833,-1.1234,HOLDING
2020-12-01,5,AVB,UDR,140.0866,31.5652,1.1425,-0.2697,1,-1.0245,-0.0833,-1.1078,HOLDING
2020-12-02,5,AVB,UDR,141.6176,32.178,1.1425,-0.9148,1,-1.5176,-0.0833,-1.601,HOLDING
2020-12-03,5,AVB,UDR,143.1653,32.6847,1.1425,-1.2507,1,-1.8385,-0.0833,-1.9219,HOLDING
2020-12-04,5,AVB,UDR,145.4324,33.2403,1.1425,-1.3957,1,-2.0153,-0.0833,-2.0986,HOLDING
2020-12-07,5,AVB,UDR,144.462,33.1831,1.1425,-1.8345,1,-2.2238,-0.0833,-2.3071,HOLDING
2020-12-08,5,AVB,UDR,141.6762,32.8317,1.1425,-2.048,1,-2.528,-0.0833,-2.6113,HOLDING
2020-12-09,5,AVB,UDR,139.25,32.3741,1.1425,-1.8562,1,-2.5544,-0.0833,-2.6377,HOLDING
2020-12-10,5,AVB,UDR,135.9622,31.3201,1.1425,-0.8106,1,-1.9075,-0.0833,-1.9908,HOLDING
2020-12-11,5,AVB,UDR,135.8284,31.1648,1.1425,-0.4127,1,-1.7044,-0.0833,-1.7877,HOLDING
2020-12-14,5,AVB,UDR,133.578,30.7154,1.1425,-0.3564,1,-1.6896,-0.0833,-1.7729,HOLDING
2020-12-15,5,AVB,UDR,135.5021,31.3691,1.1425,-1.0087,1,-2.1261,-0.0833,-2.2094,HOLDING
2020-12-16,5,AVB,UDR,135.1172,31.0423,1.1425,-0.3137,1,-1.7303,-0.0833,-1.8137,HOLDING
2020-12-17,5,AVB,UDR,136.5562,31.3691,1.1425,-0.3324,1,-1.8019,-0.0833,-1.8852,HOLDING
2020-12-18,5,AVB,UDR,132.549,30.2415,1.1425,0.8092,1,-1.2606,-0.0833,-1.3439,HOLDING
2020-12-21,5,AVB,UDR,132.1474,30.1843,1.1425,0.9127,1,-1.2941,-0.0833,-1.3774,HOLDING
2020-12-22,5,AVB,UDR,132.6494,30.5356,1.1425,-0.0305,1,-1.6924,-0.0833,-1.7758,HOLDING
2020-12-23,5,AVB,UDR,131.11,30.2578,1.1425,-0.1174,1,-1.7289,-0.0833,-1.8122,HOLDING
2020-12-24,5,AVB,UDR,131.9634,30.4948,1.1425,-0.3329,1,-1.8392,-0.0833,-1.9225,HOLDING
2020-12-28,5,AVB,UDR,134.1301,31.0668,1.1425,-0.797,1,-2.0725,-0.0833,-2.1558,HOLDING
2020-12-29,5,AVB,UDR,131.52,30.6173,1.1425,-1.0412,1,-2.1684,-0.0833,-2.2517,HOLDING
2020-12-30,5,AVB,UDR,133.5736,31.0259,1.1425,-0.9567,1,-2.1794,-0.0833,-2.2628,HOLDING
2020-12-31,5,AVB,UDR,135.585,31.4018,1.1425,-0.7216,1,-2.152,-0.0833,-2.2354,HOLDING
2021-01-04,5,AVB,UDR,131.4354,30.1107,1.1425,1.4019,1,-1.3974,-0.0833,-1.4807,HOLDING
2021-01-05,5,AVB,UDR,131.0552,30.0617,1.1425,1.1575,1,-1.4372,-0.0833,-1.5206,HOLDING
2021-01-06,5,AVB,UDR,134.5709,31.1812,1.1425,-0.7095,1,-2.1169,-0.0833,-2.2002,HOLDING
2021-01-07,5,AVB,UDR,132.737,30.6909,1.1425,-0.2666,1,-1.9097,-0.0833,-1.9931,HOLDING
2021-01-08,5,AVB,UDR,133.9032,30.8394,1.1425,0.0587,1,-1.7846,-0.0833,-1.868,HOLDING
2021-01-11,5,AVB,UDR,133.0074,30.5671,1.1425,0.5225,1,-1.6319,-0.0833,-1.7152,HOLDING
2021-01-12,5,AVB,UDR,133.0074,30.9631,1.1425,-1.4685,1,-2.2549,-0.0833,-2.3382,HOLDING
2021-01-13,5,AVB,UDR,134.537,31.5571,1.1425,-2.3096,1,-2.7188,-0.0833,-2.8021,HOLDING
2021-01-14,5,AVB,UDR,135.6358,31.9532,1.1425,-2.422,1,-3.0038,-0.0833,-3.0872,HOLDING
2021-01-15,5,AVB,UDR,138.6022,32.5224,1.1425,-1.9216,1,-2.9869,-0.0833,-3.0703,HOLDING
2021-01-19,5,AVB,UDR,137.2584,31.9119,1.1425,-0.8001,1,-2.4398,-0.0833,-2.5232,HOLDING
2021-01-20,5,AVB,UDR,140.2249,32.5637,1.1425,-0.865,1,-2.5527,-0.0833,-2.636,HOLDING
2021-01-21,5,AVB,UDR,139.8361,32.3987,1.1425,-0.5151,1,-2.4127,-0.0833,-2.496,HOLDING
2021-01-22,5,AVB,UDR,139.2191,32.2667,1.1425,-0.4285,1,-2.3948,-0.0833,-2.4781,HOLDING
2021-01-25,5,AVB,UDR,140.808,32.1842,1.1425,0.9811,1,-1.7763,-0.0833,-1.8596,HOLDING
2021-01-26,5,AVB,UDR,142.0757,32.3492,1.1425,1.22,1,-1.6459,-0.0833,-1.7293,HOLDING
2021-01-27,5,AVB,UDR,138.4923,31.4829,1.1425,1.5499,1,-1.3854,-0.0833,-1.4687,HOLDING
2021-01-28,5,AVB,UDR,140.3094,32.1099,1.1425,0.6485,1,-1.8129,-0.0833,-1.8962,HOLDING
2021-01-29,5,AVB,UDR,138.3233,31.7222,1.1425,0.5686,1,-1.8138,-0.0833,-1.8971,HOLDING
2021-02-01,5,AVB,UDR,139.6417,31.9779,1.1425,0.5535,1,-1.8106,-0.0833,-1.8939,HOLDING
2021-02-02,5,AVB,UDR,140.6643,32.0604,1.1425,0.9681,1,-1.6258,-0.0833,-1.7091,HOLDING
2021-02-03,5,AVB,UDR,141.8053,32.4069,1.1425,0.6455,1,-1.82,-0.0833,-1.9033,HOLDING
2021-02-04,5,AVB,UDR,145.2365,32.7864,1.1425,1.4405,1,-1.3616,-0.0833,-1.4449,HOLDING
2021-02-05,5,AVB,UDR,145.5492,33.0587,1.1425,0.768,1,-1.6937,-0.0833,-1.777,HOLDING
2021-02-08,5,AVB,UDR,146.4873,33.793,1.1425,-0.747,1,-2.5603,-0.0833,-2.6436,HOLDING
2021-02-09,5,AVB,UDR,146.9099,33.9662,1.1425,-0.9017,1,-2.7029,-0.0833,-2.7862,HOLDING
2021-02-10,5,AVB,UDR,148.617,34.4282,1.1425,-1.1438,1,-2.9045,-0.0833,-2.9879,HOLDING
2021-02-11,5,AVB,UDR,151.22,35.74,1.1425,-2.5598,1,-4.1675,-0.0833,-4.2509,HOLDING
2021-02-12,5,AVB,UDR,151.7103,35.2368,1.1425,-1.2617,1,-3.225,-0.0833,-3.3084,HOLDING
2021-02-16,5,AVB,UDR,150.9074,35.0635,1.1425,-1.2322,1,-3.1994,-0.0833,-3.2828,HOLDING
2021-02-17,5,AVB,UDR,151.2792,34.8985,1.1425,-0.6857,1,-2.8255,-0.0833,-2.9088,HOLDING
2021-02-18,5,AVB,UDR,150.2397,34.618,1.1425,-0.5281,1,-2.7039,-0.0833,-2.7873,HOLDING
2021-02-19,5,AVB,UDR,150.4425,34.8325,1.1425,-0.8568,1,-2.979,-0.0833,-3.0623,HOLDING
2021-02-22,5,AVB,UDR,150.6707,35.014,1.1425,-1.0634,1,-3.1943,-0.0833,-3.2777,HOLDING
2021-02-23,5,AVB,UDR,152.7497,35.872,1.1425,-1.6834,1,-3.9047,-0.0833,-3.988,HOLDING
2021-02-24,5,AVB,UDR,156.35,35.8308,1.1425,-0.1864,1,-2.7323,-0.0833,-2.8157,HOLDING
2021-02-25,5,AVB,UDR,152.3948,34.9645,1.1425,0.0285,1,-2.5861,-0.0833,-2.6695,HOLDING
2021-02-26,5,AVB,UDR,148.5325,33.9662,1.1425,0.5343,1,-2.2037,-0.0833,-2.2871,HOLDING
2021-03-01,5,AVB,UDR,149.6059,34.7253,1.1425,-0.5665,1,-3.0676,-0.0833,-3.151,HOLDING
2021-03-02,5,AVB,UDR,150.62,34.7417,1.1425,-0.0961,1,-2.7816,-0.0833,-2.865,HOLDING
2021-03-03,5,AVB,UDR,153.3076,35.2203,1.1425,0.1257,1,-2.7078,-0.0833,-2.7911,HOLDING
2021-03-04,5,AVB,UDR,150.4763,34.9315,1.1425,-0.4762,1,-3.1244,-0.0833,-3.2077,HOLDING
2021-03-05,5,AVB,UDR,150.1382,35.1048,1.1425,-1.0615,1,-3.5009,-0.0833,-3.5842,HOLDING
2021-03-08,5,AVB,UDR,155.4288,35.8473,1.1425,0.0216,1,-3.0417,-0.0833,-3.125,HOLDING
2021-03-09,5,AVB,UDR,153.8315,35.41,1.1425,0.4463,1,-2.8451,-0.0833,-2.9284,HOLDING
2021-03-10,5,AVB,UDR,156.5021,35.7565,1.1425,1.0578,1,0.0,-2.7565,-2.7565,PERIOD_END_EXIT
2020-09-09,6,PRU,TFC,52.153,29.3513,1.0374,0.0,0,0.0,0.0,0.0,HOLD_CASH
2020-09-10,6,PRU,TFC,51.3739,28.8703,1.0374,0.0,0,0.0,0.0,0.0,HOLD_CASH
2020-09-11,6,PRU,TFC,52.0308,29.6617,1.0374,0.0,0,0.0,0.0,0.0,HOLD_CASH
2020-09-14,6,PRU,TFC,53.2834,30.8487,1.0374,0.0,0,0.0,0.0,0.0,HOLD_CASH
2020-09-15,6,PRU,TFC,52.2141,30.5772,1.0374,0.0,0,0.0,0.0,0.0,HOLD_CASH
2020-09-16,6,PRU,TFC,52.9473,31.2289,1.0374,0.0,0,0.0,0.0,0.0,HOLD_CASH
2020-09-17,6,PRU,TFC,52.3898,30.4608,1.0374,0.0,0,0.0,0.0,0.0,HOLD_CASH
2020-09-18,6,PRU,TFC,52.0537,30.3832,1.0374,0.0,0,0.0,0.0,0.0,HOLD_CASH
2020-09-21,6,PRU,TFC,49.4415,28.9711,1.0374,0.0,0,0.0,0.0,0.0,HOLD_CASH
2020-09-22,6,PRU,TFC,48.6624,28.1254,1.0374,0.0,0,0.0,0.0,0.0,HOLD_CASH
2020-09-23,6,PRU,TFC,47.3257,27.4892,1.0374,0.0,0,0.0,0.0,0.0,HOLD_CASH
2020-09-24,6,PRU,TFC,46.9362,27.5203,1.0374,0.0,0,0.0,0.0,0.0,HOLD_CASH
2020-09-25,6,PRU,TFC,47.4174,28.0634,1.0374,0.0,0,0.0,0.0,0.0,HOLD_CASH
2020-09-28,6,PRU,TFC,48.9068,29.0565,1.0374,0.0,0,0.0,0.0,0.0,HOLD_CASH
2020-09-29,6,PRU,TFC,48.1888,28.7151,1.0374,0.0,0,0.0,0.0,0.0,HOLD_CASH
2020-09-30,6,PRU,TFC,48.5172,29.522,1.0374,0.0,0,0.0,0.0,0.0,HOLD_CASH
2020-10-01,6,PRU,TFC,48.5096,30.0651,1.0374,0.0,0,0.0,0.0,0.0,HOLD_CASH
2020-10-02,6,PRU,TFC,48.7922,31.0194,1.0374,0.0,0,0.0,0.0,0.0,HOLD_CASH
2020-10-05,6,PRU,TFC,50.19,31.9971,1.0374,0.0,0,0.0,0.0,0.0,HOLD_CASH
2020-10-06,6,PRU,TFC,49.9074,31.6712,1.0374,-1.8218,0,0.0,0.0,0.0,HOLD_CASH
2020-10-07,6,PRU,TFC,51.7787,32.61,1.0374,-1.4857,0,0.0,0.0,0.0,HOLD_CASH
2020-10-08,6,PRU,TFC,52.1453,33.4091,1.0374,-1.7342,0,0.0,0.0,0.0,HOLD_CASH
2020-10-09,6,PRU,TFC,51.8475,33.5255,1.0374,-1.7294,0,0.0,0.0,0.0,HOLD_CASH
2020-10-12,6,PRU,TFC,52.8481,33.7195,1.0374,-1.2709,0,0.0,0.0,0.0,HOLD_CASH
2020-10-13,6,PRU,TFC,50.717,33.0522,1.0374,-1.54,0,0.0,0.0,0.0,HOLD_CASH
2020-10-14,6,PRU,TFC,50.6636,32.7652,1.0374,-1.2224,0,0.0,0.0,0.0,HOLD_CASH
2020-10-15,6,PRU,TFC,50.8163,32.6721,1.0374,-0.9909,0,0.0,0.0,0.0,HOLD_CASH
2020-10-16,6,PRU,TFC,50.6177,32.3152,1.0374,-0.7451,0,0.0,0.0,0.0,HOLD_CASH
2020-10-19,6,PRU,TFC,50.106,32.2531,1.0374,-0.8404,0,0.0,0.0,0.0,HOLD_CASH
2020-10-20,6,PRU,TFC,50.5795,32.6565,1.0374,-0.8467,0,0.0,0.0,0.0,HOLD_CASH
2020-10-21,6,PRU,TFC,50.5184,32.5091,1.0374,-0.6932,0,0.0,0.0,0.0,HOLD_CASH
2020-10-22,6,PRU,TFC,51.878,33.7117,1.0374,-0.94,0,0.0,0.0,0.0,HOLD_CASH
2020-10-23,6,PRU,TFC,52.4967,34.0919,1.0374,-0.8806,0,0.0,0.0,0.0,HOLD_CASH
2020-10-26,6,PRU,TFC,50.7323,33.3859,1.0374,-1.2924,0,0.0,0.0,0.0,HOLD_CASH
2020-10-27,6,PRU,TFC,48.4714,32.3772,1.0374,-1.9225,0,0.0,0.0,0.0,HOLD_CASH
2020-10-28,6,PRU,TFC,47.1042,31.9039,1.0374,-2.4171,1,0.0,-0.0833,-0.0833,ENTER_LONG_A
2020-10-29,6,PRU,TFC,48.1506,32.4703,1.0374,-2.0396,1,0.1554,-0.0833,0.072,HOLDING
2020-10-30,6,PRU,TFC,48.8992,32.6798,1.0374,-1.4234,1,0.5267,-0.0833,0.4434,HOLDING
2020-11-02,6,PRU,TFC,50.358,33.735,1.0374,-1.4217,1,0.3901,-0.0833,0.3068,HOLDING
2020-11-03,6,PRU,TFC,51.7711,34.7281,1.0374,-1.3828,1,0.2963,-0.0833,0.2129,HOLDING
2020-11-04,6,PRU,TFC,48.1888,33.1143,1.0374,-2.1055,1,-0.668,-0.0833,-0.7513,HOLDING
2020-11-05,6,PRU,TFC,49.9303,34.86,1.0374,-2.3248,1,-1.4775,-0.0833,-1.5609,HOLDING
2020-11-06,6,PRU,TFC,48.5402,33.3548,1.0374,-1.4623,1,-0.6828,-0.0833,-0.7661,HOLDING
2020-11-09,6,PRU,TFC,56.1019,37.6454,1.0374,-0.6844,1,0.1769,-0.0833,0.0936,HOLDING
2020-11-10,6,PRU,TFC,57.6295,38.0489,1.0374,-0.0595,1,0.9668,-0.0833,0.8835,HOLDING
2020-11-11,6,PRU,TFC,55.7734,37.8782,1.0374,-1.0126,1,-0.4179,-0.0833,-0.5012,HOLDING
2020-11-12,6,PRU,TFC,54.2458,36.2807,1.0374,-0.3075,1,0.3803,-0.0833,0.297,HOLDING
2020-11-13,6,PRU,TFC,55.8575,36.9541,1.0374,0.1879,1,0.8841,-0.0833,0.8007,HOLDING
2020-11-16,6,PRU,TFC,57.7288,38.0348,1.0374,0.4085,1,1.0717,-0.0833,0.9884,HOLDING
2020-11-17,6,PRU,TFC,57.6066,37.7216,1.0374,0.7941,1,1.3822,-0.0833,1.2989,HOLDING
2020-11-18,6,PRU,TFC,57.8739,37.1577,1.0374,1.8075,1,2.3642,-0.0833,2.2809,HOLDING
2020-11-19,6,PRU,TFC,57.8892,36.727,1.0374,2.1565,1,2.9503,-0.0833,2.867,HOLDING
2020-11-20,6,PRU,TFC,57.7823,36.1867,1.0374,2.3427,1,3.5761,-0.0833,3.4928,HOLDING
2020-11-23,6,PRU,TFC,59.5572,36.7897,1.0374,2.3144,1,4.3153,-0.0833,4.232,HOLDING
2020-11-24,6,PRU,TFC,61.8902,38.348,1.0374,1.8455,1,4.2686,-0.0833,4.1853,HOLDING
2020-11-25,6,PRU,TFC,61.0221,37.9878,1.0374,1.5111,1,3.9939,-0.0833,3.9106,HOLDING
2020-11-27,6,PRU,TFC,60.5261,37.98,1.0374,1.1598,1,3.5736,-0.0833,3.4902,HOLDING
2020-11-30,6,PRU,TFC,58.6116,36.3512,1.0374,1.3585,1,4.0775,-0.0833,3.9942,HOLDING
2020-12-01,6,PRU,TFC,59.7665,37.2125,1.0374,1.114,1,3.9347,-0.0833,3.8513,HOLDING
2020-12-02,6,PRU,TFC,60.9834,37.2439,1.0374,1.4208,1,4.9497,-0.0833,4.8663,HOLDING
2020-12-03,6,PRU,TFC,61.1306,37.1264,1.0374,1.4048,1,5.2338,-0.0833,5.1504,HOLDING
2020-12-04,6,PRU,TFC,63.0063,37.7685,1.0374,1.5792,1,6.0084,-0.0833,5.9251,HOLDING
2020-12-07,6,PRU,TFC,61.991,37.4788,1.0374,1.2707,1,5.5121,-0.0833,5.4288,HOLDING
2020-12-08,6,PRU,TFC,62.2002,37.3613,1.0374,1.3126,1,5.8501,-0.0833,5.7667,HOLDING
2020-12-09,6,PRU,TFC,62.1847,37.4945,1.0374,1.0962,1,5.6596,-0.0833,5.5762,HOLDING
2020-12-10,6,PRU,TFC,61.9755,37.5493,1.0374,0.9107,1,5.4049,-0.0833,5.3216,HOLDING
2020-12-11,6,PRU,TFC,60.9058,36.8132,1.0374,0.9394,1,5.4552,-0.0833,5.3718,HOLDING
2020-12-14,6,PRU,TFC,59.3789,35.9518,1.0374,0.851,1,5.275,-0.0833,5.1916,HOLDING
2020-12-15,6,PRU,TFC,60.309,36.5861,1.0374,0.7064,1,5.239,-0.0833,5.1557,HOLDING
2020-12-16,6,PRU,TFC,60.4563,36.9855,1.0374,0.242,1,4.8357,-0.0833,4.7524,HOLDING
2020-12-17,6,PRU,TFC,60.1928,36.8836,1.0374,0.0497,1,4.7423,-0.0833,4.6589,HOLDING
2020-12-18,6,PRU,TFC,59.3014,35.9439,1.0374,0.7166,1,5.2181,-0.0833,5.1347,HOLDING
2020-12-21,6,PRU,TFC,59.0611,36.2728,1.0374,-0.3079,1,4.572,-0.0833,4.4887,HOLDING
2020-12-22,6,PRU,TFC,58.1311,36.0457,1.0374,-0.9821,1,4.0664,-0.0833,3.9831,HOLDING
2020-12-23,6,PRU,TFC,59.5184,37.0324,1.0374,-1.2806,1,3.9588,-0.0833,3.8755,HOLDING
2020-12-24,6,PRU,TFC,59.4797,36.7975,1.0374,-0.9049,1,4.2376,-0.0833,4.1543,HOLDING
2020-12-28,6,PRU,TFC,59.6115,37.2204,1.0374,-1.7243,1,3.7897,-0.0833,3.7063,HOLDING
2020-12-29,6,PRU,TFC,59.1697,36.5861,1.0374,-0.931,1,4.2496,-0.0833,4.1663,HOLDING
2020-12-30,6,PRU,TFC,60.03,37.0951,1.0374,-0.9939,1,4.3197,-0.0833,4.2364,HOLDING
2020-12-31,6,PRU,TFC,60.5106,37.5336,1.0374,-1.2235,1,4.1538,-0.0833,4.0704,HOLDING
2021-01-04,6,PRU,TFC,59.2162,36.9463,1.0374,-1.4514,1,3.8109,-0.0833,3.7276,HOLDING
2021-01-05,6,PRU,TFC,59.7897,37.1969,1.0374,-1.1485,1,3.9757,-0.0833,3.8923,HOLDING
2021-01-06,6,PRU,TFC,63.3318,39.1546,1.0374,-0.7327,1,4.4477,-0.0833,4.3643,HOLDING
2021-01-07,6,PRU,TFC,63.0528,40.3214,1.0374,-2.6939,1,2.6535,-0.0833,2.5702,HOLDING
2021-01-08,6,PRU,TFC,62.549,39.6636,1.0374,-1.8336,1,3.0909,-0.0833,3.0076,HOLDING
2021-01-11,6,PRU,TFC,62.611,39.8907,1.0374,-1.8492,1,2.8428,-0.0833,2.7594,HOLDING
2021-01-12,6,PRU,TFC,63.7814,40.9166,1.0374,-1.9871,1,2.4947,-0.0833,2.4113,HOLDING
2021-01-13,6,PRU,TFC,63.7426,40.7834,1.0374,-1.6397,1,2.6381,-0.0833,2.5547,HOLDING
2021-01-14,6,PRU,TFC,65.037,41.6135,1.0374,-1.516,1,2.658,-0.0833,2.5747,HOLDING
2021-01-15,6,PRU,TFC,64.8045,40.6973,1.0374,-0.4065,1,3.6747,-0.0833,3.5913,HOLDING
2021-01-19,6,PRU,TFC,65.7734,40.8383,1.0374,0.2702,1,4.3285,-0.0833,4.2451,HOLDING
2021-01-20,6,PRU,TFC,65.1145,40.4311,1.0374,0.4133,1,4.298,-0.0833,4.2147,HOLDING
2021-01-21,6,PRU,TFC,64.2232,39.9925,1.0374,0.3281,1,4.1072,-0.0833,4.0239,HOLDING
2021-01-22,6,PRU,TFC,64.0372,40.0787,1.0374,0.0286,1,3.8311,-0.0833,3.7478,HOLDING
2021-01-25,6,PRU,TFC,63.5256,39.9769,1.0374,-0.2944,1,3.5223,-0.0833,3.439,HOLDING
2021-01-26,6,PRU,TFC,62.9521,39.3426,1.0374,0.2789,1,3.8679,-0.0833,3.7846,HOLDING
2021-01-27,6,PRU,TFC,61.4174,37.8938,1.0374,1.213,1,4.4621,-0.0833,4.3788,HOLDING
2021-01-28,6,PRU,TFC,62.9288,38.489,1.0374,1.6668,1,4.983,-0.0833,4.8996,HOLDING
2021-01-29,6,PRU,TFC,60.6733,37.5728,1.0374,0.925,1,4.243,-0.0833,4.1597,HOLDING
2021-02-01,6,PRU,TFC,61.1616,37.886,1.0374,0.8793,1,4.2504,-0.0833,4.1671,HOLDING
2021-02-02,6,PRU,TFC,62.1305,39.3191,1.0374,-0.5768,1,3.1858,-0.0833,3.1024,HOLDING
2021-02-03,6,PRU,TFC,62.7505,40.3449,1.0374,-1.4886,1,2.3598,-0.0833,2.2765,HOLDING
2021-02-04,6,PRU,TFC,64.1612,41.7936,1.0374,-2.0149,1,1.6579,-0.0833,1.5746,HOLDING
2021-02-05,6,PRU,TFC,62.1305,41.2611,1.0374,-2.476,1,0.6029,-0.0833,0.5195,HOLDING
2021-02-08,6,PRU,TFC,62.7118,41.4804,1.0374,-1.9497,1,0.816,-0.0833,0.7327,HOLDING
2021-02-09,6,PRU,TFC,63.1148,41.7936,1.0374,-1.7562,1,0.7494,-0.0833,0.666,HOLDING
2021-02-10,6,PRU,TFC,63.6419,42.0599,1.0374,-1.5317,1,0.8529,-0.0833,0.7696,HOLDING
2021-02-11,6,PRU,TFC,63.0373,41.6808,1.0374,-1.3981,1,0.8321,-0.0833,0.7488,HOLDING
2021-02-12,6,PRU,TFC,63.5719,42.6522,1.0374,-1.6946,1,0.0044,-0.0833,-0.0789,HOLDING
2021-02-16,6,PRU,TFC,65.0657,43.9473,1.0374,-1.6815,1,-0.4209,-0.0833,-0.5043,HOLDING
2021-02-17,6,PRU,TFC,65.5846,43.9473,1.0374,-1.298,1,0.0296,-0.0833,-0.0537,HOLDING
2021-02-18,6,PRU,TFC,64.3975,44.0894,1.0374,-1.6654,1,-1.1902,-0.0833,-1.2736,HOLDING
2021-02-19,6,PRU,TFC,66.1192,45.4714,1.0374,-1.595,1,-1.5332,-0.0833,-1.6166,HOLDING
2021-02-22,6,PRU,TFC,67.6995,46.6481,1.0374,-1.4773,1,-1.726,-0.0833,-1.8093,HOLDING
2021-02-23,6,PRU,TFC,67.1177,46.3796,1.0374,-1.3737,1,-1.8741,-0.0833,-1.9574,HOLDING
2021-02-24,6,PRU,TFC,70.687,47.5168,1.0374,-0.669,1,-0.2871,-0.0833,-0.3705,HOLDING
2021-02-25,6,PRU,TFC,69.1146,46.3006,1.0374,-0.4879,1,-0.035,-0.0833,-0.1184,HOLDING
2021-02-26,6,PRU,TFC,68.179,44.9818,1.0374,0.0444,1,0.9066,-0.0833,0.8232,HOLDING
2021-03-01,6,PRU,TFC,69.6728,46.4428,1.0374,-0.1993,1,0.2606,-0.0833,0.1773,HOLDING
2021-03-02,6,PRU,TFC,69.9873,46.0084,1.0374,0.4894,1,1.1114,-0.0833,1.028,HOLDING
2021-03-03,6,PRU,TFC,70.2625,46.1901,1.0374,0.6782,1,1.1087,-0.0833,1.0254,HOLDING
2021-03-04,6,PRU,TFC,69.6335,45.3135,1.0374,1.3547,1,1.7284,-0.0833,1.6451,HOLDING
2021-03-05,6,PRU,TFC,71.2767,46.3717,1.0374,1.3426,1,1.7478,-0.0833,1.6645,HOLDING
2021-03-08,6,PRU,TFC,72.8962,47.1535,1.0374,1.4732,1,2.1143,-0.0833,2.031,HOLDING
2021-03-09,6,PRU,TFC,71.8506,46.0005,1.0374,1.8019,1,2.7398,-0.0833,2.6564,HOLDING
2021-03-10,6,PRU,TFC,72.9591,46.4349,1.0374,1.7993,1,0.0,2.9162,2.9162,PERIOD_END_EXIT
2020-09-09,7,EQR,ESS,45.9788,179.8599,1.0683,0.0,0,0.0,0.0,0.0,HOLD_CASH
2020-09-10,7,EQR,ESS,45.1456,177.7856,1.0683,0.0,0,0.0,0.0,0.0,HOLD_CASH
2020-09-11,7,EQR,ESS,44.2234,175.4974,1.0683,0.0,0,0.0,0.0,0.0,HOLD_CASH
2020-09-14,7,EQR,ESS,46.0516,183.0536,1.0683,0.0,0,0.0,0.0,0.0,HOLD_CASH
2020-09-15,7,EQR,ESS,45.5662,178.1149,1.0683,0.0,0,0.0,0.0,0.0,HOLD_CASH
2020-09-16,7,EQR,ESS,46.003,180.7242,1.0683,0.0,0,0.0,0.0,0.0,HOLD_CASH
2020-09-17,7,EQR,ESS,45.1213,178.1889,1.0683,0.0,0,0.0,0.0,0.0,HOLD_CASH
2020-09-18,7,EQR,ESS,43.9484,174.0404,1.0683,0.0,0,0.0,0.0,0.0,HOLD_CASH
2020-09-21,7,EQR,ESS,42.0879,168.1716,1.0683,0.0,0,0.0,0.0,0.0,HOLD_CASH
2020-09-22,7,EQR,ESS,42.5975,170.7809,1.0683,0.0,0,0.0,0.0,0.0,HOLD_CASH
2020-09-23,7,EQR,ESS,41.4569,166.2126,1.0683,0.0,0,0.0,0.0,0.0,HOLD_CASH
2020-09-24,7,EQR,ESS,41.3448,163.7843,1.0683,0.0,0,0.0,0.0,0.0,HOLD_CASH
2020-09-25,7,EQR,ESS,42.2125,168.007,1.0683,0.0,0,0.0,0.0,0.0,HOLD_CASH
2020-09-28,7,EQR,ESS,43.0064,170.8138,1.0683,0.0,0,0.0,0.0,0.0,HOLD_CASH
2020-09-29,7,EQR,ESS,41.8196,165.9565,1.0683,0.0,0,0.0,0.0,0.0,HOLD_CASH
2020-09-30,7,EQR,ESS,42.016,166.9459,1.0683,0.0,0,0.0,0.0,0.0,HOLD_CASH
2020-10-01,7,EQR,ESS,43.7431,171.9595,1.0683,0.0,0,0.0,0.0,0.0,HOLD_CASH
2020-10-02,7,EQR,ESS,45.0937,176.3496,1.0683,0.0,0,0.0,0.0,0.0,HOLD_CASH
2020-10-05,7,EQR,ESS,45.5112,177.4305,1.0683,0.0,0,0.0,0.0,0.0,HOLD_CASH
2020-10-06,7,EQR,ESS,45.1756,175.2438,1.0683,2.1344,-1,0.0,-0.0833,-0.0833,ENTER_SHORT_A
2020-10-07,7,EQR,ESS,44.8236,174.9444,1.0683,1.3453,-1,0.2404,-0.0833,0.1571,HOLDING
2020-10-08,7,EQR,ESS,45.9941,179.5756,1.0683,1.019,-1,0.3339,-0.0833,0.2506,HOLDING
2020-10-09,7,EQR,ESS,45.5603,179.1349,1.0683,0.1958,-1,0.6126,-0.0833,0.5293,HOLDING
2020-10-12,7,EQR,ESS,45.3066,180.3821,1.0683,-1.2915,-1,1.1452,-0.0833,1.0619,HOLDING
2020-10-13,7,EQR,ESS,43.7923,174.1795,1.0683,-0.8164,-1,0.9723,-0.0833,0.889,HOLDING
2020-10-14,7,EQR,ESS,43.2275,172.0177,1.0683,-0.7121,-1,0.9451,-0.0833,0.8618,HOLDING
2020-10-15,7,EQR,ESS,42.8182,170.1885,1.0683,-0.4732,-1,0.8609,-0.0833,0.7775,HOLDING
2020-10-16,7,EQR,ESS,42.4417,167.9852,1.0683,0.0863,-1,0.6555,-0.0833,0.5722,HOLDING
2020-10-19,7,EQR,ESS,41.5085,165.5076,1.0683,-0.663,-1,0.8792,-0.0833,0.7959,HOLDING
2020-10-20,7,EQR,ESS,41.6722,166.1644,1.0683,-0.7795,-1,0.8945,-0.0833,0.8112,HOLDING
2020-10-21,7,EQR,ESS,41.3448,166.2309,1.0683,-1.7231,-1,1.2029,-0.0833,1.1195,HOLDING
2020-10-22,7,EQR,ESS,41.5413,168.3843,1.0683,-2.2435,-1,1.5566,-0.0833,1.4732,HOLDING
2020-10-23,7,EQR,ESS,41.9996,168.9746,1.0683,-1.3873,-1,1.2927,-0.0833,1.2094,HOLDING
2020-10-26,7,EQR,ESS,41.5003,165.4742,1.0683,-0.3871,-1,0.8783,-0.0833,0.795,HOLDING
2020-10-27,7,EQR,ESS,40.6736,162.4145,1.0683,-0.3805,-1,0.8641,-0.0833,0.7808,HOLDING
2020-10-28,7,EQR,ESS,37.8496,154.9149,1.0683,-2.0193,-1,1.5407,-0.0833,1.4574,HOLDING
2020-10-29,7,EQR,ESS,37.866,164.277,1.0683,-3.6196,-1,3.8256,-0.0833,3.7423,HOLDING
2020-10-30,7,EQR,ESS,38.4553,170.1054,1.0683,-3.0526,-1,4.7315,-0.0833,4.6482,HOLDING
2020-11-02,7,EQR,ESS,40.3625,180.4236,1.0683,-2.6319,-1,5.5649,-0.0833,5.4815,HOLDING
2020-11-03,7,EQR,ESS,42.9983,186.2687,1.0683,-1.6611,-1,4.6498,-0.0833,4.5665,HOLDING
2020-11-04,7,EQR,ESS,41.5494,187.491,1.0683,-2.1667,-1,6.2422,-0.0833,6.1588,HOLDING
2020-11-05,7,EQR,ESS,42.6136,188.0148,1.0683,-1.5043,-1,5.4218,-0.0833,5.3384,HOLDING
2020-11-06,7,EQR,ESS,42.1715,188.8712,1.0683,-1.5874,-1,6.0263,-0.0833,5.943,HOLDING
2020-11-09,7,EQR,ESS,48.5234,211.5613,1.0683,-1.1061,-1,5.9343,-0.0833,5.851,HOLDING
2020-11-10,7,EQR,ESS,50.2915,215.2945,1.0683,-0.7122,-1,5.2743,-0.0833,5.191,HOLDING
2020-11-11,7,EQR,ESS,48.7772,205.1591,1.0683,-0.2657,-1,4.1355,-0.0833,4.0522,HOLDING
2020-11-12,7,EQR,ESS,47.9014,205.5167,1.0683,-0.5738,-1,5.0045,-0.0833,4.9211,HOLDING
2020-11-13,7,EQR,ESS,49.2356,211.9437,1.0683,-0.6037,-1,5.3931,-0.0833,5.3098,HOLDING
2020-11-16,7,EQR,ESS,51.3638,218.6286,1.0683,-0.3492,-1,5.1369,-0.0833,5.0536,HOLDING
2020-11-17,7,EQR,ESS,51.1592,216.1758,1.0683,-0.1048,-1,4.717,-0.0833,4.6336,HOLDING
2020-11-18,7,EQR,ESS,49.0801,211.3534,1.0683,-0.421,-1,5.3868,-0.0833,5.3035,HOLDING
2020-11-19,7,EQR,ESS,48.9982,211.3118,1.0683,-0.3831,-1,5.4496,-0.0833,5.3663,HOLDING
2020-11-20,7,EQR,ESS,49.5712,211.2703,1.0683,0.0022,-1,4.9284,-0.0833,4.845,HOLDING
2020-11-23,7,EQR,ESS,49.3829,209.9151,1.0683,0.2302,-1,4.7634,-0.0833,4.6801,HOLDING
2020-11-24,7,EQR,ESS,50.1605,214.1221,1.0683,0.2506,-1,5.1032,-0.0833,5.0199,HOLDING
2020-11-25,7,EQR,ESS,49.4812,211.5197,1.0683,0.5095,-1,5.0699,-0.0833,4.9866,HOLDING
2020-11-27,7,EQR,ESS,48.458,207.8696,1.0683,0.3896,-1,5.086,-0.0833,5.0026,HOLDING
2020-11-30,7,EQR,ESS,47.4102,204.4358,1.0683,0.1072,-1,5.177,-0.0833,5.0937,HOLDING
2020-12-01,7,EQR,ESS,48.2861,204.9845,1.0683,0.96,-1,4.5306,-0.0833,4.4473,HOLDING
2020-12-02,7,EQR,ESS,49.4075,206.7805,1.0683,1.6124,-1,3.9716,-0.0833,3.8883,HOLDING
2020-12-03,7,EQR,ESS,50.709,206.9052,1.0683,2.6805,-1,2.8415,-0.0833,2.7582,HOLDING
2020-12-04,7,EQR,ESS,51.8713,210.1312,1.0683,2.4245,-1,2.5972,-0.0833,2.5139,HOLDING
2020-12-07,7,EQR,ESS,51.3311,210.3557,1.0683,1.7411,-1,3.1342,-0.0833,3.0508,HOLDING
2020-12-08,7,EQR,ESS,51.0691,209.9316,1.0683,1.4376,-1,3.2636,-0.0833,3.1803,HOLDING
2020-12-09,7,EQR,ESS,50.1524,208.011,1.0683,0.9253,-1,3.6095,-0.0833,3.5262,HOLDING
2020-12-10,7,EQR,ESS,48.9409,204.045,1.0683,0.7012,-1,3.7158,-0.0833,3.6325,HOLDING
2020-12-11,7,EQR,ESS,48.2451,202.8228,1.0683,0.2646,-1,4.0362,-0.0833,3.9529,HOLDING
2020-12-14,7,EQR,ESS,47.3939,199.763,1.0683,0.1284,-1,4.0439,-0.0833,3.9606,HOLDING
2020-12-15,7,EQR,ESS,48.5562,201.6006,1.0683,0.7889,-1,3.4586,-0.0833,3.3753,HOLDING
2020-12-16,7,EQR,ESS,48.3352,199.9876,1.0683,0.9087,-1,3.2595,-0.0833,3.1762,HOLDING
2020-12-17,7,EQR,ESS,48.8181,201.0851,1.0683,1.0129,-1,3.0984,-0.0833,3.015,HOLDING
2020-12-18,7,EQR,ESS,47.1892,194.8659,1.0683,0.9077,-1,3.0236,-0.0833,2.9403,HOLDING
2020-12-21,7,EQR,ESS,47.3611,194.4169,1.0683,1.1148,-1,2.76,-0.0833,2.6767,HOLDING
2020-12-22,7,EQR,ESS,47.3529,195.1652,1.0683,0.8011,-1,2.9511,-0.0833,2.8678,HOLDING
2020-12-23,7,EQR,ESS,46.7145,192.2634,1.0683,0.8468,-1,2.8078,-0.0833,2.7245,HOLDING
2020-12-24,7,EQR,ESS,47.6394,194.7661,1.0683,1.0807,-1,2.5976,-0.0833,2.5142,HOLDING
2020-12-28,7,EQR,ESS,48.6381,198.1501,1.0683,1.1541,-1,2.5381,-0.0833,2.4547,HOLDING
2020-12-29,7,EQR,ESS,47.7704,195.2566,1.0683,1.0197,-1,2.6012,-0.0833,2.5179,HOLDING
2020-12-30,7,EQR,ESS,48.2615,198.175,1.0683,0.5071,-1,2.88,-0.0833,2.7967,HOLDING
2020-12-31,7,EQR,ESS,49.0248,199.1379,1.0683,1.3511,-1,2.4357,-0.0833,2.3524,HOLDING
2021-01-04,7,EQR,ESS,47.5528,191.4465,1.0683,2.0793,-1,1.8595,-0.0833,1.7762,HOLDING
2021-01-05,7,EQR,ESS,47.1806,190.5826,1.0683,1.6915,-1,1.9792,-0.0833,1.8959,HOLDING
2021-01-06,7,EQR,ESS,48.4707,198.5088,1.0683,0.3712,-1,2.7754,-0.0833,2.6921,HOLDING
2021-01-07,7,EQR,ESS,47.8836,194.1725,1.0683,1.1474,-1,2.234,-0.0833,2.1507,HOLDING
2021-01-08,7,EQR,ESS,48.1813,196.177,1.0683,0.7088,-1,2.4608,-0.0833,2.3775,HOLDING
2021-01-11,7,EQR,ESS,48.0076,193.9879,1.0683,1.222,-1,2.078,-0.0833,1.9947,HOLDING
2021-01-12,7,EQR,ESS,48.4211,194.9441,1.0683,1.401,-1,1.9441,-0.0833,1.8608,HOLDING
2021-01-13,7,EQR,ESS,49.2647,198.2321,1.0683,1.3633,-1,1.9993,-0.0833,1.916,HOLDING
2021-01-14,7,EQR,ESS,49.9428,198.8527,1.0683,2.078,-1,1.547,-0.0833,1.4636,HOLDING
2021-01-15,7,EQR,ESS,50.9352,201.7381,1.0683,2.12,-1,1.3706,-0.0833,1.2872,HOLDING
2021-01-19,7,EQR,ESS,49.8767,198.9366,1.0683,1.4301,-1,1.6266,-0.0833,1.5433,HOLDING
2021-01-20,7,EQR,ESS,51.0014,205.3195,1.0683,0.3735,-1,2.1912,-0.0833,2.1079,HOLDING
2021-01-21,7,EQR,ESS,51.1172,205.6634,1.0683,0.3533,-1,2.1724,-0.0833,2.0891,HOLDING
2021-01-22,7,EQR,ESS,50.9104,204.1956,1.0683,0.6145,-1,1.9963,-0.0833,1.913,HOLDING
2021-01-25,7,EQR,ESS,51.0014,203.4994,1.0683,1.0611,-1,1.7442,-0.0833,1.6608,HOLDING
2021-01-26,7,EQR,ESS,51.7953,204.464,1.0683,1.8461,-1,1.273,-0.0833,1.1897,HOLDING
2021-01-27,7,EQR,ESS,50.2819,200.6225,1.0683,0.8463,-1,1.6793,-0.0833,1.5959,HOLDING
2021-01-28,7,EQR,ESS,51.572,204.1285,1.0683,1.3668,-1,1.3898,-0.0833,1.3064,HOLDING
2021-01-29,7,EQR,ESS,50.9766,200.9748,1.0683,1.7254,-1,1.1462,-0.0833,1.0629,HOLDING
2021-02-01,7,EQR,ESS,51.4149,203.0381,1.0683,1.3403,-1,1.2621,-0.0833,1.1788,HOLDING
2021-02-02,7,EQR,ESS,51.1751,204.8163,1.0683,-0.0685,-1,1.9127,-0.0833,1.8294,HOLDING
2021-02-03,7,EQR,ESS,52.1675,208.1714,1.0683,0.0866,-1,1.8517,-0.0833,1.7683,HOLDING
2021-02-04,7,EQR,ESS,53.0275,211.8115,1.0683,-0.2758,-1,1.9787,-0.0833,1.8954,HOLDING
2021-02-05,7,EQR,ESS,53.7222,216.4834,1.0683,-1.4686,-1,2.5066,-0.0833,2.4233,HOLDING
2021-02-08,7,EQR,ESS,54.6485,218.5552,1.0683,-0.7922,-1,2.1894,-0.0833,2.106,HOLDING
2021-02-09,7,EQR,ESS,54.5327,217.515,1.0683,-0.456,-1,2.0372,-0.0833,1.9538,HOLDING
2021-02-10,7,EQR,ESS,55.2522,224.5271,1.0683,-2.5101,-1,3.1177,-0.0833,3.0344,HOLDING
2021-02-11,7,EQR,ESS,56.0378,227.8067,1.0683,-2.2001,-1,3.2226,-0.0833,3.1392,HOLDING
2021-02-12,7,EQR,ESS,55.8063,225.9194,1.0683,-1.5445,-1,2.9655,-0.0833,2.8822,HOLDING
2021-02-16,7,EQR,ESS,55.5582,224.9045,1.0683,-1.3548,-1,2.9375,-0.0833,2.8542,HOLDING
2021-02-17,7,EQR,ESS,55.2935,223.7554,1.0683,-1.1658,-1,2.8913,-0.0833,2.808,HOLDING
2021-02-18,7,EQR,ESS,54.9875,222.0276,1.0683,-0.8859,-1,2.7398,-0.0833,2.6565,HOLDING
2021-02-19,7,EQR,ESS,55.3845,221.3398,1.0683,-0.0379,-1,2.2169,-0.0833,2.1335,HOLDING
2021-02-22,7,EQR,ESS,55.3101,221.5327,1.0683,-0.206,-1,2.3307,-0.0833,2.2473,HOLDING
2021-02-23,7,EQR,ESS,56.6664,225.7685,1.0683,0.1429,-1,2.1614,-0.0833,2.078,HOLDING
2021-02-24,7,EQR,ESS,57.3528,226.5737,1.0683,0.8859,-1,1.747,-0.0833,1.6636,HOLDING
2021-02-25,7,EQR,ESS,55.186,218.9578,1.0683,0.7187,-1,1.8088,-0.0833,1.7255,HOLDING
2021-02-26,7,EQR,ESS,54.0944,213.7071,1.0683,1.242,-1,1.4928,-0.0833,1.4095,HOLDING
2021-03-01,7,EQR,ESS,55.2026,218.0519,1.0683,1.2322,-1,1.5716,-0.0833,1.4883,HOLDING
2021-03-02,7,EQR,ESS,55.4093,219.5616,1.0683,0.9989,-1,1.758,-0.0833,1.6747,HOLDING
2021-03-03,7,EQR,ESS,56.7077,224.1664,1.0683,1.039,-1,1.731,-0.0833,1.6477,HOLDING
2021-03-04,7,EQR,ESS,56.0048,219.9391,1.0683,1.6104,-1,1.3197,-0.0833,1.2363,HOLDING
2021-03-05,7,EQR,ESS,56.9475,222.1786,1.0683,1.8423,-1,1.0289,-0.0833,0.9455,HOLDING
2021-03-08,7,EQR,ESS,58.6595,228.5699,1.0683,1.5668,-1,1.0719,-0.0833,0.9885,HOLDING
2021-03-09,7,EQR,ESS,58.5768,228.9222,1.0683,1.2125,-1,1.2322,-0.0833,1.1488,HOLDING
2021-03-10,7,EQR,ESS,59.0647,228.7041,1.0683,1.6459,-1,0.0,0.5513,0.5513,PERIOD_END_EXIT
2020-09-09,8,AEP,ATO,65.4815,84.2127,1.2105,0.0,0,0.0,0.0,0.0,HOLD_CASH
2020-09-10,8,AEP,ATO,64.3425,82.139,1.2105,0.0,0,0.0,0.0,0.0,HOLD_CASH
2020-09-11,8,AEP,ATO,64.8587,81.2154,1.2105,0.0,0,0.0,0.0,0.0,HOLD_CASH
2020-09-14,8,AEP,ATO,65.8339,81.3113,1.2105,0.0,0,0.0,0.0,0.0,HOLD_CASH
2020-09-15,8,AEP,ATO,65.5553,80.4661,1.2105,0.0,0,0.0,0.0,0.0,HOLD_CASH
2020-09-16,8,AEP,ATO,65.9322,81.8079,1.2105,0.0,0,0.0,0.0,0.0,HOLD_CASH
2020-09-17,8,AEP,ATO,65.588,81.3984,1.2105,0.0,0,0.0,0.0,0.0,HOLD_CASH
2020-09-18,8,AEP,ATO,64.5555,80.1611,1.2105,0.0,0,0.0,0.0,0.0,HOLD_CASH
2020-09-21,8,AEP,ATO,65.0308,80.3964,1.2105,0.0,0,0.0,0.0,0.0,HOLD_CASH
2020-09-22,8,AEP,ATO,65.4323,81.6598,1.2105,0.0,0,0.0,0.0,0.0,HOLD_CASH
2020-09-23,8,AEP,ATO,64.8833,80.9192,1.2105,0.0,0,0.0,0.0,0.0,HOLD_CASH
2020-09-24,8,AEP,ATO,65.9568,81.5465,1.2105,0.0,0,0.0,0.0,0.0,HOLD_CASH
2020-09-25,8,AEP,ATO,66.0879,82.9929,1.2105,0.0,0,0.0,0.0,0.0,HOLD_CASH
2020-09-28,8,AEP,ATO,66.0879,82.8099,1.2105,0.0,0,0.0,0.0,0.0,HOLD_CASH
2020-09-29,8,AEP,ATO,66.3501,82.8622,1.2105,0.0,0,0.0,0.0,0.0,HOLD_CASH
2020-09-30,8,AEP,ATO,66.9729,83.2891,1.2105,0.0,0,0.0,0.0,0.0,HOLD_CASH
2020-10-01,8,AEP,ATO,68.0628,83.1846,1.2105,0.0,0,0.0,0.0,0.0,HOLD_CASH
2020-10-02,8,AEP,ATO,69.8983,83.6638,1.2105,0.0,0,0.0,0.0,0.0,HOLD_CASH
2020-10-05,8,AEP,ATO,71.3323,82.9668,1.2105,0.0,0,0.0,0.0,0.0,HOLD_CASH
2020-10-06,8,AEP,ATO,72.4631,84.5003,1.2105,2.1312,-1,0.0,-0.0833,-0.0833,ENTER_SHORT_A
2020-10-07,8,AEP,ATO,72.6106,83.9775,1.2105,2.1935,-1,-0.3591,-0.0833,-0.4424,HOLDING
2020-10-08,8,AEP,ATO,73.2416,84.3347,1.2105,2.0114,-1,-0.4944,-0.0833,-0.5777,HOLDING
2020-10-09,8,AEP,ATO,73.6022,84.0908,1.2105,1.9555,-1,-0.8137,-0.0833,-0.8971,HOLDING
2020-10-12,8,AEP,ATO,74.143,84.1779,1.2105,1.8374,-1,-1.048,-0.0833,-1.1314,HOLDING
2020-10-13,8,AEP,ATO,73.1187,83.1323,1.2105,1.6352,-1,-1.0798,-0.0833,-1.1632,HOLDING
2020-10-14,8,AEP,ATO,73.2088,82.8099,1.2105,1.5767,-1,-1.3008,-0.0833,-1.3842,HOLDING
2020-10-15,8,AEP,ATO,73.3727,82.3394,1.2105,1.5894,-1,-1.6402,-0.0833,-1.7235,HOLDING
2020-10-16,8,AEP,ATO,74.9952,82.3307,1.2105,1.8234,-1,-2.489,-0.0833,-2.5723,HOLDING
2020-10-19,8,AEP,ATO,74.7986,82.1129,1.2105,1.6057,-1,-2.5043,-0.0833,-2.5877,HOLDING
2020-10-20,8,AEP,ATO,74.3069,82.1477,1.2105,1.307,-1,-2.2297,-0.0833,-2.313,HOLDING
2020-10-21,8,AEP,ATO,74.0774,83.2456,1.2105,0.8188,-1,-1.5174,-0.0833,-1.6008,HOLDING
2020-10-22,8,AEP,ATO,75.5524,84.204,1.2105,0.8536,-1,-1.7672,-0.0833,-1.8505,HOLDING
2020-10-23,8,AEP,ATO,75.2902,85.1189,1.2105,0.4186,-1,-1.1367,-0.0833,-1.22,HOLDING
2020-10-26,8,AEP,ATO,76.6914,84.9359,1.2105,0.8425,-1,-1.9645,-0.0833,-2.0478,HOLDING
2020-10-27,8,AEP,ATO,75.8228,84.5787,1.2105,0.6176,-1,-1.7055,-0.0833,-1.7889,HOLDING
2020-10-28,8,AEP,ATO,74.0119,80.7623,1.2105,1.527,-1,-2.8244,-0.0833,-2.9077,HOLDING
2020-10-29,8,AEP,ATO,74.1922,80.2308,1.2105,1.8241,-1,-3.2052,-0.0833,-3.2886,HOLDING
2020-10-30,8,AEP,ATO,73.6923,79.8736,1.2105,1.6893,-1,-3.1381,-0.0833,-3.2215,HOLDING
2020-11-02,8,AEP,ATO,74.7576,83.2194,1.2105,0.2382,-1,-1.8854,-0.0833,-1.9687,HOLDING
2020-11-03,8,AEP,ATO,74.479,85.0666,1.2105,-1.1202,-1,-0.7429,-0.0833,-0.8262,HOLDING
2020-11-04,8,AEP,ATO,73.8726,83.2891,1.2105,-0.4445,-1,-1.3873,-0.0833,-1.4707,HOLDING
2020-11-05,8,AEP,ATO,74.3315,82.7925,1.2105,0.1062,-1,-1.8943,-0.0833,-1.9776,HOLDING
2020-11-06,8,AEP,ATO,74.5036,81.5901,1.2105,1.016,-1,-2.6332,-0.0833,-2.7165,HOLDING
2020-11-09,8,AEP,ATO,74.5697,85.206,1.2105,-1.5707,-1,-0.7148,-0.0833,-0.7981,HOLDING
2020-11-10,8,AEP,ATO,75.0075,89.2664,1.2105,-2.9387,-1,1.2502,-0.0833,1.1669,HOLDING
2020-11-11,8,AEP,ATO,75.3049,87.7764,1.2105,-1.7839,-1,0.2908,-0.0833,0.2075,HOLDING
2020-11-12,8,AEP,ATO,74.0574,86.0164,1.2105,-1.3674,-1,-0.0106,-0.0833,-0.094,HOLDING
2020-11-13,8,AEP,ATO,74.2475,89.0137,1.2105,-2.148,-1,1.5092,-0.0833,1.4259,HOLDING
2020-11-16,8,AEP,ATO,73.7022,88.2469,1.2105,-1.7745,-1,1.3788,-0.0833,1.2955,HOLDING
2020-11-17,8,AEP,ATO,71.6533,87.1752,1.2105,-1.8175,-1,1.8659,-0.0833,1.7826,HOLDING
2020-11-18,8,AEP,ATO,69.5052,83.7945,1.2105,-1.2588,-1,1.1577,-0.0833,1.0744,HOLDING
2020-11-19,8,AEP,ATO,68.1173,82.8622,1.2105,-1.2642,-1,1.3763,-0.0833,1.2929,HOLDING
2020-11-20,8,AEP,ATO,68.1503,83.3589,1.2105,-1.2718,-1,1.6273,-0.0833,1.544,HOLDING
2020-11-23,8,AEP,ATO,68.9104,84.3957,1.2105,-1.2151,-1,1.7918,-0.0833,1.7085,HOLDING
2020-11-24,8,AEP,ATO,70.0753,87.3756,1.2105,-1.5242,-1,2.7951,-0.0833,2.7118,HOLDING
2020-11-25,8,AEP,ATO,70.5297,86.6176,1.2105,-1.0892,-1,2.1493,-0.0833,2.066,HOLDING
2020-11-27,8,AEP,ATO,70.1579,84.8946,1.2105,-0.6389,-1,1.4122,-0.0833,1.3289,HOLDING
2020-11-30,8,AEP,ATO,70.1331,84.0791,1.2105,-0.3114,-1,0.9848,-0.0833,0.9014,HOLDING
2020-12-01,8,AEP,ATO,70.3975,84.7368,1.2105,-0.3738,-1,1.2024,-0.0833,1.119,HOLDING
2020-12-02,8,AEP,ATO,70.9428,84.3422,1.2105,0.0243,-1,0.7056,-0.0833,0.6223,HOLDING
2020-12-03,8,AEP,ATO,70.0092,84.6316,1.2105,-0.3654,-1,1.3475,-0.0833,1.2642,HOLDING
2020-12-04,8,AEP,ATO,68.8939,85.2892,1.2105,-1.0375,-1,2.2829,-0.0833,2.1996,HOLDING
2020-12-07,8,AEP,ATO,69.2657,85.2716,1.2105,-0.9569,-1,2.0801,-0.0833,1.9967,HOLDING
2020-12-08,8,AEP,ATO,68.9765,85.5698,1.2105,-1.3508,-1,2.3915,-0.0833,2.3082,HOLDING
2020-12-09,8,AEP,ATO,69.0674,85.7101,1.2105,-1.2457,-1,2.42,-0.0833,2.3366,HOLDING
2020-12-10,8,AEP,ATO,68.1421,86.0783,1.2105,-1.9638,-1,3.1003,-0.0833,3.0169,HOLDING
2020-12-11,8,AEP,ATO,68.3734,86.8675,1.2105,-2.1648,-1,3.4061,-0.0833,3.3227,HOLDING
2020-12-14,8,AEP,ATO,67.919,87.2533,1.2105,-2.2439,-1,3.8508,-0.0833,3.7675,HOLDING
2020-12-15,8,AEP,ATO,69.6374,89.156,1.2105,-1.9371,-1,3.9844,-0.0833,3.9011,HOLDING
2020-12-16,8,AEP,ATO,68.4312,87.113,1.2105,-1.3519,-1,3.5086,-0.0833,3.4253,HOLDING
2020-12-17,8,AEP,ATO,69.2822,86.885,1.2105,-0.6827,-1,2.9428,-0.0833,2.8594,HOLDING
2020-12-18,8,AEP,ATO,68.8113,83.3952,1.2105,0.9661,-1,1.3031,-0.0833,1.2198,HOLDING
2020-12-21,8,AEP,ATO,67.8447,80.6858,1.2105,1.7458,-1,0.3428,-0.0833,0.2594,HOLDING
2020-12-22,8,AEP,ATO,67.2498,80.9576,1.2105,1.1964,-1,0.799,-0.0833,0.7157,HOLDING
2020-12-23,8,AEP,ATO,66.6798,80.6946,1.2105,0.9442,-1,0.9535,-0.0833,0.8702,HOLDING
2020-12-24,8,AEP,ATO,67.2663,81.3435,1.2105,0.8472,-1,0.9988,-0.0833,0.9155,HOLDING
2020-12-28,8,AEP,ATO,67.1507,81.9046,1.2105,0.5169,-1,1.362,-0.0833,1.2787,HOLDING
2020-12-29,8,AEP,ATO,67.0681,81.6854,1.2105,0.6071,-1,1.2866,-0.0833,1.2033,HOLDING
2020-12-30,8,AEP,ATO,67.3407,81.9923,1.2105,0.6018,-1,1.3105,-0.0833,1.2272,HOLDING
2020-12-31,8,AEP,ATO,68.7948,83.6758,1.2105,0.5464,-1,1.4632,-0.0833,1.3799,HOLDING
2021-01-04,8,AEP,ATO,67.3655,82.4482,1.2105,0.4537,-1,1.5438,-0.0833,1.4605,HOLDING
2021-01-05,8,AEP,ATO,67.2746,81.2031,1.2105,0.9638,-1,0.9187,-0.0833,0.8354,HOLDING
2021-01-06,8,AEP,ATO,67.8116,82.1677,1.2105,0.6976,-1,1.1602,-0.0833,1.0769,HOLDING
2021-01-07,8,AEP,ATO,66.0023,78.713,1.2105,1.3698,-1,0.2358,-0.0833,0.1525,HOLDING
2021-01-08,8,AEP,ATO,65.4157,78.2658,1.2105,1.1758,-1,0.2995,-0.0833,0.2161,HOLDING
2021-01-11,8,AEP,ATO,65.0853,76.8716,1.2105,1.5043,-1,-0.2815,-0.0833,-0.3649,HOLDING
2021-01-12,8,AEP,ATO,64.3087,76.8278,1.2105,1.0654,-1,0.0988,-0.0833,0.0155,HOLDING
2021-01-13,8,AEP,ATO,64.5648,77.5643,1.2105,0.7692,-1,0.3633,-0.0833,0.28,HOLDING
2021-01-14,8,AEP,ATO,65.1266,76.8453,1.2105,1.4482,-1,-0.3172,-0.0833,-0.4006,HOLDING
2021-01-15,8,AEP,ATO,66.4815,78.9409,1.2105,0.9789,-1,0.1096,-0.0833,0.0263,HOLDING
2021-01-19,8,AEP,ATO,66.6798,78.9848,1.2105,1.1186,-1,0.0302,-0.0833,-0.0532,HOLDING
2021-01-20,8,AEP,ATO,66.7128,78.9936,1.2105,1.031,-1,0.0177,-0.0833,-0.0656,HOLDING
2021-01-21,8,AEP,ATO,66.8946,78.4324,1.2105,1.5486,-1,-0.3799,-0.0833,-0.4633,HOLDING
2021-01-22,8,AEP,ATO,67.8116,78.1167,1.2105,2.1229,-1,-1.0275,-0.0833,-1.1108,HOLDING
2021-01-25,8,AEP,ATO,68.233,79.3004,1.2105,1.3669,-1,-0.6074,-0.0833,-0.6908,HOLDING
2021-01-26,8,AEP,ATO,67.5968,79.7476,1.2105,0.5468,-1,-0.035,-0.0833,-0.1183,HOLDING
2021-01-27,8,AEP,ATO,66.4567,79.6424,1.2105,-0.2456,-1,0.5013,-0.0833,0.418,HOLDING
2021-01-28,8,AEP,ATO,66.5558,77.6608,1.2105,1.2097,-1,-0.6204,-0.0833,-0.7038,HOLDING
2021-01-29,8,AEP,ATO,66.845,78.0378,1.2105,1.0374,-1,-0.5672,-0.0833,-0.6506,HOLDING
2021-02-01,8,AEP,ATO,67.0681,77.7309,1.2105,1.3537,-1,-0.849,-0.0833,-0.9323,HOLDING
2021-02-02,8,AEP,ATO,67.8364,77.7397,1.2105,1.8569,-1,-1.244,-0.0833,-1.3273,HOLDING
2021-02-03,8,AEP,ATO,67.1507,76.328,1.2105,2.1749,-1,-1.6497,-0.0833,-1.733,HOLDING
2021-02-04,8,AEP,ATO,67.919,77.8449,1.2105,1.4346,-1,-1.2302,-0.0833,-1.3135,HOLDING
2021-02-05,8,AEP,ATO,67.9025,78.0816,1.2105,1.0928,-1,-1.0937,-0.0833,-1.1771,HOLDING
2021-02-08,8,AEP,ATO,66.9028,78.1079,1.2105,0.1607,-1,-0.5594,-0.0833,-0.6428,HOLDING
2021-02-09,8,AEP,ATO,66.5693,78.5639,1.2105,-0.5391,-1,-0.1397,-0.0833,-0.223,HOLDING
2021-02-10,8,AEP,ATO,66.7111,80.5368,1.2105,-1.9417,-1,0.852,-0.0833,0.7687,HOLDING
2021-02-11,8,AEP,ATO,65.8272,79.8265,1.2105,-1.9082,-1,0.9283,-0.0833,0.8449,HOLDING
2021-02-12,8,AEP,ATO,65.5438,79.8353,1.2105,-1.8338,-1,1.0805,-0.0833,0.9971,HOLDING
2021-02-16,8,AEP,ATO,65.1936,79.9054,1.2105,-1.8582,-1,1.3005,-0.0833,1.2172,HOLDING
2021-02-17,8,AEP,ATO,65.4437,81.0453,1.2105,-2.0313,-1,1.786,-0.0833,1.7027,HOLDING
2021-02-18,8,AEP,ATO,67.1029,82.1501,1.2105,-1.5324,-1,1.5194,-0.0833,1.4361,HOLDING
2021-02-19,8,AEP,ATO,65.9356,82.5871,1.2105,-1.9677,-1,2.3627,-0.0833,2.2794,HOLDING
2021-02-22,8,AEP,ATO,64.0096,78.9238,1.2105,-1.0882,-1,1.3864,-0.0833,1.303,HOLDING
2021-02-23,8,AEP,ATO,65.1102,79.118,1.2105,-0.6034,-1,0.9187,-0.0833,0.8353,HOLDING
2021-02-24,8,AEP,ATO,64.2848,78.2706,1.2105,-0.55,-1,0.8904,-0.0833,0.8071,HOLDING
2021-02-25,8,AEP,ATO,63.6177,77.8822,1.2105,-0.6492,-1,1.0277,-0.0833,0.9444,HOLDING
2021-02-26,8,AEP,ATO,62.4087,74.6868,1.2105,0.306,-1,-0.069,-0.0833,-0.1523,HOLDING
2021-03-01,8,AEP,ATO,63.9596,75.6931,1.2105,0.5697,-1,-0.3324,-0.0833,-0.4157,HOLDING
2021-03-02,8,AEP,ATO,63.7428,77.0083,1.2105,-0.1019,-1,0.4907,-0.0833,0.4074,HOLDING
2021-03-03,8,AEP,ATO,63.6344,78.0764,1.2105,-0.5944,-1,1.1239,-0.0833,1.0406,HOLDING
2021-03-04,8,AEP,ATO,64.4098,78.4736,1.2105,-0.3154,-1,0.935,-0.0833,0.8517,HOLDING
2021-03-05,8,AEP,ATO,65.7855,80.9541,1.2105,-0.8711,-1,1.5589,-0.0833,1.4755,HOLDING
2021-03-08,8,AEP,ATO,67.1113,80.8923,1.2105,0.1245,-1,0.8358,-0.0833,0.7524,HOLDING
2021-03-09,8,AEP,ATO,67.203,78.862,1.2105,1.7707,-1,-0.3084,-0.0833,-0.3917,HOLDING
2021-03-10,8,AEP,ATO,67.7033,80.1596,1.2105,1.1985,-1,0.0,-0.0297,-0.0297,PERIOD_END_EXIT
2020-09-09,9,AIV,AVB,1.7907,129.419,1.142,0.0,0,0.0,0.0,0.0,HOLD_CASH
2020-09-10,9,AIV,AVB,1.7674,126.2568,1.142,0.0,0,0.0,0.0,0.0,HOLD_CASH
2020-09-11,9,AIV,AVB,1.7366,124.063,1.142,0.0,0,0.0,0.0,0.0,HOLD_CASH
2020-09-14,9,AIV,AVB,1.8607,127.9455,1.142,0.0,0,0.0,0.0,0.0,HOLD_CASH
2020-09-15,9,AIV,AVB,1.8156,126.2982,1.142,0.0,0,0.0,0.0,0.0,HOLD_CASH
2020-09-16,9,AIV,AVB,1.8458,126.7286,1.142,0.0,0,0.0,0.0,0.0,HOLD_CASH
2020-09-17,9,AIV,AVB,1.8056,127.068,1.142,0.0,0,0.0,0.0,0.0,HOLD_CASH
2020-09-18,9,AIV,AVB,1.7341,125.0482,1.142,0.0,0,0.0,0.0,0.0,HOLD_CASH
2020-09-21,9,AIV,AVB,1.6443,120.8016,1.142,0.0,0,0.0,0.0,0.0,HOLD_CASH
2020-09-22,9,AIV,AVB,1.7252,123.5084,1.142,0.0,0,0.0,0.0,0.0,HOLD_CASH
2020-09-23,9,AIV,AVB,1.6607,121.737,1.142,0.0,0,0.0,0.0,0.0,HOLD_CASH
2020-09-24,9,AIV,AVB,1.6522,121.6542,1.142,0.0,0,0.0,0.0,0.0,HOLD_CASH
2020-09-25,9,AIV,AVB,1.6825,122.5482,1.142,0.0,0,0.0,0.0,0.0,HOLD_CASH
2020-09-28,9,AIV,AVB,1.7148,125.371,1.142,0.0,0,0.0,0.0,0.0,HOLD_CASH
2020-09-29,9,AIV,AVB,1.6562,123.4134,1.142,0.0,0,0.0,0.0,0.0,HOLD_CASH
2020-09-30,9,AIV,AVB,1.6741,124.936,1.142,0.0,0,0.0,0.0,0.0,HOLD_CASH
2020-10-01,9,AIV,AVB,1.747,130.173,1.142,0.0,0,0.0,0.0,0.0,HOLD_CASH
2020-10-02,9,AIV,AVB,1.7997,132.1307,1.142,0.0,0,0.0,0.0,0.0,HOLD_CASH
2020-10-05,9,AIV,AVB,1.8121,134.2137,1.142,0.0,0,0.0,0.0,0.0,HOLD_CASH
2020-10-06,9,AIV,AVB,1.8245,132.6828,1.142,-0.5002,0,0.0,0.0,0.0,HOLD_CASH
2020-10-07,9,AIV,AVB,1.8017,131.2188,1.142,-0.4757,0,0.0,0.0,0.0,HOLD_CASH
2020-10-08,9,AIV,AVB,1.824,133.9377,1.142,-0.8234,0,0.0,0.0,0.0,HOLD_CASH
2020-10-09,9,AIV,AVB,1.825,132.4653,1.142,-0.2773,0,0.0,0.0,0.0,HOLD_CASH
2020-10-12,9,AIV,AVB,1.8205,133.1011,1.142,-0.5086,0,0.0,0.0,0.0,HOLD_CASH
2020-10-13,9,AIV,AVB,1.7634,129.5874,1.142,-0.4913,0,0.0,0.0,0.0,HOLD_CASH
2020-10-14,9,AIV,AVB,1.758,128.5166,1.142,-0.0383,0,0.0,0.0,0.0,HOLD_CASH
2020-10-15,9,AIV,AVB,1.7495,128.1318,1.142,0.0079,0,0.0,0.0,0.0,HOLD_CASH
2020-10-16,9,AIV,AVB,1.7073,124.6014,1.142,0.7368,0,0.0,0.0,0.0,HOLD_CASH
2020-10-19,9,AIV,AVB,1.6408,121.6482,1.142,-0.3346,0,0.0,0.0,0.0,HOLD_CASH
2020-10-20,9,AIV,AVB,1.6741,121.7653,1.142,1.6975,0,0.0,0.0,0.0,HOLD_CASH
2020-10-21,9,AIV,AVB,1.6875,122.1167,1.142,1.9362,0,0.0,0.0,0.0,HOLD_CASH
2020-10-22,9,AIV,AVB,1.6914,122.5433,1.142,1.5864,0,0.0,0.0,0.0,HOLD_CASH
2020-10-23,9,AIV,AVB,1.6805,121.9661,1.142,1.4329,0,0.0,0.0,0.0,HOLD_CASH
2020-10-26,9,AIV,AVB,1.6512,119.9499,1.142,1.4252,0,0.0,0.0,0.0,HOLD_CASH
2020-10-27,9,AIV,AVB,1.5852,117.0219,1.142,0.3185,0,0.0,0.0,0.0,HOLD_CASH
2020-10-28,9,AIV,AVB,1.4993,111.0236,1.142,0.6162,0,0.0,0.0,0.0,HOLD_CASH
2020-10-29,9,AIV,AVB,1.5311,113.8847,1.142,-0.2246,0,0.0,0.0,0.0,HOLD_CASH
2020-10-30,9,AIV,AVB,1.5837,116.3944,1.142,0.598,0,0.0,0.0,0.0,HOLD_CASH
2020-11-02,9,AIV,AVB,1.5946,121.5897,1.142,-3.0672,1,0.0,-0.0833,-0.0833,ENTER_LONG_A
2020-11-03,9,AIV,AVB,1.7973,126.4502,1.142,2.4889,1,3.1683,-0.0833,3.085,HOLDING
2020-11-04,9,AIV,AVB,1.7786,124.0911,1.142,2.4912,1,3.575,-0.0833,3.4916,HOLDING
2020-11-05,9,AIV,AVB,1.77,124.0157,1.142,1.9202,1,3.391,-0.0833,3.3077,HOLDING
2020-11-06,9,AIV,AVB,1.724,123.7732,1.142,0.6418,1,2.3574,-0.0833,2.2741,HOLDING
2020-11-09,9,AIV,AVB,1.9186,137.7776,1.142,-0.1692,1,1.9894,-0.0833,1.9061,HOLDING
2020-11-10,9,AIV,AVB,1.9873,143.7174,1.142,-0.8415,1,1.4943,-0.0833,1.4109,HOLDING
2020-11-11,9,AIV,AVB,2.03,141.2327,1.142,1.1433,1,3.4431,-0.0833,3.3597,HOLDING
2020-11-12,9,AIV,AVB,1.9893,139.2919,1.142,0.8358,1,3.1601,-0.0833,3.0768,HOLDING
2020-11-13,9,AIV,AVB,2.0726,141.6678,1.142,1.6615,1,4.325,-0.0833,4.2417,HOLDING
2020-11-16,9,AIV,AVB,2.1466,145.0225,1.142,1.774,1,4.9046,-0.0833,4.8212,HOLDING
2020-11-17,9,AIV,AVB,2.1526,145.6666,1.142,1.4813,1,4.8156,-0.0833,4.7322,HOLDING
2020-11-18,9,AIV,AVB,2.088,141.8853,1.142,1.3126,1,4.6196,-0.0833,4.5363,HOLDING
2020-11-19,9,AIV,AVB,2.056,142.4709,1.142,0.4889,1,3.625,-0.0833,3.5416,HOLDING
2020-11-20,9,AIV,AVB,2.0426,143.8094,1.142,-0.1866,1,2.8106,-0.0833,2.7272,HOLDING
2020-11-23,9,AIV,AVB,2.0633,143.0983,1.142,0.3803,1,3.5746,-0.0833,3.4913,HOLDING
2020-11-24,9,AIV,AVB,2.1133,144.989,1.142,0.6519,1,4.1036,-0.0833,4.0203,HOLDING
2020-11-25,9,AIV,AVB,2.1,143.0983,1.142,0.8967,1,4.4691,-0.0833,4.3858,HOLDING
2020-11-27,9,AIV,AVB,2.052,140.438,1.142,0.7484,1,4.2702,-0.0833,4.1869,HOLDING
2020-11-30,9,AIV,AVB,2.0233,139.3671,1.142,0.4666,1,3.9621,-0.0833,3.8788,HOLDING
2020-12-01,9,AIV,AVB,2.1089,140.0866,1.142,2.0467,1,5.7882,-0.0833,5.7049,HOLDING
2020-12-02,9,AIV,AVB,2.1842,141.6176,1.142,2.4595,1,7.0664,-0.0833,6.983,HOLDING
2020-12-03,9,AIV,AVB,2.2176,143.1653,1.142,2.1278,1,7.3146,-0.0833,7.2313,HOLDING
2020-12-04,9,AIV,AVB,2.2208,145.4324,1.142,1.386,1,6.5649,-0.0833,6.4816,HOLDING
2020-12-07,9,AIV,AVB,2.2665,144.462,1.142,1.9621,1,8.0352,-0.0833,7.9519,HOLDING
2020-12-08,9,AIV,AVB,2.2267,141.6762,1.142,1.8423,1,8.0819,-0.0833,7.9985,HOLDING
2020-12-09,9,AIV,AVB,2.2057,139.25,1.142,1.9375,1,8.4565,-0.0833,8.3732,HOLDING
2020-12-10,9,AIV,AVB,2.1939,135.9622,1.142,2.1294,1,9.3691,-0.0833,9.2857,HOLDING
2020-12-11,9,AIV,AVB,2.1832,135.8284,1.142,1.7663,1,9.1555,-0.0833,9.0721,HOLDING
2020-12-14,9,AIV,AVB,2.1702,133.578,1.142,1.7896,1,9.6628,-0.0833,9.5794,HOLDING
2020-12-15,9,AIV,AVB,2.5203,135.5021,1.142,3.1021,1,17.5001,-0.0833,17.4168,HOLDING
2020-12-16,9,AIV,AVB,2.3103,135.1172,1.142,1.5849,1,12.5167,-0.0833,12.4334,HOLDING
2020-12-17,9,AIV,AVB,2.3253,136.5562,1.142,1.3405,1,12.3569,-0.0833,12.2736,HOLDING
2020-12-18,9,AIV,AVB,2.2603,132.549,1.142,1.2752,1,12.2352,-0.0833,12.1518,HOLDING
2020-12-21,9,AIV,AVB,2.4203,132.1474,1.142,1.9492,1,16.2859,-0.0833,16.2026,HOLDING
2020-12-22,9,AIV,AVB,2.5403,132.6494,1.142,2.1133,1,19.0305,-0.0833,18.9472,HOLDING
2020-12-23,9,AIV,AVB,2.5003,131.11,1.142,1.8113,1,18.617,-0.0833,18.5336,HOLDING
2020-12-24,9,AIV,AVB,2.4953,131.9634,1.142,1.5212,1,18.1831,-0.0833,18.0998,HOLDING
2020-12-28,9,AIV,AVB,2.5403,134.1301,1.142,1.3675,1,18.4894,-0.0833,18.4061,HOLDING
2020-12-29,9,AIV,AVB,2.4853,131.52,1.142,1.2578,1,18.1012,-0.0833,18.0178,HOLDING
2020-12-30,9,AIV,AVB,2.5403,133.5736,1.142,1.1851,1,18.6928,-0.0833,18.6094,HOLDING
2020-12-31,9,AIV,AVB,2.6403,135.585,1.142,1.2855,1,20.3978,-0.0833,20.3145,HOLDING
2021-01-04,9,AIV,AVB,2.5303,131.4354,1.142,1.0989,1,19.2301,-0.0833,19.1467,HOLDING
2021-01-05,9,AIV,AVB,2.5153,131.0552,1.142,0.9857,1,19.003,-0.0833,18.9197,HOLDING
2021-01-06,9,AIV,AVB,2.5353,134.5709,1.142,0.6455,1,18.2064,-0.0833,18.123,HOLDING
2021-01-07,9,AIV,AVB,2.4703,132.737,1.142,0.4395,1,17.2905,-0.0833,17.2071,HOLDING
2021-01-08,9,AIV,AVB,2.4353,133.9032,1.142,0.0095,1,16.0103,-0.0833,15.927,HOLDING
2021-01-11,9,AIV,AVB,2.4103,133.0074,1.142,-0.1352,1,15.7277,-0.0833,15.6443,HOLDING
2021-01-12,9,AIV,AVB,2.3903,133.0074,1.142,-0.435,1,15.2397,-0.0833,15.1563,HOLDING
2021-01-13,9,AIV,AVB,2.4403,134.537,1.142,-0.4753,1,15.9007,-0.0833,15.8174,HOLDING
2021-01-14,9,AIV,AVB,2.4603,135.6358,1.142,-0.4693,1,15.9872,-0.0833,15.9039,HOLDING
2021-01-15,9,AIV,AVB,2.4453,138.6022,1.142,-1.3079,1,14.5373,-0.0833,14.454,HOLDING
2021-01-19,9,AIV,AVB,2.4253,137.2584,1.142,-1.4007,1,14.5403,-0.0833,14.457,HOLDING
2021-01-20,9,AIV,AVB,2.3953,140.2249,1.142,-2.3586,1,12.7244,-0.0833,12.6411,HOLDING
2021-01-21,9,AIV,AVB,2.3853,139.8361,1.142,-2.0111,1,12.6224,-0.0833,12.5391,HOLDING
2021-01-22,9,AIV,AVB,2.4053,139.2191,1.142,-1.4969,1,13.3359,-0.0833,13.2526,HOLDING
2021-01-25,9,AIV,AVB,2.3903,140.808,1.142,-1.6869,1,12.3893,-0.0833,12.306,HOLDING
2021-01-26,9,AIV,AVB,2.3653,142.0757,1.142,-1.8273,1,11.3161,-0.0833,11.2328,HOLDING
2021-01-27,9,AIV,AVB,2.3103,138.4923,1.142,-1.5147,1,11.2835,-0.0833,11.2001,HOLDING
2021-01-28,9,AIV,AVB,2.3603,140.3094,1.142,-1.2501,1,11.8395,-0.0833,11.7562,HOLDING
2021-01-29,9,AIV,AVB,2.2953,138.3233,1.142,-1.3192,1,10.9792,-0.0833,10.8959,HOLDING
2021-02-01,9,AIV,AVB,2.3603,139.6417,1.142,-0.9252,1,12.0835,-0.0833,12.0002,HOLDING
2021-02-02,9,AIV,AVB,2.4403,140.6643,1.142,-0.359,1,13.6618,-0.0833,13.5785,HOLDING
2021-02-03,9,AIV,AVB,2.3953,141.8053,1.142,-0.8947,1,12.1469,-0.0833,12.0636,HOLDING
2021-02-04,9,AIV,AVB,2.4103,145.2365,1.142,-1.3056,1,11.2591,-0.0833,11.1758,HOLDING
2021-02-05,9,AIV,AVB,2.4153,145.5492,1.142,-1.2351,1,11.2669,-0.0833,11.1835,HOLDING
2021-02-08,9,AIV,AVB,2.4503,146.4873,1.142,-0.9579,1,11.7781,-0.0833,11.6948,HOLDING
2021-02-09,9,AIV,AVB,2.4753,146.9099,1.142,-0.6901,1,12.2337,-0.0833,12.1504,HOLDING
2021-02-10,9,AIV,AVB,2.4603,148.617,1.142,-1.1789,1,11.2439,-0.0833,11.1606,HOLDING
2021-02-11,9,AIV,AVB,2.4503,151.22,1.142,-1.82,1,10.0488,-0.0833,9.9654,HOLDING
2021-02-12,9,AIV,AVB,2.4503,151.7103,1.142,-1.8914,1,9.8696,-0.0833,9.7863,HOLDING
2021-02-16,9,AIV,AVB,2.4453,150.9074,1.142,-1.6036,1,10.041,-0.0833,9.9577,HOLDING
2021-02-17,9,AIV,AVB,2.4703,151.2792,1.142,-1.2753,1,10.5151,-0.0833,10.4318,HOLDING
2021-02-18,9,AIV,AVB,2.3903,150.2397,1.142,-1.9615,1,8.943,-0.0833,8.8596,HOLDING
2021-02-19,9,AIV,AVB,2.4103,150.4425,1.142,-1.5115,1,9.3569,-0.0833,9.2735,HOLDING
2021-02-22,9,AIV,AVB,2.4253,150.6707,1.142,-1.2431,1,9.6395,-0.0833,9.5561,HOLDING
2021-02-23,9,AIV,AVB,2.4903,152.7497,1.142,-0.7511,1,10.4658,-0.0833,10.3825,HOLDING
2021-02-24,9,AIV,AVB,2.5153,156.35,1.142,-1.2512,1,9.7603,-0.0833,9.6769,HOLDING
2021-02-25,9,AIV,AVB,2.4503,152.3948,1.142,-1.0276,1,9.6195,-0.0833,9.5362,HOLDING
2021-02-26,9,AIV,AVB,2.3803,148.5325,1.142,-0.9193,1,9.3228,-0.0833,9.2395,HOLDING
2021-03-01,9,AIV,AVB,2.4253,149.6059,1.142,-0.4716,1,10.0286,-0.0833,9.9453,HOLDING
2021-03-02,9,AIV,AVB,2.4003,150.62,1.142,-1.0478,1,9.048,-0.0833,8.9647,HOLDING
2021-03-03,9,AIV,AVB,2.4103,153.3076,1.142,-1.6827,1,8.31,-0.0833,8.2267,HOLDING
2021-03-04,9,AIV,AVB,2.3853,150.4763,1.142,-1.1355,1,8.7345,-0.0833,8.6512,HOLDING
2021-03-05,9,AIV,AVB,2.4103,150.1382,1.142,-0.4294,1,9.4681,-0.0833,9.3847,HOLDING
2021-03-08,9,AIV,AVB,2.4503,155.4288,1.142,-1.4594,1,8.5109,-0.0833,8.4276,HOLDING
2021-03-09,9,AIV,AVB,2.4603,153.8315,1.142,-0.5765,1,9.3385,-0.0833,9.2552,HOLDING
2021-03-10,9,AIV,AVB,2.5003,156.5021,1.142,-0.7864,1,0.0,9.1372,9.1372,PERIOD_END_EXIT
2020-09-09,10,AMT,CCI,215.7012,125.9046,0.8221,0.0,0,0.0,0.0,0.0,HOLD_CASH
2020-09-10,10,AMT,CCI,212.2489,123.9296,0.8221,0.0,0,0.0,0.0,0.0,HOLD_CASH
2020-09-11,10,AMT,CCI,213.4538,123.7969,0.8221,0.0,0,0.0,0.0,0.0,HOLD_CASH
2020-09-14,10,AMT,CCI,216.9659,125.9757,0.8221,0.0,0,0.0,0.0,0.0,HOLD_CASH
2020-09-15,10,AMT,CCI,225.3831,128.5714,0.8221,0.0,0,0.0,0.0,0.0,HOLD_CASH
2020-09-16,10,AMT,CCI,224.99,130.703,0.8221,0.0,0,0.0,0.0,0.0,HOLD_CASH
2020-09-17,10,AMT,CCI,214.257,127.9343,0.8221,0.0,0,0.0,0.0,0.0,HOLD_CASH
2020-09-18,10,AMT,CCI,209.7878,125.5982,0.8221,0.0,0,0.0,0.0,0.0,HOLD_CASH
2020-09-21,10,AMT,CCI,205.9168,123.9464,0.8221,0.0,0,0.0,0.0,0.0,HOLD_CASH
2020-09-22,10,AMT,CCI,206.7457,125.8341,0.8221,0.0,0,0.0,0.0,0.0,HOLD_CASH
2020-09-23,10,AMT,CCI,201.422,122.4048,0.8221,0.0,0,0.0,0.0,0.0,HOLD_CASH
2020-09-24,10,AMT,CCI,201.8236,123.8048,0.8221,0.0,0,0.0,0.0,0.0,HOLD_CASH
2020-09-25,10,AMT,CCI,205.9195,127.1949,0.8221,0.0,0,0.0,0.0,0.0,HOLD_CASH
2020-09-28,10,AMT,CCI,206.0826,128.6736,0.8221,0.0,0,0.0,0.0,0.0,HOLD_CASH
2020-09-29,10,AMT,CCI,206.1857,129.1377,0.8221,0.0,0,0.0,0.0,0.0,HOLD_CASH
2020-09-30,10,AMT,CCI,207.5682,130.9625,0.8221,0.0,0,0.0,0.0,0.0,HOLD_CASH
2020-10-01,10,AMT,CCI,207.9288,132.1503,0.8221,0.0,0,0.0,0.0,0.0,HOLD_CASH
2020-10-02,10,AMT,CCI,208.9163,132.6301,0.8221,0.0,0,0.0,0.0,0.0,HOLD_CASH
2020-10-05,10,AMT,CCI,208.942,132.6615,0.8221,0.0,0,0.0,0.0,0.0,HOLD_CASH
2020-10-06,10,AMT,CCI,206.9499,129.8535,0.8221,-0.9129,0,0.0,0.0,0.0,HOLD_CASH
2020-10-07,10,AMT,CCI,207.6025,129.7198,0.8221,-0.7137,0,0.0,0.0,0.0,HOLD_CASH
2020-10-08,10,AMT,CCI,209.1395,130.3962,0.8221,-0.5478,0,0.0,0.0,0.0,HOLD_CASH
2020-10-09,10,AMT,CCI,210.1013,131.639,0.8221,-0.5724,0,0.0,0.0,0.0,HOLD_CASH
2020-10-12,10,AMT,CCI,211.561,132.3233,0.8221,-0.4086,0,0.0,0.0,0.0,HOLD_CASH
2020-10-13,10,AMT,CCI,208.152,131.1985,0.8221,-0.717,0,0.0,0.0,0.0,HOLD_CASH
2020-10-14,10,AMT,CCI,204.7946,129.8063,0.8221,-1.1347,0,0.0,0.0,0.0,HOLD_CASH
2020-10-15,10,AMT,CCI,205.7392,132.2525,0.8221,-1.7059,0,0.0,0.0,0.0,HOLD_CASH
2020-10-16,10,AMT,CCI,208.4182,131.2772,0.8221,-0.3985,0,0.0,0.0,0.0,HOLD_CASH
2020-10-19,10,AMT,CCI,205.7392,129.2478,0.8221,-0.3237,0,0.0,0.0,0.0,HOLD_CASH
2020-10-20,10,AMT,CCI,209.3456,129.358,0.8221,1.3522,0,0.0,0.0,0.0,HOLD_CASH
2020-10-21,10,AMT,CCI,207.5767,128.8309,0.8221,0.9986,0,0.0,0.0,0.0,HOLD_CASH
2020-10-22,10,AMT,CCI,202.4505,122.9003,0.8221,2.2349,-1,0.0,-0.0833,-0.0833,ENTER_SHORT_A
2020-10-23,10,AMT,CCI,204.1248,124.6465,0.8221,1.7547,-1,0.156,-0.0833,0.0726,HOLDING
2020-10-26,10,AMT,CCI,203.6096,125.787,0.8221,0.7676,-1,0.6213,-0.0833,0.5379,HOLDING
2020-10-27,10,AMT,CCI,202.7853,126.3297,0.8221,0.056,-1,0.9735,-0.0833,0.8902,HOLDING
2020-10-28,10,AMT,CCI,197.6075,123.3722,0.8221,-0.5365,-1,1.2384,-0.0833,1.1551,HOLDING
2020-10-29,10,AMT,CCI,198.9127,124.0487,0.8221,-0.389,-1,1.1505,-0.0833,1.0672,HOLDING
2020-10-30,10,AMT,CCI,197.1953,122.8609,0.8221,-0.4956,-1,1.1751,-0.0833,1.0918,HOLDING
2020-11-02,10,AMT,CCI,200.4926,125.4409,0.8221,-0.5785,-1,1.2195,-0.0833,1.1362,HOLDING
2020-11-03,10,AMT,CCI,201.1281,126.1252,0.8221,-0.6779,-1,1.2853,-0.0833,1.202,HOLDING
2020-11-04,10,AMT,CCI,203.5667,127.5252,0.8221,-0.3576,-1,1.1627,-0.0833,1.0794,HOLDING
2020-11-05,10,AMT,CCI,206.0139,128.1466,0.8221,0.4243,-1,0.8,-0.0833,0.7167,HOLDING
2020-11-06,10,AMT,CCI,207.9288,129.0512,0.8221,0.7249,-1,0.6441,-0.0833,0.5608,HOLDING
2020-11-09,10,AMT,CCI,204.3481,127.25,0.8221,0.1762,-1,0.902,-0.0833,0.8187,HOLDING
2020-11-10,10,AMT,CCI,199.5396,126.1802,0.8221,-1.3458,-1,1.661,-0.0833,1.5777,HOLDING
2020-11-11,10,AMT,CCI,204.7517,129.4995,0.8221,-0.9513,-1,1.499,-0.0833,1.4157,HOLDING
2020-11-12,10,AMT,CCI,204.3739,131.3165,0.8221,-2.1702,-1,2.1402,-0.0833,2.0569,HOLDING
2020-11-13,10,AMT,CCI,208.7359,132.1503,0.8221,-0.6728,-1,1.4099,-0.0833,1.3266,HOLDING
2020-11-16,10,AMT,CCI,205.3012,130.113,0.8221,-0.965,-1,1.5626,-0.0833,1.4793,HOLDING
2020-11-17,10,AMT,CCI,205.3785,130.8367,0.8221,-1.2118,-1,1.7665,-0.0833,1.6832,HOLDING
2020-11-18,10,AMT,CCI,204.1077,134.2268,0.8221,-2.7008,-1,3.0907,-0.0833,3.0074,HOLDING
2020-11-19,10,AMT,CCI,204.7345,132.2131,0.8221,-1.4905,-1,2.3331,-0.0833,2.2498,HOLDING
2020-11-20,10,AMT,CCI,199.78,131.3322,0.8221,-2.4176,-1,3.1828,-0.0833,3.0995,HOLDING
2020-11-23,10,AMT,CCI,196.5599,130.8524,0.8221,-2.564,-1,3.7635,-0.0833,3.6802,HOLDING
2020-11-24,10,AMT,CCI,195.83,129.1928,0.8221,-1.8633,-1,3.4206,-0.0833,3.3373,HOLDING
2020-11-25,10,AMT,CCI,200.0719,129.7512,0.8221,-0.8649,-1,2.6332,-0.0833,2.5499,HOLDING
2020-11-27,10,AMT,CCI,201.0078,131.4895,0.8221,-1.0666,-1,2.9536,-0.0833,2.8703,HOLDING
2020-11-30,10,AMT,CCI,198.5263,131.8042,0.8221,-1.5604,-1,3.6104,-0.0833,3.5271,HOLDING
2020-12-01,10,AMT,CCI,202.502,134.3447,0.8221,-1.2273,-1,3.4895,-0.0833,3.4062,HOLDING
2020-12-02,10,AMT,CCI,196.5513,131.23,0.8221,-1.5066,-1,3.8809,-0.0833,3.7976,HOLDING
2020-12-03,10,AMT,CCI,194.25,131.7019,0.8221,-1.8453,-1,4.5452,-0.0833,4.4618,HOLDING
2020-12-04,10,AMT,CCI,196.3538,128.6029,0.8221,-0.547,-1,3.1218,-0.0833,3.0385,HOLDING
2020-12-07,10,AMT,CCI,192.5756,127.777,0.8221,-1.0656,-1,3.7227,-0.0833,3.6394,HOLDING
2020-12-08,10,AMT,CCI,192.0089,126.896,0.8221,-0.8681,-1,3.5812,-0.0833,3.4979,HOLDING
2020-12-09,10,AMT,CCI,188.4282,124.5835,0.8221,-0.9513,-1,3.6827,-0.0833,3.5993,HOLDING
2020-12-10,10,AMT,CCI,188.4024,123.6632,0.8221,-0.5811,-1,3.407,-0.0833,3.3236,HOLDING
2020-12-11,10,AMT,CCI,188.7545,124.025,0.8221,-0.5378,-1,3.4381,-0.0833,3.3548,HOLDING
2020-12-14,10,AMT,CCI,186.0926,123.1049,0.8221,-0.9239,-1,3.7579,-0.0833,3.6746,HOLDING
2020-12-15,10,AMT,CCI,186.5477,123.2794,0.8221,-0.8036,-1,3.7085,-0.0833,3.6252,HOLDING
2020-12-16,10,AMT,CCI,188.5828,122.2561,0.8221,0.6924,-1,2.9357,-0.0833,2.8524,HOLDING
2020-12-17,10,AMT,CCI,191.2361,123.5491,0.8221,1.131,-1,2.7319,-0.0833,2.6486,HOLDING
2020-12-18,10,AMT,CCI,190.2143,122.0102,0.8221,1.7079,-1,2.4919,-0.0833,2.4086,HOLDING
2020-12-21,10,AMT,CCI,188.7202,121.5739,0.8221,1.1837,-1,2.696,-0.0833,2.6127,HOLDING
2020-12-22,10,AMT,CCI,189.3298,121.7564,0.8221,1.2241,-1,2.6141,-0.0833,2.5307,HOLDING
2020-12-23,10,AMT,CCI,186.6765,120.9393,0.8221,0.4445,-1,2.9635,-0.0833,2.8802,HOLDING
2020-12-24,10,AMT,CCI,188.8007,122.1609,0.8221,0.7799,-1,2.8574,-0.0833,2.7741,HOLDING
2020-12-28,10,AMT,CCI,190.8903,123.9457,0.8221,0.7196,-1,2.9313,-0.0833,2.848,HOLDING
2020-12-29,10,AMT,CCI,190.3809,123.5967,0.8221,0.6314,-1,2.9397,-0.0833,2.8563,HOLDING
2020-12-30,10,AMT,CCI,190.26,124.0568,0.8221,0.28,-1,3.1077,-0.0833,3.0244,HOLDING
2020-12-31,10,AMT,CCI,193.8176,126.2779,0.8221,0.5679,-1,2.9835,-0.0833,2.9002,HOLDING
2021-01-04,10,AMT,CCI,189.621,122.9542,0.8221,0.5098,-1,2.9147,-0.0833,2.8314,HOLDING
2021-01-05,10,AMT,CCI,190.5795,123.4381,0.8221,0.6838,-1,2.8463,-0.0833,2.7629,HOLDING
2021-01-06,10,AMT,CCI,185.554,120.1222,0.8221,0.1342,-1,2.9671,-0.0833,2.8838,HOLDING
2021-01-07,10,AMT,CCI,187.8077,120.9314,0.8221,0.81,-1,2.7055,-0.0833,2.6222,HOLDING
2021-01-08,10,AMT,CCI,191.866,122.2085,0.8221,2.0307,-1,2.1795,-0.0833,2.0961,HOLDING
2021-01-11,10,AMT,CCI,185.5799,121.4153,0.8221,-1.1442,-1,3.3569,-0.0833,3.2735,HOLDING
2021-01-12,10,AMT,CCI,185.5712,119.3528,0.8221,0.3814,-1,2.7278,-0.0833,2.6445,HOLDING
2021-01-13,10,AMT,CCI,186.9097,121.1217,0.8221,-0.3572,-1,2.9667,-0.0833,2.8833,HOLDING
2021-01-14,10,AMT,CCI,185.6403,122.7638,0.8221,-2.763,-1,3.7558,-0.0833,3.6724,HOLDING
2021-01-15,10,AMT,CCI,189.8714,124.739,0.8221,-1.348,-1,3.4042,-0.0833,3.3209,HOLDING
2021-01-19,10,AMT,CCI,187.2723,126.4365,0.8221,-3.0349,-1,4.5107,-0.0833,4.4273,HOLDING
2021-01-20,10,AMT,CCI,192.3669,126.1748,0.8221,-0.3749,-1,3.2797,-0.0833,3.1964,HOLDING
2021-01-21,10,AMT,CCI,191.866,126.3969,0.8221,-0.6818,-1,3.4608,-0.0833,3.3775,HOLDING
2021-01-22,10,AMT,CCI,193.3513,126.0637,0.8221,0.284,-1,3.0234,-0.0833,2.94,HOLDING
2021-01-25,10,AMT,CCI,196.4511,127.6264,0.8221,0.7911,-1,2.8011,-0.0833,2.7178,HOLDING
2021-01-26,10,AMT,CCI,200.5786,129.6572,0.8221,1.3978,-1,2.49,-0.0833,2.4066,HOLDING
2021-01-27,10,AMT,CCI,197.7896,126.8253,0.8221,1.577,-1,2.2537,-0.0833,2.1704,HOLDING
2021-01-28,10,AMT,CCI,197.1419,125.437,0.8221,1.7825,-1,1.9753,-0.0833,1.892,HOLDING
2021-01-29,10,AMT,CCI,196.3216,126.3334,0.8221,0.9405,-1,2.4348,-0.0833,2.3515,HOLDING
2021-02-01,10,AMT,CCI,203.4108,130.3076,0.8221,1.4941,-1,2.0492,-0.0833,1.9658,HOLDING
2021-02-02,10,AMT,CCI,203.9116,131.3706,0.8221,1.1009,-1,2.2612,-0.0833,2.1779,HOLDING
2021-02-03,10,AMT,CCI,200.5959,129.4271,0.8221,0.7707,-1,2.4157,-0.0833,2.3324,HOLDING
2021-02-04,10,AMT,CCI,200.5009,129.4033,0.8221,0.6889,-1,2.4299,-0.0833,2.3466,HOLDING
2021-02-05,10,AMT,CCI,201.183,128.7132,0.8221,1.0992,-1,2.0646,-0.0833,1.9813,HOLDING
2021-02-08,10,AMT,CCI,201.0103,127.6343,0.8221,1.3905,-1,1.7736,-0.0833,1.6903,HOLDING
2021-02-09,10,AMT,CCI,200.0346,130.0855,0.8221,0.1007,-1,2.7439,-0.0833,2.6606,HOLDING
2021-02-10,10,AMT,CCI,200.0346,129.3636,0.8221,0.3555,-1,2.5231,-0.0833,2.4397,HOLDING
2021-02-11,10,AMT,CCI,196.7188,128.507,0.8221,-0.3478,-1,3.0101,-0.0833,2.9267,HOLDING
2021-02-12,10,AMT,CCI,196.1748,130.4583,0.8221,-1.3362,-1,3.7299,-0.0833,3.6466,HOLDING
2021-02-16,10,AMT,CCI,194.2665,128.4752,0.8221,-1.147,-1,3.5543,-0.0833,3.471,HOLDING
2021-02-17,10,AMT,CCI,195.4149,129.4033,0.8221,-1.4627,-1,3.5788,-0.0833,3.4955,HOLDING
2021-02-18,10,AMT,CCI,197.0987,130.8074,0.8221,-1.4265,-1,3.628,-0.0833,3.5447,HOLDING
2021-02-19,10,AMT,CCI,195.4668,131.5213,0.8221,-2.1154,-1,4.2151,-0.0833,4.1317,HOLDING
2021-02-22,10,AMT,CCI,194.3443,131.1405,0.8221,-1.9998,-1,4.3522,-0.0833,4.2688,HOLDING
2021-02-23,10,AMT,CCI,192.7036,128.2213,0.8221,-1.2706,-1,3.8297,-0.0833,3.7464,HOLDING
2021-02-24,10,AMT,CCI,194.0938,127.8723,0.8221,-0.6679,-1,3.4089,-0.0833,3.3256,HOLDING
2021-02-25,10,AMT,CCI,194.0679,126.6111,0.8221,-0.1663,-1,3.0289,-0.0833,2.9456,HOLDING
2021-02-26,10,AMT,CCI,186.6247,123.5491,0.8221,-1.1415,-1,3.7736,-0.0833,3.6903,HOLDING
2021-03-01,10,AMT,CCI,184.5868,121.9467,0.8221,-1.0445,-1,3.7438,-0.0833,3.6605,HOLDING
2021-03-02,10,AMT,CCI,180.304,121.4946,0.8221,-1.9128,-1,4.573,-0.0833,4.4896,HOLDING
2021-03-03,10,AMT,CCI,175.2095,117.8139,0.8221,-1.8207,-1,4.5978,-0.0833,4.5145,HOLDING
2021-03-04,10,AMT,CCI,173.7242,118.2978,0.8221,-2.042,-1,5.0814,-0.0833,4.9981,HOLDING
2021-03-05,10,AMT,CCI,172.6967,119.1069,0.8221,-2.1432,-1,5.561,-0.0833,5.4777,HOLDING
2021-03-08,10,AMT,CCI,171.5397,116.4257,0.8221,-1.4937,-1,5.0022,-0.0833,4.9189,HOLDING
2021-03-09,10,AMT,CCI,175.0281,119.8129,0.8221,-1.5312,-1,5.2504,-0.0833,5.167,HOLDING
2021-03-10,10,AMT,CCI,176.5133,120.5268,0.8221,-1.2491,-1,0.0,4.9732,4.9732,PERIOD_END_EXIT
2020-09-09,11,GPC,SNA,85.401,130.5009,1.0232,0.0,0,0.0,0.0,0.0,HOLD_CASH
2020-09-10,11,GPC,SNA,84.6299,128.1243,1.0232,0.0,0,0.0,0.0,0.0,HOLD_CASH
2020-09-11,11,GPC,SNA,86.1636,128.2197,1.0232,0.0,0,0.0,0.0,0.0,HOLD_CASH
2020-09-14,11,GPC,SNA,88.2714,132.5653,1.0232,0.0,0,0.0,0.0,0.0,HOLD_CASH
2020-09-15,11,GPC,SNA,87.2604,132.6781,1.0232,0.0,0,0.0,0.0,0.0,HOLD_CASH
2020-09-16,11,GPC,SNA,86.8491,129.3213,1.0232,0.0,0,0.0,0.0,0.0,HOLD_CASH
2020-09-17,11,GPC,SNA,87.2518,128.9916,1.0232,0.0,0,0.0,0.0,0.0,HOLD_CASH
2020-09-18,11,GPC,SNA,87.4489,127.9681,1.0232,0.0,0,0.0,0.0,0.0,HOLD_CASH
2020-09-21,11,GPC,SNA,82.7277,122.2345,1.0232,0.0,0,0.0,0.0,0.0,HOLD_CASH
2020-09-22,11,GPC,SNA,82.6249,125.3312,1.0232,0.0,0,0.0,0.0,0.0,HOLD_CASH
2020-09-23,11,GPC,SNA,81.1168,122.382,1.0232,0.0,0,0.0,0.0,0.0,HOLD_CASH
2020-09-24,11,GPC,SNA,80.4913,122.6422,1.0232,0.0,0,0.0,0.0,0.0,HOLD_CASH
2020-09-25,11,GPC,SNA,80.6284,123.206,1.0232,0.0,0,0.0,0.0,0.0,HOLD_CASH
2020-09-28,11,GPC,SNA,82.0336,127.2568,1.0232,0.0,0,0.0,0.0,0.0,HOLD_CASH
2020-09-29,11,GPC,SNA,81.1768,126.1205,1.0232,0.0,0,0.0,0.0,0.0,HOLD_CASH
2020-09-30,11,GPC,SNA,81.5452,127.6211,1.0232,0.0,0,0.0,0.0,0.0,HOLD_CASH
2020-10-01,11,GPC,SNA,81.3739,125.8776,1.0232,0.0,0,0.0,0.0,0.0,HOLD_CASH
2020-10-02,11,GPC,SNA,82.1279,128.4799,1.0232,0.0,0,0.0,0.0,0.0,HOLD_CASH
2020-10-05,11,GPC,SNA,83.456,131.5245,1.0232,0.0,0,0.0,0.0,0.0,HOLD_CASH
2020-10-06,11,GPC,SNA,82.702,135.3584,1.0232,-2.6497,1,0.0,-0.0833,-0.0833,ENTER_LONG_A
2020-10-07,11,GPC,SNA,84.6127,137.3968,1.0232,-1.9915,1,0.317,-0.0833,0.2336,HOLDING
2020-10-08,11,GPC,SNA,86.6691,137.3881,1.0232,-1.0894,1,1.3438,-0.0833,1.2605,HOLDING
2020-10-09,11,GPC,SNA,86.018,136.3646,1.0232,-0.9825,1,1.3382,-0.0833,1.2549,HOLDING
2020-10-12,11,GPC,SNA,85.8808,136.8416,1.0232,-1.0366,1,1.1214,-0.0833,1.038,HOLDING
2020-10-13,11,GPC,SNA,85.5981,134.8553,1.0232,-0.6115,1,1.599,-0.0833,1.5157,HOLDING
2020-10-14,11,GPC,SNA,86.4806,136.035,1.0232,-0.4983,1,1.6713,-0.0833,1.5879,HOLDING
2020-10-15,11,GPC,SNA,86.7805,137.0238,1.0232,-0.5505,1,1.5127,-0.0833,1.4294,HOLDING
2020-10-16,11,GPC,SNA,86.4721,138.056,1.0232,-0.8844,1,1.0377,-0.0833,0.9544,HOLDING
2020-10-19,11,GPC,SNA,86.2064,135.2803,1.0232,-0.0903,1,1.7697,-0.0833,1.6863,HOLDING
2020-10-20,11,GPC,SNA,87.2689,134.3869,1.0232,0.8546,1,2.577,-0.0833,2.4937,HOLDING
2020-10-21,11,GPC,SNA,87.4146,134.6818,1.0232,0.9657,1,2.5577,-0.0833,2.4744,HOLDING
2020-10-22,11,GPC,SNA,82.9248,146.9816,1.0232,-3.5703,1,-3.508,-0.0833,-3.5913,HOLDING
2020-10-23,11,GPC,SNA,84.6384,146.9296,1.0232,-2.3538,1,-2.6383,-0.0833,-2.7217,HOLDING
2020-10-26,11,GPC,SNA,81.768,142.4711,1.0232,-2.0287,1,-2.6797,-0.0833,-2.7631,HOLDING
2020-10-27,11,GPC,SNA,80.4314,137.4141,1.0232,-1.373,1,-1.7709,-0.0833,-1.8543,HOLDING
2020-10-28,11,GPC,SNA,76.8498,134.17,1.0232,-1.6181,1,-2.5446,-0.0833,-2.628,HOLDING
2020-10-29,11,GPC,SNA,77.381,135.2369,1.0232,-1.4606,1,-2.6122,-0.0833,-2.6956,HOLDING
2020-10-30,11,GPC,SNA,77.4839,136.6421,1.0232,-1.4626,1,-2.9985,-0.0833,-3.0819,HOLDING
2020-11-02,11,GPC,SNA,80.1315,142.0894,1.0232,-1.4111,1,-3.376,-0.0833,-3.4593,HOLDING
2020-11-03,11,GPC,SNA,84.0986,142.1849,1.0232,-0.4732,1,-1.4299,-0.0833,-1.5132,HOLDING
2020-11-04,11,GPC,SNA,81.2368,136.7289,1.0232,-0.3372,1,-1.1564,-0.0833,-1.2398,HOLDING
2020-11-05,11,GPC,SNA,82.4449,140.2678,1.0232,-0.49,1,-1.6566,-0.0833,-1.7399,HOLDING
2020-11-06,11,GPC,SNA,81.1168,141.0832,1.0232,-0.825,1,-2.5719,-0.0833,-2.6553,HOLDING
2020-11-09,11,GPC,SNA,84.39,145.9494,1.0232,-0.6583,1,-2.4569,-0.0833,-2.5402,HOLDING
2020-11-10,11,GPC,SNA,85.5295,149.7746,1.0232,-0.8224,1,-3.0803,-0.0833,-3.1637,HOLDING
2020-11-11,11,GPC,SNA,83.6616,147.6148,1.0232,-0.8753,1,-3.3381,-0.0833,-3.4215,HOLDING
2020-11-12,11,GPC,SNA,82.1964,145.2207,1.0232,-0.8107,1,-3.3225,-0.0833,-3.4058,HOLDING
2020-11-13,11,GPC,SNA,84.8526,148.6036,1.0232,-0.5621,1,-3.0529,-0.0833,-3.1362,HOLDING
2020-11-16,11,GPC,SNA,85.3153,151.4574,1.0232,-0.8043,1,-3.711,-0.0833,-3.7943,HOLDING
2020-11-17,11,GPC,SNA,84.3814,149.6965,1.0232,-0.7737,1,-3.6279,-0.0833,-3.7112,HOLDING
2020-11-18,11,GPC,SNA,84.5271,148.5082,1.0232,-0.5105,1,-3.1853,-0.0833,-3.2686,HOLDING
2020-11-19,11,GPC,SNA,83.9701,150.0284,1.0232,-1.4568,1,-3.936,-0.0833,-4.0193,HOLDING
2020-11-20,11,GPC,SNA,83.079,151.0768,1.0232,-2.0601,1,-4.7063,-0.0833,-4.7896,HOLDING
2020-11-23,11,GPC,SNA,83.2161,153.794,1.0232,-2.3091,1,-5.484,-0.0833,-5.5673,HOLDING
2020-11-24,11,GPC,SNA,86.6777,156.4412,1.0232,-1.189,1,-4.5842,-0.0833,-4.6675,HOLDING
2020-11-25,11,GPC,SNA,84.7841,152.8592,1.0232,-1.019,1,-4.412,-0.0833,-4.4953,HOLDING
2020-11-27,11,GPC,SNA,84.2786,154.6414,1.0232,-1.545,1,-5.2187,-0.0833,-5.302,HOLDING
2020-11-30,11,GPC,SNA,84.2871,153.6367,1.0232,-1.1666,1,-4.9016,-0.0833,-4.9849,HOLDING
2020-12-01,11,GPC,SNA,87.1147,153.5843,1.0232,0.0704,1,-3.477,-0.0833,-3.5604,HOLDING
2020-12-02,11,GPC,SNA,83.0961,153.7852,1.0232,-1.5888,1,-5.541,-0.0833,-5.6243,HOLDING
2020-12-03,11,GPC,SNA,84.0205,155.0346,1.0232,-1.4149,1,-5.4696,-0.0833,-5.553,HOLDING
2020-12-04,11,GPC,SNA,84.8757,158.2497,1.0232,-1.7276,1,-6.0447,-0.0833,-6.1281,HOLDING
2020-12-07,11,GPC,SNA,84.8757,157.1315,1.0232,-1.2869,1,-5.6965,-0.0833,-5.7799,HOLDING
2020-12-08,11,GPC,SNA,83.4935,158.0663,1.0232,-1.9763,1,-6.676,-0.0833,-6.7593,HOLDING
2020-12-09,11,GPC,SNA,84.6166,159.0798,1.0232,-1.5157,1,-6.4322,-0.0833,-6.5156,HOLDING
2020-12-10,11,GPC,SNA,83.8304,157.944,1.0232,-1.4258,1,-6.4701,-0.0833,-6.5535,HOLDING
2020-12-11,11,GPC,SNA,83.8477,157.944,1.0232,-1.2784,1,-6.4615,-0.0833,-6.5449,HOLDING
2020-12-14,11,GPC,SNA,82.7765,153.0513,1.0232,-0.4481,1,-5.4717,-0.0833,-5.555,HOLDING
2020-12-15,11,GPC,SNA,83.4417,152.8416,1.0232,0.0136,1,-5.0751,-0.0833,-5.1584,HOLDING
2020-12-16,11,GPC,SNA,83.3639,150.2032,1.0232,0.8246,1,-4.2923,-0.0833,-4.3757,HOLDING
2020-12-17,11,GPC,SNA,83.7527,149.5392,1.0232,1.375,1,-3.892,-0.0833,-3.9753,HOLDING
2020-12-18,11,GPC,SNA,84.2537,148.4034,1.0232,1.8998,1,-3.2888,-0.0833,-3.3721,HOLDING
2020-12-21,11,GPC,SNA,84.1068,148.2723,1.0232,1.6543,1,-3.3211,-0.0833,-3.4045,HOLDING
2020-12-22,11,GPC,SNA,85.2126,146.3764,1.0232,2.237,1,-2.1801,-0.0833,-2.2635,HOLDING
2020-12-23,11,GPC,SNA,85.8692,146.6385,1.0232,2.0603,1,-1.9347,-0.0833,-2.0181,HOLDING
2020-12-24,11,GPC,SNA,85.8346,148.3248,1.0232,1.5021,1,-2.477,-0.0833,-2.5603,HOLDING
2020-12-28,11,GPC,SNA,86.4221,148.8489,1.0232,1.4202,1,-2.3476,-0.0833,-2.4309,HOLDING
2020-12-29,11,GPC,SNA,85.3422,147.5297,1.0232,1.1959,1,-2.4747,-0.0833,-2.558,HOLDING
2020-12-30,11,GPC,SNA,86.0506,149.3557,1.0232,1.0351,1,-2.6904,-0.0833,-2.7737,HOLDING
2020-12-31,11,GPC,SNA,86.7589,149.5217,1.0232,1.1047,1,-2.3893,-0.0833,-2.4726,HOLDING
2021-01-04,11,GPC,SNA,85.0398,145.8348,1.0232,1.1267,1,-2.0975,-0.0833,-2.1809,HOLDING
2021-01-05,11,GPC,SNA,85.826,145.66,1.0232,1.2552,1,-1.6516,-0.0833,-1.7349,HOLDING
2021-01-06,11,GPC,SNA,89.2469,151.6884,1.0232,1.0791,1,-1.8248,-0.0833,-1.9081,HOLDING
2021-01-07,11,GPC,SNA,89.6184,153.6542,1.0232,0.7754,1,-2.2518,-0.0833,-2.3352,HOLDING
2021-01-08,11,GPC,SNA,89.2728,151.0506,1.0232,1.0599,1,-1.6133,-0.0833,-1.6967,HOLDING
2021-01-11,11,GPC,SNA,90.8019,149.7401,1.0232,1.6855,1,-0.4438,-0.0833,-0.5271,HOLDING
2021-01-12,11,GPC,SNA,93.5577,152.2476,1.0232,1.967,1,0.148,-0.0833,0.0647,HOLDING
2021-01-13,11,GPC,SNA,91.4757,149.9148,1.0232,1.6545,1,-0.1626,-0.0833,-0.2459,HOLDING
2021-01-14,11,GPC,SNA,90.6637,148.6131,1.0232,1.5714,1,-0.1617,-0.0833,-0.245,HOLDING
2021-01-15,11,GPC,SNA,88.2448,147.2763,1.0232,0.8583,1,-0.9502,-0.0833,-1.0335,HOLDING
2021-01-19,11,GPC,SNA,85.9987,150.6837,1.0232,-1.1882,1,-3.1297,-0.0833,-3.213,HOLDING
2021-01-20,11,GPC,SNA,86.3961,153.3222,1.0232,-1.6751,1,-3.7533,-0.0833,-3.8366,HOLDING
2021-01-21,11,GPC,SNA,88.3053,153.8639,1.0232,-0.9802,1,-2.9711,-0.0833,-3.0544,HOLDING
2021-01-22,11,GPC,SNA,87.8042,155.4977,1.0232,-1.5054,1,-3.7293,-0.0833,-3.8127,HOLDING
2021-01-25,11,GPC,SNA,87.4241,156.6247,1.0232,-1.7109,1,-4.2696,-0.0833,-4.3529,HOLDING
2021-01-26,11,GPC,SNA,87.6833,156.9829,1.0232,-1.5206,1,-4.252,-0.0833,-4.3353,HOLDING
2021-01-27,11,GPC,SNA,85.3508,163.9025,1.0232,-2.8048,1,-7.5681,-0.0833,-7.6514,HOLDING
2021-01-28,11,GPC,SNA,83.7527,159.403,1.0232,-2.1146,1,-6.9631,-0.0833,-7.0465,HOLDING
2021-01-29,11,GPC,SNA,81.1006,157.2538,1.0232,-2.0856,1,-7.6148,-0.0833,-7.6981,HOLDING
2021-02-01,11,GPC,SNA,81.8003,161.8231,1.0232,-2.0572,1,-8.689,-0.0833,-8.7723,HOLDING
2021-02-02,11,GPC,SNA,84.2019,156.0568,1.0232,-0.8669,1,-5.6975,-0.0833,-5.7809,HOLDING
2021-02-03,11,GPC,SNA,85.0226,154.921,1.0232,-0.5253,1,-4.9352,-0.0833,-5.0185,HOLDING
2021-02-04,11,GPC,SNA,86.7417,165.0033,1.0232,-1.1368,1,-7.2182,-0.0833,-7.3015,HOLDING
2021-02-05,11,GPC,SNA,87.8129,161.0805,1.0232,-0.4878,1,-5.4633,-0.0833,-5.5466,HOLDING
2021-02-08,11,GPC,SNA,89.4802,162.0502,1.0232,-0.2312,1,-4.9348,-0.0833,-5.0182,HOLDING
2021-02-09,11,GPC,SNA,89.5493,165.5013,1.0232,-0.4999,1,-5.9749,-0.0833,-6.0582,HOLDING
2021-02-10,11,GPC,SNA,89.0741,165.6062,1.0232,-0.528,1,-6.2442,-0.0833,-6.3275,HOLDING
2021-02-11,11,GPC,SNA,86.8453,165.9032,1.0232,-0.9665,1,-7.4467,-0.0833,-7.5301,HOLDING
2021-02-12,11,GPC,SNA,85.8,165.9556,1.0232,-1.1759,1,-7.9836,-0.0833,-8.067,HOLDING
2021-02-16,11,GPC,SNA,88.0461,164.75,1.0232,-0.3342,1,-6.4896,-0.0833,-6.573,HOLDING
2021-02-17,11,GPC,SNA,85.4718,165.0121,1.0232,-1.072,1,-7.8533,-0.0833,-7.9367,HOLDING
2021-02-18,11,GPC,SNA,87.3205,167.371,1.0232,-0.7976,1,-7.6671,-0.0833,-7.7504,HOLDING
2021-02-19,11,GPC,SNA,88.4262,170.3327,1.0232,-0.888,1,-8.0385,-0.0833,-8.1219,HOLDING
2021-02-22,11,GPC,SNA,90.3354,170.7108,1.0232,-0.2017,1,-7.2054,-0.0833,-7.2887,HOLDING
2021-02-23,11,GPC,SNA,90.5773,173.5332,1.0232,-0.6181,1,-7.9637,-0.0833,-8.047,HOLDING
2021-02-24,11,GPC,SNA,91.8385,181.8418,1.0232,-1.7601,1,-9.9225,-0.0833,-10.0058,HOLDING
2021-02-25,11,GPC,SNA,91.0438,179.424,1.0232,-1.4317,1,-9.5655,-0.0833,-9.6488,HOLDING
2021-02-26,11,GPC,SNA,91.0092,178.5799,1.0232,-1.1609,1,-9.3199,-0.0833,-9.4032,HOLDING
2021-03-01,11,GPC,SNA,93.5663,183.4772,1.0232,-1.1069,1,-9.5712,-0.0833,-9.6545,HOLDING
2021-03-02,11,GPC,SNA,94.3265,184.5587,1.0232,-1.0672,1,-9.5293,-0.0833,-9.6126,HOLDING
2021-03-03,11,GPC,SNA,95.2681,188.4888,1.0232,-1.3223,1,-10.284,-0.0833,-10.3673,HOLDING
2021-03-04,11,GPC,SNA,93.6363,185.4115,1.0232,-1.2348,1,-10.1386,-0.0833,-10.2219,HOLDING
2021-03-05,11,GPC,SNA,98.1271,191.0473,1.0232,-0.6025,1,-9.6567,-0.0833,-9.7401,HOLDING
2021-03-08,11,GPC,SNA,101.7127,191.8738,1.0232,0.6144,1,-8.1283,-0.0833,-8.2116,HOLDING
2021-03-09,11,GPC,SNA,98.7711,191.2584,1.0232,-0.2914,1,-9.4017,-0.0833,-9.485,HOLDING
2021-03-10,11,GPC,SNA,100.2245,192.4541,1.0232,0.2002,1,0.0,-9.2433,-9.2433,PERIOD_END_EXIT
2020-09-09,12,HBAN,RF,7.6326,9.2012,1.0448,0.0,0,0.0,0.0,0.0,HOLD_CASH
2020-09-10,12,HBAN,RF,7.4689,9.0246,1.0448,0.0,0,0.0,0.0,0.0,HOLD_CASH
2020-09-11,12,HBAN,RF,7.5468,9.2494,1.0448,0.0,0,0.0,0.0,0.0,HOLD_CASH
2020-09-14,12,HBAN,RF,7.8899,9.6829,1.0448,0.0,0,0.0,0.0,0.0,HOLD_CASH
2020-09-15,12,HBAN,RF,7.7963,9.6187,1.0448,0.0,0,0.0,0.0,0.0,HOLD_CASH
2020-09-16,12,HBAN,RF,7.828,9.707,1.0448,0.0,0,0.0,0.0,0.0,HOLD_CASH
2020-09-17,12,HBAN,RF,7.7488,9.6588,1.0448,0.0,0,0.0,0.0,0.0,HOLD_CASH
2020-09-18,12,HBAN,RF,7.6697,9.5625,1.0448,0.0,0,0.0,0.0,0.0,HOLD_CASH
2020-09-21,12,HBAN,RF,7.2502,9.0808,1.0448,0.0,0,0.0,0.0,0.0,HOLD_CASH
2020-09-22,12,HBAN,RF,7.0365,8.864,1.0448,0.0,0,0.0,0.0,0.0,HOLD_CASH
2020-09-23,12,HBAN,RF,6.8782,8.6311,1.0448,0.0,0,0.0,0.0,0.0,HOLD_CASH
2020-09-24,12,HBAN,RF,6.8623,8.6392,1.0448,0.0,0,0.0,0.0,0.0,HOLD_CASH
2020-09-25,12,HBAN,RF,6.9811,8.8319,1.0448,0.0,0,0.0,0.0,0.0,HOLD_CASH
2020-09-28,12,HBAN,RF,7.2185,9.2413,1.0448,0.0,0,0.0,0.0,0.0,HOLD_CASH
2020-09-29,12,HBAN,RF,7.1631,9.1289,1.0448,0.0,0,0.0,0.0,0.0,HOLD_CASH
2020-09-30,12,HBAN,RF,7.2581,9.2574,1.0448,0.0,0,0.0,0.0,0.0,HOLD_CASH
2020-10-01,12,HBAN,RF,7.2423,9.2574,1.0448,0.0,0,0.0,0.0,0.0,HOLD_CASH
2020-10-02,12,HBAN,RF,7.3847,9.5946,1.0448,0.0,0,0.0,0.0,0.0,HOLD_CASH
2020-10-05,12,HBAN,RF,7.6538,10.0924,1.0448,0.0,0,0.0,0.0,0.0,HOLD_CASH
2020-10-06,12,HBAN,RF,7.5509,9.9479,1.0448,-1.9157,0,0.0,0.0,0.0,HOLD_CASH
2020-10-07,12,HBAN,RF,7.8201,10.2048,1.0448,-1.4581,0,0.0,0.0,0.0,HOLD_CASH
2020-10-08,12,HBAN,RF,7.9388,10.4698,1.0448,-1.7541,0,0.0,0.0,0.0,HOLD_CASH
2020-10-09,12,HBAN,RF,7.7963,10.269,1.0448,-1.5031,0,0.0,0.0,0.0,HOLD_CASH
2020-10-12,12,HBAN,RF,7.8755,10.3975,1.0448,-1.4618,0,0.0,0.0,0.0,HOLD_CASH
2020-10-13,12,HBAN,RF,7.5668,10.0282,1.0448,-1.4004,0,0.0,0.0,0.0,HOLD_CASH
2020-10-14,12,HBAN,RF,7.4876,9.8355,1.0448,-0.9195,0,0.0,0.0,0.0,HOLD_CASH
2020-10-15,12,HBAN,RF,7.6459,10.0683,1.0448,-0.9657,0,0.0,0.0,0.0,HOLD_CASH
2020-10-16,12,HBAN,RF,7.6538,10.0121,1.0448,-0.6033,0,0.0,0.0,0.0,HOLD_CASH
2020-10-19,12,HBAN,RF,7.5351,9.9077,1.0448,-0.7286,0,0.0,0.0,0.0,HOLD_CASH
2020-10-20,12,HBAN,RF,7.8201,10.3895,1.0448,-1.1894,0,0.0,0.0,0.0,HOLD_CASH
2020-10-21,12,HBAN,RF,7.6697,10.269,1.0448,-1.4264,0,0.0,0.0,0.0,HOLD_CASH
2020-10-22,12,HBAN,RF,8.2158,11.08,1.0448,-1.7971,0,0.0,0.0,0.0,HOLD_CASH
2020-10-23,12,HBAN,RF,8.287,11.0639,1.0448,-1.2107,0,0.0,0.0,0.0,HOLD_CASH
2020-10-26,12,HBAN,RF,8.1367,10.7187,1.0448,-0.3296,0,0.0,0.0,0.0,HOLD_CASH
2020-10-27,12,HBAN,RF,7.8675,10.3574,1.0448,-0.104,0,0.0,0.0,0.0,HOLD_CASH
2020-10-28,12,HBAN,RF,7.7805,10.2209,1.0448,0.2235,0,0.0,0.0,0.0,HOLD_CASH
2020-10-29,12,HBAN,RF,8.0258,10.5982,1.0448,-0.2088,0,0.0,0.0,0.0,HOLD_CASH
2020-10-30,12,HBAN,RF,8.2633,10.6785,1.0448,1.9428,0,0.0,0.0,0.0,HOLD_CASH
2020-11-02,12,HBAN,RF,8.5562,11.0479,1.0448,1.6477,0,0.0,0.0,0.0,HOLD_CASH
2020-11-03,12,HBAN,RF,8.7778,11.2646,1.0448,1.8432,0,0.0,0.0,0.0,HOLD_CASH
2020-11-04,12,HBAN,RF,7.9784,10.542,1.0448,-0.3117,0,0.0,0.0,0.0,HOLD_CASH
2020-11-05,12,HBAN,RF,8.3662,10.9836,1.0448,0.0711,0,0.0,0.0,0.0,HOLD_CASH
2020-11-06,12,HBAN,RF,8.0338,10.4778,1.0448,0.7657,0,0.0,0.0,0.0,HOLD_CASH
2020-11-09,12,HBAN,RF,9.4585,12.2201,1.0448,0.8997,0,0.0,0.0,0.0,HOLD_CASH
2020-11-10,12,HBAN,RF,9.6009,12.2281,1.0448,1.7797,0,0.0,0.0,0.0,HOLD_CASH
2020-11-11,12,HBAN,RF,9.2131,11.9391,1.0448,0.5349,0,0.0,0.0,0.0,HOLD_CASH
2020-11-12,12,HBAN,RF,8.9361,11.5778,1.0448,0.6092,0,0.0,0.0,0.0,HOLD_CASH
2020-11-13,12,HBAN,RF,9.1735,11.9632,1.0448,0.0364,0,0.0,0.0,0.0,HOLD_CASH
2020-11-16,12,HBAN,RF,9.5218,12.5332,1.0448,-0.7537,0,0.0,0.0,0.0,HOLD_CASH
2020-11-17,12,HBAN,RF,9.5139,12.5412,1.0448,-0.8595,0,0.0,0.0,0.0,HOLD_CASH
2020-11-18,12,HBAN,RF,9.3951,12.3726,1.0448,-0.8012,0,0.0,0.0,0.0,HOLD_CASH
2020-11-19,12,HBAN,RF,9.4585,12.4128,1.0448,-0.732,0,0.0,0.0,0.0,HOLD_CASH
2020-11-20,12,HBAN,RF,9.3002,12.1318,1.0448,-0.2197,0,0.0,0.0,0.0,HOLD_CASH
2020-11-23,12,HBAN,RF,9.6405,12.3566,1.0448,1.2469,0,0.0,0.0,0.0,HOLD_CASH
2020-11-24,12,HBAN,RF,10.2341,12.9186,1.0448,2.0552,-1,0.0,-0.0833,-0.0833,ENTER_SHORT_A
2020-11-25,12,HBAN,RF,10.0442,12.6456,1.0448,1.9682,-1,-0.1433,-0.0833,-0.2266,HOLDING
2020-11-27,12,HBAN,RF,9.8621,12.5412,1.0448,1.1421,-1,0.2376,-0.0833,0.1543,HOLDING
2020-11-30,12,HBAN,RF,9.5614,12.2602,1.0448,0.61,-1,0.5091,-0.0833,0.4258,HOLDING
2020-12-01,12,HBAN,RF,9.8938,12.742,1.0448,0.1882,-1,0.7731,-0.0833,0.6898,HOLDING
2020-12-02,12,HBAN,RF,10.155,12.9828,1.0448,0.6696,-1,0.5269,-0.0833,0.4436,HOLDING
2020-12-03,12,HBAN,RF,10.2737,12.995,1.0448,1.2942,-1,0.0942,-0.0833,0.0109,HOLDING
2020-12-04,12,HBAN,RF,10.3766,13.1085,1.0448,1.2186,-1,0.0585,-0.0833,-0.0248,HOLDING
2020-12-07,12,HBAN,RF,10.2975,12.9464,1.0448,1.4141,-1,-0.1607,-0.0833,-0.244,HOLDING
2020-12-08,12,HBAN,RF,10.2104,12.9301,1.0448,0.8668,-1,0.1326,-0.0833,0.0492,HOLDING
2020-12-09,12,HBAN,RF,10.2183,12.8653,1.0448,1.1908,-1,-0.1127,-0.0833,-0.196,HOLDING
2020-12-10,12,HBAN,RF,10.3133,12.8491,1.0448,1.6164,-1,-0.5443,-0.0833,-0.6277,HOLDING
2020-12-11,12,HBAN,RF,10.2341,12.5978,1.0448,1.9818,-1,-1.0575,-0.0833,-1.1408,HOLDING
2020-12-14,12,HBAN,RF,9.9017,12.2816,1.0448,1.4602,-1,-0.7757,-0.0833,-0.8591,HOLDING
2020-12-15,12,HBAN,RF,9.965,12.4681,1.0448,0.9101,-1,-0.4133,-0.0833,-0.4967,HOLDING
2020-12-16,12,HBAN,RF,9.9096,12.6464,1.0448,-0.2583,-1,0.3951,-0.0833,0.3118,HOLDING
2020-12-17,12,HBAN,RF,9.8856,12.614,1.0448,-0.3749,-1,0.384,-0.0833,0.3006,HOLDING
2020-12-18,12,HBAN,RF,9.9257,12.3708,1.0448,1.1577,-1,-0.5771,-0.0833,-0.6605,HOLDING
2020-12-21,12,HBAN,RF,9.8215,12.5978,1.0448,-1.1403,-1,0.5857,-0.0833,0.5024,HOLDING
2020-12-22,12,HBAN,RF,9.7174,12.5086,1.0448,-1.3471,-1,0.7065,-0.0833,0.6232,HOLDING
2020-12-23,12,HBAN,RF,9.9737,12.922,1.0448,-1.7071,-1,1.0484,-0.0833,0.965,HOLDING
2020-12-24,12,HBAN,RF,9.8936,12.9301,1.0448,-1.9555,-1,1.3941,-0.0833,1.3108,HOLDING
2020-12-28,12,HBAN,RF,9.9817,12.9382,1.0448,-1.3023,-1,1.0699,-0.0833,0.9866,HOLDING
2020-12-29,12,HBAN,RF,9.8696,12.768,1.0448,-1.0865,-1,0.9554,-0.0833,0.8721,HOLDING
2020-12-30,12,HBAN,RF,10.0618,12.9139,1.0448,-0.6612,-1,0.6707,-0.0833,0.5874,HOLDING
2020-12-31,12,HBAN,RF,10.1179,13.0679,1.0448,-1.0115,-1,0.9551,-0.0833,0.8718,HOLDING
2021-01-04,12,HBAN,RF,10.0618,12.9301,1.0448,-0.6396,-1,0.7242,-0.0833,0.6408,HOLDING
2021-01-05,12,HBAN,RF,10.2861,13.1733,1.0448,-0.4501,-1,0.6325,-0.0833,0.5492,HOLDING
2021-01-06,12,HBAN,RF,11.2955,13.984,1.0448,1.259,-1,-0.715,-0.0833,-0.7984,HOLDING
2021-01-07,12,HBAN,RF,11.5679,14.3164,1.0448,1.1279,-1,-0.7042,-0.0833,-0.7875,HOLDING
2021-01-08,12,HBAN,RF,11.5599,14.2434,1.0448,1.2766,-1,-0.9127,-0.0833,-0.9961,HOLDING
2021-01-11,12,HBAN,RF,11.8002,14.4947,1.0448,1.3361,-1,-1.0415,-0.0833,-1.1248,HOLDING
2021-01-12,12,HBAN,RF,11.9364,14.8028,1.0448,0.8909,-1,-0.5684,-0.0833,-0.6518,HOLDING
2021-01-13,12,HBAN,RF,11.9124,14.7217,1.0448,1.1142,-1,-0.7399,-0.0833,-0.8233,HOLDING
2021-01-14,12,HBAN,RF,12.0165,15.1189,1.0448,0.1386,-1,0.1546,-0.0833,0.0713,HOLDING
2021-01-15,12,HBAN,RF,11.8243,14.7785,1.0448,0.5137,-1,-0.202,-0.0833,-0.2853,HOLDING
2021-01-19,12,HBAN,RF,11.9204,14.9325,1.0448,0.3363,-1,-0.0771,-0.0833,-0.1605,HOLDING
2021-01-20,12,HBAN,RF,11.7602,14.7136,1.0448,0.4819,-1,-0.1605,-0.0833,-0.2439,HOLDING
2021-01-21,12,HBAN,RF,11.624,14.4218,1.0448,0.9047,-1,-0.5801,-0.0833,-0.6634,HOLDING
2021-01-22,12,HBAN,RF,11.0872,14.3812,1.0448,-1.4062,-1,1.4236,-0.0833,1.3403,HOLDING
2021-01-25,12,HBAN,RF,10.7989,14.365,1.0448,-2.2963,-1,2.5187,-0.0833,2.4353,HOLDING
2021-01-26,12,HBAN,RF,10.8309,14.3893,1.0448,-2.0232,-1,2.4712,-0.0833,2.3879,HOLDING
2021-01-27,12,HBAN,RF,10.6386,13.9029,1.0448,-1.2149,-1,1.6337,-0.0833,1.5503,HOLDING
2021-01-28,12,HBAN,RF,10.8709,14.2758,1.0448,-1.3619,-1,1.9376,-0.0833,1.8543,HOLDING
2021-01-29,12,HBAN,RF,10.5986,13.7894,1.0448,-0.8875,-1,1.4191,-0.0833,1.3358,HOLDING
2021-02-01,12,HBAN,RF,10.5906,14.0407,1.0448,-1.4935,-1,2.2793,-0.0833,2.196,HOLDING
2021-02-02,12,HBAN,RF,10.8389,14.3974,1.0448,-1.4452,-1,2.466,-0.0833,2.3827,HOLDING
2021-02-03,12,HBAN,RF,10.911,14.8676,1.0448,-1.9871,-1,3.7286,-0.0833,3.6453,HOLDING
2021-02-04,12,HBAN,RF,11.3116,15.3865,1.0448,-1.7219,-1,3.8436,-0.0833,3.7603,HOLDING
2021-02-05,12,HBAN,RF,11.2715,15.3459,1.0448,-1.5426,-1,3.8695,-0.0833,3.7862,HOLDING
2021-02-08,12,HBAN,RF,11.3917,15.8404,1.0448,-1.8666,-1,5.0209,-0.0833,4.9376,HOLDING
2021-02-09,12,HBAN,RF,11.4397,15.8485,1.0448,-1.5864,-1,4.8562,-0.0833,4.7729,HOLDING
2021-02-10,12,HBAN,RF,11.4718,15.7918,1.0448,-1.2859,-1,4.5416,-0.0833,4.4583,HOLDING
2021-02-11,12,HBAN,RF,11.4638,15.6783,1.0448,-1.0205,-1,4.1994,-0.0833,4.1161,HOLDING
2021-02-12,12,HBAN,RF,11.5759,15.8566,1.0448,-0.975,-1,4.3406,-0.0833,4.2573,HOLDING
2021-02-16,12,HBAN,RF,12.0566,16.3917,1.0448,-0.7377,-1,4.1901,-0.0833,4.1067,HOLDING
2021-02-17,12,HBAN,RF,11.9925,16.2296,1.0448,-0.5215,-1,3.9109,-0.0833,3.8276,HOLDING
2021-02-18,12,HBAN,RF,11.8563,15.9377,1.0448,-0.2042,-1,3.4913,-0.0833,3.408,HOLDING
2021-02-19,12,HBAN,RF,12.2569,16.5133,1.0448,-0.2368,-1,3.7933,-0.0833,3.71,HOLDING
2021-02-22,12,HBAN,RF,12.4732,16.7889,1.0448,-0.1441,-1,3.8405,-0.0833,3.7571,HOLDING
2021-02-23,12,HBAN,RF,12.5933,17.2348,1.0448,-0.8965,-1,4.8315,-0.0833,4.7482,HOLDING
2021-02-24,12,HBAN,RF,12.9939,18.0049,1.0448,-1.4007,-1,5.7748,-0.0833,5.6915,HOLDING
2021-02-25,12,HBAN,RF,12.5773,17.2834,1.0448,-0.8662,-1,5.0557,-0.0833,4.9723,HOLDING
2021-02-26,12,HBAN,RF,12.2889,16.7241,1.0448,-0.2327,-1,4.3604,-0.0833,4.2771,HOLDING
2021-03-01,12,HBAN,RF,12.6814,17.2834,1.0448,-0.3054,-1,4.6409,-0.0833,4.5576,HOLDING
2021-03-02,12,HBAN,RF,12.6093,17.1132,1.0448,0.1516,-1,4.3669,-0.0833,4.2836,HOLDING
2021-03-03,12,HBAN,RF,12.7615,17.0159,1.0448,1.8692,-1,3.4402,-0.0833,3.3568,HOLDING
2021-03-04,12,HBAN,RF,12.6414,16.5463,1.0448,2.7196,-1,2.3709,-0.0833,2.2876,HOLDING
2021-03-05,12,HBAN,RF,13.0019,17.0771,1.0448,2.0019,-1,2.685,-0.0833,2.6017,HOLDING
2021-03-08,12,HBAN,RF,13.3063,17.412,1.0448,1.8641,-1,2.5764,-0.0833,2.4931,HOLDING
2021-03-09,12,HBAN,RF,12.8657,17.167,1.0448,0.7223,-1,3.5235,-0.0833,3.4401,HOLDING
2021-03-10,12,HBAN,RF,13.098,17.5672,1.0448,0.2936,-1,0.0,3.7239,3.7239,PERIOD_END_EXIT
2020-09-09,13,FITB,RF,17.1518,9.2012,1.0596,0.0,0,0.0,0.0,0.0,HOLD_CASH
2020-09-10,13,FITB,RF,16.7539,9.0246,1.0596,0.0,0,0.0,0.0,0.0,HOLD_CASH
2020-09-11,13,FITB,RF,17.095,9.2494,1.0596,0.0,0,0.0,0.0,0.0,HOLD_CASH
2020-09-14,13,FITB,RF,18.0776,9.6829,1.0596,0.0,0,0.0,0.0,0.0,HOLD_CASH
2020-09-15,13,FITB,RF,17.7609,9.6187,1.0596,0.0,0,0.0,0.0,0.0,HOLD_CASH
2020-09-16,13,FITB,RF,17.9071,9.707,1.0596,0.0,0,0.0,0.0,0.0,HOLD_CASH
2020-09-17,13,FITB,RF,17.7609,9.6588,1.0596,0.0,0,0.0,0.0,0.0,HOLD_CASH
2020-09-18,13,FITB,RF,17.6553,9.5625,1.0596,0.0,0,0.0,0.0,0.0,HOLD_CASH
2020-09-21,13,FITB,RF,16.9407,9.0808,1.0596,0.0,0,0.0,0.0,0.0,HOLD_CASH
2020-09-22,13,FITB,RF,16.3316,8.864,1.0596,0.0,0,0.0,0.0,0.0,HOLD_CASH
2020-09-23,13,FITB,RF,15.8849,8.6311,1.0596,0.0,0,0.0,0.0,0.0,HOLD_CASH
2020-09-24,13,FITB,RF,15.9255,8.6392,1.0596,0.0,0,0.0,0.0,0.0,HOLD_CASH
2020-09-25,13,FITB,RF,16.6239,8.8319,1.0596,0.0,0,0.0,0.0,0.0,HOLD_CASH
2020-09-28,13,FITB,RF,17.3305,9.2413,1.0596,0.0,0,0.0,0.0,0.0,HOLD_CASH
2020-09-29,13,FITB,RF,17.0462,9.1289,1.0596,0.0,0,0.0,0.0,0.0,HOLD_CASH
2020-09-30,13,FITB,RF,17.3142,9.2574,1.0596,0.0,0,0.0,0.0,0.0,HOLD_CASH
2020-10-01,13,FITB,RF,17.2978,9.2574,1.0596,0.0,0,0.0,0.0,0.0,HOLD_CASH
2020-10-02,13,FITB,RF,18.0051,9.5946,1.0596,0.0,0,0.0,0.0,0.0,HOLD_CASH
2020-10-05,13,FITB,RF,18.7125,10.0924,1.0596,0.0,0,0.0,0.0,0.0,HOLD_CASH
2020-10-06,13,FITB,RF,18.5233,9.9479,1.0596,-0.2344,0,0.0,0.0,0.0,HOLD_CASH
2020-10-07,13,FITB,RF,19.1896,10.2048,1.0596,0.8235,0,0.0,0.0,0.0,HOLD_CASH
2020-10-08,13,FITB,RF,19.5021,10.4698,1.0596,-0.5543,0,0.0,0.0,0.0,HOLD_CASH
2020-10-09,13,FITB,RF,19.2307,10.269,1.0596,0.2337,0,0.0,0.0,0.0,HOLD_CASH
2020-10-12,13,FITB,RF,19.3459,10.3975,1.0596,-0.6399,0,0.0,0.0,0.0,HOLD_CASH
2020-10-13,13,FITB,RF,19.0169,10.0282,1.0596,1.786,0,0.0,0.0,0.0,HOLD_CASH
2020-10-14,13,FITB,RF,18.6961,9.8355,1.0596,1.9068,0,0.0,0.0,0.0,HOLD_CASH
2020-10-15,13,FITB,RF,19.2472,10.0683,1.0596,2.0729,-1,0.0,-0.0833,-0.0833,ENTER_SHORT_A
2020-10-16,13,FITB,RF,19.132,10.0121,1.0596,1.8043,-1,0.0028,-0.0833,-0.0806,HOLDING
2020-10-19,13,FITB,RF,18.9593,9.9077,1.0596,1.7406,-1,-0.0786,-0.0833,-0.1619,HOLDING
2020-10-20,13,FITB,RF,19.5351,10.3895,1.0596,-0.1991,-1,0.7624,-0.0833,0.679,HOLDING
2020-10-21,13,FITB,RF,19.3294,10.269,1.0596,-0.0912,-1,0.6818,-0.0833,0.5985,HOLDING
2020-10-22,13,FITB,RF,19.716,11.08,1.0596,-3.491,-1,3.3222,-0.0833,3.2388,HOLDING
2020-10-23,13,FITB,RF,20.0861,11.0639,1.0596,-1.9393,-1,2.4757,-0.0833,2.3924,HOLDING
2020-10-26,13,FITB,RF,19.2883,10.7187,1.0596,-1.9412,-1,2.6828,-0.0833,2.5995,HOLDING
2020-10-27,13,FITB,RF,18.8441,10.3574,1.0596,-1.196,-1,2.078,-0.0833,1.9947,HOLDING
2020-10-28,13,FITB,RF,18.4575,10.2209,1.0596,-1.3399,-1,2.3095,-0.0833,2.2262,HOLDING
2020-10-29,13,FITB,RF,19.0004,10.5982,1.0596,-1.5373,-1,2.7752,-0.0833,2.6918,HOLDING
2020-10-30,13,FITB,RF,19.0991,10.6785,1.0596,-1.46,-1,2.9096,-0.0833,2.8262,HOLDING
2020-11-02,13,FITB,RF,19.8312,11.0479,1.0596,-1.2661,-1,2.9433,-0.0833,2.86,HOLDING
2020-11-03,13,FITB,RF,20.1602,11.2646,1.0596,-1.2738,-1,3.1748,-0.0833,3.0914,HOLDING
2020-11-04,13,FITB,RF,19.0004,10.542,1.0596,-0.8046,-1,2.5358,-0.0833,2.4525,HOLDING
2020-11-05,13,FITB,RF,19.7407,10.9836,1.0596,-0.9032,-1,2.86,-0.0833,2.7767,HOLDING
2020-11-06,13,FITB,RF,19.0909,10.4778,1.0596,-0.2916,-1,2.0721,-0.0833,1.9888,HOLDING
2020-11-09,13,FITB,RF,21.8464,12.2201,1.0596,-1.1434,-1,3.6986,-0.0833,3.6152,HOLDING
2020-11-10,13,FITB,RF,21.6654,12.2281,1.0596,-1.3041,-1,4.1132,-0.0833,4.0298,HOLDING
2020-11-11,13,FITB,RF,21.1554,11.9391,1.0596,-1.1465,-1,3.9544,-0.0833,3.8711,HOLDING
2020-11-12,13,FITB,RF,20.4481,11.5778,1.0596,-1.1143,-1,3.903,-0.0833,3.8196,HOLDING
2020-11-13,13,FITB,RF,20.884,11.9632,1.0596,-1.5239,-1,4.6276,-0.0833,4.5442,HOLDING
2020-11-16,13,FITB,RF,21.5914,12.5332,1.0596,-2.0653,-1,5.5679,-0.0833,5.4846,HOLDING
2020-11-17,13,FITB,RF,21.4269,12.5412,1.0596,-2.1614,-1,5.948,-0.0833,5.8646,HOLDING
2020-11-18,13,FITB,RF,21.139,12.3726,1.0596,-2.0111,-1,5.8352,-0.0833,5.7518,HOLDING
2020-11-19,13,FITB,RF,21.287,12.4128,1.0596,-1.6264,-1,5.6949,-0.0833,5.6115,HOLDING
2020-11-20,13,FITB,RF,20.8018,12.1318,1.0596,-1.4054,-1,5.5184,-0.0833,5.4351,HOLDING
2020-11-23,13,FITB,RF,21.394,12.3566,1.0596,-0.9666,-1,5.2308,-0.0833,5.1474,HOLDING
2020-11-24,13,FITB,RF,22.4221,12.9186,1.0596,-0.8851,-1,5.4626,-0.0833,5.3793,HOLDING
2020-11-25,13,FITB,RF,21.9451,12.6456,1.0596,-0.7574,-1,5.3031,-0.0833,5.2197,HOLDING
2020-11-27,13,FITB,RF,21.6161,12.5412,1.0596,-0.9215,-1,5.5503,-0.0833,5.4669,HOLDING
2020-11-30,13,FITB,RF,20.8429,12.2602,1.0596,-1.2891,-1,5.979,-0.0833,5.8957,HOLDING
2020-12-01,13,FITB,RF,21.5502,12.742,1.0596,-1.4257,-1,6.5433,-0.0833,6.46,HOLDING
2020-12-02,13,FITB,RF,21.871,12.9828,1.0596,-1.4522,-1,6.8946,-0.0833,6.8113,HOLDING
2020-12-03,13,FITB,RF,22.0684,12.995,1.0596,-1.0537,-1,6.5314,-0.0833,6.4481,HOLDING
2020-12-04,13,FITB,RF,22.5373,13.1085,1.0596,-0.4955,-1,6.0291,-0.0833,5.9458,HOLDING
2020-12-07,13,FITB,RF,22.5208,12.9464,1.0596,0.2373,-1,5.3733,-0.0833,5.29,HOLDING
2020-12-08,13,FITB,RF,22.4221,12.9301,1.0596,0.1802,-1,5.5117,-0.0833,5.4284,HOLDING
2020-12-09,13,FITB,RF,22.8087,12.8653,1.0596,1.6428,-1,4.4229,-0.0833,4.3396,HOLDING
2020-12-10,13,FITB,RF,22.8498,12.8491,1.0596,1.8579,-1,4.2674,-0.0833,4.1841,HOLDING
2020-12-11,13,FITB,RF,22.4879,12.5978,1.0596,2.0843,-1,3.9581,-0.0833,3.8748,HOLDING
2020-12-14,13,FITB,RF,21.8957,12.2816,1.0596,1.8707,-1,3.8568,-0.0833,3.7735,HOLDING
2020-12-15,13,FITB,RF,22.2823,12.4681,1.0596,1.6993,-1,3.8381,-0.0833,3.7547,HOLDING
2020-12-16,13,FITB,RF,22.4139,12.6464,1.0596,1.0968,-1,4.3208,-0.0833,4.2375,HOLDING
2020-12-17,13,FITB,RF,22.3152,12.614,1.0596,0.9142,-1,4.3903,-0.0833,4.3069,HOLDING
2020-12-18,13,FITB,RF,21.9039,12.3708,1.0596,0.9236,-1,4.2192,-0.0833,4.1359,HOLDING
2020-12-21,13,FITB,RF,22.3481,12.5978,1.0596,0.8753,-1,4.2521,-0.0833,4.1687,HOLDING
2020-12-22,13,FITB,RF,22.1507,12.5086,1.0596,0.7433,-1,4.2873,-0.0833,4.204,HOLDING
2020-12-23,13,FITB,RF,22.8087,12.922,1.0596,0.4446,-1,4.6645,-0.0833,4.5812,HOLDING
2020-12-24,13,FITB,RF,22.6853,12.9301,1.0596,0.1209,-1,4.9584,-0.0833,4.8751,HOLDING
2020-12-28,13,FITB,RF,22.6442,12.9382,1.0596,-0.0354,-1,5.0794,-0.0833,4.9961,HOLDING
2020-12-29,13,FITB,RF,22.4386,12.768,1.0596,0.1405,-1,4.7868,-0.0833,4.7034,HOLDING
2020-12-30,13,FITB,RF,22.6629,12.9139,1.0596,-0.0725,-1,4.9366,-0.0833,4.8532,HOLDING
2020-12-31,13,FITB,RF,22.9038,13.0679,1.0596,-0.3744,-1,5.086,-0.0833,5.0027,HOLDING
2021-01-04,13,FITB,RF,22.6213,12.9301,1.0596,-0.7124,-1,5.0929,-0.0833,5.0096,HOLDING
2021-01-05,13,FITB,RF,22.937,13.1733,1.0596,-1.4703,-1,5.4649,-0.0833,5.3816,HOLDING
2021-01-06,13,FITB,RF,25.1385,13.984,1.0596,1.3058,-1,4.2889,-0.0833,4.2056,HOLDING
2021-01-07,13,FITB,RF,26.1188,14.3164,1.0596,2.3182,-1,3.6435,-0.0833,3.5601,HOLDING
2021-01-08,13,FITB,RF,25.9028,14.2434,1.0596,1.7663,-1,3.7869,-0.0833,3.7036,HOLDING
2021-01-11,13,FITB,RF,26.069,14.4947,1.0596,0.6623,-1,4.5077,-0.0833,4.4244,HOLDING
2021-01-12,13,FITB,RF,26.4345,14.8028,1.0596,-0.034,-1,5.051,-0.0833,4.9677,HOLDING
2021-01-13,13,FITB,RF,26.3348,14.7217,1.0596,0.1849,-1,4.9154,-0.0833,4.8321,HOLDING
2021-01-14,13,FITB,RF,27.0326,15.1189,1.0596,0.0491,-1,5.1399,-0.0833,5.0565,HOLDING
2021-01-15,13,FITB,RF,26.476,14.7785,1.0596,0.3534,-1,4.8601,-0.0833,4.7768,HOLDING
2021-01-19,13,FITB,RF,26.6422,14.9325,1.0596,-0.0815,-1,5.1667,-0.0833,5.0834,HOLDING
2021-01-20,13,FITB,RF,26.0274,14.7136,1.0596,-0.7383,-1,5.5271,-0.0833,5.4437,HOLDING
2021-01-21,13,FITB,RF,25.4874,14.4218,1.0596,-0.6542,-1,5.4195,-0.0833,5.3362,HOLDING
2021-01-22,13,FITB,RF,25.6702,14.3812,1.0596,0.274,-1,4.8627,-0.0833,4.7793,HOLDING
2021-01-25,13,FITB,RF,25.2548,14.365,1.0596,-1.0315,-1,5.6668,-0.0833,5.5835,HOLDING
2021-01-26,13,FITB,RF,24.7148,14.3893,1.0596,-2.4642,-1,6.9056,-0.0833,6.8222,HOLDING
2021-01-27,13,FITB,RF,23.6266,13.9029,1.0596,-2.4521,-1,7.1221,-0.0833,7.0388,HOLDING
2021-01-28,13,FITB,RF,24.5902,14.2758,1.0596,-1.5384,-1,6.6843,-0.0833,6.6009,HOLDING
2021-01-29,13,FITB,RF,24.0336,13.7894,1.0596,-0.7176,-1,5.7832,-0.0833,5.6998,HOLDING
2021-02-01,13,FITB,RF,24.4988,14.0407,1.0596,-0.6833,-1,5.8753,-0.0833,5.7919,HOLDING
2021-02-02,13,FITB,RF,25.1884,14.3974,1.0596,-0.5963,-1,5.9446,-0.0833,5.8613,HOLDING
2021-02-03,13,FITB,RF,25.7782,14.8676,1.0596,-1.1284,-1,6.7068,-0.0833,6.6235,HOLDING
2021-02-04,13,FITB,RF,26.6588,15.3865,1.0596,-1.1495,-1,7.0649,-0.0833,6.9816,HOLDING
2021-02-05,13,FITB,RF,26.6671,15.3459,1.0596,-0.9126,-1,6.8748,-0.0833,6.7915,HOLDING
2021-02-08,13,FITB,RF,27.0576,15.8404,1.0596,-1.8167,-1,8.1597,-0.0833,8.0764,HOLDING
2021-02-09,13,FITB,RF,27.0243,15.8485,1.0596,-1.7035,-1,8.2641,-0.0833,8.1807,HOLDING
2021-02-10,13,FITB,RF,27.0908,15.7918,1.0596,-1.2219,-1,7.8828,-0.0833,7.7994,HOLDING
2021-02-11,13,FITB,RF,26.7917,15.6783,1.0596,-1.28,-1,8.0282,-0.0833,7.9448,HOLDING
2021-02-12,13,FITB,RF,27.0077,15.8566,1.0596,-1.3555,-1,8.3335,-0.0833,8.2502,HOLDING
2021-02-16,13,FITB,RF,27.8052,16.3917,1.0596,-1.5429,-1,8.9353,-0.0833,8.852,HOLDING
2021-02-17,13,FITB,RF,27.8551,16.2296,1.0596,-0.7746,-1,8.1401,-0.0833,8.0568,HOLDING
2021-02-18,13,FITB,RF,27.5975,15.9377,1.0596,-0.1121,-1,7.4388,-0.0833,7.3555,HOLDING
2021-02-19,13,FITB,RF,28.6941,16.5133,1.0596,0.0564,-1,7.5845,-0.0833,7.5011,HOLDING
2021-02-22,13,FITB,RF,28.9766,16.7889,1.0596,-0.3889,-1,8.1644,-0.0833,8.081,HOLDING
2021-02-23,13,FITB,RF,29.1427,17.2348,1.0596,-1.9633,-1,9.7136,-0.0833,9.6303,HOLDING
2021-02-24,13,FITB,RF,30.1147,18.0049,1.0596,-2.3924,-1,10.9497,-0.0833,10.8664,HOLDING
2021-02-25,13,FITB,RF,29.3255,17.2834,1.0596,-1.1791,-1,9.5366,-0.0833,9.4532,HOLDING
2021-02-26,13,FITB,RF,28.8187,16.7241,1.0596,-0.0299,-1,8.22,-0.0833,8.1367,HOLDING
2021-03-01,13,FITB,RF,29.907,17.2834,1.0596,0.1913,-1,8.3141,-0.0833,8.2308,HOLDING
2021-03-02,13,FITB,RF,30.0316,17.1132,1.0596,1.2605,-1,7.3272,-0.0833,7.2439,HOLDING
2021-03-03,13,FITB,RF,29.8323,17.0159,1.0596,1.3033,-1,7.3321,-0.0833,7.2488,HOLDING
2021-03-04,13,FITB,RF,29.5415,16.5463,1.0596,2.3308,-1,5.9437,-0.0833,5.8604,HOLDING
2021-03-05,13,FITB,RF,30.5467,17.0771,1.0596,2.0072,-1,6.091,-0.0833,6.0077,HOLDING
2021-03-08,13,FITB,RF,31.3525,17.412,1.0596,2.0039,-1,5.8229,-0.0833,5.7395,HOLDING
2021-03-09,13,FITB,RF,30.4969,17.167,1.0596,1.2178,-1,6.5784,-0.0833,6.495,HOLDING
2021-03-10,13,FITB,RF,31.5851,17.5672,1.0596,1.533,-1,0.0,5.7701,5.7701,PERIOD_END_EXIT
2020-09-09,14,AEE,LNT,66.7901,45.4077,0.7522,0.0,0,0.0,0.0,0.0,HOLD_CASH
2020-09-10,14,AEE,LNT,65.154,43.9723,0.7522,0.0,0,0.0,0.0,0.0,HOLD_CASH
2020-09-11,14,AEE,LNT,65.2733,43.7866,0.7522,0.0,0,0.0,0.0,0.0,HOLD_CASH
2020-09-14,14,AEE,LNT,65.5971,44.1834,0.7522,0.0,0,0.0,0.0,0.0,HOLD_CASH
2020-09-15,14,AEE,LNT,66.0402,44.5464,0.7522,0.0,0,0.0,0.0,0.0,HOLD_CASH
2020-09-16,14,AEE,LNT,66.4152,44.7998,0.7522,0.0,0,0.0,0.0,0.0,HOLD_CASH
2020-09-17,14,AEE,LNT,66.1425,44.0567,0.7522,0.0,0,0.0,0.0,0.0,HOLD_CASH
2020-09-18,14,AEE,LNT,65.4949,43.0436,0.7522,0.0,0,0.0,0.0,0.0,HOLD_CASH
2020-09-21,14,AEE,LNT,65.2904,42.0726,0.7522,0.0,0,0.0,0.0,0.0,HOLD_CASH
2020-09-22,14,AEE,LNT,65.6653,42.2246,0.7522,0.0,0,0.0,0.0,0.0,HOLD_CASH
2020-09-23,14,AEE,LNT,64.4297,42.0726,0.7522,0.0,0,0.0,0.0,0.0,HOLD_CASH
2020-09-24,14,AEE,LNT,65.3585,42.157,0.7522,0.0,0,0.0,0.0,0.0,HOLD_CASH
2020-09-25,14,AEE,LNT,66.6452,43.356,0.7522,0.0,0,0.0,0.0,0.0,HOLD_CASH
2020-09-28,14,AEE,LNT,66.8242,43.4742,0.7522,0.0,0,0.0,0.0,0.0,HOLD_CASH
2020-09-29,14,AEE,LNT,67.3355,43.128,0.7522,0.0,0,0.0,0.0,0.0,HOLD_CASH
2020-09-30,14,AEE,LNT,67.3866,43.6093,0.7522,0.0,0,0.0,0.0,0.0,HOLD_CASH
2020-10-01,14,AEE,LNT,68.0513,44.1834,0.7522,0.0,0,0.0,0.0,0.0,HOLD_CASH
2020-10-02,14,AEE,LNT,68.0086,44.8251,0.7522,0.0,0,0.0,0.0,0.0,HOLD_CASH
2020-10-05,14,AEE,LNT,68.7841,45.0108,0.7522,0.0,0,0.0,0.0,0.0,HOLD_CASH
2020-10-06,14,AEE,LNT,69.2783,45.9227,0.7522,0.3284,0,0.0,0.0,0.0,HOLD_CASH
2020-10-07,14,AEE,LNT,68.7585,45.661,0.7522,0.0465,0,0.0,0.0,0.0,HOLD_CASH
2020-10-08,14,AEE,LNT,69.6447,46.5897,0.7522,-0.2072,0,0.0,0.0,0.0,HOLD_CASH
2020-10-09,14,AEE,LNT,69.9174,46.2182,0.7522,0.4494,0,0.0,0.0,0.0,HOLD_CASH
2020-10-12,14,AEE,LNT,70.335,46.2013,0.7522,0.8727,0,0.0,0.0,0.0,HOLD_CASH
2020-10-13,14,AEE,LNT,69.1505,45.661,0.7522,0.0633,0,0.0,0.0,0.0,HOLD_CASH
2020-10-14,14,AEE,LNT,69.3209,45.6356,0.7522,0.2588,0,0.0,0.0,0.0,HOLD_CASH
2020-10-15,14,AEE,LNT,69.1505,46.0578,0.7522,-1.1339,0,0.0,0.0,0.0,HOLD_CASH
2020-10-16,14,AEE,LNT,70.2072,46.3449,0.7522,0.2981,0,0.0,0.0,0.0,HOLD_CASH
2020-10-19,14,AEE,LNT,69.568,46.2013,0.7522,-0.6986,0,0.0,0.0,0.0,HOLD_CASH
2020-10-20,14,AEE,LNT,69.9941,46.5559,0.7522,-0.5762,0,0.0,0.0,0.0,HOLD_CASH
2020-10-21,14,AEE,LNT,70.1219,46.9781,0.7522,-1.3896,0,0.0,0.0,0.0,HOLD_CASH
2020-10-22,14,AEE,LNT,70.7525,47.6705,0.7522,-1.5113,0,0.0,0.0,0.0,HOLD_CASH
2020-10-23,14,AEE,LNT,71.0593,47.8478,0.7522,-1.1636,0,0.0,0.0,0.0,HOLD_CASH
2020-10-26,14,AEE,LNT,71.6302,47.9828,0.7522,-0.2871,0,0.0,0.0,0.0,HOLD_CASH
2020-10-27,14,AEE,LNT,71.741,48.2615,0.7522,-0.639,0,0.0,0.0,0.0,HOLD_CASH
2020-10-28,14,AEE,LNT,69.338,46.8768,0.7522,-2.2882,1,0.0,-0.0833,-0.0833,ENTER_LONG_A
2020-10-29,14,AEE,LNT,69.3124,47.2424,0.7522,-2.6062,1,-0.2965,-0.0833,-0.3798,HOLDING
2020-10-30,14,AEE,LNT,69.1249,46.9958,0.7522,-2.0303,1,-0.2369,-0.0833,-0.3203,HOLDING
2020-11-02,14,AEE,LNT,70.9059,48.1945,0.7522,-1.1407,1,0.0698,-0.0833,-0.0135,HOLDING
2020-11-03,14,AEE,LNT,71.8518,47.982,0.7522,0.8158,1,0.8808,-0.0833,0.7975,HOLDING
2020-11-04,14,AEE,LNT,71.1104,47.0468,0.7522,1.2208,1,1.086,-0.0833,1.0026,HOLDING
2020-11-05,14,AEE,LNT,70.2753,46.6558,0.7522,0.5453,1,0.8116,-0.0833,0.7283,HOLDING
2020-11-06,14,AEE,LNT,69.747,46.3922,0.7522,0.2079,1,0.6504,-0.0833,0.567,HOLDING
2020-11-09,14,AEE,LNT,70.7611,48.1435,0.7522,-1.2188,1,0.0094,-0.0833,-0.0739,HOLDING
2020-11-10,14,AEE,LNT,70.2668,48.424,0.7522,-2.1085,1,-0.5437,-0.0833,-0.627,HOLDING
2020-11-11,14,AEE,LNT,70.1901,48.8151,0.7522,-2.3063,1,-0.8947,-0.0833,-0.9781,HOLDING
2020-11-12,14,AEE,LNT,69.3124,47.7184,0.7522,-1.653,1,-0.6598,-0.0833,-0.7432,HOLDING
2020-11-13,14,AEE,LNT,69.9771,47.7779,0.7522,-0.848,1,-0.2493,-0.0833,-0.3327,HOLDING
2020-11-16,14,AEE,LNT,71.8603,47.982,0.7522,1.1084,1,0.8866,-0.0833,0.8033,HOLDING
2020-11-17,14,AEE,LNT,68.6818,46.5282,0.7522,-0.6715,1,-0.1841,-0.0833,-0.2674,HOLDING
2020-11-18,14,AEE,LNT,67.3696,45.1085,0.7522,-0.2936,1,-0.0007,-0.0833,-0.084,HOLDING
2020-11-19,14,AEE,LNT,66.7645,44.6069,0.7522,-0.3113,1,-0.0329,-0.0833,-0.1162,HOLDING
2020-11-20,14,AEE,LNT,66.8498,44.947,0.7522,-0.6253,1,-0.2339,-0.0833,-0.3173,HOLDING
2020-11-23,14,AEE,LNT,67.5741,44.845,0.7522,0.4715,1,0.3407,-0.0833,0.2574,HOLDING
2020-11-24,14,AEE,LNT,67.3781,45.372,0.7522,-0.4774,1,-0.1959,-0.0833,-0.2793,HOLDING
2020-11-25,14,AEE,LNT,68.6648,45.4911,0.7522,0.9326,1,0.5958,-0.0833,0.5125,HOLDING
2020-11-27,14,AEE,LNT,67.3099,44.8534,0.7522,0.0935,1,0.1531,-0.0833,0.0697,HOLDING
2020-11-30,14,AEE,LNT,66.2788,44.7174,0.7522,-1.0117,1,-0.4504,-0.0833,-0.5337,HOLDING
2020-12-01,14,AEE,LNT,66.9009,45.372,0.7522,-1.0587,1,-0.5232,-0.0833,-0.6066,HOLDING
2020-12-02,14,AEE,LNT,66.8838,45.7546,0.7522,-1.4441,1,-0.8269,-0.0833,-0.9102,HOLDING
2020-12-03,14,AEE,LNT,66.3896,45.3635,0.7522,-1.4205,1,-0.8675,-0.0833,-0.9508,HOLDING
2020-12-04,14,AEE,LNT,65.6823,44.9555,0.7522,-1.598,1,-1.0412,-0.0833,-1.1245,HOLDING
2020-12-07,14,AEE,LNT,66.6367,45.3465,0.7522,-0.8302,1,-0.685,-0.0833,-0.7683,HOLDING
2020-12-08,14,AEE,LNT,66.2722,44.8534,0.7522,-0.5235,1,-0.5587,-0.0833,-0.6421,HOLDING
2020-12-09,14,AEE,LNT,66.7354,44.4624,0.7522,0.6564,1,0.0574,-0.0833,-0.0259,HOLDING
2020-12-10,14,AEE,LNT,66.3408,44.0883,0.7522,0.6196,1,0.0722,-0.0833,-0.0111,HOLDING
2020-12-11,14,AEE,LNT,66.4523,43.9608,0.7522,0.8873,1,0.246,-0.0833,0.1627,HOLDING
2020-12-14,14,AEE,LNT,66.255,43.6463,0.7522,1.0212,1,0.3508,-0.0833,0.2674,HOLDING
2020-12-15,14,AEE,LNT,67.5331,44.5304,0.7522,1.485,1,0.5527,-0.0833,0.4694,HOLDING
2020-12-16,14,AEE,LNT,66.9069,43.9013,0.7522,1.4426,1,0.6033,-0.0833,0.5199,HOLDING
2020-12-17,14,AEE,LNT,67.5417,43.9778,0.7522,1.8664,1,0.9803,-0.0833,0.8969,HOLDING
2020-12-18,14,AEE,LNT,67.6446,43.3997,0.7522,2.2523,1,1.4921,-0.0833,1.4087,HOLDING
2020-12-21,14,AEE,LNT,66.1178,42.7961,0.7522,1.2672,1,0.9054,-0.0833,0.8221,HOLDING
2020-12-22,14,AEE,LNT,65.6631,42.6601,0.7522,0.9243,1,0.6974,-0.0833,0.6141,HOLDING
2020-12-23,14,AEE,LNT,64.9512,42.116,0.7522,0.7726,1,0.6243,-0.0833,0.541,HOLDING
2020-12-24,14,AEE,LNT,65.5945,42.5241,0.7522,0.9102,1,0.7541,-0.0833,0.6708,HOLDING
2020-12-28,14,AEE,LNT,65.8347,42.7706,0.7522,0.8091,1,0.7307,-0.0833,0.6474,HOLDING
2020-12-29,14,AEE,LNT,65.6803,42.9151,0.7522,0.4478,1,0.5145,-0.0833,0.4312,HOLDING
2020-12-30,14,AEE,LNT,66.0234,43.1532,0.7522,0.4474,1,0.5682,-0.0833,0.4849,HOLDING
2020-12-31,14,AEE,LNT,66.9584,43.8078,0.7522,0.547,1,0.71,-0.0833,0.6266,HOLDING
2021-01-04,14,AEE,LNT,65.3029,42.9236,0.7522,-0.2176,1,0.2491,-0.0833,0.1658,HOLDING
2021-01-05,14,AEE,LNT,64.9855,42.7196,0.7522,-0.5025,1,0.1872,-0.0833,0.1038,HOLDING
2021-01-06,14,AEE,LNT,65.5259,43.3572,0.7522,-0.9671,1,0.0712,-0.0833,-0.0121,HOLDING
2021-01-07,14,AEE,LNT,63.6817,41.7504,0.7522,-1.235,1,0.0325,-0.0833,-0.0508,HOLDING
2021-01-08,14,AEE,LNT,64.3336,41.9545,0.7522,-0.5036,1,0.3239,-0.0833,0.2406,HOLDING
2021-01-11,14,AEE,LNT,64.3679,41.2744,0.7522,1.0264,1,0.8665,-0.0833,0.7832,HOLDING
2021-01-12,14,AEE,LNT,63.6817,40.8323,0.7522,0.6127,1,0.7332,-0.0833,0.6498,HOLDING
2021-01-13,14,AEE,LNT,64.7625,41.4444,0.7522,1.2199,1,1.0074,-0.0833,0.924,HOLDING
2021-01-14,14,AEE,LNT,63.4672,40.8833,0.7522,-0.0776,1,0.5472,-0.0833,0.4638,HOLDING
2021-01-15,14,AEE,LNT,63.8103,42.0565,0.7522,-1.8372,1,-0.1128,-0.0833,-0.1961,HOLDING
2021-01-19,14,AEE,LNT,62.6094,42.1925,0.7522,-2.9752,1,-1.0403,-0.0833,-1.1237,HOLDING
2021-01-20,14,AEE,LNT,62.2234,42.4391,0.7522,-2.8997,1,-1.4932,-0.0833,-1.5766,HOLDING
2021-01-21,14,AEE,LNT,61.5372,42.2945,0.7522,-2.6236,1,-1.8536,-0.0833,-1.937,HOLDING
2021-01-22,14,AEE,LNT,62.5151,42.0055,0.7522,-1.3118,1,-0.9623,-0.0833,-1.0456,HOLDING
2021-01-25,14,AEE,LNT,64.4022,42.9321,0.7522,-0.5456,1,-0.3751,-0.0833,-0.4584,HOLDING
2021-01-26,14,AEE,LNT,64.5137,42.371,0.7522,0.1111,1,0.1296,-0.0833,0.0463,HOLDING
2021-01-27,14,AEE,LNT,64.4108,41.6399,0.7522,0.7406,1,0.6169,-0.0833,0.5336,HOLDING
2021-01-28,14,AEE,LNT,63.3986,41.9682,0.7522,-0.3921,1,-0.3279,-0.0833,-0.4112,HOLDING
2021-01-29,14,AEE,LNT,62.3778,41.7025,0.7522,-0.922,1,-0.8252,-0.0833,-0.9085,HOLDING
2021-02-01,14,AEE,LNT,62.4808,41.9597,0.7522,-0.9792,1,-0.9509,-0.0833,-1.0342,HOLDING
2021-02-02,14,AEE,LNT,62.4207,42.0197,0.7522,-0.9889,1,-1.0378,-0.0833,-1.1212,HOLDING
2021-02-03,14,AEE,LNT,62.395,42.0968,0.7522,-0.9841,1,-1.1144,-0.0833,-1.1977,HOLDING
2021-02-04,14,AEE,LNT,63.4158,42.3968,0.7522,-0.3827,1,-0.6432,-0.0833,-0.7265,HOLDING
2021-02-05,14,AEE,LNT,63.6474,42.5854,0.7522,-0.3278,1,-0.6282,-0.0833,-0.7116,HOLDING
2021-02-08,14,AEE,LNT,62.2663,42.054,0.7522,-0.8805,1,-1.1699,-0.0833,-1.2533,HOLDING
2021-02-09,14,AEE,LNT,62.841,41.8654,0.7522,-0.1555,1,-0.6318,-0.0833,-0.7151,HOLDING
2021-02-10,14,AEE,LNT,62.9954,42.1054,0.7522,-0.1769,1,-0.7091,-0.0833,-0.7924,HOLDING
2021-02-11,14,AEE,LNT,62.2406,41.7539,0.7522,-0.4459,1,-0.9586,-0.0833,-1.0419,HOLDING
2021-02-12,14,AEE,LNT,62.8582,41.3939,0.7522,0.8362,1,-0.2602,-0.0833,-0.3436,HOLDING
2021-02-16,14,AEE,LNT,62.3264,40.991,0.7522,0.7772,1,-0.3176,-0.0833,-0.4009,HOLDING
2021-02-17,14,AEE,LNT,62.8753,41.3425,0.7522,0.873,1,-0.2092,-0.0833,-0.2926,HOLDING
2021-02-18,14,AEE,LNT,63.553,41.6682,0.7522,1.1372,1,0.007,-0.0833,-0.0763,HOLDING
2021-02-19,14,AEE,LNT,62.0433,40.8282,0.7522,0.3684,1,-0.3874,-0.0833,-0.4708,HOLDING
2021-02-22,14,AEE,LNT,60.9024,40.3996,0.7522,-0.6475,1,-0.8429,-0.0833,-0.9262,HOLDING
2021-02-23,14,AEE,LNT,61.6401,41.3425,0.7522,-1.047,1,-1.0565,-0.0833,-1.1398,HOLDING
2021-02-24,14,AEE,LNT,61.2456,40.7424,0.7522,-0.551,1,-0.8692,-0.0833,-0.9525,HOLDING
2021-02-25,14,AEE,LNT,61.2541,40.6053,0.7522,-0.1827,1,-0.7586,-0.0833,-0.842,HOLDING
2021-02-26,14,AEE,LNT,60.2763,39.5681,0.7522,0.2928,1,-0.6378,-0.0833,-0.7212,HOLDING
2021-03-01,14,AEE,LNT,61.3228,40.3653,0.7522,0.5307,1,-0.5284,-0.0833,-0.6117,HOLDING
2021-03-02,14,AEE,LNT,61.683,40.3824,0.7522,1.1281,1,-0.2944,-0.0833,-0.3777,HOLDING
2021-03-03,14,AEE,LNT,61.014,40.211,0.7522,0.0794,1,-0.6224,-0.0833,-0.7058,HOLDING
2021-03-04,14,AEE,LNT,61.0569,40.4596,0.7522,-0.5301,1,-0.7827,-0.0833,-0.8661,HOLDING
2021-03-05,14,AEE,LNT,62.4979,41.4796,0.7522,0.1077,1,-0.5728,-0.0833,-0.6561,HOLDING
2021-03-08,14,AEE,LNT,63.6388,42.6111,0.7522,-0.193,1,-0.6538,-0.0833,-0.7371,HOLDING
2021-03-09,14,AEE,LNT,64.5721,42.7568,0.7522,1.4042,1,-0.1248,-0.0833,-0.2081,HOLDING
2021-03-10,14,AEE,LNT,65.8425,43.194,0.7522,2.4505,1,0.0,0.2515,0.2515,PERIOD_END_EXIT
2020-09-09,15,ADM,AME,39.4758,95.84,0.8354,0.0,0,0.0,0.0,0.0,HOLD_CASH
2020-09-10,15,ADM,AME,39.4501,94.6438,0.8354,0.0,0,0.0,0.0,0.0,HOLD_CASH
2020-09-11,15,ADM,AME,40.1959,96.5573,0.8354,0.0,0,0.0,0.0,0.0,HOLD_CASH
2020-09-14,15,ADM,AME,40.7188,97.9876,0.8354,0.0,0,0.0,0.0,0.0,HOLD_CASH
2020-09-15,15,ADM,AME,40.6931,98.8864,0.8354,0.0,0,0.0,0.0,0.0,HOLD_CASH
2020-09-16,15,ADM,AME,40.856,98.9058,0.8354,0.0,0,0.0,0.0,0.0,HOLD_CASH
2020-09-17,15,ADM,AME,40.9502,98.8961,0.8354,0.0,0,0.0,0.0,0.0,HOLD_CASH
2020-09-18,15,ADM,AME,40.8388,97.3305,0.8354,0.0,0,0.0,0.0,0.0,HOLD_CASH
2020-09-21,15,ADM,AME,39.8701,93.0105,0.8354,0.0,0,0.0,0.0,0.0,HOLD_CASH
2020-09-22,15,ADM,AME,40.2902,93.9769,0.8354,0.0,0,0.0,0.0,0.0,HOLD_CASH
2020-09-23,15,ADM,AME,38.7129,92.1213,0.8354,0.0,0,0.0,0.0,0.0,HOLD_CASH
2020-09-24,15,ADM,AME,38.9786,93.0008,0.8354,0.0,0,0.0,0.0,0.0,HOLD_CASH
2020-09-25,15,ADM,AME,39.5015,94.2185,0.8354,0.0,0,0.0,0.0,0.0,HOLD_CASH
2020-09-28,15,ADM,AME,39.8616,96.1514,0.8354,0.0,0,0.0,0.0,0.0,HOLD_CASH
2020-09-29,15,ADM,AME,39.4158,96.538,0.8354,0.0,0,0.0,0.0,0.0,HOLD_CASH
2020-09-30,15,ADM,AME,39.853,96.0644,0.8354,0.0,0,0.0,0.0,0.0,HOLD_CASH
2020-10-01,15,ADM,AME,39.9473,96.4993,0.8354,0.0,0,0.0,0.0,0.0,HOLD_CASH
2020-10-02,15,ADM,AME,40.0673,97.3981,0.8354,0.0,0,0.0,0.0,0.0,HOLD_CASH
2020-10-05,15,ADM,AME,40.9588,100.0268,0.8354,0.0,0,0.0,0.0,0.0,HOLD_CASH
2020-10-06,15,ADM,AME,40.8045,100.829,0.8354,-1.6629,0,0.0,0.0,0.0,HOLD_CASH
2020-10-07,15,ADM,AME,41.4132,102.9649,0.8354,-1.7226,0,0.0,0.0,0.0,HOLD_CASH
2020-10-08,15,ADM,AME,41.8761,102.9262,0.8354,-0.7422,0,0.0,0.0,0.0,HOLD_CASH
2020-10-09,15,ADM,AME,41.979,103.3514,0.8354,-0.7568,0,0.0,0.0,0.0,HOLD_CASH
2020-10-12,15,ADM,AME,42.8533,104.0182,0.8354,0.437,0,0.0,0.0,0.0,HOLD_CASH
2020-10-13,15,ADM,AME,41.8589,102.5976,0.8354,-0.4926,0,0.0,0.0,0.0,HOLD_CASH
2020-10-14,15,ADM,AME,41.8761,104.2792,0.8354,-1.3693,0,0.0,0.0,0.0,HOLD_CASH
2020-10-15,15,ADM,AME,42.8105,105.352,0.8354,-0.3369,0,0.0,0.0,0.0,HOLD_CASH
2020-10-16,15,ADM,AME,42.6819,106.1637,0.8354,-0.9356,0,0.0,0.0,0.0,HOLD_CASH
2020-10-19,15,ADM,AME,43.1276,103.9409,0.8354,1.3453,0,0.0,0.0,0.0,HOLD_CASH
2020-10-20,15,ADM,AME,43.6077,105.0523,0.8354,1.8412,0,0.0,0.0,0.0,HOLD_CASH
2020-10-21,15,ADM,AME,43.5563,103.5544,0.8354,2.3712,-1,0.0,-0.0833,-0.0833,ENTER_SHORT_A
2020-10-22,15,ADM,AME,44.3021,103.4191,0.8354,2.8042,-1,-0.827,-0.0833,-0.9103,HOLDING
2020-10-23,15,ADM,AME,44.4649,104.1439,0.8354,2.2051,-1,-0.7313,-0.0833,-0.8146,HOLDING
2020-10-26,15,ADM,AME,43.882,101.5732,0.8354,2.1436,-1,-1.0652,-0.0833,-1.1486,HOLDING
2020-10-27,15,ADM,AME,43.1705,99.1474,0.8354,1.9595,-1,-1.2121,-0.0833,-1.2954,HOLDING
2020-10-28,15,ADM,AME,42.4504,94.8951,0.8354,2.2438,-1,-2.019,-0.0833,-2.1023,HOLDING
2020-10-29,15,ADM,AME,42.7933,95.5909,0.8354,1.9446,-1,-2.1216,-0.0833,-2.2049,HOLDING
2020-10-30,15,ADM,AME,39.6387,94.9047,0.8354,-0.3272,-1,0.9155,-0.0833,0.8322,HOLDING
2020-11-02,15,ADM,AME,41.6275,98.8381,0.8354,0.116,-1,0.2831,-0.0833,0.1998,HOLDING
2020-11-03,15,ADM,AME,41.0617,101.7568,0.8354,-1.1182,-1,1.9419,-0.0833,1.8586,HOLDING
2020-11-04,15,ADM,AME,39.8701,101.8534,0.8354,-1.9087,-1,3.2194,-0.0833,3.1361,HOLDING
2020-11-05,15,ADM,AME,41.0703,105.3906,0.8354,-1.6881,-1,3.264,-0.0833,3.1807,HOLDING
2020-11-06,15,ADM,AME,41.3789,106.618,0.8354,-1.5869,-1,3.3919,-0.0833,3.3085,HOLDING
2020-11-09,15,ADM,AME,42.2533,110.2421,0.8354,-1.5702,-1,3.8079,-0.0833,3.7245,HOLDING
2020-11-10,15,ADM,AME,42.9905,112.5423,0.8354,-1.4242,-1,3.8819,-0.0833,3.7985,HOLDING
2020-11-11,15,ADM,AME,42.939,112.8419,0.8354,-1.3881,-1,4.0452,-0.0833,3.9619,HOLDING
2020-11-12,15,ADM,AME,42.2875,111.5758,0.8354,-1.3744,-1,4.2606,-0.0833,4.1773,HOLDING
2020-11-13,15,ADM,AME,42.7419,113.3348,0.8354,-1.3058,-1,4.4313,-0.0833,4.3479,HOLDING
2020-11-16,15,ADM,AME,43.2134,116.0505,0.8354,-1.3258,-1,4.9345,-0.0833,4.8512,HOLDING
2020-11-17,15,ADM,AME,42.999,114.7748,0.8354,-1.1255,-1,4.6907,-0.0833,4.6073,HOLDING
2020-11-18,15,ADM,AME,42.5414,115.2386,0.8354,-1.2414,-1,5.3376,-0.0833,5.2543,HOLDING
2020-11-19,15,ADM,AME,42.2392,114.2142,0.8354,-1.1173,-1,5.2774,-0.0833,5.1941,HOLDING
2020-11-20,15,ADM,AME,41.9716,113.4797,0.8354,-1.0288,-1,5.2874,-0.0833,5.204,HOLDING
2020-11-23,15,ADM,AME,42.1443,113.8373,0.8354,-0.9135,-1,5.2383,-0.0833,5.155,HOLDING
2020-11-24,15,ADM,AME,43.6553,117.1812,0.8354,-0.6333,-1,4.8881,-0.0833,4.8047,HOLDING
2020-11-25,15,ADM,AME,43.6035,115.7992,0.8354,-0.3794,-1,4.4359,-0.0833,4.3525,HOLDING
2020-11-27,15,ADM,AME,43.5603,115.7509,0.8354,-0.3178,-1,4.4631,-0.0833,4.3798,HOLDING
2020-11-30,15,ADM,AME,42.9732,114.5525,0.8354,-0.4068,-1,4.6362,-0.0833,4.5529,HOLDING
2020-12-01,15,ADM,AME,43.2667,113.3058,0.8354,0.5502,-1,3.8736,-0.0833,3.7902,HOLDING
2020-12-02,15,ADM,AME,42.7314,111.1603,0.8354,1.0879,-1,3.6457,-0.0833,3.5624,HOLDING
2020-12-03,15,ADM,AME,43.0077,110.5901,0.8354,1.7856,-1,3.1489,-0.0833,3.0655,HOLDING
2020-12-04,15,ADM,AME,43.6639,113.0971,0.8354,1.5027,-1,3.3831,-0.0833,3.2998,HOLDING
2020-12-07,15,ADM,AME,43.2063,113.8424,0.8354,0.4267,-1,4.1331,-0.0833,4.0498,HOLDING
2020-12-08,15,ADM,AME,43.4826,114.7717,0.8354,0.419,-1,4.1855,-0.0833,4.1022,HOLDING
2020-12-09,15,ADM,AME,43.0336,114.9556,0.8354,-0.3916,-1,4.7209,-0.0833,4.6375,HOLDING
2020-12-10,15,ADM,AME,42.481,114.5587,0.8354,-1.0356,-1,5.1515,-0.0833,5.0682,HOLDING
2020-12-11,15,ADM,AME,43.0077,114.5878,0.8354,-0.1259,-1,4.6132,-0.0833,4.5298,HOLDING
2020-12-14,15,ADM,AME,42.0406,112.5744,0.8354,-0.6616,-1,4.8838,-0.0833,4.8004,HOLDING
2020-12-15,15,ADM,AME,42.8004,114.0167,0.8354,-0.1522,-1,4.62,-0.0833,4.5367,HOLDING
2020-12-16,15,ADM,AME,42.481,113.039,0.8354,-0.1763,-1,4.5949,-0.0833,4.5116,HOLDING
2020-12-17,15,ADM,AME,42.6364,113.8618,0.8354,-0.4139,-1,4.7343,-0.0833,4.6509,HOLDING
2020-12-18,15,ADM,AME,42.8955,114.3167,0.8354,-0.2751,-1,4.6309,-0.0833,4.5476,HOLDING
2020-12-21,15,ADM,AME,42.6278,114.3264,0.8354,-0.86,-1,4.9135,-0.0833,4.8301,HOLDING
2020-12-22,15,ADM,AME,42.0752,113.8908,0.8354,-1.6566,-1,5.3299,-0.0833,5.2466,HOLDING
2020-12-23,15,ADM,AME,42.6105,114.8201,0.8354,-1.1118,-1,5.1123,-0.0833,5.0289,HOLDING
2020-12-24,15,ADM,AME,42.6882,115.2266,0.8354,-1.0967,-1,5.1802,-0.0833,5.0968,HOLDING
2020-12-28,15,ADM,AME,42.9127,115.9236,0.8354,-0.9901,-1,5.2014,-0.0833,5.1181,HOLDING
2020-12-29,15,ADM,AME,42.6969,114.8588,0.8354,-0.7433,-1,5.0364,-0.0833,4.9531,HOLDING
2020-12-30,15,ADM,AME,43.094,115.9913,0.8354,-0.5901,-1,5.0373,-0.0833,4.9539,HOLDING
2020-12-31,15,ADM,AME,43.5258,117.0658,0.8354,-0.3416,-1,4.9808,-0.0833,4.8974,HOLDING
2021-01-04,15,ADM,AME,43.0595,114.5878,0.8354,0.4423,-1,4.5592,-0.0833,4.4758,HOLDING
2021-01-05,15,ADM,AME,43.897,115.3815,0.8354,2.2342,-1,3.9768,-0.0833,3.8935,HOLDING
2021-01-06,15,ADM,AME,45.6757,120.2697,0.8354,2.4687,-1,3.9132,-0.0833,3.8299,HOLDING
2021-01-07,15,ADM,AME,45.2699,120.4149,0.8354,1.3987,-1,4.3894,-0.0833,4.3061,HOLDING
2021-01-08,15,ADM,AME,45.3908,119.5825,0.8354,1.9523,-1,3.9585,-0.0833,3.8751,HOLDING
2021-01-11,15,ADM,AME,44.9332,120.1729,0.8354,0.5266,-1,4.6518,-0.0833,4.5684,HOLDING
2021-01-12,15,ADM,AME,44.3806,120.1439,0.8354,-0.6088,-1,5.2172,-0.0833,5.1338,HOLDING
2021-01-13,15,ADM,AME,44.7,117.5498,0.8354,1.6002,-1,3.934,-0.0833,3.8507,HOLDING
2021-01-14,15,ADM,AME,45.6498,116.8528,0.8354,2.8066,-1,2.6886,-0.0833,2.6053,HOLDING
2021-01-15,15,ADM,AME,45.0713,115.1879,0.8354,2.2243,-1,2.6819,-0.0833,2.5985,HOLDING
2021-01-19,15,ADM,AME,45.8484,115.1395,0.8354,2.4831,-1,1.8541,-0.0833,1.7708,HOLDING
2021-01-20,15,ADM,AME,46.1938,116.2624,0.8354,2.0379,-1,1.9053,-0.0833,1.822,HOLDING
2021-01-21,15,ADM,AME,45.5807,115.6525,0.8354,1.4732,-1,2.321,-0.0833,2.2377,HOLDING
2021-01-22,15,ADM,AME,45.6066,113.5908,0.8354,1.8094,-1,1.5388,-0.0833,1.4555,HOLDING
2021-01-25,15,ADM,AME,45.8398,112.6228,0.8354,1.927,-1,0.9413,-0.0833,0.8579,HOLDING
2021-01-26,15,ADM,AME,45.054,109.6705,0.8354,1.8134,-1,0.6789,-0.0833,0.5956,HOLDING
2021-01-27,15,ADM,AME,42.8091,107.5023,0.8354,0.6392,-1,2.2249,-0.0833,2.1416,HOLDING
2021-01-28,15,ADM,AME,44.0438,111.1031,0.8354,0.5937,-1,2.2567,-0.0833,2.1734,HOLDING
2021-01-29,15,ADM,AME,43.1804,109.6318,0.8354,0.2264,-1,2.6179,-0.0833,2.5345,HOLDING
2021-02-01,15,ADM,AME,43.5862,111.1999,0.8354,0.0599,-1,2.7692,-0.0833,2.6859,HOLDING
2021-02-02,15,ADM,AME,43.9834,112.7583,0.8354,-0.1103,-1,2.926,-0.0833,2.8427,HOLDING
2021-02-03,15,ADM,AME,44.4151,112.797,0.8354,0.2168,-1,2.4902,-0.0833,2.4068,HOLDING
2021-02-04,15,ADM,AME,45.3476,113.3972,0.8354,0.8096,-1,1.7379,-0.0833,1.6546,HOLDING
2021-02-05,15,ADM,AME,46.0211,113.252,0.8354,1.3285,-1,0.9827,-0.0833,0.8994,HOLDING
2021-02-08,15,ADM,AME,46.6471,116.0494,0.8354,0.9444,-1,1.3548,-0.0833,1.2715,HOLDING
2021-02-09,15,ADM,AME,47.3688,117.0367,0.8354,1.2108,-1,0.9642,-0.0833,0.8808,HOLDING
2021-02-10,15,ADM,AME,47.3514,116.6205,0.8354,1.3807,-1,0.8298,-0.0833,0.7465,HOLDING
2021-02-11,15,ADM,AME,47.7513,117.753,0.8354,1.3451,-1,0.8277,-0.0833,0.7444,HOLDING
2021-02-12,15,ADM,AME,48.4469,117.8498,0.8354,1.8681,-1,0.1381,-0.0833,0.0548,HOLDING
2021-02-16,15,ADM,AME,48.7338,117.3465,0.8354,2.0254,-1,-0.3453,-0.0833,-0.4287,HOLDING
2021-02-17,15,ADM,AME,48.6208,116.3591,0.8354,1.9144,-1,-0.5892,-0.0833,-0.6725,HOLDING
2021-02-18,15,ADM,AME,48.5338,115.1395,0.8354,1.8915,-1,-0.9453,-0.0833,-1.0286,HOLDING
2021-02-19,15,ADM,AME,48.7947,116.9883,0.8354,1.3925,-1,-0.54,-0.0833,-0.6233,HOLDING
2021-02-22,15,ADM,AME,49.4294,116.2914,0.8354,1.7994,-1,-1.4569,-0.0833,-1.5402,HOLDING
2021-02-23,15,ADM,AME,49.5772,116.0978,0.8354,1.7051,-1,-1.6819,-0.0833,-1.7652,HOLDING
2021-02-24,15,ADM,AME,50.8466,119.0694,0.8354,1.6237,-1,-1.9167,-0.0833,-2.0,HOLDING
2021-02-25,15,ADM,AME,49.8641,116.4463,0.8354,1.4223,-1,-1.8533,-0.0833,-1.9366,HOLDING
2021-02-26,15,ADM,AME,49.1946,114.1909,0.8354,1.3496,-1,-1.9815,-0.0833,-2.0649,HOLDING
2021-03-01,15,ADM,AME,49.8207,118.3628,0.8354,0.7665,-1,-1.106,-0.0833,-1.1893,HOLDING
2021-03-02,15,ADM,AME,49.8815,118.4693,0.8354,0.7066,-1,-1.1304,-0.0833,-1.2138,HOLDING
2021-03-03,15,ADM,AME,49.6642,118.5564,0.8354,0.4703,-1,-0.8719,-0.0833,-0.9553,HOLDING
2021-03-04,15,ADM,AME,48.2469,116.5334,0.8354,-0.1981,-1,-0.1356,-0.0833,-0.2189,HOLDING
2021-03-05,15,ADM,AME,50.0728,118.3338,0.8354,0.7724,-1,-1.3795,-0.0833,-1.4628,HOLDING
2021-03-08,15,ADM,AME,50.2206,119.5244,0.8354,0.445,-1,-1.0974,-0.0833,-1.1808,HOLDING
2021-03-09,15,ADM,AME,50.4206,116.7657,0.8354,1.51,-1,-2.3164,-0.0833,-2.3997,HOLDING
2021-03-10,15,ADM,AME,50.7684,119.7567,0.8354,0.694,-1,0.0,-1.7635,-1.7635,PERIOD_END_EXIT
2020-09-09,16,ES,WEC,69.1605,81.5254,0.9982,0.0,0,0.0,0.0,0.0,HOLD_CASH
2020-09-10,16,ES,WEC,67.1854,80.0245,0.9982,0.0,0,0.0,0.0,0.0,HOLD_CASH
2020-09-11,16,ES,WEC,66.2341,80.0162,0.9982,0.0,0,0.0,0.0,0.0,HOLD_CASH
2020-09-14,16,ES,WEC,66.8387,81.0335,0.9982,0.0,0,0.0,0.0,0.0,HOLD_CASH
2020-09-15,16,ES,WEC,67.6933,82.6761,0.9982,0.0,0,0.0,0.0,0.0,HOLD_CASH
2020-09-16,16,ES,WEC,67.6592,82.3676,0.9982,0.0,0,0.0,0.0,0.0,HOLD_CASH
2020-09-17,16,ES,WEC,66.4985,80.1412,0.9982,0.0,0,0.0,0.0,0.0,HOLD_CASH
2020-09-18,16,ES,WEC,64.0067,79.1073,0.9982,0.0,0,0.0,0.0,0.0,HOLD_CASH
2020-09-21,16,ES,WEC,63.325,79.0989,0.9982,0.0,0,0.0,0.0,0.0,HOLD_CASH
2020-09-22,16,ES,WEC,64.1042,79.5492,0.9982,0.0,0,0.0,0.0,0.0,HOLD_CASH
2020-09-23,16,ES,WEC,63.5441,77.598,0.9982,0.0,0,0.0,0.0,0.0,HOLD_CASH
2020-09-24,16,ES,WEC,64.8914,78.3818,0.9982,0.0,0,0.0,0.0,0.0,HOLD_CASH
2020-09-25,16,ES,WEC,66.9449,80.308,0.9982,0.0,0,0.0,0.0,0.0,HOLD_CASH
2020-09-28,16,ES,WEC,67.0829,80.4498,0.9982,0.0,0,0.0,0.0,0.0,HOLD_CASH
2020-09-29,16,ES,WEC,67.3751,80.5999,0.9982,0.0,0,0.0,0.0,0.0,HOLD_CASH
2020-09-30,16,ES,WEC,67.8134,80.8,0.9982,0.0,0,0.0,0.0,0.0,HOLD_CASH
2020-10-01,16,ES,WEC,69.3555,81.9257,0.9982,0.0,0,0.0,0.0,0.0,HOLD_CASH
2020-10-02,16,ES,WEC,70.6542,81.4754,0.9982,0.0,0,0.0,0.0,0.0,HOLD_CASH
2020-10-05,16,ES,WEC,72.6346,81.834,0.9982,0.0,0,0.0,0.0,0.0,HOLD_CASH
2020-10-06,16,ES,WEC,73.6816,82.1425,0.9982,2.4394,-1,0.0,-0.0833,-0.0833,ENTER_SHORT_A
2020-10-07,16,ES,WEC,74.1849,81.7589,0.9982,2.3018,-1,-0.4792,-0.0833,-0.5626,HOLDING
2020-10-08,16,ES,WEC,75.0209,82.5761,0.9982,1.9707,-1,-0.5383,-0.0833,-0.6216,HOLDING
2020-10-09,16,ES,WEC,74.826,82.918,0.9982,1.5746,-1,-0.2547,-0.0833,-0.3381,HOLDING
2020-10-12,16,ES,WEC,75.5322,83.2432,0.9982,1.503,-1,-0.4896,-0.0833,-0.5729,HOLDING
2020-10-13,16,ES,WEC,75.2075,82.6345,0.9982,1.3974,-1,-0.6143,-0.0833,-0.6977,HOLDING
2020-10-14,16,ES,WEC,74.5339,83.043,0.9982,0.9893,-1,-0.026,-0.0833,-0.1093,HOLDING
2020-10-15,16,ES,WEC,73.8764,83.3516,0.9982,0.6477,-1,0.5025,-0.0833,0.4192,HOLDING
2020-10-16,16,ES,WEC,74.2011,84.6857,0.9982,0.3282,-1,0.9949,-0.0833,0.9115,HOLDING
2020-10-19,16,ES,WEC,73.9251,83.7185,0.9982,0.4278,-1,0.6609,-0.0833,0.5775,HOLDING
2020-10-20,16,ES,WEC,74.8667,83.9102,0.9982,0.6134,-1,0.2252,-0.0833,0.1418,HOLDING
2020-10-21,16,ES,WEC,74.7368,84.2938,0.9982,0.3639,-1,0.493,-0.0833,0.4097,HOLDING
2020-10-22,16,ES,WEC,75.4186,84.8858,0.9982,0.3482,-1,0.4072,-0.0833,0.3239,HOLDING
2020-10-23,16,ES,WEC,74.6475,85.186,0.9982,-0.1926,-1,0.9958,-0.0833,0.9124,HOLDING
2020-10-26,16,ES,WEC,74.4527,85.2277,0.9982,-0.4288,-1,1.1271,-0.0833,1.0438,HOLDING
2020-10-27,16,ES,WEC,74.5744,85.4445,0.9982,-0.6309,-1,1.1681,-0.0833,1.0848,HOLDING
2020-10-28,16,ES,WEC,72.1639,83.1848,0.9982,-1.1452,-1,1.3873,-0.0833,1.304,HOLDING
2020-10-29,16,ES,WEC,71.7986,83.7351,0.9982,-1.9446,-1,1.8729,-0.0833,1.7896,HOLDING
2020-10-30,16,ES,WEC,70.8327,83.8435,0.9982,-2.3697,-1,2.4746,-0.0833,2.3912,HOLDING
2020-11-02,16,ES,WEC,73.5274,86.0032,0.9982,-1.5636,-1,2.0439,-0.0833,1.9605,HOLDING
2020-11-03,16,ES,WEC,74.6556,86.9288,0.9982,-1.215,-1,1.8744,-0.0833,1.791,HOLDING
2020-11-04,16,ES,WEC,74.0956,84.8942,0.9982,-0.4207,-1,1.1602,-0.0833,1.0769,HOLDING
2020-11-05,16,ES,WEC,74.8342,84.7191,0.9982,0.2183,-1,0.6535,-0.0833,0.5701,HOLDING
2020-11-06,16,ES,WEC,75.3049,85.3528,0.9982,0.2263,-1,0.7082,-0.0833,0.6248,HOLDING
2020-11-09,16,ES,WEC,75.9137,86.5786,0.9982,-0.0071,-1,0.9848,-0.0833,0.9015,HOLDING
2020-11-10,16,ES,WEC,76.0192,87.4291,0.9982,-0.4038,-1,1.3561,-0.0833,1.2728,HOLDING
2020-11-11,16,ES,WEC,76.636,87.0789,0.9982,0.4798,-1,0.8295,-0.0833,0.7462,HOLDING
2020-11-12,16,ES,WEC,74.9234,85.9488,0.9982,-0.1355,-1,1.2261,-0.0833,1.1428,HOLDING
2020-11-13,16,ES,WEC,75.7189,85.6888,0.9982,0.7977,-1,0.6441,-0.0833,0.5608,HOLDING
2020-11-16,16,ES,WEC,76.6442,87.2743,0.9982,0.3857,-1,0.924,-0.0833,0.8406,HOLDING
2020-11-17,16,ES,WEC,74.4689,84.0444,0.9982,1.0805,-1,0.5183,-0.0833,0.4349,HOLDING
2020-11-18,16,ES,WEC,72.8456,81.1669,0.9982,1.8482,-1,-0.0212,-0.0833,-0.1046,HOLDING
2020-11-19,16,ES,WEC,71.5795,80.1602,0.9982,1.4462,-1,0.1852,-0.0833,0.1019,HOLDING
2020-11-20,16,ES,WEC,71.9366,80.6216,0.9982,1.2743,-1,0.2169,-0.0833,0.1336,HOLDING
2020-11-23,16,ES,WEC,71.2548,80.3699,0.9982,0.7994,-1,0.4753,-0.0833,0.3919,HOLDING
2020-11-24,16,ES,WEC,70.9951,80.739,0.9982,0.2543,-1,0.8094,-0.0833,0.726,HOLDING
2020-11-25,16,ES,WEC,71.7743,80.5377,0.9982,0.9999,-1,0.2663,-0.0833,0.183,HOLDING
2020-11-27,16,ES,WEC,71.3684,80.3196,0.9982,0.7353,-1,0.3854,-0.0833,0.3021,HOLDING
2020-11-30,16,ES,WEC,71.0275,79.6568,0.9982,0.9544,-1,0.2425,-0.0833,0.1592,HOLDING
2020-12-01,16,ES,WEC,71.6038,80.2021,0.9982,1.0292,-1,0.1927,-0.0833,0.1094,HOLDING
2020-12-02,16,ES,WEC,71.547,80.3363,0.9982,0.7774,-1,0.2929,-0.0833,0.2096,HOLDING
2020-12-03,16,ES,WEC,70.4594,79.1786,0.9982,0.6089,-1,0.3218,-0.0833,0.2384,HOLDING
2020-12-04,16,ES,WEC,69.4286,78.2642,0.9982,0.2148,-1,0.4418,-0.0833,0.3584,HOLDING
2020-12-07,16,ES,WEC,70.4025,78.5662,0.9982,1.2587,-1,0.0436,-0.0833,-0.0398,HOLDING
2020-12-08,16,ES,WEC,70.1104,78.3816,0.9982,0.9558,-1,0.1154,-0.0833,0.0321,HOLDING
2020-12-09,16,ES,WEC,69.8182,77.8028,0.9982,1.2903,-1,-0.0126,-0.0833,-0.0959,HOLDING
2020-12-10,16,ES,WEC,69.5503,77.1652,0.9982,1.6366,-1,-0.1841,-0.0833,-0.2674,HOLDING
2020-12-11,16,ES,WEC,69.6315,77.3833,0.9982,1.4337,-1,-0.1195,-0.0833,-0.2028,HOLDING
2020-12-14,16,ES,WEC,69.3636,76.8296,0.9982,1.6777,-1,-0.2485,-0.0833,-0.3318,HOLDING
2020-12-15,16,ES,WEC,70.3133,77.9538,0.9982,1.4772,-1,-0.2163,-0.0833,-0.2996,HOLDING
2020-12-16,16,ES,WEC,69.3555,77.4084,0.9982,0.4166,-1,0.0494,-0.0833,-0.0339,HOLDING
2020-12-17,16,ES,WEC,69.6234,77.3665,0.9982,1.0493,-1,-0.1234,-0.0833,-0.2068,HOLDING
2020-12-18,16,ES,WEC,68.7549,76.6115,0.9982,0.5918,-1,-0.0145,-0.0833,-0.0978,HOLDING
2020-12-21,16,ES,WEC,68.4019,75.5544,0.9982,1.6455,-1,-0.3504,-0.0833,-0.4337,HOLDING
2020-12-22,16,ES,WEC,68.2875,75.0594,0.9982,1.9768,-1,-0.5365,-0.0833,-0.6199,HOLDING
2020-12-23,16,ES,WEC,67.7564,74.3967,0.9982,1.9925,-1,-0.5718,-0.0833,-0.6551,HOLDING
2020-12-24,16,ES,WEC,68.7615,75.0259,0.9982,2.2865,-1,-0.8218,-0.0833,-0.9051,HOLDING
2020-12-28,16,ES,WEC,69.4887,75.9068,0.9982,1.8683,-1,-0.787,-0.0833,-0.8703,HOLDING
2020-12-29,16,ES,WEC,69.6113,75.7642,0.9982,1.9256,-1,-0.9286,-0.0833,-1.012,HOLDING
2020-12-30,16,ES,WEC,69.7257,75.9655,0.9982,1.6016,-1,-0.8913,-0.0833,-0.9747,HOLDING
2020-12-31,16,ES,WEC,70.6899,77.2071,0.9982,1.2396,-1,-0.8078,-0.0833,-0.8912,HOLDING
2021-01-04,16,ES,WEC,69.0556,75.8229,0.9982,0.6584,-1,-0.5844,-0.0833,-0.6677,HOLDING
2021-01-05,16,ES,WEC,69.5541,75.5796,0.9982,1.5771,-1,-0.9898,-0.0833,-1.0731,HOLDING
2021-01-06,16,ES,WEC,72.8307,76.536,0.9982,3.2195,-1,-2.3597,-0.0833,-2.4431,HOLDING
2021-01-07,16,ES,WEC,72.3568,74.0443,0.9982,3.2262,-1,-3.3542,-0.0833,-3.4375,HOLDING
2021-01-08,16,ES,WEC,73.8113,73.7843,0.9982,2.9732,-1,-4.3093,-0.0833,-4.3926,HOLDING
2021-01-11,16,ES,WEC,72.8961,72.9538,0.9982,2.3294,-1,-4.2122,-0.0833,-4.2955,HOLDING
2021-01-12,16,ES,WEC,73.1249,71.5359,0.9982,2.3683,-1,-5.0602,-0.0833,-5.1435,HOLDING
2021-01-13,16,ES,WEC,73.6724,73.7088,0.9982,1.5879,-1,-4.2689,-0.0833,-4.3522,HOLDING
2021-01-14,16,ES,WEC,73.1903,72.8698,0.9982,1.501,-1,-4.4212,-0.0833,-4.5045,HOLDING
2021-01-15,16,ES,WEC,72.3732,74.4051,0.9982,0.7118,-1,-3.1807,-0.0833,-3.264,HOLDING
2021-01-19,16,ES,WEC,71.2047,73.7171,0.9982,0.4862,-1,-2.8679,-0.0833,-2.9512,HOLDING
2021-01-20,16,ES,WEC,71.5969,74.1198,0.9982,0.418,-1,-2.8858,-0.0833,-2.9692,HOLDING
2021-01-21,16,ES,WEC,71.1965,73.6836,0.9982,0.3587,-1,-2.8803,-0.0833,-2.9636,HOLDING
2021-01-22,16,ES,WEC,71.4253,73.3061,0.9982,0.4947,-1,-3.2011,-0.0833,-3.2844,HOLDING
2021-01-25,16,ES,WEC,73.7786,75.0343,0.9982,0.6505,-1,-3.6573,-0.0833,-3.7406,HOLDING
2021-01-26,16,ES,WEC,73.4518,74.9504,0.9982,0.4919,-1,-3.5148,-0.0833,-3.5981,HOLDING
2021-01-27,16,ES,WEC,72.3405,76.2088,0.9982,-0.4461,-1,-2.248,-0.0833,-2.3314,HOLDING
2021-01-28,16,ES,WEC,72.8389,75.0846,0.9982,0.102,-1,-3.0999,-0.0833,-3.1832,HOLDING
2021-01-29,16,ES,WEC,71.4988,74.5813,0.9982,-0.3451,-1,-2.5965,-0.0833,-2.6798,HOLDING
2021-02-01,16,ES,WEC,71.744,74.2876,0.9982,-0.2136,-1,-2.884,-0.0833,-2.9674,HOLDING
2021-02-02,16,ES,WEC,72.0953,73.65,0.9982,0.1679,-1,-3.406,-0.0833,-3.4894,HOLDING
2021-02-03,16,ES,WEC,71.9074,73.1718,0.9982,0.2381,-1,-3.542,-0.0833,-3.6253,HOLDING
2021-02-04,16,ES,WEC,72.1362,72.7775,0.9982,0.6113,-1,-3.8713,-0.0833,-3.9547,HOLDING
2021-02-05,16,ES,WEC,71.744,72.8363,0.9982,0.244,-1,-3.6196,-0.0833,-3.7029,HOLDING
2021-02-08,16,ES,WEC,69.8727,71.452,0.9982,-0.0976,-1,-3.262,-0.0833,-3.3453,HOLDING
2021-02-09,16,ES,WEC,70.0607,71.6953,0.9982,-0.0771,-1,-3.2451,-0.0833,-3.3284,HOLDING
2021-02-10,16,ES,WEC,71.3109,72.0561,0.9982,0.9456,-1,-3.7699,-0.0833,-3.8532,HOLDING
2021-02-11,16,ES,WEC,70.4611,70.9889,0.9982,1.231,-1,-3.8297,-0.0833,-3.913,HOLDING
2021-02-12,16,ES,WEC,69.5949,70.2279,0.9982,1.2792,-1,-3.7251,-0.0833,-3.8085,HOLDING
2021-02-16,16,ES,WEC,68.549,68.6466,0.9982,1.6633,-1,-3.9345,-0.0833,-4.0179,HOLDING
2021-02-17,16,ES,WEC,67.2825,69.3653,0.9982,-0.5966,-1,-2.8534,-0.0833,-2.9367,HOLDING
2021-02-18,16,ES,WEC,67.4541,70.5915,0.9982,-1.626,-1,-2.3291,-0.0833,-2.4124,HOLDING
2021-02-19,16,ES,WEC,66.5634,70.3801,0.9982,-2.0551,-1,-1.9321,-0.0833,-2.0154,HOLDING
2021-02-22,16,ES,WEC,64.2673,69.3738,0.9982,-2.5823,-1,-1.1425,-0.0833,-1.2258,HOLDING
2021-02-23,16,ES,WEC,65.5256,71.0481,0.9982,-2.2586,-1,-1.0062,-0.0833,-1.0895,HOLDING
2021-02-24,16,ES,WEC,65.4602,69.2808,0.9982,-1.0713,-1,-1.8649,-0.0833,-1.9482,HOLDING
2021-02-25,16,ES,WEC,65.828,69.1539,0.9982,-0.7584,-1,-2.1373,-0.0833,-2.2206,HOLDING
2021-02-26,16,ES,WEC,64.9455,68.1899,0.9982,-0.6864,-1,-2.1263,-0.0833,-2.2097,HOLDING
2021-03-01,16,ES,WEC,65.9669,70.008,0.9982,-1.0763,-1,-1.7831,-0.0833,-1.8664,HOLDING
2021-03-02,16,ES,WEC,65.9587,70.211,0.9982,-1.1049,-1,-1.6756,-0.0833,-1.7589,HOLDING
2021-03-03,16,ES,WEC,64.0347,69.5598,0.9982,-1.6699,-1,-0.9166,-0.0833,-0.9999,HOLDING
2021-03-04,16,ES,WEC,63.6148,69.5767,0.9982,-1.6737,-1,-0.6703,-0.0833,-0.7537,HOLDING
2021-03-05,16,ES,WEC,66.4057,71.4371,0.9982,-0.9906,-1,-1.3072,-0.0833,-1.3905,HOLDING
2021-03-08,16,ES,WEC,66.3728,73.0015,0.9982,-1.566,-1,-0.4958,-0.0833,-0.5791,HOLDING
2021-03-09,16,ES,WEC,67.229,73.3566,0.9982,-1.1665,-1,-0.8004,-0.0833,-0.8837,HOLDING
2021-03-10,16,ES,WEC,67.2537,73.7541,0.9982,-1.2013,-1,0.0,-0.7717,-0.7717,PERIOD_END_EXIT
2020-09-09,17,PEP,VZ,115.6515,43.2773,0.8619,0.0,0,0.0,0.0,0.0,HOLD_CASH
2020-09-10,17,PEP,VZ,113.6693,42.9097,0.8619,0.0,0,0.0,0.0,0.0,HOLD_CASH
2020-09-11,17,PEP,VZ,114.5549,43.0971,0.8619,0.0,0,0.0,0.0,0.0,HOLD_CASH
2020-09-14,17,PEP,VZ,115.2804,43.4792,0.8619,0.0,0,0.0,0.0,0.0,HOLD_CASH
2020-09-15,17,PEP,VZ,114.3947,43.681,0.8619,0.0,0,0.0,0.0,0.0,HOLD_CASH
2020-09-16,17,PEP,VZ,113.8549,43.5152,0.8619,0.0,0,0.0,0.0,0.0,HOLD_CASH
2020-09-17,17,PEP,VZ,112.3534,43.6738,0.8619,0.0,0,0.0,0.0,0.0,HOLD_CASH
2020-09-18,17,PEP,VZ,110.8942,43.5008,0.8619,0.0,0,0.0,0.0,0.0,HOLD_CASH
2020-09-21,17,PEP,VZ,110.7002,42.9674,0.8619,0.0,0,0.0,0.0,0.0,HOLD_CASH
2020-09-22,17,PEP,VZ,111.4678,43.1188,0.8619,0.0,0,0.0,0.0,0.0,HOLD_CASH
2020-09-23,17,PEP,VZ,110.4978,42.4628,0.8619,0.0,0,0.0,0.0,0.0,HOLD_CASH
2020-09-24,17,PEP,VZ,110.987,42.6647,0.8619,0.0,0,0.0,0.0,0.0,HOLD_CASH
2020-09-25,17,PEP,VZ,112.6487,42.8088,0.8619,0.0,0,0.0,0.0,0.0,HOLD_CASH
2020-09-28,17,PEP,VZ,116.3769,42.7872,0.8619,0.0,0,0.0,0.0,0.0,HOLD_CASH
2020-09-29,17,PEP,VZ,115.6937,42.7007,0.8619,0.0,0,0.0,0.0,0.0,HOLD_CASH
2020-09-30,17,PEP,VZ,116.9083,42.8809,0.8619,0.0,0,0.0,0.0,0.0,HOLD_CASH
2020-10-01,17,PEP,VZ,118.764,42.8521,0.8619,0.0,0,0.0,0.0,0.0,HOLD_CASH
2020-10-02,17,PEP,VZ,116.4528,42.7007,0.8619,0.0,0,0.0,0.0,0.0,HOLD_CASH
2020-10-05,17,PEP,VZ,116.3432,43.0034,0.8619,0.0,0,0.0,0.0,0.0,HOLD_CASH
2020-10-06,17,PEP,VZ,114.4622,42.8593,0.8619,0.3145,0,0.0,0.0,0.0,HOLD_CASH
2020-10-07,17,PEP,VZ,115.5672,42.9674,0.8619,0.626,0,0.0,0.0,0.0,HOLD_CASH
2020-10-08,17,PEP,VZ,116.2757,43.1189,0.8619,0.7102,0,0.0,0.0,0.0,HOLD_CASH
2020-10-09,17,PEP,VZ,116.7733,43.2209,0.8619,0.7583,0,0.0,0.0,0.0,HOLD_CASH
2020-10-12,17,PEP,VZ,119.8858,43.3812,0.8619,1.5404,0,0.0,0.0,0.0,HOLD_CASH
2020-10-13,17,PEP,VZ,121.0752,43.2428,0.8619,1.7549,0,0.0,0.0,0.0,HOLD_CASH
2020-10-14,17,PEP,VZ,120.2148,42.5653,0.8619,1.7201,0,0.0,0.0,0.0,HOLD_CASH
2020-10-15,17,PEP,VZ,119.2954,42.3686,0.8619,1.4349,0,0.0,0.0,0.0,HOLD_CASH
2020-10-16,17,PEP,VZ,119.5485,42.2885,0.8619,1.4401,0,0.0,0.0,0.0,HOLD_CASH
2020-10-19,17,PEP,VZ,117.8193,41.7421,0.8619,1.224,0,0.0,0.0,0.0,HOLD_CASH
2020-10-20,17,PEP,VZ,117.8446,41.7057,0.8619,1.1705,0,0.0,0.0,0.0,HOLD_CASH
2020-10-21,17,PEP,VZ,117.7518,41.3414,0.8619,1.3332,0,0.0,0.0,0.0,HOLD_CASH
2020-10-22,17,PEP,VZ,117.7603,41.764,0.8619,0.9346,0,0.0,0.0,0.0,HOLD_CASH
2020-10-23,17,PEP,VZ,117.7181,42.2229,0.8619,0.4169,0,0.0,0.0,0.0,HOLD_CASH
2020-10-26,17,PEP,VZ,116.4528,42.1136,0.8619,-0.0575,0,0.0,0.0,0.0,HOLD_CASH
2020-10-27,17,PEP,VZ,117.3469,41.8004,0.8619,0.5989,0,0.0,0.0,0.0,HOLD_CASH
2020-10-28,17,PEP,VZ,113.1716,41.0209,0.8619,-0.4769,0,0.0,0.0,0.0,HOLD_CASH
2020-10-29,17,PEP,VZ,113.0198,41.3487,0.8619,-0.8469,0,0.0,0.0,0.0,HOLD_CASH
2020-10-30,17,PEP,VZ,112.4294,41.5163,0.8619,-1.2375,0,0.0,0.0,0.0,HOLD_CASH
2020-11-02,17,PEP,VZ,113.9983,42.0335,0.8619,-1.0719,0,0.0,0.0,0.0,HOLD_CASH
2020-11-03,17,PEP,VZ,115.5925,42.0699,0.8619,-0.512,0,0.0,0.0,0.0,HOLD_CASH
2020-11-04,17,PEP,VZ,116.2841,41.6838,0.8619,0.1752,0,0.0,0.0,0.0,HOLD_CASH
2020-11-05,17,PEP,VZ,116.4444,42.3613,0.8619,-0.6476,0,0.0,0.0,0.0,HOLD_CASH
2020-11-06,17,PEP,VZ,116.7228,42.6381,0.8619,-0.9268,0,0.0,0.0,0.0,HOLD_CASH
2020-11-09,17,PEP,VZ,116.7818,43.5924,0.8619,-1.8417,0,0.0,0.0,0.0,HOLD_CASH
2020-11-10,17,PEP,VZ,119.54,44.5103,0.8619,-1.3574,0,0.0,0.0,0.0,HOLD_CASH
2020-11-11,17,PEP,VZ,121.3788,44.4375,0.8619,-0.3461,0,0.0,0.0,0.0,HOLD_CASH
2020-11-12,17,PEP,VZ,121.3283,44.2845,0.8619,-0.1381,0,0.0,0.0,0.0,HOLD_CASH
2020-11-13,17,PEP,VZ,122.0621,44.4812,0.8619,0.0681,0,0.0,0.0,0.0,HOLD_CASH
2020-11-16,17,PEP,VZ,122.9477,44.3573,0.8619,0.74,0,0.0,0.0,0.0,HOLD_CASH
2020-11-17,17,PEP,VZ,122.5092,44.2554,0.8619,0.7088,0,0.0,0.0,0.0,HOLD_CASH
2020-11-18,17,PEP,VZ,120.9402,43.9421,0.8619,0.3732,0,0.0,0.0,0.0,HOLD_CASH
2020-11-19,17,PEP,VZ,120.8896,43.862,0.8619,0.5716,0,0.0,0.0,0.0,HOLD_CASH
2020-11-20,17,PEP,VZ,120.974,43.7381,0.8619,0.8644,0,0.0,0.0,0.0,HOLD_CASH
2020-11-23,17,PEP,VZ,120.6366,43.8765,0.8619,0.3871,0,0.0,0.0,0.0,HOLD_CASH
2020-11-24,17,PEP,VZ,121.4885,44.1752,0.8619,0.5846,0,0.0,0.0,0.0,HOLD_CASH
2020-11-25,17,PEP,VZ,121.5982,44.0077,0.8619,0.899,0,0.0,0.0,0.0,HOLD_CASH
2020-11-27,17,PEP,VZ,121.9693,44.1315,0.8619,0.8646,0,0.0,0.0,0.0,HOLD_CASH
2020-11-30,17,PEP,VZ,121.6572,44.0077,0.8619,0.7785,0,0.0,0.0,0.0,HOLD_CASH
2020-12-01,17,PEP,VZ,123.2092,44.1315,0.8619,1.6207,0,0.0,0.0,0.0,HOLD_CASH
2020-12-02,17,PEP,VZ,121.9862,44.6997,0.8619,-0.4594,0,0.0,0.0,0.0,HOLD_CASH
2020-12-03,17,PEP,VZ,122.7108,44.9766,0.8619,-0.3462,0,0.0,0.0,0.0,HOLD_CASH
2020-12-04,17,PEP,VZ,123.9001,44.8381,0.8619,0.811,0,0.0,0.0,0.0,HOLD_CASH
2020-12-07,17,PEP,VZ,123.4923,44.6924,0.8619,0.6875,0,0.0,0.0,0.0,HOLD_CASH
2020-12-08,17,PEP,VZ,123.6198,44.7653,0.8619,0.6218,0,0.0,0.0,0.0,HOLD_CASH
2020-12-09,17,PEP,VZ,123.7642,44.7726,0.8619,0.7966,0,0.0,0.0,0.0,HOLD_CASH
2020-12-10,17,PEP,VZ,122.8977,44.0805,0.8619,1.7481,0,0.0,0.0,0.0,HOLD_CASH
2020-12-11,17,PEP,VZ,123.1525,43.964,0.8619,2.1177,-1,0.0,-0.0833,-0.0833,ENTER_SHORT_A
2020-12-14,17,PEP,VZ,122.5239,43.6944,0.8619,1.8419,-1,-0.0081,-0.0833,-0.0914,HOLDING
2020-12-15,17,PEP,VZ,122.9826,44.1097,0.8619,1.1102,-1,0.1896,-0.0833,0.1062,HOLDING
2020-12-16,17,PEP,VZ,123.0846,43.6434,0.8619,2.1141,-1,-0.2566,-0.0833,-0.3399,HOLDING
2020-12-17,17,PEP,VZ,123.7812,43.7163,0.8619,2.1661,-1,-0.4458,-0.0833,-0.5291,HOLDING
2020-12-18,17,PEP,VZ,124.8175,44.0441,0.8619,1.9918,-1,-0.5348,-0.0833,-0.6181,HOLDING
2020-12-21,17,PEP,VZ,123.5178,43.3375,0.8619,1.9601,-1,-0.6825,-0.0833,-0.7658,HOLDING
2020-12-22,17,PEP,VZ,122.3455,42.9732,0.8619,1.5562,-1,-0.576,-0.0833,-0.6594,HOLDING
2020-12-23,17,PEP,VZ,122.6768,42.9514,0.8619,1.6058,-1,-0.7156,-0.0833,-0.799,HOLDING
2020-12-24,17,PEP,VZ,123.229,42.864,0.8619,1.8131,-1,-0.993,-0.0833,-1.0763,HOLDING
2020-12-28,17,PEP,VZ,124.8005,42.9659,0.8619,2.1459,-1,-1.4747,-0.0833,-1.558,HOLDING
2020-12-29,17,PEP,VZ,125.2338,42.8421,0.8619,2.1041,-1,-1.7408,-0.0833,-1.8241,HOLDING
2020-12-30,17,PEP,VZ,125.1404,42.354,0.8619,2.1539,-1,-2.1351,-0.0833,-2.2184,HOLDING
2020-12-31,17,PEP,VZ,125.9814,42.7984,0.8619,1.801,-1,-2.0508,-0.0833,-2.1342,HOLDING
2021-01-04,17,PEP,VZ,122.5579,42.8712,0.8619,0.2979,-1,-0.7427,-0.0833,-0.826,HOLDING
2021-01-05,17,PEP,VZ,122.9231,42.6746,0.8619,0.5903,-1,-1.048,-0.0833,-1.1314,HOLDING
2021-01-06,17,PEP,VZ,121.4195,43.1918,0.8619,-0.7056,-1,-0.0478,-0.0833,-0.1311,HOLDING
2021-01-07,17,PEP,VZ,121.0288,43.0946,0.8619,-0.8443,-1,0.009,-0.0833,-0.0743,HOLDING
2021-01-08,17,PEP,VZ,122.4814,42.5571,0.8619,0.4207,-1,-0.9906,-0.0833,-1.0739,HOLDING
2021-01-11,17,PEP,VZ,120.7059,42.3068,0.8619,-0.238,-1,-0.565,-0.0833,-0.6483,HOLDING
2021-01-12,17,PEP,VZ,120.1453,42.1595,0.8619,-0.3944,-1,-0.4904,-0.0833,-0.5737,HOLDING
2021-01-13,17,PEP,VZ,121.1307,42.0122,0.8619,0.2924,-1,-0.9778,-0.0833,-1.0611,HOLDING
2021-01-14,17,PEP,VZ,120.4256,41.9975,0.8619,-0.18,-1,-0.7344,-0.0833,-0.8178,HOLDING
2021-01-15,17,PEP,VZ,120.1113,42.2479,0.8619,-0.783,-1,-0.4005,-0.0833,-0.4839,HOLDING
2021-01-19,17,PEP,VZ,120.6805,42.0049,0.8619,-0.0825,-1,-0.8206,-0.0833,-0.9039,HOLDING
2021-01-20,17,PEP,VZ,120.0603,42.1595,0.8619,-0.7166,-1,-0.4595,-0.0833,-0.5429,HOLDING
2021-01-21,17,PEP,VZ,118.5992,42.1669,0.8619,-1.5047,-1,0.0779,-0.0833,-0.0054,HOLDING
2021-01-22,17,PEP,VZ,117.7327,42.3141,0.8619,-1.9332,-1,0.5221,-0.0833,0.4387,HOLDING
2021-01-25,17,PEP,VZ,119.0834,43.0136,0.8619,-1.8167,-1,0.6449,-0.0833,0.5616,HOLDING
2021-01-26,17,PEP,VZ,120.4596,41.6515,0.8619,0.4654,-1,-1.0504,-0.0833,-1.1338,HOLDING
2021-01-27,17,PEP,VZ,117.2655,40.5912,0.8619,0.2392,-1,-0.8199,-0.0833,-0.9032,HOLDING
2021-01-28,17,PEP,VZ,118.2424,40.7679,0.8619,0.5813,-1,-1.0199,-0.0833,-1.1032,HOLDING
2021-01-29,17,PEP,VZ,116.0167,40.3114,0.8619,0.1183,-1,-0.6116,-0.0833,-0.6949,HOLDING
2021-02-01,17,PEP,VZ,116.365,39.9654,0.8619,1.0833,-1,-1.0418,-0.0833,-1.1251,HOLDING
2021-02-02,17,PEP,VZ,117.5543,40.1274,0.8619,1.4797,-1,-1.3319,-0.0833,-1.4152,HOLDING
2021-02-03,17,PEP,VZ,117.2485,40.3409,0.8619,0.9124,-1,-1.0334,-0.0833,-1.1167,HOLDING
2021-02-04,17,PEP,VZ,118.6586,40.5986,0.8619,1.2682,-1,-1.3198,-0.0833,-1.4031,HOLDING
2021-02-05,17,PEP,VZ,119.746,40.7311,0.8619,1.5486,-1,-1.5986,-0.0833,-1.682,HOLDING
2021-02-08,17,PEP,VZ,119.2703,40.5323,0.8619,1.4289,-1,-1.6002,-0.0833,-1.6835,HOLDING
2021-02-09,17,PEP,VZ,118.5907,40.4955,0.8619,0.9919,-1,-1.3855,-0.0833,-1.4689,HOLDING
2021-02-10,17,PEP,VZ,116.9767,40.4661,0.8619,0.0792,-1,-0.8248,-0.0833,-0.9081,HOLDING
2021-02-11,17,PEP,VZ,114.6575,40.201,0.8619,-0.8255,-1,-0.2145,-0.0833,-0.2978,HOLDING
2021-02-12,17,PEP,VZ,113.723,39.9065,0.8619,-0.8849,-1,-0.1333,-0.0833,-0.2166,HOLDING
2021-02-16,17,PEP,VZ,114.1563,39.8697,0.8619,-0.5802,-1,-0.3231,-0.0833,-0.4064,HOLDING
2021-02-17,17,PEP,VZ,114.2242,41.9607,0.8619,-2.5772,-1,1.487,-0.0833,1.4037,HOLDING
2021-02-18,17,PEP,VZ,114.9973,41.9533,0.8619,-1.8975,-1,1.1996,-0.0833,1.1163,HOLDING
2021-02-19,17,PEP,VZ,112.5677,41.5631,0.8619,-2.1249,-1,1.7402,-0.0833,1.6569,HOLDING
2021-02-22,17,PEP,VZ,112.126,41.5631,0.8619,-2.0033,-1,1.9007,-0.0833,1.8174,HOLDING
2021-02-23,17,PEP,VZ,112.7971,41.9902,0.8619,-1.8762,-1,2.0315,-0.0833,1.9482,HOLDING
2021-02-24,17,PEP,VZ,112.2109,42.0564,0.8619,-1.7967,-1,2.3027,-0.0833,2.2194,HOLDING
2021-02-25,17,PEP,VZ,110.4354,41.5999,0.8619,-1.7246,-1,2.5474,-0.0833,2.4641,HOLDING
2021-02-26,17,PEP,VZ,109.7474,40.7164,0.8619,-1.2343,-1,2.0222,-0.0833,1.9389,HOLDING
2021-03-01,17,PEP,VZ,110.9621,40.7606,0.8619,-0.8699,-1,1.6195,-0.0833,1.5362,HOLDING
2021-03-02,17,PEP,VZ,111.3445,40.4808,0.8619,-0.547,-1,1.2351,-0.0833,1.1517,HOLDING
2021-03-03,17,PEP,VZ,109.7049,40.7753,0.8619,-1.0238,-1,2.0894,-0.0833,2.006,HOLDING
2021-03-04,17,PEP,VZ,110.3154,40.3482,0.8619,-0.5449,-1,1.4928,-0.0833,1.4094,HOLDING
2021-03-05,17,PEP,VZ,113.9118,41.2318,0.8619,-0.089,-1,0.961,-0.0833,0.8776,HOLDING
2021-03-08,17,PEP,VZ,113.1412,41.8135,0.8619,-0.5856,-1,1.7514,-0.0833,1.6681,HOLDING
2021-03-09,17,PEP,VZ,113.2439,41.379,0.8619,-0.166,-1,1.3329,-0.0833,1.2496,HOLDING
2021-03-10,17,PEP,VZ,114.3828,42.027,0.8619,-0.1945,-1,0.0,1.3258,1.3258,PERIOD_END_EXIT
2020-09-09,18,FITB,KEY,17.1518,9.6608,0.9633,0.0,0,0.0,0.0,0.0,HOLD_CASH
2020-09-10,18,FITB,KEY,16.7539,9.4607,0.9633,0.0,0,0.0,0.0,0.0,HOLD_CASH
2020-09-11,18,FITB,KEY,17.095,9.5146,0.9633,0.0,0,0.0,0.0,0.0,HOLD_CASH
2020-09-14,18,FITB,KEY,18.0776,9.861,0.9633,0.0,0,0.0,0.0,0.0,HOLD_CASH
2020-09-15,18,FITB,KEY,17.7609,9.6455,0.9633,0.0,0,0.0,0.0,0.0,HOLD_CASH
2020-09-16,18,FITB,KEY,17.9071,9.784,0.9633,0.0,0,0.0,0.0,0.0,HOLD_CASH
2020-09-17,18,FITB,KEY,17.7609,9.7609,0.9633,0.0,0,0.0,0.0,0.0,HOLD_CASH
2020-09-18,18,FITB,KEY,17.6553,9.7378,0.9633,0.0,0,0.0,0.0,0.0,HOLD_CASH
2020-09-21,18,FITB,KEY,16.9407,9.276,0.9633,0.0,0,0.0,0.0,0.0,HOLD_CASH
2020-09-22,18,FITB,KEY,16.3316,9.0373,0.9633,0.0,0,0.0,0.0,0.0,HOLD_CASH
2020-09-23,18,FITB,KEY,15.8849,8.8834,0.9633,0.0,0,0.0,0.0,0.0,HOLD_CASH
2020-09-24,18,FITB,KEY,15.9255,8.8911,0.9633,0.0,0,0.0,0.0,0.0,HOLD_CASH
2020-09-25,18,FITB,KEY,16.6239,9.0142,0.9633,0.0,0,0.0,0.0,0.0,HOLD_CASH
2020-09-28,18,FITB,KEY,17.3305,9.3375,0.9633,0.0,0,0.0,0.0,0.0,HOLD_CASH
2020-09-29,18,FITB,KEY,17.0462,9.1066,0.9633,0.0,0,0.0,0.0,0.0,HOLD_CASH
2020-09-30,18,FITB,KEY,17.3142,9.1836,0.9633,0.0,0,0.0,0.0,0.0,HOLD_CASH
2020-10-01,18,FITB,KEY,17.2978,9.1759,0.9633,0.0,0,0.0,0.0,0.0,HOLD_CASH
2020-10-02,18,FITB,KEY,18.0051,9.4068,0.9633,0.0,0,0.0,0.0,0.0,HOLD_CASH
2020-10-05,18,FITB,KEY,18.7125,9.8225,0.9633,0.0,0,0.0,0.0,0.0,HOLD_CASH
2020-10-06,18,FITB,KEY,18.5233,9.6993,0.9633,1.611,0,0.0,0.0,0.0,HOLD_CASH
2020-10-07,18,FITB,KEY,19.1896,10.1304,0.9633,1.2224,0,0.0,0.0,0.0,HOLD_CASH
2020-10-08,18,FITB,KEY,19.5021,10.2459,0.9633,1.324,0,0.0,0.0,0.0,HOLD_CASH
2020-10-09,18,FITB,KEY,19.2307,10.0996,0.9633,1.1933,0,0.0,0.0,0.0,HOLD_CASH
2020-10-12,18,FITB,KEY,19.3459,10.2305,0.9633,0.8384,0,0.0,0.0,0.0,HOLD_CASH
2020-10-13,18,FITB,KEY,19.0169,9.861,0.9633,1.4259,0,0.0,0.0,0.0,HOLD_CASH
2020-10-14,18,FITB,KEY,18.6961,9.7532,0.9633,1.0578,0,0.0,0.0,0.0,HOLD_CASH
2020-10-15,18,FITB,KEY,19.2472,9.9919,0.9633,1.1562,0,0.0,0.0,0.0,HOLD_CASH
2020-10-16,18,FITB,KEY,19.132,9.9534,0.9633,0.9694,0,0.0,0.0,0.0,HOLD_CASH
2020-10-19,18,FITB,KEY,18.9593,9.8379,0.9633,0.9554,0,0.0,0.0,0.0,HOLD_CASH
2020-10-20,18,FITB,KEY,19.5351,10.0688,0.9633,1.1628,0,0.0,0.0,0.0,HOLD_CASH
2020-10-21,18,FITB,KEY,19.3294,9.5608,0.9633,2.4965,-1,0.0,-0.0833,-0.0833,ENTER_SHORT_A
2020-10-22,18,FITB,KEY,19.716,10.0688,0.9633,1.285,-1,1.3239,-0.0833,1.2406,HOLDING
2020-10-23,18,FITB,KEY,20.0861,10.3537,0.9633,0.8105,-1,1.7292,-0.0833,1.6458,HOLDING
2020-10-26,18,FITB,KEY,19.2883,10.0073,0.9633,0.3162,-1,1.9997,-0.0833,1.9164,HOLDING
2020-10-27,18,FITB,KEY,18.8441,9.7224,0.9633,0.5054,-1,1.757,-0.0833,1.6737,HOLDING
2020-10-28,18,FITB,KEY,18.4575,9.5454,0.9633,0.2444,-1,1.8487,-0.0833,1.7654,HOLDING
2020-10-29,18,FITB,KEY,19.0004,9.8148,0.9633,0.3124,-1,1.8089,-0.0833,1.7255,HOLDING
2020-10-30,18,FITB,KEY,19.0991,9.9919,0.9633,-0.5425,-1,2.3493,-0.0833,2.266,HOLDING
2020-11-02,18,FITB,KEY,19.8312,10.3383,0.9633,-0.2392,-1,2.2232,-0.0833,2.1399,HOLDING
2020-11-03,18,FITB,KEY,20.1602,10.6,0.9633,-0.7838,-1,2.6201,-0.0833,2.5367,HOLDING
2020-11-04,18,FITB,KEY,19.0004,9.6532,0.9633,1.2946,-1,1.1175,-0.0833,1.0342,HOLDING
2020-11-05,18,FITB,KEY,19.7407,10.1304,0.9633,0.6315,-1,1.5331,-0.0833,1.4497,HOLDING
2020-11-06,18,FITB,KEY,19.0909,9.8687,0.9633,-0.0204,-1,1.8406,-0.0833,1.7573,HOLDING
2020-11-09,18,FITB,KEY,21.8464,11.7008,0.9633,-2.0558,-1,3.6251,-0.0833,3.5417,HOLDING
2020-11-10,18,FITB,KEY,21.6654,11.9702,0.9633,-2.9119,-1,5.1747,-0.0833,5.0913,HOLDING
2020-11-11,18,FITB,KEY,21.1554,11.5622,0.9633,-2.0374,-1,4.5497,-0.0833,4.4664,HOLDING
2020-11-12,18,FITB,KEY,20.4481,11.1465,0.9633,-1.7182,-1,4.3253,-0.0833,4.242,HOLDING
2020-11-13,18,FITB,KEY,20.884,11.4468,0.9633,-1.6634,-1,4.6519,-0.0833,4.5686,HOLDING
2020-11-16,18,FITB,KEY,21.5914,12.1627,0.9633,-2.1442,-1,6.1602,-0.0833,6.0769,HOLDING
2020-11-17,18,FITB,KEY,21.4269,12.0626,0.9633,-1.822,-1,6.0935,-0.0833,6.0102,HOLDING
2020-11-18,18,FITB,KEY,21.139,11.9394,0.9633,-1.7561,-1,6.1989,-0.0833,6.1156,HOLDING
2020-11-19,18,FITB,KEY,21.287,12.0241,0.9633,-1.5505,-1,6.236,-0.0833,6.1526,HOLDING
2020-11-20,18,FITB,KEY,20.8018,11.8009,0.9633,-1.5017,-1,6.3469,-0.0833,6.2636,HOLDING
2020-11-23,18,FITB,KEY,21.394,12.0549,0.9633,-1.1612,-1,6.1328,-0.0833,6.0495,HOLDING
2020-11-24,18,FITB,KEY,22.4221,12.894,0.9633,-1.4693,-1,7.4635,-0.0833,7.3801,HOLDING
2020-11-25,18,FITB,KEY,21.9451,12.7092,0.9633,-1.4852,-1,7.721,-0.0833,7.6376,HOLDING
2020-11-27,18,FITB,KEY,21.6161,12.5707,0.9633,-1.4354,-1,7.8509,-0.0833,7.7675,HOLDING
2020-11-30,18,FITB,KEY,20.8429,12.0373,0.9633,-1.1728,-1,7.2678,-0.0833,7.1844,HOLDING
2020-12-01,18,FITB,KEY,21.5502,12.3332,0.9633,-0.8352,-1,6.9798,-0.0833,6.8964,HOLDING
2020-12-02,18,FITB,KEY,21.871,12.4188,0.9633,-0.5534,-1,6.6417,-0.0833,6.5583,HOLDING
2020-12-03,18,FITB,KEY,22.0684,12.4266,0.9633,-0.2392,-1,6.2414,-0.0833,6.1581,HOLDING
2020-12-04,18,FITB,KEY,22.5373,12.5512,0.9633,0.2725,-1,5.7447,-0.0833,5.6614,HOLDING
2020-12-07,18,FITB,KEY,22.5208,12.3565,0.9633,1.1267,-1,4.9484,-0.0833,4.865,HOLDING
2020-12-08,18,FITB,KEY,22.4221,12.4266,0.9633,0.8455,-1,5.4648,-0.0833,5.3814,HOLDING
2020-12-09,18,FITB,KEY,22.8087,12.4967,0.9633,1.3915,-1,4.9155,-0.0833,4.8322,HOLDING
2020-12-10,18,FITB,KEY,22.8498,12.52,0.9633,1.3887,-1,4.9251,-0.0833,4.8418,HOLDING
2020-12-11,18,FITB,KEY,22.4879,12.3332,0.9633,1.3308,-1,4.9207,-0.0833,4.8374,HOLDING
2020-12-14,18,FITB,KEY,21.8957,12.0139,0.9633,1.2523,-1,4.856,-0.0833,4.7726,HOLDING
2020-12-15,18,FITB,KEY,22.2823,12.2164,0.9633,1.2033,-1,4.8728,-0.0833,4.7895,HOLDING
2020-12-16,18,FITB,KEY,22.4139,12.2709,0.9633,1.1659,-1,4.8169,-0.0833,4.7336,HOLDING
2020-12-17,18,FITB,KEY,22.3152,12.1307,0.9633,1.3251,-1,4.4343,-0.0833,4.3509,HOLDING
2020-12-18,18,FITB,KEY,21.9039,12.0062,0.9633,0.8518,-1,4.8046,-0.0833,4.7213,HOLDING
2020-12-21,18,FITB,KEY,22.3481,12.2631,0.9633,0.7585,-1,4.9281,-0.0833,4.8447,HOLDING
2020-12-22,18,FITB,KEY,22.1507,12.2553,0.9633,0.3496,-1,5.3283,-0.0833,5.2449,HOLDING
2020-12-23,18,FITB,KEY,22.8087,12.7147,0.9633,0.0062,-1,5.8479,-0.0833,5.7646,HOLDING
2020-12-24,18,FITB,KEY,22.6853,12.6057,0.9633,0.049,-1,5.6527,-0.0833,5.5693,HOLDING
2020-12-28,18,FITB,KEY,22.6442,12.6524,0.9633,-0.3934,-1,5.9428,-0.0833,5.8594,HOLDING
2020-12-29,18,FITB,KEY,22.4386,12.4344,0.9633,-0.0717,-1,5.462,-0.0833,5.3786,HOLDING
2020-12-30,18,FITB,KEY,22.6629,12.6524,0.9633,-0.8388,-1,5.9018,-0.0833,5.8184,HOLDING
2020-12-31,18,FITB,KEY,22.9038,12.777,0.9633,-0.9821,-1,5.9055,-0.0833,5.8222,HOLDING
2021-01-04,18,FITB,KEY,22.6213,12.6835,0.9633,-1.7004,-1,6.1262,-0.0833,6.0428,HOLDING
2021-01-05,18,FITB,KEY,22.937,12.886,0.9633,-1.7085,-1,6.2987,-0.0833,6.2154,HOLDING
2021-01-06,18,FITB,KEY,25.1385,14.1395,0.9633,-1.3068,-1,6.8254,-0.0833,6.7421,HOLDING
2021-01-07,18,FITB,KEY,26.1188,14.3965,0.9633,0.8561,-1,5.7717,-0.0833,5.6883,HOLDING
2021-01-08,18,FITB,KEY,25.9028,14.2018,0.9633,1.3076,-1,5.4135,-0.0833,5.3302,HOLDING
2021-01-11,18,FITB,KEY,26.069,14.3887,0.9633,0.6904,-1,5.8478,-0.0833,5.7645,HOLDING
2021-01-12,18,FITB,KEY,26.4345,14.669,0.9633,0.2398,-1,6.2439,-0.0833,6.1606,HOLDING
2021-01-13,18,FITB,KEY,26.3348,14.6301,0.9633,0.1407,-1,6.2963,-0.0833,6.213,HOLDING
2021-01-14,18,FITB,KEY,27.0326,14.7391,0.9633,1.9076,-1,5.2301,-0.0833,5.1468,HOLDING
2021-01-15,18,FITB,KEY,26.476,14.3342,0.9633,2.1292,-1,4.7209,-0.0833,4.6375,HOLDING
2021-01-19,18,FITB,KEY,26.6422,14.4432,0.9633,1.8788,-1,4.8222,-0.0833,4.7389,HOLDING
2021-01-20,18,FITB,KEY,26.0274,14.2408,0.9633,1.0371,-1,5.3064,-0.0833,5.2231,HOLDING
2021-01-21,18,FITB,KEY,25.4874,14.1318,0.9633,-0.005,-1,6.026,-0.0833,5.9426,HOLDING
2021-01-22,18,FITB,KEY,25.6702,14.1707,0.9633,0.3184,-1,5.7911,-0.0833,5.7078,HOLDING
2021-01-25,18,FITB,KEY,25.2548,13.8437,0.9633,0.7264,-1,5.3047,-0.0833,5.2214,HOLDING
2021-01-26,18,FITB,KEY,24.7148,13.5945,0.9633,0.3541,-1,5.4249,-0.0833,5.3416,HOLDING
2021-01-27,18,FITB,KEY,23.6266,13.0184,0.9633,0.0331,-1,5.3506,-0.0833,5.2673,HOLDING
2021-01-28,18,FITB,KEY,24.5902,13.4855,0.9633,0.4729,-1,5.2324,-0.0833,5.1491,HOLDING
2021-01-29,18,FITB,KEY,24.0336,13.1274,0.9633,0.6455,-1,4.9229,-0.0833,4.8396,HOLDING
2021-02-01,18,FITB,KEY,24.4988,13.3609,0.9633,0.7479,-1,4.9003,-0.0833,4.817,HOLDING
2021-02-02,18,FITB,KEY,25.1884,13.758,0.9633,0.6369,-1,5.0844,-0.0833,5.001,HOLDING
2021-02-03,18,FITB,KEY,25.7782,14.0695,0.9633,0.7402,-1,5.1211,-0.0833,5.0378,HOLDING
2021-02-04,18,FITB,KEY,26.6588,14.5678,0.9633,0.7211,-1,5.3185,-0.0833,5.2351,HOLDING
2021-02-05,18,FITB,KEY,26.6671,14.4588,0.9633,1.5479,-1,4.8341,-0.0833,4.7507,HOLDING
2021-02-08,18,FITB,KEY,27.0576,14.7313,0.9633,1.0158,-1,5.1421,-0.0833,5.0588,HOLDING
2021-02-09,18,FITB,KEY,27.0243,14.7469,0.9633,0.6597,-1,5.2817,-0.0833,5.1983,HOLDING
2021-02-10,18,FITB,KEY,27.0908,14.7624,0.9633,0.7623,-1,5.2023,-0.0833,5.119,HOLDING
2021-02-11,18,FITB,KEY,26.7917,14.6612,0.9633,0.0727,-1,5.4262,-0.0833,5.3428,HOLDING
2021-02-12,18,FITB,KEY,27.0077,14.8481,0.9633,-0.4876,-1,5.751,-0.0833,5.6677,HOLDING
2021-02-16,18,FITB,KEY,27.8052,15.4087,0.9633,-1.347,-1,6.3972,-0.0833,6.3139,HOLDING
2021-02-17,18,FITB,KEY,27.8551,15.3542,0.9633,-0.479,-1,6.0547,-0.0833,5.9713,HOLDING
2021-02-18,18,FITB,KEY,27.5975,15.1673,0.9633,-0.0503,-1,5.821,-0.0833,5.7377,HOLDING
2021-02-19,18,FITB,KEY,28.6941,15.689,0.9633,0.9346,-1,5.644,-0.0833,5.5607,HOLDING
2021-02-22,18,FITB,KEY,28.9766,15.9537,0.9633,-0.2826,-1,6.1559,-0.0833,6.0726,HOLDING
2021-02-23,18,FITB,KEY,29.1427,16.1562,0.9633,-1.3857,-1,6.6568,-0.0833,6.5735,HOLDING
2021-02-24,18,FITB,KEY,30.1147,16.7712,0.9633,-1.8033,-1,7.153,-0.0833,7.0696,HOLDING
2021-02-25,18,FITB,KEY,29.3255,16.1016,0.9633,0.2834,-1,6.0224,-0.0833,5.9391,HOLDING
2021-02-26,18,FITB,KEY,28.8187,15.6812,0.9633,1.5445,-1,5.3371,-0.0833,5.2537,HOLDING
2021-03-01,18,FITB,KEY,29.907,16.2981,0.9633,1.3646,-1,5.5854,-0.0833,5.5021,HOLDING
2021-03-02,18,FITB,KEY,30.0316,16.2273,0.9633,2.2169,-1,5.0093,-0.0833,4.926,HOLDING
2021-03-03,18,FITB,KEY,29.8323,16.2195,0.9633,1.2227,-1,5.4136,-0.0833,5.3302,HOLDING
2021-03-04,18,FITB,KEY,29.5415,15.9052,0.9633,2.0328,-1,4.7078,-0.0833,4.6244,HOLDING
2021-03-05,18,FITB,KEY,30.5467,16.2352,0.9633,2.6811,-1,3.9119,-0.0833,3.8286,HOLDING
2021-03-08,18,FITB,KEY,31.3525,16.6753,0.9633,2.2242,-1,4.0244,-0.0833,3.9411,HOLDING
2021-03-09,18,FITB,KEY,30.4969,16.078,0.9633,2.2606,-1,3.3492,-0.0833,3.2659,HOLDING
2021-03-10,18,FITB,KEY,31.5851,16.6281,0.9633,2.0272,-1,0.0,3.0881,3.0881,PERIOD_END_EXIT
2020-09-09,19,CMS,LNT,52.1962,45.4077,0.778,0.0,0,0.0,0.0,0.0,HOLD_CASH
2020-09-10,19,CMS,LNT,51.4431,43.9723,0.778,0.0,0,0.0,0.0,0.0,HOLD_CASH
2020-09-11,19,CMS,LNT,51.5362,43.7866,0.778,0.0,0,0.0,0.0,0.0,HOLD_CASH
2020-09-14,19,CMS,LNT,51.9677,44.1834,0.778,0.0,0,0.0,0.0,0.0,HOLD_CASH
2020-09-15,19,CMS,LNT,51.7054,44.5464,0.778,0.0,0,0.0,0.0,0.0,HOLD_CASH
2020-09-16,19,CMS,LNT,52.4077,44.7998,0.778,0.0,0,0.0,0.0,0.0,HOLD_CASH
2020-09-17,19,CMS,LNT,51.9,44.0567,0.778,0.0,0,0.0,0.0,0.0,HOLD_CASH
2020-09-18,19,CMS,LNT,51.697,43.0436,0.778,0.0,0,0.0,0.0,0.0,HOLD_CASH
2020-09-21,19,CMS,LNT,50.7578,42.0726,0.778,0.0,0,0.0,0.0,0.0,HOLD_CASH
2020-09-22,19,CMS,LNT,51.3501,42.2246,0.778,0.0,0,0.0,0.0,0.0,HOLD_CASH
2020-09-23,19,CMS,LNT,50.4024,42.0726,0.778,0.0,0,0.0,0.0,0.0,HOLD_CASH
2020-09-24,19,CMS,LNT,50.4109,42.157,0.778,0.0,0,0.0,0.0,0.0,HOLD_CASH
2020-09-25,19,CMS,LNT,51.9,43.356,0.778,0.0,0,0.0,0.0,0.0,HOLD_CASH
2020-09-28,19,CMS,LNT,51.9508,43.4742,0.778,0.0,0,0.0,0.0,0.0,HOLD_CASH
2020-09-29,19,CMS,LNT,51.7054,43.128,0.778,0.0,0,0.0,0.0,0.0,HOLD_CASH
2020-09-30,19,CMS,LNT,51.9593,43.6093,0.778,0.0,0,0.0,0.0,0.0,HOLD_CASH
2020-10-01,19,CMS,LNT,52.1877,44.1834,0.778,0.0,0,0.0,0.0,0.0,HOLD_CASH
2020-10-02,19,CMS,LNT,52.1708,44.8251,0.778,0.0,0,0.0,0.0,0.0,HOLD_CASH
2020-10-05,19,CMS,LNT,52.1031,45.0108,0.778,0.0,0,0.0,0.0,0.0,HOLD_CASH
2020-10-06,19,CMS,LNT,53.2115,45.9227,0.778,-0.85,0,0.0,0.0,0.0,HOLD_CASH
2020-10-07,19,CMS,LNT,53.313,45.661,0.778,-0.3784,0,0.0,0.0,0.0,HOLD_CASH
2020-10-08,19,CMS,LNT,54.0407,46.5897,0.778,-0.6253,0,0.0,0.0,0.0,HOLD_CASH
2020-10-09,19,CMS,LNT,54.4383,46.2182,0.778,0.7039,0,0.0,0.0,0.0,HOLD_CASH
2020-10-12,19,CMS,LNT,55.0645,46.2013,0.778,1.6562,0,0.0,0.0,0.0,HOLD_CASH
2020-10-13,19,CMS,LNT,54.7937,45.661,0.778,1.8304,0,0.0,0.0,0.0,HOLD_CASH
2020-10-14,19,CMS,LNT,54.8191,45.6356,0.778,1.6693,0,0.0,0.0,0.0,HOLD_CASH
2020-10-15,19,CMS,LNT,54.8021,46.0578,0.778,0.9198,0,0.0,0.0,0.0,HOLD_CASH
2020-10-16,19,CMS,LNT,55.2337,46.3449,0.778,1.1091,0,0.0,0.0,0.0,HOLD_CASH
2020-10-19,19,CMS,LNT,54.7852,46.2013,0.778,0.6071,0,0.0,0.0,0.0,HOLD_CASH
2020-10-20,19,CMS,LNT,55.0052,46.5559,0.778,0.487,0,0.0,0.0,0.0,HOLD_CASH
2020-10-21,19,CMS,LNT,55.1491,46.9781,0.778,0.0915,0,0.0,0.0,0.0,HOLD_CASH
2020-10-22,19,CMS,LNT,55.6313,47.6705,0.778,-0.1509,0,0.0,0.0,0.0,HOLD_CASH
2020-10-23,19,CMS,LNT,55.7159,47.8478,0.778,-0.2438,0,0.0,0.0,0.0,HOLD_CASH
2020-10-26,19,CMS,LNT,55.9698,47.9828,0.778,-0.0318,0,0.0,0.0,0.0,HOLD_CASH
2020-10-27,19,CMS,LNT,55.5721,48.2615,0.778,-0.945,0,0.0,0.0,0.0,HOLD_CASH
2020-10-28,19,CMS,LNT,54.1253,46.8768,0.778,-1.1497,0,0.0,0.0,0.0,HOLD_CASH
2020-10-29,19,CMS,LNT,53.7276,47.2424,0.778,-1.9193,0,0.0,0.0,0.0,HOLD_CASH
2020-10-30,19,CMS,LNT,53.5838,46.9958,0.778,-1.6912,0,0.0,0.0,0.0,HOLD_CASH
2020-11-02,19,CMS,LNT,54.4468,48.1945,0.778,-1.8141,0,0.0,0.0,0.0,HOLD_CASH
2020-11-03,19,CMS,LNT,55.2506,47.982,0.778,-0.6478,0,0.0,0.0,0.0,HOLD_CASH
2020-11-04,19,CMS,LNT,54.6245,47.0468,0.778,-0.3933,0,0.0,0.0,0.0,HOLD_CASH
2020-11-05,19,CMS,LNT,54.8697,46.6558,0.778,0.2877,0,0.0,0.0,0.0,HOLD_CASH
2020-11-06,19,CMS,LNT,54.6483,46.3922,0.778,0.3086,0,0.0,0.0,0.0,HOLD_CASH
2020-11-09,19,CMS,LNT,56.3172,48.1435,0.778,0.4345,0,0.0,0.0,0.0,HOLD_CASH
2020-11-10,19,CMS,LNT,57.1432,48.424,0.778,1.1517,0,0.0,0.0,0.0,HOLD_CASH
2020-11-11,19,CMS,LNT,57.058,48.8151,0.778,0.6908,0,0.0,0.0,0.0,HOLD_CASH
2020-11-12,19,CMS,LNT,55.2018,47.7184,0.778,-0.3693,0,0.0,0.0,0.0,HOLD_CASH
2020-11-13,19,CMS,LNT,55.4061,47.7779,0.778,-0.0925,0,0.0,0.0,0.0,HOLD_CASH
2020-11-16,19,CMS,LNT,56.2491,47.982,0.778,0.8654,0,0.0,0.0,0.0,HOLD_CASH
2020-11-17,19,CMS,LNT,54.3503,46.5282,0.778,0.0777,0,0.0,0.0,0.0,HOLD_CASH
2020-11-18,19,CMS,LNT,52.3663,45.1085,0.778,-0.9072,0,0.0,0.0,0.0,HOLD_CASH
2020-11-19,19,CMS,LNT,51.583,44.6069,0.778,-1.2775,0,0.0,0.0,0.0,HOLD_CASH
2020-11-20,19,CMS,LNT,52.1535,44.947,0.778,-0.8012,0,0.0,0.0,0.0,HOLD_CASH
2020-11-23,19,CMS,LNT,52.3152,44.845,0.778,-0.3707,0,0.0,0.0,0.0,HOLD_CASH
2020-11-24,19,CMS,LNT,53.056,45.372,0.778,0.012,0,0.0,0.0,0.0,HOLD_CASH
2020-11-25,19,CMS,LNT,53.3881,45.4911,0.778,0.3041,0,0.0,0.0,0.0,HOLD_CASH
2020-11-27,19,CMS,LNT,52.775,44.8534,0.778,0.183,0,0.0,0.0,0.0,HOLD_CASH
2020-11-30,19,CMS,LNT,52.4004,44.7174,0.778,-0.3065,0,0.0,0.0,0.0,HOLD_CASH
2020-12-01,19,CMS,LNT,52.3749,45.372,0.778,-1.5141,0,0.0,0.0,0.0,HOLD_CASH
2020-12-02,19,CMS,LNT,52.6133,45.7546,0.778,-1.5489,0,0.0,0.0,0.0,HOLD_CASH
2020-12-03,19,CMS,LNT,51.898,45.3635,0.778,-1.8712,0,0.0,0.0,0.0,HOLD_CASH
2020-12-04,19,CMS,LNT,50.8933,44.9555,0.778,-2.3197,1,0.0,-0.0833,-0.0833,ENTER_LONG_A
2020-12-07,19,CMS,LNT,51.6851,45.3465,0.778,-1.5117,1,0.4121,-0.0833,0.3287,HOLDING
2020-12-08,19,CMS,LNT,51.2594,44.8534,0.778,-1.343,1,0.42,-0.0833,0.3366,HOLDING
2020-12-09,19,CMS,LNT,50.9188,44.4624,0.778,-1.2526,1,0.4235,-0.0833,0.3401,HOLDING
2020-12-10,19,CMS,LNT,50.6123,44.0883,0.778,-1.1224,1,0.4446,-0.0833,0.3613,HOLDING
2020-12-11,19,CMS,LNT,50.5612,43.9608,0.778,-0.9327,1,0.501,-0.0833,0.4176,HOLDING
2020-12-14,19,CMS,LNT,50.4249,43.6463,0.778,-0.6444,1,0.6306,-0.0833,0.5473,HOLDING
2020-12-15,19,CMS,LNT,51.0891,44.5304,0.778,-0.7723,1,0.5251,-0.0833,0.4418,HOLDING
2020-12-16,19,CMS,LNT,50.4505,43.9013,0.778,-0.8186,1,0.4473,-0.0833,0.364,HOLDING
2020-12-17,19,CMS,LNT,50.6719,43.9778,0.778,-0.4946,1,0.5891,-0.0833,0.5058,HOLDING
2020-12-18,19,CMS,LNT,50.4335,43.3997,0.778,0.0062,1,0.8385,-0.0833,0.7551,HOLDING
2020-12-21,19,CMS,LNT,49.3861,42.7961,0.778,-0.8097,1,0.3635,-0.0833,0.2802,HOLDING
2020-12-22,19,CMS,LNT,49.0455,42.6601,0.778,-1.0859,1,0.1602,-0.0833,0.0769,HOLDING
2020-12-23,19,CMS,LNT,49.0541,42.116,0.778,-0.1115,1,0.6094,-0.0833,0.526,HOLDING
2020-12-24,19,CMS,LNT,49.5224,42.5241,0.778,0.2182,1,0.7097,-0.0833,0.6263,HOLDING
2020-12-28,19,CMS,LNT,50.0843,42.7706,0.778,1.3,1,1.0272,-0.0833,0.9439,HOLDING
2020-12-29,19,CMS,LNT,50.3738,42.9151,0.778,2.0444,1,1.1766,-0.0833,1.0933,HOLDING
2020-12-30,19,CMS,LNT,51.0125,43.1532,0.778,2.6677,1,1.5717,-0.0833,1.4883,HOLDING
2020-12-31,19,CMS,LNT,51.9491,43.8078,0.778,2.6666,1,1.9033,-0.0833,1.8199,HOLDING
2021-01-04,19,CMS,LNT,50.757,42.9236,0.778,1.6666,1,1.5226,-0.0833,1.4393,HOLDING
2021-01-05,19,CMS,LNT,49.8545,42.7196,0.778,0.2531,1,0.8569,-0.0833,0.7736,HOLDING
2021-01-06,19,CMS,LNT,50.8592,43.3572,0.778,0.9915,1,1.265,-0.0833,1.1817,HOLDING
2021-01-07,19,CMS,LNT,49.3436,41.7504,0.778,0.8185,1,1.1725,-0.0833,1.0892,HOLDING
2021-01-08,19,CMS,LNT,49.1137,41.9545,0.778,-0.0667,1,0.7953,-0.0833,0.7119,HOLDING
2021-01-11,19,CMS,LNT,48.6453,41.2744,0.778,0.1968,1,0.9156,-0.0833,0.8323,HOLDING
2021-01-12,19,CMS,LNT,47.9982,40.8323,0.778,-0.3591,1,0.6783,-0.0833,0.5949,HOLDING
2021-01-13,19,CMS,LNT,49.1903,41.4444,0.778,0.9187,1,1.2796,-0.0833,1.1963,HOLDING
2021-01-14,19,CMS,LNT,49.2329,40.8833,0.778,1.8213,1,1.7739,-0.0833,1.6906,HOLDING
2021-01-15,19,CMS,LNT,49.9141,42.0565,0.778,0.9242,1,1.4496,-0.0833,1.3663,HOLDING
2021-01-19,19,CMS,LNT,49.599,42.1925,0.778,-0.0005,1,1.0492,-0.0833,0.9658,HOLDING
2021-01-20,19,CMS,LNT,49.9822,42.4391,0.778,0.2793,1,1.2021,-0.0833,1.1187,HOLDING
2021-01-21,19,CMS,LNT,49.4798,42.2945,0.778,-0.5752,1,0.8566,-0.0833,0.7733,HOLDING
2021-01-22,19,CMS,LNT,49.7352,42.0055,0.778,0.5031,1,1.3263,-0.0833,1.243,HOLDING
2021-01-25,19,CMS,LNT,50.6804,42.9321,0.778,0.6637,1,1.4451,-0.0833,1.3618,HOLDING
2021-01-26,19,CMS,LNT,50.0503,42.371,0.778,0.28,1,1.32,-0.0833,1.2366,HOLDING
2021-01-27,19,CMS,LNT,48.7901,41.6399,0.778,-1.3528,1,0.7524,-0.0833,0.6691,HOLDING
2021-01-28,19,CMS,LNT,48.7475,41.9682,0.778,-1.9648,1,0.4469,-0.0833,0.3636,HOLDING
2021-01-29,19,CMS,LNT,48.4325,41.7025,0.778,-1.8477,1,0.3723,-0.0833,0.289,HOLDING
2021-02-01,19,CMS,LNT,48.6879,41.9597,0.778,-1.6389,1,0.399,-0.0833,0.3157,HOLDING
2021-02-02,19,CMS,LNT,48.8923,42.0197,0.778,-1.1605,1,0.5385,-0.0833,0.4552,HOLDING
2021-02-03,19,CMS,LNT,48.7049,42.0968,0.778,-1.5829,1,0.3034,-0.0833,0.2201,HOLDING
2021-02-04,19,CMS,LNT,48.7865,42.3968,0.778,-1.7234,1,0.1351,-0.0833,0.0518,HOLDING
2021-02-05,19,CMS,LNT,49.2927,42.5854,0.778,-0.9462,1,0.4484,-0.0833,0.3651,HOLDING
2021-02-08,19,CMS,LNT,48.4261,42.054,0.778,-1.5354,1,0.0814,-0.0833,-0.002,HOLDING
2021-02-09,19,CMS,LNT,48.5462,41.8654,0.778,-0.9114,1,0.345,-0.0833,0.2617,HOLDING
2021-02-10,19,CMS,LNT,48.8465,42.1054,0.778,-0.7202,1,0.4269,-0.0833,0.3435,HOLDING
2021-02-11,19,CMS,LNT,48.5462,41.7539,0.778,-0.6159,1,0.4354,-0.0833,0.352,HOLDING
2021-02-12,19,CMS,LNT,48.3746,41.3939,0.778,-0.2401,1,0.5694,-0.0833,0.486,HOLDING
2021-02-16,19,CMS,LNT,47.5767,40.991,0.778,-1.079,1,0.1613,-0.0833,0.0779,HOLDING
2021-02-17,19,CMS,LNT,47.9027,41.3425,0.778,-0.958,1,0.1765,-0.0833,0.0932,HOLDING
2021-02-18,19,CMS,LNT,48.5805,41.6682,0.778,-0.0203,1,0.5365,-0.0833,0.4532,HOLDING
2021-02-19,19,CMS,LNT,48.0314,40.8282,0.778,0.5136,1,0.7122,-0.0833,0.6288,HOLDING
2021-02-22,19,CMS,LNT,47.0018,40.3996,0.778,-0.9914,1,0.1116,-0.0833,0.0283,HOLDING
2021-02-23,19,CMS,LNT,47.7826,41.3425,0.778,-1.203,1,0.0659,-0.0833,-0.0175,HOLDING
2021-02-24,19,CMS,LNT,46.8216,40.7424,0.778,-2.609,1,-0.3324,-0.0833,-0.4158,HOLDING
2021-02-25,19,CMS,LNT,47.242,40.6053,0.778,-0.5044,1,0.166,-0.0833,0.0827,HOLDING
2021-02-26,19,CMS,LNT,46.4269,39.5681,0.778,0.0392,1,0.2566,-0.0833,0.1733,HOLDING
2021-03-01,19,CMS,LNT,47.0361,40.3653,0.778,-0.3965,1,0.171,-0.0833,0.0877,HOLDING
2021-03-02,19,CMS,LNT,47.0876,40.3824,0.778,-0.2175,1,0.2045,-0.0833,0.1212,HOLDING
2021-03-03,19,CMS,LNT,46.2296,40.211,0.778,-2.4432,1,-0.4466,-0.0833,-0.5299,HOLDING
2021-03-04,19,CMS,LNT,46.2553,40.4596,0.778,-2.431,1,-0.6245,-0.0833,-0.7078,HOLDING
2021-03-05,19,CMS,LNT,47.508,41.4796,0.778,-1.3248,1,-0.2982,-0.0833,-0.3816,HOLDING
2021-03-08,19,CMS,LNT,48.1773,42.6111,0.778,-1.8728,1,-0.5997,-0.0833,-0.683,HOLDING
2021-03-09,19,CMS,LNT,48.5033,42.7568,0.778,-1.2762,1,-0.4176,-0.0833,-0.501,HOLDING
2021-03-10,19,CMS,LNT,48.9838,43.194,0.778,-0.9636,1,0.0,-0.4932,-0.4932,PERIOD_END_EXIT
2020-09-09,20,AEE,WEC,66.7901,81.5254,0.9117,0.0,0,0.0,0.0,0.0,HOLD_CASH
2020-09-10,20,AEE,WEC,65.154,80.0245,0.9117,0.0,0,0.0,0.0,0.0,HOLD_CASH
2020-09-11,20,AEE,WEC,65.2733,80.0162,0.9117,0.0,0,0.0,0.0,0.0,HOLD_CASH
2020-09-14,20,AEE,WEC,65.5971,81.0335,0.9117,0.0,0,0.0,0.0,0.0,HOLD_CASH
2020-09-15,20,AEE,WEC,66.0402,82.6761,0.9117,0.0,0,0.0,0.0,0.0,HOLD_CASH
2020-09-16,20,AEE,WEC,66.4152,82.3676,0.9117,0.0,0,0.0,0.0,0.0,HOLD_CASH
2020-09-17,20,AEE,WEC,66.1425,80.1412,0.9117,0.0,0,0.0,0.0,0.0,HOLD_CASH
2020-09-18,20,AEE,WEC,65.4949,79.1073,0.9117,0.0,0,0.0,0.0,0.0,HOLD_CASH
2020-09-21,20,AEE,WEC,65.2904,79.0989,0.9117,0.0,0,0.0,0.0,0.0,HOLD_CASH
2020-09-22,20,AEE,WEC,65.6653,79.5492,0.9117,0.0,0,0.0,0.0,0.0,HOLD_CASH
2020-09-23,20,AEE,WEC,64.4297,77.598,0.9117,0.0,0,0.0,0.0,0.0,HOLD_CASH
2020-09-24,20,AEE,WEC,65.3585,78.3818,0.9117,0.0,0,0.0,0.0,0.0,HOLD_CASH
2020-09-25,20,AEE,WEC,66.6452,80.308,0.9117,0.0,0,0.0,0.0,0.0,HOLD_CASH
2020-09-28,20,AEE,WEC,66.8242,80.4498,0.9117,0.0,0,0.0,0.0,0.0,HOLD_CASH
2020-09-29,20,AEE,WEC,67.3355,80.5999,0.9117,0.0,0,0.0,0.0,0.0,HOLD_CASH
2020-09-30,20,AEE,WEC,67.3866,80.8,0.9117,0.0,0,0.0,0.0,0.0,HOLD_CASH
2020-10-01,20,AEE,WEC,68.0513,81.9257,0.9117,0.0,0,0.0,0.0,0.0,HOLD_CASH
2020-10-02,20,AEE,WEC,68.0086,81.4754,0.9117,0.0,0,0.0,0.0,0.0,HOLD_CASH
2020-10-05,20,AEE,WEC,68.7841,81.834,0.9117,0.0,0,0.0,0.0,0.0,HOLD_CASH
2020-10-06,20,AEE,WEC,69.2783,82.1425,0.9117,1.6676,0,0.0,0.0,0.0,HOLD_CASH
2020-10-07,20,AEE,WEC,68.7585,81.7589,0.9117,1.2832,0,0.0,0.0,0.0,HOLD_CASH
2020-10-08,20,AEE,WEC,69.6447,82.5761,0.9117,1.379,0,0.0,0.0,0.0,HOLD_CASH
2020-10-09,20,AEE,WEC,69.9174,82.918,0.9117,1.2495,0,0.0,0.0,0.0,HOLD_CASH
2020-10-12,20,AEE,WEC,70.335,83.2432,0.9117,1.2934,0,0.0,0.0,0.0,HOLD_CASH
2020-10-13,20,AEE,WEC,69.1505,82.6345,0.9117,0.5383,0,0.0,0.0,0.0,HOLD_CASH
2020-10-14,20,AEE,WEC,69.3209,83.043,0.9117,0.2724,0,0.0,0.0,0.0,HOLD_CASH
2020-10-15,20,AEE,WEC,69.1505,83.3516,0.9117,-0.436,0,0.0,0.0,0.0,HOLD_CASH
2020-10-16,20,AEE,WEC,70.2072,84.6857,0.9117,-0.4143,0,0.0,0.0,0.0,HOLD_CASH
2020-10-19,20,AEE,WEC,69.568,83.7185,0.9117,-0.3524,0,0.0,0.0,0.0,HOLD_CASH
2020-10-20,20,AEE,WEC,69.9941,83.9102,0.9117,0.0751,0,0.0,0.0,0.0,HOLD_CASH
2020-10-21,20,AEE,WEC,70.1219,84.2938,0.9117,-0.3454,0,0.0,0.0,0.0,HOLD_CASH
2020-10-22,20,AEE,WEC,70.7525,84.8858,0.9117,-0.0039,0,0.0,0.0,0.0,HOLD_CASH
2020-10-23,20,AEE,WEC,71.0593,85.186,0.9117,0.094,0,0.0,0.0,0.0,HOLD_CASH
2020-10-26,20,AEE,WEC,71.6302,85.2277,0.9117,1.2344,0,0.0,0.0,0.0,HOLD_CASH
2020-10-27,20,AEE,WEC,71.741,85.4445,0.9117,0.9996,0,0.0,0.0,0.0,HOLD_CASH
2020-10-28,20,AEE,WEC,69.338,83.1848,0.9117,-0.6313,0,0.0,0.0,0.0,HOLD_CASH
2020-10-29,20,AEE,WEC,69.3124,83.7351,0.9117,-1.6608,0,0.0,0.0,0.0,HOLD_CASH
2020-10-30,20,AEE,WEC,69.1249,83.8435,0.9117,-1.9892,0,0.0,0.0,0.0,HOLD_CASH
2020-11-02,20,AEE,WEC,70.9059,86.0032,0.9117,-1.4633,0,0.0,0.0,0.0,HOLD_CASH
2020-11-03,20,AEE,WEC,71.8518,86.9288,0.9117,-0.8815,0,0.0,0.0,0.0,HOLD_CASH
2020-11-04,20,AEE,WEC,71.1104,84.8942,0.9117,0.725,0,0.0,0.0,0.0,HOLD_CASH
2020-11-05,20,AEE,WEC,70.2753,84.7191,0.9117,-0.619,0,0.0,0.0,0.0,HOLD_CASH
2020-11-06,20,AEE,WEC,69.747,85.3528,0.9117,-2.2981,1,0.0,-0.0833,-0.0833,ENTER_LONG_A
2020-11-09,20,AEE,WEC,70.7611,86.5786,0.9117,-1.9053,1,0.063,-0.0833,-0.0203,HOLDING
2020-11-10,20,AEE,WEC,70.2668,87.4291,0.9117,-2.8615,1,-0.6419,-0.0833,-0.7252,HOLDING
2020-11-11,20,AEE,WEC,70.1901,87.0789,0.9117,-2.1315,1,-0.5268,-0.0833,-0.6101,HOLDING
2020-11-12,20,AEE,WEC,69.3124,85.9488,0.9117,-1.8668,1,-0.5491,-0.0833,-0.6325,HOLDING
2020-11-13,20,AEE,WEC,69.9771,85.6888,0.9117,-0.8214,1,-0.0127,-0.0833,-0.096,HOLDING
2020-11-16,20,AEE,WEC,71.8603,87.2743,0.9117,-0.034,1,0.4261,-0.0833,0.3427,HOLDING
2020-11-17,20,AEE,WEC,68.6818,84.0444,0.9117,-0.7998,1,-0.0565,-0.0833,-0.1399,HOLDING
2020-11-18,20,AEE,WEC,67.3696,81.1669,0.9117,0.1945,1,0.4631,-0.0833,0.3798,HOLDING
2020-11-19,20,AEE,WEC,66.7645,80.1602,0.9117,0.4086,1,0.5538,-0.0833,0.4704,HOLDING
2020-11-20,20,AEE,WEC,66.8498,80.6216,0.9117,0.1398,1,0.3922,-0.0833,0.3089,HOLDING
2020-11-23,20,AEE,WEC,67.5741,80.3699,0.9117,1.3147,1,0.9621,-0.0833,0.8787,HOLDING
2020-11-24,20,AEE,WEC,67.3781,80.739,0.9117,0.8138,1,0.6677,-0.0833,0.5844,HOLDING
2020-11-25,20,AEE,WEC,68.6648,80.5377,0.9117,2.2781,1,1.5656,-0.0833,1.4823,HOLDING
2020-11-27,20,AEE,WEC,67.3099,80.3196,0.9117,0.8678,1,0.8204,-0.0833,0.7371,HOLDING
2020-11-30,20,AEE,WEC,66.2788,79.6568,0.9117,0.2477,1,0.4846,-0.0833,0.4012,HOLDING
2020-12-01,20,AEE,WEC,66.9009,80.2021,0.9117,0.462,1,0.6195,-0.0833,0.5361,HOLDING
2020-12-02,20,AEE,WEC,66.8838,80.3363,0.9117,0.326,1,0.5463,-0.0833,0.463,HOLDING
2020-12-03,20,AEE,WEC,66.3896,79.1786,0.9117,0.8025,1,0.7765,-0.0833,0.6931,HOLDING
2020-12-04,20,AEE,WEC,65.6823,78.2642,0.9117,0.7665,1,0.7602,-0.0833,0.6769,HOLDING
2020-12-07,20,AEE,WEC,66.6367,78.5662,0.9117,1.4199,1,1.2161,-0.0833,1.1327,HOLDING
2020-12-08,20,AEE,WEC,66.2722,78.3816,0.9117,1.0625,1,1.0742,-0.0833,0.9908,HOLDING
2020-12-09,20,AEE,WEC,66.7354,77.8028,0.9117,1.8541,1,1.6332,-0.0833,1.5499,HOLDING
2020-12-10,20,AEE,WEC,66.3408,77.1652,0.9117,1.796,1,1.6835,-0.0833,1.6001,HOLDING
2020-12-11,20,AEE,WEC,66.4523,77.3833,0.9117,1.6455,1,1.6516,-0.0833,1.5683,HOLDING
2020-12-14,20,AEE,WEC,66.255,76.8296,0.9117,1.7206,1,1.7861,-0.0833,1.7028,HOLDING
2020-12-15,20,AEE,WEC,67.5331,77.9538,0.9117,1.8584,1,2.0615,-0.0833,1.9781,HOLDING
2020-12-16,20,AEE,WEC,66.9069,77.4084,0.9117,1.5244,1,1.924,-0.0833,1.8407,HOLDING
2020-12-17,20,AEE,WEC,67.5417,77.3665,0.9117,1.9226,1,2.3403,-0.0833,2.2569,HOLDING
2020-12-18,20,AEE,WEC,67.6446,76.6115,0.9117,2.1673,1,2.7562,-0.0833,2.6728,HOLDING
2020-12-21,20,AEE,WEC,66.1178,75.5544,0.9117,1.406,1,2.2941,-0.0833,2.2107,HOLDING
2020-12-22,20,AEE,WEC,65.6631,75.0594,0.9117,1.2142,1,2.2404,-0.0833,2.1571,HOLDING
2020-12-23,20,AEE,WEC,64.9512,74.3967,0.9117,0.9536,1,2.104,-0.0833,2.0207,HOLDING
2020-12-24,20,AEE,WEC,65.5945,75.0259,0.9117,0.9966,1,2.2131,-0.0833,2.1298,HOLDING
2020-12-28,20,AEE,WEC,65.8347,75.9068,0.9117,0.5321,1,1.9531,-0.0833,1.8698,HOLDING
2020-12-29,20,AEE,WEC,65.6803,75.7642,0.9117,0.4195,1,1.923,-0.0833,1.8397,HOLDING
2020-12-30,20,AEE,WEC,66.0234,75.9655,0.9117,0.518,1,2.0437,-0.0833,1.9604,HOLDING
2020-12-31,20,AEE,WEC,66.9584,77.2071,0.9117,0.3908,1,2.0499,-0.0833,1.9666,HOLDING
2021-01-04,20,AEE,WEC,65.3029,75.8229,0.9117,-0.3915,1,1.6598,-0.0833,1.5764,HOLDING
2021-01-05,20,AEE,WEC,64.9855,75.5796,0.9117,-0.7705,1,1.5747,-0.0833,1.4914,HOLDING
2021-01-06,20,AEE,WEC,65.5259,76.536,0.9117,-1.2002,1,1.4671,-0.0833,1.3838,HOLDING
2021-01-07,20,AEE,WEC,63.6817,74.0443,0.9117,-1.2446,1,1.4747,-0.0833,1.3913,HOLDING
2021-01-08,20,AEE,WEC,64.3336,73.7843,0.9117,0.3486,1,2.0032,-0.0833,1.9199,HOLDING
2021-01-11,20,AEE,WEC,64.3679,72.9538,0.9117,1.5257,1,2.4114,-0.0833,2.328,HOLDING
2021-01-12,20,AEE,WEC,63.6817,71.5359,0.9117,2.0261,1,2.6426,-0.0833,2.5593,HOLDING
2021-01-13,20,AEE,WEC,64.7625,73.7088,0.9117,0.7844,1,2.3064,-0.0833,2.2231,HOLDING
2021-01-14,20,AEE,WEC,63.4672,72.8698,0.9117,-0.2957,1,1.8875,-0.0833,1.8042,HOLDING
2021-01-15,20,AEE,WEC,63.8103,74.4051,0.9117,-1.624,1,1.3871,-0.0833,1.3038,HOLDING
2021-01-19,20,AEE,WEC,62.6094,73.7171,0.9117,-2.1997,1,0.9569,-0.0833,0.8736,HOLDING
2021-01-20,20,AEE,WEC,62.2234,74.1198,0.9117,-2.5463,1,0.5281,-0.0833,0.4448,HOLDING
2021-01-21,20,AEE,WEC,61.5372,73.6836,0.9117,-2.3637,1,0.3024,-0.0833,0.219,HOLDING
2021-01-22,20,AEE,WEC,62.5151,73.3061,0.9117,-0.9379,1,1.0893,-0.0833,1.006,HOLDING
2021-01-25,20,AEE,WEC,64.4022,75.0343,0.9117,-0.3418,1,1.4641,-0.0833,1.3807,HOLDING
2021-01-26,20,AEE,WEC,64.5137,74.9504,0.9117,-0.1146,1,1.5728,-0.0833,1.4895,HOLDING
2021-01-27,20,AEE,WEC,64.4108,76.2088,0.9117,-1.1089,1,0.9225,-0.0833,0.8392,HOLDING
2021-01-28,20,AEE,WEC,63.3986,75.0846,0.9117,-1.1341,1,0.8134,-0.0833,0.73,HOLDING
2021-01-29,20,AEE,WEC,62.3778,74.5813,0.9117,-1.5499,1,0.4098,-0.0833,0.3265,HOLDING
2021-02-01,20,AEE,WEC,62.4808,74.2876,0.9117,-1.1182,1,0.6108,-0.0833,0.5275,HOLDING
2021-02-02,20,AEE,WEC,62.4207,73.65,0.9117,-0.6593,1,0.8702,-0.0833,0.7869,HOLDING
2021-02-03,20,AEE,WEC,62.395,73.1718,0.9117,-0.31,1,1.0768,-0.0833,0.9934,HOLDING
2021-02-04,20,AEE,WEC,63.4158,72.7775,0.9117,0.8491,1,1.8983,-0.0833,1.815,HOLDING
2021-02-05,20,AEE,WEC,63.6474,72.8363,0.9117,0.9487,1,2.0157,-0.0833,1.9324,HOLDING
2021-02-08,20,AEE,WEC,62.2663,71.452,0.9117,0.7197,1,1.7971,-0.0833,1.7138,HOLDING
2021-02-09,20,AEE,WEC,62.841,71.6953,0.9117,1.1138,1,2.043,-0.0833,1.9597,HOLDING
2021-02-10,20,AEE,WEC,62.9954,72.0561,0.9117,1.1366,1,1.9716,-0.0833,1.8882,HOLDING
2021-02-11,20,AEE,WEC,62.2406,70.9889,0.9117,1.2827,1,1.9967,-0.0833,1.9134,HOLDING
2021-02-12,20,AEE,WEC,62.8582,70.2279,0.9117,2.1782,1,2.737,-0.0833,2.6537,HOLDING
2021-02-16,20,AEE,WEC,62.3264,68.6466,0.9117,2.2968,1,3.1409,-0.0833,3.0576,HOLDING
2021-02-17,20,AEE,WEC,62.8753,69.3653,0.9117,1.9113,1,3.1494,-0.0833,3.066,HOLDING
2021-02-18,20,AEE,WEC,63.553,70.5915,0.9117,1.4997,1,3.002,-0.0833,2.9186,HOLDING
2021-02-19,20,AEE,WEC,62.0433,70.3801,0.9117,0.5394,1,2.1569,-0.0833,2.0735,HOLDING
2021-02-22,20,AEE,WEC,60.9024,69.3738,0.9117,0.2516,1,1.9124,-0.0833,1.8291,HOLDING
2021-02-23,20,AEE,WEC,61.6401,71.0481,0.9117,-0.1946,1,1.5938,-0.0833,1.5105,HOLDING
2021-02-24,20,AEE,WEC,61.2456,69.2808,0.9117,0.4995,1,2.1702,-0.0833,2.0868,HOLDING
2021-02-25,20,AEE,WEC,61.2541,69.1539,0.9117,0.5095,1,2.2346,-0.0833,2.1512,HOLDING
2021-02-26,20,AEE,WEC,60.2763,68.1899,0.9117,0.2871,1,2.0723,-0.0833,1.9889,HOLDING
2021-03-01,20,AEE,WEC,61.3228,70.008,0.9117,-0.1568,1,1.8798,-0.0833,1.7965,HOLDING
2021-03-02,20,AEE,WEC,61.683,70.211,0.9117,-0.0992,1,2.0105,-0.0833,1.9271,HOLDING
2021-03-03,20,AEE,WEC,61.014,69.5598,0.9117,-0.3925,1,1.8955,-0.0833,1.8121,HOLDING
2021-03-04,20,AEE,WEC,61.0569,69.5767,0.9117,-0.5086,1,1.9144,-0.0833,1.8311,HOLDING
2021-03-05,20,AEE,WEC,62.4979,71.4371,0.9117,-0.5823,1,1.9488,-0.0833,1.8655,HOLDING
2021-03-08,20,AEE,WEC,63.6388,73.0015,0.9117,-0.7064,1,1.9335,-0.0833,1.8501,HOLDING
2021-03-09,20,AEE,WEC,64.5721,73.3566,0.9117,0.0786,1,2.3514,-0.0833,2.2681,HOLDING
2021-03-10,20,AEE,WEC,65.8425,73.7541,0.9117,1.1752,1,0.0,2.8015,2.8015,PERIOD_END_EXIT
