Date,Pair_Rank,Ticker_A,Ticker_B,Price_A,Price_B,ZScore,Position,Unrealized_PnL,Realized_PnL,Cumulative_PnL,Status
2019-06-10,1,WEC,XEL,66.6844,48.309,0.0,0,0.0,0.0,0.0,HOLD_CASH
2019-06-11,1,WEC,XEL,66.1041,47.8443,0.0,0,0.0,0.0,0.0,HOLD_CASH
2019-06-12,1,WEC,XEL,67.1841,48.5209,0.0,0,0.0,0.0,0.0,HOLD_CASH
2019-06-13,1,WEC,XEL,67.3856,48.7959,0.0,0,0.0,0.0,0.0,HOLD_CASH
2019-06-14,1,WEC,XEL,67.9498,49.272,0.0,0,0.0,0.0,0.0,HOLD_CASH
2019-06-17,1,WEC,XEL,67.8047,49.1488,0.0,0,0.0,0.0,0.0,HOLD_CASH
2019-06-18,1,WEC,XEL,67.9014,49.313,0.0,0,0.0,0.0,0.0,HOLD_CASH
2019-06-19,1,WEC,XEL,68.4575,49.9122,0.0,0,0.0,0.0,0.0,HOLD_CASH
2019-06-20,1,WEC,XEL,68.8202,50.3226,0.0,0,0.0,0.0,0.0,HOLD_CASH
2019-06-21,1,WEC,XEL,68.8444,50.5114,0.0,0,0.0,0.0,0.0,HOLD_CASH
2019-06-24,1,WEC,XEL,68.7154,50.2897,0.0,0,0.0,0.0,0.0,HOLD_CASH
2019-06-25,1,WEC,XEL,68.4575,50.0599,0.0,0,0.0,0.0,0.0,HOLD_CASH
2019-06-26,1,WEC,XEL,67.1599,48.7959,0.0,0,0.0,0.0,0.0,HOLD_CASH
2019-06-27,1,WEC,XEL,66.9584,48.6564,0.0,0,0.0,0.0,0.0,HOLD_CASH
2019-06-28,1,WEC,XEL,67.1922,48.8287,0.0,0,0.0,0.0,0.0,HOLD_CASH
2019-07-01,1,WEC,XEL,66.9987,48.7795,0.0,0,0.0,0.0,0.0,HOLD_CASH
2019-07-02,1,WEC,XEL,67.9014,49.3705,0.0,0,0.0,0.0,0.0,HOLD_CASH
2019-07-03,1,WEC,XEL,68.6106,49.8301,0.0,0,0.0,0.0,0.0,HOLD_CASH
2019-07-05,1,WEC,XEL,68.522,49.8137,0.0,0,0.0,0.0,0.0,HOLD_CASH
2019-07-08,1,WEC,XEL,68.7396,49.945,0.1865,0,0.0,0.0,0.0,HOLD_CASH
2019-07-09,1,WEC,XEL,69.07,49.9778,1.1681,0,0.0,0.0,0.0,HOLD_CASH
2019-07-10,1,WEC,XEL,69.4166,50.2077,1.2479,0,0.0,0.0,0.0,HOLD_CASH
2019-07-11,1,WEC,XEL,69.4085,50.2241,1.2062,0,0.0,0.0,0.0,HOLD_CASH
2019-07-12,1,WEC,XEL,68.8847,49.904,0.9246,0,0.0,0.0,0.0,HOLD_CASH
2019-07-15,1,WEC,XEL,69.5939,50.2159,1.7246,0,0.0,0.0,0.0,HOLD_CASH
2019-07-16,1,WEC,XEL,69.4246,50.0681,1.6626,0,0.0,0.0,0.0,HOLD_CASH
2019-07-17,1,WEC,XEL,70.0372,50.2979,2.1206,-1,0.0,-0.5,-0.5,ENTER_SHORT_A
2019-07-18,1,WEC,XEL,70.8028,50.8315,1.857,-1,-0.0813,-0.5,-0.5813,HOLDING
2019-07-19,1,WEC,XEL,69.5617,49.8793,1.8003,-1,-0.3833,-0.5,-0.8833,HOLDING
2019-07-22,1,WEC,XEL,69.5375,49.8301,1.7457,-1,-0.5418,-0.5,-1.0418,HOLDING
2019-07-23,1,WEC,XEL,69.1184,49.5839,1.4417,-1,-0.2697,-0.5,-0.7697,HOLDING
2019-07-24,1,WEC,XEL,69.1506,49.6249,1.2846,-1,-0.1808,-0.5,-0.6808,HOLDING
2019-07-25,1,WEC,XEL,69.199,49.4033,1.8786,-1,-1.4548,-0.5,-1.9548,HOLDING
2019-07-26,1,WEC,XEL,69.8437,49.6659,2.1004,-1,-2.4508,-0.5,-2.9508,HOLDING
2019-07-29,1,WEC,XEL,70.5207,50.0517,2.0077,-1,-2.95,-0.5,-3.45,HOLDING
2019-07-30,1,WEC,XEL,69.8437,49.7316,1.4254,-1,-2.1245,-0.5,-2.6245,HOLDING
2019-07-31,1,WEC,XEL,68.8766,48.9272,1.5519,-1,-2.6703,-0.5,-3.1703,HOLDING
2019-08-01,1,WEC,XEL,70.2628,49.8711,1.4861,-1,-2.9269,-0.5,-3.4269,HOLDING
2019-08-02,1,WEC,XEL,69.7632,49.0996,2.1745,-1,-4.9782,-0.5,-5.4782,HOLDING
2019-08-05,1,WEC,XEL,70.1419,48.9436,2.5401,-1,-7.1054,-0.5,-7.6054,HOLDING
2019-08-06,1,WEC,XEL,70.8351,49.6003,1.8802,-1,-6.3157,-0.5,-6.8157,HOLDING
2019-08-07,1,WEC,XEL,71.1252,49.8957,1.5177,-1,-5.8829,-0.5,-6.3829,HOLDING
2019-08-08,1,WEC,XEL,71.9714,50.5934,1.2072,-1,-5.4358,-0.5,-5.9358,HOLDING
2019-08-09,1,WEC,XEL,72.4308,50.7001,1.4574,-1,-6.5453,-0.5,-7.0453,HOLDING
2019-08-12,1,WEC,XEL,72.5275,50.5031,1.7196,-1,-7.8696,-0.5,-8.3696,HOLDING
2019-08-13,1,WEC,XEL,72.7466,50.38,1.9236,-1,-9.2634,-0.5,-9.7634,HOLDING
2019-08-14,1,WEC,XEL,72.1138,49.8875,1.7594,-1,-9.4526,-0.5,-9.9526,HOLDING
2019-08-15,1,WEC,XEL,73.5741,50.5031,2.0294,-1,-11.6053,-0.5,-12.1053,HOLDING
2019-08-16,1,WEC,XEL,73.3713,50.7248,1.3483,-1,-9.7798,-0.5,-10.2798,HOLDING
2019-08-19,1,WEC,XEL,74.1176,51.012,1.5023,-1,-11.0161,-0.5,-11.5161,HOLDING
2019-08-20,1,WEC,XEL,74.4827,51.2172,1.4239,-1,-11.2994,-0.5,-11.7994,HOLDING
2019-08-21,1,WEC,XEL,75.2372,51.7097,1.3474,-1,-11.5448,-0.5,-12.0448,HOLDING
2019-08-22,1,WEC,XEL,75.5617,51.9395,1.2249,-1,-11.5608,-0.5,-12.0608,HOLDING
2019-08-23,1,WEC,XEL,75.1155,51.2583,1.5978,-1,-13.3541,-0.5,-13.8541,HOLDING
2019-08-26,1,WEC,XEL,76.4703,52.1529,1.4774,-1,-13.7434,-0.5,-14.2434,HOLDING
2019-08-27,1,WEC,XEL,77.3222,52.5223,1.6273,-1,-14.9482,-0.5,-15.4482,HOLDING
2019-08-28,1,WEC,XEL,77.1599,52.5141,1.3726,-1,-14.4098,-0.5,-14.9098,HOLDING
2019-08-29,1,WEC,XEL,77.8252,53.023,1.2174,-1,-14.2551,-0.5,-14.7551,HOLDING
2019-08-30,1,WEC,XEL,77.6954,52.7111,1.4431,-1,-15.3421,-0.5,-15.8421,HOLDING
2019-09-03,1,WEC,XEL,79.2854,53.7863,1.2997,-1,-15.6735,-0.5,-16.1735,HOLDING
2019-09-04,1,WEC,XEL,79.2205,54.0243,0.7697,-1,-14.2589,-0.5,-14.7589,HOLDING
2019-09-05,1,WEC,XEL,77.3384,53.4744,-0.576,-1,-10.2738,-0.5,-10.7738,HOLDING
2019-09-06,1,WEC,XEL,75.5536,53.1871,-2.2788,-1,-5.3308,-0.5,-5.8308,HOLDING
2019-09-09,1,WEC,XEL,73.3956,52.0298,-2.5365,-1,-3.38,-0.5,-3.88,HOLDING
2019-09-10,1,WEC,XEL,73.2577,51.7015,-1.9331,-1,-4.5197,-0.5,-5.0197,HOLDING
2019-09-11,1,WEC,XEL,74.0446,51.9149,-1.3188,-1,-6.2678,-0.5,-6.7678,HOLDING
2019-09-12,1,WEC,XEL,74.2718,52.1008,-1.251,-1,-6.1548,-0.5,-6.6548,HOLDING
2019-09-13,1,WEC,XEL,73.9554,51.7208,-0.9467,-1,-6.9144,-0.5,-7.4144,HOLDING
2019-09-16,1,WEC,XEL,74.0771,51.9025,-1.001,-1,-6.4454,-0.5,-6.9454,HOLDING
2019-09-17,1,WEC,XEL,75.2859,52.646,-0.8017,-1,-7.0649,-0.5,-7.5649,HOLDING
2019-09-18,1,WEC,XEL,75.5698,52.8773,-0.774,-1,-6.9287,-0.5,-7.4287,HOLDING
2019-09-19,1,WEC,XEL,75.8375,53.0838,-0.7302,-1,-6.8579,-0.5,-7.3579,HOLDING
2019-09-20,1,WEC,XEL,76.016,53.3812,-0.8567,-1,-6.0168,-0.5,-6.5168,HOLDING
2019-09-23,1,WEC,XEL,76.2269,53.3647,-0.5896,-1,-6.8518,-0.5,-7.3518,HOLDING
2019-09-24,1,WEC,XEL,77.0707,54.0503,-0.6277,-1,-6.4556,-0.5,-6.9556,HOLDING
2019-09-25,1,WEC,XEL,77.3546,53.7364,0.0799,-1,-9.0294,-0.5,-9.5294,HOLDING
2019-09-26,1,WEC,XEL,77.8008,54.166,0.0043,-1,-8.4871,-0.5,-8.9871,HOLDING
2019-09-27,1,WEC,XEL,76.9652,53.9925,-0.4943,-1,-6.3667,-0.5,-6.8667,HOLDING
2019-09-30,1,WEC,XEL,77.1518,53.6042,0.4525,-1,-8.9624,-0.5,-9.4624,HOLDING
2019-10-01,1,WEC,XEL,77.2248,53.6538,0.7293,-1,-8.9767,-0.5,-9.4767,HOLDING
2019-10-02,1,WEC,XEL,76.5109,52.3238,2.8269,-1,-13.0389,-0.5,-13.5389,HOLDING
2019-10-03,1,WEC,XEL,76.9165,52.4312,2.6266,-1,-13.953,-0.5,-14.453,HOLDING
2019-10-04,1,WEC,XEL,77.9468,53.3895,1.8111,-1,-12.8679,-0.5,-13.3679,HOLDING
2019-10-07,1,WEC,XEL,77.2492,53.1003,1.337,-1,-11.8146,-0.5,-12.3146,HOLDING
2019-10-08,1,WEC,XEL,76.3973,52.5303,1.1883,-1,-11.6071,-0.5,-12.1071,HOLDING
2019-10-09,1,WEC,XEL,76.9814,52.8029,1.2876,-1,-12.3371,-0.5,-12.8371,HOLDING
2019-10-10,1,WEC,XEL,77.1924,52.8277,1.3522,-1,-12.9667,-0.5,-13.4667,HOLDING
2019-10-11,1,WEC,XEL,76.1052,52.3156,0.835,-1,-11.6319,-0.5,-12.1319,HOLDING
2019-10-14,1,WEC,XEL,75.221,52.2742,-0.2633,-1,-8.6808,-0.5,-9.1808,HOLDING
2019-10-15,1,WEC,XEL,74.7748,52.1669,-0.6672,-1,-7.6219,-0.5,-8.1219,HOLDING
2019-10-16,1,WEC,XEL,75.2534,52.4477,-0.5955,-1,-7.9344,-0.5,-8.4344,HOLDING
2019-10-17,1,WEC,XEL,75.367,52.5964,-0.7563,-1,-7.6008,-0.5,-8.1008,HOLDING
2019-10-18,1,WEC,XEL,75.4157,52.8773,-1.2618,-1,-6.3784,-0.5,-6.8784,HOLDING
2019-10-21,1,WEC,XEL,75.6672,53.1086,-1.3336,-1,-6.1266,-0.5,-6.6266,HOLDING
2019-10-22,1,WEC,XEL,75.6834,53.0425,-1.1924,-1,-6.513,-0.5,-7.013,HOLDING
2019-10-23,1,WEC,XEL,75.5698,53.2325,-1.5362,-1,-5.1632,-0.5,-5.6632,HOLDING
2019-10-24,1,WEC,XEL,76.2675,53.3151,-0.7712,-1,-7.243,-0.5,-7.743,HOLDING
2019-10-25,1,WEC,XEL,76.089,52.5716,0.2791,-1,-10.3013,-0.5,-10.8013,HOLDING
2019-10-28,1,WEC,XEL,75.0668,51.5803,0.756,-1,-11.5796,-0.5,-12.0796,HOLDING
2019-10-29,1,WEC,XEL,74.9938,51.696,0.4055,-1,-10.7441,-0.5,-11.2441,HOLDING
2019-10-30,1,WEC,XEL,76.089,52.3073,0.7143,-1,-11.6151,-0.5,-12.1151,HOLDING
2019-10-31,1,WEC,XEL,76.5839,52.4642,1.1245,-1,-12.6015,-0.5,-13.1015,HOLDING
2019-11-01,1,WEC,XEL,75.8781,52.1255,0.8672,-1,-11.7656,-0.5,-12.2656,HOLDING
2019-11-04,1,WEC,XEL,74.3448,50.9277,1.1248,-1,-12.2459,-0.5,-12.7459,HOLDING
2019-11-05,1,WEC,XEL,73.8256,50.0108,1.9735,-1,-14.9502,-0.5,-15.4502,HOLDING
2019-11-06,1,WEC,XEL,73.996,50.6056,1.0663,-1,-12.6021,-0.5,-13.1021,HOLDING
2019-11-07,1,WEC,XEL,72.0976,49.8373,0.1415,-1,-9.6443,-0.5,-10.1443,HOLDING
2019-11-08,1,WEC,XEL,71.2539,49.6308,-0.5134,-1,-7.6591,-0.5,-8.1591,HOLDING
2019-11-11,1,WEC,XEL,70.6941,49.6225,-1.1517,-1,-5.702,-0.5,-6.202,HOLDING
2019-11-12,1,WEC,XEL,70.7265,49.7051,-1.1905,-1,-5.4072,-0.5,-5.9072,HOLDING
2019-11-13,1,WEC,XEL,71.7312,50.9195,-1.8134,-1,-2.9577,-0.5,-3.4577,HOLDING
2019-11-14,1,WEC,XEL,71.9762,50.6386,-1.0378,-1,-5.2283,-0.5,-5.7283,HOLDING
2019-11-15,1,WEC,XEL,71.9354,50.2834,-0.5484,-1,-6.8481,-0.5,-7.3481,HOLDING
2019-11-18,1,WEC,XEL,71.8374,50.2917,-0.6845,-1,-6.4572,-0.5,-6.9572,HOLDING
2019-11-19,1,WEC,XEL,71.9844,50.6551,-1.0617,-1,-5.1754,-0.5,-5.6754,HOLDING
2019-11-20,1,WEC,XEL,72.0416,50.9608,-1.4223,-1,-3.8603,-0.5,-4.3603,HOLDING
2019-11-21,1,WEC,XEL,72.1478,50.969,-1.2354,-1,-4.1983,-0.5,-4.6983,HOLDING
2019-11-22,1,WEC,XEL,72.3111,50.6056,-0.492,-1,-6.5881,-0.5,-7.0881,HOLDING
2019-11-25,1,WEC,XEL,71.9599,50.2256,-0.2426,-1,-7.2229,-0.5,-7.7229,HOLDING
2019-11-26,1,WEC,XEL,72.7195,50.5395,0.1101,-1,-8.3743,-0.5,-8.8743,HOLDING
2019-11-27,1,WEC,XEL,72.7849,50.8534,-0.2364,-1,-7.0473,-0.5,-7.5473,HOLDING
2019-11-29,1,WEC,XEL,72.4091,50.7956,-0.4783,-1,-5.9935,-0.5,-6.4935,HOLDING
2019-12-02,1,WEC,XEL,71.527,50.556,-0.9895,-1,-4.0353,-0.5,-4.5353,HOLDING
2019-12-03,1,WEC,XEL,72.0987,50.7708,-0.607,-1,-5.0087,-0.5,-5.5087,HOLDING
2019-12-04,1,WEC,XEL,72.7685,51.2251,-0.5392,-1,-5.1413,-0.5,-5.6413,HOLDING
2019-12-05,1,WEC,XEL,73.0626,51.3325,-0.2095,-1,0.0,-6.6731,-6.6731,PERIOD_END_EXIT
2019-06-10,2,AEP,XEL,70.1454,48.309,0.0,0,0.0,0.0,0.0,HOLD_CASH
2019-06-11,2,AEP,XEL,69.5939,47.8443,0.0,0,0.0,0.0,0.0,HOLD_CASH
2019-06-12,2,AEP,XEL,70.437,48.5209,0.0,0,0.0,0.0,0.0,HOLD_CASH
2019-06-13,2,AEP,XEL,70.5946,48.7959,0.0,0,0.0,0.0,0.0,HOLD_CASH
2019-06-14,2,AEP,XEL,71.3747,49.272,0.0,0,0.0,0.0,0.0,HOLD_CASH
2019-06-17,2,AEP,XEL,70.9807,49.1488,0.0,0,0.0,0.0,0.0,HOLD_CASH
2019-06-18,2,AEP,XEL,70.7443,49.313,0.0,0,0.0,0.0,0.0,HOLD_CASH
2019-06-19,2,AEP,XEL,71.5953,49.9122,0.0,0,0.0,0.0,0.0,HOLD_CASH
2019-06-20,2,AEP,XEL,71.6032,50.3226,0.0,0,0.0,0.0,0.0,HOLD_CASH
2019-06-21,2,AEP,XEL,72.139,50.5114,0.0,0,0.0,0.0,0.0,HOLD_CASH
2019-06-24,2,AEP,XEL,71.6268,50.2897,0.0,0,0.0,0.0,0.0,HOLD_CASH
2019-06-25,2,AEP,XEL,71.2092,50.0599,0.0,0,0.0,0.0,0.0,HOLD_CASH
2019-06-26,2,AEP,XEL,69.7357,48.7959,0.0,0,0.0,0.0,0.0,HOLD_CASH
2019-06-27,2,AEP,XEL,69.2629,48.6564,0.0,0,0.0,0.0,0.0,HOLD_CASH
2019-06-28,2,AEP,XEL,69.3496,48.8287,0.0,0,0.0,0.0,0.0,HOLD_CASH
2019-07-01,2,AEP,XEL,69.4441,48.7795,0.0,0,0.0,0.0,0.0,HOLD_CASH
2019-07-02,2,AEP,XEL,70.2794,49.3705,0.0,0,0.0,0.0,0.0,HOLD_CASH
2019-07-03,2,AEP,XEL,71.028,49.8301,0.0,0,0.0,0.0,0.0,HOLD_CASH
2019-07-05,2,AEP,XEL,70.7916,49.8137,0.0,0,0.0,0.0,0.0,HOLD_CASH
2019-07-08,2,AEP,XEL,70.8625,49.945,-1.1143,0,0.0,0.0,0.0,HOLD_CASH
2019-07-09,2,AEP,XEL,71.2013,49.9778,-0.5602,0,0.0,0.0,0.0,HOLD_CASH
2019-07-10,2,AEP,XEL,71.5559,50.2077,-0.4368,0,0.0,0.0,0.0,HOLD_CASH
2019-07-11,2,AEP,XEL,71.6505,50.2241,-0.2022,0,0.0,0.0,0.0,HOLD_CASH
2019-07-12,2,AEP,XEL,71.1147,49.904,-0.2979,0,0.0,0.0,0.0,HOLD_CASH
2019-07-15,2,AEP,XEL,71.8553,50.2159,0.7604,0,0.0,0.0,0.0,HOLD_CASH
2019-07-16,2,AEP,XEL,71.3195,50.0681,-0.2383,0,0.0,0.0,0.0,HOLD_CASH
2019-07-17,2,AEP,XEL,71.7214,50.2979,0.2525,0,0.0,0.0,0.0,HOLD_CASH
2019-07-18,2,AEP,XEL,72.3045,50.8315,-0.6852,0,0.0,0.0,0.0,HOLD_CASH
2019-07-19,2,AEP,XEL,71.1383,49.8793,0.5586,0,0.0,0.0,0.0,HOLD_CASH
2019-07-22,2,AEP,XEL,71.0122,49.8301,0.2355,0,0.0,0.0,0.0,HOLD_CASH
2019-07-23,2,AEP,XEL,70.5316,49.5839,-0.6655,0,0.0,0.0,0.0,HOLD_CASH
2019-07-24,2,AEP,XEL,70.6104,49.6249,-0.5285,0,0.0,0.0,0.0,HOLD_CASH
2019-07-25,2,AEP,XEL,70.1927,49.4033,-1.1749,0,0.0,0.0,0.0,HOLD_CASH
2019-07-26,2,AEP,XEL,70.0903,49.6659,-3.1061,1,0.0,-0.5,-0.5,ENTER_LONG_A
2019-07-29,2,AEP,XEL,70.7128,50.0517,-2.2508,1,0.2784,-0.5,-0.2216,HOLDING
2019-07-30,2,AEP,XEL,69.9091,49.7316,-2.7596,1,-0.977,-0.5,-1.477,HOLDING
2019-07-31,2,AEP,XEL,69.192,48.9272,-1.1993,1,0.5143,-0.5,0.0143,HOLDING
2019-08-01,2,AEP,XEL,69.98,49.8711,-2.3591,1,-1.4264,-0.5,-1.9264,HOLDING
2019-08-02,2,AEP,XEL,69.8933,49.0996,0.3934,1,2.1481,-0.5,1.6481,HOLDING
2019-08-05,2,AEP,XEL,69.3575,48.9436,-0.4608,1,1.0219,-0.5,0.5219,HOLDING
2019-08-06,2,AEP,XEL,70.24,49.6003,-0.5344,1,0.8645,-0.5,0.3645,HOLDING
2019-08-07,2,AEP,XEL,70.7128,49.8957,-0.3366,1,1.0635,-0.5,0.5635,HOLDING
2019-08-08,2,AEP,XEL,71.0621,50.5934,-1.7862,1,-1.2023,-0.5,-1.7023,HOLDING
2019-08-09,2,AEP,XEL,71.4273,50.7001,-1.1201,1,-0.4369,-0.5,-0.9369,HOLDING
2019-08-12,2,AEP,XEL,71.7925,50.5031,0.5691,1,1.8572,-0.5,1.3572,HOLDING
2019-08-13,2,AEP,XEL,71.6496,50.38,0.6783,1,1.9673,-0.5,1.4673,HOLDING
2019-08-14,2,AEP,XEL,70.2444,49.8875,-1.1275,1,-0.5658,-0.5,-1.0658,HOLDING
2019-08-15,2,AEP,XEL,71.7369,50.5031,0.5861,1,1.6591,-0.5,1.1591,HOLDING
2019-08-16,2,AEP,XEL,71.6337,50.7248,-0.4771,1,0.1754,-0.5,-0.3246,HOLDING
2019-08-19,2,AEP,XEL,71.8878,51.012,-0.8247,1,-0.3644,-0.5,-0.8644,HOLDING
2019-08-20,2,AEP,XEL,72.0624,51.2172,-1.0542,1,-0.7745,-0.5,-1.2745,HOLDING
2019-08-21,2,AEP,XEL,72.5229,51.7097,-1.5568,1,-1.6109,-0.5,-2.1109,HOLDING
2019-08-22,2,AEP,XEL,72.2212,51.9395,-2.5908,1,-3.8438,-0.5,-4.3438,HOLDING
2019-08-23,2,AEP,XEL,71.1177,51.2583,-2.352,1,-4.3507,-0.5,-4.8507,HOLDING
2019-08-26,2,AEP,XEL,72.1101,52.1529,-2.2787,1,-5.3144,-0.5,-5.8144,HOLDING
2019-08-27,2,AEP,XEL,71.983,52.5223,-2.5603,1,-7.6267,-0.5,-8.1267,HOLDING
2019-08-28,2,AEP,XEL,71.1573,52.5141,-2.6963,1,-10.5305,-0.5,-11.0305,HOLDING
2019-08-29,2,AEP,XEL,72.0227,53.023,-2.0808,1,-10.0053,-0.5,-10.5053,HOLDING
2019-08-30,2,AEP,XEL,72.3641,52.7111,-1.2377,1,-7.2178,-0.5,-7.7178,HOLDING
2019-09-03,2,AEP,XEL,73.6582,53.7863,-1.2546,1,-8.0145,-0.5,-8.5145,HOLDING
2019-09-04,2,AEP,XEL,73.8725,54.0243,-1.214,1,-8.448,-0.5,-8.948,HOLDING
2019-09-05,2,AEP,XEL,72.6658,53.4744,-1.4286,1,-9.984,-0.5,-10.484,HOLDING
2019-09-06,2,AEP,XEL,72.3165,53.1871,-1.2499,1,-9.784,-0.5,-10.284,HOLDING
2019-09-09,2,AEP,XEL,72.5467,52.0298,0.2568,1,-3.1374,-0.5,-3.6374,HOLDING
2019-09-10,2,AEP,XEL,72.3165,51.7015,0.518,1,-2.3059,-0.5,-2.8059,HOLDING
2019-09-11,2,AEP,XEL,72.7928,51.9149,0.7568,1,-1.681,-0.5,-2.181,HOLDING
2019-09-12,2,AEP,XEL,73.0548,52.1008,0.7822,1,-1.6822,-0.5,-2.1822,HOLDING
2019-09-13,2,AEP,XEL,72.6737,51.7208,1.0107,1,-1.1286,-0.5,-1.6286,HOLDING
2019-09-16,2,AEP,XEL,72.8087,51.9025,0.9447,1,-1.562,-0.5,-2.062,HOLDING
2019-09-17,2,AEP,XEL,73.6185,52.646,0.766,1,-2.416,-0.5,-2.916,HOLDING
2019-09-18,2,AEP,XEL,73.8487,52.8773,0.7197,1,-2.7592,-0.5,-3.2592,HOLDING
2019-09-19,2,AEP,XEL,73.9757,53.0838,0.5884,1,-3.3456,-0.5,-3.8456,HOLDING
2019-09-20,2,AEP,XEL,73.9757,53.3812,0.1611,1,-4.8426,-0.5,-5.3426,HOLDING
2019-09-23,2,AEP,XEL,74.1504,53.3647,0.3661,1,-4.1365,-0.5,-4.6365,HOLDING
2019-09-24,2,AEP,XEL,75.0951,54.0503,0.3375,1,-4.218,-0.5,-4.718,HOLDING
2019-09-25,2,AEP,XEL,74.8093,53.7364,0.4389,1,-3.6572,-0.5,-4.1572,HOLDING
2019-09-26,2,AEP,XEL,74.8569,54.166,-0.2441,1,-5.6497,-0.5,-6.1497,HOLDING
2019-09-27,2,AEP,XEL,74.7855,53.9925,-0.1458,1,-5.0313,-0.5,-5.5313,HOLDING
2019-09-30,2,AEP,XEL,74.3806,53.6042,-0.0269,1,-4.5211,-0.5,-5.0211,HOLDING
2019-10-01,2,AEP,XEL,74.0075,53.6538,-0.6712,1,-6.1016,-0.5,-6.6016,HOLDING
2019-10-02,2,AEP,XEL,73.1421,52.3238,0.6122,1,-2.4933,-0.5,-2.9933,HOLDING
2019-10-03,2,AEP,XEL,73.4359,52.4312,0.7946,1,-1.9862,-0.5,-2.4862,HOLDING
2019-10-04,2,AEP,XEL,74.3171,53.3895,-0.2382,1,-3.6665,-0.5,-4.1665,HOLDING
2019-10-07,2,AEP,XEL,74.3965,53.1003,0.9197,1,-1.928,-0.5,-2.428,HOLDING
2019-10-08,2,AEP,XEL,73.4835,52.5303,0.6319,1,-2.3153,-0.5,-2.8153,HOLDING
2019-10-09,2,AEP,XEL,73.7375,52.8029,0.3621,1,-2.7813,-0.5,-3.2813,HOLDING
2019-10-10,2,AEP,XEL,73.5232,52.8277,-0.215,1,-3.6707,-0.5,-4.1707,HOLDING
2019-10-11,2,AEP,XEL,73.3088,52.3156,1.1997,1,-1.8572,-0.5,-2.3572,HOLDING
2019-10-14,2,AEP,XEL,73.0628,52.2742,0.7425,1,-2.527,-0.5,-3.027,HOLDING
2019-10-15,2,AEP,XEL,72.8325,52.1669,0.531,1,-2.8078,-0.5,-3.3078,HOLDING
2019-10-16,2,AEP,XEL,73.5153,52.4477,1.2976,1,-1.7862,-0.5,-2.2862,HOLDING
2019-10-17,2,AEP,XEL,73.8328,52.5964,1.4395,1,-1.402,-0.5,-1.902,HOLDING
2019-10-18,2,AEP,XEL,74.7379,52.8773,2.2656,1,0.4124,-0.5,-0.0876,HOLDING
2019-10-21,2,AEP,XEL,75.0078,53.1086,1.8245,1,0.211,-0.5,-0.289,HOLDING
2019-10-22,2,AEP,XEL,74.7458,53.0425,1.3141,1,-0.3909,-0.5,-0.8909,HOLDING
2019-10-23,2,AEP,XEL,74.976,53.2325,1.1183,1,-0.5261,-0.5,-1.0261,HOLDING
2019-10-24,2,AEP,XEL,75.9922,53.3151,2.3819,1,2.6827,-0.5,2.1827,HOLDING
2019-10-25,2,AEP,XEL,74.9046,52.5716,2.0054,1,2.5456,-0.5,2.0456,HOLDING
2019-10-28,2,AEP,XEL,74.1265,51.5803,2.4458,1,4.7603,-0.5,4.2603,HOLDING
2019-10-29,2,AEP,XEL,73.9678,51.696,1.8091,1,3.6118,-0.5,3.1118,HOLDING
2019-10-30,2,AEP,XEL,74.7061,52.3073,1.4294,1,3.1682,-0.5,2.6682,HOLDING
2019-10-31,2,AEP,XEL,74.9363,52.4642,1.2862,1,3.1994,-0.5,2.6994,HOLDING
2019-11-01,2,AEP,XEL,74.2774,52.1255,0.9567,1,2.554,-0.5,2.054,HOLDING
2019-11-04,2,AEP,XEL,73.6741,50.9277,2.0594,1,6.4312,-0.5,5.9312,HOLDING
2019-11-05,2,AEP,XEL,72.5626,50.0108,1.966,1,7.0825,-0.5,6.5825,HOLDING
2019-11-06,2,AEP,XEL,73.023,50.6056,1.3624,1,5.7309,-0.5,5.2309,HOLDING
2019-11-07,2,AEP,XEL,71.4711,49.8373,0.7864,1,4.0623,-0.5,3.5623,HOLDING
2019-11-08,2,AEP,XEL,71.255,49.6308,0.796,1,4.3314,-0.5,3.8314,HOLDING
2019-11-11,2,AEP,XEL,71.0151,49.6225,0.4439,1,3.517,-0.5,3.017,HOLDING
2019-11-12,2,AEP,XEL,70.7991,49.7051,-0.0908,1,2.3307,-0.5,1.8307,HOLDING
2019-11-13,2,AEP,XEL,71.8871,50.9195,-1.0943,1,0.0989,-0.5,-0.4011,HOLDING
2019-11-14,2,AEP,XEL,71.6791,50.6386,-0.9121,1,0.7708,-0.5,0.2708,HOLDING
2019-11-15,2,AEP,XEL,71.6471,50.2834,-0.2057,1,2.4446,-0.5,1.9446,HOLDING
2019-11-18,2,AEP,XEL,72.119,50.2917,0.484,1,4.0866,-0.5,3.5866,HOLDING
2019-11-19,2,AEP,XEL,72.535,50.6551,0.2233,1,3.7408,-0.5,3.2408,HOLDING
2019-11-20,2,AEP,XEL,73.167,50.9608,0.5086,1,4.4565,-0.5,3.9565,HOLDING
2019-11-21,2,AEP,XEL,72.855,50.969,-0.1858,1,3.3021,-0.5,2.8021,HOLDING
2019-11-22,2,AEP,XEL,73.231,50.6056,1.4931,1,6.4728,-0.5,5.9728,HOLDING
2019-11-25,2,AEP,XEL,72.711,50.2256,1.4225,1,6.5307,-0.5,6.0307,HOLDING
2019-11-26,2,AEP,XEL,73.199,50.5395,1.3324,1,6.6913,-0.5,6.1913,HOLDING
2019-11-27,2,AEP,XEL,73.271,50.8534,0.5932,1,5.368,-0.5,4.868,HOLDING
2019-11-29,2,AEP,XEL,73.079,50.7956,0.3544,1,4.9742,-0.5,4.4742,HOLDING
2019-12-02,2,AEP,XEL,72.2231,50.556,-0.5924,1,3.1269,-0.5,2.6269,HOLDING
2019-12-03,2,AEP,XEL,72.703,50.7708,-0.2157,1,3.7579,-0.5,3.2579,HOLDING
2019-12-04,2,AEP,XEL,73.623,51.2251,0.3761,1,4.7524,-0.5,4.2524,HOLDING
2019-12-05,2,AEP,XEL,73.967,51.3325,0.7706,1,0.0,4.4165,4.4165,PERIOD_END_EXIT
2019-06-10,3,AIV,UDR,2.4303,35.7435,0.0,0,0.0,0.0,0.0,HOLD_CASH
2019-06-11,3,AIV,UDR,2.4246,35.7047,0.0,0,0.0,0.0,0.0,HOLD_CASH
2019-06-12,3,AIV,UDR,2.435,35.759,0.0,0,0.0,0.0,0.0,HOLD_CASH
2019-06-13,3,AIV,UDR,2.4364,35.9451,0.0,0,0.0,0.0,0.0,HOLD_CASH
2019-06-14,3,AIV,UDR,2.4246,36.0149,0.0,0,0.0,0.0,0.0,HOLD_CASH
2019-06-17,3,AIV,UDR,2.4355,36.2475,0.0,0,0.0,0.0,0.0,HOLD_CASH
2019-06-18,3,AIV,UDR,2.4208,35.9218,0.0,0,0.0,0.0,0.0,HOLD_CASH
2019-06-19,3,AIV,UDR,2.4317,36.0692,0.0,0,0.0,0.0,0.0,HOLD_CASH
2019-06-20,3,AIV,UDR,2.4511,36.108,0.0,0,0.0,0.0,0.0,HOLD_CASH
2019-06-21,3,AIV,UDR,2.4265,35.4255,0.0,0,0.0,0.0,0.0,HOLD_CASH
2019-06-24,3,AIV,UDR,2.4236,35.2937,0.0,0,0.0,0.0,0.0,HOLD_CASH
2019-06-25,3,AIV,UDR,2.3999,34.9835,0.0,0,0.0,0.0,0.0,HOLD_CASH
2019-06-26,3,AIV,UDR,2.3506,34.239,0.0,0,0.0,0.0,0.0,HOLD_CASH
2019-06-27,3,AIV,UDR,2.3582,34.5724,0.0,0,0.0,0.0,0.0,HOLD_CASH
2019-06-28,3,AIV,UDR,2.3767,34.8128,0.0,0,0.0,0.0,0.0,HOLD_CASH
2019-07-01,3,AIV,UDR,2.3681,34.9835,0.0,0,0.0,0.0,0.0,HOLD_CASH
2019-07-02,3,AIV,UDR,2.4056,35.4022,0.0,0,0.0,0.0,0.0,HOLD_CASH
2019-07-03,3,AIV,UDR,2.4445,35.8753,0.0,0,0.0,0.0,0.0,HOLD_CASH
2019-07-05,3,AIV,UDR,2.4227,35.6737,0.0,0,0.0,0.0,0.0,HOLD_CASH
2019-07-08,3,AIV,UDR,2.436,36.0382,-0.8186,0,0.0,0.0,0.0,HOLD_CASH
2019-07-09,3,AIV,UDR,2.4635,36.4468,-0.7679,0,0.0,0.0,0.0,HOLD_CASH
2019-07-10,3,AIV,UDR,2.4824,36.6577,-0.459,0,0.0,0.0,0.0,HOLD_CASH
2019-07-11,3,AIV,UDR,2.4473,36.3296,-1.125,0,0.0,0.0,0.0,HOLD_CASH
2019-07-12,3,AIV,UDR,2.4535,36.1421,-0.0236,0,0.0,0.0,0.0,HOLD_CASH
2019-07-15,3,AIV,UDR,2.4483,36.1811,-0.5446,0,0.0,0.0,0.0,HOLD_CASH
2019-07-16,3,AIV,UDR,2.4402,36.2827,-1.4854,0,0.0,0.0,0.0,HOLD_CASH
2019-07-17,3,AIV,UDR,2.4184,36.1186,-1.9528,0,0.0,0.0,0.0,HOLD_CASH
2019-07-18,3,AIV,UDR,2.4198,36.1968,-1.9358,0,0.0,0.0,0.0,HOLD_CASH
2019-07-19,3,AIV,UDR,2.353,35.4936,-2.3747,1,0.0,-0.5,-0.5,ENTER_LONG_A
2019-07-22,3,AIV,UDR,2.3449,35.392,-2.049,1,-0.1411,-0.5,-0.6411,HOLDING
2019-07-23,3,AIV,UDR,2.3587,35.7671,-2.1204,1,-1.3214,-0.5,-1.8214,HOLDING
2019-07-24,3,AIV,UDR,2.3525,35.6655,-1.8376,1,-1.261,-0.5,-1.761,HOLDING
2019-07-25,3,AIV,UDR,2.3544,35.8686,-1.9641,1,-2.4902,-0.5,-2.9902,HOLDING
2019-07-26,3,AIV,UDR,2.3634,36.0093,-1.7234,1,-2.5236,-0.5,-3.0236,HOLDING
2019-07-29,3,AIV,UDR,2.3828,36.3764,-1.6582,1,-3.0443,-0.5,-3.5443,HOLDING
2019-07-30,3,AIV,UDR,2.3724,36.4077,-1.7642,1,-4.3727,-0.5,-4.8727,HOLDING
2019-07-31,3,AIV,UDR,2.3492,35.9858,-1.4614,1,-3.8699,-0.5,-4.3699,HOLDING
2019-08-01,3,AIV,UDR,2.3501,35.9936,-1.3159,1,-3.8242,-0.5,-4.3242,HOLDING
2019-08-02,3,AIV,UDR,2.3819,36.1421,-0.6125,1,-1.4941,-0.5,-1.9941,HOLDING
2019-08-05,3,AIV,UDR,2.3136,35.0014,-0.3367,1,-0.7149,-0.5,-1.2149,HOLDING
2019-08-06,3,AIV,UDR,2.3734,36.1968,-0.8375,1,-2.7862,-0.5,-3.2862,HOLDING
2019-08-07,3,AIV,UDR,2.38,36.1811,-0.5211,1,-1.9708,-0.5,-2.4708,HOLDING
2019-08-08,3,AIV,UDR,2.4028,36.5093,-0.4092,1,-1.8637,-0.5,-2.3637,HOLDING
2019-08-09,3,AIV,UDR,2.4089,36.8062,-0.8274,1,-3.2998,-0.5,-3.7998,HOLDING
2019-08-12,3,AIV,UDR,2.4165,37.0952,-1.2651,1,-4.5298,-0.5,-5.0298,HOLDING
2019-08-13,3,AIV,UDR,2.3895,36.3764,-0.2445,1,-2.3388,-0.5,-2.8388,HOLDING
2019-08-14,3,AIV,UDR,2.3416,35.8295,-0.8802,1,-3.5754,-0.5,-4.0754,HOLDING
2019-08-15,3,AIV,UDR,2.3937,36.3843,0.3302,1,-1.947,-0.5,-2.447,HOLDING
2019-08-16,3,AIV,UDR,2.4214,36.7046,0.9772,1,-1.2578,-0.5,-1.7578,HOLDING
2019-08-19,3,AIV,UDR,2.4372,37.3062,-0.9823,1,-3.8192,-0.5,-4.3192,HOLDING
2019-08-20,3,AIV,UDR,2.4133,37.0952,-1.6874,1,-4.8727,-0.5,-5.3727,HOLDING
2019-08-21,3,AIV,UDR,2.4185,37.2593,-1.8762,1,-5.4696,-0.5,-5.9696,HOLDING
2019-08-22,3,AIV,UDR,2.4248,37.6421,-2.5781,1,-7.5059,-0.5,-8.0059,HOLDING
2019-08-23,3,AIV,UDR,2.4071,37.1109,-1.3129,1,-5.6429,-0.5,-6.1429,HOLDING
2019-08-26,3,AIV,UDR,2.4209,37.2984,-1.0971,1,-5.4909,-0.5,-5.9909,HOLDING
2019-08-27,3,AIV,UDR,2.4085,37.1968,-1.3472,1,-6.0959,-0.5,-6.5959,HOLDING
2019-08-28,3,AIV,UDR,2.4176,37.3062,-1.1357,1,-5.9014,-0.5,-6.4014,HOLDING
2019-08-29,3,AIV,UDR,2.4401,37.5796,-0.8154,1,-5.4406,-0.5,-5.9406,HOLDING
2019-08-30,3,AIV,UDR,2.4377,37.6421,-1.0621,1,-6.1348,-0.5,-6.6348,HOLDING
2019-09-03,3,AIV,UDR,2.4525,37.8921,-1.0545,1,-6.3214,-0.5,-6.8214,HOLDING
2019-09-04,3,AIV,UDR,2.4577,38.0484,-1.2029,1,-6.8634,-0.5,-7.3634,HOLDING
2019-09-05,3,AIV,UDR,2.441,37.7749,-1.0469,1,-6.7148,-0.5,-7.2148,HOLDING
2019-09-06,3,AIV,UDR,2.4759,38.2281,-0.6449,1,-6.1992,-0.5,-6.6992,HOLDING
2019-09-09,3,AIV,UDR,2.4616,37.8375,0.0869,1,-4.9714,-0.5,-5.4714,HOLDING
2019-09-10,3,AIV,UDR,2.4272,37.3765,-0.1749,1,-5.381,-0.5,-5.881,HOLDING
2019-09-11,3,AIV,UDR,2.4372,37.3531,0.6703,1,-4.1495,-0.5,-4.6495,HOLDING
2019-09-12,3,AIV,UDR,2.4429,37.5249,0.333,1,-4.7506,-0.5,-5.2506,HOLDING
2019-09-13,3,AIV,UDR,2.4267,37.189,0.9082,1,-4.1111,-0.5,-4.6111,HOLDING
2019-09-16,3,AIV,UDR,2.4649,37.6343,2.1169,1,-3.185,-0.5,-3.685,HOLDING
2019-09-17,3,AIV,UDR,2.4941,37.8999,2.6497,1,-1.9582,-0.5,-2.4582,HOLDING
2019-09-18,3,AIV,UDR,2.4793,37.7437,1.9466,1,-2.4319,-0.5,-2.9319,HOLDING
2019-09-19,3,AIV,UDR,2.4616,37.6812,0.8795,1,-3.8707,-0.5,-4.3707,HOLDING
2019-09-20,3,AIV,UDR,2.4434,37.4312,0.6715,1,-4.0396,-0.5,-4.5396,HOLDING
2019-09-23,3,AIV,UDR,2.4444,37.5718,0.0118,1,-4.9285,-0.5,-5.4285,HOLDING
2019-09-24,3,AIV,UDR,2.4525,37.5406,0.7296,1,-3.845,-0.5,-4.345,HOLDING
2019-09-25,3,AIV,UDR,2.4683,37.5484,1.6541,1,-2.2242,-0.5,-2.7242,HOLDING
2019-09-26,3,AIV,UDR,2.4922,37.8531,1.6794,1,-1.8312,-0.5,-2.3312,HOLDING
2019-09-27,3,AIV,UDR,2.4769,37.7593,0.968,1,-2.7959,-0.5,-3.2959,HOLDING
2019-09-30,3,AIV,UDR,2.4922,37.8765,1.3201,1,-1.9963,-0.5,-2.4963,HOLDING
2019-10-01,3,AIV,UDR,2.4826,37.7359,1.1822,1,-2.0214,-0.5,-2.5214,HOLDING
2019-10-02,3,AIV,UDR,2.4826,37.6343,1.5003,1,-1.306,-0.5,-1.806,HOLDING
2019-10-03,3,AIV,UDR,2.5204,37.9781,2.2108,1,0.2846,-0.5,-0.2154,HOLDING
2019-10-04,3,AIV,UDR,2.5486,38.3062,2.2432,1,0.9696,-0.5,0.4696,HOLDING
2019-10-07,3,AIV,UDR,2.5514,38.2984,2.0603,1,1.3293,-0.5,0.8293,HOLDING
2019-10-08,3,AIV,UDR,2.5471,38.1968,1.915,1,1.5877,-0.5,1.0877,HOLDING
2019-10-09,3,AIV,UDR,2.5361,38.1599,1.3179,1,0.68,-0.5,0.18,HOLDING
2019-10-10,3,AIV,UDR,2.5481,38.1913,1.617,1,1.728,-0.5,1.228,HOLDING
2019-10-11,3,AIV,UDR,2.5596,37.7743,2.6809,1,5.884,-0.5,5.384,HOLDING
2019-10-14,3,AIV,UDR,2.5691,38.1677,1.7355,1,4.1288,-0.5,3.6288,HOLDING
2019-10-15,3,AIV,UDR,2.5619,38.1992,1.2534,1,3.1453,-0.5,2.6453,HOLDING
2019-10-16,3,AIV,UDR,2.5777,38.8208,0.3055,1,0.4432,-0.5,-0.0568,HOLDING
2019-10-17,3,AIV,UDR,2.5825,38.8758,0.2792,1,0.563,-0.5,0.063,HOLDING
2019-10-18,3,AIV,UDR,2.604,39.1827,0.2483,1,0.687,-0.5,0.187,HOLDING
2019-10-21,3,AIV,UDR,2.6193,39.4817,-0.0253,1,0.2062,-0.5,-0.2938,HOLDING
2019-10-22,3,AIV,UDR,2.6217,39.1119,1.0374,1,3.0649,-0.5,2.5649,HOLDING
2019-10-23,3,AIV,UDR,2.6145,38.9545,1.0807,1,3.4114,-0.5,2.9114,HOLDING
2019-10-24,3,AIV,UDR,2.605,38.8994,0.7312,1,2.7837,-0.5,2.2837,HOLDING
2019-10-25,3,AIV,UDR,2.5949,38.8837,0.2227,1,1.8281,-0.5,1.3281,HOLDING
2019-10-28,3,AIV,UDR,2.5825,38.5926,0.5147,1,2.5581,-0.5,2.0581,HOLDING
2019-10-29,3,AIV,UDR,2.5801,38.6949,-0.1201,1,1.5837,-0.5,1.0837,HOLDING
2019-10-30,3,AIV,UDR,2.6097,39.6233,-2.0813,1,-1.807,-0.5,-2.307,HOLDING
2019-10-31,3,AIV,UDR,2.6231,39.5368,-0.903,1,0.2245,-0.5,-0.2755,HOLDING
2019-11-01,3,AIV,UDR,2.6399,39.1276,1.5665,1,4.8838,-0.5,4.3838,HOLDING
2019-11-04,3,AIV,UDR,2.6179,39.0096,0.7021,1,3.379,-0.5,2.879,HOLDING
2019-11-05,3,AIV,UDR,2.5634,38.1599,0.7823,1,3.5748,-0.5,3.0748,HOLDING
2019-11-06,3,AIV,UDR,2.5596,38.2779,0.0691,1,2.3372,-0.5,1.8372,HOLDING
2019-11-07,3,AIV,UDR,2.5313,37.3652,1.7346,1,5.7695,-0.5,5.2695,HOLDING
2019-11-08,3,AIV,UDR,2.5414,37.2708,2.3543,1,7.501,-0.5,7.001,HOLDING
2019-11-11,3,AIV,UDR,2.5476,37.3809,1.9874,1,7.3854,-0.5,6.8854,HOLDING
2019-11-12,3,AIV,UDR,2.5247,37.0033,1.8225,1,7.6078,-0.5,7.1078,HOLDING
2019-11-13,3,AIV,UDR,2.5639,37.5225,1.712,1,8.1145,-0.5,7.6145,HOLDING
2019-11-14,3,AIV,UDR,2.5913,37.8058,1.7411,1,9.0353,-0.5,8.5353,HOLDING
2019-11-15,3,AIV,UDR,2.6106,38.1126,1.4903,1,8.9203,-0.5,8.4203,HOLDING
2019-11-18,3,AIV,UDR,2.6289,38.3093,1.4734,1,9.4787,-0.5,8.9787,HOLDING
2019-11-19,3,AIV,UDR,2.6332,38.4588,1.1589,1,8.8862,-0.5,8.3862,HOLDING
2019-11-20,3,AIV,UDR,2.6284,38.3801,1.0661,1,8.9288,-0.5,8.4288,HOLDING
2019-11-21,3,AIV,UDR,2.5759,37.6484,0.9004,1,8.5067,-0.5,8.0067,HOLDING
2019-11-22,3,AIV,UDR,2.5629,37.4281,0.8717,1,8.6772,-0.5,8.1772,HOLDING
2019-11-25,3,AIV,UDR,2.561,37.4045,0.7783,1,8.6389,-0.5,8.1389,HOLDING
2019-11-26,3,AIV,UDR,2.5817,37.735,0.6417,1,8.511,-0.5,8.011,HOLDING
2019-11-27,3,AIV,UDR,2.5874,37.7901,0.6674,1,8.7369,-0.5,8.2369,HOLDING
2019-11-29,3,AIV,UDR,2.5889,37.8058,0.6412,1,8.7795,-0.5,8.2795,HOLDING
2019-12-02,3,AIV,UDR,2.5205,36.8066,0.5699,1,8.5535,-0.5,8.0535,HOLDING
2019-12-03,3,AIV,UDR,2.547,37.0741,0.9268,1,9.4828,-0.5,8.9828,HOLDING
2019-12-04,3,AIV,UDR,2.5427,37.3573,-0.5948,1,7.0274,-0.5,6.5274,HOLDING
2019-12-05,3,AIV,UDR,2.5369,37.617,-2.973,1,0.0,3.5502,3.5502,PERIOD_END_EXIT
2019-06-10,4,AEE,CMS,62.2788,47.0858,0.0,0,0.0,0.0,0.0,HOLD_CASH
2019-06-11,4,AEE,CMS,61.8537,46.8156,0.0,0,0.0,0.0,0.0,HOLD_CASH
2019-06-12,4,AEE,CMS,62.9351,47.4543,0.0,0,0.0,0.0,0.0,HOLD_CASH
2019-06-13,4,AEE,CMS,62.9103,47.4543,0.0,0,0.0,0.0,0.0,HOLD_CASH
2019-06-14,4,AEE,CMS,63.323,48.1094,0.0,0,0.0,0.0,0.0,HOLD_CASH
2019-06-17,4,AEE,CMS,62.9021,47.7983,0.0,0,0.0,0.0,0.0,HOLD_CASH
2019-06-18,4,AEE,CMS,63.0919,47.5935,0.0,0,0.0,0.0,0.0,HOLD_CASH
2019-06-19,4,AEE,CMS,63.4799,48.2241,0.0,0,0.0,0.0,0.0,HOLD_CASH
2019-06-20,4,AEE,CMS,63.8596,48.396,0.0,0,0.0,0.0,0.0,HOLD_CASH
2019-06-21,4,AEE,CMS,63.9339,48.437,0.0,0,0.0,0.0,0.0,HOLD_CASH
2019-06-24,4,AEE,CMS,63.4799,48.3305,0.0,0,0.0,0.0,0.0,HOLD_CASH
2019-06-25,4,AEE,CMS,63.2157,48.2814,0.0,0,0.0,0.0,0.0,HOLD_CASH
2019-06-26,4,AEE,CMS,61.6886,47.1186,0.0,0,0.0,0.0,0.0,HOLD_CASH
2019-06-27,4,AEE,CMS,61.6226,47.094,0.0,0,0.0,0.0,0.0,HOLD_CASH
2019-06-28,4,AEE,CMS,62.0023,47.4216,0.0,0,0.0,0.0,0.0,HOLD_CASH
2019-07-01,4,AEE,CMS,62.0848,47.2169,0.0,0,0.0,0.0,0.0,HOLD_CASH
2019-07-02,4,AEE,CMS,62.6544,47.6836,0.0,0,0.0,0.0,0.0,HOLD_CASH
2019-07-03,4,AEE,CMS,63.1662,48.2978,0.0,0,0.0,0.0,0.0,HOLD_CASH
2019-07-05,4,AEE,CMS,63.1084,48.0849,0.0,0,0.0,0.0,0.0,HOLD_CASH
2019-07-08,4,AEE,CMS,63.1249,48.2159,-1.0496,0,0.0,0.0,0.0,HOLD_CASH
2019-07-09,4,AEE,CMS,63.2405,48.2159,-0.5919,0,0.0,0.0,0.0,HOLD_CASH
2019-07-10,4,AEE,CMS,63.2735,48.2486,-0.5557,0,0.0,0.0,0.0,HOLD_CASH
2019-07-11,4,AEE,CMS,63.2983,48.3142,-0.6996,0,0.0,0.0,0.0,HOLD_CASH
2019-07-12,4,AEE,CMS,62.869,47.9702,-0.551,0,0.0,0.0,0.0,HOLD_CASH
2019-07-15,4,AEE,CMS,62.9764,48.003,-0.2226,0,0.0,0.0,0.0,HOLD_CASH
2019-07-16,4,AEE,CMS,62.9268,47.8228,0.617,0,0.0,0.0,0.0,HOLD_CASH
2019-07-17,4,AEE,CMS,63.3478,48.0439,1.5394,0,0.0,0.0,0.0,HOLD_CASH
2019-07-18,4,AEE,CMS,63.6945,48.4206,0.7571,0,0.0,0.0,0.0,HOLD_CASH
2019-07-19,4,AEE,CMS,62.7204,47.7082,0.6752,0,0.0,0.0,0.0,HOLD_CASH
2019-07-22,4,AEE,CMS,62.9681,47.7328,2.0264,-1,0.0,-0.5,-0.5,ENTER_SHORT_A
2019-07-23,4,AEE,CMS,62.9268,47.7164,1.6837,-1,0.078,-0.5,-0.422,HOLDING
2019-07-24,4,AEE,CMS,63.0919,47.5035,2.9276,-1,-1.6926,-0.5,-2.1926,HOLDING
2019-07-25,4,AEE,CMS,62.9433,47.4625,2.0985,-1,-1.3171,-0.5,-1.8171,HOLDING
2019-07-26,4,AEE,CMS,63.224,48.0603,0.1534,-1,0.6996,-0.5,0.1996,HOLDING
2019-07-29,4,AEE,CMS,63.4386,48.4616,-1.0683,-1,1.949,-0.5,1.449,HOLDING
2019-07-30,4,AEE,CMS,62.9103,47.9538,-0.504,-1,1.3874,-0.5,0.8874,HOLDING
2019-07-31,4,AEE,CMS,62.481,47.6754,-0.7121,-1,1.6335,-0.5,1.1335,HOLDING
2019-08-01,4,AEE,CMS,63.2652,48.6259,-2.1549,-1,3.4978,-0.5,2.9978,HOLDING
2019-08-02,4,AEE,CMS,62.5223,48.3868,-2.6931,-1,5.1953,-0.5,4.6953,HOLDING
2019-08-05,4,AEE,CMS,61.9527,47.9911,-2.3095,-1,5.3845,-0.5,4.8845,HOLDING
2019-08-06,4,AEE,CMS,61.9115,48.5517,-2.8525,-1,8.4841,-0.5,7.9841,HOLDING
2019-08-07,4,AEE,CMS,62.0931,48.7248,-2.3197,-1,8.6697,-0.5,8.1697,HOLDING
2019-08-08,4,AEE,CMS,63.0011,49.5161,-2.0442,-1,9.2091,-0.5,8.7091,HOLDING
2019-08-09,4,AEE,CMS,63.3065,49.7222,-1.7214,-1,9.0758,-0.5,8.5758,HOLDING
2019-08-12,4,AEE,CMS,63.2652,49.409,-1.191,-1,7.5993,-0.5,7.0993,HOLDING
2019-08-13,4,AEE,CMS,63.158,49.5326,-1.3183,-1,8.6727,-0.5,8.1727,HOLDING
2019-08-14,4,AEE,CMS,62.1179,49.2688,-1.7738,-1,11.4207,-0.5,10.9207,HOLDING
2019-08-15,4,AEE,CMS,62.5801,50.5053,-2.2779,-1,16.0615,-0.5,15.5615,HOLDING
2019-08-16,4,AEE,CMS,63.2652,50.4476,-1.4595,-1,13.0391,-0.5,12.5391,HOLDING
2019-08-19,4,AEE,CMS,63.5377,50.7526,-1.383,-1,13.5548,-0.5,13.0548,HOLDING
2019-08-20,4,AEE,CMS,63.2818,50.6619,-1.3419,-1,14.0958,-0.5,13.5958,HOLDING
2019-08-21,4,AEE,CMS,63.4964,51.1565,-1.5021,-1,15.8342,-0.5,15.3342,HOLDING
2019-08-22,4,AEE,CMS,63.4138,51.2224,-1.4973,-1,16.5073,-0.5,16.0073,HOLDING
2019-08-23,4,AEE,CMS,62.1839,50.7608,-1.7966,-1,18.9729,-0.5,18.4729,HOLDING
2019-08-26,4,AEE,CMS,62.6131,51.445,-1.852,-1,20.8521,-0.5,20.3521,HOLDING
2019-08-27,4,AEE,CMS,62.5306,51.5686,-1.8079,-1,21.8274,-0.5,21.3274,HOLDING
2019-08-28,4,AEE,CMS,62.5306,51.4944,-1.5943,-1,21.4388,-0.5,20.9388,HOLDING
2019-08-29,4,AEE,CMS,63.6863,51.9561,-1.0662,-1,19.2681,-0.5,18.7681,HOLDING
2019-08-30,4,AEE,CMS,63.6863,51.9725,-0.9902,-1,19.3544,-0.5,18.8544,HOLDING
2019-09-03,4,AEE,CMS,64.7924,53.0689,-1.0851,-1,20.7047,-0.5,20.2047,HOLDING
2019-09-04,4,AEE,CMS,64.7924,53.1513,-1.0599,-1,21.1364,-0.5,20.6364,HOLDING
2019-09-05,4,AEE,CMS,63.678,52.2611,-0.987,-1,20.8984,-0.5,20.3984,HOLDING
2019-09-06,4,AEE,CMS,62.8938,51.7335,-1.0132,-1,21.2488,-0.5,20.7488,HOLDING
2019-09-09,4,AEE,CMS,62.06,50.6536,-0.4992,-1,18.9033,-0.5,18.4033,HOLDING
2019-09-10,4,AEE,CMS,61.6488,50.2745,-0.366,-1,18.55,-0.5,18.05,HOLDING
2019-09-11,4,AEE,CMS,62.114,50.4888,-0.012,-1,17.8255,-0.5,17.3255,HOLDING
2019-09-12,4,AEE,CMS,63.5512,50.802,1.5408,-1,13.76,-0.5,13.26,HOLDING
2019-09-13,4,AEE,CMS,63.6343,50.5053,1.9138,-1,11.876,-0.5,11.376,HOLDING
2019-09-16,4,AEE,CMS,64.1078,50.6619,2.0846,-1,10.8163,-0.5,10.3163,HOLDING
2019-09-17,4,AEE,CMS,64.4152,51.412,1.3143,-1,13.5248,-0.5,13.0248,HOLDING
2019-09-18,4,AEE,CMS,65.1961,51.6263,1.7646,-1,11.5467,-0.5,11.0467,HOLDING
2019-09-19,4,AEE,CMS,65.3456,51.8077,1.5232,-1,11.903,-0.5,11.403,HOLDING
2019-09-20,4,AEE,CMS,65.6613,52.022,1.4206,-1,11.7722,-0.5,11.2722,HOLDING
2019-09-23,4,AEE,CMS,65.6031,52.088,1.157,-1,12.3484,-0.5,11.8484,HOLDING
2019-09-24,4,AEE,CMS,66.0933,52.8298,0.6663,-1,14.288,-0.5,13.788,HOLDING
2019-09-25,4,AEE,CMS,66.6748,53.0277,0.8908,-1,13.0154,-0.5,12.5154,HOLDING
2019-09-26,4,AEE,CMS,66.7745,53.6129,0.2088,-1,15.685,-0.5,15.185,HOLDING
2019-09-27,4,AEE,CMS,66.4588,52.7639,0.8784,-1,12.4914,-0.5,11.9914,HOLDING
2019-09-30,4,AEE,CMS,66.5003,52.7144,0.8906,-1,12.0674,-0.5,11.5674,HOLDING
2019-10-01,4,AEE,CMS,66.1764,52.8793,0.2733,-1,14.2172,-0.5,13.7172,HOLDING
2019-10-02,4,AEE,CMS,65.4204,52.4094,0.0046,-1,14.7578,-0.5,14.2578,HOLDING
2019-10-03,4,AEE,CMS,65.2127,52.7556,-0.8811,-1,17.3956,-0.5,16.8956,HOLDING
2019-10-04,4,AEE,CMS,66.0684,53.514,-1.1965,-1,17.9703,-0.5,17.4703,HOLDING
2019-10-07,4,AEE,CMS,65.5782,53.1266,-1.3327,-1,17.8872,-0.5,17.3872,HOLDING
2019-10-08,4,AEE,CMS,64.3155,52.8381,-2.5046,-1,21.3895,-0.5,20.8895,HOLDING
2019-10-09,4,AEE,CMS,64.249,53.2502,-2.6853,-1,23.8119,-0.5,23.3119,HOLDING
2019-10-10,4,AEE,CMS,63.842,53.0277,-2.2825,-1,24.2624,-0.5,23.7624,HOLDING
2019-10-11,4,AEE,CMS,64.0081,52.6567,-1.4591,-1,21.6601,-0.5,21.1601,HOLDING
2019-10-14,4,AEE,CMS,63.3768,52.327,-1.4972,-1,22.4397,-0.5,21.9397,HOLDING
2019-10-15,4,AEE,CMS,62.9697,52.1209,-1.4574,-1,22.9765,-0.5,22.4765,HOLDING
2019-10-16,4,AEE,CMS,62.9033,52.3765,-1.5871,-1,24.5787,-0.5,24.0787,HOLDING
2019-10-17,4,AEE,CMS,62.9697,52.4918,-1.4698,-1,24.9193,-0.5,24.4193,HOLDING
2019-10-18,4,AEE,CMS,63.6509,52.7639,-1.0634,-1,23.6395,-0.5,23.1395,HOLDING
2019-10-21,4,AEE,CMS,63.6842,52.7144,-0.8929,-1,23.2485,-0.5,22.7485,HOLDING
2019-10-22,4,AEE,CMS,64.0081,52.5331,-0.3562,-1,21.0124,-0.5,20.5124,HOLDING
2019-10-23,4,AEE,CMS,64.0164,52.1704,0.1236,-1,19.0798,-0.5,18.5798,HOLDING
2019-10-24,4,AEE,CMS,64.3736,53.1266,-0.569,-1,22.6696,-0.5,22.1696,HOLDING
2019-10-25,4,AEE,CMS,63.626,52.4671,-0.4425,-1,22.1842,-0.5,21.6842,HOLDING
2019-10-28,4,AEE,CMS,63.0029,51.5274,0.2663,-1,19.7362,-0.5,19.2362,HOLDING
2019-10-29,4,AEE,CMS,63.5346,51.9148,0.4933,-1,19.6544,-0.5,19.1544,HOLDING
2019-10-30,4,AEE,CMS,64.4484,52.6732,0.6661,-1,19.9982,-0.5,19.4982,HOLDING
2019-10-31,4,AEE,CMS,64.5481,53.0074,0.2503,-1,21.3528,-0.5,20.8528,HOLDING
2019-11-01,4,AEE,CMS,64.2657,52.5264,0.9479,-1,19.955,-0.5,19.455,HOLDING
2019-11-04,4,AEE,CMS,63.2106,51.1415,2.2211,-1,16.8905,-0.5,16.3905,HOLDING
2019-11-05,4,AEE,CMS,62.2719,50.362,1.9366,-1,16.5347,-0.5,16.0347,HOLDING
2019-11-06,4,AEE,CMS,62.7703,50.8844,1.4768,-1,17.2921,-0.5,16.7921,HOLDING
2019-11-07,4,AEE,CMS,61.9977,49.7649,2.1309,-1,14.496,-0.5,13.996,HOLDING
2019-11-08,4,AEE,CMS,61.3165,49.4332,1.5028,-1,15.4632,-0.5,14.9632,HOLDING
2019-11-11,4,AEE,CMS,61.5492,49.4083,1.6515,-1,14.4093,-0.5,13.9093,HOLDING
2019-11-12,4,AEE,CMS,61.6405,49.4166,1.5565,-1,14.09,-0.5,13.59,HOLDING
2019-11-13,4,AEE,CMS,62.787,50.163,1.6534,-1,13.4475,-0.5,12.9475,HOLDING
2019-11-14,4,AEE,CMS,63.5762,50.3869,2.0387,-1,11.4868,-0.5,10.9868,HOLDING
2019-11-15,4,AEE,CMS,63.6509,50.503,1.7352,-1,11.7981,-0.5,11.2981,HOLDING
2019-11-18,4,AEE,CMS,62.9116,50.7435,0.3916,-1,15.993,-0.5,15.493,HOLDING
2019-11-19,4,AEE,CMS,62.6789,50.9508,-0.2975,-1,18.0023,-0.5,17.5023,HOLDING
2019-11-20,4,AEE,CMS,62.6955,51.1664,-0.6248,-1,19.0658,-0.5,18.5658,HOLDING
2019-11-21,4,AEE,CMS,62.463,51.3737,-1.324,-1,21.075,-0.5,20.575,HOLDING
2019-11-22,4,AEE,CMS,62.2636,51.2162,-1.3681,-1,21.0414,-0.5,20.5414,HOLDING
2019-11-25,4,AEE,CMS,61.6156,50.7518,-1.4033,-1,21.1818,-0.5,20.6818,HOLDING
2019-11-26,4,AEE,CMS,61.5824,51.1498,-1.862,-1,23.3985,-0.5,22.8985,HOLDING
2019-11-27,4,AEE,CMS,61.6239,51.0171,-1.4778,-1,22.5387,-0.5,22.0387,HOLDING
2019-11-29,4,AEE,CMS,61.7485,50.8347,-1.049,-1,21.0884,-0.5,20.5884,HOLDING
2019-12-02,4,AEE,CMS,61.2086,50.4781,-1.1116,-1,21.3646,-0.5,20.8646,HOLDING
2019-12-03,4,AEE,CMS,61.3165,50.6937,-1.1669,-1,22.0651,-0.5,21.5651,HOLDING
2019-12-04,4,AEE,CMS,61.7735,51.1747,-1.178,-1,22.7701,-0.5,22.2701,HOLDING
2019-12-05,4,AEE,CMS,62.3799,51.2825,-0.6246,-1,0.0,19.9108,19.9108,PERIOD_END_EXIT
2019-06-10,5,AEP,WEC,70.1454,66.6844,0.0,0,0.0,0.0,0.0,HOLD_CASH
2019-06-11,5,AEP,WEC,69.5939,66.1041,0.0,0,0.0,0.0,0.0,HOLD_CASH
2019-06-12,5,AEP,WEC,70.437,67.1841,0.0,0,0.0,0.0,0.0,HOLD_CASH
2019-06-13,5,AEP,WEC,70.5946,67.3856,0.0,0,0.0,0.0,0.0,HOLD_CASH
2019-06-14,5,AEP,WEC,71.3747,67.9498,0.0,0,0.0,0.0,0.0,HOLD_CASH
2019-06-17,5,AEP,WEC,70.9807,67.8047,0.0,0,0.0,0.0,0.0,HOLD_CASH
2019-06-18,5,AEP,WEC,70.7443,67.9014,0.0,0,0.0,0.0,0.0,HOLD_CASH
2019-06-19,5,AEP,WEC,71.5953,68.4575,0.0,0,0.0,0.0,0.0,HOLD_CASH
2019-06-20,5,AEP,WEC,71.6032,68.8202,0.0,0,0.0,0.0,0.0,HOLD_CASH
2019-06-21,5,AEP,WEC,72.139,68.8444,0.0,0,0.0,0.0,0.0,HOLD_CASH
2019-06-24,5,AEP,WEC,71.6268,68.7154,0.0,0,0.0,0.0,0.0,HOLD_CASH
2019-06-25,5,AEP,WEC,71.2092,68.4575,0.0,0,0.0,0.0,0.0,HOLD_CASH
2019-06-26,5,AEP,WEC,69.7357,67.1599,0.0,0,0.0,0.0,0.0,HOLD_CASH
2019-06-27,5,AEP,WEC,69.2629,66.9584,0.0,0,0.0,0.0,0.0,HOLD_CASH
2019-06-28,5,AEP,WEC,69.3496,67.1922,0.0,0,0.0,0.0,0.0,HOLD_CASH
2019-07-01,5,AEP,WEC,69.4441,66.9987,0.0,0,0.0,0.0,0.0,HOLD_CASH
2019-07-02,5,AEP,WEC,70.2794,67.9014,0.0,0,0.0,0.0,0.0,HOLD_CASH
2019-07-03,5,AEP,WEC,71.028,68.6106,0.0,0,0.0,0.0,0.0,HOLD_CASH
2019-07-05,5,AEP,WEC,70.7916,68.522,0.0,0,0.0,0.0,0.0,HOLD_CASH
2019-07-08,5,AEP,WEC,70.8625,68.7396,-1.539,0,0.0,0.0,0.0,HOLD_CASH
2019-07-09,5,AEP,WEC,71.2013,69.07,-1.4006,0,0.0,0.0,0.0,HOLD_CASH
2019-07-10,5,AEP,WEC,71.5559,69.4166,-1.3045,0,0.0,0.0,0.0,HOLD_CASH
2019-07-11,5,AEP,WEC,71.6505,69.4085,-0.9828,0,0.0,0.0,0.0,HOLD_CASH
2019-07-12,5,AEP,WEC,71.1147,68.8847,-0.8833,0,0.0,0.0,0.0,HOLD_CASH
2019-07-15,5,AEP,WEC,71.8553,69.5939,-0.8017,0,0.0,0.0,0.0,HOLD_CASH
2019-07-16,5,AEP,WEC,71.3195,69.4246,-1.5892,0,0.0,0.0,0.0,HOLD_CASH
2019-07-17,5,AEP,WEC,71.7214,70.0372,-1.8747,0,0.0,0.0,0.0,HOLD_CASH
2019-07-18,5,AEP,WEC,72.3045,70.8028,-2.0727,1,0.0,-0.5,-0.5,ENTER_LONG_A
2019-07-19,5,AEP,WEC,71.1383,69.5617,-1.6132,1,0.3503,-0.5,-0.1497,HOLDING
2019-07-22,5,AEP,WEC,71.0122,69.5375,-1.7674,1,-0.0002,-0.5,-0.5002,HOLDING
2019-07-23,5,AEP,WEC,70.5316,69.1184,-1.7262,1,-0.1824,-0.5,-0.6824,HOLDING
2019-07-24,5,AEP,WEC,70.6104,69.1506,-1.4729,1,-0.0238,-0.5,-0.5238,HOLDING
2019-07-25,5,AEP,WEC,70.1927,69.199,-2.2254,1,-1.6384,-0.5,-2.1384,HOLDING
2019-07-26,5,AEP,WEC,70.0903,69.8437,-2.8376,1,-4.2693,-0.5,-4.7693,HOLDING
2019-07-29,5,AEP,WEC,70.7128,70.5207,-2.3318,1,-4.5074,-0.5,-5.0074,HOLDING
2019-07-30,5,AEP,WEC,69.9091,69.8437,-2.1046,1,-4.8959,-0.5,-5.3959,HOLDING
2019-07-31,5,AEP,WEC,69.192,68.8766,-1.5573,1,-3.9604,-0.5,-4.4604,HOLDING
2019-08-01,5,AEP,WEC,69.98,70.2628,-1.9847,1,-6.1305,-0.5,-6.6305,HOLDING
2019-08-02,5,AEP,WEC,69.8933,69.7632,-1.3399,1,-4.666,-0.5,-5.166,HOLDING
2019-08-05,5,AEP,WEC,69.3575,70.1419,-2.0218,1,-7.856,-0.5,-8.356,HOLDING
2019-08-06,5,AEP,WEC,70.24,70.8351,-1.5981,1,-7.2519,-0.5,-7.7519,HOLDING
2019-08-07,5,AEP,WEC,70.7128,71.1252,-1.2734,1,-6.6418,-0.5,-7.1418,HOLDING
2019-08-08,5,AEP,WEC,71.0621,71.9714,-1.5657,1,-8.4219,-0.5,-8.9219,HOLDING
2019-08-09,5,AEP,WEC,71.4273,72.4308,-1.4909,1,-8.7813,-0.5,-9.2813,HOLDING
2019-08-12,5,AEP,WEC,71.7925,72.5275,-1.139,1,-7.8601,-0.5,-8.3601,HOLDING
2019-08-13,5,AEP,WEC,71.6496,72.7466,-1.3604,1,-9.1277,-0.5,-9.6277,HOLDING
2019-08-14,5,AEP,WEC,70.2444,72.1138,-1.881,1,-11.752,-0.5,-12.252,HOLDING
2019-08-15,5,AEP,WEC,71.7369,73.5741,-1.6151,1,-11.7475,-0.5,-12.2475,HOLDING
2019-08-16,5,AEP,WEC,71.6337,73.3713,-1.3943,1,-11.3882,-0.5,-11.8882,HOLDING
2019-08-19,5,AEP,WEC,71.8878,74.1176,-1.6623,1,-13.1452,-0.5,-13.6452,HOLDING
2019-08-20,5,AEP,WEC,72.0624,74.4827,-1.669,1,-13.8306,-0.5,-14.3306,HOLDING
2019-08-21,5,AEP,WEC,72.5229,75.2372,-1.7795,1,-14.9024,-0.5,-15.4024,HOLDING
2019-08-22,5,AEP,WEC,72.2212,75.5617,-2.0868,1,-17.0912,-0.5,-17.5912,HOLDING
2019-08-23,5,AEP,WEC,71.1177,75.1155,-2.2443,1,-19.3313,-0.5,-19.8313,HOLDING
2019-08-26,5,AEP,WEC,72.1101,76.4703,-2.0898,1,-20.6838,-0.5,-21.1838,HOLDING
2019-08-27,5,AEP,WEC,71.983,77.3222,-2.2767,1,-24.1308,-0.5,-24.6308,HOLDING
2019-08-28,5,AEP,WEC,71.1573,77.1599,-2.2588,1,-26.4127,-0.5,-26.9127,HOLDING
2019-08-29,5,AEP,WEC,72.0227,77.8252,-1.8188,1,-25.7696,-0.5,-26.2696,HOLDING
2019-08-30,5,AEP,WEC,72.3641,77.6954,-1.4103,1,-24.1309,-0.5,-24.6309,HOLDING
2019-09-03,5,AEP,WEC,73.6582,79.2854,-1.3508,1,-25.2711,-0.5,-25.7711,HOLDING
2019-09-04,5,AEP,WEC,73.8725,79.2205,-1.0934,1,-24.3008,-0.5,-24.8008,HOLDING
2019-09-05,5,AEP,WEC,72.6658,77.3384,-0.7185,1,-21.8274,-0.5,-22.3274,HOLDING
2019-09-06,5,AEP,WEC,72.3165,75.5536,0.1041,1,-16.7332,-0.5,-17.2332,HOLDING
2019-09-09,5,AEP,WEC,72.5467,73.3956,1.4632,1,-8.3175,-0.5,-8.8175,HOLDING
2019-09-10,5,AEP,WEC,72.3165,73.2577,1.4268,1,-8.6266,-0.5,-9.1266,HOLDING
2019-09-11,5,AEP,WEC,72.7928,74.0446,1.2612,1,-9.758,-0.5,-10.258,HOLDING
2019-09-12,5,AEP,WEC,73.0548,74.2718,1.2344,1,-9.6543,-0.5,-10.1543,HOLDING
2019-09-13,5,AEP,WEC,72.6737,73.9554,1.1573,1,-9.8549,-0.5,-10.3549,HOLDING
2019-09-16,5,AEP,WEC,72.8087,74.0771,1.1354,1,-9.8179,-0.5,-10.3179,HOLDING
2019-09-17,5,AEP,WEC,73.6185,75.2859,0.8981,1,-11.2861,-0.5,-11.7861,HOLDING
2019-09-18,5,AEP,WEC,73.8487,75.5698,0.8405,1,-11.4927,-0.5,-11.9927,HOLDING
2019-09-19,5,AEP,WEC,73.9757,75.8375,0.7354,1,-11.9988,-0.5,-12.4988,HOLDING
2019-09-20,5,AEP,WEC,73.9757,76.016,0.6019,1,-12.6289,-0.5,-13.1289,HOLDING
2019-09-23,5,AEP,WEC,74.1504,76.2269,0.5324,1,-12.7699,-0.5,-13.2699,HOLDING
2019-09-24,5,AEP,WEC,75.0951,77.0707,0.5355,1,-12.4824,-0.5,-12.9824,HOLDING
2019-09-25,5,AEP,WEC,74.8093,77.3546,0.1776,1,-14.4731,-0.5,-14.9731,HOLDING
2019-09-26,5,AEP,WEC,74.8569,77.8008,-0.1276,1,-15.8841,-0.5,-16.3841,HOLDING
2019-09-27,5,AEP,WEC,74.7855,76.9652,0.2249,1,-13.1807,-0.5,-13.6807,HOLDING
2019-09-30,5,AEP,WEC,74.3806,77.1518,-0.277,1,-15.2394,-0.5,-15.7394,HOLDING
2019-10-01,5,AEP,WEC,74.0075,77.2248,-0.8096,1,-16.7874,-0.5,-17.2874,HOLDING
2019-10-02,5,AEP,WEC,73.1421,76.5109,-1.2589,1,-17.2585,-0.5,-17.7585,HOLDING
2019-10-03,5,AEP,WEC,73.4359,76.9165,-1.6524,1,-17.6751,-0.5,-18.1751,HOLDING
2019-10-04,5,AEP,WEC,74.3171,77.9468,-1.7094,1,-18.2662,-0.5,-18.7662,HOLDING
2019-10-07,5,AEP,WEC,74.3965,77.2492,-0.7492,1,-15.5283,-0.5,-16.0283,HOLDING
2019-10-08,5,AEP,WEC,73.4835,76.3973,-0.7843,1,-15.6773,-0.5,-16.1773,HOLDING
2019-10-09,5,AEP,WEC,73.7375,76.9814,-1.0786,1,-16.8613,-0.5,-17.3613,HOLDING
2019-10-10,5,AEP,WEC,73.5232,77.1924,-1.48,1,-18.3471,-0.5,-18.8471,HOLDING
2019-10-11,5,AEP,WEC,73.3088,76.1052,-0.2949,1,-15.2498,-0.5,-15.7498,HOLDING
2019-10-14,5,AEP,WEC,73.0628,75.221,0.7093,1,-12.9784,-0.5,-13.4784,HOLDING
2019-10-15,5,AEP,WEC,72.8325,74.7748,1.0887,1,-12.199,-0.5,-12.699,HOLDING
2019-10-16,5,AEP,WEC,73.5153,75.2534,1.4473,1,-11.5284,-0.5,-12.0284,HOLDING
2019-10-17,5,AEP,WEC,73.8328,75.367,1.6894,1,-10.8314,-0.5,-11.3314,HOLDING
2019-10-18,5,AEP,WEC,74.7379,75.4157,2.4423,1,-7.8739,-0.5,-8.3739,HOLDING
2019-10-21,5,AEP,WEC,75.0078,75.6672,2.0936,1,-7.8287,-0.5,-8.3287,HOLDING
2019-10-22,5,AEP,WEC,74.7458,75.6834,1.6101,1,-8.7919,-0.5,-9.2919,HOLDING
2019-10-23,5,AEP,WEC,74.976,75.5698,1.7136,1,-7.5948,-0.5,-8.0948,HOLDING
2019-10-24,5,AEP,WEC,75.9922,76.2675,1.7433,1,-6.5447,-0.5,-7.0447,HOLDING
2019-10-25,5,AEP,WEC,74.9046,76.089,0.8734,1,-9.6752,-0.5,-10.1752,HOLDING
2019-10-28,5,AEP,WEC,74.1265,75.0668,0.9767,1,-8.7559,-0.5,-9.2559,HOLDING
2019-10-29,5,AEP,WEC,73.9678,74.9938,0.8147,1,-9.0471,-0.5,-9.5471,HOLDING
2019-10-30,5,AEP,WEC,74.7061,76.089,0.4497,1,-10.3614,-0.5,-10.8614,HOLDING
2019-10-31,5,AEP,WEC,74.9363,76.5839,0.148,1,-11.3127,-0.5,-11.8127,HOLDING
2019-11-01,5,AEP,WEC,74.2774,75.8781,0.0924,1,-11.0989,-0.5,-11.5989,HOLDING
2019-11-04,5,AEP,WEC,73.6741,74.3448,0.9436,1,-7.771,-0.5,-8.271,HOLDING
2019-11-05,5,AEP,WEC,72.5626,73.8256,0.2282,1,-9.7807,-0.5,-10.2807,HOLDING
2019-11-06,5,AEP,WEC,73.023,73.996,0.4873,1,-8.7902,-0.5,-9.2902,HOLDING
2019-11-07,5,AEP,WEC,71.4711,72.0976,0.9294,1,-7.4533,-0.5,-7.9533,HOLDING
2019-11-08,5,AEP,WEC,71.255,71.2539,1.9269,1,-5.2212,-0.5,-5.7212,HOLDING
2019-11-11,5,AEP,WEC,71.0151,70.6941,2.1997,1,-4.0744,-0.5,-4.5744,HOLDING
2019-11-12,5,AEP,WEC,70.7991,70.7265,1.6005,1,-4.9357,-0.5,-5.4357,HOLDING
2019-11-13,5,AEP,WEC,71.8871,71.7312,1.5717,1,-4.7213,-0.5,-5.2213,HOLDING
2019-11-14,5,AEP,WEC,71.6791,71.9762,0.6982,1,-6.3056,-0.5,-6.8056,HOLDING
2019-11-15,5,AEP,WEC,71.6471,71.9354,0.6728,1,-6.2721,-0.5,-6.7721,HOLDING
2019-11-18,5,AEP,WEC,72.119,71.8374,1.507,1,-4.2941,-0.5,-4.7941,HOLDING
2019-11-19,5,AEP,WEC,72.535,71.9844,1.6909,1,-3.3749,-0.5,-3.8749,HOLDING
2019-11-20,5,AEP,WEC,73.167,72.0416,2.1135,1,-1.3916,-0.5,-1.8916,HOLDING
2019-11-21,5,AEP,WEC,72.855,72.1478,1.4133,1,-2.8452,-0.5,-3.3452,HOLDING
2019-11-22,5,AEP,WEC,73.231,72.3111,1.4835,1,-2.1221,-0.5,-2.6221,HOLDING
2019-11-25,5,AEP,WEC,72.711,71.9599,1.158,1,-2.6798,-0.5,-3.1798,HOLDING
2019-11-26,5,AEP,WEC,73.199,72.7195,0.7518,1,-3.6747,-0.5,-4.1747,HOLDING
2019-11-27,5,AEP,WEC,73.271,72.7849,0.6806,1,-3.6565,-0.5,-4.1565,HOLDING
2019-11-29,5,AEP,WEC,73.079,72.4091,0.8407,1,-2.9936,-0.5,-3.4936,HOLDING
2019-12-02,5,AEP,WEC,72.2231,71.527,0.8356,1,-2.8385,-0.5,-3.3385,HOLDING
2019-12-03,5,AEP,WEC,72.703,72.0987,0.611,1,-3.1977,-0.5,-3.6977,HOLDING
2019-12-04,5,AEP,WEC,73.623,72.7685,0.9642,1,-2.3817,-0.5,-2.8817,HOLDING
2019-12-05,5,AEP,WEC,73.967,73.0626,1.0264,1,0.0,-3.2443,-3.2443,PERIOD_END_EXIT
2019-06-10,6,AEE,DTE,62.2788,87.0714,0.0,0,0.0,0.0,0.0,HOLD_CASH
2019-06-11,6,AEE,DTE,61.8537,86.6571,0.0,0,0.0,0.0,0.0,HOLD_CASH
2019-06-12,6,AEE,DTE,62.9351,87.696,0.0,0,0.0,0.0,0.0,HOLD_CASH
2019-06-13,6,AEE,DTE,62.9103,87.5059,0.0,0,0.0,0.0,0.0,HOLD_CASH
2019-06-14,6,AEE,DTE,63.323,88.6107,0.0,0,0.0,0.0,0.0,HOLD_CASH
2019-06-17,6,AEE,DTE,62.9021,88.7475,0.0,0,0.0,0.0,0.0,HOLD_CASH
2019-06-18,6,AEE,DTE,63.0919,88.2207,0.0,0,0.0,0.0,0.0,HOLD_CASH
2019-06-19,6,AEE,DTE,63.4799,89.2468,0.0,0,0.0,0.0,0.0,HOLD_CASH
2019-06-20,6,AEE,DTE,63.8596,89.7325,0.0,0,0.0,0.0,0.0,HOLD_CASH
2019-06-21,6,AEE,DTE,63.9339,89.6846,0.0,0,0.0,0.0,0.0,HOLD_CASH
2019-06-24,6,AEE,DTE,63.4799,90.0129,0.0,0,0.0,0.0,0.0,HOLD_CASH
2019-06-25,6,AEE,DTE,63.2157,89.0758,0.0,0,0.0,0.0,0.0,HOLD_CASH
2019-06-26,6,AEE,DTE,61.6886,87.1947,0.0,0,0.0,0.0,0.0,HOLD_CASH
2019-06-27,6,AEE,DTE,61.6226,87.2563,0.0,0,0.0,0.0,0.0,HOLD_CASH
2019-06-28,6,AEE,DTE,62.0023,87.4751,0.0,0,0.0,0.0,0.0,HOLD_CASH
2019-07-01,6,AEE,DTE,62.0848,87.7488,0.0,0,0.0,0.0,0.0,HOLD_CASH
2019-07-02,6,AEE,DTE,62.6544,88.8159,0.0,0,0.0,0.0,0.0,HOLD_CASH
2019-07-03,6,AEE,DTE,63.1662,89.6709,0.0,0,0.0,0.0,0.0,HOLD_CASH
2019-07-05,6,AEE,DTE,63.1084,89.5204,0.0,0,0.0,0.0,0.0,HOLD_CASH
2019-07-08,6,AEE,DTE,63.1249,89.6299,-1.2897,0,0.0,0.0,0.0,HOLD_CASH
2019-07-09,6,AEE,DTE,63.2405,89.7598,-1.1134,0,0.0,0.0,0.0,HOLD_CASH
2019-07-10,6,AEE,DTE,63.2735,89.9924,-1.2831,0,0.0,0.0,0.0,HOLD_CASH
2019-07-11,6,AEE,DTE,63.2983,90.0335,-1.205,0,0.0,0.0,0.0,HOLD_CASH
2019-07-12,6,AEE,DTE,62.869,89.1989,-0.7649,0,0.0,0.0,0.0,HOLD_CASH
2019-07-15,6,AEE,DTE,62.9764,88.9185,0.2579,0,0.0,0.0,0.0,HOLD_CASH
2019-07-16,6,AEE,DTE,62.9268,88.6175,0.7715,0,0.0,0.0,0.0,HOLD_CASH
2019-07-17,6,AEE,DTE,63.3478,88.98,1.4867,0,0.0,0.0,0.0,HOLD_CASH
2019-07-18,6,AEE,DTE,63.6945,89.8556,0.5648,0,0.0,0.0,0.0,HOLD_CASH
2019-07-19,6,AEE,DTE,62.7204,88.0976,1.5727,0,0.0,0.0,0.0,HOLD_CASH
2019-07-22,6,AEE,DTE,62.9681,87.9745,2.5005,-1,0.0,-0.5,-0.5,ENTER_SHORT_A
2019-07-23,6,AEE,DTE,62.9268,87.6735,2.4125,-1,-0.6915,-0.5,-1.1915,HOLDING
2019-07-24,6,AEE,DTE,63.0919,87.3589,2.6386,-1,-2.2411,-0.5,-2.7411,HOLDING
2019-07-25,6,AEE,DTE,62.9433,87.5983,1.6805,-1,-0.9709,-0.5,-1.4709,HOLDING
2019-07-26,6,AEE,DTE,63.224,88.4944,0.867,-1,0.4614,-0.5,-0.0386,HOLDING
2019-07-29,6,AEE,DTE,63.4386,88.2276,1.4817,-1,-1.1489,-0.5,-1.6489,HOLDING
2019-07-30,6,AEE,DTE,62.9103,87.523,1.2908,-1,-1.0535,-0.5,-1.5535,HOLDING
2019-07-31,6,AEE,DTE,62.481,86.9484,1.1366,-1,-0.9821,-0.5,-1.4821,HOLDING
2019-08-01,6,AEE,DTE,63.2652,88.2754,0.7583,-1,-0.3246,-0.5,-0.8246,HOLDING
2019-08-02,6,AEE,DTE,62.5223,88.0087,-0.28,-1,1.867,-0.5,1.367,HOLDING
2019-08-05,6,AEE,DTE,61.9527,86.8185,0.1692,-1,0.746,-0.5,0.246,HOLDING
2019-08-06,6,AEE,DTE,61.9115,87.4341,-0.8302,-1,2.6593,-0.5,2.1593,HOLDING
2019-08-07,6,AEE,DTE,62.0931,87.6804,-0.9193,-1,2.6381,-0.5,2.1381,HOLDING
2019-08-08,6,AEE,DTE,63.0011,88.4396,-0.2395,-1,1.1906,-0.5,0.6906,HOLDING
2019-08-09,6,AEE,DTE,63.3065,88.4944,0.3118,-1,0.1336,-0.5,-0.3664,HOLDING
2019-08-12,6,AEE,DTE,63.2652,87.6051,1.6672,-1,-2.2296,-0.5,-2.7296,HOLDING
2019-08-13,6,AEE,DTE,63.158,87.7146,1.0787,-1,-1.4926,-0.5,-1.9926,HOLDING
2019-08-14,6,AEE,DTE,62.1179,86.2986,0.9287,-1,-1.3868,-0.5,-1.8868,HOLDING
2019-08-15,6,AEE,DTE,62.5801,88.0087,-1.0772,-1,1.6375,-0.5,1.1375,HOLDING
2019-08-16,6,AEE,DTE,63.2652,88.4396,-0.1293,-1,0.142,-0.5,-0.358,HOLDING
2019-08-19,6,AEE,DTE,63.5377,89.4657,-1.2278,-1,1.9761,-0.5,1.4761,HOLDING
2019-08-20,6,AEE,DTE,63.2818,88.6312,-0.3264,-1,0.6206,-0.5,0.1206,HOLDING
2019-08-21,6,AEE,DTE,63.4964,89.2742,-0.8649,-1,1.5958,-0.5,1.0958,HOLDING
2019-08-22,6,AEE,DTE,63.4138,89.0963,-0.6723,-1,1.4182,-0.5,0.9182,HOLDING
2019-08-23,6,AEE,DTE,62.1839,87.824,-1.4027,-1,2.6858,-0.5,2.1858,HOLDING
2019-08-26,6,AEE,DTE,62.6131,89.0279,-2.084,-1,4.4028,-0.5,3.9028,HOLDING
2019-08-27,6,AEE,DTE,62.5306,89.1989,-2.1258,-1,5.2165,-0.5,4.7165,HOLDING
2019-08-28,6,AEE,DTE,62.5306,88.6038,-1.1327,-1,3.5254,-0.5,3.0254,HOLDING
2019-08-29,6,AEE,DTE,63.6863,88.9116,0.806,-1,-0.1883,-0.5,-0.6883,HOLDING
2019-08-30,6,AEE,DTE,63.6863,88.6927,1.0286,-1,-0.8103,-0.5,-1.3103,HOLDING
2019-09-03,6,AEE,DTE,64.7924,90.2113,0.9918,-1,-0.8868,-0.5,-1.3868,HOLDING
2019-09-04,6,AEE,DTE,64.7924,90.3344,0.7444,-1,-0.5369,-0.5,-1.0369,HOLDING
2019-09-05,6,AEE,DTE,63.678,88.8637,0.5616,-1,-0.2916,-0.5,-0.7916,HOLDING
2019-09-06,6,AEE,DTE,62.8938,88.1592,-0.002,-1,0.8198,-0.5,0.3198,HOLDING
2019-09-09,6,AEE,DTE,62.06,87.5367,-0.7211,-1,2.3611,-0.5,1.8611,HOLDING
2019-09-10,6,AEE,DTE,61.6488,87.9471,-1.8718,-1,5.16,-0.5,4.66,HOLDING
2019-09-11,6,AEE,DTE,62.114,88.4123,-1.4433,-1,4.6348,-0.5,4.1348,HOLDING
2019-09-12,6,AEE,DTE,63.5512,88.3986,1.3044,-1,-1.11,-0.5,-1.61,HOLDING
2019-09-13,6,AEE,DTE,63.6343,88.4985,1.207,-1,-1.156,-0.5,-1.656,HOLDING
2019-09-16,6,AEE,DTE,64.1078,89.6148,0.6192,-1,0.1363,-0.5,-0.3637,HOLDING
2019-09-17,6,AEE,DTE,64.4152,90.0765,0.5351,-1,0.228,-0.5,-0.272,HOLDING
2019-09-18,6,AEE,DTE,65.1961,90.7036,1.0498,-1,-1.0905,-0.5,-1.5905,HOLDING
2019-09-19,6,AEE,DTE,65.3456,90.8689,1.0113,-1,-1.2141,-0.5,-1.7141,HOLDING
2019-09-20,6,AEE,DTE,65.6613,91.1584,1.0864,-1,-1.645,-0.5,-2.145,HOLDING
2019-09-23,6,AEE,DTE,65.6031,90.6071,1.4398,-1,-2.9808,-0.5,-3.4808,HOLDING
2019-09-24,6,AEE,DTE,66.0933,92.1162,0.4645,-1,-0.6383,-0.5,-1.1383,HOLDING
2019-09-25,6,AEE,DTE,66.6748,92.1989,1.2189,-1,-2.7121,-0.5,-3.2121,HOLDING
2019-09-26,6,AEE,DTE,66.7745,91.9508,1.5348,-1,-3.8127,-0.5,-4.3127,HOLDING
2019-09-27,6,AEE,DTE,66.4588,91.2962,1.5917,-1,-4.4198,-0.5,-4.9198,HOLDING
2019-09-30,6,AEE,DTE,66.5003,91.62,1.1798,-1,-3.6644,-0.5,-4.1644,HOLDING
2019-10-01,6,AEE,DTE,66.1764,91.7785,0.4865,-1,-1.9277,-0.5,-2.4277,HOLDING
2019-10-02,6,AEE,DTE,65.4204,90.421,0.7734,-1,-2.7838,-0.5,-3.2838,HOLDING
2019-10-03,6,AEE,DTE,65.2127,90.0007,0.8483,-1,-3.1537,-0.5,-3.6537,HOLDING
2019-10-04,6,AEE,DTE,66.0684,91.1239,0.8256,-1,-3.3591,-0.5,-3.8591,HOLDING
2019-10-07,6,AEE,DTE,65.5782,91.2686,-0.1167,-1,-1.0018,-0.5,-1.5018,HOLDING
2019-10-08,6,AEE,DTE,64.3155,89.7044,-0.5683,-1,-0.4335,-0.5,-0.9335,HOLDING
2019-10-09,6,AEE,DTE,64.249,89.4839,-0.7759,-1,-0.7964,-0.5,-1.2964,HOLDING
2019-10-10,6,AEE,DTE,63.842,89.7802,-2.17,-1,1.6617,-0.5,1.1617,HOLDING
2019-10-11,6,AEE,DTE,64.0081,89.5046,-1.152,-1,0.2189,-0.5,-0.2811,HOLDING
2019-10-14,6,AEE,DTE,63.3768,88.278,-0.5781,-1,-0.7601,-0.5,-1.2601,HOLDING
2019-10-15,6,AEE,DTE,62.9697,88.912,-2.3559,-1,2.6576,-0.5,2.1576,HOLDING
2019-10-16,6,AEE,DTE,62.9033,89.0705,-2.2407,-1,3.3718,-0.5,2.8718,HOLDING
2019-10-17,6,AEE,DTE,62.9697,89.222,-1.9576,-1,3.5387,-0.5,3.0387,HOLDING
2019-10-18,6,AEE,DTE,63.6509,87.7474,0.9133,-1,-3.3564,-0.5,-3.8564,HOLDING
2019-10-21,6,AEE,DTE,63.6842,89.0291,-0.4873,-1,0.1539,-0.5,-0.3461,HOLDING
2019-10-22,6,AEE,DTE,64.0081,88.8775,0.2065,-1,-1.5631,-0.5,-2.0631,HOLDING
2019-10-23,6,AEE,DTE,64.0164,89.1118,-0.0222,-1,-0.9304,-0.5,-1.4304,HOLDING
2019-10-24,6,AEE,DTE,64.3736,88.9671,0.7776,-1,-2.7598,-0.5,-3.2598,HOLDING
2019-10-25,6,AEE,DTE,63.626,88.3469,0.3461,-1,-1.5537,-0.5,-2.0537,HOLDING
2019-10-28,6,AEE,DTE,63.0029,86.6035,1.4652,-1,-4.0343,-0.5,-4.5343,HOLDING
2019-10-29,6,AEE,DTE,63.5346,87.2306,1.4575,-1,-4.3631,-0.5,-4.8631,HOLDING
2019-10-30,6,AEE,DTE,64.4484,87.5131,2.2057,-1,-7.1885,-0.5,-7.6885,HOLDING
2019-10-31,6,AEE,DTE,64.5481,87.7336,1.8636,-1,-6.9576,-0.5,-7.4576,HOLDING
2019-11-01,6,AEE,DTE,64.2657,87.5131,1.5547,-1,-6.4629,-0.5,-6.9629,HOLDING
2019-11-04,6,AEE,DTE,63.2106,86.1763,1.3142,-1,-6.0729,-0.5,-6.5729,HOLDING
2019-11-05,6,AEE,DTE,62.2719,85.246,0.9156,-1,-4.9895,-0.5,-5.4895,HOLDING
2019-11-06,6,AEE,DTE,62.7703,85.377,1.2515,-1,-6.5964,-0.5,-7.0964,HOLDING
2019-11-07,6,AEE,DTE,61.9977,83.9161,1.4275,-1,-7.6803,-0.5,-8.1803,HOLDING
2019-11-08,6,AEE,DTE,61.3165,83.0272,1.255,-1,-7.5017,-0.5,-8.0017,HOLDING
2019-11-11,6,AEE,DTE,61.5492,83.1788,1.244,-1,-7.9945,-0.5,-8.4945,HOLDING
2019-11-12,6,AEE,DTE,61.6405,83.0824,1.3029,-1,-8.6314,-0.5,-9.1314,HOLDING
2019-11-13,6,AEE,DTE,62.787,84.495,1.3351,-1,-9.1688,-0.5,-9.6688,HOLDING
2019-11-14,6,AEE,DTE,63.5762,85.246,1.5782,-1,-10.1678,-0.5,-10.6678,HOLDING
2019-11-15,6,AEE,DTE,63.6509,85.3356,1.4098,-1,-10.2099,-0.5,-10.7099,HOLDING
2019-11-18,6,AEE,DTE,62.9116,85.1013,0.6387,-1,-7.9404,-0.5,-8.4404,HOLDING
2019-11-19,6,AEE,DTE,62.6789,85.1909,0.1464,-1,-6.7622,-0.5,-7.2622,HOLDING
2019-11-20,6,AEE,DTE,62.6955,85.5148,-0.3184,-1,-5.9078,-0.5,-6.4078,HOLDING
2019-11-21,6,AEE,DTE,62.463,85.0118,-0.1827,-1,-6.4138,-0.5,-6.9138,HOLDING
2019-11-22,6,AEE,DTE,62.2636,85.06,-0.8729,-1,-5.4852,-0.5,-5.9852,HOLDING
2019-11-25,6,AEE,DTE,61.6156,85.501,-2.6174,-1,-1.6593,-0.5,-2.1593,HOLDING
2019-11-26,6,AEE,DTE,61.5824,85.6182,-2.4047,-1,-1.1944,-0.5,-1.6944,HOLDING
2019-11-27,6,AEE,DTE,61.6239,86.1143,-2.3357,-1,0.0505,-0.5,-0.4495,HOLDING
2019-11-29,6,AEE,DTE,61.7485,86.0936,-1.826,-1,-0.503,-0.5,-1.003,HOLDING
2019-12-02,6,AEE,DTE,61.2086,85.0186,-1.366,-1,-1.414,-0.5,-1.914,HOLDING
2019-12-03,6,AEE,DTE,61.3165,85.4528,-1.4444,-1,-0.609,-0.5,-1.109,HOLDING
2019-12-04,6,AEE,DTE,61.7735,86.3141,-1.4634,-1,0.0246,-0.5,-0.4754,HOLDING
2019-12-05,6,AEE,DTE,62.3799,86.383,-0.7884,-1,0.0,-3.1803,-3.1803,PERIOD_END_EXIT
2019-06-10,7,AVB,UDR,166.0995,35.7435,0.0,0,0.0,0.0,0.0,HOLD_CASH
2019-06-11,7,AVB,UDR,166.0837,35.7047,0.0,0,0.0,0.0,0.0,HOLD_CASH
2019-06-12,7,AVB,UDR,164.3779,35.759,0.0,0,0.0,0.0,0.0,HOLD_CASH
2019-06-13,7,AVB,UDR,164.2986,35.9451,0.0,0,0.0,0.0,0.0,HOLD_CASH
2019-06-14,7,AVB,UDR,165.0919,36.0149,0.0,0,0.0,0.0,0.0,HOLD_CASH
2019-06-17,7,AVB,UDR,166.3138,36.2475,0.0,0,0.0,0.0,0.0,HOLD_CASH
2019-06-18,7,AVB,UDR,165.5124,35.9218,0.0,0,0.0,0.0,0.0,HOLD_CASH
2019-06-19,7,AVB,UDR,165.9647,36.0692,0.0,0,0.0,0.0,0.0,HOLD_CASH
2019-06-20,7,AVB,UDR,166.9802,36.108,0.0,0,0.0,0.0,0.0,HOLD_CASH
2019-06-21,7,AVB,UDR,164.8618,35.4255,0.0,0,0.0,0.0,0.0,HOLD_CASH
2019-06-24,7,AVB,UDR,165.1316,35.2937,0.0,0,0.0,0.0,0.0,HOLD_CASH
2019-06-25,7,AVB,UDR,162.1724,34.9835,0.0,0,0.0,0.0,0.0,HOLD_CASH
2019-06-26,7,AVB,UDR,159.6891,34.239,0.0,0,0.0,0.0,0.0,HOLD_CASH
2019-06-27,7,AVB,UDR,161.0321,34.5724,0.0,0,0.0,0.0,0.0,HOLD_CASH
2019-06-28,7,AVB,UDR,162.4231,34.8128,0.0,0,0.0,0.0,0.0,HOLD_CASH
2019-07-01,7,AVB,UDR,161.7276,34.9835,0.0,0,0.0,0.0,0.0,HOLD_CASH
2019-07-02,7,AVB,UDR,164.3257,35.4022,0.0,0,0.0,0.0,0.0,HOLD_CASH
2019-07-03,7,AVB,UDR,167.3394,35.8753,0.0,0,0.0,0.0,0.0,HOLD_CASH
2019-07-05,7,AVB,UDR,166.1723,35.6737,0.0,0,0.0,0.0,0.0,HOLD_CASH
2019-07-08,7,AVB,UDR,167.963,36.0382,0.8384,0,0.0,0.0,0.0,HOLD_CASH
2019-07-09,7,AVB,UDR,169.0821,36.4468,0.1835,0,0.0,0.0,0.0,HOLD_CASH
2019-07-10,7,AVB,UDR,170.8888,36.6577,0.8602,0,0.0,0.0,0.0,HOLD_CASH
2019-07-11,7,AVB,UDR,168.9942,36.3296,0.4818,0,0.0,0.0,0.0,HOLD_CASH
2019-07-12,7,AVB,UDR,168.2587,36.1421,0.5327,0,0.0,0.0,0.0,HOLD_CASH
2019-07-15,7,AVB,UDR,168.9062,36.1811,0.9433,0,0.0,0.0,0.0,HOLD_CASH
2019-07-16,7,AVB,UDR,168.6824,36.2827,0.05,0,0.0,0.0,0.0,HOLD_CASH
2019-07-17,7,AVB,UDR,168.6504,36.1186,0.9615,0,0.0,0.0,0.0,HOLD_CASH
2019-07-18,7,AVB,UDR,168.0269,36.1968,-0.7486,0,0.0,0.0,0.0,HOLD_CASH
2019-07-19,7,AVB,UDR,165.3409,35.4936,0.255,0,0.0,0.0,0.0,HOLD_CASH
2019-07-22,7,AVB,UDR,163.9979,35.392,-1.4265,0,0.0,0.0,0.0,HOLD_CASH
2019-07-23,7,AVB,UDR,165.3489,35.7671,-1.9475,0,0.0,0.0,0.0,HOLD_CASH
2019-07-24,7,AVB,UDR,165.3569,35.6655,-1.0256,0,0.0,0.0,0.0,HOLD_CASH
2019-07-25,7,AVB,UDR,165.3569,35.8686,-2.2921,1,0.0,-0.5,-0.5,ENTER_LONG_A
2019-07-26,7,AVB,UDR,166.58,36.0093,-1.2017,1,0.8689,-0.5,0.3689,HOLDING
2019-07-29,7,AVB,UDR,168.2267,36.3764,-1.1597,1,0.7993,-0.5,0.2993,HOLDING
2019-07-30,7,AVB,UDR,168.5625,36.4077,-0.8978,1,1.0891,-0.5,0.5891,HOLDING
2019-07-31,7,AVB,UDR,166.9077,35.9858,-0.3991,1,1.5278,-0.5,1.0278,HOLDING
2019-08-01,7,AVB,UDR,162.3911,35.9936,-3.7229,1,-5.3553,-0.5,-5.8553,HOLDING
2019-08-02,7,AVB,UDR,164.4855,36.1421,-2.0966,1,-3.2234,-0.5,-3.7234,HOLDING
2019-08-05,7,AVB,UDR,160.3766,35.0014,-1.1608,1,-1.4853,-0.5,-1.9853,HOLDING
2019-08-06,7,AVB,UDR,162.3511,36.1968,-2.6813,1,-6.8315,-0.5,-7.3315,HOLDING
2019-08-07,7,AVB,UDR,163.2944,36.1811,-1.8158,1,-5.2965,-0.5,-5.7965,HOLDING
2019-08-08,7,AVB,UDR,165.0931,36.5093,-1.4634,1,-4.8642,-0.5,-5.3642,HOLDING
2019-08-09,7,AVB,UDR,164.6853,36.8062,-1.9456,1,-7.5499,-0.5,-8.0499,HOLDING
2019-08-12,7,AVB,UDR,164.3257,37.0952,-2.1965,1,-10.1085,-0.5,-10.6085,HOLDING
2019-08-13,7,AVB,UDR,163.2384,36.3764,-1.2317,1,-6.7424,-0.5,-7.2424,HOLDING
2019-08-14,7,AVB,UDR,161.152,35.8295,-0.9891,1,-6.085,-0.5,-6.585,HOLDING
2019-08-15,7,AVB,UDR,163.4144,36.3843,-0.9769,1,-6.5308,-0.5,-7.0308,HOLDING
2019-08-16,7,AVB,UDR,164.5495,36.7046,-0.9966,1,-7.0473,-0.5,-7.5473,HOLDING
2019-08-19,7,AVB,UDR,166.0444,37.3062,-1.3203,1,-8.9802,-0.5,-9.4802,HOLDING
2019-08-20,7,AVB,UDR,165.1091,37.0952,-1.1912,1,-8.9241,-0.5,-9.4241,HOLDING
2019-08-21,7,AVB,UDR,166.2363,37.2593,-0.9465,1,-8.3634,-0.5,-8.8634,HOLDING
2019-08-22,7,AVB,UDR,166.9797,37.6421,-1.2039,1,-9.9077,-0.5,-10.4077,HOLDING
2019-08-23,7,AVB,UDR,164.8053,37.1109,-1.0395,1,-9.4922,-0.5,-9.9922,HOLDING
2019-08-26,7,AVB,UDR,166.8438,37.2984,-0.4582,1,-7.7171,-0.5,-8.2171,HOLDING
2019-08-27,7,AVB,UDR,166.3402,37.1968,-0.4033,1,-7.7706,-0.5,-8.2706,HOLDING
2019-08-28,7,AVB,UDR,167.4353,37.3062,0.0833,1,-6.8772,-0.5,-7.3772,HOLDING
2019-08-29,7,AVB,UDR,169.4498,37.5796,0.6383,1,-5.7375,-0.5,-6.2375,HOLDING
2019-08-30,7,AVB,UDR,169.9215,37.6421,0.8779,1,-5.4601,-0.5,-5.9601,HOLDING
2019-09-03,7,AVB,UDR,171.1446,37.8921,1.3052,1,-5.3535,-0.5,-5.8535,HOLDING
2019-09-04,7,AVB,UDR,172.7993,38.0484,1.8725,1,-3.9407,-0.5,-4.4407,HOLDING
2019-09-05,7,AVB,UDR,171.6402,37.7749,1.7687,1,-3.7873,-0.5,-4.2873,HOLDING
2019-09-06,7,AVB,UDR,172.4716,38.2281,0.8482,1,-5.6887,-0.5,-6.1887,HOLDING
2019-09-09,7,AVB,UDR,170.9767,37.8375,0.97,1,-5.2261,-0.5,-5.7261,HOLDING
2019-09-10,7,AVB,UDR,168.0749,37.3765,0.2447,1,-6.4005,-0.5,-6.9005,HOLDING
2019-09-11,7,AVB,UDR,167.6512,37.3531,-0.0298,1,-6.8777,-0.5,-7.3777,HOLDING
2019-09-12,7,AVB,UDR,167.4993,37.5249,-0.7561,1,-8.3052,-0.5,-8.8052,HOLDING
2019-09-13,7,AVB,UDR,165.5647,37.189,-1.0346,1,-8.8886,-0.5,-9.3886,HOLDING
2019-09-16,7,AVB,UDR,167.7951,37.6343,-0.7798,1,-8.6205,-0.5,-9.1205,HOLDING
2019-09-17,7,AVB,UDR,169.0821,37.8999,-0.7239,1,-8.5261,-0.5,-9.0261,HOLDING
2019-09-18,7,AVB,UDR,168.9222,37.7437,-0.333,1,-7.6787,-0.5,-8.1787,HOLDING
2019-09-19,7,AVB,UDR,168.4825,37.6812,-0.4874,1,-7.9079,-0.5,-8.4079,HOLDING
2019-09-20,7,AVB,UDR,167.1236,37.4312,-0.7861,1,-8.2199,-0.5,-8.7199,HOLDING
2019-09-23,7,AVB,UDR,168.2267,37.5718,-0.4497,1,-7.5322,-0.5,-8.0322,HOLDING
2019-09-24,7,AVB,UDR,168.9702,37.5406,0.3566,1,-6.1904,-0.5,-6.6904,HOLDING
2019-09-25,7,AVB,UDR,170.0654,37.5484,1.2398,1,-4.589,-0.5,-5.089,HOLDING
2019-09-26,7,AVB,UDR,172.3357,37.8531,1.7743,1,-3.2803,-0.5,-3.7803,HOLDING
2019-09-27,7,AVB,UDR,172.5048,37.7593,1.9461,1,-2.3713,-0.5,-2.8713,HOLDING
2019-09-30,7,AVB,UDR,173.3581,37.8765,1.885,1,-1.8979,-0.5,-2.3979,HOLDING
2019-10-01,7,AVB,UDR,172.2874,37.7359,1.4472,1,-2.5365,-0.5,-3.0365,HOLDING
2019-10-02,7,AVB,UDR,173.0925,37.6343,1.976,1,-0.6114,-0.5,-1.1114,HOLDING
2019-10-03,7,AVB,UDR,175.4836,37.9781,2.084,1,0.6076,-0.5,0.1076,HOLDING
2019-10-04,7,AVB,UDR,176.3128,38.3062,1.5415,1,-0.4258,-0.5,-0.9258,HOLDING
2019-10-07,7,AVB,UDR,176.4738,38.2984,1.4586,1,-0.1279,-0.5,-0.6279,HOLDING
2019-10-08,7,AVB,UDR,175.2904,38.1968,1.0396,1,-1.2092,-0.5,-1.7092,HOLDING
2019-10-09,7,AVB,UDR,176.1115,38.1599,1.3066,1,0.29,-0.5,-0.21,HOLDING
2019-10-10,7,AVB,UDR,176.0551,38.1913,1.1073,1,-0.0146,-0.5,-0.5146,HOLDING
2019-10-11,7,AVB,UDR,175.5721,37.7743,1.5281,1,2.1616,-0.5,1.6616,HOLDING
2019-10-14,7,AVB,UDR,175.5721,38.1677,0.7105,1,-0.5803,-0.5,-1.0803,HOLDING
2019-10-15,7,AVB,UDR,175.0005,38.1992,0.3289,1,-1.6639,-0.5,-2.1639,HOLDING
2019-10-16,7,AVB,UDR,176.4818,38.8208,-0.3766,1,-3.7566,-0.5,-4.2566,HOLDING
2019-10-17,7,AVB,UDR,176.3772,38.8758,-0.6666,1,-4.2986,-0.5,-4.7986,HOLDING
2019-10-18,7,AVB,UDR,177.2547,39.1827,-1.1198,1,-5.1107,-0.5,-5.6107,HOLDING
2019-10-21,7,AVB,UDR,178.7603,39.4817,-1.2185,1,-4.9184,-0.5,-5.4184,HOLDING
2019-10-22,7,AVB,UDR,178.5912,39.1119,-0.346,1,-2.5965,-0.5,-3.0965,HOLDING
2019-10-23,7,AVB,UDR,178.3497,38.9545,-0.0701,1,-1.8649,-0.5,-2.3649,HOLDING
2019-10-24,7,AVB,UDR,177.3111,38.8994,-0.697,1,-3.0512,-0.5,-3.5512,HOLDING
2019-10-25,7,AVB,UDR,176.6429,38.8837,-1.0948,1,-3.9518,-0.5,-4.4518,HOLDING
2019-10-28,7,AVB,UDR,174.6945,38.5926,-1.4184,1,-4.8684,-0.5,-5.3684,HOLDING
2019-10-29,7,AVB,UDR,173.342,38.6949,-2.2397,1,-7.6262,-0.5,-8.1262,HOLDING
2019-10-30,7,AVB,UDR,176.2967,39.6233,-2.3562,1,-9.6301,-0.5,-10.1301,HOLDING
2019-10-31,7,AVB,UDR,175.234,39.5368,-2.2231,1,-10.6336,-0.5,-11.1336,HOLDING
2019-11-01,7,AVB,UDR,174.8959,39.1276,-1.3704,1,-8.2931,-0.5,-8.7931,HOLDING
2019-11-04,7,AVB,UDR,172.4806,39.0096,-1.8957,1,-11.1221,-0.5,-11.6221,HOLDING
2019-11-05,7,AVB,UDR,169.5984,38.1599,-1.358,1,-9.557,-0.5,-10.057,HOLDING
2019-11-06,7,AVB,UDR,170.9107,38.2779,-0.9425,1,-8.3956,-0.5,-8.8956,HOLDING
2019-11-07,7,AVB,UDR,168.3747,37.3652,-0.224,1,-5.8684,-0.5,-6.3684,HOLDING
2019-11-08,7,AVB,UDR,168.9463,37.2708,0.3518,1,-4.3462,-0.5,-4.8462,HOLDING
2019-11-11,7,AVB,UDR,169.4535,37.3809,0.4482,1,-4.347,-0.5,-4.847,HOLDING
2019-11-12,7,AVB,UDR,168.254,37.0033,0.791,1,-3.5283,-0.5,-4.0283,HOLDING
2019-11-13,7,AVB,UDR,170.3471,37.5225,0.6518,1,-3.9831,-0.5,-4.4831,HOLDING
2019-11-14,7,AVB,UDR,171.1764,37.8058,0.4101,1,-4.7036,-0.5,-5.2036,HOLDING
2019-11-15,7,AVB,UDR,172.7141,38.1126,0.4822,1,-4.5174,-0.5,-5.0174,HOLDING
2019-11-18,7,AVB,UDR,173.3098,38.3093,0.3243,1,-4.9877,-0.5,-5.4877,HOLDING
2019-11-19,7,AVB,UDR,174.7509,38.4588,0.7854,1,-3.8509,-0.5,-4.3509,HOLDING
2019-11-20,7,AVB,UDR,174.1874,38.3801,0.7516,1,-4.1545,-0.5,-4.6545,HOLDING
2019-11-21,7,AVB,UDR,171.2327,37.6484,0.9968,1,-3.5216,-0.5,-4.0216,HOLDING
2019-11-22,7,AVB,UDR,170.0976,37.4281,0.9112,1,-3.7023,-0.5,-4.2023,HOLDING
2019-11-25,7,AVB,UDR,170.798,37.4045,1.3036,1,-2.4788,-0.5,-2.9788,HOLDING
2019-11-26,7,AVB,UDR,173.5836,37.735,1.7563,1,-0.5706,-0.5,-1.0706,HOLDING
2019-11-27,7,AVB,UDR,173.5514,37.7901,1.4428,1,-1.0032,-0.5,-1.5032,HOLDING
2019-11-29,7,AVB,UDR,172.6174,37.8058,0.842,1,-2.5249,-0.5,-3.0249,HOLDING
2019-12-02,7,AVB,UDR,170.0332,36.8066,1.7451,1,0.5325,-0.5,0.0325,HOLDING
2019-12-03,7,AVB,UDR,171.8849,37.0741,1.9796,1,1.4675,-0.5,0.9675,HOLDING
2019-12-04,7,AVB,UDR,173.3501,37.3573,1.9383,1,1.7086,-0.5,1.2086,HOLDING
2019-12-05,7,AVB,UDR,173.8251,37.617,1.4282,1,0.0,-0.4079,-0.4079,PERIOD_END_EXIT
2019-06-10,8,LNT,NEE,39.7722,43.0766,0.0,0,0.0,0.0,0.0,HOLD_CASH
2019-06-11,8,LNT,NEE,39.3075,42.7695,0.0,0,0.0,0.0,0.0,HOLD_CASH
2019-06-12,8,LNT,NEE,39.9842,43.3159,0.0,0,0.0,0.0,0.0,HOLD_CASH
2019-06-13,8,LNT,NEE,40.1392,43.3625,0.0,0,0.0,0.0,0.0,HOLD_CASH
2019-06-14,8,LNT,NEE,40.767,43.8262,0.0,0,0.0,0.0,0.0,HOLD_CASH
2019-06-17,8,LNT,NEE,40.4408,43.7013,0.0,0,0.0,0.0,0.0,HOLD_CASH
2019-06-18,8,LNT,NEE,40.1065,43.5001,0.0,0,0.0,0.0,0.0,HOLD_CASH
2019-06-19,8,LNT,NEE,40.4816,43.6738,0.0,0,0.0,0.0,0.0,HOLD_CASH
2019-06-20,8,LNT,NEE,40.7507,43.7034,0.0,0,0.0,0.0,0.0,HOLD_CASH
2019-06-21,8,LNT,NEE,40.7343,43.9511,0.0,0,0.0,0.0,0.0,HOLD_CASH
2019-06-24,8,LNT,NEE,40.612,44.0888,0.0,0,0.0,0.0,0.0,HOLD_CASH
2019-06-25,8,LNT,NEE,40.5876,43.6695,0.0,0,0.0,0.0,0.0,HOLD_CASH
2019-06-26,8,LNT,NEE,39.9353,43.0025,0.0,0,0.0,0.0,0.0,HOLD_CASH
2019-06-27,8,LNT,NEE,39.8946,43.3159,0.0,0,0.0,0.0,0.0,HOLD_CASH
2019-06-28,8,LNT,NEE,40.0169,43.3815,0.0,0,0.0,0.0,0.0,HOLD_CASH
2019-07-01,8,LNT,NEE,39.9435,43.2036,0.0,0,0.0,0.0,0.0,HOLD_CASH
2019-07-02,8,LNT,NEE,40.5142,43.9745,0.0,0,0.0,0.0,0.0,HOLD_CASH
2019-07-03,8,LNT,NEE,40.9137,44.201,0.0,0,0.0,0.0,0.0,HOLD_CASH
2019-07-05,8,LNT,NEE,40.7262,44.0697,0.0,0,0.0,0.0,0.0,HOLD_CASH
2019-07-08,8,LNT,NEE,40.7099,44.2857,-1.464,0,0.0,0.0,0.0,HOLD_CASH
2019-07-09,8,LNT,NEE,40.8567,44.0803,0.5622,0,0.0,0.0,0.0,HOLD_CASH
2019-07-10,8,LNT,NEE,41.0686,44.3599,0.1967,0,0.0,0.0,0.0,HOLD_CASH
2019-07-11,8,LNT,NEE,41.0034,44.5547,-1.3154,0,0.0,0.0,0.0,HOLD_CASH
2019-07-12,8,LNT,NEE,40.6447,44.201,-1.3661,0,0.0,0.0,0.0,HOLD_CASH
2019-07-15,8,LNT,NEE,40.767,44.2264,-0.6926,0,0.0,0.0,0.0,HOLD_CASH
2019-07-16,8,LNT,NEE,40.7262,44.021,0.2513,0,0.0,0.0,0.0,HOLD_CASH
2019-07-17,8,LNT,NEE,40.9871,44.4509,-0.6085,0,0.0,0.0,0.0,HOLD_CASH
2019-07-18,8,LNT,NEE,41.46,44.9697,-0.5771,0,0.0,0.0,0.0,HOLD_CASH
2019-07-19,8,LNT,NEE,40.7099,44.4128,-1.9764,0,0.0,0.0,0.0,HOLD_CASH
2019-07-22,8,LNT,NEE,40.6773,44.3344,-1.5168,0,0.0,0.0,0.0,HOLD_CASH
2019-07-23,8,LNT,NEE,40.4327,43.8982,-0.4884,0,0.0,0.0,0.0,HOLD_CASH
2019-07-24,8,LNT,NEE,40.3674,44.4827,-3.1262,1,0.0,-0.5,-0.5,ENTER_LONG_A
2019-07-25,8,LNT,NEE,40.2696,43.9681,-1.1621,1,2.2862,-0.5,1.7862,HOLDING
2019-07-26,8,LNT,NEE,40.5957,44.2942,-0.9458,1,2.4731,-0.5,1.9731,HOLDING
2019-07-29,8,LNT,NEE,40.8893,44.7622,-1.434,1,1.6608,-0.5,1.1608,HOLDING
2019-07-30,8,LNT,NEE,40.7866,44.3408,-0.054,1,3.3934,-0.5,2.8934,HOLDING
2019-07-31,8,LNT,NEE,40.6799,43.8707,1.3818,1,5.3745,-0.5,4.8745,HOLDING
2019-08-01,8,LNT,NEE,41.0412,44.525,0.3226,1,3.9346,-0.5,3.4346,HOLDING
2019-08-02,8,LNT,NEE,41.1644,44.7686,-0.101,1,3.3287,-0.5,2.8287,HOLDING
2019-08-05,8,LNT,NEE,40.8523,44.057,1.375,1,5.3951,-0.5,4.8951,HOLDING
2019-08-06,8,LNT,NEE,41.4189,44.7664,1.0059,1,4.917,-0.5,4.417,HOLDING
2019-08-07,8,LNT,NEE,41.6242,45.0777,0.6728,1,4.4389,-0.5,3.9389,HOLDING
2019-08-08,8,LNT,NEE,42.1579,45.5754,0.9392,1,4.9477,-0.5,4.4477,HOLDING
2019-08-09,8,LNT,NEE,42.2811,45.8422,0.3614,1,4.2109,-0.5,3.7109,HOLDING
2019-08-12,8,LNT,NEE,42.1908,45.6241,0.8103,1,4.8774,-0.5,4.3774,HOLDING
2019-08-13,8,LNT,NEE,42.2401,45.6601,0.881,1,4.9802,-0.5,4.4802,HOLDING
2019-08-14,8,LNT,NEE,41.7556,45.5203,-0.6264,1,2.7653,-0.5,2.2653,HOLDING
2019-08-15,8,LNT,NEE,42.3468,45.9841,0.1009,1,3.8204,-0.5,3.3204,HOLDING
2019-08-16,8,LNT,NEE,42.3961,46.0645,-0.0442,1,3.6733,-0.5,3.1733,HOLDING
2019-08-19,8,LNT,NEE,42.6835,46.3674,-0.0375,1,3.7514,-0.5,3.2514,HOLDING
2019-08-20,8,LNT,NEE,42.5932,46.4034,-0.5448,1,2.9896,-0.5,2.4896,HOLDING
2019-08-21,8,LNT,NEE,42.8313,46.8544,-1.634,1,1.9294,-0.5,1.4294,HOLDING
2019-08-22,8,LNT,NEE,42.8477,46.9306,-1.7761,1,1.6027,-0.5,1.1027,HOLDING
2019-08-23,8,LNT,NEE,42.4043,46.9899,-2.9764,1,-1.4768,-0.5,-1.9768,HOLDING
2019-08-26,8,LNT,NEE,42.9134,47.3542,-2.0549,1,-0.3708,-0.5,-0.8708,HOLDING
2019-08-27,8,LNT,NEE,42.9791,47.4368,-1.7941,1,-0.4282,-0.5,-0.9282,HOLDING
2019-08-28,8,LNT,NEE,43.0119,47.1024,-0.7233,1,1.6543,-0.5,1.1543,HOLDING
2019-08-29,8,LNT,NEE,43.1351,47.0875,-0.2744,1,2.5009,-0.5,2.0009,HOLDING
2019-08-30,8,LNT,NEE,43.0694,46.6531,0.6956,1,4.5356,-0.5,4.0356,HOLDING
2019-09-03,8,LNT,NEE,43.9809,48.033,-0.2874,1,2.4251,-0.5,1.9251,HOLDING
2019-09-04,8,LNT,NEE,43.9398,47.7264,0.4916,1,3.8943,-0.5,3.3943,HOLDING
2019-09-05,8,LNT,NEE,43.1597,46.8085,0.7149,1,4.2213,-0.5,3.7213,HOLDING
2019-09-06,8,LNT,NEE,42.9134,46.8788,-0.2242,1,2.3007,-0.5,1.8007,HOLDING
2019-09-09,8,LNT,NEE,42.1169,46.8256,-2.2392,1,-2.3329,-0.5,-2.8329,HOLDING
2019-09-10,8,LNT,NEE,41.8459,46.4487,-1.777,1,-1.8928,-0.5,-2.3928,HOLDING
2019-09-11,8,LNT,NEE,42.2318,46.8618,-1.556,1,-1.8244,-0.5,-2.3244,HOLDING
2019-09-12,8,LNT,NEE,42.4536,47.0066,-1.1753,1,-1.2652,-0.5,-1.7652,HOLDING
2019-09-13,8,LNT,NEE,42.4125,46.5275,-0.0715,1,1.1734,-0.5,0.6734,HOLDING
2019-09-16,8,LNT,NEE,42.6424,46.4891,0.6858,1,2.8127,-0.5,2.3127,HOLDING
2019-09-17,8,LNT,NEE,43.365,47.3218,0.6154,1,2.6084,-0.5,2.1084,HOLDING
2019-09-18,8,LNT,NEE,43.48,47.6795,0.0626,1,1.3097,-0.5,0.8097,HOLDING
2019-09-19,8,LNT,NEE,43.6114,47.8925,-0.0919,1,0.9266,-0.5,0.4266,HOLDING
2019-09-20,8,LNT,NEE,43.6689,48.0671,-0.3491,1,0.3012,-0.5,-0.1988,HOLDING
2019-09-23,8,LNT,NEE,43.7428,47.9734,0.0398,1,1.2854,-0.5,0.7854,HOLDING
2019-09-24,8,LNT,NEE,44.4736,48.6612,0.2903,1,1.9459,-0.5,1.4459,HOLDING
2019-09-25,8,LNT,NEE,44.3668,48.8444,-0.539,1,0.2554,-0.5,-0.2446,HOLDING
2019-09-26,8,LNT,NEE,44.5557,49.3448,-1.2019,1,-1.3875,-0.5,-1.8875,HOLDING
2019-09-27,8,LNT,NEE,44.3668,49.2468,-1.3286,1,-2.0065,-0.5,-2.5065,HOLDING
2019-09-30,8,LNT,NEE,44.2847,49.6152,-2.1243,1,-4.5856,-0.5,-5.0856,HOLDING
2019-10-01,8,LNT,NEE,44.2519,49.4108,-1.5284,1,-3.6401,-0.5,-4.1401,HOLDING
2019-10-02,8,LNT,NEE,43.7756,48.789,-1.2137,1,-3.095,-0.5,-3.595,HOLDING
2019-10-03,8,LNT,NEE,43.8331,49.0147,-1.4682,1,-4.0076,-0.5,-4.5076,HOLDING
2019-10-04,8,LNT,NEE,44.6296,49.743,-0.9897,1,-3.1678,-0.5,-3.6678,HOLDING
2019-10-07,8,LNT,NEE,44.1616,49.5215,-1.562,1,-4.8218,-0.5,-5.3218,HOLDING
2019-10-08,8,LNT,NEE,43.8413,48.9721,-1.0656,1,-3.7173,-0.5,-4.2173,HOLDING
2019-10-09,8,LNT,NEE,43.9645,49.694,-1.991,1,-7.0117,-0.5,-7.5117,HOLDING
2019-10-10,8,LNT,NEE,43.9234,49.4044,-1.3674,1,-5.6383,-0.5,-6.1383,HOLDING
2019-10-11,8,LNT,NEE,43.5457,48.8806,-1.069,1,-5.0335,-0.5,-5.5335,HOLDING
2019-10-14,8,LNT,NEE,43.0119,48.7443,-1.7229,1,-7.5732,-0.5,-8.0732,HOLDING
2019-10-15,8,LNT,NEE,42.6917,48.4547,-1.6733,1,-7.9288,-0.5,-8.4288,HOLDING
2019-10-16,8,LNT,NEE,42.938,48.9593,-1.8182,1,-9.2396,-0.5,-9.7396,HOLDING
2019-10-17,8,LNT,NEE,43.3076,49.2106,-1.3804,1,-8.3633,-0.5,-8.8633,HOLDING
2019-10-18,8,LNT,NEE,43.5046,49.5066,-1.3546,1,-8.8065,-0.5,-9.3065,HOLDING
2019-10-21,8,LNT,NEE,43.6442,49.5748,-1.1145,1,-8.3249,-0.5,-8.8249,HOLDING
2019-10-22,8,LNT,NEE,43.8249,50.3073,-1.8976,1,-11.3232,-0.5,-11.8232,HOLDING
2019-10-23,8,LNT,NEE,44.0466,50.2562,-1.2642,1,-9.6627,-0.5,-10.1627,HOLDING
2019-10-24,8,LNT,NEE,44.063,50.5863,-1.6792,1,-11.4162,-0.5,-11.9162,HOLDING
2019-10-25,8,LNT,NEE,43.6689,50.4436,-1.9818,1,-13.0553,-0.5,-13.5553,HOLDING
2019-10-28,8,LNT,NEE,43.2994,49.6663,-1.2006,1,-10.9753,-0.5,-11.4753,HOLDING
2019-10-29,8,LNT,NEE,43.1269,49.5322,-1.1917,1,-11.2894,-0.5,-11.7894,HOLDING
2019-10-30,8,LNT,NEE,43.7759,50.1412,-0.8637,1,-10.6929,-0.5,-11.1929,HOLDING
2019-10-31,8,LNT,NEE,44.0983,50.7545,-1.2012,1,-12.1429,-0.5,-12.6429,HOLDING
2019-11-01,8,LNT,NEE,43.842,50.1945,-0.6259,1,-10.5826,-0.5,-11.0826,HOLDING
2019-11-04,8,LNT,NEE,43.1393,48.8933,0.5313,1,-7.6221,-0.5,-8.1221,HOLDING
2019-11-05,8,LNT,NEE,42.7507,48.3631,0.922,1,-7.0485,-0.5,-7.5485,HOLDING
2019-11-06,8,LNT,NEE,42.9078,48.444,1.1603,1,-6.5305,-0.5,-7.0305,HOLDING
2019-11-07,8,LNT,NEE,42.5771,47.507,2.3524,1,-3.3125,-0.5,-3.8125,HOLDING
2019-11-08,8,LNT,NEE,42.7259,47.292,2.6869,1,-1.1821,-0.5,-1.6821,HOLDING
2019-11-11,8,LNT,NEE,42.6598,47.3218,2.0796,1,-1.7593,-0.5,-2.2593,HOLDING
2019-11-12,8,LNT,NEE,42.7259,47.5347,1.6163,1,-2.5465,-0.5,-3.0465,HOLDING
2019-11-13,8,LNT,NEE,43.5113,48.5335,1.2711,1,-3.2955,-0.5,-3.7955,HOLDING
2019-11-14,8,LNT,NEE,43.8668,48.9508,1.1297,1,-3.4396,-0.5,-3.9396,HOLDING
2019-11-15,8,LNT,NEE,43.718,49.2809,0.3651,1,-6.2163,-0.5,-6.7163,HOLDING
2019-11-18,8,LNT,NEE,43.6932,49.4385,0.0803,1,-7.2556,-0.5,-7.7556,HOLDING
2019-11-19,8,LNT,NEE,43.47,49.545,-0.4791,1,-9.2364,-0.5,-9.7364,HOLDING
2019-11-20,8,LNT,NEE,43.933,50.0901,-0.5082,1,-9.4329,-0.5,-9.9329,HOLDING
2019-11-21,8,LNT,NEE,44.1314,50.0731,-0.2002,1,-8.1083,-0.5,-8.6083,HOLDING
2019-11-22,8,LNT,NEE,44.1397,49.6983,0.3068,1,-5.9507,-0.5,-6.4507,HOLDING
2019-11-25,8,LNT,NEE,43.6105,49.5237,-0.4433,1,-8.2463,-0.5,-8.7463,HOLDING
2019-11-26,8,LNT,NEE,43.7924,50.0262,-0.9942,1,-9.9444,-0.5,-10.4444,HOLDING
2019-11-27,8,LNT,NEE,43.8586,49.8978,-0.6902,1,-8.8128,-0.5,-9.3128,HOLDING
2019-11-29,8,LNT,NEE,43.8172,50.0583,-1.1527,1,-9.9712,-0.5,-10.4712,HOLDING
2019-12-02,8,LNT,NEE,43.346,49.5081,-1.1587,1,-9.7974,-0.5,-10.2974,HOLDING
2019-12-03,8,LNT,NEE,43.5692,49.7179,-1.0144,1,-9.5941,-0.5,-10.0941,HOLDING
2019-12-04,8,LNT,NEE,43.9578,50.1525,-0.9361,1,-9.6302,-0.5,-10.1302,HOLDING
2019-12-05,8,LNT,NEE,43.9578,50.2168,-0.9725,1,0.0,-11.0456,-11.0456,PERIOD_END_EXIT
2019-06-10,9,GL,JPM,83.8681,91.7039,0.0,0,0.0,0.0,0.0,HOLD_CASH
2019-06-11,9,GL,JPM,83.5092,91.9864,0.0,0,0.0,0.0,0.0,HOLD_CASH
2019-06-12,9,GL,JPM,83.5375,90.8146,0.0,0,0.0,0.0,0.0,HOLD_CASH
2019-06-13,9,GL,JPM,83.7076,91.039,0.0,0,0.0,0.0,0.0,HOLD_CASH
2019-06-14,9,GL,JPM,84.2175,91.2717,0.0,0,0.0,0.0,0.0,HOLD_CASH
2019-06-17,9,GL,JPM,83.4148,90.7731,0.0,0,0.0,0.0,0.0,HOLD_CASH
2019-06-18,9,GL,JPM,83.8587,92.0114,0.0,0,0.0,0.0,0.0,HOLD_CASH
2019-06-19,9,GL,JPM,83.6792,91.3465,0.0,0,0.0,0.0,0.0,HOLD_CASH
2019-06-20,9,GL,JPM,84.4064,91.5792,0.0,0,0.0,0.0,0.0,HOLD_CASH
2019-06-21,9,GL,JPM,83.1881,90.9559,0.0,0,0.0,0.0,0.0,HOLD_CASH
2019-06-24,9,GL,JPM,83.4337,90.3076,0.0,0,0.0,0.0,0.0,HOLD_CASH
2019-06-25,9,GL,JPM,83.3487,89.5596,0.0,0,0.0,0.0,0.0,HOLD_CASH
2019-06-26,9,GL,JPM,82.7159,90.158,0.0,0,0.0,0.0,0.0,HOLD_CASH
2019-06-27,9,GL,JPM,83.5281,90.4572,0.0,0,0.0,0.0,0.0,HOLD_CASH
2019-06-28,9,GL,JPM,84.4914,92.9173,0.0,0,0.0,0.0,0.0,HOLD_CASH
2019-07-01,9,GL,JPM,86.0687,94.4798,0.0,0,0.0,0.0,0.0,HOLD_CASH
2019-07-02,9,GL,JPM,85.4831,94.5795,0.0,0,0.0,0.0,0.0,HOLD_CASH
2019-07-03,9,GL,JPM,86.7066,94.4288,0.0,0,0.0,0.0,0.0,HOLD_CASH
2019-07-05,9,GL,JPM,86.8391,94.9896,0.0,0,0.0,0.0,0.0,HOLD_CASH
2019-07-08,9,GL,JPM,85.9875,94.4707,-0.9685,0,0.0,0.0,0.0,HOLD_CASH
2019-07-09,9,GL,JPM,86.6215,94.8725,-0.5141,0,0.0,0.0,0.0,HOLD_CASH
2019-07-10,9,GL,JPM,86.2241,94.5962,-0.8056,0,0.0,0.0,0.0,HOLD_CASH
2019-07-11,9,GL,JPM,86.754,95.5002,-1.1697,0,0.0,0.0,0.0,HOLD_CASH
2019-07-12,9,GL,JPM,87.1041,96.5046,-1.7821,0,0.0,0.0,0.0,HOLD_CASH
2019-07-15,9,GL,JPM,87.3028,95.3328,0.1441,0,0.0,0.0,0.0,HOLD_CASH
2019-07-16,9,GL,JPM,86.9716,96.3539,-1.5639,0,0.0,0.0,0.0,HOLD_CASH
2019-07-17,9,GL,JPM,86.4039,95.4081,-1.0762,0,0.0,0.0,0.0,HOLD_CASH
2019-07-18,9,GL,JPM,86.8959,95.9773,-1.0106,0,0.0,0.0,0.0,HOLD_CASH
2019-07-19,9,GL,JPM,86.1484,95.0314,-0.7765,0,0.0,0.0,0.0,HOLD_CASH
2019-07-22,9,GL,JPM,86.2051,95.6425,-1.3171,0,0.0,0.0,0.0,HOLD_CASH
2019-07-23,9,GL,JPM,86.4133,97.3917,-2.5028,1,0.0,-0.5,-0.5,ENTER_LONG_A
2019-07-24,9,GL,JPM,85.997,97.7851,-2.7714,1,-2.2143,-0.5,-2.7143,HOLDING
2019-07-25,9,GL,JPM,87.1987,96.8477,-0.6087,1,3.6687,-0.5,3.1687,HOLDING
2019-07-26,9,GL,JPM,87.9368,97.2746,-0.161,1,4.7084,-0.5,4.2084,HOLDING
2019-07-29,9,GL,JPM,86.9622,96.9649,-0.8616,1,2.6836,-0.5,2.1836,HOLDING
2019-07-30,9,GL,JPM,86.7918,96.7473,-0.7565,1,2.7494,-0.5,2.2494,HOLDING
2019-07-31,9,GL,JPM,86.4133,97.0905,-1.368,1,0.7734,-0.5,0.2734,HOLDING
2019-08-01,9,GL,JPM,83.8489,94.5293,-1.5144,1,-0.0711,-0.5,-0.5711,HOLDING
2019-08-02,9,GL,JPM,82.9405,94.5209,-2.0988,1,-2.6778,-0.5,-3.1778,HOLDING
2019-08-05,9,GL,JPM,80.1585,91.7086,-2.0295,1,-3.5074,-0.5,-4.0074,HOLDING
2019-08-06,9,GL,JPM,81.7387,92.4284,-1.0521,1,-0.7833,-0.5,-1.2833,HOLDING
2019-08-07,9,GL,JPM,81.3697,90.4197,0.3201,1,3.3055,-0.5,2.8055,HOLDING
2019-08-08,9,GL,JPM,83.3663,91.9513,0.9176,1,5.1501,-0.5,4.6501,HOLDING
2019-08-09,9,GL,JPM,83.2811,91.8509,0.893,1,5.1615,-0.5,4.6615,HOLDING
2019-08-12,9,GL,JPM,82.6093,90.1267,1.7231,1,7.6438,-0.5,7.1438,HOLDING
2019-08-13,9,GL,JPM,83.7448,91.5161,1.4604,1,7.3624,-0.5,6.8624,HOLDING
2019-08-14,9,GL,JPM,80.4991,87.7162,1.5342,1,7.7265,-0.5,7.2265,HOLDING
2019-08-15,9,GL,JPM,81.1994,88.051,1.6764,1,8.893,-0.5,8.393,HOLDING
2019-08-16,9,GL,JPM,82.4863,90.1602,1.1074,1,7.202,-0.5,6.702,HOLDING
2019-08-19,9,GL,JPM,82.9878,90.9721,0.87,1,6.5688,-0.5,6.0688,HOLDING
2019-08-20,9,GL,JPM,81.9091,89.817,0.7693,1,6.4129,-0.5,5.9129,HOLDING
2019-08-21,9,GL,JPM,82.9973,90.0681,1.2848,1,8.9166,-0.5,8.4166,HOLDING
2019-08-22,9,GL,JPM,83.5745,90.9972,0.9878,1,8.2016,-0.5,7.7016,HOLDING
2019-08-23,9,GL,JPM,81.5022,88.7373,0.9196,1,8.0072,-0.5,7.5072,HOLDING
2019-08-26,9,GL,JPM,82.439,89.4488,1.0194,1,8.8913,-0.5,8.3913,HOLDING
2019-08-27,9,GL,JPM,81.8712,88.503,1.1151,1,9.6765,-0.5,9.1765,HOLDING
2019-08-28,9,GL,JPM,82.4011,89.3902,0.8281,1,8.9322,-0.5,8.4322,HOLDING
2019-08-29,9,GL,JPM,83.3379,91.4157,0.1218,1,6.443,-0.5,5.943,HOLDING
2019-08-30,9,GL,JPM,84.464,91.9513,0.5105,1,8.3258,-0.5,7.8258,HOLDING
2019-09-03,9,GL,JPM,83.4042,90.8633,0.401,1,8.0527,-0.5,7.5527,HOLDING
2019-09-04,9,GL,JPM,83.9909,91.9597,-0.3622,1,6.9355,-0.5,6.4355,HOLDING
2019-09-05,9,GL,JPM,85.9591,94.0522,-0.4695,1,7.2584,-0.5,6.7584,HOLDING
2019-09-06,9,GL,JPM,86.754,94.2531,0.757,1,9.0425,-0.5,8.5425,HOLDING
2019-09-09,9,GL,JPM,88.0976,96.5883,-1.2905,1,6.9354,-0.5,6.4354,HOLDING
2019-09-10,9,GL,JPM,89.2048,97.8186,-1.2185,1,6.9803,-0.5,6.4803,HOLDING
2019-09-11,9,GL,JPM,90.0186,98.0865,0.1391,1,8.6471,-0.5,8.1471,HOLDING
2019-09-12,9,GL,JPM,89.6401,98.6891,-1.8266,1,6.0051,-0.5,5.5051,HOLDING
2019-09-13,9,GL,JPM,90.2268,100.6309,-3.0201,1,2.7179,-0.5,2.2179,HOLDING
2019-09-16,9,GL,JPM,88.6843,99.7353,-2.9209,1,0.5545,-0.5,0.0545,HOLDING
2019-09-17,9,GL,JPM,89.271,99.2415,-1.5193,1,3.5194,-0.5,3.0194,HOLDING
2019-09-18,9,GL,JPM,89.8388,100.2375,-1.6537,1,2.6053,-0.5,2.1053,HOLDING
2019-09-19,9,GL,JPM,89.2521,99.9194,-1.7034,1,1.7245,-0.5,1.2245,HOLDING
2019-09-20,9,GL,JPM,89.5644,99.5177,-0.9617,1,3.6592,-0.5,3.1592,HOLDING
2019-09-23,9,GL,JPM,90.2268,99.501,-0.2773,1,5.6184,-0.5,5.1184,HOLDING
2019-09-24,9,GL,JPM,89.9334,98.2036,0.6068,1,8.1,-0.5,7.6,HOLDING
2019-09-25,9,GL,JPM,90.3119,98.7644,0.5575,1,7.7555,-0.5,7.2555,HOLDING
2019-09-26,9,GL,JPM,90.8986,97.9525,1.7994,1,11.5368,-0.5,11.0368,HOLDING
2019-09-27,9,GL,JPM,91.0311,98.5301,1.2891,1,10.4377,-0.5,9.9377,HOLDING
2019-09-30,9,GL,JPM,90.6147,98.505,0.9138,1,9.2975,-0.5,8.7975,HOLDING
2019-10-01,9,GL,JPM,89.2237,96.7138,1.1109,1,9.871,-0.5,9.371,HOLDING
2019-10-02,9,GL,JPM,87.5204,94.7887,1.0984,1,9.8848,-0.5,9.3848,HOLDING
2019-10-03,9,GL,JPM,87.8361,94.6537,1.3639,1,11.1447,-0.5,10.6447,HOLDING
2019-10-04,9,GL,JPM,89.5995,96.7039,1.1918,1,10.9836,-0.5,10.4836,HOLDING
2019-10-07,9,GL,JPM,88.9264,96.493,0.7484,1,9.5776,-0.5,9.0776,HOLDING
2019-10-08,9,GL,JPM,87.5612,94.3416,1.1518,1,11.1506,-0.5,10.6506,HOLDING
2019-10-09,9,GL,JPM,88.0257,95.025,0.9632,1,10.7403,-0.5,10.2403,HOLDING
2019-10-10,9,GL,JPM,88.3671,96.358,0.2465,1,8.306,-0.5,7.806,HOLDING
2019-10-11,9,GL,JPM,89.353,97.9863,-0.2069,1,6.9786,-0.5,6.4786,HOLDING
2019-10-14,9,GL,JPM,89.1919,98.2479,-0.6732,1,5.841,-0.5,5.341,HOLDING
2019-10-15,9,GL,JPM,90.2063,101.2092,-1.9788,1,1.174,-0.5,0.674,HOLDING
2019-10-16,9,GL,JPM,89.372,100.973,-2.2417,1,-0.6332,-0.5,-1.1332,HOLDING
2019-10-17,9,GL,JPM,89.6185,101.5383,-2.2107,1,-1.3712,-0.5,-1.8712,HOLDING
2019-10-18,9,GL,JPM,89.7607,101.7154,-1.9659,1,-1.4145,-0.5,-1.9145,HOLDING
2019-10-21,9,GL,JPM,90.7087,104.2381,-2.2584,1,-5.1473,-0.5,-5.6473,HOLDING
2019-10-22,9,GL,JPM,90.9457,105.2843,-2.1427,1,-7.1471,-0.5,-7.6471,HOLDING
2019-10-23,9,GL,JPM,90.6992,105.5627,-1.9833,1,-8.5749,-0.5,-9.0749,HOLDING
2019-10-24,9,GL,JPM,91.4577,105.4867,-1.4572,1,-6.1857,-0.5,-6.6857,HOLDING
2019-10-25,9,GL,JPM,91.3818,106.3304,-1.5608,1,-8.5708,-0.5,-9.0708,HOLDING
2019-10-28,9,GL,JPM,91.8084,106.7354,-1.364,1,-8.3762,-0.5,-8.8762,HOLDING
2019-10-29,9,GL,JPM,92.7186,106.6679,-0.9197,1,-5.5698,-0.5,-6.0698,HOLDING
2019-10-30,9,GL,JPM,92.1971,106.0773,-0.8339,1,-5.5624,-0.5,-6.0624,HOLDING
2019-10-31,9,GL,JPM,92.273,105.3939,-0.5149,1,-3.5888,-0.5,-4.0888,HOLDING
2019-11-01,9,GL,JPM,93.003,107.8238,-0.9511,1,-7.7142,-0.5,-8.2142,HOLDING
2019-11-04,9,GL,JPM,92.8702,108.6843,-1.1843,1,-10.3071,-0.5,-10.8071,HOLDING
2019-11-05,9,GL,JPM,93.0314,108.9206,-1.129,1,-10.4473,-0.5,-10.9473,HOLDING
2019-11-06,9,GL,JPM,93.4011,109.0893,-0.9848,1,-9.8107,-0.5,-10.3107,HOLDING
2019-11-07,9,GL,JPM,93.7993,109.6799,-0.9915,1,-10.1747,-0.5,-10.6747,HOLDING
2019-11-08,9,GL,JPM,93.7898,110.0005,-1.1247,1,-11.0252,-0.5,-11.5252,HOLDING
2019-11-11,9,GL,JPM,93.5813,109.6124,-1.0636,1,-10.6322,-0.5,-11.1322,HOLDING
2019-11-12,9,GL,JPM,94.1975,108.9712,-0.0373,1,-7.2036,-0.5,-7.7036,HOLDING
2019-11-13,9,GL,JPM,94.3966,108.3975,0.7359,1,-5.1549,-0.5,-5.6549,HOLDING
2019-11-14,9,GL,JPM,94.937,108.4987,1.3255,1,-3.8515,-0.5,-4.3515,HOLDING
2019-11-15,9,GL,JPM,94.0743,109.2833,-0.2526,1,-8.3614,-0.5,-8.8614,HOLDING
2019-11-18,9,GL,JPM,94.3587,110.203,-0.8046,1,-9.8992,-0.5,-10.3992,HOLDING
2019-11-19,9,GL,JPM,94.226,110.1692,-0.861,1,-10.1966,-0.5,-10.6966,HOLDING
2019-11-20,9,GL,JPM,94.8896,109.3677,0.7651,1,-6.2193,-0.5,-6.7193,HOLDING
2019-11-21,9,GL,JPM,95.1266,109.6208,0.7781,1,-6.1832,-0.5,-6.6832,HOLDING
2019-11-22,9,GL,JPM,95.6954,110.3464,0.6462,1,-6.4002,-0.5,-6.9002,HOLDING
2019-11-25,9,GL,JPM,96.1031,110.937,0.4781,1,-6.7367,-0.5,-7.2367,HOLDING
2019-11-26,9,GL,JPM,97.0321,111.0889,1.3536,1,-4.4388,-0.5,-4.9388,HOLDING
2019-11-27,9,GL,JPM,97.7716,111.4179,1.6954,1,-3.1439,-0.5,-3.6439,HOLDING
2019-11-29,9,GL,JPM,97.4209,111.1648,1.5409,1,-3.509,-0.5,-4.009,HOLDING
2019-12-02,9,GL,JPM,97.0891,110.9201,1.2789,1,-3.8409,-0.5,-4.3409,HOLDING
2019-12-03,9,GL,JPM,95.4963,109.4943,0.836,1,-4.7888,-0.5,-5.2888,HOLDING
2019-12-04,9,GL,JPM,96.3401,111.6541,-0.2967,1,-7.8919,-0.5,-8.3919,HOLDING
2019-12-05,9,GL,JPM,96.7857,112.2616,-0.4296,1,0.0,-9.2303,-9.2303,PERIOD_END_EXIT
2019-06-10,10,CMS,DTE,47.0858,87.0714,0.0,0,0.0,0.0,0.0,HOLD_CASH
2019-06-11,10,CMS,DTE,46.8156,86.6571,0.0,0,0.0,0.0,0.0,HOLD_CASH
2019-06-12,10,CMS,DTE,47.4543,87.696,0.0,0,0.0,0.0,0.0,HOLD_CASH
2019-06-13,10,CMS,DTE,47.4543,87.5059,0.0,0,0.0,0.0,0.0,HOLD_CASH
2019-06-14,10,CMS,DTE,48.1094,88.6107,0.0,0,0.0,0.0,0.0,HOLD_CASH
2019-06-17,10,CMS,DTE,47.7983,88.7475,0.0,0,0.0,0.0,0.0,HOLD_CASH
2019-06-18,10,CMS,DTE,47.5935,88.2207,0.0,0,0.0,0.0,0.0,HOLD_CASH
2019-06-19,10,CMS,DTE,48.2241,89.2468,0.0,0,0.0,0.0,0.0,HOLD_CASH
2019-06-20,10,CMS,DTE,48.396,89.7325,0.0,0,0.0,0.0,0.0,HOLD_CASH
2019-06-21,10,CMS,DTE,48.437,89.6846,0.0,0,0.0,0.0,0.0,HOLD_CASH
2019-06-24,10,CMS,DTE,48.3305,90.0129,0.0,0,0.0,0.0,0.0,HOLD_CASH
2019-06-25,10,CMS,DTE,48.2814,89.0758,0.0,0,0.0,0.0,0.0,HOLD_CASH
2019-06-26,10,CMS,DTE,47.1186,87.1947,0.0,0,0.0,0.0,0.0,HOLD_CASH
2019-06-27,10,CMS,DTE,47.094,87.2563,0.0,0,0.0,0.0,0.0,HOLD_CASH
2019-06-28,10,CMS,DTE,47.4216,87.4751,0.0,0,0.0,0.0,0.0,HOLD_CASH
2019-07-01,10,CMS,DTE,47.2169,87.7488,0.0,0,0.0,0.0,0.0,HOLD_CASH
2019-07-02,10,CMS,DTE,47.6836,88.8159,0.0,0,0.0,0.0,0.0,HOLD_CASH
2019-07-03,10,CMS,DTE,48.2978,89.6709,0.0,0,0.0,0.0,0.0,HOLD_CASH
2019-07-05,10,CMS,DTE,48.0849,89.5204,0.0,0,0.0,0.0,0.0,HOLD_CASH
2019-07-08,10,CMS,DTE,48.2159,89.6299,-0.9902,0,0.0,0.0,0.0,HOLD_CASH
2019-07-09,10,CMS,DTE,48.2159,89.7598,-1.2703,0,0.0,0.0,0.0,HOLD_CASH
2019-07-10,10,CMS,DTE,48.2486,89.9924,-1.5872,0,0.0,0.0,0.0,HOLD_CASH
2019-07-11,10,CMS,DTE,48.3142,90.0335,-1.2118,0,0.0,0.0,0.0,HOLD_CASH
2019-07-12,10,CMS,DTE,47.9702,89.1989,-0.5741,0,0.0,0.0,0.0,HOLD_CASH
2019-07-15,10,CMS,DTE,48.003,88.9185,0.6294,0,0.0,0.0,0.0,HOLD_CASH
2019-07-16,10,CMS,DTE,47.8228,88.6175,0.481,0,0.0,0.0,0.0,HOLD_CASH
2019-07-17,10,CMS,DTE,48.0439,88.98,0.627,0,0.0,0.0,0.0,HOLD_CASH
2019-07-18,10,CMS,DTE,48.4206,89.8556,0.0632,0,0.0,0.0,0.0,HOLD_CASH
2019-07-19,10,CMS,DTE,47.7082,88.0976,1.4537,0,0.0,0.0,0.0,HOLD_CASH
2019-07-22,10,CMS,DTE,47.7328,87.9745,1.7898,0,0.0,0.0,0.0,HOLD_CASH
2019-07-23,10,CMS,DTE,47.7164,87.6735,2.1657,-1,0.0,-0.5,-0.5,ENTER_SHORT_A
2019-07-24,10,CMS,DTE,47.5035,87.3589,1.8062,-1,0.2183,-0.5,-0.2817,HOLDING
2019-07-25,10,CMS,DTE,47.4625,87.5983,0.9423,-1,1.1154,-0.5,0.6154,HOLDING
2019-07-26,10,CMS,DTE,48.0603,88.4944,1.3225,-1,0.5387,-0.5,0.0387,HOLDING
2019-07-29,10,CMS,DTE,48.4616,88.2276,2.7737,-1,-2.3243,-0.5,-2.8243,HOLDING
2019-07-30,10,CMS,DTE,47.9538,87.523,1.9791,-1,-1.6733,-0.5,-2.1733,HOLDING
2019-07-31,10,CMS,DTE,47.6754,86.9484,1.8032,-1,-1.8531,-0.5,-2.3531,HOLDING
2019-08-01,10,CMS,DTE,48.6259,88.2754,2.023,-1,-3.0487,-0.5,-3.5487,HOLDING
2019-08-02,10,CMS,DTE,48.3868,88.0087,1.5802,-1,-2.5568,-0.5,-3.0568,HOLDING
2019-08-05,10,CMS,DTE,47.9911,86.8185,1.883,-1,-3.8777,-0.5,-4.3777,HOLDING
2019-08-06,10,CMS,DTE,48.5517,87.4341,2.0071,-1,-5.0591,-0.5,-5.5591,HOLDING
2019-08-07,10,CMS,DTE,48.7248,87.6804,1.8246,-1,-5.2638,-0.5,-5.7638,HOLDING
2019-08-08,10,CMS,DTE,49.5161,88.4396,2.1364,-1,-7.2447,-0.5,-7.7447,HOLDING
2019-08-09,10,CMS,DTE,49.7222,88.4944,2.0687,-1,-8.1683,-0.5,-8.6683,HOLDING
2019-08-12,10,CMS,DTE,49.409,87.6051,2.0014,-1,-9.063,-0.5,-9.563,HOLDING
2019-08-13,10,CMS,DTE,49.5326,87.7146,1.8138,-1,-9.3987,-0.5,-9.8987,HOLDING
2019-08-14,10,CMS,DTE,49.2688,86.2986,2.1341,-1,-12.0542,-0.5,-12.5542,HOLDING
2019-08-15,10,CMS,DTE,50.5053,88.0087,2.0822,-1,-13.6562,-0.5,-14.1562,HOLDING
2019-08-16,10,CMS,DTE,50.4476,88.4396,1.548,-1,-12.125,-0.5,-12.625,HOLDING
2019-08-19,10,CMS,DTE,50.7526,89.4657,1.1301,-1,-10.7971,-0.5,-11.2971,HOLDING
2019-08-20,10,CMS,DTE,50.6619,88.6312,1.3849,-1,-12.7017,-0.5,-13.2017,HOLDING
2019-08-21,10,CMS,DTE,51.1565,89.2742,1.3696,-1,-13.4594,-0.5,-13.9594,HOLDING
2019-08-22,10,CMS,DTE,51.2224,89.0963,1.4148,-1,-14.3121,-0.5,-14.8121,HOLDING
2019-08-23,10,CMS,DTE,50.7608,87.824,1.5573,-1,-15.5216,-0.5,-16.0216,HOLDING
2019-08-26,10,CMS,DTE,51.445,89.0279,1.3897,-1,-15.6733,-0.5,-16.1733,HOLDING
2019-08-27,10,CMS,DTE,51.5686,89.1989,1.2947,-1,-15.8334,-0.5,-16.3334,HOLDING
2019-08-28,10,CMS,DTE,51.4944,88.6038,1.455,-1,-17.1416,-0.5,-17.6416,HOLDING
2019-08-29,10,CMS,DTE,51.9561,88.9116,1.5977,-1,-18.6825,-0.5,-19.1825,HOLDING
2019-08-30,10,CMS,DTE,51.9725,88.6927,1.6219,-1,-19.3929,-0.5,-19.8929,HOLDING
2019-09-03,10,CMS,DTE,53.0689,90.2113,1.6898,-1,-20.8068,-0.5,-21.3068,HOLDING
2019-09-04,10,CMS,DTE,53.1513,90.3344,1.559,-1,-20.8876,-0.5,-21.3876,HOLDING
2019-09-05,10,CMS,DTE,52.2611,88.8637,1.4307,-1,-20.417,-0.5,-20.917,HOLDING
2019-09-06,10,CMS,DTE,51.7335,88.1592,1.196,-1,-19.662,-0.5,-20.162,HOLDING
2019-09-09,10,CMS,DTE,50.6536,87.5367,0.1751,-1,-15.7793,-0.5,-16.2793,HOLDING
2019-09-10,10,CMS,DTE,50.2745,87.9471,-0.8183,-1,-12.6224,-0.5,-13.1224,HOLDING
2019-09-11,10,CMS,DTE,50.4888,88.4123,-1.007,-1,-12.4189,-0.5,-12.9189,HOLDING
2019-09-12,10,CMS,DTE,50.802,88.3986,-0.5164,-1,-14.099,-0.5,-14.599,HOLDING
2019-09-13,10,CMS,DTE,50.5053,88.4985,-1.0673,-1,-12.2595,-0.5,-12.7595,HOLDING
2019-09-16,10,CMS,DTE,50.6619,89.6148,-1.7232,-1,-9.8968,-0.5,-10.3968,HOLDING
2019-09-17,10,CMS,DTE,51.412,90.0765,-1.0219,-1,-12.5105,-0.5,-13.0105,HOLDING
2019-09-18,10,CMS,DTE,51.6263,90.7036,-1.2085,-1,-11.8452,-0.5,-12.3452,HOLDING
2019-09-19,10,CMS,DTE,51.8077,90.8689,-1.034,-1,-12.3238,-0.5,-12.8238,HOLDING
2019-09-20,10,CMS,DTE,52.022,91.1584,-0.912,-1,-12.6214,-0.5,-13.1214,HOLDING
2019-09-23,10,CMS,DTE,52.088,90.6071,-0.3233,-1,-14.5389,-0.5,-15.0389,HOLDING
2019-09-24,10,CMS,DTE,52.8298,92.1162,-0.4746,-1,-14.1226,-0.5,-14.6226,HOLDING
2019-09-25,10,CMS,DTE,53.0277,92.1989,-0.2368,-1,-14.9234,-0.5,-15.4234,HOLDING
2019-09-26,10,CMS,DTE,53.6129,91.9508,0.7904,-1,-18.697,-0.5,-19.197,HOLDING
2019-09-27,10,CMS,DTE,52.7639,91.2962,0.1673,-1,-16.1154,-0.5,-16.6154,HOLDING
2019-09-30,10,CMS,DTE,52.7144,91.62,-0.1151,-1,-14.9328,-0.5,-15.4328,HOLDING
2019-10-01,10,CMS,DTE,52.8793,91.7785,0.0904,-1,-15.3446,-0.5,-15.8446,HOLDING
2019-10-02,10,CMS,DTE,52.4094,90.421,0.7609,-1,-16.7537,-0.5,-17.2537,HOLDING
2019-10-03,10,CMS,DTE,52.7556,90.0007,1.9503,-1,-19.7662,-0.5,-20.2662,HOLDING
2019-10-04,10,CMS,DTE,53.514,91.1239,2.1188,-1,-20.5367,-0.5,-21.0367,HOLDING
2019-10-07,10,CMS,DTE,53.1266,91.2686,1.1623,-1,-18.0942,-0.5,-18.5942,HOLDING
2019-10-08,10,CMS,DTE,52.8381,89.7044,1.9544,-1,-21.0429,-0.5,-21.5429,HOLDING
2019-10-09,10,CMS,DTE,53.2502,89.4839,2.2907,-1,-23.8311,-0.5,-24.3311,HOLDING
2019-10-10,10,CMS,DTE,53.0277,89.7802,1.5195,-1,-21.8202,-0.5,-22.3202,HOLDING
2019-10-11,10,CMS,DTE,52.6567,89.5046,1.119,-1,-20.6627,-0.5,-21.1627,HOLDING
2019-10-14,10,CMS,DTE,52.327,88.278,1.5029,-1,-22.4327,-0.5,-22.9327,HOLDING
2019-10-15,10,CMS,DTE,52.1209,88.912,0.6383,-1,-19.5453,-0.5,-20.0453,HOLDING
2019-10-16,10,CMS,DTE,52.3765,89.0705,0.7852,-1,-20.4322,-0.5,-20.9322,HOLDING
2019-10-17,10,CMS,DTE,52.4918,89.222,0.7463,-1,-20.6045,-0.5,-21.1045,HOLDING
2019-10-18,10,CMS,DTE,52.7639,87.7474,2.1779,-1,-26.2347,-0.5,-26.7347,HOLDING
2019-10-21,10,CMS,DTE,52.7144,89.0291,0.9007,-1,-22.3208,-0.5,-22.8208,HOLDING
2019-10-22,10,CMS,DTE,52.5331,88.8775,0.6878,-1,-21.8029,-0.5,-22.3029,HOLDING
2019-10-23,10,CMS,DTE,52.1704,89.1118,-0.2031,-1,-19.2346,-0.5,-19.7346,HOLDING
2019-10-24,10,CMS,DTE,53.1266,88.9671,1.4078,-1,-24.657,-0.5,-25.157,HOLDING
2019-10-25,10,CMS,DTE,52.4671,88.3469,0.8489,-1,-22.9704,-0.5,-23.4704,HOLDING
2019-10-28,10,CMS,DTE,51.5274,86.6035,0.9534,-1,-23.0182,-0.5,-23.5182,HOLDING
2019-10-29,10,CMS,DTE,51.9148,87.2306,0.938,-1,-23.2599,-0.5,-23.7599,HOLDING
2019-10-30,10,CMS,DTE,52.6732,87.5131,2.005,-1,-26.4277,-0.5,-26.9277,HOLDING
2019-10-31,10,CMS,DTE,53.0074,87.7336,2.0422,-1,-27.5498,-0.5,-28.0498,HOLDING
2019-11-01,10,CMS,DTE,52.5264,87.5131,1.2289,-1,-25.6586,-0.5,-26.1586,HOLDING
2019-11-04,10,CMS,DTE,51.1415,86.1763,0.0028,-1,-22.2146,-0.5,-22.7146,HOLDING
2019-11-05,10,CMS,DTE,50.362,85.246,-0.5179,-1,-20.7832,-0.5,-21.2832,HOLDING
2019-11-06,10,CMS,DTE,50.8844,85.377,0.4546,-1,-23.147,-0.5,-23.647,HOLDING
2019-11-07,10,CMS,DTE,49.7649,83.9161,-0.125,-1,-21.4471,-0.5,-21.9471,HOLDING
2019-11-08,10,CMS,DTE,49.4332,83.0272,0.2602,-1,-22.2439,-0.5,-22.7439,HOLDING
2019-11-11,10,CMS,DTE,49.4083,83.1788,-0.021,-1,-21.6812,-0.5,-22.1812,HOLDING
2019-11-12,10,CMS,DTE,49.4166,83.0824,0.0523,-1,-21.9997,-0.5,-22.4997,HOLDING
2019-11-13,10,CMS,DTE,50.163,84.495,-0.2525,-1,-21.8822,-0.5,-22.3822,HOLDING
2019-11-14,10,CMS,DTE,50.3869,85.246,-0.8929,-1,-20.9135,-0.5,-21.4135,HOLDING
2019-11-15,10,CMS,DTE,50.503,85.3356,-0.6455,-1,-21.2663,-0.5,-21.7663,HOLDING
2019-11-18,10,CMS,DTE,50.7435,85.1013,0.3801,-1,-23.1944,-0.5,-23.6944,HOLDING
2019-11-19,10,CMS,DTE,50.9508,85.1909,0.7357,-1,-24.0251,-0.5,-24.5251,HOLDING
2019-11-20,10,CMS,DTE,51.1664,85.5148,0.757,-1,-24.2313,-0.5,-24.7313,HOLDING
2019-11-21,10,CMS,DTE,51.3737,85.0118,2.0699,-1,-26.7519,-0.5,-27.2519,HOLDING
2019-11-22,10,CMS,DTE,51.2162,85.06,1.3562,-1,-25.7889,-0.5,-26.2889,HOLDING
2019-11-25,10,CMS,DTE,50.7518,85.501,-0.6731,-1,-22.0983,-0.5,-22.5983,HOLDING
2019-11-26,10,CMS,DTE,51.1498,85.6182,0.2176,-1,-23.8497,-0.5,-24.3497,HOLDING
2019-11-27,10,CMS,DTE,51.0171,86.1143,-0.886,-1,-21.7397,-0.5,-22.2397,HOLDING
2019-11-29,10,CMS,DTE,50.8347,86.0936,-1.2997,-1,-20.8429,-0.5,-21.3429,HOLDING
2019-12-02,10,CMS,DTE,50.4781,85.0186,-0.3593,-1,-22.0399,-0.5,-22.5399,HOLDING
2019-12-03,10,CMS,DTE,50.6937,85.4528,-0.4924,-1,-21.9316,-0.5,-22.4316,HOLDING
2019-12-04,10,CMS,DTE,51.1747,86.3141,-0.6358,-1,-21.9954,-0.5,-22.4954,HOLDING
2019-12-05,10,CMS,DTE,51.2825,86.383,-0.3808,-1,0.0,-23.3788,-23.3788,PERIOD_END_EXIT
2019-06-10,11,AIV,AVB,2.4303,166.0995,0.0,0,0.0,0.0,0.0,HOLD_CASH
2019-06-11,11,AIV,AVB,2.4246,166.0837,0.0,0,0.0,0.0,0.0,HOLD_CASH
2019-06-12,11,AIV,AVB,2.435,164.3779,0.0,0,0.0,0.0,0.0,HOLD_CASH
2019-06-13,11,AIV,AVB,2.4364,164.2986,0.0,0,0.0,0.0,0.0,HOLD_CASH
2019-06-14,11,AIV,AVB,2.4246,165.0919,0.0,0,0.0,0.0,0.0,HOLD_CASH
2019-06-17,11,AIV,AVB,2.4355,166.3138,0.0,0,0.0,0.0,0.0,HOLD_CASH
2019-06-18,11,AIV,AVB,2.4208,165.5124,0.0,0,0.0,0.0,0.0,HOLD_CASH
2019-06-19,11,AIV,AVB,2.4317,165.9647,0.0,0,0.0,0.0,0.0,HOLD_CASH
2019-06-20,11,AIV,AVB,2.4511,166.9802,0.0,0,0.0,0.0,0.0,HOLD_CASH
2019-06-21,11,AIV,AVB,2.4265,164.8618,0.0,0,0.0,0.0,0.0,HOLD_CASH
2019-06-24,11,AIV,AVB,2.4236,165.1316,0.0,0,0.0,0.0,0.0,HOLD_CASH
2019-06-25,11,AIV,AVB,2.3999,162.1724,0.0,0,0.0,0.0,0.0,HOLD_CASH
2019-06-26,11,AIV,AVB,2.3506,159.6891,0.0,0,0.0,0.0,0.0,HOLD_CASH
2019-06-27,11,AIV,AVB,2.3582,161.0321,0.0,0,0.0,0.0,0.0,HOLD_CASH
2019-06-28,11,AIV,AVB,2.3767,162.4231,0.0,0,0.0,0.0,0.0,HOLD_CASH
2019-07-01,11,AIV,AVB,2.3681,161.7276,0.0,0,0.0,0.0,0.0,HOLD_CASH
2019-07-02,11,AIV,AVB,2.4056,164.3257,0.0,0,0.0,0.0,0.0,HOLD_CASH
2019-07-03,11,AIV,AVB,2.4445,167.3394,0.0,0,0.0,0.0,0.0,HOLD_CASH
2019-07-05,11,AIV,AVB,2.4227,166.1723,0.0,0,0.0,0.0,0.0,HOLD_CASH
2019-07-08,11,AIV,AVB,2.436,167.963,-2.0592,1,0.0,-0.5,-0.5,ENTER_LONG_A
2019-07-09,11,AIV,AVB,2.4635,169.0821,-1.1382,1,1.1569,-0.5,0.6569,HOLDING
2019-07-10,11,AIV,AVB,2.4824,170.8888,-1.5384,1,0.4145,-0.5,-0.0855,HOLDING
2019-07-11,11,AIV,AVB,2.4473,168.9942,-1.8513,1,-0.3669,-0.5,-0.8669,HOLDING
2019-07-12,11,AIV,AVB,2.4535,168.2587,-0.6363,1,1.3605,-0.5,0.8605,HOLDING
2019-07-15,11,AIV,AVB,2.4483,168.9062,-1.5607,1,-0.1386,-0.5,-0.6386,HOLDING
2019-07-16,11,AIV,AVB,2.4402,168.6824,-1.6659,1,-0.6329,-0.5,-1.1329,HOLDING
2019-07-17,11,AIV,AVB,2.4184,168.6504,-2.4328,1,-2.8238,-0.5,-3.3238,HOLDING
2019-07-18,11,AIV,AVB,2.4198,168.0269,-1.6111,1,-1.7499,-0.5,-2.2499,HOLDING
2019-07-19,11,AIV,AVB,2.353,165.3409,-2.4431,1,-4.6139,-0.5,-5.1139,HOLDING
2019-07-22,11,AIV,AVB,2.3449,163.9979,-1.6999,1,-3.4423,-0.5,-3.9423,HOLDING
2019-07-23,11,AIV,AVB,2.3587,165.3489,-1.6881,1,-4.0418,-0.5,-4.5418,HOLDING
2019-07-24,11,AIV,AVB,2.3525,165.3569,-1.7626,1,-4.6863,-0.5,-5.1863,HOLDING
2019-07-25,11,AIV,AVB,2.3544,165.3569,-1.5222,1,-4.4917,-0.5,-4.9917,HOLDING
2019-07-26,11,AIV,AVB,2.3634,166.58,-1.6388,1,-5.3876,-0.5,-5.8876,HOLDING
2019-07-29,11,AIV,AVB,2.3828,168.2267,-1.5843,1,-5.8433,-0.5,-6.3433,HOLDING
2019-07-30,11,AIV,AVB,2.3724,168.5625,-1.8672,1,-7.4137,-0.5,-7.9137,HOLDING
2019-07-31,11,AIV,AVB,2.3492,166.9077,-1.6608,1,-7.3353,-0.5,-7.8353,HOLDING
2019-08-01,11,AIV,AVB,2.3501,162.3911,0.6725,1,-0.5153,-0.5,-1.0153,HOLDING
2019-08-02,11,AIV,AVB,2.3819,164.4855,0.778,1,-0.3721,-0.5,-0.8721,HOLDING
2019-08-05,11,AIV,AVB,2.3136,160.3766,0.477,1,-1.2642,-0.5,-1.7642,HOLDING
2019-08-06,11,AIV,AVB,2.3734,162.3511,1.6077,1,1.9288,-0.5,1.4288,HOLDING
2019-08-07,11,AIV,AVB,2.38,163.2944,1.308,1,1.2061,-0.5,0.7061,HOLDING
2019-08-08,11,AIV,AVB,2.4028,165.0931,1.1394,1,0.8649,-0.5,0.3649,HOLDING
2019-08-09,11,AIV,AVB,2.4089,164.6853,1.5189,1,2.1045,-0.5,1.6045,HOLDING
2019-08-12,11,AIV,AVB,2.4165,164.3257,1.7573,1,3.4185,-0.5,2.9185,HOLDING
2019-08-13,11,AIV,AVB,2.3895,163.2384,1.3048,1,2.2628,-0.5,1.7628,HOLDING
2019-08-14,11,AIV,AVB,2.3416,161.152,0.7084,1,0.4529,-0.5,-0.0471,HOLDING
2019-08-15,11,AIV,AVB,2.3937,163.4144,1.1801,1,2.4325,-0.5,1.9325,HOLDING
2019-08-16,11,AIV,AVB,2.4214,164.5495,1.3371,1,3.588,-0.5,3.088,HOLDING
2019-08-19,11,AIV,AVB,2.4372,166.0444,1.0549,1,2.9818,-0.5,2.4818,HOLDING
2019-08-20,11,AIV,AVB,2.4133,165.1091,0.7031,1,1.9212,-0.5,1.4212,HOLDING
2019-08-21,11,AIV,AVB,2.4185,166.2363,0.3347,1,0.7831,-0.5,0.2831,HOLDING
2019-08-22,11,AIV,AVB,2.4248,166.9797,0.1445,1,0.3143,-0.5,-0.1857,HOLDING
2019-08-23,11,AIV,AVB,2.4071,164.8053,0.4768,1,1.7357,-0.5,1.2357,HOLDING
2019-08-26,11,AIV,AVB,2.4209,166.8438,-0.1126,1,0.1241,-0.5,-0.3759,HOLDING
2019-08-27,11,AIV,AVB,2.4085,166.3402,-0.5111,1,-0.4018,-0.5,-0.9018,HOLDING
2019-08-28,11,AIV,AVB,2.4176,167.4353,-1.5097,1,-1.0998,-0.5,-1.5998,HOLDING
2019-08-29,11,AIV,AVB,2.4401,169.4498,-1.8053,1,-1.7926,-0.5,-2.2926,HOLDING
2019-08-30,11,AIV,AVB,2.4377,169.9215,-2.077,1,-2.7399,-0.5,-3.2399,HOLDING
2019-09-03,11,AIV,AVB,2.4525,171.1446,-2.0192,1,-3.0397,-0.5,-3.5397,HOLDING
2019-09-04,11,AIV,AVB,2.4577,172.7993,-2.3615,1,-4.9631,-0.5,-5.4631,HOLDING
2019-09-05,11,AIV,AVB,2.441,171.6402,-1.9844,1,-4.9547,-0.5,-5.4547,HOLDING
2019-09-06,11,AIV,AVB,2.4759,172.4716,-0.9857,1,-2.6112,-0.5,-3.1112,HOLDING
2019-09-09,11,AIV,AVB,2.4616,170.9767,-0.6412,1,-1.8578,-0.5,-2.3578,HOLDING
2019-09-10,11,AIV,AVB,2.4272,168.0749,-0.2811,1,-1.0706,-0.5,-1.5706,HOLDING
2019-09-11,11,AIV,AVB,2.4372,167.6512,0.4308,1,0.5902,-0.5,0.0902,HOLDING
2019-09-12,11,AIV,AVB,2.4429,167.4993,0.7383,1,1.4049,-0.5,0.9049,HOLDING
2019-09-13,11,AIV,AVB,2.4267,165.5647,1.2331,1,2.6165,-0.5,2.1165,HOLDING
2019-09-16,11,AIV,AVB,2.4649,167.7951,1.4918,1,3.2212,-0.5,2.7212,HOLDING
2019-09-17,11,AIV,AVB,2.4941,169.0821,1.8116,1,4.2978,-0.5,3.7978,HOLDING
2019-09-18,11,AIV,AVB,2.4793,168.9222,1.2675,1,3.0151,-0.5,2.5151,HOLDING
2019-09-19,11,AIV,AVB,2.4616,168.4825,0.7984,1,1.8545,-0.5,1.3545,HOLDING
2019-09-20,11,AIV,AVB,2.4434,167.1236,0.8175,1,2.0132,-0.5,1.5132,HOLDING
2019-09-23,11,AIV,AVB,2.4444,168.2267,0.2669,1,0.4693,-0.5,-0.0307,HOLDING
2019-09-24,11,AIV,AVB,2.4525,168.9702,0.1624,1,0.1967,-0.5,-0.3033,HOLDING
2019-09-25,11,AIV,AVB,2.4683,170.0654,0.1464,1,0.1853,-0.5,-0.3147,HOLDING
2019-09-26,11,AIV,AVB,2.4922,172.3357,-0.204,1,-0.7411,-0.5,-1.2411,HOLDING
2019-09-27,11,AIV,AVB,2.4769,172.5048,-0.8574,1,-2.5625,-0.5,-3.0625,HOLDING
2019-09-30,11,AIV,AVB,2.4922,173.3581,-0.7593,1,-2.263,-0.5,-2.763,HOLDING
2019-10-01,11,AIV,AVB,2.4826,172.2874,-0.5761,1,-1.6503,-0.5,-2.1503,HOLDING
2019-10-02,11,AIV,AVB,2.4826,173.0925,-1.1407,1,-2.8486,-0.5,-3.3486,HOLDING
2019-10-03,11,AIV,AVB,2.5204,175.4836,-1.1477,1,-2.5323,-0.5,-3.0323,HOLDING
2019-10-04,11,AIV,AVB,2.5486,176.3128,-0.4781,1,-0.8724,-0.5,-1.3724,HOLDING
2019-10-07,11,AIV,AVB,2.5514,176.4738,-0.4871,1,-0.8177,-0.5,-1.3177,HOLDING
2019-10-08,11,AIV,AVB,2.5471,175.2904,0.0785,1,0.5023,-0.5,0.0023,HOLDING
2019-10-09,11,AIV,AVB,2.5361,176.1115,-0.928,1,-1.8482,-0.5,-2.3482,HOLDING
2019-10-10,11,AIV,AVB,2.5481,176.0551,-0.2932,1,-0.538,-0.5,-1.038,HOLDING
2019-10-11,11,AIV,AVB,2.5596,175.5721,0.6162,1,1.3583,-0.5,0.8583,HOLDING
2019-10-14,11,AIV,AVB,2.5691,175.5721,1.1346,1,2.3394,-0.5,1.8394,HOLDING
2019-10-15,11,AIV,AVB,2.5619,175.0005,1.3634,1,2.4544,-0.5,1.9544,HOLDING
2019-10-16,11,AIV,AVB,2.5777,176.4818,1.136,1,1.8683,-0.5,1.3683,HOLDING
2019-10-17,11,AIV,AVB,2.5825,176.3772,1.4467,1,2.5145,-0.5,2.0145,HOLDING
2019-10-18,11,AIV,AVB,2.604,177.2547,1.7912,1,3.4158,-0.5,2.9158,HOLDING
2019-10-21,11,AIV,AVB,2.6193,178.7603,1.3161,1,2.7447,-0.5,2.2447,HOLDING
2019-10-22,11,AIV,AVB,2.6217,178.5912,1.4007,1,3.2417,-0.5,2.7417,HOLDING
2019-10-23,11,AIV,AVB,2.6145,178.3497,1.1281,1,2.8654,-0.5,2.3654,HOLDING
2019-10-24,11,AIV,AVB,2.605,177.3111,1.243,1,3.4301,-0.5,2.9301,HOLDING
2019-10-25,11,AIV,AVB,2.5949,176.6429,1.1236,1,3.3947,-0.5,2.8947,HOLDING
2019-10-28,11,AIV,AVB,2.5825,174.6945,1.6457,1,5.0191,-0.5,4.5191,HOLDING
2019-10-29,11,AIV,AVB,2.5801,173.342,2.0459,1,6.7869,-0.5,6.2869,HOLDING
2019-10-30,11,AIV,AVB,2.6097,176.2967,1.3731,1,5.4305,-0.5,4.9305,HOLDING
2019-10-31,11,AIV,AVB,2.6231,175.234,2.2287,1,8.3858,-0.5,7.8858,HOLDING
2019-11-01,11,AIV,AVB,2.6399,174.8959,2.4533,1,10.6059,-0.5,10.1059,HOLDING
2019-11-04,11,AIV,AVB,2.6179,172.4806,2.3768,1,11.9444,-0.5,11.4444,HOLDING
2019-11-05,11,AIV,AVB,2.5634,169.5984,1.7771,1,10.6421,-0.5,10.1421,HOLDING
2019-11-06,11,AIV,AVB,2.5596,170.9107,1.036,1,8.2964,-0.5,7.7964,HOLDING
2019-11-07,11,AIV,AVB,2.5313,168.3747,1.2156,1,9.1769,-0.5,8.6769,HOLDING
2019-11-08,11,AIV,AVB,2.5414,168.9463,1.1399,1,9.3563,-0.5,8.8563,HOLDING
2019-11-11,11,AIV,AVB,2.5476,169.4535,0.9925,1,9.2391,-0.5,8.7391,HOLDING
2019-11-12,11,AIV,AVB,2.5247,168.254,0.7595,1,8.6699,-0.5,8.1699,HOLDING
2019-11-13,11,AIV,AVB,2.5639,170.3471,0.9073,1,9.5768,-0.5,9.0768,HOLDING
2019-11-14,11,AIV,AVB,2.5913,171.1764,1.2473,1,11.1591,-0.5,10.6591,HOLDING
2019-11-15,11,AIV,AVB,2.6106,172.7141,1.0181,1,10.8468,-0.5,10.3468,HOLDING
2019-11-18,11,AIV,AVB,2.6289,173.3098,1.2002,1,11.8378,-0.5,11.3378,HOLDING
2019-11-19,11,AIV,AVB,2.6332,174.7509,0.5645,1,10.1375,-0.5,9.6375,HOLDING
2019-11-20,11,AIV,AVB,2.6284,174.1874,0.6209,1,10.4823,-0.5,9.9823,HOLDING
2019-11-21,11,AIV,AVB,2.5759,171.2327,0.2249,1,9.494,-0.5,8.994,HOLDING
2019-11-22,11,AIV,AVB,2.5629,170.0976,0.3212,1,9.8494,-0.5,9.3494,HOLDING
2019-11-25,11,AIV,AVB,2.561,170.798,-0.5413,1,8.6092,-0.5,8.1092,HOLDING
2019-11-26,11,AIV,AVB,2.5817,173.5836,-1.8578,1,6.5879,-0.5,6.0879,HOLDING
2019-11-27,11,AIV,AVB,2.5874,173.5514,-1.7599,1,7.2287,-0.5,6.7287,HOLDING
2019-11-29,11,AIV,AVB,2.5889,172.6174,-0.6604,1,8.7671,-0.5,8.2671,HOLDING
2019-12-02,11,AIV,AVB,2.5205,170.0332,-2.3141,1,5.5969,-0.5,5.0969,HOLDING
2019-12-03,11,AIV,AVB,2.547,171.8849,-2.0481,1,5.5585,-0.5,5.0585,HOLDING
2019-12-04,11,AIV,AVB,2.5427,173.3501,-2.6882,1,2.933,-0.5,2.433,HOLDING
2019-12-05,11,AIV,AVB,2.5369,173.8251,-2.5269,1,0.0,0.6139,0.6139,PERIOD_END_EXIT
2019-06-10,12,IP,PKG,30.5727,77.2072,0.0,0,0.0,0.0,0.0,HOLD_CASH
2019-06-11,12,IP,PKG,30.7546,77.8186,0.0,0,0.0,0.0,0.0,HOLD_CASH
2019-06-12,12,IP,PKG,30.4468,77.9002,0.0,0,0.0,0.0,0.0,HOLD_CASH
2019-06-13,12,IP,PKG,30.7266,79.1415,0.0,0,0.0,0.0,0.0,HOLD_CASH
2019-06-14,12,IP,PKG,30.076,78.3605,0.0,0,0.0,0.0,0.0,HOLD_CASH
2019-06-17,12,IP,PKG,29.7122,76.7822,0.0,0,0.0,0.0,0.0,HOLD_CASH
2019-06-18,12,IP,PKG,29.8591,78.0892,0.0,0,0.0,0.0,0.0,HOLD_CASH
2019-06-19,12,IP,PKG,30.055,77.6535,0.0,0,0.0,0.0,0.0,HOLD_CASH
2019-06-20,12,IP,PKG,30.4817,77.7687,0.0,0,0.0,0.0,0.0,HOLD_CASH
2019-06-21,12,IP,PKG,30.5097,78.3688,0.0,0,0.0,0.0,0.0,HOLD_CASH
2019-06-24,12,IP,PKG,29.6142,75.8203,0.0,0,0.0,0.0,0.0,HOLD_CASH
2019-06-25,12,IP,PKG,29.8451,76.0012,0.0,0,0.0,0.0,0.0,HOLD_CASH
2019-06-26,12,IP,PKG,29.7612,75.9601,0.0,0,0.0,0.0,0.0,HOLD_CASH
2019-06-27,12,IP,PKG,30.027,77.2425,0.0,0,0.0,0.0,0.0,HOLD_CASH
2019-06-28,12,IP,PKG,30.3068,78.3605,0.0,0,0.0,0.0,0.0,HOLD_CASH
2019-07-01,12,IP,PKG,30.6077,80.276,0.0,0,0.0,0.0,0.0,HOLD_CASH
2019-07-02,12,IP,PKG,30.6217,80.2102,0.0,0,0.0,0.0,0.0,HOLD_CASH
2019-07-03,12,IP,PKG,30.8595,82.1914,0.0,0,0.0,0.0,0.0,HOLD_CASH
2019-07-05,12,IP,PKG,30.6916,82.0352,0.0,0,0.0,0.0,0.0,HOLD_CASH
2019-07-08,12,IP,PKG,30.2998,81.7886,-2.2955,1,0.0,-0.5,-0.5,ENTER_LONG_A
2019-07-09,12,IP,PKG,30.2369,81.9201,-2.1137,1,-0.9216,-0.5,-1.4216,HOLDING
2019-07-10,12,IP,PKG,30.1879,82.249,-2.0434,1,-2.3307,-0.5,-2.8307,HOLDING
2019-07-11,12,IP,PKG,29.7682,81.3447,-1.8636,1,-3.03,-0.5,-3.53,HOLDING
2019-07-12,12,IP,PKG,29.9221,81.6735,-1.5885,1,-2.7653,-0.5,-3.2653,HOLDING
2019-07-15,12,IP,PKG,29.3694,79.8403,-1.2798,1,-1.7219,-0.5,-2.2219,HOLDING
2019-07-16,12,IP,PKG,29.8031,80.9501,-1.1239,1,-1.5353,-0.5,-2.0353,HOLDING
2019-07-17,12,IP,PKG,29.5653,80.5555,-1.1258,1,-2.2918,-0.5,-2.7918,HOLDING
2019-07-18,12,IP,PKG,29.7332,80.8432,-0.9496,1,-1.7857,-0.5,-2.2857,HOLDING
2019-07-19,12,IP,PKG,30.2509,82.1257,-0.81,1,-1.4343,-0.5,-1.9343,HOLDING
2019-07-22,12,IP,PKG,29.9011,81.7639,-0.9814,1,-3.2149,-0.5,-3.7149,HOLDING
2019-07-23,12,IP,PKG,30.4538,83.2437,-0.8829,1,-3.1777,-0.5,-3.6777,HOLDING
2019-07-24,12,IP,PKG,30.8665,84.0493,-0.6623,1,-2.2346,-0.5,-2.7346,HOLDING
2019-07-25,12,IP,PKG,32.1748,83.8438,1.4736,1,9.1878,-0.5,8.6878,HOLDING
2019-07-26,12,IP,PKG,31.6921,83.8603,0.893,1,5.1547,-0.5,4.6547,HOLDING
2019-07-29,12,IP,PKG,31.5032,83.8685,0.7316,1,3.571,-0.5,3.071,HOLDING
2019-07-30,12,IP,PKG,31.5242,84.707,0.2416,1,1.1811,-0.5,0.6811,HOLDING
2019-07-31,12,IP,PKG,30.7196,83.0053,-0.0372,1,-0.2556,-0.5,-0.7556,HOLDING
2019-08-01,12,IP,PKG,29.8871,82.2736,-1.3291,1,-4.8883,-0.5,-5.3883,HOLDING
2019-08-02,12,IP,PKG,29.4813,83.2355,-2.5147,1,-11.1761,-0.5,-11.6761,HOLDING
2019-08-05,12,IP,PKG,28.1241,81.879,-2.9933,1,-18.2284,-0.5,-18.7284,HOLDING
2019-08-06,12,IP,PKG,27.9632,82.3312,-2.6135,1,-20.9381,-0.5,-21.4381,HOLDING
2019-08-07,12,IP,PKG,28.1101,82.6189,-2.102,1,-20.6053,-0.5,-21.1053,HOLDING
2019-08-08,12,IP,PKG,28.6488,83.9506,-1.7374,1,-20.2314,-0.5,-20.7314,HOLDING
2019-08-09,12,IP,PKG,27.8792,83.1368,-1.8879,1,-24.0934,-0.5,-24.5934,HOLDING
2019-08-12,12,IP,PKG,26.9627,81.9201,-1.9745,1,-27.9361,-0.5,-28.4361,HOLDING
2019-08-13,12,IP,PKG,28.0191,83.441,-1.3588,1,-23.8686,-0.5,-24.3686,HOLDING
2019-08-14,12,IP,PKG,27.3815,81.8462,-1.287,1,-24.2546,-0.5,-24.7546,HOLDING
2019-08-15,12,IP,PKG,27.3674,82.1997,-1.2428,1,-25.452,-0.5,-25.952,HOLDING
2019-08-16,12,IP,PKG,27.6224,83.2601,-1.181,1,-26.5892,-0.5,-27.0892,HOLDING
2019-08-19,12,IP,PKG,27.8562,84.2466,-1.1232,1,-27.6756,-0.5,-28.1756,HOLDING
2019-08-20,12,IP,PKG,27.3957,82.9066,-1.0262,1,-27.3791,-0.5,-27.8791,HOLDING
2019-08-21,12,IP,PKG,27.6437,83.2355,-0.8419,1,-26.3383,-0.5,-26.8383,HOLDING
2019-08-22,12,IP,PKG,27.5303,83.1286,-0.8279,1,-26.9471,-0.5,-27.4471,HOLDING
2019-08-23,12,IP,PKG,26.5172,80.6377,-0.9072,1,-27.692,-0.5,-28.192,HOLDING
2019-08-26,12,IP,PKG,26.751,81.2954,-0.8376,1,-27.7733,-0.5,-28.2733,HOLDING
2019-08-27,12,IP,PKG,26.0284,80.2842,-1.1883,1,-30.6447,-0.5,-31.1447,HOLDING
2019-08-28,12,IP,PKG,26.4889,80.9747,-0.9361,1,-28.956,-0.5,-29.456,HOLDING
2019-08-29,12,IP,PKG,27.3603,82.2736,-0.2387,1,-25.7365,-0.5,-26.2365,HOLDING
2019-08-30,12,IP,PKG,27.7003,82.6847,0.358,1,-24.1872,-0.5,-24.6872,HOLDING
2019-09-03,12,IP,PKG,26.9636,80.9747,0.0628,1,-25.0396,-0.5,-25.5396,HOLDING
2019-09-04,12,IP,PKG,27.3886,82.323,0.0809,1,-25.6535,-0.5,-26.1535,HOLDING
2019-09-05,12,IP,PKG,27.8916,82.6436,1.3731,1,-22.4833,-0.5,-22.9833,HOLDING
2019-09-06,12,IP,PKG,27.9341,82.7093,1.6392,1,-22.3336,-0.5,-22.8336,HOLDING
2019-09-09,12,IP,PKG,28.4513,82.6353,2.6831,1,-17.8404,-0.5,-18.3404,HOLDING
2019-09-10,12,IP,PKG,29.2093,85.6606,1.6845,1,-20.8331,-0.5,-21.3331,HOLDING
2019-09-11,12,IP,PKG,29.6415,88.8585,0.1307,1,-27.0423,-0.5,-27.5423,HOLDING
2019-09-12,12,IP,PKG,29.9886,88.6349,1.0836,1,-23.4946,-0.5,-23.9946,HOLDING
2019-09-13,12,IP,PKG,30.3074,89.7446,0.8825,1,-24.2561,-0.5,-24.7561,HOLDING
2019-09-16,12,IP,PKG,30.0949,87.6742,1.7294,1,-19.6814,-0.5,-20.1814,HOLDING
2019-09-17,12,IP,PKG,29.5919,86.9704,1.0618,1,-21.6801,-0.5,-22.1801,HOLDING
2019-09-18,12,IP,PKG,29.181,86.6888,0.3457,1,-24.2096,-0.5,-24.7096,HOLDING
2019-09-19,12,IP,PKG,28.8764,85.5708,0.4517,1,-23.306,-0.5,-23.806,HOLDING
2019-09-20,12,IP,PKG,28.8339,85.165,0.5909,1,-22.4162,-0.5,-22.9162,HOLDING
2019-09-23,12,IP,PKG,29.096,85.902,0.5446,1,-22.5063,-0.5,-23.0063,HOLDING
2019-09-24,12,IP,PKG,28.8126,85.5459,0.1067,1,-23.756,-0.5,-24.256,HOLDING
2019-09-25,12,IP,PKG,29.3014,87.2105,-0.2281,1,-24.8107,-0.5,-25.3107,HOLDING
2019-09-26,12,IP,PKG,29.2731,86.5728,0.2143,1,-23.0954,-0.5,-23.5954,HOLDING
2019-09-27,12,IP,PKG,29.514,87.4507,-0.0671,1,-23.7913,-0.5,-24.2913,HOLDING
2019-09-30,12,IP,PKG,29.6273,87.8647,-0.2087,1,-24.1216,-0.5,-24.6216,HOLDING
2019-10-01,12,IP,PKG,28.423,85.1236,-1.3909,1,-25.6799,-0.5,-26.1799,HOLDING
2019-10-02,12,IP,PKG,27.9554,84.7592,-2.5003,1,-28.4241,-0.5,-28.9241,HOLDING
2019-10-03,12,IP,PKG,27.8562,84.8669,-2.3749,1,-29.5715,-0.5,-30.0715,HOLDING
2019-10-04,12,IP,PKG,27.757,85.5708,-2.5751,1,-32.5414,-0.5,-33.0414,HOLDING
2019-10-07,12,IP,PKG,27.7145,85.8855,-2.409,1,-33.854,-0.5,-34.354,HOLDING
2019-10-08,12,IP,PKG,27.2257,84.5853,-2.1281,1,-33.9132,-0.5,-34.4132,HOLDING
2019-10-09,12,IP,PKG,27.8491,85.7861,-1.482,1,-32.4397,-0.5,-32.9397,HOLDING
2019-10-10,12,IP,PKG,28.5009,87.8068,-1.329,1,-33.2385,-0.5,-33.7385,HOLDING
2019-10-11,12,IP,PKG,29.4431,90.5313,-1.1103,1,-33.7922,-0.5,-34.2922,HOLDING
2019-10-14,12,IP,PKG,29.1385,88.8254,-0.6143,1,-31.0912,-0.5,-31.5912,HOLDING
2019-10-15,12,IP,PKG,29.3439,88.7425,-0.136,1,-29.1429,-0.5,-29.6429,HOLDING
2019-10-16,12,IP,PKG,29.6769,88.461,0.6596,1,-25.535,-0.5,-26.035,HOLDING
2019-10-17,12,IP,PKG,29.6627,88.1215,0.8555,1,-24.6141,-0.5,-25.1141,HOLDING
2019-10-18,12,IP,PKG,29.939,89.6204,0.4917,1,-26.9162,-0.5,-27.4162,HOLDING
2019-10-21,12,IP,PKG,29.9532,89.8439,0.4402,1,-27.4826,-0.5,-27.9826,HOLDING
2019-10-22,12,IP,PKG,30.3641,89.9185,1.1776,1,-24.3202,-0.5,-24.8202,HOLDING
2019-10-23,12,IP,PKG,30.7396,91.1441,1.081,1,-24.9684,-0.5,-25.4684,HOLDING
2019-10-24,12,IP,PKG,29.8895,89.8688,0.3347,1,-28.0846,-0.5,-28.5846,HOLDING
2019-10-25,12,IP,PKG,30.4633,91.8646,0.2189,1,-29.4503,-0.5,-29.9503,HOLDING
2019-10-28,12,IP,PKG,30.605,93.173,-0.309,1,-32.2807,-0.5,-32.7807,HOLDING
2019-10-29,12,IP,PKG,30.2437,92.4029,-0.483,1,-32.9078,-0.5,-33.4078,HOLDING
2019-10-30,12,IP,PKG,30.2153,91.4505,0.1358,1,-30.2306,-0.5,-30.7306,HOLDING
2019-10-31,12,IP,PKG,30.945,90.6473,1.9376,1,-21.7546,-0.5,-22.2546,HOLDING
2019-11-01,12,IP,PKG,31.1434,92.1793,1.195,1,-24.8008,-0.5,-25.3008,HOLDING
2019-11-04,12,IP,PKG,31.5685,92.8004,1.4485,1,-23.192,-0.5,-23.692,HOLDING
2019-11-05,12,IP,PKG,32.0502,93.7693,1.591,1,-22.1789,-0.5,-22.6789,HOLDING
2019-11-06,12,IP,PKG,32.1636,93.0488,1.9739,1,-19.0414,-0.5,-19.5414,HOLDING
2019-11-07,12,IP,PKG,32.199,93.5374,1.5773,1,-20.2427,-0.5,-20.7427,HOLDING
2019-11-08,12,IP,PKG,32.7374,94.3242,1.8336,1,-18.2049,-0.5,-18.7049,HOLDING
2019-11-11,12,IP,PKG,32.5532,94.1171,1.4738,1,-19.0918,-0.5,-19.5918,HOLDING
2019-11-12,12,IP,PKG,32.7445,94.1668,1.5662,1,-17.6655,-0.5,-18.1655,HOLDING
2019-11-13,12,IP,PKG,32.4824,93.3884,1.4048,1,-17.449,-0.5,-17.949,HOLDING
2019-11-14,12,IP,PKG,32.6063,93.5126,1.3675,1,-16.8059,-0.5,-17.3059,HOLDING
2019-11-15,12,IP,PKG,32.7066,93.289,1.4453,1,-15.2948,-0.5,-15.7948,HOLDING
2019-11-18,12,IP,PKG,32.8714,94.1337,1.1365,1,-16.5172,-0.5,-17.0172,HOLDING
2019-11-19,12,IP,PKG,32.9359,94.142,1.1064,1,-16.0104,-0.5,-16.5104,HOLDING
2019-11-20,12,IP,PKG,32.4129,92.8501,0.9183,1,-16.377,-0.5,-16.877,HOLDING
2019-11-21,12,IP,PKG,32.0188,91.6493,0.8621,1,-15.9578,-0.5,-16.4578,HOLDING
2019-11-22,12,IP,PKG,32.3269,91.8149,1.1027,1,-13.9221,-0.5,-14.4221,HOLDING
2019-11-25,12,IP,PKG,33.0075,92.6348,1.5537,1,-10.8123,-0.5,-11.3123,HOLDING
2019-11-26,12,IP,PKG,33.1222,93.1316,1.4802,1,-11.3853,-0.5,-11.8853,HOLDING
2019-11-27,12,IP,PKG,33.2726,92.8087,1.9569,1,-9.1566,-0.5,-9.6566,HOLDING
2019-11-29,12,IP,PKG,33.201,92.6679,1.6863,1,-9.3174,-0.5,-9.8174,HOLDING
2019-12-02,12,IP,PKG,33.1293,91.9474,1.8675,1,-7.7063,-0.5,-8.2063,HOLDING
2019-12-03,12,IP,PKG,33.0147,91.7073,1.6577,1,-7.918,-0.5,-8.418,HOLDING
2019-12-04,12,IP,PKG,32.9287,92.0716,1.1417,1,-9.7412,-0.5,-10.2412,HOLDING
2019-12-05,12,IP,PKG,33.3299,93.0488,1.129,1,0.0,-10.4772,-10.4772,PERIOD_END_EXIT
2019-06-10,13,ETR,NEE,39.189,43.0766,0.0,0,0.0,0.0,0.0,HOLD_CASH
2019-06-11,13,ETR,NEE,39.0516,42.7695,0.0,0,0.0,0.0,0.0,HOLD_CASH
2019-06-12,13,ETR,NEE,39.762,43.3159,0.0,0,0.0,0.0,0.0,HOLD_CASH
2019-06-13,13,ETR,NEE,39.6482,43.3625,0.0,0,0.0,0.0,0.0,HOLD_CASH
2019-06-14,13,ETR,NEE,40.0485,43.8262,0.0,0,0.0,0.0,0.0,HOLD_CASH
2019-06-17,13,ETR,NEE,39.9386,43.7013,0.0,0,0.0,0.0,0.0,HOLD_CASH
2019-06-18,13,ETR,NEE,39.7581,43.5001,0.0,0,0.0,0.0,0.0,HOLD_CASH
2019-06-19,13,ETR,NEE,40.2212,43.6738,0.0,0,0.0,0.0,0.0,HOLD_CASH
2019-06-20,13,ETR,NEE,40.598,43.7034,0.0,0,0.0,0.0,0.0,HOLD_CASH
2019-06-21,13,ETR,NEE,40.9198,43.9511,0.0,0,0.0,0.0,0.0,HOLD_CASH
2019-06-24,13,ETR,NEE,40.6961,44.0888,0.0,0,0.0,0.0,0.0,HOLD_CASH
2019-06-25,13,ETR,NEE,40.5195,43.6695,0.0,0,0.0,0.0,0.0,HOLD_CASH
2019-06-26,13,ETR,NEE,39.7228,43.0025,0.0,0,0.0,0.0,0.0,HOLD_CASH
2019-06-27,13,ETR,NEE,39.8994,43.3159,0.0,0,0.0,0.0,0.0,HOLD_CASH
2019-06-28,13,ETR,NEE,40.3978,43.3815,0.0,0,0.0,0.0,0.0,HOLD_CASH
2019-07-01,13,ETR,NEE,40.0328,43.2036,0.0,0,0.0,0.0,0.0,HOLD_CASH
2019-07-02,13,ETR,NEE,40.6961,43.9745,0.0,0,0.0,0.0,0.0,HOLD_CASH
2019-07-03,13,ETR,NEE,41.0297,44.201,0.0,0,0.0,0.0,0.0,HOLD_CASH
2019-07-05,13,ETR,NEE,40.9512,44.0697,0.0,0,0.0,0.0,0.0,HOLD_CASH
2019-07-08,13,ETR,NEE,40.963,44.2857,0.4418,0,0.0,0.0,0.0,HOLD_CASH
2019-07-09,13,ETR,NEE,40.912,44.0803,0.8275,0,0.0,0.0,0.0,HOLD_CASH
2019-07-10,13,ETR,NEE,41.0807,44.3599,0.4315,0,0.0,0.0,0.0,HOLD_CASH
2019-07-11,13,ETR,NEE,40.9944,44.5547,-0.6039,0,0.0,0.0,0.0,HOLD_CASH
2019-07-12,13,ETR,NEE,40.7667,44.201,-0.3158,0,0.0,0.0,0.0,HOLD_CASH
2019-07-15,13,ETR,NEE,41.1474,44.2264,1.0916,0,0.0,0.0,0.0,HOLD_CASH
2019-07-16,13,ETR,NEE,41.1631,44.021,1.8842,0,0.0,0.0,0.0,HOLD_CASH
2019-07-17,13,ETR,NEE,41.4222,44.4509,1.2268,0,0.0,0.0,0.0,HOLD_CASH
2019-07-18,13,ETR,NEE,41.8971,44.9697,1.0787,0,0.0,0.0,0.0,HOLD_CASH
2019-07-19,13,ETR,NEE,41.4457,44.4128,1.3381,0,0.0,0.0,0.0,HOLD_CASH
2019-07-22,13,ETR,NEE,41.3672,44.3344,1.2521,0,0.0,0.0,0.0,HOLD_CASH
2019-07-23,13,ETR,NEE,41.1553,43.8982,1.9378,0,0.0,0.0,0.0,HOLD_CASH
2019-07-24,13,ETR,NEE,41.0768,44.4827,-0.9829,0,0.0,0.0,0.0,HOLD_CASH
2019-07-25,13,ETR,NEE,40.8256,43.9681,0.0275,0,0.0,0.0,0.0,HOLD_CASH
2019-07-26,13,ETR,NEE,40.6961,44.2942,-1.9413,0,0.0,0.0,0.0,HOLD_CASH
2019-07-29,13,ETR,NEE,41.1867,44.7622,-1.4696,0,0.0,0.0,0.0,HOLD_CASH
2019-07-30,13,ETR,NEE,40.7707,44.3408,-1.4365,0,0.0,0.0,0.0,HOLD_CASH
2019-07-31,13,ETR,NEE,41.4536,43.8707,2.4444,-1,0.0,-0.5,-0.5,ENTER_SHORT_A
2019-08-01,13,ETR,NEE,41.9795,44.525,1.8339,-1,0.5571,-0.5,0.0571,HOLDING
2019-08-02,13,ETR,NEE,41.8853,44.7686,0.8164,-1,2.513,-0.5,2.013,HOLDING
2019-08-05,13,ETR,NEE,41.1749,44.057,0.6197,-1,2.7426,-0.5,2.2426,HOLDING
2019-08-06,13,ETR,NEE,41.8186,44.7664,0.5205,-1,2.9034,-0.5,2.4034,HOLDING
2019-08-07,13,ETR,NEE,41.9294,45.0777,-0.0261,-1,4.0087,-0.5,3.5087,HOLDING
2019-08-08,13,ETR,NEE,42.3728,45.5754,-0.1542,-1,4.1708,-0.5,3.6708,HOLDING
2019-08-09,13,ETR,NEE,42.5272,45.8422,-0.4921,-1,4.7602,-0.5,4.2602,HOLDING
2019-08-12,13,ETR,NEE,42.6499,45.6241,0.4942,-1,2.7771,-0.5,2.2771,HOLDING
2019-08-13,13,ETR,NEE,42.6816,45.6601,0.4908,-1,2.7913,-0.5,2.2913,HOLDING
2019-08-14,13,ETR,NEE,42.357,45.5203,-0.1061,-1,3.9525,-0.5,3.4525,HOLDING
2019-08-15,13,ETR,NEE,43.1487,45.9841,0.9359,-1,1.8206,-0.5,1.3206,HOLDING
2019-08-16,13,ETR,NEE,43.2239,46.0645,0.8812,-1,1.8254,-0.5,1.3254,HOLDING
2019-08-19,13,ETR,NEE,43.4614,46.3674,0.7068,-1,2.1187,-0.5,1.6187,HOLDING
2019-08-20,13,ETR,NEE,43.6277,46.4034,1.0523,-1,1.3212,-0.5,0.8212,HOLDING
2019-08-21,13,ETR,NEE,44.2056,46.8544,1.3322,-1,0.406,-0.5,-0.094,HOLDING
2019-08-22,13,ETR,NEE,44.0631,46.9306,0.673,-1,1.6998,-0.5,1.1998,HOLDING
2019-08-23,13,ETR,NEE,43.4812,46.9899,-1.2247,-1,5.5472,-0.5,5.0472,HOLDING
2019-08-26,13,ETR,NEE,44.1541,47.3542,-0.3513,-1,3.5642,-0.5,3.0642,HOLDING
2019-08-27,13,ETR,NEE,44.3758,47.4368,0.0024,-1,2.6979,-0.5,2.1979,HOLDING
2019-08-28,13,ETR,NEE,44.4629,47.1024,1.6485,-1,0.2675,-0.5,-0.2325,HOLDING
2019-08-29,13,ETR,NEE,44.74,47.0875,2.4137,-1,-1.4886,-0.5,-1.9886,HOLDING
2019-08-30,13,ETR,NEE,44.6688,46.6531,2.6765,-1,-3.5344,-0.5,-4.0344,HOLDING
2019-09-03,13,ETR,NEE,45.5951,48.033,1.4343,-1,-1.2573,-0.5,-1.7573,HOLDING
2019-09-04,13,ETR,NEE,45.7495,47.7264,2.111,-1,-3.9359,-0.5,-4.4359,HOLDING
2019-09-05,13,ETR,NEE,45.3259,46.8085,2.4536,-1,-6.6116,-0.5,-7.1116,HOLDING
2019-09-06,13,ETR,NEE,44.9498,46.8788,1.4414,-1,-3.9431,-0.5,-4.4431,HOLDING
2019-09-09,13,ETR,NEE,44.5698,46.8256,0.756,-1,-1.9547,-0.5,-2.4547,HOLDING
2019-09-10,13,ETR,NEE,44.4352,46.4487,1.0685,-1,-3.2909,-0.5,-3.7909,HOLDING
2019-09-11,13,ETR,NEE,44.6965,46.8618,0.7398,-1,-2.5124,-0.5,-3.0124,HOLDING
2019-09-12,13,ETR,NEE,45.0844,47.0066,1.0962,-1,-4.0268,-0.5,-4.5268,HOLDING
2019-09-13,13,ETR,NEE,44.938,46.5275,1.4924,-1,-5.8738,-0.5,-6.3738,HOLDING
2019-09-16,13,ETR,NEE,44.9419,46.4891,1.3936,-1,-6.1162,-0.5,-6.6162,HOLDING
2019-09-17,13,ETR,NEE,45.3101,47.3218,0.5735,-1,-3.5915,-0.5,-4.0915,HOLDING
2019-09-18,13,ETR,NEE,45.3853,47.6795,0.0578,-1,-2.0064,-0.5,-2.5064,HOLDING
2019-09-19,13,ETR,NEE,45.5555,47.8925,-0.0338,-1,-1.8195,-0.5,-2.3195,HOLDING
2019-09-20,13,ETR,NEE,45.607,48.0671,-0.2934,-1,-1.1348,-0.5,-1.6348,HOLDING
2019-09-23,13,ETR,NEE,45.7732,47.9734,0.0634,-1,-2.6714,-0.5,-3.1714,HOLDING
2019-09-24,13,ETR,NEE,46.3512,48.6612,-0.2651,-1,-2.2374,-0.5,-2.7374,HOLDING
2019-09-25,13,ETR,NEE,46.268,48.8444,-1.219,-1,-0.6923,-0.5,-1.1923,HOLDING
2019-09-26,13,ETR,NEE,46.5333,49.3448,-1.8424,-1,0.5599,-0.5,0.0599,HOLDING
2019-09-27,13,ETR,NEE,46.5135,49.2468,-1.4965,-1,0.1209,-0.5,-0.3791,HOLDING
2019-09-30,13,ETR,NEE,46.4581,49.6152,-2.1811,-1,2.5546,-0.5,2.0546,HOLDING
2019-10-01,13,ETR,NEE,46.4422,49.4108,-1.5696,-1,1.4851,-0.5,0.9851,HOLDING
2019-10-02,13,ETR,NEE,46.0978,48.789,-0.8987,-1,0.0187,-0.5,-0.4813,HOLDING
2019-10-03,13,ETR,NEE,46.1176,49.0147,-1.2639,-1,1.1856,-0.5,0.6856,HOLDING
2019-10-04,13,ETR,NEE,47.0162,49.743,-0.6635,-1,-0.0834,-0.5,-0.5834,HOLDING
2019-10-07,13,ETR,NEE,46.6283,49.5215,-1.0171,-1,0.9941,-0.5,0.4941,HOLDING
2019-10-08,13,ETR,NEE,46.561,48.9721,0.1223,-1,-1.7309,-0.5,-2.2309,HOLDING
2019-10-09,13,ETR,NEE,46.7352,49.694,-1.0301,-1,1.3325,-0.5,0.8325,HOLDING
2019-10-10,13,ETR,NEE,46.6283,49.4044,-0.556,-1,0.3267,-0.5,-0.1733,HOLDING
2019-10-11,13,ETR,NEE,46.4066,48.8806,0.2654,-1,-1.3217,-0.5,-1.8217,HOLDING
2019-10-14,13,ETR,NEE,46.1612,48.7443,0.0862,-1,-0.6181,-0.5,-1.1181,HOLDING
2019-10-15,13,ETR,NEE,45.7416,48.4547,-0.3853,-1,0.2621,-0.5,-0.2379,HOLDING
2019-10-16,13,ETR,NEE,45.9355,48.9593,-1.4234,-1,1.9683,-0.5,1.4683,HOLDING
2019-10-17,13,ETR,NEE,46.4264,49.2106,-0.2926,-1,0.44,-0.5,-0.06,HOLDING
2019-10-18,13,ETR,NEE,46.7708,49.5066,0.0317,-1,0.0497,-0.5,-0.4503,HOLDING
2019-10-21,13,ETR,NEE,47.1152,49.5748,1.3996,-1,-1.6389,-0.5,-2.1389,HOLDING
2019-10-22,13,ETR,NEE,47.2696,50.3073,-1.0568,-1,1.6044,-0.5,1.1044,HOLDING
2019-10-23,13,ETR,NEE,47.7604,50.2562,1.5502,-1,-1.6472,-0.5,-2.1472,HOLDING
2019-10-24,13,ETR,NEE,47.9979,50.5863,1.082,-1,-1.1985,-0.5,-1.6985,HOLDING
2019-10-25,13,ETR,NEE,47.61,50.4436,-0.0809,-1,0.3279,-0.5,-0.1721,HOLDING
2019-10-28,13,ETR,NEE,46.7589,49.6663,-0.7597,-1,1.0314,-0.5,0.5314,HOLDING
2019-10-29,13,ETR,NEE,47.1231,49.5322,1.5655,-1,-1.9294,-0.5,-2.4294,HOLDING
2019-10-30,13,ETR,NEE,48.1207,50.1412,2.6638,-1,-4.475,-0.5,-4.975,HOLDING
2019-10-31,13,ETR,NEE,48.089,50.7545,0.2778,-1,-0.7891,-0.5,-1.2891,HOLDING
2019-11-01,13,ETR,NEE,47.3685,50.1945,-0.4487,-1,0.3644,-0.5,-0.1356,HOLDING
2019-11-04,13,ETR,NEE,46.945,48.8933,2.2314,-1,-4.4956,-0.5,-4.9956,HOLDING
2019-11-05,13,ETR,NEE,46.1493,48.3631,1.1738,-1,-2.7186,-0.5,-3.2186,HOLDING
2019-11-06,13,ETR,NEE,46.4286,48.444,1.6327,-1,-3.9421,-0.5,-4.4421,HOLDING
2019-11-07,13,ETR,NEE,45.7822,47.507,2.042,-1,-5.383,-0.5,-5.883,HOLDING
2019-11-08,13,ETR,NEE,45.85,47.292,2.2797,-1,-7.0177,-0.5,-7.5177,HOLDING
2019-11-11,13,ETR,NEE,45.5268,47.3218,1.2721,-1,-4.8985,-0.5,-5.3985,HOLDING
2019-11-12,13,ETR,NEE,45.834,47.5347,1.3477,-1,-5.5381,-0.5,-6.0381,HOLDING
2019-11-13,13,ETR,NEE,46.8955,48.5335,1.4199,-1,-6.2481,-0.5,-6.7481,HOLDING
2019-11-14,13,ETR,NEE,46.6441,48.9508,-0.0817,-1,-2.3536,-0.5,-2.8536,HOLDING
2019-11-15,13,ETR,NEE,46.5723,49.2809,-0.9709,-1,-0.0394,-0.5,-0.5394,HOLDING
2019-11-18,13,ETR,NEE,46.6441,49.4385,-1.0768,-1,0.4254,-0.5,-0.0746,HOLDING
2019-11-19,13,ETR,NEE,46.3648,49.545,-1.8379,-1,2.7168,-0.5,2.2168,HOLDING
2019-11-20,13,ETR,NEE,46.7119,50.0901,-1.8812,-1,3.7296,-0.5,3.2296,HOLDING
2019-11-21,13,ETR,NEE,46.2491,50.0731,-2.2399,-1,6.4241,-0.5,5.9241,HOLDING
2019-11-22,13,ETR,NEE,46.1772,49.6983,-1.6076,-1,4.7215,-0.5,4.2215,HOLDING
2019-11-25,13,ETR,NEE,46.0415,49.5237,-1.4475,-1,4.5447,-0.5,4.0447,HOLDING
2019-11-26,13,ETR,NEE,46.4765,50.0262,-1.342,-1,4.7854,-0.5,4.2854,HOLDING
2019-11-27,13,ETR,NEE,46.6561,49.8978,-0.837,-1,2.9705,-0.5,2.4705,HOLDING
2019-11-29,13,ETR,NEE,46.4446,50.0583,-1.2181,-1,5.161,-0.5,4.661,HOLDING
2019-12-02,13,ETR,NEE,46.281,49.5081,-0.7122,-1,3.0122,-0.5,2.5122,HOLDING
2019-12-03,13,ETR,NEE,46.6561,49.7179,-0.4148,-1,1.9456,-0.5,1.4456,HOLDING
2019-12-04,13,ETR,NEE,47.1309,50.1525,-0.2807,-1,1.5585,-0.5,1.0585,HOLDING
2019-12-05,13,ETR,NEE,47.2546,50.2168,-0.1421,-1,0.0,0.1073,0.1073,PERIOD_END_EXIT
2019-06-10,14,ARE,PLD,116.7295,65.1634,0.0,0,0.0,0.0,0.0,HOLD_CASH
2019-06-11,14,ARE,PLD,117.2809,65.5124,0.0,0,0.0,0.0,0.0,HOLD_CASH
2019-06-12,14,ARE,PLD,118.0342,65.9391,0.0,0,0.0,0.0,0.0,HOLD_CASH
2019-06-13,14,ARE,PLD,118.6244,66.8762,0.0,0,0.0,0.0,0.0,HOLD_CASH
2019-06-14,14,ARE,PLD,117.4906,66.9013,0.0,0,0.0,0.0,0.0,HOLD_CASH
2019-06-17,14,ARE,PLD,115.8288,67.7045,0.0,0,0.0,0.0,0.0,HOLD_CASH
2019-06-18,14,ARE,PLD,115.5026,67.3364,0.0,0,0.0,0.0,0.0,HOLD_CASH
2019-06-19,14,ARE,PLD,116.1316,68.2149,0.0,0,0.0,0.0,0.0,HOLD_CASH
2019-06-20,14,ARE,PLD,116.4267,69.0098,0.0,0,0.0,0.0,0.0,HOLD_CASH
2019-06-21,14,ARE,PLD,112.8158,68.0476,0.0,0,0.0,0.0,0.0,HOLD_CASH
2019-06-24,14,ARE,PLD,113.0798,67.4368,0.0,0,0.0,0.0,0.0,HOLD_CASH
2019-06-25,14,ARE,PLD,110.4008,66.7507,0.0,0,0.0,0.0,0.0,HOLD_CASH
2019-06-26,14,ARE,PLD,107.8692,65.3785,0.0,0,0.0,0.0,0.0,HOLD_CASH
2019-06-27,14,ARE,PLD,109.5509,66.3993,0.0,0,0.0,0.0,0.0,HOLD_CASH
2019-06-28,14,ARE,PLD,110.3565,67.0184,0.0,0,0.0,0.0,0.0,HOLD_CASH
2019-07-01,14,ARE,PLD,111.9991,66.8678,0.0,0,0.0,0.0,0.0,HOLD_CASH
2019-07-02,14,ARE,PLD,112.8439,68.2651,0.0,0,0.0,0.0,0.0,HOLD_CASH
2019-07-03,14,ARE,PLD,114.0406,69.1102,0.0,0,0.0,0.0,0.0,HOLD_CASH
2019-07-05,14,ARE,PLD,113.4149,68.9679,0.0,0,0.0,0.0,0.0,HOLD_CASH
2019-07-08,14,ARE,PLD,113.9937,68.8675,-0.7616,0,0.0,0.0,0.0,HOLD_CASH
2019-07-09,14,ARE,PLD,115.7457,69.1269,-0.3192,0,0.0,0.0,0.0,HOLD_CASH
2019-07-10,14,ARE,PLD,116.481,69.4616,-0.1749,0,0.0,0.0,0.0,HOLD_CASH
2019-07-11,14,ARE,PLD,113.6026,67.7882,-0.0859,0,0.0,0.0,0.0,HOLD_CASH
2019-07-12,14,ARE,PLD,113.9624,66.9599,0.9048,0,0.0,0.0,0.0,HOLD_CASH
2019-07-15,14,ARE,PLD,113.673,66.8846,1.1481,0,0.0,0.0,0.0,HOLD_CASH
2019-07-16,14,ARE,PLD,111.8818,68.1563,-1.2491,0,0.0,0.0,0.0,HOLD_CASH
2019-07-17,14,ARE,PLD,111.8427,68.2818,-1.3401,0,0.0,0.0,0.0,HOLD_CASH
2019-07-18,14,ARE,PLD,112.5154,68.9679,-1.5305,0,0.0,0.0,0.0,HOLD_CASH
2019-07-19,14,ARE,PLD,110.7398,67.5539,-1.0286,0,0.0,0.0,0.0,HOLD_CASH
2019-07-22,14,ARE,PLD,110.2001,67.9221,-1.6614,0,0.0,0.0,0.0,HOLD_CASH
2019-07-23,14,ARE,PLD,111.3734,69.1018,-1.8584,0,0.0,0.0,0.0,HOLD_CASH
2019-07-24,14,ARE,PLD,111.741,68.8257,-1.2198,0,0.0,0.0,0.0,HOLD_CASH
2019-07-25,14,ARE,PLD,111.8974,68.148,-0.4319,0,0.0,0.0,0.0,HOLD_CASH
2019-07-26,14,ARE,PLD,112.2103,68.7002,-0.7442,0,0.0,0.0,0.0,HOLD_CASH
2019-07-29,14,ARE,PLD,112.75,69.1352,-0.7995,0,0.0,0.0,0.0,HOLD_CASH
2019-07-30,14,ARE,PLD,115.777,68.6165,1.3695,0,0.0,0.0,0.0,HOLD_CASH
2019-07-31,14,ARE,PLD,114.4786,67.4452,1.5494,0,0.0,0.0,0.0,HOLD_CASH
2019-08-01,14,ARE,PLD,113.8372,67.5874,1.0013,0,0.0,0.0,0.0,HOLD_CASH
2019-08-02,14,ARE,PLD,113.3132,67.3615,0.8488,0,0.0,0.0,0.0,HOLD_CASH
2019-08-05,14,ARE,PLD,111.5924,65.7969,1.1952,0,0.0,0.0,0.0,HOLD_CASH
2019-08-06,14,ARE,PLD,112.8517,66.8929,0.8729,0,0.0,0.0,0.0,HOLD_CASH
2019-08-07,14,ARE,PLD,112.9143,67.3531,0.5354,0,0.0,0.0,0.0,HOLD_CASH
2019-08-08,14,ARE,PLD,114.549,68.7504,0.2214,0,0.0,0.0,0.0,HOLD_CASH
2019-08-09,14,ARE,PLD,113.6651,68.4659,0.0992,0,0.0,0.0,0.0,HOLD_CASH
2019-08-12,14,ARE,PLD,111.7332,68.3488,-0.7031,0,0.0,0.0,0.0,HOLD_CASH
2019-08-13,14,ARE,PLD,112.8361,68.4575,-0.2237,0,0.0,0.0,0.0,HOLD_CASH
2019-08-14,14,ARE,PLD,111.9756,67.1523,0.4217,0,0.0,0.0,0.0,HOLD_CASH
2019-08-15,14,ARE,PLD,113.54,67.9471,0.4845,0,0.0,0.0,0.0,HOLD_CASH
2019-08-16,14,ARE,PLD,115.8396,68.9345,0.752,0,0.0,0.0,0.0,HOLD_CASH
2019-08-19,14,ARE,PLD,116.5044,70.1644,-0.0548,0,0.0,0.0,0.0,HOLD_CASH
2019-08-20,14,ARE,PLD,115.6362,68.9846,0.4863,0,0.0,0.0,0.0,HOLD_CASH
2019-08-21,14,ARE,PLD,116.1916,69.6958,-0.0098,0,0.0,0.0,0.0,HOLD_CASH
2019-08-22,14,ARE,PLD,116.8642,70.2731,-0.273,0,0.0,0.0,0.0,HOLD_CASH
2019-08-23,14,ARE,PLD,114.8462,68.5161,0.3133,0,0.0,0.0,0.0,HOLD_CASH
2019-08-26,14,ARE,PLD,115.1669,69.1352,-0.4231,0,0.0,0.0,0.0,HOLD_CASH
2019-08-27,14,ARE,PLD,114.3847,68.6165,-0.2864,0,0.0,0.0,0.0,HOLD_CASH
2019-08-28,14,ARE,PLD,115.2999,69.311,-0.4441,0,0.0,0.0,0.0,HOLD_CASH
2019-08-29,14,ARE,PLD,116.8408,70.0472,-0.0591,0,0.0,0.0,0.0,HOLD_CASH
2019-08-30,14,ARE,PLD,117.2006,69.9636,0.5115,0,0.0,0.0,0.0,HOLD_CASH
2019-09-03,14,ARE,PLD,117.3179,70.7584,-0.7448,0,0.0,0.0,0.0,HOLD_CASH
2019-09-04,14,ARE,PLD,119.3515,71.4278,0.4877,0,0.0,0.0,0.0,HOLD_CASH
2019-09-05,14,ARE,PLD,119.0386,70.7752,1.4472,0,0.0,0.0,0.0,HOLD_CASH
2019-09-06,14,ARE,PLD,119.7583,70.9425,1.7395,0,0.0,0.0,0.0,HOLD_CASH
2019-09-09,14,ARE,PLD,119.3203,70.8086,1.3313,0,0.0,0.0,0.0,HOLD_CASH
2019-09-10,14,ARE,PLD,118.585,69.6707,2.5158,-1,0.0,-0.5,-0.5,ENTER_SHORT_A
2019-09-11,14,ARE,PLD,119.1481,69.0181,3.1565,-1,-3.529,-0.5,-4.029,HOLDING
2019-09-12,14,ARE,PLD,119.9695,70.315,1.661,-1,-0.6069,-0.5,-1.1069,HOLDING
2019-09-13,14,ARE,PLD,118.5146,70.4405,0.255,-1,2.9105,-0.5,2.4105,HOLDING
2019-09-16,14,ARE,PLD,119.7974,71.3023,0.1187,-1,3.2985,-0.5,2.7985,HOLDING
2019-09-17,14,ARE,PLD,120.3918,72.323,-0.8155,-1,5.7081,-0.5,5.2081,HOLDING
2019-09-18,14,ARE,PLD,119.6878,71.6035,-0.388,-1,4.6102,-0.5,4.1102,HOLDING
2019-09-19,14,ARE,PLD,120.4857,71.5782,0.2612,-1,2.8376,-0.5,2.3376,HOLDING
2019-09-20,14,ARE,PLD,120.0164,71.0141,0.5917,-1,1.8029,-0.5,1.3029,HOLDING
2019-09-23,14,ARE,PLD,120.0946,71.2415,0.3032,-1,2.4538,-0.5,1.9538,HOLDING
2019-09-24,14,ARE,PLD,119.7896,70.9047,0.4629,-1,1.8884,-0.5,1.3884,HOLDING
2019-09-25,14,ARE,PLD,120.0789,71.654,-0.411,-1,3.967,-0.5,3.467,HOLDING
2019-09-26,14,ARE,PLD,121.4165,72.6306,-0.7153,-1,4.6516,-0.5,4.1516,HOLDING
2019-09-27,14,ARE,PLD,120.5348,72.2181,-0.894,-1,5.0301,-0.5,4.5301,HOLDING
2019-09-30,14,ARE,PLD,121.2669,71.7466,0.429,-1,1.7949,-0.5,1.2949,HOLDING
2019-10-01,14,ARE,PLD,120.5584,70.93,0.9561,-1,0.3582,-0.5,-0.1418,HOLDING
2019-10-02,14,ARE,PLD,119.5822,70.93,-0.0347,-1,2.4163,-0.5,1.9163,HOLDING
2019-10-03,14,ARE,PLD,121.3456,71.9907,-0.0722,-1,2.505,-0.5,2.005,HOLDING
2019-10-04,14,ARE,PLD,121.8652,72.5632,-0.4734,-1,3.4639,-0.5,2.9639,HOLDING
2019-10-07,14,ARE,PLD,121.5109,72.2012,-0.2179,-1,2.9117,-0.5,2.4117,HOLDING
2019-10-08,14,ARE,PLD,120.5269,71.6793,-0.2582,-1,3.1134,-0.5,2.6134,HOLDING
2019-10-09,14,ARE,PLD,121.1173,71.9739,-0.0081,-1,2.9258,-0.5,2.4258,HOLDING
2019-10-10,14,ARE,PLD,121.3377,72.2433,-0.2416,-1,3.428,-0.5,2.928,HOLDING
2019-10-11,14,ARE,PLD,121.2118,72.2686,-0.4906,-1,3.784,-0.5,3.284,HOLDING
2019-10-14,14,ARE,PLD,121.133,72.6222,-1.4501,-1,5.2189,-0.5,4.7189,HOLDING
2019-10-15,14,ARE,PLD,120.6686,75.0216,-3.8383,-1,14.808,-0.5,14.308,HOLDING
2019-10-16,14,ARE,PLD,122.2352,74.9627,-2.1477,-1,11.2937,-0.5,10.7937,HOLDING
2019-10-17,14,ARE,PLD,122.2667,75.0637,-1.8907,-1,11.5897,-0.5,11.0897,HOLDING
2019-10-18,14,ARE,PLD,122.8178,75.4425,-1.675,-1,11.7875,-0.5,11.2875,HOLDING
2019-10-21,14,ARE,PLD,124.0301,76.2928,-1.5501,-1,12.2829,-0.5,11.7829,HOLDING
2019-10-22,14,ARE,PLD,123.7074,76.4528,-1.6119,-1,13.5373,-0.5,13.0373,HOLDING
2019-10-23,14,ARE,PLD,124.1718,77.3452,-1.7776,-1,15.7604,-0.5,15.2604,HOLDING
2019-10-24,14,ARE,PLD,125.2976,77.5305,-1.276,-1,14.0516,-0.5,13.5516,HOLDING
2019-10-25,14,ARE,PLD,124.5812,76.4949,-0.8063,-1,11.8461,-0.5,11.3461,HOLDING
2019-10-28,14,ARE,PLD,125.0772,72.3107,1.9882,-1,-4.2138,-0.5,-4.7138,HOLDING
2019-10-29,14,ARE,PLD,123.0539,72.9505,0.8636,-1,2.3474,-0.5,1.8474,HOLDING
2019-10-30,14,ARE,PLD,125.2188,73.8176,1.0973,-1,0.895,-0.5,0.395,HOLDING
2019-10-31,14,ARE,PLD,124.9748,73.885,0.9495,-1,1.6512,-0.5,1.1512,HOLDING
2019-11-01,14,ARE,PLD,124.715,73.6156,0.985,-1,1.2322,-0.5,0.7322,HOLDING
2019-11-04,14,ARE,PLD,123.7546,73.8934,0.4794,-1,4.2539,-0.5,3.7539,HOLDING
2019-11-05,14,ARE,PLD,122.0856,72.3191,0.8268,-1,2.1232,-0.5,1.6232,HOLDING
2019-11-06,14,ARE,PLD,122.0305,73.7251,-0.027,-1,7.2844,-0.5,6.7844,HOLDING
2019-11-07,14,ARE,PLD,121.1409,73.4641,-0.1593,-1,8.2233,-0.5,7.7233,HOLDING
2019-11-08,14,ARE,PLD,121.1645,73.3041,-0.0157,-1,7.5995,-0.5,7.0995,HOLDING
2019-11-11,14,ARE,PLD,122.125,73.5146,0.2299,-1,6.3299,-0.5,5.8299,HOLDING
2019-11-12,14,ARE,PLD,121.8101,72.9337,0.4103,-1,4.9093,-0.5,4.4093,HOLDING
2019-11-13,14,ARE,PLD,123.2822,74.0281,0.2206,-1,5.733,-0.5,5.233,HOLDING
2019-11-14,14,ARE,PLD,123.9593,75.03,-0.2158,-1,7.9007,-0.5,7.4007,HOLDING
2019-11-15,14,ARE,PLD,124.9827,75.0132,0.1587,-1,5.6827,-0.5,5.1827,HOLDING
2019-11-18,14,ARE,PLD,125.5574,75.6783,-0.1197,-1,6.8578,-0.5,6.3578,HOLDING
2019-11-19,14,ARE,PLD,125.4393,76.6381,-0.919,-1,10.5507,-0.5,10.0507,HOLDING
2019-11-20,14,ARE,PLD,125.9825,77.0758,-1.144,-1,10.9764,-0.5,10.4764,HOLDING
2019-11-21,14,ARE,PLD,125.1795,76.4865,-1.177,-1,10.5546,-0.5,10.0546,HOLDING
2019-11-22,14,ARE,PLD,125.6991,76.2423,-0.7734,-1,8.583,-0.5,8.083,HOLDING
2019-11-25,14,ARE,PLD,126.5965,76.4949,-0.4446,-1,7.5974,-0.5,7.0974,HOLDING
2019-11-26,14,ARE,PLD,126.935,77.7325,-1.4205,-1,11.3246,-0.5,10.8246,HOLDING
2019-11-27,14,ARE,PLD,127.7774,77.7914,-0.8566,-1,9.7601,-0.5,9.2601,HOLDING
2019-11-29,14,ARE,PLD,127.9427,77.0758,0.196,-1,6.8439,-0.5,6.3439,HOLDING
2019-12-02,14,ARE,PLD,125.6518,75.7793,0.2262,-1,7.0211,-0.5,6.5211,HOLDING
2019-12-03,14,ARE,PLD,126.9665,76.3855,0.5806,-1,6.4246,-0.5,5.9246,HOLDING
2019-12-04,14,ARE,PLD,126.014,76.697,-0.8062,-1,9.5506,-0.5,9.0506,HOLDING
2019-12-05,14,ARE,PLD,126.8012,76.9074,-0.2646,-1,0.0,7.6029,7.6029,PERIOD_END_EXIT
2019-06-10,15,EQR,ESS,60.432,234.6473,0.0,0,0.0,0.0,0.0,HOLD_CASH
2019-06-11,15,EQR,ESS,60.4087,237.0333,0.0,0,0.0,0.0,0.0,HOLD_CASH
2019-06-12,15,EQR,ESS,60.2922,236.8827,0.0,0,0.0,0.0,0.0,HOLD_CASH
2019-06-13,15,EQR,ESS,60.5096,236.3912,0.0,0,0.0,0.0,0.0,HOLD_CASH
2019-06-14,15,EQR,ESS,60.7659,237.168,0.0,0,0.0,0.0,0.0,HOLD_CASH
2019-06-17,15,EQR,ESS,61.0842,239.6493,0.0,0,0.0,0.0,0.0,HOLD_CASH
2019-06-18,15,EQR,ESS,60.6028,238.69,0.0,0,0.0,0.0,0.0,HOLD_CASH
2019-06-19,15,EQR,ESS,60.8979,239.1181,0.0,0,0.0,0.0,0.0,HOLD_CASH
2019-06-20,15,EQR,ESS,61.2085,240.1169,0.0,0,0.0,0.0,0.0,HOLD_CASH
2019-06-21,15,EQR,ESS,60.5873,237.7943,0.0,0,0.0,0.0,0.0,HOLD_CASH
2019-06-24,15,EQR,ESS,60.7736,236.2247,0.0,0,0.0,0.0,0.0,HOLD_CASH
2019-06-25,15,EQR,ESS,59.7176,233.1966,0.0,0,0.0,0.0,0.0,HOLD_CASH
2019-06-26,15,EQR,ESS,58.7393,228.5356,0.0,0,0.0,0.0,0.0,HOLD_CASH
2019-06-27,15,EQR,ESS,59.1524,230.1478,0.0,0,0.0,0.0,0.0,HOLD_CASH
2019-06-28,15,EQR,ESS,59.3949,232.989,0.0,0,0.0,0.0,0.0,HOLD_CASH
2019-07-01,15,EQR,ESS,59.567,234.6649,0.0,0,0.0,0.0,0.0,HOLD_CASH
2019-07-02,15,EQR,ESS,60.5762,238.2883,0.0,0,0.0,0.0,0.0,HOLD_CASH
2019-07-03,15,EQR,ESS,61.2882,240.7704,0.0,0,0.0,0.0,0.0,HOLD_CASH
2019-07-05,15,EQR,ESS,60.9596,240.3076,0.0,0,0.0,0.0,0.0,HOLD_CASH
2019-07-08,15,EQR,ESS,61.6715,242.5742,-0.8353,0,0.0,0.0,0.0,HOLD_CASH
2019-07-09,15,EQR,ESS,62.0548,243.7233,-0.451,0,0.0,0.0,0.0,HOLD_CASH
2019-07-10,15,EQR,ESS,62.2504,245.958,-1.6278,0,0.0,0.0,0.0,HOLD_CASH
2019-07-11,15,EQR,ESS,62.0314,244.1942,-0.8067,0,0.0,0.0,0.0,HOLD_CASH
2019-07-12,15,EQR,ESS,61.6871,242.5821,-0.5182,0,0.0,0.0,0.0,HOLD_CASH
2019-07-15,15,EQR,ESS,61.9062,243.3164,-0.3416,0,0.0,0.0,0.0,HOLD_CASH
2019-07-16,15,EQR,ESS,61.6871,242.8535,-0.6581,0,0.0,0.0,0.0,HOLD_CASH
2019-07-17,15,EQR,ESS,61.5228,242.3029,-0.7457,0,0.0,0.0,0.0,HOLD_CASH
2019-07-18,15,EQR,ESS,61.4837,241.8319,-0.4384,0,0.0,0.0,0.0,HOLD_CASH
2019-07-19,15,EQR,ESS,60.3572,235.3592,1.3082,0,0.0,0.0,0.0,HOLD_CASH
2019-07-22,15,EQR,ESS,60.1459,233.0847,2.1298,-1,0.0,-0.5,-0.5,ENTER_SHORT_A
2019-07-23,15,EQR,ESS,60.9909,235.926,2.2207,-1,-0.4644,-0.5,-0.9644,HOLDING
2019-07-24,15,EQR,ESS,60.5762,234.4415,1.8744,-1,-0.3332,-0.5,-0.8332,HOLDING
2019-07-25,15,EQR,ESS,61.1004,238.3123,0.7451,-1,1.6398,-0.5,1.1398,HOLDING
2019-07-26,15,EQR,ESS,61.4603,242.6779,-1.0201,-1,4.8263,-0.5,4.3263,HOLDING
2019-07-29,15,EQR,ESS,62.2817,245.6787,-0.8109,-1,4.6306,-0.5,4.1306,HOLDING
2019-07-30,15,EQR,ESS,62.227,244.7609,-0.3942,-1,3.8737,-0.5,3.3737,HOLDING
2019-07-31,15,EQR,ESS,61.7184,241.2014,0.5307,-1,2.1696,-0.5,1.6696,HOLDING
2019-08-01,15,EQR,ESS,62.2582,243.3244,0.4813,-1,2.2029,-0.5,1.7029,HOLDING
2019-08-02,15,EQR,ESS,62.9624,243.7314,1.6706,-1,-0.2873,-0.5,-0.7873,HOLDING
2019-08-05,15,EQR,ESS,61.163,234.9763,2.2157,-1,-2.1986,-0.5,-2.6986,HOLDING
2019-08-06,15,EQR,ESS,61.914,238.9748,1.4589,-1,-1.0317,-0.5,-1.5317,HOLDING
2019-08-07,15,EQR,ESS,62.4147,239.9564,1.6825,-1,-2.0599,-0.5,-2.5599,HOLDING
2019-08-08,15,EQR,ESS,63.244,242.7896,1.6149,-1,-2.4679,-0.5,-2.9679,HOLDING
2019-08-09,15,EQR,ESS,63.5804,245.4313,0.9422,-1,-1.0329,-0.5,-1.5329,HOLDING
2019-08-12,15,EQR,ESS,63.5413,249.2303,-0.7316,-1,3.2044,-0.5,2.7044,HOLDING
2019-08-13,15,EQR,ESS,63.2831,250.0523,-1.4455,-1,5.1591,-0.5,4.6591,HOLDING
2019-08-14,15,EQR,ESS,62.446,245.2398,-0.8487,-1,3.4768,-0.5,2.9768,HOLDING
2019-08-15,15,EQR,ESS,63.4865,249.5096,-0.933,-1,3.7316,-0.5,3.2316,HOLDING
2019-08-16,15,EQR,ESS,63.8699,251.1777,-0.9328,-1,3.9273,-0.5,3.4273,HOLDING
2019-08-19,15,EQR,ESS,64.7539,253.6118,-0.464,-1,2.8635,-0.5,2.3635,HOLDING
2019-08-20,15,EQR,ESS,64.4957,251.9918,-0.1704,-1,2.199,-0.5,1.699,HOLDING
2019-08-21,15,EQR,ESS,64.6444,254.0508,-0.6987,-1,3.7897,-0.5,3.2897,HOLDING
2019-08-22,15,EQR,ESS,64.9338,256.1818,-1.0135,-1,4.8722,-0.5,4.3722,HOLDING
2019-08-23,15,EQR,ESS,64.7383,251.5527,0.4564,-1,0.7201,-0.5,0.2201,HOLDING
2019-08-26,15,EQR,ESS,65.4111,255.1601,-0.0075,-1,1.7927,-0.5,1.2927,HOLDING
2019-08-27,15,EQR,ESS,65.5441,254.4658,0.4424,-1,0.4952,-0.5,-0.0048,HOLDING
2019-08-28,15,EQR,ESS,65.4267,255.1842,-0.0743,-1,1.7534,-0.5,1.2534,HOLDING
2019-08-29,15,EQR,ESS,65.9274,256.6287,0.1212,-1,1.2217,-0.5,0.7217,HOLDING
2019-08-30,15,EQR,ESS,66.3107,256.3971,0.8482,-1,-0.6201,-0.5,-1.1201,HOLDING
2019-09-03,15,EQR,ESS,67.1165,257.4827,1.6784,-1,-2.8051,-0.5,-3.3051,HOLDING
2019-09-04,15,EQR,ESS,67.5077,259.7093,1.3288,-1,-2.0428,-0.5,-2.5428,HOLDING
2019-09-05,15,EQR,ESS,67.273,259.1586,1.2135,-1,-1.658,-0.5,-2.158,HOLDING
2019-09-06,15,EQR,ESS,67.9458,261.0262,1.5244,-1,-2.4514,-0.5,-2.9514,HOLDING
2019-09-09,15,EQR,ESS,66.5846,259.9168,-0.1455,-1,2.0169,-0.5,1.5169,HOLDING
2019-09-10,15,EQR,ESS,66.076,256.3334,0.4871,-1,0.2872,-0.5,-0.2128,HOLDING
2019-09-11,15,EQR,ESS,66.3186,257.1314,0.4741,-1,0.135,-0.5,-0.365,HOLDING
2019-09-12,15,EQR,ESS,66.7802,258.6,0.5513,-1,-0.2086,-0.5,-0.7086,HOLDING
2019-09-13,15,EQR,ESS,66.1465,257.4906,-0.1551,-1,1.2356,-0.5,0.7356,HOLDING
2019-09-16,15,EQR,ESS,66.5376,258.8234,-0.1396,-1,1.0392,-0.5,0.5392,HOLDING
2019-09-17,15,EQR,ESS,67.1791,262.4308,-0.749,-1,2.2419,-0.5,1.7419,HOLDING
2019-09-18,15,EQR,ESS,66.7097,262.1036,-1.444,-1,3.842,-0.5,3.342,HOLDING
2019-09-19,15,EQR,ESS,66.8975,260.9224,-0.5521,-1,1.7947,-0.5,1.2947,HOLDING
2019-09-20,15,EQR,ESS,66.6315,257.6423,0.6008,-1,-0.6178,-0.5,-1.1178,HOLDING
2019-09-23,15,EQR,ESS,66.6784,259.5018,-0.4308,-1,1.1815,-0.5,0.6815,HOLDING
2019-09-24,15,EQR,ESS,66.8662,259.5098,-0.0256,-1,0.4096,-0.5,-0.0904,HOLDING
2019-09-25,15,EQR,ESS,67.3512,261.2336,0.0659,-1,0.2425,-0.5,-0.2575,HOLDING
2019-09-26,15,EQR,ESS,67.8754,263.5402,-0.1436,-1,0.5376,-0.5,0.0376,HOLDING
2019-09-27,15,EQR,ESS,67.9211,262.0068,0.8561,-1,-1.2967,-0.5,-1.7967,HOLDING
2019-09-30,15,EQR,ESS,67.929,262.2476,0.7055,-1,-1.0713,-0.5,-1.5713,HOLDING
2019-10-01,15,EQR,ESS,67.8581,261.4288,1.1406,-1,-1.6549,-0.5,-2.1549,HOLDING
2019-10-02,15,EQR,ESS,67.803,261.6696,0.8982,-1,-1.1675,-0.5,-1.6675,HOLDING
2019-10-03,15,EQR,ESS,68.5747,263.4439,1.6271,-1,-2.4722,-0.5,-2.9722,HOLDING
2019-10-04,15,EQR,ESS,68.8818,265.2582,1.2761,-1,-1.8028,-0.5,-2.3028,HOLDING
2019-10-07,15,EQR,ESS,69.1102,264.592,1.9675,-1,-3.4666,-0.5,-3.9666,HOLDING
2019-10-08,15,EQR,ESS,68.9448,263.0986,2.0691,-1,-4.381,-0.5,-4.881,HOLDING
2019-10-09,15,EQR,ESS,68.9685,264.327,1.3048,-1,-3.1617,-0.5,-3.6617,HOLDING
2019-10-10,15,EQR,ESS,69.4252,265.724,1.3355,-1,-3.5618,-0.5,-4.0618,HOLDING
2019-10-11,15,EQR,ESS,69.0078,262.4964,1.83,-1,-5.2887,-0.5,-5.7887,HOLDING
2019-10-14,15,EQR,ESS,68.9685,262.9461,1.3867,-1,-4.6428,-0.5,-5.1428,HOLDING
2019-10-15,15,EQR,ESS,68.9527,263.6044,0.9791,-1,-3.8712,-0.5,-4.3712,HOLDING
2019-10-16,15,EQR,ESS,69.315,264.3831,1.2161,-1,-4.5417,-0.5,-5.0417,HOLDING
2019-10-17,15,EQR,ESS,69.1023,263.8614,0.992,-1,-4.2175,-0.5,-4.7175,HOLDING
2019-10-18,15,EQR,ESS,69.5906,265.9808,0.7725,-1,-3.9736,-0.5,-4.4736,HOLDING
2019-10-21,15,EQR,ESS,69.8662,266.9764,0.7333,-1,-4.0516,-0.5,-4.5516,HOLDING
2019-10-22,15,EQR,ESS,69.6457,265.7319,0.8923,-1,-4.4697,-0.5,-4.9697,HOLDING
2019-10-23,15,EQR,ESS,69.1732,263.6044,1.0251,-1,-4.7878,-0.5,-5.2878,HOLDING
2019-10-24,15,EQR,ESS,68.9685,261.9506,1.5868,-1,-5.7106,-0.5,-6.2106,HOLDING
2019-10-25,15,EQR,ESS,69.0472,260.9951,2.1619,-1,-7.0626,-0.5,-7.5626,HOLDING
2019-10-28,15,EQR,ESS,68.8661,259.6304,2.2545,-1,-7.7737,-0.5,-8.2737,HOLDING
2019-10-29,15,EQR,ESS,68.9606,259.4938,2.1758,-1,-8.3128,-0.5,-8.8128,HOLDING
2019-10-30,15,EQR,ESS,69.9686,263.0505,2.0428,-1,-8.6878,-0.5,-9.1878,HOLDING
2019-10-31,15,EQR,ESS,69.8189,262.633,1.7201,-1,-8.5137,-0.5,-9.0137,HOLDING
2019-11-01,15,EQR,ESS,69.4094,260.6901,1.7507,-1,-8.8955,-0.5,-9.3955,HOLDING
2019-11-04,15,EQR,ESS,68.5353,258.5947,0.9827,-1,-7.5096,-0.5,-8.0096,HOLDING
2019-11-05,15,EQR,ESS,66.7871,255.568,-1.0153,-1,-3.4895,-0.5,-3.9895,HOLDING
2019-11-06,15,EQR,ESS,67.3935,255.2629,0.371,-1,-6.337,-0.5,-6.837,HOLDING
2019-11-07,15,EQR,ESS,66.2044,252.758,-0.8405,-1,-4.0811,-0.5,-4.5811,HOLDING
2019-11-08,15,EQR,ESS,66.1335,252.8303,-0.9825,-1,-3.7091,-0.5,-4.2091,HOLDING
2019-11-11,15,EQR,ESS,66.2752,251.618,0.0104,-1,-5.5984,-0.5,-6.0984,HOLDING
2019-11-12,15,EQR,ESS,65.6846,248.1015,0.6938,-1,-6.9152,-0.5,-7.4152,HOLDING
2019-11-13,15,EQR,ESS,66.8344,251.4253,1.1742,-1,-8.1291,-0.5,-8.6291,HOLDING
2019-11-14,15,EQR,ESS,67.551,252.2924,1.9126,-1,-10.1777,-0.5,-10.6777,HOLDING
2019-11-15,15,EQR,ESS,68.0865,256.1059,0.8566,-1,-8.3133,-0.5,-8.8133,HOLDING
2019-11-18,15,EQR,ESS,68.5038,257.6313,0.7966,-1,-8.4121,-0.5,-8.9121,HOLDING
2019-11-19,15,EQR,ESS,68.5668,258.9078,0.1489,-1,-7.3047,-0.5,-7.8047,HOLDING
2019-11-20,15,EQR,ESS,68.2439,255.873,1.1041,-1,-9.2177,-0.5,-9.7177,HOLDING
2019-11-21,15,EQR,ESS,66.9761,253.0952,-0.1316,-1,-6.9273,-0.5,-7.4273,HOLDING
2019-11-22,15,EQR,ESS,66.7714,249.4905,1.4438,-1,-9.9425,-0.5,-10.4425,HOLDING
2019-11-25,15,EQR,ESS,66.5587,249.073,1.1263,-1,-9.5065,-0.5,-10.0065,HOLDING
2019-11-26,15,EQR,ESS,67.2281,250.6867,1.4715,-1,-10.5579,-0.5,-11.0579,HOLDING
2019-11-27,15,EQR,ESS,67.4328,251.2567,1.4316,-1,-10.7976,-0.5,-11.2976,HOLDING
2019-11-29,15,EQR,ESS,67.0155,250.6306,0.9083,-1,-9.7344,-0.5,-10.2344,HOLDING
2019-12-02,15,EQR,ESS,65.7555,244.6414,1.4116,-1,-10.9211,-0.5,-11.4211,HOLDING
2019-12-03,15,EQR,ESS,66.0311,245.8296,1.2064,-1,-10.7922,-0.5,-11.2922,HOLDING
2019-12-04,15,EQR,ESS,66.3461,250.0284,-0.2677,-1,-7.598,-0.5,-8.098,HOLDING
2019-12-05,15,EQR,ESS,66.5745,249.8197,0.2095,-1,0.0,-9.8158,-9.8158,PERIOD_END_EXIT
2019-06-10,16,ETR,EXC,39.189,27.8358,0.0,0,0.0,0.0,0.0,HOLD_CASH
2019-06-11,16,ETR,EXC,39.0516,27.6336,0.0,0,0.0,0.0,0.0,HOLD_CASH
2019-06-12,16,ETR,EXC,39.762,28.3299,0.0,0,0.0,0.0,0.0,HOLD_CASH
2019-06-13,16,ETR,EXC,39.6482,28.1727,0.0,0,0.0,0.0,0.0,HOLD_CASH
2019-06-14,16,ETR,EXC,40.0485,28.5265,0.0,0,0.0,0.0,0.0,HOLD_CASH
2019-06-17,16,ETR,EXC,39.9386,28.3299,0.0,0,0.0,0.0,0.0,HOLD_CASH
2019-06-18,16,ETR,EXC,39.7581,28.0211,0.0,0,0.0,0.0,0.0,HOLD_CASH
2019-06-19,16,ETR,EXC,40.2212,28.0772,0.0,0,0.0,0.0,0.0,HOLD_CASH
2019-06-20,16,ETR,EXC,40.598,28.212,0.0,0,0.0,0.0,0.0,HOLD_CASH
2019-06-21,16,ETR,EXC,40.9198,28.3019,0.0,0,0.0,0.0,0.0,HOLD_CASH
2019-06-24,16,ETR,EXC,40.6961,28.1671,0.0,0,0.0,0.0,0.0,HOLD_CASH
2019-06-25,16,ETR,EXC,40.5195,27.5382,0.0,0,0.0,0.0,0.0,HOLD_CASH
2019-06-26,16,ETR,EXC,39.7228,26.8362,0.0,0,0.0,0.0,0.0,HOLD_CASH
2019-06-27,16,ETR,EXC,39.8994,26.7071,0.0,0,0.0,0.0,0.0,HOLD_CASH
2019-06-28,16,ETR,EXC,40.3978,26.9205,0.0,0,0.0,0.0,0.0,HOLD_CASH
2019-07-01,16,ETR,EXC,40.0328,26.9822,0.0,0,0.0,0.0,0.0,HOLD_CASH
2019-07-02,16,ETR,EXC,40.6961,27.4202,0.0,0,0.0,0.0,0.0,HOLD_CASH
2019-07-03,16,ETR,EXC,41.0297,27.5325,0.0,0,0.0,0.0,0.0,HOLD_CASH
2019-07-05,16,ETR,EXC,40.9512,27.628,0.0,0,0.0,0.0,0.0,HOLD_CASH
2019-07-08,16,ETR,EXC,40.963,27.3865,1.2358,0,0.0,0.0,0.0,HOLD_CASH
2019-07-09,16,ETR,EXC,40.912,27.5045,0.9201,0,0.0,0.0,0.0,HOLD_CASH
2019-07-10,16,ETR,EXC,41.0807,27.7235,0.6869,0,0.0,0.0,0.0,HOLD_CASH
2019-07-11,16,ETR,EXC,40.9944,27.8189,0.3815,0,0.0,0.0,0.0,HOLD_CASH
2019-07-12,16,ETR,EXC,40.7667,27.5494,0.4912,0,0.0,0.0,0.0,HOLD_CASH
2019-07-15,16,ETR,EXC,41.1474,27.4483,1.0539,0,0.0,0.0,0.0,HOLD_CASH
2019-07-16,16,ETR,EXC,41.1631,27.1788,1.5314,0,0.0,0.0,0.0,HOLD_CASH
2019-07-17,16,ETR,EXC,41.4222,27.2911,1.5902,0,0.0,0.0,0.0,HOLD_CASH
2019-07-18,16,ETR,EXC,41.8971,27.3809,1.9213,0,0.0,0.0,0.0,HOLD_CASH
2019-07-19,16,ETR,EXC,41.4457,26.7127,2.3955,-1,0.0,-0.5,-0.5,ENTER_SHORT_A
2019-07-22,16,ETR,EXC,41.3672,26.5498,2.2638,-1,-1.0507,-0.5,-1.5507,HOLDING
2019-07-23,16,ETR,EXC,41.1553,26.0332,2.5369,-1,-4.6072,-0.5,-5.1072,HOLDING
2019-07-24,16,ETR,EXC,41.0768,25.5391,2.5949,-1,-8.7584,-0.5,-9.2584,HOLDING
2019-07-25,16,ETR,EXC,40.8256,25.9041,1.552,-1,-3.8273,-0.5,-4.3273,HOLDING
2019-07-26,16,ETR,EXC,40.6961,25.73,1.4902,-1,-4.6752,-0.5,-5.1752,HOLDING
2019-07-29,16,ETR,EXC,41.1867,25.8591,1.5335,-1,-6.4256,-0.5,-6.9256,HOLDING
2019-07-30,16,ETR,EXC,40.7707,25.8591,1.0714,-1,-3.9163,-0.5,-4.4163,HOLDING
2019-07-31,16,ETR,EXC,41.4536,25.3032,1.9964,-1,-13.2385,-0.5,-13.7385,HOLDING
2019-08-01,16,ETR,EXC,41.9795,24.9326,2.2856,-1,-19.8794,-0.5,-20.3794,HOLDING
2019-08-02,16,ETR,EXC,41.8853,25.1291,1.7551,-1,-17.4718,-0.5,-17.9718,HOLDING
2019-08-05,16,ETR,EXC,41.1749,24.9438,1.3518,-1,-14.921,-0.5,-15.421,HOLDING
2019-08-06,16,ETR,EXC,41.8186,25.3874,1.1765,-1,-14.6518,-0.5,-15.1518,HOLDING
2019-08-07,16,ETR,EXC,41.9294,25.2751,1.2272,-1,-16.3715,-0.5,-16.8715,HOLDING
2019-08-08,16,ETR,EXC,42.3728,25.5054,1.1681,-1,-16.8912,-0.5,-17.3912,HOLDING
2019-08-09,16,ETR,EXC,42.5272,25.3818,1.2916,-1,-18.9786,-0.5,-19.4786,HOLDING
2019-08-12,16,ETR,EXC,42.6499,25.3818,1.2685,-1,-19.7188,-0.5,-20.2188,HOLDING
2019-08-13,16,ETR,EXC,42.6816,25.5615,1.0058,-1,-18.2281,-0.5,-18.7281,HOLDING
2019-08-14,16,ETR,EXC,42.357,25.1783,1.1492,-1,-19.8566,-0.5,-20.3566,HOLDING
2019-08-15,16,ETR,EXC,43.1487,25.2745,1.5049,-1,-23.7316,-0.5,-24.2316,HOLDING
2019-08-16,16,ETR,EXC,43.2239,25.5462,1.1161,-1,-21.6424,-0.5,-22.1424,HOLDING
2019-08-19,16,ETR,EXC,43.4614,25.6311,1.1078,-1,-22.2805,-0.5,-22.7805,HOLDING
2019-08-20,16,ETR,EXC,43.6277,25.5915,1.1957,-1,-23.6542,-0.5,-24.1542,HOLDING
2019-08-21,16,ETR,EXC,44.2056,25.7217,1.3451,-1,-25.922,-0.5,-26.422,HOLDING
2019-08-22,16,ETR,EXC,44.0631,25.767,1.0858,-1,-24.6386,-0.5,-25.1386,HOLDING
2019-08-23,16,ETR,EXC,43.4812,25.4047,1.0616,-1,-24.5189,-0.5,-25.0189,HOLDING
2019-08-26,16,ETR,EXC,44.1541,25.8576,0.9074,-1,-24.3401,-0.5,-24.8401,HOLDING
2019-08-27,16,ETR,EXC,44.3758,26.1746,0.5293,-1,-22.7106,-0.5,-23.2106,HOLDING
2019-08-28,16,ETR,EXC,44.4629,26.2821,0.2949,-1,-22.2293,-0.5,-22.7293,HOLDING
2019-08-29,16,ETR,EXC,44.74,26.4633,0.2269,-1,-22.2056,-0.5,-22.7056,HOLDING
2019-08-30,16,ETR,EXC,44.6688,26.7519,-0.7623,-1,-19.074,-0.5,-19.574,HOLDING
2019-09-03,16,ETR,EXC,45.5951,27.1256,-0.3336,-1,-21.165,-0.5,-21.665,HOLDING
2019-09-04,16,ETR,EXC,45.7495,27.1708,-0.3207,-1,-21.6724,-0.5,-22.1724,HOLDING
2019-09-05,16,ETR,EXC,45.3259,27.2388,-1.5296,-1,-18.4818,-0.5,-18.9818,HOLDING
2019-09-06,16,ETR,EXC,44.9498,27.2388,-2.182,-1,-16.2133,-0.5,-16.7133,HOLDING
2019-09-09,16,ETR,EXC,44.5698,27.1878,-2.3055,-1,-14.3978,-0.5,-14.8978,HOLDING
2019-09-10,16,ETR,EXC,44.4352,27.3689,-2.4238,-1,-11.8908,-0.5,-12.3908,HOLDING
2019-09-11,16,ETR,EXC,44.6965,27.584,-2.1399,-1,-11.4536,-0.5,-11.9536,HOLDING
2019-09-12,16,ETR,EXC,45.0844,27.1029,-0.5909,-1,-18.2967,-0.5,-18.7967,HOLDING
2019-09-13,16,ETR,EXC,44.938,26.7576,0.0014,-1,-20.6446,-0.5,-21.1446,HOLDING
2019-09-16,16,ETR,EXC,44.9419,26.8199,-0.1013,-1,-20.0859,-0.5,-20.5859,HOLDING
2019-09-17,16,ETR,EXC,45.3101,26.7689,0.4949,-1,-22.7833,-0.5,-23.2833,HOLDING
2019-09-18,16,ETR,EXC,45.3853,27.1369,-0.1574,-1,-19.7935,-0.5,-20.2935,HOLDING
2019-09-19,16,ETR,EXC,45.5555,27.0576,0.325,-1,-21.5619,-0.5,-22.0619,HOLDING
2019-09-20,16,ETR,EXC,45.607,27.4256,-0.3955,-1,-18.4289,-0.5,-18.9289,HOLDING
2019-09-23,16,ETR,EXC,45.7732,27.3463,0.1254,-1,-20.1735,-0.5,-20.6735,HOLDING
2019-09-24,16,ETR,EXC,46.3512,27.6237,0.3905,-1,-21.0638,-0.5,-21.5638,HOLDING
2019-09-25,16,ETR,EXC,46.268,27.7425,-0.0153,-1,-19.4498,-0.5,-19.9498,HOLDING
2019-09-26,16,ETR,EXC,46.5333,27.8388,0.221,-1,-20.1491,-0.5,-20.6491,HOLDING
2019-09-27,16,ETR,EXC,46.5135,27.4991,1.1992,-1,-23.2083,-0.5,-23.7083,HOLDING
2019-09-30,16,ETR,EXC,46.4581,27.3463,1.4068,-1,-24.3044,-0.5,-24.8044,HOLDING
2019-10-01,16,ETR,EXC,46.4422,27.1595,1.7084,-1,-25.9571,-0.5,-26.4571,HOLDING
2019-10-02,16,ETR,EXC,46.0978,26.9557,1.5583,-1,-25.7868,-0.5,-26.2868,HOLDING
2019-10-03,16,ETR,EXC,46.1176,27.0123,1.2965,-1,-25.3765,-0.5,-25.8765,HOLDING
2019-10-04,16,ETR,EXC,47.0162,27.4256,1.3921,-1,-26.9295,-0.5,-27.4295,HOLDING
2019-10-07,16,ETR,EXC,46.6283,27.4312,0.7783,-1,-24.5364,-0.5,-25.0364,HOLDING
2019-10-08,16,ETR,EXC,46.561,27.0406,1.5574,-1,-27.7859,-0.5,-28.2859,HOLDING
2019-10-09,16,ETR,EXC,46.7352,27.1199,1.6879,-1,-28.0949,-0.5,-28.5949,HOLDING
2019-10-10,16,ETR,EXC,46.6283,26.8425,2.029,-1,-30.046,-0.5,-30.546,HOLDING
2019-10-11,16,ETR,EXC,46.4066,26.8935,1.3355,-1,-28.232,-0.5,-28.732,HOLDING
2019-10-14,16,ETR,EXC,46.1612,26.667,1.4039,-1,-28.8707,-0.5,-29.3707,HOLDING
2019-10-15,16,ETR,EXC,45.7416,26.6387,0.7426,-1,-26.6045,-0.5,-27.1045,HOLDING
2019-10-16,16,ETR,EXC,45.9355,25.4217,3.0425,-1,-39.1645,-0.5,-39.6645,HOLDING
2019-10-17,16,ETR,EXC,46.4264,24.9406,3.0621,-1,-46.6284,-0.5,-47.1284,HOLDING
2019-10-18,16,ETR,EXC,46.7708,25.2859,2.2953,-1,-45.4742,-0.5,-45.9742,HOLDING
2019-10-21,16,ETR,EXC,47.1152,25.3085,2.0861,-1,-47.3396,-0.5,-47.8396,HOLDING
2019-10-22,16,ETR,EXC,47.2696,25.6142,1.6069,-1,-45.4102,-0.5,-45.9102,HOLDING
2019-10-23,16,ETR,EXC,47.7604,25.8406,1.4733,-1,-46.252,-0.5,-46.752,HOLDING
2019-10-24,16,ETR,EXC,47.9979,26.1406,1.1742,-1,-44.8769,-0.5,-45.3769,HOLDING
2019-10-25,16,ETR,EXC,47.61,25.9764,1.0181,-1,-44.0733,-0.5,-44.5733,HOLDING
2019-10-28,16,ETR,EXC,46.7589,25.8123,0.6235,-1,-40.4758,-0.5,-40.9758,HOLDING
2019-10-29,16,ETR,EXC,47.1231,25.9595,0.6085,-1,-41.2951,-0.5,-41.7951,HOLDING
2019-10-30,16,ETR,EXC,48.1207,26.4123,0.6365,-1,-43.0744,-0.5,-43.5744,HOLDING
2019-10-31,16,ETR,EXC,48.089,25.75,1.2271,-1,-49.0815,-0.5,-49.5815,HOLDING
2019-11-01,16,ETR,EXC,47.3685,25.6651,0.7988,-1,-45.5304,-0.5,-46.0304,HOLDING
2019-11-04,16,ETR,EXC,46.945,25.1896,1.0054,-1,-47.4255,-0.5,-47.9255,HOLDING
2019-11-05,16,ETR,EXC,46.1493,25.3481,0.1903,-1,-41.1425,-0.5,-41.6425,HOLDING
2019-11-06,16,ETR,EXC,46.4286,25.3708,0.2847,-1,-42.6156,-0.5,-43.1156,HOLDING
2019-11-07,16,ETR,EXC,45.7822,25.3028,-0.2216,-1,-39.352,-0.5,-39.852,HOLDING
2019-11-08,16,ETR,EXC,45.85,25.3085,-0.3075,-1,-39.7081,-0.5,-40.2081,HOLDING
2019-11-11,16,ETR,EXC,45.5268,24.9179,-0.0547,-1,-41.4139,-0.5,-41.9139,HOLDING
2019-11-12,16,ETR,EXC,45.834,25.0877,-0.3885,-1,-41.678,-0.5,-42.178,HOLDING
2019-11-13,16,ETR,EXC,46.8955,25.1896,1.2464,-1,-47.1271,-0.5,-47.6271,HOLDING
2019-11-14,16,ETR,EXC,46.6441,25.471,-0.2449,-1,-42.9774,-0.5,-43.4774,HOLDING
2019-11-15,16,ETR,EXC,46.5723,25.6936,-1.1311,-1,-40.4611,-0.5,-40.9611,HOLDING
2019-11-18,16,ETR,EXC,46.6441,25.9161,-1.6237,-1,-38.8113,-0.5,-39.3113,HOLDING
2019-11-19,16,ETR,EXC,46.3648,25.8933,-1.8086,-1,-37.34,-0.5,-37.84,HOLDING
2019-11-20,16,ETR,EXC,46.7119,25.8876,-1.0292,-1,-39.4875,-0.5,-39.9875,HOLDING
2019-11-21,16,ETR,EXC,46.2491,25.334,0.009,-1,-41.8764,-0.5,-42.3764,HOLDING
2019-11-22,16,ETR,EXC,46.1772,25.3568,-0.1781,-1,-41.2295,-0.5,-41.7295,HOLDING
2019-11-25,16,ETR,EXC,46.0415,25.2085,0.043,-1,-41.7998,-0.5,-42.2998,HOLDING
2019-11-26,16,ETR,EXC,46.4765,25.1171,1.0848,-1,-45.278,-0.5,-45.778,HOLDING
2019-11-27,16,ETR,EXC,46.6561,25.2655,0.8358,-1,-44.9725,-0.5,-45.4725,HOLDING
2019-11-29,16,ETR,EXC,46.4446,25.3397,0.309,-1,-43.0024,-0.5,-43.5024,HOLDING
2019-12-02,16,ETR,EXC,46.281,25.0601,1.0093,-1,-44.6328,-0.5,-45.1328,HOLDING
2019-12-03,16,ETR,EXC,46.6561,25.2598,1.1387,-1,-45.0259,-0.5,-45.5259,HOLDING
2019-12-04,16,ETR,EXC,47.1309,25.4196,1.3569,-1,-46.3947,-0.5,-46.8947,HOLDING
2019-12-05,16,ETR,EXC,47.2546,25.6022,0.8686,-1,0.0,-46.4563,-46.4563,PERIOD_END_EXIT
2019-06-10,17,ETR,FE,39.189,32.9238,0.0,0,0.0,0.0,0.0,HOLD_CASH
2019-06-11,17,ETR,FE,39.0516,32.7171,0.0,0,0.0,0.0,0.0,HOLD_CASH
2019-06-12,17,ETR,FE,39.762,33.1916,0.0,0,0.0,0.0,0.0,HOLD_CASH
2019-06-13,17,ETR,FE,39.6482,33.1763,0.0,0,0.0,0.0,0.0,HOLD_CASH
2019-06-14,17,ETR,FE,40.0485,33.6508,0.0,0,0.0,0.0,0.0,HOLD_CASH
2019-06-17,17,ETR,FE,39.9386,33.4442,0.0,0,0.0,0.0,0.0,HOLD_CASH
2019-06-18,17,ETR,FE,39.7581,33.2988,0.0,0,0.0,0.0,0.0,HOLD_CASH
2019-06-19,17,ETR,FE,40.2212,33.2529,0.0,0,0.0,0.0,0.0,HOLD_CASH
2019-06-20,17,ETR,FE,40.598,33.4212,0.0,0,0.0,0.0,0.0,HOLD_CASH
2019-06-21,17,ETR,FE,40.9198,33.4289,0.0,0,0.0,0.0,0.0,HOLD_CASH
2019-06-24,17,ETR,FE,40.6961,33.3753,0.0,0,0.0,0.0,0.0,HOLD_CASH
2019-06-25,17,ETR,FE,40.5195,33.2605,0.0,0,0.0,0.0,0.0,HOLD_CASH
2019-06-26,17,ETR,FE,39.7228,32.5488,0.0,0,0.0,0.0,0.0,HOLD_CASH
2019-06-27,17,ETR,FE,39.8994,32.5335,0.0,0,0.0,0.0,0.0,HOLD_CASH
2019-06-28,17,ETR,FE,40.3978,32.7631,0.0,0,0.0,0.0,0.0,HOLD_CASH
2019-07-01,17,ETR,FE,40.0328,32.7095,0.0,0,0.0,0.0,0.0,HOLD_CASH
2019-07-02,17,ETR,FE,40.6961,33.2375,0.0,0,0.0,0.0,0.0,HOLD_CASH
2019-07-03,17,ETR,FE,41.0297,33.536,0.0,0,0.0,0.0,0.0,HOLD_CASH
2019-07-05,17,ETR,FE,40.9512,33.4671,0.0,0,0.0,0.0,0.0,HOLD_CASH
2019-07-08,17,ETR,FE,40.963,33.3294,1.1181,0,0.0,0.0,0.0,HOLD_CASH
2019-07-09,17,ETR,FE,40.912,33.3217,0.9463,0,0.0,0.0,0.0,HOLD_CASH
2019-07-10,17,ETR,FE,41.0807,33.2835,1.2659,0,0.0,0.0,0.0,HOLD_CASH
2019-07-11,17,ETR,FE,40.9944,33.36,0.805,0,0.0,0.0,0.0,HOLD_CASH
2019-07-12,17,ETR,FE,40.7667,33.2222,0.6044,0,0.0,0.0,0.0,HOLD_CASH
2019-07-15,17,ETR,FE,41.1474,33.5666,0.435,0,0.0,0.0,0.0,HOLD_CASH
2019-07-16,17,ETR,FE,41.1631,33.3294,1.2691,0,0.0,0.0,0.0,HOLD_CASH
2019-07-17,17,ETR,FE,41.4222,33.4671,1.7825,0,0.0,0.0,0.0,HOLD_CASH
2019-07-18,17,ETR,FE,41.8971,33.6967,2.3323,-1,0.0,-0.5,-0.5,ENTER_SHORT_A
2019-07-19,17,ETR,FE,41.4457,33.2835,2.229,-1,-0.3728,-0.5,-0.8728,HOLDING
2019-07-22,17,ETR,FE,41.3672,33.3677,1.3367,-1,0.7201,-0.5,0.2201,HOLDING
2019-07-23,17,ETR,FE,41.1553,33.1534,1.3901,-1,0.3951,-0.5,-0.1049,HOLDING
2019-07-24,17,ETR,FE,41.0768,33.383,-0.0764,-1,2.5667,-0.5,2.0667,HOLDING
2019-07-25,17,ETR,FE,40.8256,33.5743,-1.9379,-1,5.485,-0.5,4.985,HOLDING
2019-07-26,17,ETR,FE,40.6961,33.7197,-2.4704,-1,7.3367,-0.5,6.8367,HOLDING
2019-07-29,17,ETR,FE,41.1867,34.0335,-1.8072,-1,6.7373,-0.5,6.2373,HOLDING
2019-07-30,17,ETR,FE,40.7707,34.0411,-2.4136,-1,9.2764,-0.5,8.7764,HOLDING
2019-07-31,17,ETR,FE,41.4536,33.6508,0.3334,-1,2.3057,-0.5,1.8057,HOLDING
2019-08-01,17,ETR,FE,41.9795,33.9646,0.6066,-1,1.4955,-0.5,0.9955,HOLDING
2019-08-02,17,ETR,FE,41.8853,33.8651,0.6172,-1,1.3195,-0.5,0.8195,HOLDING
2019-08-05,17,ETR,FE,41.1749,33.2452,0.7031,-1,0.9592,-0.5,0.4592,HOLDING
2019-08-06,17,ETR,FE,41.8186,33.5231,1.2573,-1,-0.8194,-0.5,-1.3194,HOLDING
2019-08-07,17,ETR,FE,41.9294,33.639,1.1024,-1,-0.6217,-0.5,-1.1217,HOLDING
2019-08-08,17,ETR,FE,42.3728,34.164,0.6147,-1,0.6279,-0.5,0.1279,HOLDING
2019-08-09,17,ETR,FE,42.5272,34.1254,0.944,-1,-0.5797,-0.5,-1.0797,HOLDING
2019-08-12,17,ETR,FE,42.6499,34.3647,0.5373,-1,0.4637,-0.5,-0.0363,HOLDING
2019-08-13,17,ETR,FE,42.6816,34.1099,1.1396,-1,-1.6155,-0.5,-2.1155,HOLDING
2019-08-14,17,ETR,FE,42.357,33.6081,1.5469,-1,-3.4018,-0.5,-3.9018,HOLDING
2019-08-15,17,ETR,FE,43.1487,34.0636,1.7176,-1,-4.7464,-0.5,-5.2464,HOLDING
2019-08-16,17,ETR,FE,43.2239,34.496,0.9092,-1,-1.9875,-0.5,-2.4875,HOLDING
2019-08-19,17,ETR,FE,43.4614,34.8434,0.5663,-1,-0.8271,-0.5,-1.3271,HOLDING
2019-08-20,17,ETR,FE,43.6277,34.689,1.0599,-1,-2.9647,-0.5,-3.4647,HOLDING
2019-08-21,17,ETR,FE,44.2056,35.1136,1.0237,-1,-3.2631,-0.5,-3.7631,HOLDING
2019-08-22,17,ETR,FE,44.0631,35.2835,0.4259,-1,-1.1526,-0.5,-1.6526,HOLDING
2019-08-23,17,ETR,FE,43.4812,34.7353,0.5134,-1,-1.7471,-0.5,-2.2471,HOLDING
2019-08-26,17,ETR,FE,44.1541,35.0441,0.9487,-1,-3.4715,-0.5,-3.9715,HOLDING
2019-08-27,17,ETR,FE,44.3758,35.075,1.581,-1,-4.5653,-0.5,-5.0653,HOLDING
2019-08-28,17,ETR,FE,44.4629,35.1445,1.4558,-1,-4.5694,-0.5,-5.0694,HOLDING
2019-08-29,17,ETR,FE,44.74,35.4688,0.9843,-1,-3.817,-0.5,-4.317,HOLDING
2019-08-30,17,ETR,FE,44.6688,35.5151,0.5196,-1,-3.0482,-0.5,-3.5482,HOLDING
2019-09-03,17,ETR,FE,45.5951,35.932,1.6396,-1,-5.4823,-0.5,-5.9823,HOLDING
2019-09-04,17,ETR,FE,45.7495,36.1636,1.0787,-1,-4.685,-0.5,-5.185,HOLDING
2019-09-05,17,ETR,FE,45.3259,35.9166,0.6498,-1,-3.9906,-0.5,-4.4906,HOLDING
2019-09-06,17,ETR,FE,44.9498,36.0401,-1.2033,-1,-0.8301,-0.5,-1.3301,HOLDING
2019-09-09,17,ETR,FE,44.5698,36.2254,-2.6657,-1,2.8122,-0.5,2.3122,HOLDING
2019-09-10,17,ETR,FE,44.4352,36.0864,-2.2739,-1,2.5842,-0.5,2.0842,HOLDING
2019-09-11,17,ETR,FE,44.6965,36.7427,-2.7238,-1,5.8942,-0.5,5.3942,HOLDING
2019-09-12,17,ETR,FE,45.0844,36.7736,-1.739,-1,3.8084,-0.5,3.3084,HOLDING
2019-09-13,17,ETR,FE,44.938,36.5728,-1.387,-1,3.1932,-0.5,2.6932,HOLDING
2019-09-16,17,ETR,FE,44.9419,36.7195,-1.505,-1,4.2577,-0.5,3.7577,HOLDING
2019-09-17,17,ETR,FE,45.3101,37.1287,-1.5327,-1,5.0969,-0.5,4.5969,HOLDING
2019-09-18,17,ETR,FE,45.3853,37.1441,-1.2923,-1,4.7626,-0.5,4.2626,HOLDING
2019-09-19,17,ETR,FE,45.5555,37.1441,-0.941,-1,3.7469,-0.5,3.2469,HOLDING
2019-09-20,17,ETR,FE,45.607,36.5883,0.151,-1,-0.6843,-0.5,-1.1843,HOLDING
2019-09-23,17,ETR,FE,45.7732,36.8739,-0.0989,-1,0.443,-0.5,-0.057,HOLDING
2019-09-24,17,ETR,FE,46.3512,37.4067,-0.1675,-1,0.9467,-0.5,0.4467,HOLDING
2019-09-25,17,ETR,FE,46.268,37.7,-0.7477,-1,3.6195,-0.5,3.1195,HOLDING
2019-09-26,17,ETR,FE,46.5333,37.6228,-0.122,-1,1.4639,-0.5,0.9639,HOLDING
2019-09-27,17,ETR,FE,46.5135,37.3912,0.3823,-1,-0.1363,-0.5,-0.6363,HOLDING
2019-09-30,17,ETR,FE,46.4581,37.2368,0.6694,-1,-0.9513,-0.5,-1.4513,HOLDING
2019-10-01,17,ETR,FE,46.4422,36.9743,1.3658,-1,-2.8043,-0.5,-3.3043,HOLDING
2019-10-02,17,ETR,FE,46.0978,36.5265,1.8358,-1,-4.0715,-0.5,-4.5715,HOLDING
2019-10-03,17,ETR,FE,46.1176,36.8585,1.1663,-1,-1.7266,-0.5,-2.2266,HOLDING
2019-10-04,17,ETR,FE,47.0162,37.2368,1.8282,-1,-4.2818,-0.5,-4.7818,HOLDING
2019-10-07,17,ETR,FE,46.6283,37.0824,1.3063,-1,-3.1125,-0.5,-3.6125,HOLDING
2019-10-08,17,ETR,FE,46.561,36.7658,1.6614,-1,-5.0596,-0.5,-5.5596,HOLDING
2019-10-09,17,ETR,FE,46.7352,36.9202,1.4737,-1,-4.9533,-0.5,-5.4533,HOLDING
2019-10-10,17,ETR,FE,46.6283,36.982,1.0498,-1,-3.8572,-0.5,-4.3572,HOLDING
2019-10-11,17,ETR,FE,46.4066,36.9743,0.6156,-1,-2.5917,-0.5,-3.0917,HOLDING
2019-10-14,17,ETR,FE,46.1612,36.6037,0.9107,-1,-3.8766,-0.5,-4.3766,HOLDING
2019-10-15,17,ETR,FE,45.7416,36.7504,-0.2953,-1,-0.2845,-0.5,-0.7845,HOLDING
2019-10-16,17,ETR,FE,45.9355,36.9048,-0.4252,-1,-0.2963,-0.5,-0.7963,HOLDING
2019-10-17,17,ETR,FE,46.4264,37.1441,-0.102,-1,-1.4497,-0.5,-1.9497,HOLDING
2019-10-18,17,ETR,FE,46.7708,37.3526,0.0822,-1,-1.9581,-0.5,-2.4581,HOLDING
2019-10-21,17,ETR,FE,47.1152,37.4453,0.5837,-1,-3.3257,-0.5,-3.8257,HOLDING
2019-10-22,17,ETR,FE,47.2696,37.3372,1.1968,-1,-5.0488,-0.5,-5.5488,HOLDING
2019-10-23,17,ETR,FE,47.7604,37.3758,2.2055,-1,-7.6915,-0.5,-8.1915,HOLDING
2019-10-24,17,ETR,FE,47.9979,37.2831,2.5925,-1,-9.7961,-0.5,-10.2961,HOLDING
2019-10-25,17,ETR,FE,47.61,37.0669,1.9953,-1,-9.0852,-0.5,-9.5852,HOLDING
2019-10-28,17,ETR,FE,46.7589,36.4956,1.5327,-1,-8.2454,-0.5,-8.7454,HOLDING
2019-10-29,17,ETR,FE,47.1231,36.735,1.4651,-1,-8.6427,-0.5,-9.1427,HOLDING
2019-10-30,17,ETR,FE,48.1207,36.9357,2.3459,-1,-13.106,-0.5,-13.606,HOLDING
2019-10-31,17,ETR,FE,48.089,37.3063,1.3287,-1,-10.1675,-0.5,-10.6675,HOLDING
2019-11-01,17,ETR,FE,47.3685,37.3372,0.0583,-1,-5.6394,-0.5,-6.1394,HOLDING
2019-11-04,17,ETR,FE,46.945,37.0592,-0.091,-1,-5.1739,-0.5,-5.6739,HOLDING
2019-11-05,17,ETR,FE,46.1493,36.5342,-0.3053,-1,-4.3213,-0.5,-4.8213,HOLDING
2019-11-06,17,ETR,FE,46.4286,36.6665,-0.1142,-1,-5.0065,-0.5,-5.5065,HOLDING
2019-11-07,17,ETR,FE,45.7822,36.363,-0.5608,-1,-3.4011,-0.5,-3.9011,HOLDING
2019-11-08,17,ETR,FE,45.85,36.2618,-0.256,-1,-4.5565,-0.5,-5.0565,HOLDING
2019-11-11,17,ETR,FE,45.5268,35.8259,0.1185,-1,-5.8617,-0.5,-6.3617,HOLDING
2019-11-12,17,ETR,FE,45.834,36.0361,0.1096,-1,-6.136,-0.5,-6.636,HOLDING
2019-11-13,17,ETR,FE,46.8955,36.5186,0.8725,-1,-8.8894,-0.5,-9.3894,HOLDING
2019-11-14,17,ETR,FE,46.6441,36.3786,0.6541,-1,-8.4288,-0.5,-8.9288,HOLDING
2019-11-15,17,ETR,FE,46.5723,36.612,-0.2479,-1,-6.2679,-0.5,-6.7679,HOLDING
2019-11-18,17,ETR,FE,46.6441,36.4019,0.4834,-1,-8.2556,-0.5,-8.7556,HOLDING
2019-11-19,17,ETR,FE,46.3648,36.1373,0.5646,-1,-8.552,-0.5,-9.052,HOLDING
2019-11-20,17,ETR,FE,46.7119,36.4797,0.3178,-1,-8.0829,-0.5,-8.5829,HOLDING
2019-11-21,17,ETR,FE,46.2491,36.3007,-0.2217,-1,-6.6489,-0.5,-7.1489,HOLDING
2019-11-22,17,ETR,FE,46.1772,36.8455,-1.8823,-1,-2.1782,-0.5,-2.6782,HOLDING
2019-11-25,17,ETR,FE,46.0415,37.1413,-2.4134,-1,0.8256,-0.5,0.3256,HOLDING
2019-11-26,17,ETR,FE,46.4765,37.1802,-1.4577,-1,-1.481,-0.5,-1.981,HOLDING
2019-11-27,17,ETR,FE,46.6561,37.1958,-1.1108,-1,-2.4371,-0.5,-2.9371,HOLDING
2019-11-29,17,ETR,FE,46.4446,37.1179,-1.2388,-1,-1.7525,-0.5,-2.2525,HOLDING
2019-12-02,17,ETR,FE,46.281,36.9856,-1.1245,-1,-1.758,-0.5,-2.258,HOLDING
2019-12-03,17,ETR,FE,46.6561,37.1569,-0.7355,-1,-2.7258,-0.5,-3.2258,HOLDING
2019-12-04,17,ETR,FE,47.1309,37.5071,-0.6327,-1,-2.9608,-0.5,-3.4608,HOLDING
2019-12-05,17,ETR,FE,47.2546,37.6783,-0.7581,-1,0.0,-3.4901,-3.4901,PERIOD_END_EXIT
2019-06-10,18,CB,FIS,133.4089,106.5747,0.0,0,0.0,0.0,0.0,HOLD_CASH
2019-06-11,18,CB,FIS,133.0686,106.0518,0.0,0,0.0,0.0,0.0,HOLD_CASH
2019-06-12,18,CB,FIS,133.2119,105.4069,0.0,0,0.0,0.0,0.0,HOLD_CASH
2019-06-13,18,CB,FIS,133.2746,105.6167,0.0,0,0.0,0.0,0.0,HOLD_CASH
2019-06-14,18,CB,FIS,134.5461,106.1061,0.0,0,0.0,0.0,0.0,HOLD_CASH
2019-06-17,18,CB,FIS,132.8716,106.2198,0.0,0,0.0,0.0,0.0,HOLD_CASH
2019-06-18,18,CB,FIS,132.6298,107.1724,0.0,0,0.0,0.0,0.0,HOLD_CASH
2019-06-19,18,CB,FIS,133.8208,107.7581,0.0,0,0.0,0.0,0.0,HOLD_CASH
2019-06-20,18,CB,FIS,134.4148,108.2737,0.0,0,0.0,0.0,0.0,HOLD_CASH
2019-06-21,18,CB,FIS,134.6667,107.2424,0.0,0,0.0,0.0,0.0,HOLD_CASH
2019-06-24,18,CB,FIS,135.0627,105.9488,0.0,0,0.0,0.0,0.0,HOLD_CASH
2019-06-25,18,CB,FIS,135.8366,105.9838,0.0,0,0.0,0.0,0.0,HOLD_CASH
2019-06-26,18,CB,FIS,132.2909,105.9925,0.0,0,0.0,0.0,0.0,HOLD_CASH
2019-06-27,18,CB,FIS,132.4349,106.0537,0.0,0,0.0,0.0,0.0,HOLD_CASH
2019-06-28,18,CB,FIS,132.5518,107.2249,0.0,0,0.0,0.0,0.0,HOLD_CASH
2019-07-01,18,CB,FIS,133.0468,108.8768,0.0,0,0.0,0.0,0.0,HOLD_CASH
2019-07-02,18,CB,FIS,133.5688,109.174,0.0,0,0.0,0.0,0.0,HOLD_CASH
2019-07-03,18,CB,FIS,135.2157,110.6685,0.0,0,0.0,0.0,0.0,HOLD_CASH
2019-07-05,18,CB,FIS,134.6487,110.8258,0.0,0,0.0,0.0,0.0,HOLD_CASH
2019-07-08,18,CB,FIS,134.4778,110.8521,-1.6701,0,0.0,0.0,0.0,HOLD_CASH
2019-07-09,18,CB,FIS,134.3157,111.0007,-1.6014,0,0.0,0.0,0.0,HOLD_CASH
2019-07-10,18,CB,FIS,134.2258,110.9308,-1.4218,0,0.0,0.0,0.0,HOLD_CASH
2019-07-11,18,CB,FIS,133.9108,111.7174,-1.6996,0,0.0,0.0,0.0,HOLD_CASH
2019-07-12,18,CB,FIS,134.4237,113.0634,-1.8332,0,0.0,0.0,0.0,HOLD_CASH
2019-07-15,18,CB,FIS,136.2146,113.9374,-1.4076,0,0.0,0.0,0.0,HOLD_CASH
2019-07-16,18,CB,FIS,136.2866,113.3692,-1.0286,0,0.0,0.0,0.0,HOLD_CASH
2019-07-17,18,CB,FIS,135.3957,114.1471,-1.4792,0,0.0,0.0,0.0,HOLD_CASH
2019-07-18,18,CB,FIS,135.5576,114.7852,-1.4806,0,0.0,0.0,0.0,HOLD_CASH
2019-07-19,18,CB,FIS,133.4428,113.3955,-1.4451,0,0.0,0.0,0.0,HOLD_CASH
2019-07-22,18,CB,FIS,133.0018,114.5754,-1.7514,0,0.0,0.0,0.0,HOLD_CASH
2019-07-23,18,CB,FIS,132.0569,114.5492,-1.836,0,0.0,0.0,0.0,HOLD_CASH
2019-07-24,18,CB,FIS,136.4126,113.7276,-0.1859,0,0.0,0.0,0.0,HOLD_CASH
2019-07-25,18,CB,FIS,135.8996,115.7903,-1.1059,0,0.0,0.0,0.0,HOLD_CASH
2019-07-26,18,CB,FIS,137.6635,118.5259,-1.5082,0,0.0,0.0,0.0,HOLD_CASH
2019-07-29,18,CB,FIS,137.9425,119.4874,-1.6486,0,0.0,0.0,0.0,HOLD_CASH
2019-07-30,18,CB,FIS,137.9695,116.8478,-0.4216,0,0.0,0.0,0.0,HOLD_CASH
2019-07-31,18,CB,FIS,137.5465,116.4633,-0.335,0,0.0,0.0,0.0,HOLD_CASH
2019-08-01,18,CB,FIS,136.0346,114.6803,-0.0022,0,0.0,0.0,0.0,HOLD_CASH
2019-08-02,18,CB,FIS,137.0336,113.7626,1.0008,0,0.0,0.0,0.0,HOLD_CASH
2019-08-05,18,CB,FIS,133.6318,110.0829,1.486,0,0.0,0.0,0.0,HOLD_CASH
2019-08-06,18,CB,FIS,136.8716,114.4268,0.6107,0,0.0,0.0,0.0,HOLD_CASH
2019-08-07,18,CB,FIS,138.7255,117.5383,-0.1975,0,0.0,0.0,0.0,HOLD_CASH
2019-08-08,18,CB,FIS,141.9922,119.2077,0.4681,0,0.0,0.0,0.0,HOLD_CASH
2019-08-09,18,CB,FIS,143.6481,119.3038,1.1439,0,0.0,0.0,0.0,HOLD_CASH
2019-08-12,18,CB,FIS,141.3263,115.7816,1.8309,0,0.0,0.0,0.0,HOLD_CASH
2019-08-13,18,CB,FIS,142.9371,117.8617,1.3571,0,0.0,0.0,0.0,HOLD_CASH
2019-08-14,18,CB,FIS,137.4116,114.217,0.816,0,0.0,0.0,0.0,HOLD_CASH
2019-08-15,18,CB,FIS,138.5274,117.9404,-0.5825,0,0.0,0.0,0.0,HOLD_CASH
2019-08-16,18,CB,FIS,139.8504,120.8859,-1.3565,0,0.0,0.0,0.0,HOLD_CASH
2019-08-19,18,CB,FIS,140.1563,121.3928,-1.4239,0,0.0,0.0,0.0,HOLD_CASH
2019-08-20,18,CB,FIS,139.2024,122.0308,-1.9536,0,0.0,0.0,0.0,HOLD_CASH
2019-08-21,18,CB,FIS,139.4454,120.7897,-1.1955,0,0.0,0.0,0.0,HOLD_CASH
2019-08-22,18,CB,FIS,139.6884,120.5887,-0.9674,0,0.0,0.0,0.0,HOLD_CASH
2019-08-23,18,CB,FIS,137.8885,117.5296,-0.3688,0,0.0,0.0,0.0,HOLD_CASH
2019-08-26,18,CB,FIS,139.6794,118.5609,-0.2187,0,0.0,0.0,0.0,HOLD_CASH
2019-08-27,18,CB,FIS,139.9674,119.5049,-0.5008,0,0.0,0.0,0.0,HOLD_CASH
2019-08-28,18,CB,FIS,141.2903,119.7496,-0.1163,0,0.0,0.0,0.0,HOLD_CASH
2019-08-29,18,CB,FIS,141.6232,120.0293,-0.1014,0,0.0,0.0,0.0,HOLD_CASH
2019-08-30,18,CB,FIS,140.6423,119.0591,0.01,0,0.0,0.0,0.0,HOLD_CASH
2019-09-03,18,CB,FIS,142.6942,119.3651,0.7203,0,0.0,0.0,0.0,HOLD_CASH
2019-09-04,18,CB,FIS,143.8551,120.3702,0.7083,0,0.0,0.0,0.0,HOLD_CASH
2019-09-05,18,CB,FIS,144.557,121.5326,0.4185,0,0.0,0.0,0.0,HOLD_CASH
2019-09-06,18,CB,FIS,144.917,120.3265,1.0562,0,0.0,0.0,0.0,HOLD_CASH
2019-09-09,18,CB,FIS,144.224,116.979,2.0481,-1,0.0,-0.5,-0.5,ENTER_SHORT_A
2019-09-10,18,CB,FIS,143.3781,114.8114,2.3485,-1,-3.1661,-0.5,-3.6661,HOLDING
2019-09-11,18,CB,FIS,143.7561,114.7502,2.1515,-1,-3.9521,-0.5,-4.4521,HOLDING
2019-09-12,18,CB,FIS,144.0801,116.9411,1.3845,-1,0.1686,-0.5,-0.3314,HOLDING
2019-09-13,18,CB,FIS,143.0632,114.6976,1.6099,-1,-2.8633,-0.5,-3.3633,HOLDING
2019-09-16,18,CB,FIS,142.6852,116.6081,0.853,-1,1.8749,-0.5,1.3749,HOLDING
2019-09-17,18,CB,FIS,143.7381,117.7912,0.6782,-1,2.5782,-0.5,2.0782,HOLDING
2019-09-18,18,CB,FIS,143.5311,116.4591,0.959,-1,0.09,-0.5,-0.41,HOLDING
2019-09-19,18,CB,FIS,143.3141,117.3442,0.5337,-1,2.3579,-0.5,1.8579,HOLDING
2019-09-20,18,CB,FIS,142.5726,115.5126,0.8872,-1,-0.2712,-0.5,-0.7712,HOLDING
2019-09-23,18,CB,FIS,142.5998,115.2585,0.9006,-1,-0.8614,-0.5,-1.3614,HOLDING
2019-09-24,18,CB,FIS,143.6216,116.4679,0.6743,-1,-0.048,-0.5,-0.548,HOLDING
2019-09-25,18,CB,FIS,143.5763,117.02,0.3617,-1,1.2104,-0.5,0.7104,HOLDING
2019-09-26,18,CB,FIS,145.0863,116.9236,0.8533,-1,-1.6131,-0.5,-2.1131,HOLDING
2019-09-27,18,CB,FIS,145.1315,114.5223,1.8015,-1,-6.8232,-0.5,-7.3232,HOLDING
2019-09-30,18,CB,FIS,145.9724,116.3452,1.1934,-1,-4.3851,-0.5,-4.8851,HOLDING
2019-10-01,18,CB,FIS,143.4317,115.0306,0.7542,-1,-2.7903,-0.5,-3.2903,HOLDING
2019-10-02,18,CB,FIS,141.786,113.3831,0.8675,-1,-3.4588,-0.5,-3.9588,HOLDING
2019-10-03,18,CB,FIS,141.4605,113.8213,0.3699,-1,-1.958,-0.5,-2.458,HOLDING
2019-10-04,18,CB,FIS,146.533,115.1621,2.1851,-1,-7.8852,-0.5,-8.3852,HOLDING
2019-10-07,18,CB,FIS,144.3629,114.426,1.2922,-1,-5.6969,-0.5,-6.1969,HOLDING
2019-10-08,18,CB,FIS,140.5834,113.5145,-0.2234,-1,-1.0933,-0.5,-1.5933,HOLDING
2019-10-09,18,CB,FIS,141.777,115.3549,-0.7821,-1,0.7709,-0.5,0.2709,HOLDING
2019-10-10,18,CB,FIS,140.5021,115.276,-1.3721,-1,2.8123,-0.5,2.3123,HOLDING
2019-10-11,18,CB,FIS,140.2398,115.7054,-1.5906,-1,4.1846,-0.5,3.6846,HOLDING
2019-10-14,18,CB,FIS,140.5473,116.3276,-1.6727,-1,4.9814,-0.5,4.4814,HOLDING
2019-10-15,18,CB,FIS,140.3393,116.389,-1.6731,-1,5.473,-0.5,4.973,HOLDING
2019-10-16,18,CB,FIS,139.8329,115.4688,-1.2695,-1,4.3842,-0.5,3.8842,HOLDING
2019-10-17,18,CB,FIS,138.3591,114.3909,-1.2743,-1,4.6353,-0.5,4.1353,HOLDING
2019-10-18,18,CB,FIS,138.0608,112.4629,-0.3464,-1,1.0321,-0.5,0.5321,HOLDING
2019-10-21,18,CB,FIS,138.6123,112.9011,-0.3161,-1,1.0125,-0.5,0.5125,HOLDING
2019-10-22,18,CB,FIS,134.2722,109.9303,-0.595,-1,2.1866,-0.5,1.6866,HOLDING
2019-10-23,18,CB,FIS,135.7732,111.2711,-0.6339,-1,2.4503,-0.5,1.9503,HOLDING
2019-10-24,18,CB,FIS,136.6412,113.2341,-1.1733,-1,5.141,-0.5,4.641,HOLDING
2019-10-25,18,CB,FIS,134.8509,113.3305,-1.7779,-1,8.4503,-0.5,7.9503,HOLDING
2019-10-28,18,CB,FIS,134.0371,114.1192,-2.1137,-1,11.5466,-0.5,11.0466,HOLDING
2019-10-29,18,CB,FIS,134.3897,114.5749,-1.8694,-1,11.9092,-0.5,11.4092,HOLDING
2019-10-30,18,CB,FIS,138.6756,115.6441,-0.7331,-1,6.765,-0.5,6.265,HOLDING
2019-10-31,18,CB,FIS,137.8166,115.4688,-0.8709,-1,7.8793,-0.5,7.3793,HOLDING
2019-11-01,18,CB,FIS,136.0263,117.5633,-2.2006,-1,15.4588,-0.5,14.9588,HOLDING
2019-11-04,18,CB,FIS,133.5669,114.8028,-1.8023,-1,13.8224,-0.5,13.3224,HOLDING
2019-11-05,18,CB,FIS,134.5706,115.8457,-1.6804,-1,14.3114,-0.5,13.8114,HOLDING
2019-11-06,18,CB,FIS,137.5996,114.7064,0.0329,-1,6.626,-0.5,6.126,HOLDING
2019-11-07,18,CB,FIS,138.2687,115.9859,-0.2471,-1,8.2007,-0.5,7.7007,HOLDING
2019-11-08,18,CB,FIS,136.9938,114.5311,-0.0277,-1,7.3017,-0.5,6.8017,HOLDING
2019-11-11,18,CB,FIS,136.822,115.9946,-0.7281,-1,10.7271,-0.5,10.2271,HOLDING
2019-11-12,18,CB,FIS,136.8943,116.2225,-0.7361,-1,11.0888,-0.5,10.5888,HOLDING
2019-11-13,18,CB,FIS,137.7171,117.2741,-0.815,-1,11.91,-0.5,11.41,HOLDING
2019-11-14,18,CB,FIS,136.8491,118.7464,-1.6069,-1,16.561,-0.5,16.061,HOLDING
2019-11-15,18,CB,FIS,136.7949,119.0268,-1.5862,-1,17.2544,-0.5,16.7544,HOLDING
2019-11-18,18,CB,FIS,138.1783,120.096,-1.4188,-1,17.1412,-0.5,16.6412,HOLDING
2019-11-19,18,CB,FIS,138.1873,120.6394,-1.5273,-1,18.2868,-0.5,17.7868,HOLDING
2019-11-20,18,CB,FIS,137.898,120.4728,-1.4699,-1,18.4325,-0.5,17.9325,HOLDING
2019-11-21,18,CB,FIS,135.6014,119.5965,-1.8017,-1,20.5407,-0.5,20.0407,HOLDING
2019-11-22,18,CB,FIS,136.6502,118.7114,-0.849,-1,16.8309,-0.5,16.3309,HOLDING
2019-11-25,18,CB,FIS,135.6014,119.9558,-1.6442,-1,21.3085,-0.5,20.8085,HOLDING
2019-11-26,18,CB,FIS,137.2289,120.5342,-1.147,-1,19.7235,-0.5,19.2235,HOLDING
2019-11-27,18,CB,FIS,137.5092,121.3141,-1.2554,-1,20.9044,-0.5,20.4044,HOLDING
2019-11-29,18,CB,FIS,136.9666,121.0687,-1.2371,-1,21.3205,-0.5,20.8205,HOLDING
2019-12-02,18,CB,FIS,135.4295,118.9567,-0.8415,-1,19.4712,-0.5,18.9712,HOLDING
2019-12-03,18,CB,FIS,135.0679,119.3774,-1.06,-1,20.9971,-0.5,20.4971,HOLDING
2019-12-04,18,CB,FIS,136.5869,118.9567,-0.2862,-1,17.465,-0.5,16.965,HOLDING
2019-12-05,18,CB,FIS,135.8907,119.9996,-0.9207,-1,0.0,19.9086,19.9086,PERIOD_END_EXIT
2019-06-10,19,EXC,NEE,27.8358,43.0766,0.0,0,0.0,0.0,0.0,HOLD_CASH
2019-06-11,19,EXC,NEE,27.6336,42.7695,0.0,0,0.0,0.0,0.0,HOLD_CASH
2019-06-12,19,EXC,NEE,28.3299,43.3159,0.0,0,0.0,0.0,0.0,HOLD_CASH
2019-06-13,19,EXC,NEE,28.1727,43.3625,0.0,0,0.0,0.0,0.0,HOLD_CASH
2019-06-14,19,EXC,NEE,28.5265,43.8262,0.0,0,0.0,0.0,0.0,HOLD_CASH
2019-06-17,19,EXC,NEE,28.3299,43.7013,0.0,0,0.0,0.0,0.0,HOLD_CASH
2019-06-18,19,EXC,NEE,28.0211,43.5001,0.0,0,0.0,0.0,0.0,HOLD_CASH
2019-06-19,19,EXC,NEE,28.0772,43.6738,0.0,0,0.0,0.0,0.0,HOLD_CASH
2019-06-20,19,EXC,NEE,28.212,43.7034,0.0,0,0.0,0.0,0.0,HOLD_CASH
2019-06-21,19,EXC,NEE,28.3019,43.9511,0.0,0,0.0,0.0,0.0,HOLD_CASH
2019-06-24,19,EXC,NEE,28.1671,44.0888,0.0,0,0.0,0.0,0.0,HOLD_CASH
2019-06-25,19,EXC,NEE,27.5382,43.6695,0.0,0,0.0,0.0,0.0,HOLD_CASH
2019-06-26,19,EXC,NEE,26.8362,43.0025,0.0,0,0.0,0.0,0.0,HOLD_CASH
2019-06-27,19,EXC,NEE,26.7071,43.3159,0.0,0,0.0,0.0,0.0,HOLD_CASH
2019-06-28,19,EXC,NEE,26.9205,43.3815,0.0,0,0.0,0.0,0.0,HOLD_CASH
2019-07-01,19,EXC,NEE,26.9822,43.2036,0.0,0,0.0,0.0,0.0,HOLD_CASH
2019-07-02,19,EXC,NEE,27.4202,43.9745,0.0,0,0.0,0.0,0.0,HOLD_CASH
2019-07-03,19,EXC,NEE,27.5325,44.201,0.0,0,0.0,0.0,0.0,HOLD_CASH
2019-07-05,19,EXC,NEE,27.628,44.0697,0.0,0,0.0,0.0,0.0,HOLD_CASH
2019-07-08,19,EXC,NEE,27.3865,44.2857,-1.4012,0,0.0,0.0,0.0,HOLD_CASH
2019-07-09,19,EXC,NEE,27.5045,44.0803,-0.8596,0,0.0,0.0,0.0,HOLD_CASH
2019-07-10,19,EXC,NEE,27.7235,44.3599,-0.701,0,0.0,0.0,0.0,HOLD_CASH
2019-07-11,19,EXC,NEE,27.8189,44.5547,-0.6733,0,0.0,0.0,0.0,HOLD_CASH
2019-07-12,19,EXC,NEE,27.5494,44.201,-0.6913,0,0.0,0.0,0.0,HOLD_CASH
2019-07-15,19,EXC,NEE,27.4483,44.2264,-0.861,0,0.0,0.0,0.0,HOLD_CASH
2019-07-16,19,EXC,NEE,27.1788,44.021,-1.1031,0,0.0,0.0,0.0,HOLD_CASH
2019-07-17,19,EXC,NEE,27.2911,44.4509,-1.3566,0,0.0,0.0,0.0,HOLD_CASH
2019-07-18,19,EXC,NEE,27.3809,44.9697,-1.7436,0,0.0,0.0,0.0,HOLD_CASH
2019-07-19,19,EXC,NEE,26.7127,44.4128,-2.3114,1,0.0,-0.5,-0.5,ENTER_LONG_A
2019-07-22,19,EXC,NEE,26.5498,44.3344,-2.3398,1,-1.0829,-0.5,-1.5829,HOLDING
2019-07-23,19,EXC,NEE,26.0332,43.8982,-2.5065,1,-3.4624,-0.5,-3.9624,HOLDING
2019-07-24,19,EXC,NEE,25.5391,44.4827,-3.0539,1,-11.3772,-0.5,-11.8772,HOLDING
2019-07-25,19,EXC,NEE,25.9041,43.9681,-1.657,1,-5.0645,-0.5,-5.5645,HOLDING
2019-07-26,19,EXC,NEE,25.73,44.2942,-1.8983,1,-8.5294,-0.5,-9.0294,HOLDING
2019-07-29,19,EXC,NEE,25.8591,44.7622,-1.7996,1,-9.955,-0.5,-10.455,HOLDING
2019-07-30,19,EXC,NEE,25.8591,44.3408,-1.3215,1,-7.5829,-0.5,-8.0829,HOLDING
2019-07-31,19,EXC,NEE,25.3032,43.8707,-1.4905,1,-10.1394,-0.5,-10.6394,HOLDING
2019-08-01,19,EXC,NEE,24.9326,44.525,-2.0286,1,-17.2913,-0.5,-17.7913,HOLDING
2019-08-02,19,EXC,NEE,25.1291,44.7686,-1.7168,1,-16.8228,-0.5,-17.3228,HOLDING
2019-08-05,19,EXC,NEE,24.9438,44.057,-1.3269,1,-14.5519,-0.5,-15.0519,HOLDING
2019-08-06,19,EXC,NEE,25.3874,44.7664,-1.1631,1,-14.3934,-0.5,-14.8934,HOLDING
2019-08-07,19,EXC,NEE,25.2751,45.0777,-1.3264,1,-17.1967,-0.5,-17.6967,HOLDING
2019-08-08,19,EXC,NEE,25.5054,45.5754,-1.26,1,-17.8432,-0.5,-18.3432,HOLDING
2019-08-09,19,EXC,NEE,25.3818,45.8422,-1.4208,1,-20.5013,-0.5,-21.0013,HOLDING
2019-08-12,19,EXC,NEE,25.3818,45.6241,-1.1961,1,-19.2735,-0.5,-19.7735,HOLDING
2019-08-13,19,EXC,NEE,25.5615,45.6601,-0.942,1,-17.7945,-0.5,-18.2945,HOLDING
2019-08-14,19,EXC,NEE,25.1783,45.5203,-1.2459,1,-20.5942,-0.5,-21.0942,HOLDING
2019-08-15,19,EXC,NEE,25.2745,45.9841,-1.3803,1,-22.3041,-0.5,-22.8041,HOLDING
2019-08-16,19,EXC,NEE,25.5462,46.0645,-0.9865,1,-20.2142,-0.5,-20.7142,HOLDING
2019-08-19,19,EXC,NEE,25.6311,46.3674,-1.0565,1,-21.1241,-0.5,-21.6241,HOLDING
2019-08-20,19,EXC,NEE,25.5915,46.4034,-1.0958,1,-21.6976,-0.5,-22.1976,HOLDING
2019-08-21,19,EXC,NEE,25.7217,46.8544,-1.1833,1,-23.0182,-0.5,-23.5182,HOLDING
2019-08-22,19,EXC,NEE,25.767,46.9306,-1.1266,1,-23.0234,-0.5,-23.5234,HOLDING
2019-08-23,19,EXC,NEE,25.4047,46.9899,-1.7547,1,-26.7478,-0.5,-27.2478,HOLDING
2019-08-26,19,EXC,NEE,25.8576,47.3542,-1.1434,1,-24.5599,-0.5,-25.0599,HOLDING
2019-08-27,19,EXC,NEE,26.1746,47.4368,-0.5069,1,-22.0581,-0.5,-22.5581,HOLDING
2019-08-28,19,EXC,NEE,26.2821,47.1024,0.4452,1,-19.1695,-0.5,-19.6695,HOLDING
2019-08-29,19,EXC,NEE,26.4633,47.0875,1.014,1,-17.3903,-0.5,-17.8903,HOLDING
2019-08-30,19,EXC,NEE,26.7519,46.6531,2.2422,1,-12.2432,-0.5,-12.7432,HOLDING
2019-09-03,19,EXC,NEE,27.1256,48.033,1.1744,1,-16.5143,-0.5,-17.0143,HOLDING
2019-09-04,19,EXC,NEE,27.1708,47.7264,1.704,1,-14.3644,-0.5,-14.8644,HOLDING
2019-09-05,19,EXC,NEE,27.2388,46.8085,2.533,1,-8.5623,-0.5,-9.0623,HOLDING
2019-09-06,19,EXC,NEE,27.2388,46.8788,2.053,1,-8.9579,-0.5,-9.4579,HOLDING
2019-09-09,19,EXC,NEE,27.1878,46.8256,1.7374,1,-9.1349,-0.5,-9.6349,HOLDING
2019-09-10,19,EXC,NEE,27.3689,46.4487,2.0137,1,-5.3181,-0.5,-5.8181,HOLDING
2019-09-11,19,EXC,NEE,27.584,46.8618,1.7118,1,-5.6303,-0.5,-6.1303,HOLDING
2019-09-12,19,EXC,NEE,27.1029,47.0066,0.856,1,-10.9485,-0.5,-11.4485,HOLDING
2019-09-13,19,EXC,NEE,26.7576,46.5275,0.6847,1,-11.4829,-0.5,-11.9829,HOLDING
2019-09-16,19,EXC,NEE,26.8199,46.4891,0.7266,1,-10.6846,-0.5,-11.1846,HOLDING
2019-09-17,19,EXC,NEE,26.7689,47.3218,-0.0461,1,-15.8482,-0.5,-16.3482,HOLDING
2019-09-18,19,EXC,NEE,27.1369,47.6795,0.1296,1,-14.4186,-0.5,-14.9186,HOLDING
2019-09-19,19,EXC,NEE,27.0576,47.8925,-0.224,1,-16.3589,-0.5,-16.8589,HOLDING
2019-09-20,19,EXC,NEE,27.4256,48.0671,0.106,1,-13.8983,-0.5,-14.3983,HOLDING
2019-09-23,19,EXC,NEE,27.3463,47.9734,-0.0574,1,-14.1127,-0.5,-14.6127,HOLDING
2019-09-24,19,EXC,NEE,27.6237,48.6612,-0.4274,1,-15.3885,-0.5,-15.8885,HOLDING
2019-09-25,19,EXC,NEE,27.7425,48.8444,-0.5497,1,-15.3069,-0.5,-15.8069,HOLDING
2019-09-26,19,EXC,NEE,27.8388,49.3448,-1.1045,1,-17.2233,-0.5,-17.7233,HOLDING
2019-09-27,19,EXC,NEE,27.4991,49.2468,-1.7518,1,-19.8503,-0.5,-20.3503,HOLDING
2019-09-30,19,EXC,NEE,27.3463,49.6152,-2.1641,1,-23.3546,-0.5,-23.8546,HOLDING
2019-10-01,19,EXC,NEE,27.1595,49.4108,-2.0081,1,-23.952,-0.5,-24.452,HOLDING
2019-10-02,19,EXC,NEE,26.9557,48.789,-1.5436,1,-22.3591,-0.5,-22.8591,HOLDING
2019-10-03,19,EXC,NEE,27.0123,49.0147,-1.4812,1,-23.0998,-0.5,-23.5998,HOLDING
2019-10-04,19,EXC,NEE,27.4256,49.743,-1.3105,1,-23.3321,-0.5,-23.8321,HOLDING
2019-10-07,19,EXC,NEE,27.4312,49.5215,-0.9887,1,-22.0325,-0.5,-22.5325,HOLDING
2019-10-08,19,EXC,NEE,27.0406,48.9721,-1.0716,1,-22.5952,-0.5,-23.0952,HOLDING
2019-10-09,19,EXC,NEE,27.1199,49.694,-1.606,1,-25.9171,-0.5,-26.4171,HOLDING
2019-10-10,19,EXC,NEE,26.8425,49.4044,-1.6559,1,-26.8828,-0.5,-27.3828,HOLDING
2019-10-11,19,EXC,NEE,26.8935,48.8806,-0.8816,1,-23.4572,-0.5,-23.9572,HOLDING
2019-10-14,19,EXC,NEE,26.667,48.7443,-1.1249,1,-24.8091,-0.5,-25.3091,HOLDING
2019-10-15,19,EXC,NEE,26.6387,48.4547,-0.7453,1,-23.4437,-0.5,-23.9437,HOLDING
2019-10-16,19,EXC,NEE,25.4217,48.9593,-2.9879,1,-37.6746,-0.5,-38.1746,HOLDING
2019-10-17,19,EXC,NEE,24.9406,49.2106,-2.8922,1,-43.5921,-0.5,-44.0921,HOLDING
2019-10-18,19,EXC,NEE,25.2859,49.5066,-2.1785,1,-42.0268,-0.5,-42.5268,HOLDING
2019-10-21,19,EXC,NEE,25.3085,49.5748,-1.8917,1,-42.1983,-0.5,-42.6983,HOLDING
2019-10-22,19,EXC,NEE,25.6142,50.3073,-1.7243,1,-43.4612,-0.5,-43.9612,HOLDING
2019-10-23,19,EXC,NEE,25.8406,50.2562,-1.3137,1,-41.0543,-0.5,-41.5543,HOLDING
2019-10-24,19,EXC,NEE,26.1406,50.5863,-1.0678,1,-40.1047,-0.5,-40.6047,HOLDING
2019-10-25,19,EXC,NEE,25.9764,50.4436,-1.0548,1,-40.8378,-0.5,-41.3378,HOLDING
2019-10-28,19,EXC,NEE,25.8123,49.6663,-0.7189,1,-37.9989,-0.5,-38.4989,HOLDING
2019-10-29,19,EXC,NEE,25.9595,49.5322,-0.4217,1,-35.8663,-0.5,-36.3663,HOLDING
2019-10-30,19,EXC,NEE,26.4123,50.1412,-0.2148,1,-35.0565,-0.5,-35.5565,HOLDING
2019-10-31,19,EXC,NEE,25.75,50.7545,-1.1986,1,-44.707,-0.5,-45.207,HOLDING
2019-11-01,19,EXC,NEE,25.6651,50.1945,-0.8784,1,-42.349,-0.5,-42.849,HOLDING
2019-11-04,19,EXC,NEE,25.1896,48.8933,-0.5747,1,-39.4751,-0.5,-39.9751,HOLDING
2019-11-05,19,EXC,NEE,25.3481,48.3631,0.065,1,-35.007,-0.5,-35.507,HOLDING
2019-11-06,19,EXC,NEE,25.3708,48.444,0.1167,1,-35.2506,-0.5,-35.7506,HOLDING
2019-11-07,19,EXC,NEE,25.3028,47.507,0.8151,1,-30.612,-0.5,-31.112,HOLDING
2019-11-08,19,EXC,NEE,25.3085,47.292,1.1616,1,-29.3483,-0.5,-29.8483,HOLDING
2019-11-11,19,EXC,NEE,24.9179,47.3218,0.6271,1,-33.1716,-0.5,-33.6716,HOLDING
2019-11-12,19,EXC,NEE,25.0877,47.5347,1.0597,1,-32.781,-0.5,-33.281,HOLDING
2019-11-13,19,EXC,NEE,25.1896,48.5335,0.0303,1,-37.4494,-0.5,-37.9494,HOLDING
2019-11-14,19,EXC,NEE,25.471,48.9508,0.1125,1,-37.1655,-0.5,-37.6655,HOLDING
2019-11-15,19,EXC,NEE,25.6936,49.2809,0.1808,1,-36.9404,-0.5,-37.4404,HOLDING
2019-11-18,19,EXC,NEE,25.9161,49.4385,0.4768,1,-35.7444,-0.5,-36.2444,HOLDING
2019-11-19,19,EXC,NEE,25.8933,49.545,0.1847,1,-36.5574,-0.5,-37.0574,HOLDING
2019-11-20,19,EXC,NEE,25.8876,50.0901,-0.6909,1,-39.6794,-0.5,-40.1794,HOLDING
2019-11-21,19,EXC,NEE,25.334,50.0731,-2.0079,1,-44.7645,-0.5,-45.2645,HOLDING
2019-11-22,19,EXC,NEE,25.3568,49.6983,-1.3488,1,-42.4412,-0.5,-42.9412,HOLDING
2019-11-25,19,EXC,NEE,25.2085,49.5237,-1.3607,1,-42.847,-0.5,-43.347,HOLDING
2019-11-26,19,EXC,NEE,25.1171,50.0262,-1.8843,1,-46.5305,-0.5,-47.0305,HOLDING
2019-11-27,19,EXC,NEE,25.2655,49.8978,-1.2588,1,-44.4187,-0.5,-44.9187,HOLDING
2019-11-29,19,EXC,NEE,25.3397,50.0583,-1.2582,1,-44.6282,-0.5,-45.1282,HOLDING
2019-12-02,19,EXC,NEE,25.0601,49.5081,-1.1996,1,-44.1483,-0.5,-44.6483,HOLDING
2019-12-03,19,EXC,NEE,25.2598,49.7179,-0.9421,1,-43.4598,-0.5,-43.9598,HOLDING
2019-12-04,19,EXC,NEE,25.4196,50.1525,-0.9665,1,-44.4106,-0.5,-44.9106,HOLDING
2019-12-05,19,EXC,NEE,25.6022,50.2168,-0.5977,1,0.0,-44.0853,-44.0853,PERIOD_END_EXIT
2019-06-10,20,CPT,FISV,84.0735,90.58,0.0,0,0.0,0.0,0.0,HOLD_CASH
2019-06-11,20,CPT,FISV,83.9221,89.64,0.0,0,0.0,0.0,0.0,HOLD_CASH
2019-06-12,20,CPT,FISV,84.743,89.77,0.0,0,0.0,0.0,0.0,HOLD_CASH
2019-06-13,20,CPT,FISV,84.7111,88.66,0.0,0,0.0,0.0,0.0,HOLD_CASH
2019-06-14,20,CPT,FISV,84.6155,89.2,0.0,0,0.0,0.0,0.0,HOLD_CASH
2019-06-17,20,CPT,FISV,85.6357,88.97,0.0,0,0.0,0.0,0.0,HOLD_CASH
2019-06-18,20,CPT,FISV,85.0299,89.1,0.0,0,0.0,0.0,0.0,HOLD_CASH
2019-06-19,20,CPT,FISV,85.3169,90.0,0.0,0,0.0,0.0,0.0,HOLD_CASH
2019-06-20,20,CPT,FISV,85.819,91.69,0.0,0,0.0,0.0,0.0,HOLD_CASH
2019-06-21,20,CPT,FISV,84.6235,91.48,0.0,0,0.0,0.0,0.0,HOLD_CASH
2019-06-24,20,CPT,FISV,84.4322,90.81,0.0,0,0.0,0.0,0.0,HOLD_CASH
2019-06-25,20,CPT,FISV,84.3365,90.28,0.0,0,0.0,0.0,0.0,HOLD_CASH
2019-06-26,20,CPT,FISV,83.109,90.19,0.0,0,0.0,0.0,0.0,HOLD_CASH
2019-06-27,20,CPT,FISV,83.2536,90.83,0.0,0,0.0,0.0,0.0,HOLD_CASH
2019-06-28,20,CPT,FISV,83.848,91.16,0.0,0,0.0,0.0,0.0,HOLD_CASH
2019-07-01,20,CPT,FISV,84.1613,92.51,0.0,0,0.0,0.0,0.0,HOLD_CASH
2019-07-02,20,CPT,FISV,85.5267,93.59,0.0,0,0.0,0.0,0.0,HOLD_CASH
2019-07-03,20,CPT,FISV,86.5227,94.23,0.0,0,0.0,0.0,0.0,HOLD_CASH
2019-07-05,20,CPT,FISV,86.2898,94.46,0.0,0,0.0,0.0,0.0,HOLD_CASH
2019-07-08,20,CPT,FISV,86.9886,93.58,-0.1649,0,0.0,0.0,0.0,HOLD_CASH
2019-07-09,20,CPT,FISV,87.5268,93.84,0.0239,0,0.0,0.0,0.0,HOLD_CASH
2019-07-10,20,CPT,FISV,88.4585,93.86,0.6215,0,0.0,0.0,0.0,HOLD_CASH
2019-07-11,20,CPT,FISV,87.583,93.69,0.1688,0,0.0,0.0,0.0,HOLD_CASH
2019-07-12,20,CPT,FISV,87.3179,94.51,-0.4655,0,0.0,0.0,0.0,HOLD_CASH
2019-07-15,20,CPT,FISV,87.5026,94.75,-0.4226,0,0.0,0.0,0.0,HOLD_CASH
2019-07-16,20,CPT,FISV,87.1573,93.91,0.0334,0,0.0,0.0,0.0,HOLD_CASH
2019-07-17,20,CPT,FISV,86.852,94.11,-0.3312,0,0.0,0.0,0.0,HOLD_CASH
2019-07-18,20,CPT,FISV,86.9725,96.87,-2.4976,1,0.0,-0.5,-0.5,ENTER_LONG_A
2019-07-19,20,CPT,FISV,85.2215,95.39,-2.3596,1,-1.2137,-0.5,-1.7137,HOLDING
2019-07-22,20,CPT,FISV,84.8119,95.3,-2.1633,1,-2.159,-0.5,-2.659,HOLDING
2019-07-23,20,CPT,FISV,86.0328,95.3,-1.1036,1,1.3504,-0.5,0.8504,HOLDING
2019-07-24,20,CPT,FISV,85.9765,94.17,-0.3133,1,4.1052,-0.5,3.6052,HOLDING
2019-07-25,20,CPT,FISV,86.4344,96.36,-1.3323,1,-0.2308,-0.5,-0.7308,HOLDING
2019-07-26,20,CPT,FISV,85.0689,102.3,-3.4315,1,-19.4855,-0.5,-19.9855,HOLDING
2019-07-29,20,CPT,FISV,85.3179,104.64,-2.8944,1,-24.8088,-0.5,-25.3088,HOLDING
2019-07-30,20,CPT,FISV,85.2135,103.91,-2.2144,1,-23.2251,-0.5,-23.7251,HOLDING
2019-07-31,20,CPT,FISV,83.3018,105.43,-2.4082,1,-32.6428,-0.5,-33.1428,HOLDING
2019-08-01,20,CPT,FISV,83.2054,104.66,-1.9286,1,-30.9327,-0.5,-31.4327,HOLDING
2019-08-02,20,CPT,FISV,83.4866,104.32,-1.5863,1,-29.2471,-0.5,-29.7471,HOLDING
2019-08-05,20,CPT,FISV,81.7195,100.45,-1.1876,1,-24.3389,-0.5,-24.8389,HOLDING
2019-08-06,20,CPT,FISV,83.3179,103.02,-1.1551,1,-26.3769,-0.5,-26.8769,HOLDING
2019-08-07,20,CPT,FISV,83.4705,104.97,-1.2836,1,-30.9708,-0.5,-31.4708,HOLDING
2019-08-08,20,CPT,FISV,84.5388,105.43,-1.0473,1,-29.0873,-0.5,-29.5873,HOLDING
2019-08-09,20,CPT,FISV,84.9645,105.3,-0.8583,1,-27.5281,-0.5,-28.0281,HOLDING
2019-08-12,20,CPT,FISV,84.8119,104.21,-0.6416,1,-25.1537,-0.5,-25.6537,HOLDING
2019-08-13,20,CPT,FISV,84.7316,105.78,-0.8292,1,-29.4363,-0.5,-29.9363,HOLDING
2019-08-14,20,CPT,FISV,82.7476,102.4,-0.5987,1,-26.4162,-0.5,-26.9162,HOLDING
2019-08-15,20,CPT,FISV,84.3942,105.49,-0.712,1,-29.6576,-0.5,-30.1576,HOLDING
2019-08-16,20,CPT,FISV,85.2858,107.26,-0.7556,1,-31.6628,-0.5,-32.1628,HOLDING
2019-08-19,20,CPT,FISV,86.0328,107.75,-0.5927,1,-30.7802,-0.5,-31.2802,HOLDING
2019-08-20,20,CPT,FISV,85.8882,106.99,-0.3921,1,-29.2344,-0.5,-29.7344,HOLDING
2019-08-21,20,CPT,FISV,86.4183,107.56,-0.2838,1,-29.1817,-0.5,-29.6817,HOLDING
2019-08-22,20,CPT,FISV,86.5308,108.16,-0.5054,1,-30.4068,-0.5,-30.9068,HOLDING
2019-08-23,20,CPT,FISV,85.4384,104.68,1.4383,1,-24.5658,-0.5,-25.0658,HOLDING
2019-08-26,20,CPT,FISV,86.1854,106.38,0.7729,1,-26.8058,-0.5,-27.3058,HOLDING
2019-08-27,20,CPT,FISV,86.1934,106.98,0.3418,1,-28.3313,-0.5,-28.8313,HOLDING
2019-08-28,20,CPT,FISV,86.7235,106.75,1.2104,1,-26.2138,-0.5,-26.7138,HOLDING
2019-08-29,20,CPT,FISV,86.9886,107.64,0.4928,1,-27.7488,-0.5,-28.2488,HOLDING
2019-08-30,20,CPT,FISV,86.9485,106.94,1.1498,1,-26.0576,-0.5,-26.5576,HOLDING
2019-09-03,20,CPT,FISV,87.4384,105.84,2.5607,1,-21.8104,-0.5,-22.3104,HOLDING
2019-09-04,20,CPT,FISV,88.3219,106.29,2.472,1,-20.4322,-0.5,-20.9322,HOLDING
2019-09-05,20,CPT,FISV,87.9525,108.7,0.1128,1,-27.7138,-0.5,-28.2138,HOLDING
2019-09-06,20,CPT,FISV,89.1171,108.62,1.2285,1,-24.1596,-0.5,-24.6596,HOLDING
2019-09-09,20,CPT,FISV,88.6272,106.68,1.9551,1,-20.5613,-0.5,-21.0613,HOLDING
2019-09-10,20,CPT,FISV,88.2577,103.69,2.7841,1,-13.9068,-0.5,-14.4068,HOLDING
2019-09-11,20,CPT,FISV,87.7436,102.0,2.5861,1,-11.0229,-0.5,-11.5229,HOLDING
2019-09-12,20,CPT,FISV,87.5268,103.89,1.4117,1,-16.524,-0.5,-17.024,HOLDING
2019-09-13,20,CPT,FISV,86.5709,102.6,1.3243,1,-15.9423,-0.5,-16.4423,HOLDING
2019-09-16,20,CPT,FISV,87.9364,103.62,1.4198,1,-14.6496,-0.5,-15.1496,HOLDING
2019-09-17,20,CPT,FISV,88.9324,104.82,1.2733,1,-14.8836,-0.5,-15.3836,HOLDING
2019-09-18,20,CPT,FISV,88.9565,104.34,1.3342,1,-13.5756,-0.5,-14.0756,HOLDING
2019-09-19,20,CPT,FISV,88.6513,104.91,0.8627,1,-15.924,-0.5,-16.424,HOLDING
2019-09-20,20,CPT,FISV,88.3541,104.08,0.975,1,-14.6362,-0.5,-15.1362,HOLDING
2019-09-23,20,CPT,FISV,88.9726,105.04,0.7903,1,-15.3359,-0.5,-15.8359,HOLDING
2019-09-24,20,CPT,FISV,88.6754,103.76,1.0891,1,-12.8869,-0.5,-13.3869,HOLDING
2019-09-25,20,CPT,FISV,88.9886,103.94,1.0819,1,-12.451,-0.5,-12.951,HOLDING
2019-09-26,20,CPT,FISV,89.7838,105.07,0.9017,1,-13.0815,-0.5,-13.5815,HOLDING
2019-09-27,20,CPT,FISV,89.6705,102.61,1.8578,1,-7.0583,-0.5,-7.5583,HOLDING
2019-09-30,20,CPT,FISV,89.8081,103.59,1.3514,1,-9.1922,-0.5,-9.6922,HOLDING
2019-10-01,20,CPT,FISV,89.4521,103.15,1.2368,1,-9.0798,-0.5,-9.5798,HOLDING
2019-10-02,20,CPT,FISV,89.7029,100.96,2.1159,1,-2.707,-0.5,-3.207,HOLDING
2019-10-03,20,CPT,FISV,90.5362,103.05,1.5505,1,-5.7056,-0.5,-6.2056,HOLDING
2019-10-04,20,CPT,FISV,91.24,105.7,0.5232,1,-10.5215,-0.5,-11.0215,HOLDING
2019-10-07,20,CPT,FISV,91.0459,104.59,0.982,1,-8.215,-0.5,-8.715,HOLDING
2019-10-08,20,CPT,FISV,91.2238,103.11,1.7869,1,-3.8838,-0.5,-4.3838,HOLDING
2019-10-09,20,CPT,FISV,91.5313,104.7,0.9674,1,-7.1035,-0.5,-7.6035,HOLDING
2019-10-10,20,CPT,FISV,91.9358,105.14,0.8894,1,-7.0764,-0.5,-7.5764,HOLDING
2019-10-11,20,CPT,FISV,91.2724,105.68,0.0513,1,-10.3769,-0.5,-10.8769,HOLDING
2019-10-14,20,CPT,FISV,91.1834,106.02,-0.2751,1,-11.5102,-0.5,-12.0102,HOLDING
2019-10-15,20,CPT,FISV,90.5604,106.89,-1.2776,1,-15.5461,-0.5,-16.0461,HOLDING
2019-10-16,20,CPT,FISV,91.7821,106.55,-0.2026,1,-11.1571,-0.5,-11.6571,HOLDING
2019-10-17,20,CPT,FISV,92.2998,106.19,0.339,1,-8.7397,-0.5,-9.2397,HOLDING
2019-10-18,20,CPT,FISV,92.8176,105.67,1.009,1,-5.9094,-0.5,-6.4094,HOLDING
2019-10-21,20,CPT,FISV,93.0037,104.44,1.827,1,-2.2002,-0.5,-2.7002,HOLDING
2019-10-22,20,CPT,FISV,92.4697,100.79,2.8892,1,5.6849,-0.5,5.1849,HOLDING
2019-10-23,20,CPT,FISV,92.5911,101.1,2.266,1,5.2337,-0.5,4.7337,HOLDING
2019-10-24,20,CPT,FISV,92.3645,103.45,0.9129,1,-1.4824,-0.5,-1.9824,HOLDING
2019-10-25,20,CPT,FISV,92.0895,102.51,1.113,1,0.1529,-0.5,-0.3471,HOLDING
2019-10-28,20,CPT,FISV,91.6364,102.46,0.8151,1,-1.0203,-0.5,-1.5203,HOLDING
2019-10-29,20,CPT,FISV,91.7821,105.35,-0.4617,1,-8.0602,-0.5,-8.5602,HOLDING
2019-10-30,20,CPT,FISV,92.7124,106.3,-0.3642,1,-7.8377,-0.5,-8.3377,HOLDING
2019-10-31,20,CPT,FISV,92.5263,106.14,-0.3683,1,-7.9596,-0.5,-8.4596,HOLDING
2019-11-01,20,CPT,FISV,92.5102,106.85,-0.7111,1,-9.8384,-0.5,-10.3384,HOLDING
2019-11-04,20,CPT,FISV,91.8225,105.29,-0.3632,1,-7.7891,-0.5,-8.2891,HOLDING
2019-11-05,20,CPT,FISV,90.6818,104.0,-0.3362,1,-7.7388,-0.5,-8.2388,HOLDING
2019-11-06,20,CPT,FISV,90.8193,104.91,-0.6563,1,-9.6919,-0.5,-10.1919,HOLDING
2019-11-07,20,CPT,FISV,89.2094,109.65,-2.6932,1,-26.5525,-0.5,-27.0525,HOLDING
2019-11-08,20,CPT,FISV,89.0881,110.61,-2.4269,1,-29.3789,-0.5,-29.8789,HOLDING
2019-11-11,20,CPT,FISV,89.3146,110.25,-1.9292,1,-27.7987,-0.5,-28.2987,HOLDING
2019-11-12,20,CPT,FISV,88.4651,110.65,-1.9836,1,-31.2727,-0.5,-31.7727,HOLDING
2019-11-13,20,CPT,FISV,89.5815,111.33,-1.6113,1,-29.8185,-0.5,-30.3185,HOLDING
2019-11-14,20,CPT,FISV,90.1721,114.1,-1.7467,1,-35.2697,-0.5,-35.7697,HOLDING
2019-11-15,20,CPT,FISV,90.8436,113.91,-1.3846,1,-32.8491,-0.5,-33.3491,HOLDING
2019-11-18,20,CPT,FISV,91.0863,114.5,-1.2838,1,-33.6742,-0.5,-34.1742,HOLDING
2019-11-19,20,CPT,FISV,91.2481,116.04,-1.3705,1,-37.1835,-0.5,-37.6835,HOLDING
2019-11-20,20,CPT,FISV,91.151,115.35,-1.1735,1,-35.6818,-0.5,-36.1818,HOLDING
2019-11-21,20,CPT,FISV,89.2175,114.08,-1.253,1,-37.9621,-0.5,-38.4621,HOLDING
2019-11-22,20,CPT,FISV,88.546,113.92,-1.263,1,-39.4794,-0.5,-39.9794,HOLDING
2019-11-25,20,CPT,FISV,88.6593,114.74,-1.2772,1,-41.27,-0.5,-41.77,HOLDING
2019-11-26,20,CPT,FISV,90.6818,116.22,-0.9708,1,-39.2759,-0.5,-39.7759,HOLDING
2019-11-27,20,CPT,FISV,90.787,116.32,-0.8789,1,-39.2316,-0.5,-39.7316,HOLDING
2019-11-29,20,CPT,FISV,90.2449,116.24,-0.9203,1,-40.5832,-0.5,-41.0832,HOLDING
2019-12-02,20,CPT,FISV,88.4651,114.28,-0.9148,1,-40.6409,-0.5,-41.1409,HOLDING
2019-12-03,20,CPT,FISV,89.2013,114.42,-0.6738,1,-38.8861,-0.5,-39.3861,HOLDING
2019-12-04,20,CPT,FISV,89.4764,114.79,-0.6513,1,-39.0504,-0.5,-39.5504,HOLDING
2019-12-05,20,CPT,FISV,89.5492,114.79,-0.6844,1,0.0,-39.8947,-39.8947,PERIOD_END_EXIT
