Date,Pair_Rank,Ticker_A,Ticker_B,Price_A,Price_B,Hedge_Ratio,ZScore,Position,Unrealized_PnL,Realized_PnL,Cumulative_PnL,Status
2015-06-09,1,AEP,LNT,36.5385,20.6808,0.939,0.0,0,0.0,0.0,0.0,HOLD_CASH
2015-06-10,1,AEP,LNT,36.8323,20.7631,0.939,0.0,0,0.0,0.0,0.0,HOLD_CASH
2015-06-11,1,AEP,LNT,37.1194,21.0314,0.939,0.0,0,0.0,0.0,0.0,HOLD_CASH
2015-06-12,1,AEP,LNT,36.8597,20.7917,0.939,0.0,0,0.0,0.0,0.0,HOLD_CASH
2015-06-15,1,AEP,LNT,36.6683,20.7022,0.939,0.0,0,0.0,0.0,0.0,HOLD_CASH
2015-06-16,1,AEP,LNT,36.723,20.8489,0.939,0.0,0,0.0,0.0,0.0,HOLD_CASH
2015-06-17,1,AEP,LNT,36.9485,20.9598,0.939,0.0,0,0.0,0.0,0.0,HOLD_CASH
2015-06-18,1,AEP,LNT,37.4748,21.2603,0.939,0.0,0,0.0,0.0,0.0,HOLD_CASH
2015-06-19,1,AEP,LNT,37.2288,21.1566,0.939,0.0,0,0.0,0.0,0.0,HOLD_CASH
2015-06-22,1,AEP,LNT,37.0716,21.1244,0.939,0.0,0,0.0,0.0,0.0,HOLD_CASH
2015-06-23,1,AEP,LNT,36.4564,20.7917,0.939,0.0,0,0.0,0.0,0.0,HOLD_CASH
2015-06-24,1,AEP,LNT,36.1967,20.6343,0.939,0.0,0,0.0,0.0,0.0,HOLD_CASH
2015-06-25,1,AEP,LNT,35.9643,20.5234,0.939,0.0,0,0.0,0.0,0.0,HOLD_CASH
2015-06-26,1,AEP,LNT,36.1625,20.6915,0.939,0.0,0,0.0,0.0,0.0,HOLD_CASH
2015-06-29,1,AEP,LNT,36.0874,20.5842,0.939,0.0,0,0.0,0.0,0.0,HOLD_CASH
2015-06-30,1,AEP,LNT,36.2036,20.6486,0.939,0.0,0,0.0,0.0,0.0,HOLD_CASH
2015-07-01,1,AEP,LNT,36.4223,20.7953,0.939,0.0,0,0.0,0.0,0.0,HOLD_CASH
2015-07-02,1,AEP,LNT,37.0647,21.1101,0.939,0.0,0,0.0,0.0,0.0,HOLD_CASH
2015-07-06,1,AEP,LNT,37.2698,21.1423,0.939,0.0,0,0.0,0.0,0.0,HOLD_CASH
2015-07-07,1,AEP,LNT,38.3292,21.7433,0.939,0.8997,0,0.0,0.0,0.0,HOLD_CASH
2015-07-08,1,AEP,LNT,38.295,21.6109,0.939,1.7608,0,0.0,0.0,0.0,HOLD_CASH
2015-07-09,1,AEP,LNT,37.9464,21.3175,0.939,2.2344,-1,0.0,-0.0833,-0.0833,ENTER_SHORT_A
2015-07-10,1,AEP,LNT,37.9737,21.4964,0.939,0.8815,-1,0.3076,-0.0833,0.2243,HOLDING
2015-07-13,1,AEP,LNT,37.8234,21.5608,0.939,-0.289,-1,0.5998,-0.0833,0.5165,HOLDING
2015-07-14,1,AEP,LNT,37.7209,21.5715,0.939,-0.8043,-1,0.7363,-0.0833,0.6529,HOLDING
2015-07-15,1,AEP,LNT,38.0558,21.6073,0.939,0.568,-1,0.4247,-0.0833,0.3414,HOLDING
2015-07-16,1,AEP,LNT,38.5205,21.9436,0.939,0.1324,-1,0.5349,-0.0833,0.4516,HOLDING
2015-07-17,1,AEP,LNT,38.0831,21.6324,0.939,0.5153,-1,0.4411,-0.0833,0.3578,HOLDING
2015-07-20,1,AEP,LNT,37.9601,21.5537,0.939,0.5283,-1,0.4315,-0.0833,0.3481,HOLDING
2015-07-21,1,AEP,LNT,37.5158,21.3319,0.939,0.1117,-1,0.5147,-0.0833,0.4314,HOLDING
2015-07-22,1,AEP,LNT,37.7345,21.4893,0.939,-0.1311,-1,0.565,-0.0833,0.4817,HOLDING
2015-07-23,1,AEP,LNT,37.3108,21.1673,0.939,0.3703,-1,0.4355,-0.0833,0.3521,HOLDING
2015-07-24,1,AEP,LNT,37.3176,21.1995,0.939,0.0646,-1,0.4887,-0.0833,0.4053,HOLDING
2015-07-27,1,AEP,LNT,38.0968,21.5537,0.939,1.0232,-1,0.2767,-0.0833,0.1933,HOLDING
2015-07-28,1,AEP,LNT,38.1993,21.6574,0.939,0.5549,-1,0.3569,-0.0833,0.2736,HOLDING
2015-07-29,1,AEP,LNT,38.2335,21.8126,0.939,-0.8273,-1,0.6121,-0.0833,0.5288,HOLDING
2015-07-30,1,AEP,LNT,38.4932,22.0112,0.939,-1.3074,-1,0.6938,-0.0833,0.6105,HOLDING
2015-07-31,1,AEP,LNT,38.6641,22.2061,0.939,-1.983,-1,0.8694,-0.0833,0.786,HOLDING
2015-08-03,1,AEP,LNT,38.999,22.235,0.939,-0.3165,-1,0.5447,-0.0833,0.4614,HOLDING
2015-08-04,1,AEP,LNT,38.541,21.9498,0.939,-0.2116,-1,0.5235,-0.0833,0.4401,HOLDING
2015-08-05,1,AEP,LNT,38.7187,22.0509,0.939,-0.0648,-1,0.5136,-0.0833,0.4303,HOLDING
2015-08-06,1,AEP,LNT,38.8153,21.8884,0.939,2.4041,-1,0.0966,-0.0833,0.0133,HOLDING
2015-08-07,1,AEP,LNT,39.1672,21.9209,0.939,3.0476,-1,-0.2404,-0.0833,-0.3237,HOLDING
2015-08-10,1,AEP,LNT,39.1258,21.8884,0.939,2.425,-1,-0.255,-0.0833,-0.3383,HOLDING
2015-08-11,1,AEP,LNT,39.2224,21.8957,0.939,2.2546,-1,-0.3507,-0.0833,-0.434,HOLDING
2015-08-12,1,AEP,LNT,39.7191,22.1375,0.939,2.109,-1,-0.4554,-0.0833,-0.5388,HOLDING
2015-08-13,1,AEP,LNT,39.7053,22.2098,0.939,1.5025,-1,-0.3031,-0.0833,-0.3864,HOLDING
2015-08-14,1,AEP,LNT,40.1538,22.2892,0.939,1.991,-1,-0.6607,-0.0833,-0.744,HOLDING
2015-08-17,1,AEP,LNT,40.2573,22.7152,0.939,0.4371,-1,0.0286,-0.0833,-0.0548,HOLDING
2015-08-18,1,AEP,LNT,40.2021,22.5022,0.939,1.0644,-1,-0.3121,-0.0833,-0.3955,HOLDING
2015-08-19,1,AEP,LNT,40.5677,22.5599,0.939,1.5116,-1,-0.6169,-0.0833,-0.7003,HOLDING
2015-08-20,1,AEP,LNT,40.2711,22.3253,0.939,1.5322,-1,-0.7252,-0.0833,-0.8085,HOLDING
2015-08-21,1,AEP,LNT,39.526,21.9246,0.939,1.2436,-1,-0.6399,-0.0833,-0.7232,HOLDING
2015-08-24,1,AEP,LNT,37.8287,20.9534,0.939,1.0217,-1,-0.5561,-0.0833,-0.6394,HOLDING
2015-08-25,1,AEP,LNT,36.5799,20.253,0.939,0.7992,-1,-0.4676,-0.0833,-0.5509,HOLDING
2015-08-26,1,AEP,LNT,37.263,20.4552,0.939,1.417,-1,-0.8585,-0.0833,-0.9418,HOLDING
2015-08-27,1,AEP,LNT,37.8839,20.8415,0.939,1.2251,-1,-0.8304,-0.0833,-0.9138,HOLDING
2015-08-28,1,AEP,LNT,37.877,20.8668,0.939,1.066,-1,-0.7748,-0.0833,-0.8581,HOLDING
2015-08-31,1,AEP,LNT,37.4562,20.4588,0.939,1.6507,-1,-1.0704,-0.0833,-1.1537,HOLDING
2015-09-01,1,AEP,LNT,36.5593,19.8992,0.939,1.7252,-1,-1.1139,-0.0833,-1.1972,HOLDING
2015-09-02,1,AEP,LNT,36.5731,19.9029,0.939,1.714,-1,-1.1227,-0.0833,-1.206,HOLDING
2015-09-03,1,AEP,LNT,36.8076,19.9931,0.939,1.7851,-1,-1.2175,-0.0833,-1.3008,HOLDING
2015-09-04,1,AEP,LNT,36.2488,19.6935,0.939,1.4711,-1,-1.1518,-0.0833,-1.2352,HOLDING
2015-09-08,1,AEP,LNT,37.3113,20.0725,0.939,2.2459,-1,-1.6376,-0.0833,-1.7209,HOLDING
2015-09-09,1,AEP,LNT,36.8214,19.8595,0.939,1.6763,-1,-1.486,-0.0833,-1.5693,HOLDING
2015-09-10,1,AEP,LNT,36.8352,19.7982,0.939,1.7253,-1,-1.6178,-0.0833,-1.7012,HOLDING
2015-09-11,1,AEP,LNT,37.1043,19.9462,0.939,1.5569,-1,-1.6424,-0.0833,-1.7257,HOLDING
2015-09-14,1,AEP,LNT,37.0353,20.0003,0.939,1.0596,-1,-1.4617,-0.0833,-1.5451,HOLDING
2015-09-15,1,AEP,LNT,37.1526,20.0725,0.939,0.9822,-1,-1.4579,-0.0833,-1.5412,HOLDING
2015-09-16,1,AEP,LNT,37.6908,20.2927,0.939,1.2706,-1,-1.6505,-0.0833,-1.7338,HOLDING
2015-09-17,1,AEP,LNT,38.5462,20.6068,0.939,1.7997,-1,-2.0248,-0.0833,-2.1081,HOLDING
2015-09-18,1,AEP,LNT,38.2772,20.4877,0.939,1.4742,-1,-1.9456,-0.0833,-2.0289,HOLDING
2015-09-21,1,AEP,LNT,38.36,20.6321,0.939,0.9755,-1,-1.766,-0.0833,-1.8493,HOLDING
2015-09-22,1,AEP,LNT,37.7528,20.4697,0.939,0.0865,-1,-1.3859,-0.0833,-1.4692,HOLDING
2015-09-23,1,AEP,LNT,37.9598,20.4985,0.939,0.4364,-1,-1.5656,-0.0833,-1.649,HOLDING
2015-09-24,1,AEP,LNT,38.2634,20.7079,0.939,0.1734,-1,-1.5131,-0.0833,-1.5964,HOLDING
2015-09-25,1,AEP,LNT,38.629,20.9317,0.939,0.0028,-1,-1.5035,-0.0833,-1.5868,HOLDING
2015-09-28,1,AEP,LNT,38.5393,20.9534,0.939,-0.6546,-1,-1.3609,-0.0833,-1.4442,HOLDING
2015-09-29,1,AEP,LNT,38.7256,20.8451,0.939,0.8729,-1,-1.7769,-0.0833,-1.8602,HOLDING
2015-09-30,1,AEP,LNT,39.2293,21.1159,0.939,0.9304,-1,-1.8347,-0.0833,-1.9181,HOLDING
2015-10-01,1,AEP,LNT,38.7325,20.791,0.939,1.1791,-1,-1.8872,-0.0833,-1.9706,HOLDING
2015-10-02,1,AEP,LNT,38.8567,21.0725,0.939,-0.762,-1,-1.4948,-0.0833,-1.5781,HOLDING
2015-10-05,1,AEP,LNT,39.6432,21.2855,0.939,1.3665,-1,-1.9824,-0.0833,-2.0657,HOLDING
2015-10-06,1,AEP,LNT,39.0637,21.1086,0.939,-0.1584,-1,-1.6609,-0.0833,-1.7442,HOLDING
2015-10-07,1,AEP,LNT,38.6635,21.0184,0.939,-1.4347,-1,-1.3785,-0.0833,-1.4619,HOLDING
2015-10-08,1,AEP,LNT,39.2362,21.2783,0.939,-0.7063,-1,-1.535,-0.0833,-1.6184,HOLDING
2015-10-09,1,AEP,LNT,39.1465,21.1989,0.939,-0.4114,-1,-1.5838,-0.0833,-1.6671,HOLDING
2015-10-12,1,AEP,LNT,39.7122,21.4336,0.939,0.3793,-1,-1.7803,-0.0833,-1.8637,HOLDING
2015-10-13,1,AEP,LNT,39.7743,21.4444,0.939,0.5462,-1,-1.8301,-0.0833,-1.9135,HOLDING
2015-10-14,1,AEP,LNT,40.1193,21.4913,0.939,1.6936,-1,-2.132,-0.0833,-2.2153,HOLDING
2015-10-15,1,AEP,LNT,40.5125,21.8523,0.939,0.6445,-1,-1.894,-0.0833,-1.9773,HOLDING
2015-10-16,1,AEP,LNT,40.3884,21.9209,0.939,-0.5226,-1,-1.6234,-0.0833,-1.7068,HOLDING
2015-10-19,1,AEP,LNT,40.4229,22.0184,0.939,-1.1211,-1,-1.478,-0.0833,-1.5613,HOLDING
2015-10-20,1,AEP,LNT,40.4711,22.0942,0.939,-1.4831,-1,-1.3892,-0.0833,-1.4725,HOLDING
2015-10-21,1,AEP,LNT,40.6643,21.957,0.939,0.65,-1,-1.8677,-0.0833,-1.951,HOLDING
2015-10-22,1,AEP,LNT,40.823,22.217,0.939,-0.7866,-1,-1.5553,-0.0833,-1.6387,HOLDING
2015-10-23,1,AEP,LNT,39.657,21.791,0.939,-2.3851,-1,-1.0412,-0.0833,-1.1246,HOLDING
2015-10-26,1,AEP,LNT,39.8916,21.874,0.939,-1.8083,-1,-1.1497,-0.0833,-1.233,HOLDING
2015-10-27,1,AEP,LNT,39.7881,21.7982,0.939,-1.5016,-1,-1.176,-0.0833,-1.2593,HOLDING
2015-10-28,1,AEP,LNT,39.3742,21.6051,0.939,-1.5908,-1,-1.0727,-0.0833,-1.1561,HOLDING
2015-10-29,1,AEP,LNT,38.7808,21.3756,0.939,-1.9734,-1,-0.8352,-0.0833,-0.9186,HOLDING
2015-10-30,1,AEP,LNT,39.0844,21.5031,0.939,-1.4984,-1,-0.9376,-0.0833,-1.021,HOLDING
2015-11-02,1,AEP,LNT,39.25,21.6925,0.939,-1.7504,-1,-0.7665,-0.0833,-0.8499,HOLDING
2015-11-03,1,AEP,LNT,39.1534,21.7581,0.939,-1.9861,-1,-0.533,-0.0833,-0.6163,HOLDING
2015-11-04,1,AEP,LNT,39.1258,21.9002,0.939,-2.1933,-1,-0.2327,-0.0833,-0.3161,HOLDING
2015-11-05,1,AEP,LNT,38.974,21.8711,0.939,-2.0221,-1,-0.116,-0.0833,-0.1993,HOLDING
2015-11-06,1,AEP,LNT,37.6012,20.7635,0.939,-0.9016,-1,-0.658,-0.0833,-0.7413,HOLDING
2015-11-09,1,AEP,LNT,37.9288,20.6979,0.939,0.0669,-1,-1.1531,-0.0833,-1.2364,HOLDING
2015-11-10,1,AEP,LNT,38.3956,21.1861,0.939,-0.639,-1,-0.7576,-0.0833,-0.8409,HOLDING
2015-11-11,1,AEP,LNT,38.7162,21.4339,0.939,-0.7903,-1,-0.6517,-0.0833,-0.735,HOLDING
2015-11-12,1,AEP,LNT,38.5489,21.2881,0.939,-0.5243,-1,-0.7381,-0.0833,-0.8215,HOLDING
2015-11-13,1,AEP,LNT,38.3678,21.31,0.939,-0.9944,-1,-0.4915,-0.0833,-0.5749,HOLDING
2015-11-16,1,AEP,LNT,39.1691,21.8528,0.939,-1.1748,-1,-0.3715,-0.0833,-0.4548,HOLDING
2015-11-17,1,AEP,LNT,38.3608,21.4885,0.939,-1.5078,-1,-0.1457,-0.0833,-0.229,HOLDING
2015-11-18,1,AEP,LNT,38.6117,21.6051,0.939,-1.3322,-1,-0.2091,-0.0833,-0.2924,HOLDING
2015-11-19,1,AEP,LNT,39.2458,22.0241,0.939,-1.4395,-1,-0.1341,-0.0833,-0.2174,HOLDING
2015-11-20,1,AEP,LNT,39.3991,22.2536,0.939,-1.8381,-1,0.1268,-0.0833,0.0434,HOLDING
2015-11-23,1,AEP,LNT,39.0158,21.9512,0.939,-1.3533,-1,-0.0116,-0.0833,-0.095,HOLDING
2015-11-24,1,AEP,LNT,38.8765,21.8929,0.939,-1.3466,-1,0.0358,-0.0833,-0.0475,HOLDING
2015-11-25,1,AEP,LNT,38.751,21.7545,0.939,-0.9497,-1,-0.0842,-0.0833,-0.1675,HOLDING
2015-11-27,1,AEP,LNT,38.981,21.8164,0.939,-0.4985,-1,-0.2274,-0.0833,-0.3107,HOLDING
2015-11-30,1,AEP,LNT,39.0298,21.9294,0.939,-0.8487,-1,-0.0688,-0.0833,-0.1521,HOLDING
2015-12-01,1,AEP,LNT,39.5315,22.3702,0.939,-1.4258,-1,0.1975,-0.0833,0.1142,HOLDING
2015-12-02,1,AEP,LNT,38.5559,22.086,0.939,-2.3805,-1,0.7645,-0.0833,0.6811,HOLDING
2015-12-03,1,AEP,LNT,38.1169,21.6379,0.939,-1.4143,-1,0.4133,-0.0833,0.33,HOLDING
2015-12-04,1,AEP,LNT,38.9113,21.9876,0.939,-0.8255,-1,0.0,0.0067,0.0067,PERIOD_END_EXIT
2015-06-09,2,FITB,RF,14.5229,7.1755,0.9062,0.0,0,0.0,0.0,0.0,HOLD_CASH
2015-06-10,2,FITB,RF,14.7305,7.285,0.9062,0.0,0,0.0,0.0,0.0,HOLD_CASH
2015-06-11,2,FITB,RF,14.6406,7.2234,0.9062,0.0,0,0.0,0.0,0.0,HOLD_CASH
2015-06-12,2,FITB,RF,14.6475,7.2371,0.9062,0.0,0,0.0,0.0,0.0,HOLD_CASH
2015-06-15,2,FITB,RF,14.6267,7.1824,0.9062,0.0,0,0.0,0.0,0.0,HOLD_CASH
2015-06-16,2,FITB,RF,14.689,7.2508,0.9062,0.0,0,0.0,0.0,0.0,HOLD_CASH
2015-06-17,2,FITB,RF,14.5022,7.1413,0.9062,0.0,0,0.0,0.0,0.0,HOLD_CASH
2015-06-18,2,FITB,RF,14.6198,7.1824,0.9062,0.0,0,0.0,0.0,0.0,HOLD_CASH
2015-06-19,2,FITB,RF,14.5575,7.1413,0.9062,0.0,0,0.0,0.0,0.0,HOLD_CASH
2015-06-22,2,FITB,RF,14.9657,7.2576,0.9062,0.0,0,0.0,0.0,0.0,HOLD_CASH
2015-06-23,2,FITB,RF,15.0073,7.3602,0.9062,0.0,0,0.0,0.0,0.0,HOLD_CASH
2015-06-24,2,FITB,RF,14.8896,7.2987,0.9062,0.0,0,0.0,0.0,0.0,HOLD_CASH
2015-06-25,2,FITB,RF,14.8135,7.2303,0.9062,0.0,0,0.0,0.0,0.0,HOLD_CASH
2015-06-26,2,FITB,RF,14.8066,7.2029,0.9062,0.0,0,0.0,0.0,0.0,HOLD_CASH
2015-06-29,2,FITB,RF,14.4446,7.0387,0.9062,0.0,0,0.0,0.0,0.0,HOLD_CASH
2015-06-30,2,FITB,RF,14.4933,7.0866,0.9062,0.0,0,0.0,0.0,0.0,HOLD_CASH
2015-07-01,2,FITB,RF,14.7161,7.1208,0.9062,0.0,0,0.0,0.0,0.0,HOLD_CASH
2015-07-02,2,FITB,RF,14.5699,7.0251,0.9062,0.0,0,0.0,0.0,0.0,HOLD_CASH
2015-07-06,2,FITB,RF,14.6186,6.9566,0.9062,0.0,0,0.0,0.0,0.0,HOLD_CASH
2015-07-07,2,FITB,RF,14.4167,6.8677,0.9062,2.0715,-1,0.0,-0.0833,-0.0833,ENTER_SHORT_A
2015-07-08,2,FITB,RF,14.2427,6.7241,0.9062,2.2532,-1,-0.3009,-0.0833,-0.3842,HOLDING
2015-07-09,2,FITB,RF,14.3819,6.8404,0.9062,1.5518,-1,-0.0523,-0.0833,-0.1356,HOLDING
2015-07-10,2,FITB,RF,14.549,6.9361,0.9062,1.3145,-1,-0.0065,-0.0833,-0.0898,HOLDING
2015-07-13,2,FITB,RF,14.6813,6.9772,0.9062,1.4506,-1,-0.1708,-0.0833,-0.2541,HOLDING
2015-07-14,2,FITB,RF,14.7161,6.9909,0.9062,1.3398,-1,-0.1974,-0.0833,-0.2807,HOLDING
2015-07-15,2,FITB,RF,14.7996,7.0524,0.9062,1.0592,-1,-0.0956,-0.0833,-0.1789,HOLDING
2015-07-16,2,FITB,RF,14.8692,7.1071,0.9062,0.7923,-1,0.009,-0.0833,-0.0744,HOLDING
2015-07-17,2,FITB,RF,14.7091,6.9224,0.9062,1.6816,-1,-0.5709,-0.0833,-0.6542,HOLDING
2015-07-20,2,FITB,RF,14.8135,6.9772,0.9062,1.5144,-1,-0.5719,-0.0833,-0.6552,HOLDING
2015-07-21,2,FITB,RF,14.9806,7.1208,0.9062,0.8366,-1,-0.2499,-0.0833,-0.3332,HOLDING
2015-07-22,2,FITB,RF,15.0293,7.3192,0.9062,-0.9786,-1,0.7467,-0.0833,0.6634,HOLDING
2015-07-23,2,FITB,RF,14.8274,7.2645,0.9062,-1.5439,-1,1.0432,-0.0833,0.9599,HOLDING
2015-07-24,2,FITB,RF,14.7161,7.2234,0.9062,-1.66,-1,1.1442,-0.0833,1.0608,HOLDING
2015-07-27,2,FITB,RF,14.5142,7.1208,0.9062,-1.6057,-1,1.1645,-0.0833,1.0811,HOLDING
2015-07-28,2,FITB,RF,14.549,7.114,0.9062,-1.3288,-1,1.0195,-0.0833,0.9361,HOLDING
2015-07-29,2,FITB,RF,14.6952,7.1961,0.9062,-1.3585,-1,1.0497,-0.0833,0.9663,HOLDING
2015-07-30,2,FITB,RF,14.723,7.2303,0.9062,-1.4161,-1,1.1625,-0.0833,1.0792,HOLDING
2015-07-31,2,FITB,RF,14.6673,7.1071,0.9062,-0.5489,-1,0.6211,-0.0833,0.5378,HOLDING
2015-08-03,2,FITB,RF,14.6743,7.0935,0.9062,-0.3423,-1,0.5211,-0.0833,0.4378,HOLDING
2015-08-04,2,FITB,RF,14.73,7.0935,0.9062,-0.0408,-1,0.3523,-0.0833,0.2689,HOLDING
2015-08-05,2,FITB,RF,14.8623,7.1687,0.9062,-0.0308,-1,0.3852,-0.0833,0.3019,HOLDING
2015-08-06,2,FITB,RF,14.7787,7.2303,0.9062,-0.9375,-1,0.9936,-0.0833,0.9103,HOLDING
2015-08-07,2,FITB,RF,14.7161,7.2645,0.9062,-1.3944,-1,1.3809,-0.0833,1.2976,HOLDING
2015-08-10,2,FITB,RF,15.1129,7.3876,0.9062,-0.5178,-1,0.8879,-0.0833,0.8046,HOLDING
2015-08-11,2,FITB,RF,14.737,7.2371,0.9062,-0.8993,-1,1.1597,-0.0833,1.0764,HOLDING
2015-08-12,2,FITB,RF,14.3959,7.0798,0.9062,-1.0494,-1,1.2866,-0.0833,1.2032,HOLDING
2015-08-13,2,FITB,RF,14.5072,7.1208,0.9062,-0.781,-1,1.1856,-0.0833,1.1022,HOLDING
2015-08-14,2,FITB,RF,14.6952,7.2166,0.9062,-0.6661,-1,1.168,-0.0833,1.0847,HOLDING
2015-08-17,2,FITB,RF,14.7091,7.2166,0.9062,-0.539,-1,1.1258,-0.0833,1.0425,HOLDING
2015-08-18,2,FITB,RF,14.73,7.1824,0.9062,0.3295,-1,0.8652,-0.0833,0.7819,HOLDING
2015-08-19,2,FITB,RF,14.6117,7.0114,0.9062,2.0813,-1,0.2376,-0.0833,0.1543,HOLDING
2015-08-20,2,FITB,RF,14.2427,6.7925,0.9062,2.0732,-1,0.0937,-0.0833,0.0104,HOLDING
2015-08-21,2,FITB,RF,13.7902,6.6146,0.9062,0.9948,-1,0.4399,-0.0833,0.3565,HOLDING
2015-08-24,2,FITB,RF,13.0106,6.1426,0.9062,1.7516,-1,0.0815,-0.0833,-0.0019,HOLDING
2015-08-25,2,FITB,RF,12.6903,5.999,0.9062,1.2348,-1,0.2239,-0.0833,0.1405,HOLDING
2015-08-26,2,FITB,RF,13.3586,6.3273,0.9062,1.3792,-1,0.0914,-0.0833,0.008,HOLDING
2015-08-27,2,FITB,RF,13.8807,6.5394,0.9062,1.898,-1,-0.2686,-0.0833,-0.3519,HOLDING
2015-08-28,2,FITB,RF,13.9016,6.5804,0.9062,1.365,-1,-0.0952,-0.0833,-0.1785,HOLDING
2015-08-31,2,FITB,RF,13.8668,6.5599,0.9062,1.271,-1,-0.108,-0.0833,-0.1913,HOLDING
2015-09-01,2,FITB,RF,13.289,6.3,0.9062,0.7519,-1,0.1446,-0.0833,0.0613,HOLDING
2015-09-02,2,FITB,RF,13.463,6.3889,0.9062,0.7454,-1,0.1299,-0.0833,0.0465,HOLDING
2015-09-03,2,FITB,RF,13.5744,6.4505,0.9062,0.6379,-1,0.1472,-0.0833,0.0639,HOLDING
2015-09-04,2,FITB,RF,13.3795,6.3342,0.9062,0.7252,-1,0.0675,-0.0833,-0.0158,HOLDING
2015-09-08,2,FITB,RF,13.7902,6.512,0.9062,1.056,-1,-0.152,-0.0833,-0.2353,HOLDING
2015-09-09,2,FITB,RF,13.6928,6.4294,0.9062,1.3075,-1,-0.333,-0.0833,-0.4163,HOLDING
2015-09-10,2,FITB,RF,13.7693,6.5533,0.9062,0.2111,-1,0.1496,-0.0833,0.0662,HOLDING
2015-09-11,2,FITB,RF,13.7624,6.5464,0.9062,0.1598,-1,0.131,-0.0833,0.0476,HOLDING
2015-09-14,2,FITB,RF,13.8111,6.6015,0.9062,-0.4548,-1,0.3009,-0.0833,0.2176,HOLDING
2015-09-15,2,FITB,RF,13.9503,6.6979,0.9062,-1.194,-1,0.4346,-0.0833,0.3513,HOLDING
2015-09-16,2,FITB,RF,13.9991,6.5877,0.9062,1.8288,-1,-0.3485,-0.0833,-0.4318,HOLDING
2015-09-17,2,FITB,RF,13.5048,6.395,0.9062,0.0983,-1,0.0384,-0.0833,-0.0449,HOLDING
2015-09-18,2,FITB,RF,13.1637,6.1541,0.9062,1.6156,-1,-0.3171,-0.0833,-0.4004,HOLDING
2015-09-21,2,FITB,RF,13.3517,6.2573,0.9062,1.3452,-1,-0.2913,-0.0833,-0.3747,HOLDING
2015-09-22,2,FITB,RF,13.1219,6.1403,0.9062,1.1753,-1,-0.2698,-0.0833,-0.3531,HOLDING
2015-09-23,2,FITB,RF,13.0871,6.161,0.9062,0.1226,-1,-0.0451,-0.0833,-0.1285,HOLDING
2015-09-24,2,FITB,RF,13.115,6.1403,0.9062,0.956,-1,-0.2487,-0.0833,-0.332,HOLDING
2015-09-25,2,FITB,RF,13.4074,6.2504,0.9062,1.806,-1,-0.4999,-0.0833,-0.5833,HOLDING
2015-09-28,2,FITB,RF,13.0359,6.0577,0.9062,1.6307,-1,-0.4854,-0.0833,-0.5687,HOLDING
2015-09-29,2,FITB,RF,13.0709,6.0783,0.9062,1.4102,-1,-0.4725,-0.0833,-0.5559,HOLDING
2015-09-30,2,FITB,RF,13.2532,6.2023,0.9062,0.6998,-1,-0.3103,-0.0833,-0.3937,HOLDING
2015-10-01,2,FITB,RF,13.2952,6.216,0.9062,0.7824,-1,-0.3584,-0.0833,-0.4418,HOLDING
2015-10-02,2,FITB,RF,13.092,6.1334,0.9062,0.2472,-1,-0.2186,-0.0833,-0.302,HOLDING
2015-10-05,2,FITB,RF,13.4074,6.2229,0.9062,1.6093,-1,-0.6588,-0.0833,-0.7421,HOLDING
2015-10-06,2,FITB,RF,13.2812,6.2573,0.9062,-0.4139,-1,-0.0777,-0.0833,-0.161,HOLDING
2015-10-07,2,FITB,RF,13.3443,6.3399,0.9062,-1.2704,-1,0.2076,-0.0833,0.1242,HOLDING
2015-10-08,2,FITB,RF,13.4214,6.3743,0.9062,-1.1475,-1,0.1723,-0.0833,0.089,HOLDING
2015-10-09,2,FITB,RF,13.2952,6.2573,0.9062,-0.2117,-1,-0.1202,-0.0833,-0.2035,HOLDING
2015-10-12,2,FITB,RF,13.3092,6.2504,0.9062,-0.0163,-1,-0.2024,-0.0833,-0.2857,HOLDING
2015-10-13,2,FITB,RF,13.1901,6.1816,0.9062,0.0183,-1,-0.2382,-0.0833,-0.3215,HOLDING
2015-10-14,2,FITB,RF,12.9938,6.0715,0.9062,0.2577,-1,-0.2784,-0.0833,-0.3618,HOLDING
2015-10-15,2,FITB,RF,13.3443,6.2504,0.9062,0.2407,-1,-0.3087,-0.0833,-0.392,HOLDING
2015-10-16,2,FITB,RF,13.3162,6.2091,0.9062,0.9238,-1,-0.4619,-0.0833,-0.5452,HOLDING
2015-10-19,2,FITB,RF,13.3303,6.1541,0.9062,2.1439,-1,-0.8221,-0.0833,-0.9054,HOLDING
2015-10-20,2,FITB,RF,13.1971,6.3399,0.9062,-2.7304,-1,0.6539,-0.0833,0.5705,HOLDING
2015-10-21,2,FITB,RF,12.8116,6.216,0.9062,-2.9217,-1,1.108,-0.0833,1.0246,HOLDING
2015-10-22,2,FITB,RF,13.113,6.3399,0.9062,-2.0317,-1,0.9089,-0.0833,0.8255,HOLDING
2015-10-23,2,FITB,RF,13.3933,6.5051,0.9062,-1.8722,-1,1.0118,-0.0833,0.9285,HOLDING
2015-10-26,2,FITB,RF,13.2812,6.4157,0.9062,-1.4005,-1,0.8356,-0.0833,0.7523,HOLDING
2015-10-27,2,FITB,RF,13.141,6.3606,0.9062,-1.4161,-1,0.943,-0.0833,0.8597,HOLDING
2015-10-28,2,FITB,RF,13.7788,6.6497,0.9062,-0.8566,-1,0.6768,-0.0833,0.5935,HOLDING
2015-10-29,2,FITB,RF,13.6456,6.6359,0.9062,-1.2314,-1,1.0012,-0.0833,0.9178,HOLDING
2015-10-30,2,FITB,RF,13.3513,6.4363,0.9062,-0.7746,-1,0.7422,-0.0833,0.6589,HOLDING
2015-11-02,2,FITB,RF,13.7017,6.5946,0.9062,-0.452,-1,0.5929,-0.0833,0.5096,HOLDING
2015-11-03,2,FITB,RF,13.6877,6.5671,0.9062,-0.221,-1,0.4766,-0.0833,0.3932,HOLDING
2015-11-04,2,FITB,RF,13.6527,6.6015,0.9062,-0.6656,-1,0.7814,-0.0833,0.698,HOLDING
2015-11-05,2,FITB,RF,13.8909,6.6979,0.9062,-0.3481,-1,0.6147,-0.0833,0.5314,HOLDING
2015-11-06,2,FITB,RF,14.3605,6.9732,0.9062,-0.5042,-1,0.7791,-0.0833,0.6958,HOLDING
2015-11-09,2,FITB,RF,14.3045,6.8769,0.9062,0.146,-1,0.3932,-0.0833,0.3099,HOLDING
2015-11-10,2,FITB,RF,14.4586,6.9319,0.9062,0.4531,-1,0.2433,-0.0833,0.16,HOLDING
2015-11-11,2,FITB,RF,14.3045,6.8493,0.9062,0.5394,-1,0.2344,-0.0833,0.1511,HOLDING
2015-11-12,2,FITB,RF,14.0592,6.7461,0.9062,0.3556,-1,0.3826,-0.0833,0.2993,HOLDING
2015-11-13,2,FITB,RF,13.7998,6.6841,0.9062,-0.4217,-1,0.8116,-0.0833,0.7282,HOLDING
2015-11-16,2,FITB,RF,13.8629,6.753,0.9062,-1.0673,-1,1.0174,-0.0833,0.9341,HOLDING
2015-11-17,2,FITB,RF,13.905,6.7943,0.9062,-1.3068,-1,1.1281,-0.0833,1.0448,HOLDING
2015-11-18,2,FITB,RF,14.2694,6.9457,0.9062,-0.5217,-1,0.8966,-0.0833,0.8133,HOLDING
2015-11-19,2,FITB,RF,14.3115,6.9801,0.9062,-0.7652,-1,0.9676,-0.0833,0.8843,HOLDING
2015-11-20,2,FITB,RF,14.1993,6.9388,0.9062,-1.1533,-1,1.0694,-0.0833,0.9861,HOLDING
2015-11-23,2,FITB,RF,14.3255,6.9388,0.9062,0.194,-1,0.6868,-0.0833,0.6035,HOLDING
2015-11-24,2,FITB,RF,14.3745,6.9732,0.9062,-0.0243,-1,0.7366,-0.0833,0.6533,HOLDING
2015-11-25,2,FITB,RF,14.3886,6.9457,0.9062,0.6729,-1,0.5353,-0.0833,0.452,HOLDING
2015-11-27,2,FITB,RF,14.4656,7.0008,0.9062,0.3169,-1,0.6192,-0.0833,0.5359,HOLDING
2015-11-30,2,FITB,RF,14.4867,6.9801,0.9062,0.9151,-1,0.4363,-0.0833,0.353,HOLDING
2015-12-01,2,FITB,RF,14.732,7.0558,0.9062,1.7838,-1,0.1292,-0.0833,0.0459,HOLDING
2015-12-02,2,FITB,RF,14.5427,6.9526,0.9062,1.6543,-1,0.1074,-0.0833,0.0241,HOLDING
2015-12-03,2,FITB,RF,14.3535,6.8631,0.9062,1.3115,-1,0.165,-0.0833,0.0817,HOLDING
2015-12-04,2,FITB,RF,14.76,7.0627,0.9062,1.4013,-1,0.0,-0.0849,-0.0849,PERIOD_END_EXIT
2015-06-09,3,EVRG,LNT,23.3382,20.6808,0.9354,0.0,0,0.0,0.0,0.0,HOLD_CASH
2015-06-10,3,EVRG,LNT,23.556,20.7631,0.9354,0.0,0,0.0,0.0,0.0,HOLD_CASH
2015-06-11,3,EVRG,LNT,23.9303,21.0314,0.9354,0.0,0,0.0,0.0,0.0,HOLD_CASH
2015-06-12,3,EVRG,LNT,23.6649,20.7917,0.9354,0.0,0,0.0,0.0,0.0,HOLD_CASH
2015-06-15,3,EVRG,LNT,23.5628,20.7022,0.9354,0.0,0,0.0,0.0,0.0,HOLD_CASH
2015-06-16,3,EVRG,LNT,23.6172,20.8489,0.9354,0.0,0,0.0,0.0,0.0,HOLD_CASH
2015-06-17,3,EVRG,LNT,23.7465,20.9598,0.9354,0.0,0,0.0,0.0,0.0,HOLD_CASH
2015-06-18,3,EVRG,LNT,24.1413,21.2603,0.9354,0.0,0,0.0,0.0,0.0,HOLD_CASH
2015-06-19,3,EVRG,LNT,24.1549,21.1566,0.9354,0.0,0,0.0,0.0,0.0,HOLD_CASH
2015-06-22,3,EVRG,LNT,24.0596,21.1244,0.9354,0.0,0,0.0,0.0,0.0,HOLD_CASH
2015-06-23,3,EVRG,LNT,23.6649,20.7917,0.9354,0.0,0,0.0,0.0,0.0,HOLD_CASH
2015-06-24,3,EVRG,LNT,23.4335,20.6343,0.9354,0.0,0,0.0,0.0,0.0,HOLD_CASH
2015-06-25,3,EVRG,LNT,23.2157,20.5234,0.9354,0.0,0,0.0,0.0,0.0,HOLD_CASH
2015-06-26,3,EVRG,LNT,23.3994,20.6915,0.9354,0.0,0,0.0,0.0,0.0,HOLD_CASH
2015-06-29,3,EVRG,LNT,23.3109,20.5842,0.9354,0.0,0,0.0,0.0,0.0,HOLD_CASH
2015-06-30,3,EVRG,LNT,23.2905,20.6486,0.9354,0.0,0,0.0,0.0,0.0,HOLD_CASH
2015-07-01,3,EVRG,LNT,23.6172,20.7953,0.9354,0.0,0,0.0,0.0,0.0,HOLD_CASH
2015-07-02,3,EVRG,LNT,24.0392,21.1101,0.9354,0.0,0,0.0,0.0,0.0,HOLD_CASH
2015-07-06,3,EVRG,LNT,24.1345,21.1423,0.9354,0.0,0,0.0,0.0,0.0,HOLD_CASH
2015-07-07,3,EVRG,LNT,24.713,21.7433,0.9354,0.8955,0,0.0,0.0,0.0,HOLD_CASH
2015-07-08,3,EVRG,LNT,24.713,21.6109,0.9354,2.0227,-1,0.0,-0.0833,-0.0833,ENTER_SHORT_A
2015-07-09,3,EVRG,LNT,24.5701,21.3175,0.9354,2.6992,-1,-0.2977,-0.0833,-0.381,HOLDING
2015-07-10,3,EVRG,LNT,24.8832,21.4964,0.9354,2.6662,-1,-0.5098,-0.0833,-0.5931,HOLDING
2015-07-13,3,EVRG,LNT,24.6177,21.5608,0.9354,0.6737,-1,0.0727,-0.0833,-0.0107,HOLDING
2015-07-14,3,EVRG,LNT,24.4544,21.5715,0.9354,-0.3273,-1,0.3773,-0.0833,0.2939,HOLDING
2015-07-15,3,EVRG,LNT,24.5088,21.6073,0.9354,-0.2612,-1,0.3491,-0.0833,0.2657,HOLDING
2015-07-16,3,EVRG,LNT,24.8764,21.9436,0.9354,-0.2267,-1,0.3354,-0.0833,0.2521,HOLDING
2015-07-17,3,EVRG,LNT,24.7062,21.6324,0.9354,0.6618,-1,0.0519,-0.0833,-0.0315,HOLDING
2015-07-20,3,EVRG,LNT,24.4952,21.5537,0.9354,-0.0582,-1,0.2728,-0.0833,0.1895,HOLDING
2015-07-21,3,EVRG,LNT,24.2162,21.3319,0.9354,-0.296,-1,0.3456,-0.0833,0.2623,HOLDING
2015-07-22,3,EVRG,LNT,24.3795,21.4893,0.9354,-0.3096,-1,0.3544,-0.0833,0.271,HOLDING
2015-07-23,3,EVRG,LNT,24.1685,21.1673,0.9354,0.4231,-1,0.1219,-0.0833,0.0386,HOLDING
2015-07-24,3,EVRG,LNT,24.2026,21.1995,0.9354,0.3528,-1,0.1226,-0.0833,0.0393,HOLDING
2015-07-27,3,EVRG,LNT,24.6245,21.5537,0.9354,0.5472,-1,0.0475,-0.0833,-0.0359,HOLDING
2015-07-28,3,EVRG,LNT,24.8219,21.6574,0.9354,0.995,-1,-0.1031,-0.0833,-0.1864,HOLDING
2015-07-29,3,EVRG,LNT,25.1146,21.8126,0.9354,1.6862,-1,-0.3236,-0.0833,-0.407,HOLDING
2015-07-30,3,EVRG,LNT,25.3936,22.0112,0.9354,1.8305,-1,-0.4398,-0.0833,-0.5232,HOLDING
2015-07-31,3,EVRG,LNT,25.625,22.2061,0.9354,1.6967,-1,-0.4796,-0.0833,-0.563,HOLDING
2015-08-03,3,EVRG,LNT,25.7067,22.235,0.9354,1.7137,-1,-0.5682,-0.0833,-0.6515,HOLDING
2015-08-04,3,EVRG,LNT,25.38,21.9498,0.9354,1.4344,-1,-0.5305,-0.0833,-0.6138,HOLDING
2015-08-05,3,EVRG,LNT,25.3392,22.0509,0.9354,0.6329,-1,-0.2709,-0.0833,-0.3542,HOLDING
2015-08-06,3,EVRG,LNT,25.3324,21.8884,0.9354,1.3796,-1,-0.5618,-0.0833,-0.6452,HOLDING
2015-08-07,3,EVRG,LNT,25.8564,21.9209,0.9354,2.8088,-1,-1.4144,-0.0833,-1.4977,HOLDING
2015-08-10,3,EVRG,LNT,25.7203,21.8884,0.9354,2.0267,-1,-1.2377,-0.0833,-1.3211,HOLDING
2015-08-11,3,EVRG,LNT,26.0674,21.8957,0.9354,2.46,-1,-1.8291,-0.0833,-1.9124,HOLDING
2015-08-12,3,EVRG,LNT,26.4486,22.1375,0.9354,2.2489,-1,-2.0424,-0.0833,-2.1257,HOLDING
2015-08-13,3,EVRG,LNT,26.7072,22.2098,0.9354,2.1907,-1,-2.3584,-0.0833,-2.4417,HOLDING
2015-08-14,3,EVRG,LNT,27.0475,22.2892,0.9354,2.1981,-1,-2.8033,-0.0833,-2.8866,HOLDING
2015-08-17,3,EVRG,LNT,27.136,22.7152,0.9354,1.3514,-1,-2.1635,-0.0833,-2.2469,HOLDING
2015-08-18,3,EVRG,LNT,26.9046,22.5022,0.9354,1.2324,-1,-2.1573,-0.0833,-2.2406,HOLDING
2015-08-19,3,EVRG,LNT,26.9318,22.5599,0.9354,1.0638,-1,-2.0971,-0.0833,-2.1804,HOLDING
2015-08-20,3,EVRG,LNT,26.7072,22.3253,0.9354,1.0269,-1,-2.1431,-0.0833,-2.2264,HOLDING
2015-08-21,3,EVRG,LNT,26.3261,21.9246,0.9354,1.0494,-1,-2.2259,-0.0833,-2.3092,HOLDING
2015-08-24,3,EVRG,LNT,25.2847,20.9534,0.9354,1.0511,-1,-2.2214,-0.0833,-2.3047,HOLDING
2015-08-25,3,EVRG,LNT,24.4612,20.253,0.9354,0.8974,-1,-2.0918,-0.0833,-2.1752,HOLDING
2015-08-26,3,EVRG,LNT,24.9648,20.4552,0.9354,1.3466,-1,-2.5926,-0.0833,-2.6759,HOLDING
2015-08-27,3,EVRG,LNT,25.2983,20.8415,0.9354,1.0231,-1,-2.4537,-0.0833,-2.537,HOLDING
2015-08-28,3,EVRG,LNT,25.2371,20.8668,0.9354,0.7496,-1,-2.2999,-0.0833,-2.3832,HOLDING
2015-08-31,3,EVRG,LNT,24.8764,20.4588,0.9354,0.9026,-1,-2.4317,-0.0833,-2.515,HOLDING
2015-09-01,3,EVRG,LNT,24.1549,19.8992,0.9354,0.6196,-1,-2.2176,-0.0833,-2.3009,HOLDING
2015-09-02,3,EVRG,LNT,24.223,19.9029,0.9354,0.7823,-1,-2.3295,-0.0833,-2.4128,HOLDING
2015-09-03,3,EVRG,LNT,24.434,19.9931,0.9354,1.2534,-1,-2.5289,-0.0833,-2.6122,HOLDING
2015-09-04,3,EVRG,LNT,24.0971,19.6935,0.9354,1.2139,-1,-2.5004,-0.0833,-2.5837,HOLDING
2015-09-08,3,EVRG,LNT,24.709,20.0725,0.9354,2.1371,-1,-2.86,-0.0833,-2.9433,HOLDING
2015-09-09,3,EVRG,LNT,24.4408,19.8595,0.9354,1.8069,-1,-2.7898,-0.0833,-2.8731,HOLDING
2015-09-10,3,EVRG,LNT,24.4408,19.7982,0.9354,1.9118,-1,-2.9042,-0.0833,-2.9875,HOLDING
2015-09-11,3,EVRG,LNT,24.8671,19.9462,0.9354,2.5027,-1,-3.371,-0.0833,-3.4543,HOLDING
2015-09-14,3,EVRG,LNT,24.7708,20.0003,0.9354,1.622,-1,-3.1023,-0.0833,-3.1857,HOLDING
2015-09-15,3,EVRG,LNT,24.8808,20.0725,0.9354,1.5328,-1,-3.1594,-0.0833,-3.2427,HOLDING
2015-09-16,3,EVRG,LNT,25.2108,20.2927,0.9354,1.6085,-1,-3.324,-0.0833,-3.4073,HOLDING
2015-09-17,3,EVRG,LNT,25.6234,20.6068,0.9354,1.5959,-1,-3.4573,-0.0833,-3.5407,HOLDING
2015-09-18,3,EVRG,LNT,25.4858,20.4877,0.9354,1.448,-1,-3.4398,-0.0833,-3.5231,HOLDING
2015-09-21,3,EVRG,LNT,25.5958,20.6321,0.9354,1.1317,-1,-3.3623,-0.0833,-3.4456,HOLDING
2015-09-22,3,EVRG,LNT,25.3965,20.4697,0.9354,0.9945,-1,-3.3177,-0.0833,-3.401,HOLDING
2015-09-23,3,EVRG,LNT,25.6508,20.4985,0.9354,1.643,-1,-3.7071,-0.0833,-3.7904,HOLDING
2015-09-24,3,EVRG,LNT,25.8433,20.7079,0.9354,1.2964,-1,-3.6522,-0.0833,-3.7356,HOLDING
2015-09-25,3,EVRG,LNT,26.1802,20.9317,0.9354,1.4026,-1,-3.822,-0.0833,-3.9054,HOLDING
2015-09-28,3,EVRG,LNT,26.0358,20.9534,0.9354,0.7384,-1,-3.5301,-0.0833,-3.6135,HOLDING
2015-09-29,3,EVRG,LNT,26.0427,20.8451,0.9354,1.1307,-1,-3.7439,-0.0833,-3.8273,HOLDING
2015-09-30,3,EVRG,LNT,26.4277,21.1159,0.9354,1.3221,-1,-3.9101,-0.0833,-3.9934,HOLDING
2015-10-01,3,EVRG,LNT,25.9877,20.791,0.9354,1.0246,-1,-3.749,-0.0833,-3.8324,HOLDING
2015-10-02,3,EVRG,LNT,26.2352,21.0725,0.9354,0.579,-1,-3.6555,-0.0833,-3.7388,HOLDING
2015-10-05,3,EVRG,LNT,26.4896,21.2855,0.9354,0.5537,-1,-3.7017,-0.0833,-3.785,HOLDING
2015-10-06,3,EVRG,LNT,26.2421,21.1086,0.9354,0.2083,-1,-3.6002,-0.0833,-3.6835,HOLDING
2015-10-07,3,EVRG,LNT,26.3521,21.0184,0.9354,1.6505,-1,-3.96,-0.0833,-4.0433,HOLDING
2015-10-08,3,EVRG,LNT,26.8815,21.2783,0.9354,2.7429,-1,-4.3979,-0.0833,-4.4812,HOLDING
2015-10-09,3,EVRG,LNT,26.8815,21.1989,0.9354,2.5552,-1,-4.5459,-0.0833,-4.6293,HOLDING
2015-10-12,3,EVRG,LNT,27.2184,21.4336,0.9354,2.3433,-1,-4.6956,-0.0833,-4.7789,HOLDING
2015-10-13,3,EVRG,LNT,27.3971,21.4444,0.9354,2.4724,-1,-4.9868,-0.0833,-5.0701,HOLDING
2015-10-14,3,EVRG,LNT,27.2046,21.4913,0.9354,1.3264,-1,-4.5639,-0.0833,-4.6472,HOLDING
2015-10-15,3,EVRG,LNT,27.5484,21.8523,0.9354,0.9097,-1,-4.49,-0.0833,-4.5734,HOLDING
2015-10-16,3,EVRG,LNT,27.5552,21.9209,0.9354,0.5565,-1,-4.3742,-0.0833,-4.4575,HOLDING
2015-10-19,3,EVRG,LNT,27.624,22.0184,0.9354,0.3086,-1,-4.3123,-0.0833,-4.3956,HOLDING
2015-10-20,3,EVRG,LNT,27.7821,22.0942,0.9354,0.5145,-1,-4.4465,-0.0833,-4.5298,HOLDING
2015-10-21,3,EVRG,LNT,27.8096,21.957,0.9354,1.1928,-1,-4.7501,-0.0833,-4.8334,HOLDING
2015-10-22,3,EVRG,LNT,28.394,22.217,0.9354,1.9663,-1,-5.2838,-0.0833,-5.3672,HOLDING
2015-10-23,3,EVRG,LNT,27.6584,21.791,0.9354,1.0037,-1,-4.7961,-0.0833,-4.8794,HOLDING
2015-10-26,3,EVRG,LNT,28.009,21.874,0.9354,1.7246,-1,-5.2522,-0.0833,-5.3356,HOLDING
2015-10-27,3,EVRG,LNT,27.954,21.7982,0.9354,1.6301,-1,-5.2977,-0.0833,-5.381,HOLDING
2015-10-28,3,EVRG,LNT,27.4315,21.6051,0.9354,0.5451,-1,-4.7472,-0.0833,-4.8305,HOLDING
2015-10-29,3,EVRG,LNT,27.2527,21.3756,0.9354,0.798,-1,-4.8635,-0.0833,-4.9469,HOLDING
2015-10-30,3,EVRG,LNT,27.294,21.5031,0.9354,0.3118,-1,-4.6978,-0.0833,-4.7811,HOLDING
2015-11-02,3,EVRG,LNT,27.2802,21.6925,0.9354,-0.7745,-1,-4.3207,-0.0833,-4.404,HOLDING
2015-11-03,3,EVRG,LNT,27.1634,21.7581,0.9354,-1.8167,-1,-3.9949,-0.0833,-4.0782,HOLDING
2015-11-04,3,EVRG,LNT,28.009,21.9002,0.9354,1.2849,-1,-5.2034,-0.0833,-5.2867,HOLDING
2015-11-05,3,EVRG,LNT,27.8509,21.8711,0.9354,0.6269,-1,-4.9822,-0.0833,-5.0655,HOLDING
2015-11-06,3,EVRG,LNT,26.7302,20.7635,0.9354,1.4543,-1,-5.0939,-0.0833,-5.1772,HOLDING
2015-11-09,3,EVRG,LNT,27.0121,20.6979,0.9354,2.4466,-1,-5.7073,-0.0833,-5.7906,HOLDING
2015-11-10,3,EVRG,LNT,28.0159,21.1861,0.9354,2.8373,-1,-6.5462,-0.0833,-6.6296,HOLDING
2015-11-11,3,EVRG,LNT,28.5452,21.4339,0.9354,2.5902,-1,-7.0068,-0.0833,-7.0902,HOLDING
2015-11-12,3,EVRG,LNT,28.0571,21.2881,0.9354,1.6688,-1,-6.428,-0.0833,-6.5113,HOLDING
2015-11-13,3,EVRG,LNT,27.7202,21.31,0.9354,0.8309,-1,-5.8003,-0.0833,-5.8836,HOLDING
2015-11-16,3,EVRG,LNT,28.5659,21.8528,0.9354,1.0938,-1,-6.2619,-0.0833,-6.3452,HOLDING
2015-11-17,3,EVRG,LNT,28.2152,21.4885,0.9354,1.1654,-1,-6.33,-0.0833,-6.4134,HOLDING
2015-11-18,3,EVRG,LNT,28.7102,21.6051,0.9354,1.6395,-1,-6.9752,-0.0833,-7.0585,HOLDING
2015-11-19,3,EVRG,LNT,29.1296,22.0241,0.9354,1.2995,-1,-6.925,-0.0833,-7.0083,HOLDING
2015-11-20,3,EVRG,LNT,29.3771,22.2536,0.9354,1.114,-1,-6.9285,-0.0833,-7.0118,HOLDING
2015-11-23,3,EVRG,LNT,29.0127,21.9512,0.9354,1.0248,-1,-6.8572,-0.0833,-6.9405,HOLDING
2015-11-24,3,EVRG,LNT,28.9096,21.8929,0.9354,0.8837,-1,-6.7861,-0.0833,-6.8695,HOLDING
2015-11-25,3,EVRG,LNT,28.9234,21.7545,0.9354,1.0862,-1,-7.0681,-0.0833,-7.1515,HOLDING
2015-11-27,3,EVRG,LNT,29.1709,21.8164,0.9354,1.2383,-1,-7.3839,-0.0833,-7.4672,HOLDING
2015-11-30,3,EVRG,LNT,29.3428,21.9294,0.9354,1.1729,-1,-7.4729,-0.0833,-7.5562,HOLDING
2015-12-01,3,EVRG,LNT,29.9134,22.3702,0.9354,1.1333,-1,-7.6454,-0.0833,-7.7288,HOLDING
2015-12-02,3,EVRG,LNT,29.0815,22.086,0.9354,0.1533,-1,-6.7257,-0.0833,-6.8091,HOLDING
2015-12-03,3,EVRG,LNT,28.6002,21.6379,0.9354,0.2369,-1,-6.7224,-0.0833,-6.8058,HOLDING
2015-12-04,3,EVRG,LNT,28.9302,21.9876,0.9354,-0.1924,-1,0.0,-6.8202,-6.8202,PERIOD_END_EXIT
2015-06-09,4,AIV,AVB,1.5275,112.4254,0.9961,0.0,0,0.0,0.0,0.0,HOLD_CASH
2015-06-10,4,AIV,AVB,1.5333,112.9083,0.9961,0.0,0,0.0,0.0,0.0,HOLD_CASH
2015-06-11,4,AIV,AVB,1.5565,114.042,0.9961,0.0,0,0.0,0.0,0.0,HOLD_CASH
2015-06-12,4,AIV,AVB,1.5432,113.7481,0.9961,0.0,0,0.0,0.0,0.0,HOLD_CASH
2015-06-15,4,AIV,AVB,1.5324,113.902,0.9961,0.0,0,0.0,0.0,0.0,HOLD_CASH
2015-06-16,4,AIV,AVB,1.5598,115.1267,0.9961,0.0,0,0.0,0.0,0.0,HOLD_CASH
2015-06-17,4,AIV,AVB,1.5727,116.6033,0.9961,0.0,0,0.0,0.0,0.0,HOLD_CASH
2015-06-18,4,AIV,AVB,1.5968,117.772,0.9961,0.0,0,0.0,0.0,0.0,HOLD_CASH
2015-06-19,4,AIV,AVB,1.5835,116.0714,0.9961,0.0,0,0.0,0.0,0.0,HOLD_CASH
2015-06-22,4,AIV,AVB,1.5793,115.4066,0.9961,0.0,0,0.0,0.0,0.0,HOLD_CASH
2015-06-23,4,AIV,AVB,1.5515,113.8601,0.9961,0.0,0,0.0,0.0,0.0,HOLD_CASH
2015-06-24,4,AIV,AVB,1.5432,113.5941,0.9961,0.0,0,0.0,0.0,0.0,HOLD_CASH
2015-06-25,4,AIV,AVB,1.5412,113.0202,0.9961,0.0,0,0.0,0.0,0.0,HOLD_CASH
2015-06-26,4,AIV,AVB,1.5482,114.198,0.9961,0.0,0,0.0,0.0,0.0,HOLD_CASH
2015-06-29,4,AIV,AVB,1.5329,112.1951,0.9961,0.0,0,0.0,0.0,0.0,HOLD_CASH
2015-06-30,4,AIV,AVB,1.5329,112.7523,0.9961,0.0,0,0.0,0.0,0.0,HOLD_CASH
2015-07-01,4,AIV,AVB,1.569,114.9245,0.9961,0.0,0,0.0,0.0,0.0,HOLD_CASH
2015-07-02,4,AIV,AVB,1.5785,115.6509,0.9961,0.0,0,0.0,0.0,0.0,HOLD_CASH
2015-07-06,4,AIV,AVB,1.591,116.3351,0.9961,0.0,0,0.0,0.0,0.0,HOLD_CASH
2015-07-07,4,AIV,AVB,1.6221,118.0841,0.9961,1.9217,0,0.0,0.0,0.0,HOLD_CASH
2015-07-08,4,AIV,AVB,1.6043,117.534,0.9961,0.5915,0,0.0,0.0,0.0,HOLD_CASH
2015-07-09,4,AIV,AVB,1.6034,117.5552,0.9961,0.4088,0,0.0,0.0,0.0,HOLD_CASH
2015-07-10,4,AIV,AVB,1.6092,117.9924,0.9961,0.4002,0,0.0,0.0,0.0,HOLD_CASH
2015-07-13,4,AIV,AVB,1.6047,118.0348,0.9961,-0.2598,0,0.0,0.0,0.0,HOLD_CASH
2015-07-14,4,AIV,AVB,1.615,118.6201,0.9961,-0.0919,0,0.0,0.0,0.0,HOLD_CASH
2015-07-15,4,AIV,AVB,1.6221,118.9233,0.9961,0.2785,0,0.0,0.0,0.0,HOLD_CASH
2015-07-16,4,AIV,AVB,1.6358,119.7838,0.9961,0.5399,0,0.0,0.0,0.0,HOLD_CASH
2015-07-17,4,AIV,AVB,1.6375,119.3395,0.9961,1.8351,0,0.0,0.0,0.0,HOLD_CASH
2015-07-20,4,AIV,AVB,1.6474,119.4735,0.9961,2.5694,-1,0.0,-0.0833,-0.0833,ENTER_SHORT_A
2015-07-21,4,AIV,AVB,1.6528,118.9163,0.9961,3.0613,-1,-0.3307,-0.0833,-0.414,HOLDING
2015-07-22,4,AIV,AVB,1.6599,119.9179,0.9961,1.9624,-1,-0.1609,-0.0833,-0.2442,HOLDING
2015-07-23,4,AIV,AVB,1.6516,118.8881,0.9961,2.101,-1,-0.309,-0.0833,-0.3923,HOLDING
2015-07-24,4,AIV,AVB,1.6607,119.3819,0.9961,1.9338,-1,-0.3685,-0.0833,-0.4518,HOLDING
2015-07-27,4,AIV,AVB,1.6599,118.9163,0.9961,2.0186,-1,-0.5095,-0.0833,-0.5928,HOLDING
2015-07-28,4,AIV,AVB,1.6566,119.8191,0.9961,0.8213,-1,-0.1111,-0.0833,-0.1945,HOLDING
2015-07-29,4,AIV,AVB,1.6449,120.334,0.9961,-0.5372,-1,0.3626,-0.0833,0.2793,HOLDING
2015-07-30,4,AIV,AVB,1.6362,120.7642,0.9961,-1.4753,-1,0.7332,-0.0833,0.6499,HOLDING
2015-07-31,4,AIV,AVB,1.6221,121.547,0.9961,-2.5041,-1,1.3634,-0.0833,1.28,HOLDING
2015-08-03,4,AIV,AVB,1.6366,122.6967,0.9961,-2.1135,-1,1.3954,-0.0833,1.312,HOLDING
2015-08-04,4,AIV,AVB,1.6341,121.7657,0.9961,-1.4424,-1,1.1344,-0.0833,1.0511,HOLDING
2015-08-05,4,AIV,AVB,1.6192,121.5752,0.9961,-1.7577,-1,1.4468,-0.0833,1.3635,HOLDING
2015-08-06,4,AIV,AVB,1.6246,121.8503,0.9961,-1.5019,-1,1.4058,-0.0833,1.3225,HOLDING
2015-08-07,4,AIV,AVB,1.6325,122.612,0.9961,-1.4252,-1,1.4711,-0.0833,1.3878,HOLDING
2015-08-10,4,AIV,AVB,1.6279,122.5485,0.9961,-1.4107,-1,1.5647,-0.0833,1.4813,HOLDING
2015-08-11,4,AIV,AVB,1.6574,123.5783,0.9961,-0.7998,-1,1.1763,-0.0833,1.093,HOLDING
2015-08-12,4,AIV,AVB,1.672,123.9167,0.9961,-0.4245,-1,0.9232,-0.0833,0.8398,HOLDING
2015-08-13,4,AIV,AVB,1.6565,124.1847,0.9961,-0.9783,-1,1.4086,-0.0833,1.3253,HOLDING
2015-08-14,4,AIV,AVB,1.6662,124.9182,0.9961,-0.8929,-1,1.4201,-0.0833,1.3368,HOLDING
2015-08-17,4,AIV,AVB,1.6791,125.9551,0.9961,-0.831,-1,1.4525,-0.0833,1.3692,HOLDING
2015-08-18,4,AIV,AVB,1.6871,126.7379,0.9961,-0.8257,-1,1.5236,-0.0833,1.4403,HOLDING
2015-08-19,4,AIV,AVB,1.672,125.6376,0.9961,-0.7597,-1,1.5222,-0.0833,1.4388,HOLDING
2015-08-20,4,AIV,AVB,1.6494,125.1157,0.9961,-1.2218,-1,1.9128,-0.0833,1.8295,HOLDING
2015-08-21,4,AIV,AVB,1.6101,122.3228,0.9961,-1.2632,-1,1.9369,-0.0833,1.8536,HOLDING
2015-08-24,4,AIV,AVB,1.5227,116.7582,0.9961,-1.9319,-1,2.215,-0.0833,2.1317,HOLDING
2015-08-25,4,AIV,AVB,1.4863,114.5931,0.9961,-2.2803,-1,2.3835,-0.0833,2.3001,HOLDING
2015-08-26,4,AIV,AVB,1.5244,117.4212,0.9961,-2.0223,-1,2.4034,-0.0833,2.3201,HOLDING
2015-08-27,4,AIV,AVB,1.5541,118.9375,0.9961,-1.3454,-1,2.1787,-0.0833,2.0954,HOLDING
2015-08-28,4,AIV,AVB,1.565,118.9869,0.9961,-0.6925,-1,1.9204,-0.0833,1.837,HOLDING
2015-08-31,4,AIV,AVB,1.5068,116.4126,0.9961,-1.8091,-1,2.4975,-0.0833,2.4142,HOLDING
2015-09-01,4,AIV,AVB,1.4817,114.1276,0.9961,-1.405,-1,2.338,-0.0833,2.2547,HOLDING
2015-09-02,4,AIV,AVB,1.4934,115.0514,0.9961,-1.2692,-1,2.3628,-0.0833,2.2795,HOLDING
2015-09-03,4,AIV,AVB,1.4909,115.0514,0.9961,-1.2529,-1,2.4264,-0.0833,2.3431,HOLDING
2015-09-04,4,AIV,AVB,1.4575,113.2177,0.9961,-1.5394,-1,2.636,-0.0833,2.5527,HOLDING
2015-09-08,4,AIV,AVB,1.4721,114.7976,0.9961,-1.5829,-1,2.815,-0.0833,2.7316,HOLDING
2015-09-09,4,AIV,AVB,1.4633,113.6409,0.9961,-1.1951,-1,2.6349,-0.0833,2.5516,HOLDING
2015-09-10,4,AIV,AVB,1.4738,114.1557,0.9961,-0.9566,-1,2.5492,-0.0833,2.4658,HOLDING
2015-09-11,4,AIV,AVB,1.5114,116.9134,0.9961,-0.7694,-1,2.5552,-0.0833,2.4719,HOLDING
2015-09-14,4,AIV,AVB,1.5056,116.2645,0.9961,-0.5654,-1,2.4777,-0.0833,2.3944,HOLDING
2015-09-15,4,AIV,AVB,1.4993,117.8091,0.9961,-1.8418,-1,3.1743,-0.0833,3.091,HOLDING
2015-09-16,4,AIV,AVB,1.5089,118.8952,0.9961,-1.8969,-1,3.3086,-0.0833,3.2253,HOLDING
2015-09-17,4,AIV,AVB,1.5227,119.7909,0.9961,-1.6758,-1,3.2706,-0.0833,3.1873,HOLDING
2015-09-18,4,AIV,AVB,1.5164,120.4821,0.9961,-2.2128,-1,3.6702,-0.0833,3.5869,HOLDING
2015-09-21,4,AIV,AVB,1.5294,121.533,0.9961,-1.957,-1,3.7074,-0.0833,3.6241,HOLDING
2015-09-22,4,AIV,AVB,1.5185,120.2634,0.9961,-1.4901,-1,3.5411,-0.0833,3.4578,HOLDING
2015-09-23,4,AIV,AVB,1.5302,120.8911,0.9961,-1.1614,-1,3.4628,-0.0833,3.3795,HOLDING
2015-09-24,4,AIV,AVB,1.5131,119.4312,0.9961,-0.9917,-1,3.3892,-0.0833,3.3059,HOLDING
2015-09-25,4,AIV,AVB,1.5269,120.3551,0.9961,-0.8,-1,3.361,-0.0833,3.2777,HOLDING
2015-09-28,4,AIV,AVB,1.5006,118.8205,0.9961,-1.1164,-1,3.4946,-0.0833,3.4112,HOLDING
2015-09-29,4,AIV,AVB,1.5328,122.7779,0.9961,-1.835,-1,4.0559,-0.0833,3.9726,HOLDING
2015-09-30,4,AIV,AVB,1.5482,124.2059,0.9961,-1.7295,-1,4.1609,-0.0833,4.0776,HOLDING
2015-10-01,4,AIV,AVB,1.57,124.5114,0.9961,-0.7307,-1,3.7161,-0.0833,3.6328,HOLDING
2015-10-02,4,AIV,AVB,1.5846,124.9022,0.9961,-0.1339,-1,3.4812,-0.0833,3.3979,HOLDING
2015-10-05,4,AIV,AVB,1.603,125.7832,0.9961,0.3312,-1,3.3215,-0.0833,3.2382,HOLDING
2015-10-06,4,AIV,AVB,1.5926,124.7388,0.9961,0.5222,-1,3.2229,-0.0833,3.1396,HOLDING
2015-10-07,4,AIV,AVB,1.6168,125.5985,0.9961,1.3054,-1,2.9075,-0.0833,2.8241,HOLDING
2015-10-08,4,AIV,AVB,1.631,126.6286,0.9961,1.3926,-1,2.9057,-0.0833,2.8224,HOLDING
2015-10-09,4,AIV,AVB,1.6423,127.1331,0.9961,1.683,-1,2.7952,-0.0833,2.7118,HOLDING
2015-10-12,4,AIV,AVB,1.6524,128.0212,0.9961,1.6595,-1,2.8499,-0.0833,2.7666,HOLDING
2015-10-13,4,AIV,AVB,1.6386,127.6944,0.9961,1.0104,-1,3.0859,-0.0833,3.0026,HOLDING
2015-10-14,4,AIV,AVB,1.6181,126.2734,0.9961,0.8093,-1,3.1106,-0.0833,3.0273,HOLDING
2015-10-15,4,AIV,AVB,1.6478,128.4333,0.9961,0.8677,-1,3.1099,-0.0833,3.0266,HOLDING
2015-10-16,4,AIV,AVB,1.6553,130.3161,0.9961,-0.0986,-1,3.5745,-0.0833,3.4912,HOLDING
2015-10-19,4,AIV,AVB,1.6862,131.6233,0.9961,0.6403,-1,3.2453,-0.0833,3.1619,HOLDING
2015-10-20,4,AIV,AVB,1.6942,131.2184,0.9961,1.2466,-1,2.903,-0.0833,2.8196,HOLDING
2015-10-21,4,AIV,AVB,1.6812,130.8915,0.9961,0.6872,-1,3.1177,-0.0833,3.0344,HOLDING
2015-10-22,4,AIV,AVB,1.6825,131.2894,0.9961,0.4209,-1,3.2244,-0.0833,3.1411,HOLDING
2015-10-23,4,AIV,AVB,1.6724,129.911,0.9961,0.7717,-1,2.999,-0.0833,2.9157,HOLDING
2015-10-26,4,AIV,AVB,1.672,129.3071,0.9961,1.0699,-1,2.7994,-0.0833,2.7161,HOLDING
2015-10-27,4,AIV,AVB,1.6825,127.1117,0.9961,2.7009,-1,1.7703,-0.0833,1.687,HOLDING
2015-10-28,4,AIV,AVB,1.6649,125.7974,0.9961,2.425,-1,1.7579,-0.0833,1.6746,HOLDING
2015-10-29,4,AIV,AVB,1.6712,126.4297,0.9961,2.0282,-1,1.8191,-0.0833,1.7357,HOLDING
2015-10-30,4,AIV,AVB,1.639,124.213,0.9961,1.6628,-1,1.8635,-0.0833,1.7802,HOLDING
2015-11-02,4,AIV,AVB,1.6733,127.9928,0.9961,0.8564,-1,2.3101,-0.0833,2.2268,HOLDING
2015-11-03,4,AIV,AVB,1.6591,126.2592,0.9961,1.1337,-1,2.0671,-0.0833,1.9837,HOLDING
2015-11-04,4,AIV,AVB,1.6001,126.5363,0.9961,-1.6737,-1,3.6578,-0.0833,3.5745,HOLDING
2015-11-05,4,AIV,AVB,1.6005,126.0531,0.9961,-1.2692,-1,3.4791,-0.0833,3.3957,HOLDING
2015-11-06,4,AIV,AVB,1.5512,122.8774,0.9961,-1.4966,-1,3.6243,-0.0833,3.5409,HOLDING
2015-11-09,4,AIV,AVB,1.5148,120.9306,0.9961,-1.7405,-1,3.8687,-0.0833,3.7854,HOLDING
2015-11-10,4,AIV,AVB,1.5252,122.5505,0.9961,-1.8337,-1,4.1676,-0.0833,4.0842,HOLDING
2015-11-11,4,AIV,AVB,1.5407,123.5807,0.9961,-1.5532,-1,4.134,-0.0833,4.0507,HOLDING
2015-11-12,4,AIV,AVB,1.529,123.4954,0.9961,-1.6666,-1,4.4011,-0.0833,4.3178,HOLDING
2015-11-13,4,AIV,AVB,1.5202,122.657,0.9961,-1.4745,-1,4.3318,-0.0833,4.2485,HOLDING
2015-11-16,4,AIV,AVB,1.5404,123.9217,0.9961,-1.2236,-1,4.2591,-0.0833,4.1758,HOLDING
2015-11-17,4,AIV,AVB,1.5485,124.4475,0.9961,-1.0738,-1,4.2391,-0.0833,4.1557,HOLDING
2015-11-18,4,AIV,AVB,1.5527,125.3285,0.9961,-1.1336,-1,4.4388,-0.0833,4.3555,HOLDING
2015-11-19,4,AIV,AVB,1.5594,126.0389,0.9961,-1.0797,-1,4.5151,-0.0833,4.4318,HOLDING
2015-11-20,4,AIV,AVB,1.5839,127.9004,0.9961,-0.9503,-1,4.5433,-0.0833,4.4599,HOLDING
2015-11-23,4,AIV,AVB,1.5881,128.9519,0.9961,-1.0432,-1,4.8024,-0.0833,4.7191,HOLDING
2015-11-24,4,AIV,AVB,1.5759,127.4954,0.9961,-0.8327,-1,4.6054,-0.0833,4.522,HOLDING
2015-11-25,4,AIV,AVB,1.5961,128.6251,0.9961,-0.6075,-1,4.4856,-0.0833,4.4023,HOLDING
2015-11-27,4,AIV,AVB,1.6201,129.5558,0.9961,-0.1903,-1,4.2005,-0.0833,4.1171,HOLDING
2015-11-30,4,AIV,AVB,1.6071,129.1579,0.9961,-0.3479,-1,4.3932,-0.0833,4.3099,HOLDING
2015-12-01,4,AIV,AVB,1.6349,131.3604,0.9961,-0.2324,-1,4.4545,-0.0833,4.3712,HOLDING
2015-12-02,4,AIV,AVB,1.6071,128.4972,0.9961,0.4899,-1,4.1633,-0.0833,4.0799,HOLDING
2015-12-03,4,AIV,AVB,1.5809,125.1935,0.9961,1.722,-1,3.6759,-0.0833,3.5925,HOLDING
2015-12-04,4,AIV,AVB,1.6332,129.3853,0.9961,1.8817,-1,0.0,3.6401,3.6401,PERIOD_END_EXIT
2015-06-09,5,AEE,AEP,27.4686,36.5385,0.9769,0.0,0,0.0,0.0,0.0,HOLD_CASH
2015-06-10,5,AEE,AEP,27.4251,36.8323,0.9769,0.0,0,0.0,0.0,0.0,HOLD_CASH
2015-06-11,5,AEE,AEP,27.7805,37.1194,0.9769,0.0,0,0.0,0.0,0.0,HOLD_CASH
2015-06-12,5,AEE,AEP,27.3961,36.8597,0.9769,0.0,0,0.0,0.0,0.0,HOLD_CASH
2015-06-15,5,AEE,AEP,27.3671,36.6683,0.9769,0.0,0,0.0,0.0,0.0,HOLD_CASH
2015-06-16,5,AEE,AEP,27.4251,36.723,0.9769,0.0,0,0.0,0.0,0.0,HOLD_CASH
2015-06-17,5,AEE,AEP,27.6282,36.9485,0.9769,0.0,0,0.0,0.0,0.0,HOLD_CASH
2015-06-18,5,AEE,AEP,27.9546,37.4748,0.9769,0.0,0,0.0,0.0,0.0,HOLD_CASH
2015-06-19,5,AEE,AEP,27.7515,37.2288,0.9769,0.0,0,0.0,0.0,0.0,HOLD_CASH
2015-06-22,5,AEE,AEP,27.7878,37.0716,0.9769,0.0,0,0.0,0.0,0.0,HOLD_CASH
2015-06-23,5,AEE,AEP,27.3888,36.4564,0.9769,0.0,0,0.0,0.0,0.0,HOLD_CASH
2015-06-24,5,AEE,AEP,27.4033,36.1967,0.9769,0.0,0,0.0,0.0,0.0,HOLD_CASH
2015-06-25,5,AEE,AEP,27.2075,35.9643,0.9769,0.0,0,0.0,0.0,0.0,HOLD_CASH
2015-06-26,5,AEE,AEP,27.3671,36.1625,0.9769,0.0,0,0.0,0.0,0.0,HOLD_CASH
2015-06-29,5,AEE,AEP,27.2292,36.0874,0.9769,0.0,0,0.0,0.0,0.0,HOLD_CASH
2015-06-30,5,AEE,AEP,27.3308,36.2036,0.9769,0.0,0,0.0,0.0,0.0,HOLD_CASH
2015-07-01,5,AEE,AEP,27.5484,36.4223,0.9769,0.0,0,0.0,0.0,0.0,HOLD_CASH
2015-07-02,5,AEE,AEP,27.9256,37.0647,0.9769,0.0,0,0.0,0.0,0.0,HOLD_CASH
2015-07-06,5,AEE,AEP,27.9691,37.2698,0.9769,0.0,0,0.0,0.0,0.0,HOLD_CASH
2015-07-07,5,AEE,AEP,28.7234,38.3292,0.9769,-0.0958,0,0.0,0.0,0.0,HOLD_CASH
2015-07-08,5,AEE,AEP,28.4913,38.295,0.9769,-1.2247,0,0.0,0.0,0.0,HOLD_CASH
2015-07-09,5,AEE,AEP,28.0561,37.9464,0.9769,-2.0591,1,0.0,-0.0833,-0.0833,ENTER_LONG_A
2015-07-10,5,AEE,AEP,28.3027,37.9737,0.9769,-0.7889,1,0.3408,-0.0833,0.2575,HOLDING
2015-07-13,5,AEE,AEP,28.223,37.8234,0.9769,-0.6893,1,0.3841,-0.0833,0.3008,HOLDING
2015-07-14,5,AEE,AEP,28.1867,37.7209,0.9769,-0.4954,1,0.4409,-0.0833,0.3576,HOLDING
2015-07-15,5,AEE,AEP,28.281,38.0558,0.9769,-1.2565,1,0.2192,-0.0833,0.1358,HOLDING
2015-07-16,5,AEE,AEP,28.767,38.5205,0.9769,-0.463,1,0.4449,-0.0833,0.3616,HOLDING
2015-07-17,5,AEE,AEP,28.5711,38.0831,0.9769,0.1524,1,0.6254,-0.0833,0.5421,HOLDING
2015-07-20,5,AEE,AEP,28.3753,37.9601,0.9769,-0.4559,1,0.4647,-0.0833,0.3813,HOLDING
2015-07-21,5,AEE,AEP,28.0706,37.5158,0.9769,-0.3318,1,0.489,-0.0833,0.4057,HOLDING
2015-07-22,5,AEE,AEP,28.0416,37.7345,0.9769,-1.2507,1,0.2081,-0.0833,0.1248,HOLDING
2015-07-23,5,AEE,AEP,27.7588,37.3108,0.9769,-1.0184,1,0.243,-0.0833,0.1596,HOLDING
2015-07-24,5,AEE,AEP,27.9473,37.3176,0.9769,0.0763,1,0.5189,-0.0833,0.4356,HOLDING
2015-07-27,5,AEE,AEP,28.3027,38.0968,0.9769,-1.0746,1,0.2073,-0.0833,0.124,HOLDING
2015-07-28,5,AEE,AEP,28.5349,38.1993,0.9769,-0.0443,1,0.4448,-0.0833,0.3615,HOLDING
2015-07-29,5,AEE,AEP,28.7597,38.2335,0.9769,1.2952,1,0.7456,-0.0833,0.6622,HOLDING
2015-07-30,5,AEE,AEP,28.8468,38.4932,0.9769,0.7844,1,0.5945,-0.0833,0.5111,HOLDING
2015-07-31,5,AEE,AEP,29.797,38.6641,0.9769,3.658,1,1.8367,-0.0833,1.7534,HOLDING
2015-08-03,5,AEE,AEP,30.1669,38.999,0.9769,2.8945,1,2.0291,-0.0833,1.9457,HOLDING
2015-08-04,5,AEE,AEP,29.7462,38.541,0.9769,2.1828,1,1.8939,-0.0833,1.8106,HOLDING
2015-08-05,5,AEE,AEP,30.0,38.7187,0.9769,2.0593,1,2.0825,-0.0833,1.9992,HOLDING
2015-08-06,5,AEE,AEP,30.2394,38.8153,0.9769,2.0426,1,2.3373,-0.0833,2.254,HOLDING
2015-08-07,5,AEE,AEP,30.5513,39.1672,0.9769,1.8208,1,2.4241,-0.0833,2.3408,HOLDING
2015-08-10,5,AEE,AEP,30.3337,39.1258,0.9769,1.3229,1,2.1421,-0.0833,2.0587,HOLDING
2015-08-11,5,AEE,AEP,30.5368,39.2224,0.9769,1.3786,1,2.3424,-0.0833,2.2591,HOLDING
2015-08-12,5,AEE,AEP,30.9357,39.7191,0.9769,1.2704,1,2.4027,-0.0833,2.3194,HOLDING
2015-08-13,5,AEE,AEP,30.914,39.7053,0.9769,1.1287,1,2.385,-0.0833,2.3017,HOLDING
2015-08-14,5,AEE,AEP,31.001,40.1538,0.9769,0.6533,1,2.0291,-0.0833,1.9458,HOLDING
2015-08-17,5,AEE,AEP,31.4797,40.2573,0.9769,1.1638,1,2.6361,-0.0833,2.5527,HOLDING
2015-08-18,5,AEE,AEP,31.3347,40.2021,0.9769,0.9074,1,2.478,-0.0833,2.3947,HOLDING
2015-08-19,5,AEE,AEP,31.5885,40.5677,0.9769,0.7889,1,2.4626,-0.0833,2.3793,HOLDING
2015-08-20,5,AEE,AEP,31.4145,40.2711,0.9769,0.8001,1,2.523,-0.0833,2.4397,HOLDING
2015-08-21,5,AEE,AEP,30.8342,39.526,0.9769,0.7012,1,2.4598,-0.0833,2.3765,HOLDING
2015-08-24,5,AEE,AEP,29.5068,37.8287,0.9769,0.5727,1,2.3073,-0.0833,2.224,HOLDING
2015-08-25,5,AEE,AEP,28.8468,36.5799,0.9769,1.2834,1,2.6707,-0.0833,2.5874,HOLDING
2015-08-26,5,AEE,AEP,29.4125,37.263,0.9769,1.4009,1,2.7796,-0.0833,2.6962,HOLDING
2015-08-27,5,AEE,AEP,29.7534,37.8839,0.9769,1.2383,1,2.6179,-0.0833,2.5346,HOLDING
2015-08-28,5,AEE,AEP,29.7897,37.877,0.9769,1.3531,1,2.6799,-0.0833,2.5966,HOLDING
2015-08-31,5,AEE,AEP,29.2239,37.4562,0.9769,-0.0965,1,2.2866,-0.0833,2.2033,HOLDING
2015-09-01,5,AEE,AEP,28.3753,36.5593,0.9769,-1.2314,1,1.9848,-0.0833,1.9015,HOLDING
2015-09-02,5,AEE,AEP,28.3463,36.5731,0.9769,-1.463,1,1.9263,-0.0833,1.8429,HOLDING
2015-09-03,5,AEE,AEP,28.4696,36.8076,0.9769,-1.6107,1,1.857,-0.0833,1.7737,HOLDING
2015-09-04,5,AEE,AEP,27.9691,36.2488,0.9769,-1.7957,1,1.7115,-0.0833,1.6281,HOLDING
2015-09-08,5,AEE,AEP,28.5776,37.3113,0.9769,-2.3273,1,1.4727,-0.0833,1.3894,HOLDING
2015-09-09,5,AEE,AEP,28.1964,36.8214,0.9769,-2.0067,1,1.4315,-0.0833,1.3482,HOLDING
2015-09-10,5,AEE,AEP,28.1744,36.8352,0.9769,-1.829,1,1.3835,-0.0833,1.3001,HOLDING
2015-09-11,5,AEE,AEP,28.4603,37.1043,0.9769,-1.3545,1,1.5211,-0.0833,1.4377,HOLDING
2015-09-14,5,AEE,AEP,28.5776,37.0353,0.9769,-0.7431,1,1.7722,-0.0833,1.6888,HOLDING
2015-09-15,5,AEE,AEP,28.7389,37.1526,0.9769,-0.433,1,1.8872,-0.0833,1.8039,HOLDING
2015-09-16,5,AEE,AEP,29.0981,37.6908,0.9769,-0.5404,1,1.843,-0.0833,1.7596,HOLDING
2015-09-17,5,AEE,AEP,29.7213,38.5462,0.9769,-0.5579,1,1.8509,-0.0833,1.7675,HOLDING
2015-09-18,5,AEE,AEP,29.5967,38.2772,0.9769,-0.2465,1,1.9556,-0.0833,1.8723,HOLDING
2015-09-21,5,AEE,AEP,29.9266,38.36,0.9769,0.6677,1,2.3614,-0.0833,2.2781,HOLDING
2015-09-22,5,AEE,AEP,29.692,37.7528,0.9769,1.3508,1,2.6678,-0.0833,2.5845,HOLDING
2015-09-23,5,AEE,AEP,29.9119,37.9598,0.9769,1.5478,1,2.7737,-0.0833,2.6903,HOLDING
2015-09-24,5,AEE,AEP,30.0952,38.2634,0.9769,1.4328,1,2.7196,-0.0833,2.6363,HOLDING
2015-09-25,5,AEE,AEP,30.3298,38.629,0.9769,1.2787,1,2.6753,-0.0833,2.5919,HOLDING
2015-09-28,5,AEE,AEP,30.4544,38.5393,0.9769,1.8088,1,2.9599,-0.0833,2.8765,HOLDING
2015-09-29,5,AEE,AEP,30.5644,38.7256,0.9769,1.5444,1,2.923,-0.0833,2.8396,HOLDING
2015-09-30,5,AEE,AEP,30.9896,39.2293,0.9769,1.4687,1,3.0153,-0.0833,2.9319,HOLDING
2015-10-01,5,AEE,AEP,30.6304,38.7325,0.9769,1.3704,1,3.0146,-0.0833,2.9313,HOLDING
2015-10-02,5,AEE,AEP,31.0263,38.8567,0.9769,1.8291,1,3.4746,-0.0833,3.3913,HOLDING
2015-10-05,5,AEE,AEP,31.2462,39.6432,0.9769,0.8356,1,2.9515,-0.0833,2.8682,HOLDING
2015-10-06,5,AEE,AEP,31.0189,39.0637,0.9769,1.2238,1,3.239,-0.0833,3.1557,HOLDING
2015-10-07,5,AEE,AEP,30.9456,38.6635,0.9769,1.6049,1,3.5631,-0.0833,3.4798,HOLDING
2015-10-08,5,AEE,AEP,31.6128,39.2362,0.9769,1.884,1,3.944,-0.0833,3.8607,HOLDING
2015-10-09,5,AEE,AEP,31.6128,39.1465,0.9769,1.8281,1,4.0414,-0.0833,3.958,HOLDING
2015-10-12,5,AEE,AEP,32.0527,39.7122,0.9769,1.6228,1,4.0883,-0.0833,4.005,HOLDING
2015-10-13,5,AEE,AEP,32.0013,39.7743,0.9769,1.2802,1,3.9439,-0.0833,3.8605,HOLDING
2015-10-14,5,AEE,AEP,31.8107,40.1193,0.9769,0.1967,1,3.2831,-0.0833,3.1998,HOLDING
2015-10-15,5,AEE,AEP,32.2139,40.5125,0.9769,0.3469,1,3.4622,-0.0833,3.3788,HOLDING
2015-10-16,5,AEE,AEP,32.3312,40.3884,0.9769,0.8613,1,3.7732,-0.0833,3.6898,HOLDING
2015-10-19,5,AEE,AEP,32.4706,40.4229,0.9769,1.1106,1,3.945,-0.0833,3.8617,HOLDING
2015-10-20,5,AEE,AEP,32.4925,40.4711,0.9769,0.9622,1,3.9257,-0.0833,3.8423,HOLDING
2015-10-21,5,AEE,AEP,32.3679,40.6643,0.9769,0.0192,1,3.5288,-0.0833,3.4454,HOLDING
2015-10-22,5,AEE,AEP,32.6245,40.823,0.9769,0.3872,1,3.7421,-0.0833,3.6588,HOLDING
2015-10-23,5,AEE,AEP,32.2506,39.657,0.9769,2.0276,1,4.4456,-0.0833,4.3623,HOLDING
2015-10-26,5,AEE,AEP,32.5585,39.8916,0.9769,2.0599,1,4.6537,-0.0833,4.5704,HOLDING
2015-10-27,5,AEE,AEP,32.6172,39.7881,0.9769,2.1125,1,4.8542,-0.0833,4.7708,HOLDING
2015-10-28,5,AEE,AEP,32.2799,39.3742,0.9769,1.8299,1,4.7967,-0.0833,4.7133,HOLDING
2015-10-29,5,AEE,AEP,31.8254,38.7808,0.9769,1.6738,1,4.7576,-0.0833,4.6743,HOLDING
2015-10-30,5,AEE,AEP,32.0233,39.0844,0.9769,1.3809,1,4.7256,-0.0833,4.6423,HOLDING
2015-11-02,5,AEE,AEP,32.1993,39.25,0.9769,1.3796,1,4.8103,-0.0833,4.7269,HOLDING
2015-11-03,5,AEE,AEP,32.1626,39.1534,0.9769,1.3479,1,4.86,-0.0833,4.7767,HOLDING
2015-11-04,5,AEE,AEP,32.4119,39.1258,0.9769,1.7781,1,5.2645,-0.0833,5.1812,HOLDING
2015-11-05,5,AEE,AEP,32.2726,38.974,0.9769,1.5285,1,5.2199,-0.0833,5.1366,HOLDING
2015-11-06,5,AEE,AEP,31.1949,37.6012,0.9769,1.4272,1,5.0904,-0.0833,5.0071,HOLDING
2015-11-09,5,AEE,AEP,31.6274,37.9288,0.9769,1.5742,1,5.3849,-0.0833,5.3016,HOLDING
2015-11-10,5,AEE,AEP,32.1186,38.3956,0.9769,1.5765,1,5.6163,-0.0833,5.5329,HOLDING
2015-11-11,5,AEE,AEP,32.4192,38.7162,0.9769,1.506,1,5.72,-0.0833,5.6367,HOLDING
2015-11-12,5,AEE,AEP,31.8914,38.5489,0.9769,0.673,1,5.1084,-0.0833,5.0251,HOLDING
2015-11-13,5,AEE,AEP,31.6201,38.3678,0.9769,0.3368,1,4.8975,-0.0833,4.8142,HOLDING
2015-11-16,5,AEE,AEP,32.2066,39.1691,0.9769,0.1363,1,4.9091,-0.0833,4.8257,HOLDING
2015-11-17,5,AEE,AEP,31.4222,38.3608,0.9769,-0.2735,1,4.6076,-0.0833,4.5243,HOLDING
2015-11-18,5,AEE,AEP,31.6861,38.6117,0.9769,-0.2829,1,4.7319,-0.0833,4.6486,HOLDING
2015-11-19,5,AEE,AEP,32.038,39.2458,0.9769,-1.098,1,4.5725,-0.0833,4.4892,HOLDING
2015-11-20,5,AEE,AEP,32.3386,39.3991,0.9769,-0.4925,1,4.8578,-0.0833,4.7744,HOLDING
2015-11-23,5,AEE,AEP,31.7741,39.0158,0.9769,-1.5128,1,4.4255,-0.0833,4.3422,HOLDING
2015-11-24,5,AEE,AEP,31.6861,38.8765,0.9769,-1.3221,1,4.4446,-0.0833,4.3612,HOLDING
2015-11-25,5,AEE,AEP,31.6421,38.751,0.9769,-1.0494,1,4.5146,-0.0833,4.4313,HOLDING
2015-11-27,5,AEE,AEP,31.7521,38.981,0.9769,-1.2377,1,4.4303,-0.0833,4.3469,HOLDING
2015-11-30,5,AEE,AEP,32.082,39.0298,0.9769,-0.1863,1,4.873,-0.0833,4.7897,HOLDING
2015-12-01,5,AEE,AEP,32.1333,39.5315,0.9769,-1.3532,1,4.4057,-0.0833,4.3223,HOLDING
2015-12-02,5,AEE,AEP,31.4002,38.5559,0.9769,-1.1133,1,4.3629,-0.0833,4.2795,HOLDING
2015-12-03,5,AEE,AEP,30.975,38.1169,0.9769,-1.2378,1,4.2004,-0.0833,4.1171,HOLDING
2015-12-04,5,AEE,AEP,31.7741,38.9113,0.9769,-0.6045,1,0.0,4.3657,4.3657,PERIOD_END_EXIT
2015-06-09,6,GL,TFC,52.5578,26.5462,0.8156,0.0,0,0.0,0.0,0.0,HOLD_CASH
2015-06-10,6,GL,TFC,52.978,26.9124,0.8156,0.0,0,0.0,0.0,0.0,HOLD_CASH
2015-06-11,6,GL,TFC,53.2885,26.7424,0.8156,0.0,0,0.0,0.0,0.0,HOLD_CASH
2015-06-12,6,GL,TFC,53.1515,26.8535,0.8156,0.0,0,0.0,0.0,0.0,HOLD_CASH
2015-06-15,6,GL,TFC,52.8957,26.9712,0.8156,0.0,0,0.0,0.0,0.0,HOLD_CASH
2015-06-16,6,GL,TFC,53.2246,27.1085,0.8156,0.0,0,0.0,0.0,0.0,HOLD_CASH
2015-06-17,6,GL,TFC,53.3707,26.9124,0.8156,0.0,0,0.0,0.0,0.0,HOLD_CASH
2015-06-18,6,GL,TFC,53.8366,26.9908,0.8156,0.0,0,0.0,0.0,0.0,HOLD_CASH
2015-06-19,6,GL,TFC,53.6265,26.8208,0.8156,0.0,0,0.0,0.0,0.0,HOLD_CASH
2015-06-22,6,GL,TFC,53.9188,26.932,0.8156,0.0,0,0.0,0.0,0.0,HOLD_CASH
2015-06-23,6,GL,TFC,53.9462,27.1739,0.8156,0.0,0,0.0,0.0,0.0,HOLD_CASH
2015-06-24,6,GL,TFC,53.6265,26.9124,0.8156,0.0,0,0.0,0.0,0.0,HOLD_CASH
2015-06-25,6,GL,TFC,53.6082,26.8208,0.8156,0.0,0,0.0,0.0,0.0,HOLD_CASH
2015-06-26,6,GL,TFC,54.0284,26.9974,0.8156,0.0,0,0.0,0.0,0.0,HOLD_CASH
2015-06-29,6,GL,TFC,52.8227,26.3174,0.8156,0.0,0,0.0,0.0,0.0,HOLD_CASH
2015-06-30,6,GL,TFC,53.3033,26.3566,0.8156,0.0,0,0.0,0.0,0.0,HOLD_CASH
2015-07-01,6,GL,TFC,53.9351,26.8339,0.8156,0.0,0,0.0,0.0,0.0,HOLD_CASH
2015-07-02,6,GL,TFC,53.8526,26.4024,0.8156,0.0,0,0.0,0.0,0.0,HOLD_CASH
2015-07-06,6,GL,TFC,53.6238,26.3893,0.8156,0.0,0,0.0,0.0,0.0,HOLD_CASH
2015-07-07,6,GL,TFC,53.7886,26.3762,0.8156,1.7663,0,0.0,0.0,0.0,HOLD_CASH
2015-07-08,6,GL,TFC,52.6716,26.0297,0.8156,0.6869,0,0.0,0.0,0.0,HOLD_CASH
2015-07-09,6,GL,TFC,52.8913,26.2716,0.8156,0.2753,0,0.0,0.0,0.0,HOLD_CASH
2015-07-10,6,GL,TFC,53.7886,26.6116,0.8156,0.8628,0,0.0,0.0,0.0,HOLD_CASH
2015-07-13,6,GL,TFC,54.1365,26.8666,0.8156,0.647,0,0.0,0.0,0.0,HOLD_CASH
2015-07-14,6,GL,TFC,54.4203,26.9516,0.8156,0.8839,0,0.0,0.0,0.0,HOLD_CASH
2015-07-15,6,GL,TFC,55.1161,27.1935,0.8156,1.5264,0,0.0,0.0,0.0,HOLD_CASH
2015-07-16,6,GL,TFC,55.7845,27.1674,0.8156,2.6293,-1,0.0,-0.0833,-0.0833,ENTER_SHORT_A
2015-07-17,6,GL,TFC,55.226,26.7097,0.8156,2.4277,-1,-0.1712,-0.0833,-0.2545,HOLDING
2015-07-20,6,GL,TFC,55.2809,26.9254,0.8156,1.6325,-1,0.081,-0.0833,-0.0024,HOLDING
2015-07-21,6,GL,TFC,55.2351,26.9843,0.8156,1.242,-1,0.1997,-0.0833,0.1164,HOLDING
2015-07-22,6,GL,TFC,55.4091,27.2001,0.8156,0.8488,-1,0.3539,-0.0833,0.2706,HOLDING
2015-07-23,6,GL,TFC,54.9696,27.1085,0.8156,0.2732,-1,0.5894,-0.0833,0.506,HOLDING
2015-07-24,6,GL,TFC,56.9106,26.6704,0.8156,3.2736,-1,-1.6113,-0.0833,-1.6946,HOLDING
2015-07-27,6,GL,TFC,56.0408,26.4547,0.8156,2.1904,-1,-1.193,-0.0833,-1.2763,HOLDING
2015-07-28,6,GL,TFC,54.814,26.4154,0.8156,0.8295,-1,-0.2376,-0.0833,-0.3209,HOLDING
2015-07-29,6,GL,TFC,56.2789,26.5527,0.8156,1.8743,-1,-1.2537,-0.0833,-1.337,HOLDING
2015-07-30,6,GL,TFC,56.5718,26.5527,0.8156,1.8603,-1,-1.4947,-0.0833,-1.5781,HOLDING
2015-07-31,6,GL,TFC,56.4071,26.3304,0.8156,1.7737,-1,-1.6655,-0.0833,-1.7488,HOLDING
2015-08-03,6,GL,TFC,57.0571,26.3631,0.8156,1.923,-1,-2.1552,-0.0833,-2.2386,HOLDING
2015-08-04,6,GL,TFC,57.0754,26.5724,0.8156,1.4645,-1,-1.882,-0.0833,-1.9654,HOLDING
2015-08-05,6,GL,TFC,57.3958,26.7228,0.8156,1.352,-1,-1.9385,-0.0833,-2.0218,HOLDING
2015-08-06,6,GL,TFC,56.9289,26.6051,0.8156,1.0646,-1,-1.7165,-0.0833,-1.7998,HOLDING
2015-08-07,6,GL,TFC,56.7366,26.337,0.8156,1.1522,-1,-1.9276,-0.0833,-2.011,HOLDING
2015-08-10,6,GL,TFC,57.7895,26.7881,0.8156,1.2294,-1,-2.1723,-0.0833,-2.2556,HOLDING
2015-08-11,6,GL,TFC,57.5515,26.2912,0.8156,1.55,-1,-2.6612,-0.0833,-2.7445,HOLDING
2015-08-12,6,GL,TFC,57.1944,25.8765,0.8156,1.6505,-1,-2.9388,-0.0833,-3.0221,HOLDING
2015-08-13,6,GL,TFC,56.9472,26.1266,0.8156,1.0245,-1,-2.3907,-0.0833,-2.4741,HOLDING
2015-08-14,6,GL,TFC,57.2219,26.5348,0.8156,0.6144,-1,-2.0543,-0.0833,-2.1377,HOLDING
2015-08-17,6,GL,TFC,57.4142,26.4558,0.8156,0.7858,-1,-2.3214,-0.0833,-2.4047,HOLDING
2015-08-18,6,GL,TFC,57.3409,26.39,0.8156,0.7463,-1,-2.3518,-0.0833,-2.4352,HOLDING
2015-08-19,6,GL,TFC,57.2402,26.0542,0.8156,1.1263,-1,-2.7316,-0.0833,-2.8149,HOLDING
2015-08-20,6,GL,TFC,55.9676,25.4025,0.8156,1.0918,-1,-2.5825,-0.0833,-2.6658,HOLDING
2015-08-21,6,GL,TFC,54.3379,24.7509,0.8156,0.4366,-1,-2.1396,-0.0833,-2.2229,HOLDING
2015-08-24,6,GL,TFC,51.6645,23.4146,0.8156,-0.006,-1,-1.7812,-0.0833,-1.8646,HOLDING
2015-08-25,6,GL,TFC,50.9229,22.8945,0.8156,0.1738,-1,-1.8876,-0.0833,-1.971,HOLDING
2015-08-26,6,GL,TFC,52.6899,23.9083,0.8156,-0.0706,-1,-1.9446,-0.0833,-2.028,HOLDING
2015-08-27,6,GL,TFC,53.8526,24.5073,0.8156,0.035,-1,-2.0759,-0.0833,-2.1592,HOLDING
2015-08-28,6,GL,TFC,53.9442,24.4217,0.8156,0.5747,-1,-2.2692,-0.0833,-2.3525,HOLDING
2015-08-31,6,GL,TFC,53.5231,24.3032,0.8156,-0.0026,-1,-2.0859,-0.0833,-2.1692,HOLDING
2015-09-01,6,GL,TFC,51.8842,23.2566,0.8156,0.6184,-1,-2.1797,-0.0833,-2.263,HOLDING
2015-09-02,6,GL,TFC,52.58,23.6186,0.8156,0.6494,-1,-2.2534,-0.0833,-2.3367,HOLDING
2015-09-03,6,GL,TFC,52.8089,24.0136,0.8156,-0.9397,-1,-1.8974,-0.0833,-1.9808,HOLDING
2015-09-04,6,GL,TFC,52.0948,23.6121,0.8156,-0.9912,-1,-1.8632,-0.0833,-1.9465,HOLDING
2015-09-08,6,GL,TFC,52.9096,24.1782,0.8156,-1.5564,-1,-1.7535,-0.0833,-1.8369,HOLDING
2015-09-09,6,GL,TFC,52.3054,23.8754,0.8156,-1.5638,-1,-1.6736,-0.0833,-1.7569,HOLDING
2015-09-10,6,GL,TFC,52.3695,24.1453,0.8156,-2.5395,-1,-1.3545,-0.0833,-1.4378,HOLDING
2015-09-11,6,GL,TFC,52.754,23.9873,0.8156,-0.4445,-1,-1.8885,-0.0833,-1.9719,HOLDING
2015-09-14,6,GL,TFC,52.5068,24.0663,0.8156,-1.501,-1,-1.5763,-0.0833,-1.6596,HOLDING
2015-09-15,6,GL,TFC,53.3308,24.4086,0.8156,-0.8067,-1,-1.7826,-0.0833,-1.8659,HOLDING
2015-09-16,6,GL,TFC,53.6146,24.4086,0.8156,0.0206,-1,-2.0161,-0.0833,-2.0995,HOLDING
2015-09-17,6,GL,TFC,52.873,23.803,0.8156,1.1394,-1,-2.2404,-0.0833,-2.3238,HOLDING
2015-09-18,6,GL,TFC,51.8751,23.2368,0.8156,1.3172,-1,-2.1994,-0.0833,-2.2827,HOLDING
2015-09-21,6,GL,TFC,52.6533,23.5265,0.8156,1.8543,-1,-2.4406,-0.0833,-2.5239,HOLDING
2015-09-22,6,GL,TFC,51.9483,23.2039,0.8156,1.3479,-1,-2.305,-0.0833,-2.3884,HOLDING
2015-09-23,6,GL,TFC,52.0857,23.1908,0.8156,1.591,-1,-2.4362,-0.0833,-2.5195,HOLDING
2015-09-24,6,GL,TFC,52.049,23.0723,0.8156,1.775,-1,-2.5693,-0.0833,-2.6526,HOLDING
2015-09-25,6,GL,TFC,52.5434,23.487,0.8156,1.0485,-1,-2.4046,-0.0833,-2.4879,HOLDING
2015-09-28,6,GL,TFC,51.4905,22.9406,0.8156,0.8799,-1,-2.2912,-0.0833,-2.3745,HOLDING
2015-09-29,6,GL,TFC,51.8842,23.1513,0.8156,0.8326,-1,-2.3248,-0.0833,-2.4082,HOLDING
2015-09-30,6,GL,TFC,51.7603,23.4343,0.8156,-0.5434,-1,-1.8329,-0.0833,-1.9162,HOLDING
2015-10-01,6,GL,TFC,51.7603,23.4541,0.8156,-0.5644,-1,-1.8057,-0.0833,-1.889,HOLDING
2015-10-02,6,GL,TFC,51.8613,23.5331,0.8156,-0.6433,-1,-1.7799,-0.0833,-1.8632,HOLDING
2015-10-05,6,GL,TFC,52.5679,24.0728,0.8156,-1.138,-1,-1.6175,-0.0833,-1.7009,HOLDING
2015-10-06,6,GL,TFC,52.3569,23.9741,0.8156,-1.1684,-1,-1.5799,-0.0833,-1.6632,HOLDING
2015-10-07,6,GL,TFC,52.8983,24.2308,0.8156,-0.9854,-1,-1.6717,-0.0833,-1.755,HOLDING
2015-10-08,6,GL,TFC,53.137,24.2967,0.8156,-0.8489,-1,-1.7773,-0.0833,-1.8606,HOLDING
2015-10-09,6,GL,TFC,53.137,24.0531,0.8156,0.0832,-1,-2.1129,-0.0833,-2.1962,HOLDING
2015-10-12,6,GL,TFC,53.2746,24.165,0.8156,-0.1305,-1,-2.072,-0.0833,-2.1553,HOLDING
2015-10-13,6,GL,TFC,52.6873,23.8425,0.8156,-0.1951,-1,-2.0332,-0.0833,-2.1165,HOLDING
2015-10-14,6,GL,TFC,52.0265,23.5331,0.8156,-0.4446,-1,-1.9158,-0.0833,-1.9991,HOLDING
2015-10-15,6,GL,TFC,52.8065,24.2637,0.8156,-1.5212,-1,-1.5508,-0.0833,-1.6341,HOLDING
2015-10-16,6,GL,TFC,53.3021,24.0202,0.8156,0.5838,-1,-2.2942,-0.0833,-2.3775,HOLDING
2015-10-19,6,GL,TFC,53.192,23.8622,0.8156,0.9984,-1,-2.4213,-0.0833,-2.5046,HOLDING
2015-10-20,6,GL,TFC,53.293,24.1913,0.8156,-0.0742,-1,-2.0508,-0.0833,-2.1341,HOLDING
2015-10-21,6,GL,TFC,52.88,23.8819,0.8156,0.333,-1,-2.1373,-0.0833,-2.2206,HOLDING
2015-10-22,6,GL,TFC,53.5866,24.3032,0.8156,0.3257,-1,-2.1382,-0.0833,-2.2215,HOLDING
2015-10-23,6,GL,TFC,54.174,24.7904,0.8156,-0.3689,-1,-1.9503,-0.0833,-2.0336,HOLDING
2015-10-26,6,GL,TFC,53.6417,24.5468,0.8156,-0.5766,-1,-1.8479,-0.0833,-1.9312,HOLDING
2015-10-27,6,GL,TFC,52.0907,24.2967,0.8156,-2.9707,-1,-0.9165,-0.0833,-0.9998,HOLDING
2015-10-28,6,GL,TFC,53.6233,25.0273,0.8156,-1.9668,-1,-1.1707,-0.0833,-1.254,HOLDING
2015-10-29,6,GL,TFC,53.8895,24.8562,0.8156,-0.6929,-1,-1.6255,-0.0833,-1.7088,HOLDING
2015-10-30,6,GL,TFC,53.2379,24.4547,0.8156,-0.5313,-1,-1.6426,-0.0833,-1.726,HOLDING
2015-11-02,6,GL,TFC,54.1556,24.8825,0.8156,-0.2138,-1,-1.8082,-0.0833,-1.8915,HOLDING
2015-11-03,6,GL,TFC,53.917,24.8694,0.8156,-0.6647,-1,-1.63,-0.0833,-1.7133,HOLDING
2015-11-04,6,GL,TFC,53.605,24.8957,0.8156,-1.3139,-1,-1.337,-0.0833,-1.4203,HOLDING
2015-11-05,6,GL,TFC,53.7426,25.1129,0.8156,-1.5959,-1,-1.1509,-0.0833,-1.2343,HOLDING
2015-11-06,6,GL,TFC,54.8439,25.6988,0.8156,-1.2943,-1,-1.2498,-0.0833,-1.3331,HOLDING
2015-11-09,6,GL,TFC,54.4677,25.4421,0.8156,-1.0536,-1,-1.2939,-0.0833,-1.3773,HOLDING
2015-11-10,6,GL,TFC,55.1101,25.4089,0.8156,0.2197,-1,-1.8681,-0.0833,-1.9515,HOLDING
2015-11-11,6,GL,TFC,54.8623,25.3957,0.8156,-0.1395,-1,-1.6825,-0.0833,-1.7659,HOLDING
2015-11-12,6,GL,TFC,53.9078,25.0509,0.8156,-0.7416,-1,-1.3722,-0.0833,-1.4556,HOLDING
2015-11-13,6,GL,TFC,53.7335,24.7593,0.8156,-0.0407,-1,-1.6307,-0.0833,-1.714,HOLDING
2015-11-16,6,GL,TFC,54.6237,25.1371,0.8156,0.5371,-1,-1.8425,-0.0833,-1.9258,HOLDING
2015-11-17,6,GL,TFC,54.743,25.0576,0.8156,1.135,-1,-2.0502,-0.0833,-2.1336,HOLDING
2015-11-18,6,GL,TFC,55.0458,25.4222,0.8156,0.4766,-1,-1.797,-0.0833,-1.8804,HOLDING
2015-11-19,6,GL,TFC,55.2661,25.5481,0.8156,0.5848,-1,-1.8047,-0.0833,-1.888,HOLDING
2015-11-20,6,GL,TFC,55.5506,25.621,0.8156,1.0158,-1,-1.9383,-0.0833,-2.0216,HOLDING
2015-11-23,6,GL,TFC,55.4864,25.7006,0.8156,0.5171,-1,-1.7759,-0.0833,-1.8592,HOLDING
2015-11-24,6,GL,TFC,55.8534,25.515,0.8156,2.1318,-1,-2.3336,-0.0833,-2.417,HOLDING
2015-11-25,6,GL,TFC,55.7066,25.5083,0.8156,1.6009,-1,-2.222,-0.0833,-2.3053,HOLDING
2015-11-27,6,GL,TFC,55.9361,25.6277,0.8156,1.4612,-1,-2.2463,-0.0833,-2.3297,HOLDING
2015-11-30,6,GL,TFC,55.6332,25.6011,0.8156,0.7723,-1,-2.0337,-0.0833,-2.117,HOLDING
2015-12-01,6,GL,TFC,56.1563,25.8332,0.8156,0.9793,-1,-2.1444,-0.0833,-2.2277,HOLDING
2015-12-02,6,GL,TFC,55.7984,25.515,0.8156,1.316,-1,-2.2883,-0.0833,-2.3717,HOLDING
2015-12-03,6,GL,TFC,55.0367,25.1106,0.8156,1.1116,-1,-2.2188,-0.0833,-2.3021,HOLDING
2015-12-04,6,GL,TFC,55.9636,25.8199,0.8156,0.2653,-1,0.0,-2.169,-2.169,PERIOD_END_EXIT
2015-06-09,7,ES,XEL,31.9783,23.0952,1.094,0.0,0,0.0,0.0,0.0,HOLD_CASH
2015-06-10,7,ES,XEL,31.8748,23.0952,1.094,0.0,0,0.0,0.0,0.0,HOLD_CASH
2015-06-11,7,ES,XEL,32.2061,23.4163,1.094,0.0,0,0.0,0.0,0.0,HOLD_CASH
2015-06-12,7,ES,XEL,31.8196,23.3378,1.094,0.0,0,0.0,0.0,0.0,HOLD_CASH
2015-06-15,7,ES,XEL,31.7644,23.1951,1.094,0.0,0,0.0,0.0,0.0,HOLD_CASH
2015-06-16,7,ES,XEL,32.2199,23.3392,1.094,0.0,0,0.0,0.0,0.0,HOLD_CASH
2015-06-17,7,ES,XEL,32.4063,23.4762,1.094,0.0,0,0.0,0.0,0.0,HOLD_CASH
2015-06-18,7,ES,XEL,32.6409,23.8222,1.094,0.0,0,0.0,0.0,0.0,HOLD_CASH
2015-06-19,7,ES,XEL,32.2613,23.6204,1.094,0.0,0,0.0,0.0,0.0,HOLD_CASH
2015-06-22,7,ES,XEL,32.1371,23.5699,1.094,0.0,0,0.0,0.0,0.0,HOLD_CASH
2015-06-23,7,ES,XEL,31.647,23.2311,1.094,0.0,0,0.0,0.0,0.0,HOLD_CASH
2015-06-24,7,ES,XEL,31.4538,23.0581,1.094,0.0,0,0.0,0.0,0.0,HOLD_CASH
2015-06-25,7,ES,XEL,31.4123,23.0077,1.094,0.0,0,0.0,0.0,0.0,HOLD_CASH
2015-06-26,7,ES,XEL,31.7437,23.2383,1.094,0.0,0,0.0,0.0,0.0,HOLD_CASH
2015-06-29,7,ES,XEL,31.4054,23.1879,1.094,0.0,0,0.0,0.0,0.0,HOLD_CASH
2015-06-30,7,ES,XEL,31.3433,23.1951,1.094,0.0,0,0.0,0.0,0.0,HOLD_CASH
2015-07-01,7,ES,XEL,31.4538,23.4257,1.094,0.0,0,0.0,0.0,0.0,HOLD_CASH
2015-07-02,7,ES,XEL,32.1026,23.6564,1.094,0.0,0,0.0,0.0,0.0,HOLD_CASH
2015-07-06,7,ES,XEL,31.9645,23.7429,1.094,0.0,0,0.0,0.0,0.0,HOLD_CASH
2015-07-07,7,ES,XEL,32.7031,24.4276,1.094,-2.2369,1,0.0,-0.0833,-0.0833,ENTER_LONG_A
2015-07-08,7,ES,XEL,32.5305,24.2979,1.094,-1.9209,1,0.0213,-0.0833,-0.0621,HOLDING
2015-07-09,7,ES,XEL,32.2544,24.024,1.094,-1.4058,1,0.1735,-0.0833,0.0901,HOLDING
2015-07-10,7,ES,XEL,32.3649,24.1826,1.094,-1.5618,1,0.0252,-0.0833,-0.0581,HOLDING
2015-07-13,7,ES,XEL,32.4684,24.1754,1.094,-1.1208,1,0.164,-0.0833,0.0807,HOLDING
2015-07-14,7,ES,XEL,32.6479,24.1754,1.094,-0.5619,1,0.3824,-0.0833,0.2991,HOLDING
2015-07-15,7,ES,XEL,32.9377,24.233,1.094,0.0951,1,0.6324,-0.0833,0.5491,HOLDING
2015-07-16,7,ES,XEL,33.3381,24.5934,1.094,-0.2187,1,0.4773,-0.0833,0.3939,HOLDING
2015-07-17,7,ES,XEL,33.0758,24.2907,1.094,0.4699,1,0.6977,-0.0833,0.6143,HOLDING
2015-07-20,7,ES,XEL,32.8411,24.1321,1.094,0.5224,1,0.6947,-0.0833,0.6114,HOLDING
2015-07-21,7,ES,XEL,32.7997,23.8943,1.094,1.5577,1,1.0682,-0.0833,0.9849,HOLDING
2015-07-22,7,ES,XEL,33.0137,24.0745,1.094,1.3143,1,1.0075,-0.0833,0.9241,HOLDING
2015-07-23,7,ES,XEL,32.6824,23.7213,1.094,1.8313,1,1.2338,-0.0833,1.1504,HOLDING
2015-07-24,7,ES,XEL,32.5857,23.6852,1.094,1.6092,1,1.1804,-0.0833,1.0971,HOLDING
2015-07-27,7,ES,XEL,33.0413,24.0312,1.094,1.3634,1,1.1181,-0.0833,1.0348,HOLDING
2015-07-28,7,ES,XEL,33.2138,24.2114,1.094,1.0009,1,1.007,-0.0833,0.9236,HOLDING
2015-07-29,7,ES,XEL,33.3312,24.3123,1.094,0.8381,1,0.9699,-0.0833,0.8866,HOLDING
2015-07-30,7,ES,XEL,33.6625,24.6583,1.094,0.2639,1,0.7564,-0.0833,0.6731,HOLDING
2015-07-31,7,ES,XEL,34.3182,24.9898,1.094,0.6698,1,0.9634,-0.0833,0.8801,HOLDING
2015-08-03,7,ES,XEL,34.4079,24.8889,1.094,1.1978,1,1.2525,-0.0833,1.1691,HOLDING
2015-08-04,7,ES,XEL,33.8903,24.615,1.094,0.8373,1,1.1107,-0.0833,1.0273,HOLDING
2015-08-05,7,ES,XEL,33.9869,24.8097,1.094,0.1925,1,0.8814,-0.0833,0.7981,HOLDING
2015-08-06,7,ES,XEL,34.1871,25.1052,1.094,-0.6591,1,0.5983,-0.0833,0.5149,HOLDING
2015-08-07,7,ES,XEL,34.3734,25.4079,1.094,-1.6927,1,0.2855,-0.0833,0.2022,HOLDING
2015-08-10,7,ES,XEL,34.5253,25.1845,1.094,-0.0733,1,0.8685,-0.0833,0.7852,HOLDING
2015-08-11,7,ES,XEL,34.7945,25.4944,1.094,-0.9466,1,0.6437,-0.0833,0.5604,HOLDING
2015-08-12,7,ES,XEL,35.1396,25.7467,1.094,-1.0559,1,0.6141,-0.0833,0.5307,HOLDING
2015-08-13,7,ES,XEL,35.0567,25.6314,1.094,-0.7525,1,0.7188,-0.0833,0.6355,HOLDING
2015-08-14,7,ES,XEL,35.3259,25.8043,1.094,-0.7046,1,0.7381,-0.0833,0.6547,HOLDING
2015-08-17,7,ES,XEL,35.6227,25.9413,1.094,-0.3329,1,0.8551,-0.0833,0.7718,HOLDING
2015-08-18,7,ES,XEL,35.5261,25.8836,1.094,-0.3222,1,0.8403,-0.0833,0.757,HOLDING
2015-08-19,7,ES,XEL,35.6711,26.1792,1.094,-1.4359,1,0.49,-0.0833,0.4067,HOLDING
2015-08-20,7,ES,XEL,35.6296,25.9557,1.094,-0.1404,1,0.8379,-0.0833,0.7545,HOLDING
2015-08-21,7,ES,XEL,35.2293,25.6314,1.094,0.3414,1,0.9288,-0.0833,0.8455,HOLDING
2015-08-24,7,ES,XEL,33.766,24.579,1.094,0.9876,1,1.0237,-0.0833,0.9404,HOLDING
2015-08-25,7,ES,XEL,32.6133,23.8438,1.094,0.7427,1,0.9314,-0.0833,0.848,HOLDING
2015-08-26,7,ES,XEL,33.1862,24.1754,1.094,1.1204,1,1.0376,-0.0833,0.9542,HOLDING
2015-08-27,7,ES,XEL,33.5382,24.5069,1.094,0.3271,1,0.875,-0.0833,0.7917,HOLDING
2015-08-28,7,ES,XEL,33.3312,24.4709,1.094,-0.4259,1,0.6873,-0.0833,0.6039,HOLDING
2015-08-31,7,ES,XEL,32.6064,24.3123,1.094,-2.5266,1,0.088,-0.0833,0.0046,HOLDING
2015-09-01,7,ES,XEL,31.7989,23.7717,1.094,-2.1903,1,0.0687,-0.0833,-0.0146,HOLDING
2015-09-02,7,ES,XEL,31.8541,23.8582,1.094,-2.0809,1,-0.0182,-0.0833,-0.1016,HOLDING
2015-09-03,7,ES,XEL,32.0681,23.9952,1.094,-1.7599,1,-0.0019,-0.0833,-0.0853,HOLDING
2015-09-04,7,ES,XEL,31.5711,23.5194,1.094,-1.0181,1,0.2412,-0.0833,0.1578,HOLDING
2015-09-08,7,ES,XEL,32.0819,23.8438,1.094,-0.8108,1,0.2846,-0.0833,0.2013,HOLDING
2015-09-09,7,ES,XEL,31.6608,23.469,1.094,-0.3101,1,0.4403,-0.0833,0.357,HOLDING
2015-09-10,7,ES,XEL,31.6943,23.5771,1.094,-0.7191,1,0.2883,-0.0833,0.205,HOLDING
2015-09-11,7,ES,XEL,32.1053,23.9015,1.094,-0.8729,1,0.2103,-0.0833,0.127,HOLDING
2015-09-14,7,ES,XEL,32.2167,23.9015,1.094,-0.4386,1,0.3459,-0.0833,0.2626,HOLDING
2015-09-15,7,ES,XEL,32.5302,24.098,1.094,-0.3048,1,0.3772,-0.0833,0.2938,HOLDING
2015-09-16,7,ES,XEL,32.5371,24.2799,1.094,-1.0965,1,0.0613,-0.0833,-0.022,HOLDING
2015-09-17,7,ES,XEL,33.1989,24.6293,1.094,-0.5593,1,0.244,-0.0833,0.1606,HOLDING
2015-09-18,7,ES,XEL,32.8924,24.4764,1.094,-0.7512,1,0.1434,-0.0833,0.0601,HOLDING
2015-09-21,7,ES,XEL,33.0944,24.8258,1.094,-1.5989,1,-0.2334,-0.0833,-0.3168,HOLDING
2015-09-22,7,ES,XEL,33.0665,24.6875,1.094,-0.9509,1,-0.0209,-0.0833,-0.1042,HOLDING
2015-09-23,7,ES,XEL,33.2407,24.8258,1.094,-0.9805,1,-0.0554,-0.0833,-0.1388,HOLDING
2015-09-24,7,ES,XEL,33.5541,25.0369,1.094,-0.951,1,-0.0502,-0.0833,-0.1335,HOLDING
2015-09-25,7,ES,XEL,34.0557,25.408,1.094,-1.1468,1,-0.1014,-0.0833,-0.1847,HOLDING
2015-09-28,7,ES,XEL,34.195,25.2115,1.094,1.3685,1,0.4184,-0.0833,0.335,HOLDING
2015-09-29,7,ES,XEL,34.3413,25.2552,1.094,1.6252,1,0.5186,-0.0833,0.4352,HOLDING
2015-09-30,7,ES,XEL,35.2607,25.7719,1.094,2.0314,1,0.7165,-0.0833,0.6331,HOLDING
2015-10-01,7,ES,XEL,34.7731,25.4808,1.094,1.5632,1,0.642,-0.0833,0.5586,HOLDING
2015-10-02,7,ES,XEL,35.1841,25.7137,1.094,1.6222,1,0.727,-0.0833,0.6437,HOLDING
2015-10-05,7,ES,XEL,35.5951,25.8447,1.094,2.1011,1,0.9936,-0.0833,0.9103,HOLDING
2015-10-06,7,ES,XEL,35.2747,25.5026,1.094,2.275,1,1.2134,-0.0833,1.1301,HOLDING
2015-10-07,7,ES,XEL,35.1214,25.4954,1.094,1.622,1,1.0399,-0.0833,0.9565,HOLDING
2015-10-08,7,ES,XEL,35.5742,25.8447,1.094,1.2683,1,0.9682,-0.0833,0.8849,HOLDING
2015-10-09,7,ES,XEL,35.2677,25.6628,1.094,1.0668,1,0.9195,-0.0833,0.8362,HOLDING
2015-10-12,7,ES,XEL,35.6508,26.0849,1.094,0.3586,1,0.6334,-0.0833,0.55,HOLDING
2015-10-13,7,ES,XEL,35.4906,26.1213,1.094,-0.2161,1,0.3735,-0.0833,0.2902,HOLDING
2015-10-14,7,ES,XEL,35.6996,26.1941,1.094,0.009,1,0.4981,-0.0833,0.4148,HOLDING
2015-10-15,7,ES,XEL,36.1036,26.4561,1.094,0.0175,1,0.5228,-0.0833,0.4395,HOLDING
2015-10-16,7,ES,XEL,36.3892,26.5143,1.094,0.4974,1,0.7666,-0.0833,0.6832,HOLDING
2015-10-19,7,ES,XEL,36.2081,26.3906,1.094,0.4335,1,0.7667,-0.0833,0.6834,HOLDING
2015-10-20,7,ES,XEL,36.3613,26.6599,1.094,-0.4068,1,0.4732,-0.0833,0.3899,HOLDING
2015-10-21,7,ES,XEL,36.2638,26.6235,1.094,-0.6616,1,0.4194,-0.0833,0.3361,HOLDING
2015-10-22,7,ES,XEL,36.7096,27.0311,1.094,-1.3523,1,0.2355,-0.0833,0.1522,HOLDING
2015-10-23,7,ES,XEL,36.027,26.5216,1.094,-1.299,1,0.3128,-0.0833,0.2295,HOLDING
2015-10-26,7,ES,XEL,36.2568,26.7691,1.094,-1.7117,1,0.1515,-0.0833,0.0681,HOLDING
2015-10-27,7,ES,XEL,36.1733,26.7254,1.094,-1.5951,1,0.1276,-0.0833,0.0443,HOLDING
2015-10-28,7,ES,XEL,35.5045,26.2305,1.094,-1.2195,1,0.1959,-0.0833,0.1126,HOLDING
2015-10-29,7,ES,XEL,35.3583,25.8666,1.094,0.2278,1,0.6665,-0.0833,0.5832,HOLDING
2015-10-30,7,ES,XEL,35.4836,25.9321,1.094,0.3338,1,0.7023,-0.0833,0.619,HOLDING
2015-11-02,7,ES,XEL,35.4976,26.0922,1.094,-0.4214,1,0.4339,-0.0833,0.3506,HOLDING
2015-11-03,7,ES,XEL,35.8389,26.1213,1.094,0.8757,1,0.7974,-0.0833,0.714,HOLDING
2015-11-04,7,ES,XEL,35.9364,26.2232,1.094,0.7645,1,0.7345,-0.0833,0.6511,HOLDING
2015-11-05,7,ES,XEL,35.8737,26.2814,1.094,0.1681,1,0.5544,-0.0833,0.4711,HOLDING
2015-11-06,7,ES,XEL,34.1462,25.3716,1.094,-1.646,1,0.0737,-0.0833,-0.0097,HOLDING
2015-11-09,7,ES,XEL,34.3761,25.4808,1.094,-1.1471,1,0.1588,-0.0833,0.0755,HOLDING
2015-11-10,7,ES,XEL,35.0866,25.8957,1.094,-0.6197,1,0.284,-0.0833,0.2007,HOLDING
2015-11-11,7,ES,XEL,35.5742,26.2377,1.094,-0.6641,1,0.2677,-0.0833,0.1844,HOLDING
2015-11-12,7,ES,XEL,34.9891,25.6992,1.094,0.4146,1,0.5156,-0.0833,0.4323,HOLDING
2015-11-13,7,ES,XEL,34.6895,25.4808,1.094,0.6073,1,0.5402,-0.0833,0.4569,HOLDING
2015-11-16,7,ES,XEL,35.5045,25.903,1.094,1.5496,1,0.7797,-0.0833,0.6963,HOLDING
2015-11-17,7,ES,XEL,34.5851,25.6337,1.094,-1.0507,1,0.1407,-0.0833,0.0574,HOLDING
2015-11-18,7,ES,XEL,35.2468,25.9248,1.094,0.1095,1,0.4271,-0.0833,0.3438,HOLDING
2015-11-19,7,ES,XEL,35.5533,25.9976,1.094,0.9924,1,0.6704,-0.0833,0.587,HOLDING
2015-11-20,7,ES,XEL,35.8319,26.0995,1.094,1.426,1,0.8278,-0.0833,0.7445,HOLDING
2015-11-23,7,ES,XEL,35.616,25.8884,1.094,1.6705,1,0.9412,-0.0833,0.8579,HOLDING
2015-11-24,7,ES,XEL,35.2816,26.0048,1.094,-0.68,1,0.3268,-0.0833,0.2435,HOLDING
2015-11-25,7,ES,XEL,35.0796,25.8374,1.094,-0.5147,1,0.3793,-0.0833,0.296,HOLDING
2015-11-27,7,ES,XEL,35.198,25.9393,1.094,-0.6107,1,0.3418,-0.0833,0.2585,HOLDING
2015-11-30,7,ES,XEL,35.4906,25.9539,1.094,0.7195,1,0.6719,-0.0833,0.5886,HOLDING
2015-12-01,7,ES,XEL,35.3652,26.1795,1.094,-1.3907,1,0.1172,-0.0833,0.0339,HOLDING
2015-12-02,7,ES,XEL,34.6408,25.6337,1.094,-0.9106,1,0.2085,-0.0833,0.1252,HOLDING
2015-12-03,7,ES,XEL,34.3552,25.0514,1.094,1.7499,1,0.8987,-0.0833,0.8154,HOLDING
2015-12-04,7,ES,XEL,35.2677,25.4517,1.094,2.4554,1,0.0,1.1241,1.1241,PERIOD_END_EXIT
2015-06-09,8,CINF,ITW,37.1506,72.0525,0.8181,0.0,0,0.0,0.0,0.0,HOLD_CASH
2015-06-10,8,CINF,ITW,37.8909,73.4977,0.8181,0.0,0,0.0,0.0,0.0,HOLD_CASH
2015-06-11,8,CINF,ITW,38.2389,73.6842,0.8181,0.0,0,0.0,0.0,0.0,HOLD_CASH
2015-06-12,8,CINF,ITW,37.9205,72.8062,0.8181,0.0,0,0.0,0.0,0.0,HOLD_CASH
2015-06-15,8,CINF,ITW,37.6217,71.9748,0.8181,0.0,0,0.0,0.0,0.0,HOLD_CASH
2015-06-16,8,CINF,ITW,37.9953,71.9981,0.8181,0.0,0,0.0,0.0,0.0,HOLD_CASH
2015-06-17,8,CINF,ITW,38.0326,71.9515,0.8181,0.0,0,0.0,0.0,0.0,HOLD_CASH
2015-06-18,8,CINF,ITW,38.5854,72.6741,0.8181,0.0,0,0.0,0.0,0.0,HOLD_CASH
2015-06-19,8,CINF,ITW,38.2268,72.1535,0.8181,0.0,0,0.0,0.0,0.0,HOLD_CASH
2015-06-22,8,CINF,ITW,38.3912,72.8528,0.8181,0.0,0,0.0,0.0,0.0,HOLD_CASH
2015-06-23,8,CINF,ITW,38.5182,72.5109,0.8181,0.0,0,0.0,0.0,0.0,HOLD_CASH
2015-06-24,8,CINF,ITW,38.07,73.1714,0.8181,0.0,0,0.0,0.0,0.0,HOLD_CASH
2015-06-25,8,CINF,ITW,37.7039,72.1923,0.8181,0.0,0,0.0,0.0,0.0,HOLD_CASH
2015-06-26,8,CINF,ITW,38.0326,72.4696,0.8181,0.0,0,0.0,0.0,0.0,HOLD_CASH
2015-06-29,8,CINF,ITW,37.166,71.4307,0.8181,0.0,0,0.0,0.0,0.0,HOLD_CASH
2015-06-30,8,CINF,ITW,37.4873,71.6964,0.8181,0.0,0,0.0,0.0,0.0,HOLD_CASH
2015-07-01,8,CINF,ITW,39.2503,72.9773,0.8181,0.0,0,0.0,0.0,0.0,HOLD_CASH
2015-07-02,8,CINF,ITW,39.1457,72.9539,0.8181,0.0,0,0.0,0.0,0.0,HOLD_CASH
2015-07-06,8,CINF,ITW,39.1009,72.7352,0.8181,0.0,0,0.0,0.0,0.0,HOLD_CASH
2015-07-07,8,CINF,ITW,39.452,73.2897,0.8181,1.713,0,0.0,0.0,0.0,HOLD_CASH
2015-07-08,8,CINF,ITW,39.3474,71.8057,0.8181,2.2715,-1,0.0,-0.0833,-0.0833,ENTER_SHORT_A
2015-07-09,8,CINF,ITW,39.5715,71.751,0.8181,2.2297,-1,-0.2896,-0.0833,-0.373,HOLDING
2015-07-10,8,CINF,ITW,40.087,72.3134,0.8181,2.1567,-1,-0.5964,-0.0833,-0.6797,HOLDING
2015-07-13,8,CINF,ITW,40.4232,73.2194,0.8181,1.7827,-1,-0.5149,-0.0833,-0.5982,HOLDING
2015-07-14,8,CINF,ITW,40.468,73.4538,0.8181,1.5139,-1,-0.4447,-0.0833,-0.528,HOLDING
2015-07-15,8,CINF,ITW,40.0198,72.9305,0.8181,1.143,-1,-0.1959,-0.0833,-0.2792,HOLDING
2015-07-16,8,CINF,ITW,40.2514,73.1179,0.8181,1.1773,-1,-0.3677,-0.0833,-0.4511,HOLDING
2015-07-17,8,CINF,ITW,40.0123,72.6571,0.8181,1.0366,-1,-0.3299,-0.0833,-0.4132,HOLDING
2015-07-20,8,CINF,ITW,40.0273,73.0008,0.8181,0.8045,-1,-0.1678,-0.0833,-0.2512,HOLDING
2015-07-21,8,CINF,ITW,40.0049,71.9853,0.8181,1.144,-1,-0.672,-0.0833,-0.7554,HOLDING
2015-07-22,8,CINF,ITW,40.1318,69.9701,0.8181,1.9076,-1,-1.8723,-0.0833,-1.9557,HOLDING
2015-07-23,8,CINF,ITW,39.833,69.8295,0.8181,1.5226,-1,-1.5977,-0.0833,-1.681,HOLDING
2015-07-24,8,CINF,ITW,39.6388,68.9469,0.8181,1.5699,-1,-1.8323,-0.0833,-1.9156,HOLDING
2015-07-27,8,CINF,ITW,39.5491,68.158,0.8181,1.6552,-1,-2.1399,-0.0833,-2.2232,HOLDING
2015-07-28,8,CINF,ITW,39.6687,69.314,0.8181,1.1994,-1,-1.6754,-0.0833,-1.7587,HOLDING
2015-07-29,8,CINF,ITW,40.4605,69.7827,0.8181,1.7324,-1,-2.3531,-0.0833,-2.4364,HOLDING
2015-07-30,8,CINF,ITW,41.2898,69.7358,0.8181,2.2244,-1,-3.3436,-0.0833,-3.4269,HOLDING
2015-07-31,8,CINF,ITW,41.245,69.8842,0.8181,1.8506,-1,-3.2138,-0.0833,-3.2972,HOLDING
2015-08-03,8,CINF,ITW,41.3495,69.2515,0.8181,1.9525,-1,-3.6661,-0.0833,-3.7494,HOLDING
2015-08-04,8,CINF,ITW,41.4093,69.0016,0.8181,1.8624,-1,-3.8662,-0.0833,-3.9495,HOLDING
2015-08-05,8,CINF,ITW,41.499,69.9779,0.8181,1.3701,-1,-3.4608,-0.0833,-3.5441,HOLDING
2015-08-06,8,CINF,ITW,41.2748,69.6889,0.8181,1.1712,-1,-3.3506,-0.0833,-3.434,HOLDING
2015-08-07,8,CINF,ITW,41.3346,69.7514,0.8181,1.08,-1,-3.3876,-0.0833,-3.4709,HOLDING
2015-08-10,8,CINF,ITW,41.7156,71.3761,0.8181,0.6691,-1,-2.983,-0.0833,-3.0663,HOLDING
2015-08-11,8,CINF,ITW,41.8053,69.6889,0.8181,1.2939,-1,-3.9685,-0.0833,-4.0518,HOLDING
2015-08-12,8,CINF,ITW,42.007,69.7827,0.8181,1.3027,-1,-4.1545,-0.0833,-4.2379,HOLDING
2015-08-13,8,CINF,ITW,42.0443,69.853,0.8181,1.2002,-1,-4.1613,-0.0833,-4.2446,HOLDING
2015-08-14,8,CINF,ITW,42.3132,70.1107,0.8181,1.2363,-1,-4.34,-0.0833,-4.4233,HOLDING
2015-08-17,8,CINF,ITW,42.2684,70.3294,0.8181,1.0573,-1,-4.1736,-0.0833,-4.2569,HOLDING
2015-08-18,8,CINF,ITW,42.5,70.2435,0.8181,1.3073,-1,-4.4882,-0.0833,-4.5715,HOLDING
2015-08-19,8,CINF,ITW,42.1489,69.3999,0.8181,1.2617,-1,-4.5197,-0.0833,-4.6031,HOLDING
2015-08-20,8,CINF,ITW,41.5139,68.2751,0.8181,1.094,-1,-4.3674,-0.0833,-4.4507,HOLDING
2015-08-21,8,CINF,ITW,40.2364,66.5646,0.8181,0.4475,-1,-3.7726,-0.0833,-3.8559,HOLDING
2015-08-24,8,CINF,ITW,38.3016,64.1979,0.8181,-0.8427,-1,-2.7546,-0.0833,-2.8379,HOLDING
2015-08-25,8,CINF,ITW,38.0326,62.5576,0.8181,-0.0835,-1,-3.2979,-0.0833,-3.3812,HOLDING
2015-08-26,8,CINF,ITW,38.9814,65.0336,0.8181,-0.8819,-1,-3.1101,-0.0833,-3.1934,HOLDING
2015-08-27,8,CINF,ITW,39.7284,66.2521,0.8181,-0.5388,-1,-3.344,-0.0833,-3.4273,HOLDING
2015-08-28,8,CINF,ITW,39.4371,66.4396,0.8181,-1.432,-1,-2.9067,-0.0833,-2.99,HOLDING
2015-08-31,8,CINF,ITW,39.0934,66.0256,0.8181,-1.5771,-1,-2.7226,-0.0833,-2.8059,HOLDING
2015-09-01,8,CINF,ITW,38.07,63.9245,0.8181,-1.408,-1,-2.6276,-0.0833,-2.7109,HOLDING
2015-09-02,8,CINF,ITW,39.0785,64.5884,0.8181,0.052,-1,-3.4557,-0.0833,-3.539,HOLDING
2015-09-03,8,CINF,ITW,39.4445,65.0258,0.8181,0.3263,-1,-3.6537,-0.0833,-3.737,HOLDING
2015-09-04,8,CINF,ITW,38.7797,63.862,0.8181,0.1035,-1,-3.4869,-0.0833,-3.5703,HOLDING
2015-09-08,8,CINF,ITW,39.7209,65.7366,0.8181,0.0552,-1,-3.6045,-0.0833,-3.6878,HOLDING
2015-09-09,8,CINF,ITW,39.452,65.2601,0.8181,-0.0022,-1,-3.54,-0.0833,-3.6233,HOLDING
2015-09-10,8,CINF,ITW,39.6089,65.1508,0.8181,0.5,-1,-3.7799,-0.0833,-3.8632,HOLDING
2015-09-11,8,CINF,ITW,39.9152,65.2836,0.8181,1.0238,-1,-4.0673,-0.0833,-4.1507,HOLDING
2015-09-14,8,CINF,ITW,39.87,64.5415,0.8181,1.6438,-1,-4.4022,-0.0833,-4.4855,HOLDING
2015-09-15,8,CINF,ITW,40.3146,65.9709,0.8181,1.016,-1,-4.1736,-0.0833,-4.2569,HOLDING
2015-09-16,8,CINF,ITW,40.5406,66.9864,0.8181,0.4833,-1,-3.9067,-0.0833,-3.99,HOLDING
2015-09-17,8,CINF,ITW,40.4804,66.8302,0.8181,0.5864,-1,-3.918,-0.0833,-4.0014,HOLDING
2015-09-18,8,CINF,ITW,39.7946,66.2209,0.8181,-0.2167,-1,-3.4374,-0.0833,-3.5207,HOLDING
2015-09-21,8,CINF,ITW,40.2543,65.8225,0.8181,1.2504,-1,-4.1809,-0.0833,-4.2642,HOLDING
2015-09-22,8,CINF,ITW,39.8549,65.2601,0.8181,0.8927,-1,-4.0093,-0.0833,-4.0927,HOLDING
2015-09-23,8,CINF,ITW,39.9906,64.9946,0.8181,1.3683,-1,-4.3061,-0.0833,-4.3894,HOLDING
2015-09-24,8,CINF,ITW,40.1111,64.7368,0.8181,1.6856,-1,-4.5811,-0.0833,-4.6644,HOLDING
2015-09-25,8,CINF,ITW,40.2844,64.3853,0.8181,2.0276,-1,-4.9665,-0.0833,-5.0499,HOLDING
2015-09-28,8,CINF,ITW,39.8549,63.3316,0.8181,1.9523,-1,-5.0164,-0.0833,-5.0998,HOLDING
2015-09-29,8,CINF,ITW,40.1413,63.9607,0.8181,1.7321,-1,-5.0215,-0.0833,-5.1048,HOLDING
2015-09-30,8,CINF,ITW,40.5406,64.7234,0.8181,1.6557,-1,-5.0884,-0.0833,-5.1717,HOLDING
2015-10-01,8,CINF,ITW,40.3523,64.1258,0.8181,1.6562,-1,-5.1811,-0.0833,-5.2644,HOLDING
2015-10-02,8,CINF,ITW,40.7366,65.093,0.8181,1.2971,-1,-5.1236,-0.0833,-5.207,HOLDING
2015-10-05,8,CINF,ITW,41.4826,67.3341,0.8181,0.5272,-1,-4.8223,-0.0833,-4.9057,HOLDING
2015-10-06,8,CINF,ITW,41.1661,67.3262,0.8181,-0.1093,-1,-4.4578,-0.0833,-4.5411,HOLDING
2015-10-07,8,CINF,ITW,41.6333,67.916,0.8181,0.1435,-1,-4.694,-0.0833,-4.7774,HOLDING
2015-10-08,8,CINF,ITW,42.3642,68.9461,0.8181,0.4997,-1,-5.0076,-0.0833,-5.0909,HOLDING
2015-10-09,8,CINF,ITW,42.3265,68.9304,0.8181,0.3822,-1,-4.9719,-0.0833,-5.0552,HOLDING
2015-10-12,8,CINF,ITW,42.7108,68.891,0.8181,1.1119,-1,-5.4401,-0.0833,-5.5234,HOLDING
2015-10-13,8,CINF,ITW,42.1608,68.0418,0.8181,0.7893,-1,-5.2428,-0.0833,-5.3261,HOLDING
2015-10-14,8,CINF,ITW,41.9874,66.8072,0.8181,1.5421,-1,-5.6856,-0.0833,-5.7689,HOLDING
2015-10-15,8,CINF,ITW,42.5827,67.2712,0.8181,1.9657,-1,-6.1367,-0.0833,-6.2201,HOLDING
2015-10-16,8,CINF,ITW,42.8691,66.304,0.8181,2.8606,-1,-6.9754,-0.0833,-7.0588,HOLDING
2015-10-19,8,CINF,ITW,43.2308,66.0917,0.8181,2.7391,-1,-7.5076,-0.0833,-7.5909,HOLDING
2015-10-20,8,CINF,ITW,43.5021,66.9409,0.8181,2.1134,-1,-7.3801,-0.0833,-7.4635,HOLDING
2015-10-21,8,CINF,ITW,43.6829,67.2712,0.8181,1.8306,-1,-7.4183,-0.0833,-7.5017,HOLDING
2015-10-22,8,CINF,ITW,44.2933,70.4008,0.8181,0.5918,-1,-6.495,-0.0833,-6.5784,HOLDING
2015-10-23,8,CINF,ITW,44.4892,71.2343,0.8181,0.2868,-1,-6.288,-0.0833,-6.3713,HOLDING
2015-10-26,8,CINF,ITW,44.5872,71.3444,0.8181,0.2976,-1,-6.3446,-0.0833,-6.4279,HOLDING
2015-10-27,8,CINF,ITW,44.6475,71.2264,0.8181,0.39,-1,-6.4764,-0.0833,-6.5598,HOLDING
2015-10-28,8,CINF,ITW,45.8079,72.4453,0.8181,0.9031,-1,-7.1918,-0.0833,-7.2751,HOLDING
2015-10-29,8,CINF,ITW,46.1093,72.2802,0.8181,1.1958,-1,-7.6291,-0.0833,-7.7124,HOLDING
2015-10-30,8,CINF,ITW,45.3859,72.2959,0.8181,0.3659,-1,-6.7782,-0.0833,-6.8615,HOLDING
2015-11-02,8,CINF,ITW,45.6271,73.5225,0.8181,-0.1118,-1,-6.4185,-0.0833,-6.5018,HOLDING
2015-11-03,8,CINF,ITW,45.4763,73.1373,0.8181,-0.1555,-1,-6.4441,-0.0833,-6.5275,HOLDING
2015-11-04,8,CINF,ITW,45.5592,73.0743,0.8181,-0.1079,-1,-6.5736,-0.0833,-6.6569,HOLDING
2015-11-05,8,CINF,ITW,45.6497,73.208,0.8181,-0.1691,-1,-6.6091,-0.0833,-6.6924,HOLDING
2015-11-06,8,CINF,ITW,45.8607,72.8306,0.8181,0.3316,-1,-7.052,-0.0833,-7.1353,HOLDING
2015-11-09,8,CINF,ITW,45.3708,71.8634,0.8181,0.2694,-1,-6.9865,-0.0833,-7.0698,HOLDING
2015-11-10,8,CINF,ITW,45.6421,72.0914,0.8181,0.4596,-1,-7.1834,-0.0833,-7.2667,HOLDING
2015-11-11,8,CINF,ITW,45.7099,71.8241,0.8181,0.7785,-1,-7.402,-0.0833,-7.4854,HOLDING
2015-11-12,8,CINF,ITW,45.1825,70.5502,0.8181,0.958,-1,-7.4528,-0.0833,-7.5362,HOLDING
2015-11-13,8,CINF,ITW,44.8509,70.3064,0.8181,0.5598,-1,-7.1939,-0.0833,-7.2772,HOLDING
2015-11-16,8,CINF,ITW,45.4161,71.6196,0.8181,0.4341,-1,-7.1665,-0.0833,-7.2498,HOLDING
2015-11-17,8,CINF,ITW,45.2051,70.849,0.8181,0.958,-1,-7.3231,-0.0833,-7.4064,HOLDING
2015-11-18,8,CINF,ITW,45.6195,72.0442,0.8181,0.5856,-1,-7.1817,-0.0833,-7.2651,HOLDING
2015-11-19,8,CINF,ITW,45.7778,72.7205,0.8181,0.0504,-1,-7.0129,-0.0833,-7.0962,HOLDING
2015-11-20,8,CINF,ITW,45.9812,73.554,0.8181,-0.6055,-1,-6.8146,-0.0833,-6.898,HOLDING
2015-11-23,8,CINF,ITW,46.3052,73.381,0.8181,0.4485,-1,-7.2824,-0.0833,-7.3658,HOLDING
2015-11-24,8,CINF,ITW,46.1771,73.4361,0.8181,-0.0573,-1,-7.1045,-0.0833,-7.1878,HOLDING
2015-11-25,8,CINF,ITW,45.8607,73.4361,0.8181,-0.9128,-1,-6.7358,-0.0833,-6.8191,HOLDING
2015-11-27,8,CINF,ITW,46.0264,73.2867,0.8181,-0.1252,-1,-7.0069,-0.0833,-7.0902,HOLDING
2015-11-30,8,CINF,ITW,46.049,73.9,0.8181,-0.9929,-1,-6.713,-0.0833,-6.7963,HOLDING
2015-12-01,8,CINF,ITW,46.6716,74.0416,0.8181,0.6105,-1,-7.3643,-0.0833,-7.4476,HOLDING
2015-12-02,8,CINF,ITW,46.2692,73.4282,0.8181,0.2431,-1,-7.2158,-0.0833,-7.2992,HOLDING
2015-12-03,8,CINF,ITW,45.5859,72.6262,0.8181,-0.8531,-1,-6.8387,-0.0833,-6.922,HOLDING
2015-12-04,8,CINF,ITW,46.6868,74.1673,0.8181,0.2695,-1,0.0,-7.4928,-7.4928,PERIOD_END_EXIT
2015-06-09,9,T,VZ,12.1908,26.9437,0.6556,0.0,0,0.0,0.0,0.0,HOLD_CASH
2015-06-10,9,T,VZ,12.265,27.0177,0.6556,0.0,0,0.0,0.0,0.0,HOLD_CASH
2015-06-11,9,T,VZ,12.3215,27.1827,0.6556,0.0,0,0.0,0.0,0.0,HOLD_CASH
2015-06-12,9,T,VZ,12.2402,26.8924,0.6556,0.0,0,0.0,0.0,0.0,HOLD_CASH
2015-06-15,9,T,VZ,12.1555,26.7502,0.6556,0.0,0,0.0,0.0,0.0,HOLD_CASH
2015-06-16,9,T,VZ,12.2473,26.9892,0.6556,0.0,0,0.0,0.0,0.0,HOLD_CASH
2015-06-17,9,T,VZ,12.2932,26.9038,0.6556,0.0,0,0.0,0.0,0.0,HOLD_CASH
2015-06-18,9,T,VZ,12.371,27.1884,0.6556,0.0,0,0.0,0.0,0.0,HOLD_CASH
2015-06-19,9,T,VZ,12.3604,27.012,0.6556,0.0,0,0.0,0.0,0.0,HOLD_CASH
2015-06-22,9,T,VZ,12.378,27.0518,0.6556,0.0,0,0.0,0.0,0.0,HOLD_CASH
2015-06-23,9,T,VZ,12.6854,27.1884,0.6556,0.0,0,0.0,0.0,0.0,HOLD_CASH
2015-06-24,9,T,VZ,12.6394,26.9152,0.6556,0.0,0,0.0,0.0,0.0,HOLD_CASH
2015-06-25,9,T,VZ,12.7807,27.0006,0.6556,0.0,0,0.0,0.0,0.0,HOLD_CASH
2015-06-26,9,T,VZ,12.7595,27.103,0.6556,0.0,0,0.0,0.0,0.0,HOLD_CASH
2015-06-29,9,T,VZ,12.6359,26.6192,0.6556,0.0,0,0.0,0.0,0.0,HOLD_CASH
2015-06-30,9,T,VZ,12.5476,26.5282,0.6556,0.0,0,0.0,0.0,0.0,HOLD_CASH
2015-07-01,9,T,VZ,12.5652,26.7502,0.6556,0.0,0,0.0,0.0,0.0,HOLD_CASH
2015-07-02,9,T,VZ,12.6218,26.864,0.6556,0.0,0,0.0,0.0,0.0,HOLD_CASH
2015-07-06,9,T,VZ,12.5794,26.7729,0.6556,0.0,0,0.0,0.0,0.0,HOLD_CASH
2015-07-07,9,T,VZ,12.6359,26.8924,0.6556,0.8629,0,0.0,0.0,0.0,HOLD_CASH
2015-07-08,9,T,VZ,12.5073,26.8233,0.6556,0.2914,0,0.0,0.0,0.0,HOLD_CASH
2015-07-09,9,T,VZ,12.3635,26.6391,0.6556,-0.2035,0,0.0,0.0,0.0,HOLD_CASH
2015-07-10,9,T,VZ,12.457,27.0652,0.6556,-0.45,0,0.0,0.0,0.0,HOLD_CASH
2015-07-13,9,T,VZ,12.5396,27.1804,0.6556,-0.2644,0,0.0,0.0,0.0,HOLD_CASH
2015-07-14,9,T,VZ,12.6259,27.3013,0.6556,-0.0803,0,0.0,0.0,0.0,HOLD_CASH
2015-07-15,9,T,VZ,12.4857,27.2552,0.6556,-0.9746,0,0.0,0.0,0.0,HOLD_CASH
2015-07-16,9,T,VZ,12.6403,27.5432,0.6556,-0.6136,0,0.0,0.0,0.0,HOLD_CASH
2015-07-17,9,T,VZ,12.5864,27.405,0.6556,-0.8126,0,0.0,0.0,0.0,HOLD_CASH
2015-07-20,9,T,VZ,12.5468,27.6986,0.6556,-1.7485,0,0.0,0.0,0.0,HOLD_CASH
2015-07-21,9,T,VZ,12.4282,27.0479,0.6556,-1.2311,0,0.0,0.0,0.0,HOLD_CASH
2015-07-22,9,T,VZ,12.3203,26.7485,0.6556,-1.2301,0,0.0,0.0,0.0,HOLD_CASH
2015-07-23,9,T,VZ,12.1981,26.6909,0.6556,-1.7489,0,0.0,0.0,0.0,HOLD_CASH
2015-07-24,9,T,VZ,12.3275,26.5124,0.6556,-0.3818,0,0.0,0.0,0.0,HOLD_CASH
2015-07-27,9,T,VZ,12.3383,26.3915,0.6556,0.0569,0,0.0,0.0,0.0,HOLD_CASH
2015-07-28,9,T,VZ,12.3419,26.426,0.6556,0.1044,0,0.0,0.0,0.0,HOLD_CASH
2015-07-29,9,T,VZ,12.4713,26.8118,0.6556,0.302,0,0.0,0.0,0.0,HOLD_CASH
2015-07-30,9,T,VZ,12.5109,26.8752,0.6556,0.5652,0,0.0,0.0,0.0,HOLD_CASH
2015-07-31,9,T,VZ,12.4893,26.9443,0.6556,0.2364,0,0.0,0.0,0.0,HOLD_CASH
2015-08-03,9,T,VZ,12.4606,27.0479,0.6556,-0.3417,0,0.0,0.0,0.0,HOLD_CASH
2015-08-04,9,T,VZ,12.4318,26.8752,0.6556,0.072,0,0.0,0.0,0.0,HOLD_CASH
2015-08-05,9,T,VZ,12.4282,26.8579,0.6556,0.169,0,0.0,0.0,0.0,HOLD_CASH
2015-08-06,9,T,VZ,12.3096,26.8521,0.6556,-1.4374,0,0.0,0.0,0.0,HOLD_CASH
2015-08-07,9,T,VZ,12.2988,26.6967,0.6556,-0.8651,0,0.0,0.0,0.0,HOLD_CASH
2015-08-10,9,T,VZ,12.5037,27.1977,0.6556,-0.0802,0,0.0,0.0,0.0,HOLD_CASH
2015-08-11,9,T,VZ,12.457,27.4107,0.6556,-1.4617,0,0.0,0.0,0.0,HOLD_CASH
2015-08-12,9,T,VZ,12.2305,27.5547,0.6556,-3.2343,1,0.0,-0.0833,-0.0833,ENTER_LONG_A
2015-08-13,9,T,VZ,12.155,27.4453,0.6556,-2.679,1,-0.1797,-0.0833,-0.263,HOLDING
2015-08-14,9,T,VZ,12.2413,27.3474,0.6556,-1.6185,1,0.2927,-0.0833,0.2093,HOLDING
2015-08-17,9,T,VZ,12.306,27.3646,0.6556,-1.1369,1,0.5383,-0.0833,0.455,HOLDING
2015-08-18,9,T,VZ,12.3491,27.3301,0.6556,-0.7353,1,0.7572,-0.0833,0.6739,HOLDING
2015-08-19,9,T,VZ,12.3527,27.3186,0.6556,-0.6411,1,0.7858,-0.0833,0.7025,HOLDING
2015-08-20,9,T,VZ,12.2053,26.9961,0.6556,-0.9207,1,0.5654,-0.0833,0.4821,HOLDING
2015-08-21,9,T,VZ,12.0004,26.5469,0.6556,-1.2265,1,0.26,-0.0833,0.1766,HOLDING
2015-08-24,9,T,VZ,11.6373,25.7638,0.6556,-1.7687,1,-0.2965,-0.0833,-0.3798,HOLDING
2015-08-25,9,T,VZ,11.4324,25.0497,0.6556,-1.5296,1,-0.2847,-0.0833,-0.368,HOLDING
2015-08-26,9,T,VZ,11.7523,26.0056,0.6556,-1.2038,1,-0.1127,-0.0833,-0.196,HOLDING
2015-08-27,9,T,VZ,12.022,26.5988,0.6556,-0.5996,1,0.2867,-0.0833,0.2033,HOLDING
2015-08-28,9,T,VZ,11.968,26.5297,0.6556,-0.7197,1,0.1475,-0.0833,0.0641,HOLDING
2015-08-31,9,T,VZ,11.9357,26.4951,0.6556,-0.7757,1,0.0557,-0.0833,-0.0276,HOLDING
2015-09-01,9,T,VZ,11.6193,25.8559,0.6556,-1.482,1,-0.4808,-0.0833,-0.5641,HOLDING
2015-09-02,9,T,VZ,11.7991,26.115,0.6556,-0.7154,1,-0.0514,-0.0833,-0.1347,HOLDING
2015-09-03,9,T,VZ,11.8782,26.3281,0.6556,-0.5234,1,0.019,-0.0833,-0.0644,HOLDING
2015-09-04,9,T,VZ,11.7056,25.8098,0.6556,-0.597,1,-0.0705,-0.0833,-0.1539,HOLDING
2015-09-08,9,T,VZ,11.9141,26.4202,0.6556,-0.2724,1,0.0566,-0.0833,-0.0267,HOLDING
2015-09-09,9,T,VZ,11.7847,26.1381,0.6556,-0.7081,1,-0.1381,-0.0833,-0.2215,HOLDING
2015-09-10,9,T,VZ,11.7739,26.1784,0.6556,-0.9364,1,-0.2308,-0.0833,-0.3141,HOLDING
2015-09-11,9,T,VZ,11.7631,26.3339,0.6556,-1.5069,1,-0.4614,-0.0833,-0.5447,HOLDING
2015-09-14,9,T,VZ,11.702,26.2878,0.6556,-1.7691,1,-0.6577,-0.0833,-0.7411,HOLDING
2015-09-15,9,T,VZ,11.8134,26.7024,0.6556,-1.6481,1,-0.6956,-0.0833,-0.7789,HOLDING
2015-09-16,9,T,VZ,11.8422,26.5988,0.6556,-0.9778,1,-0.4531,-0.0833,-0.5364,HOLDING
2015-09-17,9,T,VZ,11.7847,26.0459,0.6556,0.3302,1,-0.0278,-0.0833,-0.1111,HOLDING
2015-09-18,9,T,VZ,11.702,25.6659,0.6556,0.8923,1,0.0871,-0.0833,0.0038,HOLDING
2015-09-21,9,T,VZ,11.7056,25.7983,0.6556,0.4427,1,-0.0567,-0.0833,-0.1401,HOLDING
2015-09-22,9,T,VZ,11.6013,25.5852,0.6556,-0.2051,1,-0.2306,-0.0833,-0.314,HOLDING
2015-09-23,9,T,VZ,11.5762,25.3261,0.6556,0.5604,1,-0.0239,-0.0833,-0.1072,HOLDING
2015-09-24,9,T,VZ,11.5438,25.3895,0.6556,-0.2201,1,-0.2329,-0.0833,-0.3162,HOLDING
2015-09-25,9,T,VZ,11.6229,25.4643,0.6556,0.7535,1,0.003,-0.0833,-0.0804,HOLDING
2015-09-28,9,T,VZ,11.4683,25.1879,0.6556,-0.3716,1,-0.3022,-0.0833,-0.3856,HOLDING
2015-09-29,9,T,VZ,11.5294,25.067,0.6556,1.2715,1,0.0941,-0.0833,0.0108,HOLDING
2015-09-30,9,T,VZ,11.7128,25.0555,0.6556,3.0211,1,0.8625,-0.0833,0.7792,HOLDING
2015-10-01,9,T,VZ,11.6948,24.7387,0.6556,2.8349,1,1.1678,-0.0833,1.0845,HOLDING
2015-10-02,9,T,VZ,11.7343,24.6696,0.6556,2.5708,1,1.4133,-0.0833,1.33,HOLDING
2015-10-05,9,T,VZ,12.0184,25.3376,0.6556,2.4243,1,1.7822,-0.0833,1.6988,HOLDING
2015-10-06,9,T,VZ,11.9752,25.3722,0.6556,1.8108,1,1.5632,-0.0833,1.4799,HOLDING
2015-10-07,9,T,VZ,12.1336,25.5793,0.6556,1.9379,1,1.967,-0.0833,1.8837,HOLDING
2015-10-08,9,T,VZ,12.2362,25.8009,0.6556,1.7939,1,2.1237,-0.0833,2.0404,HOLDING
2015-10-09,9,T,VZ,12.1409,25.7601,0.6556,1.2937,1,1.7806,-0.0833,1.6973,HOLDING
2015-10-12,9,T,VZ,12.1995,25.8418,0.6556,1.2928,1,1.924,-0.0833,1.8407,HOLDING
2015-10-13,9,T,VZ,12.1702,25.8768,0.6556,1.0288,1,1.7615,-0.0833,1.6781,HOLDING
2015-10-14,9,T,VZ,12.1885,25.6609,0.6556,1.2598,1,2.0954,-0.0833,2.012,HOLDING
2015-10-15,9,T,VZ,12.2691,26.0576,0.6556,0.9775,1,1.952,-0.0833,1.8687,HOLDING
2015-10-16,9,T,VZ,12.3937,26.0751,0.6556,1.3233,1,2.4437,-0.0833,2.3603,HOLDING
2015-10-19,9,T,VZ,12.3204,26.0751,0.6556,0.9281,1,2.1421,-0.0833,2.0588,HOLDING
2015-10-20,9,T,VZ,12.3644,26.3901,0.6556,0.63,1,1.9458,-0.0833,1.8625,HOLDING
2015-10-21,9,T,VZ,12.3094,26.1684,0.6556,0.6126,1,1.9851,-0.0833,1.9018,HOLDING
2015-10-22,9,T,VZ,12.4413,26.7693,0.6556,0.284,1,1.8084,-0.0833,1.725,HOLDING
2015-10-23,9,T,VZ,12.3607,26.9268,0.6556,-0.5257,1,1.288,-0.0833,1.2047,HOLDING
2015-10-26,9,T,VZ,12.3314,27.0434,0.6556,-1.2687,1,1.0277,-0.0833,0.9443,HOLDING
2015-10-27,9,T,VZ,12.1666,26.9326,0.6556,-2.5192,1,0.4819,-0.0833,0.3986,HOLDING
2015-10-28,9,T,VZ,12.2435,27.1134,0.6556,-2.1296,1,0.582,-0.0833,0.4987,HOLDING
2015-10-29,9,T,VZ,12.2911,27.0668,0.6556,-1.5303,1,0.8339,-0.0833,0.7506,HOLDING
2015-10-30,9,T,VZ,12.2765,27.3468,0.6556,-1.9152,1,0.4382,-0.0833,0.3549,HOLDING
2015-11-02,9,T,VZ,12.3131,27.2884,0.6556,-1.3912,1,0.6589,-0.0833,0.5756,HOLDING
2015-11-03,9,T,VZ,12.3204,27.0959,0.6556,-0.9153,1,0.9196,-0.0833,0.8363,HOLDING
2015-11-04,9,T,VZ,12.2655,26.9151,0.6556,-0.8344,1,0.91,-0.0833,0.8267,HOLDING
2015-11-05,9,T,VZ,12.2142,26.9501,0.6556,-1.092,1,0.657,-0.0833,0.5737,HOLDING
2015-11-06,9,T,VZ,12.1482,26.7051,0.6556,-0.9513,1,0.679,-0.0833,0.5957,HOLDING
2015-11-09,9,T,VZ,12.031,26.4251,0.6556,-1.0432,1,0.5319,-0.0833,0.4485,HOLDING
2015-11-10,9,T,VZ,12.0127,26.3084,0.6556,-0.8544,1,0.5962,-0.0833,0.5129,HOLDING
2015-11-11,9,T,VZ,12.0603,26.4368,0.6556,-0.7191,1,0.6385,-0.0833,0.5552,HOLDING
2015-11-12,9,T,VZ,11.976,26.1509,0.6556,-0.6335,1,0.634,-0.0833,0.5507,HOLDING
2015-11-13,9,T,VZ,11.8368,25.8009,0.6556,-0.8059,1,0.4803,-0.0833,0.3969,HOLDING
2015-11-16,9,T,VZ,12.1043,26.2734,0.6556,0.2612,1,1.0151,-0.0833,0.9317,HOLDING
2015-11-17,9,T,VZ,12.1849,26.2968,0.6556,1.065,1,1.3188,-0.0833,1.2355,HOLDING
2015-11-18,9,T,VZ,12.2875,26.4718,0.6556,1.8178,1,1.5314,-0.0833,1.4481,HOLDING
2015-11-19,9,T,VZ,12.3168,26.6934,0.6556,1.6638,1,1.3865,-0.0833,1.3032,HOLDING
2015-11-20,9,T,VZ,12.3314,26.4776,0.6556,2.2905,1,1.7053,-0.0833,1.622,HOLDING
2015-11-23,9,T,VZ,12.2581,26.2443,0.6556,1.9461,1,1.6832,-0.0833,1.5999,HOLDING
2015-11-24,9,T,VZ,12.2325,26.3609,0.6556,1.2129,1,1.438,-0.0833,1.3546,HOLDING
2015-11-25,9,T,VZ,12.2545,26.2034,0.6556,1.6471,1,1.7171,-0.0833,1.6337,HOLDING
2015-11-27,9,T,VZ,12.2984,26.3843,0.6556,1.3755,1,1.6814,-0.0833,1.5981,HOLDING
2015-11-30,9,T,VZ,12.3351,26.5126,0.6556,1.2273,1,1.6785,-0.0833,1.5952,HOLDING
2015-12-01,9,T,VZ,12.3717,26.5884,0.6556,1.2084,1,1.7384,-0.0833,1.6551,HOLDING
2015-12-02,9,T,VZ,12.2948,26.2034,0.6556,1.3824,1,1.8829,-0.0833,1.7996,HOLDING
2015-12-03,9,T,VZ,12.1263,25.9934,0.6556,0.4814,1,1.4408,-0.0833,1.3575,HOLDING
2015-12-04,9,T,VZ,12.4963,26.6643,0.6556,1.6006,1,0.0,1.9936,1.9936,PERIOD_END_EXIT
2015-06-09,10,PSA,SPG,122.1194,101.9325,0.9996,0.0,0,0.0,0.0,0.0,HOLD_CASH
2015-06-10,10,PSA,SPG,122.9667,102.966,0.9996,0.0,0,0.0,0.0,0.0,HOLD_CASH
2015-06-11,10,PSA,SPG,123.8548,103.4914,0.9996,0.0,0,0.0,0.0,0.0,HOLD_CASH
2015-06-12,10,PSA,SPG,123.7554,103.2696,0.9996,0.0,0,0.0,0.0,0.0,HOLD_CASH
2015-06-15,10,PSA,SPG,123.0131,102.6448,0.9996,0.0,0,0.0,0.0,0.0,HOLD_CASH
2015-06-16,10,PSA,SPG,124.3652,103.4973,0.9996,0.0,0,0.0,0.0,0.0,HOLD_CASH
2015-06-17,10,PSA,SPG,125.1804,104.846,0.9996,0.0,0,0.0,0.0,0.0,HOLD_CASH
2015-06-18,10,PSA,SPG,127.5598,106.2006,0.9996,0.0,0,0.0,0.0,0.0,HOLD_CASH
2015-06-19,10,PSA,SPG,126.6054,104.7935,0.9996,0.0,0,0.0,0.0,0.0,HOLD_CASH
2015-06-22,10,PSA,SPG,124.8291,103.071,0.9996,0.0,0,0.0,0.0,0.0,HOLD_CASH
2015-06-23,10,PSA,SPG,123.7289,102.3179,0.9996,0.0,0,0.0,0.0,0.0,HOLD_CASH
2015-06-24,10,PSA,SPG,122.5889,101.5355,0.9996,0.0,0,0.0,0.0,0.0,HOLD_CASH
2015-06-25,10,PSA,SPG,121.7007,100.6363,0.9996,0.0,0,0.0,0.0,0.0,HOLD_CASH
2015-06-26,10,PSA,SPG,122.9137,101.5414,0.9996,0.0,0,0.0,0.0,0.0,HOLD_CASH
2015-06-29,10,PSA,SPG,121.2766,99.8423,0.9996,0.0,0,0.0,0.0,0.0,HOLD_CASH
2015-06-30,10,PSA,SPG,122.1978,101.0217,0.9996,0.0,0,0.0,0.0,0.0,HOLD_CASH
2015-07-01,10,PSA,SPG,123.9873,102.0376,0.9996,0.0,0,0.0,0.0,0.0,HOLD_CASH
2015-07-02,10,PSA,SPG,124.1,102.0142,0.9996,0.0,0,0.0,0.0,0.0,HOLD_CASH
2015-07-06,10,PSA,SPG,124.8556,102.6332,0.9996,0.0,0,0.0,0.0,0.0,HOLD_CASH
2015-07-07,10,PSA,SPG,127.7056,104.3497,0.9996,2.0093,-1,0.0,-0.0833,-0.0833,ENTER_SHORT_A
2015-07-08,10,PSA,SPG,128.1033,104.1279,0.9996,2.2451,-1,-0.2183,-0.0833,-0.3017,HOLDING
2015-07-09,10,PSA,SPG,128.4015,103.9994,0.9996,2.2435,-1,-0.3669,-0.0833,-0.4503,HOLDING
2015-07-10,10,PSA,SPG,129.9922,104.4198,0.9996,2.5019,-1,-0.7182,-0.0833,-0.8016,HOLDING
2015-07-13,10,PSA,SPG,130.37,104.6942,0.9996,2.1117,-1,-0.732,-0.0833,-0.8153,HOLDING
2015-07-14,10,PSA,SPG,131.0195,105.0913,0.9996,1.9025,-1,-0.7854,-0.0833,-0.8687,HOLDING
2015-07-15,10,PSA,SPG,131.7287,105.9204,0.9996,1.5122,-1,-0.6858,-0.0833,-0.7692,HOLDING
2015-07-16,10,PSA,SPG,132.6831,107.0998,0.9996,1.121,-1,-0.5265,-0.0833,-0.6098,HOLDING
2015-07-17,10,PSA,SPG,131.4967,106.8838,0.9996,0.4863,-1,-0.2255,-0.0833,-0.3089,HOLDING
2015-07-20,10,PSA,SPG,132.65,106.8078,0.9996,1.1599,-1,-0.6322,-0.0833,-0.7155,HOLDING
2015-07-21,10,PSA,SPG,133.1073,106.1247,0.9996,1.7259,-1,-1.0541,-0.0833,-1.1375,HOLDING
2015-07-22,10,PSA,SPG,133.5447,106.4867,0.9996,1.5251,-1,-1.0524,-0.0833,-1.1357,HOLDING
2015-07-23,10,PSA,SPG,133.2862,105.9029,0.9996,1.6036,-1,-1.2011,-0.0833,-1.2845,HOLDING
2015-07-24,10,PSA,SPG,133.8363,107.8121,0.9996,0.5024,-1,-0.6184,-0.0833,-0.7018,HOLDING
2015-07-27,10,PSA,SPG,134.4925,108.4661,0.9996,0.3373,-1,-0.5715,-0.0833,-0.6548,HOLDING
2015-07-28,10,PSA,SPG,134.8173,108.8105,0.9996,0.202,-1,-0.54,-0.0833,-0.6233,HOLDING
2015-07-29,10,PSA,SPG,134.4991,108.8748,0.9996,-0.1696,-1,-0.4105,-0.0833,-0.4938,HOLDING
2015-07-30,10,PSA,SPG,134.5589,108.6821,0.9996,-0.048,-1,-0.5069,-0.0833,-0.5902,HOLDING
2015-07-31,10,PSA,SPG,135.9904,109.3127,0.9996,0.3969,-1,-0.7223,-0.0833,-0.8057,HOLDING
2015-08-03,10,PSA,SPG,136.2158,109.9958,0.9996,-0.3264,-1,-0.5232,-0.0833,-0.6065,HOLDING
2015-08-04,10,PSA,SPG,136.123,110.0892,0.9996,-0.7066,-1,-0.4556,-0.0833,-0.5389,HOLDING
2015-08-05,10,PSA,SPG,136.2887,110.1768,0.9996,-0.7219,-1,-0.4747,-0.0833,-0.558,HOLDING
2015-08-06,10,PSA,SPG,137.5214,110.8775,0.9996,-0.304,-1,-0.5973,-0.0833,-0.6806,HOLDING
2015-08-07,10,PSA,SPG,138.3963,111.9226,0.9996,-0.7802,-1,-0.4656,-0.0833,-0.5489,HOLDING
2015-08-10,10,PSA,SPG,137.4949,110.4454,0.9996,0.4223,-1,-0.7611,-0.0833,-0.8444,HOLDING
2015-08-11,10,PSA,SPG,138.5885,111.8408,0.9996,-0.3511,-1,-0.5609,-0.0833,-0.6442,HOLDING
2015-08-12,10,PSA,SPG,139.5363,112.1153,0.9996,0.4257,-1,-0.7607,-0.0833,-0.844,HOLDING
2015-08-13,10,PSA,SPG,140.8752,112.2801,0.9996,1.6327,-1,-1.1318,-0.0833,-1.2151,HOLDING
2015-08-14,10,PSA,SPG,141.6572,112.8275,0.9996,1.5842,-1,-1.1684,-0.0833,-1.2518,HOLDING
2015-08-17,10,PSA,SPG,142.7309,113.9224,0.9996,1.1201,-1,-1.0817,-0.0833,-1.1651,HOLDING
2015-08-18,10,PSA,SPG,143.7251,114.6522,0.9996,1.2209,-1,-1.1148,-0.0833,-1.1981,HOLDING
2015-08-19,10,PSA,SPG,143.7317,113.7163,0.9996,2.2284,-1,-1.4906,-0.0833,-1.5739,HOLDING
2015-08-20,10,PSA,SPG,142.7045,113.1395,0.9996,1.8553,-1,-1.3856,-0.0833,-1.469,HOLDING
2015-08-21,10,PSA,SPG,140.8486,111.821,0.9996,1.4693,-1,-1.3064,-0.0833,-1.3897,HOLDING
2015-08-24,10,PSA,SPG,134.0219,107.1708,0.9996,0.4559,-1,-0.935,-0.0833,-1.0183,HOLDING
2015-08-25,10,PSA,SPG,130.5423,104.2395,0.9996,0.5781,-1,-0.9697,-0.0833,-1.0531,HOLDING
2015-08-26,10,PSA,SPG,134.6781,107.112,0.9996,1.016,-1,-1.1726,-0.0833,-1.256,HOLDING
2015-08-27,10,PSA,SPG,137.8661,109.3252,0.9996,1.277,-1,-1.3294,-0.0833,-1.4128,HOLDING
2015-08-28,10,PSA,SPG,136.64,108.4952,0.9996,0.9969,-1,-1.2606,-0.0833,-1.344,HOLDING
2015-08-31,10,PSA,SPG,133.3989,105.5521,0.9996,1.3148,-1,-1.3779,-0.0833,-1.4612,HOLDING
2015-09-01,10,PSA,SPG,131.8944,103.0151,0.9996,2.4506,-1,-1.8997,-0.0833,-1.9831,HOLDING
2015-09-02,10,PSA,SPG,134.1147,104.263,0.9996,2.4278,-1,-2.1262,-0.0833,-2.2095,HOLDING
2015-09-03,10,PSA,SPG,134.7112,104.728,0.9996,2.0553,-1,-2.1352,-0.0833,-2.2185,HOLDING
2015-09-04,10,PSA,SPG,132.2589,102.9622,0.9996,1.7281,-1,-2.0398,-0.0833,-2.1232,HOLDING
2015-09-08,10,PSA,SPG,135.1288,104.5044,0.9996,1.9835,-1,-2.3607,-0.0833,-2.444,HOLDING
2015-09-09,10,PSA,SPG,132.7162,102.7738,0.9996,1.6833,-1,-2.2643,-0.0833,-2.3476,HOLDING
2015-09-10,10,PSA,SPG,132.6964,103.0445,0.9996,1.3174,-1,-2.1497,-0.0833,-2.2331,HOLDING
2015-09-11,10,PSA,SPG,135.1563,105.4462,0.9996,0.8373,-1,-1.9937,-0.0833,-2.077,HOLDING
2015-09-14,10,PSA,SPG,134.8154,105.3284,0.9996,0.6451,-1,-1.9295,-0.0833,-2.0128,HOLDING
2015-09-15,10,PSA,SPG,136.3127,106.5881,0.9996,0.5026,-1,-1.9152,-0.0833,-1.9986,HOLDING
2015-09-16,10,PSA,SPG,137.3489,107.9655,0.9996,-0.0255,-1,-1.7035,-0.0833,-1.7868,HOLDING
2015-09-17,10,PSA,SPG,138.6456,108.8248,0.9996,0.0742,-1,-1.7836,-0.0833,-1.8669,HOLDING
2015-09-18,10,PSA,SPG,138.3515,108.3069,0.9996,0.2662,-1,-1.8944,-0.0833,-1.9777,HOLDING
2015-09-21,10,PSA,SPG,140.0561,109.3605,0.9996,0.4426,-1,-2.03,-0.0833,-2.1134,HOLDING
2015-09-22,10,PSA,SPG,138.532,107.8595,0.9996,0.6521,-1,-2.1319,-0.0833,-2.2152,HOLDING
2015-09-23,10,PSA,SPG,139.3075,108.0126,0.9996,1.0419,-1,-2.3238,-0.0833,-2.4072,HOLDING
2015-09-24,10,PSA,SPG,137.4759,106.6764,0.9996,0.8857,-1,-2.2596,-0.0833,-2.3429,HOLDING
2015-09-25,10,PSA,SPG,139.8823,107.5947,0.9996,1.8612,-1,-2.6783,-0.0833,-2.7616,HOLDING
2015-09-28,10,PSA,SPG,138.4852,106.0466,0.9996,2.2539,-1,-2.8404,-0.0833,-2.9237,HOLDING
2015-09-29,10,PSA,SPG,139.8823,107.3827,0.9996,1.8065,-1,-2.7629,-0.0833,-2.8462,HOLDING
2015-09-30,10,PSA,SPG,141.4666,108.142,0.9996,2.0108,-1,-2.9768,-0.0833,-3.0601,HOLDING
2015-10-01,10,PSA,SPG,143.0174,109.4252,0.9996,1.6551,-1,-2.9706,-0.0833,-3.0539,HOLDING
2015-10-02,10,PSA,SPG,144.5282,110.3553,0.9996,1.651,-1,-3.0923,-0.0833,-3.1756,HOLDING
2015-10-05,10,PSA,SPG,147.1351,112.904,0.9996,1.0135,-1,-2.9255,-0.0833,-3.0089,HOLDING
2015-10-06,10,PSA,SPG,145.1565,112.8569,0.9996,-0.3436,-1,-2.2986,-0.0833,-2.382,HOLDING
2015-10-07,10,PSA,SPG,145.1164,114.3226,0.9996,-1.5314,-1,-1.7004,-0.0833,-1.7838,HOLDING
2015-10-08,10,PSA,SPG,146.2327,114.7523,0.9996,-1.0612,-1,-1.8932,-0.0833,-1.9765,HOLDING
2015-10-09,10,PSA,SPG,145.1765,114.8288,0.9996,-1.628,-1,-1.518,-0.0833,-1.6013,HOLDING
2015-10-12,10,PSA,SPG,146.5737,115.7471,0.9996,-1.3717,-1,-1.6073,-0.0833,-1.6906,HOLDING
2015-10-13,10,PSA,SPG,145.0964,114.7582,0.9996,-1.3865,-1,-1.52,-0.0833,-1.6033,HOLDING
2015-10-14,10,PSA,SPG,145.0896,114.252,0.9996,-1.02,-1,-1.7199,-0.0833,-1.8032,HOLDING
2015-10-15,10,PSA,SPG,146.7742,116.3063,0.9996,-1.4213,-1,-1.4495,-0.0833,-1.5328,HOLDING
2015-10-16,10,PSA,SPG,147.9373,116.9007,0.9996,-1.1361,-1,-1.5917,-0.0833,-1.6751,HOLDING
2015-10-19,10,PSA,SPG,151.0189,119.2494,0.9996,-1.0119,-1,-1.6598,-0.0833,-1.7431,HOLDING
2015-10-20,10,PSA,SPG,151.8345,118.9845,0.9996,-0.4361,-1,-2.0316,-0.0833,-2.115,HOLDING
2015-10-21,10,PSA,SPG,152.0283,119.632,0.9996,-0.6749,-1,-1.8364,-0.0833,-1.9197,HOLDING
2015-10-22,10,PSA,SPG,153.7663,120.5679,0.9996,-0.3825,-1,-2.03,-0.0833,-2.1133,HOLDING
2015-10-23,10,PSA,SPG,153.6794,119.5143,0.9996,0.2468,-1,-2.4222,-0.0833,-2.5056,HOLDING
2015-10-26,10,PSA,SPG,154.154,119.7085,0.9996,0.425,-1,-2.4995,-0.0833,-2.5829,HOLDING
2015-10-27,10,PSA,SPG,155.7115,121.3685,0.9996,0.2082,-1,-2.3452,-0.0833,-2.4285,HOLDING
2015-10-28,10,PSA,SPG,154.8158,121.0859,0.9996,0.0254,-1,-2.1656,-0.0833,-2.249,HOLDING
2015-10-29,10,PSA,SPG,153.0109,120.3089,0.9996,-0.3631,-1,-1.8868,-0.0833,-1.9702,HOLDING
2015-10-30,10,PSA,SPG,153.3853,118.5843,0.9996,1.6011,-1,-2.6975,-0.0833,-2.7809,HOLDING
2015-11-02,10,PSA,SPG,157.2623,121.1212,0.9996,2.1742,-1,-2.9499,-0.0833,-3.0333,HOLDING
2015-11-03,10,PSA,SPG,156.1928,120.0205,0.9996,2.1257,-1,-3.0403,-0.0833,-3.1237,HOLDING
2015-11-04,10,PSA,SPG,154.8492,119.9263,0.9996,1.1461,-1,-2.6395,-0.0833,-2.7228,HOLDING
2015-11-05,10,PSA,SPG,155.15,119.4907,0.9996,1.5294,-1,-2.9115,-0.0833,-2.9949,HOLDING
2015-11-06,10,PSA,SPG,151.8411,114.7228,0.9996,2.61,-1,-3.7352,-0.0833,-3.8185,HOLDING
2015-11-09,10,PSA,SPG,151.8144,112.7275,0.9996,2.8577,-1,-4.523,-0.0833,-4.6064,HOLDING
2015-11-10,10,PSA,SPG,153.3251,114.4639,0.9996,2.1032,-1,-4.3228,-0.0833,-4.4061,HOLDING
2015-11-11,10,PSA,SPG,152.9708,113.9341,0.9996,1.8955,-1,-4.4187,-0.0833,-4.502,HOLDING
2015-11-12,10,PSA,SPG,152.6967,113.4118,0.9996,1.7749,-1,-4.5378,-0.0833,-4.6211,HOLDING
2015-11-13,10,PSA,SPG,151.2462,110.5985,0.9996,2.1032,-1,-5.1876,-0.0833,-5.2709,HOLDING
2015-11-16,10,PSA,SPG,153.2984,111.3701,0.9996,2.0192,-1,-5.5492,-0.0833,-5.6325,HOLDING
2015-11-17,10,PSA,SPG,154.6888,110.8893,0.9996,2.1089,-1,-6.1949,-0.0833,-6.2782,HOLDING
2015-11-18,10,PSA,SPG,155.5711,112.9132,0.9996,1.4926,-1,-5.6748,-0.0833,-5.7581,HOLDING
2015-11-19,10,PSA,SPG,156.6273,113.3881,0.9996,1.413,-1,-5.8299,-0.0833,-5.9133,HOLDING
2015-11-20,10,PSA,SPG,158.2115,114.0943,0.9996,1.3754,-1,-6.065,-0.0833,-6.1483,HOLDING
2015-11-23,10,PSA,SPG,158.4522,113.4177,0.9996,1.4384,-1,-6.4136,-0.0833,-6.497,HOLDING
2015-11-24,10,PSA,SPG,158.9803,111.1326,0.9996,1.8802,-1,-7.4982,-0.0833,-7.5815,HOLDING
2015-11-25,10,PSA,SPG,159.9897,111.8746,0.9996,1.6642,-1,-7.5314,-0.0833,-7.6148,HOLDING
2015-11-27,10,PSA,SPG,160.9657,112.7708,0.9996,1.4759,-1,-7.4921,-0.0833,-7.5754,HOLDING
2015-11-30,10,PSA,SPG,160.4709,110.5391,0.9996,1.7385,-1,-8.2216,-0.0833,-8.3049,HOLDING
2015-12-01,10,PSA,SPG,162.5098,111.9755,0.9996,1.5519,-1,-8.3135,-0.0833,-8.3969,HOLDING
2015-12-02,10,PSA,SPG,160.5312,108.6279,0.9996,1.8102,-1,-9.0043,-0.0833,-9.0876,HOLDING
2015-12-03,10,PSA,SPG,158.3118,107.8385,0.9996,1.5079,-1,-8.5951,-0.0833,-8.6785,HOLDING
2015-12-04,10,PSA,SPG,161.7009,111.2039,0.9996,1.167,-1,0.0,-8.5381,-8.5381,PERIOD_END_EXIT
2015-06-09,11,AEE,DTE,27.4686,44.3147,1.0259,0.0,0,0.0,0.0,0.0,HOLD_CASH
2015-06-10,11,AEE,DTE,27.4251,44.618,1.0259,0.0,0,0.0,0.0,0.0,HOLD_CASH
2015-06-11,11,AEE,DTE,27.7805,44.9001,1.0259,0.0,0,0.0,0.0,0.0,HOLD_CASH
2015-06-12,11,AEE,DTE,27.3961,44.462,1.0259,0.0,0,0.0,0.0,0.0,HOLD_CASH
2015-06-15,11,AEE,DTE,27.3671,44.2819,1.0259,0.0,0,0.0,0.0,0.0,HOLD_CASH
2015-06-16,11,AEE,DTE,27.4251,44.4739,1.0259,0.0,0,0.0,0.0,0.0,HOLD_CASH
2015-06-17,11,AEE,DTE,27.6282,45.0021,1.0259,0.0,0,0.0,0.0,0.0,HOLD_CASH
2015-06-18,11,AEE,DTE,27.9546,45.6443,1.0259,0.0,0,0.0,0.0,0.0,HOLD_CASH
2015-06-19,11,AEE,DTE,27.7515,45.4283,1.0259,0.0,0,0.0,0.0,0.0,HOLD_CASH
2015-06-22,11,AEE,DTE,27.7878,45.2482,1.0259,0.0,0,0.0,0.0,0.0,HOLD_CASH
2015-06-23,11,AEE,DTE,27.3888,44.63,1.0259,0.0,0,0.0,0.0,0.0,HOLD_CASH
2015-06-24,11,AEE,DTE,27.4033,44.3239,1.0259,0.0,0,0.0,0.0,0.0,HOLD_CASH
2015-06-25,11,AEE,DTE,27.2075,44.3479,1.0259,0.0,0,0.0,0.0,0.0,HOLD_CASH
2015-06-26,11,AEE,DTE,27.3671,44.9901,1.0259,0.0,0,0.0,0.0,0.0,HOLD_CASH
2015-06-29,11,AEE,DTE,27.2292,44.798,1.0259,0.0,0,0.0,0.0,0.0,HOLD_CASH
2015-06-30,11,AEE,DTE,27.3308,44.798,1.0259,0.0,0,0.0,0.0,0.0,HOLD_CASH
2015-07-01,11,AEE,DTE,27.5484,45.1582,1.0259,0.0,0,0.0,0.0,0.0,HOLD_CASH
2015-07-02,11,AEE,DTE,27.9256,45.7463,1.0259,0.0,0,0.0,0.0,0.0,HOLD_CASH
2015-07-06,11,AEE,DTE,27.9691,45.8964,1.0259,0.0,0,0.0,0.0,0.0,HOLD_CASH
2015-07-07,11,AEE,DTE,28.7234,47.1508,1.0259,-1.253,0,0.0,0.0,0.0,HOLD_CASH
2015-07-08,11,AEE,DTE,28.4913,46.7907,1.0259,-1.1995,0,0.0,0.0,0.0,HOLD_CASH
2015-07-09,11,AEE,DTE,28.0561,46.1305,1.0259,-1.1998,0,0.0,0.0,0.0,HOLD_CASH
2015-07-10,11,AEE,DTE,28.3027,46.5206,1.0259,-1.0923,0,0.0,0.0,0.0,HOLD_CASH
2015-07-13,11,AEE,DTE,28.223,46.3706,1.0259,-0.9158,0,0.0,0.0,0.0,HOLD_CASH
2015-07-14,11,AEE,DTE,28.1867,46.2745,1.0259,-0.7037,0,0.0,0.0,0.0,HOLD_CASH
2015-07-15,11,AEE,DTE,28.281,46.5146,1.0259,-1.0065,0,0.0,0.0,0.0,HOLD_CASH
2015-07-16,11,AEE,DTE,28.767,47.1388,1.0259,-0.2493,0,0.0,0.0,0.0,HOLD_CASH
2015-07-17,11,AEE,DTE,28.5711,46.5206,1.0259,1.1341,0,0.0,0.0,0.0,HOLD_CASH
2015-07-20,11,AEE,DTE,28.3753,46.4606,1.0259,-0.0171,0,0.0,0.0,0.0,HOLD_CASH
2015-07-21,11,AEE,DTE,28.0706,46.0104,1.0259,-0.1177,0,0.0,0.0,0.0,HOLD_CASH
2015-07-22,11,AEE,DTE,28.0416,46.2985,1.0259,-1.5609,0,0.0,0.0,0.0,HOLD_CASH
2015-07-23,11,AEE,DTE,27.7588,45.7163,1.0259,-1.058,0,0.0,0.0,0.0,HOLD_CASH
2015-07-24,11,AEE,DTE,27.9473,46.4306,1.0259,-2.9883,1,0.0,-0.0833,-0.0833,ENTER_LONG_A
2015-07-27,11,AEE,DTE,28.3027,47.2228,1.0259,-2.9113,1,-0.1969,-0.0833,-0.2803,HOLDING
2015-07-28,11,AEE,DTE,28.5349,47.1868,1.0259,-1.1298,1,0.1774,-0.0833,0.0941,HOLDING
2015-07-29,11,AEE,DTE,28.7597,47.6009,1.0259,-1.1965,1,0.132,-0.0833,0.0486,HOLDING
2015-07-30,11,AEE,DTE,28.8468,47.745,1.0259,-1.092,1,0.1292,-0.0833,0.0458,HOLDING
2015-07-31,11,AEE,DTE,29.797,48.2912,1.0259,2.1307,1,1.0313,-0.0833,0.948,HOLDING
2015-08-03,11,AEE,DTE,30.1669,48.2311,1.0259,2.9284,1,1.6303,-0.0833,1.547,HOLDING
2015-08-04,11,AEE,DTE,29.7462,47.4689,1.0259,2.4659,1,1.7039,-0.0833,1.6206,HOLDING
2015-08-05,11,AEE,DTE,30.0,47.5409,1.0259,2.4153,1,2.0121,-0.0833,1.9288,HOLDING
2015-08-06,11,AEE,DTE,30.2394,47.949,1.0259,1.9726,1,1.9935,-0.0833,1.9101,HOLDING
2015-08-07,11,AEE,DTE,30.5513,48.7473,1.0259,1.3651,1,1.727,-0.0833,1.6437,HOLDING
2015-08-10,11,AEE,DTE,30.3337,48.3992,1.0259,1.2387,1,1.7231,-0.0833,1.6398,HOLDING
2015-08-11,11,AEE,DTE,30.5368,48.7113,1.0259,1.1246,1,1.7384,-0.0833,1.655,HOLDING
2015-08-12,11,AEE,DTE,30.9357,49.8276,1.0259,0.4695,1,1.3109,-0.0833,1.2276,HOLDING
2015-08-13,11,AEE,DTE,30.914,49.8997,1.0259,0.3022,1,1.2134,-0.0833,1.1301,HOLDING
2015-08-14,11,AEE,DTE,31.001,50.2057,1.0259,0.0881,1,1.0634,-0.0833,0.98,HOLDING
2015-08-17,11,AEE,DTE,31.4797,50.4879,1.0259,0.5952,1,1.5116,-0.0833,1.4282,HOLDING
2015-08-18,11,AEE,DTE,31.3347,50.1757,1.0259,0.6336,1,1.5817,-0.0833,1.4984,HOLDING
2015-08-19,11,AEE,DTE,31.5885,50.6439,1.0259,0.4806,1,1.5299,-0.0833,1.4466,HOLDING
2015-08-20,11,AEE,DTE,31.4145,50.5779,1.0259,0.174,1,1.3337,-0.0833,1.2503,HOLDING
2015-08-21,11,AEE,DTE,30.8342,49.9057,1.0259,-0.2193,1,1.0906,-0.0833,1.0072,HOLDING
2015-08-24,11,AEE,DTE,29.5068,47.5469,1.0259,0.0489,1,1.2807,-0.0833,1.1973,HOLDING
2015-08-25,11,AEE,DTE,28.8468,45.9504,1.0259,0.939,1,1.7602,-0.0833,1.6768,HOLDING
2015-08-26,11,AEE,DTE,29.4125,46.7367,1.0259,1.0884,1,1.8783,-0.0833,1.795,HOLDING
2015-08-27,11,AEE,DTE,29.7534,47.3969,1.0259,0.8462,1,1.78,-0.0833,1.6967,HOLDING
2015-08-28,11,AEE,DTE,29.7897,47.3129,1.0259,1.1499,1,1.9098,-0.0833,1.8264,HOLDING
2015-08-31,11,AEE,DTE,29.2239,46.8507,1.0259,-0.0961,1,1.4971,-0.0833,1.4138,HOLDING
2015-09-01,11,AEE,DTE,28.3753,45.6864,1.0259,-0.546,1,1.3063,-0.0833,1.2229,HOLDING
2015-09-02,11,AEE,DTE,28.3463,45.6203,1.0259,-0.4075,1,1.3236,-0.0833,1.2402,HOLDING
2015-09-03,11,AEE,DTE,28.4696,45.8424,1.0259,-0.4262,1,1.3032,-0.0833,1.2199,HOLDING
2015-09-04,11,AEE,DTE,27.9691,45.0201,1.0259,-0.2455,1,1.3139,-0.0833,1.2306,HOLDING
2015-09-08,11,AEE,DTE,28.5776,45.7824,1.0259,0.4712,1,1.5168,-0.0833,1.4334,HOLDING
2015-09-09,11,AEE,DTE,28.1964,45.1042,1.0259,0.7884,1,1.5721,-0.0833,1.4887,HOLDING
2015-09-10,11,AEE,DTE,28.1744,45.0561,1.0259,0.7595,1,1.5833,-0.0833,1.5,HOLDING
2015-09-11,11,AEE,DTE,28.4603,45.5783,1.0259,0.4086,1,1.5296,-0.0833,1.4463,HOLDING
2015-09-14,11,AEE,DTE,28.5776,45.5423,1.0259,1.1698,1,1.735,-0.0833,1.6516,HOLDING
2015-09-15,11,AEE,DTE,28.7389,45.9144,1.0259,0.6124,1,1.6341,-0.0833,1.5508,HOLDING
2015-09-16,11,AEE,DTE,29.0981,46.5926,1.0259,0.1177,1,1.5465,-0.0833,1.4631,HOLDING
2015-09-17,11,AEE,DTE,29.7213,47.35,1.0259,0.8781,1,1.7753,-0.0833,1.692,HOLDING
2015-09-18,11,AEE,DTE,29.5967,47.1379,1.0259,0.8622,1,1.7846,-0.0833,1.7013,HOLDING
2015-09-21,11,AEE,DTE,29.9266,47.247,1.0259,2.2772,1,2.1711,-0.0833,2.0878,HOLDING
2015-09-22,11,AEE,DTE,29.692,46.8168,1.0259,2.1834,1,2.2168,-0.0833,2.1334,HOLDING
2015-09-23,11,AEE,DTE,29.9119,47.459,1.0259,0.9801,1,1.9568,-0.0833,1.8734,HOLDING
2015-09-24,11,AEE,DTE,30.0952,47.7196,1.0259,1.0372,1,1.9898,-0.0833,1.9064,HOLDING
2015-09-25,11,AEE,DTE,30.3298,48.0286,1.0259,1.1422,1,2.0542,-0.0833,1.9709,HOLDING
2015-09-28,11,AEE,DTE,30.4544,47.7256,1.0259,2.3417,1,2.513,-0.0833,2.4296,HOLDING
2015-09-29,11,AEE,DTE,30.5644,47.3984,1.0259,2.7662,1,2.9722,-0.0833,2.8889,HOLDING
2015-09-30,11,AEE,DTE,30.9896,48.6951,1.0259,1.1637,1,2.4196,-0.0833,2.3363,HOLDING
2015-10-01,11,AEE,DTE,30.6304,48.0892,1.0259,1.1681,1,2.4416,-0.0833,2.3582,HOLDING
2015-10-02,11,AEE,DTE,31.0263,48.8344,1.0259,0.773,1,2.3469,-0.0833,2.2636,HOLDING
2015-10-05,11,AEE,DTE,31.2462,49.1495,1.0259,0.7453,1,2.3843,-0.0833,2.3009,HOLDING
2015-10-06,11,AEE,DTE,31.0189,48.9071,1.0259,0.4164,1,2.2701,-0.0833,2.1867,HOLDING
2015-10-07,11,AEE,DTE,30.9456,48.689,1.0259,0.6104,1,2.3604,-0.0833,2.2771,HOLDING
2015-10-08,11,AEE,DTE,31.6128,49.3009,1.0259,1.4829,1,2.7861,-0.0833,2.7028,HOLDING
2015-10-09,11,AEE,DTE,31.6128,49.1616,1.0259,1.6395,1,2.9128,-0.0833,2.8294,HOLDING
2015-10-12,11,AEE,DTE,32.0527,49.4403,1.0259,2.1428,1,3.3069,-0.0833,3.2236,HOLDING
2015-10-13,11,AEE,DTE,32.0013,49.2888,1.0259,1.9815,1,3.3691,-0.0833,3.2857,HOLDING
2015-10-14,11,AEE,DTE,31.8107,49.5372,1.0259,0.8109,1,2.8627,-0.0833,2.7794,HOLDING
2015-10-15,11,AEE,DTE,32.2139,50.446,1.0259,0.0973,1,2.6302,-0.0833,2.5469,HOLDING
2015-10-16,11,AEE,DTE,32.3312,50.5006,1.0259,0.3032,1,2.7533,-0.0833,2.6699,HOLDING
2015-10-19,11,AEE,DTE,32.4706,50.6763,1.0259,0.3382,1,2.7986,-0.0833,2.7153,HOLDING
2015-10-20,11,AEE,DTE,32.4925,50.7854,1.0259,0.1115,1,2.7318,-0.0833,2.6485,HOLDING
2015-10-21,11,AEE,DTE,32.3679,50.7611,1.0259,-0.3903,1,2.5705,-0.0833,2.4871,HOLDING
2015-10-22,11,AEE,DTE,32.6245,51.4215,1.0259,-1.1738,1,2.3479,-0.0833,2.2646,HOLDING
2015-10-23,11,AEE,DTE,32.2506,50.4885,1.0259,-0.2614,1,2.6456,-0.0833,2.5623,HOLDING
2015-10-26,11,AEE,DTE,32.5585,50.5915,1.0259,0.7724,1,3.0052,-0.0833,2.9219,HOLDING
2015-10-27,11,AEE,DTE,32.6172,50.5854,1.0259,1.083,1,3.097,-0.0833,3.0137,HOLDING
2015-10-28,11,AEE,DTE,32.2799,49.7856,1.0259,1.7024,1,3.3275,-0.0833,3.2442,HOLDING
2015-10-29,11,AEE,DTE,31.8254,49.1676,1.0259,1.349,1,3.2202,-0.0833,3.1369,HOLDING
2015-10-30,11,AEE,DTE,32.0233,49.4342,1.0259,1.2903,1,3.2693,-0.0833,3.1859,HOLDING
2015-11-02,11,AEE,DTE,32.1993,49.7796,1.0259,0.9732,1,3.2144,-0.0833,3.131,HOLDING
2015-11-03,11,AEE,DTE,32.1626,49.9614,1.0259,0.255,1,2.9952,-0.0833,2.9119,HOLDING
2015-11-04,11,AEE,DTE,32.4119,50.1128,1.0259,0.8221,1,3.2244,-0.0833,3.1411,HOLDING
2015-11-05,11,AEE,DTE,32.2726,50.2885,1.0259,-0.3424,1,2.8597,-0.0833,2.7764,HOLDING
2015-11-06,11,AEE,DTE,31.1949,48.1013,1.0259,1.2495,1,3.2614,-0.0833,3.1781,HOLDING
2015-11-09,11,AEE,DTE,31.6274,48.0467,1.0259,2.6326,1,3.9476,-0.0833,3.8643,HOLDING
2015-11-10,11,AEE,DTE,32.1186,48.5921,1.0259,2.4772,1,4.175,-0.0833,4.0916,HOLDING
2015-11-11,11,AEE,DTE,32.4192,49.0768,1.0259,1.9987,1,4.1769,-0.0833,4.0935,HOLDING
2015-11-12,11,AEE,DTE,31.8914,48.489,1.0259,1.4679,1,3.9341,-0.0833,3.8508,HOLDING
2015-11-13,11,AEE,DTE,31.6201,48.1861,1.0259,1.1665,1,3.8102,-0.0833,3.7269,HOLDING
2015-11-16,11,AEE,DTE,32.2066,49.1131,1.0259,0.9709,1,3.8309,-0.0833,3.7475,HOLDING
2015-11-17,11,AEE,DTE,31.4222,48.1982,1.0259,0.4786,1,3.5078,-0.0833,3.4245,HOLDING
2015-11-18,11,AEE,DTE,31.6861,48.3982,1.0259,0.7325,1,3.7145,-0.0833,3.6312,HOLDING
2015-11-19,11,AEE,DTE,32.038,49.0344,1.0259,0.4586,1,3.6543,-0.0833,3.5709,HOLDING
2015-11-20,11,AEE,DTE,32.3386,49.307,1.0259,0.739,1,3.8489,-0.0833,3.7656,HOLDING
2015-11-23,11,AEE,DTE,31.7741,48.792,1.0259,-0.0462,1,3.4861,-0.0833,3.4028,HOLDING
2015-11-24,11,AEE,DTE,31.6861,48.5981,1.0259,0.0327,1,3.5328,-0.0833,3.4495,HOLDING
2015-11-25,11,AEE,DTE,31.6421,48.3982,1.0259,0.3108,1,3.6498,-0.0833,3.5665,HOLDING
2015-11-27,11,AEE,DTE,31.7521,48.5739,1.0259,0.2277,1,3.652,-0.0833,3.5686,HOLDING
2015-11-30,11,AEE,DTE,32.082,48.7678,1.0259,0.8778,1,3.9613,-0.0833,3.878,HOLDING
2015-12-01,11,AEE,DTE,32.1333,48.8768,1.0259,0.7148,1,3.9377,-0.0833,3.8544,HOLDING
2015-12-02,11,AEE,DTE,31.4002,47.6711,1.0259,0.9598,1,3.9545,-0.0833,3.8712,HOLDING
2015-12-03,11,AEE,DTE,30.975,47.4227,1.0259,-0.2388,1,3.5545,-0.0833,3.4711,HOLDING
2015-12-04,11,AEE,DTE,31.7741,48.792,1.0259,-1.2095,1,0.0,3.3117,3.3117,PERIOD_END_EXIT
2015-06-09,12,EIX,XEL,37.052,23.0952,0.9383,0.0,0,0.0,0.0,0.0,HOLD_CASH
2015-06-10,12,EIX,XEL,37.1556,23.0952,0.9383,0.0,0,0.0,0.0,0.0,HOLD_CASH
2015-06-11,12,EIX,XEL,37.4468,23.4163,0.9383,0.0,0,0.0,0.0,0.0,HOLD_CASH
2015-06-12,12,EIX,XEL,37.0132,23.3378,0.9383,0.0,0,0.0,0.0,0.0,HOLD_CASH
2015-06-15,12,EIX,XEL,37.1167,23.1951,0.9383,0.0,0,0.0,0.0,0.0,HOLD_CASH
2015-06-16,12,EIX,XEL,37.2591,23.3392,0.9383,0.0,0,0.0,0.0,0.0,HOLD_CASH
2015-06-17,12,EIX,XEL,37.5244,23.4762,0.9383,0.0,0,0.0,0.0,0.0,HOLD_CASH
2015-06-18,12,EIX,XEL,38.0874,23.8222,0.9383,0.0,0,0.0,0.0,0.0,HOLD_CASH
2015-06-19,12,EIX,XEL,37.9256,23.6204,0.9383,0.0,0,0.0,0.0,0.0,HOLD_CASH
2015-06-22,12,EIX,XEL,37.7768,23.5699,0.9383,0.0,0,0.0,0.0,0.0,HOLD_CASH
2015-06-23,12,EIX,XEL,37.2915,23.2311,0.9383,0.0,0,0.0,0.0,0.0,HOLD_CASH
2015-06-24,12,EIX,XEL,36.282,23.0581,0.9383,0.0,0,0.0,0.0,0.0,HOLD_CASH
2015-06-25,12,EIX,XEL,36.2367,23.0077,0.9383,0.0,0,0.0,0.0,0.0,HOLD_CASH
2015-06-26,12,EIX,XEL,36.6592,23.2383,0.9383,0.0,0,0.0,0.0,0.0,HOLD_CASH
2015-06-29,12,EIX,XEL,36.3006,23.1879,0.9383,0.0,0,0.0,0.0,0.0,HOLD_CASH
2015-06-30,12,EIX,XEL,36.2354,23.1951,0.9383,0.0,0,0.0,0.0,0.0,HOLD_CASH
2015-07-01,12,EIX,XEL,36.77,23.4257,0.9383,0.0,0,0.0,0.0,0.0,HOLD_CASH
2015-07-02,12,EIX,XEL,37.5198,23.6564,0.9383,0.0,0,0.0,0.0,0.0,HOLD_CASH
2015-07-06,12,EIX,XEL,37.5523,23.7429,0.9383,0.0,0,0.0,0.0,0.0,HOLD_CASH
2015-07-07,12,EIX,XEL,38.3542,24.4276,0.9383,-0.9173,0,0.0,0.0,0.0,HOLD_CASH
2015-07-08,12,EIX,XEL,37.9761,24.2979,0.9383,-1.2789,0,0.0,0.0,0.0,HOLD_CASH
2015-07-09,12,EIX,XEL,37.5393,24.024,0.9383,-1.2466,0,0.0,0.0,0.0,HOLD_CASH
2015-07-10,12,EIX,XEL,37.7805,24.1826,0.9383,-1.104,0,0.0,0.0,0.0,HOLD_CASH
2015-07-13,12,EIX,XEL,37.6306,24.1754,0.9383,-1.326,0,0.0,0.0,0.0,HOLD_CASH
2015-07-14,12,EIX,XEL,37.774,24.1754,0.9383,-0.8685,0,0.0,0.0,0.0,HOLD_CASH
2015-07-15,12,EIX,XEL,37.8848,24.233,0.9383,-0.7207,0,0.0,0.0,0.0,HOLD_CASH
2015-07-16,12,EIX,XEL,38.5564,24.5934,0.9383,-0.2842,0,0.0,0.0,0.0,HOLD_CASH
2015-07-17,12,EIX,XEL,38.1652,24.2907,0.9383,-0.0569,0,0.0,0.0,0.0,HOLD_CASH
2015-07-20,12,EIX,XEL,37.937,24.1321,0.9383,0.0807,0,0.0,0.0,0.0,HOLD_CASH
2015-07-21,12,EIX,XEL,37.8066,23.8943,0.9383,1.0661,0,0.0,0.0,0.0,HOLD_CASH
2015-07-22,12,EIX,XEL,38.0739,24.0745,0.9383,1.5196,0,0.0,0.0,0.0,HOLD_CASH
2015-07-23,12,EIX,XEL,37.6501,23.7213,0.9383,1.7679,0,0.0,0.0,0.0,HOLD_CASH
2015-07-24,12,EIX,XEL,37.5849,23.6852,0.9383,1.5216,0,0.0,0.0,0.0,HOLD_CASH
2015-07-27,12,EIX,XEL,38.4194,24.0312,0.9383,2.3375,-1,0.0,-0.0833,-0.0833,ENTER_SHORT_A
2015-07-28,12,EIX,XEL,38.3868,24.2114,0.9383,1.115,-1,0.339,-0.0833,0.2556,HOLDING
2015-07-29,12,EIX,XEL,38.5172,24.3123,0.9383,0.9491,-1,0.3624,-0.0833,0.2791,HOLDING
2015-07-30,12,EIX,XEL,38.8106,24.6583,0.9383,0.1043,-1,0.6149,-0.0833,0.5316,HOLDING
2015-07-31,12,EIX,XEL,39.1235,24.9898,0.9383,-0.4801,-1,0.8213,-0.0833,0.738,HOLDING
2015-08-03,12,EIX,XEL,39.2148,24.8889,0.9383,0.4203,-1,0.5498,-0.0833,0.4665,HOLDING
2015-08-04,12,EIX,XEL,38.9019,24.615,0.9383,0.7068,-1,0.4402,-0.0833,0.3569,HOLDING
2015-08-05,12,EIX,XEL,39.0258,24.8097,0.9383,0.0448,-1,0.6283,-0.0833,0.5449,HOLDING
2015-08-06,12,EIX,XEL,39.5082,25.1052,0.9383,0.1532,-1,0.5845,-0.0833,0.5011,HOLDING
2015-08-07,12,EIX,XEL,39.7755,25.4079,0.9383,-0.6107,-1,0.7936,-0.0833,0.7102,HOLDING
2015-08-10,12,EIX,XEL,38.8171,25.1845,0.9383,-2.7446,-1,1.4909,-0.0833,1.4076,HOLDING
2015-08-11,12,EIX,XEL,38.4651,25.4944,0.9383,-3.3934,-1,2.4051,-0.0833,2.3218,HOLDING
2015-08-12,12,EIX,XEL,39.5669,25.7467,0.9383,-1.5569,-1,1.5957,-0.0833,1.5124,HOLDING
2015-08-13,12,EIX,XEL,39.5017,25.6314,0.9383,-1.2304,-1,1.4751,-0.0833,1.3917,HOLDING
2015-08-14,12,EIX,XEL,39.8603,25.8043,0.9383,-0.9385,-1,1.3642,-0.0833,1.2808,HOLDING
2015-08-17,12,EIX,XEL,40.2514,25.9413,0.9383,-0.5307,-1,1.1564,-0.0833,1.073,HOLDING
2015-08-18,12,EIX,XEL,39.9189,25.8836,0.9383,-0.9138,-1,1.4316,-0.0833,1.3483,HOLDING
2015-08-19,12,EIX,XEL,40.3818,26.1792,0.9383,-0.7691,-1,1.4097,-0.0833,1.3264,HOLDING
2015-08-20,12,EIX,XEL,40.2514,25.9557,0.9383,-0.3484,-1,1.1805,-0.0833,1.0972,HOLDING
2015-08-21,12,EIX,XEL,40.5122,25.6314,0.9383,1.0449,-1,0.3442,-0.0833,0.2609,HOLDING
2015-08-24,12,EIX,XEL,38.9084,24.579,0.9383,1.0444,-1,0.3724,-0.0833,0.2891,HOLDING
2015-08-25,12,EIX,XEL,37.4806,23.8438,0.9383,0.3819,-1,0.736,-0.0833,0.6526,HOLDING
2015-08-26,12,EIX,XEL,38.2695,24.1754,0.9383,1.0422,-1,0.4098,-0.0833,0.3265,HOLDING
2015-08-27,12,EIX,XEL,39.0323,24.5069,0.9383,1.4905,-1,0.1128,-0.0833,0.0294,HOLDING
2015-08-28,12,EIX,XEL,38.8823,24.4709,0.9383,1.1947,-1,0.2201,-0.0833,0.1368,HOLDING
2015-08-31,12,EIX,XEL,38.1261,24.3123,0.9383,0.1955,-1,0.8002,-0.0833,0.7168,HOLDING
2015-09-01,12,EIX,XEL,37.2981,23.7717,0.9383,0.1692,-1,0.8192,-0.0833,0.7359,HOLDING
2015-09-02,12,EIX,XEL,37.5132,23.8582,0.9383,0.3649,-1,0.7237,-0.0833,0.6403,HOLDING
2015-09-03,12,EIX,XEL,37.5589,23.9952,0.9383,0.0722,-1,0.9025,-0.0833,0.8192,HOLDING
2015-09-04,12,EIX,XEL,37.1938,23.5194,0.9383,0.7575,-1,0.5125,-0.0833,0.4291,HOLDING
2015-09-08,12,EIX,XEL,37.7284,23.8438,0.9383,0.7845,-1,0.4587,-0.0833,0.3754,HOLDING
2015-09-09,12,EIX,XEL,37.3503,23.469,0.9383,1.1932,-1,0.2527,-0.0833,0.1693,HOLDING
2015-09-10,12,EIX,XEL,37.3176,23.5771,0.9383,0.616,-1,0.4707,-0.0833,0.3873,HOLDING
2015-09-11,12,EIX,XEL,37.761,23.9015,0.9383,0.4352,-1,0.5191,-0.0833,0.4357,HOLDING
2015-09-14,12,EIX,XEL,37.9566,23.9015,0.9383,0.9272,-1,0.3002,-0.0833,0.2169,HOLDING
2015-09-15,12,EIX,XEL,38.5694,24.098,0.9383,1.675,-1,-0.0557,-0.0833,-0.1391,HOLDING
2015-09-16,12,EIX,XEL,38.928,24.2799,0.9383,1.7754,-1,-0.1516,-0.0833,-0.2349,HOLDING
2015-09-17,12,EIX,XEL,39.8342,24.6293,0.9383,2.4793,-1,-0.5792,-0.0833,-0.6625,HOLDING
2015-09-18,12,EIX,XEL,39.958,24.4764,0.9383,2.701,-1,-0.9744,-0.0833,-1.0577,HOLDING
2015-09-21,12,EIX,XEL,40.1667,24.8258,0.9383,1.7025,-1,-0.6214,-0.0833,-0.7047,HOLDING
2015-09-22,12,EIX,XEL,39.6712,24.6875,0.9383,1.0054,-1,-0.2991,-0.0833,-0.3824,HOLDING
2015-09-23,12,EIX,XEL,39.8211,24.8258,0.9383,0.7992,-1,-0.2347,-0.0833,-0.318,HOLDING
2015-09-24,12,EIX,XEL,40.2971,25.0369,0.9383,1.0217,-1,-0.413,-0.0833,-0.4963,HOLDING
2015-09-25,12,EIX,XEL,40.6361,25.408,0.9383,0.553,-1,-0.1693,-0.0833,-0.2526,HOLDING
2015-09-28,12,EIX,XEL,40.451,25.2115,0.9383,0.7145,-1,-0.292,-0.0833,-0.3754,HOLDING
2015-09-29,12,EIX,XEL,40.556,25.2552,0.9383,0.7107,-1,-0.3362,-0.0833,-0.4196,HOLDING
2015-09-30,12,EIX,XEL,41.3961,25.7719,0.9383,0.7532,-1,-0.4089,-0.0833,-0.4923,HOLDING
2015-10-01,12,EIX,XEL,40.812,25.4808,0.9383,0.3745,-1,-0.2439,-0.0833,-0.3273,HOLDING
2015-10-02,12,EIX,XEL,41.429,25.7137,0.9383,0.907,-1,-0.5434,-0.0833,-0.6267,HOLDING
2015-10-05,12,EIX,XEL,41.7965,25.8447,0.9383,1.2111,-1,-0.7348,-0.0833,-0.8181,HOLDING
2015-10-06,12,EIX,XEL,41.3764,25.5026,0.9383,1.3404,-1,-0.839,-0.0833,-0.9223,HOLDING
2015-10-07,12,EIX,XEL,41.3108,25.4954,0.9383,1.0895,-1,-0.7777,-0.0833,-0.861,HOLDING
2015-10-08,12,EIX,XEL,41.8228,25.8447,0.9383,0.9779,-1,-0.7642,-0.0833,-0.8475,HOLDING
2015-10-09,12,EIX,XEL,41.4421,25.6628,0.9383,0.632,-1,-0.6436,-0.0833,-0.7269,HOLDING
2015-10-12,12,EIX,XEL,41.7374,26.0849,0.9383,-0.7763,-1,-0.2655,-0.0833,-0.3488,HOLDING
2015-10-13,12,EIX,XEL,41.7177,26.1213,0.9383,-1.1492,-1,-0.1824,-0.0833,-0.2657,HOLDING
2015-10-14,12,EIX,XEL,41.8884,26.1941,0.9383,-0.924,-1,-0.2511,-0.0833,-0.3345,HOLDING
2015-10-15,12,EIX,XEL,42.2888,26.4561,0.9383,-0.8142,-1,-0.2594,-0.0833,-0.3427,HOLDING
2015-10-16,12,EIX,XEL,42.1903,26.5143,0.9383,-1.534,-1,-0.0515,-0.0833,-0.1348,HOLDING
2015-10-19,12,EIX,XEL,42.6498,26.3906,0.9383,1.3694,-1,-0.7733,-0.0833,-0.8566,HOLDING
2015-10-20,12,EIX,XEL,42.9582,26.6599,0.9383,0.8477,-1,-0.6665,-0.0833,-0.7498,HOLDING
2015-10-21,12,EIX,XEL,42.676,26.6235,0.9383,-0.1814,-1,-0.4117,-0.0833,-0.495,HOLDING
2015-10-22,12,EIX,XEL,43.3783,27.0311,0.9383,0.1949,-1,-0.5134,-0.0833,-0.5968,HOLDING
2015-10-23,12,EIX,XEL,42.3675,26.5216,0.9383,-0.9217,-1,-0.2376,-0.0833,-0.3209,HOLDING
2015-10-26,12,EIX,XEL,42.6957,26.7691,0.9383,-1.0714,-1,-0.1894,-0.0833,-0.2727,HOLDING
2015-10-27,12,EIX,XEL,42.2559,26.7254,0.9383,-2.2444,-1,0.2294,-0.0833,0.1461,HOLDING
2015-10-28,12,EIX,XEL,40.1884,26.2305,0.9383,-3.6521,-1,1.7122,-0.0833,1.6289,HOLDING
2015-10-29,12,EIX,XEL,39.8012,25.8666,0.9383,-2.5605,-1,1.5347,-0.0833,1.4514,HOLDING
2015-10-30,12,EIX,XEL,39.7224,25.9321,0.9383,-2.2776,-1,1.7328,-0.0833,1.6495,HOLDING
2015-11-02,12,EIX,XEL,39.9653,26.0922,0.9383,-1.9133,-1,1.7298,-0.0833,1.6465,HOLDING
2015-11-03,12,EIX,XEL,39.7881,26.1213,0.9383,-1.8734,-1,1.977,-0.0833,1.8937,HOLDING
2015-11-04,12,EIX,XEL,39.9128,26.2232,0.9383,-1.6581,-1,2.0085,-0.0833,1.9252,HOLDING
2015-11-05,12,EIX,XEL,39.4993,26.2814,0.9383,-1.8892,-1,2.569,-0.0833,2.4856,HOLDING
2015-11-06,12,EIX,XEL,38.7642,25.3716,0.9383,-1.1787,-1,1.8644,-0.0833,1.7811,HOLDING
2015-11-09,12,EIX,XEL,38.8889,25.4808,0.9383,-1.0931,-1,1.9081,-0.0833,1.8248,HOLDING
2015-11-10,12,EIX,XEL,39.4139,25.8957,0.9383,-1.0496,-1,2.0169,-0.0833,1.9336,HOLDING
2015-11-11,12,EIX,XEL,39.8865,26.2377,0.9383,-0.9634,-1,2.0623,-0.0833,1.979,HOLDING
2015-11-12,12,EIX,XEL,39.4139,25.6992,0.9383,-0.5988,-1,1.6871,-0.0833,1.6037,HOLDING
2015-11-13,12,EIX,XEL,39.1842,25.4808,0.9383,-0.4499,-1,1.5776,-0.0833,1.4943,HOLDING
2015-11-16,12,EIX,XEL,39.5452,25.903,0.9383,-0.6259,-1,1.8822,-0.0833,1.7989,HOLDING
2015-11-17,12,EIX,XEL,38.7576,25.6337,0.9383,-0.9928,-1,2.3116,-0.0833,2.2283,HOLDING
2015-11-18,12,EIX,XEL,38.9217,25.9248,0.9383,-1.1995,-1,2.6167,-0.0833,2.5333,HOLDING
2015-11-19,12,EIX,XEL,39.578,25.9976,0.9383,-0.4366,-1,2.0044,-0.0833,1.921,HOLDING
2015-11-20,12,EIX,XEL,39.7618,26.0995,0.9383,-0.2939,-1,1.9697,-0.0833,1.8864,HOLDING
2015-11-23,12,EIX,XEL,39.4468,25.8884,0.9383,-0.213,-1,1.968,-0.0833,1.8846,HOLDING
2015-11-24,12,EIX,XEL,39.1842,26.0048,0.9383,-1.5698,-1,2.4572,-0.0833,2.3739,HOLDING
2015-11-25,12,EIX,XEL,38.8429,25.8374,0.9383,-1.7094,-1,2.5582,-0.0833,2.4748,HOLDING
2015-11-27,12,EIX,XEL,39.007,25.9393,0.9383,-1.4838,-1,2.5456,-0.0833,2.4623,HOLDING
2015-11-30,12,EIX,XEL,38.9611,25.9539,0.9383,-1.5245,-1,2.6215,-0.0833,2.5381,HOLDING
2015-12-01,12,EIX,XEL,38.9217,26.1795,0.9383,-2.2531,-1,3.0443,-0.0833,2.9609,HOLDING
2015-12-02,12,EIX,XEL,38.5082,25.6337,0.9383,-1.0654,-1,2.5907,-0.0833,2.5073,HOLDING
2015-12-03,12,EIX,XEL,38.4885,25.0514,0.9383,1.2808,-1,1.6353,-0.0833,1.552,HOLDING
2015-12-04,12,EIX,XEL,39.519,25.4517,0.9383,2.1189,-1,0.0,0.9839,0.9839,PERIOD_END_EXIT
2015-06-09,13,CL,USB,51.3091,30.1431,0.7933,0.0,0,0.0,0.0,0.0,HOLD_CASH
2015-06-10,13,CL,USB,52.1172,30.6492,0.7933,0.0,0,0.0,0.0,0.0,HOLD_CASH
2015-06-11,13,CL,USB,51.7132,30.6766,0.7933,0.0,0,0.0,0.0,0.0,HOLD_CASH
2015-06-12,13,CL,USB,51.5111,30.6287,0.7933,0.0,0,0.0,0.0,0.0,HOLD_CASH
2015-06-15,13,CL,USB,50.7729,30.3688,0.7933,0.0,0,0.0,0.0,0.0,HOLD_CASH
2015-06-16,13,CL,USB,51.2702,30.4987,0.7933,0.0,0,0.0,0.0,0.0,HOLD_CASH
2015-06-17,13,CL,USB,51.6044,30.5329,0.7933,0.0,0,0.0,0.0,0.0,HOLD_CASH
2015-06-18,13,CL,USB,52.1949,30.6287,0.7933,0.0,0,0.0,0.0,0.0,HOLD_CASH
2015-06-19,13,CL,USB,51.9851,30.5329,0.7933,0.0,0,0.0,0.0,0.0,HOLD_CASH
2015-06-22,13,CL,USB,52.2493,30.7655,0.7933,0.0,0,0.0,0.0,0.0,HOLD_CASH
2015-06-23,13,CL,USB,52.0706,30.8476,0.7933,0.0,0,0.0,0.0,0.0,HOLD_CASH
2015-06-24,13,CL,USB,51.6665,30.6013,0.7933,0.0,0,0.0,0.0,0.0,HOLD_CASH
2015-06-25,13,CL,USB,51.6432,30.4782,0.7933,0.0,0,0.0,0.0,0.0,HOLD_CASH
2015-06-26,13,CL,USB,51.6743,30.6192,0.7933,0.0,0,0.0,0.0,0.0,HOLD_CASH
2015-06-29,13,CL,USB,50.8195,29.8625,0.7933,0.0,0,0.0,0.0,0.0,HOLD_CASH
2015-06-30,13,CL,USB,50.8273,29.8556,0.7933,0.0,0,0.0,0.0,0.0,HOLD_CASH
2015-07-01,13,CL,USB,51.4101,30.3716,0.7933,0.0,0,0.0,0.0,0.0,HOLD_CASH
2015-07-02,13,CL,USB,51.4101,30.007,0.7933,0.0,0,0.0,0.0,0.0,HOLD_CASH
2015-07-06,13,CL,USB,51.2547,29.9932,0.7933,0.0,0,0.0,0.0,0.0,HOLD_CASH
2015-07-07,13,CL,USB,52.3037,29.9038,0.7933,3.2339,-1,0.0,-0.0833,-0.0833,ENTER_SHORT_A
2015-07-08,13,CL,USB,51.6354,29.3535,0.7933,2.6047,-1,-0.0847,-0.0833,-0.168,HOLDING
2015-07-09,13,CL,USB,51.4179,29.553,0.7933,1.5104,-1,0.3545,-0.0833,0.2712,HOLDING
2015-07-10,13,CL,USB,51.7831,29.8832,0.7933,1.2167,-1,0.4371,-0.0833,0.3538,HOLDING
2015-07-13,13,CL,USB,52.4047,30.1514,0.7933,1.4525,-1,0.2155,-0.0833,0.1322,HOLDING
2015-07-14,13,CL,USB,52.2726,30.1858,0.7933,1.0774,-1,0.3753,-0.0833,0.292,HOLDING
2015-07-15,13,CL,USB,51.9929,31.3209,0.7933,-1.8365,-1,2.0231,-0.0833,1.9397,HOLDING
2015-07-16,13,CL,USB,52.5446,31.5479,0.7933,-1.3511,-1,1.8128,-0.0833,1.7294,HOLDING
2015-07-17,13,CL,USB,52.4513,31.541,0.7933,-1.335,-1,1.8872,-0.0833,1.8038,HOLDING
2015-07-20,13,CL,USB,52.6845,31.5342,0.7933,-0.9145,-1,1.6715,-0.0833,1.5882,HOLDING
2015-07-21,13,CL,USB,52.3094,31.4654,0.7933,-1.2045,-1,1.92,-0.0833,1.8367,HOLDING
2015-07-22,13,CL,USB,52.3563,31.6098,0.7933,-1.2926,-1,2.0564,-0.0833,1.9731,HOLDING
2015-07-23,13,CL,USB,52.3875,31.4103,0.7933,-0.8704,-1,1.7827,-0.0833,1.6994,HOLDING
2015-07-24,13,CL,USB,52.3563,31.1489,0.7933,-0.4502,-1,1.4882,-0.0833,1.4049,HOLDING
2015-07-27,13,CL,USB,52.5907,30.8187,0.7933,0.3752,-1,0.8729,-0.0833,0.7896,HOLDING
2015-07-28,13,CL,USB,53.4425,30.7706,0.7933,1.3725,-1,0.0568,-0.0833,-0.0265,HOLDING
2015-07-29,13,CL,USB,53.8644,30.9632,0.7933,1.3883,-1,-0.0807,-0.0833,-0.164,HOLDING
2015-07-30,13,CL,USB,53.1533,30.9976,0.7933,0.4824,-1,0.5935,-0.0833,0.5102,HOLDING
2015-07-31,13,CL,USB,53.1533,31.1008,0.7933,0.3076,-1,0.7208,-0.0833,0.6374,HOLDING
2015-08-03,13,CL,USB,53.4659,31.0114,0.7933,0.7394,-1,0.3328,-0.0833,0.2495,HOLDING
2015-08-04,13,CL,USB,53.4893,31.1076,0.7933,0.6627,-1,0.4307,-0.0833,0.3473,HOLDING
2015-08-05,13,CL,USB,53.9817,31.2521,0.7933,1.033,-1,0.1714,-0.0833,0.088,HOLDING
2015-08-06,13,CL,USB,53.6456,31.1008,0.7933,0.874,-1,0.2833,-0.0833,0.2,HOLDING
2015-08-07,13,CL,USB,53.5206,31.032,0.7933,0.8229,-1,0.3096,-0.0833,0.2263,HOLDING
2015-08-10,13,CL,USB,53.716,31.658,0.7933,0.1208,-1,0.9078,-0.0833,0.8244,HOLDING
2015-08-11,13,CL,USB,53.3409,31.2315,0.7933,0.3828,-1,0.7152,-0.0833,0.6319,HOLDING
2015-08-12,13,CL,USB,53.1377,30.8806,0.7933,0.6333,-1,0.4632,-0.0833,0.3799,HOLDING
2015-08-13,13,CL,USB,52.872,31.0045,0.7933,0.0227,-1,0.8519,-0.0833,0.7686,HOLDING
2015-08-14,13,CL,USB,52.9736,31.3691,0.7933,-0.5699,-1,1.2111,-0.0833,1.1278,HOLDING
2015-08-17,13,CL,USB,52.872,31.4035,0.7933,-0.8234,-1,1.3438,-0.0833,1.2605,HOLDING
2015-08-18,13,CL,USB,52.8955,31.4722,0.7933,-1.0256,-1,1.4078,-0.0833,1.3244,HOLDING
2015-08-19,13,CL,USB,52.1531,31.204,0.7933,-1.7343,-1,1.7366,-0.0833,1.6533,HOLDING
2015-08-20,13,CL,USB,51.567,30.3372,0.7933,-0.9101,-1,1.1888,-0.0833,1.1054,HOLDING
2015-08-21,13,CL,USB,50.7778,29.4291,0.7933,-0.1906,-1,0.7706,-0.0833,0.6872,HOLDING
2015-08-24,13,CL,USB,48.41,28.0327,0.7933,-1.0207,-1,1.1527,-0.0833,1.0694,HOLDING
2015-08-25,13,CL,USB,47.1753,27.3516,0.7933,-1.4582,-1,1.4101,-0.0833,1.3268,HOLDING
2015-08-26,13,CL,USB,48.6288,28.4867,0.7933,-1.5075,-1,1.518,-0.0833,1.4347,HOLDING
2015-08-27,13,CL,USB,49.3008,29.2915,0.7933,-1.9482,-1,1.9131,-0.0833,1.8298,HOLDING
2015-08-28,13,CL,USB,49.504,29.2984,0.7933,-1.4258,-1,1.7411,-0.0833,1.6578,HOLDING
2015-08-31,13,CL,USB,49.0821,29.1333,0.7933,-1.5627,-1,1.9125,-0.0833,1.8292,HOLDING
2015-09-01,13,CL,USB,47.8786,27.7025,0.7933,-0.2947,-1,1.2178,-0.0833,1.1344,HOLDING
2015-09-02,13,CL,USB,48.5897,28.2184,0.7933,-0.2033,-1,1.222,-0.0833,1.1387,HOLDING
2015-09-03,13,CL,USB,49.168,28.5073,0.7933,0.2357,-1,1.0644,-0.0833,0.9811,HOLDING
2015-09-04,13,CL,USB,48.0271,27.8951,0.7933,-0.2965,-1,1.3233,-0.0833,1.2399,HOLDING
2015-09-08,13,CL,USB,49.5665,28.5004,0.7933,1.2715,-1,0.7018,-0.0833,0.6185,HOLDING
2015-09-09,13,CL,USB,48.7538,28.1221,0.7933,0.6908,-1,0.9575,-0.0833,0.8741,HOLDING
2015-09-10,13,CL,USB,48.3944,28.2734,0.7933,-0.5598,-1,1.4634,-0.0833,1.3801,HOLDING
2015-09-11,13,CL,USB,48.3866,28.2459,0.7933,-0.4087,-1,1.4364,-0.0833,1.3531,HOLDING
2015-09-14,13,CL,USB,48.535,28.1496,0.7933,0.3823,-1,1.1858,-0.0833,1.1024,HOLDING
2015-09-15,13,CL,USB,48.7851,28.8926,0.7933,-1.5194,-1,1.8795,-0.0833,1.7962,HOLDING
2015-09-16,13,CL,USB,49.2852,29.1402,0.7933,-0.9959,-1,1.7405,-0.0833,1.6571,HOLDING
2015-09-17,13,CL,USB,49.4415,28.6587,0.7933,0.9274,-1,1.008,-0.0833,0.9247,HOLDING
2015-09-18,13,CL,USB,48.9883,28.3216,0.7933,0.9153,-1,0.9951,-0.0833,0.9118,HOLDING
2015-09-21,13,CL,USB,49.3087,28.5623,0.7933,0.9698,-1,1.0073,-0.0833,0.9239,HOLDING
2015-09-22,13,CL,USB,48.5741,28.2734,0.7933,0.1176,-1,1.3037,-0.0833,1.2204,HOLDING
2015-09-23,13,CL,USB,48.5272,28.2459,0.7933,0.0758,-1,1.3115,-0.0833,1.2281,HOLDING
2015-09-24,13,CL,USB,48.6445,28.0395,0.7933,1.017,-1,0.9529,-0.0833,0.8696,HOLDING
2015-09-25,13,CL,USB,49.3399,28.6655,0.7933,0.5293,-1,1.1067,-0.0833,1.0234,HOLDING
2015-09-28,13,CL,USB,48.5741,27.9768,0.7933,0.9241,-1,0.9381,-0.0833,0.8548,HOLDING
2015-09-29,13,CL,USB,49.2852,28.136,0.7933,2.0771,-1,0.5026,-0.0833,0.4192,HOLDING
2015-09-30,13,CL,USB,49.59,28.3852,0.7933,1.7019,-1,0.539,-0.0833,0.4556,HOLDING
2015-10-01,13,CL,USB,49.7932,28.4683,0.7933,1.6715,-1,0.4609,-0.0833,0.3775,HOLDING
2015-10-02,13,CL,USB,50.2308,28.2053,0.7933,2.6369,-1,-0.2522,-0.0833,-0.3355,HOLDING
2015-10-05,13,CL,USB,51.0669,28.7659,0.7933,2.2049,-1,-0.3039,-0.0833,-0.3872,HOLDING
2015-10-06,13,CL,USB,50.6293,28.7174,0.7933,1.4842,-1,0.0252,-0.0833,-0.0582,HOLDING
2015-10-07,13,CL,USB,51.0669,28.9251,0.7933,1.5049,-1,-0.1076,-0.0833,-0.191,HOLDING
2015-10-08,13,CL,USB,51.4967,29.0012,0.7933,1.6905,-1,-0.3956,-0.0833,-0.479,HOLDING
2015-10-09,13,CL,USB,51.8405,28.7798,0.7933,2.0969,-1,-0.9742,-0.0833,-1.0575,HOLDING
2015-10-12,13,CL,USB,51.7702,28.8144,0.7933,1.7,-1,-0.869,-0.0833,-0.9523,HOLDING
2015-10-13,13,CL,USB,51.5514,28.6759,0.7933,1.5281,-1,-0.8453,-0.0833,-0.9286,HOLDING
2015-10-14,13,CL,USB,51.3795,28.0322,0.7933,2.0289,-1,-1.4861,-0.0833,-1.5694,HOLDING
2015-10-15,13,CL,USB,52.0202,28.3852,0.7933,1.8464,-1,-1.6202,-0.0833,-1.7035,HOLDING
2015-10-16,13,CL,USB,52.45,28.2191,0.7933,2.0581,-1,-2.2068,-0.0833,-2.2902,HOLDING
2015-10-19,13,CL,USB,52.5516,28.1914,0.7933,1.8646,-1,-2.3312,-0.0833,-2.4145,HOLDING
2015-10-20,13,CL,USB,52.4032,28.5513,0.7933,1.2286,-1,-1.7556,-0.0833,-1.8389,HOLDING
2015-10-21,13,CL,USB,52.521,28.4475,0.7933,1.3111,-1,-1.9883,-0.0833,-2.0717,HOLDING
2015-10-22,13,CL,USB,53.9435,28.9597,0.7933,1.625,-1,-2.6207,-0.0833,-2.704,HOLDING
2015-10-23,13,CL,USB,54.1793,29.4996,0.7933,1.1187,-1,-2.1646,-0.0833,-2.248,HOLDING
2015-10-26,13,CL,USB,54.0064,29.4304,0.7933,0.9808,-1,-2.0963,-0.0833,-2.1797,HOLDING
2015-10-27,13,CL,USB,54.1871,29.1397,0.7933,1.3435,-1,-2.6153,-0.0833,-2.6986,HOLDING
2015-10-28,13,CL,USB,54.0928,29.8041,0.7933,0.3907,-1,-1.7124,-0.0833,-1.7957,HOLDING
2015-10-29,13,CL,USB,54.4072,29.7626,0.7933,0.6542,-1,-2.0429,-0.0833,-2.1262,HOLDING
2015-10-30,13,CL,USB,52.1438,29.195,0.7933,-0.8448,-1,-0.7317,-0.0833,-0.815,HOLDING
2015-11-02,13,CL,USB,53.0397,29.4788,0.7933,-0.4011,-1,-1.1778,-0.0833,-1.2611,HOLDING
2015-11-03,13,CL,USB,53.4405,29.555,0.7933,-0.1956,-1,-1.44,-0.0833,-1.5234,HOLDING
2015-11-04,13,CL,USB,53.0319,29.4996,0.7933,-0.7418,-1,-1.1452,-0.0833,-1.2286,HOLDING
2015-11-05,13,CL,USB,53.1262,29.5065,0.7933,-0.7574,-1,-1.2205,-0.0833,-1.3038,HOLDING
2015-11-06,13,CL,USB,51.7273,30.261,0.7933,-3.0647,-1,0.9524,-0.0833,0.8691,HOLDING
2015-11-09,13,CL,USB,51.688,29.9979,0.7933,-2.262,-1,0.6631,-0.0833,0.5797,HOLDING
2015-11-10,13,CL,USB,52.1674,30.0118,0.7933,-1.6509,-1,0.2542,-0.0833,0.1709,HOLDING
2015-11-11,13,CL,USB,52.2224,29.991,0.7933,-1.4092,-1,0.1798,-0.0833,0.0964,HOLDING
2015-11-12,13,CL,USB,51.295,29.5688,0.7933,-1.497,-1,0.4832,-0.0833,0.3998,HOLDING
2015-11-13,13,CL,USB,50.7371,29.3335,0.7933,-1.4881,-1,0.6888,-0.0833,0.6055,HOLDING
2015-11-16,13,CL,USB,51.5308,29.8387,0.7933,-1.2702,-1,0.6065,-0.0833,0.5231,HOLDING
2015-11-17,13,CL,USB,51.3343,29.7764,0.7933,-1.2143,-1,0.7042,-0.0833,0.6209,HOLDING
2015-11-18,13,CL,USB,51.9159,30.3786,0.7933,-1.2445,-1,0.9299,-0.0833,0.8466,HOLDING
2015-11-19,13,CL,USB,52.1674,30.5586,0.7933,-1.1364,-1,0.9283,-0.0833,0.845,HOLDING
2015-11-20,13,CL,USB,51.9473,30.4825,0.7933,-1.1109,-1,1.03,-0.0833,0.9466,HOLDING
2015-11-23,13,CL,USB,52.5682,30.3025,0.7933,-0.4063,-1,0.2565,-0.0833,0.1732,HOLDING
2015-11-24,13,CL,USB,52.5132,30.3579,0.7933,-0.4304,-1,0.3736,-0.0833,0.2903,HOLDING
2015-11-25,13,CL,USB,52.2067,30.2956,0.7933,-0.5487,-1,0.5692,-0.0833,0.4858,HOLDING
2015-11-27,13,CL,USB,52.3089,30.3855,0.7933,-0.498,-1,0.5893,-0.0833,0.506,HOLDING
2015-11-30,13,CL,USB,51.6173,30.3786,0.7933,-1.1218,-1,1.1952,-0.0833,1.1119,HOLDING
2015-12-01,13,CL,USB,51.7351,30.6693,0.7933,-1.3171,-1,1.4489,-0.0833,1.3655,HOLDING
2015-12-02,13,CL,USB,51.6173,30.2956,0.7933,-0.8407,-1,1.0928,-0.0833,1.0095,HOLDING
2015-12-03,13,CL,USB,51.5387,29.901,0.7933,-0.1121,-1,0.6763,-0.0833,0.5929,HOLDING
2015-12-04,13,CL,USB,52.136,30.6901,0.7933,-1.0821,-1,0.0,0.9508,0.9508,PERIOD_END_EXIT
2015-06-09,14,AME,IEX,49.9976,67.6185,0.81,0.0,0,0.0,0.0,0.0,HOLD_CASH
2015-06-10,14,AME,IEX,50.7233,68.5226,0.81,0.0,0,0.0,0.0,0.0,HOLD_CASH
2015-06-11,14,AME,IEX,51.0024,69.5397,0.81,0.0,0,0.0,0.0,0.0,HOLD_CASH
2015-06-12,14,AME,IEX,51.0303,69.3311,0.81,0.0,0,0.0,0.0,0.0,HOLD_CASH
2015-06-15,14,AME,IEX,50.3967,68.5747,0.81,0.0,0,0.0,0.0,0.0,HOLD_CASH
2015-06-16,14,AME,IEX,50.6017,68.7834,0.81,0.0,0,0.0,0.0,0.0,HOLD_CASH
2015-06-17,14,AME,IEX,50.7042,68.9747,0.81,0.0,0,0.0,0.0,0.0,HOLD_CASH
2015-06-18,14,AME,IEX,51.3472,69.5136,0.81,0.0,0,0.0,0.0,0.0,HOLD_CASH
2015-06-19,14,AME,IEX,50.8533,69.2181,0.81,0.0,0,0.0,0.0,0.0,HOLD_CASH
2015-06-22,14,AME,IEX,51.021,69.4528,0.81,0.0,0,0.0,0.0,0.0,HOLD_CASH
2015-06-23,14,AME,IEX,50.9651,69.5484,0.81,0.0,0,0.0,0.0,0.0,HOLD_CASH
2015-06-24,14,AME,IEX,50.3873,69.0529,0.81,0.0,0,0.0,0.0,0.0,HOLD_CASH
2015-06-25,14,AME,IEX,50.1357,68.74,0.81,0.0,0,0.0,0.0,0.0,HOLD_CASH
2015-06-26,14,AME,IEX,51.3565,69.1746,0.81,0.0,0,0.0,0.0,0.0,HOLD_CASH
2015-06-29,14,AME,IEX,50.3594,67.9053,0.81,0.0,0,0.0,0.0,0.0,HOLD_CASH
2015-06-30,14,AME,IEX,51.049,68.3139,0.81,0.0,0,0.0,0.0,0.0,HOLD_CASH
2015-07-01,14,AME,IEX,51.72,68.7225,0.81,0.0,0,0.0,0.0,0.0,HOLD_CASH
2015-07-02,14,AME,IEX,51.7665,68.7834,0.81,0.0,0,0.0,0.0,0.0,HOLD_CASH
2015-07-06,14,AME,IEX,50.7601,68.1053,0.81,0.0,0,0.0,0.0,0.0,HOLD_CASH
2015-07-07,14,AME,IEX,51.0956,68.4965,0.81,0.9644,0,0.0,0.0,0.0,HOLD_CASH
2015-07-08,14,AME,IEX,50.1171,67.3229,0.81,0.3151,0,0.0,0.0,0.0,HOLD_CASH
2015-07-09,14,AME,IEX,50.611,67.5315,0.81,1.0665,0,0.0,0.0,0.0,HOLD_CASH
2015-07-10,14,AME,IEX,51.3472,67.1142,0.81,2.4969,-1,0.0,-0.0833,-0.0833,ENTER_SHORT_A
2015-07-13,14,AME,IEX,52.1207,68.001,0.81,2.3037,-1,-0.2008,-0.0833,-0.2841,HOLDING
2015-07-14,14,AME,IEX,51.9809,68.4112,0.81,1.5151,-1,0.1525,-0.0833,0.0692,HOLDING
2015-07-15,14,AME,IEX,51.2913,67.7478,0.81,1.0053,-1,0.4022,-0.0833,0.3189,HOLDING
2015-07-16,14,AME,IEX,51.5243,67.5907,0.81,1.318,-1,0.106,-0.0833,0.0227,HOLDING
2015-07-17,14,AME,IEX,51.1235,67.2328,0.81,0.9702,-1,0.2664,-0.0833,0.1831,HOLDING
2015-07-20,14,AME,IEX,51.3472,67.3986,0.81,1.0274,-1,0.158,-0.0833,0.0747,HOLDING
2015-07-21,14,AME,IEX,50.9651,66.5345,0.81,1.118,-1,0.0204,-0.0833,-0.0629,HOLDING
2015-07-22,14,AME,IEX,51.2633,66.2289,0.81,1.595,-1,-0.4167,-0.0833,-0.5001,HOLDING
2015-07-23,14,AME,IEX,51.3938,66.6043,0.81,1.3636,-1,-0.3251,-0.0833,-0.4085,HOLDING
2015-07-24,14,AME,IEX,50.2755,64.9894,0.81,1.1797,-1,-0.2198,-0.0833,-0.3031,HOLDING
2015-07-27,14,AME,IEX,48.4677,64.2474,0.81,-1.0939,-1,0.9889,-0.0833,0.9056,HOLDING
2015-07-28,14,AME,IEX,48.8777,65.3298,0.81,-1.5415,-1,1.2228,-0.0833,1.1394,HOLDING
2015-07-29,14,AME,IEX,49.7071,66.6916,0.81,-1.4468,-1,1.2358,-0.0833,1.1524,HOLDING
2015-07-30,14,AME,IEX,49.7257,66.5868,0.81,-1.2068,-1,1.1609,-0.0833,1.0775,HOLDING
2015-07-31,14,AME,IEX,49.4368,66.3686,0.81,-1.3189,-1,1.2986,-0.0833,1.2153,HOLDING
2015-08-03,14,AME,IEX,49.6605,65.3735,0.81,-0.1228,-1,0.5451,-0.0833,0.4618,HOLDING
2015-08-04,14,AME,IEX,50.0519,65.2163,0.81,0.5535,-1,0.1069,-0.0833,0.0235,HOLDING
2015-08-05,14,AME,IEX,50.5365,65.9059,0.81,0.5641,-1,0.0555,-0.0833,-0.0278,HOLDING
2015-08-06,14,AME,IEX,51.2913,65.2425,0.81,2.0157,-1,-0.9899,-0.0833,-1.0732,HOLDING
2015-08-07,14,AME,IEX,51.1981,64.7799,0.81,1.967,-1,-1.1634,-0.0833,-1.2467,HOLDING
2015-08-10,14,AME,IEX,52.2605,66.2551,0.81,1.8524,-1,-1.2962,-0.0833,-1.3796,HOLDING
2015-08-11,14,AME,IEX,51.8411,65.3123,0.81,1.7781,-1,-1.4441,-0.0833,-1.5274,HOLDING
2015-08-12,14,AME,IEX,51.7106,65.356,0.81,1.4335,-1,-1.3028,-0.0833,-1.3862,HOLDING
2015-08-13,14,AME,IEX,52.2325,65.3123,0.81,1.7036,-1,-1.795,-0.0833,-1.8784,HOLDING
2015-08-14,14,AME,IEX,52.8009,65.6266,0.81,1.7415,-1,-2.1301,-0.0833,-2.2135,HOLDING
2015-08-17,14,AME,IEX,53.5837,66.0456,0.81,1.8279,-1,-2.5992,-0.0833,-2.6825,HOLDING
2015-08-18,14,AME,IEX,53.5837,65.8448,0.81,1.6691,-1,-2.7107,-0.0833,-2.7941,HOLDING
2015-08-19,14,AME,IEX,52.6891,65.2163,0.81,1.2272,-1,-2.2578,-0.0833,-2.3412,HOLDING
2015-08-20,14,AME,IEX,51.3099,63.3395,0.81,1.0342,-1,-2.064,-0.0833,-2.1474,HOLDING
2015-08-21,14,AME,IEX,50.173,61.8381,0.81,0.8594,-1,-1.8789,-0.0833,-1.9623,HOLDING
2015-08-24,14,AME,IEX,48.9988,60.6859,0.81,0.5169,-1,-1.4663,-0.0833,-1.5497,HOLDING
2015-08-25,14,AME,IEX,47.9831,60.6684,0.81,-0.2555,-1,-0.5652,-0.0833,-0.6486,HOLDING
2015-08-26,14,AME,IEX,49.5859,60.9826,0.81,0.6894,-1,-1.8278,-0.0833,-1.9112,HOLDING
2015-08-27,14,AME,IEX,51.0117,62.2484,0.81,1.0703,-1,-2.4029,-0.0833,-2.4863,HOLDING
2015-08-28,14,AME,IEX,51.0397,62.5277,0.81,0.917,-1,-2.2728,-0.0833,-2.3561,HOLDING
2015-08-31,14,AME,IEX,50.1544,62.7023,0.81,-0.1932,-1,-1.382,-0.0833,-1.4653,HOLDING
2015-09-01,14,AME,IEX,48.3092,60.1097,0.81,-0.5413,-1,-1.1681,-0.0833,-1.2515,HOLDING
2015-09-02,14,AME,IEX,49.1386,60.9565,0.81,-0.3454,-1,-1.4413,-0.0833,-1.5246,HOLDING
2015-09-03,14,AME,IEX,49.1852,61.3929,0.81,-0.7974,-1,-1.2406,-0.0833,-1.3239,HOLDING
2015-09-04,14,AME,IEX,48.3931,60.4938,0.81,-1.1512,-1,-1.0299,-0.0833,-1.1132,HOLDING
2015-09-08,14,AME,IEX,49.968,61.969,0.81,-0.1394,-1,-1.6223,-0.0833,-1.7056,HOLDING
2015-09-09,14,AME,IEX,49.3809,61.681,0.81,-0.816,-1,-1.256,-0.0833,-1.3393,HOLDING
2015-09-10,14,AME,IEX,49.325,61.3842,0.81,-0.6013,-1,-1.3707,-0.0833,-1.4541,HOLDING
2015-09-11,14,AME,IEX,49.5952,61.6286,0.81,-0.3849,-1,-1.4773,-0.0833,-1.5606,HOLDING
2015-09-14,14,AME,IEX,49.1752,61.2358,0.81,-0.6069,-1,-1.3189,-0.0833,-1.4022,HOLDING
2015-09-15,14,AME,IEX,49.8379,62.3357,0.81,-0.6198,-1,-1.302,-0.0833,-1.3853,HOLDING
2015-09-16,14,AME,IEX,50.1927,63.584,0.81,-1.3528,-1,-0.9264,-0.0833,-1.0097,HOLDING
2015-09-17,14,AME,IEX,49.9406,62.8071,0.81,-0.7906,-1,-1.1321,-0.0833,-1.2154,HOLDING
2015-09-18,14,AME,IEX,48.6898,62.2047,0.81,-2.1437,-1,-0.3452,-0.0833,-0.4286,HOLDING
2015-09-21,14,AME,IEX,48.6991,62.4666,0.81,-2.0449,-1,-0.2081,-0.0833,-0.2914,HOLDING
2015-09-22,14,AME,IEX,48.1017,61.3842,0.81,-1.6484,-1,-0.2739,-0.0833,-0.3572,HOLDING
2015-09-23,14,AME,IEX,48.1297,60.2145,0.81,-0.4635,-1,-0.949,-0.0833,-1.0323,HOLDING
2015-09-24,14,AME,IEX,48.0924,60.4065,0.81,-0.6508,-1,-0.8088,-0.0833,-0.8921,HOLDING
2015-09-25,14,AME,IEX,48.5591,60.7033,0.81,-0.0905,-1,-1.0623,-0.0833,-1.1457,HOLDING
2015-09-28,14,AME,IEX,47.4483,60.3367,0.81,-1.7154,-1,-0.2701,-0.0833,-0.3534,HOLDING
2015-09-29,14,AME,IEX,47.7283,61.358,0.81,-2.0682,-1,0.0464,-0.0833,-0.037,HOLDING
2015-09-30,14,AME,IEX,48.8391,62.2396,0.81,-0.9486,-1,-0.4598,-0.0833,-0.5431,HOLDING
2015-10-01,14,AME,IEX,48.4097,61.3493,0.81,-0.6242,-1,-0.5695,-0.0833,-0.6528,HOLDING
2015-10-02,14,AME,IEX,49.7352,63.0078,0.81,-0.096,-1,-0.8364,-0.0833,-0.9198,HOLDING
2015-10-05,14,AME,IEX,51.0888,65.26,0.81,-0.2093,-1,-0.7987,-0.0833,-0.882,HOLDING
2015-10-06,14,AME,IEX,50.8368,65.2687,0.81,-0.5966,-1,-0.5678,-0.0833,-0.6511,HOLDING
2015-10-07,14,AME,IEX,51.4809,66.7003,0.81,-0.9811,-1,-0.3498,-0.0833,-0.4332,HOLDING
2015-10-08,14,AME,IEX,52.1903,69.1445,0.81,-2.1179,-1,0.3722,-0.0833,0.2888,HOLDING
2015-10-09,14,AME,IEX,52.293,67.8875,0.81,-0.5244,-1,-0.4183,-0.0833,-0.5017,HOLDING
2015-10-12,14,AME,IEX,52.0689,66.6479,0.81,0.6101,-1,-0.9063,-0.0833,-0.9896,HOLDING
2015-10-13,14,AME,IEX,51.2755,66.3686,0.81,-0.5659,-1,-0.35,-0.0833,-0.4333,HOLDING
2015-10-14,14,AME,IEX,50.51,65.5708,0.81,-1.0476,-1,-0.107,-0.0833,-0.1903,HOLDING
2015-10-15,14,AME,IEX,50.9021,65.6322,0.81,-0.1838,-1,-0.4244,-0.0833,-0.5077,HOLDING
2015-10-16,14,AME,IEX,50.5007,65.7287,0.81,-1.1919,-1,-0.0109,-0.0833,-0.0942,HOLDING
2015-10-19,14,AME,IEX,50.6687,65.6673,0.81,-0.7088,-1,-0.1957,-0.0833,-0.279,HOLDING
2015-10-20,14,AME,IEX,50.9674,65.6498,0.81,-0.0204,-1,-0.4732,-0.0833,-0.5566,HOLDING
2015-10-21,14,AME,IEX,50.9861,65.5621,0.81,0.2282,-1,-0.5387,-0.0833,-0.622,HOLDING
2015-10-22,14,AME,IEX,51.9289,66.8069,0.81,0.6613,-1,-0.6924,-0.0833,-0.7757,HOLDING
2015-10-23,14,AME,IEX,52.1436,67.1926,0.81,0.7411,-1,-0.6706,-0.0833,-0.7539,HOLDING
2015-10-26,14,AME,IEX,52.5543,67.3154,0.81,1.4632,-1,-0.9706,-0.0833,-1.054,HOLDING
2015-10-27,14,AME,IEX,50.1833,66.9296,0.81,-2.9952,-1,0.941,-0.0833,0.8577,HOLDING
2015-10-28,14,AME,IEX,50.6127,67.3329,0.81,-2.1463,-1,0.7801,-0.0833,0.6967,HOLDING
2015-10-29,14,AME,IEX,51.0421,67.14,0.81,-1.0894,-1,0.2879,-0.0833,0.2045,HOLDING
2015-10-30,14,AME,IEX,51.1728,67.2891,0.81,-0.9277,-1,0.2535,-0.0833,0.1702,HOLDING
2015-11-02,14,AME,IEX,51.7516,67.7186,0.81,-0.3405,-1,-0.0268,-0.0833,-0.1101,HOLDING
2015-11-03,14,AME,IEX,52.0129,67.8501,0.81,0.004,-1,-0.1881,-0.0833,-0.2714,HOLDING
2015-11-04,14,AME,IEX,52.4423,67.6572,0.81,0.8996,-1,-0.6802,-0.0833,-0.7635,HOLDING
2015-11-05,14,AME,IEX,52.7224,67.9991,0.81,0.9134,-1,-0.7413,-0.0833,-0.8247,HOLDING
2015-11-06,14,AME,IEX,52.4703,67.7361,0.81,0.7342,-1,-0.6615,-0.0833,-0.7448,HOLDING
2015-11-09,14,AME,IEX,52.293,67.3855,0.81,0.8448,-1,-0.6973,-0.0833,-0.7806,HOLDING
2015-11-10,14,AME,IEX,52.2463,67.7975,0.81,0.3146,-1,-0.4265,-0.0833,-0.5098,HOLDING
2015-11-11,14,AME,IEX,52.0596,67.4118,0.81,0.3724,-1,-0.4735,-0.0833,-0.5568,HOLDING
2015-11-12,14,AME,IEX,50.4914,66.0092,0.81,-0.7714,-1,0.1534,-0.0833,0.07,HOLDING
2015-11-13,14,AME,IEX,50.1833,66.0355,0.81,-1.2449,-1,0.4442,-0.0833,0.3608,HOLDING
2015-11-16,14,AME,IEX,51.2475,66.6754,0.81,-0.1245,-1,-0.1544,-0.0833,-0.2378,HOLDING
2015-11-17,14,AME,IEX,50.6314,66.614,0.81,-0.9864,-1,0.3639,-0.0833,0.2805,HOLDING
2015-11-18,14,AME,IEX,52.209,67.9202,0.81,0.2765,-1,-0.3248,-0.0833,-0.4082,HOLDING
2015-11-19,14,AME,IEX,52.0783,68.376,0.81,-0.3278,-1,0.0456,-0.0833,-0.0377,HOLDING
2015-11-20,14,AME,IEX,52.4797,68.6741,0.81,0.0785,-1,-0.1487,-0.0833,-0.232,HOLDING
2015-11-23,14,AME,IEX,52.5637,68.4024,0.81,0.5988,-1,-0.375,-0.0833,-0.4583,HOLDING
2015-11-24,14,AME,IEX,52.7037,69.0511,0.81,0.0185,-1,-0.1401,-0.0833,-0.2234,HOLDING
2015-11-25,14,AME,IEX,52.7037,69.0861,0.81,-0.1547,-1,-0.1206,-0.0833,-0.2039,HOLDING
2015-11-27,14,AME,IEX,53.0771,69.2439,0.81,0.4328,-1,-0.3677,-0.0833,-0.4511,HOLDING
2015-11-30,14,AME,IEX,52.7037,69.0773,0.81,-0.3098,-1,-0.1255,-0.0833,-0.2088,HOLDING
2015-12-01,14,AME,IEX,52.8997,69.1913,0.81,-0.0121,-1,-0.2379,-0.0833,-0.3212,HOLDING
2015-12-02,14,AME,IEX,52.1704,68.6828,0.81,-1.0383,-1,0.1334,-0.0833,0.0501,HOLDING
2015-12-03,14,AME,IEX,51.1514,68.341,0.81,-2.5021,-1,0.8573,-0.0833,0.7739,HOLDING
2015-12-04,14,AME,IEX,51.7123,69.0247,0.81,-1.8978,-1,0.0,0.5662,0.5662,PERIOD_END_EXIT
2015-06-09,15,AEE,LNT,27.4686,20.6808,0.9318,0.0,0,0.0,0.0,0.0,HOLD_CASH
2015-06-10,15,AEE,LNT,27.4251,20.7631,0.9318,0.0,0,0.0,0.0,0.0,HOLD_CASH
2015-06-11,15,AEE,LNT,27.7805,21.0314,0.9318,0.0,0,0.0,0.0,0.0,HOLD_CASH
2015-06-12,15,AEE,LNT,27.3961,20.7917,0.9318,0.0,0,0.0,0.0,0.0,HOLD_CASH
2015-06-15,15,AEE,LNT,27.3671,20.7022,0.9318,0.0,0,0.0,0.0,0.0,HOLD_CASH
2015-06-16,15,AEE,LNT,27.4251,20.8489,0.9318,0.0,0,0.0,0.0,0.0,HOLD_CASH
2015-06-17,15,AEE,LNT,27.6282,20.9598,0.9318,0.0,0,0.0,0.0,0.0,HOLD_CASH
2015-06-18,15,AEE,LNT,27.9546,21.2603,0.9318,0.0,0,0.0,0.0,0.0,HOLD_CASH
2015-06-19,15,AEE,LNT,27.7515,21.1566,0.9318,0.0,0,0.0,0.0,0.0,HOLD_CASH
2015-06-22,15,AEE,LNT,27.7878,21.1244,0.9318,0.0,0,0.0,0.0,0.0,HOLD_CASH
2015-06-23,15,AEE,LNT,27.3888,20.7917,0.9318,0.0,0,0.0,0.0,0.0,HOLD_CASH
2015-06-24,15,AEE,LNT,27.4033,20.6343,0.9318,0.0,0,0.0,0.0,0.0,HOLD_CASH
2015-06-25,15,AEE,LNT,27.2075,20.5234,0.9318,0.0,0,0.0,0.0,0.0,HOLD_CASH
2015-06-26,15,AEE,LNT,27.3671,20.6915,0.9318,0.0,0,0.0,0.0,0.0,HOLD_CASH
2015-06-29,15,AEE,LNT,27.2292,20.5842,0.9318,0.0,0,0.0,0.0,0.0,HOLD_CASH
2015-06-30,15,AEE,LNT,27.3308,20.6486,0.9318,0.0,0,0.0,0.0,0.0,HOLD_CASH
2015-07-01,15,AEE,LNT,27.5484,20.7953,0.9318,0.0,0,0.0,0.0,0.0,HOLD_CASH
2015-07-02,15,AEE,LNT,27.9256,21.1101,0.9318,0.0,0,0.0,0.0,0.0,HOLD_CASH
2015-07-06,15,AEE,LNT,27.9691,21.1423,0.9318,0.0,0,0.0,0.0,0.0,HOLD_CASH
2015-07-07,15,AEE,LNT,28.7234,21.7433,0.9318,0.9359,0,0.0,0.0,0.0,HOLD_CASH
2015-07-08,15,AEE,LNT,28.4913,21.6109,0.9318,0.2305,0,0.0,0.0,0.0,HOLD_CASH
2015-07-09,15,AEE,LNT,28.0561,21.3175,0.9318,-0.6681,0,0.0,0.0,0.0,HOLD_CASH
2015-07-10,15,AEE,LNT,28.3027,21.4964,0.9318,-0.3005,0,0.0,0.0,0.0,HOLD_CASH
2015-07-13,15,AEE,LNT,28.223,21.5608,0.9318,-1.973,0,0.0,0.0,0.0,HOLD_CASH
2015-07-14,15,AEE,LNT,28.1867,21.5715,0.9318,-2.0825,1,0.0,-0.0833,-0.0833,ENTER_LONG_A
2015-07-15,15,AEE,LNT,28.281,21.6073,0.9318,-1.4878,1,0.0777,-0.0833,-0.0057,HOLDING
2015-07-16,15,AEE,LNT,28.767,21.9436,0.9318,-0.7484,1,0.1948,-0.0833,0.1115,HOLDING
2015-07-17,15,AEE,LNT,28.5711,21.6324,0.9318,0.8484,1,0.475,-0.0833,0.3917,HOLDING
2015-07-20,15,AEE,LNT,28.3753,21.5537,0.9318,-0.1117,1,0.3219,-0.0833,0.2386,HOLDING
2015-07-21,15,AEE,LNT,28.0706,21.3319,0.9318,-0.44,1,0.269,-0.0833,0.1857,HOLDING
2015-07-22,15,AEE,LNT,28.0416,21.4893,0.9318,-2.1601,1,-0.0687,-0.0833,-0.152,HOLDING
2015-07-23,15,AEE,LNT,27.7588,21.1673,0.9318,-1.1219,1,0.0983,-0.0833,0.015,HOLDING
2015-07-24,15,AEE,LNT,27.9473,21.1995,0.9318,0.2086,1,0.3269,-0.0833,0.2436,HOLDING
2015-07-27,15,AEE,LNT,28.3027,21.5537,0.9318,-0.4288,1,0.2109,-0.0833,0.1276,HOLDING
2015-07-28,15,AEE,LNT,28.5349,21.6574,0.9318,0.4935,1,0.3728,-0.0833,0.2895,HOLDING
2015-07-29,15,AEE,LNT,28.7597,21.8126,0.9318,0.793,1,0.4277,-0.0833,0.3444,HOLDING
2015-07-30,15,AEE,LNT,28.8468,22.0112,0.9318,-0.4854,1,0.1909,-0.0833,0.1076,HOLDING
2015-07-31,15,AEE,LNT,29.797,22.2061,0.9318,3.4126,1,1.2819,-0.0833,1.1985,HOLDING
2015-08-03,15,AEE,LNT,30.1669,22.235,0.9318,3.2402,1,1.7942,-0.0833,1.7109,HOLDING
2015-08-04,15,AEE,LNT,29.7462,21.9498,0.9318,2.3961,1,1.6818,-0.0833,1.5984,HOLDING
2015-08-05,15,AEE,LNT,30.0,22.0509,0.9318,2.2292,1,1.8819,-0.0833,1.7986,HOLDING
2015-08-06,15,AEE,LNT,30.2394,21.8884,0.9318,2.5283,1,2.551,-0.0833,2.4677,HOLDING
2015-08-07,15,AEE,LNT,30.5513,21.9209,0.9318,2.392,1,2.9678,-0.0833,2.8845,HOLDING
2015-08-10,15,AEE,LNT,30.3337,21.8884,0.9318,1.8072,1,2.6953,-0.0833,2.6119,HOLDING
2015-08-11,15,AEE,LNT,30.5368,21.8957,0.9318,1.8022,1,2.9927,-0.0833,2.9093,HOLDING
2015-08-12,15,AEE,LNT,30.9357,22.1375,0.9318,1.6708,1,3.1525,-0.0833,3.0692,HOLDING
2015-08-13,15,AEE,LNT,30.914,22.2098,0.9318,1.3589,1,2.9847,-0.0833,2.9013,HOLDING
2015-08-14,15,AEE,LNT,31.001,22.2892,0.9318,1.2031,1,2.9699,-0.0833,2.8866,HOLDING
2015-08-17,15,AEE,LNT,31.4797,22.7152,0.9318,1.0102,1,2.9087,-0.0833,2.8254,HOLDING
2015-08-18,15,AEE,LNT,31.3347,22.5022,0.9318,1.0529,1,3.0836,-0.0833,3.0003,HOLDING
2015-08-19,15,AEE,LNT,31.5885,22.5599,0.9318,1.1543,1,3.3645,-0.0833,3.2812,HOLDING
2015-08-20,15,AEE,LNT,31.4145,22.3253,0.9318,1.2019,1,3.5354,-0.0833,3.452,HOLDING
2015-08-21,15,AEE,LNT,30.8342,21.9246,0.9318,1.0366,1,3.394,-0.0833,3.3107,HOLDING
2015-08-24,15,AEE,LNT,29.5068,20.9534,0.9318,0.8901,1,3.1721,-0.0833,3.0888,HOLDING
2015-08-25,15,AEE,LNT,28.8468,20.253,0.9318,1.1981,1,3.467,-0.0833,3.3837,HOLDING
2015-08-26,15,AEE,LNT,29.4125,20.4552,0.9318,1.5786,1,3.9562,-0.0833,3.8728,HOLDING
2015-08-27,15,AEE,LNT,29.7534,20.8415,0.9318,1.3454,1,3.7581,-0.0833,3.6748,HOLDING
2015-08-28,15,AEE,LNT,29.7897,20.8668,0.9318,1.2982,1,3.7665,-0.0833,3.6832,HOLDING
2015-08-31,15,AEE,LNT,29.2239,20.4588,0.9318,1.1636,1,3.6608,-0.0833,3.5775,HOLDING
2015-09-01,15,AEE,LNT,28.3753,19.8992,0.9318,0.8622,1,3.4047,-0.0833,3.3214,HOLDING
2015-09-02,15,AEE,LNT,28.3463,19.9029,0.9318,0.7259,1,3.3536,-0.0833,3.2702,HOLDING
2015-09-03,15,AEE,LNT,28.4696,19.9931,0.9318,0.6632,1,3.3741,-0.0833,3.2908,HOLDING
2015-09-04,15,AEE,LNT,27.9691,19.6935,0.9318,0.219,1,3.1665,-0.0833,3.0832,HOLDING
2015-09-08,15,AEE,LNT,28.5776,20.0725,0.9318,0.552,1,3.3914,-0.0833,3.3081,HOLDING
2015-09-09,15,AEE,LNT,28.1964,19.8595,0.9318,0.0817,1,3.2049,-0.0833,3.1215,HOLDING
2015-09-10,15,AEE,LNT,28.1744,19.7982,0.9318,0.2797,1,3.2856,-0.0833,3.2023,HOLDING
2015-09-11,15,AEE,LNT,28.4603,19.9462,0.9318,0.5967,1,3.4474,-0.0833,3.364,HOLDING
2015-09-14,15,AEE,LNT,28.5776,20.0003,0.9318,0.7334,1,3.526,-0.0833,3.4426,HOLDING
2015-09-15,15,AEE,LNT,28.7389,20.0725,0.9318,1.0379,1,3.6383,-0.0833,3.5549,HOLDING
2015-09-16,15,AEE,LNT,29.0981,20.2927,0.9318,1.3843,1,3.7777,-0.0833,3.6944,HOLDING
2015-09-17,15,AEE,LNT,29.7213,20.6068,0.9318,2.2761,1,4.1462,-0.0833,4.0628,HOLDING
2015-09-18,15,AEE,LNT,29.5967,20.4877,0.9318,2.0799,1,4.1774,-0.0833,4.0941,HOLDING
2015-09-21,15,AEE,LNT,29.9266,20.6321,0.9318,2.3019,1,4.4132,-0.0833,4.3299,HOLDING
2015-09-22,15,AEE,LNT,29.692,20.4697,0.9318,1.9669,1,4.3569,-0.0833,4.2736,HOLDING
2015-09-23,15,AEE,LNT,29.9119,20.4985,0.9318,2.2456,1,4.6397,-0.0833,4.5564,HOLDING
2015-09-24,15,AEE,LNT,30.0952,20.7079,0.9318,1.6591,1,4.53,-0.0833,4.4467,HOLDING
2015-09-25,15,AEE,LNT,30.3298,20.9317,0.9318,1.275,1,4.472,-0.0833,4.3887,HOLDING
2015-09-28,15,AEE,LNT,30.4544,20.9534,0.9318,1.4204,1,4.6224,-0.0833,4.539,HOLDING
2015-09-29,15,AEE,LNT,30.5644,20.8451,0.9318,1.8948,1,4.9925,-0.0833,4.9091,HOLDING
2015-09-30,15,AEE,LNT,30.9896,21.1159,0.9318,1.7679,1,5.1387,-0.0833,5.0554,HOLDING
2015-10-01,15,AEE,LNT,30.6304,20.791,0.9318,1.7319,1,5.1944,-0.0833,5.111,HOLDING
2015-10-02,15,AEE,LNT,31.0263,21.0725,0.9318,1.5518,1,5.2755,-0.0833,5.1922,HOLDING
2015-10-05,15,AEE,LNT,31.2462,21.2855,0.9318,1.2596,1,5.2152,-0.0833,5.1319,HOLDING
2015-10-06,15,AEE,LNT,31.0189,21.1086,0.9318,1.1761,1,5.1971,-0.0833,5.1137,HOLDING
2015-10-07,15,AEE,LNT,30.9456,21.0184,0.9318,1.2018,1,5.253,-0.0833,5.1697,HOLDING
2015-10-08,15,AEE,LNT,31.6128,21.2783,0.9318,1.7858,1,5.7897,-0.0833,5.7064,HOLDING
2015-10-09,15,AEE,LNT,31.6128,21.1989,0.9318,1.8422,1,5.9377,-0.0833,5.8544,HOLDING
2015-10-12,15,AEE,LNT,32.0527,21.4336,0.9318,1.8913,1,6.1737,-0.0833,6.0903,HOLDING
2015-10-13,15,AEE,LNT,32.0013,21.4444,0.9318,1.5876,1,6.0749,-0.0833,5.9916,HOLDING
2015-10-14,15,AEE,LNT,31.8107,21.4913,0.9318,0.8958,1,5.6957,-0.0833,5.6124,HOLDING
2015-10-15,15,AEE,LNT,32.2139,21.8523,0.9318,0.5772,1,5.6401,-0.0833,5.5568,HOLDING
2015-10-16,15,AEE,LNT,32.3312,21.9209,0.9318,0.5649,1,5.6918,-0.0833,5.6085,HOLDING
2015-10-19,15,AEE,LNT,32.4706,22.0184,0.9318,0.5063,1,5.7234,-0.0833,5.6401,HOLDING
2015-10-20,15,AEE,LNT,32.4925,22.0942,0.9318,0.1763,1,5.6158,-0.0833,5.5324,HOLDING
2015-10-21,15,AEE,LNT,32.3679,21.957,0.9318,0.3183,1,5.6807,-0.0833,5.5974,HOLDING
2015-10-22,15,AEE,LNT,32.6245,22.217,0.9318,-0.1157,1,5.5891,-0.0833,5.5057,HOLDING
2015-10-23,15,AEE,LNT,32.2506,21.791,0.9318,0.6125,1,5.8106,-0.0833,5.7273,HOLDING
2015-10-26,15,AEE,LNT,32.5585,21.874,0.9318,1.4166,1,6.1271,-0.0833,6.0438,HOLDING
2015-10-27,15,AEE,LNT,32.6172,21.7982,0.9318,1.9255,1,6.3582,-0.0833,6.2748,HOLDING
2015-10-28,15,AEE,LNT,32.2799,21.6051,0.9318,1.4471,1,6.2019,-0.0833,6.1185,HOLDING
2015-10-29,15,AEE,LNT,31.8254,21.3756,0.9318,0.7395,1,5.9339,-0.0833,5.8506,HOLDING
2015-10-30,15,AEE,LNT,32.0233,21.5031,0.9318,0.7553,1,5.9992,-0.0833,5.9159,HOLDING
2015-11-02,15,AEE,LNT,32.1993,21.6925,0.9318,0.2668,1,5.9155,-0.0833,5.8322,HOLDING
2015-11-03,15,AEE,LNT,32.1626,21.7581,0.9318,-0.4826,1,5.7372,-0.0833,5.6539,HOLDING
2015-11-04,15,AEE,LNT,32.4119,21.9002,0.9318,-0.2803,1,5.8539,-0.0833,5.7706,HOLDING
2015-11-05,15,AEE,LNT,32.2726,21.8711,0.9318,-0.8045,1,5.695,-0.0833,5.6117,HOLDING
2015-11-06,15,AEE,LNT,31.1949,20.7635,0.9318,1.7232,1,6.1095,-0.0833,6.0262,HOLDING
2015-11-09,15,AEE,LNT,31.6274,20.6979,0.9318,3.1506,1,6.8937,-0.0833,6.8104,HOLDING
2015-11-10,15,AEE,LNT,32.1186,21.1861,0.9318,2.0235,1,6.7357,-0.0833,6.6524,HOLDING
2015-11-11,15,AEE,LNT,32.4192,21.4339,0.9318,1.6201,1,6.7341,-0.0833,6.6508,HOLDING
2015-11-12,15,AEE,LNT,31.8914,21.2881,0.9318,0.5345,1,6.1978,-0.0833,6.1145,HOLDING
2015-11-13,15,AEE,LNT,31.6201,21.31,0.9318,-0.4683,1,5.7419,-0.0833,5.6586,HOLDING
2015-11-16,15,AEE,LNT,32.2066,21.8528,0.9318,-0.984,1,5.628,-0.0833,5.5447,HOLDING
2015-11-17,15,AEE,LNT,31.4222,21.4885,0.9318,-1.7692,1,5.1063,-0.0833,5.023,HOLDING
2015-11-18,15,AEE,LNT,31.6861,21.6051,0.9318,-1.3658,1,5.293,-0.0833,5.2097,HOLDING
2015-11-19,15,AEE,LNT,32.038,22.0241,0.9318,-1.8318,1,5.0509,-0.0833,4.9675,HOLDING
2015-11-20,15,AEE,LNT,32.3386,22.2536,0.9318,-1.652,1,5.0832,-0.0833,4.9999,HOLDING
2015-11-23,15,AEE,LNT,31.7741,21.9512,0.9318,-1.7626,1,4.7827,-0.0833,4.6994,HOLDING
2015-11-24,15,AEE,LNT,31.6861,21.8929,0.9318,-1.5644,1,4.7567,-0.0833,4.6734,HOLDING
2015-11-25,15,AEE,LNT,31.6421,21.7545,0.9318,-1.1266,1,4.9474,-0.0833,4.864,HOLDING
2015-11-27,15,AEE,LNT,31.7521,21.8164,0.9318,-0.9757,1,5.0002,-0.0833,4.9169,HOLDING
2015-11-30,15,AEE,LNT,32.082,21.9294,0.9318,-0.5534,1,5.2947,-0.0833,5.2114,HOLDING
2015-12-01,15,AEE,LNT,32.1333,22.3702,0.9318,-1.4804,1,4.5518,-0.0833,4.4684,HOLDING
2015-12-02,15,AEE,LNT,31.4002,22.086,0.9318,-1.8534,1,3.9593,-0.0833,3.876,HOLDING
2015-12-03,15,AEE,LNT,30.975,21.6379,0.9318,-1.3778,1,4.1436,-0.0833,4.0603,HOLDING
2015-12-04,15,AEE,LNT,31.7741,21.9876,0.9318,-0.7518,1,0.0,4.5419,4.5419,PERIOD_END_EXIT
2015-06-09,16,KIM,VTR,13.6179,45.599,0.914,0.0,0,0.0,0.0,0.0,HOLD_CASH
2015-06-10,16,KIM,VTR,13.7419,45.9452,0.914,0.0,0,0.0,0.0,0.0,HOLD_CASH
2015-06-11,16,KIM,VTR,13.8187,46.2048,0.914,0.0,0,0.0,0.0,0.0,HOLD_CASH
2015-06-12,16,KIM,VTR,13.7419,46.1327,0.914,0.0,0,0.0,0.0,0.0,HOLD_CASH
2015-06-15,16,KIM,VTR,13.736,45.837,0.914,0.0,0,0.0,0.0,0.0,HOLD_CASH
2015-06-16,16,KIM,VTR,13.8423,46.2841,0.914,0.0,0,0.0,0.0,0.0,HOLD_CASH
2015-06-17,16,KIM,VTR,13.9486,46.4428,0.914,0.0,0,0.0,0.0,0.0,HOLD_CASH
2015-06-18,16,KIM,VTR,14.1848,46.962,0.914,0.0,0,0.0,0.0,0.0,HOLD_CASH
2015-06-19,16,KIM,VTR,14.0313,47.0125,0.914,0.0,0,0.0,0.0,0.0,HOLD_CASH
2015-06-22,16,KIM,VTR,13.8778,46.2986,0.914,0.0,0,0.0,0.0,0.0,HOLD_CASH
2015-06-23,16,KIM,VTR,13.7833,45.8514,0.914,0.0,0,0.0,0.0,0.0,HOLD_CASH
2015-06-24,16,KIM,VTR,13.7301,45.3971,0.914,0.0,0,0.0,0.0,0.0,HOLD_CASH
2015-06-25,16,KIM,VTR,13.6534,44.5822,0.914,0.0,0,0.0,0.0,0.0,HOLD_CASH
2015-06-26,16,KIM,VTR,13.6593,45.2817,0.914,0.0,0,0.0,0.0,0.0,HOLD_CASH
2015-06-29,16,KIM,VTR,13.3876,44.9861,0.914,0.0,0,0.0,0.0,0.0,HOLD_CASH
2015-06-30,16,KIM,VTR,13.3108,44.7769,0.914,0.0,0,0.0,0.0,0.0,HOLD_CASH
2015-07-01,16,KIM,VTR,13.5675,45.1519,0.914,0.0,0,0.0,0.0,0.0,HOLD_CASH
2015-07-02,16,KIM,VTR,13.669,45.3971,0.914,0.0,0,0.0,0.0,0.0,HOLD_CASH
2015-07-06,16,KIM,VTR,13.8361,45.3106,0.914,0.0,0,0.0,0.0,0.0,HOLD_CASH
2015-07-07,16,KIM,VTR,14.1346,46.4356,0.914,1.6942,0,0.0,0.0,0.0,HOLD_CASH
2015-07-08,16,KIM,VTR,14.2301,46.2481,0.914,2.3548,-1,0.0,-0.0833,-0.0833,ENTER_SHORT_A
2015-07-09,16,KIM,VTR,14.1047,46.2192,0.914,1.3369,-1,0.3587,-0.0833,0.2754,HOLDING
2015-07-10,16,KIM,VTR,14.2539,46.551,0.914,1.5241,-1,0.1876,-0.0833,0.1042,HOLDING
2015-07-13,16,KIM,VTR,14.3494,46.5798,0.914,1.8156,-1,-0.0798,-0.0833,-0.1631,HOLDING
2015-07-14,16,KIM,VTR,14.3912,46.3346,0.914,2.0696,-1,-0.4186,-0.0833,-0.502,HOLDING
2015-07-15,16,KIM,VTR,14.4808,46.3707,0.914,2.077,-1,-0.6616,-0.0833,-0.7449,HOLDING
2015-07-16,16,KIM,VTR,14.6479,46.5798,0.914,2.1258,-1,-0.993,-0.0833,-1.0763,HOLDING
2015-07-17,16,KIM,VTR,14.5942,46.4717,0.914,1.7496,-1,-0.9217,-0.0833,-1.005,HOLDING
2015-07-20,16,KIM,VTR,14.5942,46.3779,0.914,1.6263,-1,-1.0023,-0.0833,-1.0857,HOLDING
2015-07-21,16,KIM,VTR,14.5225,46.1111,0.914,1.4601,-1,-1.0128,-0.0833,-1.0961,HOLDING
2015-07-22,16,KIM,VTR,14.6539,46.3563,0.914,1.4816,-1,-1.2036,-0.0833,-1.2869,HOLDING
2015-07-23,16,KIM,VTR,14.4151,45.9019,0.914,1.0104,-1,-0.864,-0.0833,-0.9473,HOLDING
2015-07-24,16,KIM,VTR,14.4987,47.1568,0.914,0.0752,-1,-0.04,-0.0833,-0.1233,HOLDING
2015-07-27,16,KIM,VTR,14.5225,47.6543,0.914,-0.3557,-1,0.3151,-0.0833,0.2318,HOLDING
2015-07-28,16,KIM,VTR,14.5703,47.7625,0.914,-0.4059,-1,0.2621,-0.0833,0.1788,HOLDING
2015-07-29,16,KIM,VTR,14.63,48.0582,0.914,-0.6534,-1,0.3339,-0.0833,0.2506,HOLDING
2015-07-30,16,KIM,VTR,14.5942,47.8563,0.914,-0.6842,-1,0.2697,-0.0833,0.1864,HOLDING
2015-07-31,16,KIM,VTR,14.7494,48.3827,0.914,-0.7718,-1,0.2479,-0.0833,0.1646,HOLDING
2015-08-03,16,KIM,VTR,14.9583,48.6351,0.914,-0.1324,-1,-0.1741,-0.0833,-0.2575,HOLDING
2015-08-04,16,KIM,VTR,14.8508,48.1447,0.914,-0.0393,-1,-0.2673,-0.0833,-0.3507,HOLDING
2015-08-05,16,KIM,VTR,14.7135,47.9067,0.914,-0.4273,-1,-0.0521,-0.0833,-0.1354,HOLDING
2015-08-06,16,KIM,VTR,14.815,48.3106,0.914,-0.5441,-1,-0.0151,-0.0833,-0.0984,HOLDING
2015-08-07,16,KIM,VTR,14.8688,48.6063,0.914,-0.7255,-1,0.075,-0.0833,-0.0084,HOLDING
2015-08-10,16,KIM,VTR,14.7255,48.1519,0.914,-0.7894,-1,0.1224,-0.0833,0.039,HOLDING
2015-08-11,16,KIM,VTR,14.8628,48.664,0.914,-0.758,-1,0.1429,-0.0833,0.0596,HOLDING
2015-08-12,16,KIM,VTR,15.018,49.0173,0.914,-0.3948,-1,-0.0279,-0.0833,-0.1112,HOLDING
2015-08-13,16,KIM,VTR,15.1135,48.9308,0.914,0.3368,-1,-0.3945,-0.0833,-0.4779,HOLDING
2015-08-14,16,KIM,VTR,15.1612,49.3202,0.914,0.0539,-1,-0.2056,-0.0833,-0.2889,HOLDING
2015-08-17,16,KIM,VTR,15.2508,49.414,0.914,0.5446,-1,-0.3988,-0.0833,-0.4822,HOLDING
2015-08-18,16,KIM,VTR,15.3164,37.765,0.914,4.1991,-1,-10.6232,-0.0833,-10.7065,HOLDING
2015-08-19,16,KIM,VTR,15.1612,37.9228,0.914,2.8219,-1,-10.0125,-0.0833,-10.0959,HOLDING
2015-08-20,16,KIM,VTR,15.0299,38.2386,0.914,2.1404,-1,-9.339,-0.0833,-9.4224,HOLDING
2015-08-21,16,KIM,VTR,14.6539,37.6387,0.914,1.7395,-1,-8.7047,-0.0833,-8.788,HOLDING
2015-08-24,16,KIM,VTR,13.9077,35.9146,0.914,1.4535,-1,-7.9053,-0.0833,-7.9886,HOLDING
2015-08-25,16,KIM,VTR,13.4899,34.7084,0.914,1.3049,-1,-7.6648,-0.0833,-7.7481,HOLDING
2015-08-26,16,KIM,VTR,14.057,35.4283,0.914,1.3487,-1,-8.7803,-0.0833,-8.8636,HOLDING
2015-08-27,16,KIM,VTR,14.2122,36.0093,0.914,1.1816,-1,-8.7552,-0.0833,-8.8386,HOLDING
2015-08-28,16,KIM,VTR,14.0749,35.8009,0.914,1.033,-1,-8.5145,-0.0833,-8.5978,HOLDING
2015-08-31,16,KIM,VTR,13.7585,34.7463,0.914,0.9705,-1,-8.454,-0.0833,-8.5373,HOLDING
2015-09-01,16,KIM,VTR,13.4541,34.2727,0.914,0.8001,-1,-7.9302,-0.0833,-8.0135,HOLDING
2015-09-02,16,KIM,VTR,13.5854,34.3863,0.914,0.7739,-1,-8.2341,-0.0833,-8.3175,HOLDING
2015-09-03,16,KIM,VTR,13.6272,34.3863,0.914,0.7201,-1,-8.362,-0.0833,-8.4453,HOLDING
2015-09-04,16,KIM,VTR,13.2989,33.5338,0.914,0.6302,-1,-8.0911,-0.0833,-8.1744,HOLDING
2015-09-08,16,KIM,VTR,13.5138,33.8559,0.914,0.6231,-1,-8.4714,-0.0833,-8.5548,HOLDING
2015-09-09,16,KIM,VTR,13.287,33.3759,0.914,0.5094,-1,-8.1904,-0.0833,-8.2738,HOLDING
2015-09-10,16,KIM,VTR,13.4063,33.3317,0.914,0.5497,-1,-8.5937,-0.0833,-8.6771,HOLDING
2015-09-11,16,KIM,VTR,13.7287,33.7223,0.914,0.6567,-1,-9.2438,-0.0833,-9.3271,HOLDING
2015-09-14,16,KIM,VTR,13.7048,33.8952,0.914,0.5319,-1,-9.022,-0.0833,-9.1053,HOLDING
2015-09-15,16,KIM,VTR,13.8898,34.4652,0.914,1.0084,-1,-9.0977,-0.0833,-9.1811,HOLDING
2015-09-16,16,KIM,VTR,14.0808,34.9519,0.914,1.2259,-1,-9.2633,-0.0833,-9.3467,HOLDING
2015-09-17,16,KIM,VTR,14.2301,35.509,0.914,0.9362,-1,-9.2405,-0.0833,-9.3239,HOLDING
2015-09-18,16,KIM,VTR,14.4032,35.9572,0.914,0.9104,-1,-9.3845,-0.0833,-9.4678,HOLDING
2015-09-21,16,KIM,VTR,14.4987,36.3543,0.914,0.5633,-1,-9.335,-0.0833,-9.4184,HOLDING
2015-09-22,16,KIM,VTR,14.3614,36.2582,0.914,-0.1304,-1,-8.9976,-0.0833,-9.081,HOLDING
2015-09-23,16,KIM,VTR,14.4629,36.4183,0.914,0.0345,-1,-9.1704,-0.0833,-9.2537,HOLDING
2015-09-24,16,KIM,VTR,14.2838,36.2262,0.914,-0.7583,-1,-8.7878,-0.0833,-8.8711,HOLDING
2015-09-25,16,KIM,VTR,14.3972,36.4503,0.914,-0.5284,-1,-8.9419,-0.0833,-9.0252,HOLDING
2015-09-28,16,KIM,VTR,14.1346,35.4641,0.914,0.1242,-1,-8.9869,-0.0833,-9.0702,HOLDING
2015-09-29,16,KIM,VTR,14.3733,35.7843,0.914,0.9783,-1,-9.4419,-0.0833,-9.5252,HOLDING
2015-09-30,16,KIM,VTR,14.5822,35.8996,0.914,2.0298,-1,-9.9819,-0.0833,-10.0653,HOLDING
2015-10-01,16,KIM,VTR,14.7631,35.7075,0.914,2.8708,-1,-10.7006,-0.0833,-10.7839,HOLDING
2015-10-02,16,KIM,VTR,15.0042,35.8996,0.914,2.8,-1,-11.273,-0.0833,-11.3564,HOLDING
2015-10-05,16,KIM,VTR,15.2273,36.7065,0.914,2.0441,-1,-11.2612,-0.0833,-11.3445,HOLDING
2015-10-06,16,KIM,VTR,15.0765,36.54,0.914,1.4914,-1,-10.9433,-0.0833,-11.0267,HOLDING
2015-10-07,16,KIM,VTR,15.2936,36.8666,0.914,1.6248,-1,-11.3263,-0.0833,-11.4097,HOLDING
2015-10-08,16,KIM,VTR,15.4985,37.0395,0.914,1.8159,-1,-11.8046,-0.0833,-11.888,HOLDING
2015-10-09,16,KIM,VTR,15.3418,36.9178,0.914,1.3148,-1,-11.4298,-0.0833,-11.5131,HOLDING
2015-10-12,16,KIM,VTR,15.5889,36.8538,0.914,1.8393,-1,-12.2411,-0.0833,-12.3244,HOLDING
2015-10-13,16,KIM,VTR,15.6311,36.4952,0.914,1.9666,0,-12.6788,-12.8413,-12.8413,STOP_LOSS_TRIGGERED
2015-10-14,16,KIM,VTR,15.2273,35.8164,0.914,1.432,0,0.0,-12.8413,-12.8413,STOPPED
2015-10-15,16,KIM,VTR,15.3237,35.8548,0.914,1.443,0,0.0,-12.8413,-12.8413,STOPPED
2015-10-16,16,KIM,VTR,15.5769,36.4823,0.914,1.3069,0,0.0,-12.8413,-12.8413,STOPPED
2015-10-19,16,KIM,VTR,15.7818,37.1611,0.914,1.0651,0,0.0,-12.8413,-12.8413,STOPPED
2015-10-20,16,KIM,VTR,15.7216,36.969,0.914,0.9996,0,0.0,-12.8413,-12.8413,STOPPED
2015-10-21,16,KIM,VTR,15.6191,37.3212,0.914,0.3916,0,0.0,-12.8413,-12.8413,STOPPED
2015-10-22,16,KIM,VTR,15.9084,37.3853,0.914,0.9501,0,0.0,-12.8413,-12.8413,STOPPED
2015-10-23,16,KIM,VTR,15.8662,35.304,0.914,2.533,0,0.0,-12.8413,-12.8413,STOPPED
2015-10-26,16,KIM,VTR,15.9868,35.272,0.914,2.4292,0,0.0,-12.8413,-12.8413,STOPPED
2015-10-27,16,KIM,VTR,16.1857,35.3168,0.914,2.374,0,0.0,-12.8413,-12.8413,STOPPED
2015-10-28,16,KIM,VTR,16.3364,35.1696,0.914,2.3126,0,0.0,-12.8413,-12.8413,STOPPED
2015-10-29,16,KIM,VTR,16.3425,35.144,0.914,1.9814,0,0.0,-12.8413,-12.8413,STOPPED
2015-10-30,16,KIM,VTR,16.1375,34.4011,0.914,1.8474,0,0.0,-12.8413,-12.8413,STOPPED
2015-11-02,16,KIM,VTR,16.463,34.8942,0.914,1.7483,0,0.0,-12.8413,-12.8413,STOPPED
2015-11-03,16,KIM,VTR,16.3786,34.3307,0.914,1.7248,0,0.0,-12.8413,-12.8413,STOPPED
2015-11-04,16,KIM,VTR,16.2159,34.2218,0.914,1.4078,0,0.0,-12.8413,-12.8413,STOPPED
2015-11-05,16,KIM,VTR,16.24,34.7021,0.914,1.0585,0,0.0,-12.8413,-12.8413,STOPPED
2015-11-06,16,KIM,VTR,15.7638,32.544,0.914,1.5001,0,0.0,-12.8413,-12.8413,STOPPED
2015-11-09,16,KIM,VTR,15.384,31.8716,0.914,1.2516,0,0.0,-12.8413,-12.8413,STOPPED
2015-11-10,16,KIM,VTR,15.5709,32.115,0.914,1.2214,0,0.0,-12.8413,-12.8413,STOPPED
2015-11-11,16,KIM,VTR,15.7457,31.9421,0.914,1.394,0,0.0,-12.8413,-12.8413,STOPPED
2015-11-12,16,KIM,VTR,15.6131,32.0125,0.914,1.0753,0,0.0,-12.8413,-12.8413,STOPPED
2015-11-13,16,KIM,VTR,15.3659,31.814,0.914,0.7829,0,0.0,-12.8413,-12.8413,STOPPED
2015-11-16,16,KIM,VTR,15.5467,32.3519,0.914,0.6312,0,0.0,-12.8413,-12.8413,STOPPED
2015-11-17,16,KIM,VTR,15.607,32.0573,0.914,0.846,0,0.0,-12.8413,-12.8413,STOPPED
2015-11-18,16,KIM,VTR,15.824,32.7233,0.914,0.6952,0,0.0,-12.8413,-12.8413,STOPPED
2015-11-19,16,KIM,VTR,15.8723,33.0371,0.914,0.4759,0,0.0,-12.8413,-12.8413,STOPPED
2015-11-20,16,KIM,VTR,15.9808,33.7735,0.914,-0.2623,0,0.0,-12.8413,-12.8413,STOPPED
2015-11-23,16,KIM,VTR,15.7879,34.1706,0.914,-1.6466,0,0.0,-12.8413,-12.8413,STOPPED
2015-11-24,16,KIM,VTR,15.7216,33.8056,0.914,-1.436,0,0.0,-12.8413,-12.8413,STOPPED
2015-11-25,16,KIM,VTR,15.7336,33.94,0.914,-1.5585,0,0.0,-12.8413,-12.8413,STOPPED
2015-11-27,16,KIM,VTR,15.9024,34.3691,0.914,-1.5404,0,0.0,-12.8413,-12.8413,STOPPED
2015-11-30,16,KIM,VTR,15.7276,34.1578,0.914,-1.6774,0,0.0,-12.8413,-12.8413,STOPPED
2015-12-01,16,KIM,VTR,16.0652,34.5548,0.914,-1.0308,0,0.0,-12.8413,-12.8413,STOPPED
2015-12-02,16,KIM,VTR,15.6613,33.8888,0.914,-1.2863,0,0.0,-12.8413,-12.8413,STOPPED
2015-12-03,16,KIM,VTR,15.2333,33.3509,0.914,-1.6911,0,0.0,-12.8413,-12.8413,STOPPED
2015-12-04,16,KIM,VTR,15.4322,34.0681,0.914,-1.749,0,0.0,-12.8413,-12.8413,STOPPED
2015-06-09,17,KIM,SPG,13.6179,101.9325,1.0591,0.0,0,0.0,0.0,0.0,HOLD_CASH
2015-06-10,17,KIM,SPG,13.7419,102.966,1.0591,0.0,0,0.0,0.0,0.0,HOLD_CASH
2015-06-11,17,KIM,SPG,13.8187,103.4914,1.0591,0.0,0,0.0,0.0,0.0,HOLD_CASH
2015-06-12,17,KIM,SPG,13.7419,103.2696,1.0591,0.0,0,0.0,0.0,0.0,HOLD_CASH
2015-06-15,17,KIM,SPG,13.736,102.6448,1.0591,0.0,0,0.0,0.0,0.0,HOLD_CASH
2015-06-16,17,KIM,SPG,13.8423,103.4973,1.0591,0.0,0,0.0,0.0,0.0,HOLD_CASH
2015-06-17,17,KIM,SPG,13.9486,104.846,1.0591,0.0,0,0.0,0.0,0.0,HOLD_CASH
2015-06-18,17,KIM,SPG,14.1848,106.2006,1.0591,0.0,0,0.0,0.0,0.0,HOLD_CASH
2015-06-19,17,KIM,SPG,14.0313,104.7935,1.0591,0.0,0,0.0,0.0,0.0,HOLD_CASH
2015-06-22,17,KIM,SPG,13.8778,103.071,1.0591,0.0,0,0.0,0.0,0.0,HOLD_CASH
2015-06-23,17,KIM,SPG,13.7833,102.3179,1.0591,0.0,0,0.0,0.0,0.0,HOLD_CASH
2015-06-24,17,KIM,SPG,13.7301,101.5355,1.0591,0.0,0,0.0,0.0,0.0,HOLD_CASH
2015-06-25,17,KIM,SPG,13.6534,100.6363,1.0591,0.0,0,0.0,0.0,0.0,HOLD_CASH
2015-06-26,17,KIM,SPG,13.6593,101.5414,1.0591,0.0,0,0.0,0.0,0.0,HOLD_CASH
2015-06-29,17,KIM,SPG,13.3876,99.8423,1.0591,0.0,0,0.0,0.0,0.0,HOLD_CASH
2015-06-30,17,KIM,SPG,13.3108,101.0217,1.0591,0.0,0,0.0,0.0,0.0,HOLD_CASH
2015-07-01,17,KIM,SPG,13.5675,102.0376,1.0591,0.0,0,0.0,0.0,0.0,HOLD_CASH
2015-07-02,17,KIM,SPG,13.669,102.0142,1.0591,0.0,0,0.0,0.0,0.0,HOLD_CASH
2015-07-06,17,KIM,SPG,13.8361,102.6332,1.0591,0.0,0,0.0,0.0,0.0,HOLD_CASH
2015-07-07,17,KIM,SPG,14.1346,104.3497,1.0591,1.3857,0,0.0,0.0,0.0,HOLD_CASH
2015-07-08,17,KIM,SPG,14.2301,104.1279,1.0591,2.1449,-1,0.0,-0.0833,-0.0833,ENTER_SHORT_A
2015-07-09,17,KIM,SPG,14.1047,103.9994,1.0591,1.1227,-1,0.3036,-0.0833,0.2203,HOLDING
2015-07-10,17,KIM,SPG,14.2539,104.4198,1.0591,1.6147,-1,0.0522,-0.0833,-0.0311,HOLDING
2015-07-13,17,KIM,SPG,14.3494,104.6942,1.0591,1.7707,-1,-0.1064,-0.0833,-0.1897,HOLDING
2015-07-14,17,KIM,SPG,14.3912,105.0913,1.0591,1.4649,-1,-0.0618,-0.0833,-0.1451,HOLDING
2015-07-15,17,KIM,SPG,14.4808,105.9204,1.0591,1.1345,-1,0.0248,-0.0833,-0.0585,HOLDING
2015-07-16,17,KIM,SPG,14.6479,107.0998,1.0591,1.013,-1,0.035,-0.0833,-0.0483,HOLDING
2015-07-17,17,KIM,SPG,14.5942,106.8838,1.0591,0.7791,-1,0.0989,-0.0833,0.0155,HOLDING
2015-07-20,17,KIM,SPG,14.5942,106.8078,1.0591,0.7707,-1,0.0676,-0.0833,-0.0157,HOLDING
2015-07-21,17,KIM,SPG,14.5225,106.1247,1.0591,0.8754,-1,-0.0099,-0.0833,-0.0932,HOLDING
2015-07-22,17,KIM,SPG,14.6539,106.4867,1.0591,1.2704,-1,-0.2343,-0.0833,-0.3176,HOLDING
2015-07-23,17,KIM,SPG,14.4151,105.9029,1.0591,0.2265,-1,0.2044,-0.0833,0.121,HOLDING
2015-07-24,17,KIM,SPG,14.4987,107.8121,1.0591,-0.9554,-1,0.7526,-0.0833,0.6693,HOLDING
2015-07-27,17,KIM,SPG,14.5225,108.4661,1.0591,-1.3095,-1,0.9539,-0.0833,0.8706,HOLDING
2015-07-28,17,KIM,SPG,14.5703,108.8105,1.0591,-1.2491,-1,0.9599,-0.0833,0.8766,HOLDING
2015-07-29,17,KIM,SPG,14.63,108.8748,1.0591,-1.154,-1,0.8166,-0.0833,0.7332,HOLDING
2015-07-30,17,KIM,SPG,14.5942,108.6821,1.0591,-1.3088,-1,0.8391,-0.0833,0.7558,HOLDING
2015-07-31,17,KIM,SPG,14.7494,109.3127,1.0591,-0.8688,-1,0.6573,-0.0833,0.574,HOLDING
2015-08-03,17,KIM,SPG,14.9583,109.9958,1.0591,-0.0941,-1,0.3444,-0.0833,0.261,HOLDING
2015-08-04,17,KIM,SPG,14.8508,110.0892,1.0591,-0.9104,-1,0.6884,-0.0833,0.605,HOLDING
2015-08-05,17,KIM,SPG,14.7135,110.1768,1.0591,-1.7159,-1,1.1149,-0.0833,1.0316,HOLDING
2015-08-06,17,KIM,SPG,14.815,110.8775,1.0591,-1.5047,-1,1.1147,-0.0833,1.0314,HOLDING
2015-08-07,17,KIM,SPG,14.8688,111.9226,1.0591,-1.7928,-1,1.3921,-0.0833,1.3088,HOLDING
2015-08-10,17,KIM,SPG,14.7255,110.4454,1.0591,-1.2806,-1,1.1915,-0.0833,1.1081,HOLDING
2015-08-11,17,KIM,SPG,14.8628,111.8408,1.0591,-1.4507,-1,1.3754,-0.0833,1.2921,HOLDING
2015-08-12,17,KIM,SPG,15.018,112.1153,1.0591,-0.7234,-1,1.047,-0.0833,0.9637,HOLDING
2015-08-13,17,KIM,SPG,15.1135,112.2801,1.0591,-0.2482,-1,0.8433,-0.0833,0.76,HOLDING
2015-08-14,17,KIM,SPG,15.1612,112.8275,1.0591,-0.3558,-1,0.9328,-0.0833,0.8495,HOLDING
2015-08-17,17,KIM,SPG,15.2508,113.9224,1.0591,-0.6819,-1,1.1288,-0.0833,1.0455,HOLDING
2015-08-18,17,KIM,SPG,15.3164,114.6522,1.0591,-0.8563,-1,1.2425,-0.0833,1.1592,HOLDING
2015-08-19,17,KIM,SPG,15.1612,113.7163,1.0591,-1.0624,-1,1.2987,-0.0833,1.2153,HOLDING
2015-08-20,17,KIM,SPG,15.0299,113.1395,1.0591,-1.4939,-1,1.4347,-0.0833,1.3514,HOLDING
2015-08-21,17,KIM,SPG,14.6539,111.821,1.0591,-2.6317,-1,1.9614,-0.0833,1.8781,HOLDING
2015-08-24,17,KIM,SPG,13.9077,107.1708,1.0591,-2.6324,-1,2.1693,-0.0833,2.0859,HOLDING
2015-08-25,17,KIM,SPG,13.4899,104.2395,1.0591,-2.216,-1,2.1509,-0.0833,2.0676,HOLDING
2015-08-26,17,KIM,SPG,14.057,107.112,1.0591,-1.0638,-1,1.7206,-0.0833,1.6373,HOLDING
2015-08-27,17,KIM,SPG,14.2122,109.3252,1.0591,-1.6867,-1,2.1903,-0.0833,2.107,HOLDING
2015-08-28,17,KIM,SPG,14.0749,108.4952,1.0591,-1.6025,-1,2.2391,-0.0833,2.1558,HOLDING
2015-08-31,17,KIM,SPG,13.7585,105.5521,1.0591,-1.0532,-1,1.9274,-0.0833,1.844,HOLDING
2015-09-01,17,KIM,SPG,13.4541,103.0151,1.0591,-0.7054,-1,1.7488,-0.0833,1.6655,HOLDING
2015-09-02,17,KIM,SPG,13.5854,104.263,1.0591,-0.8681,-1,1.889,-0.0833,1.8057,HOLDING
2015-09-03,17,KIM,SPG,13.6272,104.728,1.0591,-0.9092,-1,1.9616,-0.0833,1.8783,HOLDING
2015-09-04,17,KIM,SPG,13.2989,102.9622,1.0591,-1.2895,-1,2.1684,-0.0833,2.0851,HOLDING
2015-09-08,17,KIM,SPG,13.5138,104.5044,1.0591,-1.142,-1,2.1921,-0.0833,2.1088,HOLDING
2015-09-09,17,KIM,SPG,13.287,102.7738,1.0591,-0.9797,-1,2.1248,-0.0833,2.0415,HOLDING
2015-09-10,17,KIM,SPG,13.4063,103.0445,1.0591,-0.4275,-1,1.8967,-0.0833,1.8134,HOLDING
2015-09-11,17,KIM,SPG,13.7287,105.4462,1.0591,-0.4018,-1,1.9686,-0.0833,1.8853,HOLDING
2015-09-14,17,KIM,SPG,13.7048,105.3284,1.0591,-0.3727,-1,1.9881,-0.0833,1.9047,HOLDING
2015-09-15,17,KIM,SPG,13.8898,106.5881,1.0591,-0.1906,-1,1.9803,-0.0833,1.897,HOLDING
2015-09-16,17,KIM,SPG,14.0808,107.9655,1.0591,-0.0697,-1,2.0041,-0.0833,1.9207,HOLDING
2015-09-17,17,KIM,SPG,14.2301,108.8248,1.0591,0.468,-1,1.9334,-0.0833,1.8501,HOLDING
2015-09-18,17,KIM,SPG,14.4032,108.3069,1.0591,3.2685,-1,1.2279,-0.0833,1.1446,HOLDING
2015-09-21,17,KIM,SPG,14.4987,109.3605,1.0591,2.196,-1,1.39,-0.0833,1.3067,HOLDING
2015-09-22,17,KIM,SPG,14.3614,107.8595,1.0591,2.335,-1,1.1626,-0.0833,1.0792,HOLDING
2015-09-23,17,KIM,SPG,14.4629,108.0126,1.0591,2.3868,-1,0.937,-0.0833,0.8537,HOLDING
2015-09-24,17,KIM,SPG,14.2838,106.6764,1.0591,2.0661,-1,0.8963,-0.0833,0.8129,HOLDING
2015-09-25,17,KIM,SPG,14.3972,107.5947,1.0591,1.6989,-1,0.9517,-0.0833,0.8684,HOLDING
2015-09-28,17,KIM,SPG,14.1346,106.0466,1.0591,1.2905,-1,1.0614,-0.0833,0.9781,HOLDING
2015-09-29,17,KIM,SPG,14.3733,107.3827,1.0591,1.4029,-1,0.9324,-0.0833,0.849,HOLDING
2015-09-30,17,KIM,SPG,14.5822,108.142,1.0591,1.692,-1,0.6508,-0.0833,0.5674,HOLDING
2015-10-01,17,KIM,SPG,14.7631,109.4252,1.0591,1.4825,-1,0.6646,-0.0833,0.5813,HOLDING
2015-10-02,17,KIM,SPG,15.0042,110.3553,1.0591,1.717,-1,0.3617,-0.0833,0.2784,HOLDING
2015-10-05,17,KIM,SPG,15.2273,112.904,1.0591,1.0109,-1,0.7765,-0.0833,0.6932,HOLDING
2015-10-06,17,KIM,SPG,15.0765,112.8569,1.0591,0.3124,-1,1.1857,-0.0833,1.1024,HOLDING
2015-10-07,17,KIM,SPG,15.2936,114.3226,1.0591,0.2785,-1,1.1718,-0.0833,1.0885,HOLDING
2015-10-08,17,KIM,SPG,15.4985,114.7523,1.0591,0.8896,-1,0.7658,-0.0833,0.6825,HOLDING
2015-10-09,17,KIM,SPG,15.3418,114.8288,1.0591,-0.0341,-1,1.2431,-0.0833,1.1597,HOLDING
2015-10-12,17,KIM,SPG,15.5889,115.7471,1.0591,0.5192,-1,0.9181,-0.0833,0.8348,HOLDING
2015-10-13,17,KIM,SPG,15.6311,114.7582,1.0591,1.5074,-1,0.3911,-0.0833,0.3077,HOLDING
2015-10-14,17,KIM,SPG,15.2273,114.252,1.0591,-0.798,-1,1.3314,-0.0833,1.248,HOLDING
2015-10-15,17,KIM,SPG,15.3237,116.3063,1.0591,-2.3995,-1,1.9027,-0.0833,1.8193,HOLDING
2015-10-16,17,KIM,SPG,15.5769,116.9007,1.0591,-1.0287,-1,1.4273,-0.0833,1.344,HOLDING
2015-10-19,17,KIM,SPG,15.7818,119.2494,1.0591,-1.8289,-1,1.8112,-0.0833,1.7279,HOLDING
2015-10-20,17,KIM,SPG,15.7216,118.9845,1.0591,-1.758,-1,1.8736,-0.0833,1.7903,HOLDING
2015-10-21,17,KIM,SPG,15.6191,119.632,1.0591,-2.3782,-1,2.4316,-0.0833,2.3483,HOLDING
2015-10-22,17,KIM,SPG,15.9084,120.5679,1.0591,-1.3493,-1,1.9939,-0.0833,1.9106,HOLDING
2015-10-23,17,KIM,SPG,15.8662,119.5143,1.0591,-0.7406,-1,1.6802,-0.0833,1.5969,HOLDING
2015-10-26,17,KIM,SPG,15.9868,119.7085,1.0591,-0.2474,-1,1.4173,-0.0833,1.3339,HOLDING
2015-10-27,17,KIM,SPG,16.1857,121.3685,1.0591,-0.3829,-1,1.5348,-0.0833,1.4515,HOLDING
2015-10-28,17,KIM,SPG,16.3364,121.0859,1.0591,0.6022,-1,0.9899,-0.0833,0.9066,HOLDING
2015-10-29,17,KIM,SPG,16.3425,120.3089,1.0591,1.183,-1,0.6529,-0.0833,0.5696,HOLDING
2015-10-30,17,KIM,SPG,16.1375,118.5843,1.0591,1.4486,-1,0.5259,-0.0833,0.4425,HOLDING
2015-11-02,17,KIM,SPG,16.463,121.1212,1.0591,1.2072,-1,0.6444,-0.0833,0.5611,HOLDING
2015-11-03,17,KIM,SPG,16.3786,120.0205,1.0591,1.4217,-1,0.4313,-0.0833,0.348,HOLDING
2015-11-04,17,KIM,SPG,16.2159,119.9263,1.0591,0.6707,-1,0.8555,-0.0833,0.7721,HOLDING
2015-11-05,17,KIM,SPG,16.24,119.4907,1.0591,1.0508,-1,0.6076,-0.0833,0.5242,HOLDING
2015-11-06,17,KIM,SPG,15.7638,114.7228,1.0591,1.7771,-1,-0.0007,-0.0833,-0.084,HOLDING
2015-11-09,17,KIM,SPG,15.384,112.7275,1.0591,1.271,-1,0.2581,-0.0833,0.1747,HOLDING
2015-11-10,17,KIM,SPG,15.5709,114.4639,1.0591,1.0078,-1,0.4414,-0.0833,0.3581,HOLDING
2015-11-11,17,KIM,SPG,15.7457,113.9341,1.0591,1.7776,-1,-0.2739,-0.0833,-0.3572,HOLDING
2015-11-12,17,KIM,SPG,15.6131,113.4118,1.0591,1.3994,-1,-0.1117,-0.0833,-0.195,HOLDING
2015-11-13,17,KIM,SPG,15.3659,110.5985,1.0591,1.7483,-1,-0.5668,-0.0833,-0.6502,HOLDING
2015-11-16,17,KIM,SPG,15.5467,111.3701,1.0591,1.7338,-1,-0.7636,-0.0833,-0.8469,HOLDING
2015-11-17,17,KIM,SPG,15.607,110.8893,1.0591,1.8825,-1,-1.1329,-0.0833,-1.2163,HOLDING
2015-11-18,17,KIM,SPG,15.824,112.9132,1.0591,1.5243,-1,-0.917,-0.0833,-1.0003,HOLDING
2015-11-19,17,KIM,SPG,15.8723,113.3881,1.0591,1.3485,-1,-0.8587,-0.0833,-0.942,HOLDING
2015-11-20,17,KIM,SPG,15.9808,114.0943,1.0591,1.2576,-1,-0.8766,-0.0833,-0.9599,HOLDING
2015-11-23,17,KIM,SPG,15.7879,113.4177,1.0591,0.8485,-1,-0.6064,-0.0833,-0.6898,HOLDING
2015-11-24,17,KIM,SPG,15.7216,111.1326,1.0591,1.7285,-1,-1.3585,-0.0833,-1.4418,HOLDING
2015-11-25,17,KIM,SPG,15.7336,111.8746,1.0591,1.2299,-1,-1.0874,-0.0833,-1.1707,HOLDING
2015-11-27,17,KIM,SPG,15.9024,112.7708,1.0591,1.2352,-1,-1.1985,-0.0833,-1.2818,HOLDING
2015-11-30,17,KIM,SPG,15.7276,110.5391,1.0591,1.6374,-1,-1.62,-0.0833,-1.7033,HOLDING
2015-12-01,17,KIM,SPG,16.0652,111.9755,1.0591,1.8251,-1,-1.9888,-0.0833,-2.0721,HOLDING
2015-12-02,17,KIM,SPG,15.6613,108.6279,1.0591,1.8982,-1,-2.2181,-0.0833,-2.3014,HOLDING
2015-12-03,17,KIM,SPG,15.2333,107.8385,1.0591,0.7723,-1,-1.3258,-0.0833,-1.4091,HOLDING
2015-12-04,17,KIM,SPG,15.4322,111.2039,1.0591,-0.4599,-1,0.0,-0.6792,-0.6792,PERIOD_END_EXIT
2015-06-09,18,MMM,TRV,92.7021,77.3639,1.0746,0.0,0,0.0,0.0,0.0,HOLD_CASH
2015-06-10,18,MMM,TRV,93.9186,78.4555,1.0746,0.0,0,0.0,0.0,0.0,HOLD_CASH
2015-06-11,18,MMM,TRV,94.4029,79.207,1.0746,0.0,0,0.0,0.0,0.0,HOLD_CASH
2015-06-12,18,MMM,TRV,93.3281,78.6849,1.0746,0.0,0,0.0,0.0,0.0,HOLD_CASH
2015-06-15,18,MMM,TRV,92.0466,78.1471,1.0746,0.0,0,0.0,0.0,0.0,HOLD_CASH
2015-06-16,18,MMM,TRV,92.4128,78.7008,1.0746,0.0,0,0.0,0.0,0.0,HOLD_CASH
2015-06-17,18,MMM,TRV,92.6844,78.9302,1.0746,0.0,0,0.0,0.0,0.0,HOLD_CASH
2015-06-18,18,MMM,TRV,94.2611,80.267,1.0746,0.0,0,0.0,0.0,0.0,HOLD_CASH
2015-06-19,18,MMM,TRV,93.8655,78.6691,1.0746,0.0,0,0.0,0.0,0.0,HOLD_CASH
2015-06-22,18,MMM,TRV,94.2966,79.1359,1.0746,0.0,0,0.0,0.0,0.0,HOLD_CASH
2015-06-23,18,MMM,TRV,94.3911,79.1042,1.0746,0.0,0,0.0,0.0,0.0,HOLD_CASH
2015-06-24,18,MMM,TRV,93.0328,78.1391,1.0746,0.0,0,0.0,0.0,0.0,HOLD_CASH
2015-06-25,18,MMM,TRV,92.0762,77.3718,1.0746,0.0,0,0.0,0.0,0.0,HOLD_CASH
2015-06-26,18,MMM,TRV,92.7671,77.4588,1.0746,0.0,0,0.0,0.0,0.0,HOLD_CASH
2015-06-29,18,MMM,TRV,90.9128,76.0508,1.0746,0.0,0,0.0,0.0,0.0,HOLD_CASH
2015-06-30,18,MMM,TRV,91.1195,76.4621,1.0746,0.0,0,0.0,0.0,0.0,HOLD_CASH
2015-07-01,18,MMM,TRV,91.9167,78.5505,1.0746,0.0,0,0.0,0.0,0.0,HOLD_CASH
2015-07-02,18,MMM,TRV,91.7573,78.4951,1.0746,0.0,0,0.0,0.0,0.0,HOLD_CASH
2015-07-06,18,MMM,TRV,91.5801,78.2657,1.0746,0.0,0,0.0,0.0,0.0,HOLD_CASH
2015-07-07,18,MMM,TRV,91.7868,79.1279,1.0746,-2.0635,1,0.0,-0.0833,-0.0833,ENTER_LONG_A
2015-07-08,18,MMM,TRV,90.1805,78.1233,1.0746,-2.0604,1,-0.1549,-0.0833,-0.2382,HOLDING
2015-07-09,18,MMM,TRV,90.7947,79.1596,1.0746,-2.2207,1,-0.4514,-0.0833,-0.5348,HOLDING
2015-07-10,18,MMM,TRV,91.5033,79.8952,1.0746,-1.9998,1,-0.5426,-0.0833,-0.6259,HOLDING
2015-07-13,18,MMM,TRV,92.401,80.9473,1.0746,-1.9346,1,-0.7237,-0.0833,-0.807,HOLDING
2015-07-14,18,MMM,TRV,92.584,80.9869,1.0746,-1.6138,1,-0.6652,-0.0833,-0.7485,HOLDING
2015-07-15,18,MMM,TRV,92.1234,81.0185,1.0746,-1.6779,1,-0.884,-0.0833,-0.9673,HOLDING
2015-07-16,18,MMM,TRV,92.8143,81.7067,1.0746,-1.554,1,-0.9571,-0.0833,-1.0404,HOLDING
2015-07-17,18,MMM,TRV,92.5309,81.4299,1.0746,-1.3657,1,-0.9301,-0.0833,-1.0134,HOLDING
2015-07-20,18,MMM,TRV,92.7848,81.1688,1.0746,-0.9747,1,-0.6766,-0.0833,-0.7599,HOLDING
2015-07-21,18,MMM,TRV,91.9817,82.6481,1.0746,-1.9475,1,-1.835,-0.0833,-1.9183,HOLDING
2015-07-22,18,MMM,TRV,91.775,83.2967,1.0746,-2.0344,1,-2.2793,-0.0833,-2.3626,HOLDING
2015-07-23,18,MMM,TRV,88.2849,83.2967,1.0746,-2.6822,1,-3.8066,-0.0833,-3.89,HOLDING
2015-07-24,18,MMM,TRV,88.1845,83.273,1.0746,-2.2273,1,-3.8376,-0.0833,-3.9209,HOLDING
2015-07-27,18,MMM,TRV,87.8184,83.5261,1.0746,-2.0724,1,-4.1359,-0.0833,-4.2193,HOLDING
2015-07-28,18,MMM,TRV,89.2357,83.803,1.0746,-1.5702,1,-3.6667,-0.0833,-3.7501,HOLDING
2015-07-29,18,MMM,TRV,89.4365,84.1906,1.0746,-1.4839,1,-3.7903,-0.0833,-3.8736,HOLDING
2015-07-30,18,MMM,TRV,89.5073,84.246,1.0746,-1.3309,1,-3.7895,-0.0833,-3.8728,HOLDING
2015-07-31,18,MMM,TRV,89.3715,83.9454,1.0746,-1.153,1,-3.685,-0.0833,-3.7683,HOLDING
2015-08-03,18,MMM,TRV,88.6511,84.594,1.0746,-1.4157,1,-4.3541,-0.0833,-4.4374,HOLDING
2015-08-04,18,MMM,TRV,88.8164,84.3488,1.0746,-1.1706,1,-4.1479,-0.0833,-4.2313,HOLDING
2015-08-05,18,MMM,TRV,89.1766,83.9138,1.0746,-0.8392,1,-3.753,-0.0833,-3.8363,HOLDING
2015-08-06,18,MMM,TRV,88.1432,83.4233,1.0746,-0.8889,1,-3.9377,-0.0833,-4.021,HOLDING
2015-08-07,18,MMM,TRV,87.9247,83.4391,1.0746,-0.8732,1,-4.0419,-0.0833,-4.1253,HOLDING
2015-08-10,18,MMM,TRV,89.3125,83.7081,1.0746,-0.46,1,-3.5813,-0.0833,-3.6647,HOLDING
2015-08-11,18,MMM,TRV,87.6826,83.7635,1.0746,-0.9386,1,-4.3248,-0.0833,-4.4081,HOLDING
2015-08-12,18,MMM,TRV,87.7062,83.3996,1.0746,-0.7111,1,-4.116,-0.0833,-4.1993,HOLDING
2015-08-13,18,MMM,TRV,87.0448,84.602,1.0746,-1.3839,1,-5.0613,-0.0833,-5.1447,HOLDING
2015-08-14,18,MMM,TRV,87.5645,85.2031,1.0746,-1.3958,1,-5.1619,-0.0833,-5.2452,HOLDING
2015-08-17,18,MMM,TRV,88.1314,85.2031,1.0746,-1.2354,1,-4.9137,-0.0833,-4.9971,HOLDING
2015-08-18,18,MMM,TRV,87.5822,85.2902,1.0746,-1.6494,1,-5.2016,-0.0833,-5.2849,HOLDING
2015-08-19,18,MMM,TRV,86.7408,84.8155,1.0746,-1.9095,1,-5.3109,-0.0833,-5.3942,HOLDING
2015-08-20,18,MMM,TRV,85.2423,83.6131,1.0746,-1.7686,1,-5.3108,-0.0833,-5.3941,HOLDING
2015-08-21,18,MMM,TRV,84.493,81.422,1.0746,-0.4319,1,-4.4434,-0.0833,-4.5267,HOLDING
2015-08-24,18,MMM,TRV,82.4058,78.1391,1.0746,0.7896,1,-3.5659,-0.0833,-3.6493,HOLDING
2015-08-25,18,MMM,TRV,81.8469,77.3243,1.0746,1.0774,1,-3.3661,-0.0833,-3.4494,HOLDING
2015-08-26,18,MMM,TRV,84.8677,79.1042,1.0746,1.6834,1,-3.0151,-0.0833,-3.0984,HOLDING
2015-08-27,18,MMM,TRV,85.5693,80.2117,1.0746,1.2222,1,-3.3121,-0.0833,-3.3955,HOLDING
2015-08-28,18,MMM,TRV,85.7537,79.4443,1.0746,1.7742,1,-2.8129,-0.0833,-2.8962,HOLDING
2015-08-31,18,MMM,TRV,84.5228,78.7482,1.0746,1.3458,1,-2.9718,-0.0833,-3.0551,HOLDING
2015-09-01,18,MMM,TRV,82.3582,77.1187,1.0746,1.0743,1,-3.0301,-0.0833,-3.1135,HOLDING
2015-09-02,18,MMM,TRV,83.9876,78.2578,1.0746,1.1894,1,-2.9384,-0.0833,-3.0218,HOLDING
2015-09-03,18,MMM,TRV,84.2849,78.6058,1.0746,1.0498,1,-2.9982,-0.0833,-3.0815,HOLDING
2015-09-04,18,MMM,TRV,83.1551,77.3323,1.0746,1.1376,1,-2.7979,-0.0833,-2.8813,HOLDING
2015-09-08,18,MMM,TRV,85.2898,79.3223,1.0746,1.0001,1,-2.9493,-0.0833,-3.0326,HOLDING
2015-09-09,18,MMM,TRV,83.7616,78.391,1.0746,0.6955,1,-3.11,-0.0833,-3.1933,HOLDING
2015-09-10,18,MMM,TRV,83.7141,78.8765,1.0746,0.3463,1,-3.3957,-0.0833,-3.479,HOLDING
2015-09-11,18,MMM,TRV,83.9995,79.1949,1.0746,0.2375,1,-3.4445,-0.0833,-3.5278,HOLDING
2015-09-14,18,MMM,TRV,83.7319,79.0278,1.0746,0.119,1,-3.4704,-0.0833,-3.5537,HOLDING
2015-09-15,18,MMM,TRV,85.391,80.2855,1.0746,0.1791,1,-3.4304,-0.0833,-3.5138,HOLDING
2015-09-16,18,MMM,TRV,85.7477,81.1213,1.0746,-0.2961,1,-3.7303,-0.0833,-3.8136,HOLDING
2015-09-17,18,MMM,TRV,85.0044,80.9223,1.0746,-0.8678,1,-3.947,-0.0833,-4.0303,HOLDING
2015-09-18,18,MMM,TRV,83.0243,79.3303,1.0746,-1.5188,1,-3.9451,-0.0833,-4.0284,HOLDING
2015-09-21,18,MMM,TRV,83.274,80.0148,1.0746,-2.2202,1,-4.2092,-0.0833,-4.2926,HOLDING
2015-09-22,18,MMM,TRV,82.0728,78.789,1.0746,-1.802,1,-4.0662,-0.0833,-4.1495,HOLDING
2015-09-23,18,MMM,TRV,81.8588,78.8686,1.0746,-1.84,1,-4.2033,-0.0833,-4.2866,HOLDING
2015-09-24,18,MMM,TRV,81.8112,78.6934,1.0746,-1.496,1,-4.1286,-0.0833,-4.2119,HOLDING
2015-09-25,18,MMM,TRV,82.9886,79.5293,1.0746,-1.1482,1,-4.0693,-0.0833,-4.1526,HOLDING
2015-09-28,18,MMM,TRV,82.2869,78.8686,1.0746,-1.0146,1,-4.0159,-0.0833,-4.0993,HOLDING
2015-09-29,18,MMM,TRV,84.1719,79.179,1.0746,0.4435,1,-3.3603,-0.0833,-3.4437,HOLDING
2015-09-30,18,MMM,TRV,84.3027,79.2268,1.0746,0.5467,1,-3.3291,-0.0833,-3.4125,HOLDING
2015-10-01,18,MMM,TRV,83.7259,78.2795,1.0746,1.065,1,-3.0648,-0.0833,-3.1482,HOLDING
2015-10-02,18,MMM,TRV,85.1531,79.6248,1.0746,0.9815,1,-3.1741,-0.0833,-3.2575,HOLDING
2015-10-05,18,MMM,TRV,87.0084,81.0815,1.0746,1.219,1,-3.1568,-0.0833,-3.2402,HOLDING
2015-10-06,18,MMM,TRV,86.6932,80.4526,1.0746,1.6092,1,-2.9517,-0.0833,-3.035,HOLDING
2015-10-07,18,MMM,TRV,87.7338,81.3282,1.0746,1.5442,1,-2.974,-0.0833,-3.0573,HOLDING
2015-10-08,18,MMM,TRV,88.8875,82.0605,1.0746,1.6275,1,-2.8686,-0.0833,-2.9519,HOLDING
2015-10-09,18,MMM,TRV,89.1372,81.9412,1.0746,1.7165,1,-2.6942,-0.0833,-2.7775,HOLDING
2015-10-12,18,MMM,TRV,89.2323,82.5621,1.0746,1.1254,1,-2.9912,-0.0833,-3.0746,HOLDING
2015-10-13,18,MMM,TRV,88.6674,82.2357,1.0746,0.9229,1,-3.0604,-0.0833,-3.1437,HOLDING
2015-10-14,18,MMM,TRV,88.1976,81.8059,1.0746,0.8649,1,-3.0315,-0.0833,-3.1149,HOLDING
2015-10-15,18,MMM,TRV,88.715,83.5491,1.0746,-0.2509,1,-3.7561,-0.0833,-3.8394,HOLDING
2015-10-16,18,MMM,TRV,88.4236,84.2973,1.0746,-1.078,1,-4.2918,-0.0833,-4.3751,HOLDING
2015-10-19,18,MMM,TRV,88.0074,84.6317,1.0746,-1.6044,1,-4.6563,-0.0833,-4.7396,HOLDING
2015-10-20,18,MMM,TRV,88.6674,86.7252,1.0746,-2.3495,1,-5.5095,-0.0833,-5.5928,HOLDING
2015-10-21,18,MMM,TRV,89.0896,88.1182,1.0746,-2.4746,1,-6.0846,-0.0833,-6.1679,HOLDING
2015-10-22,18,MMM,TRV,92.7646,89.4077,1.0746,-1.2628,1,-5.1798,-0.0833,-5.2631,HOLDING
2015-10-23,18,MMM,TRV,92.6396,89.3759,1.0746,-1.2299,1,-5.2171,-0.0833,-5.3004,HOLDING
2015-10-26,18,MMM,TRV,93.0856,89.7659,1.0746,-1.1547,1,-5.2347,-0.0833,-5.318,HOLDING
2015-10-27,18,MMM,TRV,93.1986,90.2754,1.0746,-1.2263,1,-5.4632,-0.0833,-5.5465,HOLDING
2015-10-28,18,MMM,TRV,94.0014,90.952,1.0746,-1.091,1,-5.4809,-0.0833,-5.5643,HOLDING
2015-10-29,18,MMM,TRV,93.7219,90.9758,1.0746,-1.1,1,-5.6163,-0.0833,-5.6996,HOLDING
2015-10-30,18,MMM,TRV,93.484,89.8614,1.0746,-0.6197,1,-5.1124,-0.0833,-5.1958,HOLDING
2015-11-02,18,MMM,TRV,95.0956,90.6416,1.0746,-0.2635,1,-4.8328,-0.0833,-4.9161,HOLDING
2015-11-03,18,MMM,TRV,94.3998,90.4983,1.0746,-0.418,1,-5.0591,-0.0833,-5.1424,HOLDING
2015-11-04,18,MMM,TRV,94.495,90.8087,1.0746,-0.4553,1,-5.1868,-0.0833,-5.2701,HOLDING
2015-11-05,18,MMM,TRV,94.5425,90.7211,1.0746,-0.3133,1,-5.1182,-0.0833,-5.2015,HOLDING
2015-11-06,18,MMM,TRV,94.7031,90.0286,1.0746,0.2619,1,-4.6702,-0.0833,-4.7535,HOLDING
2015-11-09,18,MMM,TRV,93.6387,89.8137,1.0746,-0.0893,1,-5.0187,-0.0833,-5.1021,HOLDING
2015-11-10,18,MMM,TRV,93.71,90.7848,1.0746,-0.6635,1,-5.5173,-0.0833,-5.6006,HOLDING
2015-11-11,18,MMM,TRV,94.5782,91.0475,1.0746,-0.1272,1,-5.2806,-0.0833,-5.364,HOLDING
2015-11-12,18,MMM,TRV,92.9429,89.3998,1.0746,0.2307,1,-5.0974,-0.0833,-5.1807,HOLDING
2015-11-13,18,MMM,TRV,92.5564,89.153,1.0746,0.1946,1,-5.132,-0.0833,-5.2153,HOLDING
2015-11-16,18,MMM,TRV,94.0787,89.8614,1.0746,1.1054,1,-4.8522,-0.0833,-4.9355,HOLDING
2015-11-17,18,MMM,TRV,93.377,89.7421,1.0746,0.3137,1,-5.0942,-0.0833,-5.1775,HOLDING
2015-11-18,18,MMM,TRV,94.206,91.2863,1.0746,-1.3772,1,-5.5738,-0.0833,-5.6571,HOLDING
2015-11-19,18,MMM,TRV,94.7986,91.557,1.0746,-0.7909,1,-5.4621,-0.0833,-5.5454,HOLDING
2015-11-20,18,MMM,TRV,95.1398,92.2017,1.0746,-1.3414,1,-5.6645,-0.0833,-5.7478,HOLDING
2015-11-23,18,MMM,TRV,94.9602,92.0425,1.0746,-1.2355,1,-5.6563,-0.0833,-5.7396,HOLDING
2015-11-24,18,MMM,TRV,94.4215,91.8913,1.0746,-1.6917,1,-5.8095,-0.0833,-5.8928,HOLDING
2015-11-25,18,MMM,TRV,94.3497,91.3818,1.0746,-0.9081,1,-5.563,-0.0833,-5.6463,HOLDING
2015-11-27,18,MMM,TRV,94.5651,91.4216,1.0746,-0.6894,1,-5.4904,-0.0833,-5.5738,HOLDING
2015-11-30,18,MMM,TRV,93.7212,91.1987,1.0746,-1.4511,1,-5.7382,-0.0833,-5.8215,HOLDING
2015-12-01,18,MMM,TRV,93.9127,92.0823,1.0746,-2.2126,1,-6.1364,-0.0833,-6.2197,HOLDING
2015-12-02,18,MMM,TRV,93.1944,91.3102,1.0746,-1.7579,1,-6.0295,-0.0833,-6.1128,HOLDING
2015-12-03,18,MMM,TRV,92.4044,88.5878,1.0746,1.0763,1,-4.8902,-0.0833,-4.9735,HOLDING
2015-12-04,18,MMM,TRV,94.7028,90.7928,1.0746,0.8505,1,0.0,-5.2615,-5.2615,PERIOD_END_EXIT
2015-06-09,19,ACGL,MKC,20.2795,31.2774,0.8811,0.0,0,0.0,0.0,0.0,HOLD_CASH
2015-06-10,19,ACGL,MKC,20.5553,31.5145,0.8811,0.0,0,0.0,0.0,0.0,HOLD_CASH
2015-06-11,19,ACGL,MKC,20.8088,31.5267,0.8811,0.0,0,0.0,0.0,0.0,HOLD_CASH
2015-06-12,19,ACGL,MKC,20.8088,31.4573,0.8811,0.0,0,0.0,0.0,0.0,HOLD_CASH
2015-06-15,19,ACGL,MKC,20.7581,31.396,0.8811,0.0,0,0.0,0.0,0.0,HOLD_CASH
2015-06-16,19,ACGL,MKC,21.1131,31.96,0.8811,0.0,0,0.0,0.0,0.0,HOLD_CASH
2015-06-17,19,ACGL,MKC,21.0117,31.9886,0.8811,0.0,0,0.0,0.0,0.0,HOLD_CASH
2015-06-18,19,ACGL,MKC,21.2494,32.3319,0.8811,0.0,0,0.0,0.0,0.0,HOLD_CASH
2015-06-19,19,ACGL,MKC,21.148,32.385,0.8811,0.0,0,0.0,0.0,0.0,HOLD_CASH
2015-06-22,19,ACGL,MKC,21.2874,32.7814,0.8811,0.0,0,0.0,0.0,0.0,HOLD_CASH
2015-06-23,19,ACGL,MKC,21.335,32.8019,0.8811,0.0,0,0.0,0.0,0.0,HOLD_CASH
2015-06-24,19,ACGL,MKC,21.2304,33.276,0.8811,0.0,0,0.0,0.0,0.0,HOLD_CASH
2015-06-25,19,ACGL,MKC,21.2336,33.3291,0.8811,0.0,0,0.0,0.0,0.0,HOLD_CASH
2015-06-26,19,ACGL,MKC,21.3794,33.2923,0.8811,0.0,0,0.0,0.0,0.0,HOLD_CASH
2015-06-29,19,ACGL,MKC,21.0434,32.761,0.8811,0.0,0,0.0,0.0,0.0,HOLD_CASH
2015-06-30,19,ACGL,MKC,21.2241,33.0839,0.8811,0.0,0,0.0,0.0,0.0,HOLD_CASH
2015-07-01,19,ACGL,MKC,21.747,32.5199,0.8811,0.0,0,0.0,0.0,0.0,HOLD_CASH
2015-07-02,19,ACGL,MKC,21.6741,32.6793,0.8811,0.0,0,0.0,0.0,0.0,HOLD_CASH
2015-07-06,19,ACGL,MKC,21.9658,32.4463,0.8811,0.0,0,0.0,0.0,0.0,HOLD_CASH
2015-07-07,19,ACGL,MKC,22.0323,32.9327,0.8811,1.5115,0,0.0,0.0,0.0,HOLD_CASH
2015-07-08,19,ACGL,MKC,21.8707,32.5444,0.8811,1.5053,0,0.0,0.0,0.0,HOLD_CASH
2015-07-09,19,ACGL,MKC,21.7502,32.6101,0.8811,0.9701,0,0.0,0.0,0.0,HOLD_CASH
2015-07-10,19,ACGL,MKC,21.9975,32.8607,0.8811,1.1391,0,0.0,0.0,0.0,HOLD_CASH
2015-07-13,19,ACGL,MKC,21.8453,33.1071,0.8811,0.3625,0,0.0,0.0,0.0,HOLD_CASH
2015-07-14,19,ACGL,MKC,21.8865,33.1564,0.8811,0.3798,0,0.0,0.0,0.0,HOLD_CASH
2015-07-15,19,ACGL,MKC,21.8738,32.873,0.8811,0.7324,0,0.0,0.0,0.0,HOLD_CASH
2015-07-16,19,ACGL,MKC,21.9943,33.1071,0.8811,0.6405,0,0.0,0.0,0.0,HOLD_CASH
2015-07-17,19,ACGL,MKC,21.9658,32.8648,0.8811,0.8553,0,0.0,0.0,0.0,HOLD_CASH
2015-07-20,19,ACGL,MKC,22.064,32.8648,0.8811,0.9944,0,0.0,0.0,0.0,HOLD_CASH
2015-07-21,19,ACGL,MKC,22.1242,32.9346,0.8811,0.9409,0,0.0,0.0,0.0,HOLD_CASH
2015-07-22,19,ACGL,MKC,22.3651,33.0496,0.8811,1.2086,0,0.0,0.0,0.0,HOLD_CASH
2015-07-23,19,ACGL,MKC,22.213,32.9018,0.8811,0.9838,0,0.0,0.0,0.0,HOLD_CASH
2015-07-24,19,ACGL,MKC,22.2732,32.8155,0.8811,1.1984,0,0.0,0.0,0.0,HOLD_CASH
2015-07-27,19,ACGL,MKC,22.2162,32.7868,0.8811,1.0306,0,0.0,0.0,0.0,HOLD_CASH
2015-07-28,19,ACGL,MKC,22.1369,33.3248,0.8811,-0.323,0,0.0,0.0,0.0,HOLD_CASH
2015-07-29,19,ACGL,MKC,22.2764,33.4358,0.8811,-0.3193,0,0.0,0.0,0.0,HOLD_CASH
2015-07-30,19,ACGL,MKC,22.8406,33.6863,0.8811,1.6847,0,0.0,0.0,0.0,HOLD_CASH
2015-07-31,19,ACGL,MKC,22.6187,33.6863,0.8811,0.5111,0,0.0,0.0,0.0,HOLD_CASH
2015-08-03,19,ACGL,MKC,22.8406,33.6986,0.8811,1.5155,0,0.0,0.0,0.0,HOLD_CASH
2015-08-04,19,ACGL,MKC,22.8216,33.9328,0.8811,0.6815,0,0.0,0.0,0.0,HOLD_CASH
2015-08-05,19,ACGL,MKC,22.8881,34.3148,0.8811,-0.0818,0,0.0,0.0,0.0,HOLD_CASH
2015-08-06,19,ACGL,MKC,22.7455,34.2696,0.8811,-0.6539,0,0.0,0.0,0.0,HOLD_CASH
2015-08-07,19,ACGL,MKC,22.8596,34.3312,0.8811,-0.2726,0,0.0,0.0,0.0,HOLD_CASH
2015-08-10,19,ACGL,MKC,23.0625,34.7789,0.8811,-0.6725,0,0.0,0.0,0.0,HOLD_CASH
2015-08-11,19,ACGL,MKC,23.0846,34.7543,0.8811,-0.6119,0,0.0,0.0,0.0,HOLD_CASH
2015-08-12,19,ACGL,MKC,22.923,34.7789,0.8811,-1.5717,0,0.0,0.0,0.0,HOLD_CASH
2015-08-13,19,ACGL,MKC,23.1037,34.7132,0.8811,-0.4007,0,0.0,0.0,0.0,HOLD_CASH
2015-08-14,19,ACGL,MKC,23.278,34.9966,0.8811,-0.3747,0,0.0,0.0,0.0,HOLD_CASH
2015-08-17,19,ACGL,MKC,23.3984,34.9145,0.8811,0.5767,0,0.0,0.0,0.0,HOLD_CASH
2015-08-18,19,ACGL,MKC,23.4206,34.8118,0.8811,0.9773,0,0.0,0.0,0.0,HOLD_CASH
2015-08-19,19,ACGL,MKC,23.2685,34.3024,0.8811,1.6841,0,0.0,0.0,0.0,HOLD_CASH
2015-08-20,19,ACGL,MKC,22.8374,33.6781,0.8811,1.2727,0,0.0,0.0,0.0,HOLD_CASH
2015-08-21,19,ACGL,MKC,22.3493,32.836,0.8811,1.3124,0,0.0,0.0,0.0,HOLD_CASH
2015-08-24,19,ACGL,MKC,21.2938,31.7598,0.8811,-0.8315,0,0.0,0.0,0.0,HOLD_CASH
2015-08-25,19,ACGL,MKC,21.1512,31.2259,0.8811,0.0637,0,0.0,0.0,0.0,HOLD_CASH
2015-08-26,19,ACGL,MKC,21.3096,32.0802,0.8811,-1.7608,0,0.0,0.0,0.0,HOLD_CASH
2015-08-27,19,ACGL,MKC,21.5505,32.4787,0.8811,-1.5326,0,0.0,0.0,0.0,HOLD_CASH
2015-08-28,19,ACGL,MKC,21.6076,32.8278,0.8811,-1.929,0,0.0,0.0,0.0,HOLD_CASH
2015-08-31,19,ACGL,MKC,21.6425,32.5649,0.8811,-0.9663,0,0.0,0.0,0.0,HOLD_CASH
2015-09-01,19,ACGL,MKC,21.4206,31.879,0.8811,-0.0635,0,0.0,0.0,0.0,HOLD_CASH
2015-09-02,19,ACGL,MKC,21.7249,32.5239,0.8811,-0.4026,0,0.0,0.0,0.0,HOLD_CASH
2015-09-03,19,ACGL,MKC,21.8516,32.8935,0.8811,-0.798,0,0.0,0.0,0.0,HOLD_CASH
2015-09-04,19,ACGL,MKC,21.6583,32.3555,0.8811,-0.2148,0,0.0,0.0,0.0,HOLD_CASH
2015-09-08,19,ACGL,MKC,22.0767,33.2263,0.8811,-0.6253,0,0.0,0.0,0.0,HOLD_CASH
2015-09-09,19,ACGL,MKC,21.9626,32.8114,0.8811,-0.0366,0,0.0,0.0,0.0,HOLD_CASH
2015-09-10,19,ACGL,MKC,22.0577,32.8853,0.8811,0.1474,0,0.0,0.0,0.0,HOLD_CASH
2015-09-11,19,ACGL,MKC,22.1052,33.2098,0.8811,-0.4919,0,0.0,0.0,0.0,HOLD_CASH
2015-09-14,19,ACGL,MKC,22.1306,33.3125,0.8811,-0.6104,0,0.0,0.0,0.0,HOLD_CASH
2015-09-15,19,ACGL,MKC,22.2574,33.6083,0.8811,-0.7408,0,0.0,0.0,0.0,HOLD_CASH
2015-09-16,19,ACGL,MKC,22.3176,34.1751,0.8811,-1.7277,0,0.0,0.0,0.0,HOLD_CASH
2015-09-17,19,ACGL,MKC,22.3176,34.1792,0.8811,-1.6278,0,0.0,0.0,0.0,HOLD_CASH
2015-09-18,19,ACGL,MKC,21.7883,33.9451,0.8811,-2.7676,1,0.0,-0.0833,-0.0833,ENTER_LONG_A
2015-09-21,19,ACGL,MKC,22.1433,34.1669,0.8811,-1.7266,1,0.4667,-0.0833,0.3834,HOLDING
2015-09-22,19,ACGL,MKC,22.0577,33.8753,0.8811,-1.2404,1,0.6281,-0.0833,0.5448,HOLDING
2015-09-23,19,ACGL,MKC,22.0989,33.9081,0.8811,-1.0505,1,0.6741,-0.0833,0.5908,HOLDING
2015-09-24,19,ACGL,MKC,22.5838,34.1546,0.8811,0.3599,1,1.3767,-0.0833,1.2934,HOLDING
2015-09-25,19,ACGL,MKC,22.9547,34.2696,0.8811,1.4329,1,1.9985,-0.0833,1.9151,HOLDING
2015-09-28,19,ACGL,MKC,22.9927,33.4768,0.8811,2.5598,1,2.9874,-0.0833,2.9041,HOLDING
2015-09-29,19,ACGL,MKC,23.2178,33.3495,0.8811,2.6094,1,3.5914,-0.0833,3.5081,HOLDING
2015-09-30,19,ACGL,MKC,23.2875,33.7561,0.8811,1.8818,1,3.2656,-0.0833,3.1822,HOLDING
2015-10-01,19,ACGL,MKC,23.2621,32.3185,0.8811,2.7265,1,4.8672,-0.0833,4.7838,HOLDING
2015-10-02,19,ACGL,MKC,23.5633,32.7046,0.8811,2.2602,1,5.0354,-0.0833,4.9521,HOLDING
2015-10-05,19,ACGL,MKC,23.7661,33.5466,0.8811,1.5896,1,4.4796,-0.0833,4.3963,HOLDING
2015-10-06,19,ACGL,MKC,23.614,33.4522,0.8811,1.3161,1,4.2789,-0.0833,4.1956,HOLDING
2015-10-07,19,ACGL,MKC,24.0482,33.6083,0.8811,1.518,1,4.9823,-0.0833,4.899,HOLDING
2015-10-08,19,ACGL,MKC,24.1909,34.1573,0.8811,1.1698,1,4.6411,-0.0833,4.5577,HOLDING
2015-10-09,19,ACGL,MKC,23.9722,34.2687,0.8811,0.7832,1,4.0682,-0.0833,3.9849,HOLDING
2015-10-12,19,ACGL,MKC,24.1338,34.4049,0.8811,0.7862,1,4.2403,-0.0833,4.1569,HOLDING
2015-10-13,19,ACGL,MKC,24.1877,34.0788,0.8811,0.957,1,4.7248,-0.0833,4.6415,HOLDING
2015-10-14,19,ACGL,MKC,23.9658,33.7486,0.8811,0.8511,1,4.6534,-0.0833,4.57,HOLDING
2015-10-15,19,ACGL,MKC,24.3303,33.7693,0.8811,1.1124,1,5.3708,-0.0833,5.2874,HOLDING
2015-10-16,19,ACGL,MKC,24.4825,34.1242,0.8811,0.9651,1,5.2719,-0.0833,5.1886,HOLDING
2015-10-19,19,ACGL,MKC,24.5585,34.1036,0.8811,0.9983,1,5.4503,-0.0833,5.367,HOLDING
2015-10-20,19,ACGL,MKC,24.5997,33.9922,0.8811,1.0857,1,5.6622,-0.0833,5.5789,HOLDING
2015-10-21,19,ACGL,MKC,24.5173,34.2316,0.8811,0.7276,1,5.2194,-0.0833,5.1361,HOLDING
2015-10-22,19,ACGL,MKC,24.6124,35.313,0.8811,-0.4542,1,4.1692,-0.0833,4.0858,HOLDING
2015-10-23,19,ACGL,MKC,24.568,35.1562,0.8811,-0.5924,1,4.2593,-0.0833,4.176,HOLDING
2015-10-26,19,ACGL,MKC,24.5934,35.1768,0.8811,-0.725,1,4.2871,-0.0833,4.2038,HOLDING
2015-10-27,19,ACGL,MKC,24.5585,34.826,0.8811,-0.2484,1,4.6197,-0.0833,4.5364,HOLDING
2015-10-28,19,ACGL,MKC,24.6124,34.7971,0.8811,-0.1523,1,4.7625,-0.0833,4.6792,HOLDING
2015-10-29,19,ACGL,MKC,24.6124,34.9374,0.8811,-0.439,1,4.6011,-0.0833,4.5178,HOLDING
2015-10-30,19,ACGL,MKC,23.7376,34.665,0.8811,-2.5362,1,3.1357,-0.0833,3.0523,HOLDING
2015-11-02,19,ACGL,MKC,23.7725,34.9003,0.8811,-2.3139,1,2.936,-0.0833,2.8527,HOLDING
2015-11-03,19,ACGL,MKC,23.6488,35.0736,0.8811,-2.3543,1,2.4853,-0.0833,2.402,HOLDING
2015-11-04,19,ACGL,MKC,23.5855,35.1066,0.8811,-2.104,1,2.3184,-0.0833,2.2351,HOLDING
2015-11-05,19,ACGL,MKC,23.6235,35.441,0.8811,-2.0266,1,2.0113,-0.0833,1.928,HOLDING
2015-11-06,19,ACGL,MKC,23.6235,34.731,0.8811,-1.1476,1,2.8277,-0.0833,2.7444,HOLDING
2015-11-09,19,ACGL,MKC,23.4872,34.4875,0.8811,-1.0368,1,2.8306,-0.0833,2.7473,HOLDING
2015-11-10,19,ACGL,MKC,23.6013,34.5865,0.8811,-0.8563,1,2.9487,-0.0833,2.8654,HOLDING
2015-11-11,19,ACGL,MKC,23.5474,34.7682,0.8811,-1.0263,1,2.6303,-0.0833,2.547,HOLDING
2015-11-12,19,ACGL,MKC,23.3477,33.9922,0.8811,-0.5041,1,3.1166,-0.0833,3.0333,HOLDING
2015-11-13,19,ACGL,MKC,23.2526,33.7527,0.8811,-0.3452,1,3.1986,-0.0833,3.1153,HOLDING
2015-11-16,19,ACGL,MKC,23.3477,34.3843,0.8811,-0.7956,1,2.6657,-0.0833,2.5824,HOLDING
2015-11-17,19,ACGL,MKC,23.2305,34.1407,0.8811,-0.6767,1,2.7073,-0.0833,2.624,HOLDING
2015-11-18,19,ACGL,MKC,23.4206,34.9581,0.8811,-1.261,1,2.1542,-0.0833,2.0708,HOLDING
2015-11-19,19,ACGL,MKC,23.4777,34.9704,0.8811,-1.0335,1,2.256,-0.0833,2.1726,HOLDING
2015-11-20,19,ACGL,MKC,23.4745,34.7475,0.8811,-0.6491,1,2.5058,-0.0833,2.4225,HOLDING
2015-11-23,19,ACGL,MKC,23.4333,35.1438,0.8811,-1.2094,1,1.9664,-0.0833,1.883,HOLDING
2015-11-24,19,ACGL,MKC,23.3287,35.2016,0.8811,-1.468,1,1.6873,-0.0833,1.6039,HOLDING
2015-11-25,19,ACGL,MKC,23.0276,35.3832,0.8811,-2.3745,1,0.8662,-0.0833,0.7828,HOLDING
2015-11-27,19,ACGL,MKC,23.1132,35.5112,0.8811,-2.2528,1,0.893,-0.0833,0.8097,HOLDING
2015-11-30,19,ACGL,MKC,22.9705,35.4658,0.8811,-2.1539,1,0.6552,-0.0833,0.5719,HOLDING
2015-12-01,19,ACGL,MKC,23.2019,35.796,0.8811,-1.7597,1,0.746,-0.0833,0.6627,HOLDING
2015-12-02,19,ACGL,MKC,23.0846,35.2965,0.8811,-1.2093,1,1.0819,-0.0833,0.9985,HOLDING
2015-12-03,19,ACGL,MKC,22.9262,34.8961,0.8811,-0.949,1,1.22,-0.0833,1.1367,HOLDING
2015-12-04,19,ACGL,MKC,23.3351,35.6887,0.8811,-0.9853,1,0.0,0.9682,0.9682,PERIOD_END_EXIT
2015-06-09,20,FITB,ZION,14.5229,23.9275,0.7564,0.0,0,0.0,0.0,0.0,HOLD_CASH
2015-06-10,20,FITB,ZION,14.7305,24.3405,0.7564,0.0,0,0.0,0.0,0.0,HOLD_CASH
2015-06-11,20,FITB,ZION,14.6406,23.9876,0.7564,0.0,0,0.0,0.0,0.0,HOLD_CASH
2015-06-12,20,FITB,ZION,14.6475,23.9951,0.7564,0.0,0,0.0,0.0,0.0,HOLD_CASH
2015-06-15,20,FITB,ZION,14.6267,24.1227,0.7564,0.0,0,0.0,0.0,0.0,HOLD_CASH
2015-06-16,20,FITB,ZION,14.689,24.2279,0.7564,0.0,0,0.0,0.0,0.0,HOLD_CASH
2015-06-17,20,FITB,ZION,14.5022,23.965,0.7564,0.0,0,0.0,0.0,0.0,HOLD_CASH
2015-06-18,20,FITB,ZION,14.6198,24.0476,0.7564,0.0,0,0.0,0.0,0.0,HOLD_CASH
2015-06-19,20,FITB,ZION,14.5575,23.6796,0.7564,0.0,0,0.0,0.0,0.0,HOLD_CASH
2015-06-22,20,FITB,ZION,14.9657,24.1002,0.7564,0.0,0,0.0,0.0,0.0,HOLD_CASH
2015-06-23,20,FITB,ZION,15.0073,24.3255,0.7564,0.0,0,0.0,0.0,0.0,HOLD_CASH
2015-06-24,20,FITB,ZION,14.8896,24.1678,0.7564,0.0,0,0.0,0.0,0.0,HOLD_CASH
2015-06-25,20,FITB,ZION,14.8135,24.1903,0.7564,0.0,0,0.0,0.0,0.0,HOLD_CASH
2015-06-26,20,FITB,ZION,14.8066,24.4006,0.7564,0.0,0,0.0,0.0,0.0,HOLD_CASH
2015-06-29,20,FITB,ZION,14.4446,23.6721,0.7564,0.0,0,0.0,0.0,0.0,HOLD_CASH
2015-06-30,20,FITB,ZION,14.4933,23.8374,0.7564,0.0,0,0.0,0.0,0.0,HOLD_CASH
2015-07-01,20,FITB,ZION,14.7161,23.9951,0.7564,0.0,0,0.0,0.0,0.0,HOLD_CASH
2015-07-02,20,FITB,ZION,14.5699,23.6571,0.7564,0.0,0,0.0,0.0,0.0,HOLD_CASH
2015-07-06,20,FITB,ZION,14.6186,23.4243,0.7564,0.0,0,0.0,0.0,0.0,HOLD_CASH
2015-07-07,20,FITB,ZION,14.4167,22.9361,0.7564,1.7893,0,0.0,0.0,0.0,HOLD_CASH
2015-07-08,20,FITB,ZION,14.2427,22.3428,0.7564,2.1895,-1,0.0,-0.0833,-0.0833,ENTER_SHORT_A
2015-07-09,20,FITB,ZION,14.3819,22.8385,0.7564,1.3395,-1,0.3324,-0.0833,0.249,HOLDING
2015-07-10,20,FITB,ZION,14.549,23.3041,0.7564,0.8869,-1,0.5237,-0.0833,0.4404,HOLDING
2015-07-13,20,FITB,ZION,14.6813,23.5144,0.7564,1.0008,-1,0.4209,-0.0833,0.3376,HOLDING
2015-07-14,20,FITB,ZION,14.7161,23.3717,0.7564,1.4826,-1,0.0758,-0.0833,-0.0076,HOLDING
2015-07-15,20,FITB,ZION,14.7996,23.6646,0.7564,1.0298,-1,0.2679,-0.0833,0.1846,HOLDING
2015-07-16,20,FITB,ZION,14.8692,23.6721,0.7564,1.341,-1,0.0481,-0.0833,-0.0352,HOLDING
2015-07-17,20,FITB,ZION,14.7091,22.8535,0.7564,2.3611,-1,-0.7334,-0.0833,-0.8167,HOLDING
2015-07-20,20,FITB,ZION,14.8135,22.9587,0.7564,2.1854,-1,-0.9124,-0.0833,-0.9957,HOLDING
2015-07-21,20,FITB,ZION,14.9806,23.6496,0.7564,1.2255,-1,-0.3591,-0.0833,-0.4424,HOLDING
2015-07-22,20,FITB,ZION,15.0293,23.9801,0.7564,0.648,-1,0.0094,-0.0833,-0.074,HOLDING
2015-07-23,20,FITB,ZION,14.8274,23.7247,0.7564,0.2243,-1,0.2717,-0.0833,0.1884,HOLDING
2015-07-24,20,FITB,ZION,14.7161,23.5745,0.7564,-0.0198,-1,0.4015,-0.0833,0.3181,HOLDING
2015-07-27,20,FITB,ZION,14.5142,23.2516,0.7564,-0.3512,-1,0.5553,-0.0833,0.4719,HOLDING
2015-07-28,20,FITB,ZION,14.549,23.3342,0.7564,-0.4873,-1,0.572,-0.0833,0.4887,HOLDING
2015-07-29,20,FITB,ZION,14.6952,23.5069,0.7564,-0.2477,-1,0.3624,-0.0833,0.2791,HOLDING
2015-07-30,20,FITB,ZION,14.723,23.5895,0.7564,-0.4233,-1,0.4024,-0.0833,0.3191,HOLDING
2015-07-31,20,FITB,ZION,14.6673,23.4243,0.7564,-0.3673,-1,0.3225,-0.0833,0.2392,HOLDING
2015-08-03,20,FITB,ZION,14.6743,23.1614,0.7564,0.6381,-1,-0.1229,-0.0833,-0.2062,HOLDING
2015-08-04,20,FITB,ZION,14.73,23.1539,0.7564,1.0162,-1,-0.3205,-0.0833,-0.4038,HOLDING
2015-08-05,20,FITB,ZION,14.8623,23.4619,0.7564,0.8433,-1,-0.2665,-0.0833,-0.3498,HOLDING
2015-08-06,20,FITB,ZION,14.7787,23.2891,0.7564,0.7612,-1,-0.2656,-0.0833,-0.349,HOLDING
2015-08-07,20,FITB,ZION,14.7161,23.0713,0.7564,0.9867,-1,-0.4068,-0.0833,-0.4901,HOLDING
2015-08-10,20,FITB,ZION,15.1129,23.6721,0.7564,1.5939,-1,-0.7635,-0.0833,-0.8468,HOLDING
2015-08-11,20,FITB,ZION,14.737,23.0112,0.7564,1.0734,-1,-0.5728,-0.0833,-0.6562,HOLDING
2015-08-12,20,FITB,ZION,14.3959,22.5156,0.7564,0.2836,-1,-0.2327,-0.0833,-0.3161,HOLDING
2015-08-13,20,FITB,ZION,14.5072,22.6207,0.7564,0.6758,-1,-0.4349,-0.0833,-0.5182,HOLDING
2015-08-14,20,FITB,ZION,14.6952,22.9061,0.7564,1.0717,-1,-0.6026,-0.0833,-0.6859,HOLDING
2015-08-17,20,FITB,ZION,14.7091,22.816,0.7564,1.5466,-1,-0.7937,-0.0833,-0.8771,HOLDING
2015-08-18,20,FITB,ZION,14.73,23.0267,0.7564,0.8993,-1,-0.5249,-0.0833,-0.6082,HOLDING
2015-08-19,20,FITB,ZION,14.6117,22.6429,0.7564,1.2677,-1,-0.7471,-0.0833,-0.8304,HOLDING
2015-08-20,20,FITB,ZION,14.2427,21.6797,0.7564,1.7583,-1,-1.0652,-0.0833,-1.1485,HOLDING
2015-08-21,20,FITB,ZION,13.7902,21.1755,0.7564,0.2746,-1,-0.3677,-0.0833,-0.451,HOLDING
2015-08-24,20,FITB,ZION,13.0106,20.265,0.7564,-2.1246,-1,0.767,-0.0833,0.6837,HOLDING
2015-08-25,20,FITB,ZION,12.6903,19.9565,0.7564,-2.7459,-1,1.3382,-0.0833,1.2548,HOLDING
2015-08-26,20,FITB,ZION,13.3586,20.8444,0.7564,-1.2347,-1,0.5382,-0.0833,0.4549,HOLDING
2015-08-27,20,FITB,ZION,13.8807,21.6722,0.7564,-0.5691,-1,0.1286,-0.0833,0.0453,HOLDING
2015-08-28,20,FITB,ZION,13.9016,21.7625,0.7564,-0.7127,-1,0.2041,-0.0833,0.1207,HOLDING
2015-08-31,20,FITB,ZION,13.8668,21.8227,0.7564,-1.0058,-1,0.4167,-0.0833,0.3334,HOLDING
2015-09-01,20,FITB,ZION,13.289,20.8143,0.7564,-1.3707,-1,0.7218,-0.0833,0.6384,HOLDING
2015-09-02,20,FITB,ZION,13.463,21.2207,0.7564,-1.3355,-1,0.7947,-0.0833,0.7114,HOLDING
2015-09-03,20,FITB,ZION,13.5744,21.4615,0.7564,-1.2234,-1,0.8105,-0.0833,0.7272,HOLDING
2015-09-04,20,FITB,ZION,13.3795,21.0777,0.7564,-1.1523,-1,0.8434,-0.0833,0.76,HOLDING
2015-09-08,20,FITB,ZION,13.7902,21.5819,0.7564,-0.2833,-1,0.285,-0.0833,0.2017,HOLDING
2015-09-09,20,FITB,ZION,13.6928,21.3034,0.7564,-0.0497,-1,0.1624,-0.0833,0.0791,HOLDING
2015-09-10,20,FITB,ZION,13.7693,21.4991,0.7564,-0.1098,-1,0.2216,-0.0833,0.1383,HOLDING
2015-09-11,20,FITB,ZION,13.7624,21.326,0.7564,0.3133,-1,-0.0332,-0.0833,-0.1165,HOLDING
2015-09-14,20,FITB,ZION,13.8111,21.2432,0.7564,0.8033,-1,-0.3285,-0.0833,-0.4118,HOLDING
2015-09-15,20,FITB,ZION,13.9503,21.6345,0.7564,0.6079,-1,-0.1637,-0.0833,-0.2471,HOLDING
2015-09-16,20,FITB,ZION,13.9991,21.9431,0.7564,0.1197,-1,0.1695,-0.0833,0.0862,HOLDING
2015-09-17,20,FITB,ZION,13.5048,21.1981,0.7564,-0.578,-1,0.6193,-0.0833,0.536,HOLDING
2015-09-18,20,FITB,ZION,13.1637,20.6713,0.7564,-1.1274,-1,0.9095,-0.0833,0.8262,HOLDING
2015-09-21,20,FITB,ZION,13.3517,20.9498,0.7564,-0.6474,-1,0.7306,-0.0833,0.6473,HOLDING
2015-09-22,20,FITB,ZION,13.1219,20.7391,0.7564,-1.5559,-1,1.1574,-0.0833,1.0741,HOLDING
2015-09-23,20,FITB,ZION,13.0871,20.724,0.7564,-1.8241,-1,1.2492,-0.0833,1.1659,HOLDING
2015-09-24,20,FITB,ZION,13.115,20.7842,0.7564,-1.6162,-1,1.2532,-0.0833,1.1698,HOLDING
2015-09-25,20,FITB,ZION,13.4074,21.2131,0.7564,-0.8862,-1,0.9682,-0.0833,0.8848,HOLDING
2015-09-28,20,FITB,ZION,13.0359,20.5735,0.7564,-1.2219,-1,1.1782,-0.0833,1.0948,HOLDING
2015-09-29,20,FITB,ZION,13.0709,20.6036,0.7564,-0.9783,-1,1.1098,-0.0833,1.0264,HOLDING
2015-09-30,20,FITB,ZION,13.2532,20.724,0.7564,-0.1181,-1,0.6962,-0.0833,0.6128,HOLDING
2015-10-01,20,FITB,ZION,13.2952,20.7165,0.7564,0.1714,-1,0.544,-0.0833,0.4607,HOLDING
2015-10-02,20,FITB,ZION,13.092,20.5585,0.7564,-0.6865,-1,0.9672,-0.0833,0.8839,HOLDING
2015-10-05,20,FITB,ZION,13.4074,20.9648,0.7564,0.1033,-1,0.5693,-0.0833,0.486,HOLDING
2015-10-06,20,FITB,ZION,13.2812,21.168,0.7564,-1.2753,-1,1.3159,-0.0833,1.2326,HOLDING
2015-10-07,20,FITB,ZION,13.3443,21.612,0.7564,-1.9103,-1,1.8189,-0.0833,1.7356,HOLDING
2015-10-08,20,FITB,ZION,13.4214,21.6421,0.7564,-1.3653,-1,1.6105,-0.0833,1.5271,HOLDING
2015-10-09,20,FITB,ZION,13.2952,21.3034,0.7564,-1.0711,-1,1.4868,-0.0833,1.4034,HOLDING
2015-10-12,20,FITB,ZION,13.3092,21.4238,0.7564,-1.286,-1,1.6335,-0.0833,1.5501,HOLDING
2015-10-13,20,FITB,ZION,13.1901,21.4389,0.7564,-2.0145,-1,2.0545,-0.0833,1.9712,HOLDING
2015-10-14,20,FITB,ZION,12.9938,20.9197,0.7564,-1.5665,-1,1.8743,-0.0833,1.7909,HOLDING
2015-10-15,20,FITB,ZION,13.3443,21.2508,0.7564,-0.0407,-1,1.2387,-0.0833,1.1554,HOLDING
2015-10-16,20,FITB,ZION,13.3162,21.183,0.7564,0.0282,-1,1.2233,-0.0833,1.14,HOLDING
2015-10-19,20,FITB,ZION,13.3303,20.9949,0.7564,0.8823,-1,0.8745,-0.0833,0.7911,HOLDING
2015-10-20,20,FITB,ZION,13.1971,21.3411,0.7564,-1.3606,-1,1.8741,-0.0833,1.7907,HOLDING
2015-10-21,20,FITB,ZION,12.8116,20.709,0.7564,-1.7775,-1,2.1428,-0.0833,2.0595,HOLDING
2015-10-22,20,FITB,ZION,13.113,21.0024,0.7564,-0.5711,-1,1.6103,-0.0833,1.527,HOLDING
2015-10-23,20,FITB,ZION,13.3933,21.5141,0.7564,-0.2517,-1,1.4983,-0.0833,1.415,HOLDING
2015-10-26,20,FITB,ZION,13.2812,21.4389,0.7564,-0.7208,-1,1.751,-0.0833,1.6677,HOLDING
2015-10-27,20,FITB,ZION,13.141,21.1153,0.7564,-0.5779,-1,1.6982,-0.0833,1.6149,HOLDING
2015-10-28,20,FITB,ZION,13.7788,22.1086,0.7564,0.6638,-1,1.1691,-0.0833,1.0858,HOLDING
2015-10-29,20,FITB,ZION,13.6456,22.1839,0.7564,-0.4531,-1,1.7336,-0.0833,1.6503,HOLDING
2015-10-30,20,FITB,ZION,13.3513,21.6496,0.7564,-0.7387,-1,1.856,-0.0833,1.7727,HOLDING
2015-11-02,20,FITB,ZION,13.7017,21.9732,0.7564,1.1771,-1,1.2084,-0.0833,1.1251,HOLDING
2015-11-03,20,FITB,ZION,13.6877,21.8001,0.7564,1.6707,-1,0.9771,-0.0833,0.8937,HOLDING
2015-11-04,20,FITB,ZION,13.6527,21.9054,0.7564,0.8124,-1,1.263,-0.0833,1.1797,HOLDING
2015-11-05,20,FITB,ZION,13.8909,22.3569,0.7564,0.9592,-1,1.1945,-0.0833,1.1111,HOLDING
2015-11-06,20,FITB,ZION,14.3605,23.0944,0.7564,1.7456,-1,0.8147,-0.0833,0.7314,HOLDING
2015-11-09,20,FITB,ZION,14.3045,22.9815,0.7564,1.5172,-1,0.8202,-0.0833,0.7369,HOLDING
2015-11-10,20,FITB,ZION,14.4586,23.1621,0.7564,1.7769,-1,0.5967,-0.0833,0.5133,HOLDING
2015-11-11,20,FITB,ZION,14.3045,22.9364,0.7564,1.3035,-1,0.7477,-0.0833,0.6644,HOLDING
2015-11-12,20,FITB,ZION,14.0592,22.4021,0.7564,1.2396,-1,0.7066,-0.0833,0.6233,HOLDING
2015-11-13,20,FITB,ZION,13.7998,22.1839,0.7564,0.1735,-1,1.22,-0.0833,1.1366,HOLDING
2015-11-16,20,FITB,ZION,13.8629,22.3498,0.7564,0.1124,-1,1.2763,-0.0833,1.193,HOLDING
2015-11-17,20,FITB,ZION,13.905,22.4327,0.7564,0.0672,-1,1.2695,-0.0833,1.1861,HOLDING
2015-11-18,20,FITB,ZION,14.2694,22.7871,0.7564,1.4164,-1,0.6246,-0.0833,0.5413,HOLDING
2015-11-19,20,FITB,ZION,14.3115,22.5684,0.7564,2.1156,-1,0.1333,-0.0833,0.05,HOLDING
2015-11-20,20,FITB,ZION,14.1993,22.5684,0.7564,1.2054,-1,0.5069,-0.0833,0.4236,HOLDING
2015-11-23,20,FITB,ZION,14.3255,22.5232,0.7564,1.9229,-1,0.014,-0.0833,-0.0694,HOLDING
2015-11-24,20,FITB,ZION,14.3745,22.5835,0.7564,1.8129,-1,-0.0526,-0.0833,-0.1359,HOLDING
2015-11-25,20,FITB,ZION,14.3886,22.576,0.7564,1.6678,-1,-0.1114,-0.0833,-0.1947,HOLDING
2015-11-27,20,FITB,ZION,14.4656,22.6891,0.7564,1.6233,-1,-0.1865,-0.0833,-0.2698,HOLDING
2015-11-30,20,FITB,ZION,14.4867,22.5911,0.7564,1.8567,-1,-0.414,-0.0833,-0.4973,HOLDING
2015-12-01,20,FITB,ZION,14.732,22.9304,0.7564,1.9704,-1,-0.6861,-0.0833,-0.7695,HOLDING
2015-12-02,20,FITB,ZION,14.5427,22.576,0.7564,1.6404,-1,-0.625,-0.0833,-0.7084,HOLDING
2015-12-03,20,FITB,ZION,14.3535,22.2216,0.7564,1.4025,-1,-0.5639,-0.0833,-0.6472,HOLDING
2015-12-04,20,FITB,ZION,14.76,22.7645,0.7564,1.8241,-1,0.0,-1.215,-1.215,PERIOD_END_EXIT
