Date,Pair_Rank,Ticker_A,Ticker_B,Price_A,Price_B,ZScore,Position,Unrealized_PnL,Realized_PnL,Cumulative_PnL,Status
2018-03-08,1,AEP,ED,49.263,56.4625,0.0,0,0.0,0.0,0.0,HOLD_CASH
2018-03-09,1,AEP,ED,49.5271,56.41,0.0,0,0.0,0.0,0.0,HOLD_CASH
2018-03-12,1,AEP,ED,49.693,56.7474,0.0,0,0.0,0.0,0.0,HOLD_CASH
2018-03-13,1,AEP,ED,49.8213,56.5975,0.0,0,0.0,0.0,0.0,HOLD_CASH
2018-03-14,1,AEP,ED,50.2362,56.9574,0.0,0,0.0,0.0,0.0,HOLD_CASH
2018-03-15,1,AEP,ED,50.538,57.4147,0.0,0,0.0,0.0,0.0,HOLD_CASH
2018-03-16,1,AEP,ED,51.1566,58.067,0.0,0,0.0,0.0,0.0,HOLD_CASH
2018-03-19,1,AEP,ED,50.885,57.767,0.0,0,0.0,0.0,0.0,HOLD_CASH
2018-03-20,1,AEP,ED,50.885,57.6471,0.0,0,0.0,0.0,0.0,HOLD_CASH
2018-03-21,1,AEP,ED,50.4776,57.4822,0.0,0,0.0,0.0,0.0,HOLD_CASH
2018-03-22,1,AEP,ED,50.8171,57.5496,0.0,0,0.0,0.0,0.0,HOLD_CASH
2018-03-23,1,AEP,ED,50.0853,56.665,0.0,0,0.0,0.0,0.0,HOLD_CASH
2018-03-26,1,AEP,ED,50.7794,57.2947,0.0,0,0.0,0.0,0.0,HOLD_CASH
2018-03-27,1,AEP,ED,51.6243,58.1944,0.0,0,0.0,0.0,0.0,HOLD_CASH
2018-03-28,1,AEP,ED,51.7979,58.1494,0.0,0,0.0,0.0,0.0,HOLD_CASH
2018-03-29,1,AEP,ED,51.745,58.4343,0.0,0,0.0,0.0,0.0,HOLD_CASH
2018-04-02,1,AEP,ED,51.5112,57.7821,0.0,0,0.0,0.0,0.0,HOLD_CASH
2018-04-03,1,AEP,ED,51.6394,58.2244,0.0,0,0.0,0.0,0.0,HOLD_CASH
2018-04-04,1,AEP,ED,51.8054,58.6817,0.0,0,0.0,0.0,0.0,HOLD_CASH
2018-04-05,1,AEP,ED,52.0091,59.1466,-0.6525,0,0.0,0.0,0.0,HOLD_CASH
2018-04-06,1,AEP,ED,51.6998,58.8992,-1.1515,0,0.0,0.0,0.0,HOLD_CASH
2018-04-09,1,AEP,ED,51.8356,58.8242,-0.3966,0,0.0,0.0,0.0,HOLD_CASH
2018-04-10,1,AEP,ED,51.2019,58.1794,-0.777,0,0.0,0.0,0.0,HOLD_CASH
2018-04-11,1,AEP,ED,51.1415,58.1119,-0.7767,0,0.0,0.0,0.0,HOLD_CASH
2018-04-12,1,AEP,ED,50.2739,57.2122,-1.0475,0,0.0,0.0,0.0,HOLD_CASH
2018-04-13,1,AEP,ED,50.802,57.4972,0.129,0,0.0,0.0,0.0,HOLD_CASH
2018-04-16,1,AEP,ED,51.5036,58.3219,-0.0159,0,0.0,0.0,0.0,HOLD_CASH
2018-04-17,1,AEP,ED,51.9487,58.8242,-0.0388,0,0.0,0.0,0.0,HOLD_CASH
2018-04-18,1,AEP,ED,51.8507,58.4868,0.7814,0,0.0,0.0,0.0,HOLD_CASH
2018-04-19,1,AEP,ED,51.6922,58.5618,-0.266,0,0.0,0.0,0.0,HOLD_CASH
2018-04-20,1,AEP,ED,51.647,58.1794,0.9876,0,0.0,0.0,0.0,HOLD_CASH
2018-04-23,1,AEP,ED,51.6319,58.2544,0.5862,0,0.0,0.0,0.0,HOLD_CASH
2018-04-24,1,AEP,ED,51.9638,58.7117,0.2816,0,0.0,0.0,0.0,HOLD_CASH
2018-04-25,1,AEP,ED,52.1222,58.7717,0.7518,0,0.0,0.0,0.0,HOLD_CASH
2018-04-26,1,AEP,ED,52.6352,59.5664,0.0066,0,0.0,0.0,0.0,HOLD_CASH
2018-04-27,1,AEP,ED,53.2237,60.3012,-0.243,0,0.0,0.0,0.0,HOLD_CASH
2018-04-30,1,AEP,ED,52.7937,60.0762,-1.3289,0,0.0,0.0,0.0,HOLD_CASH
2018-05-01,1,AEP,ED,52.3863,59.9413,-2.363,1,0.0,-0.5,-0.5,ENTER_LONG_A
2018-05-02,1,AEP,ED,52.1977,59.4165,-0.9682,1,1.2887,-0.5,0.7887,HOLDING
2018-05-03,1,AEP,ED,52.2354,59.229,-0.0514,1,2.2505,-0.5,1.7505,HOLDING
2018-05-04,1,AEP,ED,52.3486,59.4165,-0.3604,1,2.0087,-0.5,1.5087,HOLDING
2018-05-07,1,AEP,ED,51.8884,58.7492,0.25,1,2.5956,-0.5,2.0956,HOLDING
2018-05-08,1,AEP,ED,50.7341,57.1523,1.3915,1,3.7477,-0.5,3.2477,HOLDING
2018-05-09,1,AEP,ED,50.46,56.5525,2.179,1,4.9411,-0.5,4.4411,HOLDING
2018-05-10,1,AEP,ED,51.0311,57.4072,1.2322,1,4.1017,-0.5,3.6017,HOLDING
2018-05-11,1,AEP,ED,51.1377,57.6021,0.8803,1,3.7974,-0.5,3.2974,HOLDING
2018-05-14,1,AEP,ED,51.0996,57.4522,1.1545,1,4.241,-0.5,3.741,HOLDING
2018-05-15,1,AEP,ED,50.8712,56.684,2.3522,1,6.3547,-0.5,5.8547,HOLDING
2018-05-16,1,AEP,ED,50.3686,56.4267,1.3154,1,5.0297,-0.5,4.5297,HOLDING
2018-05-17,1,AEP,ED,49.6605,55.9575,0.3331,1,3.6073,-0.5,3.1073,HOLDING
2018-05-18,1,AEP,ED,49.4397,55.9802,-0.4145,1,2.4588,-0.5,1.9588,HOLDING
2018-05-21,1,AEP,ED,49.5615,55.8818,0.2648,1,3.4505,-0.5,2.9505,HOLDING
2018-05-22,1,AEP,ED,49.828,56.1088,0.4471,1,3.7755,-0.5,3.2755,HOLDING
2018-05-23,1,AEP,ED,50.6123,56.8354,0.8419,1,4.488,-0.5,3.988,HOLDING
2018-05-24,1,AEP,ED,50.894,57.4257,0.0619,1,3.3704,-0.5,2.8704,HOLDING
2018-05-25,1,AEP,ED,51.1834,57.4484,0.8179,1,4.6565,-0.5,4.1565,HOLDING
2018-05-29,1,AEP,ED,51.4879,57.5089,1.4294,1,5.8576,-0.5,5.3576,HOLDING
2018-05-30,1,AEP,ED,51.7773,57.7662,1.5706,1,6.1652,-0.5,5.6652,HOLDING
2018-05-31,1,AEP,ED,51.7392,58.069,0.4566,1,4.721,-0.5,4.221,HOLDING
2018-06-01,1,AEP,ED,50.7722,57.1684,-0.2569,1,3.8622,-0.5,3.3622,HOLDING
2018-06-04,1,AEP,ED,50.2925,56.7219,-0.7354,1,3.4353,-0.5,2.9353,HOLDING
2018-06-05,1,AEP,ED,49.7138,56.0105,-0.5912,1,3.6407,-0.5,3.1407,HOLDING
2018-06-06,1,AEP,ED,48.5869,54.7845,-0.7695,1,3.3761,-0.5,2.8761,HOLDING
2018-06-07,1,AEP,ED,48.8458,55.0872,-0.7401,1,3.349,-0.5,2.849,HOLDING
2018-06-08,1,AEP,ED,48.8153,55.0569,-0.7166,1,3.3298,-0.5,2.8298,HOLDING
2018-06-11,1,AEP,ED,47.9168,54.0277,-0.6298,1,3.335,-0.5,2.835,HOLDING
2018-06-12,1,AEP,ED,48.4041,54.8526,-1.6086,1,2.2199,-0.5,1.7199,HOLDING
2018-06-13,1,AEP,ED,48.3204,54.8147,-1.7293,1,1.9781,-0.5,1.4781,HOLDING
2018-06-14,1,AEP,ED,49.2037,55.4353,-0.0689,1,3.605,-0.5,3.105,HOLDING
2018-06-15,1,AEP,ED,49.5311,55.7986,-0.0473,1,3.6524,-0.5,3.1524,HOLDING
2018-06-18,1,AEP,ED,49.8433,55.9272,0.8315,1,4.6056,-0.5,4.1056,HOLDING
2018-06-19,1,AEP,ED,50.9169,56.6537,2.3234,1,6.699,-0.5,6.199,HOLDING
2018-06-20,1,AEP,ED,50.9397,56.7824,1.6861,1,6.2715,-0.5,5.7715,HOLDING
2018-06-21,1,AEP,ED,51.3737,57.1003,1.9188,1,7.017,-0.5,6.517,HOLDING
2018-06-22,1,AEP,ED,51.2824,57.3349,0.8211,1,5.6025,-0.5,5.1025,HOLDING
2018-06-25,1,AEP,ED,52.5616,58.5912,1.2174,1,6.4674,-0.5,5.9674,HOLDING
2018-06-26,1,AEP,ED,52.7672,58.6366,1.6002,1,7.2592,-0.5,6.7592,HOLDING
2018-06-27,1,AEP,ED,53.1859,58.9544,1.8038,1,7.932,-0.5,7.432,HOLDING
2018-06-28,1,AEP,ED,52.7976,58.9847,0.6284,1,5.9525,-0.5,5.4525,HOLDING
2018-06-29,1,AEP,ED,52.7291,59.015,0.3272,1,5.4993,-0.5,4.9993,HOLDING
2018-07-02,1,AEP,ED,53.3382,59.2874,1.1834,1,7.2701,-0.5,6.7701,HOLDING
2018-07-03,1,AEP,ED,53.6809,59.3782,1.6287,1,8.5264,-0.5,8.0264,HOLDING
2018-07-05,1,AEP,ED,54.1606,59.7793,1.6679,1,9.1427,-0.5,8.6427,HOLDING
2018-07-06,1,AEP,ED,54.488,60.1653,1.4391,1,9.0956,-0.5,8.5956,HOLDING
2018-07-09,1,AEP,ED,52.4397,58.1673,0.808,1,7.6537,-0.5,7.1537,HOLDING
2018-07-10,1,AEP,ED,53.1326,58.9241,0.7498,1,7.8041,-0.5,7.3041,HOLDING
2018-07-11,1,AEP,ED,53.8712,59.8096,0.5394,1,7.6357,-0.5,7.1357,HOLDING
2018-07-12,1,AEP,ED,53.5895,59.9534,-0.7506,1,5.6915,-0.5,5.1915,HOLDING
2018-07-13,1,AEP,ED,53.5667,60.135,-1.4381,1,4.8249,-0.5,4.3249,HOLDING
2018-07-16,1,AEP,ED,53.6199,59.9382,-0.8382,1,5.8999,-0.5,5.3999,HOLDING
2018-07-17,1,AEP,ED,53.6352,59.7566,-0.2672,1,6.7302,-0.5,6.2302,HOLDING
2018-07-18,1,AEP,ED,53.4829,59.4388,0.253,1,7.3291,-0.5,6.8291,HOLDING
2018-07-19,1,AEP,ED,53.7875,59.6204,0.7459,1,8.0251,-0.5,7.5251,HOLDING
2018-07-20,1,AEP,ED,53.6123,59.0679,1.7595,1,9.4935,-0.5,8.9935,HOLDING
2018-07-23,1,AEP,ED,52.8738,58.6214,0.4813,1,7.8311,-0.5,7.3311,HOLDING
2018-07-24,1,AEP,ED,52.5844,58.7349,-0.9496,1,5.9769,-0.5,5.4769,HOLDING
2018-07-25,1,AEP,ED,52.8281,58.5685,0.4755,1,7.834,-0.5,7.334,HOLDING
2018-07-26,1,AEP,ED,54.092,59.2571,2.2734,1,10.9937,-0.5,10.4937,HOLDING
2018-07-27,1,AEP,ED,54.1682,59.4463,1.7205,1,10.5678,-0.5,10.0678,HOLDING
2018-07-30,1,AEP,ED,53.6047,59.1512,0.7912,1,9.1099,-0.5,8.6099,HOLDING
2018-07-31,1,AEP,ED,54.1682,59.7339,0.8195,1,9.3684,-0.5,8.8684,HOLDING
2018-08-01,1,AEP,ED,53.5286,58.8636,1.1696,1,9.946,-0.5,9.446,HOLDING
2018-08-02,1,AEP,ED,53.6732,59.1739,0.7689,1,9.3422,-0.5,8.8422,HOLDING
2018-08-03,1,AEP,ED,54.1986,59.8701,0.4786,1,8.9457,-0.5,8.4457,HOLDING
2018-08-06,1,AEP,ED,54.2672,59.7339,0.9316,1,9.8409,-0.5,9.3409,HOLDING
2018-08-07,1,AEP,ED,54.2443,59.4236,1.4532,1,11.026,-0.5,10.526,HOLDING
2018-08-08,1,AEP,ED,54.0083,59.416,0.7938,1,9.9311,-0.5,9.4311,HOLDING
2018-08-09,1,AEP,ED,54.5229,59.7491,1.2127,1,10.9983,-0.5,10.4983,HOLDING
2018-08-10,1,AEP,ED,54.4231,59.5371,1.3955,1,11.4056,-0.5,10.9056,HOLDING
2018-08-13,1,AEP,ED,54.4922,59.8247,0.7852,1,10.5361,-0.5,10.0361,HOLDING
2018-08-14,1,AEP,ED,54.5537,59.966,0.5022,1,10.2401,-0.5,9.7401,HOLDING
2018-08-15,1,AEP,ED,55.1298,60.9359,-0.5924,1,8.9443,-0.5,8.4443,HOLDING
2018-08-16,1,AEP,ED,55.5676,61.6385,-1.2615,1,8.1032,-0.5,7.6032,HOLDING
2018-08-17,1,AEP,ED,55.6905,61.9898,-1.6802,1,7.2246,-0.5,6.7246,HOLDING
2018-08-20,1,AEP,ED,55.4447,61.3254,-0.5928,1,8.8228,-0.5,8.3228,HOLDING
2018-08-21,1,AEP,ED,55.0376,60.8061,-0.5799,1,9.0457,-0.5,8.5457,HOLDING
2018-08-22,1,AEP,ED,54.3386,60.2791,-1.4294,1,7.9078,-0.5,7.4078,HOLDING
2018-08-23,1,AEP,ED,54.8148,60.3479,0.2347,1,9.8938,-0.5,9.3938,HOLDING
2018-08-24,1,AEP,ED,54.9608,60.6762,-0.316,1,9.2208,-0.5,8.7208,HOLDING
2018-08-27,1,AEP,ED,54.6612,60.2715,-0.0483,1,9.4791,-0.5,8.9791,HOLDING
2018-08-28,1,AEP,ED,54.6228,59.9126,1.0457,1,10.7929,-0.5,10.2929,HOLDING
2018-08-29,1,AEP,ED,55.076,60.493,0.7256,1,10.535,-0.5,10.035,HOLDING
2018-08-30,1,AEP,ED,55.1605,60.6304,0.5292,1,10.3649,-0.5,9.8649,HOLDING
2018-08-31,1,AEP,ED,55.099,60.2791,1.3694,1,11.5368,-0.5,11.0368,HOLDING
2018-09-04,1,AEP,ED,55.5062,60.7603,1.148,1,11.4731,-0.5,10.9731,HOLDING
2018-09-05,1,AEP,ED,56.2589,61.6232,1.0205,1,0.0,10.4406,10.4406,PERIOD_END_EXIT
2018-03-08,2,DTE,ED,65.4227,56.4625,0.0,0,0.0,0.0,0.0,HOLD_CASH
2018-03-09,2,DTE,ED,65.5074,56.41,0.0,0,0.0,0.0,0.0,HOLD_CASH
2018-03-12,2,DTE,ED,65.755,56.7474,0.0,0,0.0,0.0,0.0,HOLD_CASH
2018-03-13,2,DTE,ED,65.768,56.5975,0.0,0,0.0,0.0,0.0,HOLD_CASH
2018-03-14,2,DTE,ED,66.3154,56.9574,0.0,0,0.0,0.0,0.0,HOLD_CASH
2018-03-15,2,DTE,ED,66.2828,57.4147,0.0,0,0.0,0.0,0.0,HOLD_CASH
2018-03-16,2,DTE,ED,67.2248,58.067,0.0,0,0.0,0.0,0.0,HOLD_CASH
2018-03-19,2,DTE,ED,67.1722,57.767,0.0,0,0.0,0.0,0.0,HOLD_CASH
2018-03-20,2,DTE,ED,67.1459,57.6471,0.0,0,0.0,0.0,0.0,HOLD_CASH
2018-03-21,2,DTE,ED,67.3957,57.4822,0.0,0,0.0,0.0,0.0,HOLD_CASH
2018-03-22,2,DTE,ED,67.4088,57.5496,0.0,0,0.0,0.0,0.0,HOLD_CASH
2018-03-23,2,DTE,ED,66.4491,56.665,0.0,0,0.0,0.0,0.0,HOLD_CASH
2018-03-26,2,DTE,ED,67.1262,57.2947,0.0,0,0.0,0.0,0.0,HOLD_CASH
2018-03-27,2,DTE,ED,68.2371,58.1944,0.0,0,0.0,0.0,0.0,HOLD_CASH
2018-03-28,2,DTE,ED,68.3619,58.1494,0.0,0,0.0,0.0,0.0,HOLD_CASH
2018-03-29,2,DTE,ED,68.6249,58.4343,0.0,0,0.0,0.0,0.0,HOLD_CASH
2018-04-02,2,DTE,ED,68.145,57.7821,0.0,0,0.0,0.0,0.0,HOLD_CASH
2018-04-03,2,DTE,ED,68.638,58.2244,0.0,0,0.0,0.0,0.0,HOLD_CASH
2018-04-04,2,DTE,ED,68.2896,58.6817,0.0,0,0.0,0.0,0.0,HOLD_CASH
2018-04-05,2,DTE,ED,68.7761,59.1466,-0.5628,0,0.0,0.0,0.0,HOLD_CASH
2018-04-06,2,DTE,ED,68.4014,58.8992,-0.7944,0,0.0,0.0,0.0,HOLD_CASH
2018-04-09,2,DTE,ED,68.5854,58.8242,-0.1968,0,0.0,0.0,0.0,HOLD_CASH
2018-04-10,2,DTE,ED,68.0727,58.1794,0.308,0,0.0,0.0,0.0,HOLD_CASH
2018-04-11,2,DTE,ED,67.9281,58.1119,0.0967,0,0.0,0.0,0.0,HOLD_CASH
2018-04-12,2,DTE,ED,67.113,57.2122,0.6401,0,0.0,0.0,0.0,HOLD_CASH
2018-04-13,2,DTE,ED,67.3365,57.4972,0.2688,0,0.0,0.0,0.0,HOLD_CASH
2018-04-16,2,DTE,ED,68.1056,58.3219,-0.4386,0,0.0,0.0,0.0,HOLD_CASH
2018-04-17,2,DTE,ED,68.684,58.8242,-0.5368,0,0.0,0.0,0.0,HOLD_CASH
2018-04-18,2,DTE,ED,68.3685,58.4868,-0.3194,0,0.0,0.0,0.0,HOLD_CASH
2018-04-19,2,DTE,ED,68.191,58.5618,-1.1397,0,0.0,0.0,0.0,HOLD_CASH
2018-04-20,2,DTE,ED,67.5271,58.1794,-1.6533,0,0.0,0.0,0.0,HOLD_CASH
2018-04-23,2,DTE,ED,67.9215,58.2544,-0.6074,0,0.0,0.0,0.0,HOLD_CASH
2018-04-24,2,DTE,ED,68.4934,58.7117,-0.4391,0,0.0,0.0,0.0,HOLD_CASH
2018-04-25,2,DTE,ED,68.3685,58.7717,-0.9561,0,0.0,0.0,0.0,HOLD_CASH
2018-04-26,2,DTE,ED,68.9075,59.5664,-1.8638,0,0.0,0.0,0.0,HOLD_CASH
2018-04-27,2,DTE,ED,69.4465,60.3012,-2.2614,1,0.0,-0.5,-0.5,ENTER_LONG_A
2018-04-30,2,DTE,ED,69.2822,60.0762,-1.8462,1,0.3408,-0.5,-0.1592,HOLDING
2018-05-01,2,DTE,ED,69.0193,59.9413,-1.9573,1,-0.0461,-0.5,-0.5461,HOLDING
2018-05-02,2,DTE,ED,68.8549,59.4165,-0.7274,1,1.5381,-0.5,1.0381,HOLDING
2018-05-03,2,DTE,ED,68.7563,59.229,-0.3973,1,1.9602,-0.5,1.4602,HOLDING
2018-05-04,2,DTE,ED,68.809,59.4165,-0.7928,1,1.3726,-0.5,0.8726,HOLDING
2018-05-07,2,DTE,ED,68.4605,58.7492,0.3195,1,2.8847,-0.5,2.3847,HOLDING
2018-05-08,2,DTE,ED,66.4557,57.1523,-0.0112,1,2.2881,-0.5,1.7881,HOLDING
2018-05-09,2,DTE,ED,65.8904,56.5525,0.3966,1,2.7397,-0.5,2.2397,HOLDING
2018-05-10,2,DTE,ED,66.6069,57.4072,-0.3116,1,1.7756,-0.5,1.2756,HOLDING
2018-05-11,2,DTE,ED,67.3431,57.6021,1.2914,1,3.6176,-0.5,3.1176,HOLDING
2018-05-14,2,DTE,ED,67.2379,57.4522,1.4432,1,3.8606,-0.5,3.3606,HOLDING
2018-05-15,2,DTE,ED,66.6989,56.684,2.1754,1,5.1049,-0.5,4.6049,HOLDING
2018-05-16,2,DTE,ED,66.0416,56.4267,1.1883,1,3.8055,-0.5,3.3055,HOLDING
2018-05-17,2,DTE,ED,65.2856,55.9575,0.6056,1,3.0294,-0.5,2.5294,HOLDING
2018-05-18,2,DTE,ED,65.68,55.9802,1.4163,1,4.3552,-0.5,3.8552,HOLDING
2018-05-21,2,DTE,ED,65.7129,55.8818,1.6004,1,4.8813,-0.5,4.3813,HOLDING
2018-05-22,2,DTE,ED,65.8115,56.1088,1.1265,1,4.2951,-0.5,3.7951,HOLDING
2018-05-23,2,DTE,ED,66.6726,56.8354,1.0504,1,4.3828,-0.5,3.8828,HOLDING
2018-05-24,2,DTE,ED,67.1327,57.4257,0.4831,1,3.5919,-0.5,3.0919,HOLDING
2018-05-25,2,DTE,ED,67.1656,57.4484,0.4202,1,3.6161,-0.5,3.1161,HOLDING
2018-05-29,2,DTE,ED,67.113,57.5089,0.0311,1,3.1758,-0.5,2.6758,HOLDING
2018-05-30,2,DTE,ED,67.3431,57.7662,-0.3166,1,2.9373,-0.5,2.4373,HOLDING
2018-05-31,2,DTE,ED,67.3299,58.069,-1.4918,1,1.6349,-0.5,1.1349,HOLDING
2018-06-01,2,DTE,ED,66.4097,57.1684,-1.1074,1,2.0557,-0.5,1.5557,HOLDING
2018-06-04,2,DTE,ED,65.7589,56.7219,-1.5872,1,1.5643,-0.5,1.0643,HOLDING
2018-06-05,2,DTE,ED,65.2659,56.0105,-0.4571,1,2.7389,-0.5,2.2389,HOLDING
2018-06-06,2,DTE,ED,63.7212,54.7845,-0.8665,1,2.2609,-0.5,1.7609,HOLDING
2018-06-07,2,DTE,ED,63.7869,55.0872,-1.6615,1,1.2425,-0.5,0.7425,HOLDING
2018-06-08,2,DTE,ED,63.7409,55.0569,-1.6195,1,1.2023,-0.5,0.7023,HOLDING
2018-06-11,2,DTE,ED,62.2488,54.0277,-2.1163,1,0.098,-0.5,-0.402,HOLDING
2018-06-12,2,DTE,ED,63.4254,54.8526,-1.3354,1,0.9137,-0.5,0.4137,HOLDING
2018-06-13,2,DTE,ED,63.1559,54.8147,-1.7241,1,0.1003,-0.5,-0.3997,HOLDING
2018-06-14,2,DTE,ED,63.7935,55.4353,-1.6728,1,-0.1771,-0.5,-0.6771,HOLDING
2018-06-15,2,DTE,ED,64.3859,55.7986,-1.1363,1,0.4494,-0.5,-0.0506,HOLDING
2018-06-18,2,DTE,ED,64.6115,55.9272,-0.8707,1,0.7279,-0.5,0.2279,HOLDING
2018-06-19,2,DTE,ED,65.7392,56.6537,-0.1071,1,1.7755,-0.5,1.2755,HOLDING
2018-06-20,2,DTE,ED,65.8652,56.7824,-0.0795,1,1.6959,-0.5,1.1959,HOLDING
2018-06-21,2,DTE,ED,66.3826,57.1003,0.4731,1,2.2407,-0.5,1.7407,HOLDING
2018-06-22,2,DTE,ED,66.6347,57.3349,0.505,1,2.1755,-0.5,1.6755,HOLDING
2018-06-25,2,DTE,ED,68.187,58.5912,0.9322,1,2.5551,-0.5,2.0551,HOLDING
2018-06-26,2,DTE,ED,68.4589,58.6366,1.6915,1,3.346,-0.5,2.846,HOLDING
2018-06-27,2,DTE,ED,69.109,58.9544,2.302,1,4.3685,-0.5,3.8685,HOLDING
2018-06-28,2,DTE,ED,68.9498,58.9847,1.5083,1,3.6698,-0.5,3.1698,HOLDING
2018-06-29,2,DTE,ED,68.7442,59.015,0.7707,1,2.804,-0.5,2.304,HOLDING
2018-07-02,2,DTE,ED,69.381,59.2874,1.4868,1,3.9671,-0.5,3.4671,HOLDING
2018-07-03,2,DTE,ED,69.6663,59.3782,1.7525,1,4.6174,-0.5,4.1174,HOLDING
2018-07-05,2,DTE,ED,70.5353,59.7793,2.2177,1,6.0828,-0.5,5.5828,HOLDING
2018-07-06,2,DTE,ED,70.9996,60.1653,1.8928,1,6.1543,-0.5,5.6543,HOLDING
2018-07-09,2,DTE,ED,68.4258,58.1673,1.3201,1,5.1719,-0.5,4.6719,HOLDING
2018-07-10,2,DTE,ED,68.9896,58.9241,0.6475,1,4.0642,-0.5,3.5642,HOLDING
2018-07-11,2,DTE,ED,70.0908,59.8096,0.69,1,4.3573,-0.5,3.8573,HOLDING
2018-07-12,2,DTE,ED,70.2633,59.9534,0.6218,1,4.3821,-0.5,3.8821,HOLDING
2018-07-13,2,DTE,ED,70.4424,60.135,0.4797,1,4.2738,-0.5,3.7738,HOLDING
2018-07-16,2,DTE,ED,70.5154,59.9382,1.0902,1,5.3523,-0.5,4.8523,HOLDING
2018-07-17,2,DTE,ED,70.5684,59.7566,1.6268,1,6.2964,-0.5,5.7964,HOLDING
2018-07-18,2,DTE,ED,70.3561,59.4388,1.808,1,6.8499,-0.5,6.3499,HOLDING
2018-07-19,2,DTE,ED,71.2252,59.6204,2.6779,1,9.2253,-0.5,8.7253,HOLDING
2018-07-20,2,DTE,ED,70.7144,59.0679,2.4077,1,9.677,-0.5,9.177,HOLDING
2018-07-23,2,DTE,ED,70.6016,58.6214,2.5142,1,11.122,-0.5,10.622,HOLDING
2018-07-24,2,DTE,ED,70.794,58.7349,2.1655,1,11.3441,-0.5,10.8441,HOLDING
2018-07-25,2,DTE,ED,71.8421,58.5685,2.809,1,15.8073,-0.5,15.3073,HOLDING
2018-07-26,2,DTE,ED,72.187,59.2571,1.9287,1,14.194,-0.5,13.694,HOLDING
2018-07-27,2,DTE,ED,72.0477,59.4463,1.4051,1,12.9081,-0.5,12.4081,HOLDING
2018-07-30,2,DTE,ED,71.4971,59.1512,1.1132,1,12.1496,-0.5,11.6496,HOLDING
2018-07-31,2,DTE,ED,72.0013,59.7339,0.84,1,11.5486,-0.5,11.0486,HOLDING
2018-08-01,2,DTE,ED,71.5369,58.8636,1.2481,1,13.4852,-0.5,12.9852,HOLDING
2018-08-02,2,DTE,ED,72.1075,59.1739,1.275,1,14.2526,-0.5,13.7526,HOLDING
2018-08-03,2,DTE,ED,73.0361,59.8701,1.2079,1,14.7092,-0.5,14.2092,HOLDING
2018-08-06,2,DTE,ED,73.3015,59.7339,1.4044,1,16.2291,-0.5,15.7291,HOLDING
2018-08-07,2,DTE,ED,73.202,59.4236,1.4766,1,17.1574,-0.5,16.6574,HOLDING
2018-08-08,2,DTE,ED,73.0759,59.416,1.2633,1,16.7351,-0.5,16.2351,HOLDING
2018-08-09,2,DTE,ED,73.4474,59.7491,1.1401,1,16.6918,-0.5,16.1918,HOLDING
2018-08-10,2,DTE,ED,73.1954,59.5371,1.082,1,16.6629,-0.5,16.1629,HOLDING
2018-08-13,2,DTE,ED,73.4939,59.8247,0.9697,1,16.5452,-0.5,16.0452,HOLDING
2018-08-14,2,DTE,ED,73.6597,59.966,0.9083,1,16.5565,-0.5,16.0565,HOLDING
2018-08-15,2,DTE,ED,74.4756,60.9359,0.3924,1,15.4727,-0.5,14.9727,HOLDING
2018-08-16,2,DTE,ED,75.0793,61.6385,-0.0683,1,14.7328,-0.5,14.2328,HOLDING
2018-08-17,2,DTE,ED,75.3711,61.9898,-0.4239,1,14.327,-0.5,13.827,HOLDING
2018-08-20,2,DTE,ED,75.1589,61.3254,0.5687,1,16.3176,-0.5,15.8176,HOLDING
2018-08-21,2,DTE,ED,74.7742,60.8061,0.9855,1,17.0855,-0.5,16.5855,HOLDING
2018-08-22,2,DTE,ED,73.7857,60.2791,0.2831,1,15.712,-0.5,15.212,HOLDING
2018-08-23,2,DTE,ED,73.9184,60.3479,0.3447,1,15.9046,-0.5,15.4046,HOLDING
2018-08-24,2,DTE,ED,74.2302,60.6762,0.082,1,15.6657,-0.5,15.1657,HOLDING
2018-08-27,2,DTE,ED,73.8587,60.2715,0.2764,1,16.0063,-0.5,15.5063,HOLDING
2018-08-28,2,DTE,ED,73.454,59.9126,0.2754,1,16.0378,-0.5,15.5378,HOLDING
2018-08-29,2,DTE,ED,73.8123,60.493,-1.0389,1,14.921,-0.5,14.421,HOLDING
2018-08-30,2,DTE,ED,74.2036,60.6304,-0.3019,1,15.76,-0.5,15.26,HOLDING
2018-08-31,2,DTE,ED,73.726,60.2791,-0.5408,1,15.4971,-0.5,14.9971,HOLDING
2018-09-04,2,DTE,ED,74.0776,60.7603,-1.3217,1,14.7681,-0.5,14.2681,HOLDING
2018-09-05,2,DTE,ED,75.139,61.6232,-1.1839,1,0.0,13.985,13.985,PERIOD_END_EXIT
2018-03-08,3,DUK,PNW,54.9708,55.2583,0.0,0,0.0,0.0,0.0,HOLD_CASH
2018-03-09,3,DUK,PNW,55.072,55.5565,0.0,0,0.0,0.0,0.0,HOLD_CASH
2018-03-12,3,DUK,PNW,55.3759,55.5128,0.0,0,0.0,0.0,0.0,HOLD_CASH
2018-03-13,3,DUK,PNW,55.318,55.5856,0.0,0,0.0,0.0,0.0,HOLD_CASH
2018-03-14,3,DUK,PNW,55.7014,55.8475,0.0,0,0.0,0.0,0.0,HOLD_CASH
2018-03-15,3,DUK,PNW,55.5133,56.0438,0.0,0,0.0,0.0,0.0,HOLD_CASH
2018-03-16,3,DUK,PNW,56.1282,56.713,0.0,0,0.0,0.0,0.0,HOLD_CASH
2018-03-19,3,DUK,PNW,55.7303,56.5384,0.0,0,0.0,0.0,0.0,HOLD_CASH
2018-03-20,3,DUK,PNW,55.2891,56.7276,0.0,0,0.0,0.0,0.0,HOLD_CASH
2018-03-21,3,DUK,PNW,55.1082,56.6985,0.0,0,0.0,0.0,0.0,HOLD_CASH
2018-03-22,3,DUK,PNW,55.1155,56.7276,0.0,0,0.0,0.0,0.0,HOLD_CASH
2018-03-23,3,DUK,PNW,54.3776,56.5603,0.0,0,0.0,0.0,0.0,HOLD_CASH
2018-03-26,3,DUK,PNW,54.9201,56.8512,0.0,0,0.0,0.0,0.0,HOLD_CASH
2018-03-27,3,DUK,PNW,55.7737,57.7313,0.0,0,0.0,0.0,0.0,HOLD_CASH
2018-03-28,3,DUK,PNW,56.0052,57.8041,0.0,0,0.0,0.0,0.0,HOLD_CASH
2018-03-29,3,DUK,PNW,56.0414,58.0441,0.0,0,0.0,0.0,0.0,HOLD_CASH
2018-04-02,3,DUK,PNW,55.7737,57.4186,0.0,0,0.0,0.0,0.0,HOLD_CASH
2018-04-03,3,DUK,PNW,55.8895,58.1168,0.0,0,0.0,0.0,0.0,HOLD_CASH
2018-04-04,3,DUK,PNW,56.215,58.2332,0.0,0,0.0,0.0,0.0,HOLD_CASH
2018-04-05,3,DUK,PNW,56.8588,58.4078,-0.3412,0,0.0,0.0,0.0,HOLD_CASH
2018-04-06,3,DUK,PNW,56.5405,58.0077,-0.1784,0,0.0,0.0,0.0,HOLD_CASH
2018-04-09,3,DUK,PNW,56.7648,57.9714,0.2387,0,0.0,0.0,0.0,HOLD_CASH
2018-04-10,3,DUK,PNW,56.0775,57.0912,0.6037,0,0.0,0.0,0.0,HOLD_CASH
2018-04-11,3,DUK,PNW,55.7593,57.1058,0.1773,0,0.0,0.0,0.0,HOLD_CASH
2018-04-12,3,DUK,PNW,55.0793,56.2257,0.6764,0,0.0,0.0,0.0,HOLD_CASH
2018-04-13,3,DUK,PNW,55.4627,56.8367,0.3616,0,0.0,0.0,0.0,HOLD_CASH
2018-04-16,3,DUK,PNW,56.3959,57.6731,0.7965,0,0.0,0.0,0.0,HOLD_CASH
2018-04-17,3,DUK,PNW,56.7865,58.2987,0.3623,0,0.0,0.0,0.0,HOLD_CASH
2018-04-18,3,DUK,PNW,56.6273,57.6368,1.5752,0,0.0,0.0,0.0,HOLD_CASH
2018-04-19,3,DUK,PNW,56.8009,57.2367,2.4112,-1,0.0,-0.5,-0.5,ENTER_SHORT_A
2018-04-20,3,DUK,PNW,56.1933,56.7494,1.8264,-1,0.5457,-0.5,0.0457,HOLDING
2018-04-23,3,DUK,PNW,56.4175,57.0694,1.4856,-1,0.9567,-0.5,0.4567,HOLDING
2018-04-24,3,DUK,PNW,56.5839,57.8623,0.2079,-1,3.6873,-0.5,3.1873,HOLDING
2018-04-25,3,DUK,PNW,57.0686,58.1314,0.5839,-1,2.7297,-0.5,2.2297,HOLDING
2018-04-26,3,DUK,PNW,57.7558,58.9533,0.277,-1,3.295,-0.5,2.795,HOLDING
2018-04-27,3,DUK,PNW,58.2333,59.3606,0.3674,-1,2.9728,-0.5,2.4728,HOLDING
2018-04-30,3,DUK,PNW,57.9873,59.0562,0.4239,-1,2.7255,-0.5,2.2255,HOLDING
2018-05-01,3,DUK,PNW,57.7486,58.704,0.6185,-1,2.238,-0.5,1.738,HOLDING
2018-05-02,3,DUK,PNW,57.8571,58.2639,2.0056,-1,-0.1622,-0.5,-0.6622,HOLDING
2018-05-03,3,DUK,PNW,57.698,58.55,0.6372,-1,1.7881,-0.5,1.2881,HOLDING
2018-05-04,3,DUK,PNW,57.7848,58.8361,-0.0235,-1,2.6556,-0.5,2.1556,HOLDING
2018-05-07,3,DUK,PNW,57.5099,58.506,0.1002,-1,2.4236,-0.5,1.9236,HOLDING
2018-05-08,3,DUK,PNW,56.338,57.4422,-0.3021,-1,2.9352,-0.5,2.4352,HOLDING
2018-05-09,3,DUK,PNW,56.1644,56.7893,1.1296,-1,0.8475,-0.5,0.3475,HOLDING
2018-05-10,3,DUK,PNW,56.5405,57.3175,0.5863,-1,1.4989,-0.5,0.9989,HOLDING
2018-05-11,3,DUK,PNW,56.3597,57.3102,-0.0621,-1,2.2629,-0.5,1.7629,HOLDING
2018-05-14,3,DUK,PNW,56.3018,57.2808,-0.2235,-1,2.3896,-0.5,1.8896,HOLDING
2018-05-15,3,DUK,PNW,55.6508,56.6646,-0.5408,-1,2.5634,-0.5,2.0634,HOLDING
2018-05-16,3,DUK,PNW,54.9997,56.4519,-2.0415,-1,4.4996,-0.5,3.9996,HOLDING
2018-05-17,3,DUK,PNW,54.2751,56.0264,-2.586,-1,5.8305,-0.5,5.3305,HOLDING
2018-05-18,3,DUK,PNW,54.0189,56.1511,-2.8208,-1,7.5029,-0.5,7.0029,HOLDING
2018-05-21,3,DUK,PNW,53.931,55.9236,-2.0714,-1,6.8961,-0.5,6.3961,HOLDING
2018-05-22,3,DUK,PNW,54.2165,56.2684,-1.8772,-1,7.1457,-0.5,6.6457,HOLDING
2018-05-23,3,DUK,PNW,54.8021,56.8553,-1.6049,-1,7.1318,-0.5,6.6318,HOLDING
2018-05-24,3,DUK,PNW,55.4389,57.2368,-0.998,-1,5.9953,-0.5,5.4953,HOLDING
2018-05-25,3,DUK,PNW,55.4901,57.5083,-1.2521,-1,6.9554,-0.5,6.4554,HOLDING
2018-05-29,3,DUK,PNW,56.0684,57.8751,-0.7793,-1,6.0124,-0.5,5.5124,HOLDING
2018-05-30,3,DUK,PNW,56.3465,58.5573,-1.2912,-1,7.7683,-0.5,7.2683,HOLDING
2018-05-31,3,DUK,PNW,56.4783,58.4033,-0.745,-1,6.5154,-0.5,6.0154,HOLDING
2018-06-01,3,DUK,PNW,55.6877,56.914,0.5033,-1,3.49,-0.5,2.99,HOLDING
2018-06-04,3,DUK,PNW,55.168,56.0924,1.032,-1,2.1886,-0.5,1.6886,HOLDING
2018-06-05,3,DUK,PNW,54.7142,55.5348,1.1847,-1,1.7507,-0.5,1.2507,HOLDING
2018-06-06,3,DUK,PNW,53.5358,54.3977,1.038,-1,1.9708,-0.5,1.4708,HOLDING
2018-06-07,3,DUK,PNW,53.7846,54.6398,1.1194,-1,1.9329,-0.5,1.4329,HOLDING
2018-06-08,3,DUK,PNW,53.5211,54.5811,0.7751,-1,2.8363,-0.5,2.3363,HOLDING
2018-06-11,3,DUK,PNW,52.7892,53.9649,0.5551,-1,3.3663,-0.5,2.8663,HOLDING
2018-06-12,3,DUK,PNW,53.0527,54.7132,-0.3608,-1,5.4749,-0.5,4.9749,HOLDING
2018-06-13,3,DUK,PNW,52.8843,54.5445,-0.307,-1,5.479,-0.5,4.979,HOLDING
2018-06-14,3,DUK,PNW,53.77,55.3221,-0.0014,-1,4.9774,-0.5,4.4774,HOLDING
2018-06-15,3,DUK,PNW,54.3848,55.8356,0.2205,-1,4.5142,-0.5,4.0142,HOLDING
2018-06-18,3,DUK,PNW,54.4654,56.0117,-0.0447,-1,4.9288,-0.5,4.4288,HOLDING
2018-06-19,3,DUK,PNW,55.3876,56.9947,-0.1743,-1,5.1634,-0.5,4.6634,HOLDING
2018-06-20,3,DUK,PNW,55.7683,56.9067,0.8235,-1,3.1036,-0.5,2.6036,HOLDING
2018-06-21,3,DUK,PNW,56.2953,56.8773,1.8668,-1,0.6558,-0.5,0.1558,HOLDING
2018-06-22,3,DUK,PNW,56.6759,57.4349,1.3278,-1,1.4159,-0.5,0.9159,HOLDING
2018-06-25,3,DUK,PNW,57.8836,58.6967,1.1398,-1,1.6116,-0.5,1.1116,HOLDING
2018-06-26,3,DUK,PNW,57.6713,58.9315,0.1218,-1,3.5714,-0.5,3.0714,HOLDING
2018-06-27,3,DUK,PNW,58.2057,59.3643,0.2814,-1,3.1101,-0.5,2.6101,HOLDING
2018-06-28,3,DUK,PNW,57.9934,59.1149,0.2823,-1,2.9549,-0.5,2.4549,HOLDING
2018-06-29,3,DUK,PNW,57.8836,59.1002,0.0083,-1,3.374,-0.5,2.874,HOLDING
2018-07-02,3,DUK,PNW,58.3814,59.7531,-0.3337,-1,4.0352,-0.5,3.5352,HOLDING
2018-07-03,3,DUK,PNW,58.418,60.0246,-0.8788,-1,5.0597,-0.5,4.5597,HOLDING
2018-07-05,3,DUK,PNW,59.0035,60.4354,-0.3008,-1,4.2769,-0.5,3.7769,HOLDING
2018-07-06,3,DUK,PNW,59.7428,60.6995,1.0656,-1,2.1765,-0.5,1.6765,HOLDING
2018-07-09,3,DUK,PNW,57.5616,58.3079,1.4344,-1,1.3309,-0.5,0.8309,HOLDING
2018-07-10,3,DUK,PNW,58.2057,58.6234,1.9753,-1,-0.1261,-0.5,-0.6261,HOLDING
2018-07-11,3,DUK,PNW,58.8352,59.3056,1.6533,-1,0.0832,-0.5,-0.4168,HOLDING
2018-07-12,3,DUK,PNW,58.923,58.9461,2.2532,-1,-1.8735,-0.5,-2.3735,HOLDING
2018-07-13,3,DUK,PNW,59.0109,58.7994,2.2593,-1,-2.901,-0.5,-3.401,HOLDING
2018-07-16,3,DUK,PNW,59.128,58.9168,1.9251,-1,-2.9037,-0.5,-3.4037,HOLDING
2018-07-17,3,DUK,PNW,59.0328,58.8655,1.639,-1,-2.7093,-0.5,-3.2093,HOLDING
2018-07-18,3,DUK,PNW,58.8791,58.682,1.5226,-1,-2.8338,-0.5,-3.3338,HOLDING
2018-07-19,3,DUK,PNW,59.4354,59.2616,1.3226,-1,-2.7508,-0.5,-3.2508,HOLDING
2018-07-20,3,DUK,PNW,59.0328,58.6454,1.4882,-1,-3.6706,-0.5,-4.1706,HOLDING
2018-07-23,3,DUK,PNW,58.5351,58.0731,1.4277,-1,-3.9792,-0.5,-4.4792,HOLDING
2018-07-24,3,DUK,PNW,58.4765,57.9411,1.3672,-1,-4.2982,-0.5,-4.7982,HOLDING
2018-07-25,3,DUK,PNW,58.6888,58.506,0.7979,-1,-2.7652,-0.5,-3.2652,HOLDING
2018-07-26,3,DUK,PNW,59.3915,59.3937,0.4752,-1,-1.9807,-0.5,-2.4807,HOLDING
2018-07-27,3,DUK,PNW,59.3549,59.1736,0.6546,-1,-2.781,-0.5,-3.281,HOLDING
2018-07-30,3,DUK,PNW,59.1207,58.8728,0.6732,-1,-3.0638,-0.5,-3.5638,HOLDING
2018-07-31,3,DUK,PNW,59.7428,59.5203,0.5576,-1,-2.974,-0.5,-3.474,HOLDING
2018-08-01,3,DUK,PNW,59.3256,58.8913,0.8788,-1,-3.885,-0.5,-4.385,HOLDING
2018-08-02,3,DUK,PNW,58.8864,59.2391,-0.9427,-1,-0.433,-0.5,-0.933,HOLDING
2018-08-03,3,DUK,PNW,59.6916,59.4389,0.4634,-1,-3.104,-0.5,-3.604,HOLDING
2018-08-06,3,DUK,PNW,59.3768,60.0383,-2.2943,-1,0.8994,-0.5,0.3994,HOLDING
2018-08-07,3,DUK,PNW,59.2012,59.8607,-2.1128,-1,0.897,-0.5,0.397,HOLDING
2018-08-08,3,DUK,PNW,58.8718,59.8533,-2.5515,-1,2.3144,-0.5,1.8144,HOLDING
2018-08-09,3,DUK,PNW,59.1499,60.1715,-2.1665,-1,2.4801,-0.5,1.9801,HOLDING
2018-08-10,3,DUK,PNW,59.2085,60.1641,-1.7453,-1,2.19,-0.5,1.69,HOLDING
2018-08-13,3,DUK,PNW,59.2451,60.0975,-1.3767,-1,1.738,-0.5,1.238,HOLDING
2018-08-14,3,DUK,PNW,59.45,60.2159,-1.0982,-1,1.353,-0.5,0.853,HOLDING
2018-08-15,3,DUK,PNW,59.9185,60.7561,-1.0953,-1,1.6508,-0.5,1.1508,HOLDING
2018-08-16,3,DUK,PNW,60.5537,60.4601,0.5146,-1,-2.438,-0.5,-2.938,HOLDING
2018-08-17,3,DUK,PNW,60.9165,60.8819,0.4552,-1,-2.1923,-0.5,-2.6923,HOLDING
2018-08-20,3,DUK,PNW,60.5685,60.808,0.0381,-1,-0.9838,-0.5,-1.4838,HOLDING
2018-08-21,3,DUK,PNW,60.1761,60.4379,0.0744,-1,-0.8731,-0.5,-1.3731,HOLDING
2018-08-22,3,DUK,PNW,59.843,59.5943,1.0767,-1,-3.0914,-0.5,-3.5914,HOLDING
2018-08-23,3,DUK,PNW,59.88,59.8163,0.6994,-1,-2.2847,-0.5,-2.7847,HOLDING
2018-08-24,3,DUK,PNW,60.2724,60.1123,0.8922,-1,-2.7189,-0.5,-3.2189,HOLDING
2018-08-27,3,DUK,PNW,59.6653,59.5943,0.7489,-1,-2.3094,-0.5,-2.8094,HOLDING
2018-08-28,3,DUK,PNW,59.4876,58.7507,1.8976,-1,-5.2121,-0.5,-5.7121,HOLDING
2018-08-29,3,DUK,PNW,59.769,58.8247,2.0583,-1,-6.1274,-0.5,-6.6274,HOLDING
2018-08-30,3,DUK,PNW,60.2057,58.2475,2.7546,-1,-10.5709,-0.5,-11.0709,HOLDING
2018-08-31,3,DUK,PNW,60.1465,58.1291,2.3023,-1,-10.8274,-0.5,-11.3274,HOLDING
2018-09-04,3,DUK,PNW,60.2798,58.5953,1.6683,-1,-9.3777,-0.5,-9.8777,HOLDING
2018-09-05,3,DUK,PNW,61.5902,59.2317,1.9598,-1,0.0,-13.3953,-13.3953,PERIOD_END_EXIT
2018-03-08,4,DTE,LNT,65.4227,30.0411,0.0,0,0.0,0.0,0.0,HOLD_CASH
2018-03-09,4,DTE,LNT,65.5074,30.3469,0.0,0,0.0,0.0,0.0,HOLD_CASH
2018-03-12,4,DTE,LNT,65.755,30.7388,0.0,0,0.0,0.0,0.0,HOLD_CASH
2018-03-13,4,DTE,LNT,65.768,30.8094,0.0,0,0.0,0.0,0.0,HOLD_CASH
2018-03-14,4,DTE,LNT,66.3154,30.9975,0.0,0,0.0,0.0,0.0,HOLD_CASH
2018-03-15,4,DTE,LNT,66.2828,31.0916,0.0,0,0.0,0.0,0.0,HOLD_CASH
2018-03-16,4,DTE,LNT,67.2248,31.4601,0.0,0,0.0,0.0,0.0,HOLD_CASH
2018-03-19,4,DTE,LNT,67.1722,31.2249,0.0,0,0.0,0.0,0.0,HOLD_CASH
2018-03-20,4,DTE,LNT,67.1459,31.1073,0.0,0,0.0,0.0,0.0,HOLD_CASH
2018-03-21,4,DTE,LNT,67.3957,31.0916,0.0,0,0.0,0.0,0.0,HOLD_CASH
2018-03-22,4,DTE,LNT,67.4088,31.2249,0.0,0,0.0,0.0,0.0,HOLD_CASH
2018-03-23,4,DTE,LNT,66.4491,30.927,0.0,0,0.0,0.0,0.0,HOLD_CASH
2018-03-26,4,DTE,LNT,67.1262,31.2327,0.0,0,0.0,0.0,0.0,HOLD_CASH
2018-03-27,4,DTE,LNT,68.2371,31.7737,0.0,0,0.0,0.0,0.0,HOLD_CASH
2018-03-28,4,DTE,LNT,68.3619,31.8442,0.0,0,0.0,0.0,0.0,HOLD_CASH
2018-03-29,4,DTE,LNT,68.6249,32.0323,0.0,0,0.0,0.0,0.0,HOLD_CASH
2018-04-02,4,DTE,LNT,68.145,31.9775,0.0,0,0.0,0.0,0.0,HOLD_CASH
2018-04-03,4,DTE,LNT,68.638,32.001,0.0,0,0.0,0.0,0.0,HOLD_CASH
2018-04-04,4,DTE,LNT,68.2896,32.0794,0.0,0,0.0,0.0,0.0,HOLD_CASH
2018-04-05,4,DTE,LNT,68.7761,32.4008,-1.6933,0,0.0,0.0,0.0,HOLD_CASH
2018-04-06,4,DTE,LNT,68.4014,32.1578,-1.3419,0,0.0,0.0,0.0,HOLD_CASH
2018-04-09,4,DTE,LNT,68.5854,32.1813,-0.9037,0,0.0,0.0,0.0,HOLD_CASH
2018-04-10,4,DTE,LNT,68.0727,31.9461,-0.8807,0,0.0,0.0,0.0,HOLD_CASH
2018-04-11,4,DTE,LNT,67.9281,32.1578,-2.061,1,0.0,-0.5,-0.5,ENTER_LONG_A
2018-04-12,4,DTE,LNT,67.113,31.7658,-1.7596,1,0.0474,-0.5,-0.4526,HOLDING
2018-04-13,4,DTE,LNT,67.3365,32.2283,-2.5674,1,-2.7259,-0.5,-3.2259,HOLDING
2018-04-16,4,DTE,LNT,68.1056,32.6046,-2.133,1,-2.8207,-0.5,-3.3207,HOLDING
2018-04-17,4,DTE,LNT,68.684,32.8085,-1.6645,1,-2.2766,-0.5,-2.7766,HOLDING
2018-04-18,4,DTE,LNT,68.3685,32.6125,-1.3782,1,-1.9141,-0.5,-2.4141,HOLDING
2018-04-19,4,DTE,LNT,68.191,32.5576,-1.3452,1,-2.1406,-0.5,-2.6406,HOLDING
2018-04-20,4,DTE,LNT,67.5271,32.5654,-1.9801,1,-4.645,-0.5,-5.145,HOLDING
2018-04-23,4,DTE,LNT,67.9215,32.683,-1.5795,1,-4.1077,-0.5,-4.6077,HOLDING
2018-04-24,4,DTE,LNT,68.4934,33.0044,-1.5193,1,-4.5016,-0.5,-5.0016,HOLDING
2018-04-25,4,DTE,LNT,68.3685,33.1064,-1.7063,1,-5.7537,-0.5,-6.2537,HOLDING
2018-04-26,4,DTE,LNT,68.9075,33.6003,-1.9632,1,-7.6095,-0.5,-8.1095,HOLDING
2018-04-27,4,DTE,LNT,69.4465,34.023,-1.9938,1,-8.9119,-0.5,-9.4119,HOLDING
2018-04-30,4,DTE,LNT,69.2822,33.9361,-1.7259,1,-8.8412,-0.5,-9.3412,HOLDING
2018-05-01,4,DTE,LNT,69.0193,33.8333,-1.6063,1,-9.0103,-0.5,-9.5103,HOLDING
2018-05-02,4,DTE,LNT,68.8549,33.8729,-1.6321,1,-9.9222,-0.5,-10.4222,HOLDING
2018-05-03,4,DTE,LNT,68.7563,34.1573,-1.9385,1,-12.4964,-0.5,-12.9964,HOLDING
2018-05-04,4,DTE,LNT,68.809,34.1889,-1.7209,1,-12.5484,-0.5,-13.0484,HOLDING
2018-05-07,4,DTE,LNT,68.4605,33.9282,-1.4349,1,-11.8036,-0.5,-12.3036,HOLDING
2018-05-08,4,DTE,LNT,66.4557,32.9642,-1.3781,1,-11.6883,-0.5,-12.1883,HOLDING
2018-05-09,4,DTE,LNT,65.8904,32.6007,-1.1189,1,-10.9432,-0.5,-11.4432,HOLDING
2018-05-10,4,DTE,LNT,66.6069,32.98,-1.0772,1,-11.2548,-0.5,-11.7548,HOLDING
2018-05-11,4,DTE,LNT,67.3431,32.9168,-0.1612,1,-8.0537,-0.5,-8.5537,HOLDING
2018-05-14,4,DTE,LNT,67.2379,32.7193,0.2098,1,-6.9054,-0.5,-7.4054,HOLDING
2018-05-15,4,DTE,LNT,66.6989,32.4348,0.3455,1,-6.6777,-0.5,-7.1777,HOLDING
2018-05-16,4,DTE,LNT,66.0416,32.3084,-0.02,1,-8.114,-0.5,-8.614,HOLDING
2018-05-17,4,DTE,LNT,65.2856,32.1109,-0.3991,1,-9.3605,-0.5,-9.8605,HOLDING
2018-05-18,4,DTE,LNT,65.68,32.0556,0.4334,1,-7.479,-0.5,-7.979,HOLDING
2018-05-21,4,DTE,LNT,65.7129,31.8264,1.3317,1,-5.5766,-0.5,-6.0766,HOLDING
2018-05-22,4,DTE,LNT,65.8115,31.8264,1.5709,1,-5.2137,-0.5,-5.7137,HOLDING
2018-05-23,4,DTE,LNT,66.6726,31.9923,2.1854,1,-3.3346,-0.5,-3.8346,HOLDING
2018-05-24,4,DTE,LNT,67.1327,32.1978,1.93,1,-3.2382,-0.5,-3.7382,HOLDING
2018-05-25,4,DTE,LNT,67.1656,32.2294,1.6485,1,-3.363,-0.5,-3.863,HOLDING
2018-05-29,4,DTE,LNT,67.113,32.3953,1.0489,1,-4.8465,-0.5,-5.3465,HOLDING
2018-05-30,4,DTE,LNT,67.3431,32.743,0.4151,1,-6.7025,-0.5,-7.2025,HOLDING
2018-05-31,4,DTE,LNT,67.3299,32.7272,0.3909,1,-6.628,-0.5,-7.128,HOLDING
2018-06-01,4,DTE,LNT,66.4097,32.103,0.7635,1,-5.1622,-0.5,-5.6622,HOLDING
2018-06-04,4,DTE,LNT,65.7589,31.7869,0.6915,1,-5.1002,-0.5,-5.6002,HOLDING
2018-06-05,4,DTE,LNT,65.2659,31.4076,1.0139,1,-3.9661,-0.5,-4.4661,HOLDING
2018-06-06,4,DTE,LNT,63.7212,30.9178,0.1295,1,-5.8428,-0.5,-6.3428,HOLDING
2018-06-07,4,DTE,LNT,63.7869,30.9652,-0.0301,1,-5.9696,-0.5,-6.4696,HOLDING
2018-06-08,4,DTE,LNT,63.7409,30.9968,-0.4256,1,-6.3846,-0.5,-6.8846,HOLDING
2018-06-11,4,DTE,LNT,62.2488,30.3252,-0.7308,1,-6.6549,-0.5,-7.1549,HOLDING
2018-06-12,4,DTE,LNT,63.4254,30.8546,-0.5196,1,-6.4401,-0.5,-6.9401,HOLDING
2018-06-13,4,DTE,LNT,63.1559,30.9494,-1.4793,1,-8.1691,-0.5,-8.6691,HOLDING
2018-06-14,4,DTE,LNT,63.7935,31.3049,-1.6011,1,-8.5866,-0.5,-9.0866,HOLDING
2018-06-15,4,DTE,LNT,64.3859,31.5736,-1.586,1,-8.495,-0.5,-8.995,HOLDING
2018-06-18,4,DTE,LNT,64.6115,31.8659,-2.0805,1,-9.9376,-0.5,-10.4376,HOLDING
2018-06-19,4,DTE,LNT,65.7392,32.4585,-1.8857,1,-10.3942,-0.5,-10.8942,HOLDING
2018-06-20,4,DTE,LNT,65.8652,32.4348,-1.4042,1,-9.7459,-0.5,-10.2459,HOLDING
2018-06-21,4,DTE,LNT,66.3826,32.3716,-0.2632,1,-7.3503,-0.5,-7.8503,HOLDING
2018-06-22,4,DTE,LNT,66.6347,32.4664,-0.0781,1,-7.1596,-0.5,-7.6596,HOLDING
2018-06-25,4,DTE,LNT,68.187,33.3909,-0.6416,1,-8.6336,-0.5,-9.1336,HOLDING
2018-06-26,4,DTE,LNT,68.4589,33.4067,-0.0875,1,-7.7554,-0.5,-8.2554,HOLDING
2018-06-27,4,DTE,LNT,69.109,33.5094,0.8091,1,-6.1614,-0.5,-6.6614,HOLDING
2018-06-28,4,DTE,LNT,68.9498,33.4699,0.6345,1,-6.4401,-0.5,-6.9401,HOLDING
2018-06-29,4,DTE,LNT,68.7442,33.4383,0.4028,1,-6.9514,-0.5,-7.4514,HOLDING
2018-07-02,4,DTE,LNT,69.381,33.7464,0.477,1,-7.0032,-0.5,-7.5032,HOLDING
2018-07-03,4,DTE,LNT,69.6663,33.9677,0.2327,1,-7.6732,-0.5,-8.1732,HOLDING
2018-07-05,4,DTE,LNT,70.5353,34.2995,0.7459,1,-7.0551,-0.5,-7.5551,HOLDING
2018-07-06,4,DTE,LNT,70.9996,34.6393,0.1955,1,-7.9873,-0.5,-8.4873,HOLDING
2018-07-09,4,DTE,LNT,68.4258,33.3277,0.5318,1,-7.2632,-0.5,-7.7632,HOLDING
2018-07-10,4,DTE,LNT,68.9896,33.62,0.4352,1,-7.4609,-0.5,-7.9609,HOLDING
2018-07-11,4,DTE,LNT,70.0908,34.0625,0.9438,1,-6.8479,-0.5,-7.3479,HOLDING
2018-07-12,4,DTE,LNT,70.2633,34.0862,1.1501,1,-6.3975,-0.5,-6.8975,HOLDING
2018-07-13,4,DTE,LNT,70.4424,33.9203,2.0934,1,-4.4484,-0.5,-4.9484,HOLDING
2018-07-16,4,DTE,LNT,70.5154,33.8017,2.2872,1,-3.2584,-0.5,-3.7584,HOLDING
2018-07-17,4,DTE,LNT,70.5684,33.8808,1.8496,1,-3.6774,-0.5,-4.1774,HOLDING
2018-07-18,4,DTE,LNT,70.3561,33.7306,1.8915,1,-3.2915,-0.5,-3.7915,HOLDING
2018-07-19,4,DTE,LNT,71.2252,33.944,2.3575,1,-1.7518,-0.5,-2.2518,HOLDING
2018-07-20,4,DTE,LNT,70.7144,33.6121,2.2043,1,-1.0517,-0.5,-1.5517,HOLDING
2018-07-23,4,DTE,LNT,70.6016,33.3277,2.3754,1,0.7445,-0.5,0.2445,HOLDING
2018-07-24,4,DTE,LNT,70.794,33.3356,2.1777,1,1.3912,-0.5,0.8912,HOLDING
2018-07-25,4,DTE,LNT,71.8421,33.2803,2.6936,1,5.6786,-0.5,5.1786,HOLDING
2018-07-26,4,DTE,LNT,72.187,34.023,1.3237,1,1.1741,-0.5,0.6741,HOLDING
2018-07-27,4,DTE,LNT,72.0477,33.9282,1.2387,1,1.3985,-0.5,0.8985,HOLDING
2018-07-30,4,DTE,LNT,71.4971,33.6932,1.076,1,1.1985,-0.5,0.6985,HOLDING
2018-07-31,4,DTE,LNT,72.0013,34.2188,0.4686,1,-1.0321,-0.5,-1.5321,HOLDING
2018-08-01,4,DTE,LNT,71.5369,33.741,0.8743,1,0.9735,-0.5,0.4735,HOLDING
2018-08-02,4,DTE,LNT,72.1075,33.8207,1.1294,1,2.4541,-0.5,1.9541,HOLDING
2018-08-03,4,DTE,LNT,73.0361,34.0516,1.393,1,4.0765,-0.5,3.5765,HOLDING
2018-08-06,4,DTE,LNT,73.3015,34.171,1.2846,1,4.1245,-0.5,3.6245,HOLDING
2018-08-07,4,DTE,LNT,73.202,33.9162,1.5721,1,5.7395,-0.5,5.2395,HOLDING
2018-08-08,4,DTE,LNT,73.0759,33.8207,1.525,1,6.0184,-0.5,5.5184,HOLDING
2018-08-09,4,DTE,LNT,73.4474,34.0675,1.2826,1,5.4664,-0.5,4.9664,HOLDING
2018-08-10,4,DTE,LNT,73.1954,34.0197,1.0362,1,4.9101,-0.5,4.4101,HOLDING
2018-08-13,4,DTE,LNT,73.4939,34.0197,1.2559,1,6.0087,-0.5,5.5087,HOLDING
2018-08-14,4,DTE,LNT,73.6597,34.0277,1.33,1,6.5573,-0.5,6.0573,HOLDING
2018-08-15,4,DTE,LNT,74.4756,34.2586,1.5948,1,7.7648,-0.5,7.2648,HOLDING
2018-08-16,4,DTE,LNT,75.0793,34.5931,1.3313,1,7.3863,-0.5,6.8863,HOLDING
2018-08-17,4,DTE,LNT,75.3711,34.7126,1.2673,1,7.5318,-0.5,7.0318,HOLDING
2018-08-20,4,DTE,LNT,75.1589,34.617,1.1426,1,7.4936,-0.5,6.9936,HOLDING
2018-08-21,4,DTE,LNT,74.7742,34.402,1.1324,1,7.7491,-0.5,7.2491,HOLDING
2018-08-22,4,DTE,LNT,73.7857,34.1233,0.6032,1,6.2782,-0.5,5.7782,HOLDING
2018-08-23,4,DTE,LNT,73.9184,34.2746,0.272,1,5.5902,-0.5,5.0902,HOLDING
2018-08-24,4,DTE,LNT,74.2302,34.3861,0.3014,1,5.871,-0.5,5.371,HOLDING
2018-08-27,4,DTE,LNT,73.8587,34.0755,0.6704,1,6.9182,-0.5,6.4182,HOLDING
2018-08-28,4,DTE,LNT,73.454,33.9242,0.5028,1,6.6052,-0.5,6.1052,HOLDING
2018-08-29,4,DTE,LNT,73.8123,34.179,-0.055,1,5.9424,-0.5,5.4424,HOLDING
2018-08-30,4,DTE,LNT,74.2036,34.2347,0.649,1,6.9496,-0.5,6.4496,HOLDING
2018-08-31,4,DTE,LNT,73.726,34.1153,-0.2233,1,6.1204,-0.5,5.6204,HOLDING
2018-09-04,4,DTE,LNT,74.0776,34.3144,-0.7322,1,5.8667,-0.5,5.3667,HOLDING
2018-09-05,4,DTE,LNT,75.139,34.824,-0.8989,1,0.0,4.7633,4.7633,PERIOD_END_EXIT
2018-03-08,5,AEP,LNT,49.263,30.0411,0.0,0,0.0,0.0,0.0,HOLD_CASH
2018-03-09,5,AEP,LNT,49.5271,30.3469,0.0,0,0.0,0.0,0.0,HOLD_CASH
2018-03-12,5,AEP,LNT,49.693,30.7388,0.0,0,0.0,0.0,0.0,HOLD_CASH
2018-03-13,5,AEP,LNT,49.8213,30.8094,0.0,0,0.0,0.0,0.0,HOLD_CASH
2018-03-14,5,AEP,LNT,50.2362,30.9975,0.0,0,0.0,0.0,0.0,HOLD_CASH
2018-03-15,5,AEP,LNT,50.538,31.0916,0.0,0,0.0,0.0,0.0,HOLD_CASH
2018-03-16,5,AEP,LNT,51.1566,31.4601,0.0,0,0.0,0.0,0.0,HOLD_CASH
2018-03-19,5,AEP,LNT,50.885,31.2249,0.0,0,0.0,0.0,0.0,HOLD_CASH
2018-03-20,5,AEP,LNT,50.885,31.1073,0.0,0,0.0,0.0,0.0,HOLD_CASH
2018-03-21,5,AEP,LNT,50.4776,31.0916,0.0,0,0.0,0.0,0.0,HOLD_CASH
2018-03-22,5,AEP,LNT,50.8171,31.2249,0.0,0,0.0,0.0,0.0,HOLD_CASH
2018-03-23,5,AEP,LNT,50.0853,30.927,0.0,0,0.0,0.0,0.0,HOLD_CASH
2018-03-26,5,AEP,LNT,50.7794,31.2327,0.0,0,0.0,0.0,0.0,HOLD_CASH
2018-03-27,5,AEP,LNT,51.6243,31.7737,0.0,0,0.0,0.0,0.0,HOLD_CASH
2018-03-28,5,AEP,LNT,51.7979,31.8442,0.0,0,0.0,0.0,0.0,HOLD_CASH
2018-03-29,5,AEP,LNT,51.745,32.0323,0.0,0,0.0,0.0,0.0,HOLD_CASH
2018-04-02,5,AEP,LNT,51.5112,31.9775,0.0,0,0.0,0.0,0.0,HOLD_CASH
2018-04-03,5,AEP,LNT,51.6394,32.001,0.0,0,0.0,0.0,0.0,HOLD_CASH
2018-04-04,5,AEP,LNT,51.8054,32.0794,0.0,0,0.0,0.0,0.0,HOLD_CASH
2018-04-05,5,AEP,LNT,52.0091,32.4008,-2.0332,1,0.0,-0.5,-0.5,ENTER_LONG_A
2018-04-06,5,AEP,LNT,51.6998,32.1578,-1.6255,1,0.3883,-0.5,-0.1117,HOLDING
2018-04-09,5,AEP,LNT,51.8356,32.1813,-1.1384,1,0.8595,-0.5,0.3595,HOLDING
2018-04-10,5,AEP,LNT,51.2019,31.9461,-1.8553,1,-0.3718,-0.5,-0.8718,HOLDING
2018-04-11,5,AEP,LNT,51.1415,32.1578,-2.5183,1,-2.2952,-0.5,-2.7952,HOLDING
2018-04-12,5,AEP,LNT,50.2739,31.7658,-2.4841,1,-3.441,-0.5,-3.941,HOLDING
2018-04-13,5,AEP,LNT,50.802,32.2283,-2.3487,1,-4.4714,-0.5,-4.9714,HOLDING
2018-04-16,5,AEP,LNT,51.5036,32.6046,-1.8279,1,-4.0024,-0.5,-4.5024,HOLDING
2018-04-17,5,AEP,LNT,51.9487,32.8085,-1.4334,1,-3.4356,-0.5,-3.9356,HOLDING
2018-04-18,5,AEP,LNT,51.8507,32.6125,-0.9731,1,-2.3947,-0.5,-2.8947,HOLDING
2018-04-19,5,AEP,LNT,51.6922,32.5576,-0.9972,1,-2.7328,-0.5,-3.2328,HOLDING
2018-04-20,5,AEP,LNT,51.647,32.5654,-1.0029,1,-3.011,-0.5,-3.511,HOLDING
2018-04-23,5,AEP,LNT,51.6319,32.683,-1.2383,1,-3.9908,-0.5,-4.4908,HOLDING
2018-04-24,5,AEP,LNT,51.9638,33.0044,-1.4138,1,-4.8752,-0.5,-5.3752,HOLDING
2018-04-25,5,AEP,LNT,52.1222,33.1064,-1.2997,1,-4.9002,-0.5,-5.4002,HOLDING
2018-04-26,5,AEP,LNT,52.6352,33.6003,-1.6489,1,-6.245,-0.5,-6.745,HOLDING
2018-04-27,5,AEP,LNT,53.2237,34.023,-1.5999,1,-6.678,-0.5,-7.178,HOLDING
2018-04-30,5,AEP,LNT,52.7937,33.9361,-1.8623,1,-8.0744,-0.5,-8.5744,HOLDING
2018-05-01,5,AEP,LNT,52.3863,33.8333,-1.9959,1,-9.2401,-0.5,-9.7401,HOLDING
2018-05-02,5,AEP,LNT,52.1977,33.8729,-2.0971,1,-10.4516,-0.5,-10.9516,HOLDING
2018-05-03,5,AEP,LNT,52.2354,34.1573,-2.2553,1,-12.465,-0.5,-12.965,HOLDING
2018-05-04,5,AEP,LNT,52.3486,34.1889,-1.8902,1,-12.1649,-0.5,-12.6649,HOLDING
2018-05-07,5,AEP,LNT,51.8884,33.9282,-1.7742,1,-12.3651,-0.5,-12.8651,HOLDING
2018-05-08,5,AEP,LNT,50.7341,32.9642,-1.218,1,-10.4756,-0.5,-10.9756,HOLDING
2018-05-09,5,AEP,LNT,50.46,32.6007,-0.7284,1,-8.9888,-0.5,-9.4888,HOLDING
2018-05-10,5,AEP,LNT,51.0311,32.98,-0.6755,1,-9.1702,-0.5,-9.6702,HOLDING
2018-05-11,5,AEP,LNT,51.1377,32.9168,-0.3267,1,-8.1699,-0.5,-8.6699,HOLDING
2018-05-14,5,AEP,LNT,51.0996,32.7193,0.1159,1,-6.8289,-0.5,-7.3289,HOLDING
2018-05-15,5,AEP,LNT,50.8712,32.4348,0.4965,1,-5.7321,-0.5,-6.2321,HOLDING
2018-05-16,5,AEP,LNT,50.3686,32.3084,0.1021,1,-7.1723,-0.5,-7.6723,HOLDING
2018-05-17,5,AEP,LNT,49.6605,32.1109,-0.5118,1,-9.0521,-0.5,-9.5521,HOLDING
2018-05-18,5,AEP,LNT,49.4397,32.0556,-0.6942,1,-9.6868,-0.5,-10.1868,HOLDING
2018-05-21,5,AEP,LNT,49.5615,31.8264,0.3855,1,-7.3332,-0.5,-7.8332,HOLDING
2018-05-22,5,AEP,LNT,49.828,31.8264,1.0544,1,-6.0521,-0.5,-6.5521,HOLDING
2018-05-23,5,AEP,LNT,50.6123,31.9923,2.1104,1,-3.5625,-0.5,-4.0625,HOLDING
2018-05-24,5,AEP,LNT,50.894,32.1978,1.8312,1,-3.7934,-0.5,-4.2934,HOLDING
2018-05-25,5,AEP,LNT,51.1834,32.2294,2.0017,1,-2.6465,-0.5,-3.1465,HOLDING
2018-05-29,5,AEP,LNT,51.4879,32.3953,1.7929,1,-2.4627,-0.5,-2.9627,HOLDING
2018-05-30,5,AEP,LNT,51.7773,32.743,1.2354,1,-3.7543,-0.5,-4.2543,HOLDING
2018-05-31,5,AEP,LNT,51.7392,32.7272,1.0964,1,-3.8154,-0.5,-4.3154,HOLDING
2018-06-01,5,AEP,LNT,50.7722,32.103,1.0323,1,-3.6474,-0.5,-4.1474,HOLDING
2018-06-04,5,AEP,LNT,50.2925,31.7869,0.9783,1,-3.5146,-0.5,-4.0146,HOLDING
2018-06-05,5,AEP,LNT,49.7138,31.4076,0.9482,1,-3.37,-0.5,-3.87,HOLDING
2018-06-06,5,AEP,LNT,48.5869,30.9178,0.1966,1,-5.0071,-0.5,-5.5071,HOLDING
2018-06-07,5,AEP,LNT,48.8458,30.9652,0.5046,1,-4.1285,-0.5,-4.6285,HOLDING
2018-06-08,5,AEP,LNT,48.8153,30.9968,0.2548,1,-4.5188,-0.5,-5.0188,HOLDING
2018-06-11,5,AEP,LNT,47.9168,30.3252,0.5562,1,-3.6555,-0.5,-4.1555,HOLDING
2018-06-12,5,AEP,LNT,48.4041,30.8546,-0.319,1,-5.3978,-0.5,-5.8978,HOLDING
2018-06-13,5,AEP,LNT,48.3204,30.9494,-0.8496,1,-6.532,-0.5,-7.032,HOLDING
2018-06-14,5,AEP,LNT,49.2037,31.3049,-0.1162,1,-5.0297,-0.5,-5.5297,HOLDING
2018-06-15,5,AEP,LNT,49.5311,31.5736,-0.4927,1,-5.5287,-0.5,-6.0287,HOLDING
2018-06-18,5,AEP,LNT,49.8433,31.8659,-1.2683,1,-6.2838,-0.5,-6.7838,HOLDING
2018-06-19,5,AEP,LNT,50.9169,32.4585,-0.9201,1,-5.6955,-0.5,-6.1955,HOLDING
2018-06-20,5,AEP,LNT,50.9397,32.4348,-0.7447,1,-5.4027,-0.5,-5.9027,HOLDING
2018-06-21,5,AEP,LNT,51.3737,32.3716,1.2899,1,-2.8287,-0.5,-3.3287,HOLDING
2018-06-22,5,AEP,LNT,51.2824,32.4664,0.3778,1,-3.9995,-0.5,-4.4995,HOLDING
2018-06-25,5,AEP,LNT,52.5616,33.3909,-0.223,1,-4.9836,-0.5,-5.4836,HOLDING
2018-06-26,5,AEP,LNT,52.7672,33.4067,0.6061,1,-4.1172,-0.5,-4.6172,HOLDING
2018-06-27,5,AEP,LNT,53.1859,33.5094,1.576,1,-2.8967,-0.5,-3.3967,HOLDING
2018-06-28,5,AEP,LNT,52.7976,33.4699,0.2793,1,-4.4585,-0.5,-4.9585,HOLDING
2018-06-29,5,AEP,LNT,52.7291,33.4383,0.2384,1,-4.5441,-0.5,-5.0441,HOLDING
2018-07-02,5,AEP,LNT,53.3382,33.7464,0.7715,1,-3.9936,-0.5,-4.4936,HOLDING
2018-07-03,5,AEP,LNT,53.6809,33.9677,0.7735,1,-4.0536,-0.5,-4.5536,HOLDING
2018-07-05,5,AEP,LNT,54.1606,34.2995,0.5296,1,-4.3085,-0.5,-4.8085,HOLDING
2018-07-06,5,AEP,LNT,54.488,34.6393,-0.3126,1,-5.356,-0.5,-5.856,HOLDING
2018-07-09,5,AEP,LNT,52.4397,33.3277,-0.2371,1,-5.0814,-0.5,-5.5814,HOLDING
2018-07-10,5,AEP,LNT,53.1326,33.62,0.761,1,-4.0064,-0.5,-4.5064,HOLDING
2018-07-11,5,AEP,LNT,53.8712,34.0625,0.8382,1,-3.8702,-0.5,-4.3702,HOLDING
2018-07-12,5,AEP,LNT,53.5895,34.0862,-0.6801,1,-5.4073,-0.5,-5.9073,HOLDING
2018-07-13,5,AEP,LNT,53.5667,33.9203,0.4199,1,-4.237,-0.5,-4.737,HOLDING
2018-07-16,5,AEP,LNT,53.6199,33.8017,1.4397,1,-3.0662,-0.5,-3.5662,HOLDING
2018-07-17,5,AEP,LNT,53.6352,33.8808,0.8612,1,-3.6027,-0.5,-4.1027,HOLDING
2018-07-18,5,AEP,LNT,53.4829,33.7306,1.2524,1,-3.1764,-0.5,-3.6764,HOLDING
2018-07-19,5,AEP,LNT,53.7875,33.944,0.9772,1,-3.3584,-0.5,-3.8584,HOLDING
2018-07-20,5,AEP,LNT,53.6123,33.6121,2.6235,1,-1.6396,-0.5,-2.1396,HOLDING
2018-07-23,5,AEP,LNT,52.8738,33.3277,0.9983,1,-2.9951,-0.5,-3.4951,HOLDING
2018-07-24,5,AEP,LNT,52.5844,33.3356,-0.6388,1,-4.447,-0.5,-4.947,HOLDING
2018-07-25,5,AEP,LNT,52.8281,33.2803,1.0541,1,-2.8489,-0.5,-3.3489,HOLDING
2018-07-26,5,AEP,LNT,54.092,34.023,1.4239,1,-2.5039,-0.5,-3.0039,HOLDING
2018-07-27,5,AEP,LNT,54.1682,33.9282,2.1051,1,-1.4064,-0.5,-1.9064,HOLDING
2018-07-30,5,AEP,LNT,53.6047,33.6932,1.1474,1,-2.3022,-0.5,-2.8022,HOLDING
2018-07-31,5,AEP,LNT,54.1682,34.2188,-0.0389,1,-3.6492,-0.5,-4.1492,HOLDING
2018-08-01,5,AEP,LNT,53.5286,33.741,0.4262,1,-3.0368,-0.5,-3.5368,HOLDING
2018-08-02,5,AEP,LNT,53.6732,33.8207,0.4503,1,-2.956,-0.5,-3.456,HOLDING
2018-08-03,5,AEP,LNT,54.1986,34.0516,1.0514,1,-2.2124,-0.5,-2.7124,HOLDING
2018-08-06,5,AEP,LNT,54.2672,34.171,0.4222,1,-2.8046,-0.5,-3.3046,HOLDING
2018-08-07,5,AEP,LNT,54.2443,33.9162,1.969,1,-0.9482,-0.5,-1.4482,HOLDING
2018-08-08,5,AEP,LNT,54.0083,33.8207,1.413,1,-1.3456,-0.5,-1.8456,HOLDING
2018-08-09,5,AEP,LNT,54.5229,34.0675,1.8354,1,-0.7765,-0.5,-1.2765,HOLDING
2018-08-10,5,AEP,LNT,54.4231,34.0197,1.5587,1,-0.8878,-0.5,-1.3878,HOLDING
2018-08-13,5,AEP,LNT,54.4922,34.0197,1.633,1,-0.5555,-0.5,-1.0555,HOLDING
2018-08-14,5,AEP,LNT,54.5537,34.0277,1.6204,1,-0.3215,-0.5,-0.8215,HOLDING
2018-08-15,5,AEP,LNT,55.1298,34.2586,2.0449,1,0.666,-0.5,0.166,HOLDING
2018-08-16,5,AEP,LNT,55.5676,34.5931,1.4954,1,0.1898,-0.5,-0.3102,HOLDING
2018-08-17,5,AEP,LNT,55.6905,34.7126,1.1578,1,-0.1411,-0.5,-0.6411,HOLDING
2018-08-20,5,AEP,LNT,55.4447,34.617,0.7679,1,-0.5852,-0.5,-1.0852,HOLDING
2018-08-21,5,AEP,LNT,55.0376,34.402,0.4835,1,-0.8833,-0.5,-1.3833,HOLDING
2018-08-22,5,AEP,LNT,54.3386,34.1233,-0.5462,1,-2.0926,-0.5,-2.5926,HOLDING
2018-08-23,5,AEP,LNT,54.8148,34.2746,0.3314,1,-0.9708,-0.5,-1.4708,HOLDING
2018-08-24,5,AEP,LNT,54.9608,34.3861,0.1883,1,-1.1295,-0.5,-1.6295,HOLDING
2018-08-27,5,AEP,LNT,54.6612,34.0755,0.8937,1,-0.1732,-0.5,-0.6732,HOLDING
2018-08-28,5,AEP,LNT,54.6228,33.9242,1.6158,1,0.8096,-0.5,0.3096,HOLDING
2018-08-29,5,AEP,LNT,55.076,34.179,1.6503,1,1.0218,-0.5,0.5218,HOLDING
2018-08-30,5,AEP,LNT,55.1605,34.2347,1.526,1,0.9979,-0.5,0.4979,HOLDING
2018-08-31,5,AEP,LNT,55.099,34.1153,1.869,1,1.6242,-0.5,1.1242,HOLDING
2018-09-04,5,AEP,LNT,55.5062,34.3144,2.0637,1,2.0451,-0.5,1.5451,HOLDING
2018-09-05,5,AEP,LNT,56.2589,34.824,1.5381,1,0.0,0.6919,0.6919,PERIOD_END_EXIT
2018-03-08,6,ED,LNT,56.4625,30.0411,0.0,0,0.0,0.0,0.0,HOLD_CASH
2018-03-09,6,ED,LNT,56.41,30.3469,0.0,0,0.0,0.0,0.0,HOLD_CASH
2018-03-12,6,ED,LNT,56.7474,30.7388,0.0,0,0.0,0.0,0.0,HOLD_CASH
2018-03-13,6,ED,LNT,56.5975,30.8094,0.0,0,0.0,0.0,0.0,HOLD_CASH
2018-03-14,6,ED,LNT,56.9574,30.9975,0.0,0,0.0,0.0,0.0,HOLD_CASH
2018-03-15,6,ED,LNT,57.4147,31.0916,0.0,0,0.0,0.0,0.0,HOLD_CASH
2018-03-16,6,ED,LNT,58.067,31.4601,0.0,0,0.0,0.0,0.0,HOLD_CASH
2018-03-19,6,ED,LNT,57.767,31.2249,0.0,0,0.0,0.0,0.0,HOLD_CASH
2018-03-20,6,ED,LNT,57.6471,31.1073,0.0,0,0.0,0.0,0.0,HOLD_CASH
2018-03-21,6,ED,LNT,57.4822,31.0916,0.0,0,0.0,0.0,0.0,HOLD_CASH
2018-03-22,6,ED,LNT,57.5496,31.2249,0.0,0,0.0,0.0,0.0,HOLD_CASH
2018-03-23,6,ED,LNT,56.665,30.927,0.0,0,0.0,0.0,0.0,HOLD_CASH
2018-03-26,6,ED,LNT,57.2947,31.2327,0.0,0,0.0,0.0,0.0,HOLD_CASH
2018-03-27,6,ED,LNT,58.1944,31.7737,0.0,0,0.0,0.0,0.0,HOLD_CASH
2018-03-28,6,ED,LNT,58.1494,31.8442,0.0,0,0.0,0.0,0.0,HOLD_CASH
2018-03-29,6,ED,LNT,58.4343,32.0323,0.0,0,0.0,0.0,0.0,HOLD_CASH
2018-04-02,6,ED,LNT,57.7821,31.9775,0.0,0,0.0,0.0,0.0,HOLD_CASH
2018-04-03,6,ED,LNT,58.2244,32.001,0.0,0,0.0,0.0,0.0,HOLD_CASH
2018-04-04,6,ED,LNT,58.6817,32.0794,0.0,0,0.0,0.0,0.0,HOLD_CASH
2018-04-05,6,ED,LNT,59.1466,32.4008,-0.8374,0,0.0,0.0,0.0,HOLD_CASH
2018-04-06,6,ED,LNT,58.8992,32.1578,-0.3752,0,0.0,0.0,0.0,HOLD_CASH
2018-04-09,6,ED,LNT,58.8242,32.1813,-0.5893,0,0.0,0.0,0.0,HOLD_CASH
2018-04-10,6,ED,LNT,58.1794,31.9461,-1.052,0,0.0,0.0,0.0,HOLD_CASH
2018-04-11,6,ED,LNT,58.1119,32.1578,-1.9065,0,0.0,0.0,0.0,HOLD_CASH
2018-04-12,6,ED,LNT,57.2122,31.7658,-1.9826,0,0.0,0.0,0.0,HOLD_CASH
2018-04-13,6,ED,LNT,57.4972,32.2283,-2.4748,1,0.0,-0.5,-0.5,ENTER_LONG_A
2018-04-16,6,ED,LNT,58.3219,32.6046,-1.8857,1,0.6669,-0.5,0.1669,HOLDING
2018-04-17,6,ED,LNT,58.8242,32.8085,-1.4912,1,1.2698,-0.5,0.7698,HOLDING
2018-04-18,6,ED,LNT,58.4868,32.6125,-1.3498,1,1.3233,-0.5,0.8233,HOLDING
2018-04-19,6,ED,LNT,58.5618,32.5576,-0.9755,1,2.0749,-0.5,1.5749,HOLDING
2018-04-20,6,ED,LNT,58.1794,32.5654,-1.5144,1,0.3515,-0.5,-0.1485,HOLDING
2018-04-23,6,ED,LNT,58.2544,32.683,-1.5506,1,-0.2347,-0.5,-0.7347,HOLDING
2018-04-24,6,ED,LNT,58.7117,33.0044,-1.5565,1,-0.7393,-0.5,-1.2393,HOLDING
2018-04-25,6,ED,LNT,58.7717,33.1064,-1.5629,1,-1.2693,-0.5,-1.7693,HOLDING
2018-04-26,6,ED,LNT,59.5664,33.6003,-1.5034,1,-1.6449,-0.5,-2.1449,HOLDING
2018-04-27,6,ED,LNT,60.3012,34.023,-1.3668,1,-1.7292,-0.5,-2.2292,HOLDING
2018-04-30,6,ED,LNT,60.0762,33.9361,-1.3172,1,-2.033,-0.5,-2.533,HOLDING
2018-05-01,6,ED,LNT,59.9413,33.8333,-1.1291,1,-1.8231,-0.5,-2.3231,HOLDING
2018-05-02,6,ED,LNT,59.4165,33.8729,-1.7594,1,-4.4114,-0.5,-4.9114,HOLDING
2018-05-03,6,ED,LNT,59.229,34.1573,-2.271,1,-7.4329,-0.5,-7.9329,HOLDING
2018-05-04,6,ED,LNT,59.4165,34.1889,-1.8944,1,-6.8631,-0.5,-7.3631,HOLDING
2018-05-07,6,ED,LNT,58.7492,33.9282,-1.9482,1,-7.7417,-0.5,-8.2417,HOLDING
2018-05-08,6,ED,LNT,57.1523,32.9642,-1.6924,1,-7.2077,-0.5,-7.7077,HOLDING
2018-05-09,6,ED,LNT,56.5525,32.6007,-1.4892,1,-6.9962,-0.5,-7.4962,HOLDING
2018-05-10,6,ED,LNT,57.4072,32.98,-1.1211,1,-6.222,-0.5,-6.722,HOLDING
2018-05-11,6,ED,LNT,57.6021,32.9168,-0.6478,1,-4.8839,-0.5,-5.3839,HOLDING
2018-05-14,6,ED,LNT,57.4522,32.7193,-0.3262,1,-4.0037,-0.5,-4.5037,HOLDING
2018-05-15,6,ED,LNT,56.684,32.4348,-0.6195,1,-5.1371,-0.5,-5.6371,HOLDING
2018-05-16,6,ED,LNT,56.4267,32.3084,-0.5961,1,-5.2753,-0.5,-5.7753,HOLDING
2018-05-17,6,ED,LNT,55.9575,32.1109,-0.72,1,-5.7832,-0.5,-6.2832,HOLDING
2018-05-18,6,ED,LNT,55.9802,32.0556,-0.4417,1,-5.2555,-0.5,-5.7555,HOLDING
2018-05-21,6,ED,LNT,55.8818,31.8264,0.2068,1,-3.9057,-0.5,-4.4057,HOLDING
2018-05-22,6,ED,LNT,56.1088,31.8264,0.7564,1,-2.9186,-0.5,-3.4186,HOLDING
2018-05-23,6,ED,LNT,56.8354,31.9923,1.6512,1,-1.0467,-0.5,-1.5467,HOLDING
2018-05-24,6,ED,LNT,57.4257,32.1978,1.9557,1,-0.0737,-0.5,-0.5737,HOLDING
2018-05-25,6,ED,LNT,57.4484,32.2294,1.7697,1,-0.2201,-0.5,-0.7201,HOLDING
2018-05-29,6,ED,LNT,57.5089,32.3953,1.3001,1,-1.244,-0.5,-1.744,HOLDING
2018-05-30,6,ED,LNT,57.7662,32.743,0.6917,1,-2.8221,-0.5,-3.3221,HOLDING
2018-05-31,6,ED,LNT,58.069,32.7272,1.1868,1,-1.3832,-0.5,-1.8832,HOLDING
2018-06-01,6,ED,LNT,57.1684,32.103,1.3939,1,-0.4569,-0.5,-0.9569,HOLDING
2018-06-04,6,ED,LNT,56.7219,31.7869,1.4253,1,0.0532,-0.5,-0.4468,HOLDING
2018-06-05,6,ED,LNT,56.0105,31.4076,1.248,1,-0.0979,-0.5,-0.5979,HOLDING
2018-06-06,6,ED,LNT,54.7845,30.9178,0.538,1,-1.6286,-0.5,-2.1286,HOLDING
2018-06-07,6,ED,LNT,55.0872,30.9652,0.8802,1,-0.6801,-0.5,-1.1801,HOLDING
2018-06-08,6,ED,LNT,55.0569,30.9968,0.6279,1,-1.0568,-0.5,-1.5568,HOLDING
2018-06-11,6,ED,LNT,54.0277,30.3252,0.898,1,-0.3224,-0.5,-0.8224,HOLDING
2018-06-12,6,ED,LNT,54.8526,30.8546,0.5675,1,-0.8422,-0.5,-1.3422,HOLDING
2018-06-13,6,ED,LNT,54.8147,30.9494,0.0236,1,-1.7421,-0.5,-2.2421,HOLDING
2018-06-14,6,ED,LNT,55.4353,31.3049,-0.0994,1,-1.802,-0.5,-2.302,HOLDING
2018-06-15,6,ED,LNT,55.7986,31.5736,-0.6022,1,-2.3064,-0.5,-2.8064,HOLDING
2018-06-18,6,ED,LNT,55.9272,31.8659,-2.1124,1,-4.0148,-0.5,-4.5148,HOLDING
2018-06-19,6,ED,LNT,56.6537,32.4585,-2.7432,1,-5.4528,-0.5,-5.9528,HOLDING
2018-06-20,6,ED,LNT,56.7824,32.4348,-1.9703,1,-4.7094,-0.5,-5.2094,HOLDING
2018-06-21,6,ED,LNT,57.1003,32.3716,-0.7119,1,-2.837,-0.5,-3.337,HOLDING
2018-06-22,6,ED,LNT,57.3349,32.4664,-0.4608,1,-2.5524,-0.5,-3.0524,HOLDING
2018-06-25,6,ED,LNT,58.5912,33.3909,-1.3342,1,-4.2611,-0.5,-4.7611,HOLDING
2018-06-26,6,ED,LNT,58.6366,33.4067,-1.1601,1,-4.1862,-0.5,-4.6862,HOLDING
2018-06-27,6,ED,LNT,58.9544,33.5094,-0.7732,1,-3.601,-0.5,-4.101,HOLDING
2018-06-28,6,ED,LNT,58.9847,33.4699,-0.4679,1,-3.1629,-0.5,-3.6629,HOLDING
2018-06-29,6,ED,LNT,59.015,33.4383,-0.1873,1,-2.7862,-0.5,-3.2862,HOLDING
2018-07-02,6,ED,LNT,59.2874,33.7464,-0.8173,1,-3.992,-0.5,-4.492,HOLDING
2018-07-03,6,ED,LNT,59.3782,33.9677,-1.4936,1,-5.3132,-0.5,-5.8132,HOLDING
2018-07-05,6,ED,LNT,59.7793,34.2995,-1.7214,1,-6.1435,-0.5,-6.6435,HOLDING
2018-07-06,6,ED,LNT,60.1653,34.6393,-1.9503,1,-7.1009,-0.5,-7.6009,HOLDING
2018-07-09,6,ED,LNT,58.1673,33.3277,-1.1334,1,-5.6135,-0.5,-6.1135,HOLDING
2018-07-10,6,ED,LNT,58.9241,33.62,-0.4378,1,-4.5908,-0.5,-5.0908,HOLDING
2018-07-11,6,ED,LNT,59.8096,34.0625,-0.0376,1,-4.1731,-0.5,-4.6731,HOLDING
2018-07-12,6,ED,LNT,59.9534,34.0862,0.3631,1,-3.7318,-0.5,-4.2318,HOLDING
2018-07-13,6,ED,LNT,60.135,33.9203,1.8666,1,-1.655,-0.5,-2.155,HOLDING
2018-07-16,6,ED,LNT,59.9382,33.8017,1.7838,1,-1.5911,-0.5,-2.0911,HOLDING
2018-07-17,6,ED,LNT,59.7566,33.8808,0.7447,1,-2.9939,-0.5,-3.4939,HOLDING
2018-07-18,6,ED,LNT,59.4388,33.7306,0.513,1,-3.2113,-0.5,-3.7113,HOLDING
2018-07-19,6,ED,LNT,59.6204,33.944,-0.1232,1,-4.0764,-0.5,-4.5764,HOLDING
2018-07-20,6,ED,LNT,59.0679,33.6121,0.0089,1,-3.9043,-0.5,-4.4043,HOLDING
2018-07-23,6,ED,LNT,58.6214,33.3277,0.2258,1,-3.6392,-0.5,-4.1392,HOLDING
2018-07-24,6,ED,LNT,58.7349,33.3356,0.514,1,-3.207,-0.5,-3.707,HOLDING
2018-07-25,6,ED,LNT,58.5685,33.2803,0.2599,1,-3.5017,-0.5,-4.0017,HOLDING
2018-07-26,6,ED,LNT,59.2571,34.023,-1.5443,1,-6.2687,-0.5,-6.7687,HOLDING
2018-07-27,6,ED,LNT,59.4463,33.9282,-0.4124,1,-4.7106,-0.5,-5.2106,HOLDING
2018-07-30,6,ED,LNT,59.1512,33.6932,-0.0062,1,-4.1716,-0.5,-4.6716,HOLDING
2018-07-31,6,ED,LNT,59.7339,34.2188,-0.9763,1,-5.7149,-0.5,-6.2149,HOLDING
2018-08-01,6,ED,LNT,58.8636,33.741,-1.0517,1,-5.7927,-0.5,-6.2927,HOLDING
2018-08-02,6,ED,LNT,59.1739,33.8207,-0.5892,1,-5.0613,-0.5,-5.5613,HOLDING
2018-08-03,6,ED,LNT,59.8701,34.0516,0.2241,1,-3.8254,-0.5,-4.3254,HOLDING
2018-08-06,6,ED,LNT,59.7339,34.171,-1.0067,1,-5.3443,-0.5,-5.8443,HOLDING
2018-08-07,6,ED,LNT,59.4236,33.9162,-0.5221,1,-4.7167,-0.5,-5.2167,HOLDING
2018-08-08,6,ED,LNT,59.416,33.8207,0.0394,1,-4.0084,-0.5,-4.5084,HOLDING
2018-08-09,6,ED,LNT,59.7491,34.0675,-0.2849,1,-4.4755,-0.5,-4.9755,HOLDING
2018-08-10,6,ED,LNT,59.5371,34.0197,-0.6714,1,-5.0262,-0.5,-5.5262,HOLDING
2018-08-13,6,ED,LNT,59.8247,34.0197,0.6711,1,-3.7758,-0.5,-4.2758,HOLDING
2018-08-14,6,ED,LNT,59.966,34.0277,1.3051,1,-3.2233,-0.5,-3.7233,HOLDING
2018-08-15,6,ED,LNT,60.9359,34.2586,2.9221,1,-0.7975,-0.5,-1.2975,HOLDING
2018-08-16,6,ED,LNT,61.6385,34.5931,2.5304,1,-0.337,-0.5,-0.837,HOLDING
2018-08-17,6,ED,LNT,61.9898,34.7126,2.3281,1,0.2639,-0.5,-0.2361,HOLDING
2018-08-20,6,ED,LNT,61.3254,34.617,1.0612,1,-1.8838,-0.5,-2.3838,HOLDING
2018-08-21,6,ED,LNT,60.8061,34.402,0.7063,1,-2.4739,-0.5,-2.9739,HOLDING
2018-08-22,6,ED,LNT,60.2791,34.1233,0.5938,1,-2.603,-0.5,-3.103,HOLDING
2018-08-23,6,ED,LNT,60.3479,34.2746,0.0632,1,-3.4778,-0.5,-3.9778,HOLDING
2018-08-24,6,ED,LNT,60.6762,34.3861,0.3354,1,-2.9149,-0.5,-3.4149,HOLDING
2018-08-27,6,ED,LNT,60.2715,34.0755,0.6302,1,-2.2655,-0.5,-2.7655,HOLDING
2018-08-28,6,ED,LNT,59.9126,33.9242,0.3343,1,-2.6526,-0.5,-3.1526,HOLDING
2018-08-29,6,ED,LNT,60.493,34.179,0.5934,1,-2.1058,-0.5,-2.6058,HOLDING
2018-08-30,6,ED,LNT,60.6304,34.2347,0.6226,1,-1.9404,-0.5,-2.4404,HOLDING
2018-08-31,6,ED,LNT,60.2791,34.1153,0.1843,1,-2.5412,-0.5,-3.0412,HOLDING
2018-09-04,6,ED,LNT,60.7603,34.3144,0.4785,1,-1.9936,-0.5,-2.4936,HOLDING
2018-09-05,6,ED,LNT,61.6232,34.824,0.283,1,0.0,-3.2329,-3.2329,PERIOD_END_EXIT
2018-03-08,7,AEP,XEL,49.263,33.765,0.0,0,0.0,0.0,0.0,HOLD_CASH
2018-03-09,7,AEP,XEL,49.5271,33.8825,0.0,0,0.0,0.0,0.0,HOLD_CASH
2018-03-12,7,AEP,XEL,49.693,34.1799,0.0,0,0.0,0.0,0.0,HOLD_CASH
2018-03-13,7,AEP,XEL,49.8213,34.0625,0.0,0,0.0,0.0,0.0,HOLD_CASH
2018-03-14,7,AEP,XEL,50.2362,34.3863,0.0,0,0.0,0.0,0.0,HOLD_CASH
2018-03-15,7,AEP,XEL,50.538,34.4732,0.0,0,0.0,0.0,0.0,HOLD_CASH
2018-03-16,7,AEP,XEL,51.1566,34.8523,0.0,0,0.0,0.0,0.0,HOLD_CASH
2018-03-19,7,AEP,XEL,50.885,34.8839,0.0,0,0.0,0.0,0.0,HOLD_CASH
2018-03-20,7,AEP,XEL,50.885,34.9549,0.0,0,0.0,0.0,0.0,HOLD_CASH
2018-03-21,7,AEP,XEL,50.4776,35.1129,0.0,0,0.0,0.0,0.0,HOLD_CASH
2018-03-22,7,AEP,XEL,50.8171,35.1998,0.0,0,0.0,0.0,0.0,HOLD_CASH
2018-03-23,7,AEP,XEL,50.0853,34.5443,0.0,0,0.0,0.0,0.0,HOLD_CASH
2018-03-26,7,AEP,XEL,50.7794,34.8602,0.0,0,0.0,0.0,0.0,HOLD_CASH
2018-03-27,7,AEP,XEL,51.6243,35.6262,0.0,0,0.0,0.0,0.0,HOLD_CASH
2018-03-28,7,AEP,XEL,51.7979,35.8079,0.0,0,0.0,0.0,0.0,HOLD_CASH
2018-03-29,7,AEP,XEL,51.745,35.9185,0.0,0,0.0,0.0,0.0,HOLD_CASH
2018-04-02,7,AEP,XEL,51.5112,35.4999,0.0,0,0.0,0.0,0.0,HOLD_CASH
2018-04-03,7,AEP,XEL,51.6394,35.6973,0.0,0,0.0,0.0,0.0,HOLD_CASH
2018-04-04,7,AEP,XEL,51.8054,35.7052,0.0,0,0.0,0.0,0.0,HOLD_CASH
2018-04-05,7,AEP,XEL,52.0091,36.0843,-1.345,0,0.0,0.0,0.0,HOLD_CASH
2018-04-06,7,AEP,XEL,51.6998,35.9106,-1.3662,0,0.0,0.0,0.0,HOLD_CASH
2018-04-09,7,AEP,XEL,51.8356,35.9421,-0.9842,0,0.0,0.0,0.0,HOLD_CASH
2018-04-10,7,AEP,XEL,51.2019,35.5631,-1.1388,0,0.0,0.0,0.0,HOLD_CASH
2018-04-11,7,AEP,XEL,51.1415,35.413,-0.5895,0,0.0,0.0,0.0,HOLD_CASH
2018-04-12,7,AEP,XEL,50.2739,34.7654,-0.3023,0,0.0,0.0,0.0,HOLD_CASH
2018-04-13,7,AEP,XEL,50.802,35.1287,-0.2018,0,0.0,0.0,0.0,HOLD_CASH
2018-04-16,7,AEP,XEL,51.5036,35.7605,-1.0054,0,0.0,0.0,0.0,HOLD_CASH
2018-04-17,7,AEP,XEL,51.9487,36.0211,-0.6185,0,0.0,0.0,0.0,HOLD_CASH
2018-04-18,7,AEP,XEL,51.8507,35.7921,0.7211,0,0.0,0.0,0.0,HOLD_CASH
2018-04-19,7,AEP,XEL,51.6922,35.8474,-0.7291,0,0.0,0.0,0.0,HOLD_CASH
2018-04-20,7,AEP,XEL,51.647,35.6183,0.9193,0,0.0,0.0,0.0,HOLD_CASH
2018-04-23,7,AEP,XEL,51.6319,35.7842,-0.5316,0,0.0,0.0,0.0,HOLD_CASH
2018-04-24,7,AEP,XEL,51.9638,36.0764,-1.0573,0,0.0,0.0,0.0,HOLD_CASH
2018-04-25,7,AEP,XEL,52.1222,36.1475,-0.5864,0,0.0,0.0,0.0,HOLD_CASH
2018-04-26,7,AEP,XEL,52.6352,36.7082,-2.2008,1,0.0,-0.5,-0.5,ENTER_LONG_A
2018-04-27,7,AEP,XEL,53.2237,37.1979,-2.3513,1,-0.5397,-0.5,-1.0397,HOLDING
2018-04-30,7,AEP,XEL,52.7937,36.9925,-2.4713,1,-1.1837,-0.5,-1.6837,HOLDING
2018-05-01,7,AEP,XEL,52.3863,36.8425,-2.5604,1,-2.0967,-0.5,-2.5967,HOLDING
2018-05-02,7,AEP,XEL,52.1977,36.7556,-2.3072,1,-2.4009,-0.5,-2.9009,HOLDING
2018-05-03,7,AEP,XEL,52.2354,36.7082,-1.6953,1,-1.8991,-0.5,-2.3991,HOLDING
2018-05-04,7,AEP,XEL,52.3486,36.6371,-0.9536,1,-0.8775,-0.5,-1.3775,HOLDING
2018-05-07,7,AEP,XEL,51.8884,36.4318,-1.301,1,-1.6648,-0.5,-2.1648,HOLDING
2018-05-08,7,AEP,XEL,50.7341,35.5394,-0.8754,1,-1.0691,-0.5,-1.5691,HOLDING
2018-05-09,7,AEP,XEL,50.46,35.3893,-0.9499,1,-1.3492,-0.5,-1.8492,HOLDING
2018-05-10,7,AEP,XEL,51.0311,35.7368,-0.6564,1,-1.0034,-0.5,-1.5034,HOLDING
2018-05-11,7,AEP,XEL,51.1377,35.7447,-0.3097,1,-0.5509,-0.5,-1.0509,HOLDING
2018-05-14,7,AEP,XEL,51.0996,35.5473,0.4558,1,0.613,-0.5,0.113,HOLDING
2018-05-15,7,AEP,XEL,50.8712,35.184,1.3144,1,2.0022,-0.5,1.5022,HOLDING
2018-05-16,7,AEP,XEL,50.3686,34.947,0.9149,1,1.2289,-0.5,0.7289,HOLDING
2018-05-17,7,AEP,XEL,49.6605,34.6153,0.2135,1,0.1245,-0.5,-0.3755,HOLDING
2018-05-18,7,AEP,XEL,49.4397,34.5127,0.0762,1,-0.225,-0.5,-0.725,HOLDING
2018-05-21,7,AEP,XEL,49.5615,34.3942,1.2198,1,1.1604,-0.5,0.6604,HOLDING
2018-05-22,7,AEP,XEL,49.828,34.5206,1.4828,1,1.5657,-0.5,1.0657,HOLDING
2018-05-23,7,AEP,XEL,50.6123,35.0339,1.5824,1,1.7946,-0.5,1.2946,HOLDING
2018-05-24,7,AEP,XEL,50.894,35.413,0.6104,1,0.5508,-0.5,0.0508,HOLDING
2018-05-25,7,AEP,XEL,51.1834,35.6894,0.2109,1,0.0426,-0.5,-0.4574,HOLDING
2018-05-29,7,AEP,XEL,51.4879,35.7368,0.9416,1,1.1666,-0.5,0.6666,HOLDING
2018-05-30,7,AEP,XEL,51.7773,36.0211,0.4563,1,0.6045,-0.5,0.1045,HOLDING
2018-05-31,7,AEP,XEL,51.7392,35.9501,0.6156,1,0.9077,-0.5,0.4077,HOLDING
2018-06-01,7,AEP,XEL,50.7722,35.334,0.21,1,0.5101,-0.5,0.0101,HOLDING
2018-06-04,7,AEP,XEL,50.2925,34.8602,0.9975,1,1.4589,-0.5,0.9589,HOLDING
2018-06-05,7,AEP,XEL,49.7138,34.2126,2.2462,1,3.1208,-0.5,2.6208,HOLDING
2018-06-06,7,AEP,XEL,48.5869,33.4465,1.9107,1,2.9856,-0.5,2.4856,HOLDING
2018-06-07,7,AEP,XEL,48.8458,33.7387,1.1492,1,2.2251,-0.5,1.7251,HOLDING
2018-06-08,7,AEP,XEL,48.8153,33.7387,0.9419,1,2.0805,-0.5,1.5805,HOLDING
2018-06-11,7,AEP,XEL,47.9168,33.2727,-0.2358,1,0.9864,-0.5,0.4864,HOLDING
2018-06-12,7,AEP,XEL,48.4041,33.6281,-0.3834,1,0.8805,-0.5,0.3805,HOLDING
2018-06-13,7,AEP,XEL,48.3204,33.565,-0.2944,1,0.9131,-0.5,0.4131,HOLDING
2018-06-14,7,AEP,XEL,49.2037,34.1626,-0.1656,1,1.0378,-0.5,0.5378,HOLDING
2018-06-15,7,AEP,XEL,49.5311,34.5292,-1.2021,1,0.0964,-0.5,-0.4036,HOLDING
2018-06-18,7,AEP,XEL,49.8433,34.7444,-1.2358,1,0.1139,-0.5,-0.3861,HOLDING
2018-06-19,7,AEP,XEL,50.9169,35.2145,0.7841,1,2.0112,-0.5,1.5112,HOLDING
2018-06-20,7,AEP,XEL,50.9397,34.9675,2.2282,1,3.8021,-0.5,3.3021,HOLDING
2018-06-21,7,AEP,XEL,51.3737,34.9436,2.944,1,6.0263,-0.5,5.5263,HOLDING
2018-06-22,7,AEP,XEL,51.2824,34.9436,2.1706,1,5.5924,-0.5,5.0924,HOLDING
2018-06-25,7,AEP,XEL,52.5616,35.9795,1.369,1,4.6128,-0.5,4.1128,HOLDING
2018-06-26,7,AEP,XEL,52.7672,36.123,1.2206,1,4.6125,-0.5,4.1125,HOLDING
2018-06-27,7,AEP,XEL,53.1859,36.4098,1.1009,1,4.6477,-0.5,4.1477,HOLDING
2018-06-28,7,AEP,XEL,52.7976,36.3859,0.1803,1,2.9661,-0.5,2.4661,HOLDING
2018-06-29,7,AEP,XEL,52.7291,36.4019,-0.1079,1,2.532,-0.5,2.032,HOLDING
2018-07-02,7,AEP,XEL,53.3382,36.8402,-0.2011,1,2.4404,-0.5,1.9404,HOLDING
2018-07-03,7,AEP,XEL,53.6809,36.8561,0.61,1,3.9593,-0.5,3.4593,HOLDING
2018-07-05,7,AEP,XEL,54.1606,37.1271,0.7858,1,4.3923,-0.5,3.8923,HOLDING
2018-07-06,7,AEP,XEL,54.488,37.4219,0.4883,1,3.9394,-0.5,3.4394,HOLDING
2018-07-09,7,AEP,XEL,52.4397,35.9875,0.5419,1,3.9798,-0.5,3.4798,HOLDING
2018-07-10,7,AEP,XEL,53.1326,36.4098,0.662,1,4.3946,-0.5,3.8946,HOLDING
2018-07-11,7,AEP,XEL,53.8712,36.9677,0.4002,1,4.1036,-0.5,3.6036,HOLDING
2018-07-12,7,AEP,XEL,53.5895,36.9278,-0.2653,1,3.0368,-0.5,2.5368,HOLDING
2018-07-13,7,AEP,XEL,53.5667,36.872,-0.1768,1,3.3083,-0.5,2.8083,HOLDING
2018-07-16,7,AEP,XEL,53.6199,36.7127,0.6091,1,4.6467,-0.5,4.1467,HOLDING
2018-07-17,7,AEP,XEL,53.6352,36.5453,1.5522,1,5.8589,-0.5,5.3589,HOLDING
2018-07-18,7,AEP,XEL,53.4829,36.3541,1.8639,1,6.4381,-0.5,5.9381,HOLDING
2018-07-19,7,AEP,XEL,53.7875,36.5852,1.5172,1,6.3108,-0.5,5.8108,HOLDING
2018-07-20,7,AEP,XEL,53.6123,36.362,1.9646,1,6.9987,-0.5,6.4987,HOLDING
2018-07-23,7,AEP,XEL,52.8738,36.0831,0.7977,1,5.3901,-0.5,4.8901,HOLDING
2018-07-24,7,AEP,XEL,52.5844,36.2903,-1.2636,1,2.6047,-0.5,2.1047,HOLDING
2018-07-25,7,AEP,XEL,52.8281,36.4098,-0.9286,1,2.948,-0.5,2.448,HOLDING
2018-07-26,7,AEP,XEL,54.092,37.3581,-1.1815,1,2.4931,-0.5,1.9931,HOLDING
2018-07-27,7,AEP,XEL,54.1682,37.1271,0.1161,1,4.4285,-0.5,3.9285,HOLDING
2018-07-30,7,AEP,XEL,53.6047,36.888,-0.649,1,3.3805,-0.5,2.8805,HOLDING
2018-07-31,7,AEP,XEL,54.1682,37.3422,-1.0182,1,2.9632,-0.5,2.4632,HOLDING
2018-08-01,7,AEP,XEL,53.5286,36.9677,-1.2472,1,2.4761,-0.5,1.9761,HOLDING
2018-08-02,7,AEP,XEL,53.6732,37.135,-1.4084,1,2.0235,-0.5,1.5235,HOLDING
2018-08-03,7,AEP,XEL,54.1986,37.5972,-1.6362,1,1.3712,-0.5,0.8712,HOLDING
2018-08-06,7,AEP,XEL,54.2672,37.6769,-1.5617,1,1.1541,-0.5,0.6541,HOLDING
2018-08-07,7,AEP,XEL,54.2443,37.6132,-1.2371,1,1.4796,-0.5,0.9796,HOLDING
2018-08-08,7,AEP,XEL,54.0083,37.7088,-1.8753,1,-0.2928,-0.5,-0.7928,HOLDING
2018-08-09,7,AEP,XEL,54.5229,37.9638,-1.3841,1,0.415,-0.5,-0.085,HOLDING
2018-08-10,7,AEP,XEL,54.4231,37.8761,-1.2088,1,0.5377,-0.5,0.0377,HOLDING
2018-08-13,7,AEP,XEL,54.4922,37.8761,-0.9631,1,0.8661,-0.5,0.3661,HOLDING
2018-08-14,7,AEP,XEL,54.5537,37.8203,-0.593,1,1.5378,-0.5,1.0378,HOLDING
2018-08-15,7,AEP,XEL,55.1298,38.171,-0.3644,1,1.8863,-0.5,1.3863,HOLDING
2018-08-16,7,AEP,XEL,55.5676,38.3861,0.0325,1,2.5005,-0.5,2.0005,HOLDING
2018-08-17,7,AEP,XEL,55.6905,38.4818,0.1624,1,2.4329,-0.5,1.9329,HOLDING
2018-08-20,7,AEP,XEL,55.4447,38.434,-0.3442,1,1.5911,-0.5,1.0911,HOLDING
2018-08-21,7,AEP,XEL,55.0376,38.1869,-0.4949,1,1.3399,-0.5,0.8399,HOLDING
2018-08-22,7,AEP,XEL,54.3386,37.7964,-0.9637,1,0.6792,-0.5,0.1792,HOLDING
2018-08-23,7,AEP,XEL,54.8148,38.0036,-0.1771,1,1.5302,-0.5,1.0302,HOLDING
2018-08-24,7,AEP,XEL,54.9608,38.2108,-0.7907,1,0.8122,-0.5,0.3122,HOLDING
2018-08-27,7,AEP,XEL,54.6612,37.8602,0.3963,1,1.7773,-0.5,1.2773,HOLDING
2018-08-28,7,AEP,XEL,54.6228,37.908,-0.1373,1,1.2692,-0.5,0.7692,HOLDING
2018-08-29,7,AEP,XEL,55.076,38.2826,-0.6198,1,0.8709,-0.5,0.3709,HOLDING
2018-08-30,7,AEP,XEL,55.1605,38.5216,-2.0283,1,-0.3559,-0.5,-0.8559,HOLDING
2018-08-31,7,AEP,XEL,55.099,38.2905,-0.2997,1,0.9263,-0.5,0.4263,HOLDING
2018-09-04,7,AEP,XEL,55.5062,38.6491,-0.9066,1,0.4177,-0.5,-0.0823,HOLDING
2018-09-05,7,AEP,XEL,56.2589,39.2707,-1.5345,1,0.0,-1.2747,-1.2747,PERIOD_END_EXIT
2018-03-08,8,AEE,LNT,42.5783,30.0411,0.0,0,0.0,0.0,0.0,HOLD_CASH
2018-03-09,8,AEE,LNT,42.6811,30.3469,0.0,0,0.0,0.0,0.0,HOLD_CASH
2018-03-12,8,AEE,LNT,43.0131,30.7388,0.0,0,0.0,0.0,0.0,HOLD_CASH
2018-03-13,8,AEE,LNT,43.1231,30.8094,0.0,0,0.0,0.0,0.0,HOLD_CASH
2018-03-14,8,AEE,LNT,43.5537,30.9975,0.0,0,0.0,0.0,0.0,HOLD_CASH
2018-03-15,8,AEE,LNT,43.6653,31.0916,0.0,0,0.0,0.0,0.0,HOLD_CASH
2018-03-16,8,AEE,LNT,44.2393,31.4601,0.0,0,0.0,0.0,0.0,HOLD_CASH
2018-03-19,8,AEE,LNT,44.0081,31.2249,0.0,0,0.0,0.0,0.0,HOLD_CASH
2018-03-20,8,AEE,LNT,43.9523,31.1073,0.0,0,0.0,0.0,0.0,HOLD_CASH
2018-03-21,8,AEE,LNT,43.7689,31.0916,0.0,0,0.0,0.0,0.0,HOLD_CASH
2018-03-22,8,AEE,LNT,43.7849,31.2249,0.0,0,0.0,0.0,0.0,HOLD_CASH
2018-03-23,8,AEE,LNT,43.0594,30.927,0.0,0,0.0,0.0,0.0,HOLD_CASH
2018-03-26,8,AEE,LNT,43.7291,31.2327,0.0,0,0.0,0.0,0.0,HOLD_CASH
2018-03-27,8,AEE,LNT,44.5502,31.7737,0.0,0,0.0,0.0,0.0,HOLD_CASH
2018-03-28,8,AEE,LNT,44.5981,31.8442,0.0,0,0.0,0.0,0.0,HOLD_CASH
2018-03-29,8,AEE,LNT,45.1482,32.0323,0.0,0,0.0,0.0,0.0,HOLD_CASH
2018-04-02,8,AEE,LNT,45.196,31.9775,0.0,0,0.0,0.0,0.0,HOLD_CASH
2018-04-03,8,AEE,LNT,45.5547,32.001,0.0,0,0.0,0.0,0.0,HOLD_CASH
2018-04-04,8,AEE,LNT,45.2917,32.0794,0.0,0,0.0,0.0,0.0,HOLD_CASH
2018-04-05,8,AEE,LNT,45.7939,32.4008,0.8917,0,0.0,0.0,0.0,HOLD_CASH
2018-04-06,8,AEE,LNT,45.5468,32.1578,1.3203,0,0.0,0.0,0.0,HOLD_CASH
2018-04-09,8,AEE,LNT,45.4113,32.1813,0.559,0,0.0,0.0,0.0,HOLD_CASH
2018-04-10,8,AEE,LNT,44.8053,31.9461,-0.6557,0,0.0,0.0,0.0,HOLD_CASH
2018-04-11,8,AEE,LNT,44.6539,32.1578,-2.2375,1,0.0,-0.5,-0.5,ENTER_LONG_A
2018-04-12,8,AEE,LNT,44.1117,31.7658,-1.9036,1,0.0122,-0.5,-0.4878,HOLDING
2018-04-13,8,AEE,LNT,44.2552,32.2283,-2.6872,1,-2.7802,-0.5,-3.2802,HOLDING
2018-04-16,8,AEE,LNT,44.9329,32.6046,-1.9087,1,-1.9117,-0.5,-2.4117,HOLDING
2018-04-17,8,AEE,LNT,45.3554,32.8085,-1.397,1,-1.1307,-0.5,-1.6307,HOLDING
2018-04-18,8,AEE,LNT,45.0924,32.6125,-1.2376,1,-1.0799,-0.5,-1.5799,HOLDING
2018-04-19,8,AEE,LNT,45.3236,32.5576,-0.5049,1,0.6412,-0.5,0.1412,HOLDING
2018-04-20,8,AEE,LNT,44.8611,32.5654,-1.3859,1,-2.0087,-0.5,-2.5087,HOLDING
2018-04-23,8,AEE,LNT,45.1482,32.683,-1.0568,1,-1.316,-0.5,-1.816,HOLDING
2018-04-24,8,AEE,LNT,45.6026,33.0044,-0.9511,1,-1.2705,-0.5,-1.7705,HOLDING
2018-04-25,8,AEE,LNT,45.6106,33.1064,-1.0986,1,-2.0183,-0.5,-2.5183,HOLDING
2018-04-26,8,AEE,LNT,46.1367,33.6003,-1.249,1,-2.9119,-0.5,-3.4119,HOLDING
2018-04-27,8,AEE,LNT,46.7187,34.023,-1.1241,1,-2.9398,-0.5,-3.4398,HOLDING
2018-04-30,8,AEE,LNT,46.7347,33.9361,-0.8002,1,-2.1749,-0.5,-2.6749,HOLDING
2018-05-01,8,AEE,LNT,46.5035,33.8333,-0.9032,1,-2.6708,-0.5,-3.1708,HOLDING
2018-05-02,8,AEE,LNT,46.5433,33.8729,-0.8525,1,-2.7548,-0.5,-3.2548,HOLDING
2018-05-03,8,AEE,LNT,46.8304,34.1573,-1.0073,1,-3.3591,-0.5,-3.8591,HOLDING
2018-05-04,8,AEE,LNT,46.9579,34.1889,-0.7888,1,-2.8908,-0.5,-3.3908,HOLDING
2018-05-07,8,AEE,LNT,46.6709,33.9282,-0.5496,1,-2.4705,-0.5,-2.9705,HOLDING
2018-05-08,8,AEE,LNT,45.3714,32.9642,-0.3793,1,-2.2521,-0.5,-2.7521,HOLDING
2018-05-09,8,AEE,LNT,44.8213,32.6007,-0.5651,1,-2.5062,-0.5,-3.0062,HOLDING
2018-05-10,8,AEE,LNT,44.917,32.98,-2.478,1,-4.9191,-0.5,-5.4191,HOLDING
2018-05-11,8,AEE,LNT,45.3395,32.9168,0.1009,1,-2.062,-0.5,-2.562,HOLDING
2018-05-14,8,AEE,LNT,45.1163,32.7193,0.3467,1,-1.7762,-0.5,-2.2762,HOLDING
2018-05-15,8,AEE,LNT,44.9807,32.4348,1.5682,1,-0.3236,-0.5,-0.8236,HOLDING
2018-05-16,8,AEE,LNT,44.5981,32.3084,0.5631,1,-1.4832,-0.5,-1.9832,HOLDING
2018-05-17,8,AEE,LNT,44.5183,32.1109,1.7747,1,-0.3939,-0.5,-0.8939,HOLDING
2018-05-18,8,AEE,LNT,44.8532,32.0556,2.8742,1,1.9106,-0.5,1.4106,HOLDING
2018-05-21,8,AEE,LNT,44.917,31.8264,3.0222,1,4.0491,-0.5,3.5491,HOLDING
2018-05-22,8,AEE,LNT,45.204,31.8264,2.7832,1,5.656,-0.5,5.156,HOLDING
2018-05-23,8,AEE,LNT,46.1527,31.9923,2.9536,1,9.6776,-0.5,9.1776,HOLDING
2018-05-24,8,AEE,LNT,46.8622,32.1978,2.6599,1,12.053,-0.5,11.553,HOLDING
2018-05-25,8,AEE,LNT,46.934,32.2294,2.188,1,12.2089,-0.5,11.7089,HOLDING
2018-05-29,8,AEE,LNT,46.9021,32.3953,1.6547,1,10.7405,-0.5,10.2405,HOLDING
2018-05-30,8,AEE,LNT,47.3486,32.743,1.4193,1,10.5373,-0.5,10.0373,HOLDING
2018-05-31,8,AEE,LNT,47.1891,32.7272,1.1646,1,9.7675,-0.5,9.2675,HOLDING
2018-06-01,8,AEE,LNT,46.3281,32.103,1.0844,1,9.7996,-0.5,9.2996,HOLDING
2018-06-04,8,AEE,LNT,46.2244,31.7869,1.2637,1,11.6763,-0.5,11.1763,HOLDING
2018-06-05,8,AEE,LNT,45.77,31.4076,1.2172,1,12.0806,-0.5,11.5806,HOLDING
2018-06-06,8,AEE,LNT,45.1003,30.9178,1.1371,1,12.1397,-0.5,11.6397,HOLDING
2018-06-07,8,AEE,LNT,45.3634,30.9652,1.1903,1,13.244,-0.5,12.744,HOLDING
2018-06-08,8,AEE,LNT,45.196,30.9968,0.9234,1,12.061,-0.5,11.561,HOLDING
2018-06-11,8,AEE,LNT,44.4466,30.3252,1.0615,1,13.0865,-0.5,12.5865,HOLDING
2018-06-12,8,AEE,LNT,45.0639,30.8546,0.8256,1,12.4274,-0.5,11.9274,HOLDING
2018-06-13,8,AEE,LNT,44.8228,30.9494,0.3244,1,10.3401,-0.5,9.8401,HOLDING
2018-06-14,8,AEE,LNT,45.3131,31.3049,0.1959,1,10.3212,-0.5,9.8212,HOLDING
2018-06-15,8,AEE,LNT,45.7954,31.5736,0.2302,1,10.933,-0.5,10.433,HOLDING
2018-06-18,8,AEE,LNT,46.334,31.8659,0.3585,1,11.6756,-0.5,11.1756,HOLDING
2018-06-19,8,AEE,LNT,46.8485,32.4585,-0.7284,1,9.9489,-0.5,9.4489,HOLDING
2018-06-20,8,AEE,LNT,46.8726,32.4348,-0.9295,1,10.2683,-0.5,9.7683,HOLDING
2018-06-21,8,AEE,LNT,47.0334,32.3716,0.05,1,11.6597,-0.5,11.1597,HOLDING
2018-06-22,8,AEE,LNT,47.17,32.4664,0.0634,1,11.6877,-0.5,11.1877,HOLDING
2018-06-25,8,AEE,LNT,47.9498,33.3909,-1.9567,1,8.8663,-0.5,8.3663,HOLDING
2018-06-26,8,AEE,LNT,48.1829,33.4067,-1.0884,1,10.0486,-0.5,9.5486,HOLDING
2018-06-27,8,AEE,LNT,48.625,33.5094,-0.0386,1,11.7254,-0.5,11.2254,HOLDING
2018-06-28,8,AEE,LNT,48.9064,33.4699,1.1002,1,13.6077,-0.5,13.1077,HOLDING
2018-06-29,8,AEE,LNT,48.9144,33.4383,1.1767,1,13.8983,-0.5,13.3983,HOLDING
2018-07-02,8,AEE,LNT,49.2118,33.7464,0.5827,1,13.1679,-0.5,12.6679,HOLDING
2018-07-03,8,AEE,LNT,49.2199,33.9677,-0.5083,1,11.493,-0.5,10.993,HOLDING
2018-07-05,8,AEE,LNT,49.4771,34.2995,-1.1835,1,10.3531,-0.5,9.8531,HOLDING
2018-07-06,8,AEE,LNT,49.8629,34.6393,-1.408,1,9.872,-0.5,9.372,HOLDING
2018-07-09,8,AEE,LNT,48.207,33.3277,-0.4946,1,10.7979,-0.5,10.2979,HOLDING
2018-07-10,8,AEE,LNT,48.633,33.62,-0.4051,1,10.9103,-0.5,10.4103,HOLDING
2018-07-11,8,AEE,LNT,49.3404,34.0625,-0.0575,1,11.4309,-0.5,10.9309,HOLDING
2018-07-12,8,AEE,LNT,49.3324,34.0862,-0.2313,1,11.2017,-0.5,10.7017,HOLDING
2018-07-13,8,AEE,LNT,49.3485,33.9203,0.7987,1,12.5815,-0.5,12.0815,HOLDING
2018-07-16,8,AEE,LNT,49.3083,33.8017,1.2406,1,13.2779,-0.5,12.7779,HOLDING
2018-07-17,8,AEE,LNT,49.252,33.8808,0.554,1,12.3486,-0.5,11.8486,HOLDING
2018-07-18,8,AEE,LNT,49.0912,33.7306,0.7091,1,12.6157,-0.5,12.1157,HOLDING
2018-07-19,8,AEE,LNT,49.6057,33.944,1.3651,1,13.8374,-0.5,13.3374,HOLDING
2018-07-20,8,AEE,LNT,49.3083,33.6121,1.8155,1,14.7521,-0.5,14.2521,HOLDING
2018-07-23,8,AEE,LNT,48.9787,33.3277,1.8308,1,15.1183,-0.5,14.6183,HOLDING
2018-07-24,8,AEE,LNT,49.035,33.3356,1.7881,1,15.3719,-0.5,14.8719,HOLDING
2018-07-25,8,AEE,LNT,49.3243,33.2803,2.3961,1,17.422,-0.5,16.922,HOLDING
2018-07-26,8,AEE,LNT,49.9594,34.023,1.0241,1,15.2034,-0.5,14.7034,HOLDING
2018-07-27,8,AEE,LNT,49.7906,33.9282,0.8987,1,14.9955,-0.5,14.4955,HOLDING
2018-07-30,8,AEE,LNT,49.3726,33.6932,0.6886,1,14.4815,-0.5,13.9815,HOLDING
2018-07-31,8,AEE,LNT,49.8871,34.2188,0.0258,1,13.2758,-0.5,12.7758,HOLDING
2018-08-01,8,AEE,LNT,49.3243,33.741,0.3263,1,13.84,-0.5,13.34,HOLDING
2018-08-02,8,AEE,LNT,49.6539,33.8207,0.81,1,15.0661,-0.5,14.5661,HOLDING
2018-08-03,8,AEE,LNT,50.2005,34.0516,1.2939,1,16.331,-0.5,15.831,HOLDING
2018-08-06,8,AEE,LNT,50.297,34.171,0.9718,1,15.9424,-0.5,15.4424,HOLDING
2018-08-07,8,AEE,LNT,50.3131,33.9162,1.9108,1,18.0136,-0.5,17.5136,HOLDING
2018-08-08,8,AEE,LNT,50.3211,33.8207,2.0404,1,18.8015,-0.5,18.3015,HOLDING
2018-08-09,8,AEE,LNT,50.506,34.0675,1.4273,1,17.9174,-0.5,17.4174,HOLDING
2018-08-10,8,AEE,LNT,50.4658,34.0197,1.3691,1,18.0637,-0.5,17.5637,HOLDING
2018-08-13,8,AEE,LNT,50.6346,34.0197,1.6308,1,19.0089,-0.5,18.5089,HOLDING
2018-08-14,8,AEE,LNT,50.7231,34.0277,1.6634,1,19.4421,-0.5,18.9421,HOLDING
2018-08-15,8,AEE,LNT,51.133,34.2586,1.6651,1,19.942,-0.5,19.442,HOLDING
2018-08-16,8,AEE,LNT,51.8083,34.5931,1.853,1,21.1222,-0.5,20.6222,HOLDING
2018-08-17,8,AEE,LNT,52.0574,34.7126,1.7528,1,21.5887,-0.5,21.0887,HOLDING
2018-08-20,8,AEE,LNT,51.9047,34.617,1.5231,1,21.4765,-0.5,20.9765,HOLDING
2018-08-21,8,AEE,LNT,51.6153,34.402,1.4162,1,21.5278,-0.5,21.0278,HOLDING
2018-08-22,8,AEE,LNT,51.0928,34.1233,1.098,1,20.7694,-0.5,20.2694,HOLDING
2018-08-23,8,AEE,LNT,51.1652,34.2746,0.7008,1,19.9982,-0.5,19.4982,HOLDING
2018-08-24,8,AEE,LNT,51.4385,34.3861,0.8353,1,20.6615,-0.5,20.1615,HOLDING
2018-08-27,8,AEE,LNT,50.9401,34.0755,0.6846,1,20.2857,-0.5,19.7857,HOLDING
2018-08-28,8,AEE,LNT,50.8195,33.9242,0.8751,1,20.787,-0.5,20.287,HOLDING
2018-08-29,8,AEE,LNT,51.0124,34.179,0.3067,1,19.8859,-0.5,19.3859,HOLDING
2018-08-30,8,AEE,LNT,51.0848,34.2347,0.1741,1,19.8577,-0.5,19.3577,HOLDING
2018-08-31,8,AEE,LNT,50.8276,34.1153,-0.2336,1,19.3462,-0.5,18.8462,HOLDING
2018-09-04,8,AEE,LNT,51.2456,34.3144,0.1417,1,20.1387,-0.5,19.6387,HOLDING
2018-09-05,8,AEE,LNT,52.2102,34.824,1.1132,1,0.0,20.5139,20.5139,PERIOD_END_EXIT
2018-03-08,9,AEP,WEC,49.263,46.6588,0.0,0,0.0,0.0,0.0,HOLD_CASH
2018-03-09,9,AEP,WEC,49.5271,46.8678,0.0,0,0.0,0.0,0.0,HOLD_CASH
2018-03-12,9,AEP,WEC,49.693,47.1309,0.0,0,0.0,0.0,0.0,HOLD_CASH
2018-03-13,9,AEP,WEC,49.8213,47.0613,0.0,0,0.0,0.0,0.0,HOLD_CASH
2018-03-14,9,AEP,WEC,50.2362,47.4483,0.0,0,0.0,0.0,0.0,HOLD_CASH
2018-03-15,9,AEP,WEC,50.538,47.9669,0.0,0,0.0,0.0,0.0,HOLD_CASH
2018-03-16,9,AEP,WEC,51.1566,48.3384,0.0,0,0.0,0.0,0.0,HOLD_CASH
2018-03-19,9,AEP,WEC,50.885,47.8121,0.0,0,0.0,0.0,0.0,HOLD_CASH
2018-03-20,9,AEP,WEC,50.885,47.6341,0.0,0,0.0,0.0,0.0,HOLD_CASH
2018-03-21,9,AEP,WEC,50.4776,47.4406,0.0,0,0.0,0.0,0.0,HOLD_CASH
2018-03-22,9,AEP,WEC,50.8171,47.5412,0.0,0,0.0,0.0,0.0,HOLD_CASH
2018-03-23,9,AEP,WEC,50.0853,46.8291,0.0,0,0.0,0.0,0.0,HOLD_CASH
2018-03-26,9,AEP,WEC,50.7794,47.3322,0.0,0,0.0,0.0,0.0,HOLD_CASH
2018-03-27,9,AEP,WEC,51.6243,48.2223,0.0,0,0.0,0.0,0.0,HOLD_CASH
2018-03-28,9,AEP,WEC,51.7979,48.2069,0.0,0,0.0,0.0,0.0,HOLD_CASH
2018-03-29,9,AEP,WEC,51.745,48.5319,0.0,0,0.0,0.0,0.0,HOLD_CASH
2018-04-02,9,AEP,WEC,51.5112,48.2146,0.0,0,0.0,0.0,0.0,HOLD_CASH
2018-04-03,9,AEP,WEC,51.6394,48.4158,0.0,0,0.0,0.0,0.0,HOLD_CASH
2018-04-04,9,AEP,WEC,51.8054,48.7564,0.0,0,0.0,0.0,0.0,HOLD_CASH
2018-04-05,9,AEP,WEC,52.0091,49.0506,-0.5268,0,0.0,0.0,0.0,HOLD_CASH
2018-04-06,9,AEP,WEC,51.6998,48.7951,-0.7031,0,0.0,0.0,0.0,HOLD_CASH
2018-04-09,9,AEP,WEC,51.8356,48.4855,0.7746,0,0.0,0.0,0.0,HOLD_CASH
2018-04-10,9,AEP,WEC,51.2019,48.2533,-0.6611,0,0.0,0.0,0.0,HOLD_CASH
2018-04-11,9,AEP,WEC,51.1415,48.1914,-0.6791,0,0.0,0.0,0.0,HOLD_CASH
2018-04-12,9,AEP,WEC,50.2739,47.6418,-1.6692,0,0.0,0.0,0.0,HOLD_CASH
2018-04-13,9,AEP,WEC,50.802,47.665,0.092,0,0.0,0.0,0.0,HOLD_CASH
2018-04-16,9,AEP,WEC,51.5036,48.3075,0.088,0,0.0,0.0,0.0,HOLD_CASH
2018-04-17,9,AEP,WEC,51.9487,48.7796,-0.1692,0,0.0,0.0,0.0,HOLD_CASH
2018-04-18,9,AEP,WEC,51.8507,48.4468,0.9007,0,0.0,0.0,0.0,HOLD_CASH
2018-04-19,9,AEP,WEC,51.6922,48.4081,0.3652,0,0.0,0.0,0.0,HOLD_CASH
2018-04-20,9,AEP,WEC,51.647,48.1062,1.425,0,0.0,0.0,0.0,HOLD_CASH
2018-04-23,9,AEP,WEC,51.6319,48.1527,1.109,0,0.0,0.0,0.0,HOLD_CASH
2018-04-24,9,AEP,WEC,51.9638,48.4546,1.1507,0,0.0,0.0,0.0,HOLD_CASH
2018-04-25,9,AEP,WEC,52.1222,48.6094,1.0867,0,0.0,0.0,0.0,HOLD_CASH
2018-04-26,9,AEP,WEC,52.6352,49.2286,0.592,0,0.0,0.0,0.0,HOLD_CASH
2018-04-27,9,AEP,WEC,53.2237,49.902,0.0615,0,0.0,0.0,0.0,HOLD_CASH
2018-04-30,9,AEP,WEC,52.7937,49.7549,-0.9469,0,0.0,0.0,0.0,HOLD_CASH
2018-05-01,9,AEP,WEC,52.3863,50.0568,-2.7618,1,0.0,-0.5,-0.5,ENTER_LONG_A
2018-05-02,9,AEP,WEC,52.1977,49.8323,-2.1647,1,0.221,-0.5,-0.279,HOLDING
2018-05-03,9,AEP,WEC,52.2354,49.9252,-1.9848,1,-0.0629,-0.5,-0.5629,HOLDING
2018-05-04,9,AEP,WEC,52.3486,49.8556,-1.417,1,0.825,-0.5,0.325,HOLDING
2018-05-07,9,AEP,WEC,51.8884,49.5614,-1.5411,1,0.0979,-0.5,-0.4021,HOLDING
2018-05-08,9,AEP,WEC,50.7341,48.0908,-0.6676,1,1.9345,-0.5,1.4345,HOLDING
2018-05-09,9,AEP,WEC,50.46,47.5567,-0.0461,1,3.2938,-0.5,2.7938,HOLDING
2018-05-10,9,AEP,WEC,51.0311,48.1372,-0.1676,1,3.1197,-0.5,2.6197,HOLDING
2018-05-11,9,AEP,WEC,51.1377,48.3348,-0.3472,1,2.6417,-0.5,2.1417,HOLDING
2018-05-14,9,AEP,WEC,51.0996,48.2801,-0.2662,1,2.733,-0.5,2.233,HOLDING
2018-05-15,9,AEP,WEC,50.8712,47.8896,0.148,1,3.5931,-0.5,3.0931,HOLDING
2018-05-16,9,AEP,WEC,50.3686,47.6163,-0.2573,1,2.56,-0.5,2.06,HOLDING
2018-05-17,9,AEP,WEC,49.6605,47.1633,-0.7013,1,1.4429,-0.5,0.9429,HOLDING
2018-05-18,9,AEP,WEC,49.4397,47.2258,-1.2422,1,0.0771,-0.5,-0.4229,HOLDING
2018-05-21,9,AEP,WEC,49.5615,47.0149,-0.361,1,1.7116,-0.5,1.2116,HOLDING
2018-05-22,9,AEP,WEC,49.828,47.1867,-0.0572,1,2.1254,-0.5,1.6254,HOLDING
2018-05-23,9,AEP,WEC,50.6123,47.9833,-0.1122,1,1.8896,-0.5,1.3896,HOLDING
2018-05-24,9,AEP,WEC,50.894,48.5378,-0.9754,1,0.4647,-0.5,-0.0353,HOLDING
2018-05-25,9,AEP,WEC,51.1834,48.8268,-0.9568,1,0.4023,-0.5,-0.0977,HOLDING
2018-05-29,9,AEP,WEC,51.4879,49.0923,-0.7778,1,0.5297,-0.5,0.0297,HOLDING
2018-05-30,9,AEP,WEC,51.7773,49.5141,-1.3308,1,-0.1958,-0.5,-0.6958,HOLDING
2018-05-31,9,AEP,WEC,51.7392,49.3188,-0.7359,1,0.5977,-0.5,0.0977,HOLDING
2018-06-01,9,AEP,WEC,50.7722,48.6706,-1.7294,1,-0.7797,-0.5,-1.2797,HOLDING
2018-06-04,9,AEP,WEC,50.2925,48.0693,-1.1146,1,-0.0657,-0.5,-0.5657,HOLDING
2018-06-05,9,AEP,WEC,49.7138,47.4991,-1.0435,1,0.0201,-0.5,-0.4799,HOLDING
2018-06-06,9,AEP,WEC,48.5869,46.3433,-0.6725,1,0.4149,-0.5,-0.0851,HOLDING
2018-06-07,9,AEP,WEC,48.8458,46.3745,0.2415,1,1.4943,-0.5,0.9943,HOLDING
2018-06-08,9,AEP,WEC,48.8153,46.437,-0.0583,1,1.0369,-0.5,0.5369,HOLDING
2018-06-11,9,AEP,WEC,47.9168,45.7654,-0.7911,1,0.1035,-0.5,-0.3965,HOLDING
2018-06-12,9,AEP,WEC,48.4041,46.3355,-1.1579,1,-0.4183,-0.5,-0.9183,HOLDING
2018-06-13,9,AEP,WEC,48.3204,46.1637,-0.6901,1,0.0401,-0.5,-0.4599,HOLDING
2018-06-14,9,AEP,WEC,49.2037,46.7494,0.8956,1,1.3299,-0.5,0.8299,HOLDING
2018-06-15,9,AEP,WEC,49.5311,47.3273,-0.663,1,0.0061,-0.5,-0.4939,HOLDING
2018-06-18,9,AEP,WEC,49.8433,47.5772,-0.3765,1,0.2478,-0.5,-0.2522,HOLDING
2018-06-19,9,AEP,WEC,50.9169,48.2411,1.756,1,2.0559,-0.5,1.5559,HOLDING
2018-06-20,9,AEP,WEC,50.9397,48.3114,1.5484,1,1.8139,-0.5,1.3139,HOLDING
2018-06-21,9,AEP,WEC,51.3737,48.4441,2.6806,1,3.2221,-0.5,2.7221,HOLDING
2018-06-22,9,AEP,WEC,51.2824,48.6472,1.078,1,1.7719,-0.5,1.2719,HOLDING
2018-06-25,9,AEP,WEC,52.5616,49.5453,2.1436,1,3.391,-0.5,2.891,HOLDING
2018-06-26,9,AEP,WEC,52.7672,49.5141,2.4156,1,4.5281,-0.5,4.0281,HOLDING
2018-06-27,9,AEP,WEC,53.1859,49.9748,1.8619,1,4.2254,-0.5,3.7254,HOLDING
2018-06-28,9,AEP,WEC,52.7976,50.3419,-0.4715,1,0.539,-0.5,0.039,HOLDING
2018-06-29,9,AEP,WEC,52.7291,50.4903,-1.1699,1,-0.5292,-0.5,-1.0292,HOLDING
2018-07-02,9,AEP,WEC,53.3382,50.8808,-0.583,1,0.4277,-0.5,-0.0723,HOLDING
2018-07-03,9,AEP,WEC,53.6809,50.9042,0.3309,1,1.9458,-0.5,1.4458,HOLDING
2018-07-05,9,AEP,WEC,54.1606,51.2947,0.4827,1,2.2848,-0.5,1.7848,HOLDING
2018-07-06,9,AEP,WEC,54.488,51.8648,-0.3332,1,1.0,-0.5,0.5,HOLDING
2018-07-09,9,AEP,WEC,52.4397,50.0061,-0.6102,1,0.5084,-0.5,0.0084,HOLDING
2018-07-10,9,AEP,WEC,53.1326,50.3966,0.2187,1,1.8649,-0.5,1.3649,HOLDING
2018-07-11,9,AEP,WEC,53.8712,51.0057,0.4474,1,2.3472,-0.5,1.8472,HOLDING
2018-07-12,9,AEP,WEC,53.5895,51.2166,-1.1941,1,-0.0504,-0.5,-0.5504,HOLDING
2018-07-13,9,AEP,WEC,53.5667,50.912,-0.2198,1,1.3617,-0.5,0.8617,HOLDING
2018-07-16,9,AEP,WEC,53.6199,50.7949,0.293,1,2.2011,-0.5,1.7011,HOLDING
2018-07-17,9,AEP,WEC,53.6352,50.7011,0.6059,1,2.7419,-0.5,2.2419,HOLDING
2018-07-18,9,AEP,WEC,53.4829,50.545,0.6213,1,2.7952,-0.5,2.2952,HOLDING
2018-07-19,9,AEP,WEC,53.7875,50.9511,0.1822,1,2.2205,-0.5,1.7205,HOLDING
2018-07-20,9,AEP,WEC,53.6123,50.6387,0.7393,1,2.9449,-0.5,2.4449,HOLDING
2018-07-23,9,AEP,WEC,52.8738,50.2169,-0.277,1,1.5265,-0.5,1.0265,HOLDING
2018-07-24,9,AEP,WEC,52.5844,50.3185,-1.4908,1,-0.3614,-0.5,-0.8614,HOLDING
2018-07-25,9,AEP,WEC,52.8281,50.3263,-0.6168,1,0.7625,-0.5,0.2625,HOLDING
2018-07-26,9,AEP,WEC,54.092,51.1307,1.1632,1,2.7769,-0.5,2.2769,HOLDING
2018-07-27,9,AEP,WEC,54.1682,51.3025,0.6437,1,2.2821,-0.5,1.7821,HOLDING
2018-07-30,9,AEP,WEC,53.6047,50.9198,-0.1515,1,1.5044,-0.5,1.0044,HOLDING
2018-07-31,9,AEP,WEC,54.1682,51.8336,-1.8795,1,-0.3702,-0.5,-0.8702,HOLDING
2018-08-01,9,AEP,WEC,53.5286,51.1854,-1.5069,1,-0.1852,-0.5,-0.6852,HOLDING
2018-08-02,9,AEP,WEC,53.6732,51.2869,-1.2072,1,-0.0019,-0.5,-0.5019,HOLDING
2018-08-03,9,AEP,WEC,54.1986,51.8023,-1.1754,1,-0.0688,-0.5,-0.5688,HOLDING
2018-08-06,9,AEP,WEC,54.2672,51.9195,-1.3038,1,-0.3267,-0.5,-0.8267,HOLDING
2018-08-07,9,AEP,WEC,54.2443,51.7711,-0.7331,1,0.3052,-0.5,-0.1948,HOLDING
2018-08-08,9,AEP,WEC,54.0083,52.0054,-2.1025,1,-1.9914,-0.5,-2.4914,HOLDING
2018-08-09,9,AEP,WEC,54.5229,52.31,-1.3568,1,-1.0565,-0.5,-1.5565,HOLDING
2018-08-10,9,AEP,WEC,54.4231,52.4427,-1.8102,1,-2.1961,-0.5,-2.6961,HOLDING
2018-08-13,9,AEP,WEC,54.4922,52.6735,-1.9469,1,-3.0185,-0.5,-3.5185,HOLDING
2018-08-14,9,AEP,WEC,54.5537,52.5632,-1.3391,1,-2.1747,-0.5,-2.6747,HOLDING
2018-08-15,9,AEP,WEC,55.1298,52.9569,-0.8223,1,-1.3916,-0.5,-1.8916,HOLDING
2018-08-16,9,AEP,WEC,55.5676,53.5003,-1.0553,1,-2.0159,-0.5,-2.5159,HOLDING
2018-08-17,9,AEP,WEC,55.6905,53.7523,-1.3298,1,-2.6879,-0.5,-3.1879,HOLDING
2018-08-20,9,AEP,WEC,55.4447,53.7444,-1.7508,1,-3.8216,-0.5,-4.3216,HOLDING
2018-08-21,9,AEP,WEC,55.0376,53.3664,-1.5784,1,-3.8767,-0.5,-4.3767,HOLDING
2018-08-22,9,AEP,WEC,54.3386,52.9412,-1.9061,1,-5.0888,-0.5,-5.5888,HOLDING
2018-08-23,9,AEP,WEC,54.8148,53.0042,-0.8847,1,-3.1306,-0.5,-3.6306,HOLDING
2018-08-24,9,AEP,WEC,54.9608,53.3901,-1.4399,1,-4.3613,-0.5,-4.8613,HOLDING
2018-08-27,9,AEP,WEC,54.6612,52.8388,-0.6389,1,-3.038,-0.5,-3.538,HOLDING
2018-08-28,9,AEP,WEC,54.6228,52.7128,-0.3007,1,-2.5921,-0.5,-3.0921,HOLDING
2018-08-29,9,AEP,WEC,55.076,53.1066,-0.0956,1,-2.3957,-0.5,-2.8957,HOLDING
2018-08-30,9,AEP,WEC,55.1605,53.4137,-0.7641,1,-3.5261,-0.5,-4.0261,HOLDING
2018-08-31,9,AEP,WEC,55.099,53.2168,-0.2034,1,-2.8362,-0.5,-3.3362,HOLDING
2018-09-04,9,AEP,WEC,55.5062,53.7523,-0.6644,1,-3.5676,-0.5,-4.0676,HOLDING
2018-09-05,9,AEP,WEC,56.2589,54.2799,0.3209,1,0.0,-3.6498,-3.6498,PERIOD_END_EXIT
2018-03-08,10,CMS,PNW,33.5892,55.2583,0.0,0,0.0,0.0,0.0,HOLD_CASH
2018-03-09,10,CMS,PNW,33.826,55.5565,0.0,0,0.0,0.0,0.0,HOLD_CASH
2018-03-12,10,CMS,PNW,34.0075,55.5128,0.0,0,0.0,0.0,0.0,HOLD_CASH
2018-03-13,10,CMS,PNW,33.9049,55.5856,0.0,0,0.0,0.0,0.0,HOLD_CASH
2018-03-14,10,CMS,PNW,34.189,55.8475,0.0,0,0.0,0.0,0.0,HOLD_CASH
2018-03-15,10,CMS,PNW,34.4968,56.0438,0.0,0,0.0,0.0,0.0,HOLD_CASH
2018-03-16,10,CMS,PNW,34.9467,56.713,0.0,0,0.0,0.0,0.0,HOLD_CASH
2018-03-19,10,CMS,PNW,34.7099,56.5384,0.0,0,0.0,0.0,0.0,HOLD_CASH
2018-03-20,10,CMS,PNW,34.7178,56.7276,0.0,0,0.0,0.0,0.0,HOLD_CASH
2018-03-21,10,CMS,PNW,34.5758,56.6985,0.0,0,0.0,0.0,0.0,HOLD_CASH
2018-03-22,10,CMS,PNW,34.6862,56.7276,0.0,0,0.0,0.0,0.0,HOLD_CASH
2018-03-23,10,CMS,PNW,34.1338,56.5603,0.0,0,0.0,0.0,0.0,HOLD_CASH
2018-03-26,10,CMS,PNW,34.5836,56.8512,0.0,0,0.0,0.0,0.0,HOLD_CASH
2018-03-27,10,CMS,PNW,35.3176,57.7313,0.0,0,0.0,0.0,0.0,HOLD_CASH
2018-03-28,10,CMS,PNW,35.5702,57.8041,0.0,0,0.0,0.0,0.0,HOLD_CASH
2018-03-29,10,CMS,PNW,35.7438,58.0441,0.0,0,0.0,0.0,0.0,HOLD_CASH
2018-04-02,10,CMS,PNW,35.5228,57.4186,0.0,0,0.0,0.0,0.0,HOLD_CASH
2018-04-03,10,CMS,PNW,35.7359,58.1168,0.0,0,0.0,0.0,0.0,HOLD_CASH
2018-04-04,10,CMS,PNW,35.7596,58.2332,0.0,0,0.0,0.0,0.0,HOLD_CASH
2018-04-05,10,CMS,PNW,35.9569,58.4078,0.8829,0,0.0,0.0,0.0,HOLD_CASH
2018-04-06,10,CMS,PNW,35.7675,58.0077,1.0463,0,0.0,0.0,0.0,HOLD_CASH
2018-04-09,10,CMS,PNW,35.5938,57.9714,0.2562,0,0.0,0.0,0.0,HOLD_CASH
2018-04-10,10,CMS,PNW,35.2229,57.0912,1.0189,0,0.0,0.0,0.0,HOLD_CASH
2018-04-11,10,CMS,PNW,35.1598,57.1058,0.5944,0,0.0,0.0,0.0,HOLD_CASH
2018-04-12,10,CMS,PNW,34.6941,56.2257,0.8939,0,0.0,0.0,0.0,HOLD_CASH
2018-04-13,10,CMS,PNW,34.8914,56.8367,0.034,0,0.0,0.0,0.0,HOLD_CASH
2018-04-16,10,CMS,PNW,35.5149,57.6731,0.5783,0,0.0,0.0,0.0,HOLD_CASH
2018-04-17,10,CMS,PNW,35.7201,58.2987,-0.2767,0,0.0,0.0,0.0,HOLD_CASH
2018-04-18,10,CMS,PNW,35.5702,57.6368,0.8862,0,0.0,0.0,0.0,HOLD_CASH
2018-04-19,10,CMS,PNW,35.8069,57.2367,2.5058,-1,0.0,-0.5,-0.5,ENTER_SHORT_A
2018-04-20,10,CMS,PNW,35.6649,56.7494,2.4578,-1,-1.1369,-0.5,-1.6369,HOLDING
2018-04-23,10,CMS,PNW,35.8069,57.0694,2.1152,-1,-0.7308,-0.5,-1.2308,HOLDING
2018-04-24,10,CMS,PNW,36.1068,57.8623,1.3313,-1,0.6382,-0.5,0.1382,HOLDING
2018-04-25,10,CMS,PNW,36.1937,58.1314,0.9477,-1,1.2076,-0.5,0.7076,HOLDING
2018-04-26,10,CMS,PNW,36.6514,58.9533,0.6866,-1,1.6018,-0.5,1.1018,HOLDING
2018-04-27,10,CMS,PNW,37.2354,59.3606,1.609,-1,-0.6967,-0.5,-1.1967,HOLDING
2018-04-30,10,CMS,PNW,37.2433,59.0562,1.9119,-1,-2.0815,-0.5,-2.5815,HOLDING
2018-05-01,10,CMS,PNW,37.1328,58.704,1.9001,-1,-2.8483,-0.5,-3.3483,HOLDING
2018-05-02,10,CMS,PNW,36.9829,58.2639,1.9129,-1,-3.724,-0.5,-4.224,HOLDING
2018-05-03,10,CMS,PNW,36.9574,58.55,1.2611,-1,-2.2965,-0.5,-2.7965,HOLDING
2018-05-04,10,CMS,PNW,36.9415,58.8361,0.7153,-1,-0.9358,-0.5,-1.4358,HOLDING
2018-05-07,10,CMS,PNW,36.5995,58.506,0.3202,-1,0.0101,-0.5,-0.4899,HOLDING
2018-05-08,10,CMS,PNW,35.7804,57.4422,-0.1247,-1,1.083,-0.5,0.583,HOLDING
2018-05-09,10,CMS,PNW,35.5736,56.7893,0.343,-1,-0.3252,-0.5,-0.8252,HOLDING
2018-05-10,10,CMS,PNW,35.9553,57.3175,0.4152,-1,-0.6834,-0.5,-1.1834,HOLDING
2018-05-11,10,CMS,PNW,36.0905,57.3102,0.7413,-1,-1.6594,-0.5,-2.1594,HOLDING
2018-05-14,10,CMS,PNW,35.9872,57.2808,0.4015,-1,-1.0657,-0.5,-1.5657,HOLDING
2018-05-15,10,CMS,PNW,35.4941,56.6646,-0.1214,-1,-0.3146,-0.5,-0.8146,HOLDING
2018-05-16,10,CMS,PNW,35.3112,56.4519,-0.5373,-1,0.0332,-0.5,-0.4668,HOLDING
2018-05-17,10,CMS,PNW,35.0567,56.0264,-0.4771,-1,-0.0485,-0.5,-0.5485,HOLDING
2018-05-18,10,CMS,PNW,35.0805,56.1511,-0.7041,-1,0.3297,-0.5,-0.1703,HOLDING
2018-05-21,10,CMS,PNW,34.9692,55.9236,-0.5054,-1,0.1137,-0.5,-0.3863,HOLDING
2018-05-22,10,CMS,PNW,35.0885,56.2684,-0.9995,-1,0.7868,-0.5,0.2868,HOLDING
2018-05-23,10,CMS,PNW,35.5975,56.8553,-0.3258,-1,-0.2035,-0.5,-0.7035,HOLDING
2018-05-24,10,CMS,PNW,35.9872,57.2368,0.4044,-1,-1.258,-0.5,-1.758,HOLDING
2018-05-25,10,CMS,PNW,36.2814,57.5083,1.0242,-1,-2.1267,-0.5,-2.6267,HOLDING
2018-05-29,10,CMS,PNW,36.4484,57.8751,0.6895,-1,-1.6908,-0.5,-2.1908,HOLDING
2018-05-30,10,CMS,PNW,36.7029,58.5573,-0.206,-1,-0.4875,-0.5,-0.9875,HOLDING
2018-05-31,10,CMS,PNW,36.687,58.4033,0.4917,-1,-1.0494,-0.5,-1.5494,HOLDING
2018-06-01,10,CMS,PNW,35.9235,56.914,1.8142,-1,-2.2237,-0.5,-2.7237,HOLDING
2018-06-04,10,CMS,PNW,35.5338,56.0924,2.2801,-1,-3.0917,-0.5,-3.5917,HOLDING
2018-06-05,10,CMS,PNW,35.1282,55.5348,1.6767,-1,-2.695,-0.5,-3.195,HOLDING
2018-06-06,10,CMS,PNW,34.4363,54.3977,1.6713,-1,-2.831,-0.5,-3.331,HOLDING
2018-06-07,10,CMS,PNW,34.4999,54.6398,1.0049,-1,-2.2177,-0.5,-2.7177,HOLDING
2018-06-08,10,CMS,PNW,34.4761,54.5811,0.9891,-1,-2.3075,-0.5,-2.8075,HOLDING
2018-06-11,10,CMS,PNW,33.9035,53.9649,-0.1062,-1,-1.0012,-0.5,-1.5012,HOLDING
2018-06-12,10,CMS,PNW,34.4363,54.7132,0.2543,-1,-1.4531,-0.5,-1.9531,HOLDING
2018-06-13,10,CMS,PNW,34.2693,54.5445,-0.148,-1,-1.024,-0.5,-1.524,HOLDING
2018-06-14,10,CMS,PNW,34.6908,55.3221,-0.5958,-1,-0.5703,-0.5,-1.0703,HOLDING
2018-06-15,10,CMS,PNW,35.0567,55.8356,-0.3728,-1,-0.8816,-0.5,-1.3816,HOLDING
2018-06-18,10,CMS,PNW,35.3748,56.0117,0.8514,-1,-2.3336,-0.5,-2.8336,HOLDING
2018-06-19,10,CMS,PNW,35.9553,56.9947,0.5165,-1,-2.0932,-0.5,-2.5932,HOLDING
2018-06-20,10,CMS,PNW,35.8838,56.9067,0.322,-1,-1.9781,-0.5,-2.4781,HOLDING
2018-06-21,10,CMS,PNW,36.0508,56.8773,1.6684,-1,-3.2723,-0.5,-3.7723,HOLDING
2018-06-22,10,CMS,PNW,36.1383,57.4349,-0.5121,-1,-1.4479,-0.5,-1.9479,HOLDING
2018-06-25,10,CMS,PNW,36.9892,58.6967,-0.0363,-1,-1.8778,-0.5,-2.3778,HOLDING
2018-06-26,10,CMS,PNW,36.9892,58.9315,-1.1353,-1,-0.8523,-0.5,-1.3523,HOLDING
2018-06-27,10,CMS,PNW,37.4744,59.3643,0.4334,-1,-2.349,-0.5,-2.849,HOLDING
2018-06-28,10,CMS,PNW,37.4107,59.1149,1.0897,-1,-2.9942,-0.5,-3.4942,HOLDING
2018-06-29,10,CMS,PNW,37.6016,59.1002,2.2245,-1,-4.3909,-0.5,-4.8909,HOLDING
2018-07-02,10,CMS,PNW,38.047,59.7531,2.1197,-1,-4.6486,-0.5,-5.1486,HOLDING
2018-07-03,10,CMS,PNW,38.1424,60.0246,1.5007,-1,-4.1293,-0.5,-4.6293,HOLDING
2018-07-05,10,CMS,PNW,38.3174,60.4354,0.9715,-1,-3.5564,-0.5,-4.0564,HOLDING
2018-07-06,10,CMS,PNW,38.6434,60.6995,1.6423,-1,-4.6795,-0.5,-5.1795,HOLDING
2018-07-09,10,CMS,PNW,37.204,58.3079,1.8032,-1,-5.0753,-0.5,-5.5753,HOLDING
2018-07-10,10,CMS,PNW,37.5459,58.6234,2.0786,-1,-6.085,-0.5,-6.585,HOLDING
2018-07-11,10,CMS,PNW,38.0867,59.3056,2.091,-1,-6.8809,-0.5,-7.3809,HOLDING
2018-07-12,10,CMS,PNW,38.1106,58.9461,2.4271,-1,-8.6176,-0.5,-9.1176,HOLDING
2018-07-13,10,CMS,PNW,38.0549,58.7994,2.1465,-1,-8.8697,-0.5,-9.3697,HOLDING
2018-07-16,10,CMS,PNW,37.9436,58.9168,1.4305,-1,-7.5796,-0.5,-8.0796,HOLDING
2018-07-17,10,CMS,PNW,37.8561,58.8655,1.1452,-1,-7.1932,-0.5,-7.6932,HOLDING
2018-07-18,10,CMS,PNW,37.6811,58.682,0.8878,-1,-6.7726,-0.5,-7.2726,HOLDING
2018-07-19,10,CMS,PNW,38.0629,59.2616,0.8271,-1,-6.9066,-0.5,-7.4066,HOLDING
2018-07-20,10,CMS,PNW,37.7129,58.6454,0.8723,-1,-7.155,-0.5,-7.655,HOLDING
2018-07-23,10,CMS,PNW,37.4505,58.0731,1.0809,-1,-7.8219,-0.5,-8.3219,HOLDING
2018-07-24,10,CMS,PNW,37.705,57.9411,1.8497,-1,-10.1756,-0.5,-10.6756,HOLDING
2018-07-25,10,CMS,PNW,38.0788,58.506,1.7442,-1,-10.318,-0.5,-10.818,HOLDING
2018-07-26,10,CMS,PNW,38.2856,59.3937,0.5773,-1,-7.8845,-0.5,-8.3845,HOLDING
2018-07-27,10,CMS,PNW,38.2696,59.1736,0.9034,-1,-8.7347,-0.5,-9.2347,HOLDING
2018-07-30,10,CMS,PNW,37.8879,58.8728,0.1926,-1,-7.3832,-0.5,-7.8832,HOLDING
2018-07-31,10,CMS,PNW,38.4446,59.5203,0.6143,-1,-8.4419,-0.5,-8.9419,HOLDING
2018-08-01,10,CMS,PNW,38.0629,58.8913,0.6313,-1,-8.524,-0.5,-9.024,HOLDING
2018-08-02,10,CMS,PNW,38.3257,59.2391,0.7362,-1,-8.8399,-0.5,-9.3399,HOLDING
2018-08-03,10,CMS,PNW,38.7504,59.4389,1.9448,-1,-10.9322,-0.5,-11.4322,HOLDING
2018-08-06,10,CMS,PNW,38.7263,60.0383,-0.1268,-1,-8.1462,-0.5,-8.6462,HOLDING
2018-08-07,10,CMS,PNW,38.5901,59.8607,-0.3359,-1,-7.9707,-0.5,-8.4707,HOLDING
2018-08-08,10,CMS,PNW,38.6302,59.8533,-0.1365,-1,-8.2829,-0.5,-8.7829,HOLDING
2018-08-09,10,CMS,PNW,38.8225,60.1715,-0.1912,-1,-8.2357,-0.5,-8.7357,HOLDING
2018-08-10,10,CMS,PNW,38.7584,60.1641,-0.4951,-1,-7.8205,-0.5,-8.3205,HOLDING
2018-08-13,10,CMS,PNW,38.9908,60.0975,1.0522,-1,-9.7338,-0.5,-10.2338,HOLDING
2018-08-14,10,CMS,PNW,39.103,60.2159,1.1359,-1,-9.9999,-0.5,-10.4999,HOLDING
2018-08-15,10,CMS,PNW,39.6238,60.7561,1.8456,-1,-11.2768,-0.5,-11.7768,HOLDING
2018-08-16,10,CMS,PNW,39.9683,60.4601,3.166,-1,-14.9753,-0.5,-15.4753,HOLDING
2018-08-17,10,CMS,PNW,39.9764,60.8819,1.836,-1,-13.189,-0.5,-13.689,HOLDING
2018-08-20,10,CMS,PNW,39.8802,60.808,1.4721,-1,-12.8406,-0.5,-13.3406,HOLDING
2018-08-21,10,CMS,PNW,39.6478,60.4379,1.3803,-1,-12.8344,-0.5,-13.3344,HOLDING
2018-08-22,10,CMS,PNW,39.3514,59.5943,1.9127,-1,-14.4493,-0.5,-14.9493,HOLDING
2018-08-23,10,CMS,PNW,39.3353,59.8163,1.2848,-1,-13.3677,-0.5,-13.8677,HOLDING
2018-08-24,10,CMS,PNW,39.5517,60.1123,1.2099,-1,-13.5853,-0.5,-14.0853,HOLDING
2018-08-27,10,CMS,PNW,39.1991,59.5943,1.068,-1,-13.3863,-0.5,-13.8863,HOLDING
2018-08-28,10,CMS,PNW,39.119,58.7507,2.0265,-1,-16.5117,-0.5,-17.0117,HOLDING
2018-08-29,10,CMS,PNW,39.4555,58.8247,2.2386,-1,-18.5382,-0.5,-19.0382,HOLDING
2018-08-30,10,CMS,PNW,39.6719,58.2475,2.6644,-1,-22.5699,-0.5,-23.0699,HOLDING
2018-08-31,10,CMS,PNW,39.4555,58.1291,2.02,-1,-21.5765,-0.5,-22.0765,HOLDING
2018-09-04,10,CMS,PNW,39.6799,58.5953,1.6496,-1,-21.1067,-0.5,-21.6067,HOLDING
2018-09-05,10,CMS,PNW,40.2087,59.2317,1.5881,-1,0.0,-23.0587,-23.0587,PERIOD_END_EXIT
2018-03-08,11,ATO,XEL,65.9429,33.765,0.0,0,0.0,0.0,0.0,HOLD_CASH
2018-03-09,11,ATO,XEL,66.2816,33.8825,0.0,0,0.0,0.0,0.0,HOLD_CASH
2018-03-12,11,ATO,XEL,67.0252,34.1799,0.0,0,0.0,0.0,0.0,HOLD_CASH
2018-03-13,11,ATO,XEL,66.9343,34.0625,0.0,0,0.0,0.0,0.0,HOLD_CASH
2018-03-14,11,ATO,XEL,67.1986,34.3863,0.0,0,0.0,0.0,0.0,HOLD_CASH
2018-03-15,11,ATO,XEL,67.306,34.4732,0.0,0,0.0,0.0,0.0,HOLD_CASH
2018-03-16,11,ATO,XEL,68.4544,34.8523,0.0,0,0.0,0.0,0.0,HOLD_CASH
2018-03-19,11,ATO,XEL,67.496,34.8839,0.0,0,0.0,0.0,0.0,HOLD_CASH
2018-03-20,11,ATO,XEL,67.1408,34.9549,0.0,0,0.0,0.0,0.0,HOLD_CASH
2018-03-21,11,ATO,XEL,67.2317,35.1129,0.0,0,0.0,0.0,0.0,HOLD_CASH
2018-03-22,11,ATO,XEL,67.0582,35.1998,0.0,0,0.0,0.0,0.0,HOLD_CASH
2018-03-23,11,ATO,XEL,66.1164,34.5443,0.0,0,0.0,0.0,0.0,HOLD_CASH
2018-03-26,11,ATO,XEL,67.4878,34.8602,0.0,0,0.0,0.0,0.0,HOLD_CASH
2018-03-27,11,ATO,XEL,68.6774,35.6262,0.0,0,0.0,0.0,0.0,HOLD_CASH
2018-03-28,11,ATO,XEL,69.1484,35.8079,0.0,0,0.0,0.0,0.0,HOLD_CASH
2018-03-29,11,ATO,XEL,69.5944,35.9185,0.0,0,0.0,0.0,0.0,HOLD_CASH
2018-04-02,11,ATO,XEL,68.4461,35.4999,0.0,0,0.0,0.0,0.0,HOLD_CASH
2018-04-03,11,ATO,XEL,69.3879,35.6973,0.0,0,0.0,0.0,0.0,HOLD_CASH
2018-04-04,11,ATO,XEL,69.1484,35.7052,0.0,0,0.0,0.0,0.0,HOLD_CASH
2018-04-05,11,ATO,XEL,69.834,36.0843,-0.1837,0,0.0,0.0,0.0,HOLD_CASH
2018-04-06,11,ATO,XEL,69.5201,35.9106,-0.1011,0,0.0,0.0,0.0,HOLD_CASH
2018-04-09,11,ATO,XEL,69.5449,35.9421,-0.1016,0,0.0,0.0,0.0,HOLD_CASH
2018-04-10,11,ATO,XEL,69.4458,35.5631,1.0311,0,0.0,0.0,0.0,HOLD_CASH
2018-04-11,11,ATO,XEL,69.264,35.413,1.3148,0,0.0,0.0,0.0,HOLD_CASH
2018-04-12,11,ATO,XEL,68.3057,34.7654,1.7606,0,0.0,0.0,0.0,HOLD_CASH
2018-04-13,11,ATO,XEL,68.884,35.1287,1.4488,0,0.0,0.0,0.0,HOLD_CASH
2018-04-16,11,ATO,XEL,69.958,35.7605,1.2417,0,0.0,0.0,0.0,HOLD_CASH
2018-04-17,11,ATO,XEL,70.3628,36.0211,0.9773,0,0.0,0.0,0.0,HOLD_CASH
2018-04-18,11,ATO,XEL,69.7845,35.7921,0.6795,0,0.0,0.0,0.0,HOLD_CASH
2018-04-19,11,ATO,XEL,69.5862,35.8474,0.0783,0,0.0,0.0,0.0,HOLD_CASH
2018-04-20,11,ATO,XEL,69.3136,35.6183,0.3086,0,0.0,0.0,0.0,HOLD_CASH
2018-04-23,11,ATO,XEL,69.7349,35.7842,0.4498,0,0.0,0.0,0.0,HOLD_CASH
2018-04-24,11,ATO,XEL,70.4619,36.0764,0.7651,0,0.0,0.0,0.0,HOLD_CASH
2018-04-25,11,ATO,XEL,70.4784,36.1475,0.3846,0,0.0,0.0,0.0,HOLD_CASH
2018-04-26,11,ATO,XEL,71.7011,36.7082,0.6472,0,0.0,0.0,0.0,HOLD_CASH
2018-04-27,11,ATO,XEL,72.2133,37.1979,-0.5912,0,0.0,0.0,0.0,HOLD_CASH
2018-04-30,11,ATO,XEL,71.7838,36.9925,-0.8212,0,0.0,0.0,0.0,HOLD_CASH
2018-05-01,11,ATO,XEL,71.7342,36.8425,-0.0919,0,0.0,0.0,0.0,HOLD_CASH
2018-05-02,11,ATO,XEL,71.8498,36.7556,0.7135,0,0.0,0.0,0.0,HOLD_CASH
2018-05-03,11,ATO,XEL,72.7504,36.7082,2.8717,-1,0.0,-0.5,-0.5,ENTER_SHORT_A
2018-05-04,11,ATO,XEL,74.13,36.6371,3.5815,-1,-5.2251,-0.5,-5.7251,HOLDING
2018-05-07,11,ATO,XEL,73.4113,36.4318,2.4729,-1,-4.1538,-0.5,-4.6538,HOLDING
2018-05-08,11,ATO,XEL,72.4942,35.5394,2.6394,-1,-7.0804,-0.5,-7.5804,HOLDING
2018-05-09,11,ATO,XEL,72.4364,35.3893,2.2941,-1,-7.9036,-0.5,-8.4036,HOLDING
2018-05-10,11,ATO,XEL,73.1964,35.7368,1.962,-1,-8.1488,-0.5,-8.6488,HOLDING
2018-05-11,11,ATO,XEL,72.9073,35.7447,1.5357,-1,-7.1014,-0.5,-7.6014,HOLDING
2018-05-14,11,ATO,XEL,72.2547,35.5473,1.229,-1,-6.2032,-0.5,-6.7032,HOLDING
2018-05-15,11,ATO,XEL,71.5111,35.184,1.1061,-1,-6.1223,-0.5,-6.6223,HOLDING
2018-05-16,11,ATO,XEL,70.9494,34.947,0.9543,-1,-5.8055,-0.5,-6.3055,HOLDING
2018-05-17,11,ATO,XEL,70.5445,34.6153,1.0203,-1,-6.6733,-0.5,-7.1733,HOLDING
2018-05-18,11,ATO,XEL,70.5487,34.5127,1.048,-1,-7.3869,-0.5,-7.8869,HOLDING
2018-05-21,11,ATO,XEL,70.8395,34.3942,1.2541,-1,-9.193,-0.5,-9.693,HOLDING
2018-05-22,11,ATO,XEL,71.6288,34.5206,1.4203,-1,-11.0448,-0.5,-11.5448,HOLDING
2018-05-23,11,ATO,XEL,72.2603,35.0339,1.0527,-1,-9.7186,-0.5,-10.2186,HOLDING
2018-05-24,11,ATO,XEL,72.6923,35.413,0.7556,-1,-8.6216,-0.5,-9.1216,HOLDING
2018-05-25,11,ATO,XEL,72.9083,35.6894,0.4544,-1,-7.4814,-0.5,-7.9814,HOLDING
2018-05-29,11,ATO,XEL,73.4401,35.7368,0.7079,-1,-8.9861,-0.5,-9.4861,HOLDING
2018-05-30,11,ATO,XEL,74.7612,36.0211,1.3095,-1,-11.5894,-0.5,-12.0894,HOLDING
2018-05-31,11,ATO,XEL,74.1214,35.9501,0.8807,-1,-9.8749,-0.5,-10.3749,HOLDING
2018-06-01,11,ATO,XEL,73.0994,35.334,1.293,-1,-10.5584,-0.5,-11.0584,HOLDING
2018-06-04,11,ATO,XEL,72.9582,34.8602,2.2564,-1,-13.3003,-0.5,-13.8003,HOLDING
2018-06-05,11,ATO,XEL,72.6092,34.2126,2.8913,-1,-16.5116,-0.5,-17.0116,HOLDING
2018-06-06,11,ATO,XEL,71.2881,33.4465,2.5179,-1,-17.1892,-0.5,-17.6892,HOLDING
2018-06-07,11,ATO,XEL,71.23,33.7387,1.5837,-1,-14.9992,-0.5,-15.4992,HOLDING
2018-06-08,11,ATO,XEL,70.881,33.7387,1.1218,-1,-13.8,-0.5,-14.3,HOLDING
2018-06-11,11,ATO,XEL,70.2994,33.2727,1.3432,-1,-14.9749,-0.5,-15.4749,HOLDING
2018-06-12,11,ATO,XEL,70.881,33.6281,1.0764,-1,-14.5529,-0.5,-15.0529,HOLDING
2018-06-13,11,ATO,XEL,70.2745,33.565,0.559,-1,-12.8991,-0.5,-13.3991,HOLDING
2018-06-14,11,ATO,XEL,71.1885,34.1626,0.1547,-1,-11.9694,-0.5,-12.4694,HOLDING
2018-06-15,11,ATO,XEL,72.1107,34.5292,0.2418,-1,-12.6421,-0.5,-13.1421,HOLDING
2018-06-18,11,ATO,XEL,72.3766,34.7444,-0.0342,-1,-12.0904,-0.5,-12.5904,HOLDING
2018-06-19,11,ATO,XEL,73.3819,35.2145,-0.055,-1,-12.3432,-0.5,-12.8432,HOLDING
2018-06-20,11,ATO,XEL,73.3902,34.9675,0.5108,-1,-14.0541,-0.5,-14.5541,HOLDING
2018-06-21,11,ATO,XEL,73.8223,34.9436,0.972,-1,-15.7017,-0.5,-16.2017,HOLDING
2018-06-22,11,ATO,XEL,74.0383,34.9436,1.121,-1,-16.4441,-0.5,-16.9441,HOLDING
2018-06-25,11,ATO,XEL,75.2181,35.9795,-0.1967,-1,-13.443,-0.5,-13.943,HOLDING
2018-06-26,11,ATO,XEL,74.6448,36.123,-1.4901,-1,-10.4961,-0.5,-10.9961,HOLDING
2018-06-27,11,ATO,XEL,74.8858,36.4098,-1.813,-1,-9.3703,-0.5,-9.8703,HOLDING
2018-06-28,11,ATO,XEL,75.1018,36.3859,-1.4764,-1,-10.2755,-0.5,-10.7755,HOLDING
2018-06-29,11,ATO,XEL,74.8941,36.4019,-1.6995,-1,-9.4531,-0.5,-9.9531,HOLDING
2018-07-02,11,ATO,XEL,75.0603,36.8402,-2.1646,-1,-7.0393,-0.5,-7.5393,HOLDING
2018-07-03,11,ATO,XEL,75.833,36.8561,-1.2183,-1,-9.586,-0.5,-10.086,HOLDING
2018-07-05,11,ATO,XEL,76.4811,37.1271,-1.0372,-1,-9.9678,-0.5,-10.4678,HOLDING
2018-07-06,11,ATO,XEL,76.9131,37.4219,-1.122,-1,-9.4444,-0.5,-9.9444,HOLDING
2018-07-09,11,ATO,XEL,74.6199,35.9875,-0.2841,-1,-11.333,-0.5,-11.833,HOLDING
2018-07-10,11,ATO,XEL,75.3345,36.4098,-0.4042,-1,-10.9122,-0.5,-11.4122,HOLDING
2018-07-11,11,ATO,XEL,75.6585,36.9677,-1.3125,-1,-8.2266,-0.5,-8.7266,HOLDING
2018-07-12,11,ATO,XEL,75.7167,36.9278,-1.026,-1,-8.6978,-0.5,-9.1978,HOLDING
2018-07-13,11,ATO,XEL,75.7167,36.872,-0.8035,-1,-9.0778,-0.5,-9.5778,HOLDING
2018-07-16,11,ATO,XEL,75.7001,36.7127,-0.3612,-1,-10.1061,-0.5,-10.6061,HOLDING
2018-07-17,11,ATO,XEL,75.4425,36.5453,-0.2092,-1,-10.3607,-0.5,-10.8607,HOLDING
2018-07-18,11,ATO,XEL,75.2265,36.3541,0.0547,-1,-10.9209,-0.5,-11.4209,HOLDING
2018-07-19,11,ATO,XEL,76.2152,36.5852,0.781,-1,-12.7446,-0.5,-13.2446,HOLDING
2018-07-20,11,ATO,XEL,75.9742,36.362,1.272,-1,-13.4363,-0.5,-13.9363,HOLDING
2018-07-23,11,ATO,XEL,75.4591,36.0831,1.7816,-1,-13.5656,-0.5,-14.0656,HOLDING
2018-07-24,11,ATO,XEL,75.2929,36.2903,0.7788,-1,-11.5834,-0.5,-12.0834,HOLDING
2018-07-25,11,ATO,XEL,75.1101,36.4098,-0.0719,-1,-10.1412,-0.5,-10.6412,HOLDING
2018-07-26,11,ATO,XEL,75.8662,37.3581,-2.0669,-1,-6.2811,-0.5,-6.7811,HOLDING
2018-07-27,11,ATO,XEL,75.5089,37.1271,-1.6352,-1,-6.6272,-0.5,-7.1272,HOLDING
2018-07-30,11,ATO,XEL,75.2015,36.888,-1.2328,-1,-7.1989,-0.5,-7.6989,HOLDING
2018-07-31,11,ATO,XEL,76.3315,37.3422,-0.959,-1,-7.9885,-0.5,-8.4885,HOLDING
2018-08-01,11,ATO,XEL,75.6003,36.9677,-0.8505,-1,-8.0267,-0.5,-8.5267,HOLDING
2018-08-02,11,ATO,XEL,76.0989,37.135,-0.5716,-1,-8.6002,-0.5,-9.1002,HOLDING
2018-08-03,11,ATO,XEL,76.2983,37.5972,-1.5307,-1,-6.1377,-0.5,-6.6377,HOLDING
2018-08-06,11,ATO,XEL,76.4063,37.6769,-1.4267,-1,-5.9662,-0.5,-6.4662,HOLDING
2018-08-07,11,ATO,XEL,76.4063,37.6132,-1.1258,-1,-6.4003,-0.5,-6.9003,HOLDING
2018-08-08,11,ATO,XEL,76.3315,37.7088,-1.3598,-1,-5.4921,-0.5,-5.9921,HOLDING
2018-08-09,11,ATO,XEL,75.8081,37.9638,-2.1923,-1,-1.9566,-0.5,-2.4566,HOLDING
2018-08-10,11,ATO,XEL,75.833,37.8761,-1.7093,-1,-2.6392,-0.5,-3.1392,HOLDING
2018-08-13,11,ATO,XEL,76.29,37.8761,-1.1276,-1,-4.2096,-0.5,-4.7096,HOLDING
2018-08-14,11,ATO,XEL,76.938,37.8203,-0.3379,-1,-6.8165,-0.5,-7.3165,HOLDING
2018-08-15,11,ATO,XEL,77.3036,38.171,-0.6034,-1,-5.6848,-0.5,-6.1848,HOLDING
2018-08-16,11,ATO,XEL,78.2508,38.3861,-0.0216,-1,-7.4745,-0.5,-7.9745,HOLDING
2018-08-17,11,ATO,XEL,78.3837,38.4818,0.0202,-1,-7.2799,-0.5,-7.7799,HOLDING
2018-08-20,11,ATO,XEL,77.7606,38.434,-0.5509,-1,-5.4642,-0.5,-5.9642,HOLDING
2018-08-21,11,ATO,XEL,77.1873,38.1869,-0.6009,-1,-5.1766,-0.5,-5.6766,HOLDING
2018-08-22,11,ATO,XEL,76.8633,37.7964,0.3472,-1,-6.7223,-0.5,-7.2223,HOLDING
2018-08-23,11,ATO,XEL,76.5392,38.0036,-1.0388,-1,-4.1978,-0.5,-4.6978,HOLDING
2018-08-24,11,ATO,XEL,77.0278,38.2108,-0.8238,-1,-4.4657,-0.5,-4.9657,HOLDING
2018-08-27,11,ATO,XEL,76.6603,37.8602,-0.128,-1,-5.5909,-0.5,-6.0909,HOLDING
2018-08-28,11,ATO,XEL,76.677,37.908,-0.2149,-1,-5.3226,-0.5,-5.8226,HOLDING
2018-08-29,11,ATO,XEL,77.1197,38.2826,-0.7705,-1,-4.293,-0.5,-4.793,HOLDING
2018-08-30,11,ATO,XEL,77.3035,38.5216,-1.3296,-1,-3.2964,-0.5,-3.7964,HOLDING
2018-08-31,11,ATO,XEL,77.0362,38.2905,-0.7954,-1,-3.9519,-0.5,-4.4519,HOLDING
2018-09-04,11,ATO,XEL,77.1698,38.6491,-1.8221,-1,-1.9688,-0.5,-2.4688,HOLDING
2018-09-05,11,ATO,XEL,78.1805,39.2707,-1.9457,-1,0.0,-2.2449,-2.2449,PERIOD_END_EXIT
2018-03-08,12,AEP,DTE,49.263,65.4227,0.0,0,0.0,0.0,0.0,HOLD_CASH
2018-03-09,12,AEP,DTE,49.5271,65.5074,0.0,0,0.0,0.0,0.0,HOLD_CASH
2018-03-12,12,AEP,DTE,49.693,65.755,0.0,0,0.0,0.0,0.0,HOLD_CASH
2018-03-13,12,AEP,DTE,49.8213,65.768,0.0,0,0.0,0.0,0.0,HOLD_CASH
2018-03-14,12,AEP,DTE,50.2362,66.3154,0.0,0,0.0,0.0,0.0,HOLD_CASH
2018-03-15,12,AEP,DTE,50.538,66.2828,0.0,0,0.0,0.0,0.0,HOLD_CASH
2018-03-16,12,AEP,DTE,51.1566,67.2248,0.0,0,0.0,0.0,0.0,HOLD_CASH
2018-03-19,12,AEP,DTE,50.885,67.1722,0.0,0,0.0,0.0,0.0,HOLD_CASH
2018-03-20,12,AEP,DTE,50.885,67.1459,0.0,0,0.0,0.0,0.0,HOLD_CASH
2018-03-21,12,AEP,DTE,50.4776,67.3957,0.0,0,0.0,0.0,0.0,HOLD_CASH
2018-03-22,12,AEP,DTE,50.8171,67.4088,0.0,0,0.0,0.0,0.0,HOLD_CASH
2018-03-23,12,AEP,DTE,50.0853,66.4491,0.0,0,0.0,0.0,0.0,HOLD_CASH
2018-03-26,12,AEP,DTE,50.7794,67.1262,0.0,0,0.0,0.0,0.0,HOLD_CASH
2018-03-27,12,AEP,DTE,51.6243,68.2371,0.0,0,0.0,0.0,0.0,HOLD_CASH
2018-03-28,12,AEP,DTE,51.7979,68.3619,0.0,0,0.0,0.0,0.0,HOLD_CASH
2018-03-29,12,AEP,DTE,51.745,68.6249,0.0,0,0.0,0.0,0.0,HOLD_CASH
2018-04-02,12,AEP,DTE,51.5112,68.145,0.0,0,0.0,0.0,0.0,HOLD_CASH
2018-04-03,12,AEP,DTE,51.6394,68.638,0.0,0,0.0,0.0,0.0,HOLD_CASH
2018-04-04,12,AEP,DTE,51.8054,68.2896,0.0,0,0.0,0.0,0.0,HOLD_CASH
2018-04-05,12,AEP,DTE,52.0091,68.7761,0.0209,0,0.0,0.0,0.0,HOLD_CASH
2018-04-06,12,AEP,DTE,51.6998,68.4014,-0.1572,0,0.0,0.0,0.0,HOLD_CASH
2018-04-09,12,AEP,DTE,51.8356,68.5854,-0.169,0,0.0,0.0,0.0,HOLD_CASH
2018-04-10,12,AEP,DTE,51.2019,68.0727,-1.2871,0,0.0,0.0,0.0,HOLD_CASH
2018-04-11,12,AEP,DTE,51.1415,67.9281,-0.958,0,0.0,0.0,0.0,HOLD_CASH
2018-04-12,12,AEP,DTE,50.2739,67.113,-1.852,0,0.0,0.0,0.0,HOLD_CASH
2018-04-13,12,AEP,DTE,50.802,67.3365,-0.1954,0,0.0,0.0,0.0,HOLD_CASH
2018-04-16,12,AEP,DTE,51.5036,68.1056,0.5273,0,0.0,0.0,0.0,HOLD_CASH
2018-04-17,12,AEP,DTE,51.9487,68.684,0.6016,0,0.0,0.0,0.0,HOLD_CASH
2018-04-18,12,AEP,DTE,51.8507,68.3685,1.3438,0,0.0,0.0,0.0,HOLD_CASH
2018-04-19,12,AEP,DTE,51.6922,68.191,1.1681,0,0.0,0.0,0.0,HOLD_CASH
2018-04-20,12,AEP,DTE,51.647,67.5271,2.818,-1,0.0,-0.5,-0.5,ENTER_SHORT_A
2018-04-23,12,AEP,DTE,51.6319,67.9215,1.2305,-1,1.5332,-0.5,1.0332,HOLDING
2018-04-24,12,AEP,DTE,51.9638,68.4934,0.734,-1,2.0437,-0.5,1.5437,HOLDING
2018-04-25,12,AEP,DTE,52.1222,68.3685,1.6153,-1,0.8144,-0.5,0.3144,HOLDING
2018-04-26,12,AEP,DTE,52.6352,68.9075,1.7662,-1,0.3267,-0.5,-0.1733,HOLDING
2018-04-27,12,AEP,DTE,53.2237,69.4465,2.006,-1,-0.526,-0.5,-1.026,HOLDING
2018-04-30,12,AEP,DTE,52.7937,69.2822,0.9395,-1,0.9469,-0.5,0.4469,HOLDING
2018-05-01,12,AEP,DTE,52.3863,69.0193,0.2178,-1,1.9455,-0.5,1.4455,HOLDING
2018-05-02,12,AEP,DTE,52.1977,68.8549,0.012,-1,2.2501,-0.5,1.7501,HOLDING
2018-05-03,12,AEP,DTE,52.2354,68.7563,0.3459,-1,1.7024,-0.5,1.2024,HOLDING
2018-05-04,12,AEP,DTE,52.3486,68.809,0.5321,-1,1.3496,-0.5,0.8496,HOLDING
2018-05-07,12,AEP,DTE,51.8884,68.4605,-0.1455,-1,2.2873,-0.5,1.7873,HOLDING
2018-05-08,12,AEP,DTE,50.7341,66.4557,1.0263,-1,0.452,-0.5,-0.048,HOLDING
2018-05-09,12,AEP,DTE,50.46,65.8904,1.4462,-1,-0.314,-0.5,-0.814,HOLDING
2018-05-10,12,AEP,DTE,51.0311,66.6069,1.5488,-1,-0.4257,-0.5,-0.9257,HOLDING
2018-05-11,12,AEP,DTE,51.1377,67.3431,-0.4643,-1,1.7839,-0.5,1.2839,HOLDING
2018-05-14,12,AEP,DTE,51.0996,67.2379,-0.3504,-1,1.5787,-0.5,1.0787,HOLDING
2018-05-15,12,AEP,DTE,50.8712,66.6989,0.4553,-1,0.6889,-0.5,0.1889,HOLDING
2018-05-16,12,AEP,DTE,50.3686,66.0416,0.3848,-1,0.688,-0.5,0.188,HOLDING
2018-05-17,12,AEP,DTE,49.6605,65.2856,-0.3925,-1,1.3171,-0.5,0.8171,HOLDING
2018-05-18,12,AEP,DTE,49.4397,65.68,-2.5763,-1,3.8462,-0.5,3.3462,HOLDING
2018-05-21,12,AEP,DTE,49.5615,65.7129,-1.8342,-1,3.3781,-0.5,2.8781,HOLDING
2018-05-22,12,AEP,DTE,49.828,65.8115,-0.983,-1,2.4532,-0.5,1.9532,HOLDING
2018-05-23,12,AEP,DTE,50.6123,66.6726,-0.3982,-1,1.8447,-0.5,1.3447,HOLDING
2018-05-24,12,AEP,DTE,50.894,67.1327,-0.602,-1,2.1846,-0.5,1.6846,HOLDING
2018-05-25,12,AEP,DTE,51.1834,67.1656,0.5843,-1,0.9057,-0.5,0.4057,HOLDING
2018-05-29,12,AEP,DTE,51.4879,67.113,1.8407,-1,-0.7634,-0.5,-1.2634,HOLDING
2018-05-30,12,AEP,DTE,51.7773,67.3431,1.9282,-1,-1.3121,-0.5,-1.8121,HOLDING
2018-05-31,12,AEP,DTE,51.7392,67.3299,1.5987,-1,-1.1766,-0.5,-1.6766,HOLDING
2018-06-01,12,AEP,DTE,50.7722,66.4097,0.6598,-1,0.0973,-0.5,-0.4027,HOLDING
2018-06-04,12,AEP,DTE,50.2925,65.7589,0.6675,-1,0.0101,-0.5,-0.4899,HOLDING
2018-06-05,12,AEP,DTE,49.7138,65.2659,-0.0587,-1,0.9861,-0.5,0.4861,HOLDING
2018-06-06,12,AEP,DTE,48.5869,63.7212,0.1285,-1,0.7222,-0.5,0.2222,HOLDING
2018-06-07,12,AEP,DTE,48.8458,63.7869,0.8693,-1,-0.2877,-0.5,-0.7877,HOLDING
2018-06-08,12,AEP,DTE,48.8153,63.7409,0.8928,-1,-0.3105,-0.5,-0.8105,HOLDING
2018-06-11,12,AEP,DTE,47.9168,62.2488,1.5596,-1,-1.4856,-0.5,-1.9856,HOLDING
2018-06-12,12,AEP,DTE,48.4041,63.4254,0.1251,-1,0.5117,-0.5,0.0117,HOLDING
2018-06-13,12,AEP,DTE,48.3204,63.1559,0.5101,-1,-0.0808,-0.5,-0.5808,HOLDING
2018-06-14,12,AEP,DTE,49.2037,63.7935,1.604,-1,-1.9956,-0.5,-2.4956,HOLDING
2018-06-15,12,AEP,DTE,49.5311,64.3859,1.0948,-1,-1.3874,-0.5,-1.8874,HOLDING
2018-06-18,12,AEP,DTE,49.8433,64.6115,1.432,-1,-2.0634,-0.5,-2.5634,HOLDING
2018-06-19,12,AEP,DTE,50.9169,65.7392,1.9205,-1,-3.0853,-0.5,-3.5853,HOLDING
2018-06-20,12,AEP,DTE,50.9397,65.8652,1.5489,-1,-2.7293,-0.5,-3.2293,HOLDING
2018-06-21,12,AEP,DTE,51.3737,66.3826,1.5102,-1,-2.9146,-0.5,-3.4146,HOLDING
2018-06-22,12,AEP,DTE,51.2824,66.6347,0.4883,-1,-1.539,-0.5,-2.039,HOLDING
2018-06-25,12,AEP,DTE,52.5616,68.187,0.7174,-1,-1.9842,-0.5,-2.4842,HOLDING
2018-06-26,12,AEP,DTE,52.7672,68.4589,0.6484,-1,-1.9725,-0.5,-2.4725,HOLDING
2018-06-27,12,AEP,DTE,53.1859,69.109,0.3317,-1,-1.5928,-0.5,-2.0928,HOLDING
2018-06-28,12,AEP,DTE,52.7976,68.9498,-0.6196,-1,-0.3025,-0.5,-0.8025,HOLDING
2018-06-29,12,AEP,DTE,52.7291,68.7442,-0.3283,-1,-0.7322,-0.5,-1.2322,HOLDING
2018-07-02,12,AEP,DTE,53.3382,69.381,0.0743,-1,-1.3231,-0.5,-1.8231,HOLDING
2018-07-03,12,AEP,DTE,53.6809,69.6663,0.4693,-1,-1.9256,-0.5,-2.4256,HOLDING
2018-07-05,12,AEP,DTE,54.1606,70.5353,-0.4404,-1,-1.0304,-0.5,-1.5304,HOLDING
2018-07-06,12,AEP,DTE,54.488,70.9996,-0.6166,-1,-0.8962,-0.5,-1.3962,HOLDING
2018-07-09,12,AEP,DTE,52.4397,68.4258,-0.9918,-1,-0.5104,-0.5,-1.0104,HOLDING
2018-07-10,12,AEP,DTE,53.1326,68.9896,0.2745,-1,-1.777,-0.5,-2.277,HOLDING
2018-07-11,12,AEP,DTE,53.8712,70.0908,-0.3903,-1,-1.2753,-0.5,-1.7753,HOLDING
2018-07-12,12,AEP,DTE,53.5895,70.2633,-2.3762,-1,0.7269,-0.5,0.2269,HOLDING
2018-07-13,12,AEP,DTE,53.5667,70.4424,-2.4593,-1,1.5006,-0.5,1.0006,HOLDING
2018-07-16,12,AEP,DTE,53.6199,70.5154,-2.0501,-1,1.5128,-0.5,1.0128,HOLDING
2018-07-17,12,AEP,DTE,53.6352,70.5684,-1.8299,-1,1.6355,-0.5,1.1355,HOLDING
2018-07-18,12,AEP,DTE,53.4829,70.3561,-1.6178,-1,1.5868,-0.5,1.0868,HOLDING
2018-07-19,12,AEP,DTE,53.7875,71.2252,-2.2918,-1,3.3298,-0.5,2.8298,HOLDING
2018-07-20,12,AEP,DTE,53.6123,70.7144,-1.5181,-1,2.2865,-0.5,1.7865,HOLDING
2018-07-23,12,AEP,DTE,52.8738,70.6016,-2.606,-1,5.444,-0.5,4.944,HOLDING
2018-07-24,12,AEP,DTE,52.5844,70.794,-2.7112,-1,7.5569,-0.5,7.0569,HOLDING
2018-07-25,12,AEP,DTE,52.8281,71.8421,-2.7434,-1,10.2577,-0.5,9.7577,HOLDING
2018-07-26,12,AEP,DTE,54.092,72.187,-1.1269,-1,5.4165,-0.5,4.9165,HOLDING
2018-07-27,12,AEP,DTE,54.1682,72.0477,-0.7883,-1,4.5323,-0.5,4.0323,HOLDING
2018-07-30,12,AEP,DTE,53.6047,71.4971,-0.9089,-1,5.2213,-0.5,4.7213,HOLDING
2018-07-31,12,AEP,DTE,54.1682,72.0013,-0.5741,-1,4.3604,-0.5,3.8604,HOLDING
2018-08-01,12,AEP,DTE,53.5286,71.5369,-0.9059,-1,5.7372,-0.5,5.2372,HOLDING
2018-08-02,12,AEP,DTE,53.6732,72.1075,-1.2001,-1,7.1491,-0.5,6.6491,HOLDING
2018-08-03,12,AEP,DTE,54.1986,73.0361,-1.3049,-1,8.0441,-0.5,7.5441,HOLDING
2018-08-06,12,AEP,DTE,54.2672,73.3015,-1.347,-1,8.6947,-0.5,8.1947,HOLDING
2018-08-07,12,AEP,DTE,54.2443,73.202,-1.1853,-1,8.437,-0.5,7.937,HOLDING
2018-08-08,12,AEP,DTE,54.0083,73.0759,-1.3178,-1,9.1129,-0.5,8.6129,HOLDING
2018-08-09,12,AEP,DTE,54.5229,73.4474,-0.8411,-1,7.997,-0.5,7.497,HOLDING
2018-08-10,12,AEP,DTE,54.4231,73.1954,-0.615,-1,7.5471,-0.5,7.0471,HOLDING
2018-08-13,12,AEP,DTE,54.4922,73.4939,-0.8095,-1,8.3176,-0.5,7.8176,HOLDING
2018-08-14,12,AEP,DTE,54.5537,73.6597,-0.8518,-1,8.6342,-0.5,8.1342,HOLDING
2018-08-15,12,AEP,DTE,55.1298,74.4756,-0.8507,-1,8.8661,-0.5,8.3661,HOLDING
2018-08-16,12,AEP,DTE,55.5676,75.0793,-0.7935,-1,8.9817,-0.5,8.4817,HOLDING
2018-08-17,12,AEP,DTE,55.6905,75.3711,-0.9931,-1,9.4673,-0.5,8.9673,HOLDING
2018-08-20,12,AEP,DTE,55.4447,75.1589,-1.1239,-1,9.8713,-0.5,9.3713,HOLDING
2018-08-21,12,AEP,DTE,55.0376,74.7742,-1.3306,-1,10.4176,-0.5,9.9176,HOLDING
2018-08-22,12,AEP,DTE,54.3386,73.7857,-1.2847,-1,10.1418,-0.5,9.6418,HOLDING
2018-08-23,12,AEP,DTE,54.8148,73.9184,-0.1753,-1,8.3276,-0.5,7.8276,HOLDING
2018-08-24,12,AEP,DTE,54.9608,74.2302,-0.3376,-1,8.7755,-0.5,8.2755,HOLDING
2018-08-27,12,AEP,DTE,54.6612,73.8587,-0.3363,-1,8.8503,-0.5,8.3503,HOLDING
2018-08-28,12,AEP,DTE,54.6228,73.454,0.9762,-1,7.5382,-0.5,7.0382,HOLDING
2018-08-29,12,AEP,DTE,55.076,73.8123,2.1139,-1,6.6706,-0.5,6.1706,HOLDING
2018-08-30,12,AEP,DTE,55.1605,74.2036,1.0596,-1,7.7106,-0.5,7.2106,HOLDING
2018-08-31,12,AEP,DTE,55.099,73.726,2.2052,-1,6.2397,-0.5,5.7397,HOLDING
2018-09-04,12,AEP,DTE,55.5062,74.0776,2.2955,-1,5.5707,-0.5,5.0707,HOLDING
2018-09-05,12,AEP,DTE,56.2589,75.139,1.8233,-1,0.0,4.8058,4.8058,PERIOD_END_EXIT
2018-03-08,13,ED,XEL,56.4625,33.765,0.0,0,0.0,0.0,0.0,HOLD_CASH
2018-03-09,13,ED,XEL,56.41,33.8825,0.0,0,0.0,0.0,0.0,HOLD_CASH
2018-03-12,13,ED,XEL,56.7474,34.1799,0.0,0,0.0,0.0,0.0,HOLD_CASH
2018-03-13,13,ED,XEL,56.5975,34.0625,0.0,0,0.0,0.0,0.0,HOLD_CASH
2018-03-14,13,ED,XEL,56.9574,34.3863,0.0,0,0.0,0.0,0.0,HOLD_CASH
2018-03-15,13,ED,XEL,57.4147,34.4732,0.0,0,0.0,0.0,0.0,HOLD_CASH
2018-03-16,13,ED,XEL,58.067,34.8523,0.0,0,0.0,0.0,0.0,HOLD_CASH
2018-03-19,13,ED,XEL,57.767,34.8839,0.0,0,0.0,0.0,0.0,HOLD_CASH
2018-03-20,13,ED,XEL,57.6471,34.9549,0.0,0,0.0,0.0,0.0,HOLD_CASH
2018-03-21,13,ED,XEL,57.4822,35.1129,0.0,0,0.0,0.0,0.0,HOLD_CASH
2018-03-22,13,ED,XEL,57.5496,35.1998,0.0,0,0.0,0.0,0.0,HOLD_CASH
2018-03-23,13,ED,XEL,56.665,34.5443,0.0,0,0.0,0.0,0.0,HOLD_CASH
2018-03-26,13,ED,XEL,57.2947,34.8602,0.0,0,0.0,0.0,0.0,HOLD_CASH
2018-03-27,13,ED,XEL,58.1944,35.6262,0.0,0,0.0,0.0,0.0,HOLD_CASH
2018-03-28,13,ED,XEL,58.1494,35.8079,0.0,0,0.0,0.0,0.0,HOLD_CASH
2018-03-29,13,ED,XEL,58.4343,35.9185,0.0,0,0.0,0.0,0.0,HOLD_CASH
2018-04-02,13,ED,XEL,57.7821,35.4999,0.0,0,0.0,0.0,0.0,HOLD_CASH
2018-04-03,13,ED,XEL,58.2244,35.6973,0.0,0,0.0,0.0,0.0,HOLD_CASH
2018-04-04,13,ED,XEL,58.6817,35.7052,0.0,0,0.0,0.0,0.0,HOLD_CASH
2018-04-05,13,ED,XEL,59.1466,36.0843,-0.4969,0,0.0,0.0,0.0,HOLD_CASH
2018-04-06,13,ED,XEL,58.8992,35.9106,-0.3497,0,0.0,0.0,0.0,HOLD_CASH
2018-04-09,13,ED,XEL,58.8242,35.9421,-0.5296,0,0.0,0.0,0.0,HOLD_CASH
2018-04-10,13,ED,XEL,58.1794,35.5631,-0.5091,0,0.0,0.0,0.0,HOLD_CASH
2018-04-11,13,ED,XEL,58.1119,35.413,-0.0339,0,0.0,0.0,0.0,HOLD_CASH
2018-04-12,13,ED,XEL,57.2122,34.7654,0.4224,0,0.0,0.0,0.0,HOLD_CASH
2018-04-13,13,ED,XEL,57.4972,35.1287,-0.2706,0,0.0,0.0,0.0,HOLD_CASH
2018-04-16,13,ED,XEL,58.3219,35.7605,-0.8716,0,0.0,0.0,0.0,HOLD_CASH
2018-04-17,13,ED,XEL,58.8242,36.0211,-0.5327,0,0.0,0.0,0.0,HOLD_CASH
2018-04-18,13,ED,XEL,58.4868,35.7921,-0.2919,0,0.0,0.0,0.0,HOLD_CASH
2018-04-19,13,ED,XEL,58.5618,35.8474,-0.3356,0,0.0,0.0,0.0,HOLD_CASH
2018-04-20,13,ED,XEL,58.1794,35.6183,-0.3606,0,0.0,0.0,0.0,HOLD_CASH
2018-04-23,13,ED,XEL,58.2544,35.7842,-1.1664,0,0.0,0.0,0.0,HOLD_CASH
2018-04-24,13,ED,XEL,58.7117,36.0764,-1.1438,0,0.0,0.0,0.0,HOLD_CASH
2018-04-25,13,ED,XEL,58.7717,36.1475,-1.2813,0,0.0,0.0,0.0,HOLD_CASH
2018-04-26,13,ED,XEL,59.5664,36.7082,-1.7628,0,0.0,0.0,0.0,HOLD_CASH
2018-04-27,13,ED,XEL,60.3012,37.1979,-1.8422,0,0.0,0.0,0.0,HOLD_CASH
2018-04-30,13,ED,XEL,60.0762,36.9925,-1.3333,0,0.0,0.0,0.0,HOLD_CASH
2018-05-01,13,ED,XEL,59.9413,36.8425,-0.8581,0,0.0,0.0,0.0,HOLD_CASH
2018-05-02,13,ED,XEL,59.4165,36.7556,-2.0283,1,0.0,-0.5,-0.5,ENTER_LONG_A
2018-05-03,13,ED,XEL,59.229,36.7082,-2.0428,1,-0.4664,-0.5,-0.9664,HOLDING
2018-05-04,13,ED,XEL,59.4165,36.6371,-0.9425,1,0.8057,-0.5,0.3057,HOLDING
2018-05-07,13,ED,XEL,58.7492,36.4318,-1.788,1,-0.6052,-0.5,-1.1052,HOLDING
2018-05-08,13,ED,XEL,57.1523,35.5394,-1.9446,1,-1.2543,-0.5,-1.7543,HOLDING
2018-05-09,13,ED,XEL,56.5525,35.3893,-2.4317,1,-2.7574,-0.5,-3.2574,HOLDING
2018-05-10,13,ED,XEL,57.4072,35.7368,-1.5447,1,-1.5247,-0.5,-2.0247,HOLDING
2018-05-11,13,ED,XEL,57.6021,35.7447,-0.9644,1,-0.7583,-0.5,-1.2583,HOLDING
2018-05-14,13,ED,XEL,57.4522,35.5473,-0.4424,1,-0.0462,-0.5,-0.5462,HOLDING
2018-05-15,13,ED,XEL,56.684,35.184,-0.8608,1,-0.8073,-0.5,-1.3073,HOLDING
2018-05-16,13,ED,XEL,56.4267,34.947,-0.4274,1,-0.2785,-0.5,-0.7785,HOLDING
2018-05-17,13,ED,XEL,55.9575,34.6153,-0.1426,1,0.0034,-0.5,-0.4966,HOLDING
2018-05-18,13,ED,XEL,55.9802,34.5127,0.5995,1,0.7973,-0.5,0.2973,HOLDING
2018-05-21,13,ED,XEL,55.8818,34.3942,0.9836,1,1.1891,-0.5,0.6891,HOLDING
2018-05-22,13,ED,XEL,56.1088,34.5206,1.0955,1,1.2849,-0.5,0.7849,HOLDING
2018-05-23,13,ED,XEL,56.8354,35.0339,0.7356,1,0.8502,-0.5,0.3502,HOLDING
2018-05-24,13,ED,XEL,57.4257,35.413,0.6536,1,0.7555,-0.5,0.2555,HOLDING
2018-05-25,13,ED,XEL,57.4484,35.6894,-0.8645,1,-1.0291,-0.5,-1.5291,HOLDING
2018-05-29,13,ED,XEL,57.5089,35.7368,-0.8344,1,-1.0966,-0.5,-1.5966,HOLDING
2018-05-30,13,ED,XEL,57.7662,36.0211,-1.4441,1,-1.9478,-0.5,-2.4478,HOLDING
2018-05-31,13,ED,XEL,58.069,35.9501,0.146,1,-0.1907,-0.5,-0.6907,HOLDING
2018-06-01,13,ED,XEL,57.1684,35.334,0.4767,1,0.21,-0.5,-0.29,HOLDING
2018-06-04,13,ED,XEL,56.7219,34.8602,1.5992,1,1.5543,-0.5,1.0543,HOLDING
2018-06-05,13,ED,XEL,56.0105,34.2126,2.2936,1,2.9659,-0.5,2.4659,HOLDING
2018-06-06,13,ED,XEL,54.7845,33.4465,2.0007,1,3.0179,-0.5,2.5179,HOLDING
2018-06-07,13,ED,XEL,55.0872,33.7387,1.401,1,2.3041,-0.5,1.8041,HOLDING
2018-06-08,13,ED,XEL,55.0569,33.7387,1.1895,1,2.1768,-0.5,1.6768,HOLDING
2018-06-11,13,ED,XEL,54.0277,33.2727,0.2937,1,1.0154,-0.5,0.5154,HOLDING
2018-06-12,13,ED,XEL,54.8526,33.6281,0.9764,1,2.0689,-0.5,1.5689,HOLDING
2018-06-13,13,ED,XEL,54.8147,33.565,1.0668,1,2.3396,-0.5,1.8396,HOLDING
2018-06-14,13,ED,XEL,55.4353,34.1626,-0.0623,1,0.8855,-0.5,0.3855,HOLDING
2018-06-15,13,ED,XEL,55.7986,34.5292,-0.7757,1,-0.0794,-0.5,-0.5794,HOLDING
2018-06-18,13,ED,XEL,55.9272,34.7444,-1.318,1,-1.0014,-0.5,-1.5014,HOLDING
2018-06-19,13,ED,XEL,56.6537,35.2145,-1.2663,1,-1.1424,-0.5,-1.6424,HOLDING
2018-06-20,13,ED,XEL,56.7824,34.9675,0.2053,1,1.0791,-0.5,0.5791,HOLDING
2018-06-21,13,ED,XEL,57.1003,34.9436,1.0974,1,2.5791,-0.5,2.0791,HOLDING
2018-06-22,13,ED,XEL,57.3349,34.9436,1.5238,1,3.5663,-0.5,3.0663,HOLDING
2018-06-25,13,ED,XEL,58.5912,35.9795,0.3834,1,1.8059,-0.5,1.3059,HOLDING
2018-06-26,13,ED,XEL,58.6366,36.123,-0.1618,1,1.0215,-0.5,0.5215,HOLDING
2018-06-27,13,ED,XEL,58.9544,36.4098,-0.7058,1,0.4076,-0.5,-0.0924,HOLDING
2018-06-28,13,ED,XEL,58.9847,36.3859,-0.5474,1,0.6976,-0.5,0.1976,HOLDING
2018-06-29,13,ED,XEL,59.015,36.4019,-0.5599,1,0.7165,-0.5,0.2165,HOLDING
2018-07-02,13,ED,XEL,59.2874,36.8402,-1.6628,1,-1.1183,-0.5,-1.6183,HOLDING
2018-07-03,13,ED,XEL,59.3782,36.8561,-1.3316,1,-0.8446,-0.5,-1.3446,HOLDING
2018-07-05,13,ED,XEL,59.7793,37.1271,-1.3017,1,-0.9998,-0.5,-1.4998,HOLDING
2018-07-06,13,ED,XEL,60.1653,37.4219,-1.3863,1,-1.3814,-0.5,-1.8814,HOLDING
2018-07-09,13,ED,XEL,58.1673,35.9875,-0.4434,1,-0.0315,-0.5,-0.5315,HOLDING
2018-07-10,13,ED,XEL,58.9241,36.4098,-0.2023,1,0.2801,-0.5,-0.2199,HOLDING
2018-07-11,13,ED,XEL,59.8096,36.9677,-0.1888,1,0.2116,-0.5,-0.2884,HOLDING
2018-07-12,13,ED,XEL,59.9534,36.9278,0.5021,1,1.0876,-0.5,0.5876,HOLDING
2018-07-13,13,ED,XEL,60.135,36.872,1.2474,1,2.2314,-0.5,1.7314,HOLDING
2018-07-16,13,ED,XEL,59.9382,36.7127,1.2865,1,2.4874,-0.5,1.9874,HOLDING
2018-07-17,13,ED,XEL,59.7566,36.5453,1.3874,1,2.8614,-0.5,2.3614,HOLDING
2018-07-18,13,ED,XEL,59.4388,36.3541,1.2461,1,2.8249,-0.5,2.3249,HOLDING
2018-07-19,13,ED,XEL,59.6204,36.5852,0.6538,1,2.0172,-0.5,1.5172,HOLDING
2018-07-20,13,ED,XEL,59.0679,36.362,0.1766,1,1.2104,-0.5,0.7104,HOLDING
2018-07-23,13,ED,XEL,58.6214,36.0831,0.314,1,1.2287,-0.5,0.7287,HOLDING
2018-07-24,13,ED,XEL,58.7349,36.2903,-0.3618,1,0.297,-0.5,-0.203,HOLDING
2018-07-25,13,ED,XEL,58.5685,36.4098,-1.3898,1,-1.2164,-0.5,-1.7164,HOLDING
2018-07-26,13,ED,XEL,59.2571,37.3581,-2.8291,1,-4.7688,-0.5,-5.2688,HOLDING
2018-07-27,13,ED,XEL,59.4463,37.1271,-1.3722,1,-2.4009,-0.5,-2.9009,HOLDING
2018-07-30,13,ED,XEL,59.1512,36.888,-1.073,1,-2.0167,-0.5,-2.5167,HOLDING
2018-07-31,13,ED,XEL,59.7339,37.3422,-1.2931,1,-2.6543,-0.5,-3.1543,HOLDING
2018-08-01,13,ED,XEL,58.8636,36.9677,-1.6502,1,-3.7688,-0.5,-4.2688,HOLDING
2018-08-02,13,ED,XEL,59.1739,37.135,-1.4265,1,-3.6014,-0.5,-4.1014,HOLDING
2018-08-03,13,ED,XEL,59.8701,37.5972,-1.3775,1,-3.8156,-0.5,-4.3156,HOLDING
2018-08-06,13,ED,XEL,59.7339,37.6769,-1.5999,1,-4.9307,-0.5,-5.4307,HOLDING
2018-08-07,13,ED,XEL,59.4236,37.6132,-1.6756,1,-5.8028,-0.5,-6.3028,HOLDING
2018-08-08,13,ED,XEL,59.416,37.7088,-1.6573,1,-6.485,-0.5,-6.985,HOLDING
2018-08-09,13,ED,XEL,59.7491,37.9638,-1.5385,1,-6.8183,-0.5,-7.3183,HOLDING
2018-08-10,13,ED,XEL,59.5371,37.8761,-1.4584,1,-7.1137,-0.5,-7.6137,HOLDING
2018-08-13,13,ED,XEL,59.8247,37.8761,-1.0025,1,-5.9037,-0.5,-6.4037,HOLDING
2018-08-14,13,ED,XEL,59.966,37.8203,-0.6356,1,-4.9299,-0.5,-5.4299,HOLDING
2018-08-15,13,ED,XEL,60.9359,38.171,0.0204,1,-3.2338,-0.5,-3.7338,HOLDING
2018-08-16,13,ED,XEL,61.6385,38.3861,0.6821,1,-1.7409,-0.5,-2.2409,HOLDING
2018-08-17,13,ED,XEL,61.9898,38.4818,1.1181,1,-0.9133,-0.5,-1.4133,HOLDING
2018-08-20,13,ED,XEL,61.3254,38.434,0.218,1,-3.3837,-0.5,-3.8837,HOLDING
2018-08-21,13,ED,XEL,60.8061,38.1869,0.075,1,-3.8884,-0.5,-4.3884,HOLDING
2018-08-22,13,ED,XEL,60.2791,37.7964,0.3718,1,-3.4497,-0.5,-3.9497,HOLDING
2018-08-23,13,ED,XEL,60.3479,38.0036,-0.268,1,-4.5697,-0.5,-5.0697,HOLDING
2018-08-24,13,ED,XEL,60.6762,38.2108,-0.2141,1,-4.5974,-0.5,-5.0974,HOLDING
2018-08-27,13,ED,XEL,60.2715,37.8602,0.2285,1,-3.9154,-0.5,-4.4154,HOLDING
2018-08-28,13,ED,XEL,59.9126,37.908,-0.8168,1,-5.751,-0.5,-6.251,HOLDING
2018-08-29,13,ED,XEL,60.493,38.2826,-0.7762,1,-5.8565,-0.5,-6.3565,HOLDING
2018-08-30,13,ED,XEL,60.6304,38.5216,-1.2487,1,-6.9041,-0.5,-7.4041,HOLDING
2018-08-31,13,ED,XEL,60.2791,38.2905,-1.1007,1,-6.8102,-0.5,-7.3102,HOLDING
2018-09-04,13,ED,XEL,60.7603,38.6491,-1.19,1,-7.225,-0.5,-7.725,HOLDING
2018-09-05,13,ED,XEL,61.6232,39.2707,-1.3397,1,0.0,-8.8479,-8.8479,PERIOD_END_EXIT
2018-03-08,14,VTR,WELL,36.0524,40.9311,0.0,0,0.0,0.0,0.0,HOLD_CASH
2018-03-09,14,VTR,WELL,35.4601,40.9234,0.0,0,0.0,0.0,0.0,HOLD_CASH
2018-03-12,14,VTR,WELL,35.9525,41.8174,0.0,0,0.0,0.0,0.0,HOLD_CASH
2018-03-13,14,VTR,WELL,35.9311,41.0762,0.0,0,0.0,0.0,0.0,HOLD_CASH
2018-03-14,14,VTR,WELL,35.4529,40.9005,0.0,0,0.0,0.0,0.0,HOLD_CASH
2018-03-15,14,VTR,WELL,35.2959,41.0686,0.0,0,0.0,0.0,0.0,HOLD_CASH
2018-03-16,14,VTR,WELL,35.7884,41.2596,0.0,0,0.0,0.0,0.0,HOLD_CASH
2018-03-19,14,VTR,WELL,35.3459,40.6865,0.0,0,0.0,0.0,0.0,HOLD_CASH
2018-03-20,14,VTR,WELL,34.9677,40.6101,0.0,0,0.0,0.0,0.0,HOLD_CASH
2018-03-21,14,VTR,WELL,34.5823,40.0753,0.0,0,0.0,0.0,0.0,HOLD_CASH
2018-03-22,14,VTR,WELL,35.196,40.3045,0.0,0,0.0,0.0,0.0,HOLD_CASH
2018-03-23,14,VTR,WELL,34.3326,39.7544,0.0,0,0.0,0.0,0.0,HOLD_CASH
2018-03-26,14,VTR,WELL,34.4039,39.8384,0.0,0,0.0,0.0,0.0,HOLD_CASH
2018-03-27,14,VTR,WELL,34.9748,40.7095,0.0,0,0.0,0.0,0.0,HOLD_CASH
2018-03-28,14,VTR,WELL,36.0096,41.9167,0.0,0,0.0,0.0,0.0,HOLD_CASH
2018-03-29,14,VTR,WELL,35.9081,41.5882,0.0,0,0.0,0.0,0.0,HOLD_CASH
2018-04-02,14,VTR,WELL,35.8066,41.2367,0.0,0,0.0,0.0,0.0,HOLD_CASH
2018-04-03,14,VTR,WELL,35.9298,41.0686,0.0,0,0.0,0.0,0.0,HOLD_CASH
2018-04-04,14,VTR,WELL,36.4808,42.1459,0.0,0,0.0,0.0,0.0,HOLD_CASH
2018-04-05,14,VTR,WELL,36.2778,41.8174,0.2057,0,0.0,0.0,0.0,HOLD_CASH
2018-04-06,14,VTR,WELL,36.5533,42.0313,0.7873,0,0.0,0.0,0.0,HOLD_CASH
2018-04-09,14,VTR,WELL,36.1111,41.634,0.311,0,0.0,0.0,0.0,HOLD_CASH
2018-04-10,14,VTR,WELL,35.7196,41.2596,-0.0782,0,0.0,0.0,0.0,HOLD_CASH
2018-04-11,14,VTR,WELL,35.5238,41.252,-0.9702,0,0.0,0.0,0.0,HOLD_CASH
2018-04-12,14,VTR,WELL,35.0526,40.1441,1.5607,0,0.0,0.0,0.0,HOLD_CASH
2018-04-13,14,VTR,WELL,35.1903,40.2128,1.7307,0,0.0,0.0,0.0,HOLD_CASH
2018-04-16,14,VTR,WELL,35.2918,40.1441,2.1035,-1,0.0,-0.5,-0.5,ENTER_SHORT_A
2018-04-17,14,VTR,WELL,35.4078,40.7859,0.188,-1,3.1753,-0.5,2.6753,HOLDING
2018-04-18,14,VTR,WELL,35.2411,40.3733,0.9242,-1,1.7869,-0.5,1.2869,HOLDING
2018-04-19,14,VTR,WELL,34.6539,39.6703,0.9424,-1,1.5691,-0.5,1.0691,HOLDING
2018-04-20,14,VTR,WELL,34.0811,39.1049,0.6106,-1,2.1052,-0.5,1.6052,HOLDING
2018-04-23,14,VTR,WELL,34.0449,38.7229,1.7072,-1,-0.0172,-0.5,-0.5172,HOLDING
2018-04-24,14,VTR,WELL,34.3421,38.9827,1.7307,-1,-0.5049,-0.5,-1.0049,HOLDING
2018-04-25,14,VTR,WELL,34.3349,38.6007,2.4727,-1,-2.8328,-0.5,-3.3328,HOLDING
2018-04-26,14,VTR,WELL,34.4146,38.211,2.9149,-1,-5.8244,-0.5,-6.3244,HOLDING
2018-04-27,14,VTR,WELL,37.4015,40.4039,3.3286,-1,-13.3267,-0.5,-13.8267,HOLDING
2018-04-30,14,VTR,WELL,37.2783,40.8317,2.0602,-1,-9.789,-0.5,-10.289,HOLDING
2018-05-01,14,VTR,WELL,37.996,41.9167,1.4838,-1,-8.1165,-0.5,-8.6165,HOLDING
2018-05-02,14,VTR,WELL,37.967,42.0619,1.1453,-1,-7.0069,-0.5,-7.5069,HOLDING
2018-05-03,14,VTR,WELL,38.083,42.3981,0.8166,-1,-5.735,-0.5,-6.235,HOLDING
2018-05-04,14,VTR,WELL,38.5325,42.9253,0.7095,-1,-5.6359,-0.5,-6.1359,HOLDING
2018-05-07,14,VTR,WELL,38.6775,43.2357,0.4721,-1,-4.7297,-0.5,-5.2297,HOLDING
2018-05-08,14,VTR,WELL,38.3078,42.7933,0.4369,-1,-4.8655,-0.5,-5.3655,HOLDING
2018-05-09,14,VTR,WELL,38.5325,42.9796,0.4405,-1,-5.2976,-0.5,-5.7976,HOLDING
2018-05-10,14,VTR,WELL,38.9602,43.5694,0.2342,-1,-4.6544,-0.5,-5.1544,HOLDING
2018-05-11,14,VTR,WELL,38.7935,43.6548,-0.1784,-1,-2.9416,-0.5,-3.4416,HOLDING
2018-05-14,14,VTR,WELL,38.5397,43.0805,0.172,-1,-4.7207,-0.5,-5.2207,HOLDING
2018-05-15,14,VTR,WELL,37.8873,42.5605,-0.222,-1,-3.3368,-0.5,-3.8368,HOLDING
2018-05-16,14,VTR,WELL,37.7278,42.5605,-0.5849,-1,-2.207,-0.5,-2.707,HOLDING
2018-05-17,14,VTR,WELL,37.3073,41.8543,-0.2897,-1,-3.6265,-0.5,-4.1265,HOLDING
2018-05-18,14,VTR,WELL,37.3073,42.1181,-0.9124,-1,-1.9832,-0.5,-2.4832,HOLDING
2018-05-21,14,VTR,WELL,37.8293,42.8244,-1.1943,-1,-1.2827,-0.5,-1.7827,HOLDING
2018-05-22,14,VTR,WELL,38.1918,43.2124,-1.1865,-1,-1.434,-0.5,-1.934,HOLDING
2018-05-23,14,VTR,WELL,38.8297,44.0661,-1.3496,-1,-0.6368,-0.5,-1.1368,HOLDING
2018-05-24,14,VTR,WELL,38.489,43.6548,-1.1734,-1,-0.7847,-0.5,-1.2847,HOLDING
2018-05-25,14,VTR,WELL,38.8732,44.136,-1.3269,-1,-0.51,-0.5,-1.01,HOLDING
2018-05-29,14,VTR,WELL,39.2212,44.2601,-0.6526,-1,-2.2019,-0.5,-2.7019,HOLDING
2018-05-30,14,VTR,WELL,39.736,44.6559,-0.0459,-1,-3.3831,-0.5,-3.8831,HOLDING
2018-05-31,14,VTR,WELL,39.6272,44.7413,-0.6237,-1,-2.0812,-0.5,-2.5812,HOLDING
2018-06-01,14,VTR,WELL,39.7577,45.0285,-1.0137,-1,-1.2173,-0.5,-1.7173,HOLDING
2018-06-04,14,VTR,WELL,39.8665,44.8344,0.2167,-1,-3.1959,-0.5,-3.6959,HOLDING
2018-06-05,14,VTR,WELL,39.5112,44.5551,-0.1874,-1,-2.4194,-0.5,-2.9194,HOLDING
2018-06-06,14,VTR,WELL,39.3952,44.6482,-1.0162,-1,-1.0177,-0.5,-1.5177,HOLDING
2018-06-07,14,VTR,WELL,39.5547,44.6947,-0.3639,-1,-1.8576,-0.5,-2.3576,HOLDING
2018-06-08,14,VTR,WELL,39.7577,45.0052,-0.6842,-1,-1.3622,-0.5,-1.8622,HOLDING
2018-06-11,14,VTR,WELL,39.8085,45.2458,-1.4577,-1,-0.2234,-0.5,-0.7234,HOLDING
2018-06-12,14,VTR,WELL,40.0042,45.2535,-0.2981,-1,-1.5618,-0.5,-2.0618,HOLDING
2018-06-13,14,VTR,WELL,38.7427,44.1049,-1.7839,-1,0.2212,-0.5,-0.2788,HOLDING
2018-06-14,14,VTR,WELL,39.446,44.7335,-0.7019,-1,-0.8457,-0.5,-1.3457,HOLDING
2018-06-15,14,VTR,WELL,39.3155,44.6249,-0.8821,-1,-0.5978,-0.5,-1.0978,HOLDING
2018-06-18,14,VTR,WELL,38.9022,44.2369,-1.2761,-1,-0.0871,-0.5,-0.5871,HOLDING
2018-06-19,14,VTR,WELL,38.9385,44.3998,-1.7804,-1,0.6711,-0.5,0.1711,HOLDING
2018-06-20,14,VTR,WELL,39.6925,45.3078,-1.7697,-1,0.9849,-0.5,0.4849,HOLDING
2018-06-21,14,VTR,WELL,39.9099,45.6338,-1.878,-1,1.4741,-0.5,0.9741,HOLDING
2018-06-22,14,VTR,WELL,40.3739,45.8278,-0.3049,-1,-0.6044,-0.5,-1.1044,HOLDING
2018-06-25,14,VTR,WELL,40.6639,46.0218,0.2871,-1,-1.4504,-0.5,-1.9504,HOLDING
2018-06-26,14,VTR,WELL,40.4319,46.1305,-1.2895,-1,0.8697,-0.5,0.3697,HOLDING
2018-06-27,14,VTR,WELL,40.6567,46.4953,-1.6365,-1,1.5493,-0.5,1.0493,HOLDING
2018-06-28,14,VTR,WELL,41.6426,48.3967,-3.223,-1,6.406,-0.5,5.906,HOLDING
2018-06-29,14,VTR,WELL,41.8632,48.6528,-2.4818,-1,6.4387,-0.5,5.9387,HOLDING
2018-07-02,14,VTR,WELL,41.8044,48.1794,-1.354,-1,3.9072,-0.5,3.4072,HOLDING
2018-07-03,14,VTR,WELL,42.6497,48.8158,-0.4657,-1,1.882,-0.5,1.382,HOLDING
2018-07-05,14,VTR,WELL,43.2231,49.5375,-0.5635,-1,2.3153,-0.5,1.8153,HOLDING
2018-07-06,14,VTR,WELL,43.4583,49.9799,-0.8993,-1,3.4038,-0.5,2.9038,HOLDING
2018-07-09,14,VTR,WELL,42.9143,49.0641,-0.0961,-1,1.554,-0.5,1.054,HOLDING
2018-07-10,14,VTR,WELL,43.1275,49.0874,0.5009,-1,0.1889,-0.5,-0.3111,HOLDING
2018-07-11,14,VTR,WELL,42.9217,48.9632,0.2732,-1,0.8737,-0.5,0.3737,HOLDING
2018-07-12,14,VTR,WELL,42.929,49.0175,0.1661,-1,1.1599,-0.5,0.6599,HOLDING
2018-07-13,14,VTR,WELL,42.7894,48.645,0.8036,-1,-0.1706,-0.5,-0.6706,HOLDING
2018-07-16,14,VTR,WELL,42.8482,48.5752,1.18,-1,-1.0222,-0.5,-1.5222,HOLDING
2018-07-17,14,VTR,WELL,42.5762,48.2259,1.2358,-1,-1.2704,-0.5,-1.7704,HOLDING
2018-07-18,14,VTR,WELL,42.1425,47.9621,0.5734,-1,0.1586,-0.5,-0.3414,HOLDING
2018-07-19,14,VTR,WELL,42.6791,48.7149,0.1785,-1,1.0455,-0.5,0.5455,HOLDING
2018-07-20,14,VTR,WELL,42.8188,49.2737,-0.8597,-1,3.536,-0.5,3.036,HOLDING
2018-07-23,14,VTR,WELL,42.6203,49.4599,-1.7154,-1,6.1017,-0.5,5.6017,HOLDING
2018-07-24,14,VTR,WELL,42.4145,49.0796,-1.2362,-1,5.1916,-0.5,4.6916,HOLDING
2018-07-25,14,VTR,WELL,42.7673,49.6462,-1.4491,-1,6.2203,-0.5,5.7203,HOLDING
2018-07-26,14,VTR,WELL,42.1352,49.91,-2.7725,-1,12.3417,-0.5,11.8417,HOLDING
2018-07-27,14,VTR,WELL,40.5033,47.9698,-2.3135,-1,11.8188,-0.5,11.3188,HOLDING
2018-07-30,14,VTR,WELL,40.7385,47.8844,-1.585,-1,9.6211,-0.5,9.1211,HOLDING
2018-07-31,14,VTR,WELL,41.4442,48.5829,-1.2628,-1,8.9718,-0.5,8.4718,HOLDING
2018-08-01,14,VTR,WELL,41.7603,48.8623,-1.0267,-1,8.4727,-0.5,7.9727,HOLDING
2018-08-02,14,VTR,WELL,41.525,49.0253,-1.4578,-1,11.1539,-0.5,10.6539,HOLDING
2018-08-03,14,VTR,WELL,42.635,49.9178,-0.84,-1,8.8493,-0.5,8.3493,HOLDING
2018-08-06,14,VTR,WELL,42.6424,49.8627,-0.6861,-1,8.4542,-0.5,7.9542,HOLDING
2018-08-07,14,VTR,WELL,42.929,50.2168,-0.6349,-1,8.6282,-0.5,8.1282,HOLDING
2018-08-08,14,VTR,WELL,42.5615,49.9493,-0.7644,-1,9.5658,-0.5,9.0658,HOLDING
2018-08-09,14,VTR,WELL,42.488,49.9257,-0.7641,-1,9.9396,-0.5,9.4396,HOLDING
2018-08-10,14,VTR,WELL,41.8705,49.6739,-1.2833,-1,12.7459,-0.5,12.2459,HOLDING
2018-08-13,14,VTR,WELL,41.8852,49.8391,-1.3813,-1,13.6705,-0.5,13.1705,HOLDING
2018-08-14,14,VTR,WELL,42.2454,50.3348,-1.4127,-1,14.2057,-0.5,13.7057,HOLDING
2018-08-15,14,VTR,WELL,43.179,51.4047,-1.296,-1,14.2557,-0.5,13.7557,HOLDING
2018-08-16,14,VTR,WELL,43.2966,51.6722,-1.4732,-1,15.0884,-0.5,14.5884,HOLDING
2018-08-17,14,VTR,WELL,43.8626,52.4747,-1.6007,-1,16.0763,-0.5,15.5763,HOLDING
2018-08-20,14,VTR,WELL,43.6715,52.4196,-1.7215,-1,17.0872,-0.5,16.5872,HOLDING
2018-08-21,14,VTR,WELL,43.4877,52.2308,-1.6452,-1,17.213,-0.5,16.713,HOLDING
2018-08-22,14,VTR,WELL,43.5171,52.1285,-1.2838,-1,16.3678,-0.5,15.8678,HOLDING
2018-08-23,14,VTR,WELL,43.5245,51.8531,-0.6601,-1,14.601,-0.5,14.101,HOLDING
2018-08-24,14,VTR,WELL,43.1643,51.8768,-1.4224,-1,17.2996,-0.5,16.7996,HOLDING
2018-08-27,14,VTR,WELL,43.1349,51.8531,-1.2926,-1,17.3609,-0.5,16.8609,HOLDING
2018-08-28,14,VTR,WELL,43.8773,52.5612,-0.8633,-1,16.511,-0.5,16.011,HOLDING
2018-08-29,14,VTR,WELL,43.9729,52.4589,-0.3846,-1,15.1972,-0.5,14.6972,HOLDING
2018-08-30,14,VTR,WELL,43.8038,52.3803,-0.5655,-1,15.9049,-0.5,15.4049,HOLDING
2018-08-31,14,VTR,WELL,44.0096,52.4825,-0.1986,-1,15.0838,-0.5,14.5838,HOLDING
2018-09-04,14,VTR,WELL,43.5539,52.1049,-0.4862,-1,15.9606,-0.5,15.4606,HOLDING
2018-09-05,14,VTR,WELL,44.0611,52.9231,-0.9752,-1,0.0,16.3212,16.3212,PERIOD_END_EXIT
2018-03-08,15,ED,WEC,56.4625,46.6588,0.0,0,0.0,0.0,0.0,HOLD_CASH
2018-03-09,15,ED,WEC,56.41,46.8678,0.0,0,0.0,0.0,0.0,HOLD_CASH
2018-03-12,15,ED,WEC,56.7474,47.1309,0.0,0,0.0,0.0,0.0,HOLD_CASH
2018-03-13,15,ED,WEC,56.5975,47.0613,0.0,0,0.0,0.0,0.0,HOLD_CASH
2018-03-14,15,ED,WEC,56.9574,47.4483,0.0,0,0.0,0.0,0.0,HOLD_CASH
2018-03-15,15,ED,WEC,57.4147,47.9669,0.0,0,0.0,0.0,0.0,HOLD_CASH
2018-03-16,15,ED,WEC,58.067,48.3384,0.0,0,0.0,0.0,0.0,HOLD_CASH
2018-03-19,15,ED,WEC,57.767,47.8121,0.0,0,0.0,0.0,0.0,HOLD_CASH
2018-03-20,15,ED,WEC,57.6471,47.6341,0.0,0,0.0,0.0,0.0,HOLD_CASH
2018-03-21,15,ED,WEC,57.4822,47.4406,0.0,0,0.0,0.0,0.0,HOLD_CASH
2018-03-22,15,ED,WEC,57.5496,47.5412,0.0,0,0.0,0.0,0.0,HOLD_CASH
2018-03-23,15,ED,WEC,56.665,46.8291,0.0,0,0.0,0.0,0.0,HOLD_CASH
2018-03-26,15,ED,WEC,57.2947,47.3322,0.0,0,0.0,0.0,0.0,HOLD_CASH
2018-03-27,15,ED,WEC,58.1944,48.2223,0.0,0,0.0,0.0,0.0,HOLD_CASH
2018-03-28,15,ED,WEC,58.1494,48.2069,0.0,0,0.0,0.0,0.0,HOLD_CASH
2018-03-29,15,ED,WEC,58.4343,48.5319,0.0,0,0.0,0.0,0.0,HOLD_CASH
2018-04-02,15,ED,WEC,57.7821,48.2146,0.0,0,0.0,0.0,0.0,HOLD_CASH
2018-04-03,15,ED,WEC,58.2244,48.4158,0.0,0,0.0,0.0,0.0,HOLD_CASH
2018-04-04,15,ED,WEC,58.6817,48.7564,0.0,0,0.0,0.0,0.0,HOLD_CASH
2018-04-05,15,ED,WEC,59.1466,49.0506,0.1047,0,0.0,0.0,0.0,HOLD_CASH
2018-04-06,15,ED,WEC,58.8992,48.7951,0.4386,0,0.0,0.0,0.0,HOLD_CASH
2018-04-09,15,ED,WEC,58.8242,48.4855,1.6493,0,0.0,0.0,0.0,HOLD_CASH
2018-04-10,15,ED,WEC,58.1794,48.2533,-0.0173,0,0.0,0.0,0.0,HOLD_CASH
2018-04-11,15,ED,WEC,58.1119,48.1914,-0.0203,0,0.0,0.0,0.0,HOLD_CASH
2018-04-12,15,ED,WEC,57.2122,47.6418,-1.1476,0,0.0,0.0,0.0,HOLD_CASH
2018-04-13,15,ED,WEC,57.4972,47.665,-0.0421,0,0.0,0.0,0.0,HOLD_CASH
2018-04-16,15,ED,WEC,58.3219,48.3075,0.1516,0,0.0,0.0,0.0,HOLD_CASH
2018-04-17,15,ED,WEC,58.8242,48.7796,-0.1924,0,0.0,0.0,0.0,HOLD_CASH
2018-04-18,15,ED,WEC,58.4868,48.4468,0.2103,0,0.0,0.0,0.0,HOLD_CASH
2018-04-19,15,ED,WEC,58.5618,48.4081,0.9655,0,0.0,0.0,0.0,HOLD_CASH
2018-04-20,15,ED,WEC,58.1794,48.1062,0.8953,0,0.0,0.0,0.0,HOLD_CASH
2018-04-23,15,ED,WEC,58.2544,48.1527,1.0169,0,0.0,0.0,0.0,HOLD_CASH
2018-04-24,15,ED,WEC,58.7117,48.4546,1.5168,0,0.0,0.0,0.0,HOLD_CASH
2018-04-25,15,ED,WEC,58.7717,48.6094,0.7251,0,0.0,0.0,0.0,HOLD_CASH
2018-04-26,15,ED,WEC,59.5664,49.2286,0.9136,0,0.0,0.0,0.0,HOLD_CASH
2018-04-27,15,ED,WEC,60.3012,49.902,0.4166,0,0.0,0.0,0.0,HOLD_CASH
2018-04-30,15,ED,WEC,60.0762,49.7549,0.0326,0,0.0,0.0,0.0,HOLD_CASH
2018-05-01,15,ED,WEC,59.9413,50.0568,-2.696,1,0.0,-0.5,-0.5,ENTER_LONG_A
2018-05-02,15,ED,WEC,59.4165,49.8323,-2.9493,1,-1.0677,-0.5,-1.5677,HOLDING
2018-05-03,15,ED,WEC,59.229,49.9252,-2.9124,1,-2.3134,-0.5,-2.8134,HOLDING
2018-05-04,15,ED,WEC,59.4165,49.8556,-1.789,1,-1.1837,-0.5,-1.6837,HOLDING
2018-05-07,15,ED,WEC,58.7492,49.5614,-2.206,1,-2.4977,-0.5,-2.9977,HOLDING
2018-05-08,15,ED,WEC,57.1523,48.0908,-1.6012,1,-1.8131,-0.5,-2.3131,HOLDING
2018-05-09,15,ED,WEC,56.5525,47.5567,-1.3537,1,-1.6474,-0.5,-2.1474,HOLDING
2018-05-10,15,ED,WEC,57.4072,48.1372,-0.9159,1,-0.982,-0.5,-1.482,HOLDING
2018-05-11,15,ED,WEC,57.6021,48.3348,-0.9139,1,-1.1557,-0.5,-1.6557,HOLDING
2018-05-14,15,ED,WEC,57.4522,48.2801,-0.993,1,-1.508,-0.5,-2.008,HOLDING
2018-05-15,15,ED,WEC,56.684,47.8896,-1.457,1,-2.7616,-0.5,-3.2616,HOLDING
2018-05-16,15,ED,WEC,56.4267,47.6163,-1.1874,1,-2.4697,-0.5,-2.9697,HOLDING
2018-05-17,15,ED,WEC,55.9575,47.1633,-0.9514,1,-2.1643,-0.5,-2.6643,HOLDING
2018-05-18,15,ED,WEC,55.9802,47.2258,-0.9607,1,-2.3817,-0.5,-2.8817,HOLDING
2018-05-21,15,ED,WEC,55.8818,47.0149,-0.5647,1,-1.7389,-0.5,-2.2389,HOLDING
2018-05-22,15,ED,WEC,56.1088,47.1867,-0.4375,1,-1.6501,-0.5,-2.1501,HOLDING
2018-05-23,15,ED,WEC,56.8354,47.9833,-0.8986,1,-2.5984,-0.5,-3.0984,HOLDING
2018-05-24,15,ED,WEC,57.4257,48.5378,-1.037,1,-2.9058,-0.5,-3.4058,HOLDING
2018-05-25,15,ED,WEC,57.4484,48.8268,-1.9574,1,-4.2542,-0.5,-4.7542,HOLDING
2018-05-29,15,ED,WEC,57.5089,49.0923,-2.7025,1,-5.3279,-0.5,-5.8279,HOLDING
2018-05-30,15,ED,WEC,57.7662,49.5141,-2.7571,1,-6.361,-0.5,-6.861,HOLDING
2018-05-31,15,ED,WEC,58.069,49.3188,-1.0561,1,-4.1233,-0.5,-4.6233,HOLDING
2018-06-01,15,ED,WEC,57.1684,48.6706,-1.3184,1,-4.6419,-0.5,-5.1419,HOLDING
2018-06-04,15,ED,WEC,56.7219,48.0693,-0.4946,1,-3.501,-0.5,-4.001,HOLDING
2018-06-05,15,ED,WEC,56.0105,47.4991,-0.5629,1,-3.6206,-0.5,-4.1206,HOLDING
2018-06-06,15,ED,WEC,54.7845,46.3433,-0.1005,1,-2.9613,-0.5,-3.4613,HOLDING
2018-06-07,15,ED,WEC,55.0872,46.3745,0.7375,1,-1.8548,-0.5,-2.3548,HOLDING
2018-06-08,15,ED,WEC,55.0569,46.437,0.4873,1,-2.2929,-0.5,-2.7929,HOLDING
2018-06-11,15,ED,WEC,54.0277,45.7654,-0.2172,1,-3.2314,-0.5,-3.7314,HOLDING
2018-06-12,15,ED,WEC,54.8526,46.3355,0.3802,1,-2.6382,-0.5,-3.1382,HOLDING
2018-06-13,15,ED,WEC,54.8147,46.1637,0.9344,1,-1.9379,-0.5,-2.4379,HOLDING
2018-06-14,15,ED,WEC,55.4353,46.7494,0.6605,1,-2.275,-0.5,-2.775,HOLDING
2018-06-15,15,ED,WEC,55.7986,47.3273,-0.407,1,-3.6463,-0.5,-4.1463,HOLDING
2018-06-18,15,ED,WEC,55.9272,47.5772,-0.9005,1,-4.3578,-0.5,-4.8578,HOLDING
2018-06-19,15,ED,WEC,56.6537,48.2411,-0.987,1,-4.6431,-0.5,-5.1431,HOLDING
2018-06-20,15,ED,WEC,56.7824,48.3114,-0.7457,1,-4.4576,-0.5,-4.9576,HOLDING
2018-06-21,15,ED,WEC,57.1003,48.4441,-0.1018,1,-3.795,-0.5,-4.295,HOLDING
2018-06-22,15,ED,WEC,57.3349,48.6472,-0.0794,1,-3.8305,-0.5,-4.3305,HOLDING
2018-06-25,15,ED,WEC,58.5912,49.5453,0.5966,1,-3.0764,-0.5,-3.5764,HOLDING
2018-06-26,15,ED,WEC,58.6366,49.5141,0.8172,1,-2.731,-0.5,-3.231,HOLDING
2018-06-27,15,ED,WEC,58.9544,49.9748,-0.2224,1,-3.7066,-0.5,-4.2066,HOLDING
2018-06-28,15,ED,WEC,58.9847,50.3419,-1.8876,1,-5.4135,-0.5,-5.9135,HOLDING
2018-06-29,15,ED,WEC,59.015,50.4903,-2.194,1,-6.0285,-0.5,-6.5285,HOLDING
2018-07-02,15,ED,WEC,59.2874,50.8808,-2.3156,1,-6.8424,-0.5,-7.3424,HOLDING
2018-07-03,15,ED,WEC,59.3782,50.9042,-1.8129,1,-6.5806,-0.5,-7.0806,HOLDING
2018-07-05,15,ED,WEC,59.7793,51.2947,-1.7046,1,-6.8579,-0.5,-7.3579,HOLDING
2018-07-06,15,ED,WEC,60.1653,51.8648,-2.0795,1,-8.0956,-0.5,-8.5956,HOLDING
2018-07-09,15,ED,WEC,58.1673,50.0061,-1.4923,1,-7.1453,-0.5,-7.6453,HOLDING
2018-07-10,15,ED,WEC,58.9241,50.3966,-0.6787,1,-5.9392,-0.5,-6.4392,HOLDING
2018-07-11,15,ED,WEC,59.8096,51.0057,-0.1988,1,-5.2885,-0.5,-5.7885,HOLDING
2018-07-12,15,ED,WEC,59.9534,51.2166,-0.3788,1,-5.7419,-0.5,-6.2419,HOLDING
2018-07-13,15,ED,WEC,60.135,50.912,1.1617,1,-3.4632,-0.5,-3.9632,HOLDING
2018-07-16,15,ED,WEC,59.9382,50.7949,0.9822,1,-3.6988,-0.5,-4.1988,HOLDING
2018-07-17,15,ED,WEC,59.7566,50.7011,0.7501,1,-3.9883,-0.5,-4.4883,HOLDING
2018-07-18,15,ED,WEC,59.4388,50.545,0.3636,1,-4.5339,-0.5,-5.0339,HOLDING
2018-07-19,15,ED,WEC,59.6204,50.9511,-0.4203,1,-5.8046,-0.5,-6.3046,HOLDING
2018-07-20,15,ED,WEC,59.0679,50.6387,-0.8541,1,-6.5486,-0.5,-7.0486,HOLDING
2018-07-23,15,ED,WEC,58.6214,50.2169,-0.6528,1,-6.3046,-0.5,-6.8046,HOLDING
2018-07-24,15,ED,WEC,58.7349,50.3185,-0.5914,1,-6.3383,-0.5,-6.8383,HOLDING
2018-07-25,15,ED,WEC,58.5685,50.3263,-1.0526,1,-7.0715,-0.5,-7.5715,HOLDING
2018-07-26,15,ED,WEC,59.2571,51.1307,-1.6639,1,-8.2168,-0.5,-8.7168,HOLDING
2018-07-27,15,ED,WEC,59.4463,51.3025,-1.4955,1,-8.2858,-0.5,-8.7858,HOLDING
2018-07-30,15,ED,WEC,59.1512,50.9198,-0.9661,1,-7.6055,-0.5,-8.1055,HOLDING
2018-07-31,15,ED,WEC,59.7339,51.8336,-2.0025,1,-9.7386,-0.5,-10.2386,HOLDING
2018-08-01,15,ED,WEC,58.8636,51.1854,-1.9653,1,-10.1312,-0.5,-10.6312,HOLDING
2018-08-02,15,ED,WEC,59.1739,51.2869,-1.3718,1,-9.3441,-0.5,-9.8441,HOLDING
2018-08-03,15,ED,WEC,59.8701,51.8023,-1.1029,1,-9.0145,-0.5,-9.5145,HOLDING
2018-08-06,15,ED,WEC,59.7339,51.9195,-1.5071,1,-10.1676,-0.5,-10.6676,HOLDING
2018-08-07,15,ED,WEC,59.4236,51.7711,-1.5653,1,-10.7208,-0.5,-11.2208,HOLDING
2018-08-08,15,ED,WEC,59.416,52.0054,-1.7884,1,-11.9224,-0.5,-12.4224,HOLDING
2018-08-09,15,ED,WEC,59.7491,52.31,-1.5878,1,-12.0548,-0.5,-12.5548,HOLDING
2018-08-10,15,ED,WEC,59.5371,52.4427,-1.9187,1,-13.6017,-0.5,-14.1017,HOLDING
2018-08-13,15,ED,WEC,59.8247,52.6735,-1.6978,1,-13.5546,-0.5,-14.0546,HOLDING
2018-08-14,15,ED,WEC,59.966,52.5632,-1.1919,1,-12.4148,-0.5,-12.9148,HOLDING
2018-08-15,15,ED,WEC,60.9359,52.9569,-0.2689,1,-10.3359,-0.5,-10.8359,HOLDING
2018-08-16,15,ED,WEC,61.6385,53.5003,-0.0536,1,-10.1191,-0.5,-10.6191,HOLDING
2018-08-17,15,ED,WEC,61.9898,53.7523,0.1329,1,-9.9125,-0.5,-10.4125,HOLDING
2018-08-20,15,ED,WEC,61.3254,53.7444,-1.0723,1,-12.6444,-0.5,-13.1444,HOLDING
2018-08-21,15,ED,WEC,60.8061,53.3664,-1.1738,1,-12.9224,-0.5,-13.4224,HOLDING
2018-08-22,15,ED,WEC,60.2791,52.9412,-1.1755,1,-12.9965,-0.5,-13.4965,HOLDING
2018-08-23,15,ED,WEC,60.3479,53.0042,-1.0771,1,-13.0244,-0.5,-13.5244,HOLDING
2018-08-24,15,ED,WEC,60.6762,53.3901,-1.2269,1,-13.582,-0.5,-14.082,HOLDING
2018-08-27,15,ED,WEC,60.2715,52.8388,-0.6133,1,-12.5171,-0.5,-13.0171,HOLDING
2018-08-28,15,ED,WEC,59.9126,52.7128,-1.0968,1,-13.385,-0.5,-13.885,HOLDING
2018-08-29,15,ED,WEC,60.493,53.1066,-0.6557,1,-12.9307,-0.5,-13.4307,HOLDING
2018-08-30,15,ED,WEC,60.6304,53.4137,-1.1408,1,-13.891,-0.5,-14.391,HOLDING
2018-08-31,15,ED,WEC,60.2791,53.2168,-1.422,1,-14.373,-0.5,-14.873,HOLDING
2018-09-04,15,ED,WEC,60.7603,53.7523,-1.6159,1,-15.0406,-0.5,-15.5406,HOLDING
2018-09-05,15,ED,WEC,61.6232,54.2799,-0.7431,1,0.0,-15.1045,-15.1045,PERIOD_END_EXIT
2018-03-08,16,CMS,DUK,33.5892,54.9708,0.0,0,0.0,0.0,0.0,HOLD_CASH
2018-03-09,16,CMS,DUK,33.826,55.072,0.0,0,0.0,0.0,0.0,HOLD_CASH
2018-03-12,16,CMS,DUK,34.0075,55.3759,0.0,0,0.0,0.0,0.0,HOLD_CASH
2018-03-13,16,CMS,DUK,33.9049,55.318,0.0,0,0.0,0.0,0.0,HOLD_CASH
2018-03-14,16,CMS,DUK,34.189,55.7014,0.0,0,0.0,0.0,0.0,HOLD_CASH
2018-03-15,16,CMS,DUK,34.4968,55.5133,0.0,0,0.0,0.0,0.0,HOLD_CASH
2018-03-16,16,CMS,DUK,34.9467,56.1282,0.0,0,0.0,0.0,0.0,HOLD_CASH
2018-03-19,16,CMS,DUK,34.7099,55.7303,0.0,0,0.0,0.0,0.0,HOLD_CASH
2018-03-20,16,CMS,DUK,34.7178,55.2891,0.0,0,0.0,0.0,0.0,HOLD_CASH
2018-03-21,16,CMS,DUK,34.5758,55.1082,0.0,0,0.0,0.0,0.0,HOLD_CASH
2018-03-22,16,CMS,DUK,34.6862,55.1155,0.0,0,0.0,0.0,0.0,HOLD_CASH
2018-03-23,16,CMS,DUK,34.1338,54.3776,0.0,0,0.0,0.0,0.0,HOLD_CASH
2018-03-26,16,CMS,DUK,34.5836,54.9201,0.0,0,0.0,0.0,0.0,HOLD_CASH
2018-03-27,16,CMS,DUK,35.3176,55.7737,0.0,0,0.0,0.0,0.0,HOLD_CASH
2018-03-28,16,CMS,DUK,35.5702,56.0052,0.0,0,0.0,0.0,0.0,HOLD_CASH
2018-03-29,16,CMS,DUK,35.7438,56.0414,0.0,0,0.0,0.0,0.0,HOLD_CASH
2018-04-02,16,CMS,DUK,35.5228,55.7737,0.0,0,0.0,0.0,0.0,HOLD_CASH
2018-04-03,16,CMS,DUK,35.7359,55.8895,0.0,0,0.0,0.0,0.0,HOLD_CASH
2018-04-04,16,CMS,DUK,35.7596,56.215,0.0,0,0.0,0.0,0.0,HOLD_CASH
2018-04-05,16,CMS,DUK,35.9569,56.8588,0.6625,0,0.0,0.0,0.0,HOLD_CASH
2018-04-06,16,CMS,DUK,35.7675,56.5405,0.6103,0,0.0,0.0,0.0,HOLD_CASH
2018-04-09,16,CMS,DUK,35.5938,56.7648,-0.116,0,0.0,0.0,0.0,HOLD_CASH
2018-04-10,16,CMS,DUK,35.2229,56.0775,-0.0776,0,0.0,0.0,0.0,HOLD_CASH
2018-04-11,16,CMS,DUK,35.1598,55.7593,0.1568,0,0.0,0.0,0.0,HOLD_CASH
2018-04-12,16,CMS,DUK,34.6941,55.0793,-0.0974,0,0.0,0.0,0.0,HOLD_CASH
2018-04-13,16,CMS,DUK,34.8914,55.4627,-0.3632,0,0.0,0.0,0.0,HOLD_CASH
2018-04-16,16,CMS,DUK,35.5149,56.3959,-0.33,0,0.0,0.0,0.0,HOLD_CASH
2018-04-17,16,CMS,DUK,35.7201,56.7865,-0.6425,0,0.0,0.0,0.0,HOLD_CASH
2018-04-18,16,CMS,DUK,35.5702,56.6273,-0.8818,0,0.0,0.0,0.0,HOLD_CASH
2018-04-19,16,CMS,DUK,35.8069,56.8009,-0.3325,0,0.0,0.0,0.0,HOLD_CASH
2018-04-20,16,CMS,DUK,35.6649,56.1933,0.7612,0,0.0,0.0,0.0,HOLD_CASH
2018-04-23,16,CMS,DUK,35.8069,56.4175,0.6814,0,0.0,0.0,0.0,HOLD_CASH
2018-04-24,16,CMS,DUK,36.1068,56.5839,1.4437,0,0.0,0.0,0.0,HOLD_CASH
2018-04-25,16,CMS,DUK,36.1937,57.0686,0.4014,0,0.0,0.0,0.0,HOLD_CASH
2018-04-26,16,CMS,DUK,36.6514,57.7558,0.5103,0,0.0,0.0,0.0,HOLD_CASH
2018-04-27,16,CMS,DUK,37.2354,58.2333,1.7025,0,0.0,0.0,0.0,HOLD_CASH
2018-04-30,16,CMS,DUK,37.2433,57.9873,2.1116,-1,0.0,-0.5,-0.5,ENTER_SHORT_A
2018-05-01,16,CMS,DUK,37.1328,57.7486,2.0791,-1,-0.2876,-0.5,-0.7876,HOLDING
2018-05-02,16,CMS,DUK,36.9829,57.8571,1.2079,-1,1.1868,-0.5,0.6868,HOLDING
2018-05-03,16,CMS,DUK,36.9574,57.698,1.3264,-1,0.6715,-0.5,0.1715,HOLDING
2018-05-04,16,CMS,DUK,36.9415,57.7848,0.9931,-1,1.1526,-0.5,0.6526,HOLDING
2018-05-07,16,CMS,DUK,36.5995,57.5099,0.3717,-1,2.2631,-0.5,1.7631,HOLDING
2018-05-08,16,CMS,DUK,35.7804,56.338,0.0422,-1,2.7094,-0.5,2.2094,HOLDING
2018-05-09,16,CMS,DUK,35.5736,56.1644,-0.3575,-1,3.3488,-0.5,2.8488,HOLDING
2018-05-10,16,CMS,DUK,35.9553,56.5405,0.1281,-1,2.4082,-0.5,1.9082,HOLDING
2018-05-11,16,CMS,DUK,36.0905,56.3597,1.0147,-1,0.7209,-0.5,0.2209,HOLDING
2018-05-14,16,CMS,DUK,35.9872,56.3018,0.669,-1,1.1653,-0.5,0.6653,HOLDING
2018-05-15,16,CMS,DUK,35.4941,55.6508,0.2563,-1,1.6684,-0.5,1.1684,HOLDING
2018-05-16,16,CMS,DUK,35.3112,54.9997,1.3302,-1,0.0893,-0.5,-0.4107,HOLDING
2018-05-17,16,CMS,DUK,35.0567,54.2751,2.2092,-1,-1.3265,-0.5,-1.8265,HOLDING
2018-05-18,16,CMS,DUK,35.0805,54.0189,2.5052,-1,-2.5912,-0.5,-3.0912,HOLDING
2018-05-21,16,CMS,DUK,34.9692,53.931,1.93,-1,-2.2225,-0.5,-2.7225,HOLDING
2018-05-22,16,CMS,DUK,35.0885,54.2165,1.4699,-1,-1.7925,-0.5,-2.2925,HOLDING
2018-05-23,16,CMS,DUK,35.5975,54.8021,1.7238,-1,-2.6846,-0.5,-3.1846,HOLDING
2018-05-24,16,CMS,DUK,35.9872,55.4389,1.4685,-1,-2.555,-0.5,-3.055,HOLDING
2018-05-25,16,CMS,DUK,36.2814,55.4901,1.9917,-1,-4.3093,-0.5,-4.8093,HOLDING
2018-05-29,16,CMS,DUK,36.4484,56.0684,1.2199,-1,-2.9375,-0.5,-3.4375,HOLDING
2018-05-30,16,CMS,DUK,36.7029,56.3465,1.3012,-1,-3.4466,-0.5,-3.9466,HOLDING
2018-05-31,16,CMS,DUK,36.687,56.4783,0.9224,-1,-2.7718,-0.5,-3.2718,HOLDING
2018-06-01,16,CMS,DUK,35.9235,55.6877,0.1845,-1,-1.055,-0.5,-1.555,HOLDING
2018-06-04,16,CMS,DUK,35.5338,55.168,-0.01,-1,-0.6797,-0.5,-1.1797,HOLDING
2018-06-05,16,CMS,DUK,35.1282,54.7142,-0.4054,-1,0.0865,-0.5,-0.4135,HOLDING
2018-06-06,16,CMS,DUK,34.4363,53.5358,-0.2912,-1,-0.3498,-0.5,-0.8498,HOLDING
2018-06-07,16,CMS,DUK,34.4999,53.7846,-0.7761,-1,0.2962,-0.5,-0.2038,HOLDING
2018-06-08,16,CMS,DUK,34.4761,53.5211,-0.3442,-1,-0.6798,-0.5,-1.1798,HOLDING
2018-06-11,16,CMS,DUK,33.9035,52.7892,-0.8185,-1,0.0082,-0.5,-0.4918,HOLDING
2018-06-12,16,CMS,DUK,34.4363,53.0527,0.6883,-1,-2.4325,-0.5,-2.9325,HOLDING
2018-06-13,16,CMS,DUK,34.2693,52.8843,0.34,-1,-2.0372,-0.5,-2.5372,HOLDING
2018-06-14,16,CMS,DUK,34.6908,53.77,-0.5182,-1,-1.0482,-0.5,-1.5482,HOLDING
2018-06-15,16,CMS,DUK,35.0567,54.3848,-0.6587,-1,-0.8532,-0.5,-1.3532,HOLDING
2018-06-18,16,CMS,DUK,35.3748,54.4654,0.7516,-1,-2.6414,-0.5,-3.1414,HOLDING
2018-06-19,16,CMS,DUK,35.9553,55.3876,0.641,-1,-2.5623,-0.5,-3.0623,HOLDING
2018-06-20,16,CMS,DUK,35.8838,55.7683,-0.9237,-1,-0.4409,-0.5,-0.9409,HOLDING
2018-06-21,16,CMS,DUK,36.0508,56.2953,-1.5682,-1,0.7101,-0.5,0.2101,HOLDING
2018-06-22,16,CMS,DUK,36.1383,56.6759,-1.9463,-1,1.7638,-0.5,1.2638,HOLDING
2018-06-25,16,CMS,DUK,36.9892,57.8836,-1.5034,-1,1.2586,-0.5,0.7586,HOLDING
2018-06-26,16,CMS,DUK,36.9892,57.6713,-0.8192,-1,0.3433,-0.5,-0.1567,HOLDING
2018-06-27,16,CMS,DUK,37.4744,58.2057,-0.0916,-1,-0.6095,-0.5,-1.1095,HOLDING
2018-06-28,16,CMS,DUK,37.4107,57.9934,0.3561,-1,-1.0976,-0.5,-1.5976,HOLDING
2018-06-29,16,CMS,DUK,37.6016,57.8836,1.5551,-1,-2.8521,-0.5,-3.3521,HOLDING
2018-07-02,16,CMS,DUK,38.047,58.3814,1.8384,-1,-3.6958,-0.5,-4.1958,HOLDING
2018-07-03,16,CMS,DUK,38.1424,58.418,1.8348,-1,-4.1786,-0.5,-4.6786,HOLDING
2018-07-05,16,CMS,DUK,38.3174,59.0035,0.9263,-1,-2.8286,-0.5,-3.3286,HOLDING
2018-07-06,16,CMS,DUK,38.6434,59.7428,0.2784,-1,-1.83,-0.5,-2.33,HOLDING
2018-07-09,16,CMS,DUK,37.204,57.5616,0.1366,-1,-1.5714,-0.5,-2.0714,HOLDING
2018-07-10,16,CMS,DUK,37.5459,58.2057,-0.2017,-1,-1.09,-0.5,-1.59,HOLDING
2018-07-11,16,CMS,DUK,38.0867,58.8352,0.3739,-1,-2.0063,-0.5,-2.5063,HOLDING
2018-07-12,16,CMS,DUK,38.1106,58.923,0.2542,-1,-1.7877,-0.5,-2.2877,HOLDING
2018-07-13,16,CMS,DUK,38.0549,59.0109,-0.2088,-1,-1.0353,-0.5,-1.5353,HOLDING
2018-07-16,16,CMS,DUK,37.9436,59.128,-0.9287,-1,0.217,-0.5,-0.283,HOLDING
2018-07-17,16,CMS,DUK,37.8561,59.0328,-0.9377,-1,0.394,-0.5,-0.106,HOLDING
2018-07-18,16,CMS,DUK,37.6811,58.8791,-1.1282,-1,0.9058,-0.5,0.4058,HOLDING
2018-07-19,16,CMS,DUK,38.0629,59.4354,-0.9653,-1,0.7415,-0.5,0.2415,HOLDING
2018-07-20,16,CMS,DUK,37.7129,59.0328,-1.2839,-1,1.3549,-0.5,0.8549,HOLDING
2018-07-23,16,CMS,DUK,37.4505,58.5351,-1.1318,-1,0.9708,-0.5,0.4708,HOLDING
2018-07-24,16,CMS,DUK,37.705,58.4765,-0.024,-1,-0.9901,-0.5,-1.4901,HOLDING
2018-07-25,16,CMS,DUK,38.0788,58.6888,0.8771,-1,-2.5839,-0.5,-3.0839,HOLDING
2018-07-26,16,CMS,DUK,38.2856,59.3915,-0.1653,-1,-0.9425,-0.5,-1.4425,HOLDING
2018-07-27,16,CMS,DUK,38.2696,59.3549,-0.1292,-1,-0.9935,-0.5,-1.4935,HOLDING
2018-07-30,16,CMS,DUK,37.8879,59.1207,-0.9936,-1,0.5592,-0.5,0.0592,HOLDING
2018-07-31,16,CMS,DUK,38.4446,59.7428,-0.2532,-1,-0.4955,-0.5,-0.9955,HOLDING
2018-08-01,16,CMS,DUK,38.0629,59.3256,-0.7224,-1,0.2682,-0.5,-0.2318,HOLDING
2018-08-02,16,CMS,DUK,38.3257,58.8864,2.0754,-1,-3.3893,-0.5,-3.8893,HOLDING
2018-08-03,16,CMS,DUK,38.7504,59.6916,1.4766,-1,-2.7689,-0.5,-3.2689,HOLDING
2018-08-06,16,CMS,DUK,38.7263,59.3768,2.0162,-1,-3.9644,-0.5,-4.4644,HOLDING
2018-08-07,16,CMS,DUK,38.5901,59.2012,1.6865,-1,-3.8074,-0.5,-4.3074,HOLDING
2018-08-08,16,CMS,DUK,38.6302,58.8718,2.2318,-1,-5.4965,-0.5,-5.9965,HOLDING
2018-08-09,16,CMS,DUK,38.8225,59.1499,1.9364,-1,-5.5882,-0.5,-6.0882,HOLDING
2018-08-10,16,CMS,DUK,38.7584,59.2085,1.4471,-1,-4.9055,-0.5,-5.4055,HOLDING
2018-08-13,16,CMS,DUK,38.9908,59.2451,1.7569,-1,-6.3075,-0.5,-6.8075,HOLDING
2018-08-14,16,CMS,DUK,39.103,59.45,1.5005,-1,-6.1769,-0.5,-6.6769,HOLDING
2018-08-15,16,CMS,DUK,39.6238,59.9185,1.7663,-1,-7.6534,-0.5,-8.1534,HOLDING
2018-08-16,16,CMS,DUK,39.9683,60.5537,1.4261,-1,-7.2277,-0.5,-7.7277,HOLDING
2018-08-17,16,CMS,DUK,39.9764,60.9165,0.8209,-1,-5.7175,-0.5,-6.2175,HOLDING
2018-08-20,16,CMS,DUK,39.8802,60.5685,1.0479,-1,-6.5722,-0.5,-7.0722,HOLDING
2018-08-21,16,CMS,DUK,39.6478,60.1761,1.0078,-1,-6.704,-0.5,-7.204,HOLDING
2018-08-22,16,CMS,DUK,39.3514,59.843,0.7392,-1,-6.1503,-0.5,-6.6503,HOLDING
2018-08-23,16,CMS,DUK,39.3353,59.88,0.5629,-1,-5.8831,-0.5,-6.3831,HOLDING
2018-08-24,16,CMS,DUK,39.5517,60.2724,0.3828,-1,-5.6436,-0.5,-6.1436,HOLDING
2018-08-27,16,CMS,DUK,39.1991,59.6653,0.4349,-1,-5.8944,-0.5,-6.3944,HOLDING
2018-08-28,16,CMS,DUK,39.119,59.4876,0.4815,-1,-6.1226,-0.5,-6.6226,HOLDING
2018-08-29,16,CMS,DUK,39.4555,59.769,1.1745,-1,-7.1686,-0.5,-7.6686,HOLDING
2018-08-30,16,CMS,DUK,39.6719,60.2057,0.7296,-1,-6.7378,-0.5,-7.2378,HOLDING
2018-08-31,16,CMS,DUK,39.4555,60.1465,-0.4705,-1,-5.5409,-0.5,-6.0409,HOLDING
2018-09-04,16,CMS,DUK,39.6799,60.2798,0.4051,-1,-6.4723,-0.5,-6.9723,HOLDING
2018-09-05,16,CMS,DUK,40.2087,61.5902,-2.3662,-1,0.0,-5.4081,-5.4081,PERIOD_END_EXIT
2018-03-08,17,NI,XEL,17.899,33.765,0.0,0,0.0,0.0,0.0,HOLD_CASH
2018-03-09,17,NI,XEL,17.806,33.8825,0.0,0,0.0,0.0,0.0,HOLD_CASH
2018-03-12,17,NI,XEL,17.9456,34.1799,0.0,0,0.0,0.0,0.0,HOLD_CASH
2018-03-13,17,NI,XEL,17.9456,34.0625,0.0,0,0.0,0.0,0.0,HOLD_CASH
2018-03-14,17,NI,XEL,18.0774,34.3863,0.0,0,0.0,0.0,0.0,HOLD_CASH
2018-03-15,17,NI,XEL,18.1394,34.4732,0.0,0,0.0,0.0,0.0,HOLD_CASH
2018-03-16,17,NI,XEL,18.1705,34.8523,0.0,0,0.0,0.0,0.0,HOLD_CASH
2018-03-19,17,NI,XEL,18.0231,34.8839,0.0,0,0.0,0.0,0.0,HOLD_CASH
2018-03-20,17,NI,XEL,17.9766,34.9549,0.0,0,0.0,0.0,0.0,HOLD_CASH
2018-03-21,17,NI,XEL,18.0619,35.1129,0.0,0,0.0,0.0,0.0,HOLD_CASH
2018-03-22,17,NI,XEL,18.1394,35.1998,0.0,0,0.0,0.0,0.0,HOLD_CASH
2018-03-23,17,NI,XEL,17.8835,34.5443,0.0,0,0.0,0.0,0.0,HOLD_CASH
2018-03-26,17,NI,XEL,18.1394,34.8602,0.0,0,0.0,0.0,0.0,HOLD_CASH
2018-03-27,17,NI,XEL,18.4496,35.6262,0.0,0,0.0,0.0,0.0,HOLD_CASH
2018-03-28,17,NI,XEL,18.3954,35.8079,0.0,0,0.0,0.0,0.0,HOLD_CASH
2018-03-29,17,NI,XEL,18.5427,35.9185,0.0,0,0.0,0.0,0.0,HOLD_CASH
2018-04-02,17,NI,XEL,18.4962,35.4999,0.0,0,0.0,0.0,0.0,HOLD_CASH
2018-04-03,17,NI,XEL,18.628,35.6973,0.0,0,0.0,0.0,0.0,HOLD_CASH
2018-04-04,17,NI,XEL,18.7599,35.7052,0.0,0,0.0,0.0,0.0,HOLD_CASH
2018-04-05,17,NI,XEL,18.946,36.0843,0.804,0,0.0,0.0,0.0,HOLD_CASH
2018-04-06,17,NI,XEL,18.8064,35.9106,0.6545,0,0.0,0.0,0.0,HOLD_CASH
2018-04-09,17,NI,XEL,18.7288,35.9421,0.1377,0,0.0,0.0,0.0,HOLD_CASH
2018-04-10,17,NI,XEL,18.6978,35.5631,1.1664,0,0.0,0.0,0.0,HOLD_CASH
2018-04-11,17,NI,XEL,18.597,35.413,1.0747,0,0.0,0.0,0.0,HOLD_CASH
2018-04-12,17,NI,XEL,18.2403,34.7654,0.9916,0,0.0,0.0,0.0,HOLD_CASH
2018-04-13,17,NI,XEL,18.2635,35.1287,-0.038,0,0.0,0.0,0.0,HOLD_CASH
2018-04-16,17,NI,XEL,18.5272,35.7605,-0.4407,0,0.0,0.0,0.0,HOLD_CASH
2018-04-17,17,NI,XEL,18.7211,36.0211,-0.0804,0,0.0,0.0,0.0,HOLD_CASH
2018-04-18,17,NI,XEL,18.5737,35.7921,-0.3548,0,0.0,0.0,0.0,HOLD_CASH
2018-04-19,17,NI,XEL,18.6125,35.8474,-0.3688,0,0.0,0.0,0.0,HOLD_CASH
2018-04-20,17,NI,XEL,18.4186,35.6183,-1.0221,0,0.0,0.0,0.0,HOLD_CASH
2018-04-23,17,NI,XEL,18.5117,35.7842,-0.9518,0,0.0,0.0,0.0,HOLD_CASH
2018-04-24,17,NI,XEL,18.5582,36.0764,-1.5878,0,0.0,0.0,0.0,HOLD_CASH
2018-04-25,17,NI,XEL,18.5427,36.1475,-1.7618,0,0.0,0.0,0.0,HOLD_CASH
2018-04-26,17,NI,XEL,18.8297,36.7082,-1.728,0,0.0,0.0,0.0,HOLD_CASH
2018-04-27,17,NI,XEL,19.1619,37.1979,-1.1608,0,0.0,0.0,0.0,HOLD_CASH
2018-04-30,17,NI,XEL,19.0681,36.9925,-0.9896,0,0.0,0.0,0.0,HOLD_CASH
2018-05-01,17,NI,XEL,19.1697,36.8425,0.1679,0,0.0,0.0,0.0,HOLD_CASH
2018-05-02,17,NI,XEL,19.8421,36.7556,3.1669,-1,0.0,-0.5,-0.5,ENTER_SHORT_A
2018-05-03,17,NI,XEL,19.9906,36.7082,2.8434,-1,-2.1938,-0.5,-2.6938,HOLDING
2018-05-04,17,NI,XEL,19.8655,36.6371,2.1256,-1,-1.1013,-0.5,-1.6013,HOLDING
2018-05-07,17,NI,XEL,19.9203,36.4318,2.1307,-1,-3.1875,-0.5,-3.6875,HOLDING
2018-05-08,17,NI,XEL,19.6232,35.5394,2.1492,-1,-5.5145,-0.5,-6.0145,HOLDING
2018-05-09,17,NI,XEL,19.2714,35.3893,1.4048,-1,-2.1024,-0.5,-2.6024,HOLDING
2018-05-10,17,NI,XEL,19.4746,35.7368,1.2938,-1,-2.3,-0.5,-2.8,HOLDING
2018-05-11,17,NI,XEL,19.4903,35.7447,1.1848,-1,-2.4432,-0.5,-2.9432,HOLDING
2018-05-14,17,NI,XEL,19.4277,35.5473,1.1439,-1,-2.9981,-0.5,-3.4981,HOLDING
2018-05-15,17,NI,XEL,19.3026,35.184,1.1529,-1,-3.8931,-0.5,-4.3931,HOLDING
2018-05-16,17,NI,XEL,19.0759,34.947,0.8844,-1,-2.648,-0.5,-3.148,HOLDING
2018-05-17,17,NI,XEL,19.0447,34.6153,1.0463,-1,-4.5101,-0.5,-5.0101,HOLDING
2018-05-18,17,NI,XEL,19.0994,34.5127,1.1267,-1,-5.8981,-0.5,-6.3981,HOLDING
2018-05-21,17,NI,XEL,19.0759,34.3942,1.0897,-1,-6.4082,-0.5,-6.9082,HOLDING
2018-05-22,17,NI,XEL,19.0759,34.5206,0.8788,-1,-5.5487,-0.5,-6.0487,HOLDING
2018-05-23,17,NI,XEL,19.287,35.0339,0.672,-1,-4.7167,-0.5,-5.2167,HOLDING
2018-05-24,17,NI,XEL,19.4277,35.413,0.4613,-1,-3.9114,-0.5,-4.4114,HOLDING
2018-05-25,17,NI,XEL,19.6232,35.6894,0.4959,-1,-4.4938,-0.5,-4.9938,HOLDING
2018-05-29,17,NI,XEL,19.5997,35.7368,0.2712,-1,-3.876,-0.5,-4.376,HOLDING
2018-05-30,17,NI,XEL,19.7874,36.0211,0.3645,-1,-4.3062,-0.5,-4.8062,HOLDING
2018-05-31,17,NI,XEL,19.7795,35.9501,0.5219,-1,-4.6911,-0.5,-5.1911,HOLDING
2018-06-01,17,NI,XEL,19.3417,35.334,-0.3723,-1,-3.3649,-0.5,-3.8649,HOLDING
2018-06-04,17,NI,XEL,19.1463,34.8602,0.1001,-1,-4.1255,-0.5,-4.6255,HOLDING
2018-06-05,17,NI,XEL,18.9587,34.2126,1.5912,-1,-6.1662,-0.5,-6.6662,HOLDING
2018-06-06,17,NI,XEL,18.4036,33.4465,0.3452,-1,-4.3831,-0.5,-4.8831,HOLDING
2018-06-07,17,NI,XEL,18.4192,33.7387,-1.1769,-1,-2.5925,-0.5,-3.0925,HOLDING
2018-06-08,17,NI,XEL,18.3879,33.7387,-1.5075,-1,-2.1986,-0.5,-2.6986,HOLDING
2018-06-11,17,NI,XEL,18.1925,33.2727,-0.9447,-1,-2.9053,-0.5,-3.4053,HOLDING
2018-06-12,17,NI,XEL,18.5521,33.6281,0.7562,-1,-5.0191,-0.5,-5.5191,HOLDING
2018-06-13,17,NI,XEL,18.6068,33.565,1.5243,-1,-6.1384,-0.5,-6.6384,HOLDING
2018-06-14,17,NI,XEL,18.7554,34.1626,-0.3874,-1,-3.9448,-0.5,-4.4448,HOLDING
2018-06-15,17,NI,XEL,18.9665,34.5292,-0.267,-1,-4.111,-0.5,-4.611,HOLDING
2018-06-18,17,NI,XEL,19.0681,34.7444,-0.3713,-1,-3.9281,-0.5,-4.4281,HOLDING
2018-06-19,17,NI,XEL,19.287,35.2145,-0.7208,-1,-3.4884,-0.5,-3.9884,HOLDING
2018-06-20,17,NI,XEL,19.3887,34.9675,1.8978,-1,-6.4491,-0.5,-6.9491,HOLDING
2018-06-21,17,NI,XEL,19.373,34.9436,1.6607,-1,-6.4147,-0.5,-6.9147,HOLDING
2018-06-22,17,NI,XEL,19.5919,34.9436,2.7767,-1,-9.1729,-0.5,-9.6729,HOLDING
2018-06-25,17,NI,XEL,20.0688,35.9795,1.7344,-1,-8.1352,-0.5,-8.6352,HOLDING
2018-06-26,17,NI,XEL,19.9906,36.123,0.5984,-1,-6.1746,-0.5,-6.6746,HOLDING
2018-06-27,17,NI,XEL,20.1939,36.4098,0.8215,-1,-6.7845,-0.5,-7.2845,HOLDING
2018-06-28,17,NI,XEL,20.4206,36.3859,2.008,-1,-9.8036,-0.5,-10.3036,HOLDING
2018-06-29,17,NI,XEL,20.5457,36.4019,2.1944,-1,-11.2712,-0.5,-11.7712,HOLDING
2018-07-02,17,NI,XEL,20.7333,36.8402,1.6485,-1,-10.6542,-0.5,-11.1542,HOLDING
2018-07-03,17,NI,XEL,20.8975,36.8561,1.9965,-1,-12.6144,-0.5,-13.1144,HOLDING
2018-07-05,17,NI,XEL,20.9522,37.1271,1.4131,-1,-11.4609,-0.5,-11.9609,HOLDING
2018-07-06,17,NI,XEL,21.0148,37.4219,0.9182,-1,-10.2435,-0.5,-10.7435,HOLDING
2018-07-09,17,NI,XEL,20.3737,35.9875,1.4544,-1,-11.9225,-0.5,-12.4225,HOLDING
2018-07-10,17,NI,XEL,20.5144,36.4098,0.9597,-1,-10.823,-0.5,-11.323,HOLDING
2018-07-11,17,NI,XEL,20.6239,36.9677,0.0414,-1,-8.4079,-0.5,-8.9079,HOLDING
2018-07-12,17,NI,XEL,20.5613,36.9278,-0.1559,-1,-7.8908,-0.5,-8.3908,HOLDING
2018-07-13,17,NI,XEL,20.5613,36.872,-0.0951,-1,-8.2704,-0.5,-8.7704,HOLDING
2018-07-16,17,NI,XEL,20.5301,36.7127,0.0959,-1,-8.9603,-0.5,-9.4603,HOLDING
2018-07-17,17,NI,XEL,20.4206,36.5453,-0.086,-1,-8.7196,-0.5,-9.2196,HOLDING
2018-07-18,17,NI,XEL,20.2486,36.3541,-0.6578,-1,-7.8533,-0.5,-8.3533,HOLDING
2018-07-19,17,NI,XEL,20.4441,36.5852,-0.2753,-1,-8.7441,-0.5,-9.2441,HOLDING
2018-07-20,17,NI,XEL,20.2877,36.362,-0.5718,-1,-8.2917,-0.5,-8.7917,HOLDING
2018-07-23,17,NI,XEL,20.1235,36.0831,-0.5905,-1,-8.1201,-0.5,-8.6201,HOLDING
2018-07-24,17,NI,XEL,20.1626,36.2903,-1.0975,-1,-7.2035,-0.5,-7.7035,HOLDING
2018-07-25,17,NI,XEL,20.1626,36.4098,-1.5937,-1,-6.3905,-0.5,-6.8905,HOLDING
2018-07-26,17,NI,XEL,20.4206,37.3581,-2.7393,-1,-3.191,-0.5,-3.691,HOLDING
2018-07-27,17,NI,XEL,20.4597,37.1271,-1.5599,-1,-5.2552,-0.5,-5.7552,HOLDING
2018-07-30,17,NI,XEL,20.2589,36.888,-1.6936,-1,-4.3506,-0.5,-4.8506,HOLDING
2018-07-31,17,NI,XEL,20.6212,37.3422,-1.0107,-1,-5.8263,-0.5,-6.3263,HOLDING
2018-08-01,17,NI,XEL,20.4006,36.9677,-1.0009,-1,-5.595,-0.5,-6.095,HOLDING
2018-08-02,17,NI,XEL,20.7078,37.135,0.2361,-1,-8.3273,-0.5,-8.8273,HOLDING
2018-08-03,17,NI,XEL,20.9441,37.5972,0.168,-1,-8.1608,-0.5,-8.6608,HOLDING
2018-08-06,17,NI,XEL,21.1017,37.6769,0.9995,-1,-9.6036,-0.5,-10.1036,HOLDING
2018-08-07,17,NI,XEL,20.9048,37.6132,0.0446,-1,-7.5562,-0.5,-8.0562,HOLDING
2018-08-08,17,NI,XEL,20.8496,37.7088,-0.6718,-1,-6.2111,-0.5,-6.7111,HOLDING
2018-08-09,17,NI,XEL,20.8811,37.9638,-1.3095,-1,-4.8736,-0.5,-5.3736,HOLDING
2018-08-10,17,NI,XEL,20.9599,37.8761,-0.3787,-1,-6.4622,-0.5,-6.9622,HOLDING
2018-08-13,17,NI,XEL,21.1332,37.8761,0.8537,-1,-8.6456,-0.5,-9.1456,HOLDING
2018-08-14,17,NI,XEL,21.2356,37.8203,1.6675,-1,-10.3151,-0.5,-10.8151,HOLDING
2018-08-15,17,NI,XEL,21.4167,38.171,1.4348,-1,-10.2128,-0.5,-10.7128,HOLDING
2018-08-16,17,NI,XEL,21.6767,38.3861,2.0077,-1,-12.0244,-0.5,-12.5244,HOLDING
2018-08-17,17,NI,XEL,21.7397,38.4818,1.8092,-1,-12.1679,-0.5,-12.6679,HOLDING
2018-08-20,17,NI,XEL,21.6058,38.434,1.1788,-1,-10.8059,-0.5,-11.3059,HOLDING
2018-08-21,17,NI,XEL,21.401,38.1869,0.792,-1,-9.9059,-0.5,-10.4059,HOLDING
2018-08-22,17,NI,XEL,21.2671,37.7964,1.0947,-1,-10.8746,-0.5,-11.3746,HOLDING
2018-08-23,17,NI,XEL,21.2986,38.0036,0.6188,-1,-9.8625,-0.5,-10.3625,HOLDING
2018-08-24,17,NI,XEL,21.3143,38.2108,0.029,-1,-8.6516,-0.5,-9.1516,HOLDING
2018-08-27,17,NI,XEL,21.2277,37.8602,0.5556,-1,-9.9449,-0.5,-10.4449,HOLDING
2018-08-28,17,NI,XEL,21.2277,37.908,0.3225,-1,-9.6197,-0.5,-10.1197,HOLDING
2018-08-29,17,NI,XEL,21.464,38.2826,0.4126,-1,-10.0493,-0.5,-10.5493,HOLDING
2018-08-30,17,NI,XEL,21.3852,38.5216,-0.9689,-1,-7.4309,-0.5,-7.9309,HOLDING
2018-08-31,17,NI,XEL,21.3222,38.2905,-0.5306,-1,-8.2089,-0.5,-8.7089,HOLDING
2018-09-04,17,NI,XEL,21.3616,38.6491,-1.4135,-1,-6.266,-0.5,-6.766,HOLDING
2018-09-05,17,NI,XEL,21.6924,39.2707,-1.3886,-1,0.0,-7.2469,-7.2469,PERIOD_END_EXIT
2018-03-08,18,CMS,DTE,33.5892,65.4227,0.0,0,0.0,0.0,0.0,HOLD_CASH
2018-03-09,18,CMS,DTE,33.826,65.5074,0.0,0,0.0,0.0,0.0,HOLD_CASH
2018-03-12,18,CMS,DTE,34.0075,65.755,0.0,0,0.0,0.0,0.0,HOLD_CASH
2018-03-13,18,CMS,DTE,33.9049,65.768,0.0,0,0.0,0.0,0.0,HOLD_CASH
2018-03-14,18,CMS,DTE,34.189,66.3154,0.0,0,0.0,0.0,0.0,HOLD_CASH
2018-03-15,18,CMS,DTE,34.4968,66.2828,0.0,0,0.0,0.0,0.0,HOLD_CASH
2018-03-16,18,CMS,DTE,34.9467,67.2248,0.0,0,0.0,0.0,0.0,HOLD_CASH
2018-03-19,18,CMS,DTE,34.7099,67.1722,0.0,0,0.0,0.0,0.0,HOLD_CASH
2018-03-20,18,CMS,DTE,34.7178,67.1459,0.0,0,0.0,0.0,0.0,HOLD_CASH
2018-03-21,18,CMS,DTE,34.5758,67.3957,0.0,0,0.0,0.0,0.0,HOLD_CASH
2018-03-22,18,CMS,DTE,34.6862,67.4088,0.0,0,0.0,0.0,0.0,HOLD_CASH
2018-03-23,18,CMS,DTE,34.1338,66.4491,0.0,0,0.0,0.0,0.0,HOLD_CASH
2018-03-26,18,CMS,DTE,34.5836,67.1262,0.0,0,0.0,0.0,0.0,HOLD_CASH
2018-03-27,18,CMS,DTE,35.3176,68.2371,0.0,0,0.0,0.0,0.0,HOLD_CASH
2018-03-28,18,CMS,DTE,35.5702,68.3619,0.0,0,0.0,0.0,0.0,HOLD_CASH
2018-03-29,18,CMS,DTE,35.7438,68.6249,0.0,0,0.0,0.0,0.0,HOLD_CASH
2018-04-02,18,CMS,DTE,35.5228,68.145,0.0,0,0.0,0.0,0.0,HOLD_CASH
2018-04-03,18,CMS,DTE,35.7359,68.638,0.0,0,0.0,0.0,0.0,HOLD_CASH
2018-04-04,18,CMS,DTE,35.7596,68.2896,0.0,0,0.0,0.0,0.0,HOLD_CASH
2018-04-05,18,CMS,DTE,35.9569,68.7761,1.5568,0,0.0,0.0,0.0,HOLD_CASH
2018-04-06,18,CMS,DTE,35.7675,68.4014,1.4299,0,0.0,0.0,0.0,HOLD_CASH
2018-04-09,18,CMS,DTE,35.5938,68.5854,0.1832,0,0.0,0.0,0.0,HOLD_CASH
2018-04-10,18,CMS,DTE,35.2229,68.0727,-0.3005,0,0.0,0.0,0.0,HOLD_CASH
2018-04-11,18,CMS,DTE,35.1598,67.9281,-0.2852,0,0.0,0.0,0.0,HOLD_CASH
2018-04-12,18,CMS,DTE,34.6941,67.113,-0.5243,0,0.0,0.0,0.0,HOLD_CASH
2018-04-13,18,CMS,DTE,34.8914,67.3365,-0.0947,0,0.0,0.0,0.0,HOLD_CASH
2018-04-16,18,CMS,DTE,35.5149,68.1056,0.9377,0,0.0,0.0,0.0,HOLD_CASH
2018-04-17,18,CMS,DTE,35.7201,68.684,0.4379,0,0.0,0.0,0.0,HOLD_CASH
2018-04-18,18,CMS,DTE,35.5702,68.3685,0.4533,0,0.0,0.0,0.0,HOLD_CASH
2018-04-19,18,CMS,DTE,35.8069,68.191,1.8203,0,0.0,0.0,0.0,HOLD_CASH
2018-04-20,18,CMS,DTE,35.6649,67.5271,2.3299,-1,0.0,-0.5,-0.5,ENTER_SHORT_A
2018-04-23,18,CMS,DTE,35.8069,67.9215,1.8612,-1,0.4644,-0.5,-0.0356,HOLDING
2018-04-24,18,CMS,DTE,36.1068,68.4934,1.6761,-1,0.4793,-0.5,-0.0207,HOLDING
2018-04-25,18,CMS,DTE,36.1937,68.3685,1.9753,-1,-0.5916,-0.5,-1.0916,HOLDING
2018-04-26,18,CMS,DTE,36.6514,68.9075,2.1533,-1,-1.8047,-0.5,-2.3047,HOLDING
2018-04-27,18,CMS,DTE,37.2354,69.4465,2.4327,-1,-3.903,-0.5,-4.403,HOLDING
2018-04-30,18,CMS,DTE,37.2433,69.2822,2.1855,-1,-4.5668,-0.5,-5.0668,HOLDING
2018-05-01,18,CMS,DTE,37.1328,69.0193,1.908,-1,-4.7657,-0.5,-5.2657,HOLDING
2018-05-02,18,CMS,DTE,36.9829,68.8549,1.5633,-1,-4.3229,-0.5,-4.8229,HOLDING
2018-05-03,18,CMS,DTE,36.9574,68.7563,1.4339,-1,-4.5096,-0.5,-5.0096,HOLDING
2018-05-04,18,CMS,DTE,36.9415,68.809,1.2157,-1,-4.2033,-0.5,-4.7033,HOLDING
2018-05-07,18,CMS,DTE,36.5995,68.4605,0.8464,-1,-3.0959,-0.5,-3.5959,HOLDING
2018-05-08,18,CMS,DTE,35.7804,66.4557,1.1996,-1,-4.7763,-0.5,-5.2763,HOLDING
2018-05-09,18,CMS,DTE,35.5736,65.8904,1.2636,-1,-5.4198,-0.5,-5.9198,HOLDING
2018-05-10,18,CMS,DTE,35.9553,66.6069,1.1623,-1,-5.4431,-0.5,-5.9431,HOLDING
2018-05-11,18,CMS,DTE,36.0905,67.3431,0.5664,-1,-3.6651,-0.5,-4.1651,HOLDING
2018-05-14,18,CMS,DTE,35.9872,67.2379,0.3873,-1,-3.3299,-0.5,-3.8299,HOLDING
2018-05-15,18,CMS,DTE,35.4941,66.6989,-0.2246,-1,-1.869,-0.5,-2.369,HOLDING
2018-05-16,18,CMS,DTE,35.3112,66.0416,0.1224,-1,-3.0204,-0.5,-3.5204,HOLDING
2018-05-17,18,CMS,DTE,35.0567,65.2856,0.5533,-1,-4.0351,-0.5,-4.5351,HOLDING
2018-05-18,18,CMS,DTE,35.0805,65.68,-0.2412,-1,-2.7421,-0.5,-3.2421,HOLDING
2018-05-21,18,CMS,DTE,34.9692,65.7129,-0.9321,-1,-1.84,-0.5,-2.34,HOLDING
2018-05-22,18,CMS,DTE,35.0885,65.8115,-0.8587,-1,-2.3111,-0.5,-2.8111,HOLDING
2018-05-23,18,CMS,DTE,35.5975,66.6726,-0.7746,-1,-2.6911,-0.5,-3.1911,HOLDING
2018-05-24,18,CMS,DTE,35.9872,67.1327,0.0215,-1,-3.7192,-0.5,-4.2192,HOLDING
2018-05-25,18,CMS,DTE,36.2814,67.1656,1.6168,-1,-5.6601,-0.5,-6.1601,HOLDING
2018-05-29,18,CMS,DTE,36.4484,67.113,2.2827,-1,-7.0257,-0.5,-7.5257,HOLDING
2018-05-30,18,CMS,DTE,36.7029,67.3431,2.3631,-1,-7.9577,-0.5,-8.4577,HOLDING
2018-05-31,18,CMS,DTE,36.687,67.3299,1.9635,-1,-7.895,-0.5,-8.395,HOLDING
2018-06-01,18,CMS,DTE,35.9235,66.4097,0.8921,-1,-5.9502,-0.5,-6.4502,HOLDING
2018-06-04,18,CMS,DTE,35.5338,65.7589,0.6954,-1,-5.6278,-0.5,-6.1278,HOLDING
2018-06-05,18,CMS,DTE,35.1282,65.2659,0.123,-1,-4.6097,-0.5,-5.1097,HOLDING
2018-06-06,18,CMS,DTE,34.4363,63.7212,0.6418,-1,-5.4786,-0.5,-5.9786,HOLDING
2018-06-07,18,CMS,DTE,34.4999,63.7869,0.7334,-1,-5.6813,-0.5,-6.1813,HOLDING
2018-06-08,18,CMS,DTE,34.4761,63.7409,0.7183,-1,-5.6843,-0.5,-6.1843,HOLDING
2018-06-11,18,CMS,DTE,33.9035,62.2488,1.4472,-1,-7.1947,-0.5,-7.6947,HOLDING
2018-06-12,18,CMS,DTE,34.4363,63.4254,0.9556,-1,-6.5737,-0.5,-7.0737,HOLDING
2018-06-13,18,CMS,DTE,34.2693,63.1559,0.8005,-1,-6.4008,-0.5,-6.9008,HOLDING
2018-06-14,18,CMS,DTE,34.6908,63.7935,0.9825,-1,-6.9948,-0.5,-7.4948,HOLDING
2018-06-15,18,CMS,DTE,35.0567,64.3859,1.0366,-1,-7.3662,-0.5,-7.8662,HOLDING
2018-06-18,18,CMS,DTE,35.3748,64.6115,1.572,-1,-8.7609,-0.5,-9.2609,HOLDING
2018-06-19,18,CMS,DTE,35.9553,65.7392,1.3696,-1,-8.6555,-0.5,-9.1555,HOLDING
2018-06-20,18,CMS,DTE,35.8838,65.8652,0.777,-1,-7.6872,-0.5,-8.1872,HOLDING
2018-06-21,18,CMS,DTE,36.0508,66.3826,0.1738,-1,-6.9423,-0.5,-7.4423,HOLDING
2018-06-22,18,CMS,DTE,36.1383,66.6347,-0.2331,-1,-6.6222,-0.5,-7.1222,HOLDING
2018-06-25,18,CMS,DTE,36.9892,68.187,-0.2332,-1,-6.8405,-0.5,-7.3405,HOLDING
2018-06-26,18,CMS,DTE,36.9892,68.4589,-1.0678,-1,-5.8335,-0.5,-6.3335,HOLDING
2018-06-27,18,CMS,DTE,37.4744,69.109,-0.2055,-1,-6.8273,-0.5,-7.3273,HOLDING
2018-06-28,18,CMS,DTE,37.4107,68.9498,-0.0167,-1,-6.9708,-0.5,-7.4708,HOLDING
2018-06-29,18,CMS,DTE,37.6016,68.7442,1.6485,-1,-9.0701,-0.5,-9.5701,HOLDING
2018-07-02,18,CMS,DTE,38.047,69.381,1.8937,-1,-9.8343,-0.5,-10.3343,HOLDING
2018-07-03,18,CMS,DTE,38.1424,69.6663,1.4658,-1,-9.4472,-0.5,-9.9472,HOLDING
2018-07-05,18,CMS,DTE,38.3174,70.5353,-0.2855,-1,-7.4564,-0.5,-7.9564,HOLDING
2018-07-06,18,CMS,DTE,38.6434,70.9996,0.0791,-1,-8.0229,-0.5,-8.5229,HOLDING
2018-07-09,18,CMS,DTE,37.204,68.4258,-0.2416,-1,-7.4616,-0.5,-7.9616,HOLDING
2018-07-10,18,CMS,DTE,37.5459,68.9896,0.0044,-1,-7.7712,-0.5,-8.2712,HOLDING
2018-07-11,18,CMS,DTE,38.0867,70.0908,-0.3929,-1,-7.4852,-0.5,-7.9852,HOLDING
2018-07-12,18,CMS,DTE,38.1106,70.2633,-0.846,-1,-7.014,-0.5,-7.514,HOLDING
2018-07-13,18,CMS,DTE,38.0549,70.4424,-1.6352,-1,-5.9606,-0.5,-6.4606,HOLDING
2018-07-16,18,CMS,DTE,37.9436,70.5154,-2.1031,-1,-4.9099,-0.5,-5.4099,HOLDING
2018-07-17,18,CMS,DTE,37.8561,70.5684,-2.256,-1,-4.1003,-0.5,-4.6003,HOLDING
2018-07-18,18,CMS,DTE,37.6811,70.3561,-2.1345,-1,-3.6597,-0.5,-4.1597,HOLDING
2018-07-19,18,CMS,DTE,38.0629,71.2252,-2.0665,-1,-3.1185,-0.5,-3.6185,HOLDING
2018-07-20,18,CMS,DTE,37.7129,70.7144,-1.9779,-1,-2.5565,-0.5,-3.0565,HOLDING
2018-07-23,18,CMS,DTE,37.4505,70.6016,-2.1736,-1,-1.1344,-0.5,-1.6344,HOLDING
2018-07-24,18,CMS,DTE,37.705,70.794,-1.5209,-1,-2.2061,-0.5,-2.7061,HOLDING
2018-07-25,18,CMS,DTE,38.0788,71.8421,-1.7506,-1,-0.9459,-0.5,-1.4459,HOLDING
2018-07-26,18,CMS,DTE,38.2856,72.187,-1.4926,-1,-1.1182,-0.5,-1.6182,HOLDING
2018-07-27,18,CMS,DTE,38.2696,72.0477,-1.2202,-1,-1.5224,-0.5,-2.0224,HOLDING
2018-07-30,18,CMS,DTE,37.8879,71.4971,-1.2862,-1,-0.8849,-0.5,-1.3849,HOLDING
2018-07-31,18,CMS,DTE,38.4446,72.0013,-0.5647,-1,-2.9208,-0.5,-3.4208,HOLDING
2018-08-01,18,CMS,DTE,38.0629,71.5369,-0.8132,-1,-1.9641,-0.5,-2.4641,HOLDING
2018-08-02,18,CMS,DTE,38.3257,72.1075,-0.8309,-1,-1.6943,-0.5,-2.1943,HOLDING
2018-08-03,18,CMS,DTE,38.7504,73.0361,-0.9266,-1,-1.233,-0.5,-1.733,HOLDING
2018-08-06,18,CMS,DTE,38.7263,73.3015,-1.2738,-1,-0.082,-0.5,-0.582,HOLDING
2018-08-07,18,CMS,DTE,38.5901,73.202,-1.4296,-1,0.5045,-0.5,0.0045,HOLDING
2018-08-08,18,CMS,DTE,38.6302,73.0759,-1.0565,-1,-0.2431,-0.5,-0.7431,HOLDING
2018-08-09,18,CMS,DTE,38.8225,73.4474,-1.0482,-1,-0.2157,-0.5,-0.7157,HOLDING
2018-08-10,18,CMS,DTE,38.7584,73.1954,-0.7263,-1,-0.6997,-0.5,-1.1997,HOLDING
2018-08-13,18,CMS,DTE,38.9908,73.4939,-0.2896,-1,-1.2234,-0.5,-1.7234,HOLDING
2018-08-14,18,CMS,DTE,39.103,73.6597,-0.0521,-1,-1.3958,-0.5,-1.8958,HOLDING
2018-08-15,18,CMS,DTE,39.6238,74.4756,0.6521,-1,-2.0259,-0.5,-2.5259,HOLDING
2018-08-16,18,CMS,DTE,39.9683,75.0793,0.9466,-1,-2.2064,-0.5,-2.7064,HOLDING
2018-08-17,18,CMS,DTE,39.9764,75.3711,-0.095,-1,-1.182,-0.5,-1.682,HOLDING
2018-08-20,18,CMS,DTE,39.8802,75.1589,0.0338,-1,-1.2937,-0.5,-1.7937,HOLDING
2018-08-21,18,CMS,DTE,39.6478,74.7742,-0.1308,-1,-1.0892,-0.5,-1.5892,HOLDING
2018-08-22,18,CMS,DTE,39.3514,73.7857,1.6092,-1,-2.6704,-0.5,-3.1704,HOLDING
2018-08-23,18,CMS,DTE,39.3353,73.9184,0.8454,-1,-2.067,-0.5,-2.567,HOLDING
2018-08-24,18,CMS,DTE,39.5517,74.2302,1.1494,-1,-2.4291,-0.5,-2.9291,HOLDING
2018-08-27,18,CMS,DTE,39.1991,73.8587,-0.047,-1,-1.3331,-0.5,-1.8331,HOLDING
2018-08-28,18,CMS,DTE,39.119,73.454,1.0898,-1,-2.2695,-0.5,-2.7695,HOLDING
2018-08-29,18,CMS,DTE,39.4555,73.8123,1.9781,-1,-3.3024,-0.5,-3.8024,HOLDING
2018-08-30,18,CMS,DTE,39.6719,74.2036,1.7738,-1,-3.3699,-0.5,-3.8699,HOLDING
2018-08-31,18,CMS,DTE,39.4555,73.726,1.7515,-1,-3.6216,-0.5,-4.1216,HOLDING
2018-09-04,18,CMS,DTE,39.6799,74.0776,1.7339,-1,-3.8926,-0.5,-4.3926,HOLDING
2018-09-05,18,CMS,DTE,40.2087,75.139,1.4136,-1,0.0,-4.7304,-4.7304,PERIOD_END_EXIT
2018-03-08,19,CMS,LNT,33.5892,30.0411,0.0,0,0.0,0.0,0.0,HOLD_CASH
2018-03-09,19,CMS,LNT,33.826,30.3469,0.0,0,0.0,0.0,0.0,HOLD_CASH
2018-03-12,19,CMS,LNT,34.0075,30.7388,0.0,0,0.0,0.0,0.0,HOLD_CASH
2018-03-13,19,CMS,LNT,33.9049,30.8094,0.0,0,0.0,0.0,0.0,HOLD_CASH
2018-03-14,19,CMS,LNT,34.189,30.9975,0.0,0,0.0,0.0,0.0,HOLD_CASH
2018-03-15,19,CMS,LNT,34.4968,31.0916,0.0,0,0.0,0.0,0.0,HOLD_CASH
2018-03-16,19,CMS,LNT,34.9467,31.4601,0.0,0,0.0,0.0,0.0,HOLD_CASH
2018-03-19,19,CMS,LNT,34.7099,31.2249,0.0,0,0.0,0.0,0.0,HOLD_CASH
2018-03-20,19,CMS,LNT,34.7178,31.1073,0.0,0,0.0,0.0,0.0,HOLD_CASH
2018-03-21,19,CMS,LNT,34.5758,31.0916,0.0,0,0.0,0.0,0.0,HOLD_CASH
2018-03-22,19,CMS,LNT,34.6862,31.2249,0.0,0,0.0,0.0,0.0,HOLD_CASH
2018-03-23,19,CMS,LNT,34.1338,30.927,0.0,0,0.0,0.0,0.0,HOLD_CASH
2018-03-26,19,CMS,LNT,34.5836,31.2327,0.0,0,0.0,0.0,0.0,HOLD_CASH
2018-03-27,19,CMS,LNT,35.3176,31.7737,0.0,0,0.0,0.0,0.0,HOLD_CASH
2018-03-28,19,CMS,LNT,35.5702,31.8442,0.0,0,0.0,0.0,0.0,HOLD_CASH
2018-03-29,19,CMS,LNT,35.7438,32.0323,0.0,0,0.0,0.0,0.0,HOLD_CASH
2018-04-02,19,CMS,LNT,35.5228,31.9775,0.0,0,0.0,0.0,0.0,HOLD_CASH
2018-04-03,19,CMS,LNT,35.7359,32.001,0.0,0,0.0,0.0,0.0,HOLD_CASH
2018-04-04,19,CMS,LNT,35.7596,32.0794,0.0,0,0.0,0.0,0.0,HOLD_CASH
2018-04-05,19,CMS,LNT,35.9569,32.4008,-0.2588,0,0.0,0.0,0.0,HOLD_CASH
2018-04-06,19,CMS,LNT,35.7675,32.1578,0.3214,0,0.0,0.0,0.0,HOLD_CASH
2018-04-09,19,CMS,LNT,35.5938,32.1813,-0.9109,0,0.0,0.0,0.0,HOLD_CASH
2018-04-10,19,CMS,LNT,35.2229,31.9461,-1.5346,0,0.0,0.0,0.0,HOLD_CASH
2018-04-11,19,CMS,LNT,35.1598,32.1578,-2.8229,1,0.0,-0.5,-0.5,ENTER_LONG_A
2018-04-12,19,CMS,LNT,34.6941,31.7658,-2.4772,1,-0.2636,-0.5,-0.7636,HOLDING
2018-04-13,19,CMS,LNT,34.8914,32.2283,-2.7847,1,-2.4565,-0.5,-2.9565,HOLDING
2018-04-16,19,CMS,LNT,35.5149,32.6046,-1.7602,1,-0.9487,-0.5,-1.4487,HOLDING
2018-04-17,19,CMS,LNT,35.7201,32.8085,-1.5851,1,-1.0742,-0.5,-1.5742,HOLDING
2018-04-18,19,CMS,LNT,35.5702,32.6125,-1.2583,1,-0.6168,-0.5,-1.1168,HOLDING
2018-04-19,19,CMS,LNT,35.8069,32.5576,-0.3651,1,1.4934,-0.5,0.9934,HOLDING
2018-04-20,19,CMS,LNT,35.6649,32.5654,-0.7212,1,0.4223,-0.5,-0.0777,HOLDING
2018-04-23,19,CMS,LNT,35.8069,32.683,-0.6386,1,0.5182,-0.5,0.0182,HOLDING
2018-04-24,19,CMS,LNT,36.1068,33.0044,-0.7167,1,0.152,-0.5,-0.348,HOLDING
2018-04-25,19,CMS,LNT,36.1937,33.1064,-0.7072,1,-0.0231,-0.5,-0.5231,HOLDING
2018-04-26,19,CMS,LNT,36.6514,33.6003,-0.848,1,-0.608,-0.5,-1.108,HOLDING
2018-04-27,19,CMS,LNT,37.2354,34.023,-0.4263,1,0.2585,-0.5,-0.2415,HOLDING
2018-04-30,19,CMS,LNT,37.2433,33.9361,-0.0508,1,0.9902,-0.5,0.4902,HOLDING
2018-05-01,19,CMS,LNT,37.1328,33.8333,0.0651,1,1.0031,-0.5,0.5031,HOLDING
2018-05-02,19,CMS,LNT,36.9829,33.8729,-0.5571,1,-0.3703,-0.5,-0.8703,HOLDING
2018-05-03,19,CMS,LNT,36.9574,34.1573,-1.7658,1,-2.7625,-0.5,-3.2625,HOLDING
2018-05-04,19,CMS,LNT,36.9415,34.1889,-1.9247,1,-3.1213,-0.5,-3.6213,HOLDING
2018-05-07,19,CMS,LNT,36.5995,33.9282,-1.9994,1,-3.5259,-0.5,-4.0259,HOLDING
2018-05-08,19,CMS,LNT,35.7804,32.9642,-0.8719,1,-1.8565,-0.5,-2.3565,HOLDING
2018-05-09,19,CMS,LNT,35.5736,32.6007,0.1082,1,-0.501,-0.5,-1.001,HOLDING
2018-05-10,19,CMS,LNT,35.9553,32.98,-0.0385,1,-0.7353,-0.5,-1.2353,HOLDING
2018-05-11,19,CMS,LNT,36.0905,32.9168,0.9082,1,0.7176,-0.5,0.2176,HOLDING
2018-05-14,19,CMS,LNT,35.9872,32.7193,1.3412,1,1.518,-0.5,1.018,HOLDING
2018-05-15,19,CMS,LNT,35.4941,32.4348,0.3899,1,0.2234,-0.5,-0.2766,HOLDING
2018-05-16,19,CMS,LNT,35.3112,32.3084,0.1453,1,-0.0943,-0.5,-0.5943,HOLDING
2018-05-17,19,CMS,LNT,35.0567,32.1109,0.0145,1,-0.3683,-0.5,-0.8683,HOLDING
2018-05-18,19,CMS,LNT,35.0805,32.0556,0.4754,1,0.2313,-0.5,-0.2687,HOLDING
2018-05-21,19,CMS,LNT,34.9692,31.8264,1.1711,1,1.221,-0.5,0.721,HOLDING
2018-05-22,19,CMS,LNT,35.0885,31.8264,1.6046,1,2.0692,-0.5,1.5692,HOLDING
2018-05-23,19,CMS,LNT,35.5975,31.9923,2.4665,1,4.3984,-0.5,3.8984,HOLDING
2018-05-24,19,CMS,LNT,35.9872,32.1978,2.4115,1,5.5721,-0.5,5.0721,HOLDING
2018-05-25,19,CMS,LNT,36.2814,32.2294,2.4898,1,7.4187,-0.5,6.9187,HOLDING
2018-05-29,19,CMS,LNT,36.4484,32.3953,2.0391,1,7.3164,-0.5,6.8164,HOLDING
2018-05-30,19,CMS,LNT,36.7029,32.743,1.5372,1,6.4231,-0.5,5.9231,HOLDING
2018-05-31,19,CMS,LNT,36.687,32.7272,1.3717,1,6.4329,-0.5,5.9329,HOLDING
2018-06-01,19,CMS,LNT,35.9235,32.103,1.1266,1,5.8569,-0.5,5.3569,HOLDING
2018-06-04,19,CMS,LNT,35.5338,31.7869,0.9605,1,5.5431,-0.5,5.0431,HOLDING
2018-06-05,19,CMS,LNT,35.1282,31.4076,0.9227,1,5.6075,-0.5,5.1075,HOLDING
2018-06-06,19,CMS,LNT,34.4363,30.9178,0.5115,1,4.4962,-0.5,3.9962,HOLDING
2018-06-07,19,CMS,LNT,34.4999,30.9652,0.467,1,4.58,-0.5,4.08,HOLDING
2018-06-08,19,CMS,LNT,34.4761,30.9968,0.2403,1,4.1646,-0.5,3.6646,HOLDING
2018-06-11,19,CMS,LNT,33.9035,30.3252,0.6507,1,5.3144,-0.5,4.8144,HOLDING
2018-06-12,19,CMS,LNT,34.4363,30.8546,0.4225,1,4.9876,-0.5,4.4876,HOLDING
2018-06-13,19,CMS,LNT,34.2693,30.9494,-0.445,1,3.0629,-0.5,2.5629,HOLDING
2018-06-14,19,CMS,LNT,34.6908,31.3049,-0.4762,1,3.2958,-0.5,2.7958,HOLDING
2018-06-15,19,CMS,LNT,35.0567,31.5736,-0.4061,1,3.8086,-0.5,3.3086,HOLDING
2018-06-18,19,CMS,LNT,35.3748,31.8659,-0.6252,1,3.7977,-0.5,3.2977,HOLDING
2018-06-19,19,CMS,LNT,35.9553,32.4585,-1.1733,1,3.3188,-0.5,2.8188,HOLDING
2018-06-20,19,CMS,LNT,35.8838,32.4348,-1.5237,1,2.9943,-0.5,2.4943,HOLDING
2018-06-21,19,CMS,LNT,36.0508,32.3716,-0.2627,1,4.6732,-0.5,4.1732,HOLDING
2018-06-22,19,CMS,LNT,36.1383,32.4664,-0.3205,1,4.5581,-0.5,4.0581,HOLDING
2018-06-25,19,CMS,LNT,36.9892,33.3909,-1.1711,1,3.422,-0.5,2.922,HOLDING
2018-06-26,19,CMS,LNT,36.9892,33.4067,-1.2074,1,3.2991,-0.5,2.7991,HOLDING
2018-06-27,19,CMS,LNT,37.4744,33.5094,1.1198,1,5.9501,-0.5,5.4501,HOLDING
2018-06-28,19,CMS,LNT,37.4107,33.4699,1.0861,1,5.8049,-0.5,5.3049,HOLDING
2018-06-29,19,CMS,LNT,37.6016,33.4383,2.2569,1,7.4077,-0.5,6.9077,HOLDING
2018-07-02,19,CMS,LNT,38.047,33.7464,2.3438,1,8.1788,-0.5,7.6788,HOLDING
2018-07-03,19,CMS,LNT,38.1424,33.9677,1.4735,1,7.1375,-0.5,6.6375,HOLDING
2018-07-05,19,CMS,LNT,38.3174,34.2995,0.5082,1,5.8015,-0.5,5.3015,HOLDING
2018-07-06,19,CMS,LNT,38.6434,34.6393,0.2468,1,5.4787,-0.5,4.9787,HOLDING
2018-07-09,19,CMS,LNT,37.204,33.3277,0.3289,1,5.4403,-0.5,4.9403,HOLDING
2018-07-10,19,CMS,LNT,37.5459,33.62,0.4157,1,5.599,-0.5,5.099,HOLDING
2018-07-11,19,CMS,LNT,38.0867,34.0625,0.6158,1,6.0045,-0.5,5.5045,HOLDING
2018-07-12,19,CMS,LNT,38.1106,34.0862,0.5316,1,5.9899,-0.5,5.4899,HOLDING
2018-07-13,19,CMS,LNT,38.0549,33.9203,1.0531,1,6.8839,-0.5,6.3839,HOLDING
2018-07-16,19,CMS,LNT,37.9436,33.8017,1.047,1,7.0136,-0.5,6.5136,HOLDING
2018-07-17,19,CMS,LNT,37.8561,33.8808,0.1389,1,5.7774,-0.5,5.2774,HOLDING
2018-07-18,19,CMS,LNT,37.6811,33.7306,0.0246,1,5.7004,-0.5,5.2004,HOLDING
2018-07-19,19,CMS,LNT,38.0629,33.944,0.7188,1,6.7563,-0.5,6.2563,HOLDING
2018-07-20,19,CMS,LNT,37.7129,33.6121,0.7684,1,6.848,-0.5,6.348,HOLDING
2018-07-23,19,CMS,LNT,37.4505,33.3277,1.0016,1,7.1933,-0.5,6.6933,HOLDING
2018-07-24,19,CMS,LNT,37.705,33.3356,2.22,1,8.9414,-0.5,8.4414,HOLDING
2018-07-25,19,CMS,LNT,38.0788,33.2803,3.36,1,12.0292,-0.5,11.5292,HOLDING
2018-07-26,19,CMS,LNT,38.2856,34.023,0.4896,1,7.7254,-0.5,7.2254,HOLDING
2018-07-27,19,CMS,LNT,38.2696,33.9282,0.8092,1,8.3494,-0.5,7.8494,HOLDING
2018-07-30,19,CMS,LNT,37.8879,33.6932,0.2918,1,7.4613,-0.5,6.9613,HOLDING
2018-07-31,19,CMS,LNT,38.4446,34.2188,0.1737,1,7.3338,-0.5,6.8338,HOLDING
2018-08-01,19,CMS,LNT,38.0629,33.741,0.8155,1,8.3341,-0.5,7.8341,HOLDING
2018-08-02,19,CMS,LNT,38.3257,33.8207,1.3985,1,9.5837,-0.5,9.0837,HOLDING
2018-08-03,19,CMS,LNT,38.7504,34.0516,1.8009,1,10.808,-0.5,10.308,HOLDING
2018-08-06,19,CMS,LNT,38.7263,34.171,1.0657,1,9.7083,-0.5,9.2083,HOLDING
2018-08-07,19,CMS,LNT,38.5901,33.9162,1.486,1,10.7209,-0.5,10.2209,HOLDING
2018-08-08,19,CMS,LNT,38.6302,33.8207,1.7835,1,11.7487,-0.5,11.2487,HOLDING
2018-08-09,19,CMS,LNT,38.8225,34.0675,1.3173,1,11.1968,-0.5,10.6968,HOLDING
2018-08-10,19,CMS,LNT,38.7584,34.0197,1.1554,1,11.1126,-0.5,10.6126,HOLDING
2018-08-13,19,CMS,LNT,38.9908,34.0197,1.7024,1,12.7648,-0.5,12.2648,HOLDING
2018-08-14,19,CMS,LNT,39.103,34.0277,1.7997,1,13.5006,-0.5,13.0006,HOLDING
2018-08-15,19,CMS,LNT,39.6238,34.2586,2.2054,1,15.4086,-0.5,14.9086,HOLDING
2018-08-16,19,CMS,LNT,39.9683,34.5931,1.8192,1,15.2584,-0.5,14.7584,HOLDING
2018-08-17,19,CMS,LNT,39.9764,34.7126,1.3302,1,14.3867,-0.5,13.8867,HOLDING
2018-08-20,19,CMS,LNT,39.8802,34.617,1.2405,1,14.4459,-0.5,13.9459,HOLDING
2018-08-21,19,CMS,LNT,39.6478,34.402,1.1544,1,14.4651,-0.5,13.9651,HOLDING
2018-08-22,19,CMS,LNT,39.3514,34.1233,1.1409,1,14.5239,-0.5,14.0239,HOLDING
2018-08-23,19,CMS,LNT,39.3353,34.2746,0.5716,1,13.2338,-0.5,12.7338,HOLDING
2018-08-24,19,CMS,LNT,39.5517,34.3861,0.7299,1,13.9053,-0.5,13.4053,HOLDING
2018-08-27,19,CMS,LNT,39.1991,34.0755,0.6706,1,13.8129,-0.5,13.3129,HOLDING
2018-08-28,19,CMS,LNT,39.119,33.9242,0.9118,1,14.4194,-0.5,13.9194,HOLDING
2018-08-29,19,CMS,LNT,39.4555,34.179,1.0058,1,14.8312,-0.5,14.3312,HOLDING
2018-08-30,19,CMS,LNT,39.6719,34.2347,1.4715,1,15.9362,-0.5,15.4362,HOLDING
2018-08-31,19,CMS,LNT,39.4555,34.1153,1.0586,1,15.3266,-0.5,14.8266,HOLDING
2018-09-04,19,CMS,LNT,39.6799,34.3144,0.9938,1,15.3741,-0.5,14.8741,HOLDING
2018-09-05,19,CMS,LNT,40.2087,34.824,0.6505,1,0.0,14.1156,14.1156,PERIOD_END_EXIT
2018-03-08,20,FITB,ZION,24.9464,43.3276,0.0,0,0.0,0.0,0.0,HOLD_CASH
2018-03-09,20,FITB,ZION,25.3465,44.0536,0.0,0,0.0,0.0,0.0,HOLD_CASH
2018-03-12,20,FITB,ZION,25.3836,43.6983,0.0,0,0.0,0.0,0.0,HOLD_CASH
2018-03-13,20,FITB,ZION,25.2354,43.0573,0.0,0,0.0,0.0,0.0,HOLD_CASH
2018-03-14,20,FITB,ZION,24.9094,42.3081,0.0,0,0.0,0.0,0.0,HOLD_CASH
2018-03-15,20,FITB,ZION,24.8723,42.285,0.0,0,0.0,0.0,0.0,HOLD_CASH
2018-03-16,20,FITB,ZION,24.9835,42.8797,0.0,0,0.0,0.0,0.0,HOLD_CASH
2018-03-19,20,FITB,ZION,24.9094,42.4703,0.0,0,0.0,0.0,0.0,HOLD_CASH
2018-03-20,20,FITB,ZION,24.8427,42.3236,0.0,0,0.0,0.0,0.0,HOLD_CASH
2018-03-21,20,FITB,ZION,24.9094,42.5553,0.0,0,0.0,0.0,0.0,HOLD_CASH
2018-03-22,20,FITB,ZION,23.9314,40.9875,0.0,0,0.0,0.0,0.0,HOLD_CASH
2018-03-23,20,FITB,ZION,22.9904,39.5664,0.0,0,0.0,0.0,0.0,HOLD_CASH
2018-03-26,20,FITB,ZION,23.798,41.1188,0.0,0,0.0,0.0,0.0,HOLD_CASH
2018-03-27,20,FITB,ZION,23.2201,40.1765,0.0,0,0.0,0.0,0.0,HOLD_CASH
2018-03-28,20,FITB,ZION,23.5031,40.2924,0.0,0,0.0,0.0,0.0,HOLD_CASH
2018-03-29,20,FITB,ZION,23.6446,40.7249,0.0,0,0.0,0.0,0.0,HOLD_CASH
2018-04-02,20,FITB,ZION,23.0488,39.6745,0.0,0,0.0,0.0,0.0,HOLD_CASH
2018-04-03,20,FITB,ZION,23.5031,40.1147,0.0,0,0.0,0.0,0.0,HOLD_CASH
2018-04-04,20,FITB,ZION,24.0393,40.8175,0.0,0,0.0,0.0,0.0,HOLD_CASH
2018-04-05,20,FITB,ZION,24.0765,40.8485,1.3857,0,0.0,0.0,0.0,HOLD_CASH
2018-04-06,20,FITB,ZION,23.2648,39.7286,0.4384,0,0.0,0.0,0.0,HOLD_CASH
2018-04-09,20,FITB,ZION,23.3839,39.8753,0.5816,0,0.0,0.0,0.0,HOLD_CASH
2018-04-10,20,FITB,ZION,23.6669,40.47,0.061,0,0.0,0.0,0.0,HOLD_CASH
2018-04-11,20,FITB,ZION,23.4361,40.2692,-0.7069,0,0.0,0.0,0.0,HOLD_CASH
2018-04-12,20,FITB,ZION,24.0244,41.8061,-2.3376,1,0.0,-0.5,-0.5,ENTER_LONG_A
2018-04-13,20,FITB,ZION,23.3914,40.8175,-2.2537,1,-0.6753,-0.5,-1.1753,HOLDING
2018-04-16,20,FITB,ZION,23.451,41.1728,-2.4029,1,-2.1799,-0.5,-2.6799,HOLDING
2018-04-17,20,FITB,ZION,23.0414,40.0993,-1.291,1,-0.0224,-0.5,-0.5224,HOLDING
2018-04-18,20,FITB,ZION,22.9222,40.2229,-1.8551,1,-2.0013,-0.5,-2.5013,HOLDING
2018-04-19,20,FITB,ZION,23.3541,41.0956,-1.8217,1,-2.7255,-0.5,-3.2255,HOLDING
2018-04-20,20,FITB,ZION,23.3988,41.5513,-2.1563,1,-4.9855,-0.5,-5.4855,HOLDING
2018-04-23,20,FITB,ZION,23.7786,41.9065,-1.3931,1,-3.1577,-0.5,-3.6577,HOLDING
2018-04-24,20,FITB,ZION,24.7617,42.5476,0.4565,1,3.2383,-0.5,2.7383,HOLDING
2018-04-25,20,FITB,ZION,24.9776,42.6789,0.8074,1,4.7005,-0.5,4.2005,HOLDING
2018-04-26,20,FITB,ZION,25.0372,42.5321,1.1601,1,6.198,-0.5,5.698,HOLDING
2018-04-27,20,FITB,ZION,25.1936,42.9414,0.8706,1,5.3776,-0.5,4.8776,HOLDING
2018-04-30,20,FITB,ZION,24.7021,42.285,0.5525,1,4.1886,-0.5,3.6886,HOLDING
2018-05-01,20,FITB,ZION,24.8436,42.5167,0.5822,1,4.2755,-0.5,3.7755,HOLDING
2018-05-02,20,FITB,ZION,24.3893,42.6248,-0.7735,1,-1.0983,-0.5,-1.5983,HOLDING
2018-05-03,20,FITB,ZION,24.0393,42.0533,-0.7579,1,-1.323,-0.5,-1.823,HOLDING
2018-05-04,20,FITB,ZION,24.2999,42.8333,-1.1776,1,-3.2753,-0.5,-3.7753,HOLDING
2018-05-07,20,FITB,ZION,24.4414,42.8719,-0.7452,1,-2.0338,-0.5,-2.5338,HOLDING
2018-05-08,20,FITB,ZION,24.6499,43.2118,-0.6257,1,-1.8961,-0.5,-2.3961,HOLDING
2018-05-09,20,FITB,ZION,25.0744,44.239,-1.0013,1,-3.6215,-0.5,-4.1215,HOLDING
2018-05-10,20,FITB,ZION,25.2755,44.6251,-0.9733,1,-3.8383,-0.5,-4.3383,HOLDING
2018-05-11,20,FITB,ZION,25.3053,44.6483,-0.8671,1,-3.6668,-0.5,-4.1668,HOLDING
2018-05-14,20,FITB,ZION,25.3425,44.4938,-0.5163,1,-2.3557,-0.5,-2.8557,HOLDING
2018-05-15,20,FITB,ZION,25.551,44.6637,-0.1891,1,-1.2019,-0.5,-1.7019,HOLDING
2018-05-16,20,FITB,ZION,25.5808,44.7956,-0.324,1,-1.6804,-0.5,-2.1804,HOLDING
2018-05-17,20,FITB,ZION,25.551,45.2144,-1.0313,1,-4.4947,-0.5,-4.9947,HOLDING
2018-05-18,20,FITB,ZION,24.9925,44.8033,-1.808,1,-7.8488,-0.5,-8.3488,HOLDING
2018-05-21,20,FITB,ZION,23.0116,44.9507,-3.6667,1,-29.3438,-0.5,-29.8438,HOLDING
2018-05-22,20,FITB,ZION,23.7488,45.4005,-2.3318,1,-24.3617,-0.5,-24.8617,HOLDING
2018-05-23,20,FITB,ZION,23.235,44.9895,-2.2039,1,-27.2507,-0.5,-27.7507,HOLDING
2018-05-24,20,FITB,ZION,23.652,44.8731,-1.502,1,-22.2154,-0.5,-22.7154,HOLDING
2018-05-25,20,FITB,ZION,23.3541,44.2449,-1.3181,1,-21.5586,-0.5,-22.0586,HOLDING
2018-05-29,20,FITB,ZION,22.5573,42.593,-1.1201,1,-19.9722,-0.5,-20.4722,HOLDING
2018-05-30,20,FITB,ZION,22.7882,43.0661,-1.036,1,-20.3989,-0.5,-20.8989,HOLDING
2018-05-31,20,FITB,ZION,22.7733,42.5077,-0.6605,1,-17.2147,-0.5,-17.7147,HOLDING
2018-06-01,20,FITB,ZION,22.9073,43.1669,-0.8078,1,-19.7619,-0.5,-20.2619,HOLDING
2018-06-04,20,FITB,ZION,23.086,43.5004,-0.7273,1,-19.8963,-0.5,-20.3963,HOLDING
2018-06-05,20,FITB,ZION,23.0637,43.26,-0.5431,1,-18.691,-0.5,-19.191,HOLDING
2018-06-06,20,FITB,ZION,23.5701,44.3225,-0.5354,1,-19.7751,-0.5,-20.2751,HOLDING
2018-06-07,20,FITB,ZION,23.5478,44.1752,-0.4055,1,-19.1263,-0.5,-19.6263,HOLDING
2018-06-08,20,FITB,ZION,23.6893,44.3535,-0.2847,1,-18.7206,-0.5,-19.2206,HOLDING
2018-06-11,20,FITB,ZION,23.3988,43.8727,-0.2529,1,-18.8676,-0.5,-19.3676,HOLDING
2018-06-12,20,FITB,ZION,23.2946,43.7021,-0.1866,1,-18.9322,-0.5,-19.4322,HOLDING
2018-06-13,20,FITB,ZION,23.1978,43.4306,-0.0089,1,-18.3163,-0.5,-18.8163,HOLDING
2018-06-14,20,FITB,ZION,22.9669,43.0041,0.1381,1,-18.168,-0.5,-18.668,HOLDING
2018-06-15,20,FITB,ZION,22.8403,42.8722,0.2112,1,-18.697,-0.5,-19.197,HOLDING
2018-06-18,20,FITB,ZION,22.8403,43.1204,0.0248,1,-20.1811,-0.5,-20.6811,HOLDING
2018-06-19,20,FITB,ZION,22.7658,43.3531,-1.1023,1,-22.3475,-0.5,-22.8475,HOLDING
2018-06-20,20,FITB,ZION,22.8701,43.5625,-1.187,1,-22.5146,-0.5,-23.0146,HOLDING
2018-06-21,20,FITB,ZION,22.8105,43.8261,-2.6163,1,-24.7114,-0.5,-25.2114,HOLDING
2018-06-22,20,FITB,ZION,22.4158,43.0506,-2.1761,1,-24.1809,-0.5,-24.6809,HOLDING
2018-06-25,20,FITB,ZION,22.386,42.3681,-0.4204,1,-20.4097,-0.5,-20.9097,HOLDING
2018-06-26,20,FITB,ZION,22.0435,41.9028,-0.8887,1,-21.1918,-0.5,-21.6918,HOLDING
2018-06-27,20,FITB,ZION,21.5445,41.1428,-1.3046,1,-21.839,-0.5,-22.339,HOLDING
2018-06-28,20,FITB,ZION,21.537,41.2358,-1.4344,1,-22.4735,-0.5,-22.9735,HOLDING
2018-06-29,20,FITB,ZION,21.507,40.8636,-0.5344,1,-20.5592,-0.5,-21.0592,HOLDING
2018-07-02,20,FITB,ZION,21.7918,41.073,0.355,1,-18.8482,-0.5,-19.3482,HOLDING
2018-07-03,20,FITB,ZION,21.6644,40.5844,1.0153,1,-17.2521,-0.5,-17.7521,HOLDING
2018-07-05,20,FITB,ZION,21.597,40.6231,0.5705,1,-18.1858,-0.5,-18.6858,HOLDING
2018-07-06,20,FITB,ZION,21.8368,40.7782,1.302,1,-16.618,-0.5,-17.118,HOLDING
2018-07-09,20,FITB,ZION,22.4512,41.8252,1.4791,1,-16.4845,-0.5,-16.9845,HOLDING
2018-07-10,20,FITB,ZION,22.2564,41.4297,1.4574,1,-16.1468,-0.5,-16.6468,HOLDING
2018-07-11,20,FITB,ZION,22.159,41.2048,1.4463,1,-15.8156,-0.5,-16.3156,HOLDING
2018-07-12,20,FITB,ZION,22.0391,40.755,1.7689,1,-14.3734,-0.5,-14.8734,HOLDING
2018-07-13,20,FITB,ZION,21.7993,40.1423,1.8751,1,-13.2049,-0.5,-13.7049,HOLDING
2018-07-16,20,FITB,ZION,22.0766,40.6309,1.6936,1,-13.2414,-0.5,-13.7414,HOLDING
2018-07-17,20,FITB,ZION,22.1215,41.1505,0.8456,1,-15.8809,-0.5,-16.3809,HOLDING
2018-07-18,20,FITB,ZION,22.6611,41.9881,1.0193,1,-15.275,-0.5,-15.775,HOLDING
2018-07-19,20,FITB,ZION,21.2148,41.2591,-2.0834,1,-25.9658,-0.5,-26.4658,HOLDING
2018-07-20,20,FITB,ZION,21.3497,41.1117,-1.4352,1,-23.681,-0.5,-24.181,HOLDING
2018-07-23,20,FITB,ZION,21.8742,41.7244,-0.8853,1,-21.8862,-0.5,-22.3862,HOLDING
2018-07-24,20,FITB,ZION,21.9791,40.5223,1.1689,1,-13.6059,-0.5,-14.1059,HOLDING
2018-07-25,20,FITB,ZION,21.9342,39.9562,1.663,1,-10.6882,-0.5,-11.1882,HOLDING
2018-07-26,20,FITB,ZION,22.144,40.088,1.7571,1,-9.2932,-0.5,-9.7932,HOLDING
2018-07-27,20,FITB,ZION,22.114,40.0803,1.5146,1,-9.5588,-0.5,-10.0588,HOLDING
2018-07-30,20,FITB,ZION,22.2939,40.6231,1.1103,1,-10.9336,-0.5,-11.4336,HOLDING
2018-07-31,20,FITB,ZION,22.174,40.0958,1.3508,1,-9.0277,-0.5,-9.5277,HOLDING
2018-08-01,20,FITB,ZION,22.3164,40.9566,0.5433,1,-12.6939,-0.5,-13.1939,HOLDING
2018-08-02,20,FITB,ZION,22.4887,41.515,0.2021,1,-14.2396,-0.5,-14.7396,HOLDING
2018-08-03,20,FITB,ZION,22.2639,41.3677,-0.1443,1,-15.6978,-0.5,-16.1978,HOLDING
2018-08-06,20,FITB,ZION,22.1515,41.2824,-0.2976,1,-16.3573,-0.5,-16.8573,HOLDING
2018-08-07,20,FITB,ZION,22.2114,41.3987,-0.2998,1,-16.4293,-0.5,-16.9293,HOLDING
2018-08-08,20,FITB,ZION,22.3688,41.6314,-0.2225,1,-16.183,-0.5,-16.683,HOLDING
2018-08-09,20,FITB,ZION,22.1215,41.2203,-0.2639,1,-16.2983,-0.5,-16.7983,HOLDING
2018-08-10,20,FITB,ZION,21.9866,41.1505,-0.4481,1,-17.2845,-0.5,-17.7845,HOLDING
2018-08-13,20,FITB,ZION,21.8293,40.7705,-0.3039,1,-16.6495,-0.5,-17.1495,HOLDING
2018-08-14,20,FITB,ZION,22.1965,41.546,-0.3973,1,-17.4663,-0.5,-17.9663,HOLDING
2018-08-15,20,FITB,ZION,21.8592,41.1171,-0.6048,1,-18.4103,-0.5,-18.9103,HOLDING
2018-08-16,20,FITB,ZION,22.3613,41.9126,-0.6099,1,-17.9428,-0.5,-18.4428,HOLDING
2018-08-17,20,FITB,ZION,22.2489,41.9048,-1.0925,1,-19.0659,-0.5,-19.5659,HOLDING
2018-08-20,20,FITB,ZION,22.3538,42.0998,-1.2191,1,-19.1402,-0.5,-19.6402,HOLDING
2018-08-21,20,FITB,ZION,22.5337,42.287,-0.8783,1,-18.3879,-0.5,-18.8879,HOLDING
2018-08-22,20,FITB,ZION,22.2939,42.17,-1.3028,1,-20.1837,-0.5,-20.6837,HOLDING
2018-08-23,20,FITB,ZION,22.0915,41.7878,-1.2158,1,-20.0038,-0.5,-20.5038,HOLDING
2018-08-24,20,FITB,ZION,22.0691,41.663,-1.0063,1,-19.4915,-0.5,-19.9915,HOLDING
2018-08-27,20,FITB,ZION,22.2864,41.858,-0.5089,1,-18.3961,-0.5,-18.8961,HOLDING
2018-08-28,20,FITB,ZION,22.2639,41.741,-0.2496,1,-17.9305,-0.5,-18.4305,HOLDING
2018-08-29,20,FITB,ZION,22.1215,41.8658,-1.4656,1,-20.1583,-0.5,-20.6583,HOLDING
2018-08-30,20,FITB,ZION,21.9417,41.4681,-1.2237,1,-19.6513,-0.5,-20.1513,HOLDING
2018-08-31,20,FITB,ZION,22.0541,41.5616,-0.6663,1,-19.0412,-0.5,-19.5412,HOLDING
2018-09-04,20,FITB,ZION,22.2864,42.053,-0.8124,1,-19.5621,-0.5,-20.0621,HOLDING
2018-09-05,20,FITB,ZION,22.2414,41.9828,-0.7967,1,0.0,-20.5927,-20.5927,PERIOD_END_EXIT
