Date,Pair_Rank,Ticker_A,Ticker_B,Price_A,Price_B,Hedge_Ratio,ZScore,Position,Unrealized_PnL,Realized_PnL,Cumulative_PnL,Status
2024-08-13,1,CMS,DTE,63.1305,115.3429,0.871,0.0,0,0.0,0.0,0.0,HOLD_CASH
2024-08-14,1,CMS,DTE,63.3886,116.037,0.871,0.0,0,0.0,0.0,0.0,HOLD_CASH
2024-08-15,1,CMS,DTE,63.0445,115.9895,0.871,0.0,0,0.0,0.0,0.0,HOLD_CASH
2024-08-16,1,CMS,DTE,63.5129,115.9039,0.871,0.0,0,0.0,0.0,0.0,HOLD_CASH
2024-08-19,1,CMS,DTE,63.5893,117.2161,0.871,0.0,0,0.0,0.0,0.0,HOLD_CASH
2024-08-20,1,CMS,DTE,63.7805,116.8928,0.871,0.0,0,0.0,0.0,0.0,HOLD_CASH
2024-08-21,1,CMS,DTE,64.0386,117.2637,0.871,0.0,0,0.0,0.0,0.0,HOLD_CASH
2024-08-22,1,CMS,DTE,64.2871,117.2827,0.871,0.0,0,0.0,0.0,0.0,HOLD_CASH
2024-08-23,1,CMS,DTE,64.1533,117.7391,0.871,0.0,0,0.0,0.0,0.0,HOLD_CASH
2024-08-26,1,CMS,DTE,64.7172,118.5474,0.871,0.0,0,0.0,0.0,0.0,HOLD_CASH
2024-08-27,1,CMS,DTE,64.4687,117.7962,0.871,0.0,0,0.0,0.0,0.0,HOLD_CASH
2024-08-28,1,CMS,DTE,64.4304,118.2906,0.871,0.0,0,0.0,0.0,0.0,HOLD_CASH
2024-08-29,1,CMS,DTE,64.6789,118.4713,0.871,0.0,0,0.0,0.0,0.0,HOLD_CASH
2024-08-30,1,CMS,DTE,64.8605,118.8802,0.871,0.0,0,0.0,0.0,0.0,HOLD_CASH
2024-09-03,1,CMS,DTE,65.6443,119.3747,0.871,0.0,0,0.0,0.0,0.0,HOLD_CASH
2024-09-04,1,CMS,DTE,66.1031,120.1163,0.871,0.0,0,0.0,0.0,0.0,HOLD_CASH
2024-09-05,1,CMS,DTE,65.2906,117.587,0.871,0.0,0,0.0,0.0,0.0,HOLD_CASH
2024-09-06,1,CMS,DTE,65.0039,117.1401,0.871,0.0,0,0.0,0.0,0.0,HOLD_CASH
2024-09-09,1,CMS,DTE,66.0649,118.4998,0.871,0.0,0,0.0,0.0,0.0,HOLD_CASH
2024-09-10,1,CMS,DTE,66.4376,119.3842,0.871,1.9499,0,0.0,0.0,0.0,HOLD_CASH
2024-09-11,1,CMS,DTE,66.17,118.2716,0.871,2.0227,-1,0.0,-0.0833,-0.0833,ENTER_SHORT_A
2024-09-12,1,CMS,DTE,66.2464,118.3762,0.871,1.7729,-1,-0.0172,-0.0833,-0.1005,HOLDING
2024-09-13,1,CMS,DTE,66.992,119.7645,0.871,1.6537,-1,-0.0636,-0.0833,-0.1469,HOLDING
2024-09-16,1,CMS,DTE,67.3647,121.1354,0.871,1.1298,-1,0.1352,-0.0833,0.0518,HOLDING
2024-09-17,1,CMS,DTE,67.1545,120.4835,0.871,1.1619,-1,0.0629,-0.0833,-0.0205,HOLDING
2024-09-18,1,CMS,DTE,66.906,119.2756,0.871,1.4523,-1,-0.1661,-0.0833,-0.2494,HOLDING
2024-09-19,1,CMS,DTE,66.17,118.4224,0.871,0.9259,-1,0.0495,-0.0833,-0.0339,HOLDING
2024-09-20,1,CMS,DTE,66.753,119.9179,0.871,0.6554,-1,0.1475,-0.0833,0.0642,HOLDING
2024-09-23,1,CMS,DTE,67.1831,121.1833,0.871,0.3302,-1,0.2731,-0.0833,0.1898,HOLDING
2024-09-24,1,CMS,DTE,66.9824,120.1096,0.871,0.718,-1,0.056,-0.0833,-0.0273,HOLDING
2024-09-25,1,CMS,DTE,66.7435,120.3493,0.871,0.0951,-1,0.2955,-0.0833,0.2122,HOLDING
2024-09-26,1,CMS,DTE,66.8582,120.3876,0.871,0.1548,-1,0.2309,-0.0833,0.1475,HOLDING
2024-09-27,1,CMS,DTE,67.3169,122.1132,0.871,-0.7398,-1,0.488,-0.0833,0.4047,HOLDING
2024-09-30,1,CMS,DTE,67.5081,123.1006,0.871,-1.7233,-1,0.6833,-0.0833,0.5999,HOLDING
2024-10-01,1,CMS,DTE,67.9095,123.3786,0.871,-1.1509,-1,0.5042,-0.0833,0.4209,HOLDING
2024-10-02,1,CMS,DTE,68.1007,123.3786,0.871,-0.7341,-1,0.3756,-0.0833,0.2922,HOLDING
2024-10-03,1,CMS,DTE,67.9956,122.2762,0.871,0.5249,-1,0.0847,-0.0833,0.0014,HOLDING
2024-10-04,1,CMS,DTE,68.072,121.7298,0.871,1.4243,-1,-0.146,-0.0833,-0.2293,HOLDING
2024-10-07,1,CMS,DTE,66.6861,120.1096,0.871,-0.3975,-1,0.2555,-0.0833,0.1721,HOLDING
2024-10-08,1,CMS,DTE,66.8773,120.2918,0.871,-0.0785,-1,0.1865,-0.0833,0.1032,HOLDING
2024-10-09,1,CMS,DTE,66.5427,119.3715,0.871,0.2974,-1,0.1099,-0.0833,0.0265,HOLDING
2024-10-10,1,CMS,DTE,66.084,118.5662,0.871,0.1259,-1,0.1545,-0.0833,0.0712,HOLDING
2024-10-11,1,CMS,DTE,66.2751,119.707,0.871,-0.946,-1,0.4001,-0.0833,0.3167,HOLDING
2024-10-14,1,CMS,DTE,66.7817,120.3876,0.871,-0.328,-1,0.2823,-0.0833,0.199,HOLDING
2024-10-15,1,CMS,DTE,67.1927,122.1228,0.871,-1.5038,-1,0.5748,-0.0833,0.4915,HOLDING
2024-10-16,1,CMS,DTE,68.0242,123.1581,0.871,-0.4034,-1,0.3547,-0.0833,0.2714,HOLDING
2024-10-17,1,CMS,DTE,67.8713,123.1294,0.871,-0.7868,-1,0.4482,-0.0833,0.3649,HOLDING
2024-10-18,1,CMS,DTE,68.1389,123.5704,0.871,-0.5339,-1,0.4127,-0.0833,0.3294,HOLDING
2024-10-21,1,CMS,DTE,68.0242,122.6692,0.871,0.5384,-1,0.1943,-0.0833,0.111,HOLDING
2024-10-22,1,CMS,DTE,67.8904,122.9281,0.871,-0.2783,-1,0.3693,-0.0833,0.286,HOLDING
2024-10-23,1,CMS,DTE,68.9131,124.6153,0.871,0.4441,-1,0.2343,-0.0833,0.151,HOLDING
2024-10-24,1,CMS,DTE,68.5977,124.4044,0.871,-0.2705,-1,0.3775,-0.0833,0.2941,HOLDING
2024-10-25,1,CMS,DTE,67.6324,121.3367,0.871,1.3868,-1,0.021,-0.0833,-0.0623,HOLDING
2024-10-28,1,CMS,DTE,68.0147,121.3942,0.871,2.27,-1,-0.2174,-0.0833,-0.3008,HOLDING
2024-10-29,1,CMS,DTE,66.4472,118.8059,0.871,1.1398,-1,-0.0113,-0.0833,-0.0947,HOLDING
2024-10-30,1,CMS,DTE,67.0111,119.0072,0.871,2.1991,-1,-0.3249,-0.0833,-0.4082,HOLDING
2024-10-31,1,CMS,DTE,66.5332,119.0839,0.871,0.6786,-1,0.022,-0.0833,-0.0614,HOLDING
2024-11-01,1,CMS,DTE,65.2811,116.275,0.871,1.0697,-1,-0.0566,-0.0833,-0.1399,HOLDING
2024-11-04,1,CMS,DTE,65.3671,116.601,0.871,0.7784,-1,-0.0076,-0.0833,-0.0909,HOLDING
2024-11-05,1,CMS,DTE,66.0553,118.3265,0.871,0.3049,-1,0.0952,-0.0833,0.0119,HOLDING
2024-11-06,1,CMS,DTE,64.8605,116.5434,0.871,-0.6225,-1,0.3145,-0.0833,0.2312,HOLDING
2024-11-07,1,CMS,DTE,63.4268,112.2007,0.871,1.3119,-1,-0.1449,-0.0833,-0.2282,HOLDING
2024-11-08,1,CMS,DTE,64.2775,112.9293,0.871,2.2225,-1,-0.4785,-0.0833,-0.5618,HOLDING
2024-11-11,1,CMS,DTE,65.5678,114.7795,0.871,2.4422,-1,-0.7401,-0.0833,-0.8234,HOLDING
2024-11-12,1,CMS,DTE,65.0899,115.1055,0.871,1.0456,-1,-0.3115,-0.0833,-0.3949,HOLDING
2024-11-13,1,CMS,DTE,65.1911,113.7154,0.871,2.217,-1,-0.8355,-0.0833,-0.9189,HOLDING
2024-11-14,1,CMS,DTE,64.9214,114.4728,0.871,0.927,-1,-0.4056,-0.0833,-0.4889,HOLDING
2024-11-15,1,CMS,DTE,65.7111,115.1246,0.871,1.6083,-1,-0.7234,-0.0833,-0.8067,HOLDING
2024-11-18,1,CMS,DTE,65.9711,115.5177,0.871,1.5226,-1,-0.7695,-0.0833,-0.8528,HOLDING
2024-11-19,1,CMS,DTE,66.0386,116.6489,0.871,0.5915,-1,-0.4438,-0.0833,-0.5271,HOLDING
2024-11-20,1,CMS,DTE,65.9904,117.1282,0.871,0.0116,-1,-0.2542,-0.0833,-0.3375,HOLDING
2024-11-21,1,CMS,DTE,66.6549,118.8538,0.871,-0.4323,-1,-0.1355,-0.0833,-0.2188,HOLDING
2024-11-22,1,CMS,DTE,66.9535,119.4482,0.871,-0.4474,-1,-0.1415,-0.0833,-0.2248,HOLDING
2024-11-25,1,CMS,DTE,67.098,120.0042,0.871,-0.6767,-1,-0.0563,-0.0833,-0.1397,HOLDING
2024-11-26,1,CMS,DTE,67.8492,120.263,0.871,0.5258,-1,-0.4771,-0.0833,-0.5604,HOLDING
2024-11-27,1,CMS,DTE,67.8877,120.867,0.871,0.0041,-1,-0.3049,-0.0833,-0.3882,HOLDING
2024-11-29,1,CMS,DTE,67.1365,120.5794,0.871,-1.2179,-1,0.1064,-0.0833,0.0231,HOLDING
2024-12-02,1,CMS,DTE,65.8748,118.4895,0.871,-1.5806,-1,0.2701,-0.0833,0.1868,HOLDING
2024-12-03,1,CMS,DTE,65.7304,117.8951,0.871,-1.2393,-1,0.1724,-0.0833,0.0891,HOLDING
2024-12-04,1,CMS,DTE,65.0081,117.2337,0.871,-1.8224,-1,0.4416,-0.0833,0.3583,HOLDING
2024-12-05,1,CMS,DTE,64.8925,117.3583,0.871,-1.9863,-1,0.5603,-0.0833,0.477,HOLDING
2024-12-06,1,CMS,DTE,64.6902,116.5434,0.871,-1.4901,-1,0.4292,-0.0833,0.3458,HOLDING
2024-12-09,1,CMS,DTE,65.1525,116.7639,0.871,-0.8407,-1,0.1903,-0.0833,0.107,HOLDING
2024-12-10,1,CMS,DTE,65.1622,116.9269,0.871,-0.8617,-1,0.2373,-0.0833,0.154,HOLDING
2024-12-11,1,CMS,DTE,64.3532,115.997,0.871,-1.2935,-1,0.4768,-0.0833,0.3935,HOLDING
2024-12-12,1,CMS,DTE,64.5554,115.7861,0.871,-0.744,-1,0.2715,-0.0833,0.1882,HOLDING
2024-12-13,1,CMS,DTE,64.8347,116.2654,0.871,-0.5939,-1,0.2407,-0.0833,0.1574,HOLDING
2024-12-16,1,CMS,DTE,64.2376,117.3876,0.871,-2.2101,-1,1.0107,-0.0833,0.9274,HOLDING
2024-12-17,1,CMS,DTE,64.565,116.7588,0.871,-1.1253,-1,0.5841,-0.0833,0.5007,HOLDING
2024-12-18,1,CMS,DTE,63.419,113.6923,0.871,-0.4371,-1,0.3497,-0.0833,0.2663,HOLDING
2024-12-19,1,CMS,DTE,63.3323,114.2533,0.871,-1.0387,-1,0.592,-0.0833,0.5087,HOLDING
2024-12-20,1,CMS,DTE,64.1509,116.2558,0.871,-1.1991,-1,0.6978,-0.0833,0.6145,HOLDING
2024-12-23,1,CMS,DTE,64.2087,116.3235,0.871,-1.0434,-1,0.6811,-0.0833,0.5978,HOLDING
2024-12-24,1,CMS,DTE,64.3532,116.8168,0.871,-1.1097,-1,0.7457,-0.0833,0.6624,HOLDING
2024-12-26,1,CMS,DTE,64.4784,117.136,0.871,-1.1512,-1,0.7662,-0.0833,0.6828,HOLDING
2024-12-27,1,CMS,DTE,64.5843,117.3876,0.871,-1.1789,-1,0.7774,-0.0833,0.694,HOLDING
2024-12-30,1,CMS,DTE,64.1702,116.6137,0.871,-1.1872,-1,0.8023,-0.0833,0.7189,HOLDING
2024-12-31,1,CMS,DTE,64.1894,116.8072,0.871,-1.2518,-1,0.8528,-0.0833,0.7694,HOLDING
2025-01-02,1,CMS,DTE,64.0739,117.1167,0.871,-1.7559,-1,1.0321,-0.0833,0.9488,HOLDING
2025-01-03,1,CMS,DTE,64.1509,117.6101,0.871,-1.8538,-1,1.1421,-0.0833,1.0587,HOLDING
2025-01-06,1,CMS,DTE,63.0049,115.7624,0.871,-2.0773,-1,1.3074,-0.0833,1.2241,HOLDING
2025-01-07,1,CMS,DTE,63.2841,116.4492,0.871,-1.8551,-1,1.3447,-0.0833,1.2614,HOLDING
2025-01-08,1,CMS,DTE,63.8524,117.0587,0.871,-1.1959,-1,1.1621,-0.0833,1.0788,HOLDING
2025-01-10,1,CMS,DTE,62.687,115.1336,0.871,-1.5388,-1,1.3151,-0.0833,1.2318,HOLDING
2025-01-13,1,CMS,DTE,62.5907,114.3598,0.871,-0.8928,-1,1.1261,-0.0833,1.0428,HOLDING
2025-01-14,1,CMS,DTE,63.1397,115.5303,0.871,-0.8335,-1,1.1405,-0.0833,1.0572,HOLDING
2025-01-15,1,CMS,DTE,64.1509,116.6717,0.871,0.2936,-1,0.8343,-0.0833,0.7509,HOLDING
2025-01-16,1,CMS,DTE,65.5089,118.974,0.871,0.8266,-1,0.6754,-0.0833,0.5921,HOLDING
2025-01-17,1,CMS,DTE,65.5667,119.6221,0.871,0.2933,-1,0.8491,-0.0833,0.7658,HOLDING
2025-01-21,1,CMS,DTE,65.7785,119.8446,0.871,0.6954,-1,0.7794,-0.0833,0.6961,HOLDING
2025-01-22,1,CMS,DTE,64.1413,116.3041,0.871,0.9083,-1,0.7202,-0.0833,0.6369,HOLDING
2025-01-23,1,CMS,DTE,63.4286,115.6076,0.871,-0.117,-1,0.9714,-0.0833,0.8881,HOLDING
2025-01-24,1,CMS,DTE,63.3901,115.211,0.871,0.3843,-1,0.8673,-0.0833,0.7839,HOLDING
2025-01-27,1,CMS,DTE,64.7095,117.7551,0.871,0.7125,-1,0.8137,-0.0833,0.7303,HOLDING
2025-01-28,1,CMS,DTE,63.1878,114.7273,0.871,0.5243,-1,0.8448,-0.0833,0.7614,HOLDING
2025-01-29,1,CMS,DTE,63.3419,113.76,0.871,2.1268,-1,0.4237,-0.0833,0.3404,HOLDING
2025-01-30,1,CMS,DTE,63.7561,115.4335,0.871,0.9928,-1,0.6939,-0.0833,0.6106,HOLDING
2025-01-31,1,CMS,DTE,63.5634,115.9655,0.871,-0.197,-1,0.9981,-0.0833,0.9147,HOLDING
2025-02-03,1,CMS,DTE,64.0257,116.9523,0.871,-0.2246,-1,1.0106,-0.0833,0.9272,HOLDING
2025-02-04,1,CMS,DTE,63.7368,116.7104,0.871,-0.7012,-1,1.1257,-0.0833,1.0424,HOLDING
2025-02-05,1,CMS,DTE,64.6421,118.6838,0.871,-0.8595,-1,1.1636,-0.0833,1.0803,HOLDING
2025-02-06,1,CMS,DTE,65.8074,118.558,0.871,2.1974,-1,0.338,-0.0833,0.2547,HOLDING
2025-02-07,1,CMS,DTE,66.1638,118.6935,0.871,2.3589,-1,0.1426,-0.0833,0.0592,HOLDING
2025-02-10,1,CMS,DTE,66.626,119.6705,0.871,2.0339,-1,0.1519,-0.0833,0.0685,HOLDING
2025-02-11,1,CMS,DTE,66.8861,120.812,0.871,1.2835,-1,0.3512,-0.0833,0.2679,HOLDING
2025-02-12,1,CMS,DTE,66.9824,120.1348,0.871,1.8725,-1,0.0,-0.1035,-0.1035,PERIOD_END_EXIT
2024-08-13,2,EQR,UDR,67.0204,39.0718,1.0028,0.0,0,0.0,0.0,0.0,HOLD_CASH
2024-08-14,2,EQR,UDR,67.0581,39.1561,1.0028,0.0,0,0.0,0.0,0.0,HOLD_CASH
2024-08-15,2,EQR,UDR,67.1052,39.0062,1.0028,0.0,0,0.0,0.0,0.0,HOLD_CASH
2024-08-16,2,EQR,UDR,67.2653,39.0905,1.0028,0.0,0,0.0,0.0,0.0,HOLD_CASH
2024-08-19,2,EQR,UDR,67.4349,39.3061,1.0028,0.0,0,0.0,0.0,0.0,HOLD_CASH
2024-08-20,2,EQR,UDR,67.8022,39.456,1.0028,0.0,0,0.0,0.0,0.0,HOLD_CASH
2024-08-21,2,EQR,UDR,68.1131,39.7185,1.0028,0.0,0,0.0,0.0,0.0,HOLD_CASH
2024-08-22,2,EQR,UDR,68.3768,39.8872,1.0028,0.0,0,0.0,0.0,0.0,HOLD_CASH
2024-08-23,2,EQR,UDR,69.3565,40.5807,1.0028,0.0,0,0.0,0.0,0.0,HOLD_CASH
2024-08-26,2,EQR,UDR,68.6971,40.5057,1.0028,0.0,0,0.0,0.0,0.0,HOLD_CASH
2024-08-27,2,EQR,UDR,69.1775,40.8993,1.0028,0.0,0,0.0,0.0,0.0,HOLD_CASH
2024-08-28,2,EQR,UDR,69.884,41.4148,1.0028,0.0,0,0.0,0.0,0.0,HOLD_CASH
2024-08-29,2,EQR,UDR,69.7427,41.3398,1.0028,0.0,0,0.0,0.0,0.0,HOLD_CASH
2024-08-30,2,EQR,UDR,70.5339,41.7147,1.0028,0.0,0,0.0,0.0,0.0,HOLD_CASH
2024-09-03,2,EQR,UDR,71.2686,42.0989,1.0028,0.0,0,0.0,0.0,0.0,HOLD_CASH
2024-09-04,2,EQR,UDR,71.0991,41.7897,1.0028,0.0,0,0.0,0.0,0.0,HOLD_CASH
2024-09-05,2,EQR,UDR,71.0237,41.6303,1.0028,0.0,0,0.0,0.0,0.0,HOLD_CASH
2024-09-06,2,EQR,UDR,70.0253,41.2836,1.0028,0.0,0,0.0,0.0,0.0,HOLD_CASH
2024-09-09,2,EQR,UDR,70.7412,41.7241,1.0028,0.0,0,0.0,0.0,0.0,HOLD_CASH
2024-09-10,2,EQR,UDR,72.4178,42.7269,1.0028,-0.7855,0,0.0,0.0,0.0,HOLD_CASH
2024-09-11,2,EQR,UDR,72.2766,43.0924,1.0028,-1.9382,0,0.0,0.0,0.0,HOLD_CASH
2024-09-12,2,EQR,UDR,72.8888,43.6266,1.0028,-2.0427,1,0.0,-0.0833,-0.0833,ENTER_LONG_A
2024-09-13,2,EQR,UDR,73.5482,44.1702,1.0028,-2.0778,1,-0.1435,-0.0833,-0.2268,HOLDING
2024-09-16,2,EQR,UDR,73.2562,44.0202,1.0028,-1.8766,1,-0.1668,-0.0833,-0.2501,HOLDING
2024-09-17,2,EQR,UDR,72.8511,43.4579,1.0028,-1.0167,1,0.1398,-0.0833,0.0565,HOLDING
2024-09-18,2,EQR,UDR,72.6062,43.2892,1.0028,-0.88,1,0.1614,-0.0833,0.078,HOLDING
2024-09-19,2,EQR,UDR,72.5874,43.2517,1.0028,-0.7357,1,0.1865,-0.0833,0.1031,HOLDING
2024-09-20,2,EQR,UDR,72.1352,42.755,1.0028,-0.0063,1,0.4034,-0.0833,0.3201,HOLDING
2024-09-23,2,EQR,UDR,72.9453,43.4391,1.0028,-0.5567,1,0.2115,-0.0833,0.1282,HOLDING
2024-09-24,2,EQR,UDR,71.5342,43.1299,1.0028,-1.9579,1,-0.2982,-0.0833,-0.3815,HOLDING
2024-09-25,2,EQR,UDR,71.4487,42.8112,1.0028,-1.0422,1,-0.0423,-0.0833,-0.1256,HOLDING
2024-09-26,2,EQR,UDR,70.6125,42.3707,1.0028,-1.1051,1,-0.0983,-0.0833,-0.1817,HOLDING
2024-09-27,2,EQR,UDR,70.2894,42.1645,1.0028,-0.9721,1,-0.0856,-0.0833,-0.1689,HOLDING
2024-09-30,2,EQR,UDR,70.755,42.4926,1.0028,-1.006,1,-0.1335,-0.0833,-0.2168,HOLDING
2024-10-01,2,EQR,UDR,70.2039,42.0802,1.0028,-0.6964,1,-0.0537,-0.0833,-0.1371,HOLDING
2024-10-02,2,EQR,UDR,70.1849,42.277,1.0028,-1.1897,1,-0.2528,-0.0833,-0.3361,HOLDING
2024-10-03,2,EQR,UDR,69.6908,41.8928,1.0028,-0.885,1,-0.1674,-0.0833,-0.2507,HOLDING
2024-10-04,2,EQR,UDR,69.8713,41.7897,1.0028,-0.0652,1,0.0343,-0.0833,-0.049,HOLDING
2024-10-07,2,EQR,UDR,69.2631,41.4335,1.0028,0.0257,1,0.0277,-0.0833,-0.0556,HOLDING
2024-10-08,2,EQR,UDR,69.2441,41.3304,1.0028,0.6777,1,0.1155,-0.0833,0.0322,HOLDING
2024-10-09,2,EQR,UDR,69.0066,41.3679,1.0028,-0.2692,1,-0.056,-0.0833,-0.1393,HOLDING
2024-10-10,2,EQR,UDR,68.5695,41.0793,1.0028,-0.1032,1,-0.0295,-0.0833,-0.1128,HOLDING
2024-10-11,2,EQR,UDR,69.4532,41.3727,1.0028,1.1121,1,0.1945,-0.0833,0.1111,HOLDING
2024-10-14,2,EQR,UDR,69.9663,41.5808,1.0028,1.4633,1,0.2883,-0.0833,0.2049,HOLDING
2024-10-15,2,EQR,UDR,70.2799,42.1202,1.0028,-0.3673,1,-0.0486,-0.0833,-0.132,HOLDING
2024-10-16,2,EQR,UDR,70.9736,42.4325,1.0028,0.2064,1,0.0487,-0.0833,-0.0346,HOLDING
2024-10-17,2,EQR,UDR,71.1446,41.9404,1.0028,2.6435,1,0.617,-0.0833,0.5336,HOLDING
2024-10-18,2,EQR,UDR,71.8668,42.3663,1.0028,2.3423,1,0.6219,-0.0833,0.5386,HOLDING
2024-10-21,2,EQR,UDR,70.4699,41.4389,1.0028,2.275,1,0.7115,-0.0833,0.6282,HOLDING
2024-10-22,2,EQR,UDR,70.4604,41.8931,1.0028,0.6342,1,0.2717,-0.0833,0.1883,HOLDING
2024-10-23,2,EQR,UDR,72.0854,42.3095,1.0028,2.0809,1,0.801,-0.0833,0.7177,HOLDING
2024-10-24,2,EQR,UDR,72.2754,42.1202,1.0028,2.3703,1,1.0905,-0.0833,1.0072,HOLDING
2024-10-25,2,EQR,UDR,70.9546,41.5146,1.0028,1.6881,1,0.9158,-0.0833,0.8324,HOLDING
2024-10-28,2,EQR,UDR,71.2777,41.7323,1.0028,1.4377,1,0.892,-0.0833,0.8087,HOLDING
2024-10-29,2,EQR,UDR,70.546,41.2686,1.0028,1.3595,1,0.9178,-0.0833,0.8345,HOLDING
2024-10-30,2,EQR,UDR,70.2704,41.2118,1.0028,1.0223,1,0.8148,-0.0833,0.7315,HOLDING
2024-10-31,2,EQR,UDR,66.8685,39.9248,1.0028,-0.776,1,0.1037,-0.0833,0.0204,HOLDING
2024-11-01,2,EQR,UDR,65.6807,39.0826,1.0028,-0.462,1,0.2312,-0.0833,0.1479,HOLDING
2024-11-04,2,EQR,UDR,66.726,39.8112,1.0028,-0.7693,1,0.131,-0.0833,0.0477,HOLDING
2024-11-05,2,EQR,UDR,68.4459,40.8995,1.0028,-0.9259,1,0.072,-0.0833,-0.0113,HOLDING
2024-11-06,2,EQR,UDR,67.8283,40.9468,1.0028,-1.8454,1,-0.3258,-0.0833,-0.4092,HOLDING
2024-11-07,2,EQR,UDR,68.2179,41.2023,1.0028,-1.75,1,-0.3478,-0.0833,-0.4311,HOLDING
2024-11-08,2,EQR,UDR,69.8713,42.0919,1.0028,-1.3908,1,-0.2547,-0.0833,-0.3381,HOLDING
2024-11-11,2,EQR,UDR,69.8428,42.2433,1.0028,-1.553,1,-0.4158,-0.0833,-0.4991,HOLDING
2024-11-12,2,EQR,UDR,69.4152,41.8931,1.0028,-1.3018,1,-0.325,-0.0833,-0.4084,HOLDING
2024-11-13,2,EQR,UDR,70.9261,42.7637,1.0028,-1.1604,1,-0.2952,-0.0833,-0.3785,HOLDING
2024-11-14,2,EQR,UDR,69.4342,42.1581,1.0028,-1.4966,1,-0.5676,-0.0833,-0.6509,HOLDING
2024-11-15,2,EQR,UDR,69.9283,41.931,1.0028,-0.5233,1,-0.0683,-0.0833,-0.1517,HOLDING
2024-11-18,2,EQR,UDR,70.717,42.054,1.0028,0.1283,1,0.2643,-0.0833,0.1809,HOLDING
2024-11-19,2,EQR,UDR,70.793,42.1108,1.0028,0.1093,1,0.2534,-0.0833,0.17,HOLDING
2024-11-20,2,EQR,UDR,70.2419,41.9594,1.0028,-0.1454,1,0.0835,-0.0833,0.0002,HOLDING
2024-11-21,2,EQR,UDR,71.3157,42.4041,1.0028,0.3186,1,0.2711,-0.0833,0.1878,HOLDING
2024-11-22,2,EQR,UDR,72.0189,42.6691,1.0028,0.7277,1,0.4191,-0.0833,0.3358,HOLDING
2024-11-25,2,EQR,UDR,72.608,43.1233,1.0028,0.6208,1,0.321,-0.0833,0.2377,HOLDING
2024-11-26,2,EQR,UDR,73.2637,43.4735,1.0028,0.887,1,0.3604,-0.0833,0.2771,HOLDING
2024-11-27,2,EQR,UDR,73.6248,43.8425,1.0028,0.6613,1,0.2136,-0.0833,0.1302,HOLDING
2024-11-29,2,EQR,UDR,72.8456,43.3978,1.0028,0.5895,1,0.1941,-0.0833,0.1108,HOLDING
2024-12-02,2,EQR,UDR,71.4962,42.8678,1.0028,-0.2021,1,-0.0693,-0.0833,-0.1526,HOLDING
2024-12-03,2,EQR,UDR,70.3464,42.3852,1.0028,-0.7777,1,-0.2641,-0.0833,-0.3474,HOLDING
2024-12-04,2,EQR,UDR,70.1184,42.5745,1.0028,-1.5772,1,-0.5753,-0.0833,-0.6586,HOLDING
2024-12-05,2,EQR,UDR,69.7288,42.3284,1.0028,-1.4511,1,-0.5624,-0.0833,-0.6457,HOLDING
2024-12-06,2,EQR,UDR,70.0804,42.4325,1.0028,-1.1145,1,-0.4612,-0.0833,-0.5445,HOLDING
2024-12-09,2,EQR,UDR,69.9948,42.4798,1.0028,-1.2901,1,-0.5553,-0.0833,-0.6386,HOLDING
2024-12-10,2,EQR,UDR,69.2727,42.1108,1.0028,-1.3954,1,-0.6146,-0.0833,-0.6979,HOLDING
2024-12-11,2,EQR,UDR,69.1586,41.931,1.0028,-1.0611,1,-0.5077,-0.0833,-0.591,HOLDING
2024-12-12,2,EQR,UDR,70.1184,42.4136,1.0028,-0.791,1,-0.4214,-0.0833,-0.5047,HOLDING
2024-12-13,2,EQR,UDR,69.6337,42.0824,1.0028,-0.7368,1,-0.3813,-0.0833,-0.4646,HOLDING
2024-12-16,2,EQR,UDR,69.8048,42.3379,1.0028,-1.032,1,-0.528,-0.0833,-0.6113,HOLDING
2024-12-17,2,EQR,UDR,69.1491,42.0256,1.0028,-1.1214,1,-0.6036,-0.0833,-0.687,HOLDING
2024-12-18,2,EQR,UDR,66.6975,40.644,1.0028,-1.2504,1,-0.6817,-0.0833,-0.7651,HOLDING
2024-12-19,2,EQR,UDR,66.0323,40.1425,1.0028,-0.9069,1,-0.5818,-0.0833,-0.6651,HOLDING
2024-12-20,2,EQR,UDR,67.7998,41.1266,1.0028,-0.6142,1,-0.5141,-0.0833,-0.5974,HOLDING
2024-12-23,2,EQR,UDR,67.8853,41.1266,1.0028,-0.4024,1,-0.4653,-0.0833,-0.5486,HOLDING
2024-12-24,2,EQR,UDR,68.6265,41.3159,1.0028,0.4599,1,-0.2232,-0.0833,-0.3065,HOLDING
2024-12-26,2,EQR,UDR,68.769,41.5241,1.0028,0.2209,1,-0.3409,-0.0833,-0.4242,HOLDING
2024-12-27,2,EQR,UDR,68.0183,41.0793,1.0028,0.3633,1,-0.3441,-0.0833,-0.4274,HOLDING
2024-12-30,2,EQR,UDR,67.6192,40.7576,1.0028,1.1233,1,-0.2642,-0.0833,-0.3475,HOLDING
2024-12-31,2,EQR,UDR,68.1894,41.0793,1.0028,1.4864,1,-0.2464,-0.0833,-0.3298,HOLDING
2025-01-02,2,EQR,UDR,67.2157,40.2466,1.0028,2.6216,1,-0.0058,-0.0833,-0.0891,HOLDING
2025-01-03,2,EQR,UDR,68.0119,40.767,1.0028,1.9796,1,-0.0491,-0.0833,-0.1324,HOLDING
2025-01-06,2,EQR,UDR,65.6041,39.2624,1.0028,1.9631,1,0.0155,-0.0833,-0.0678,HOLDING
2025-01-07,2,EQR,UDR,64.7024,38.8649,1.0028,1.1478,1,-0.1191,-0.0833,-0.2024,HOLDING
2025-01-08,2,EQR,UDR,64.7696,39.0069,1.0028,0.5961,1,-0.2165,-0.0833,-0.2999,HOLDING
2025-01-10,2,EQR,UDR,64.2516,38.3328,1.0028,2.0006,1,0.1325,-0.0833,0.0492,HOLDING
2025-01-13,2,EQR,UDR,66.3907,39.1838,1.0028,2.7767,1,0.5397,-0.0833,0.4564,HOLDING
2025-01-14,2,EQR,UDR,67.0718,39.3846,1.0028,2.5918,1,0.7365,-0.0833,0.6531,HOLDING
2025-01-15,2,EQR,UDR,66.6306,39.2411,1.0028,1.9241,1,0.6218,-0.0833,0.5384,HOLDING
2025-01-16,2,EQR,UDR,67.3884,39.5758,1.0028,1.8669,1,0.7343,-0.0833,0.651,HOLDING
2025-01-17,2,EQR,UDR,66.9279,39.3941,1.0028,1.4884,1,0.6452,-0.0833,0.5619,HOLDING
2025-01-21,2,EQR,UDR,67.2733,39.4993,1.0028,1.5257,1,0.7417,-0.0833,0.6584,HOLDING
2025-01-22,2,EQR,UDR,65.5946,38.7248,1.0028,0.9801,1,0.5242,-0.0833,0.4409,HOLDING
2025-01-23,2,EQR,UDR,65.4123,38.5527,1.0028,1.0239,1,0.5847,-0.0833,0.5014,HOLDING
2025-01-24,2,EQR,UDR,65.4699,38.8587,1.0028,0.3351,1,0.325,-0.0833,0.2416,HOLDING
2025-01-27,2,EQR,UDR,67.2829,39.8531,1.0028,0.4519,1,0.4089,-0.0833,0.3255,HOLDING
2025-01-28,2,EQR,UDR,66.4387,39.4802,1.0028,0.078,1,0.2836,-0.0833,0.2003,HOLDING
2025-01-29,2,EQR,UDR,65.6905,39.0021,1.0028,0.0871,1,0.3137,-0.0833,0.2304,HOLDING
2025-01-30,2,EQR,UDR,66.8992,39.6141,1.0028,0.2915,1,0.4184,-0.0833,0.3351,HOLDING
2025-01-31,2,EQR,UDR,67.7529,39.9105,1.0028,0.8127,1,0.6223,-0.0833,0.539,HOLDING
2025-02-03,2,EQR,UDR,67.4651,39.9009,1.0028,0.2538,1,0.4672,-0.0833,0.3838,HOLDING
2025-02-04,2,EQR,UDR,67.7433,39.8722,1.0028,0.7897,1,0.6534,-0.0833,0.5701,HOLDING
2025-02-05,2,EQR,UDR,68.9999,40.3694,1.0028,1.4343,1,0.8952,-0.0833,0.8119,HOLDING
2025-02-06,2,EQR,UDR,69.1822,41.1057,1.0028,-0.7955,1,0.2951,-0.0833,0.2118,HOLDING
2025-02-07,2,EQR,UDR,68.4244,41.0196,1.0028,-2.3872,1,-0.0552,-0.0833,-0.1385,HOLDING
2025-02-10,2,EQR,UDR,68.0215,40.9431,1.0028,-2.5576,1,-0.212,-0.0833,-0.2953,HOLDING
2025-02-11,2,EQR,UDR,68.5299,40.8762,1.0028,-1.1487,1,0.1422,-0.0833,0.0589,HOLDING
2025-02-12,2,EQR,UDR,68.079,40.685,1.0028,-1.2657,1,0.0,-0.0934,-0.0934,PERIOD_END_EXIT
2024-08-13,3,CMS,FE,63.1305,40.1741,0.9934,0.0,0,0.0,0.0,0.0,HOLD_CASH
2024-08-14,3,CMS,FE,63.3886,40.1646,0.9934,0.0,0,0.0,0.0,0.0,HOLD_CASH
2024-08-15,3,CMS,FE,63.0445,40.2026,0.9934,0.0,0,0.0,0.0,0.0,HOLD_CASH
2024-08-16,3,CMS,FE,63.5129,40.4401,0.9934,0.0,0,0.0,0.0,0.0,HOLD_CASH
2024-08-19,3,CMS,FE,63.5893,40.7156,0.9934,0.0,0,0.0,0.0,0.0,HOLD_CASH
2024-08-20,3,CMS,FE,63.7805,41.0291,0.9934,0.0,0,0.0,0.0,0.0,HOLD_CASH
2024-08-21,3,CMS,FE,64.0386,41.0196,0.9934,0.0,0,0.0,0.0,0.0,HOLD_CASH
2024-08-22,3,CMS,FE,64.2871,41.0386,0.9934,0.0,0,0.0,0.0,0.0,HOLD_CASH
2024-08-23,3,CMS,FE,64.1533,41.0291,0.9934,0.0,0,0.0,0.0,0.0,HOLD_CASH
2024-08-26,3,CMS,FE,64.7172,41.2476,0.9934,0.0,0,0.0,0.0,0.0,HOLD_CASH
2024-08-27,3,CMS,FE,64.4687,41.0196,0.9934,0.0,0,0.0,0.0,0.0,HOLD_CASH
2024-08-28,3,CMS,FE,64.4304,41.5896,0.9934,0.0,0,0.0,0.0,0.0,HOLD_CASH
2024-08-29,3,CMS,FE,64.6789,41.4281,0.9934,0.0,0,0.0,0.0,0.0,HOLD_CASH
2024-08-30,3,CMS,FE,64.8605,41.7225,0.9934,0.0,0,0.0,0.0,0.0,HOLD_CASH
2024-09-03,3,CMS,FE,65.6443,42.093,0.9934,0.0,0,0.0,0.0,0.0,HOLD_CASH
2024-09-04,3,CMS,FE,66.1031,42.3115,0.9934,0.0,0,0.0,0.0,0.0,HOLD_CASH
2024-09-05,3,CMS,FE,65.2906,42.245,0.9934,0.0,0,0.0,0.0,0.0,HOLD_CASH
2024-09-06,3,CMS,FE,65.0039,41.979,0.9934,0.0,0,0.0,0.0,0.0,HOLD_CASH
2024-09-09,3,CMS,FE,66.0649,42.2545,0.9934,0.0,0,0.0,0.0,0.0,HOLD_CASH
2024-09-10,3,CMS,FE,66.4376,42.055,0.9934,1.8206,0,0.0,0.0,0.0,HOLD_CASH
2024-09-11,3,CMS,FE,66.17,41.9411,0.9934,1.4915,0,0.0,0.0,0.0,HOLD_CASH
2024-09-12,3,CMS,FE,66.2464,41.8556,0.9934,1.894,0,0.0,0.0,0.0,HOLD_CASH
2024-09-13,3,CMS,FE,66.992,42.245,0.9934,1.8991,0,0.0,0.0,0.0,HOLD_CASH
2024-09-16,3,CMS,FE,67.3647,42.1215,0.9934,2.4328,-1,0.0,-0.0833,-0.0833,ENTER_SHORT_A
2024-09-17,3,CMS,FE,67.1545,41.5041,0.9934,2.7299,-1,-0.4783,-0.0833,-0.5616,HOLDING
2024-09-18,3,CMS,FE,66.906,41.3141,0.9934,2.2622,-1,-0.5114,-0.0833,-0.5947,HOLDING
2024-09-19,3,CMS,FE,66.17,41.0671,0.9934,1.6324,-1,-0.2982,-0.0833,-0.3815,HOLDING
2024-09-20,3,CMS,FE,66.753,41.7985,0.9934,0.9252,-1,0.0612,-0.0833,-0.0222,HOLDING
2024-09-23,3,CMS,FE,67.1831,41.827,0.9934,1.19,-1,-0.1776,-0.0833,-0.261,HOLDING
2024-09-24,3,CMS,FE,66.9824,41.4661,0.9934,1.3933,-1,-0.409,-0.0833,-0.4923,HOLDING
2024-09-25,3,CMS,FE,66.7435,41.5991,0.9934,0.8817,-1,-0.1296,-0.0833,-0.2129,HOLDING
2024-09-26,3,CMS,FE,66.8582,41.4281,0.9934,1.1309,-1,-0.3693,-0.0833,-0.4527,HOLDING
2024-09-27,3,CMS,FE,67.3169,41.8461,0.9934,0.8434,-1,-0.242,-0.0833,-0.3253,HOLDING
2024-09-30,3,CMS,FE,67.5081,42.131,0.9934,0.5211,-1,-0.0796,-0.0833,-0.1629,HOLDING
2024-10-01,3,CMS,FE,67.9095,42.283,0.9934,0.6017,-1,-0.1789,-0.0833,-0.2622,HOLDING
2024-10-02,3,CMS,FE,68.1007,41.8461,0.9934,1.3607,-1,-0.7283,-0.0833,-0.8117,HOLDING
2024-10-03,3,CMS,FE,67.9956,41.2476,0.9934,2.056,-1,-1.2531,-0.0833,-1.3365,HOLDING
2024-10-04,3,CMS,FE,68.072,41.2856,0.9934,1.9598,-1,-1.2631,-0.0833,-1.3465,HOLDING
2024-10-07,3,CMS,FE,66.6861,40.7251,0.9934,1.3588,-1,-0.9557,-0.0833,-1.039,HOLDING
2024-10-08,3,CMS,FE,66.8773,40.5921,0.9934,1.6476,-1,-1.2054,-0.0833,-1.2887,HOLDING
2024-10-09,3,CMS,FE,66.5427,40.4211,0.9934,1.4559,-1,-1.1664,-0.0833,-1.2497,HOLDING
2024-10-10,3,CMS,FE,66.084,40.2121,0.9934,1.2143,-1,-1.0877,-0.0833,-1.1711,HOLDING
2024-10-11,3,CMS,FE,66.2751,40.5731,0.9934,0.6426,-1,-0.8505,-0.0833,-0.9338,HOLDING
2024-10-14,3,CMS,FE,66.7817,41.0101,0.9934,0.3022,-1,-0.734,-0.0833,-0.8173,HOLDING
2024-10-15,3,CMS,FE,67.1927,41.3236,0.9934,0.1454,-1,-0.68,-0.0833,-0.7633,HOLDING
2024-10-16,3,CMS,FE,68.0242,41.7036,0.9934,0.4113,-1,-0.8214,-0.0833,-0.9047,HOLDING
2024-10-17,3,CMS,FE,67.8713,41.3141,0.9934,0.9717,-1,-1.1105,-0.0833,-1.1938,HOLDING
2024-10-18,3,CMS,FE,68.1389,41.4756,0.9934,0.8969,-1,-1.1173,-0.0833,-1.2007,HOLDING
2024-10-21,3,CMS,FE,68.0242,41.5136,0.9934,0.5674,-1,-1.0087,-0.0833,-1.092,HOLDING
2024-10-22,3,CMS,FE,67.8904,41.6466,0.9934,-0.0059,-1,-0.7945,-0.0833,-0.8779,HOLDING
2024-10-23,3,CMS,FE,68.9131,42.055,0.9934,0.4683,-1,-1.0265,-0.0833,-1.1098,HOLDING
2024-10-24,3,CMS,FE,68.5977,41.884,0.9934,0.3378,-1,-0.9993,-0.0833,-1.0826,HOLDING
2024-10-25,3,CMS,FE,67.6324,41.2381,0.9934,0.4102,-1,-1.0371,-0.0833,-1.1205,HOLDING
2024-10-28,3,CMS,FE,68.0147,41.4946,0.9934,0.2467,-1,-1.0215,-0.0833,-1.1048,HOLDING
2024-10-29,3,CMS,FE,66.4472,40.6871,0.9934,-0.7158,-1,-0.8448,-0.0833,-0.9282,HOLDING
2024-10-30,3,CMS,FE,67.0111,40.0601,0.9934,3.1753,-1,-1.813,-0.0833,-1.8963,HOLDING
2024-10-31,3,CMS,FE,66.5332,39.7371,0.9934,2.5839,-1,-1.8348,-0.0833,-1.9181,HOLDING
2024-11-01,3,CMS,FE,65.2811,39.6421,0.9934,0.3975,-1,-1.1515,-0.0833,-1.2348,HOLDING
2024-11-04,3,CMS,FE,65.3671,39.4711,0.9934,1.0404,-1,-1.3734,-0.0833,-1.4568,HOLDING
2024-11-05,3,CMS,FE,66.0553,39.8036,0.9934,1.2226,-1,-1.4727,-0.0833,-1.556,HOLDING
2024-11-06,3,CMS,FE,64.8605,39.4996,0.9934,-0.0837,-1,-1.031,-0.0833,-1.1143,HOLDING
2024-11-07,3,CMS,FE,63.4268,39.5716,0.9934,-2.4157,-1,-0.0703,-0.0833,-0.1536,HOLDING
2024-11-08,3,CMS,FE,64.2775,39.8691,0.9934,-1.6226,-1,-0.3048,-0.0833,-0.3882,HOLDING
2024-11-11,3,CMS,FE,65.5678,40.0419,0.9934,-0.1662,-1,-0.9353,-0.0833,-1.0186,HOLDING
2024-11-12,3,CMS,FE,65.0899,39.8308,0.9934,-0.3936,-1,-0.8469,-0.0833,-0.9302,HOLDING
2024-11-13,3,CMS,FE,65.1911,39.562,0.9934,0.3692,-1,-1.1746,-0.0833,-1.2579,HOLDING
2024-11-14,3,CMS,FE,64.9214,39.1877,0.9934,0.8336,-1,-1.3763,-0.0833,-1.4596,HOLDING
2024-11-15,3,CMS,FE,65.7111,39.8404,0.9934,0.3984,-1,-1.2229,-0.0833,-1.3062,HOLDING
2024-11-18,3,CMS,FE,65.9711,40.0131,0.9934,0.3359,-1,-1.2139,-0.0833,-1.2973,HOLDING
2024-11-19,3,CMS,FE,66.0386,39.9075,0.9934,0.6169,-1,-1.3599,-0.0833,-1.4432,HOLDING
2024-11-20,3,CMS,FE,65.9904,40.0515,0.9934,0.1785,-1,-1.188,-0.0833,-1.2714,HOLDING
2024-11-21,3,CMS,FE,66.6549,40.5026,0.9934,0.0502,-1,-1.1557,-0.0833,-1.239,HOLDING
2024-11-22,3,CMS,FE,66.9535,40.1091,0.9934,1.2753,-1,-1.7289,-0.0833,-1.8123,HOLDING
2024-11-25,3,CMS,FE,67.098,40.3586,0.9934,0.8281,-1,-1.5725,-0.0833,-1.6559,HOLDING
2024-11-26,3,CMS,FE,67.8492,40.5794,0.9934,1.2106,-1,-1.8211,-0.0833,-1.9044,HOLDING
2024-11-27,3,CMS,FE,67.8877,40.9057,0.9934,0.61,-1,-1.5233,-0.0833,-1.6066,HOLDING
2024-11-29,3,CMS,FE,67.1365,40.8385,0.9934,-0.1888,-1,-1.1233,-0.0833,-1.2067,HOLDING
2024-12-02,3,CMS,FE,65.8748,39.9171,0.9934,0.1598,-1,-1.2488,-0.0833,-1.3321,HOLDING
2024-12-03,3,CMS,FE,65.7304,39.7348,0.9934,0.3945,-1,-1.3389,-0.0833,-1.4223,HOLDING
2024-12-04,3,CMS,FE,65.0081,39.6196,0.9934,-0.3488,-1,-1.0042,-0.0833,-1.0876,HOLDING
2024-12-05,3,CMS,FE,64.8925,39.6772,0.9934,-0.6403,-1,-0.8757,-0.0833,-0.9591,HOLDING
2024-12-06,3,CMS,FE,64.6902,39.3221,0.9934,-0.2539,-1,-1.1004,-0.0833,-1.1837,HOLDING
2024-12-09,3,CMS,FE,65.1525,39.1685,0.9934,1.1468,-1,-1.5386,-0.0833,-1.622,HOLDING
2024-12-10,3,CMS,FE,65.1622,38.8614,0.9934,2.0262,-1,-1.8474,-0.0833,-1.9308,HOLDING
2024-12-11,3,CMS,FE,64.3532,38.5063,0.9934,1.4147,-1,-1.6955,-0.0833,-1.7788,HOLDING
2024-12-12,3,CMS,FE,64.5554,38.6982,0.9934,1.042,-1,-1.6318,-0.0833,-1.7151,HOLDING
2024-12-13,3,CMS,FE,64.8347,38.6502,0.9934,1.6156,-1,-1.8524,-0.0833,-1.9357,HOLDING
2024-12-16,3,CMS,FE,64.2376,38.2951,0.9934,1.4224,-1,-1.832,-0.0833,-1.9153,HOLDING
2024-12-17,3,CMS,FE,64.565,38.2375,0.9934,1.9056,-1,-2.0919,-0.0833,-2.1753,HOLDING
2024-12-18,3,CMS,FE,63.419,37.5657,0.9934,1.6308,-1,-2.0431,-0.0833,-2.1265,HOLDING
2024-12-19,3,CMS,FE,63.3323,37.5849,0.9934,1.2835,-1,-1.9704,-0.0833,-2.0537,HOLDING
2024-12-20,3,CMS,FE,64.1509,38.1895,0.9934,0.8806,-1,-1.8823,-0.0833,-1.9656,HOLDING
2024-12-23,3,CMS,FE,64.2087,38.1319,0.9934,1.0554,-1,-1.9749,-0.0833,-2.0582,HOLDING
2024-12-24,3,CMS,FE,64.3532,38.2855,0.9934,0.8105,-1,-1.9131,-0.0833,-1.9965,HOLDING
2024-12-26,3,CMS,FE,64.4784,38.1991,0.9934,1.1419,-1,-2.076,-0.0833,-2.1594,HOLDING
2024-12-27,3,CMS,FE,64.5843,38.0744,0.9934,1.4294,-1,-2.2648,-0.0833,-2.3481,HOLDING
2024-12-30,3,CMS,FE,64.1702,38.0456,0.9934,0.827,-1,-2.0362,-0.0833,-2.1195,HOLDING
2024-12-31,3,CMS,FE,64.1894,38.1799,0.9934,0.4543,-1,-1.9156,-0.0833,-1.999,HOLDING
2025-01-02,3,CMS,FE,64.0739,38.3047,0.9934,-0.0961,-1,-1.7209,-0.0833,-1.8042,HOLDING
2025-01-03,3,CMS,FE,64.1509,38.3143,0.9934,-0.1148,-1,-1.7593,-0.0833,-1.8426,HOLDING
2025-01-06,3,CMS,FE,63.0049,37.6904,0.9934,-0.5748,-1,-1.6631,-0.0833,-1.7464,HOLDING
2025-01-07,3,CMS,FE,63.2841,37.7288,0.9934,-0.281,-1,-1.7986,-0.0833,-1.8819,HOLDING
2025-01-08,3,CMS,FE,63.8524,38.1703,0.9934,-0.9806,-1,-1.7159,-0.0833,-1.7993,HOLDING
2025-01-10,3,CMS,FE,62.687,37.1626,0.9934,0.8346,-1,-1.9863,-0.0833,-2.0697,HOLDING
2025-01-13,3,CMS,FE,62.5907,37.5849,0.9934,-1.9058,-1,-1.5102,-0.0833,-1.5935,HOLDING
2025-01-14,3,CMS,FE,63.1397,37.5945,0.9934,-0.1768,-1,-1.8414,-0.0833,-1.9247,HOLDING
2025-01-15,3,CMS,FE,64.1509,37.6425,0.9934,2.4463,-1,-2.4216,-0.0833,-2.505,HOLDING
2025-01-16,3,CMS,FE,65.5089,38.4679,0.9934,1.9589,-1,-2.4505,-0.0833,-2.5339,HOLDING
2025-01-17,3,CMS,FE,65.5667,38.2855,0.9934,2.3377,-1,-2.6662,-0.0833,-2.7495,HOLDING
2025-01-21,3,CMS,FE,65.7785,38.6598,0.9934,1.311,-1,-2.4287,-0.0833,-2.512,HOLDING
2025-01-22,3,CMS,FE,64.1413,37.8344,0.9934,0.7521,-1,-2.2264,-0.0833,-2.3097,HOLDING
2025-01-23,3,CMS,FE,63.4286,37.4505,0.9934,0.5593,-1,-2.1627,-0.0833,-2.246,HOLDING
2025-01-24,3,CMS,FE,63.3901,37.6329,0.9934,-0.1583,-1,-1.9589,-0.0833,-2.0423,HOLDING
2025-01-27,3,CMS,FE,64.7095,39.2357,0.9934,-2.3345,-1,-1.1975,-0.0833,-1.2808,HOLDING
2025-01-28,3,CMS,FE,63.1878,38.5734,0.9934,-2.4147,-1,-0.9061,-0.0833,-0.9894,HOLDING
2025-01-29,3,CMS,FE,63.3419,38.0744,0.9934,-0.9174,-1,-1.4938,-0.0833,-1.5771,HOLDING
2025-01-30,3,CMS,FE,63.7561,38.1223,0.9934,-0.402,-1,-1.7035,-0.0833,-1.7868,HOLDING
2025-01-31,3,CMS,FE,63.5634,38.1991,0.9934,-0.7952,-1,-1.5082,-0.0833,-1.5916,HOLDING
2025-02-03,3,CMS,FE,64.0257,38.3911,0.9934,-0.5771,-1,-1.6059,-0.0833,-1.6892,HOLDING
2025-02-04,3,CMS,FE,63.7368,38.3431,0.9934,-0.8201,-1,-1.4739,-0.0833,-1.5572,HOLDING
2025-02-05,3,CMS,FE,64.6421,38.6022,0.9934,-0.1864,-1,-1.7802,-0.0833,-1.8635,HOLDING
2025-02-06,3,CMS,FE,65.8074,38.5159,0.9934,1.3962,-1,-2.5885,-0.0833,-2.6718,HOLDING
2025-02-07,3,CMS,FE,66.1638,38.9572,0.9934,0.8341,-1,-2.3745,-0.0833,-2.4578,HOLDING
2025-02-10,3,CMS,FE,66.626,38.6662,0.9934,1.745,-1,-2.9483,-0.0833,-3.0316,HOLDING
2025-02-11,3,CMS,FE,66.8861,39.2288,0.9934,0.8821,-1,-2.5549,-0.0833,-2.6383,HOLDING
2025-02-12,3,CMS,FE,66.9824,38.802,0.9934,1.5675,-1,0.0,-3.1987,-3.1987,PERIOD_END_EXIT
2024-08-13,4,FE,PPL,40.1741,29.2603,0.7703,0.0,0,0.0,0.0,0.0,HOLD_CASH
2024-08-14,4,FE,PPL,40.1646,29.3833,0.7703,0.0,0,0.0,0.0,0.0,HOLD_CASH
2024-08-15,4,FE,PPL,40.2026,29.3171,0.7703,0.0,0,0.0,0.0,0.0,HOLD_CASH
2024-08-16,4,FE,PPL,40.4401,29.4969,0.7703,0.0,0,0.0,0.0,0.0,HOLD_CASH
2024-08-19,4,FE,PPL,40.7156,29.6956,0.7703,0.0,0,0.0,0.0,0.0,HOLD_CASH
2024-08-20,4,FE,PPL,41.0291,29.7903,0.7703,0.0,0,0.0,0.0,0.0,HOLD_CASH
2024-08-21,4,FE,PPL,41.0196,29.8565,0.7703,0.0,0,0.0,0.0,0.0,HOLD_CASH
2024-08-22,4,FE,PPL,41.0386,29.8565,0.7703,0.0,0,0.0,0.0,0.0,HOLD_CASH
2024-08-23,4,FE,PPL,41.0291,30.0836,0.7703,0.0,0,0.0,0.0,0.0,HOLD_CASH
2024-08-26,4,FE,PPL,41.2476,30.1972,0.7703,0.0,0,0.0,0.0,0.0,HOLD_CASH
2024-08-27,4,FE,PPL,41.0196,30.0268,0.7703,0.0,0,0.0,0.0,0.0,HOLD_CASH
2024-08-28,4,FE,PPL,41.5896,30.0552,0.7703,0.0,0,0.0,0.0,0.0,HOLD_CASH
2024-08-29,4,FE,PPL,41.4281,30.0458,0.7703,0.0,0,0.0,0.0,0.0,HOLD_CASH
2024-08-30,4,FE,PPL,41.7225,30.1972,0.7703,0.0,0,0.0,0.0,0.0,HOLD_CASH
2024-09-03,4,FE,PPL,42.093,30.3864,0.7703,0.0,0,0.0,0.0,0.0,HOLD_CASH
2024-09-04,4,FE,PPL,42.3115,30.4811,0.7703,0.0,0,0.0,0.0,0.0,HOLD_CASH
2024-09-05,4,FE,PPL,42.245,30.4243,0.7703,0.0,0,0.0,0.0,0.0,HOLD_CASH
2024-09-06,4,FE,PPL,41.979,30.3486,0.7703,0.0,0,0.0,0.0,0.0,HOLD_CASH
2024-09-09,4,FE,PPL,42.2545,30.6987,0.7703,0.0,0,0.0,0.0,0.0,HOLD_CASH
2024-09-10,4,FE,PPL,42.055,30.6777,0.7703,0.2151,0,0.0,0.0,0.0,HOLD_CASH
2024-09-11,4,FE,PPL,41.9411,30.4774,0.7703,0.4567,0,0.0,0.0,0.0,HOLD_CASH
2024-09-12,4,FE,PPL,41.8556,30.487,0.7703,0.0664,0,0.0,0.0,0.0,HOLD_CASH
2024-09-13,4,FE,PPL,42.245,30.9639,0.7703,-0.4017,0,0.0,0.0,0.0,HOLD_CASH
2024-09-16,4,FE,PPL,42.1215,31.1738,0.7703,-1.602,0,0.0,0.0,0.0,HOLD_CASH
2024-09-17,4,FE,PPL,41.5041,30.9067,0.7703,-2.3565,1,0.0,-0.0833,-0.0833,ENTER_LONG_A
2024-09-18,4,FE,PPL,41.3141,30.6682,0.7703,-1.8681,1,0.0643,-0.0833,-0.019,HOLDING
2024-09-19,4,FE,PPL,41.0671,30.3248,0.7703,-1.4121,1,0.1871,-0.0833,0.1037,HOLDING
2024-09-20,4,FE,PPL,41.7985,30.9639,0.7703,-1.1414,1,0.2669,-0.0833,0.1835,HOLDING
2024-09-23,4,FE,PPL,41.827,31.3264,0.7703,-1.8008,1,-0.1261,-0.0833,-0.2094,HOLDING
2024-09-24,4,FE,PPL,41.4661,31.0688,0.7703,-1.775,1,-0.2333,-0.0833,-0.3167,HOLDING
2024-09-25,4,FE,PPL,41.5991,31.231,0.7703,-1.6436,1,-0.2728,-0.0833,-0.3561,HOLDING
2024-09-26,4,FE,PPL,41.4281,31.0975,0.7703,-1.5087,1,-0.31,-0.0833,-0.3934,HOLDING
2024-09-27,4,FE,PPL,41.8461,31.3646,0.7703,-1.1173,1,-0.1493,-0.0833,-0.2326,HOLDING
2024-09-30,4,FE,PPL,42.131,31.5553,0.7703,-0.8646,1,-0.0499,-0.0833,-0.1332,HOLDING
2024-10-01,4,FE,PPL,42.283,31.6984,0.7703,-0.7724,1,-0.0454,-0.0833,-0.1287,HOLDING
2024-10-02,4,FE,PPL,41.8461,31.5363,0.7703,-1.1826,1,-0.3508,-0.0833,-0.4341,HOLDING
2024-10-03,4,FE,PPL,41.2476,31.2405,0.7703,-1.6344,1,-0.6826,-0.0833,-0.7659,HOLDING
2024-10-04,4,FE,PPL,41.2856,31.0498,0.7703,-1.0736,1,-0.4157,-0.0833,-0.499,HOLDING
2024-10-07,4,FE,PPL,40.7251,30.4011,0.7703,-0.7691,1,-0.2903,-0.0833,-0.3737,HOLDING
2024-10-08,4,FE,PPL,40.5921,30.6396,0.7703,-1.5317,1,-0.721,-0.0833,-0.8043,HOLDING
2024-10-09,4,FE,PPL,40.4211,30.382,0.7703,-1.2502,1,-0.6127,-0.0833,-0.6961,HOLDING
2024-10-10,4,FE,PPL,40.2121,30.0195,0.7703,-0.7596,1,-0.4245,-0.0833,-0.5078,HOLDING
2024-10-11,4,FE,PPL,40.5731,30.2485,0.7703,-0.2766,1,-0.2837,-0.0833,-0.367,HOLDING
2024-10-14,4,FE,PPL,41.0101,30.6014,0.7703,0.1105,1,-0.2021,-0.0833,-0.2855,HOLDING
2024-10-15,4,FE,PPL,41.3236,30.8494,0.7703,0.3884,1,-0.1376,-0.0833,-0.2209,HOLDING
2024-10-16,4,FE,PPL,41.7036,31.1165,0.7703,0.8685,1,-0.0199,-0.0833,-0.1033,HOLDING
2024-10-17,4,FE,PPL,41.3141,30.8781,0.7703,0.3386,1,-0.1819,-0.0833,-0.2652,HOLDING
2024-10-18,4,FE,PPL,41.4756,31.1547,0.7703,-0.1456,1,-0.3233,-0.0833,-0.4066,HOLDING
2024-10-21,4,FE,PPL,41.5136,31.2215,0.7703,-0.2626,1,-0.3585,-0.0833,-0.4419,HOLDING
2024-10-22,4,FE,PPL,41.6466,31.1738,0.7703,0.738,1,-0.1517,-0.0833,-0.2351,HOLDING
2024-10-23,4,FE,PPL,42.055,31.603,0.7703,0.5333,1,-0.1921,-0.0833,-0.2754,HOLDING
2024-10-24,4,FE,PPL,41.884,31.355,0.7703,0.9188,1,-0.095,-0.0833,-0.1784,HOLDING
2024-10-25,4,FE,PPL,41.2381,30.9353,0.7703,-0.202,1,-0.3353,-0.0833,-0.4186,HOLDING
2024-10-28,4,FE,PPL,41.4946,31.2024,0.7703,-0.2325,1,-0.3577,-0.0833,-0.441,HOLDING
2024-10-29,4,FE,PPL,40.6871,30.6396,0.7703,-1.4146,1,-0.6132,-0.0833,-0.6966,HOLDING
2024-10-30,4,FE,PPL,40.0601,30.7541,0.7703,-3.3555,1,-1.4586,-0.0833,-1.542,HOLDING
2024-10-31,4,FE,PPL,39.7371,31.0593,0.7703,-3.3644,1,-2.1831,-0.0833,-2.2664,HOLDING
2024-11-01,4,FE,PPL,39.6421,30.1054,0.7703,-1.2732,1,-1.1717,-0.0833,-1.255,HOLDING
2024-11-04,4,FE,PPL,39.4711,30.5824,0.7703,-2.1842,1,-1.9252,-0.0833,-2.0085,HOLDING
2024-11-05,4,FE,PPL,39.8036,31.0879,0.7703,-2.0816,1,-2.1412,-0.0833,-2.2246,HOLDING
2024-11-06,4,FE,PPL,39.4996,31.0498,0.7703,-2.082,1,-2.4412,-0.0833,-2.5246,HOLDING
2024-11-07,4,FE,PPL,39.5716,30.8494,0.7703,-1.497,1,-2.1246,-0.0833,-2.2079,HOLDING
2024-11-08,4,FE,PPL,39.8691,31.5363,0.7703,-1.7266,1,-2.5929,-0.0833,-2.6763,HOLDING
2024-11-11,4,FE,PPL,40.0419,31.9178,0.7703,-1.7068,1,-2.8446,-0.0833,-2.928,HOLDING
2024-11-12,4,FE,PPL,39.8308,31.708,0.7703,-1.5165,1,-2.8379,-0.0833,-2.9212,HOLDING
2024-11-13,4,FE,PPL,39.562,31.9464,0.7703,-1.7931,1,-3.4225,-0.0833,-3.5058,HOLDING
2024-11-14,4,FE,PPL,39.1877,31.6793,0.7703,-1.6793,1,-3.5337,-0.0833,-3.617,HOLDING
2024-11-15,4,FE,PPL,39.8404,32.1468,0.7703,-1.3221,1,-3.3418,-0.0833,-3.4252,HOLDING
2024-11-18,4,FE,PPL,40.0131,32.4329,0.7703,-1.2766,1,-3.4816,-0.0833,-3.565,HOLDING
2024-11-19,4,FE,PPL,39.9075,32.5665,0.7703,-1.357,1,-3.7581,-0.0833,-3.8414,HOLDING
2024-11-20,4,FE,PPL,40.0515,32.6905,0.7703,-1.2195,1,-3.7403,-0.0833,-3.8236,HOLDING
2024-11-21,4,FE,PPL,40.5026,33.2438,0.7703,-1.1981,1,-3.8777,-0.0833,-3.9611,HOLDING
2024-11-22,4,FE,PPL,40.1091,32.8622,0.7703,-1.1531,1,-3.8764,-0.0833,-3.9597,HOLDING
2024-11-25,4,FE,PPL,40.3586,32.8145,0.7703,-0.7738,1,-3.5374,-0.0833,-3.6207,HOLDING
2024-11-26,4,FE,PPL,40.5794,33.2342,0.7703,-0.9527,1,-3.7795,-0.0833,-3.8628,HOLDING
2024-11-27,4,FE,PPL,40.9057,33.3868,0.7703,-0.622,1,-3.5884,-0.0833,-3.6717,HOLDING
2024-11-29,4,FE,PPL,40.8385,33.3201,0.7703,-0.5572,1,-3.5863,-0.0833,-3.6696,HOLDING
2024-12-02,4,FE,PPL,39.9171,32.8527,0.7703,-1.3279,1,-4.0829,-0.0833,-4.1662,HOLDING
2024-12-03,4,FE,PPL,39.7348,32.6714,0.7703,-1.2766,1,-4.0771,-0.0833,-4.1604,HOLDING
2024-12-04,4,FE,PPL,39.6196,32.452,0.7703,-1.0269,1,-3.9503,-0.0833,-4.0337,HOLDING
2024-12-05,4,FE,PPL,39.6772,32.5188,0.7703,-0.9591,1,-3.9633,-0.0833,-4.0467,HOLDING
2024-12-06,4,FE,PPL,39.3221,32.0514,0.7703,-0.7334,1,-3.8177,-0.0833,-3.9011,HOLDING
2024-12-09,4,FE,PPL,39.1685,31.6221,0.7703,0.1738,1,-3.4883,-0.0833,-3.5716,HOLDING
2024-12-10,4,FE,PPL,38.8614,31.649,0.7703,-0.9972,1,-3.8682,-0.0833,-3.9515,HOLDING
2024-12-11,4,FE,PPL,38.5063,31.4664,0.7703,-1.8346,1,-4.0567,-0.0833,-4.14,HOLDING
2024-12-12,4,FE,PPL,38.6982,31.0434,0.7703,1.1537,1,-3.3427,-0.0833,-3.426,HOLDING
2024-12-13,4,FE,PPL,38.6502,31.0434,0.7703,0.8835,1,-3.3971,-0.0833,-3.4804,HOLDING
2024-12-16,4,FE,PPL,38.2951,31.0722,0.7703,-0.9346,1,-3.8337,-0.0833,-3.917,HOLDING
2024-12-17,4,FE,PPL,38.2375,31.0145,0.7703,-0.86,1,-3.8313,-0.0833,-3.9147,HOLDING
2024-12-18,4,FE,PPL,37.5657,30.3704,0.7703,-1.0763,1,-3.8376,-0.0833,-3.921,HOLDING
2024-12-19,4,FE,PPL,37.5849,30.7838,0.7703,-2.3869,1,-4.3009,-0.0833,-4.3842,HOLDING
2024-12-20,4,FE,PPL,38.1895,31.1779,0.7703,-1.2375,1,-4.0775,-0.0833,-4.1609,HOLDING
2024-12-23,4,FE,PPL,38.1319,31.1587,0.7703,-1.2657,1,-4.1203,-0.0833,-4.2036,HOLDING
2024-12-24,4,FE,PPL,38.2855,31.3414,0.7703,-1.2139,1,-4.1604,-0.0833,-4.2437,HOLDING
2024-12-26,4,FE,PPL,38.1991,31.3606,0.7703,-1.4426,1,-4.2809,-0.0833,-4.3643,HOLDING
2024-12-27,4,FE,PPL,38.0744,31.2645,0.7703,-1.4291,1,-4.3097,-0.0833,-4.393,HOLDING
2024-12-30,4,FE,PPL,38.0456,31.1395,0.7703,-1.0036,1,-4.1957,-0.0833,-4.279,HOLDING
2024-12-31,4,FE,PPL,38.1799,31.2068,0.7703,-0.6711,1,-4.1222,-0.0833,-4.2056,HOLDING
2025-01-02,4,FE,PPL,38.3047,30.9376,0.7703,0.7831,1,-3.6649,-0.0833,-3.7482,HOLDING
2025-01-03,4,FE,PPL,38.3143,31.0241,0.7703,0.489,1,-3.7555,-0.0833,-3.8389,HOLDING
2025-01-06,4,FE,PPL,37.6904,30.505,0.7703,-0.0033,1,-3.854,-0.0833,-3.9374,HOLDING
2025-01-07,4,FE,PPL,37.7288,30.7645,0.7703,-0.7479,1,-4.115,-0.0833,-4.1984,HOLDING
2025-01-08,4,FE,PPL,38.1703,30.928,0.7703,0.4724,1,-3.806,-0.0833,-3.8894,HOLDING
2025-01-10,4,FE,PPL,37.1626,30.505,0.7703,-1.8087,1,-4.4527,-0.0833,-4.5361,HOLDING
2025-01-13,4,FE,PPL,37.5849,30.4569,0.7703,0.0125,1,-3.9174,-0.0833,-4.0007,HOLDING
2025-01-14,4,FE,PPL,37.5945,30.7453,0.7703,-0.9614,1,-4.2449,-0.0833,-4.3282,HOLDING
2025-01-15,4,FE,PPL,37.6425,30.8703,0.7703,-1.2486,1,-4.3371,-0.0833,-4.4204,HOLDING
2025-01-16,4,FE,PPL,38.4679,31.8894,0.7703,-1.6486,1,-4.5965,-0.0833,-4.6798,HOLDING
2025-01-17,4,FE,PPL,38.2855,31.9663,0.7703,-2.3032,1,-4.8936,-0.0833,-4.9769,HOLDING
2025-01-21,4,FE,PPL,38.6598,32.2739,0.7703,-1.6839,1,-4.83,-0.0833,-4.9133,HOLDING
2025-01-22,4,FE,PPL,37.8344,31.3991,0.7703,-1.5715,1,-4.7397,-0.0833,-4.823,HOLDING
2025-01-23,4,FE,PPL,37.4505,31.476,0.7703,-2.491,1,-5.2654,-0.0833,-5.3487,HOLDING
2025-01-24,4,FE,PPL,37.6329,31.6106,0.7703,-1.9452,1,-5.2164,-0.0833,-5.2998,HOLDING
2025-01-27,4,FE,PPL,39.2357,32.2163,0.7703,0.7567,1,-4.1091,-0.0833,-4.1925,HOLDING
2025-01-28,4,FE,PPL,38.5734,31.5721,0.7703,0.5829,1,-4.1045,-0.0833,-4.1879,HOLDING
2025-01-29,4,FE,PPL,38.0744,31.4664,0.7703,-0.4211,1,-4.5465,-0.0833,-4.6299,HOLDING
2025-01-30,4,FE,PPL,38.1223,32.1778,0.7703,-1.7189,1,-5.3268,-0.0833,-5.4101,HOLDING
2025-01-31,4,FE,PPL,38.1991,32.3028,0.7703,-1.5808,1,-5.3863,-0.0833,-5.4696,HOLDING
2025-02-03,4,FE,PPL,38.3911,32.5047,0.7703,-1.4169,1,-5.4055,-0.0833,-5.4888,HOLDING
2025-02-04,4,FE,PPL,38.3431,32.3124,0.7703,-1.0387,1,-5.2343,-0.0833,-5.3176,HOLDING
2025-02-05,4,FE,PPL,38.6022,32.6104,0.7703,-0.9719,1,-5.29,-0.0833,-5.3734,HOLDING
2025-02-06,4,FE,PPL,38.5159,32.7931,0.7703,-1.3896,1,-5.6023,-0.0833,-5.6857,HOLDING
2025-02-07,4,FE,PPL,38.9572,32.8219,0.7703,-0.3796,1,-5.1356,-0.0833,-5.2189,HOLDING
2025-02-10,4,FE,PPL,38.6662,32.9085,0.7703,-1.1585,1,-5.5671,-0.0833,-5.6505,HOLDING
2025-02-11,4,FE,PPL,39.2288,33.1873,0.7703,-0.3482,1,-5.2561,-0.0833,-5.3395,HOLDING
2025-02-12,4,FE,PPL,38.802,33.1873,0.7703,-1.3074,1,0.0,-5.9065,-5.9065,PERIOD_END_EXIT
2024-08-13,5,CPT,EQR,113.1927,67.0204,1.0245,0.0,0,0.0,0.0,0.0,HOLD_CASH
2024-08-14,5,CPT,EQR,113.4199,67.0581,1.0245,0.0,0,0.0,0.0,0.0,HOLD_CASH
2024-08-15,5,CPT,EQR,113.4104,67.1052,1.0245,0.0,0,0.0,0.0,0.0,HOLD_CASH
2024-08-16,5,CPT,EQR,113.2495,67.2653,1.0245,0.0,0,0.0,0.0,0.0,HOLD_CASH
2024-08-19,5,CPT,EQR,113.0318,67.4349,1.0245,0.0,0,0.0,0.0,0.0,HOLD_CASH
2024-08-20,5,CPT,EQR,113.4483,67.8022,1.0245,0.0,0,0.0,0.0,0.0,HOLD_CASH
2024-08-21,5,CPT,EQR,113.808,68.1131,1.0245,0.0,0,0.0,0.0,0.0,HOLD_CASH
2024-08-22,5,CPT,EQR,114.5274,68.3768,1.0245,0.0,0,0.0,0.0,0.0,HOLD_CASH
2024-08-23,5,CPT,EQR,116.0514,69.3565,1.0245,0.0,0,0.0,0.0,0.0,HOLD_CASH
2024-08-26,5,CPT,EQR,116.3448,68.6971,1.0245,0.0,0,0.0,0.0,0.0,HOLD_CASH
2024-08-27,5,CPT,EQR,117.3009,69.1775,1.0245,0.0,0,0.0,0.0,0.0,HOLD_CASH
2024-08-28,5,CPT,EQR,118.0676,69.884,1.0245,0.0,0,0.0,0.0,0.0,HOLD_CASH
2024-08-29,5,CPT,EQR,117.3293,69.7427,1.0245,0.0,0,0.0,0.0,0.0,HOLD_CASH
2024-08-30,5,CPT,EQR,118.5125,70.5339,1.0245,0.0,0,0.0,0.0,0.0,HOLD_CASH
2024-09-03,5,CPT,EQR,119.8377,71.2686,1.0245,0.0,0,0.0,0.0,0.0,HOLD_CASH
2024-09-04,5,CPT,EQR,118.7208,71.0991,1.0245,0.0,0,0.0,0.0,0.0,HOLD_CASH
2024-09-05,5,CPT,EQR,117.4997,71.0237,1.0245,0.0,0,0.0,0.0,0.0,HOLD_CASH
2024-09-06,5,CPT,EQR,115.6444,70.0253,1.0245,0.0,0,0.0,0.0,0.0,HOLD_CASH
2024-09-09,5,CPT,EQR,114.8398,70.7412,1.0245,0.0,0,0.0,0.0,0.0,HOLD_CASH
2024-09-10,5,CPT,EQR,116.5909,72.4178,1.0245,-2.8017,1,0.0,-0.0833,-0.0833,ENTER_LONG_A
2024-09-11,5,CPT,EQR,115.9851,72.2766,1.0245,-2.3879,1,-0.1316,-0.0833,-0.2149,HOLDING
2024-09-12,5,CPT,EQR,116.5247,72.8888,1.0245,-2.1588,1,-0.2977,-0.0833,-0.381,HOLDING
2024-09-13,5,CPT,EQR,118.8911,73.5482,1.0245,-1.4092,1,0.1539,-0.0833,0.0705,HOLDING
2024-09-16,5,CPT,EQR,118.2569,73.2562,1.0245,-1.3166,1,0.1,-0.0833,0.0166,HOLDING
2024-09-17,5,CPT,EQR,117.3671,72.8511,1.0245,-1.2618,1,0.0217,-0.0833,-0.0616,HOLDING
2024-09-18,5,CPT,EQR,118.5598,72.6062,1.0245,-0.5564,1,0.5854,-0.0833,0.5021,HOLDING
2024-09-19,5,CPT,EQR,119.8945,72.5874,1.0245,0.021,1,1.0676,-0.0833,0.9843,HOLDING
2024-09-20,5,CPT,EQR,118.522,72.1352,1.0245,-0.1785,1,0.8463,-0.0833,0.763,HOLDING
2024-09-23,5,CPT,EQR,120.1028,72.9453,1.0245,-0.0483,1,0.9327,-0.0833,0.8493,HOLDING
2024-09-24,5,CPT,EQR,119.7525,71.5342,1.0245,0.8652,1,1.6308,-0.0833,1.5474,HOLDING
2024-09-25,5,CPT,EQR,119.4212,71.4487,1.0245,0.8687,1,1.5636,-0.0833,1.4803,HOLDING
2024-09-26,5,CPT,EQR,117.7268,70.6125,1.0245,0.821,1,1.4523,-0.0833,1.369,HOLDING
2024-09-27,5,CPT,EQR,117.1021,70.2894,1.0245,0.8414,1,1.4199,-0.0833,1.3366,HOLDING
2024-09-30,5,CPT,EQR,117.9134,70.755,1.0245,0.9,1,1.4352,-0.0833,1.3519,HOLDING
2024-10-01,5,CPT,EQR,117.0257,70.2039,1.0245,0.9845,1,1.4427,-0.0833,1.3594,HOLDING
2024-10-02,5,CPT,EQR,116.7585,70.1849,1.0245,0.8789,1,1.3595,-0.0833,1.2761,HOLDING
2024-10-03,5,CPT,EQR,115.2885,69.6908,1.0245,0.5331,1,1.1282,-0.0833,1.0449,HOLDING
2024-10-04,5,CPT,EQR,115.3648,69.8713,1.0245,0.4078,1,1.05,-0.0833,0.9667,HOLDING
2024-10-07,5,CPT,EQR,114.2099,69.2631,1.0245,0.2898,1,0.9964,-0.0833,0.9131,HOLDING
2024-10-08,5,CPT,EQR,114.5344,69.2441,1.0245,0.4179,1,1.1221,-0.0833,1.0387,HOLDING
2024-10-09,5,CPT,EQR,114.7348,69.0066,1.0245,0.6962,1,1.3312,-0.0833,1.2478,HOLDING
2024-10-10,5,CPT,EQR,113.389,68.5695,1.0245,0.2212,1,1.1106,-0.0833,1.0272,HOLDING
2024-10-11,5,CPT,EQR,113.8853,69.4532,1.0245,-0.6389,1,0.7712,-0.0833,0.6878,HOLDING
2024-10-14,5,CPT,EQR,114.2099,69.9663,1.0245,-1.2621,1,0.5869,-0.0833,0.5036,HOLDING
2024-10-15,5,CPT,EQR,114.2289,70.2799,1.0245,-2.0241,1,0.4111,-0.0833,0.3277,HOLDING
2024-10-16,5,CPT,EQR,115.3553,70.9736,1.0245,-1.9423,1,0.4048,-0.0833,0.3215,HOLDING
2024-10-17,5,CPT,EQR,113.8853,71.1446,1.0245,-2.7019,1,-0.2138,-0.0833,-0.2971,HOLDING
2024-10-18,5,CPT,EQR,115.2503,71.8668,1.0245,-2.1375,1,-0.1524,-0.0833,-0.2358,HOLDING
2024-10-21,5,CPT,EQR,112.7017,70.4699,1.0245,-1.9558,1,-0.2388,-0.0833,-0.3221,HOLDING
2024-10-22,5,CPT,EQR,113.8185,70.4604,1.0245,-1.1575,1,0.161,-0.0833,0.0777,HOLDING
2024-10-23,5,CPT,EQR,115.1453,72.0854,1.0245,-1.7045,1,-0.3168,-0.0833,-0.4001,HOLDING
2024-10-24,5,CPT,EQR,114.878,72.2754,1.0245,-1.7586,1,-0.5218,-0.0833,-0.6051,HOLDING
2024-10-25,5,CPT,EQR,112.9117,70.9546,1.0245,-1.4782,1,-0.4469,-0.0833,-0.5302,HOLDING
2024-10-28,5,CPT,EQR,113.303,71.2777,1.0245,-1.3901,1,-0.4968,-0.0833,-0.5802,HOLDING
2024-10-29,5,CPT,EQR,112.0813,70.546,1.0245,-1.2761,1,-0.5021,-0.0833,-0.5854,HOLDING
2024-10-30,5,CPT,EQR,112.024,70.2704,1.0245,-0.9789,1,-0.3619,-0.0833,-0.4452,HOLDING
2024-10-31,5,CPT,EQR,110.5254,66.8685,1.0245,1.2466,1,1.0901,-0.0833,1.0067,HOLDING
2024-11-01,5,CPT,EQR,108.559,65.6807,1.0245,1.2515,1,1.0875,-0.0833,1.0042,HOLDING
2024-11-04,5,CPT,EQR,110.6399,66.726,1.0245,1.3652,1,1.2135,-0.0833,1.1302,HOLDING
2024-11-05,5,CPT,EQR,112.6349,68.4459,1.0245,0.9209,1,0.9163,-0.0833,0.8329,HOLDING
2024-11-06,5,CPT,EQR,112.1003,67.8283,1.0245,1.2313,1,1.0872,-0.0833,1.0039,HOLDING
2024-11-07,5,CPT,EQR,113.1981,68.2179,1.0245,1.4312,1,1.2479,-0.0833,1.1646,HOLDING
2024-11-08,5,CPT,EQR,116.2048,69.8713,1.0245,1.4227,1,1.3466,-0.0833,1.2633,HOLDING
2024-11-11,5,CPT,EQR,116.4053,69.8428,1.0245,1.4063,1,1.434,-0.0833,1.3506,HOLDING
2024-11-12,5,CPT,EQR,115.3076,69.4152,1.0245,1.1346,1,1.2954,-0.0833,1.2121,HOLDING
2024-11-13,5,CPT,EQR,117.6748,70.9261,1.0245,0.9662,1,1.2514,-0.0833,1.168,HOLDING
2024-11-14,5,CPT,EQR,114.878,69.4342,1.0245,0.7701,1,1.1327,-0.0833,1.0494,HOLDING
2024-11-15,5,CPT,EQR,114.3244,69.9283,1.0245,0.1141,1,0.6495,-0.0833,0.5662,HOLDING
2024-11-18,5,CPT,EQR,114.4389,70.717,1.0245,-0.4646,1,0.2307,-0.0833,0.1473,HOLDING
2024-11-19,5,CPT,EQR,115.7753,70.793,1.0245,0.0556,1,0.6582,-0.0833,0.5749,HOLDING
2024-11-20,5,CPT,EQR,115.0785,70.2419,1.0245,0.0951,1,0.7331,-0.0833,0.6498,HOLDING
2024-11-21,5,CPT,EQR,116.4435,71.3157,1.0245,-0.2023,1,0.5898,-0.0833,0.5064,HOLDING
2024-11-22,5,CPT,EQR,117.3121,72.0189,1.0245,-0.465,1,0.4869,-0.0833,0.4036,HOLDING
2024-11-25,5,CPT,EQR,118.2857,72.608,1.0245,-0.6182,1,0.4876,-0.0833,0.4043,HOLDING
2024-11-26,5,CPT,EQR,120.0421,73.2637,1.0245,-0.3898,1,0.7259,-0.0833,0.6425,HOLDING
2024-11-27,5,CPT,EQR,121.2543,73.6248,1.0245,-0.1117,1,0.9436,-0.0833,0.8602,HOLDING
2024-11-29,5,CPT,EQR,120.0802,72.8456,1.0245,0.051,1,0.9828,-0.0833,0.8995,HOLDING
2024-12-02,5,CPT,EQR,118.3143,71.4962,1.0245,0.5617,1,1.1451,-0.0833,1.0618,HOLDING
2024-12-03,5,CPT,EQR,117.0353,70.3464,1.0245,1.2015,1,1.3631,-0.0833,1.2798,HOLDING
2024-12-04,5,CPT,EQR,116.5866,70.1184,1.0245,1.0526,1,1.3375,-0.0833,1.2542,HOLDING
2024-12-05,5,CPT,EQR,115.9471,69.7288,1.0245,1.0211,1,1.3386,-0.0833,1.2553,HOLDING
2024-12-06,5,CPT,EQR,116.3576,70.0804,1.0245,0.8458,1,1.2788,-0.0833,1.1954,HOLDING
2024-12-09,5,CPT,EQR,117.188,69.9948,1.0245,1.6359,1,1.6218,-0.0833,1.5384,HOLDING
2024-12-10,5,CPT,EQR,116.3862,69.2727,1.0245,1.8554,1,1.7592,-0.0833,1.6759,HOLDING
2024-12-11,5,CPT,EQR,114.983,69.1586,1.0245,0.8362,1,1.3303,-0.0833,1.2469,HOLDING
2024-12-12,5,CPT,EQR,115.4508,70.1184,1.0245,-0.0997,1,0.9365,-0.0833,0.8532,HOLDING
2024-12-13,5,CPT,EQR,114.7062,69.6337,1.0245,-0.0163,1,0.9559,-0.0833,0.8725,HOLDING
2024-12-16,5,CPT,EQR,114.8876,69.8048,1.0245,-0.1427,1,0.9203,-0.0833,0.837,HOLDING
2024-12-17,5,CPT,EQR,113.1981,69.1491,1.0245,-0.7797,1,0.7056,-0.0833,0.6223,HOLDING
2024-12-18,5,CPT,EQR,109.1443,66.6975,1.0245,-0.7426,1,0.7021,-0.0833,0.6187,HOLDING
2024-12-19,5,CPT,EQR,108.3451,66.0323,1.0245,-0.4439,1,0.8073,-0.0833,0.7239,HOLDING
2024-12-20,5,CPT,EQR,110.6464,67.7998,1.0245,-1.1227,1,0.5905,-0.0833,0.5072,HOLDING
2024-12-23,5,CPT,EQR,110.9738,67.8853,1.0245,-1.0025,1,0.6563,-0.0833,0.5729,HOLDING
2024-12-24,5,CPT,EQR,112.11,68.6265,1.0245,-1.1762,1,0.6258,-0.0833,0.5425,HOLDING
2024-12-26,5,CPT,EQR,112.0811,68.769,1.0245,-1.3991,1,0.5326,-0.0833,0.4493,HOLDING
2024-12-27,5,CPT,EQR,110.9545,68.0183,1.0245,-1.1784,1,0.572,-0.0833,0.4887,HOLDING
2024-12-30,5,CPT,EQR,110.5116,67.6192,1.0245,-0.8931,1,0.648,-0.0833,0.5647,HOLDING
2024-12-31,5,CPT,EQR,111.7345,68.1894,1.0245,-0.5775,1,0.7478,-0.0833,0.6644,HOLDING
2025-01-02,5,CPT,EQR,110.4249,67.2157,1.0245,-0.1985,1,0.8524,-0.0833,0.7691,HOLDING
2025-01-03,5,CPT,EQR,112.7262,68.0119,1.0245,0.7863,1,1.2013,-0.0833,1.1179,HOLDING
2025-01-06,5,CPT,EQR,109.2502,65.6041,1.0245,1.3765,1,1.3761,-0.0833,1.2928,HOLDING
2025-01-07,5,CPT,EQR,106.2171,64.7024,1.0245,-0.1291,1,0.8304,-0.0833,0.7471,HOLDING
2025-01-08,5,CPT,EQR,106.92,64.7696,1.0245,0.6279,1,1.0395,-0.0833,0.9561,HOLDING
2025-01-10,5,CPT,EQR,105.1097,64.2516,1.0245,-0.4134,1,0.702,-0.0833,0.6187,HOLDING
2025-01-13,5,CPT,EQR,107.517,66.3907,1.0245,-1.9314,1,0.3062,-0.0833,0.2228,HOLDING
2025-01-14,5,CPT,EQR,108.3451,67.0718,1.0245,-1.983,1,0.2019,-0.0833,0.1186,HOLDING
2025-01-15,5,CPT,EQR,107.6903,66.6306,1.0245,-1.6407,1,0.2277,-0.0833,0.1444,HOLDING
2025-01-16,5,CPT,EQR,108.4702,67.3884,1.0245,-1.8775,1,0.0618,-0.0833,-0.0216,HOLDING
2025-01-17,5,CPT,EQR,108.4221,66.9279,1.0245,-1.0101,1,0.3129,-0.0833,0.2296,HOLDING
2025-01-21,5,CPT,EQR,108.5858,67.2733,1.0245,-1.2991,1,0.1696,-0.0833,0.0863,HOLDING
2025-01-22,5,CPT,EQR,106.8622,65.5946,1.0245,-0.1768,1,0.5387,-0.0833,0.4553,HOLDING
2025-01-23,5,CPT,EQR,105.9282,65.4123,1.0245,-0.7811,1,0.315,-0.0833,0.2317,HOLDING
2025-01-24,5,CPT,EQR,106.5348,65.4699,1.0245,-0.2379,1,0.4957,-0.0833,0.4124,HOLDING
2025-01-27,5,CPT,EQR,109.7509,67.2829,1.0245,-0.0416,1,0.5754,-0.0833,0.492,HOLDING
2025-01-28,5,CPT,EQR,108.4125,66.4387,1.0245,0.0196,1,0.5944,-0.0833,0.5111,HOLDING
2025-01-29,5,CPT,EQR,106.477,65.6905,1.0245,-0.6402,1,0.3468,-0.0833,0.2635,HOLDING
2025-01-30,5,CPT,EQR,108.9998,66.8992,1.0245,-0.1158,1,0.5336,-0.0833,0.4503,HOLDING
2025-01-31,5,CPT,EQR,109.4909,67.7529,1.0245,-0.9375,1,0.2099,-0.0833,0.1265,HOLDING
2025-02-03,5,CPT,EQR,109.2887,67.4651,1.0245,-0.6032,1,0.306,-0.0833,0.2227,HOLDING
2025-02-04,5,CPT,EQR,110.0205,67.7433,1.0245,-0.2582,1,0.4024,-0.0833,0.3191,HOLDING
2025-02-05,5,CPT,EQR,111.9559,68.9999,1.0245,-0.3446,1,0.3539,-0.0833,0.2706,HOLDING
2025-02-06,5,CPT,EQR,113.3329,69.1822,1.0245,1.2109,1,0.7339,-0.0833,0.6506,HOLDING
2025-02-07,5,CPT,EQR,114.7387,68.4244,1.0245,3.5376,1,1.6716,-0.0833,1.5882,HOLDING
2025-02-10,5,CPT,EQR,114.912,68.0215,1.0245,3.0304,1,1.9674,-0.0833,1.884,HOLDING
2025-02-11,5,CPT,EQR,115.3838,68.5299,1.0245,2.2124,1,1.8379,-0.0833,1.7545,HOLDING
2025-02-12,5,CPT,EQR,114.0069,68.079,1.0245,1.606,1,0.0,1.4511,1.4511,PERIOD_END_EXIT
2024-08-13,6,CPT,UDR,113.1927,39.0718,1.0661,0.0,0,0.0,0.0,0.0,HOLD_CASH
2024-08-14,6,CPT,UDR,113.4199,39.1561,1.0661,0.0,0,0.0,0.0,0.0,HOLD_CASH
2024-08-15,6,CPT,UDR,113.4104,39.0062,1.0661,0.0,0,0.0,0.0,0.0,HOLD_CASH
2024-08-16,6,CPT,UDR,113.2495,39.0905,1.0661,0.0,0,0.0,0.0,0.0,HOLD_CASH
2024-08-19,6,CPT,UDR,113.0318,39.3061,1.0661,0.0,0,0.0,0.0,0.0,HOLD_CASH
2024-08-20,6,CPT,UDR,113.4483,39.456,1.0661,0.0,0,0.0,0.0,0.0,HOLD_CASH
2024-08-21,6,CPT,UDR,113.808,39.7185,1.0661,0.0,0,0.0,0.0,0.0,HOLD_CASH
2024-08-22,6,CPT,UDR,114.5274,39.8872,1.0661,0.0,0,0.0,0.0,0.0,HOLD_CASH
2024-08-23,6,CPT,UDR,116.0514,40.5807,1.0661,0.0,0,0.0,0.0,0.0,HOLD_CASH
2024-08-26,6,CPT,UDR,116.3448,40.5057,1.0661,0.0,0,0.0,0.0,0.0,HOLD_CASH
2024-08-27,6,CPT,UDR,117.3009,40.8993,1.0661,0.0,0,0.0,0.0,0.0,HOLD_CASH
2024-08-28,6,CPT,UDR,118.0676,41.4148,1.0661,0.0,0,0.0,0.0,0.0,HOLD_CASH
2024-08-29,6,CPT,UDR,117.3293,41.3398,1.0661,0.0,0,0.0,0.0,0.0,HOLD_CASH
2024-08-30,6,CPT,UDR,118.5125,41.7147,1.0661,0.0,0,0.0,0.0,0.0,HOLD_CASH
2024-09-03,6,CPT,UDR,119.8377,42.0989,1.0661,0.0,0,0.0,0.0,0.0,HOLD_CASH
2024-09-04,6,CPT,UDR,118.7208,41.7897,1.0661,0.0,0,0.0,0.0,0.0,HOLD_CASH
2024-09-05,6,CPT,UDR,117.4997,41.6303,1.0661,0.0,0,0.0,0.0,0.0,HOLD_CASH
2024-09-06,6,CPT,UDR,115.6444,41.2836,1.0661,0.0,0,0.0,0.0,0.0,HOLD_CASH
2024-09-09,6,CPT,UDR,114.8398,41.7241,1.0661,0.0,0,0.0,0.0,0.0,HOLD_CASH
2024-09-10,6,CPT,UDR,116.5909,42.7269,1.0661,-2.6069,1,0.0,-0.0833,-0.0833,ENTER_LONG_A
2024-09-11,6,CPT,UDR,115.9851,43.0924,1.0661,-2.5969,1,-0.5774,-0.0833,-0.6608,HOLDING
2024-09-12,6,CPT,UDR,116.5247,43.6266,1.0661,-2.3767,1,-0.9284,-0.0833,-1.0117,HOLDING
2024-09-13,6,CPT,UDR,118.8911,44.1702,1.0661,-1.8288,1,-0.6568,-0.0833,-0.7401,HOLDING
2024-09-16,6,CPT,UDR,118.2569,44.0202,1.0661,-1.6632,1,-0.7253,-0.0833,-0.8086,HOLDING
2024-09-17,6,CPT,UDR,117.3671,43.4579,1.0661,-1.2983,1,-0.4672,-0.0833,-0.5505,HOLDING
2024-09-18,6,CPT,UDR,118.5598,43.2892,1.0661,-0.7299,1,0.1152,-0.0833,0.0319,HOLDING
2024-09-19,6,CPT,UDR,119.8945,43.2517,1.0661,-0.2485,1,0.6147,-0.0833,0.5313,HOLDING
2024-09-20,6,CPT,UDR,118.522,42.755,1.0661,-0.1549,1,0.6397,-0.0833,0.5564,HOLDING
2024-09-23,6,CPT,UDR,120.1028,43.4391,1.0661,-0.2286,1,0.4981,-0.0833,0.4147,HOLDING
2024-09-24,6,CPT,UDR,119.7525,43.1299,1.0661,0.028,1,0.6882,-0.0833,0.6048,HOLDING
2024-09-25,6,CPT,UDR,119.4212,42.8112,1.0661,0.3216,1,0.8942,-0.0833,0.8109,HOLDING
2024-09-26,6,CPT,UDR,117.7268,42.3707,1.0661,0.2514,1,0.7514,-0.0833,0.668,HOLDING
2024-09-27,6,CPT,UDR,117.1021,42.1645,1.0661,0.3132,1,0.7427,-0.0833,0.6594,HOLDING
2024-09-30,6,CPT,UDR,117.9134,42.4926,1.0661,0.3259,1,0.6933,-0.0833,0.61,HOLDING
2024-10-01,6,CPT,UDR,117.0257,42.0802,1.0661,0.5717,1,0.8012,-0.0833,0.7179,HOLDING
2024-10-02,6,CPT,UDR,116.7585,42.277,1.0661,0.2759,1,0.5107,-0.0833,0.4274,HOLDING
2024-10-03,6,CPT,UDR,115.2885,41.8928,1.0661,0.1909,1,0.3889,-0.0833,0.3055,HOLDING
2024-10-04,6,CPT,UDR,115.3648,41.7897,1.0661,0.4821,1,0.519,-0.0833,0.4357,HOLDING
2024-10-07,6,CPT,UDR,114.2099,41.4335,1.0661,0.4094,1,0.4779,-0.0833,0.3945,HOLDING
2024-10-08,6,CPT,UDR,114.5344,41.3304,1.0661,0.721,1,0.6939,-0.0833,0.6106,HOLDING
2024-10-09,6,CPT,UDR,114.7348,41.3679,1.0661,0.6962,1,0.7255,-0.0833,0.6422,HOLDING
2024-10-10,6,CPT,UDR,113.389,41.0793,1.0661,0.2974,1,0.5504,-0.0833,0.4671,HOLDING
2024-10-11,6,CPT,UDR,113.8853,41.3727,1.0661,-0.104,1,0.4269,-0.0833,0.3435,HOLDING
2024-10-14,6,CPT,UDR,114.2099,41.5808,1.0661,-0.6606,1,0.3296,-0.0833,0.2463,HOLDING
2024-10-15,6,CPT,UDR,114.2289,42.1202,1.0661,-2.9762,1,-0.2066,-0.0833,-0.2899,HOLDING
2024-10-16,6,CPT,UDR,115.3553,42.4325,1.0661,-2.3719,1,-0.1312,-0.0833,-0.2146,HOLDING
2024-10-17,6,CPT,UDR,113.8853,41.9404,1.0661,-2.0213,1,-0.1445,-0.0833,-0.2279,HOLDING
2024-10-18,6,CPT,UDR,115.2503,42.3663,1.0661,-1.6339,1,-0.1009,-0.0833,-0.1842,HOLDING
2024-10-21,6,CPT,UDR,112.7017,41.4389,1.0661,-1.3387,1,-0.0493,-0.0833,-0.1326,HOLDING
2024-10-22,6,CPT,UDR,113.8185,41.8931,1.0661,-1.3665,1,-0.12,-0.0833,-0.2034,HOLDING
2024-10-23,6,CPT,UDR,115.1453,42.3095,1.0661,-1.1403,1,-0.0801,-0.0833,-0.1634,HOLDING
2024-10-24,6,CPT,UDR,114.878,42.1202,1.0661,-0.7888,1,0.0179,-0.0833,-0.0654,HOLDING
2024-10-25,6,CPT,UDR,112.9117,41.5146,1.0661,-0.8971,1,-0.0528,-0.0833,-0.1361,HOLDING
2024-10-28,6,CPT,UDR,113.303,41.7323,1.0661,-1.0291,1,-0.1365,-0.0833,-0.2198,HOLDING
2024-10-29,6,CPT,UDR,112.0813,41.2686,1.0661,-0.8294,1,-0.0925,-0.0833,-0.1758,HOLDING
2024-10-30,6,CPT,UDR,112.024,41.2118,1.0661,-0.6392,1,-0.0551,-0.0833,-0.1385,HOLDING
2024-10-31,6,CPT,UDR,110.5254,39.9248,1.0661,1.6795,1,0.7216,-0.0833,0.6383,HOLDING
2024-11-01,6,CPT,UDR,108.559,39.0826,1.0661,1.9745,1,0.889,-0.0833,0.8056,HOLDING
2024-11-04,6,CPT,UDR,110.6399,39.8112,1.0661,1.7159,1,0.8755,-0.0833,0.7922,HOLDING
2024-11-05,6,CPT,UDR,112.6349,40.8995,1.0661,0.7064,1,0.4705,-0.0833,0.3871,HOLDING
2024-11-06,6,CPT,UDR,112.1003,40.9468,1.0661,0.1796,1,0.2379,-0.0833,0.1546,HOLDING
2024-11-07,6,CPT,UDR,113.1981,41.2023,1.0661,0.5434,1,0.3605,-0.0833,0.2772,HOLDING
2024-11-08,6,CPT,UDR,116.2048,42.0919,1.0661,0.8957,1,0.5055,-0.0833,0.4222,HOLDING
2024-11-11,6,CPT,UDR,116.4053,42.2433,1.0661,0.6559,1,0.4225,-0.0833,0.3391,HOLDING
2024-11-12,6,CPT,UDR,115.3076,41.8931,1.0661,0.5233,1,0.3951,-0.0833,0.3118,HOLDING
2024-11-13,6,CPT,UDR,117.6748,42.7637,1.0661,0.2933,1,0.3379,-0.0833,0.2545,HOLDING
2024-11-14,6,CPT,UDR,114.878,42.1581,1.0661,-0.7104,1,-0.0202,-0.0833,-0.1035,HOLDING
2024-11-15,6,CPT,UDR,114.3244,41.931,1.0661,-0.6316,1,0.0169,-0.0833,-0.0665,HOLDING
2024-11-18,6,CPT,UDR,114.4389,42.054,1.0661,-0.8684,1,-0.0673,-0.0833,-0.1506,HOLDING
2024-11-19,6,CPT,UDR,115.7753,42.1108,1.0661,0.225,1,0.3379,-0.0833,0.2545,HOLDING
2024-11-20,6,CPT,UDR,115.0785,41.9594,1.0661,-0.0815,1,0.2492,-0.0833,0.1658,HOLDING
2024-11-21,6,CPT,UDR,116.4435,42.4041,1.0661,-0.0547,1,0.2738,-0.0833,0.1904,HOLDING
2024-11-22,6,CPT,UDR,117.3121,42.6691,1.0661,-0.0134,1,0.3076,-0.0833,0.2243,HOLDING
2024-11-25,6,CPT,UDR,118.2857,43.1233,1.0661,-0.4688,1,0.1873,-0.0833,0.104,HOLDING
2024-11-26,6,CPT,UDR,120.0421,43.4735,1.0661,0.2701,1,0.4425,-0.0833,0.3592,HOLDING
2024-11-27,6,CPT,UDR,121.2543,43.8425,1.0661,0.3418,1,0.4905,-0.0833,0.4071,HOLDING
2024-11-29,6,CPT,UDR,120.0802,43.3978,1.0661,0.5831,1,0.5319,-0.0833,0.4486,HOLDING
2024-12-02,6,CPT,UDR,118.3143,42.8678,1.0661,0.485,1,0.4543,-0.0833,0.371,HOLDING
2024-12-03,6,CPT,UDR,117.0353,42.3852,1.0661,0.9951,1,0.4976,-0.0833,0.4142,HOLDING
2024-12-04,6,CPT,UDR,116.5866,42.5745,1.0661,-0.8643,1,0.1519,-0.0833,0.0686,HOLDING
2024-12-05,6,CPT,UDR,115.9471,42.3284,1.0661,-0.6841,1,0.1783,-0.0833,0.0949,HOLDING
2024-12-06,6,CPT,UDR,116.3576,42.4325,1.0661,-0.434,1,0.2155,-0.0833,0.1322,HOLDING
2024-12-09,6,CPT,UDR,117.188,42.4798,1.0661,0.9323,1,0.4552,-0.0833,0.3718,HOLDING
2024-12-10,6,CPT,UDR,116.3862,42.1108,1.0661,1.3964,1,0.5492,-0.0833,0.4659,HOLDING
2024-12-11,6,CPT,UDR,114.983,41.931,1.0661,-0.2296,1,0.2447,-0.0833,0.1614,HOLDING
2024-12-12,6,CPT,UDR,115.4508,42.4136,1.0661,-1.7526,1,-0.0792,-0.0833,-0.1625,HOLDING
2024-12-13,6,CPT,UDR,114.7062,42.0824,1.0661,-1.3836,1,-0.0034,-0.0833,-0.0867,HOLDING
2024-12-16,6,CPT,UDR,114.8876,42.3379,1.0661,-2.1122,1,-0.1978,-0.0833,-0.2811,HOLDING
2024-12-17,6,CPT,UDR,113.1981,42.0256,1.0661,-2.7154,1,-0.468,-0.0833,-0.5513,HOLDING
2024-12-18,6,CPT,UDR,109.1443,40.644,1.0661,-2.2738,1,-0.4799,-0.0833,-0.5633,HOLDING
2024-12-19,6,CPT,UDR,108.3451,40.1425,1.0661,-1.3544,1,-0.2517,-0.0833,-0.335,HOLDING
2024-12-20,6,CPT,UDR,110.6464,41.1266,1.0661,-1.6852,1,-0.446,-0.0833,-0.5293,HOLDING
2024-12-23,6,CPT,UDR,110.9738,41.1266,1.0661,-1.215,1,-0.3327,-0.0833,-0.4161,HOLDING
2024-12-24,6,CPT,UDR,112.11,41.3159,1.0661,-0.5901,1,-0.1302,-0.0833,-0.2135,HOLDING
2024-12-26,6,CPT,UDR,112.0811,41.5241,1.0661,-1.0809,1,-0.3497,-0.0833,-0.433,HOLDING
2024-12-27,6,CPT,UDR,110.9545,41.0793,1.0661,-0.8441,1,-0.2918,-0.0833,-0.3751,HOLDING
2024-12-30,6,CPT,UDR,110.5116,40.7576,1.0661,-0.2941,1,-0.1212,-0.0833,-0.2045,HOLDING
2024-12-31,6,CPT,UDR,111.7345,41.0793,1.0661,0.0796,1,-0.022,-0.0833,-0.1053,HOLDING
2025-01-02,6,CPT,UDR,110.4249,40.2466,1.0661,1.356,1,0.3631,-0.0833,0.2797,HOLDING
2025-01-03,6,CPT,UDR,112.7262,40.767,1.0661,1.9318,1,0.6354,-0.0833,0.5521,HOLDING
2025-01-06,6,CPT,UDR,109.2502,39.2624,1.0661,2.3559,1,0.9471,-0.0833,0.8638,HOLDING
2025-01-07,6,CPT,UDR,106.2171,38.8649,1.0661,0.7005,1,0.2978,-0.0833,0.2145,HOLDING
2025-01-08,6,CPT,UDR,106.92,39.0069,1.0661,0.9624,1,0.3981,-0.0833,0.3148,HOLDING
2025-01-10,6,CPT,UDR,105.1097,38.3328,1.0661,1.1242,1,0.4503,-0.0833,0.367,HOLDING
2025-01-13,6,CPT,UDR,107.517,39.1838,1.0661,1.0066,1,0.4267,-0.0833,0.3433,HOLDING
2025-01-14,6,CPT,UDR,108.3451,39.3846,1.0661,1.1044,1,0.5111,-0.0833,0.4277,HOLDING
2025-01-15,6,CPT,UDR,107.6903,39.2411,1.0661,0.8401,1,0.4289,-0.0833,0.3455,HOLDING
2025-01-16,6,CPT,UDR,108.4702,39.5758,1.0661,0.6131,1,0.3619,-0.0833,0.2786,HOLDING
2025-01-17,6,CPT,UDR,108.4221,39.3941,1.0661,0.9153,1,0.5281,-0.0833,0.4447,HOLDING
2025-01-21,6,CPT,UDR,108.5858,39.4993,1.0661,0.7161,1,0.4789,-0.0833,0.3955,HOLDING
2025-01-22,6,CPT,UDR,106.8622,38.7248,1.0661,1.091,1,0.662,-0.0833,0.5787,HOLDING
2025-01-23,6,CPT,UDR,105.9282,38.5527,1.0661,0.6309,1,0.5121,-0.0833,0.4288,HOLDING
2025-01-24,6,CPT,UDR,106.5348,38.8587,1.0661,0.2686,1,0.4141,-0.0833,0.3307,HOLDING
2025-01-27,6,CPT,UDR,109.7509,39.8531,1.0661,0.5111,1,0.5259,-0.0833,0.4425,HOLDING
2025-01-28,6,CPT,UDR,108.4125,39.4802,1.0661,0.1444,1,0.4381,-0.0833,0.3548,HOLDING
2025-01-29,6,CPT,UDR,106.477,39.0021,1.0661,-0.7829,1,0.2497,-0.0833,0.1664,HOLDING
2025-01-30,6,CPT,UDR,108.9998,39.6141,1.0661,0.2653,1,0.5066,-0.0833,0.4233,HOLDING
2025-01-31,6,CPT,UDR,109.4909,39.9105,1.0661,-0.6693,1,0.3782,-0.0833,0.2949,HOLDING
2025-02-03,6,CPT,UDR,109.2887,39.9009,1.0661,-1.0402,1,0.3179,-0.0833,0.2345,HOLDING
2025-02-04,6,CPT,UDR,110.0205,39.8722,1.0661,0.8147,1,0.5999,-0.0833,0.5166,HOLDING
2025-02-05,6,CPT,UDR,111.9559,40.3694,1.0661,2.3899,1,0.769,-0.0833,0.6857,HOLDING
2025-02-06,6,CPT,UDR,113.3329,41.1057,1.0661,0.1479,1,0.5044,-0.0833,0.4211,HOLDING
2025-02-07,6,CPT,UDR,114.7387,41.0196,1.0661,3.1377,1,1.0774,-0.0833,0.9941,HOLDING
2025-02-10,6,CPT,UDR,114.912,40.9431,1.0661,2.7949,1,1.2143,-0.0833,1.131,HOLDING
2025-02-11,6,CPT,UDR,115.3838,40.8762,1.0661,2.7387,1,1.4449,-0.0833,1.3616,HOLDING
2025-02-12,6,CPT,UDR,114.0069,40.685,1.0661,1.6068,1,0.0,0.9973,0.9973,PERIOD_END_EXIT
2024-08-13,7,CPB,KO,45.5724,65.5481,0.8823,0.0,0,0.0,0.0,0.0,HOLD_CASH
2024-08-14,7,CPB,KO,46.4332,65.663,0.8823,0.0,0,0.0,0.0,0.0,HOLD_CASH
2024-08-15,7,CPB,KO,45.7876,65.7301,0.8823,0.0,0,0.0,0.0,0.0,HOLD_CASH
2024-08-16,7,CPB,KO,45.9373,66.2375,0.8823,0.0,0,0.0,0.0,0.0,HOLD_CASH
2024-08-19,7,CPB,KO,46.7325,66.046,0.8823,0.0,0,0.0,0.0,0.0,HOLD_CASH
2024-08-20,7,CPB,KO,47.1255,66.429,0.8823,0.0,0,0.0,0.0,0.0,HOLD_CASH
2024-08-21,7,CPB,KO,47.3313,66.6109,0.8823,0.0,0,0.0,0.0,0.0,HOLD_CASH
2024-08-22,7,CPB,KO,47.3407,66.3811,0.8823,0.0,0,0.0,0.0,0.0,HOLD_CASH
2024-08-23,7,CPB,KO,47.5278,66.8216,0.8823,0.0,0,0.0,0.0,0.0,HOLD_CASH
2024-08-26,7,CPB,KO,47.191,67.8269,0.8823,0.0,0,0.0,0.0,0.0,HOLD_CASH
2024-08-27,7,CPB,KO,46.6296,68.4588,0.8823,0.0,0,0.0,0.0,0.0,HOLD_CASH
2024-08-28,7,CPB,KO,46.9384,68.6982,0.8823,0.0,0,0.0,0.0,0.0,HOLD_CASH
2024-08-29,7,CPB,KO,46.0776,68.9855,0.8823,0.0,0,0.0,0.0,0.0,HOLD_CASH
2024-08-30,7,CPB,KO,46.5173,69.3876,0.8823,0.0,0,0.0,0.0,0.0,HOLD_CASH
2024-09-03,7,CPB,KO,48.0424,69.9046,0.8823,0.0,0,0.0,0.0,0.0,HOLD_CASH
2024-09-04,7,CPB,KO,48.3137,69.4737,0.8823,0.0,0,0.0,0.0,0.0,HOLD_CASH
2024-09-05,7,CPB,KO,48.033,68.1429,0.8823,0.0,0,0.0,0.0,0.0,HOLD_CASH
2024-09-06,7,CPB,KO,48.5476,68.1142,0.8823,0.0,0,0.0,0.0,0.0,HOLD_CASH
2024-09-09,7,CPB,KO,48.4072,68.794,0.8823,0.0,0,0.0,0.0,0.0,HOLD_CASH
2024-09-10,7,CPB,KO,47.8085,68.5067,0.8823,0.1473,0,0.0,0.0,0.0,HOLD_CASH
2024-09-11,7,CPB,KO,45.9747,68.0567,0.8823,-1.5082,0,0.0,0.0,0.0,HOLD_CASH
2024-09-12,7,CPB,KO,46.5735,68.2003,0.8823,-0.8531,0,0.0,0.0,0.0,HOLD_CASH
2024-09-13,7,CPB,KO,47.7991,68.8414,0.8823,0.042,0,0.0,0.0,0.0,HOLD_CASH
2024-09-16,7,CPB,KO,48.2388,69.5066,0.8823,0.06,0,0.0,0.0,0.0,HOLD_CASH
2024-09-17,7,CPB,KO,48.2014,69.2174,0.8823,0.2376,0,0.0,0.0,0.0,HOLD_CASH
2024-09-18,7,CPB,KO,47.7897,69.1692,0.8823,-0.1204,0,0.0,0.0,0.0,HOLD_CASH
2024-09-19,7,CPB,KO,47.5652,68.0798,0.8823,0.4226,0,0.0,0.0,0.0,HOLD_CASH
2024-09-20,7,CPB,KO,47.9114,69.0631,0.8823,0.201,0,0.0,0.0,0.0,HOLD_CASH
2024-09-23,7,CPB,KO,47.2003,69.1499,0.8823,-0.6484,0,0.0,0.0,0.0,HOLD_CASH
2024-09-24,7,CPB,KO,46.4519,68.7643,0.8823,-1.1878,0,0.0,0.0,0.0,HOLD_CASH
2024-09-25,7,CPB,KO,46.3022,68.88,0.8823,-1.3706,0,0.0,0.0,0.0,HOLD_CASH
2024-09-26,7,CPB,KO,46.2367,68.8318,0.8823,-1.3099,0,0.0,0.0,0.0,HOLD_CASH
2024-09-27,7,CPB,KO,46.1805,69.2077,0.8823,-1.6267,0,0.0,0.0,0.0,HOLD_CASH
2024-09-30,7,CPB,KO,45.7689,69.2752,0.8823,-1.9742,0,0.0,0.0,0.0,HOLD_CASH
2024-10-01,7,CPB,KO,45.245,69.1306,0.8823,-2.0445,1,0.0,-0.0833,-0.0833,ENTER_LONG_A
2024-10-02,7,CPB,KO,44.7772,68.4558,0.8823,-1.8136,1,-0.0764,-0.0833,-0.1598,HOLDING
2024-10-03,7,CPB,KO,44.5886,67.9834,0.8823,-1.543,1,0.006,-0.0833,-0.0774,HOLDING
2024-10-04,7,CPB,KO,44.6452,67.646,0.8823,-1.2243,1,0.252,-0.0833,0.1686,HOLDING
2024-10-07,7,CPB,KO,44.4377,66.5277,0.8823,-0.737,1,0.6809,-0.0833,0.5975,HOLDING
2024-10-08,7,CPB,KO,44.8526,66.6916,0.8823,-0.3643,1,0.9942,-0.0833,0.9109,HOLDING
2024-10-09,7,CPB,KO,44.7866,67.0676,0.8823,-0.614,1,0.7172,-0.0833,0.6338,HOLDING
2024-10-10,7,CPB,KO,45.1072,66.7591,0.8823,-0.0936,1,1.2052,-0.0833,1.1218,HOLDING
2024-10-11,7,CPB,KO,44.7017,67.0676,0.8823,-0.5966,1,0.6341,-0.0833,0.5508,HOLDING
2024-10-14,7,CPB,KO,45.3523,67.8099,0.8823,-0.3057,1,0.8513,-0.0833,0.768,HOLDING
2024-10-15,7,CPB,KO,45.5975,67.8099,0.8823,0.0522,1,1.0912,-0.0833,1.0079,HOLDING
2024-10-16,7,CPB,KO,45.588,68.0316,0.8823,-0.0281,1,0.9567,-0.0833,0.8733,HOLDING
2024-10-17,7,CPB,KO,45.9275,67.3857,0.8823,1.1265,1,1.6538,-0.0833,1.5704,HOLDING
2024-10-18,7,CPB,KO,45.7295,67.9063,0.8823,0.5928,1,1.1659,-0.0833,1.0825,HOLDING
2024-10-21,7,CPB,KO,44.5603,66.9519,0.8823,-0.4469,1,0.5611,-0.0833,0.4778,HOLDING
2024-10-22,7,CPB,KO,44.6546,66.9519,0.8823,-0.1856,1,0.6534,-0.0833,0.57,HOLDING
2024-10-23,7,CPB,KO,44.2774,65.5637,0.8823,0.7885,1,1.0687,-0.0833,0.9854,HOLDING
2024-10-24,7,CPB,KO,44.3057,64.8793,0.8823,1.6059,1,1.4831,-0.0833,1.3998,HOLDING
2024-10-25,7,CPB,KO,44.3812,64.5129,0.8823,1.896,1,1.7639,-0.0833,1.6806,HOLDING
2024-10-28,7,CPB,KO,44.9092,64.2719,0.8823,2.4432,1,2.4168,-0.0833,2.3335,HOLDING
2024-10-29,7,CPB,KO,44.0889,63.2018,0.8823,1.9109,1,2.2187,-0.0833,2.1354,HOLDING
2024-10-30,7,CPB,KO,44.0134,63.5489,0.8823,1.367,1,1.9488,-0.0833,1.8655,HOLDING
2024-10-31,7,CPB,KO,43.9851,62.9608,0.8823,1.6918,1,2.2534,-0.0833,2.1701,HOLDING
2024-11-01,7,CPB,KO,43.6834,62.6716,0.8823,1.3717,1,2.1216,-0.0833,2.0383,HOLDING
2024-11-04,7,CPB,KO,43.7306,62.768,0.8823,1.2182,1,2.1133,-0.0833,2.0299,HOLDING
2024-11-05,7,CPB,KO,44.07,63.0187,0.8823,1.3354,1,2.3038,-0.0833,2.2204,HOLDING
2024-11-06,7,CPB,KO,43.5986,61.4087,0.8823,1.8211,1,2.7522,-0.0833,2.6688,HOLDING
2024-11-07,7,CPB,KO,42.5425,61.3702,0.8823,0.3454,1,1.7406,-0.0833,1.6573,HOLDING
2024-11-08,7,CPB,KO,42.9857,61.6208,0.8823,0.6732,1,2.0326,-0.0833,1.9493,HOLDING
2024-11-11,7,CPB,KO,42.2031,61.081,0.8823,-0.0575,1,1.5719,-0.0833,1.4886,HOLDING
2024-11-12,7,CPB,KO,41.7128,60.9267,0.8823,-0.7068,1,1.1793,-0.0833,1.096,HOLDING
2024-11-13,7,CPB,KO,41.7411,60.7339,0.8823,-0.5355,1,1.3159,-0.0833,1.2326,HOLDING
2024-11-14,7,CPB,KO,41.9108,60.3001,0.8823,0.1619,1,1.7271,-0.0833,1.6438,HOLDING
2024-11-15,7,CPB,KO,40.6851,59.5192,0.8823,-1.0957,1,0.9689,-0.0833,0.8856,HOLDING
2024-11-18,7,CPB,KO,41.0339,59.6349,0.8823,-0.7688,1,1.2449,-0.0833,1.1616,HOLDING
2024-11-19,7,CPB,KO,41.0434,60.3387,0.8823,-1.6732,1,0.8565,-0.0833,0.7732,HOLDING
2024-11-20,7,CPB,KO,41.3074,60.7243,0.8823,-1.5828,1,0.897,-0.0833,0.8136,HOLDING
2024-11-21,7,CPB,KO,41.9203,61.4666,0.8823,-1.1923,1,1.0772,-0.0833,0.9939,HOLDING
2024-11-22,7,CPB,KO,42.7028,61.6208,0.8823,0.0775,1,1.7558,-0.0833,1.6725,HOLDING
2024-11-25,7,CPB,KO,43.3063,62.0643,0.8823,0.7185,1,2.0957,-0.0833,2.0124,HOLDING
2024-11-26,7,CPB,KO,43.938,62.2282,0.8823,1.5677,1,2.6213,-0.0833,2.5379,HOLDING
2024-11-27,7,CPB,KO,43.4383,62.1125,0.8823,0.784,1,2.1977,-0.0833,2.1143,HOLDING
2024-11-29,7,CPB,KO,43.5609,62.2436,0.8823,0.853,1,2.2435,-0.0833,2.1602,HOLDING
2024-12-02,7,CPB,KO,43.5891,61.8259,0.8823,1.2632,1,2.5072,-0.0833,2.4239,HOLDING
2024-12-03,7,CPB,KO,42.9291,61.6997,0.8823,0.3057,1,1.9327,-0.0833,1.8494,HOLDING
2024-12-04,7,CPB,KO,40.2514,60.4272,0.8823,-2.3948,1,0.0315,-0.0833,-0.0518,HOLDING
2024-12-05,7,CPB,KO,40.1948,61.1169,0.8823,-2.5004,1,-0.4135,-0.0833,-0.4968,HOLDING
2024-12-06,7,CPB,KO,40.2891,60.738,0.8823,-1.7845,1,-0.1072,-0.0833,-0.1905,HOLDING
2024-12-09,7,CPB,KO,40.6474,60.806,0.8823,-1.2554,1,0.205,-0.0833,0.1216,HOLDING
2024-12-10,7,CPB,KO,41.0528,61.1071,0.8823,-0.9071,1,0.4315,-0.0833,0.3482,HOLDING
2024-12-11,7,CPB,KO,40.5437,60.8449,0.8823,-1.1964,1,0.0815,-0.0833,-0.0018,HOLDING
2024-12-12,7,CPB,KO,40.4682,62.0105,0.8823,-1.7467,1,-0.6509,-0.0833,-0.7342,HOLDING
2024-12-13,7,CPB,KO,40.5342,61.3111,0.8823,-1.1476,1,-0.1911,-0.0833,-0.2745,HOLDING
2024-12-16,7,CPB,KO,40.1288,60.7575,0.8823,-1.124,1,-0.275,-0.0833,-0.3584,HOLDING
2024-12-17,7,CPB,KO,40.5908,61.5831,0.8823,-1.0381,1,-0.2895,-0.0833,-0.3728,HOLDING
2024-12-18,7,CPB,KO,39.2802,61.0489,0.8823,-1.7127,1,-1.27,-0.0833,-1.3534,HOLDING
2024-12-19,7,CPB,KO,39.2048,60.6603,0.8823,-1.4146,1,-1.1243,-0.0833,-1.2076,HOLDING
2024-12-20,7,CPB,KO,39.1293,60.7575,0.8823,-1.3577,1,-1.253,-0.0833,-1.3363,HOLDING
2024-12-23,7,CPB,KO,39.0539,60.5923,0.8823,-1.2081,1,-1.2335,-0.0833,-1.3168,HOLDING
2024-12-24,7,CPB,KO,39.2613,61.0391,0.8823,-1.1289,1,-1.283,-0.0833,-1.3663,HOLDING
2024-12-26,7,CPB,KO,39.3368,60.7769,0.8823,-0.8815,1,-1.061,-0.0833,-1.1443,HOLDING
2024-12-27,7,CPB,KO,39.4216,60.6603,0.8823,-0.6827,1,-0.9121,-0.0833,-0.9954,HOLDING
2024-12-30,7,CPB,KO,39.0539,60.2524,0.8823,-0.7409,1,-1.0414,-0.0833,-1.1247,HOLDING
2024-12-31,7,CPB,KO,39.4876,60.4758,0.8823,-0.3585,1,-0.7432,-0.0833,-0.8266,HOLDING
2025-01-02,7,CPB,KO,40.0016,60.0678,0.8823,0.978,1,-0.0098,-0.0833,-0.0932,HOLDING
2025-01-03,7,CPB,KO,39.7256,59.9804,0.8823,0.6241,1,-0.2305,-0.0833,-0.3138,HOLDING
2025-01-06,7,CPB,KO,38.5454,59.0673,0.8823,-0.5028,1,-0.8694,-0.0833,-0.9527,HOLDING
2025-01-07,7,CPB,KO,38.022,59.0965,0.8823,-1.3326,1,-1.398,-0.0833,-1.4814,HOLDING
2025-01-08,7,CPB,KO,37.3367,59.9415,0.8823,-2.6514,1,-2.546,-0.0833,-2.6294,HOLDING
2025-01-10,7,CPB,KO,35.9186,59.3199,0.8823,-3.065,1,-3.5824,-0.0833,-3.6657,HOLDING
2025-01-13,7,CPB,KO,36.7561,59.8833,0.8823,-2.0519,1,-3.0812,-0.0833,-3.1645,HOLDING
2025-01-14,7,CPB,KO,36.937,60.2621,0.8823,-1.7818,1,-3.1183,-0.0833,-3.2016,HOLDING
2025-01-15,7,CPB,KO,36.8228,59.9998,0.8823,-1.5502,1,-3.0819,-0.0833,-3.1652,HOLDING
2025-01-16,7,CPB,KO,37.3653,60.466,0.8823,-1.1552,1,-2.8145,-0.0833,-2.8978,HOLDING
2025-01-17,7,CPB,KO,37.0988,60.9129,0.8823,-1.4511,1,-3.3277,-0.0833,-3.411,HOLDING
2025-01-21,7,CPB,KO,37.1749,60.6312,0.8823,-1.1259,1,-3.094,-0.0833,-3.1774,HOLDING
2025-01-22,7,CPB,KO,36.4516,60.0095,0.8823,-1.3124,1,-3.4505,-0.0833,-3.5339,HOLDING
2025-01-23,7,CPB,KO,36.7276,59.7667,0.8823,-0.8769,1,-3.0433,-0.0833,-3.1266,HOLDING
2025-01-24,7,CPB,KO,37.0988,60.1455,0.8823,-0.6689,1,-2.8941,-0.0833,-2.9774,HOLDING
2025-01-27,7,CPB,KO,38.06,62.0396,0.8823,-0.6542,1,-3.0238,-0.0833,-3.1071,HOLDING
2025-01-28,7,CPB,KO,37.4509,60.5729,0.8823,-0.4375,1,-2.791,-0.0833,-2.8744,HOLDING
2025-01-29,7,CPB,KO,36.8037,61.0294,0.8823,-1.0816,1,-3.6823,-0.0833,-3.7656,HOLDING
2025-01-30,7,CPB,KO,37.7079,62.2145,0.8823,-0.7673,1,-3.4671,-0.0833,-3.5505,HOLDING
2025-01-31,7,CPB,KO,36.8989,61.6608,0.8823,-1.1121,1,-3.9459,-0.0833,-4.0292,HOLDING
2025-02-03,7,CPB,KO,36.2898,61.5345,0.8823,-1.5715,1,-4.4705,-0.0833,-4.5539,HOLDING
2025-02-04,7,CPB,KO,35.6426,60.874,0.8823,-1.8939,1,-4.7306,-0.0833,-4.8139,HOLDING
2025-02-05,7,CPB,KO,35.4903,61.3111,0.8823,-2.2339,1,-5.1266,-0.0833,-5.2099,HOLDING
2025-02-06,7,CPB,KO,35.6712,61.5442,0.8823,-2.0325,1,-5.0814,-0.0833,-5.1647,HOLDING
2025-02-07,7,CPB,KO,35.7187,62.0105,0.8823,-1.9577,1,-5.2982,-0.0833,-5.3816,HOLDING
2025-02-10,7,CPB,KO,35.5855,62.7001,0.8823,-2.1059,1,-5.8183,-0.0833,-5.9016,HOLDING
2025-02-11,7,CPB,KO,36.1185,65.6627,0.8823,-2.4214,1,-6.9708,-0.0833,-7.0541,HOLDING
2025-02-12,7,CPB,KO,36.2232,66.7409,0.8823,-2.2485,1,0.0,-7.634,-7.634,PERIOD_END_EXIT
2024-08-13,8,PNC,TFC,159.6316,38.8874,0.9293,0.0,0,0.0,0.0,0.0,HOLD_CASH
2024-08-14,8,PNC,TFC,159.7834,39.0833,0.9293,0.0,0,0.0,0.0,0.0,HOLD_CASH
2024-08-15,8,PNC,TFC,163.0574,39.5217,0.9293,0.0,0,0.0,0.0,0.0,HOLD_CASH
2024-08-16,8,PNC,TFC,164.1773,39.6709,0.9293,0.0,0,0.0,0.0,0.0,HOLD_CASH
2024-08-19,8,PNC,TFC,165.6008,40.0627,0.9293,0.0,0,0.0,0.0,0.0,HOLD_CASH
2024-08-20,8,PNC,TFC,164.7372,39.4191,0.9293,0.0,0,0.0,0.0,0.0,HOLD_CASH
2024-08-21,8,PNC,TFC,164.5284,39.2605,0.9293,0.0,0,0.0,0.0,0.0,HOLD_CASH
2024-08-22,8,PNC,TFC,165.9993,39.0553,0.9293,0.0,0,0.0,0.0,0.0,HOLD_CASH
2024-08-23,8,PNC,TFC,169.0172,40.8929,0.9293,0.0,0,0.0,0.0,0.0,HOLD_CASH
2024-08-26,8,PNC,TFC,169.0267,41.2473,0.9293,0.0,0,0.0,0.0,0.0,HOLD_CASH
2024-08-27,8,PNC,TFC,170.0136,40.9582,0.9293,0.0,0,0.0,0.0,0.0,HOLD_CASH
2024-08-28,8,PNC,TFC,172.5095,40.9862,0.9293,0.0,0,0.0,0.0,0.0,HOLD_CASH
2024-08-29,8,PNC,TFC,173.7052,40.9582,0.9293,0.0,0,0.0,0.0,0.0,HOLD_CASH
2024-08-30,8,PNC,TFC,175.6507,41.4712,0.9293,0.0,0,0.0,0.0,0.0,HOLD_CASH
2024-09-03,8,PNC,TFC,175.0908,41.2473,0.9293,0.0,0,0.0,0.0,0.0,HOLD_CASH
2024-09-04,8,PNC,TFC,173.0599,40.6877,0.9293,0.0,0,0.0,0.0,0.0,HOLD_CASH
2024-09-05,8,PNC,TFC,171.7218,40.2493,0.9293,0.0,0,0.0,0.0,0.0,HOLD_CASH
2024-09-06,8,PNC,TFC,167.6886,39.2325,0.9293,0.0,0,0.0,0.0,0.0,HOLD_CASH
2024-09-09,8,PNC,TFC,173.2972,39.7362,0.9293,0.0,0,0.0,0.0,0.0,HOLD_CASH
2024-09-10,8,PNC,TFC,169.6625,39.1019,0.9293,1.6357,0,0.0,0.0,0.0,HOLD_CASH
2024-09-11,8,PNC,TFC,168.0871,38.8501,0.9293,1.3207,0,0.0,0.0,0.0,HOLD_CASH
2024-09-12,8,PNC,TFC,168.5427,38.8314,0.9293,1.3699,0,0.0,0.0,0.0,HOLD_CASH
2024-09-13,8,PNC,TFC,168.201,39.0273,0.9293,0.9113,0,0.0,0.0,0.0,HOLD_CASH
2024-09-16,8,PNC,TFC,171.6934,39.2978,0.9293,1.5276,0,0.0,0.0,0.0,HOLD_CASH
2024-09-17,8,PNC,TFC,172.2343,39.0646,0.9293,1.7748,0,0.0,0.0,0.0,HOLD_CASH
2024-09-18,8,PNC,TFC,173.2592,39.1952,0.9293,1.6845,0,0.0,0.0,0.0,HOLD_CASH
2024-09-19,8,PNC,TFC,177.6531,40.0441,0.9293,1.6967,0,0.0,0.0,0.0,HOLD_CASH
2024-09-20,8,PNC,TFC,176.8559,39.4751,0.9293,1.8105,0,0.0,0.0,0.0,HOLD_CASH
2024-09-23,8,PNC,TFC,175.6507,39.3538,0.9293,1.4906,0,0.0,0.0,0.0,HOLD_CASH
2024-09-24,8,PNC,TFC,175.2047,39.1579,0.9293,1.5085,0,0.0,0.0,0.0,HOLD_CASH
2024-09-25,8,PNC,TFC,172.5,38.9247,0.9293,0.9654,0,0.0,0.0,0.0,HOLD_CASH
2024-09-26,8,PNC,TFC,173.971,39.4844,0.9293,0.6417,0,0.0,0.0,0.0,HOLD_CASH
2024-09-27,8,PNC,TFC,173.7337,39.6616,0.9293,0.2692,0,0.0,0.0,0.0,HOLD_CASH
2024-09-30,8,PNC,TFC,175.4229,39.8948,0.9293,0.4377,0,0.0,0.0,0.0,HOLD_CASH
2024-10-01,8,PNC,TFC,170.7159,38.9154,0.9293,0.1074,0,0.0,0.0,0.0,HOLD_CASH
2024-10-02,8,PNC,TFC,170.2509,38.962,0.9293,-0.2433,0,0.0,0.0,0.0,HOLD_CASH
2024-10-03,8,PNC,TFC,169.2924,38.7009,0.9293,-0.3074,0,0.0,0.0,0.0,HOLD_CASH
2024-10-04,8,PNC,TFC,172.965,39.5404,0.9293,-0.3203,0,0.0,0.0,0.0,HOLD_CASH
2024-10-07,8,PNC,TFC,172.9365,39.1766,0.9293,0.3873,0,0.0,0.0,0.0,HOLD_CASH
2024-10-08,8,PNC,TFC,171.6364,39.2978,0.9293,-0.6002,0,0.0,0.0,0.0,HOLD_CASH
2024-10-09,8,PNC,TFC,173.9235,39.7642,0.9293,-0.4774,0,0.0,0.0,0.0,HOLD_CASH
2024-10-10,8,PNC,TFC,174.0184,39.6336,0.9293,-0.1956,0,0.0,0.0,0.0,HOLD_CASH
2024-10-11,8,PNC,TFC,178.194,40.3519,0.9293,0.4703,0,0.0,0.0,0.0,HOLD_CASH
2024-10-14,8,PNC,TFC,178.9058,40.6597,0.9293,0.0346,0,0.0,0.0,0.0,HOLD_CASH
2024-10-15,8,PNC,TFC,182.5309,40.9582,0.9293,1.5238,0,0.0,0.0,0.0,HOLD_CASH
2024-10-16,8,PNC,TFC,181.7558,41.5365,0.9293,-0.4903,0,0.0,0.0,0.0,HOLD_CASH
2024-10-17,8,PNC,TFC,180.6745,40.0627,0.9293,2.2936,-1,0.0,-0.0833,-0.0833,ENTER_SHORT_A
2024-10-18,8,PNC,TFC,181.2295,40.7343,0.9293,1.0994,-1,0.5402,-0.0833,0.4569,HOLDING
2024-10-21,8,PNC,TFC,177.6505,39.5777,0.9293,1.7008,-1,0.237,-0.0833,0.1536,HOLDING
2024-10-22,8,PNC,TFC,178.2629,40.4731,0.9293,0.0344,-1,0.9877,-0.0833,0.9044,HOLDING
2024-10-23,8,PNC,TFC,180.1099,40.5198,0.9293,0.9535,-1,0.5929,-0.0833,0.5096,HOLDING
2024-10-24,8,PNC,TFC,180.8084,40.5011,0.9293,1.2602,-1,0.4072,-0.0833,0.3239,HOLDING
2024-10-25,8,PNC,TFC,177.8227,39.7642,0.9293,1.1703,-1,0.3827,-0.0833,0.2994,HOLDING
2024-10-28,8,PNC,TFC,181.6601,40.3799,0.9293,1.6135,-1,0.0821,-0.0833,-0.0012,HOLDING
2024-10-29,8,PNC,TFC,179.7653,40.1933,0.9293,0.9606,-1,0.3482,-0.0833,0.2649,HOLDING
2024-10-30,8,PNC,TFC,182.0333,40.3985,0.9293,1.4824,-1,0.0116,-0.0833,-0.0717,HOLDING
2024-10-31,8,PNC,TFC,180.1673,40.156,0.9293,0.9757,-1,0.2147,-0.0833,0.1314,HOLDING
2024-11-01,8,PNC,TFC,179.0954,39.9415,0.9293,0.8034,-1,0.256,-0.0833,0.1727,HOLDING
2024-11-04,8,PNC,TFC,177.9471,39.2419,0.9293,1.5296,-1,-0.1704,-0.0833,-0.2537,HOLDING
2024-11-05,8,PNC,TFC,180.6745,39.4751,0.9293,2.0941,-1,-0.5888,-0.0833,-0.6721,HOLDING
2024-11-06,8,PNC,TFC,196.1485,43.8405,0.9293,0.7173,-1,0.0856,-0.0833,0.0023,HOLDING
2024-11-07,8,PNC,TFC,194.4643,43.0942,0.9293,1.2836,-1,-0.2594,-0.0833,-0.3427,HOLDING
2024-11-08,8,PNC,TFC,195.1916,42.6603,0.9293,2.1231,-1,-0.868,-0.0833,-0.9514,HOLDING
2024-11-11,8,PNC,TFC,200.6845,43.8112,0.9293,2.0536,-1,-1.0281,-0.0833,-1.1114,HOLDING
2024-11-12,8,PNC,TFC,201.9573,44.0188,0.9293,1.875,-1,-1.1244,-0.0833,-1.2077,HOLDING
2024-11-13,8,PNC,TFC,200.2922,43.8772,0.9293,1.3919,-1,-0.8681,-0.0833,-0.9514,HOLDING
2024-11-14,8,PNC,TFC,199.0099,43.632,0.9293,1.1824,-1,-0.8073,-0.0833,-0.8906,HOLDING
2024-11-15,8,PNC,TFC,198.7419,43.915,0.9293,0.5648,-1,-0.4597,-0.0833,-0.543,HOLDING
2024-11-18,8,PNC,TFC,197.9285,44.1414,0.9293,-0.1354,-1,-0.0384,-0.0833,-0.1217,HOLDING
2024-11-19,8,PNC,TFC,196.0433,43.9905,0.9293,-0.7691,-1,0.2611,-0.0833,0.1778,HOLDING
2024-11-20,8,PNC,TFC,195.1724,43.5659,0.9293,-0.4627,-1,0.0439,-0.0833,-0.0394,HOLDING
2024-11-21,8,PNC,TFC,196.895,44.1603,0.9293,-0.8487,-1,0.2276,-0.0833,0.1443,HOLDING
2024-11-22,8,PNC,TFC,201.029,45.2452,0.9293,-1.0409,-1,0.3263,-0.0833,0.243,HOLDING
2024-11-25,8,PNC,TFC,203.3257,45.3772,0.9293,-0.2504,-1,-0.0905,-0.0833,-0.1738,HOLDING
2024-11-26,8,PNC,TFC,204.9813,44.9999,0.9293,1.1377,-1,-0.8643,-0.0833,-0.9477,HOLDING
2024-11-27,8,PNC,TFC,205.7469,45.0471,0.9293,1.2551,-1,-1.0001,-0.0833,-1.0834,HOLDING
2024-11-29,8,PNC,TFC,205.4789,44.981,0.9293,1.1406,-1,-1.0022,-0.0833,-1.0855,HOLDING
2024-12-02,8,PNC,TFC,202.2635,44.3206,0.9293,0.8656,-1,-0.8951,-0.0833,-0.9785,HOLDING
2024-12-03,8,PNC,TFC,200.0146,43.8018,0.9293,0.7668,-1,-0.8774,-0.0833,-0.9607,HOLDING
2024-12-04,8,PNC,TFC,198.9715,43.6037,0.9293,0.6457,-1,-0.8265,-0.0833,-0.9098,HOLDING
2024-12-05,8,PNC,TFC,199.8424,44.4999,0.9293,-0.755,-1,-0.1367,-0.0833,-0.2201,HOLDING
2024-12-06,8,PNC,TFC,199.651,44.5848,0.9293,-0.972,-1,-0.0059,-0.0833,-0.0892,HOLDING
2024-12-09,8,PNC,TFC,195.6988,44.1508,0.9293,-1.726,-1,0.5041,-0.0833,0.4208,HOLDING
2024-12-10,8,PNC,TFC,195.6413,43.8301,0.9293,-1.0507,-1,0.1965,-0.0833,0.1132,HOLDING
2024-12-11,8,PNC,TFC,194.627,43.0754,0.9293,-0.021,-1,-0.3172,-0.0833,-0.4005,HOLDING
2024-12-12,8,PNC,TFC,193.603,43.132,0.9293,-0.5507,-1,-0.0156,-0.0833,-0.099,HOLDING
2024-12-13,8,PNC,TFC,192.8279,43.1886,0.9293,-0.9465,-1,0.2264,-0.0833,0.143,HOLDING
2024-12-16,8,PNC,TFC,191.8996,42.7263,0.9293,-0.4092,-1,-0.0149,-0.0833,-0.0982,HOLDING
2024-12-17,8,PNC,TFC,189.7656,42.5754,0.9293,-1.0868,-1,0.3441,-0.0833,0.2608,HOLDING
2024-12-18,8,PNC,TFC,183.6985,40.6697,0.9293,-0.1978,-1,-0.1148,-0.0833,-0.1981,HOLDING
2024-12-19,8,PNC,TFC,181.8515,40.1414,0.9293,-0.0304,-1,-0.2025,-0.0833,-0.2859,HOLDING
2024-12-20,8,PNC,TFC,184.464,40.8678,0.9293,-0.2972,-1,-0.0993,-0.0833,-0.1826,HOLDING
2024-12-23,8,PNC,TFC,184.8085,41.0754,0.9293,-0.6166,-1,0.0263,-0.0833,-0.0571,HOLDING
2024-12-24,8,PNC,TFC,185.7272,41.4999,0.9293,-1.0102,-1,0.232,-0.0833,0.1487,HOLDING
2024-12-26,8,PNC,TFC,186.3875,41.5093,0.9293,-0.6103,-1,0.0836,-0.0833,0.0003,HOLDING
2024-12-27,8,PNC,TFC,184.9616,41.198,0.9293,-0.6047,-1,0.1126,-0.0833,0.0292,HOLDING
2024-12-30,8,PNC,TFC,184.2439,40.915,0.9293,-0.2446,-1,0.0006,-0.0833,-0.0828,HOLDING
2024-12-31,8,PNC,TFC,184.5501,40.9244,0.9293,0.0441,-1,-0.0632,-0.0833,-0.1465,HOLDING
2025-01-02,8,PNC,TFC,183.153,40.8773,0.9293,-0.8417,-1,0.2236,-0.0833,0.1402,HOLDING
2025-01-03,8,PNC,TFC,187.2105,41.6037,0.9293,0.3268,-1,-0.0186,-0.0833,-0.102,HOLDING
2025-01-06,8,PNC,TFC,187.1722,41.6037,0.9293,0.3211,-1,-0.0095,-0.0833,-0.0928,HOLDING
2025-01-07,8,PNC,TFC,186.3875,41.481,0.9293,-0.01,-1,0.0552,-0.0833,-0.0281,HOLDING
2025-01-08,8,PNC,TFC,186.3014,41.4622,0.9293,-0.1535,-1,0.0569,-0.0833,-0.0264,HOLDING
2025-01-10,8,PNC,TFC,180.885,40.3584,0.9293,-1.3496,-1,0.2459,-0.0833,0.1626,HOLDING
2025-01-13,8,PNC,TFC,184.1482,40.6791,0.9293,1.6911,-1,-0.2128,-0.0833,-0.2962,HOLDING
2025-01-14,8,PNC,TFC,187.2871,41.4244,0.9293,1.5328,-1,-0.2165,-0.0833,-0.2999,HOLDING
2025-01-15,8,PNC,TFC,193.3946,42.8206,0.9293,1.6572,-1,-0.2777,-0.0833,-0.3611,HOLDING
2025-01-16,8,PNC,TFC,189.6316,42.4339,0.9293,-1.1744,-1,0.2343,-0.0833,0.151,HOLDING
2025-01-17,8,PNC,TFC,191.5613,44.9527,0.9293,-4.0331,-1,2.2967,-0.0833,2.2134,HOLDING
2025-01-21,8,PNC,TFC,191.5806,45.1791,0.9293,-2.9913,-1,2.5189,-0.0833,2.4356,HOLDING
2025-01-22,8,PNC,TFC,189.4001,44.3489,0.9293,-2.1506,-1,2.2085,-0.0833,2.1251,HOLDING
2025-01-23,8,PNC,TFC,190.7026,44.1131,0.9293,-1.3432,-1,1.6608,-0.0833,1.5774,HOLDING
2025-01-24,8,PNC,TFC,192.5165,44.3395,0.9293,-0.9967,-1,1.454,-0.0833,1.3706,HOLDING
2025-01-27,8,PNC,TFC,195.7584,44.915,0.9293,-0.6952,-1,1.2555,-0.0833,1.1722,HOLDING
2025-01-28,8,PNC,TFC,194.6296,44.5942,0.9293,-0.5908,-1,1.204,-0.0833,1.1207,HOLDING
2025-01-29,8,PNC,TFC,195.0734,44.7546,0.9293,-0.5838,-1,1.2586,-0.0833,1.1753,HOLDING
2025-01-30,8,PNC,TFC,194.9673,45.3018,0.9293,-1.0651,-1,1.8322,-0.0833,1.7488,HOLDING
2025-01-31,8,PNC,TFC,193.8866,44.9244,0.9293,-0.8644,-1,1.7124,-0.0833,1.6291,HOLDING
2025-02-03,8,PNC,TFC,190.693,44.2357,0.9293,-0.8853,-1,1.7859,-0.0833,1.7026,HOLDING
2025-02-04,8,PNC,TFC,191.9859,44.698,0.9293,-0.93,-1,1.94,-0.0833,1.8567,HOLDING
2025-02-05,8,PNC,TFC,191.899,44.9716,0.9293,-1.114,-1,2.2349,-0.0833,2.1515,HOLDING
2025-02-06,8,PNC,TFC,195.3146,45.4244,0.9293,-0.628,-1,1.872,-0.0833,1.7887,HOLDING
2025-02-07,8,PNC,TFC,193.6647,44.981,0.9293,-0.5228,-1,1.8222,-0.0833,1.7389,HOLDING
2025-02-10,8,PNC,TFC,190.3456,44.481,0.9293,-0.7998,-1,2.1147,-0.0833,2.0314,HOLDING
2025-02-11,8,PNC,TFC,192.2174,44.6603,0.9293,-0.3961,-1,1.8468,-0.0833,1.7635,HOLDING
2025-02-12,8,PNC,TFC,188.715,43.7546,0.9293,-0.2673,-1,0.0,1.6045,1.6045,PERIOD_END_EXIT
2024-08-13,9,DUK,PPL,106.8003,29.2603,0.9787,0.0,0,0.0,0.0,0.0,HOLD_CASH
2024-08-14,9,DUK,PPL,106.5561,29.3833,0.9787,0.0,0,0.0,0.0,0.0,HOLD_CASH
2024-08-15,9,DUK,PPL,106.2274,29.3171,0.9787,0.0,0,0.0,0.0,0.0,HOLD_CASH
2024-08-16,9,DUK,PPL,106.4502,29.4969,0.9787,0.0,0,0.0,0.0,0.0,HOLD_CASH
2024-08-19,9,DUK,PPL,106.8483,29.6956,0.9787,0.0,0,0.0,0.0,0.0,HOLD_CASH
2024-08-20,9,DUK,PPL,106.526,29.7903,0.9787,0.0,0,0.0,0.0,0.0,HOLD_CASH
2024-08-21,9,DUK,PPL,106.8578,29.8565,0.9787,0.0,0,0.0,0.0,0.0,HOLD_CASH
2024-08-22,9,DUK,PPL,106.2796,29.8565,0.9787,0.0,0,0.0,0.0,0.0,HOLD_CASH
2024-08-23,9,DUK,PPL,106.5071,30.0836,0.9787,0.0,0,0.0,0.0,0.0,HOLD_CASH
2024-08-26,9,DUK,PPL,107.1232,30.1972,0.9787,0.0,0,0.0,0.0,0.0,HOLD_CASH
2024-08-27,9,DUK,PPL,106.071,30.0268,0.9787,0.0,0,0.0,0.0,0.0,HOLD_CASH
2024-08-28,9,DUK,PPL,106.8293,30.0552,0.9787,0.0,0,0.0,0.0,0.0,HOLD_CASH
2024-08-29,9,DUK,PPL,107.1042,30.0458,0.9787,0.0,0,0.0,0.0,0.0,HOLD_CASH
2024-08-30,9,DUK,PPL,108.0142,30.1972,0.9787,0.0,0,0.0,0.0,0.0,HOLD_CASH
2024-09-03,9,DUK,PPL,109.7584,30.3864,0.9787,0.0,0,0.0,0.0,0.0,HOLD_CASH
2024-09-04,9,DUK,PPL,110.9622,30.4811,0.9787,0.0,0,0.0,0.0,0.0,HOLD_CASH
2024-09-05,9,DUK,PPL,110.7632,30.4243,0.9787,0.0,0,0.0,0.0,0.0,HOLD_CASH
2024-09-06,9,DUK,PPL,110.5262,30.3486,0.9787,0.0,0,0.0,0.0,0.0,HOLD_CASH
2024-09-09,9,DUK,PPL,111.057,30.6987,0.9787,0.0,0,0.0,0.0,0.0,HOLD_CASH
2024-09-10,9,DUK,PPL,110.839,30.6777,0.9787,0.5273,0,0.0,0.0,0.0,HOLD_CASH
2024-09-11,9,DUK,PPL,110.147,30.4774,0.9787,0.614,0,0.0,0.0,0.0,HOLD_CASH
2024-09-12,9,DUK,PPL,109.929,30.487,0.9787,0.4145,0,0.0,0.0,0.0,HOLD_CASH
2024-09-13,9,DUK,PPL,111.1992,30.9639,0.9787,0.0746,0,0.0,0.0,0.0,HOLD_CASH
2024-09-16,9,DUK,PPL,111.5689,31.1738,0.9787,-0.2345,0,0.0,0.0,0.0,HOLD_CASH
2024-09-17,9,DUK,PPL,110.6494,30.9067,0.9787,-0.1972,0,0.0,0.0,0.0,HOLD_CASH
2024-09-18,9,DUK,PPL,109.8437,30.6682,0.9787,-0.1809,0,0.0,0.0,0.0,HOLD_CASH
2024-09-19,9,DUK,PPL,109.1422,30.3248,0.9787,0.2764,0,0.0,0.0,0.0,HOLD_CASH
2024-09-20,9,DUK,PPL,110.3082,30.9639,0.9787,-0.7743,0,0.0,0.0,0.0,HOLD_CASH
2024-09-23,9,DUK,PPL,111.1992,31.3264,0.9787,-1.1811,0,0.0,0.0,0.0,HOLD_CASH
2024-09-24,9,DUK,PPL,109.9385,31.0688,0.9787,-1.5111,0,0.0,0.0,0.0,HOLD_CASH
2024-09-25,9,DUK,PPL,110.1565,31.231,0.9787,-1.8305,0,0.0,0.0,0.0,HOLD_CASH
2024-09-26,9,DUK,PPL,109.1707,31.0975,0.9787,-2.0639,1,0.0,-0.0833,-0.0833,ENTER_LONG_A
2024-09-27,9,DUK,PPL,109.929,31.3646,0.9787,-1.9199,1,-0.0615,-0.0833,-0.1448,HOLDING
2024-09-30,9,DUK,PPL,109.2939,31.5553,0.9787,-2.3454,1,-0.5594,-0.0833,-0.6427,HOLDING
2024-10-01,9,DUK,PPL,110.166,31.6984,0.9787,-1.7909,1,-0.4126,-0.0833,-0.4959,HOLDING
2024-10-02,9,DUK,PPL,110.602,31.5363,0.9787,-1.0804,1,-0.0294,-0.0833,-0.1128,HOLDING
2024-10-03,9,DUK,PPL,109.7299,31.2405,0.9787,-0.9029,1,0.0261,-0.0833,-0.0572,HOLDING
2024-10-04,9,DUK,PPL,108.109,31.0498,0.9787,-1.3981,1,-0.3463,-0.0833,-0.4297,HOLDING
2024-10-07,9,DUK,PPL,104.488,30.4011,0.9787,-2.0155,1,-0.8835,-0.0833,-0.9668,HOLDING
2024-10-08,9,DUK,PPL,104.9051,30.6396,0.9787,-1.9451,1,-1.0387,-0.0833,-1.122,HOLDING
2024-10-09,9,DUK,PPL,105.5212,30.382,0.9787,-0.974,1,-0.4596,-0.0833,-0.5429,HOLDING
2024-10-10,9,DUK,PPL,107.2275,30.0195,0.9787,0.8714,1,0.6791,-0.0833,0.5957,HOLDING
2024-10-11,9,DUK,PPL,108.2228,30.2485,0.9787,1.0233,1,0.7596,-0.0833,0.6763,HOLDING
2024-10-14,9,DUK,PPL,109.0948,30.6014,0.9787,0.8243,1,0.6282,-0.0833,0.5449,HOLDING
2024-10-15,9,DUK,PPL,111.0191,30.8494,0.9787,1.4317,1,1.0418,-0.0833,0.9585,HOLDING
2024-10-16,9,DUK,PPL,113.5405,31.1165,0.9787,2.0847,1,1.6605,-0.0833,1.5772,HOLDING
2024-10-17,9,DUK,PPL,114.2989,30.8781,0.9787,2.4418,1,2.2691,-0.0833,2.1858,HOLDING
2024-10-18,9,DUK,PPL,114.4695,31.1547,0.9787,1.8084,1,1.9683,-0.0833,1.8849,HOLDING
2024-10-21,9,DUK,PPL,113.6448,31.2215,0.9787,1.2527,1,1.5616,-0.0833,1.4783,HOLDING
2024-10-22,9,DUK,PPL,113.6353,31.1738,0.9787,1.1985,1,1.6212,-0.0833,1.5379,HOLDING
2024-10-23,9,DUK,PPL,114.2894,31.603,0.9787,0.7998,1,1.3046,-0.0833,1.2212,HOLDING
2024-10-24,9,DUK,PPL,112.8201,31.355,0.9787,0.5239,1,1.0665,-0.0833,0.9831,HOLDING
2024-10-25,9,DUK,PPL,111.1044,30.9353,0.9787,0.3841,1,0.9609,-0.0833,0.8776,HOLDING
2024-10-28,9,DUK,PPL,110.9622,31.2024,0.9787,-0.0894,1,0.552,-0.0833,0.4687,HOLDING
2024-10-29,9,DUK,PPL,108.4503,30.6396,0.9787,-0.365,1,0.329,-0.0833,0.2456,HOLDING
2024-10-30,9,DUK,PPL,108.0616,30.7541,0.9787,-0.701,1,0.0273,-0.0833,-0.056,HOLDING
2024-10-31,9,DUK,PPL,109.2655,31.0593,0.9787,-0.641,1,0.0871,-0.0833,0.0038,HOLDING
2024-11-01,9,DUK,PPL,106.8104,30.1054,0.9787,-0.3347,1,0.4044,-0.0833,0.3211,HOLDING
2024-11-04,9,DUK,PPL,106.6587,30.5824,0.9787,-1.2384,1,-0.2863,-0.0833,-0.3696,HOLDING
2024-11-05,9,DUK,PPL,108.1375,31.0879,0.9787,-1.5137,1,-0.386,-0.0833,-0.4693,HOLDING
2024-11-06,9,DUK,PPL,107.7109,31.0498,0.9787,-1.6564,1,-0.4999,-0.0833,-0.5833,HOLDING
2024-11-07,9,DUK,PPL,105.2937,30.8494,0.9787,-2.1072,1,-1.1669,-0.0833,-1.2502,HOLDING
2024-11-08,9,DUK,PPL,107.3317,31.5363,0.9787,-1.8857,1,-1.291,-0.0833,-1.3744,HOLDING
2024-11-11,9,DUK,PPL,106.6018,31.9178,0.9787,-2.1791,1,-2.0783,-0.0833,-2.1617,HOLDING
2024-11-12,9,DUK,PPL,106.052,31.708,0.9787,-1.8205,1,-2.0123,-0.0833,-2.0956,HOLDING
2024-11-13,9,DUK,PPL,105.5117,31.9464,0.9787,-1.908,1,-2.5368,-0.0833,-2.6201,HOLDING
2024-11-14,9,DUK,PPL,104.9146,31.6793,0.9787,-1.6457,1,-2.4132,-0.0833,-2.4965,HOLDING
2024-11-15,9,DUK,PPL,107.3404,32.1468,0.9787,-1.2675,1,-2.0969,-0.0833,-2.1802,HOLDING
2024-11-18,9,DUK,PPL,108.6514,32.4329,0.9787,-1.0582,1,-1.9704,-0.0833,-2.0538,HOLDING
2024-11-19,9,DUK,PPL,108.6897,32.5665,0.9787,-1.0803,1,-2.1327,-0.0833,-2.216,HOLDING
2024-11-20,9,DUK,PPL,108.8428,32.6905,0.9787,-1.0618,1,-2.238,-0.0833,-2.3213,HOLDING
2024-11-21,9,DUK,PPL,109.9146,33.2438,0.9787,-1.1843,1,-2.5578,-0.0833,-2.6412,HOLDING
2024-11-22,9,DUK,PPL,109.7615,32.8622,0.9787,-0.7586,1,-2.1112,-0.0833,-2.1945,HOLDING
2024-11-25,9,DUK,PPL,110.0486,32.8145,0.9787,-0.5302,1,-1.9372,-0.0833,-2.0205,HOLDING
2024-11-26,9,DUK,PPL,112.0007,33.2342,0.9787,-0.2425,1,-1.7404,-0.0833,-1.8237,HOLDING
2024-11-27,9,DUK,PPL,112.3644,33.3868,0.9787,-0.2206,1,-1.8024,-0.0833,-1.8858,HOLDING
2024-11-29,9,DUK,PPL,112.0103,33.3201,0.9787,-0.1912,1,-1.8505,-0.0833,-1.9338,HOLDING
2024-12-02,9,DUK,PPL,110.2208,32.8527,0.9787,-0.2081,1,-1.9213,-0.0833,-2.0046,HOLDING
2024-12-03,9,DUK,PPL,108.7471,32.6714,0.9787,-0.6575,1,-2.2496,-0.0833,-2.3329,HOLDING
2024-12-04,9,DUK,PPL,108.4026,32.452,0.9787,-0.3253,1,-2.0917,-0.0833,-2.175,HOLDING
2024-12-05,9,DUK,PPL,109.1012,32.5188,0.9787,0.2894,1,-1.9107,-0.0833,-1.994,HOLDING
2024-12-06,9,DUK,PPL,107.2734,32.0514,0.9787,0.0833,1,-1.9963,-0.0833,-2.0796,HOLDING
2024-12-09,9,DUK,PPL,107.0438,31.6221,0.9787,1.8866,1,-1.5159,-0.0833,-1.5992,HOLDING
2024-12-10,9,DUK,PPL,106.3261,31.649,0.9787,0.6362,1,-1.8285,-0.0833,-1.9118,HOLDING
2024-12-11,9,DUK,PPL,104.8715,31.4664,0.9787,-0.6017,1,-2.1475,-0.0833,-2.2308,HOLDING
2024-12-12,9,DUK,PPL,104.46,31.0434,0.9787,0.7817,1,-1.7455,-0.0833,-1.8289,HOLDING
2024-12-13,9,DUK,PPL,104.1347,31.0434,0.9787,0.154,1,-1.8711,-0.0833,-1.9544,HOLDING
2024-12-16,9,DUK,PPL,102.8141,31.0722,0.9787,-2.0899,1,-2.4187,-0.0833,-2.5021,HOLDING
2024-12-17,9,DUK,PPL,103.2447,31.0145,0.9787,-0.9886,1,-2.1761,-0.0833,-2.2595,HOLDING
2024-12-18,9,DUK,PPL,101.2064,30.3704,0.9787,-0.8514,1,-2.1087,-0.0833,-2.192,HOLDING
2024-12-19,9,DUK,PPL,102.4696,30.7838,0.9787,-0.9624,1,-2.1694,-0.0833,-2.2527,HOLDING
2024-12-20,9,DUK,PPL,103.6179,31.1779,0.9787,-1.2635,1,-2.2488,-0.0833,-2.3321,HOLDING
2024-12-23,9,DUK,PPL,103.8858,31.1587,0.9787,-0.6949,1,-2.1199,-0.0833,-2.2033,HOLDING
2024-12-24,9,DUK,PPL,104.2782,31.3414,0.9787,-0.9277,1,-2.2107,-0.0833,-2.294,HOLDING
2024-12-26,9,DUK,PPL,103.6466,31.3606,0.9787,-1.7725,1,-2.4798,-0.0833,-2.5632,HOLDING
2024-12-27,9,DUK,PPL,103.6753,31.2645,0.9787,-1.1433,1,-2.3413,-0.0833,-2.4247,HOLDING
2024-12-30,9,DUK,PPL,103.0724,31.1395,0.9787,-1.304,1,-2.4083,-0.0833,-2.4916,HOLDING
2024-12-31,9,DUK,PPL,103.1012,31.2068,0.9787,-1.4182,1,-2.4864,-0.0833,-2.5697,HOLDING
2025-01-02,9,DUK,PPL,103.1777,30.9376,0.9787,-0.0201,1,-2.1,-0.0833,-2.1834,HOLDING
2025-01-03,9,DUK,PPL,103.1394,31.0241,0.9787,-0.4487,1,-2.2295,-0.0833,-2.3128,HOLDING
2025-01-06,9,DUK,PPL,101.7901,30.505,0.9787,0.1161,1,-2.0619,-0.0833,-2.1452,HOLDING
2025-01-07,9,DUK,PPL,102.2112,30.7645,0.9787,-0.4792,1,-2.2435,-0.0833,-2.3269,HOLDING
2025-01-08,9,DUK,PPL,103.5701,30.928,0.9787,1.0788,1,-1.9359,-0.0833,-2.0193,HOLDING
2025-01-10,9,DUK,PPL,101.3117,30.505,0.9787,-0.5062,1,-2.2465,-0.0833,-2.3298,HOLDING
2025-01-13,9,DUK,PPL,101.57,30.4569,0.9787,0.3629,1,-2.0831,-0.0833,-2.1664,HOLDING
2025-01-14,9,DUK,PPL,102.2495,30.7453,0.9787,-0.064,1,-2.2033,-0.0833,-2.2866,HOLDING
2025-01-15,9,DUK,PPL,101.8667,30.8703,0.9787,-1.9016,1,-2.5166,-0.0833,-2.5999,HOLDING
2025-01-16,9,DUK,PPL,104.3643,31.8894,0.9787,-2.8804,1,-2.9038,-0.0833,-2.9871,HOLDING
2025-01-17,9,DUK,PPL,104.5557,31.9663,0.9787,-2.356,1,-2.9319,-0.0833,-3.0153,HOLDING
2025-01-21,9,DUK,PPL,106.0007,32.2739,0.9787,-1.432,1,-2.7823,-0.0833,-2.8656,HOLDING
2025-01-22,9,DUK,PPL,104.1347,31.3991,0.9787,0.073,1,-2.3425,-0.0833,-2.4259,HOLDING
2025-01-23,9,DUK,PPL,104.6323,31.476,0.9787,0.4561,1,-2.2525,-0.0833,-2.3358,HOLDING
2025-01-24,9,DUK,PPL,105.1299,31.6106,0.9787,0.5745,1,-2.239,-0.0833,-2.3223,HOLDING
2025-01-27,9,DUK,PPL,107.771,32.2163,0.9787,1.4746,1,-2.0229,-0.0833,-2.1062,HOLDING
2025-01-28,9,DUK,PPL,106.5174,31.5721,0.9787,2.2144,1,-1.6527,-0.0833,-1.736,HOLDING
2025-01-29,9,DUK,PPL,105.8572,31.4664,0.9787,1.5961,1,-1.7672,-0.0833,-1.8506,HOLDING
2025-01-30,9,DUK,PPL,107.4265,32.1778,0.9787,0.6399,1,-2.1048,-0.0833,-2.1881,HOLDING
2025-01-31,9,DUK,PPL,107.1682,32.3028,0.9787,-0.1631,1,-2.3701,-0.0833,-2.4534,HOLDING
2025-02-03,9,DUK,PPL,108.3261,32.5047,0.9787,0.4202,1,-2.191,-0.0833,-2.2744,HOLDING
2025-02-04,9,DUK,PPL,107.5892,32.3124,0.9787,0.2761,1,-2.2204,-0.0833,-2.3038,HOLDING
2025-02-05,9,DUK,PPL,108.9577,32.6104,0.9787,0.7109,1,-2.0875,-0.0833,-2.1709,HOLDING
2025-02-06,9,DUK,PPL,109.5892,32.7931,0.9787,0.6959,1,-2.086,-0.0833,-2.1693,HOLDING
2025-02-07,9,DUK,PPL,110.039,32.8219,0.9787,1.0629,1,-1.9507,-0.0833,-2.0341,HOLDING
2025-02-10,9,DUK,PPL,110.6227,32.9085,0.9787,1.2527,1,-1.8402,-0.0833,-1.9236,HOLDING
2025-02-11,9,DUK,PPL,111.6658,33.1873,0.9787,1.2622,1,-1.8074,-0.0833,-1.8907,HOLDING
2025-02-12,9,DUK,PPL,111.3596,33.1873,0.9787,0.8814,1,0.0,-2.0958,-2.0958,PERIOD_END_EXIT
2024-08-13,10,AEE,EXC,77.2599,35.169,0.7954,0.0,0,0.0,0.0,0.0,HOLD_CASH
2024-08-14,10,AEE,EXC,77.2219,35.0743,0.7954,0.0,0,0.0,0.0,0.0,HOLD_CASH
2024-08-15,10,AEE,EXC,77.2979,35.5195,0.7954,0.0,0,0.0,0.0,0.0,HOLD_CASH
2024-08-16,10,AEE,EXC,78.0202,35.6236,0.7954,0.0,0,0.0,0.0,0.0,HOLD_CASH
2024-08-19,10,AEE,EXC,78.4098,35.6236,0.7954,0.0,0,0.0,0.0,0.0,HOLD_CASH
2024-08-20,10,AEE,EXC,78.1342,35.5574,0.7954,0.0,0,0.0,0.0,0.0,HOLD_CASH
2024-08-21,10,AEE,EXC,78.2577,35.8699,0.7954,0.0,0,0.0,0.0,0.0,HOLD_CASH
2024-08-22,10,AEE,EXC,78.2007,35.8794,0.7954,0.0,0,0.0,0.0,0.0,HOLD_CASH
2024-08-23,10,AEE,EXC,77.9726,35.7941,0.7954,0.0,0,0.0,0.0,0.0,HOLD_CASH
2024-08-26,10,AEE,EXC,78.4668,35.9646,0.7954,0.0,0,0.0,0.0,0.0,HOLD_CASH
2024-08-27,10,AEE,EXC,77.5925,35.6899,0.7954,0.0,0,0.0,0.0,0.0,HOLD_CASH
2024-08-28,10,AEE,EXC,78.2482,35.8889,0.7954,0.0,0,0.0,0.0,0.0,HOLD_CASH
2024-08-29,10,AEE,EXC,78.1912,36.0215,0.7954,0.0,0,0.0,0.0,0.0,HOLD_CASH
2024-08-30,10,AEE,EXC,78.4098,36.0783,0.7954,0.0,0,0.0,0.0,0.0,HOLD_CASH
2024-09-03,10,AEE,EXC,79.1415,36.4572,0.7954,0.0,0,0.0,0.0,0.0,HOLD_CASH
2024-09-04,10,AEE,EXC,79.6547,36.836,0.7954,0.0,0,0.0,0.0,0.0,HOLD_CASH
2024-09-05,10,AEE,EXC,79.5787,36.3909,0.7954,0.0,0,0.0,0.0,0.0,HOLD_CASH
2024-09-06,10,AEE,EXC,79.0275,36.1825,0.7954,0.0,0,0.0,0.0,0.0,HOLD_CASH
2024-09-09,10,AEE,EXC,80.3864,36.6845,0.7954,0.0,0,0.0,0.0,0.0,HOLD_CASH
2024-09-10,10,AEE,EXC,80.6905,36.9876,0.7954,1.2152,0,0.0,0.0,0.0,HOLD_CASH
2024-09-11,10,AEE,EXC,80.2116,37.2244,0.7954,-1.2643,0,0.0,0.0,0.0,HOLD_CASH
2024-09-12,10,AEE,EXC,79.9817,37.7548,0.7954,-3.0262,1,0.0,-0.0833,-0.0833,ENTER_LONG_A
2024-09-13,10,AEE,EXC,80.4511,38.1053,0.7954,-2.5462,1,-0.0703,-0.0833,-0.1537,HOLDING
2024-09-16,10,AEE,EXC,81.8687,38.2947,0.7954,-0.6854,1,0.5671,-0.0833,0.4838,HOLDING
2024-09-17,10,AEE,EXC,81.4377,38.0769,0.7954,-0.7032,1,0.53,-0.0833,0.4467,HOLDING
2024-09-18,10,AEE,EXC,81.0545,37.4138,0.7954,0.5905,1,0.956,-0.0833,0.8727,HOLDING
2024-09-19,10,AEE,EXC,80.0966,37.2149,0.7954,-0.4275,1,0.5946,-0.0833,0.5113,HOLDING
2024-09-20,10,AEE,EXC,82.0124,38.1432,0.7954,0.1397,1,0.7987,-0.0833,0.7154,HOLDING
2024-09-23,10,AEE,EXC,82.0315,38.2663,0.7954,-0.167,1,0.6894,-0.0833,0.6061,HOLDING
2024-09-24,10,AEE,EXC,81.8112,37.8779,0.7954,0.5806,1,0.9413,-0.0833,0.858,HOLDING
2024-09-25,10,AEE,EXC,82.702,37.8779,0.7954,1.7856,1,1.4583,-0.0833,1.3749,HOLDING
2024-09-26,10,AEE,EXC,82.4338,37.8211,0.7954,1.3841,1,1.3582,-0.0833,1.2748,HOLDING
2024-09-27,10,AEE,EXC,82.8457,38.2473,0.7954,0.8411,1,1.1804,-0.0833,1.0971,HOLDING
2024-09-30,10,AEE,EXC,83.7749,38.4084,0.7954,1.5461,1,1.5622,-0.0833,1.4788,HOLDING
2024-10-01,10,AEE,EXC,83.8132,38.6167,0.7954,1.0323,1,1.3806,-0.0833,1.2973,HOLDING
2024-10-02,10,AEE,EXC,83.7174,38.7873,0.7954,0.4932,1,1.1583,-0.0833,1.075,HOLDING
2024-10-03,10,AEE,EXC,84.3112,38.6262,0.7954,1.4512,1,1.6604,-0.0833,1.5771,HOLDING
2024-10-04,10,AEE,EXC,84.0431,38.0863,0.7954,1.9178,1,2.0327,-0.0833,1.9494,HOLDING
2024-10-07,10,AEE,EXC,83.4683,37.4517,0.7954,2.1084,1,2.3197,-0.0833,2.2364,HOLDING
2024-10-08,10,AEE,EXC,83.0948,37.518,0.7954,1.4804,1,2.0381,-0.0833,1.9548,HOLDING
2024-10-09,10,AEE,EXC,82.7403,37.5085,0.7954,1.0673,1,1.8417,-0.0833,1.7584,HOLDING
2024-10-10,10,AEE,EXC,82.1944,37.196,0.7954,0.991,1,1.8305,-0.0833,1.7472,HOLDING
2024-10-11,10,AEE,EXC,82.8074,37.6412,0.7954,0.7801,1,1.7509,-0.0833,1.6676,HOLDING
2024-10-14,10,AEE,EXC,83.5737,37.8211,0.7954,1.1426,1,2.0197,-0.0833,1.9363,HOLDING
2024-10-15,10,AEE,EXC,84.2251,38.4179,0.7954,0.6505,1,1.8141,-0.0833,1.7308,HOLDING
2024-10-16,10,AEE,EXC,84.9913,38.8062,0.7954,0.6742,1,1.8791,-0.0833,1.7958,HOLDING
2024-10-17,10,AEE,EXC,84.589,38.6167,0.7954,0.5177,1,1.8309,-0.0833,1.7475,HOLDING
2024-10-18,10,AEE,EXC,85.0967,38.7873,0.7954,0.7088,1,1.9588,-0.0833,1.8754,HOLDING
2024-10-21,10,AEE,EXC,84.5124,38.361,0.7954,0.8888,1,2.0365,-0.0833,1.9531,HOLDING
2024-10-22,10,AEE,EXC,84.0622,38.3894,0.7954,-0.014,1,1.7474,-0.0833,1.6641,HOLDING
2024-10-23,10,AEE,EXC,85.4415,38.5883,0.7954,1.6215,1,2.3534,-0.0833,2.27,HOLDING
2024-10-24,10,AEE,EXC,85.2596,38.5599,0.7954,1.2639,1,2.2756,-0.0833,2.1922,HOLDING
2024-10-25,10,AEE,EXC,84.1005,37.9537,0.7954,1.042,1,2.1957,-0.0833,2.1124,HOLDING
2024-10-28,10,AEE,EXC,84.407,38.1053,0.7954,1.0105,1,2.2254,-0.0833,2.1421,HOLDING
2024-10-29,10,AEE,EXC,82.3859,37.4612,0.7954,-0.8046,1,1.6823,-0.0833,1.599,HOLDING
2024-10-30,10,AEE,EXC,82.9607,37.6033,0.7954,-0.3452,1,1.8769,-0.0833,1.7936,HOLDING
2024-10-31,10,AEE,EXC,83.4396,37.2244,0.7954,2.3307,1,2.5253,-0.0833,2.442,HOLDING
2024-11-01,10,AEE,EXC,82.2614,36.1351,0.7954,2.9322,1,2.9068,-0.0833,2.8234,HOLDING
2024-11-04,10,AEE,EXC,82.3955,35.9646,0.7954,2.776,1,3.1513,-0.0833,3.068,HOLDING
2024-11-05,10,AEE,EXC,83.9664,36.4382,0.7954,2.7279,1,3.5998,-0.0833,3.5165,HOLDING
2024-11-06,10,AEE,EXC,84.0718,36.2962,0.7954,2.4265,1,3.7999,-0.0833,3.7166,HOLDING
2024-11-07,10,AEE,EXC,82.9032,36.0783,0.7954,1.5405,1,3.3348,-0.0833,3.2514,HOLDING
2024-11-08,10,AEE,EXC,86.3898,36.461,0.7954,2.7656,1,4.9839,-0.0833,4.9006,HOLDING
2024-11-11,10,AEE,EXC,88.4109,36.7384,0.7954,2.7001,1,5.8855,-0.0833,5.8022,HOLDING
2024-11-12,10,AEE,EXC,88.1523,36.5088,0.7954,2.2507,1,5.9599,-0.0833,5.8766,HOLDING
2024-11-13,10,AEE,EXC,87.5393,36.4897,0.7954,1.7409,1,5.6229,-0.0833,5.5396,HOLDING
2024-11-14,10,AEE,EXC,85.9396,36.4706,0.7954,1.03,1,4.7133,-0.0833,4.63,HOLDING
2024-11-15,10,AEE,EXC,87.3764,37.4177,0.7954,0.8167,1,4.6209,-0.0833,4.5376,HOLDING
2024-11-18,10,AEE,EXC,88.4588,37.5325,0.7954,1.0356,1,5.1368,-0.0833,5.0535,HOLDING
2024-11-19,10,AEE,EXC,88.2385,37.4081,0.7954,0.9446,1,5.1306,-0.0833,5.0472,HOLDING
2024-11-20,10,AEE,EXC,88.3534,37.0542,0.7954,1.1231,1,5.5434,-0.0833,5.4601,HOLDING
2024-11-21,10,AEE,EXC,90.0105,37.6091,0.7954,1.2181,1,5.9624,-0.0833,5.8791,HOLDING
2024-11-22,10,AEE,EXC,89.8573,37.035,0.7954,1.4114,1,6.4348,-0.0833,6.3515,HOLDING
2024-11-25,10,AEE,EXC,89.5891,37.4369,0.7954,0.9383,1,5.8863,-0.0833,5.8029,HOLDING
2024-11-26,10,AEE,EXC,90.2979,37.7813,0.7954,0.8937,1,5.9608,-0.0833,5.8775,HOLDING
2024-11-27,10,AEE,EXC,90.978,37.8004,0.7954,1.1102,1,6.3368,-0.0833,6.2534,HOLDING
2024-11-29,10,AEE,EXC,90.4129,37.8483,0.7954,0.7447,1,5.962,-0.0833,5.8787,HOLDING
2024-12-02,10,AEE,EXC,88.9665,36.7097,0.7954,1.0571,1,6.236,-0.0833,6.1526,HOLDING
2024-12-03,10,AEE,EXC,87.932,36.4897,0.7954,0.6407,1,5.8508,-0.0833,5.7675,HOLDING
2024-12-04,10,AEE,EXC,88.5354,36.2122,0.7954,1.2897,1,6.4723,-0.0833,6.389,HOLDING
2024-12-05,10,AEE,EXC,88.3918,36.3366,0.7954,0.9623,1,6.2673,-0.0833,6.184,HOLDING
2024-12-06,10,AEE,EXC,87.9224,36.2122,0.7954,0.8158,1,6.1165,-0.0833,6.0332,HOLDING
2024-12-09,10,AEE,EXC,87.3285,35.82,0.7954,0.8929,1,6.1555,-0.0833,6.0721,HOLDING
2024-12-10,10,AEE,EXC,87.3956,35.7052,0.7954,1.1073,1,6.3066,-0.0833,6.2233,HOLDING
2024-12-11,10,AEE,EXC,86.7008,35.1694,0.7954,1.3388,1,6.4274,-0.0833,6.344,HOLDING
2024-12-12,10,AEE,EXC,86.6429,35.2364,0.7954,1.0509,1,6.3283,-0.0833,6.2449,HOLDING
2024-12-13,10,AEE,EXC,86.6912,35.2746,0.7954,0.9551,1,6.3189,-0.0833,6.2355,HOLDING
2024-12-16,10,AEE,EXC,85.6201,34.6528,0.7954,1.1073,1,6.3054,-0.0833,6.222,HOLDING
2024-12-17,10,AEE,EXC,85.5718,34.9398,0.7954,0.2632,1,5.9967,-0.0833,5.9134,HOLDING
2024-12-18,10,AEE,EXC,83.8832,34.9781,0.7954,-2.4201,1,4.9793,-0.0833,4.896,HOLDING
2024-12-19,10,AEE,EXC,85.4657,35.5808,0.7954,-1.7383,1,5.3083,-0.0833,5.225,HOLDING
2024-12-20,10,AEE,EXC,86.1604,35.4182,0.7954,-0.2727,1,5.8705,-0.0833,5.7872,HOLDING
2024-12-23,10,AEE,EXC,86.5464,35.7147,0.7954,-0.4971,1,5.8045,-0.0833,5.7212,HOLDING
2024-12-24,10,AEE,EXC,87.7044,35.8965,0.7954,0.6281,1,6.2987,-0.0833,6.2154,HOLDING
2024-12-26,10,AEE,EXC,87.5114,35.8295,0.7954,0.4709,1,6.2522,-0.0833,6.1689,HOLDING
2024-12-27,10,AEE,EXC,86.9614,35.8104,0.7954,-0.2955,1,5.9518,-0.0833,5.8684,HOLDING
2024-12-30,10,AEE,EXC,86.4789,36.0018,0.7954,-1.5025,1,5.4847,-0.0833,5.4013,HOLDING
2024-12-31,10,AEE,EXC,86.0157,36.0113,0.7954,-1.8804,1,5.2065,-0.0833,5.1232,HOLDING
2025-01-02,10,AEE,EXC,85.871,36.0305,0.7954,-1.8546,1,5.1038,-0.0833,5.0205,HOLDING
2025-01-03,10,AEE,EXC,85.7359,36.4036,0.7954,-2.3036,1,4.6605,-0.0833,4.5772,HOLDING
2025-01-06,10,AEE,EXC,83.8253,36.1644,0.7954,-2.7714,1,3.7857,-0.0833,3.7023,HOLDING
2025-01-07,10,AEE,EXC,84.8771,35.9061,0.7954,-1.366,1,4.6486,-0.0833,4.5653,HOLDING
2025-01-08,10,AEE,EXC,86.1122,36.5375,0.7954,-1.1942,1,4.748,-0.0833,4.6646,HOLDING
2025-01-10,10,AEE,EXC,84.9543,35.686,0.7954,-0.7824,1,4.9086,-0.0833,4.8253,HOLDING
2025-01-13,10,AEE,EXC,85.6973,35.9348,0.7954,-0.5089,1,5.0966,-0.0833,5.0132,HOLDING
2025-01-14,10,AEE,EXC,86.2666,36.2792,0.7954,-0.5002,1,5.0902,-0.0833,5.0068,HOLDING
2025-01-15,10,AEE,EXC,87.9263,36.3749,0.7954,0.7164,1,5.9598,-0.0833,5.8764,HOLDING
2025-01-16,10,AEE,EXC,90.5703,37.6378,0.7954,0.9694,1,6.2592,-0.0833,6.1759,HOLDING
2025-01-17,10,AEE,EXC,90.8694,37.7143,0.7954,1.1,1,6.3579,-0.0833,6.2746,HOLDING
2025-01-21,10,AEE,EXC,92.8669,38.6902,0.7954,1.0928,1,6.5629,-0.0833,6.4795,HOLDING
2025-01-22,10,AEE,EXC,90.0781,37.523,0.7954,0.6077,1,6.0859,-0.0833,6.0025,HOLDING
2025-01-23,10,AEE,EXC,90.0395,37.5421,0.7954,0.5593,1,6.0448,-0.0833,5.9614,HOLDING
2025-01-24,10,AEE,EXC,90.8212,37.676,0.7954,0.9408,1,6.3674,-0.0833,6.284,HOLDING
2025-01-27,10,AEE,EXC,90.8308,38.9389,0.7954,-0.8178,1,5.1381,-0.0833,5.0547,HOLDING
2025-01-28,10,AEE,EXC,89.9527,38.0874,0.7954,-0.1811,1,5.4611,-0.0833,5.3778,HOLDING
2025-01-29,10,AEE,EXC,89.5378,37.8578,0.7954,-0.1131,1,5.4449,-0.0833,5.3615,HOLDING
2025-01-30,10,AEE,EXC,90.8115,38.2883,0.7954,0.286,1,5.763,-0.0833,5.6797,HOLDING
2025-01-31,10,AEE,EXC,90.8984,38.2692,0.7954,0.3634,1,5.8321,-0.0833,5.7488,HOLDING
2025-02-03,10,AEE,EXC,92.6449,38.8145,0.7954,0.884,1,6.3125,-0.0833,6.2291,HOLDING
2025-02-04,10,AEE,EXC,92.1431,38.7858,0.7954,0.4475,1,6.0493,-0.0833,5.966,HOLDING
2025-02-05,10,AEE,EXC,93.2335,39.2642,0.7954,0.5583,1,6.2143,-0.0833,6.131,HOLDING
2025-02-06,10,AEE,EXC,93.359,39.3407,0.7954,0.4624,1,6.2123,-0.0833,6.129,HOLDING
2025-02-07,10,AEE,EXC,93.6871,39.5225,0.7954,0.3657,1,6.2249,-0.0833,6.1416,HOLDING
2025-02-10,10,AEE,EXC,93.7932,39.9913,0.7954,-0.7029,1,5.8281,-0.0833,5.7448,HOLDING
2025-02-11,10,AEE,EXC,94.7389,40.5271,0.7954,-0.8301,1,5.853,-0.0833,5.7697,HOLDING
2025-02-12,10,AEE,EXC,93.8511,41.0342,0.7954,-2.7036,1,0.0,4.6641,4.6641,PERIOD_END_EXIT
2024-08-13,11,CMS,ED,63.1305,95.8225,1.276,0.0,0,0.0,0.0,0.0,HOLD_CASH
2024-08-14,11,CMS,ED,63.3886,95.908,1.276,0.0,0,0.0,0.0,0.0,HOLD_CASH
2024-08-15,11,CMS,ED,63.0445,94.3581,1.276,0.0,0,0.0,0.0,0.0,HOLD_CASH
2024-08-16,11,CMS,ED,63.5129,95.1854,1.276,0.0,0,0.0,0.0,0.0,HOLD_CASH
2024-08-19,11,CMS,ED,63.5893,95.4801,1.276,0.0,0,0.0,0.0,0.0,HOLD_CASH
2024-08-20,11,CMS,ED,63.7805,95.2519,1.276,0.0,0,0.0,0.0,0.0,HOLD_CASH
2024-08-21,11,CMS,ED,64.0386,95.4896,1.276,0.0,0,0.0,0.0,0.0,HOLD_CASH
2024-08-22,11,CMS,ED,64.2871,95.7274,1.276,0.0,0,0.0,0.0,0.0,HOLD_CASH
2024-08-23,11,CMS,ED,64.1533,95.6608,1.276,0.0,0,0.0,0.0,0.0,HOLD_CASH
2024-08-26,11,CMS,ED,64.7172,95.9461,1.276,0.0,0,0.0,0.0,0.0,HOLD_CASH
2024-08-27,11,CMS,ED,64.4687,94.7004,1.276,0.0,0,0.0,0.0,0.0,HOLD_CASH
2024-08-28,11,CMS,ED,64.4304,95.4611,1.276,0.0,0,0.0,0.0,0.0,HOLD_CASH
2024-08-29,11,CMS,ED,64.6789,95.8605,1.276,0.0,0,0.0,0.0,0.0,HOLD_CASH
2024-08-30,11,CMS,ED,64.8605,96.5737,1.276,0.0,0,0.0,0.0,0.0,HOLD_CASH
2024-09-03,11,CMS,ED,65.6443,98.2092,1.276,0.0,0,0.0,0.0,0.0,HOLD_CASH
2024-09-04,11,CMS,ED,66.1031,99.2742,1.276,0.0,0,0.0,0.0,0.0,HOLD_CASH
2024-09-05,11,CMS,ED,65.2906,98.6942,1.276,0.0,0,0.0,0.0,0.0,HOLD_CASH
2024-09-06,11,CMS,ED,65.0039,98.2092,1.276,0.0,0,0.0,0.0,0.0,HOLD_CASH
2024-09-09,11,CMS,ED,66.0649,99.6071,1.276,0.0,0,0.0,0.0,0.0,HOLD_CASH
2024-09-10,11,CMS,ED,66.4376,99.8163,1.276,-1.1537,0,0.0,0.0,0.0,HOLD_CASH
2024-09-11,11,CMS,ED,66.17,98.7227,1.276,-0.3304,0,0.0,0.0,0.0,HOLD_CASH
2024-09-12,11,CMS,ED,66.2464,98.3138,1.276,0.1956,0,0.0,0.0,0.0,HOLD_CASH
2024-09-13,11,CMS,ED,66.992,99.4264,1.276,-0.0669,0,0.0,0.0,0.0,HOLD_CASH
2024-09-16,11,CMS,ED,67.3647,99.7022,1.276,0.1197,0,0.0,0.0,0.0,HOLD_CASH
2024-09-17,11,CMS,ED,67.1545,99.4074,1.276,0.1653,0,0.0,0.0,0.0,HOLD_CASH
2024-09-18,11,CMS,ED,66.906,98.3328,1.276,1.0393,0,0.0,0.0,0.0,HOLD_CASH
2024-09-19,11,CMS,ED,66.17,97.1062,1.276,1.3651,0,0.0,0.0,0.0,HOLD_CASH
2024-09-20,11,CMS,ED,66.753,98.2758,1.276,0.7831,0,0.0,0.0,0.0,HOLD_CASH
2024-09-23,11,CMS,ED,67.1831,98.9129,1.276,0.6101,0,0.0,0.0,0.0,HOLD_CASH
2024-09-24,11,CMS,ED,66.9824,97.7718,1.276,1.4812,0,0.0,0.0,0.0,HOLD_CASH
2024-09-25,11,CMS,ED,66.7435,98.0951,1.276,0.9559,0,0.0,0.0,0.0,HOLD_CASH
2024-09-26,11,CMS,ED,66.8582,98.0571,1.276,1.1175,0,0.0,0.0,0.0,HOLD_CASH
2024-09-27,11,CMS,ED,67.3169,98.9414,1.276,0.7343,0,0.0,0.0,0.0,HOLD_CASH
2024-09-30,11,CMS,ED,67.5081,99.0175,1.276,0.8397,0,0.0,0.0,0.0,HOLD_CASH
2024-10-01,11,CMS,ED,67.9095,99.9874,1.276,0.2621,0,0.0,0.0,0.0,HOLD_CASH
2024-10-02,11,CMS,ED,68.1007,99.3218,1.276,1.0889,0,0.0,0.0,0.0,HOLD_CASH
2024-10-03,11,CMS,ED,67.9956,98.9129,1.276,1.2981,0,0.0,0.0,0.0,HOLD_CASH
2024-10-04,11,CMS,ED,68.072,98.0856,1.276,2.0589,-1,0.0,-0.0833,-0.0833,ENTER_SHORT_A
2024-10-07,11,CMS,ED,66.6861,96.1743,1.276,2.1937,-1,-0.1649,-0.0833,-0.2483,HOLDING
2024-10-08,11,CMS,ED,66.8773,97.0967,1.276,1.3486,-1,0.1716,-0.0833,0.0882,HOLDING
2024-10-09,11,CMS,ED,66.5427,97.3439,1.276,0.5185,-1,0.4693,-0.0833,0.3859,HOLDING
2024-10-10,11,CMS,ED,66.084,96.5927,1.276,0.7267,-1,0.3582,-0.0833,0.2749,HOLDING
2024-10-11,11,CMS,ED,66.2751,97.2964,1.276,0.0066,-1,0.5906,-0.0833,0.5072,HOLDING
2024-10-14,11,CMS,ED,66.7817,97.981,1.276,-0.226,-1,0.6442,-0.0833,0.5609,HOLDING
2024-10-15,11,CMS,ED,67.1927,100.2727,1.276,-2.5281,-1,1.5147,-0.0833,1.4314,HOLDING
2024-10-16,11,CMS,ED,68.0242,100.9288,1.276,-1.8445,-1,1.38,-0.0833,1.2966,HOLDING
2024-10-17,11,CMS,ED,67.8713,100.4724,1.276,-1.3602,-1,1.2448,-0.0833,1.1615,HOLDING
2024-10-18,11,CMS,ED,68.1389,101.5184,1.276,-1.8739,-1,1.5991,-0.0833,1.5158,HOLDING
2024-10-21,11,CMS,ED,68.0242,101.0429,1.276,-1.3995,-1,1.4343,-0.0833,1.351,HOLDING
2024-10-22,11,CMS,ED,67.8904,100.5104,1.276,-0.9464,-1,1.2526,-0.0833,1.1693,HOLDING
2024-10-23,11,CMS,ED,68.9131,102.1269,1.276,-1.2193,-1,1.4725,-0.0833,1.3892,HOLDING
2024-10-24,11,CMS,ED,68.5977,101.7466,1.276,-1.096,-1,1.461,-0.0833,1.3777,HOLDING
2024-10-25,11,CMS,ED,67.6324,99.4644,1.276,-0.0809,-1,0.8932,-0.0833,0.8099,HOLDING
2024-10-28,11,CMS,ED,68.0147,99.6641,1.276,0.132,-1,0.7827,-0.0833,0.6994,HOLDING
2024-10-29,11,CMS,ED,66.4472,97.8574,1.276,0.1145,-1,0.7653,-0.0833,0.6819,HOLDING
2024-10-30,11,CMS,ED,67.0111,97.6767,1.276,0.8255,-1,0.3759,-0.0833,0.2926,HOLDING
2024-10-31,11,CMS,ED,66.5332,96.6878,1.276,1.1657,-1,0.1619,-0.0833,0.0786,HOLDING
2024-11-01,11,CMS,ED,65.2811,95.0903,1.276,1.3372,-1,0.0744,-0.0833,-0.0089,HOLDING
2024-11-04,11,CMS,ED,65.3671,94.282,1.276,2.0581,-1,-0.3568,-0.0833,-0.4402,HOLDING
2024-11-05,11,CMS,ED,66.0553,94.9191,1.276,1.9554,-1,-0.4235,-0.0833,-0.5068,HOLDING
2024-11-06,11,CMS,ED,64.8605,94.1013,1.276,1.403,-1,-0.1704,-0.0833,-0.2537,HOLDING
2024-11-07,11,CMS,ED,63.4268,92.7891,1.276,1.0972,-1,-0.0243,-0.0833,-0.1076,HOLDING
2024-11-08,11,CMS,ED,64.2775,93.3121,1.276,1.3067,-1,-0.2327,-0.0833,-0.3161,HOLDING
2024-11-11,11,CMS,ED,65.5678,93.6449,1.276,1.8128,-1,-0.7682,-0.0833,-0.8516,HOLDING
2024-11-12,11,CMS,ED,65.0899,92.2756,1.276,1.9983,-1,-1.1634,-0.0833,-1.2467,HOLDING
2024-11-13,11,CMS,ED,65.1911,91.5083,1.276,2.1044,-1,-1.5833,-0.0833,-1.6666,HOLDING
2024-11-14,11,CMS,ED,64.9214,91.3453,1.276,1.7588,-1,-1.5159,-0.0833,-1.5992,HOLDING
2024-11-15,11,CMS,ED,65.7111,92.4962,1.276,1.4575,-1,-1.3924,-0.0833,-1.4758,HOLDING
2024-11-18,11,CMS,ED,65.9711,92.5058,1.276,1.4371,-1,-1.5277,-0.0833,-1.6111,HOLDING
2024-11-19,11,CMS,ED,66.0386,93.0045,1.276,1.1176,-1,-1.3265,-0.0833,-1.4098,HOLDING
2024-11-20,11,CMS,ED,65.9904,93.8773,1.276,0.5843,-1,-0.8848,-0.0833,-0.9682,HOLDING
2024-11-21,11,CMS,ED,66.6549,94.6638,1.276,0.4854,-1,-0.8677,-0.0833,-0.951,HOLDING
2024-11-22,11,CMS,ED,66.9535,94.3377,1.276,0.7933,-1,-1.1836,-0.0833,-1.2669,HOLDING
2024-11-25,11,CMS,ED,67.098,95.4023,1.276,0.1463,-1,-0.7542,-0.0833,-0.8375,HOLDING
2024-11-26,11,CMS,ED,67.8492,97.5411,1.276,-0.8669,-1,-0.1395,-0.0833,-0.2228,HOLDING
2024-11-27,11,CMS,ED,67.8877,97.426,1.276,-0.8479,-1,-0.215,-0.0833,-0.2984,HOLDING
2024-11-29,11,CMS,ED,67.1365,96.4765,1.276,-0.8375,-1,-0.2632,-0.0833,-0.3466,HOLDING
2024-12-02,11,CMS,ED,65.8748,94.4719,1.276,-0.4283,-1,-0.5394,-0.0833,-0.6228,HOLDING
2024-12-03,11,CMS,ED,65.7304,93.5416,1.276,0.209,-1,-0.9049,-0.0833,-0.9882,HOLDING
2024-12-04,11,CMS,ED,65.0081,92.6688,1.276,0.2238,-1,-0.9321,-0.0833,-1.0154,HOLDING
2024-12-05,11,CMS,ED,64.8925,92.5537,1.276,0.1439,-1,-0.9247,-0.0833,-1.0081,HOLDING
2024-12-06,11,CMS,ED,64.6902,90.9424,1.276,1.3884,-1,-1.5834,-0.0833,-1.6668,HOLDING
2024-12-09,11,CMS,ED,65.1525,90.9041,1.276,1.7287,-1,-1.8503,-0.0833,-1.9337,HOLDING
2024-12-10,11,CMS,ED,65.1622,90.8178,1.276,1.595,-1,-1.8966,-0.0833,-1.98,HOLDING
2024-12-11,11,CMS,ED,64.3532,88.9571,1.276,2.0909,-1,-2.3478,-0.0833,-2.4311,HOLDING
2024-12-12,11,CMS,ED,64.5554,88.8228,1.276,2.049,-1,-2.5205,-0.0833,-2.6038,HOLDING
2024-12-13,11,CMS,ED,64.8347,88.8996,1.276,1.914,-1,-2.6342,-0.0833,-2.7175,HOLDING
2024-12-16,11,CMS,ED,64.2376,87.528,1.276,2.0193,-1,-2.9663,-0.0833,-3.0496,HOLDING
2024-12-17,11,CMS,ED,64.565,87.1252,1.276,2.0613,-1,-3.3343,-0.0833,-3.4176,HOLDING
2024-12-18,11,CMS,ED,63.419,85.2358,1.276,2.0188,-1,-3.6178,-0.0833,-3.7011,HOLDING
2024-12-19,11,CMS,ED,63.3323,85.4276,1.276,1.6413,-1,-3.4798,-0.0833,-3.5632,HOLDING
2024-12-20,11,CMS,ED,64.1509,86.3483,1.276,1.4327,-1,-3.4816,-0.0833,-3.5649,HOLDING
2024-12-23,11,CMS,ED,64.2087,86.003,1.276,1.4191,-1,-3.6771,-0.0833,-3.7604,HOLDING
2024-12-24,11,CMS,ED,64.3532,85.9167,1.276,1.3507,-1,-3.7959,-0.0833,-3.8793,HOLDING
2024-12-26,11,CMS,ED,64.4784,85.9263,1.276,1.2735,-1,-3.8587,-0.0833,-3.942,HOLDING
2024-12-27,11,CMS,ED,64.5843,85.8975,1.276,1.2188,-1,-3.9294,-0.0833,-4.0127,HOLDING
2024-12-30,11,CMS,ED,64.1702,85.5139,1.276,1.1122,-1,-3.8894,-0.0833,-3.9727,HOLDING
2024-12-31,11,CMS,ED,64.1894,85.581,1.276,1.0128,-1,-3.8678,-0.0833,-3.9511,HOLDING
2025-01-02,11,CMS,ED,64.0739,85.3892,1.276,0.9647,-1,-3.897,-0.0833,-3.9803,HOLDING
2025-01-03,11,CMS,ED,64.1509,85.5906,1.276,0.8414,-1,-3.8425,-0.0833,-3.9258,HOLDING
2025-01-06,11,CMS,ED,63.0049,84.7562,1.276,0.5865,-1,-3.6235,-0.0833,-3.7068,HOLDING
2025-01-07,11,CMS,ED,63.2841,84.4013,1.276,0.9365,-1,-3.9427,-0.0833,-4.0261,HOLDING
2025-01-08,11,CMS,ED,63.8524,85.37,1.276,0.6117,-1,-3.787,-0.0833,-3.8703,HOLDING
2025-01-10,11,CMS,ED,62.687,84.5452,1.276,0.1908,-1,-3.553,-0.0833,-3.6364,HOLDING
2025-01-13,11,CMS,ED,62.5907,84.8521,1.276,-0.3734,-1,-3.355,-0.0833,-3.4384,HOLDING
2025-01-14,11,CMS,ED,63.1397,85.7153,1.276,-0.9451,-1,-3.2392,-0.0833,-3.3225,HOLDING
2025-01-15,11,CMS,ED,64.1509,86.5401,1.276,-0.9287,-1,-3.3902,-0.0833,-3.4735,HOLDING
2025-01-16,11,CMS,ED,65.5089,88.4488,1.276,-1.9723,-1,-3.2115,-0.0833,-3.2948,HOLDING
2025-01-17,11,CMS,ED,65.5667,89.8203,1.276,-3.0994,-1,-2.5893,-0.0833,-2.6726,HOLDING
2025-01-21,11,CMS,ED,65.7785,89.3983,1.276,-1.8847,-1,-2.9043,-0.0833,-2.9876,HOLDING
2025-01-22,11,CMS,ED,64.1413,87.0581,1.276,-1.0627,-1,-3.1383,-0.0833,-3.2217,HOLDING
2025-01-23,11,CMS,ED,63.4286,87.0485,1.276,-1.7262,-1,-2.7596,-0.0833,-2.8429,HOLDING
2025-01-24,11,CMS,ED,63.3901,86.895,1.276,-1.4218,-1,-2.812,-0.0833,-2.8953,HOLDING
2025-01-27,11,CMS,ED,64.7095,91.0096,1.276,-2.9074,-1,-1.5618,-0.0833,-1.6451,HOLDING
2025-01-28,11,CMS,ED,63.1878,89.5709,1.276,-2.4222,-1,-1.4286,-0.0833,-1.5119,HOLDING
2025-01-29,11,CMS,ED,63.3419,88.7845,1.276,-1.5939,-1,-1.8861,-0.0833,-1.9694,HOLDING
2025-01-30,11,CMS,ED,63.7561,90.0217,1.276,-1.7816,-1,-1.5195,-0.0833,-1.6028,HOLDING
2025-01-31,11,CMS,ED,63.5634,89.9066,1.276,-1.6135,-1,-1.4707,-0.0833,-1.5541,HOLDING
2025-02-03,11,CMS,ED,64.0257,91.7097,1.276,-1.9526,-1,-0.8605,-0.0833,-0.9439,HOLDING
2025-02-04,11,CMS,ED,63.7368,91.0288,1.276,-1.5765,-1,-1.0295,-0.0833,-1.1128,HOLDING
2025-02-05,11,CMS,ED,64.6421,92.2564,1.276,-1.4888,-1,-0.9317,-0.0833,-1.015,HOLDING
2025-02-06,11,CMS,ED,65.8074,91.5179,1.276,-0.5101,-1,-1.9102,-0.0833,-1.9936,HOLDING
2025-02-07,11,CMS,ED,66.1638,92.1509,1.276,-0.5504,-1,-1.8004,-0.0833,-1.8837,HOLDING
2025-02-10,11,CMS,ED,66.626,92.7456,1.276,-0.5205,-1,-1.7658,-0.0833,-1.8491,HOLDING
2025-02-11,11,CMS,ED,66.8861,92.3715,1.276,-0.1017,-1,-2.0838,-0.0833,-2.1671,HOLDING
2025-02-12,11,CMS,ED,66.9824,90.7027,1.276,0.9545,-1,0.0,-3.0931,-3.0931,PERIOD_END_EXIT
2024-08-13,12,MCD,MDLZ,259.6001,67.2193,1.0978,0.0,0,0.0,0.0,0.0,HOLD_CASH
2024-08-14,12,MCD,MDLZ,260.4068,68.0412,1.0978,0.0,0,0.0,0.0,0.0,HOLD_CASH
2024-08-15,12,MCD,MDLZ,263.9794,67.162,1.0978,0.0,0,0.0,0.0,0.0,HOLD_CASH
2024-08-16,12,MCD,MDLZ,267.456,67.0091,1.0978,0.0,0,0.0,0.0,0.0,HOLD_CASH
2024-08-19,12,MCD,MDLZ,276.157,67.7449,1.0978,0.0,0,0.0,0.0,0.0,HOLD_CASH
2024-08-20,12,MCD,MDLZ,274.3131,67.831,1.0978,0.0,0,0.0,0.0,0.0,HOLD_CASH
2024-08-21,12,MCD,MDLZ,278.2314,67.9456,1.0978,0.0,0,0.0,0.0,0.0,HOLD_CASH
2024-08-22,12,MCD,MDLZ,277.7513,67.6876,1.0978,0.0,0,0.0,0.0,0.0,HOLD_CASH
2024-08-23,12,MCD,MDLZ,278.049,68.0699,1.0978,0.0,0,0.0,0.0,0.0,HOLD_CASH
2024-08-26,12,MCD,MDLZ,277.2423,68.2228,1.0978,0.0,0,0.0,0.0,0.0,HOLD_CASH
2024-08-27,12,MCD,MDLZ,278.1642,68.089,1.0978,0.0,0,0.0,0.0,0.0,HOLD_CASH
2024-08-28,12,MCD,MDLZ,275.6768,68.089,1.0978,0.0,0,0.0,0.0,0.0,HOLD_CASH
2024-08-29,12,MCD,MDLZ,276.4547,67.592,1.0978,0.0,0,0.0,0.0,0.0,HOLD_CASH
2024-08-30,12,MCD,MDLZ,277.2231,68.6241,1.0978,0.0,0,0.0,0.0,0.0,HOLD_CASH
2024-09-03,12,MCD,MDLZ,275.8031,69.0446,1.0978,0.0,0,0.0,0.0,0.0,HOLD_CASH
2024-09-04,12,MCD,MDLZ,278.2277,71.9306,1.0978,0.0,0,0.0,0.0,0.0,HOLD_CASH
2024-09-05,12,MCD,MDLZ,278.1697,71.7395,1.0978,0.0,0,0.0,0.0,0.0,HOLD_CASH
2024-09-06,12,MCD,MDLZ,279.6573,71.9688,1.0978,0.0,0,0.0,0.0,0.0,HOLD_CASH
2024-09-09,12,MCD,MDLZ,281.3767,72.3511,1.0978,0.0,0,0.0,0.0,0.0,HOLD_CASH
2024-09-10,12,MCD,MDLZ,281.3574,71.7968,1.0978,-0.8385,0,0.0,0.0,0.0,HOLD_CASH
2024-09-11,12,MCD,MDLZ,280.3528,71.0514,1.0978,-0.5788,0,0.0,0.0,0.0,HOLD_CASH
2024-09-12,12,MCD,MDLZ,282.4006,71.0801,1.0978,-0.3998,0,0.0,0.0,0.0,HOLD_CASH
2024-09-13,12,MCD,MDLZ,286.4384,71.9211,1.0978,-0.3608,0,0.0,0.0,0.0,HOLD_CASH
2024-09-16,12,MCD,MDLZ,286.5929,72.1791,1.0978,-0.4786,0,0.0,0.0,0.0,HOLD_CASH
2024-09-17,12,MCD,MDLZ,283.753,71.7682,1.0978,-0.5691,0,0.0,0.0,0.0,HOLD_CASH
2024-09-18,12,MCD,MDLZ,282.0915,71.7204,1.0978,-0.721,0,0.0,0.0,0.0,HOLD_CASH
2024-09-19,12,MCD,MDLZ,283.8496,71.4624,1.0978,-0.2051,0,0.0,0.0,0.0,HOLD_CASH
2024-09-20,12,MCD,MDLZ,286.7281,70.9846,1.0978,0.6844,0,0.0,0.0,0.0,HOLD_CASH
2024-09-23,12,MCD,MDLZ,288.8823,71.2617,1.0978,0.9033,0,0.0,0.0,0.0,HOLD_CASH
2024-09-24,12,MCD,MDLZ,290.0511,70.8699,1.0978,1.3893,0,0.0,0.0,0.0,HOLD_CASH
2024-09-25,12,MCD,MDLZ,290.2443,70.7743,1.0978,1.4964,0,0.0,0.0,0.0,HOLD_CASH
2024-09-26,12,MCD,MDLZ,293.3161,71.0228,1.0978,1.6948,0,0.0,0.0,0.0,HOLD_CASH
2024-09-27,12,MCD,MDLZ,293.3547,70.9081,1.0978,1.7227,0,0.0,0.0,0.0,HOLD_CASH
2024-09-30,12,MCD,MDLZ,294.1468,70.8504,1.0978,1.7065,0,0.0,0.0,0.0,HOLD_CASH
2024-10-01,12,MCD,MDLZ,292.6689,70.1964,1.0978,1.6886,0,0.0,0.0,0.0,HOLD_CASH
2024-10-02,12,MCD,MDLZ,293.4223,69.5136,1.0978,1.9168,0,0.0,0.0,0.0,HOLD_CASH
2024-10-03,12,MCD,MDLZ,293.1229,68.4365,1.0978,2.1222,-1,0.0,-0.0833,-0.0833,ENTER_SHORT_A
2024-10-04,12,MCD,MDLZ,293.4223,68.7731,1.0978,1.7395,-1,0.1739,-0.0833,0.0906,HOLDING
2024-10-07,12,MCD,MDLZ,290.6114,68.2826,1.0978,1.5156,-1,0.2423,-0.0833,0.159,HOLDING
2024-10-08,12,MCD,MDLZ,291.6256,68.1383,1.0978,1.5251,-1,0.0129,-0.0833,-0.0704,HOLDING
2024-10-09,12,MCD,MDLZ,293.4899,68.3307,1.0978,1.457,-1,-0.1171,-0.0833,-0.2005,HOLDING
2024-10-10,12,MCD,MDLZ,293.6928,68.4172,1.0978,1.2905,-1,-0.0895,-0.0833,-0.1728,HOLDING
2024-10-11,12,MCD,MDLZ,294.6588,67.9556,1.0978,1.4481,-1,-0.5146,-0.0833,-0.5979,HOLDING
2024-10-14,12,MCD,MDLZ,299.2954,67.8306,1.0978,1.7456,-1,-1.2226,-0.0833,-1.3059,HOLDING
2024-10-15,12,MCD,MDLZ,302.6763,69.052,1.0978,1.3764,-1,-0.9025,-0.0833,-0.9858,HOLDING
2024-10-16,12,MCD,MDLZ,302.2706,69.1578,1.0978,1.2129,-1,-0.7801,-0.0833,-0.8634,HOLDING
2024-10-17,12,MCD,MDLZ,303.9901,68.398,1.0978,1.6524,-1,-1.4972,-0.0833,-1.5806,HOLDING
2024-10-18,12,MCD,MDLZ,305.7867,68.8404,1.0978,1.4736,-1,-1.4588,-0.0833,-1.5422,HOLDING
2024-10-21,12,MCD,MDLZ,304.1736,67.7344,1.0978,1.7127,-1,-1.945,-0.0833,-2.0283,HOLDING
2024-10-22,12,MCD,MDLZ,303.9803,68.6192,1.0978,1.114,-1,-1.355,-0.0833,-1.4383,HOLDING
2024-10-23,12,MCD,MDLZ,288.409,67.8594,1.0978,-0.3908,-1,0.2711,-0.0833,0.1878,HOLDING
2024-10-24,12,MCD,MDLZ,291.3165,67.2728,1.0978,0.2684,-1,-0.4967,-0.0833,-0.5801,HOLDING
2024-10-25,12,MCD,MDLZ,282.6518,66.5803,1.0978,-0.6188,-1,0.2363,-0.0833,0.1529,HOLDING
2024-10-28,12,MCD,MDLZ,286.6895,66.8785,1.0978,-0.3212,-1,-0.1209,-0.0833,-0.2043,HOLDING
2024-10-29,12,MCD,MDLZ,284.9604,66.5034,1.0978,-0.4425,-1,-0.1256,-0.0833,-0.2089,HOLDING
2024-10-30,12,MCD,MDLZ,281.5989,67.1189,1.0978,-1.6349,-1,0.7222,-0.0833,0.6388,HOLDING
2024-10-31,12,MCD,MDLZ,282.1688,65.859,1.0978,-0.3971,-1,-0.1579,-0.0833,-0.2412,HOLDING
2024-11-01,12,MCD,MDLZ,285.1633,65.8879,1.0978,0.1098,-1,-0.5453,-0.0833,-0.6287,HOLDING
2024-11-04,12,MCD,MDLZ,282.8836,65.7436,1.0978,-0.255,-1,-0.3283,-0.0833,-0.4116,HOLDING
2024-11-05,12,MCD,MDLZ,287.2015,66.4072,1.0978,-0.0546,-1,-0.4906,-0.0833,-0.5739,HOLDING
2024-11-06,12,MCD,MDLZ,283.9945,63.8298,1.0978,1.6093,-1,-1.6984,-0.0833,-1.7817,HOLDING
2024-11-07,12,MCD,MDLZ,284.632,63.2047,1.0978,1.9596,-1,-2.1831,-0.0833,-2.2665,HOLDING
2024-11-08,12,MCD,MDLZ,288.7954,63.6663,1.0978,1.9258,-1,-2.4532,-0.0833,-2.5365,HOLDING
2024-11-11,12,MCD,MDLZ,291.2682,63.5701,1.0978,2.0168,-1,-2.8496,-0.0833,-2.9329,HOLDING
2024-11-12,12,MCD,MDLZ,288.4862,63.974,1.0978,1.2407,-1,-2.2152,-0.0833,-2.2985,HOLDING
2024-11-13,12,MCD,MDLZ,287.2305,63.474,1.0978,1.2616,-1,-2.3637,-0.0833,-2.447,HOLDING
2024-11-14,12,MCD,MDLZ,288.3993,63.0508,1.0978,1.5059,-1,-2.7917,-0.0833,-2.8751,HOLDING
2024-11-15,12,MCD,MDLZ,282.6711,62.0217,1.0978,1.3127,-1,-2.6712,-0.0833,-2.7545,HOLDING
2024-11-18,12,MCD,MDLZ,281.1932,61.3966,1.0978,1.3868,-1,-2.8692,-0.0833,-2.9526,HOLDING
2024-11-19,12,MCD,MDLZ,280.8358,61.4255,1.0978,1.2145,-1,-2.8024,-0.0833,-2.8857,HOLDING
2024-11-20,12,MCD,MDLZ,281.0097,61.9544,1.0978,0.8665,-1,-2.4889,-0.0833,-2.5722,HOLDING
2024-11-21,12,MCD,MDLZ,278.6527,62.3103,1.0978,0.3716,-1,-1.9427,-0.0833,-2.0261,HOLDING
2024-11-22,12,MCD,MDLZ,280.4011,61.9352,1.0978,0.6835,-1,-2.4187,-0.0833,-2.502,HOLDING
2024-11-25,12,MCD,MDLZ,286.11,62.4545,1.0978,0.9371,-1,-2.8614,-0.0833,-2.9448,HOLDING
2024-11-26,12,MCD,MDLZ,286.2452,62.3968,1.0978,0.8973,-1,-2.9165,-0.0833,-2.9999,HOLDING
2024-11-27,12,MCD,MDLZ,285.0378,62.5699,1.0978,0.5972,-1,-2.6426,-0.0833,-2.7259,HOLDING
2024-11-29,12,MCD,MDLZ,285.9361,62.4641,1.0978,0.7365,-1,-2.8317,-0.0833,-2.9151,HOLDING
2024-12-02,12,MCD,MDLZ,284.1869,62.7334,1.0978,0.1533,-1,-2.4231,-0.0833,-2.5064,HOLDING
2024-12-03,12,MCD,MDLZ,286.1888,62.3295,1.0978,0.8821,-1,-2.9518,-0.0833,-3.0351,HOLDING
2024-12-04,12,MCD,MDLZ,286.7621,60.8484,1.0978,2.9239,-1,-3.9732,-0.0833,-4.0566,HOLDING
2024-12-05,12,MCD,MDLZ,291.0185,60.8196,1.0978,3.0216,-1,-4.5684,-0.0833,-4.6518,HOLDING
2024-12-06,12,MCD,MDLZ,290.5423,60.4541,1.0978,2.5567,-1,-4.7368,-0.0833,-4.8201,HOLDING
2024-12-09,12,MCD,MDLZ,292.8649,59.0885,1.0978,2.9289,-1,-5.9218,-0.0833,-6.0051,HOLDING
2024-12-10,12,MCD,MDLZ,292.2235,59.3866,1.0978,2.1548,-1,-5.6449,-0.0833,-5.7282,HOLDING
2024-12-11,12,MCD,MDLZ,287.7436,60.7042,1.0978,0.7947,-1,-4.1982,-0.0833,-4.2815,HOLDING
2024-12-12,12,MCD,MDLZ,288.2586,60.2329,1.0978,1.0213,-1,-4.5683,-0.0833,-4.6516,HOLDING
2024-12-13,12,MCD,MDLZ,288.2295,59.5597,1.0978,1.2667,-1,-4.9933,-0.0833,-5.0766,HOLDING
2024-12-16,12,MCD,MDLZ,289.3081,59.1366,1.0978,1.4388,-1,-5.4091,-0.0833,-5.4924,HOLDING
2024-12-17,12,MCD,MDLZ,287.7241,58.9923,1.0978,1.2174,-1,-5.2864,-0.0833,-5.3697,HOLDING
2024-12-18,12,MCD,MDLZ,282.6709,57.7228,1.0978,1.2492,-1,-5.4105,-0.0833,-5.4938,HOLDING
2024-12-19,12,MCD,MDLZ,282.0393,57.0015,1.0978,1.4027,-1,-5.7845,-0.0833,-5.8679,HOLDING
2024-12-20,12,MCD,MDLZ,284.4201,57.1169,1.0978,1.4319,-1,-6.0336,-0.0833,-6.117,HOLDING
2024-12-23,12,MCD,MDLZ,283.0693,57.0111,1.0978,1.2354,-1,-5.918,-0.0833,-6.0013,HOLDING
2024-12-24,12,MCD,MDLZ,285.6931,57.7036,1.0978,1.0206,-1,-5.8323,-0.0833,-5.9157,HOLDING
2024-12-26,12,MCD,MDLZ,286.4803,57.5593,1.0978,1.071,-1,-6.0309,-0.0833,-6.1143,HOLDING
2024-12-27,12,MCD,MDLZ,285.3336,57.9056,1.0978,0.6922,-1,-5.6549,-0.0833,-5.7382,HOLDING
2024-12-30,12,MCD,MDLZ,281.427,57.2804,1.0978,0.5611,-1,-5.5238,-0.0833,-5.6072,HOLDING
2024-12-31,12,MCD,MDLZ,281.7089,57.9008,1.0978,0.0707,-1,-5.1667,-0.0833,-5.25,HOLDING
2025-01-02,12,MCD,MDLZ,284.2549,57.6779,1.0978,0.5922,-1,-5.6538,-0.0833,-5.7371,HOLDING
2025-01-03,12,MCD,MDLZ,286.4608,58.0268,1.0978,0.586,-1,-5.7304,-0.0833,-5.8137,HOLDING
2025-01-06,12,MCD,MDLZ,283.9342,56.4371,1.0978,1.7182,-1,-6.401,-0.0833,-6.4843,HOLDING
2025-01-07,12,MCD,MDLZ,281.1743,56.5049,1.0978,0.9549,-1,-5.9838,-0.0833,-6.0671,HOLDING
2025-01-08,12,MCD,MDLZ,278.8033,56.5049,1.0978,0.4217,-1,-5.6624,-0.0833,-5.7458,HOLDING
2025-01-10,12,MCD,MDLZ,274.3427,54.5274,1.0978,1.637,-1,-6.3181,-0.0833,-6.4014,HOLDING
2025-01-13,12,MCD,MDLZ,275.6255,54.4499,1.0978,1.9336,-1,-6.5413,-0.0833,-6.6246,HOLDING
2025-01-14,12,MCD,MDLZ,273.6334,55.3514,1.0978,0.2407,-1,-5.6969,-0.0833,-5.7802,HOLDING
2025-01-15,12,MCD,MDLZ,274.333,54.9055,1.0978,1.0204,-1,-6.0758,-0.0833,-6.1592,HOLDING
2025-01-16,12,MCD,MDLZ,271.8453,56.2238,1.0978,-1.7095,-1,-4.8986,-0.0833,-4.9819,HOLDING
2025-01-17,12,MCD,MDLZ,273.0211,56.0881,1.0978,-1.2019,-1,-5.1444,-0.0833,-5.2278,HOLDING
2025-01-21,12,MCD,MDLZ,274.6343,55.8361,1.0978,-0.3903,-1,-5.5237,-0.0833,-5.607,HOLDING
2025-01-22,12,MCD,MDLZ,273.4099,54.5856,1.0978,1.1355,-1,-6.1546,-0.0833,-6.2379,HOLDING
2025-01-23,12,MCD,MDLZ,276.4029,55.2157,1.0978,0.9488,-1,-6.1587,-0.0833,-6.242,HOLDING
2025-01-24,12,MCD,MDLZ,277.4038,55.6616,1.0978,0.528,-1,-6.0102,-0.0833,-6.0935,HOLDING
2025-01-27,12,MCD,MDLZ,284.8185,56.5437,1.0978,1.1019,-1,-6.4529,-0.0833,-6.5362,HOLDING
2025-01-28,12,MCD,MDLZ,282.9333,55.1672,1.0978,2.1282,-1,-7.0746,-0.0833,-7.1579,HOLDING
2025-01-29,12,MCD,MDLZ,281.9226,55.3805,1.0978,1.4492,-1,-6.8017,-0.0833,-6.885,HOLDING
2025-01-30,12,MCD,MDLZ,282.1267,56.6213,1.0978,-0.007,-1,-6.0387,-0.0833,-6.122,HOLDING
2025-01-31,12,MCD,MDLZ,280.5524,56.2141,1.0978,0.0524,-1,-6.0848,-0.0833,-6.1681,HOLDING
2025-02-03,12,MCD,MDLZ,281.8643,55.6519,1.0978,0.983,-1,-6.6208,-0.0833,-6.7042,HOLDING
2025-02-04,12,MCD,MDLZ,281.5922,54.4014,1.0978,2.1209,-1,-7.3808,-0.0833,-7.4641,HOLDING
2025-02-05,12,MCD,MDLZ,280.6788,55.6713,1.0978,0.4372,-1,-6.4478,-0.0833,-6.5312,HOLDING
2025-02-06,12,MCD,MDLZ,286.0527,56.059,1.0978,0.999,-1,-6.929,-0.0833,-7.0123,HOLDING
2025-02-07,12,MCD,MDLZ,285.9944,56.66,1.0978,0.2634,-1,-6.5381,-0.0833,-6.6215,HOLDING
2025-02-10,12,MCD,MDLZ,299.7159,56.7376,1.0978,2.3288,-1,-8.3483,-0.0833,-8.4316,HOLDING
2025-02-11,12,MCD,MDLZ,301.4554,58.5988,1.0978,0.845,-1,-7.398,-0.0833,-7.4813,HOLDING
2025-02-12,12,MCD,MDLZ,298.919,58.7442,1.0978,0.2555,-1,0.0,-7.1229,-7.1229,PERIOD_END_EXIT
2024-08-13,13,ATO,LNT,123.7709,54.038,0.8327,0.0,0,0.0,0.0,0.0,HOLD_CASH
2024-08-14,13,ATO,LNT,123.6364,54.2493,0.8327,0.0,0,0.0,0.0,0.0,HOLD_CASH
2024-08-15,13,ATO,LNT,123.9919,54.6911,0.8327,0.0,0,0.0,0.0,0.0,HOLD_CASH
2024-08-16,13,ATO,LNT,124.1649,55.1042,0.8327,0.0,0,0.0,0.0,0.0,HOLD_CASH
2024-08-19,13,ATO,LNT,124.3571,55.3923,0.8327,0.0,0,0.0,0.0,0.0,HOLD_CASH
2024-08-20,13,ATO,LNT,124.2129,55.2675,0.8327,0.0,0,0.0,0.0,0.0,HOLD_CASH
2024-08-21,13,ATO,LNT,124.53,55.5172,0.8327,0.0,0,0.0,0.0,0.0,HOLD_CASH
2024-08-22,13,ATO,LNT,124.655,55.5844,0.8327,0.0,0,0.0,0.0,0.0,HOLD_CASH
2024-08-23,13,ATO,LNT,125.0105,55.7381,0.8327,0.0,0,0.0,0.0,0.0,HOLD_CASH
2024-08-26,13,ATO,LNT,125.8856,55.9206,0.8327,0.0,0,0.0,0.0,0.0,HOLD_CASH
2024-08-27,13,ATO,LNT,125.0347,55.3155,0.8327,0.0,0,0.0,0.0,0.0,HOLD_CASH
2024-08-28,13,ATO,LNT,124.822,55.5172,0.8327,0.0,0,0.0,0.0,0.0,HOLD_CASH
2024-08-29,13,ATO,LNT,125.112,55.6613,0.8327,0.0,0,0.0,0.0,0.0,HOLD_CASH
2024-08-30,13,ATO,LNT,126.4174,55.9686,0.8327,0.0,0,0.0,0.0,0.0,HOLD_CASH
2024-09-03,13,ATO,LNT,127.4907,56.4681,0.8327,0.0,0,0.0,0.0,0.0,HOLD_CASH
2024-09-04,13,ATO,LNT,127.8291,56.7947,0.8327,0.0,0,0.0,0.0,0.0,HOLD_CASH
2024-09-05,13,ATO,LNT,127.0749,56.641,0.8327,0.0,0,0.0,0.0,0.0,HOLD_CASH
2024-09-06,13,ATO,LNT,126.4754,56.2664,0.8327,0.0,0,0.0,0.0,0.0,HOLD_CASH
2024-09-09,13,ATO,LNT,129.3762,56.9099,0.8327,0.0,0,0.0,0.0,0.0,HOLD_CASH
2024-09-10,13,ATO,LNT,131.6969,57.006,0.8327,3.297,-1,0.0,-0.0833,-0.0833,ENTER_SHORT_A
2024-09-11,13,ATO,LNT,130.3239,56.6698,0.8327,2.2392,-1,0.2508,-0.0833,0.1674,HOLDING
2024-09-12,13,ATO,LNT,130.3142,56.5833,0.8327,2.0143,-1,0.1967,-0.0833,0.1134,HOLDING
2024-09-13,13,ATO,LNT,132.4414,57.2941,0.8327,2.1168,-1,-0.0657,-0.0833,-0.149,HOLDING
2024-09-16,13,ATO,LNT,133.6985,58.1201,0.8327,1.6594,-1,0.049,-0.0833,-0.0344,HOLDING
2024-09-17,13,ATO,LNT,133.5824,57.9281,0.8327,1.5843,-1,-0.0386,-0.0833,-0.1219,HOLDING
2024-09-18,13,ATO,LNT,132.016,57.9473,0.8327,0.6265,-1,0.515,-0.0833,0.4317,HOLDING
2024-09-19,13,ATO,LNT,131.7452,57.3902,0.8327,0.9695,-1,0.2385,-0.0833,0.1552,HOLDING
2024-09-20,13,ATO,LNT,132.045,57.3614,0.8327,1.0608,-1,0.1159,-0.0833,0.0325,HOLDING
2024-09-23,13,ATO,LNT,132.8089,57.9665,0.8327,0.7552,-1,0.254,-0.0833,0.1707,HOLDING
2024-09-24,13,ATO,LNT,131.9676,57.6783,0.8327,0.5147,-1,0.3531,-0.0833,0.2698,HOLDING
2024-09-25,13,ATO,LNT,132.0643,57.5823,0.8327,0.6097,-1,0.2559,-0.0833,0.1726,HOLDING
2024-09-26,13,ATO,LNT,132.248,57.5342,0.8327,0.7002,-1,0.1606,-0.0833,0.0773,HOLDING
2024-09-27,13,ATO,LNT,133.2246,58.3411,0.8327,0.2592,-1,0.3593,-0.0833,0.276,HOLDING
2024-09-30,13,ATO,LNT,134.1239,58.293,0.8327,0.8582,-1,0.0169,-0.0833,-0.0664,HOLDING
2024-10-01,13,ATO,LNT,134.385,58.61,0.8327,0.5367,-1,0.1373,-0.0833,0.054,HOLDING
2024-10-02,13,ATO,LNT,134.5203,58.197,0.8327,1.158,-1,-0.1838,-0.0833,-0.2671,HOLDING
2024-10-03,13,ATO,LNT,134.617,58.1778,0.8327,1.2872,-1,-0.2299,-0.0833,-0.3132,HOLDING
2024-10-04,13,ATO,LNT,135.2165,57.8128,0.8327,2.6821,-1,-0.6793,-0.0833,-0.7627,HOLDING
2024-10-07,13,ATO,LNT,133.1086,56.9964,0.8327,1.9264,-1,-0.4938,-0.0833,-0.5771,HOLDING
2024-10-08,13,ATO,LNT,133.6598,57.2365,0.8327,1.7634,-1,-0.5246,-0.0833,-0.6079,HOLDING
2024-10-09,13,ATO,LNT,133.476,57.2077,0.8327,1.4392,-1,-0.4803,-0.0833,-0.5636,HOLDING
2024-10-10,13,ATO,LNT,133.6308,56.6506,0.8327,2.2075,-1,-0.9037,-0.0833,-0.9871,HOLDING
2024-10-11,13,ATO,LNT,134.7524,57.3133,0.8327,1.7708,-1,-0.8508,-0.0833,-0.9342,HOLDING
2024-10-14,13,ATO,LNT,135.642,57.9953,0.8327,1.272,-1,-0.705,-0.0833,-0.7883,HOLDING
2024-10-15,13,ATO,LNT,137.3051,58.6676,0.8327,1.3761,-1,-0.8327,-0.0833,-0.916,HOLDING
2024-10-16,13,ATO,LNT,139.181,59.8299,0.8327,1.0102,-1,-0.7084,-0.0833,-0.7917,HOLDING
2024-10-17,13,ATO,LNT,139.0069,59.5321,0.8327,1.1776,-1,-0.8461,-0.0833,-0.9294,HOLDING
2024-10-18,13,ATO,LNT,138.5235,59.7146,0.8327,0.5043,-1,-0.5579,-0.0833,-0.6413,HOLDING
2024-10-21,13,ATO,LNT,137.5082,58.9366,0.8327,0.7849,-1,-0.7241,-0.0833,-0.8075,HOLDING
2024-10-22,13,ATO,LNT,137.2278,58.6292,0.8327,0.9469,-1,-0.8315,-0.0833,-0.9148,HOLDING
2024-10-23,13,ATO,LNT,138.3784,59.4745,0.8327,0.473,-1,-0.6673,-0.0833,-0.7507,HOLDING
2024-10-24,13,ATO,LNT,137.953,59.4649,0.8327,0.0318,-1,-0.5268,-0.0833,-0.6102,HOLDING
2024-10-25,13,ATO,LNT,136.0674,58.3411,0.8327,0.2101,-1,-0.6222,-0.0833,-0.7056,HOLDING
2024-10-28,13,ATO,LNT,136.812,58.7253,0.8327,0.112,-1,-0.6241,-0.0833,-0.7075,HOLDING
2024-10-29,13,ATO,LNT,135.8064,57.3421,0.8327,2.3556,-1,-1.1956,-0.0833,-1.2789,HOLDING
2024-10-30,13,ATO,LNT,135.0038,56.9387,0.8327,2.1094,-1,-1.1864,-0.0833,-1.2698,HOLDING
2024-10-31,13,ATO,LNT,134.1916,58.1007,0.8327,-2.3433,-1,-0.1342,-0.0833,-0.2175,HOLDING
2024-11-01,13,ATO,LNT,133.8241,55.9123,0.8327,2.4966,-1,-1.4609,-0.0833,-1.5442,HOLDING
2024-11-04,13,ATO,LNT,133.1183,55.6896,0.8327,1.8684,-1,-1.3651,-0.0833,-1.4484,HOLDING
2024-11-05,13,ATO,LNT,133.418,56.2803,0.8327,0.8527,-1,-1.0763,-0.0833,-1.1596,HOLDING
2024-11-06,13,ATO,LNT,134.2883,55.1957,0.8327,2.8812,-1,-2.0971,-0.0833,-2.1804,HOLDING
2024-11-07,13,ATO,LNT,136.7637,54.4598,0.8327,3.4129,-1,-3.4406,-0.0833,-3.5239,HOLDING
2024-11-08,13,ATO,LNT,139.4227,55.922,0.8327,2.4858,-1,-3.3875,-0.0833,-3.4708,HOLDING
2024-11-11,13,ATO,LNT,141.2792,58.0233,0.8327,1.4038,-1,-2.6328,-0.0833,-2.7161,HOLDING
2024-11-12,13,ATO,LNT,141.9658,58.033,0.8327,1.4476,-1,-2.8634,-0.0833,-2.9467,HOLDING
2024-11-13,13,ATO,LNT,141.666,58.2363,0.8327,1.0957,-1,-2.6248,-0.0833,-2.7081,HOLDING
2024-11-14,13,ATO,LNT,139.5677,57.6166,0.8327,0.747,-1,-2.312,-0.0833,-2.3953,HOLDING
2024-11-15,13,ATO,LNT,140.0996,59.0497,0.8327,-0.0539,-1,-1.5437,-0.0833,-1.627,HOLDING
2024-11-18,13,ATO,LNT,142.1108,59.8535,0.8327,0.0392,-1,-1.7043,-0.0833,-1.7876,HOLDING
2024-11-19,13,ATO,LNT,141.9271,60.2795,0.8327,-0.3312,-1,-1.3578,-0.0833,-1.4412,HOLDING
2024-11-20,13,ATO,LNT,142.3525,60.2602,0.8327,-0.2225,-1,-1.5176,-0.0833,-1.6009,HOLDING
2024-11-21,13,ATO,LNT,145.292,61.1995,0.8327,0.0854,-1,-1.9086,-0.0833,-1.992,HOLDING
2024-11-22,13,ATO,LNT,145.089,61.3157,0.8327,-0.1325,-1,-1.7613,-0.0833,-1.8447,HOLDING
2024-11-25,13,ATO,LNT,146.0616,61.6158,0.8327,-0.0635,-1,-1.8978,-0.0833,-1.9811,HOLDING
2024-11-26,13,ATO,LNT,146.2074,61.335,0.8327,0.1619,-1,-2.1346,-0.0833,-2.218,HOLDING
2024-11-27,13,ATO,LNT,147.2772,61.5771,0.8327,0.3369,-1,-2.3432,-0.0833,-2.4265,HOLDING
2024-11-29,13,ATO,LNT,147.1703,61.1995,0.8327,0.532,-1,-2.5571,-0.0833,-2.6405,HOLDING
2024-12-02,13,ATO,LNT,144.486,60.3086,0.8327,0.0555,-1,-2.222,-0.0833,-2.3054,HOLDING
2024-12-03,13,ATO,LNT,142.0254,59.8728,0.8327,-0.7608,-1,-1.6619,-0.0833,-1.7452,HOLDING
2024-12-04,13,ATO,LNT,140.051,59.8244,0.8327,-1.6866,-1,-1.0124,-0.0833,-1.0957,HOLDING
2024-12-05,13,ATO,LNT,139.1173,59.592,0.8327,-1.6811,-1,-0.8444,-0.0833,-0.9277,HOLDING
2024-12-06,13,ATO,LNT,138.067,59.1272,0.8327,-1.6496,-1,-0.7905,-0.0833,-0.8738,HOLDING
2024-12-09,13,ATO,LNT,137.1819,58.9819,0.8327,-1.8434,-1,-0.5814,-0.0833,-0.6647,HOLDING
2024-12-10,13,ATO,LNT,137.2403,58.7786,0.8327,-1.4402,-1,-0.7366,-0.0833,-0.8199,HOLDING
2024-12-11,13,ATO,LNT,136.1899,58.4978,0.8327,-1.5666,-1,-0.5604,-0.0833,-0.6438,HOLDING
2024-12-12,13,ATO,LNT,136.3747,58.5559,0.8327,-1.3988,-1,-0.5856,-0.0833,-0.669,HOLDING
2024-12-13,13,ATO,LNT,136.7248,58.5365,0.8327,-1.0799,-1,-0.7194,-0.0833,-0.8027,HOLDING
2024-12-16,13,ATO,LNT,136.5984,57.9845,0.8327,-0.5041,-1,-1.0423,-0.0833,-1.1257,HOLDING
2024-12-17,13,ATO,LNT,137.5029,57.6844,0.8327,0.3386,-1,-1.554,-0.0833,-1.6373,HOLDING
2024-12-18,13,ATO,LNT,132.6692,56.3093,0.8327,-0.807,-1,-0.7984,-0.0833,-0.8817,HOLDING
2024-12-19,13,ATO,LNT,134.1864,56.4158,0.8327,-0.055,-1,-1.2515,-0.0833,-1.3348,HOLDING
2024-12-20,13,ATO,LNT,135.8592,57.084,0.8327,0.1773,-1,-1.3853,-0.0833,-1.4686,HOLDING
2024-12-23,13,ATO,LNT,135.3827,57.3842,0.8327,-0.3761,-1,-1.0214,-0.0833,-1.1047,HOLDING
2024-12-24,13,ATO,LNT,136.2191,57.7328,0.8327,-0.2348,-1,-1.0786,-0.0833,-1.1619,HOLDING
2024-12-26,13,ATO,LNT,136.1607,57.7618,0.8327,-0.23,-1,-1.0392,-0.0833,-1.1225,HOLDING
2024-12-27,13,ATO,LNT,135.5383,57.6553,0.8327,-0.406,-1,-0.895,-0.0833,-0.9783,HOLDING
2024-12-30,13,ATO,LNT,135.12,57.452,0.8327,-0.339,-1,-0.8857,-0.0833,-0.969,HOLDING
2024-12-31,13,ATO,LNT,135.4507,57.268,0.8327,0.5047,-1,-1.1221,-0.0833,-1.2054,HOLDING
2025-01-02,13,ATO,LNT,134.4976,56.6579,0.8327,0.9566,-1,-1.1982,-0.0833,-1.2815,HOLDING
2025-01-03,13,ATO,LNT,134.9839,56.4933,0.8327,1.7341,-1,-1.4754,-0.0833,-1.5587,HOLDING
2025-01-06,13,ATO,LNT,132.7664,55.4959,0.8327,1.3074,-1,-1.3723,-0.0833,-1.4556,HOLDING
2025-01-07,13,ATO,LNT,132.8831,55.5443,0.8327,1.1955,-1,-1.3804,-0.0833,-1.4637,HOLDING
2025-01-08,13,ATO,LNT,135.6939,56.3577,0.8327,2.1154,-1,-1.8106,-0.0833,-1.8939,HOLDING
2025-01-10,13,ATO,LNT,133.2819,54.8665,0.8327,2.2219,-1,-1.9683,-0.0833,-2.0516,HOLDING
2025-01-13,13,ATO,LNT,134.4684,55.1763,0.8327,2.276,-1,-2.1721,-0.0833,-2.2555,HOLDING
2025-01-14,13,ATO,LNT,136.861,55.9607,0.8327,2.3907,-1,-2.4772,-0.0833,-2.5606,HOLDING
2025-01-15,13,ATO,LNT,137.2111,56.6192,0.8327,1.5201,-1,-2.1608,-0.0833,-2.2441,HOLDING
2025-01-16,13,ATO,LNT,140.9652,58.1685,0.8327,1.6898,-1,-2.4279,-0.0833,-2.5112,HOLDING
2025-01-17,13,ATO,LNT,141.3834,58.6333,0.8327,1.2465,-1,-2.2635,-0.0833,-2.3469,HOLDING
2025-01-21,13,ATO,LNT,141.471,59.0691,0.8327,0.6988,-1,-2.0043,-0.0833,-2.0877,HOLDING
2025-01-22,13,ATO,LNT,137.8044,57.2196,0.8327,0.6524,-1,-1.9668,-0.0833,-2.0502,HOLDING
2025-01-23,13,ATO,LNT,135.7328,56.8322,0.8327,-0.1867,-1,-1.5089,-0.0833,-1.5922,HOLDING
2025-01-24,13,ATO,LNT,135.6841,56.9097,0.8327,-0.3687,-1,-1.4406,-0.0833,-1.5239,HOLDING
2025-01-27,13,ATO,LNT,138.9228,58.1007,0.8327,0.1435,-1,-1.7677,-0.0833,-1.851,HOLDING
2025-01-28,13,ATO,LNT,137.5807,57.0065,0.8327,0.638,-1,-2.0311,-0.0833,-2.1144,HOLDING
2025-01-29,13,ATO,LNT,137.1625,56.7354,0.8327,0.6539,-1,-2.0668,-0.0833,-2.1501,HOLDING
2025-01-30,13,ATO,LNT,138.7964,57.4616,0.8327,0.7213,-1,-2.1486,-0.0833,-2.2319,HOLDING
2025-01-31,13,ATO,LNT,138.6019,57.5075,0.8327,0.4018,-1,-2.0509,-0.0833,-2.1342,HOLDING
2025-02-03,13,ATO,LNT,139.4675,57.8885,0.8327,0.418,-1,-2.0968,-0.0833,-2.1801,HOLDING
2025-02-04,13,ATO,LNT,138.4949,57.8592,0.8327,-0.5843,-1,-1.7804,-0.0833,-1.8638,HOLDING
2025-02-05,13,ATO,LNT,141.082,58.3377,0.8327,1.0619,-1,-2.3558,-0.0833,-2.4391,HOLDING
2025-02-06,13,ATO,LNT,139.1951,58.1522,0.8327,-0.7731,-1,-1.8276,-0.0833,-1.9109,HOLDING
2025-02-07,13,ATO,LNT,138.5922,58.0838,0.8327,-1.2758,-1,-1.6648,-0.0833,-1.7481,HOLDING
2025-02-10,13,ATO,LNT,138.3782,58.4745,0.8327,-2.0495,-1,-1.3314,-0.0833,-1.4148,HOLDING
2025-02-11,13,ATO,LNT,141.0917,58.9042,0.8327,-0.0502,-1,-1.9829,-0.0833,-2.0662,HOLDING
2025-02-12,13,ATO,LNT,142.3268,59.2168,0.8327,0.7099,-1,0.0,-2.3736,-2.3736,PERIOD_END_EXIT
2024-08-13,14,AEP,PPL,93.1732,29.2603,1.1245,0.0,0,0.0,0.0,0.0,HOLD_CASH
2024-08-14,14,AEP,PPL,92.3281,29.3833,1.1245,0.0,0,0.0,0.0,0.0,HOLD_CASH
2024-08-15,14,AEP,PPL,91.6825,29.3171,1.1245,0.0,0,0.0,0.0,0.0,HOLD_CASH
2024-08-16,14,AEP,PPL,92.0433,29.4969,1.1245,0.0,0,0.0,0.0,0.0,HOLD_CASH
2024-08-19,14,AEP,PPL,92.613,29.6956,1.1245,0.0,0,0.0,0.0,0.0,HOLD_CASH
2024-08-20,14,AEP,PPL,92.7079,29.7903,1.1245,0.0,0,0.0,0.0,0.0,HOLD_CASH
2024-08-21,14,AEP,PPL,93.0592,29.8565,1.1245,0.0,0,0.0,0.0,0.0,HOLD_CASH
2024-08-22,14,AEP,PPL,93.3251,29.8565,1.1245,0.0,0,0.0,0.0,0.0,HOLD_CASH
2024-08-23,14,AEP,PPL,93.2871,30.0836,1.1245,0.0,0,0.0,0.0,0.0,HOLD_CASH
2024-08-26,14,AEP,PPL,94.0182,30.1972,1.1245,0.0,0,0.0,0.0,0.0,HOLD_CASH
2024-08-27,14,AEP,PPL,93.5625,30.0268,1.1245,0.0,0,0.0,0.0,0.0,HOLD_CASH
2024-08-28,14,AEP,PPL,93.5625,30.0552,1.1245,0.0,0,0.0,0.0,0.0,HOLD_CASH
2024-08-29,14,AEP,PPL,94.7113,30.0458,1.1245,0.0,0,0.0,0.0,0.0,HOLD_CASH
2024-08-30,14,AEP,PPL,95.2146,30.1972,1.1245,0.0,0,0.0,0.0,0.0,HOLD_CASH
2024-09-03,14,AEP,PPL,96.4394,30.3864,1.1245,0.0,0,0.0,0.0,0.0,HOLD_CASH
2024-09-04,14,AEP,PPL,97.256,30.4811,1.1245,0.0,0,0.0,0.0,0.0,HOLD_CASH
2024-09-05,14,AEP,PPL,97.8921,30.4243,1.1245,0.0,0,0.0,0.0,0.0,HOLD_CASH
2024-09-06,14,AEP,PPL,96.8952,30.3486,1.1245,0.0,0,0.0,0.0,0.0,HOLD_CASH
2024-09-09,14,AEP,PPL,98.4239,30.6987,1.1245,0.0,0,0.0,0.0,0.0,HOLD_CASH
2024-09-10,14,AEP,PPL,98.0156,30.6777,1.1245,1.0826,0,0.0,0.0,0.0,HOLD_CASH
2024-09-11,14,AEP,PPL,97.8447,30.4774,1.1245,1.545,0,0.0,0.0,0.0,HOLD_CASH
2024-09-12,14,AEP,PPL,97.7877,30.487,1.1245,1.3223,0,0.0,0.0,0.0,HOLD_CASH
2024-09-13,14,AEP,PPL,98.9081,30.9639,1.1245,0.7424,0,0.0,0.0,0.0,HOLD_CASH
2024-09-16,14,AEP,PPL,99.6487,31.1738,1.1245,0.6605,0,0.0,0.0,0.0,HOLD_CASH
2024-09-17,14,AEP,PPL,98.9461,30.9067,1.1245,0.7929,0,0.0,0.0,0.0,HOLD_CASH
2024-09-18,14,AEP,PPL,98.0061,30.6682,1.1245,0.6457,0,0.0,0.0,0.0,HOLD_CASH
2024-09-19,14,AEP,PPL,96.6008,30.3248,1.1245,0.422,0,0.0,0.0,0.0,HOLD_CASH
2024-09-20,14,AEP,PPL,96.9901,30.9639,1.1245,-1.2942,0,0.0,0.0,0.0,HOLD_CASH
2024-09-23,14,AEP,PPL,97.3509,31.3264,1.1245,-2.0576,1,0.0,-0.0833,-0.0833,ENTER_LONG_A
2024-09-24,14,AEP,PPL,96.2875,31.0688,1.1245,-2.0353,1,-0.0658,-0.0833,-0.1492,HOLDING
2024-09-25,14,AEP,PPL,96.0406,31.231,1.1245,-2.3188,1,-0.3936,-0.0833,-0.477,HOLDING
2024-09-26,14,AEP,PPL,95.6513,31.0975,1.1245,-2.0137,1,-0.3625,-0.0833,-0.4458,HOLDING
2024-09-27,14,AEP,PPL,96.6958,31.3646,1.1245,-1.6923,1,-0.3177,-0.0833,-0.401,HOLDING
2024-09-30,14,AEP,PPL,97.4174,31.5553,1.1245,-1.4783,1,-0.2956,-0.0833,-0.3789,HOLDING
2024-10-01,14,AEP,PPL,97.0566,31.6984,1.1245,-1.7035,1,-0.6424,-0.0833,-0.7257,HOLDING
2024-10-02,14,AEP,PPL,96.6673,31.5363,1.1245,-1.4301,1,-0.5709,-0.0833,-0.6543,HOLDING
2024-10-03,14,AEP,PPL,96.2495,31.2405,1.1245,-1.0192,1,-0.3229,-0.0833,-0.4062,HOLDING
2024-10-04,14,AEP,PPL,95.2146,31.0498,1.1245,-1.0944,1,-0.4713,-0.0833,-0.5546,HOLDING
2024-10-07,14,AEP,PPL,93.1067,30.4011,1.1245,-0.9318,1,-0.4073,-0.0833,-0.4906,HOLDING
2024-10-08,14,AEP,PPL,93.2396,30.6396,1.1245,-1.1699,1,-0.6895,-0.0833,-0.7728,HOLDING
2024-10-09,14,AEP,PPL,92.7839,30.382,1.1245,-0.8602,1,-0.5105,-0.0833,-0.5938,HOLDING
2024-10-10,14,AEP,PPL,92.3092,30.0195,1.1245,-0.3528,1,-0.1914,-0.0833,-0.2747,HOLDING
2024-10-11,14,AEP,PPL,93.2871,30.2485,1.1245,-0.1636,1,-0.1197,-0.0833,-0.203,HOLDING
2024-10-14,14,AEP,PPL,93.7998,30.6014,1.1245,-0.54,1,-0.41,-0.0833,-0.4934,HOLDING
2024-10-15,14,AEP,PPL,94.6259,30.8494,1.1245,-0.49,1,-0.4264,-0.0833,-0.5097,HOLDING
2024-10-16,14,AEP,PPL,96.202,31.1165,1.1245,0.1986,1,-0.1674,-0.0833,-0.2507,HOLDING
2024-10-17,14,AEP,PPL,95.8128,30.8781,1.1245,1.2342,1,0.0115,-0.0833,-0.0718,HOLDING
2024-10-18,14,AEP,PPL,95.6039,31.1547,1.1245,-0.5881,1,-0.4622,-0.0833,-0.5455,HOLDING
2024-10-21,14,AEP,PPL,95.1006,31.2215,1.1245,-1.8448,1,-0.7589,-0.0833,-0.8423,HOLDING
2024-10-22,14,AEP,PPL,94.8443,31.1738,1.1245,-1.7995,1,-0.7951,-0.0833,-0.8784,HOLDING
2024-10-23,14,AEP,PPL,95.7368,31.603,1.1245,-2.3104,1,-1.0399,-0.0833,-1.1232,HOLDING
2024-10-24,14,AEP,PPL,94.3695,31.355,1.1245,-2.4488,1,-1.2416,-0.0833,-1.3249,HOLDING
2024-10-25,14,AEP,PPL,93.2301,30.9353,1.1245,-1.7757,1,-1.1097,-0.0833,-1.193,HOLDING
2024-10-28,14,AEP,PPL,94.1037,31.2024,1.1245,-1.5891,1,-1.1338,-0.0833,-1.2171,HOLDING
2024-10-29,14,AEP,PPL,92.4706,30.6396,1.1245,-1.1647,1,-0.9994,-0.0833,-1.0827,HOLDING
2024-10-30,14,AEP,PPL,92.48,30.7541,1.1245,-1.4232,1,-1.1567,-0.0833,-1.24,HOLDING
2024-10-31,14,AEP,PPL,93.7619,31.0593,1.1245,-1.048,1,-1.07,-0.0833,-1.1534,HOLDING
2024-11-01,14,AEP,PPL,92.3376,30.1054,1.1245,0.8499,1,-0.3008,-0.0833,-0.3841,HOLDING
2024-11-04,14,AEP,PPL,93.4295,30.5824,1.1245,0.2978,1,-0.5324,-0.0833,-0.6157,HOLDING
2024-11-05,14,AEP,PPL,95.3285,31.0879,1.1245,0.4308,1,-0.4791,-0.0833,-0.5624,HOLDING
2024-11-06,14,AEP,PPL,91.3881,31.0498,1.1245,-2.6193,1,-2.013,-0.0833,-2.0964,HOLDING
2024-11-07,14,AEP,PPL,91.4641,30.8494,1.1245,-1.74,1,-1.7004,-0.0833,-1.7837,HOLDING
2024-11-08,14,AEP,PPL,92.4228,31.5363,1.1245,-2.2705,1,-2.2811,-0.0833,-2.3645,HOLDING
2024-11-11,14,AEP,PPL,90.6108,31.9178,1.1245,-2.9873,1,-3.5485,-0.0833,-3.6318,HOLDING
2024-11-12,14,AEP,PPL,89.1248,31.708,1.1245,-2.5816,1,-3.8518,-0.0833,-3.9351,HOLDING
2024-11-13,14,AEP,PPL,89.4795,31.9464,1.1245,-2.2407,1,-4.0446,-0.0833,-4.1279,HOLDING
2024-11-14,14,AEP,PPL,89.8918,31.6793,1.1245,-1.5836,1,-3.5024,-0.0833,-3.5858,HOLDING
2024-11-15,14,AEP,PPL,92.3365,32.1468,1.1245,-1.134,1,-3.1755,-0.0833,-3.2588,HOLDING
2024-11-18,14,AEP,PPL,92.5091,32.4329,1.1245,-1.2432,1,-3.5089,-0.0833,-3.5922,HOLDING
2024-11-19,14,AEP,PPL,92.7105,32.5665,1.1245,-1.1851,1,-3.6158,-0.0833,-3.6991,HOLDING
2024-11-20,14,AEP,PPL,92.8063,32.6905,1.1245,-1.1536,1,-3.7518,-0.0833,-3.8351,HOLDING
2024-11-21,14,AEP,PPL,94.0335,33.2438,1.1245,-1.1872,1,-4.0363,-0.0833,-4.1197,HOLDING
2024-11-22,14,AEP,PPL,93.5637,32.8622,1.1245,-0.8698,1,-3.6884,-0.0833,-3.7717,HOLDING
2024-11-25,14,AEP,PPL,94.0527,32.8145,1.1245,-0.6041,1,-3.4242,-0.0833,-3.5075,HOLDING
2024-11-26,14,AEP,PPL,95.232,33.2342,1.1245,-0.5831,1,-3.54,-0.0833,-3.6234,HOLDING
2024-11-27,14,AEP,PPL,95.7689,33.3868,1.1245,-0.499,1,-3.5386,-0.0833,-3.6219,HOLDING
2024-11-29,14,AEP,PPL,95.7401,33.3201,1.1245,-0.3684,1,-3.4562,-0.0833,-3.5395,HOLDING
2024-12-02,14,AEP,PPL,94.1678,32.8527,1.1245,-0.3043,1,-3.4316,-0.0833,-3.5149,HOLDING
2024-12-03,14,AEP,PPL,93.0173,32.6714,1.1245,-0.4576,1,-3.6399,-0.0833,-3.7233,HOLDING
2024-12-04,14,AEP,PPL,92.279,32.452,1.1245,-0.4281,1,-3.6285,-0.0833,-3.7118,HOLDING
2024-12-05,14,AEP,PPL,93.4295,32.5188,1.1245,0.3461,1,-3.2589,-0.0833,-3.3423,HOLDING
2024-12-06,14,AEP,PPL,91.8955,32.0514,1.1245,0.6689,1,-3.2189,-0.0833,-3.3022,HOLDING
2024-12-09,14,AEP,PPL,91.6367,31.6221,1.1245,2.4573,1,-2.7188,-0.0833,-2.8021,HOLDING
2024-12-10,14,AEP,PPL,91.1765,31.649,1.1245,1.4978,1,-2.9421,-0.0833,-3.0254,HOLDING
2024-12-11,14,AEP,PPL,89.7671,31.4664,1.1245,0.3431,1,-3.2528,-0.0833,-3.3361,HOLDING
2024-12-12,14,AEP,PPL,89.0193,31.0434,1.1245,1.1705,1,-2.9585,-0.0833,-3.0418,HOLDING
2024-12-13,14,AEP,PPL,88.8851,31.0434,1.1245,0.8663,1,-3.0126,-0.0833,-3.0959,HOLDING
2024-12-16,14,AEP,PPL,87.9839,31.0722,1.1245,-0.6526,1,-3.4163,-0.0833,-3.4996,HOLDING
2024-12-17,14,AEP,PPL,88.1277,31.0145,1.1245,-0.1381,1,-3.2771,-0.0833,-3.3604,HOLDING
2024-12-18,14,AEP,PPL,87.1594,30.3704,1.1245,1.4565,1,-2.7603,-0.0833,-2.8436,HOLDING
2024-12-19,14,AEP,PPL,87.4757,30.7838,1.1245,-0.1786,1,-3.2149,-0.0833,-3.2983,HOLDING
2024-12-20,14,AEP,PPL,88.9234,31.1779,1.1245,0.0057,1,-3.1866,-0.0833,-3.2699,HOLDING
2024-12-23,14,AEP,PPL,89.0289,31.1587,1.1245,0.2449,1,-3.117,-0.0833,-3.2004,HOLDING
2024-12-24,14,AEP,PPL,88.5591,31.3414,1.1245,-1.6221,1,-3.5635,-0.0833,-3.6469,HOLDING
2024-12-26,14,AEP,PPL,88.2619,31.3606,1.1245,-1.9592,1,-3.7103,-0.0833,-3.7937,HOLDING
2024-12-27,14,AEP,PPL,88.6933,31.2645,1.1245,-0.7251,1,-3.4011,-0.0833,-3.4845,HOLDING
2024-12-30,14,AEP,PPL,88.2619,31.1395,1.1245,-0.73,1,-3.399,-0.0833,-3.4823,HOLDING
2024-12-31,14,AEP,PPL,88.4249,31.2068,1.1245,-0.7635,1,-3.4281,-0.0833,-3.5114,HOLDING
2025-01-02,14,AEP,PPL,88.1468,30.9376,1.1245,0.1001,1,-3.1611,-0.0833,-3.2444,HOLDING
2025-01-03,14,AEP,PPL,88.2523,31.0241,1.1245,-0.2242,1,-3.2404,-0.0833,-3.3238,HOLDING
2025-01-06,14,AEP,PPL,86.5937,30.505,1.1245,-0.1944,1,-3.1777,-0.0833,-3.2611,HOLDING
2025-01-07,14,AEP,PPL,86.7375,30.7645,1.1245,-1.2117,1,-3.4853,-0.0833,-3.5686,HOLDING
2025-01-08,14,AEP,PPL,88.4537,30.928,1.1245,0.8862,1,-3.0239,-0.0833,-3.1073,HOLDING
2025-01-10,14,AEP,PPL,89.6521,30.505,1.1245,3.4143,1,-1.9455,-0.0833,-2.0288,HOLDING
2025-01-13,14,AEP,PPL,90.6396,30.4569,1.1245,3.0838,1,-1.4799,-0.0833,-1.5632,HOLDING
2025-01-14,14,AEP,PPL,90.6012,30.7453,1.1245,1.9608,1,-1.9014,-0.0833,-1.9848,HOLDING
2025-01-15,14,AEP,PPL,91.1957,30.8703,1.1245,1.7984,1,-1.8379,-0.0833,-1.9212,HOLDING
2025-01-16,14,AEP,PPL,92.8255,31.8894,1.1245,0.6588,1,-2.6161,-0.0833,-2.6994,HOLDING
2025-01-17,14,AEP,PPL,93.2378,31.9663,1.1245,0.6891,1,-2.5583,-0.0833,-2.6416,HOLDING
2025-01-21,14,AEP,PPL,93.7747,32.2739,1.1245,0.3896,1,-2.7751,-0.0833,-2.8584,HOLDING
2025-01-22,14,AEP,PPL,93.4679,31.3991,1.1245,1.6863,1,-1.6669,-0.0833,-1.7502,HOLDING
2025-01-23,14,AEP,PPL,93.4487,31.476,1.1245,1.3643,1,-1.7829,-0.0833,-1.8662,HOLDING
2025-01-24,14,AEP,PPL,94.1294,31.6106,1.1245,1.3273,1,-1.6982,-0.0833,-1.7815,HOLDING
2025-01-27,14,AEP,PPL,98.3958,32.2163,1.1245,2.0394,1,-0.8319,-0.0833,-0.9153,HOLDING
2025-01-28,14,AEP,PPL,95.8743,31.5721,1.1245,1.6819,1,-0.9409,-0.0833,-1.0243,HOLDING
2025-01-29,14,AEP,PPL,94.0048,31.4664,1.1245,0.9196,1,-1.5453,-0.0833,-1.6286,HOLDING
2025-01-30,14,AEP,PPL,93.9856,32.1778,1.1245,-0.2183,1,-2.5548,-0.0833,-2.6381,HOLDING
2025-01-31,14,AEP,PPL,94.302,32.3028,1.1245,-0.3366,1,-2.6033,-0.0833,-2.6866,HOLDING
2025-02-03,14,AEP,PPL,95.2607,32.5047,1.1245,-0.2531,1,-2.5012,-0.0833,-2.5846,HOLDING
2025-02-04,14,AEP,PPL,93.8418,32.3124,1.1245,-0.7287,1,-2.8022,-0.0833,-2.8856,HOLDING
2025-02-05,14,AEP,PPL,95.2895,32.6104,1.1245,-0.5602,1,-2.6385,-0.0833,-2.7219,HOLDING
2025-02-06,14,AEP,PPL,96.0373,32.7931,1.1245,-0.6353,1,-2.5944,-0.0833,-2.6778,HOLDING
2025-02-07,14,AEP,PPL,96.2099,32.8219,1.1245,-0.6836,1,-2.5655,-0.0833,-2.6488,HOLDING
2025-02-10,14,AEP,PPL,97.5743,32.9085,1.1245,0.0505,1,-2.1376,-0.0833,-2.2209,HOLDING
2025-02-11,14,AEP,PPL,98.5904,33.1873,1.1245,0.1526,1,-2.1207,-0.0833,-2.204,HOLDING
2025-02-12,14,AEP,PPL,99.0453,33.1873,1.1245,0.4505,1,0.0,-2.1074,-2.1074,PERIOD_END_EXIT
2024-08-13,15,RSG,WM,197.1628,199.5343,0.9291,0.0,0,0.0,0.0,0.0,HOLD_CASH
2024-08-14,15,RSG,WM,199.1896,201.912,0.9291,0.0,0,0.0,0.0,0.0,HOLD_CASH
2024-08-15,15,RSG,WM,199.6127,202.46,0.9291,0.0,0,0.0,0.0,0.0,HOLD_CASH
2024-08-16,15,RSG,WM,199.9964,200.9824,0.9291,0.0,0,0.0,0.0,0.0,HOLD_CASH
2024-08-19,15,RSG,WM,201.6592,202.1469,0.9291,0.0,0,0.0,0.0,0.0,HOLD_CASH
2024-08-20,15,RSG,WM,201.9937,203.6244,0.9291,0.0,0,0.0,0.0,0.0,HOLD_CASH
2024-08-21,15,RSG,WM,202.5053,204.8769,0.9291,0.0,0,0.0,0.0,0.0,HOLD_CASH
2024-08-22,15,RSG,WM,203.5778,205.6009,0.9291,0.0,0,0.0,0.0,0.0,HOLD_CASH
2024-08-23,15,RSG,WM,202.9481,205.4639,0.9291,0.0,0,0.0,0.0,0.0,HOLD_CASH
2024-08-26,15,RSG,WM,203.499,204.3289,0.9291,0.0,0,0.0,0.0,0.0,HOLD_CASH
2024-08-27,15,RSG,WM,203.6368,204.7007,0.9291,0.0,0,0.0,0.0,0.0,HOLD_CASH
2024-08-28,15,RSG,WM,204.0107,204.8084,0.9291,0.0,0,0.0,0.0,0.0,HOLD_CASH
2024-08-29,15,RSG,WM,202.6234,205.3661,0.9291,0.0,0,0.0,0.0,0.0,HOLD_CASH
2024-08-30,15,RSG,WM,204.8568,207.4796,0.9291,0.0,0,0.0,0.0,0.0,HOLD_CASH
2024-09-03,15,RSG,WM,202.5152,204.8964,0.9291,0.0,0,0.0,0.0,0.0,HOLD_CASH
2024-09-04,15,RSG,WM,204.3649,204.8182,0.9291,0.0,0,0.0,0.0,0.0,HOLD_CASH
2024-09-05,15,RSG,WM,202.1216,203.9179,0.9291,0.0,0,0.0,0.0,0.0,HOLD_CASH
2024-09-06,15,RSG,WM,199.5536,200.3269,0.9291,0.0,0,0.0,0.0,0.0,HOLD_CASH
2024-09-09,15,RSG,WM,201.9937,203.9766,0.9291,0.0,0,0.0,0.0,0.0,HOLD_CASH
2024-09-10,15,RSG,WM,202.9874,203.7711,0.9291,1.109,0,0.0,0.0,0.0,HOLD_CASH
2024-09-11,15,RSG,WM,201.5018,203.1743,0.9291,-0.0723,0,0.0,0.0,0.0,HOLD_CASH
2024-09-12,15,RSG,WM,201.9347,203.3896,0.9291,0.1433,0,0.0,0.0,0.0,HOLD_CASH
2024-09-13,15,RSG,WM,202.4758,204.3127,0.9291,-0.3848,0,0.0,0.0,0.0,HOLD_CASH
2024-09-16,15,RSG,WM,202.0527,204.5778,0.9291,-1.229,0,0.0,0.0,0.0,HOLD_CASH
2024-09-17,15,RSG,WM,198.5008,199.4712,0.9291,0.4983,0,0.0,0.0,0.0,HOLD_CASH
2024-09-18,15,RSG,WM,195.9722,198.2535,0.9291,-1.4785,0,0.0,0.0,0.0,HOLD_CASH
2024-09-19,15,RSG,WM,197.6744,200.9639,0.9291,-2.1965,1,0.0,-0.0833,-0.0833,ENTER_LONG_A
2024-09-20,15,RSG,WM,198.1467,200.4336,0.9291,-0.9329,1,0.2091,-0.0833,0.1258,HOLDING
2024-09-23,15,RSG,WM,199.5438,203.3797,0.9291,-2.1267,1,-0.0739,-0.0833,-0.1573,HOLDING
2024-09-24,15,RSG,WM,200.0849,203.7922,0.9291,-1.7068,1,-0.0381,-0.0833,-0.1214,HOLDING
2024-09-25,15,RSG,WM,201.1967,203.9591,0.9291,-0.6666,1,0.1716,-0.0833,0.0882,HOLDING
2024-09-26,15,RSG,WM,197.5367,201.6513,0.9291,-1.9539,1,-0.1674,-0.0833,-0.2507,HOLDING
2024-09-27,15,RSG,WM,196.169,201.8183,0.9291,-2.6029,1,-0.4996,-0.0833,-0.5829,HOLDING
2024-09-30,15,RSG,WM,197.6055,203.8708,0.9291,-2.3228,1,-0.5956,-0.0833,-0.6789,HOLDING
2024-10-01,15,RSG,WM,198.0384,204.1948,0.9291,-1.8912,1,-0.5657,-0.0833,-0.649,HOLDING
2024-10-02,15,RSG,WM,197.4365,203.5958,0.9291,-1.7067,1,-0.5776,-0.0833,-0.6609,HOLDING
2024-10-03,15,RSG,WM,199.2225,205.334,0.9291,-1.4064,1,-0.5344,-0.0833,-0.6178,HOLDING
2024-10-04,15,RSG,WM,198.0088,204.352,0.9291,-1.4189,1,-0.6035,-0.0833,-0.6869,HOLDING
2024-10-07,15,RSG,WM,195.9762,201.7201,0.9291,-1.1167,1,-0.5221,-0.0833,-0.6055,HOLDING
2024-10-08,15,RSG,WM,199.3804,204.9313,0.9291,-0.7749,1,-0.4195,-0.0833,-0.5029,HOLDING
2024-10-09,15,RSG,WM,202.1235,208.4176,0.9291,-0.9006,1,-0.5163,-0.0833,-0.5997,HOLDING
2024-10-10,15,RSG,WM,200.3869,207.4454,0.9291,-1.2589,1,-0.7017,-0.0833,-0.785,HOLDING
2024-10-11,15,RSG,WM,201.7288,208.0051,0.9291,-0.708,1,-0.5202,-0.0833,-0.6035,HOLDING
2024-10-14,15,RSG,WM,203.0412,209.6648,0.9291,-0.7347,1,-0.5649,-0.0833,-0.6482,HOLDING
2024-10-15,15,RSG,WM,203.7516,209.9496,0.9291,-0.3779,1,-0.4665,-0.0833,-0.5498,HOLDING
2024-10-16,15,RSG,WM,202.8044,209.3112,0.9291,-0.5688,1,-0.546,-0.0833,-0.6293,HOLDING
2024-10-17,15,RSG,WM,202.8932,209.2523,0.9291,-0.3875,1,-0.5148,-0.0833,-0.5982,HOLDING
2024-10-18,15,RSG,WM,202.0841,208.9282,0.9291,-0.7631,1,-0.6269,-0.0833,-0.7103,HOLDING
2024-10-21,15,RSG,WM,201.4032,208.015,0.9291,-0.5543,1,-0.5933,-0.0833,-0.6767,HOLDING
2024-10-22,15,RSG,WM,201.2157,207.2588,0.9291,0.062,1,-0.4833,-0.0833,-0.5666,HOLDING
2024-10-23,15,RSG,WM,201.2749,207.9953,0.9291,-0.7658,1,-0.6174,-0.0833,-0.7008,HOLDING
2024-10-24,15,RSG,WM,198.8574,205.1572,0.9291,-0.4783,1,-0.5789,-0.0833,-0.6623,HOLDING
2024-10-25,15,RSG,WM,197.18,203.0851,0.9291,0.2055,1,-0.5317,-0.0833,-0.615,HOLDING
2024-10-28,15,RSG,WM,197.7621,204.5189,0.9291,-1.9847,1,-0.6908,-0.0833,-0.7741,HOLDING
2024-10-29,15,RSG,WM,201.6005,215.174,0.9291,-4.1405,1,-1.98,-0.0833,-2.0633,HOLDING
2024-10-30,15,RSG,WM,196.1735,210.9611,0.9291,-3.268,1,-2.3246,-0.0833,-2.4079,HOLDING
2024-10-31,15,RSG,WM,195.3743,211.9726,0.9291,-2.8425,1,-2.7012,-0.0833,-2.7846,HOLDING
2024-11-01,15,RSG,WM,195.9465,210.146,0.9291,-1.806,1,-2.2114,-0.0833,-2.2947,HOLDING
2024-11-04,15,RSG,WM,197.9299,210.3915,0.9291,-1.1388,1,-1.827,-0.0833,-1.9103,HOLDING
2024-11-05,15,RSG,WM,199.4593,212.002,0.9291,-0.9978,1,-1.8144,-0.0833,-1.8977,HOLDING
2024-11-06,15,RSG,WM,204.324,214.5553,0.9291,-0.2018,1,-1.2612,-0.0833,-1.3446,HOLDING
2024-11-07,15,RSG,WM,205.3206,216.4801,0.9291,-0.3595,1,-1.4279,-0.0833,-1.5112,HOLDING
2024-11-08,15,RSG,WM,208.784,220.094,0.9291,-0.2306,1,-1.3927,-0.0833,-1.4761,HOLDING
2024-11-11,15,RSG,WM,209.011,219.603,0.9291,0.0004,1,-1.2451,-0.0833,-1.3284,HOLDING
2024-11-12,15,RSG,WM,209.4254,220.7421,0.9291,-0.1167,1,-1.382,-0.0833,-1.4653,HOLDING
2024-11-13,15,RSG,WM,211.833,221.626,0.9291,0.4049,1,-1.0324,-0.0833,-1.1157,HOLDING
2024-11-14,15,RSG,WM,206.6823,217.7371,0.9291,-0.0605,1,-1.3813,-0.0833,-1.4647,HOLDING
2024-11-15,15,RSG,WM,205.2811,213.9857,0.9291,0.5888,1,-0.9383,-0.0833,-1.0217,HOLDING
2024-11-18,15,RSG,WM,206.3073,214.3884,0.9291,0.8312,1,-0.7945,-0.0833,-0.8778,HOLDING
2024-11-19,15,RSG,WM,208.113,215.1151,0.9291,1.2185,1,-0.545,-0.0833,-0.6283,HOLDING
2024-11-20,15,RSG,WM,209.8004,214.8499,0.9291,1.7125,1,-0.1233,-0.0833,-0.2066,HOLDING
2024-11-21,15,RSG,WM,211.2213,217.5505,0.9291,1.3477,1,-0.3522,-0.0833,-0.4355,HOLDING
2024-11-22,15,RSG,WM,213.915,220.3788,0.9291,1.3431,1,-0.3283,-0.0833,-0.4117,HOLDING
2024-11-25,15,RSG,WM,214.9709,221.5965,0.9291,1.2657,1,-0.3408,-0.0833,-0.4241,HOLDING
2024-11-26,15,RSG,WM,215.849,223.3642,0.9291,0.9654,1,-0.5019,-0.0833,-0.5852,HOLDING
2024-11-27,15,RSG,WM,215.3853,224.356,0.9291,0.514,1,-0.8013,-0.0833,-0.8847,HOLDING
2024-11-29,15,RSG,WM,215.405,224.1203,0.9291,0.5199,1,-0.75,-0.0833,-0.8333,HOLDING
2024-12-02,15,RSG,WM,212.1093,221.076,0.9291,0.2186,1,-0.8622,-0.0833,-0.9455,HOLDING
2024-12-03,15,RSG,WM,211.9415,220.968,0.9291,0.0968,1,-0.8773,-0.0833,-0.9606,HOLDING
2024-12-04,15,RSG,WM,212.6915,221.243,0.9291,0.2406,1,-0.7683,-0.0833,-0.8516,HOLDING
2024-12-05,15,RSG,WM,212.6224,220.0253,0.9291,0.7038,1,-0.5402,-0.0833,-0.6235,HOLDING
2024-12-06,15,RSG,WM,213.8065,218.9315,0.9291,1.6851,1,-0.063,-0.0833,-0.1463,HOLDING
2024-12-09,15,RSG,WM,209.524,214.2807,0.9291,1.5029,1,-0.07,-0.0833,-0.1534,HOLDING
2024-12-10,15,RSG,WM,208.8827,212.9111,0.9291,1.6352,1,0.0633,-0.0833,-0.02,HOLDING
2024-12-11,15,RSG,WM,207.5605,211.374,0.9291,1.5513,1,0.0814,-0.0833,-0.002,HOLDING
2024-12-12,15,RSG,WM,207.3434,211.305,0.9291,1.3192,1,0.0477,-0.0833,-0.0356,HOLDING
2024-12-13,15,RSG,WM,206.1988,210.0734,0.9291,1.2694,1,0.0436,-0.0833,-0.0398,HOLDING
2024-12-16,15,RSG,WM,205.3798,208.5362,0.9291,1.4828,1,0.1716,-0.0833,0.0882,HOLDING
2024-12-17,15,RSG,WM,202.8932,205.935,0.9291,1.28,1,0.1477,-0.0833,0.0644,HOLDING
2024-12-18,15,RSG,WM,200.7618,202.4173,0.9291,1.7144,1,0.3844,-0.0833,0.3011,HOLDING
2024-12-19,15,RSG,WM,201.2453,202.5159,0.9291,1.7155,1,0.4704,-0.0833,0.3871,HOLDING
2024-12-20,15,RSG,WM,201.0283,202.8115,0.9291,1.2994,1,0.364,-0.0833,0.2806,HOLDING
2024-12-23,15,RSG,WM,199.5777,200.8112,0.9291,1.3463,1,0.4464,-0.0833,0.3631,HOLDING
2024-12-24,15,RSG,WM,201.4328,202.3681,0.9291,1.3829,1,0.5409,-0.0833,0.4576,HOLDING
2024-12-26,15,RSG,WM,201.3934,202.0133,0.9291,1.3531,1,0.6031,-0.0833,0.5198,HOLDING
2024-12-27,15,RSG,WM,200.1895,201.028,0.9291,1.1141,1,0.5368,-0.0833,0.4535,HOLDING
2024-12-30,15,RSG,WM,198.5219,199.3037,0.9291,0.9879,1,0.5168,-0.0833,0.4335,HOLDING
2024-12-31,15,RSG,WM,198.5121,198.8307,0.9291,1.1244,1,0.6091,-0.0833,0.5258,HOLDING
2025-01-02,15,RSG,WM,198.0074,197.599,0.9291,1.422,1,0.7448,-0.0833,0.6615,HOLDING
2025-01-03,15,RSG,WM,198.9475,198.6927,0.9291,1.3774,1,0.7318,-0.0833,0.6485,HOLDING
2025-01-06,15,RSG,WM,198.8584,198.8011,0.9291,1.2445,1,0.6907,-0.0833,0.6074,HOLDING
2025-01-07,15,RSG,WM,200.9366,200.4072,0.9291,1.5385,1,0.8241,-0.0833,0.7407,HOLDING
2025-01-08,15,RSG,WM,204.8059,203.5505,0.9291,1.9873,1,1.0419,-0.0833,0.9586,HOLDING
2025-01-10,15,RSG,WM,204.1428,204.2106,0.9291,0.9479,1,0.7651,-0.0833,0.6818,HOLDING
2025-01-13,15,RSG,WM,205.0632,204.4865,0.9291,1.3219,1,0.9112,-0.0833,0.8278,HOLDING
2025-01-14,15,RSG,WM,204.8455,204.1318,0.9291,1.3044,1,0.9344,-0.0833,0.8511,HOLDING
2025-01-15,15,RSG,WM,207.5767,204.9496,0.9291,2.4333,1,1.368,-0.0833,1.2846,HOLDING
2025-01-16,15,RSG,WM,209.7142,207.9155,0.9291,1.7573,1,1.2428,-0.0833,1.1594,HOLDING
2025-01-17,15,RSG,WM,211.5054,208.6052,0.9291,2.2272,1,1.4964,-0.0833,1.4131,HOLDING
2025-01-21,15,RSG,WM,212.7028,209.8073,0.9291,1.9444,1,1.518,-0.0833,1.4347,HOLDING
2025-01-22,15,RSG,WM,210.2684,208.3392,0.9291,1.1612,1,1.2793,-0.0833,1.1959,HOLDING
2025-01-23,15,RSG,WM,210.0606,207.0188,0.9291,1.6144,1,1.4975,-0.0833,1.4142,HOLDING
2025-01-24,15,RSG,WM,209.6252,206.3587,0.9291,1.5457,1,1.5342,-0.0833,1.4509,HOLDING
2025-01-27,15,RSG,WM,213.3263,210.4971,0.9291,1.2864,1,1.5165,-0.0833,1.4332,HOLDING
2025-01-28,15,RSG,WM,213.8112,210.5168,0.9291,1.3964,1,1.6186,-0.0833,1.5352,HOLDING
2025-01-29,15,RSG,WM,210.1002,206.4769,0.9291,1.3239,1,1.6144,-0.0833,1.5311,HOLDING
2025-01-30,15,RSG,WM,216.0872,219.168,0.9291,-1.953,1,0.3882,-0.0833,0.3048,HOLDING
2025-01-31,15,RSG,WM,214.6127,217.0298,0.9291,-1.6147,1,0.493,-0.0833,0.4096,HOLDING
2025-02-03,15,RSG,WM,218.7591,220.4391,0.9291,-1.0549,1,0.7182,-0.0833,0.6349,HOLDING
2025-02-04,15,RSG,WM,216.9581,218.8823,0.9291,-1.2037,1,0.6355,-0.0833,0.5522,HOLDING
2025-02-05,15,RSG,WM,218.6997,221.4737,0.9291,-1.4492,1,0.4986,-0.0833,0.4153,HOLDING
2025-02-06,15,RSG,WM,219.2638,221.6215,0.9291,-1.1691,1,0.5924,-0.0833,0.509,HOLDING
2025-02-07,15,RSG,WM,218.769,221.6116,0.9291,-1.2718,1,0.4862,-0.0833,0.4029,HOLDING
2025-02-10,15,RSG,WM,219.7883,222.7743,0.9291,-1.2174,1,0.4767,-0.0833,0.3934,HOLDING
2025-02-11,15,RSG,WM,220.9263,223.4247,0.9291,-0.9218,1,0.5956,-0.0833,0.5122,HOLDING
2025-02-12,15,RSG,WM,221.1737,224.0651,0.9291,-0.9928,1,0.0,0.3453,0.3453,PERIOD_END_EXIT
2024-08-13,16,ED,SRE,95.8225,74.9423,0.7334,0.0,0,0.0,0.0,0.0,HOLD_CASH
2024-08-14,16,ED,SRE,95.908,75.1332,0.7334,0.0,0,0.0,0.0,0.0,HOLD_CASH
2024-08-15,16,ED,SRE,94.3581,76.0591,0.7334,0.0,0,0.0,0.0,0.0,HOLD_CASH
2024-08-16,16,ED,SRE,95.1854,76.355,0.7334,0.0,0,0.0,0.0,0.0,HOLD_CASH
2024-08-19,16,ED,SRE,95.4801,77.195,0.7334,0.0,0,0.0,0.0,0.0,HOLD_CASH
2024-08-20,16,ED,SRE,95.2519,77.09,0.7334,0.0,0,0.0,0.0,0.0,HOLD_CASH
2024-08-21,16,ED,SRE,95.4896,77.3,0.7334,0.0,0,0.0,0.0,0.0,HOLD_CASH
2024-08-22,16,ED,SRE,95.7274,77.615,0.7334,0.0,0,0.0,0.0,0.0,HOLD_CASH
2024-08-23,16,ED,SRE,95.6608,77.7009,0.7334,0.0,0,0.0,0.0,0.0,HOLD_CASH
2024-08-26,16,ED,SRE,95.9461,78.3691,0.7334,0.0,0,0.0,0.0,0.0,HOLD_CASH
2024-08-27,16,ED,SRE,94.7004,77.9396,0.7334,0.0,0,0.0,0.0,0.0,HOLD_CASH
2024-08-28,16,ED,SRE,95.4611,77.9396,0.7334,0.0,0,0.0,0.0,0.0,HOLD_CASH
2024-08-29,16,ED,SRE,95.8605,77.9109,0.7334,0.0,0,0.0,0.0,0.0,HOLD_CASH
2024-08-30,16,ED,SRE,96.5737,78.4455,0.7334,0.0,0,0.0,0.0,0.0,HOLD_CASH
2024-09-03,16,ED,SRE,98.2092,78.875,0.7334,0.0,0,0.0,0.0,0.0,HOLD_CASH
2024-09-04,16,ED,SRE,99.2742,79.61,0.7334,0.0,0,0.0,0.0,0.0,HOLD_CASH
2024-09-05,16,ED,SRE,98.6942,79.3141,0.7334,0.0,0,0.0,0.0,0.0,HOLD_CASH
2024-09-06,16,ED,SRE,98.2092,78.3691,0.7334,0.0,0,0.0,0.0,0.0,HOLD_CASH
2024-09-09,16,ED,SRE,99.6071,79.1709,0.7334,0.0,0,0.0,0.0,0.0,HOLD_CASH
2024-09-10,16,ED,SRE,99.8163,78.35,0.7334,2.0398,-1,0.0,-0.0833,-0.0833,ENTER_SHORT_A
2024-09-11,16,ED,SRE,98.7227,77.6723,0.7334,1.6389,-1,0.2217,-0.0833,0.1384,HOLDING
2024-09-12,16,ED,SRE,98.3138,77.9873,0.7334,1.1348,-1,0.5604,-0.0833,0.4771,HOLDING
2024-09-13,16,ED,SRE,99.4264,79.1996,0.7334,1.0238,-1,0.5701,-0.0833,0.4868,HOLDING
2024-09-16,16,ED,SRE,99.7022,79.8009,0.7334,0.7569,-1,0.7079,-0.0833,0.6245,HOLDING
2024-09-17,16,ED,SRE,99.4074,80.135,0.7334,0.2765,-1,1.0002,-0.0833,0.9169,HOLDING
2024-09-18,16,ED,SRE,98.3328,79.1709,0.7334,0.0878,-1,1.0839,-0.0833,1.0006,HOLDING
2024-09-19,16,ED,SRE,97.1062,78.7605,0.7334,-0.5767,-1,1.49,-0.0833,1.4066,HOLDING
2024-09-20,16,ED,SRE,98.2758,79.4,0.7334,-0.1639,-1,1.2145,-0.0833,1.1311,HOLDING
2024-09-23,16,ED,SRE,98.9129,80.2209,0.7334,-0.2923,-1,1.277,-0.0833,1.1937,HOLDING
2024-09-24,16,ED,SRE,97.7718,79.2473,0.7334,-0.5653,-1,1.3885,-0.0833,1.3051,HOLDING
2024-09-25,16,ED,SRE,98.0951,79.2282,0.7334,-0.4353,-1,1.2242,-0.0833,1.1408,HOLDING
2024-09-26,16,ED,SRE,98.0571,78.8051,0.7334,-0.21,-1,1.052,-0.0833,0.9687,HOLDING
2024-09-27,16,ED,SRE,98.9414,80.0649,0.7334,-0.5965,-1,1.1931,-0.0833,1.1097,HOLDING
2024-09-30,16,ED,SRE,99.0175,80.4304,0.7334,-0.9799,-1,1.3209,-0.0833,1.2376,HOLDING
2024-10-01,16,ED,SRE,99.9874,80.7093,0.7334,-0.1179,-1,0.9793,-0.0833,0.8959,HOLDING
2024-10-02,16,ED,SRE,99.3218,80.1899,0.7334,-0.3229,-1,1.0661,-0.0833,0.9828,HOLDING
2024-10-03,16,ED,SRE,98.9129,79.3725,0.7334,0.0753,-1,0.8952,-0.0833,0.8119,HOLDING
2024-10-04,16,ED,SRE,98.0856,79.4398,0.7334,-0.9244,-1,1.3239,-0.0833,1.2406,HOLDING
2024-10-07,16,ED,SRE,96.1743,78.3915,0.7334,-1.8187,-1,1.7728,-0.0833,1.6894,HOLDING
2024-10-08,16,ED,SRE,97.0967,78.4877,0.7334,-0.8225,-1,1.3718,-0.0833,1.2885,HOLDING
2024-10-09,16,ED,SRE,97.3439,78.4011,0.7334,-0.2962,-1,1.2138,-0.0833,1.1304,HOLDING
2024-10-10,16,ED,SRE,96.5927,78.2184,0.7334,-1.1629,-1,1.4933,-0.0833,1.41,HOLDING
2024-10-11,16,ED,SRE,97.2964,79.0166,0.7334,-1.1471,-1,1.5137,-0.0833,1.4303,HOLDING
2024-10-14,16,ED,SRE,97.981,79.9688,0.7334,-1.4065,-1,1.6124,-0.0833,1.529,HOLDING
2024-10-15,16,ED,SRE,100.2727,80.8151,0.7334,1.6243,-1,0.8895,-0.0833,0.8061,HOLDING
2024-10-16,16,ED,SRE,100.9288,82.3827,0.7334,0.1808,-1,1.2789,-0.0833,1.1956,HOLDING
2024-10-17,16,ED,SRE,100.4724,82.2192,0.7334,-0.4623,-1,1.4252,-0.0833,1.3418,HOLDING
2024-10-18,16,ED,SRE,101.5184,82.6712,0.7334,0.7757,-1,1.1248,-0.0833,1.0415,HOLDING
2024-10-21,16,ED,SRE,101.0429,81.6806,0.7334,1.4308,-1,0.908,-0.0833,0.8247,HOLDING
2024-10-22,16,ED,SRE,100.5104,81.7576,0.7334,0.2701,-1,1.1991,-0.0833,1.1158,HOLDING
2024-10-23,16,ED,SRE,102.1269,82.6712,0.7334,1.5429,-1,0.8317,-0.0833,0.7483,HOLDING
2024-10-24,16,ED,SRE,101.7466,82.4885,0.7334,1.1126,-1,0.9326,-0.0833,0.8493,HOLDING
2024-10-25,16,ED,SRE,99.4644,81.1517,0.7334,-0.6704,-1,1.4302,-0.0833,1.3469,HOLDING
2024-10-28,16,ED,SRE,99.6641,81.9115,0.7334,-1.3573,-1,1.676,-0.0833,1.5926,HOLDING
2024-10-29,16,ED,SRE,97.8574,80.3535,0.7334,-1.7576,-1,1.845,-0.0833,1.7617,HOLDING
2024-10-30,16,ED,SRE,97.6767,80.3535,0.7334,-1.7522,-1,1.932,-0.0833,1.8487,HOLDING
2024-10-31,16,ED,SRE,96.6878,80.1803,0.7334,-2.3684,-1,2.3304,-0.0833,2.2471,HOLDING
2024-11-01,16,ED,SRE,95.0903,78.5261,0.7334,-2.0893,-1,2.3555,-0.0833,2.2721,HOLDING
2024-11-04,16,ED,SRE,94.282,77.7183,0.7334,-1.9213,-1,2.3812,-0.0833,2.2979,HOLDING
2024-11-05,16,ED,SRE,94.9191,79.1032,0.7334,-2.0749,-1,2.6976,-0.0833,2.6142,HOLDING
2024-11-06,16,ED,SRE,94.1013,84.8833,0.7334,-3.5947,-1,5.6925,-0.0833,5.6092,HOLDING
2024-11-07,16,ED,SRE,92.7891,86.3259,0.7334,-3.0973,-1,6.9737,-0.0833,6.8904,HOLDING
2024-11-08,16,ED,SRE,93.3121,87.7589,0.7334,-2.5159,-1,7.3667,-0.0833,7.2834,HOLDING
2024-11-11,16,ED,SRE,93.6449,88.5956,0.7334,-2.1292,-1,7.5829,-0.0833,7.4996,HOLDING
2024-11-12,16,ED,SRE,92.2756,88.6725,0.7334,-2.0466,-1,8.2771,-0.0833,8.1937,HOLDING
2024-11-13,16,ED,SRE,91.5083,88.6629,0.7334,-1.8735,-1,8.6423,-0.0833,8.559,HOLDING
2024-11-14,16,ED,SRE,91.3453,86.9798,0.7334,-1.4677,-1,7.9634,-0.0833,7.8801,HOLDING
2024-11-15,16,ED,SRE,92.4962,88.6629,0.7334,-1.334,-1,8.1665,-0.0833,8.0832,HOLDING
2024-11-18,16,ED,SRE,92.5058,89.365,0.7334,-1.2805,-1,8.4778,-0.0833,8.3945,HOLDING
2024-11-19,16,ED,SRE,93.0045,89.8074,0.7334,-1.1318,-1,8.4367,-0.0833,8.3534,HOLDING
2024-11-20,16,ED,SRE,93.8773,89.5573,0.7334,-0.8642,-1,7.9038,-0.0833,7.8205,HOLDING
2024-11-21,16,ED,SRE,94.6638,91.0672,0.7334,-0.8421,-1,8.2045,-0.0833,8.1212,HOLDING
2024-11-22,16,ED,SRE,94.3377,90.6633,0.7334,-0.7637,-1,8.1798,-0.0833,8.0964,HOLDING
2024-11-25,16,ED,SRE,95.4023,91.1442,0.7334,-0.5603,-1,7.8834,-0.0833,7.8001,HOLDING
2024-11-26,16,ED,SRE,97.5411,89.7208,0.7334,0.152,-1,6.2128,-0.0833,6.1294,HOLDING
2024-11-27,16,ED,SRE,97.426,90.6729,0.7334,0.0715,-1,6.6967,-0.0833,6.6133,HOLDING
2024-11-29,16,ED,SRE,96.4765,90.0863,0.7334,0.0638,-1,6.89,-0.0833,6.8066,HOLDING
2024-12-02,16,ED,SRE,94.4719,88.5763,0.7334,-0.0363,-1,7.176,-0.0833,7.0926,HOLDING
2024-12-03,16,ED,SRE,93.5416,88.4898,0.7334,-0.1944,-1,7.5851,-0.0833,7.5017,HOLDING
2024-12-04,16,ED,SRE,92.6688,87.9993,0.7334,-0.3289,-1,7.7847,-0.0833,7.7014,HOLDING
2024-12-05,16,ED,SRE,92.5537,88.0574,0.7334,-0.3505,-1,7.8663,-0.0833,7.783,HOLDING
2024-12-06,16,ED,SRE,90.9424,86.7599,0.7334,-0.7362,-1,8.0585,-0.0833,7.9751,HOLDING
2024-12-09,16,ED,SRE,90.9041,85.9659,0.7334,-0.2565,-1,7.7196,-0.0833,7.6363,HOLDING
2024-12-10,16,ED,SRE,90.8178,85.7431,0.7334,-0.1663,-1,7.661,-0.0833,7.5776,HOLDING
2024-12-11,16,ED,SRE,88.9571,84.6393,0.7334,-0.9384,-1,8.0604,-0.0833,7.9771,HOLDING
2024-12-12,16,ED,SRE,88.8228,85.1428,0.7334,-1.347,-1,8.3516,-0.0833,8.2683,HOLDING
2024-12-13,16,ED,SRE,88.8996,86.3338,0.7334,-1.761,-1,8.8507,-0.0833,8.7673,HOLDING
2024-12-16,16,ED,SRE,87.528,85.8206,0.7334,-2.0833,-1,9.2803,-0.0833,9.197,HOLDING
2024-12-17,16,ED,SRE,87.1252,84.2035,0.7334,-1.4409,-1,8.7466,-0.0833,8.6633,HOLDING
2024-12-18,16,ED,SRE,85.2358,82.3928,0.7334,-1.5838,-1,8.8418,-0.0833,8.7585,HOLDING
2024-12-19,16,ED,SRE,85.4276,83.1771,0.7334,-1.5941,-1,9.1024,-0.0833,9.019,HOLDING
2024-12-20,16,ED,SRE,86.3483,84.0583,0.7334,-1.3118,-1,9.0554,-0.0833,8.9721,HOLDING
2024-12-23,16,ED,SRE,86.003,84.281,0.7334,-1.4048,-1,9.3219,-0.0833,9.2386,HOLDING
2024-12-24,16,ED,SRE,85.9167,85.1719,0.7334,-1.5503,-1,9.7644,-0.0833,9.6811,HOLDING
2024-12-26,16,ED,SRE,85.9263,84.8329,0.7334,-1.3432,-1,9.6073,-0.0833,9.5239,HOLDING
2024-12-27,16,ED,SRE,85.8975,84.9879,0.7334,-1.3176,-1,9.6908,-0.0833,9.6075,HOLDING
2024-12-30,16,ED,SRE,85.5139,84.5812,0.7334,-1.2743,-1,9.6926,-0.0833,9.6093,HOLDING
2024-12-31,16,ED,SRE,85.581,84.9395,0.7334,-1.2845,-1,9.8215,-0.0833,9.7382,HOLDING
2025-01-02,16,ED,SRE,85.3892,84.3682,0.7334,-1.0603,-1,9.6568,-0.0833,9.5735,HOLDING
2025-01-03,16,ED,SRE,85.5906,84.891,0.7334,-1.0743,-1,9.7951,-0.0833,9.7118,HOLDING
2025-01-06,16,ED,SRE,84.7562,81.8312,0.7334,-0.0872,-1,8.82,-0.0833,8.7367,HOLDING
2025-01-07,16,ED,SRE,84.4013,81.5601,0.7334,-0.1111,-1,8.8689,-0.0833,8.7856,HOLDING
2025-01-08,16,ED,SRE,85.37,80.1948,0.7334,1.476,-1,7.788,-0.0833,7.7046,HOLDING
2025-01-10,16,ED,SRE,84.5452,76.2344,0.7334,2.8497,-1,6.403,-0.0833,6.3197,HOLDING
2025-01-13,16,ED,SRE,84.8521,74.5012,0.7334,2.9562,-1,5.4752,-0.0833,5.3919,HOLDING
2025-01-14,16,ED,SRE,85.7153,75.6341,0.7334,2.3598,-1,5.5693,-0.0833,5.486,HOLDING
2025-01-15,16,ED,SRE,86.5401,79.8074,0.7334,1.1576,-1,7.0501,-0.0833,6.9668,HOLDING
2025-01-16,16,ED,SRE,88.4488,81.3277,0.7334,1.2922,-1,6.815,-0.0833,6.7316,HOLDING
2025-01-17,16,ED,SRE,89.8203,82.48,0.7334,1.3186,-1,6.6729,-0.0833,6.5896,HOLDING
2025-01-21,16,ED,SRE,89.3983,83.7678,0.7334,0.7337,-1,7.4557,-0.0833,7.3724,HOLDING
2025-01-22,16,ED,SRE,87.0581,80.1754,0.7334,0.8306,-1,6.9663,-0.0833,6.8829,HOLDING
2025-01-23,16,ED,SRE,87.0485,80.1851,0.7334,0.7508,-1,6.9752,-0.0833,6.8919,HOLDING
2025-01-24,16,ED,SRE,86.895,80.0883,0.7334,0.6518,-1,7.0056,-0.0833,6.9222,HOLDING
2025-01-27,16,ED,SRE,91.0096,79.546,0.7334,1.9333,-1,4.7798,-0.0833,4.6965,HOLDING
2025-01-28,16,ED,SRE,89.5709,79.1587,0.7334,1.4077,-1,5.2984,-0.0833,5.2151,HOLDING
2025-01-29,16,ED,SRE,88.7845,79.3814,0.7334,0.9985,-1,5.7774,-0.0833,5.6941,HOLDING
2025-01-30,16,ED,SRE,90.0217,80.6499,0.7334,0.9696,-1,5.7524,-0.0833,5.669,HOLDING
2025-01-31,16,ED,SRE,89.9066,80.3013,0.7334,0.9453,-1,5.6509,-0.0833,5.5676,HOLDING
2025-02-03,16,ED,SRE,91.7097,79.9721,0.7334,1.5434,-1,4.6343,-0.0833,4.551,HOLDING
2025-02-04,16,ED,SRE,91.0288,78.8488,0.7334,1.5622,-1,4.4568,-0.0833,4.3735,HOLDING
2025-02-05,16,ED,SRE,92.2564,79.6913,0.7334,1.63,-1,4.2447,-0.0833,4.1613,HOLDING
2025-02-06,16,ED,SRE,91.5179,79.4782,0.7334,1.3654,-1,4.5045,-0.0833,4.4212,HOLDING
2025-02-07,16,ED,SRE,92.1509,79.3814,0.7334,1.5407,-1,4.156,-0.0833,4.0727,HOLDING
2025-02-10,16,ED,SRE,92.7456,79.6041,0.7334,1.5175,-1,3.9698,-0.0833,3.8865,HOLDING
2025-02-11,16,ED,SRE,92.3715,80.7854,0.7334,0.8649,-1,4.6816,-0.0833,4.5983,HOLDING
2025-02-12,16,ED,SRE,90.7027,80.3013,0.7334,0.3075,-1,0.0,5.1044,5.1044,PERIOD_END_EXIT
2024-08-13,17,DTE,EIX,115.3429,76.4846,0.8482,0.0,0,0.0,0.0,0.0,HOLD_CASH
2024-08-14,17,DTE,EIX,116.037,76.6968,0.8482,0.0,0,0.0,0.0,0.0,HOLD_CASH
2024-08-15,17,DTE,EIX,115.9895,76.7153,0.8482,0.0,0,0.0,0.0,0.0,HOLD_CASH
2024-08-16,17,DTE,EIX,115.9039,76.9459,0.8482,0.0,0,0.0,0.0,0.0,HOLD_CASH
2024-08-19,17,DTE,EIX,117.2161,77.3887,0.8482,0.0,0,0.0,0.0,0.0,HOLD_CASH
2024-08-20,17,DTE,EIX,116.8928,77.2226,0.8482,0.0,0,0.0,0.0,0.0,HOLD_CASH
2024-08-21,17,DTE,EIX,117.2637,77.6562,0.8482,0.0,0,0.0,0.0,0.0,HOLD_CASH
2024-08-22,17,DTE,EIX,117.2827,77.8315,0.8482,0.0,0,0.0,0.0,0.0,HOLD_CASH
2024-08-23,17,DTE,EIX,117.7391,78.1913,0.8482,0.0,0,0.0,0.0,0.0,HOLD_CASH
2024-08-26,17,DTE,EIX,118.5474,78.7909,0.8482,0.0,0,0.0,0.0,0.0,HOLD_CASH
2024-08-27,17,DTE,EIX,117.7962,78.2097,0.8482,0.0,0,0.0,0.0,0.0,HOLD_CASH
2024-08-28,17,DTE,EIX,118.2906,78.4127,0.8482,0.0,0,0.0,0.0,0.0,HOLD_CASH
2024-08-29,17,DTE,EIX,118.4713,79.7964,0.8482,0.0,0,0.0,0.0,0.0,HOLD_CASH
2024-08-30,17,DTE,EIX,118.8802,80.2853,0.8482,0.0,0,0.0,0.0,0.0,HOLD_CASH
2024-09-03,17,DTE,EIX,119.3747,80.5621,0.8482,0.0,0,0.0,0.0,0.0,HOLD_CASH
2024-09-04,17,DTE,EIX,120.1163,80.9219,0.8482,0.0,0,0.0,0.0,0.0,HOLD_CASH
2024-09-05,17,DTE,EIX,117.587,80.8481,0.8482,0.0,0,0.0,0.0,0.0,HOLD_CASH
2024-09-06,17,DTE,EIX,117.1401,79.9348,0.8482,0.0,0,0.0,0.0,0.0,HOLD_CASH
2024-09-09,17,DTE,EIX,118.4998,79.4182,0.8482,0.0,0,0.0,0.0,0.0,HOLD_CASH
2024-09-10,17,DTE,EIX,119.3842,78.0621,0.8482,1.882,0,0.0,0.0,0.0,HOLD_CASH
2024-09-11,17,DTE,EIX,118.2716,77.7116,0.8482,1.2277,0,0.0,0.0,0.0,HOLD_CASH
2024-09-12,17,DTE,EIX,118.3762,78.0713,0.8482,0.9041,0,0.0,0.0,0.0,HOLD_CASH
2024-09-13,17,DTE,EIX,119.7645,78.8001,0.8482,1.169,0,0.0,0.0,0.0,HOLD_CASH
2024-09-16,17,DTE,EIX,121.1354,79.5658,0.8482,1.3149,0,0.0,0.0,0.0,HOLD_CASH
2024-09-17,17,DTE,EIX,120.4835,79.3905,0.8482,0.9717,0,0.0,0.0,0.0,HOLD_CASH
2024-09-18,17,DTE,EIX,119.2756,78.6802,0.8482,0.7413,0,0.0,0.0,0.0,HOLD_CASH
2024-09-19,17,DTE,EIX,118.4224,77.6655,0.8482,0.9907,0,0.0,0.0,0.0,HOLD_CASH
2024-09-20,17,DTE,EIX,119.9179,78.8093,0.8482,0.9327,0,0.0,0.0,0.0,HOLD_CASH
2024-09-23,17,DTE,EIX,121.1833,79.4274,0.8482,1.1326,0,0.0,0.0,0.0,HOLD_CASH
2024-09-24,17,DTE,EIX,120.1096,79.2798,0.8482,0.5456,0,0.0,0.0,0.0,HOLD_CASH
2024-09-25,17,DTE,EIX,120.3493,78.8739,0.8482,0.9434,0,0.0,0.0,0.0,HOLD_CASH
2024-09-26,17,DTE,EIX,120.3876,79.5566,0.8482,0.4116,0,0.0,0.0,0.0,HOLD_CASH
2024-09-27,17,DTE,EIX,122.1132,80.0824,0.8482,0.9408,0,0.0,0.0,0.0,HOLD_CASH
2024-09-30,17,DTE,EIX,123.1006,80.3407,0.8482,1.2,0,0.0,0.0,0.0,HOLD_CASH
2024-10-01,17,DTE,EIX,123.3786,80.9311,0.8482,0.8259,0,0.0,0.0,0.0,HOLD_CASH
2024-10-02,17,DTE,EIX,123.3786,80.7005,0.8482,0.9107,0,0.0,0.0,0.0,HOLD_CASH
2024-10-03,17,DTE,EIX,122.2762,79.9348,0.8482,0.8652,0,0.0,0.0,0.0,HOLD_CASH
2024-10-04,17,DTE,EIX,121.7298,79.5012,0.8482,1.0563,0,0.0,0.0,0.0,HOLD_CASH
2024-10-07,17,DTE,EIX,120.1096,78.8123,0.8482,-0.0562,0,0.0,0.0,0.0,HOLD_CASH
2024-10-08,17,DTE,EIX,120.2918,79.0264,0.8482,-0.1991,0,0.0,0.0,0.0,HOLD_CASH
2024-10-09,17,DTE,EIX,119.3715,78.6168,0.8482,-0.9134,0,0.0,0.0,0.0,HOLD_CASH
2024-10-10,17,DTE,EIX,118.5662,77.2763,0.8482,0.7314,0,0.0,0.0,0.0,HOLD_CASH
2024-10-11,17,DTE,EIX,119.707,77.8349,0.8482,1.3654,0,0.0,0.0,0.0,HOLD_CASH
2024-10-14,17,DTE,EIX,120.3876,78.7006,0.8482,0.501,0,0.0,0.0,0.0,HOLD_CASH
2024-10-15,17,DTE,EIX,122.1228,79.194,0.8482,2.0788,-1,0.0,-0.0833,-0.0833,ENTER_SHORT_A
2024-10-16,17,DTE,EIX,123.1581,80.0225,0.8482,1.7747,-1,0.0178,-0.0833,-0.0655,HOLDING
2024-10-17,17,DTE,EIX,123.1294,78.7937,0.8482,2.9462,-1,-0.565,-0.0833,-0.6483,HOLDING
2024-10-18,17,DTE,EIX,123.5704,79.5291,0.8482,1.9675,-1,-0.3726,-0.0833,-0.4559,HOLDING
2024-10-21,17,DTE,EIX,122.6692,78.7658,0.8482,1.7818,-1,-0.4085,-0.0833,-0.4919,HOLDING
2024-10-22,17,DTE,EIX,122.9281,79.9015,0.8482,0.5356,-1,0.0444,-0.0833,-0.039,HOLDING
2024-10-23,17,DTE,EIX,124.6153,80.0598,0.8482,1.7228,-1,-0.5022,-0.0833,-0.5855,HOLDING
2024-10-24,17,DTE,EIX,124.4044,79.706,0.8482,1.7466,-1,-0.5951,-0.0833,-0.6785,HOLDING
2024-10-25,17,DTE,EIX,121.3367,78.1141,0.8482,0.7918,-1,-0.2313,-0.0833,-0.3146,HOLDING
2024-10-28,17,DTE,EIX,121.3942,78.6448,0.8482,0.1852,-1,0.0038,-0.0833,-0.0796,HOLDING
2024-10-29,17,DTE,EIX,118.8059,77.3973,0.8482,-0.7019,-1,0.357,-0.0833,0.2736,HOLDING
2024-10-30,17,DTE,EIX,119.0072,77.4904,0.8482,-0.6149,-1,0.3276,-0.0833,0.2443,HOLDING
2024-10-31,17,DTE,EIX,119.0839,76.7084,0.8482,0.3606,-1,-0.0783,-0.0833,-0.1617,HOLDING
2024-11-01,17,DTE,EIX,116.275,75.5262,0.8482,-0.8046,-1,0.3878,-0.0833,0.3044,HOLDING
2024-11-04,17,DTE,EIX,116.601,75.4051,0.8482,-0.4058,-1,0.209,-0.0833,0.1257,HOLDING
2024-11-05,17,DTE,EIX,118.3265,76.3081,0.8482,0.0452,-1,0.008,-0.0833,-0.0754,HOLDING
2024-11-06,17,DTE,EIX,116.5434,75.5634,0.8482,-0.9236,-1,0.3067,-0.0833,0.2233,HOLDING
2024-11-07,17,DTE,EIX,112.2007,75.824,0.8482,-3.5266,-1,2.0359,-0.0833,1.9526,HOLDING
2024-11-08,17,DTE,EIX,112.9293,77.3601,0.8482,-2.965,-1,2.5087,-0.0833,2.4253,HOLDING
2024-11-11,17,DTE,EIX,114.7795,77.8069,0.8482,-1.9797,-1,2.0414,-0.0833,1.958,HOLDING
2024-11-12,17,DTE,EIX,115.1055,77.0343,0.8482,-1.2816,-1,1.5479,-0.0833,1.4645,HOLDING
2024-11-13,17,DTE,EIX,113.7154,76.5036,0.8482,-1.4007,-1,1.8048,-0.0833,1.7215,HOLDING
2024-11-14,17,DTE,EIX,114.4728,76.4571,0.8482,-0.981,-1,1.5027,-0.0833,1.4194,HOLDING
2024-11-15,17,DTE,EIX,115.1246,77.9,0.8482,-1.2839,-1,1.9589,-0.0833,1.8756,HOLDING
2024-11-18,17,DTE,EIX,115.5177,78.2724,0.8482,-1.1831,-1,1.9936,-0.0833,1.9103,HOLDING
2024-11-19,17,DTE,EIX,116.6489,79.7246,0.8482,-1.2833,-1,2.2773,-0.0833,2.1939,HOLDING
2024-11-20,17,DTE,EIX,117.1282,80.1715,0.8482,-1.1899,-1,2.3161,-0.0833,2.2328,HOLDING
2024-11-21,17,DTE,EIX,118.8538,81.0745,0.8482,-0.891,-1,2.1151,-0.0833,2.0317,HOLDING
2024-11-22,17,DTE,EIX,119.4482,80.5066,0.8482,-0.3355,-1,1.6214,-0.0833,1.5381,HOLDING
2024-11-25,17,DTE,EIX,120.0042,81.5586,0.8482,-0.5573,-1,1.9241,-0.0833,1.8408,HOLDING
2024-11-26,17,DTE,EIX,120.263,81.6796,0.8482,-0.4454,-1,1.887,-0.0833,1.8037,HOLDING
2024-11-27,17,DTE,EIX,120.867,82.2568,0.8482,-0.4229,-1,1.9427,-0.0833,1.8594,HOLDING
2024-11-29,17,DTE,EIX,120.5794,81.6889,0.8482,-0.149,-1,1.7747,-0.0833,1.6913,HOLDING
2024-12-02,17,DTE,EIX,118.4895,79.855,0.8482,0.0407,-1,1.6606,-0.0833,1.5773,HOLDING
2024-12-03,17,DTE,EIX,117.8951,78.8868,0.8482,0.5276,-1,1.4125,-0.0833,1.3292,HOLDING
2024-12-04,17,DTE,EIX,117.2337,78.5144,0.8482,0.7015,-1,1.4769,-0.0833,1.3936,HOLDING
2024-12-05,17,DTE,EIX,117.3583,79.0544,0.8482,0.6073,-1,1.6917,-0.0833,1.6083,HOLDING
2024-12-06,17,DTE,EIX,116.5434,78.1514,0.8482,0.9134,-1,1.5564,-0.0833,1.4731,HOLDING
2024-12-09,17,DTE,EIX,116.7639,77.2856,0.8482,2.3184,-1,1.0569,-0.0833,0.9736,HOLDING
2024-12-10,17,DTE,EIX,116.9269,77.0622,0.8482,2.3143,-1,0.8889,-0.0833,0.8055,HOLDING
2024-12-11,17,DTE,EIX,115.997,75.9451,0.8482,2.3101,-1,0.6927,-0.0833,0.6094,HOLDING
2024-12-12,17,DTE,EIX,115.7861,75.9823,0.8482,1.7792,-1,0.7886,-0.0833,0.7052,HOLDING
2024-12-13,17,DTE,EIX,116.2654,76.2337,0.8482,1.6745,-1,0.733,-0.0833,0.6496,HOLDING
2024-12-16,17,DTE,EIX,117.3876,75.5634,0.8482,2.4748,-1,-0.005,-0.0833,-0.0883,HOLDING
2024-12-17,17,DTE,EIX,116.7588,74.9397,0.8482,2.1401,-1,-0.0741,-0.0833,-0.1574,HOLDING
2024-12-18,17,DTE,EIX,113.6923,72.8544,0.8482,1.7317,-1,0.0511,-0.0833,-0.0322,HOLDING
2024-12-19,17,DTE,EIX,114.2533,72.5472,0.8482,1.9615,-1,-0.3044,-0.0833,-0.3877,HOLDING
2024-12-20,17,DTE,EIX,116.2558,74.0274,0.8482,1.7342,-1,-0.3289,-0.0833,-0.4123,HOLDING
2024-12-23,17,DTE,EIX,116.3235,74.2136,0.8482,1.4574,-1,-0.264,-0.0833,-0.3473,HOLDING
2024-12-24,17,DTE,EIX,116.8168,74.7163,0.8482,1.2431,-1,-0.2034,-0.0833,-0.2867,HOLDING
2024-12-26,17,DTE,EIX,117.136,74.4835,0.8482,1.3766,-1,-0.4336,-0.0833,-0.517,HOLDING
2024-12-27,17,DTE,EIX,117.3876,74.2787,0.8482,1.4565,-1,-0.6254,-0.0833,-0.7087,HOLDING
2024-12-30,17,DTE,EIX,116.6137,74.1763,0.8482,1.0667,-1,-0.3891,-0.0833,-0.4725,HOLDING
2024-12-31,17,DTE,EIX,116.8072,74.3253,0.8482,0.9719,-1,-0.3886,-0.0833,-0.472,HOLDING
2025-01-02,17,DTE,EIX,117.1167,74.4835,0.8482,0.9262,-1,-0.4265,-0.0833,-0.5098,HOLDING
2025-01-03,17,DTE,EIX,117.6101,74.288,0.8482,1.19,-1,-0.7031,-0.0833,-0.7864,HOLDING
2025-01-06,17,DTE,EIX,115.7624,73.022,0.8482,1.0596,-1,-0.6323,-0.0833,-0.7156,HOLDING
2025-01-07,17,DTE,EIX,116.4492,72.8037,0.8482,1.5626,-1,-0.9913,-0.0833,-1.0746,HOLDING
2025-01-08,17,DTE,EIX,117.0587,65.3897,0.8482,3.837,-1,-4.7966,-0.0833,-4.88,HOLDING
2025-01-10,17,DTE,EIX,115.1336,61.1558,0.8482,3.2557,-1,-6.1305,-0.0833,-6.2139,HOLDING
2025-01-13,17,DTE,EIX,114.3598,53.883,0.8482,3.3245,-1,-9.357,-0.0833,-9.4404,HOLDING
2025-01-14,17,DTE,EIX,115.5303,54.9744,0.8482,2.4902,-1,-9.2621,-0.0833,-9.3455,HOLDING
2025-01-15,17,DTE,EIX,116.6717,57.6747,0.8482,1.8165,-1,-8.3795,-0.0833,-8.4629,HOLDING
2025-01-16,17,DTE,EIX,118.974,57.5429,0.8482,1.7645,-1,-9.2932,-0.0833,-9.3765,HOLDING
2025-01-17,17,DTE,EIX,119.6221,58.9919,0.8482,1.4241,-1,-8.8328,-0.0833,-8.9161,HOLDING
2025-01-21,17,DTE,EIX,119.8446,58.5497,0.8482,1.3413,-1,-9.1285,-0.0833,-9.2118,HOLDING
2025-01-22,17,DTE,EIX,116.3041,54.8427,0.8482,1.4029,-1,-9.6115,-0.0833,-9.6948,HOLDING
2025-01-23,17,DTE,EIX,115.6076,53.8924,0.8482,1.3245,-1,-9.8132,-0.0833,-9.8965,HOLDING
2025-01-24,17,DTE,EIX,115.211,55.3884,0.8482,0.9886,-1,-8.9443,-0.0833,-9.0277,HOLDING
2025-01-27,17,DTE,EIX,117.7551,54.3252,0.8482,1.1925,-1,-10.3971,-0.0833,-10.4804,HOLDING
2025-01-28,17,DTE,EIX,114.7273,52.7916,0.8482,1.0671,-1,-10.0198,-0.0833,-10.1031,HOLDING
2025-01-29,17,DTE,EIX,113.76,52.4999,0.8482,0.9389,-1,-9.8035,-0.0833,-9.8868,HOLDING
2025-01-30,17,DTE,EIX,115.4335,50.8629,0.8482,1.1929,-1,-11.212,-0.0833,-11.2953,HOLDING
2025-01-31,17,DTE,EIX,115.9655,50.8064,0.8482,1.145,-1,-11.4356,-0.0833,-11.519,HOLDING
2025-02-03,17,DTE,EIX,116.9523,49.3387,0.8482,1.3573,0,-12.5088,-12.6591,-12.6591,STOP_LOSS_TRIGGERED
2025-02-04,17,DTE,EIX,116.7104,48.6612,0.8482,1.3743,0,0.0,-12.6591,-12.6591,STOPPED
2025-02-05,17,DTE,EIX,118.6838,49.3387,0.8482,1.4054,0,0.0,-12.6591,-12.6591,STOPPED
2025-02-06,17,DTE,EIX,118.558,48.125,0.8482,1.7268,0,0.0,-12.6591,-12.6591,STOPPED
2025-02-07,17,DTE,EIX,118.6935,47.1276,0.8482,1.8892,0,0.0,-12.6591,-12.6591,STOPPED
2025-02-10,17,DTE,EIX,119.6705,47.2029,0.8482,1.8313,0,0.0,-12.6591,-12.6591,STOPPED
2025-02-11,17,DTE,EIX,120.812,47.8051,0.8482,1.5851,0,0.0,-12.6591,-12.6591,STOPPED
2025-02-12,17,DTE,EIX,120.1348,49.5645,0.8482,0.951,0,0.0,-12.6591,-12.6591,STOPPED
2024-08-13,18,CPT,MAA,113.1927,143.7963,1.3092,0.0,0,0.0,0.0,0.0,HOLD_CASH
2024-08-14,18,CPT,MAA,113.4199,144.1065,1.3092,0.0,0,0.0,0.0,0.0,HOLD_CASH
2024-08-15,18,CPT,MAA,113.4104,144.1253,1.3092,0.0,0,0.0,0.0,0.0,HOLD_CASH
2024-08-16,18,CPT,MAA,113.2495,143.646,1.3092,0.0,0,0.0,0.0,0.0,HOLD_CASH
2024-08-19,18,CPT,MAA,113.0318,143.4674,1.3092,0.0,0,0.0,0.0,0.0,HOLD_CASH
2024-08-20,18,CPT,MAA,113.4483,143.8903,1.3092,0.0,0,0.0,0.0,0.0,HOLD_CASH
2024-08-21,18,CPT,MAA,113.808,143.7963,1.3092,0.0,0,0.0,0.0,0.0,HOLD_CASH
2024-08-22,18,CPT,MAA,114.5274,144.9335,1.3092,0.0,0,0.0,0.0,0.0,HOLD_CASH
2024-08-23,18,CPT,MAA,116.0514,147.208,1.3092,0.0,0,0.0,0.0,0.0,HOLD_CASH
2024-08-26,18,CPT,MAA,116.3448,148.4392,1.3092,0.0,0,0.0,0.0,0.0,HOLD_CASH
2024-08-27,18,CPT,MAA,117.3009,150.6666,1.3092,0.0,0,0.0,0.0,0.0,HOLD_CASH
2024-08-28,18,CPT,MAA,118.0676,151.7944,1.3092,0.0,0,0.0,0.0,0.0,HOLD_CASH
2024-08-29,18,CPT,MAA,117.3293,151.4091,1.3092,0.0,0,0.0,0.0,0.0,HOLD_CASH
2024-08-30,18,CPT,MAA,118.5125,152.6027,1.3092,0.0,0,0.0,0.0,0.0,HOLD_CASH
2024-09-03,18,CPT,MAA,119.8377,153.7305,1.3092,0.0,0,0.0,0.0,0.0,HOLD_CASH
2024-09-04,18,CPT,MAA,118.7208,153.1948,1.3092,0.0,0,0.0,0.0,0.0,HOLD_CASH
2024-09-05,18,CPT,MAA,117.4997,151.4561,1.3092,0.0,0,0.0,0.0,0.0,HOLD_CASH
2024-09-06,18,CPT,MAA,115.6444,149.9335,1.3092,0.0,0,0.0,0.0,0.0,HOLD_CASH
2024-09-09,18,CPT,MAA,114.8398,150.6572,1.3092,0.0,0,0.0,0.0,0.0,HOLD_CASH
2024-09-10,18,CPT,MAA,116.5909,153.7023,1.3092,-2.0716,1,0.0,-0.0833,-0.0833,ENTER_LONG_A
2024-09-11,18,CPT,MAA,115.9851,154.7925,1.3092,-2.2837,1,-0.5226,-0.0833,-0.606,HOLDING
2024-09-12,18,CPT,MAA,116.5247,154.5482,1.3092,-1.7197,1,-0.2805,-0.0833,-0.3639,HOLDING
2024-09-13,18,CPT,MAA,118.8911,156.1835,1.3092,-1.3015,1,-0.0507,-0.0833,-0.1341,HOLDING
2024-09-16,18,CPT,MAA,118.2569,156.6252,1.3092,-1.4988,1,-0.3828,-0.0833,-0.4661,HOLDING
2024-09-17,18,CPT,MAA,117.3671,154.1346,1.3092,-0.8637,1,0.1074,-0.0833,0.024,HOLDING
2024-09-18,18,CPT,MAA,118.5598,154.0594,1.3092,-0.3374,1,0.4996,-0.0833,0.4163,HOLDING
2024-09-19,18,CPT,MAA,119.8945,154.6139,1.3092,0.0543,1,0.7423,-0.0833,0.659,HOLDING
2024-09-20,18,CPT,MAA,118.522,152.6873,1.3092,0.4313,1,0.9097,-0.0833,0.8264,HOLDING
2024-09-23,18,CPT,MAA,120.1028,153.8151,1.3092,0.772,1,1.0523,-0.0833,0.969,HOLDING
2024-09-24,18,CPT,MAA,119.7525,153.0914,1.3092,1.0646,1,1.1664,-0.0833,1.083,HOLDING
2024-09-25,18,CPT,MAA,119.4212,151.8414,1.3092,1.5075,1,1.4481,-0.0833,1.3647,HOLDING
2024-09-26,18,CPT,MAA,117.7268,149.1722,1.3092,1.8436,1,1.7441,-0.0833,1.6607,HOLDING
2024-09-27,18,CPT,MAA,117.1021,148.2794,1.3092,1.7583,1,1.8251,-0.0833,1.7418,HOLDING
2024-09-30,18,CPT,MAA,117.9134,149.3414,1.3092,1.4758,1,1.7498,-0.0833,1.6665,HOLDING
2024-10-01,18,CPT,MAA,117.0257,148.317,1.3092,1.4117,1,1.7899,-0.0833,1.7066,HOLDING
2024-10-02,18,CPT,MAA,116.7585,147.5181,1.3092,1.4654,1,1.9528,-0.0833,1.8694,HOLDING
2024-10-03,18,CPT,MAA,115.2885,145.817,1.3092,1.4236,1,2.0207,-0.0833,1.9373,HOLDING
2024-10-04,18,CPT,MAA,115.3648,145.3189,1.3092,1.4634,1,2.1974,-0.0833,2.1141,HOLDING
2024-10-07,18,CPT,MAA,114.2099,144.3038,1.3092,1.2785,1,2.1519,-0.0833,2.0686,HOLDING
2024-10-08,18,CPT,MAA,114.5344,143.8339,1.3092,1.3847,1,2.3968,-0.0833,2.3135,HOLDING
2024-10-09,18,CPT,MAA,114.7348,144.0595,1.3092,1.2713,1,2.3896,-0.0833,2.3062,HOLDING
2024-10-10,18,CPT,MAA,113.389,143.0538,1.3092,1.082,1,2.2821,-0.0833,2.1988,HOLDING
2024-10-11,18,CPT,MAA,113.8853,144.1817,1.3092,0.7654,1,2.089,-0.0833,2.0057,HOLDING
2024-10-14,18,CPT,MAA,114.2099,144.2475,1.3092,0.8246,1,2.1693,-0.0833,2.0859,HOLDING
2024-10-15,18,CPT,MAA,114.2289,144.8643,1.3092,0.4771,1,1.9856,-0.0833,1.9022,HOLDING
2024-10-16,18,CPT,MAA,115.3553,146.0504,1.3092,0.3434,1,1.9696,-0.0833,1.8863,HOLDING
2024-10-17,18,CPT,MAA,113.8853,145.1489,1.3092,-0.098,1,1.7917,-0.0833,1.7084,HOLDING
2024-10-18,18,CPT,MAA,115.2503,146.6957,1.3092,-0.4031,1,1.7388,-0.0833,1.6554,HOLDING
2024-10-21,18,CPT,MAA,112.7017,144.8168,1.3092,-1.1144,1,1.5274,-0.0833,1.4441,HOLDING
2024-10-22,18,CPT,MAA,113.8185,146.0504,1.3092,-1.471,1,1.4939,-0.0833,1.4106,HOLDING
2024-10-23,18,CPT,MAA,115.1453,148.3563,1.3092,-2.3079,1,1.1958,-0.0833,1.1125,HOLDING
2024-10-24,18,CPT,MAA,114.878,148.1001,1.3092,-1.9954,1,1.1918,-0.0833,1.1085,HOLDING
2024-10-25,18,CPT,MAA,112.9117,145.4906,1.3092,-1.2897,1,1.3854,-0.0833,1.302,HOLDING
2024-10-28,18,CPT,MAA,113.303,145.9366,1.3092,-1.2452,1,1.3694,-0.0833,1.2861,HOLDING
2024-10-29,18,CPT,MAA,112.0813,143.2605,1.3092,-0.0531,1,1.8138,-0.0833,1.7305,HOLDING
2024-10-30,18,CPT,MAA,112.024,144.3803,1.3092,-0.9338,1,1.4519,-0.0833,1.3685,HOLDING
2024-10-31,18,CPT,MAA,110.5254,143.6117,1.3092,-1.3409,1,1.2243,-0.0833,1.1409,HOLDING
2024-11-01,18,CPT,MAA,108.559,141.5525,1.3092,-1.137,1,1.2486,-0.0833,1.1653,HOLDING
2024-11-04,18,CPT,MAA,110.6399,144.4088,1.3092,-1.5296,1,1.0147,-0.0833,0.9314,HOLDING
2024-11-05,18,CPT,MAA,112.6349,147.1132,1.3092,-1.8174,1,0.8009,-0.0833,0.7176,HOLDING
2024-11-06,18,CPT,MAA,112.1003,145.7468,1.3092,-1.1496,1,1.0555,-0.0833,0.9721,HOLDING
2024-11-07,18,CPT,MAA,113.1981,146.7906,1.3092,-1.039,1,1.0744,-0.0833,0.991,HOLDING
2024-11-08,18,CPT,MAA,116.2048,151.0134,1.3092,-1.7786,1,0.707,-0.0833,0.6237,HOLDING
2024-11-11,18,CPT,MAA,116.4053,151.8389,1.3092,-2.0053,1,0.5153,-0.0833,0.432,HOLDING
2024-11-12,18,CPT,MAA,115.3076,151.6017,1.3092,-2.2274,1,0.2485,-0.0833,0.1651,HOLDING
2024-11-13,18,CPT,MAA,117.6748,153.101,1.3092,-1.5014,1,0.5203,-0.0833,0.437,HOLDING
2024-11-14,18,CPT,MAA,114.878,149.3337,1.3092,-0.7476,1,0.8126,-0.0833,0.7293,HOLDING
2024-11-15,18,CPT,MAA,114.3244,150.017,1.3092,-1.4753,1,0.4313,-0.0833,0.3479,HOLDING
2024-11-18,18,CPT,MAA,114.4389,150.425,1.3092,-1.4983,1,0.3413,-0.0833,0.258,HOLDING
2024-11-19,18,CPT,MAA,115.7753,150.0549,1.3092,-0.2571,1,0.8687,-0.0833,0.7853,HOLDING
2024-11-20,18,CPT,MAA,115.0785,149.6849,1.3092,-0.4382,1,0.7668,-0.0833,0.6834,HOLDING
2024-11-21,18,CPT,MAA,116.4435,150.4345,1.3092,0.0232,1,0.9588,-0.0833,0.8755,HOLDING
2024-11-22,18,CPT,MAA,117.3121,152.7214,1.3092,-0.9062,1,0.5247,-0.0833,0.4414,HOLDING
2024-11-25,18,CPT,MAA,118.2857,153.7083,1.3092,-0.8322,1,0.5227,-0.0833,0.4394,HOLDING
2024-11-26,18,CPT,MAA,120.0421,154.8281,1.3092,-0.2947,1,0.7221,-0.0833,0.6388,HOLDING
2024-11-27,18,CPT,MAA,121.2543,156.7639,1.3092,-0.8889,1,0.5023,-0.0833,0.419,HOLDING
2024-11-29,18,CPT,MAA,120.0802,155.777,1.3092,-0.9783,1,0.4423,-0.0833,0.3589,HOLDING
2024-12-02,18,CPT,MAA,118.3143,154.012,1.3092,-0.9093,1,0.4382,-0.0833,0.3549,HOLDING
2024-12-03,18,CPT,MAA,117.0353,152.7689,1.3092,-0.8607,1,0.4244,-0.0833,0.3411,HOLDING
2024-12-04,18,CPT,MAA,116.5866,151.8294,1.3092,-0.2018,1,0.5744,-0.0833,0.491,HOLDING
2024-12-05,18,CPT,MAA,115.9471,151.0608,1.3092,0.0697,1,0.6127,-0.0833,0.5293,HOLDING
2024-12-06,18,CPT,MAA,116.3576,150.8236,1.3092,1.1968,1,0.8126,-0.0833,0.7293,HOLDING
2024-12-09,18,CPT,MAA,117.188,151.0228,1.3092,1.9171,1,1.0084,-0.0833,0.9251,HOLDING
2024-12-10,18,CPT,MAA,116.3862,150.463,1.3092,1.4038,1,0.9323,-0.0833,0.849,HOLDING
2024-12-11,18,CPT,MAA,114.983,150.2447,1.3092,-0.3264,1,0.5651,-0.0833,0.4818,HOLDING
2024-12-12,18,CPT,MAA,115.4508,150.2637,1.3092,0.3025,1,0.7041,-0.0833,0.6207,HOLDING
2024-12-13,18,CPT,MAA,114.7062,149.1914,1.3092,0.8126,1,0.8032,-0.0833,0.7199,HOLDING
2024-12-16,18,CPT,MAA,114.8876,150.4535,1.3092,-0.8547,1,0.4714,-0.0833,0.3881,HOLDING
2024-12-17,18,CPT,MAA,113.1981,148.1001,1.3092,0.0945,1,0.6718,-0.0833,0.5885,HOLDING
2024-12-18,18,CPT,MAA,109.1443,143.1657,1.3092,1.5076,1,0.9339,-0.0833,0.8506,HOLDING
2024-12-19,18,CPT,MAA,108.3451,141.7992,1.3092,2.0759,1,1.1065,-0.0833,1.0232,HOLDING
2024-12-20,18,CPT,MAA,110.6464,145.5665,1.3092,0.0063,1,0.6609,-0.0833,0.5775,HOLDING
2024-12-23,18,CPT,MAA,110.9738,145.5,1.3092,0.5385,1,0.7826,-0.0833,0.6993,HOLDING
2024-12-24,18,CPT,MAA,112.11,146.857,1.3092,0.1588,1,0.7172,-0.0833,0.6338,HOLDING
2024-12-26,18,CPT,MAA,112.0811,147.2935,1.3092,-0.5199,1,0.5741,-0.0833,0.4907,HOLDING
2024-12-27,18,CPT,MAA,110.9545,145.8986,1.3092,-0.1684,1,0.6541,-0.0833,0.5708,HOLDING
2024-12-30,18,CPT,MAA,110.5116,145.2249,1.3092,0.1218,1,0.7241,-0.0833,0.6408,HOLDING
2024-12-31,18,CPT,MAA,111.7345,146.6767,1.3092,-0.3326,1,0.6564,-0.0833,0.573,HOLDING
2025-01-02,18,CPT,MAA,110.4249,144.684,1.3092,0.7945,1,0.8636,-0.0833,0.7802,HOLDING
2025-01-03,18,CPT,MAA,112.7262,147.1417,1.3092,0.428,1,0.8204,-0.0833,0.7371,HOLDING
2025-01-06,18,CPT,MAA,109.2502,142.1218,1.3092,2.6266,1,1.2875,-0.0833,1.2042,HOLDING
2025-01-07,18,CPT,MAA,106.2171,140.6889,1.3092,0.0348,1,0.7892,-0.0833,0.7058,HOLDING
2025-01-08,18,CPT,MAA,106.92,141.7138,1.3092,-0.4076,1,0.6917,-0.0833,0.6084,HOLDING
2025-01-10,18,CPT,MAA,105.1097,140.6225,1.3092,-1.4576,1,0.4668,-0.0833,0.3835,HOLDING
2025-01-13,18,CPT,MAA,107.517,142.5204,1.3092,-0.6169,1,0.6285,-0.0833,0.5452,HOLDING
2025-01-14,18,CPT,MAA,108.3451,143.6401,1.3092,-0.9953,1,0.5407,-0.0833,0.4573,HOLDING
2025-01-15,18,CPT,MAA,107.6903,143.2615,1.3092,-1.2877,1,0.4544,-0.0833,0.371,HOLDING
2025-01-16,18,CPT,MAA,108.4702,144.383,1.3092,-1.6669,1,0.3511,-0.0833,0.2677,HOLDING
2025-01-17,18,CPT,MAA,108.4221,144.2776,1.3092,-1.433,1,0.3686,-0.0833,0.2852,HOLDING
2025-01-21,18,CPT,MAA,108.5858,144.268,1.3092,-1.0859,1,0.4222,-0.0833,0.3389,HOLDING
2025-01-22,18,CPT,MAA,106.8622,141.0282,1.3092,1.015,1,0.8846,-0.0833,0.8012,HOLDING
2025-01-23,18,CPT,MAA,105.9282,140.8077,1.3092,-0.0305,1,0.6633,-0.0833,0.5799,HOLDING
2025-01-24,18,CPT,MAA,106.5348,142.2551,1.3092,-1.1057,1,0.4061,-0.0833,0.3228,HOLDING
2025-01-27,18,CPT,MAA,109.7509,147.2586,1.3092,-2.5928,1,-0.1365,-0.0833,-0.2198,HOLDING
2025-01-28,18,CPT,MAA,108.4125,145.1306,1.3092,-1.574,1,0.1034,-0.0833,0.02,HOLDING
2025-01-29,18,CPT,MAA,106.477,142.3988,1.3092,-0.7448,1,0.344,-0.0833,0.2607,HOLDING
2025-01-30,18,CPT,MAA,108.9998,145.5428,1.3092,-1.1831,1,0.1585,-0.0833,0.0752,HOLDING
2025-01-31,18,CPT,MAA,109.4909,146.2521,1.3092,-1.2427,1,0.0924,-0.0833,0.0091,HOLDING
2025-02-03,18,CPT,MAA,109.2887,146.1659,1.3092,-1.219,1,0.0564,-0.0833,-0.027,HOLDING
2025-02-04,18,CPT,MAA,110.0205,148.2171,1.3092,-2.0141,1,-0.3476,-0.0833,-0.431,HOLDING
2025-02-05,18,CPT,MAA,111.9559,150.3642,1.3092,-2.034,1,-0.4086,-0.0833,-0.4919,HOLDING
2025-02-06,18,CPT,MAA,113.3329,152.2717,1.3092,-2.0776,1,-0.5687,-0.0833,-0.652,HOLDING
2025-02-07,18,CPT,MAA,114.7387,151.5719,1.3092,-0.3668,1,0.0815,-0.0833,-0.0018,HOLDING
2025-02-10,18,CPT,MAA,114.912,150.3546,1.3092,0.7394,1,0.5094,-0.0833,0.426,HOLDING
2025-02-11,18,CPT,MAA,115.3838,149.559,1.3092,1.6409,1,0.9,-0.0833,0.8166,HOLDING
2025-02-12,18,CPT,MAA,114.0069,149.3577,1.3092,0.7431,1,0.0,0.3711,0.3711,PERIOD_END_EXIT
2024-08-13,19,CMS,PPL,63.1305,29.2603,0.788,0.0,0,0.0,0.0,0.0,HOLD_CASH
2024-08-14,19,CMS,PPL,63.3886,29.3833,0.788,0.0,0,0.0,0.0,0.0,HOLD_CASH
2024-08-15,19,CMS,PPL,63.0445,29.3171,0.788,0.0,0,0.0,0.0,0.0,HOLD_CASH
2024-08-16,19,CMS,PPL,63.5129,29.4969,0.788,0.0,0,0.0,0.0,0.0,HOLD_CASH
2024-08-19,19,CMS,PPL,63.5893,29.6956,0.788,0.0,0,0.0,0.0,0.0,HOLD_CASH
2024-08-20,19,CMS,PPL,63.7805,29.7903,0.788,0.0,0,0.0,0.0,0.0,HOLD_CASH
2024-08-21,19,CMS,PPL,64.0386,29.8565,0.788,0.0,0,0.0,0.0,0.0,HOLD_CASH
2024-08-22,19,CMS,PPL,64.2871,29.8565,0.788,0.0,0,0.0,0.0,0.0,HOLD_CASH
2024-08-23,19,CMS,PPL,64.1533,30.0836,0.788,0.0,0,0.0,0.0,0.0,HOLD_CASH
2024-08-26,19,CMS,PPL,64.7172,30.1972,0.788,0.0,0,0.0,0.0,0.0,HOLD_CASH
2024-08-27,19,CMS,PPL,64.4687,30.0268,0.788,0.0,0,0.0,0.0,0.0,HOLD_CASH
2024-08-28,19,CMS,PPL,64.4304,30.0552,0.788,0.0,0,0.0,0.0,0.0,HOLD_CASH
2024-08-29,19,CMS,PPL,64.6789,30.0458,0.788,0.0,0,0.0,0.0,0.0,HOLD_CASH
2024-08-30,19,CMS,PPL,64.8605,30.1972,0.788,0.0,0,0.0,0.0,0.0,HOLD_CASH
2024-09-03,19,CMS,PPL,65.6443,30.3864,0.788,0.0,0,0.0,0.0,0.0,HOLD_CASH
2024-09-04,19,CMS,PPL,66.1031,30.4811,0.788,0.0,0,0.0,0.0,0.0,HOLD_CASH
2024-09-05,19,CMS,PPL,65.2906,30.4243,0.788,0.0,0,0.0,0.0,0.0,HOLD_CASH
2024-09-06,19,CMS,PPL,65.0039,30.3486,0.788,0.0,0,0.0,0.0,0.0,HOLD_CASH
2024-09-09,19,CMS,PPL,66.0649,30.6987,0.788,0.0,0,0.0,0.0,0.0,HOLD_CASH
2024-09-10,19,CMS,PPL,66.4376,30.6777,0.788,2.1838,-1,0.0,-0.0833,-0.0833,ENTER_SHORT_A
2024-09-11,19,CMS,PPL,66.17,30.4774,0.788,1.9959,-1,-0.0521,-0.0833,-0.1354,HOLDING
2024-09-12,19,CMS,PPL,66.2464,30.487,0.788,1.8289,-1,-0.0943,-0.0833,-0.1776,HOLDING
2024-09-13,19,CMS,PPL,66.992,30.9639,0.788,1.4839,-1,-0.0463,-0.0833,-0.1296,HOLDING
2024-09-16,19,CMS,PPL,67.3647,31.1738,0.788,1.3504,-1,-0.0566,-0.0833,-0.1399,HOLDING
2024-09-17,19,CMS,PPL,67.1545,30.9067,0.788,1.6339,-1,-0.2288,-0.0833,-0.3121,HOLDING
2024-09-18,19,CMS,PPL,66.906,30.6682,0.788,1.7167,-1,-0.34,-0.0833,-0.4233,HOLDING
2024-09-19,19,CMS,PPL,66.17,30.3248,0.788,1.2971,-1,-0.2348,-0.0833,-0.3181,HOLDING
2024-09-20,19,CMS,PPL,66.753,30.9639,0.788,0.2921,-1,0.1213,-0.0833,0.038,HOLDING
2024-09-23,19,CMS,PPL,67.1831,31.3264,0.788,-0.1607,-1,0.2535,-0.0833,0.1702,HOLDING
2024-09-24,19,CMS,PPL,66.9824,31.0688,0.788,0.2608,-1,0.086,-0.0833,0.0027,HOLDING
2024-09-25,19,CMS,PPL,66.7435,31.231,0.788,-0.9301,-1,0.4478,-0.0833,0.3645,HOLDING
2024-09-26,19,CMS,PPL,66.8582,31.0975,0.788,-0.2503,-1,0.2075,-0.0833,0.1241,HOLDING
2024-09-27,19,CMS,PPL,67.3169,31.3646,0.788,-0.2971,-1,0.2054,-0.0833,0.122,HOLDING
2024-09-30,19,CMS,PPL,67.5081,31.5553,0.788,-0.7213,-1,0.2997,-0.0833,0.2163,HOLDING
2024-10-01,19,CMS,PPL,67.9095,31.6984,0.788,-0.2929,-1,0.1893,-0.0833,0.106,HOLDING
2024-10-02,19,CMS,PPL,68.1007,31.5363,0.788,0.9248,-1,-0.1389,-0.0833,-0.2222,HOLDING
2024-10-03,19,CMS,PPL,67.9956,31.2405,0.788,1.7714,-1,-0.4192,-0.0833,-0.5025,HOLDING
2024-10-04,19,CMS,PPL,68.072,31.0498,0.788,2.4439,-1,-0.7012,-0.0833,-0.7845,HOLDING
2024-10-07,19,CMS,PPL,66.6861,30.4011,0.788,1.575,-1,-0.5055,-0.0833,-0.5888,HOLDING
2024-10-08,19,CMS,PPL,66.8773,30.6396,0.788,0.9582,-1,-0.3541,-0.0833,-0.4375,HOLDING
2024-10-09,19,CMS,PPL,66.5427,30.382,0.788,1.1119,-1,-0.4278,-0.0833,-0.5111,HOLDING
2024-10-10,19,CMS,PPL,66.084,30.0195,0.788,1.3499,-1,-0.5399,-0.0833,-0.6232,HOLDING
2024-10-11,19,CMS,PPL,66.2751,30.2485,0.788,0.8333,-1,-0.3999,-0.0833,-0.4832,HOLDING
2024-10-14,19,CMS,PPL,66.7817,30.6014,0.788,0.5714,-1,-0.3327,-0.0833,-0.4161,HOLDING
2024-10-15,19,CMS,PPL,67.1927,30.8494,0.788,0.5226,-1,-0.3242,-0.0833,-0.4075,HOLDING
2024-10-16,19,CMS,PPL,68.0242,31.1165,0.788,1.213,-1,-0.5877,-0.0833,-0.6711,HOLDING
2024-10-17,19,CMS,PPL,67.8713,30.8781,0.788,1.5413,-1,-0.7659,-0.0833,-0.8493,HOLDING
2024-10-18,19,CMS,PPL,68.1389,31.1547,0.788,1.0411,-1,-0.6225,-0.0833,-0.7058,HOLDING
2024-10-21,19,CMS,PPL,68.0242,31.2215,0.788,0.5483,-1,-0.4621,-0.0833,-0.5455,HOLDING
2024-10-22,19,CMS,PPL,67.8904,31.1738,0.788,0.3881,-1,-0.4253,-0.0833,-0.5087,HOLDING
2024-10-23,19,CMS,PPL,68.9131,31.603,0.788,0.8807,-1,-0.6289,-0.0833,-0.7122,HOLDING
2024-10-24,19,CMS,PPL,68.5977,31.355,0.788,1.0354,-1,-0.7045,-0.0833,-0.7879,HOLDING
2024-10-25,19,CMS,PPL,67.6324,30.9353,0.788,0.4039,-1,-0.5298,-0.0833,-0.6131,HOLDING
2024-10-28,19,CMS,PPL,68.0147,31.2024,0.788,0.0812,-1,-0.4783,-0.0833,-0.5616,HOLDING
2024-10-29,19,CMS,PPL,66.4472,30.6396,0.788,-2.3397,-1,-0.0524,-0.0833,-0.1357,HOLDING
2024-10-30,19,CMS,PPL,67.0111,30.7541,0.788,-1.0061,-1,-0.311,-0.0833,-0.3943,HOLDING
2024-10-31,19,CMS,PPL,66.5332,31.0593,0.788,-3.2485,-1,0.3897,-0.0833,0.3064,HOLDING
2024-11-01,19,CMS,PPL,65.2811,30.1054,0.788,-1.8957,-1,0.1261,-0.0833,0.0428,HOLDING
2024-11-04,19,CMS,PPL,65.3671,30.5824,0.788,-2.7398,-1,0.6368,-0.0833,0.5534,HOLDING
2024-11-05,19,CMS,PPL,66.0553,31.0879,0.788,-2.3975,-1,0.7593,-0.0833,0.6759,HOLDING
2024-11-06,19,CMS,PPL,64.8605,31.0498,0.788,-2.929,-1,1.5517,-0.0833,1.4684,HOLDING
2024-11-07,19,CMS,PPL,63.4268,30.8494,0.788,-2.9423,-1,2.3177,-0.0833,2.2343,HOLDING
2024-11-08,19,CMS,PPL,64.2775,31.5363,0.788,-2.4551,-1,2.5431,-0.0833,2.4598,HOLDING
2024-11-11,19,CMS,PPL,65.5678,31.9178,0.788,-1.7017,-1,2.0947,-0.0833,2.0114,HOLDING
2024-11-12,19,CMS,PPL,65.0899,31.708,0.788,-1.5705,-1,2.1788,-0.0833,2.0954,HOLDING
2024-11-13,19,CMS,PPL,65.1911,31.9464,0.788,-1.5372,-1,2.3933,-0.0833,2.31,HOLDING
2024-11-14,19,CMS,PPL,64.9214,31.6793,0.788,-1.2949,-1,2.2627,-0.0833,2.1794,HOLDING
2024-11-15,19,CMS,PPL,65.7111,32.1468,0.788,-1.1499,-1,2.2683,-0.0833,2.185,HOLDING
2024-11-18,19,CMS,PPL,65.9711,32.4329,0.788,-1.1402,-1,2.4285,-0.0833,2.3452,HOLDING
2024-11-19,19,CMS,PPL,66.0386,32.5665,0.788,-1.1055,-1,2.5411,-0.0833,2.4577,HOLDING
2024-11-20,19,CMS,PPL,65.9904,32.6905,0.788,-1.1322,-1,2.7233,-0.0833,2.64,HOLDING
2024-11-21,19,CMS,PPL,66.6549,33.2438,0.788,-1.1512,-1,2.9195,-0.0833,2.8361,HOLDING
2024-11-22,19,CMS,PPL,66.9535,32.8622,0.788,-0.5475,-1,2.2532,-0.0833,2.1699,HOLDING
2024-11-25,19,CMS,PPL,67.098,32.8145,0.788,-0.3287,-1,2.0948,-0.0833,2.0115,HOLDING
2024-11-26,19,CMS,PPL,67.8492,33.2342,0.788,-0.1938,-1,2.0703,-0.0833,1.987,HOLDING
2024-11-27,19,CMS,PPL,67.8877,33.3868,0.788,-0.2556,-1,2.226,-0.0833,2.1427,HOLDING
2024-11-29,19,CMS,PPL,67.1365,33.3201,0.788,-0.7571,-1,2.673,-0.0833,2.5897,HOLDING
2024-12-02,19,CMS,PPL,65.8748,32.8527,0.788,-1.3095,-1,2.9985,-0.0833,2.9152,HOLDING
2024-12-03,19,CMS,PPL,65.7304,32.6714,0.788,-1.1522,-1,2.8829,-0.0833,2.7996,HOLDING
2024-12-04,19,CMS,PPL,65.0081,32.452,0.788,-1.9252,-1,3.1269,-0.0833,3.0436,HOLDING
2024-12-05,19,CMS,PPL,64.8925,32.5188,0.788,-2.1502,-1,3.288,-0.0833,3.2046,HOLDING
2024-12-06,19,CMS,PPL,64.6902,32.0514,0.788,-0.9928,-1,2.8703,-0.0833,2.7869,HOLDING
2024-12-09,19,CMS,PPL,65.1525,31.6221,0.788,1.116,-1,2.0321,-0.0833,1.9487,HOLDING
2024-12-10,19,CMS,PPL,65.1622,31.649,0.788,1.047,-1,2.0575,-0.0833,1.9742,HOLDING
2024-12-11,19,CMS,PPL,64.3532,31.4664,0.788,0.1258,-1,2.4064,-0.0833,2.323,HOLDING
2024-12-12,19,CMS,PPL,64.5554,31.0434,0.788,1.6085,-1,1.7581,-0.0833,1.6747,HOLDING
2024-12-13,19,CMS,PPL,64.8347,31.0434,0.788,1.8284,-1,1.5622,-0.0833,1.4788,HOLDING
2024-12-16,19,CMS,PPL,64.2376,31.0722,0.788,0.7705,-1,2.0156,-0.0833,1.9322,HOLDING
2024-12-17,19,CMS,PPL,64.565,31.0145,0.788,1.3005,-1,1.7168,-0.0833,1.6335,HOLDING
2024-12-18,19,CMS,PPL,63.419,30.3704,0.788,1.0642,-1,1.7496,-0.0833,1.6663,HOLDING
2024-12-19,19,CMS,PPL,63.3323,30.7838,0.788,-0.0931,-1,2.3054,-0.0833,2.222,HOLDING
2024-12-20,19,CMS,PPL,64.1509,31.1779,0.788,0.1191,-1,2.203,-0.0833,2.1196,HOLDING
2024-12-23,19,CMS,PPL,64.2087,31.1587,0.788,0.2539,-1,2.1394,-0.0833,2.0561,HOLDING
2024-12-24,19,CMS,PPL,64.3532,31.3414,0.788,0.0516,-1,2.2568,-0.0833,2.1734,HOLDING
2024-12-26,19,CMS,PPL,64.4784,31.3606,0.788,0.2238,-1,2.1919,-0.0833,2.1086,HOLDING
2024-12-27,19,CMS,PPL,64.5843,31.2645,0.788,0.6157,-1,2.0025,-0.0833,1.9192,HOLDING
2024-12-30,19,CMS,PPL,64.1702,31.1395,0.788,0.2521,-1,2.1434,-0.0833,2.0601,HOLDING
2024-12-31,19,CMS,PPL,64.1894,31.2068,0.788,0.042,-1,2.2105,-0.0833,2.1271,HOLDING
2025-01-02,19,CMS,PPL,64.0739,30.9376,0.788,0.4972,-1,1.9693,-0.0833,1.8859,HOLDING
2025-01-03,19,CMS,PPL,64.1509,31.0241,0.788,0.3033,-1,2.0188,-0.0833,1.9355,HOLDING
2025-01-06,19,CMS,PPL,63.0049,30.505,0.788,-0.5555,-1,2.2013,-0.0833,2.118,HOLDING
2025-01-07,19,CMS,PPL,63.2841,30.7645,0.788,-1.2461,-1,2.3161,-0.0833,2.2328,HOLDING
2025-01-08,19,CMS,PPL,63.8524,30.928,0.788,-0.2453,-1,2.1132,-0.0833,2.0298,HOLDING
2025-01-10,19,CMS,PPL,62.687,30.505,0.788,-1.5743,-1,2.4242,-0.0833,2.3409,HOLDING
2025-01-13,19,CMS,PPL,62.5907,30.4569,0.788,-1.565,-1,2.4343,-0.0833,2.3509,HOLDING
2025-01-14,19,CMS,PPL,63.1397,30.7453,0.788,-1.2047,-1,2.3944,-0.0833,2.3111,HOLDING
2025-01-15,19,CMS,PPL,64.1509,30.8703,0.788,1.388,-1,1.8347,-0.0833,1.7513,HOLDING
2025-01-16,19,CMS,PPL,65.5089,31.8894,0.788,0.4167,-1,2.1021,-0.0833,2.0187,HOLDING
2025-01-17,19,CMS,PPL,65.5667,31.9663,0.788,0.3275,-1,2.1536,-0.0833,2.0703,HOLDING
2025-01-21,19,CMS,PPL,65.7785,32.2739,0.788,-0.6431,-1,2.3733,-0.0833,2.2899,HOLDING
2025-01-22,19,CMS,PPL,64.1413,31.3991,0.788,-1.4892,-1,2.4744,-0.0833,2.3911,HOLDING
2025-01-23,19,CMS,PPL,63.4286,31.476,0.788,-3.126,-1,3.0665,-0.0833,2.9831,HOLDING
2025-01-24,19,CMS,PPL,63.3901,31.6106,0.788,-2.7564,-1,3.2546,-0.0833,3.1713,HOLDING
2025-01-27,19,CMS,PPL,64.7095,32.2163,0.788,-1.7335,-1,3.0541,-0.0833,2.9708,HOLDING
2025-01-28,19,CMS,PPL,63.1878,31.5721,0.788,-2.1854,-1,3.3505,-0.0833,3.2671,HOLDING
2025-01-29,19,CMS,PPL,63.3419,31.4664,0.788,-1.4657,-1,3.1158,-0.0833,3.0324,HOLDING
2025-01-30,19,CMS,PPL,63.7561,32.1778,0.788,-2.1231,-1,3.677,-0.0833,3.5936,HOLDING
2025-01-31,19,CMS,PPL,63.5634,32.3028,0.788,-2.169,-1,3.9617,-0.0833,3.8784,HOLDING
2025-02-03,19,CMS,PPL,64.0257,32.5047,0.788,-1.7321,-1,3.8791,-0.0833,3.7958,HOLDING
2025-02-04,19,CMS,PPL,63.7368,32.3124,0.788,-1.5251,-1,3.8516,-0.0833,3.7683,HOLDING
2025-02-05,19,CMS,PPL,64.6421,32.6104,0.788,-0.9467,-1,3.5733,-0.0833,3.49,HOLDING
2025-02-06,19,CMS,PPL,65.8074,32.7931,0.788,0.0258,-1,2.9745,-0.0833,2.8912,HOLDING
2025-02-07,19,CMS,PPL,66.1638,32.8219,0.788,0.4108,-1,2.759,-0.0833,2.6757,HOLDING
2025-02-10,19,CMS,PPL,66.626,32.9085,0.788,0.7601,-1,2.5383,-0.0833,2.455,HOLDING
2025-02-11,19,CMS,PPL,66.8861,33.1873,0.788,0.5665,-1,2.6897,-0.0833,2.6064,HOLDING
2025-02-12,19,CMS,PPL,66.9824,33.1873,0.788,0.6776,-1,0.0,2.4521,2.4521,PERIOD_END_EXIT
2024-08-13,20,LNT,PNW,54.038,81.8215,0.6661,0.0,0,0.0,0.0,0.0,HOLD_CASH
2024-08-14,20,LNT,PNW,54.2493,81.4697,0.6661,0.0,0,0.0,0.0,0.0,HOLD_CASH
2024-08-15,20,LNT,PNW,54.6911,81.7074,0.6661,0.0,0,0.0,0.0,0.0,HOLD_CASH
2024-08-16,20,LNT,PNW,55.1042,82.1827,0.6661,0.0,0,0.0,0.0,0.0,HOLD_CASH
2024-08-19,20,LNT,PNW,55.3923,82.7246,0.6661,0.0,0,0.0,0.0,0.0,HOLD_CASH
2024-08-20,20,LNT,PNW,55.2675,82.4014,0.6661,0.0,0,0.0,0.0,0.0,HOLD_CASH
2024-08-21,20,LNT,PNW,55.5172,82.9242,0.6661,0.0,0,0.0,0.0,0.0,HOLD_CASH
2024-08-22,20,LNT,PNW,55.5844,82.8102,0.6661,0.0,0,0.0,0.0,0.0,HOLD_CASH
2024-08-23,20,LNT,PNW,55.7381,82.7626,0.6661,0.0,0,0.0,0.0,0.0,HOLD_CASH
2024-08-26,20,LNT,PNW,55.9206,82.7911,0.6661,0.0,0,0.0,0.0,0.0,HOLD_CASH
2024-08-27,20,LNT,PNW,55.3155,82.1447,0.6661,0.0,0,0.0,0.0,0.0,HOLD_CASH
2024-08-28,20,LNT,PNW,55.5172,82.7246,0.6661,0.0,0,0.0,0.0,0.0,HOLD_CASH
2024-08-29,20,LNT,PNW,55.6613,82.8482,0.6661,0.0,0,0.0,0.0,0.0,HOLD_CASH
2024-08-30,20,LNT,PNW,55.9686,83.1999,0.6661,0.0,0,0.0,0.0,0.0,HOLD_CASH
2024-09-03,20,LNT,PNW,56.4681,83.9414,0.6661,0.0,0,0.0,0.0,0.0,HOLD_CASH
2024-09-04,20,LNT,PNW,56.7947,84.1791,0.6661,0.0,0,0.0,0.0,0.0,HOLD_CASH
2024-09-05,20,LNT,PNW,56.641,84.103,0.6661,0.0,0,0.0,0.0,0.0,HOLD_CASH
2024-09-06,20,LNT,PNW,56.2664,83.4756,0.6661,0.0,0,0.0,0.0,0.0,HOLD_CASH
2024-09-09,20,LNT,PNW,56.9099,85.0632,0.6661,0.0,0,0.0,0.0,0.0,HOLD_CASH
2024-09-10,20,LNT,PNW,57.006,85.2438,0.6661,0.746,0,0.0,0.0,0.0,HOLD_CASH
2024-09-11,20,LNT,PNW,56.6698,84.5783,0.6661,0.6253,0,0.0,0.0,0.0,HOLD_CASH
2024-09-12,20,LNT,PNW,56.5833,84.816,0.6661,-0.1082,0,0.0,0.0,0.0,HOLD_CASH
2024-09-13,20,LNT,PNW,57.2941,86.2229,0.6661,0.1199,0,0.0,0.0,0.0,HOLD_CASH
2024-09-16,20,LNT,PNW,58.1201,86.8123,0.6661,2.1559,-1,0.0,-0.0833,-0.0833,ENTER_SHORT_A
2024-09-17,20,LNT,PNW,57.9281,85.529,0.6661,2.7649,-1,-0.3272,-0.0833,-0.4105,HOLDING
2024-09-18,20,LNT,PNW,57.9473,85.7666,0.6661,2.1013,-1,-0.2525,-0.0833,-0.3359,HOLDING
2024-09-19,20,LNT,PNW,57.3902,84.6259,0.6661,1.7418,-1,-0.2109,-0.0833,-0.2942,HOLDING
2024-09-20,20,LNT,PNW,57.3614,85.8237,0.6661,0.0655,-1,0.2736,-0.0833,0.1902,HOLDING
2024-09-23,20,LNT,PNW,57.9665,85.7476,0.6661,1.6896,-1,-0.2764,-0.0833,-0.3597,HOLDING
2024-09-24,20,LNT,PNW,57.6783,84.835,0.6661,1.7473,-1,-0.3786,-0.0833,-0.462,HOLDING
2024-09-25,20,LNT,PNW,57.5823,84.5593,0.6661,1.6095,-1,-0.4018,-0.0833,-0.4851,HOLDING
2024-09-26,20,LNT,PNW,57.5342,84.084,0.6661,1.7794,-1,-0.5428,-0.0833,-0.6262,HOLDING
2024-09-27,20,LNT,PNW,58.3411,83.9129,0.6661,2.8193,-1,-1.3029,-0.0833,-1.3862,HOLDING
2024-09-30,20,LNT,PNW,58.293,84.2171,0.6661,2.068,-1,-1.1448,-0.0833,-1.2281,HOLDING
2024-10-01,20,LNT,PNW,58.61,86.0423,0.6661,1.1047,-1,-0.7171,-0.0833,-0.8004,HOLDING
2024-10-02,20,LNT,PNW,58.197,85.3959,0.6661,0.833,-1,-0.6097,-0.0833,-0.6931,HOLDING
2024-10-03,20,LNT,PNW,58.1778,85.1107,0.6661,0.913,-1,-0.7026,-0.0833,-0.786,HOLDING
2024-10-04,20,LNT,PNW,57.8128,83.6372,0.6661,1.2576,-1,-0.954,-0.0833,-1.0374,HOLDING
2024-10-07,20,LNT,PNW,56.9964,82.8102,0.6661,0.5058,-1,-0.5688,-0.0833,-0.6522,HOLDING
2024-10-08,20,LNT,PNW,57.2365,82.4109,0.6661,1.0827,-1,-0.9287,-0.0833,-1.012,HOLDING
2024-10-09,20,LNT,PNW,57.2077,81.9356,0.6661,1.2736,-1,-1.0863,-0.0833,-1.1697,HOLDING
2024-10-10,20,LNT,PNW,56.6506,81.2986,0.6661,0.7729,-1,-0.8513,-0.0833,-0.9347,HOLDING
2024-10-11,20,LNT,PNW,57.3133,81.6599,0.6661,1.6084,-1,-1.283,-0.0833,-1.3664,HOLDING
2024-10-14,20,LNT,PNW,57.9953,82.2588,0.6661,2.0517,-1,-1.6401,-0.0833,-1.7234,HOLDING
2024-10-15,20,LNT,PNW,58.6676,82.7531,0.6661,2.2867,-1,-2.029,-0.0833,-2.1123,HOLDING
2024-10-16,20,LNT,PNW,59.8299,83.257,0.6661,2.7288,-1,-2.8358,-0.0833,-2.9191,HOLDING
2024-10-17,20,LNT,PNW,59.5321,82.7911,0.6661,2.1739,-1,-2.7583,-0.0833,-2.8417,HOLDING
2024-10-18,20,LNT,PNW,59.7146,83.5802,0.6661,1.7684,-1,-2.6126,-0.0833,-2.6959,HOLDING
2024-10-21,20,LNT,PNW,58.9366,83.1429,0.6661,1.0575,-1,-2.1109,-0.0833,-2.1942,HOLDING
2024-10-22,20,LNT,PNW,58.6292,83.7703,0.6661,0.3471,-1,-1.6056,-0.0833,-1.6889,HOLDING
2024-10-23,20,LNT,PNW,59.4745,84.9016,0.6661,0.6212,-1,-1.8988,-0.0833,-1.9821,HOLDING
2024-10-24,20,LNT,PNW,59.4649,85.1867,0.6661,0.3917,-1,-1.7811,-0.0833,-1.8644,HOLDING
2024-10-25,20,LNT,PNW,58.3411,83.8464,0.6661,-0.2045,-1,-1.3284,-0.0833,-1.4117,HOLDING
2024-10-28,20,LNT,PNW,58.7253,83.8749,0.6661,0.2037,-1,-1.6481,-0.0833,-1.7314,HOLDING
2024-10-29,20,LNT,PNW,57.3421,83.1239,0.6661,-1.057,-1,-0.746,-0.0833,-0.8293,HOLDING
2024-10-30,20,LNT,PNW,56.9387,83.2094,0.6661,-1.5495,-1,-0.366,-0.0833,-0.4493,HOLDING
2024-10-31,20,LNT,PNW,58.1007,83.4756,0.6661,-0.3563,-1,-1.2639,-0.0833,-1.3472,HOLDING
2024-11-01,20,LNT,PNW,55.9123,81.5933,0.6661,-1.7943,-1,-0.1029,-0.0833,-0.1862,HOLDING
2024-11-04,20,LNT,PNW,55.6896,82.3378,0.6661,-2.1465,-1,0.3745,-0.0833,0.2912,HOLDING
2024-11-05,20,LNT,PNW,56.2803,83.2985,0.6661,-1.7547,-1,0.2349,-0.0833,0.1515,HOLDING
2024-11-06,20,LNT,PNW,55.1957,86.5551,0.6661,-2.9136,-1,2.418,-0.0833,2.3347,HOLDING
2024-11-07,20,LNT,PNW,54.4598,85.7097,0.6661,-2.4738,-1,2.7269,-0.0833,2.6436,HOLDING
2024-11-08,20,LNT,PNW,55.922,88.1978,0.6661,-1.8936,-1,2.4234,-0.0833,2.3401,HOLDING
2024-11-11,20,LNT,PNW,58.0233,88.2939,0.6661,-0.7767,-1,0.652,-0.0833,0.5686,HOLDING
2024-11-12,20,LNT,PNW,58.033,87.3429,0.6661,-0.5042,-1,0.2786,-0.0833,0.1953,HOLDING
2024-11-13,20,LNT,PNW,58.2363,87.6311,0.6661,-0.3959,-1,0.2142,-0.0833,0.1309,HOLDING
2024-11-14,20,LNT,PNW,57.6166,87.2852,0.6661,-0.5633,-1,0.6148,-0.0833,0.5315,HOLDING
2024-11-15,20,LNT,PNW,59.0497,88.2651,0.6661,0.0568,-1,-0.2424,-0.0833,-0.3258,HOLDING
2024-11-18,20,LNT,PNW,59.8535,87.9769,0.6661,0.6489,-1,-1.0447,-0.0833,-1.1281,HOLDING
2024-11-19,20,LNT,PNW,60.2795,87.3717,0.6661,1.0603,-1,-1.6437,-0.0833,-1.727,HOLDING
2024-11-20,20,LNT,PNW,60.2602,88.1786,0.6661,0.8762,-1,-1.3173,-0.0833,-1.4006,HOLDING
2024-11-21,20,LNT,PNW,61.1995,89.9366,0.6661,0.9882,-1,-1.451,-0.0833,-1.5343,HOLDING
2024-11-22,20,LNT,PNW,61.3157,89.2738,0.6661,1.2032,-1,-1.8054,-0.0833,-1.8887,HOLDING
2024-11-25,20,LNT,PNW,61.6158,89.2257,0.6661,1.3573,-1,-2.0821,-0.0833,-2.1655,HOLDING
2024-11-26,20,LNT,PNW,61.335,90.1096,0.6661,0.923,-1,-1.5013,-0.0833,-1.5846,HOLDING
2024-11-27,20,LNT,PNW,61.5771,90.8012,0.6661,0.8322,-1,-1.4442,-0.0833,-1.5275,HOLDING
2024-11-29,20,LNT,PNW,61.1995,90.0135,0.6661,0.8154,-1,-1.4215,-0.0833,-1.5048,HOLDING
2024-12-02,20,LNT,PNW,60.3086,88.7838,0.6661,0.5894,-1,-1.1267,-0.0833,-1.21,HOLDING
2024-12-03,20,LNT,PNW,59.8728,87.6887,0.6661,0.5697,-1,-1.172,-0.0833,-1.2553,HOLDING
2024-12-04,20,LNT,PNW,59.8244,88.4668,0.6661,0.3102,-1,-0.8317,-0.0833,-0.915,HOLDING
2024-12-05,20,LNT,PNW,59.592,88.8127,0.6661,-0.0085,-1,-0.499,-0.0833,-0.5823,HOLDING
2024-12-06,20,LNT,PNW,59.1272,87.9865,0.6661,-0.2353,-1,-0.416,-0.0833,-0.4994,HOLDING
2024-12-09,20,LNT,PNW,58.9819,86.8818,0.6661,-0.1444,-1,-0.715,-0.0833,-0.7983,HOLDING
2024-12-10,20,LNT,PNW,58.7786,86.6992,0.6661,-0.3922,-1,-0.6101,-0.0833,-0.6934,HOLDING
2024-12-11,20,LNT,PNW,58.4978,85.3927,0.6661,-0.1073,-1,-0.8698,-0.0833,-0.9531,HOLDING
2024-12-12,20,LNT,PNW,58.5559,85.2198,0.6661,-0.0226,-1,-0.9861,-0.0833,-1.0695,HOLDING
2024-12-13,20,LNT,PNW,58.5365,84.1054,0.6661,0.6577,-1,-1.3971,-0.0833,-1.4805,HOLDING
2024-12-16,20,LNT,PNW,57.9845,82.6356,0.6661,0.8316,-1,-1.4862,-0.0833,-1.5695,HOLDING
2024-12-17,20,LNT,PNW,57.6844,82.7125,0.6661,0.1292,-1,-1.1984,-0.0833,-1.2817,HOLDING
2024-12-18,20,LNT,PNW,56.3093,80.7239,0.6661,-0.7174,-1,-0.7782,-0.0833,-0.8615,HOLDING
2024-12-19,20,LNT,PNW,56.4158,81.2715,0.6661,-0.9385,-1,-0.6597,-0.0833,-0.743,HOLDING
2024-12-20,20,LNT,PNW,57.084,81.6174,0.6661,0.1316,-1,-1.102,-0.0833,-1.1853,HOLDING
2024-12-23,20,LNT,PNW,57.3842,81.6558,0.6661,0.7913,-1,-1.3456,-0.0833,-1.4289,HOLDING
2024-12-24,20,LNT,PNW,57.7328,82.2418,0.6661,1.1625,-1,-1.4207,-0.0833,-1.504,HOLDING
2024-12-26,20,LNT,PNW,57.7618,82.0785,0.6661,1.3778,-1,-1.5084,-0.0833,-1.5917,HOLDING
2024-12-27,20,LNT,PNW,57.6553,81.6077,0.6661,1.5424,-1,-1.5974,-0.0833,-1.6807,HOLDING
2024-12-30,20,LNT,PNW,57.452,81.4637,0.6661,1.1823,-1,-1.4777,-0.0833,-1.561,HOLDING
2024-12-31,20,LNT,PNW,57.268,81.4348,0.6661,0.7486,-1,-1.3304,-0.0833,-1.4137,HOLDING
2025-01-02,20,LNT,PNW,56.6579,80.9929,0.6661,-0.1386,-1,-0.975,-0.0833,-1.0583,HOLDING
2025-01-03,20,LNT,PNW,56.4933,80.9353,0.6661,-0.4647,-1,-0.8554,-0.0833,-0.9388,HOLDING
2025-01-06,20,LNT,PNW,55.4959,79.8209,0.6661,-1.5624,-1,-0.4247,-0.0833,-0.5081,HOLDING
2025-01-07,20,LNT,PNW,55.5443,79.9266,0.6661,-1.5999,-1,-0.4259,-0.0833,-0.5092,HOLDING
2025-01-08,20,LNT,PNW,56.3577,80.3205,0.6661,-0.1817,-1,-0.9747,-0.0833,-1.058,HOLDING
2025-01-10,20,LNT,PNW,54.8665,78.5433,0.6661,-1.7017,-1,-0.3734,-0.0833,-0.4567,HOLDING
2025-01-13,20,LNT,PNW,55.1763,79.2926,0.6661,-1.6189,-1,-0.3525,-0.0833,-0.4358,HOLDING
2025-01-14,20,LNT,PNW,55.9607,79.965,0.6661,-0.5675,-1,-0.7695,-0.0833,-0.8528,HOLDING
2025-01-15,20,LNT,PNW,56.6192,81.089,0.6661,-0.2284,-1,-0.9048,-0.0833,-0.9881,HOLDING
2025-01-16,20,LNT,PNW,58.1685,83.0391,0.6661,1.1391,-1,-1.4897,-0.0833,-1.573,HOLDING
2025-01-17,20,LNT,PNW,58.6333,83.2313,0.6661,1.7042,-1,-1.816,-0.0833,-1.8993,HOLDING
2025-01-21,20,LNT,PNW,59.0691,84.5378,0.6661,1.2292,-1,-1.6896,-0.0833,-1.7729,HOLDING
2025-01-22,20,LNT,PNW,57.2196,82.578,0.6661,-0.5608,-1,-0.85,-0.0833,-0.9333,HOLDING
2025-01-23,20,LNT,PNW,56.8322,82.0112,0.6661,-0.7503,-1,-0.7342,-0.0833,-0.8175,HOLDING
2025-01-24,20,LNT,PNW,56.9097,82.3667,0.6661,-0.8315,-1,-0.6644,-0.0833,-0.7478,HOLDING
2025-01-27,20,LNT,PNW,58.1007,84.0382,0.6661,0.0023,-1,-1.0479,-0.0833,-1.1313,HOLDING
2025-01-28,20,LNT,PNW,57.0065,83.0872,0.6661,-1.1337,-1,-0.4713,-0.0833,-0.5546,HOLDING
2025-01-29,20,LNT,PNW,56.7354,82.5204,0.6661,-1.056,-1,-0.4554,-0.0833,-0.5388,HOLDING
2025-01-30,20,LNT,PNW,57.4616,83.702,0.6661,-0.6139,-1,-0.627,-0.0833,-0.7103,HOLDING
2025-01-31,20,LNT,PNW,57.5075,83.5387,0.6661,-0.3029,-1,-0.7292,-0.0833,-0.8125,HOLDING
2025-02-03,20,LNT,PNW,57.8885,84.2715,0.6661,-0.1783,-1,-0.7757,-0.0833,-0.8591,HOLDING
2025-02-04,20,LNT,PNW,57.8592,84.5627,0.6661,-0.4844,-1,-0.6387,-0.0833,-0.7221,HOLDING
2025-02-05,20,LNT,PNW,58.3377,85.6984,0.6661,-0.5859,-1,-0.6148,-0.0833,-0.6981,HOLDING
2025-02-06,20,LNT,PNW,58.1522,85.1742,0.6661,-0.5053,-1,-0.6562,-0.0833,-0.7396,HOLDING
2025-02-07,20,LNT,PNW,58.0838,84.4171,0.6661,0.1079,-1,-0.8879,-0.0833,-0.9713,HOLDING
2025-02-10,20,LNT,PNW,58.4745,85.2519,0.6661,0.0716,-1,-0.9038,-0.0833,-0.9871,HOLDING
2025-02-11,20,LNT,PNW,58.9042,86.5428,0.6661,-0.333,-1,-0.7782,-0.0833,-0.8615,HOLDING
2025-02-12,20,LNT,PNW,59.2168,86.3972,0.6661,0.4889,-1,0.0,-1.2705,-1.2705,PERIOD_END_EXIT
