Date,Pair_Rank,Ticker_A,Ticker_B,Price_A,Price_B,Hedge_Ratio,ZScore,Position,Unrealized_PnL,Realized_PnL,Cumulative_PnL,Status
2017-07-10,1,ATO,CMS,67.7433,35.1801,1.0112,0.0,0,0.0,0.0,0.0,HOLD_CASH
2017-07-11,1,ATO,CMS,66.9714,35.1647,1.0112,0.0,0,0.0,0.0,0.0,HOLD_CASH
2017-07-12,1,ATO,CMS,68.0521,35.5274,1.0112,0.0,0,0.0,0.0,0.0,HOLD_CASH
2017-07-13,1,ATO,CMS,67.6296,35.265,1.0112,0.0,0,0.0,0.0,0.0,HOLD_CASH
2017-07-14,1,ATO,CMS,68.0846,35.4194,1.0112,0.0,0,0.0,0.0,0.0,HOLD_CASH
2017-07-17,1,ATO,CMS,68.2552,35.4965,1.0112,0.0,0,0.0,0.0,0.0,HOLD_CASH
2017-07-18,1,ATO,CMS,68.3203,35.5737,1.0112,0.0,0,0.0,0.0,0.0,HOLD_CASH
2017-07-19,1,ATO,CMS,68.7346,35.6817,1.0112,0.0,0,0.0,0.0,0.0,HOLD_CASH
2017-07-20,1,ATO,CMS,69.4985,35.9518,1.0112,0.0,0,0.0,0.0,0.0,HOLD_CASH
2017-07-21,1,ATO,CMS,70.0591,36.0753,1.0112,0.0,0,0.0,0.0,0.0,HOLD_CASH
2017-07-24,1,ATO,CMS,69.8398,35.7975,1.0112,0.0,0,0.0,0.0,0.0,HOLD_CASH
2017-07-25,1,ATO,CMS,70.6117,35.62,1.0112,0.0,0,0.0,0.0,0.0,HOLD_CASH
2017-07-26,1,ATO,CMS,70.506,35.9055,1.0112,0.0,0,0.0,0.0,0.0,HOLD_CASH
2017-07-27,1,ATO,CMS,70.7092,36.1833,1.0112,0.0,0,0.0,0.0,0.0,HOLD_CASH
2017-07-28,1,ATO,CMS,70.3435,35.728,1.0112,0.0,0,0.0,0.0,0.0,HOLD_CASH
2017-07-31,1,ATO,CMS,70.4979,35.6817,1.0112,0.0,0,0.0,0.0,0.0,HOLD_CASH
2017-08-01,1,ATO,CMS,71.0017,35.9904,1.0112,0.0,0,0.0,0.0,0.0,HOLD_CASH
2017-08-02,1,ATO,CMS,72.0662,36.2492,1.0112,0.0,0,0.0,0.0,0.0,HOLD_CASH
2017-08-03,1,ATO,CMS,71.0261,36.5445,1.0112,0.0,0,0.0,0.0,0.0,HOLD_CASH
2017-08-04,1,ATO,CMS,70.8473,36.5523,1.0112,-0.2237,0,0.0,0.0,0.0,HOLD_CASH
2017-08-07,1,ATO,CMS,70.5954,36.6767,1.0112,-0.7688,0,0.0,0.0,0.0,HOLD_CASH
2017-08-08,1,ATO,CMS,71.1723,36.8554,1.0112,-0.6049,0,0.0,0.0,0.0,HOLD_CASH
2017-08-09,1,ATO,CMS,71.0423,36.8243,1.0112,-0.7364,0,0.0,0.0,0.0,HOLD_CASH
2017-08-10,1,ATO,CMS,71.2374,36.9021,1.0112,-0.7296,0,0.0,0.0,0.0,HOLD_CASH
2017-08-11,1,ATO,CMS,70.8229,36.7699,1.0112,-0.939,0,0.0,0.0,0.0,HOLD_CASH
2017-08-14,1,ATO,CMS,71.2942,36.8865,1.0112,-0.6669,0,0.0,0.0,0.0,HOLD_CASH
2017-08-15,1,ATO,CMS,71.3267,37.1197,1.0112,-1.2051,0,0.0,0.0,0.0,HOLD_CASH
2017-08-16,1,ATO,CMS,71.8305,37.314,1.0112,-1.0341,0,0.0,0.0,0.0,HOLD_CASH
2017-08-17,1,ATO,CMS,71.4303,37.1819,1.0112,-1.1529,0,0.0,0.0,0.0,HOLD_CASH
2017-08-18,1,ATO,CMS,71.1526,37.4694,1.0112,-1.8694,0,0.0,0.0,0.0,HOLD_CASH
2017-08-21,1,ATO,CMS,71.5365,37.5238,1.0112,-1.3897,0,0.0,0.0,0.0,HOLD_CASH
2017-08-22,1,ATO,CMS,72.0184,37.5083,1.0112,-0.7771,0,0.0,0.0,0.0,HOLD_CASH
2017-08-23,1,ATO,CMS,72.1,37.757,1.0112,-1.1002,0,0.0,0.0,0.0,HOLD_CASH
2017-08-24,1,ATO,CMS,72.2062,37.5705,1.0112,-0.5252,0,0.0,0.0,0.0,HOLD_CASH
2017-08-25,1,ATO,CMS,72.2552,37.6948,1.0112,-0.6601,0,0.0,0.0,0.0,HOLD_CASH
2017-08-28,1,ATO,CMS,72.4349,37.7959,1.0112,-0.609,0,0.0,0.0,0.0,HOLD_CASH
2017-08-29,1,ATO,CMS,72.0266,37.8814,1.0112,-1.292,0,0.0,0.0,0.0,HOLD_CASH
2017-08-30,1,ATO,CMS,71.855,37.7492,1.0112,-1.4349,0,0.0,0.0,0.0,HOLD_CASH
2017-08-31,1,ATO,CMS,71.904,37.7259,1.0112,-1.1527,0,0.0,0.0,0.0,HOLD_CASH
2017-09-01,1,ATO,CMS,72.002,37.6326,1.0112,-0.4375,0,0.0,0.0,0.0,HOLD_CASH
2017-09-05,1,ATO,CMS,71.8877,37.6404,1.0112,-0.6871,0,0.0,0.0,0.0,HOLD_CASH
2017-09-06,1,ATO,CMS,70.8341,37.4461,1.0112,-2.0404,1,0.0,-0.0833,-0.0833,ENTER_LONG_A
2017-09-07,1,ATO,CMS,71.3814,37.6637,1.0112,-1.5465,1,0.0766,-0.0833,-0.0067,HOLDING
2017-09-08,1,ATO,CMS,71.2343,37.8192,1.0112,-2.1565,1,-0.1833,-0.0833,-0.2666,HOLDING
2017-09-11,1,ATO,CMS,71.8795,38.1611,1.0112,-1.872,1,-0.1885,-0.0833,-0.2719,HOLDING
2017-09-12,1,ATO,CMS,70.8423,37.3684,1.0112,-0.8707,1,0.0918,-0.0833,0.0084,HOLDING
2017-09-13,1,ATO,CMS,70.1562,36.9176,1.0112,-0.4244,1,0.1948,-0.0833,0.1115,HOLDING
2017-09-14,1,ATO,CMS,71.0138,37.2207,1.0112,0.2579,1,0.3573,-0.0833,0.274,HOLDING
2017-09-15,1,ATO,CMS,71.1608,37.2052,1.0112,0.7345,1,0.4607,-0.0833,0.3774,HOLDING
2017-09-18,1,ATO,CMS,70.6463,37.0186,1.0112,0.3188,1,0.3684,-0.0833,0.2851,HOLDING
2017-09-19,1,ATO,CMS,70.1807,36.8321,1.0112,0.0622,1,0.3048,-0.0833,0.2215,HOLDING
2017-09-20,1,ATO,CMS,69.4865,36.5834,1.0112,-0.3989,1,0.177,-0.0833,0.0937,HOLDING
2017-09-21,1,ATO,CMS,69.0537,36.5756,1.0112,-1.3315,1,-0.0675,-0.0833,-0.1508,HOLDING
2017-09-22,1,ATO,CMS,68.5146,36.1171,1.0112,-0.4018,1,0.1303,-0.0833,0.0469,HOLDING
2017-09-25,1,ATO,CMS,69.4212,36.6067,1.0112,-0.4165,1,0.1127,-0.0833,0.0294,HOLDING
2017-09-26,1,ATO,CMS,69.7479,36.4824,1.0112,1.2667,1,0.443,-0.0833,0.3596,HOLDING
2017-09-27,1,ATO,CMS,68.6861,35.9305,1.0112,1.1727,1,0.4393,-0.0833,0.356,HOLDING
2017-09-28,1,ATO,CMS,68.8495,36.0238,1.0112,1.0468,1,0.4305,-0.0833,0.3472,HOLDING
2017-09-29,1,ATO,CMS,68.4738,36.0005,1.0112,0.1368,1,0.2368,-0.0833,0.1535,HOLDING
2017-10-02,1,ATO,CMS,69.1517,36.0782,1.0112,1.5464,1,0.5464,-0.0833,0.4631,HOLDING
2017-10-03,1,ATO,CMS,68.9393,35.7285,1.0112,2.3145,1,0.8135,-0.0833,0.7302,HOLDING
2017-10-04,1,ATO,CMS,69.1517,36.1326,1.0112,0.8955,1,0.4855,-0.0833,0.4022,HOLDING
2017-10-05,1,ATO,CMS,69.2578,36.1637,1.0112,0.9074,1,0.5128,-0.0833,0.4295,HOLDING
2017-10-06,1,ATO,CMS,69.609,35.9849,1.0112,2.1744,1,0.9183,-0.0833,0.835,HOLDING
2017-10-09,1,ATO,CMS,69.7152,36.1248,1.0112,1.6777,1,0.8239,-0.0833,0.7405,HOLDING
2017-10-10,1,ATO,CMS,70.1481,36.529,1.0112,0.8042,1,0.6249,-0.0833,0.5415,HOLDING
2017-10-11,1,ATO,CMS,70.4013,36.801,1.0112,0.135,1,0.4686,-0.0833,0.3853,HOLDING
2017-10-12,1,ATO,CMS,70.8831,37.0886,1.0112,-0.0495,1,0.4287,-0.0833,0.3454,HOLDING
2017-10-13,1,ATO,CMS,70.4748,36.9487,1.0112,-0.3446,1,0.3464,-0.0833,0.263,HOLDING
2017-10-16,1,ATO,CMS,70.4421,36.8477,1.0112,0.0146,1,0.4403,-0.0833,0.357,HOLDING
2017-10-17,1,ATO,CMS,70.4176,37.1585,1.0112,-1.3182,1,0.0781,-0.0833,-0.0052,HOLDING
2017-10-18,1,ATO,CMS,70.5891,37.1585,1.0112,-0.9395,1,0.1784,-0.0833,0.0951,HOLDING
2017-10-19,1,ATO,CMS,71.1199,37.4539,1.0112,-1.1397,1,0.1585,-0.0833,0.0752,HOLDING
2017-10-20,1,ATO,CMS,70.9484,37.4461,1.0112,-1.4655,1,0.0669,-0.0833,-0.0165,HOLDING
2017-10-23,1,ATO,CMS,70.7116,37.4694,1.0112,-1.9353,1,-0.0977,-0.0833,-0.1811,HOLDING
2017-10-24,1,ATO,CMS,70.4911,37.6326,1.0112,-2.4097,1,-0.4094,-0.0833,-0.4927,HOLDING
2017-10-25,1,ATO,CMS,70.2706,37.2829,1.0112,-1.4363,1,-0.147,-0.0833,-0.2304,HOLDING
2017-10-26,1,ATO,CMS,70.5319,37.2596,1.0112,-0.8463,1,0.032,-0.0833,-0.0514,HOLDING
2017-10-27,1,ATO,CMS,71.2915,37.4617,1.0112,-0.2366,1,0.2501,-0.0833,0.1668,HOLDING
2017-10-30,1,ATO,CMS,71.0056,37.1508,1.0112,0.298,1,0.4308,-0.0833,0.3475,HOLDING
2017-10-31,1,ATO,CMS,71.2506,37.5938,1.0112,-0.6294,1,0.0784,-0.0833,-0.0049,HOLDING
2017-11-01,1,ATO,CMS,71.0301,37.3606,1.0112,-0.1928,1,0.2103,-0.0833,0.127,HOLDING
2017-11-02,1,ATO,CMS,70.6626,37.6604,1.0112,-1.6184,1,-0.3401,-0.0833,-0.4234,HOLDING
2017-11-03,1,ATO,CMS,71.5365,37.6682,1.0112,-0.0984,1,0.1624,-0.0833,0.079,HOLDING
2017-11-06,1,ATO,CMS,71.7407,37.6056,1.0112,0.6689,1,0.3519,-0.0833,0.2685,HOLDING
2017-11-07,1,ATO,CMS,72.3369,38.2786,1.0112,-0.7279,1,-0.0525,-0.0833,-0.1358,HOLDING
2017-11-08,1,ATO,CMS,72.8841,38.4508,1.0112,-0.1652,1,0.0749,-0.0833,-0.0084,HOLDING
2017-11-09,1,ATO,CMS,73.3333,38.5682,1.0112,0.4319,1,0.2064,-0.0833,0.123,HOLDING
2017-11-10,1,ATO,CMS,72.8187,38.5604,1.0112,-0.725,1,-0.0859,-0.0833,-0.1692,HOLDING
2017-11-13,1,ATO,CMS,73.1291,38.8421,1.0112,-1.1973,1,-0.2196,-0.0833,-0.3029,HOLDING
2017-11-14,1,ATO,CMS,73.9458,39.5622,1.0112,-2.1494,1,-0.5475,-0.0833,-0.6308,HOLDING
2017-11-15,1,ATO,CMS,73.1536,39.3039,1.0112,-2.2749,1,-0.7219,-0.0833,-0.8052,HOLDING
2017-11-16,1,ATO,CMS,73.4639,39.2648,1.0112,-1.3648,1,-0.4966,-0.0833,-0.5799,HOLDING
2017-11-17,1,ATO,CMS,72.9576,38.8108,1.0112,-0.6482,1,-0.2849,-0.0833,-0.3682,HOLDING
2017-11-20,1,ATO,CMS,72.7779,38.67,1.0112,-0.4618,1,-0.2323,-0.0833,-0.3157,HOLDING
2017-11-21,1,ATO,CMS,73.0311,38.7247,1.0112,-0.2391,1,-0.1455,-0.0833,-0.2289,HOLDING
2017-11-22,1,ATO,CMS,72.7697,38.6621,1.0112,-0.4931,1,-0.2284,-0.0833,-0.3117,HOLDING
2017-11-24,1,ATO,CMS,72.8559,38.6934,1.0112,-0.4029,1,-0.213,-0.0833,-0.2963,HOLDING
2017-11-27,1,ATO,CMS,73.4965,38.9361,1.0112,-0.0112,1,-0.1097,-0.0833,-0.1931,HOLDING
2017-11-28,1,ATO,CMS,74.1288,38.8969,1.0112,1.4324,1,0.3039,-0.0833,0.2206,HOLDING
2017-11-29,1,ATO,CMS,74.3259,38.8265,1.0112,1.8473,1,0.498,-0.0833,0.4147,HOLDING
2017-11-30,1,ATO,CMS,75.7876,39.0535,1.0112,2.7659,1,1.0991,-0.0833,1.0157,HOLDING
2017-12-01,1,ATO,CMS,75.7466,38.9282,1.0112,2.3984,1,1.2152,-0.0833,1.1319,HOLDING
2017-12-04,1,ATO,CMS,75.3031,38.9439,1.0112,1.6343,1,0.9383,-0.0833,0.855,HOLDING
2017-12-05,1,ATO,CMS,75.0978,38.5917,1.0112,1.8828,1,1.2123,-0.0833,1.1289,HOLDING
2017-12-06,1,ATO,CMS,75.0814,38.67,1.0112,1.513,1,1.1151,-0.0833,1.0318,HOLDING
2017-12-07,1,ATO,CMS,75.1881,38.803,1.0112,1.2396,1,1.0287,-0.0833,0.9453,HOLDING
2017-12-08,1,ATO,CMS,75.3852,39.03,1.0112,0.9465,1,0.89,-0.0833,0.8067,HOLDING
2017-12-11,1,ATO,CMS,75.4756,39.2021,1.0112,0.671,1,0.7502,-0.0833,0.6669,HOLDING
2017-12-12,1,ATO,CMS,73.3158,38.4821,1.0112,-0.0281,1,0.2925,-0.0833,0.2091,HOLDING
2017-12-13,1,ATO,CMS,73.8742,38.5447,1.0112,0.29,1,0.5491,-0.0833,0.4657,HOLDING
2017-12-14,1,ATO,CMS,73.4308,38.4039,1.0112,0.0423,1,0.4473,-0.0833,0.364,HOLDING
2017-12-15,1,ATO,CMS,73.3897,38.5447,1.0112,-0.3684,1,0.2657,-0.0833,0.1823,HOLDING
2017-12-18,1,ATO,CMS,72.8477,38.0752,1.0112,-0.0419,1,0.474,-0.0833,0.3907,HOLDING
2017-12-19,1,ATO,CMS,71.5996,37.3473,1.0112,0.0726,1,0.5583,-0.0833,0.475,HOLDING
2017-12-20,1,ATO,CMS,71.074,36.909,1.0112,0.413,1,0.7413,-0.0833,0.6579,HOLDING
2017-12-21,1,ATO,CMS,69.6862,36.9873,1.0112,-1.7169,1,-0.1581,-0.0833,-0.2414,HOLDING
2017-12-22,1,ATO,CMS,69.8751,37.0577,1.0112,-1.6786,1,-0.1264,-0.0833,-0.2098,HOLDING
2017-12-26,1,ATO,CMS,69.4727,36.6351,1.0112,-1.1735,1,0.1111,-0.0833,0.0277,HOLDING
2017-12-27,1,ATO,CMS,69.7929,36.9482,1.0112,-1.4701,1,-0.0519,-0.0833,-0.1352,HOLDING
2017-12-28,1,ATO,CMS,70.2856,37.089,1.0112,-1.0755,1,0.0787,-0.0833,-0.0046,HOLDING
2017-12-29,1,ATO,CMS,70.532,37.0186,1.0112,-0.4901,1,0.3016,-0.0833,0.2183,HOLDING
2018-01-02,1,ATO,CMS,69.834,36.7447,1.0112,-0.652,1,0.1998,-0.0833,0.1165,HOLDING
2018-01-03,1,ATO,CMS,69.2591,36.5177,1.0112,-0.7749,1,0.1175,-0.0833,0.0342,HOLDING
2018-01-04,1,ATO,CMS,68.9635,36.1108,1.0112,0.0694,1,0.3999,-0.0833,0.3166,HOLDING
2018-01-05,1,ATO,CMS,68.3148,35.8525,1.0112,-0.0922,1,0.0,0.146,0.146,PERIOD_END_EXIT
2017-07-10,2,CMS,ES,35.1801,44.1792,0.9014,0.0,0,0.0,0.0,0.0,HOLD_CASH
2017-07-11,2,CMS,ES,35.1647,44.1129,0.9014,0.0,0,0.0,0.0,0.0,HOLD_CASH
2017-07-12,2,CMS,ES,35.5274,44.2604,0.9014,0.0,0,0.0,0.0,0.0,HOLD_CASH
2017-07-13,2,CMS,ES,35.265,44.1719,0.9014,0.0,0,0.0,0.0,0.0,HOLD_CASH
2017-07-14,2,CMS,ES,35.4194,44.4078,0.9014,0.0,0,0.0,0.0,0.0,HOLD_CASH
2017-07-17,2,CMS,ES,35.4965,44.4816,0.9014,0.0,0,0.0,0.0,0.0,HOLD_CASH
2017-07-18,2,CMS,ES,35.5737,44.5701,0.9014,0.0,0,0.0,0.0,0.0,HOLD_CASH
2017-07-19,2,CMS,ES,35.6817,44.7397,0.9014,0.0,0,0.0,0.0,0.0,HOLD_CASH
2017-07-20,2,CMS,ES,35.9518,45.1379,0.9014,0.0,0,0.0,0.0,0.0,HOLD_CASH
2017-07-21,2,CMS,ES,36.0753,45.3813,0.9014,0.0,0,0.0,0.0,0.0,HOLD_CASH
2017-07-24,2,CMS,ES,35.7975,44.7913,0.9014,0.0,0,0.0,0.0,0.0,HOLD_CASH
2017-07-25,2,CMS,ES,35.62,44.5996,0.9014,0.0,0,0.0,0.0,0.0,HOLD_CASH
2017-07-26,2,CMS,ES,35.9055,44.9388,0.9014,0.0,0,0.0,0.0,0.0,HOLD_CASH
2017-07-27,2,CMS,ES,36.1833,44.7692,0.9014,0.0,0,0.0,0.0,0.0,HOLD_CASH
2017-07-28,2,CMS,ES,35.728,44.6364,0.9014,0.0,0,0.0,0.0,0.0,HOLD_CASH
2017-07-31,2,CMS,ES,35.6817,44.8282,0.9014,0.0,0,0.0,0.0,0.0,HOLD_CASH
2017-08-01,2,CMS,ES,35.9904,44.9019,0.9014,0.0,0,0.0,0.0,0.0,HOLD_CASH
2017-08-02,2,CMS,ES,36.2492,45.0273,0.9014,0.0,0,0.0,0.0,0.0,HOLD_CASH
2017-08-03,2,CMS,ES,36.5445,45.632,0.9014,0.0,0,0.0,0.0,0.0,HOLD_CASH
2017-08-04,2,CMS,ES,36.5523,45.4107,0.9014,1.7756,0,0.0,0.0,0.0,HOLD_CASH
2017-08-07,2,CMS,ES,36.6767,45.7574,0.9014,0.9272,0,0.0,0.0,0.0,HOLD_CASH
2017-08-08,2,CMS,ES,36.8554,45.9491,0.9014,1.0576,0,0.0,0.0,0.0,HOLD_CASH
2017-08-09,2,CMS,ES,36.8243,45.5214,0.9014,2.2364,-1,0.0,-0.0833,-0.0833,ENTER_SHORT_A
2017-08-10,2,CMS,ES,36.9021,45.8827,0.9014,1.1601,-1,0.2211,-0.0833,0.1378,HOLDING
2017-08-11,2,CMS,ES,36.7699,45.6172,0.9014,1.3118,-1,0.148,-0.0833,0.0646,HOLDING
2017-08-14,2,CMS,ES,36.8865,45.8458,0.9014,0.9675,-1,0.2076,-0.0833,0.1243,HOLDING
2017-08-15,2,CMS,ES,37.1197,46.1408,0.9014,0.9606,-1,0.1861,-0.0833,0.1027,HOLDING
2017-08-16,2,CMS,ES,37.314,46.3104,0.9014,1.1817,-1,0.102,-0.0833,0.0187,HOLDING
2017-08-17,2,CMS,ES,37.1819,46.0597,0.9014,1.2929,-1,0.0417,-0.0833,-0.0417,HOLDING
2017-08-18,2,CMS,ES,37.4694,46.5021,0.9014,1.0467,-1,0.0834,-0.0833,0.0001,HOLDING
2017-08-21,2,CMS,ES,37.5238,46.4358,0.9014,1.4163,-1,-0.0389,-0.0833,-0.1223,HOLDING
2017-08-22,2,CMS,ES,37.5083,46.3915,0.9014,1.3737,-1,-0.0588,-0.0833,-0.1422,HOLDING
2017-08-23,2,CMS,ES,37.757,46.5611,0.9014,1.793,-1,-0.2076,-0.0833,-0.291,HOLDING
2017-08-24,2,CMS,ES,37.5705,46.4358,0.9014,1.2228,-1,-0.0944,-0.0833,-0.1778,HOLDING
2017-08-25,2,CMS,ES,37.6948,46.5169,0.9014,1.3963,-1,-0.1721,-0.0833,-0.2554,HOLDING
2017-08-28,2,CMS,ES,37.7959,46.657,0.9014,1.4091,-1,-0.1707,-0.0833,-0.254,HOLDING
2017-08-29,2,CMS,ES,37.8814,46.6717,0.9014,1.6676,-1,-0.2597,-0.0833,-0.343,HOLDING
2017-08-30,2,CMS,ES,37.7492,46.6349,0.9014,0.9606,-1,-0.1344,-0.0833,-0.2177,HOLDING
2017-08-31,2,CMS,ES,37.7259,46.4579,0.9014,1.4563,-1,-0.2602,-0.0833,-0.3436,HOLDING
2017-09-01,2,CMS,ES,37.6326,46.1408,0.9014,1.9469,-1,-0.4244,-0.0833,-0.5078,HOLDING
2017-09-05,2,CMS,ES,37.6404,46.421,0.9014,0.7906,-1,-0.1905,-0.0833,-0.2738,HOLDING
2017-09-06,2,CMS,ES,37.4461,46.1703,0.9014,0.6548,-1,-0.1768,-0.0833,-0.2602,HOLDING
2017-09-07,2,CMS,ES,37.6637,46.6054,0.9014,-0.02,-1,-0.0582,-0.0833,-0.1416,HOLDING
2017-09-08,2,CMS,ES,37.8192,46.8192,0.9014,-0.1086,-1,-0.0577,-0.0833,-0.141,HOLDING
2017-09-11,2,CMS,ES,38.1611,47.2764,0.9014,-0.1159,-1,-0.0679,-0.0833,-0.1512,HOLDING
2017-09-12,2,CMS,ES,37.3684,46.1924,0.9014,-0.2531,-1,-0.0651,-0.0833,-0.1485,HOLDING
2017-09-13,2,CMS,ES,36.9176,45.9933,0.9014,-2.5567,-1,0.2986,-0.0833,0.2152,HOLDING
2017-09-14,2,CMS,ES,37.2207,46.4948,0.9014,-2.4872,-1,0.373,-0.0833,0.2897,HOLDING
2017-09-15,2,CMS,ES,37.2052,46.3546,0.9014,-1.7253,-1,0.2699,-0.0833,0.1866,HOLDING
2017-09-18,2,CMS,ES,37.0186,45.8382,0.9014,-0.5954,-1,0.0437,-0.0833,-0.0396,HOLDING
2017-09-19,2,CMS,ES,36.8321,45.8977,0.9014,-1.7475,-1,0.3173,-0.0833,0.234,HOLDING
2017-09-20,2,CMS,ES,36.5834,45.6822,0.9014,-1.9238,-1,0.4263,-0.0833,0.343,HOLDING
2017-09-21,2,CMS,ES,36.5756,45.6525,0.9014,-1.6193,-1,0.4098,-0.0833,0.3264,HOLDING
2017-09-22,2,CMS,ES,36.1171,45.1101,0.9014,-1.6809,-1,0.4848,-0.0833,0.4015,HOLDING
2017-09-25,2,CMS,ES,36.6067,45.6748,0.9014,-1.1875,-1,0.3922,-0.0833,0.3088,HOLDING
2017-09-26,2,CMS,ES,36.4824,45.5782,0.9014,-1.272,-1,0.4563,-0.0833,0.373,HOLDING
2017-09-27,2,CMS,ES,35.9305,44.902,0.9014,-1.3821,-1,0.5262,-0.0833,0.4429,HOLDING
2017-09-28,2,CMS,ES,36.0238,45.006,0.9014,-1.1762,-1,0.5055,-0.0833,0.4222,HOLDING
2017-09-29,2,CMS,ES,36.0005,44.9094,0.9014,-0.8983,-1,0.4495,-0.0833,0.3661,HOLDING
2017-10-02,2,CMS,ES,36.0782,44.8648,0.9014,-0.354,-1,0.3183,-0.0833,0.2349,HOLDING
2017-10-03,2,CMS,ES,35.7285,44.7385,0.9014,-1.4762,-1,0.6249,-0.0833,0.5416,HOLDING
2017-10-04,2,CMS,ES,36.1326,45.1695,0.9014,-0.9399,-1,0.5179,-0.0833,0.4346,HOLDING
2017-10-05,2,CMS,ES,36.1637,45.0506,0.9014,-0.2377,-1,0.3777,-0.0833,0.2944,HOLDING
2017-10-06,2,CMS,ES,35.9849,44.8648,0.9014,-0.4161,-1,0.4293,-0.0833,0.3459,HOLDING
2017-10-09,2,CMS,ES,36.1248,44.8203,0.9014,0.8741,-1,0.2241,-0.0833,0.1407,HOLDING
2017-10-10,2,CMS,ES,36.529,45.0729,0.9014,2.5401,-1,-0.0377,-0.0833,-0.121,HOLDING
2017-10-11,2,CMS,ES,36.801,45.5484,0.9014,1.7531,-1,0.0512,-0.0833,-0.0321,HOLDING
2017-10-12,2,CMS,ES,37.0886,45.8234,0.9014,1.9672,-1,-0.0524,-0.0833,-0.1357,HOLDING
2017-10-13,2,CMS,ES,36.9487,45.8085,0.9014,1.1229,-1,0.1012,-0.0833,0.0179,HOLDING
2017-10-16,2,CMS,ES,36.8477,45.4741,0.9014,1.8328,-1,-0.0687,-0.0833,-0.1521,HOLDING
2017-10-17,2,CMS,ES,37.1585,45.8754,0.9014,1.6861,-1,-0.0905,-0.0833,-0.1739,HOLDING
2017-10-18,2,CMS,ES,37.1585,45.6525,0.9014,2.071,-1,-0.284,-0.0833,-0.3673,HOLDING
2017-10-19,2,CMS,ES,37.4539,46.1132,0.9014,1.6401,-1,-0.2357,-0.0833,-0.319,HOLDING
2017-10-20,2,CMS,ES,37.4461,46.1652,0.9014,1.3008,-1,-0.1813,-0.0833,-0.2646,HOLDING
2017-10-23,2,CMS,ES,37.4694,46.3435,0.9014,0.7963,-1,-0.0543,-0.0833,-0.1376,HOLDING
2017-10-24,2,CMS,ES,37.6326,46.3807,0.9014,1.1975,-1,-0.2163,-0.0833,-0.2996,HOLDING
2017-10-25,2,CMS,ES,37.2829,46.3138,0.9014,-0.0351,-1,0.1419,-0.0833,0.0586,HOLDING
2017-10-26,2,CMS,ES,37.2596,46.2469,0.9014,-0.0024,-1,0.1117,-0.0833,0.0283,HOLDING
2017-10-27,2,CMS,ES,37.4617,46.6556,0.9014,-0.4683,-1,0.2258,-0.0833,0.1425,HOLDING
2017-10-30,2,CMS,ES,37.1508,46.4327,0.9014,-1.1084,-1,0.4024,-0.0833,0.319,HOLDING
2017-10-31,2,CMS,ES,37.5938,46.5441,0.9014,0.4078,-1,-0.0282,-0.0833,-0.1115,HOLDING
2017-11-01,2,CMS,ES,37.3606,46.5739,0.9014,-0.9953,-1,0.2751,-0.0833,0.1918,HOLDING
2017-11-02,2,CMS,ES,37.6604,46.9825,0.9014,-1.0377,-1,0.2731,-0.0833,0.1897,HOLDING
2017-11-03,2,CMS,ES,37.6682,47.2129,0.9014,-1.9111,-1,0.4636,-0.0833,0.3803,HOLDING
2017-11-06,2,CMS,ES,37.6056,47.3317,0.9014,-2.2769,-1,0.6413,-0.0833,0.558,HOLDING
2017-11-07,2,CMS,ES,38.2786,47.941,0.9014,-1.0461,-1,0.3691,-0.0833,0.2857,HOLDING
2017-11-08,2,CMS,ES,38.4508,48.0228,0.9014,-0.4888,-1,0.2351,-0.0833,0.1517,HOLDING
2017-11-09,2,CMS,ES,38.5682,48.0599,0.9014,-0.0435,-1,0.1276,-0.0833,0.0443,HOLDING
2017-11-10,2,CMS,ES,38.5604,47.6067,0.9014,1.2968,-1,-0.2565,-0.0833,-0.3398,HOLDING
2017-11-13,2,CMS,ES,38.8421,48.1194,0.9014,0.8717,-1,-0.1469,-0.0833,-0.2302,HOLDING
2017-11-14,2,CMS,ES,39.5622,48.8996,0.9014,1.4076,-1,-0.3267,-0.0833,-0.41,HOLDING
2017-11-15,2,CMS,ES,39.3039,48.2977,0.9014,1.9559,-1,-0.5416,-0.0833,-0.625,HOLDING
2017-11-16,2,CMS,ES,39.2648,48.216,0.9014,1.8383,-1,-0.566,-0.0833,-0.6493,HOLDING
2017-11-17,2,CMS,ES,38.8108,47.7107,0.9014,1.4346,-1,-0.4642,-0.0833,-0.5476,HOLDING
2017-11-20,2,CMS,ES,38.67,47.4358,0.9014,1.4766,-1,-0.5352,-0.0833,-0.6185,HOLDING
2017-11-21,2,CMS,ES,38.7247,47.5026,0.9014,1.3866,-1,-0.5423,-0.0833,-0.6257,HOLDING
2017-11-22,2,CMS,ES,38.6621,47.4135,0.9014,1.2534,-1,-0.5452,-0.0833,-0.6286,HOLDING
2017-11-24,2,CMS,ES,38.6934,47.7999,0.9014,0.4716,-1,-0.2471,-0.0833,-0.3305,HOLDING
2017-11-27,2,CMS,ES,38.9361,47.8667,0.9014,0.9372,-1,-0.4779,-0.0833,-0.5612,HOLDING
2017-11-28,2,CMS,ES,38.8969,47.9708,0.9014,0.5334,-1,-0.341,-0.0833,-0.4244,HOLDING
2017-11-29,2,CMS,ES,38.8265,48.0079,0.9014,0.2175,-1,-0.2249,-0.0833,-0.3083,HOLDING
2017-11-30,2,CMS,ES,39.0535,48.1862,0.9014,0.4387,-1,-0.3403,-0.0833,-0.4236,HOLDING
2017-12-01,2,CMS,ES,38.9282,48.6172,0.9014,-0.9276,-1,0.1827,-0.0833,0.0994,HOLDING
2017-12-04,2,CMS,ES,38.9439,48.6544,0.9014,-1.0579,-1,0.1964,-0.0833,0.1131,HOLDING
2017-12-05,2,CMS,ES,38.5917,48.2085,0.9014,-1.3837,-1,0.2286,-0.0833,0.1453,HOLDING
2017-12-06,2,CMS,ES,38.67,48.3794,0.9014,-1.6089,-1,0.2838,-0.0833,0.2005,HOLDING
2017-12-07,2,CMS,ES,38.803,48.2308,0.9014,-0.7561,-1,-0.0035,-0.0833,-0.0869,HOLDING
2017-12-08,2,CMS,ES,39.03,48.4612,0.9014,-0.5686,-1,-0.0738,-0.0833,-0.1571,HOLDING
2017-12-11,2,CMS,ES,39.2021,48.8178,0.9014,-0.8579,-1,0.0308,-0.0833,-0.0525,HOLDING
2017-12-12,2,CMS,ES,38.4821,47.7107,0.9014,-0.5036,-1,-0.073,-0.0833,-0.1564,HOLDING
2017-12-13,2,CMS,ES,38.5447,48.3572,0.9014,-1.8386,-1,0.4135,-0.0833,0.3301,HOLDING
2017-12-14,2,CMS,ES,38.4039,48.1342,0.9014,-1.5629,-1,0.3877,-0.0833,0.3044,HOLDING
2017-12-15,2,CMS,ES,38.5447,48.37,0.9014,-1.4897,-1,0.4246,-0.0833,0.3413,HOLDING
2017-12-18,2,CMS,ES,38.0752,47.8386,0.9014,-1.5884,-1,0.5223,-0.0833,0.439,HOLDING
2017-12-19,2,CMS,ES,37.3473,46.8505,0.9014,-1.4872,-1,0.5311,-0.0833,0.4477,HOLDING
2017-12-20,2,CMS,ES,36.909,46.5735,0.9014,-2.0097,-1,0.8123,-0.0833,0.729,HOLDING
2017-12-21,2,CMS,ES,36.9873,46.3939,0.9014,-1.2279,-1,0.5633,-0.0833,0.48,HOLDING
2017-12-22,2,CMS,ES,37.0577,46.6858,0.9014,-1.5103,-1,0.7328,-0.0833,0.6495,HOLDING
2017-12-26,2,CMS,ES,36.6351,46.3789,0.9014,-1.945,-1,0.9695,-0.0833,0.8861,HOLDING
2017-12-27,2,CMS,ES,36.9482,46.8056,0.9014,-1.7149,-1,0.9671,-0.0833,0.8838,HOLDING
2017-12-28,2,CMS,ES,37.089,47.12,0.9014,-1.7494,-1,1.0723,-0.0833,0.989,HOLDING
2017-12-29,2,CMS,ES,37.0186,47.2921,0.9014,-2.0665,-1,1.3056,-0.0833,1.2222,HOLDING
2018-01-02,2,CMS,ES,36.7447,47.2697,0.9014,-2.2804,-1,1.6121,-0.0833,1.5288,HOLDING
2018-01-03,2,CMS,ES,36.5177,46.8505,0.9014,-1.8063,-1,1.5184,-0.0833,1.4351,HOLDING
2018-01-04,2,CMS,ES,36.1108,46.1918,0.9014,-1.4764,-1,1.4311,-0.0833,1.3478,HOLDING
2018-01-05,2,CMS,ES,35.8525,46.2741,0.9014,-1.8761,-1,0.0,1.6438,1.6438,PERIOD_END_EXIT
2017-07-10,3,CMS,XEL,35.1801,35.1397,0.8663,0.0,0,0.0,0.0,0.0,HOLD_CASH
2017-07-11,3,CMS,XEL,35.1647,35.1243,0.8663,0.0,0,0.0,0.0,0.0,HOLD_CASH
2017-07-12,3,CMS,XEL,35.5274,35.3942,0.8663,0.0,0,0.0,0.0,0.0,HOLD_CASH
2017-07-13,3,CMS,XEL,35.265,35.2245,0.8663,0.0,0,0.0,0.0,0.0,HOLD_CASH
2017-07-14,3,CMS,XEL,35.4194,35.4174,0.8663,0.0,0,0.0,0.0,0.0,HOLD_CASH
2017-07-17,3,CMS,XEL,35.4965,35.5716,0.8663,0.0,0,0.0,0.0,0.0,HOLD_CASH
2017-07-18,3,CMS,XEL,35.5737,35.7876,0.8663,0.0,0,0.0,0.0,0.0,HOLD_CASH
2017-07-19,3,CMS,XEL,35.6817,35.9573,0.8663,0.0,0,0.0,0.0,0.0,HOLD_CASH
2017-07-20,3,CMS,XEL,35.9518,36.3506,0.8663,0.0,0,0.0,0.0,0.0,HOLD_CASH
2017-07-21,3,CMS,XEL,36.0753,36.5743,0.8663,0.0,0,0.0,0.0,0.0,HOLD_CASH
2017-07-24,3,CMS,XEL,35.7975,36.1732,0.8663,0.0,0,0.0,0.0,0.0,HOLD_CASH
2017-07-25,3,CMS,XEL,35.62,36.019,0.8663,0.0,0,0.0,0.0,0.0,HOLD_CASH
2017-07-26,3,CMS,XEL,35.9055,36.4586,0.8663,0.0,0,0.0,0.0,0.0,HOLD_CASH
2017-07-27,3,CMS,XEL,36.1833,36.7594,0.8663,0.0,0,0.0,0.0,0.0,HOLD_CASH
2017-07-28,3,CMS,XEL,35.728,36.3738,0.8663,0.0,0,0.0,0.0,0.0,HOLD_CASH
2017-07-31,3,CMS,XEL,35.6817,36.4895,0.8663,0.0,0,0.0,0.0,0.0,HOLD_CASH
2017-08-01,3,CMS,XEL,35.9904,36.69,0.8663,0.0,0,0.0,0.0,0.0,HOLD_CASH
2017-08-02,3,CMS,XEL,36.2492,36.798,0.8663,0.0,0,0.0,0.0,0.0,HOLD_CASH
2017-08-03,3,CMS,XEL,36.5445,37.1065,0.8663,0.0,0,0.0,0.0,0.0,HOLD_CASH
2017-08-04,3,CMS,XEL,36.5523,36.9985,0.8663,0.0845,0,0.0,0.0,0.0,HOLD_CASH
2017-08-07,3,CMS,XEL,36.6767,37.1759,0.8663,0.0186,0,0.0,0.0,0.0,HOLD_CASH
2017-08-08,3,CMS,XEL,36.8554,37.361,0.8663,0.184,0,0.0,0.0,0.0,HOLD_CASH
2017-08-09,3,CMS,XEL,36.8243,37.2299,0.8663,0.752,0,0.0,0.0,0.0,HOLD_CASH
2017-08-10,3,CMS,XEL,36.9021,37.5153,0.8663,-0.1049,0,0.0,0.0,0.0,HOLD_CASH
2017-08-11,3,CMS,XEL,36.7699,37.1682,0.8663,1.0541,0,0.0,0.0,0.0,HOLD_CASH
2017-08-14,3,CMS,XEL,36.8865,37.3533,0.8663,0.8796,0,0.0,0.0,0.0,HOLD_CASH
2017-08-15,3,CMS,XEL,37.1197,37.5847,0.8663,1.1313,0,0.0,0.0,0.0,HOLD_CASH
2017-08-16,3,CMS,XEL,37.314,37.7466,0.8663,1.4347,0,0.0,0.0,0.0,HOLD_CASH
2017-08-17,3,CMS,XEL,37.1819,37.5384,0.8663,1.5649,0,0.0,0.0,0.0,HOLD_CASH
2017-08-18,3,CMS,XEL,37.4694,37.7929,0.8663,1.7322,0,0.0,0.0,0.0,HOLD_CASH
2017-08-21,3,CMS,XEL,37.5238,37.9549,0.8663,1.1371,0,0.0,0.0,0.0,HOLD_CASH
2017-08-22,3,CMS,XEL,37.5083,37.8932,0.8663,1.2151,0,0.0,0.0,0.0,HOLD_CASH
2017-08-23,3,CMS,XEL,37.757,38.0783,0.8663,1.4999,0,0.0,0.0,0.0,HOLD_CASH
2017-08-24,3,CMS,XEL,37.5705,38.0629,0.8663,0.5451,0,0.0,0.0,0.0,HOLD_CASH
2017-08-25,3,CMS,XEL,37.6948,38.0783,0.8663,1.0321,0,0.0,0.0,0.0,HOLD_CASH
2017-08-28,3,CMS,XEL,37.7959,38.2094,0.8663,0.9809,0,0.0,0.0,0.0,HOLD_CASH
2017-08-29,3,CMS,XEL,37.8814,38.1786,0.8663,1.7248,0,0.0,0.0,0.0,HOLD_CASH
2017-08-30,3,CMS,XEL,37.7492,38.1631,0.8663,0.7468,0,0.0,0.0,0.0,HOLD_CASH
2017-08-31,3,CMS,XEL,37.7259,38.1786,0.8663,0.3658,0,0.0,0.0,0.0,HOLD_CASH
2017-09-01,3,CMS,XEL,37.6326,38.0706,0.8663,0.2934,0,0.0,0.0,0.0,HOLD_CASH
2017-09-05,3,CMS,XEL,37.6404,38.2943,0.8663,-1.4491,0,0.0,0.0,0.0,HOLD_CASH
2017-09-06,3,CMS,XEL,37.4461,38.2248,0.8663,-2.3446,1,0.0,-0.0833,-0.0833,ENTER_LONG_A
2017-09-07,3,CMS,XEL,37.6637,38.4794,0.8663,-1.9859,1,0.0019,-0.0833,-0.0814,HOLDING
2017-09-08,3,CMS,XEL,37.8192,38.7416,0.8663,-2.2259,1,-0.0781,-0.0833,-0.1614,HOLDING
2017-09-11,3,CMS,XEL,38.1611,38.9576,0.8663,-1.0762,1,0.1111,-0.0833,0.0278,HOLDING
2017-09-12,3,CMS,XEL,37.3684,38.2017,0.8663,-1.8118,1,-0.0693,-0.0833,-0.1526,HOLDING
2017-09-13,3,CMS,XEL,36.9176,37.9163,0.8663,-2.4157,1,-0.318,-0.0833,-0.4013,HOLDING
2017-09-14,3,CMS,XEL,37.2207,38.1494,0.8663,-1.6415,1,-0.1924,-0.0833,-0.2758,HOLDING
2017-09-15,3,CMS,XEL,37.2052,38.1339,0.8663,-1.4607,1,-0.1953,-0.0833,-0.2786,HOLDING
2017-09-18,3,CMS,XEL,37.0186,37.7765,0.8663,-0.861,1,-0.056,-0.0833,-0.1393,HOLDING
2017-09-19,3,CMS,XEL,36.8321,37.6366,0.8663,-1.0493,1,-0.1369,-0.0833,-0.2202,HOLDING
2017-09-20,3,CMS,XEL,36.5834,37.3958,0.8663,-1.122,1,-0.1897,-0.0833,-0.2731,HOLDING
2017-09-21,3,CMS,XEL,36.5756,37.3025,0.8663,-0.7328,1,-0.1046,-0.0833,-0.188,HOLDING
2017-09-22,3,CMS,XEL,36.1171,36.8363,0.8663,-0.9207,1,-0.1797,-0.0833,-0.263,HOLDING
2017-09-25,3,CMS,XEL,36.6067,37.0616,0.8663,0.4952,1,0.1762,-0.0833,0.0928,HOLDING
2017-09-26,3,CMS,XEL,36.4824,37.0694,0.8663,-0.0473,1,0.02,-0.0833,-0.0633,HOLDING
2017-09-27,3,CMS,XEL,35.9305,36.5489,0.8663,-0.5285,1,-0.1112,-0.0833,-0.1945,HOLDING
2017-09-28,3,CMS,XEL,36.0238,36.8052,0.8663,-1.1961,1,-0.2594,-0.0833,-0.3428,HOLDING
2017-09-29,3,CMS,XEL,36.0005,36.7664,0.8663,-1.0854,1,-0.2479,-0.0833,-0.3313,HOLDING
2017-10-02,3,CMS,XEL,36.0782,36.7975,0.8663,-0.6854,1,-0.1867,-0.0833,-0.27,HOLDING
2017-10-03,3,CMS,XEL,35.7285,36.6576,0.8663,-2.3247,1,-0.4622,-0.0833,-0.5455,HOLDING
2017-10-04,3,CMS,XEL,36.1326,37.116,0.8663,-1.8621,1,-0.4442,-0.0833,-0.5275,HOLDING
2017-10-05,3,CMS,XEL,36.1637,36.9684,0.8663,-0.6235,1,-0.2577,-0.0833,-0.3411,HOLDING
2017-10-06,3,CMS,XEL,35.9849,36.8208,0.8663,-0.9373,1,-0.3215,-0.0833,-0.4048,HOLDING
2017-10-09,3,CMS,XEL,36.1248,36.9684,0.8663,-0.7517,1,-0.3041,-0.0833,-0.3874,HOLDING
2017-10-10,3,CMS,XEL,36.529,37.2481,0.8663,0.5955,1,-0.1052,-0.0833,-0.1885,HOLDING
2017-10-11,3,CMS,XEL,36.801,37.5123,0.8663,0.8819,1,-0.0481,-0.0833,-0.1315,HOLDING
2017-10-12,3,CMS,XEL,37.0886,37.8852,0.8663,0.6109,1,-0.0826,-0.0833,-0.166,HOLDING
2017-10-13,3,CMS,XEL,36.9487,37.7687,0.8663,0.2703,1,-0.1315,-0.0833,-0.2149,HOLDING
2017-10-16,3,CMS,XEL,36.8477,37.6755,0.8663,0.1339,1,-0.1577,-0.0833,-0.241,HOLDING
2017-10-17,3,CMS,XEL,37.1585,37.8542,0.8663,1.2759,1,0.0322,-0.0833,-0.0511,HOLDING
2017-10-18,3,CMS,XEL,37.1585,37.8619,0.8663,1.118,1,0.0243,-0.0833,-0.059,HOLDING
2017-10-19,3,CMS,XEL,37.4539,38.266,0.8663,0.742,1,-0.0323,-0.0833,-0.1157,HOLDING
2017-10-20,3,CMS,XEL,37.4461,38.2737,0.8663,0.5948,1,-0.0495,-0.0833,-0.1328,HOLDING
2017-10-23,3,CMS,XEL,37.4694,38.2815,0.8663,0.8569,1,-0.0295,-0.0833,-0.1129,HOLDING
2017-10-24,3,CMS,XEL,37.6326,38.4291,0.8663,1.1577,1,0.0157,-0.0833,-0.0676,HOLDING
2017-10-25,3,CMS,XEL,37.2829,38.367,0.8663,-1.0563,1,-0.3384,-0.0833,-0.4218,HOLDING
2017-10-26,3,CMS,XEL,37.2596,38.1106,0.8663,0.3677,1,-0.1068,-0.0833,-0.1901,HOLDING
2017-10-27,3,CMS,XEL,37.4617,38.2349,0.8663,1.0034,1,0.0084,-0.0833,-0.075,HOLDING
2017-10-30,3,CMS,XEL,37.1508,38.297,0.8663,-1.541,1,-0.4252,-0.0833,-0.5086,HOLDING
2017-10-31,3,CMS,XEL,37.5938,38.4757,0.8663,0.427,1,-0.0778,-0.0833,-0.1612,HOLDING
2017-11-01,3,CMS,XEL,37.3606,38.2504,0.8663,-0.0066,1,-0.1278,-0.0833,-0.2112,HOLDING
2017-11-02,3,CMS,XEL,37.6604,38.2737,0.8663,2.0458,1,0.206,-0.0833,0.1227,HOLDING
2017-11-03,3,CMS,XEL,37.6682,38.5301,0.8663,0.3219,1,-0.0441,-0.0833,-0.1275,HOLDING
2017-11-06,3,CMS,XEL,37.6056,38.3825,0.8663,0.767,1,0.0306,-0.0833,-0.0527,HOLDING
2017-11-07,3,CMS,XEL,38.2786,38.872,0.8663,2.3738,1,0.3378,-0.0833,0.2545,HOLDING
2017-11-08,3,CMS,XEL,38.4508,39.0429,0.8663,2.1136,1,0.3702,-0.0833,0.2868,HOLDING
2017-11-09,3,CMS,XEL,38.5682,39.2449,0.8663,1.5565,1,0.3057,-0.0833,0.2224,HOLDING
2017-11-10,3,CMS,XEL,38.5604,39.0041,0.8663,2.197,1,0.5401,-0.0833,0.4568,HOLDING
2017-11-13,3,CMS,XEL,38.8421,39.4625,0.8663,1.4573,1,0.4122,-0.0833,0.3289,HOLDING
2017-11-14,3,CMS,XEL,39.5622,40.2472,0.8663,1.5067,1,0.4767,-0.0833,0.3933,HOLDING
2017-11-15,3,CMS,XEL,39.3039,39.7655,0.8663,1.8558,1,0.6562,-0.0833,0.5728,HOLDING
2017-11-16,3,CMS,XEL,39.2648,39.7655,0.8663,1.4987,1,0.6095,-0.0833,0.5262,HOLDING
2017-11-17,3,CMS,XEL,38.8108,39.5402,0.8663,0.4601,1,0.2962,-0.0833,0.2129,HOLDING
2017-11-20,3,CMS,XEL,38.67,39.3071,0.8663,0.6151,1,0.3641,-0.0833,0.2808,HOLDING
2017-11-21,3,CMS,XEL,38.7247,39.3226,0.8663,0.7045,1,0.4137,-0.0833,0.3304,HOLDING
2017-11-22,3,CMS,XEL,38.6621,39.2605,0.8663,0.5945,1,0.402,-0.0833,0.3187,HOLDING
2017-11-24,3,CMS,XEL,38.6934,39.4003,0.8663,0.1698,1,0.2978,-0.0833,0.2145,HOLDING
2017-11-27,3,CMS,XEL,38.9361,39.5169,0.8663,0.702,1,0.4692,-0.0833,0.3858,HOLDING
2017-11-28,3,CMS,XEL,38.8969,39.8199,0.8663,-0.8258,1,0.1159,-0.0833,0.0325,HOLDING
2017-11-29,3,CMS,XEL,38.8265,39.8277,0.8663,-1.3083,1,0.024,-0.0833,-0.0593,HOLDING
2017-11-30,3,CMS,XEL,39.0535,40.0996,0.8663,-1.4582,1,0.0195,-0.0833,-0.0639,HOLDING
2017-12-01,3,CMS,XEL,38.9282,39.9054,0.8663,-1.1582,1,0.0667,-0.0833,-0.0166,HOLDING
2017-12-04,3,CMS,XEL,38.9439,39.6878,0.8663,-0.1086,1,0.3055,-0.0833,0.2222,HOLDING
2017-12-05,3,CMS,XEL,38.5917,39.4703,0.8663,-1.2181,1,0.1057,-0.0833,0.0224,HOLDING
2017-12-06,3,CMS,XEL,38.67,39.6956,0.8663,-1.6941,1,-0.029,-0.0833,-0.1123,HOLDING
2017-12-07,3,CMS,XEL,38.803,39.5013,0.8663,0.0869,1,0.3262,-0.0833,0.2429,HOLDING
2017-12-08,3,CMS,XEL,39.03,39.7811,0.8663,0.0204,1,0.3138,-0.0833,0.2305,HOLDING
2017-12-11,3,CMS,XEL,39.2021,39.9675,0.8663,0.1608,1,0.3304,-0.0833,0.2471,HOLDING
2017-12-12,3,CMS,XEL,38.4821,39.2683,0.8663,-0.5582,1,0.1795,-0.0833,0.0962,HOLDING
2017-12-13,3,CMS,XEL,38.5447,39.4936,0.8663,-1.2215,1,0.0261,-0.0833,-0.0572,HOLDING
2017-12-14,3,CMS,XEL,38.4039,39.1517,0.8663,-0.2179,1,0.2041,-0.0833,0.1208,HOLDING
2017-12-15,3,CMS,XEL,38.5447,39.4547,0.8663,-0.9702,1,0.0655,-0.0833,-0.0179,HOLDING
2017-12-18,3,CMS,XEL,38.0752,38.9186,0.8663,-0.9903,1,0.048,-0.0833,-0.0353,HOLDING
2017-12-19,3,CMS,XEL,37.3473,38.3281,0.8663,-2.2498,1,-0.2223,-0.0833,-0.3057,HOLDING
2017-12-20,3,CMS,XEL,36.909,37.6755,0.8663,-1.3247,1,-0.0845,-0.0833,-0.1678,HOLDING
2017-12-21,3,CMS,XEL,36.9873,37.5978,0.8663,-0.2509,1,0.0875,-0.0833,0.0041,HOLDING
2017-12-22,3,CMS,XEL,37.0577,37.489,0.8663,0.9492,1,0.2815,-0.0833,0.1982,HOLDING
2017-12-26,3,CMS,XEL,36.6351,37.1627,0.8663,-0.0054,1,0.1078,-0.0833,0.0245,HOLDING
2017-12-27,3,CMS,XEL,36.9482,37.421,0.8663,0.7173,1,0.2197,-0.0833,0.1364,HOLDING
2017-12-28,3,CMS,XEL,37.089,37.6402,0.8663,0.292,1,0.1658,-0.0833,0.0825,HOLDING
2017-12-29,3,CMS,XEL,37.0186,37.6637,0.8663,-0.4687,1,0.0581,-0.0833,-0.0253,HOLDING
2018-01-02,3,CMS,XEL,36.7447,37.4288,0.8663,-1.0257,1,-0.0309,-0.0833,-0.1142,HOLDING
2018-01-03,3,CMS,XEL,36.5177,37.1783,0.8663,-1.0331,1,-0.048,-0.0833,-0.1314,HOLDING
2018-01-04,3,CMS,XEL,36.1108,36.8886,0.8663,-1.9924,1,-0.2401,-0.0833,-0.3235,HOLDING
2018-01-05,3,CMS,XEL,35.8525,36.6303,0.8663,-1.9753,1,0.0,-0.4498,-0.4498,PERIOD_END_EXIT
2017-07-10,4,CMS,ED,35.1801,58.7399,1.0134,0.0,0,0.0,0.0,0.0,HOLD_CASH
2017-07-11,4,CMS,ED,35.1647,58.7691,1.0134,0.0,0,0.0,0.0,0.0,HOLD_CASH
2017-07-12,4,CMS,ED,35.5274,59.2808,1.0134,0.0,0,0.0,0.0,0.0,HOLD_CASH
2017-07-13,4,CMS,ED,35.265,58.7107,1.0134,0.0,0,0.0,0.0,0.0,HOLD_CASH
2017-07-14,4,CMS,ED,35.4194,59.003,1.0134,0.0,0,0.0,0.0,0.0,HOLD_CASH
2017-07-17,4,CMS,ED,35.4965,59.2808,1.0134,0.0,0,0.0,0.0,0.0,HOLD_CASH
2017-07-18,4,CMS,ED,35.5737,59.3538,1.0134,0.0,0,0.0,0.0,0.0,HOLD_CASH
2017-07-19,4,CMS,ED,35.6817,59.7485,1.0134,0.0,0,0.0,0.0,0.0,HOLD_CASH
2017-07-20,4,CMS,ED,35.9518,60.2309,1.0134,0.0,0,0.0,0.0,0.0,HOLD_CASH
2017-07-21,4,CMS,ED,36.0753,60.6109,1.0134,0.0,0,0.0,0.0,0.0,HOLD_CASH
2017-07-24,4,CMS,ED,35.7975,60.0335,1.0134,0.0,0,0.0,0.0,0.0,HOLD_CASH
2017-07-25,4,CMS,ED,35.62,59.5731,1.0134,0.0,0,0.0,0.0,0.0,HOLD_CASH
2017-07-26,4,CMS,ED,35.9055,60.0116,1.0134,0.0,0,0.0,0.0,0.0,HOLD_CASH
2017-07-27,4,CMS,ED,36.1833,60.1432,1.0134,0.0,0,0.0,0.0,0.0,HOLD_CASH
2017-07-28,4,CMS,ED,35.728,60.209,1.0134,0.0,0,0.0,0.0,0.0,HOLD_CASH
2017-07-31,4,CMS,ED,35.6817,60.5598,1.0134,0.0,0,0.0,0.0,0.0,HOLD_CASH
2017-08-01,4,CMS,ED,35.9904,60.472,1.0134,0.0,0,0.0,0.0,0.0,HOLD_CASH
2017-08-02,4,CMS,ED,36.2492,60.4428,1.0134,0.0,0,0.0,0.0,0.0,HOLD_CASH
2017-08-03,4,CMS,ED,36.5445,60.7498,1.0134,0.0,0,0.0,0.0,0.0,HOLD_CASH
2017-08-04,4,CMS,ED,36.5523,60.5159,1.0134,1.7599,0,0.0,0.0,0.0,HOLD_CASH
2017-08-07,4,CMS,ED,36.6767,61.0275,1.0134,0.7877,0,0.0,0.0,0.0,HOLD_CASH
2017-08-08,4,CMS,ED,36.8554,61.4368,1.0134,0.4256,0,0.0,0.0,0.0,HOLD_CASH
2017-08-09,4,CMS,ED,36.8243,60.8521,1.0134,1.7534,0,0.0,0.0,0.0,HOLD_CASH
2017-08-10,4,CMS,ED,36.9021,61.1299,1.0134,1.2633,0,0.0,0.0,0.0,HOLD_CASH
2017-08-11,4,CMS,ED,36.7699,60.5671,1.0134,1.8819,0,0.0,0.0,0.0,HOLD_CASH
2017-08-14,4,CMS,ED,36.8865,60.8398,1.0134,1.497,0,0.0,0.0,0.0,HOLD_CASH
2017-08-15,4,CMS,ED,37.1197,61.2083,1.0134,1.3687,0,0.0,0.0,0.0,HOLD_CASH
2017-08-16,4,CMS,ED,37.314,61.4957,1.0134,1.2786,0,0.0,0.0,0.0,HOLD_CASH
2017-08-17,4,CMS,ED,37.1819,61.1862,1.0134,1.3107,0,0.0,0.0,0.0,HOLD_CASH
2017-08-18,4,CMS,ED,37.4694,61.562,1.0134,1.3322,0,0.0,0.0,0.0,HOLD_CASH
2017-08-21,4,CMS,ED,37.5238,61.7242,1.0134,1.0783,0,0.0,0.0,0.0,HOLD_CASH
2017-08-22,4,CMS,ED,37.5083,61.8568,1.0134,0.7091,0,0.0,0.0,0.0,HOLD_CASH
2017-08-23,4,CMS,ED,37.757,62.1001,1.0134,0.9128,0,0.0,0.0,0.0,HOLD_CASH
2017-08-24,4,CMS,ED,37.5705,62.0779,1.0134,0.363,0,0.0,0.0,0.0,HOLD_CASH
2017-08-25,4,CMS,ED,37.6948,62.2622,1.0134,0.3158,0,0.0,0.0,0.0,HOLD_CASH
2017-08-28,4,CMS,ED,37.7959,62.3433,1.0134,0.4361,0,0.0,0.0,0.0,HOLD_CASH
2017-08-29,4,CMS,ED,37.8814,62.2179,1.0134,1.2346,0,0.0,0.0,0.0,HOLD_CASH
2017-08-30,4,CMS,ED,37.7492,61.9674,1.0134,1.2872,0,0.0,0.0,0.0,HOLD_CASH
2017-08-31,4,CMS,ED,37.7259,62.1074,1.0134,0.5331,0,0.0,0.0,0.0,HOLD_CASH
2017-09-01,4,CMS,ED,37.6326,61.9011,1.0134,0.6832,0,0.0,0.0,0.0,HOLD_CASH
2017-09-05,4,CMS,ED,37.6404,62.1811,1.0134,-0.5774,0,0.0,0.0,0.0,HOLD_CASH
2017-09-06,4,CMS,ED,37.4461,61.9453,1.0134,-1.489,0,0.0,0.0,0.0,HOLD_CASH
2017-09-07,4,CMS,ED,37.6637,62.4538,1.0134,-2.142,1,0.0,-0.0833,-0.0833,ENTER_LONG_A
2017-09-08,4,CMS,ED,37.8192,63.036,1.0134,-3.0084,1,-0.2202,-0.0833,-0.3035,HOLDING
2017-09-11,4,CMS,ED,38.1611,63.4193,1.0134,-1.8838,1,-0.1018,-0.0833,-0.1851,HOLDING
2017-09-12,4,CMS,ED,37.3684,62.0632,1.0134,-1.4728,1,-0.0622,-0.0833,-0.1456,HOLDING
2017-09-13,4,CMS,ED,36.9176,61.7315,1.0134,-2.3777,1,-0.3349,-0.0833,-0.4182,HOLDING
2017-09-14,4,CMS,ED,37.2207,62.2843,1.0134,-2.0938,1,-0.373,-0.0833,-0.4563,HOLDING
2017-09-15,4,CMS,ED,37.2052,62.2327,1.0134,-1.7456,1,-0.3554,-0.0833,-0.4388,HOLDING
2017-09-18,4,CMS,ED,37.0186,61.5915,1.0134,-0.8058,1,-0.1298,-0.0833,-0.2131,HOLDING
2017-09-19,4,CMS,ED,36.8321,61.4736,1.0134,-1.1701,1,-0.2556,-0.0833,-0.3389,HOLDING
2017-09-20,4,CMS,ED,36.5834,60.8766,1.0134,-0.6158,1,-0.128,-0.0833,-0.2113,HOLDING
2017-09-21,4,CMS,ED,36.5756,60.7513,1.0134,-0.2561,1,-0.0523,-0.0833,-0.1357,HOLDING
2017-09-22,4,CMS,ED,36.1171,60.1322,1.0134,-0.562,1,-0.1405,-0.0833,-0.2238,HOLDING
2017-09-25,4,CMS,ED,36.6067,60.6113,1.0134,0.3418,1,0.0759,-0.0833,-0.0075,HOLDING
2017-09-26,4,CMS,ED,36.4824,60.3165,1.0134,0.6178,1,0.1372,-0.0833,0.0539,HOLDING
2017-09-27,4,CMS,ED,35.9305,59.4173,1.0134,0.7122,1,0.1347,-0.0833,0.0513,HOLDING
2017-09-28,4,CMS,ED,36.0238,59.4837,1.0134,1.1043,1,0.1926,-0.0833,0.1093,HOLDING
2017-09-29,4,CMS,ED,36.0005,59.4615,1.0134,1.1194,1,0.1818,-0.0833,0.0985,HOLDING
2017-10-02,4,CMS,ED,36.0782,59.7785,1.0134,0.5943,1,0.0544,-0.0833,-0.0289,HOLDING
2017-10-03,4,CMS,ED,35.7285,59.6237,1.0134,-0.8776,1,-0.226,-0.0833,-0.3093,HOLDING
2017-10-04,4,CMS,ED,36.1326,60.2723,1.0134,-0.7335,1,-0.2174,-0.0833,-0.3008,HOLDING
2017-10-05,4,CMS,ED,36.1637,60.2649,1.0134,-0.4612,1,-0.1783,-0.0833,-0.2617,HOLDING
2017-10-06,4,CMS,ED,35.9849,60.1101,1.0134,-0.9604,1,-0.2708,-0.0833,-0.3542,HOLDING
2017-10-09,4,CMS,ED,36.1248,60.0585,1.0134,0.0935,1,-0.0824,-0.0833,-0.1658,HOLDING
2017-10-10,4,CMS,ED,36.529,60.7292,1.0134,0.0728,1,-0.0887,-0.0833,-0.1721,HOLDING
2017-10-11,4,CMS,ED,36.801,61.0535,1.0134,0.4522,1,-0.0076,-0.0833,-0.0909,HOLDING
2017-10-12,4,CMS,ED,37.0886,61.562,1.0134,0.2286,1,-0.0331,-0.0833,-0.1164,HOLDING
2017-10-13,4,CMS,ED,36.9487,61.2304,1.0134,0.5792,1,0.0359,-0.0833,-0.0474,HOLDING
2017-10-16,4,CMS,ED,36.8477,61.0608,1.0134,0.5422,1,0.0387,-0.0833,-0.0446,HOLDING
2017-10-17,4,CMS,ED,37.1585,61.5841,1.0134,0.4018,1,0.0289,-0.0833,-0.0544,HOLDING
2017-10-18,4,CMS,ED,37.1585,61.7463,1.0134,-0.3853,1,-0.08,-0.0833,-0.1633,HOLDING
2017-10-19,4,CMS,ED,37.4539,62.5275,1.0134,-1.5849,1,-0.2801,-0.0833,-0.3634,HOLDING
2017-10-20,4,CMS,ED,37.4461,62.5423,1.0134,-1.5617,1,-0.2985,-0.0833,-0.3819,HOLDING
2017-10-23,4,CMS,ED,37.4694,62.7191,1.0134,-1.8236,1,-0.3917,-0.0833,-0.475,HOLDING
2017-10-24,4,CMS,ED,37.6326,63.2056,1.0134,-2.1842,1,-0.539,-0.0833,-0.6224,HOLDING
2017-10-25,4,CMS,ED,37.2829,62.8886,1.0134,-2.44,1,-0.7105,-0.0833,-0.7939,HOLDING
2017-10-26,4,CMS,ED,37.2596,63.0139,1.0134,-2.3803,1,-0.8203,-0.0833,-0.9037,HOLDING
2017-10-27,4,CMS,ED,37.4617,63.3235,1.0134,-1.9961,1,-0.8061,-0.0833,-0.8895,HOLDING
2017-10-30,4,CMS,ED,37.1508,63.3087,1.0134,-2.4964,1,-1.1379,-0.0833,-1.2212,HOLDING
2017-10-31,4,CMS,ED,37.5938,63.4193,1.0134,-1.131,1,-0.7253,-0.0833,-0.8086,HOLDING
2017-11-01,4,CMS,ED,37.3606,63.2351,1.0134,-1.3601,1,-0.8578,-0.0833,-0.9411,HOLDING
2017-11-02,4,CMS,ED,37.6604,63.972,1.0134,-1.5657,1,-1.0233,-0.0833,-1.1067,HOLDING
2017-11-03,4,CMS,ED,37.6682,64.1489,1.0134,-1.6091,1,-1.1336,-0.0833,-1.2169,HOLDING
2017-11-06,4,CMS,ED,37.6056,63.6183,1.0134,-0.8522,1,-0.846,-0.0833,-0.9293,HOLDING
2017-11-07,4,CMS,ED,38.2786,64.628,1.0134,-0.6044,1,-0.7844,-0.0833,-0.8678,HOLDING
2017-11-08,4,CMS,ED,38.4508,64.7533,1.0134,-0.2839,1,-0.6794,-0.0833,-0.7627,HOLDING
2017-11-09,4,CMS,ED,38.5682,64.6059,1.0134,0.3422,1,-0.4514,-0.0833,-0.5347,HOLDING
2017-11-10,4,CMS,ED,38.5604,64.2595,1.0134,0.9965,1,-0.2273,-0.0833,-0.3107,HOLDING
2017-11-13,4,CMS,ED,38.8421,65.0849,1.0134,0.4529,1,-0.4721,-0.0833,-0.5554,HOLDING
2017-11-14,4,CMS,ED,39.5622,66.0803,1.0134,0.9601,1,-0.3493,-0.0833,-0.4326,HOLDING
2017-11-15,4,CMS,ED,39.3039,65.382,1.0134,1.5818,1,-0.1642,-0.0833,-0.2475,HOLDING
2017-11-16,4,CMS,ED,39.2648,64.8918,1.0134,2.1775,1,0.122,-0.0833,0.0387,HOLDING
2017-11-17,4,CMS,ED,38.8108,64.2752,1.0134,1.7578,1,0.0373,-0.0833,-0.046,HOLDING
2017-11-20,4,CMS,ED,38.67,63.8816,1.0134,1.81,1,0.1469,-0.0833,0.0635,HOLDING
2017-11-21,4,CMS,ED,38.7247,64.2381,1.0134,1.2417,1,-0.0324,-0.0833,-0.1157,HOLDING
2017-11-22,4,CMS,ED,38.6621,64.3718,1.0134,0.7901,1,-0.191,-0.0833,-0.2743,HOLDING
2017-11-24,4,CMS,ED,38.6934,64.5501,1.0134,0.5282,1,-0.2763,-0.0833,-0.3596,HOLDING
2017-11-27,4,CMS,ED,38.9361,64.9958,1.0134,0.3989,1,-0.309,-0.0833,-0.3923,HOLDING
2017-11-28,4,CMS,ED,38.8969,65.3523,1.0134,-0.3677,1,-0.5915,-0.0833,-0.6748,HOLDING
2017-11-29,4,CMS,ED,38.8265,65.6643,1.0134,-1.068,1,-0.8784,-0.0833,-0.9617,HOLDING
2017-11-30,4,CMS,ED,39.0535,66.1397,1.0134,-1.213,1,-0.9483,-0.0833,-1.0316,HOLDING
2017-12-01,4,CMS,ED,38.9282,65.9763,1.0134,-1.3185,1,-0.9761,-0.0833,-1.0594,HOLDING
2017-12-04,4,CMS,ED,38.9439,65.7237,1.0134,-0.9645,1,-0.7893,-0.0833,-0.8726,HOLDING
2017-12-05,4,CMS,ED,38.5917,65.382,1.0134,-1.3816,1,-0.9468,-0.0833,-1.0302,HOLDING
2017-12-06,4,CMS,ED,38.67,65.7163,1.0134,-1.6204,1,-1.0853,-0.0833,-1.1687,HOLDING
2017-12-07,4,CMS,ED,38.803,65.7312,1.0134,-1.1955,1,-0.9491,-0.0833,-1.0324,HOLDING
2017-12-08,4,CMS,ED,39.03,66.0506,1.0134,-1.0112,1,-0.9142,-0.0833,-0.9975,HOLDING
2017-12-11,4,CMS,ED,39.2021,66.6002,1.0134,-1.2763,1,-1.0942,-0.0833,-1.1775,HOLDING
2017-12-12,4,CMS,ED,38.4821,65.434,1.0134,-1.2139,1,-1.1022,-0.0833,-1.1855,HOLDING
2017-12-13,4,CMS,ED,38.5447,65.3523,1.0134,-0.8533,1,-0.9785,-0.0833,-1.0618,HOLDING
2017-12-14,4,CMS,ED,38.4039,65.0626,1.0134,-0.6959,1,-0.9387,-0.0833,-1.0221,HOLDING
2017-12-15,4,CMS,ED,38.5447,65.5455,1.0134,-0.9807,1,-1.1082,-0.0833,-1.1915,HOLDING
2017-12-18,4,CMS,ED,38.0752,64.8621,1.0134,-1.0631,1,-1.1653,-0.0833,-1.2486,HOLDING
2017-12-19,4,CMS,ED,37.3473,63.5547,1.0134,-0.8793,1,-1.0871,-0.0833,-1.1704,HOLDING
2017-12-20,4,CMS,ED,36.909,63.0719,1.0134,-1.3512,1,-1.2445,-0.0833,-1.3278,HOLDING
2017-12-21,4,CMS,ED,36.9873,62.9828,1.0134,-0.8094,1,-1.0986,-0.0833,-1.1819,HOLDING
2017-12-22,4,CMS,ED,37.0577,62.953,1.0134,-0.3431,1,-1.0012,-0.0833,-1.0846,HOLDING
2017-12-26,4,CMS,ED,36.6351,62.5445,1.0134,-1.4525,1,-1.1913,-0.0833,-1.2746,HOLDING
2017-12-27,4,CMS,ED,36.9482,62.8862,1.0134,-0.6287,1,-1.0767,-0.0833,-1.1601,HOLDING
2017-12-28,4,CMS,ED,37.089,63.2056,1.0134,-0.9692,1,-1.1365,-0.0833,-1.2198,HOLDING
2017-12-29,4,CMS,ED,37.0186,63.1016,1.0134,-0.9473,1,-1.144,-0.0833,-1.2273,HOLDING
2018-01-02,4,CMS,ED,36.7447,62.084,1.0134,1.8552,1,-0.7616,-0.0833,-0.8449,HOLDING
2018-01-03,4,CMS,ED,36.5177,61.4971,1.0134,2.5731,1,-0.6169,-0.0833,-0.7002,HOLDING
2018-01-04,4,CMS,ED,36.1108,60.7766,1.0134,2.2831,1,-0.5802,-0.0833,-0.6635,HOLDING
2018-01-05,4,CMS,ED,35.8525,60.7172,1.0134,0.7578,1,0.0,-0.9876,-0.9876,PERIOD_END_EXIT
2017-07-10,5,ES,XEL,44.1792,35.1397,0.9389,0.0,0,0.0,0.0,0.0,HOLD_CASH
2017-07-11,5,ES,XEL,44.1129,35.1243,0.9389,0.0,0,0.0,0.0,0.0,HOLD_CASH
2017-07-12,5,ES,XEL,44.2604,35.3942,0.9389,0.0,0,0.0,0.0,0.0,HOLD_CASH
2017-07-13,5,ES,XEL,44.1719,35.2245,0.9389,0.0,0,0.0,0.0,0.0,HOLD_CASH
2017-07-14,5,ES,XEL,44.4078,35.4174,0.9389,0.0,0,0.0,0.0,0.0,HOLD_CASH
2017-07-17,5,ES,XEL,44.4816,35.5716,0.9389,0.0,0,0.0,0.0,0.0,HOLD_CASH
2017-07-18,5,ES,XEL,44.5701,35.7876,0.9389,0.0,0,0.0,0.0,0.0,HOLD_CASH
2017-07-19,5,ES,XEL,44.7397,35.9573,0.9389,0.0,0,0.0,0.0,0.0,HOLD_CASH
2017-07-20,5,ES,XEL,45.1379,36.3506,0.9389,0.0,0,0.0,0.0,0.0,HOLD_CASH
2017-07-21,5,ES,XEL,45.3813,36.5743,0.9389,0.0,0,0.0,0.0,0.0,HOLD_CASH
2017-07-24,5,ES,XEL,44.7913,36.1732,0.9389,0.0,0,0.0,0.0,0.0,HOLD_CASH
2017-07-25,5,ES,XEL,44.5996,36.019,0.9389,0.0,0,0.0,0.0,0.0,HOLD_CASH
2017-07-26,5,ES,XEL,44.9388,36.4586,0.9389,0.0,0,0.0,0.0,0.0,HOLD_CASH
2017-07-27,5,ES,XEL,44.7692,36.7594,0.9389,0.0,0,0.0,0.0,0.0,HOLD_CASH
2017-07-28,5,ES,XEL,44.6364,36.3738,0.9389,0.0,0,0.0,0.0,0.0,HOLD_CASH
2017-07-31,5,ES,XEL,44.8282,36.4895,0.9389,0.0,0,0.0,0.0,0.0,HOLD_CASH
2017-08-01,5,ES,XEL,44.9019,36.69,0.9389,0.0,0,0.0,0.0,0.0,HOLD_CASH
2017-08-02,5,ES,XEL,45.0273,36.798,0.9389,0.0,0,0.0,0.0,0.0,HOLD_CASH
2017-08-03,5,ES,XEL,45.632,37.1065,0.9389,0.0,0,0.0,0.0,0.0,HOLD_CASH
2017-08-04,5,ES,XEL,45.4107,36.9985,0.9389,-0.8976,0,0.0,0.0,0.0,HOLD_CASH
2017-08-07,5,ES,XEL,45.7574,37.1759,0.9389,-0.4725,0,0.0,0.0,0.0,HOLD_CASH
2017-08-08,5,ES,XEL,45.9491,37.361,0.9389,-0.4552,0,0.0,0.0,0.0,HOLD_CASH
2017-08-09,5,ES,XEL,45.5214,37.2299,0.9389,-1.1099,0,0.0,0.0,0.0,HOLD_CASH
2017-08-10,5,ES,XEL,45.8827,37.5153,0.9389,-0.936,0,0.0,0.0,0.0,HOLD_CASH
2017-08-11,5,ES,XEL,45.6172,37.1682,0.9389,-0.4628,0,0.0,0.0,0.0,HOLD_CASH
2017-08-14,5,ES,XEL,45.8458,37.3533,0.9389,-0.3291,0,0.0,0.0,0.0,HOLD_CASH
2017-08-15,5,ES,XEL,46.1408,37.5847,0.9389,-0.1372,0,0.0,0.0,0.0,HOLD_CASH
2017-08-16,5,ES,XEL,46.3104,37.7466,0.9389,-0.1138,0,0.0,0.0,0.0,HOLD_CASH
2017-08-17,5,ES,XEL,46.0597,37.5384,0.9389,-0.0654,0,0.0,0.0,0.0,HOLD_CASH
2017-08-18,5,ES,XEL,46.5021,37.7929,0.9389,0.8804,0,0.0,0.0,0.0,HOLD_CASH
2017-08-21,5,ES,XEL,46.4358,37.9549,0.9389,-0.5168,0,0.0,0.0,0.0,HOLD_CASH
2017-08-22,5,ES,XEL,46.3915,37.8932,0.9389,-0.2561,0,0.0,0.0,0.0,HOLD_CASH
2017-08-23,5,ES,XEL,46.5611,38.0783,0.9389,-0.5015,0,0.0,0.0,0.0,HOLD_CASH
2017-08-24,5,ES,XEL,46.4358,38.0629,0.9389,-1.6638,0,0.0,0.0,0.0,HOLD_CASH
2017-08-25,5,ES,XEL,46.5169,38.0783,0.9389,-1.0192,0,0.0,0.0,0.0,HOLD_CASH
2017-08-28,5,ES,XEL,46.657,38.2094,0.9389,-1.0144,0,0.0,0.0,0.0,HOLD_CASH
2017-08-29,5,ES,XEL,46.6717,38.1786,0.9389,-0.623,0,0.0,0.0,0.0,HOLD_CASH
2017-08-30,5,ES,XEL,46.6349,38.1631,0.9389,-0.8265,0,0.0,0.0,0.0,HOLD_CASH
2017-08-31,5,ES,XEL,46.4579,38.1786,0.9389,-2.1481,1,0.0,-0.0833,-0.0833,ENTER_LONG_A
2017-09-01,5,ES,XEL,46.1408,38.0706,0.9389,-2.7171,1,-0.1792,-0.0833,-0.2626,HOLDING
2017-09-05,5,ES,XEL,46.421,38.2943,0.9389,-2.1476,1,-0.1564,-0.0833,-0.2397,HOLDING
2017-09-06,5,ES,XEL,46.1703,38.2248,0.9389,-2.4772,1,-0.315,-0.0833,-0.3983,HOLDING
2017-09-07,5,ES,XEL,46.6054,38.4794,0.9389,-1.5661,1,-0.1815,-0.0833,-0.2648,HOLDING
2017-09-08,5,ES,XEL,46.8192,38.7416,0.9389,-1.6878,1,-0.2608,-0.0833,-0.3442,HOLDING
2017-09-11,5,ES,XEL,47.2764,38.9576,0.9389,-0.744,1,-0.0661,-0.0833,-0.1495,HOLDING
2017-09-12,5,ES,XEL,46.1924,38.2017,0.9389,-1.4788,1,-0.2701,-0.0833,-0.3534,HOLDING
2017-09-13,5,ES,XEL,45.9933,37.9163,0.9389,-0.8827,1,-0.1526,-0.0833,-0.236,HOLDING
2017-09-14,5,ES,XEL,46.4948,38.1494,0.9389,0.1366,1,0.0649,-0.0833,-0.0184,HOLDING
2017-09-15,5,ES,XEL,46.3546,38.1339,0.9389,-0.3111,1,-0.0483,-0.0833,-0.1316,HOLDING
2017-09-18,5,ES,XEL,45.8382,37.7765,0.9389,-0.7347,1,-0.1483,-0.0833,-0.2316,HOLDING
2017-09-19,5,ES,XEL,45.8977,37.6366,0.9389,0.4282,1,0.0545,-0.0833,-0.0288,HOLDING
2017-09-20,5,ES,XEL,45.6822,37.3958,0.9389,0.8172,1,0.1098,-0.0833,0.0264,HOLDING
2017-09-21,5,ES,XEL,45.6525,37.3025,0.9389,1.2552,1,0.1808,-0.0833,0.0975,HOLDING
2017-09-22,5,ES,XEL,45.1101,36.8363,0.9389,1.1691,1,0.1718,-0.0833,0.0884,HOLDING
2017-09-25,5,ES,XEL,45.6748,37.0616,0.9389,2.355,1,0.456,-0.0833,0.3727,HOLDING
2017-09-26,5,ES,XEL,45.5782,37.0694,0.9389,1.6904,1,0.3585,-0.0833,0.2751,HOLDING
2017-09-27,5,ES,XEL,44.902,36.5489,0.9389,1.3023,1,0.2831,-0.0833,0.1998,HOLDING
2017-09-28,5,ES,XEL,45.006,36.8052,0.9389,0.5014,1,0.1084,-0.0833,0.025,HOLDING
2017-09-29,5,ES,XEL,44.9094,36.7664,0.9389,0.2607,1,0.0601,-0.0833,-0.0233,HOLDING
2017-10-02,5,ES,XEL,44.8648,36.7975,0.9389,-0.1276,1,-0.014,-0.0833,-0.0973,HOLDING
2017-10-03,5,ES,XEL,44.7385,36.6576,0.9389,-0.0185,1,0.0169,-0.0833,-0.0664,HOLDING
2017-10-04,5,ES,XEL,45.1695,37.116,0.9389,-0.532,1,-0.0689,-0.0833,-0.1522,HOLDING
2017-10-05,5,ES,XEL,45.0506,36.9684,0.9389,-0.3428,1,-0.0228,-0.0833,-0.1062,HOLDING
2017-10-06,5,ES,XEL,44.8648,36.8208,0.9389,-0.5164,1,-0.0387,-0.0833,-0.122,HOLDING
2017-10-09,5,ES,XEL,44.8203,36.9684,0.9389,-1.5125,1,-0.2359,-0.0833,-0.3193,HOLDING
2017-10-10,5,ES,XEL,45.0729,37.2481,0.9389,-1.802,1,-0.2978,-0.0833,-0.3812,HOLDING
2017-10-11,5,ES,XEL,45.5484,37.5123,0.9389,-0.9537,1,-0.1371,-0.0833,-0.2205,HOLDING
2017-10-12,5,ES,XEL,45.8234,37.8852,0.9389,-1.4915,1,-0.277,-0.0833,-0.3603,HOLDING
2017-10-13,5,ES,XEL,45.8085,37.7687,0.9389,-0.9087,1,-0.1675,-0.0833,-0.2509,HOLDING
2017-10-16,5,ES,XEL,45.4741,37.6755,0.9389,-1.7434,1,-0.3783,-0.0833,-0.4617,HOLDING
2017-10-17,5,ES,XEL,45.8754,37.8542,0.9389,-0.8462,1,-0.196,-0.0833,-0.2794,HOLDING
2017-10-18,5,ES,XEL,45.6525,37.8619,0.9389,-1.5681,1,-0.4105,-0.0833,-0.4938,HOLDING
2017-10-19,5,ES,XEL,46.1132,38.266,0.9389,-1.3848,1,-0.4113,-0.0833,-0.4946,HOLDING
2017-10-20,5,ES,XEL,46.1652,38.2737,0.9389,-1.1074,1,-0.3714,-0.0833,-0.4547,HOLDING
2017-10-23,5,ES,XEL,46.3435,38.2815,0.9389,-0.42,1,-0.2146,-0.0833,-0.298,HOLDING
2017-10-24,5,ES,XEL,46.3807,38.4291,0.9389,-0.9153,1,-0.3363,-0.0833,-0.4196,HOLDING
2017-10-25,5,ES,XEL,46.3138,38.367,0.9389,-0.8606,1,-0.3325,-0.0833,-0.4158,HOLDING
2017-10-26,5,ES,XEL,46.2469,38.1106,0.9389,0.4915,1,-0.1233,-0.0833,-0.2066,HOLDING
2017-10-27,5,ES,XEL,46.6556,38.2349,0.9389,2.0025,1,0.1234,-0.0833,0.04,HOLDING
2017-10-30,5,ES,XEL,46.4327,38.297,0.9389,0.3549,1,-0.1486,-0.0833,-0.2319,HOLDING
2017-10-31,5,ES,XEL,46.5441,38.4757,0.9389,-0.1209,1,-0.2343,-0.0833,-0.3177,HOLDING
2017-11-01,5,ES,XEL,46.5739,38.2504,0.9389,1.5931,1,0.0313,-0.0833,-0.052,HOLDING
2017-11-02,5,ES,XEL,46.9825,38.2737,0.9389,2.89,1,0.3848,-0.0833,0.3014,HOLDING
2017-11-03,5,ES,XEL,47.2129,38.5301,0.9389,2.1811,1,0.3268,-0.0833,0.2435,HOLDING
2017-11-06,5,ES,XEL,47.3317,38.3825,0.9389,2.5383,1,0.5929,-0.0833,0.5095,HOLDING
2017-11-07,5,ES,XEL,47.941,38.872,0.9389,2.1779,1,0.6392,-0.0833,0.5558,HOLDING
2017-11-08,5,ES,XEL,48.0228,39.0429,0.9389,1.625,1,0.5341,-0.0833,0.4508,HOLDING
2017-11-09,5,ES,XEL,48.0599,39.2449,0.9389,1.0205,1,0.355,-0.0833,0.2716,HOLDING
2017-11-10,5,ES,XEL,47.6067,39.0041,0.9389,0.5259,1,0.1902,-0.0833,0.1069,HOLDING
2017-11-13,5,ES,XEL,48.1194,39.4625,0.9389,0.4286,1,0.18,-0.0833,0.0967,HOLDING
2017-11-14,5,ES,XEL,48.8996,40.2472,0.9389,0.0956,1,0.0723,-0.0833,-0.011,HOLDING
2017-11-15,5,ES,XEL,48.2977,39.7655,0.9389,-0.1076,1,0.0247,-0.0833,-0.0586,HOLDING
2017-11-16,5,ES,XEL,48.216,39.7655,0.9389,-0.4068,1,-0.0509,-0.0833,-0.1343,HOLDING
2017-11-17,5,ES,XEL,47.7107,39.5402,0.9389,-1.1683,1,-0.2802,-0.0833,-0.3635,HOLDING
2017-11-20,5,ES,XEL,47.4358,39.3071,0.9389,-1.1753,1,-0.2882,-0.0833,-0.3715,HOLDING
2017-11-21,5,ES,XEL,47.5026,39.3226,0.9389,-1.0687,1,-0.2427,-0.0833,-0.3261,HOLDING
2017-11-22,5,ES,XEL,47.4135,39.2605,0.9389,-1.1585,1,-0.2595,-0.0833,-0.3428,HOLDING
2017-11-24,5,ES,XEL,47.7999,39.4003,0.9389,-0.4814,1,-0.0499,-0.0833,-0.1332,HOLDING
2017-11-27,5,ES,XEL,47.8667,39.5169,0.9389,-0.6366,1,-0.1112,-0.0833,-0.1945,HOLDING
2017-11-28,5,ES,XEL,47.9708,39.8199,0.9389,-1.2908,1,-0.3353,-0.0833,-0.4186,HOLDING
2017-11-29,5,ES,XEL,48.0079,39.8277,0.9389,-1.1836,1,-0.3091,-0.0833,-0.3924,HOLDING
2017-11-30,5,ES,XEL,48.1862,40.0996,0.9389,-1.4018,1,-0.4316,-0.0833,-0.5149,HOLDING
2017-12-01,5,ES,XEL,48.6172,39.9054,0.9389,0.405,1,0.1725,-0.0833,0.0891,HOLDING
2017-12-04,5,ES,XEL,48.6544,39.6878,0.9389,1.1625,1,0.4368,-0.0833,0.3535,HOLDING
2017-12-05,5,ES,XEL,48.2085,39.4703,0.9389,0.7287,1,0.2543,-0.0833,0.1709,HOLDING
2017-12-06,5,ES,XEL,48.3794,39.6956,0.9389,0.612,1,0.1742,-0.0833,0.0909,HOLDING
2017-12-07,5,ES,XEL,48.2308,39.5013,0.9389,0.9862,1,0.2421,-0.0833,0.1587,HOLDING
2017-12-08,5,ES,XEL,48.4612,39.7811,0.9389,0.7363,1,0.1595,-0.0833,0.0762,HOLDING
2017-12-11,5,ES,XEL,48.8178,39.9675,0.9389,1.219,1,0.2924,-0.0833,0.209,HOLDING
2017-12-12,5,ES,XEL,47.7107,39.2683,0.9389,0.1344,1,0.0072,-0.0833,-0.0761,HOLDING
2017-12-13,5,ES,XEL,48.3572,39.4936,0.9389,1.4396,1,0.3671,-0.0833,0.2838,HOLDING
2017-12-14,5,ES,XEL,48.1342,39.1517,0.9389,1.7687,1,0.5222,-0.0833,0.4389,HOLDING
2017-12-15,5,ES,XEL,48.37,39.4547,0.9389,1.2668,1,0.4201,-0.0833,0.3368,HOLDING
2017-12-18,5,ES,XEL,47.8386,38.9186,0.9389,1.3698,1,0.4951,-0.0833,0.4118,HOLDING
2017-12-19,5,ES,XEL,46.8505,38.3281,0.9389,0.3653,1,0.2051,-0.0833,0.1218,HOLDING
2017-12-20,5,ES,XEL,46.5735,37.6755,0.9389,1.6593,1,0.6388,-0.0833,0.5554,HOLDING
2017-12-21,5,ES,XEL,46.3939,37.5978,0.9389,1.2551,1,0.5547,-0.0833,0.4713,HOLDING
2017-12-22,5,ES,XEL,46.6858,37.489,0.9389,2.102,1,0.9397,-0.0833,0.8564,HOLDING
2017-12-26,5,ES,XEL,46.3789,37.1627,0.9389,1.9557,1,1.0007,-0.0833,0.9174,HOLDING
2017-12-27,5,ES,XEL,46.8056,37.421,0.9389,1.9827,1,1.1224,-0.0833,1.039,HOLDING
2017-12-28,5,ES,XEL,47.12,37.6402,0.9389,1.8835,1,1.1815,-0.0833,1.0982,HOLDING
2017-12-29,5,ES,XEL,47.2921,37.6637,0.9389,2.0306,1,1.316,-0.0833,1.2326,HOLDING
2018-01-02,5,ES,XEL,47.2697,37.4288,0.9389,2.1592,1,1.5434,-0.0833,1.4601,HOLDING
2018-01-03,5,ES,XEL,46.8505,37.1783,0.9389,1.6567,1,1.4204,-0.0833,1.3371,HOLDING
2018-01-04,5,ES,XEL,46.1918,36.8886,0.9389,0.9447,1,1.1172,-0.0833,1.0339,HOLDING
2018-01-05,5,ES,XEL,46.2741,36.6303,0.9389,1.5032,1,0.0,1.3016,1.3016,PERIOD_END_EXIT
2017-07-10,6,ED,LNT,58.7399,30.2934,1.1702,0.0,0,0.0,0.0,0.0,HOLD_CASH
2017-07-11,6,ED,LNT,58.7691,30.3164,1.1702,0.0,0,0.0,0.0,0.0,HOLD_CASH
2017-07-12,6,ED,LNT,59.2808,30.5385,1.1702,0.0,0,0.0,0.0,0.0,HOLD_CASH
2017-07-13,6,ED,LNT,58.7107,30.4236,1.1702,0.0,0,0.0,0.0,0.0,HOLD_CASH
2017-07-14,6,ED,LNT,59.003,30.6074,1.1702,0.0,0,0.0,0.0,0.0,HOLD_CASH
2017-07-17,6,ED,LNT,59.2808,30.7299,1.1702,0.0,0,0.0,0.0,0.0,HOLD_CASH
2017-07-18,6,ED,LNT,59.3538,30.8448,1.1702,0.0,0,0.0,0.0,0.0,HOLD_CASH
2017-07-19,6,ED,LNT,59.7485,31.0132,1.1702,0.0,0,0.0,0.0,0.0,HOLD_CASH
2017-07-20,6,ED,LNT,60.2309,31.4038,1.1702,0.0,0,0.0,0.0,0.0,HOLD_CASH
2017-07-21,6,ED,LNT,60.6109,31.6871,1.1702,0.0,0,0.0,0.0,0.0,HOLD_CASH
2017-07-24,6,ED,LNT,60.0335,31.2736,1.1702,0.0,0,0.0,0.0,0.0,HOLD_CASH
2017-07-25,6,ED,LNT,59.5731,31.0515,1.1702,0.0,0,0.0,0.0,0.0,HOLD_CASH
2017-07-26,6,ED,LNT,60.0116,31.2966,1.1702,0.0,0,0.0,0.0,0.0,HOLD_CASH
2017-07-27,6,ED,LNT,60.1432,31.4316,1.1702,0.0,0,0.0,0.0,0.0,HOLD_CASH
2017-07-28,6,ED,LNT,60.209,31.231,1.1702,0.0,0,0.0,0.0,0.0,HOLD_CASH
2017-07-31,6,ED,LNT,60.5598,31.2773,1.1702,0.0,0,0.0,0.0,0.0,HOLD_CASH
2017-08-01,6,ED,LNT,60.472,31.5088,1.1702,0.0,0,0.0,0.0,0.0,HOLD_CASH
2017-08-02,6,ED,LNT,60.4428,31.6014,1.1702,0.0,0,0.0,0.0,0.0,HOLD_CASH
2017-08-03,6,ED,LNT,60.7498,31.7094,1.1702,0.0,0,0.0,0.0,0.0,HOLD_CASH
2017-08-04,6,ED,LNT,60.5159,31.7094,1.1702,-1.5339,0,0.0,0.0,0.0,HOLD_CASH
2017-08-07,6,ED,LNT,61.0275,31.8561,1.1702,-1.0392,0,0.0,0.0,0.0,HOLD_CASH
2017-08-08,6,ED,LNT,61.4368,32.0799,1.1702,-1.1734,0,0.0,0.0,0.0,HOLD_CASH
2017-08-09,6,ED,LNT,60.8521,32.0336,1.1702,-2.149,1,0.0,-0.0833,-0.0833,ENTER_LONG_A
2017-08-10,6,ED,LNT,61.1299,32.1262,1.1702,-1.7588,1,0.0454,-0.0833,-0.038,HOLDING
2017-08-11,6,ED,LNT,60.5671,31.9255,1.1702,-1.8001,1,-0.0283,-0.0833,-0.1117,HOLDING
2017-08-14,6,ED,LNT,60.8398,32.157,1.1702,-2.0452,1,-0.181,-0.0833,-0.2643,HOLDING
2017-08-15,6,ED,LNT,61.2083,32.3423,1.1702,-1.8499,1,-0.2083,-0.0833,-0.2916,HOLDING
2017-08-16,6,ED,LNT,61.4957,32.4734,1.1702,-1.6466,1,-0.2109,-0.0833,-0.2942,HOLDING
2017-08-17,6,ED,LNT,61.1862,32.2342,1.1702,-1.0858,1,-0.0707,-0.0833,-0.154,HOLDING
2017-08-18,6,ED,LNT,61.562,32.5969,1.1702,-1.674,1,-0.3423,-0.0833,-0.4256,HOLDING
2017-08-21,6,ED,LNT,61.7242,32.7204,1.1702,-1.6378,1,-0.4132,-0.0833,-0.4965,HOLDING
2017-08-22,6,ED,LNT,61.8568,32.9673,1.1702,-1.9783,1,-0.6758,-0.0833,-0.7591,HOLDING
2017-08-23,6,ED,LNT,62.1001,33.1911,1.1702,-1.9896,1,-0.8363,-0.0833,-0.9196,HOLDING
2017-08-24,6,ED,LNT,62.0779,33.0754,1.1702,-1.4726,1,-0.6879,-0.0833,-0.7712,HOLDING
2017-08-25,6,ED,LNT,62.2622,33.0831,1.1702,-1.148,1,-0.5824,-0.0833,-0.6657,HOLDING
2017-08-28,6,ED,LNT,62.3433,33.2452,1.1702,-1.4534,1,-0.7586,-0.0833,-0.8419,HOLDING
2017-08-29,6,ED,LNT,62.2179,33.2297,1.1702,-1.445,1,-0.816,-0.0833,-0.8993,HOLDING
2017-08-30,6,ED,LNT,61.9674,33.0059,1.1702,-0.9867,1,-0.6602,-0.0833,-0.7435,HOLDING
2017-08-31,6,ED,LNT,62.1074,32.9828,1.1702,-0.6173,1,-0.5394,-0.0833,-0.6227,HOLDING
2017-09-01,6,ED,LNT,61.9011,32.8516,1.1702,-0.4073,1,-0.4855,-0.0833,-0.5689,HOLDING
2017-09-05,6,ED,LNT,62.1811,33.114,1.1702,-0.8605,1,-0.6769,-0.0833,-0.7602,HOLDING
2017-09-06,6,ED,LNT,61.9453,32.8747,1.1702,-0.2104,1,-0.4901,-0.0833,-0.5734,HOLDING
2017-09-07,6,ED,LNT,62.4538,33.1448,1.1702,-0.327,1,-0.5481,-0.0833,-0.6314,HOLDING
2017-09-08,6,ED,LNT,63.036,33.33,1.1702,0.1849,1,-0.4405,-0.0833,-0.5238,HOLDING
2017-09-11,6,ED,LNT,63.4193,33.6464,1.1702,-0.5552,1,-0.6425,-0.0833,-0.7258,HOLDING
2017-09-12,6,ED,LNT,62.0632,32.9905,1.1702,-0.2231,1,-0.5781,-0.0833,-0.6614,HOLDING
2017-09-13,6,ED,LNT,61.7315,32.759,1.1702,0.4207,1,-0.4626,-0.0833,-0.5459,HOLDING
2017-09-14,6,ED,LNT,62.2843,33.1217,1.1702,-0.3163,1,-0.6226,-0.0833,-0.7059,HOLDING
2017-09-15,6,ED,LNT,62.2327,33.1062,1.1702,-0.2938,1,-0.6335,-0.0833,-0.7168,HOLDING
2017-09-18,6,ED,LNT,61.5915,32.7898,1.1702,0.0762,1,-0.5943,-0.0833,-0.6776,HOLDING
2017-09-19,6,ED,LNT,61.4736,32.8207,1.1702,-0.8603,1,-0.712,-0.0833,-0.7953,HOLDING
2017-09-20,6,ED,LNT,60.8766,32.5275,1.1702,-0.5883,1,-0.6773,-0.0833,-0.7607,HOLDING
2017-09-21,6,ED,LNT,60.7513,32.458,1.1702,-0.5619,1,-0.659,-0.0833,-0.7423,HOLDING
2017-09-22,6,ED,LNT,60.1322,32.2033,1.1702,-0.9467,1,-0.6924,-0.0833,-0.7758,HOLDING
2017-09-25,6,ED,LNT,60.6113,32.6046,1.1702,-2.6224,1,-0.953,-0.0833,-1.0363,HOLDING
2017-09-26,6,ED,LNT,60.3165,32.6046,1.1702,-2.9406,1,-1.139,-0.0833,-1.2224,HOLDING
2017-09-27,6,ED,LNT,59.4173,32.0876,1.1702,-1.8736,1,-0.9811,-0.0833,-1.0645,HOLDING
2017-09-28,6,ED,LNT,59.4837,32.1802,1.1702,-1.9747,1,-1.0692,-0.0833,-1.1525,HOLDING
2017-09-29,6,ED,LNT,59.4615,32.0799,1.1702,-1.2232,1,-0.9424,-0.0833,-1.0258,HOLDING
2017-10-02,6,ED,LNT,59.7785,32.103,1.1702,-0.3514,1,-0.7749,-0.0833,-0.8582,HOLDING
2017-10-03,6,ED,LNT,59.6237,31.9332,1.1702,0.3148,1,-0.6344,-0.0833,-0.7178,HOLDING
2017-10-04,6,ED,LNT,60.2723,32.3731,1.1702,-0.5754,1,-0.8422,-0.0833,-0.9255,HOLDING
2017-10-05,6,ED,LNT,60.2649,32.3345,1.1702,-0.2757,1,-0.7927,-0.0833,-0.8761,HOLDING
2017-10-06,6,ED,LNT,60.1101,32.35,1.1702,-0.8053,1,-0.912,-0.0833,-0.9954,HOLDING
2017-10-09,6,ED,LNT,60.0585,32.404,1.1702,-1.2408,1,-1.0204,-0.0833,-1.1037,HOLDING
2017-10-10,6,ED,LNT,60.7292,32.6741,1.1702,-0.871,1,-0.976,-0.0833,-1.0594,HOLDING
2017-10-11,6,ED,LNT,61.0535,32.921,1.1702,-1.4651,1,-1.1178,-0.0833,-1.2011,HOLDING
2017-10-12,6,ED,LNT,61.562,33.1911,1.1702,-1.5437,1,-1.1758,-0.0833,-1.2591,HOLDING
2017-10-13,6,ED,LNT,61.2304,33.222,1.1702,-2.3414,1,-1.4283,-0.0833,-1.5117,HOLDING
2017-10-16,6,ED,LNT,61.0608,33.276,1.1702,-2.5307,1,-1.6111,-0.0833,-1.6944,HOLDING
2017-10-17,6,ED,LNT,61.5841,33.5229,1.1702,-2.1164,1,-1.6273,-0.0833,-1.7106,HOLDING
2017-10-18,6,ED,LNT,61.7463,33.4767,1.1702,-1.3727,1,-1.46,-0.0833,-1.5434,HOLDING
2017-10-19,6,ED,LNT,62.5275,33.8394,1.1702,-1.2504,1,-1.4758,-0.0833,-1.5592,HOLDING
2017-10-20,6,ED,LNT,62.5423,33.8548,1.1702,-1.1743,1,-1.4882,-0.0833,-1.5715,HOLDING
2017-10-23,6,ED,LNT,62.7191,33.7776,1.1702,-0.3655,1,-1.2683,-0.0833,-1.3517,HOLDING
2017-10-24,6,ED,LNT,63.2056,33.5538,1.1702,1.5808,1,-0.6474,-0.0833,-0.7308,HOLDING
2017-10-25,6,ED,LNT,62.8886,33.3763,1.1702,1.5541,1,-0.5984,-0.0833,-0.6818,HOLDING
2017-10-26,6,ED,LNT,63.0139,33.4767,1.1702,1.2442,1,-0.6601,-0.0833,-0.7434,HOLDING
2017-10-27,6,ED,LNT,63.3235,33.7622,1.1702,0.6386,1,-0.8653,-0.0833,-0.9487,HOLDING
2017-10-30,6,ED,LNT,63.3087,33.564,1.1702,1.3254,1,-0.5966,-0.0833,-0.6799,HOLDING
2017-10-31,6,ED,LNT,63.4193,33.6262,1.1702,1.2605,1,-0.614,-0.0833,-0.6974,HOLDING
2017-11-01,6,ED,LNT,63.2351,33.4785,1.1702,1.3903,1,-0.5231,-0.0833,-0.6065,HOLDING
2017-11-02,6,ED,LNT,63.972,33.4707,1.1702,2.1905,1,-0.0472,-0.0833,-0.1305,HOLDING
2017-11-03,6,ED,LNT,64.1489,34.0692,1.1702,0.5382,1,-0.7751,-0.0833,-0.8585,HOLDING
2017-11-06,6,ED,LNT,63.6183,33.8827,1.1702,0.344,1,-0.8483,-0.0833,-0.9316,HOLDING
2017-11-07,6,ED,LNT,64.628,34.3335,1.1702,0.3488,1,-0.8435,-0.0833,-0.9269,HOLDING
2017-11-08,6,ED,LNT,64.7533,34.2558,1.1702,0.6964,1,-0.6555,-0.0833,-0.7388,HOLDING
2017-11-09,6,ED,LNT,64.6059,34.2791,1.1702,0.3792,1,-0.7812,-0.0833,-0.8645,HOLDING
2017-11-10,6,ED,LNT,64.2595,33.9526,1.1702,0.8088,1,-0.5418,-0.0833,-0.6251,HOLDING
2017-11-13,6,ED,LNT,65.0849,34.4345,1.1702,0.3951,1,-0.6969,-0.0833,-0.7803,HOLDING
2017-11-14,6,ED,LNT,66.0803,35.1186,1.1702,-0.503,1,-1.0284,-0.0833,-1.1117,HOLDING
2017-11-15,6,ED,LNT,65.382,34.7533,1.1702,-0.4388,1,-0.9565,-0.0833,-1.0398,HOLDING
2017-11-16,6,ED,LNT,64.8918,34.6911,1.1702,-1.2425,1,-1.1786,-0.0833,-1.262,HOLDING
2017-11-17,6,ED,LNT,64.2752,34.5123,1.1702,-1.8624,1,-1.3169,-0.0833,-1.4002,HOLDING
2017-11-20,6,ED,LNT,63.8816,34.4035,1.1702,-2.0916,1,-1.4127,-0.0833,-1.496,HOLDING
2017-11-21,6,ED,LNT,64.2381,34.318,1.1702,-0.8669,1,-1.0678,-0.0833,-1.1511,HOLDING
2017-11-22,6,ED,LNT,64.3718,34.349,1.1702,-0.6627,1,-1.027,-0.0833,-1.1103,HOLDING
2017-11-24,6,ED,LNT,64.5501,34.3724,1.1702,-0.3579,1,-0.9472,-0.0833,-1.0305,HOLDING
2017-11-27,6,ED,LNT,64.9958,34.6755,1.1702,-0.7622,1,-1.0912,-0.0833,-1.1745,HOLDING
2017-11-28,6,ED,LNT,65.3523,34.8077,1.1702,-0.563,1,-1.0516,-0.0833,-1.1349,HOLDING
2017-11-29,6,ED,LNT,65.6643,34.9009,1.1702,-0.295,1,-0.9856,-0.0833,-1.0689,HOLDING
2017-11-30,6,ED,LNT,66.1397,35.0642,1.1702,0.0019,1,-0.9145,-0.0833,-0.9979,HOLDING
2017-12-01,6,ED,LNT,65.9763,34.8465,1.1702,1.0563,1,-0.7124,-0.0833,-0.7957,HOLDING
2017-12-04,6,ED,LNT,65.7237,34.7377,1.1702,0.9964,1,-0.7191,-0.0833,-0.8024,HOLDING
2017-12-05,6,ED,LNT,65.382,34.4657,1.1702,1.5557,1,-0.5531,-0.0833,-0.6364,HOLDING
2017-12-06,6,ED,LNT,65.7163,34.6211,1.1702,1.3903,1,-0.5602,-0.0833,-0.6436,HOLDING
2017-12-07,6,ED,LNT,65.7312,34.6988,1.1702,0.9987,1,-0.6599,-0.0833,-0.7432,HOLDING
2017-12-08,6,ED,LNT,66.0506,34.932,1.1702,0.5086,1,-0.7854,-0.0833,-0.8688,HOLDING
2017-12-11,6,ED,LNT,66.6002,35.0408,1.1702,1.2965,1,-0.5912,-0.0833,-0.6745,HOLDING
2017-12-12,6,ED,LNT,65.434,34.2091,1.1702,2.4421,1,-0.1605,-0.0833,-0.2438,HOLDING
2017-12-13,6,ED,LNT,65.3523,34.4268,1.1702,1.1202,1,-0.5173,-0.0833,-0.6006,HOLDING
2017-12-14,6,ED,LNT,65.0626,34.1625,1.1702,1.5283,1,-0.3294,-0.0833,-0.4128,HOLDING
2017-12-15,6,ED,LNT,65.5455,34.5356,1.1702,0.7747,1,-0.5481,-0.0833,-0.6314,HOLDING
2017-12-18,6,ED,LNT,64.8621,33.8904,1.1702,1.9761,1,-0.0743,-0.0833,-0.1577,HOLDING
2017-12-19,6,ED,LNT,63.5547,33.2453,1.1702,2.0279,1,0.0057,-0.0833,-0.0777,HOLDING
2017-12-20,6,ED,LNT,63.0719,33.0432,1.1702,1.7253,1,-0.0155,-0.0833,-0.0988,HOLDING
2017-12-21,6,ED,LNT,62.9828,32.8955,1.1702,1.8757,1,0.1354,-0.0833,0.0521,HOLDING
2017-12-22,6,ED,LNT,62.953,33.0354,1.1702,1.1553,1,-0.0796,-0.0833,-0.1629,HOLDING
2017-12-26,6,ED,LNT,62.5445,32.7945,1.1702,1.2637,1,0.0006,-0.0833,-0.0827,HOLDING
2017-12-27,6,ED,LNT,62.8862,32.9732,1.1702,1.0704,1,-0.0345,-0.0833,-0.1179,HOLDING
2017-12-28,6,ED,LNT,63.2056,33.1598,1.1702,0.8135,1,-0.0947,-0.0833,-0.178,HOLDING
2017-12-29,6,ED,LNT,63.1016,33.1209,1.1702,0.7045,1,-0.1058,-0.0833,-0.1891,HOLDING
2018-01-02,6,ED,LNT,62.084,32.7323,1.1702,0.3086,1,-0.2028,-0.0833,-0.2861,HOLDING
2018-01-03,6,ED,LNT,61.4971,32.4447,1.1702,0.3507,1,-0.1696,-0.0833,-0.253,HOLDING
2018-01-04,6,ED,LNT,60.7766,32.0638,1.1702,0.5795,1,-0.09,-0.0833,-0.1734,HOLDING
2018-01-05,6,ED,LNT,60.7172,31.9316,1.1702,1.0549,1,0.0,-0.1086,-0.1086,PERIOD_END_EXIT
2017-07-10,7,PPL,XEL,25.7549,35.1397,1.0199,0.0,0,0.0,0.0,0.0,HOLD_CASH
2017-07-11,7,PPL,XEL,25.6327,35.1243,1.0199,0.0,0,0.0,0.0,0.0,HOLD_CASH
2017-07-12,7,PPL,XEL,25.6598,35.3942,1.0199,0.0,0,0.0,0.0,0.0,HOLD_CASH
2017-07-13,7,PPL,XEL,25.4155,35.2245,1.0199,0.0,0,0.0,0.0,0.0,HOLD_CASH
2017-07-14,7,PPL,XEL,25.3612,35.4174,1.0199,0.0,0,0.0,0.0,0.0,HOLD_CASH
2017-07-17,7,PPL,XEL,25.5716,35.5716,1.0199,0.0,0,0.0,0.0,0.0,HOLD_CASH
2017-07-18,7,PPL,XEL,25.5852,35.7876,1.0199,0.0,0,0.0,0.0,0.0,HOLD_CASH
2017-07-19,7,PPL,XEL,25.8771,35.9573,1.0199,0.0,0,0.0,0.0,0.0,HOLD_CASH
2017-07-20,7,PPL,XEL,25.9585,36.3506,1.0199,0.0,0,0.0,0.0,0.0,HOLD_CASH
2017-07-21,7,PPL,XEL,26.169,36.5743,1.0199,0.0,0,0.0,0.0,0.0,HOLD_CASH
2017-07-24,7,PPL,XEL,26.0671,36.1732,1.0199,0.0,0,0.0,0.0,0.0,HOLD_CASH
2017-07-25,7,PPL,XEL,25.7752,36.019,1.0199,0.0,0,0.0,0.0,0.0,HOLD_CASH
2017-07-26,7,PPL,XEL,25.8567,36.4586,1.0199,0.0,0,0.0,0.0,0.0,HOLD_CASH
2017-07-27,7,PPL,XEL,25.8771,36.7594,1.0199,0.0,0,0.0,0.0,0.0,HOLD_CASH
2017-07-28,7,PPL,XEL,25.9178,36.3738,1.0199,0.0,0,0.0,0.0,0.0,HOLD_CASH
2017-07-31,7,PPL,XEL,26.0196,36.4895,1.0199,0.0,0,0.0,0.0,0.0,HOLD_CASH
2017-08-01,7,PPL,XEL,26.2097,36.69,1.0199,0.0,0,0.0,0.0,0.0,HOLD_CASH
2017-08-02,7,PPL,XEL,26.4473,36.798,1.0199,0.0,0,0.0,0.0,0.0,HOLD_CASH
2017-08-03,7,PPL,XEL,26.5491,37.1065,1.0199,0.0,0,0.0,0.0,0.0,HOLD_CASH
2017-08-04,7,PPL,XEL,26.3319,36.9985,1.0199,-0.8486,0,0.0,0.0,0.0,HOLD_CASH
2017-08-07,7,PPL,XEL,26.359,37.1759,1.0199,-1.2285,0,0.0,0.0,0.0,HOLD_CASH
2017-08-08,7,PPL,XEL,26.359,37.361,1.0199,-1.7776,0,0.0,0.0,0.0,HOLD_CASH
2017-08-09,7,PPL,XEL,26.2029,37.2299,1.0199,-1.8944,0,0.0,0.0,0.0,HOLD_CASH
2017-08-10,7,PPL,XEL,26.3047,37.5153,1.0199,-2.0702,1,0.0,-0.0833,-0.0833,ENTER_LONG_A
2017-08-11,7,PPL,XEL,26.1282,37.1682,1.0199,-1.5233,1,0.1125,-0.0833,0.0291,HOLDING
2017-08-14,7,PPL,XEL,26.2504,37.3533,1.0199,-1.4072,1,0.0965,-0.0833,0.0132,HOLDING
2017-08-15,7,PPL,XEL,26.4201,37.5847,1.0199,-1.2465,1,0.1031,-0.0833,0.0198,HOLDING
2017-08-16,7,PPL,XEL,26.5084,37.7466,1.0199,-1.2435,1,0.0599,-0.0833,-0.0235,HOLDING
2017-08-17,7,PPL,XEL,26.3522,37.5384,1.0199,-1.1467,1,0.0486,-0.0833,-0.0348,HOLDING
2017-08-18,7,PPL,XEL,26.4201,37.7929,1.0199,-1.4431,1,-0.1304,-0.0833,-0.2138,HOLDING
2017-08-21,7,PPL,XEL,26.4337,37.9549,1.0199,-1.7032,1,-0.2908,-0.0833,-0.3741,HOLDING
2017-08-22,7,PPL,XEL,26.5016,37.8932,1.0199,-1.1324,1,-0.1151,-0.0833,-0.1985,HOLDING
2017-08-23,7,PPL,XEL,26.8274,38.0783,1.0199,-0.2886,1,0.1883,-0.0833,0.105,HOLDING
2017-08-24,7,PPL,XEL,26.8139,38.0629,1.0199,-0.2991,1,0.1843,-0.0833,0.101,HOLDING
2017-08-25,7,PPL,XEL,26.8749,38.0783,1.0199,-0.0346,1,0.2628,-0.0833,0.1795,HOLDING
2017-08-28,7,PPL,XEL,26.8342,38.2094,1.0199,-0.5393,1,0.0519,-0.0833,-0.0315,HOLDING
2017-08-29,7,PPL,XEL,26.7324,38.1786,1.0199,-0.8156,1,-0.0732,-0.0833,-0.1566,HOLDING
2017-08-30,7,PPL,XEL,26.5966,38.1631,1.0199,-1.4305,1,-0.2688,-0.0833,-0.3522,HOLDING
2017-08-31,7,PPL,XEL,26.6374,38.1786,1.0199,-1.2867,1,-0.2223,-0.0833,-0.3056,HOLDING
2017-09-01,7,PPL,XEL,26.5491,38.0706,1.0199,-1.3509,1,-0.2396,-0.0833,-0.3229,HOLDING
2017-09-05,7,PPL,XEL,26.5898,38.2943,1.0199,-2.0785,1,-0.4266,-0.0833,-0.5099,HOLDING
2017-09-06,7,PPL,XEL,26.5559,38.2248,1.0199,-1.7294,1,-0.402,-0.0833,-0.4853,HOLDING
2017-09-07,7,PPL,XEL,26.8542,38.4794,1.0199,-0.7548,1,-0.2195,-0.0833,-0.3029,HOLDING
2017-09-08,7,PPL,XEL,27.1216,38.7416,1.0199,-0.1201,1,-0.0942,-0.0833,-0.1776,HOLDING
2017-09-11,7,PPL,XEL,27.3137,38.9576,1.0199,0.2063,1,-0.0353,-0.0833,-0.1186,HOLDING
2017-09-12,7,PPL,XEL,26.7925,38.2017,1.0199,0.3897,1,-0.0049,-0.0833,-0.0883,HOLDING
2017-09-13,7,PPL,XEL,26.621,37.9163,1.0199,0.6759,1,0.0462,-0.0833,-0.0371,HOLDING
2017-09-14,7,PPL,XEL,26.8268,38.1494,1.0199,0.9671,1,0.1075,-0.0833,0.0241,HOLDING
2017-09-15,7,PPL,XEL,26.9571,38.1339,1.0199,1.8461,1,0.3293,-0.0833,0.2459,HOLDING
2017-09-18,7,PPL,XEL,26.8199,37.7765,1.0199,2.2064,1,0.515,-0.0833,0.4317,HOLDING
2017-09-19,7,PPL,XEL,26.8953,37.6366,1.0199,2.5503,1,0.7902,-0.0833,0.7069,HOLDING
2017-09-20,7,PPL,XEL,26.6348,37.3958,1.0199,1.8045,1,0.6516,-0.0833,0.5683,HOLDING
2017-09-21,7,PPL,XEL,26.6142,37.3025,1.0199,1.7752,1,0.724,-0.0833,0.6406,HOLDING
2017-09-22,7,PPL,XEL,26.381,36.8363,1.0199,1.9136,1,0.8812,-0.0833,0.7978,HOLDING
2017-09-25,7,PPL,XEL,26.4976,37.0616,1.0199,1.5496,1,0.8113,-0.0833,0.7279,HOLDING
2017-09-26,7,PPL,XEL,26.5662,37.0694,1.0199,1.5617,1,0.9101,-0.0833,0.8268,HOLDING
2017-09-27,7,PPL,XEL,26.0656,36.5489,1.0199,1.0419,1,0.7088,-0.0833,0.6255,HOLDING
2017-09-28,7,PPL,XEL,26.1822,36.8052,1.0199,0.7281,1,0.6041,-0.0833,0.5208,HOLDING
2017-09-29,7,PPL,XEL,26.0244,36.7664,1.0199,0.2268,1,0.4003,-0.0833,0.317,HOLDING
2017-10-02,7,PPL,XEL,25.8667,36.7975,1.0199,-0.4644,1,0.1181,-0.0833,0.0347,HOLDING
2017-10-03,7,PPL,XEL,25.6884,36.6576,1.0199,-0.8554,1,-0.0047,-0.0833,-0.088,HOLDING
2017-10-04,7,PPL,XEL,25.8187,37.116,1.0199,-1.6666,1,-0.3145,-0.0833,-0.3978,HOLDING
2017-10-05,7,PPL,XEL,25.5787,36.9684,1.0199,-2.0229,1,-0.5254,-0.0833,-0.6087,HOLDING
2017-10-06,7,PPL,XEL,25.5924,36.8208,1.0199,-1.4911,1,-0.3383,-0.0833,-0.4216,HOLDING
2017-10-09,7,PPL,XEL,25.6678,36.9684,1.0199,-1.4841,1,-0.3856,-0.0833,-0.4689,HOLDING
2017-10-10,7,PPL,XEL,25.9559,37.2481,1.0199,-1.1236,1,-0.2475,-0.0833,-0.3309,HOLDING
2017-10-11,7,PPL,XEL,26.0039,37.5123,1.0199,-1.45,1,-0.4686,-0.0833,-0.5519,HOLDING
2017-10-12,7,PPL,XEL,26.3125,37.8852,1.0199,-1.2115,1,-0.4029,-0.0833,-0.4862,HOLDING
2017-10-13,7,PPL,XEL,25.757,37.7687,1.0199,-2.1547,1,-1.1433,-0.0833,-1.2267,HOLDING
2017-10-16,7,PPL,XEL,25.6473,37.6755,1.0199,-1.9185,1,-1.2108,-0.0833,-1.2942,HOLDING
2017-10-17,7,PPL,XEL,25.7021,37.8542,1.0199,-1.7995,1,-1.3252,-0.0833,-1.4086,HOLDING
2017-10-18,7,PPL,XEL,25.7296,37.8619,1.0199,-1.5438,1,-1.2909,-0.0833,-1.3743,HOLDING
2017-10-19,7,PPL,XEL,25.9284,38.266,1.0199,-1.5214,1,-1.4322,-0.0833,-1.5155,HOLDING
2017-10-20,7,PPL,XEL,25.8873,38.2737,1.0199,-1.4597,1,-1.5054,-0.0833,-1.5888,HOLDING
2017-10-23,7,PPL,XEL,26.1479,38.2815,1.0199,-0.8609,1,-1.1054,-0.0833,-1.1888,HOLDING
2017-10-24,7,PPL,XEL,26.0039,38.4291,1.0199,-1.2844,1,-1.4969,-0.0833,-1.5802,HOLDING
2017-10-25,7,PPL,XEL,25.8461,38.367,1.0199,-1.4285,1,-1.6745,-0.0833,-1.7579,HOLDING
2017-10-26,7,PPL,XEL,25.8461,38.1106,1.0199,-0.9497,1,-1.3869,-0.0833,-1.4703,HOLDING
2017-10-27,7,PPL,XEL,25.8873,38.2349,1.0199,-0.9939,1,-1.4618,-0.0833,-1.5452,HOLDING
2017-10-30,7,PPL,XEL,25.709,38.297,1.0199,-1.474,1,-1.8112,-0.0833,-1.8945,HOLDING
2017-10-31,7,PPL,XEL,25.757,38.4757,1.0199,-1.5428,1,-1.9364,-0.0833,-2.0197,HOLDING
2017-11-01,7,PPL,XEL,25.3318,38.2504,1.0199,-2.0017,1,-2.3505,-0.0833,-2.4338,HOLDING
2017-11-02,7,PPL,XEL,25.3044,38.2737,1.0199,-1.8286,1,-2.4196,-0.0833,-2.503,HOLDING
2017-11-03,7,PPL,XEL,25.1947,38.5301,1.0199,-2.1538,1,-2.8793,-0.0833,-2.9626,HOLDING
2017-11-06,7,PPL,XEL,25.0369,38.3825,1.0199,-1.9819,1,-2.9611,-0.0833,-3.0444,HOLDING
2017-11-07,7,PPL,XEL,25.517,38.872,1.0199,-1.5097,1,-2.7572,-0.0833,-2.8406,HOLDING
2017-11-08,7,PPL,XEL,25.3181,39.0429,1.0199,-1.9445,1,-3.2609,-0.0833,-3.3442,HOLDING
2017-11-09,7,PPL,XEL,25.2084,39.2449,1.0199,-2.1593,1,-3.6595,-0.0833,-3.7429,HOLDING
2017-11-10,7,PPL,XEL,24.8861,39.0041,1.0199,-2.0897,1,-3.8949,-0.0833,-3.9782,HOLDING
2017-11-13,7,PPL,XEL,25.1192,39.4625,1.0199,-1.8902,1,-4.0433,-0.0833,-4.1267,HOLDING
2017-11-14,7,PPL,XEL,25.421,40.2472,1.0199,-1.9101,1,-4.4503,-0.0833,-4.5336,HOLDING
2017-11-15,7,PPL,XEL,25.0644,39.7655,1.0199,-1.7274,1,-4.4693,-0.0833,-4.5526,HOLDING
2017-11-16,7,PPL,XEL,24.8381,39.7655,1.0199,-1.788,1,-4.8242,-0.0833,-4.9075,HOLDING
2017-11-17,7,PPL,XEL,24.8655,39.5402,1.0199,-1.3814,1,-4.5284,-0.0833,-4.6118,HOLDING
2017-11-20,7,PPL,XEL,24.6255,39.3071,1.0199,-1.3699,1,-4.6434,-0.0833,-4.7268,HOLDING
2017-11-21,7,PPL,XEL,24.7009,39.3226,1.0199,-1.1615,1,-4.5426,-0.0833,-4.6259,HOLDING
2017-11-22,7,PPL,XEL,24.7284,39.2605,1.0199,-0.9695,1,-4.4298,-0.0833,-4.5132,HOLDING
2017-11-24,7,PPL,XEL,24.8998,39.4003,1.0199,-0.7772,1,-4.3178,-0.0833,-4.4011,HOLDING
2017-11-27,7,PPL,XEL,25.085,39.5169,1.0199,-0.5364,1,-4.1581,-0.0833,-4.2415,HOLDING
2017-11-28,7,PPL,XEL,25.0507,39.8199,1.0199,-0.8534,1,-4.5518,-0.0833,-4.6351,HOLDING
2017-11-29,7,PPL,XEL,25.1055,39.8277,1.0199,-0.6991,1,-4.4744,-0.0833,-4.5578,HOLDING
2017-11-30,7,PPL,XEL,25.1467,40.0996,1.0199,-0.9049,1,-4.7149,-0.0833,-4.7983,HOLDING
2017-12-01,7,PPL,XEL,24.8724,39.9054,1.0199,-1.1912,1,-4.9273,-0.0833,-5.0106,HOLDING
2017-12-04,7,PPL,XEL,24.6598,39.6878,1.0199,-1.2877,1,-5.0167,-0.0833,-5.1,HOLDING
2017-12-05,7,PPL,XEL,24.2003,39.4703,1.0199,-1.9541,1,-5.4933,-0.0833,-5.5766,HOLDING
2017-12-06,7,PPL,XEL,24.2826,39.6956,1.0199,-2.063,1,-5.617,-0.0833,-5.7003,HOLDING
2017-12-07,7,PPL,XEL,24.2861,39.5013,1.0199,-1.6145,1,-5.3936,-0.0833,-5.477,HOLDING
2017-12-08,7,PPL,XEL,23.9255,39.7811,1.0199,-2.663,1,-6.273,-0.0833,-6.3563,HOLDING
2017-12-11,7,PPL,XEL,24.0087,39.9675,1.0199,-2.2691,1,-6.3516,-0.0833,-6.4349,HOLDING
2017-12-12,7,PPL,XEL,23.6065,39.2683,1.0199,-1.8981,1,-6.1981,-0.0833,-6.2815,HOLDING
2017-12-13,7,PPL,XEL,23.4886,39.4936,1.0199,-2.0813,1,-6.6357,-0.0833,-6.7191,HOLDING
2017-12-14,7,PPL,XEL,23.44,39.1517,1.0199,-1.5334,1,-6.3284,-0.0833,-6.4118,HOLDING
2017-12-15,7,PPL,XEL,23.5579,39.4547,1.0199,-1.4737,1,-6.4834,-0.0833,-6.5667,HOLDING
2017-12-18,7,PPL,XEL,23.5579,38.9186,1.0199,-0.7667,1,-5.8821,-0.0833,-5.9654,HOLDING
2017-12-19,7,PPL,XEL,22.483,38.3281,1.0199,-1.8483,1,-6.9057,-0.0833,-6.989,HOLDING
2017-12-20,7,PPL,XEL,21.9074,37.6755,1.0199,-1.8758,1,-7.0764,-0.0833,-7.1598,HOLDING
2017-12-21,7,PPL,XEL,21.63,37.5978,1.0199,-1.9441,1,-7.4244,-0.0833,-7.5077,HOLDING
2017-12-22,7,PPL,XEL,21.5884,37.489,1.0199,-1.6856,1,-7.3676,-0.0833,-7.4509,HOLDING
2017-12-26,7,PPL,XEL,21.3318,37.1627,1.0199,-1.6123,1,-7.404,-0.0833,-7.4874,HOLDING
2017-12-27,7,PPL,XEL,21.3804,37.421,1.0199,-1.5873,1,-7.6176,-0.0833,-7.701,HOLDING
2017-12-28,7,PPL,XEL,21.4358,37.6402,1.0199,-1.5436,1,-7.7765,-0.0833,-7.8598,HOLDING
2017-12-29,7,PPL,XEL,21.4636,37.6637,1.0199,-1.394,1,-7.7593,-0.0833,-7.8427,HOLDING
2018-01-02,7,PPL,XEL,21.2209,37.4288,1.0199,-1.4291,1,-7.8766,-0.0833,-7.9599,HOLDING
2018-01-03,7,PPL,XEL,21.2694,37.1783,1.0199,-1.0297,1,-7.5195,-0.0833,-7.6028,HOLDING
2018-01-04,7,PPL,XEL,21.3249,36.8886,1.0199,-0.5681,1,-7.1076,-0.0833,-7.1909,HOLDING
2018-01-05,7,PPL,XEL,21.4636,36.6303,1.0199,0.0399,1,0.0,-6.7584,-6.7584,PERIOD_END_EXIT
2017-07-10,8,ATO,ES,67.7433,44.1792,0.9185,0.0,0,0.0,0.0,0.0,HOLD_CASH
2017-07-11,8,ATO,ES,66.9714,44.1129,0.9185,0.0,0,0.0,0.0,0.0,HOLD_CASH
2017-07-12,8,ATO,ES,68.0521,44.2604,0.9185,0.0,0,0.0,0.0,0.0,HOLD_CASH
2017-07-13,8,ATO,ES,67.6296,44.1719,0.9185,0.0,0,0.0,0.0,0.0,HOLD_CASH
2017-07-14,8,ATO,ES,68.0846,44.4078,0.9185,0.0,0,0.0,0.0,0.0,HOLD_CASH
2017-07-17,8,ATO,ES,68.2552,44.4816,0.9185,0.0,0,0.0,0.0,0.0,HOLD_CASH
2017-07-18,8,ATO,ES,68.3203,44.5701,0.9185,0.0,0,0.0,0.0,0.0,HOLD_CASH
2017-07-19,8,ATO,ES,68.7346,44.7397,0.9185,0.0,0,0.0,0.0,0.0,HOLD_CASH
2017-07-20,8,ATO,ES,69.4985,45.1379,0.9185,0.0,0,0.0,0.0,0.0,HOLD_CASH
2017-07-21,8,ATO,ES,70.0591,45.3813,0.9185,0.0,0,0.0,0.0,0.0,HOLD_CASH
2017-07-24,8,ATO,ES,69.8398,44.7913,0.9185,0.0,0,0.0,0.0,0.0,HOLD_CASH
2017-07-25,8,ATO,ES,70.6117,44.5996,0.9185,0.0,0,0.0,0.0,0.0,HOLD_CASH
2017-07-26,8,ATO,ES,70.506,44.9388,0.9185,0.0,0,0.0,0.0,0.0,HOLD_CASH
2017-07-27,8,ATO,ES,70.7092,44.7692,0.9185,0.0,0,0.0,0.0,0.0,HOLD_CASH
2017-07-28,8,ATO,ES,70.3435,44.6364,0.9185,0.0,0,0.0,0.0,0.0,HOLD_CASH
2017-07-31,8,ATO,ES,70.4979,44.8282,0.9185,0.0,0,0.0,0.0,0.0,HOLD_CASH
2017-08-01,8,ATO,ES,71.0017,44.9019,0.9185,0.0,0,0.0,0.0,0.0,HOLD_CASH
2017-08-02,8,ATO,ES,72.0662,45.0273,0.9185,0.0,0,0.0,0.0,0.0,HOLD_CASH
2017-08-03,8,ATO,ES,71.0261,45.632,0.9185,0.0,0,0.0,0.0,0.0,HOLD_CASH
2017-08-04,8,ATO,ES,70.8473,45.4107,0.9185,0.353,0,0.0,0.0,0.0,HOLD_CASH
2017-08-07,8,ATO,ES,70.5954,45.7574,0.9185,-0.3868,0,0.0,0.0,0.0,HOLD_CASH
2017-08-08,8,ATO,ES,71.1723,45.9491,0.9185,-0.1894,0,0.0,0.0,0.0,HOLD_CASH
2017-08-09,8,ATO,ES,71.0423,45.5214,0.9185,0.2532,0,0.0,0.0,0.0,HOLD_CASH
2017-08-10,8,ATO,ES,71.2374,45.8827,0.9185,-0.1629,0,0.0,0.0,0.0,HOLD_CASH
2017-08-11,8,ATO,ES,70.8229,45.6172,0.9185,-0.2769,0,0.0,0.0,0.0,HOLD_CASH
2017-08-14,8,ATO,ES,71.2942,45.8458,0.9185,-0.1819,0,0.0,0.0,0.0,HOLD_CASH
2017-08-15,8,ATO,ES,71.3267,46.1408,0.9185,-0.7714,0,0.0,0.0,0.0,HOLD_CASH
2017-08-16,8,ATO,ES,71.8305,46.3104,0.9185,-0.5127,0,0.0,0.0,0.0,HOLD_CASH
2017-08-17,8,ATO,ES,71.4303,46.0597,0.9185,-0.6543,0,0.0,0.0,0.0,HOLD_CASH
2017-08-18,8,ATO,ES,71.1526,46.5021,0.9185,-1.8772,0,0.0,0.0,0.0,HOLD_CASH
2017-08-21,8,ATO,ES,71.5365,46.4358,0.9185,-1.1082,0,0.0,0.0,0.0,HOLD_CASH
2017-08-22,8,ATO,ES,72.0184,46.3915,0.9185,-0.2883,0,0.0,0.0,0.0,HOLD_CASH
2017-08-23,8,ATO,ES,72.1,46.5611,0.9185,-0.466,0,0.0,0.0,0.0,HOLD_CASH
2017-08-24,8,ATO,ES,72.2062,46.4358,0.9185,0.0092,0,0.0,0.0,0.0,HOLD_CASH
2017-08-25,8,ATO,ES,72.2552,46.5169,0.9185,-0.0321,0,0.0,0.0,0.0,HOLD_CASH
2017-08-28,8,ATO,ES,72.4349,46.657,0.9185,-0.0096,0,0.0,0.0,0.0,HOLD_CASH
2017-08-29,8,ATO,ES,72.0266,46.6717,0.9185,-0.6248,0,0.0,0.0,0.0,HOLD_CASH
2017-08-30,8,ATO,ES,71.855,46.6349,0.9185,-1.1043,0,0.0,0.0,0.0,HOLD_CASH
2017-08-31,8,ATO,ES,71.904,46.4579,0.9185,-0.1119,0,0.0,0.0,0.0,HOLD_CASH
2017-09-01,8,ATO,ES,72.002,46.1408,0.9185,1.5943,0,0.0,0.0,0.0,HOLD_CASH
2017-09-05,8,ATO,ES,71.8877,46.421,0.9185,-0.0708,0,0.0,0.0,0.0,HOLD_CASH
2017-09-06,8,ATO,ES,70.8341,46.1703,0.9185,-1.9867,0,0.0,0.0,0.0,HOLD_CASH
2017-09-07,8,ATO,ES,71.3814,46.6054,0.9185,-1.8849,0,0.0,0.0,0.0,HOLD_CASH
2017-09-08,8,ATO,ES,71.2343,46.8192,0.9185,-2.4186,1,0.0,-0.0833,-0.0833,ENTER_LONG_A
2017-09-11,8,ATO,ES,71.8795,47.2764,0.9185,-2.0052,1,0.0038,-0.0833,-0.0795,HOLDING
2017-09-12,8,ATO,ES,70.8423,46.1924,0.9185,-0.9405,1,0.2951,-0.0833,0.2117,HOLDING
2017-09-13,8,ATO,ES,70.1562,45.9933,0.9185,-1.5493,1,0.0464,-0.0833,-0.0369,HOLDING
2017-09-14,8,ATO,ES,71.0138,46.4948,0.9185,-1.1347,1,0.142,-0.0833,0.0587,HOLDING
2017-09-15,8,ATO,ES,71.1608,46.3546,0.9185,-0.4499,1,0.3511,-0.0833,0.2677,HOLDING
2017-09-18,8,ATO,ES,70.6463,45.8382,0.9185,-0.0948,1,0.4774,-0.0833,0.394,HOLDING
2017-09-19,8,ATO,ES,70.1807,45.8977,0.9185,-1.0462,1,0.1429,-0.0833,0.0595,HOLDING
2017-09-20,8,ATO,ES,69.4865,45.6822,0.9185,-1.5643,1,-0.0968,-0.0833,-0.1802,HOLDING
2017-09-21,8,ATO,ES,69.0537,45.6525,0.9185,-1.9195,1,-0.3355,-0.0833,-0.4188,HOLDING
2017-09-22,8,ATO,ES,68.5146,45.1101,0.9185,-1.4122,1,-0.2019,-0.0833,-0.2853,HOLDING
2017-09-25,8,ATO,ES,69.4212,45.6748,0.9185,-1.1121,1,-0.1304,-0.0833,-0.2137,HOLDING
2017-09-26,8,ATO,ES,69.7479,45.5782,0.9185,-0.2759,1,0.1512,-0.0833,0.0678,HOLDING
2017-09-27,8,ATO,ES,68.6861,44.902,0.9185,-0.4092,1,0.0799,-0.0833,-0.0034,HOLDING
2017-09-28,8,ATO,ES,68.8495,45.006,0.9185,-0.3209,1,0.0909,-0.0833,0.0076,HOLDING
2017-09-29,8,ATO,ES,68.4738,44.9094,0.9185,-0.6899,1,-0.0559,-0.0833,-0.1392,HOLDING
2017-10-02,8,ATO,ES,69.1517,44.8648,0.9185,1.0822,1,0.3955,-0.0833,0.3122,HOLDING
2017-10-03,8,ATO,ES,68.9393,44.7385,0.9185,1.2274,1,0.3736,-0.0833,0.2903,HOLDING
2017-10-04,8,ATO,ES,69.1517,45.1695,0.9185,0.1493,1,0.1359,-0.0833,0.0525,HOLDING
2017-10-05,8,ATO,ES,69.2578,45.0506,0.9185,0.9207,1,0.3019,-0.0833,0.2186,HOLDING
2017-10-06,8,ATO,ES,69.609,44.8648,0.9185,2.1745,1,0.6744,-0.0833,0.591,HOLDING
2017-10-09,8,ATO,ES,69.7152,44.8203,0.9185,2.126,1,0.7771,-0.0833,0.6938,HOLDING
2017-10-10,8,ATO,ES,70.1481,45.0729,0.9185,1.9491,1,0.8258,-0.0833,0.7424,HOLDING
2017-10-11,8,ATO,ES,70.4013,45.5484,0.9185,1.0366,1,0.5749,-0.0833,0.4916,HOLDING
2017-10-12,8,ATO,ES,70.8831,45.8234,0.9185,1.0947,1,0.6345,-0.0833,0.5511,HOLDING
2017-10-13,8,ATO,ES,70.4748,45.8085,0.9185,0.3944,1,0.3981,-0.0833,0.3148,HOLDING
2017-10-16,8,ATO,ES,70.4421,45.4741,0.9185,1.1263,1,0.6631,-0.0833,0.5798,HOLDING
2017-10-17,8,ATO,ES,70.4176,45.8754,0.9185,0.0702,1,0.3063,-0.0833,0.223,HOLDING
2017-10-18,8,ATO,ES,70.5891,45.6525,0.9185,0.8323,1,0.6008,-0.0833,0.5175,HOLDING
2017-10-19,8,ATO,ES,71.1199,46.1132,0.9185,0.5439,1,0.5319,-0.0833,0.4486,HOLDING
2017-10-20,8,ATO,ES,70.9484,46.1652,0.9185,-0.0335,1,0.383,-0.0833,0.2997,HOLDING
2017-10-23,8,ATO,ES,70.7116,46.3435,0.9185,-1.21,1,0.0867,-0.0833,0.0033,HOLDING
2017-10-24,8,ATO,ES,70.4911,46.3807,0.9185,-1.6939,1,-0.0795,-0.0833,-0.1628,HOLDING
2017-10-25,8,ATO,ES,70.2706,46.3138,0.9185,-1.8085,1,-0.157,-0.0833,-0.2403,HOLDING
2017-10-26,8,ATO,ES,70.5319,46.2469,0.9185,-1.0647,1,0.0594,-0.0833,-0.0239,HOLDING
2017-10-27,8,ATO,ES,71.2915,46.6556,0.9185,-0.7575,1,0.1743,-0.0833,0.091,HOLDING
2017-10-30,8,ATO,ES,71.0056,46.4327,0.9185,-0.6538,1,0.19,-0.0833,0.1066,HOLDING
2017-10-31,8,ATO,ES,71.2506,46.5441,0.9185,-0.4412,1,0.2444,-0.0833,0.161,HOLDING
2017-11-01,8,ATO,ES,71.0301,46.5739,0.9185,-0.969,1,0.0846,-0.0833,0.0013,HOLDING
2017-11-02,8,ATO,ES,70.6626,46.9825,0.9185,-2.3245,1,-0.4878,-0.0833,-0.5711,HOLDING
2017-11-03,8,ATO,ES,71.5365,47.2129,0.9185,-1.2285,1,-0.1512,-0.0833,-0.2345,HOLDING
2017-11-06,8,ATO,ES,71.7407,47.3317,0.9185,-1.0629,1,-0.128,-0.0833,-0.2113,HOLDING
2017-11-07,8,ATO,ES,72.3369,47.941,0.9185,-1.3847,1,-0.2836,-0.0833,-0.367,HOLDING
2017-11-08,8,ATO,ES,72.8841,48.0228,0.9185,-0.537,1,-0.0196,-0.0833,-0.1029,HOLDING
2017-11-09,8,ATO,ES,73.3333,48.0599,0.9185,0.2749,1,0.2226,-0.0833,0.1393,HOLDING
2017-11-10,8,ATO,ES,72.8187,47.6067,0.9185,0.5396,1,0.2951,-0.0833,0.2118,HOLDING
2017-11-13,8,ATO,ES,73.1291,48.1194,0.9185,-0.1843,1,0.0475,-0.0833,-0.0358,HOLDING
2017-11-14,8,ATO,ES,73.9458,48.8996,0.9185,-0.6987,1,-0.1194,-0.0833,-0.2027,HOLDING
2017-11-15,8,ATO,ES,73.1536,48.2977,0.9185,-0.5295,1,-0.0895,-0.0833,-0.1729,HOLDING
2017-11-16,8,ATO,ES,73.4639,48.216,0.9185,0.6761,1,0.1694,-0.0833,0.086,HOLDING
2017-11-17,8,ATO,ES,72.9576,47.7107,0.9185,1.3158,1,0.2911,-0.0833,0.2078,HOLDING
2017-11-20,8,ATO,ES,72.7779,47.4358,0.9185,1.6953,1,0.4159,-0.0833,0.3325,HOLDING
2017-11-21,8,ATO,ES,73.0311,47.5026,0.9185,1.8136,1,0.5133,-0.0833,0.4299,HOLDING
2017-11-22,8,ATO,ES,72.7697,47.4135,0.9185,1.3247,1,0.4299,-0.0833,0.3465,HOLDING
2017-11-24,8,ATO,ES,72.8559,47.7999,0.9185,0.2166,1,0.1532,-0.0833,0.0699,HOLDING
2017-11-27,8,ATO,ES,73.4965,47.8667,0.9185,1.3786,1,0.4868,-0.0833,0.4035,HOLDING
2017-11-28,8,ATO,ES,74.1288,47.9708,0.9185,2.0624,1,0.7837,-0.0833,0.7004,HOLDING
2017-11-29,8,ATO,ES,74.3259,48.0079,0.9185,1.989,1,0.8722,-0.0833,0.7889,HOLDING
2017-11-30,8,ATO,ES,75.7876,48.1862,0.9185,2.8478,1,1.6116,-0.0833,1.5282,HOLDING
2017-12-01,8,ATO,ES,75.7466,48.6172,0.9185,1.7975,1,1.2193,-0.0833,1.136,HOLDING
2017-12-04,8,ATO,ES,75.3031,48.6544,0.9185,1.0719,1,0.9173,-0.0833,0.8339,HOLDING
2017-12-05,8,ATO,ES,75.0978,48.2085,0.9185,1.4301,1,1.172,-0.0833,1.0886,HOLDING
2017-12-06,8,ATO,ES,75.0814,48.3794,0.9185,1.0224,1,1.0163,-0.0833,0.933,HOLDING
2017-12-07,8,ATO,ES,75.1881,48.2308,0.9185,1.2784,1,1.208,-0.0833,1.1247,HOLDING
2017-12-08,8,ATO,ES,75.3852,48.4612,0.9185,1.009,1,1.1319,-0.0833,1.0486,HOLDING
2017-12-11,8,ATO,ES,75.4756,48.8178,0.9185,0.4482,1,0.8831,-0.0833,0.7998,HOLDING
2017-12-12,8,ATO,ES,73.3158,47.7107,0.9185,-0.3452,1,0.5096,-0.0833,0.4263,HOLDING
2017-12-13,8,ATO,ES,73.8742,48.3572,0.9185,-0.9019,1,0.2992,-0.0833,0.2159,HOLDING
2017-12-14,8,ATO,ES,73.4308,48.1342,0.9185,-1.1838,1,0.2188,-0.0833,0.1354,HOLDING
2017-12-15,8,ATO,ES,73.3897,48.37,0.9185,-1.6527,1,-0.0072,-0.0833,-0.0905,HOLDING
2017-12-18,8,ATO,ES,72.8477,47.8386,0.9185,-1.3136,1,0.1152,-0.0833,0.0319,HOLDING
2017-12-19,8,ATO,ES,71.5996,46.8505,0.9185,-1.0721,1,0.1961,-0.0833,0.1127,HOLDING
2017-12-20,8,ATO,ES,71.074,46.5735,0.9185,-1.1755,1,0.1116,-0.0833,0.0283,HOLDING
2017-12-21,8,ATO,ES,69.6862,46.3939,0.9185,-2.24,1,-0.5816,-0.0833,-0.6649,HOLDING
2017-12-22,8,ATO,ES,69.8751,46.6858,0.9185,-2.1267,1,-0.7152,-0.0833,-0.7985,HOLDING
2017-12-26,8,ATO,ES,69.4727,46.3789,0.9185,-1.8153,1,-0.699,-0.0833,-0.7823,HOLDING
2017-12-27,8,ATO,ES,69.7929,46.8056,0.9185,-1.7731,1,-0.8673,-0.0833,-0.9506,HOLDING
2017-12-28,8,ATO,ES,70.2856,47.12,0.9185,-1.5138,1,-0.8347,-0.0833,-0.9181,HOLDING
2017-12-29,8,ATO,ES,70.532,47.2921,0.9185,-1.3778,1,-0.8312,-0.0833,-0.9146,HOLDING
2018-01-02,8,ATO,ES,69.834,47.2697,0.9185,-1.6983,1,-1.2377,-0.0833,-1.3211,HOLDING
2018-01-03,8,ATO,ES,69.2591,46.8505,0.9185,-1.5087,1,-1.231,-0.0833,-1.3144,HOLDING
2018-01-04,8,ATO,ES,68.9635,46.1918,0.9185,-0.9502,1,-0.85,-0.0833,-0.9333,HOLDING
2018-01-05,8,ATO,ES,68.3148,46.2741,0.9185,-1.413,1,0.0,-1.4802,-1.4802,PERIOD_END_EXIT
2017-07-10,9,ATO,XEL,67.7433,35.1397,0.8752,0.0,0,0.0,0.0,0.0,HOLD_CASH
2017-07-11,9,ATO,XEL,66.9714,35.1243,0.8752,0.0,0,0.0,0.0,0.0,HOLD_CASH
2017-07-12,9,ATO,XEL,68.0521,35.3942,0.8752,0.0,0,0.0,0.0,0.0,HOLD_CASH
2017-07-13,9,ATO,XEL,67.6296,35.2245,0.8752,0.0,0,0.0,0.0,0.0,HOLD_CASH
2017-07-14,9,ATO,XEL,68.0846,35.4174,0.8752,0.0,0,0.0,0.0,0.0,HOLD_CASH
2017-07-17,9,ATO,XEL,68.2552,35.5716,0.8752,0.0,0,0.0,0.0,0.0,HOLD_CASH
2017-07-18,9,ATO,XEL,68.3203,35.7876,0.8752,0.0,0,0.0,0.0,0.0,HOLD_CASH
2017-07-19,9,ATO,XEL,68.7346,35.9573,0.8752,0.0,0,0.0,0.0,0.0,HOLD_CASH
2017-07-20,9,ATO,XEL,69.4985,36.3506,0.8752,0.0,0,0.0,0.0,0.0,HOLD_CASH
2017-07-21,9,ATO,XEL,70.0591,36.5743,0.8752,0.0,0,0.0,0.0,0.0,HOLD_CASH
2017-07-24,9,ATO,XEL,69.8398,36.1732,0.8752,0.0,0,0.0,0.0,0.0,HOLD_CASH
2017-07-25,9,ATO,XEL,70.6117,36.019,0.8752,0.0,0,0.0,0.0,0.0,HOLD_CASH
2017-07-26,9,ATO,XEL,70.506,36.4586,0.8752,0.0,0,0.0,0.0,0.0,HOLD_CASH
2017-07-27,9,ATO,XEL,70.7092,36.7594,0.8752,0.0,0,0.0,0.0,0.0,HOLD_CASH
2017-07-28,9,ATO,XEL,70.3435,36.3738,0.8752,0.0,0,0.0,0.0,0.0,HOLD_CASH
2017-07-31,9,ATO,XEL,70.4979,36.4895,0.8752,0.0,0,0.0,0.0,0.0,HOLD_CASH
2017-08-01,9,ATO,XEL,71.0017,36.69,0.8752,0.0,0,0.0,0.0,0.0,HOLD_CASH
2017-08-02,9,ATO,XEL,72.0662,36.798,0.8752,0.0,0,0.0,0.0,0.0,HOLD_CASH
2017-08-03,9,ATO,XEL,71.0261,37.1065,0.8752,0.0,0,0.0,0.0,0.0,HOLD_CASH
2017-08-04,9,ATO,XEL,70.8473,36.9985,0.8752,-0.2785,0,0.0,0.0,0.0,HOLD_CASH
2017-08-07,9,ATO,XEL,70.5954,37.1759,0.8752,-1.1205,0,0.0,0.0,0.0,HOLD_CASH
2017-08-08,9,ATO,XEL,71.1723,37.361,0.8752,-0.7556,0,0.0,0.0,0.0,HOLD_CASH
2017-08-09,9,ATO,XEL,71.0423,37.2299,0.8752,-0.5937,0,0.0,0.0,0.0,HOLD_CASH
2017-08-10,9,ATO,XEL,71.2374,37.5153,0.8752,-1.0337,0,0.0,0.0,0.0,HOLD_CASH
2017-08-11,9,ATO,XEL,70.8229,37.1682,0.8752,-0.7358,0,0.0,0.0,0.0,HOLD_CASH
2017-08-14,9,ATO,XEL,71.2942,37.3533,0.8752,-0.4726,0,0.0,0.0,0.0,HOLD_CASH
2017-08-15,9,ATO,XEL,71.3267,37.5847,0.8752,-1.0594,0,0.0,0.0,0.0,HOLD_CASH
2017-08-16,9,ATO,XEL,71.8305,37.7466,0.8752,-0.6865,0,0.0,0.0,0.0,HOLD_CASH
2017-08-17,9,ATO,XEL,71.4303,37.5384,0.8752,-0.7684,0,0.0,0.0,0.0,HOLD_CASH
2017-08-18,9,ATO,XEL,71.1526,37.7929,0.8752,-1.7051,0,0.0,0.0,0.0,HOLD_CASH
2017-08-21,9,ATO,XEL,71.5365,37.9549,0.8752,-1.3601,0,0.0,0.0,0.0,HOLD_CASH
2017-08-22,9,ATO,XEL,72.0184,37.8932,0.8752,-0.4381,0,0.0,0.0,0.0,HOLD_CASH
2017-08-23,9,ATO,XEL,72.1,38.0783,0.8752,-0.7271,0,0.0,0.0,0.0,HOLD_CASH
2017-08-24,9,ATO,XEL,72.2062,38.0629,0.8752,-0.4531,0,0.0,0.0,0.0,HOLD_CASH
2017-08-25,9,ATO,XEL,72.2552,38.0783,0.8752,-0.3466,0,0.0,0.0,0.0,HOLD_CASH
2017-08-28,9,ATO,XEL,72.4349,38.2094,0.8752,-0.3436,0,0.0,0.0,0.0,HOLD_CASH
2017-08-29,9,ATO,XEL,72.0266,38.1786,0.8752,-0.9109,0,0.0,0.0,0.0,HOLD_CASH
2017-08-30,9,ATO,XEL,71.855,38.1631,0.8752,-1.6988,0,0.0,0.0,0.0,HOLD_CASH
2017-08-31,9,ATO,XEL,71.904,38.1786,0.8752,-1.4678,0,0.0,0.0,0.0,HOLD_CASH
2017-09-01,9,ATO,XEL,72.002,38.0706,0.8752,-0.4331,0,0.0,0.0,0.0,HOLD_CASH
2017-09-05,9,ATO,XEL,71.8877,38.2943,0.8752,-1.916,0,0.0,0.0,0.0,HOLD_CASH
2017-09-06,9,ATO,XEL,70.8341,38.2248,0.8752,-3.2127,1,0.0,-0.0833,-0.0833,ENTER_LONG_A
2017-09-07,9,ATO,XEL,71.3814,38.4794,0.8752,-2.332,1,0.0844,-0.0833,0.001,HOLDING
2017-09-08,9,ATO,XEL,71.2343,38.7416,0.8752,-2.5913,1,-0.2747,-0.0833,-0.358,HOLDING
2017-09-11,9,ATO,XEL,71.8795,38.9576,0.8752,-1.8243,1,-0.0897,-0.0833,-0.173,HOLDING
2017-09-12,9,ATO,XEL,70.8423,38.2017,0.8752,-1.3936,1,0.0287,-0.0833,-0.0547,HOLDING
2017-09-13,9,ATO,XEL,70.1562,37.9163,0.8752,-1.5064,1,-0.1114,-0.0833,-0.1947,HOLDING
2017-09-14,9,ATO,XEL,71.0138,38.1494,0.8752,-0.7805,1,0.1895,-0.0833,0.1061,HOLDING
2017-09-15,9,ATO,XEL,71.1608,38.1339,0.8752,-0.4776,1,0.2975,-0.0833,0.2142,HOLDING
2017-09-18,9,ATO,XEL,70.6463,37.7765,0.8752,-0.3462,1,0.3384,-0.0833,0.255,HOLDING
2017-09-19,9,ATO,XEL,70.1807,37.6366,0.8752,-0.6186,1,0.1886,-0.0833,0.1053,HOLDING
2017-09-20,9,ATO,XEL,69.4865,37.3958,0.8752,-0.9509,1,-0.0019,-0.0833,-0.0852,HOLDING
2017-09-21,9,ATO,XEL,69.0537,37.3025,0.8752,-1.2313,1,-0.1785,-0.0833,-0.2619,HOLDING
2017-09-22,9,ATO,XEL,68.5146,36.8363,0.8752,-0.8285,1,-0.0424,-0.0833,-0.1257,HOLDING
2017-09-25,9,ATO,XEL,69.4212,37.0616,0.8752,0.0921,1,0.2971,-0.0833,0.2138,HOLDING
2017-09-26,9,ATO,XEL,69.7479,37.0694,0.8752,0.7504,1,0.4942,-0.0833,0.4108,HOLDING
2017-09-27,9,ATO,XEL,68.6861,36.5489,0.8752,0.461,1,0.3577,-0.0833,0.2744,HOLDING
2017-09-28,9,ATO,XEL,68.8495,36.8052,0.8752,0.0266,1,0.1993,-0.0833,0.116,HOLDING
2017-09-29,9,ATO,XEL,68.4738,36.7664,0.8752,-0.5599,1,0.0031,-0.0833,-0.0802,HOLDING
2017-10-02,9,ATO,XEL,69.1517,36.7975,0.8752,1.1435,1,0.3968,-0.0833,0.3135,HOLDING
2017-10-03,9,ATO,XEL,68.9393,36.6576,0.8752,1.3015,1,0.4059,-0.0833,0.3226,HOLDING
2017-10-04,9,ATO,XEL,69.1517,37.116,0.8752,-0.2768,1,0.0727,-0.0833,-0.0106,HOLDING
2017-10-05,9,ATO,XEL,69.2578,36.9684,0.8752,0.6781,1,0.2895,-0.0833,0.2062,HOLDING
2017-10-06,9,ATO,XEL,69.609,36.8208,0.8752,2.1034,1,0.66,-0.0833,0.5767,HOLDING
2017-10-09,9,ATO,XEL,69.7152,36.9684,0.8752,1.5336,1,0.5764,-0.0833,0.4931,HOLDING
2017-10-10,9,ATO,XEL,70.1481,37.2481,0.8752,1.3034,1,0.5634,-0.0833,0.4801,HOLDING
2017-10-11,9,ATO,XEL,70.4013,37.5123,0.8752,0.7523,1,0.4535,-0.0833,0.3701,HOLDING
2017-10-12,9,ATO,XEL,70.8831,37.8852,0.8752,0.358,1,0.3763,-0.0833,0.293,HOLDING
2017-10-13,9,ATO,XEL,70.4748,37.7687,0.8752,-0.224,1,0.2387,-0.0833,0.1554,HOLDING
2017-10-16,9,ATO,XEL,70.4421,37.6755,0.8752,0.1089,1,0.3131,-0.0833,0.2297,HOLDING
2017-10-17,9,ATO,XEL,70.4176,37.8542,0.8752,-0.7334,1,0.1159,-0.0833,0.0325,HOLDING
2017-10-18,9,ATO,XEL,70.5891,37.8619,0.8752,-0.3647,1,0.2155,-0.0833,0.1322,HOLDING
2017-10-19,9,ATO,XEL,71.1199,38.266,0.8752,-0.8986,1,0.1375,-0.0833,0.0542,HOLDING
2017-10-20,9,ATO,XEL,70.9484,38.2737,0.8752,-1.5413,1,0.022,-0.0833,-0.0613,HOLDING
2017-10-23,9,ATO,XEL,70.7116,38.2815,0.8752,-1.9831,1,-0.1345,-0.0833,-0.2178,HOLDING
2017-10-24,9,ATO,XEL,70.4911,38.4291,0.8752,-2.5481,1,-0.4231,-0.0833,-0.5064,HOLDING
2017-10-25,9,ATO,XEL,70.2706,38.367,0.8752,-2.2719,1,-0.4982,-0.0833,-0.5815,HOLDING
2017-10-26,9,ATO,XEL,70.5319,38.1106,0.8752,-0.8367,1,-0.0733,-0.0833,-0.1566,HOLDING
2017-10-27,9,ATO,XEL,71.2915,38.2349,0.8752,0.227,1,0.2767,-0.0833,0.1934,HOLDING
2017-10-30,9,ATO,XEL,71.0056,38.297,0.8752,-0.4859,1,0.0341,-0.0833,-0.0492,HOLDING
2017-10-31,9,ATO,XEL,71.2506,38.4757,0.8752,-0.5133,1,0.006,-0.0833,-0.0773,HOLDING
2017-11-01,9,ATO,XEL,71.0301,38.2504,0.8752,-0.2234,1,0.097,-0.0833,0.0136,HOLDING
2017-11-02,9,ATO,XEL,70.6626,38.2737,0.8752,-0.9526,1,-0.1574,-0.0833,-0.2407,HOLDING
2017-11-03,9,ATO,XEL,71.5365,38.5301,0.8752,0.0473,1,0.13,-0.0833,0.0467,HOLDING
2017-11-06,9,ATO,XEL,71.7407,38.3825,0.8752,1.0857,1,0.4083,-0.0833,0.325,HOLDING
2017-11-07,9,ATO,XEL,72.3369,38.872,0.8752,0.7362,1,0.2843,-0.0833,0.201,HOLDING
2017-11-08,9,ATO,XEL,72.8841,39.0429,0.8752,1.3862,1,0.4537,-0.0833,0.3704,HOLDING
2017-11-09,9,ATO,XEL,73.3333,39.2449,0.8752,1.5811,1,0.53,-0.0833,0.4466,HOLDING
2017-11-10,9,ATO,XEL,72.8187,39.0041,0.8752,1.2222,1,0.4522,-0.0833,0.3689,HOLDING
2017-11-13,9,ATO,XEL,73.1291,39.4625,0.8752,0.2843,1,0.1805,-0.0833,0.0972,HOLDING
2017-11-14,9,ATO,XEL,73.9458,40.2472,0.8752,-0.6741,1,-0.1056,-0.0833,-0.1889,HOLDING
2017-11-15,9,ATO,XEL,73.1536,39.7655,0.8752,-0.6493,1,-0.1124,-0.0833,-0.1958,HOLDING
2017-11-16,9,ATO,XEL,73.4639,39.7655,0.8752,0.043,1,0.0823,-0.0833,-0.0011,HOLDING
2017-11-17,9,ATO,XEL,72.9576,39.5402,0.8752,-0.2658,1,-0.0062,-0.0833,-0.0895,HOLDING
2017-11-20,9,ATO,XEL,72.7779,39.3071,0.8752,0.1272,1,0.1183,-0.0833,0.035,HOLDING
2017-11-21,9,ATO,XEL,73.0311,39.3226,0.8752,0.5668,1,0.2613,-0.0833,0.178,HOLDING
2017-11-22,9,ATO,XEL,72.7697,39.2605,0.8752,0.0446,1,0.1606,-0.0833,0.0773,HOLDING
2017-11-24,9,ATO,XEL,72.8559,39.4003,0.8752,-0.4359,1,0.0724,-0.0833,-0.0109,HOLDING
2017-11-27,9,ATO,XEL,73.4965,39.5169,0.8752,0.9517,1,0.3557,-0.0833,0.2723,HOLDING
2017-11-28,9,ATO,XEL,74.1288,39.8199,0.8752,1.2362,1,0.444,-0.0833,0.3607,HOLDING
2017-11-29,9,ATO,XEL,74.3259,39.8277,0.8752,1.5659,1,0.5598,-0.0833,0.4765,HOLDING
2017-11-30,9,ATO,XEL,75.7876,40.0996,0.8752,2.9758,1,1.2001,-0.0833,1.1168,HOLDING
2017-12-01,9,ATO,XEL,75.7466,39.9054,0.8752,2.6924,1,1.372,-0.0833,1.2887,HOLDING
2017-12-04,9,ATO,XEL,75.3031,39.6878,0.8752,2.1055,1,1.3152,-0.0833,1.2319,HOLDING
2017-12-05,9,ATO,XEL,75.0978,39.4703,0.8752,1.9641,1,1.4077,-0.0833,1.3244,HOLDING
2017-12-06,9,ATO,XEL,75.0814,39.6956,0.8752,1.3141,1,1.1682,-0.0833,1.0848,HOLDING
2017-12-07,9,ATO,XEL,75.1881,39.5013,0.8752,1.6097,1,1.4328,-0.0833,1.3495,HOLDING
2017-12-08,9,ATO,XEL,75.3852,39.7811,0.8752,1.1936,1,1.2718,-0.0833,1.1885,HOLDING
2017-12-11,9,ATO,XEL,75.4756,39.9675,0.8752,0.8823,1,1.1388,-0.0833,1.0554,HOLDING
2017-12-12,9,ATO,XEL,73.3158,39.2683,0.8752,-0.224,1,0.4953,-0.0833,0.412,HOLDING
2017-12-13,9,ATO,XEL,73.8742,39.4936,0.8752,-0.0831,1,0.6164,-0.0833,0.533,HOLDING
2017-12-14,9,ATO,XEL,73.4308,39.1517,0.8752,-0.024,1,0.686,-0.0833,0.6027,HOLDING
2017-12-15,9,ATO,XEL,73.3897,39.4547,0.8752,-0.7212,1,0.3519,-0.0833,0.2686,HOLDING
2017-12-18,9,ATO,XEL,72.8477,38.9186,0.8752,-0.3807,1,0.5574,-0.0833,0.4741,HOLDING
2017-12-19,9,ATO,XEL,71.5996,38.3281,0.8752,-0.8126,1,0.3751,-0.0833,0.2918,HOLDING
2017-12-20,9,ATO,XEL,71.074,37.6755,0.8752,-0.0999,1,0.7095,-0.0833,0.6262,HOLDING
2017-12-21,9,ATO,XEL,69.6862,37.5978,0.8752,-1.8373,1,-0.0821,-0.0833,-0.1655,HOLDING
2017-12-22,9,ATO,XEL,69.8751,37.489,0.8752,-1.3456,1,0.147,-0.0833,0.0637,HOLDING
2017-12-26,9,ATO,XEL,69.4727,37.1627,0.8752,-1.1298,1,0.2266,-0.0833,0.1433,HOLDING
2017-12-27,9,ATO,XEL,69.7929,37.421,0.8752,-1.2098,1,0.1647,-0.0833,0.0814,HOLDING
2017-12-28,9,ATO,XEL,70.2856,37.6402,0.8752,-0.9725,1,0.2508,-0.0833,0.1674,HOLDING
2017-12-29,9,ATO,XEL,70.532,37.6637,0.8752,-0.6233,1,0.3814,-0.0833,0.2981,HOLDING
2018-01-02,9,ATO,XEL,69.834,37.4288,0.8752,-0.9534,1,0.1825,-0.0833,0.0991,HOLDING
2018-01-03,9,ATO,XEL,69.2591,37.1783,0.8752,-1.0824,1,0.0767,-0.0833,-0.0066,HOLDING
2018-01-04,9,ATO,XEL,68.9635,36.8886,0.8752,-0.7537,1,0.186,-0.0833,0.1027,HOLDING
2018-01-05,9,ATO,XEL,68.3148,36.6303,0.8752,-1.0167,1,0.0,-0.1216,-0.1216,PERIOD_END_EXIT
2017-07-10,10,CMS,LNT,35.1801,30.2934,1.2027,0.0,0,0.0,0.0,0.0,HOLD_CASH
2017-07-11,10,CMS,LNT,35.1647,30.3164,1.2027,0.0,0,0.0,0.0,0.0,HOLD_CASH
2017-07-12,10,CMS,LNT,35.5274,30.5385,1.2027,0.0,0,0.0,0.0,0.0,HOLD_CASH
2017-07-13,10,CMS,LNT,35.265,30.4236,1.2027,0.0,0,0.0,0.0,0.0,HOLD_CASH
2017-07-14,10,CMS,LNT,35.4194,30.6074,1.2027,0.0,0,0.0,0.0,0.0,HOLD_CASH
2017-07-17,10,CMS,LNT,35.4965,30.7299,1.2027,0.0,0,0.0,0.0,0.0,HOLD_CASH
2017-07-18,10,CMS,LNT,35.5737,30.8448,1.2027,0.0,0,0.0,0.0,0.0,HOLD_CASH
2017-07-19,10,CMS,LNT,35.6817,31.0132,1.2027,0.0,0,0.0,0.0,0.0,HOLD_CASH
2017-07-20,10,CMS,LNT,35.9518,31.4038,1.2027,0.0,0,0.0,0.0,0.0,HOLD_CASH
2017-07-21,10,CMS,LNT,36.0753,31.6871,1.2027,0.0,0,0.0,0.0,0.0,HOLD_CASH
2017-07-24,10,CMS,LNT,35.7975,31.2736,1.2027,0.0,0,0.0,0.0,0.0,HOLD_CASH
2017-07-25,10,CMS,LNT,35.62,31.0515,1.2027,0.0,0,0.0,0.0,0.0,HOLD_CASH
2017-07-26,10,CMS,LNT,35.9055,31.2966,1.2027,0.0,0,0.0,0.0,0.0,HOLD_CASH
2017-07-27,10,CMS,LNT,36.1833,31.4316,1.2027,0.0,0,0.0,0.0,0.0,HOLD_CASH
2017-07-28,10,CMS,LNT,35.728,31.231,1.2027,0.0,0,0.0,0.0,0.0,HOLD_CASH
2017-07-31,10,CMS,LNT,35.6817,31.2773,1.2027,0.0,0,0.0,0.0,0.0,HOLD_CASH
2017-08-01,10,CMS,LNT,35.9904,31.5088,1.2027,0.0,0,0.0,0.0,0.0,HOLD_CASH
2017-08-02,10,CMS,LNT,36.2492,31.6014,1.2027,0.0,0,0.0,0.0,0.0,HOLD_CASH
2017-08-03,10,CMS,LNT,36.5445,31.7094,1.2027,0.0,0,0.0,0.0,0.0,HOLD_CASH
2017-08-04,10,CMS,LNT,36.5523,31.7094,1.2027,-0.2417,0,0.0,0.0,0.0,HOLD_CASH
2017-08-07,10,CMS,LNT,36.6767,31.8561,1.2027,-0.4082,0,0.0,0.0,0.0,HOLD_CASH
2017-08-08,10,CMS,LNT,36.8554,32.0799,1.2027,-0.7675,0,0.0,0.0,0.0,HOLD_CASH
2017-08-09,10,CMS,LNT,36.8243,32.0336,1.2027,-0.5873,0,0.0,0.0,0.0,HOLD_CASH
2017-08-10,10,CMS,LNT,36.9021,32.1262,1.2027,-0.7444,0,0.0,0.0,0.0,HOLD_CASH
2017-08-11,10,CMS,LNT,36.7699,31.9255,1.2027,0.0773,0,0.0,0.0,0.0,HOLD_CASH
2017-08-14,10,CMS,LNT,36.8865,32.157,1.2027,-1.0409,0,0.0,0.0,0.0,HOLD_CASH
2017-08-15,10,CMS,LNT,37.1197,32.3423,1.2027,-1.1556,0,0.0,0.0,0.0,HOLD_CASH
2017-08-16,10,CMS,LNT,37.314,32.4734,1.2027,-0.9867,0,0.0,0.0,0.0,HOLD_CASH
2017-08-17,10,CMS,LNT,37.1819,32.2342,1.2027,0.5532,0,0.0,0.0,0.0,HOLD_CASH
2017-08-18,10,CMS,LNT,37.4694,32.5969,1.2027,-1.3324,0,0.0,0.0,0.0,HOLD_CASH
2017-08-21,10,CMS,LNT,37.5238,32.7204,1.2027,-1.9744,0,0.0,0.0,0.0,HOLD_CASH
2017-08-22,10,CMS,LNT,37.5083,32.9673,1.2027,-3.1256,1,0.0,-0.0833,-0.0833,ENTER_LONG_A
2017-08-23,10,CMS,LNT,37.757,33.1911,1.2027,-2.597,1,-0.0581,-0.0833,-0.1414,HOLDING
2017-08-24,10,CMS,LNT,37.5705,33.0754,1.2027,-2.2365,1,-0.0864,-0.0833,-0.1698,HOLDING
2017-08-25,10,CMS,LNT,37.6948,33.0831,1.2027,-1.5715,1,0.0284,-0.0833,-0.055,HOLDING
2017-08-28,10,CMS,LNT,37.7959,33.2452,1.2027,-1.7362,1,-0.0934,-0.0833,-0.1767,HOLDING
2017-08-29,10,CMS,LNT,37.8814,33.2297,1.2027,-1.2485,1,0.0141,-0.0833,-0.0692,HOLDING
2017-08-30,10,CMS,LNT,37.7492,33.0059,1.2027,-0.6265,1,0.1898,-0.0833,0.1064,HOLDING
2017-08-31,10,CMS,LNT,37.7259,32.9828,1.2027,-0.5262,1,0.1982,-0.0833,0.1148,HOLDING
2017-09-01,10,CMS,LNT,37.6326,32.8516,1.2027,-0.1632,1,0.2852,-0.0833,0.2018,HOLDING
2017-09-05,10,CMS,LNT,37.6404,33.114,1.2027,-1.271,1,-0.0691,-0.0833,-0.1525,HOLDING
2017-09-06,10,CMS,LNT,37.4461,32.8747,1.2027,-0.7197,1,0.0651,-0.0833,-0.0182,HOLDING
2017-09-07,10,CMS,LNT,37.6637,33.1448,1.2027,-1.147,1,-0.0882,-0.0833,-0.1715,HOLDING
2017-09-08,10,CMS,LNT,37.8192,33.33,1.2027,-1.3457,1,-0.1871,-0.0833,-0.2704,HOLDING
2017-09-11,10,CMS,LNT,38.1611,33.6464,1.2027,-1.5345,1,-0.2788,-0.0833,-0.3621,HOLDING
2017-09-12,10,CMS,LNT,37.3684,32.9905,1.2027,-1.0585,1,-0.1731,-0.0833,-0.2564,HOLDING
2017-09-13,10,CMS,LNT,36.9176,32.759,1.2027,-1.4183,1,-0.3082,-0.0833,-0.3916,HOLDING
2017-09-14,10,CMS,LNT,37.2207,33.1217,1.2027,-1.8704,1,-0.5031,-0.0833,-0.5864,HOLDING
2017-09-15,10,CMS,LNT,37.2052,33.1062,1.2027,-1.7936,1,-0.4975,-0.0833,-0.5808,HOLDING
2017-09-18,10,CMS,LNT,37.0186,32.7898,1.2027,-0.772,1,-0.2489,-0.0833,-0.3323,HOLDING
2017-09-19,10,CMS,LNT,36.8321,32.8207,1.2027,-1.6419,1,-0.4797,-0.0833,-0.563,HOLDING
2017-09-20,10,CMS,LNT,36.5834,32.5275,1.2027,-0.881,1,-0.3258,-0.0833,-0.4091,HOLDING
2017-09-21,10,CMS,LNT,36.5756,32.458,1.2027,-0.4494,1,-0.2378,-0.0833,-0.3211,HOLDING
2017-09-22,10,CMS,LNT,36.1171,32.2033,1.2027,-0.8884,1,-0.3488,-0.0833,-0.4321,HOLDING
2017-09-25,10,CMS,LNT,36.6067,32.6046,1.2027,-1.0117,1,-0.4088,-0.0833,-0.4921,HOLDING
2017-09-26,10,CMS,LNT,36.4824,32.6046,1.2027,-1.3841,1,-0.5342,-0.0833,-0.6175,HOLDING
2017-09-27,10,CMS,LNT,35.9305,32.0876,1.2027,-0.7043,1,-0.3772,-0.0833,-0.4605,HOLDING
2017-09-28,10,CMS,LNT,36.0238,32.1802,1.2027,-0.7612,1,-0.4109,-0.0833,-0.4943,HOLDING
2017-09-29,10,CMS,LNT,36.0005,32.0799,1.2027,-0.1646,1,-0.296,-0.0833,-0.3793,HOLDING
2017-10-02,10,CMS,LNT,36.0782,32.103,1.2027,0.2617,1,-0.2495,-0.0833,-0.3329,HOLDING
2017-10-03,10,CMS,LNT,35.7285,31.9332,1.2027,-0.4578,1,-0.368,-0.0833,-0.4513,HOLDING
2017-10-04,10,CMS,LNT,36.1326,32.3731,1.2027,-1.7552,1,-0.5674,-0.0833,-0.6508,HOLDING
2017-10-05,10,CMS,LNT,36.1637,32.3345,1.2027,-1.0406,1,-0.4828,-0.0833,-0.5662,HOLDING
2017-10-06,10,CMS,LNT,35.9849,32.35,1.2027,-2.2999,1,-0.6844,-0.0833,-0.7678,HOLDING
2017-10-09,10,CMS,LNT,36.1248,32.404,1.2027,-1.5609,1,-0.6179,-0.0833,-0.7012,HOLDING
2017-10-10,10,CMS,LNT,36.529,32.6741,1.2027,-1.1639,1,-0.583,-0.0833,-0.6664,HOLDING
2017-10-11,10,CMS,LNT,36.801,32.921,1.2027,-1.4439,1,-0.6495,-0.0833,-0.7328,HOLDING
2017-10-12,10,CMS,LNT,37.0886,33.1911,1.2027,-1.7524,1,-0.7322,-0.0833,-0.8156,HOLDING
2017-10-13,10,CMS,LNT,36.9487,33.222,1.2027,-2.3584,1,-0.9159,-0.0833,-0.9993,HOLDING
2017-10-16,10,CMS,LNT,36.8477,33.276,1.2027,-2.5831,1,-1.0924,-0.0833,-1.1757,HOLDING
2017-10-17,10,CMS,LNT,37.1585,33.5229,1.2027,-2.1719,1,-1.1196,-0.0833,-1.203,HOLDING
2017-10-18,10,CMS,LNT,37.1585,33.4767,1.2027,-1.6769,1,-1.0557,-0.0833,-1.1391,HOLDING
2017-10-19,10,CMS,LNT,37.4539,33.8394,1.2027,-2.0283,1,-1.2584,-0.0833,-1.3418,HOLDING
2017-10-20,10,CMS,LNT,37.4461,33.8548,1.2027,-1.8275,1,-1.2876,-0.0833,-1.3709,HOLDING
2017-10-23,10,CMS,LNT,37.4694,33.7776,1.2027,-1.2768,1,-1.1576,-0.0833,-1.2409,HOLDING
2017-10-24,10,CMS,LNT,37.6326,33.5538,1.2027,0.1823,1,-0.6841,-0.0833,-0.7674,HOLDING
2017-10-25,10,CMS,LNT,37.2829,33.3763,1.2027,-0.1072,1,-0.7918,-0.0833,-0.8752,HOLDING
2017-10-26,10,CMS,LNT,37.2596,33.4767,1.2027,-0.5496,1,-0.9538,-0.0833,-1.0372,HOLDING
2017-10-27,10,CMS,LNT,37.4617,33.7622,1.2027,-1.0515,1,-1.1441,-0.0833,-1.2274,HOLDING
2017-10-30,10,CMS,LNT,37.1508,33.564,1.2027,-1.1398,1,-1.1841,-0.0833,-1.2674,HOLDING
2017-10-31,10,CMS,LNT,37.5938,33.6262,1.2027,0.3045,1,-0.8231,-0.0833,-0.9064,HOLDING
2017-11-01,10,CMS,LNT,37.3606,33.4785,1.2027,0.2254,1,-0.8544,-0.0833,-0.9378,HOLDING
2017-11-02,10,CMS,LNT,37.6604,33.4707,1.2027,1.5696,1,-0.5414,-0.0833,-0.6247,HOLDING
2017-11-03,10,CMS,LNT,37.6682,34.0692,1.2027,-1.6053,1,-1.3596,-0.0833,-1.4429,HOLDING
2017-11-06,10,CMS,LNT,37.6056,33.8827,1.2027,-0.7694,1,-1.1652,-0.0833,-1.2485,HOLDING
2017-11-07,10,CMS,LNT,38.2786,34.3335,1.2027,-0.407,1,-1.1086,-0.0833,-1.1919,HOLDING
2017-11-08,10,CMS,LNT,38.4508,34.2558,1.2027,0.8601,1,-0.8276,-0.0833,-0.9109,HOLDING
2017-11-09,10,CMS,LNT,38.5682,34.2791,1.2027,1.2391,1,-0.7414,-0.0833,-0.8247,HOLDING
2017-11-10,10,CMS,LNT,38.5604,33.9526,1.2027,2.4819,1,-0.2987,-0.0833,-0.382,HOLDING
2017-11-13,10,CMS,LNT,38.8421,34.4345,1.2027,1.0182,1,-0.6797,-0.0833,-0.763,HOLDING
2017-11-14,10,CMS,LNT,39.5622,35.1186,1.2027,0.2472,1,-0.8975,-0.0833,-0.9808,HOLDING
2017-11-15,10,CMS,LNT,39.3039,34.7533,1.2027,0.9847,1,-0.6538,-0.0833,-0.7371,HOLDING
2017-11-16,10,CMS,LNT,39.2648,34.6911,1.2027,1.0363,1,-0.6074,-0.0833,-0.6908,HOLDING
2017-11-17,10,CMS,LNT,38.8108,34.5123,1.2027,0.2185,1,-0.8185,-0.0833,-0.9019,HOLDING
2017-11-20,10,CMS,LNT,38.67,34.4035,1.2027,0.1795,1,-0.8104,-0.0833,-0.8938,HOLDING
2017-11-21,10,CMS,LNT,38.7247,34.318,1.2027,0.8276,1,-0.6372,-0.0833,-0.7205,HOLDING
2017-11-22,10,CMS,LNT,38.6621,34.349,1.2027,0.4068,1,-0.7432,-0.0833,-0.8265,HOLDING
2017-11-24,10,CMS,LNT,38.6934,34.3724,1.2027,0.362,1,-0.7438,-0.0833,-0.8272,HOLDING
2017-11-27,10,CMS,LNT,38.9361,34.6755,1.2027,-0.347,1,-0.9175,-0.0833,-1.0009,HOLDING
2017-11-28,10,CMS,LNT,38.8969,34.8077,1.2027,-1.2685,1,-1.1394,-0.0833,-1.2227,HOLDING
2017-11-29,10,CMS,LNT,38.8265,34.9009,1.2027,-1.7915,1,-1.3392,-0.0833,-1.4225,HOLDING
2017-11-30,10,CMS,LNT,39.0535,35.0642,1.2027,-1.5607,1,-1.3355,-0.0833,-1.4188,HOLDING
2017-12-01,10,CMS,LNT,38.9282,34.8465,1.2027,-0.8886,1,-1.1614,-0.0833,-1.2448,HOLDING
2017-12-04,10,CMS,LNT,38.9439,34.7377,1.2027,-0.4185,1,-0.9955,-0.0833,-1.0788,HOLDING
2017-12-05,10,CMS,LNT,38.5917,34.4657,1.2027,-0.4171,1,-0.9752,-0.0833,-1.0585,HOLDING
2017-12-06,10,CMS,LNT,38.67,34.6211,1.2027,-0.9391,1,-1.1108,-0.0833,-1.1942,HOLDING
2017-12-07,10,CMS,LNT,38.803,34.6988,1.2027,-0.7647,1,-1.0839,-0.0833,-1.1672,HOLDING
2017-12-08,10,CMS,LNT,39.03,34.932,1.2027,-0.9988,1,-1.1768,-0.0833,-1.2602,HOLDING
2017-12-11,10,CMS,LNT,39.2021,35.0408,1.2027,-0.8605,1,-1.1534,-0.0833,-1.2367,HOLDING
2017-12-12,10,CMS,LNT,38.4821,34.2091,1.2027,0.9435,1,-0.7317,-0.0833,-0.815,HOLDING
2017-12-13,10,CMS,LNT,38.5447,34.4268,1.2027,-0.0836,1,-0.9689,-0.0833,-1.0523,HOLDING
2017-12-14,10,CMS,LNT,38.4039,34.1625,1.2027,0.9421,1,-0.7463,-0.0833,-0.8296,HOLDING
2017-12-15,10,CMS,LNT,38.5447,34.5356,1.2027,-0.6678,1,-1.1191,-0.0833,-1.2024,HOLDING
2017-12-18,10,CMS,LNT,38.0752,33.8904,1.2027,1.2634,1,-0.7023,-0.0833,-0.7856,HOLDING
2017-12-19,10,CMS,LNT,37.3473,33.2453,1.2027,1.7701,1,-0.546,-0.0833,-0.6293,HOLDING
2017-12-20,10,CMS,LNT,36.909,33.0432,1.2027,1.052,1,-0.7091,-0.0833,-0.7925,HOLDING
2017-12-21,10,CMS,LNT,36.9873,32.8955,1.2027,2.0771,1,-0.4264,-0.0833,-0.5097,HOLDING
2017-12-22,10,CMS,LNT,37.0577,33.0354,1.2027,1.4673,1,-0.5484,-0.0833,-0.6318,HOLDING
2017-12-26,10,CMS,LNT,36.6351,32.7945,1.2027,0.9871,1,-0.6421,-0.0833,-0.7255,HOLDING
2017-12-27,10,CMS,LNT,36.9482,32.9732,1.2027,1.1517,1,-0.5731,-0.0833,-0.6564,HOLDING
2017-12-28,10,CMS,LNT,37.089,33.1598,1.2027,0.6438,1,-0.6885,-0.0833,-0.7718,HOLDING
2017-12-29,10,CMS,LNT,37.0186,33.1209,1.2027,0.493,1,-0.7059,-0.0833,-0.7892,HOLDING
2018-01-02,10,CMS,LNT,36.7447,32.7323,1.2027,1.4644,1,-0.4458,-0.0833,-0.5291,HOLDING
2018-01-03,10,CMS,LNT,36.5177,32.4447,1.2027,1.8704,1,-0.2778,-0.0833,-0.3611,HOLDING
2018-01-04,10,CMS,LNT,36.1108,32.0638,1.2027,1.9576,1,-0.1626,-0.0833,-0.2459,HOLDING
2018-01-05,10,CMS,LNT,35.8525,31.9316,1.2027,1.4838,1,0.0,-0.4043,-0.4043,PERIOD_END_EXIT
2017-07-10,11,AEP,DUK,50.6269,58.2821,1.1554,0.0,0,0.0,0.0,0.0,HOLD_CASH
2017-07-11,11,AEP,DUK,50.5902,58.2751,1.1554,0.0,0,0.0,0.0,0.0,HOLD_CASH
2017-07-12,11,AEP,DUK,50.7004,58.8356,1.1554,0.0,0,0.0,0.0,0.0,HOLD_CASH
2017-07-13,11,AEP,DUK,50.1787,58.4082,1.1554,0.0,0,0.0,0.0,0.0,HOLD_CASH
2017-07-14,11,AEP,DUK,50.0978,58.7375,1.1554,0.0,0,0.0,0.0,0.0,HOLD_CASH
2017-07-17,11,AEP,DUK,50.3771,58.8706,1.1554,0.0,0,0.0,0.0,0.0,HOLD_CASH
2017-07-18,11,AEP,DUK,50.2375,58.9827,1.1554,0.0,0,0.0,0.0,0.0,HOLD_CASH
2017-07-19,11,AEP,DUK,50.4506,59.0948,1.1554,0.0,0,0.0,0.0,0.0,HOLD_CASH
2017-07-20,11,AEP,DUK,50.4873,59.5012,1.1554,0.0,0,0.0,0.0,0.0,HOLD_CASH
2017-07-21,11,AEP,DUK,51.428,59.6903,1.1554,0.0,0,0.0,0.0,0.0,HOLD_CASH
2017-07-24,11,AEP,DUK,50.8474,59.235,1.1554,0.0,0,0.0,0.0,0.0,HOLD_CASH
2017-07-25,11,AEP,DUK,50.5902,58.7165,1.1554,0.0,0,0.0,0.0,0.0,HOLD_CASH
2017-07-26,11,AEP,DUK,51.0385,59.1649,1.1554,0.0,0,0.0,0.0,0.0,HOLD_CASH
2017-07-27,11,AEP,DUK,51.935,59.5852,1.1554,0.0,0,0.0,0.0,0.0,HOLD_CASH
2017-07-28,11,AEP,DUK,51.7587,59.4872,1.1554,0.0,0,0.0,0.0,0.0,HOLD_CASH
2017-07-31,11,AEP,DUK,51.8395,59.6343,1.1554,0.0,0,0.0,0.0,0.0,HOLD_CASH
2017-08-01,11,AEP,DUK,51.8983,59.6693,1.1554,0.0,0,0.0,0.0,0.0,HOLD_CASH
2017-08-02,11,AEP,DUK,52.1261,60.0686,1.1554,0.0,0,0.0,0.0,0.0,HOLD_CASH
2017-08-03,11,AEP,DUK,52.3246,60.6081,1.1554,0.0,0,0.0,0.0,0.0,HOLD_CASH
2017-08-04,11,AEP,DUK,52.0894,60.5871,1.1554,-0.7314,0,0.0,0.0,0.0,HOLD_CASH
2017-08-07,11,AEP,DUK,52.4642,60.433,1.1554,0.6123,0,0.0,0.0,0.0,HOLD_CASH
2017-08-08,11,AEP,DUK,52.8717,60.6712,1.1554,1.0717,0,0.0,0.0,0.0,HOLD_CASH
2017-08-09,11,AEP,DUK,52.5827,60.3909,1.1554,0.985,0,0.0,0.0,0.0,HOLD_CASH
2017-08-10,11,AEP,DUK,52.8792,60.524,1.1554,1.256,0,0.0,0.0,0.0,HOLD_CASH
2017-08-11,11,AEP,DUK,52.2863,60.0406,1.1554,0.91,0,0.0,0.0,0.0,HOLD_CASH
2017-08-14,11,AEP,DUK,52.6494,60.3349,1.1554,0.9698,0,0.0,0.0,0.0,HOLD_CASH
2017-08-15,11,AEP,DUK,52.9977,60.8743,1.1554,0.4243,0,0.0,0.0,0.0,HOLD_CASH
2017-08-16,11,AEP,DUK,53.3682,61.0938,1.1554,0.7343,0,0.0,0.0,0.0,HOLD_CASH
2017-08-17,11,AEP,DUK,53.3534,60.7823,1.1554,1.6909,0,0.0,0.0,0.0,HOLD_CASH
2017-08-18,11,AEP,DUK,53.472,61.1433,1.1554,0.7501,0,0.0,0.0,0.0,HOLD_CASH
2017-08-21,11,AEP,DUK,53.8499,61.2849,1.1554,1.4755,0,0.0,0.0,0.0,HOLD_CASH
2017-08-22,11,AEP,DUK,53.9536,61.2636,1.1554,1.6976,0,0.0,0.0,0.0,HOLD_CASH
2017-08-23,11,AEP,DUK,54.3241,61.4972,1.1554,1.8667,0,0.0,0.0,0.0,HOLD_CASH
2017-08-24,11,AEP,DUK,54.3834,61.4194,1.1554,1.9748,0,0.0,0.0,0.0,HOLD_CASH
2017-08-25,11,AEP,DUK,54.5168,61.745,1.1554,1.2669,0,0.0,0.0,0.0,HOLD_CASH
2017-08-28,11,AEP,DUK,54.9095,61.8795,1.1554,1.7049,0,0.0,0.0,0.0,HOLD_CASH
2017-08-29,11,AEP,DUK,54.791,61.9361,1.1554,1.1419,0,0.0,0.0,0.0,HOLD_CASH
2017-08-30,11,AEP,DUK,54.6502,61.7803,1.1554,1.0714,0,0.0,0.0,0.0,HOLD_CASH
2017-08-31,11,AEP,DUK,54.5613,61.7945,1.1554,0.7491,0,0.0,0.0,0.0,HOLD_CASH
2017-09-01,11,AEP,DUK,54.4946,61.6459,1.1554,0.9728,0,0.0,0.0,0.0,HOLD_CASH
2017-09-05,11,AEP,DUK,54.9021,61.8724,1.1554,1.4052,0,0.0,0.0,0.0,HOLD_CASH
2017-09-06,11,AEP,DUK,54.3167,61.5751,1.1554,0.4166,0,0.0,0.0,0.0,HOLD_CASH
2017-09-07,11,AEP,DUK,54.7095,61.8228,1.1554,0.81,0,0.0,0.0,0.0,HOLD_CASH
2017-09-08,11,AEP,DUK,54.9762,62.1343,1.1554,0.5565,0,0.0,0.0,0.0,HOLD_CASH
2017-09-11,11,AEP,DUK,55.243,62.5307,1.1554,-0.0213,0,0.0,0.0,0.0,HOLD_CASH
2017-09-12,11,AEP,DUK,54.1759,61.7803,1.1554,-1.2379,0,0.0,0.0,0.0,HOLD_CASH
2017-09-13,11,AEP,DUK,53.7906,61.4194,1.1554,-1.5187,0,0.0,0.0,0.0,HOLD_CASH
2017-09-14,11,AEP,DUK,54.0203,61.9361,1.1554,-2.5155,1,0.0,-0.0833,-0.0833,ENTER_LONG_A
2017-09-15,11,AEP,DUK,54.1167,61.7945,1.1554,-1.4215,1,0.171,-0.0833,0.0877,HOLDING
2017-09-18,11,AEP,DUK,53.5535,60.9168,1.1554,-0.2398,1,0.4011,-0.0833,0.3177,HOLDING
2017-09-19,11,AEP,DUK,53.3386,60.8602,1.1554,-0.8553,1,0.2881,-0.0833,0.2047,HOLDING
2017-09-20,11,AEP,DUK,53.1163,60.308,1.1554,0.4824,1,0.5272,-0.0833,0.4439,HOLDING
2017-09-21,11,AEP,DUK,52.9458,60.2797,1.1554,-0.0617,1,0.4256,-0.0833,0.3423,HOLDING
2017-09-22,11,AEP,DUK,52.2938,59.6356,1.1554,-0.0024,1,0.4235,-0.0833,0.3401,HOLDING
2017-09-25,11,AEP,DUK,52.642,60.2656,1.1554,-1.1103,1,0.2184,-0.0833,0.135,HOLDING
2017-09-26,11,AEP,DUK,52.7532,60.0391,1.1554,0.3522,1,0.4613,-0.0833,0.378,HOLDING
2017-09-27,11,AEP,DUK,52.1011,59.4161,1.1554,0.2955,1,0.4439,-0.0833,0.3605,HOLDING
2017-09-28,11,AEP,DUK,52.2419,59.6427,1.1554,-0.0462,1,0.3812,-0.0833,0.2979,HOLDING
2017-09-29,11,AEP,DUK,52.0492,59.402,1.1554,0.2034,1,0.4169,-0.0833,0.3336,HOLDING
2017-10-02,11,AEP,DUK,52.19,59.7135,1.1554,-0.5225,1,0.2931,-0.0833,0.2097,HOLDING
2017-10-03,11,AEP,DUK,52.0863,59.3525,1.1554,0.8073,1,0.4792,-0.0833,0.3959,HOLDING
2017-10-04,11,AEP,DUK,52.9977,59.7913,1.1554,2.4697,1,0.815,-0.0833,0.7317,HOLDING
2017-10-05,11,AEP,DUK,52.9755,59.6639,1.1554,2.3933,1,0.891,-0.0833,0.8077,HOLDING
2017-10-06,11,AEP,DUK,53.0051,59.9117,1.1554,1.483,1,0.7335,-0.0833,0.6502,HOLDING
2017-10-09,11,AEP,DUK,53.1607,60.0391,1.1554,1.4074,1,0.753,-0.0833,0.6696,HOLDING
2017-10-10,11,AEP,DUK,53.6424,60.7257,1.1554,0.6584,1,0.6025,-0.0833,0.5192,HOLDING
2017-10-11,11,AEP,DUK,53.9166,61.1504,1.1554,0.1113,1,0.4924,-0.0833,0.4091,HOLDING
2017-10-12,11,AEP,DUK,54.3464,61.561,1.1554,0.0407,1,0.5039,-0.0833,0.4206,HOLDING
2017-10-13,11,AEP,DUK,54.213,61.4335,1.1554,-0.0602,1,0.5004,-0.0833,0.417,HOLDING
2017-10-16,11,AEP,DUK,54.1834,61.6742,1.1554,-1.0834,1,0.3056,-0.0833,0.2222,HOLDING
2017-10-17,11,AEP,DUK,54.2426,61.9432,1.1554,-1.7623,1,0.154,-0.0833,0.0707,HOLDING
2017-10-18,11,AEP,DUK,54.1018,61.6105,1.1554,-0.964,1,0.2932,-0.0833,0.2099,HOLDING
2017-10-19,11,AEP,DUK,54.7095,62.1838,1.1554,-0.8298,1,0.3146,-0.0833,0.2312,HOLDING
2017-10-20,11,AEP,DUK,54.8206,62.2405,1.1554,-0.6195,1,0.3532,-0.0833,0.2699,HOLDING
2017-10-23,11,AEP,DUK,54.7762,61.9644,1.1554,0.1208,1,0.5205,-0.0833,0.4372,HOLDING
2017-10-24,11,AEP,DUK,54.8132,62.2829,1.1554,-0.8443,1,0.3173,-0.0833,0.234,HOLDING
2017-10-25,11,AEP,DUK,54.5242,62.1131,1.1554,-1.1513,1,0.233,-0.0833,0.1497,HOLDING
2017-10-26,11,AEP,DUK,54.6576,61.837,1.1554,0.2129,1,0.5276,-0.0833,0.4442,HOLDING
2017-10-27,11,AEP,DUK,54.8503,62.2546,1.1554,-0.5521,1,0.3643,-0.0833,0.2809,HOLDING
2017-10-30,11,AEP,DUK,54.9614,62.3679,1.1554,-0.5856,1,0.3621,-0.0833,0.2788,HOLDING
2017-10-31,11,AEP,DUK,55.1393,62.5094,1.1554,-0.4432,1,0.3873,-0.0833,0.304,HOLDING
2017-11-01,11,AEP,DUK,54.8429,62.1909,1.1554,-0.2679,1,0.4049,-0.0833,0.3216,HOLDING
2017-11-02,11,AEP,DUK,54.628,62.6864,1.1554,-2.5517,1,-0.1063,-0.0833,-0.1896,HOLDING
2017-11-03,11,AEP,DUK,54.8947,62.6581,1.1554,-1.39,1,0.1051,-0.0833,0.0218,HOLDING
2017-11-06,11,AEP,DUK,54.6354,62.198,1.1554,-0.5586,1,0.2513,-0.0833,0.1679,HOLDING
2017-11-07,11,AEP,DUK,55.7173,63.2527,1.1554,-0.4413,1,0.2649,-0.0833,0.1816,HOLDING
2017-11-08,11,AEP,DUK,55.9618,63.1606,1.1554,1.0592,1,0.5063,-0.0833,0.423,HOLDING
2017-11-09,11,AEP,DUK,56.4026,63.4438,1.1554,1.6247,1,0.6176,-0.0833,0.5343,HOLDING
2017-11-10,11,AEP,DUK,55.8721,62.92,1.1554,1.5607,1,0.6157,-0.0833,0.5324,HOLDING
2017-11-13,11,AEP,DUK,56.8808,63.6208,1.1554,2.205,1,0.8322,-0.0833,0.7489,HOLDING
2017-11-14,11,AEP,DUK,57.8222,64.4772,1.1554,2.0163,1,0.8882,-0.0833,0.8049,HOLDING
2017-11-15,11,AEP,DUK,57.2245,64.1162,1.1554,1.1935,1,0.7208,-0.0833,0.6375,HOLDING
2017-11-16,11,AEP,DUK,57.3515,63.7731,1.1554,2.1491,1,1.0592,-0.0833,0.9759,HOLDING
2017-11-17,11,AEP,DUK,57.0676,63.2799,1.1554,2.216,1,1.2118,-0.0833,1.1284,HOLDING
2017-11-20,11,AEP,DUK,57.1124,63.3799,1.1554,1.7984,1,1.1717,-0.0833,1.0883,HOLDING
2017-11-21,11,AEP,DUK,57.359,63.4872,1.1554,1.7763,1,1.2708,-0.0833,1.1874,HOLDING
2017-11-22,11,AEP,DUK,57.2245,63.3585,1.1554,1.5627,1,1.2673,-0.0833,1.184,HOLDING
2017-11-24,11,AEP,DUK,57.1348,63.4657,1.1554,1.0999,1,1.1258,-0.0833,1.0425,HOLDING
2017-11-27,11,AEP,DUK,57.3366,63.5372,1.1554,1.1833,1,1.2187,-0.0833,1.1353,HOLDING
2017-11-28,11,AEP,DUK,57.5458,63.6087,1.1554,1.2591,1,1.3168,-0.0833,1.2335,HOLDING
2017-11-29,11,AEP,DUK,57.6354,63.623,1.1554,1.2368,1,1.3707,-0.0833,1.2874,HOLDING
2017-11-30,11,AEP,DUK,58.0015,63.7517,1.1554,1.4175,1,1.5399,-0.0833,1.4566,HOLDING
2017-12-01,11,AEP,DUK,57.7101,63.43,1.1554,1.4146,1,1.5634,-0.0833,1.48,HOLDING
2017-12-04,11,AEP,DUK,57.8222,63.3513,1.1554,1.6071,1,1.7003,-0.0833,1.617,HOLDING
2017-12-05,11,AEP,DUK,56.9854,62.8795,1.1554,0.9587,1,1.4417,-0.0833,1.3583,HOLDING
2017-12-06,11,AEP,DUK,57.3291,63.1298,1.1554,1.057,1,1.5072,-0.0833,1.4238,HOLDING
2017-12-07,11,AEP,DUK,57.2394,62.8366,1.1554,1.3978,1,1.6544,-0.0833,1.5711,HOLDING
2017-12-08,11,AEP,DUK,57.4785,62.9439,1.1554,1.5325,1,1.7482,-0.0833,1.6649,HOLDING
2017-12-11,11,AEP,DUK,57.5906,63.1726,1.1554,1.1814,1,1.6634,-0.0833,1.5801,HOLDING
2017-12-12,11,AEP,DUK,56.7986,62.2862,1.1554,1.3907,1,1.7359,-0.0833,1.6526,HOLDING
2017-12-13,11,AEP,DUK,57.1647,62.5936,1.1554,1.3737,1,1.7762,-0.0833,1.6929,HOLDING
2017-12-14,11,AEP,DUK,57.0003,62.5936,1.1554,0.9441,1,1.6586,-0.0833,1.5753,HOLDING
2017-12-15,11,AEP,DUK,57.1871,62.7938,1.1554,0.7971,1,1.6479,-0.0833,1.5646,HOLDING
2017-12-18,11,AEP,DUK,56.4101,61.8644,1.1554,1.3001,1,1.7621,-0.0833,1.6787,HOLDING
2017-12-19,11,AEP,DUK,55.6704,60.7707,1.1554,2.2182,1,2.0215,-0.0833,1.9382,HOLDING
2017-12-20,11,AEP,DUK,55.6629,60.3989,1.1554,2.5892,1,2.2843,-0.0833,2.2009,HOLDING
2017-12-21,11,AEP,DUK,55.0951,60.2631,1.1554,1.3885,1,1.9758,-0.0833,1.8925,HOLDING
2017-12-22,11,AEP,DUK,55.0279,60.1702,1.1554,1.3551,1,1.9947,-0.0833,1.9114,HOLDING
2017-12-26,11,AEP,DUK,54.5347,59.7627,1.1554,1.1049,1,1.9357,-0.0833,1.8523,HOLDING
2017-12-27,11,AEP,DUK,54.7215,60.0344,1.1554,0.7608,1,1.8734,-0.0833,1.7901,HOLDING
2017-12-28,11,AEP,DUK,55.0279,60.0415,1.1554,1.4614,1,2.0875,-0.0833,2.0042,HOLDING
2017-12-29,11,AEP,DUK,54.9681,60.1273,1.1554,0.9359,1,1.9829,-0.0833,1.8996,HOLDING
2018-01-02,11,AEP,DUK,54.1014,59.4982,1.1554,0.2779,1,1.8163,-0.0833,1.733,HOLDING
2018-01-03,11,AEP,DUK,53.6456,59.3123,1.1554,-0.5308,1,1.6242,-0.0833,1.5408,HOLDING
2018-01-04,11,AEP,DUK,53.0105,58.8477,1.1554,-1.0894,1,1.5048,-0.0833,1.4214,HOLDING
2018-01-05,11,AEP,DUK,52.8985,58.576,1.1554,-0.6174,1,0.0,1.457,1.457,PERIOD_END_EXIT
2017-07-10,12,DUK,ED,58.2821,58.7399,0.8936,0.0,0,0.0,0.0,0.0,HOLD_CASH
2017-07-11,12,DUK,ED,58.2751,58.7691,0.8936,0.0,0,0.0,0.0,0.0,HOLD_CASH
2017-07-12,12,DUK,ED,58.8356,59.2808,0.8936,0.0,0,0.0,0.0,0.0,HOLD_CASH
2017-07-13,12,DUK,ED,58.4082,58.7107,0.8936,0.0,0,0.0,0.0,0.0,HOLD_CASH
2017-07-14,12,DUK,ED,58.7375,59.003,0.8936,0.0,0,0.0,0.0,0.0,HOLD_CASH
2017-07-17,12,DUK,ED,58.8706,59.2808,0.8936,0.0,0,0.0,0.0,0.0,HOLD_CASH
2017-07-18,12,DUK,ED,58.9827,59.3538,0.8936,0.0,0,0.0,0.0,0.0,HOLD_CASH
2017-07-19,12,DUK,ED,59.0948,59.7485,0.8936,0.0,0,0.0,0.0,0.0,HOLD_CASH
2017-07-20,12,DUK,ED,59.5012,60.2309,0.8936,0.0,0,0.0,0.0,0.0,HOLD_CASH
2017-07-21,12,DUK,ED,59.6903,60.6109,0.8936,0.0,0,0.0,0.0,0.0,HOLD_CASH
2017-07-24,12,DUK,ED,59.235,60.0335,0.8936,0.0,0,0.0,0.0,0.0,HOLD_CASH
2017-07-25,12,DUK,ED,58.7165,59.5731,0.8936,0.0,0,0.0,0.0,0.0,HOLD_CASH
2017-07-26,12,DUK,ED,59.1649,60.0116,0.8936,0.0,0,0.0,0.0,0.0,HOLD_CASH
2017-07-27,12,DUK,ED,59.5852,60.1432,0.8936,0.0,0,0.0,0.0,0.0,HOLD_CASH
2017-07-28,12,DUK,ED,59.4872,60.209,0.8936,0.0,0,0.0,0.0,0.0,HOLD_CASH
2017-07-31,12,DUK,ED,59.6343,60.5598,0.8936,0.0,0,0.0,0.0,0.0,HOLD_CASH
2017-08-01,12,DUK,ED,59.6693,60.472,0.8936,0.0,0,0.0,0.0,0.0,HOLD_CASH
2017-08-02,12,DUK,ED,60.0686,60.4428,0.8936,0.0,0,0.0,0.0,0.0,HOLD_CASH
2017-08-03,12,DUK,ED,60.6081,60.7498,0.8936,0.0,0,0.0,0.0,0.0,HOLD_CASH
2017-08-04,12,DUK,ED,60.5871,60.5159,0.8936,2.5895,-1,0.0,-0.0833,-0.0833,ENTER_SHORT_A
2017-08-07,12,DUK,ED,60.433,61.0275,0.8936,0.3267,-1,0.4444,-0.0833,0.3611,HOLDING
2017-08-08,12,DUK,ED,60.6712,61.4368,0.8936,-0.1325,-1,0.5374,-0.0833,0.454,HOLDING
2017-08-09,12,DUK,ED,60.3909,60.8521,0.8936,0.6975,-1,0.361,-0.0833,0.2776,HOLDING
2017-08-10,12,DUK,ED,60.524,61.1299,0.8936,0.2943,-1,0.4448,-0.0833,0.3614,HOLDING
2017-08-11,12,DUK,ED,60.0406,60.5671,0.8936,0.3672,-1,0.4302,-0.0833,0.3468,HOLDING
2017-08-14,12,DUK,ED,60.3349,60.8398,0.8936,0.5422,-1,0.3937,-0.0833,0.3103,HOLDING
2017-08-15,12,DUK,ED,60.8743,61.2083,0.8936,1.2211,-1,0.2413,-0.0833,0.158,HOLDING
2017-08-16,12,DUK,ED,61.0938,61.4957,0.8936,0.9954,-1,0.2687,-0.0833,0.1854,HOLDING
2017-08-17,12,DUK,ED,60.7823,61.1862,0.8936,0.7906,-1,0.2937,-0.0833,0.2104,HOLDING
2017-08-18,12,DUK,ED,61.1433,61.562,0.8936,0.7976,-1,0.2758,-0.0833,0.1925,HOLDING
2017-08-21,12,DUK,ED,61.2849,61.7242,0.8936,0.7093,-1,0.2783,-0.0833,0.195,HOLDING
2017-08-22,12,DUK,ED,61.2636,61.8568,0.8936,0.1353,-1,0.38,-0.0833,0.2966,HOLDING
2017-08-23,12,DUK,ED,61.4972,62.1001,0.8936,0.1203,-1,0.3684,-0.0833,0.285,HOLDING
2017-08-24,12,DUK,ED,61.4194,62.0779,0.8936,-0.1509,-1,0.4105,-0.0833,0.3272,HOLDING
2017-08-25,12,DUK,ED,61.745,62.2622,0.8936,0.4614,-1,0.2938,-0.0833,0.2104,HOLDING
2017-08-28,12,DUK,ED,61.8795,62.3433,0.8936,0.6852,-1,0.2488,-0.0833,0.1654,HOLDING
2017-08-29,12,DUK,ED,61.9361,62.2179,0.8936,1.4924,-1,0.1262,-0.0833,0.0429,HOLDING
2017-08-30,12,DUK,ED,61.7803,61.9674,0.8936,1.6352,-1,0.0765,-0.0833,-0.0068,HOLDING
2017-08-31,12,DUK,ED,61.7945,62.1074,0.8936,1.0723,-1,0.1572,-0.0833,0.0738,HOLDING
2017-09-01,12,DUK,ED,61.6459,61.9011,0.8936,1.433,-1,0.1311,-0.0833,0.0477,HOLDING
2017-09-05,12,DUK,ED,61.8724,62.1811,0.8936,1.177,-1,0.1485,-0.0833,0.0652,HOLDING
2017-09-06,12,DUK,ED,61.5751,61.9453,0.8936,0.6022,-1,0.2112,-0.0833,0.1279,HOLDING
2017-09-07,12,DUK,ED,61.8228,62.4538,0.8936,-0.7131,-1,0.3617,-0.0833,0.2784,HOLDING
2017-09-08,12,DUK,ED,62.1343,63.036,0.8936,-1.911,-1,0.5138,-0.0833,0.4305,HOLDING
2017-09-11,12,DUK,ED,62.5307,63.4193,0.8936,-1.5197,-1,0.475,-0.0833,0.3917,HOLDING
2017-09-12,12,DUK,ED,61.7803,62.0632,0.8936,1.0961,-1,0.1388,-0.0833,0.0554,HOLDING
2017-09-13,12,DUK,ED,61.4194,61.7315,0.8936,0.6617,-1,0.1855,-0.0833,0.1021,HOLDING
2017-09-14,12,DUK,ED,61.9361,62.2843,0.8936,0.7595,-1,0.1693,-0.0833,0.086,HOLDING
2017-09-15,12,DUK,ED,61.7945,62.2327,0.8936,0.17,-1,0.2386,-0.0833,0.1553,HOLDING
2017-09-18,12,DUK,ED,60.9168,61.5915,0.8936,-1.4999,-1,0.4595,-0.0833,0.3762,HOLDING
2017-09-19,12,DUK,ED,60.8602,61.4736,0.8936,-1.1327,-1,0.424,-0.0833,0.3406,HOLDING
2017-09-20,12,DUK,ED,60.308,60.8766,0.8936,-1.2084,-1,0.4371,-0.0833,0.3538,HOLDING
2017-09-21,12,DUK,ED,60.2797,60.7513,0.8936,-0.7572,-1,0.3762,-0.0833,0.2929,HOLDING
2017-09-22,12,DUK,ED,59.6356,60.1322,0.8936,-1.2278,-1,0.4418,-0.0833,0.3584,HOLDING
2017-09-25,12,DUK,ED,60.2656,60.6113,0.8936,-0.1484,-1,0.2955,-0.0833,0.2122,HOLDING
2017-09-26,12,DUK,ED,60.0391,60.3165,0.8936,0.0481,-1,0.2685,-0.0833,0.1851,HOLDING
2017-09-27,12,DUK,ED,59.4161,59.4173,0.8936,1.0034,-1,0.1366,-0.0833,0.0533,HOLDING
2017-09-28,12,DUK,ED,59.6427,59.4837,0.8936,1.8068,-1,0.0152,-0.0833,-0.0681,HOLDING
2017-09-29,12,DUK,ED,59.402,59.4615,0.8936,0.6851,-1,0.1756,-0.0833,0.0923,HOLDING
2017-10-02,12,DUK,ED,59.7135,59.7785,0.8936,0.8518,-1,0.1554,-0.0833,0.072,HOLDING
2017-10-03,12,DUK,ED,59.3525,59.6237,0.8936,-0.258,-1,0.317,-0.0833,0.2337,HOLDING
2017-10-04,12,DUK,ED,59.7913,60.2723,0.8936,-0.9006,-1,0.4197,-0.0833,0.3363,HOLDING
2017-10-05,12,DUK,ED,59.6639,60.2649,0.8936,-1.4025,-1,0.5074,-0.0833,0.4241,HOLDING
2017-10-06,12,DUK,ED,59.9117,60.1101,0.8936,0.4464,-1,0.2269,-0.0833,0.1436,HOLDING
2017-10-09,12,DUK,ED,60.0391,60.0585,0.8936,1.2153,-1,0.1008,-0.0833,0.0175,HOLDING
2017-10-10,12,DUK,ED,60.7257,60.7292,0.8936,1.5579,-1,0.038,-0.0833,-0.0454,HOLDING
2017-10-11,12,DUK,ED,61.1504,61.0535,0.8936,1.9196,-1,-0.0598,-0.0833,-0.1431,HOLDING
2017-10-12,12,DUK,ED,61.561,61.562,0.8936,1.5661,-1,-0.0276,-0.0833,-0.1109,HOLDING
2017-10-13,12,DUK,ED,61.4335,61.2304,0.8936,1.9163,-1,-0.1505,-0.0833,-0.2338,HOLDING
2017-10-16,12,DUK,ED,61.6742,61.0608,0.8936,2.5748,-1,-0.4355,-0.0833,-0.5188,HOLDING
2017-10-17,12,DUK,ED,61.9432,61.5841,0.8936,1.715,-1,-0.2908,-0.0833,-0.3741,HOLDING
2017-10-18,12,DUK,ED,61.6105,61.7463,0.8936,0.3092,-1,0.0562,-0.0833,-0.0271,HOLDING
2017-10-19,12,DUK,ED,62.1838,62.5275,0.8936,-0.0952,-1,0.1474,-0.0833,0.0641,HOLDING
2017-10-20,12,DUK,ED,62.2405,62.5423,0.8936,-0.0385,-1,0.1159,-0.0833,0.0325,HOLDING
2017-10-23,12,DUK,ED,61.9644,62.7191,0.8936,-1.3297,-1,0.4313,-0.0833,0.348,HOLDING
2017-10-24,12,DUK,ED,62.2829,63.2056,0.8936,-1.5298,-1,0.5161,-0.0833,0.4327,HOLDING
2017-10-25,12,DUK,ED,62.1131,62.8886,0.8936,-1.1174,-1,0.4335,-0.0833,0.3502,HOLDING
2017-10-26,12,DUK,ED,61.837,63.0139,0.8936,-1.8631,-1,0.7154,-0.0833,0.6321,HOLDING
2017-10-27,12,DUK,ED,62.2546,63.3235,0.8936,-1.3495,-1,0.6132,-0.0833,0.5299,HOLDING
2017-10-30,12,DUK,ED,62.3679,63.3087,0.8936,-0.9663,-1,0.5214,-0.0833,0.4381,HOLDING
2017-10-31,12,DUK,ED,62.5094,63.4193,0.8936,-0.8276,-1,0.4904,-0.0833,0.4071,HOLDING
2017-11-01,12,DUK,ED,62.1909,63.2351,0.8936,-1.1316,-1,0.6021,-0.0833,0.5187,HOLDING
2017-11-02,12,DUK,ED,62.6864,63.972,0.8936,-1.3934,-1,0.7211,-0.0833,0.6377,HOLDING
2017-11-03,12,DUK,ED,62.6581,64.1489,0.8936,-1.5752,-1,0.8566,-0.0833,0.7733,HOLDING
2017-11-06,12,DUK,ED,62.198,63.6183,0.8936,-1.3943,-1,0.8459,-0.0833,0.7626,HOLDING
2017-11-07,12,DUK,ED,63.2527,64.628,0.8936,-0.9686,-1,0.736,-0.0833,0.6527,HOLDING
2017-11-08,12,DUK,ED,63.1606,64.7533,0.8936,-1.2077,-1,0.8843,-0.0833,0.8009,HOLDING
2017-11-09,12,DUK,ED,63.4438,64.6059,0.8936,-0.3921,-1,0.5828,-0.0833,0.4995,HOLDING
2017-11-10,12,DUK,ED,62.92,64.2595,0.8936,-0.7262,-1,0.7382,-0.0833,0.6549,HOLDING
2017-11-13,12,DUK,ED,63.6208,65.0849,0.8936,-0.7324,-1,0.7656,-0.0833,0.6823,HOLDING
2017-11-14,12,DUK,ED,64.4772,66.0803,0.8936,-0.7475,-1,0.7903,-0.0833,0.707,HOLDING
2017-11-15,12,DUK,ED,64.1162,65.382,0.8936,0.1171,-1,0.5988,-0.0833,0.5154,HOLDING
2017-11-16,12,DUK,ED,63.7731,64.8918,0.8936,0.5829,-1,0.5294,-0.0833,0.4461,HOLDING
2017-11-17,12,DUK,ED,63.2799,64.2752,0.8936,1.1219,-1,0.4871,-0.0833,0.4037,HOLDING
2017-11-20,12,DUK,ED,63.3799,63.8816,0.8936,2.7128,-1,0.1585,-0.0833,0.0752,HOLDING
2017-11-21,12,DUK,ED,63.4872,64.2381,0.8936,1.6543,-1,0.3123,-0.0833,0.229,HOLDING
2017-11-22,12,DUK,ED,63.3585,64.3718,0.8936,0.7126,-1,0.4927,-0.0833,0.4094,HOLDING
2017-11-24,12,DUK,ED,63.4657,64.5501,0.8936,0.4635,-1,0.5307,-0.0833,0.4473,HOLDING
2017-11-27,12,DUK,ED,63.5372,64.9958,0.8936,-0.7488,-1,0.7684,-0.0833,0.685,HOLDING
2017-11-28,12,DUK,ED,63.6087,65.3523,0.8936,-1.4818,-1,0.9481,-0.0833,0.8648,HOLDING
2017-11-29,12,DUK,ED,63.623,65.6643,0.8936,-2.0202,-1,1.1405,-0.0833,1.0571,HOLDING
2017-11-30,12,DUK,ED,63.7517,66.1397,0.8936,-2.3294,-1,1.3559,-0.0833,1.2726,HOLDING
2017-12-01,12,DUK,ED,63.43,65.9763,0.8936,-2.2717,-1,1.4834,-0.0833,1.4001,HOLDING
2017-12-04,12,DUK,ED,63.3513,65.7237,0.8936,-1.7184,-1,1.3764,-0.0833,1.2931,HOLDING
2017-12-05,12,DUK,ED,62.8795,65.382,0.8936,-1.8182,-1,1.4971,-0.0833,1.4137,HOLDING
2017-12-06,12,DUK,ED,63.1298,65.7163,0.8936,-1.6481,-1,1.5325,-0.0833,1.4492,HOLDING
2017-12-07,12,DUK,ED,62.8366,65.7312,0.8936,-1.877,-1,1.7551,-0.0833,1.6718,HOLDING
2017-12-08,12,DUK,ED,62.9439,66.0506,0.8936,-1.8299,-1,1.8848,-0.0833,1.8014,HOLDING
2017-12-11,12,DUK,ED,63.1726,66.6002,0.8936,-1.8533,-1,2.0758,-0.0833,1.9925,HOLDING
2017-12-12,12,DUK,ED,62.2862,65.434,0.8936,-1.5102,-1,1.9618,-0.0833,1.8785,HOLDING
2017-12-13,12,DUK,ED,62.5936,65.3523,0.8936,-0.9407,-1,1.6855,-0.0833,1.6021,HOLDING
2017-12-14,12,DUK,ED,62.5936,65.0626,0.8936,-0.5653,-1,1.4972,-0.0833,1.4139,HOLDING
2017-12-15,12,DUK,ED,62.7938,65.5455,0.8936,-0.7501,-1,1.6656,-0.0833,1.5822,HOLDING
2017-12-18,12,DUK,ED,61.8644,64.8621,0.8936,-1.0828,-1,1.8965,-0.0833,1.8132,HOLDING
2017-12-19,12,DUK,ED,60.7707,63.5547,0.8936,-0.9907,-1,1.8414,-0.0833,1.758,HOLDING
2017-12-20,12,DUK,ED,60.3989,63.0719,0.8936,-0.8723,-1,1.7976,-0.0833,1.7143,HOLDING
2017-12-21,12,DUK,ED,60.2631,62.9828,0.8936,-0.9131,-1,1.8384,-0.0833,1.755,HOLDING
2017-12-22,12,DUK,ED,60.1702,62.953,0.8936,-1.0137,-1,1.8866,-0.0833,1.8032,HOLDING
2017-12-26,12,DUK,ED,59.7627,62.5445,0.8936,-1.1141,-1,1.917,-0.0833,1.8337,HOLDING
2017-12-27,12,DUK,ED,60.0344,62.8862,0.8936,-1.1382,-1,1.9418,-0.0833,1.8585,HOLDING
2017-12-28,12,DUK,ED,60.0415,63.2056,0.8936,-1.785,-1,2.1442,-0.0833,2.0608,HOLDING
2017-12-29,12,DUK,ED,60.1273,63.1016,0.8936,-1.1693,-1,2.0143,-0.0833,1.9309,HOLDING
2018-01-02,12,DUK,ED,59.4982,62.084,0.8936,-0.3336,-1,1.8099,-0.0833,1.7266,HOLDING
2018-01-03,12,DUK,ED,59.3123,61.4971,0.8936,0.9031,-1,1.5636,-0.0833,1.4802,HOLDING
2018-01-04,12,DUK,ED,58.8477,60.7766,0.8936,1.5424,-1,1.4329,-0.0833,1.3495,HOLDING
2018-01-05,12,DUK,ED,58.576,60.7172,0.8936,0.7792,-1,0.0,1.4262,1.4262,PERIOD_END_EXIT
2017-07-10,13,ED,XEL,58.7399,35.1397,0.8282,0.0,0,0.0,0.0,0.0,HOLD_CASH
2017-07-11,13,ED,XEL,58.7691,35.1243,0.8282,0.0,0,0.0,0.0,0.0,HOLD_CASH
2017-07-12,13,ED,XEL,59.2808,35.3942,0.8282,0.0,0,0.0,0.0,0.0,HOLD_CASH
2017-07-13,13,ED,XEL,58.7107,35.2245,0.8282,0.0,0,0.0,0.0,0.0,HOLD_CASH
2017-07-14,13,ED,XEL,59.003,35.4174,0.8282,0.0,0,0.0,0.0,0.0,HOLD_CASH
2017-07-17,13,ED,XEL,59.2808,35.5716,0.8282,0.0,0,0.0,0.0,0.0,HOLD_CASH
2017-07-18,13,ED,XEL,59.3538,35.7876,0.8282,0.0,0,0.0,0.0,0.0,HOLD_CASH
2017-07-19,13,ED,XEL,59.7485,35.9573,0.8282,0.0,0,0.0,0.0,0.0,HOLD_CASH
2017-07-20,13,ED,XEL,60.2309,36.3506,0.8282,0.0,0,0.0,0.0,0.0,HOLD_CASH
2017-07-21,13,ED,XEL,60.6109,36.5743,0.8282,0.0,0,0.0,0.0,0.0,HOLD_CASH
2017-07-24,13,ED,XEL,60.0335,36.1732,0.8282,0.0,0,0.0,0.0,0.0,HOLD_CASH
2017-07-25,13,ED,XEL,59.5731,36.019,0.8282,0.0,0,0.0,0.0,0.0,HOLD_CASH
2017-07-26,13,ED,XEL,60.0116,36.4586,0.8282,0.0,0,0.0,0.0,0.0,HOLD_CASH
2017-07-27,13,ED,XEL,60.1432,36.7594,0.8282,0.0,0,0.0,0.0,0.0,HOLD_CASH
2017-07-28,13,ED,XEL,60.209,36.3738,0.8282,0.0,0,0.0,0.0,0.0,HOLD_CASH
2017-07-31,13,ED,XEL,60.5598,36.4895,0.8282,0.0,0,0.0,0.0,0.0,HOLD_CASH
2017-08-01,13,ED,XEL,60.472,36.69,0.8282,0.0,0,0.0,0.0,0.0,HOLD_CASH
2017-08-02,13,ED,XEL,60.4428,36.798,0.8282,0.0,0,0.0,0.0,0.0,HOLD_CASH
2017-08-03,13,ED,XEL,60.7498,37.1065,0.8282,0.0,0,0.0,0.0,0.0,HOLD_CASH
2017-08-04,13,ED,XEL,60.5159,36.9985,0.8282,-1.7783,0,0.0,0.0,0.0,HOLD_CASH
2017-08-07,13,ED,XEL,61.0275,37.1759,0.8282,-0.7549,0,0.0,0.0,0.0,HOLD_CASH
2017-08-08,13,ED,XEL,61.4368,37.361,0.8282,-0.1411,0,0.0,0.0,0.0,HOLD_CASH
2017-08-09,13,ED,XEL,60.8521,37.2299,0.8282,-1.5074,0,0.0,0.0,0.0,HOLD_CASH
2017-08-10,13,ED,XEL,61.1299,37.5153,0.8282,-1.6692,0,0.0,0.0,0.0,HOLD_CASH
2017-08-11,13,ED,XEL,60.5671,37.1682,0.8282,-1.7416,0,0.0,0.0,0.0,HOLD_CASH
2017-08-14,13,ED,XEL,60.8398,37.3533,0.8282,-1.491,0,0.0,0.0,0.0,HOLD_CASH
2017-08-15,13,ED,XEL,61.2083,37.5847,0.8282,-1.1747,0,0.0,0.0,0.0,HOLD_CASH
2017-08-16,13,ED,XEL,61.4957,37.7466,0.8282,-0.8661,0,0.0,0.0,0.0,HOLD_CASH
2017-08-17,13,ED,XEL,61.1862,37.5384,0.8282,-0.8687,0,0.0,0.0,0.0,HOLD_CASH
2017-08-18,13,ED,XEL,61.562,37.7929,0.8282,-0.6849,0,0.0,0.0,0.0,HOLD_CASH
2017-08-21,13,ED,XEL,61.7242,37.9549,0.8282,-0.8097,0,0.0,0.0,0.0,HOLD_CASH
2017-08-22,13,ED,XEL,61.8568,37.8932,0.8282,0.0637,0,0.0,0.0,0.0,HOLD_CASH
2017-08-23,13,ED,XEL,62.1001,38.0783,0.8282,0.0588,0,0.0,0.0,0.0,HOLD_CASH
2017-08-24,13,ED,XEL,62.0779,38.0629,0.8282,0.0197,0,0.0,0.0,0.0,HOLD_CASH
2017-08-25,13,ED,XEL,62.2622,38.0783,0.8282,0.7778,0,0.0,0.0,0.0,HOLD_CASH
2017-08-28,13,ED,XEL,62.3433,38.2094,0.8282,0.64,0,0.0,0.0,0.0,HOLD_CASH
2017-08-29,13,ED,XEL,62.2179,38.1786,0.8282,0.2736,0,0.0,0.0,0.0,HOLD_CASH
2017-08-30,13,ED,XEL,61.9674,38.1631,0.8282,-1.0247,0,0.0,0.0,0.0,HOLD_CASH
2017-08-31,13,ED,XEL,62.1074,38.1786,0.8282,-0.272,0,0.0,0.0,0.0,HOLD_CASH
2017-09-01,13,ED,XEL,61.9011,38.0706,0.8282,-0.6174,0,0.0,0.0,0.0,HOLD_CASH
2017-09-05,13,ED,XEL,62.1811,38.2943,0.8282,-0.666,0,0.0,0.0,0.0,HOLD_CASH
2017-09-06,13,ED,XEL,61.9453,38.2248,0.8282,-1.5982,0,0.0,0.0,0.0,HOLD_CASH
2017-09-07,13,ED,XEL,62.4538,38.4794,0.8282,-0.3294,0,0.0,0.0,0.0,HOLD_CASH
2017-09-08,13,ED,XEL,63.036,38.7416,0.8282,1.218,0,0.0,0.0,0.0,HOLD_CASH
2017-09-11,13,ED,XEL,63.4193,38.9576,0.8282,1.6519,0,0.0,0.0,0.0,HOLD_CASH
2017-09-12,13,ED,XEL,62.0632,38.2017,0.8282,-0.7146,0,0.0,0.0,0.0,HOLD_CASH
2017-09-13,13,ED,XEL,61.7315,37.9163,0.8282,-0.3714,0,0.0,0.0,0.0,HOLD_CASH
2017-09-14,13,ED,XEL,62.2843,38.1494,0.8282,1.2235,0,0.0,0.0,0.0,HOLD_CASH
2017-09-15,13,ED,XEL,62.2327,38.1339,0.8282,0.9155,0,0.0,0.0,0.0,HOLD_CASH
2017-09-18,13,ED,XEL,61.5915,37.7765,0.8282,-0.2032,0,0.0,0.0,0.0,HOLD_CASH
2017-09-19,13,ED,XEL,61.4736,37.6366,0.8282,0.2399,0,0.0,0.0,0.0,HOLD_CASH
2017-09-20,13,ED,XEL,60.8766,37.3958,0.8282,-1.522,0,0.0,0.0,0.0,HOLD_CASH
2017-09-21,13,ED,XEL,60.7513,37.3025,0.8282,-1.3533,0,0.0,0.0,0.0,HOLD_CASH
2017-09-22,13,ED,XEL,60.1322,36.8363,0.8282,-1.157,0,0.0,0.0,0.0,HOLD_CASH
2017-09-25,13,ED,XEL,60.6113,37.0616,0.8282,0.0507,0,0.0,0.0,0.0,HOLD_CASH
2017-09-26,13,ED,XEL,60.3165,37.0694,0.8282,-1.8132,0,0.0,0.0,0.0,HOLD_CASH
2017-09-27,13,ED,XEL,59.4173,36.5489,0.8282,-2.4486,1,0.0,-0.0833,-0.0833,ENTER_LONG_A
2017-09-28,13,ED,XEL,59.4837,36.8052,0.8282,-2.8491,1,-0.214,-0.0833,-0.2973,HOLDING
2017-09-29,13,ED,XEL,59.4615,36.7664,0.8282,-2.2048,1,-0.1908,-0.0833,-0.2741,HOLDING
2017-10-02,13,ED,XEL,59.7785,36.7975,0.8282,-1.1112,1,0.0203,-0.0833,-0.0631,HOLDING
2017-10-03,13,ED,XEL,59.6237,36.6576,0.8282,-0.9149,1,0.046,-0.0833,-0.0374,HOLDING
2017-10-04,13,ED,XEL,60.2723,37.116,0.8282,-0.767,1,0.07,-0.0833,-0.0133,HOLDING
2017-10-05,13,ED,XEL,60.2649,36.9684,0.8282,-0.1128,1,0.2168,-0.0833,0.1335,HOLDING
2017-10-06,13,ED,XEL,60.1101,36.8208,0.8282,0.0918,1,0.2506,-0.0833,0.1672,HOLDING
2017-10-09,13,ED,XEL,60.0585,36.9684,0.8282,-0.6898,1,0.0585,-0.0833,-0.0248,HOLDING
2017-10-10,13,ED,XEL,60.7292,37.2481,0.8282,0.377,1,0.2841,-0.0833,0.2008,HOLDING
2017-10-11,13,ED,XEL,61.0535,37.5123,0.8282,0.2893,1,0.26,-0.0833,0.1767,HOLDING
2017-10-12,13,ED,XEL,61.562,37.8852,0.8282,0.4058,1,0.2649,-0.0833,0.1816,HOLDING
2017-10-13,13,ED,XEL,61.2304,37.7687,0.8282,-0.1895,1,0.1309,-0.0833,0.0476,HOLDING
2017-10-16,13,ED,XEL,61.0608,37.6755,0.8282,-0.308,1,0.0971,-0.0833,0.0138,HOLDING
2017-10-17,13,ED,XEL,61.5841,37.8542,0.8282,1.0476,1,0.314,-0.0833,0.2307,HOLDING
2017-10-18,13,ED,XEL,61.7463,37.8619,0.8282,1.5941,1,0.4304,-0.0833,0.347,HOLDING
2017-10-19,13,ED,XEL,62.5275,38.266,0.8282,2.1759,1,0.6124,-0.0833,0.529,HOLDING
2017-10-20,13,ED,XEL,62.5423,38.2737,0.8282,1.8918,1,0.6157,-0.0833,0.5323,HOLDING
2017-10-23,13,ED,XEL,62.7191,38.2815,0.8282,2.1086,1,0.7433,-0.0833,0.66,HOLDING
2017-10-24,13,ED,XEL,63.2056,38.4291,0.8282,2.3397,1,0.964,-0.0833,0.8807,HOLDING
2017-10-25,13,ED,XEL,62.8886,38.367,0.8282,1.5506,1,0.7851,-0.0833,0.7018,HOLDING
2017-10-26,13,ED,XEL,63.0139,38.1106,0.8282,2.2508,1,1.1461,-0.0833,1.0627,HOLDING
2017-10-27,13,ED,XEL,63.3235,38.2349,0.8282,2.1729,1,1.2551,-0.0833,1.1718,HOLDING
2017-10-30,13,ED,XEL,63.3087,38.297,0.8282,1.7221,1,1.1796,-0.0833,1.0963,HOLDING
2017-10-31,13,ED,XEL,63.4193,38.4757,0.8282,1.3206,1,1.0798,-0.0833,0.9965,HOLDING
2017-11-01,13,ED,XEL,63.2351,38.2504,0.8282,1.3898,1,1.1712,-0.0833,1.0879,HOLDING
2017-11-02,13,ED,XEL,63.972,38.2737,0.8282,2.1856,1,1.7125,-0.0833,1.6292,HOLDING
2017-11-03,13,ED,XEL,64.1489,38.5301,0.8282,1.6612,1,1.5834,-0.0833,1.5001,HOLDING
2017-11-06,13,ED,XEL,63.6183,38.3825,0.8282,1.0683,1,1.3288,-0.0833,1.2454,HOLDING
2017-11-07,13,ED,XEL,64.628,38.872,0.8282,1.4089,1,1.5978,-0.0833,1.5145,HOLDING
2017-11-08,13,ED,XEL,64.7533,39.0429,0.8282,1.1309,1,1.5173,-0.0833,1.434,HOLDING
2017-11-09,13,ED,XEL,64.6059,39.2449,0.8282,0.4368,1,1.1956,-0.0833,1.1123,HOLDING
2017-11-10,13,ED,XEL,64.2595,39.0041,0.8282,0.3298,1,1.1786,-0.0833,1.0953,HOLDING
2017-11-13,13,ED,XEL,65.0849,39.4625,0.8282,0.5991,1,1.3384,-0.0833,1.2551,HOLDING
2017-11-14,13,ED,XEL,66.0803,40.2472,0.8282,0.3802,1,1.2914,-0.0833,1.2081,HOLDING
2017-11-15,13,ED,XEL,65.382,39.7655,0.8282,0.1985,1,1.2533,-0.0833,1.17,HOLDING
2017-11-16,13,ED,XEL,64.8918,39.7655,0.8282,-1.097,1,0.8772,-0.0833,0.7939,HOLDING
2017-11-17,13,ED,XEL,64.2752,39.5402,0.8282,-1.9257,1,0.637,-0.0833,0.5537,HOLDING
2017-11-20,13,ED,XEL,63.8816,39.3071,0.8282,-1.9955,1,0.5757,-0.0833,0.4924,HOLDING
2017-11-21,13,ED,XEL,64.2381,39.3226,0.8282,-1.1096,1,0.8332,-0.0833,0.7499,HOLDING
2017-11-22,13,ED,XEL,64.3718,39.2605,0.8282,-0.6323,1,1.0,-0.0833,0.9167,HOLDING
2017-11-24,13,ED,XEL,64.5501,39.4003,0.8282,-0.6264,1,0.9923,-0.0833,0.909,HOLDING
2017-11-27,13,ED,XEL,64.9958,39.5169,0.8282,0.095,1,1.2138,-0.0833,1.1305,HOLDING
2017-11-28,13,ED,XEL,65.3523,39.8199,0.8282,-0.0383,1,1.1744,-0.0833,1.0911,HOLDING
2017-11-29,13,ED,XEL,65.6643,39.8277,0.8282,0.6455,1,1.4057,-0.0833,1.3224,HOLDING
2017-11-30,13,ED,XEL,66.1397,40.0996,0.8282,0.834,1,1.4895,-0.0833,1.4062,HOLDING
2017-12-01,13,ED,XEL,65.9763,39.9054,0.8282,1.1546,1,1.5648,-0.0833,1.4814,HOLDING
2017-12-04,13,ED,XEL,65.7237,39.6878,0.8282,1.2735,1,1.5957,-0.0833,1.5124,HOLDING
2017-12-05,13,ED,XEL,65.382,39.4703,0.8282,1.0995,1,1.5583,-0.0833,1.475,HOLDING
2017-12-06,13,ED,XEL,65.7163,39.6956,0.8282,1.174,1,1.582,-0.0833,1.4987,HOLDING
2017-12-07,13,ED,XEL,65.7312,39.5013,0.8282,1.7131,1,1.794,-0.0833,1.7107,HOLDING
2017-12-08,13,ED,XEL,66.0506,39.7811,0.8282,1.3984,1,1.7502,-0.0833,1.6668,HOLDING
2017-12-11,13,ED,XEL,66.6002,39.9675,0.8282,1.7485,1,1.9792,-0.0833,1.8959,HOLDING
2017-12-12,13,ED,XEL,65.434,39.2683,0.8282,1.2357,1,1.8069,-0.0833,1.7235,HOLDING
2017-12-13,13,ED,XEL,65.3523,39.4936,0.8282,0.4592,1,1.5114,-0.0833,1.4281,HOLDING
2017-12-14,13,ED,XEL,65.0626,39.1517,0.8282,0.7403,1,1.6423,-0.0833,1.559,HOLDING
2017-12-15,13,ED,XEL,65.5455,39.4547,0.8282,0.7789,1,1.6997,-0.0833,1.6164,HOLDING
2017-12-18,13,ED,XEL,64.8621,38.9186,0.8282,0.817,1,1.7292,-0.0833,1.6459,HOLDING
2017-12-19,13,ED,XEL,63.5547,38.3281,0.8282,-0.4094,1,1.3362,-0.0833,1.2529,HOLDING
2017-12-20,13,ED,XEL,63.0719,37.6755,0.8282,0.609,1,1.6399,-0.0833,1.5566,HOLDING
2017-12-21,13,ED,XEL,62.9828,37.5978,0.8282,0.5952,1,1.6518,-0.0833,1.5685,HOLDING
2017-12-22,13,ED,XEL,62.953,37.489,0.8282,0.9759,1,1.7414,-0.0833,1.658,HOLDING
2017-12-26,13,ED,XEL,62.5445,37.1627,0.8282,1.0848,1,1.765,-0.0833,1.6817,HOLDING
2017-12-27,13,ED,XEL,62.8862,37.421,0.8282,0.9943,1,1.7603,-0.0833,1.677,HOLDING
2017-12-28,13,ED,XEL,63.2056,37.6402,0.8282,0.9842,1,1.7789,-0.0833,1.6956,HOLDING
2017-12-29,13,ED,XEL,63.1016,37.6637,0.8282,0.1849,1,1.6749,-0.0833,1.5915,HOLDING
2018-01-02,13,ED,XEL,62.084,37.4288,0.8282,-2.7967,1,1.1368,-0.0833,1.0534,HOLDING
2018-01-03,13,ED,XEL,61.4971,37.1783,0.8282,-2.804,1,0.9453,-0.0833,0.862,HOLDING
2018-01-04,13,ED,XEL,60.7766,36.8886,0.8282,-2.8092,1,0.6918,-0.0833,0.6085,HOLDING
2018-01-05,13,ED,XEL,60.7172,36.6303,0.8282,-1.7746,1,0.0,0.7453,0.7453,PERIOD_END_EXIT
2017-07-10,14,ATO,PPL,67.7433,25.7549,0.8526,0.0,0,0.0,0.0,0.0,HOLD_CASH
2017-07-11,14,ATO,PPL,66.9714,25.6327,0.8526,0.0,0,0.0,0.0,0.0,HOLD_CASH
2017-07-12,14,ATO,PPL,68.0521,25.6598,0.8526,0.0,0,0.0,0.0,0.0,HOLD_CASH
2017-07-13,14,ATO,PPL,67.6296,25.4155,0.8526,0.0,0,0.0,0.0,0.0,HOLD_CASH
2017-07-14,14,ATO,PPL,68.0846,25.3612,0.8526,0.0,0,0.0,0.0,0.0,HOLD_CASH
2017-07-17,14,ATO,PPL,68.2552,25.5716,0.8526,0.0,0,0.0,0.0,0.0,HOLD_CASH
2017-07-18,14,ATO,PPL,68.3203,25.5852,0.8526,0.0,0,0.0,0.0,0.0,HOLD_CASH
2017-07-19,14,ATO,PPL,68.7346,25.8771,0.8526,0.0,0,0.0,0.0,0.0,HOLD_CASH
2017-07-20,14,ATO,PPL,69.4985,25.9585,0.8526,0.0,0,0.0,0.0,0.0,HOLD_CASH
2017-07-21,14,ATO,PPL,70.0591,26.169,0.8526,0.0,0,0.0,0.0,0.0,HOLD_CASH
2017-07-24,14,ATO,PPL,69.8398,26.0671,0.8526,0.0,0,0.0,0.0,0.0,HOLD_CASH
2017-07-25,14,ATO,PPL,70.6117,25.7752,0.8526,0.0,0,0.0,0.0,0.0,HOLD_CASH
2017-07-26,14,ATO,PPL,70.506,25.8567,0.8526,0.0,0,0.0,0.0,0.0,HOLD_CASH
2017-07-27,14,ATO,PPL,70.7092,25.8771,0.8526,0.0,0,0.0,0.0,0.0,HOLD_CASH
2017-07-28,14,ATO,PPL,70.3435,25.9178,0.8526,0.0,0,0.0,0.0,0.0,HOLD_CASH
2017-07-31,14,ATO,PPL,70.4979,26.0196,0.8526,0.0,0,0.0,0.0,0.0,HOLD_CASH
2017-08-01,14,ATO,PPL,71.0017,26.2097,0.8526,0.0,0,0.0,0.0,0.0,HOLD_CASH
2017-08-02,14,ATO,PPL,72.0662,26.4473,0.8526,0.0,0,0.0,0.0,0.0,HOLD_CASH
2017-08-03,14,ATO,PPL,71.0261,26.5491,0.8526,0.0,0,0.0,0.0,0.0,HOLD_CASH
2017-08-04,14,ATO,PPL,70.8473,26.3319,0.8526,0.3512,0,0.0,0.0,0.0,HOLD_CASH
2017-08-07,14,ATO,PPL,70.5954,26.359,0.8526,-0.063,0,0.0,0.0,0.0,HOLD_CASH
2017-08-08,14,ATO,PPL,71.1723,26.359,0.8526,0.5263,0,0.0,0.0,0.0,HOLD_CASH
2017-08-09,14,ATO,PPL,71.0423,26.2029,0.8526,0.7578,0,0.0,0.0,0.0,HOLD_CASH
2017-08-10,14,ATO,PPL,71.2374,26.3047,0.8526,0.6251,0,0.0,0.0,0.0,HOLD_CASH
2017-08-11,14,ATO,PPL,70.8229,26.1282,0.8526,0.5471,0,0.0,0.0,0.0,HOLD_CASH
2017-08-14,14,ATO,PPL,71.2942,26.2504,0.8526,0.7584,0,0.0,0.0,0.0,HOLD_CASH
2017-08-15,14,ATO,PPL,71.3267,26.4201,0.8526,0.0945,0,0.0,0.0,0.0,HOLD_CASH
2017-08-16,14,ATO,PPL,71.8305,26.5084,0.8526,0.5572,0,0.0,0.0,0.0,HOLD_CASH
2017-08-17,14,ATO,PPL,71.4303,26.3522,0.8526,0.3992,0,0.0,0.0,0.0,HOLD_CASH
2017-08-18,14,ATO,PPL,71.1526,26.4201,0.8526,-0.6845,0,0.0,0.0,0.0,HOLD_CASH
2017-08-21,14,ATO,PPL,71.5365,26.4337,0.8526,0.0737,0,0.0,0.0,0.0,HOLD_CASH
2017-08-22,14,ATO,PPL,72.0184,26.5016,0.8526,1.0494,0,0.0,0.0,0.0,HOLD_CASH
2017-08-23,14,ATO,PPL,72.1,26.8274,0.8526,-0.7753,0,0.0,0.0,0.0,HOLD_CASH
2017-08-24,14,ATO,PPL,72.2062,26.8139,0.8526,-0.3026,0,0.0,0.0,0.0,HOLD_CASH
2017-08-25,14,ATO,PPL,72.2552,26.8749,0.8526,-0.5359,0,0.0,0.0,0.0,HOLD_CASH
2017-08-28,14,ATO,PPL,72.4349,26.8342,0.8526,0.2936,0,0.0,0.0,0.0,HOLD_CASH
2017-08-29,14,ATO,PPL,72.0266,26.7324,0.8526,-0.2138,0,0.0,0.0,0.0,HOLD_CASH
2017-08-30,14,ATO,PPL,71.855,26.5966,0.8526,0.3434,0,0.0,0.0,0.0,HOLD_CASH
2017-08-31,14,ATO,PPL,71.904,26.6374,0.8526,0.0823,0,0.0,0.0,0.0,HOLD_CASH
2017-09-01,14,ATO,PPL,72.002,26.5491,0.8526,1.1771,0,0.0,0.0,0.0,HOLD_CASH
2017-09-05,14,ATO,PPL,71.8877,26.5898,0.8526,0.2286,0,0.0,0.0,0.0,HOLD_CASH
2017-09-06,14,ATO,PPL,70.8341,26.5559,0.8526,-3.2288,1,0.0,-0.0833,-0.0833,ENTER_LONG_A
2017-09-07,14,ATO,PPL,71.3814,26.8542,0.8526,-2.7072,1,-0.0833,-0.0833,-0.1666,HOLDING
2017-09-08,14,ATO,PPL,71.2343,27.1216,0.8526,-3.1108,1,-0.5629,-0.0833,-0.6462,HOLDING
2017-09-11,14,ATO,PPL,71.8795,27.3137,0.8526,-2.191,1,-0.4305,-0.0833,-0.5138,HOLDING
2017-09-12,14,ATO,PPL,70.8423,26.7925,0.8526,-1.7073,1,-0.3365,-0.0833,-0.4198,HOLDING
2017-09-13,14,ATO,PPL,70.1562,26.621,0.8526,-1.8509,1,-0.5246,-0.0833,-0.6079,HOLDING
2017-09-14,14,ATO,PPL,71.0138,26.8268,0.8526,-1.1666,1,-0.2771,-0.0833,-0.3604,HOLDING
2017-09-15,14,ATO,PPL,71.1608,26.9571,0.8526,-1.2285,1,-0.3719,-0.0833,-0.4552,HOLDING
2017-09-18,14,ATO,PPL,70.6463,26.8199,0.8526,-1.3442,1,-0.5006,-0.0833,-0.5839,HOLDING
2017-09-19,14,ATO,PPL,70.1807,26.8953,0.8526,-1.8519,1,-0.9051,-0.0833,-0.9885,HOLDING
2017-09-20,14,ATO,PPL,69.4865,26.6348,0.8526,-1.7526,1,-0.9697,-0.0833,-1.053,HOLDING
2017-09-21,14,ATO,PPL,69.0537,26.6142,0.8526,-1.8738,1,-1.2148,-0.0833,-1.2982,HOLDING
2017-09-22,14,ATO,PPL,68.5146,26.381,0.8526,-1.6582,1,-1.2204,-0.0833,-1.3037,HOLDING
2017-09-25,14,ATO,PPL,69.4212,26.4976,0.8526,-0.9113,1,-0.8131,-0.0833,-0.8964,HOLDING
2017-09-26,14,ATO,PPL,69.7479,26.5662,0.8526,-0.6603,1,-0.7047,-0.0833,-0.788,HOLDING
2017-09-27,14,ATO,PPL,68.6861,26.0656,0.8526,-0.5237,1,-0.6559,-0.0833,-0.7393,HOLDING
2017-09-28,14,ATO,PPL,68.8495,26.1822,0.8526,-0.5556,1,-0.7206,-0.0833,-0.8039,HOLDING
2017-09-29,14,ATO,PPL,68.4738,26.0244,0.8526,-0.5062,1,-0.7314,-0.0833,-0.8147,HOLDING
2017-10-02,14,ATO,PPL,69.1517,25.8667,0.8526,1.0299,1,-0.0731,-0.0833,-0.1564,HOLDING
2017-10-03,14,ATO,PPL,68.9393,25.6884,0.8526,1.6104,1,0.0495,-0.0833,-0.0338,HOLDING
2017-10-04,14,ATO,PPL,69.1517,25.8187,0.8526,1.4641,1,-0.0038,-0.0833,-0.0871,HOLDING
2017-10-05,14,ATO,PPL,69.2578,25.5787,0.8526,2.2436,1,0.4103,-0.0833,0.3269,HOLDING
2017-10-06,14,ATO,PPL,69.609,25.5924,0.8526,2.2115,1,0.6135,-0.0833,0.5301,HOLDING
2017-10-09,14,ATO,PPL,69.7152,25.6678,0.8526,1.826,1,0.572,-0.0833,0.4886,HOLDING
2017-10-10,14,ATO,PPL,70.1481,25.9559,0.8526,1.4031,1,0.4309,-0.0833,0.3476,HOLDING
2017-10-11,14,ATO,PPL,70.4013,26.0039,0.8526,1.3902,1,0.5224,-0.0833,0.439,HOLDING
2017-10-12,14,ATO,PPL,70.8831,26.3125,0.8526,1.0663,1,0.3827,-0.0833,0.2994,HOLDING
2017-10-13,14,ATO,PPL,70.4748,25.757,0.8526,1.6875,1,0.9256,-0.0833,0.8422,HOLDING
2017-10-16,14,ATO,PPL,70.4421,25.6473,0.8526,1.6468,1,1.0633,-0.0833,0.9799,HOLDING
2017-10-17,14,ATO,PPL,70.4176,25.7021,0.8526,1.3564,1,0.9685,-0.0833,0.8852,HOLDING
2017-10-18,14,ATO,PPL,70.5891,25.7296,0.8526,1.3026,1,1.0378,-0.0833,0.9544,HOLDING
2017-10-19,14,ATO,PPL,71.1199,25.9284,0.8526,1.25,1,1.0877,-0.0833,1.0043,HOLDING
2017-10-20,14,ATO,PPL,70.9484,25.8873,0.8526,1.1113,1,1.0382,-0.0833,0.9549,HOLDING
2017-10-23,14,ATO,PPL,70.7116,26.1479,0.8526,0.2672,1,0.5115,-0.0833,0.4281,HOLDING
2017-10-24,14,ATO,PPL,70.4911,26.0039,0.8526,0.2991,1,0.5794,-0.0833,0.4961,HOLDING
2017-10-25,14,ATO,PPL,70.2706,25.8461,0.8526,0.3741,1,0.6671,-0.0833,0.5838,HOLDING
2017-10-26,14,ATO,PPL,70.5319,25.8461,0.8526,0.6196,1,0.8331,-0.0833,0.7498,HOLDING
2017-10-27,14,ATO,PPL,71.2915,25.8873,0.8526,1.5832,1,1.256,-0.0833,1.1727,HOLDING
2017-10-30,14,ATO,PPL,71.0056,25.709,0.8526,1.66,1,1.332,-0.0833,1.2487,HOLDING
2017-10-31,14,ATO,PPL,71.2506,25.757,0.8526,1.7121,1,1.4183,-0.0833,1.3349,HOLDING
2017-11-01,14,ATO,PPL,71.0301,25.3318,0.8526,2.5676,1,1.8923,-0.0833,1.8089,HOLDING
2017-11-02,14,ATO,PPL,70.6626,25.3044,0.8526,1.8152,1,1.6985,-0.0833,1.6151,HOLDING
2017-11-03,14,ATO,PPL,71.5365,25.1947,0.8526,2.6164,1,2.4119,-0.0833,2.3285,HOLDING
2017-11-06,14,ATO,PPL,71.7407,25.0369,0.8526,2.5338,1,2.7693,-0.0833,2.686,HOLDING
2017-11-07,14,ATO,PPL,72.3369,25.517,0.8526,1.7371,1,2.4547,-0.0833,2.3714,HOLDING
2017-11-08,14,ATO,PPL,72.8841,25.3181,0.8526,2.1847,1,3.0894,-0.0833,3.0061,HOLDING
2017-11-09,14,ATO,PPL,73.3333,25.2084,0.8526,2.2603,1,3.5331,-0.0833,3.4498,HOLDING
2017-11-10,14,ATO,PPL,72.8187,24.8861,0.8526,2.0448,1,3.6718,-0.0833,3.5885,HOLDING
2017-11-13,14,ATO,PPL,73.1291,25.1192,0.8526,1.6356,1,3.5322,-0.0833,3.4488,HOLDING
2017-11-14,14,ATO,PPL,73.9458,25.421,0.8526,1.4796,1,3.615,-0.0833,3.5317,HOLDING
2017-11-15,14,ATO,PPL,73.1536,25.0644,0.8526,1.3635,1,3.6269,-0.0833,3.5436,HOLDING
2017-11-16,14,ATO,PPL,73.4639,24.8381,0.8526,1.599,1,4.1508,-0.0833,4.0675,HOLDING
2017-11-17,14,ATO,PPL,72.9576,24.8655,0.8526,1.1821,1,3.7897,-0.0833,3.7064,HOLDING
2017-11-20,14,ATO,PPL,72.7779,24.6255,0.8526,1.2698,1,4.0222,-0.0833,3.9389,HOLDING
2017-11-21,14,ATO,PPL,73.0311,24.7009,0.8526,1.1976,1,4.0741,-0.0833,3.9907,HOLDING
2017-11-22,14,ATO,PPL,72.7697,24.7284,0.8526,0.9476,1,3.8685,-0.0833,3.7851,HOLDING
2017-11-24,14,ATO,PPL,72.8559,24.8998,0.8526,0.687,1,3.6756,-0.0833,3.5923,HOLDING
2017-11-27,14,ATO,PPL,73.4965,25.085,0.8526,0.7217,1,3.815,-0.0833,3.7317,HOLDING
2017-11-28,14,ATO,PPL,74.1288,25.0507,0.8526,1.1168,1,4.2661,-0.0833,4.1827,HOLDING
2017-11-29,14,ATO,PPL,74.3259,25.1055,0.8526,1.1119,1,4.312,-0.0833,4.2286,HOLDING
2017-11-30,14,ATO,PPL,75.7876,25.1467,0.8526,1.9572,1,5.1808,-0.0833,5.0974,HOLDING
2017-12-01,14,ATO,PPL,75.7466,24.8724,0.8526,2.2834,1,5.5509,-0.0833,5.4675,HOLDING
2017-12-04,14,ATO,PPL,75.3031,24.6598,0.8526,2.0777,1,5.5763,-0.0833,5.493,HOLDING
2017-12-05,14,ATO,PPL,75.0978,24.2003,0.8526,2.3333,1,6.1094,-0.0833,6.0261,HOLDING
2017-12-06,14,ATO,PPL,75.0814,24.2826,0.8526,1.9521,1,5.9802,-0.0833,5.8969,HOLDING
2017-12-07,14,ATO,PPL,75.1881,24.2861,0.8526,1.7716,1,6.043,-0.0833,5.9596,HOLDING
2017-12-08,14,ATO,PPL,75.3852,23.9255,0.8526,2.0916,1,6.6889,-0.0833,6.6056,HOLDING
2017-12-11,14,ATO,PPL,75.4756,24.0087,0.8526,1.7428,1,6.6261,-0.0833,6.5428,HOLDING
2017-12-12,14,ATO,PPL,73.3158,23.6065,0.8526,1.0455,1,5.8355,-0.0833,5.7521,HOLDING
2017-12-13,14,ATO,PPL,73.8742,23.4886,0.8526,1.3664,1,6.3603,-0.0833,6.277,HOLDING
2017-12-14,14,ATO,PPL,73.4308,23.44,0.8526,1.0867,1,6.1489,-0.0833,6.0655,HOLDING
2017-12-15,14,ATO,PPL,73.3897,23.5579,0.8526,0.8078,1,5.9525,-0.0833,5.8692,HOLDING
2017-12-18,14,ATO,PPL,72.8477,23.5579,0.8526,0.4396,1,5.6083,-0.0833,5.525,HOLDING
2017-12-19,14,ATO,PPL,71.5996,22.483,0.8526,1.2466,1,6.3681,-0.0833,6.2847,HOLDING
2017-12-20,14,ATO,PPL,71.074,21.9074,0.8526,1.6449,1,6.8656,-0.0833,6.7823,HOLDING
2017-12-21,14,ATO,PPL,69.6862,21.63,0.8526,1.1839,1,6.3849,-0.0833,6.3016,HOLDING
2017-12-22,14,ATO,PPL,69.8751,21.5884,0.8526,1.285,1,6.5649,-0.0833,6.4816,HOLDING
2017-12-26,14,ATO,PPL,69.4727,21.3318,0.8526,1.4208,1,6.68,-0.0833,6.5966,HOLDING
2017-12-27,14,ATO,PPL,69.7929,21.3804,0.8526,1.4725,1,6.8132,-0.0833,6.7299,HOLDING
2017-12-28,14,ATO,PPL,70.2856,21.4358,0.8526,1.6872,1,7.046,-0.0833,6.9627,HOLDING
2017-12-29,14,ATO,PPL,70.532,21.4636,0.8526,1.6751,1,7.1624,-0.0833,7.079,HOLDING
2018-01-02,14,ATO,PPL,69.834,21.2209,0.8526,1.5054,1,7.0696,-0.0833,6.9863,HOLDING
2018-01-03,14,ATO,PPL,69.2591,21.2694,0.8526,0.8205,1,6.6345,-0.0833,6.5512,HOLDING
2018-01-04,14,ATO,PPL,68.9635,21.3249,0.8526,0.3485,1,6.3667,-0.0833,6.2833,HOLDING
2018-01-05,14,ATO,PPL,68.3148,21.4636,0.8526,-0.6804,1,0.0,5.5967,5.5967,PERIOD_END_EXIT
2017-07-10,15,DUK,SRE,58.2821,42.2537,0.9084,0.0,0,0.0,0.0,0.0,HOLD_CASH
2017-07-11,15,DUK,SRE,58.2751,42.2918,0.9084,0.0,0,0.0,0.0,0.0,HOLD_CASH
2017-07-12,15,DUK,SRE,58.8356,42.5322,0.9084,0.0,0,0.0,0.0,0.0,HOLD_CASH
2017-07-13,15,DUK,SRE,58.4082,42.5741,0.9084,0.0,0,0.0,0.0,0.0,HOLD_CASH
2017-07-14,15,DUK,SRE,58.7375,42.7801,0.9084,0.0,0,0.0,0.0,0.0,HOLD_CASH
2017-07-17,15,DUK,SRE,58.8706,42.7343,0.9084,0.0,0,0.0,0.0,0.0,HOLD_CASH
2017-07-18,15,DUK,SRE,58.9827,42.7992,0.9084,0.0,0,0.0,0.0,0.0,HOLD_CASH
2017-07-19,15,DUK,SRE,59.0948,43.0815,0.9084,0.0,0,0.0,0.0,0.0,HOLD_CASH
2017-07-20,15,DUK,SRE,59.5012,43.5087,0.9084,0.0,0,0.0,0.0,0.0,HOLD_CASH
2017-07-21,15,DUK,SRE,59.6903,43.8406,0.9084,0.0,0,0.0,0.0,0.0,HOLD_CASH
2017-07-24,15,DUK,SRE,59.235,43.2302,0.9084,0.0,0,0.0,0.0,0.0,HOLD_CASH
2017-07-25,15,DUK,SRE,58.7165,43.0128,0.9084,0.0,0,0.0,0.0,0.0,HOLD_CASH
2017-07-26,15,DUK,SRE,59.1649,43.2302,0.9084,0.0,0,0.0,0.0,0.0,HOLD_CASH
2017-07-27,15,DUK,SRE,59.5852,43.1349,0.9084,0.0,0,0.0,0.0,0.0,HOLD_CASH
2017-07-28,15,DUK,SRE,59.4872,43.1196,0.9084,0.0,0,0.0,0.0,0.0,HOLD_CASH
2017-07-31,15,DUK,SRE,59.6343,43.1082,0.9084,0.0,0,0.0,0.0,0.0,HOLD_CASH
2017-08-01,15,DUK,SRE,59.6693,43.6727,0.9084,0.0,0,0.0,0.0,0.0,HOLD_CASH
2017-08-02,15,DUK,SRE,60.0686,43.8825,0.9084,0.0,0,0.0,0.0,0.0,HOLD_CASH
2017-08-03,15,DUK,SRE,60.6081,44.2602,0.9084,0.0,0,0.0,0.0,0.0,HOLD_CASH
2017-08-04,15,DUK,SRE,60.5871,44.7026,0.9084,-2.0496,1,0.0,-0.0833,-0.0833,ENTER_LONG_A
2017-08-07,15,DUK,SRE,60.433,44.6759,0.9084,-2.0614,1,-0.0874,-0.0833,-0.1707,HOLDING
2017-08-08,15,DUK,SRE,60.6712,44.8171,0.9084,-1.6179,1,-0.041,-0.0833,-0.1243,HOLDING
2017-08-09,15,DUK,SRE,60.3909,44.5272,0.9084,-1.2651,1,0.0143,-0.0833,-0.069,HOLDING
2017-08-10,15,DUK,SRE,60.524,44.2716,0.9084,0.085,1,0.337,-0.0833,0.2537,HOLDING
2017-08-11,15,DUK,SRE,60.0406,44.1,0.9084,-0.6728,1,0.1409,-0.0833,0.0576,HOLDING
2017-08-14,15,DUK,SRE,60.3349,44.4127,0.9084,-0.8576,1,0.0755,-0.0833,-0.0079,HOLDING
2017-08-15,15,DUK,SRE,60.8743,44.5539,0.9084,0.2831,1,0.339,-0.0833,0.2557,HOLDING
2017-08-16,15,DUK,SRE,61.0938,44.6149,0.9084,0.703,1,0.443,-0.0833,0.3597,HOLDING
2017-08-17,15,DUK,SRE,60.7823,44.1686,0.9084,1.3102,1,0.6146,-0.0833,0.5312,HOLDING
2017-08-18,15,DUK,SRE,61.1433,44.4585,0.9084,1.1751,1,0.6175,-0.0833,0.5342,HOLDING
2017-08-21,15,DUK,SRE,61.2849,45.1642,0.9084,-0.8182,1,0.0933,-0.0833,0.01,HOLDING
2017-08-22,15,DUK,SRE,61.2636,45.1184,0.9084,-0.7096,1,0.1187,-0.0833,0.0353,HOLDING
2017-08-23,15,DUK,SRE,61.4972,45.2519,0.9084,-0.4945,1,0.1685,-0.0833,0.0852,HOLDING
2017-08-24,15,DUK,SRE,61.4194,45.4198,0.9084,-1.1582,1,-0.0365,-0.0833,-0.1199,HOLDING
2017-08-25,15,DUK,SRE,61.745,45.4045,0.9084,-0.1269,1,0.2117,-0.0833,0.1284,HOLDING
2017-08-28,15,DUK,SRE,61.8795,45.4732,0.9084,0.1433,1,0.2477,-0.0833,0.1644,HOLDING
2017-08-29,15,DUK,SRE,61.9361,45.3092,0.9084,0.9587,1,0.4341,-0.0833,0.3507,HOLDING
2017-08-30,15,DUK,SRE,61.7803,44.9163,0.9084,1.82,1,0.6704,-0.0833,0.5871,HOLDING
2017-08-31,15,DUK,SRE,61.7945,44.9849,0.9084,1.4844,1,0.6198,-0.0833,0.5364,HOLDING
2017-09-01,15,DUK,SRE,61.6459,44.9887,0.9084,0.9432,1,0.5092,-0.0833,0.4259,HOLDING
2017-09-05,15,DUK,SRE,61.8724,44.8743,0.9084,1.7786,1,0.774,-0.0833,0.6907,HOLDING
2017-09-06,15,DUK,SRE,61.5751,44.7065,0.9084,1.3896,1,0.7087,-0.0833,0.6253,HOLDING
2017-09-07,15,DUK,SRE,61.8228,45.3816,0.9084,-0.3432,1,0.2881,-0.0833,0.2048,HOLDING
2017-09-08,15,DUK,SRE,62.1343,45.4541,0.9084,0.2858,1,0.4483,-0.0833,0.365,HOLDING
2017-09-11,15,DUK,SRE,62.5307,45.7974,0.9084,0.1455,1,0.4293,-0.0833,0.346,HOLDING
2017-09-12,15,DUK,SRE,61.7803,45.1413,0.9084,0.2683,1,0.4707,-0.0833,0.3874,HOLDING
2017-09-13,15,DUK,SRE,61.4194,45.0574,0.9084,-0.5312,1,0.285,-0.0833,0.2017,HOLDING
2017-09-14,15,DUK,SRE,61.9361,45.4274,0.9084,-0.3199,1,0.3291,-0.0833,0.2458,HOLDING
2017-09-15,15,DUK,SRE,61.7945,45.5037,0.9084,-0.9588,1,0.1594,-0.0833,0.0761,HOLDING
2017-09-18,15,DUK,SRE,60.9168,44.8819,0.9084,-1.1825,1,0.0785,-0.0833,-0.0048,HOLDING
2017-09-19,15,DUK,SRE,60.8602,44.8514,0.9084,-1.2272,1,0.0648,-0.0833,-0.0185,HOLDING
2017-09-20,15,DUK,SRE,60.308,44.47,0.9084,-1.4177,1,0.0053,-0.0833,-0.078,HOLDING
2017-09-21,15,DUK,SRE,60.2797,44.5287,0.9084,-1.581,1,-0.0672,-0.0833,-0.1505,HOLDING
2017-09-22,15,DUK,SRE,59.6356,44.5403,0.9084,-2.7546,1,-0.5417,-0.0833,-0.625,HOLDING
2017-09-25,15,DUK,SRE,60.2656,44.9014,0.9084,-1.9606,1,-0.4081,-0.0833,-0.4914,HOLDING
2017-09-26,15,DUK,SRE,60.0391,44.6632,0.9084,-1.6094,1,-0.36,-0.0833,-0.4433,HOLDING
2017-09-27,15,DUK,SRE,59.4161,43.9871,0.9084,-1.0937,1,-0.209,-0.0833,-0.2923,HOLDING
2017-09-28,15,DUK,SRE,59.6427,44.0178,0.9084,-0.656,1,-0.073,-0.0833,-0.1563,HOLDING
2017-09-29,15,DUK,SRE,59.402,43.8449,0.9084,-0.6343,1,-0.093,-0.0833,-0.1764,HOLDING
2017-10-02,15,DUK,SRE,59.7135,43.7873,0.9084,0.187,1,0.1826,-0.0833,0.0992,HOLDING
2017-10-03,15,DUK,SRE,59.3525,43.745,0.9084,-0.3755,1,-0.0401,-0.0833,-0.1234,HOLDING
2017-10-04,15,DUK,SRE,59.7913,44.0101,0.9084,-0.018,1,0.041,-0.0833,-0.0423,HOLDING
2017-10-05,15,DUK,SRE,59.6639,43.0343,0.9084,2.3,1,0.815,-0.0833,0.7317,HOLDING
2017-10-06,15,DUK,SRE,59.9117,43.0074,0.9084,2.4113,1,1.0174,-0.0833,0.9341,HOLDING
2017-10-09,15,DUK,SRE,60.0391,43.2687,0.9084,1.8153,1,0.8775,-0.0833,0.7941,HOLDING
2017-10-10,15,DUK,SRE,60.7257,43.722,0.9084,1.799,1,0.97,-0.0833,0.8867,HOLDING
2017-10-11,15,DUK,SRE,61.1504,44.1561,0.9084,1.4518,1,0.8909,-0.0833,0.8076,HOLDING
2017-10-12,15,DUK,SRE,61.561,44.548,0.9084,1.2279,1,0.8391,-0.0833,0.7558,HOLDING
2017-10-13,15,DUK,SRE,61.4335,44.1292,0.9084,1.5733,1,1.1189,-0.0833,1.0355,HOLDING
2017-10-16,15,DUK,SRE,61.6742,43.9717,0.9084,1.8302,1,1.4321,-0.0833,1.3488,HOLDING
2017-10-17,15,DUK,SRE,61.9432,43.8104,0.9084,1.9936,1,1.7691,-0.0833,1.6858,HOLDING
2017-10-18,15,DUK,SRE,61.6105,43.43,0.9084,1.8383,1,1.8668,-0.0833,1.7835,HOLDING
2017-10-19,15,DUK,SRE,62.1838,43.8296,0.9084,1.6495,1,1.9255,-0.0833,1.8422,HOLDING
2017-10-20,15,DUK,SRE,62.2405,43.8449,0.9084,1.5156,1,1.9527,-0.0833,1.8694,HOLDING
2017-10-23,15,DUK,SRE,61.9644,43.9602,0.9084,1.0443,1,1.6515,-0.0833,1.5682,HOLDING
2017-10-24,15,DUK,SRE,62.2829,44.1638,0.9084,1.0051,1,1.7004,-0.0833,1.6171,HOLDING
2017-10-25,15,DUK,SRE,62.1131,43.9141,0.9084,1.0515,1,1.7995,-0.0833,1.7162,HOLDING
2017-10-26,15,DUK,SRE,61.837,44.2214,0.9084,0.3221,1,1.3279,-0.0833,1.2445,HOLDING
2017-10-27,15,DUK,SRE,62.2546,44.425,0.9084,0.4105,1,1.4482,-0.0833,1.3649,HOLDING
2017-10-30,15,DUK,SRE,62.3679,45.1204,0.9084,-0.5572,1,0.9128,-0.0833,0.8295,HOLDING
2017-10-31,15,DUK,SRE,62.5094,45.1395,0.9084,-0.5812,1,0.9978,-0.0833,0.9145,HOLDING
2017-11-01,15,DUK,SRE,62.1909,44.8053,0.9084,-0.6532,1,1.0648,-0.0833,0.9814,HOLDING
2017-11-02,15,DUK,SRE,62.6864,45.2586,0.9084,-0.8184,1,1.0197,-0.0833,0.9363,HOLDING
2017-11-03,15,DUK,SRE,62.6581,45.7081,0.9084,-1.668,1,0.6004,-0.0833,0.5171,HOLDING
2017-11-06,15,DUK,SRE,62.198,45.6659,0.9084,-2.0362,1,0.3063,-0.0833,0.223,HOLDING
2017-11-07,15,DUK,SRE,63.2527,46.2997,0.9084,-1.5047,1,0.504,-0.0833,0.4206,HOLDING
2017-11-08,15,DUK,SRE,63.1606,46.4957,0.9084,-1.754,1,0.2638,-0.0833,0.1805,HOLDING
2017-11-09,15,DUK,SRE,63.4438,46.6301,0.9084,-1.483,1,0.3485,-0.0833,0.2652,HOLDING
2017-11-10,15,DUK,SRE,62.92,46.5341,0.9084,-1.718,1,0.0562,-0.0833,-0.0271,HOLDING
2017-11-13,15,DUK,SRE,63.6208,46.8529,0.9084,-1.2391,1,0.2784,-0.0833,0.195,HOLDING
2017-11-14,15,DUK,SRE,64.4772,46.9567,0.9084,-0.4145,1,0.8036,-0.0833,0.7203,HOLDING
2017-11-15,15,DUK,SRE,64.1162,46.2575,0.9084,0.205,1,1.1638,-0.0833,1.0805,HOLDING
2017-11-16,15,DUK,SRE,63.7731,46.0462,0.9084,0.2019,1,1.104,-0.0833,1.0207,HOLDING
2017-11-17,15,DUK,SRE,63.2799,45.9117,0.9084,-0.1044,1,0.8678,-0.0833,0.7845,HOLDING
2017-11-20,15,DUK,SRE,63.3799,45.639,0.9084,0.5674,1,1.182,-0.0833,1.0987,HOLDING
2017-11-21,15,DUK,SRE,63.4872,45.6467,0.9084,0.8055,1,1.2525,-0.0833,1.1692,HOLDING
2017-11-22,15,DUK,SRE,63.3585,45.5852,0.9084,0.8917,1,1.2143,-0.0833,1.131,HOLDING
2017-11-24,15,DUK,SRE,63.4657,45.6006,0.9084,1.0636,1,1.2779,-0.0833,1.1946,HOLDING
2017-11-27,15,DUK,SRE,63.5372,45.881,0.9084,0.6674,1,1.0806,-0.0833,0.9973,HOLDING
2017-11-28,15,DUK,SRE,63.6087,45.9386,0.9084,0.6401,1,1.081,-0.0833,0.9976,HOLDING
2017-11-29,15,DUK,SRE,63.623,46.1999,0.9084,0.0983,1,0.8595,-0.0833,0.7762,HOLDING
2017-11-30,15,DUK,SRE,63.7517,46.4803,0.9084,-0.2545,1,0.7034,-0.0833,0.62,HOLDING
2017-12-01,15,DUK,SRE,63.43,46.2844,0.9084,-0.3489,1,0.6454,-0.0833,0.562,HOLDING
2017-12-04,15,DUK,SRE,63.3513,46.2882,0.9084,-0.4993,1,0.5853,-0.0833,0.502,HOLDING
2017-12-05,15,DUK,SRE,62.8795,44.6478,0.9084,2.0679,1,1.7009,-0.0833,1.6175,HOLDING
2017-12-06,15,DUK,SRE,63.1298,44.6824,0.9084,2.0201,1,1.8505,-0.0833,1.7672,HOLDING
2017-12-07,15,DUK,SRE,62.8366,44.7285,0.9084,1.3475,1,1.5983,-0.0833,1.515,HOLDING
2017-12-08,15,DUK,SRE,62.9439,44.8284,0.9084,1.1974,1,1.587,-0.0833,1.5037,HOLDING
2017-12-11,15,DUK,SRE,63.1726,45.3432,0.9084,0.4731,1,1.2951,-0.0833,1.2118,HOLDING
2017-12-12,15,DUK,SRE,62.2862,44.0601,0.9084,1.6792,1,1.7948,-0.0833,1.7114,HOLDING
2017-12-13,15,DUK,SRE,62.5936,44.2713,0.9084,1.5431,1,1.8288,-0.0833,1.7455,HOLDING
2017-12-14,15,DUK,SRE,62.5936,44.4788,0.9084,0.9804,1,1.6448,-0.0833,1.5614,HOLDING
2017-12-15,15,DUK,SRE,62.7938,44.7669,0.9084,0.6317,1,1.5333,-0.0833,1.45,HOLDING
2017-12-18,15,DUK,SRE,61.8644,44.206,0.9084,0.2016,1,1.3613,-0.0833,1.2779,HOLDING
2017-12-19,15,DUK,SRE,60.7707,43.0996,0.9084,0.7126,1,1.5547,-0.0833,1.4714,HOLDING
2017-12-20,15,DUK,SRE,60.3989,42.9997,0.9084,0.2475,1,1.3755,-0.0833,1.2921,HOLDING
2017-12-21,15,DUK,SRE,60.2631,41.0712,0.9084,3.0326,1,2.9888,-0.0833,2.9055,HOLDING
2017-12-22,15,DUK,SRE,60.1702,41.6091,0.9084,1.7309,1,2.4446,-0.0833,2.3612,HOLDING
2017-12-26,15,DUK,SRE,59.7627,41.4669,0.9084,1.3141,1,2.277,-0.0833,2.1937,HOLDING
2017-12-27,15,DUK,SRE,60.0344,41.4247,0.9084,1.4873,1,2.5103,-0.0833,2.427,HOLDING
2017-12-28,15,DUK,SRE,60.0415,41.4529,0.9084,1.3096,1,2.4904,-0.0833,2.4071,HOLDING
2017-12-29,15,DUK,SRE,60.1273,41.391,0.9084,1.3555,1,2.6072,-0.0833,2.5239,HOLDING
2018-01-02,15,DUK,SRE,59.4982,40.7832,0.9084,1.4263,1,2.6931,-0.0833,2.6098,HOLDING
2018-01-03,15,DUK,SRE,59.3123,41.8633,0.9084,-0.5174,1,1.6007,-0.0833,1.5174,HOLDING
2018-01-04,15,DUK,SRE,58.8477,41.5845,0.9084,-0.6449,1,1.5132,-0.0833,1.4299,HOLDING
2018-01-05,15,DUK,SRE,58.576,41.9833,0.9084,-1.485,1,0.0,0.8008,0.8008,PERIOD_END_EXIT
2017-07-10,16,ATO,ED,67.7433,58.7399,1.0189,0.0,0,0.0,0.0,0.0,HOLD_CASH
2017-07-11,16,ATO,ED,66.9714,58.7691,1.0189,0.0,0,0.0,0.0,0.0,HOLD_CASH
2017-07-12,16,ATO,ED,68.0521,59.2808,1.0189,0.0,0,0.0,0.0,0.0,HOLD_CASH
2017-07-13,16,ATO,ED,67.6296,58.7107,1.0189,0.0,0,0.0,0.0,0.0,HOLD_CASH
2017-07-14,16,ATO,ED,68.0846,59.003,1.0189,0.0,0,0.0,0.0,0.0,HOLD_CASH
2017-07-17,16,ATO,ED,68.2552,59.2808,1.0189,0.0,0,0.0,0.0,0.0,HOLD_CASH
2017-07-18,16,ATO,ED,68.3203,59.3538,1.0189,0.0,0,0.0,0.0,0.0,HOLD_CASH
2017-07-19,16,ATO,ED,68.7346,59.7485,1.0189,0.0,0,0.0,0.0,0.0,HOLD_CASH
2017-07-20,16,ATO,ED,69.4985,60.2309,1.0189,0.0,0,0.0,0.0,0.0,HOLD_CASH
2017-07-21,16,ATO,ED,70.0591,60.6109,1.0189,0.0,0,0.0,0.0,0.0,HOLD_CASH
2017-07-24,16,ATO,ED,69.8398,60.0335,1.0189,0.0,0,0.0,0.0,0.0,HOLD_CASH
2017-07-25,16,ATO,ED,70.6117,59.5731,1.0189,0.0,0,0.0,0.0,0.0,HOLD_CASH
2017-07-26,16,ATO,ED,70.506,60.0116,1.0189,0.0,0,0.0,0.0,0.0,HOLD_CASH
2017-07-27,16,ATO,ED,70.7092,60.1432,1.0189,0.0,0,0.0,0.0,0.0,HOLD_CASH
2017-07-28,16,ATO,ED,70.3435,60.209,1.0189,0.0,0,0.0,0.0,0.0,HOLD_CASH
2017-07-31,16,ATO,ED,70.4979,60.5598,1.0189,0.0,0,0.0,0.0,0.0,HOLD_CASH
2017-08-01,16,ATO,ED,71.0017,60.472,1.0189,0.0,0,0.0,0.0,0.0,HOLD_CASH
2017-08-02,16,ATO,ED,72.0662,60.4428,1.0189,0.0,0,0.0,0.0,0.0,HOLD_CASH
2017-08-03,16,ATO,ED,71.0261,60.7498,1.0189,0.0,0,0.0,0.0,0.0,HOLD_CASH
2017-08-04,16,ATO,ED,70.8473,60.5159,1.0189,0.6053,0,0.0,0.0,0.0,HOLD_CASH
2017-08-07,16,ATO,ED,70.5954,61.0275,1.0189,-0.4547,0,0.0,0.0,0.0,HOLD_CASH
2017-08-08,16,ATO,ED,71.1723,61.4368,1.0189,-0.4415,0,0.0,0.0,0.0,HOLD_CASH
2017-08-09,16,ATO,ED,71.0423,60.8521,1.0189,0.2363,0,0.0,0.0,0.0,HOLD_CASH
2017-08-10,16,ATO,ED,71.2374,61.1299,1.0189,-0.0034,0,0.0,0.0,0.0,HOLD_CASH
2017-08-11,16,ATO,ED,70.8229,60.5671,1.0189,0.3016,0,0.0,0.0,0.0,HOLD_CASH
2017-08-14,16,ATO,ED,71.2942,60.8398,1.0189,0.443,0,0.0,0.0,0.0,HOLD_CASH
2017-08-15,16,ATO,ED,71.3267,61.2083,1.0189,-0.2472,0,0.0,0.0,0.0,HOLD_CASH
2017-08-16,16,ATO,ED,71.8305,61.4957,1.0189,-0.0789,0,0.0,0.0,0.0,HOLD_CASH
2017-08-17,16,ATO,ED,71.4303,61.1862,1.0189,-0.2194,0,0.0,0.0,0.0,HOLD_CASH
2017-08-18,16,ATO,ED,71.1526,61.562,1.0189,-1.558,0,0.0,0.0,0.0,HOLD_CASH
2017-08-21,16,ATO,ED,71.5365,61.7242,1.0189,-1.1417,0,0.0,0.0,0.0,HOLD_CASH
2017-08-22,16,ATO,ED,72.0184,61.8568,1.0189,-0.4829,0,0.0,0.0,0.0,HOLD_CASH
2017-08-23,16,ATO,ED,72.1,62.1001,1.0189,-0.8047,0,0.0,0.0,0.0,HOLD_CASH
2017-08-24,16,ATO,ED,72.2062,62.0779,1.0189,-0.4744,0,0.0,0.0,0.0,HOLD_CASH
2017-08-25,16,ATO,ED,72.2552,62.2622,1.0189,-0.7532,0,0.0,0.0,0.0,HOLD_CASH
2017-08-28,16,ATO,ED,72.4349,62.3433,1.0189,-0.5637,0,0.0,0.0,0.0,HOLD_CASH
2017-08-29,16,ATO,ED,72.0266,62.2179,1.0189,-0.9782,0,0.0,0.0,0.0,HOLD_CASH
2017-08-30,16,ATO,ED,71.855,61.9674,1.0189,-0.8363,0,0.0,0.0,0.0,HOLD_CASH
2017-08-31,16,ATO,ED,71.904,62.1074,1.0189,-1.0925,0,0.0,0.0,0.0,HOLD_CASH
2017-09-01,16,ATO,ED,72.002,61.9011,1.0189,0.0831,0,0.0,0.0,0.0,HOLD_CASH
2017-09-05,16,ATO,ED,71.8877,62.1811,1.0189,-1.412,0,0.0,0.0,0.0,HOLD_CASH
2017-09-06,16,ATO,ED,70.8341,61.9453,1.0189,-2.9061,1,0.0,-0.0833,-0.0833,ENTER_LONG_A
2017-09-07,16,ATO,ED,71.3814,62.4538,1.0189,-2.3906,1,-0.0264,-0.0833,-0.1097,HOLDING
2017-09-08,16,ATO,ED,71.2343,63.036,1.0189,-2.8979,1,-0.5073,-0.0833,-0.5907,HOLDING
2017-09-11,16,ATO,ED,71.8795,63.4193,1.0189,-2.1369,1,-0.3916,-0.0833,-0.4749,HOLDING
2017-09-12,16,ATO,ED,70.8423,62.0632,1.0189,-1.2503,1,-0.0753,-0.0833,-0.1586,HOLDING
2017-09-13,16,ATO,ED,70.1562,61.7315,1.0189,-1.4906,1,-0.2499,-0.0833,-0.3332,HOLDING
2017-09-14,16,ATO,ED,71.0138,62.2843,1.0189,-1.0805,1,-0.1255,-0.0833,-0.2088,HOLDING
2017-09-15,16,ATO,ED,71.1608,62.2327,1.0189,-0.7139,1,-0.0048,-0.0833,-0.0881,HOLDING
2017-09-18,16,ATO,ED,70.6463,61.5915,1.0189,-0.341,1,0.1307,-0.0833,0.0474,HOLDING
2017-09-19,16,ATO,ED,70.1807,61.4736,1.0189,-0.7375,1,-0.0605,-0.0833,-0.1438,HOLDING
2017-09-20,16,ATO,ED,69.4865,60.8766,1.0189,-0.6594,1,-0.0597,-0.0833,-0.1431,HOLDING
2017-09-21,16,ATO,ED,69.0537,60.7513,1.0189,-0.9914,1,-0.2269,-0.0833,-0.3102,HOLDING
2017-09-22,16,ATO,ED,68.5146,60.1322,1.0189,-0.64,1,-0.1207,-0.0833,-0.204,HOLDING
2017-09-25,16,ATO,ED,69.4212,60.6113,1.0189,-0.0121,1,0.0823,-0.0833,-0.001,HOLDING
2017-09-26,16,ATO,ED,69.7479,60.3165,1.0189,1.175,1,0.4729,-0.0833,0.3895,HOLDING
2017-09-27,16,ATO,ED,68.6861,59.4173,1.0189,1.1791,1,0.4646,-0.0833,0.3813,HOLDING
2017-09-28,16,ATO,ED,68.8495,59.4837,1.0189,1.3477,1,0.5148,-0.0833,0.4315,HOLDING
2017-09-29,16,ATO,ED,68.4738,59.4615,1.0189,0.7773,1,0.3109,-0.0833,0.2275,HOLDING
2017-10-02,16,ATO,ED,69.1517,59.7785,1.0189,1.4441,1,0.4907,-0.0833,0.4074,HOLDING
2017-10-03,16,ATO,ED,68.9393,59.6237,1.0189,1.3688,1,0.4721,-0.0833,0.3887,HOLDING
2017-10-04,16,ATO,ED,69.1517,60.2723,1.0189,0.2948,1,0.1555,-0.0833,0.0721,HOLDING
2017-10-05,16,ATO,ED,69.2578,60.2649,1.0189,0.4709,1,0.2223,-0.0833,0.139,HOLDING
2017-10-06,16,ATO,ED,69.609,60.1101,1.0189,1.3782,1,0.5321,-0.0833,0.4487,HOLDING
2017-10-09,16,ATO,ED,69.7152,60.0585,1.0189,1.5638,1,0.629,-0.0833,0.5456,HOLDING
2017-10-10,16,ATO,ED,70.1481,60.7292,1.0189,0.7632,1,0.4259,-0.0833,0.3425,HOLDING
2017-10-11,16,ATO,ED,70.4013,61.0535,1.0189,0.4307,1,0.3532,-0.0833,0.2699,HOLDING
2017-10-12,16,ATO,ED,70.8831,61.562,1.0189,0.1146,1,0.2888,-0.0833,0.2055,HOLDING
2017-10-13,16,ATO,ED,70.4748,61.2304,1.0189,0.017,1,0.276,-0.0833,0.1926,HOLDING
2017-10-16,16,ATO,ED,70.4421,61.0608,1.0189,0.357,1,0.372,-0.0833,0.2887,HOLDING
2017-10-17,16,ATO,ED,70.4176,61.5841,1.0189,-1.1635,1,0.0025,-0.0833,-0.0809,HOLDING
2017-10-18,16,ATO,ED,70.5891,61.7463,1.0189,-1.2343,1,-0.0077,-0.0833,-0.091,HOLDING
2017-10-19,16,ATO,ED,71.1199,62.5275,1.0189,-2.1443,1,-0.2287,-0.0833,-0.3121,HOLDING
2017-10-20,16,ATO,ED,70.9484,62.5423,1.0189,-2.3336,1,-0.3387,-0.0833,-0.422,HOLDING
2017-10-23,16,ATO,ED,70.7116,62.7191,1.0189,-2.5686,1,-0.5968,-0.0833,-0.6801,HOLDING
2017-10-24,16,ATO,ED,70.4911,63.2056,1.0189,-2.8219,1,-1.0555,-0.0833,-1.1389,HOLDING
2017-10-25,16,ATO,ED,70.2706,62.8886,1.0189,-2.1548,1,-0.9689,-0.0833,-1.0522,HOLDING
2017-10-26,16,ATO,ED,70.5319,63.0139,1.0189,-1.7426,1,-0.9017,-0.0833,-0.985,HOLDING
2017-10-27,16,ATO,ED,71.2915,63.3235,1.0189,-1.1681,1,-0.6692,-0.0833,-0.7525,HOLDING
2017-10-30,16,ATO,ED,71.0056,63.3087,1.0189,-1.3026,1,-0.8258,-0.0833,-0.9091,HOLDING
2017-10-31,16,ATO,ED,71.2506,63.4193,1.0189,-1.0666,1,-0.758,-0.0833,-0.8414,HOLDING
2017-11-01,16,ATO,ED,71.0301,63.2351,1.0189,-0.9768,1,-0.7615,-0.0833,-0.8448,HOLDING
2017-11-02,16,ATO,ED,70.6626,63.972,1.0189,-1.8754,1,-1.476,-0.0833,-1.5593,HOLDING
2017-11-03,16,ATO,ED,71.5365,64.1489,1.0189,-1.1376,1,-1.0869,-0.0833,-1.1702,HOLDING
2017-11-06,16,ATO,ED,71.7407,63.6183,1.0189,-0.3046,1,-0.6076,-0.0833,-0.6909,HOLDING
2017-11-07,16,ATO,ED,72.3369,64.628,1.0189,-0.7833,1,-0.9457,-0.0833,-1.029,HOLDING
2017-11-08,16,ATO,ED,72.8841,64.7533,1.0189,-0.2863,1,-0.7119,-0.0833,-0.7952,HOLDING
2017-11-09,16,ATO,ED,73.3333,64.6059,1.0189,0.4957,1,-0.3501,-0.0833,-0.4334,HOLDING
2017-11-10,16,ATO,ED,72.8187,64.2595,1.0189,0.4729,1,-0.4147,-0.0833,-0.498,HOLDING
2017-11-13,16,ATO,ED,73.1291,65.0849,1.0189,-0.2731,1,-0.7943,-0.0833,-0.8776,HOLDING
2017-11-14,16,ATO,ED,73.9458,66.0803,1.0189,-0.6938,1,-0.9942,-0.0833,-1.0775,HOLDING
2017-11-15,16,ATO,ED,73.1536,65.382,1.0189,-0.6234,1,-0.9817,-0.0833,-1.0651,HOLDING
2017-11-16,16,ATO,ED,73.4639,64.8918,1.0189,1.149,1,-0.468,-0.0833,-0.5514,HOLDING
2017-11-17,16,ATO,ED,72.9576,64.2752,1.0189,1.5652,1,-0.3445,-0.0833,-0.4278,HOLDING
2017-11-20,16,ATO,ED,72.7779,63.8816,1.0189,1.8661,1,-0.1819,-0.0833,-0.2653,HOLDING
2017-11-21,16,ATO,ED,73.0311,64.2381,1.0189,1.3991,1,-0.2765,-0.0833,-0.3598,HOLDING
2017-11-22,16,ATO,ED,72.7697,64.3718,1.0189,0.5835,1,-0.5195,-0.0833,-0.6029,HOLDING
2017-11-24,16,ATO,ED,72.8559,64.5501,1.0189,0.3184,1,-0.5903,-0.0833,-0.6737,HOLDING
2017-11-27,16,ATO,ED,73.4965,64.9958,1.0189,0.5212,1,-0.5197,-0.0833,-0.603,HOLDING
2017-11-28,16,ATO,ED,74.1288,65.3523,1.0189,0.8364,1,-0.3933,-0.0833,-0.4766,HOLDING
2017-11-29,16,ATO,ED,74.3259,65.6643,1.0189,0.5023,1,-0.4902,-0.0833,-0.5736,HOLDING
2017-11-30,16,ATO,ED,75.7876,66.1397,1.0189,1.7859,1,0.0387,-0.0833,-0.0446,HOLDING
2017-12-01,16,ATO,ED,75.7466,65.9763,1.0189,1.9682,1,0.1258,-0.0833,0.0425,HOLDING
2017-12-04,16,ATO,ED,75.3031,65.7237,1.0189,1.5702,1,0.0389,-0.0833,-0.0444,HOLDING
2017-12-05,16,ATO,ED,75.0978,65.382,1.0189,1.6616,1,0.1512,-0.0833,0.0679,HOLDING
2017-12-06,16,ATO,ED,75.0814,65.7163,1.0189,0.9084,1,-0.0853,-0.0833,-0.1686,HOLDING
2017-12-07,16,ATO,ED,75.1881,65.7312,1.0189,0.9603,1,-0.0332,-0.0833,-0.1165,HOLDING
2017-12-08,16,ATO,ED,75.3852,66.0506,1.0189,0.6223,1,-0.1352,-0.0833,-0.2185,HOLDING
2017-12-11,16,ATO,ED,75.4756,66.6002,1.0189,-0.2955,1,-0.4557,-0.0833,-0.5391,HOLDING
2017-12-12,16,ATO,ED,73.3158,65.434,1.0189,-1.6325,1,-0.9225,-0.0833,-1.0058,HOLDING
2017-12-13,16,ATO,ED,73.8742,65.3523,1.0189,-0.657,1,-0.5416,-0.0833,-0.625,HOLDING
2017-12-14,16,ATO,ED,73.4308,65.0626,1.0189,-1.0163,1,-0.6033,-0.0833,-0.6867,HOLDING
2017-12-15,16,ATO,ED,73.3897,65.5455,1.0189,-1.9255,1,-0.9551,-0.0833,-1.0384,HOLDING
2017-12-18,16,ATO,ED,72.8477,64.8621,1.0189,-1.342,1,-0.8069,-0.0833,-0.8903,HOLDING
2017-12-19,16,ATO,ED,71.5996,63.5547,1.0189,-0.8201,1,-0.6467,-0.0833,-0.73,HOLDING
2017-12-20,16,ATO,ED,71.074,63.0719,1.0189,-0.7076,1,-0.6251,-0.0833,-0.7084,HOLDING
2017-12-21,16,ATO,ED,69.6862,62.9828,1.0189,-2.3745,1,-1.3733,-0.0833,-1.4566,HOLDING
2017-12-22,16,ATO,ED,69.8751,62.953,1.0189,-1.7849,1,-1.2431,-0.0833,-1.3264,HOLDING
2017-12-26,16,ATO,ED,69.4727,62.5445,1.0189,-1.5164,1,-1.2002,-0.0833,-1.2835,HOLDING
2017-12-27,16,ATO,ED,69.7929,62.8862,1.0189,-1.423,1,-1.2456,-0.0833,-1.3289,HOLDING
2017-12-28,16,ATO,ED,70.2856,63.2056,1.0189,-1.1521,1,-1.1753,-0.0833,-1.2586,HOLDING
2017-12-29,16,ATO,ED,70.532,63.1016,1.0189,-0.6592,1,-0.9611,-0.0833,-1.0444,HOLDING
2018-01-02,16,ATO,ED,69.834,62.084,1.0189,-0.0357,1,-0.677,-0.0833,-0.7603,HOLDING
2018-01-03,16,ATO,ED,69.2591,61.4971,1.0189,0.1693,1,-0.6135,-0.0833,-0.6968,HOLDING
2018-01-04,16,ATO,ED,68.9635,60.7766,1.0189,1.0275,1,-0.2966,-0.0833,-0.3799,HOLDING
2018-01-05,16,ATO,ED,68.3148,60.7172,1.0189,0.2533,1,0.0,-0.7986,-0.7986,PERIOD_END_EXIT
2017-07-10,17,DUK,LNT,58.2821,30.2934,1.0561,0.0,0,0.0,0.0,0.0,HOLD_CASH
2017-07-11,17,DUK,LNT,58.2751,30.3164,1.0561,0.0,0,0.0,0.0,0.0,HOLD_CASH
2017-07-12,17,DUK,LNT,58.8356,30.5385,1.0561,0.0,0,0.0,0.0,0.0,HOLD_CASH
2017-07-13,17,DUK,LNT,58.4082,30.4236,1.0561,0.0,0,0.0,0.0,0.0,HOLD_CASH
2017-07-14,17,DUK,LNT,58.7375,30.6074,1.0561,0.0,0,0.0,0.0,0.0,HOLD_CASH
2017-07-17,17,DUK,LNT,58.8706,30.7299,1.0561,0.0,0,0.0,0.0,0.0,HOLD_CASH
2017-07-18,17,DUK,LNT,58.9827,30.8448,1.0561,0.0,0,0.0,0.0,0.0,HOLD_CASH
2017-07-19,17,DUK,LNT,59.0948,31.0132,1.0561,0.0,0,0.0,0.0,0.0,HOLD_CASH
2017-07-20,17,DUK,LNT,59.5012,31.4038,1.0561,0.0,0,0.0,0.0,0.0,HOLD_CASH
2017-07-21,17,DUK,LNT,59.6903,31.6871,1.0561,0.0,0,0.0,0.0,0.0,HOLD_CASH
2017-07-24,17,DUK,LNT,59.235,31.2736,1.0561,0.0,0,0.0,0.0,0.0,HOLD_CASH
2017-07-25,17,DUK,LNT,58.7165,31.0515,1.0561,0.0,0,0.0,0.0,0.0,HOLD_CASH
2017-07-26,17,DUK,LNT,59.1649,31.2966,1.0561,0.0,0,0.0,0.0,0.0,HOLD_CASH
2017-07-27,17,DUK,LNT,59.5852,31.4316,1.0561,0.0,0,0.0,0.0,0.0,HOLD_CASH
2017-07-28,17,DUK,LNT,59.4872,31.231,1.0561,0.0,0,0.0,0.0,0.0,HOLD_CASH
2017-07-31,17,DUK,LNT,59.6343,31.2773,1.0561,0.0,0,0.0,0.0,0.0,HOLD_CASH
2017-08-01,17,DUK,LNT,59.6693,31.5088,1.0561,0.0,0,0.0,0.0,0.0,HOLD_CASH
2017-08-02,17,DUK,LNT,60.0686,31.6014,1.0561,0.0,0,0.0,0.0,0.0,HOLD_CASH
2017-08-03,17,DUK,LNT,60.6081,31.7094,1.0561,0.0,0,0.0,0.0,0.0,HOLD_CASH
2017-08-04,17,DUK,LNT,60.5871,31.7094,1.0561,0.1786,0,0.0,0.0,0.0,HOLD_CASH
2017-08-07,17,DUK,LNT,60.433,31.8561,1.0561,-0.7526,0,0.0,0.0,0.0,HOLD_CASH
2017-08-08,17,DUK,LNT,60.6712,32.0799,1.0561,-1.144,0,0.0,0.0,0.0,HOLD_CASH
2017-08-09,17,DUK,LNT,60.3909,32.0336,1.0561,-1.5063,0,0.0,0.0,0.0,HOLD_CASH
2017-08-10,17,DUK,LNT,60.524,32.1262,1.0561,-1.5116,0,0.0,0.0,0.0,HOLD_CASH
2017-08-11,17,DUK,LNT,60.0406,31.9255,1.0561,-1.6094,0,0.0,0.0,0.0,HOLD_CASH
2017-08-14,17,DUK,LNT,60.3349,32.157,1.0561,-1.8628,0,0.0,0.0,0.0,HOLD_CASH
2017-08-15,17,DUK,LNT,60.8743,32.3423,1.0561,-1.2853,0,0.0,0.0,0.0,HOLD_CASH
2017-08-16,17,DUK,LNT,61.0938,32.4734,1.0561,-1.2667,0,0.0,0.0,0.0,HOLD_CASH
2017-08-17,17,DUK,LNT,60.7823,32.2342,1.0561,-0.7403,0,0.0,0.0,0.0,HOLD_CASH
2017-08-18,17,DUK,LNT,61.1433,32.5969,1.0561,-1.5906,0,0.0,0.0,0.0,HOLD_CASH
2017-08-21,17,DUK,LNT,61.2849,32.7204,1.0561,-1.6215,0,0.0,0.0,0.0,HOLD_CASH
2017-08-22,17,DUK,LNT,61.2636,32.9673,1.0561,-2.2766,1,0.0,-0.0833,-0.0833,ENTER_LONG_A
2017-08-23,17,DUK,LNT,61.4972,33.1911,1.0561,-2.1873,1,-0.1361,-0.0833,-0.2194,HOLDING
2017-08-24,17,DUK,LNT,61.4194,33.0754,1.0561,-1.6724,1,-0.0373,-0.0833,-0.1206,HOLDING
2017-08-25,17,DUK,LNT,61.745,33.0831,1.0561,-1.0611,1,0.1681,-0.0833,0.0848,HOLDING
2017-08-28,17,DUK,LNT,61.8795,33.2452,1.0561,-1.2387,1,0.0467,-0.0833,-0.0367,HOLDING
2017-08-29,17,DUK,LNT,61.9361,33.2297,1.0561,-0.991,1,0.1042,-0.0833,0.0209,HOLDING
2017-08-30,17,DUK,LNT,61.7803,33.0059,1.0561,-0.4539,1,0.2917,-0.0833,0.2084,HOLDING
2017-08-31,17,DUK,LNT,61.7945,32.9828,1.0561,-0.2656,1,0.3312,-0.0833,0.2478,HOLDING
2017-09-01,17,DUK,LNT,61.6459,32.8516,1.0561,0.0794,1,0.4031,-0.0833,0.3198,HOLDING
2017-09-05,17,DUK,LNT,61.8724,33.114,1.0561,-0.5164,1,0.2123,-0.0833,0.129,HOLDING
2017-09-06,17,DUK,LNT,61.5751,32.8747,1.0561,0.0151,1,0.3263,-0.0833,0.2429,HOLDING
2017-09-07,17,DUK,LNT,61.8228,33.1448,1.0561,-0.6909,1,0.1395,-0.0833,0.0561,HOLDING
2017-09-08,17,DUK,LNT,62.1343,33.33,1.0561,-0.7612,1,0.105,-0.0833,0.0217,HOLDING
2017-09-11,17,DUK,LNT,62.5307,33.6464,1.0561,-1.2914,1,-0.0435,-0.0833,-0.1269,HOLDING
2017-09-12,17,DUK,LNT,61.7803,32.9905,1.0561,0.3518,1,0.3117,-0.0833,0.2284,HOLDING
2017-09-13,17,DUK,LNT,61.4194,32.759,1.0561,0.7292,1,0.3735,-0.0833,0.2902,HOLDING
2017-09-14,17,DUK,LNT,61.9361,33.1217,1.0561,0.1668,1,0.2445,-0.0833,0.1611,HOLDING
2017-09-15,17,DUK,LNT,61.7945,33.1062,1.0561,-0.1063,1,0.1708,-0.0833,0.0875,HOLDING
2017-09-18,17,DUK,LNT,60.9168,32.7898,1.0561,-1.0453,1,0.001,-0.0833,-0.0824,HOLDING
2017-09-19,17,DUK,LNT,60.8602,32.8207,1.0561,-1.3748,1,-0.0766,-0.0833,-0.1599,HOLDING
2017-09-20,17,DUK,LNT,60.308,32.5275,1.0561,-1.2377,1,-0.0611,-0.0833,-0.1444,HOLDING
2017-09-21,17,DUK,LNT,60.2797,32.458,1.0561,-0.8987,1,0.0104,-0.0833,-0.073,HOLDING
2017-09-22,17,DUK,LNT,59.6356,32.2033,1.0561,-1.4786,1,-0.0851,-0.0833,-0.1685,HOLDING
2017-09-25,17,DUK,LNT,60.2656,32.6046,1.0561,-1.8244,1,-0.1894,-0.0833,-0.2727,HOLDING
2017-09-26,17,DUK,LNT,60.0391,32.6046,1.0561,-2.2142,1,-0.3392,-0.0833,-0.4225,HOLDING
2017-09-27,17,DUK,LNT,59.4161,32.0876,1.0561,-0.8772,1,-0.08,-0.0833,-0.1634,HOLDING
2017-09-28,17,DUK,LNT,59.6427,32.1802,1.0561,-0.6558,1,-0.0504,-0.0833,-0.1337,HOLDING
2017-09-29,17,DUK,LNT,59.402,32.0799,1.0561,-0.7204,1,-0.0794,-0.0833,-0.1627,HOLDING
2017-10-02,17,DUK,LNT,59.7135,32.103,1.0561,0.2707,1,0.0966,-0.0833,0.0133,HOLDING
2017-10-03,17,DUK,LNT,59.3525,31.9332,1.0561,0.2092,1,0.0782,-0.0833,-0.0051,HOLDING
2017-10-04,17,DUK,LNT,59.7913,32.3731,1.0561,-1.2496,1,-0.2025,-0.0833,-0.2859,HOLDING
2017-10-05,17,DUK,LNT,59.6639,32.3345,1.0561,-1.2952,1,-0.2367,-0.0833,-0.3201,HOLDING
2017-10-06,17,DUK,LNT,59.9117,32.35,1.0561,-0.4419,1,-0.0929,-0.0833,-0.1762,HOLDING
2017-10-09,17,DUK,LNT,60.0391,32.404,1.0561,-0.3505,1,-0.0787,-0.0833,-0.162,HOLDING
2017-10-10,17,DUK,LNT,60.7257,32.6741,1.0561,0.3305,1,0.0248,-0.0833,-0.0585,HOLDING
2017-10-11,17,DUK,LNT,61.1504,32.921,1.0561,0.2536,1,-0.0148,-0.0833,-0.0982,HOLDING
2017-10-12,17,DUK,LNT,61.561,33.1911,1.0561,-0.223,1,-0.0939,-0.0833,-0.1772,HOLDING
2017-10-13,17,DUK,LNT,61.4335,33.222,1.0561,-1.1859,1,-0.2183,-0.0833,-0.3016,HOLDING
2017-10-16,17,DUK,LNT,61.6742,33.276,1.0561,-0.3282,1,-0.1292,-0.0833,-0.2125,HOLDING
2017-10-17,17,DUK,LNT,61.9432,33.5229,1.0561,-1.4365,1,-0.2719,-0.0833,-0.3552,HOLDING
2017-10-18,17,DUK,LNT,61.6105,33.4767,1.0561,-2.2558,1,-0.4319,-0.0833,-0.5152,HOLDING
2017-10-19,17,DUK,LNT,62.1838,33.8394,1.0561,-2.3175,1,-0.5235,-0.0833,-0.6068,HOLDING
2017-10-20,17,DUK,LNT,62.2405,33.8548,1.0561,-1.873,1,-0.506,-0.0833,-0.5894,HOLDING
2017-10-23,17,DUK,LNT,61.9644,33.7776,1.0561,-1.9772,1,-0.5885,-0.0833,-0.6718,HOLDING
2017-10-24,17,DUK,LNT,62.2829,33.5538,1.0561,0.4451,1,-0.0872,-0.0833,-0.1705,HOLDING
2017-10-25,17,DUK,LNT,62.1131,33.3763,1.0561,0.9881,1,0.0309,-0.0833,-0.0524,HOLDING
2017-10-26,17,DUK,LNT,61.837,33.4767,1.0561,-0.4998,1,-0.282,-0.0833,-0.3653,HOLDING
2017-10-27,17,DUK,LNT,62.2546,33.7622,1.0561,-0.8691,1,-0.3764,-0.0833,-0.4598,HOLDING
2017-10-30,17,DUK,LNT,62.3679,33.564,1.0561,0.8057,1,-0.0441,-0.0833,-0.1275,HOLDING
2017-10-31,17,DUK,LNT,62.5094,33.6262,1.0561,0.9326,1,-0.0312,-0.0833,-0.1146,HOLDING
2017-11-01,17,DUK,LNT,62.1909,33.4785,1.0561,0.7776,1,-0.0502,-0.0833,-0.1336,HOLDING
2017-11-02,17,DUK,LNT,62.6864,33.4707,1.0561,2.0784,1,0.2877,-0.0833,0.2043,HOLDING
2017-11-03,17,DUK,LNT,62.6581,34.0692,1.0561,-1.3254,1,-0.5082,-0.0833,-0.5915,HOLDING
2017-11-06,17,DUK,LNT,62.198,33.8827,1.0561,-1.4219,1,-0.5703,-0.0833,-0.6536,HOLDING
2017-11-07,17,DUK,LNT,63.2527,34.3335,1.0561,-0.8522,1,-0.4579,-0.0833,-0.5413,HOLDING
2017-11-08,17,DUK,LNT,63.1606,34.2558,1.0561,-0.6206,1,-0.4179,-0.0833,-0.5012,HOLDING
2017-11-09,17,DUK,LNT,63.4438,34.2791,1.0561,0.0584,1,-0.2609,-0.0833,-0.3442,HOLDING
2017-11-10,17,DUK,LNT,62.92,33.9526,1.0561,0.3653,1,-0.1835,-0.0833,-0.2668,HOLDING
2017-11-13,17,DUK,LNT,63.6208,34.4345,1.0561,-0.2538,1,-0.3456,-0.0833,-0.4289,HOLDING
2017-11-14,17,DUK,LNT,64.4772,35.1186,1.0561,-1.389,1,-0.6671,-0.0833,-0.7505,HOLDING
2017-11-15,17,DUK,LNT,64.1162,34.7533,1.0561,-0.495,1,-0.4316,-0.0833,-0.515,HOLDING
2017-11-16,17,DUK,LNT,63.7731,34.6911,1.0561,-1.0528,1,-0.5779,-0.0833,-0.6612,HOLDING
2017-11-17,17,DUK,LNT,63.2799,34.5123,1.0561,-1.3531,1,-0.6721,-0.0833,-0.7554,HOLDING
2017-11-20,17,DUK,LNT,63.3799,34.4035,1.0561,-0.6129,1,-0.4646,-0.0833,-0.5479,HOLDING
2017-11-21,17,DUK,LNT,63.4872,34.318,1.0561,0.1278,1,-0.2826,-0.0833,-0.366,HOLDING
2017-11-22,17,DUK,LNT,63.3585,34.349,1.0561,-0.2943,1,-0.4081,-0.0833,-0.4914,HOLDING
2017-11-24,17,DUK,LNT,63.4657,34.3724,1.0561,-0.1081,1,-0.3674,-0.0833,-0.4508,HOLDING
2017-11-27,17,DUK,LNT,63.5372,34.6755,1.0561,-1.3832,1,-0.7138,-0.0833,-0.7971,HOLDING
2017-11-28,17,DUK,LNT,63.6087,34.8077,1.0561,-1.6438,1,-0.838,-0.0833,-0.9214,HOLDING
2017-11-29,17,DUK,LNT,63.623,34.9009,1.0561,-1.8054,1,-0.9497,-0.0833,-1.033,HOLDING
2017-11-30,17,DUK,LNT,63.7517,35.0642,1.0561,-1.9472,1,-1.0765,-0.0833,-1.1598,HOLDING
2017-12-01,17,DUK,LNT,63.43,34.8465,1.0561,-1.7705,1,-1.0067,-0.0833,-1.0901,HOLDING
2017-12-04,17,DUK,LNT,63.3513,34.7377,1.0561,-1.2812,1,-0.9175,-0.0833,-1.0008,HOLDING
2017-12-05,17,DUK,LNT,62.8795,34.4657,1.0561,-1.0565,1,-0.8764,-0.0833,-0.9597,HOLDING
2017-12-06,17,DUK,LNT,63.1298,34.6211,1.0561,-1.0667,1,-0.9127,-0.0833,-0.996,HOLDING
2017-12-07,17,DUK,LNT,62.8366,34.6988,1.0561,-1.8239,1,-1.2075,-0.0833,-1.2908,HOLDING
2017-12-08,17,DUK,LNT,62.9439,34.932,1.0561,-2.153,1,-1.4393,-0.0833,-1.5227,HOLDING
2017-12-11,17,DUK,LNT,63.1726,35.0408,1.0561,-1.8642,1,-1.4293,-0.0833,-1.5126,HOLDING
2017-12-12,17,DUK,LNT,62.2862,34.2091,1.0561,-0.4226,1,-0.9359,-0.0833,-1.0192,HOLDING
2017-12-13,17,DUK,LNT,62.5936,34.4268,1.0561,-0.5907,1,-1.0151,-0.0833,-1.0984,HOLDING
2017-12-14,17,DUK,LNT,62.5936,34.1625,1.0561,0.4928,1,-0.672,-0.0833,-0.7553,HOLDING
2017-12-15,17,DUK,LNT,62.7938,34.5356,1.0561,-0.5261,1,-1.0239,-0.0833,-1.1073,HOLDING
2017-12-18,17,DUK,LNT,61.8644,33.8904,1.0561,0.1602,1,-0.8011,-0.0833,-0.8844,HOLDING
2017-12-19,17,DUK,LNT,60.7707,33.2453,1.0561,0.5487,1,-0.687,-0.0833,-0.7704,HOLDING
2017-12-20,17,DUK,LNT,60.3989,33.0432,1.0561,0.7324,1,-0.6706,-0.0833,-0.7539,HOLDING
2017-12-21,17,DUK,LNT,60.2631,32.8955,1.0561,1.2147,1,-0.5687,-0.0833,-0.652,HOLDING
2017-12-22,17,DUK,LNT,60.1702,33.0354,1.0561,0.3729,1,-0.8118,-0.0833,-0.8951,HOLDING
2017-12-26,17,DUK,LNT,59.7627,32.7945,1.0561,0.58,1,-0.7685,-0.0833,-0.8518,HOLDING
2017-12-27,17,DUK,LNT,60.0344,32.9732,1.0561,0.3579,1,-0.8209,-0.0833,-0.9043,HOLDING
2017-12-28,17,DUK,LNT,60.0415,33.1598,1.0561,-0.7076,1,-1.0584,-0.0833,-1.1417,HOLDING
2017-12-29,17,DUK,LNT,60.1273,33.1209,1.0561,-0.2239,1,-0.9512,-0.0833,-1.0345,HOLDING
2018-01-02,17,DUK,LNT,59.4982,32.7323,1.0561,0.1247,1,-0.8628,-0.0833,-0.9461,HOLDING
2018-01-03,17,DUK,LNT,59.3123,32.4447,1.0561,1.1888,1,-0.6123,-0.0833,-0.6956,HOLDING
2018-01-04,17,DUK,LNT,58.8477,32.0638,1.0561,1.7628,1,-0.4252,-0.0833,-0.5085,HOLDING
2018-01-05,17,DUK,LNT,58.576,31.9316,1.0561,1.5232,1,0.0,-0.5969,-0.5969,PERIOD_END_EXIT
2017-07-10,18,CMS,PPL,35.1801,25.7549,0.8337,0.0,0,0.0,0.0,0.0,HOLD_CASH
2017-07-11,18,CMS,PPL,35.1647,25.6327,0.8337,0.0,0,0.0,0.0,0.0,HOLD_CASH
2017-07-12,18,CMS,PPL,35.5274,25.6598,0.8337,0.0,0,0.0,0.0,0.0,HOLD_CASH
2017-07-13,18,CMS,PPL,35.265,25.4155,0.8337,0.0,0,0.0,0.0,0.0,HOLD_CASH
2017-07-14,18,CMS,PPL,35.4194,25.3612,0.8337,0.0,0,0.0,0.0,0.0,HOLD_CASH
2017-07-17,18,CMS,PPL,35.4965,25.5716,0.8337,0.0,0,0.0,0.0,0.0,HOLD_CASH
2017-07-18,18,CMS,PPL,35.5737,25.5852,0.8337,0.0,0,0.0,0.0,0.0,HOLD_CASH
2017-07-19,18,CMS,PPL,35.6817,25.8771,0.8337,0.0,0,0.0,0.0,0.0,HOLD_CASH
2017-07-20,18,CMS,PPL,35.9518,25.9585,0.8337,0.0,0,0.0,0.0,0.0,HOLD_CASH
2017-07-21,18,CMS,PPL,36.0753,26.169,0.8337,0.0,0,0.0,0.0,0.0,HOLD_CASH
2017-07-24,18,CMS,PPL,35.7975,26.0671,0.8337,0.0,0,0.0,0.0,0.0,HOLD_CASH
2017-07-25,18,CMS,PPL,35.62,25.7752,0.8337,0.0,0,0.0,0.0,0.0,HOLD_CASH
2017-07-26,18,CMS,PPL,35.9055,25.8567,0.8337,0.0,0,0.0,0.0,0.0,HOLD_CASH
2017-07-27,18,CMS,PPL,36.1833,25.8771,0.8337,0.0,0,0.0,0.0,0.0,HOLD_CASH
2017-07-28,18,CMS,PPL,35.728,25.9178,0.8337,0.0,0,0.0,0.0,0.0,HOLD_CASH
2017-07-31,18,CMS,PPL,35.6817,26.0196,0.8337,0.0,0,0.0,0.0,0.0,HOLD_CASH
2017-08-01,18,CMS,PPL,35.9904,26.2097,0.8337,0.0,0,0.0,0.0,0.0,HOLD_CASH
2017-08-02,18,CMS,PPL,36.2492,26.4473,0.8337,0.0,0,0.0,0.0,0.0,HOLD_CASH
2017-08-03,18,CMS,PPL,36.5445,26.5491,0.8337,0.0,0,0.0,0.0,0.0,HOLD_CASH
2017-08-04,18,CMS,PPL,36.5523,26.3319,0.8337,1.3039,0,0.0,0.0,0.0,HOLD_CASH
2017-08-07,18,CMS,PPL,36.6767,26.359,0.8337,1.6351,0,0.0,0.0,0.0,HOLD_CASH
2017-08-08,18,CMS,PPL,36.8554,26.359,0.8337,2.1705,-1,0.0,-0.0833,-0.0833,ENTER_SHORT_A
2017-08-09,18,CMS,PPL,36.8243,26.2029,0.8337,2.2902,-1,-0.1861,-0.0833,-0.2694,HOLDING
2017-08-10,18,CMS,PPL,36.9021,26.3047,0.8337,1.8188,-1,-0.1356,-0.0833,-0.2189,HOLDING
2017-08-11,18,CMS,PPL,36.7699,26.1282,0.8337,1.8182,-1,-0.2263,-0.0833,-0.3097,HOLDING
2017-08-14,18,CMS,PPL,36.8865,26.2504,0.8337,1.5274,-1,-0.1945,-0.0833,-0.2778,HOLDING
2017-08-15,18,CMS,PPL,37.1197,26.4201,0.8337,1.4508,-1,-0.2381,-0.0833,-0.3214,HOLDING
2017-08-16,18,CMS,PPL,37.314,26.5084,0.8337,1.5051,-1,-0.3508,-0.0833,-0.4341,HOLDING
2017-08-17,18,CMS,PPL,37.1819,26.3522,0.8337,1.4527,-1,-0.4123,-0.0833,-0.4956,HOLDING
2017-08-18,18,CMS,PPL,37.4694,26.4201,0.8337,1.7117,-1,-0.6693,-0.0833,-0.7527,HOLDING
2017-08-21,18,CMS,PPL,37.5238,26.4337,0.8337,1.6018,-1,-0.7169,-0.0833,-0.8002,HOLDING
2017-08-22,18,CMS,PPL,37.5083,26.5016,0.8337,1.2455,-1,-0.6001,-0.0833,-0.6835,HOLDING
2017-08-23,18,CMS,PPL,37.757,26.8274,0.8337,0.8566,-1,-0.4385,-0.0833,-0.5218,HOLDING
2017-08-24,18,CMS,PPL,37.5705,26.8139,0.8337,0.4433,-1,-0.228,-0.0833,-0.3113,HOLDING
2017-08-25,18,CMS,PPL,37.6948,26.8749,0.8337,0.4865,-1,-0.2935,-0.0833,-0.3768,HOLDING
2017-08-28,18,CMS,PPL,37.7959,26.8342,0.8337,0.7654,-1,-0.4766,-0.0833,-0.56,HOLDING
2017-08-29,18,CMS,PPL,37.8814,26.7324,0.8337,1.2292,-1,-0.7284,-0.0833,-0.8117,HOLDING
2017-08-30,18,CMS,PPL,37.7492,26.5966,0.8337,1.3122,-1,-0.7606,-0.0833,-0.844,HOLDING
2017-08-31,18,CMS,PPL,37.7259,26.6374,0.8337,1.0793,-1,-0.6733,-0.0833,-0.7567,HOLDING
2017-09-01,18,CMS,PPL,37.6326,26.5491,0.8337,1.082,-1,-0.6852,-0.0833,-0.7685,HOLDING
2017-09-05,18,CMS,PPL,37.6404,26.5898,0.8337,0.8585,-1,-0.6362,-0.0833,-0.7195,HOLDING
2017-09-06,18,CMS,PPL,37.4461,26.5559,0.8337,-0.0422,-1,-0.4454,-0.0833,-0.5288,HOLDING
2017-09-07,18,CMS,PPL,37.6637,26.8542,0.8337,-0.8468,-1,-0.285,-0.0833,-0.3683,HOLDING
2017-09-08,18,CMS,PPL,37.8192,27.1216,0.8337,-1.724,-1,-0.0922,-0.0833,-0.1756,HOLDING
2017-09-11,18,CMS,PPL,38.1611,27.3137,0.8337,-1.0477,-1,-0.2379,-0.0833,-0.3212,HOLDING
2017-09-12,18,CMS,PPL,37.3684,26.7925,0.8337,-1.9353,-1,-0.0095,-0.0833,-0.0928,HOLDING
2017-09-13,18,CMS,PPL,36.9176,26.621,0.8337,-2.5921,-1,0.2999,-0.0833,0.2166,HOLDING
2017-09-14,18,CMS,PPL,37.2207,26.8268,0.8337,-1.9559,-1,0.2219,-0.0833,0.1385,HOLDING
2017-09-15,18,CMS,PPL,37.2052,26.9571,0.8337,-2.139,-1,0.4283,-0.0833,0.345,HOLDING
2017-09-18,18,CMS,PPL,37.0186,26.8199,0.8337,-1.9022,-1,0.4612,-0.0833,0.3778,HOLDING
2017-09-19,18,CMS,PPL,36.8321,26.8953,0.8337,-2.2498,-1,0.7996,-0.0833,0.7163,HOLDING
2017-09-20,18,CMS,PPL,36.5834,26.6348,0.8337,-1.8138,-1,0.7317,-0.0833,0.6484,HOLDING
2017-09-21,18,CMS,PPL,36.5756,26.6142,0.8337,-1.5553,-1,0.7117,-0.0833,0.6284,HOLDING
2017-09-22,18,CMS,PPL,36.1171,26.381,0.8337,-1.7417,-1,0.942,-0.0833,0.8587,HOLDING
2017-09-25,18,CMS,PPL,36.6067,26.4976,0.8337,-0.8705,-1,0.5058,-0.0833,0.4225,HOLDING
2017-09-26,18,CMS,PPL,36.4824,26.5662,0.8337,-1.1787,-1,0.7578,-0.0833,0.6744,HOLDING
2017-09-27,18,CMS,PPL,35.9305,26.0656,0.8337,-1.0296,-1,0.7186,-0.0833,0.6353,HOLDING
2017-09-28,18,CMS,PPL,36.0238,26.1822,0.8337,-1.0271,-1,0.7712,-0.0833,0.6879,HOLDING
2017-09-29,18,CMS,PPL,36.0005,26.0244,0.8337,-0.5895,-1,0.5732,-0.0833,0.4899,HOLDING
2017-10-02,18,CMS,PPL,36.0782,25.8667,0.8337,0.1533,-1,0.2507,-0.0833,0.1673,HOLDING
2017-10-03,18,CMS,PPL,35.7285,25.6884,0.8337,-0.1388,-1,0.4257,-0.0833,0.3423,HOLDING
2017-10-04,18,CMS,PPL,36.1326,25.8187,0.8337,0.7988,-1,0.1146,-0.0833,0.0313,HOLDING
2017-10-05,18,CMS,PPL,36.1637,25.5787,0.8337,1.8802,-1,-0.2687,-0.0833,-0.3521,HOLDING
2017-10-06,18,CMS,PPL,35.9849,25.5924,0.8337,1.2276,-1,-0.0286,-0.0833,-0.1119,HOLDING
2017-10-09,18,CMS,PPL,36.1248,25.6678,0.8337,1.4755,-1,-0.0927,-0.0833,-0.176,HOLDING
2017-10-10,18,CMS,PPL,36.529,25.9559,0.8337,1.6294,-1,-0.177,-0.0833,-0.2603,HOLDING
2017-10-11,18,CMS,PPL,36.801,26.0039,0.8337,2.0041,-1,-0.4435,-0.0833,-0.5268,HOLDING
2017-10-12,18,CMS,PPL,37.0886,26.3125,0.8337,1.588,-1,-0.3545,-0.0833,-0.4378,HOLDING
2017-10-13,18,CMS,PPL,36.9487,25.757,0.8337,2.3855,-1,-0.9804,-0.0833,-1.0637,HOLDING
2017-10-16,18,CMS,PPL,36.8477,25.6473,0.8337,2.0386,-1,-1.0135,-0.0833,-1.0969,HOLDING
2017-10-17,18,CMS,PPL,37.1585,25.7021,0.8337,2.1092,-1,-1.318,-0.0833,-1.4013,HOLDING
2017-10-18,18,CMS,PPL,37.1585,25.7296,0.8337,1.7711,-1,-1.2786,-0.0833,-1.3619,HOLDING
2017-10-19,18,CMS,PPL,37.4539,25.9284,0.8337,1.6353,-1,-1.3569,-0.0833,-1.4402,HOLDING
2017-10-20,18,CMS,PPL,37.4461,25.8873,0.8337,1.5288,-1,-1.4065,-0.0833,-1.4898,HOLDING
2017-10-23,18,CMS,PPL,37.4694,26.1479,0.8337,0.97,-1,-1.0607,-0.0833,-1.144,HOLDING
2017-10-24,18,CMS,PPL,37.6326,26.0039,0.8337,1.3577,-1,-1.4689,-0.0833,-1.5522,HOLDING
2017-10-25,18,CMS,PPL,37.2829,25.8461,0.8337,1.012,-1,-1.2644,-0.0833,-1.3477,HOLDING
2017-10-26,18,CMS,PPL,37.2596,25.8461,0.8337,0.8987,-1,-1.2356,-0.0833,-1.3189,HOLDING
2017-10-27,18,CMS,PPL,37.4617,25.8873,0.8337,1.0845,-1,-1.4256,-0.0833,-1.509,HOLDING
2017-10-30,18,CMS,PPL,37.1508,25.709,0.8337,0.8225,-1,-1.2986,-0.0833,-1.3819,HOLDING
2017-10-31,18,CMS,PPL,37.5938,25.757,0.8337,1.4855,-1,-1.7758,-0.0833,-1.8592,HOLDING
2017-11-01,18,CMS,PPL,37.3606,25.3318,0.8337,1.8653,-1,-2.0995,-0.0833,-2.1828,HOLDING
2017-11-02,18,CMS,PPL,37.6604,25.3044,0.8337,2.1352,-1,-2.5085,-0.0833,-2.5918,HOLDING
2017-11-03,18,CMS,PPL,37.6682,25.1947,0.8337,2.0861,-1,-2.6758,-0.0833,-2.7592,HOLDING
2017-11-06,18,CMS,PPL,37.6056,25.0369,0.8337,2.033,-1,-2.8254,-0.0833,-2.9087,HOLDING
2017-11-07,18,CMS,PPL,38.2786,25.517,0.8337,1.9125,-1,-2.9653,-0.0833,-3.0486,HOLDING
2017-11-08,18,CMS,PPL,38.4508,25.3181,0.8337,2.1874,-1,-3.4635,-0.0833,-3.5468,HOLDING
2017-11-09,18,CMS,PPL,38.5682,25.2084,0.8337,2.1923,-1,-3.7659,-0.0833,-3.8493,HOLDING
2017-11-10,18,CMS,PPL,38.5604,24.8861,0.8337,2.2396,-1,-4.2196,-0.0833,-4.3029,HOLDING
2017-11-13,18,CMS,PPL,38.8421,25.1192,0.8337,1.8944,-1,-4.2318,-0.0833,-4.3152,HOLDING
2017-11-14,18,CMS,PPL,39.5622,25.421,0.8337,1.9099,-1,-4.686,-0.0833,-4.7693,HOLDING
2017-11-15,18,CMS,PPL,39.3039,25.0644,0.8337,1.815,-1,-4.8801,-0.0833,-4.9634,HOLDING
2017-11-16,18,CMS,PPL,39.2648,24.8381,0.8337,1.7707,-1,-5.1571,-0.0833,-5.2404,HOLDING
2017-11-17,18,CMS,PPL,38.8108,24.8655,0.8337,1.2164,-1,-4.5579,-0.0833,-4.6413,HOLDING
2017-11-20,18,CMS,PPL,38.67,24.6255,0.8337,1.2359,-1,-4.7292,-0.0833,-4.8126,HOLDING
2017-11-21,18,CMS,PPL,38.7247,24.7009,0.8337,1.0859,-1,-4.6884,-0.0833,-4.7717,HOLDING
2017-11-22,18,CMS,PPL,38.6621,24.7284,0.8337,0.9126,-1,-4.5717,-0.0833,-4.6551,HOLDING
2017-11-24,18,CMS,PPL,38.6934,24.8998,0.8337,0.667,-1,-4.3639,-0.0833,-4.4472,HOLDING
2017-11-27,18,CMS,PPL,38.9361,25.085,0.8337,0.5957,-1,-4.3969,-0.0833,-4.4803,HOLDING
2017-11-28,18,CMS,PPL,38.8969,25.0507,0.8337,0.5315,-1,-4.398,-0.0833,-4.4813,HOLDING
2017-11-29,18,CMS,PPL,38.8265,25.1055,0.8337,0.2802,-1,-4.2323,-0.0833,-4.3156,HOLDING
2017-11-30,18,CMS,PPL,39.0535,25.1467,0.8337,0.4349,-1,-4.453,-0.0833,-4.5363,HOLDING
2017-12-01,18,CMS,PPL,38.9282,24.8724,0.8337,0.7221,-1,-4.6929,-0.0833,-4.7762,HOLDING
2017-12-04,18,CMS,PPL,38.9439,24.6598,0.8337,1.1747,-1,-5.0177,-0.0833,-5.101,HOLDING
2017-12-05,18,CMS,PPL,38.5917,24.2003,0.8337,1.6182,-1,-5.2438,-0.0833,-5.3272,HOLDING
2017-12-06,18,CMS,PPL,38.67,24.2826,0.8337,1.5936,-1,-5.2221,-0.0833,-5.3054,HOLDING
2017-12-07,18,CMS,PPL,38.803,24.2861,0.8337,1.8374,-1,-5.3812,-0.0833,-5.4645,HOLDING
2017-12-08,18,CMS,PPL,39.03,23.9255,0.8337,2.8943,-1,-6.1794,-0.0833,-6.2627,HOLDING
2017-12-11,18,CMS,PPL,39.2021,24.0087,0.8337,2.4013,-1,-6.272,-0.0833,-6.3554,HOLDING
2017-12-12,18,CMS,PPL,38.4821,23.6065,0.8337,1.7934,-1,-5.9624,-0.0833,-6.0457,HOLDING
2017-12-13,18,CMS,PPL,38.5447,23.4886,0.8337,1.8672,-1,-6.209,-0.0833,-6.2923,HOLDING
2017-12-14,18,CMS,PPL,38.4039,23.44,0.8337,1.5348,-1,-6.1051,-0.0833,-6.1884,HOLDING
2017-12-15,18,CMS,PPL,38.5447,23.5579,0.8337,1.3538,-1,-6.1093,-0.0833,-6.1927,HOLDING
2017-12-18,18,CMS,PPL,38.0752,23.5579,0.8337,0.5979,-1,-5.5303,-0.0833,-5.6136,HOLDING
2017-12-19,18,CMS,PPL,37.3473,22.483,0.8337,1.5042,-1,-6.1779,-0.0833,-6.2612,HOLDING
2017-12-20,18,CMS,PPL,36.909,21.9074,0.8337,1.7496,-1,-6.4648,-0.0833,-6.5481,HOLDING
2017-12-21,18,CMS,PPL,36.9873,21.63,0.8337,2.0027,-1,-6.96,-0.0833,-7.0433,HOLDING
2017-12-22,18,CMS,PPL,37.0577,21.5884,0.8337,1.8677,-1,-7.1067,-0.0833,-7.19,HOLDING
2017-12-26,18,CMS,PPL,36.6351,21.3318,0.8337,1.605,-1,-6.9544,-0.0833,-7.0377,HOLDING
2017-12-27,18,CMS,PPL,36.9482,21.3804,0.8337,1.6694,-1,-7.2706,-0.0833,-7.354,HOLDING
2017-12-28,18,CMS,PPL,37.089,21.4358,0.8337,1.5824,-1,-7.3646,-0.0833,-7.4479,HOLDING
2017-12-29,18,CMS,PPL,37.0186,21.4636,0.8337,1.35,-1,-7.2379,-0.0833,-7.3212,HOLDING
2018-01-02,18,CMS,PPL,36.7447,21.2209,0.8337,1.3248,-1,-7.249,-0.0833,-7.3323,HOLDING
2018-01-03,18,CMS,PPL,36.5177,21.2694,0.8337,0.8915,-1,-6.8993,-0.0833,-6.9827,HOLDING
2018-01-04,18,CMS,PPL,36.1108,21.3249,0.8337,0.2055,-1,-6.3178,-0.0833,-6.4011,HOLDING
2018-01-05,18,CMS,PPL,35.8525,21.4636,0.8337,-0.5143,-1,0.0,-5.9583,-5.9583,PERIOD_END_EXIT
2017-07-10,19,AEP,SRE,50.6269,42.2537,1.0572,0.0,0,0.0,0.0,0.0,HOLD_CASH
2017-07-11,19,AEP,SRE,50.5902,42.2918,1.0572,0.0,0,0.0,0.0,0.0,HOLD_CASH
2017-07-12,19,AEP,SRE,50.7004,42.5322,1.0572,0.0,0,0.0,0.0,0.0,HOLD_CASH
2017-07-13,19,AEP,SRE,50.1787,42.5741,1.0572,0.0,0,0.0,0.0,0.0,HOLD_CASH
2017-07-14,19,AEP,SRE,50.0978,42.7801,1.0572,0.0,0,0.0,0.0,0.0,HOLD_CASH
2017-07-17,19,AEP,SRE,50.3771,42.7343,1.0572,0.0,0,0.0,0.0,0.0,HOLD_CASH
2017-07-18,19,AEP,SRE,50.2375,42.7992,1.0572,0.0,0,0.0,0.0,0.0,HOLD_CASH
2017-07-19,19,AEP,SRE,50.4506,43.0815,1.0572,0.0,0,0.0,0.0,0.0,HOLD_CASH
2017-07-20,19,AEP,SRE,50.4873,43.5087,1.0572,0.0,0,0.0,0.0,0.0,HOLD_CASH
2017-07-21,19,AEP,SRE,51.428,43.8406,1.0572,0.0,0,0.0,0.0,0.0,HOLD_CASH
2017-07-24,19,AEP,SRE,50.8474,43.2302,1.0572,0.0,0,0.0,0.0,0.0,HOLD_CASH
2017-07-25,19,AEP,SRE,50.5902,43.0128,1.0572,0.0,0,0.0,0.0,0.0,HOLD_CASH
2017-07-26,19,AEP,SRE,51.0385,43.2302,1.0572,0.0,0,0.0,0.0,0.0,HOLD_CASH
2017-07-27,19,AEP,SRE,51.935,43.1349,1.0572,0.0,0,0.0,0.0,0.0,HOLD_CASH
2017-07-28,19,AEP,SRE,51.7587,43.1196,1.0572,0.0,0,0.0,0.0,0.0,HOLD_CASH
2017-07-31,19,AEP,SRE,51.8395,43.1082,1.0572,0.0,0,0.0,0.0,0.0,HOLD_CASH
2017-08-01,19,AEP,SRE,51.8983,43.6727,1.0572,0.0,0,0.0,0.0,0.0,HOLD_CASH
2017-08-02,19,AEP,SRE,52.1261,43.8825,1.0572,0.0,0,0.0,0.0,0.0,HOLD_CASH
2017-08-03,19,AEP,SRE,52.3246,44.2602,1.0572,0.0,0,0.0,0.0,0.0,HOLD_CASH
2017-08-04,19,AEP,SRE,52.0894,44.7026,1.0572,-1.522,0,0.0,0.0,0.0,HOLD_CASH
2017-08-07,19,AEP,SRE,52.4642,44.6759,1.0572,-0.7384,0,0.0,0.0,0.0,HOLD_CASH
2017-08-08,19,AEP,SRE,52.8717,44.8171,1.0572,-0.2608,0,0.0,0.0,0.0,HOLD_CASH
2017-08-09,19,AEP,SRE,52.5827,44.5272,1.0572,-0.0705,0,0.0,0.0,0.0,HOLD_CASH
2017-08-10,19,AEP,SRE,52.8792,44.2716,1.0572,1.0166,0,0.0,0.0,0.0,HOLD_CASH
2017-08-11,19,AEP,SRE,52.2863,44.1,1.0572,0.2708,0,0.0,0.0,0.0,HOLD_CASH
2017-08-14,19,AEP,SRE,52.6494,44.4127,1.0572,0.1997,0,0.0,0.0,0.0,HOLD_CASH
2017-08-15,19,AEP,SRE,52.9977,44.5539,1.0572,0.4657,0,0.0,0.0,0.0,HOLD_CASH
2017-08-16,19,AEP,SRE,53.3682,44.6149,1.0572,0.9143,0,0.0,0.0,0.0,HOLD_CASH
2017-08-17,19,AEP,SRE,53.3534,44.1686,1.0572,1.7773,0,0.0,0.0,0.0,HOLD_CASH
2017-08-18,19,AEP,SRE,53.472,44.4585,1.0572,1.1789,0,0.0,0.0,0.0,HOLD_CASH
2017-08-21,19,AEP,SRE,53.8499,45.1642,1.0572,0.1634,0,0.0,0.0,0.0,HOLD_CASH
2017-08-22,19,AEP,SRE,53.9536,45.1184,1.0572,0.4082,0,0.0,0.0,0.0,HOLD_CASH
2017-08-23,19,AEP,SRE,54.3241,45.2519,1.0572,0.7226,0,0.0,0.0,0.0,HOLD_CASH
2017-08-24,19,AEP,SRE,54.3834,45.4198,1.0572,0.4931,0,0.0,0.0,0.0,HOLD_CASH
2017-08-25,19,AEP,SRE,54.5168,45.4045,1.0572,0.826,0,0.0,0.0,0.0,HOLD_CASH
2017-08-28,19,AEP,SRE,54.9095,45.4732,1.0572,1.4262,0,0.0,0.0,0.0,HOLD_CASH
2017-08-29,19,AEP,SRE,54.791,45.3092,1.0572,1.4348,0,0.0,0.0,0.0,HOLD_CASH
2017-08-30,19,AEP,SRE,54.6502,44.9163,1.0572,1.8143,0,0.0,0.0,0.0,HOLD_CASH
2017-08-31,19,AEP,SRE,54.5613,44.9849,1.0572,1.3472,0,0.0,0.0,0.0,HOLD_CASH
2017-09-01,19,AEP,SRE,54.4946,44.9887,1.0572,1.1923,0,0.0,0.0,0.0,HOLD_CASH
2017-09-05,19,AEP,SRE,54.9021,44.8743,1.0572,2.0022,-1,0.0,-0.0833,-0.0833,ENTER_SHORT_A
2017-09-06,19,AEP,SRE,54.3167,44.7065,1.0572,1.218,-1,0.2717,-0.0833,0.1884,HOLDING
2017-09-07,19,AEP,SRE,54.7095,45.3816,1.0572,0.2217,-1,0.6263,-0.0833,0.543,HOLDING
2017-09-08,19,AEP,SRE,54.9762,45.4541,1.0572,0.5289,-1,0.4986,-0.0833,0.4153,HOLDING
2017-09-11,19,AEP,SRE,55.243,45.7974,1.0572,0.0844,-1,0.6295,-0.0833,0.5461,HOLDING
2017-09-12,19,AEP,SRE,54.1759,45.1413,1.0572,-0.5753,-1,0.7906,-0.0833,0.7073,HOLDING
2017-09-13,19,AEP,SRE,53.7906,45.0574,1.0572,-1.3585,-1,0.9949,-0.0833,0.9115,HOLDING
2017-09-14,19,AEP,SRE,54.0203,45.4274,1.0572,-1.8044,-1,1.1785,-0.0833,1.0951,HOLDING
2017-09-15,19,AEP,SRE,54.1167,45.5037,1.0572,-1.5783,-1,1.1802,-0.0833,1.0969,HOLDING
2017-09-18,19,AEP,SRE,53.5535,44.8819,1.0572,-0.9871,-1,1.0023,-0.0833,0.919,HOLDING
2017-09-19,19,AEP,SRE,53.3386,44.8514,1.0572,-1.3516,-1,1.1318,-0.0833,1.0484,HOLDING
2017-09-20,19,AEP,SRE,53.1163,44.47,1.0572,-0.7687,-1,0.9318,-0.0833,0.8484,HOLDING
2017-09-21,19,AEP,SRE,52.9458,44.5287,1.0572,-1.2165,-1,1.1136,-0.0833,1.0303,HOLDING
2017-09-22,19,AEP,SRE,52.2938,44.5403,1.0572,-2.2069,-1,1.6057,-0.0833,1.5224,HOLDING
2017-09-25,19,AEP,SRE,52.642,44.9014,1.0572,-2.0093,-1,1.6934,-0.0833,1.6101,HOLDING
2017-09-26,19,AEP,SRE,52.7532,44.6632,1.0572,-1.2024,-1,1.3841,-0.0833,1.3007,HOLDING
2017-09-27,19,AEP,SRE,52.1011,43.9871,1.0572,-0.8091,-1,1.22,-0.0833,1.1366,HOLDING
2017-09-28,19,AEP,SRE,52.2419,44.0178,1.0572,-0.5701,-1,1.1454,-0.0833,1.0621,HOLDING
2017-09-29,19,AEP,SRE,52.0492,43.8449,1.0572,-0.4588,-1,1.1226,-0.0833,1.0392,HOLDING
2017-10-02,19,AEP,SRE,52.19,43.7873,1.0572,-0.0231,-1,0.9637,-0.0833,0.8804,HOLDING
2017-10-03,19,AEP,SRE,52.0863,43.745,1.0572,0.0082,-1,0.9999,-0.0833,0.9166,HOLDING
2017-10-04,19,AEP,SRE,52.9977,44.0101,1.0572,1.4119,-1,0.5804,-0.0833,0.497,HOLDING
2017-10-05,19,AEP,SRE,52.9755,43.0343,1.0572,3.0424,-1,-0.3344,-0.0833,-0.4178,HOLDING
2017-10-06,19,AEP,SRE,53.0051,43.0074,1.0572,2.5425,-1,-0.382,-0.0833,-0.4653,HOLDING
2017-10-09,19,AEP,SRE,53.1607,43.2687,1.0572,1.9706,-1,-0.2475,-0.0833,-0.3308,HOLDING
2017-10-10,19,AEP,SRE,53.6424,43.722,1.0572,1.6233,-1,-0.1702,-0.0833,-0.2536,HOLDING
2017-10-11,19,AEP,SRE,53.9166,44.1561,1.0572,1.1683,-1,0.0418,-0.0833,-0.0416,HOLDING
2017-10-12,19,AEP,SRE,54.3464,44.548,1.0572,0.9837,-1,0.0986,-0.0833,0.0153,HOLDING
2017-10-13,19,AEP,SRE,54.213,44.1292,1.0572,1.2787,-1,-0.2026,-0.0833,-0.2859,HOLDING
2017-10-16,19,AEP,SRE,54.1834,43.9717,1.0572,1.3084,-1,-0.3311,-0.0833,-0.4144,HOLDING
2017-10-17,19,AEP,SRE,54.2426,43.8104,1.0572,1.4026,-1,-0.5288,-0.0833,-0.6121,HOLDING
2017-10-18,19,AEP,SRE,54.1018,43.43,1.0572,1.5354,-1,-0.7879,-0.0833,-0.8712,HOLDING
2017-10-19,19,AEP,SRE,54.7095,43.8296,1.0572,1.4271,-1,-0.8549,-0.0833,-0.9382,HOLDING
2017-10-20,19,AEP,SRE,54.8206,43.8449,1.0572,1.3702,-1,-0.9222,-0.0833,-1.0056,HOLDING
2017-10-23,19,AEP,SRE,54.7762,43.9602,1.0572,1.1146,-1,-0.7794,-0.0833,-0.8628,HOLDING
2017-10-24,19,AEP,SRE,54.8132,44.1638,1.0572,0.8243,-1,-0.6125,-0.0833,-0.6958,HOLDING
2017-10-25,19,AEP,SRE,54.5242,43.9141,1.0572,0.7857,-1,-0.6375,-0.0833,-0.7209,HOLDING
2017-10-26,19,AEP,SRE,54.6576,44.2214,1.0572,0.4276,-1,-0.4427,-0.0833,-0.526,HOLDING
2017-10-27,19,AEP,SRE,54.8503,44.425,1.0572,0.2551,-1,-0.3905,-0.0833,-0.4739,HOLDING
2017-10-30,19,AEP,SRE,54.9614,45.1204,1.0572,-0.9653,-1,0.1911,-0.0833,0.1077,HOLDING
2017-10-31,19,AEP,SRE,55.1393,45.1395,1.0572,-1.0435,-1,0.0782,-0.0833,-0.0052,HOLDING
2017-11-01,19,AEP,SRE,54.8429,44.8053,1.0572,-1.0142,-1,-0.0221,-0.0833,-0.1054,HOLDING
2017-11-02,19,AEP,SRE,54.628,45.2586,1.0572,-2.2245,-1,0.5691,-0.0833,0.4858,HOLDING
2017-11-03,19,AEP,SRE,54.8947,45.7081,1.0572,-2.244,-1,0.8012,-0.0833,0.7179,HOLDING
2017-11-06,19,AEP,SRE,54.6354,45.6659,1.0572,-2.1158,-1,0.9523,-0.0833,0.8689,HOLDING
2017-11-07,19,AEP,SRE,55.7173,46.2997,1.0572,-1.5429,-1,0.7589,-0.0833,0.6756,HOLDING
2017-11-08,19,AEP,SRE,55.9618,46.4957,1.0572,-1.4089,-1,0.7655,-0.0833,0.6821,HOLDING
2017-11-09,19,AEP,SRE,56.4026,46.6301,1.0572,-1.029,-1,0.5685,-0.0833,0.4852,HOLDING
2017-11-10,19,AEP,SRE,55.8721,46.5341,1.0572,-1.3406,-1,0.8683,-0.0833,0.785,HOLDING
2017-11-13,19,AEP,SRE,56.8808,46.8529,1.0572,-0.6312,-1,0.4284,-0.0833,0.345,HOLDING
2017-11-14,19,AEP,SRE,57.8222,46.9567,1.0572,0.2526,-1,-0.1672,-0.0833,-0.2506,HOLDING
2017-11-15,19,AEP,SRE,57.2245,46.2575,1.0572,0.6418,-1,-0.3935,-0.0833,-0.4768,HOLDING
2017-11-16,19,AEP,SRE,57.3515,46.0462,1.0572,1.1297,-1,-0.6888,-0.0833,-0.7722,HOLDING
2017-11-17,19,AEP,SRE,57.0676,45.9117,1.0572,1.0775,-1,-0.6077,-0.0833,-0.691,HOLDING
2017-11-20,19,AEP,SRE,57.1124,45.639,1.0572,1.5311,-1,-0.9011,-0.0833,-0.9844,HOLDING
2017-11-21,19,AEP,SRE,57.359,45.6467,1.0572,1.6846,-1,-1.0756,-0.0833,-1.159,HOLDING
2017-11-22,19,AEP,SRE,57.2245,45.5852,1.0572,1.5386,-1,-1.0351,-0.0833,-1.1184,HOLDING
2017-11-24,19,AEP,SRE,57.1348,45.6006,1.0572,1.3329,-1,-0.9542,-0.0833,-1.0376,HOLDING
2017-11-27,19,AEP,SRE,57.3366,45.881,1.0572,1.1,-1,-0.8354,-0.0833,-0.9188,HOLDING
2017-11-28,19,AEP,SRE,57.5458,45.9386,1.0572,1.1177,-1,-0.9348,-0.0833,-1.0181,HOLDING
2017-11-29,19,AEP,SRE,57.6354,46.1999,1.0572,0.8035,-1,-0.7517,-0.0833,-0.835,HOLDING
2017-11-30,19,AEP,SRE,58.0015,46.4803,1.0572,0.7418,-1,-0.7542,-0.0833,-0.8375,HOLDING
2017-12-01,19,AEP,SRE,57.7101,46.2844,1.0572,0.6369,-1,-0.7261,-0.0833,-0.8094,HOLDING
2017-12-04,19,AEP,SRE,57.8222,46.2882,1.0572,0.6601,-1,-0.8051,-0.0833,-0.8885,HOLDING
2017-12-05,19,AEP,SRE,56.9854,44.6478,1.0572,1.8014,-1,-1.7532,-0.0833,-1.8366,HOLDING
2017-12-06,19,AEP,SRE,57.3291,44.6824,1.0572,1.8599,-1,-1.9738,-0.0833,-2.0571,HOLDING
2017-12-07,19,AEP,SRE,57.2394,44.7285,1.0572,1.5749,-1,-1.8636,-0.0833,-1.947,HOLDING
2017-12-08,19,AEP,SRE,57.4785,44.8284,1.0572,1.5384,-1,-1.9447,-0.0833,-2.0281,HOLDING
2017-12-11,19,AEP,SRE,57.5906,45.3432,1.0572,0.9277,-1,-1.5361,-0.0833,-1.6195,HOLDING
2017-12-12,19,AEP,SRE,56.7986,44.0601,1.0572,1.9241,-1,-2.1763,-0.0833,-2.2597,HOLDING
2017-12-13,19,AEP,SRE,57.1647,44.2713,1.0572,1.7991,-1,-2.2448,-0.0833,-2.3282,HOLDING
2017-12-14,19,AEP,SRE,57.0003,44.4788,1.0572,1.1427,-1,-1.9256,-0.0833,-2.0089,HOLDING
2017-12-15,19,AEP,SRE,57.1871,44.7669,1.0572,0.8049,-1,-1.7884,-0.0833,-1.8717,HOLDING
2017-12-18,19,AEP,SRE,56.4101,44.206,1.0572,0.7001,-1,-1.7504,-0.0833,-1.8337,HOLDING
2017-12-19,19,AEP,SRE,55.6704,43.0996,1.0572,1.5046,-1,-2.2605,-0.0833,-2.3438,HOLDING
2017-12-20,19,AEP,SRE,55.6629,42.9997,1.0572,1.4733,-1,-2.3503,-0.0833,-2.4336,HOLDING
2017-12-21,19,AEP,SRE,55.0951,41.0712,1.0572,2.8583,-1,-3.7718,-0.0833,-3.8551,HOLDING
2017-12-22,19,AEP,SRE,55.0279,41.6091,1.0572,1.8075,-1,-3.2089,-0.0833,-3.2922,HOLDING
2017-12-26,19,AEP,SRE,54.5347,41.4669,1.0572,1.3921,-1,-2.9807,-0.0833,-3.064,HOLDING
2017-12-27,19,AEP,SRE,54.7215,41.4247,1.0572,1.4263,-1,-3.1589,-0.0833,-3.2422,HOLDING
2017-12-28,19,AEP,SRE,55.0279,41.4529,1.0572,1.48,-1,-3.3579,-0.0833,-3.4413,HOLDING
2017-12-29,19,AEP,SRE,54.9681,41.391,1.0572,1.3711,-1,-3.3729,-0.0833,-3.4563,HOLDING
2018-01-02,19,AEP,SRE,54.1014,40.7832,1.0572,1.2618,-1,-3.3135,-0.0833,-3.3968,HOLDING
2018-01-03,19,AEP,SRE,53.6456,41.8633,1.0572,-0.5667,-1,-1.9464,-0.0833,-2.0298,HOLDING
2018-01-04,19,AEP,SRE,53.0105,41.5845,1.0572,-0.833,-1,-1.7439,-0.0833,-1.8272,HOLDING
2018-01-05,19,AEP,SRE,52.8985,41.9833,1.0572,-1.3782,-1,0.0,-1.4431,-1.4431,PERIOD_END_EXIT
2017-07-10,20,CMS,EIX,35.1801,52.6762,0.9194,0.0,0,0.0,0.0,0.0,HOLD_CASH
2017-07-11,20,CMS,EIX,35.1647,52.752,0.9194,0.0,0,0.0,0.0,0.0,HOLD_CASH
2017-07-12,20,CMS,EIX,35.5274,52.7796,0.9194,0.0,0,0.0,0.0,0.0,HOLD_CASH
2017-07-13,20,CMS,EIX,35.265,53.4274,0.9194,0.0,0,0.0,0.0,0.0,HOLD_CASH
2017-07-14,20,CMS,EIX,35.4194,53.3722,0.9194,0.0,0,0.0,0.0,0.0,HOLD_CASH
2017-07-17,20,CMS,EIX,35.4965,53.641,0.9194,0.0,0,0.0,0.0,0.0,HOLD_CASH
2017-07-18,20,CMS,EIX,35.5737,53.6548,0.9194,0.0,0,0.0,0.0,0.0,HOLD_CASH
2017-07-19,20,CMS,EIX,35.6817,53.7995,0.9194,0.0,0,0.0,0.0,0.0,HOLD_CASH
2017-07-20,20,CMS,EIX,35.9518,54.0613,0.9194,0.0,0,0.0,0.0,0.0,HOLD_CASH
2017-07-21,20,CMS,EIX,36.0753,54.4266,0.9194,0.0,0,0.0,0.0,0.0,HOLD_CASH
2017-07-24,20,CMS,EIX,35.7975,54.082,0.9194,0.0,0,0.0,0.0,0.0,HOLD_CASH
2017-07-25,20,CMS,EIX,35.62,54.02,0.9194,0.0,0,0.0,0.0,0.0,HOLD_CASH
2017-07-26,20,CMS,EIX,35.9055,54.3783,0.9194,0.0,0,0.0,0.0,0.0,HOLD_CASH
2017-07-27,20,CMS,EIX,36.1833,54.592,0.9194,0.0,0,0.0,0.0,0.0,HOLD_CASH
2017-07-28,20,CMS,EIX,35.728,53.9235,0.9194,0.0,0,0.0,0.0,0.0,HOLD_CASH
2017-07-31,20,CMS,EIX,35.6817,54.2199,0.9194,0.0,0,0.0,0.0,0.0,HOLD_CASH
2017-08-01,20,CMS,EIX,35.9904,54.3577,0.9194,0.0,0,0.0,0.0,0.0,HOLD_CASH
2017-08-02,20,CMS,EIX,36.2492,54.2612,0.9194,0.0,0,0.0,0.0,0.0,HOLD_CASH
2017-08-03,20,CMS,EIX,36.5445,54.7436,0.9194,0.0,0,0.0,0.0,0.0,HOLD_CASH
2017-08-04,20,CMS,EIX,36.5523,54.6402,0.9194,1.6068,0,0.0,0.0,0.0,HOLD_CASH
2017-08-07,20,CMS,EIX,36.6767,54.7436,0.9194,1.7238,0,0.0,0.0,0.0,HOLD_CASH
2017-08-08,20,CMS,EIX,36.8554,54.9848,0.9194,1.6532,0,0.0,0.0,0.0,HOLD_CASH
2017-08-09,20,CMS,EIX,36.8243,54.7505,0.9194,2.0551,-1,0.0,-0.0833,-0.0833,ENTER_SHORT_A
2017-08-10,20,CMS,EIX,36.9021,54.9021,0.9194,1.7357,-1,0.0189,-0.0833,-0.0644,HOLDING
2017-08-11,20,CMS,EIX,36.7699,54.8056,0.9194,1.2965,-1,0.1043,-0.0833,0.021,HOLDING
2017-08-14,20,CMS,EIX,36.8865,55.4878,0.9194,0.1028,-1,0.4643,-0.0833,0.3809,HOLDING
2017-08-15,20,CMS,EIX,37.1197,55.0744,0.9194,1.7119,-1,-0.1121,-0.0833,-0.1954,HOLDING
2017-08-16,20,CMS,EIX,37.314,54.971,0.9194,2.1512,-1,-0.4165,-0.0833,-0.4998,HOLDING
2017-08-17,20,CMS,EIX,37.1819,54.4473,0.9194,2.2239,-1,-0.6426,-0.0833,-0.7259,HOLDING
2017-08-18,20,CMS,EIX,37.4694,54.399,0.9194,2.4043,-1,-1.0168,-0.0833,-1.1001,HOLDING
2017-08-21,20,CMS,EIX,37.5238,54.9779,0.9194,1.5204,-1,-0.6589,-0.0833,-0.7423,HOLDING
2017-08-22,20,CMS,EIX,37.5083,55.1984,0.9194,1.0895,-1,-0.4798,-0.0833,-0.5632,HOLDING
2017-08-23,20,CMS,EIX,37.757,55.3569,0.9194,1.275,-1,-0.6575,-0.0833,-0.7408,HOLDING
2017-08-24,20,CMS,EIX,37.5705,55.2673,0.9194,0.9027,-1,-0.5029,-0.0833,-0.5862,HOLDING
2017-08-25,20,CMS,EIX,37.6948,55.6463,0.9194,0.585,-1,-0.3732,-0.0833,-0.4565,HOLDING
2017-08-28,20,CMS,EIX,37.7959,55.7221,0.9194,0.6412,-1,-0.437,-0.0833,-0.5204,HOLDING
2017-08-29,20,CMS,EIX,37.8814,55.4396,0.9194,1.2217,-1,-0.7438,-0.0833,-0.8271,HOLDING
2017-08-30,20,CMS,EIX,37.7492,55.3362,0.9194,0.9446,-1,-0.6634,-0.0833,-0.7467,HOLDING
2017-08-31,20,CMS,EIX,37.7259,55.2535,0.9194,0.9323,-1,-0.6962,-0.0833,-0.7795,HOLDING
2017-09-01,20,CMS,EIX,37.6326,55.1019,0.9194,0.8511,-1,-0.6968,-0.0833,-0.7801,HOLDING
2017-09-05,20,CMS,EIX,37.6404,55.3086,0.9194,0.4186,-1,-0.5552,-0.0833,-0.6385,HOLDING
2017-09-06,20,CMS,EIX,37.4461,54.8194,0.9194,0.6897,-1,-0.6828,-0.0833,-0.7662,HOLDING
2017-09-07,20,CMS,EIX,37.6637,55.2466,0.9194,0.4551,-1,-0.6279,-0.0833,-0.7112,HOLDING
2017-09-08,20,CMS,EIX,37.8192,55.6394,0.9194,0.078,-1,-0.5248,-0.0833,-0.6081,HOLDING
2017-09-11,20,CMS,EIX,38.1611,56.1563,0.9194,0.0513,-1,-0.5512,-0.0833,-0.6345,HOLDING
2017-09-12,20,CMS,EIX,37.3684,55.6394,0.9194,-2.501,-1,0.0067,-0.0833,-0.0766,HOLDING
2017-09-13,20,CMS,EIX,36.9176,55.8048,0.9194,-3.4548,-1,0.6587,-0.0833,0.5754,HOLDING
2017-09-14,20,CMS,EIX,37.2207,55.8393,0.9194,-2.0658,-1,0.3265,-0.0833,0.2431,HOLDING
2017-09-15,20,CMS,EIX,37.2052,55.9564,0.9194,-1.9572,-1,0.4302,-0.0833,0.3469,HOLDING
2017-09-18,20,CMS,EIX,37.0186,55.5085,0.9194,-1.5408,-1,0.3236,-0.0833,0.2402,HOLDING
2017-09-19,20,CMS,EIX,36.8321,54.9296,0.9194,-0.9801,-1,0.1215,-0.0833,0.0381,HOLDING
2017-09-20,20,CMS,EIX,36.5834,54.5024,0.9194,-0.86,-1,0.1032,-0.0833,0.0199,HOLDING
2017-09-21,20,CMS,EIX,36.5756,54.2061,0.9194,-0.3399,-1,-0.1037,-0.0833,-0.187,HOLDING
2017-09-22,20,CMS,EIX,36.1171,53.9442,0.9194,-1.0352,-1,0.246,-0.0833,0.1627,HOLDING
2017-09-25,20,CMS,EIX,36.6067,54.6264,0.9194,-0.7811,-1,0.1662,-0.0833,0.0828,HOLDING
2017-09-26,20,CMS,EIX,36.4824,54.5437,0.9194,-0.8842,-1,0.2525,-0.0833,0.1692,HOLDING
2017-09-27,20,CMS,EIX,35.9305,53.8064,0.9194,-1.0343,-1,0.3655,-0.0833,0.2822,HOLDING
2017-09-28,20,CMS,EIX,36.0238,53.8293,0.9194,-0.7436,-1,0.2722,-0.0833,0.1889,HOLDING
2017-09-29,20,CMS,EIX,36.0005,53.5517,0.9194,-0.2715,-1,0.0973,-0.0833,0.014,HOLDING
2017-10-02,20,CMS,EIX,36.0782,53.4337,0.9194,0.2482,-1,-0.0803,-0.0833,-0.1636,HOLDING
2017-10-03,20,CMS,EIX,35.7285,53.4407,0.9194,-0.7628,-1,0.3371,-0.0833,0.2538,HOLDING
2017-10-04,20,CMS,EIX,36.1326,54.0236,0.9194,-0.544,-1,0.2856,-0.0833,0.2023,HOLDING
2017-10-05,20,CMS,EIX,36.1637,53.9056,0.9194,-0.0651,-1,0.1629,-0.0833,0.0796,HOLDING
2017-10-06,20,CMS,EIX,35.9849,53.864,0.9194,-0.649,-1,0.3433,-0.0833,0.26,HOLDING
2017-10-09,20,CMS,EIX,36.1248,53.8154,0.9194,0.4403,-1,0.143,-0.0833,0.0597,HOLDING
2017-10-10,20,CMS,EIX,36.529,54.5024,0.9194,0.3692,-1,0.1674,-0.0833,0.084,HOLDING
2017-10-11,20,CMS,EIX,36.801,54.4191,0.9194,2.3791,-1,-0.2141,-0.0833,-0.2974,HOLDING
2017-10-12,20,CMS,EIX,37.0886,55.2796,0.9194,0.6093,-1,0.0742,-0.0833,-0.0091,HOLDING
2017-10-13,20,CMS,EIX,36.9487,54.1207,0.9194,3.1327,-1,-0.6057,-0.0833,-0.6891,HOLDING
2017-10-16,20,CMS,EIX,36.8477,53.8778,0.9194,2.5785,-1,-0.6637,-0.0833,-0.747,HOLDING
2017-10-17,20,CMS,EIX,37.1585,53.8501,0.9194,2.7958,-1,-1.0505,-0.0833,-1.1338,HOLDING
2017-10-18,20,CMS,EIX,37.1585,54.0236,0.9194,2.0425,-1,-0.924,-0.0833,-1.0073,HOLDING
2017-10-19,20,CMS,EIX,37.4539,55.1478,0.9194,0.8867,-1,-0.4526,-0.0833,-0.5359,HOLDING
2017-10-20,20,CMS,EIX,37.4461,55.238,0.9194,0.6508,-1,-0.3777,-0.0833,-0.461,HOLDING
2017-10-23,20,CMS,EIX,37.4694,55.5225,0.9194,0.2116,-1,-0.1977,-0.0833,-0.281,HOLDING
2017-10-24,20,CMS,EIX,37.6326,55.4253,0.9194,0.7197,-1,-0.461,-0.0833,-0.5443,HOLDING
2017-10-25,20,CMS,EIX,37.2829,54.8286,0.9194,0.7008,-1,-0.4837,-0.0833,-0.567,HOLDING
2017-10-26,20,CMS,EIX,37.2596,54.6343,0.9194,0.8753,-1,-0.5979,-0.0833,-0.6812,HOLDING
2017-10-27,20,CMS,EIX,37.4617,55.1478,0.9194,0.4883,-1,-0.4617,-0.0833,-0.5451,HOLDING
2017-10-30,20,CMS,EIX,37.1508,55.231,0.9194,-0.5077,-1,-0.0345,-0.0833,-0.1178,HOLDING
2017-10-31,20,CMS,EIX,37.5938,55.4809,0.9194,0.2124,-1,-0.3747,-0.0833,-0.458,HOLDING
2017-11-01,20,CMS,EIX,37.3606,54.8771,0.9194,0.5553,-1,-0.5399,-0.0833,-0.6233,HOLDING
2017-11-02,20,CMS,EIX,37.6604,54.8702,0.9194,1.3421,-1,-0.8984,-0.0833,-0.9817,HOLDING
2017-11-03,20,CMS,EIX,37.6682,55.1825,0.9194,0.7014,-1,-0.6799,-0.0833,-0.7633,HOLDING
2017-11-06,20,CMS,EIX,37.6056,54.7175,0.9194,1.3577,-1,-0.9451,-0.0833,-1.0284,HOLDING
2017-11-07,20,CMS,EIX,38.2786,55.0992,0.9194,2.4094,-1,-1.4604,-0.0833,-1.5437,HOLDING
2017-11-08,20,CMS,EIX,38.4508,55.6543,0.9194,1.6128,-1,-1.2587,-0.0833,-1.342,HOLDING
2017-11-09,20,CMS,EIX,38.5682,55.7515,0.9194,1.6331,-1,-1.3262,-0.0833,-1.4096,HOLDING
2017-11-10,20,CMS,EIX,38.5604,55.5572,0.9194,1.7182,-1,-1.4587,-0.0833,-1.542,HOLDING
2017-11-13,20,CMS,EIX,38.8421,56.2789,0.9194,1.1175,-1,-1.2647,-0.0833,-1.348,HOLDING
2017-11-14,20,CMS,EIX,39.5622,57.3476,0.9194,1.1742,-1,-1.3345,-0.0833,-1.4178,HOLDING
2017-11-15,20,CMS,EIX,39.3039,56.7924,0.9194,1.3044,-1,-1.4347,-0.0833,-1.518,HOLDING
2017-11-16,20,CMS,EIX,39.2648,56.73,0.9194,1.1746,-1,-1.4341,-0.0833,-1.5174,HOLDING
2017-11-17,20,CMS,EIX,38.8108,56.1332,0.9194,0.9001,-1,-1.334,-0.0833,-1.4173,HOLDING
2017-11-20,20,CMS,EIX,38.67,55.814,0.9194,0.9621,-1,-1.4006,-0.0833,-1.484,HOLDING
2017-11-21,20,CMS,EIX,38.7247,55.6682,0.9194,1.2071,-1,-1.5715,-0.0833,-1.6548,HOLDING
2017-11-22,20,CMS,EIX,38.6621,55.6196,0.9194,1.0217,-1,-1.5331,-0.0833,-1.6164,HOLDING
2017-11-24,20,CMS,EIX,38.6934,55.8972,0.9194,0.5794,-1,-1.3676,-0.0833,-1.451,HOLDING
2017-11-27,20,CMS,EIX,38.9361,56.0846,0.9194,0.8142,-1,-1.5171,-0.0833,-1.6004,HOLDING
2017-11-28,20,CMS,EIX,38.8969,56.3067,0.9194,0.2311,-1,-1.309,-0.0833,-1.3924,HOLDING
2017-11-29,20,CMS,EIX,38.8265,56.494,0.9194,-0.6292,-1,-1.0894,-0.0833,-1.1727,HOLDING
2017-11-30,20,CMS,EIX,39.0535,56.3969,0.9194,0.508,-1,-1.4278,-0.0833,-1.5112,HOLDING
2017-12-01,20,CMS,EIX,38.9282,56.043,0.9194,0.942,-1,-1.5382,-0.0833,-1.6215,HOLDING
2017-12-04,20,CMS,EIX,38.9439,55.696,0.9194,2.3423,-1,-1.8096,-0.0833,-1.8929,HOLDING
2017-12-05,20,CMS,EIX,38.5917,48.5761,0.9194,4.2193,-1,-6.5853,-0.0833,-6.6686,HOLDING
2017-12-06,20,CMS,EIX,38.67,47.6879,0.9194,3.1341,-1,-7.3251,-0.0833,-7.4085,HOLDING
2017-12-07,20,CMS,EIX,38.803,49.8044,0.9194,1.9097,-1,-5.9389,-0.0833,-6.0223,HOLDING
2017-12-08,20,CMS,EIX,39.03,49.8252,0.9194,1.7447,-1,-6.1913,-0.0833,-6.2747,HOLDING
2017-12-11,20,CMS,EIX,39.2021,50.6441,0.9194,1.3682,-1,-5.7973,-0.0833,-5.8807,HOLDING
2017-12-12,20,CMS,EIX,38.4821,47.5907,0.9194,1.7929,-1,-7.1745,-0.0833,-7.2579,HOLDING
2017-12-13,20,CMS,EIX,38.5447,48.4373,0.9194,1.3723,-1,-6.6311,-0.0833,-6.7144,HOLDING
2017-12-14,20,CMS,EIX,38.4039,48.0834,0.9194,1.2737,-1,-6.723,-0.0833,-6.8064,HOLDING
2017-12-15,20,CMS,EIX,38.5447,48.3749,0.9194,1.121,-1,-6.6766,-0.0833,-6.76,HOLDING
2017-12-18,20,CMS,EIX,38.0752,49.2354,0.9194,0.6043,-1,-5.4956,-0.0833,-5.579,HOLDING
2017-12-19,20,CMS,EIX,37.3473,48.472,0.9194,0.4606,-1,-5.194,-0.0833,-5.2774,HOLDING
2017-12-20,20,CMS,EIX,36.909,47.3964,0.9194,0.534,-1,-5.4615,-0.0833,-5.5448,HOLDING
2017-12-21,20,CMS,EIX,36.9873,43.9336,0.9194,1.5294,-1,-8.0784,-0.0833,-8.1617,HOLDING
2017-12-22,20,CMS,EIX,37.0577,45.266,0.9194,1.0186,-1,-7.19,-0.0833,-7.2734,HOLDING
2017-12-26,20,CMS,EIX,36.6351,44.4402,0.9194,1.0102,-1,-7.2938,-0.0833,-7.3771,HOLDING
2017-12-27,20,CMS,EIX,36.9482,44.69,0.9194,0.9818,-1,-7.4808,-0.0833,-7.5641,HOLDING
2017-12-28,20,CMS,EIX,37.089,44.7916,0.9194,0.9481,-1,-7.5728,-0.0833,-7.6561,HOLDING
2017-12-29,20,CMS,EIX,37.0186,44.3012,0.9194,1.0618,-1,-7.8473,-0.0833,-7.9306,HOLDING
2018-01-02,20,CMS,EIX,36.7447,44.3082,0.9194,0.8865,-1,-7.5192,-0.0833,-7.6025,HOLDING
2018-01-03,20,CMS,EIX,36.5177,43.958,0.9194,1.0396,-1,-7.507,-0.0833,-7.5903,HOLDING
2018-01-04,20,CMS,EIX,36.1108,43.6357,0.9194,0.7925,-1,-7.2621,-0.0833,-7.3454,HOLDING
2018-01-05,20,CMS,EIX,35.8525,44.1191,0.9194,0.1337,-1,0.0,-6.763,-6.763,PERIOD_END_EXIT
