Date,Pair_Rank,Ticker_A,Ticker_B,Price_A,Price_B,Hedge_Ratio,ZScore,Position,Unrealized_PnL,Realized_PnL,Cumulative_PnL,Status
2012-06-05,1,PNW,XEL,29.5948,17.9865,0.9786,0.0,0,0.0,0.0,0.0,HOLD_CASH
2012-06-06,1,PNW,XEL,29.9299,18.1519,0.9786,0.0,0,0.0,0.0,0.0,HOLD_CASH
2012-06-07,1,PNW,XEL,29.8946,18.0692,0.9786,0.0,0,0.0,0.0,0.0,HOLD_CASH
2012-06-08,1,PNW,XEL,30.024,18.0819,0.9786,0.0,0,0.0,0.0,0.0,HOLD_CASH
2012-06-11,1,PNW,XEL,29.8417,18.171,0.9786,0.0,0,0.0,0.0,0.0,HOLD_CASH
2012-06-12,1,PNW,XEL,30.1416,18.0819,0.9786,0.0,0,0.0,0.0,0.0,HOLD_CASH
2012-06-13,1,PNW,XEL,30.1004,18.101,0.9786,0.0,0,0.0,0.0,0.0,HOLD_CASH
2012-06-14,1,PNW,XEL,30.3238,18.2855,0.9786,0.0,0,0.0,0.0,0.0,HOLD_CASH
2012-06-15,1,PNW,XEL,30.5766,18.3618,0.9786,0.0,0,0.0,0.0,0.0,HOLD_CASH
2012-06-18,1,PNW,XEL,30.6001,18.4572,0.9786,0.0,0,0.0,0.0,0.0,HOLD_CASH
2012-06-19,1,PNW,XEL,30.4532,18.393,0.9786,0.0,0,0.0,0.0,0.0,HOLD_CASH
2012-06-20,1,PNW,XEL,30.0945,18.072,0.9786,0.0,0,0.0,0.0,0.0,HOLD_CASH
2012-06-21,1,PNW,XEL,29.8711,17.8794,0.9786,0.0,0,0.0,0.0,0.0,HOLD_CASH
2012-06-22,1,PNW,XEL,29.7242,17.8922,0.9786,0.0,0,0.0,0.0,0.0,HOLD_CASH
2012-06-25,1,PNW,XEL,29.7712,17.8794,0.9786,0.0,0,0.0,0.0,0.0,HOLD_CASH
2012-06-26,1,PNW,XEL,29.7888,17.8345,0.9786,0.0,0,0.0,0.0,0.0,HOLD_CASH
2012-06-27,1,PNW,XEL,30.1239,17.995,0.9786,0.0,0,0.0,0.0,0.0,HOLD_CASH
2012-06-28,1,PNW,XEL,30.2297,18.0142,0.9786,0.0,0,0.0,0.0,0.0,HOLD_CASH
2012-06-29,1,PNW,XEL,30.4179,18.2389,0.9786,0.0,0,0.0,0.0,0.0,HOLD_CASH
2012-07-02,1,PNW,XEL,30.7177,18.4444,0.9786,0.4658,0,0.0,0.0,0.0,HOLD_CASH
2012-07-03,1,PNW,XEL,30.6472,18.4379,0.9786,0.0143,0,0.0,0.0,0.0,HOLD_CASH
2012-07-05,1,PNW,XEL,30.5766,18.3866,0.9786,0.0122,0,0.0,0.0,0.0,HOLD_CASH
2012-07-06,1,PNW,XEL,30.6177,18.3545,0.9786,0.606,0,0.0,0.0,0.0,HOLD_CASH
2012-07-09,1,PNW,XEL,30.6001,18.393,0.9786,-0.014,0,0.0,0.0,0.0,HOLD_CASH
2012-07-10,1,PNW,XEL,30.6824,18.3866,0.9786,0.6882,0,0.0,0.0,0.0,HOLD_CASH
2012-07-11,1,PNW,XEL,30.6472,18.4893,0.9786,-1.2783,0,0.0,0.0,0.0,HOLD_CASH
2012-07-12,1,PNW,XEL,30.6942,18.4636,0.9786,-0.3976,0,0.0,0.0,0.0,HOLD_CASH
2012-07-13,1,PNW,XEL,31.188,18.5471,0.9786,2.4707,-1,0.0,-0.0833,-0.0833,ENTER_SHORT_A
2012-07-16,1,PNW,XEL,31.0822,18.5406,0.9786,1.4881,-1,0.1286,-0.0833,0.0453,HOLDING
2012-07-17,1,PNW,XEL,31.3232,18.6434,0.9786,1.7886,-1,0.0314,-0.0833,-0.0519,HOLDING
2012-07-18,1,PNW,XEL,31.3409,18.7204,0.9786,0.9089,-1,0.1788,-0.0833,0.0954,HOLDING
2012-07-19,1,PNW,XEL,31.335,18.6369,0.9786,1.674,-1,0.0013,-0.0833,-0.0821,HOLDING
2012-07-20,1,PNW,XEL,31.6054,18.7461,0.9786,1.9615,-1,-0.1214,-0.0833,-0.2047,HOLDING
2012-07-23,1,PNW,XEL,31.288,18.5663,0.9786,1.6163,-1,-0.0922,-0.0833,-0.1755,HOLDING
2012-07-24,1,PNW,XEL,31.0763,18.4379,0.9786,1.4351,-1,-0.0917,-0.0833,-0.175,HOLDING
2012-07-25,1,PNW,XEL,30.9646,18.4122,0.9786,0.9297,-1,0.0021,-0.0833,-0.0812,HOLDING
2012-07-26,1,PNW,XEL,31.4349,18.7011,0.9786,0.8387,-1,0.0089,-0.0833,-0.0744,HOLDING
2012-07-27,1,PNW,XEL,31.9346,18.9066,0.9786,1.5673,-1,-0.2093,-0.0833,-0.2927,HOLDING
2012-07-30,1,PNW,XEL,32.0385,18.99,0.9786,1.2461,-1,-0.1642,-0.0833,-0.2475,HOLDING
2012-07-31,1,PNW,XEL,31.7833,18.8103,0.9786,1.3054,-1,-0.2189,-0.0833,-0.3023,HOLDING
2012-08-01,1,PNW,XEL,31.7002,18.7718,0.9786,1.1009,-1,-0.1923,-0.0833,-0.2756,HOLDING
2012-08-02,1,PNW,XEL,31.5992,18.5856,0.9786,1.8824,-1,-0.4697,-0.0833,-0.5531,HOLDING
2012-08-03,1,PNW,XEL,32.1098,18.8231,0.9786,2.0452,-1,-0.6313,-0.0833,-0.7146,HOLDING
2012-08-06,1,PNW,XEL,32.0623,18.7974,0.9786,1.7912,-1,-0.6242,-0.0833,-0.7076,HOLDING
2012-08-07,1,PNW,XEL,31.6883,18.5856,0.9786,1.5193,-1,-0.59,-0.0833,-0.6733,HOLDING
2012-08-08,1,PNW,XEL,31.6823,18.5342,0.9786,1.7503,-1,-0.6961,-0.0833,-0.7794,HOLDING
2012-08-09,1,PNW,XEL,31.6705,18.4444,0.9786,2.1348,-1,-0.8798,-0.0833,-0.9631,HOLDING
2012-08-10,1,PNW,XEL,31.712,18.5278,0.9786,1.5019,-1,-0.7505,-0.0833,-0.8338,HOLDING
2012-08-13,1,PNW,XEL,31.5696,18.4572,0.9786,1.2661,-1,-0.715,-0.0833,-0.7983,HOLDING
2012-08-14,1,PNW,XEL,31.617,18.47,0.9786,1.2377,-1,-0.7506,-0.0833,-0.8339,HOLDING
2012-08-15,1,PNW,XEL,31.617,18.3737,0.9786,1.7109,-1,-0.9646,-0.0833,-1.0479,HOLDING
2012-08-16,1,PNW,XEL,31.6645,18.3416,0.9786,1.8435,-1,-1.1,-0.0833,-1.1834,HOLDING
2012-08-17,1,PNW,XEL,31.344,18.2903,0.9786,0.8503,-1,-0.7813,-0.0833,-0.8646,HOLDING
2012-08-20,1,PNW,XEL,31.2668,18.2838,0.9786,0.5192,-1,-0.6913,-0.0833,-0.7747,HOLDING
2012-08-21,1,PNW,XEL,31.2134,18.149,0.9786,1.1066,-1,-0.9188,-0.0833,-1.0021,HOLDING
2012-08-22,1,PNW,XEL,31.0531,18.0913,0.9786,0.7731,-1,-0.8307,-0.0833,-0.9141,HOLDING
2012-08-23,1,PNW,XEL,30.5663,17.751,0.9786,1.0935,-1,-0.9295,-0.0833,-1.0128,HOLDING
2012-08-24,1,PNW,XEL,30.7029,17.9308,0.9786,0.1991,-1,-0.7144,-0.0833,-0.7977,HOLDING
2012-08-27,1,PNW,XEL,30.685,17.9564,0.9786,-0.2468,-1,-0.6333,-0.0833,-0.7166,HOLDING
2012-08-28,1,PNW,XEL,30.6376,17.9436,0.9786,-0.5633,-1,-0.5977,-0.0833,-0.681,HOLDING
2012-08-29,1,PNW,XEL,30.685,17.9436,0.9786,-0.4605,-1,-0.6618,-0.0833,-0.7452,HOLDING
2012-08-30,1,PNW,XEL,30.5841,17.873,0.9786,-0.4226,-1,-0.6825,-0.0833,-0.7658,HOLDING
2012-08-31,1,PNW,XEL,30.4951,17.9051,0.9786,-1.6892,-1,-0.4909,-0.0833,-0.5742,HOLDING
2012-09-04,1,PNW,XEL,30.9878,18.0271,0.9786,0.8839,-1,-0.8852,-0.0833,-0.9685,HOLDING
2012-09-05,1,PNW,XEL,30.7978,17.995,0.9786,-0.4353,-1,-0.7,-0.0833,-0.7834,HOLDING
2012-09-06,1,PNW,XEL,31.2015,18.194,0.9786,0.1958,-1,-0.8029,-0.0833,-0.8862,HOLDING
2012-09-07,1,PNW,XEL,31.1125,18.0399,0.9786,1.6565,-1,-1.025,-0.0833,-1.1084,HOLDING
2012-09-10,1,PNW,XEL,31.1125,18.0463,0.9786,1.3888,-1,-1.0108,-0.0833,-1.0941,HOLDING
2012-09-11,1,PNW,XEL,31.0946,17.9821,0.9786,1.8417,-1,-1.1294,-0.0833,-1.2127,HOLDING
2012-09-12,1,PNW,XEL,31.0293,17.9308,0.9786,1.7325,-1,-1.1553,-0.0833,-1.2387,HOLDING
2012-09-13,1,PNW,XEL,31.8545,18.1876,0.9786,3.0269,-1,-1.699,-0.0833,-1.7823,HOLDING
2012-09-14,1,PNW,XEL,31.7892,18.0656,0.9786,2.7709,-1,-1.8818,-0.0833,-1.9652,HOLDING
2012-09-17,1,PNW,XEL,31.3084,17.8794,0.9786,1.8346,-1,-1.6463,-0.0833,-1.7296,HOLDING
2012-09-18,1,PNW,XEL,30.8988,17.7951,0.9786,0.8125,-1,-1.2804,-0.0833,-1.3637,HOLDING
2012-09-19,1,PNW,XEL,31.0887,17.7757,0.9786,1.4241,-1,-1.5801,-0.0833,-1.6635,HOLDING
2012-09-20,1,PNW,XEL,31.1184,17.7822,0.9786,1.3266,-1,-1.6058,-0.0833,-1.6891,HOLDING
2012-09-21,1,PNW,XEL,31.2015,17.7108,0.9786,1.7102,-1,-1.8765,-0.0833,-1.9598,HOLDING
2012-09-24,1,PNW,XEL,31.7002,17.8859,0.9786,1.9255,-1,-2.1609,-0.0833,-2.2443,HOLDING
2012-09-25,1,PNW,XEL,31.5755,17.9248,0.9786,1.2827,-1,-1.9062,-0.0833,-1.9895,HOLDING
2012-09-26,1,PNW,XEL,31.7476,17.9896,0.9786,1.2972,-1,-1.9946,-0.0833,-2.0779,HOLDING
2012-09-27,1,PNW,XEL,31.249,17.7951,0.9786,0.7938,-1,-1.7533,-0.0833,-1.8367,HOLDING
2012-09-28,1,PNW,XEL,31.344,17.9637,0.9786,0.2109,-1,-1.507,-0.0833,-1.5904,HOLDING
2012-10-01,1,PNW,XEL,31.1599,17.8081,0.9786,0.3593,-1,-1.6043,-0.0833,-1.6876,HOLDING
2012-10-02,1,PNW,XEL,31.2549,17.9248,0.9786,-0.0362,-1,-1.4732,-0.0833,-1.5566,HOLDING
2012-10-03,1,PNW,XEL,31.5221,18.0415,0.9786,0.0886,-1,-1.5747,-0.0833,-1.658,HOLDING
2012-10-04,1,PNW,XEL,31.6408,18.1322,0.9786,-0.1627,-1,-1.5333,-0.0833,-1.6166,HOLDING
2012-10-05,1,PNW,XEL,31.6111,18.1128,0.9786,-0.2466,-1,-1.5365,-0.0833,-1.6198,HOLDING
2012-10-08,1,PNW,XEL,31.623,18.1193,0.9786,-0.3734,-1,-1.5381,-0.0833,-1.6215,HOLDING
2012-10-09,1,PNW,XEL,31.5636,18.048,0.9786,-0.1636,-1,-1.6164,-0.0833,-1.6997,HOLDING
2012-10-10,1,PNW,XEL,31.3915,17.9637,0.9786,-0.4688,-1,-1.5712,-0.0833,-1.6545,HOLDING
2012-10-11,1,PNW,XEL,31.3677,17.9702,0.9786,-0.6508,-1,-1.5247,-0.0833,-1.608,HOLDING
2012-10-12,1,PNW,XEL,31.2905,17.9053,0.9786,-0.3712,-1,-1.5646,-0.0833,-1.6479,HOLDING
2012-10-15,1,PNW,XEL,31.4865,17.9831,0.9786,0.043,-1,-1.6563,-0.0833,-1.7396,HOLDING
2012-10-16,1,PNW,XEL,31.5399,18.0415,0.9786,-0.3666,-1,-1.5987,-0.0833,-1.6821,HOLDING
2012-10-17,1,PNW,XEL,31.991,18.2878,0.9786,-0.1656,-1,-1.6606,-0.0833,-1.7439,HOLDING
2012-10-18,1,PNW,XEL,32.1573,18.3267,0.9786,0.497,-1,-1.7986,-0.0833,-1.8819,HOLDING
2012-10-19,1,PNW,XEL,31.8367,18.1776,0.9786,0.1052,-1,-1.697,-0.0833,-1.7804,HOLDING
2012-10-22,1,PNW,XEL,31.8842,18.1517,0.9786,1.1422,-1,-1.8188,-0.0833,-1.9021,HOLDING
2012-10-23,1,PNW,XEL,31.3796,18.0804,0.9786,-2.2082,-1,-1.2958,-0.0833,-1.3792,HOLDING
2012-10-24,1,PNW,XEL,31.3321,17.9248,0.9786,-0.0642,-1,-1.5775,-0.0833,-1.6608,HOLDING
2012-10-25,1,PNW,XEL,31.5102,18.1711,0.9786,-2.3824,-1,-1.2705,-0.0833,-1.3539,HOLDING
2012-10-26,1,PNW,XEL,31.3796,18.1452,0.9786,-2.5359,-1,-1.1518,-0.0833,-1.2351,HOLDING
2012-10-31,1,PNW,XEL,31.7725,18.3137,0.9786,-1.4489,-1,-1.3078,-0.0833,-1.3911,HOLDING
2012-11-01,1,PNW,XEL,31.7485,18.2359,0.9786,-0.5762,-1,-1.4483,-0.0833,-1.5316,HOLDING
2012-11-02,1,PNW,XEL,31.2926,18.0868,0.9786,-1.8515,-1,-1.164,-0.0833,-1.2474,HOLDING
2012-11-05,1,PNW,XEL,31.0707,17.8275,0.9786,-0.2605,-1,-1.4405,-0.0833,-1.5239,HOLDING
2012-11-06,1,PNW,XEL,30.9447,17.8211,0.9786,-1.001,-1,-1.2848,-0.0833,-1.3682,HOLDING
2012-11-07,1,PNW,XEL,30.177,17.4775,0.9786,-1.9531,-1,-1.0116,-0.0833,-1.0949,HOLDING
2012-11-08,1,PNW,XEL,30.057,17.3608,0.9786,-1.3007,-1,-1.1089,-0.0833,-1.1922,HOLDING
2012-11-09,1,PNW,XEL,29.6071,17.1793,0.9786,-1.8645,-1,-0.9047,-0.0833,-0.988,HOLDING
2012-11-12,1,PNW,XEL,29.5591,16.9264,0.9786,0.3217,-1,-1.4018,-0.0833,-1.4851,HOLDING
2012-11-13,1,PNW,XEL,29.7391,17.0172,0.9786,0.475,-1,-1.4431,-0.0833,-1.5264,HOLDING
2012-11-14,1,PNW,XEL,29.5891,17.0885,0.9786,-0.9808,-1,-1.0821,-0.0833,-1.1654,HOLDING
2012-11-15,1,PNW,XEL,29.4872,16.8746,0.9786,0.5557,-1,-1.4198,-0.0833,-1.5031,HOLDING
2012-11-16,1,PNW,XEL,29.877,17.0302,0.9786,1.2437,-1,-1.6006,-0.0833,-1.6839,HOLDING
2012-11-19,1,PNW,XEL,29.7391,16.9459,0.9786,1.3208,-1,-1.6015,-0.0833,-1.6849,HOLDING
2012-11-20,1,PNW,XEL,29.7811,16.9264,0.9786,1.6671,-1,-1.7015,-0.0833,-1.7848,HOLDING
2012-11-21,1,PNW,XEL,29.6791,16.9394,0.9786,1.0538,-1,-1.5349,-0.0833,-1.6183,HOLDING
2012-11-23,1,PNW,XEL,29.5591,16.8681,0.9786,0.9731,-1,-1.5314,-0.0833,-1.6147,HOLDING
2012-11-26,1,PNW,XEL,29.8591,17.0561,0.9786,0.8377,-1,-1.5186,-0.0833,-1.602,HOLDING
2012-11-27,1,PNW,XEL,29.931,17.1468,0.9786,0.3184,-1,-1.4141,-0.0833,-1.4975,HOLDING
2012-11-28,1,PNW,XEL,30.2729,17.1987,0.9786,1.5569,-1,-1.7606,-0.0833,-1.844,HOLDING
2012-11-29,1,PNW,XEL,30.4889,17.3219,0.9786,1.4005,-1,-1.7785,-0.0833,-1.8618,HOLDING
2012-11-30,1,PNW,XEL,30.8667,17.5358,0.9786,1.3035,-1,-1.8134,-0.0833,-1.8967,HOLDING
2012-12-03,1,PNW,XEL,30.8667,17.4645,0.9786,1.6723,-1,-1.9719,-0.0833,-2.0552,HOLDING
2012-12-04,1,PNW,XEL,30.8188,17.3349,0.9786,2.0644,-1,0.0,-2.3587,-2.3587,PERIOD_END_EXIT
2012-06-05,2,DUK,SO,38.2437,25.6057,1.133,0.0,0,0.0,0.0,0.0,HOLD_CASH
2012-06-06,2,DUK,SO,38.379,26.1109,1.133,0.0,0,0.0,0.0,0.0,HOLD_CASH
2012-06-07,2,DUK,SO,38.7173,26.2608,1.133,0.0,0,0.0,0.0,0.0,HOLD_CASH
2012-06-08,2,DUK,SO,39.1571,26.3052,1.133,0.0,0,0.0,0.0,0.0,HOLD_CASH
2012-06-11,2,DUK,SO,38.8695,26.2774,1.133,0.0,0,0.0,0.0,0.0,HOLD_CASH
2012-06-12,2,DUK,SO,38.8357,26.2663,1.133,0.0,0,0.0,0.0,0.0,HOLD_CASH
2012-06-13,2,DUK,SO,38.6496,26.3441,1.133,0.0,0,0.0,0.0,0.0,HOLD_CASH
2012-06-14,2,DUK,SO,39.1402,26.4385,1.133,0.0,0,0.0,0.0,0.0,HOLD_CASH
2012-06-15,2,DUK,SO,39.3431,26.6494,1.133,0.0,0,0.0,0.0,0.0,HOLD_CASH
2012-06-18,2,DUK,SO,39.377,26.8104,1.133,0.0,0,0.0,0.0,0.0,HOLD_CASH
2012-06-19,2,DUK,SO,39.0725,26.4829,1.133,0.0,0,0.0,0.0,0.0,HOLD_CASH
2012-06-20,2,DUK,SO,38.6158,25.961,1.133,0.0,0,0.0,0.0,0.0,HOLD_CASH
2012-06-21,2,DUK,SO,38.4805,25.7944,1.133,0.0,0,0.0,0.0,0.0,HOLD_CASH
2012-06-22,2,DUK,SO,38.7004,25.8444,1.133,0.0,0,0.0,0.0,0.0,HOLD_CASH
2012-06-25,2,DUK,SO,38.785,25.6778,1.133,0.0,0,0.0,0.0,0.0,HOLD_CASH
2012-06-26,2,DUK,SO,38.7342,25.7278,1.133,0.0,0,0.0,0.0,0.0,HOLD_CASH
2012-06-27,2,DUK,SO,38.9203,25.8721,1.133,0.0,0,0.0,0.0,0.0,HOLD_CASH
2012-06-28,2,DUK,SO,39.0048,25.9055,1.133,0.0,0,0.0,0.0,0.0,HOLD_CASH
2012-06-29,2,DUK,SO,39.0048,25.7056,1.133,0.0,0,0.0,0.0,0.0,HOLD_CASH
2012-07-02,2,DUK,SO,39.377,25.9332,1.133,1.6185,0,0.0,0.0,0.0,HOLD_CASH
2012-07-03,2,DUK,SO,38.7286,25.8111,1.133,0.6918,0,0.0,0.0,0.0,HOLD_CASH
2012-07-05,2,DUK,SO,38.6609,25.7889,1.133,0.5582,0,0.0,0.0,0.0,HOLD_CASH
2012-07-06,2,DUK,SO,37.3416,25.8388,1.133,-2.1294,1,0.0,-0.0833,-0.0833,ENTER_LONG_A
2012-07-09,2,DUK,SO,36.8229,25.9998,1.133,-2.6962,1,-0.8185,-0.0833,-0.9019,HOLDING
2012-07-10,2,DUK,SO,37.2908,26.0609,1.133,-1.846,1,-0.4335,-0.0833,-0.5169,HOLDING
2012-07-11,2,DUK,SO,37.4825,26.1997,1.133,-1.666,1,-0.4707,-0.0833,-0.5541,HOLDING
2012-07-12,2,DUK,SO,37.5727,26.2053,1.133,-1.4342,1,-0.3859,-0.0833,-0.4692,HOLDING
2012-07-13,2,DUK,SO,37.6291,26.4329,1.133,-1.5916,1,-0.7168,-0.0833,-0.8002,HOLDING
2012-07-16,2,DUK,SO,37.6291,26.4162,1.133,-1.4074,1,-0.6883,-0.0833,-0.7716,HOLDING
2012-07-17,2,DUK,SO,37.4036,26.4829,1.133,-1.5653,1,-1.0384,-0.0833,-1.1217,HOLDING
2012-07-18,2,DUK,SO,37.2514,26.5439,1.133,-1.5917,1,-1.3023,-0.0833,-1.3856,HOLDING
2012-07-19,2,DUK,SO,37.2796,26.4829,1.133,-1.3207,1,-1.1682,-0.0833,-1.2515,HOLDING
2012-07-20,2,DUK,SO,37.3359,26.5217,1.133,-1.1915,1,-1.1758,-0.0833,-1.2591,HOLDING
2012-07-23,2,DUK,SO,36.93,26.444,1.133,-1.2801,1,-1.4673,-0.0833,-1.5507,HOLDING
2012-07-24,2,DUK,SO,36.8003,26.1553,1.133,-0.9148,1,-1.1084,-0.0833,-1.1918,HOLDING
2012-07-25,2,DUK,SO,37.1104,26.3163,1.133,-0.7858,1,-1.0598,-0.0833,-1.1431,HOLDING
2012-07-26,2,DUK,SO,37.9674,26.6938,1.133,-0.4986,1,-0.8099,-0.0833,-0.8933,HOLDING
2012-07-27,2,DUK,SO,38.0351,26.8826,1.133,-0.63,1,-1.0625,-0.0833,-1.1458,HOLDING
2012-07-30,2,DUK,SO,38.379,26.8326,1.133,-0.1384,1,-0.6171,-0.0833,-0.7004,HOLDING
2012-07-31,2,DUK,SO,38.2155,26.7327,1.133,-0.0118,1,-0.617,-0.0833,-0.7003,HOLDING
2012-08-01,2,DUK,SO,38.0689,26.5883,1.133,0.2909,1,-0.523,-0.0833,-0.6064,HOLDING
2012-08-02,2,DUK,SO,38.0351,26.4145,1.133,1.3742,1,-0.2605,-0.0833,-0.3439,HOLDING
2012-08-03,2,DUK,SO,38.6778,26.5603,1.133,2.3297,1,0.1621,-0.0833,0.0788,HOLDING
2012-08-06,2,DUK,SO,38.4579,26.5827,1.133,1.4841,1,-0.1064,-0.0833,-0.1897,HOLDING
2012-08-07,2,DUK,SO,38.3677,26.4425,1.133,1.6502,1,0.0395,-0.0833,-0.0439,HOLDING
2012-08-08,2,DUK,SO,38.3621,26.3247,1.133,1.8196,1,0.2354,-0.0833,0.152,HOLDING
2012-08-09,2,DUK,SO,38.3903,26.2574,1.133,1.846,1,0.3802,-0.0833,0.2968,HOLDING
2012-08-10,2,DUK,SO,38.255,26.3191,1.133,1.2668,1,0.1329,-0.0833,0.0496,HOLDING
2012-08-13,2,DUK,SO,38.4636,26.2406,1.133,1.6339,1,0.4857,-0.0833,0.4024,HOLDING
2012-08-14,2,DUK,SO,38.4523,26.1396,1.133,1.6481,1,0.6469,-0.0833,0.5635,HOLDING
2012-08-15,2,DUK,SO,38.0731,26.0218,1.133,1.2354,1,0.4519,-0.0833,0.3686,HOLDING
2012-08-16,2,DUK,SO,38.0275,25.8423,1.133,1.4568,1,0.7117,-0.0833,0.6284,HOLDING
2012-08-17,2,DUK,SO,37.9134,25.8479,1.133,1.1528,1,0.5827,-0.0833,0.4994,HOLDING
2012-08-20,2,DUK,SO,37.8849,25.7862,1.133,1.1915,1,0.6586,-0.0833,0.5753,HOLDING
2012-08-21,2,DUK,SO,37.6683,25.7021,1.133,0.9799,1,0.5761,-0.0833,0.4927,HOLDING
2012-08-22,2,DUK,SO,37.634,25.8535,1.133,0.3971,1,0.2808,-0.0833,0.1975,HOLDING
2012-08-23,2,DUK,SO,37.2007,25.5674,1.133,0.396,1,0.3175,-0.0833,0.2342,HOLDING
2012-08-24,2,DUK,SO,37.3318,25.7357,1.133,-0.0412,1,0.1664,-0.0833,0.0831,HOLDING
2012-08-27,2,DUK,SO,37.3546,25.8199,1.133,-0.4573,1,0.0462,-0.0833,-0.0372,HOLDING
2012-08-28,2,DUK,SO,37.2748,25.674,1.133,-0.1369,1,0.2125,-0.0833,0.1291,HOLDING
2012-08-29,2,DUK,SO,37.2406,25.5338,1.133,0.4428,1,0.4169,-0.0833,0.3336,HOLDING
2012-08-30,2,DUK,SO,36.9555,25.4553,1.133,-0.3202,1,0.2532,-0.0833,0.1698,HOLDING
2012-08-31,2,DUK,SO,36.9384,25.4272,1.133,-0.2179,1,0.2833,-0.0833,0.2,HOLDING
2012-09-04,2,DUK,SO,36.9555,25.5057,1.133,-0.8883,1,0.1667,-0.0833,0.0833,HOLDING
2012-09-05,2,DUK,SO,36.7616,25.4497,1.133,-1.437,1,0.0599,-0.0833,-0.0234,HOLDING
2012-09-06,2,DUK,SO,37.0638,25.8423,1.133,-2.5094,1,-0.2965,-0.0833,-0.3799,HOLDING
2012-09-07,2,DUK,SO,36.9042,25.7525,1.133,-2.1113,1,-0.3098,-0.0833,-0.3932,HOLDING
2012-09-10,2,DUK,SO,36.9669,25.6291,1.133,-1.0784,1,-0.0328,-0.0833,-0.1161,HOLDING
2012-09-11,2,DUK,SO,36.7559,25.4777,1.133,-0.8582,1,0.0059,-0.0833,-0.0774,HOLDING
2012-09-12,2,DUK,SO,36.5221,25.4216,1.133,-1.2432,1,-0.1426,-0.0833,-0.2259,HOLDING
2012-09-13,2,DUK,SO,36.87,25.7582,1.133,-1.7016,1,-0.3552,-0.0833,-0.4386,HOLDING
2012-09-14,2,DUK,SO,36.602,25.2701,1.133,0.1692,1,0.2004,-0.0833,0.1171,HOLDING
2012-09-17,2,DUK,SO,36.5735,25.2028,1.133,0.5487,1,0.2859,-0.0833,0.2026,HOLDING
2012-09-18,2,DUK,SO,36.0146,25.2197,1.133,-1.6087,1,-0.3276,-0.0833,-0.4109,HOLDING
2012-09-19,2,DUK,SO,36.1686,25.3374,1.133,-1.6144,1,-0.3683,-0.0833,-0.4516,HOLDING
2012-09-20,2,DUK,SO,36.4537,25.3767,1.133,-0.6304,1,-0.1373,-0.0833,-0.2206,HOLDING
2012-09-21,2,DUK,SO,36.5392,25.3879,1.133,-0.2864,1,-0.067,-0.0833,-0.1504,HOLDING
2012-09-24,2,DUK,SO,36.8643,25.7021,1.133,-0.9806,1,-0.2651,-0.0833,-0.3485,HOLDING
2012-09-25,2,DUK,SO,36.6875,25.6572,1.133,-1.2744,1,-0.3732,-0.0833,-0.4565,HOLDING
2012-09-26,2,DUK,SO,36.6818,25.8647,1.133,-2.174,1,-0.7347,-0.0833,-0.818,HOLDING
2012-09-27,2,DUK,SO,36.5278,25.7582,1.133,-1.8798,1,-0.7132,-0.0833,-0.7965,HOLDING
2012-09-28,2,DUK,SO,36.9441,25.8535,1.133,-0.8802,1,-0.441,-0.0833,-0.5244,HOLDING
2012-10-01,2,DUK,SO,36.7103,25.6179,1.133,-0.276,1,-0.282,-0.0833,-0.3654,HOLDING
2012-10-02,2,DUK,SO,36.927,25.5618,1.133,0.9504,1,0.0408,-0.0833,-0.0426,HOLDING
2012-10-03,2,DUK,SO,36.9384,25.7189,1.133,0.0438,1,-0.2164,-0.0833,-0.2997,HOLDING
2012-10-04,2,DUK,SO,37.2862,25.7862,1.133,0.916,1,0.0322,-0.0833,-0.0511,HOLDING
2012-10-05,2,DUK,SO,37.0524,25.7862,1.133,-0.0196,1,-0.2124,-0.0833,-0.2957,HOLDING
2012-10-08,2,DUK,SO,37.195,25.8423,1.133,0.2081,1,-0.1593,-0.0833,-0.2427,HOLDING
2012-10-09,2,DUK,SO,37.2292,25.775,1.133,0.7856,1,-0.0082,-0.0833,-0.0916,HOLDING
2012-10-10,2,DUK,SO,36.9384,25.7806,1.133,-0.3793,1,-0.3221,-0.0833,-0.4054,HOLDING
2012-10-11,2,DUK,SO,36.7673,25.646,1.133,-0.2055,1,-0.2704,-0.0833,-0.3538,HOLDING
2012-10-12,2,DUK,SO,36.5849,25.5843,1.133,-0.4644,1,-0.3556,-0.0833,-0.439,HOLDING
2012-10-15,2,DUK,SO,36.8129,25.6067,1.133,0.5374,1,-0.1554,-0.0833,-0.2388,HOLDING
2012-10-16,2,DUK,SO,36.8129,25.7413,1.133,-0.5512,1,-0.386,-0.0833,-0.4694,HOLDING
2012-10-17,2,DUK,SO,37.2178,26.1059,1.133,-1.3606,1,-0.5871,-0.0833,-0.6704,HOLDING
2012-10-18,2,DUK,SO,37.406,26.2518,1.133,-1.406,1,-0.6401,-0.0833,-0.7234,HOLDING
2012-10-19,2,DUK,SO,37.3546,26.162,1.133,-0.8904,1,-0.54,-0.0833,-0.6234,HOLDING
2012-10-22,2,DUK,SO,37.3489,26.1115,1.133,-0.5017,1,-0.4595,-0.0833,-0.5428,HOLDING
2012-10-23,2,DUK,SO,37.0581,25.9152,1.133,-0.3658,1,-0.4274,-0.0833,-0.5107,HOLDING
2012-10-24,2,DUK,SO,36.6761,25.8255,1.133,-1.4942,1,-0.6734,-0.0833,-0.7567,HOLDING
2012-10-25,2,DUK,SO,36.9213,25.932,1.133,-1.2273,1,-0.5994,-0.0833,-0.6827,HOLDING
2012-10-26,2,DUK,SO,37.1266,25.9881,1.133,-0.66,1,-0.4808,-0.0833,-0.5641,HOLDING
2012-10-31,2,DUK,SO,37.4573,26.2742,1.133,-1.1696,1,-0.6248,-0.0833,-0.7082,HOLDING
2012-11-01,2,DUK,SO,37.2406,26.0872,1.133,-0.7022,1,-0.5311,-0.0833,-0.6144,HOLDING
2012-11-02,2,DUK,SO,37.0296,25.9454,1.133,-0.5466,1,-0.509,-0.0833,-0.5924,HOLDING
2012-11-05,2,DUK,SO,36.5278,25.2935,1.133,2.2216,1,0.0828,-0.0833,-0.0006,HOLDING
2012-11-06,2,DUK,SO,36.5335,25.0214,1.133,3.0514,1,0.5549,-0.0833,0.4715,HOLDING
2012-11-07,2,DUK,SO,35.8892,24.2619,1.133,3.2626,1,1.182,-0.0833,1.0987,HOLDING
2012-11-08,2,DUK,SO,35.6725,24.5226,1.133,1.5784,1,0.5086,-0.0833,0.4252,HOLDING
2012-11-09,2,DUK,SO,35.3304,24.3922,1.133,1.1771,1,0.374,-0.0833,0.2907,HOLDING
2012-11-12,2,DUK,SO,35.0396,24.1371,1.133,1.3083,1,0.5067,-0.0833,0.4234,HOLDING
2012-11-13,2,DUK,SO,35.3589,24.3469,1.133,1.137,1,0.4815,-0.0833,0.3982,HOLDING
2012-11-14,2,DUK,SO,35.0673,24.3072,1.133,0.6467,1,0.2444,-0.0833,0.1611,HOLDING
2012-11-15,2,DUK,SO,34.5651,24.1145,1.133,0.2391,1,0.0491,-0.0833,-0.0342,HOLDING
2012-11-16,2,DUK,SO,35.1597,24.1995,1.133,1.0305,1,0.5256,-0.0833,0.4423,HOLDING
2012-11-19,2,DUK,SO,35.2117,24.2448,1.133,0.8925,1,0.5023,-0.0833,0.4189,HOLDING
2012-11-20,2,DUK,SO,35.0962,24.0521,1.133,1.1621,1,0.7116,-0.0833,0.6283,HOLDING
2012-11-21,2,DUK,SO,34.8826,23.9671,1.133,0.9225,1,0.6338,-0.0833,0.5505,HOLDING
2012-11-23,2,DUK,SO,34.8999,23.8254,1.133,1.2697,1,0.8947,-0.0833,0.8114,HOLDING
2012-11-26,2,DUK,SO,35.3964,24.1655,1.133,1.0456,1,0.8315,-0.0833,0.7482,HOLDING
2012-11-27,2,DUK,SO,35.5581,24.2562,1.133,0.9797,1,0.8453,-0.0833,0.7619,HOLDING
2012-11-28,2,DUK,SO,35.6216,24.2392,1.133,1.0724,1,0.9409,-0.0833,0.8575,HOLDING
2012-11-29,2,DUK,SO,36.02,24.5396,1.133,0.7981,1,0.8429,-0.0833,0.7596,HOLDING
2012-11-30,2,DUK,SO,36.8455,24.687,1.133,1.9978,1,1.4542,-0.0833,1.3709,HOLDING
2012-12-03,2,DUK,SO,36.9321,24.4716,1.133,2.6891,1,1.9139,-0.0833,1.8305,HOLDING
2012-12-04,2,DUK,SO,36.7185,24.3185,1.133,2.3048,1,0.0,1.7891,1.7891,PERIOD_END_EXIT
2012-06-05,3,DTE,PNW,30.3208,29.5948,0.9962,0.0,0,0.0,0.0,0.0,HOLD_CASH
2012-06-06,3,DTE,PNW,30.6444,29.9299,0.9962,0.0,0,0.0,0.0,0.0,HOLD_CASH
2012-06-07,3,DTE,PNW,30.5542,29.8946,0.9962,0.0,0,0.0,0.0,0.0,HOLD_CASH
2012-06-08,3,DTE,PNW,30.7664,30.024,0.9962,0.0,0,0.0,0.0,0.0,HOLD_CASH
2012-06-11,3,DTE,PNW,30.8461,29.8417,0.9962,0.0,0,0.0,0.0,0.0,HOLD_CASH
2012-06-12,3,DTE,PNW,31.1113,30.1416,0.9962,0.0,0,0.0,0.0,0.0,HOLD_CASH
2012-06-13,3,DTE,PNW,31.1803,30.1004,0.9962,0.0,0,0.0,0.0,0.0,HOLD_CASH
2012-06-14,3,DTE,PNW,31.5517,30.3238,0.9962,0.0,0,0.0,0.0,0.0,HOLD_CASH
2012-06-15,3,DTE,PNW,31.8806,30.5766,0.9962,0.0,0,0.0,0.0,0.0,HOLD_CASH
2012-06-18,3,DTE,PNW,32.1153,30.6001,0.9962,0.0,0,0.0,0.0,0.0,HOLD_CASH
2012-06-19,3,DTE,PNW,31.8581,30.4532,0.9962,0.0,0,0.0,0.0,0.0,HOLD_CASH
2012-06-20,3,DTE,PNW,31.6545,30.0945,0.9962,0.0,0,0.0,0.0,0.0,HOLD_CASH
2012-06-21,3,DTE,PNW,31.333,29.8711,0.9962,0.0,0,0.0,0.0,0.0,HOLD_CASH
2012-06-22,3,DTE,PNW,31.3009,29.7242,0.9962,0.0,0,0.0,0.0,0.0,HOLD_CASH
2012-06-25,3,DTE,PNW,31.1562,29.7712,0.9962,0.0,0,0.0,0.0,0.0,HOLD_CASH
2012-06-26,3,DTE,PNW,31.1669,29.7888,0.9962,0.0,0,0.0,0.0,0.0,HOLD_CASH
2012-06-27,3,DTE,PNW,31.4241,30.1239,0.9962,0.0,0,0.0,0.0,0.0,HOLD_CASH
2012-06-28,3,DTE,PNW,31.6224,30.2297,0.9962,0.0,0,0.0,0.0,0.0,HOLD_CASH
2012-06-29,3,DTE,PNW,31.7885,30.4179,0.9962,0.0,0,0.0,0.0,0.0,HOLD_CASH
2012-07-02,3,DTE,PNW,31.8152,30.7177,0.9962,-0.3789,0,0.0,0.0,0.0,HOLD_CASH
2012-07-03,3,DTE,PNW,31.9063,30.6472,0.9962,0.0801,0,0.0,0.0,0.0,HOLD_CASH
2012-07-05,3,DTE,PNW,31.7134,30.5766,0.9962,-0.4549,0,0.0,0.0,0.0,HOLD_CASH
2012-07-06,3,DTE,PNW,31.7402,30.6177,0.9962,-0.7039,0,0.0,0.0,0.0,HOLD_CASH
2012-07-09,3,DTE,PNW,31.5956,30.6001,0.9962,-1.5015,0,0.0,0.0,0.0,HOLD_CASH
2012-07-10,3,DTE,PNW,31.6063,30.6824,0.9962,-1.7738,0,0.0,0.0,0.0,HOLD_CASH
2012-07-11,3,DTE,PNW,31.6599,30.6472,0.9962,-1.3554,0,0.0,0.0,0.0,HOLD_CASH
2012-07-12,3,DTE,PNW,31.7349,30.6942,0.9962,-1.1908,0,0.0,0.0,0.0,HOLD_CASH
2012-07-13,3,DTE,PNW,32.1421,31.188,0.9962,-1.5016,0,0.0,0.0,0.0,HOLD_CASH
2012-07-16,3,DTE,PNW,32.276,31.0822,0.9962,-0.3832,0,0.0,0.0,0.0,HOLD_CASH
2012-07-17,3,DTE,PNW,32.4689,31.3232,0.9962,-0.5601,0,0.0,0.0,0.0,HOLD_CASH
2012-07-18,3,DTE,PNW,32.6082,31.3409,0.9962,0.0302,0,0.0,0.0,0.0,HOLD_CASH
2012-07-19,3,DTE,PNW,32.5118,31.335,0.9962,-0.309,0,0.0,0.0,0.0,HOLD_CASH
2012-07-20,3,DTE,PNW,32.6993,31.6054,0.9962,-0.6881,0,0.0,0.0,0.0,HOLD_CASH
2012-07-23,3,DTE,PNW,32.2385,31.288,0.9962,-1.3601,0,0.0,0.0,0.0,HOLD_CASH
2012-07-24,3,DTE,PNW,31.8099,31.0763,0.9962,-2.2233,1,0.0,-0.0833,-0.0833,ENTER_LONG_A
2012-07-25,3,DTE,PNW,31.7885,30.9646,0.9962,-1.5525,1,0.1214,-0.0833,0.038,HOLDING
2012-07-26,3,DTE,PNW,32.2117,31.4349,0.9962,-1.6532,1,0.0474,-0.0833,-0.0359,HOLDING
2012-07-27,3,DTE,PNW,32.7636,31.9346,0.9962,-1.3395,1,0.103,-0.0833,0.0196,HOLDING
2012-07-30,3,DTE,PNW,33.0368,32.0385,0.9962,-0.3437,1,0.3225,-0.0833,0.2392,HOLDING
2012-07-31,3,DTE,PNW,32.8815,31.7833,0.9962,0.327,1,0.4602,-0.0833,0.3769,HOLDING
2012-08-01,3,DTE,PNW,32.7904,31.7002,0.9962,0.3835,1,0.4519,-0.0833,0.3686,HOLDING
2012-08-02,3,DTE,PNW,32.6511,31.5992,0.9962,0.1919,1,0.4041,-0.0833,0.3208,HOLDING
2012-08-03,3,DTE,PNW,33.0315,32.1098,0.9962,-0.7096,1,0.2202,-0.0833,0.1368,HOLDING
2012-08-06,3,DTE,PNW,32.9243,32.0623,0.9962,-1.0194,1,0.1431,-0.0833,0.0598,HOLDING
2012-08-07,3,DTE,PNW,32.5761,31.6883,0.9962,-0.7583,1,0.1865,-0.0833,0.1032,HOLDING
2012-08-08,3,DTE,PNW,32.5225,31.6823,0.9962,-0.9813,1,0.1242,-0.0833,0.0409,HOLDING
2012-08-09,3,DTE,PNW,32.2653,31.6705,0.9962,-2.1152,1,-0.1974,-0.0833,-0.2808,HOLDING
2012-08-10,3,DTE,PNW,32.4207,31.712,0.9962,-1.328,1,-0.0492,-0.0833,-0.1325,HOLDING
2012-08-13,3,DTE,PNW,32.2599,31.5696,0.9962,-1.2834,1,-0.0694,-0.0833,-0.1528,HOLDING
2012-08-14,3,DTE,PNW,32.1528,31.617,0.9962,-1.8491,1,-0.2736,-0.0833,-0.3569,HOLDING
2012-08-15,3,DTE,PNW,32.276,31.617,0.9962,-1.1435,1,-0.1119,-0.0833,-0.1952,HOLDING
2012-08-16,3,DTE,PNW,32.3564,31.6645,0.9962,-0.8911,1,-0.07,-0.0833,-0.1533,HOLDING
2012-08-17,3,DTE,PNW,32.4314,31.344,0.9962,1.5073,1,0.4575,-0.0833,0.3741,HOLDING
2012-08-20,3,DTE,PNW,32.3885,31.2668,0.9962,1.5764,1,0.5045,-0.0833,0.4212,HOLDING
2012-08-21,3,DTE,PNW,32.0724,31.2134,0.9962,0.0728,1,0.1611,-0.0833,0.0778,HOLDING
2012-08-22,3,DTE,PNW,31.8742,31.0531,0.9962,-0.122,1,0.1155,-0.0833,0.0321,HOLDING
2012-08-23,3,DTE,PNW,31.3598,30.5663,0.9962,-0.2298,1,0.0918,-0.0833,0.0085,HOLDING
2012-08-24,3,DTE,PNW,31.4723,30.7029,0.9962,-0.377,1,0.0568,-0.0833,-0.0265,HOLDING
2012-08-27,3,DTE,PNW,31.6009,30.685,0.9962,0.493,1,0.2494,-0.0833,0.166,HOLDING
2012-08-28,3,DTE,PNW,31.5956,30.6376,0.9962,0.8057,1,0.3059,-0.0833,0.2226,HOLDING
2012-08-29,3,DTE,PNW,31.5366,30.685,0.9962,0.2282,1,0.165,-0.0833,0.0817,HOLDING
2012-08-30,3,DTE,PNW,31.3866,30.5841,0.9962,-0.0026,1,0.1032,-0.0833,0.0198,HOLDING
2012-08-31,3,DTE,PNW,31.2902,30.4951,0.9962,-0.0101,1,0.0958,-0.0833,0.0124,HOLDING
2012-09-04,3,DTE,PNW,31.8367,30.9878,0.9962,0.2759,1,0.1536,-0.0833,0.0703,HOLDING
2012-09-05,3,DTE,PNW,31.6652,30.7978,0.9962,0.4316,1,0.1828,-0.0833,0.0995,HOLDING
2012-09-06,3,DTE,PNW,31.9813,31.2015,0.9962,-0.2053,1,0.0575,-0.0833,-0.0259,HOLDING
2012-09-07,3,DTE,PNW,31.8742,31.1125,0.9962,-0.3978,1,0.036,-0.0833,-0.0473,HOLDING
2012-09-10,3,DTE,PNW,31.8688,31.1125,0.9962,-0.4643,1,0.029,-0.0833,-0.0544,HOLDING
2012-09-11,3,DTE,PNW,31.9385,31.0946,0.9962,0.1193,1,0.1442,-0.0833,0.0609,HOLDING
2012-09-12,3,DTE,PNW,31.7402,31.0293,0.9962,-1.0682,1,-0.0286,-0.0833,-0.1119,HOLDING
2012-09-13,3,DTE,PNW,32.0922,31.8545,0.9962,-3.3399,1,-0.6709,-0.0833,-0.7542,HOLDING
2012-09-14,3,DTE,PNW,31.8431,31.7892,0.9962,-3.013,1,-0.9104,-0.0833,-0.9938,HOLDING
2012-09-17,3,DTE,PNW,31.6861,31.3084,0.9962,-1.4978,1,-0.473,-0.0833,-0.5563,HOLDING
2012-09-18,3,DTE,PNW,31.6536,30.8988,0.9962,0.1168,1,0.0325,-0.0833,-0.0508,HOLDING
2012-09-19,3,DTE,PNW,31.7078,31.0887,0.9962,-0.4285,1,-0.1506,-0.0833,-0.234,HOLDING
2012-09-20,3,DTE,PNW,31.8269,31.1184,0.9962,-0.0248,1,-0.034,-0.0833,-0.1174,HOLDING
2012-09-21,3,DTE,PNW,31.8431,31.2015,0.9962,-0.2827,1,-0.124,-0.0833,-0.2073,HOLDING
2012-09-24,3,DTE,PNW,32.2438,31.7002,0.9962,-0.6731,1,-0.2654,-0.0833,-0.3487,HOLDING
2012-09-25,3,DTE,PNW,32.3304,31.5755,0.9962,0.2655,1,0.0151,-0.0833,-0.0682,HOLDING
2012-09-26,3,DTE,PNW,32.4875,31.7476,0.9962,0.2497,1,-0.0092,-0.0833,-0.0925,HOLDING
2012-09-27,3,DTE,PNW,32.3575,31.249,0.9962,1.764,1,0.4876,-0.0833,0.4043,HOLDING
2012-09-28,3,DTE,PNW,32.4549,31.344,0.9962,1.5906,1,0.4884,-0.0833,0.405,HOLDING
2012-10-01,3,DTE,PNW,32.2221,31.1599,0.9962,1.313,1,0.4291,-0.0833,0.3457,HOLDING
2012-10-02,3,DTE,PNW,32.3792,31.2549,0.9962,1.4098,1,0.5081,-0.0833,0.4247,HOLDING
2012-10-03,3,DTE,PNW,32.612,31.5221,0.9962,1.1846,1,0.4561,-0.0833,0.3728,HOLDING
2012-10-04,3,DTE,PNW,32.8015,31.6408,0.9962,1.286,1,0.5459,-0.0833,0.4626,HOLDING
2012-10-05,3,DTE,PNW,32.8502,31.6111,0.9962,1.3857,1,0.6496,-0.0833,0.5663,HOLDING
2012-10-08,3,DTE,PNW,32.8556,31.623,0.9962,1.2375,1,0.6408,-0.0833,0.5575,HOLDING
2012-10-09,3,DTE,PNW,32.8773,31.5636,0.9962,1.3407,1,0.7487,-0.0833,0.6654,HOLDING
2012-10-10,3,DTE,PNW,32.8069,31.3915,0.9962,1.4537,1,0.8867,-0.0833,0.8034,HOLDING
2012-10-11,3,DTE,PNW,32.899,31.3677,0.9962,1.5986,1,1.0393,-0.0833,0.9559,HOLDING
2012-10-12,3,DTE,PNW,32.6932,31.2905,0.9962,1.2499,1,0.8725,-0.0833,0.7892,HOLDING
2012-10-15,3,DTE,PNW,32.9098,31.4865,0.9962,1.2096,1,0.8946,-0.0833,0.8112,HOLDING
2012-10-16,3,DTE,PNW,32.9964,31.5399,0.9962,1.1789,1,0.9368,-0.0833,0.8535,HOLDING
2012-10-17,3,DTE,PNW,33.3484,31.991,0.9962,0.7304,1,0.7949,-0.0833,0.7116,HOLDING
2012-10-18,3,DTE,PNW,33.4025,32.1573,0.9962,0.2705,1,0.6435,-0.0833,0.5602,HOLDING
2012-10-19,3,DTE,PNW,33.2509,31.8367,0.9962,0.826,1,0.8735,-0.0833,0.7902,HOLDING
2012-10-22,3,DTE,PNW,33.3267,31.8842,0.9962,0.9083,1,0.9095,-0.0833,0.8262,HOLDING
2012-10-23,3,DTE,PNW,32.8881,31.3796,0.9962,1.2616,1,1.0092,-0.0833,0.9258,HOLDING
2012-10-24,3,DTE,PNW,33.0397,31.3321,0.9962,2.2573,1,1.2717,-0.0833,1.1884,HOLDING
2012-10-25,3,DTE,PNW,33.3538,31.5102,0.9962,2.3759,1,1.4455,-0.0833,1.3622,HOLDING
2012-10-26,3,DTE,PNW,33.3863,31.3796,0.9962,2.5005,1,1.6629,-0.0833,1.5796,HOLDING
2012-10-31,3,DTE,PNW,33.6245,31.7725,0.9962,1.5946,1,1.4498,-0.0833,1.3665,HOLDING
2012-11-01,3,DTE,PNW,33.3646,31.7485,0.9962,0.5997,1,1.1408,-0.0833,1.0575,HOLDING
2012-11-02,3,DTE,PNW,33.1805,31.2926,0.9962,1.6208,1,1.5093,-0.0833,1.4259,HOLDING
2012-11-05,3,DTE,PNW,32.6986,31.0707,0.9962,0.5338,1,1.1738,-0.0833,1.0905,HOLDING
2012-11-06,3,DTE,PNW,32.899,30.9447,0.9962,1.7258,1,1.6054,-0.0833,1.522,HOLDING
2012-11-07,3,DTE,PNW,32.1951,30.177,0.9962,1.8961,1,1.709,-0.0833,1.6257,HOLDING
2012-11-08,3,DTE,PNW,32.1138,30.057,0.9962,1.8031,1,1.763,-0.0833,1.6796,HOLDING
2012-11-09,3,DTE,PNW,32.0489,29.6071,0.9962,2.5611,1,2.2797,-0.0833,2.1964,HOLDING
2012-11-12,3,DTE,PNW,31.7078,29.5591,0.9962,1.4803,1,1.8963,-0.0833,1.8129,HOLDING
2012-11-13,3,DTE,PNW,31.9189,29.7391,0.9962,1.369,1,1.9326,-0.0833,1.8493,HOLDING
2012-11-14,3,DTE,PNW,31.816,29.5891,0.9962,1.3665,1,1.9983,-0.0833,1.9149,HOLDING
2012-11-15,3,DTE,PNW,31.7511,29.4872,0.9962,1.3313,1,2.0495,-0.0833,1.9661,HOLDING
2012-11-16,3,DTE,PNW,32.1084,29.877,0.9962,1.0682,1,1.9967,-0.0833,1.9134,HOLDING
2012-11-19,3,DTE,PNW,32.0435,29.7391,0.9962,1.2088,1,2.096,-0.0833,2.0127,HOLDING
2012-11-20,3,DTE,PNW,32.103,29.7811,0.9962,1.1539,1,2.118,-0.0833,2.0347,HOLDING
2012-11-21,3,DTE,PNW,31.9568,29.6791,0.9962,0.968,1,2.0626,-0.0833,1.9793,HOLDING
2012-11-23,3,DTE,PNW,31.881,29.5591,0.9962,1.0608,1,2.1237,-0.0833,2.0403,HOLDING
2012-11-26,3,DTE,PNW,32.0922,29.8591,0.9962,0.6034,1,1.9995,-0.0833,1.9161,HOLDING
2012-11-27,3,DTE,PNW,32.0868,29.931,0.9962,0.2425,1,1.896,-0.0833,1.8127,HOLDING
2012-11-28,3,DTE,PNW,32.26,30.2729,0.9962,-0.4799,1,1.6659,-0.0833,1.5825,HOLDING
2012-11-29,3,DTE,PNW,32.4279,30.4889,0.9962,-0.7611,1,1.5972,-0.0833,1.5139,HOLDING
2012-11-30,3,DTE,PNW,32.8015,30.8667,0.9962,-1.0608,1,1.5818,-0.0833,1.4985,HOLDING
2012-12-03,3,DTE,PNW,32.8015,30.8667,0.9962,-1.098,1,1.5818,-0.0833,1.4985,HOLDING
2012-12-04,3,DTE,PNW,32.7528,30.8188,0.9962,-1.3593,1,0.0,1.4145,1.4145,PERIOD_END_EXIT
2012-06-05,4,CMS,WEC,15.1331,24.1046,0.9914,0.0,0,0.0,0.0,0.0,HOLD_CASH
2012-06-06,4,CMS,WEC,15.1461,24.4164,0.9914,0.0,0,0.0,0.0,0.0,HOLD_CASH
2012-06-07,4,CMS,WEC,15.2047,24.4101,0.9914,0.0,0,0.0,0.0,0.0,HOLD_CASH
2012-06-08,4,CMS,WEC,15.3283,24.5628,0.9914,0.0,0,0.0,0.0,0.0,HOLD_CASH
2012-06-11,4,CMS,WEC,15.2763,24.5373,0.9914,0.0,0,0.0,0.0,0.0,HOLD_CASH
2012-06-12,4,CMS,WEC,15.2372,24.7346,0.9914,0.0,0,0.0,0.0,0.0,HOLD_CASH
2012-06-13,4,CMS,WEC,15.2763,24.7537,0.9914,0.0,0,0.0,0.0,0.0,HOLD_CASH
2012-06-14,4,CMS,WEC,15.3934,24.7791,0.9914,0.0,0,0.0,0.0,0.0,HOLD_CASH
2012-06-15,4,CMS,WEC,15.4454,25.0019,0.9914,0.0,0,0.0,0.0,0.0,HOLD_CASH
2012-06-18,4,CMS,WEC,15.53,24.9764,0.9914,0.0,0,0.0,0.0,0.0,HOLD_CASH
2012-06-19,4,CMS,WEC,15.4519,24.8364,0.9914,0.0,0,0.0,0.0,0.0,HOLD_CASH
2012-06-20,4,CMS,WEC,15.2893,24.5755,0.9914,0.0,0,0.0,0.0,0.0,HOLD_CASH
2012-06-21,4,CMS,WEC,15.1396,24.4292,0.9914,0.0,0,0.0,0.0,0.0,HOLD_CASH
2012-06-22,4,CMS,WEC,15.1201,24.5628,0.9914,0.0,0,0.0,0.0,0.0,HOLD_CASH
2012-06-25,4,CMS,WEC,15.042,24.6328,0.9914,0.0,0,0.0,0.0,0.0,HOLD_CASH
2012-06-26,4,CMS,WEC,15.0681,24.8237,0.9914,0.0,0,0.0,0.0,0.0,HOLD_CASH
2012-06-27,4,CMS,WEC,15.1852,25.1864,0.9914,0.0,0,0.0,0.0,0.0,HOLD_CASH
2012-06-28,4,CMS,WEC,15.1787,25.1482,0.9914,0.0,0,0.0,0.0,0.0,HOLD_CASH
2012-06-29,4,CMS,WEC,15.2893,25.18,0.9914,0.0,0,0.0,0.0,0.0,HOLD_CASH
2012-07-02,4,CMS,WEC,15.3478,25.5491,0.9914,-1.9349,0,0.0,0.0,0.0,HOLD_CASH
2012-07-03,4,CMS,WEC,15.3804,25.4155,0.9914,-1.2484,0,0.0,0.0,0.0,HOLD_CASH
2012-07-05,4,CMS,WEC,15.3608,25.3773,0.9914,-1.1104,0,0.0,0.0,0.0,HOLD_CASH
2012-07-06,4,CMS,WEC,15.4064,25.46,0.9914,-1.0236,0,0.0,0.0,0.0,HOLD_CASH
2012-07-09,4,CMS,WEC,15.3608,25.4219,0.9914,-1.0348,0,0.0,0.0,0.0,HOLD_CASH
2012-07-10,4,CMS,WEC,15.4194,25.5046,0.9914,-0.8976,0,0.0,0.0,0.0,HOLD_CASH
2012-07-11,4,CMS,WEC,15.4259,25.6318,0.9914,-1.1367,0,0.0,0.0,0.0,HOLD_CASH
2012-07-12,4,CMS,WEC,15.491,25.7527,0.9914,-1.0589,0,0.0,0.0,0.0,HOLD_CASH
2012-07-13,4,CMS,WEC,15.8228,26.0327,0.9914,-0.1767,0,0.0,0.0,0.0,HOLD_CASH
2012-07-16,4,CMS,WEC,15.7968,25.9182,0.9914,0.104,0,0.0,0.0,0.0,HOLD_CASH
2012-07-17,4,CMS,WEC,15.8878,25.9882,0.9914,0.4759,0,0.0,0.0,0.0,HOLD_CASH
2012-07-18,4,CMS,WEC,15.9464,26.2682,0.9914,-0.0648,0,0.0,0.0,0.0,HOLD_CASH
2012-07-19,4,CMS,WEC,15.8943,26.2173,0.9914,-0.0902,0,0.0,0.0,0.0,HOLD_CASH
2012-07-20,4,CMS,WEC,15.9659,26.1918,0.9914,0.9184,0,0.0,0.0,0.0,HOLD_CASH
2012-07-23,4,CMS,WEC,15.8683,25.95,0.9914,1.6601,0,0.0,0.0,0.0,HOLD_CASH
2012-07-24,4,CMS,WEC,15.6927,25.7782,0.9914,0.8657,0,0.0,0.0,0.0,HOLD_CASH
2012-07-25,4,CMS,WEC,15.6406,25.4409,0.9914,2.2236,-1,0.0,-0.0833,-0.0833,ENTER_SHORT_A
2012-07-26,4,CMS,WEC,15.9594,25.7846,0.9914,2.5647,-1,-0.2926,-0.0833,-0.3759,HOLDING
2012-07-27,4,CMS,WEC,16.1351,26.0327,0.9914,2.2364,-1,-0.3579,-0.0833,-0.4412,HOLDING
2012-07-30,4,CMS,WEC,16.1416,26.1091,0.9914,1.6896,-1,-0.2508,-0.0833,-0.3341,HOLDING
2012-07-31,4,CMS,WEC,16.044,25.9246,0.9914,1.6015,-1,-0.2906,-0.0833,-0.3739,HOLDING
2012-08-01,4,CMS,WEC,15.8797,25.6255,0.9914,1.522,-1,-0.3389,-0.0833,-0.4222,HOLDING
2012-08-02,4,CMS,WEC,15.722,25.4091,0.9914,1.2262,-1,-0.2698,-0.0833,-0.3531,HOLDING
2012-08-03,4,CMS,WEC,15.8929,25.6764,0.9914,1.1432,-1,-0.291,-0.0833,-0.3743,HOLDING
2012-08-06,4,CMS,WEC,15.8797,25.7082,0.9914,0.857,-1,-0.2039,-0.0833,-0.2873,HOLDING
2012-08-07,4,CMS,WEC,15.6892,25.3455,0.9914,0.9558,-1,-0.2857,-0.0833,-0.369,HOLDING
2012-08-08,4,CMS,WEC,15.6958,25.2691,0.9914,1.2074,-1,-0.4278,-0.0833,-0.5111,HOLDING
2012-08-09,4,CMS,WEC,15.5841,25.0464,0.9914,1.3246,-1,-0.4921,-0.0833,-0.5755,HOLDING
2012-08-10,4,CMS,WEC,15.6958,25.1747,0.9914,1.4117,-1,-0.5818,-0.0833,-0.6652,HOLDING
2012-08-13,4,CMS,WEC,15.6104,25.0015,0.9914,1.4076,-1,-0.6357,-0.0833,-0.719,HOLDING
2012-08-14,4,CMS,WEC,15.5841,25.0015,0.9914,1.0988,-1,-0.5653,-0.0833,-0.6486,HOLDING
2012-08-15,4,CMS,WEC,15.4395,24.9695,0.9914,0.1086,-1,-0.2309,-0.0833,-0.3142,HOLDING
2012-08-16,4,CMS,WEC,15.3936,24.713,0.9914,0.9703,-1,-0.5261,-0.0833,-0.6095,HOLDING
2012-08-17,4,CMS,WEC,15.3607,24.7258,0.9914,0.5212,-1,-0.4173,-0.0833,-0.5006,HOLDING
2012-08-20,4,CMS,WEC,15.3804,24.7771,0.9914,0.3133,-1,-0.3864,-0.0833,-0.4697,HOLDING
2012-08-21,4,CMS,WEC,15.1899,24.6809,0.9914,-1.8211,-1,-0.0334,-0.0833,-0.1168,HOLDING
2012-08-22,4,CMS,WEC,15.1307,24.8284,0.9914,-3.1477,-1,0.3652,-0.0833,0.2819,HOLDING
2012-08-23,4,CMS,WEC,14.9139,24.495,0.9914,-2.5483,-1,0.4016,-0.0833,0.3182,HOLDING
2012-08-24,4,CMS,WEC,15.0191,24.6104,0.9914,-1.8649,-1,0.3085,-0.0833,0.2252,HOLDING
2012-08-27,4,CMS,WEC,15.0585,24.6232,0.9914,-1.4173,-1,0.224,-0.0833,0.1406,HOLDING
2012-08-28,4,CMS,WEC,15.0913,24.5334,0.9914,-0.6297,-1,-0.0103,-0.0833,-0.0936,HOLDING
2012-08-29,4,CMS,WEC,15.1439,24.5334,0.9914,-0.1645,-1,-0.1509,-0.0833,-0.2343,HOLDING
2012-08-30,4,CMS,WEC,15.0716,24.4372,0.9914,-0.2541,-1,-0.1144,-0.0833,-0.1977,HOLDING
2012-08-31,4,CMS,WEC,15.157,24.3411,0.9914,0.8999,-1,-0.4998,-0.0833,-0.5831,HOLDING
2012-09-04,4,CMS,WEC,15.2753,24.6104,0.9914,0.4811,-1,-0.377,-0.0833,-0.4603,HOLDING
2012-09-05,4,CMS,WEC,15.2096,24.5911,0.9914,0.0532,-1,-0.2326,-0.0833,-0.3159,HOLDING
2012-09-06,4,CMS,WEC,15.3738,24.745,0.9914,0.6134,-1,-0.4211,-0.0833,-0.5044,HOLDING
2012-09-07,4,CMS,WEC,15.3344,24.4629,0.9914,1.5641,-1,-0.7757,-0.0833,-0.859,HOLDING
2012-09-10,4,CMS,WEC,15.3607,24.2833,0.9914,2.2176,-1,-1.1388,-0.0833,-1.2221,HOLDING
2012-09-11,4,CMS,WEC,15.295,24.2833,0.9914,1.6407,-1,-0.963,-0.0833,-1.0464,HOLDING
2012-09-12,4,CMS,WEC,15.249,24.0012,0.9914,2.0936,-1,-1.3001,-0.0833,-1.3834,HOLDING
2012-09-13,4,CMS,WEC,15.4264,24.2256,0.9914,1.9328,-1,-1.4087,-0.0833,-1.492,HOLDING
2012-09-14,4,CMS,WEC,15.2359,23.9627,0.9914,1.6086,-1,-1.3276,-0.0833,-1.411,HOLDING
2012-09-17,4,CMS,WEC,15.0716,23.8217,0.9914,1.1511,-1,-1.1183,-0.0833,-1.2016,HOLDING
2012-09-18,4,CMS,WEC,15.1702,23.6421,0.9914,1.8009,-1,-1.6747,-0.0833,-1.758,HOLDING
2012-09-19,4,CMS,WEC,15.1439,23.6357,0.9914,1.5081,-1,-1.6149,-0.0833,-1.6982,HOLDING
2012-09-20,4,CMS,WEC,15.1242,23.5908,0.9914,1.3939,-1,-1.6353,-0.0833,-1.7187,HOLDING
2012-09-21,4,CMS,WEC,15.203,23.5523,0.9914,1.6151,-1,-1.909,-0.0833,-1.9923,HOLDING
2012-09-24,4,CMS,WEC,15.3936,23.8409,0.9914,1.4919,-1,-1.9482,-0.0833,-2.0315,HOLDING
2012-09-25,4,CMS,WEC,15.3476,23.982,0.9914,0.8958,-1,-1.5951,-0.0833,-1.6785,HOLDING
2012-09-26,4,CMS,WEC,15.4921,24.1808,0.9914,0.8863,-1,-1.6577,-0.0833,-1.741,HOLDING
2012-09-27,4,CMS,WEC,15.3607,23.9756,0.9914,0.8014,-1,-1.6407,-0.0833,-1.7241,HOLDING
2012-09-28,4,CMS,WEC,15.4724,24.1551,0.9914,0.7197,-1,-1.6468,-0.0833,-1.7301,HOLDING
2012-10-01,4,CMS,WEC,15.3936,24.0525,0.9914,0.5778,-1,-1.6031,-0.0833,-1.6865,HOLDING
2012-10-02,4,CMS,WEC,15.4855,24.0269,0.9914,1.0507,-1,-1.8911,-0.0833,-1.9744,HOLDING
2012-10-03,4,CMS,WEC,15.5315,24.1743,0.9914,0.7516,-1,-1.7736,-0.0833,-1.8569,HOLDING
2012-10-04,4,CMS,WEC,15.6695,24.3218,0.9914,1.0407,-1,-1.9022,-0.0833,-1.9856,HOLDING
2012-10-05,4,CMS,WEC,15.6498,24.4308,0.9914,0.2531,-1,-1.6718,-0.0833,-1.7551,HOLDING
2012-10-08,4,CMS,WEC,15.6564,24.495,0.9914,-0.1495,-1,-1.5848,-0.0833,-1.6681,HOLDING
2012-10-09,4,CMS,WEC,15.6761,24.4885,0.9914,-0.0484,-1,-1.6479,-0.0833,-1.7313,HOLDING
2012-10-10,4,CMS,WEC,15.5907,24.4629,0.9914,-0.9653,-1,-1.4613,-0.0833,-1.5446,HOLDING
2012-10-11,4,CMS,WEC,15.6826,24.4565,0.9914,0.1962,-1,-1.7178,-0.0833,-1.8012,HOLDING
2012-10-12,4,CMS,WEC,15.5512,24.4693,0.9914,-1.6426,-1,-1.3453,-0.0833,-1.4287,HOLDING
2012-10-15,4,CMS,WEC,15.6432,24.6617,0.9914,-2.2244,-1,-1.2777,-0.0833,-1.3611,HOLDING
2012-10-16,4,CMS,WEC,15.6629,24.7963,0.9914,-2.4409,-1,-1.1109,-0.0833,-1.1942,HOLDING
2012-10-17,4,CMS,WEC,15.8797,24.8989,0.9914,-0.6317,-1,-1.5237,-0.0833,-1.607,HOLDING
2012-10-18,4,CMS,WEC,15.9783,24.8605,0.9914,0.7269,-1,-1.8501,-0.0833,-1.9334,HOLDING
2012-10-19,4,CMS,WEC,15.9651,24.6873,0.9914,1.7377,-1,-2.0973,-0.0833,-2.1806,HOLDING
2012-10-22,4,CMS,WEC,15.8994,24.4757,0.9914,2.213,-1,-2.2665,-0.0833,-2.3499,HOLDING
2012-10-23,4,CMS,WEC,15.7483,24.2833,0.9914,1.6883,-1,-2.1759,-0.0833,-2.2593,HOLDING
2012-10-24,4,CMS,WEC,15.6892,24.1102,0.9914,1.8499,-1,-2.3,-0.0833,-2.3834,HOLDING
2012-10-25,4,CMS,WEC,15.906,24.2385,0.9914,2.332,-1,-2.671,-0.0833,-2.7543,HOLDING
2012-10-26,4,CMS,WEC,15.9126,24.2898,0.9914,1.8338,-1,-2.6049,-0.0833,-2.6882,HOLDING
2012-10-31,4,CMS,WEC,16.1382,24.6681,0.9914,1.5082,-1,-2.5916,-0.0833,-2.6749,HOLDING
2012-11-01,4,CMS,WEC,16.0586,24.5976,0.9914,1.2038,-1,-2.4936,-0.0833,-2.5769,HOLDING
2012-11-02,4,CMS,WEC,15.9126,24.495,0.9914,0.7059,-1,-2.2703,-0.0833,-2.3536,HOLDING
2012-11-05,4,CMS,WEC,15.6538,23.9563,0.9914,1.0977,-1,-2.4563,-0.0833,-2.5396,HOLDING
2012-11-06,4,CMS,WEC,15.6936,24.0525,0.9914,0.8883,-1,-2.4059,-0.0833,-2.4893,HOLDING
2012-11-07,4,CMS,WEC,15.3618,23.6742,0.9914,0.3638,-1,-2.1352,-0.0833,-2.2185,HOLDING
2012-11-08,4,CMS,WEC,15.3154,23.6357,0.9914,0.1977,-1,-2.0736,-0.0833,-2.157,HOLDING
2012-11-09,4,CMS,WEC,15.2623,23.4806,0.9914,0.3903,-1,-2.1846,-0.0833,-2.2679,HOLDING
2012-11-12,4,CMS,WEC,15.1229,23.5581,0.9914,-0.7173,-1,-1.6853,-0.0833,-1.7686,HOLDING
2012-11-13,4,CMS,WEC,15.249,23.7585,0.9914,-0.8125,-1,-1.6958,-0.0833,-1.7791,HOLDING
2012-11-14,4,CMS,WEC,15.2026,23.584,0.9914,-0.5385,-1,-1.8561,-0.0833,-1.9395,HOLDING
2012-11-15,4,CMS,WEC,15.1229,23.3513,0.9914,-0.2391,-1,-2.0226,-0.0833,-2.106,HOLDING
2012-11-16,4,CMS,WEC,15.4083,23.5129,0.9914,1.2723,-1,-2.5225,-0.0833,-2.6058,HOLDING
2012-11-19,4,CMS,WEC,15.4348,23.7068,0.9914,0.2579,-1,-2.2772,-0.0833,-2.3606,HOLDING
2012-11-20,4,CMS,WEC,15.5874,23.6163,0.9914,1.9961,-1,-2.8331,-0.0833,-2.9165,HOLDING
2012-11-21,4,CMS,WEC,15.6007,23.5646,0.9914,2.0164,-1,-2.953,-0.0833,-3.0363,HOLDING
2012-11-23,4,CMS,WEC,15.6073,23.3965,0.9914,2.3318,-1,-3.2449,-0.0833,-3.3282,HOLDING
2012-11-26,4,CMS,WEC,15.813,23.5323,0.9914,2.4134,-1,-3.5739,-0.0833,-3.6572,HOLDING
2012-11-27,4,CMS,WEC,15.8927,23.7133,0.9914,1.893,-1,-3.4917,-0.0833,-3.575,HOLDING
2012-11-28,4,CMS,WEC,15.9789,23.8555,0.9914,1.6339,-1,-3.4906,-0.0833,-3.5739,HOLDING
2012-11-29,4,CMS,WEC,16.0785,24.0236,0.9914,1.415,-1,-3.4828,-0.0833,-3.5662,HOLDING
2012-11-30,4,CMS,WEC,16.2112,24.2628,0.9914,1.1838,-1,-3.4478,-0.0833,-3.5311,HOLDING
2012-12-03,4,CMS,WEC,16.1249,24.14,0.9914,1.0528,-1,-3.4173,-0.0833,-3.5007,HOLDING
2012-12-04,4,CMS,WEC,16.178,23.9331,0.9914,1.5752,-1,0.0,-4.0623,-4.0623,PERIOD_END_EXIT
2012-06-05,5,DTE,LNT,30.3208,14.0717,1.0474,0.0,0,0.0,0.0,0.0,HOLD_CASH
2012-06-06,5,DTE,LNT,30.6444,14.2513,1.0474,0.0,0,0.0,0.0,0.0,HOLD_CASH
2012-06-07,5,DTE,LNT,30.5542,14.3314,1.0474,0.0,0,0.0,0.0,0.0,HOLD_CASH
2012-06-08,5,DTE,LNT,30.7664,14.4052,1.0474,0.0,0,0.0,0.0,0.0,HOLD_CASH
2012-06-11,5,DTE,LNT,30.8461,14.402,1.0474,0.0,0,0.0,0.0,0.0,HOLD_CASH
2012-06-12,5,DTE,LNT,31.1113,14.4629,1.0474,0.0,0,0.0,0.0,0.0,HOLD_CASH
2012-06-13,5,DTE,LNT,31.1803,14.4661,1.0474,0.0,0,0.0,0.0,0.0,HOLD_CASH
2012-06-14,5,DTE,LNT,31.5517,14.4661,1.0474,0.0,0,0.0,0.0,0.0,HOLD_CASH
2012-06-15,5,DTE,LNT,31.8806,14.5912,1.0474,0.0,0,0.0,0.0,0.0,HOLD_CASH
2012-06-18,5,DTE,LNT,32.1153,14.6906,1.0474,0.0,0,0.0,0.0,0.0,HOLD_CASH
2012-06-19,5,DTE,LNT,31.8581,14.5784,1.0474,0.0,0,0.0,0.0,0.0,HOLD_CASH
2012-06-20,5,DTE,LNT,31.6545,14.4661,1.0474,0.0,0,0.0,0.0,0.0,HOLD_CASH
2012-06-21,5,DTE,LNT,31.333,14.3154,1.0474,0.0,0,0.0,0.0,0.0,HOLD_CASH
2012-06-22,5,DTE,LNT,31.3009,14.4244,1.0474,0.0,0,0.0,0.0,0.0,HOLD_CASH
2012-06-25,5,DTE,LNT,31.1562,14.309,1.0474,0.0,0,0.0,0.0,0.0,HOLD_CASH
2012-06-26,5,DTE,LNT,31.1669,14.3058,1.0474,0.0,0,0.0,0.0,0.0,HOLD_CASH
2012-06-27,5,DTE,LNT,31.4241,14.4052,1.0474,0.0,0,0.0,0.0,0.0,HOLD_CASH
2012-06-28,5,DTE,LNT,31.6224,14.5271,1.0474,0.0,0,0.0,0.0,0.0,HOLD_CASH
2012-06-29,5,DTE,LNT,31.7885,14.6136,1.0474,0.0,0,0.0,0.0,0.0,HOLD_CASH
2012-07-02,5,DTE,LNT,31.8152,14.8317,1.0474,-1.3044,0,0.0,0.0,0.0,HOLD_CASH
2012-07-03,5,DTE,LNT,31.9063,14.7291,1.0474,-0.1625,0,0.0,0.0,0.0,HOLD_CASH
2012-07-05,5,DTE,LNT,31.7134,14.6425,1.0474,-0.1872,0,0.0,0.0,0.0,HOLD_CASH
2012-07-06,5,DTE,LNT,31.7402,14.6104,1.0474,0.086,0,0.0,0.0,0.0,HOLD_CASH
2012-07-09,5,DTE,LNT,31.5956,14.5752,1.0474,-0.3153,0,0.0,0.0,0.0,HOLD_CASH
2012-07-10,5,DTE,LNT,31.6063,14.5591,1.0474,-0.2148,0,0.0,0.0,0.0,HOLD_CASH
2012-07-11,5,DTE,LNT,31.6599,14.6457,1.0474,-1.0846,0,0.0,0.0,0.0,HOLD_CASH
2012-07-12,5,DTE,LNT,31.7349,14.6714,1.0474,-1.0511,0,0.0,0.0,0.0,HOLD_CASH
2012-07-13,5,DTE,LNT,32.1421,14.96,1.0474,-2.062,1,0.0,-0.0833,-0.0833,ENTER_LONG_A
2012-07-16,5,DTE,LNT,32.276,14.9472,1.0474,-1.1033,1,0.2062,-0.0833,0.1229,HOLDING
2012-07-17,5,DTE,LNT,32.4689,15.0273,1.0474,-0.9461,1,0.222,-0.0833,0.1386,HOLDING
2012-07-18,5,DTE,LNT,32.6082,15.1556,1.0474,-1.5206,1,0.0328,-0.0833,-0.0505,HOLDING
2012-07-19,5,DTE,LNT,32.5118,15.146,1.0474,-1.6911,1,-0.0619,-0.0833,-0.1452,HOLDING
2012-07-20,5,DTE,LNT,32.6993,15.2326,1.0474,-1.5876,1,-0.0712,-0.0833,-0.1545,HOLDING
2012-07-23,5,DTE,LNT,32.2385,15.0562,1.0474,-1.6595,1,-0.152,-0.0833,-0.2354,HOLDING
2012-07-24,5,DTE,LNT,31.8099,14.8926,1.0474,-1.7136,1,-0.2287,-0.0833,-0.3121,HOLDING
2012-07-25,5,DTE,LNT,31.7885,14.8125,1.0474,-0.9083,1,-0.0274,-0.0833,-0.1107,HOLDING
2012-07-26,5,DTE,LNT,32.2117,15.0658,1.0474,-1.4571,1,-0.2134,-0.0833,-0.2967,HOLDING
2012-07-27,5,DTE,LNT,32.7636,15.1986,1.0474,-0.1864,1,0.1072,-0.0833,0.0238,HOLDING
2012-07-30,5,DTE,LNT,33.0368,15.2989,1.0474,0.1328,1,0.1672,-0.0833,0.0838,HOLDING
2012-07-31,5,DTE,LNT,32.8815,15.1241,1.0474,1.2801,1,0.4687,-0.0833,0.3854,HOLDING
2012-08-01,5,DTE,LNT,32.7904,15.0431,1.0474,1.6272,1,0.584,-0.0833,0.5007,HOLDING
2012-08-02,5,DTE,LNT,32.6511,15.0755,1.0474,0.5877,1,0.3153,-0.0833,0.232,HOLDING
2012-08-03,5,DTE,LNT,33.0315,15.2018,1.0474,1.0859,1,0.4372,-0.0833,0.3539,HOLDING
2012-08-06,5,DTE,LNT,32.9243,15.1468,1.0474,1.1598,1,0.4583,-0.0833,0.375,HOLDING
2012-08-07,5,DTE,LNT,32.5761,14.9752,1.0474,1.3574,1,0.5063,-0.0833,0.423,HOLDING
2012-08-08,5,DTE,LNT,32.5225,14.9525,1.0474,1.2559,1,0.5031,-0.0833,0.4198,HOLDING
2012-08-09,5,DTE,LNT,32.2653,14.878,1.0474,0.8055,1,0.3896,-0.0833,0.3063,HOLDING
2012-08-10,5,DTE,LNT,32.4207,14.9169,1.0474,1.0206,1,0.4757,-0.0833,0.3923,HOLDING
2012-08-13,5,DTE,LNT,32.2599,14.8715,1.0474,0.7008,1,0.4013,-0.0833,0.318,HOLDING
2012-08-14,5,DTE,LNT,32.1528,14.9525,1.0474,-0.6204,1,0.0349,-0.0833,-0.0484,HOLDING
2012-08-15,5,DTE,LNT,32.276,14.9816,1.0474,-0.3698,1,0.108,-0.0833,0.0246,HOLDING
2012-08-16,5,DTE,LNT,32.3564,14.9104,1.0474,0.6795,1,0.4127,-0.0833,0.3294,HOLDING
2012-08-17,5,DTE,LNT,32.4314,14.891,1.0474,1.1244,1,0.5631,-0.0833,0.4797,HOLDING
2012-08-20,5,DTE,LNT,32.3885,14.8197,1.0474,1.5321,1,0.7118,-0.0833,0.6285,HOLDING
2012-08-21,5,DTE,LNT,32.0724,14.7647,1.0474,0.5556,1,0.4683,-0.0833,0.385,HOLDING
2012-08-22,5,DTE,LNT,31.8742,14.6805,1.0474,0.4438,1,0.4572,-0.0833,0.3739,HOLDING
2012-08-23,5,DTE,LNT,31.3598,14.4474,1.0474,0.4776,1,0.4702,-0.0833,0.3869,HOLDING
2012-08-24,5,DTE,LNT,31.4723,14.4506,1.0474,1.1677,1,0.6035,-0.0833,0.5201,HOLDING
2012-08-27,5,DTE,LNT,31.6009,14.4668,1.0474,1.6894,1,0.7201,-0.0833,0.6368,HOLDING
2012-08-28,5,DTE,LNT,31.5956,14.4118,1.0474,2.1479,1,0.8702,-0.0833,0.7869,HOLDING
2012-08-29,5,DTE,LNT,31.5366,14.3794,1.0474,1.9393,1,0.8879,-0.0833,0.8045,HOLDING
2012-08-30,5,DTE,LNT,31.3866,14.3276,1.0474,1.5434,1,0.8455,-0.0833,0.7622,HOLDING
2012-08-31,5,DTE,LNT,31.2902,14.2725,1.0474,1.5097,1,0.8802,-0.0833,0.7969,HOLDING
2012-09-04,5,DTE,LNT,31.8367,14.3794,1.0474,2.4186,1,1.2678,-0.0833,1.1845,HOLDING
2012-09-05,5,DTE,LNT,31.6652,14.36,1.0474,1.6283,1,1.106,-0.0833,1.0227,HOLDING
2012-09-06,5,DTE,LNT,31.9813,14.6773,1.0474,-0.0511,1,0.6021,-0.0833,0.5188,HOLDING
2012-09-07,5,DTE,LNT,31.8742,14.5057,1.0474,0.9977,1,0.9554,-0.0833,0.8721,HOLDING
2012-09-10,5,DTE,LNT,31.8688,14.4927,1.0474,0.9931,1,0.9856,-0.0833,0.9022,HOLDING
2012-09-11,5,DTE,LNT,31.9385,14.4539,1.0474,1.4342,1,1.1845,-0.0833,1.1012,HOLDING
2012-09-12,5,DTE,LNT,31.7402,14.3308,1.0474,1.6474,1,1.2841,-0.0833,1.2007,HOLDING
2012-09-13,5,DTE,LNT,32.0922,14.4539,1.0474,1.7815,1,1.3791,-0.0833,1.2958,HOLDING
2012-09-14,5,DTE,LNT,31.8431,14.3082,1.0474,1.8766,1,1.4789,-0.0833,1.3956,HOLDING
2012-09-17,5,DTE,LNT,31.6861,14.1786,1.0474,2.0535,1,1.6492,-0.0833,1.5659,HOLDING
2012-09-18,5,DTE,LNT,31.6536,14.1463,1.0474,1.8758,1,1.7003,-0.0833,1.617,HOLDING
2012-09-19,5,DTE,LNT,31.7078,14.1495,1.0474,1.7805,1,1.7596,-0.0833,1.6763,HOLDING
2012-09-20,5,DTE,LNT,31.8269,14.1106,1.0474,2.0818,1,2.0212,-0.0833,1.9379,HOLDING
2012-09-21,5,DTE,LNT,31.8431,13.9779,1.0474,2.4548,1,2.4201,-0.0833,2.3367,HOLDING
2012-09-24,5,DTE,LNT,32.2438,14.1722,1.0474,1.9688,1,2.3739,-0.0833,2.2905,HOLDING
2012-09-25,5,DTE,LNT,32.3304,14.1365,1.0474,2.0029,1,2.5851,-0.0833,2.5017,HOLDING
2012-09-26,5,DTE,LNT,32.4875,14.1981,1.0474,1.7514,1,2.6086,-0.0833,2.5253,HOLDING
2012-09-27,5,DTE,LNT,32.3575,14.0006,1.0474,2.0365,1,3.0069,-0.0833,2.9236,HOLDING
2012-09-28,5,DTE,LNT,32.4549,14.0491,1.0474,1.7425,1,2.9919,-0.0833,2.9085,HOLDING
2012-10-01,5,DTE,LNT,32.2221,13.9876,1.0474,1.431,1,2.8724,-0.0833,2.789,HOLDING
2012-10-02,5,DTE,LNT,32.3792,14.0815,1.0474,1.1847,1,2.8036,-0.0833,2.7203,HOLDING
2012-10-03,5,DTE,LNT,32.612,14.3017,1.0474,0.6421,1,2.471,-0.0833,2.3877,HOLDING
2012-10-04,5,DTE,LNT,32.8015,14.415,1.0474,0.4359,1,2.3881,-0.0833,2.3047,HOLDING
2012-10-05,5,DTE,LNT,32.8502,14.2952,1.0474,0.9398,1,2.7912,-0.0833,2.7078,HOLDING
2012-10-08,5,DTE,LNT,32.8556,14.3794,1.0474,0.5026,1,2.5581,-0.0833,2.4748,HOLDING
2012-10-09,5,DTE,LNT,32.8773,14.3988,1.0474,0.3748,1,2.5302,-0.0833,2.4469,HOLDING
2012-10-10,5,DTE,LNT,32.8069,14.3017,1.0474,0.6594,1,2.7179,-0.0833,2.6345,HOLDING
2012-10-11,5,DTE,LNT,32.899,14.3761,1.0474,0.3722,1,2.6222,-0.0833,2.5389,HOLDING
2012-10-12,5,DTE,LNT,32.6932,14.2823,1.0474,0.3418,1,2.6292,-0.0833,2.5459,HOLDING
2012-10-15,5,DTE,LNT,32.9098,14.428,1.0474,-0.1833,1,2.4883,-0.0833,2.405,HOLDING
2012-10-16,5,DTE,LNT,32.9964,14.4409,1.0474,-0.1233,1,2.5611,-0.0833,2.4778,HOLDING
2012-10-17,5,DTE,LNT,33.3484,14.6449,1.0474,-0.9552,1,2.4255,-0.0833,2.3421,HOLDING
2012-10-18,5,DTE,LNT,33.4025,14.6676,1.0474,-1.1575,1,2.4294,-0.0833,2.3461,HOLDING
2012-10-19,5,DTE,LNT,33.2509,14.6255,1.0474,-1.3528,1,2.3574,-0.0833,2.2741,HOLDING
2012-10-22,5,DTE,LNT,33.3267,14.5445,1.0474,0.0681,1,2.6841,-0.0833,2.6007,HOLDING
2012-10-23,5,DTE,LNT,32.8881,14.4571,1.0474,-1.1252,1,2.3778,-0.0833,2.2945,HOLDING
2012-10-24,5,DTE,LNT,33.0397,14.3535,1.0474,0.9831,1,2.8651,-0.0833,2.7817,HOLDING
2012-10-25,5,DTE,LNT,33.3538,14.4053,1.0474,1.9588,1,3.1151,-0.0833,3.0318,HOLDING
2012-10-26,5,DTE,LNT,33.3863,14.4053,1.0474,2.0365,1,3.1562,-0.0833,3.0729,HOLDING
2012-10-31,5,DTE,LNT,33.6245,14.6212,1.0474,0.6697,1,2.8427,-0.0833,2.7594,HOLDING
2012-11-01,5,DTE,LNT,33.3646,14.6637,1.0474,-1.0857,1,2.3925,-0.0833,2.3091,HOLDING
2012-11-02,5,DTE,LNT,33.1805,14.4086,1.0474,1.0194,1,2.8864,-0.0833,2.8031,HOLDING
2012-11-05,5,DTE,LNT,32.6986,14.2287,1.0474,0.694,1,2.7888,-0.0833,2.7055,HOLDING
2012-11-06,5,DTE,LNT,32.899,14.3366,1.0474,0.4018,1,2.7349,-0.0833,2.6516,HOLDING
2012-11-07,5,DTE,LNT,32.1951,13.9964,1.0474,0.9201,1,2.813,-0.0833,2.7296,HOLDING
2012-11-08,5,DTE,LNT,32.1138,13.9899,1.0474,0.5214,1,2.7288,-0.0833,2.6454,HOLDING
2012-11-09,5,DTE,LNT,32.0489,14.2941,1.0474,-2.6684,1,1.7796,-0.0833,1.6962,HOLDING
2012-11-12,5,DTE,LNT,31.7078,14.2548,1.0474,-2.7066,1,1.4595,-0.0833,1.3762,HOLDING
2012-11-13,5,DTE,LNT,31.9189,14.2156,1.0474,-1.5361,1,1.8388,-0.0833,1.7554,HOLDING
2012-11-14,5,DTE,LNT,31.816,13.9866,1.0474,-0.2283,1,2.361,-0.0833,2.2776,HOLDING
2012-11-15,5,DTE,LNT,31.7511,13.8623,1.0474,0.4381,1,2.6329,-0.0833,2.5496,HOLDING
2012-11-16,5,DTE,LNT,32.1084,14.2156,1.0474,-0.9337,1,2.0787,-0.0833,1.9954,HOLDING
2012-11-19,5,DTE,LNT,32.0435,14.2123,1.0474,-1.0298,1,2.0058,-0.0833,1.9225,HOLDING
2012-11-20,5,DTE,LNT,32.103,14.3431,1.0474,-1.5491,1,1.7084,-0.0833,1.625,HOLDING
2012-11-21,5,DTE,LNT,31.9568,14.3137,1.0474,-1.5391,1,1.6071,-0.0833,1.5238,HOLDING
2012-11-23,5,DTE,LNT,31.881,14.3006,1.0474,-1.4755,1,1.5484,-0.0833,1.4651,HOLDING
2012-11-26,5,DTE,LNT,32.0922,14.3726,1.0474,-1.2359,1,1.6108,-0.0833,1.5274,HOLDING
2012-11-27,5,DTE,LNT,32.0868,14.4053,1.0474,-1.2872,1,1.5107,-0.0833,1.4274,HOLDING
2012-11-28,5,DTE,LNT,32.26,14.4576,1.0474,-1.0783,1,1.5809,-0.0833,1.4976,HOLDING
2012-11-29,5,DTE,LNT,32.4279,14.5263,1.0474,-0.962,1,1.5978,-0.0833,1.5144,HOLDING
2012-11-30,5,DTE,LNT,32.8015,14.6604,1.0474,-0.7516,1,1.6887,-0.0833,1.6054,HOLDING
2012-12-03,5,DTE,LNT,32.8015,14.5525,1.0474,-0.093,1,1.9963,-0.0833,1.913,HOLDING
2012-12-04,5,DTE,LNT,32.7528,14.5002,1.0474,0.1749,1,0.0,1.9176,1.9176,PERIOD_END_EXIT
2012-06-05,6,LNT,PNW,14.0717,29.5948,0.932,0.0,0,0.0,0.0,0.0,HOLD_CASH
2012-06-06,6,LNT,PNW,14.2513,29.9299,0.932,0.0,0,0.0,0.0,0.0,HOLD_CASH
2012-06-07,6,LNT,PNW,14.3314,29.8946,0.932,0.0,0,0.0,0.0,0.0,HOLD_CASH
2012-06-08,6,LNT,PNW,14.4052,30.024,0.932,0.0,0,0.0,0.0,0.0,HOLD_CASH
2012-06-11,6,LNT,PNW,14.402,29.8417,0.932,0.0,0,0.0,0.0,0.0,HOLD_CASH
2012-06-12,6,LNT,PNW,14.4629,30.1416,0.932,0.0,0,0.0,0.0,0.0,HOLD_CASH
2012-06-13,6,LNT,PNW,14.4661,30.1004,0.932,0.0,0,0.0,0.0,0.0,HOLD_CASH
2012-06-14,6,LNT,PNW,14.4661,30.3238,0.932,0.0,0,0.0,0.0,0.0,HOLD_CASH
2012-06-15,6,LNT,PNW,14.5912,30.5766,0.932,0.0,0,0.0,0.0,0.0,HOLD_CASH
2012-06-18,6,LNT,PNW,14.6906,30.6001,0.932,0.0,0,0.0,0.0,0.0,HOLD_CASH
2012-06-19,6,LNT,PNW,14.5784,30.4532,0.932,0.0,0,0.0,0.0,0.0,HOLD_CASH
2012-06-20,6,LNT,PNW,14.4661,30.0945,0.932,0.0,0,0.0,0.0,0.0,HOLD_CASH
2012-06-21,6,LNT,PNW,14.3154,29.8711,0.932,0.0,0,0.0,0.0,0.0,HOLD_CASH
2012-06-22,6,LNT,PNW,14.4244,29.7242,0.932,0.0,0,0.0,0.0,0.0,HOLD_CASH
2012-06-25,6,LNT,PNW,14.309,29.7712,0.932,0.0,0,0.0,0.0,0.0,HOLD_CASH
2012-06-26,6,LNT,PNW,14.3058,29.7888,0.932,0.0,0,0.0,0.0,0.0,HOLD_CASH
2012-06-27,6,LNT,PNW,14.4052,30.1239,0.932,0.0,0,0.0,0.0,0.0,HOLD_CASH
2012-06-28,6,LNT,PNW,14.5271,30.2297,0.932,0.0,0,0.0,0.0,0.0,HOLD_CASH
2012-06-29,6,LNT,PNW,14.6136,30.4179,0.932,0.0,0,0.0,0.0,0.0,HOLD_CASH
2012-07-02,6,LNT,PNW,14.8317,30.7177,0.932,1.606,0,0.0,0.0,0.0,HOLD_CASH
2012-07-03,6,LNT,PNW,14.7291,30.6472,0.932,0.5476,0,0.0,0.0,0.0,HOLD_CASH
2012-07-05,6,LNT,PNW,14.6425,30.5766,0.932,-0.4694,0,0.0,0.0,0.0,HOLD_CASH
2012-07-06,6,LNT,PNW,14.6104,30.6177,0.932,-1.2914,0,0.0,0.0,0.0,HOLD_CASH
2012-07-09,6,LNT,PNW,14.5752,30.6001,0.932,-1.576,0,0.0,0.0,0.0,HOLD_CASH
2012-07-10,6,LNT,PNW,14.5591,30.6824,0.932,-2.0475,1,0.0,-0.0833,-0.0833,ENTER_LONG_A
2012-07-11,6,LNT,PNW,14.6457,30.6472,0.932,-0.5037,1,0.3027,-0.0833,0.2194,HOLDING
2012-07-12,6,LNT,PNW,14.6714,30.6942,0.932,-0.3915,1,0.3171,-0.0833,0.2338,HOLDING
2012-07-13,6,LNT,PNW,14.96,31.188,0.932,0.5269,1,0.5252,-0.0833,0.4418,HOLDING
2012-07-16,6,LNT,PNW,14.9472,31.0822,0.932,0.9336,1,0.6258,-0.0833,0.5425,HOLDING
2012-07-17,6,LNT,PNW,15.0273,31.3232,0.932,0.5179,1,0.5475,-0.0833,0.4642,HOLDING
2012-07-18,6,LNT,PNW,15.1556,31.3409,0.932,1.9021,1,0.9044,-0.0833,0.8211,HOLDING
2012-07-19,6,LNT,PNW,15.146,31.335,0.932,1.6052,1,0.8836,-0.0833,0.8003,HOLDING
2012-07-20,6,LNT,PNW,15.2326,31.6054,0.932,1.0747,1,0.7858,-0.0833,0.7025,HOLDING
2012-07-23,6,LNT,PNW,15.0562,31.288,0.932,0.7644,1,0.6792,-0.0833,0.5959,HOLDING
2012-07-24,6,LNT,PNW,14.8926,31.0763,0.932,-0.0909,1,0.472,-0.0833,0.3886,HOLDING
2012-07-25,6,LNT,PNW,14.8125,30.9646,0.932,-0.457,1,0.3808,-0.0833,0.2975,HOLDING
2012-07-26,6,LNT,PNW,15.0658,31.4349,0.932,0.0352,1,0.5152,-0.0833,0.4318,HOLDING
2012-07-27,6,LNT,PNW,15.1986,31.9346,0.932,-1.0013,1,0.2538,-0.0833,0.1704,HOLDING
2012-07-30,6,LNT,PNW,15.2989,32.0385,0.932,-0.3231,1,0.415,-0.0833,0.3316,HOLDING
2012-07-31,6,LNT,PNW,15.1241,31.7833,0.932,-0.9653,1,0.2314,-0.0833,0.1481,HOLDING
2012-08-01,6,LNT,PNW,15.0431,31.7002,0.932,-1.3471,1,0.1005,-0.0833,0.0172,HOLDING
2012-08-02,6,LNT,PNW,15.0755,31.5992,0.932,-0.4232,1,0.3286,-0.0833,0.2453,HOLDING
2012-08-03,6,LNT,PNW,15.2018,32.1098,0.932,-1.4749,1,0.0339,-0.0833,-0.0495,HOLDING
2012-08-06,6,LNT,PNW,15.1468,32.0623,0.932,-1.707,1,-0.067,-0.0833,-0.1503,HOLDING
2012-08-07,6,LNT,PNW,14.9752,31.6883,0.932,-1.7214,1,-0.0854,-0.0833,-0.1687,HOLDING
2012-08-08,6,LNT,PNW,14.9525,31.6823,0.932,-1.7005,1,-0.1447,-0.0833,-0.2281,HOLDING
2012-08-09,6,LNT,PNW,14.878,31.6705,0.932,-1.9924,1,-0.3498,-0.0833,-0.4331,HOLDING
2012-08-10,6,LNT,PNW,14.9169,31.712,0.932,-1.5895,1,-0.2892,-0.0833,-0.3725,HOLDING
2012-08-13,6,LNT,PNW,14.8715,31.5696,0.932,-1.3007,1,-0.2368,-0.0833,-0.3201,HOLDING
2012-08-14,6,LNT,PNW,14.9525,31.617,0.932,-0.7615,1,-0.0592,-0.0833,-0.1425,HOLDING
2012-08-15,6,LNT,PNW,14.9816,31.617,0.932,-0.4638,1,0.0271,-0.0833,-0.0562,HOLDING
2012-08-16,6,LNT,PNW,14.9104,31.6645,0.932,-1.1538,1,-0.2461,-0.0833,-0.3295,HOLDING
2012-08-17,6,LNT,PNW,14.891,31.344,0.932,0.0429,1,0.1164,-0.0833,0.033,HOLDING
2012-08-20,6,LNT,PNW,14.8197,31.2668,0.932,-0.2445,1,0.0064,-0.0833,-0.0769,HOLDING
2012-08-21,6,LNT,PNW,14.7647,31.2134,0.932,-0.5277,1,-0.0867,-0.0833,-0.17,HOLDING
2012-08-22,6,LNT,PNW,14.6805,31.0531,0.932,-0.6162,1,-0.1261,-0.0833,-0.2094,HOLDING
2012-08-23,6,LNT,PNW,14.4474,30.5663,0.932,-0.8017,1,-0.179,-0.0833,-0.2623,HOLDING
2012-08-24,6,LNT,PNW,14.4506,30.7029,0.932,-1.4681,1,-0.3483,-0.0833,-0.4316,HOLDING
2012-08-27,6,LNT,PNW,14.4668,30.685,0.932,-1.0751,1,-0.2769,-0.0833,-0.3603,HOLDING
2012-08-28,6,LNT,PNW,14.4118,30.6376,0.932,-1.4939,1,-0.3778,-0.0833,-0.4611,HOLDING
2012-08-29,6,LNT,PNW,14.3794,30.685,0.932,-2.0154,1,-0.536,-0.0833,-0.6193,HOLDING
2012-08-30,6,LNT,PNW,14.3276,30.5841,0.932,-2.0179,1,-0.5572,-0.0833,-0.6406,HOLDING
2012-08-31,6,LNT,PNW,14.2725,30.4951,0.932,-1.9501,1,-0.6036,-0.0833,-0.6869,HOLDING
2012-09-04,6,LNT,PNW,14.3794,30.9878,0.932,-2.6531,1,-0.9326,-0.0833,-1.016,HOLDING
2012-09-05,6,LNT,PNW,14.36,30.7978,0.932,-1.6581,1,-0.7413,-0.0833,-0.8246,HOLDING
2012-09-06,6,LNT,PNW,14.6773,31.2015,0.932,-0.0758,1,-0.3301,-0.0833,-0.4134,HOLDING
2012-09-07,6,LNT,PNW,14.5057,31.1125,0.932,-1.388,1,-0.7218,-0.0833,-0.8052,HOLDING
2012-09-10,6,LNT,PNW,14.4927,31.1125,0.932,-1.3645,1,-0.7602,-0.0833,-0.8436,HOLDING
2012-09-11,6,LNT,PNW,14.4539,31.0946,0.932,-1.479,1,-0.852,-0.0833,-0.9353,HOLDING
2012-09-12,6,LNT,PNW,14.3308,31.0293,0.932,-2.0017,1,-1.131,-0.0833,-1.2143,HOLDING
2012-09-13,6,LNT,PNW,14.4539,31.8545,0.932,-2.869,1,-1.8475,-0.0833,-1.9309,HOLDING
2012-09-14,6,LNT,PNW,14.3082,31.7892,0.932,-2.6919,1,-2.1937,-0.0833,-2.277,HOLDING
2012-09-17,6,LNT,PNW,14.1786,31.3084,0.932,-1.977,1,-1.9474,-0.0833,-2.0307,HOLDING
2012-09-18,6,LNT,PNW,14.1463,30.8988,0.932,-1.1619,1,-1.5066,-0.0833,-1.59,HOLDING
2012-09-19,6,LNT,PNW,14.1495,31.0887,0.932,-1.3835,1,-1.7459,-0.0833,-1.8293,HOLDING
2012-09-20,6,LNT,PNW,14.1106,31.1184,0.932,-1.4594,1,-1.8999,-0.0833,-1.9832,HOLDING
2012-09-21,6,LNT,PNW,13.9779,31.2015,0.932,-1.9376,1,-2.4021,-0.0833,-2.4854,HOLDING
2012-09-24,6,LNT,PNW,14.1722,31.7002,0.932,-1.739,1,-2.4799,-0.0833,-2.5632,HOLDING
2012-09-25,6,LNT,PNW,14.1365,31.5755,0.932,-1.4936,1,-2.4221,-0.0833,-2.5054,HOLDING
2012-09-26,6,LNT,PNW,14.1981,31.7476,0.932,-1.3802,1,-2.4654,-0.0833,-2.5487,HOLDING
2012-09-27,6,LNT,PNW,14.0006,31.249,0.932,-1.2081,1,-2.3972,-0.0833,-2.4805,HOLDING
2012-09-28,6,LNT,PNW,14.0491,31.344,0.932,-1.0641,1,-2.3777,-0.0833,-2.4611,HOLDING
2012-10-01,6,LNT,PNW,13.9876,31.1599,0.932,-0.9093,1,-2.3189,-0.0833,-2.4022,HOLDING
2012-10-02,6,LNT,PNW,14.0815,31.2549,0.932,-0.6103,1,-2.1651,-0.0833,-2.2485,HOLDING
2012-10-03,6,LNT,PNW,14.3017,31.5221,0.932,-0.086,1,-1.8628,-0.0833,-1.9462,HOLDING
2012-10-04,6,LNT,PNW,14.415,31.6408,0.932,0.3334,1,-1.6827,-0.0833,-1.766,HOLDING
2012-10-05,6,LNT,PNW,14.2952,31.6111,0.932,-0.1162,1,-1.9987,-0.0833,-2.082,HOLDING
2012-10-08,6,LNT,PNW,14.3794,31.623,0.932,0.4998,1,-1.7649,-0.0833,-1.8482,HOLDING
2012-10-09,6,LNT,PNW,14.3988,31.5636,0.932,1.0508,1,-1.6295,-0.0833,-1.7129,HOLDING
2012-10-10,6,LNT,PNW,14.3017,31.3915,0.932,1.0786,1,-1.6917,-0.0833,-1.775,HOLDING
2012-10-11,6,LNT,PNW,14.3761,31.3677,0.932,1.6711,1,-1.44,-0.0833,-1.5233,HOLDING
2012-10-12,6,LNT,PNW,14.2823,31.2905,0.932,1.0439,1,-1.6171,-0.0833,-1.7004,HOLDING
2012-10-15,6,LNT,PNW,14.428,31.4865,0.932,1.4047,1,-1.4421,-0.0833,-1.5254,HOLDING
2012-10-16,6,LNT,PNW,14.4409,31.5399,0.932,1.3056,1,-1.4737,-0.0833,-1.557,HOLDING
2012-10-17,6,LNT,PNW,14.6449,31.991,0.932,1.2961,1,-1.4605,-0.0833,-1.5438,HOLDING
2012-10-18,6,LNT,PNW,14.6676,32.1573,0.932,0.8825,1,-1.6111,-0.0833,-1.6945,HOLDING
2012-10-19,6,LNT,PNW,14.6255,31.8367,0.932,1.3986,1,-1.3158,-0.0833,-1.3992,HOLDING
2012-10-22,6,LNT,PNW,14.5445,31.8842,0.932,0.6078,1,-1.6179,-0.0833,-1.7012,HOLDING
2012-10-23,6,LNT,PNW,14.4571,31.3796,0.932,1.4209,1,-1.2157,-0.0833,-1.2991,HOLDING
2012-10-24,6,LNT,PNW,14.3535,31.3321,0.932,0.7178,1,-1.4605,-0.0833,-1.5438,HOLDING
2012-10-25,6,LNT,PNW,14.4053,31.5102,0.932,0.4439,1,-1.5403,-0.0833,-1.6237,HOLDING
2012-10-26,6,LNT,PNW,14.4053,31.3796,0.932,0.9059,1,-1.3692,-0.0833,-1.4525,HOLDING
2012-10-31,6,LNT,PNW,14.6212,31.7725,0.932,1.4058,1,-1.2444,-0.0833,-1.3277,HOLDING
2012-11-01,6,LNT,PNW,14.6637,31.7485,0.932,1.9807,1,-1.087,-0.0833,-1.1703,HOLDING
2012-11-02,6,LNT,PNW,14.4086,31.2926,0.932,1.1014,1,-1.2456,-0.0833,-1.3289,HOLDING
2012-11-05,6,LNT,PNW,14.2287,31.0707,0.932,-0.1157,1,-1.4878,-0.0833,-1.5711,HOLDING
2012-11-06,6,LNT,PNW,14.3366,30.9447,0.932,2.072,1,-1.003,-0.0833,-1.0863,HOLDING
2012-11-07,6,LNT,PNW,13.9964,30.177,0.932,1.743,1,-1.0049,-0.0833,-1.0882,HOLDING
2012-11-08,6,LNT,PNW,13.9899,30.057,0.932,2.0488,1,-0.8671,-0.0833,-0.9504,HOLDING
2012-11-09,6,LNT,PNW,14.2941,29.6071,0.932,3.8407,1,0.6236,-0.0833,0.5403,HOLDING
2012-11-12,6,LNT,PNW,14.2548,29.5591,0.932,2.72,1,0.5702,-0.0833,0.4868,HOLDING
2012-11-13,6,LNT,PNW,14.2156,29.7391,0.932,1.8346,1,0.2181,-0.0833,0.1348,HOLDING
2012-11-14,6,LNT,PNW,13.9866,29.5891,0.932,1.0095,1,-0.2637,-0.0833,-0.3471,HOLDING
2012-11-15,6,LNT,PNW,13.8623,29.4872,0.932,0.5946,1,-0.4984,-0.0833,-0.5817,HOLDING
2012-11-16,6,LNT,PNW,14.2156,29.877,0.932,1.245,1,0.0374,-0.0833,-0.046,HOLDING
2012-11-19,6,LNT,PNW,14.2123,29.7391,0.932,1.3317,1,0.2084,-0.0833,0.1251,HOLDING
2012-11-20,6,LNT,PNW,14.3431,29.7811,0.932,1.5675,1,0.541,-0.0833,0.4577,HOLDING
2012-11-21,6,LNT,PNW,14.3137,29.6791,0.932,1.4552,1,0.5874,-0.0833,0.5041,HOLDING
2012-11-23,6,LNT,PNW,14.3006,29.5591,0.932,1.4266,1,0.7058,-0.0833,0.6225,HOLDING
2012-11-26,6,LNT,PNW,14.3726,29.8591,0.932,1.089,1,0.5261,-0.0833,0.4427,HOLDING
2012-11-27,6,LNT,PNW,14.4053,29.931,0.932,0.9939,1,0.5287,-0.0833,0.4454,HOLDING
2012-11-28,6,LNT,PNW,14.4576,30.2729,0.932,0.5511,1,0.2358,-0.0833,0.1524,HOLDING
2012-11-29,6,LNT,PNW,14.5263,30.4889,0.932,0.3758,1,0.1564,-0.0833,0.073,HOLDING
2012-11-30,6,LNT,PNW,14.6604,30.8667,0.932,0.1756,1,0.0586,-0.0833,-0.0247,HOLDING
2012-12-03,6,LNT,PNW,14.5525,30.8667,0.932,-0.3687,1,-0.2612,-0.0833,-0.3445,HOLDING
2012-12-04,6,LNT,PNW,14.5002,30.8188,0.932,-0.6932,1,0.0,-0.5201,-0.5201,PERIOD_END_EXIT
2012-06-05,7,CMS,XEL,15.1331,17.9865,1.1565,0.0,0,0.0,0.0,0.0,HOLD_CASH
2012-06-06,7,CMS,XEL,15.1461,18.1519,1.1565,0.0,0,0.0,0.0,0.0,HOLD_CASH
2012-06-07,7,CMS,XEL,15.2047,18.0692,1.1565,0.0,0,0.0,0.0,0.0,HOLD_CASH
2012-06-08,7,CMS,XEL,15.3283,18.0819,1.1565,0.0,0,0.0,0.0,0.0,HOLD_CASH
2012-06-11,7,CMS,XEL,15.2763,18.171,1.1565,0.0,0,0.0,0.0,0.0,HOLD_CASH
2012-06-12,7,CMS,XEL,15.2372,18.0819,1.1565,0.0,0,0.0,0.0,0.0,HOLD_CASH
2012-06-13,7,CMS,XEL,15.2763,18.101,1.1565,0.0,0,0.0,0.0,0.0,HOLD_CASH
2012-06-14,7,CMS,XEL,15.3934,18.2855,1.1565,0.0,0,0.0,0.0,0.0,HOLD_CASH
2012-06-15,7,CMS,XEL,15.4454,18.3618,1.1565,0.0,0,0.0,0.0,0.0,HOLD_CASH
2012-06-18,7,CMS,XEL,15.53,18.4572,1.1565,0.0,0,0.0,0.0,0.0,HOLD_CASH
2012-06-19,7,CMS,XEL,15.4519,18.393,1.1565,0.0,0,0.0,0.0,0.0,HOLD_CASH
2012-06-20,7,CMS,XEL,15.2893,18.072,1.1565,0.0,0,0.0,0.0,0.0,HOLD_CASH
2012-06-21,7,CMS,XEL,15.1396,17.8794,1.1565,0.0,0,0.0,0.0,0.0,HOLD_CASH
2012-06-22,7,CMS,XEL,15.1201,17.8922,1.1565,0.0,0,0.0,0.0,0.0,HOLD_CASH
2012-06-25,7,CMS,XEL,15.042,17.8794,1.1565,0.0,0,0.0,0.0,0.0,HOLD_CASH
2012-06-26,7,CMS,XEL,15.0681,17.8345,1.1565,0.0,0,0.0,0.0,0.0,HOLD_CASH
2012-06-27,7,CMS,XEL,15.1852,17.995,1.1565,0.0,0,0.0,0.0,0.0,HOLD_CASH
2012-06-28,7,CMS,XEL,15.1787,18.0142,1.1565,0.0,0,0.0,0.0,0.0,HOLD_CASH
2012-06-29,7,CMS,XEL,15.2893,18.2389,1.1565,0.0,0,0.0,0.0,0.0,HOLD_CASH
2012-07-02,7,CMS,XEL,15.3478,18.4444,1.1565,-2.5604,1,0.0,-0.0833,-0.0833,ENTER_LONG_A
2012-07-03,7,CMS,XEL,15.3804,18.4379,1.1565,-1.8125,1,0.0975,-0.0833,0.0141,HOLDING
2012-07-05,7,CMS,XEL,15.3608,18.3866,1.1565,-1.4788,1,0.1728,-0.0833,0.0894,HOLDING
2012-07-06,7,CMS,XEL,15.4064,18.3545,1.1565,-0.6413,1,0.3652,-0.0833,0.2819,HOLDING
2012-07-09,7,CMS,XEL,15.3608,18.393,1.1565,-1.3418,1,0.1572,-0.0833,0.0739,HOLDING
2012-07-10,7,CMS,XEL,15.4194,18.3866,1.1565,-0.643,1,0.3202,-0.0833,0.2369,HOLDING
2012-07-11,7,CMS,XEL,15.4259,18.4893,1.1565,-1.3972,1,0.0877,-0.0833,0.0044,HOLDING
2012-07-12,7,CMS,XEL,15.491,18.4636,1.1565,-0.4819,1,0.3137,-0.0833,0.2304,HOLDING
2012-07-13,7,CMS,XEL,15.8228,18.5471,1.1565,1.6655,1,0.9469,-0.0833,0.8636,HOLDING
2012-07-16,7,CMS,XEL,15.7968,18.5406,1.1565,1.3451,1,0.897,-0.0833,0.8136,HOLDING
2012-07-17,7,CMS,XEL,15.8878,18.6434,1.1565,1.1466,1,0.8774,-0.0833,0.7941,HOLDING
2012-07-18,7,CMS,XEL,15.9464,18.7204,1.1565,0.922,1,0.8382,-0.0833,0.7548,HOLDING
2012-07-19,7,CMS,XEL,15.8943,18.6369,1.1565,1.1134,1,0.9094,-0.0833,0.826,HOLDING
2012-07-20,7,CMS,XEL,15.9659,18.7461,1.1565,0.8595,1,0.8251,-0.0833,0.7418,HOLDING
2012-07-23,7,CMS,XEL,15.8683,18.5663,1.1565,1.381,1,1.0149,-0.0833,0.9316,HOLDING
2012-07-24,7,CMS,XEL,15.6927,18.4379,1.1565,0.9548,1,0.8838,-0.0833,0.8004,HOLDING
2012-07-25,7,CMS,XEL,15.6406,18.4122,1.1565,0.7559,1,0.8149,-0.0833,0.7316,HOLDING
2012-07-26,7,CMS,XEL,15.9594,18.7011,1.1565,0.9532,1,0.9176,-0.0833,0.8343,HOLDING
2012-07-27,7,CMS,XEL,16.1351,18.9066,1.1565,0.726,1,0.8621,-0.0833,0.7788,HOLDING
2012-07-30,7,CMS,XEL,16.1416,18.99,1.1565,0.1705,1,0.6763,-0.0833,0.593,HOLDING
2012-07-31,7,CMS,XEL,16.044,18.8103,1.1565,0.6442,1,0.8661,-0.0833,0.7828,HOLDING
2012-08-01,7,CMS,XEL,15.8797,18.7718,1.1565,-0.3989,1,0.5459,-0.0833,0.4626,HOLDING
2012-08-02,7,CMS,XEL,15.722,18.5856,1.1565,-0.2892,1,0.6,-0.0833,0.5167,HOLDING
2012-08-03,7,CMS,XEL,15.8929,18.8231,1.1565,-0.8532,1,0.4545,-0.0833,0.3712,HOLDING
2012-08-06,7,CMS,XEL,15.8797,18.7974,1.1565,-0.8776,1,0.4837,-0.0833,0.4003,HOLDING
2012-08-07,7,CMS,XEL,15.6892,18.5856,1.1565,-0.7915,1,0.5173,-0.0833,0.434,HOLDING
2012-08-08,7,CMS,XEL,15.6958,18.5342,1.1565,-0.4058,1,0.6583,-0.0833,0.5749,HOLDING
2012-08-09,7,CMS,XEL,15.5841,18.4444,1.1565,-0.8869,1,0.5948,-0.0833,0.5115,HOLDING
2012-08-10,7,CMS,XEL,15.6958,18.5278,1.1565,-0.3848,1,0.6738,-0.0833,0.5905,HOLDING
2012-08-13,7,CMS,XEL,15.6104,18.4572,1.1565,-0.5591,1,0.6299,-0.0833,0.5466,HOLDING
2012-08-14,7,CMS,XEL,15.5841,18.47,1.1565,-1.0404,1,0.5326,-0.0833,0.4493,HOLDING
2012-08-15,7,CMS,XEL,15.4395,18.3737,1.1565,-1.586,1,0.402,-0.0833,0.3187,HOLDING
2012-08-16,7,CMS,XEL,15.3936,18.3416,1.1565,-1.5937,1,0.364,-0.0833,0.2807,HOLDING
2012-08-17,7,CMS,XEL,15.3607,18.2903,1.1565,-1.2182,1,0.4057,-0.0833,0.3224,HOLDING
2012-08-20,7,CMS,XEL,15.3804,18.2838,1.1565,-0.801,1,0.4709,-0.0833,0.3876,HOLDING
2012-08-21,7,CMS,XEL,15.1899,18.149,1.1565,-1.5493,1,0.3178,-0.0833,0.2345,HOLDING
2012-08-22,7,CMS,XEL,15.1307,18.0913,1.1565,-1.4422,1,0.309,-0.0833,0.2256,HOLDING
2012-08-23,7,CMS,XEL,14.9139,17.751,1.1565,0.4397,1,0.5875,-0.0833,0.5042,HOLDING
2012-08-24,7,CMS,XEL,15.0191,17.9308,1.1565,-0.7086,1,0.4167,-0.0833,0.3333,HOLDING
2012-08-27,7,CMS,XEL,15.0585,17.9564,1.1565,-0.3663,1,0.4537,-0.0833,0.3704,HOLDING
2012-08-28,7,CMS,XEL,15.0913,17.9436,1.1565,0.7656,1,0.5675,-0.0833,0.4842,HOLDING
2012-08-29,7,CMS,XEL,15.1439,17.9436,1.1565,1.7701,1,0.6998,-0.0833,0.6165,HOLDING
2012-08-30,7,CMS,XEL,15.0716,17.873,1.1565,1.5549,1,0.689,-0.0833,0.6056,HOLDING
2012-08-31,7,CMS,XEL,15.157,17.9051,1.1565,2.1759,1,0.8263,-0.0833,0.7429,HOLDING
2012-09-04,7,CMS,XEL,15.2753,18.0271,1.1565,1.8357,1,0.8285,-0.0833,0.7451,HOLDING
2012-09-05,7,CMS,XEL,15.2096,17.995,1.1565,1.162,1,0.7408,-0.0833,0.6575,HOLDING
2012-09-06,7,CMS,XEL,15.3738,18.194,1.1565,0.6815,1,0.6721,-0.0833,0.5888,HOLDING
2012-09-07,7,CMS,XEL,15.3344,18.0399,1.1565,2.011,1,0.9462,-0.0833,0.8629,HOLDING
2012-09-10,7,CMS,XEL,15.3607,18.0463,1.1565,1.9542,1,0.9968,-0.0833,0.9135,HOLDING
2012-09-11,7,CMS,XEL,15.295,17.9821,1.1565,1.6838,1,0.987,-0.0833,0.9036,HOLDING
2012-09-12,7,CMS,XEL,15.249,17.9308,1.1565,1.5258,1,0.9956,-0.0833,0.9123,HOLDING
2012-09-13,7,CMS,XEL,15.4264,18.1876,1.1565,0.6705,1,0.8201,-0.0833,0.7367,HOLDING
2012-09-14,7,CMS,XEL,15.2359,18.0656,1.1565,-0.1478,1,0.6359,-0.0833,0.5525,HOLDING
2012-09-17,7,CMS,XEL,15.0716,17.8794,1.1565,-0.0165,1,0.6734,-0.0833,0.5901,HOLDING
2012-09-18,7,CMS,XEL,15.1702,17.7951,1.1565,1.8102,1,1.1258,-0.0833,1.0424,HOLDING
2012-09-19,7,CMS,XEL,15.1439,17.7757,1.1565,1.5837,1,1.1067,-0.0833,1.0234,HOLDING
2012-09-20,7,CMS,XEL,15.1242,17.7822,1.1565,1.2229,1,1.0414,-0.0833,0.958,HOLDING
2012-09-21,7,CMS,XEL,15.203,17.7108,1.1565,2.3779,1,1.4127,-0.0833,1.3293,HOLDING
2012-09-24,7,CMS,XEL,15.3936,17.8859,1.1565,2.1777,1,1.4683,-0.0833,1.385,HOLDING
2012-09-25,7,CMS,XEL,15.3476,17.9248,1.1565,1.2798,1,1.2582,-0.0833,1.1749,HOLDING
2012-09-26,7,CMS,XEL,15.4921,17.9896,1.1565,1.7953,1,1.4651,-0.0833,1.3818,HOLDING
2012-09-27,7,CMS,XEL,15.3607,17.7951,1.1565,1.9963,1,1.6055,-0.0833,1.5221,HOLDING
2012-09-28,7,CMS,XEL,15.4724,17.9637,1.1565,1.3681,1,1.4783,-0.0833,1.3949,HOLDING
2012-10-01,7,CMS,XEL,15.3936,17.8081,1.1565,1.7201,1,1.6568,-0.0833,1.5734,HOLDING
2012-10-02,7,CMS,XEL,15.4855,17.9248,1.1565,1.367,1,1.6056,-0.0833,1.5223,HOLDING
2012-10-03,7,CMS,XEL,15.5315,18.0415,1.1565,0.773,1,1.4387,-0.0833,1.3553,HOLDING
2012-10-04,7,CMS,XEL,15.6695,18.1322,1.1565,1.0286,1,1.5662,-0.0833,1.4828,HOLDING
2012-10-05,7,CMS,XEL,15.6498,18.1128,1.1565,0.9289,1,1.5636,-0.0833,1.4803,HOLDING
2012-10-08,7,CMS,XEL,15.6564,18.1193,1.1565,0.8417,1,1.5645,-0.0833,1.4812,HOLDING
2012-10-09,7,CMS,XEL,15.6761,18.048,1.1565,1.365,1,1.7869,-0.0833,1.7036,HOLDING
2012-10-10,7,CMS,XEL,15.5907,17.9637,1.1565,1.2219,1,1.776,-0.0833,1.6927,HOLDING
2012-10-11,7,CMS,XEL,15.6826,17.9702,1.1565,1.6537,1,1.9919,-0.0833,1.9086,HOLDING
2012-10-12,7,CMS,XEL,15.5512,17.9053,1.1565,1.1468,1,1.8182,-0.0833,1.7348,HOLDING
2012-10-15,7,CMS,XEL,15.6432,17.9831,1.1565,1.2892,1,1.8613,-0.0833,1.7779,HOLDING
2012-10-16,7,CMS,XEL,15.6629,18.0415,1.1565,0.8262,1,1.7695,-0.0833,1.6862,HOLDING
2012-10-17,7,CMS,XEL,15.8797,18.2878,1.1565,0.4354,1,1.7185,-0.0833,1.6352,HOLDING
2012-10-18,7,CMS,XEL,15.9783,18.3267,1.1565,1.1023,1,1.8724,-0.0833,1.7891,HOLDING
2012-10-19,7,CMS,XEL,15.9651,18.1776,1.1565,2.3603,1,2.2006,-0.0833,2.1173,HOLDING
2012-10-22,7,CMS,XEL,15.8994,18.1517,1.1565,1.6625,1,2.098,-0.0833,2.0147,HOLDING
2012-10-23,7,CMS,XEL,15.7483,18.0804,1.1565,0.7309,1,1.8903,-0.0833,1.807,HOLDING
2012-10-24,7,CMS,XEL,15.6892,17.9248,1.1565,1.6982,1,2.1184,-0.0833,2.0351,HOLDING
2012-10-25,7,CMS,XEL,15.906,18.1711,1.1565,1.1851,1,2.0674,-0.0833,1.9841,HOLDING
2012-10-26,7,CMS,XEL,15.9126,18.1452,1.1565,1.4058,1,2.1468,-0.0833,2.0634,HOLDING
2012-10-31,7,CMS,XEL,16.1382,18.3137,1.1565,1.7353,1,2.3064,-0.0833,2.2231,HOLDING
2012-11-01,7,CMS,XEL,16.0586,18.2359,1.1565,1.5303,1,2.2945,-0.0833,2.2111,HOLDING
2012-11-02,7,CMS,XEL,15.9126,18.0868,1.1565,1.4687,1,2.2882,-0.0833,2.2048,HOLDING
2012-11-05,7,CMS,XEL,15.6538,17.8275,1.1565,1.3846,1,2.2649,-0.0833,2.1815,HOLDING
2012-11-06,7,CMS,XEL,15.6936,17.8211,1.1565,1.7001,1,2.3808,-0.0833,2.2975,HOLDING
2012-11-07,7,CMS,XEL,15.3618,17.4775,1.1565,1.7353,1,2.3779,-0.0833,2.2946,HOLDING
2012-11-08,7,CMS,XEL,15.3154,17.3608,1.1565,2.1174,1,2.5437,-0.0833,2.4604,HOLDING
2012-11-09,7,CMS,XEL,15.2623,17.1793,1.1565,2.6294,1,2.8499,-0.0833,2.7665,HOLDING
2012-11-12,7,CMS,XEL,15.1229,16.9264,1.1565,2.6753,1,3.1116,-0.0833,3.0283,HOLDING
2012-11-13,7,CMS,XEL,15.249,17.0172,1.1565,2.3151,1,3.2092,-0.0833,3.1258,HOLDING
2012-11-14,7,CMS,XEL,15.2026,17.0885,1.1565,1.464,1,2.9194,-0.0833,2.8361,HOLDING
2012-11-15,7,CMS,XEL,15.1229,16.8746,1.1565,1.9067,1,3.2373,-0.0833,3.1539,HOLDING
2012-11-16,7,CMS,XEL,15.4083,17.0302,1.1565,2.1292,1,3.5787,-0.0833,3.4954,HOLDING
2012-11-19,7,CMS,XEL,15.4348,16.9459,1.1565,2.1934,1,3.8498,-0.0833,3.7664,HOLDING
2012-11-20,7,CMS,XEL,15.5874,16.9264,1.1565,2.3059,1,4.2811,-0.0833,4.1978,HOLDING
2012-11-21,7,CMS,XEL,15.6007,16.9394,1.1565,1.9499,1,4.2831,-0.0833,4.1998,HOLDING
2012-11-23,7,CMS,XEL,15.6073,16.8681,1.1565,1.899,1,4.4726,-0.0833,4.3893,HOLDING
2012-11-26,7,CMS,XEL,15.813,17.0561,1.1565,1.6713,1,4.5351,-0.0833,4.4517,HOLDING
2012-11-27,7,CMS,XEL,15.8927,17.1468,1.1565,1.4521,1,4.5156,-0.0833,4.4323,HOLDING
2012-11-28,7,CMS,XEL,15.9789,17.1987,1.1565,1.3771,1,4.6072,-0.0833,4.5239,HOLDING
2012-11-29,7,CMS,XEL,16.0785,17.3219,1.1565,1.1709,1,4.5594,-0.0833,4.4761,HOLDING
2012-11-30,7,CMS,XEL,16.2112,17.5358,1.1565,0.8383,1,4.3751,-0.0833,4.2918,HOLDING
2012-12-03,7,CMS,XEL,16.1249,17.4645,1.1565,0.7326,1,4.3308,-0.0833,4.2474,HOLDING
2012-12-04,7,CMS,XEL,16.178,17.3349,1.1565,1.1666,1,0.0,4.6125,4.6125,PERIOD_END_EXIT
2012-06-05,8,VTR,WELL,35.7353,31.3659,0.8972,0.0,0,0.0,0.0,0.0,HOLD_CASH
2012-06-06,8,VTR,WELL,36.4834,31.9237,0.8972,0.0,0,0.0,0.0,0.0,HOLD_CASH
2012-06-07,8,VTR,WELL,36.3629,31.7454,0.8972,0.0,0,0.0,0.0,0.0,HOLD_CASH
2012-06-08,8,VTR,WELL,36.9525,32.1825,0.8972,0.0,0,0.0,0.0,0.0,HOLD_CASH
2012-06-11,8,VTR,WELL,36.5785,31.6707,0.8972,0.0,0,0.0,0.0,0.0,HOLD_CASH
2012-06-12,8,VTR,WELL,36.8638,31.8662,0.8972,0.0,0,0.0,0.0,0.0,HOLD_CASH
2012-06-13,8,VTR,WELL,36.8257,32.102,0.8972,0.0,0,0.0,0.0,0.0,HOLD_CASH
2012-06-14,8,VTR,WELL,37.5991,32.5448,0.8972,0.0,0,0.0,0.0,0.0,HOLD_CASH
2012-06-15,8,VTR,WELL,38.1126,32.6656,0.8972,0.0,0,0.0,0.0,0.0,HOLD_CASH
2012-06-18,8,VTR,WELL,38.6958,33.1372,0.8972,0.0,0,0.0,0.0,0.0,HOLD_CASH
2012-06-19,8,VTR,WELL,38.7719,32.9531,0.8972,0.0,0,0.0,0.0,0.0,HOLD_CASH
2012-06-20,8,VTR,WELL,38.8353,32.7806,0.8972,0.0,0,0.0,0.0,0.0,HOLD_CASH
2012-06-21,8,VTR,WELL,38.4296,32.4471,0.8972,0.0,0,0.0,0.0,0.0,HOLD_CASH
2012-06-22,8,VTR,WELL,38.2775,32.4931,0.8972,0.0,0,0.0,0.0,0.0,HOLD_CASH
2012-06-25,8,VTR,WELL,38.2648,32.4068,0.8972,0.0,0,0.0,0.0,0.0,HOLD_CASH
2012-06-26,8,VTR,WELL,38.5564,32.4356,0.8972,0.0,0,0.0,0.0,0.0,HOLD_CASH
2012-06-27,8,VTR,WELL,38.6642,32.5448,0.8972,0.0,0,0.0,0.0,0.0,HOLD_CASH
2012-06-28,8,VTR,WELL,39.2094,33.0107,0.8972,0.0,0,0.0,0.0,0.0,HOLD_CASH
2012-06-29,8,VTR,WELL,40.0145,33.5282,0.8972,0.0,0,0.0,0.0,0.0,HOLD_CASH
2012-07-02,8,VTR,WELL,40.1603,33.9711,0.8972,0.9642,0,0.0,0.0,0.0,HOLD_CASH
2012-07-03,8,VTR,WELL,40.4772,34.0343,0.8972,1.2284,0,0.0,0.0,0.0,HOLD_CASH
2012-07-05,8,VTR,WELL,40.0588,33.649,0.8972,1.1223,0,0.0,0.0,0.0,HOLD_CASH
2012-07-06,8,VTR,WELL,40.211,33.9366,0.8972,0.8022,0,0.0,0.0,0.0,HOLD_CASH
2012-07-09,8,VTR,WELL,40.5089,34.2011,0.8972,0.7572,0,0.0,0.0,0.0,HOLD_CASH
2012-07-10,8,VTR,WELL,39.894,33.7295,0.8972,0.471,0,0.0,0.0,0.0,HOLD_CASH
2012-07-11,8,VTR,WELL,40.1729,34.0171,0.8972,0.3391,0,0.0,0.0,0.0,HOLD_CASH
2012-07-12,8,VTR,WELL,40.2364,34.2529,0.8972,-0.2656,0,0.0,0.0,0.0,HOLD_CASH
2012-07-13,8,VTR,WELL,40.8766,34.8567,0.8972,-0.5016,0,0.0,0.0,0.0,HOLD_CASH
2012-07-16,8,VTR,WELL,41.0224,35.0523,0.8972,-0.9305,0,0.0,0.0,0.0,HOLD_CASH
2012-07-17,8,VTR,WELL,41.7832,35.3916,0.8972,0.7471,0,0.0,0.0,0.0,HOLD_CASH
2012-07-18,8,VTR,WELL,41.6817,34.9947,0.8972,2.026,-1,0.0,-0.0833,-0.0833,ENTER_SHORT_A
2012-07-19,8,VTR,WELL,41.5423,34.9372,0.8972,1.4675,-1,0.0822,-0.0833,-0.0011,HOLDING
2012-07-20,8,VTR,WELL,41.4535,34.7762,0.8972,1.6051,-1,-0.0056,-0.0833,-0.089,HOLDING
2012-07-23,8,VTR,WELL,41.3204,34.9947,0.8972,-0.0085,-1,0.3808,-0.0833,0.2974,HOLDING
2012-07-24,8,VTR,WELL,41.3965,34.9947,0.8972,0.261,-1,0.3006,-0.0833,0.2173,HOLDING
2012-07-25,8,VTR,WELL,41.4408,35.0062,0.8972,0.3785,-1,0.2668,-0.0833,0.1835,HOLDING
2012-07-26,8,VTR,WELL,41.6627,35.1098,0.8972,0.836,-1,0.1496,-0.0833,0.0662,HOLDING
2012-07-27,8,VTR,WELL,42.341,35.5583,0.8972,1.5572,-1,-0.0601,-0.0833,-0.1434,HOLDING
2012-07-30,8,VTR,WELL,42.6834,35.7941,0.8972,1.7589,-1,-0.1553,-0.0833,-0.2386,HOLDING
2012-07-31,8,VTR,WELL,42.6326,35.7884,0.8972,1.4035,-1,-0.1083,-0.0833,-0.1917,HOLDING
2012-08-01,8,VTR,WELL,42.3537,35.6101,0.8972,1.0006,-1,-0.0152,-0.0833,-0.0985,HOLDING
2012-08-02,8,VTR,WELL,42.6136,35.7654,0.8972,1.2402,-1,-0.1142,-0.0833,-0.1975,HOLDING
2012-08-03,8,VTR,WELL,42.5059,35.6199,0.8972,1.2656,-1,-0.1645,-0.0833,-0.2478,HOLDING
2012-08-06,8,VTR,WELL,42.3601,35.2707,0.8972,1.7624,-1,-0.4041,-0.0833,-0.4874,HOLDING
2012-08-07,8,VTR,WELL,41.5106,34.4616,0.8972,1.6093,-1,-0.42,-0.0833,-0.5033,HOLDING
2012-08-08,8,VTR,WELL,40.5596,34.386,0.8972,-1.0562,-1,0.4969,-0.0833,0.4136,HOLDING
2012-08-09,8,VTR,WELL,40.3758,34.7992,0.8972,-2.5282,-1,1.156,-0.0833,1.0726,HOLDING
2012-08-10,8,VTR,WELL,40.4392,34.7236,0.8972,-1.9654,-1,1.004,-0.0833,0.9206,HOLDING
2012-08-13,8,VTR,WELL,40.3314,34.6304,0.8972,-1.8612,-1,1.0127,-0.0833,0.9293,HOLDING
2012-08-14,8,VTR,WELL,40.3695,34.6304,0.8972,-1.5803,-1,0.9726,-0.0833,0.8892,HOLDING
2012-08-15,8,VTR,WELL,40.547,34.6945,0.8972,-1.2005,-1,0.8576,-0.0833,0.7743,HOLDING
2012-08-16,8,VTR,WELL,40.7562,35.0204,0.8972,-1.326,-1,1.0042,-0.0833,0.9209,HOLDING
2012-08-17,8,VTR,WELL,40.5596,34.8923,0.8972,-1.3,-1,1.0671,-0.0833,0.9838,HOLDING
2012-08-20,8,VTR,WELL,40.5596,34.8516,0.8972,-1.1161,-1,1.0212,-0.0833,0.9379,HOLDING
2012-08-21,8,VTR,WELL,40.604,34.7759,0.8972,-0.8139,-1,0.8893,-0.0833,0.8059,HOLDING
2012-08-22,8,VTR,WELL,40.7689,33.8389,0.8972,1.2419,-1,-0.3397,-0.0833,-0.423,HOLDING
2012-08-23,8,VTR,WELL,40.4075,33.3034,0.8972,1.4818,-1,-0.5619,-0.0833,-0.6453,HOLDING
2012-08-24,8,VTR,WELL,40.6674,33.8389,0.8972,0.9169,-1,-0.2328,-0.0833,-0.3161,HOLDING
2012-08-27,8,VTR,WELL,40.8766,33.9727,0.8972,1.0006,-1,-0.3025,-0.0833,-0.3858,HOLDING
2012-08-28,8,VTR,WELL,41.1048,33.8854,0.8972,1.4185,-1,-0.6413,-0.0833,-0.7246,HOLDING
2012-08-29,8,VTR,WELL,41.1556,33.9145,0.8972,1.3376,-1,-0.662,-0.0833,-0.7453,HOLDING
2012-08-30,8,VTR,WELL,41.314,33.9378,0.8972,1.4128,-1,-0.8028,-0.0833,-0.8861,HOLDING
2012-08-31,8,VTR,WELL,41.5169,34.0135,0.8972,1.4495,-1,-0.9314,-0.0833,-1.0147,HOLDING
2012-09-04,8,VTR,WELL,42.0494,34.3336,0.8972,1.5536,-1,-1.132,-0.0833,-1.2154,HOLDING
2012-09-05,8,VTR,WELL,41.9924,34.2579,0.8972,1.4677,-1,-1.1571,-0.0833,-1.2404,HOLDING
2012-09-06,8,VTR,WELL,42.1825,34.4558,0.8972,1.2861,-1,-1.1347,-0.0833,-1.218,HOLDING
2012-09-07,8,VTR,WELL,41.6194,34.1415,0.8972,0.9423,-1,-0.8952,-0.0833,-0.9785,HOLDING
2012-09-10,8,VTR,WELL,41.1011,33.7574,0.8972,0.7451,-1,-0.7815,-0.0833,-0.8649,HOLDING
2012-09-11,8,VTR,WELL,41.4083,34.0193,0.8972,0.6912,-1,-0.8103,-0.0833,-0.8936,HOLDING
2012-09-12,8,VTR,WELL,41.5298,34.0077,0.8972,0.7758,-1,-0.9515,-0.0833,-1.0349,HOLDING
2012-09-13,8,VTR,WELL,41.8242,34.5489,0.8972,0.321,-1,-0.6522,-0.0833,-0.7355,HOLDING
2012-09-14,8,VTR,WELL,41.6386,34.0484,0.8972,0.7435,-1,-1.0203,-0.0833,-1.1036,HOLDING
2012-09-17,8,VTR,WELL,41.7282,33.8796,0.8972,1.1203,-1,-1.3048,-0.0833,-1.3881,HOLDING
2012-09-18,8,VTR,WELL,40.346,32.9949,0.8972,0.3356,-1,-0.8445,-0.0833,-0.9278,HOLDING
2012-09-19,8,VTR,WELL,40.4932,33.3209,0.8972,-0.4912,-1,-0.6325,-0.0833,-0.7159,HOLDING
2012-09-20,8,VTR,WELL,40.25,33.3325,0.8972,-1.4585,-1,-0.3632,-0.0833,-0.4465,HOLDING
2012-09-21,8,VTR,WELL,40.0901,33.6061,0.8972,-2.5021,-1,0.1134,-0.0833,0.0301,HOLDING
2012-09-24,8,VTR,WELL,40.2756,33.7748,0.8972,-2.2203,-1,0.108,-0.0833,0.0246,HOLDING
2012-09-25,8,VTR,WELL,39.7189,33.251,0.8972,-1.9793,-1,0.1048,-0.0833,0.0214,HOLDING
2012-09-26,8,VTR,WELL,39.8277,33.5711,0.8972,-2.135,-1,0.3506,-0.0833,0.2673,HOLDING
2012-09-27,8,VTR,WELL,39.6357,33.577,0.8972,-2.1252,-1,0.5595,-0.0833,0.4761,HOLDING
2012-09-28,8,VTR,WELL,39.8341,33.6061,0.8972,-1.5749,-1,0.3832,-0.0833,0.2999,HOLDING
2012-10-01,8,VTR,WELL,39.5589,33.4722,0.8972,-1.5899,-1,0.5224,-0.0833,0.4391,HOLDING
2012-10-02,8,VTR,WELL,40.1541,34.1124,0.8972,-1.5304,-1,0.6163,-0.0833,0.5329,HOLDING
2012-10-03,8,VTR,WELL,40.0645,34.6362,0.8972,-2.1387,-1,1.3006,-0.0833,1.2172,HOLDING
2012-10-04,8,VTR,WELL,40.0901,34.677,0.8972,-1.8648,-1,1.3195,-0.0833,1.2361,HOLDING
2012-10-05,8,VTR,WELL,40.4228,34.7061,0.8972,-1.3022,-1,1.0016,-0.0833,0.9183,HOLDING
2012-10-08,8,VTR,WELL,40.378,34.7177,0.8972,-1.2372,-1,1.0619,-0.0833,0.9785,HOLDING
2012-10-09,8,VTR,WELL,40.3844,34.6828,0.8972,-1.0686,-1,1.0158,-0.0833,0.9325,HOLDING
2012-10-10,8,VTR,WELL,40.9091,34.6304,0.8972,-0.2534,-1,0.4039,-0.0833,0.3205,HOLDING
2012-10-11,8,VTR,WELL,40.7364,34.5664,0.8972,-0.3308,-1,0.5139,-0.0833,0.4305,HOLDING
2012-10-12,8,VTR,WELL,40.6596,34.3627,0.8972,-0.0513,-1,0.3654,-0.0833,0.282,HOLDING
2012-10-15,8,VTR,WELL,41.1523,34.7468,0.8972,0.2249,-1,0.2787,-0.0833,0.1954,HOLDING
2012-10-16,8,VTR,WELL,41.4083,34.904,0.8972,0.5457,-1,0.186,-0.0833,0.1026,HOLDING
2012-10-17,8,VTR,WELL,40.8835,34.5198,0.8972,0.4635,-1,0.3063,-0.0833,0.223,HOLDING
2012-10-18,8,VTR,WELL,41.4019,35.2299,0.8972,0.0141,-1,0.5597,-0.0833,0.4764,HOLDING
2012-10-19,8,VTR,WELL,41.2995,34.7876,0.8972,1.0166,-1,0.1695,-0.0833,0.0862,HOLDING
2012-10-22,8,VTR,WELL,41.2803,34.8225,0.8972,0.8939,-1,0.2291,-0.0833,0.1458,HOLDING
2012-10-23,8,VTR,WELL,40.6212,34.3394,0.8972,0.5424,-1,0.3796,-0.0833,0.2963,HOLDING
2012-10-24,8,VTR,WELL,40.6916,34.2812,0.8972,0.9002,-1,0.2399,-0.0833,0.1566,HOLDING
2012-10-25,8,VTR,WELL,40.3268,34.1939,0.8972,0.1097,-1,0.526,-0.0833,0.4426,HOLDING
2012-10-26,8,VTR,WELL,40.3396,33.9087,0.8972,0.9777,-1,0.1913,-0.0833,0.108,HOLDING
2012-10-31,8,VTR,WELL,40.4868,34.5897,0.8972,-0.605,-1,0.8031,-0.0833,0.7197,HOLDING
2012-11-01,8,VTR,WELL,40.6212,34.5548,0.8972,-0.127,-1,0.6221,-0.0833,0.5388,HOLDING
2012-11-02,8,VTR,WELL,41.0755,34.8318,0.8972,0.2342,-1,0.4553,-0.0833,0.372,HOLDING
2012-11-05,8,VTR,WELL,40.4612,34.3897,0.8972,-0.3938,-1,0.6049,-0.0833,0.5215,HOLDING
2012-11-06,8,VTR,WELL,40.8963,34.5783,0.8972,0.406,-1,0.3587,-0.0833,0.2754,HOLDING
2012-11-07,8,VTR,WELL,41.0307,34.9202,0.8972,-0.7116,-1,0.6021,-0.0833,0.5187,HOLDING
2012-11-08,8,VTR,WELL,40.5892,34.5666,0.8972,-1.3485,-1,0.6691,-0.0833,0.5858,HOLDING
2012-11-09,8,VTR,WELL,40.7556,34.5607,0.8972,-0.3268,-1,0.4872,-0.0833,0.4038,HOLDING
2012-11-12,8,VTR,WELL,40.8195,34.7375,0.8972,-0.9833,-1,0.6188,-0.0833,0.5355,HOLDING
2012-11-13,8,VTR,WELL,40.9219,34.9909,0.8972,-1.6565,-1,0.7963,-0.0833,0.713,HOLDING
2012-11-14,8,VTR,WELL,40.4484,34.6667,0.8972,-1.9816,-1,0.9303,-0.0833,0.847,HOLDING
2012-11-15,8,VTR,WELL,40.2564,34.6432,0.8972,-2.2842,-1,1.1061,-0.0833,1.0227,HOLDING
2012-11-16,8,VTR,WELL,40.8323,35.1029,0.8972,-1.6421,-1,1.0169,-0.0833,0.9335,HOLDING
2012-11-19,8,VTR,WELL,41.2867,35.4094,0.8972,-1.027,-1,0.8832,-0.0833,0.7999,HOLDING
2012-11-20,8,VTR,WELL,41.4083,35.6274,0.8972,-1.3032,-1,1.0006,-0.0833,0.9173,HOLDING
2012-11-21,8,VTR,WELL,41.1587,35.2856,0.8972,-0.8076,-1,0.8787,-0.0833,0.7954,HOLDING
2012-11-23,8,VTR,WELL,41.6322,35.5154,0.8972,0.1752,-1,0.6385,-0.0833,0.5552,HOLDING
2012-11-26,8,VTR,WELL,41.6962,35.3209,0.8972,1.3456,-1,0.3521,-0.0833,0.2687,HOLDING
2012-11-27,8,VTR,WELL,40.9923,34.9438,0.8972,0.066,-1,0.6691,-0.0833,0.5857,HOLDING
2012-11-28,8,VTR,WELL,40.8323,34.8023,0.8972,0.1335,-1,0.6784,-0.0833,0.595,HOLDING
2012-11-29,8,VTR,WELL,40.6852,34.7787,0.8972,-0.4754,-1,0.8069,-0.0833,0.7236,HOLDING
2012-11-30,8,VTR,WELL,40.73,34.708,0.8972,0.1316,-1,0.6801,-0.0833,0.5967,HOLDING
2012-12-03,8,VTR,WELL,41.0435,34.9379,0.8972,0.5406,-1,0.6085,-0.0833,0.5251,HOLDING
2012-12-04,8,VTR,WELL,41.2803,34.9261,0.8972,1.6284,-1,0.0,0.1796,0.1796,PERIOD_END_EXIT
2012-06-05,9,ED,SO,36.1834,25.6057,0.8518,0.0,0,0.0,0.0,0.0,HOLD_CASH
2012-06-06,9,ED,SO,36.6137,26.1109,0.8518,0.0,0,0.0,0.0,0.0,HOLD_CASH
2012-06-07,9,ED,SO,36.8527,26.2608,0.8518,0.0,0,0.0,0.0,0.0,HOLD_CASH
2012-06-08,9,ED,SO,37.1934,26.3052,0.8518,0.0,0,0.0,0.0,0.0,HOLD_CASH
2012-06-11,9,ED,SO,36.9184,26.2774,0.8518,0.0,0,0.0,0.0,0.0,HOLD_CASH
2012-06-12,9,ED,SO,37.1575,26.2663,0.8518,0.0,0,0.0,0.0,0.0,HOLD_CASH
2012-06-13,9,ED,SO,37.2591,26.3441,0.8518,0.0,0,0.0,0.0,0.0,HOLD_CASH
2012-06-14,9,ED,SO,37.3965,26.4385,0.8518,0.0,0,0.0,0.0,0.0,HOLD_CASH
2012-06-15,9,ED,SO,37.7073,26.6494,0.8518,0.0,0,0.0,0.0,0.0,HOLD_CASH
2012-06-18,9,ED,SO,37.9343,26.8104,0.8518,0.0,0,0.0,0.0,0.0,HOLD_CASH
2012-06-19,9,ED,SO,37.522,26.4829,0.8518,0.0,0,0.0,0.0,0.0,HOLD_CASH
2012-06-20,9,ED,SO,36.7511,25.961,0.8518,0.0,0,0.0,0.0,0.0,HOLD_CASH
2012-06-21,9,ED,SO,36.6197,25.7944,0.8518,0.0,0,0.0,0.0,0.0,HOLD_CASH
2012-06-22,9,ED,SO,36.7511,25.8444,0.8518,0.0,0,0.0,0.0,0.0,HOLD_CASH
2012-06-25,9,ED,SO,36.5958,25.6778,0.8518,0.0,0,0.0,0.0,0.0,HOLD_CASH
2012-06-26,9,ED,SO,36.6018,25.7278,0.8518,0.0,0,0.0,0.0,0.0,HOLD_CASH
2012-06-27,9,ED,SO,36.9543,25.8721,0.8518,0.0,0,0.0,0.0,0.0,HOLD_CASH
2012-06-28,9,ED,SO,37.0918,25.9055,0.8518,0.0,0,0.0,0.0,0.0,HOLD_CASH
2012-06-29,9,ED,SO,37.1635,25.7056,0.8518,0.0,0,0.0,0.0,0.0,HOLD_CASH
2012-07-02,9,ED,SO,37.4802,25.9332,0.8518,2.3079,-1,0.0,-0.0833,-0.0833,ENTER_SHORT_A
2012-07-03,9,ED,SO,37.3906,25.8111,0.8518,2.0976,-1,-0.073,-0.0833,-0.1563,HOLDING
2012-07-05,9,ED,SO,37.1037,25.7889,0.8518,1.1657,-1,0.2386,-0.0833,0.1553,HOLDING
2012-07-06,9,ED,SO,37.1336,25.8388,0.8518,0.9745,-1,0.2766,-0.0833,0.1933,HOLDING
2012-07-09,9,ED,SO,37.2531,25.9998,0.8518,0.6355,-1,0.3711,-0.0833,0.2878,HOLDING
2012-07-10,9,ED,SO,37.3666,26.0609,0.8518,0.6974,-1,0.325,-0.0833,0.2417,HOLDING
2012-07-11,9,ED,SO,37.5758,26.1997,0.8518,0.7622,-1,0.2791,-0.0833,0.1957,HOLDING
2012-07-12,9,ED,SO,37.5698,26.2053,0.8518,0.638,-1,0.2945,-0.0833,0.2111,HOLDING
2012-07-13,9,ED,SO,37.8985,26.4329,0.8518,0.7504,-1,0.2363,-0.0833,0.153,HOLDING
2012-07-16,9,ED,SO,37.7312,26.4162,0.8518,0.1169,-1,0.4126,-0.0833,0.3293,HOLDING
2012-07-17,9,ED,SO,37.8925,26.4829,0.8518,0.3786,-1,0.3173,-0.0833,0.234,HOLDING
2012-07-18,9,ED,SO,37.9463,26.5439,0.8518,0.2292,-1,0.343,-0.0833,0.2597,HOLDING
2012-07-19,9,ED,SO,37.8626,26.4829,0.8518,0.095,-1,0.3532,-0.0833,0.2699,HOLDING
2012-07-20,9,ED,SO,38.1076,26.5217,0.8518,0.9705,-1,0.1165,-0.0833,0.0331,HOLDING
2012-07-23,9,ED,SO,37.9822,26.444,0.8518,0.7428,-1,0.1523,-0.0833,0.0689,HOLDING
2012-07-24,9,ED,SO,37.9941,26.1553,0.8518,2.387,-1,-0.2888,-0.0833,-0.3721,HOLDING
2012-07-25,9,ED,SO,37.9343,26.3163,0.8518,0.9984,-1,0.0209,-0.0833,-0.0624,HOLDING
2012-07-26,9,ED,SO,38.4961,26.6938,0.8518,1.4483,-1,-0.0955,-0.0833,-0.1788,HOLDING
2012-07-27,9,ED,SO,38.7829,26.8826,0.8518,1.5792,-1,-0.1609,-0.0833,-0.2442,HOLDING
2012-07-30,9,ED,SO,38.8068,26.8326,0.8518,1.8218,-1,-0.2634,-0.0833,-0.3468,HOLDING
2012-07-31,9,ED,SO,38.5439,26.7327,0.8518,1.0377,-1,-0.0954,-0.0833,-0.1788,HOLDING
2012-08-01,9,ED,SO,38.514,26.5883,0.8518,1.6656,-1,-0.2729,-0.0833,-0.3563,HOLDING
2012-08-02,9,ED,SO,38.3945,26.4145,0.8518,1.8232,-1,-0.3865,-0.0833,-0.4698,HOLDING
2012-08-03,9,ED,SO,38.6395,26.5603,0.8518,1.8081,-1,-0.4651,-0.0833,-0.5484,HOLDING
2012-08-06,9,ED,SO,38.5737,26.5827,0.8518,1.2818,-1,-0.353,-0.0833,-0.4363,HOLDING
2012-08-07,9,ED,SO,38.4244,26.4425,0.8518,1.2415,-1,-0.3809,-0.0833,-0.4642,HOLDING
2012-08-08,9,ED,SO,38.1794,26.3247,0.8518,0.759,-1,-0.2608,-0.0833,-0.3442,HOLDING
2012-08-09,9,ED,SO,38.0001,26.2574,0.8518,0.3,-1,-0.1451,-0.0833,-0.2284,HOLDING
2012-08-10,9,ED,SO,38.1674,26.3191,0.8518,0.6126,-1,-0.2548,-0.0833,-0.3381,HOLDING
2012-08-13,9,ED,SO,38.1825,26.2406,0.8518,1.0211,-1,-0.389,-0.0833,-0.4723,HOLDING
2012-08-14,9,ED,SO,38.1282,26.1396,0.8518,1.2498,-1,-0.473,-0.0833,-0.5563,HOLDING
2012-08-15,9,ED,SO,37.8145,26.0218,0.8518,0.3536,-1,-0.2705,-0.0833,-0.3538,HOLDING
2012-08-16,9,ED,SO,37.2836,25.8423,0.8518,-1.6418,-1,0.1017,-0.0833,0.0183,HOLDING
2012-08-17,9,ED,SO,37.2112,25.8479,0.8518,-2.0396,-1,0.1969,-0.0833,0.1135,HOLDING
2012-08-20,9,ED,SO,37.3801,25.7862,0.8518,-0.6453,-1,-0.0972,-0.0833,-0.1805,HOLDING
2012-08-21,9,ED,SO,37.0362,25.7021,0.8518,-1.9119,-1,0.1914,-0.0833,0.108,HOLDING
2012-08-22,9,ED,SO,37.1689,25.8535,0.8518,-1.9835,-1,0.2559,-0.0833,0.1725,HOLDING
2012-08-23,9,ED,SO,36.7949,25.5674,0.8518,-1.8353,-1,0.2821,-0.0833,0.1988,HOLDING
2012-08-24,9,ED,SO,37.0543,25.7357,0.8518,-1.4057,-1,0.2194,-0.0833,0.136,HOLDING
2012-08-27,9,ED,SO,36.9457,25.8199,0.8518,-2.0076,-1,0.4741,-0.0833,0.3908,HOLDING
2012-08-28,9,ED,SO,36.9216,25.674,0.8518,-1.2364,-1,0.2875,-0.0833,0.2042,HOLDING
2012-08-29,9,ED,SO,36.6682,25.5338,0.8518,-1.3919,-1,0.3845,-0.0833,0.3011,HOLDING
2012-08-30,9,ED,SO,36.6562,25.4553,0.8518,-0.9649,-1,0.2829,-0.0833,0.1995,HOLDING
2012-08-31,9,ED,SO,36.5717,25.4272,0.8518,-1.0582,-1,0.3428,-0.0833,0.2595,HOLDING
2012-09-04,9,ED,SO,36.7285,25.5057,0.8518,-0.7348,-1,0.2706,-0.0833,0.1872,HOLDING
2012-09-05,9,ED,SO,36.3967,25.4497,0.8518,-1.6223,-1,0.5861,-0.0833,0.5027,HOLDING
2012-09-06,9,ED,SO,36.8371,25.8423,0.8518,-1.5708,-1,0.6377,-0.0833,0.5543,HOLDING
2012-09-07,9,ED,SO,36.5777,25.7525,0.8518,-1.8465,-1,0.8165,-0.0833,0.7332,HOLDING
2012-09-10,9,ED,SO,36.4933,25.6291,0.8518,-1.449,-1,0.7355,-0.0833,0.6522,HOLDING
2012-09-11,9,ED,SO,36.3847,25.4777,0.8518,-1.1013,-1,0.642,-0.0833,0.5587,HOLDING
2012-09-12,9,ED,SO,36.3062,25.4216,0.8518,-1.1201,-1,0.6533,-0.0833,0.57,HOLDING
2012-09-13,9,ED,SO,36.7949,25.7582,0.8518,-0.7193,-1,0.564,-0.0833,0.4807,HOLDING
2012-09-14,9,ED,SO,36.083,25.2701,0.8518,-1.1992,-1,0.6974,-0.0833,0.6141,HOLDING
2012-09-17,9,ED,SO,35.9624,25.2028,0.8518,-1.2575,-1,0.7428,-0.0833,0.6594,HOLDING
2012-09-18,9,ED,SO,35.8839,25.2197,0.8518,-1.6899,-1,0.8618,-0.0833,0.7785,HOLDING
2012-09-19,9,ED,SO,35.8719,25.3374,0.8518,-2.143,-1,1.0504,-0.0833,0.9671,HOLDING
2012-09-20,9,ED,SO,35.8839,25.3767,0.8518,-1.9771,-1,1.094,-0.0833,1.0107,HOLDING
2012-09-21,9,ED,SO,35.6547,25.3879,0.8518,-2.4544,-1,1.3858,-0.0833,1.3025,HOLDING
2012-09-24,9,ED,SO,35.8839,25.7021,0.8518,-2.4307,-1,1.5749,-0.0833,1.4916,HOLDING
2012-09-25,9,ED,SO,35.8719,25.6572,0.8518,-1.9315,-1,1.523,-0.0833,1.4397,HOLDING
2012-09-26,9,ED,SO,36.2519,25.8647,0.8518,-1.3707,-1,1.3735,-0.0833,1.2901,HOLDING
2012-09-27,9,ED,SO,35.9443,25.7582,0.8518,-1.6759,-1,1.5854,-0.0833,1.502,HOLDING
2012-09-28,9,ED,SO,36.1313,25.8535,0.8518,-1.329,-1,1.5017,-0.0833,1.4184,HOLDING
2012-10-01,9,ED,SO,35.8839,25.6179,0.8518,-1.1245,-1,1.4505,-0.0833,1.3672,HOLDING
2012-10-02,9,ED,SO,35.9865,25.5618,0.8518,-0.5508,-1,1.2444,-0.0833,1.1611,HOLDING
2012-10-03,9,ED,SO,36.0529,25.7189,0.8518,-0.8492,-1,1.3969,-0.0833,1.3136,HOLDING
2012-10-04,9,ED,SO,36.4571,25.7862,0.8518,0.2557,-1,1.0111,-0.0833,0.9278,HOLDING
2012-10-05,9,ED,SO,36.3304,25.7862,0.8518,-0.1224,-1,1.1632,-0.0833,1.0799,HOLDING
2012-10-08,9,ED,SO,36.2821,25.8423,0.8518,-0.4491,-1,1.3041,-0.0833,1.2207,HOLDING
2012-10-09,9,ED,SO,36.1675,25.775,0.8518,-0.4948,-1,1.3422,-0.0833,1.2589,HOLDING
2012-10-10,9,ED,SO,36.2399,25.7806,0.8518,-0.1702,-1,1.2636,-0.0833,1.1803,HOLDING
2012-10-11,9,ED,SO,36.3002,25.646,0.8518,0.8962,-1,0.9922,-0.0833,0.9088,HOLDING
2012-10-12,9,ED,SO,36.0951,25.5843,0.8518,0.4328,-1,1.1472,-0.0833,1.0639,HOLDING
2012-10-15,9,ED,SO,36.0891,25.6067,0.8518,0.4092,-1,1.1876,-0.0833,1.1043,HOLDING
2012-10-16,9,ED,SO,36.083,25.7413,0.8518,-0.5023,-1,1.3939,-0.0833,1.3105,HOLDING
2012-10-17,9,ED,SO,36.5657,26.1059,0.8518,-0.1228,-1,1.3533,-0.0833,1.27,HOLDING
2012-10-18,9,ED,SO,36.638,26.2518,0.8518,-0.7324,-1,1.482,-0.0833,1.3986,HOLDING
2012-10-19,9,ED,SO,36.4812,26.162,0.8518,-1.024,-1,1.5377,-0.0833,1.4543,HOLDING
2012-10-22,9,ED,SO,36.1373,26.1115,0.8518,-2.4855,-1,1.8759,-0.0833,1.7926,HOLDING
2012-10-23,9,ED,SO,36.0167,25.9152,0.8518,-1.6685,-1,1.7306,-0.0833,1.6473,HOLDING
2012-10-24,9,ED,SO,35.9382,25.8255,0.8518,-1.3621,-1,1.6921,-0.0833,1.6087,HOLDING
2012-10-25,9,ED,SO,36.2037,25.932,0.8518,-0.6493,-1,1.5309,-0.0833,1.4476,HOLDING
2012-10-26,9,ED,SO,36.1796,25.9881,0.8518,-1.0757,-1,1.6428,-0.0833,1.5595,HOLDING
2012-10-31,9,ED,SO,36.4269,26.2742,0.8518,-1.4069,-1,1.7687,-0.0833,1.6853,HOLDING
2012-11-01,9,ED,SO,36.0348,26.0872,0.8518,-1.9031,-1,1.963,-0.0833,1.8797,HOLDING
2012-11-02,9,ED,SO,35.715,25.9454,0.8518,-2.1256,-1,2.1374,-0.0833,2.0541,HOLDING
2012-11-05,9,ED,SO,34.9911,25.2935,0.8518,-1.7382,-1,2.0431,-0.0833,1.9598,HOLDING
2012-11-06,9,ED,SO,34.8463,25.0214,0.8518,-0.9536,-1,1.8147,-0.0833,1.7314,HOLDING
2012-11-07,9,ED,SO,33.9413,24.2619,0.8518,-0.8698,-1,1.7785,-0.0833,1.6952,HOLDING
2012-11-08,9,ED,SO,34.0378,24.5226,0.8518,-1.5186,-1,2.0481,-0.0833,1.9647,HOLDING
2012-11-09,9,ED,SO,33.9921,24.3922,0.8518,-1.0006,-1,1.9102,-0.0833,1.8269,HOLDING
2012-11-12,9,ED,SO,33.614,24.1371,0.8518,-1.2213,-1,1.9872,-0.0833,1.9038,HOLDING
2012-11-13,9,ED,SO,33.6567,24.3469,0.8518,-1.8745,-1,2.2459,-0.0833,2.1626,HOLDING
2012-11-14,9,ED,SO,33.6811,24.3072,0.8518,-1.4704,-1,2.158,-0.0833,2.0746,HOLDING
2012-11-15,9,ED,SO,33.1932,24.1145,0.8518,-2.199,-1,2.4589,-0.0833,2.3755,HOLDING
2012-11-16,9,ED,SO,33.5287,24.1995,0.8518,-1.1627,-1,2.1818,-0.0833,2.0985,HOLDING
2012-11-19,9,ED,SO,33.3884,24.2448,0.8518,-1.7588,-1,2.4173,-0.0833,2.334,HOLDING
2012-11-20,9,ED,SO,33.1932,24.0521,0.8518,-1.4772,-1,2.3667,-0.0833,2.2834,HOLDING
2012-11-21,9,ED,SO,33.0591,23.9671,0.8518,-1.4342,-1,2.4021,-0.0833,2.3188,HOLDING
2012-11-23,9,ED,SO,32.992,23.8254,0.8518,-0.9409,-1,2.2732,-0.0833,2.1898,HOLDING
2012-11-26,9,ED,SO,33.4677,24.1655,0.8518,-0.571,-1,2.2048,-0.0833,2.1215,HOLDING
2012-11-27,9,ED,SO,33.4433,24.2562,0.8518,-1.0426,-1,2.3681,-0.0833,2.2848,HOLDING
2012-11-28,9,ED,SO,33.7665,24.2392,0.8518,0.6196,-1,1.9549,-0.0833,1.8716,HOLDING
2012-11-29,9,ED,SO,33.8092,24.5396,0.8518,-0.8427,-1,2.3477,-0.0833,2.2644,HOLDING
2012-11-30,9,ED,SO,34.0226,24.687,0.8518,-0.554,-1,2.3093,-0.0833,2.226,HOLDING
2012-12-03,9,ED,SO,33.7055,24.4716,0.8518,-0.8257,-1,2.3717,-0.0833,2.2883,HOLDING
2012-12-04,9,ED,SO,33.7604,24.3185,0.8518,0.4943,-1,0.0,1.9197,1.9197,PERIOD_END_EXIT
2012-06-05,10,CPT,EQR,38.1907,31.9803,1.094,0.0,0,0.0,0.0,0.0,HOLD_CASH
2012-06-06,10,CPT,EQR,38.9145,32.6737,1.094,0.0,0,0.0,0.0,0.0,HOLD_CASH
2012-06-07,10,CPT,EQR,38.6321,32.3349,1.094,0.0,0,0.0,0.0,0.0,HOLD_CASH
2012-06-08,10,CPT,EQR,39.2323,32.7637,1.094,0.0,0,0.0,0.0,0.0,HOLD_CASH
2012-06-11,10,CPT,EQR,38.2672,32.1285,1.094,0.0,0,0.0,0.0,0.0,HOLD_CASH
2012-06-12,10,CPT,EQR,38.7321,32.2714,1.094,0.0,0,0.0,0.0,0.0,HOLD_CASH
2012-06-13,10,CPT,EQR,38.5144,32.1603,1.094,0.0,0,0.0,0.0,0.0,HOLD_CASH
2012-06-14,10,CPT,EQR,39.1146,32.7743,1.094,0.0,0,0.0,0.0,0.0,HOLD_CASH
2012-06-15,10,CPT,EQR,39.4382,32.7795,1.094,0.0,0,0.0,0.0,0.0,HOLD_CASH
2012-06-18,10,CPT,EQR,39.7678,32.7795,1.094,0.0,0,0.0,0.0,0.0,HOLD_CASH
2012-06-19,10,CPT,EQR,39.4853,32.7213,1.094,0.0,0,0.0,0.0,0.0,HOLD_CASH
2012-06-20,10,CPT,EQR,39.4736,32.4009,1.094,0.0,0,0.0,0.0,0.0,HOLD_CASH
2012-06-21,10,CPT,EQR,38.9851,31.6505,1.094,0.0,0,0.0,0.0,0.0,HOLD_CASH
2012-06-22,10,CPT,EQR,38.8498,31.5813,1.094,0.0,0,0.0,0.0,0.0,HOLD_CASH
2012-06-25,10,CPT,EQR,38.7909,31.6665,1.094,0.0,0,0.0,0.0,0.0,HOLD_CASH
2012-06-26,10,CPT,EQR,38.9675,31.6771,1.094,0.0,0,0.0,0.0,0.0,HOLD_CASH
2012-06-27,10,CPT,EQR,38.8547,31.6665,1.094,0.0,0,0.0,0.0,0.0,HOLD_CASH
2012-06-28,10,CPT,EQR,39.3651,32.2146,1.094,0.0,0,0.0,0.0,0.0,HOLD_CASH
2012-06-29,10,CPT,EQR,40.1604,33.1886,1.094,0.0,0,0.0,0.0,0.0,HOLD_CASH
2012-07-02,10,CPT,EQR,40.6292,33.4973,1.094,-0.0326,0,0.0,0.0,0.0,HOLD_CASH
2012-07-03,10,CPT,EQR,40.7657,33.774,1.094,-0.5048,0,0.0,0.0,0.0,HOLD_CASH
2012-07-05,10,CPT,EQR,40.7598,33.5132,1.094,0.0891,0,0.0,0.0,0.0,HOLD_CASH
2012-07-06,10,CPT,EQR,40.7598,33.641,1.094,-0.3127,0,0.0,0.0,0.0,HOLD_CASH
2012-07-09,10,CPT,EQR,40.8903,33.7687,1.094,-0.4441,0,0.0,0.0,0.0,HOLD_CASH
2012-07-10,10,CPT,EQR,40.6114,33.2897,1.094,0.2643,0,0.0,0.0,0.0,HOLD_CASH
2012-07-11,10,CPT,EQR,40.6767,33.5452,1.094,-0.4206,0,0.0,0.0,0.0,HOLD_CASH
2012-07-12,10,CPT,EQR,41.2761,33.8698,1.094,-0.0867,0,0.0,0.0,0.0,HOLD_CASH
2012-07-13,10,CPT,EQR,41.8933,34.4659,1.094,-0.651,0,0.0,0.0,0.0,HOLD_CASH
2012-07-16,10,CPT,EQR,42.0179,34.4978,1.094,-0.4917,0,0.0,0.0,0.0,HOLD_CASH
2012-07-17,10,CPT,EQR,42.4868,34.8438,1.094,-0.4657,0,0.0,0.0,0.0,HOLD_CASH
2012-07-18,10,CPT,EQR,42.3087,34.567,1.094,0.012,0,0.0,0.0,0.0,HOLD_CASH
2012-07-19,10,CPT,EQR,42.1841,34.3488,1.094,0.4737,0,0.0,0.0,0.0,HOLD_CASH
2012-07-20,10,CPT,EQR,42.0061,34.1093,1.094,0.99,0,0.0,0.0,0.0,HOLD_CASH
2012-07-23,10,CPT,EQR,42.0773,34.0348,1.094,1.562,0,0.0,0.0,0.0,HOLD_CASH
2012-07-24,10,CPT,EQR,41.9349,33.774,1.094,2.0029,-1,0.0,-0.0833,-0.0833,ENTER_SHORT_A
2012-07-25,10,CPT,EQR,42.0476,33.79,1.094,2.0972,-1,-0.0864,-0.0833,-0.1698,HOLDING
2012-07-26,10,CPT,EQR,41.9289,33.4866,1.094,2.4115,-1,-0.3649,-0.0833,-0.4482,HOLDING
2012-07-27,10,CPT,EQR,42.101,33.5186,1.094,2.2203,-1,-0.487,-0.0833,-0.5704,HOLDING
2012-07-30,10,CPT,EQR,42.1247,33.7048,1.094,1.5491,-1,-0.2694,-0.0833,-0.3527,HOLDING
2012-07-31,10,CPT,EQR,42.3206,33.6942,1.094,1.6872,-1,-0.469,-0.0833,-0.5523,HOLDING
2012-08-01,10,CPT,EQR,41.8637,33.2631,1.094,1.6965,-1,-0.591,-0.0833,-0.6744,HOLDING
2012-08-02,10,CPT,EQR,41.9764,33.4174,1.094,1.3613,-1,-0.4991,-0.0833,-0.5824,HOLDING
2012-08-03,10,CPT,EQR,41.6678,33.3749,1.094,0.8617,-1,-0.2611,-0.0833,-0.3444,HOLDING
2012-08-06,10,CPT,EQR,41.3651,33.1833,1.094,0.7127,-1,-0.2209,-0.0833,-0.3042,HOLDING
2012-08-07,10,CPT,EQR,40.3621,32.683,1.094,0.0918,-1,0.0861,-0.0833,0.0028,HOLDING
2012-08-08,10,CPT,EQR,39.5966,32.3743,1.094,-0.6295,-1,0.4147,-0.0833,0.3314,HOLDING
2012-08-09,10,CPT,EQR,39.466,32.0656,1.094,-0.1373,-1,0.1407,-0.0833,0.0573,HOLDING
2012-08-10,10,CPT,EQR,39.7271,32.039,1.094,0.3931,-1,-0.1414,-0.0833,-0.2248,HOLDING
2012-08-13,10,CPT,EQR,39.5906,31.8048,1.094,0.7249,-1,-0.3138,-0.0833,-0.3971,HOLDING
2012-08-14,10,CPT,EQR,39.5432,31.5707,1.094,1.3178,-1,-0.5706,-0.0833,-0.6539,HOLDING
2012-08-15,10,CPT,EQR,40.107,31.6984,1.094,2.0824,-1,-0.9409,-0.0833,-1.0243,HOLDING
2012-08-16,10,CPT,EQR,40.5402,31.7995,1.094,2.3658,-1,-1.2217,-0.0833,-1.3051,HOLDING
2012-08-17,10,CPT,EQR,40.9022,32.023,1.094,2.1121,-1,-1.2772,-0.0833,-1.3605,HOLDING
2012-08-20,10,CPT,EQR,40.8903,31.9911,1.094,1.8806,-1,-1.307,-0.0833,-1.3904,HOLDING
2012-08-21,10,CPT,EQR,40.8666,32.1029,1.094,1.3609,-1,-1.1405,-0.0833,-1.2238,HOLDING
2012-08-22,10,CPT,EQR,40.9437,32.4275,1.094,0.5816,-1,-0.7952,-0.0833,-0.8785,HOLDING
2012-08-23,10,CPT,EQR,41.2464,32.6085,1.094,0.6271,-1,-0.8491,-0.0833,-0.9325,HOLDING
2012-08-24,10,CPT,EQR,41.4363,32.369,1.094,1.4386,-1,-1.3381,-0.0833,-1.4214,HOLDING
2012-08-27,10,CPT,EQR,41.4423,32.4808,1.094,1.0598,-1,-1.1997,-0.0833,-1.283,HOLDING
2012-08-28,10,CPT,EQR,41.5254,32.5287,1.094,0.9923,-1,-1.2168,-0.0833,-1.3001,HOLDING
2012-08-29,10,CPT,EQR,41.5432,32.4222,1.094,1.1577,-1,-1.3709,-0.0833,-1.4542,HOLDING
2012-08-30,10,CPT,EQR,41.3473,32.2626,1.094,1.0909,-1,-1.3908,-0.0833,-1.4742,HOLDING
2012-08-31,10,CPT,EQR,41.2049,32.1455,1.094,1.0173,-1,-1.4066,-0.0833,-1.4899,HOLDING
2012-09-04,10,CPT,EQR,41.4185,32.2519,1.094,1.0114,-1,-1.4721,-0.0833,-1.5555,HOLDING
2012-09-05,10,CPT,EQR,41.2168,32.1082,1.094,0.928,-1,-1.4659,-0.0833,-1.5492,HOLDING
2012-09-06,10,CPT,EQR,41.3414,32.3158,1.094,0.6018,-1,-1.3166,-0.0833,-1.3999,HOLDING
2012-09-07,10,CPT,EQR,41.2168,32.2306,1.094,0.5361,-1,-1.3081,-0.0833,-1.3914,HOLDING
2012-09-10,10,CPT,EQR,40.6589,31.6452,1.094,1.1937,-1,-1.5333,-0.0833,-1.6167,HOLDING
2012-09-11,10,CPT,EQR,40.5936,31.592,1.094,1.2642,-1,-1.54,-0.0833,-1.6233,HOLDING
2012-09-12,10,CPT,EQR,40.3087,31.5334,1.094,0.4538,-1,-1.3451,-0.0833,-1.4284,HOLDING
2012-09-13,10,CPT,EQR,40.6886,32.0284,1.094,-1.018,-1,-1.0675,-0.0833,-1.1509,HOLDING
2012-09-14,10,CPT,EQR,40.6826,32.055,1.094,-1.1286,-1,-1.0276,-0.0833,-1.1109,HOLDING
2012-09-17,10,CPT,EQR,40.4452,32.0603,1.094,-1.9001,-1,-0.7955,-0.0833,-0.8788,HOLDING
2012-09-18,10,CPT,EQR,40.1426,31.8102,1.094,-1.521,-1,-0.8307,-0.0833,-0.914,HOLDING
2012-09-19,10,CPT,EQR,40.0773,31.6378,1.094,-0.8154,-1,-0.9909,-0.0833,-1.0742,HOLDING
2012-09-20,10,CPT,EQR,39.3058,30.8029,1.094,0.5994,-1,-1.3351,-0.0833,-1.4184,HOLDING
2012-09-21,10,CPT,EQR,39.288,30.7386,1.094,0.8224,-1,-1.4009,-0.0833,-1.4843,HOLDING
2012-09-24,10,CPT,EQR,39.0387,30.9046,1.094,-1.1926,-1,-0.9505,-0.0833,-1.0338,HOLDING
2012-09-25,10,CPT,EQR,38.4808,30.5031,1.094,-1.1236,-1,-0.9386,-0.0833,-1.0219,HOLDING
2012-09-26,10,CPT,EQR,38.6365,30.7119,1.094,-1.5024,-1,-0.8172,-0.0833,-0.9005,HOLDING
2012-09-27,10,CPT,EQR,38.7622,30.9046,1.094,-1.7609,-1,-0.6881,-0.0833,-0.7714,HOLDING
2012-09-28,10,CPT,EQR,38.6066,30.7922,1.094,-1.5504,-1,-0.6853,-0.0833,-0.7686,HOLDING
2012-10-01,10,CPT,EQR,38.3731,30.6209,1.094,-1.3764,-1,-0.6845,-0.0833,-0.7678,HOLDING
2012-10-02,10,CPT,EQR,38.6784,30.7922,1.094,-1.0372,-1,-0.7535,-0.0833,-0.8368,HOLDING
2012-10-03,10,CPT,EQR,38.3431,30.5781,1.094,-1.0655,-1,-0.7113,-0.0833,-0.7946,HOLDING
2012-10-04,10,CPT,EQR,38.0199,30.2302,1.094,-0.4807,-1,-0.853,-0.0833,-0.9363,HOLDING
2012-10-05,10,CPT,EQR,37.984,30.4443,1.094,-1.4324,-1,-0.5429,-0.0833,-0.6262,HOLDING
2012-10-08,10,CPT,EQR,37.7804,30.1873,1.094,-0.8698,-1,-0.681,-0.0833,-0.7643,HOLDING
2012-10-09,10,CPT,EQR,37.7206,29.8876,1.094,0.5575,-1,-1.0105,-0.0833,-1.0938,HOLDING
2012-10-10,10,CPT,EQR,37.8583,30.1552,1.094,-0.3149,-1,-0.7962,-0.0833,-0.8795,HOLDING
2012-10-11,10,CPT,EQR,37.6607,30.0749,1.094,-0.6406,-1,-0.7122,-0.0833,-0.7956,HOLDING
2012-10-12,10,CPT,EQR,37.535,29.9839,1.094,-0.5824,-1,-0.7102,-0.0833,-0.7936,HOLDING
2012-10-15,10,CPT,EQR,37.9361,30.0856,1.094,0.5574,-1,-0.9598,-0.0833,-1.0431,HOLDING
2012-10-16,10,CPT,EQR,38.2952,30.1713,1.094,1.453,-1,-1.1902,-0.0833,-1.2735,HOLDING
2012-10-17,10,CPT,EQR,38.4689,30.182,1.094,1.8411,-1,-1.3412,-0.0833,-1.4245,HOLDING
2012-10-18,10,CPT,EQR,39.1513,30.7654,1.094,1.4153,-1,-1.2368,-0.0833,-1.3201,HOLDING
2012-10-19,10,CPT,EQR,39.1394,30.5781,1.094,2.2828,-1,-1.4669,-0.0833,-1.5502,HOLDING
2012-10-22,10,CPT,EQR,39.0196,30.1392,1.094,2.8917,-1,-1.919,-0.0833,-2.0023,HOLDING
2012-10-23,10,CPT,EQR,38.8101,30.1285,1.094,1.9822,-1,-1.734,-0.0833,-1.8173,HOLDING
2012-10-24,10,CPT,EQR,38.7921,30.0375,1.094,1.9025,-1,-1.8342,-0.0833,-1.9176,HOLDING
2012-10-25,10,CPT,EQR,38.7203,30.198,1.094,1.1271,-1,-1.5591,-0.0833,-1.6424,HOLDING
2012-10-26,10,CPT,EQR,38.5407,30.0054,1.094,1.1903,-1,-1.637,-0.0833,-1.7204,HOLDING
2012-10-31,10,CPT,EQR,39.289,30.7279,1.094,0.5635,-1,-1.4157,-0.0833,-1.499,HOLDING
2012-11-01,10,CPT,EQR,39.5344,31.124,1.094,-0.1303,-1,-1.1381,-0.0833,-1.2214,HOLDING
2012-11-02,10,CPT,EQR,40.2229,31.6325,1.094,-0.2231,-1,-1.136,-0.0833,-1.2193,HOLDING
2012-11-05,10,CPT,EQR,40.2109,31.3435,1.094,0.5691,-1,-1.4972,-0.0833,-1.5805,HOLDING
2012-11-06,10,CPT,EQR,40.2349,31.3595,1.094,0.4969,-1,-1.4992,-0.0833,-1.5825,HOLDING
2012-11-07,10,CPT,EQR,39.8876,31.0437,1.094,0.652,-1,-1.5768,-0.0833,-1.6601,HOLDING
2012-11-08,10,CPT,EQR,39.3129,30.5781,1.094,0.7759,-1,-1.6316,-0.0833,-1.715,HOLDING
2012-11-09,10,CPT,EQR,39.2112,30.3265,1.094,1.3109,-1,-1.8593,-0.0833,-1.9427,HOLDING
2012-11-12,10,CPT,EQR,39.283,30.1338,1.094,2.0019,-1,-2.1759,-0.0833,-2.2592,HOLDING
2012-11-13,10,CPT,EQR,38.9478,29.9518,1.094,1.7003,-1,-2.0923,-0.0833,-2.1757,HOLDING
2012-11-14,10,CPT,EQR,37.984,29.1757,1.094,1.8735,-1,-2.1781,-0.0833,-2.2614,HOLDING
2012-11-15,10,CPT,EQR,38.0319,29.0526,1.094,2.1007,-1,-2.3823,-0.0833,-2.4656,HOLDING
2012-11-16,10,CPT,EQR,38.3252,29.0687,1.094,2.2542,-1,-2.6399,-0.0833,-2.7233,HOLDING
2012-11-19,10,CPT,EQR,38.7981,29.2774,1.094,2.1767,-1,-2.8197,-0.0833,-2.903,HOLDING
2012-11-20,10,CPT,EQR,38.9418,29.2239,1.094,2.1382,-1,-3.025,-0.0833,-3.1083,HOLDING
2012-11-21,10,CPT,EQR,38.7622,28.9349,1.094,2.1059,-1,-3.2272,-0.0833,-3.3105,HOLDING
2012-11-23,10,CPT,EQR,39.0196,29.149,1.094,1.7429,-1,-3.1955,-0.0833,-3.2788,HOLDING
2012-11-26,10,CPT,EQR,38.9897,29.1329,1.094,1.5276,-1,-3.1878,-0.0833,-3.2711,HOLDING
2012-11-27,10,CPT,EQR,39.0376,29.5718,1.094,0.712,-1,-2.6674,-0.0833,-2.7508,HOLDING
2012-11-28,10,CPT,EQR,38.8281,29.5343,1.094,0.4594,-1,-2.5169,-0.0833,-2.6002,HOLDING
2012-11-29,10,CPT,EQR,39.5464,29.8394,1.094,0.728,-1,-2.8054,-0.0833,-2.8887,HOLDING
2012-11-30,10,CPT,EQR,39.3309,29.711,1.094,0.6153,-1,-2.7664,-0.0833,-2.8497,HOLDING
2012-12-03,10,CPT,EQR,39.4267,29.5504,1.094,0.9939,-1,-3.0643,-0.0833,-3.1477,HOLDING
2012-12-04,10,CPT,EQR,39.4985,29.4273,1.094,1.2562,-1,0.0,-3.4499,-3.4499,PERIOD_END_EXIT
2012-06-05,11,EVRG,LNT,17.2234,14.0717,0.8256,0.0,0,0.0,0.0,0.0,HOLD_CASH
2012-06-06,11,EVRG,LNT,17.5419,14.2513,0.8256,0.0,0,0.0,0.0,0.0,HOLD_CASH
2012-06-07,11,EVRG,LNT,17.5299,14.3314,0.8256,0.0,0,0.0,0.0,0.0,HOLD_CASH
2012-06-08,11,EVRG,LNT,17.7102,14.4052,0.8256,0.0,0,0.0,0.0,0.0,HOLD_CASH
2012-06-11,11,EVRG,LNT,17.62,14.402,0.8256,0.0,0,0.0,0.0,0.0,HOLD_CASH
2012-06-12,11,EVRG,LNT,17.6981,14.4629,0.8256,0.0,0,0.0,0.0,0.0,HOLD_CASH
2012-06-13,11,EVRG,LNT,17.7642,14.4661,0.8256,0.0,0,0.0,0.0,0.0,HOLD_CASH
2012-06-14,11,EVRG,LNT,17.8364,14.4661,0.8256,0.0,0,0.0,0.0,0.0,HOLD_CASH
2012-06-15,11,EVRG,LNT,17.9145,14.5912,0.8256,0.0,0,0.0,0.0,0.0,HOLD_CASH
2012-06-18,11,EVRG,LNT,17.9686,14.6906,0.8256,0.0,0,0.0,0.0,0.0,HOLD_CASH
2012-06-19,11,EVRG,LNT,17.9145,14.5784,0.8256,0.0,0,0.0,0.0,0.0,HOLD_CASH
2012-06-20,11,EVRG,LNT,17.8724,14.4661,0.8256,0.0,0,0.0,0.0,0.0,HOLD_CASH
2012-06-21,11,EVRG,LNT,17.6501,14.3154,0.8256,0.0,0,0.0,0.0,0.0,HOLD_CASH
2012-06-22,11,EVRG,LNT,17.6921,14.4244,0.8256,0.0,0,0.0,0.0,0.0,HOLD_CASH
2012-06-25,11,EVRG,LNT,17.6501,14.309,0.8256,0.0,0,0.0,0.0,0.0,HOLD_CASH
2012-06-26,11,EVRG,LNT,17.7402,14.3058,0.8256,0.0,0,0.0,0.0,0.0,HOLD_CASH
2012-06-27,11,EVRG,LNT,17.8304,14.4052,0.8256,0.0,0,0.0,0.0,0.0,HOLD_CASH
2012-06-28,11,EVRG,LNT,17.8965,14.5271,0.8256,0.0,0,0.0,0.0,0.0,HOLD_CASH
2012-06-29,11,EVRG,LNT,17.9986,14.6136,0.8256,0.0,0,0.0,0.0,0.0,HOLD_CASH
2012-07-02,11,EVRG,LNT,18.1849,14.8317,0.8256,0.4199,0,0.0,0.0,0.0,HOLD_CASH
2012-07-03,11,EVRG,LNT,18.245,14.7291,0.8256,2.2649,-1,0.0,-0.0833,-0.0833,ENTER_SHORT_A
2012-07-05,11,EVRG,LNT,18.1489,14.6425,0.8256,1.8462,-1,0.019,-0.0833,-0.0643,HOLDING
2012-07-06,11,EVRG,LNT,18.0828,14.6104,0.8256,1.3491,-1,0.1023,-0.0833,0.019,HOLDING
2012-07-09,11,EVRG,LNT,18.1248,14.5752,0.8256,1.9279,-1,-0.0931,-0.0833,-0.1765,HOLDING
2012-07-10,11,EVRG,LNT,18.245,14.5591,0.8256,2.662,-1,-0.4349,-0.0833,-0.5182,HOLDING
2012-07-11,11,EVRG,LNT,18.3291,14.6457,0.8256,2.1972,-1,-0.4238,-0.0833,-0.5072,HOLDING
2012-07-12,11,EVRG,LNT,18.3352,14.6714,0.8256,1.7578,-1,-0.3733,-0.0833,-0.4566,HOLDING
2012-07-13,11,EVRG,LNT,18.4133,14.96,0.8256,0.0584,-1,0.1698,-0.0833,0.0864,HOLDING
2012-07-16,11,EVRG,LNT,18.3832,14.9472,0.8256,-0.1179,-1,0.2121,-0.0833,0.1288,HOLDING
2012-07-17,11,EVRG,LNT,18.4133,15.0273,0.8256,-0.5902,-1,0.3421,-0.0833,0.2587,HOLDING
2012-07-18,11,EVRG,LNT,18.4614,15.1556,0.8256,-1.2244,-1,0.55,-0.0833,0.4666,HOLDING
2012-07-19,11,EVRG,LNT,18.4794,15.146,0.8256,-0.945,-1,0.4803,-0.0833,0.3969,HOLDING
2012-07-20,11,EVRG,LNT,18.4614,15.2326,0.8256,-1.63,-1,0.7469,-0.0833,0.6636,HOLDING
2012-07-23,11,EVRG,LNT,18.269,15.0562,0.8256,-1.666,-1,0.7768,-0.0833,0.6934,HOLDING
2012-07-24,11,EVRG,LNT,18.1909,14.8926,0.8256,-1.0011,-1,0.5537,-0.0833,0.4704,HOLDING
2012-07-25,11,EVRG,LNT,18.1489,14.8125,0.8256,-0.6734,-1,0.4539,-0.0833,0.3706,HOLDING
2012-07-26,11,EVRG,LNT,18.3832,15.0658,0.8256,-0.7697,-1,0.5157,-0.0833,0.4324,HOLDING
2012-07-27,11,EVRG,LNT,18.5755,15.1986,0.8256,-0.3671,-1,0.3743,-0.0833,0.2909,HOLDING
2012-07-30,11,EVRG,LNT,18.6116,15.2989,0.8256,-0.772,-1,0.5408,-0.0833,0.4575,HOLDING
2012-07-31,11,EVRG,LNT,18.3652,15.1241,0.8256,-1.1734,-1,0.7099,-0.0833,0.6266,HOLDING
2012-08-01,11,EVRG,LNT,18.251,15.0431,0.8256,-1.2477,-1,0.7885,-0.0833,0.7051,HOLDING
2012-08-02,11,EVRG,LNT,18.1909,15.0755,0.8256,-1.6097,-1,1.0217,-0.0833,0.9383,HOLDING
2012-08-03,11,EVRG,LNT,18.3772,15.2018,0.8256,-1.1243,-1,0.8787,-0.0833,0.7954,HOLDING
2012-08-06,11,EVRG,LNT,18.4193,15.1468,0.8256,-0.4889,-1,0.6326,-0.0833,0.5493,HOLDING
2012-08-07,11,EVRG,LNT,18.245,14.9752,0.8256,-0.4231,-1,0.6296,-0.0833,0.5462,HOLDING
2012-08-08,11,EVRG,LNT,18.203,14.9525,0.8256,-0.4935,-1,0.6768,-0.0833,0.5935,HOLDING
2012-08-09,11,EVRG,LNT,18.1368,14.878,0.8256,-0.3504,-1,0.6517,-0.0833,0.5683,HOLDING
2012-08-10,11,EVRG,LNT,18.1549,14.9169,0.8256,-0.5287,-1,0.706,-0.0833,0.6226,HOLDING
2012-08-13,11,EVRG,LNT,17.9986,14.8715,0.8256,-1.8592,-1,0.9809,-0.0833,0.8976,HOLDING
2012-08-14,11,EVRG,LNT,17.9986,14.9525,0.8256,-2.4399,-1,1.188,-0.0833,1.1047,HOLDING
2012-08-15,11,EVRG,LNT,17.8304,14.9816,0.8256,-3.1399,-1,1.6835,-0.0833,1.6002,HOLDING
2012-08-16,11,EVRG,LNT,17.7823,14.9104,0.8256,-2.3525,-1,1.6216,-0.0833,1.5382,HOLDING
2012-08-17,11,EVRG,LNT,17.7642,14.891,0.8256,-1.9674,-1,1.617,-0.0833,1.5337,HOLDING
2012-08-20,11,EVRG,LNT,17.8304,14.8197,0.8256,-0.9978,-1,1.2693,-0.0833,1.186,HOLDING
2012-08-21,11,EVRG,LNT,17.7703,14.7647,0.8256,-0.934,-1,1.2789,-0.0833,1.1955,HOLDING
2012-08-22,11,EVRG,LNT,17.7162,14.6805,0.8256,-0.6714,-1,1.1988,-0.0833,1.1154,HOLDING
2012-08-23,11,EVRG,LNT,17.4938,14.4474,0.8256,-0.5344,-1,1.1586,-0.0833,1.0752,HOLDING
2012-08-24,11,EVRG,LNT,17.5719,14.4506,0.8256,0.0439,-1,0.9714,-0.0833,0.8881,HOLDING
2012-08-27,11,EVRG,LNT,17.608,14.4668,0.8256,0.2544,-1,0.9226,-0.0833,0.8393,HOLDING
2012-08-28,11,EVRG,LNT,17.596,14.4118,0.8256,0.6066,-1,0.8119,-0.0833,0.7285,HOLDING
2012-08-29,11,EVRG,LNT,17.5779,14.3794,0.8256,0.7207,-1,0.7741,-0.0833,0.6908,HOLDING
2012-08-30,11,EVRG,LNT,17.5419,14.3276,0.8256,0.7925,-1,0.7318,-0.0833,0.6485,HOLDING
2012-08-31,11,EVRG,LNT,17.4998,14.2725,0.8256,0.8611,-1,0.6962,-0.0833,0.6129,HOLDING
2012-09-04,11,EVRG,LNT,17.7282,14.3794,0.8256,1.6381,-1,0.3982,-0.0833,0.3149,HOLDING
2012-09-05,11,EVRG,LNT,17.7282,14.36,0.8256,1.6535,-1,0.3485,-0.0833,0.2652,HOLDING
2012-09-06,11,EVRG,LNT,17.9834,14.6773,0.8256,1.1703,-1,0.5218,-0.0833,0.4385,HOLDING
2012-09-07,11,EVRG,LNT,17.868,14.5057,0.8256,1.4514,-1,0.3716,-0.0833,0.2883,HOLDING
2012-09-10,11,EVRG,LNT,17.8619,14.4927,0.8256,1.3905,-1,0.3537,-0.0833,0.2703,HOLDING
2012-09-11,11,EVRG,LNT,17.8133,14.4539,0.8256,1.2141,-1,0.3759,-0.0833,0.2926,HOLDING
2012-09-12,11,EVRG,LNT,17.7282,14.3308,0.8256,1.2918,-1,0.274,-0.0833,0.1906,HOLDING
2012-09-13,11,EVRG,LNT,17.9591,14.4539,0.8256,1.6924,-1,0.011,-0.0833,-0.0724,HOLDING
2012-09-14,11,EVRG,LNT,17.8133,14.3082,0.8256,1.5748,-1,0.0031,-0.0833,-0.0802,HOLDING
2012-09-17,11,EVRG,LNT,17.6856,14.1786,0.8256,1.5118,-1,-0.009,-0.0833,-0.0923,HOLDING
2012-09-18,11,EVRG,LNT,17.71,14.1463,0.8256,1.663,-1,-0.1526,-0.0833,-0.236,HOLDING
2012-09-19,11,EVRG,LNT,17.7525,14.1495,0.8256,1.7092,-1,-0.2507,-0.0833,-0.3341,HOLDING
2012-09-20,11,EVRG,LNT,17.795,14.1106,0.8256,1.938,-1,-0.4566,-0.0833,-0.54,HOLDING
2012-09-21,11,EVRG,LNT,17.8011,13.9779,0.8256,2.3265,-1,-0.8115,-0.0833,-0.8948,HOLDING
2012-09-24,11,EVRG,LNT,18.0685,14.1722,0.8256,2.2159,-1,-0.9835,-0.0833,-1.0668,HOLDING
2012-09-25,11,EVRG,LNT,18.0625,14.1365,0.8256,2.0214,-1,-1.0594,-0.0833,-1.1427,HOLDING
2012-09-26,11,EVRG,LNT,18.1597,14.1981,0.8256,1.87,-1,-1.1453,-0.0833,-1.2286,HOLDING
2012-09-27,11,EVRG,LNT,17.9834,14.0006,0.8256,1.7558,-1,-1.2097,-0.0833,-1.293,HOLDING
2012-09-28,11,EVRG,LNT,18.026,14.0491,0.8256,1.5383,-1,-1.1918,-0.0833,-1.2752,HOLDING
2012-10-01,11,EVRG,LNT,17.8376,13.9876,0.8256,0.9721,-1,-0.8779,-0.0833,-0.9612,HOLDING
2012-10-02,11,EVRG,LNT,17.9774,14.0815,0.8256,1.0258,-1,-0.9873,-0.0833,-1.0707,HOLDING
2012-10-03,11,EVRG,LNT,18.0564,14.3017,0.8256,0.3642,-1,-0.6217,-0.0833,-0.705,HOLDING
2012-10-04,11,EVRG,LNT,18.1779,14.415,0.8256,0.3034,-1,-0.6358,-0.0833,-0.7192,HOLDING
2012-10-05,11,EVRG,LNT,18.1232,14.2952,0.8256,0.5301,-1,-0.8055,-0.0833,-0.8888,HOLDING
2012-10-08,11,EVRG,LNT,18.1172,14.3794,0.8256,0.0219,-1,-0.5749,-0.0833,-0.6582,HOLDING
2012-10-09,11,EVRG,LNT,18.0564,14.3988,0.8256,-0.4941,-1,-0.3731,-0.0833,-0.4565,HOLDING
2012-10-10,11,EVRG,LNT,17.9227,14.3017,0.8256,-0.8077,-1,-0.2871,-0.0833,-0.3705,HOLDING
2012-10-11,11,EVRG,LNT,17.9652,14.3761,0.8256,-1.0767,-1,-0.2031,-0.0833,-0.2864,HOLDING
2012-10-12,11,EVRG,LNT,17.8133,14.2823,0.8256,-1.4467,-1,-0.0632,-0.0833,-0.1465,HOLDING
2012-10-15,11,EVRG,LNT,18.0564,14.428,0.8256,-0.9451,-1,-0.2986,-0.0833,-0.3819,HOLDING
2012-10-16,11,EVRG,LNT,18.0807,14.4409,0.8256,-0.9191,-1,-0.3263,-0.0833,-0.4096,HOLDING
2012-10-17,11,EVRG,LNT,18.2873,14.6449,0.8256,-0.9611,-1,-0.3213,-0.0833,-0.4047,HOLDING
2012-10-18,11,EVRG,LNT,18.342,14.6676,0.8256,-0.7365,-1,-0.4002,-0.0833,-0.4835,HOLDING
2012-10-19,11,EVRG,LNT,18.2752,14.6255,0.8256,-0.8139,-1,-0.3406,-0.0833,-0.424,HOLDING
2012-10-22,11,EVRG,LNT,18.0746,14.5445,0.8256,-1.4135,-1,-0.0459,-0.0833,-0.1293,HOLDING
2012-10-23,11,EVRG,LNT,17.8984,14.4571,0.8256,-1.7301,-1,0.1713,-0.0833,0.088,HOLDING
2012-10-24,11,EVRG,LNT,17.8376,14.3535,0.8256,-1.3241,-1,0.0583,-0.0833,-0.0251,HOLDING
2012-10-25,11,EVRG,LNT,17.9774,14.4053,0.8256,-0.7117,-1,-0.1589,-0.0833,-0.2422,HOLDING
2012-10-26,11,EVRG,LNT,17.947,14.4053,0.8256,-0.8762,-1,-0.0829,-0.0833,-0.1662,HOLDING
2012-10-31,11,EVRG,LNT,18.0503,14.6212,0.8256,-1.6437,-1,0.211,-0.0833,0.1277,HOLDING
2012-11-01,11,EVRG,LNT,18.2144,14.6637,0.8256,-0.6316,-1,-0.0907,-0.0833,-0.1741,HOLDING
2012-11-02,11,EVRG,LNT,17.9652,14.4086,0.8256,-0.4394,-1,-0.1201,-0.0833,-0.2035,HOLDING
2012-11-05,11,EVRG,LNT,17.6917,14.2287,0.8256,-1.2006,-1,0.1038,-0.0833,0.0205,HOLDING
2012-11-06,11,EVRG,LNT,17.7829,14.3366,0.8256,-1.3943,-1,0.1519,-0.0833,0.0686,HOLDING
2012-11-07,11,EVRG,LNT,17.4061,13.9964,0.8256,-1.6098,-1,0.2242,-0.0833,0.1409,HOLDING
2012-11-08,11,EVRG,LNT,17.4486,13.9899,0.8256,-0.9028,-1,0.1011,-0.0833,0.0177,HOLDING
2012-11-09,11,EVRG,LNT,17.2481,14.2941,0.8256,-3.6627,-1,1.3812,-0.0833,1.2979,HOLDING
2012-11-12,11,EVRG,LNT,17.1569,14.2548,0.8256,-2.8397,-1,1.5089,-0.0833,1.4255,HOLDING
2012-11-13,11,EVRG,LNT,17.1022,14.2156,0.8256,-2.3177,-1,1.5453,-0.0833,1.4619,HOLDING
2012-11-14,11,EVRG,LNT,16.9563,13.9866,0.8256,-1.7015,-1,1.3243,-0.0833,1.241,HOLDING
2012-11-15,11,EVRG,LNT,16.7254,13.8623,0.8256,-1.8301,-1,1.5841,-0.0833,1.5008,HOLDING
2012-11-16,11,EVRG,LNT,16.9563,14.2156,0.8256,-1.9308,-1,1.9102,-0.0833,1.8269,HOLDING
2012-11-19,11,EVRG,LNT,16.9503,14.2123,0.8256,-1.6975,-1,1.917,-0.0833,1.8337,HOLDING
2012-11-20,11,EVRG,LNT,16.9563,14.3431,0.8256,-1.8104,-1,2.2366,-0.0833,2.1532,HOLDING
2012-11-21,11,EVRG,LNT,16.8834,14.3137,0.8256,-1.6904,-1,2.3437,-0.0833,2.2604,HOLDING
2012-11-23,11,EVRG,LNT,16.9077,14.3006,0.8256,-1.4072,-1,2.2494,-0.0833,2.1661,HOLDING
2012-11-26,11,EVRG,LNT,16.9807,14.3726,0.8256,-1.2561,-1,2.2511,-0.0833,2.1677,HOLDING
2012-11-27,11,EVRG,LNT,17.0414,14.4053,0.8256,-1.0709,-1,2.1827,-0.0833,2.0994,HOLDING
2012-11-28,11,EVRG,LNT,17.2116,14.4576,0.8256,-0.677,-1,1.8909,-0.0833,1.8075,HOLDING
2012-11-29,11,EVRG,LNT,17.3635,14.5263,0.8256,-0.3814,-1,1.6865,-0.0833,1.6032,HOLDING
2012-11-30,11,EVRG,LNT,17.4425,14.6604,0.8256,-0.4541,-1,1.832,-0.0833,1.7486,HOLDING
2012-12-03,11,EVRG,LNT,17.3453,14.5525,0.8256,-0.3477,-1,1.7991,-0.0833,1.7157,HOLDING
2012-12-04,11,EVRG,LNT,17.3392,14.5002,0.8256,-0.1057,-1,0.0,1.5166,1.5166,PERIOD_END_EXIT
2012-06-05,12,AEP,GIS,23.5763,23.4991,0.9494,0.0,0,0.0,0.0,0.0,HOLD_CASH
2012-06-06,12,AEP,GIS,23.9156,23.5799,0.9494,0.0,0,0.0,0.0,0.0,HOLD_CASH
2012-06-07,12,AEP,GIS,23.9156,23.6358,0.9494,0.0,0,0.0,0.0,0.0,HOLD_CASH
2012-06-08,12,AEP,GIS,24.0609,23.7477,0.9494,0.0,0,0.0,0.0,0.0,HOLD_CASH
2012-06-11,12,AEP,GIS,23.9701,23.5674,0.9494,0.0,0,0.0,0.0,0.0,HOLD_CASH
2012-06-12,12,AEP,GIS,24.067,23.5861,0.9494,0.0,0,0.0,0.0,0.0,HOLD_CASH
2012-06-13,12,AEP,GIS,24.0549,23.642,0.9494,0.0,0,0.0,0.0,0.0,HOLD_CASH
2012-06-14,12,AEP,GIS,24.1336,23.6793,0.9494,0.0,0,0.0,0.0,0.0,HOLD_CASH
2012-06-15,12,AEP,GIS,24.1942,23.9094,0.9494,0.0,0,0.0,0.0,0.0,HOLD_CASH
2012-06-18,12,AEP,GIS,24.273,24.0275,0.9494,0.0,0,0.0,0.0,0.0,HOLD_CASH
2012-06-19,12,AEP,GIS,24.2427,24.1207,0.9494,0.0,0,0.0,0.0,0.0,HOLD_CASH
2012-06-20,12,AEP,GIS,24.0125,24.071,0.9494,0.0,0,0.0,0.0,0.0,HOLD_CASH
2012-06-21,12,AEP,GIS,23.6854,23.8472,0.9494,0.0,0,0.0,0.0,0.0,HOLD_CASH
2012-06-22,12,AEP,GIS,23.7762,23.8969,0.9494,0.0,0,0.0,0.0,0.0,HOLD_CASH
2012-06-25,12,AEP,GIS,23.7278,23.8907,0.9494,0.0,0,0.0,0.0,0.0,HOLD_CASH
2012-06-26,12,AEP,GIS,23.861,23.7166,0.9494,0.0,0,0.0,0.0,0.0,HOLD_CASH
2012-06-27,12,AEP,GIS,24.067,23.3436,0.9494,0.0,0,0.0,0.0,0.0,HOLD_CASH
2012-06-28,12,AEP,GIS,24.1881,23.4991,0.9494,0.0,0,0.0,0.0,0.0,HOLD_CASH
2012-06-29,12,AEP,GIS,24.17,23.9591,0.9494,0.0,0,0.0,0.0,0.0,HOLD_CASH
2012-07-02,12,AEP,GIS,24.485,24.2326,0.9494,0.0991,0,0.0,0.0,0.0,HOLD_CASH
2012-07-03,12,AEP,GIS,24.8424,24.2575,0.9494,1.2647,0,0.0,0.0,0.0,HOLD_CASH
2012-07-05,12,AEP,GIS,24.8606,24.2699,0.9494,1.1866,0,0.0,0.0,0.0,HOLD_CASH
2012-07-06,12,AEP,GIS,24.8121,24.3013,0.9494,0.8352,0,0.0,0.0,0.0,HOLD_CASH
2012-07-09,12,AEP,GIS,24.7636,24.1132,0.9494,1.2019,0,0.0,0.0,0.0,HOLD_CASH
2012-07-10,12,AEP,GIS,24.8545,24.2323,0.9494,1.043,0,0.0,0.0,0.0,HOLD_CASH
2012-07-11,12,AEP,GIS,24.903,24.5333,0.9494,0.2495,0,0.0,0.0,0.0,HOLD_CASH
2012-07-12,12,AEP,GIS,25.0423,24.3389,0.9494,1.236,0,0.0,0.0,0.0,HOLD_CASH
2012-07-13,12,AEP,GIS,25.2543,24.4768,0.9494,1.3555,0,0.0,0.0,0.0,HOLD_CASH
2012-07-16,12,AEP,GIS,25.3573,24.3075,0.9494,1.8449,0,0.0,0.0,0.0,HOLD_CASH
2012-07-17,12,AEP,GIS,25.3876,24.3577,0.9494,1.5708,0,0.0,0.0,0.0,HOLD_CASH
2012-07-18,12,AEP,GIS,25.3876,24.458,0.9494,1.1883,0,0.0,0.0,0.0,HOLD_CASH
2012-07-19,12,AEP,GIS,25.4421,24.4392,0.9494,1.2418,0,0.0,0.0,0.0,HOLD_CASH
2012-07-20,12,AEP,GIS,25.3997,24.3138,0.9494,1.3417,0,0.0,0.0,0.0,HOLD_CASH
2012-07-23,12,AEP,GIS,25.2543,23.9564,0.9494,1.7379,0,0.0,0.0,0.0,HOLD_CASH
2012-07-24,12,AEP,GIS,25.1028,23.7684,0.9494,1.7602,0,0.0,0.0,0.0,HOLD_CASH
2012-07-25,12,AEP,GIS,24.9696,23.7997,0.9494,1.1934,0,0.0,0.0,0.0,HOLD_CASH
2012-07-26,12,AEP,GIS,25.4118,23.9439,0.9494,1.8001,0,0.0,0.0,0.0,HOLD_CASH
2012-07-27,12,AEP,GIS,25.6965,24.1508,0.9494,1.7307,0,0.0,0.0,0.0,HOLD_CASH
2012-07-30,12,AEP,GIS,25.7874,24.2887,0.9494,1.4782,0,0.0,0.0,0.0,HOLD_CASH
2012-07-31,12,AEP,GIS,25.5875,24.2637,0.9494,0.9575,0,0.0,0.0,0.0,HOLD_CASH
2012-08-01,12,AEP,GIS,25.5511,24.0944,0.9494,1.1939,0,0.0,0.0,0.0,HOLD_CASH
2012-08-02,12,AEP,GIS,25.333,23.8373,0.9494,1.1817,0,0.0,0.0,0.0,HOLD_CASH
2012-08-03,12,AEP,GIS,25.648,24.1508,0.9494,1.0814,0,0.0,0.0,0.0,HOLD_CASH
2012-08-06,12,AEP,GIS,25.6783,24.132,0.9494,1.1105,0,0.0,0.0,0.0,HOLD_CASH
2012-08-07,12,AEP,GIS,25.5026,24.038,0.9494,0.7997,0,0.0,0.0,0.0,HOLD_CASH
2012-08-08,12,AEP,GIS,25.9437,24.0756,0.9494,1.9736,0,0.0,0.0,0.0,HOLD_CASH
2012-08-09,12,AEP,GIS,26.5686,24.1571,0.9494,2.8655,-1,0.0,-0.0833,-0.0833,ENTER_SHORT_A
2012-08-10,12,AEP,GIS,26.6788,24.2198,0.9494,2.4406,-1,-0.0721,-0.0833,-0.1554,HOLDING
2012-08-13,12,AEP,GIS,26.6237,24.1383,0.9494,2.0907,-1,-0.1203,-0.0833,-0.2037,HOLDING
2012-08-14,12,AEP,GIS,26.5686,24.0881,0.9494,1.8033,-1,-0.1159,-0.0833,-0.1992,HOLDING
2012-08-15,12,AEP,GIS,26.4399,24.0442,0.9494,1.4737,-1,0.0174,-0.0833,-0.0659,HOLDING
2012-08-16,12,AEP,GIS,26.4951,24.132,0.9494,1.2717,-1,0.0762,-0.0833,-0.0072,HOLDING
2012-08-17,12,AEP,GIS,26.3848,24.1383,0.9494,0.9456,-1,0.2641,-0.0833,0.1808,HOLDING
2012-08-20,12,AEP,GIS,26.4093,24.3326,0.9494,0.5172,-1,0.5512,-0.0833,0.4679,HOLDING
2012-08-21,12,AEP,GIS,26.1275,24.2198,0.9494,0.1126,-1,0.815,-0.0833,0.7317,HOLDING
2012-08-22,12,AEP,GIS,26.103,24.1132,0.9494,0.2205,-1,0.6754,-0.0833,0.592,HOLDING
2012-08-23,12,AEP,GIS,26.0969,24.0317,0.9494,0.3395,-1,0.5483,-0.0833,0.465,HOLDING
2012-08-24,12,AEP,GIS,26.2194,24.4768,0.9494,-0.4841,-1,1.099,-0.0833,1.0157,HOLDING
2012-08-27,12,AEP,GIS,26.2255,24.7088,0.9494,-1.0397,-1,1.4789,-0.0833,1.3956,HOLDING
2012-08-28,12,AEP,GIS,26.2745,24.7276,0.9494,-1.0314,-1,1.4317,-0.0833,1.3483,HOLDING
2012-08-29,12,AEP,GIS,26.3297,24.8091,0.9494,-1.1168,-1,1.4799,-0.0833,1.3966,HOLDING
2012-08-30,12,AEP,GIS,26.2194,24.6649,0.9494,-1.0426,-1,1.415,-0.0833,1.3317,HOLDING
2012-08-31,12,AEP,GIS,26.3358,24.6586,0.9494,-0.7703,-1,1.2172,-0.0833,1.1339,HOLDING
2012-09-04,12,AEP,GIS,26.4277,24.6586,0.9494,-0.5746,-1,1.0694,-0.0833,0.986,HOLDING
2012-09-05,12,AEP,GIS,26.3113,24.4455,0.9494,-0.3782,-1,0.8985,-0.0833,0.8152,HOLDING
2012-09-06,12,AEP,GIS,26.6605,24.6524,0.9494,-0.0127,-1,0.6843,-0.0833,0.6009,HOLDING
2012-09-07,12,AEP,GIS,26.6237,24.6022,0.9494,0.0883,-1,0.6592,-0.0833,0.5758,HOLDING
2012-09-10,12,AEP,GIS,26.5808,24.6336,0.9494,-0.0561,-1,0.7808,-0.0833,0.6975,HOLDING
2012-09-11,12,AEP,GIS,26.6053,24.6336,0.9494,0.1092,-1,0.7414,-0.0833,0.6581,HOLDING
2012-09-12,12,AEP,GIS,26.6482,24.6398,0.9494,0.3466,-1,0.6829,-0.0833,0.5996,HOLDING
2012-09-13,12,AEP,GIS,26.93,24.7402,0.9494,1.12,-1,0.3981,-0.0833,0.3147,HOLDING
2012-09-14,12,AEP,GIS,26.7462,24.3828,0.9494,1.8636,-1,0.0934,-0.0833,0.01,HOLDING
2012-09-17,12,AEP,GIS,26.6911,24.4267,0.9494,1.46,-1,0.2558,-0.0833,0.1725,HOLDING
2012-09-18,12,AEP,GIS,26.6605,24.6461,0.9494,0.4604,-1,0.6738,-0.0833,0.5904,HOLDING
2012-09-19,12,AEP,GIS,26.8504,25.0913,0.9494,-0.5559,-1,1.1161,-0.0833,1.0327,HOLDING
2012-09-20,12,AEP,GIS,26.9362,25.3546,0.9494,-1.1431,-1,1.4205,-0.0833,1.3371,HOLDING
2012-09-21,12,AEP,GIS,26.9606,25.2668,0.9494,-0.6413,-1,1.2336,-0.0833,1.1503,HOLDING
2012-09-24,12,AEP,GIS,27.2302,25.2229,0.9494,0.5053,-1,0.7262,-0.0833,0.6428,HOLDING
2012-09-25,12,AEP,GIS,27.1751,25.1477,0.9494,0.5147,-1,0.6885,-0.0833,0.6051,HOLDING
2012-09-26,12,AEP,GIS,27.1751,25.0474,0.9494,0.8379,-1,0.5199,-0.0833,0.4366,HOLDING
2012-09-27,12,AEP,GIS,26.8443,25.0098,0.9494,-0.4722,-1,0.989,-0.0833,0.9057,HOLDING
2012-09-28,12,AEP,GIS,26.9178,24.9847,0.9494,-0.122,-1,0.8286,-0.0833,0.7452,HOLDING
2012-10-01,12,AEP,GIS,26.8994,25.0599,0.9494,-0.6555,-1,0.9845,-0.0833,0.9012,HOLDING
2012-10-02,12,AEP,GIS,27.0587,25.154,0.9494,-0.3729,-1,0.8863,-0.0833,0.8029,HOLDING
2012-10-03,12,AEP,GIS,27.2241,25.1853,0.9494,0.2812,-1,0.6728,-0.0833,0.5895,HOLDING
2012-10-04,12,AEP,GIS,27.2363,25.2794,0.9494,-0.1397,-1,0.8111,-0.0833,0.7278,HOLDING
2012-10-05,12,AEP,GIS,27.0893,25.3173,0.9494,-1.0125,-1,1.1114,-0.0833,1.0281,HOLDING
2012-10-08,12,AEP,GIS,27.1751,25.1656,0.9494,0.2001,-1,0.7185,-0.0833,0.6352,HOLDING
2012-10-09,12,AEP,GIS,27.2179,24.9759,0.9494,1.2802,-1,0.3309,-0.0833,0.2476,HOLDING
2012-10-10,12,AEP,GIS,27.0035,25.0202,0.9494,0.0264,-1,0.7502,-0.0833,0.6669,HOLDING
2012-10-11,12,AEP,GIS,27.1016,24.9696,0.9494,0.7852,-1,0.5075,-0.0833,0.4242,HOLDING
2012-10-12,12,AEP,GIS,27.028,24.7736,0.9494,1.5442,-1,0.2966,-0.0833,0.2133,HOLDING
2012-10-15,12,AEP,GIS,27.267,24.8432,0.9494,2.2092,-1,0.029,-0.0833,-0.0543,HOLDING
2012-10-16,12,AEP,GIS,27.2976,25.096,0.9494,1.0169,-1,0.4046,-0.0833,0.3212,HOLDING
2012-10-17,12,AEP,GIS,27.5794,25.3299,0.9494,1.0898,-1,0.3441,-0.0833,0.2608,HOLDING
2012-10-18,12,AEP,GIS,27.7325,25.6017,0.9494,0.4233,-1,0.5544,-0.0833,0.471,HOLDING
2012-10-19,12,AEP,GIS,27.5549,25.2794,0.9494,1.1627,-1,0.2986,-0.0833,0.2152,HOLDING
2012-10-22,12,AEP,GIS,27.5365,25.1719,0.9494,1.4922,-1,0.1476,-0.0833,0.0643,HOLDING
2012-10-23,12,AEP,GIS,27.3343,24.9569,0.9494,1.426,-1,0.1118,-0.0833,0.0284,HOLDING
2012-10-24,12,AEP,GIS,26.8443,25.0202,0.9494,-1.2775,-1,1.0065,-0.0833,0.9232,HOLDING
2012-10-25,12,AEP,GIS,26.8994,25.2288,0.9494,-1.8806,-1,1.2683,-0.0833,1.1849,HOLDING
2012-10-26,12,AEP,GIS,26.9239,25.1908,0.9494,-1.4662,-1,1.1651,-0.0833,1.0818,HOLDING
2012-10-31,12,AEP,GIS,27.2241,25.3362,0.9494,-0.8208,-1,0.9264,-0.0833,0.8431,HOLDING
2012-11-01,12,AEP,GIS,27.1934,25.3995,0.9494,-1.1802,-1,1.0819,-0.0833,0.9985,HOLDING
2012-11-02,12,AEP,GIS,27.0954,25.1656,0.9494,-0.5535,-1,0.8467,-0.0833,0.7633,HOLDING
2012-11-05,12,AEP,GIS,26.6421,25.1403,0.9494,-2.0216,-1,1.5335,-0.0833,1.4502,HOLDING
2012-11-06,12,AEP,GIS,26.538,25.1592,0.9494,-2.1476,-1,1.733,-0.0833,1.6496,HOLDING
2012-11-07,12,AEP,GIS,26.0549,25.1087,0.9494,-2.6796,-1,2.4253,-0.0833,2.3419,HOLDING
2012-11-08,12,AEP,GIS,26.0363,24.8495,0.9494,-1.7571,-1,2.0197,-0.0833,1.9364,HOLDING
2012-11-09,12,AEP,GIS,25.8877,24.8874,0.9494,-1.8849,-1,2.3226,-0.0833,2.2393,HOLDING
2012-11-12,12,AEP,GIS,25.5594,24.78,0.9494,-1.9956,-1,2.6702,-0.0833,2.5869,HOLDING
2012-11-13,12,AEP,GIS,25.6028,24.8748,0.9494,-1.8032,-1,2.7597,-0.0833,2.6764,HOLDING
2012-11-14,12,AEP,GIS,25.5037,25.1972,0.9494,-2.154,-1,3.4608,-0.0833,3.3775,HOLDING
2012-11-15,12,AEP,GIS,25.3674,25.2035,0.9494,-2.0145,-1,3.6906,-0.0833,3.6073,HOLDING
2012-11-16,12,AEP,GIS,25.7143,25.1529,0.9494,-1.2662,-1,3.0477,-0.0833,2.9643,HOLDING
2012-11-19,12,AEP,GIS,25.6709,25.5765,0.9494,-1.6961,-1,3.829,-0.0833,3.7456,HOLDING
2012-11-20,12,AEP,GIS,25.5037,25.5512,0.9494,-1.6788,-1,4.0555,-0.0833,3.9722,HOLDING
2012-11-21,12,AEP,GIS,25.386,25.5765,0.9494,-1.6776,-1,4.2873,-0.0833,4.204,HOLDING
2012-11-23,12,AEP,GIS,25.4108,25.7724,0.9494,-1.7116,-1,4.5767,-0.0833,4.4934,HOLDING
2012-11-26,12,AEP,GIS,25.6895,25.5701,0.9494,-0.9754,-1,3.7885,-0.0833,3.7051,HOLDING
2012-11-27,12,AEP,GIS,25.6709,25.6776,0.9494,-1.032,-1,3.9989,-0.0833,3.9156,HOLDING
2012-11-28,12,AEP,GIS,25.9372,25.6966,0.9494,-0.6183,-1,3.6023,-0.0833,3.519,HOLDING
2012-11-29,12,AEP,GIS,26.123,25.7914,0.9494,-0.4097,-1,3.4626,-0.0833,3.3793,HOLDING
2012-11-30,12,AEP,GIS,26.4141,25.9115,0.9494,-0.0591,-1,3.1961,-0.0833,3.1128,HOLDING
2012-12-03,12,AEP,GIS,26.1849,25.5891,0.9494,0.2166,-1,3.0231,-0.0833,2.9398,HOLDING
2012-12-04,12,AEP,GIS,26.2283,25.6839,0.9494,0.2395,-1,0.0,2.944,2.944,PERIOD_END_EXIT
2012-06-05,13,CMS,DTE,15.1331,30.3208,1.1247,0.0,0,0.0,0.0,0.0,HOLD_CASH
2012-06-06,13,CMS,DTE,15.1461,30.6444,1.1247,0.0,0,0.0,0.0,0.0,HOLD_CASH
2012-06-07,13,CMS,DTE,15.2047,30.5542,1.1247,0.0,0,0.0,0.0,0.0,HOLD_CASH
2012-06-08,13,CMS,DTE,15.3283,30.7664,1.1247,0.0,0,0.0,0.0,0.0,HOLD_CASH
2012-06-11,13,CMS,DTE,15.2763,30.8461,1.1247,0.0,0,0.0,0.0,0.0,HOLD_CASH
2012-06-12,13,CMS,DTE,15.2372,31.1113,1.1247,0.0,0,0.0,0.0,0.0,HOLD_CASH
2012-06-13,13,CMS,DTE,15.2763,31.1803,1.1247,0.0,0,0.0,0.0,0.0,HOLD_CASH
2012-06-14,13,CMS,DTE,15.3934,31.5517,1.1247,0.0,0,0.0,0.0,0.0,HOLD_CASH
2012-06-15,13,CMS,DTE,15.4454,31.8806,1.1247,0.0,0,0.0,0.0,0.0,HOLD_CASH
2012-06-18,13,CMS,DTE,15.53,32.1153,1.1247,0.0,0,0.0,0.0,0.0,HOLD_CASH
2012-06-19,13,CMS,DTE,15.4519,31.8581,1.1247,0.0,0,0.0,0.0,0.0,HOLD_CASH
2012-06-20,13,CMS,DTE,15.2893,31.6545,1.1247,0.0,0,0.0,0.0,0.0,HOLD_CASH
2012-06-21,13,CMS,DTE,15.1396,31.333,1.1247,0.0,0,0.0,0.0,0.0,HOLD_CASH
2012-06-22,13,CMS,DTE,15.1201,31.3009,1.1247,0.0,0,0.0,0.0,0.0,HOLD_CASH
2012-06-25,13,CMS,DTE,15.042,31.1562,1.1247,0.0,0,0.0,0.0,0.0,HOLD_CASH
2012-06-26,13,CMS,DTE,15.0681,31.1669,1.1247,0.0,0,0.0,0.0,0.0,HOLD_CASH
2012-06-27,13,CMS,DTE,15.1852,31.4241,1.1247,0.0,0,0.0,0.0,0.0,HOLD_CASH
2012-06-28,13,CMS,DTE,15.1787,31.6224,1.1247,0.0,0,0.0,0.0,0.0,HOLD_CASH
2012-06-29,13,CMS,DTE,15.2893,31.7885,1.1247,0.0,0,0.0,0.0,0.0,HOLD_CASH
2012-07-02,13,CMS,DTE,15.3478,31.8152,1.1247,-0.8438,0,0.0,0.0,0.0,HOLD_CASH
2012-07-03,13,CMS,DTE,15.3804,31.9063,1.1247,-0.8549,0,0.0,0.0,0.0,HOLD_CASH
2012-07-05,13,CMS,DTE,15.3608,31.7134,1.1247,-0.3584,0,0.0,0.0,0.0,HOLD_CASH
2012-07-06,13,CMS,DTE,15.4064,31.7402,1.1247,-0.0894,0,0.0,0.0,0.0,HOLD_CASH
2012-07-09,13,CMS,DTE,15.3608,31.5956,1.1247,0.3214,0,0.0,0.0,0.0,HOLD_CASH
2012-07-10,13,CMS,DTE,15.4194,31.6063,1.1247,1.144,0,0.0,0.0,0.0,HOLD_CASH
2012-07-11,13,CMS,DTE,15.4259,31.6599,1.1247,1.0708,0,0.0,0.0,0.0,HOLD_CASH
2012-07-12,13,CMS,DTE,15.491,31.7349,1.1247,1.5935,0,0.0,0.0,0.0,HOLD_CASH
2012-07-13,13,CMS,DTE,15.8228,32.1421,1.1247,2.5529,-1,0.0,-0.0833,-0.0833,ENTER_SHORT_A
2012-07-16,13,CMS,DTE,15.7968,32.276,1.1247,1.2765,-1,0.2483,-0.0833,0.165,HOLDING
2012-07-17,13,CMS,DTE,15.8878,32.4689,1.1247,1.0073,-1,0.2873,-0.0833,0.2039,HOLDING
2012-07-18,13,CMS,DTE,15.9464,32.6082,1.1247,0.758,-1,0.3333,-0.0833,0.25,HOLDING
2012-07-19,13,CMS,DTE,15.8943,32.5118,1.1247,0.6953,-1,0.33,-0.0833,0.2466,HOLDING
2012-07-20,13,CMS,DTE,15.9659,32.6993,1.1247,0.3254,-1,0.4099,-0.0833,0.3266,HOLDING
2012-07-23,13,CMS,DTE,15.8683,32.2385,1.1247,1.7004,-1,0.0195,-0.0833,-0.0639,HOLDING
2012-07-24,13,CMS,DTE,15.6927,31.8099,1.1247,1.9414,-1,-0.1334,-0.0833,-0.2167,HOLDING
2012-07-25,13,CMS,DTE,15.6406,31.7885,1.1247,1.4074,-1,-0.0337,-0.0833,-0.1171,HOLDING
2012-07-26,13,CMS,DTE,15.9594,32.2117,1.1247,1.8064,-1,-0.2431,-0.0833,-0.3264,HOLDING
2012-07-27,13,CMS,DTE,16.1351,32.7636,1.1247,0.7436,-1,0.0789,-0.0833,-0.0044,HOLDING
2012-07-30,13,CMS,DTE,16.1416,33.0368,1.1247,-0.5533,-1,0.4378,-0.0833,0.3544,HOLDING
2012-07-31,13,CMS,DTE,16.044,32.8815,1.1247,-0.7704,-1,0.4664,-0.0833,0.3831,HOLDING
2012-08-01,13,CMS,DTE,15.8797,32.7904,1.1247,-1.9353,-1,0.7486,-0.0833,0.6652,HOLDING
2012-08-02,13,CMS,DTE,15.722,32.6511,1.1247,-2.3427,-1,0.9483,-0.0833,0.8649,HOLDING
2012-08-03,13,CMS,DTE,15.8929,33.0315,1.1247,-2.2147,-1,1.0469,-0.0833,0.9636,HOLDING
2012-08-06,13,CMS,DTE,15.8797,32.9243,1.1247,-1.6577,-1,0.9324,-0.0833,0.849,HOLDING
2012-08-07,13,CMS,DTE,15.6892,32.5761,1.1247,-1.4801,-1,0.9267,-0.0833,0.8434,HOLDING
2012-08-08,13,CMS,DTE,15.6958,32.5225,1.1247,-1.1344,-1,0.8369,-0.0833,0.7536,HOLDING
2012-08-09,13,CMS,DTE,15.5841,32.2653,1.1247,-0.8749,-1,0.7608,-0.0833,0.6775,HOLDING
2012-08-10,13,CMS,DTE,15.6958,32.4207,1.1247,-0.6288,-1,0.6972,-0.0833,0.6138,HOLDING
2012-08-13,13,CMS,DTE,15.6104,32.2599,1.1247,-0.5579,-1,0.6883,-0.0833,0.6049,HOLDING
2012-08-14,13,CMS,DTE,15.5841,32.1528,1.1247,-0.3111,-1,0.6064,-0.0833,0.5231,HOLDING
2012-08-15,13,CMS,DTE,15.4395,32.276,1.1247,-1.4856,-1,1.1338,-0.0833,1.0505,HOLDING
2012-08-16,13,CMS,DTE,15.3936,32.3564,1.1247,-1.7498,-1,1.3581,-0.0833,1.2747,HOLDING
2012-08-17,13,CMS,DTE,15.3607,32.4314,1.1247,-1.8413,-1,1.5425,-0.0833,1.4591,HOLDING
2012-08-20,13,CMS,DTE,15.3804,32.3885,1.1247,-1.4543,-1,1.4348,-0.0833,1.3514,HOLDING
2012-08-21,13,CMS,DTE,15.1899,32.0724,1.1247,-1.4365,-1,1.4732,-0.0833,1.3899,HOLDING
2012-08-22,13,CMS,DTE,15.1307,31.8742,1.1247,-1.1028,-1,1.3477,-0.0833,1.2644,HOLDING
2012-08-23,13,CMS,DTE,14.9139,31.3598,1.1247,-0.7382,-1,1.1792,-0.0833,1.0959,HOLDING
2012-08-24,13,CMS,DTE,15.0191,31.4723,1.1247,-0.363,-1,1.0731,-0.0833,0.9898,HOLDING
2012-08-27,13,CMS,DTE,15.0585,31.6009,1.1247,-0.5109,-1,1.1518,-0.0833,1.0685,HOLDING
2012-08-28,13,CMS,DTE,15.0913,31.5956,1.1247,-0.1342,-1,1.0631,-0.0833,0.9797,HOLDING
2012-08-29,13,CMS,DTE,15.1439,31.5366,1.1247,0.6533,-1,0.8519,-0.0833,0.7685,HOLDING
2012-08-30,13,CMS,DTE,15.0716,31.3866,1.1247,0.7115,-1,0.8251,-0.0833,0.7418,HOLDING
2012-08-31,13,CMS,DTE,15.157,31.2902,1.1247,1.7041,-1,0.4811,-0.0833,0.3977,HOLDING
2012-09-04,13,CMS,DTE,15.2753,31.8367,1.1247,0.2517,-1,0.938,-0.0833,0.8546,HOLDING
2012-09-05,13,CMS,DTE,15.2096,31.6652,1.1247,0.4656,-1,0.8655,-0.0833,0.7822,HOLDING
2012-09-06,13,CMS,DTE,15.3738,31.9813,1.1247,0.4262,-1,0.8922,-0.0833,0.8089,HOLDING
2012-09-07,13,CMS,DTE,15.3344,31.8742,1.1247,0.6,-1,0.8429,-0.0833,0.7596,HOLDING
2012-09-10,13,CMS,DTE,15.3607,31.8688,1.1247,0.8693,-1,0.7704,-0.0833,0.687,HOLDING
2012-09-11,13,CMS,DTE,15.295,31.9385,1.1247,0.0611,-1,1.0288,-0.0833,0.9455,HOLDING
2012-09-12,13,CMS,DTE,15.249,31.7402,1.1247,0.6851,-1,0.8707,-0.0833,0.7874,HOLDING
2012-09-13,13,CMS,DTE,15.4264,32.0922,1.1247,0.5228,-1,0.914,-0.0833,0.8307,HOLDING
2012-09-14,13,CMS,DTE,15.2359,31.8431,1.1247,-0.0523,-1,1.0445,-0.0833,0.9612,HOLDING
2012-09-17,13,CMS,DTE,15.0716,31.6861,1.1247,-0.9531,-1,1.2362,-0.0833,1.1528,HOLDING
2012-09-18,13,CMS,DTE,15.1702,31.6536,1.1247,0.1852,-1,0.9473,-0.0833,0.864,HOLDING
2012-09-19,13,CMS,DTE,15.1439,31.7078,1.1247,-0.6068,-1,1.0867,-0.0833,1.0034,HOLDING
2012-09-20,13,CMS,DTE,15.1242,31.8269,1.1247,-1.7506,-1,1.2991,-0.0833,1.2157,HOLDING
2012-09-21,13,CMS,DTE,15.203,31.8431,1.1247,-0.854,-1,1.1259,-0.0833,1.0426,HOLDING
2012-09-24,13,CMS,DTE,15.3936,32.2438,1.1247,-1.1312,-1,1.2035,-0.0833,1.1202,HOLDING
2012-09-25,13,CMS,DTE,15.3476,32.3304,1.1247,-2.0513,-1,1.4364,-0.0833,1.3531,HOLDING
2012-09-26,13,CMS,DTE,15.4921,32.4875,1.1247,-1.2412,-1,1.2937,-0.0833,1.2103,HOLDING
2012-09-27,13,CMS,DTE,15.3607,32.3575,1.1247,-1.6832,-1,1.441,-0.0833,1.3577,HOLDING
2012-09-28,13,CMS,DTE,15.4724,32.4549,1.1247,-0.9564,-1,1.2979,-0.0833,1.2146,HOLDING
2012-10-01,13,CMS,DTE,15.3936,32.2221,1.1247,-0.3997,-1,1.1738,-0.0833,1.0905,HOLDING
2012-10-02,13,CMS,DTE,15.4855,32.3792,1.1247,-0.2579,-1,1.1613,-0.0833,1.078,HOLDING
2012-10-03,13,CMS,DTE,15.5315,32.612,1.1247,-1.1285,-1,1.3669,-0.0833,1.2835,HOLDING
2012-10-04,13,CMS,DTE,15.6695,32.8015,1.1247,-0.6016,-1,1.2849,-0.0833,1.2016,HOLDING
2012-10-05,13,CMS,DTE,15.6498,32.8502,1.1247,-1.0884,-1,1.4007,-0.0833,1.3174,HOLDING
2012-10-08,13,CMS,DTE,15.6564,32.8556,1.1247,-0.9888,-1,1.3918,-0.0833,1.3085,HOLDING
2012-10-09,13,CMS,DTE,15.6761,32.8773,1.1247,-0.7844,-1,1.3727,-0.0833,1.2894,HOLDING
2012-10-10,13,CMS,DTE,15.5907,32.8069,1.1247,-1.4175,-1,1.4878,-0.0833,1.4045,HOLDING
2012-10-11,13,CMS,DTE,15.6826,32.899,1.1247,-0.6729,-1,1.3861,-0.0833,1.3028,HOLDING
2012-10-12,13,CMS,DTE,15.5512,32.6932,1.1247,-0.9741,-1,1.4295,-0.0833,1.3461,HOLDING
2012-10-15,13,CMS,DTE,15.6432,32.9098,1.1247,-1.2892,-1,1.4987,-0.0833,1.4154,HOLDING
2012-10-16,13,CMS,DTE,15.6629,32.9964,1.1247,-1.7442,-1,1.5688,-0.0833,1.4854,HOLDING
2012-10-17,13,CMS,DTE,15.8797,33.3484,1.1247,-1.0854,-1,1.5143,-0.0833,1.431,HOLDING
2012-10-18,13,CMS,DTE,15.9783,33.4025,1.1247,0.3882,-1,1.3444,-0.0833,1.261,HOLDING
2012-10-19,13,CMS,DTE,15.9651,33.2509,1.1247,1.826,-1,1.1688,-0.0833,1.0855,HOLDING
2012-10-22,13,CMS,DTE,15.8994,33.3267,1.1247,-0.3562,-1,1.4358,-0.0833,1.3524,HOLDING
2012-10-23,13,CMS,DTE,15.7483,32.8881,1.1247,1.3495,-1,1.2084,-0.0833,1.1251,HOLDING
2012-10-24,13,CMS,DTE,15.6892,33.0397,1.1247,-1.4686,-1,1.563,-0.0833,1.4797,HOLDING
2012-10-25,13,CMS,DTE,15.906,33.3538,1.1247,-0.5036,-1,1.4566,-0.0833,1.3733,HOLDING
2012-10-26,13,CMS,DTE,15.9126,33.3863,1.1247,-0.6582,-1,1.4849,-0.0833,1.4016,HOLDING
2012-10-31,13,CMS,DTE,16.1382,33.6245,1.1247,1.3137,-1,1.2526,-0.0833,1.1693,HOLDING
2012-11-01,13,CMS,DTE,16.0586,33.3646,1.1247,2.2919,-1,1.0933,-0.0833,1.01,HOLDING
2012-11-02,13,CMS,DTE,15.9126,33.1805,1.1247,1.2907,-1,1.2025,-0.0833,1.1192,HOLDING
2012-11-05,13,CMS,DTE,15.6538,32.6986,1.1247,1.2287,-1,1.1827,-0.0833,1.0993,HOLDING
2012-11-06,13,CMS,DTE,15.6936,32.899,1.1247,0.0267,-1,1.3589,-0.0833,1.2756,HOLDING
2012-11-07,13,CMS,DTE,15.3618,32.1951,1.1247,0.7734,-1,1.2154,-0.0833,1.132,HOLDING
2012-11-08,13,CMS,DTE,15.3154,32.1138,1.1247,0.672,-1,1.219,-0.0833,1.1357,HOLDING
2012-11-09,13,CMS,DTE,15.2623,32.0489,1.1247,0.2936,-1,1.2614,-0.0833,1.1781,HOLDING
2012-11-12,13,CMS,DTE,15.1229,31.7078,1.1247,0.9828,-1,1.1387,-0.0833,1.0554,HOLDING
2012-11-13,13,CMS,DTE,15.249,31.9189,1.1247,1.0887,-1,1.116,-0.0833,1.0326,HOLDING
2012-11-14,13,CMS,DTE,15.2026,31.816,1.1247,1.126,-1,1.0899,-0.0833,1.0066,HOLDING
2012-11-15,13,CMS,DTE,15.1229,31.7511,1.1247,0.2614,-1,1.1981,-0.0833,1.1148,HOLDING
2012-11-16,13,CMS,DTE,15.4083,32.1084,1.1247,1.8177,-1,0.9813,-0.0833,0.898,HOLDING
2012-11-19,13,CMS,DTE,15.4348,32.0435,1.1247,2.3407,-1,0.8263,-0.0833,0.743,HOLDING
2012-11-20,13,CMS,DTE,15.5874,32.103,1.1247,2.9261,-1,0.5298,-0.0833,0.4464,HOLDING
2012-11-21,13,CMS,DTE,15.6007,31.9568,1.1247,2.8427,-1,0.2962,-0.0833,0.2129,HOLDING
2012-11-23,13,CMS,DTE,15.6073,31.881,1.1247,2.4969,-1,0.1758,-0.0833,0.0924,HOLDING
2012-11-26,13,CMS,DTE,15.813,32.0922,1.1247,2.4669,-1,-0.0444,-0.0833,-0.1277,HOLDING
2012-11-27,13,CMS,DTE,15.8927,32.0868,1.1247,2.3546,-1,-0.2492,-0.0833,-0.3325,HOLDING
2012-11-28,13,CMS,DTE,15.9789,32.26,1.1247,1.9581,-1,-0.2252,-0.0833,-0.3086,HOLDING
2012-11-29,13,CMS,DTE,16.0785,32.4279,1.1247,1.7165,-1,-0.2416,-0.0833,-0.3249,HOLDING
2012-11-30,13,CMS,DTE,16.2112,32.8015,1.1247,1.2581,-1,-0.0578,-0.0833,-0.1411,HOLDING
2012-12-03,13,CMS,DTE,16.1249,32.8015,1.1247,0.8269,-1,0.156,-0.0833,0.0727,HOLDING
2012-12-04,13,CMS,DTE,16.178,32.7528,1.1247,1.0361,-1,0.0,-0.2108,-0.2108,PERIOD_END_EXIT
2012-06-05,14,DTE,LLY,30.3208,30.3777,1.0782,0.0,0,0.0,0.0,0.0,HOLD_CASH
2012-06-06,14,DTE,LLY,30.6444,30.6694,1.0782,0.0,0,0.0,0.0,0.0,HOLD_CASH
2012-06-07,14,DTE,LLY,30.5542,30.8638,1.0782,0.0,0,0.0,0.0,0.0,HOLD_CASH
2012-06-08,14,DTE,LLY,30.7664,31.0583,1.0782,0.0,0,0.0,0.0,0.0,HOLD_CASH
2012-06-11,14,DTE,LLY,30.8461,31.0284,1.0782,0.0,0,0.0,0.0,0.0,HOLD_CASH
2012-06-12,14,DTE,LLY,31.1113,31.1405,1.0782,0.0,0,0.0,0.0,0.0,HOLD_CASH
2012-06-13,14,DTE,LLY,31.1803,31.0882,1.0782,0.0,0,0.0,0.0,0.0,HOLD_CASH
2012-06-14,14,DTE,LLY,31.5517,31.2677,1.0782,0.0,0,0.0,0.0,0.0,HOLD_CASH
2012-06-15,14,DTE,LLY,31.8806,31.4023,1.0782,0.0,0,0.0,0.0,0.0,HOLD_CASH
2012-06-18,14,DTE,LLY,32.1153,31.4397,1.0782,0.0,0,0.0,0.0,0.0,HOLD_CASH
2012-06-19,14,DTE,LLY,31.8581,31.6267,1.0782,0.0,0,0.0,0.0,0.0,HOLD_CASH
2012-06-20,14,DTE,LLY,31.6545,31.4397,1.0782,0.0,0,0.0,0.0,0.0,HOLD_CASH
2012-06-21,14,DTE,LLY,31.333,31.2303,1.0782,0.0,0,0.0,0.0,0.0,HOLD_CASH
2012-06-22,14,DTE,LLY,31.3009,31.4621,1.0782,0.0,0,0.0,0.0,0.0,HOLD_CASH
2012-06-25,14,DTE,LLY,31.1562,31.0134,1.0782,0.0,0,0.0,0.0,0.0,HOLD_CASH
2012-06-26,14,DTE,LLY,31.1669,31.0882,1.0782,0.0,0,0.0,0.0,0.0,HOLD_CASH
2012-06-27,14,DTE,LLY,31.4241,31.3574,1.0782,0.0,0,0.0,0.0,0.0,HOLD_CASH
2012-06-28,14,DTE,LLY,31.6224,31.4845,1.0782,0.0,0,0.0,0.0,0.0,HOLD_CASH
2012-06-29,14,DTE,LLY,31.7885,32.0903,1.0782,0.0,0,0.0,0.0,0.0,HOLD_CASH
2012-07-02,14,DTE,LLY,31.8152,32.1501,1.0782,-1.6374,0,0.0,0.0,0.0,HOLD_CASH
2012-07-03,14,DTE,LLY,31.9063,32.2773,1.0782,-1.5921,0,0.0,0.0,0.0,HOLD_CASH
2012-07-05,14,DTE,LLY,31.7134,32.0454,1.0782,-1.2735,0,0.0,0.0,0.0,HOLD_CASH
2012-07-06,14,DTE,LLY,31.7402,31.9033,1.0782,-0.7071,0,0.0,0.0,0.0,HOLD_CASH
2012-07-09,14,DTE,LLY,31.5956,32.1202,1.0782,-1.7744,0,0.0,0.0,0.0,HOLD_CASH
2012-07-10,14,DTE,LLY,31.6063,32.0529,1.0782,-1.3947,0,0.0,0.0,0.0,HOLD_CASH
2012-07-11,14,DTE,LLY,31.6599,32.0081,1.0782,-1.0101,0,0.0,0.0,0.0,HOLD_CASH
2012-07-12,14,DTE,LLY,31.7349,32.038,1.0782,-0.8097,0,0.0,0.0,0.0,HOLD_CASH
2012-07-13,14,DTE,LLY,32.1421,32.352,1.0782,-0.5406,0,0.0,0.0,0.0,HOLD_CASH
2012-07-16,14,DTE,LLY,32.276,32.7933,1.0782,-1.3719,0,0.0,0.0,0.0,HOLD_CASH
2012-07-17,14,DTE,LLY,32.4689,32.8756,1.0782,-1.0516,0,0.0,0.0,0.0,HOLD_CASH
2012-07-18,14,DTE,LLY,32.6082,33.2869,1.0782,-1.8123,0,0.0,0.0,0.0,HOLD_CASH
2012-07-19,14,DTE,LLY,32.5118,33.2046,1.0782,-1.6579,0,0.0,0.0,0.0,HOLD_CASH
2012-07-20,14,DTE,LLY,32.6993,33.0326,1.0782,-0.3901,0,0.0,0.0,0.0,HOLD_CASH
2012-07-23,14,DTE,LLY,32.2385,32.7783,1.0782,-0.9448,0,0.0,0.0,0.0,HOLD_CASH
2012-07-24,14,DTE,LLY,31.8099,31.3948,1.0782,2.4105,-1,0.0,-0.0833,-0.0833,ENTER_SHORT_A
2012-07-25,14,DTE,LLY,31.7885,32.2474,1.0782,-0.4728,-1,1.2011,-0.0833,1.1178,HOLDING
2012-07-26,14,DTE,LLY,32.2117,32.6138,1.0782,-0.2875,-1,1.1722,-0.0833,1.0888,HOLDING
2012-07-27,14,DTE,LLY,32.7636,33.1822,1.0782,-0.3934,-1,1.2592,-0.0833,1.1759,HOLDING
2012-07-30,14,DTE,LLY,33.0368,32.9429,1.0782,1.4705,-1,0.5852,-0.0833,0.5018,HOLDING
2012-07-31,14,DTE,LLY,32.8815,32.9279,1.0782,0.9084,-1,0.7604,-0.0833,0.6771,HOLDING
2012-08-01,14,DTE,LLY,32.7904,32.8008,1.0782,0.9844,-1,0.7002,-0.0833,0.6169,HOLDING
2012-08-02,14,DTE,LLY,32.6511,32.3969,1.0782,1.7408,-1,0.3197,-0.0833,0.2363,HOLDING
2012-08-03,14,DTE,LLY,33.0315,33.0177,1.0782,0.8087,-1,0.6949,-0.0833,0.6116,HOLDING
2012-08-06,14,DTE,LLY,32.9243,32.6886,1.0782,1.3977,-1,0.3769,-0.0833,0.2935,HOLDING
2012-08-07,14,DTE,LLY,32.5761,31.9707,1.0782,2.1843,-1,-0.1728,-0.0833,-0.2561,HOLDING
2012-08-08,14,DTE,LLY,32.5225,32.0454,1.0782,1.6044,-1,-0.0023,-0.0833,-0.0856,HOLDING
2012-08-09,14,DTE,LLY,32.2653,31.9482,1.0782,1.1264,-1,0.188,-0.0833,0.1047,HOLDING
2012-08-10,14,DTE,LLY,32.4207,32.6063,1.0782,-0.1655,-1,0.8985,-0.0833,0.8151,HOLDING
2012-08-13,14,DTE,LLY,32.2599,32.3794,1.0782,-0.0233,-1,0.7886,-0.0833,0.7053,HOLDING
2012-08-14,14,DTE,LLY,32.1528,32.3189,1.0782,-0.1604,-1,0.8404,-0.0833,0.757,HOLDING
2012-08-15,14,DTE,LLY,32.276,32.508,1.0782,-0.4423,-1,0.9454,-0.0833,0.8621,HOLDING
2012-08-16,14,DTE,LLY,32.3564,32.334,1.0782,0.1662,-1,0.6045,-0.0833,0.5212,HOLDING
2012-08-17,14,DTE,LLY,32.4314,32.0844,1.0782,1.0376,-1,0.1662,-0.0833,0.0829,HOLDING
2012-08-20,14,DTE,LLY,32.3885,32.0239,1.0782,1.0157,-1,0.137,-0.0833,0.0536,HOLDING
2012-08-21,14,DTE,LLY,32.0724,31.9256,1.0782,0.4586,-1,0.4,-0.0833,0.3167,HOLDING
2012-08-22,14,DTE,LLY,31.8742,31.8954,1.0782,-0.147,-1,0.6083,-0.0833,0.5249,HOLDING
2012-08-23,14,DTE,LLY,31.3598,32.0693,1.0782,-2.2743,-1,1.4963,-0.0833,1.4129,HOLDING
2012-08-24,14,DTE,LLY,31.4723,33.1736,1.0782,-3.4143,-1,2.8751,-0.0833,2.7918,HOLDING
2012-08-27,14,DTE,LLY,31.6009,33.7257,1.0782,-2.9365,-1,3.4734,-0.0833,3.3901,HOLDING
2012-08-28,14,DTE,LLY,31.5956,33.8165,1.0782,-2.4066,-1,3.6051,-0.0833,3.5218,HOLDING
2012-08-29,14,DTE,LLY,31.5366,34.1644,1.0782,-2.3031,-1,4.1586,-0.0833,4.0752,HOLDING
2012-08-30,14,DTE,LLY,31.3866,33.9602,1.0782,-1.903,-1,4.0664,-0.0833,3.9831,HOLDING
2012-08-31,14,DTE,LLY,31.2902,33.9678,1.0782,-1.7241,-1,4.1984,-0.0833,4.1151,HOLDING
2012-09-04,14,DTE,LLY,31.8367,34.2552,1.0782,-1.3437,-1,3.9053,-0.0833,3.822,HOLDING
2012-09-05,14,DTE,LLY,31.6652,34.6485,1.0782,-1.5841,-1,4.6631,-0.0833,4.5798,HOLDING
2012-09-06,14,DTE,LLY,31.9813,35.4048,1.0782,-1.6748,-1,5.3062,-0.0833,5.2228,HOLDING
2012-09-07,14,DTE,LLY,31.8742,35.2838,1.0782,-1.4831,-1,5.2746,-0.0833,5.1913,HOLDING
2012-09-10,14,DTE,LLY,31.8688,35.1855,1.0782,-1.2712,-1,5.146,-0.0833,5.0626,HOLDING
2012-09-11,14,DTE,LLY,31.9385,35.1628,1.0782,-1.091,-1,5.0269,-0.0833,4.9436,HOLDING
2012-09-12,14,DTE,LLY,31.7402,35.2082,1.0782,-1.1346,-1,5.3393,-0.0833,5.256,HOLDING
2012-09-13,14,DTE,LLY,32.0922,35.662,1.0782,-1.0809,-1,5.5206,-0.0833,5.4372,HOLDING
2012-09-14,14,DTE,LLY,31.8431,35.3368,1.0782,-0.9433,-1,5.3867,-0.0833,5.3034,HOLDING
2012-09-17,14,DTE,LLY,31.6861,35.42,1.0782,-1.0312,-1,5.6992,-0.0833,5.6159,HOLDING
2012-09-18,14,DTE,LLY,31.6536,35.4805,1.0782,-1.0446,-1,5.8235,-0.0833,5.7401,HOLDING
2012-09-19,14,DTE,LLY,31.7078,35.4426,1.0782,-0.9355,-1,5.7031,-0.0833,5.6198,HOLDING
2012-09-20,14,DTE,LLY,31.8269,35.5637,1.0782,-0.9508,-1,5.7196,-0.0833,5.6363,HOLDING
2012-09-21,14,DTE,LLY,31.8431,35.8965,1.0782,-1.4009,-1,6.1575,-0.0833,6.0742,HOLDING
2012-09-24,14,DTE,LLY,32.2438,35.8511,1.0782,-0.6661,-1,5.5899,-0.0833,5.5065,HOLDING
2012-09-25,14,DTE,LLY,32.3304,35.8889,1.0782,-0.5055,-1,5.5327,-0.0833,5.4494,HOLDING
2012-09-26,14,DTE,LLY,32.4875,35.6998,1.0782,0.2814,-1,5.0744,-0.0833,4.9911,HOLDING
2012-09-27,14,DTE,LLY,32.3575,36.0326,1.0782,-0.6384,-1,5.6965,-0.0833,5.6132,HOLDING
2012-09-28,14,DTE,LLY,32.4549,35.8586,1.0782,0.0854,-1,5.3341,-0.0833,5.2508,HOLDING
2012-10-01,14,DTE,LLY,32.2221,35.9797,1.0782,-0.7587,-1,5.7943,-0.0833,5.7109,HOLDING
2012-10-02,14,DTE,LLY,32.3792,36.2595,1.0782,-1.202,-1,5.9817,-0.0833,5.8984,HOLDING
2012-10-03,14,DTE,LLY,32.612,36.5394,1.0782,-1.2987,-1,6.0736,-0.0833,5.9902,HOLDING
2012-10-04,14,DTE,LLY,32.8015,36.8797,1.0782,-1.6486,-1,6.3034,-0.0833,6.2201,HOLDING
2012-10-05,14,DTE,LLY,32.8502,36.4789,1.0782,0.1488,-1,5.6899,-0.0833,5.6066,HOLDING
2012-10-08,14,DTE,LLY,32.8556,38.4075,1.0782,-3.6665,-1,8.3392,-0.0833,8.2558,HOLDING
2012-10-09,14,DTE,LLY,32.8773,39.1866,1.0782,-3.2484,-1,9.3847,-0.0833,9.3014,HOLDING
2012-10-10,14,DTE,LLY,32.8069,37.9916,1.0782,-1.5362,-1,7.8277,-0.0833,7.7444,HOLDING
2012-10-11,14,DTE,LLY,32.899,38.2714,1.0782,-1.5506,-1,8.0971,-0.0833,8.0137,HOLDING
2012-10-12,14,DTE,LLY,32.6932,38.1579,1.0782,-1.484,-1,8.2002,-0.0833,8.1169,HOLDING
2012-10-15,14,DTE,LLY,32.9098,39.7312,1.0782,-2.35,-1,10.0937,-0.0833,10.0104,HOLDING
2012-10-16,14,DTE,LLY,32.9964,40.5858,1.0782,-2.3837,-1,11.1615,-0.0833,11.0782,HOLDING
2012-10-17,14,DTE,LLY,33.3484,40.5934,1.0782,-1.7916,-1,10.7282,-0.0833,10.6449,HOLDING
2012-10-18,14,DTE,LLY,33.4025,40.6993,1.0782,-1.5938,-1,10.8058,-0.0833,10.7225,HOLDING
2012-10-19,14,DTE,LLY,33.2509,39.9808,1.0782,-1.1181,-1,10.0074,-0.0833,9.9241,HOLDING
2012-10-22,14,DTE,LLY,33.3267,39.5421,1.0782,-0.7057,-1,9.3077,-0.0833,9.2244,HOLDING
2012-10-23,14,DTE,LLY,32.8881,39.2622,1.0782,-0.756,-1,9.4752,-0.0833,9.3919,HOLDING
2012-10-24,14,DTE,LLY,33.0397,38.1958,1.0782,0.151,-1,7.8155,-0.0833,7.7321,HOLDING
2012-10-25,14,DTE,LLY,33.3538,38.6344,1.0782,0.1413,-1,8.0237,-0.0833,7.9403,HOLDING
2012-10-26,14,DTE,LLY,33.3863,37.9764,1.0782,0.7513,-1,7.0766,-0.0833,6.9932,HOLDING
2012-10-31,14,DTE,LLY,33.6245,36.7814,1.0782,1.8233,-1,5.1306,-0.0833,5.0472,HOLDING
2012-11-01,14,DTE,LLY,33.3646,37.1369,1.0782,1.3148,-1,5.9477,-0.0833,5.8644,HOLDING
2012-11-02,14,DTE,LLY,33.1805,36.7209,1.0782,1.445,-1,5.6069,-0.0833,5.5236,HOLDING
2012-11-05,14,DTE,LLY,32.6986,36.8948,1.0782,0.9337,-1,6.4539,-0.0833,6.3706,HOLDING
2012-11-06,14,DTE,LLY,32.899,36.8948,1.0782,1.1313,-1,6.2014,-0.0833,6.1181,HOLDING
2012-11-07,14,DTE,LLY,32.1951,36.441,1.0782,0.8414,-1,6.4637,-0.0833,6.3804,HOLDING
2012-11-08,14,DTE,LLY,32.1138,35.904,1.0782,1.0822,-1,5.8266,-0.0833,5.7433,HOLDING
2012-11-09,14,DTE,LLY,32.0489,35.904,1.0782,0.9558,-1,5.9085,-0.0833,5.8252,HOLDING
2012-11-12,14,DTE,LLY,31.7078,36.5318,1.0782,0.1956,-1,7.203,-0.0833,7.1197,HOLDING
2012-11-13,14,DTE,LLY,31.9189,36.0199,1.0782,0.6912,-1,6.2318,-0.0833,6.1485,HOLDING
2012-11-14,14,DTE,LLY,31.816,35.3169,1.0782,1.0352,-1,5.3934,-0.0833,5.3101,HOLDING
2012-11-15,14,DTE,LLY,31.7511,35.1182,1.0782,1.0606,-1,5.2017,-0.0833,5.1184,HOLDING
2012-11-16,14,DTE,LLY,32.1084,35.08,1.0782,1.3023,-1,4.6986,-0.0833,4.6153,HOLDING
2012-11-19,14,DTE,LLY,32.0435,35.9358,1.0782,0.4263,-1,5.9591,-0.0833,5.8758,HOLDING
2012-11-20,14,DTE,LLY,32.103,36.058,1.0782,0.279,-1,6.0524,-0.0833,5.969,HOLDING
2012-11-21,14,DTE,LLY,31.9568,36.2338,1.0782,-0.2215,-1,6.4787,-0.0833,6.3954,HOLDING
2012-11-23,14,DTE,LLY,31.881,36.4783,1.0782,-0.9512,-1,6.911,-0.0833,6.8276,HOLDING
2012-11-26,14,DTE,LLY,32.0922,36.6235,1.0782,-0.9262,-1,6.8447,-0.0833,6.7614,HOLDING
2012-11-27,14,DTE,LLY,32.0868,36.4325,1.0782,-0.7586,-1,6.5885,-0.0833,6.5051,HOLDING
2012-11-28,14,DTE,LLY,32.26,36.7075,1.0782,-0.9561,-1,6.7489,-0.0833,6.6655,HOLDING
2012-11-29,14,DTE,LLY,32.4279,37.1202,1.0782,-1.3087,-1,7.1055,-0.0833,7.0221,HOLDING
2012-11-30,14,DTE,LLY,32.8015,37.4716,1.0782,-1.0997,-1,7.1186,-0.0833,7.0352,HOLDING
2012-12-03,14,DTE,LLY,32.8015,37.38,1.0782,-0.8316,-1,6.9923,-0.0833,6.909,HOLDING
2012-12-04,14,DTE,LLY,32.7528,37.6092,1.0782,-1.2669,-1,0.0,7.193,7.193,PERIOD_END_EXIT
2012-06-05,15,LLY,LNT,30.3777,14.0717,0.8893,0.0,0,0.0,0.0,0.0,HOLD_CASH
2012-06-06,15,LLY,LNT,30.6694,14.2513,0.8893,0.0,0,0.0,0.0,0.0,HOLD_CASH
2012-06-07,15,LLY,LNT,30.8638,14.3314,0.8893,0.0,0,0.0,0.0,0.0,HOLD_CASH
2012-06-08,15,LLY,LNT,31.0583,14.4052,0.8893,0.0,0,0.0,0.0,0.0,HOLD_CASH
2012-06-11,15,LLY,LNT,31.0284,14.402,0.8893,0.0,0,0.0,0.0,0.0,HOLD_CASH
2012-06-12,15,LLY,LNT,31.1405,14.4629,0.8893,0.0,0,0.0,0.0,0.0,HOLD_CASH
2012-06-13,15,LLY,LNT,31.0882,14.4661,0.8893,0.0,0,0.0,0.0,0.0,HOLD_CASH
2012-06-14,15,LLY,LNT,31.2677,14.4661,0.8893,0.0,0,0.0,0.0,0.0,HOLD_CASH
2012-06-15,15,LLY,LNT,31.4023,14.5912,0.8893,0.0,0,0.0,0.0,0.0,HOLD_CASH
2012-06-18,15,LLY,LNT,31.4397,14.6906,0.8893,0.0,0,0.0,0.0,0.0,HOLD_CASH
2012-06-19,15,LLY,LNT,31.6267,14.5784,0.8893,0.0,0,0.0,0.0,0.0,HOLD_CASH
2012-06-20,15,LLY,LNT,31.4397,14.4661,0.8893,0.0,0,0.0,0.0,0.0,HOLD_CASH
2012-06-21,15,LLY,LNT,31.2303,14.3154,0.8893,0.0,0,0.0,0.0,0.0,HOLD_CASH
2012-06-22,15,LLY,LNT,31.4621,14.4244,0.8893,0.0,0,0.0,0.0,0.0,HOLD_CASH
2012-06-25,15,LLY,LNT,31.0134,14.309,0.8893,0.0,0,0.0,0.0,0.0,HOLD_CASH
2012-06-26,15,LLY,LNT,31.0882,14.3058,0.8893,0.0,0,0.0,0.0,0.0,HOLD_CASH
2012-06-27,15,LLY,LNT,31.3574,14.4052,0.8893,0.0,0,0.0,0.0,0.0,HOLD_CASH
2012-06-28,15,LLY,LNT,31.4845,14.5271,0.8893,0.0,0,0.0,0.0,0.0,HOLD_CASH
2012-06-29,15,LLY,LNT,32.0903,14.6136,0.8893,0.0,0,0.0,0.0,0.0,HOLD_CASH
2012-07-02,15,LLY,LNT,32.1501,14.8317,0.8893,0.7039,0,0.0,0.0,0.0,HOLD_CASH
2012-07-03,15,LLY,LNT,32.2773,14.7291,0.8893,1.9274,0,0.0,0.0,0.0,HOLD_CASH
2012-07-05,15,LLY,LNT,32.0454,14.6425,0.8893,1.4712,0,0.0,0.0,0.0,HOLD_CASH
2012-07-06,15,LLY,LNT,31.9033,14.6104,0.8893,1.0213,0,0.0,0.0,0.0,HOLD_CASH
2012-07-09,15,LLY,LNT,32.1202,14.5752,0.8893,1.916,0,0.0,0.0,0.0,HOLD_CASH
2012-07-10,15,LLY,LNT,32.0529,14.5591,0.8893,1.5696,0,0.0,0.0,0.0,HOLD_CASH
2012-07-11,15,LLY,LNT,32.0081,14.6457,0.8893,0.6792,0,0.0,0.0,0.0,HOLD_CASH
2012-07-12,15,LLY,LNT,32.038,14.6714,0.8893,0.5261,0,0.0,0.0,0.0,HOLD_CASH
2012-07-13,15,LLY,LNT,32.352,14.96,0.8893,-0.5318,0,0.0,0.0,0.0,HOLD_CASH
2012-07-16,15,LLY,LNT,32.7933,14.9472,0.8893,1.3175,0,0.0,0.0,0.0,HOLD_CASH
2012-07-17,15,LLY,LNT,32.8756,15.0273,0.8893,0.9858,0,0.0,0.0,0.0,HOLD_CASH
2012-07-18,15,LLY,LNT,33.2869,15.1556,0.8893,1.5874,0,0.0,0.0,0.0,HOLD_CASH
2012-07-19,15,LLY,LNT,33.2046,15.146,0.8893,1.1549,0,0.0,0.0,0.0,HOLD_CASH
2012-07-20,15,LLY,LNT,33.0326,15.2326,0.8893,-0.4738,0,0.0,0.0,0.0,HOLD_CASH
2012-07-23,15,LLY,LNT,32.7783,15.0562,0.8893,-0.0802,0,0.0,0.0,0.0,HOLD_CASH
2012-07-24,15,LLY,LNT,31.3948,14.8926,0.8893,-3.4055,1,0.0,-0.0833,-0.0833,ENTER_LONG_A
2012-07-25,15,LLY,LNT,32.2474,14.8125,0.8893,-0.1515,1,1.409,-0.0833,1.3256,HOLDING
2012-07-26,15,LLY,LNT,32.6138,15.0658,0.8893,-0.5461,1,1.2565,-0.0833,1.1732,HOLDING
2012-07-27,15,LLY,LNT,33.1822,15.1986,0.8893,0.3922,1,1.7054,-0.0833,1.622,HOLDING
2012-07-30,15,LLY,LNT,32.9429,15.2989,0.8893,-0.9155,1,1.1048,-0.0833,1.0215,HOLDING
2012-07-31,15,LLY,LNT,32.9279,15.1241,0.8893,0.0791,1,1.5443,-0.0833,1.461,HOLDING
2012-08-01,15,LLY,LNT,32.8008,15.0431,0.8893,0.1903,1,1.5789,-0.0833,1.4956,HOLDING
2012-08-02,15,LLY,LNT,32.3969,15.0755,0.8893,-1.2069,1,0.9262,-0.0833,0.8429,HOLDING
2012-08-03,15,LLY,LNT,33.0177,15.2018,0.8893,-0.0164,1,1.4657,-0.0833,1.3824,HOLDING
2012-08-06,15,LLY,LNT,32.6886,15.1468,0.8893,-0.6381,1,1.1484,-0.0833,1.0651,HOLDING
2012-08-07,15,LLY,LNT,31.9707,14.9752,0.8893,-1.6596,1,0.5917,-0.0833,0.5084,HOLDING
2012-08-08,15,LLY,LNT,32.0454,14.9525,0.8893,-1.1693,1,0.7565,-0.0833,0.6731,HOLDING
2012-08-09,15,LLY,LNT,31.9482,14.878,0.8893,-0.9436,1,0.816,-0.0833,0.7327,HOLDING
2012-08-10,15,LLY,LNT,32.6063,14.9169,0.8893,0.688,1,1.6383,-0.0833,1.555,HOLDING
2012-08-13,15,LLY,LNT,32.3794,14.8715,0.8893,0.3404,1,1.4389,-0.0833,1.3556,HOLDING
2012-08-14,15,LLY,LNT,32.3189,14.9525,0.8893,-0.2408,1,1.1407,-0.0833,1.0574,HOLDING
2012-08-15,15,LLY,LNT,32.508,14.9816,0.8893,0.2364,1,1.3296,-0.0833,1.2463,HOLDING
2012-08-16,15,LLY,LNT,32.334,14.9104,0.8893,0.1963,1,1.2728,-0.0833,1.1895,HOLDING
2012-08-17,15,LLY,LNT,32.0844,14.891,0.8893,-0.4752,1,0.9733,-0.0833,0.89,HOLDING
2012-08-20,15,LLY,LNT,32.0239,14.8197,0.8893,-0.1679,1,1.0759,-0.0833,0.9926,HOLDING
2012-08-21,15,LLY,LNT,31.9256,14.7647,0.8893,-0.3739,1,1.0828,-0.0833,0.9994,HOLDING
2012-08-22,15,LLY,LNT,31.8954,14.6805,0.8893,0.2711,1,1.262,-0.0833,1.1786,HOLDING
2012-08-23,15,LLY,LNT,32.0693,14.4474,0.8893,2.503,1,2.1204,-0.0833,2.0371,HOLDING
2012-08-24,15,LLY,LNT,33.1736,14.4506,0.8893,3.5726,1,3.6633,-0.0833,3.58,HOLDING
2012-08-27,15,LLY,LNT,33.7257,14.4668,0.8893,3.0592,1,4.3964,-0.0833,4.3131,HOLDING
2012-08-28,15,LLY,LNT,33.8165,14.4118,0.8893,2.548,1,4.6689,-0.0833,4.5856,HOLDING
2012-08-29,15,LLY,LNT,34.1644,14.3794,0.8893,2.3744,1,5.243,-0.0833,5.1597,HOLDING
2012-08-30,15,LLY,LNT,33.9602,14.3276,0.8893,1.9287,1,5.0925,-0.0833,5.0092,HOLDING
2012-08-31,15,LLY,LNT,33.9678,14.2725,0.8893,1.7499,1,5.2481,-0.0833,5.1648,HOLDING
2012-09-04,15,LLY,LNT,34.2552,14.3794,0.8893,1.5741,1,5.3705,-0.0833,5.2872,HOLDING
2012-09-05,15,LLY,LNT,34.6485,14.36,0.8893,1.6523,1,5.9743,-0.0833,5.8909,HOLDING
2012-09-06,15,LLY,LNT,35.4048,14.6773,0.8893,1.5089,1,6.2011,-0.0833,6.1178,HOLDING
2012-09-07,15,LLY,LNT,35.2838,14.5057,0.8893,1.4833,1,6.4831,-0.0833,6.3998,HOLDING
2012-09-10,15,LLY,LNT,35.1855,14.4927,0.8893,1.288,1,6.3791,-0.0833,6.2957,HOLDING
2012-09-11,15,LLY,LNT,35.1628,14.4539,0.8893,1.193,1,6.4495,-0.0833,6.3662,HOLDING
2012-09-12,15,LLY,LNT,35.2082,14.3308,0.8893,1.2463,1,6.8373,-0.0833,6.754,HOLDING
2012-09-13,15,LLY,LNT,35.662,14.4539,0.8893,1.2266,1,7.1509,-0.0833,7.0675,HOLDING
2012-09-14,15,LLY,LNT,35.3368,14.3082,0.8893,1.1163,1,7.0777,-0.0833,6.9944,HOLDING
2012-09-17,15,LLY,LNT,35.42,14.1786,0.8893,1.2397,1,7.5357,-0.0833,7.4524,HOLDING
2012-09-18,15,LLY,LNT,35.4805,14.1463,0.8893,1.2412,1,7.706,-0.0833,7.6227,HOLDING
2012-09-19,15,LLY,LNT,35.4426,14.1495,0.8893,1.1667,1,7.6443,-0.0833,7.561,HOLDING
2012-09-20,15,LLY,LNT,35.5637,14.1106,0.8893,1.3342,1,7.9167,-0.0833,7.8334,HOLDING
2012-09-21,15,LLY,LNT,35.8965,13.9779,0.8893,1.884,1,8.7339,-0.0833,8.6506,HOLDING
2012-09-24,15,LLY,LNT,35.8511,14.1722,0.8893,1.3237,1,8.1585,-0.0833,8.0751,HOLDING
2012-09-25,15,LLY,LNT,35.8889,14.1365,0.8893,1.3385,1,8.3054,-0.0833,8.2221,HOLDING
2012-09-26,15,LLY,LNT,35.6998,14.1981,0.8893,0.8987,1,7.8777,-0.0833,7.7944,HOLDING
2012-09-27,15,LLY,LNT,36.0326,14.0006,0.8893,1.622,1,8.8655,-0.0833,8.7822,HOLDING
2012-09-28,15,LLY,LNT,35.8586,14.0491,0.8893,1.1966,1,8.4932,-0.0833,8.4098,HOLDING
2012-10-01,15,LLY,LNT,35.9797,13.9876,0.8893,1.3968,1,8.8253,-0.0833,8.7419,HOLDING
2012-10-02,15,LLY,LNT,36.2595,14.0815,0.8893,1.3834,1,8.9711,-0.0833,8.8877,HOLDING
2012-10-03,15,LLY,LNT,36.5394,14.3017,0.8893,1.0059,1,8.7843,-0.0833,8.701,HOLDING
2012-10-04,15,LLY,LNT,36.8797,14.415,0.8893,1.0339,1,8.9641,-0.0833,8.8807,HOLDING
2012-10-05,15,LLY,LNT,36.4789,14.2952,0.8893,0.7715,1,8.7164,-0.0833,8.6331,HOLDING
2012-10-08,15,LLY,LNT,38.4075,14.3794,0.8893,2.6812,1,11.2044,-0.0833,11.121,HOLDING
2012-10-09,15,LLY,LNT,39.1866,14.3988,0.8893,2.7791,1,12.2477,-0.0833,12.1644,HOLDING
2012-10-10,15,LLY,LNT,37.9916,14.3017,0.8893,1.5824,1,10.8246,-0.0833,10.7413,HOLDING
2012-10-11,15,LLY,LNT,38.2714,14.3761,0.8893,1.5126,1,11.0216,-0.0833,10.9383,HOLDING
2012-10-12,15,LLY,LNT,38.1579,14.2823,0.8893,1.4664,1,11.1095,-0.0833,11.0262,HOLDING
2012-10-15,15,LLY,LNT,39.7312,14.428,0.8893,2.2131,1,12.9361,-0.0833,12.8528,HOLDING
2012-10-16,15,LLY,LNT,40.5858,14.4409,0.8893,2.3451,1,14.1027,-0.0833,14.0194,HOLDING
2012-10-17,15,LLY,LNT,40.5934,14.6449,0.8893,1.7296,1,13.5761,-0.0833,13.4927,HOLDING
2012-10-18,15,LLY,LNT,40.6993,14.6676,0.8893,1.5595,1,13.6652,-0.0833,13.5818,HOLDING
2012-10-19,15,LLY,LNT,39.9808,14.6255,0.8893,1.0361,1,12.7665,-0.0833,12.6832,HOLDING
2012-10-22,15,LLY,LNT,39.5421,14.5445,0.8893,0.7884,1,12.3634,-0.0833,12.28,HOLDING
2012-10-23,15,LLY,LNT,39.2622,14.4571,0.8893,0.6634,1,12.2005,-0.0833,12.1172,HOLDING
2012-10-24,15,LLY,LNT,38.1958,14.3535,0.8893,-0.0068,1,10.9751,-0.0833,10.8917,HOLDING
2012-10-25,15,LLY,LNT,38.6344,14.4053,0.8893,0.1783,1,11.4549,-0.0833,11.3716,HOLDING
2012-10-26,15,LLY,LNT,37.9764,14.4053,0.8893,-0.43,1,10.5305,-0.0833,10.4471,HOLDING
2012-10-31,15,LLY,LNT,36.7814,14.6212,0.8893,-1.7939,1,8.2829,-0.0833,8.1996,HOLDING
2012-11-01,15,LLY,LNT,37.1369,14.6637,0.8893,-1.5145,1,8.6703,-0.0833,8.587,HOLDING
2012-11-02,15,LLY,LNT,36.7209,14.4086,0.8893,-1.3751,1,8.7579,-0.0833,8.6746,HOLDING
2012-11-05,15,LLY,LNT,36.8948,14.2287,0.8893,-0.9314,1,9.4761,-0.0833,9.3928,HOLDING
2012-11-06,15,LLY,LNT,36.8948,14.3366,0.8893,-1.1744,1,9.1918,-0.0833,9.1085,HOLDING
2012-11-07,15,LLY,LNT,36.441,13.9964,0.8893,-0.8303,1,9.4502,-0.0833,9.3669,HOLDING
2012-11-08,15,LLY,LNT,35.904,13.9899,0.8893,-1.1494,1,8.713,-0.0833,8.6296,HOLDING
2012-11-09,15,LLY,LNT,35.904,14.2941,0.8893,-1.5304,1,7.9117,-0.0833,7.8284,HOLDING
2012-11-12,15,LLY,LNT,36.5318,14.2548,0.8893,-0.9002,1,8.8971,-0.0833,8.8138,HOLDING
2012-11-13,15,LLY,LNT,36.0199,14.2156,0.8893,-1.1088,1,8.2813,-0.0833,8.1979,HOLDING
2012-11-14,15,LLY,LNT,35.3169,13.9866,0.8893,-1.13,1,7.8967,-0.0833,7.8133,HOLDING
2012-11-15,15,LLY,LNT,35.1182,13.8623,0.8893,-0.9939,1,7.9449,-0.0833,7.8616,HOLDING
2012-11-16,15,LLY,LNT,35.08,14.2156,0.8893,-1.5278,1,6.9608,-0.0833,6.8775,HOLDING
2012-11-19,15,LLY,LNT,35.9358,14.2123,0.8893,-0.7553,1,8.1718,-0.0833,8.0884,HOLDING
2012-11-20,15,LLY,LNT,36.058,14.3431,0.8893,-0.8425,1,7.9989,-0.0833,7.9156,HOLDING
2012-11-21,15,LLY,LNT,36.2338,14.3137,0.8893,-0.5332,1,8.3234,-0.0833,8.24,HOLDING
2012-11-23,15,LLY,LNT,36.4783,14.3006,0.8893,-0.1238,1,8.7014,-0.0833,8.6181,HOLDING
2012-11-26,15,LLY,LNT,36.6235,14.3726,0.8893,-0.0493,1,8.7158,-0.0833,8.6325,HOLDING
2012-11-27,15,LLY,LNT,36.4325,14.4053,0.8893,-0.3625,1,8.3613,-0.0833,8.2779,HOLDING
2012-11-28,15,LLY,LNT,36.7075,14.4576,0.8893,0.0788,1,8.6099,-0.0833,8.5266,HOLDING
2012-11-29,15,LLY,LNT,37.1202,14.5263,0.8893,0.6116,1,9.0087,-0.0833,8.9253,HOLDING
2012-11-30,15,LLY,LNT,37.4716,14.6604,0.8893,0.6712,1,9.1493,-0.0833,9.0659,HOLDING
2012-12-03,15,LLY,LNT,37.38,14.5525,0.8893,0.9588,1,9.3048,-0.0833,9.2214,HOLDING
2012-12-04,15,LLY,LNT,37.6092,14.5002,0.8893,1.691,1,0.0,9.5903,9.5903,PERIOD_END_EXIT
2012-06-05,16,CMS,PNW,15.1331,29.5948,1.1558,0.0,0,0.0,0.0,0.0,HOLD_CASH
2012-06-06,16,CMS,PNW,15.1461,29.9299,1.1558,0.0,0,0.0,0.0,0.0,HOLD_CASH
2012-06-07,16,CMS,PNW,15.2047,29.8946,1.1558,0.0,0,0.0,0.0,0.0,HOLD_CASH
2012-06-08,16,CMS,PNW,15.3283,30.024,1.1558,0.0,0,0.0,0.0,0.0,HOLD_CASH
2012-06-11,16,CMS,PNW,15.2763,29.8417,1.1558,0.0,0,0.0,0.0,0.0,HOLD_CASH
2012-06-12,16,CMS,PNW,15.2372,30.1416,1.1558,0.0,0,0.0,0.0,0.0,HOLD_CASH
2012-06-13,16,CMS,PNW,15.2763,30.1004,1.1558,0.0,0,0.0,0.0,0.0,HOLD_CASH
2012-06-14,16,CMS,PNW,15.3934,30.3238,1.1558,0.0,0,0.0,0.0,0.0,HOLD_CASH
2012-06-15,16,CMS,PNW,15.4454,30.5766,1.1558,0.0,0,0.0,0.0,0.0,HOLD_CASH
2012-06-18,16,CMS,PNW,15.53,30.6001,1.1558,0.0,0,0.0,0.0,0.0,HOLD_CASH
2012-06-19,16,CMS,PNW,15.4519,30.4532,1.1558,0.0,0,0.0,0.0,0.0,HOLD_CASH
2012-06-20,16,CMS,PNW,15.2893,30.0945,1.1558,0.0,0,0.0,0.0,0.0,HOLD_CASH
2012-06-21,16,CMS,PNW,15.1396,29.8711,1.1558,0.0,0,0.0,0.0,0.0,HOLD_CASH
2012-06-22,16,CMS,PNW,15.1201,29.7242,1.1558,0.0,0,0.0,0.0,0.0,HOLD_CASH
2012-06-25,16,CMS,PNW,15.042,29.7712,1.1558,0.0,0,0.0,0.0,0.0,HOLD_CASH
2012-06-26,16,CMS,PNW,15.0681,29.7888,1.1558,0.0,0,0.0,0.0,0.0,HOLD_CASH
2012-06-27,16,CMS,PNW,15.1852,30.1239,1.1558,0.0,0,0.0,0.0,0.0,HOLD_CASH
2012-06-28,16,CMS,PNW,15.1787,30.2297,1.1558,0.0,0,0.0,0.0,0.0,HOLD_CASH
2012-06-29,16,CMS,PNW,15.2893,30.4179,1.1558,0.0,0,0.0,0.0,0.0,HOLD_CASH
2012-07-02,16,CMS,PNW,15.3478,30.7177,1.1558,-2.3904,1,0.0,-0.0833,-0.0833,ENTER_LONG_A
2012-07-03,16,CMS,PNW,15.3804,30.6472,1.1558,-1.5674,1,0.1845,-0.0833,0.1012,HOLDING
2012-07-05,16,CMS,PNW,15.3608,30.5766,1.1558,-1.2372,1,0.238,-0.0833,0.1547,HOLDING
2012-07-06,16,CMS,PNW,15.4064,30.6177,1.1558,-0.9454,1,0.2928,-0.0833,0.2095,HOLDING
2012-07-09,16,CMS,PNW,15.3608,30.6001,1.1558,-1.1506,1,0.2038,-0.0833,0.1204,HOLDING
2012-07-10,16,CMS,PNW,15.4194,30.6824,1.1558,-1.0039,1,0.2316,-0.0833,0.1482,HOLDING
2012-07-11,16,CMS,PNW,15.4259,30.6472,1.1558,-0.6681,1,0.2992,-0.0833,0.2159,HOLDING
2012-07-12,16,CMS,PNW,15.491,30.6942,1.1558,-0.2281,1,0.3947,-0.0833,0.3114,HOLDING
2012-07-13,16,CMS,PNW,15.8228,31.188,1.1558,0.2599,1,0.5121,-0.0833,0.4288,HOLDING
2012-07-16,16,CMS,PNW,15.7968,31.0822,1.1558,0.6015,1,0.6005,-0.0833,0.5172,HOLDING
2012-07-17,16,CMS,PNW,15.8878,31.3232,1.1558,0.1182,1,0.4793,-0.0833,0.396,HOLDING
2012-07-18,16,CMS,PNW,15.9464,31.3409,1.1558,0.6429,1,0.6012,-0.0833,0.5178,HOLDING
2012-07-19,16,CMS,PNW,15.8943,31.335,1.1558,0.2085,1,0.4786,-0.0833,0.3953,HOLDING
2012-07-20,16,CMS,PNW,15.9659,31.6054,1.1558,-0.6849,1,0.2656,-0.0833,0.1822,HOLDING
2012-07-23,16,CMS,PNW,15.8683,31.288,1.1558,0.5418,1,0.4815,-0.0833,0.3981,HOLDING
2012-07-24,16,CMS,PNW,15.6927,31.0763,1.1558,-0.1209,1,0.3469,-0.0833,0.2636,HOLDING
2012-07-25,16,CMS,PNW,15.6406,30.9646,1.1558,0.186,1,0.3783,-0.0833,0.2949,HOLDING
2012-07-26,16,CMS,PNW,15.9594,31.4349,1.1558,0.902,1,0.4971,-0.0833,0.4138,HOLDING
2012-07-27,16,CMS,PNW,16.1351,31.9346,1.1558,-0.9596,1,0.2127,-0.0833,0.1294,HOLDING
2012-07-30,16,CMS,PNW,16.1416,32.0385,1.1558,-1.6203,1,0.078,-0.0833,-0.0053,HOLDING
2012-07-31,16,CMS,PNW,16.044,31.7833,1.1558,-1.0191,1,0.2035,-0.0833,0.1202,HOLDING
2012-08-01,16,CMS,PNW,15.8797,31.7002,1.1558,-2.4155,1,-0.0893,-0.0833,-0.1726,HOLDING
2012-08-02,16,CMS,PNW,15.722,31.5992,1.1558,-2.7851,1,-0.3397,-0.0833,-0.423,HOLDING
2012-08-03,16,CMS,PNW,15.8929,32.1098,1.1558,-2.8722,1,-0.652,-0.0833,-0.7353,HOLDING
2012-08-06,16,CMS,PNW,15.8797,32.0623,1.1558,-2.2378,1,-0.616,-0.0833,-0.6993,HOLDING
2012-08-07,16,CMS,PNW,15.6892,31.6883,1.1558,-1.7887,1,-0.5519,-0.0833,-0.6352,HOLDING
2012-08-08,16,CMS,PNW,15.6958,31.6823,1.1558,-1.5214,1,-0.5267,-0.0833,-0.61,HOLDING
2012-08-09,16,CMS,PNW,15.5841,31.6705,1.1558,-1.8202,1,-0.7908,-0.0833,-0.8741,HOLDING
2012-08-10,16,CMS,PNW,15.6958,31.712,1.1558,-1.2168,1,-0.5699,-0.0833,-0.6532,HOLDING
2012-08-13,16,CMS,PNW,15.6104,31.5696,1.1558,-1.1213,1,-0.5778,-0.0833,-0.6611,HOLDING
2012-08-14,16,CMS,PNW,15.5841,31.617,1.1558,-1.2603,1,-0.7131,-0.0833,-0.7964,HOLDING
2012-08-15,16,CMS,PNW,15.4395,31.617,1.1558,-1.7727,1,-1.0771,-0.0833,-1.1604,HOLDING
2012-08-16,16,CMS,PNW,15.3936,31.6645,1.1558,-1.8569,1,-1.262,-0.0833,-1.3453,HOLDING
2012-08-17,16,CMS,PNW,15.3607,31.344,1.1558,-1.0414,1,-0.8785,-0.0833,-0.9618,HOLDING
2012-08-20,16,CMS,PNW,15.3804,31.2668,1.1558,-0.6627,1,-0.7166,-0.0833,-0.7999,HOLDING
2012-08-21,16,CMS,PNW,15.1899,31.2134,1.1558,-1.3351,1,-1.1188,-0.0833,-1.2021,HOLDING
2012-08-22,16,CMS,PNW,15.1307,31.0531,1.1558,-1.0856,1,-1.0346,-0.0833,-1.1179,HOLDING
2012-08-23,16,CMS,PNW,14.9139,30.5663,1.1558,-0.7151,1,-0.8726,-0.0833,-0.956,HOLDING
2012-08-24,16,CMS,PNW,15.0191,30.7029,1.1558,-0.4669,1,-0.8065,-0.0833,-0.8898,HOLDING
2012-08-27,16,CMS,PNW,15.0585,30.685,1.1558,-0.0341,1,-0.6813,-0.0833,-0.7646,HOLDING
2012-08-28,16,CMS,PNW,15.0913,30.6376,1.1558,0.6482,1,-0.5295,-0.0833,-0.6128,HOLDING
2012-08-29,16,CMS,PNW,15.1439,30.685,1.1558,1.091,1,-0.4661,-0.0833,-0.5495,HOLDING
2012-08-30,16,CMS,PNW,15.0716,30.5841,1.1558,1.023,1,-0.5014,-0.0833,-0.5847,HOLDING
2012-08-31,16,CMS,PNW,15.157,30.4951,1.1558,2.1316,1,-0.1568,-0.0833,-0.2401,HOLDING
2012-09-04,16,CMS,PNW,15.2753,30.9878,1.1558,0.5392,1,-0.5755,-0.0833,-0.6589,HOLDING
2012-09-05,16,CMS,PNW,15.2096,30.7978,1.1558,0.9261,1,-0.4647,-0.0833,-0.5481,HOLDING
2012-09-06,16,CMS,PNW,15.3738,31.2015,1.1558,0.3252,1,-0.6382,-0.0833,-0.7215,HOLDING
2012-09-07,16,CMS,PNW,15.3344,31.1125,1.1558,0.4,1,-0.608,-0.0833,-0.6913,HOLDING
2012-09-10,16,CMS,PNW,15.3607,31.1125,1.1558,0.6465,1,-0.5418,-0.0833,-0.6251,HOLDING
2012-09-11,16,CMS,PNW,15.295,31.0946,1.1558,0.1376,1,-0.6813,-0.0833,-0.7647,HOLDING
2012-09-12,16,CMS,PNW,15.249,31.0293,1.1558,0.0521,1,-0.7022,-0.0833,-0.7855,HOLDING
2012-09-13,16,CMS,PNW,15.4264,31.8545,1.1558,-2.33,1,-1.4555,-0.0833,-1.5389,HOLDING
2012-09-14,16,CMS,PNW,15.2359,31.7892,1.1558,-2.8595,1,-1.8405,-0.0833,-1.9238,HOLDING
2012-09-17,16,CMS,PNW,15.0716,31.3084,1.1558,-1.8541,1,-1.5548,-0.0833,-1.6381,HOLDING
2012-09-18,16,CMS,PNW,15.1702,30.8988,1.1558,0.2033,1,-0.7108,-0.0833,-0.7941,HOLDING
2012-09-19,16,CMS,PNW,15.1439,31.0887,1.1558,-0.6423,1,-1.0533,-0.0833,-1.1366,HOLDING
2012-09-20,16,CMS,PNW,15.1242,31.1184,1.1558,-0.8487,1,-1.1461,-0.0833,-1.2294,HOLDING
2012-09-21,16,CMS,PNW,15.203,31.2015,1.1558,-0.622,1,-1.0684,-0.0833,-1.1518,HOLDING
2012-09-24,16,CMS,PNW,15.3936,31.7002,1.1558,-1.076,1,-1.3138,-0.0833,-1.3971,HOLDING
2012-09-25,16,CMS,PNW,15.3476,31.5755,1.1558,-0.8563,1,-1.2483,-0.0833,-1.3317,HOLDING
2012-09-26,16,CMS,PNW,15.4921,31.7476,1.1558,-0.5202,1,-1.1346,-0.0833,-1.218,HOLDING
2012-09-27,16,CMS,PNW,15.3607,31.249,1.1558,0.3931,1,-0.7403,-0.0833,-0.8237,HOLDING
2012-09-28,16,CMS,PNW,15.4724,31.344,1.1558,0.7507,1,-0.5972,-0.0833,-0.6805,HOLDING
2012-10-01,16,CMS,PNW,15.3936,31.1599,1.1558,1.0164,1,-0.5281,-0.0833,-0.6114,HOLDING
2012-10-02,16,CMS,PNW,15.4855,31.2549,1.1558,1.2135,1,-0.4346,-0.0833,-0.5179,HOLDING
2012-10-03,16,CMS,PNW,15.5315,31.5221,1.1558,0.5939,1,-0.7073,-0.0833,-0.7906,HOLDING
2012-10-04,16,CMS,PNW,15.6695,31.6408,1.1558,1.0121,1,-0.5325,-0.0833,-0.6158,HOLDING
2012-10-05,16,CMS,PNW,15.6498,31.6111,1.1558,0.9765,1,-0.539,-0.0833,-0.6223,HOLDING
2012-10-08,16,CMS,PNW,15.6564,31.623,1.1558,0.9727,1,-0.5397,-0.0833,-0.623,HOLDING
2012-10-09,16,CMS,PNW,15.6761,31.5636,1.1558,1.2275,1,-0.4037,-0.0833,-0.487,HOLDING
2012-10-10,16,CMS,PNW,15.5907,31.3915,1.1558,1.2216,1,-0.3684,-0.0833,-0.4517,HOLDING
2012-10-11,16,CMS,PNW,15.6826,31.3677,1.1558,1.623,1,-0.1022,-0.0833,-0.1855,HOLDING
2012-10-12,16,CMS,PNW,15.5512,31.2905,1.1558,1.1013,1,-0.3209,-0.0833,-0.4042,HOLDING
2012-10-15,16,CMS,PNW,15.6432,31.4865,1.1558,0.9159,1,-0.3742,-0.0833,-0.4575,HOLDING
2012-10-16,16,CMS,PNW,15.6629,31.5399,1.1558,0.7788,1,-0.4022,-0.0833,-0.4856,HOLDING
2012-10-17,16,CMS,PNW,15.8797,31.991,1.1558,0.4196,1,-0.5124,-0.0833,-0.5957,HOLDING
2012-10-18,16,CMS,PNW,15.9783,32.1573,1.1558,0.3676,1,-0.5059,-0.0833,-0.5893,HOLDING
2012-10-19,16,CMS,PNW,15.9651,31.8367,1.1558,1.4923,1,-0.0728,-0.0833,-0.1561,HOLDING
2012-10-22,16,CMS,PNW,15.8994,31.8842,1.1558,0.7481,1,-0.3073,-0.0833,-0.3907,HOLDING
2012-10-23,16,CMS,PNW,15.7483,31.3796,1.1558,1.9536,1,0.046,-0.0833,-0.0373,HOLDING
2012-10-24,16,CMS,PNW,15.6892,31.3321,1.1558,1.6816,1,-0.0338,-0.0833,-0.1172,HOLDING
2012-10-25,16,CMS,PNW,15.906,31.5102,1.1558,2.4382,1,0.2532,-0.0833,0.1699,HOLDING
2012-10-26,16,CMS,PNW,15.9126,31.3796,1.1558,2.5327,1,0.4597,-0.0833,0.3763,HOLDING
2012-10-31,16,CMS,PNW,16.1382,31.7725,1.1558,2.0699,1,0.4565,-0.0833,0.3732,HOLDING
2012-11-01,16,CMS,PNW,16.0586,31.7485,1.1558,1.4091,1,0.2908,-0.0833,0.2075,HOLDING
2012-11-02,16,CMS,PNW,15.9126,31.2926,1.1558,1.9574,1,0.5862,-0.0833,0.5028,HOLDING
2012-11-05,16,CMS,PNW,15.6538,31.0707,1.1558,0.9876,1,0.2572,-0.0833,0.1739,HOLDING
2012-11-06,16,CMS,PNW,15.6936,30.9447,1.1558,1.5578,1,0.5407,-0.0833,0.4573,HOLDING
2012-11-07,16,CMS,PNW,15.3618,30.177,1.1558,2.0008,1,0.8217,-0.0833,0.7384,HOLDING
2012-11-08,16,CMS,PNW,15.3154,30.057,1.1558,1.8471,1,0.8792,-0.0833,0.7959,HOLDING
2012-11-09,16,CMS,PNW,15.2623,29.6071,1.1558,2.4262,1,1.3998,-0.0833,1.3165,HOLDING
2012-11-12,16,CMS,PNW,15.1229,29.5591,1.1558,1.6391,1,1.1186,-0.0833,1.0353,HOLDING
2012-11-13,16,CMS,PNW,15.249,29.7391,1.1558,1.5274,1,1.1744,-0.0833,1.0911,HOLDING
2012-11-14,16,CMS,PNW,15.2026,29.5891,1.1558,1.5223,1,1.2756,-0.0833,1.1922,HOLDING
2012-11-15,16,CMS,PNW,15.1229,29.4872,1.1558,1.3039,1,1.2233,-0.0833,1.14,HOLDING
2012-11-16,16,CMS,PNW,15.4083,29.877,1.1558,1.4008,1,1.3749,-0.0833,1.2916,HOLDING
2012-11-19,16,CMS,PNW,15.4348,29.7391,1.1558,1.7005,1,1.6424,-0.0833,1.5591,HOLDING
2012-11-20,16,CMS,PNW,15.5874,29.7811,1.1558,1.9329,1,1.9657,-0.0833,1.8824,HOLDING
2012-11-21,16,CMS,PNW,15.6007,29.6791,1.1558,1.9719,1,2.1475,-0.0833,2.0641,HOLDING
2012-11-23,16,CMS,PNW,15.6073,29.5591,1.1558,1.9606,1,2.3387,-0.0833,2.2553,HOLDING
2012-11-26,16,CMS,PNW,15.813,29.8591,1.1558,1.8065,1,2.4206,-0.0833,2.3372,HOLDING
2012-11-27,16,CMS,PNW,15.8927,29.931,1.1558,1.6984,1,2.5164,-0.0833,2.4331,HOLDING
2012-11-28,16,CMS,PNW,15.9789,30.2729,1.1558,1.1693,1,2.2364,-0.0833,2.1531,HOLDING
2012-11-29,16,CMS,PNW,16.0785,30.4889,1.1558,0.9666,1,2.1731,-0.0833,2.0897,HOLDING
2012-11-30,16,CMS,PNW,16.2112,30.8667,1.1558,0.5728,1,1.9577,-0.0833,1.8744,HOLDING
2012-12-03,16,CMS,PNW,16.1249,30.8667,1.1558,0.1997,1,1.7404,-0.0833,1.6571,HOLDING
2012-12-04,16,CMS,PNW,16.178,30.8188,1.1558,0.426,1,0.0,1.775,1.775,PERIOD_END_EXIT
2012-06-05,17,AVB,UDR,88.231,15.6607,1.0031,0.0,0,0.0,0.0,0.0,HOLD_CASH
2012-06-06,17,AVB,UDR,89.8798,15.9105,1.0031,0.0,0,0.0,0.0,0.0,HOLD_CASH
2012-06-07,17,AVB,UDR,89.2241,15.6668,1.0031,0.0,0,0.0,0.0,0.0,HOLD_CASH
2012-06-08,17,AVB,UDR,90.1854,15.8495,1.0031,0.0,0,0.0,0.0,0.0,HOLD_CASH
2012-06-11,17,AVB,UDR,88.1546,15.4292,1.0031,0.0,0,0.0,0.0,0.0,HOLD_CASH
2012-06-12,17,AVB,UDR,88.6129,15.6729,1.0031,0.0,0,0.0,0.0,0.0,HOLD_CASH
2012-06-13,17,AVB,UDR,88.3583,15.4841,1.0031,0.0,0,0.0,0.0,0.0,HOLD_CASH
2012-06-14,17,AVB,UDR,89.4533,15.813,1.0031,0.0,0,0.0,0.0,0.0,HOLD_CASH
2012-06-15,17,AVB,UDR,89.5742,15.9044,1.0031,0.0,0,0.0,0.0,0.0,HOLD_CASH
2012-06-18,17,AVB,UDR,90.0963,15.9226,1.0031,0.0,0,0.0,0.0,0.0,HOLD_CASH
2012-06-19,17,AVB,UDR,90.3064,15.8861,1.0031,0.0,0,0.0,0.0,0.0,HOLD_CASH
2012-06-20,17,AVB,UDR,89.7907,15.7643,1.0031,0.0,0,0.0,0.0,0.0,HOLD_CASH
2012-06-21,17,AVB,UDR,88.0209,15.4841,1.0031,0.0,0,0.0,0.0,0.0,HOLD_CASH
2012-06-22,17,AVB,UDR,87.4479,15.3622,1.0031,0.0,0,0.0,0.0,0.0,HOLD_CASH
2012-06-25,17,AVB,UDR,87.2633,15.2465,1.0031,0.0,0,0.0,0.0,0.0,HOLD_CASH
2012-06-26,17,AVB,UDR,87.467,15.2465,1.0031,0.0,0,0.0,0.0,0.0,HOLD_CASH
2012-06-27,17,AVB,UDR,87.6594,15.1795,1.0031,0.0,0,0.0,0.0,0.0,HOLD_CASH
2012-06-28,17,AVB,UDR,88.4864,15.2952,1.0031,0.0,0,0.0,0.0,0.0,HOLD_CASH
2012-06-29,17,AVB,UDR,90.7113,15.7399,1.0031,0.0,0,0.0,0.0,0.0,HOLD_CASH
2012-07-02,17,AVB,UDR,91.9166,15.9957,1.0031,1.0351,0,0.0,0.0,0.0,HOLD_CASH
2012-07-03,17,AVB,UDR,92.3591,15.9835,1.0031,1.5565,0,0.0,0.0,0.0,HOLD_CASH
2012-07-05,17,AVB,UDR,92.0257,15.947,1.0031,1.2597,0,0.0,0.0,0.0,HOLD_CASH
2012-07-06,17,AVB,UDR,92.7053,15.99,1.0031,1.6043,0,0.0,0.0,0.0,HOLD_CASH
2012-07-09,17,AVB,UDR,92.7437,16.0699,1.0031,0.9772,0,0.0,0.0,0.0,HOLD_CASH
2012-07-10,17,AVB,UDR,91.5192,15.8549,1.0031,0.9226,0,0.0,0.0,0.0,HOLD_CASH
2012-07-11,17,AVB,UDR,91.8269,15.8119,1.0031,1.4362,0,0.0,0.0,0.0,HOLD_CASH
2012-07-12,17,AVB,UDR,93.8017,16.0269,1.0031,1.9246,0,0.0,0.0,0.0,HOLD_CASH
2012-07-13,17,AVB,UDR,95.5649,16.3279,1.0031,1.704,0,0.0,0.0,0.0,HOLD_CASH
2012-07-16,17,AVB,UDR,95.9816,16.3524,1.0031,1.8136,0,0.0,0.0,0.0,HOLD_CASH
2012-07-17,17,AVB,UDR,96.8151,16.6227,1.0031,0.9759,0,0.0,0.0,0.0,HOLD_CASH
2012-07-18,17,AVB,UDR,96.4945,16.506,1.0031,1.2513,0,0.0,0.0,0.0,HOLD_CASH
2012-07-19,17,AVB,UDR,95.7252,16.4384,1.0031,0.7572,0,0.0,0.0,0.0,HOLD_CASH
2012-07-20,17,AVB,UDR,94.9365,16.5244,1.0031,-0.8956,0,0.0,0.0,0.0,HOLD_CASH
2012-07-23,17,AVB,UDR,94.2312,16.5244,1.0031,-1.8588,0,0.0,0.0,0.0,HOLD_CASH
2012-07-24,17,AVB,UDR,93.4875,16.4814,1.0031,-2.2213,1,0.0,-0.0833,-0.0833,ENTER_LONG_A
2012-07-25,17,AVB,UDR,93.1733,16.5613,1.0031,-2.5099,1,-0.342,-0.0833,-0.4254,HOLDING
2012-07-26,17,AVB,UDR,92.6989,16.4139,1.0031,-1.8421,1,-0.1799,-0.0833,-0.2632,HOLDING
2012-07-27,17,AVB,UDR,93.2951,16.5429,1.0031,-1.7016,1,-0.2412,-0.0833,-0.3245,HOLDING
2012-07-30,17,AVB,UDR,93.7247,16.5121,1.0031,-1.1047,1,0.0278,-0.0833,-0.0556,HOLDING
2012-07-31,17,AVB,UDR,94.3082,16.3463,1.0031,0.0977,1,0.7074,-0.0833,0.624,HOLDING
2012-08-01,17,AVB,UDR,92.6155,16.0821,1.0031,-0.0216,1,0.623,-0.0833,0.5396,HOLDING
2012-08-02,17,AVB,UDR,92.8784,16.2419,1.0031,-0.5124,1,0.3355,-0.0833,0.2522,HOLDING
2012-08-03,17,AVB,UDR,92.7887,16.205,1.0031,-0.37,1,0.3889,-0.0833,0.3056,HOLDING
2012-08-06,17,AVB,UDR,91.9615,16.0207,1.0031,-0.1626,1,0.4874,-0.0833,0.4041,HOLDING
2012-08-07,17,AVB,UDR,90.8459,15.689,1.0031,0.4773,1,0.8309,-0.0833,0.7476,HOLDING
2012-08-08,17,AVB,UDR,89.57,15.5047,1.0031,0.3301,1,0.7297,-0.0833,0.6464,HOLDING
2012-08-09,17,AVB,UDR,89.3713,15.5047,1.0031,0.2313,1,0.6413,-0.0833,0.558,HOLDING
2012-08-10,17,AVB,UDR,89.9803,15.474,1.0031,0.9767,1,0.9901,-0.0833,0.9068,HOLDING
2012-08-13,17,AVB,UDR,89.2366,15.4679,1.0031,0.4407,1,0.6747,-0.0833,0.5914,HOLDING
2012-08-14,17,AVB,UDR,88.8391,15.3634,1.0031,0.6992,1,0.7622,-0.0833,0.6789,HOLDING
2012-08-15,17,AVB,UDR,89.6598,15.431,1.0031,1.2126,1,0.9563,-0.0833,0.873,HOLDING
2012-08-16,17,AVB,UDR,90.2625,15.4126,1.0031,1.8467,1,1.2712,-0.0833,1.1879,HOLDING
2012-08-17,17,AVB,UDR,90.8908,15.388,1.0031,2.1513,1,1.613,-0.0833,1.5297,HOLDING
2012-08-20,17,AVB,UDR,90.7369,15.3266,1.0031,1.9595,1,1.7001,-0.0833,1.6168,HOLDING
2012-08-21,17,AVB,UDR,90.7562,15.3696,1.0031,1.5692,1,1.5998,-0.0833,1.5164,HOLDING
2012-08-22,17,AVB,UDR,91.8782,15.517,1.0031,1.597,1,1.7258,-0.0833,1.6425,HOLDING
2012-08-23,17,AVB,UDR,92.1603,15.6214,1.0031,1.2418,1,1.5869,-0.0833,1.5036,HOLDING
2012-08-24,17,AVB,UDR,92.4424,15.6399,1.0031,1.2945,1,1.6658,-0.0833,1.5825,HOLDING
2012-08-27,17,AVB,UDR,92.1795,15.6276,1.0031,1.059,1,1.5799,-0.0833,1.4966,HOLDING
2012-08-28,17,AVB,UDR,92.0449,15.7381,1.0031,0.3198,1,1.24,-0.0833,1.1567,HOLDING
2012-08-29,17,AVB,UDR,91.6345,15.603,1.0031,0.5899,1,1.3996,-0.0833,1.3163,HOLDING
2012-08-30,17,AVB,UDR,90.9036,15.5109,1.0031,0.3413,1,1.3077,-0.0833,1.2243,HOLDING
2012-08-31,17,AVB,UDR,90.7369,15.5109,1.0031,0.0886,1,1.2335,-0.0833,1.1502,HOLDING
2012-09-04,17,AVB,UDR,91.3909,15.6337,1.0031,-0.0806,1,1.2134,-0.0833,1.1301,HOLDING
2012-09-05,17,AVB,UDR,91.4165,15.646,1.0031,-0.1905,1,1.1937,-0.0833,1.1104,HOLDING
2012-09-06,17,AVB,UDR,91.9936,15.7443,1.0031,-0.2683,1,1.2017,-0.0833,1.1183,HOLDING
2012-09-07,17,AVB,UDR,92.5578,15.8917,1.0031,-0.7821,1,1.0794,-0.0833,0.9961,HOLDING
2012-09-10,17,AVB,UDR,90.5638,15.818,1.0031,-2.4446,1,0.3787,-0.0833,0.2954,HOLDING
2012-09-11,17,AVB,UDR,90.3715,15.8856,1.0031,-2.6125,1,0.122,-0.0833,0.0387,HOLDING
2012-09-12,17,AVB,UDR,90.0253,15.8426,1.0031,-2.2937,1,0.0769,-0.0833,-0.0065,HOLDING
2012-09-13,17,AVB,UDR,90.7818,16.0207,1.0031,-2.1148,1,-0.0375,-0.0833,-0.1209,HOLDING
2012-09-14,17,AVB,UDR,90.6151,16.1804,1.0031,-2.3347,1,-0.5161,-0.0833,-0.5994,HOLDING
2012-09-17,17,AVB,UDR,90.5958,16.2173,1.0031,-2.0646,1,-0.618,-0.0833,-0.7014,HOLDING
2012-09-18,17,AVB,UDR,90.1022,15.9839,1.0031,-1.4132,1,-0.2467,-0.0833,-0.33,HOLDING
2012-09-19,17,AVB,UDR,90.6985,15.9286,1.0031,-0.8104,1,0.1587,-0.0833,0.0753,HOLDING
2012-09-20,17,AVB,UDR,88.8198,15.56,1.0031,-0.6031,1,0.256,-0.0833,0.1726,HOLDING
2012-09-21,17,AVB,UDR,88.9994,15.5109,1.0031,-0.2612,1,0.4603,-0.0833,0.3769,HOLDING
2012-09-24,17,AVB,UDR,88.3326,15.4863,1.0031,-0.5154,1,0.2257,-0.0833,0.1424,HOLDING
2012-09-25,17,AVB,UDR,86.8451,15.259,1.0031,-0.5651,1,0.1393,-0.0833,0.056,HOLDING
2012-09-26,17,AVB,UDR,87.4134,15.3143,1.0031,-0.3239,1,0.2522,-0.0833,0.1689,HOLDING
2012-09-27,17,AVB,UDR,88.2206,15.4064,1.0031,-0.0467,1,0.3781,-0.0833,0.2948,HOLDING
2012-09-28,17,AVB,UDR,87.8202,15.2467,1.0031,0.4349,1,0.6043,-0.0833,0.521,HOLDING
2012-10-01,17,AVB,UDR,87.4521,15.0624,1.0031,1.0738,1,0.9072,-0.0833,0.8238,HOLDING
2012-10-02,17,AVB,UDR,88.2335,15.1669,1.0031,1.2712,1,0.9905,-0.0833,0.9071,HOLDING
2012-10-03,17,AVB,UDR,88.2787,15.0317,1.0031,1.9054,1,1.3528,-0.0833,1.2695,HOLDING
2012-10-04,17,AVB,UDR,88.0075,14.8351,1.0031,2.3253,1,1.7298,-0.0833,1.6465,HOLDING
2012-10-05,17,AVB,UDR,87.9623,14.9777,1.0031,1.5682,1,1.3487,-0.0833,1.2653,HOLDING
2012-10-08,17,AVB,UDR,87.013,14.9715,1.0031,0.8406,1,0.9419,-0.0833,0.8586,HOLDING
2012-10-09,17,AVB,UDR,86.322,15.0335,1.0031,0.0573,1,0.4775,-0.0833,0.3941,HOLDING
2012-10-10,17,AVB,UDR,87.0001,15.1699,1.0031,-0.0498,1,0.4339,-0.0833,0.3505,HOLDING
2012-10-11,17,AVB,UDR,86.1541,14.9839,1.0031,0.0694,1,0.5283,-0.0833,0.445,HOLDING
2012-10-12,17,AVB,UDR,85.4308,14.8847,1.0031,-0.1352,1,0.4576,-0.0833,0.3743,HOLDING
2012-10-15,17,AVB,UDR,85.9604,15.0583,1.0031,-0.6682,1,0.2537,-0.0833,0.1704,HOLDING
2012-10-16,17,AVB,UDR,86.0766,15.1451,1.0031,-1.1025,1,0.0857,-0.0833,0.0024,HOLDING
2012-10-17,17,AVB,UDR,86.1993,15.1265,1.0031,-0.8897,1,0.1874,-0.0833,0.1041,HOLDING
2012-10-18,17,AVB,UDR,87.93,15.3683,1.0031,-0.5731,1,0.3454,-0.0833,0.262,HOLDING
2012-10-19,17,AVB,UDR,88.4143,15.3187,1.0031,0.134,1,0.6865,-0.0833,0.6032,HOLDING
2012-10-22,17,AVB,UDR,87.2067,15.1699,1.0031,-0.2363,1,0.5258,-0.0833,0.4425,HOLDING
2012-10-23,17,AVB,UDR,86.5674,15.0521,1.0031,-0.2498,1,0.5396,-0.0833,0.4562,HOLDING
2012-10-24,17,AVB,UDR,86.5868,15.0459,1.0031,-0.2351,1,0.5639,-0.0833,0.4806,HOLDING
2012-10-25,17,AVB,UDR,86.4835,15.1079,1.0031,-0.7144,1,0.3609,-0.0833,0.2776,HOLDING
2012-10-26,17,AVB,UDR,85.9345,15.0149,1.0031,-0.6926,1,0.3521,-0.0833,0.2688,HOLDING
2012-10-31,17,AVB,UDR,87.5425,15.0459,1.0031,0.7624,1,0.9892,-0.0833,0.9059,HOLDING
2012-11-01,17,AVB,UDR,88.4079,15.1699,1.0031,0.8906,1,1.0604,-0.0833,0.977,HOLDING
2012-11-02,17,AVB,UDR,88.9374,15.3559,1.0031,0.4302,1,0.8251,-0.0833,0.7418,HOLDING
2012-11-05,17,AVB,UDR,88.4918,15.2753,1.0031,0.7233,1,0.8308,-0.0833,0.7475,HOLDING
2012-11-06,17,AVB,UDR,88.3562,15.1265,1.0031,1.8931,1,1.1472,-0.0833,1.0639,HOLDING
2012-11-07,17,AVB,UDR,87.3811,15.0149,1.0031,1.391,1,0.9958,-0.0833,0.9125,HOLDING
2012-11-08,17,AVB,UDR,85.7925,14.7855,1.0031,0.9302,1,0.8697,-0.0833,0.7864,HOLDING
2012-11-09,17,AVB,UDR,85.1983,14.5314,1.0031,1.8978,1,1.2489,-0.0833,1.1655,HOLDING
2012-11-12,17,AVB,UDR,84.7011,14.519,1.0031,1.2009,1,1.059,-0.0833,0.9757,HOLDING
2012-11-13,17,AVB,UDR,84.1586,14.4632,1.0031,0.8373,1,0.9589,-0.0833,0.8755,HOLDING
2012-11-14,17,AVB,UDR,82.4085,14.0912,1.0031,1.2573,1,1.1219,-0.0833,1.0385,HOLDING
2012-11-15,17,AVB,UDR,82.4602,13.9548,1.0031,2.0936,1,1.4902,-0.0833,1.4069,HOLDING
2012-11-16,17,AVB,UDR,83.2222,13.992,1.0031,2.3304,1,1.7351,-0.0833,1.6518,HOLDING
2012-11-19,17,AVB,UDR,83.9326,14.1656,1.0031,1.7338,1,1.6117,-0.0833,1.5284,HOLDING
2012-11-20,17,AVB,UDR,83.3966,14.147,1.0031,1.1397,1,1.4203,-0.0833,1.337,HOLDING
2012-11-21,17,AVB,UDR,82.2665,14.0788,1.0031,0.2836,1,1.0901,-0.0833,1.0067,HOLDING
2012-11-23,17,AVB,UDR,83.0091,14.2028,1.0031,0.235,1,1.1066,-0.0833,1.0233,HOLDING
2012-11-26,17,AVB,UDR,83.2739,14.2152,1.0031,0.3886,1,1.193,-0.0833,1.1097,HOLDING
2012-11-27,17,AVB,UDR,85.4696,14.333,1.0031,1.9794,1,1.8719,-0.0833,1.7885,HOLDING
2012-11-28,17,AVB,UDR,85.2758,14.2338,1.0031,2.2159,1,2.0368,-0.0833,1.9535,HOLDING
2012-11-29,17,AVB,UDR,85.9152,14.271,1.0031,2.2015,1,2.2271,-0.0833,2.1438,HOLDING
2012-11-30,17,AVB,UDR,85.108,14.2648,1.0031,1.2634,1,1.8836,-0.0833,1.8003,HOLDING
2012-12-03,17,AVB,UDR,85.8893,14.2896,1.0031,1.6707,1,2.1685,-0.0833,2.0852,HOLDING
2012-12-04,17,AVB,UDR,86.6836,14.3268,1.0031,1.9151,1,0.0,2.2696,2.2696,PERIOD_END_EXIT
2012-06-05,18,DTE,XEL,30.3208,17.9865,0.9922,0.0,0,0.0,0.0,0.0,HOLD_CASH
2012-06-06,18,DTE,XEL,30.6444,18.1519,0.9922,0.0,0,0.0,0.0,0.0,HOLD_CASH
2012-06-07,18,DTE,XEL,30.5542,18.0692,0.9922,0.0,0,0.0,0.0,0.0,HOLD_CASH
2012-06-08,18,DTE,XEL,30.7664,18.0819,0.9922,0.0,0,0.0,0.0,0.0,HOLD_CASH
2012-06-11,18,DTE,XEL,30.8461,18.171,0.9922,0.0,0,0.0,0.0,0.0,HOLD_CASH
2012-06-12,18,DTE,XEL,31.1113,18.0819,0.9922,0.0,0,0.0,0.0,0.0,HOLD_CASH
2012-06-13,18,DTE,XEL,31.1803,18.101,0.9922,0.0,0,0.0,0.0,0.0,HOLD_CASH
2012-06-14,18,DTE,XEL,31.5517,18.2855,0.9922,0.0,0,0.0,0.0,0.0,HOLD_CASH
2012-06-15,18,DTE,XEL,31.8806,18.3618,0.9922,0.0,0,0.0,0.0,0.0,HOLD_CASH
2012-06-18,18,DTE,XEL,32.1153,18.4572,0.9922,0.0,0,0.0,0.0,0.0,HOLD_CASH
2012-06-19,18,DTE,XEL,31.8581,18.393,0.9922,0.0,0,0.0,0.0,0.0,HOLD_CASH
2012-06-20,18,DTE,XEL,31.6545,18.072,0.9922,0.0,0,0.0,0.0,0.0,HOLD_CASH
2012-06-21,18,DTE,XEL,31.333,17.8794,0.9922,0.0,0,0.0,0.0,0.0,HOLD_CASH
2012-06-22,18,DTE,XEL,31.3009,17.8922,0.9922,0.0,0,0.0,0.0,0.0,HOLD_CASH
2012-06-25,18,DTE,XEL,31.1562,17.8794,0.9922,0.0,0,0.0,0.0,0.0,HOLD_CASH
2012-06-26,18,DTE,XEL,31.1669,17.8345,0.9922,0.0,0,0.0,0.0,0.0,HOLD_CASH
2012-06-27,18,DTE,XEL,31.4241,17.995,0.9922,0.0,0,0.0,0.0,0.0,HOLD_CASH
2012-06-28,18,DTE,XEL,31.6224,18.0142,0.9922,0.0,0,0.0,0.0,0.0,HOLD_CASH
2012-06-29,18,DTE,XEL,31.7885,18.2389,0.9922,0.0,0,0.0,0.0,0.0,HOLD_CASH
2012-07-02,18,DTE,XEL,31.8152,18.4444,0.9922,-0.1025,0,0.0,0.0,0.0,HOLD_CASH
2012-07-03,18,DTE,XEL,31.9063,18.4379,0.9922,0.0416,0,0.0,0.0,0.0,HOLD_CASH
2012-07-05,18,DTE,XEL,31.7134,18.3866,0.9922,-0.3593,0,0.0,0.0,0.0,HOLD_CASH
2012-07-06,18,DTE,XEL,31.7402,18.3545,0.9922,-0.2625,0,0.0,0.0,0.0,HOLD_CASH
2012-07-09,18,DTE,XEL,31.5956,18.393,0.9922,-1.1381,0,0.0,0.0,0.0,HOLD_CASH
2012-07-10,18,DTE,XEL,31.6063,18.3866,0.9922,-1.3461,0,0.0,0.0,0.0,HOLD_CASH
2012-07-11,18,DTE,XEL,31.6599,18.4893,0.9922,-1.765,0,0.0,0.0,0.0,HOLD_CASH
2012-07-12,18,DTE,XEL,31.7349,18.4636,0.9922,-1.2268,0,0.0,0.0,0.0,HOLD_CASH
2012-07-13,18,DTE,XEL,32.1421,18.5471,0.9922,-0.161,0,0.0,0.0,0.0,HOLD_CASH
2012-07-16,18,DTE,XEL,32.276,18.5406,0.9922,0.4242,0,0.0,0.0,0.0,HOLD_CASH
2012-07-17,18,DTE,XEL,32.4689,18.6434,0.9922,0.4799,0,0.0,0.0,0.0,HOLD_CASH
2012-07-18,18,DTE,XEL,32.6082,18.7204,0.9922,0.4649,0,0.0,0.0,0.0,HOLD_CASH
2012-07-19,18,DTE,XEL,32.5118,18.6369,0.9922,0.7034,0,0.0,0.0,0.0,HOLD_CASH
2012-07-20,18,DTE,XEL,32.6993,18.7461,0.9922,0.7503,0,0.0,0.0,0.0,HOLD_CASH
2012-07-23,18,DTE,XEL,32.2385,18.5663,0.9922,0.1545,0,0.0,0.0,0.0,HOLD_CASH
2012-07-24,18,DTE,XEL,31.8099,18.4379,0.9922,-0.7188,0,0.0,0.0,0.0,HOLD_CASH
2012-07-25,18,DTE,XEL,31.7885,18.4122,0.9922,-0.5441,0,0.0,0.0,0.0,HOLD_CASH
2012-07-26,18,DTE,XEL,32.2117,18.7011,0.9922,-0.7899,0,0.0,0.0,0.0,HOLD_CASH
2012-07-27,18,DTE,XEL,32.7636,18.9066,0.9922,0.2732,0,0.0,0.0,0.0,HOLD_CASH
2012-07-30,18,DTE,XEL,33.0368,18.99,0.9922,0.9829,0,0.0,0.0,0.0,HOLD_CASH
2012-07-31,18,DTE,XEL,32.8815,18.8103,0.9922,1.586,0,0.0,0.0,0.0,HOLD_CASH
2012-08-01,18,DTE,XEL,32.7904,18.7718,0.9922,1.3178,0,0.0,0.0,0.0,HOLD_CASH
2012-08-02,18,DTE,XEL,32.6511,18.5856,0.9922,1.8699,0,0.0,0.0,0.0,HOLD_CASH
2012-08-03,18,DTE,XEL,33.0315,18.8231,0.9922,1.5187,0,0.0,0.0,0.0,HOLD_CASH
2012-08-06,18,DTE,XEL,32.9243,18.7974,0.9922,1.1521,0,0.0,0.0,0.0,HOLD_CASH
2012-08-07,18,DTE,XEL,32.5761,18.5856,0.9922,1.1275,0,0.0,0.0,0.0,HOLD_CASH
2012-08-08,18,DTE,XEL,32.5225,18.5342,0.9922,1.2256,0,0.0,0.0,0.0,HOLD_CASH
2012-08-09,18,DTE,XEL,32.2653,18.4444,0.9922,0.6817,0,0.0,0.0,0.0,HOLD_CASH
2012-08-10,18,DTE,XEL,32.4207,18.5278,0.9922,0.6619,0,0.0,0.0,0.0,HOLD_CASH
2012-08-13,18,DTE,XEL,32.2599,18.4572,0.9922,0.4232,0,0.0,0.0,0.0,HOLD_CASH
2012-08-14,18,DTE,XEL,32.1528,18.47,0.9922,-0.2602,0,0.0,0.0,0.0,HOLD_CASH
2012-08-15,18,DTE,XEL,32.276,18.3737,0.9922,1.1649,0,0.0,0.0,0.0,HOLD_CASH
2012-08-16,18,DTE,XEL,32.3564,18.3416,0.9922,1.6331,0,0.0,0.0,0.0,HOLD_CASH
2012-08-17,18,DTE,XEL,32.4314,18.2903,0.9922,2.0125,-1,0.0,-0.0833,-0.0833,ENTER_SHORT_A
2012-08-20,18,DTE,XEL,32.3885,18.2838,0.9922,1.641,-1,0.0407,-0.0833,-0.0426,HOLDING
2012-08-21,18,DTE,XEL,32.0724,18.149,0.9922,1.2297,-1,0.1425,-0.0833,0.0592,HOLDING
2012-08-22,18,DTE,XEL,31.8742,18.0913,0.9922,0.7615,-1,0.2671,-0.0833,0.1838,HOLDING
2012-08-23,18,DTE,XEL,31.3598,17.751,0.9922,1.1133,-1,0.1584,-0.0833,0.0751,HOLDING
2012-08-24,18,DTE,XEL,31.4723,17.9308,0.9922,-0.0657,-1,0.4212,-0.0833,0.3379,HOLDING
2012-08-27,18,DTE,XEL,31.6009,17.9564,0.9922,0.3593,-1,0.3136,-0.0833,0.2303,HOLDING
2012-08-28,18,DTE,XEL,31.5956,17.9436,0.9922,0.4075,-1,0.2914,-0.0833,0.2081,HOLDING
2012-08-29,18,DTE,XEL,31.5366,17.9436,0.9922,-0.0449,-1,0.3674,-0.0833,0.2841,HOLDING
2012-08-30,18,DTE,XEL,31.3866,17.873,0.9922,-0.2234,-1,0.4007,-0.0833,0.3173,HOLDING
2012-08-31,18,DTE,XEL,31.2902,17.9051,0.9922,-1.1842,-1,0.5979,-0.0833,0.5146,HOLDING
2012-09-04,18,DTE,XEL,31.8367,18.0271,0.9922,0.9342,-1,0.1698,-0.0833,0.0865,HOLDING
2012-09-05,18,DTE,XEL,31.6652,17.995,0.9922,0.1476,-1,0.3181,-0.0833,0.2348,HOLDING
2012-09-06,18,DTE,XEL,31.9813,18.194,0.9922,-0.0735,-1,0.362,-0.0833,0.2787,HOLDING
2012-09-07,18,DTE,XEL,31.8742,18.0399,0.9922,0.8954,-1,0.1506,-0.0833,0.0672,HOLDING
2012-09-10,18,DTE,XEL,31.8688,18.0463,0.9922,0.7055,-1,0.1721,-0.0833,0.0887,HOLDING
2012-09-11,18,DTE,XEL,31.9385,17.9821,0.9922,1.7238,-1,-0.0635,-0.0833,-0.1468,HOLDING
2012-09-12,18,DTE,XEL,31.7402,17.9308,0.9922,0.998,-1,0.0757,-0.0833,-0.0076,HOLDING
2012-09-13,18,DTE,XEL,32.0922,18.1876,0.9922,0.175,-1,0.2044,-0.0833,0.1211,HOLDING
2012-09-14,18,DTE,XEL,31.8431,18.0656,0.9922,-0.0981,-1,0.2489,-0.0833,0.1656,HOLDING
2012-09-17,18,DTE,XEL,31.6861,17.8794,0.9922,1.2922,-1,0.029,-0.0833,-0.0544,HOLDING
2012-09-18,18,DTE,XEL,31.6536,17.7951,0.9922,2.0137,-1,-0.1204,-0.0833,-0.2037,HOLDING
2012-09-19,18,DTE,XEL,31.7078,17.7757,0.9922,2.2097,-1,-0.2343,-0.0833,-0.3177,HOLDING
2012-09-20,18,DTE,XEL,31.8269,17.7822,0.9922,2.3088,-1,-0.3733,-0.0833,-0.4566,HOLDING
2012-09-21,18,DTE,XEL,31.8431,17.7108,0.9922,2.4137,-1,-0.556,-0.0833,-0.6393,HOLDING
2012-09-24,18,DTE,XEL,32.2438,17.8859,0.9922,2.271,-1,-0.6756,-0.0833,-0.759,HOLDING
2012-09-25,18,DTE,XEL,32.3304,17.9248,0.9922,1.9635,-1,-0.6991,-0.0833,-0.7824,HOLDING
2012-09-26,18,DTE,XEL,32.4875,17.9896,0.9922,1.8025,-1,-0.7546,-0.0833,-0.8379,HOLDING
2012-09-27,18,DTE,XEL,32.3575,17.7951,0.9922,2.0768,-1,-1.0282,-0.0833,-1.1116,HOLDING
2012-09-28,18,DTE,XEL,32.4549,17.9637,0.9922,1.3441,-1,-0.7714,-0.0833,-0.8548,HOLDING
2012-10-01,18,DTE,XEL,32.2221,17.8081,0.9922,1.3523,-1,-0.8242,-0.0833,-0.9075,HOLDING
2012-10-02,18,DTE,XEL,32.3792,17.9248,0.9922,1.0864,-1,-0.762,-0.0833,-0.8453,HOLDING
2012-10-03,18,DTE,XEL,32.612,18.0415,0.9922,1.0477,-1,-0.7975,-0.0833,-0.8808,HOLDING
2012-10-04,18,DTE,XEL,32.8015,18.1322,0.9922,1.0295,-1,-0.836,-0.0833,-0.9193,HOLDING
2012-10-05,18,DTE,XEL,32.8502,18.1128,0.9922,1.1548,-1,-0.9429,-0.0833,-1.0263,HOLDING
2012-10-08,18,DTE,XEL,32.8556,18.1193,0.9922,1.0377,-1,-0.9352,-0.0833,-1.0186,HOLDING
2012-10-09,18,DTE,XEL,32.8773,18.048,0.9922,1.335,-1,-1.125,-0.0833,-1.2083,HOLDING
2012-10-10,18,DTE,XEL,32.8069,17.9637,0.9922,1.4286,-1,-1.2254,-0.0833,-1.3087,HOLDING
2012-10-11,18,DTE,XEL,32.899,17.9702,0.9922,1.5491,-1,-1.3294,-0.0833,-1.4127,HOLDING
2012-10-12,18,DTE,XEL,32.6932,17.9053,0.9922,1.2458,-1,-1.2111,-0.0833,-1.2945,HOLDING
2012-10-15,18,DTE,XEL,32.9098,17.9831,0.9922,1.4499,-1,-1.314,-0.0833,-1.3973,HOLDING
2012-10-16,18,DTE,XEL,32.9964,18.0415,0.9922,1.3185,-1,-1.2933,-0.0833,-1.3766,HOLDING
2012-10-17,18,DTE,XEL,33.3484,18.2878,0.9922,0.8759,-1,-1.1882,-0.0833,-1.2716,HOLDING
2012-10-18,18,DTE,XEL,33.4025,18.3267,0.9922,0.7402,-1,-1.1698,-0.0833,-1.2532,HOLDING
2012-10-19,18,DTE,XEL,33.2509,18.1776,0.9922,1.2608,-1,-1.3126,-0.0833,-1.3959,HOLDING
2012-10-22,18,DTE,XEL,33.3267,18.1517,0.9922,1.7159,-1,-1.4692,-0.0833,-1.5526,HOLDING
2012-10-23,18,DTE,XEL,32.8881,18.0804,0.9922,-0.0167,-1,-1.0654,-0.0833,-1.1487,HOLDING
2012-10-24,18,DTE,XEL,33.0397,17.9248,0.9922,2.0944,-1,-1.614,-0.0833,-1.6973,HOLDING
2012-10-25,18,DTE,XEL,33.3538,18.1711,0.9922,1.2477,-1,-1.46,-0.0833,-1.5434,HOLDING
2012-10-26,18,DTE,XEL,33.3863,18.1452,0.9922,1.482,-1,-1.5608,-0.0833,-1.6441,HOLDING
2012-10-31,18,DTE,XEL,33.6245,18.3137,0.9922,1.0383,-1,-1.4856,-0.0833,-1.5689,HOLDING
2012-11-01,18,DTE,XEL,33.3646,18.2359,0.9922,0.3654,-1,-1.3269,-0.0833,-1.4103,HOLDING
2012-11-02,18,DTE,XEL,33.1805,18.0868,0.9922,0.7762,-1,-1.4278,-0.0833,-1.5111,HOLDING
2012-11-05,18,DTE,XEL,32.6986,17.8275,0.9922,0.6504,-1,-1.3946,-0.0833,-1.478,HOLDING
2012-11-06,18,DTE,XEL,32.899,17.8211,0.9922,1.9032,-1,-1.6678,-0.0833,-1.7511,HOLDING
2012-11-07,18,DTE,XEL,32.1951,17.4775,0.9922,1.3214,-1,-1.5395,-0.0833,-1.6229,HOLDING
2012-11-08,18,DTE,XEL,32.1138,17.3608,0.9922,1.9998,-1,-1.6996,-0.0833,-1.7829,HOLDING
2012-11-09,18,DTE,XEL,32.0489,17.1793,0.9922,2.815,-1,-2.0276,-0.0833,-2.111,HOLDING
2012-11-12,18,DTE,XEL,31.7078,16.9264,0.9922,2.6234,-1,-2.1614,-0.0833,-2.2447,HOLDING
2012-11-13,18,DTE,XEL,31.9189,17.0172,0.9922,2.266,-1,-2.2278,-0.0833,-2.3111,HOLDING
2012-11-14,18,DTE,XEL,31.816,17.0885,0.9922,1.243,-1,-1.9333,-0.0833,-2.0166,HOLDING
2012-11-15,18,DTE,XEL,31.7511,16.8746,0.9922,2.0399,-1,-2.3349,-0.0833,-2.4183,HOLDING
2012-11-16,18,DTE,XEL,32.1084,17.0302,0.9922,1.9268,-1,-2.4428,-0.0833,-2.5262,HOLDING
2012-11-19,18,DTE,XEL,32.0435,16.9459,0.9922,1.898,-1,-2.5502,-0.0833,-2.6336,HOLDING
2012-11-20,18,DTE,XEL,32.103,16.9264,0.9922,1.8564,-1,-2.6712,-0.0833,-2.7545,HOLDING
2012-11-21,18,DTE,XEL,31.9568,16.9394,0.9922,1.2706,-1,-2.4532,-0.0833,-2.5365,HOLDING
2012-11-23,18,DTE,XEL,31.881,16.8681,0.9922,1.2989,-1,-2.5173,-0.0833,-2.6006,HOLDING
2012-11-26,18,DTE,XEL,32.0922,17.0561,0.9922,0.851,-1,-2.363,-0.0833,-2.4463,HOLDING
2012-11-27,18,DTE,XEL,32.0868,17.1468,0.9922,0.3433,-1,-2.1501,-0.0833,-2.2334,HOLDING
2012-11-28,18,DTE,XEL,32.26,17.1987,0.9922,0.4766,-1,-2.2559,-0.0833,-2.3392,HOLDING
2012-11-29,18,DTE,XEL,32.4279,17.3219,0.9922,0.2434,-1,-2.1929,-0.0833,-2.2762,HOLDING
2012-11-30,18,DTE,XEL,32.8015,17.5358,0.9922,0.0871,-1,-2.1893,-0.0833,-2.2726,HOLDING
2012-12-03,18,DTE,XEL,32.8015,17.4645,0.9922,0.4139,-1,-2.3511,-0.0833,-2.4345,HOLDING
2012-12-04,18,DTE,XEL,32.7528,17.3349,0.9922,1.0218,-1,0.0,-2.7474,-2.7474,PERIOD_END_EXIT
2012-06-05,19,BXP,EQR,58.5061,31.9803,0.9599,0.0,0,0.0,0.0,0.0,HOLD_CASH
2012-06-06,19,BXP,EQR,59.969,32.6737,0.9599,0.0,0,0.0,0.0,0.0,HOLD_CASH
2012-06-07,19,BXP,EQR,59.8077,32.3349,0.9599,0.0,0,0.0,0.0,0.0,HOLD_CASH
2012-06-08,19,BXP,EQR,60.5852,32.7637,0.9599,0.0,0,0.0,0.0,0.0,HOLD_CASH
2012-06-11,19,BXP,EQR,58.6789,32.1285,0.9599,0.0,0,0.0,0.0,0.0,HOLD_CASH
2012-06-12,19,BXP,EQR,58.7768,32.2714,0.9599,0.0,0,0.0,0.0,0.0,HOLD_CASH
2012-06-13,19,BXP,EQR,58.4543,32.1603,0.9599,0.0,0,0.0,0.0,0.0,HOLD_CASH
2012-06-14,19,BXP,EQR,59.4391,32.7743,0.9599,0.0,0,0.0,0.0,0.0,HOLD_CASH
2012-06-15,19,BXP,EQR,59.9114,32.7795,0.9599,0.0,0,0.0,0.0,0.0,HOLD_CASH
2012-06-18,19,BXP,EQR,60.4354,32.7795,0.9599,0.0,0,0.0,0.0,0.0,HOLD_CASH
2012-06-19,19,BXP,EQR,60.6485,32.7213,0.9599,0.0,0,0.0,0.0,0.0,HOLD_CASH
2012-06-20,19,BXP,EQR,60.781,32.4009,0.9599,0.0,0,0.0,0.0,0.0,HOLD_CASH
2012-06-21,19,BXP,EQR,59.6867,31.6505,0.9599,0.0,0,0.0,0.0,0.0,HOLD_CASH
2012-06-22,19,BXP,EQR,59.4967,31.5813,0.9599,0.0,0,0.0,0.0,0.0,HOLD_CASH
2012-06-25,19,BXP,EQR,59.9459,31.6665,0.9599,0.0,0,0.0,0.0,0.0,HOLD_CASH
2012-06-26,19,BXP,EQR,59.9517,31.6771,0.9599,0.0,0,0.0,0.0,0.0,HOLD_CASH
2012-06-27,19,BXP,EQR,60.1254,31.6665,0.9599,0.0,0,0.0,0.0,0.0,HOLD_CASH
2012-06-28,19,BXP,EQR,60.7101,32.2146,0.9599,0.0,0,0.0,0.0,0.0,HOLD_CASH
2012-06-29,19,BXP,EQR,62.7423,33.1886,0.9599,0.0,0,0.0,0.0,0.0,HOLD_CASH
2012-07-02,19,BXP,EQR,63.437,33.4973,0.9599,1.2645,0,0.0,0.0,0.0,HOLD_CASH
2012-07-03,19,BXP,EQR,63.8307,33.774,0.9599,1.0476,0,0.0,0.0,0.0,HOLD_CASH
2012-07-05,19,BXP,EQR,63.3213,33.5132,0.9599,0.9161,0,0.0,0.0,0.0,HOLD_CASH
2012-07-06,19,BXP,EQR,63.7902,33.641,0.9599,1.038,0,0.0,0.0,0.0,HOLD_CASH
2012-07-09,19,BXP,EQR,63.4718,33.7687,0.9599,0.4688,0,0.0,0.0,0.0,HOLD_CASH
2012-07-10,19,BXP,EQR,62.7886,33.2897,0.9599,0.567,0,0.0,0.0,0.0,HOLD_CASH
2012-07-11,19,BXP,EQR,63.0781,33.5452,0.9599,0.3157,0,0.0,0.0,0.0,HOLD_CASH
2012-07-12,19,BXP,EQR,63.0491,33.8698,0.9599,-0.5013,0,0.0,0.0,0.0,HOLD_CASH
2012-07-13,19,BXP,EQR,64.0276,34.4659,0.9599,-0.8875,0,0.0,0.0,0.0,HOLD_CASH
2012-07-16,19,BXP,EQR,63.9755,34.4978,0.9599,-1.3855,0,0.0,0.0,0.0,HOLD_CASH
2012-07-17,19,BXP,EQR,64.815,34.8438,0.9599,-1.1926,0,0.0,0.0,0.0,HOLD_CASH
2012-07-18,19,BXP,EQR,64.2765,34.567,0.9599,-1.4213,0,0.0,0.0,0.0,HOLD_CASH
2012-07-19,19,BXP,EQR,63.8886,34.3488,0.9599,-1.3141,0,0.0,0.0,0.0,HOLD_CASH
2012-07-20,19,BXP,EQR,63.6455,34.1093,0.9599,-0.8344,0,0.0,0.0,0.0,HOLD_CASH
2012-07-23,19,BXP,EQR,63.1476,34.0348,0.9599,-1.4539,0,0.0,0.0,0.0,HOLD_CASH
2012-07-24,19,BXP,EQR,62.8407,33.774,0.9599,-1.0186,0,0.0,0.0,0.0,HOLD_CASH
2012-07-25,19,BXP,EQR,62.9449,33.79,0.9599,-0.7806,0,0.0,0.0,0.0,HOLD_CASH
2012-07-26,19,BXP,EQR,63.7497,33.4866,0.9599,1.8464,0,0.0,0.0,0.0,HOLD_CASH
2012-07-27,19,BXP,EQR,64.1434,33.5186,0.9599,2.0873,-1,0.0,-0.0833,-0.0833,ENTER_SHORT_A
2012-07-30,19,BXP,EQR,63.9292,33.7048,0.9599,1.1141,-1,0.3688,-0.0833,0.2855,HOLDING
2012-07-31,19,BXP,EQR,64.2071,33.6942,0.9599,1.5027,-1,0.1716,-0.0833,0.0883,HOLDING
2012-08-01,19,BXP,EQR,64.3807,33.2631,0.9599,2.418,-1,-0.4684,-0.0833,-0.5517,HOLDING
2012-08-02,19,BXP,EQR,64.7339,33.4174,0.9599,2.0976,-1,-0.5146,-0.0833,-0.5979,HOLDING
2012-08-03,19,BXP,EQR,65.4229,33.3749,0.9599,2.3766,-1,-1.0231,-0.0833,-1.1065,HOLDING
2012-08-06,19,BXP,EQR,65.5213,33.1833,0.9599,2.255,-1,-1.3217,-0.0833,-1.405,HOLDING
2012-08-07,19,BXP,EQR,65.1507,32.683,0.9599,2.2036,-1,-1.6852,-0.0833,-1.7685,HOLDING
2012-08-08,19,BXP,EQR,64.1434,32.3743,0.9599,1.6641,-1,-1.3933,-0.0833,-1.4766,HOLDING
2012-08-09,19,BXP,EQR,63.9871,32.0656,0.9599,1.6869,-1,-1.6656,-0.0833,-1.7489,HOLDING
2012-08-10,19,BXP,EQR,64.0913,32.039,0.9599,1.5673,-1,-1.7671,-0.0833,-1.8504,HOLDING
2012-08-13,19,BXP,EQR,64.2649,31.8048,0.9599,1.6849,-1,-2.1673,-0.0833,-2.2507,HOLDING
2012-08-14,19,BXP,EQR,64.0102,31.5707,0.9599,1.5825,-1,-2.2836,-0.0833,-2.3669,HOLDING
2012-08-15,19,BXP,EQR,64.4618,31.6984,0.9599,1.5037,-1,-2.4274,-0.0833,-2.5108,HOLDING
2012-08-16,19,BXP,EQR,64.8381,31.7995,0.9599,1.4321,-1,-2.5537,-0.0833,-2.6371,HOLDING
2012-08-17,19,BXP,EQR,64.7049,32.023,0.9599,1.047,-1,-2.1933,-0.0833,-2.2766,HOLDING
2012-08-20,19,BXP,EQR,64.4618,31.9911,0.9599,0.8765,-1,-2.071,-0.0833,-2.1543,HOLDING
2012-08-21,19,BXP,EQR,64.4676,32.1029,0.9599,0.6923,-1,-1.9387,-0.0833,-2.0221,HOLDING
2012-08-22,19,BXP,EQR,64.6239,32.4275,0.9599,0.334,-1,-1.6471,-0.0833,-1.7304,HOLDING
2012-08-23,19,BXP,EQR,64.6007,32.6085,0.9599,0.0014,-1,-1.4113,-0.0833,-1.4947,HOLDING
2012-08-24,19,BXP,EQR,64.7513,32.369,0.9599,0.3675,-1,-1.8028,-0.0833,-1.8861,HOLDING
2012-08-27,19,BXP,EQR,64.5139,32.4808,0.9599,-0.1141,-1,-1.5093,-0.0833,-1.5926,HOLDING
2012-08-28,19,BXP,EQR,64.7571,32.5287,0.9599,-0.1237,-1,-1.6122,-0.0833,-1.6955,HOLDING
2012-08-29,19,BXP,EQR,64.7571,32.4222,0.9599,-0.0057,-1,-1.7418,-0.0833,-1.8251,HOLDING
2012-08-30,19,BXP,EQR,64.4965,32.2626,0.9599,-0.0896,-1,-1.7635,-0.0833,-1.8468,HOLDING
2012-08-31,19,BXP,EQR,64.9192,32.1455,0.9599,0.8878,-1,-2.1862,-0.0833,-2.2696,HOLDING
2012-09-04,19,BXP,EQR,65.2839,32.2519,0.9599,1.0712,-1,-2.2984,-0.0833,-2.3817,HOLDING
2012-09-05,19,BXP,EQR,65.0639,32.1082,0.9599,1.0657,-1,-2.3276,-0.0833,-2.4109,HOLDING
2012-09-06,19,BXP,EQR,65.3939,32.3158,0.9599,0.8514,-1,-2.2936,-0.0833,-2.3769,HOLDING
2012-09-07,19,BXP,EQR,66.2161,32.2306,0.9599,2.2022,-1,-2.9422,-0.0833,-3.0256,HOLDING
2012-09-10,19,BXP,EQR,65.5444,31.6452,0.9599,2.3672,-1,-3.2099,-0.0833,-3.2932,HOLDING
2012-09-11,19,BXP,EQR,65.2376,31.592,0.9599,1.8045,-1,-3.0713,-0.0833,-3.1546,HOLDING
2012-09-12,19,BXP,EQR,65.2839,31.5334,0.9599,1.7556,-1,-3.1733,-0.0833,-3.2566,HOLDING
2012-09-13,19,BXP,EQR,66.4824,32.0284,0.9599,1.7571,-1,-3.365,-0.0833,-3.4484,HOLDING
2012-09-14,19,BXP,EQR,67.2003,32.055,0.9599,2.0623,-1,-3.8085,-0.0833,-3.8918,HOLDING
2012-09-17,19,BXP,EQR,67.0845,32.0603,0.9599,1.692,-1,-3.7253,-0.0833,-3.8086,HOLDING
2012-09-18,19,BXP,EQR,66.5519,31.8102,0.9599,1.4731,-1,-3.6768,-0.0833,-3.7601,HOLDING
2012-09-19,19,BXP,EQR,65.805,31.6378,0.9599,1.0459,-1,-3.3916,-0.0833,-3.4749,HOLDING
2012-09-20,19,BXP,EQR,65.1566,30.8029,0.9599,1.6291,-1,-3.9785,-0.0833,-4.0618,HOLDING
2012-09-21,19,BXP,EQR,65.7355,30.7386,0.9599,1.8872,-1,-4.4404,-0.0833,-4.5238,HOLDING
2012-09-24,19,BXP,EQR,65.1739,30.9046,0.9599,1.1278,-1,-3.8661,-0.0833,-3.9494,HOLDING
2012-09-25,19,BXP,EQR,64.1608,30.5031,0.9599,0.8993,-1,-3.6833,-0.0833,-3.7666,HOLDING
2012-09-26,19,BXP,EQR,64.2364,30.7119,0.9599,0.5615,-1,-3.4793,-0.0833,-3.5626,HOLDING
2012-09-27,19,BXP,EQR,64.8124,30.9046,0.9599,0.6432,-1,-3.6265,-0.0833,-3.7098,HOLDING
2012-09-28,19,BXP,EQR,64.3586,30.7922,0.9599,0.3597,-1,-3.4625,-0.0833,-3.5458,HOLDING
2012-10-01,19,BXP,EQR,63.6778,30.6209,0.9599,-0.0787,-1,-3.2198,-0.0833,-3.3031,HOLDING
2012-10-02,19,BXP,EQR,63.8756,30.7922,0.9599,-0.3544,-1,-3.1424,-0.0833,-3.2257,HOLDING
2012-10-03,19,BXP,EQR,64.2887,30.5781,0.9599,0.618,-1,-3.6769,-0.0833,-3.7602,HOLDING
2012-10-04,19,BXP,EQR,63.9338,30.2302,0.9599,1.1226,-1,-3.8653,-0.0833,-3.9486,HOLDING
2012-10-05,19,BXP,EQR,64.0909,30.4443,0.9599,0.5774,-1,-3.7087,-0.0833,-3.792,HOLDING
2012-10-08,19,BXP,EQR,64.0153,30.1873,0.9599,1.2662,-1,-3.9714,-0.0833,-4.0547,HOLDING
2012-10-09,19,BXP,EQR,63.7593,29.8876,0.9599,1.73,-1,-4.1667,-0.0833,-4.25,HOLDING
2012-10-10,19,BXP,EQR,63.7127,30.1552,0.9599,0.568,-1,-3.8099,-0.0833,-3.8933,HOLDING
2012-10-11,19,BXP,EQR,63.6836,30.0749,0.9599,0.7476,-1,-3.8884,-0.0833,-3.9718,HOLDING
2012-10-12,19,BXP,EQR,63.4102,29.9839,0.9599,0.5255,-1,-3.818,-0.0833,-3.9013,HOLDING
2012-10-15,19,BXP,EQR,63.928,30.0856,0.9599,1.0427,-1,-4.0374,-0.0833,-4.1207,HOLDING
2012-10-16,19,BXP,EQR,64.1665,30.1713,0.9599,1.0553,-1,-4.0912,-0.0833,-4.1746,HOLDING
2012-10-17,19,BXP,EQR,64.0793,30.182,0.9599,0.7661,-1,-4.0203,-0.0833,-4.1037,HOLDING
2012-10-18,19,BXP,EQR,64.8531,30.7654,0.9599,-0.0259,-1,-3.8229,-0.0833,-3.9063,HOLDING
2012-10-19,19,BXP,EQR,63.7302,30.5781,0.9599,-1.4072,-1,-3.3066,-0.0833,-3.39,HOLDING
2012-10-22,19,BXP,EQR,63.5905,30.1392,0.9599,0.161,-1,-3.7485,-0.0833,-3.8318,HOLDING
2012-10-23,19,BXP,EQR,62.6596,30.1285,0.9599,-1.5721,-1,-3.1444,-0.0833,-3.2277,HOLDING
2012-10-24,19,BXP,EQR,62.6712,30.0375,0.9599,-1.1421,-1,-3.2629,-0.0833,-3.3463,HOLDING
2012-10-25,19,BXP,EQR,62.4617,30.198,0.9599,-1.878,-1,-2.9285,-0.0833,-3.0119,HOLDING
2012-10-26,19,BXP,EQR,61.9846,30.0054,0.9599,-1.8084,-1,-2.8469,-0.0833,-2.9303,HOLDING
2012-10-31,19,BXP,EQR,61.8508,30.7279,0.9599,-3.021,-1,-1.8783,-0.0833,-1.9617,HOLDING
2012-11-01,19,BXP,EQR,62.3512,31.124,0.9599,-2.5889,-1,-1.7278,-0.0833,-1.8111,HOLDING
2012-11-02,19,BXP,EQR,62.3861,31.6325,0.9599,-2.603,-1,-1.1318,-0.0833,-1.2151,HOLDING
2012-11-05,19,BXP,EQR,61.9031,31.3435,0.9599,-2.103,-1,-1.1636,-0.0833,-1.2469,HOLDING
2012-11-06,19,BXP,EQR,62.2872,31.3595,0.9599,-1.6289,-1,-1.3986,-0.0833,-1.4819,HOLDING
2012-11-07,19,BXP,EQR,61.7228,31.0437,0.9599,-1.4248,-1,-1.409,-0.0833,-1.4923,HOLDING
2012-11-08,19,BXP,EQR,60.3322,30.5781,0.9599,-1.531,-1,-1.0542,-0.0833,-1.1375,HOLDING
2012-11-09,19,BXP,EQR,59.9889,30.3265,0.9599,-1.2998,-1,-1.1329,-0.0833,-1.2163,HOLDING
2012-11-12,19,BXP,EQR,59.6281,30.1338,0.9599,-1.1696,-1,-1.1284,-0.0833,-1.2117,HOLDING
2012-11-13,19,BXP,EQR,59.1219,29.9518,0.9599,-1.14,-1,-1.0144,-0.0833,-1.0978,HOLDING
2012-11-14,19,BXP,EQR,58.22,29.1757,0.9599,-0.7274,-1,-1.3616,-0.0833,-1.445,HOLDING
2012-11-15,19,BXP,EQR,58.2026,29.0526,0.9599,-0.5202,-1,-1.5,-0.0833,-1.5833,HOLDING
2012-11-16,19,BXP,EQR,58.6797,29.0687,0.9599,-0.1492,-1,-1.7967,-0.0833,-1.88,HOLDING
2012-11-19,19,BXP,EQR,59.279,29.2774,0.9599,0.0789,-1,-1.9398,-0.0833,-2.0231,HOLDING
2012-11-20,19,BXP,EQR,59.4943,29.2239,0.9599,0.3987,-1,-2.1477,-0.0833,-2.231,HOLDING
2012-11-21,19,BXP,EQR,59.1568,28.9349,0.9599,0.7532,-1,-2.2759,-0.0833,-2.3592,HOLDING
2012-11-23,19,BXP,EQR,59.9656,29.149,0.9599,1.2005,-1,-2.5513,-0.0833,-2.6347,HOLDING
2012-11-26,19,BXP,EQR,59.7038,29.1329,0.9599,1.1429,-1,-2.3973,-0.0833,-2.4806,HOLDING
2012-11-27,19,BXP,EQR,59.1394,29.5718,0.9599,-0.2769,-1,-1.4888,-0.0833,-1.5721,HOLDING
2012-11-28,19,BXP,EQR,59.0288,29.5343,0.9599,-0.2329,-1,-1.4611,-0.0833,-1.5444,HOLDING
2012-11-29,19,BXP,EQR,59.4594,29.8394,0.9599,-0.394,-1,-1.375,-0.0833,-1.4584,HOLDING
2012-11-30,19,BXP,EQR,59.7154,29.711,0.9599,0.2669,-1,-1.7011,-0.0833,-1.7845,HOLDING
2012-12-03,19,BXP,EQR,59.6921,29.5504,0.9599,0.5748,-1,-1.8812,-0.0833,-1.9646,HOLDING
2012-12-04,19,BXP,EQR,59.6572,29.4273,0.9599,0.767,-1,0.0,-2.1667,-2.1667,PERIOD_END_EXIT
2012-06-05,20,ADP,PAYX,33.3483,19.0742,0.7643,0.0,0,0.0,0.0,0.0,HOLD_CASH
2012-06-06,20,ADP,PAYX,34.4347,19.6301,0.7643,0.0,0,0.0,0.0,0.0,HOLD_CASH
2012-06-07,20,ADP,PAYX,34.4737,19.8175,0.7643,0.0,0,0.0,0.0,0.0,HOLD_CASH
2012-06-08,20,ADP,PAYX,34.8174,20.0437,0.7643,0.0,0,0.0,0.0,0.0,HOLD_CASH
2012-06-11,20,ADP,PAYX,34.4996,19.9209,0.7643,0.0,0,0.0,0.0,0.0,HOLD_CASH
2012-06-12,20,ADP,PAYX,34.8304,20.0825,0.7643,0.0,0,0.0,0.0,0.0,HOLD_CASH
2012-06-13,20,ADP,PAYX,34.6099,20.076,0.7643,0.0,0,0.0,0.0,0.0,HOLD_CASH
2012-06-14,20,ADP,PAYX,35.2974,20.5026,0.7643,0.0,0,0.0,0.0,0.0,HOLD_CASH
2012-06-15,20,ADP,PAYX,35.6995,20.703,0.7643,0.0,0,0.0,0.0,0.0,HOLD_CASH
2012-06-18,20,ADP,PAYX,35.7385,20.8969,0.7643,0.0,0,0.0,0.0,0.0,HOLD_CASH
2012-06-19,20,ADP,PAYX,35.9784,21.0585,0.7643,0.0,0,0.0,0.0,0.0,HOLD_CASH
2012-06-20,20,ADP,PAYX,35.8746,21.0262,0.7643,0.0,0,0.0,0.0,0.0,HOLD_CASH
2012-06-21,20,ADP,PAYX,35.3752,20.7547,0.7643,0.0,0,0.0,0.0,0.0,HOLD_CASH
2012-06-22,20,ADP,PAYX,35.479,20.8517,0.7643,0.0,0,0.0,0.0,0.0,HOLD_CASH
2012-06-25,20,ADP,PAYX,34.9731,20.5091,0.7643,0.0,0,0.0,0.0,0.0,HOLD_CASH
2012-06-26,20,ADP,PAYX,34.9796,20.5285,0.7643,0.0,0,0.0,0.0,0.0,HOLD_CASH
2012-06-27,20,ADP,PAYX,35.3363,20.6384,0.7643,0.0,0,0.0,0.0,0.0,HOLD_CASH
2012-06-28,20,ADP,PAYX,35.1417,20.0243,0.7643,0.0,0,0.0,0.0,0.0,HOLD_CASH
2012-06-29,20,ADP,PAYX,36.1017,20.3023,0.7643,0.0,0,0.0,0.0,0.0,HOLD_CASH
2012-07-02,20,ADP,PAYX,36.1665,20.2829,0.7643,2.6362,-1,0.0,-0.0833,-0.0833,ENTER_SHORT_A
2012-07-03,20,ADP,PAYX,36.3222,20.2958,0.7643,2.3447,-1,-0.1803,-0.0833,-0.2636,HOLDING
2012-07-05,20,ADP,PAYX,36.627,20.5156,0.7643,1.9939,-1,-0.1873,-0.0833,-0.2706,HOLDING
2012-07-06,20,ADP,PAYX,35.9525,20.1342,0.7643,1.5179,-1,0.0149,-0.0833,-0.0684,HOLDING
2012-07-09,20,ADP,PAYX,36.0109,20.3217,0.7643,1.0828,-1,0.2723,-0.0833,0.189,HOLDING
2012-07-10,20,ADP,PAYX,35.946,20.2506,0.7643,1.0276,-1,0.2305,-0.0833,0.1472,HOLDING
2012-07-11,20,ADP,PAYX,35.9655,20.4574,0.7643,0.561,-1,0.5732,-0.0833,0.4899,HOLDING
2012-07-12,20,ADP,PAYX,35.9201,20.3604,0.7643,0.6252,-1,0.46,-0.0833,0.3766,HOLDING
2012-07-13,20,ADP,PAYX,36.2184,20.5996,0.7643,0.527,-1,0.496,-0.0833,0.4126,HOLDING
2012-07-16,20,ADP,PAYX,36.1146,20.703,0.7643,0.1084,-1,0.8155,-0.0833,0.7322,HOLDING
2012-07-17,20,ADP,PAYX,36.3481,21.0003,0.7643,-0.1928,-1,1.0398,-0.0833,0.9565,HOLDING
2012-07-18,20,ADP,PAYX,36.8735,21.4528,0.7643,-0.3462,-1,1.159,-0.0833,1.0756,HOLDING
2012-07-19,20,ADP,PAYX,36.6465,21.1555,0.7643,-0.1282,-1,0.9262,-0.0833,0.8429,HOLDING
2012-07-20,20,ADP,PAYX,36.3871,20.9616,0.7643,-0.2089,-1,0.9199,-0.0833,0.8366,HOLDING
2012-07-23,20,ADP,PAYX,36.0109,20.7935,0.7643,-0.5866,-1,1.1121,-0.0833,1.0288,HOLDING
2012-07-24,20,ADP,PAYX,35.8358,20.6707,0.7643,-0.7469,-1,1.1223,-0.0833,1.0389,HOLDING
2012-07-25,20,ADP,PAYX,35.9395,20.6772,0.7643,-0.7218,-1,0.9982,-0.0833,0.9149,HOLDING
2012-07-26,20,ADP,PAYX,36.6595,21.0327,0.7643,-0.2349,-1,0.6907,-0.0833,0.6074,HOLDING
2012-07-27,20,ADP,PAYX,37.36,21.3817,0.7643,0.3786,-1,0.3971,-0.0833,0.3138,HOLDING
2012-07-30,20,ADP,PAYX,37.1913,21.46,0.7643,-0.3398,-1,0.7567,-0.0833,0.6734,HOLDING
2012-07-31,20,ADP,PAYX,36.6789,21.336,0.7643,-1.2394,-1,1.2052,-0.0833,1.1219,HOLDING
2012-08-01,20,ADP,PAYX,36.2249,21.1337,0.7643,-1.6614,-1,1.4381,-0.0833,1.3547,HOLDING
2012-08-02,20,ADP,PAYX,36.1601,20.9248,0.7643,-0.961,-1,1.151,-0.0833,1.0677,HOLDING
2012-08-03,20,ADP,PAYX,36.9254,21.2838,0.7643,0.1566,-1,0.7904,-0.0833,0.7071,HOLDING
2012-08-06,20,ADP,PAYX,36.8346,21.1663,0.7643,0.5052,-1,0.6999,-0.0833,0.6166,HOLDING
2012-08-07,20,ADP,PAYX,37.1135,21.2512,0.7643,1.3176,-1,0.4867,-0.0833,0.4033,HOLDING
2012-08-08,20,ADP,PAYX,37.2757,21.4861,0.7643,0.6753,-1,0.6931,-0.0833,0.6098,HOLDING
2012-08-09,20,ADP,PAYX,37.0681,21.4861,0.7643,-0.1823,-1,0.9642,-0.0833,0.8808,HOLDING
2012-08-10,20,ADP,PAYX,37.3665,21.6558,0.7643,0.2437,-1,0.8765,-0.0833,0.7932,HOLDING
2012-08-13,20,ADP,PAYX,37.0811,21.6297,0.7643,-0.9208,-1,1.2028,-0.0833,1.1194,HOLDING
2012-08-14,20,ADP,PAYX,37.4767,21.5188,0.7643,1.512,-1,0.4886,-0.0833,0.4052,HOLDING
2012-08-15,20,ADP,PAYX,37.5157,21.4339,0.7643,1.8779,-1,0.2867,-0.0833,0.2034,HOLDING
2012-08-16,20,ADP,PAYX,37.8983,21.7211,0.7643,1.6353,-1,0.2981,-0.0833,0.2148,HOLDING
2012-08-17,20,ADP,PAYX,37.9502,21.695,0.7643,1.7012,-1,0.1839,-0.0833,0.1005,HOLDING
2012-08-20,20,ADP,PAYX,37.8529,21.3882,0.7643,2.2691,-1,-0.2351,-0.0833,-0.3184,HOLDING
2012-08-21,20,ADP,PAYX,37.7297,21.4731,0.7643,1.3816,-1,0.0769,-0.0833,-0.0064,HOLDING
2012-08-22,20,ADP,PAYX,37.6713,21.447,0.7643,1.1805,-1,0.1067,-0.0833,0.0233,HOLDING
2012-08-23,20,ADP,PAYX,37.6,21.5253,0.7643,0.6185,-1,0.3392,-0.0833,0.2559,HOLDING
2012-08-24,20,ADP,PAYX,37.8918,21.6623,0.7643,0.8943,-1,0.202,-0.0833,0.1187,HOLDING
2012-08-27,20,ADP,PAYX,37.9502,21.6885,0.7643,0.8791,-1,0.1722,-0.0833,0.0889,HOLDING
2012-08-28,20,ADP,PAYX,37.8724,21.6885,0.7643,0.5879,-1,0.2739,-0.0833,0.1906,HOLDING
2012-08-29,20,ADP,PAYX,37.8659,21.695,0.7643,0.471,-1,0.294,-0.0833,0.2106,HOLDING
2012-08-30,20,ADP,PAYX,37.574,21.6689,0.7643,-0.5105,-1,0.6287,-0.0833,0.5453,HOLDING
2012-08-31,20,ADP,PAYX,37.6713,21.708,0.7643,-0.3867,-1,0.5713,-0.0833,0.488,HOLDING
2012-09-04,20,ADP,PAYX,37.6843,21.8451,0.7643,-1.0063,-1,0.7983,-0.0833,0.715,HOLDING
2012-09-05,20,ADP,PAYX,37.7427,21.8647,0.7643,-0.8334,-1,0.757,-0.0833,0.6736,HOLDING
2012-09-06,20,ADP,PAYX,38.5015,22.3346,0.7643,-0.3484,-1,0.6023,-0.0833,0.5189,HOLDING
2012-09-07,20,ADP,PAYX,38.4302,22.3346,0.7643,-0.6916,-1,0.6954,-0.0833,0.6121,HOLDING
2012-09-10,20,ADP,PAYX,38.294,22.2759,0.7643,-0.9676,-1,0.7688,-0.0833,0.6855,HOLDING
2012-09-11,20,ADP,PAYX,38.1642,22.2628,0.7643,-1.6539,-1,0.915,-0.0833,0.8316,HOLDING
2012-09-12,20,ADP,PAYX,37.4753,22.0083,0.7643,-2.5221,-1,1.3616,-0.0833,1.2783,HOLDING
2012-09-13,20,ADP,PAYX,37.73,22.2824,0.7643,-2.3042,-1,1.5169,-0.0833,1.4336,HOLDING
2012-09-14,20,ADP,PAYX,38.1675,22.4912,0.7643,-1.5675,-1,1.3173,-0.0833,1.2339,HOLDING
2012-09-17,20,ADP,PAYX,38.1414,22.3477,0.7643,-1.0002,-1,1.0958,-0.0833,1.0125,HOLDING
2012-09-18,20,ADP,PAYX,38.1806,22.3868,0.7643,-0.9607,-1,1.1144,-0.0833,1.031,HOLDING
2012-09-19,20,ADP,PAYX,38.1675,22.5043,0.7643,-1.3314,-1,1.3405,-0.0833,1.2572,HOLDING
2012-09-20,20,ADP,PAYX,38.2916,22.4978,0.7643,-0.8401,-1,1.1669,-0.0833,1.0835,HOLDING
2012-09-21,20,ADP,PAYX,38.2916,22.55,0.7643,-0.9571,-1,1.2598,-0.0833,1.1765,HOLDING
2012-09-24,20,ADP,PAYX,38.4353,22.439,0.7643,0.0506,-1,0.8747,-0.0833,0.7914,HOLDING
2012-09-25,20,ADP,PAYX,38.1283,21.8059,0.7643,1.8646,-1,0.1487,-0.0833,0.0654,HOLDING
2012-09-26,20,ADP,PAYX,37.9259,21.6493,0.7643,1.8124,-1,0.1343,-0.0833,0.051,HOLDING
2012-09-27,20,ADP,PAYX,38.1545,21.6689,0.7643,2.205,-1,-0.1293,-0.0833,-0.2127,HOLDING
2012-09-28,20,ADP,PAYX,38.3046,21.7276,0.7643,2.0447,-1,-0.2209,-0.0833,-0.3043,HOLDING
2012-10-01,20,ADP,PAYX,38.2067,21.3491,0.7643,2.4652,-1,-0.7668,-0.0833,-0.8501,HOLDING
2012-10-02,20,ADP,PAYX,38.1936,21.5449,0.7643,1.6248,-1,-0.4012,-0.0833,-0.4846,HOLDING
2012-10-03,20,ADP,PAYX,38.4418,21.7146,0.7643,1.4743,-1,-0.4233,-0.0833,-0.5066,HOLDING
2012-10-04,20,ADP,PAYX,38.4613,21.7798,0.7643,1.2257,-1,-0.3327,-0.0833,-0.416,HOLDING
2012-10-05,20,ADP,PAYX,38.8728,21.9104,0.7643,1.4609,-1,-0.6376,-0.0833,-0.721,HOLDING
2012-10-08,20,ADP,PAYX,38.6703,21.7668,0.7643,1.2982,-1,-0.6288,-0.0833,-0.7122,HOLDING
2012-10-09,20,ADP,PAYX,38.1871,21.5188,0.7643,0.9632,-1,-0.4392,-0.0833,-0.5225,HOLDING
2012-10-10,20,ADP,PAYX,38.0043,21.3817,0.7643,0.8775,-1,-0.4443,-0.0833,-0.5277,HOLDING
2012-10-11,20,ADP,PAYX,38.1087,21.3425,0.7643,1.0418,-1,-0.6505,-0.0833,-0.7338,HOLDING
2012-10-12,20,ADP,PAYX,38.0826,21.2968,0.7643,1.0085,-1,-0.6977,-0.0833,-0.781,HOLDING
2012-10-15,20,ADP,PAYX,38.4679,21.4339,0.7643,1.2301,-1,-0.9569,-0.0833,-1.0402,HOLDING
2012-10-16,20,ADP,PAYX,38.6769,21.5188,0.7643,1.2735,-1,-1.0788,-0.0833,-1.1621,HOLDING
2012-10-17,20,ADP,PAYX,38.7421,21.584,0.7643,1.1651,-1,-1.0479,-0.0833,-1.1312,HOLDING
2012-10-18,20,ADP,PAYX,38.5985,21.5122,0.7643,1.025,-1,-0.988,-0.0833,-1.0714,HOLDING
2012-10-19,20,ADP,PAYX,38.1479,21.2446,0.7643,0.8401,-1,-0.8759,-0.0833,-0.9592,HOLDING
2012-10-22,20,ADP,PAYX,38.0043,21.3034,0.7643,0.0897,-1,-0.5837,-0.0833,-0.6671,HOLDING
2012-10-23,20,ADP,PAYX,37.6712,21.3817,0.7643,-1.6198,-1,-0.0094,-0.0833,-0.0927,HOLDING
2012-10-24,20,ADP,PAYX,37.7822,21.3882,0.7643,-1.3625,-1,-0.1428,-0.0833,-0.2261,HOLDING
2012-10-25,20,ADP,PAYX,38.0239,21.4143,0.7643,-0.5787,-1,-0.4118,-0.0833,-0.4952,HOLDING
2012-10-26,20,ADP,PAYX,37.9977,21.4926,0.7643,-1.1562,-1,-0.2383,-0.0833,-0.3217,HOLDING
2012-10-31,20,ADP,PAYX,37.7365,21.374,0.7643,-1.4156,-1,-0.1084,-0.0833,-0.1918,HOLDING
2012-11-01,20,ADP,PAYX,38.7617,21.9542,0.7643,-0.4238,-1,-0.4147,-0.0833,-0.498,HOLDING
2012-11-02,20,ADP,PAYX,37.4623,21.7168,0.7643,-3.0216,-1,0.86,-0.0833,0.7766,HOLDING
2012-11-05,20,ADP,PAYX,36.8289,21.5915,0.7643,-2.9993,-1,1.4642,-0.0833,1.3809,HOLDING
2012-11-06,20,ADP,PAYX,37.4231,21.7696,0.7643,-1.889,-1,1.005,-0.0833,0.9216,HOLDING
2012-11-07,20,ADP,PAYX,36.8027,21.5256,0.7643,-2.0441,-1,1.381,-0.0833,1.2977,HOLDING
2012-11-08,20,ADP,PAYX,36.1628,21.2421,0.7643,-2.0722,-1,1.7122,-0.0833,1.6288,HOLDING
2012-11-09,20,ADP,PAYX,36.1106,21.2026,0.7643,-1.7786,-1,1.71,-0.0833,1.6266,HOLDING
2012-11-12,20,ADP,PAYX,36.1889,21.2421,0.7643,-1.5311,-1,1.678,-0.0833,1.5947,HOLDING
2012-11-13,20,ADP,PAYX,36.2999,21.1762,0.7643,-1.1479,-1,1.4157,-0.0833,1.3324,HOLDING
2012-11-14,20,ADP,PAYX,35.7645,20.8004,0.7643,-1.088,-1,1.4462,-0.0833,1.3628,HOLDING
2012-11-15,20,ADP,PAYX,35.6992,20.8136,0.7643,-1.0877,-1,1.5549,-0.0833,1.4716,HOLDING
2012-11-16,20,ADP,PAYX,35.7449,20.9257,0.7643,-1.1162,-1,1.6947,-0.0833,1.6114,HOLDING
2012-11-19,20,ADP,PAYX,36.0584,21.0509,0.7643,-0.8343,-1,1.5083,-0.0833,1.425,HOLDING
2012-11-20,20,ADP,PAYX,35.9539,21.1037,0.7643,-0.997,-1,1.7386,-0.0833,1.6553,HOLDING
2012-11-21,20,ADP,PAYX,36.1759,21.1828,0.7643,-0.7422,-1,1.5895,-0.0833,1.5062,HOLDING
2012-11-23,20,ADP,PAYX,36.646,21.3872,0.7643,-0.3546,-1,1.3392,-0.0833,1.2559,HOLDING
2012-11-26,20,ADP,PAYX,36.3522,21.2553,0.7643,-0.4783,-1,1.4883,-0.0833,1.405,HOLDING
2012-11-27,20,ADP,PAYX,36.1628,21.1498,0.7643,-0.4948,-1,1.5479,-0.0833,1.4645,HOLDING
2012-11-28,20,ADP,PAYX,36.4959,21.2553,0.7643,-0.001,-1,1.3007,-0.0833,1.2173,HOLDING
2012-11-29,20,ADP,PAYX,36.7505,21.3872,0.7643,0.3537,-1,1.2028,-0.0833,1.1195,HOLDING
2012-11-30,20,ADP,PAYX,37.0509,21.4531,0.7643,1.8802,-1,0.9278,-0.0833,0.8445,HOLDING
2012-12-03,20,ADP,PAYX,36.8354,21.4135,0.7643,1.2862,-1,1.1388,-0.0833,1.0555,HOLDING
2012-12-04,20,ADP,PAYX,37.0052,21.6179,0.7643,0.7202,-1,0.0,1.1107,1.1107,PERIOD_END_EXIT
