Date,Pair_Rank,Ticker_A,Ticker_B,Price_A,Price_B,Mean_A,Std_A,Mean_B,Std_B,Hedge_Ratio,ZScore,Position,Unrealized_PnL,Realized_PnL,Cumulative_PnL,Status
2019-04-03,1,AEP,XEL,64.8082,45.1378,56.3762,4.5642,39.1471,3.2731,0.9959,0.0,0.0,0.0,0.0,0.0,HOLD_CASH
2019-04-04,1,AEP,XEL,64.5815,45.0645,56.3762,4.5642,39.1471,3.2731,0.9959,0.0,0.0,0.0,0.0,0.0,HOLD_CASH
2019-04-05,1,AEP,XEL,65.3241,45.415,56.3762,4.5642,39.1471,3.2731,0.9959,0.0,0.0,0.0,0.0,0.0,HOLD_CASH
2019-04-08,1,AEP,XEL,64.9958,45.0889,56.3762,4.5642,39.1471,3.2731,0.9959,0.0,0.0,0.0,0.0,0.0,HOLD_CASH
2019-04-09,1,AEP,XEL,65.3241,45.4558,56.3762,4.5642,39.1471,3.2731,0.9959,0.0,0.0,0.0,0.0,0.0,HOLD_CASH
2019-04-10,1,AEP,XEL,65.1521,45.1215,56.3762,4.5642,39.1471,3.2731,0.9959,0.0,0.0,0.0,0.0,0.0,HOLD_CASH
2019-04-11,1,AEP,XEL,65.6133,45.3824,56.3762,4.5642,39.1471,3.2731,0.9959,0.0,0.0,0.0,0.0,0.0,HOLD_CASH
2019-04-12,1,AEP,XEL,65.7774,45.5454,56.3762,4.5642,39.1471,3.2731,0.9959,0.0,0.0,0.0,0.0,0.0,HOLD_CASH
2019-04-15,1,AEP,XEL,65.8634,45.4721,56.3762,4.5642,39.1471,3.2731,0.9959,0.0,0.0,0.0,0.0,0.0,HOLD_CASH
2019-04-16,1,AEP,XEL,64.9176,44.7221,56.3762,4.5642,39.1471,3.2731,0.9959,0.0,0.0,0.0,0.0,0.0,HOLD_CASH
2019-04-17,1,AEP,XEL,65.0348,44.6487,56.3762,4.5642,39.1471,3.2731,0.9959,0.0,0.0,0.0,0.0,0.0,HOLD_CASH
2019-04-18,1,AEP,XEL,64.8863,44.5753,56.3762,4.5642,39.1471,3.2731,0.9959,0.0,0.0,0.0,0.0,0.0,HOLD_CASH
2019-04-22,1,AEP,XEL,64.8238,44.6569,56.3762,4.5642,39.1471,3.2731,0.9959,0.0,0.0,0.0,0.0,0.0,HOLD_CASH
2019-04-23,1,AEP,XEL,65.3241,44.9829,56.3762,4.5642,39.1471,3.2731,0.9959,0.0,0.0,0.0,0.0,0.0,HOLD_CASH
2019-04-24,1,AEP,XEL,65.6758,45.1704,56.3762,4.5642,39.1471,3.2731,0.9959,0.0,0.0,0.0,0.0,0.0,HOLD_CASH
2019-04-25,1,AEP,XEL,66.309,45.6433,56.3762,4.5642,39.1471,3.2731,0.9959,0.0,0.0,0.0,0.0,0.0,HOLD_CASH
2019-04-26,1,AEP,XEL,66.2151,45.5862,56.3762,4.5642,39.1471,3.2731,0.9959,0.0,0.0,0.0,0.0,0.0,HOLD_CASH
2019-04-29,1,AEP,XEL,65.6914,45.2031,56.3762,4.5642,39.1471,3.2731,0.9959,0.0,0.0,0.0,0.0,0.0,HOLD_CASH
2019-04-30,1,AEP,XEL,66.8717,46.059,56.3762,4.5642,39.1471,3.2731,0.9959,0.0,0.0,0.0,0.0,0.0,HOLD_CASH
2019-05-01,1,AEP,XEL,66.4028,45.5699,56.3762,4.5642,39.1471,3.2731,0.9959,1.3349,0.0,0.0,0.0,0.0,HOLD_CASH
2019-05-02,1,AEP,XEL,66.2074,45.5862,56.3762,4.5642,39.1471,3.2731,0.9959,0.605,0.0,0.0,0.0,0.0,HOLD_CASH
2019-05-03,1,AEP,XEL,66.778,46.1242,56.3762,4.5642,39.1471,3.2731,0.9959,-0.0977,0.0,0.0,0.0,0.0,HOLD_CASH
2019-05-06,1,AEP,XEL,66.309,46.0672,56.3762,4.5642,39.1471,3.2731,0.9959,-1.6578,0.0,0.0,0.0,0.0,HOLD_CASH
2019-05-07,1,AEP,XEL,66.1526,46.1242,56.3762,4.5642,39.1471,3.2731,0.9959,-2.2806,1.0,0.0,-0.0833,-0.0833,ENTER_LONG_A
2019-05-08,1,AEP,XEL,65.4491,45.5536,56.3762,4.5642,39.1471,3.2731,0.9959,-1.9542,1.0,0.057,-0.0833,-0.0264,HOLDING
2019-05-09,1,AEP,XEL,65.2994,45.7003,56.3762,4.5642,39.1471,3.2731,0.9959,-2.5354,1.0,-0.1693,-0.0833,-0.2526,HOLDING
2019-05-10,1,AEP,XEL,66.7099,46.6378,56.3762,4.5642,39.1471,3.2731,0.9959,-1.9059,1.0,-0.0998,-0.0833,-0.1832,HOLDING
2019-05-13,1,AEP,XEL,68.0337,47.1025,56.3762,4.5642,39.1471,3.2731,0.9959,-0.1496,0.0,0.0,0.1657,0.1657,EXIT
2019-05-14,1,AEP,XEL,67.4191,46.7193,56.3762,4.5642,39.1471,3.2731,0.9959,-0.3414,0.0,0.0,0.1657,0.1657,HOLD_CASH
2019-05-15,1,AEP,XEL,67.0172,46.646,56.3762,4.5642,39.1471,3.2731,0.9959,-1.0223,0.0,0.0,0.1657,0.1657,HOLD_CASH
2019-05-16,1,AEP,XEL,67.293,47.0617,56.3762,4.5642,39.1471,3.2731,0.9959,-1.5755,0.0,0.0,0.1657,0.1657,HOLD_CASH
2019-05-17,1,AEP,XEL,67.6476,47.453,56.3762,4.5642,39.1471,3.2731,0.9959,-1.7605,0.0,0.0,0.1657,0.1657,HOLD_CASH
2019-05-20,1,AEP,XEL,68.2386,47.5998,56.3762,4.5642,39.1471,3.2731,0.9959,-0.8008,0.0,0.0,0.1657,0.1657,HOLD_CASH
2019-05-21,1,AEP,XEL,68.2464,47.347,56.3762,4.5642,39.1471,3.2731,0.9959,0.0492,0.0,0.0,0.1657,0.1657,HOLD_CASH
2019-05-22,1,AEP,XEL,68.7823,47.6976,56.3762,4.5642,39.1471,3.2731,0.9959,0.215,0.0,0.0,0.1657,0.1657,HOLD_CASH
2019-05-23,1,AEP,XEL,69.4836,48.1704,56.3762,4.5642,39.1471,3.2731,0.9959,0.3724,0.0,0.0,0.1657,0.1657,HOLD_CASH
2019-05-24,1,AEP,XEL,69.5702,48.0889,56.3762,4.5642,39.1471,3.2731,0.9959,0.8908,0.0,0.0,0.1657,0.1657,HOLD_CASH
2019-05-28,1,AEP,XEL,68.2937,47.3063,56.3762,4.5642,39.1471,3.2731,0.9959,0.4752,0.0,0.0,0.1657,0.1657,HOLD_CASH
2019-05-29,1,AEP,XEL,67.5215,46.6297,56.3762,4.5642,39.1471,3.2731,0.9959,0.9461,0.0,0.0,0.1657,0.1657,HOLD_CASH
2019-05-30,1,AEP,XEL,67.2142,46.7601,56.3762,4.5642,39.1471,3.2731,0.9959,-0.2571,0.0,0.0,0.1657,0.1657,HOLD_CASH
2019-05-31,1,AEP,XEL,67.8604,46.7438,56.3762,4.5642,39.1471,3.2731,0.9959,1.6796,0.0,0.0,0.1657,0.1657,HOLD_CASH
2019-06-03,1,AEP,XEL,68.8453,47.2411,56.3762,4.5642,39.1471,3.2731,0.9959,2.177,-1.0,0.0,0.0823,0.0823,ENTER_SHORT_A
2019-06-04,1,AEP,XEL,68.5931,47.1025,56.3762,4.5642,39.1471,3.2731,0.9959,1.7467,-1.0,0.037,0.0823,0.1193,HOLDING
2019-06-05,1,AEP,XEL,70.4212,48.3579,56.3762,4.5642,39.1471,3.2731,0.9959,1.6887,-1.0,-0.0155,0.0823,0.0669,HOLDING
2019-06-06,1,AEP,XEL,70.9177,48.7492,56.3762,4.5642,39.1471,3.2731,0.9959,1.4075,-1.0,0.0136,0.0823,0.096,HOLDING
2019-06-07,1,AEP,XEL,70.5552,48.4476,56.3762,4.5642,39.1471,3.2731,0.9959,1.3872,-1.0,-0.0213,0.0823,0.061,HOLDING
2019-06-10,1,AEP,XEL,70.1454,48.309,56.3762,4.5642,39.1471,3.2731,0.9959,0.8438,-1.0,0.1134,0.0823,0.1957,HOLDING
2019-06-11,1,AEP,XEL,69.5939,47.8443,56.3762,4.5642,39.1471,3.2731,0.9959,0.9657,-1.0,0.0553,0.0823,0.1376,HOLDING
2019-06-12,1,AEP,XEL,70.437,48.5209,56.3762,4.5642,39.1471,3.2731,0.9959,0.697,-1.0,0.1151,0.0823,0.1974,HOLDING
2019-06-13,1,AEP,XEL,70.5946,48.7959,56.3762,4.5642,39.1471,3.2731,0.9959,0.1647,0.0,0.0,0.2507,0.2507,EXIT
2019-06-14,1,AEP,XEL,71.3747,49.272,56.3762,4.5642,39.1471,3.2731,0.9959,0.3445,0.0,0.0,0.2507,0.2507,HOLD_CASH
2019-06-17,1,AEP,XEL,70.9807,49.1488,56.3762,4.5642,39.1471,3.2731,0.9959,-0.3791,0.0,0.0,0.2507,0.2507,HOLD_CASH
2019-06-18,1,AEP,XEL,70.7443,49.313,56.3762,4.5642,39.1471,3.2731,0.9959,-1.8469,0.0,0.0,0.2507,0.2507,HOLD_CASH
2019-06-19,1,AEP,XEL,71.5953,49.9122,56.3762,4.5642,39.1471,3.2731,0.9959,-1.674,0.0,0.0,0.2507,0.2507,HOLD_CASH
2019-06-20,1,AEP,XEL,71.6032,50.3226,56.3762,4.5642,39.1471,3.2731,0.9959,-2.5967,1.0,0.0,0.1674,0.1674,ENTER_LONG_A
2019-06-21,1,AEP,XEL,72.139,50.5114,56.3762,4.5642,39.1471,3.2731,0.9959,-1.7255,1.0,0.1612,0.1674,0.3286,HOLDING
2019-06-24,1,AEP,XEL,71.6268,50.2897,56.3762,4.5642,39.1471,3.2731,0.9959,-1.8568,1.0,0.0408,0.1674,0.2081,HOLDING
2019-06-25,1,AEP,XEL,71.2092,50.0599,56.3762,4.5642,39.1471,3.2731,0.9959,-1.7835,1.0,-0.0172,0.1674,0.1502,HOLDING
2019-06-26,1,AEP,XEL,69.7357,48.7959,56.3762,4.5642,39.1471,3.2731,0.9959,-1.1611,1.0,0.1488,0.1674,0.3162,HOLDING
2019-06-27,1,AEP,XEL,69.2629,48.6564,56.3762,4.5642,39.1471,3.2731,0.9959,-1.506,1.0,-0.0155,0.1674,0.1519,HOLDING
2019-06-28,1,AEP,XEL,69.3496,48.8287,56.3762,4.5642,39.1471,3.2731,0.9959,-1.5413,1.0,-0.1054,0.1674,0.0619,HOLDING
2019-07-01,1,AEP,XEL,69.4441,48.7795,56.3762,4.5642,39.1471,3.2731,0.9959,-1.1657,1.0,-0.0095,0.1674,0.1579,HOLDING
2019-07-02,1,AEP,XEL,70.2794,49.3705,56.3762,4.5642,39.1471,3.2731,0.9959,-1.0354,1.0,-0.0009,0.1674,0.1665,HOLDING
2019-07-03,1,AEP,XEL,71.028,49.8301,56.3762,4.5642,39.1471,3.2731,0.9959,-0.7834,1.0,0.064,0.1674,0.2314,HOLDING
2019-07-05,1,AEP,XEL,70.7916,49.8137,56.3762,4.5642,39.1471,3.2731,0.9959,-1.024,1.0,-0.0618,0.1674,0.1056,HOLDING
2019-07-08,1,AEP,XEL,70.8625,49.945,56.3762,4.5642,39.1471,3.2731,0.9959,-1.1153,1.0,-0.1274,0.1674,0.04,HOLDING
2019-07-09,1,AEP,XEL,71.2013,49.9778,56.3762,4.5642,39.1471,3.2731,0.9959,-0.5378,1.0,0.0453,0.1674,0.2127,HOLDING
2019-07-10,1,AEP,XEL,71.5559,50.2077,56.3762,4.5642,39.1471,3.2731,0.9959,-0.3945,0.0,0.0,0.1503,0.1503,EXIT
2019-07-11,1,AEP,XEL,71.6505,50.2241,56.3762,4.5642,39.1471,3.2731,0.9959,-0.15,0.0,0.0,0.1503,0.1503,HOLD_CASH
2019-07-12,1,AEP,XEL,71.1147,49.904,56.3762,4.5642,39.1471,3.2731,0.9959,-0.2779,0.0,0.0,0.1503,0.1503,HOLD_CASH
2019-07-15,1,AEP,XEL,71.8553,50.2159,56.3762,4.5642,39.1471,3.2731,0.9959,0.8409,0.0,0.0,0.1503,0.1503,HOLD_CASH
2019-07-16,1,AEP,XEL,71.3195,50.0681,56.3762,4.5642,39.1471,3.2731,0.9959,-0.1842,0.0,0.0,0.1503,0.1503,HOLD_CASH
2019-07-17,1,AEP,XEL,71.7214,50.2979,56.3762,4.5642,39.1471,3.2731,0.9959,0.3414,0.0,0.0,0.1503,0.1503,HOLD_CASH
2019-07-18,1,AEP,XEL,72.3045,50.8315,56.3762,4.5642,39.1471,3.2731,0.9959,-0.4433,0.0,0.0,0.1503,0.1503,HOLD_CASH
2019-07-19,1,AEP,XEL,71.1383,49.8793,56.3762,4.5642,39.1471,3.2731,0.9959,0.5504,0.0,0.0,0.1503,0.1503,HOLD_CASH
2019-07-22,1,AEP,XEL,71.0122,49.8301,56.3762,4.5642,39.1471,3.2731,0.9959,0.2379,0.0,0.0,0.1503,0.1503,HOLD_CASH
2019-07-23,1,AEP,XEL,70.5316,49.5839,56.3762,4.5642,39.1471,3.2731,0.9959,-0.6897,0.0,0.0,0.1503,0.1503,HOLD_CASH
2019-07-24,1,AEP,XEL,70.6104,49.6249,56.3762,4.5642,39.1471,3.2731,0.9959,-0.5404,0.0,0.0,0.1503,0.1503,HOLD_CASH
2019-07-25,1,AEP,XEL,70.1927,49.4033,56.3762,4.5642,39.1471,3.2731,0.9959,-1.1888,0.0,0.0,0.1503,0.1503,HOLD_CASH
2019-07-26,1,AEP,XEL,70.0903,49.6659,56.3762,4.5642,39.1471,3.2731,0.9959,-3.0257,1.0,0.0,0.067,0.067,ENTER_LONG_A
2019-07-29,1,AEP,XEL,70.7128,50.0517,56.3762,4.5642,39.1471,3.2731,0.9959,-2.1994,1.0,0.052,0.067,0.1189,HOLDING
2019-07-30,1,AEP,XEL,69.9091,49.7316,56.3762,4.5642,39.1471,3.2731,0.9959,-2.7386,1.0,-0.1632,0.067,-0.0963,HOLDING
2019-07-31,1,AEP,XEL,69.192,48.9272,56.3762,4.5642,39.1471,3.2731,0.9959,-1.2641,1.0,0.0765,0.067,0.1434,HOLDING
2019-08-01,1,AEP,XEL,69.98,49.8711,56.3762,4.5642,39.1471,3.2731,0.9959,-2.329,1.0,-0.2369,0.067,-0.1699,HOLDING
2019-08-02,1,AEP,XEL,69.8933,49.0996,56.3762,4.5642,39.1471,3.2731,0.9959,0.3139,0.0,0.0,0.3375,0.3375,EXIT
2019-08-05,1,AEP,XEL,69.3575,48.9436,56.3762,4.5642,39.1471,3.2731,0.9959,-0.5263,0.0,0.0,0.3375,0.3375,HOLD_CASH
2019-08-06,1,AEP,XEL,70.24,49.6003,56.3762,4.5642,39.1471,3.2731,0.9959,-0.5468,0.0,0.0,0.3375,0.3375,HOLD_CASH
2019-08-07,1,AEP,XEL,70.7128,49.8957,56.3762,4.5642,39.1471,3.2731,0.9959,-0.3286,0.0,0.0,0.3375,0.3375,HOLD_CASH
2019-08-08,1,AEP,XEL,71.0621,50.5934,56.3762,4.5642,39.1471,3.2731,0.9959,-1.7398,0.0,0.0,0.3375,0.3375,HOLD_CASH
2019-08-09,1,AEP,XEL,71.4273,50.7001,56.3762,4.5642,39.1471,3.2731,0.9959,-1.0738,0.0,0.0,0.3375,0.3375,HOLD_CASH
2019-08-12,1,AEP,XEL,71.7925,50.5031,56.3762,4.5642,39.1471,3.2731,0.9959,0.6263,0.0,0.0,0.3375,0.3375,HOLD_CASH
2019-08-13,1,AEP,XEL,71.6496,50.38,56.3762,4.5642,39.1471,3.2731,0.9959,0.7249,0.0,0.0,0.3375,0.3375,HOLD_CASH
2019-08-14,1,AEP,XEL,70.2444,49.8875,56.3762,4.5642,39.1471,3.2731,0.9959,-1.1268,0.0,0.0,0.3375,0.3375,HOLD_CASH
2019-08-15,1,AEP,XEL,71.7369,50.5031,56.3762,4.5642,39.1471,3.2731,0.9959,0.6487,0.0,0.0,0.3375,0.3375,HOLD_CASH
2019-08-16,1,AEP,XEL,71.6337,50.7248,56.3762,4.5642,39.1471,3.2731,0.9959,-0.422,0.0,0.0,0.3375,0.3375,HOLD_CASH
2019-08-19,1,AEP,XEL,71.8878,51.012,56.3762,4.5642,39.1471,3.2731,0.9959,-0.7652,0.0,0.0,0.3375,0.3375,HOLD_CASH
2019-08-20,1,AEP,XEL,72.0624,51.2172,56.3762,4.5642,39.1471,3.2731,0.9959,-0.9991,0.0,0.0,0.3375,0.3375,HOLD_CASH
2019-08-21,1,AEP,XEL,72.5229,51.7097,56.3762,4.5642,39.1471,3.2731,0.9959,-1.5132,0.0,0.0,0.3375,0.3375,HOLD_CASH
2019-08-22,1,AEP,XEL,72.2212,51.9395,56.3762,4.5642,39.1471,3.2731,0.9959,-2.6021,1.0,0.0,0.2541,0.2541,ENTER_LONG_A
2019-08-23,1,AEP,XEL,71.1177,51.2583,56.3762,4.5642,39.1471,3.2731,0.9959,-2.365,1.0,-0.0909,0.2541,0.1633,HOLDING
2019-08-26,1,AEP,XEL,72.1101,52.1529,56.3762,4.5642,39.1471,3.2731,0.9959,-2.297,1.0,-0.2352,0.2541,0.0189,HOLDING
2019-08-27,1,AEP,XEL,71.983,52.5223,56.3762,4.5642,39.1471,3.2731,0.9959,-2.5878,1.0,-0.6047,0.2541,-0.3506,HOLDING
2019-08-28,1,AEP,XEL,71.1573,52.5141,56.3762,4.5642,39.1471,3.2731,0.9959,-2.7145,1.0,-1.0748,0.2541,-0.8206,HOLDING
2019-08-29,1,AEP,XEL,72.0227,53.023,56.3762,4.5642,39.1471,3.2731,0.9959,-2.1023,1.0,-0.9832,0.2541,-0.729,HOLDING
2019-08-30,1,AEP,XEL,72.3641,52.7111,56.3762,4.5642,39.1471,3.2731,0.9959,-1.2408,1.0,-0.5361,0.2541,-0.2819,HOLDING
2019-09-03,1,AEP,XEL,73.6582,53.7863,56.3762,4.5642,39.1471,3.2731,0.9959,-1.2747,1.0,-0.651,0.2541,-0.3969,HOLDING
2019-09-04,1,AEP,XEL,73.8725,54.0243,56.3762,4.5642,39.1471,3.2731,0.9959,-1.237,1.0,-0.7181,0.2541,-0.464,HOLDING
2019-09-05,1,AEP,XEL,72.6658,53.4744,56.3762,4.5642,39.1471,3.2731,0.9959,-1.4433,1.0,-0.9739,0.2541,-0.7197,HOLDING
2019-09-06,1,AEP,XEL,72.3165,53.1871,56.3762,4.5642,39.1471,3.2731,0.9959,-1.256,1.0,-0.9452,0.2541,-0.6911,HOLDING
2019-09-09,1,AEP,XEL,72.5467,52.0298,56.3762,4.5642,39.1471,3.2731,0.9959,0.2702,0.0,0.0,0.2861,0.2861,EXIT
2019-09-10,1,AEP,XEL,72.3165,51.7015,56.3762,4.5642,39.1471,3.2731,0.9959,0.5294,0.0,0.0,0.2861,0.2861,HOLD_CASH
2019-09-11,1,AEP,XEL,72.7928,51.9149,56.3762,4.5642,39.1471,3.2731,0.9959,0.769,0.0,0.0,0.2861,0.2861,HOLD_CASH
2019-09-12,1,AEP,XEL,73.0548,52.1008,56.3762,4.5642,39.1471,3.2731,0.9959,0.7937,0.0,0.0,0.2861,0.2861,HOLD_CASH
2019-09-13,1,AEP,XEL,72.6737,51.7208,56.3762,4.5642,39.1471,3.2731,0.9959,1.0143,0.0,0.0,0.2861,0.2861,HOLD_CASH
2019-09-16,1,AEP,XEL,72.8087,51.9025,56.3762,4.5642,39.1471,3.2731,0.9959,0.9481,0.0,0.0,0.2861,0.2861,HOLD_CASH
2019-09-17,1,AEP,XEL,73.6185,52.646,56.3762,4.5642,39.1471,3.2731,0.9959,0.7744,0.0,0.0,0.2861,0.2861,HOLD_CASH
2019-09-18,1,AEP,XEL,73.8487,52.8773,56.3762,4.5642,39.1471,3.2731,0.9959,0.7272,0.0,0.0,0.2861,0.2861,HOLD_CASH
2019-09-19,1,AEP,XEL,73.9757,53.0838,56.3762,4.5642,39.1471,3.2731,0.9959,0.5943,0.0,0.0,0.2861,0.2861,HOLD_CASH
2019-09-20,1,AEP,XEL,73.9757,53.3812,56.3762,4.5642,39.1471,3.2731,0.9959,0.1607,0.0,0.0,0.2861,0.2861,HOLD_CASH
2019-09-23,1,AEP,XEL,74.1504,53.3647,56.3762,4.5642,39.1471,3.2731,0.9959,0.3692,0.0,0.0,0.2861,0.2861,HOLD_CASH
2019-09-24,1,AEP,XEL,75.0951,54.0503,56.3762,4.5642,39.1471,3.2731,0.9959,0.341,0.0,0.0,0.2861,0.2861,HOLD_CASH
2019-09-25,1,AEP,XEL,74.8093,53.7364,56.3762,4.5642,39.1471,3.2731,0.9959,0.4461,0.0,0.0,0.2861,0.2861,HOLD_CASH
2019-09-26,1,AEP,XEL,74.8569,54.166,56.3762,4.5642,39.1471,3.2731,0.9959,-0.251,0.0,0.0,0.2861,0.2861,HOLD_CASH
2019-09-27,1,AEP,XEL,74.7855,53.9925,56.3762,4.5642,39.1471,3.2731,0.9959,-0.1464,0.0,0.0,0.2861,0.2861,HOLD_CASH
2019-09-30,1,AEP,XEL,74.3806,53.6042,56.3762,4.5642,39.1471,3.2731,0.9959,-0.0226,0.0,0.0,0.2861,0.2861,HOLD_CASH
2019-10-01,1,AEP,XEL,74.0075,53.6538,56.3762,4.5642,39.1471,3.2731,0.9959,-0.6752,0.0,0.0,0.2861,0.2861,HOLD_CASH
2019-04-03,2,CMS,WEC,44.611,62.324,39.5697,2.8634,53.8484,4.4823,0.9935,0.0,0.0,0.0,0.0,0.0,HOLD_CASH
2019-04-04,2,CMS,WEC,44.3752,61.972,39.5697,2.8634,53.8484,4.4823,0.9935,0.0,0.0,0.0,0.0,0.0,HOLD_CASH
2019-04-05,2,CMS,WEC,44.8143,62.5719,39.5697,2.8634,53.8484,4.4823,0.9935,0.0,0.0,0.0,0.0,0.0,HOLD_CASH
2019-04-08,2,CMS,WEC,44.1882,61.716,39.5697,2.8634,53.8484,4.4823,0.9935,0.0,0.0,0.0,0.0,0.0,HOLD_CASH
2019-04-09,2,CMS,WEC,44.4159,61.972,39.5697,2.8634,53.8484,4.4823,0.9935,0.0,0.0,0.0,0.0,0.0,HOLD_CASH
2019-04-10,2,CMS,WEC,44.2288,61.548,39.5697,2.8634,53.8484,4.4823,0.9935,0.0,0.0,0.0,0.0,0.0,HOLD_CASH
2019-04-11,2,CMS,WEC,44.668,61.908,39.5697,2.8634,53.8484,4.4823,0.9935,0.0,0.0,0.0,0.0,0.0,HOLD_CASH
2019-04-12,2,CMS,WEC,44.7086,62.252,39.5697,2.8634,53.8484,4.4823,0.9935,0.0,0.0,0.0,0.0,0.0,HOLD_CASH
2019-04-15,2,CMS,WEC,44.6192,62.14,39.5697,2.8634,53.8484,4.4823,0.9935,0.0,0.0,0.0,0.0,0.0,HOLD_CASH
2019-04-16,2,CMS,WEC,43.9524,61.164,39.5697,2.8634,53.8484,4.4823,0.9935,0.0,0.0,0.0,0.0,0.0,HOLD_CASH
2019-04-17,2,CMS,WEC,43.9849,61.132,39.5697,2.8634,53.8484,4.4823,0.9935,0.0,0.0,0.0,0.0,0.0,HOLD_CASH
2019-04-18,2,CMS,WEC,43.7572,61.0281,39.5697,2.8634,53.8484,4.4823,0.9935,0.0,0.0,0.0,0.0,0.0,HOLD_CASH
2019-04-22,2,CMS,WEC,43.5539,61.1,39.5697,2.8634,53.8484,4.4823,0.9935,0.0,0.0,0.0,0.0,0.0,HOLD_CASH
2019-04-23,2,CMS,WEC,44.0662,61.396,39.5697,2.8634,53.8484,4.4823,0.9935,0.0,0.0,0.0,0.0,0.0,HOLD_CASH
2019-04-24,2,CMS,WEC,44.237,61.636,39.5697,2.8634,53.8484,4.4823,0.9935,0.0,0.0,0.0,0.0,0.0,HOLD_CASH
2019-04-25,2,CMS,WEC,44.5297,62.236,39.5697,2.8634,53.8484,4.4823,0.9935,0.0,0.0,0.0,0.0,0.0,HOLD_CASH
2019-04-26,2,CMS,WEC,44.6436,62.108,39.5697,2.8634,53.8484,4.4823,0.9935,0.0,0.0,0.0,0.0,0.0,HOLD_CASH
2019-04-29,2,CMS,WEC,44.424,61.548,39.5697,2.8634,53.8484,4.4823,0.9935,0.0,0.0,0.0,0.0,0.0,HOLD_CASH
2019-04-30,2,CMS,WEC,45.1721,62.74,39.5697,2.8634,53.8484,4.4823,0.9935,0.0,0.0,0.0,0.0,0.0,HOLD_CASH
2019-05-01,2,CMS,WEC,44.7086,62.116,39.5697,2.8634,53.8484,4.4823,0.9935,1.0176,0.0,0.0,0.0,0.0,HOLD_CASH
2019-05-02,2,CMS,WEC,44.6947,62.084,39.5697,2.8634,53.8484,4.4823,0.9935,0.9636,0.0,0.0,0.0,0.0,HOLD_CASH
2019-05-03,2,CMS,WEC,45.2515,62.6439,39.5697,2.8634,53.8484,4.4823,0.9935,1.9814,0.0,0.0,0.0,0.0,HOLD_CASH
2019-05-06,2,CMS,WEC,45.1287,62.4759,39.5697,2.8634,53.8484,4.4823,0.9935,1.6369,0.0,0.0,0.0,0.0,HOLD_CASH
2019-05-07,2,CMS,WEC,44.9895,62.6839,39.5697,2.8634,53.8484,4.4823,0.9935,0.0145,0.0,0.0,0.0,0.0,HOLD_CASH
2019-05-08,2,CMS,WEC,44.4408,61.916,39.5697,2.8634,53.8484,4.4823,0.9935,-0.3722,0.0,0.0,0.0,0.0,HOLD_CASH
2019-05-09,2,CMS,WEC,44.5473,61.972,39.5697,2.8634,53.8484,4.4823,0.9935,0.0398,0.0,0.0,0.0,0.0,HOLD_CASH
2019-05-10,2,CMS,WEC,45.5545,63.3639,39.5697,2.8634,53.8484,4.4823,0.9935,0.8061,0.0,0.0,0.0,0.0,HOLD_CASH
2019-05-13,2,CMS,WEC,46.226,64.3633,39.5697,2.8634,53.8484,4.4823,0.9935,0.9537,0.0,0.0,0.0,0.0,HOLD_CASH
2019-05-14,2,CMS,WEC,45.7347,64.0893,39.5697,2.8634,53.8484,4.4823,0.9935,-0.8769,0.0,0.0,0.0,0.0,HOLD_CASH
2019-05-15,2,CMS,WEC,45.7347,64.186,39.5697,2.8634,53.8484,4.4823,0.9935,-1.1558,0.0,0.0,0.0,0.0,HOLD_CASH
2019-05-16,2,CMS,WEC,46.0377,64.6776,39.5697,2.8634,53.8484,4.4823,0.9935,-1.1113,0.0,0.0,0.0,0.0,HOLD_CASH
2019-05-17,2,CMS,WEC,46.2342,65.2015,39.5697,2.8634,53.8484,4.4823,0.9935,-1.6937,0.0,0.0,0.0,0.0,HOLD_CASH
2019-05-20,2,CMS,WEC,46.4471,65.4996,39.5697,2.8634,53.8484,4.4823,0.9935,-1.6852,0.0,0.0,0.0,0.0,HOLD_CASH
2019-05-21,2,CMS,WEC,46.1441,65.1692,39.5697,2.8634,53.8484,4.4823,0.9935,-1.8936,0.0,0.0,0.0,0.0,HOLD_CASH
2019-05-22,2,CMS,WEC,46.4307,65.8946,39.5697,2.8634,53.8484,4.4823,0.9935,-2.2287,1.0,0.0,-0.0833,-0.0833,ENTER_LONG_A
2019-05-23,2,CMS,WEC,46.963,66.2734,39.5697,2.8634,53.8484,4.4823,0.9935,-0.975,1.0,0.2756,-0.0833,0.1923,HOLDING
2019-05-24,2,CMS,WEC,46.8729,66.4184,39.5697,2.8634,53.8484,4.4823,0.9935,-1.51,1.0,0.1036,-0.0833,0.0203,HOLDING
2019-05-28,2,CMS,WEC,45.9967,65.5641,39.5697,2.8634,53.8484,4.4823,0.9935,-2.2532,1.0,-0.2118,-0.0833,-0.2951,HOLDING
2019-05-29,2,CMS,WEC,45.4399,64.7179,39.5697,2.8634,53.8484,4.4823,0.9935,-1.9609,1.0,-0.2304,-0.0833,-0.3137,HOLDING
2019-05-30,2,CMS,WEC,45.6528,64.5003,39.5697,2.8634,53.8484,4.4823,0.9935,-0.8207,1.0,0.101,-0.0833,0.0177,HOLDING
2019-05-31,2,CMS,WEC,45.9476,64.9194,39.5697,2.8634,53.8484,4.4823,0.9935,-0.6596,1.0,0.1282,-0.0833,0.0449,HOLDING
2019-06-03,2,CMS,WEC,46.6764,65.7334,39.5697,2.8634,53.8484,4.4823,0.9935,0.0706,0.0,0.0,0.1618,0.1618,EXIT
2019-06-04,2,CMS,WEC,46.3325,65.5158,39.5697,2.8634,53.8484,4.4823,0.9935,-0.5297,0.0,0.0,0.1618,0.1618,HOLD_CASH
2019-06-05,2,CMS,WEC,47.4625,66.9181,39.5697,2.8634,53.8484,4.4823,0.9935,0.379,0.0,0.0,0.1618,0.1618,HOLD_CASH
2019-06-06,2,CMS,WEC,47.6672,67.3614,39.5697,2.8634,53.8484,4.4823,0.9935,0.1422,0.0,0.0,0.1618,0.1618,HOLD_CASH
2019-06-07,2,CMS,WEC,47.3233,66.8617,39.5697,2.8634,53.8484,4.4823,0.9935,0.1078,0.0,0.0,0.1618,0.1618,HOLD_CASH
2019-06-10,2,CMS,WEC,47.0858,66.6844,39.5697,2.8634,53.8484,4.4823,0.9935,-0.3047,0.0,0.0,0.1618,0.1618,HOLD_CASH
2019-06-11,2,CMS,WEC,46.8156,66.1041,39.5697,2.8634,53.8484,4.4823,0.9935,0.2936,0.0,0.0,0.1618,0.1618,HOLD_CASH
2019-06-12,2,CMS,WEC,47.4543,67.1841,39.5697,2.8634,53.8484,4.4823,0.9935,0.1151,0.0,0.0,0.1618,0.1618,HOLD_CASH
2019-06-13,2,CMS,WEC,47.4543,67.3856,39.5697,2.8634,53.8484,4.4823,0.9935,-0.5342,0.0,0.0,0.1618,0.1618,HOLD_CASH
2019-06-14,2,CMS,WEC,48.1094,67.9498,39.5697,2.8634,53.8484,4.4823,0.9935,1.1957,0.0,0.0,0.1618,0.1618,HOLD_CASH
2019-06-17,2,CMS,WEC,47.7983,67.8047,39.5697,2.8634,53.8484,4.4823,0.9935,-0.0545,0.0,0.0,0.1618,0.1618,HOLD_CASH
2019-06-18,2,CMS,WEC,47.5935,67.9014,39.5697,2.8634,53.8484,4.4823,0.9935,-1.4283,0.0,0.0,0.1618,0.1618,HOLD_CASH
2019-06-19,2,CMS,WEC,48.2241,68.4575,39.5697,2.8634,53.8484,4.4823,0.9935,0.1193,0.0,0.0,0.1618,0.1618,HOLD_CASH
2019-06-20,2,CMS,WEC,48.396,68.8202,39.5697,2.8634,53.8484,4.4823,0.9935,-0.2392,0.0,0.0,0.1618,0.1618,HOLD_CASH
2019-06-21,2,CMS,WEC,48.437,68.8444,39.5697,2.8634,53.8484,4.4823,0.9935,-0.0505,0.0,0.0,0.1618,0.1618,HOLD_CASH
2019-06-24,2,CMS,WEC,48.3305,68.7154,39.5697,2.8634,53.8484,4.4823,0.9935,-0.1924,0.0,0.0,0.1618,0.1618,HOLD_CASH
2019-06-25,2,CMS,WEC,48.2814,68.4575,39.5697,2.8634,53.8484,4.4823,0.9935,0.3895,0.0,0.0,0.1618,0.1618,HOLD_CASH
2019-06-26,2,CMS,WEC,47.1186,67.1599,39.5697,2.8634,53.8484,4.4823,0.9935,-2.1341,1.0,0.0,0.0785,0.0785,ENTER_LONG_A
2019-06-27,2,CMS,WEC,47.094,66.9584,39.5697,2.8634,53.8484,4.4823,0.9935,-1.2692,1.0,0.0959,0.0785,0.1744,HOLDING
2019-06-28,2,CMS,WEC,47.4216,67.1922,39.5697,2.8634,53.8484,4.4823,0.9935,-0.0002,0.0,0.0,0.2572,0.2572,EXIT
2019-07-01,2,CMS,WEC,47.2169,66.9987,39.5697,2.8634,53.8484,4.4823,0.9935,-0.5132,0.0,0.0,0.2572,0.2572,HOLD_CASH
2019-07-02,2,CMS,WEC,47.6836,67.9014,39.5697,2.8634,53.8484,4.4823,0.9935,-1.1938,0.0,0.0,0.2572,0.2572,HOLD_CASH
2019-07-03,2,CMS,WEC,48.2978,68.6106,39.5697,2.8634,53.8484,4.4823,0.9935,0.0713,0.0,0.0,0.2572,0.2572,HOLD_CASH
2019-07-05,2,CMS,WEC,48.0849,68.522,39.5697,2.8634,53.8484,4.4823,0.9935,-1.0475,0.0,0.0,0.2572,0.2572,HOLD_CASH
2019-07-08,2,CMS,WEC,48.2159,68.7396,39.5697,2.8634,53.8484,4.4823,0.9935,-1.0035,0.0,0.0,0.2572,0.2572,HOLD_CASH
2019-07-09,2,CMS,WEC,48.2159,69.07,39.5697,2.8634,53.8484,4.4823,0.9935,-2.1934,1.0,0.0,0.1738,0.1738,ENTER_LONG_A
2019-07-10,2,CMS,WEC,48.2486,69.4166,39.5697,2.8634,53.8484,4.4823,0.9935,-2.6539,1.0,-0.1695,0.1738,0.0043,HOLDING
2019-07-11,2,CMS,WEC,48.3142,69.4085,39.5697,2.8634,53.8484,4.4823,0.9935,-1.9133,1.0,-0.1055,0.1738,0.0683,HOLDING
2019-07-12,2,CMS,WEC,47.9702,68.8847,39.5697,2.8634,53.8484,4.4823,0.9935,-1.7068,1.0,-0.1159,0.1738,0.0579,HOLDING
2019-07-15,2,CMS,WEC,48.003,69.5939,39.5697,2.8634,53.8484,4.4823,0.9935,-2.8151,1.0,-0.4937,0.1738,-0.3199,HOLDING
2019-07-16,2,CMS,WEC,47.8228,69.4246,39.5697,2.8634,53.8484,4.4823,0.9935,-2.4288,1.0,-0.5596,0.1738,-0.3858,HOLDING
2019-07-17,2,CMS,WEC,48.0439,70.0372,39.5697,2.8634,53.8484,4.4823,0.9935,-2.355,1.0,-0.7113,0.1738,-0.5375,HOLDING
2019-07-18,2,CMS,WEC,48.4206,70.8028,39.5697,2.8634,53.8484,4.4823,0.9935,-2.1738,1.0,-0.8103,0.1738,-0.6364,HOLDING
2019-07-19,2,CMS,WEC,47.7082,69.5617,39.5697,2.8634,53.8484,4.4823,0.9935,-1.7245,1.0,-0.7421,0.1738,-0.5683,HOLDING
2019-07-22,2,CMS,WEC,47.7328,69.5375,39.5697,2.8634,53.8484,4.4823,0.9935,-1.4514,1.0,-0.7059,0.1738,-0.5321,HOLDING
2019-07-23,2,CMS,WEC,47.7164,69.1184,39.5697,2.8634,53.8484,4.4823,0.9935,-0.8293,1.0,-0.48,0.1738,-0.3062,HOLDING
2019-07-24,2,CMS,WEC,47.5035,69.1506,39.5697,2.8634,53.8484,4.4823,0.9935,-1.2078,1.0,-0.6913,0.1738,-0.5174,HOLDING
2019-07-25,2,CMS,WEC,47.4625,69.199,39.5697,2.8634,53.8484,4.4823,0.9935,-1.2231,1.0,-0.7561,0.1738,-0.5823,HOLDING
2019-07-26,2,CMS,WEC,48.0603,69.8437,39.5697,2.8634,53.8484,4.4823,0.9935,-0.7451,1.0,-0.5854,0.1738,-0.4116,HOLDING
2019-07-29,2,CMS,WEC,48.4616,70.5207,39.5697,2.8634,53.8484,4.4823,0.9935,-0.7265,1.0,-0.6111,0.1738,-0.4373,HOLDING
2019-07-30,2,CMS,WEC,47.9538,69.8437,39.5697,2.8634,53.8484,4.4823,0.9935,-0.8187,1.0,-0.6818,0.1738,-0.5079,HOLDING
2019-07-31,2,CMS,WEC,47.6754,68.8766,39.5697,2.8634,53.8484,4.4823,0.9935,0.0427,0.0,0.0,-0.287,-0.287,EXIT
2019-08-01,2,CMS,WEC,48.6259,70.2628,39.5697,2.8634,53.8484,4.4823,0.9935,0.3486,0.0,0.0,-0.287,-0.287,HOLD_CASH
2019-08-02,2,CMS,WEC,48.3868,69.7632,39.5697,2.8634,53.8484,4.4823,0.9935,0.7054,0.0,0.0,-0.287,-0.287,HOLD_CASH
2019-08-05,2,CMS,WEC,47.9911,70.1419,39.5697,2.8634,53.8484,4.4823,0.9935,-1.2351,0.0,0.0,-0.287,-0.287,HOLD_CASH
2019-08-06,2,CMS,WEC,48.5517,70.8351,39.5697,2.8634,53.8484,4.4823,0.9935,-0.7479,0.0,0.0,-0.287,-0.287,HOLD_CASH
2019-08-07,2,CMS,WEC,48.7248,71.1252,39.5697,2.8634,53.8484,4.4823,0.9935,-0.713,0.0,0.0,-0.287,-0.287,HOLD_CASH
2019-08-08,2,CMS,WEC,49.5161,71.9714,39.5697,2.8634,53.8484,4.4823,0.9935,0.4653,0.0,0.0,-0.287,-0.287,HOLD_CASH
2019-08-09,2,CMS,WEC,49.7222,72.4308,39.5697,2.8634,53.8484,4.4823,0.9935,0.2229,0.0,0.0,-0.287,-0.287,HOLD_CASH
2019-08-12,2,CMS,WEC,49.409,72.5275,39.5697,2.8634,53.8484,4.4823,0.9935,-1.6272,0.0,0.0,-0.287,-0.287,HOLD_CASH
2019-08-13,2,CMS,WEC,49.5326,72.7466,39.5697,2.8634,53.8484,4.4823,0.9935,-1.5053,0.0,0.0,-0.287,-0.287,HOLD_CASH
2019-08-14,2,CMS,WEC,49.2688,72.1138,39.5697,2.8634,53.8484,4.4823,0.9935,-0.7961,0.0,0.0,-0.287,-0.287,HOLD_CASH
2019-08-15,2,CMS,WEC,50.5053,73.5741,39.5697,2.8634,53.8484,4.4823,0.9935,0.6277,0.0,0.0,-0.287,-0.287,HOLD_CASH
2019-08-16,2,CMS,WEC,50.4476,73.3713,39.5697,2.8634,53.8484,4.4823,0.9935,0.885,0.0,0.0,-0.287,-0.287,HOLD_CASH
2019-08-19,2,CMS,WEC,50.7526,74.1176,39.5697,2.8634,53.8484,4.4823,0.9935,0.0444,0.0,0.0,-0.287,-0.287,HOLD_CASH
2019-08-20,2,CMS,WEC,50.6619,74.4827,39.5697,2.8634,53.8484,4.4823,0.9935,-1.354,0.0,0.0,-0.287,-0.287,HOLD_CASH
2019-08-21,2,CMS,WEC,51.1565,75.2372,39.5697,2.8634,53.8484,4.4823,0.9935,-1.1857,0.0,0.0,-0.287,-0.287,HOLD_CASH
2019-08-22,2,CMS,WEC,51.2224,75.5617,39.5697,2.8634,53.8484,4.4823,0.9935,-1.6319,0.0,0.0,-0.287,-0.287,HOLD_CASH
2019-08-23,2,CMS,WEC,50.7608,75.1155,39.5697,2.8634,53.8484,4.4823,0.9935,-1.9882,0.0,0.0,-0.287,-0.287,HOLD_CASH
2019-08-26,2,CMS,WEC,51.445,76.4703,39.5697,2.8634,53.8484,4.4823,0.9935,-2.1539,1.0,0.0,-0.3704,-0.3704,ENTER_LONG_A
2019-08-27,2,CMS,WEC,51.5686,77.3222,39.5697,2.8634,53.8484,4.4823,0.9935,-2.6112,1.0,-0.3476,-0.3704,-0.7179,HOLDING
2019-08-28,2,CMS,WEC,51.4944,77.1599,39.5697,2.8634,53.8484,4.4823,0.9935,-2.1155,1.0,-0.3236,-0.3704,-0.6939,HOLDING
2019-08-29,2,CMS,WEC,51.9561,77.8252,39.5697,2.8634,53.8484,4.4823,0.9935,-1.7756,1.0,-0.2907,-0.3704,-0.6611,HOLDING
2019-08-30,2,CMS,WEC,51.9725,77.6954,39.5697,2.8634,53.8484,4.4823,0.9935,-1.425,1.0,-0.2083,-0.3704,-0.5787,HOLDING
2019-09-03,2,CMS,WEC,53.0689,79.2854,39.5697,2.8634,53.8484,4.4823,0.9935,-1.117,1.0,-0.1357,-0.3704,-0.5061,HOLDING
2019-09-04,2,CMS,WEC,53.1513,79.2205,39.5697,2.8634,53.8484,4.4823,0.9935,-0.7739,1.0,-0.0327,-0.3704,-0.403,HOLDING
2019-09-05,2,CMS,WEC,52.2611,77.3384,39.5697,2.8634,53.8484,4.4823,0.9935,-0.0863,0.0,0.0,-0.2339,-0.2339,EXIT
2019-09-06,2,CMS,WEC,51.7335,75.5536,39.5697,2.8634,53.8484,4.4823,0.9935,1.2335,0.0,0.0,-0.2339,-0.2339,HOLD_CASH
2019-09-09,2,CMS,WEC,50.6536,73.3956,39.5697,2.8634,53.8484,4.4823,0.9935,1.7357,0.0,0.0,-0.2339,-0.2339,HOLD_CASH
2019-09-10,2,CMS,WEC,50.2745,73.2577,39.5697,2.8634,53.8484,4.4823,0.9935,1.061,0.0,0.0,-0.2339,-0.2339,HOLD_CASH
2019-09-11,2,CMS,WEC,50.4888,74.0446,39.5697,2.8634,53.8484,4.4823,0.9935,0.4747,0.0,0.0,-0.2339,-0.2339,HOLD_CASH
2019-09-12,2,CMS,WEC,50.802,74.2718,39.5697,2.8634,53.8484,4.4823,0.9935,0.7866,0.0,0.0,-0.2339,-0.2339,HOLD_CASH
2019-09-13,2,CMS,WEC,50.5053,73.9554,39.5697,2.8634,53.8484,4.4823,0.9935,0.635,0.0,0.0,-0.2339,-0.2339,HOLD_CASH
2019-09-16,2,CMS,WEC,50.6619,74.0771,39.5697,2.8634,53.8484,4.4823,0.9935,0.8403,0.0,0.0,-0.2339,-0.2339,HOLD_CASH
2019-09-17,2,CMS,WEC,51.412,75.2859,39.5697,2.8634,53.8484,4.4823,0.9935,0.8201,0.0,0.0,-0.2339,-0.2339,HOLD_CASH
2019-09-18,2,CMS,WEC,51.6263,75.5698,39.5697,2.8634,53.8484,4.4823,0.9935,0.8476,0.0,0.0,-0.2339,-0.2339,HOLD_CASH
2019-09-19,2,CMS,WEC,51.8077,75.8375,39.5697,2.8634,53.8484,4.4823,0.9935,0.8295,0.0,0.0,-0.2339,-0.2339,HOLD_CASH
2019-09-20,2,CMS,WEC,52.022,76.016,39.5697,2.8634,53.8484,4.4823,0.9935,0.9564,0.0,0.0,-0.2339,-0.2339,HOLD_CASH
2019-09-23,2,CMS,WEC,52.088,76.2269,39.5697,2.8634,53.8484,4.4823,0.9935,0.7532,0.0,0.0,-0.2339,-0.2339,HOLD_CASH
2019-09-24,2,CMS,WEC,52.8298,77.0707,39.5697,2.8634,53.8484,4.4823,0.9935,1.0424,0.0,0.0,-0.2339,-0.2339,HOLD_CASH
2019-09-25,2,CMS,WEC,53.0277,77.3546,39.5697,2.8634,53.8484,4.4823,0.9935,0.9932,0.0,0.0,-0.2339,-0.2339,HOLD_CASH
2019-09-26,2,CMS,WEC,53.6129,77.8008,39.5697,2.8634,53.8484,4.4823,0.9935,1.4919,0.0,0.0,-0.2339,-0.2339,HOLD_CASH
2019-09-27,2,CMS,WEC,52.7639,76.9652,39.5697,2.8634,53.8484,4.4823,0.9935,0.7582,0.0,0.0,-0.2339,-0.2339,HOLD_CASH
2019-09-30,2,CMS,WEC,52.7144,77.1518,39.5697,2.8634,53.8484,4.4823,0.9935,0.2712,0.0,0.0,-0.2339,-0.2339,HOLD_CASH
2019-10-01,2,CMS,WEC,52.8793,77.2248,39.5697,2.8634,53.8484,4.4823,0.9935,0.5449,0.0,0.0,-0.2339,-0.2339,HOLD_CASH
2019-04-03,3,WEC,XEL,62.324,45.1378,53.8484,4.4823,39.1471,3.2731,0.9933,0.0,0.0,0.0,0.0,0.0,HOLD_CASH
2019-04-04,3,WEC,XEL,61.972,45.0645,53.8484,4.4823,39.1471,3.2731,0.9933,0.0,0.0,0.0,0.0,0.0,HOLD_CASH
2019-04-05,3,WEC,XEL,62.5719,45.415,53.8484,4.4823,39.1471,3.2731,0.9933,0.0,0.0,0.0,0.0,0.0,HOLD_CASH
2019-04-08,3,WEC,XEL,61.716,45.0889,53.8484,4.4823,39.1471,3.2731,0.9933,0.0,0.0,0.0,0.0,0.0,HOLD_CASH
2019-04-09,3,WEC,XEL,61.972,45.4558,53.8484,4.4823,39.1471,3.2731,0.9933,0.0,0.0,0.0,0.0,0.0,HOLD_CASH
2019-04-10,3,WEC,XEL,61.548,45.1215,53.8484,4.4823,39.1471,3.2731,0.9933,0.0,0.0,0.0,0.0,0.0,HOLD_CASH
2019-04-11,3,WEC,XEL,61.908,45.3824,53.8484,4.4823,39.1471,3.2731,0.9933,0.0,0.0,0.0,0.0,0.0,HOLD_CASH
2019-04-12,3,WEC,XEL,62.252,45.5454,53.8484,4.4823,39.1471,3.2731,0.9933,0.0,0.0,0.0,0.0,0.0,HOLD_CASH
2019-04-15,3,WEC,XEL,62.14,45.4721,53.8484,4.4823,39.1471,3.2731,0.9933,0.0,0.0,0.0,0.0,0.0,HOLD_CASH
2019-04-16,3,WEC,XEL,61.164,44.7221,53.8484,4.4823,39.1471,3.2731,0.9933,0.0,0.0,0.0,0.0,0.0,HOLD_CASH
2019-04-17,3,WEC,XEL,61.132,44.6487,53.8484,4.4823,39.1471,3.2731,0.9933,0.0,0.0,0.0,0.0,0.0,HOLD_CASH
2019-04-18,3,WEC,XEL,61.0281,44.5753,53.8484,4.4823,39.1471,3.2731,0.9933,0.0,0.0,0.0,0.0,0.0,HOLD_CASH
2019-04-22,3,WEC,XEL,61.1,44.6569,53.8484,4.4823,39.1471,3.2731,0.9933,0.0,0.0,0.0,0.0,0.0,HOLD_CASH
2019-04-23,3,WEC,XEL,61.396,44.9829,53.8484,4.4823,39.1471,3.2731,0.9933,0.0,0.0,0.0,0.0,0.0,HOLD_CASH
2019-04-24,3,WEC,XEL,61.636,45.1704,53.8484,4.4823,39.1471,3.2731,0.9933,0.0,0.0,0.0,0.0,0.0,HOLD_CASH
2019-04-25,3,WEC,XEL,62.236,45.6433,53.8484,4.4823,39.1471,3.2731,0.9933,0.0,0.0,0.0,0.0,0.0,HOLD_CASH
2019-04-26,3,WEC,XEL,62.108,45.5862,53.8484,4.4823,39.1471,3.2731,0.9933,0.0,0.0,0.0,0.0,0.0,HOLD_CASH
2019-04-29,3,WEC,XEL,61.548,45.2031,53.8484,4.4823,39.1471,3.2731,0.9933,0.0,0.0,0.0,0.0,0.0,HOLD_CASH
2019-04-30,3,WEC,XEL,62.74,46.059,53.8484,4.4823,39.1471,3.2731,0.9933,0.0,0.0,0.0,0.0,0.0,HOLD_CASH
2019-05-01,3,WEC,XEL,62.116,45.5699,53.8484,4.4823,39.1471,3.2731,0.9933,-0.7718,0.0,0.0,0.0,0.0,HOLD_CASH
2019-05-02,3,WEC,XEL,62.084,45.5862,53.8484,4.4823,39.1471,3.2731,0.9933,-1.0029,0.0,0.0,0.0,0.0,HOLD_CASH
2019-05-03,3,WEC,XEL,62.6439,46.1242,53.8484,4.4823,39.1471,3.2731,0.9933,-1.7597,0.0,0.0,0.0,0.0,HOLD_CASH
2019-05-06,3,WEC,XEL,62.4759,46.0672,53.8484,4.4823,39.1471,3.2731,0.9933,-2.3475,1.0,0.0,-0.0833,-0.0833,ENTER_LONG_A
2019-05-07,3,WEC,XEL,62.6839,46.1242,53.8484,4.4823,39.1471,3.2731,0.9933,-1.3697,1.0,0.0868,-0.0833,0.0035,HOLDING
2019-05-08,3,WEC,XEL,61.916,45.5536,53.8484,4.4823,39.1471,3.2731,0.9933,-1.2066,1.0,0.0923,-0.0833,0.009,HOLDING
2019-05-09,3,WEC,XEL,61.972,45.7003,53.8484,4.4823,39.1471,3.2731,0.9933,-1.7839,1.0,-0.0033,-0.0833,-0.0867,HOLDING
2019-05-10,3,WEC,XEL,63.3639,46.6378,53.8484,4.4823,39.1471,3.2731,0.9933,-1.0433,1.0,0.0744,-0.0833,-0.0089,HOLDING
2019-05-13,3,WEC,XEL,64.3633,47.1025,53.8484,4.4823,39.1471,3.2731,0.9933,0.9166,1.0,0.319,-0.0833,0.2357,HOLDING
2019-05-14,3,WEC,XEL,64.0893,46.7193,53.8484,4.4823,39.1471,3.2731,0.9933,1.9655,1.0,0.4836,-0.0833,0.4002,HOLDING
2019-05-15,3,WEC,XEL,64.186,46.646,53.8484,4.4823,39.1471,3.2731,0.9933,2.391,1.0,0.6144,-0.0833,0.5311,HOLDING
2019-05-16,3,WEC,XEL,64.6776,47.0617,53.8484,4.4823,39.1471,3.2731,0.9933,1.8778,1.0,0.5652,-0.0833,0.4819,HOLDING
2019-05-17,3,WEC,XEL,65.2015,47.453,53.8484,4.4823,39.1471,3.2731,0.9933,1.6848,1.0,0.5596,-0.0833,0.4763,HOLDING
2019-05-20,3,WEC,XEL,65.4996,47.5998,53.8484,4.4823,39.1471,3.2731,0.9933,1.7994,1.0,0.6253,-0.0833,0.542,HOLDING
2019-05-21,3,WEC,XEL,65.1692,47.347,53.8484,4.4823,39.1471,3.2731,0.9933,1.6198,1.0,0.6342,-0.0833,0.5508,HOLDING
2019-05-22,3,WEC,XEL,65.8946,47.6976,53.8484,4.4823,39.1471,3.2731,0.9933,1.9847,1.0,0.7997,-0.0833,0.7163,HOLDING
2019-05-23,3,WEC,XEL,66.2734,48.1704,53.8484,4.4823,39.1471,3.2731,0.9933,1.159,1.0,0.6236,-0.0833,0.5403,HOLDING
2019-05-24,3,WEC,XEL,66.4184,48.0889,53.8484,4.4823,39.1471,3.2731,0.9933,1.5881,1.0,0.7941,-0.0833,0.7107,HOLDING
2019-05-28,3,WEC,XEL,65.5641,47.3063,53.8484,4.4823,39.1471,3.2731,0.9933,1.794,1.0,0.9341,-0.0833,0.8507,HOLDING
2019-05-29,3,WEC,XEL,64.7179,46.6297,53.8484,4.4823,39.1471,3.2731,0.9933,1.6958,1.0,0.9834,-0.0833,0.9001,HOLDING
2019-05-30,3,WEC,XEL,64.5003,46.7601,53.8484,4.4823,39.1471,3.2731,0.9933,0.8048,1.0,0.7204,-0.0833,0.637,HOLDING
2019-05-31,3,WEC,XEL,64.9194,46.7438,53.8484,4.4823,39.1471,3.2731,0.9933,1.504,1.0,1.0142,-0.0833,0.9309,HOLDING
2019-06-03,3,WEC,XEL,65.7334,47.2411,53.8484,4.4823,39.1471,3.2731,0.9933,1.5767,1.0,1.1059,-0.0833,1.0225,HOLDING
2019-06-04,3,WEC,XEL,65.5158,47.1025,53.8484,4.4823,39.1471,3.2731,0.9933,1.39,1.0,1.0865,-0.0833,1.0031,HOLDING
2019-06-05,3,WEC,XEL,66.9181,48.3579,53.8484,4.4823,39.1471,3.2731,0.9933,0.7236,1.0,0.8832,-0.0833,0.7998,HOLDING
2019-06-06,3,WEC,XEL,67.3614,48.7492,53.8484,4.4823,39.1471,3.2731,0.9933,0.4675,0.0,0.0,0.6515,0.6515,EXIT
2019-06-07,3,WEC,XEL,66.8617,48.4476,53.8484,4.4823,39.1471,3.2731,0.9933,0.1707,0.0,0.0,0.6515,0.6515,HOLD_CASH
2019-06-10,3,WEC,XEL,66.6844,48.309,53.8484,4.4823,39.1471,3.2731,0.9933,0.0795,0.0,0.0,0.6515,0.6515,HOLD_CASH
2019-06-11,3,WEC,XEL,66.1041,47.8443,53.8484,4.4823,39.1471,3.2731,0.9933,0.1476,0.0,0.0,0.6515,0.6515,HOLD_CASH
2019-06-12,3,WEC,XEL,67.1841,48.5209,53.8484,4.4823,39.1471,3.2731,0.9933,0.6621,0.0,0.0,0.6515,0.6515,HOLD_CASH
2019-06-13,3,WEC,XEL,67.3856,48.7959,53.8484,4.4823,39.1471,3.2731,0.9933,-0.0777,0.0,0.0,0.6515,0.6515,HOLD_CASH
2019-06-14,3,WEC,XEL,67.9498,49.272,53.8484,4.4823,39.1471,3.2731,0.9933,-0.5033,0.0,0.0,0.6515,0.6515,HOLD_CASH
2019-06-17,3,WEC,XEL,67.8047,49.1488,53.8484,4.4823,39.1471,3.2731,0.9933,-0.5094,0.0,0.0,0.6515,0.6515,HOLD_CASH
2019-06-18,3,WEC,XEL,67.9014,49.313,53.8484,4.4823,39.1471,3.2731,0.9933,-1.1492,0.0,0.0,0.6515,0.6515,HOLD_CASH
2019-06-19,3,WEC,XEL,68.4575,49.9122,53.8484,4.4823,39.1471,3.2731,0.9933,-2.1515,1.0,0.0,0.5682,0.5682,ENTER_LONG_A
2019-06-20,3,WEC,XEL,68.8202,50.3226,53.8484,4.4823,39.1471,3.2731,0.9933,-2.381,1.0,-0.1195,0.5682,0.4487,HOLDING
2019-06-21,3,WEC,XEL,68.8444,50.5114,53.8484,4.4823,39.1471,3.2731,0.9933,-2.5602,1.0,-0.2617,0.5682,0.3065,HOLDING
2019-06-24,3,WEC,XEL,68.7154,50.2897,53.8484,4.4823,39.1471,3.2731,0.9933,-1.7629,1.0,-0.1562,0.5682,0.412,HOLDING
2019-06-25,3,WEC,XEL,68.4575,50.0599,53.8484,4.4823,39.1471,3.2731,0.9933,-1.43,1.0,-0.1228,0.5682,0.4454,HOLDING
2019-06-26,3,WEC,XEL,67.1599,48.7959,53.8484,4.4823,39.1471,3.2731,0.9933,-0.2697,0.0,0.0,0.6216,0.6216,EXIT
2019-06-27,3,WEC,XEL,66.9584,48.6564,53.8484,4.4823,39.1471,3.2731,0.9933,-0.284,0.0,0.0,0.6216,0.6216,HOLD_CASH
2019-06-28,3,WEC,XEL,67.1922,48.8287,53.8484,4.4823,39.1471,3.2731,0.9933,-0.2197,0.0,0.0,0.6216,0.6216,HOLD_CASH
2019-07-01,3,WEC,XEL,66.9987,48.7795,53.8484,4.4823,39.1471,3.2731,0.9933,-0.4969,0.0,0.0,0.6216,0.6216,HOLD_CASH
2019-07-02,3,WEC,XEL,67.9014,49.3705,53.8484,4.4823,39.1471,3.2731,0.9933,-0.1025,0.0,0.0,0.6216,0.6216,HOLD_CASH
2019-07-03,3,WEC,XEL,68.6106,49.8301,53.8484,4.4823,39.1471,3.2731,0.9933,0.246,0.0,0.0,0.6216,0.6216,HOLD_CASH
2019-07-05,3,WEC,XEL,68.522,49.8137,53.8484,4.4823,39.1471,3.2731,0.9933,0.0637,0.0,0.0,0.6216,0.6216,HOLD_CASH
2019-07-08,3,WEC,XEL,68.7396,49.945,53.8484,4.4823,39.1471,3.2731,0.9933,0.2391,0.0,0.0,0.6216,0.6216,HOLD_CASH
2019-07-09,3,WEC,XEL,69.07,49.9778,53.8484,4.4823,39.1471,3.2731,0.9933,1.2492,0.0,0.0,0.6216,0.6216,HOLD_CASH
2019-07-10,3,WEC,XEL,69.4166,50.2077,53.8484,4.4823,39.1471,3.2731,0.9933,1.3256,0.0,0.0,0.6216,0.6216,HOLD_CASH
2019-07-11,3,WEC,XEL,69.4085,50.2241,53.8484,4.4823,39.1471,3.2731,0.9933,1.2648,0.0,0.0,0.6216,0.6216,HOLD_CASH
2019-07-12,3,WEC,XEL,68.8847,49.904,53.8484,4.4823,39.1471,3.2731,0.9933,0.9459,0.0,0.0,0.6216,0.6216,HOLD_CASH
2019-07-15,3,WEC,XEL,69.5939,50.2159,53.8484,4.4823,39.1471,3.2731,0.9933,1.7671,0.0,0.0,0.6216,0.6216,HOLD_CASH
2019-07-16,3,WEC,XEL,69.4246,50.0681,53.8484,4.4823,39.1471,3.2731,0.9933,1.6823,0.0,0.0,0.6216,0.6216,HOLD_CASH
2019-07-17,3,WEC,XEL,70.0372,50.2979,53.8484,4.4823,39.1471,3.2731,0.9933,2.1509,-1.0,0.0,0.5382,0.5382,ENTER_SHORT_A
2019-07-18,3,WEC,XEL,70.8028,50.8315,53.8484,4.4823,39.1471,3.2731,0.9933,1.9106,-1.0,-0.024,0.5382,0.5142,HOLDING
2019-07-19,3,WEC,XEL,69.5617,49.8793,53.8484,4.4823,39.1471,3.2731,0.9933,1.7815,-1.0,-0.0565,0.5382,0.4817,HOLDING
2019-07-22,3,WEC,XEL,69.5375,49.8301,53.8484,4.4823,39.1471,3.2731,0.9933,1.7216,-1.0,-0.0823,0.5382,0.456,HOLDING
2019-07-23,3,WEC,XEL,69.1184,49.5839,53.8484,4.4823,39.1471,3.2731,0.9933,1.4013,-1.0,-0.0316,0.5382,0.5066,HOLDING
2019-07-24,3,WEC,XEL,69.1506,49.6249,53.8484,4.4823,39.1471,3.2731,0.9933,1.2482,-1.0,-0.0174,0.5382,0.5208,HOLDING
2019-07-25,3,WEC,XEL,69.199,49.4033,53.8484,4.4823,39.1471,3.2731,0.9933,1.8311,-1.0,-0.228,0.5382,0.3103,HOLDING
2019-07-26,3,WEC,XEL,69.8437,49.6659,53.8484,4.4823,39.1471,3.2731,0.9933,2.0889,-1.0,-0.401,0.5382,0.1372,HOLDING
2019-07-29,3,WEC,XEL,70.5207,50.0517,53.8484,4.4823,39.1471,3.2731,0.9933,2.03,-1.0,-0.4926,0.5382,0.0456,HOLDING
2019-07-30,3,WEC,XEL,69.8437,49.7316,53.8484,4.4823,39.1471,3.2731,0.9933,1.4175,-1.0,-0.3473,0.5382,0.191,HOLDING
2019-07-31,3,WEC,XEL,68.8766,48.9272,53.8484,4.4823,39.1471,3.2731,0.9933,1.49,-1.0,-0.4237,0.5382,0.1145,HOLDING
2019-08-01,3,WEC,XEL,70.2628,49.8711,53.8484,4.4823,39.1471,3.2731,0.9933,1.507,-1.0,-0.4853,0.5382,0.053,HOLDING
2019-08-02,3,WEC,XEL,69.7632,49.0996,53.8484,4.4823,39.1471,3.2731,0.9933,2.1514,-1.0,-0.8162,0.5382,-0.2779,HOLDING
2019-08-05,3,WEC,XEL,70.1419,48.9436,53.8484,4.4823,39.1471,3.2731,0.9933,2.532,-1.0,-1.1718,0.5382,-0.6336,HOLDING
2019-08-06,3,WEC,XEL,70.8351,49.6003,53.8484,4.4823,39.1471,3.2731,0.9933,1.9152,-1.0,-1.0514,0.5382,-0.5132,HOLDING
2019-08-07,3,WEC,XEL,71.1252,49.8957,53.8484,4.4823,39.1471,3.2731,0.9933,1.5623,-1.0,-0.9842,0.5382,-0.4459,HOLDING
2019-08-08,3,WEC,XEL,71.9714,50.5934,53.8484,4.4823,39.1471,3.2731,0.9933,1.291,-1.0,-0.9223,0.5382,-0.384,HOLDING
2019-08-09,3,WEC,XEL,72.4308,50.7001,53.8484,4.4823,39.1471,3.2731,0.9933,1.5493,-1.0,-1.1114,0.5382,-0.5732,HOLDING
2019-08-12,3,WEC,XEL,72.5275,50.5031,53.8484,4.4823,39.1471,3.2731,0.9933,1.7874,-1.0,-1.3309,0.5382,-0.7927,HOLDING
2019-08-13,3,WEC,XEL,72.7466,50.38,53.8484,4.4823,39.1471,3.2731,0.9933,1.9713,-1.0,-1.5635,0.5382,-1.0253,HOLDING
2019-08-14,3,WEC,XEL,72.1138,49.8875,53.8484,4.4823,39.1471,3.2731,0.9933,1.7572,-1.0,-1.5859,0.5382,-1.0476,HOLDING
2019-08-15,3,WEC,XEL,73.5741,50.5031,53.8484,4.4823,39.1471,3.2731,0.9933,2.0757,-1.0,-1.9608,0.5382,-1.4226,HOLDING
2019-08-16,3,WEC,XEL,73.3713,50.7248,53.8484,4.4823,39.1471,3.2731,0.9933,1.3945,-1.0,-1.6573,0.5382,-1.119,HOLDING
2019-08-19,3,WEC,XEL,74.1176,51.012,53.8484,4.4823,39.1471,3.2731,0.9933,1.5641,-1.0,-1.8713,0.5382,-1.3331,HOLDING
2019-08-20,3,WEC,XEL,74.4827,51.2172,53.8484,4.4823,39.1471,3.2731,0.9933,1.4906,-1.0,-1.9231,0.5382,-1.3848,HOLDING
2019-08-21,3,WEC,XEL,75.2372,51.7097,53.8484,4.4823,39.1471,3.2731,0.9933,1.442,-1.0,-1.974,0.5382,-1.4357,HOLDING
2019-08-22,3,WEC,XEL,75.5617,51.9395,53.8484,4.4823,39.1471,3.2731,0.9933,1.3257,-1.0,-1.9811,0.5382,-1.4429,HOLDING
2019-08-23,3,WEC,XEL,75.1155,51.2583,53.8484,4.4823,39.1471,3.2731,0.9933,1.6197,-1.0,-2.2703,0.5382,-1.7321,HOLDING
2019-08-26,3,WEC,XEL,76.4703,52.1529,53.8484,4.4823,39.1471,3.2731,0.9933,1.5692,-1.0,-2.3533,0.5382,-1.815,HOLDING
2019-08-27,3,WEC,XEL,77.3222,52.5223,53.8484,4.4823,39.1471,3.2731,0.9933,1.7255,-1.0,-2.5636,0.5382,-2.0253,HOLDING
2019-08-28,3,WEC,XEL,77.1599,52.5141,53.8484,4.4823,39.1471,3.2731,0.9933,1.4549,-1.0,-2.4726,0.5382,-1.9344,HOLDING
2019-08-29,3,WEC,XEL,77.8252,53.023,53.8484,4.4823,39.1471,3.2731,0.9933,1.335,-1.0,-2.4564,0.5382,-1.9182,HOLDING
2019-08-30,3,WEC,XEL,77.6954,52.7111,53.8484,4.4823,39.1471,3.2731,0.9933,1.4974,-1.0,-2.6336,0.5382,-2.0954,HOLDING
2019-09-03,3,WEC,XEL,79.2854,53.7863,53.8484,4.4823,39.1471,3.2731,0.9933,1.4562,-1.0,-2.7103,0.5382,-2.1721,HOLDING
2019-09-04,3,WEC,XEL,79.2205,54.0243,53.8484,4.4823,39.1471,3.2731,0.9933,0.9589,-1.0,-2.4764,0.5382,-1.9382,HOLDING
2019-09-05,3,WEC,XEL,77.3384,53.4744,53.8484,4.4823,39.1471,3.2731,0.9933,-0.3634,0.0,0.0,-1.3459,-1.3459,EXIT
2019-09-06,3,WEC,XEL,75.5536,53.1871,53.8484,4.4823,39.1471,3.2731,0.9933,-2.0128,1.0,0.0,-1.4292,-1.4292,ENTER_LONG_A
2019-09-09,3,WEC,XEL,73.3956,52.0298,53.8484,4.4823,39.1471,3.2731,0.9933,-2.3924,1.0,-0.3289,-1.4292,-1.7582,HOLDING
2019-09-10,3,WEC,XEL,73.2577,51.7015,53.8484,4.4823,39.1471,3.2731,0.9933,-1.874,1.0,-0.155,-1.4292,-1.5842,HOLDING
2019-09-11,3,WEC,XEL,74.0446,51.9149,53.8484,4.4823,39.1471,3.2731,0.9933,-1.2931,1.0,0.1248,-1.4292,-1.3044,HOLDING
2019-09-12,3,WEC,XEL,74.2718,52.1008,53.8484,4.4823,39.1471,3.2731,0.9933,-1.2309,1.0,0.1104,-1.4292,-1.3189,HOLDING
2019-09-13,3,WEC,XEL,73.9554,51.7208,53.8484,4.4823,39.1471,3.2731,0.9933,-0.9631,1.0,0.2234,-1.4292,-1.2059,HOLDING
2019-09-16,3,WEC,XEL,74.0771,51.9025,53.8484,4.4823,39.1471,3.2731,0.9933,-1.0078,1.0,0.1526,-1.4292,-1.2766,HOLDING
2019-09-17,3,WEC,XEL,75.2859,52.646,53.8484,4.4823,39.1471,3.2731,0.9933,-0.777,1.0,0.2639,-1.4292,-1.1653,HOLDING
2019-09-18,3,WEC,XEL,75.5698,52.8773,53.8484,4.4823,39.1471,3.2731,0.9933,-0.7424,1.0,0.2466,-1.4292,-1.1826,HOLDING
2019-09-19,3,WEC,XEL,75.8375,53.0838,53.8484,4.4823,39.1471,3.2731,0.9933,-0.6925,1.0,0.2392,-1.4292,-1.1901,HOLDING
2019-09-20,3,WEC,XEL,76.016,53.3812,53.8484,4.4823,39.1471,3.2731,0.9933,-0.8066,1.0,0.1118,-1.4292,-1.3175,HOLDING
2019-09-23,3,WEC,XEL,76.2269,53.3647,53.8484,4.4823,39.1471,3.2731,0.9933,-0.5485,1.0,0.2433,-1.4292,-1.1859,HOLDING
2019-09-24,3,WEC,XEL,77.0707,54.0503,53.8484,4.4823,39.1471,3.2731,0.9933,-0.5518,1.0,0.1932,-1.4292,-1.2361,HOLDING
2019-09-25,3,WEC,XEL,77.3546,53.7364,53.8484,4.4823,39.1471,3.2731,0.9933,0.1284,0.0,0.0,-0.9202,-0.9202,EXIT
2019-09-26,3,WEC,XEL,77.8008,54.166,53.8484,4.4823,39.1471,3.2731,0.9933,0.0812,0.0,0.0,-0.9202,-0.9202,HOLD_CASH
2019-09-27,3,WEC,XEL,76.9652,53.9925,53.8484,4.4823,39.1471,3.2731,0.9933,-0.4183,0.0,0.0,-0.9202,-0.9202,HOLD_CASH
2019-09-30,3,WEC,XEL,77.1518,53.6042,53.8484,4.4823,39.1471,3.2731,0.9933,0.4691,0.0,0.0,-0.9202,-0.9202,HOLD_CASH
2019-10-01,3,WEC,XEL,77.2248,53.6538,53.8484,4.4823,39.1471,3.2731,0.9933,0.7484,0.0,0.0,-0.9202,-0.9202,HOLD_CASH
2019-04-03,4,DOC,WELL,21.7919,62.2727,18.4171,2.1168,51.9148,6.6487,0.9921,0.0,0.0,0.0,0.0,0.0,HOLD_CASH
2019-04-04,4,DOC,WELL,21.6663,61.7085,18.4171,2.1168,51.9148,6.6487,0.9921,0.0,0.0,0.0,0.0,0.0,HOLD_CASH
2019-04-05,4,DOC,WELL,21.7779,61.8536,18.4171,2.1168,51.9148,6.6487,0.9921,0.0,0.0,0.0,0.0,0.0,HOLD_CASH
2019-04-08,4,DOC,WELL,21.5755,61.0556,18.4171,2.1168,51.9148,6.6487,0.9921,0.0,0.0,0.0,0.0,0.0,HOLD_CASH
2019-04-09,4,DOC,WELL,21.4848,61.0879,18.4171,2.1168,51.9148,6.6487,0.9921,0.0,0.0,0.0,0.0,0.0,HOLD_CASH
2019-04-10,4,DOC,WELL,21.6104,61.6763,18.4171,2.1168,51.9148,6.6487,0.9921,0.0,0.0,0.0,0.0,0.0,HOLD_CASH
2019-04-11,4,DOC,WELL,21.5407,61.6763,18.4171,2.1168,51.9148,6.6487,0.9921,0.0,0.0,0.0,0.0,0.0,HOLD_CASH
2019-04-12,4,DOC,WELL,21.5337,61.636,18.4171,2.1168,51.9148,6.6487,0.9921,0.0,0.0,0.0,0.0,0.0,HOLD_CASH
2019-04-15,4,DOC,WELL,21.4988,61.6199,18.4171,2.1168,51.9148,6.6487,0.9921,0.0,0.0,0.0,0.0,0.0,HOLD_CASH
2019-04-16,4,DOC,WELL,20.815,59.4275,18.4171,2.1168,51.9148,6.6487,0.9921,0.0,0.0,0.0,0.0,0.0,HOLD_CASH
2019-04-17,4,DOC,WELL,20.3405,58.2427,18.4171,2.1168,51.9148,6.6487,0.9921,0.0,0.0,0.0,0.0,0.0,HOLD_CASH
2019-04-18,4,DOC,WELL,20.815,59.0326,18.4171,2.1168,51.9148,6.6487,0.9921,0.0,0.0,0.0,0.0,0.0,HOLD_CASH
2019-04-22,4,DOC,WELL,20.4242,57.8397,18.4171,2.1168,51.9148,6.6487,0.9921,0.0,0.0,0.0,0.0,0.0,HOLD_CASH
2019-04-23,4,DOC,WELL,20.6335,58.5973,18.4171,2.1168,51.9148,6.6487,0.9921,0.0,0.0,0.0,0.0,0.0,HOLD_CASH
2019-04-24,4,DOC,WELL,20.794,59.1938,18.4171,2.1168,51.9148,6.6487,0.9921,0.0,0.0,0.0,0.0,0.0,HOLD_CASH
2019-04-25,4,DOC,WELL,20.8778,59.4436,18.4171,2.1168,51.9148,6.6487,0.9921,0.0,0.0,0.0,0.0,0.0,HOLD_CASH
2019-04-26,4,DOC,WELL,21.108,60.0804,18.4171,2.1168,51.9148,6.6487,0.9921,0.0,0.0,0.0,0.0,0.0,HOLD_CASH
2019-04-29,4,DOC,WELL,20.6196,58.8311,18.4171,2.1168,51.9148,6.6487,0.9921,0.0,0.0,0.0,0.0,0.0,HOLD_CASH
2019-04-30,4,DOC,WELL,20.7801,60.0723,18.4171,2.1168,51.9148,6.6487,0.9921,0.0,0.0,0.0,0.0,0.0,HOLD_CASH
2019-05-01,4,DOC,WELL,20.8847,60.3464,18.4171,2.1168,51.9148,6.6487,0.9921,-2.175,1.0,0.0,-0.0833,-0.0833,ENTER_LONG_A
2019-05-02,4,DOC,WELL,21.3104,60.7333,18.4171,2.1168,51.9148,6.6487,0.9921,0.3289,0.0,0.0,0.4652,0.4652,EXIT
2019-05-03,4,DOC,WELL,21.6777,61.6199,18.4171,2.1168,51.9148,6.6487,0.9921,1.0176,0.0,0.0,0.4652,0.4652,HOLD_CASH
2019-05-06,4,DOC,WELL,21.3881,61.2572,18.4171,2.1168,51.9148,6.6487,0.9921,-0.3374,0.0,0.0,0.4652,0.4652,HOLD_CASH
2019-05-07,4,DOC,WELL,21.049,60.7574,18.4171,2.1168,51.9148,6.6487,0.9921,-1.7057,0.0,0.0,0.4652,0.4652,HOLD_CASH
2019-05-08,4,DOC,WELL,20.9713,60.6849,18.4171,2.1168,51.9148,6.6487,0.9921,-1.8711,0.0,0.0,0.4652,0.4652,HOLD_CASH
2019-05-09,4,DOC,WELL,21.1903,61.3216,18.4171,2.1168,51.9148,6.6487,0.9921,-1.522,0.0,0.0,0.4652,0.4652,HOLD_CASH
2019-05-10,4,DOC,WELL,21.4234,62.4904,18.4171,2.1168,51.9148,6.6487,0.9921,-2.0981,1.0,0.0,0.3819,0.3819,ENTER_LONG_A
2019-05-13,4,DOC,WELL,21.8613,63.33,18.4171,2.1168,51.9148,6.6487,0.9921,-0.8784,1.0,0.3497,0.3819,0.7316,HOLDING
2019-05-14,4,DOC,WELL,21.8119,63.6479,18.4171,2.1168,51.9148,6.6487,0.9921,-1.614,1.0,0.0463,0.3819,0.4282,HOLDING
2019-05-15,4,DOC,WELL,22.0308,64.1451,18.4171,2.1168,51.9148,6.6487,0.9921,-1.1245,1.0,0.1716,0.3819,0.5535,HOLDING
2019-05-16,4,DOC,WELL,22.2851,64.7891,18.4171,2.1168,51.9148,6.6487,0.9921,-0.7803,1.0,0.2746,0.3819,0.6565,HOLDING
2019-05-17,4,DOC,WELL,22.3275,65.2456,18.4171,2.1168,51.9148,6.6487,0.9921,-1.2307,1.0,0.0685,0.3819,0.4504,HOLDING
2019-05-20,4,DOC,WELL,21.9108,64.5853,18.4171,2.1168,51.9148,6.6487,0.9921,-2.0478,1.0,-0.353,0.3819,0.0289,HOLDING
2019-05-21,4,DOC,WELL,22.0732,65.213,18.4171,2.1168,51.9148,6.6487,0.9921,-1.916,1.0,-0.4254,0.3819,-0.0435,HOLDING
2019-05-22,4,DOC,WELL,22.1297,65.3924,18.4171,2.1168,51.9148,6.6487,0.9921,-1.6792,1.0,-0.4257,0.3819,-0.0438,HOLDING
2019-05-23,4,DOC,WELL,22.4547,66.3135,18.4171,2.1168,51.9148,6.6487,0.9921,-1.3688,1.0,-0.3569,0.3819,0.025,HOLDING
2019-05-24,4,DOC,WELL,22.4829,66.4928,18.4171,2.1168,51.9148,6.6487,0.9921,-1.362,1.0,-0.4144,0.3819,-0.0325,HOLDING
2019-05-28,4,DOC,WELL,22.1792,65.3027,18.4171,2.1168,51.9148,6.6487,0.9921,-0.9344,1.0,-0.2683,0.3819,0.1136,HOLDING
2019-05-29,4,DOC,WELL,22.0308,64.9766,18.4171,2.1168,51.9148,6.6487,0.9921,-1.0452,1.0,-0.3601,0.3819,0.0218,HOLDING
2019-05-30,4,DOC,WELL,22.1792,65.8325,18.4171,2.1168,51.9148,6.6487,0.9921,-1.4188,1.0,-0.6071,0.3819,-0.2252,HOLDING
2019-05-31,4,DOC,WELL,22.3981,66.2075,18.4171,2.1168,51.9148,6.6487,0.9921,-0.9125,1.0,-0.4036,0.3819,-0.0217,HOLDING
2019-06-03,4,DOC,WELL,22.4688,66.8515,18.4171,2.1168,51.9148,6.6487,0.9921,-1.514,1.0,-0.6724,0.3819,-0.2905,HOLDING
2019-06-04,4,DOC,WELL,21.8755,65.2619,18.4171,2.1168,51.9148,6.6487,0.9921,-1.8517,1.0,-0.8571,0.3819,-0.4752,HOLDING
2019-06-05,4,DOC,WELL,22.271,66.827,18.4171,2.1168,51.9148,6.6487,0.9921,-2.0425,1.0,-1.0571,0.3819,-0.6753,HOLDING
2019-06-06,4,DOC,WELL,22.49,67.3161,18.4171,2.1168,51.9148,6.6487,0.9921,-1.5276,1.0,-0.9266,0.3819,-0.5447,HOLDING
2019-06-07,4,DOC,WELL,22.4123,67.846,18.4171,2.1168,51.9148,6.6487,0.9921,-2.2621,1.0,-1.4228,0.3819,-1.0409,HOLDING
2019-06-10,4,DOC,WELL,22.2074,67.1531,18.4171,2.1168,51.9148,6.6487,0.9921,-1.8747,1.0,-1.3944,0.3819,-1.0125,HOLDING
2019-06-11,4,DOC,WELL,22.271,66.933,18.4171,2.1168,51.9148,6.6487,0.9921,-1.231,1.0,-1.1249,0.3819,-0.743,HOLDING
2019-06-12,4,DOC,WELL,22.3205,67.0634,18.4171,2.1168,51.9148,6.6487,0.9921,-1.0847,1.0,-1.1082,0.3819,-0.7263,HOLDING
2019-06-13,4,DOC,WELL,22.5606,67.1123,18.4171,2.1168,51.9148,6.6487,0.9921,-0.0641,0.0,0.0,-0.36,-0.36,EXIT
2019-06-14,4,DOC,WELL,22.6877,67.0716,18.4171,2.1168,51.9148,6.6487,0.9921,0.7113,0.0,0.0,-0.36,-0.36,HOLD_CASH
2019-06-17,4,DOC,WELL,22.9279,68.1558,18.4171,2.1168,51.9148,6.6487,0.9921,0.3058,0.0,0.0,-0.36,-0.36,HOLD_CASH
2019-06-18,4,DOC,WELL,22.7796,67.6911,18.4171,2.1168,51.9148,6.6487,0.9921,0.335,0.0,0.0,-0.36,-0.36,HOLD_CASH
2019-06-19,4,DOC,WELL,22.9067,68.3107,18.4171,2.1168,51.9148,6.6487,0.9921,-0.0111,0.0,0.0,-0.36,-0.36,HOLD_CASH
2019-06-20,4,DOC,WELL,23.5142,68.9872,18.4171,2.1168,51.9148,6.6487,0.9921,1.9664,0.0,0.0,-0.36,-0.36,HOLD_CASH
2019-06-21,4,DOC,WELL,23.0974,68.1883,18.4171,2.1168,51.9148,6.6487,0.9921,1.0866,0.0,0.0,-0.36,-0.36,HOLD_CASH
2019-06-24,4,DOC,WELL,23.1681,68.5307,18.4171,2.1168,51.9148,6.6487,0.9921,0.8765,0.0,0.0,-0.36,-0.36,HOLD_CASH
2019-06-25,4,DOC,WELL,22.7654,67.9031,18.4171,2.1168,51.9148,6.6487,0.9921,-0.1033,0.0,0.0,-0.36,-0.36,HOLD_CASH
2019-06-26,4,DOC,WELL,22.3205,66.0852,18.4171,2.1168,51.9148,6.6487,0.9921,0.595,0.0,0.0,-0.36,-0.36,HOLD_CASH
2019-06-27,4,DOC,WELL,22.4617,66.5417,18.4171,2.1168,51.9148,6.6487,0.9921,0.5602,0.0,0.0,-0.36,-0.36,HOLD_CASH
2019-06-28,4,DOC,WELL,22.5889,66.4602,18.4171,2.1168,51.9148,6.6487,0.9921,1.2934,0.0,0.0,-0.36,-0.36,HOLD_CASH
2019-07-01,4,DOC,WELL,22.2993,66.6314,18.4171,2.1168,51.9148,6.6487,0.9921,-0.4293,0.0,0.0,-0.36,-0.36,HOLD_CASH
2019-07-02,4,DOC,WELL,22.9985,68.6122,18.4171,2.1168,51.9148,6.6487,0.9921,-0.0731,0.0,0.0,-0.36,-0.36,HOLD_CASH
2019-07-03,4,DOC,WELL,23.274,69.5089,18.4171,2.1168,51.9148,6.6487,0.9921,-0.1556,0.0,0.0,-0.36,-0.36,HOLD_CASH
2019-07-05,4,DOC,WELL,23.0833,68.653,18.4171,2.1168,51.9148,6.6487,0.9921,0.2164,0.0,0.0,-0.36,-0.36,HOLD_CASH
2019-07-08,4,DOC,WELL,23.3588,69.5008,18.4171,2.1168,51.9148,6.6487,0.9921,0.1641,0.0,0.0,-0.36,-0.36,HOLD_CASH
2019-07-09,4,DOC,WELL,23.387,70.1855,18.4171,2.1168,51.9148,6.6487,0.9921,-1.1558,0.0,0.0,-0.36,-0.36,HOLD_CASH
2019-07-10,4,DOC,WELL,23.5,70.6909,18.4171,2.1168,51.9148,6.6487,0.9921,-1.5216,0.0,0.0,-0.36,-0.36,HOLD_CASH
2019-07-11,4,DOC,WELL,23.048,69.4274,18.4171,2.1168,51.9148,6.6487,0.9921,-1.8576,0.0,0.0,-0.36,-0.36,HOLD_CASH
2019-07-12,4,DOC,WELL,23.0056,69.085,18.4171,2.1168,51.9148,6.6487,0.9921,-1.2861,0.0,0.0,-0.36,-0.36,HOLD_CASH
2019-07-15,4,DOC,WELL,22.822,68.8079,18.4171,2.1168,51.9148,6.6487,0.9921,-1.6638,0.0,0.0,-0.36,-0.36,HOLD_CASH
2019-07-16,4,DOC,WELL,22.7937,69.0035,18.4171,2.1168,51.9148,6.6487,0.9921,-1.878,0.0,0.0,-0.36,-0.36,HOLD_CASH
2019-07-17,4,DOC,WELL,22.9915,68.8812,18.4171,2.1168,51.9148,6.6487,0.9921,-0.5354,0.0,0.0,-0.36,-0.36,HOLD_CASH
2019-07-18,4,DOC,WELL,23.055,69.1666,18.4171,2.1168,51.9148,6.6487,0.9921,-0.6394,0.0,0.0,-0.36,-0.36,HOLD_CASH
2019-07-19,4,DOC,WELL,22.4193,67.6993,18.4171,2.1168,51.9148,6.6487,0.9921,-1.4969,0.0,0.0,-0.36,-0.36,HOLD_CASH
2019-07-22,4,DOC,WELL,22.3416,67.6993,18.4171,2.1168,51.9148,6.6487,0.9921,-1.7404,0.0,0.0,-0.36,-0.36,HOLD_CASH
2019-07-23,4,DOC,WELL,22.716,68.2454,18.4171,2.1168,51.9148,6.6487,0.9921,-0.5107,0.0,0.0,-0.36,-0.36,HOLD_CASH
2019-07-24,4,DOC,WELL,22.5677,67.7319,18.4171,2.1168,51.9148,6.6487,0.9921,-0.3835,0.0,0.0,-0.36,-0.36,HOLD_CASH
2019-07-25,4,DOC,WELL,22.4547,67.3569,18.4171,2.1168,51.9148,6.6487,0.9921,-0.2817,0.0,0.0,-0.36,-0.36,HOLD_CASH
2019-07-26,4,DOC,WELL,22.6595,67.7645,18.4171,2.1168,51.9148,6.6487,0.9921,0.2762,0.0,0.0,-0.36,-0.36,HOLD_CASH
2019-07-29,4,DOC,WELL,22.6595,68.2373,18.4171,2.1168,51.9148,6.6487,0.9921,-0.6948,0.0,0.0,-0.36,-0.36,HOLD_CASH
2019-07-30,4,DOC,WELL,22.7796,68.4329,18.4171,2.1168,51.9148,6.6487,0.9921,-0.175,0.0,0.0,-0.36,-0.36,HOLD_CASH
2019-07-31,4,DOC,WELL,22.5535,67.7563,18.4171,2.1168,51.9148,6.6487,0.9921,-0.2132,0.0,0.0,-0.36,-0.36,HOLD_CASH
2019-08-01,4,DOC,WELL,23.1327,68.2291,18.4171,2.1168,51.9148,6.6487,0.9921,2.7313,-1.0,0.0,-0.4433,-0.4433,ENTER_SHORT_A
2019-08-02,4,DOC,WELL,23.4971,69.0932,18.4171,2.1168,51.9148,6.6487,0.9921,2.6935,-1.0,-0.1705,-0.4433,-0.6138,HOLDING
2019-08-05,4,DOC,WELL,23.1828,69.1584,18.4171,2.1168,51.9148,6.6487,0.9921,0.8094,-1.0,0.4541,-0.4433,0.0108,HOLDING
2019-08-06,4,DOC,WELL,23.4185,69.623,18.4171,2.1168,51.9148,6.6487,0.9921,1.2162,-1.0,0.2882,-0.4433,-0.1551,HOLDING
2019-08-07,4,DOC,WELL,24.0829,71.1229,18.4171,2.1168,51.9148,6.6487,0.9921,1.9275,-1.0,-0.0674,-0.4433,-0.5107,HOLDING
2019-08-08,4,DOC,WELL,24.4401,71.6609,18.4171,2.1168,51.9148,6.6487,0.9921,2.2892,-1.0,-0.4167,-0.4433,-0.86,HOLDING
2019-08-09,4,DOC,WELL,24.3615,71.9625,18.4171,2.1168,51.9148,6.6487,0.9921,1.3804,-1.0,-0.0924,-0.4433,-0.5357,HOLDING
2019-08-12,4,DOC,WELL,24.0901,71.7262,18.4171,2.1168,51.9148,6.6487,0.9921,0.5217,-1.0,0.2746,-0.4433,-0.1687,HOLDING
2019-08-13,4,DOC,WELL,24.0186,71.612,18.4171,2.1168,51.9148,6.6487,0.9921,0.3085,0.0,0.0,-0.1897,-0.1897,EXIT
2019-08-14,4,DOC,WELL,23.9257,71.2662,18.4171,2.1168,51.9148,6.6487,0.9921,0.34,0.0,0.0,-0.1897,-0.1897,HOLD_CASH
2019-08-15,4,DOC,WELL,24.5044,72.6823,18.4171,2.1168,51.9148,6.6487,0.9921,0.8196,0.0,0.0,-0.1897,-0.1897,HOLD_CASH
2019-08-16,4,DOC,WELL,24.633,73.1022,18.4171,2.1168,51.9148,6.6487,0.9921,0.7221,0.0,0.0,-0.1897,-0.1897,HOLD_CASH
2019-08-19,4,DOC,WELL,24.7402,73.6209,18.4171,2.1168,51.9148,6.6487,0.9921,0.3954,0.0,0.0,-0.1897,-0.1897,HOLD_CASH
2019-08-20,4,DOC,WELL,24.2829,72.9047,18.4171,2.1168,51.9148,6.6487,0.9921,-0.7645,0.0,0.0,-0.1897,-0.1897,HOLD_CASH
2019-08-21,4,DOC,WELL,24.4687,73.2175,18.4171,2.1168,51.9148,6.6487,0.9921,-0.3884,0.0,0.0,-0.1897,-0.1897,HOLD_CASH
2019-08-22,4,DOC,WELL,24.6687,73.1928,18.4171,2.1168,51.9148,6.6487,0.9921,0.604,0.0,0.0,-0.1897,-0.1897,HOLD_CASH
2019-08-23,4,DOC,WELL,24.3973,72.246,18.4171,2.1168,51.9148,6.6487,0.9921,0.6741,0.0,0.0,-0.1897,-0.1897,HOLD_CASH
2019-08-26,4,DOC,WELL,24.6116,72.9458,18.4171,2.1168,51.9148,6.6487,0.9921,0.5656,0.0,0.0,-0.1897,-0.1897,HOLD_CASH
2019-08-27,4,DOC,WELL,24.7116,73.2422,18.4171,2.1168,51.9148,6.6487,0.9921,0.53,0.0,0.0,-0.1897,-0.1897,HOLD_CASH
2019-08-28,4,DOC,WELL,24.7402,73.1846,18.4171,2.1168,51.9148,6.6487,0.9921,0.7901,0.0,0.0,-0.1897,-0.1897,HOLD_CASH
2019-08-29,4,DOC,WELL,24.8259,73.835,18.4171,2.1168,51.9148,6.6487,0.9921,-0.0892,0.0,0.0,-0.1897,-0.1897,HOLD_CASH
2019-08-30,4,DOC,WELL,24.7973,73.7362,18.4171,2.1168,51.9148,6.6487,0.9921,-0.0058,0.0,0.0,-0.1897,-0.1897,HOLD_CASH
2019-09-03,4,DOC,WELL,25.3903,75.2346,18.4171,2.1168,51.9148,6.6487,0.9921,0.8587,0.0,0.0,-0.1897,-0.1897,HOLD_CASH
2019-09-04,4,DOC,WELL,25.7118,76.1238,18.4171,2.1168,51.9148,6.6487,0.9921,1.0765,0.0,0.0,-0.1897,-0.1897,HOLD_CASH
2019-09-05,4,DOC,WELL,25.2546,74.9959,18.4171,2.1168,51.9148,6.6487,0.9921,0.2842,0.0,0.0,-0.1897,-0.1897,HOLD_CASH
2019-09-06,4,DOC,WELL,25.4189,75.2429,18.4171,2.1168,51.9148,6.6487,0.9921,1.1876,0.0,0.0,-0.1897,-0.1897,HOLD_CASH
2019-09-09,4,DOC,WELL,25.1545,74.2713,18.4171,2.1168,51.9148,6.6487,0.9921,1.4931,0.0,0.0,-0.1897,-0.1897,HOLD_CASH
2019-09-10,4,DOC,WELL,24.783,72.353,18.4171,2.1168,51.9148,6.6487,0.9921,2.6643,-1.0,0.0,-0.273,-0.273,ENTER_SHORT_A
2019-09-11,4,DOC,WELL,24.7187,72.1883,18.4171,2.1168,51.9148,6.6487,0.9921,2.1391,-1.0,0.0215,-0.273,-0.2515,HOLDING
2019-09-12,4,DOC,WELL,24.7259,71.999,18.4171,2.1168,51.9148,6.6487,0.9921,2.1249,-1.0,-0.0956,-0.273,-0.3686,HOLDING
2019-09-13,4,DOC,WELL,24.1044,70.4018,18.4171,2.1168,51.9148,6.6487,0.9921,1.3136,-1.0,0.1091,-0.273,-0.1639,HOLDING
2019-09-16,4,DOC,WELL,24.3615,71.5709,18.4171,2.1168,51.9148,6.6487,0.9921,0.6512,-1.0,0.3052,-0.273,0.0322,HOLDING
2019-09-17,4,DOC,WELL,25.0831,73.5221,18.4171,2.1168,51.9148,6.6487,0.9921,1.0932,-1.0,0.1211,-0.273,-0.1519,HOLDING
2019-09-18,4,DOC,WELL,24.9688,73.1763,18.4171,2.1168,51.9148,6.6487,0.9921,1.0122,-1.0,0.13,-0.273,-0.143,HOLDING
2019-09-19,4,DOC,WELL,25.0688,73.5221,18.4171,2.1168,51.9148,6.6487,0.9921,0.8965,-1.0,0.1461,-0.273,-0.1269,HOLDING
2019-09-20,4,DOC,WELL,25.0117,73.1105,18.4171,2.1168,51.9148,6.6487,0.9921,1.2285,-1.0,0.0186,-0.273,-0.2544,HOLDING
2019-09-23,4,DOC,WELL,25.0474,73.3245,18.4171,2.1168,51.9148,6.6487,0.9921,0.9286,-1.0,0.0744,-0.273,-0.1986,HOLDING
2019-09-24,4,DOC,WELL,25.2546,73.4151,18.4171,2.1168,51.9148,6.6487,0.9921,1.7861,-1.0,-0.238,-0.273,-0.511,HOLDING
2019-09-25,4,DOC,WELL,25.0688,73.4151,18.4171,2.1168,51.9148,6.6487,0.9921,0.6065,-1.0,0.0869,-0.273,-0.1861,HOLDING
2019-09-26,4,DOC,WELL,25.276,74.6089,18.4171,2.1168,51.9148,6.6487,0.9921,-0.4658,0.0,0.0,0.0257,0.0257,EXIT
2019-09-27,4,DOC,WELL,25.376,74.3372,18.4171,2.1168,51.9148,6.6487,0.9921,0.6178,0.0,0.0,0.0257,0.0257,HOLD_CASH
2019-09-30,4,DOC,WELL,25.4546,74.6336,18.4171,2.1168,51.9148,6.6487,0.9921,0.4402,0.0,0.0,0.0257,0.0257,HOLD_CASH
2019-10-01,4,DOC,WELL,25.5117,73.6539,18.4171,2.1168,51.9148,6.6487,0.9921,2.5588,-1.0,0.0,-0.1409,-0.1409,PERIOD_END_EXIT
2019-04-03,5,AEP,WEC,64.8082,62.324,56.3762,4.5642,53.8484,4.4823,0.9909,0.0,0.0,0.0,0.0,0.0,HOLD_CASH
2019-04-04,5,AEP,WEC,64.5815,61.972,56.3762,4.5642,53.8484,4.4823,0.9909,0.0,0.0,0.0,0.0,0.0,HOLD_CASH
2019-04-05,5,AEP,WEC,65.3241,62.5719,56.3762,4.5642,53.8484,4.4823,0.9909,0.0,0.0,0.0,0.0,0.0,HOLD_CASH
2019-04-08,5,AEP,WEC,64.9958,61.716,56.3762,4.5642,53.8484,4.4823,0.9909,0.0,0.0,0.0,0.0,0.0,HOLD_CASH
2019-04-09,5,AEP,WEC,65.3241,61.972,56.3762,4.5642,53.8484,4.4823,0.9909,0.0,0.0,0.0,0.0,0.0,HOLD_CASH
2019-04-10,5,AEP,WEC,65.1521,61.548,56.3762,4.5642,53.8484,4.4823,0.9909,0.0,0.0,0.0,0.0,0.0,HOLD_CASH
2019-04-11,5,AEP,WEC,65.6133,61.908,56.3762,4.5642,53.8484,4.4823,0.9909,0.0,0.0,0.0,0.0,0.0,HOLD_CASH
2019-04-12,5,AEP,WEC,65.7774,62.252,56.3762,4.5642,53.8484,4.4823,0.9909,0.0,0.0,0.0,0.0,0.0,HOLD_CASH
2019-04-15,5,AEP,WEC,65.8634,62.14,56.3762,4.5642,53.8484,4.4823,0.9909,0.0,0.0,0.0,0.0,0.0,HOLD_CASH
2019-04-16,5,AEP,WEC,64.9176,61.164,56.3762,4.5642,53.8484,4.4823,0.9909,0.0,0.0,0.0,0.0,0.0,HOLD_CASH
2019-04-17,5,AEP,WEC,65.0348,61.132,56.3762,4.5642,53.8484,4.4823,0.9909,0.0,0.0,0.0,0.0,0.0,HOLD_CASH
2019-04-18,5,AEP,WEC,64.8863,61.0281,56.3762,4.5642,53.8484,4.4823,0.9909,0.0,0.0,0.0,0.0,0.0,HOLD_CASH
2019-04-22,5,AEP,WEC,64.8238,61.1,56.3762,4.5642,53.8484,4.4823,0.9909,0.0,0.0,0.0,0.0,0.0,HOLD_CASH
2019-04-23,5,AEP,WEC,65.3241,61.396,56.3762,4.5642,53.8484,4.4823,0.9909,0.0,0.0,0.0,0.0,0.0,HOLD_CASH
2019-04-24,5,AEP,WEC,65.6758,61.636,56.3762,4.5642,53.8484,4.4823,0.9909,0.0,0.0,0.0,0.0,0.0,HOLD_CASH
2019-04-25,5,AEP,WEC,66.309,62.236,56.3762,4.5642,53.8484,4.4823,0.9909,0.0,0.0,0.0,0.0,0.0,HOLD_CASH
2019-04-26,5,AEP,WEC,66.2151,62.108,56.3762,4.5642,53.8484,4.4823,0.9909,0.0,0.0,0.0,0.0,0.0,HOLD_CASH
2019-04-29,5,AEP,WEC,65.6914,61.548,56.3762,4.5642,53.8484,4.4823,0.9909,0.0,0.0,0.0,0.0,0.0,HOLD_CASH
2019-04-30,5,AEP,WEC,66.8717,62.74,56.3762,4.5642,53.8484,4.4823,0.9909,0.0,0.0,0.0,0.0,0.0,HOLD_CASH
2019-05-01,5,AEP,WEC,66.4028,62.116,56.3762,4.5642,53.8484,4.4823,0.9909,1.2203,0.0,0.0,0.0,0.0,HOLD_CASH
2019-05-02,5,AEP,WEC,66.2074,62.084,56.3762,4.5642,53.8484,4.4823,0.9909,0.8642,0.0,0.0,0.0,0.0,HOLD_CASH
2019-05-03,5,AEP,WEC,66.778,62.6439,56.3762,4.5642,53.8484,4.4823,0.9909,0.8563,0.0,0.0,0.0,0.0,HOLD_CASH
2019-05-06,5,AEP,WEC,66.309,62.4759,56.3762,4.5642,53.8484,4.4823,0.9909,-0.123,0.0,0.0,0.0,0.0,HOLD_CASH
2019-05-07,5,AEP,WEC,66.1526,62.6839,56.3762,4.5642,53.8484,4.4823,0.9909,-1.5761,0.0,0.0,0.0,0.0,HOLD_CASH
2019-05-08,5,AEP,WEC,65.4491,61.916,56.3762,4.5642,53.8484,4.4823,0.9909,-1.4266,0.0,0.0,0.0,0.0,HOLD_CASH
2019-05-09,5,AEP,WEC,65.2994,61.972,56.3762,4.5642,53.8484,4.4823,0.9909,-2.0215,1.0,0.0,-0.0833,-0.0833,ENTER_LONG_A
2019-05-10,5,AEP,WEC,66.7099,63.3639,56.3762,4.5642,53.8484,4.4823,0.9909,-1.7714,1.0,0.0039,-0.0833,-0.0794,HOLDING
2019-05-13,5,AEP,WEC,68.0337,64.3633,56.3762,4.5642,53.8484,4.4823,0.9909,-0.7225,1.0,0.2095,-0.0833,0.1262,HOLDING
2019-05-14,5,AEP,WEC,67.4191,64.0893,56.3762,4.5642,53.8484,4.4823,0.9909,-1.6965,1.0,-0.0109,-0.0833,-0.0942,HOLDING
2019-05-15,5,AEP,WEC,67.0172,64.186,56.3762,4.5642,53.8484,4.4823,0.9909,-2.5394,1.0,-0.3365,-0.0833,-0.4198,HOLDING
2019-05-16,5,AEP,WEC,67.293,64.6776,56.3762,4.5642,53.8484,4.4823,0.9909,-2.423,1.0,-0.4801,-0.0833,-0.5634,HOLDING
2019-05-17,5,AEP,WEC,67.6476,65.2015,56.3762,4.5642,53.8484,4.4823,0.9909,-2.2473,1.0,-0.5935,-0.0833,-0.6769,HOLDING
2019-05-20,5,AEP,WEC,68.2386,65.4996,56.3762,4.5642,53.8484,4.4823,0.9909,-1.5178,1.0,-0.4044,-0.0833,-0.4877,HOLDING
2019-05-21,5,AEP,WEC,68.2464,65.1692,56.3762,4.5642,53.8484,4.4823,0.9909,-0.8504,1.0,-0.1819,-0.0833,-0.2652,HOLDING
2019-05-22,5,AEP,WEC,68.7823,65.8946,56.3762,4.5642,53.8484,4.4823,0.9909,-1.0666,1.0,-0.3097,-0.0833,-0.3931,HOLDING
2019-05-23,5,AEP,WEC,69.4836,66.2734,56.3762,4.5642,53.8484,4.4823,0.9909,-0.4697,0.0,0.0,-0.2739,-0.2739,EXIT
2019-05-24,5,AEP,WEC,69.5702,66.4184,56.3762,4.5642,53.8484,4.4823,0.9909,-0.501,0.0,0.0,-0.2739,-0.2739,HOLD_CASH
2019-05-28,5,AEP,WEC,68.2937,65.5641,56.3762,4.5642,53.8484,4.4823,0.9909,-1.115,0.0,0.0,-0.2739,-0.2739,HOLD_CASH
2019-05-29,5,AEP,WEC,67.5215,64.7179,56.3762,4.5642,53.8484,4.4823,0.9909,-0.8828,0.0,0.0,-0.2739,-0.2739,HOLD_CASH
2019-05-30,5,AEP,WEC,67.2142,64.5003,56.3762,4.5642,53.8484,4.4823,0.9909,-0.9755,0.0,0.0,-0.2739,-0.2739,HOLD_CASH
2019-05-31,5,AEP,WEC,67.8604,64.9194,56.3762,4.5642,53.8484,4.4823,0.9909,-0.4527,0.0,0.0,-0.2739,-0.2739,HOLD_CASH
2019-06-03,5,AEP,WEC,68.8453,65.7334,56.3762,4.5642,53.8484,4.4823,0.9909,0.0321,0.0,0.0,-0.2739,-0.2739,HOLD_CASH
2019-06-04,5,AEP,WEC,68.5931,65.5158,56.3762,4.5642,53.8484,4.4823,0.9909,0.0558,0.0,0.0,-0.2739,-0.2739,HOLD_CASH
2019-06-05,5,AEP,WEC,70.4212,66.9181,56.3762,4.5642,53.8484,4.4823,0.9909,1.2807,0.0,0.0,-0.2739,-0.2739,HOLD_CASH
2019-06-06,5,AEP,WEC,70.9177,67.3614,56.3762,4.5642,53.8484,4.4823,0.9909,1.4389,0.0,0.0,-0.2739,-0.2739,HOLD_CASH
2019-06-07,5,AEP,WEC,70.5552,66.8617,56.3762,4.5642,53.8484,4.4823,0.9909,1.7005,0.0,0.0,-0.2739,-0.2739,HOLD_CASH
2019-06-10,5,AEP,WEC,70.1454,66.6844,56.3762,4.5642,53.8484,4.4823,0.9909,1.0312,0.0,0.0,-0.2739,-0.2739,HOLD_CASH
2019-06-11,5,AEP,WEC,69.5939,66.1041,56.3762,4.5642,53.8484,4.4823,0.9909,1.2016,0.0,0.0,-0.2739,-0.2739,HOLD_CASH
2019-06-12,5,AEP,WEC,70.437,67.1841,56.3762,4.5642,53.8484,4.4823,0.9909,0.5113,0.0,0.0,-0.2739,-0.2739,HOLD_CASH
2019-06-13,5,AEP,WEC,70.5946,67.3856,56.3762,4.5642,53.8484,4.4823,0.9909,0.33,0.0,0.0,-0.2739,-0.2739,HOLD_CASH
2019-06-14,5,AEP,WEC,71.3747,67.9498,56.3762,4.5642,53.8484,4.4823,0.9909,0.8615,0.0,0.0,-0.2739,-0.2739,HOLD_CASH
2019-06-17,5,AEP,WEC,70.9807,67.8047,56.3762,4.5642,53.8484,4.4823,0.9909,0.0045,0.0,0.0,-0.2739,-0.2739,HOLD_CASH
2019-06-18,5,AEP,WEC,70.7443,67.9014,56.3762,4.5642,53.8484,4.4823,0.9909,-1.1855,0.0,0.0,-0.2739,-0.2739,HOLD_CASH
2019-06-19,5,AEP,WEC,71.5953,68.4575,56.3762,4.5642,53.8484,4.4823,0.9909,-0.1707,0.0,0.0,-0.2739,-0.2739,HOLD_CASH
2019-06-20,5,AEP,WEC,71.6032,68.8202,56.3762,4.5642,53.8484,4.4823,0.9909,-1.3706,0.0,0.0,-0.2739,-0.2739,HOLD_CASH
2019-06-21,5,AEP,WEC,72.139,68.8444,56.3762,4.5642,53.8484,4.4823,0.9909,0.3703,0.0,0.0,-0.2739,-0.2739,HOLD_CASH
2019-06-24,5,AEP,WEC,71.6268,68.7154,56.3762,4.5642,53.8484,4.4823,0.9909,-0.8716,0.0,0.0,-0.2739,-0.2739,HOLD_CASH
2019-06-25,5,AEP,WEC,71.2092,68.4575,56.3762,4.5642,53.8484,4.4823,0.9909,-1.3958,0.0,0.0,-0.2739,-0.2739,HOLD_CASH
2019-06-26,5,AEP,WEC,69.7357,67.1599,56.3762,4.5642,53.8484,4.4823,0.9909,-1.7881,0.0,0.0,-0.2739,-0.2739,HOLD_CASH
2019-06-27,5,AEP,WEC,69.2629,66.9584,56.3762,4.5642,53.8484,4.4823,0.9909,-2.2736,1.0,0.0,-0.3573,-0.3573,ENTER_LONG_A
2019-06-28,5,AEP,WEC,69.3496,67.1922,56.3762,4.5642,53.8484,4.4823,0.9909,-2.2123,1.0,-0.0908,-0.3573,-0.4481,HOLDING
2019-07-01,5,AEP,WEC,69.4441,66.9987,56.3762,4.5642,53.8484,4.4823,0.9909,-1.3637,1.0,0.0856,-0.3573,-0.2717,HOLDING
2019-07-02,5,AEP,WEC,70.2794,67.9014,56.3762,4.5642,53.8484,4.4823,0.9909,-1.3752,1.0,0.0396,-0.3573,-0.3176,HOLDING
2019-07-03,5,AEP,WEC,71.028,68.6106,56.3762,4.5642,53.8484,4.4823,0.9909,-1.177,1.0,0.0597,-0.3573,-0.2976,HOLDING
2019-07-05,5,AEP,WEC,70.7916,68.522,56.3762,4.5642,53.8484,4.4823,0.9909,-1.343,1.0,-0.0298,-0.3573,-0.3871,HOLDING
2019-07-08,5,AEP,WEC,70.8625,68.7396,56.3762,4.5642,53.8484,4.4823,0.9909,-1.5167,1.0,-0.1204,-0.3573,-0.4776,HOLDING
2019-07-09,5,AEP,WEC,71.2013,69.07,56.3762,4.5642,53.8484,4.4823,0.9909,-1.3639,1.0,-0.1171,-0.3573,-0.4743,HOLDING
2019-07-10,5,AEP,WEC,71.5559,69.4166,56.3762,4.5642,53.8484,4.4823,0.9909,-1.2461,1.0,-0.1141,-0.3573,-0.4713,HOLDING
2019-07-11,5,AEP,WEC,71.6505,69.4085,56.3762,4.5642,53.8484,4.4823,0.9909,-0.9236,1.0,-0.0515,-0.3573,-0.4088,HOLDING
2019-07-12,5,AEP,WEC,71.1147,68.8847,56.3762,4.5642,53.8484,4.4823,0.9909,-0.8525,1.0,-0.0559,-0.3573,-0.4132,HOLDING
2019-07-15,5,AEP,WEC,71.8553,69.5939,56.3762,4.5642,53.8484,4.4823,0.9909,-0.7291,1.0,-0.0407,-0.3573,-0.3979,HOLDING
2019-07-16,5,AEP,WEC,71.3195,69.4246,56.3762,4.5642,53.8484,4.4823,0.9909,-1.5432,1.0,-0.263,-0.3573,-0.6203,HOLDING
2019-07-17,5,AEP,WEC,71.7214,70.0372,56.3762,4.5642,53.8484,4.4823,0.9909,-1.826,1.0,-0.3947,-0.3573,-0.7519,HOLDING
2019-07-18,5,AEP,WEC,72.3045,70.8028,56.3762,4.5642,53.8484,4.4823,0.9909,-2.0313,1.0,-0.5101,-0.3573,-0.8673,HOLDING
2019-07-19,5,AEP,WEC,71.1383,69.5617,56.3762,4.5642,53.8484,4.4823,0.9909,-1.6075,1.0,-0.4576,-0.3573,-0.8148,HOLDING
2019-07-22,5,AEP,WEC,71.0122,69.5375,56.3762,4.5642,53.8484,4.4823,0.9909,-1.7864,1.0,-0.5195,-0.3573,-0.8768,HOLDING
2019-07-23,5,AEP,WEC,70.5316,69.1184,56.3762,4.5642,53.8484,4.4823,0.9909,-1.765,1.0,-0.5547,-0.3573,-0.912,HOLDING
2019-07-24,5,AEP,WEC,70.6104,69.1506,56.3762,4.5642,53.8484,4.4823,0.9909,-1.5068,1.0,-0.5265,-0.3573,-0.8838,HOLDING
2019-07-25,5,AEP,WEC,70.1927,69.199,56.3762,4.5642,53.8484,4.4823,0.9909,-2.2645,1.0,-0.8106,-0.3573,-1.1678,HOLDING
2019-07-26,5,AEP,WEC,70.0903,69.8437,56.3762,4.5642,53.8484,4.4823,0.9909,-2.8608,1.0,-1.2692,-0.3573,-1.6265,HOLDING
2019-07-29,5,AEP,WEC,70.7128,70.5207,56.3762,4.5642,53.8484,4.4823,0.9909,-2.3478,1.0,-1.3061,-0.3573,-1.6634,HOLDING
2019-07-30,5,AEP,WEC,69.9091,69.8437,56.3762,4.5642,53.8484,4.4823,0.9909,-2.1062,1.0,-1.3796,-0.3573,-1.7369,HOLDING
2019-07-31,5,AEP,WEC,69.192,68.8766,56.3762,4.5642,53.8484,4.4823,0.9909,-1.5537,1.0,-1.222,-0.3573,-1.5792,HOLDING
2019-08-01,5,AEP,WEC,69.98,70.2628,56.3762,4.5642,53.8484,4.4823,0.9909,-1.9857,1.0,-1.5939,-0.3573,-1.9512,HOLDING
2019-08-02,5,AEP,WEC,69.8933,69.7632,56.3762,4.5642,53.8484,4.4823,0.9909,-1.3384,1.0,-1.3397,-0.3573,-1.6969,HOLDING
2019-08-05,5,AEP,WEC,69.3575,70.1419,56.3762,4.5642,53.8484,4.4823,0.9909,-2.0147,1.0,-1.8988,-0.3573,-2.256,HOLDING
2019-08-06,5,AEP,WEC,70.24,70.8351,56.3762,4.5642,53.8484,4.4823,0.9909,-1.6047,1.0,-1.7872,-0.3573,-2.1445,HOLDING
2019-08-07,5,AEP,WEC,70.7128,71.1252,56.3762,4.5642,53.8484,4.4823,0.9909,-1.2834,1.0,-1.6776,-0.3573,-2.0349,HOLDING
2019-08-08,5,AEP,WEC,71.0621,71.9714,56.3762,4.5642,53.8484,4.4823,0.9909,-1.5873,1.0,-1.9849,-0.3573,-2.3421,HOLDING
2019-08-09,5,AEP,WEC,71.4273,72.4308,56.3762,4.5642,53.8484,4.4823,0.9909,-1.5166,1.0,-2.0448,-0.3573,-2.402,HOLDING
2019-08-12,5,AEP,WEC,71.7925,72.5275,56.3762,4.5642,53.8484,4.4823,0.9909,-1.1625,1.0,-1.8818,-0.3573,-2.2391,HOLDING
2019-08-13,5,AEP,WEC,71.6496,72.7466,56.3762,4.5642,53.8484,4.4823,0.9909,-1.3868,1.0,-2.1034,-0.3573,-2.4607,HOLDING
2019-08-14,5,AEP,WEC,70.2444,72.1138,56.3762,4.5642,53.8484,4.4823,0.9909,-1.8833,1.0,-2.5704,-0.3573,-2.9277,HOLDING
2019-08-15,5,AEP,WEC,71.7369,73.5741,56.3762,4.5642,53.8484,4.4823,0.9909,-1.6557,1.0,-2.5588,-0.3573,-2.916,HOLDING
2019-08-16,5,AEP,WEC,71.6337,73.3713,56.3762,4.5642,53.8484,4.4823,0.9909,-1.4229,1.0,-2.497,-0.3573,-2.8543,HOLDING
2019-08-19,5,AEP,WEC,71.8878,74.1176,56.3762,4.5642,53.8484,4.4823,0.9909,-1.7033,1.0,-2.8009,-0.3573,-3.1582,HOLDING
2019-08-20,5,AEP,WEC,72.0624,74.4827,56.3762,4.5642,53.8484,4.4823,0.9909,-1.7093,1.0,-2.919,-0.3573,-3.2762,HOLDING
2019-08-21,5,AEP,WEC,72.5229,75.2372,56.3762,4.5642,53.8484,4.4823,0.9909,-1.8279,1.0,-3.1022,-0.3573,-3.4594,HOLDING
2019-08-22,5,AEP,WEC,72.2212,75.5617,56.3762,4.5642,53.8484,4.4823,0.9909,-2.1164,1.0,-3.4853,-0.3573,-3.8426,HOLDING
2019-08-23,5,AEP,WEC,71.1177,75.1155,56.3762,4.5642,53.8484,4.4823,0.9909,-2.232,1.0,-3.8832,-0.3573,-4.2405,HOLDING
2019-08-26,5,AEP,WEC,72.1101,76.4703,56.3762,4.5642,53.8484,4.4823,0.9909,-2.1201,1.0,-4.1114,-0.3573,-4.4686,HOLDING
2019-08-27,5,AEP,WEC,71.983,77.3222,56.3762,4.5642,53.8484,4.4823,0.9909,-2.3047,1.0,-4.7122,-0.3573,-5.0695,HOLDING
2019-08-28,5,AEP,WEC,71.1573,77.1599,56.3762,4.5642,53.8484,4.4823,0.9909,-2.2544,1.0,-5.1154,-0.3573,-5.4726,HOLDING
2019-08-29,5,AEP,WEC,72.0227,77.8252,56.3762,4.5642,53.8484,4.4823,0.9909,-1.8439,1.0,-4.9972,-0.3573,-5.3544,HOLDING
2019-08-30,5,AEP,WEC,72.3641,77.6954,56.3762,4.5642,53.8484,4.4823,0.9909,-1.4351,1.0,-4.7095,-0.3573,-5.0667,HOLDING
2019-09-03,5,AEP,WEC,73.6582,79.2854,56.3762,4.5642,53.8484,4.4823,0.9909,-1.4226,1.0,-4.8985,-0.3573,-5.2558,HOLDING
2019-09-04,5,AEP,WEC,73.8725,79.2205,56.3762,4.5642,53.8484,4.4823,0.9909,-1.1589,1.0,-4.7281,-0.3573,-5.0853,HOLDING
2019-09-05,5,AEP,WEC,72.6658,77.3384,56.3762,4.5642,53.8484,4.4823,0.9909,-0.7269,1.0,-4.3064,-0.3573,-4.6636,HOLDING
2019-09-06,5,AEP,WEC,72.3165,75.5536,56.3762,4.5642,53.8484,4.4823,0.9909,0.1096,0.0,0.0,-3.87,-3.87,EXIT
2019-09-09,5,AEP,WEC,72.5467,73.3956,56.3762,4.5642,53.8484,4.4823,0.9909,1.4351,0.0,0.0,-3.87,-3.87,HOLD_CASH
2019-09-10,5,AEP,WEC,72.3165,73.2577,56.3762,4.5642,53.8484,4.4823,0.9909,1.4033,0.0,0.0,-3.87,-3.87,HOLD_CASH
2019-09-11,5,AEP,WEC,72.7928,74.0446,56.3762,4.5642,53.8484,4.4823,0.9909,1.2386,0.0,0.0,-3.87,-3.87,HOLD_CASH
2019-09-12,5,AEP,WEC,73.0548,74.2718,56.3762,4.5642,53.8484,4.4823,0.9909,1.2151,0.0,0.0,-3.87,-3.87,HOLD_CASH
2019-09-13,5,AEP,WEC,72.6737,73.9554,56.3762,4.5642,53.8484,4.4823,0.9909,1.1473,0.0,0.0,-3.87,-3.87,HOLD_CASH
2019-09-16,5,AEP,WEC,72.8087,74.0771,56.3762,4.5642,53.8484,4.4823,0.9909,1.1263,0.0,0.0,-3.87,-3.87,HOLD_CASH
2019-09-17,5,AEP,WEC,73.6185,75.2859,56.3762,4.5642,53.8484,4.4823,0.9909,0.8824,0.0,0.0,-3.87,-3.87,HOLD_CASH
2019-09-18,5,AEP,WEC,73.8487,75.5698,56.3762,4.5642,53.8484,4.4823,0.9909,0.8241,0.0,0.0,-3.87,-3.87,HOLD_CASH
2019-09-19,5,AEP,WEC,73.9757,75.8375,56.3762,4.5642,53.8484,4.4823,0.9909,0.7188,0.0,0.0,-3.87,-3.87,HOLD_CASH
2019-09-20,5,AEP,WEC,73.9757,76.016,56.3762,4.5642,53.8484,4.4823,0.9909,0.5869,0.0,0.0,-3.87,-3.87,HOLD_CASH
2019-09-23,5,AEP,WEC,74.1504,76.2269,56.3762,4.5642,53.8484,4.4823,0.9909,0.5172,0.0,0.0,-3.87,-3.87,HOLD_CASH
2019-09-24,5,AEP,WEC,75.0951,77.0707,56.3762,4.5642,53.8484,4.4823,0.9909,0.5065,0.0,0.0,-3.87,-3.87,HOLD_CASH
2019-09-25,5,AEP,WEC,74.8093,77.3546,56.3762,4.5642,53.8484,4.4823,0.9909,0.1486,0.0,0.0,-3.87,-3.87,HOLD_CASH
2019-09-26,5,AEP,WEC,74.8569,77.8008,56.3762,4.5642,53.8484,4.4823,0.9909,-0.1607,0.0,0.0,-3.87,-3.87,HOLD_CASH
2019-09-27,5,AEP,WEC,74.7855,76.9652,56.3762,4.5642,53.8484,4.4823,0.9909,0.2014,0.0,0.0,-3.87,-3.87,HOLD_CASH
2019-09-30,5,AEP,WEC,74.3806,77.1518,56.3762,4.5642,53.8484,4.4823,0.9909,-0.2896,0.0,0.0,-3.87,-3.87,HOLD_CASH
2019-10-01,5,AEP,WEC,74.0075,77.2248,56.3762,4.5642,53.8484,4.4823,0.9909,-0.8136,0.0,0.0,-3.87,-3.87,HOLD_CASH
2019-04-03,6,AIV,EQR,2.3963,58.5374,2.0501,0.1664,51.0194,3.5838,0.9908,0.0,0.0,0.0,0.0,0.0,HOLD_CASH
2019-04-04,6,AIV,EQR,2.3775,58.452,2.0501,0.1664,51.0194,3.5838,0.9908,0.0,0.0,0.0,0.0,0.0,HOLD_CASH
2019-04-05,6,AIV,EQR,2.3888,58.7082,2.0501,0.1664,51.0194,3.5838,0.9908,0.0,0.0,0.0,0.0,0.0,HOLD_CASH
2019-04-08,6,AIV,EQR,2.3831,58.6694,2.0501,0.1664,51.0194,3.5838,0.9908,0.0,0.0,0.0,0.0,0.0,HOLD_CASH
2019-04-09,6,AIV,EQR,2.3746,58.5374,2.0501,0.1664,51.0194,3.5838,0.9908,0.0,0.0,0.0,0.0,0.0,HOLD_CASH
2019-04-10,6,AIV,EQR,2.3911,59.2828,2.0501,0.1664,51.0194,3.5838,0.9908,0.0,0.0,0.0,0.0,0.0,HOLD_CASH
2019-04-11,6,AIV,EQR,2.3859,59.5468,2.0501,0.1664,51.0194,3.5838,0.9908,0.0,0.0,0.0,0.0,0.0,HOLD_CASH
2019-04-12,6,AIV,EQR,2.4005,60.1369,2.0501,0.1664,51.0194,3.5838,0.9908,0.0,0.0,0.0,0.0,0.0,HOLD_CASH
2019-04-15,6,AIV,EQR,2.3944,60.2534,2.0501,0.1664,51.0194,3.5838,0.9908,0.0,0.0,0.0,0.0,0.0,HOLD_CASH
2019-04-16,6,AIV,EQR,2.3243,58.8014,2.0501,0.1664,51.0194,3.5838,0.9908,0.0,0.0,0.0,0.0,0.0,HOLD_CASH
2019-04-17,6,AIV,EQR,2.2735,57.6833,2.0501,0.1664,51.0194,3.5838,0.9908,0.0,0.0,0.0,0.0,0.0,HOLD_CASH
2019-04-18,6,AIV,EQR,2.2862,58.289,2.0501,0.1664,51.0194,3.5838,0.9908,0.0,0.0,0.0,0.0,0.0,HOLD_CASH
2019-04-22,6,AIV,EQR,2.2514,57.5901,2.0501,0.1664,51.0194,3.5838,0.9908,0.0,0.0,0.0,0.0,0.0,HOLD_CASH
2019-04-23,6,AIV,EQR,2.2942,58.2035,2.0501,0.1664,51.0194,3.5838,0.9908,0.0,0.0,0.0,0.0,0.0,HOLD_CASH
2019-04-24,6,AIV,EQR,2.3158,58.5995,2.0501,0.1664,51.0194,3.5838,0.9908,0.0,0.0,0.0,0.0,0.0,HOLD_CASH
2019-04-25,6,AIV,EQR,2.3144,58.9878,2.0501,0.1664,51.0194,3.5838,0.9908,0.0,0.0,0.0,0.0,0.0,HOLD_CASH
2019-04-26,6,AIV,EQR,2.3295,59.1664,2.0501,0.1664,51.0194,3.5838,0.9908,0.0,0.0,0.0,0.0,0.0,HOLD_CASH
2019-04-29,6,AIV,EQR,2.297,58.4675,2.0501,0.1664,51.0194,3.5838,0.9908,0.0,0.0,0.0,0.0,0.0,HOLD_CASH
2019-04-30,6,AIV,EQR,2.3224,59.3372,2.0501,0.1664,51.0194,3.5838,0.9908,0.0,0.0,0.0,0.0,0.0,HOLD_CASH
2019-05-01,6,AIV,EQR,2.3215,59.4148,2.0501,0.1664,51.0194,3.5838,0.9908,-1.26,0.0,0.0,0.0,0.0,HOLD_CASH
2019-05-02,6,AIV,EQR,2.3083,59.3217,2.0501,0.1664,51.0194,3.5838,0.9908,-1.401,0.0,0.0,0.0,0.0,HOLD_CASH
2019-05-03,6,AIV,EQR,2.3549,59.4692,2.0501,0.1664,51.0194,3.5838,0.9908,-0.1816,0.0,0.0,0.0,0.0,HOLD_CASH
2019-05-06,6,AIV,EQR,2.3412,59.1741,2.0501,0.1664,51.0194,3.5838,0.9908,-0.086,0.0,0.0,0.0,0.0,HOLD_CASH
2019-05-07,6,AIV,EQR,2.3092,58.056,2.0501,0.1664,51.0194,3.5838,0.9908,0.7794,0.0,0.0,0.0,0.0,HOLD_CASH
2019-05-08,6,AIV,EQR,2.3107,57.7998,2.0501,0.1664,51.0194,3.5838,0.9908,1.5851,0.0,0.0,0.0,0.0,HOLD_CASH
2019-05-09,6,AIV,EQR,2.3248,58.0948,2.0501,0.1664,51.0194,3.5838,0.9908,1.7342,0.0,0.0,0.0,0.0,HOLD_CASH
2019-05-10,6,AIV,EQR,2.3474,58.8791,2.0501,0.1664,51.0194,3.5838,0.9908,1.1161,0.0,0.0,0.0,0.0,HOLD_CASH
2019-05-13,6,AIV,EQR,2.3455,58.8868,2.0501,0.1664,51.0194,3.5838,0.9908,0.9901,0.0,0.0,0.0,0.0,HOLD_CASH
2019-05-14,6,AIV,EQR,2.3403,58.8635,2.0501,0.1664,51.0194,3.5838,0.9908,0.7484,0.0,0.0,0.0,0.0,HOLD_CASH
2019-05-15,6,AIV,EQR,2.3558,59.1586,2.0501,0.1664,51.0194,3.5838,0.9908,0.7937,0.0,0.0,0.0,0.0,HOLD_CASH
2019-05-16,6,AIV,EQR,2.3838,59.64,2.0501,0.1664,51.0194,3.5838,0.9908,1.0001,0.0,0.0,0.0,0.0,HOLD_CASH
2019-05-17,6,AIV,EQR,2.3904,59.4925,2.0501,0.1664,51.0194,3.5838,0.9908,1.4495,0.0,0.0,0.0,0.0,HOLD_CASH
2019-05-20,6,AIV,EQR,2.3534,58.817,2.0501,0.1664,51.0194,3.5838,0.9908,1.0678,0.0,0.0,0.0,0.0,HOLD_CASH
2019-05-21,6,AIV,EQR,2.3866,59.2906,2.0501,0.1664,51.0194,3.5838,0.9908,1.4039,0.0,0.0,0.0,0.0,HOLD_CASH
2019-05-22,6,AIV,EQR,2.3938,59.508,2.0501,0.1664,51.0194,3.5838,0.9908,1.1609,0.0,0.0,0.0,0.0,HOLD_CASH
2019-05-23,6,AIV,EQR,2.4179,59.8729,2.0501,0.1664,51.0194,3.5838,0.9908,1.3139,0.0,0.0,0.0,0.0,HOLD_CASH
2019-05-24,6,AIV,EQR,2.4203,59.935,2.0501,0.1664,51.0194,3.5838,0.9908,1.1661,0.0,0.0,0.0,0.0,HOLD_CASH
2019-05-28,6,AIV,EQR,2.3843,59.1741,2.0501,0.1664,51.0194,3.5838,0.9908,1.0186,0.0,0.0,0.0,0.0,HOLD_CASH
2019-05-29,6,AIV,EQR,2.3387,58.7548,2.0501,0.1664,51.0194,3.5838,0.9908,-0.1183,0.0,0.0,0.0,0.0,HOLD_CASH
2019-05-30,6,AIV,EQR,2.3516,58.8713,2.0501,0.1664,51.0194,3.5838,0.9908,0.0998,0.0,0.0,0.0,0.0,HOLD_CASH
2019-05-31,6,AIV,EQR,2.3686,59.4536,2.0501,0.1664,51.0194,3.5838,0.9908,-0.776,0.0,0.0,0.0,0.0,HOLD_CASH
2019-06-03,6,AIV,EQR,2.371,59.1974,2.0501,0.1664,51.0194,3.5838,0.9908,0.1857,0.0,0.0,0.0,0.0,HOLD_CASH
2019-06-04,6,AIV,EQR,2.37,58.6073,2.0501,0.1664,51.0194,3.5838,0.9908,2.1293,-1.0,0.0,-0.0833,-0.0833,ENTER_SHORT_A
2019-06-05,6,AIV,EQR,2.4255,59.9816,2.0501,0.1664,51.0194,3.5838,0.9908,1.3275,-1.0,0.1277,-0.0833,0.0443,HOLDING
2019-06-06,6,AIV,EQR,2.4473,60.4009,2.0501,0.1664,51.0194,3.5838,0.9908,1.3827,-1.0,0.0862,-0.0833,0.0029,HOLDING
2019-06-07,6,AIV,EQR,2.4303,60.5485,2.0501,0.1664,51.0194,3.5838,0.9908,-0.3959,0.0,0.0,0.3095,0.3095,EXIT
2019-06-10,6,AIV,EQR,2.4303,60.432,2.0501,0.1664,51.0194,3.5838,0.9908,-0.0353,0.0,0.0,0.3095,0.3095,HOLD_CASH
2019-06-11,6,AIV,EQR,2.4246,60.4087,2.0501,0.1664,51.0194,3.5838,0.9908,-0.4387,0.0,0.0,0.3095,0.3095,HOLD_CASH
2019-06-12,6,AIV,EQR,2.435,60.2922,2.0501,0.1664,51.0194,3.5838,0.9908,0.7348,0.0,0.0,0.3095,0.3095,HOLD_CASH
2019-06-13,6,AIV,EQR,2.4364,60.5096,2.0501,0.1664,51.0194,3.5838,0.9908,-0.0617,0.0,0.0,0.3095,0.3095,HOLD_CASH
2019-06-14,6,AIV,EQR,2.4246,60.7659,2.0501,0.1664,51.0194,3.5838,0.9908,-1.9617,0.0,0.0,0.3095,0.3095,HOLD_CASH
2019-06-17,6,AIV,EQR,2.4355,61.0842,2.0501,0.1664,51.0194,3.5838,0.9908,-1.9213,0.0,0.0,0.3095,0.3095,HOLD_CASH
2019-06-18,6,AIV,EQR,2.4208,60.6028,2.0501,0.1664,51.0194,3.5838,0.9908,-1.2618,0.0,0.0,0.3095,0.3095,HOLD_CASH
2019-06-19,6,AIV,EQR,2.4317,60.8979,2.0501,0.1664,51.0194,3.5838,0.9908,-1.2962,0.0,0.0,0.3095,0.3095,HOLD_CASH
2019-06-20,6,AIV,EQR,2.4511,61.2085,2.0501,0.1664,51.0194,3.5838,0.9908,-0.8638,0.0,0.0,0.3095,0.3095,HOLD_CASH
2019-06-21,6,AIV,EQR,2.4265,60.5873,2.0501,0.1664,51.0194,3.5838,0.9908,-0.5324,0.0,0.0,0.3095,0.3095,HOLD_CASH
2019-06-24,6,AIV,EQR,2.4236,60.7736,2.0501,0.1664,51.0194,3.5838,0.9908,-1.1832,0.0,0.0,0.3095,0.3095,HOLD_CASH
2019-06-25,6,AIV,EQR,2.3999,59.7176,2.0501,0.1664,51.0194,3.5838,0.9908,0.5494,0.0,0.0,0.3095,0.3095,HOLD_CASH
2019-06-26,6,AIV,EQR,2.3506,58.7393,2.0501,0.1664,51.0194,3.5838,0.9908,0.2082,0.0,0.0,0.3095,0.3095,HOLD_CASH
2019-06-27,6,AIV,EQR,2.3582,59.1524,2.0501,0.1664,51.0194,3.5838,0.9908,-0.5688,0.0,0.0,0.3095,0.3095,HOLD_CASH
2019-06-28,6,AIV,EQR,2.3767,59.3949,2.0501,0.1664,51.0194,3.5838,0.9908,-0.0962,0.0,0.0,0.3095,0.3095,HOLD_CASH
2019-07-01,6,AIV,EQR,2.3681,59.567,2.0501,0.1664,51.0194,3.5838,0.9908,-1.1512,0.0,0.0,0.3095,0.3095,HOLD_CASH
2019-07-02,6,AIV,EQR,2.4056,60.5762,2.0501,0.1664,51.0194,3.5838,0.9908,-1.6484,0.0,0.0,0.3095,0.3095,HOLD_CASH
2019-07-03,6,AIV,EQR,2.4445,61.2882,2.0501,0.1664,51.0194,3.5838,0.9908,-1.1231,0.0,0.0,0.3095,0.3095,HOLD_CASH
2019-07-05,6,AIV,EQR,2.4227,60.9596,2.0501,0.1664,51.0194,3.5838,0.9908,-1.5584,0.0,0.0,0.3095,0.3095,HOLD_CASH
2019-07-08,6,AIV,EQR,2.436,61.6715,2.0501,0.1664,51.0194,3.5838,0.9908,-2.4485,1.0,0.0,0.2262,0.2262,ENTER_LONG_A
2019-07-09,6,AIV,EQR,2.4635,62.0548,2.0501,0.1664,51.0194,3.5838,0.9908,-1.5713,1.0,0.1559,0.2262,0.382,HOLDING
2019-07-10,6,AIV,EQR,2.4824,62.2504,2.0501,0.1664,51.0194,3.5838,0.9908,-0.8384,1.0,0.3134,0.2262,0.5395,HOLDING
2019-07-11,6,AIV,EQR,2.4473,62.0314,2.0501,0.1664,51.0194,3.5838,0.9908,-2.1591,1.0,-0.0818,0.2262,0.1443,HOLDING
2019-07-12,6,AIV,EQR,2.4535,61.6871,2.0501,0.1664,51.0194,3.5838,0.9908,-0.7082,1.0,0.2659,0.2262,0.492,HOLDING
2019-07-15,6,AIV,EQR,2.4483,61.9062,2.0501,0.1664,51.0194,3.5838,0.9908,-1.5167,1.0,0.0242,0.2262,0.2503,HOLDING
2019-07-16,6,AIV,EQR,2.4402,61.6871,2.0501,0.1664,51.0194,3.5838,0.9908,-1.2617,1.0,0.0561,0.2262,0.2822,HOLDING
2019-07-17,6,AIV,EQR,2.4184,61.5228,2.0501,0.1664,51.0194,3.5838,0.9908,-1.7984,1.0,-0.1691,0.2262,0.057,HOLDING
2019-07-18,6,AIV,EQR,2.4198,61.4837,2.0501,0.1664,51.0194,3.5838,0.9908,-1.4394,1.0,-0.1182,0.2262,0.1079,HOLDING
2019-07-19,6,AIV,EQR,2.353,60.3572,2.0501,0.1664,51.0194,3.5838,0.9908,-1.8761,1.0,-0.3556,0.2262,-0.1294,HOLDING
2019-07-22,6,AIV,EQR,2.3449,60.1459,2.0501,0.1664,51.0194,3.5838,0.9908,-1.586,1.0,-0.3294,0.2262,-0.1032,HOLDING
2019-07-23,6,AIV,EQR,2.3587,60.9909,2.0501,0.1664,51.0194,3.5838,0.9908,-2.1966,1.0,-0.7264,0.2262,-0.5003,HOLDING
2019-07-24,6,AIV,EQR,2.3525,60.5762,2.0501,0.1664,51.0194,3.5838,0.9908,-1.5478,1.0,-0.5223,0.2262,-0.2962,HOLDING
2019-07-25,6,AIV,EQR,2.3544,61.1004,2.0501,0.1664,51.0194,3.5838,0.9908,-2.0912,1.0,-0.8735,0.2262,-0.6473,HOLDING
2019-07-26,6,AIV,EQR,2.3634,61.4603,2.0501,0.1664,51.0194,3.5838,0.9908,-2.0249,1.0,-0.9928,0.2262,-0.7666,HOLDING
2019-07-29,6,AIV,EQR,2.3828,62.2817,2.0501,0.1664,51.0194,3.5838,0.9908,-2.2495,1.0,-1.2829,0.2262,-1.0567,HOLDING
2019-07-30,6,AIV,EQR,2.3724,62.227,2.0501,0.1664,51.0194,3.5838,0.9908,-2.1004,1.0,-1.4079,0.2262,-1.1818,HOLDING
2019-07-31,6,AIV,EQR,2.3492,61.7184,2.0501,0.1664,51.0194,3.5838,0.9908,-1.8087,1.0,-1.4053,0.2262,-1.1791,HOLDING
2019-08-01,6,AIV,EQR,2.3501,62.2582,2.0501,0.1664,51.0194,3.5838,0.9908,-2.0697,1.0,-1.7828,0.2262,-1.5567,HOLDING
2019-08-02,6,AIV,EQR,2.3819,62.9624,2.0501,0.1664,51.0194,3.5838,0.9908,-1.8091,1.0,-1.7928,0.2262,-1.5666,HOLDING
2019-08-05,6,AIV,EQR,2.3136,61.163,2.0501,0.1664,51.0194,3.5838,0.9908,-1.3176,1.0,-1.5634,0.2262,-1.3372,HOLDING
2019-08-06,6,AIV,EQR,2.3734,61.914,2.0501,0.1664,51.0194,3.5838,0.9908,-0.6779,1.0,-1.1654,0.2262,-0.9392,HOLDING
2019-08-07,6,AIV,EQR,2.38,62.4147,2.0501,0.1664,51.0194,3.5838,0.9908,-0.9605,1.0,-1.4246,0.2262,-1.1984,HOLDING
2019-08-08,6,AIV,EQR,2.4028,63.244,2.0501,0.1664,51.0194,3.5838,0.9908,-1.1942,1.0,-1.6679,0.2262,-1.4417,HOLDING
2019-08-09,6,AIV,EQR,2.4089,63.5804,2.0501,0.1664,51.0194,3.5838,0.9908,-1.3024,1.0,-1.8151,0.2262,-1.5889,HOLDING
2019-08-12,6,AIV,EQR,2.4165,63.5413,2.0501,0.1664,51.0194,3.5838,0.9908,-0.9845,1.0,-1.6668,0.2262,-1.4406,HOLDING
2019-08-13,6,AIV,EQR,2.3895,63.2831,2.0501,0.1664,51.0194,3.5838,0.9908,-1.2699,1.0,-1.9061,0.2262,-1.68,HOLDING
2019-08-14,6,AIV,EQR,2.3416,62.446,2.0501,0.1664,51.0194,3.5838,0.9908,-1.3931,1.0,-2.0543,0.2262,-1.8281,HOLDING
2019-08-15,6,AIV,EQR,2.3937,63.4865,2.0501,0.1664,51.0194,3.5838,0.9908,-1.2038,1.0,-1.9876,0.2262,-1.7614,HOLDING
2019-08-16,6,AIV,EQR,2.4214,63.8699,2.0501,0.1664,51.0194,3.5838,0.9908,-0.8382,1.0,-1.8283,0.2262,-1.6021,HOLDING
2019-08-19,6,AIV,EQR,2.4372,64.7539,2.0501,0.1664,51.0194,3.5838,0.9908,-1.554,1.0,-2.2219,0.2262,-1.9957,HOLDING
2019-08-20,6,AIV,EQR,2.4133,64.4957,2.0501,0.1664,51.0194,3.5838,0.9908,-1.7664,1.0,-2.4118,0.2262,-2.1856,HOLDING
2019-08-21,6,AIV,EQR,2.4185,64.6444,2.0501,0.1664,51.0194,3.5838,0.9908,-1.7469,1.0,-2.4368,0.2262,-2.2106,HOLDING
2019-08-22,6,AIV,EQR,2.4248,64.9338,2.0501,0.1664,51.0194,3.5838,0.9908,-1.8261,1.0,-2.549,0.2262,-2.3229,HOLDING
2019-08-23,6,AIV,EQR,2.4071,64.7383,2.0501,0.1664,51.0194,3.5838,0.9908,-1.922,1.0,-2.6863,0.2262,-2.4601,HOLDING
2019-08-26,6,AIV,EQR,2.4209,65.4111,2.0501,0.1664,51.0194,3.5838,0.9908,-2.1376,1.0,-2.9565,0.2262,-2.7303,HOLDING
2019-08-27,6,AIV,EQR,2.4085,65.5441,2.0501,0.1664,51.0194,3.5838,0.9908,-2.2488,1.0,-3.2495,0.2262,-3.0234,HOLDING
2019-08-28,6,AIV,EQR,2.4176,65.4267,2.0501,0.1664,51.0194,3.5838,0.9908,-1.6129,1.0,-3.0207,0.2262,-2.7945,HOLDING
2019-08-29,6,AIV,EQR,2.4401,65.9274,2.0501,0.1664,51.0194,3.5838,0.9908,-1.4419,1.0,-3.0298,0.2262,-2.8036,HOLDING
2019-08-30,6,AIV,EQR,2.4377,66.3107,2.0501,0.1664,51.0194,3.5838,0.9908,-1.7072,1.0,-3.3463,0.2262,-3.1201,HOLDING
2019-09-03,6,AIV,EQR,2.4525,67.1165,2.0501,0.1664,51.0194,3.5838,0.9908,-1.9239,1.0,-3.6981,0.2262,-3.4719,HOLDING
2019-09-04,6,AIV,EQR,2.4577,67.5077,2.0501,0.1664,51.0194,3.5838,0.9908,-1.9551,1.0,-3.8994,0.2262,-3.6733,HOLDING
2019-09-05,6,AIV,EQR,2.441,67.273,2.0501,0.1664,51.0194,3.5838,0.9908,-1.8354,1.0,-3.9931,0.2262,-3.7669,HOLDING
2019-09-06,6,AIV,EQR,2.4759,67.9458,2.0501,0.1664,51.0194,3.5838,0.9908,-1.561,1.0,-3.931,0.2262,-3.7048,HOLDING
2019-09-09,6,AIV,EQR,2.4616,66.5846,2.0501,0.1664,51.0194,3.5838,0.9908,-0.4939,0.0,0.0,-3.0289,-3.0289,EXIT
2019-09-10,6,AIV,EQR,2.4272,66.076,2.0501,0.1664,51.0194,3.5838,0.9908,-0.6525,0.0,0.0,-3.0289,-3.0289,HOLD_CASH
2019-09-11,6,AIV,EQR,2.4372,66.3186,2.0501,0.1664,51.0194,3.5838,0.9908,-0.6019,0.0,0.0,-3.0289,-3.0289,HOLD_CASH
2019-09-12,6,AIV,EQR,2.4429,66.7802,2.0501,0.1664,51.0194,3.5838,0.9908,-0.8808,0.0,0.0,-3.0289,-3.0289,HOLD_CASH
2019-09-13,6,AIV,EQR,2.4267,66.1465,2.0501,0.1664,51.0194,3.5838,0.9908,-0.4895,0.0,0.0,-3.0289,-3.0289,HOLD_CASH
2019-09-16,6,AIV,EQR,2.4649,66.5376,2.0501,0.1664,51.0194,3.5838,0.9908,0.1701,0.0,0.0,-3.0289,-3.0289,HOLD_CASH
2019-09-17,6,AIV,EQR,2.4941,67.1791,2.0501,0.1664,51.0194,3.5838,0.9908,0.2675,0.0,0.0,-3.0289,-3.0289,HOLD_CASH
2019-09-18,6,AIV,EQR,2.4793,66.7097,2.0501,0.1664,51.0194,3.5838,0.9908,0.6001,0.0,0.0,-3.0289,-3.0289,HOLD_CASH
2019-09-19,6,AIV,EQR,2.4616,66.8975,2.0501,0.1664,51.0194,3.5838,0.9908,-0.2708,0.0,0.0,-3.0289,-3.0289,HOLD_CASH
2019-09-20,6,AIV,EQR,2.4434,66.6315,2.0501,0.1664,51.0194,3.5838,0.9908,-0.4319,0.0,0.0,-3.0289,-3.0289,HOLD_CASH
2019-09-23,6,AIV,EQR,2.4444,66.6784,2.0501,0.1664,51.0194,3.5838,0.9908,-0.4078,0.0,0.0,-3.0289,-3.0289,HOLD_CASH
2019-09-24,6,AIV,EQR,2.4525,66.8662,2.0501,0.1664,51.0194,3.5838,0.9908,-0.3624,0.0,0.0,-3.0289,-3.0289,HOLD_CASH
2019-09-25,6,AIV,EQR,2.4683,67.3512,2.0501,0.1664,51.0194,3.5838,0.9908,-0.6366,0.0,0.0,-3.0289,-3.0289,HOLD_CASH
2019-09-26,6,AIV,EQR,2.4922,67.8754,2.0501,0.1664,51.0194,3.5838,0.9908,-0.573,0.0,0.0,-3.0289,-3.0289,HOLD_CASH
2019-09-27,6,AIV,EQR,2.4769,67.9211,2.0501,0.1664,51.0194,3.5838,0.9908,-1.3633,0.0,0.0,-3.0289,-3.0289,HOLD_CASH
2019-09-30,6,AIV,EQR,2.4922,67.929,2.0501,0.1664,51.0194,3.5838,0.9908,-0.5076,0.0,0.0,-3.0289,-3.0289,HOLD_CASH
2019-10-01,6,AIV,EQR,2.4826,67.8581,2.0501,0.1664,51.0194,3.5838,0.9908,-0.8283,0.0,0.0,-3.0289,-3.0289,HOLD_CASH
2019-04-03,7,AIV,UDR,2.3963,35.2284,2.0501,0.1664,30.2173,2.5371,0.9902,0.0,0.0,0.0,0.0,0.0,HOLD_CASH
2019-04-04,7,AIV,UDR,2.3775,34.9667,2.0501,0.1664,30.2173,2.5371,0.9902,0.0,0.0,0.0,0.0,0.0,HOLD_CASH
2019-04-05,7,AIV,UDR,2.3888,35.113,2.0501,0.1664,30.2173,2.5371,0.9902,0.0,0.0,0.0,0.0,0.0,HOLD_CASH
2019-04-08,7,AIV,UDR,2.3831,34.9679,2.0501,0.1664,30.2173,2.5371,0.9902,0.0,0.0,0.0,0.0,0.0,HOLD_CASH
2019-04-09,7,AIV,UDR,2.3746,34.999,2.0501,0.1664,30.2173,2.5371,0.9902,0.0,0.0,0.0,0.0,0.0,HOLD_CASH
2019-04-10,7,AIV,UDR,2.3911,35.1773,2.0501,0.1664,30.2173,2.5371,0.9902,0.0,0.0,0.0,0.0,0.0,HOLD_CASH
2019-04-11,7,AIV,UDR,2.3859,35.2704,2.0501,0.1664,30.2173,2.5371,0.9902,0.0,0.0,0.0,0.0,0.0,HOLD_CASH
2019-04-12,7,AIV,UDR,2.4005,35.5186,2.0501,0.1664,30.2173,2.5371,0.9902,0.0,0.0,0.0,0.0,0.0,HOLD_CASH
2019-04-15,7,AIV,UDR,2.3944,35.4643,2.0501,0.1664,30.2173,2.5371,0.9902,0.0,0.0,0.0,0.0,0.0,HOLD_CASH
2019-04-16,7,AIV,UDR,2.3243,34.4949,2.0501,0.1664,30.2173,2.5371,0.9902,0.0,0.0,0.0,0.0,0.0,HOLD_CASH
2019-04-17,7,AIV,UDR,2.2735,33.89,2.0501,0.1664,30.2173,2.5371,0.9902,0.0,0.0,0.0,0.0,0.0,HOLD_CASH
2019-04-18,7,AIV,UDR,2.2862,34.301,2.0501,0.1664,30.2173,2.5371,0.9902,0.0,0.0,0.0,0.0,0.0,HOLD_CASH
2019-04-22,7,AIV,UDR,2.2514,33.7426,2.0501,0.1664,30.2173,2.5371,0.9902,0.0,0.0,0.0,0.0,0.0,HOLD_CASH
2019-04-23,7,AIV,UDR,2.2942,34.2002,2.0501,0.1664,30.2173,2.5371,0.9902,0.0,0.0,0.0,0.0,0.0,HOLD_CASH
2019-04-24,7,AIV,UDR,2.3158,34.4794,2.0501,0.1664,30.2173,2.5371,0.9902,0.0,0.0,0.0,0.0,0.0,HOLD_CASH
2019-04-25,7,AIV,UDR,2.3144,34.6577,2.0501,0.1664,30.2173,2.5371,0.9902,0.0,0.0,0.0,0.0,0.0,HOLD_CASH
2019-04-26,7,AIV,UDR,2.3295,34.9214,2.0501,0.1664,30.2173,2.5371,0.9902,0.0,0.0,0.0,0.0,0.0,HOLD_CASH
2019-04-29,7,AIV,UDR,2.297,34.4251,2.0501,0.1664,30.2173,2.5371,0.9902,0.0,0.0,0.0,0.0,0.0,HOLD_CASH
2019-04-30,7,AIV,UDR,2.3224,34.8594,2.0501,0.1664,30.2173,2.5371,0.9902,0.0,0.0,0.0,0.0,0.0,HOLD_CASH
2019-05-01,7,AIV,UDR,2.3215,34.5104,2.0501,0.1664,30.2173,2.5371,0.9902,-0.178,0.0,0.0,0.0,0.0,HOLD_CASH
2019-05-02,7,AIV,UDR,2.3083,34.3243,2.0501,0.1664,30.2173,2.5371,0.9902,-0.166,0.0,0.0,0.0,0.0,HOLD_CASH
2019-05-03,7,AIV,UDR,2.3549,34.4871,2.0501,0.1664,30.2173,2.5371,0.9902,1.6841,0.0,0.0,0.0,0.0,HOLD_CASH
2019-05-06,7,AIV,UDR,2.3412,34.4096,2.0501,0.1664,30.2173,2.5371,0.9902,1.2507,0.0,0.0,0.0,0.0,HOLD_CASH
2019-05-07,7,AIV,UDR,2.3092,33.7737,2.0501,0.1664,30.2173,2.5371,0.9902,1.699,0.0,0.0,0.0,0.0,HOLD_CASH
2019-05-08,7,AIV,UDR,2.3107,33.8124,2.0501,0.1664,30.2173,2.5371,0.9902,1.5399,0.0,0.0,0.0,0.0,HOLD_CASH
2019-05-09,7,AIV,UDR,2.3248,33.8977,2.0501,0.1664,30.2173,2.5371,0.9902,1.8039,0.0,0.0,0.0,0.0,HOLD_CASH
2019-05-10,7,AIV,UDR,2.3474,34.4328,2.0501,0.1664,30.2173,2.5371,0.9902,1.1672,0.0,0.0,0.0,0.0,HOLD_CASH
2019-05-13,7,AIV,UDR,2.3455,34.4173,2.0501,0.1664,30.2173,2.5371,0.9902,1.0612,0.0,0.0,0.0,0.0,HOLD_CASH
2019-05-14,7,AIV,UDR,2.3403,34.4018,2.0501,0.1664,30.2173,2.5371,0.9902,0.8323,0.0,0.0,0.0,0.0,HOLD_CASH
2019-05-15,7,AIV,UDR,2.3558,34.6035,2.0501,0.1664,30.2173,2.5371,0.9902,0.8655,0.0,0.0,0.0,0.0,HOLD_CASH
2019-05-16,7,AIV,UDR,2.3838,34.7818,2.0501,0.1664,30.2173,2.5371,0.9902,1.3792,0.0,0.0,0.0,0.0,HOLD_CASH
2019-05-17,7,AIV,UDR,2.3904,34.7973,2.0501,0.1664,30.2173,2.5371,0.9902,1.4405,0.0,0.0,0.0,0.0,HOLD_CASH
2019-05-20,7,AIV,UDR,2.3534,34.3786,2.0501,0.1664,30.2173,2.5371,0.9902,0.9596,0.0,0.0,0.0,0.0,HOLD_CASH
2019-05-21,7,AIV,UDR,2.3866,34.5957,2.0501,0.1664,30.2173,2.5371,0.9902,1.5313,0.0,0.0,0.0,0.0,HOLD_CASH
2019-05-22,7,AIV,UDR,2.3938,34.8206,2.0501,0.1664,30.2173,2.5371,0.9902,1.1187,0.0,0.0,0.0,0.0,HOLD_CASH
2019-05-23,7,AIV,UDR,2.4179,34.999,2.0501,0.1664,30.2173,2.5371,0.9902,1.4552,0.0,0.0,0.0,0.0,HOLD_CASH
2019-05-24,7,AIV,UDR,2.4203,35.1386,2.0501,0.1664,30.2173,2.5371,0.9902,1.1126,0.0,0.0,0.0,0.0,HOLD_CASH
2019-05-28,7,AIV,UDR,2.3843,34.8439,2.0501,0.1664,30.2173,2.5371,0.9902,0.3373,0.0,0.0,0.0,0.0,HOLD_CASH
2019-05-29,7,AIV,UDR,2.3387,34.2157,2.0501,0.1664,30.2173,2.5371,0.9902,-0.0228,0.0,0.0,0.0,0.0,HOLD_CASH
2019-05-30,7,AIV,UDR,2.3516,34.2932,2.0501,0.1664,30.2173,2.5371,0.9902,0.3524,0.0,0.0,0.0,0.0,HOLD_CASH
2019-05-31,7,AIV,UDR,2.3686,34.7275,2.0501,0.1664,30.2173,2.5371,0.9902,-0.6751,0.0,0.0,0.0,0.0,HOLD_CASH
2019-06-03,7,AIV,UDR,2.371,34.9137,2.0501,0.1664,30.2173,2.5371,0.9902,-1.4058,0.0,0.0,0.0,0.0,HOLD_CASH
2019-06-04,7,AIV,UDR,2.37,34.6035,2.0501,0.1664,30.2173,2.5371,0.9902,0.1366,0.0,0.0,0.0,0.0,HOLD_CASH
2019-06-05,7,AIV,UDR,2.4255,35.5728,2.0501,0.1664,30.2173,2.5371,0.9902,-0.5106,0.0,0.0,0.0,0.0,HOLD_CASH
2019-06-06,7,AIV,UDR,2.4473,35.7512,2.0501,0.1664,30.2173,2.5371,0.9902,0.3312,0.0,0.0,0.0,0.0,HOLD_CASH
2019-06-07,7,AIV,UDR,2.4303,35.7822,2.0501,0.1664,30.2173,2.5371,0.9902,-1.2078,0.0,0.0,0.0,0.0,HOLD_CASH
2019-06-10,7,AIV,UDR,2.4303,35.7435,2.0501,0.1664,30.2173,2.5371,0.9902,-0.9793,0.0,0.0,0.0,0.0,HOLD_CASH
2019-06-11,7,AIV,UDR,2.4246,35.7047,2.0501,0.1664,30.2173,2.5371,0.9902,-1.199,0.0,0.0,0.0,0.0,HOLD_CASH
2019-06-12,7,AIV,UDR,2.435,35.759,2.0501,0.1664,30.2173,2.5371,0.9902,-0.6823,0.0,0.0,0.0,0.0,HOLD_CASH
2019-06-13,7,AIV,UDR,2.4364,35.9451,2.0501,0.1664,30.2173,2.5371,0.9902,-1.4909,0.0,0.0,0.0,0.0,HOLD_CASH
2019-06-14,7,AIV,UDR,2.4246,36.0149,2.0501,0.1664,30.2173,2.5371,0.9902,-2.2554,1.0,0.0,-0.0833,-0.0833,ENTER_LONG_A
2019-06-17,7,AIV,UDR,2.4355,36.2475,2.0501,0.1664,30.2173,2.5371,0.9902,-2.1034,1.0,-0.0736,-0.0833,-0.1569,HOLDING
2019-06-18,7,AIV,UDR,2.4208,35.9218,2.0501,0.1664,30.2173,2.5371,0.9902,-1.5101,1.0,0.0394,-0.0833,-0.044,HOLDING
2019-06-19,7,AIV,UDR,2.4317,36.0692,2.0501,0.1664,30.2173,2.5371,0.9902,-1.3056,1.0,0.0627,-0.0833,-0.0206,HOLDING
2019-06-20,7,AIV,UDR,2.4511,36.108,2.0501,0.1664,30.2173,2.5371,0.9902,-0.2676,0.0,0.0,0.1915,0.1915,EXIT
2019-06-21,7,AIV,UDR,2.4265,35.4255,2.0501,0.1664,30.2173,2.5371,0.9902,1.0655,0.0,0.0,0.1915,0.1915,HOLD_CASH
2019-06-24,7,AIV,UDR,2.4236,35.2937,2.0501,0.1664,30.2173,2.5371,0.9902,1.5265,0.0,0.0,0.1915,0.1915,HOLD_CASH
2019-06-25,7,AIV,UDR,2.3999,34.9835,2.0501,0.1664,30.2173,2.5371,0.9902,1.2291,0.0,0.0,0.1915,0.1915,HOLD_CASH
2019-06-26,7,AIV,UDR,2.3506,34.239,2.0501,0.1664,30.2173,2.5371,0.9902,1.0989,0.0,0.0,0.1915,0.1915,HOLD_CASH
2019-06-27,7,AIV,UDR,2.3582,34.5724,2.0501,0.1664,30.2173,2.5371,0.9902,0.2236,0.0,0.0,0.1915,0.1915,HOLD_CASH
2019-06-28,7,AIV,UDR,2.3767,34.8128,2.0501,0.1664,30.2173,2.5371,0.9902,0.4059,0.0,0.0,0.1915,0.1915,HOLD_CASH
2019-07-01,7,AIV,UDR,2.3681,34.9835,2.0501,0.1664,30.2173,2.5371,0.9902,-0.8609,0.0,0.0,0.1915,0.1915,HOLD_CASH
2019-07-02,7,AIV,UDR,2.4056,35.4022,2.0501,0.1664,30.2173,2.5371,0.9902,-0.1389,0.0,0.0,0.1915,0.1915,HOLD_CASH
2019-07-03,7,AIV,UDR,2.4445,35.8753,2.0501,0.1664,30.2173,2.5371,0.9902,0.4091,0.0,0.0,0.1915,0.1915,HOLD_CASH
2019-07-05,7,AIV,UDR,2.4227,35.6737,2.0501,0.1664,30.2173,2.5371,0.9902,-0.1128,0.0,0.0,0.1915,0.1915,HOLD_CASH
2019-07-08,7,AIV,UDR,2.436,36.0382,2.0501,0.1664,30.2173,2.5371,0.9902,-0.7838,0.0,0.0,0.1915,0.1915,HOLD_CASH
2019-07-09,7,AIV,UDR,2.4635,36.4468,2.0501,0.1664,30.2173,2.5371,0.9902,-0.6676,0.0,0.0,0.1915,0.1915,HOLD_CASH
2019-07-10,7,AIV,UDR,2.4824,36.6577,2.0501,0.1664,30.2173,2.5371,0.9902,-0.2979,0.0,0.0,0.1915,0.1915,HOLD_CASH
2019-07-11,7,AIV,UDR,2.4473,36.3296,2.0501,0.1664,30.2173,2.5371,0.9902,-1.1083,0.0,0.0,0.1915,0.1915,HOLD_CASH
2019-07-12,7,AIV,UDR,2.4535,36.1421,2.0501,0.1664,30.2173,2.5371,0.9902,0.0764,0.0,0.0,0.1915,0.1915,HOLD_CASH
2019-07-15,7,AIV,UDR,2.4483,36.1811,2.0501,0.1664,30.2173,2.5371,0.9902,-0.4923,0.0,0.0,0.1915,0.1915,HOLD_CASH
2019-07-16,7,AIV,UDR,2.4402,36.2827,2.0501,0.1664,30.2173,2.5371,0.9902,-1.52,0.0,0.0,0.1915,0.1915,HOLD_CASH
2019-07-17,7,AIV,UDR,2.4184,36.1186,2.0501,0.1664,30.2173,2.5371,0.9902,-2.05,1.0,0.0,0.1082,0.1082,ENTER_LONG_A
2019-07-18,7,AIV,UDR,2.4198,36.1968,2.0501,0.1664,30.2173,2.5371,0.9902,-2.0106,1.0,-0.0639,0.1082,0.0443,HOLDING
2019-07-19,7,AIV,UDR,2.353,35.4936,2.0501,0.1664,30.2173,2.5371,0.9902,-2.4828,1.0,-0.4344,0.1082,-0.3262,HOLDING
2019-07-22,7,AIV,UDR,2.3449,35.392,2.0501,0.1664,30.2173,2.5371,0.9902,-2.127,1.0,-0.46,0.1082,-0.3518,HOLDING
2019-07-23,7,AIV,UDR,2.3587,35.7671,2.0501,0.1664,30.2173,2.5371,0.9902,-2.1666,1.0,-0.6455,0.1082,-0.5374,HOLDING
2019-07-24,7,AIV,UDR,2.3525,35.6655,2.0501,0.1664,30.2173,2.5371,0.9902,-1.871,1.0,-0.6379,0.1082,-0.5298,HOLDING
2019-07-25,7,AIV,UDR,2.3544,35.8686,2.0501,0.1664,30.2173,2.5371,0.9902,-1.9698,1.0,-0.8356,0.1082,-0.7274,HOLDING
2019-07-26,7,AIV,UDR,2.3634,36.0093,2.0501,0.1664,30.2173,2.5371,0.9902,-1.7191,1.0,-0.8378,0.1082,-0.7296,HOLDING
2019-07-29,7,AIV,UDR,2.3828,36.3764,2.0501,0.1664,30.2173,2.5371,0.9902,-1.6421,1.0,-0.915,0.1082,-0.8068,HOLDING
2019-07-30,7,AIV,UDR,2.3724,36.4077,2.0501,0.1664,30.2173,2.5371,0.9902,-1.7471,1.0,-1.1329,0.1082,-1.0247,HOLDING
2019-07-31,7,AIV,UDR,2.3492,35.9858,2.0501,0.1664,30.2173,2.5371,0.9902,-1.45,1.0,-1.0599,0.1082,-0.9518,HOLDING
2019-08-01,7,AIV,UDR,2.3501,35.9936,2.0501,0.1664,30.2173,2.5371,0.9902,-1.3055,1.0,-1.0522,0.1082,-0.9441,HOLDING
2019-08-02,7,AIV,UDR,2.3819,36.1421,2.0501,0.1664,30.2173,2.5371,0.9902,-0.612,1.0,-0.6652,0.1082,-0.5571,HOLDING
2019-08-05,7,AIV,UDR,2.3136,35.0014,2.0501,0.1664,30.2173,2.5371,0.9902,-0.3763,0.0,0.0,-0.5356,-0.5356,EXIT
2019-08-06,7,AIV,UDR,2.3734,36.1968,2.0501,0.1664,30.2173,2.5371,0.9902,-0.8271,0.0,0.0,-0.5356,-0.5356,HOLD_CASH
2019-08-07,7,AIV,UDR,2.38,36.1811,2.0501,0.1664,30.2173,2.5371,0.9902,-0.5154,0.0,0.0,-0.5356,-0.5356,HOLD_CASH
2019-08-08,7,AIV,UDR,2.4028,36.5093,2.0501,0.1664,30.2173,2.5371,0.9902,-0.3945,0.0,0.0,-0.5356,-0.5356,HOLD_CASH
2019-08-09,7,AIV,UDR,2.4089,36.8062,2.0501,0.1664,30.2173,2.5371,0.9902,-0.8058,0.0,0.0,-0.5356,-0.5356,HOLD_CASH
2019-08-12,7,AIV,UDR,2.4165,37.0952,2.0501,0.1664,30.2173,2.5371,0.9902,-1.2466,0.0,0.0,-0.5356,-0.5356,HOLD_CASH
2019-08-13,7,AIV,UDR,2.3895,36.3764,2.0501,0.1664,30.2173,2.5371,0.9902,-0.2313,0.0,0.0,-0.5356,-0.5356,HOLD_CASH
2019-08-14,7,AIV,UDR,2.3416,35.8295,2.0501,0.1664,30.2173,2.5371,0.9902,-0.8877,0.0,0.0,-0.5356,-0.5356,HOLD_CASH
2019-08-15,7,AIV,UDR,2.3937,36.3843,2.0501,0.1664,30.2173,2.5371,0.9902,0.3654,0.0,0.0,-0.5356,-0.5356,HOLD_CASH
2019-08-16,7,AIV,UDR,2.4214,36.7046,2.0501,0.1664,30.2173,2.5371,0.9902,1.0528,0.0,0.0,-0.5356,-0.5356,HOLD_CASH
2019-08-19,7,AIV,UDR,2.4372,37.3062,2.0501,0.1664,30.2173,2.5371,0.9902,-0.9541,0.0,0.0,-0.5356,-0.5356,HOLD_CASH
2019-08-20,7,AIV,UDR,2.4133,37.0952,2.0501,0.1664,30.2173,2.5371,0.9902,-1.6951,0.0,0.0,-0.5356,-0.5356,HOLD_CASH
2019-08-21,7,AIV,UDR,2.4185,37.2593,2.0501,0.1664,30.2173,2.5371,0.9902,-1.89,0.0,0.0,-0.5356,-0.5356,HOLD_CASH
2019-08-22,7,AIV,UDR,2.4248,37.6421,2.0501,0.1664,30.2173,2.5371,0.9902,-2.6107,1.0,0.0,-0.6189,-0.6189,ENTER_LONG_A
2019-08-23,7,AIV,UDR,2.4071,37.1109,2.0501,0.1664,30.2173,2.5371,0.9902,-1.3129,1.0,0.2879,-0.6189,-0.331,HOLDING
2019-08-26,7,AIV,UDR,2.4209,37.2984,2.0501,0.1664,30.2173,2.5371,0.9902,-1.0961,1.0,0.3167,-0.6189,-0.3022,HOLDING
2019-08-27,7,AIV,UDR,2.4085,37.1968,2.0501,0.1664,30.2173,2.5371,0.9902,-1.3508,1.0,0.217,-0.6189,-0.402,HOLDING
2019-08-28,7,AIV,UDR,2.4176,37.3062,2.0501,0.1664,30.2173,2.5371,0.9902,-1.1383,1.0,0.2508,-0.6189,-0.3682,HOLDING
2019-08-29,7,AIV,UDR,2.4401,37.5796,2.0501,0.1664,30.2173,2.5371,0.9902,-0.8136,1.0,0.3312,-0.6189,-0.2877,HOLDING
2019-08-30,7,AIV,UDR,2.4377,37.6421,2.0501,0.1664,30.2173,2.5371,0.9902,-1.0698,1.0,0.2208,-0.6189,-0.3981,HOLDING
2019-09-03,7,AIV,UDR,2.4525,37.8921,2.0501,0.1664,30.2173,2.5371,0.9902,-1.0624,1.0,0.1964,-0.6189,-0.4225,HOLDING
2019-09-04,7,AIV,UDR,2.4577,38.0484,2.0501,0.1664,30.2173,2.5371,0.9902,-1.218,1.0,0.1127,-0.6189,-0.5062,HOLDING
2019-09-05,7,AIV,UDR,2.441,37.7749,2.0501,0.1664,30.2173,2.5371,0.9902,-1.0539,1.0,0.1304,-0.6189,-0.4885,HOLDING
2019-09-06,7,AIV,UDR,2.4759,38.2281,2.0501,0.1664,30.2173,2.5371,0.9902,-0.6515,1.0,0.2238,-0.6189,-0.3951,HOLDING
2019-09-09,7,AIV,UDR,2.4616,37.8375,2.0501,0.1664,30.2173,2.5371,0.9902,0.0997,0.0,0.0,-0.2905,-0.2905,EXIT
2019-09-10,7,AIV,UDR,2.4272,37.3765,2.0501,0.1664,30.2173,2.5371,0.9902,-0.1678,0.0,0.0,-0.2905,-0.2905,HOLD_CASH
2019-09-11,7,AIV,UDR,2.4372,37.3531,2.0501,0.1664,30.2173,2.5371,0.9902,0.6843,0.0,0.0,-0.2905,-0.2905,HOLD_CASH
2019-09-12,7,AIV,UDR,2.4429,37.5249,2.0501,0.1664,30.2173,2.5371,0.9902,0.3424,0.0,0.0,-0.2905,-0.2905,HOLD_CASH
2019-09-13,7,AIV,UDR,2.4267,37.189,2.0501,0.1664,30.2173,2.5371,0.9902,0.9118,0.0,0.0,-0.2905,-0.2905,HOLD_CASH
2019-09-16,7,AIV,UDR,2.4649,37.6343,2.0501,0.1664,30.2173,2.5371,0.9902,2.1276,-1.0,0.0,-0.3738,-0.3738,ENTER_SHORT_A
2019-09-17,7,AIV,UDR,2.4941,37.8999,2.0501,0.1664,30.2173,2.5371,0.9902,2.6708,-1.0,-0.202,-0.3738,-0.5758,HOLDING
2019-09-18,7,AIV,UDR,2.4793,37.7437,2.0501,0.1664,30.2173,2.5371,0.9902,1.9505,-1.0,-0.1228,-0.3738,-0.4966,HOLDING
2019-09-19,7,AIV,UDR,2.4616,37.6812,2.0501,0.1664,30.2173,2.5371,0.9902,0.8764,-1.0,0.1085,-0.3738,-0.2653,HOLDING
2019-09-20,7,AIV,UDR,2.4434,37.4312,2.0501,0.1664,30.2173,2.5371,0.9902,0.6624,-1.0,0.1411,-0.3738,-0.2327,HOLDING
2019-09-23,7,AIV,UDR,2.4444,37.5718,2.0501,0.1664,30.2173,2.5371,0.9902,0.0094,0.0,0.0,-0.1768,-0.1768,EXIT
2019-09-24,7,AIV,UDR,2.4525,37.5406,2.0501,0.1664,30.2173,2.5371,0.9902,0.7235,0.0,0.0,-0.1768,-0.1768,HOLD_CASH
2019-09-25,7,AIV,UDR,2.4683,37.5484,2.0501,0.1664,30.2173,2.5371,0.9902,1.6496,0.0,0.0,-0.1768,-0.1768,HOLD_CASH
2019-09-26,7,AIV,UDR,2.4922,37.8531,2.0501,0.1664,30.2173,2.5371,0.9902,1.691,0.0,0.0,-0.1768,-0.1768,HOLD_CASH
2019-09-27,7,AIV,UDR,2.4769,37.7593,2.0501,0.1664,30.2173,2.5371,0.9902,0.9697,0.0,0.0,-0.1768,-0.1768,HOLD_CASH
2019-09-30,7,AIV,UDR,2.4922,37.8765,2.0501,0.1664,30.2173,2.5371,0.9902,1.3295,0.0,0.0,-0.1768,-0.1768,HOLD_CASH
2019-10-01,7,AIV,UDR,2.4826,37.7359,2.0501,0.1664,30.2173,2.5371,0.9902,1.1835,0.0,0.0,-0.1768,-0.1768,HOLD_CASH
2019-04-03,8,AEE,CMS,59.26,44.611,51.9096,4.4801,39.5697,2.8634,0.9894,0.0,0.0,0.0,0.0,0.0,HOLD_CASH
2019-04-04,8,AEE,CMS,58.7022,44.3752,51.9096,4.4801,39.5697,2.8634,0.9894,0.0,0.0,0.0,0.0,0.0,HOLD_CASH
2019-04-05,8,AEE,CMS,59.3831,44.8143,51.9096,4.4801,39.5697,2.8634,0.9894,0.0,0.0,0.0,0.0,0.0,HOLD_CASH
2019-04-08,8,AEE,CMS,58.7924,44.1882,51.9096,4.4801,39.5697,2.8634,0.9894,0.0,0.0,0.0,0.0,0.0,HOLD_CASH
2019-04-09,8,AEE,CMS,59.0796,44.4159,51.9096,4.4801,39.5697,2.8634,0.9894,0.0,0.0,0.0,0.0,0.0,HOLD_CASH
2019-04-10,8,AEE,CMS,58.653,44.2288,51.9096,4.4801,39.5697,2.8634,0.9894,0.0,0.0,0.0,0.0,0.0,HOLD_CASH
2019-04-11,8,AEE,CMS,58.9319,44.668,51.9096,4.4801,39.5697,2.8634,0.9894,0.0,0.0,0.0,0.0,0.0,HOLD_CASH
2019-04-12,8,AEE,CMS,59.0468,44.7086,51.9096,4.4801,39.5697,2.8634,0.9894,0.0,0.0,0.0,0.0,0.0,HOLD_CASH
2019-04-15,8,AEE,CMS,59.0878,44.6192,51.9096,4.4801,39.5697,2.8634,0.9894,0.0,0.0,0.0,0.0,0.0,HOLD_CASH
2019-04-16,8,AEE,CMS,58.1198,43.9524,51.9096,4.4801,39.5697,2.8634,0.9894,0.0,0.0,0.0,0.0,0.0,HOLD_CASH
2019-04-17,8,AEE,CMS,57.9229,43.9849,51.9096,4.4801,39.5697,2.8634,0.9894,0.0,0.0,0.0,0.0,0.0,HOLD_CASH
2019-04-18,8,AEE,CMS,57.8163,43.7572,51.9096,4.4801,39.5697,2.8634,0.9894,0.0,0.0,0.0,0.0,0.0,HOLD_CASH
2019-04-22,8,AEE,CMS,57.8491,43.5539,51.9096,4.4801,39.5697,2.8634,0.9894,0.0,0.0,0.0,0.0,0.0,HOLD_CASH
2019-04-23,8,AEE,CMS,58.3659,44.0662,51.9096,4.4801,39.5697,2.8634,0.9894,0.0,0.0,0.0,0.0,0.0,HOLD_CASH
2019-04-24,8,AEE,CMS,59.0549,44.237,51.9096,4.4801,39.5697,2.8634,0.9894,0.0,0.0,0.0,0.0,0.0,HOLD_CASH
2019-04-25,8,AEE,CMS,59.2764,44.5297,51.9096,4.4801,39.5697,2.8634,0.9894,0.0,0.0,0.0,0.0,0.0,HOLD_CASH
2019-04-26,8,AEE,CMS,59.2108,44.6436,51.9096,4.4801,39.5697,2.8634,0.9894,0.0,0.0,0.0,0.0,0.0,HOLD_CASH
2019-04-29,8,AEE,CMS,58.5381,44.424,51.9096,4.4801,39.5697,2.8634,0.9894,0.0,0.0,0.0,0.0,0.0,HOLD_CASH
2019-04-30,8,AEE,CMS,59.6948,45.1721,51.9096,4.4801,39.5697,2.8634,0.9894,0.0,0.0,0.0,0.0,0.0,HOLD_CASH
2019-05-01,8,AEE,CMS,59.26,44.7086,51.9096,4.4801,39.5697,2.8634,0.9894,-0.1993,0.0,0.0,0.0,0.0,HOLD_CASH
2019-05-02,8,AEE,CMS,59.3421,44.6947,51.9096,4.4801,39.5697,2.8634,0.9894,0.2565,0.0,0.0,0.0,0.0,HOLD_CASH
2019-05-03,8,AEE,CMS,59.8425,45.2515,51.9096,4.4801,39.5697,2.8634,0.9894,-1.2077,0.0,0.0,0.0,0.0,HOLD_CASH
2019-05-06,8,AEE,CMS,59.6784,45.1287,51.9096,4.4801,39.5697,2.8634,0.9894,-1.0309,0.0,0.0,0.0,0.0,HOLD_CASH
2019-05-07,8,AEE,CMS,59.6374,44.9895,51.9096,4.4801,39.5697,2.8634,0.9894,-0.2587,0.0,0.0,0.0,0.0,HOLD_CASH
2019-05-08,8,AEE,CMS,58.5381,44.4408,51.9096,4.4801,39.5697,2.8634,0.9894,-1.1863,0.0,0.0,0.0,0.0,HOLD_CASH
2019-05-09,8,AEE,CMS,58.9811,44.5473,51.9096,4.4801,39.5697,2.8634,0.9894,0.0177,0.0,0.0,0.0,0.0,HOLD_CASH
2019-05-10,8,AEE,CMS,60.1214,45.5545,51.9096,4.4801,39.5697,2.8634,0.9894,-1.638,0.0,0.0,0.0,0.0,HOLD_CASH
2019-05-13,8,AEE,CMS,61.196,46.226,51.9096,4.4801,39.5697,2.8634,0.9894,-1.3937,0.0,0.0,0.0,0.0,HOLD_CASH
2019-05-14,8,AEE,CMS,60.5808,45.7347,51.9096,4.4801,39.5697,2.8634,0.9894,-0.7734,0.0,0.0,0.0,0.0,HOLD_CASH
2019-05-15,8,AEE,CMS,60.4741,45.7347,51.9096,4.4801,39.5697,2.8634,0.9894,-1.0702,0.0,0.0,0.0,0.0,HOLD_CASH
2019-05-16,8,AEE,CMS,60.9007,46.0377,51.9096,4.4801,39.5697,2.8634,0.9894,-1.1532,0.0,0.0,0.0,0.0,HOLD_CASH
2019-05-17,8,AEE,CMS,61.2862,46.2342,51.9096,4.4801,39.5697,2.8634,0.9894,-0.7876,0.0,0.0,0.0,0.0,HOLD_CASH
2019-05-20,8,AEE,CMS,61.2698,46.4471,51.9096,4.4801,39.5697,2.8634,0.9894,-1.8068,0.0,0.0,0.0,0.0,HOLD_CASH
2019-05-21,8,AEE,CMS,60.9417,46.1441,51.9096,4.4801,39.5697,2.8634,0.9894,-1.1825,0.0,0.0,0.0,0.0,HOLD_CASH
2019-05-22,8,AEE,CMS,61.4175,46.4307,51.9096,4.4801,39.5697,2.8634,0.9894,-1.0677,0.0,0.0,0.0,0.0,HOLD_CASH
2019-05-23,8,AEE,CMS,62.1066,46.963,51.9096,4.4801,39.5697,2.8634,0.9894,-1.5642,0.0,0.0,0.0,0.0,HOLD_CASH
2019-05-24,8,AEE,CMS,61.8358,46.8729,51.9096,4.4801,39.5697,2.8634,0.9894,-1.8961,0.0,0.0,0.0,0.0,HOLD_CASH
2019-05-28,8,AEE,CMS,60.9663,45.9967,51.9096,4.4801,39.5697,2.8634,0.9894,0.2167,0.0,0.0,0.0,0.0,HOLD_CASH
2019-05-29,8,AEE,CMS,60.0393,45.4399,51.9096,4.4801,39.5697,2.8634,0.9894,-0.0499,0.0,0.0,0.0,0.0,HOLD_CASH
2019-05-30,8,AEE,CMS,59.8178,45.6528,51.9096,4.4801,39.5697,2.8634,0.9894,-2.0888,1.0,0.0,-0.0833,-0.0833,ENTER_LONG_A
2019-05-31,8,AEE,CMS,60.1624,45.9476,51.9096,4.4801,39.5697,2.8634,0.9894,-2.227,1.0,-0.0714,-0.0833,-0.1547,HOLDING
2019-06-03,8,AEE,CMS,61.0975,46.6764,51.9096,4.4801,39.5697,2.8634,0.9894,-2.357,1.0,-0.1947,-0.0833,-0.278,HOLDING
2019-06-04,8,AEE,CMS,61.0729,46.3325,51.9096,4.4801,39.5697,2.8634,0.9894,-0.6207,1.0,0.1296,-0.0833,0.0463,HOLDING
2019-06-05,8,AEE,CMS,62.4593,47.4625,51.9096,4.4801,39.5697,2.8634,0.9894,-1.6349,1.0,-0.1022,-0.0833,-0.1855,HOLDING
2019-06-06,8,AEE,CMS,62.7792,47.6672,51.9096,4.4801,39.5697,2.8634,0.9894,-1.4411,1.0,-0.1003,-0.0833,-0.1836,HOLDING
2019-06-07,8,AEE,CMS,62.246,47.3233,51.9096,4.4801,39.5697,2.8634,0.9894,-1.3417,1.0,-0.1008,-0.0833,-0.1841,HOLDING
2019-06-10,8,AEE,CMS,62.2788,47.0858,51.9096,4.4801,39.5697,2.8634,0.9894,0.008,0.0,0.0,-0.0147,-0.0147,EXIT
2019-06-11,8,AEE,CMS,61.8537,46.8156,51.9096,4.4801,39.5697,2.8634,0.9894,0.0284,0.0,0.0,-0.0147,-0.0147,HOLD_CASH
2019-06-12,8,AEE,CMS,62.9351,47.4543,51.9096,4.4801,39.5697,2.8634,0.9894,0.4154,0.0,0.0,-0.0147,-0.0147,HOLD_CASH
2019-06-13,8,AEE,CMS,62.9103,47.4543,51.9096,4.4801,39.5697,2.8634,0.9894,0.3796,0.0,0.0,-0.0147,-0.0147,HOLD_CASH
2019-06-14,8,AEE,CMS,63.323,48.1094,51.9096,4.4801,39.5697,2.8634,0.9894,-1.6174,0.0,0.0,-0.0147,-0.0147,HOLD_CASH
2019-06-17,8,AEE,CMS,62.9021,47.7983,51.9096,4.4801,39.5697,2.8634,0.9894,-1.2782,0.0,0.0,-0.0147,-0.0147,HOLD_CASH
2019-06-18,8,AEE,CMS,63.0919,47.5935,51.9096,4.4801,39.5697,2.8634,0.9894,0.5194,0.0,0.0,-0.0147,-0.0147,HOLD_CASH
2019-06-19,8,AEE,CMS,63.4799,48.2241,51.9096,4.4801,39.5697,2.8634,0.9894,-1.3973,0.0,0.0,-0.0147,-0.0147,HOLD_CASH
2019-06-20,8,AEE,CMS,63.8596,48.396,51.9096,4.4801,39.5697,2.8634,0.9894,-0.9126,0.0,0.0,-0.0147,-0.0147,HOLD_CASH
2019-06-21,8,AEE,CMS,63.9339,48.437,51.9096,4.4801,39.5697,2.8634,0.9894,-0.7931,0.0,0.0,-0.0147,-0.0147,HOLD_CASH
2019-06-24,8,AEE,CMS,63.4799,48.3305,51.9096,4.4801,39.5697,2.8634,0.9894,-1.5679,0.0,0.0,-0.0147,-0.0147,HOLD_CASH
2019-06-25,8,AEE,CMS,63.2157,48.2814,51.9096,4.4801,39.5697,2.8634,0.9894,-1.9622,0.0,0.0,-0.0147,-0.0147,HOLD_CASH
2019-06-26,8,AEE,CMS,61.6886,47.1186,51.9096,4.4801,39.5697,2.8634,0.9894,-1.0234,0.0,0.0,-0.0147,-0.0147,HOLD_CASH
2019-06-27,8,AEE,CMS,61.6226,47.094,51.9096,4.4801,39.5697,2.8634,0.9894,-1.02,0.0,0.0,-0.0147,-0.0147,HOLD_CASH
2019-06-28,8,AEE,CMS,62.0023,47.4216,51.9096,4.4801,39.5697,2.8634,0.9894,-1.3113,0.0,0.0,-0.0147,-0.0147,HOLD_CASH
2019-07-01,8,AEE,CMS,62.0848,47.2169,51.9096,4.4801,39.5697,2.8634,0.9894,-0.0414,0.0,0.0,-0.0147,-0.0147,HOLD_CASH
2019-07-02,8,AEE,CMS,62.6544,47.6836,51.9096,4.4801,39.5697,2.8634,0.9894,-0.4714,0.0,0.0,-0.0147,-0.0147,HOLD_CASH
2019-07-03,8,AEE,CMS,63.1662,48.2978,51.9096,4.4801,39.5697,2.8634,0.9894,-1.6956,0.0,0.0,-0.0147,-0.0147,HOLD_CASH
2019-07-05,8,AEE,CMS,63.1084,48.0849,51.9096,4.4801,39.5697,2.8634,0.9894,-0.7944,0.0,0.0,-0.0147,-0.0147,HOLD_CASH
2019-07-08,8,AEE,CMS,63.1249,48.2159,51.9096,4.4801,39.5697,2.8634,0.9894,-1.2291,0.0,0.0,-0.0147,-0.0147,HOLD_CASH
2019-07-09,8,AEE,CMS,63.2405,48.2159,51.9096,4.4801,39.5697,2.8634,0.9894,-0.8097,0.0,0.0,-0.0147,-0.0147,HOLD_CASH
2019-07-10,8,AEE,CMS,63.2735,48.2486,51.9096,4.4801,39.5697,2.8634,0.9894,-0.7835,0.0,0.0,-0.0147,-0.0147,HOLD_CASH
2019-07-11,8,AEE,CMS,63.2983,48.3142,51.9096,4.4801,39.5697,2.8634,0.9894,-0.9715,0.0,0.0,-0.0147,-0.0147,HOLD_CASH
2019-07-12,8,AEE,CMS,62.869,47.9702,51.9096,4.4801,39.5697,2.8634,0.9894,-0.5465,0.0,0.0,-0.0147,-0.0147,HOLD_CASH
2019-07-15,8,AEE,CMS,62.9764,48.003,51.9096,4.4801,39.5697,2.8634,0.9894,-0.2696,0.0,0.0,-0.0147,-0.0147,HOLD_CASH
2019-07-16,8,AEE,CMS,62.9268,47.8228,51.9096,4.4801,39.5697,2.8634,0.9894,0.7086,0.0,0.0,-0.0147,-0.0147,HOLD_CASH
2019-07-17,8,AEE,CMS,63.3478,48.0439,51.9096,4.4801,39.5697,2.8634,0.9894,1.4698,0.0,0.0,-0.0147,-0.0147,HOLD_CASH
2019-07-18,8,AEE,CMS,63.6945,48.4206,51.9096,4.4801,39.5697,2.8634,0.9894,0.1968,0.0,0.0,-0.0147,-0.0147,HOLD_CASH
2019-07-19,8,AEE,CMS,62.7204,47.7082,51.9096,4.4801,39.5697,2.8634,0.9894,0.9572,0.0,0.0,-0.0147,-0.0147,HOLD_CASH
2019-07-22,8,AEE,CMS,62.9681,47.7328,51.9096,4.4801,39.5697,2.8634,0.9894,1.9891,0.0,0.0,-0.0147,-0.0147,HOLD_CASH
2019-07-23,8,AEE,CMS,62.9268,47.7164,51.9096,4.4801,39.5697,2.8634,0.9894,1.6573,0.0,0.0,-0.0147,-0.0147,HOLD_CASH
2019-07-24,8,AEE,CMS,63.0919,47.5035,51.9096,4.4801,39.5697,2.8634,0.9894,2.9153,-1.0,0.0,-0.0981,-0.0981,ENTER_SHORT_A
2019-07-25,8,AEE,CMS,62.9433,47.4625,51.9096,4.4801,39.5697,2.8634,0.9894,2.1293,-1.0,0.052,-0.0981,-0.0461,HOLDING
2019-07-26,8,AEE,CMS,63.224,48.0603,51.9096,4.4801,39.5697,2.8634,0.9894,0.0157,0.0,0.0,0.2632,0.2632,EXIT
2019-07-29,8,AEE,CMS,63.4386,48.4616,51.9096,4.4801,39.5697,2.8634,0.9894,-1.2444,0.0,0.0,0.2632,0.2632,HOLD_CASH
2019-07-30,8,AEE,CMS,62.9103,47.9538,51.9096,4.4801,39.5697,2.8634,0.9894,-0.3807,0.0,0.0,0.2632,0.2632,HOLD_CASH
2019-07-31,8,AEE,CMS,62.481,47.6754,51.9096,4.4801,39.5697,2.8634,0.9894,-0.3487,0.0,0.0,0.2632,0.2632,HOLD_CASH
2019-08-01,8,AEE,CMS,63.2652,48.6259,51.9096,4.4801,39.5697,2.8634,0.9894,-2.2018,1.0,0.0,0.1799,0.1799,ENTER_LONG_A
2019-08-02,8,AEE,CMS,62.5223,48.3868,51.9096,4.4801,39.5697,2.8634,0.9894,-2.5127,1.0,-0.2243,0.1799,-0.0444,HOLDING
2019-08-05,8,AEE,CMS,61.9527,47.9911,51.9096,4.4801,39.5697,2.8634,0.9894,-2.0483,1.0,-0.1985,0.1799,-0.0186,HOLDING
2019-08-06,8,AEE,CMS,61.9115,48.5517,51.9096,4.4801,39.5697,2.8634,0.9894,-2.7912,1.0,-0.7452,0.1799,-0.5654,HOLDING
2019-08-07,8,AEE,CMS,62.0931,48.7248,51.9096,4.4801,39.5697,2.8634,0.9894,-2.3243,1.0,-0.7972,0.1799,-0.6173,HOLDING
2019-08-08,8,AEE,CMS,63.0011,49.5161,51.9096,4.4801,39.5697,2.8634,0.9894,-2.2123,1.0,-0.9878,0.1799,-0.808,HOLDING
2019-08-09,8,AEE,CMS,63.3065,49.7222,51.9096,4.4801,39.5697,2.8634,0.9894,-1.8875,1.0,-0.996,0.1799,-0.8161,HOLDING
2019-08-12,8,AEE,CMS,63.2652,49.409,51.9096,4.4801,39.5697,2.8634,0.9894,-1.3012,1.0,-0.7292,0.1799,-0.5493,HOLDING
2019-08-13,8,AEE,CMS,63.158,49.5326,51.9096,4.4801,39.5697,2.8634,0.9894,-1.4034,1.0,-0.9088,0.1799,-0.729,HOLDING
2019-08-14,8,AEE,CMS,62.1179,49.2688,51.9096,4.4801,39.5697,2.8634,0.9894,-1.7074,1.0,-1.2889,0.1799,-1.109,HOLDING
2019-08-15,8,AEE,CMS,62.5801,50.5053,51.9096,4.4801,39.5697,2.8634,0.9894,-2.3248,1.0,-2.1622,0.1799,-1.9823,HOLDING
2019-08-16,8,AEE,CMS,63.2652,50.4476,51.9096,4.4801,39.5697,2.8634,0.9894,-1.5608,1.0,-1.6963,0.1799,-1.5164,HOLDING
2019-08-19,8,AEE,CMS,63.5377,50.7526,51.9096,4.4801,39.5697,2.8634,0.9894,-1.5044,1.0,-1.8164,0.1799,-1.6365,HOLDING
2019-08-20,8,AEE,CMS,63.2818,50.6619,51.9096,4.4801,39.5697,2.8634,0.9894,-1.4138,1.0,-1.8859,0.1799,-1.706,HOLDING
2019-08-21,8,AEE,CMS,63.4964,51.1565,51.9096,4.4801,39.5697,2.8634,0.9894,-1.5951,1.0,-2.2174,0.1799,-2.0375,HOLDING
2019-08-22,8,AEE,CMS,63.4138,51.2224,51.9096,4.4801,39.5697,2.8634,0.9894,-1.5633,1.0,-2.3284,0.1799,-2.1485,HOLDING
2019-08-23,8,AEE,CMS,62.1839,50.7608,51.9096,4.4801,39.5697,2.8634,0.9894,-1.6893,1.0,-2.6384,0.1799,-2.4586,HOLDING
2019-08-26,8,AEE,CMS,62.6131,51.445,51.9096,4.4801,39.5697,2.8634,0.9894,-1.8234,1.0,-3.0173,0.1799,-2.8374,HOLDING
2019-08-27,8,AEE,CMS,62.5306,51.5686,51.9096,4.4801,39.5697,2.8634,0.9894,-1.7739,1.0,-3.1821,0.1799,-3.0022,HOLDING
2019-08-28,8,AEE,CMS,62.5306,51.4944,51.9096,4.4801,39.5697,2.8634,0.9894,-1.5642,1.0,-3.113,0.1799,-2.9331,HOLDING
2019-08-29,8,AEE,CMS,63.6863,51.9561,51.9096,4.4801,39.5697,2.8634,0.9894,-1.1921,1.0,-2.8477,0.1799,-2.6678,HOLDING
2019-08-30,8,AEE,CMS,63.6863,51.9725,51.9096,4.4801,39.5697,2.8634,0.9894,-1.1071,1.0,-2.863,0.1799,-2.6831,HOLDING
2019-09-03,8,AEE,CMS,64.7924,53.0689,51.9096,4.4801,39.5697,2.8634,0.9894,-1.3714,1.0,-3.2185,0.1799,-3.0386,HOLDING
2019-09-04,8,AEE,CMS,64.7924,53.1513,51.9096,4.4801,39.5697,2.8634,0.9894,-1.3189,1.0,-3.2952,0.1799,-3.1154,HOLDING
2019-09-05,8,AEE,CMS,63.678,52.2611,51.9096,4.4801,39.5697,2.8634,0.9894,-1.0453,1.0,-3.1366,0.1799,-2.9568,HOLDING
2019-09-06,8,AEE,CMS,62.8938,51.7335,51.9096,4.4801,39.5697,2.8634,0.9894,-0.9319,1.0,-3.1171,0.1799,-2.9372,HOLDING
2019-09-09,8,AEE,CMS,62.06,50.6536,51.9096,4.4801,39.5697,2.8634,0.9894,-0.2635,0.0,0.0,-2.5178,-2.5178,EXIT
2019-09-10,8,AEE,CMS,61.6488,50.2745,51.9096,4.4801,39.5697,2.8634,0.9894,-0.0213,0.0,0.0,-2.5178,-2.5178,HOLD_CASH
2019-09-11,8,AEE,CMS,62.114,50.4888,51.9096,4.4801,39.5697,2.8634,0.9894,0.2434,0.0,0.0,-2.5178,-2.5178,HOLD_CASH
2019-09-12,8,AEE,CMS,63.5512,50.802,51.9096,4.4801,39.5697,2.8634,0.9894,1.4091,0.0,0.0,-2.5178,-2.5178,HOLD_CASH
2019-09-13,8,AEE,CMS,63.6343,50.5053,51.9096,4.4801,39.5697,2.8634,0.9894,1.8142,0.0,0.0,-2.5178,-2.5178,HOLD_CASH
2019-09-16,8,AEE,CMS,64.1078,50.6619,51.9096,4.4801,39.5697,2.8634,0.9894,1.9356,0.0,0.0,-2.5178,-2.5178,HOLD_CASH
2019-09-17,8,AEE,CMS,64.4152,51.412,51.9096,4.4801,39.5697,2.8634,0.9894,1.096,0.0,0.0,-2.5178,-2.5178,HOLD_CASH
2019-09-18,8,AEE,CMS,65.1961,51.6263,51.9096,4.4801,39.5697,2.8634,0.9894,1.4856,0.0,0.0,-2.5178,-2.5178,HOLD_CASH
2019-09-19,8,AEE,CMS,65.3456,51.8077,51.9096,4.4801,39.5697,2.8634,0.9894,1.2654,0.0,0.0,-2.5178,-2.5178,HOLD_CASH
2019-09-20,8,AEE,CMS,65.6613,52.022,51.9096,4.4801,39.5697,2.8634,0.9894,1.1596,0.0,0.0,-2.5178,-2.5178,HOLD_CASH
2019-09-23,8,AEE,CMS,65.6031,52.088,51.9096,4.4801,39.5697,2.8634,0.9894,0.9295,0.0,0.0,-2.5178,-2.5178,HOLD_CASH
2019-09-24,8,AEE,CMS,66.0933,52.8298,51.9096,4.4801,39.5697,2.8634,0.9894,0.2884,0.0,0.0,-2.5178,-2.5178,HOLD_CASH
2019-09-25,8,AEE,CMS,66.6748,53.0277,51.9096,4.4801,39.5697,2.8634,0.9894,0.468,0.0,0.0,-2.5178,-2.5178,HOLD_CASH
2019-09-26,8,AEE,CMS,66.7745,53.6129,51.9096,4.4801,39.5697,2.8634,0.9894,-0.3468,0.0,0.0,-2.5178,-2.5178,HOLD_CASH
2019-09-27,8,AEE,CMS,66.4588,52.7639,51.9096,4.4801,39.5697,2.8634,0.9894,0.5591,0.0,0.0,-2.5178,-2.5178,HOLD_CASH
2019-09-30,8,AEE,CMS,66.5003,52.7144,51.9096,4.4801,39.5697,2.8634,0.9894,0.6032,0.0,0.0,-2.5178,-2.5178,HOLD_CASH
2019-10-01,8,AEE,CMS,66.1764,52.8793,51.9096,4.4801,39.5697,2.8634,0.9894,-0.067,0.0,0.0,-2.5178,-2.5178,HOLD_CASH
2019-04-03,9,EQR,UDR,58.5374,35.2284,51.0194,3.5838,30.2173,2.5371,0.9862,0.0,0.0,0.0,0.0,0.0,HOLD_CASH
2019-04-04,9,EQR,UDR,58.452,34.9667,51.0194,3.5838,30.2173,2.5371,0.9862,0.0,0.0,0.0,0.0,0.0,HOLD_CASH
2019-04-05,9,EQR,UDR,58.7082,35.113,51.0194,3.5838,30.2173,2.5371,0.9862,0.0,0.0,0.0,0.0,0.0,HOLD_CASH
2019-04-08,9,EQR,UDR,58.6694,34.9679,51.0194,3.5838,30.2173,2.5371,0.9862,0.0,0.0,0.0,0.0,0.0,HOLD_CASH
2019-04-09,9,EQR,UDR,58.5374,34.999,51.0194,3.5838,30.2173,2.5371,0.9862,0.0,0.0,0.0,0.0,0.0,HOLD_CASH
2019-04-10,9,EQR,UDR,59.2828,35.1773,51.0194,3.5838,30.2173,2.5371,0.9862,0.0,0.0,0.0,0.0,0.0,HOLD_CASH
2019-04-11,9,EQR,UDR,59.5468,35.2704,51.0194,3.5838,30.2173,2.5371,0.9862,0.0,0.0,0.0,0.0,0.0,HOLD_CASH
2019-04-12,9,EQR,UDR,60.1369,35.5186,51.0194,3.5838,30.2173,2.5371,0.9862,0.0,0.0,0.0,0.0,0.0,HOLD_CASH
2019-04-15,9,EQR,UDR,60.2534,35.4643,51.0194,3.5838,30.2173,2.5371,0.9862,0.0,0.0,0.0,0.0,0.0,HOLD_CASH
2019-04-16,9,EQR,UDR,58.8014,34.4949,51.0194,3.5838,30.2173,2.5371,0.9862,0.0,0.0,0.0,0.0,0.0,HOLD_CASH
2019-04-17,9,EQR,UDR,57.6833,33.89,51.0194,3.5838,30.2173,2.5371,0.9862,0.0,0.0,0.0,0.0,0.0,HOLD_CASH
2019-04-18,9,EQR,UDR,58.289,34.301,51.0194,3.5838,30.2173,2.5371,0.9862,0.0,0.0,0.0,0.0,0.0,HOLD_CASH
2019-04-22,9,EQR,UDR,57.5901,33.7426,51.0194,3.5838,30.2173,2.5371,0.9862,0.0,0.0,0.0,0.0,0.0,HOLD_CASH
2019-04-23,9,EQR,UDR,58.2035,34.2002,51.0194,3.5838,30.2173,2.5371,0.9862,0.0,0.0,0.0,0.0,0.0,HOLD_CASH
2019-04-24,9,EQR,UDR,58.5995,34.4794,51.0194,3.5838,30.2173,2.5371,0.9862,0.0,0.0,0.0,0.0,0.0,HOLD_CASH
2019-04-25,9,EQR,UDR,58.9878,34.6577,51.0194,3.5838,30.2173,2.5371,0.9862,0.0,0.0,0.0,0.0,0.0,HOLD_CASH
2019-04-26,9,EQR,UDR,59.1664,34.9214,51.0194,3.5838,30.2173,2.5371,0.9862,0.0,0.0,0.0,0.0,0.0,HOLD_CASH
2019-04-29,9,EQR,UDR,58.4675,34.4251,51.0194,3.5838,30.2173,2.5371,0.9862,0.0,0.0,0.0,0.0,0.0,HOLD_CASH
2019-04-30,9,EQR,UDR,59.3372,34.8594,51.0194,3.5838,30.2173,2.5371,0.9862,0.0,0.0,0.0,0.0,0.0,HOLD_CASH
2019-05-01,9,EQR,UDR,59.4148,34.5104,51.0194,3.5838,30.2173,2.5371,0.9862,2.0463,-1.0,0.0,-0.0833,-0.0833,ENTER_SHORT_A
2019-05-02,9,EQR,UDR,59.3217,34.3243,51.0194,3.5838,30.2173,2.5371,0.9862,2.1629,-1.0,-0.1288,-0.0833,-0.2121,HOLDING
2019-05-03,9,EQR,UDR,59.4692,34.4871,51.0194,3.5838,30.2173,2.5371,0.9862,1.7852,-1.0,-0.0673,-0.0833,-0.1506,HOLDING
2019-05-06,9,EQR,UDR,59.1741,34.4096,51.0194,3.5838,30.2173,2.5371,0.9862,1.2808,-1.0,0.0777,-0.0833,-0.0056,HOLDING
2019-05-07,9,EQR,UDR,58.056,33.7737,51.0194,3.5838,30.2173,2.5371,0.9862,0.6826,-1.0,0.2577,-0.0833,0.1744,HOLDING
2019-05-08,9,EQR,UDR,57.7998,33.8124,51.0194,3.5838,30.2173,2.5371,0.9862,-0.2015,0.0,0.0,0.3336,0.3336,EXIT
2019-05-09,9,EQR,UDR,58.0948,33.8977,51.0194,3.5838,30.2173,2.5371,0.9862,0.2243,0.0,0.0,0.3336,0.3336,HOLD_CASH
2019-05-10,9,EQR,UDR,58.8791,34.4328,51.0194,3.5838,30.2173,2.5371,0.9862,0.2754,0.0,0.0,0.3336,0.3336,HOLD_CASH
2019-05-13,9,EQR,UDR,58.8868,34.4173,51.0194,3.5838,30.2173,2.5371,0.9862,0.3238,0.0,0.0,0.3336,0.3336,HOLD_CASH
2019-05-14,9,EQR,UDR,58.8635,34.4018,51.0194,3.5838,30.2173,2.5371,0.9862,0.3037,0.0,0.0,0.3336,0.3336,HOLD_CASH
2019-05-15,9,EQR,UDR,59.1586,34.6035,51.0194,3.5838,30.2173,2.5371,0.9862,0.3156,0.0,0.0,0.3336,0.3336,HOLD_CASH
2019-05-16,9,EQR,UDR,59.64,34.7818,51.0194,3.5838,30.2173,2.5371,0.9862,0.9404,0.0,0.0,0.3336,0.3336,HOLD_CASH
2019-05-17,9,EQR,UDR,59.4925,34.7973,51.0194,3.5838,30.2173,2.5371,0.9862,0.3409,0.0,0.0,0.3336,0.3336,HOLD_CASH
2019-05-20,9,EQR,UDR,58.817,34.3786,51.0194,3.5838,30.2173,2.5371,0.9862,-0.0164,0.0,0.0,0.3336,0.3336,HOLD_CASH
2019-05-21,9,EQR,UDR,59.2906,34.5957,51.0194,3.5838,30.2173,2.5371,0.9862,0.4895,0.0,0.0,0.3336,0.3336,HOLD_CASH
2019-05-22,9,EQR,UDR,59.508,34.8206,51.0194,3.5838,30.2173,2.5371,0.9862,0.0813,0.0,0.0,0.3336,0.3336,HOLD_CASH
2019-05-23,9,EQR,UDR,59.8729,34.999,51.0194,3.5838,30.2173,2.5371,0.9862,0.4473,0.0,0.0,0.3336,0.3336,HOLD_CASH
2019-05-24,9,EQR,UDR,59.935,35.1386,51.0194,3.5838,30.2173,2.5371,0.9862,-0.1585,0.0,0.0,0.3336,0.3336,HOLD_CASH
2019-05-28,9,EQR,UDR,59.1741,34.8439,51.0194,3.5838,30.2173,2.5371,0.9862,-1.7481,0.0,0.0,0.3336,0.3336,HOLD_CASH
2019-05-29,9,EQR,UDR,58.7548,34.2157,51.0194,3.5838,30.2173,2.5371,0.9862,0.21,0.0,0.0,0.3336,0.3336,HOLD_CASH
2019-05-30,9,EQR,UDR,58.8713,34.2932,51.0194,3.5838,30.2173,2.5371,0.9862,0.32,0.0,0.0,0.3336,0.3336,HOLD_CASH
2019-05-31,9,EQR,UDR,59.4536,34.7275,51.0194,3.5838,30.2173,2.5371,0.9862,0.3717,0.0,0.0,0.3336,0.3336,HOLD_CASH
2019-06-03,9,EQR,UDR,59.1974,34.9137,51.0194,3.5838,30.2173,2.5371,0.9862,-2.3387,1.0,0.0,0.2503,0.2503,ENTER_LONG_A
2019-06-04,9,EQR,UDR,58.6073,34.6035,51.0194,3.5838,30.2173,2.5371,0.9862,-2.5723,1.0,-0.1221,0.2503,0.1282,HOLDING
2019-06-05,9,EQR,UDR,59.9816,35.5728,51.0194,3.5838,30.2173,2.5371,0.9862,-2.0378,1.0,-0.1036,0.2503,0.1467,HOLDING
2019-06-06,9,EQR,UDR,60.4009,35.7512,51.0194,3.5838,30.2173,2.5371,0.9862,-1.2461,1.0,0.0284,0.2503,0.2787,HOLDING
2019-06-07,9,EQR,UDR,60.5485,35.7822,51.0194,3.5838,30.2173,2.5371,0.9862,-0.7563,1.0,0.109,0.2503,0.3593,HOLDING
2019-06-10,9,EQR,UDR,60.432,35.7435,51.0194,3.5838,30.2173,2.5371,0.9862,-0.9364,1.0,0.0607,0.2503,0.311,HOLDING
2019-06-11,9,EQR,UDR,60.4087,35.7047,51.0194,3.5838,30.2173,2.5371,0.9862,-0.7463,1.0,0.0845,0.2503,0.3348,HOLDING
2019-06-12,9,EQR,UDR,60.2922,35.759,51.0194,3.5838,30.2173,2.5371,0.9862,-1.354,1.0,-0.064,0.2503,0.1863,HOLDING
2019-06-13,9,EQR,UDR,60.5096,35.9451,51.0194,3.5838,30.2173,2.5371,0.9862,-1.3495,1.0,-0.0963,0.2503,0.1539,HOLDING
2019-06-14,9,EQR,UDR,60.7659,36.0149,51.0194,3.5838,30.2173,2.5371,0.9862,-0.6924,1.0,0.0265,0.2503,0.2768,HOLDING
2019-06-17,9,EQR,UDR,61.0842,36.2475,51.0194,3.5838,30.2173,2.5371,0.9862,-0.6407,1.0,0.0221,0.2503,0.2724,HOLDING
2019-06-18,9,EQR,UDR,60.6028,35.9218,51.0194,3.5838,30.2173,2.5371,0.9862,-0.6764,1.0,0.0007,0.2503,0.251,HOLDING
2019-06-19,9,EQR,UDR,60.8979,36.0692,51.0194,3.5838,30.2173,2.5371,0.9862,-0.26,0.0,0.0,0.2345,0.2345,EXIT
2019-06-20,9,EQR,UDR,61.2085,36.108,51.0194,3.5838,30.2173,2.5371,0.9862,0.8131,0.0,0.0,0.2345,0.2345,HOLD_CASH
2019-06-21,9,EQR,UDR,60.5873,35.4255,51.0194,3.5838,30.2173,2.5371,0.9862,2.0488,-1.0,0.0,0.1512,0.1512,ENTER_SHORT_A
2019-06-24,9,EQR,UDR,60.7736,35.2937,51.0194,3.5838,30.2173,2.5371,0.9862,2.6977,-1.0,-0.2805,0.1512,-0.1293,HOLDING
2019-06-25,9,EQR,UDR,59.7176,34.9835,51.0194,3.5838,30.2173,2.5371,0.9862,0.6782,-1.0,0.1924,0.1512,0.3436,HOLDING
2019-06-26,9,EQR,UDR,58.7393,34.239,51.0194,3.5838,30.2173,2.5371,0.9862,0.875,-1.0,0.1478,0.1512,0.299,HOLDING
2019-06-27,9,EQR,UDR,59.1524,34.5724,51.0194,3.5838,30.2173,2.5371,0.9862,0.7425,-1.0,0.1869,0.1512,0.338,HOLDING
2019-06-28,9,EQR,UDR,59.3949,34.8128,51.0194,3.5838,30.2173,2.5371,0.9862,0.4875,0.0,0.0,0.3263,0.3263,EXIT
2019-07-01,9,EQR,UDR,59.567,34.9835,51.0194,3.5838,30.2173,2.5371,0.9862,0.2317,0.0,0.0,0.3263,0.3263,HOLD_CASH
2019-07-02,9,EQR,UDR,60.5762,35.4022,51.0194,3.5838,30.2173,2.5371,0.9862,1.4576,0.0,0.0,0.3263,0.3263,HOLD_CASH
2019-07-03,9,EQR,UDR,61.2882,35.8753,51.0194,3.5838,30.2173,2.5371,0.9862,1.4565,0.0,0.0,0.3263,0.3263,HOLD_CASH
2019-07-05,9,EQR,UDR,60.9596,35.6737,51.0194,3.5838,30.2173,2.5371,0.9862,1.175,0.0,0.0,0.3263,0.3263,HOLD_CASH
2019-07-08,9,EQR,UDR,61.6715,36.0382,51.0194,3.5838,30.2173,2.5371,0.9862,1.5791,0.0,0.0,0.3263,0.3263,HOLD_CASH
2019-07-09,9,EQR,UDR,62.0548,36.4468,51.0194,3.5838,30.2173,2.5371,0.9862,0.9434,0.0,0.0,0.3263,0.3263,HOLD_CASH
2019-07-10,9,EQR,UDR,62.2504,36.6577,51.0194,3.5838,30.2173,2.5371,0.9862,0.593,0.0,0.0,0.3263,0.3263,HOLD_CASH
2019-07-11,9,EQR,UDR,62.0314,36.3296,51.0194,3.5838,30.2173,2.5371,0.9862,1.1712,0.0,0.0,0.3263,0.3263,HOLD_CASH
2019-07-12,9,EQR,UDR,61.6871,36.1421,51.0194,3.5838,30.2173,2.5371,0.9862,0.8512,0.0,0.0,0.3263,0.3263,HOLD_CASH
2019-07-15,9,EQR,UDR,61.9062,36.1811,51.0194,3.5838,30.2173,2.5371,0.9862,1.2578,0.0,0.0,0.3263,0.3263,HOLD_CASH
2019-07-16,9,EQR,UDR,61.6871,36.2827,51.0194,3.5838,30.2173,2.5371,0.9862,-0.005,0.0,0.0,0.3263,0.3263,HOLD_CASH
2019-07-17,9,EQR,UDR,61.5228,36.1186,51.0194,3.5838,30.2173,2.5371,0.9862,0.1244,0.0,0.0,0.3263,0.3263,HOLD_CASH
2019-07-18,9,EQR,UDR,61.4837,36.1968,51.0194,3.5838,30.2173,2.5371,0.9862,-0.6415,0.0,0.0,0.3263,0.3263,HOLD_CASH
2019-07-19,9,EQR,UDR,60.3572,35.4936,51.0194,3.5838,30.2173,2.5371,0.9862,-1.329,0.0,0.0,0.3263,0.3263,HOLD_CASH
2019-07-22,9,EQR,UDR,60.1459,35.392,51.0194,3.5838,30.2173,2.5371,0.9862,-1.4675,0.0,0.0,0.3263,0.3263,HOLD_CASH
2019-07-23,9,EQR,UDR,60.9909,35.7671,51.0194,3.5838,30.2173,2.5371,0.9862,0.0468,0.0,0.0,0.3263,0.3263,HOLD_CASH
2019-07-24,9,EQR,UDR,60.5762,35.6655,51.0194,3.5838,30.2173,2.5371,0.9862,-1.2351,0.0,0.0,0.3263,0.3263,HOLD_CASH
2019-07-25,9,EQR,UDR,61.1004,35.8686,51.0194,3.5838,30.2173,2.5371,0.9862,-0.1073,0.0,0.0,0.3263,0.3263,HOLD_CASH
2019-07-26,9,EQR,UDR,61.4603,36.0093,51.0194,3.5838,30.2173,2.5371,0.9862,0.611,0.0,0.0,0.3263,0.3263,HOLD_CASH
2019-07-29,9,EQR,UDR,62.2817,36.3764,51.0194,3.5838,30.2173,2.5371,0.9862,1.8385,0.0,0.0,0.3263,0.3263,HOLD_CASH
2019-07-30,9,EQR,UDR,62.227,36.4077,51.0194,3.5838,30.2173,2.5371,0.9862,1.284,0.0,0.0,0.3263,0.3263,HOLD_CASH
2019-07-31,9,EQR,UDR,61.7184,35.9858,51.0194,3.5838,30.2173,2.5371,0.9862,1.4843,0.0,0.0,0.3263,0.3263,HOLD_CASH
2019-08-01,9,EQR,UDR,62.2582,35.9936,51.0194,3.5838,30.2173,2.5371,0.9862,2.7811,-1.0,0.0,0.2429,0.2429,ENTER_SHORT_A
2019-08-02,9,EQR,UDR,62.9624,36.1421,51.0194,3.5838,30.2173,2.5371,0.9862,3.0012,-1.0,-0.3687,0.2429,-0.1258,HOLDING
2019-08-05,9,EQR,UDR,61.163,35.0014,51.0194,3.5838,30.2173,2.5371,0.9862,2.0816,-1.0,-0.2128,0.2429,0.0302,HOLDING
2019-08-06,9,EQR,UDR,61.914,36.1968,51.0194,3.5838,30.2173,2.5371,0.9862,0.1433,0.0,0.0,0.6247,0.6247,EXIT
2019-08-07,9,EQR,UDR,62.4147,36.1811,51.0194,3.5838,30.2173,2.5371,0.9862,1.1203,0.0,0.0,0.6247,0.6247,HOLD_CASH
2019-08-08,9,EQR,UDR,63.244,36.5093,51.0194,3.5838,30.2173,2.5371,0.9862,1.6429,0.0,0.0,0.6247,0.6247,HOLD_CASH
2019-08-09,9,EQR,UDR,63.5804,36.8062,51.0194,3.5838,30.2173,2.5371,0.9862,1.3389,0.0,0.0,0.6247,0.6247,HOLD_CASH
2019-08-12,9,EQR,UDR,63.5413,37.0952,51.0194,3.5838,30.2173,2.5371,0.9862,0.5117,0.0,0.0,0.6247,0.6247,HOLD_CASH
2019-08-13,9,EQR,UDR,63.2831,36.3764,51.0194,3.5838,30.2173,2.5371,0.9862,1.6036,0.0,0.0,0.6247,0.6247,HOLD_CASH
2019-08-14,9,EQR,UDR,62.446,35.8295,51.0194,3.5838,30.2173,2.5371,0.9862,1.3194,0.0,0.0,0.6247,0.6247,HOLD_CASH
2019-08-15,9,EQR,UDR,63.4865,36.3843,51.0194,3.5838,30.2173,2.5371,0.9862,1.5497,0.0,0.0,0.6247,0.6247,HOLD_CASH
2019-08-16,9,EQR,UDR,63.8699,36.7046,51.0194,3.5838,30.2173,2.5371,0.9862,1.3176,0.0,0.0,0.6247,0.6247,HOLD_CASH
2019-08-19,9,EQR,UDR,64.7539,37.3062,51.0194,3.5838,30.2173,2.5371,0.9862,1.2802,0.0,0.0,0.6247,0.6247,HOLD_CASH
2019-08-20,9,EQR,UDR,64.4957,37.0952,51.0194,3.5838,30.2173,2.5371,0.9862,1.2156,0.0,0.0,0.6247,0.6247,HOLD_CASH
2019-08-21,9,EQR,UDR,64.6444,37.2593,51.0194,3.5838,30.2173,2.5371,0.9862,1.0184,0.0,0.0,0.6247,0.6247,HOLD_CASH
2019-08-22,9,EQR,UDR,64.9338,37.6421,51.0194,3.5838,30.2173,2.5371,0.9862,0.5102,0.0,0.0,0.6247,0.6247,HOLD_CASH
2019-08-23,9,EQR,UDR,64.7383,37.1109,51.0194,3.5838,30.2173,2.5371,0.9862,1.465,0.0,0.0,0.6247,0.6247,HOLD_CASH
2019-08-26,9,EQR,UDR,65.4111,37.2984,51.0194,3.5838,30.2173,2.5371,0.9862,1.9916,0.0,0.0,0.6247,0.6247,HOLD_CASH
2019-08-27,9,EQR,UDR,65.5441,37.1968,51.0194,3.5838,30.2173,2.5371,0.9862,2.1723,-1.0,0.0,0.5413,0.5413,ENTER_SHORT_A
2019-08-28,9,EQR,UDR,65.4267,37.3062,51.0194,3.5838,30.2173,2.5371,0.9862,1.5404,-1.0,0.1915,0.5413,0.7328,HOLDING
2019-08-29,9,EQR,UDR,65.9274,37.5796,51.0194,3.5838,30.2173,2.5371,0.9862,1.5512,-1.0,0.1065,0.5413,0.6478,HOLDING
2019-08-30,9,EQR,UDR,66.3107,37.6421,51.0194,3.5838,30.2173,2.5371,0.9862,1.781,-1.0,-0.1039,0.5413,0.4374,HOLDING
2019-09-03,9,EQR,UDR,67.1165,37.8921,51.0194,3.5838,30.2173,2.5371,0.9862,2.0747,-1.0,-0.4287,0.5413,0.1126,HOLDING
2019-09-04,9,EQR,UDR,67.5077,38.0484,51.0194,3.5838,30.2173,2.5371,0.9862,2.0622,-1.0,-0.5519,0.5413,-0.0106,HOLDING
2019-09-05,9,EQR,UDR,67.273,37.7749,51.0194,3.5838,30.2173,2.5371,0.9862,1.9519,-1.0,-0.6558,0.5413,-0.1144,HOLDING
2019-09-06,9,EQR,UDR,67.9458,38.2281,51.0194,3.5838,30.2173,2.5371,0.9862,1.7396,-1.0,-0.6853,0.5413,-0.144,HOLDING
2019-09-09,9,EQR,UDR,66.5846,37.8375,51.0194,3.5838,30.2173,2.5371,0.9862,0.6756,-1.0,-0.1051,0.5413,0.4362,HOLDING
2019-09-10,9,EQR,UDR,66.076,37.3765,51.0194,3.5838,30.2173,2.5371,0.9862,0.7698,-1.0,-0.2,0.5413,0.3413,HOLDING
2019-09-11,9,EQR,UDR,66.3186,37.3531,51.0194,3.5838,30.2173,2.5371,0.9862,1.0321,-1.0,-0.3954,0.5413,0.146,HOLDING
2019-09-12,9,EQR,UDR,66.7802,37.5249,51.0194,3.5838,30.2173,2.5371,0.9862,1.2102,-1.0,-0.5531,0.5413,-0.0118,HOLDING
2019-09-13,9,EQR,UDR,66.1465,37.189,51.0194,3.5838,30.2173,2.5371,0.9862,0.8911,-1.0,-0.4355,0.5413,0.1059,HOLDING
2019-09-16,9,EQR,UDR,66.5376,37.6343,51.0194,3.5838,30.2173,2.5371,0.9862,0.5013,-1.0,-0.2727,0.5413,0.2686,HOLDING
2019-09-17,9,EQR,UDR,67.1791,37.8999,51.0194,3.5838,30.2173,2.5371,0.9862,0.8094,-1.0,-0.4655,0.5413,0.0759,HOLDING
2019-09-18,9,EQR,UDR,66.7097,37.7437,51.0194,3.5838,30.2173,2.5371,0.9862,0.356,0.0,0.0,0.1699,0.1699,EXIT
2019-09-19,9,EQR,UDR,66.8975,37.6812,51.0194,3.5838,30.2173,2.5371,0.9862,0.7284,0.0,0.0,0.1699,0.1699,HOLD_CASH
2019-09-20,9,EQR,UDR,66.6315,37.4312,51.0194,3.5838,30.2173,2.5371,0.9862,0.8711,0.0,0.0,0.1699,0.1699,HOLD_CASH
2019-09-23,9,EQR,UDR,66.6784,37.5718,51.0194,3.5838,30.2173,2.5371,0.9862,0.4746,0.0,0.0,0.1699,0.1699,HOLD_CASH
2019-09-24,9,EQR,UDR,66.8662,37.5406,51.0194,3.5838,30.2173,2.5371,0.9862,1.0036,0.0,0.0,0.1699,0.1699,HOLD_CASH
2019-09-25,9,EQR,UDR,67.3512,37.5484,51.0194,3.5838,30.2173,2.5371,0.9862,2.0018,-1.0,0.0,0.0866,0.0866,ENTER_SHORT_A
2019-09-26,9,EQR,UDR,67.8754,37.8531,51.0194,3.5838,30.2173,2.5371,0.9862,2.0672,-1.0,-0.0694,0.0866,0.0171,HOLDING
2019-09-27,9,EQR,UDR,67.9211,37.7593,51.0194,3.5838,30.2173,2.5371,0.9862,2.2429,-1.0,-0.1922,0.0866,-0.1056,HOLDING
2019-09-30,9,EQR,UDR,67.929,37.8765,51.0194,3.5838,30.2173,2.5371,0.9862,1.6489,-1.0,-0.084,0.0866,0.0026,HOLDING
2019-10-01,9,EQR,UDR,67.8581,37.7359,51.0194,3.5838,30.2173,2.5371,0.9862,1.7003,-1.0,0.0,-0.1684,-0.1684,PERIOD_END_EXIT
2019-04-03,10,NEE,WEC,39.8367,62.324,35.7986,2.1593,53.8484,4.4823,0.9858,0.0,0.0,0.0,0.0,0.0,HOLD_CASH
2019-04-04,10,NEE,WEC,39.6452,61.972,35.7986,2.1593,53.8484,4.4823,0.9858,0.0,0.0,0.0,0.0,0.0,HOLD_CASH
2019-04-05,10,NEE,WEC,39.9988,62.5719,35.7986,2.1593,53.8484,4.4823,0.9858,0.0,0.0,0.0,0.0,0.0,HOLD_CASH
2019-04-08,10,NEE,WEC,39.6957,61.716,35.7986,2.1593,53.8484,4.4823,0.9858,0.0,0.0,0.0,0.0,0.0,HOLD_CASH
2019-04-09,10,NEE,WEC,39.9209,61.972,35.7986,2.1593,53.8484,4.4823,0.9858,0.0,0.0,0.0,0.0,0.0,HOLD_CASH
2019-04-10,10,NEE,WEC,39.6915,61.548,35.7986,2.1593,53.8484,4.4823,0.9858,0.0,0.0,0.0,0.0,0.0,HOLD_CASH
2019-04-11,10,NEE,WEC,39.9903,61.908,35.7986,2.1593,53.8484,4.4823,0.9858,0.0,0.0,0.0,0.0,0.0,HOLD_CASH
2019-04-12,10,NEE,WEC,40.1608,62.252,35.7986,2.1593,53.8484,4.4823,0.9858,0.0,0.0,0.0,0.0,0.0,HOLD_CASH
2019-04-15,10,NEE,WEC,40.226,62.14,35.7986,2.1593,53.8484,4.4823,0.9858,0.0,0.0,0.0,0.0,0.0,HOLD_CASH
2019-04-16,10,NEE,WEC,39.8809,61.164,35.7986,2.1593,53.8484,4.4823,0.9858,0.0,0.0,0.0,0.0,0.0,HOLD_CASH
2019-04-17,10,NEE,WEC,39.9083,61.132,35.7986,2.1593,53.8484,4.4823,0.9858,0.0,0.0,0.0,0.0,0.0,HOLD_CASH
2019-04-18,10,NEE,WEC,39.8473,61.0281,35.7986,2.1593,53.8484,4.4823,0.9858,0.0,0.0,0.0,0.0,0.0,HOLD_CASH
2019-04-22,10,NEE,WEC,40.0619,61.1,35.7986,2.1593,53.8484,4.4823,0.9858,0.0,0.0,0.0,0.0,0.0,HOLD_CASH
2019-04-23,10,NEE,WEC,39.9377,61.396,35.7986,2.1593,53.8484,4.4823,0.9858,0.0,0.0,0.0,0.0,0.0,HOLD_CASH
2019-04-24,10,NEE,WEC,39.9946,61.636,35.7986,2.1593,53.8484,4.4823,0.9858,0.0,0.0,0.0,0.0,0.0,HOLD_CASH
2019-04-25,10,NEE,WEC,40.0829,62.236,35.7986,2.1593,53.8484,4.4823,0.9858,0.0,0.0,0.0,0.0,0.0,HOLD_CASH
2019-04-26,10,NEE,WEC,40.3418,62.108,35.7986,2.1593,53.8484,4.4823,0.9858,0.0,0.0,0.0,0.0,0.0,HOLD_CASH
2019-04-29,10,NEE,WEC,40.3544,61.548,35.7986,2.1593,53.8484,4.4823,0.9858,0.0,0.0,0.0,0.0,0.0,HOLD_CASH
2019-04-30,10,NEE,WEC,40.9162,62.74,35.7986,2.1593,53.8484,4.4823,0.9858,0.0,0.0,0.0,0.0,0.0,HOLD_CASH
2019-05-01,10,NEE,WEC,40.67,62.116,35.7986,2.1593,53.8484,4.4823,0.9858,1.6034,0.0,0.0,0.0,0.0,HOLD_CASH
2019-05-02,10,NEE,WEC,40.3439,62.084,35.7986,2.1593,53.8484,4.4823,0.9858,0.4816,0.0,0.0,0.0,0.0,HOLD_CASH
2019-05-03,10,NEE,WEC,40.4891,62.6439,35.7986,2.1593,53.8484,4.4823,0.9858,-0.0504,0.0,0.0,0.0,0.0,HOLD_CASH
2019-05-06,10,NEE,WEC,40.1713,62.4759,35.7986,2.1593,53.8484,4.4823,0.9858,-1.1165,0.0,0.0,0.0,0.0,HOLD_CASH
2019-05-07,10,NEE,WEC,39.9293,62.6839,35.7986,2.1593,53.8484,4.4823,0.9858,-2.2936,1.0,0.0,-0.0833,-0.0833,ENTER_LONG_A
2019-05-08,10,NEE,WEC,39.5358,61.916,35.7986,2.1593,53.8484,4.4823,0.9858,-2.0933,1.0,-0.0345,-0.0833,-0.1178,HOLDING
2019-05-09,10,NEE,WEC,39.6894,61.972,35.7986,2.1593,53.8484,4.4823,0.9858,-1.5442,1.0,0.1174,-0.0833,0.0341,HOLDING
2019-05-10,10,NEE,WEC,40.3523,63.3639,35.7986,2.1593,53.8484,4.4823,0.9858,-1.4073,1.0,0.1196,-0.0833,0.0363,HOLDING
2019-05-13,10,NEE,WEC,41.0194,64.3633,35.7986,2.1593,53.8484,4.4823,0.9858,-0.7675,1.0,0.3497,-0.0833,0.2664,HOLDING
2019-05-14,10,NEE,WEC,41.013,64.0893,35.7986,2.1593,53.8484,4.4823,0.9858,-0.3595,0.0,0.0,0.329,0.329,EXIT
2019-05-15,10,NEE,WEC,41.0046,64.186,35.7986,2.1593,53.8484,4.4823,0.9858,-0.4792,0.0,0.0,0.329,0.329,HOLD_CASH
2019-05-16,10,NEE,WEC,41.4781,64.6776,35.7986,2.1593,53.8484,4.4823,0.9858,0.284,0.0,0.0,0.329,0.329,HOLD_CASH
2019-05-17,10,NEE,WEC,41.8716,65.2015,35.7986,2.1593,53.8484,4.4823,0.9858,0.726,0.0,0.0,0.329,0.329,HOLD_CASH
2019-05-20,10,NEE,WEC,41.9495,65.4996,35.7986,2.1593,53.8484,4.4823,0.9858,0.5757,0.0,0.0,0.329,0.329,HOLD_CASH
2019-05-21,10,NEE,WEC,41.8548,65.1692,35.7986,2.1593,53.8484,4.4823,0.9858,0.746,0.0,0.0,0.329,0.329,HOLD_CASH
2019-05-22,10,NEE,WEC,42.4924,65.8946,35.7986,2.1593,53.8484,4.4823,0.9858,1.4967,0.0,0.0,0.329,0.329,HOLD_CASH
2019-05-23,10,NEE,WEC,42.8291,66.2734,35.7986,2.1593,53.8484,4.4823,0.9858,1.697,0.0,0.0,0.329,0.329,HOLD_CASH
2019-05-24,10,NEE,WEC,42.7954,66.4184,35.7986,2.1593,53.8484,4.4823,0.9858,1.2991,0.0,0.0,0.329,0.329,HOLD_CASH
2019-05-28,10,NEE,WEC,42.3324,65.5641,35.7986,2.1593,53.8484,4.4823,0.9858,1.1289,0.0,0.0,0.329,0.329,HOLD_CASH
2019-05-29,10,NEE,WEC,41.8169,64.7179,35.7986,2.1593,53.8484,4.4823,0.9858,0.8441,0.0,0.0,0.329,0.329,HOLD_CASH
2019-05-30,10,NEE,WEC,41.8632,64.5003,35.7986,2.1593,53.8484,4.4823,0.9858,1.2132,0.0,0.0,0.329,0.329,HOLD_CASH
2019-05-31,10,NEE,WEC,41.9733,64.9194,35.7986,2.1593,53.8484,4.4823,0.9858,0.927,0.0,0.0,0.329,0.329,HOLD_CASH
2019-06-03,10,NEE,WEC,42.2634,65.7334,35.7986,2.1593,53.8484,4.4823,0.9858,0.6387,0.0,0.0,0.329,0.329,HOLD_CASH
2019-06-04,10,NEE,WEC,42.2211,65.5158,35.7986,2.1593,53.8484,4.4823,0.9858,0.715,0.0,0.0,0.329,0.329,HOLD_CASH
2019-06-05,10,NEE,WEC,43.337,66.9181,35.7986,2.1593,53.8484,4.4823,0.9858,1.6571,0.0,0.0,0.329,0.329,HOLD_CASH
2019-06-06,10,NEE,WEC,43.5721,67.3614,35.7986,2.1593,53.8484,4.4823,0.9858,1.5906,0.0,0.0,0.329,0.329,HOLD_CASH
2019-06-07,10,NEE,WEC,43.282,66.8617,35.7986,2.1593,53.8484,4.4823,0.9858,1.353,0.0,0.0,0.329,0.329,HOLD_CASH
2019-06-10,10,NEE,WEC,43.0766,66.6844,35.7986,2.1593,53.8484,4.4823,0.9858,0.9713,0.0,0.0,0.329,0.329,HOLD_CASH
2019-06-11,10,NEE,WEC,42.7695,66.1041,35.7986,2.1593,53.8484,4.4823,0.9858,0.8095,0.0,0.0,0.329,0.329,HOLD_CASH
2019-06-12,10,NEE,WEC,43.3159,67.1841,35.7986,2.1593,53.8484,4.4823,0.9858,0.8477,0.0,0.0,0.329,0.329,HOLD_CASH
2019-06-13,10,NEE,WEC,43.3625,67.3856,35.7986,2.1593,53.8484,4.4823,0.9858,0.6176,0.0,0.0,0.329,0.329,HOLD_CASH
2019-06-14,10,NEE,WEC,43.8262,67.9498,35.7986,2.1593,53.8484,4.4823,0.9858,1.3425,0.0,0.0,0.329,0.329,HOLD_CASH
2019-06-17,10,NEE,WEC,43.7013,67.8047,35.7986,2.1593,53.8484,4.4823,0.9858,1.0037,0.0,0.0,0.329,0.329,HOLD_CASH
2019-06-18,10,NEE,WEC,43.5001,67.9014,35.7986,2.1593,53.8484,4.4823,0.9858,-0.2562,0.0,0.0,0.329,0.329,HOLD_CASH
2019-06-19,10,NEE,WEC,43.6738,68.4575,35.7986,2.1593,53.8484,4.4823,0.9858,-0.8895,0.0,0.0,0.329,0.329,HOLD_CASH
2019-06-20,10,NEE,WEC,43.7034,68.8202,35.7986,2.1593,53.8484,4.4823,0.9858,-1.5713,0.0,0.0,0.329,0.329,HOLD_CASH
2019-06-21,10,NEE,WEC,43.9511,68.8444,35.7986,2.1593,53.8484,4.4823,0.9858,-0.2469,0.0,0.0,0.329,0.329,HOLD_CASH
2019-06-24,10,NEE,WEC,44.0888,68.7154,35.7986,2.1593,53.8484,4.4823,0.9858,0.778,0.0,0.0,0.329,0.329,HOLD_CASH
2019-06-25,10,NEE,WEC,43.6695,68.4575,35.7986,2.1593,53.8484,4.4823,0.9858,-0.8116,0.0,0.0,0.329,0.329,HOLD_CASH
2019-06-26,10,NEE,WEC,43.0025,67.1599,35.7986,2.1593,53.8484,4.4823,0.9858,-1.1009,0.0,0.0,0.329,0.329,HOLD_CASH
2019-06-27,10,NEE,WEC,43.3159,66.9584,35.7986,2.1593,53.8484,4.4823,0.9858,1.0127,0.0,0.0,0.329,0.329,HOLD_CASH
2019-06-28,10,NEE,WEC,43.3815,67.1922,35.7986,2.1593,53.8484,4.4823,0.9858,0.6949,0.0,0.0,0.329,0.329,HOLD_CASH
2019-07-01,10,NEE,WEC,43.2036,66.9987,35.7986,2.1593,53.8484,4.4823,0.9858,0.1544,0.0,0.0,0.329,0.329,HOLD_CASH
2019-07-02,10,NEE,WEC,43.9745,67.9014,35.7986,2.1593,53.8484,4.4823,0.9858,1.8635,0.0,0.0,0.329,0.329,HOLD_CASH
2019-07-03,10,NEE,WEC,44.201,68.6106,35.7986,2.1593,53.8484,4.4823,0.9858,1.2162,0.0,0.0,0.329,0.329,HOLD_CASH
2019-07-05,10,NEE,WEC,44.0697,68.522,35.7986,2.1593,53.8484,4.4823,0.9858,0.7581,0.0,0.0,0.329,0.329,HOLD_CASH
2019-07-08,10,NEE,WEC,44.2857,68.7396,35.7986,2.1593,53.8484,4.4823,0.9858,1.302,0.0,0.0,0.329,0.329,HOLD_CASH
2019-07-09,10,NEE,WEC,44.0803,69.07,35.7986,2.1593,53.8484,4.4823,0.9858,-0.5824,0.0,0.0,0.329,0.329,HOLD_CASH
2019-07-10,10,NEE,WEC,44.3599,69.4166,35.7986,2.1593,53.8484,4.4823,0.9858,0.0178,0.0,0.0,0.329,0.329,HOLD_CASH
2019-07-11,10,NEE,WEC,44.5547,69.4085,35.7986,2.1593,53.8484,4.4823,0.9858,0.9875,0.0,0.0,0.329,0.329,HOLD_CASH
2019-07-12,10,NEE,WEC,44.201,68.8847,35.7986,2.1593,53.8484,4.4823,0.9858,0.4168,0.0,0.0,0.329,0.329,HOLD_CASH
2019-07-15,10,NEE,WEC,44.2264,69.5939,35.7986,2.1593,53.8484,4.4823,0.9858,-1.0578,0.0,0.0,0.329,0.329,HOLD_CASH
2019-07-16,10,NEE,WEC,44.021,69.4246,35.7986,2.1593,53.8484,4.4823,0.9858,-1.4869,0.0,0.0,0.329,0.329,HOLD_CASH
2019-07-17,10,NEE,WEC,44.4509,70.0372,35.7986,2.1593,53.8484,4.4823,0.9858,-0.8035,0.0,0.0,0.329,0.329,HOLD_CASH
2019-07-18,10,NEE,WEC,44.9697,70.8028,35.7986,2.1593,53.8484,4.4823,0.9858,-0.12,0.0,0.0,0.329,0.329,HOLD_CASH
2019-07-19,10,NEE,WEC,44.4128,69.5617,35.7986,2.1593,53.8484,4.4823,0.9858,-0.054,0.0,0.0,0.329,0.329,HOLD_CASH
2019-07-22,10,NEE,WEC,44.3344,69.5375,35.7986,2.1593,53.8484,4.4823,0.9858,-0.4223,0.0,0.0,0.329,0.329,HOLD_CASH
2019-07-23,10,NEE,WEC,43.8982,69.1184,35.7986,2.1593,53.8484,4.4823,0.9858,-1.4811,0.0,0.0,0.329,0.329,HOLD_CASH
2019-07-24,10,NEE,WEC,44.4827,69.1506,35.7986,2.1593,53.8484,4.4823,0.9858,1.2144,0.0,0.0,0.329,0.329,HOLD_CASH
2019-07-25,10,NEE,WEC,43.9681,69.199,35.7986,2.1593,53.8484,4.4823,0.9858,-1.4268,0.0,0.0,0.329,0.329,HOLD_CASH
2019-07-26,10,NEE,WEC,44.2942,69.8437,35.7986,2.1593,53.8484,4.4823,0.9858,-1.1948,0.0,0.0,0.329,0.329,HOLD_CASH
2019-07-29,10,NEE,WEC,44.7622,70.5207,35.7986,2.1593,53.8484,4.4823,0.9858,-0.4498,0.0,0.0,0.329,0.329,HOLD_CASH
2019-07-30,10,NEE,WEC,44.3408,69.8437,35.7986,2.1593,53.8484,4.4823,0.9858,-0.8568,0.0,0.0,0.329,0.329,HOLD_CASH
2019-07-31,10,NEE,WEC,43.8707,68.8766,35.7986,2.1593,53.8484,4.4823,0.9858,-0.8329,0.0,0.0,0.329,0.329,HOLD_CASH
2019-08-01,10,NEE,WEC,44.525,70.2628,35.7986,2.1593,53.8484,4.4823,0.9858,-0.7718,0.0,0.0,0.329,0.329,HOLD_CASH
2019-08-02,10,NEE,WEC,44.7686,69.7632,35.7986,2.1593,53.8484,4.4823,0.9858,1.6519,0.0,0.0,0.329,0.329,HOLD_CASH
2019-08-05,10,NEE,WEC,44.057,70.1419,35.7986,2.1593,53.8484,4.4823,0.9858,-2.359,1.0,0.0,0.2457,0.2457,ENTER_LONG_A
2019-08-06,10,NEE,WEC,44.7664,70.8351,35.7986,2.1593,53.8484,4.4823,0.9858,-0.5883,1.0,0.4096,0.2457,0.6553,HOLDING
2019-08-07,10,NEE,WEC,45.0777,71.1252,35.7986,2.1593,53.8484,4.4823,0.9858,0.2167,0.0,0.0,0.7572,0.7572,EXIT
2019-08-08,10,NEE,WEC,45.5754,71.9714,35.7986,2.1593,53.8484,4.4823,0.9858,0.7371,0.0,0.0,0.7572,0.7572,HOLD_CASH
2019-08-09,10,NEE,WEC,45.8422,72.4308,35.7986,2.1593,53.8484,4.4823,0.9858,0.9931,0.0,0.0,0.7572,0.7572,HOLD_CASH
2019-08-12,10,NEE,WEC,45.6241,72.5275,35.7986,2.1593,53.8484,4.4823,0.9858,-0.2933,0.0,0.0,0.7572,0.7572,HOLD_CASH
2019-08-13,10,NEE,WEC,45.6601,72.7466,35.7986,2.1593,53.8484,4.4823,0.9858,-0.6475,0.0,0.0,0.7572,0.7572,HOLD_CASH
2019-08-14,10,NEE,WEC,45.5203,72.1138,35.7986,2.1593,53.8484,4.4823,0.9858,0.1246,0.0,0.0,0.7572,0.7572,HOLD_CASH
2019-08-15,10,NEE,WEC,45.9841,73.5741,35.7986,2.1593,53.8484,4.4823,0.9858,-0.9189,0.0,0.0,0.7572,0.7572,HOLD_CASH
2019-08-16,10,NEE,WEC,46.0645,73.3713,35.7986,2.1593,53.8484,4.4823,0.9858,-0.0233,0.0,0.0,0.7572,0.7572,HOLD_CASH
2019-08-19,10,NEE,WEC,46.3674,74.1176,35.7986,2.1593,53.8484,4.4823,0.9858,-0.2431,0.0,0.0,0.7572,0.7572,HOLD_CASH
2019-08-20,10,NEE,WEC,46.4034,74.4827,35.7986,2.1593,53.8484,4.4823,0.9858,-0.9027,0.0,0.0,0.7572,0.7572,HOLD_CASH
2019-08-21,10,NEE,WEC,46.8544,75.2372,35.7986,2.1593,53.8484,4.4823,0.9858,-0.3684,0.0,0.0,0.7572,0.7572,HOLD_CASH
2019-08-22,10,NEE,WEC,46.9306,75.5617,35.7986,2.1593,53.8484,4.4823,0.9858,-0.7793,0.0,0.0,0.7572,0.7572,HOLD_CASH
2019-08-23,10,NEE,WEC,46.9899,75.1155,35.7986,2.1593,53.8484,4.4823,0.9858,0.6632,0.0,0.0,0.7572,0.7572,HOLD_CASH
2019-08-26,10,NEE,WEC,47.3542,76.4703,35.7986,2.1593,53.8484,4.4823,0.9858,-0.7942,0.0,0.0,0.7572,0.7572,HOLD_CASH
2019-08-27,10,NEE,WEC,47.4368,77.3222,35.7986,2.1593,53.8484,4.4823,0.9858,-2.0994,1.0,0.0,0.6739,0.6739,ENTER_LONG_A
2019-08-28,10,NEE,WEC,47.1024,77.1599,35.7986,2.1593,53.8484,4.4823,0.9858,-2.5281,1.0,-0.2547,0.6739,0.4191,HOLDING
2019-08-29,10,NEE,WEC,47.0875,77.8252,35.7986,2.1593,53.8484,4.4823,0.9858,-2.7407,1.0,-0.5824,0.6739,0.0915,HOLDING
2019-08-30,10,NEE,WEC,46.6531,77.6954,35.7986,2.1593,53.8484,4.4823,0.9858,-2.8485,1.0,-0.9515,0.6739,-0.2776,HOLDING
2019-09-03,10,NEE,WEC,48.033,79.2854,35.7986,2.1593,53.8484,4.4823,0.9858,-1.3002,1.0,-0.3328,0.6739,0.3411,HOLDING
2019-09-04,10,NEE,WEC,47.7264,79.2205,35.7986,2.1593,53.8484,4.4823,0.9858,-1.6637,1.0,-0.6059,0.6739,0.0679,HOLDING
2019-09-05,10,NEE,WEC,46.8085,77.3384,35.7986,2.1593,53.8484,4.4823,0.9858,-1.5107,1.0,-0.6297,0.6739,0.0442,HOLDING
2019-09-06,10,NEE,WEC,46.8788,75.5536,35.7986,2.1593,53.8484,4.4823,0.9858,0.3374,0.0,0.0,0.8711,0.8711,EXIT
2019-09-09,10,NEE,WEC,46.8256,73.3956,35.7986,2.1593,53.8484,4.4823,0.9858,2.055,-1.0,0.0,0.7878,0.7878,ENTER_SHORT_A
2019-09-10,10,NEE,WEC,46.4487,73.2577,35.7986,2.1593,53.8484,4.4823,0.9858,1.3722,-1.0,0.3177,0.7878,1.1055,HOLDING
2019-09-11,10,NEE,WEC,46.8618,74.0446,35.7986,2.1593,53.8484,4.4823,0.9858,1.3268,-1.0,0.2775,0.7878,1.0653,HOLDING
2019-09-12,10,NEE,WEC,47.0066,74.2718,35.7986,2.1593,53.8484,4.4823,0.9858,1.299,-1.0,0.2398,0.7878,1.0276,HOLDING
2019-09-13,10,NEE,WEC,46.5275,73.9554,35.7986,2.1593,53.8484,4.4823,0.9858,0.7261,-1.0,0.5754,0.7878,1.3632,HOLDING
2019-09-16,10,NEE,WEC,46.4891,74.0771,35.7986,2.1593,53.8484,4.4823,0.9858,0.5632,-1.0,0.6734,0.7878,1.4612,HOLDING
2019-09-17,10,NEE,WEC,47.3218,75.2859,35.7986,2.1593,53.8484,4.4823,0.9858,0.9237,-1.0,0.4096,0.7878,1.1974,HOLDING
2019-09-18,10,NEE,WEC,47.6795,75.5698,35.7986,2.1593,53.8484,4.4823,0.9858,1.1658,-1.0,0.1822,0.7878,0.97,HOLDING
2019-09-19,10,NEE,WEC,47.8925,75.8375,35.7986,2.1593,53.8484,4.4823,0.9858,1.1895,-1.0,0.0946,0.7878,0.8824,HOLDING
2019-09-20,10,NEE,WEC,48.0671,76.016,35.7986,2.1593,53.8484,4.4823,0.9858,1.2015,-1.0,0.003,0.7878,0.7907,HOLDING
2019-09-23,10,NEE,WEC,47.9734,76.2269,35.7986,2.1593,53.8484,4.4823,0.9858,0.8845,-1.0,0.2007,0.7878,0.9885,HOLDING
2019-09-24,10,NEE,WEC,48.6612,77.0707,35.7986,2.1593,53.8484,4.4823,0.9858,1.1592,-1.0,-0.0922,0.7878,0.6956,HOLDING
2019-09-25,10,NEE,WEC,48.8444,77.3546,35.7986,2.1593,53.8484,4.4823,0.9858,1.1034,-1.0,-0.1415,0.7878,0.6463,HOLDING
2019-09-26,10,NEE,WEC,49.3448,77.8008,35.7986,2.1593,53.8484,4.4823,0.9858,1.3175,-1.0,-0.4358,0.7878,0.3519,HOLDING
2019-09-27,10,NEE,WEC,49.2468,76.9652,35.7986,2.1593,53.8484,4.4823,0.9858,1.5266,-1.0,-0.7407,0.7878,0.047,HOLDING
2019-09-30,10,NEE,WEC,49.6152,77.1518,35.7986,2.1593,53.8484,4.4823,0.9858,1.7598,-1.0,-1.0262,0.7878,-0.2384,HOLDING
2019-10-01,10,NEE,WEC,49.4108,77.2248,35.7986,2.1593,53.8484,4.4823,0.9858,1.3304,-1.0,0.0,-0.0823,-0.0823,PERIOD_END_EXIT
2019-04-03,11,AVB,UDR,160.5459,35.2284,139.2833,9.7624,30.2173,2.5371,0.9853,0.0,0.0,0.0,0.0,0.0,HOLD_CASH
2019-04-04,11,AVB,UDR,160.0461,34.9667,139.2833,9.7624,30.2173,2.5371,0.9853,0.0,0.0,0.0,0.0,0.0,HOLD_CASH
2019-04-05,11,AVB,UDR,160.4031,35.113,139.2833,9.7624,30.2173,2.5371,0.9853,0.0,0.0,0.0,0.0,0.0,HOLD_CASH
2019-04-08,11,AVB,UDR,159.8716,34.9679,139.2833,9.7624,30.2173,2.5371,0.9853,0.0,0.0,0.0,0.0,0.0,HOLD_CASH
2019-04-09,11,AVB,UDR,159.1496,34.999,139.2833,9.7624,30.2173,2.5371,0.9853,0.0,0.0,0.0,0.0,0.0,HOLD_CASH
2019-04-10,11,AVB,UDR,160.4191,35.1773,139.2833,9.7624,30.2173,2.5371,0.9853,0.0,0.0,0.0,0.0,0.0,HOLD_CASH
2019-04-11,11,AVB,UDR,161.1727,35.2704,139.2833,9.7624,30.2173,2.5371,0.9853,0.0,0.0,0.0,0.0,0.0,HOLD_CASH
2019-04-12,11,AVB,UDR,161.9105,35.5186,139.2833,9.7624,30.2173,2.5371,0.9853,0.0,0.0,0.0,0.0,0.0,HOLD_CASH
2019-04-15,11,AVB,UDR,161.9502,35.4643,139.2833,9.7624,30.2173,2.5371,0.9853,0.0,0.0,0.0,0.0,0.0,HOLD_CASH
2019-04-16,11,AVB,UDR,157.0393,34.4949,139.2833,9.7624,30.2173,2.5371,0.9853,0.0,0.0,0.0,0.0,0.0,HOLD_CASH
2019-04-17,11,AVB,UDR,153.7785,33.89,139.2833,9.7624,30.2173,2.5371,0.9853,0.0,0.0,0.0,0.0,0.0,HOLD_CASH
2019-04-18,11,AVB,UDR,155.6192,34.301,139.2833,9.7624,30.2173,2.5371,0.9853,0.0,0.0,0.0,0.0,0.0,HOLD_CASH
2019-04-22,11,AVB,UDR,153.6357,33.7426,139.2833,9.7624,30.2173,2.5371,0.9853,0.0,0.0,0.0,0.0,0.0,HOLD_CASH
2019-04-23,11,AVB,UDR,155.7064,34.2002,139.2833,9.7624,30.2173,2.5371,0.9853,0.0,0.0,0.0,0.0,0.0,HOLD_CASH
2019-04-24,11,AVB,UDR,157.2138,34.4794,139.2833,9.7624,30.2173,2.5371,0.9853,0.0,0.0,0.0,0.0,0.0,HOLD_CASH
2019-04-25,11,AVB,UDR,158.634,34.6577,139.2833,9.7624,30.2173,2.5371,0.9853,0.0,0.0,0.0,0.0,0.0,HOLD_CASH
2019-04-26,11,AVB,UDR,159.0861,34.9214,139.2833,9.7624,30.2173,2.5371,0.9853,0.0,0.0,0.0,0.0,0.0,HOLD_CASH
2019-04-29,11,AVB,UDR,157.0948,34.4251,139.2833,9.7624,30.2173,2.5371,0.9853,0.0,0.0,0.0,0.0,0.0,HOLD_CASH
2019-04-30,11,AVB,UDR,159.4115,34.8594,139.2833,9.7624,30.2173,2.5371,0.9853,0.0,0.0,0.0,0.0,0.0,HOLD_CASH
2019-05-01,11,AVB,UDR,159.5938,34.5104,139.2833,9.7624,30.2173,2.5371,0.9853,2.3768,-1.0,0.0,-0.0833,-0.0833,ENTER_SHORT_A
2019-05-02,11,AVB,UDR,159.816,34.3243,139.2833,9.7624,30.2173,2.5371,0.9853,2.6354,-1.0,-0.2662,-0.0833,-0.3496,HOLDING
2019-05-03,11,AVB,UDR,160.3872,34.4871,139.2833,9.7624,30.2173,2.5371,0.9853,2.1565,-1.0,-0.253,-0.0833,-0.3363,HOLDING
2019-05-06,11,AVB,UDR,159.1258,34.4096,139.2833,9.7624,30.2173,2.5371,0.9853,1.23,-1.0,0.0246,-0.0833,-0.0587,HOLDING
2019-05-07,11,AVB,UDR,156.1269,33.7737,139.2833,9.7624,30.2173,2.5371,0.9853,0.7143,-1.0,0.1933,-0.0833,0.11,HOLDING
2019-05-08,11,AVB,UDR,155.8571,33.8124,139.2833,9.7624,30.2173,2.5371,0.9853,0.3371,0.0,0.0,0.1481,0.1481,EXIT
2019-05-09,11,AVB,UDR,157.5074,33.8977,139.2833,9.7624,30.2173,2.5371,0.9853,1.2621,0.0,0.0,0.1481,0.1481,HOLD_CASH
2019-05-10,11,AVB,UDR,159.2369,34.4328,139.2833,9.7624,30.2173,2.5371,0.9853,0.9606,0.0,0.0,0.1481,0.1481,HOLD_CASH
2019-05-13,11,AVB,UDR,159.1814,34.4173,139.2833,9.7624,30.2173,2.5371,0.9853,0.8894,0.0,0.0,0.1481,0.1481,HOLD_CASH
2019-05-14,11,AVB,UDR,158.4753,34.4018,139.2833,9.7624,30.2173,2.5371,0.9853,0.396,0.0,0.0,0.1481,0.1481,HOLD_CASH
2019-05-15,11,AVB,UDR,159.229,34.6035,139.2833,9.7624,30.2173,2.5371,0.9853,0.3303,0.0,0.0,0.1481,0.1481,HOLD_CASH
2019-05-16,11,AVB,UDR,160.8633,34.7818,139.2833,9.7624,30.2173,2.5371,0.9853,0.9591,0.0,0.0,0.1481,0.1481,HOLD_CASH
2019-05-17,11,AVB,UDR,161.1647,34.7973,139.2833,9.7624,30.2173,2.5371,0.9853,1.0664,0.0,0.0,0.1481,0.1481,HOLD_CASH
2019-05-20,11,AVB,UDR,159.1099,34.3786,139.2833,9.7624,30.2173,2.5371,0.9853,0.6059,0.0,0.0,0.1481,0.1481,HOLD_CASH
2019-05-21,11,AVB,UDR,160.4269,34.5957,139.2833,9.7624,30.2173,2.5371,0.9853,0.9919,0.0,0.0,0.1481,0.1481,HOLD_CASH
2019-05-22,11,AVB,UDR,161.2996,34.8206,139.2833,9.7624,30.2173,2.5371,0.9853,0.9372,0.0,0.0,0.1481,0.1481,HOLD_CASH
2019-05-23,11,AVB,UDR,161.6408,34.999,139.2833,9.7624,30.2173,2.5371,0.9853,0.5042,0.0,0.0,0.1481,0.1481,HOLD_CASH
2019-05-24,11,AVB,UDR,162.8626,35.1386,139.2833,9.7624,30.2173,2.5371,0.9853,1.2138,0.0,0.0,0.1481,0.1481,HOLD_CASH
2019-05-28,11,AVB,UDR,160.8236,34.8439,139.2833,9.7624,30.2173,2.5371,0.9853,-0.0499,0.0,0.0,0.1481,0.1481,HOLD_CASH
2019-05-29,11,AVB,UDR,159.7129,34.2157,139.2833,9.7624,30.2173,2.5371,0.9853,1.79,0.0,0.0,0.1481,0.1481,HOLD_CASH
2019-05-30,11,AVB,UDR,159.7764,34.2932,139.2833,9.7624,30.2173,2.5371,0.9853,1.2738,0.0,0.0,0.1481,0.1481,HOLD_CASH
2019-05-31,11,AVB,UDR,161.0617,34.7275,139.2833,9.7624,30.2173,2.5371,0.9853,0.7512,0.0,0.0,0.1481,0.1481,HOLD_CASH
2019-06-03,11,AVB,UDR,161.7201,34.9137,139.2833,9.7624,30.2173,2.5371,0.9853,0.7144,0.0,0.0,0.1481,0.1481,HOLD_CASH
2019-06-04,11,AVB,UDR,160.2603,34.6035,139.2833,9.7624,30.2173,2.5371,0.9853,0.2219,0.0,0.0,0.1481,0.1481,HOLD_CASH
2019-06-05,11,AVB,UDR,164.8302,35.5728,139.2833,9.7624,30.2173,2.5371,0.9853,1.509,0.0,0.0,0.1481,0.1481,HOLD_CASH
2019-06-06,11,AVB,UDR,165.6077,35.7512,139.2833,9.7624,30.2173,2.5371,0.9853,1.5997,0.0,0.0,0.1481,0.1481,HOLD_CASH
2019-06-07,11,AVB,UDR,165.8615,35.7822,139.2833,9.7624,30.2173,2.5371,0.9853,1.6065,0.0,0.0,0.1481,0.1481,HOLD_CASH
2019-06-10,11,AVB,UDR,166.0995,35.7435,139.2833,9.7624,30.2173,2.5371,0.9853,1.8947,0.0,0.0,0.1481,0.1481,HOLD_CASH
2019-06-11,11,AVB,UDR,166.0837,35.7047,139.2833,9.7624,30.2173,2.5371,0.9853,1.7974,0.0,0.0,0.1481,0.1481,HOLD_CASH
2019-06-12,11,AVB,UDR,164.3779,35.759,139.2833,9.7624,30.2173,2.5371,0.9853,-0.9416,0.0,0.0,0.1481,0.1481,HOLD_CASH
2019-06-13,11,AVB,UDR,164.2986,35.9451,139.2833,9.7624,30.2173,2.5371,0.9853,-2.0979,1.0,0.0,0.0647,0.0647,ENTER_LONG_A
2019-06-14,11,AVB,UDR,165.0919,36.0149,139.2833,9.7624,30.2173,2.5371,0.9853,-1.2423,1.0,0.1466,0.0647,0.2113,HOLDING
2019-06-17,11,AVB,UDR,166.3138,36.2475,139.2833,9.7624,30.2173,2.5371,0.9853,-0.722,1.0,0.2408,0.0647,0.3055,HOLDING
2019-06-18,11,AVB,UDR,165.5124,35.9218,139.2833,9.7624,30.2173,2.5371,0.9853,-0.1518,0.0,0.0,0.3421,0.3421,EXIT
2019-06-19,11,AVB,UDR,165.9647,36.0692,139.2833,9.7624,30.2173,2.5371,0.9853,-0.3016,0.0,0.0,0.3421,0.3421,HOLD_CASH
2019-06-20,11,AVB,UDR,166.9802,36.108,139.2833,9.7624,30.2173,2.5371,0.9853,0.8749,0.0,0.0,0.3421,0.3421,HOLD_CASH
2019-06-21,11,AVB,UDR,164.8618,35.4255,139.2833,9.7624,30.2173,2.5371,0.9853,1.3686,0.0,0.0,0.3421,0.3421,HOLD_CASH
2019-06-24,11,AVB,UDR,165.1316,35.2937,139.2833,9.7624,30.2173,2.5371,0.9853,2.0228,-1.0,0.0,0.2587,0.2587,ENTER_SHORT_A
2019-06-25,11,AVB,UDR,162.1724,34.9835,139.2833,9.7624,30.2173,2.5371,0.9853,-0.1609,0.0,0.0,0.6736,0.6736,EXIT
2019-06-26,11,AVB,UDR,159.6891,34.239,139.2833,9.7624,30.2173,2.5371,0.9853,0.2656,0.0,0.0,0.6736,0.6736,HOLD_CASH
2019-06-27,11,AVB,UDR,161.0321,34.5724,139.2833,9.7624,30.2173,2.5371,0.9853,0.3497,0.0,0.0,0.6736,0.6736,HOLD_CASH
2019-06-28,11,AVB,UDR,162.4231,34.8128,139.2833,9.7624,30.2173,2.5371,0.9853,0.8617,0.0,0.0,0.6736,0.6736,HOLD_CASH
2019-07-01,11,AVB,UDR,161.7276,34.9835,139.2833,9.7624,30.2173,2.5371,0.9853,-0.7422,0.0,0.0,0.6736,0.6736,HOLD_CASH
2019-07-02,11,AVB,UDR,164.3257,35.4022,139.2833,9.7624,30.2173,2.5371,0.9853,0.4131,0.0,0.0,0.6736,0.6736,HOLD_CASH
2019-07-03,11,AVB,UDR,167.3394,35.8753,139.2833,9.7624,30.2173,2.5371,0.9853,1.6694,0.0,0.0,0.6736,0.6736,HOLD_CASH
2019-07-05,11,AVB,UDR,166.1723,35.6737,139.2833,9.7624,30.2173,2.5371,0.9853,1.1308,0.0,0.0,0.6736,0.6736,HOLD_CASH
2019-07-08,11,AVB,UDR,167.963,36.0382,139.2833,9.7624,30.2173,2.5371,0.9853,1.4282,0.0,0.0,0.6736,0.6736,HOLD_CASH
2019-07-09,11,AVB,UDR,169.0821,36.4468,139.2833,9.7624,30.2173,2.5371,0.9853,0.9597,0.0,0.0,0.6736,0.6736,HOLD_CASH
2019-07-10,11,AVB,UDR,170.8888,36.6577,139.2833,9.7624,30.2173,2.5371,0.9853,1.7694,0.0,0.0,0.6736,0.6736,HOLD_CASH
2019-07-11,11,AVB,UDR,168.9942,36.3296,139.2833,9.7624,30.2173,2.5371,0.9853,1.054,0.0,0.0,0.6736,0.6736,HOLD_CASH
2019-07-12,11,AVB,UDR,168.2587,36.1421,139.2833,9.7624,30.2173,2.5371,0.9853,0.9685,0.0,0.0,0.6736,0.6736,HOLD_CASH
2019-07-15,11,AVB,UDR,168.9062,36.1811,139.2833,9.7624,30.2173,2.5371,0.9853,1.3757,0.0,0.0,0.6736,0.6736,HOLD_CASH
2019-07-16,11,AVB,UDR,168.6824,36.2827,139.2833,9.7624,30.2173,2.5371,0.9853,0.6479,0.0,0.0,0.6736,0.6736,HOLD_CASH
2019-07-17,11,AVB,UDR,168.6504,36.1186,139.2833,9.7624,30.2173,2.5371,0.9853,1.2122,0.0,0.0,0.6736,0.6736,HOLD_CASH
2019-07-18,11,AVB,UDR,168.0269,36.1968,139.2833,9.7624,30.2173,2.5371,0.9853,0.0427,0.0,0.0,0.6736,0.6736,HOLD_CASH
2019-07-19,11,AVB,UDR,165.3409,35.4936,139.2833,9.7624,30.2173,2.5371,0.9853,-0.0281,0.0,0.0,0.6736,0.6736,HOLD_CASH
2019-07-22,11,AVB,UDR,163.9979,35.392,139.2833,9.7624,30.2173,2.5371,0.9853,-1.1911,0.0,0.0,0.6736,0.6736,HOLD_CASH
2019-07-23,11,AVB,UDR,165.3489,35.7671,139.2833,9.7624,30.2173,2.5371,0.9853,-1.153,0.0,0.0,0.6736,0.6736,HOLD_CASH
2019-07-24,11,AVB,UDR,165.3569,35.6655,139.2833,9.7624,30.2173,2.5371,0.9853,-0.7357,0.0,0.0,0.6736,0.6736,HOLD_CASH
2019-07-25,11,AVB,UDR,165.3569,35.8686,139.2833,9.7624,30.2173,2.5371,0.9853,-1.619,0.0,0.0,0.6736,0.6736,HOLD_CASH
2019-07-26,11,AVB,UDR,166.58,36.0093,139.2833,9.7624,30.2173,2.5371,0.9853,-0.7806,0.0,0.0,0.6736,0.6736,HOLD_CASH
2019-07-29,11,AVB,UDR,168.2267,36.3764,139.2833,9.7624,30.2173,2.5371,0.9853,-0.4565,0.0,0.0,0.6736,0.6736,HOLD_CASH
2019-07-30,11,AVB,UDR,168.5625,36.4077,139.2833,9.7624,30.2173,2.5371,0.9853,-0.3114,0.0,0.0,0.6736,0.6736,HOLD_CASH
2019-07-31,11,AVB,UDR,166.9077,35.9858,139.2833,9.7624,30.2173,2.5371,0.9853,-0.4211,0.0,0.0,0.6736,0.6736,HOLD_CASH
2019-08-01,11,AVB,UDR,162.3911,35.9936,139.2833,9.7624,30.2173,2.5371,0.9853,-3.5672,1.0,0.0,0.5903,0.5903,ENTER_LONG_A
2019-08-02,11,AVB,UDR,164.4855,36.1421,139.2833,9.7624,30.2173,2.5371,0.9853,-1.9846,1.0,0.4271,0.5903,1.0174,HOLDING
2019-08-05,11,AVB,UDR,160.3766,35.0014,139.2833,9.7624,30.2173,2.5371,0.9853,-1.604,1.0,0.4872,0.5903,1.0775,HOLDING
2019-08-06,11,AVB,UDR,162.3511,36.1968,139.2833,9.7624,30.2173,2.5371,0.9853,-2.5025,1.0,-0.2259,0.5903,0.3644,HOLDING
2019-08-07,11,AVB,UDR,163.2944,36.1811,139.2833,9.7624,30.2173,2.5371,0.9853,-1.7211,1.0,0.0537,0.5903,0.6439,HOLDING
2019-08-08,11,AVB,UDR,165.0931,36.5093,139.2833,9.7624,30.2173,2.5371,0.9853,-1.2926,1.0,0.2083,0.5903,0.7986,HOLDING
2019-08-09,11,AVB,UDR,164.6853,36.8062,139.2833,9.7624,30.2173,2.5371,0.9853,-1.7606,1.0,-0.2193,0.5903,0.371,HOLDING
2019-08-12,11,AVB,UDR,164.3257,37.0952,139.2833,9.7624,30.2173,2.5371,0.9853,-2.0465,1.0,-0.6252,0.5903,-0.0349,HOLDING
2019-08-13,11,AVB,UDR,163.2384,36.3764,139.2833,9.7624,30.2173,2.5371,0.9853,-1.232,1.0,-0.1684,0.5903,0.4218,HOLDING
2019-08-14,11,AVB,UDR,161.152,35.8295,139.2833,9.7624,30.2173,2.5371,0.9853,-1.1277,1.0,-0.172,0.5903,0.4182,HOLDING
2019-08-15,11,AVB,UDR,163.4144,36.3843,139.2833,9.7624,30.2173,2.5371,0.9853,-0.9621,1.0,-0.1276,0.5903,0.4627,HOLDING
2019-08-16,11,AVB,UDR,164.5495,36.7046,139.2833,9.7624,30.2173,2.5371,0.9853,-0.9034,1.0,-0.1497,0.5903,0.4405,HOLDING
2019-08-19,11,AVB,UDR,166.0444,37.3062,139.2833,9.7624,30.2173,2.5371,0.9853,-1.1215,1.0,-0.3689,0.5903,0.2214,HOLDING
2019-08-20,11,AVB,UDR,165.1091,37.0952,139.2833,9.7624,30.2173,2.5371,0.9853,-1.0673,1.0,-0.4067,0.5903,0.1836,HOLDING
2019-08-21,11,AVB,UDR,166.2363,37.2593,139.2833,9.7624,30.2173,2.5371,0.9853,-0.7687,1.0,-0.2658,0.5903,0.3244,HOLDING
2019-08-22,11,AVB,UDR,166.9797,37.6421,139.2833,9.7624,30.2173,2.5371,0.9853,-0.9826,1.0,-0.4633,0.5903,0.127,HOLDING
2019-08-23,11,AVB,UDR,164.8053,37.1109,139.2833,9.7624,30.2173,2.5371,0.9853,-0.9701,1.0,-0.5079,0.5903,0.0824,HOLDING
2019-08-26,11,AVB,UDR,166.8438,37.2984,139.2833,9.7624,30.2173,2.5371,0.9853,-0.2534,0.0,0.0,0.3666,0.3666,EXIT
2019-08-27,11,AVB,UDR,166.3402,37.1968,139.2833,9.7624,30.2173,2.5371,0.9853,-0.2177,0.0,0.0,0.3666,0.3666,HOLD_CASH
2019-08-28,11,AVB,UDR,167.4353,37.3062,139.2833,9.7624,30.2173,2.5371,0.9853,0.559,0.0,0.0,0.3666,0.3666,HOLD_CASH
2019-08-29,11,AVB,UDR,169.4498,37.5796,139.2833,9.7624,30.2173,2.5371,0.9853,1.3912,0.0,0.0,0.3666,0.3666,HOLD_CASH
2019-08-30,11,AVB,UDR,169.9215,37.6421,139.2833,9.7624,30.2173,2.5371,0.9853,1.6565,0.0,0.0,0.3666,0.3666,HOLD_CASH
2019-09-03,11,AVB,UDR,171.1446,37.8921,139.2833,9.7624,30.2173,2.5371,0.9853,1.965,0.0,0.0,0.3666,0.3666,HOLD_CASH
2019-09-04,11,AVB,UDR,172.7993,38.0484,139.2833,9.7624,30.2173,2.5371,0.9853,2.3586,-1.0,0.0,0.2833,0.2833,ENTER_SHORT_A
2019-09-05,11,AVB,UDR,171.6402,37.7749,139.2833,9.7624,30.2173,2.5371,0.9853,1.9371,-1.0,0.0322,0.2833,0.3154,HOLDING
2019-09-06,11,AVB,UDR,172.4716,38.2281,139.2833,9.7624,30.2173,2.5371,0.9853,1.2276,-1.0,0.2652,0.2833,0.5485,HOLDING
2019-09-09,11,AVB,UDR,170.9767,37.8375,139.2833,9.7624,30.2173,2.5371,0.9853,1.1019,-1.0,0.2689,0.2833,0.5521,HOLDING
2019-09-10,11,AVB,UDR,168.0749,37.3765,139.2833,9.7624,30.2173,2.5371,0.9853,0.2414,0.0,0.0,0.7741,0.7741,EXIT
2019-09-11,11,AVB,UDR,167.6512,37.3531,139.2833,9.7624,30.2173,2.5371,0.9853,-0.0277,0.0,0.0,0.7741,0.7741,HOLD_CASH
2019-09-12,11,AVB,UDR,167.4993,37.5249,139.2833,9.7624,30.2173,2.5371,0.9853,-0.6112,0.0,0.0,0.7741,0.7741,HOLD_CASH
2019-09-13,11,AVB,UDR,165.5647,37.189,139.2833,9.7624,30.2173,2.5371,0.9853,-1.0344,0.0,0.0,0.7741,0.7741,HOLD_CASH
2019-09-16,11,AVB,UDR,167.7951,37.6343,139.2833,9.7624,30.2173,2.5371,0.9853,-0.6351,0.0,0.0,0.7741,0.7741,HOLD_CASH
2019-09-17,11,AVB,UDR,169.0821,37.8999,139.2833,9.7624,30.2173,2.5371,0.9853,-0.475,0.0,0.0,0.7741,0.7741,HOLD_CASH
2019-09-18,11,AVB,UDR,168.9222,37.7437,139.2833,9.7624,30.2173,2.5371,0.9853,-0.2189,0.0,0.0,0.7741,0.7741,HOLD_CASH
2019-09-19,11,AVB,UDR,168.4825,37.6812,139.2833,9.7624,30.2173,2.5371,0.9853,-0.4017,0.0,0.0,0.7741,0.7741,HOLD_CASH
2019-09-20,11,AVB,UDR,167.1236,37.4312,139.2833,9.7624,30.2173,2.5371,0.9853,-0.7842,0.0,0.0,0.7741,0.7741,HOLD_CASH
2019-09-23,11,AVB,UDR,168.2267,37.5718,139.2833,9.7624,30.2173,2.5371,0.9853,-0.4293,0.0,0.0,0.7741,0.7741,HOLD_CASH
2019-09-24,11,AVB,UDR,168.9702,37.5406,139.2833,9.7624,30.2173,2.5371,0.9853,0.2638,0.0,0.0,0.7741,0.7741,HOLD_CASH
2019-09-25,11,AVB,UDR,170.0654,37.5484,139.2833,9.7624,30.2173,2.5371,0.9853,1.0769,0.0,0.0,0.7741,0.7741,HOLD_CASH
2019-09-26,11,AVB,UDR,172.3357,37.8531,139.2833,9.7624,30.2173,2.5371,0.9853,1.7537,0.0,0.0,0.7741,0.7741,HOLD_CASH
2019-09-27,11,AVB,UDR,172.5048,37.7593,139.2833,9.7624,30.2173,2.5371,0.9853,1.8673,0.0,0.0,0.7741,0.7741,HOLD_CASH
2019-09-30,11,AVB,UDR,173.3581,37.8765,139.2833,9.7624,30.2173,2.5371,0.9853,1.8641,0.0,0.0,0.7741,0.7741,HOLD_CASH
2019-10-01,11,AVB,UDR,172.2874,37.7359,139.2833,9.7624,30.2173,2.5371,0.9853,1.39,0.0,0.0,0.7741,0.7741,HOLD_CASH
2019-04-03,12,AEE,WEC,59.26,62.324,51.9096,4.4801,53.8484,4.4823,0.9851,0.0,0.0,0.0,0.0,0.0,HOLD_CASH
2019-04-04,12,AEE,WEC,58.7022,61.972,51.9096,4.4801,53.8484,4.4823,0.9851,0.0,0.0,0.0,0.0,0.0,HOLD_CASH
2019-04-05,12,AEE,WEC,59.3831,62.5719,51.9096,4.4801,53.8484,4.4823,0.9851,0.0,0.0,0.0,0.0,0.0,HOLD_CASH
2019-04-08,12,AEE,WEC,58.7924,61.716,51.9096,4.4801,53.8484,4.4823,0.9851,0.0,0.0,0.0,0.0,0.0,HOLD_CASH
2019-04-09,12,AEE,WEC,59.0796,61.972,51.9096,4.4801,53.8484,4.4823,0.9851,0.0,0.0,0.0,0.0,0.0,HOLD_CASH
2019-04-10,12,AEE,WEC,58.653,61.548,51.9096,4.4801,53.8484,4.4823,0.9851,0.0,0.0,0.0,0.0,0.0,HOLD_CASH
2019-04-11,12,AEE,WEC,58.9319,61.908,51.9096,4.4801,53.8484,4.4823,0.9851,0.0,0.0,0.0,0.0,0.0,HOLD_CASH
2019-04-12,12,AEE,WEC,59.0468,62.252,51.9096,4.4801,53.8484,4.4823,0.9851,0.0,0.0,0.0,0.0,0.0,HOLD_CASH
2019-04-15,12,AEE,WEC,59.0878,62.14,51.9096,4.4801,53.8484,4.4823,0.9851,0.0,0.0,0.0,0.0,0.0,HOLD_CASH
2019-04-16,12,AEE,WEC,58.1198,61.164,51.9096,4.4801,53.8484,4.4823,0.9851,0.0,0.0,0.0,0.0,0.0,HOLD_CASH
2019-04-17,12,AEE,WEC,57.9229,61.132,51.9096,4.4801,53.8484,4.4823,0.9851,0.0,0.0,0.0,0.0,0.0,HOLD_CASH
2019-04-18,12,AEE,WEC,57.8163,61.0281,51.9096,4.4801,53.8484,4.4823,0.9851,0.0,0.0,0.0,0.0,0.0,HOLD_CASH
2019-04-22,12,AEE,WEC,57.8491,61.1,51.9096,4.4801,53.8484,4.4823,0.9851,0.0,0.0,0.0,0.0,0.0,HOLD_CASH
2019-04-23,12,AEE,WEC,58.3659,61.396,51.9096,4.4801,53.8484,4.4823,0.9851,0.0,0.0,0.0,0.0,0.0,HOLD_CASH
2019-04-24,12,AEE,WEC,59.0549,61.636,51.9096,4.4801,53.8484,4.4823,0.9851,0.0,0.0,0.0,0.0,0.0,HOLD_CASH
2019-04-25,12,AEE,WEC,59.2764,62.236,51.9096,4.4801,53.8484,4.4823,0.9851,0.0,0.0,0.0,0.0,0.0,HOLD_CASH
2019-04-26,12,AEE,WEC,59.2108,62.108,51.9096,4.4801,53.8484,4.4823,0.9851,0.0,0.0,0.0,0.0,0.0,HOLD_CASH
2019-04-29,12,AEE,WEC,58.5381,61.548,51.9096,4.4801,53.8484,4.4823,0.9851,0.0,0.0,0.0,0.0,0.0,HOLD_CASH
2019-04-30,12,AEE,WEC,59.6948,62.74,51.9096,4.4801,53.8484,4.4823,0.9851,0.0,0.0,0.0,0.0,0.0,HOLD_CASH
2019-05-01,12,AEE,WEC,59.26,62.116,51.9096,4.4801,53.8484,4.4823,0.9851,1.0452,0.0,0.0,0.0,0.0,HOLD_CASH
2019-05-02,12,AEE,WEC,59.3421,62.084,51.9096,4.4801,53.8484,4.4823,0.9851,1.5172,0.0,0.0,0.0,0.0,HOLD_CASH
2019-05-03,12,AEE,WEC,59.8425,62.6439,51.9096,4.4801,53.8484,4.4823,0.9851,1.1277,0.0,0.0,0.0,0.0,HOLD_CASH
2019-05-06,12,AEE,WEC,59.6784,62.4759,51.9096,4.4801,53.8484,4.4823,0.9851,1.0276,0.0,0.0,0.0,0.0,HOLD_CASH
2019-05-07,12,AEE,WEC,59.6374,62.6839,51.9096,4.4801,53.8484,4.4823,0.9851,-0.3355,0.0,0.0,0.0,0.0,HOLD_CASH
2019-05-08,12,AEE,WEC,58.5381,61.916,51.9096,4.4801,53.8484,4.4823,0.9851,-1.922,0.0,0.0,0.0,0.0,HOLD_CASH
2019-05-09,12,AEE,WEC,58.9811,61.972,51.9096,4.4801,53.8484,4.4823,0.9851,0.073,0.0,0.0,0.0,0.0,HOLD_CASH
2019-05-10,12,AEE,WEC,60.1214,63.3639,51.9096,4.4801,53.8484,4.4823,0.9851,-1.0136,0.0,0.0,0.0,0.0,HOLD_CASH
2019-05-13,12,AEE,WEC,61.196,64.3633,51.9096,4.4801,53.8484,4.4823,0.9851,-0.5888,0.0,0.0,0.0,0.0,HOLD_CASH
2019-05-14,12,AEE,WEC,60.5808,64.0893,51.9096,4.4801,53.8484,4.4823,0.9851,-1.9714,0.0,0.0,0.0,0.0,HOLD_CASH
2019-05-15,12,AEE,WEC,60.4741,64.186,51.9096,4.4801,53.8484,4.4823,0.9851,-2.3003,1.0,0.0,-0.0833,-0.0833,ENTER_LONG_A
2019-05-16,12,AEE,WEC,60.9007,64.6776,51.9096,4.4801,53.8484,4.4823,0.9851,-2.1181,1.0,-0.0387,-0.0833,-0.1221,HOLDING
2019-05-17,12,AEE,WEC,61.2862,65.2015,51.9096,4.4801,53.8484,4.4823,0.9851,-2.1257,1.0,-0.1265,-0.0833,-0.2099,HOLDING
2019-05-20,12,AEE,WEC,61.2698,65.4996,51.9096,4.4801,53.8484,4.4823,0.9851,-2.3932,1.0,-0.3354,-0.0833,-0.4187,HOLDING
2019-05-21,12,AEE,WEC,60.9417,65.1692,51.9096,4.4801,53.8484,4.4823,0.9851,-2.0024,1.0,-0.3373,-0.0833,-0.4206,HOLDING
2019-05-22,12,AEE,WEC,61.4175,65.8946,51.9096,4.4801,53.8484,4.4823,0.9851,-2.1139,1.0,-0.4979,-0.0833,-0.5813,HOLDING
2019-05-23,12,AEE,WEC,62.1066,66.2734,51.9096,4.4801,53.8484,4.4823,0.9851,-1.3424,1.0,-0.2849,-0.0833,-0.3683,HOLDING
2019-05-24,12,AEE,WEC,61.8358,66.4184,51.9096,4.4801,53.8484,4.4823,0.9851,-1.811,1.0,-0.5636,-0.0833,-0.6469,HOLDING
2019-05-28,12,AEE,WEC,60.9663,65.5641,51.9096,4.4801,53.8484,4.4823,0.9851,-1.6234,1.0,-0.5827,-0.0833,-0.666,HOLDING
2019-05-29,12,AEE,WEC,60.0393,64.7179,51.9096,4.4801,53.8484,4.4823,0.9851,-1.5585,1.0,-0.6459,-0.0833,-0.7292,HOLDING
2019-05-30,12,AEE,WEC,59.8178,64.5003,51.9096,4.4801,53.8484,4.4823,0.9851,-1.4056,1.0,-0.6508,-0.0833,-0.7341,HOLDING
2019-05-31,12,AEE,WEC,60.1624,64.9194,51.9096,4.4801,53.8484,4.4823,0.9851,-1.3682,1.0,-0.6966,-0.0833,-0.78,HOLDING
2019-06-03,12,AEE,WEC,61.0975,65.7334,51.9096,4.4801,53.8484,4.4823,0.9851,-1.0704,1.0,-0.6066,-0.0833,-0.6899,HOLDING
2019-06-04,12,AEE,WEC,61.0729,65.5158,51.9096,4.4801,53.8484,4.4823,0.9851,-0.7015,1.0,-0.4788,-0.0833,-0.5621,HOLDING
2019-06-05,12,AEE,WEC,62.4593,66.9181,51.9096,4.4801,53.8484,4.4823,0.9851,-0.6166,1.0,-0.475,-0.0833,-0.5584,HOLDING
2019-06-06,12,AEE,WEC,62.7792,67.3614,51.9096,4.4801,53.8484,4.4823,0.9851,-0.7423,1.0,-0.5535,-0.0833,-0.6369,HOLDING
2019-06-07,12,AEE,WEC,62.246,66.8617,51.9096,4.4801,53.8484,4.4823,0.9851,-0.7557,1.0,-0.5813,-0.0833,-0.6647,HOLDING
2019-06-10,12,AEE,WEC,62.2788,66.6844,51.9096,4.4801,53.8484,4.4823,0.9851,-0.2448,0.0,0.0,-0.6111,-0.6111,EXIT
2019-06-11,12,AEE,WEC,61.8537,66.1041,51.9096,4.4801,53.8484,4.4823,0.9851,0.2619,0.0,0.0,-0.6111,-0.6111,HOLD_CASH
2019-06-12,12,AEE,WEC,62.9351,67.1841,51.9096,4.4801,53.8484,4.4823,0.9851,0.4845,0.0,0.0,-0.6111,-0.6111,HOLD_CASH
2019-06-13,12,AEE,WEC,62.9103,67.3856,51.9096,4.4801,53.8484,4.4823,0.9851,-0.1639,0.0,0.0,-0.6111,-0.6111,HOLD_CASH
2019-06-14,12,AEE,WEC,63.323,67.9498,51.9096,4.4801,53.8484,4.4823,0.9851,-0.667,0.0,0.0,-0.6111,-0.6111,HOLD_CASH
2019-06-17,12,AEE,WEC,62.9021,67.8047,51.9096,4.4801,53.8484,4.4823,0.9851,-1.8781,0.0,0.0,-0.6111,-0.6111,HOLD_CASH
2019-06-18,12,AEE,WEC,63.0919,67.9014,51.9096,4.4801,53.8484,4.4823,0.9851,-1.2732,0.0,0.0,-0.6111,-0.6111,HOLD_CASH
2019-06-19,12,AEE,WEC,63.4799,68.4575,51.9096,4.4801,53.8484,4.4823,0.9851,-1.8204,0.0,0.0,-0.6111,-0.6111,HOLD_CASH
2019-06-20,12,AEE,WEC,63.8596,68.8202,51.9096,4.4801,53.8484,4.4823,0.9851,-1.5082,0.0,0.0,-0.6111,-0.6111,HOLD_CASH
2019-06-21,12,AEE,WEC,63.9339,68.8444,51.9096,4.4801,53.8484,4.4823,0.9851,-1.2022,0.0,0.0,-0.6111,-0.6111,HOLD_CASH
2019-06-24,12,AEE,WEC,63.4799,68.7154,51.9096,4.4801,53.8484,4.4823,0.9851,-2.2406,1.0,0.0,-0.6944,-0.6944,ENTER_LONG_A
2019-06-25,12,AEE,WEC,63.2157,68.4575,51.9096,4.4801,53.8484,4.4823,0.9851,-1.9264,1.0,-0.0065,-0.6944,-0.7009,HOLDING
2019-06-26,12,AEE,WEC,61.6886,67.1599,51.9096,4.4801,53.8484,4.4823,0.9851,-2.281,1.0,-0.165,-0.6944,-0.8595,HOLDING
2019-06-27,12,AEE,WEC,61.6226,66.9584,51.9096,4.4801,53.8484,4.4823,0.9851,-1.6386,1.0,-0.0809,-0.6944,-0.7754,HOLDING
2019-06-28,12,AEE,WEC,62.0023,67.1922,51.9096,4.4801,53.8484,4.4823,0.9851,-1.1143,1.0,0.0141,-0.6944,-0.6803,HOLDING
2019-07-01,12,AEE,WEC,62.0848,66.9987,51.9096,4.4801,53.8484,4.4823,0.9851,-0.3262,0.0,0.0,-0.5882,-0.5882,EXIT
2019-07-02,12,AEE,WEC,62.6544,67.9014,51.9096,4.4801,53.8484,4.4823,0.9851,-1.0891,0.0,0.0,-0.5882,-0.5882,HOLD_CASH
2019-07-03,12,AEE,WEC,63.1662,68.6106,51.9096,4.4801,53.8484,4.4823,0.9851,-1.4241,0.0,0.0,-0.5882,-0.5882,HOLD_CASH
2019-07-05,12,AEE,WEC,63.1084,68.522,51.9096,4.4801,53.8484,4.4823,0.9851,-1.2091,0.0,0.0,-0.5882,-0.5882,HOLD_CASH
2019-07-08,12,AEE,WEC,63.1249,68.7396,51.9096,4.4801,53.8484,4.4823,0.9851,-1.5165,0.0,0.0,-0.5882,-0.5882,HOLD_CASH
2019-07-09,12,AEE,WEC,63.2405,69.07,51.9096,4.4801,53.8484,4.4823,0.9851,-1.786,0.0,0.0,-0.5882,-0.5882,HOLD_CASH
2019-07-10,12,AEE,WEC,63.2735,69.4166,51.9096,4.4801,53.8484,4.4823,0.9851,-2.1828,1.0,0.0,-0.6715,-0.6715,ENTER_LONG_A
2019-07-11,12,AEE,WEC,63.2983,69.4085,51.9096,4.4801,53.8484,4.4823,0.9851,-1.9219,1.0,0.0207,-0.6715,-0.6508,HOLDING
2019-07-12,12,AEE,WEC,62.869,68.8847,51.9096,4.4801,53.8484,4.4823,0.9851,-1.5763,1.0,0.0755,-0.6715,-0.596,HOLDING
2019-07-15,12,AEE,WEC,62.9764,69.5939,51.9096,4.4801,53.8484,4.4823,0.9851,-2.4041,1.0,-0.2987,-0.6715,-0.9702,HOLDING
2019-07-16,12,AEE,WEC,62.9268,69.4246,51.9096,4.4801,53.8484,4.4823,0.9851,-1.8592,1.0,-0.2245,-0.6715,-0.8961,HOLDING
2019-07-17,12,AEE,WEC,63.3478,70.0372,51.9096,4.4801,53.8484,4.4823,0.9851,-1.9033,1.0,-0.3398,-0.6715,-1.0114,HOLDING
2019-07-18,12,AEE,WEC,63.6945,70.8028,51.9096,4.4801,53.8484,4.4823,0.9851,-2.1697,1.0,-0.5976,-0.6715,-1.2691,HOLDING
2019-07-19,12,AEE,WEC,62.7204,69.5617,51.9096,4.4801,53.8484,4.4823,0.9851,-1.5758,1.0,-0.4406,-0.6715,-1.1121,HOLDING
2019-07-22,12,AEE,WEC,62.9681,69.5375,51.9096,4.4801,53.8484,4.4823,0.9851,-1.0588,1.0,-0.2687,-0.6715,-0.9403,HOLDING
2019-07-23,12,AEE,WEC,62.9268,69.1184,51.9096,4.4801,53.8484,4.4823,0.9851,-0.417,0.0,0.0,-0.7881,-0.7881,EXIT
2019-07-24,12,AEE,WEC,63.0919,69.1506,51.9096,4.4801,53.8484,4.4823,0.9851,-0.1452,0.0,0.0,-0.7881,-0.7881,HOLD_CASH
2019-07-25,12,AEE,WEC,62.9433,69.199,51.9096,4.4801,53.8484,4.4823,0.9851,-0.4109,0.0,0.0,-0.7881,-0.7881,HOLD_CASH
2019-07-26,12,AEE,WEC,63.224,69.8437,51.9096,4.4801,53.8484,4.4823,0.9851,-0.9057,0.0,0.0,-0.7881,-0.7881,HOLD_CASH
2019-07-29,12,AEE,WEC,63.4386,70.5207,51.9096,4.4801,53.8484,4.4823,0.9851,-1.5004,0.0,0.0,-0.7881,-0.7881,HOLD_CASH
2019-07-30,12,AEE,WEC,62.9103,69.8437,51.9096,4.4801,53.8484,4.4823,0.9851,-1.2056,0.0,0.0,-0.7881,-0.7881,HOLD_CASH
2019-07-31,12,AEE,WEC,62.481,68.8766,51.9096,4.4801,53.8484,4.4823,0.9851,-0.1653,0.0,0.0,-0.7881,-0.7881,HOLD_CASH
2019-08-01,12,AEE,WEC,63.2652,70.2628,51.9096,4.4801,53.8484,4.4823,0.9851,-1.2376,0.0,0.0,-0.7881,-0.7881,HOLD_CASH
2019-08-02,12,AEE,WEC,62.5223,69.7632,51.9096,4.4801,53.8484,4.4823,0.9851,-1.6569,0.0,0.0,-0.7881,-0.7881,HOLD_CASH
2019-08-05,12,AEE,WEC,61.9527,70.1419,51.9096,4.4801,53.8484,4.4823,0.9851,-2.8655,1.0,0.0,-0.8714,-0.8714,ENTER_LONG_A
2019-08-06,12,AEE,WEC,61.9115,70.8351,51.9096,4.4801,53.8484,4.4823,0.9851,-2.9708,1.0,-0.4603,-0.8714,-1.3317,HOLDING
2019-08-07,12,AEE,WEC,62.0931,71.1252,51.9096,4.4801,53.8484,4.4823,0.9851,-2.4396,1.0,-0.5265,-0.8714,-1.3979,HOLDING
2019-08-08,12,AEE,WEC,63.0011,71.9714,51.9096,4.4801,53.8484,4.4823,0.9851,-1.9836,1.0,-0.4789,-0.8714,-1.3503,HOLDING
2019-08-09,12,AEE,WEC,63.3065,72.4308,51.9096,4.4801,53.8484,4.4823,0.9851,-1.8431,1.0,-0.5724,-0.8714,-1.4438,HOLDING
2019-08-12,12,AEE,WEC,63.2652,72.5275,51.9096,4.4801,53.8484,4.4823,0.9851,-1.7094,1.0,-0.6592,-0.8714,-1.5306,HOLDING
2019-08-13,12,AEE,WEC,63.158,72.7466,51.9096,4.4801,53.8484,4.4823,0.9851,-1.7313,1.0,-0.8646,-0.8714,-1.736,HOLDING
2019-08-14,12,AEE,WEC,62.1179,72.1138,51.9096,4.4801,53.8484,4.4823,0.9851,-1.788,1.0,-1.1299,-0.8714,-2.0013,HOLDING
2019-08-15,12,AEE,WEC,62.5801,73.5741,51.9096,4.4801,53.8484,4.4823,0.9851,-2.0957,1.0,-1.7504,-0.8714,-2.6218,HOLDING
2019-08-16,12,AEE,WEC,63.2652,73.3713,51.9096,4.4801,53.8484,4.4823,0.9851,-1.3332,1.0,-1.1876,-0.8714,-2.059,HOLDING
2019-08-19,12,AEE,WEC,63.5377,74.1176,51.9096,4.4801,53.8484,4.4823,0.9851,-1.4518,1.0,-1.4818,-0.8714,-2.3532,HOLDING
2019-08-20,12,AEE,WEC,63.2818,74.4827,51.9096,4.4801,53.8484,4.4823,0.9851,-1.629,1.0,-1.8732,-0.8714,-2.7446,HOLDING
2019-08-21,12,AEE,WEC,63.4964,75.2372,51.9096,4.4801,53.8484,4.4823,0.9851,-1.7304,1.0,-2.2092,-0.8714,-3.0806,HOLDING
2019-08-22,12,AEE,WEC,63.4138,75.5617,51.9096,4.4801,53.8484,4.4823,0.9851,-1.7448,1.0,-2.4649,-0.8714,-3.3363,HOLDING
2019-08-23,12,AEE,WEC,62.1839,75.1155,51.9096,4.4801,53.8484,4.4823,0.9851,-1.9085,1.0,-2.9678,-0.8714,-3.8392,HOLDING
2019-08-26,12,AEE,WEC,62.6131,76.4703,51.9096,4.4801,53.8484,4.4823,0.9851,-2.0343,1.0,-3.5432,-0.8714,-4.4146,HOLDING
2019-08-27,12,AEE,WEC,62.5306,77.3222,51.9096,4.4801,53.8484,4.4823,0.9851,-2.1083,1.0,-4.1292,-0.8714,-5.0006,HOLDING
2019-08-28,12,AEE,WEC,62.5306,77.1599,51.9096,4.4801,53.8484,4.4823,0.9851,-1.8177,1.0,-4.0276,-0.8714,-4.899,HOLDING
2019-08-29,12,AEE,WEC,63.6863,77.8252,51.9096,4.4801,53.8484,4.4823,0.9851,-1.4503,1.0,-3.7092,-0.8714,-4.5806,HOLDING
2019-08-30,12,AEE,WEC,63.6863,77.6954,51.9096,4.4801,53.8484,4.4823,0.9851,-1.2806,1.0,-3.6279,-0.8714,-4.4993,HOLDING
2019-09-03,12,AEE,WEC,64.7924,79.2854,51.9096,4.4801,53.8484,4.4823,0.9851,-1.3544,1.0,-3.9201,-0.8714,-4.7915,HOLDING
2019-09-04,12,AEE,WEC,64.7924,79.2205,51.9096,4.4801,53.8484,4.4823,0.9851,-1.1981,1.0,-3.8795,-0.8714,-4.7509,HOLDING
2019-09-05,12,AEE,WEC,63.678,77.3384,51.9096,4.4801,53.8484,4.4823,0.9851,-0.7693,1.0,-3.4096,-0.8714,-4.281,HOLDING
2019-09-06,12,AEE,WEC,62.8938,75.5536,51.9096,4.4801,53.8484,4.4823,0.9851,-0.226,0.0,0.0,-3.7493,-3.7493,EXIT
2019-09-09,12,AEE,WEC,62.06,73.3956,51.9096,4.4801,53.8484,4.4823,0.9851,0.5242,0.0,0.0,-3.7493,-3.7493,HOLD_CASH
2019-09-10,12,AEE,WEC,61.6488,73.2577,51.9096,4.4801,53.8484,4.4823,0.9851,0.4718,0.0,0.0,-3.7493,-3.7493,HOLD_CASH
2019-09-11,12,AEE,WEC,62.114,74.0446,51.9096,4.4801,53.8484,4.4823,0.9851,0.387,0.0,0.0,-3.7493,-3.7493,HOLD_CASH
2019-09-12,12,AEE,WEC,63.5512,74.2718,51.9096,4.4801,53.8484,4.4823,0.9851,1.2224,0.0,0.0,-3.7493,-3.7493,HOLD_CASH
2019-09-13,12,AEE,WEC,63.6343,73.9554,51.9096,4.4801,53.8484,4.4823,0.9851,1.4189,0.0,0.0,-3.7493,-3.7493,HOLD_CASH
2019-09-16,12,AEE,WEC,64.1078,74.0771,51.9096,4.4801,53.8484,4.4823,0.9851,1.6278,0.0,0.0,-3.7493,-3.7493,HOLD_CASH
2019-09-17,12,AEE,WEC,64.4152,75.2859,51.9096,4.4801,53.8484,4.4823,0.9851,1.0872,0.0,0.0,-3.7493,-3.7493,HOLD_CASH
2019-09-18,12,AEE,WEC,65.1961,75.5698,51.9096,4.4801,53.8484,4.4823,0.9851,1.3397,0.0,0.0,-3.7493,-3.7493,HOLD_CASH
2019-09-19,12,AEE,WEC,65.3456,75.8375,51.9096,4.4801,53.8484,4.4823,0.9851,1.1882,0.0,0.0,-3.7493,-3.7493,HOLD_CASH
2019-09-20,12,AEE,WEC,65.6613,76.016,51.9096,4.4801,53.8484,4.4823,0.9851,1.1722,0.0,0.0,-3.7493,-3.7493,HOLD_CASH
2019-09-23,12,AEE,WEC,65.6031,76.2269,51.9096,4.4801,53.8484,4.4823,0.9851,0.9307,0.0,0.0,-3.7493,-3.7493,HOLD_CASH
2019-09-24,12,AEE,WEC,66.0933,77.0707,51.9096,4.4801,53.8484,4.4823,0.9851,0.6629,0.0,0.0,-3.7493,-3.7493,HOLD_CASH
2019-09-25,12,AEE,WEC,66.6748,77.3546,51.9096,4.4801,53.8484,4.4823,0.9851,0.7565,0.0,0.0,-3.7493,-3.7493,HOLD_CASH
2019-09-26,12,AEE,WEC,66.7745,77.8008,51.9096,4.4801,53.8484,4.4823,0.9851,0.4763,0.0,0.0,-3.7493,-3.7493,HOLD_CASH
2019-09-27,12,AEE,WEC,66.4588,76.9652,51.9096,4.4801,53.8484,4.4823,0.9851,0.7273,0.0,0.0,-3.7493,-3.7493,HOLD_CASH
2019-09-30,12,AEE,WEC,66.5003,77.1518,51.9096,4.4801,53.8484,4.4823,0.9851,0.555,0.0,0.0,-3.7493,-3.7493,HOLD_CASH
2019-10-01,12,AEE,WEC,66.1764,77.2248,51.9096,4.4801,53.8484,4.4823,0.9851,0.1607,0.0,0.0,-3.7493,-3.7493,HOLD_CASH
2019-04-03,13,AEP,ETR,64.8082,36.5645,56.3762,4.5642,32.1657,2.2281,0.9851,0.0,0.0,0.0,0.0,0.0,HOLD_CASH
2019-04-04,13,AEP,ETR,64.5815,36.3935,56.3762,4.5642,32.1657,2.2281,0.9851,0.0,0.0,0.0,0.0,0.0,HOLD_CASH
2019-04-05,13,AEP,ETR,65.3241,36.7278,56.3762,4.5642,32.1657,2.2281,0.9851,0.0,0.0,0.0,0.0,0.0,HOLD_CASH
2019-04-08,13,AEP,ETR,64.9958,36.6773,56.3762,4.5642,32.1657,2.2281,0.9851,0.0,0.0,0.0,0.0,0.0,HOLD_CASH
2019-04-09,13,AEP,ETR,65.3241,36.8212,56.3762,4.5642,32.1657,2.2281,0.9851,0.0,0.0,0.0,0.0,0.0,HOLD_CASH
2019-04-10,13,AEP,ETR,65.1521,36.7745,56.3762,4.5642,32.1657,2.2281,0.9851,0.0,0.0,0.0,0.0,0.0,HOLD_CASH
2019-04-11,13,AEP,ETR,65.6133,36.9417,56.3762,4.5642,32.1657,2.2281,0.9851,0.0,0.0,0.0,0.0,0.0,HOLD_CASH
2019-04-12,13,AEP,ETR,65.7774,37.0272,56.3762,4.5642,32.1657,2.2281,0.9851,0.0,0.0,0.0,0.0,0.0,HOLD_CASH
2019-04-15,13,AEP,ETR,65.8634,36.9533,56.3762,4.5642,32.1657,2.2281,0.9851,0.0,0.0,0.0,0.0,0.0,HOLD_CASH
2019-04-16,13,AEP,ETR,64.9176,36.308,56.3762,4.5642,32.1657,2.2281,0.9851,0.0,0.0,0.0,0.0,0.0,HOLD_CASH
2019-04-17,13,AEP,ETR,65.0348,36.1175,56.3762,4.5642,32.1657,2.2281,0.9851,0.0,0.0,0.0,0.0,0.0,HOLD_CASH
2019-04-18,13,AEP,ETR,64.8863,36.3352,56.3762,4.5642,32.1657,2.2281,0.9851,0.0,0.0,0.0,0.0,0.0,HOLD_CASH
2019-04-22,13,AEP,ETR,64.8238,36.4052,56.3762,4.5642,32.1657,2.2281,0.9851,0.0,0.0,0.0,0.0,0.0,HOLD_CASH
2019-04-23,13,AEP,ETR,65.3241,36.6617,56.3762,4.5642,32.1657,2.2281,0.9851,0.0,0.0,0.0,0.0,0.0,HOLD_CASH
2019-04-24,13,AEP,ETR,65.6758,36.7939,56.3762,4.5642,32.1657,2.2281,0.9851,0.0,0.0,0.0,0.0,0.0,HOLD_CASH
2019-04-25,13,AEP,ETR,66.309,37.0155,56.3762,4.5642,32.1657,2.2281,0.9851,0.0,0.0,0.0,0.0,0.0,HOLD_CASH
2019-04-26,13,AEP,ETR,66.2151,36.9844,56.3762,4.5642,32.1657,2.2281,0.9851,0.0,0.0,0.0,0.0,0.0,HOLD_CASH
2019-04-29,13,AEP,ETR,65.6914,36.9339,56.3762,4.5642,32.1657,2.2281,0.9851,0.0,0.0,0.0,0.0,0.0,HOLD_CASH
2019-04-30,13,AEP,ETR,66.8717,37.6726,56.3762,4.5642,32.1657,2.2281,0.9851,0.0,0.0,0.0,0.0,0.0,HOLD_CASH
2019-05-01,13,AEP,ETR,66.4028,37.2799,56.3762,4.5642,32.1657,2.2281,0.9851,-0.3403,0.0,0.0,0.0,0.0,HOLD_CASH
2019-05-02,13,AEP,ETR,66.2074,37.4082,56.3762,4.5642,32.1657,2.2281,0.9851,-1.6348,0.0,0.0,0.0,0.0,HOLD_CASH
2019-05-03,13,AEP,ETR,66.778,37.5676,56.3762,4.5642,32.1657,2.2281,0.9851,-0.8495,0.0,0.0,0.0,0.0,HOLD_CASH
2019-05-06,13,AEP,ETR,66.309,37.4043,56.3762,4.5642,32.1657,2.2281,0.9851,-1.1592,0.0,0.0,0.0,0.0,HOLD_CASH
2019-05-07,13,AEP,ETR,66.1526,37.5209,56.3762,4.5642,32.1657,2.2281,0.9851,-1.9709,0.0,0.0,0.0,0.0,HOLD_CASH
2019-05-08,13,AEP,ETR,65.4491,36.9833,56.3762,4.5642,32.1657,2.2281,0.9851,-0.9541,0.0,0.0,0.0,0.0,HOLD_CASH
2019-05-09,13,AEP,ETR,65.2994,37.0146,56.3762,4.5642,32.1657,2.2281,0.9851,-1.3819,0.0,0.0,0.0,0.0,HOLD_CASH
2019-05-10,13,AEP,ETR,66.7099,37.8075,56.3762,4.5642,32.1657,2.2281,0.9851,-1.6266,0.0,0.0,0.0,0.0,HOLD_CASH
2019-05-13,13,AEP,ETR,68.0337,38.2549,56.3762,4.5642,32.1657,2.2281,0.9851,-0.663,0.0,0.0,0.0,0.0,HOLD_CASH
2019-05-14,13,AEP,ETR,67.4191,37.8702,56.3762,4.5642,32.1657,2.2281,0.9851,-0.2773,0.0,0.0,0.0,0.0,HOLD_CASH
2019-05-15,13,AEP,ETR,67.0172,37.7918,56.3762,4.5642,32.1657,2.2281,0.9851,-0.7295,0.0,0.0,0.0,0.0,HOLD_CASH
2019-05-16,13,AEP,ETR,67.293,38.0351,56.3762,4.5642,32.1657,2.2281,0.9851,-1.1995,0.0,0.0,0.0,0.0,HOLD_CASH
2019-05-17,13,AEP,ETR,67.6476,38.4197,56.3762,4.5642,32.1657,2.2281,0.9851,-1.9879,0.0,0.0,0.0,0.0,HOLD_CASH
2019-05-20,13,AEP,ETR,68.2386,38.4433,56.3762,4.5642,32.1657,2.2281,0.9851,-0.5803,0.0,0.0,0.0,0.0,HOLD_CASH
2019-05-21,13,AEP,ETR,68.2464,38.3373,56.3762,4.5642,32.1657,2.2281,0.9851,0.0359,0.0,0.0,0.0,0.0,HOLD_CASH
2019-05-22,13,AEP,ETR,68.7823,38.6552,56.3762,4.5642,32.1657,2.2281,0.9851,-0.1649,0.0,0.0,0.0,0.0,HOLD_CASH
2019-05-23,13,AEP,ETR,69.4836,38.9927,56.3762,4.5642,32.1657,2.2281,0.9851,0.0048,0.0,0.0,0.0,0.0,HOLD_CASH
2019-05-24,13,AEP,ETR,69.5702,38.8514,56.3762,4.5642,32.1657,2.2281,0.9851,1.4766,0.0,0.0,0.0,0.0,HOLD_CASH
2019-05-28,13,AEP,ETR,68.2937,38.0429,56.3762,4.5642,32.1657,2.2281,0.9851,2.402,-1.0,0.0,-0.0833,-0.0833,ENTER_SHORT_A
2019-05-29,13,AEP,ETR,67.5215,37.5445,56.3762,4.5642,32.1657,2.2281,0.9851,2.4634,-1.0,-0.1342,-0.0833,-0.2175,HOLDING
2019-05-30,13,AEP,ETR,67.2142,37.7407,56.3762,4.5642,32.1657,2.2281,0.9851,0.6014,-1.0,0.2698,-0.0833,0.1865,HOLDING
2019-05-31,13,AEP,ETR,67.8604,38.0979,56.3762,4.5642,32.1657,2.2281,0.9851,0.3631,0.0,0.0,0.1462,0.1462,EXIT
2019-06-03,13,AEP,ETR,68.8453,38.4707,56.3762,4.5642,32.1657,2.2281,0.9851,0.9397,0.0,0.0,0.1462,0.1462,HOLD_CASH
2019-06-04,13,AEP,ETR,68.5931,38.2431,56.3762,4.5642,32.1657,2.2281,0.9851,1.3393,0.0,0.0,0.1462,0.1462,HOLD_CASH
2019-06-05,13,AEP,ETR,70.4212,39.342,56.3762,4.5642,32.1657,2.2281,0.9851,0.2937,0.0,0.0,0.1462,0.1462,HOLD_CASH
2019-06-06,13,AEP,ETR,70.9177,39.6325,56.3762,4.5642,32.1657,2.2281,0.9851,0.0441,0.0,0.0,0.1462,0.1462,HOLD_CASH
2019-06-07,13,AEP,ETR,70.5552,39.4833,56.3762,4.5642,32.1657,2.2281,0.9851,-0.1553,0.0,0.0,0.1462,0.1462,HOLD_CASH
2019-06-10,13,AEP,ETR,70.1454,39.189,56.3762,4.5642,32.1657,2.2281,0.9851,0.2629,0.0,0.0,0.1462,0.1462,HOLD_CASH
2019-06-11,13,AEP,ETR,69.5939,39.0516,56.3762,4.5642,32.1657,2.2281,0.9851,-0.5002,0.0,0.0,0.1462,0.1462,HOLD_CASH
2019-06-12,13,AEP,ETR,70.437,39.762,56.3762,4.5642,32.1657,2.2281,0.9851,-1.8414,0.0,0.0,0.1462,0.1462,HOLD_CASH
2019-06-13,13,AEP,ETR,70.5946,39.6482,56.3762,4.5642,32.1657,2.2281,0.9851,-0.83,0.0,0.0,0.1462,0.1462,HOLD_CASH
2019-06-14,13,AEP,ETR,71.3747,40.0485,56.3762,4.5642,32.1657,2.2281,0.9851,-0.9034,0.0,0.0,0.1462,0.1462,HOLD_CASH
2019-06-17,13,AEP,ETR,70.9807,39.9386,56.3762,4.5642,32.1657,2.2281,0.9851,-1.456,0.0,0.0,0.1462,0.1462,HOLD_CASH
2019-06-18,13,AEP,ETR,70.7443,39.7581,56.3762,4.5642,32.1657,2.2281,0.9851,-1.0762,0.0,0.0,0.1462,0.1462,HOLD_CASH
2019-06-19,13,AEP,ETR,71.5953,40.2212,56.3762,4.5642,32.1657,2.2281,0.9851,-1.1865,0.0,0.0,0.1462,0.1462,HOLD_CASH
2019-06-20,13,AEP,ETR,71.6032,40.598,56.3762,4.5642,32.1657,2.2281,0.9851,-2.4196,1.0,0.0,0.0628,0.0628,ENTER_LONG_A
2019-06-21,13,AEP,ETR,72.139,40.9198,56.3762,4.5642,32.1657,2.2281,0.9851,-2.1723,1.0,-0.0617,0.0628,0.0012,HOLDING
2019-06-24,13,AEP,ETR,71.6268,40.6961,56.3762,4.5642,32.1657,2.2281,0.9851,-1.9255,1.0,-0.0946,0.0628,-0.0318,HOLDING
2019-06-25,13,AEP,ETR,71.2092,40.5195,56.3762,4.5642,32.1657,2.2281,0.9851,-1.7744,1.0,-0.1278,0.0628,-0.065,HOLDING
2019-06-26,13,AEP,ETR,69.7357,39.7228,56.3762,4.5642,32.1657,2.2281,0.9851,-1.45,1.0,-0.055,0.0628,0.0078,HOLDING
2019-06-27,13,AEP,ETR,69.2629,39.8994,56.3762,4.5642,32.1657,2.2281,0.9851,-2.2437,1.0,-0.5051,0.0628,-0.4422,HOLDING
2019-06-28,13,AEP,ETR,69.3496,40.3978,56.3762,4.5642,32.1657,2.2281,0.9851,-2.6348,1.0,-1.004,0.0628,-0.9411,HOLDING
2019-07-01,13,AEP,ETR,69.4441,40.0328,56.3762,4.5642,32.1657,2.2281,0.9851,-1.5242,1.0,-0.5529,0.0628,-0.49,HOLDING
2019-07-02,13,AEP,ETR,70.2794,40.6961,56.3762,4.5642,32.1657,2.2281,0.9851,-1.8104,1.0,-0.826,0.0628,-0.7632,HOLDING
2019-07-03,13,AEP,ETR,71.028,41.0297,56.3762,4.5642,32.1657,2.2281,0.9851,-1.5377,1.0,-0.7851,0.0628,-0.7223,HOLDING
2019-07-05,13,AEP,ETR,70.7916,40.9512,56.3762,4.5642,32.1657,2.2281,0.9851,-1.4423,1.0,-0.8274,0.0628,-0.7646,HOLDING
2019-07-08,13,AEP,ETR,70.8625,40.963,56.3762,4.5642,32.1657,2.2281,0.9851,-1.2607,1.0,-0.8018,0.0628,-0.739,HOLDING
2019-07-09,13,AEP,ETR,71.2013,40.912,56.3762,4.5642,32.1657,2.2281,0.9851,-0.7566,1.0,-0.562,0.0628,-0.4992,HOLDING
2019-07-10,13,AEP,ETR,71.5559,41.0807,56.3762,4.5642,32.1657,2.2281,0.9851,-0.6647,1.0,-0.5544,0.0628,-0.4916,HOLDING
2019-07-11,13,AEP,ETR,71.6505,40.9944,56.3762,4.5642,32.1657,2.2281,0.9851,-0.321,0.0,0.0,-0.4295,-0.4295,EXIT
2019-07-12,13,AEP,ETR,71.1147,40.7667,56.3762,4.5642,32.1657,2.2281,0.9851,-0.3293,0.0,0.0,-0.4295,-0.4295,HOLD_CASH
2019-07-15,13,AEP,ETR,71.8553,41.1474,56.3762,4.5642,32.1657,2.2281,0.9851,-0.2823,0.0,0.0,-0.4295,-0.4295,HOLD_CASH
2019-07-16,13,AEP,ETR,71.3195,41.1631,56.3762,4.5642,32.1657,2.2281,0.9851,-0.9081,0.0,0.0,-0.4295,-0.4295,HOLD_CASH
2019-07-17,13,AEP,ETR,71.7214,41.4222,56.3762,4.5642,32.1657,2.2281,0.9851,-1.0133,0.0,0.0,-0.4295,-0.4295,HOLD_CASH
2019-07-18,13,AEP,ETR,72.3045,41.8971,56.3762,4.5642,32.1657,2.2281,0.9851,-1.5349,0.0,0.0,-0.4295,-0.4295,HOLD_CASH
2019-07-19,13,AEP,ETR,71.1383,41.4457,56.3762,4.5642,32.1657,2.2281,0.9851,-1.7524,0.0,0.0,-0.4295,-0.4295,HOLD_CASH
2019-07-22,13,AEP,ETR,71.0122,41.3672,56.3762,4.5642,32.1657,2.2281,0.9851,-1.5437,0.0,0.0,-0.4295,-0.4295,HOLD_CASH
2019-07-23,13,AEP,ETR,70.5316,41.1553,56.3762,4.5642,32.1657,2.2281,0.9851,-1.4926,0.0,0.0,-0.4295,-0.4295,HOLD_CASH
2019-07-24,13,AEP,ETR,70.6104,41.0768,56.3762,4.5642,32.1657,2.2281,0.9851,-1.0191,0.0,0.0,-0.4295,-0.4295,HOLD_CASH
2019-07-25,13,AEP,ETR,70.1927,40.8256,56.3762,4.5642,32.1657,2.2281,0.9851,-0.8185,0.0,0.0,-0.4295,-0.4295,HOLD_CASH
2019-07-26,13,AEP,ETR,70.0903,40.6961,56.3762,4.5642,32.1657,2.2281,0.9851,-0.4214,0.0,0.0,-0.4295,-0.4295,HOLD_CASH
2019-07-29,13,AEP,ETR,70.7128,41.1867,56.3762,4.5642,32.1657,2.2281,0.9851,-1.155,0.0,0.0,-0.4295,-0.4295,HOLD_CASH
2019-07-30,13,AEP,ETR,69.9091,40.7707,56.3762,4.5642,32.1657,2.2281,0.9851,-0.9781,0.0,0.0,-0.4295,-0.4295,HOLD_CASH
2019-07-31,13,AEP,ETR,69.192,41.4536,56.3762,4.5642,32.1657,2.2281,0.9851,-3.2648,1.0,0.0,-0.5128,-0.5128,ENTER_LONG_A
2019-08-01,13,AEP,ETR,69.98,41.9795,56.3762,4.5642,32.1657,2.2281,0.9851,-2.6756,1.0,-0.149,-0.5128,-0.6618,HOLDING
2019-08-02,13,AEP,ETR,69.8933,41.8853,56.3762,4.5642,32.1657,2.2281,0.9851,-2.1092,1.0,-0.0926,-0.5128,-0.6054,HOLDING
2019-08-05,13,AEP,ETR,69.3575,41.1749,56.3762,4.5642,32.1657,2.2281,0.9851,-1.1636,1.0,0.3968,-0.5128,-0.116,HOLDING
2019-08-06,13,AEP,ETR,70.24,41.8186,56.3762,4.5642,32.1657,2.2281,0.9851,-1.3664,1.0,0.1698,-0.5128,-0.343,HOLDING
2019-08-07,13,AEP,ETR,70.7128,41.9294,56.3762,4.5642,32.1657,2.2281,0.9851,-1.0431,1.0,0.3056,-0.5128,-0.2072,HOLDING
2019-08-08,13,AEP,ETR,71.0621,42.3728,56.3762,4.5642,32.1657,2.2281,0.9851,-1.3667,1.0,0.0083,-0.5128,-0.5045,HOLDING
2019-08-09,13,AEP,ETR,71.4273,42.5272,56.3762,4.5642,32.1657,2.2281,0.9851,-1.2062,1.0,0.0376,-0.5128,-0.4753,HOLDING
2019-08-12,13,AEP,ETR,71.7925,42.6499,56.3762,4.5642,32.1657,2.2281,0.9851,-1.0151,1.0,0.1017,-0.5128,-0.4112,HOLDING
2019-08-13,13,AEP,ETR,71.6496,42.6816,56.3762,4.5642,32.1657,2.2281,0.9851,-1.0955,1.0,-0.0111,-0.5128,-0.5239,HOLDING
2019-08-14,13,AEP,ETR,70.2444,42.357,56.3762,4.5642,32.1657,2.2281,0.9851,-1.5978,1.0,-0.4201,-0.5128,-0.9329,HOLDING
2019-08-15,13,AEP,ETR,71.7369,43.1487,56.3762,4.5642,32.1657,2.2281,0.9851,-1.5049,1.0,-0.4774,-0.5128,-0.9902,HOLDING
2019-08-16,13,AEP,ETR,71.6337,43.2239,56.3762,4.5642,32.1657,2.2281,0.9851,-1.5288,1.0,-0.6164,-0.5128,-1.1293,HOLDING
2019-08-19,13,AEP,ETR,71.8878,43.4614,56.3762,4.5642,32.1657,2.2281,0.9851,-1.5254,1.0,-0.7392,-0.5128,-1.2521,HOLDING
2019-08-20,13,AEP,ETR,72.0624,43.6277,56.3762,4.5642,32.1657,2.2281,0.9851,-1.4778,1.0,-0.827,-0.5128,-1.3398,HOLDING
2019-08-21,13,AEP,ETR,72.5229,44.2056,56.3762,4.5642,32.1657,2.2281,0.9851,-1.7994,1.0,-1.2118,-0.5128,-1.7246,HOLDING
2019-08-22,13,AEP,ETR,72.2212,44.0631,56.3762,4.5642,32.1657,2.2281,0.9851,-1.6392,1.0,-1.2195,-0.5128,-1.7323,HOLDING
2019-08-23,13,AEP,ETR,71.1177,43.4812,56.3762,4.5642,32.1657,2.2281,0.9851,-1.4847,1.0,-1.1809,-0.5128,-1.6937,HOLDING
2019-08-26,13,AEP,ETR,72.1101,44.1541,56.3762,4.5642,32.1657,2.2281,0.9851,-1.6524,1.0,-1.3802,-0.5128,-1.8931,HOLDING
2019-08-27,13,AEP,ETR,71.983,44.3758,56.3762,4.5642,32.1657,2.2281,0.9851,-1.991,1.0,-1.6934,-0.5128,-2.2062,HOLDING
2019-08-28,13,AEP,ETR,71.1573,44.4629,56.3762,4.5642,32.1657,2.2281,0.9851,-2.294,1.0,-2.2394,-0.5128,-2.7522,HOLDING
2019-08-29,13,AEP,ETR,72.0227,44.74,56.3762,4.5642,32.1657,2.2281,0.9851,-1.7733,1.0,-2.0724,-0.5128,-2.5853,HOLDING
2019-08-30,13,AEP,ETR,72.3641,44.6688,56.3762,4.5642,32.1657,2.2281,0.9851,-1.2893,1.0,-1.8079,-0.5128,-2.3207,HOLDING
2019-09-03,13,AEP,ETR,73.6582,45.5951,56.3762,4.5642,32.1657,2.2281,0.9851,-1.5006,1.0,-2.1215,-0.5128,-2.6343,HOLDING
2019-09-04,13,AEP,ETR,73.8725,45.7495,56.3762,4.5642,32.1657,2.2281,0.9851,-1.4053,1.0,-2.1745,-0.5128,-2.6873,HOLDING
2019-09-05,13,AEP,ETR,72.6658,45.3259,56.3762,4.5642,32.1657,2.2281,0.9851,-1.4811,1.0,-2.3664,-0.5128,-2.8793,HOLDING
2019-09-06,13,AEP,ETR,72.3165,44.9498,56.3762,4.5642,32.1657,2.2281,0.9851,-1.1069,1.0,-2.1431,-0.5128,-2.6559,HOLDING
2019-09-09,13,AEP,ETR,72.5467,44.5698,56.3762,4.5642,32.1657,2.2281,0.9851,-0.374,0.0,0.0,-2.2009,-2.2009,EXIT
2019-09-10,13,AEP,ETR,72.3165,44.4352,56.3762,4.5642,32.1657,2.2281,0.9851,-0.2613,0.0,0.0,-2.2009,-2.2009,HOLD_CASH
2019-09-11,13,AEP,ETR,72.7928,44.6965,56.3762,4.5642,32.1657,2.2281,0.9851,-0.211,0.0,0.0,-2.2009,-2.2009,HOLD_CASH
2019-09-12,13,AEP,ETR,73.0548,45.0844,56.3762,4.5642,32.1657,2.2281,0.9851,-0.5941,0.0,0.0,-2.2009,-2.2009,HOLD_CASH
2019-09-13,13,AEP,ETR,72.6737,44.938,56.3762,4.5642,32.1657,2.2281,0.9851,-0.6038,0.0,0.0,-2.2009,-2.2009,HOLD_CASH
2019-09-16,13,AEP,ETR,72.8087,44.9419,56.3762,4.5642,32.1657,2.2281,0.9851,-0.3925,0.0,0.0,-2.2009,-2.2009,HOLD_CASH
2019-09-17,13,AEP,ETR,73.6185,45.3101,56.3762,4.5642,32.1657,2.2281,0.9851,-0.2247,0.0,0.0,-2.2009,-2.2009,HOLD_CASH
2019-09-18,13,AEP,ETR,73.8487,45.3853,56.3762,4.5642,32.1657,2.2281,0.9851,-0.0053,0.0,0.0,-2.2009,-2.2009,HOLD_CASH
2019-09-19,13,AEP,ETR,73.9757,45.5555,56.3762,4.5642,32.1657,2.2281,0.9851,-0.2614,0.0,0.0,-2.2009,-2.2009,HOLD_CASH
2019-09-20,13,AEP,ETR,73.9757,45.607,56.3762,4.5642,32.1657,2.2281,0.9851,-0.3552,0.0,0.0,-2.2009,-2.2009,HOLD_CASH
2019-09-23,13,AEP,ETR,74.1504,45.7732,56.3762,4.5642,32.1657,2.2281,0.9851,-0.5942,0.0,0.0,-2.2009,-2.2009,HOLD_CASH
2019-09-24,13,AEP,ETR,75.0951,46.3512,56.3762,4.5642,32.1657,2.2281,0.9851,-1.0211,0.0,0.0,-2.2009,-2.2009,HOLD_CASH
2019-09-25,13,AEP,ETR,74.8093,46.268,56.3762,4.5642,32.1657,2.2281,0.9851,-1.1794,0.0,0.0,-2.2009,-2.2009,HOLD_CASH
2019-09-26,13,AEP,ETR,74.8569,46.5333,56.3762,4.5642,32.1657,2.2281,0.9851,-2.0838,1.0,0.0,-2.2842,-2.2842,ENTER_LONG_A
2019-09-27,13,AEP,ETR,74.7855,46.5135,56.3762,4.5642,32.1657,2.2281,0.9851,-1.8619,1.0,-0.0156,-2.2842,-2.2998,HOLDING
2019-09-30,13,AEP,ETR,74.3806,46.4581,56.3762,4.5642,32.1657,2.2281,0.9851,-2.032,1.0,-0.1603,-2.2842,-2.4445,HOLDING
2019-10-01,13,AEP,ETR,74.0075,46.4422,56.3762,4.5642,32.1657,2.2281,0.9851,-2.1644,1.0,0.0,-2.6958,-2.6958,PERIOD_END_EXIT
2019-04-03,14,ETR,XEL,36.5645,45.1378,32.1657,2.2281,39.1471,3.2731,0.9844,0.0,0.0,0.0,0.0,0.0,HOLD_CASH
2019-04-04,14,ETR,XEL,36.3935,45.0645,32.1657,2.2281,39.1471,3.2731,0.9844,0.0,0.0,0.0,0.0,0.0,HOLD_CASH
2019-04-05,14,ETR,XEL,36.7278,45.415,32.1657,2.2281,39.1471,3.2731,0.9844,0.0,0.0,0.0,0.0,0.0,HOLD_CASH
2019-04-08,14,ETR,XEL,36.6773,45.0889,32.1657,2.2281,39.1471,3.2731,0.9844,0.0,0.0,0.0,0.0,0.0,HOLD_CASH
2019-04-09,14,ETR,XEL,36.8212,45.4558,32.1657,2.2281,39.1471,3.2731,0.9844,0.0,0.0,0.0,0.0,0.0,HOLD_CASH
2019-04-10,14,ETR,XEL,36.7745,45.1215,32.1657,2.2281,39.1471,3.2731,0.9844,0.0,0.0,0.0,0.0,0.0,HOLD_CASH
2019-04-11,14,ETR,XEL,36.9417,45.3824,32.1657,2.2281,39.1471,3.2731,0.9844,0.0,0.0,0.0,0.0,0.0,HOLD_CASH
2019-04-12,14,ETR,XEL,37.0272,45.5454,32.1657,2.2281,39.1471,3.2731,0.9844,0.0,0.0,0.0,0.0,0.0,HOLD_CASH
2019-04-15,14,ETR,XEL,36.9533,45.4721,32.1657,2.2281,39.1471,3.2731,0.9844,0.0,0.0,0.0,0.0,0.0,HOLD_CASH
2019-04-16,14,ETR,XEL,36.308,44.7221,32.1657,2.2281,39.1471,3.2731,0.9844,0.0,0.0,0.0,0.0,0.0,HOLD_CASH
2019-04-17,14,ETR,XEL,36.1175,44.6487,32.1657,2.2281,39.1471,3.2731,0.9844,0.0,0.0,0.0,0.0,0.0,HOLD_CASH
2019-04-18,14,ETR,XEL,36.3352,44.5753,32.1657,2.2281,39.1471,3.2731,0.9844,0.0,0.0,0.0,0.0,0.0,HOLD_CASH
2019-04-22,14,ETR,XEL,36.4052,44.6569,32.1657,2.2281,39.1471,3.2731,0.9844,0.0,0.0,0.0,0.0,0.0,HOLD_CASH
2019-04-23,14,ETR,XEL,36.6617,44.9829,32.1657,2.2281,39.1471,3.2731,0.9844,0.0,0.0,0.0,0.0,0.0,HOLD_CASH
2019-04-24,14,ETR,XEL,36.7939,45.1704,32.1657,2.2281,39.1471,3.2731,0.9844,0.0,0.0,0.0,0.0,0.0,HOLD_CASH
2019-04-25,14,ETR,XEL,37.0155,45.6433,32.1657,2.2281,39.1471,3.2731,0.9844,0.0,0.0,0.0,0.0,0.0,HOLD_CASH
2019-04-26,14,ETR,XEL,36.9844,45.5862,32.1657,2.2281,39.1471,3.2731,0.9844,0.0,0.0,0.0,0.0,0.0,HOLD_CASH
2019-04-29,14,ETR,XEL,36.9339,45.2031,32.1657,2.2281,39.1471,3.2731,0.9844,0.0,0.0,0.0,0.0,0.0,HOLD_CASH
2019-04-30,14,ETR,XEL,37.6726,46.059,32.1657,2.2281,39.1471,3.2731,0.9844,0.0,0.0,0.0,0.0,0.0,HOLD_CASH
2019-05-01,14,ETR,XEL,37.2799,45.5699,32.1657,2.2281,39.1471,3.2731,0.9844,1.7794,0.0,0.0,0.0,0.0,HOLD_CASH
2019-05-02,14,ETR,XEL,37.4082,45.5862,32.1657,2.2281,39.1471,3.2731,0.9844,2.098,-1.0,0.0,-0.0833,-0.0833,ENTER_SHORT_A
2019-05-03,14,ETR,XEL,37.5676,46.1242,32.1657,2.2281,39.1471,3.2731,0.9844,0.878,-1.0,0.2467,-0.0833,0.1633,HOLDING
2019-05-06,14,ETR,XEL,37.4043,46.0672,32.1657,2.2281,39.1471,3.2731,0.9844,0.0523,0.0,0.0,0.233,0.233,EXIT
2019-05-07,14,ETR,XEL,37.5209,46.1242,32.1657,2.2281,39.1471,3.2731,0.9844,0.5022,0.0,0.0,0.233,0.233,HOLD_CASH
2019-05-08,14,ETR,XEL,36.9833,45.5536,32.1657,2.2281,39.1471,3.2731,0.9844,-0.5278,0.0,0.0,0.233,0.233,HOLD_CASH
2019-05-09,14,ETR,XEL,37.0146,45.7003,32.1657,2.2281,39.1471,3.2731,0.9844,-0.8954,0.0,0.0,0.233,0.233,HOLD_CASH
2019-05-10,14,ETR,XEL,37.8075,46.6378,32.1657,2.2281,39.1471,3.2731,0.9844,0.1453,0.0,0.0,0.233,0.233,HOLD_CASH
2019-05-13,14,ETR,XEL,38.2549,47.1025,32.1657,2.2281,39.1471,3.2731,0.9844,0.9304,0.0,0.0,0.233,0.233,HOLD_CASH
2019-05-14,14,ETR,XEL,37.8702,46.7193,32.1657,2.2281,39.1471,3.2731,0.9844,0.1105,0.0,0.0,0.233,0.233,HOLD_CASH
2019-05-15,14,ETR,XEL,37.7918,46.646,32.1657,2.2281,39.1471,3.2731,0.9844,-0.1396,0.0,0.0,0.233,0.233,HOLD_CASH
2019-05-16,14,ETR,XEL,38.0351,47.0617,32.1657,2.2281,39.1471,3.2731,0.9844,-0.5565,0.0,0.0,0.233,0.233,HOLD_CASH
2019-05-17,14,ETR,XEL,38.4197,47.453,32.1657,2.2281,39.1471,3.2731,0.9844,0.3389,0.0,0.0,0.233,0.233,HOLD_CASH
2019-05-20,14,ETR,XEL,38.4433,47.5998,32.1657,2.2281,39.1471,3.2731,0.9844,-0.2812,0.0,0.0,0.233,0.233,HOLD_CASH
2019-05-21,14,ETR,XEL,38.3373,47.347,32.1657,2.2281,39.1471,3.2731,0.9844,0.1908,0.0,0.0,0.233,0.233,HOLD_CASH
2019-05-22,14,ETR,XEL,38.6552,47.6976,32.1657,2.2281,39.1471,3.2731,0.9844,0.7836,0.0,0.0,0.233,0.233,HOLD_CASH
2019-05-23,14,ETR,XEL,38.9927,48.1704,32.1657,2.2281,39.1471,3.2731,0.9844,0.8601,0.0,0.0,0.233,0.233,HOLD_CASH
2019-05-24,14,ETR,XEL,38.8514,48.0889,32.1657,2.2281,39.1471,3.2731,0.9844,0.0752,0.0,0.0,0.233,0.233,HOLD_CASH
2019-05-28,14,ETR,XEL,38.0429,47.3063,32.1657,2.2281,39.1471,3.2731,0.9844,-2.0009,1.0,0.0,0.1496,0.1496,ENTER_LONG_A
2019-05-29,14,ETR,XEL,37.5445,46.6297,32.1657,2.2281,39.1471,3.2731,0.9844,-2.0334,1.0,-0.0538,0.1496,0.0958,HOLDING
2019-05-30,14,ETR,XEL,37.7407,46.7601,32.1657,2.2281,39.1471,3.2731,0.9844,-1.1266,1.0,0.0762,0.1496,0.2258,HOLDING
2019-05-31,14,ETR,XEL,38.0979,46.7438,32.1657,2.2281,39.1471,3.2731,0.9844,1.7033,1.0,0.516,0.1496,0.6657,HOLDING
2019-06-03,14,ETR,XEL,38.4707,47.2411,32.1657,2.2281,39.1471,3.2731,0.9844,1.8008,1.0,0.5634,0.1496,0.713,HOLDING
2019-06-04,14,ETR,XEL,38.2431,47.1025,32.1657,2.2281,39.1471,3.2731,0.9844,0.766,1.0,0.4023,0.1496,0.552,HOLDING
2019-06-05,14,ETR,XEL,39.342,48.3579,32.1657,2.2281,39.1471,3.2731,0.9844,2.1448,1.0,0.7102,0.1496,0.8598,HOLDING
2019-06-06,14,ETR,XEL,39.6325,48.7492,32.1657,2.2281,39.1471,3.2731,0.9844,1.9547,1.0,0.7439,0.1496,0.8936,HOLDING
2019-06-07,14,ETR,XEL,39.4833,48.4476,32.1657,2.2281,39.1471,3.2731,0.9844,1.931,1.0,0.8072,0.1496,0.9568,HOLDING
2019-06-10,14,ETR,XEL,39.189,48.309,32.1657,2.2281,39.1471,3.2731,0.9844,0.8124,1.0,0.5665,0.1496,0.7161,HOLDING
2019-06-11,14,ETR,XEL,39.0516,47.8443,32.1657,2.2281,39.1471,3.2731,0.9844,1.5176,1.0,0.7744,0.1496,0.924,HOLDING
2019-06-12,14,ETR,XEL,39.762,48.5209,32.1657,2.2281,39.1471,3.2731,0.9844,2.2171,1.0,1.0814,0.1496,1.2311,HOLDING
2019-06-13,14,ETR,XEL,39.6482,48.7959,32.1657,2.2281,39.1471,3.2731,0.9844,0.9024,1.0,0.7253,0.1496,0.8749,HOLDING
2019-06-14,14,ETR,XEL,40.0485,49.272,32.1657,2.2281,39.1471,3.2731,0.9844,1.1122,1.0,0.8224,0.1496,0.9721,HOLDING
2019-06-17,14,ETR,XEL,39.9386,49.1488,32.1657,2.2281,39.1471,3.2731,0.9844,0.9111,1.0,0.7897,0.1496,0.9393,HOLDING
2019-06-18,14,ETR,XEL,39.7581,49.313,32.1657,2.2281,39.1471,3.2731,0.9844,-0.2765,0.0,0.0,0.5052,0.5052,EXIT
2019-06-19,14,ETR,XEL,40.2212,49.9122,32.1657,2.2281,39.1471,3.2731,0.9844,-0.0619,0.0,0.0,0.5052,0.5052,HOLD_CASH
2019-06-20,14,ETR,XEL,40.598,50.3226,32.1657,2.2281,39.1471,3.2731,0.9844,0.3174,0.0,0.0,0.5052,0.5052,HOLD_CASH
2019-06-21,14,ETR,XEL,40.9198,50.5114,32.1657,2.2281,39.1471,3.2731,0.9844,1.0174,0.0,0.0,0.5052,0.5052,HOLD_CASH
2019-06-24,14,ETR,XEL,40.6961,50.2897,32.1657,2.2281,39.1471,3.2731,0.9844,0.6463,0.0,0.0,0.5052,0.5052,HOLD_CASH
2019-06-25,14,ETR,XEL,40.5195,50.0599,32.1657,2.2281,39.1471,3.2731,0.9844,0.4815,0.0,0.0,0.5052,0.5052,HOLD_CASH
2019-06-26,14,ETR,XEL,39.7228,48.7959,32.1657,2.2281,39.1471,3.2731,0.9844,0.674,0.0,0.0,0.5052,0.5052,HOLD_CASH
2019-06-27,14,ETR,XEL,39.8994,48.6564,32.1657,2.2281,39.1471,3.2731,0.9844,2.1839,-1.0,0.0,0.4218,0.4218,ENTER_SHORT_A
2019-06-28,14,ETR,XEL,40.3978,48.8287,32.1657,2.2281,39.1471,3.2731,0.9844,3.0766,-1.0,-0.4401,0.4218,-0.0183,HOLDING
2019-07-01,14,ETR,XEL,40.0328,48.7795,32.1657,2.2281,39.1471,3.2731,0.9844,1.4077,-1.0,-0.0586,0.4218,0.3633,HOLDING
2019-07-02,14,ETR,XEL,40.6961,49.3705,32.1657,2.2281,39.1471,3.2731,0.9844,2.1644,-1.0,-0.3657,0.4218,0.0561,HOLDING
2019-07-03,14,ETR,XEL,41.0297,49.8301,32.1657,2.2281,39.1471,3.2731,0.9844,1.913,-1.0,-0.3951,0.4218,0.0267,HOLDING
2019-07-05,14,ETR,XEL,40.9512,49.8137,32.1657,2.2281,39.1471,3.2731,0.9844,1.4768,-1.0,-0.3176,0.4218,0.1043,HOLDING
2019-07-08,14,ETR,XEL,40.963,49.945,32.1657,2.2281,39.1471,3.2731,0.9844,1.1057,-1.0,-0.2299,0.4218,0.1919,HOLDING
2019-07-09,14,ETR,XEL,40.912,49.9778,32.1657,2.2281,39.1471,3.2731,0.9844,0.7828,-1.0,-0.146,0.4218,0.2758,HOLDING
2019-07-10,14,ETR,XEL,41.0807,50.2077,32.1657,2.2281,39.1471,3.2731,0.9844,0.7546,-1.0,-0.163,0.4218,0.2589,HOLDING
2019-07-11,14,ETR,XEL,40.9944,50.2241,32.1657,2.2281,39.1471,3.2731,0.9844,0.4163,0.0,0.0,0.2849,0.2849,EXIT
2019-07-12,14,ETR,XEL,40.7667,49.904,32.1657,2.2281,39.1471,3.2731,0.9844,0.3171,0.0,0.0,0.2849,0.2849,HOLD_CASH
2019-07-15,14,ETR,XEL,41.1474,50.2159,32.1657,2.2281,39.1471,3.2731,0.9844,0.8092,0.0,0.0,0.2849,0.2849,HOLD_CASH
2019-07-16,14,ETR,XEL,41.1631,50.0681,32.1657,2.2281,39.1471,3.2731,0.9844,1.0752,0.0,0.0,0.2849,0.2849,HOLD_CASH
2019-07-17,14,ETR,XEL,41.4222,50.2979,32.1657,2.2281,39.1471,3.2731,0.9844,1.3291,0.0,0.0,0.2849,0.2849,HOLD_CASH
2019-07-18,14,ETR,XEL,41.8971,50.8315,32.1657,2.2281,39.1471,3.2731,0.9844,1.6163,0.0,0.0,0.2849,0.2849,HOLD_CASH
2019-07-19,14,ETR,XEL,41.4457,49.8793,32.1657,2.2281,39.1471,3.2731,0.9844,2.0337,-1.0,0.0,0.2016,0.2016,ENTER_SHORT_A
2019-07-22,14,ETR,XEL,41.3672,49.8301,32.1657,2.2281,39.1471,3.2731,0.9844,1.6593,-1.0,0.0506,0.2016,0.2522,HOLDING
2019-07-23,14,ETR,XEL,41.1553,49.5839,32.1657,2.2281,39.1471,3.2731,0.9844,1.3805,-1.0,0.1029,0.2016,0.3045,HOLDING
2019-07-24,14,ETR,XEL,41.0768,49.6249,32.1657,2.2281,39.1471,3.2731,0.9844,0.9454,-1.0,0.2208,0.2016,0.4225,HOLDING
2019-07-25,14,ETR,XEL,40.8256,49.4033,32.1657,2.2281,39.1471,3.2731,0.9844,0.4744,0.0,0.0,0.4544,0.4544,EXIT
2019-07-26,14,ETR,XEL,40.6961,49.6659,32.1657,2.2281,39.1471,3.2731,0.9844,-0.9541,0.0,0.0,0.4544,0.4544,HOLD_CASH
2019-07-29,14,ETR,XEL,41.1867,50.0517,32.1657,2.2281,39.1471,3.2731,0.9844,0.1298,0.0,0.0,0.4544,0.4544,HOLD_CASH
2019-07-30,14,ETR,XEL,40.7707,49.7316,32.1657,2.2281,39.1471,3.2731,0.9844,-0.8517,0.0,0.0,0.4544,0.4544,HOLD_CASH
2019-07-31,14,ETR,XEL,41.4536,48.9272,32.1657,2.2281,39.1471,3.2731,0.9844,3.1594,-1.0,0.0,0.3711,0.3711,ENTER_SHORT_A
2019-08-01,14,ETR,XEL,41.9795,49.8711,32.1657,2.2281,39.1471,3.2731,0.9844,2.2627,-1.0,0.1197,0.3711,0.4908,HOLDING
2019-08-02,14,ETR,XEL,41.8853,49.0996,32.1657,2.2281,39.1471,3.2731,0.9844,2.5707,-1.0,-0.3549,0.3711,0.0162,HOLDING
2019-08-05,14,ETR,XEL,41.1749,48.9436,32.1657,2.2281,39.1471,3.2731,0.9844,1.1372,-1.0,0.3251,0.3711,0.6963,HOLDING
2019-08-06,14,ETR,XEL,41.8186,49.6003,32.1657,2.2281,39.1471,3.2731,0.9844,1.3939,-1.0,0.0966,0.3711,0.4677,HOLDING
2019-08-07,14,ETR,XEL,41.9294,49.8957,32.1657,2.2281,39.1471,3.2731,0.9844,1.0984,-1.0,0.1944,0.3711,0.5655,HOLDING
2019-08-08,14,ETR,XEL,42.3728,50.5934,32.1657,2.2281,39.1471,3.2731,0.9844,0.9527,-1.0,0.2215,0.3711,0.5926,HOLDING
2019-08-09,14,ETR,XEL,42.5272,50.7001,32.1657,2.2281,39.1471,3.2731,0.9844,1.0238,-1.0,0.1285,0.3711,0.4996,HOLDING
2019-08-12,14,ETR,XEL,42.6499,50.5031,32.1657,2.2281,39.1471,3.2731,0.9844,1.3993,-1.0,-0.1574,0.3711,0.2137,HOLDING
2019-08-13,14,ETR,XEL,42.6816,50.38,32.1657,2.2281,39.1471,3.2731,0.9844,1.4567,-1.0,-0.2856,0.3711,0.0855,HOLDING
2019-08-14,14,ETR,XEL,42.357,49.8875,32.1657,2.2281,39.1471,3.2731,0.9844,1.3143,-1.0,-0.2917,0.3711,0.0794,HOLDING
2019-08-15,14,ETR,XEL,43.1487,50.5031,32.1657,2.2281,39.1471,3.2731,0.9844,1.7738,-1.0,-0.7173,0.3711,-0.3462,HOLDING
2019-08-16,14,ETR,XEL,43.2239,50.7248,32.1657,2.2281,39.1471,3.2731,0.9844,1.451,-1.0,-0.635,0.3711,-0.2639,HOLDING
2019-08-19,14,ETR,XEL,43.4614,51.012,32.1657,2.2281,39.1471,3.2731,0.9844,1.3612,-1.0,-0.6855,0.3711,-0.3144,HOLDING
2019-08-20,14,ETR,XEL,43.6277,51.2172,32.1657,2.2281,39.1471,3.2731,0.9844,1.2633,-1.0,-0.7178,0.3711,-0.3467,HOLDING
2019-08-21,14,ETR,XEL,44.2056,51.7097,32.1657,2.2281,39.1471,3.2731,0.9844,1.4826,-1.0,-0.9961,0.3711,-0.625,HOLDING
2019-08-22,14,ETR,XEL,44.0631,51.9395,32.1657,2.2281,39.1471,3.2731,0.9844,0.9255,-1.0,-0.6633,0.3711,-0.2922,HOLDING
2019-08-23,14,ETR,XEL,43.4812,51.2583,32.1657,2.2281,39.1471,3.2731,0.9844,0.6585,-1.0,-0.5225,0.3711,-0.1514,HOLDING
2019-08-26,14,ETR,XEL,44.1541,52.1529,32.1657,2.2281,39.1471,3.2731,0.9844,0.7342,-1.0,-0.605,0.3711,-0.2338,HOLDING
2019-08-27,14,ETR,XEL,44.3758,52.5223,32.1657,2.2281,39.1471,3.2731,0.9844,0.6812,-1.0,-0.576,0.3711,-0.2049,HOLDING
2019-08-28,14,ETR,XEL,44.4629,52.5141,32.1657,2.2281,39.1471,3.2731,0.9844,0.8544,-1.0,-0.6799,0.3711,-0.3088,HOLDING
2019-08-29,14,ETR,XEL,44.74,53.023,32.1657,2.2281,39.1471,3.2731,0.9844,0.5993,-1.0,-0.6082,0.3711,-0.237,HOLDING
2019-08-30,14,ETR,XEL,44.6688,52.7111,32.1657,2.2281,39.1471,3.2731,0.9844,0.924,-1.0,-0.7628,0.3711,-0.3917,HOLDING
2019-09-03,14,ETR,XEL,45.5951,53.7863,32.1657,2.2281,39.1471,3.2731,0.9844,1.4013,-1.0,-0.9937,0.3711,-0.6226,HOLDING
2019-09-04,14,ETR,XEL,45.7495,54.0243,32.1657,2.2281,39.1471,3.2731,0.9844,1.2655,-1.0,-0.988,0.3711,-0.6169,HOLDING
2019-09-05,14,ETR,XEL,45.3259,53.4744,32.1657,2.2281,39.1471,3.2731,0.9844,1.0308,-1.0,-0.9262,0.3711,-0.5551,HOLDING
2019-09-06,14,ETR,XEL,44.9498,53.1871,32.1657,2.2281,39.1471,3.2731,0.9844,0.3472,0.0,0.0,-0.4395,-0.4395,EXIT
2019-09-09,14,ETR,XEL,44.5698,52.0298,32.1657,2.2281,39.1471,3.2731,0.9844,1.8859,0.0,0.0,-0.4395,-0.4395,HOLD_CASH
2019-09-10,14,ETR,XEL,44.4352,51.7015,32.1657,2.2281,39.1471,3.2731,0.9844,2.0531,-1.0,0.0,-0.5229,-0.5229,ENTER_SHORT_A
2019-09-11,14,ETR,XEL,44.6965,51.9149,32.1657,2.2281,39.1471,3.2731,0.9844,2.2188,-1.0,-0.1246,-0.5229,-0.6475,HOLDING
2019-09-12,14,ETR,XEL,45.0844,52.1008,32.1657,2.2281,39.1471,3.2731,0.9844,2.657,-1.0,-0.4022,-0.5229,-0.925,HOLDING
2019-09-13,14,ETR,XEL,44.938,51.7208,32.1657,2.2281,39.1471,3.2731,0.9844,2.3901,-1.0,-0.5161,-0.5229,-1.039,HOLDING
2019-09-16,14,ETR,XEL,44.9419,51.9025,32.1657,2.2281,39.1471,3.2731,0.9844,1.7545,-1.0,-0.392,-0.5229,-0.9148,HOLDING
2019-09-17,14,ETR,XEL,45.3101,52.646,32.1657,2.2281,39.1471,3.2731,0.9844,1.2473,-1.0,-0.2549,-0.5229,-0.7778,HOLDING
2019-09-18,14,ETR,XEL,45.3853,52.8773,32.1657,2.2281,39.1471,3.2731,0.9844,0.9343,-1.0,-0.1709,-0.5229,-0.6937,HOLDING
2019-09-19,14,ETR,XEL,45.5555,53.0838,32.1657,2.2281,39.1471,3.2731,0.9844,0.9387,-1.0,-0.2044,-0.5229,-0.7272,HOLDING
2019-09-20,14,ETR,XEL,45.607,53.3812,32.1657,2.2281,39.1471,3.2731,0.9844,0.4863,0.0,0.0,-0.6572,-0.6572,EXIT
2019-09-23,14,ETR,XEL,45.7732,53.3647,32.1657,2.2281,39.1471,3.2731,0.9844,0.8714,0.0,0.0,-0.6572,-0.6572,HOLD_CASH
2019-09-24,14,ETR,XEL,46.3512,54.0503,32.1657,2.2281,39.1471,3.2731,0.9844,1.0916,0.0,0.0,-0.6572,-0.6572,HOLD_CASH
2019-09-25,14,ETR,XEL,46.268,53.7364,32.1657,2.2281,39.1471,3.2731,0.9844,1.3286,0.0,0.0,-0.6572,-0.6572,HOLD_CASH
2019-09-26,14,ETR,XEL,46.5333,54.166,32.1657,2.2281,39.1471,3.2731,0.9844,1.1579,0.0,0.0,-0.6572,-0.6572,HOLD_CASH
2019-09-27,14,ETR,XEL,46.5135,53.9925,32.1657,2.2281,39.1471,3.2731,0.9844,1.3516,0.0,0.0,-0.6572,-0.6572,HOLD_CASH
2019-09-30,14,ETR,XEL,46.4581,53.6042,32.1657,2.2281,39.1471,3.2731,0.9844,1.7957,0.0,0.0,-0.6572,-0.6572,HOLD_CASH
2019-10-01,14,ETR,XEL,46.4422,53.6538,32.1657,2.2281,39.1471,3.2731,0.9844,1.4721,0.0,0.0,-0.6572,-0.6572,HOLD_CASH
2019-04-03,15,CMS,DTE,44.611,83.8392,39.5697,2.8634,74.1915,5.5456,0.9843,0.0,0.0,0.0,0.0,0.0,HOLD_CASH
2019-04-04,15,CMS,DTE,44.3752,83.3978,39.5697,2.8634,74.1915,5.5456,0.9843,0.0,0.0,0.0,0.0,0.0,HOLD_CASH
2019-04-05,15,CMS,DTE,44.8143,84.1855,39.5697,2.8634,74.1915,5.5456,0.9843,0.0,0.0,0.0,0.0,0.0,HOLD_CASH
2019-04-08,15,CMS,DTE,44.1882,83.262,39.5697,2.8634,74.1915,5.5456,0.9843,0.0,0.0,0.0,0.0,0.0,HOLD_CASH
2019-04-09,15,CMS,DTE,44.4159,83.6762,39.5697,2.8634,74.1915,5.5456,0.9843,0.0,0.0,0.0,0.0,0.0,HOLD_CASH
2019-04-10,15,CMS,DTE,44.2288,83.5269,39.5697,2.8634,74.1915,5.5456,0.9843,0.0,0.0,0.0,0.0,0.0,HOLD_CASH
2019-04-11,15,CMS,DTE,44.668,84.1447,39.5697,2.8634,74.1915,5.5456,0.9843,0.0,0.0,0.0,0.0,0.0,HOLD_CASH
2019-04-12,15,CMS,DTE,44.7086,84.4843,39.5697,2.8634,74.1915,5.5456,0.9843,0.0,0.0,0.0,0.0,0.0,HOLD_CASH
2019-04-15,15,CMS,DTE,44.6192,84.5114,39.5697,2.8634,74.1915,5.5456,0.9843,0.0,0.0,0.0,0.0,0.0,HOLD_CASH
2019-04-16,15,CMS,DTE,43.9524,83.391,39.5697,2.8634,74.1915,5.5456,0.9843,0.0,0.0,0.0,0.0,0.0,HOLD_CASH
2019-04-17,15,CMS,DTE,43.9849,83.391,39.5697,2.8634,74.1915,5.5456,0.9843,0.0,0.0,0.0,0.0,0.0,HOLD_CASH
2019-04-18,15,CMS,DTE,43.7572,83.6627,39.5697,2.8634,74.1915,5.5456,0.9843,0.0,0.0,0.0,0.0,0.0,HOLD_CASH
2019-04-22,15,CMS,DTE,43.5539,83.3299,39.5697,2.8634,74.1915,5.5456,0.9843,0.0,0.0,0.0,0.0,0.0,HOLD_CASH
2019-04-23,15,CMS,DTE,44.0662,83.6151,39.5697,2.8634,74.1915,5.5456,0.9843,0.0,0.0,0.0,0.0,0.0,HOLD_CASH
2019-04-24,15,CMS,DTE,44.237,84.2262,39.5697,2.8634,74.1915,5.5456,0.9843,0.0,0.0,0.0,0.0,0.0,HOLD_CASH
2019-04-25,15,CMS,DTE,44.5297,84.3145,39.5697,2.8634,74.1915,5.5456,0.9843,0.0,0.0,0.0,0.0,0.0,HOLD_CASH
2019-04-26,15,CMS,DTE,44.6436,84.4299,39.5697,2.8634,74.1915,5.5456,0.9843,0.0,0.0,0.0,0.0,0.0,HOLD_CASH
2019-04-29,15,CMS,DTE,44.424,83.941,39.5697,2.8634,74.1915,5.5456,0.9843,0.0,0.0,0.0,0.0,0.0,HOLD_CASH
2019-04-30,15,CMS,DTE,45.1721,85.3602,39.5697,2.8634,74.1915,5.5456,0.9843,0.0,0.0,0.0,0.0,0.0,HOLD_CASH
2019-05-01,15,CMS,DTE,44.7086,84.2059,39.5697,2.8634,74.1915,5.5456,0.9843,0.8292,0.0,0.0,0.0,0.0,HOLD_CASH
2019-05-02,15,CMS,DTE,44.6947,84.2805,39.5697,2.8634,74.1915,5.5456,0.9843,0.6561,0.0,0.0,0.0,0.0,HOLD_CASH
2019-05-03,15,CMS,DTE,45.2515,85.0275,39.5697,2.8634,74.1915,5.5456,0.9843,1.4095,0.0,0.0,0.0,0.0,HOLD_CASH
2019-05-06,15,CMS,DTE,45.1287,84.9324,39.5697,2.8634,74.1915,5.5456,0.9843,1.1194,0.0,0.0,0.0,0.0,HOLD_CASH
2019-05-07,15,CMS,DTE,44.9895,84.5861,39.5697,2.8634,74.1915,5.5456,0.9843,1.219,0.0,0.0,0.0,0.0,HOLD_CASH
2019-05-08,15,CMS,DTE,44.4408,83.5404,39.5697,2.8634,74.1915,5.5456,0.9843,1.1027,0.0,0.0,0.0,0.0,HOLD_CASH
2019-05-09,15,CMS,DTE,44.5473,83.9275,39.5697,2.8634,74.1915,5.5456,0.9843,0.6877,0.0,0.0,0.0,0.0,HOLD_CASH
2019-05-10,15,CMS,DTE,45.5545,85.5435,39.5697,2.8634,74.1915,5.5456,0.9843,1.3732,0.0,0.0,0.0,0.0,HOLD_CASH
2019-05-13,15,CMS,DTE,46.226,86.5145,39.5697,2.8634,74.1915,5.5456,0.9843,1.8041,0.0,0.0,0.0,0.0,HOLD_CASH
2019-05-14,15,CMS,DTE,45.7347,85.6454,39.5697,2.8634,74.1915,5.5456,0.9843,1.4395,0.0,0.0,0.0,0.0,HOLD_CASH
2019-05-15,15,CMS,DTE,45.7347,85.3398,39.5697,2.8634,74.1915,5.5456,0.9843,1.7091,0.0,0.0,0.0,0.0,HOLD_CASH
2019-05-16,15,CMS,DTE,46.0377,86.0732,39.5697,2.8634,74.1915,5.5456,0.9843,1.3262,0.0,0.0,0.0,0.0,HOLD_CASH
2019-05-17,15,CMS,DTE,46.2342,86.5417,39.5697,2.8634,74.1915,5.5456,0.9843,1.1272,0.0,0.0,0.0,0.0,HOLD_CASH
2019-05-20,15,CMS,DTE,46.4471,86.4942,39.5697,2.8634,74.1915,5.5456,0.9843,1.8489,0.0,0.0,0.0,0.0,HOLD_CASH
2019-05-21,15,CMS,DTE,46.1441,86.3788,39.5697,2.8634,74.1915,5.5456,0.9843,0.8785,0.0,0.0,0.0,0.0,HOLD_CASH
2019-05-22,15,CMS,DTE,46.4307,87.1121,39.5697,2.8634,74.1915,5.5456,0.9843,0.4824,0.0,0.0,0.0,0.0,HOLD_CASH
2019-05-23,15,CMS,DTE,46.963,87.8183,39.5697,2.8634,74.1915,5.5456,0.9843,1.1451,0.0,0.0,0.0,0.0,HOLD_CASH
2019-05-24,15,CMS,DTE,46.8729,87.4516,39.5697,2.8634,74.1915,5.5456,0.9843,1.4453,0.0,0.0,0.0,0.0,HOLD_CASH
2019-05-28,15,CMS,DTE,45.9967,85.462,39.5697,2.8634,74.1915,5.5456,0.9843,1.8396,0.0,0.0,0.0,0.0,HOLD_CASH
2019-05-29,15,CMS,DTE,45.4399,84.7016,39.5697,2.8634,74.1915,5.5456,0.9843,0.9862,0.0,0.0,0.0,0.0,HOLD_CASH
2019-05-30,15,CMS,DTE,45.6528,84.3485,39.5697,2.8634,74.1915,5.5456,0.9843,2.3275,-1.0,0.0,-0.0833,-0.0833,ENTER_SHORT_A
2019-05-31,15,CMS,DTE,45.9476,85.1973,39.5697,2.8634,74.1915,5.5456,0.9843,1.5838,-1.0,0.1286,-0.0833,0.0452,HOLDING
2019-06-03,15,CMS,DTE,46.6764,86.1275,39.5697,2.8634,74.1915,5.5456,0.9843,2.178,-1.0,-0.1125,-0.0833,-0.1958,HOLDING
2019-06-04,15,CMS,DTE,46.3325,85.8219,39.5697,2.8634,74.1915,5.5456,0.9843,1.3398,-1.0,0.0651,-0.0833,-0.0182,HOLDING
2019-06-05,15,CMS,DTE,47.4625,87.6825,39.5697,2.8634,74.1915,5.5456,0.9843,1.7645,-1.0,-0.1086,-0.0833,-0.1919,HOLDING
2019-06-06,15,CMS,DTE,47.6672,87.9812,39.5697,2.8634,74.1915,5.5456,0.9843,1.7273,-1.0,-0.1583,-0.0833,-0.2417,HOLDING
2019-06-07,15,CMS,DTE,47.3233,87.309,39.5697,2.8634,74.1915,5.5456,0.9843,1.5892,-1.0,-0.1562,-0.0833,-0.2395,HOLDING
2019-06-10,15,CMS,DTE,47.0858,87.0714,39.5697,2.8634,74.1915,5.5456,0.9843,1.0806,-1.0,-0.0463,-0.0833,-0.1297,HOLDING
2019-06-11,15,CMS,DTE,46.8156,86.6571,39.5697,2.8634,74.1915,5.5456,0.9843,0.7815,-1.0,0.0099,-0.0833,-0.0734,HOLDING
2019-06-12,15,CMS,DTE,47.4543,87.696,39.5697,2.8634,74.1915,5.5456,0.9843,1.0761,-1.0,-0.0944,-0.0833,-0.1777,HOLDING
2019-06-13,15,CMS,DTE,47.4543,87.5059,39.5697,2.8634,74.1915,5.5456,0.9843,1.2827,-1.0,-0.1853,-0.0833,-0.2687,HOLDING
2019-06-14,15,CMS,DTE,48.1094,88.6107,39.5697,2.8634,74.1915,5.5456,0.9843,1.4475,-1.0,-0.2735,-0.0833,-0.3568,HOLDING
2019-06-17,15,CMS,DTE,47.7983,88.7475,39.5697,2.8634,74.1915,5.5456,0.9843,0.0345,0.0,0.0,-0.0859,-0.0859,EXIT
2019-06-18,15,CMS,DTE,47.5935,88.2207,39.5697,2.8634,74.1915,5.5456,0.9843,0.2225,0.0,0.0,-0.0859,-0.0859,HOLD_CASH
2019-06-19,15,CMS,DTE,48.2241,89.2468,39.5697,2.8634,74.1915,5.5456,0.9843,0.5614,0.0,0.0,-0.0859,-0.0859,HOLD_CASH
2019-06-20,15,CMS,DTE,48.396,89.7325,39.5697,2.8634,74.1915,5.5456,0.9843,0.1485,0.0,0.0,-0.0859,-0.0859,HOLD_CASH
2019-06-21,15,CMS,DTE,48.437,89.6846,39.5697,2.8634,74.1915,5.5456,0.9843,0.3912,0.0,0.0,-0.0859,-0.0859,HOLD_CASH
2019-06-24,15,CMS,DTE,48.3305,90.0129,39.5697,2.8634,74.1915,5.5456,0.9843,-1.3006,0.0,0.0,-0.0859,-0.0859,HOLD_CASH
2019-06-25,15,CMS,DTE,48.2814,89.0758,39.5697,2.8634,74.1915,5.5456,0.9843,1.2045,0.0,0.0,-0.0859,-0.0859,HOLD_CASH
2019-06-26,15,CMS,DTE,47.1186,87.1947,39.5697,2.8634,74.1915,5.5456,0.9843,-0.2765,0.0,0.0,-0.0859,-0.0859,HOLD_CASH
2019-06-27,15,CMS,DTE,47.094,87.2563,39.5697,2.8634,74.1915,5.5456,0.9843,-0.7022,0.0,0.0,-0.0859,-0.0859,HOLD_CASH
2019-06-28,15,CMS,DTE,47.4216,87.4751,39.5697,2.8634,74.1915,5.5456,0.9843,0.9246,0.0,0.0,-0.0859,-0.0859,HOLD_CASH
2019-07-01,15,CMS,DTE,47.2169,87.7488,39.5697,2.8634,74.1915,5.5456,0.9843,-1.664,0.0,0.0,-0.0859,-0.0859,HOLD_CASH
2019-07-02,15,CMS,DTE,47.6836,88.8159,39.5697,2.8634,74.1915,5.5456,0.9843,-1.9756,0.0,0.0,-0.0859,-0.0859,HOLD_CASH
2019-07-03,15,CMS,DTE,48.2978,89.6709,39.5697,2.8634,74.1915,5.5456,0.9843,-0.6649,0.0,0.0,-0.0859,-0.0859,HOLD_CASH
2019-07-05,15,CMS,DTE,48.0849,89.5204,39.5697,2.8634,74.1915,5.5456,0.9843,-1.4272,0.0,0.0,-0.0859,-0.0859,HOLD_CASH
2019-07-08,15,CMS,DTE,48.2159,89.6299,39.5697,2.8634,74.1915,5.5456,0.9843,-0.8368,0.0,0.0,-0.0859,-0.0859,HOLD_CASH
2019-07-09,15,CMS,DTE,48.2159,89.7598,39.5697,2.8634,74.1915,5.5456,0.9843,-1.1578,0.0,0.0,-0.0859,-0.0859,HOLD_CASH
2019-07-10,15,CMS,DTE,48.2486,89.9924,39.5697,2.8634,74.1915,5.5456,0.9843,-1.5182,0.0,0.0,-0.0859,-0.0859,HOLD_CASH
2019-07-11,15,CMS,DTE,48.3142,90.0335,39.5697,2.8634,74.1915,5.5456,0.9843,-1.1253,0.0,0.0,-0.0859,-0.0859,HOLD_CASH
2019-07-12,15,CMS,DTE,47.9702,89.1989,39.5697,2.8634,74.1915,5.5456,0.9843,-0.5758,0.0,0.0,-0.0859,-0.0859,HOLD_CASH
2019-07-15,15,CMS,DTE,48.003,88.9185,39.5697,2.8634,74.1915,5.5456,0.9843,0.676,0.0,0.0,-0.0859,-0.0859,HOLD_CASH
2019-07-16,15,CMS,DTE,47.8228,88.6175,39.5697,2.8634,74.1915,5.5456,0.9843,0.4492,0.0,0.0,-0.0859,-0.0859,HOLD_CASH
2019-07-17,15,CMS,DTE,48.0439,88.98,39.5697,2.8634,74.1915,5.5456,0.9843,0.6784,0.0,0.0,-0.0859,-0.0859,HOLD_CASH
2019-07-18,15,CMS,DTE,48.4206,89.8556,39.5697,2.8634,74.1915,5.5456,0.9843,0.2483,0.0,0.0,-0.0859,-0.0859,HOLD_CASH
2019-07-19,15,CMS,DTE,47.7082,88.0976,39.5697,2.8634,74.1915,5.5456,0.9843,1.417,0.0,0.0,-0.0859,-0.0859,HOLD_CASH
2019-07-22,15,CMS,DTE,47.7328,87.9745,39.5697,2.8634,74.1915,5.5456,0.9843,1.8073,0.0,0.0,-0.0859,-0.0859,HOLD_CASH
2019-07-23,15,CMS,DTE,47.7164,87.6735,39.5697,2.8634,74.1915,5.5456,0.9843,2.186,-1.0,0.0,-0.1692,-0.1692,ENTER_SHORT_A
2019-07-24,15,CMS,DTE,47.5035,87.3589,39.5697,2.8634,74.1915,5.5456,0.9843,1.7888,-1.0,0.0479,-0.1692,-0.1213,HOLDING
2019-07-25,15,CMS,DTE,47.4625,87.5983,39.5697,2.8634,74.1915,5.5456,0.9843,0.8724,-1.0,0.1947,-0.1692,0.0255,HOLDING
2019-07-26,15,CMS,DTE,48.0603,88.4944,39.5697,2.8634,74.1915,5.5456,0.9843,1.435,-1.0,0.0662,-0.1692,-0.103,HOLDING
2019-07-29,15,CMS,DTE,48.4616,88.2276,39.5697,2.8634,74.1915,5.5456,0.9843,2.9038,-1.0,-0.4187,-0.1692,-0.5879,HOLDING
2019-07-30,15,CMS,DTE,47.9538,87.523,39.5697,2.8634,74.1915,5.5456,0.9843,1.9803,-1.0,-0.2835,-0.1692,-0.4527,HOLDING
2019-07-31,15,CMS,DTE,47.6754,86.9484,39.5697,2.8634,74.1915,5.5456,0.9843,1.7581,-1.0,-0.2958,-0.1692,-0.465,HOLDING
2019-08-01,15,CMS,DTE,48.6259,88.2754,39.5697,2.8634,74.1915,5.5456,0.9843,2.1356,-1.0,-0.5451,-0.1692,-0.7143,HOLDING
2019-08-02,15,CMS,DTE,48.3868,88.0087,39.5697,2.8634,74.1915,5.5456,0.9843,1.6302,-1.0,-0.4516,-0.1692,-0.6208,HOLDING
2019-08-05,15,CMS,DTE,47.9911,86.8185,39.5697,2.8634,74.1915,5.5456,0.9843,1.8521,-1.0,-0.6406,-0.1692,-0.8098,HOLDING
2019-08-06,15,CMS,DTE,48.5517,87.4341,39.5697,2.8634,74.1915,5.5456,0.9843,2.0501,-1.0,-0.8642,-0.1692,-1.0334,HOLDING
2019-08-07,15,CMS,DTE,48.7248,87.6804,39.5697,2.8634,74.1915,5.5456,0.9843,1.8742,-1.0,-0.9075,-0.1692,-1.0767,HOLDING
2019-08-08,15,CMS,DTE,49.5161,88.4396,39.5697,2.8634,74.1915,5.5456,0.9843,2.239,-1.0,-1.2737,-0.1692,-1.4429,HOLDING
2019-08-09,15,CMS,DTE,49.7222,88.4944,39.5697,2.8634,74.1915,5.5456,0.9843,2.146,-1.0,-1.4347,-0.1692,-1.6039,HOLDING
2019-08-12,15,CMS,DTE,49.409,87.6051,39.5697,2.8634,74.1915,5.5456,0.9843,2.0042,-1.0,-1.56,-0.1692,-1.7292,HOLDING
2019-08-13,15,CMS,DTE,49.5326,87.7146,39.5697,2.8634,74.1915,5.5456,0.9843,1.8228,-1.0,-1.6214,-0.1692,-1.7906,HOLDING
2019-08-14,15,CMS,DTE,49.2688,86.2986,39.5697,2.8634,74.1915,5.5456,0.9843,2.0722,-1.0,-2.0331,-0.1692,-2.2023,HOLDING
2019-08-15,15,CMS,DTE,50.5053,88.0087,39.5697,2.8634,74.1915,5.5456,0.9843,2.1351,-1.0,-2.3648,-0.1692,-2.534,HOLDING
2019-08-16,15,CMS,DTE,50.4476,88.4396,39.5697,2.8634,74.1915,5.5456,0.9843,1.6033,-1.0,-2.1149,-0.1692,-2.2841,HOLDING
2019-08-19,15,CMS,DTE,50.7526,89.4657,39.5697,2.8634,74.1915,5.5456,0.9843,1.2294,-1.0,-1.9194,-0.1692,-2.0886,HOLDING
2019-08-20,15,CMS,DTE,50.6619,88.6312,39.5697,2.8634,74.1915,5.5456,0.9843,1.43,-1.0,-2.2206,-0.1692,-2.3898,HOLDING
2019-08-21,15,CMS,DTE,51.1565,89.2742,39.5697,2.8634,74.1915,5.5456,0.9843,1.4483,-1.0,-2.3721,-0.1692,-2.5413,HOLDING
2019-08-22,15,CMS,DTE,51.2224,89.0963,39.5697,2.8634,74.1915,5.5456,0.9843,1.4735,-1.0,-2.5133,-0.1692,-2.6825,HOLDING
2019-08-23,15,CMS,DTE,50.7608,87.824,39.5697,2.8634,74.1915,5.5456,0.9843,1.5254,-1.0,-2.6804,-0.1692,-2.8496,HOLDING
2019-08-26,15,CMS,DTE,51.445,89.0279,39.5697,2.8634,74.1915,5.5456,0.9843,1.438,-1.0,-2.7457,-0.1692,-2.9149,HOLDING
2019-08-27,15,CMS,DTE,51.5686,89.1989,39.5697,2.8634,74.1915,5.5456,0.9843,1.3472,-1.0,-2.7788,-0.1692,-2.948,HOLDING
2019-08-28,15,CMS,DTE,51.4944,88.6038,39.5697,2.8634,74.1915,5.5456,0.9843,1.4628,-1.0,-2.985,-0.1692,-3.1542,HOLDING
2019-08-29,15,CMS,DTE,51.9561,88.9116,39.5697,2.8634,74.1915,5.5456,0.9843,1.6237,-1.0,-3.2606,-0.1692,-3.4298,HOLDING
2019-08-30,15,CMS,DTE,51.9725,88.6927,39.5697,2.8634,74.1915,5.5456,0.9843,1.6225,-1.0,-3.3759,-0.1692,-3.5451,HOLDING
2019-09-03,15,CMS,DTE,53.0689,90.2113,39.5697,2.8634,74.1915,5.5456,0.9843,1.8023,-1.0,-3.669,-0.1692,-3.8382,HOLDING
2019-09-04,15,CMS,DTE,53.1513,90.3344,39.5697,2.8634,74.1915,5.5456,0.9843,1.6591,-1.0,-3.687,-0.1692,-3.8562,HOLDING
2019-09-05,15,CMS,DTE,52.2611,88.8637,39.5697,2.8634,74.1915,5.5456,0.9843,1.395,-1.0,-3.558,-0.1692,-3.7272,HOLDING
2019-09-06,15,CMS,DTE,51.7335,88.1592,39.5697,2.8634,74.1915,5.5456,0.9843,1.0995,-1.0,-3.405,-0.1692,-3.5742,HOLDING
2019-09-09,15,CMS,DTE,50.6536,87.5367,39.5697,2.8634,74.1915,5.5456,0.9843,0.055,0.0,0.0,-2.9706,-2.9706,EXIT
2019-09-10,15,CMS,DTE,50.2745,87.9471,39.5697,2.8634,74.1915,5.5456,0.9843,-0.8471,0.0,0.0,-2.9706,-2.9706,HOLD_CASH
2019-09-11,15,CMS,DTE,50.4888,88.4123,39.5697,2.8634,74.1915,5.5456,0.9843,-0.9858,0.0,0.0,-2.9706,-2.9706,HOLD_CASH
2019-09-12,15,CMS,DTE,50.802,88.3986,39.5697,2.8634,74.1915,5.5456,0.9843,-0.5426,0.0,0.0,-2.9706,-2.9706,HOLD_CASH
2019-09-13,15,CMS,DTE,50.5053,88.4985,39.5697,2.8634,74.1915,5.5456,0.9843,-1.0618,0.0,0.0,-2.9706,-2.9706,HOLD_CASH
2019-09-16,15,CMS,DTE,50.6619,89.6148,39.5697,2.8634,74.1915,5.5456,0.9843,-1.6104,0.0,0.0,-2.9706,-2.9706,HOLD_CASH
2019-09-17,15,CMS,DTE,51.412,90.0765,39.5697,2.8634,74.1915,5.5456,0.9843,-0.8842,0.0,0.0,-2.9706,-2.9706,HOLD_CASH
2019-09-18,15,CMS,DTE,51.6263,90.7036,39.5697,2.8634,74.1915,5.5456,0.9843,-1.033,0.0,0.0,-2.9706,-2.9706,HOLD_CASH
2019-09-19,15,CMS,DTE,51.8077,90.8689,39.5697,2.8634,74.1915,5.5456,0.9843,-0.8613,0.0,0.0,-2.9706,-2.9706,HOLD_CASH
2019-09-20,15,CMS,DTE,52.022,91.1584,39.5697,2.8634,74.1915,5.5456,0.9843,-0.7308,0.0,0.0,-2.9706,-2.9706,HOLD_CASH
2019-09-23,15,CMS,DTE,52.088,90.6071,39.5697,2.8634,74.1915,5.5456,0.9843,-0.198,0.0,0.0,-2.9706,-2.9706,HOLD_CASH
2019-09-24,15,CMS,DTE,52.8298,92.1162,39.5697,2.8634,74.1915,5.5456,0.9843,-0.2218,0.0,0.0,-2.9706,-2.9706,HOLD_CASH
2019-09-25,15,CMS,DTE,53.0277,92.1989,39.5697,2.8634,74.1915,5.5456,0.9843,0.0194,0.0,0.0,-2.9706,-2.9706,HOLD_CASH
2019-09-26,15,CMS,DTE,53.6129,91.9508,39.5697,2.8634,74.1915,5.5456,0.9843,1.0404,0.0,0.0,-2.9706,-2.9706,HOLD_CASH
2019-09-27,15,CMS,DTE,52.7639,91.2962,39.5697,2.8634,74.1915,5.5456,0.9843,0.3123,0.0,0.0,-2.9706,-2.9706,HOLD_CASH
2019-09-30,15,CMS,DTE,52.7144,91.62,39.5697,2.8634,74.1915,5.5456,0.9843,0.0474,0.0,0.0,-2.9706,-2.9706,HOLD_CASH
2019-10-01,15,CMS,DTE,52.8793,91.7785,39.5697,2.8634,74.1915,5.5456,0.9843,0.2795,0.0,0.0,-2.9706,-2.9706,HOLD_CASH
2019-04-03,16,LLY,MRK,116.0209,64.3291,93.9978,14.6537,53.0414,6.4107,0.9836,0.0,0.0,0.0,0.0,0.0,HOLD_CASH
2019-04-04,16,LLY,MRK,114.7059,63.3005,93.9978,14.6537,53.0414,6.4107,0.9836,0.0,0.0,0.0,0.0,0.0,HOLD_CASH
2019-04-05,16,LLY,MRK,115.9661,62.7591,93.9978,14.6537,53.0414,6.4107,0.9836,0.0,0.0,0.0,0.0,0.0,HOLD_CASH
2019-04-08,16,LLY,MRK,116.1214,62.6044,93.9978,14.6537,53.0414,6.4107,0.9836,0.0,0.0,0.0,0.0,0.0,HOLD_CASH
2019-04-09,16,LLY,MRK,116.1944,62.4884,93.9978,14.6537,53.0414,6.4107,0.9836,0.0,0.0,0.0,0.0,0.0,HOLD_CASH
2019-04-10,16,LLY,MRK,116.1488,62.5039,93.9978,14.6537,53.0414,6.4107,0.9836,0.0,0.0,0.0,0.0,0.0,HOLD_CASH
2019-04-11,16,LLY,MRK,114.2859,61.746,93.9978,14.6537,53.0414,6.4107,0.9836,0.0,0.0,0.0,0.0,0.0,HOLD_CASH
2019-04-12,16,LLY,MRK,112.3773,61.4289,93.9978,14.6537,53.0414,6.4107,0.9836,0.0,0.0,0.0,0.0,0.0,HOLD_CASH
2019-04-15,16,LLY,MRK,113.3087,60.7329,93.9978,14.6537,53.0414,6.4107,0.9836,0.0,0.0,0.0,0.0,0.0,HOLD_CASH
2019-04-16,16,LLY,MRK,109.5464,59.9827,93.9978,14.6537,53.0414,6.4107,0.9836,0.0,0.0,0.0,0.0,0.0,HOLD_CASH
2019-04-17,16,LLY,MRK,106.3868,57.1676,93.9978,14.6537,53.0414,6.4107,0.9836,0.0,0.0,0.0,0.0,0.0,HOLD_CASH
2019-04-18,16,LLY,MRK,105.1996,56.6031,93.9978,14.6537,53.0414,6.4107,0.9836,0.0,0.0,0.0,0.0,0.0,HOLD_CASH
2019-04-22,16,LLY,MRK,105.4462,56.8119,93.9978,14.6537,53.0414,6.4107,0.9836,0.0,0.0,0.0,0.0,0.0,HOLD_CASH
2019-04-23,16,LLY,MRK,107.2908,57.6935,93.9978,14.6537,53.0414,6.4107,0.9836,0.0,0.0,0.0,0.0,0.0,HOLD_CASH
2019-04-24,16,LLY,MRK,107.7566,57.794,93.9978,14.6537,53.0414,6.4107,0.9836,0.0,0.0,0.0,0.0,0.0,HOLD_CASH
2019-04-25,16,LLY,MRK,107.9666,59.0392,93.9978,14.6537,53.0414,6.4107,0.9836,0.0,0.0,0.0,0.0,0.0,HOLD_CASH
2019-04-26,16,LLY,MRK,109.4642,59.2635,93.9978,14.6537,53.0414,6.4107,0.9836,0.0,0.0,0.0,0.0,0.0,HOLD_CASH
2019-04-29,16,LLY,MRK,109.2177,59.3795,93.9978,14.6537,53.0414,6.4107,0.9836,0.0,0.0,0.0,0.0,0.0,HOLD_CASH
2019-04-30,16,LLY,MRK,106.8799,60.8721,93.9978,14.6537,53.0414,6.4107,0.9836,0.0,0.0,0.0,0.0,0.0,HOLD_CASH
2019-05-01,16,LLY,MRK,107.9209,60.8798,93.9978,14.6537,53.0414,6.4107,0.9836,-1.7565,0.0,0.0,0.0,0.0,HOLD_CASH
2019-05-02,16,LLY,MRK,108.1766,61.4985,93.9978,14.6537,53.0414,6.4107,0.9836,-2.0797,1.0,0.0,-0.0833,-0.0833,ENTER_LONG_A
2019-05-03,16,LLY,MRK,106.7612,61.8697,93.9978,14.6537,53.0414,6.4107,0.9836,-2.4423,1.0,-0.7608,-0.0833,-0.8442,HOLDING
2019-05-06,16,LLY,MRK,106.5238,61.4676,93.9978,14.6537,53.0414,6.4107,0.9836,-1.8868,1.0,-0.5354,-0.0833,-0.6187,HOLDING
2019-05-07,16,LLY,MRK,104.9622,60.2457,93.9978,14.6537,53.0414,6.4107,0.9836,-1.3644,1.0,-0.1344,-0.0833,-0.2178,HOLDING
2019-05-08,16,LLY,MRK,106.1584,60.4622,93.9978,14.6537,53.0414,6.4107,0.9836,-1.0527,1.0,0.1055,-0.0833,0.0221,HOLDING
2019-05-09,16,LLY,MRK,105.7475,60.5782,93.9978,14.6537,53.0414,6.4107,0.9836,-1.1215,1.0,-0.1217,-0.0833,-0.205,HOLDING
2019-05-10,16,LLY,MRK,106.1311,60.4699,93.9978,14.6537,53.0414,6.4107,0.9836,-0.8664,1.0,0.0903,-0.0833,0.007,HOLDING
2019-05-13,16,LLY,MRK,104.4416,59.6811,93.9978,14.6537,53.0414,6.4107,0.9836,-0.778,1.0,0.1188,-0.0833,0.0354,HOLDING
2019-05-14,16,LLY,MRK,104.9622,59.8744,93.9978,14.6537,53.0414,6.4107,0.9836,-0.6788,1.0,0.1478,-0.0833,0.0645,HOLDING
2019-05-15,16,LLY,MRK,105.5832,59.975,93.9978,14.6537,53.0414,6.4107,0.9836,-0.5201,1.0,0.2813,-0.0833,0.198,HOLDING
2019-05-16,16,LLY,MRK,107.1948,61.1969,93.9978,14.6537,53.0414,6.4107,0.9836,-0.742,1.0,-0.1027,-0.0833,-0.186,HOLDING
2019-05-17,16,LLY,MRK,106.5336,60.8798,93.9978,14.6537,53.0414,6.4107,0.9836,-0.6517,1.0,-0.0852,-0.0833,-0.1685,HOLDING
2019-05-20,16,LLY,MRK,106.7356,61.0035,93.9978,14.6537,53.0414,6.4107,0.9836,-0.6004,1.0,-0.1109,-0.0833,-0.1943,HOLDING
2019-05-21,16,LLY,MRK,107.057,61.483,93.9978,14.6537,53.0414,6.4107,0.9836,-0.778,1.0,-0.3668,-0.0833,-0.4501,HOLDING
2019-05-22,16,LLY,MRK,108.3427,62.6276,93.9978,14.6537,53.0414,6.4107,0.9836,-1.2227,1.0,-0.8022,-0.0833,-0.8856,HOLDING
2019-05-23,16,LLY,MRK,107.2683,62.6586,93.9978,14.6537,53.0414,6.4107,0.9836,-1.5785,1.0,-1.1891,-0.0833,-1.2724,HOLDING
2019-05-24,16,LLY,MRK,107.2499,62.7746,93.9978,14.6537,53.0414,6.4107,0.9836,-1.7295,1.0,-1.2835,-0.0833,-1.3668,HOLDING
2019-05-28,16,LLY,MRK,106.3041,62.0708,93.9978,14.6537,53.0414,6.4107,0.9836,-1.5992,1.0,-1.0683,-0.0833,-1.1516,HOLDING
2019-05-29,16,LLY,MRK,106.0561,61.3748,93.9978,14.6537,53.0414,6.4107,0.9836,-0.6406,1.0,-0.623,-0.0833,-0.7063,HOLDING
2019-05-30,16,LLY,MRK,106.4326,61.6222,93.9978,14.6537,53.0414,6.4107,0.9836,-0.6837,1.0,-0.6838,-0.0833,-0.7671,HOLDING
2019-05-31,16,LLY,MRK,106.4693,61.2588,93.9978,14.6537,53.0414,6.4107,0.9836,-0.0405,0.0,0.0,-0.5609,-0.5609,EXIT
2019-06-03,16,LLY,MRK,107.2315,62.0708,93.9978,14.6537,53.0414,6.4107,0.9836,-0.8038,0.0,0.0,-0.5609,-0.5609,HOLD_CASH
2019-06-04,16,LLY,MRK,107.957,62.705,93.9978,14.6537,53.0414,6.4107,0.9836,-1.2096,0.0,0.0,-0.5609,-0.5609,HOLD_CASH
2019-06-05,16,LLY,MRK,107.4611,63.1767,93.9978,14.6537,53.0414,6.4107,0.9836,-1.9251,0.0,0.0,-0.5609,-0.5609,HOLD_CASH
2019-06-06,16,LLY,MRK,107.9019,62.9834,93.9978,14.6537,53.0414,6.4107,0.9836,-1.2441,0.0,0.0,-0.5609,-0.5609,HOLD_CASH
2019-06-07,16,LLY,MRK,108.6825,63.7722,93.9978,14.6537,53.0414,6.4107,0.9836,-1.6171,0.0,0.0,-0.5609,-0.5609,HOLD_CASH
2019-06-10,16,LLY,MRK,104.6235,63.7877,93.9978,14.6537,53.0414,6.4107,0.9836,-2.8587,1.0,0.0,-0.6443,-0.6443,ENTER_LONG_A
2019-06-11,16,LLY,MRK,103.044,64.1744,93.9978,14.6537,53.0414,6.4107,0.9836,-2.8447,1.0,-0.8228,-0.6443,-1.4671,HOLDING
2019-06-12,16,LLY,MRK,105.8265,64.7389,93.9978,14.6537,53.0414,6.4107,0.9836,-1.9772,1.0,-0.3144,-0.6443,-0.9587,HOLDING
2019-06-13,16,LLY,MRK,102.6859,64.1125,93.9978,14.6537,53.0414,6.4107,0.9836,-2.1195,1.0,-0.8964,-0.6443,-1.5406,HOLDING
2019-06-14,16,LLY,MRK,102.6124,64.4473,93.9978,14.6537,53.0414,6.4107,0.9836,-1.9905,1.0,-1.1739,-0.6443,-1.8182,HOLDING
2019-06-17,16,LLY,MRK,104.1368,64.8521,93.9978,14.6537,53.0414,6.4107,0.9836,-1.6138,1.0,-0.9676,-0.6443,-1.6118,HOLDING
2019-06-18,16,LLY,MRK,105.2847,65.7786,93.9978,14.6537,53.0414,6.4107,0.9836,-1.6297,1.0,-1.2817,-0.6443,-1.926,HOLDING
2019-06-19,16,LLY,MRK,105.8173,66.4559,93.9978,14.6537,53.0414,6.4107,0.9836,-1.641,1.0,-1.6144,-0.6443,-2.2587,HOLDING
2019-06-20,16,LLY,MRK,106.1204,65.8642,93.9978,14.6537,53.0414,6.4107,0.9836,-1.1428,1.0,-1.0656,-0.6443,-1.7099,HOLDING
2019-06-21,16,LLY,MRK,106.0561,65.8409,93.9978,14.6537,53.0414,6.4107,0.9836,-1.0353,1.0,-1.0696,-0.6443,-1.7139,HOLDING
2019-06-24,16,LLY,MRK,106.1846,66.5727,93.9978,14.6537,53.0414,6.4107,0.9836,-1.2306,1.0,-1.5792,-0.6443,-2.2235,HOLDING
2019-06-25,16,LLY,MRK,105.9367,66.3625,93.9978,14.6537,53.0414,6.4107,0.9836,-1.0683,1.0,-1.5037,-0.6443,-2.148,HOLDING
2019-06-26,16,LLY,MRK,102.2451,65.0389,93.9978,14.6537,53.0414,6.4107,0.9836,-1.1132,1.0,-1.7442,-0.6443,-2.3885,HOLDING
2019-06-27,16,LLY,MRK,102.3644,65.2647,93.9978,14.6537,53.0414,6.4107,0.9836,-1.0968,1.0,-1.8747,-0.6443,-2.519,HOLDING
2019-06-28,16,LLY,MRK,101.74,65.2803,93.9978,14.6537,53.0414,6.4107,0.9836,-1.1655,1.0,-2.0963,-0.6443,-2.7405,HOLDING
2019-07-01,16,LLY,MRK,103.5307,65.981,93.9978,14.6537,53.0414,6.4107,0.9836,-1.0431,1.0,-2.0239,-0.6443,-2.6682,HOLDING
2019-07-02,16,LLY,MRK,104.8715,66.5727,93.9978,14.6537,53.0414,6.4107,0.9836,-0.9823,1.0,-2.0204,-0.6443,-2.6647,HOLDING
2019-07-03,16,LLY,MRK,105.0735,67.6548,93.9978,14.6537,53.0414,6.4107,0.9836,-1.5242,1.0,-2.7699,-0.6443,-3.4142,HOLDING
2019-07-05,16,LLY,MRK,103.6042,66.6428,93.9978,14.6537,53.0414,6.4107,0.9836,-1.2912,1.0,-2.4991,-0.6443,-3.1434,HOLDING
2019-07-08,16,LLY,MRK,102.4103,65.4282,93.9978,14.6537,53.0414,6.4107,0.9836,-0.7428,1.0,-1.9828,-0.6443,-2.627,HOLDING
2019-07-09,16,LLY,MRK,103.8429,66.0666,93.9978,14.6537,53.0414,6.4107,0.9836,-0.6835,1.0,-1.9837,-0.6443,-2.628,HOLDING
2019-07-10,16,LLY,MRK,105.1745,66.0355,93.9978,14.6537,53.0414,6.4107,0.9836,0.1459,0.0,0.0,-2.2423,-2.2423,EXIT
2019-07-11,16,LLY,MRK,100.8492,63.0615,93.9978,14.6537,53.0414,6.4107,0.9836,1.6422,0.0,0.0,-2.2423,-2.2423,HOLD_CASH
2019-07-12,16,LLY,MRK,99.4442,62.0727,93.9978,14.6537,53.0414,6.4107,0.9836,1.962,0.0,0.0,-2.2423,-2.2423,HOLD_CASH
2019-07-15,16,LLY,MRK,99.6095,63.0303,93.9978,14.6537,53.0414,6.4107,0.9836,0.8157,0.0,0.0,-2.2423,-2.2423,HOLD_CASH
2019-07-16,16,LLY,MRK,99.9309,63.5208,93.9978,14.6537,53.0414,6.4107,0.9836,0.4162,0.0,0.0,-2.2423,-2.2423,HOLD_CASH
2019-07-17,16,LLY,MRK,98.3422,63.7777,93.9978,14.6537,53.0414,6.4107,0.9836,-0.7753,0.0,0.0,-2.2423,-2.2423,HOLD_CASH
2019-07-18,16,LLY,MRK,99.4901,64.3772,93.9978,14.6537,53.0414,6.4107,0.9836,-0.8274,0.0,0.0,-2.2423,-2.2423,HOLD_CASH
2019-07-19,16,LLY,MRK,98.0667,63.3651,93.9978,14.6537,53.0414,6.4107,0.9836,-0.2801,0.0,0.0,-2.2423,-2.2423,HOLD_CASH
2019-07-22,16,LLY,MRK,98.5076,63.225,93.9978,14.6537,53.0414,6.4107,0.9836,0.2205,0.0,0.0,-2.2423,-2.2423,HOLD_CASH
2019-07-23,16,LLY,MRK,99.3799,63.8634,93.9978,14.6537,53.0414,6.4107,0.9836,-0.1007,0.0,0.0,-2.2423,-2.2423,HOLD_CASH
2019-07-24,16,LLY,MRK,99.6554,63.6454,93.9978,14.6537,53.0414,6.4107,0.9836,0.3727,0.0,0.0,-2.2423,-2.2423,HOLD_CASH
2019-07-25,16,LLY,MRK,99.0126,63.6454,93.9978,14.6537,53.0414,6.4107,0.9836,-0.0175,0.0,0.0,-2.2423,-2.2423,HOLD_CASH
2019-07-26,16,LLY,MRK,99.4259,63.3962,93.9978,14.6537,53.0414,6.4107,0.9836,0.5356,0.0,0.0,-2.2423,-2.2423,HOLD_CASH
2019-07-29,16,LLY,MRK,99.8391,64.2215,93.9978,14.6537,53.0414,6.4107,0.9836,-0.3578,0.0,0.0,-2.2423,-2.2423,HOLD_CASH
2019-07-30,16,LLY,MRK,99.8115,64.8287,93.9978,14.6537,53.0414,6.4107,0.9836,-1.1413,0.0,0.0,-2.2423,-2.2423,HOLD_CASH
2019-07-31,16,LLY,MRK,100.0503,64.6108,93.9978,14.6537,53.0414,6.4107,0.9836,-0.691,0.0,0.0,-2.2423,-2.2423,HOLD_CASH
2019-08-01,16,LLY,MRK,101.4829,65.1558,93.9978,14.6537,53.0414,6.4107,0.9836,-0.682,0.0,0.0,-2.2423,-2.2423,HOLD_CASH
2019-08-02,16,LLY,MRK,103.2368,65.763,93.9978,14.6537,53.0414,6.4107,0.9836,-0.5127,0.0,0.0,-2.2423,-2.2423,HOLD_CASH
2019-08-05,16,LLY,MRK,99.8299,64.712,93.9978,14.6537,53.0414,6.4107,0.9836,-1.1519,0.0,0.0,-2.2423,-2.2423,HOLD_CASH
2019-08-06,16,LLY,MRK,102.3002,65.6696,93.9978,14.6537,53.0414,6.4107,0.9836,-0.9075,0.0,0.0,-2.2423,-2.2423,HOLD_CASH
2019-08-07,16,LLY,MRK,102.0431,65.5917,93.9978,14.6537,53.0414,6.4107,0.9836,-0.8767,0.0,0.0,-2.2423,-2.2423,HOLD_CASH
2019-08-08,16,LLY,MRK,104.6602,65.9654,93.9978,14.6537,53.0414,6.4107,0.9836,0.3825,0.0,0.0,-2.2423,-2.2423,HOLD_CASH
2019-08-09,16,LLY,MRK,104.4766,66.5804,93.9978,14.6537,53.0414,6.4107,0.9836,-0.7526,0.0,0.0,-2.2423,-2.2423,HOLD_CASH
2019-08-12,16,LLY,MRK,104.3205,66.1912,93.9978,14.6537,53.0414,6.4107,0.9836,0.0707,0.0,0.0,-2.2423,-2.2423,HOLD_CASH
2019-08-13,16,LLY,MRK,106.2489,67.0164,93.9978,14.6537,53.0414,6.4107,0.9836,0.2712,0.0,0.0,-2.2423,-2.2423,HOLD_CASH
2019-08-14,16,LLY,MRK,101.8486,64.93,93.9978,14.6537,53.0414,6.4107,0.9836,0.5837,0.0,0.0,-2.2423,-2.2423,HOLD_CASH
2019-08-15,16,LLY,MRK,101.7932,64.9767,93.9978,14.6537,53.0414,6.4107,0.9836,0.3232,0.0,0.0,-2.2423,-2.2423,HOLD_CASH
2019-08-16,16,LLY,MRK,102.061,66.2223,93.9978,14.6537,53.0414,6.4107,0.9836,-2.3459,1.0,0.0,-2.3256,-2.3256,ENTER_LONG_A
2019-08-19,16,LLY,MRK,103.9172,67.1021,93.9978,14.6537,53.0414,6.4107,0.9836,-2.0772,1.0,-0.0404,-2.3256,-2.3661,HOLDING
2019-08-20,16,LLY,MRK,102.5135,66.6817,93.9978,14.6537,53.0414,6.4107,0.9836,-2.0862,1.0,-0.1927,-2.3256,-2.5183,HOLDING
2019-08-21,16,LLY,MRK,102.9291,67.6626,93.9978,14.6537,53.0414,6.4107,0.9836,-2.7304,1.0,-0.7871,-2.3256,-3.1127,HOLDING
2019-08-22,16,LLY,MRK,103.0676,67.5147,93.9978,14.6537,53.0414,6.4107,0.9836,-2.0123,1.0,-0.6306,-2.3256,-2.9563,HOLDING
2019-08-23,16,LLY,MRK,101.1283,66.1289,93.9978,14.6537,53.0414,6.4107,0.9836,-1.1689,1.0,-0.24,-2.3256,-2.5656,HOLDING
2019-08-26,16,LLY,MRK,103.2246,66.8607,93.9978,14.6537,53.0414,6.4107,0.9836,-0.7957,1.0,-0.0902,-2.3256,-2.4159,HOLDING
2019-08-27,16,LLY,MRK,102.255,66.5804,93.9978,14.6537,53.0414,6.4107,0.9836,-0.9417,1.0,-0.203,-2.3256,-2.5286,HOLDING
2019-08-28,16,LLY,MRK,102.4766,67.3279,93.9978,14.6537,53.0414,6.4107,0.9836,-1.6179,1.0,-0.6874,-2.3256,-3.013,HOLDING
2019-08-29,16,LLY,MRK,103.6586,67.5147,93.9978,14.6537,53.0414,6.4107,0.9836,-1.0613,1.0,-0.4344,-2.3256,-2.76,HOLDING
2019-08-30,16,LLY,MRK,104.3235,67.3201,93.9978,14.6537,53.0414,6.4107,0.9836,-0.3714,0.0,0.0,-2.4788,-2.4788,EXIT
2019-09-03,16,LLY,MRK,105.2377,67.4602,93.9978,14.6537,53.0414,6.4107,0.9836,0.0003,0.0,0.0,-2.4788,-2.4788,HOLD_CASH
2019-09-04,16,LLY,MRK,104.5821,66.9931,93.9978,14.6537,53.0414,6.4107,0.9836,0.2542,0.0,0.0,-2.4788,-2.4788,HOLD_CASH
2019-09-05,16,LLY,MRK,105.8288,67.032,93.9978,14.6537,53.0414,6.4107,0.9836,0.9118,0.0,0.0,-2.4788,-2.4788,HOLD_CASH
2019-09-06,16,LLY,MRK,105.3208,67.3979,93.9978,14.6537,53.0414,6.4107,0.9836,0.2267,0.0,0.0,-2.4788,-2.4788,HOLD_CASH
2019-09-09,16,LLY,MRK,102.5689,64.9845,93.9978,14.6537,53.0414,6.4107,0.9836,1.7351,0.0,0.0,-2.4788,-2.4788,HOLD_CASH
2019-09-10,16,LLY,MRK,102.5966,63.5987,93.9978,14.6537,53.0414,6.4107,0.9836,2.7478,-1.0,0.0,-2.5622,-2.5622,ENTER_SHORT_A
2019-09-11,16,LLY,MRK,103.1415,64.5563,93.9978,14.6537,53.0414,6.4107,0.9836,1.7964,-1.0,0.5457,-2.5622,-2.0165,HOLDING
2019-09-12,16,LLY,MRK,102.9383,64.8599,93.9978,14.6537,53.0414,6.4107,0.9836,1.3443,-1.0,0.8463,-2.5622,-1.7159,HOLDING
2019-09-13,16,LLY,MRK,102.4027,64.7423,93.9978,14.6537,53.0414,6.4107,0.9836,1.1783,-1.0,0.9383,-2.5622,-1.6238,HOLDING
2019-09-16,16,LLY,MRK,101.7009,64.2878,93.9978,14.6537,53.0414,6.4107,0.9836,1.1825,-1.0,0.8297,-2.5622,-1.7325,HOLDING
2019-09-17,16,LLY,MRK,102.6151,64.664,93.9978,14.6537,53.0414,6.4107,0.9836,1.0949,-1.0,0.8065,-2.5622,-1.7557,HOLDING
2019-09-18,16,LLY,MRK,104.0927,65.0637,93.9978,14.6537,53.0414,6.4107,0.9836,1.1837,-1.0,0.61,-2.5622,-1.9521,HOLDING
2019-09-19,16,LLY,MRK,105.5979,65.8082,93.9978,14.6537,53.0414,6.4107,0.9836,1.0236,-1.0,0.6673,-2.5622,-1.8949,HOLDING
2019-09-20,16,LLY,MRK,107.2694,66.7408,93.9978,14.6537,53.0414,6.4107,0.9836,0.7786,-1.0,0.8116,-2.5622,-1.7506,HOLDING
2019-09-23,16,LLY,MRK,105.4409,66.1138,93.9978,14.6537,53.0414,6.4107,0.9836,0.5393,-1.0,0.9537,-2.5622,-1.6084,HOLDING
2019-09-24,16,LLY,MRK,104.5821,65.5182,93.9978,14.6537,53.0414,6.4107,0.9836,0.66,-1.0,0.7907,-2.5622,-1.7714,HOLDING
2019-09-25,16,LLY,MRK,102.8644,65.1264,93.9978,14.6537,53.0414,6.4107,0.9836,0.2389,0.0,0.0,-1.5721,-1.5721,EXIT
2019-09-26,16,LLY,MRK,103.2615,65.7377,93.9978,14.6537,53.0414,6.4107,0.9836,-0.3312,0.0,0.0,-1.5721,-1.5721,HOLD_CASH
2019-09-27,16,LLY,MRK,103.7694,64.9774,93.9978,14.6537,53.0414,6.4107,0.9836,0.737,0.0,0.0,-1.5721,-1.5721,HOLD_CASH
2019-09-30,16,LLY,MRK,103.2708,65.9728,93.9978,14.6537,53.0414,6.4107,0.9836,-0.9957,0.0,0.0,-1.5721,-1.5721,HOLD_CASH
2019-10-01,16,LLY,MRK,102.4673,65.5261,93.9978,14.6537,53.0414,6.4107,0.9836,-0.9943,0.0,0.0,-1.5721,-1.5721,HOLD_CASH
2019-04-03,17,AVB,EQR,160.5459,58.5374,139.2833,9.7624,51.0194,3.5838,0.9833,0.0,0.0,0.0,0.0,0.0,HOLD_CASH
2019-04-04,17,AVB,EQR,160.0461,58.452,139.2833,9.7624,51.0194,3.5838,0.9833,0.0,0.0,0.0,0.0,0.0,HOLD_CASH
2019-04-05,17,AVB,EQR,160.4031,58.7082,139.2833,9.7624,51.0194,3.5838,0.9833,0.0,0.0,0.0,0.0,0.0,HOLD_CASH
2019-04-08,17,AVB,EQR,159.8716,58.6694,139.2833,9.7624,51.0194,3.5838,0.9833,0.0,0.0,0.0,0.0,0.0,HOLD_CASH
2019-04-09,17,AVB,EQR,159.1496,58.5374,139.2833,9.7624,51.0194,3.5838,0.9833,0.0,0.0,0.0,0.0,0.0,HOLD_CASH
2019-04-10,17,AVB,EQR,160.4191,59.2828,139.2833,9.7624,51.0194,3.5838,0.9833,0.0,0.0,0.0,0.0,0.0,HOLD_CASH
2019-04-11,17,AVB,EQR,161.1727,59.5468,139.2833,9.7624,51.0194,3.5838,0.9833,0.0,0.0,0.0,0.0,0.0,HOLD_CASH
2019-04-12,17,AVB,EQR,161.9105,60.1369,139.2833,9.7624,51.0194,3.5838,0.9833,0.0,0.0,0.0,0.0,0.0,HOLD_CASH
2019-04-15,17,AVB,EQR,161.9502,60.2534,139.2833,9.7624,51.0194,3.5838,0.9833,0.0,0.0,0.0,0.0,0.0,HOLD_CASH
2019-04-16,17,AVB,EQR,157.0393,58.8014,139.2833,9.7624,51.0194,3.5838,0.9833,0.0,0.0,0.0,0.0,0.0,HOLD_CASH
2019-04-17,17,AVB,EQR,153.7785,57.6833,139.2833,9.7624,51.0194,3.5838,0.9833,0.0,0.0,0.0,0.0,0.0,HOLD_CASH
2019-04-18,17,AVB,EQR,155.6192,58.289,139.2833,9.7624,51.0194,3.5838,0.9833,0.0,0.0,0.0,0.0,0.0,HOLD_CASH
2019-04-22,17,AVB,EQR,153.6357,57.5901,139.2833,9.7624,51.0194,3.5838,0.9833,0.0,0.0,0.0,0.0,0.0,HOLD_CASH
2019-04-23,17,AVB,EQR,155.7064,58.2035,139.2833,9.7624,51.0194,3.5838,0.9833,0.0,0.0,0.0,0.0,0.0,HOLD_CASH
2019-04-24,17,AVB,EQR,157.2138,58.5995,139.2833,9.7624,51.0194,3.5838,0.9833,0.0,0.0,0.0,0.0,0.0,HOLD_CASH
2019-04-25,17,AVB,EQR,158.634,58.9878,139.2833,9.7624,51.0194,3.5838,0.9833,0.0,0.0,0.0,0.0,0.0,HOLD_CASH
2019-04-26,17,AVB,EQR,159.0861,59.1664,139.2833,9.7624,51.0194,3.5838,0.9833,0.0,0.0,0.0,0.0,0.0,HOLD_CASH
2019-04-29,17,AVB,EQR,157.0948,58.4675,139.2833,9.7624,51.0194,3.5838,0.9833,0.0,0.0,0.0,0.0,0.0,HOLD_CASH
2019-04-30,17,AVB,EQR,159.4115,59.3372,139.2833,9.7624,51.0194,3.5838,0.9833,0.0,0.0,0.0,0.0,0.0,HOLD_CASH
2019-05-01,17,AVB,EQR,159.5938,59.4148,139.2833,9.7624,51.0194,3.5838,0.9833,-0.4122,0.0,0.0,0.0,0.0,HOLD_CASH
2019-05-02,17,AVB,EQR,159.816,59.3217,139.2833,9.7624,51.0194,3.5838,0.9833,0.0283,0.0,0.0,0.0,0.0,HOLD_CASH
2019-05-03,17,AVB,EQR,160.3872,59.4692,139.2833,9.7624,51.0194,3.5838,0.9833,0.3032,0.0,0.0,0.0,0.0,HOLD_CASH
2019-05-06,17,AVB,EQR,159.1258,59.1741,139.2833,9.7624,51.0194,3.5838,0.9833,-0.0153,0.0,0.0,0.0,0.0,HOLD_CASH
2019-05-07,17,AVB,EQR,156.1269,58.056,139.2833,9.7624,51.0194,3.5838,0.9833,0.1089,0.0,0.0,0.0,0.0,HOLD_CASH
2019-05-08,17,AVB,EQR,155.8571,57.7998,139.2833,9.7624,51.0194,3.5838,0.9833,0.8321,0.0,0.0,0.0,0.0,HOLD_CASH
2019-05-09,17,AVB,EQR,157.5074,58.0948,139.2833,9.7624,51.0194,3.5838,0.9833,1.9931,0.0,0.0,0.0,0.0,HOLD_CASH
2019-05-10,17,AVB,EQR,159.2369,58.8791,139.2833,9.7624,51.0194,3.5838,0.9833,1.5071,0.0,0.0,0.0,0.0,HOLD_CASH
2019-05-13,17,AVB,EQR,159.1814,58.8868,139.2833,9.7624,51.0194,3.5838,0.9833,1.2981,0.0,0.0,0.0,0.0,HOLD_CASH
2019-05-14,17,AVB,EQR,158.4753,58.8635,139.2833,9.7624,51.0194,3.5838,0.9833,0.3947,0.0,0.0,0.0,0.0,HOLD_CASH
2019-05-15,17,AVB,EQR,159.229,59.1586,139.2833,9.7624,51.0194,3.5838,0.9833,0.2737,0.0,0.0,0.0,0.0,HOLD_CASH
2019-05-16,17,AVB,EQR,160.8633,59.64,139.2833,9.7624,51.0194,3.5838,0.9833,0.7015,0.0,0.0,0.0,0.0,HOLD_CASH
2019-05-17,17,AVB,EQR,161.1647,59.4925,139.2833,9.7624,51.0194,3.5838,0.9833,1.6621,0.0,0.0,0.0,0.0,HOLD_CASH
2019-05-20,17,AVB,EQR,159.1099,58.817,139.2833,9.7624,51.0194,3.5838,0.9833,1.2336,0.0,0.0,0.0,0.0,HOLD_CASH
2019-05-21,17,AVB,EQR,160.4269,59.2906,139.2833,9.7624,51.0194,3.5838,0.9833,1.2546,0.0,0.0,0.0,0.0,HOLD_CASH
2019-05-22,17,AVB,EQR,161.2996,59.508,139.2833,9.7624,51.0194,3.5838,0.9833,1.6426,0.0,0.0,0.0,0.0,HOLD_CASH
2019-05-23,17,AVB,EQR,161.6408,59.8729,139.2833,9.7624,51.0194,3.5838,0.9833,0.3328,0.0,0.0,0.0,0.0,HOLD_CASH
2019-05-24,17,AVB,EQR,162.8626,59.935,139.2833,9.7624,51.0194,3.5838,0.9833,2.0509,-1.0,0.0,-0.0833,-0.0833,ENTER_SHORT_A
2019-05-28,17,AVB,EQR,160.8236,59.1741,139.2833,9.7624,51.0194,3.5838,0.9833,1.7898,-1.0,0.0002,-0.0833,-0.0831,HOLDING
2019-05-29,17,AVB,EQR,159.7129,58.7548,139.2833,9.7624,51.0194,3.5838,0.9833,1.6153,-1.0,-0.003,-0.0833,-0.0863,HOLDING
2019-05-30,17,AVB,EQR,159.7764,58.8713,139.2833,9.7624,51.0194,3.5838,0.9833,1.1005,-1.0,0.061,-0.0833,-0.0223,HOLDING
2019-05-31,17,AVB,EQR,161.0617,59.4536,139.2833,9.7624,51.0194,3.5838,0.9833,0.5534,-1.0,0.1318,-0.0833,0.0485,HOLDING
2019-06-03,17,AVB,EQR,161.7201,59.1974,139.2833,9.7624,51.0194,3.5838,0.9833,2.3325,-1.0,-0.2147,-0.0833,-0.298,HOLDING
2019-06-04,17,AVB,EQR,160.2603,58.6073,139.2833,9.7624,51.0194,3.5838,0.9833,2.1331,-1.0,-0.2459,-0.0833,-0.3292,HOLDING
2019-06-05,17,AVB,EQR,164.8302,59.9816,139.2833,9.7624,51.0194,3.5838,0.9833,2.6279,-1.0,-0.4748,-0.0833,-0.5582,HOLDING
2019-06-06,17,AVB,EQR,165.6077,60.4009,139.2833,9.7624,51.0194,3.5838,0.9833,1.9004,-1.0,-0.3858,-0.0833,-0.4691,HOLDING
2019-06-07,17,AVB,EQR,165.8615,60.5485,139.2833,9.7624,51.0194,3.5838,0.9833,1.5415,-1.0,-0.3494,-0.0833,-0.4327,HOLDING
2019-06-10,17,AVB,EQR,166.0995,60.432,139.2833,9.7624,51.0194,3.5838,0.9833,1.7931,-1.0,-0.4911,-0.0833,-0.5744,HOLDING
2019-06-11,17,AVB,EQR,166.0837,60.4087,139.2833,9.7624,51.0194,3.5838,0.9833,1.6054,-1.0,-0.5031,-0.0833,-0.5864,HOLDING
2019-06-12,17,AVB,EQR,164.3779,60.2922,139.2833,9.7624,51.0194,3.5838,0.9833,0.3293,0.0,0.0,-0.3113,-0.3113,EXIT
2019-06-13,17,AVB,EQR,164.2986,60.5096,139.2833,9.7624,51.0194,3.5838,0.9833,-0.3653,0.0,0.0,-0.3113,-0.3113,HOLD_CASH
2019-06-14,17,AVB,EQR,165.0919,60.7659,139.2833,9.7624,51.0194,3.5838,0.9833,-0.3391,0.0,0.0,-0.3113,-0.3113,HOLD_CASH
2019-06-17,17,AVB,EQR,166.3138,61.0842,139.2833,9.7624,51.0194,3.5838,0.9833,-0.0018,0.0,0.0,-0.3113,-0.3113,HOLD_CASH
2019-06-18,17,AVB,EQR,165.5124,60.6028,139.2833,9.7624,51.0194,3.5838,0.9833,0.4463,0.0,0.0,-0.3113,-0.3113,HOLD_CASH
2019-06-19,17,AVB,EQR,165.9647,60.8979,139.2833,9.7624,51.0194,3.5838,0.9833,0.0067,0.0,0.0,-0.3113,-0.3113,HOLD_CASH
2019-06-20,17,AVB,EQR,166.9802,61.2085,139.2833,9.7624,51.0194,3.5838,0.9833,0.1588,0.0,0.0,-0.3113,-0.3113,HOLD_CASH
2019-06-21,17,AVB,EQR,164.8618,60.5873,139.2833,9.7624,51.0194,3.5838,0.9833,-0.515,0.0,0.0,-0.3113,-0.3113,HOLD_CASH
2019-06-24,17,AVB,EQR,165.1316,60.7736,139.2833,9.7624,51.0194,3.5838,0.9833,-0.8231,0.0,0.0,-0.3113,-0.3113,HOLD_CASH
2019-06-25,17,AVB,EQR,162.1724,59.7176,139.2833,9.7624,51.0194,3.5838,0.9833,-0.9834,0.0,0.0,-0.3113,-0.3113,HOLD_CASH
2019-06-26,17,AVB,EQR,159.6891,58.7393,139.2833,9.7624,51.0194,3.5838,0.9833,-0.8036,0.0,0.0,-0.3113,-0.3113,HOLD_CASH
2019-06-27,17,AVB,EQR,161.0321,59.1524,139.2833,9.7624,51.0194,3.5838,0.9833,-0.5396,0.0,0.0,-0.3113,-0.3113,HOLD_CASH
2019-06-28,17,AVB,EQR,162.4231,59.3949,139.2833,9.7624,51.0194,3.5838,0.9833,0.3974,0.0,0.0,-0.3113,-0.3113,HOLD_CASH
2019-07-01,17,AVB,EQR,161.7276,59.567,139.2833,9.7624,51.0194,3.5838,0.9833,-1.1813,0.0,0.0,-0.3113,-0.3113,HOLD_CASH
2019-07-02,17,AVB,EQR,164.3257,60.5762,139.2833,9.7624,51.0194,3.5838,0.9833,-1.1986,0.0,0.0,-0.3113,-0.3113,HOLD_CASH
2019-07-03,17,AVB,EQR,167.3394,61.2882,139.2833,9.7624,51.0194,3.5838,0.9833,0.4037,0.0,0.0,-0.3113,-0.3113,HOLD_CASH
2019-07-05,17,AVB,EQR,166.1723,60.9596,139.2833,9.7624,51.0194,3.5838,0.9833,0.0533,0.0,0.0,-0.3113,-0.3113,HOLD_CASH
2019-07-08,17,AVB,EQR,167.963,61.6715,139.2833,9.7624,51.0194,3.5838,0.9833,-0.0594,0.0,0.0,-0.3113,-0.3113,HOLD_CASH
2019-07-09,17,AVB,EQR,169.0821,62.0548,139.2833,9.7624,51.0194,3.5838,0.9833,0.2396,0.0,0.0,-0.3113,-0.3113,HOLD_CASH
2019-07-10,17,AVB,EQR,170.8888,62.2504,139.2833,9.7624,51.0194,3.5838,0.9833,2.837,-1.0,0.0,-0.3946,-0.3946,ENTER_SHORT_A
2019-07-11,17,AVB,EQR,168.9942,62.0314,139.2833,9.7624,51.0194,3.5838,0.9833,0.216,0.0,0.0,-0.1545,-0.1545,EXIT
2019-07-12,17,AVB,EQR,168.2587,61.6871,139.2833,9.7624,51.0194,3.5838,0.9833,0.5215,0.0,0.0,-0.1545,-0.1545,HOLD_CASH
2019-07-15,17,AVB,EQR,168.9062,61.9062,139.2833,9.7624,51.0194,3.5838,0.9833,0.5767,0.0,0.0,-0.1545,-0.1545,HOLD_CASH
2019-07-16,17,AVB,EQR,168.6824,61.6871,139.2833,9.7624,51.0194,3.5838,0.9833,1.2054,0.0,0.0,-0.1545,-0.1545,HOLD_CASH
2019-07-17,17,AVB,EQR,168.6504,61.5228,139.2833,9.7624,51.0194,3.5838,0.9833,1.795,0.0,0.0,-0.1545,-0.1545,HOLD_CASH
2019-07-18,17,AVB,EQR,168.0269,61.4837,139.2833,9.7624,51.0194,3.5838,0.9833,0.7823,0.0,0.0,-0.1545,-0.1545,HOLD_CASH
2019-07-19,17,AVB,EQR,165.3409,60.3572,139.2833,9.7624,51.0194,3.5838,0.9833,1.2653,0.0,0.0,-0.1545,-0.1545,HOLD_CASH
2019-07-22,17,AVB,EQR,163.9979,60.1459,139.2833,9.7624,51.0194,3.5838,0.9833,-0.1063,0.0,0.0,-0.1545,-0.1545,HOLD_CASH
2019-07-23,17,AVB,EQR,165.3489,60.9909,139.2833,9.7624,51.0194,3.5838,0.9833,-1.5963,0.0,0.0,-0.1545,-0.1545,HOLD_CASH
2019-07-24,17,AVB,EQR,165.3569,60.5762,139.2833,9.7624,51.0194,3.5838,0.9833,0.2082,0.0,0.0,-0.1545,-0.1545,HOLD_CASH
2019-07-25,17,AVB,EQR,165.3569,61.1004,139.2833,9.7624,51.0194,3.5838,0.9833,-1.9922,0.0,0.0,-0.1545,-0.1545,HOLD_CASH
2019-07-26,17,AVB,EQR,166.58,61.4603,139.2833,9.7624,51.0194,3.5838,0.9833,-1.4505,0.0,0.0,-0.1545,-0.1545,HOLD_CASH
2019-07-29,17,AVB,EQR,168.2267,62.2817,139.2833,9.7624,51.0194,3.5838,0.9833,-1.9284,0.0,0.0,-0.1545,-0.1545,HOLD_CASH
2019-07-30,17,AVB,EQR,168.5625,62.227,139.2833,9.7624,51.0194,3.5838,0.9833,-1.2258,0.0,0.0,-0.1545,-0.1545,HOLD_CASH
2019-07-31,17,AVB,EQR,166.9077,61.7184,139.2833,9.7624,51.0194,3.5838,0.9833,-1.5198,0.0,0.0,-0.1545,-0.1545,HOLD_CASH
2019-08-01,17,AVB,EQR,162.3911,62.2582,139.2833,9.7624,51.0194,3.5838,0.9833,-3.819,1.0,0.0,-0.2378,-0.2378,ENTER_LONG_A
2019-08-02,17,AVB,EQR,164.4855,62.9624,139.2833,9.7624,51.0194,3.5838,0.9833,-2.706,1.0,0.0528,-0.2378,-0.1851,HOLDING
2019-08-05,17,AVB,EQR,160.3766,61.163,139.2833,9.7624,51.0194,3.5838,0.9833,-2.0002,1.0,0.2327,-0.2378,-0.0051,HOLDING
2019-08-06,17,AVB,EQR,162.3511,61.914,139.2833,9.7624,51.0194,3.5838,0.9833,-1.736,1.0,0.2233,-0.2378,-0.0145,HOLDING
2019-08-07,17,AVB,EQR,163.2944,62.4147,139.2833,9.7624,51.0194,3.5838,0.9833,-1.6425,1.0,0.1226,-0.2378,-0.1152,HOLDING
2019-08-08,17,AVB,EQR,165.0931,63.244,139.2833,9.7624,51.0194,3.5838,0.9833,-1.5636,1.0,0.0156,-0.2378,-0.2222,HOLDING
2019-08-09,17,AVB,EQR,164.6853,63.5804,139.2833,9.7624,51.0194,3.5838,0.9833,-1.71,1.0,-0.3158,-0.2378,-0.5536,HOLDING
2019-08-12,17,AVB,EQR,164.3257,63.5413,139.2833,9.7624,51.0194,3.5838,0.9833,-1.5675,1.0,-0.3803,-0.2378,-0.6181,HOLDING
2019-08-13,17,AVB,EQR,163.2384,63.2831,139.2833,9.7624,51.0194,3.5838,0.9833,-1.488,1.0,-0.4805,-0.2378,-0.7183,HOLDING
2019-08-14,17,AVB,EQR,161.152,62.446,139.2833,9.7624,51.0194,3.5838,0.9833,-1.3045,1.0,-0.441,-0.2378,-0.6789,HOLDING
2019-08-15,17,AVB,EQR,163.4144,63.4865,139.2833,9.7624,51.0194,3.5838,0.9833,-1.3018,1.0,-0.5739,-0.2378,-0.8117,HOLDING
2019-08-16,17,AVB,EQR,164.5495,63.8699,139.2833,9.7624,51.0194,3.5838,0.9833,-1.1618,1.0,-0.5464,-0.2378,-0.7843,HOLDING
2019-08-19,17,AVB,EQR,166.0444,64.7539,139.2833,9.7624,51.0194,3.5838,0.9833,-1.2689,1.0,-0.7675,-0.2378,-1.0053,HOLDING
2019-08-20,17,AVB,EQR,165.1091,64.4957,139.2833,9.7624,51.0194,3.5838,0.9833,-1.2105,1.0,-0.8292,-0.2378,-1.067,HOLDING
2019-08-21,17,AVB,EQR,166.2363,64.6444,139.2833,9.7624,51.0194,3.5838,0.9833,-0.9336,1.0,-0.6446,-0.2378,-0.8825,HOLDING
2019-08-22,17,AVB,EQR,166.9797,64.9338,139.2833,9.7624,51.0194,3.5838,0.9833,-0.8613,1.0,-0.6527,-0.2378,-0.8905,HOLDING
2019-08-23,17,AVB,EQR,164.8053,64.7383,139.2833,9.7624,51.0194,3.5838,0.9833,-1.28,1.0,-1.0706,-0.2378,-1.3084,HOLDING
2019-08-26,17,AVB,EQR,166.8438,65.4111,139.2833,9.7624,51.0194,3.5838,0.9833,-1.1364,1.0,-1.0107,-0.2378,-1.2486,HOLDING
2019-08-27,17,AVB,EQR,166.3402,65.5441,139.2833,9.7624,51.0194,3.5838,0.9833,-1.4453,1.0,-1.2284,-0.2378,-1.4663,HOLDING
2019-08-28,17,AVB,EQR,167.4353,65.4267,139.2833,9.7624,51.0194,3.5838,0.9833,-0.9274,1.0,-0.8716,-0.2378,-1.1094,HOLDING
2019-08-29,17,AVB,EQR,169.4498,65.9274,139.2833,9.7624,51.0194,3.5838,0.9833,-0.4774,0.0,0.0,-1.0265,-1.0265,EXIT
2019-08-30,17,AVB,EQR,169.9215,66.3107,139.2833,9.7624,51.0194,3.5838,0.9833,-0.7197,0.0,0.0,-1.0265,-1.0265,HOLD_CASH
2019-09-03,17,AVB,EQR,171.1446,67.1165,139.2833,9.7624,51.0194,3.5838,0.9833,-1.1964,0.0,0.0,-1.0265,-1.0265,HOLD_CASH
2019-09-04,17,AVB,EQR,172.7993,67.5077,139.2833,9.7624,51.0194,3.5838,0.9833,-0.7505,0.0,0.0,-1.0265,-1.0265,HOLD_CASH
2019-09-05,17,AVB,EQR,171.6402,67.273,139.2833,9.7624,51.0194,3.5838,0.9833,-1.095,0.0,0.0,-1.0265,-1.0265,HOLD_CASH
2019-09-06,17,AVB,EQR,172.4716,67.9458,139.2833,9.7624,51.0194,3.5838,0.9833,-1.8256,0.0,0.0,-1.0265,-1.0265,HOLD_CASH
2019-09-09,17,AVB,EQR,170.9767,66.5846,139.2833,9.7624,51.0194,3.5838,0.9833,0.184,0.0,0.0,-1.0265,-1.0265,HOLD_CASH
2019-09-10,17,AVB,EQR,168.0749,66.076,139.2833,9.7624,51.0194,3.5838,0.9833,-1.2026,0.0,0.0,-1.0265,-1.0265,HOLD_CASH
2019-09-11,17,AVB,EQR,167.6512,66.3186,139.2833,9.7624,51.0194,3.5838,0.9833,-1.9734,0.0,0.0,-1.0265,-1.0265,HOLD_CASH
2019-09-12,17,AVB,EQR,167.4993,66.7802,139.2833,9.7624,51.0194,3.5838,0.9833,-2.6126,1.0,0.0,-1.1099,-1.1099,ENTER_LONG_A
2019-09-13,17,AVB,EQR,165.5647,66.1465,139.2833,9.7624,51.0194,3.5838,0.9833,-2.2921,1.0,-0.0571,-1.1099,-1.1669,HOLDING
2019-09-16,17,AVB,EQR,167.7951,66.5376,139.2833,9.7624,51.0194,3.5838,0.9833,-1.3093,1.0,0.2275,-1.1099,-0.8824,HOLDING
2019-09-17,17,AVB,EQR,169.0821,67.1791,139.2833,9.7624,51.0194,3.5838,0.9833,-1.4372,1.0,0.1237,-1.1099,-0.9862,HOLDING
2019-09-18,17,AVB,EQR,168.9222,66.7097,139.2833,9.7624,51.0194,3.5838,0.9833,-0.6097,1.0,0.3877,-1.1099,-0.7222,HOLDING
2019-09-19,17,AVB,EQR,168.4825,66.8975,139.2833,9.7624,51.0194,3.5838,0.9833,-1.1531,1.0,0.1609,-1.1099,-0.9489,HOLDING
2019-09-20,17,AVB,EQR,167.1236,66.6315,139.2833,9.7624,51.0194,3.5838,0.9833,-1.461,1.0,0.0054,-1.1099,-1.1045,HOLDING
2019-09-23,17,AVB,EQR,168.2267,66.6784,139.2833,9.7624,51.0194,3.5838,0.9833,-0.6983,1.0,0.2406,-1.1099,-0.8693,HOLDING
2019-09-24,17,AVB,EQR,168.9702,66.8662,139.2833,9.7624,51.0194,3.5838,0.9833,-0.47,0.0,0.0,-0.8952,-0.8952,EXIT
2019-09-25,17,AVB,EQR,170.0654,67.3512,139.2833,9.7624,51.0194,3.5838,0.9833,-0.5708,0.0,0.0,-0.8952,-0.8952,HOLD_CASH
2019-09-26,17,AVB,EQR,172.3357,67.8754,139.2833,9.7624,51.0194,3.5838,0.9833,0.1037,0.0,0.0,-0.8952,-0.8952,HOLD_CASH
2019-09-27,17,AVB,EQR,172.5048,67.9211,139.2833,9.7624,51.0194,3.5838,0.9833,0.2457,0.0,0.0,-0.8952,-0.8952,HOLD_CASH
2019-09-30,17,AVB,EQR,173.3581,67.929,139.2833,9.7624,51.0194,3.5838,0.9833,1.0118,0.0,0.0,-0.8952,-0.8952,HOLD_CASH
2019-10-01,17,AVB,EQR,172.2874,67.8581,139.2833,9.7624,51.0194,3.5838,0.9833,0.2994,0.0,0.0,-0.8952,-0.8952,HOLD_CASH
2019-04-03,18,AEP,ES,64.8082,54.9769,56.3762,4.5642,48.4649,4.0533,0.9832,0.0,0.0,0.0,0.0,0.0,HOLD_CASH
2019-04-04,18,AEP,ES,64.5815,54.8599,56.3762,4.5642,48.4649,4.0533,0.9832,0.0,0.0,0.0,0.0,0.0,HOLD_CASH
2019-04-05,18,AEP,ES,65.3241,55.4213,56.3762,4.5642,48.4649,4.0533,0.9832,0.0,0.0,0.0,0.0,0.0,HOLD_CASH
2019-04-08,18,AEP,ES,64.9958,55.0626,56.3762,4.5642,48.4649,4.0533,0.9832,0.0,0.0,0.0,0.0,0.0,HOLD_CASH
2019-04-09,18,AEP,ES,65.3241,55.1874,56.3762,4.5642,48.4649,4.0533,0.9832,0.0,0.0,0.0,0.0,0.0,HOLD_CASH
2019-04-10,18,AEP,ES,65.1521,54.8209,56.3762,4.5642,48.4649,4.0533,0.9832,0.0,0.0,0.0,0.0,0.0,HOLD_CASH
2019-04-11,18,AEP,ES,65.6133,55.047,56.3762,4.5642,48.4649,4.0533,0.9832,0.0,0.0,0.0,0.0,0.0,HOLD_CASH
2019-04-12,18,AEP,ES,65.7774,55.1094,56.3762,4.5642,48.4649,4.0533,0.9832,0.0,0.0,0.0,0.0,0.0,HOLD_CASH
2019-04-15,18,AEP,ES,65.8634,55.1874,56.3762,4.5642,48.4649,4.0533,0.9832,0.0,0.0,0.0,0.0,0.0,HOLD_CASH
2019-04-16,18,AEP,ES,64.9176,54.6962,56.3762,4.5642,48.4649,4.0533,0.9832,0.0,0.0,0.0,0.0,0.0,HOLD_CASH
2019-04-17,18,AEP,ES,65.0348,54.743,56.3762,4.5642,48.4649,4.0533,0.9832,0.0,0.0,0.0,0.0,0.0,HOLD_CASH
2019-04-18,18,AEP,ES,64.8863,54.548,56.3762,4.5642,48.4649,4.0533,0.9832,0.0,0.0,0.0,0.0,0.0,HOLD_CASH
2019-04-22,18,AEP,ES,64.8238,54.5714,56.3762,4.5642,48.4649,4.0533,0.9832,0.0,0.0,0.0,0.0,0.0,HOLD_CASH
2019-04-23,18,AEP,ES,65.3241,54.8911,56.3762,4.5642,48.4649,4.0533,0.9832,0.0,0.0,0.0,0.0,0.0,HOLD_CASH
2019-04-24,18,AEP,ES,65.6758,55.2498,56.3762,4.5642,48.4649,4.0533,0.9832,0.0,0.0,0.0,0.0,0.0,HOLD_CASH
2019-04-25,18,AEP,ES,66.309,55.2342,56.3762,4.5642,48.4649,4.0533,0.9832,0.0,0.0,0.0,0.0,0.0,HOLD_CASH
2019-04-26,18,AEP,ES,66.2151,55.3745,56.3762,4.5642,48.4649,4.0533,0.9832,0.0,0.0,0.0,0.0,0.0,HOLD_CASH
2019-04-29,18,AEP,ES,65.6914,55.0315,56.3762,4.5642,48.4649,4.0533,0.9832,0.0,0.0,0.0,0.0,0.0,HOLD_CASH
2019-04-30,18,AEP,ES,66.8717,55.8735,56.3762,4.5642,48.4649,4.0533,0.9832,0.0,0.0,0.0,0.0,0.0,HOLD_CASH
2019-05-01,18,AEP,ES,66.4028,55.4603,56.3762,4.5642,48.4649,4.0533,0.9832,1.2935,0.0,0.0,0.0,0.0,HOLD_CASH
2019-05-02,18,AEP,ES,66.2074,55.7644,56.3762,4.5642,48.4649,4.0533,0.9832,-0.1993,0.0,0.0,0.0,0.0,HOLD_CASH
2019-05-03,18,AEP,ES,66.778,56.201,56.3762,4.5642,48.4649,4.0533,0.9832,-0.0599,0.0,0.0,0.0,0.0,HOLD_CASH
2019-05-06,18,AEP,ES,66.309,56.0373,56.3762,4.5642,48.4649,4.0533,0.9832,-1.1164,0.0,0.0,0.0,0.0,HOLD_CASH
2019-05-07,18,AEP,ES,66.1526,55.7566,56.3762,4.5642,48.4649,4.0533,0.9832,-0.7167,0.0,0.0,0.0,0.0,HOLD_CASH
2019-05-08,18,AEP,ES,65.4491,54.8911,56.3762,4.5642,48.4649,4.0533,0.9832,0.1859,0.0,0.0,0.0,0.0,HOLD_CASH
2019-05-09,18,AEP,ES,65.2994,54.9301,56.3762,4.5642,48.4649,4.0533,0.9832,-0.6111,0.0,0.0,0.0,0.0,HOLD_CASH
2019-05-10,18,AEP,ES,66.7099,55.9515,56.3762,4.5642,48.4649,4.0533,0.9832,0.5145,0.0,0.0,0.0,0.0,HOLD_CASH
2019-05-13,18,AEP,ES,68.0337,56.9105,56.3762,4.5642,48.4649,4.0533,0.9832,1.4489,0.0,0.0,0.0,0.0,HOLD_CASH
2019-05-14,18,AEP,ES,67.4191,56.5987,56.3762,4.5642,48.4649,4.0533,0.9832,0.4099,0.0,0.0,0.0,0.0,HOLD_CASH
2019-05-15,18,AEP,ES,67.0172,56.6064,56.3762,4.5642,48.4649,4.0533,0.9832,-1.1699,0.0,0.0,0.0,0.0,HOLD_CASH
2019-05-16,18,AEP,ES,67.293,57.0197,56.3762,4.5642,48.4649,4.0533,0.9832,-1.7021,0.0,0.0,0.0,0.0,HOLD_CASH
2019-05-17,18,AEP,ES,67.6476,57.3316,56.3762,4.5642,48.4649,4.0533,0.9832,-1.5159,0.0,0.0,0.0,0.0,HOLD_CASH
2019-05-20,18,AEP,ES,68.2386,57.4096,56.3762,4.5642,48.4649,4.0533,0.9832,0.1516,0.0,0.0,0.0,0.0,HOLD_CASH
2019-05-21,18,AEP,ES,68.2464,57.4953,56.3762,4.5642,48.4649,4.0533,0.9832,-0.155,0.0,0.0,0.0,0.0,HOLD_CASH
2019-05-22,18,AEP,ES,68.7823,57.9155,56.3762,4.5642,48.4649,4.0533,0.9832,0.062,0.0,0.0,0.0,0.0,HOLD_CASH
2019-05-23,18,AEP,ES,69.4836,58.7795,56.3762,4.5642,48.4649,4.0533,0.9832,-0.7501,0.0,0.0,0.0,0.0,HOLD_CASH
2019-05-24,18,AEP,ES,69.5702,58.8109,56.3762,4.5642,48.4649,4.0533,0.9832,-0.4854,0.0,0.0,0.0,0.0,HOLD_CASH
2019-05-28,18,AEP,ES,68.2937,58.2218,56.3762,4.5642,48.4649,4.0533,0.9832,-2.314,1.0,0.0,-0.0833,-0.0833,ENTER_LONG_A
2019-05-29,18,AEP,ES,67.5215,57.2479,56.3762,4.5642,48.4649,4.0533,0.9832,-1.2003,1.0,0.1921,-0.0833,0.1088,HOLDING
2019-05-30,18,AEP,ES,67.2142,57.4678,56.3762,4.5642,48.4649,4.0533,0.9832,-2.5015,1.0,-0.1537,-0.0833,-0.237,HOLDING
2019-05-31,18,AEP,ES,67.8604,57.994,56.3762,4.5642,48.4649,4.0533,0.9832,-1.9463,1.0,-0.1137,-0.0833,-0.1971,HOLDING
2019-06-03,18,AEP,ES,68.8453,58.7716,56.3762,4.5642,48.4649,4.0533,0.9832,-1.4315,1.0,-0.0358,-0.0833,-0.1192,HOLDING
2019-06-04,18,AEP,ES,68.5931,58.426,56.3762,4.5642,48.4649,4.0533,0.9832,-1.0261,1.0,0.046,-0.0833,-0.0373,HOLDING
2019-06-05,18,AEP,ES,70.4212,59.9419,56.3762,4.5642,48.4649,4.0533,0.9832,-0.6081,1.0,0.1401,-0.0833,0.0568,HOLDING
2019-06-06,18,AEP,ES,70.9177,60.3581,56.3762,4.5642,48.4649,4.0533,0.9832,-0.4582,0.0,0.0,-0.0073,-0.0073,EXIT
2019-06-07,18,AEP,ES,70.5552,59.9261,56.3762,4.5642,48.4649,4.0533,0.9832,-0.1385,0.0,0.0,-0.0073,-0.0073,HOLD_CASH
2019-06-10,18,AEP,ES,70.1454,59.7062,56.3762,4.5642,48.4649,4.0533,0.9832,-0.4811,0.0,0.0,-0.0073,-0.0073,HOLD_CASH
2019-06-11,18,AEP,ES,69.5939,59.2821,56.3762,4.5642,48.4649,4.0533,0.9832,-0.6287,0.0,0.0,-0.0073,-0.0073,HOLD_CASH
2019-06-12,18,AEP,ES,70.437,60.0911,56.3762,4.5642,48.4649,4.0533,0.9832,-0.7084,0.0,0.0,-0.0073,-0.0073,HOLD_CASH
2019-06-13,18,AEP,ES,70.5946,60.2167,56.3762,4.5642,48.4649,4.0533,0.9832,-0.5859,0.0,0.0,-0.0073,-0.0073,HOLD_CASH
2019-06-14,18,AEP,ES,71.3747,60.7979,56.3762,4.5642,48.4649,4.0533,0.9832,-0.1375,0.0,0.0,-0.0073,-0.0073,HOLD_CASH
2019-06-17,18,AEP,ES,70.9807,60.0832,56.3762,4.5642,48.4649,4.0533,0.9832,1.0427,0.0,0.0,-0.0073,-0.0073,HOLD_CASH
2019-06-18,18,AEP,ES,70.7443,59.9183,56.3762,4.5642,48.4649,4.0533,0.9832,0.9774,0.0,0.0,-0.0073,-0.0073,HOLD_CASH
2019-06-19,18,AEP,ES,71.5953,60.6094,56.3762,4.5642,48.4649,4.0533,0.9832,1.3059,0.0,0.0,-0.0073,-0.0073,HOLD_CASH
2019-06-20,18,AEP,ES,71.6032,60.8922,56.3762,4.5642,48.4649,4.0533,0.9832,0.4032,0.0,0.0,-0.0073,-0.0073,HOLD_CASH
2019-06-21,18,AEP,ES,72.139,60.7901,56.3762,4.5642,48.4649,4.0533,0.9832,2.3684,-1.0,0.0,-0.0906,-0.0906,ENTER_SHORT_A
2019-06-24,18,AEP,ES,71.6268,60.7822,56.3762,4.5642,48.4649,4.0533,0.9832,0.7846,-1.0,0.3009,-0.0906,0.2103,HOLDING
2019-06-25,18,AEP,ES,71.2092,60.4602,56.3762,4.5642,48.4649,4.0533,0.9832,0.5188,-1.0,0.3374,-0.0906,0.2468,HOLDING
2019-06-26,18,AEP,ES,69.7357,59.1957,56.3762,4.5642,48.4649,4.0533,0.9832,0.2639,0.0,0.0,0.2099,0.2099,EXIT
2019-06-27,18,AEP,ES,69.2629,59.2271,56.3762,4.5642,48.4649,4.0533,0.9832,-1.4823,0.0,0.0,0.2099,0.2099,HOLD_CASH
2019-06-28,18,AEP,ES,69.3496,59.502,56.3762,4.5642,48.4649,4.0533,0.9832,-2.0719,1.0,0.0,0.1266,0.1266,ENTER_LONG_A
2019-07-01,18,AEP,ES,69.4441,59.4235,56.3762,4.5642,48.4649,4.0533,0.9832,-1.4287,1.0,0.1118,0.1266,0.2384,HOLDING
2019-07-02,18,AEP,ES,70.2794,60.2089,56.3762,4.5642,48.4649,4.0533,0.9832,-1.4211,1.0,0.0907,0.1266,0.2173,HOLDING
2019-07-03,18,AEP,ES,71.028,60.5702,56.3762,4.5642,48.4649,4.0533,0.9832,-0.3618,0.0,0.0,0.347,0.347,EXIT
2019-07-05,18,AEP,ES,70.7916,60.4681,56.3762,4.5642,48.4649,4.0533,0.9832,-0.6842,0.0,0.0,0.347,0.347,HOLD_CASH
2019-07-08,18,AEP,ES,70.8625,60.5073,56.3762,4.5642,48.4649,4.0533,0.9832,-0.5514,0.0,0.0,0.347,0.347,HOLD_CASH
2019-07-09,18,AEP,ES,71.2013,60.4445,56.3762,4.5642,48.4649,4.0533,0.9832,0.6064,0.0,0.0,0.347,0.347,HOLD_CASH
2019-07-10,18,AEP,ES,71.5559,61.0021,56.3762,4.5642,48.4649,4.0533,0.9832,-0.1661,0.0,0.0,0.347,0.347,HOLD_CASH
2019-07-11,18,AEP,ES,71.6505,61.3084,56.3762,4.5642,48.4649,4.0533,0.9832,-0.847,0.0,0.0,0.347,0.347,HOLD_CASH
2019-07-12,18,AEP,ES,71.1147,60.9,56.3762,4.5642,48.4649,4.0533,0.9832,-1.0269,0.0,0.0,0.347,0.347,HOLD_CASH
2019-07-15,18,AEP,ES,71.8553,61.065,56.3762,4.5642,48.4649,4.0533,0.9832,0.5064,0.0,0.0,0.347,0.347,HOLD_CASH
2019-07-16,18,AEP,ES,71.3195,60.5466,56.3762,4.5642,48.4649,4.0533,0.9832,0.6511,0.0,0.0,0.347,0.347,HOLD_CASH
2019-07-17,18,AEP,ES,71.7214,60.7587,56.3762,4.5642,48.4649,4.0533,0.9832,1.1114,0.0,0.0,0.347,0.347,HOLD_CASH
2019-07-18,18,AEP,ES,72.3045,61.5755,56.3762,4.5642,48.4649,4.0533,0.9832,0.2662,0.0,0.0,0.347,0.347,HOLD_CASH
2019-07-19,18,AEP,ES,71.1383,60.2952,56.3762,4.5642,48.4649,4.0533,0.9832,0.9561,0.0,0.0,0.347,0.347,HOLD_CASH
2019-07-22,18,AEP,ES,71.0122,60.4052,56.3762,4.5642,48.4649,4.0533,0.9832,0.4033,0.0,0.0,0.347,0.347,HOLD_CASH
2019-07-23,18,AEP,ES,70.5316,60.2796,56.3762,4.5642,48.4649,4.0533,0.9832,-0.6759,0.0,0.0,0.347,0.347,HOLD_CASH
2019-07-24,18,AEP,ES,70.6104,60.0204,56.3762,4.5642,48.4649,4.0533,0.9832,0.6177,0.0,0.0,0.347,0.347,HOLD_CASH
2019-07-25,18,AEP,ES,70.1927,59.8476,56.3762,4.5642,48.4649,4.0533,0.9832,-0.1331,0.0,0.0,0.347,0.347,HOLD_CASH
2019-07-26,18,AEP,ES,70.0903,59.879,56.3762,4.5642,48.4649,4.0533,0.9832,-0.6523,0.0,0.0,0.347,0.347,HOLD_CASH
2019-07-29,18,AEP,ES,70.7128,60.3267,56.3762,4.5642,48.4649,4.0533,0.9832,-0.3024,0.0,0.0,0.347,0.347,HOLD_CASH
2019-07-30,18,AEP,ES,69.9091,60.1068,56.3762,4.5642,48.4649,4.0533,0.9832,-2.2371,1.0,0.0,0.2637,0.2637,ENTER_LONG_A
2019-07-31,18,AEP,ES,69.192,59.5806,56.3762,4.5642,48.4649,4.0533,0.9832,-2.3303,1.0,-0.0821,0.2637,0.1815,HOLDING
2019-08-01,18,AEP,ES,69.98,60.1146,56.3762,4.5642,48.4649,4.0533,0.9832,-1.5148,1.0,0.038,0.2637,0.3017,HOLDING
2019-08-02,18,AEP,ES,69.8933,60.2403,56.3762,4.5642,48.4649,4.0533,0.9832,-1.8764,1.0,-0.0999,0.2637,0.1638,HOLDING
2019-08-05,18,AEP,ES,69.3575,60.1225,56.3762,4.5642,48.4649,4.0533,0.9832,-2.3446,1.0,-0.3475,0.2637,-0.0838,HOLDING
2019-08-06,18,AEP,ES,70.24,60.8215,56.3762,4.5642,48.4649,4.0533,0.9832,-1.811,1.0,-0.2811,0.2637,-0.0175,HOLDING
2019-08-07,18,AEP,ES,70.7128,61.1749,56.3762,4.5642,48.4649,4.0533,0.9832,-1.4535,1.0,-0.2314,0.2637,0.0323,HOLDING
2019-08-08,18,AEP,ES,71.0621,61.5833,56.3762,4.5642,48.4649,4.0533,0.9832,-1.4703,1.0,-0.2942,0.2637,-0.0305,HOLDING
2019-08-09,18,AEP,ES,71.4273,61.599,56.3762,4.5642,48.4649,4.0533,0.9832,-0.7791,1.0,-0.0818,0.2637,0.1819,HOLDING
2019-08-12,18,AEP,ES,71.7925,61.065,56.3762,4.5642,48.4649,4.0533,0.9832,0.9507,1.0,0.5024,0.2637,0.766,HOLDING
2019-08-13,18,AEP,ES,71.6496,61.1906,56.3762,4.5642,48.4649,4.0533,0.9832,0.4901,0.0,0.0,0.5087,0.5087,EXIT
2019-08-14,18,AEP,ES,70.2444,60.6016,56.3762,4.5642,48.4649,4.0533,0.9832,-0.8306,0.0,0.0,0.5087,0.5087,HOLD_CASH
2019-08-15,18,AEP,ES,71.7369,61.8975,56.3762,4.5642,48.4649,4.0533,0.9832,-0.6414,0.0,0.0,0.5087,0.5087,HOLD_CASH
2019-08-16,18,AEP,ES,71.6337,61.764,56.3762,4.5642,48.4649,4.0533,0.9832,-0.4767,0.0,0.0,0.5087,0.5087,HOLD_CASH
2019-08-19,18,AEP,ES,71.8878,62.0232,56.3762,4.5642,48.4649,4.0533,0.9832,-0.4739,0.0,0.0,0.5087,0.5087,HOLD_CASH
2019-08-20,18,AEP,ES,72.0624,62.1253,56.3762,4.5642,48.4649,4.0533,0.9832,-0.279,0.0,0.0,0.5087,0.5087,HOLD_CASH
2019-08-21,18,AEP,ES,72.5229,62.4865,56.3762,4.5642,48.4649,4.0533,0.9832,-0.0466,0.0,0.0,0.5087,0.5087,HOLD_CASH
2019-08-22,18,AEP,ES,72.2212,62.6515,56.3762,4.5642,48.4649,4.0533,0.9832,-1.1796,0.0,0.0,0.5087,0.5087,HOLD_CASH
2019-08-23,18,AEP,ES,71.1177,62.1802,56.3762,4.5642,48.4649,4.0533,0.9832,-2.2383,1.0,0.0,0.4253,0.4253,ENTER_LONG_A
2019-08-26,18,AEP,ES,72.1101,62.785,56.3762,4.5642,48.4649,4.0533,0.9832,-1.3595,1.0,0.1922,0.4253,0.6176,HOLDING
2019-08-27,18,AEP,ES,71.983,63.2719,56.3762,4.5642,48.4649,4.0533,0.9832,-2.3421,1.0,-0.2044,0.4253,0.2209,HOLDING
2019-08-28,18,AEP,ES,71.1573,63.0599,56.3762,4.5642,48.4649,4.0533,0.9832,-2.6314,1.0,-0.5562,0.4253,-0.1309,HOLDING
2019-08-29,18,AEP,ES,72.0227,63.1541,56.3762,4.5642,48.4649,4.0533,0.9832,-1.2733,1.0,-0.1031,0.4253,0.3222,HOLDING
2019-08-30,18,AEP,ES,72.3641,62.9342,56.3762,4.5642,48.4649,4.0533,0.9832,-0.3367,0.0,0.0,0.5859,0.5859,EXIT
2019-09-03,18,AEP,ES,73.6582,63.9867,56.3762,4.5642,48.4649,4.0533,0.9832,-0.1403,0.0,0.0,0.5859,0.5859,HOLD_CASH
2019-09-04,18,AEP,ES,73.8725,64.7878,56.3762,4.5642,48.4649,4.0533,0.9832,-1.0797,0.0,0.0,0.5859,0.5859,HOLD_CASH
2019-09-05,18,AEP,ES,72.6658,64.4265,56.3762,4.5642,48.4649,4.0533,0.9832,-1.9247,0.0,0.0,0.5859,0.5859,HOLD_CASH
2019-09-06,18,AEP,ES,72.3165,64.6778,56.3762,4.5642,48.4649,4.0533,0.9832,-2.2267,1.0,0.0,0.5025,0.5025,ENTER_LONG_A
2019-09-09,18,AEP,ES,72.5467,64.2458,56.3762,4.5642,48.4649,4.0533,0.9832,-1.2759,1.0,0.4102,0.5025,0.9128,HOLDING
2019-09-10,18,AEP,ES,72.3165,64.3008,56.3762,4.5642,48.4649,4.0533,0.9832,-1.4677,1.0,0.2417,0.5025,0.7442,HOLDING
2019-09-11,18,AEP,ES,72.7928,64.5364,56.3762,4.5642,48.4649,4.0533,0.9832,-1.1317,1.0,0.3665,0.5025,0.869,HOLDING
2019-09-12,18,AEP,ES,73.0548,65.0784,56.3762,4.5642,48.4649,4.0533,0.9832,-1.3654,1.0,0.1707,0.5025,0.6733,HOLDING
2019-09-13,18,AEP,ES,72.6737,64.7014,56.3762,4.5642,48.4649,4.0533,0.9832,-1.1963,1.0,0.1918,0.5025,0.6943,HOLDING
2019-09-16,18,AEP,ES,72.8087,64.7485,56.3762,4.5642,48.4649,4.0533,0.9832,-1.003,1.0,0.2397,0.5025,0.7422,HOLDING
2019-09-17,18,AEP,ES,73.6185,65.3061,56.3762,4.5642,48.4649,4.0533,0.9832,-0.7003,1.0,0.3511,0.5025,0.8537,HOLDING
2019-09-18,18,AEP,ES,73.8487,65.4789,56.3762,4.5642,48.4649,4.0533,0.9832,-0.5785,1.0,0.3737,0.5025,0.8762,HOLDING
2019-09-19,18,AEP,ES,73.9757,65.7912,56.3762,4.5642,48.4649,4.0533,0.9832,-0.8076,1.0,0.247,0.5025,0.7496,HOLDING
2019-09-20,18,AEP,ES,73.9757,65.8149,56.3762,4.5642,48.4649,4.0533,0.9832,-0.7726,1.0,0.2318,0.5025,0.7344,HOLDING
2019-09-23,18,AEP,ES,74.1504,65.9967,56.3762,4.5642,48.4649,4.0533,0.9832,-0.7335,1.0,0.2164,0.5025,0.719,HOLDING
2019-09-24,18,AEP,ES,75.0951,66.9216,56.3762,4.5642,48.4649,4.0533,0.9832,-0.7873,1.0,0.1706,0.5025,0.6731,HOLDING
2019-09-25,18,AEP,ES,74.8093,66.9057,56.3762,4.5642,48.4649,4.0533,0.9832,-1.1302,1.0,0.0153,0.5025,0.5178,HOLDING
2019-09-26,18,AEP,ES,74.8569,67.3958,56.3762,4.5642,48.4649,4.0533,0.9832,-1.7216,1.0,-0.2714,0.5025,0.2312,HOLDING
2019-09-27,18,AEP,ES,74.7855,67.4591,56.3762,4.5642,48.4649,4.0533,0.9832,-1.7044,1.0,-0.3533,0.5025,0.1493,HOLDING
2019-09-30,18,AEP,ES,74.3806,67.5618,56.3762,4.5642,48.4649,4.0533,0.9832,-2.2226,1.0,-0.6536,0.5025,-0.151,HOLDING
2019-10-01,18,AEP,ES,74.0075,67.4749,56.3762,4.5642,48.4649,4.0533,0.9832,-2.4334,1.0,0.0,-0.3975,-0.3975,PERIOD_END_EXIT
2019-04-03,19,CMS,NEE,44.611,39.8367,39.5697,2.8634,35.7986,2.1593,0.9827,0.0,0.0,0.0,0.0,0.0,HOLD_CASH
2019-04-04,19,CMS,NEE,44.3752,39.6452,39.5697,2.8634,35.7986,2.1593,0.9827,0.0,0.0,0.0,0.0,0.0,HOLD_CASH
2019-04-05,19,CMS,NEE,44.8143,39.9988,39.5697,2.8634,35.7986,2.1593,0.9827,0.0,0.0,0.0,0.0,0.0,HOLD_CASH
2019-04-08,19,CMS,NEE,44.1882,39.6957,39.5697,2.8634,35.7986,2.1593,0.9827,0.0,0.0,0.0,0.0,0.0,HOLD_CASH
2019-04-09,19,CMS,NEE,44.4159,39.9209,39.5697,2.8634,35.7986,2.1593,0.9827,0.0,0.0,0.0,0.0,0.0,HOLD_CASH
2019-04-10,19,CMS,NEE,44.2288,39.6915,39.5697,2.8634,35.7986,2.1593,0.9827,0.0,0.0,0.0,0.0,0.0,HOLD_CASH
2019-04-11,19,CMS,NEE,44.668,39.9903,39.5697,2.8634,35.7986,2.1593,0.9827,0.0,0.0,0.0,0.0,0.0,HOLD_CASH
2019-04-12,19,CMS,NEE,44.7086,40.1608,39.5697,2.8634,35.7986,2.1593,0.9827,0.0,0.0,0.0,0.0,0.0,HOLD_CASH
2019-04-15,19,CMS,NEE,44.6192,40.226,39.5697,2.8634,35.7986,2.1593,0.9827,0.0,0.0,0.0,0.0,0.0,HOLD_CASH
2019-04-16,19,CMS,NEE,43.9524,39.8809,39.5697,2.8634,35.7986,2.1593,0.9827,0.0,0.0,0.0,0.0,0.0,HOLD_CASH
2019-04-17,19,CMS,NEE,43.9849,39.9083,39.5697,2.8634,35.7986,2.1593,0.9827,0.0,0.0,0.0,0.0,0.0,HOLD_CASH
2019-04-18,19,CMS,NEE,43.7572,39.8473,39.5697,2.8634,35.7986,2.1593,0.9827,0.0,0.0,0.0,0.0,0.0,HOLD_CASH
2019-04-22,19,CMS,NEE,43.5539,40.0619,39.5697,2.8634,35.7986,2.1593,0.9827,0.0,0.0,0.0,0.0,0.0,HOLD_CASH
2019-04-23,19,CMS,NEE,44.0662,39.9377,39.5697,2.8634,35.7986,2.1593,0.9827,0.0,0.0,0.0,0.0,0.0,HOLD_CASH
2019-04-24,19,CMS,NEE,44.237,39.9946,39.5697,2.8634,35.7986,2.1593,0.9827,0.0,0.0,0.0,0.0,0.0,HOLD_CASH
2019-04-25,19,CMS,NEE,44.5297,40.0829,39.5697,2.8634,35.7986,2.1593,0.9827,0.0,0.0,0.0,0.0,0.0,HOLD_CASH
2019-04-26,19,CMS,NEE,44.6436,40.3418,39.5697,2.8634,35.7986,2.1593,0.9827,0.0,0.0,0.0,0.0,0.0,HOLD_CASH
2019-04-29,19,CMS,NEE,44.424,40.3544,39.5697,2.8634,35.7986,2.1593,0.9827,0.0,0.0,0.0,0.0,0.0,HOLD_CASH
2019-04-30,19,CMS,NEE,45.1721,40.9162,39.5697,2.8634,35.7986,2.1593,0.9827,0.0,0.0,0.0,0.0,0.0,HOLD_CASH
2019-05-01,19,CMS,NEE,44.7086,40.67,39.5697,2.8634,35.7986,2.1593,0.9827,-1.2719,0.0,0.0,0.0,0.0,HOLD_CASH
2019-05-02,19,CMS,NEE,44.6947,40.3439,39.5697,2.8634,35.7986,2.1593,0.9827,-0.0907,0.0,0.0,0.0,0.0,HOLD_CASH
2019-05-03,19,CMS,NEE,45.2515,40.4891,39.5697,2.8634,35.7986,2.1593,0.9827,1.0359,0.0,0.0,0.0,0.0,HOLD_CASH
2019-05-06,19,CMS,NEE,45.1287,40.1713,39.5697,2.8634,35.7986,2.1593,0.9827,1.8468,0.0,0.0,0.0,0.0,HOLD_CASH
2019-05-07,19,CMS,NEE,44.9895,39.9293,39.5697,2.8634,35.7986,2.1593,0.9827,2.0512,-1.0,0.0,-0.0833,-0.0833,ENTER_SHORT_A
2019-05-08,19,CMS,NEE,44.4408,39.5358,39.5697,2.8634,35.7986,2.1593,0.9827,1.7395,-1.0,0.0308,-0.0833,-0.0526,HOLDING
2019-05-09,19,CMS,NEE,44.5473,39.6894,39.5697,2.8634,35.7986,2.1593,0.9827,1.413,-1.0,0.1113,-0.0833,0.0279,HOLDING
2019-05-10,19,CMS,NEE,45.5545,40.3523,39.5697,2.8634,35.7986,2.1593,0.9827,1.5988,-1.0,-0.0119,-0.0833,-0.0952,HOLDING
2019-05-13,19,CMS,NEE,46.226,41.0194,39.5697,2.8634,35.7986,2.1593,0.9827,1.0907,-1.0,0.158,-0.0833,0.0747,HOLDING
2019-05-14,19,CMS,NEE,45.7347,41.013,39.5697,2.8634,35.7986,2.1593,0.9827,0.0641,0.0,0.0,0.4044,0.4044,EXIT
2019-05-15,19,CMS,NEE,45.7347,41.0046,39.5697,2.8634,35.7986,2.1593,0.9827,0.0542,0.0,0.0,0.4044,0.4044,HOLD_CASH
2019-05-16,19,CMS,NEE,46.0377,41.4781,39.5697,2.8634,35.7986,2.1593,0.9827,-0.6144,0.0,0.0,0.4044,0.4044,HOLD_CASH
2019-05-17,19,CMS,NEE,46.2342,41.8716,39.5697,2.8634,35.7986,2.1593,0.9827,-1.2453,0.0,0.0,0.4044,0.4044,HOLD_CASH
2019-05-20,19,CMS,NEE,46.4471,41.9495,39.5697,2.8634,35.7986,2.1593,0.9827,-1.142,0.0,0.0,0.4044,0.4044,HOLD_CASH
2019-05-21,19,CMS,NEE,46.1441,41.8548,39.5697,2.8634,35.7986,2.1593,0.9827,-1.4262,0.0,0.0,0.4044,0.4044,HOLD_CASH
2019-05-22,19,CMS,NEE,46.4307,42.4924,39.5697,2.8634,35.7986,2.1593,0.9827,-2.1453,1.0,0.0,0.3211,0.3211,ENTER_LONG_A
2019-05-23,19,CMS,NEE,46.963,42.8291,39.5697,2.8634,35.7986,2.1593,0.9827,-1.7092,1.0,0.0766,0.3211,0.3977,HOLDING
2019-05-24,19,CMS,NEE,46.8729,42.7954,39.5697,2.8634,35.7986,2.1593,0.9827,-1.5835,1.0,0.0387,0.3211,0.3598,HOLDING
2019-05-28,19,CMS,NEE,45.9967,42.3324,39.5697,2.8634,35.7986,2.1593,0.9827,-1.7681,1.0,-0.1846,0.3211,0.1365,HOLDING
2019-05-29,19,CMS,NEE,45.4399,41.8169,39.5697,2.8634,35.7986,2.1593,0.9827,-1.4485,1.0,-0.0905,0.3211,0.2306,HOLDING
2019-05-30,19,CMS,NEE,45.6528,41.8632,39.5697,2.8634,35.7986,2.1593,0.9827,-1.1597,1.0,0.0344,0.3211,0.3555,HOLDING
2019-05-31,19,CMS,NEE,45.9476,41.9733,39.5697,2.8634,35.7986,2.1593,0.9827,-0.8849,1.0,0.1582,0.3211,0.4793,HOLDING
2019-06-03,19,CMS,NEE,46.6764,42.2634,39.5697,2.8634,35.7986,2.1593,0.9827,-0.3809,0.0,0.0,0.6832,0.6832,EXIT
2019-06-04,19,CMS,NEE,46.3325,42.2211,39.5697,2.8634,35.7986,2.1593,0.9827,-0.6773,0.0,0.0,0.6832,0.6832,HOLD_CASH
2019-06-05,19,CMS,NEE,47.4625,43.337,39.5697,2.8634,35.7986,2.1593,0.9827,-1.0159,0.0,0.0,0.6832,0.6832,HOLD_CASH
2019-06-06,19,CMS,NEE,47.6672,43.5721,39.5697,2.8634,35.7986,2.1593,0.9827,-1.0676,0.0,0.0,0.6832,0.6832,HOLD_CASH
2019-06-07,19,CMS,NEE,47.3233,43.282,39.5697,2.8634,35.7986,2.1593,0.9827,-0.9414,0.0,0.0,0.6832,0.6832,HOLD_CASH
2019-06-10,19,CMS,NEE,47.0858,43.0766,39.5697,2.8634,35.7986,2.1593,0.9827,-0.8511,0.0,0.0,0.6832,0.6832,HOLD_CASH
2019-06-11,19,CMS,NEE,46.8156,42.7695,39.5697,2.8634,35.7986,2.1593,0.9827,-0.5619,0.0,0.0,0.6832,0.6832,HOLD_CASH
2019-06-12,19,CMS,NEE,47.4543,43.3159,39.5697,2.8634,35.7986,2.1593,0.9827,-0.6565,0.0,0.0,0.6832,0.6832,HOLD_CASH
2019-06-13,19,CMS,NEE,47.4543,43.3625,39.5697,2.8634,35.7986,2.1593,0.9827,-0.7778,0.0,0.0,0.6832,0.6832,HOLD_CASH
2019-06-14,19,CMS,NEE,48.1094,43.8262,39.5697,2.8634,35.7986,2.1593,0.9827,-0.567,0.0,0.0,0.6832,0.6832,HOLD_CASH
2019-06-17,19,CMS,NEE,47.7983,43.7013,39.5697,2.8634,35.7986,2.1593,0.9827,-1.0106,0.0,0.0,0.6832,0.6832,HOLD_CASH
2019-06-18,19,CMS,NEE,47.5935,43.5001,39.5697,2.8634,35.7986,2.1593,0.9827,-0.7655,0.0,0.0,0.6832,0.6832,HOLD_CASH
2019-06-19,19,CMS,NEE,48.2241,43.6738,39.5697,2.8634,35.7986,2.1593,0.9827,1.3199,0.0,0.0,0.6832,0.6832,HOLD_CASH
2019-06-20,19,CMS,NEE,48.396,43.7034,39.5697,2.8634,35.7986,2.1593,0.9827,1.7491,0.0,0.0,0.6832,0.6832,HOLD_CASH
2019-06-21,19,CMS,NEE,48.437,43.9511,39.5697,2.8634,35.7986,2.1593,0.9827,0.3947,0.0,0.0,0.6832,0.6832,HOLD_CASH
2019-06-24,19,CMS,NEE,48.3305,44.0888,39.5697,2.8634,35.7986,2.1593,0.9827,-0.8988,0.0,0.0,0.6832,0.6832,HOLD_CASH
2019-06-25,19,CMS,NEE,48.2814,43.6695,39.5697,2.8634,35.7986,2.1593,0.9827,1.2857,0.0,0.0,0.6832,0.6832,HOLD_CASH
2019-06-26,19,CMS,NEE,47.1186,43.0025,39.5697,2.8634,35.7986,2.1593,0.9827,-0.1033,0.0,0.0,0.6832,0.6832,HOLD_CASH
2019-06-27,19,CMS,NEE,47.094,43.3159,39.5697,2.8634,35.7986,2.1593,0.9827,-1.828,0.0,0.0,0.6832,0.6832,HOLD_CASH
2019-06-28,19,CMS,NEE,47.4216,43.3815,39.5697,2.8634,35.7986,2.1593,0.9827,-0.7285,0.0,0.0,0.6832,0.6832,HOLD_CASH
2019-07-01,19,CMS,NEE,47.2169,43.2036,39.5697,2.8634,35.7986,2.1593,0.9827,-0.5515,0.0,0.0,0.6832,0.6832,HOLD_CASH
2019-07-02,19,CMS,NEE,47.6836,43.9745,39.5697,2.8634,35.7986,2.1593,0.9827,-2.5411,1.0,0.0,0.5998,0.5998,ENTER_LONG_A
2019-07-03,19,CMS,NEE,48.2978,44.201,39.5697,2.8634,35.7986,2.1593,0.9827,-1.0957,1.0,0.2531,0.5998,0.8529,HOLDING
2019-07-05,19,CMS,NEE,48.0849,44.0697,39.5697,2.8634,35.7986,2.1593,0.9827,-1.175,1.0,0.2199,0.5998,0.8197,HOLDING
2019-07-08,19,CMS,NEE,48.2159,44.2857,39.5697,2.8634,35.7986,2.1593,0.9827,-1.5667,1.0,0.1005,0.5998,0.7003,HOLDING
2019-07-09,19,CMS,NEE,48.2159,44.0803,39.5697,2.8634,35.7986,2.1593,0.9827,-0.5512,1.0,0.313,0.5998,0.9128,HOLDING
2019-07-10,19,CMS,NEE,48.2486,44.3599,39.5697,2.8634,35.7986,2.1593,0.9827,-1.5393,1.0,0.0498,0.5998,0.6496,HOLDING
2019-07-11,19,CMS,NEE,48.3142,44.5547,39.5697,2.8634,35.7986,2.1593,0.9827,-1.8547,1.0,-0.0997,0.5998,0.5001,HOLDING
2019-07-12,19,CMS,NEE,47.9702,44.201,39.5697,2.8634,35.7986,2.1593,0.9827,-1.3373,1.0,-0.0069,0.5998,0.5929,HOLDING
2019-07-15,19,CMS,NEE,48.003,44.2264,39.5697,2.8634,35.7986,2.1593,0.9827,-1.2037,1.0,-0.0072,0.5998,0.5927,HOLDING
2019-07-16,19,CMS,NEE,47.8228,44.021,39.5697,2.8634,35.7986,2.1593,0.9827,-0.8816,1.0,0.0623,0.5998,0.6621,HOLDING
2019-07-17,19,CMS,NEE,48.0439,44.4509,39.5697,2.8634,35.7986,2.1593,0.9827,-1.5925,1.0,-0.2068,0.5998,0.393,HOLDING
2019-07-18,19,CMS,NEE,48.4206,44.9697,39.5697,2.8634,35.7986,2.1593,0.9827,-2.0344,1.0,-0.4445,0.5998,0.1553,HOLDING
2019-07-19,19,CMS,NEE,47.7082,44.4128,39.5697,2.8634,35.7986,2.1593,0.9827,-1.823,1.0,-0.4339,0.5998,0.1659,HOLDING
2019-07-22,19,CMS,NEE,47.7328,44.3344,39.5697,2.8634,35.7986,2.1593,0.9827,-1.3731,1.0,-0.3333,0.5998,0.2665,HOLDING
2019-07-23,19,CMS,NEE,47.7164,43.8982,39.5697,2.8634,35.7986,2.1593,0.9827,0.021,0.0,0.0,0.6214,0.6214,EXIT
2019-07-24,19,CMS,NEE,47.5035,44.4827,39.5697,2.8634,35.7986,2.1593,0.9827,-2.1806,1.0,0.0,0.5381,0.5381,ENTER_LONG_A
2019-07-25,19,CMS,NEE,47.4625,43.9681,39.5697,2.8634,35.7986,2.1593,0.9827,-0.5352,1.0,0.4975,0.5381,1.0355,HOLDING
2019-07-26,19,CMS,NEE,48.0603,44.2942,39.5697,2.8634,35.7986,2.1593,0.9827,-0.0291,0.0,0.0,1.0885,1.0885,EXIT
2019-07-29,19,CMS,NEE,48.4616,44.7622,39.5697,2.8634,35.7986,2.1593,0.9827,-0.5249,0.0,0.0,1.0885,1.0885,HOLD_CASH
2019-07-30,19,CMS,NEE,47.9538,44.3408,39.5697,2.8634,35.7986,2.1593,0.9827,-0.3251,0.0,0.0,1.0885,1.0885,HOLD_CASH
2019-07-31,19,CMS,NEE,47.6754,43.8707,39.5697,2.8634,35.7986,2.1593,0.9827,0.7059,0.0,0.0,1.0885,1.0885,HOLD_CASH
2019-08-01,19,CMS,NEE,48.6259,44.525,39.5697,2.8634,35.7986,2.1593,0.9827,1.046,0.0,0.0,1.0885,1.0885,HOLD_CASH
2019-08-02,19,CMS,NEE,48.3868,44.7686,39.5697,2.8634,35.7986,2.1593,0.9827,-0.6527,0.0,0.0,1.0885,1.0885,HOLD_CASH
2019-08-05,19,CMS,NEE,47.9911,44.057,39.5697,2.8634,35.7986,2.1593,0.9827,1.0717,0.0,0.0,1.0885,1.0885,HOLD_CASH
2019-08-06,19,CMS,NEE,48.5517,44.7664,39.5697,2.8634,35.7986,2.1593,0.9827,-0.0228,0.0,0.0,1.0885,1.0885,HOLD_CASH
2019-08-07,19,CMS,NEE,48.7248,45.0777,39.5697,2.8634,35.7986,2.1593,0.9827,-0.7672,0.0,0.0,1.0885,1.0885,HOLD_CASH
2019-08-08,19,CMS,NEE,49.5161,45.5754,39.5697,2.8634,35.7986,2.1593,0.9827,-0.2371,0.0,0.0,1.0885,1.0885,HOLD_CASH
2019-08-09,19,CMS,NEE,49.7222,45.8422,39.5697,2.8634,35.7986,2.1593,0.9827,-0.6703,0.0,0.0,1.0885,1.0885,HOLD_CASH
2019-08-12,19,CMS,NEE,49.409,45.6241,39.5697,2.8634,35.7986,2.1593,0.9827,-0.6994,0.0,0.0,1.0885,1.0885,HOLD_CASH
2019-08-13,19,CMS,NEE,49.5326,45.6601,39.5697,2.8634,35.7986,2.1593,0.9827,-0.3626,0.0,0.0,1.0885,1.0885,HOLD_CASH
2019-08-14,19,CMS,NEE,49.2688,45.5203,39.5697,2.8634,35.7986,2.1593,0.9827,-0.6232,0.0,0.0,1.0885,1.0885,HOLD_CASH
2019-08-15,19,CMS,NEE,50.5053,45.9841,39.5697,2.8634,35.7986,2.1593,0.9827,1.4779,0.0,0.0,1.0885,1.0885,HOLD_CASH
2019-08-16,19,CMS,NEE,50.4476,46.0645,39.5697,2.8634,35.7986,2.1593,0.9827,0.8205,0.0,0.0,1.0885,1.0885,HOLD_CASH
2019-08-19,19,CMS,NEE,50.7526,46.3674,39.5697,2.8634,35.7986,2.1593,0.9827,0.4399,0.0,0.0,1.0885,1.0885,HOLD_CASH
2019-08-20,19,CMS,NEE,50.6619,46.4034,39.5697,2.8634,35.7986,2.1593,0.9827,-0.0008,0.0,0.0,1.0885,1.0885,HOLD_CASH
2019-08-21,19,CMS,NEE,51.1565,46.8544,39.5697,2.8634,35.7986,2.1593,0.9827,-0.5543,0.0,0.0,1.0885,1.0885,HOLD_CASH
2019-08-22,19,CMS,NEE,51.2224,46.9306,39.5697,2.8634,35.7986,2.1593,0.9827,-0.6759,0.0,0.0,1.0885,1.0885,HOLD_CASH
2019-08-23,19,CMS,NEE,50.7608,46.9899,39.5697,2.8634,35.7986,2.1593,0.9827,-2.4223,1.0,0.0,1.0052,1.0052,ENTER_LONG_A
2019-08-26,19,CMS,NEE,51.445,47.3542,39.5697,2.8634,35.7986,2.1593,0.9827,-1.47,1.0,0.1559,1.0052,1.1611,HOLDING
2019-08-27,19,CMS,NEE,51.5686,47.4368,39.5697,2.8634,35.7986,2.1593,0.9827,-1.2782,1.0,0.1678,1.0052,1.173,HOLDING
2019-08-28,19,CMS,NEE,51.4944,47.1024,39.5697,2.8634,35.7986,2.1593,0.9827,-0.0028,0.0,0.0,1.358,1.358,EXIT
2019-08-29,19,CMS,NEE,51.9561,47.0875,39.5697,2.8634,35.7986,2.1593,0.9827,1.6876,0.0,0.0,1.358,1.358,HOLD_CASH
2019-08-30,19,CMS,NEE,51.9725,46.6531,39.5697,2.8634,35.7986,2.1593,0.9827,2.7196,-1.0,0.0,1.2746,1.2746,ENTER_SHORT_A
2019-09-03,19,CMS,NEE,53.0689,48.033,39.5697,2.8634,35.7986,2.1593,0.9827,0.8498,-1.0,0.5187,1.2746,1.7933,HOLDING
2019-09-04,19,CMS,NEE,53.1513,47.7264,39.5697,2.8634,35.7986,2.1593,0.9827,1.8611,-1.0,0.1625,1.2746,1.4371,HOLDING
2019-09-05,19,CMS,NEE,52.2611,46.8085,39.5697,2.8634,35.7986,2.1593,0.9827,2.1401,-1.0,-0.0635,1.2746,1.2111,HOLDING
2019-09-06,19,CMS,NEE,51.7335,46.8788,39.5697,2.8634,35.7986,2.1593,0.9827,0.7453,-1.0,0.394,1.2746,1.6687,HOLDING
2019-09-09,19,CMS,NEE,50.6536,46.8256,39.5697,2.8634,35.7986,2.1593,0.9827,-1.3084,-1.0,1.1407,1.2746,2.4154,HOLDING
2019-09-10,19,CMS,NEE,50.2745,46.4487,39.5697,2.8634,35.7986,2.1593,0.9827,-1.0388,-1.0,1.0579,1.2746,2.3326,HOLDING
2019-09-11,19,CMS,NEE,50.4888,46.8618,39.5697,2.8634,35.7986,2.1593,0.9827,-1.5271,-1.0,1.2974,1.2746,2.572,HOLDING
2019-09-12,19,CMS,NEE,50.802,47.0066,39.5697,2.8634,35.7986,2.1593,0.9827,-1.2125,-1.0,1.2054,1.2746,2.48,HOLDING
2019-09-13,19,CMS,NEE,50.5053,46.5275,39.5697,2.8634,35.7986,2.1593,0.9827,-0.5553,-1.0,0.9633,1.2746,2.2379,HOLDING
2019-09-16,19,CMS,NEE,50.6619,46.4891,39.5697,2.8634,35.7986,2.1593,0.9827,-0.1485,0.0,0.0,2.0031,2.0031,EXIT
2019-09-17,19,CMS,NEE,51.412,47.3218,39.5697,2.8634,35.7986,2.1593,0.9827,-0.7007,0.0,0.0,2.0031,2.0031,HOLD_CASH
2019-09-18,19,CMS,NEE,51.6263,47.6795,39.5697,2.8634,35.7986,2.1593,0.9827,-1.0596,0.0,0.0,2.0031,2.0031,HOLD_CASH
2019-09-19,19,CMS,NEE,51.8077,47.8925,39.5697,2.8634,35.7986,2.1593,0.9827,-1.1251,0.0,0.0,2.0031,2.0031,HOLD_CASH
2019-09-20,19,CMS,NEE,52.022,48.0671,39.5697,2.8634,35.7986,2.1593,0.9827,-1.0557,0.0,0.0,2.0031,2.0031,HOLD_CASH
2019-09-23,19,CMS,NEE,52.088,47.9734,39.5697,2.8634,35.7986,2.1593,0.9827,-0.7535,0.0,0.0,2.0031,2.0031,HOLD_CASH
2019-09-24,19,CMS,NEE,52.8298,48.6612,39.5697,2.8634,35.7986,2.1593,0.9827,-0.9621,0.0,0.0,2.0031,2.0031,HOLD_CASH
2019-09-25,19,CMS,NEE,53.0277,48.8444,39.5697,2.8634,35.7986,2.1593,0.9827,-0.9758,0.0,0.0,2.0031,2.0031,HOLD_CASH
2019-09-26,19,CMS,NEE,53.6129,49.3448,39.5697,2.8634,35.7986,2.1593,0.9827,-0.9908,0.0,0.0,2.0031,2.0031,HOLD_CASH
2019-09-27,19,CMS,NEE,52.7639,49.2468,39.5697,2.8634,35.7986,2.1593,0.9827,-1.8081,0.0,0.0,2.0031,2.0031,HOLD_CASH
2019-09-30,19,CMS,NEE,52.7144,49.6152,39.5697,2.8634,35.7986,2.1593,0.9827,-2.226,1.0,0.0,1.9197,1.9197,ENTER_LONG_A
2019-10-01,19,CMS,NEE,52.8793,49.4108,39.5697,2.8634,35.7986,2.1593,0.9827,-1.4599,1.0,0.0,2.1427,2.1427,PERIOD_END_EXIT
2019-04-03,20,O,PG,50.1243,86.9188,40.8016,4.9512,71.1354,8.1864,0.9826,0.0,0.0,0.0,0.0,0.0,HOLD_CASH
2019-04-04,20,O,PG,50.0128,86.7009,40.8016,4.9512,71.1354,8.1864,0.9826,0.0,0.0,0.0,0.0,0.0,HOLD_CASH
2019-04-05,20,O,PG,50.3542,86.8853,40.8016,4.9512,71.1354,8.1864,0.9826,0.0,0.0,0.0,0.0,0.0,HOLD_CASH
2019-04-08,20,O,PG,50.1591,87.9918,40.8016,4.9512,71.1354,8.1864,0.9826,0.0,0.0,0.0,0.0,0.0,HOLD_CASH
2019-04-09,20,O,PG,49.5948,87.7319,40.8016,4.9512,71.1354,8.1864,0.9826,0.0,0.0,0.0,0.0,0.0,HOLD_CASH
2019-04-10,20,O,PG,49.9919,87.7236,40.8016,4.9512,71.1354,8.1864,0.9826,0.0,0.0,0.0,0.0,0.0,HOLD_CASH
2019-04-11,20,O,PG,49.7411,87.8074,40.8016,4.9512,71.1354,8.1864,0.9826,0.0,0.0,0.0,0.0,0.0,HOLD_CASH
2019-04-12,20,O,PG,49.6784,88.0672,40.8016,4.9512,71.1354,8.1864,0.9826,0.0,0.0,0.0,0.0,0.0,HOLD_CASH
2019-04-15,20,O,PG,49.7272,88.6289,40.8016,4.9512,71.1354,8.1864,0.9826,0.0,0.0,0.0,0.0,0.0,HOLD_CASH
2019-04-16,20,O,PG,48.306,89.2073,40.8016,4.9512,71.1354,8.1864,0.9826,0.0,0.0,0.0,0.0,0.0,HOLD_CASH
2019-04-17,20,O,PG,47.2123,89.3558,40.8016,4.9512,71.1354,8.1864,0.9826,0.0,0.0,0.0,0.0,0.0,HOLD_CASH
2019-04-18,20,O,PG,47.7417,89.5247,40.8016,4.9512,71.1354,8.1864,0.9826,0.0,0.0,0.0,0.0,0.0,HOLD_CASH
2019-04-22,20,O,PG,47.2959,89.4909,40.8016,4.9512,71.1354,8.1864,0.9826,0.0,0.0,0.0,0.0,0.0,HOLD_CASH
2019-04-23,20,O,PG,48.111,87.085,40.8016,4.9512,71.1354,8.1864,0.9826,0.0,0.0,0.0,0.0,0.0,HOLD_CASH
2019-04-24,20,O,PG,48.7101,87.5324,40.8016,4.9512,71.1354,8.1864,0.9826,0.0,0.0,0.0,0.0,0.0,HOLD_CASH
2019-04-25,20,O,PG,48.8216,87.1863,40.8016,4.9512,71.1354,8.1864,0.9826,0.0,0.0,0.0,0.0,0.0,HOLD_CASH
2019-04-26,20,O,PG,49.1699,89.3643,40.8016,4.9512,71.1354,8.1864,0.9826,0.0,0.0,0.0,0.0,0.0,HOLD_CASH
2019-04-29,20,O,PG,48.4175,88.4526,40.8016,4.9512,71.1354,8.1864,0.9826,0.0,0.0,0.0,0.0,0.0,HOLD_CASH
2019-04-30,20,O,PG,48.9319,89.8877,40.8016,4.9512,71.1354,8.1864,0.9826,0.0,0.0,0.0,0.0,0.0,HOLD_CASH
2019-05-01,20,O,PG,48.9249,88.5792,40.8016,4.9512,71.1354,8.1864,0.9826,-0.2467,0.0,0.0,0.0,0.0,HOLD_CASH
2019-05-02,20,O,PG,49.0857,89.111,40.8016,4.9512,71.1354,8.1864,0.9826,-0.2869,0.0,0.0,0.0,0.0,HOLD_CASH
2019-05-03,20,O,PG,49.1346,89.55,40.8016,4.9512,71.1354,8.1864,0.9826,-0.3703,0.0,0.0,0.0,0.0,HOLD_CASH
2019-05-06,20,O,PG,48.897,89.2123,40.8016,4.9512,71.1354,8.1864,0.9826,-0.318,0.0,0.0,0.0,0.0,HOLD_CASH
2019-05-07,20,O,PG,46.5695,88.385,40.8016,4.9512,71.1354,8.1864,0.9826,-1.7023,0.0,0.0,0.0,0.0,HOLD_CASH
2019-05-08,20,O,PG,46.7023,88.6974,40.8016,4.9512,71.1354,8.1864,0.9826,-1.5517,0.0,0.0,0.0,0.0,HOLD_CASH
2019-05-09,20,O,PG,47.0797,87.9967,40.8016,4.9512,71.1354,8.1864,0.9826,-0.8213,0.0,0.0,0.0,0.0,HOLD_CASH
2019-05-10,20,O,PG,47.6948,89.4909,40.8016,4.9512,71.1354,8.1864,0.9826,-0.9734,0.0,0.0,0.0,0.0,HOLD_CASH
2019-05-13,20,O,PG,47.8765,89.5753,40.8016,4.9512,71.1354,8.1864,0.9826,-0.7755,0.0,0.0,0.0,0.0,HOLD_CASH
2019-05-14,20,O,PG,48.233,89.1448,40.8016,4.9512,71.1354,8.1864,0.9826,-0.0977,0.0,0.0,0.0,0.0,HOLD_CASH
2019-05-15,20,O,PG,48.4147,90.0734,40.8016,4.9512,71.1354,8.1864,0.9826,-0.4622,0.0,0.0,0.0,0.0,HOLD_CASH
2019-05-16,20,O,PG,48.4427,91.2637,40.8016,4.9512,71.1354,8.1864,0.9826,-1.184,0.0,0.0,0.0,0.0,HOLD_CASH
2019-05-17,20,O,PG,48.4147,90.7065,40.8016,4.9512,71.1354,8.1864,0.9826,-0.8628,0.0,0.0,0.0,0.0,HOLD_CASH
2019-05-20,20,O,PG,47.7437,90.6052,40.8016,4.9512,71.1354,8.1864,0.9826,-1.4684,0.0,0.0,0.0,0.0,HOLD_CASH
2019-05-21,20,O,PG,48.2609,89.7948,40.8016,4.9512,71.1354,8.1864,0.9826,-0.3726,0.0,0.0,0.0,0.0,HOLD_CASH
2019-05-22,20,O,PG,48.7292,90.0903,40.8016,4.9512,71.1354,8.1864,0.9826,0.0194,0.0,0.0,0.0,0.0,HOLD_CASH
2019-05-23,20,O,PG,49.3303,90.124,40.8016,4.9512,71.1354,8.1864,0.9826,0.8463,0.0,0.0,0.0,0.0,HOLD_CASH
2019-05-24,20,O,PG,49.2953,90.0649,40.8016,4.9512,71.1354,8.1864,0.9826,0.8834,0.0,0.0,0.0,0.0,HOLD_CASH
2019-05-28,20,O,PG,48.7432,88.1824,40.8016,4.9512,71.1354,8.1864,0.9826,1.5288,0.0,0.0,0.0,0.0,HOLD_CASH
2019-05-29,20,O,PG,48.0862,87.9545,40.8016,4.9512,71.1354,8.1864,0.9826,0.8432,0.0,0.0,0.0,0.0,HOLD_CASH
2019-05-30,20,O,PG,48.3797,88.9169,40.8016,4.9512,71.1354,8.1864,0.9826,0.5724,0.0,0.0,0.0,0.0,HOLD_CASH
2019-05-31,20,O,PG,49.1413,86.874,40.8016,4.9512,71.1354,8.1864,0.9826,2.5676,-1.0,0.0,-0.0833,-0.0833,ENTER_SHORT_A
2019-06-03,20,O,PG,50.0108,87.6253,40.8016,4.9512,71.1354,8.1864,0.9826,2.4374,-1.0,-0.3498,-0.0833,-0.4331,HOLDING
2019-06-04,20,O,PG,49.3657,88.3682,40.8016,4.9512,71.1354,8.1864,0.9826,1.3403,-1.0,0.5488,-0.0833,0.4654,HOLDING
2019-06-05,20,O,PG,50.8242,90.0987,40.8016,4.9512,71.1354,8.1864,0.9826,1.5235,-1.0,0.1931,-0.0833,0.1098,HOLDING
2019-06-06,20,O,PG,50.9153,90.6474,40.8016,4.9512,71.1354,8.1864,0.9826,1.2008,-1.0,0.3874,-0.0833,0.3041,HOLDING
2019-06-07,20,O,PG,50.9434,91.8208,40.8016,4.9512,71.1354,8.1864,0.9826,0.5675,-1.0,0.9409,-0.0833,0.8576,HOLDING
2019-06-10,20,O,PG,50.3263,91.7786,40.8016,4.9512,71.1354,8.1864,0.9826,0.0075,0.0,0.0,1.2604,1.2604,EXIT
2019-06-11,20,O,PG,50.6489,92.3358,40.8016,4.9512,71.1354,8.1864,0.9826,-0.0513,0.0,0.0,1.2604,1.2604,HOLD_CASH
2019-06-12,20,O,PG,51.2379,92.5891,40.8016,4.9512,71.1354,8.1864,0.9826,0.3041,0.0,0.0,1.2604,1.2604,HOLD_CASH
2019-06-13,20,O,PG,50.9785,93.6274,40.8016,4.9512,71.1354,8.1864,0.9826,-0.5225,0.0,0.0,1.2604,1.2604,HOLD_CASH
2019-06-14,20,O,PG,51.3782,93.8722,40.8016,4.9512,71.1354,8.1864,0.9826,-0.3767,0.0,0.0,1.2604,1.2604,HOLD_CASH
2019-06-17,20,O,PG,51.3852,93.6949,40.8016,4.9512,71.1354,8.1864,0.9826,-0.3441,0.0,0.0,1.2604,1.2604,HOLD_CASH
2019-06-18,20,O,PG,50.9083,92.5215,40.8016,4.9512,71.1354,8.1864,0.9826,-0.2572,0.0,0.0,1.2604,1.2604,HOLD_CASH
2019-06-19,20,O,PG,51.3431,93.2138,40.8016,4.9512,71.1354,8.1864,0.9826,-0.3133,0.0,0.0,1.2604,1.2604,HOLD_CASH
2019-06-20,20,O,PG,51.3922,94.328,40.8016,4.9512,71.1354,8.1864,0.9826,-1.1458,0.0,0.0,1.2604,1.2604,HOLD_CASH
2019-06-21,20,O,PG,50.6629,93.8722,40.8016,4.9512,71.1354,8.1864,0.9826,-1.589,0.0,0.0,1.2604,1.2604,HOLD_CASH
2019-06-24,20,O,PG,50.3333,94.8261,40.8016,4.9512,71.1354,8.1864,0.9826,-2.226,1.0,0.0,1.1771,1.1771,ENTER_LONG_A
2019-06-25,20,O,PG,49.3727,94.3112,40.8016,4.9512,71.1354,8.1864,0.9826,-2.322,1.0,-0.5113,1.1771,0.6657,HOLDING
2019-06-26,20,O,PG,48.0334,92.6313,40.8016,4.9512,71.1354,8.1864,0.9826,-2.1558,1.0,-0.7777,1.1771,0.3994,HOLDING
2019-06-27,20,O,PG,48.6785,92.6734,40.8016,4.9512,71.1354,8.1864,0.9826,-1.4987,1.0,-0.2934,1.1771,0.8837,HOLDING
2019-06-28,20,O,PG,48.5216,92.5637,40.8016,4.9512,71.1354,8.1864,0.9826,-1.4113,1.0,-0.365,1.1771,0.8121,HOLDING
2019-07-01,20,O,PG,47.8603,93.2728,40.8016,4.9512,71.1354,8.1864,0.9826,-1.9506,1.0,-1.2107,1.1771,-0.0336,HOLDING
2019-07-02,20,O,PG,48.6131,94.1086,40.8016,4.9512,71.1354,8.1864,0.9826,-1.5687,1.0,-1.0106,1.1771,0.1664,HOLDING
2019-07-03,20,O,PG,49.7105,96.3034,40.8016,4.9512,71.1354,8.1864,0.9826,-1.5487,1.0,-1.1722,1.1771,0.0048,HOLDING
2019-07-05,20,O,PG,49.2392,95.5183,40.8016,4.9512,71.1354,8.1864,0.9826,-1.4164,1.0,-1.176,1.1771,0.0011,HOLDING
2019-07-08,20,O,PG,49.3236,96.2781,40.8016,4.9512,71.1354,8.1864,0.9826,-1.4959,1.0,-1.4627,1.1771,-0.2856,HOLDING
2019-07-09,20,O,PG,49.7457,95.3157,40.8016,4.9512,71.1354,8.1864,0.9826,-0.7376,1.0,-0.6863,1.1771,0.4908,HOLDING
2019-07-10,20,O,PG,50.1186,96.0248,40.8016,4.9512,71.1354,8.1864,0.9826,-0.692,1.0,-0.7242,1.1771,0.4529,HOLDING
2019-07-11,20,O,PG,49.7105,96.5567,40.8016,4.9512,71.1354,8.1864,0.9826,-1.1043,1.0,-1.2898,1.1771,-0.1127,HOLDING
2019-07-12,20,O,PG,49.7598,97.0716,40.8016,4.9512,71.1354,8.1864,0.9826,-1.167,1.0,-1.4904,1.1771,-0.3133,HOLDING
2019-07-15,20,O,PG,49.5206,97.4852,40.8016,4.9512,71.1354,8.1864,0.9826,-1.3762,1.0,-1.8692,1.1771,-0.6921,HOLDING
2019-07-16,20,O,PG,49.1477,97.8314,40.8016,4.9512,71.1354,8.1864,0.9826,-1.6263,1.0,-2.3211,1.1771,-1.1441,HOLDING
2019-07-17,20,O,PG,49.1899,97.8736,40.8016,4.9512,71.1354,8.1864,0.9826,-1.511,1.0,-2.3077,1.1771,-1.1307,HOLDING
2019-07-18,20,O,PG,49.3165,98.0826,40.8016,4.9512,71.1354,8.1864,0.9826,-1.4648,1.0,-2.3059,1.1771,-1.1288,HOLDING
2019-07-19,20,O,PG,48.3598,97.7172,40.8016,4.9512,71.1354,8.1864,0.9826,-1.951,1.0,-2.8836,1.1771,-1.7065,HOLDING
2019-07-22,20,O,PG,48.1909,97.9636,40.8016,4.9512,71.1354,8.1864,0.9826,-2.0333,1.0,-3.1299,1.1771,-1.9528,HOLDING
2019-07-23,20,O,PG,48.9648,96.7317,40.8016,4.9512,71.1354,8.1864,0.9826,-0.6141,1.0,-1.9535,1.1771,-0.7765,HOLDING
2019-07-24,20,O,PG,48.7537,95.6696,40.8016,4.9512,71.1354,8.1864,0.9826,-0.1542,0.0,0.0,-0.5308,-0.5308,EXIT
2019-07-25,20,O,PG,48.4583,95.814,40.8016,4.9512,71.1354,8.1864,0.9826,-0.4648,0.0,0.0,-0.5308,-0.5308,HOLD_CASH
2019-07-26,20,O,PG,48.9226,97.4793,40.8016,4.9512,71.1354,8.1864,0.9826,-0.9082,0.0,0.0,-0.5308,-0.5308,HOLD_CASH
2019-07-29,20,O,PG,49.3728,98.5584,40.8016,4.9512,71.1354,8.1864,0.9826,-1.0299,0.0,0.0,-0.5308,-0.5308,HOLD_CASH
2019-07-30,20,O,PG,49.2603,102.3053,40.8016,4.9512,71.1354,8.1864,0.9826,-2.7024,1.0,0.0,-0.6141,-0.6141,ENTER_LONG_A
2019-07-31,20,O,PG,48.8488,100.2917,40.8016,4.9512,71.1354,8.1864,0.9826,-1.7446,1.0,0.5945,-0.6141,-0.0196,HOLDING
2019-08-01,20,O,PG,49.1735,99.1786,40.8016,4.9512,71.1354,8.1864,0.9826,-0.8362,1.0,1.3412,-0.6141,0.7271,HOLDING
2019-08-02,20,O,PG,49.4417,98.9322,40.8016,4.9512,71.1354,8.1864,0.9826,-0.4241,0.0,0.0,0.9591,0.9591,EXIT
2019-08-05,20,O,PG,48.6723,96.0774,40.8016,4.9512,71.1354,8.1864,0.9826,0.3997,0.0,0.0,0.9591,0.9591,HOLD_CASH
2019-08-06,20,O,PG,49.3146,97.097,40.8016,4.9512,71.1354,8.1864,0.9826,0.5388,0.0,0.0,0.9591,0.9591,HOLD_CASH
2019-08-07,20,O,PG,50.338,98.1506,40.8016,4.9512,71.1354,8.1864,0.9826,1.0443,0.0,0.0,0.9591,0.9591,HOLD_CASH
2019-08-08,20,O,PG,50.8109,99.7819,40.8016,4.9512,71.1354,8.1864,0.9826,0.604,0.0,0.0,0.9591,0.9591,HOLD_CASH
2019-08-09,20,O,PG,51.298,99.2211,40.8016,4.9512,71.1354,8.1864,0.9826,1.4407,0.0,0.0,0.9591,0.9591,HOLD_CASH
2019-08-12,20,O,PG,51.3403,98.5839,40.8016,4.9512,71.1354,8.1864,0.9826,1.6915,0.0,0.0,0.9591,0.9591,HOLD_CASH
2019-08-13,20,O,PG,51.0156,99.6204,40.8016,4.9512,71.1354,8.1864,0.9826,0.7238,0.0,0.0,0.9591,0.9591,HOLD_CASH
2019-08-14,20,O,PG,50.6556,98.38,40.8016,4.9512,71.1354,8.1864,0.9826,1.0014,0.0,0.0,0.9591,0.9591,HOLD_CASH
2019-08-15,20,O,PG,50.9662,99.7394,40.8016,4.9512,71.1354,8.1864,0.9826,0.5023,0.0,0.0,0.9591,0.9591,HOLD_CASH
2019-08-16,20,O,PG,51.3897,101.2603,40.8016,4.9512,71.1354,8.1864,0.9826,0.0139,0.0,0.0,0.9591,0.9591,HOLD_CASH
2019-08-19,20,O,PG,51.7991,102.1608,40.8016,4.9512,71.1354,8.1864,0.9826,-0.1637,0.0,0.0,0.9591,0.9591,HOLD_CASH
2019-08-20,20,O,PG,51.185,101.0223,40.8016,4.9512,71.1354,8.1864,0.9826,-0.0862,0.0,0.0,0.9591,0.9591,HOLD_CASH
2019-08-21,20,O,PG,51.2767,101.2772,40.8016,4.9512,71.1354,8.1864,0.9826,-0.1064,0.0,0.0,0.9591,0.9591,HOLD_CASH
2019-08-22,20,O,PG,51.5732,101.4641,40.8016,4.9512,71.1354,8.1864,0.9826,0.0902,0.0,0.0,0.9591,0.9591,HOLD_CASH
2019-08-23,20,O,PG,51.1709,99.6799,40.8016,4.9512,71.1354,8.1864,0.9826,0.6904,0.0,0.0,0.9591,0.9591,HOLD_CASH
2019-08-26,20,O,PG,51.6509,101.3792,40.8016,4.9512,71.1354,8.1864,0.9826,0.1399,0.0,0.0,0.9591,0.9591,HOLD_CASH
2019-08-27,20,O,PG,51.6155,102.4242,40.8016,4.9512,71.1354,8.1864,0.9826,-0.8048,0.0,0.0,0.9591,0.9591,HOLD_CASH
2019-08-28,20,O,PG,51.7991,103.1465,40.8016,4.9512,71.1354,8.1864,0.9826,-1.4663,0.0,0.0,0.9591,0.9591,HOLD_CASH
2019-08-29,20,O,PG,52.1802,102.9595,40.8016,4.9512,71.1354,8.1864,0.9826,-0.8272,0.0,0.0,0.9591,0.9591,HOLD_CASH
2019-08-30,20,O,PG,52.256,102.1524,40.8016,4.9512,71.1354,8.1864,0.9826,0.0494,0.0,0.0,0.9591,0.9591,HOLD_CASH
2019-09-03,20,O,PG,53.4241,103.1124,40.8016,4.9512,71.1354,8.1864,0.9826,1.0494,0.0,0.0,0.9591,0.9591,HOLD_CASH
2019-09-04,20,O,PG,54.1533,104.6843,40.8016,4.9512,71.1354,8.1864,0.9826,0.6522,0.0,0.0,0.9591,0.9591,HOLD_CASH
2019-09-05,20,O,PG,53.0985,104.302,40.8016,4.9512,71.1354,8.1864,0.9826,-0.7117,0.0,0.0,0.9591,0.9591,HOLD_CASH
2019-09-06,20,O,PG,53.771,104.3954,40.8016,4.9512,71.1354,8.1864,0.9826,0.3443,0.0,0.0,0.9591,0.9591,HOLD_CASH
2019-09-09,20,O,PG,53.2754,103.8007,40.8016,4.9512,71.1354,8.1864,0.9826,0.1712,0.0,0.0,0.9591,0.9591,HOLD_CASH
2019-09-10,20,O,PG,52.1781,101.855,40.8016,4.9512,71.1354,8.1864,0.9826,0.4518,0.0,0.0,0.9591,0.9591,HOLD_CASH
2019-09-11,20,O,PG,52.1214,103.036,40.8016,4.9512,71.1354,8.1864,0.9826,-1.0839,0.0,0.0,0.9591,0.9591,HOLD_CASH
2019-09-12,20,O,PG,52.7374,104.3104,40.8016,4.9512,71.1354,8.1864,0.9826,-1.2835,0.0,0.0,0.9591,0.9591,HOLD_CASH
2019-09-13,20,O,PG,51.4205,103.7582,40.8016,4.9512,71.1354,8.1864,0.9826,-2.6264,1.0,0.0,0.8758,0.8758,ENTER_LONG_A
2019-09-16,20,O,PG,52.3692,101.7445,40.8016,4.9512,71.1354,8.1864,0.9826,1.1143,1.0,1.581,0.8758,2.4567,HOLDING
2019-09-17,20,O,PG,53.6436,102.9425,40.8016,4.9512,71.1354,8.1864,0.9826,1.7888,1.0,1.9954,0.8758,2.8712,HOLDING
2019-09-18,20,O,PG,53.3604,103.1549,40.8016,4.9512,71.1354,8.1864,0.9826,1.0433,1.0,1.6937,0.8758,2.5695,HOLDING
2019-09-19,20,O,PG,53.5374,103.5713,40.8016,4.9512,71.1354,8.1864,0.9826,0.854,1.0,1.6418,0.8758,2.5176,HOLDING
2019-09-20,20,O,PG,53.7286,103.8602,40.8016,4.9512,71.1354,8.1864,0.9826,0.814,1.0,1.6562,0.8758,2.5319,HOLDING
2019-09-23,20,O,PG,53.8347,104.6928,40.8016,4.9512,71.1354,8.1864,0.9826,0.2661,0.0,0.0,2.16,2.16,EXIT
2019-09-24,20,O,PG,53.8772,105.0241,40.8016,4.9512,71.1354,8.1864,0.9826,0.0306,0.0,0.0,2.16,2.16,HOLD_CASH
2019-09-25,20,O,PG,53.8985,104.5229,40.8016,4.9512,71.1354,8.1864,0.9826,0.4417,0.0,0.0,2.16,2.16,HOLD_CASH
2019-09-26,20,O,PG,54.7127,105.6189,40.8016,4.9512,71.1354,8.1864,0.9826,0.6156,0.0,0.0,2.16,2.16,HOLD_CASH
2019-09-27,20,O,PG,54.6064,105.8398,40.8016,4.9512,71.1354,8.1864,0.9826,0.1753,0.0,0.0,2.16,2.16,HOLD_CASH
2019-09-30,20,O,PG,54.4481,105.6784,40.8016,4.9512,71.1354,8.1864,0.9826,0.0633,0.0,0.0,2.16,2.16,HOLD_CASH
2019-10-01,20,O,PG,54.5617,105.2281,40.8016,4.9512,71.1354,8.1864,0.9826,0.7145,0.0,0.0,2.16,2.16,HOLD_CASH
