Date,Pair_Rank,Ticker_A,Ticker_B,Price_A,Price_B,ZScore,Position,Unrealized_PnL,Realized_PnL,Cumulative_PnL,Status
2011-06-03,1,SO,XEL,20.9162,14.8542,0.0,0,0.0,0.0,0.0,HOLD_CASH
2011-06-06,1,SO,XEL,20.9002,14.7809,0.0,0,0.0,0.0,0.0,HOLD_CASH
2011-06-07,1,SO,XEL,20.9002,14.8054,0.0,0,0.0,0.0,0.0,HOLD_CASH
2011-06-08,1,SO,XEL,21.0277,14.7809,0.0,0,0.0,0.0,0.0,HOLD_CASH
2011-06-09,1,SO,XEL,21.0012,14.7626,0.0,0,0.0,0.0,0.0,HOLD_CASH
2011-06-10,1,SO,XEL,20.8949,14.6771,0.0,0,0.0,0.0,0.0,HOLD_CASH
2011-06-13,1,SO,XEL,21.0649,14.7687,0.0,0,0.0,0.0,0.0,HOLD_CASH
2011-06-14,1,SO,XEL,21.0702,14.8054,0.0,0,0.0,0.0,0.0,HOLD_CASH
2011-06-15,1,SO,XEL,20.8949,14.726,0.0,0,0.0,0.0,0.0,HOLD_CASH
2011-06-16,1,SO,XEL,21.0702,14.8542,0.0,0,0.0,0.0,0.0,HOLD_CASH
2011-06-17,1,SO,XEL,21.1499,15.0008,0.0,0,0.0,0.0,0.0,HOLD_CASH
2011-06-20,1,SO,XEL,21.2509,15.0253,0.0,0,0.0,0.0,0.0,HOLD_CASH
2011-06-21,1,SO,XEL,21.1765,15.0623,0.0,0,0.0,0.0,0.0,HOLD_CASH
2011-06-22,1,SO,XEL,21.0171,14.9203,0.0,0,0.0,0.0,0.0,HOLD_CASH
2011-06-23,1,SO,XEL,20.9002,14.7598,0.0,0,0.0,0.0,0.0,HOLD_CASH
2011-06-24,1,SO,XEL,20.948,14.8277,0.0,0,0.0,0.0,0.0,HOLD_CASH
2011-06-27,1,SO,XEL,21.1393,14.945,0.0,0,0.0,0.0,0.0,HOLD_CASH
2011-06-28,1,SO,XEL,21.3624,15.0499,0.0,0,0.0,0.0,0.0,HOLD_CASH
2011-06-29,1,SO,XEL,21.3784,15.0499,0.0,0,0.0,0.0,0.0,HOLD_CASH
2011-06-30,1,SO,XEL,21.4527,15.0006,1.98,0,0.0,0.0,0.0,HOLD_CASH
2011-07-01,1,SO,XEL,21.6334,15.2228,0.5416,0,0.0,0.0,0.0,HOLD_CASH
2011-07-05,1,SO,XEL,21.5643,15.1364,1.0018,0,0.0,0.0,0.0,HOLD_CASH
2011-07-06,1,SO,XEL,21.5909,15.1919,0.3975,0,0.0,0.0,0.0,HOLD_CASH
2011-07-07,1,SO,XEL,21.5059,15.2166,-0.7906,0,0.0,0.0,0.0,HOLD_CASH
2011-07-08,1,SO,XEL,21.4156,15.1179,-0.2241,0,0.0,0.0,0.0,HOLD_CASH
2011-07-11,1,SO,XEL,21.3252,14.9265,1.598,0,0.0,0.0,0.0,HOLD_CASH
2011-07-12,1,SO,XEL,21.4209,15.0067,1.3809,0,0.0,0.0,0.0,HOLD_CASH
2011-07-13,1,SO,XEL,21.4209,14.9512,1.9097,0,0.0,0.0,0.0,HOLD_CASH
2011-07-14,1,SO,XEL,21.304,14.8339,1.9956,0,0.0,0.0,0.0,HOLD_CASH
2011-07-15,1,SO,XEL,21.3677,14.8339,2.0752,-1,0.0,-0.5,-0.5,ENTER_SHORT_A
2011-07-18,1,SO,XEL,21.2456,14.6672,2.3447,-1,-1.3794,-0.5,-1.8794,HOLDING
2011-07-19,1,SO,XEL,21.389,14.8092,1.7045,-1,-0.6649,-0.5,-1.1649,HOLDING
2011-07-20,1,SO,XEL,21.4209,14.9635,0.5548,-1,1.5632,-0.5,1.0632,HOLDING
2011-07-21,1,SO,XEL,21.6759,15.2166,-0.1648,-1,2.845,-0.5,2.345,HOLDING
2011-07-22,1,SO,XEL,21.559,15.1487,-0.3367,-1,3.0683,-0.5,2.5683,HOLDING
2011-07-25,1,SO,XEL,21.4156,15.1302,-1.1413,-1,4.4342,-0.5,3.9342,HOLDING
2011-07-26,1,SO,XEL,21.389,15.1179,-1.207,-1,4.5369,-0.5,4.0369,HOLDING
2011-07-27,1,SO,XEL,21.3571,15.1179,-1.3377,-1,4.9099,-0.5,4.4099,HOLDING
2011-07-28,1,SO,XEL,21.3749,14.9697,0.1126,-1,2.2054,-0.5,1.7054,HOLDING
2011-07-29,1,SO,XEL,21.2566,14.8154,0.7556,-1,0.9883,-0.5,0.4883,HOLDING
2011-08-01,1,SO,XEL,21.3211,14.8401,0.8588,-1,0.6497,-0.5,0.1497,HOLDING
2011-08-02,1,SO,XEL,21.219,14.5314,2.4047,-1,-3.357,-0.5,-3.857,HOLDING
2011-08-03,1,SO,XEL,21.2727,14.4758,2.4348,-1,-4.9224,-0.5,-5.4224,HOLDING
2011-08-04,1,SO,XEL,21.1168,14.0808,3.0023,-1,-9.7567,-0.5,-10.2567,HOLDING
2011-08-05,1,SO,XEL,21.434,14.34,2.2498,-1,-9.0981,-0.5,-9.5981,HOLDING
2011-08-08,1,SO,XEL,20.6061,13.5499,2.517,-1,-12.7286,-0.5,-13.2286,HOLDING
2011-08-09,1,SO,XEL,20.5953,13.7659,1.5118,-1,-8.9615,-0.5,-9.4615,HOLDING
2011-08-10,1,SO,XEL,20.4448,13.4696,1.8521,-1,-12.1939,-0.5,-12.6939,HOLDING
2011-08-11,1,SO,XEL,21.1867,14.1055,1.2674,-1,-10.1581,-0.5,-10.6581,HOLDING
2011-08-12,1,SO,XEL,21.0792,14.1302,0.9057,-1,-8.484,-0.5,-8.984,HOLDING
2011-08-15,1,SO,XEL,21.7243,14.5314,0.9082,-1,-9.2694,-0.5,-9.7694,HOLDING
2011-08-16,1,SO,XEL,21.6383,14.482,0.81,-1,-9.0954,-0.5,-9.5954,HOLDING
2011-08-17,1,SO,XEL,21.8318,14.5993,0.7608,-1,-9.383,-0.5,-9.883,HOLDING
2011-08-18,1,SO,XEL,21.6168,14.4388,0.724,-1,-9.572,-0.5,-10.072,HOLDING
2011-08-19,1,SO,XEL,21.4878,14.3894,0.5506,-1,-8.8949,-0.5,-9.3949,HOLDING
2011-08-22,1,SO,XEL,21.5146,14.482,0.2637,-1,-7.6487,-0.5,-8.1487,HOLDING
2011-08-23,1,SO,XEL,21.8372,14.8524,-0.3014,-1,-5.1804,-0.5,-5.6804,HOLDING
2011-08-24,1,SO,XEL,22.1651,15.0623,-0.4184,-1,-5.4799,-0.5,-5.9799,HOLDING
2011-08-25,1,SO,XEL,21.9823,14.8771,-0.3268,-1,-6.4625,-0.5,-6.9625,HOLDING
2011-08-26,1,SO,XEL,21.9501,14.8277,-0.3608,-1,-6.9174,-0.5,-7.4174,HOLDING
2011-08-29,1,SO,XEL,22.0952,15.0438,-1.2727,-1,-4.9743,-0.5,-5.4743,HOLDING
2011-08-30,1,SO,XEL,22.1383,15.0808,-1.4036,-1,-4.8535,-0.5,-5.3535,HOLDING
2011-08-31,1,SO,XEL,22.235,15.229,-1.804,-1,-3.4886,-0.5,-3.9886,HOLDING
2011-09-01,1,SO,XEL,22.106,15.0993,-1.3804,-1,-4.1639,-0.5,-4.6639,HOLDING
2011-09-02,1,SO,XEL,22.1275,14.945,-0.3473,-1,-7.0165,-0.5,-7.5165,HOLDING
2011-09-06,1,SO,XEL,22.1705,14.8462,0.5533,-1,-9.1842,-0.5,-9.6842,HOLDING
2011-09-07,1,SO,XEL,22.2135,15.0191,-0.3538,-1,-6.7743,-0.5,-7.2743,HOLDING
2011-09-08,1,SO,XEL,22.235,14.9635,0.2645,-1,-7.9622,-0.5,-8.4622,HOLDING
2011-09-09,1,SO,XEL,21.9017,14.6734,0.8755,-1,-8.9523,-0.5,-9.4523,HOLDING
2011-09-12,1,SO,XEL,22.2404,14.7969,1.6016,-1,-10.8341,-0.5,-11.3341,HOLDING
2011-09-13,1,SO,XEL,22.3372,15.1055,-0.2594,-1,-6.7645,-0.5,-7.2645,HOLDING
2011-09-14,1,SO,XEL,22.4393,15.2598,-0.8456,-1,-5.3585,-0.5,-5.8585,HOLDING
2011-09-15,1,SO,XEL,22.6167,15.445,-1.2248,-1,-4.3131,-0.5,-4.8131,HOLDING
2011-09-16,1,SO,XEL,22.8963,15.5994,-0.8559,-1,-4.9828,-0.5,-5.4828,HOLDING
2011-09-19,1,SO,XEL,22.7726,15.55,-1.0377,-1,-4.3688,-0.5,-4.8688,HOLDING
2011-09-20,1,SO,XEL,23.0145,15.7496,-1.1874,-1,-3.8352,-0.5,-4.3352,HOLDING
2011-09-21,1,SO,XEL,22.8586,15.5063,-0.0956,-1,-6.111,-0.5,-6.611,HOLDING
2011-09-22,1,SO,XEL,22.6382,15.2818,0.4824,-1,-7.3164,-0.5,-7.8164,HOLDING
2011-09-23,1,SO,XEL,22.8049,15.4003,0.4174,-1,-7.2687,-0.5,-7.7687,HOLDING
2011-09-26,1,SO,XEL,22.8049,15.4938,-0.3102,-1,-5.6918,-0.5,-6.1918,HOLDING
2011-09-27,1,SO,XEL,22.7404,15.4876,-0.6142,-1,-5.0424,-0.5,-5.5424,HOLDING
2011-09-28,1,SO,XEL,22.7242,15.3504,0.368,-1,-7.1665,-0.5,-7.6665,HOLDING
2011-09-29,1,SO,XEL,23.0468,15.5375,0.5446,-1,-7.7868,-0.5,-8.2868,HOLDING
2011-09-30,1,SO,XEL,22.778,15.4003,0.0991,-1,-6.9543,-0.5,-7.4543,HOLDING
2011-10-03,1,SO,XEL,22.5844,15.157,1.0494,-1,-8.7897,-0.5,-9.2897,HOLDING
2011-10-04,1,SO,XEL,22.4769,14.9325,2.1505,-1,-11.3162,-0.5,-11.8162,HOLDING
2011-10-05,1,SO,XEL,22.2189,15.0572,-0.2703,-1,-6.1948,-0.5,-6.6948,HOLDING
2011-10-06,1,SO,XEL,22.6059,15.3816,-0.6947,-1,-5.2569,-0.5,-5.7569,HOLDING
2011-10-07,1,SO,XEL,22.778,15.3504,0.5294,-1,-7.7953,-0.5,-8.2953,HOLDING
2011-10-10,1,SO,XEL,23.0898,15.55,0.7873,-1,-8.0797,-0.5,-8.5797,HOLDING
2011-10-11,1,SO,XEL,22.9446,15.3628,1.4557,-1,-9.5349,-0.5,-10.0349,HOLDING
2011-10-12,1,SO,XEL,22.9608,15.4003,1.1031,-1,-9.0929,-0.5,-9.5929,HOLDING
2011-10-13,1,SO,XEL,22.8425,15.4003,0.3529,-1,-7.7092,-0.5,-8.2092,HOLDING
2011-10-14,1,SO,XEL,22.9393,15.5188,-0.1744,-1,-6.844,-0.5,-7.344,HOLDING
2011-10-17,1,SO,XEL,23.0683,15.4564,1.096,-1,-9.4049,-0.5,-9.9049,HOLDING
2011-10-18,1,SO,XEL,23.0575,15.6435,-0.8907,-1,-6.1253,-0.5,-6.6253,HOLDING
2011-10-19,1,SO,XEL,23.1059,15.6997,-1.1042,-1,-5.7454,-0.5,-6.2454,HOLDING
2011-10-20,1,SO,XEL,23.2618,15.8618,-1.4924,-1,-4.8363,-0.5,-5.3363,HOLDING
2011-10-21,1,SO,XEL,23.622,16.0302,-0.7223,-1,-6.2121,-0.5,-6.7121,HOLDING
2011-10-24,1,SO,XEL,23.321,15.9242,-1.5297,-1,-4.4769,-0.5,-4.9769,HOLDING
2011-10-25,1,SO,XEL,23.1812,15.7745,-1.0572,-1,-5.3643,-0.5,-5.8643,HOLDING
2011-10-26,1,SO,XEL,23.1812,15.893,-1.8228,-1,-3.3671,-0.5,-3.8671,HOLDING
2011-10-27,1,SO,XEL,23.4607,16.3421,-2.7763,-1,0.9307,-0.5,0.4307,HOLDING
2011-10-28,1,SO,XEL,23.2833,16.1612,-2.0248,-1,-0.0422,-0.5,-0.5422,HOLDING
2011-10-31,1,SO,XEL,23.2242,16.1238,-1.7644,-1,0.0191,-0.5,-0.4809,HOLDING
2011-11-01,1,SO,XEL,22.9393,15.7246,-0.6748,-1,-3.375,-0.5,-3.875,HOLDING
2011-11-02,1,SO,XEL,23.2403,16.1113,-1.4611,-1,-0.3797,-0.5,-0.8797,HOLDING
2011-11-03,1,SO,XEL,23.5463,16.3421,-1.3921,-1,-0.0708,-0.5,-0.5708,HOLDING
2011-11-04,1,SO,XEL,23.4811,16.2548,-1.0771,-1,-0.7792,-0.5,-1.2792,HOLDING
2011-11-07,1,SO,XEL,23.7257,16.3359,-0.5939,-1,-2.2744,-0.5,-2.7744,HOLDING
2011-11-08,1,SO,XEL,23.8942,16.4294,-0.4122,-1,-2.669,-0.5,-3.169,HOLDING
2011-11-09,1,SO,XEL,23.4757,16.0427,0.1931,-1,-4.2898,-0.5,-4.7898,HOLDING
2011-11-10,1,SO,XEL,23.6985,16.2111,0.1789,-1,-4.0589,-0.5,-4.5589,HOLDING
2011-11-11,1,SO,XEL,23.8833,16.4107,-0.1825,-1,-2.8571,-0.5,-3.3571,HOLDING
2011-11-14,1,SO,XEL,23.6713,16.18,0.5257,-1,-4.2664,-0.5,-4.7664,HOLDING
2011-11-15,1,SO,XEL,23.617,16.3359,-0.8051,-1,-1.0025,-0.5,-1.5025,HOLDING
2011-11-16,1,SO,XEL,23.4431,16.1113,0.0677,-1,-2.7519,-0.5,-3.2519,HOLDING
2011-11-17,1,SO,XEL,23.3941,15.9679,0.9803,-1,-4.5974,-0.5,-5.0974,HOLDING
2011-11-18,1,SO,XEL,23.4811,16.1675,-0.0819,-1,-2.251,-0.5,-2.751,HOLDING
2011-11-21,1,SO,XEL,23.3778,16.0053,0.7738,-1,-3.7757,-0.5,-4.2757,HOLDING
2011-11-22,1,SO,XEL,23.1659,15.7558,1.7331,-1,-5.5007,-0.5,-6.0007,HOLDING
2011-11-23,1,SO,XEL,22.9376,15.5562,1.8746,-1,-6.1934,-0.5,-6.6934,HOLDING
2011-11-25,1,SO,XEL,23.0843,15.7184,1.2418,-1,-5.1773,-0.5,-5.6773,HOLDING
2011-11-28,1,SO,XEL,23.2202,15.8244,1.0258,-1,-4.9801,-0.5,-5.4801,HOLDING
2011-11-29,1,SO,XEL,23.5137,16.0365,0.8397,-1,-4.84,-0.5,-5.34,HOLDING
2011-11-30,1,SO,XEL,23.867,16.3983,-0.2564,-1,0.0,-3.9323,-3.9323,PERIOD_END_EXIT
2011-06-03,2,ED,SO,29.9856,20.9162,0.0,0,0.0,0.0,0.0,HOLD_CASH
2011-06-06,2,ED,SO,29.8882,20.9002,0.0,0,0.0,0.0,0.0,HOLD_CASH
2011-06-07,2,ED,SO,29.9742,20.9002,0.0,0,0.0,0.0,0.0,HOLD_CASH
2011-06-08,2,ED,SO,30.1232,21.0277,0.0,0,0.0,0.0,0.0,HOLD_CASH
2011-06-09,2,ED,SO,29.9799,21.0012,0.0,0,0.0,0.0,0.0,HOLD_CASH
2011-06-10,2,ED,SO,29.7048,20.8949,0.0,0,0.0,0.0,0.0,HOLD_CASH
2011-06-13,2,ED,SO,29.8538,21.0649,0.0,0,0.0,0.0,0.0,HOLD_CASH
2011-06-14,2,ED,SO,29.9226,21.0702,0.0,0,0.0,0.0,0.0,HOLD_CASH
2011-06-15,2,ED,SO,29.8309,20.8949,0.0,0,0.0,0.0,0.0,HOLD_CASH
2011-06-16,2,ED,SO,30.1518,21.0702,0.0,0,0.0,0.0,0.0,HOLD_CASH
2011-06-17,2,ED,SO,30.2493,21.1499,0.0,0,0.0,0.0,0.0,HOLD_CASH
2011-06-20,2,ED,SO,30.3811,21.2509,0.0,0,0.0,0.0,0.0,HOLD_CASH
2011-06-21,2,ED,SO,30.3467,21.1765,0.0,0,0.0,0.0,0.0,HOLD_CASH
2011-06-22,2,ED,SO,30.2091,21.0171,0.0,0,0.0,0.0,0.0,HOLD_CASH
2011-06-23,2,ED,SO,29.9398,20.9002,0.0,0,0.0,0.0,0.0,HOLD_CASH
2011-06-24,2,ED,SO,30.0315,20.948,0.0,0,0.0,0.0,0.0,HOLD_CASH
2011-06-27,2,ED,SO,30.1977,21.1393,0.0,0,0.0,0.0,0.0,HOLD_CASH
2011-06-28,2,ED,SO,30.3352,21.3624,0.0,0,0.0,0.0,0.0,HOLD_CASH
2011-06-29,2,ED,SO,30.4327,21.3784,0.0,0,0.0,0.0,0.0,HOLD_CASH
2011-06-30,2,ED,SO,30.5129,21.4527,-1.0571,0,0.0,0.0,0.0,HOLD_CASH
2011-07-01,2,ED,SO,30.9829,21.6334,0.7027,0,0.0,0.0,0.0,HOLD_CASH
2011-07-05,2,ED,SO,30.7708,21.5643,-0.2054,0,0.0,0.0,0.0,HOLD_CASH
2011-07-06,2,ED,SO,30.8682,21.5909,0.3374,0,0.0,0.0,0.0,HOLD_CASH
2011-07-07,2,ED,SO,30.9714,21.5059,1.9754,0,0.0,0.0,0.0,HOLD_CASH
2011-07-08,2,ED,SO,30.6963,21.4156,0.791,0,0.0,0.0,0.0,HOLD_CASH
2011-07-11,2,ED,SO,30.5358,21.3252,0.4837,0,0.0,0.0,0.0,HOLD_CASH
2011-07-12,2,ED,SO,30.7536,21.4209,1.0571,0,0.0,0.0,0.0,HOLD_CASH
2011-07-13,2,ED,SO,30.7823,21.4209,1.2172,0,0.0,0.0,0.0,HOLD_CASH
2011-07-14,2,ED,SO,30.49,21.304,0.0395,0,0.0,0.0,0.0,HOLD_CASH
2011-07-15,2,ED,SO,30.5186,21.3677,-0.5111,0,0.0,0.0,0.0,HOLD_CASH
2011-07-18,2,ED,SO,30.106,21.2456,-2.2196,1,0.0,-0.5,-0.5,ENTER_LONG_A
2011-07-19,2,ED,SO,30.4498,21.389,-1.0248,1,1.1676,-0.5,0.6676,HOLDING
2011-07-20,2,ED,SO,30.5645,21.4209,-0.4455,1,1.7446,-0.5,1.2446,HOLDING
2011-07-21,2,ED,SO,30.9256,21.6759,-0.3963,1,1.742,-0.5,1.242,HOLDING
2011-07-22,2,ED,SO,30.7078,21.559,-0.7279,1,1.3091,-0.5,0.8091,HOLDING
2011-07-25,2,ED,SO,30.553,21.4156,-0.28,1,1.7118,-0.5,1.2118,HOLDING
2011-07-26,2,ED,SO,30.5186,21.389,-0.2368,1,1.7387,-0.5,1.2387,HOLDING
2011-07-27,2,ED,SO,30.4785,21.3571,-0.2694,1,1.7808,-0.5,1.2808,HOLDING
2011-07-28,2,ED,SO,30.3582,21.3749,-1.4369,1,0.5726,-0.5,0.0726,HOLDING
2011-07-29,2,ED,SO,30.1461,21.2566,-1.6787,1,0.2034,-0.5,-0.2966,HOLDING
2011-08-01,2,ED,SO,30.2321,21.3211,-1.5162,1,0.1581,-0.5,-0.3419,HOLDING
2011-08-02,2,ED,SO,29.9627,21.219,-2.0472,1,-0.8766,-0.5,-1.3766,HOLDING
2011-08-03,2,ED,SO,30.169,21.2727,-1.0773,1,0.2041,-0.5,-0.2959,HOLDING
2011-08-04,2,ED,SO,29.6532,21.1168,-2.4802,1,-2.2447,-0.5,-2.7447,HOLDING
2011-08-05,2,ED,SO,30.5301,21.434,0.0595,1,1.3046,-0.5,0.8046,HOLDING
2011-08-08,2,ED,SO,28.891,20.6061,-2.2662,1,-2.5648,-0.5,-3.0648,HOLDING
2011-08-09,2,ED,SO,29.7449,20.5953,2.1563,1,4.6529,-0.5,4.1529,HOLDING
2011-08-10,2,ED,SO,29.8423,20.4448,2.8308,1,7.2334,-0.5,6.7334,HOLDING
2011-08-11,2,ED,SO,30.9714,21.1867,2.3993,1,7.8792,-0.5,7.3792,HOLDING
2011-08-12,2,ED,SO,30.7937,21.0792,1.975,1,7.6689,-0.5,7.1689,HOLDING
2011-08-15,2,ED,SO,31.7558,21.7243,1.7459,1,8.0671,-0.5,7.5671,HOLDING
2011-08-16,2,ED,SO,31.582,21.6383,1.4435,1,7.6354,-0.5,7.1354,HOLDING
2011-08-17,2,ED,SO,31.5878,21.8318,0.743,1,5.4063,-0.5,4.9063,HOLDING
2011-08-18,2,ED,SO,31.5124,21.6168,1.1638,1,7.3109,-0.5,6.8109,HOLDING
2011-08-19,2,ED,SO,31.5066,21.4878,1.3935,1,8.7809,-0.5,8.2809,HOLDING
2011-08-22,2,ED,SO,31.6225,21.5146,1.3826,1,9.4274,-0.5,8.9274,HOLDING
2011-08-23,2,ED,SO,32.0978,21.8372,1.243,1,9.5782,-0.5,9.0782,HOLDING
2011-08-24,2,ED,SO,32.9788,22.1651,1.7102,1,13.0351,-0.5,12.5351,HOLDING
2011-08-25,2,ED,SO,32.5615,21.9823,1.3077,1,11.7207,-0.5,11.2207,HOLDING
2011-08-26,2,ED,SO,32.2195,21.9501,0.7329,1,9.2606,-0.5,8.7606,HOLDING
2011-08-29,2,ED,SO,32.6484,22.0952,0.9968,1,11.1142,-0.5,10.6142,HOLDING
2011-08-30,2,ED,SO,32.6426,22.1383,0.7981,1,10.5599,-0.5,10.0599,HOLDING
2011-08-31,2,ED,SO,32.5789,22.235,0.3518,1,8.892,-0.5,8.392,HOLDING
2011-09-01,2,ED,SO,32.4282,22.106,0.3433,1,9.1587,-0.5,8.6587,HOLDING
2011-09-02,2,ED,SO,32.4977,22.1275,0.3502,1,9.4831,-0.5,8.9831,HOLDING
2011-09-06,2,ED,SO,32.3296,22.1705,-0.6803,1,7.5814,-0.5,7.0814,HOLDING
2011-09-07,2,ED,SO,32.4977,22.2135,-0.3564,1,8.471,-0.5,7.971,HOLDING
2011-09-08,2,ED,SO,32.4861,22.235,-0.5784,1,8.1218,-0.5,7.6218,HOLDING
2011-09-09,2,ED,SO,31.9471,21.9017,-0.8127,1,7.5678,-0.5,7.0678,HOLDING
2011-09-12,2,ED,SO,32.3296,22.2404,-1.2708,1,6.7589,-0.5,6.2589,HOLDING
2011-09-13,2,ED,SO,32.6194,22.3372,-0.561,1,8.0267,-0.5,7.5267,HOLDING
2011-09-14,2,ED,SO,32.7759,22.4393,-0.5346,1,8.1244,-0.5,7.6244,HOLDING
2011-09-15,2,ED,SO,33.0831,22.6167,-0.4453,1,8.5876,-0.5,8.0876,HOLDING
2011-09-16,2,ED,SO,33.2802,22.8963,-1.4616,1,6.9346,-0.5,6.4346,HOLDING
2011-09-19,2,ED,SO,33.1816,22.7726,-0.9755,1,7.5711,-0.5,7.0711,HOLDING
2011-09-20,2,ED,SO,33.6743,23.0145,-0.2649,1,8.8155,-0.5,8.3155,HOLDING
2011-09-21,2,ED,SO,33.1874,22.8586,-1.3592,1,6.6071,-0.5,6.1071,HOLDING
2011-09-22,2,ED,SO,32.9788,22.6382,-0.8051,1,7.4682,-0.5,6.9682,HOLDING
2011-09-23,2,ED,SO,32.8861,22.8049,-2.3904,1,4.7373,-0.5,4.2373,HOLDING
2011-09-26,2,ED,SO,32.915,22.8049,-1.8957,1,4.9779,-0.5,4.4779,HOLDING
2011-09-27,2,ED,SO,32.8049,22.7404,-1.8244,1,4.8225,-0.5,4.3225,HOLDING
2011-09-28,2,ED,SO,32.5209,22.7242,-2.5899,1,2.6538,-0.5,2.1538,HOLDING
2011-09-29,2,ED,SO,33.2164,23.0468,-1.3645,1,4.6338,-0.5,4.1338,HOLDING
2011-09-30,2,ED,SO,33.0483,22.778,-0.3251,1,6.4011,-0.5,5.9011,HOLDING
2011-10-03,2,ED,SO,32.7354,22.5844,-0.3994,1,6.0794,-0.5,5.5794,HOLDING
2011-10-04,2,ED,SO,32.7122,22.4769,0.2765,1,7.1521,-0.5,6.6521,HOLDING
2011-10-05,2,ED,SO,31.9645,22.2189,-1.4386,1,3.9797,-0.5,3.4797,HOLDING
2011-10-06,2,ED,SO,32.5499,22.6059,-1.1713,1,4.2864,-0.5,3.7864,HOLDING
2011-10-07,2,ED,SO,32.5209,22.778,-2.0819,1,2.0214,-0.5,1.5214,HOLDING
2011-10-10,2,ED,SO,33.1643,23.0898,-1.1216,1,3.6946,-0.5,3.1946,HOLDING
2011-10-11,2,ED,SO,32.8977,22.9446,-1.2288,1,3.1888,-0.5,2.6888,HOLDING
2011-10-12,2,ED,SO,32.8049,22.9608,-1.5236,1,2.2287,-0.5,1.7287,HOLDING
2011-10-13,2,ED,SO,32.8397,22.8425,-0.6243,1,3.9093,-0.5,3.4093,HOLDING
2011-10-14,2,ED,SO,33.3555,22.9393,0.9745,1,7.0542,-0.5,6.5542,HOLDING
2011-10-17,2,ED,SO,33.599,23.0683,1.216,1,7.5572,-0.5,7.0572,HOLDING
2011-10-18,2,ED,SO,33.6279,23.0575,1.4871,1,7.9246,-0.5,7.4246,HOLDING
2011-10-19,2,ED,SO,33.57,23.1059,0.9145,1,6.8738,-0.5,6.3738,HOLDING
2011-10-20,2,ED,SO,33.9003,23.2618,1.3563,1,7.7827,-0.5,7.2827,HOLDING
2011-10-21,2,ED,SO,34.6364,23.622,1.904,1,9.6566,-0.5,9.1566,HOLDING
2011-10-24,2,ED,SO,34.3408,23.321,2.0436,1,10.7447,-0.5,10.2447,HOLDING
2011-10-25,2,ED,SO,33.7207,23.1812,0.5913,1,7.2396,-0.5,6.7396,HOLDING
2011-10-26,2,ED,SO,34.0916,23.1812,1.6275,1,10.3199,-0.5,9.8199,HOLDING
2011-10-27,2,ED,SO,34.5031,23.4607,1.4416,1,10.4474,-0.5,9.9474,HOLDING
2011-10-28,2,ED,SO,33.6395,23.2833,-0.3936,1,5.3637,-0.5,4.8637,HOLDING
2011-10-31,2,ED,SO,33.541,23.2242,-0.4134,1,5.2415,-0.5,4.7415,HOLDING
2011-11-01,2,ED,SO,33.0657,22.9393,-0.5608,1,4.6477,-0.5,4.1477,HOLDING
2011-11-02,2,ED,SO,33.6279,23.2403,-0.1991,1,5.7738,-0.5,5.2738,HOLDING
2011-11-03,2,ED,SO,34.051,23.5463,-0.2859,1,5.686,-0.5,5.186,HOLDING
2011-11-04,2,ED,SO,33.9409,23.4811,-0.4323,1,5.5393,-0.5,5.0393,HOLDING
2011-11-07,2,ED,SO,34.2365,23.7257,-0.6699,1,5.1156,-0.5,4.6156,HOLDING
2011-11-08,2,ED,SO,34.3988,23.8942,-1.0004,1,4.4805,-0.5,3.9805,HOLDING
2011-11-09,2,ED,SO,33.7439,23.4757,-1.307,1,3.9667,-0.5,3.4667,HOLDING
2011-11-10,2,ED,SO,34.1264,23.6985,-1.0963,1,4.5209,-0.5,4.0209,HOLDING
2011-11-11,2,ED,SO,34.5669,23.8833,-0.4014,1,6.0042,-0.5,5.5042,HOLDING
2011-11-14,2,ED,SO,34.1746,23.6713,-0.6651,1,5.2412,-0.5,4.7412,HOLDING
2011-11-15,2,ED,SO,34.3971,23.617,0.4856,1,7.7282,-0.5,7.2282,HOLDING
2011-11-16,2,ED,SO,33.9404,23.4431,-0.2697,1,5.9828,-0.5,5.4828,HOLDING
2011-11-17,2,ED,SO,33.8409,23.3941,-0.3339,1,5.7318,-0.5,5.2318,HOLDING
2011-11-18,2,ED,SO,34.0399,23.4811,0.0244,1,6.3614,-0.5,5.8614,HOLDING
2011-11-21,2,ED,SO,33.6594,23.3778,-0.882,1,4.4167,-0.5,3.9167,HOLDING
2011-11-22,2,ED,SO,33.3139,23.1659,-0.9723,1,4.0424,-0.5,3.5424,HOLDING
2011-11-23,2,ED,SO,33.0505,22.9376,-0.6218,1,4.541,-0.5,4.041,HOLDING
2011-11-25,2,ED,SO,33.4662,23.0843,1.1339,1,6.2659,-0.5,5.7659,HOLDING
2011-11-28,2,ED,SO,33.5072,23.2202,-0.2873,1,5.0073,-0.5,4.5073,HOLDING
2011-11-29,2,ED,SO,33.9404,23.5137,-0.19,1,5.1513,-0.5,4.6513,HOLDING
2011-11-30,2,ED,SO,34.7894,23.867,2.2748,1,0.0,6.9737,6.9737,PERIOD_END_EXIT
2011-06-03,3,ED,EVRG,29.9856,14.9931,0.0,0,0.0,0.0,0.0,HOLD_CASH
2011-06-06,3,ED,EVRG,29.8882,14.9422,0.0,0,0.0,0.0,0.0,HOLD_CASH
2011-06-07,3,ED,EVRG,29.9742,15.0568,0.0,0,0.0,0.0,0.0,HOLD_CASH
2011-06-08,3,ED,EVRG,30.1232,15.1026,0.0,0,0.0,0.0,0.0,HOLD_CASH
2011-06-09,3,ED,EVRG,29.9799,15.0625,0.0,0,0.0,0.0,0.0,HOLD_CASH
2011-06-10,3,ED,EVRG,29.7048,14.988,0.0,0,0.0,0.0,0.0,HOLD_CASH
2011-06-13,3,ED,EVRG,29.8538,15.0339,0.0,0,0.0,0.0,0.0,HOLD_CASH
2011-06-14,3,ED,EVRG,29.9226,15.0682,0.0,0,0.0,0.0,0.0,HOLD_CASH
2011-06-15,3,ED,EVRG,29.8309,14.9479,0.0,0,0.0,0.0,0.0,HOLD_CASH
2011-06-16,3,ED,EVRG,30.1518,15.0682,0.0,0,0.0,0.0,0.0,HOLD_CASH
2011-06-17,3,ED,EVRG,30.2493,15.2057,0.0,0,0.0,0.0,0.0,HOLD_CASH
2011-06-20,3,ED,EVRG,30.3811,15.286,0.0,0,0.0,0.0,0.0,HOLD_CASH
2011-06-21,3,ED,EVRG,30.3467,15.3203,0.0,0,0.0,0.0,0.0,HOLD_CASH
2011-06-22,3,ED,EVRG,30.2091,15.1542,0.0,0,0.0,0.0,0.0,HOLD_CASH
2011-06-23,3,ED,EVRG,29.9398,15.0281,0.0,0,0.0,0.0,0.0,HOLD_CASH
2011-06-24,3,ED,EVRG,30.0315,15.0682,0.0,0,0.0,0.0,0.0,HOLD_CASH
2011-06-27,3,ED,EVRG,30.1977,15.1542,0.0,0,0.0,0.0,0.0,HOLD_CASH
2011-06-28,3,ED,EVRG,30.3352,15.2688,0.0,0,0.0,0.0,0.0,HOLD_CASH
2011-06-29,3,ED,EVRG,30.4327,15.4005,0.0,0,0.0,0.0,0.0,HOLD_CASH
2011-06-30,3,ED,EVRG,30.5129,15.4177,-1.5434,0,0.0,0.0,0.0,HOLD_CASH
2011-07-01,3,ED,EVRG,30.9829,15.5896,-0.2749,0,0.0,0.0,0.0,HOLD_CASH
2011-07-05,3,ED,EVRG,30.7708,15.5037,-0.6051,0,0.0,0.0,0.0,HOLD_CASH
2011-07-06,3,ED,EVRG,30.8682,15.5782,-1.0323,0,0.0,0.0,0.0,HOLD_CASH
2011-07-07,3,ED,EVRG,30.9714,15.5896,-0.15,0,0.0,0.0,0.0,HOLD_CASH
2011-07-08,3,ED,EVRG,30.6963,15.5094,-1.2386,0,0.0,0.0,0.0,HOLD_CASH
2011-07-11,3,ED,EVRG,30.5358,15.3604,0.1007,0,0.0,0.0,0.0,HOLD_CASH
2011-07-12,3,ED,EVRG,30.7536,15.4464,0.544,0,0.0,0.0,0.0,HOLD_CASH
2011-07-13,3,ED,EVRG,30.7823,15.349,2.2787,-1,0.0,-0.5,-0.5,ENTER_SHORT_A
2011-07-14,3,ED,EVRG,30.49,15.2115,1.9032,-1,0.1343,-0.5,-0.3657,HOLDING
2011-07-15,3,ED,EVRG,30.5186,15.2115,1.9844,-1,-0.0984,-0.5,-0.5984,HOLDING
2011-07-18,3,ED,EVRG,30.106,15.0052,1.7299,-1,-0.1064,-0.5,-0.6064,HOLDING
2011-07-19,3,ED,EVRG,30.4498,15.1084,2.1838,-1,-1.2195,-0.5,-1.7195,HOLDING
2011-07-20,3,ED,EVRG,30.5645,15.1599,1.9146,-1,-1.3108,-0.5,-1.8108,HOLDING
2011-07-21,3,ED,EVRG,30.9256,15.3547,1.5433,-1,-1.0704,-0.5,-1.5704,HOLDING
2011-07-22,3,ED,EVRG,30.7078,15.2745,1.1435,-1,-0.608,-0.5,-1.108,HOLDING
2011-07-25,3,ED,EVRG,30.553,15.263,0.4601,-1,0.4621,-0.5,-0.0379,HOLDING
2011-07-26,3,ED,EVRG,30.5186,15.2172,0.6857,-1,-0.0051,-0.5,-0.5051,HOLDING
2011-07-27,3,ED,EVRG,30.4785,15.0797,1.6042,-1,-1.919,-0.5,-2.419,HOLDING
2011-07-28,3,ED,EVRG,30.3582,14.9078,2.2274,-1,-3.7411,-0.5,-4.2411,HOLDING
2011-07-29,3,ED,EVRG,30.1461,14.7875,2.0271,-1,-3.9785,-0.5,-4.4785,HOLDING
2011-08-01,3,ED,EVRG,30.2321,14.8161,1.8347,-1,-4.2102,-0.5,-4.7102,HOLDING
2011-08-02,3,ED,EVRG,29.9627,14.7188,1.4135,-1,-3.6089,-0.5,-4.1089,HOLDING
2011-08-03,3,ED,EVRG,30.169,14.6271,2.3306,-1,-6.7777,-0.5,-7.2777,HOLDING
2011-08-04,3,ED,EVRG,29.6532,14.1916,2.7002,-1,-9.6807,-0.5,-10.1807,HOLDING
2011-08-05,3,ED,EVRG,30.5301,13.8192,3.6431,-1,-22.868,-0.5,-23.368,HOLDING
2011-08-08,3,ED,EVRG,28.891,13.0401,2.752,-1,-22.2469,-0.5,-22.7469,HOLDING
2011-08-09,3,ED,EVRG,29.7449,13.8708,1.4701,-1,-15.6512,-0.5,-16.1512,HOLDING
2011-08-10,3,ED,EVRG,29.8423,13.613,1.8519,-1,-20.6417,-0.5,-21.1417,HOLDING
2011-08-11,3,ED,EVRG,30.9714,14.2547,1.4132,-1,-19.36,-0.5,-19.86,HOLDING
2011-08-12,3,ED,EVRG,30.7937,14.0713,1.4317,-1,-20.9032,-0.5,-21.4032,HOLDING
2011-08-15,3,ED,EVRG,31.7558,14.5297,1.2536,-1,-21.2515,-0.5,-21.7515,HOLDING
2011-08-16,3,ED,EVRG,31.582,14.5411,0.9852,-1,-19.6527,-0.5,-20.1527,HOLDING
2011-08-17,3,ED,EVRG,31.5878,14.6271,0.7547,-1,-18.3001,-0.5,-18.8001,HOLDING
2011-08-18,3,ED,EVRG,31.5124,14.4094,0.983,-1,-21.2342,-0.5,-21.7342,HOLDING
2011-08-19,3,ED,EVRG,31.5066,14.2604,1.1362,-1,-23.6134,-0.5,-24.1134,HOLDING
2011-08-22,3,ED,EVRG,31.6225,14.1859,1.2546,-1,-25.768,-0.5,-26.268,HOLDING
2011-08-23,3,ED,EVRG,32.0978,14.5927,0.8139,-1,-23.0022,-0.5,-23.5022,HOLDING
2011-08-24,3,ED,EVRG,32.9788,14.8333,1.0337,-1,-26.2378,-0.5,-26.7378,HOLDING
2011-08-25,3,ED,EVRG,32.5615,14.587,1.064,-1,-26.8613,-0.5,-27.3613,HOLDING
2011-08-26,3,ED,EVRG,32.2195,14.6271,0.5704,-1,-23.4309,-0.5,-23.9309,HOLDING
2011-08-29,3,ED,EVRG,32.6484,15.0281,-0.0186,-1,-20.382,-0.5,-20.882,HOLDING
2011-08-30,3,ED,EVRG,32.6426,15.0854,-0.3745,-1,-19.4016,-0.5,-19.9016,HOLDING
2011-08-31,3,ED,EVRG,32.5789,15.2688,-1.4378,-1,-15.8978,-0.5,-16.3978,HOLDING
2011-09-01,3,ED,EVRG,32.4282,15.1026,-1.3964,-1,-17.3802,-0.5,-17.8802,HOLDING
2011-09-02,3,ED,EVRG,32.4977,14.9021,-0.1656,-1,-21.211,-0.5,-21.711,HOLDING
2011-09-06,3,ED,EVRG,32.3296,14.6844,0.6118,-1,-23.392,-0.5,-23.892,HOLDING
2011-09-07,3,ED,EVRG,32.4977,14.8584,0.0109,-1,-21.922,-0.5,-22.422,HOLDING
2011-09-08,3,ED,EVRG,32.4861,14.783,0.3996,-1,-23.0566,-0.5,-23.5566,HOLDING
2011-09-09,3,ED,EVRG,31.9471,14.4813,0.6607,-1,-23.5927,-0.5,-24.0927,HOLDING
2011-09-12,3,ED,EVRG,32.3296,14.6264,0.7686,-1,-24.337,-0.5,-24.837,HOLDING
2011-09-13,3,ED,EVRG,32.6194,14.8178,0.4002,-1,-23.5722,-0.5,-24.0722,HOLDING
2011-09-14,3,ED,EVRG,32.7759,14.9919,-0.1968,-1,-22.0081,-0.5,-22.5081,HOLDING
2011-09-15,3,ED,EVRG,33.0831,15.1253,-0.22,-1,-22.3295,-0.5,-22.8295,HOLDING
2011-09-16,3,ED,EVRG,33.2802,15.224,-0.2669,-1,-22.3234,-0.5,-22.8234,HOLDING
2011-09-19,3,ED,EVRG,33.1816,15.224,-0.4684,-1,-21.5231,-0.5,-22.0231,HOLDING
2011-09-20,3,ED,EVRG,33.6743,15.4502,-0.3951,-1,-21.8389,-0.5,-22.3389,HOLDING
2011-09-21,3,ED,EVRG,33.1874,15.3806,-1.1971,-1,-19.0189,-0.5,-19.5189,HOLDING
2011-09-22,3,ED,EVRG,32.9788,15.3052,-1.2093,-1,-18.5528,-0.5,-19.0528,HOLDING
2011-09-23,3,ED,EVRG,32.8861,15.2878,-1.2953,-1,-18.0832,-0.5,-18.5832,HOLDING
2011-09-26,3,ED,EVRG,32.915,15.4154,-1.7678,-1,-16.2395,-0.5,-16.7395,HOLDING
2011-09-27,3,ED,EVRG,32.8049,15.4734,-2.0368,-1,-14.4001,-0.5,-14.9001,HOLDING
2011-09-28,3,ED,EVRG,32.5209,15.3922,-1.9737,-1,-13.4167,-0.5,-13.9167,HOLDING
2011-09-29,3,ED,EVRG,33.2164,15.572,-1.2728,-1,-16.136,-0.5,-16.636,HOLDING
2011-09-30,3,ED,EVRG,33.0483,15.3284,-0.5118,-1,-18.7397,-0.5,-19.2397,HOLDING
2011-10-03,3,ED,EVRG,32.7354,14.8642,0.9933,-1,-23.7576,-0.5,-24.2576,HOLDING
2011-10-04,3,ED,EVRG,32.7122,14.9164,0.713,-1,-22.7188,-0.5,-23.2188,HOLDING
2011-10-05,3,ED,EVRG,31.9645,15.0325,-1.3677,-1,-14.7566,-0.5,-15.2566,HOLDING
2011-10-06,3,ED,EVRG,32.5499,15.3342,-1.3299,-1,-14.5971,-0.5,-15.0971,HOLDING
2011-10-07,3,ED,EVRG,32.5209,15.3168,-1.1914,-1,-14.6452,-0.5,-15.1452,HOLDING
2011-10-10,3,ED,EVRG,33.1643,15.5837,-0.947,-1,-15.5232,-0.5,-16.0232,HOLDING
2011-10-11,3,ED,EVRG,32.8977,15.4328,-0.7491,-1,-15.8148,-0.5,-16.3148,HOLDING
2011-10-12,3,ED,EVRG,32.8049,15.4328,-0.8687,-1,-15.0616,-0.5,-15.5616,HOLDING
2011-10-13,3,ED,EVRG,32.8397,15.5256,-1.1301,-1,-13.8321,-0.5,-14.3321,HOLDING
2011-10-14,3,ED,EVRG,33.3555,15.514,0.1993,-1,-18.2106,-0.5,-18.7106,HOLDING
2011-10-17,3,ED,EVRG,33.599,15.4792,1.0103,-1,-20.7544,-0.5,-21.2544,HOLDING
2011-10-18,3,ED,EVRG,33.6279,15.6359,0.3173,-1,-18.4385,-0.5,-18.9385,HOLDING
2011-10-19,3,ED,EVRG,33.57,15.7229,-0.2739,-1,-16.5502,-0.5,-17.0502,HOLDING
2011-10-20,3,ED,EVRG,33.9003,15.8447,-0.0606,-1,-17.249,-0.5,-17.749,HOLDING
2011-10-21,3,ED,EVRG,34.6364,15.984,1.0109,-1,-20.9589,-0.5,-21.4589,HOLDING
2011-10-24,3,ED,EVRG,34.3408,15.9492,0.4204,-1,-19.1254,-0.5,-19.6254,HOLDING
2011-10-25,3,ED,EVRG,33.7207,15.6939,0.1866,-1,-18.2466,-0.5,-18.7466,HOLDING
2011-10-26,3,ED,EVRG,34.0916,15.7345,0.8373,-1,-20.5977,-0.5,-21.0977,HOLDING
2011-10-27,3,ED,EVRG,34.5031,16.0014,0.3521,-1,-19.5929,-0.5,-20.0929,HOLDING
2011-10-28,3,ED,EVRG,33.6395,15.9202,-1.3409,-1,-13.9022,-0.5,-14.4022,HOLDING
2011-10-31,3,ED,EVRG,33.541,15.8157,-0.987,-1,-14.8029,-0.5,-15.3029,HOLDING
2011-11-01,3,ED,EVRG,33.0657,15.4444,0.0989,-1,-16.9909,-0.5,-17.4909,HOLDING
2011-11-02,3,ED,EVRG,33.6279,15.8621,-1.0488,-1,-14.7531,-0.5,-15.2531,HOLDING
2011-11-03,3,ED,EVRG,34.051,16.013,-0.7058,-1,-15.7323,-0.5,-16.2323,HOLDING
2011-11-04,3,ED,EVRG,33.9409,15.8215,0.2885,-1,-17.9566,-0.5,-18.4566,HOLDING
2011-11-07,3,ED,EVRG,34.2365,15.8215,1.2083,-1,-20.3572,-0.5,-20.8572,HOLDING
2011-11-08,3,ED,EVRG,34.3988,15.8912,1.1262,-1,-20.541,-0.5,-21.041,HOLDING
2011-11-09,3,ED,EVRG,33.7439,15.6417,0.6588,-1,-19.2853,-0.5,-19.7853,HOLDING
2011-11-10,3,ED,EVRG,34.1264,15.6823,1.5261,-1,-21.7307,-0.5,-22.2307,HOLDING
2011-11-11,3,ED,EVRG,34.5669,15.9782,0.7818,-1,-20.4888,-0.5,-20.9888,HOLDING
2011-11-14,3,ED,EVRG,34.1746,15.8157,0.6867,-1,-19.9487,-0.5,-20.4487,HOLDING
2011-11-15,3,ED,EVRG,34.3971,15.868,0.9931,-1,-20.9051,-0.5,-21.4051,HOLDING
2011-11-16,3,ED,EVRG,33.9404,15.6417,1.003,-1,-20.8817,-0.5,-21.3817,HOLDING
2011-11-17,3,ED,EVRG,33.8409,15.5488,1.2117,-1,-21.5854,-0.5,-22.0854,HOLDING
2011-11-18,3,ED,EVRG,34.0399,15.7635,0.3627,-1,-19.7054,-0.5,-20.2054,HOLDING
2011-11-21,3,ED,EVRG,33.6594,15.5837,0.3699,-1,-19.5443,-0.5,-20.0443,HOLDING
2011-11-22,3,ED,EVRG,33.3139,15.3284,0.9749,-1,-20.8968,-0.5,-21.3968,HOLDING
2011-11-23,3,ED,EVRG,33.0505,15.0673,1.7634,-1,-23.0094,-0.5,-23.5094,HOLDING
2011-11-25,3,ED,EVRG,33.4662,15.0789,2.336,-1,-26.1964,-0.5,-26.6964,HOLDING
2011-11-28,3,ED,EVRG,33.5072,15.3168,1.0466,-1,-22.6549,-0.5,-23.1549,HOLDING
2011-11-29,3,ED,EVRG,33.9404,15.6243,0.3375,-1,-21.1652,-0.5,-21.6652,HOLDING
2011-11-30,3,ED,EVRG,34.7894,16.0246,0.2182,-1,0.0,-22.5832,-22.5832,PERIOD_END_EXIT
2011-06-03,4,ED,PNW,29.9856,24.5365,0.0,0,0.0,0.0,0.0,HOLD_CASH
2011-06-06,4,ED,PNW,29.8882,24.4016,0.0,0,0.0,0.0,0.0,HOLD_CASH
2011-06-07,4,ED,PNW,29.9742,24.4803,0.0,0,0.0,0.0,0.0,HOLD_CASH
2011-06-08,4,ED,PNW,30.1232,24.4859,0.0,0,0.0,0.0,0.0,HOLD_CASH
2011-06-09,4,ED,PNW,29.9799,24.3567,0.0,0,0.0,0.0,0.0,HOLD_CASH
2011-06-10,4,ED,PNW,29.7048,24.2387,0.0,0,0.0,0.0,0.0,HOLD_CASH
2011-06-13,4,ED,PNW,29.8538,24.2331,0.0,0,0.0,0.0,0.0,HOLD_CASH
2011-06-14,4,ED,PNW,29.9226,24.469,0.0,0,0.0,0.0,0.0,HOLD_CASH
2011-06-15,4,ED,PNW,29.8309,24.2331,0.0,0,0.0,0.0,0.0,HOLD_CASH
2011-06-16,4,ED,PNW,30.1518,24.469,0.0,0,0.0,0.0,0.0,HOLD_CASH
2011-06-17,4,ED,PNW,30.2493,24.6376,0.0,0,0.0,0.0,0.0,HOLD_CASH
2011-06-20,4,ED,PNW,30.3811,24.8174,0.0,0,0.0,0.0,0.0,HOLD_CASH
2011-06-21,4,ED,PNW,30.3467,24.8848,0.0,0,0.0,0.0,0.0,HOLD_CASH
2011-06-22,4,ED,PNW,30.2091,24.7556,0.0,0,0.0,0.0,0.0,HOLD_CASH
2011-06-23,4,ED,PNW,29.9398,24.5702,0.0,0,0.0,0.0,0.0,HOLD_CASH
2011-06-24,4,ED,PNW,30.0315,24.5646,0.0,0,0.0,0.0,0.0,HOLD_CASH
2011-06-27,4,ED,PNW,30.1977,24.8062,0.0,0,0.0,0.0,0.0,HOLD_CASH
2011-06-28,4,ED,PNW,30.3352,24.9241,0.0,0,0.0,0.0,0.0,HOLD_CASH
2011-06-29,4,ED,PNW,30.4327,24.9691,0.0,0,0.0,0.0,0.0,HOLD_CASH
2011-06-30,4,ED,PNW,30.5129,25.0478,-1.1293,0,0.0,0.0,0.0,HOLD_CASH
2011-07-01,4,ED,PNW,30.9829,25.3399,-0.2614,0,0.0,0.0,0.0,HOLD_CASH
2011-07-05,4,ED,PNW,30.7708,25.2332,-0.8224,0,0.0,0.0,0.0,HOLD_CASH
2011-07-06,4,ED,PNW,30.8682,25.1995,0.2214,0,0.0,0.0,0.0,HOLD_CASH
2011-07-07,4,ED,PNW,30.9714,25.2613,0.4853,0,0.0,0.0,0.0,HOLD_CASH
2011-07-08,4,ED,PNW,30.6963,25.1601,-0.6251,0,0.0,0.0,0.0,HOLD_CASH
2011-07-11,4,ED,PNW,30.5358,24.8511,1.1169,0,0.0,0.0,0.0,HOLD_CASH
2011-07-12,4,ED,PNW,30.7536,25.0478,1.0308,0,0.0,0.0,0.0,HOLD_CASH
2011-07-13,4,ED,PNW,30.7823,24.9354,2.0459,-1,0.0,-0.5,-0.5,ENTER_SHORT_A
2011-07-14,4,ED,PNW,30.49,24.6601,2.1505,-1,-0.3862,-0.5,-0.8862,HOLDING
2011-07-15,4,ED,PNW,30.5186,24.6657,2.0892,-1,-0.5627,-0.5,-1.0627,HOLDING
2011-07-18,4,ED,PNW,30.106,24.3454,1.7583,-1,-0.4222,-0.5,-0.9222,HOLDING
2011-07-19,4,ED,PNW,30.4498,24.6825,1.2084,-1,0.1649,-0.5,-0.3351,HOLDING
2011-07-20,4,ED,PNW,30.5645,24.7443,1.2751,-1,-0.1465,-0.5,-0.6465,HOLDING
2011-07-21,4,ED,PNW,30.9256,25.0815,0.8852,-1,0.301,-0.5,-0.199,HOLDING
2011-07-22,4,ED,PNW,30.7078,24.941,0.5728,-1,0.6614,-0.5,0.1614,HOLDING
2011-07-25,4,ED,PNW,30.553,24.7612,0.8558,-1,0.1157,-0.5,-0.3843,HOLDING
2011-07-26,4,ED,PNW,30.5186,24.5702,1.7386,-1,-1.5203,-0.5,-2.0203,HOLDING
2011-07-27,4,ED,PNW,30.4785,24.2949,2.6267,-1,-3.9547,-0.5,-4.4547,HOLDING
2011-07-28,4,ED,PNW,30.3582,24.184,2.2441,-1,-4.0892,-0.5,-4.5892,HOLDING
2011-07-29,4,ED,PNW,30.1461,24.0873,1.6708,-1,-3.3366,-0.5,-3.8366,HOLDING
2011-08-01,4,ED,PNW,30.2321,23.9735,2.1435,-1,-5.1751,-0.5,-5.6751,HOLDING
2011-08-02,4,ED,PNW,29.9627,23.5526,2.4726,-1,-7.2072,-0.5,-7.7072,HOLDING
2011-08-03,4,ED,PNW,30.169,23.4559,2.6391,-1,-9.8523,-0.5,-10.3523,HOLDING
2011-08-04,4,ED,PNW,29.6532,22.6369,2.8582,-1,-13.8746,-0.5,-14.3746,HOLDING
2011-08-05,4,ED,PNW,30.5301,22.7564,2.9556,-1,-19.7987,-0.5,-20.2987,HOLDING
2011-08-08,4,ED,PNW,28.891,21.6018,2.2723,-1,-18.0623,-0.5,-18.5623,HOLDING
2011-08-09,4,ED,PNW,29.7449,22.5345,1.5725,-1,-15.6458,-0.5,-16.1458,HOLDING
2011-08-10,4,ED,PNW,29.8423,22.1478,1.9337,-1,-20.3147,-0.5,-20.8147,HOLDING
2011-08-11,4,ED,PNW,30.9714,23.5469,1.0599,-1,-15.4565,-0.5,-15.9565,HOLDING
2011-08-12,4,ED,PNW,30.7937,23.3365,1.0479,-1,-16.1235,-0.5,-16.6235,HOLDING
2011-08-15,4,ED,PNW,31.7558,24.0361,0.982,-1,-16.9233,-0.5,-17.4233,HOLDING
2011-08-16,4,ED,PNW,31.582,23.9792,0.8004,-1,-16.0815,-0.5,-16.5815,HOLDING
2011-08-17,4,ED,PNW,31.5878,24.1043,0.5699,-1,-14.874,-0.5,-15.374,HOLDING
2011-08-18,4,ED,PNW,31.5124,23.8598,0.7406,-1,-16.714,-0.5,-17.214,HOLDING
2011-08-19,4,ED,PNW,31.5066,23.7517,0.8083,-1,-17.7505,-0.5,-18.2505,HOLDING
2011-08-22,4,ED,PNW,31.6225,23.5754,1.1198,-1,-20.4596,-0.5,-20.9596,HOLDING
2011-08-23,4,ED,PNW,32.0978,24.1896,0.6395,-1,-18.1609,-0.5,-18.6609,HOLDING
2011-08-24,4,ED,PNW,32.9788,24.7129,0.7965,-1,-20.0696,-0.5,-20.5696,HOLDING
2011-08-25,4,ED,PNW,32.5615,24.4456,0.6452,-1,-19.3606,-0.5,-19.8606,HOLDING
2011-08-26,4,ED,PNW,32.2195,24.474,-0.0546,-1,-16.2982,-0.5,-16.7982,HOLDING
2011-08-29,4,ED,PNW,32.6484,25.02,-0.8258,-1,-14.3075,-0.5,-14.8075,HOLDING
2011-08-30,4,ED,PNW,32.6426,24.9916,-1.0561,-1,-14.5455,-0.5,-15.0455,HOLDING
2011-08-31,4,ED,PNW,32.5789,25.1622,-2.0057,-1,-12.317,-0.5,-12.817,HOLDING
2011-09-01,4,ED,PNW,32.4282,24.8892,-1.3381,-1,-13.8302,-0.5,-14.3302,HOLDING
2011-09-02,4,ED,PNW,32.4977,24.5593,0.1755,-1,-17.7023,-0.5,-18.2023,HOLDING
2011-09-06,4,ED,PNW,32.3296,24.4058,0.3429,-1,-17.8769,-0.5,-18.3769,HOLDING
2011-09-07,4,ED,PNW,32.4977,24.656,-0.1627,-1,-16.7329,-0.5,-17.2329,HOLDING
2011-09-08,4,ED,PNW,32.4861,24.548,0.3911,-1,-17.7222,-0.5,-18.2222,HOLDING
2011-09-09,4,ED,PNW,31.9471,23.8313,1.6521,-1,-20.5296,-0.5,-21.0296,HOLDING
2011-09-12,4,ED,PNW,32.3296,24.0247,1.7791,-1,-21.6974,-0.5,-22.1974,HOLDING
2011-09-13,4,ED,PNW,32.6194,24.3148,1.3314,-1,-21.1428,-0.5,-21.6428,HOLDING
2011-09-14,4,ED,PNW,32.7759,24.5935,0.6552,-1,-19.6197,-0.5,-20.1197,HOLDING
2011-09-15,4,ED,PNW,33.0831,24.821,0.5957,-1,-19.8334,-0.5,-20.3334,HOLDING
2011-09-16,4,ED,PNW,33.2802,25.1452,-0.0735,-1,-18.1836,-0.5,-18.6836,HOLDING
2011-09-19,4,ED,PNW,33.1816,24.929,0.44,-1,-19.5502,-0.5,-20.0502,HOLDING
2011-09-20,4,ED,PNW,33.6743,25.3272,0.3911,-1,-19.5597,-0.5,-20.0597,HOLDING
2011-09-21,4,ED,PNW,33.1874,24.7243,1.206,-1,-21.6502,-0.5,-22.1502,HOLDING
2011-09-22,4,ED,PNW,32.9788,24.275,2.0003,-1,-24.4605,-0.5,-24.9605,HOLDING
2011-09-23,4,ED,PNW,32.8861,24.4854,0.9928,-1,-21.5975,-0.5,-22.0975,HOLDING
2011-09-26,4,ED,PNW,32.915,24.457,1.0473,-1,-22.118,-0.5,-22.618,HOLDING
2011-09-27,4,ED,PNW,32.8049,24.474,0.6491,-1,-21.0524,-0.5,-21.5524,HOLDING
2011-09-28,4,ED,PNW,32.5209,24.1612,0.9085,-1,-21.8824,-0.5,-22.3824,HOLDING
2011-09-29,4,ED,PNW,33.2164,24.5764,1.2623,-1,-23.3683,-0.5,-23.8683,HOLDING
2011-09-30,4,ED,PNW,33.0483,24.4228,1.3794,-1,-23.5427,-0.5,-24.0427,HOLDING
2011-10-03,4,ED,PNW,32.7354,23.8427,2.4488,-1,-26.8173,-0.5,-27.3173,HOLDING
2011-10-04,4,ED,PNW,32.7122,24.0645,1.3048,-1,-24.4051,-0.5,-24.9051,HOLDING
2011-10-05,4,ED,PNW,31.9645,24.1157,-1.2773,-1,-17.8195,-0.5,-18.3195,HOLDING
2011-10-06,4,ED,PNW,32.5499,24.5309,-1.2024,-1,-18.4111,-0.5,-18.9111,HOLDING
2011-10-07,4,ED,PNW,32.5209,24.4911,-1.0424,-1,-18.5749,-0.5,-19.0749,HOLDING
2011-10-10,4,ED,PNW,33.1643,25.2021,-1.7018,-1,-16.6719,-0.5,-17.1719,HOLDING
2011-10-11,4,ED,PNW,32.8977,25.0144,-1.5502,-1,-16.3884,-0.5,-16.8884,HOLDING
2011-10-12,4,ED,PNW,32.8049,25.1736,-1.9985,-1,-14.0386,-0.5,-14.5386,HOLDING
2011-10-13,4,ED,PNW,32.8397,25.2134,-1.7742,-1,-13.9218,-0.5,-14.4218,HOLDING
2011-10-14,4,ED,PNW,33.3555,25.4011,-1.1395,-1,-16.2294,-0.5,-16.7294,HOLDING
2011-10-17,4,ED,PNW,33.599,25.2987,-0.3522,-1,-19.2329,-0.5,-19.7329,HOLDING
2011-10-18,4,ED,PNW,33.6279,25.6343,-1.1142,-1,-16.1039,-0.5,-16.6039,HOLDING
2011-10-19,4,ED,PNW,33.57,25.7708,-1.4052,-1,-14.2645,-0.5,-14.7645,HOLDING
2011-10-20,4,ED,PNW,33.9003,25.8789,-0.9549,-1,-15.8643,-0.5,-16.3643,HOLDING
2011-10-21,4,ED,PNW,34.6364,26.2543,-0.4458,-1,-18.0787,-0.5,-18.5787,HOLDING
2011-10-24,4,ED,PNW,34.3408,26.2429,-0.8792,-1,-15.7921,-0.5,-16.2921,HOLDING
2011-10-25,4,ED,PNW,33.7207,25.8391,-0.9553,-1,-14.8041,-0.5,-15.3041,HOLDING
2011-10-26,4,ED,PNW,34.0916,25.9301,-0.4182,-1,-16.9044,-0.5,-17.4044,HOLDING
2011-10-27,4,ED,PNW,34.5031,26.7434,-1.4841,-1,-12.092,-0.5,-12.592,HOLDING
2011-10-28,4,ED,PNW,33.6395,26.7233,-2.4849,-1,-5.2801,-0.5,-5.7801,HOLDING
2011-10-31,4,ED,PNW,33.541,26.2171,-1.5524,-1,-9.5547,-0.5,-10.0547,HOLDING
2011-11-01,4,ED,PNW,33.0657,25.5441,-0.7584,-1,-12.4418,-0.5,-12.9418,HOLDING
2011-11-02,4,ED,PNW,33.6279,26.3206,-1.5425,-1,-9.2229,-0.5,-9.7229,HOLDING
2011-11-03,4,ED,PNW,34.051,26.8038,-1.7135,-1,-7.8149,-0.5,-8.3149,HOLDING
2011-11-04,4,ED,PNW,33.9409,26.6025,-1.2846,-1,-8.939,-0.5,-9.439,HOLDING
2011-11-07,4,ED,PNW,34.2365,26.6427,-0.7104,-1,-10.9359,-0.5,-11.4359,HOLDING
2011-11-08,4,ED,PNW,34.3988,26.8556,-0.8463,-1,-10.1201,-0.5,-10.6201,HOLDING
2011-11-09,4,ED,PNW,33.7439,26.2056,-0.434,-1,-11.3176,-0.5,-11.8176,HOLDING
2011-11-10,4,ED,PNW,34.1264,26.4299,-0.2119,-1,-12.1752,-0.5,-12.6752,HOLDING
2011-11-11,4,ED,PNW,34.5669,26.9648,-0.6429,-1,-10.3897,-0.5,-10.8897,HOLDING
2011-11-14,4,ED,PNW,34.1746,26.6427,-0.5265,-1,-10.4331,-0.5,-10.9331,HOLDING
2011-11-15,4,ED,PNW,34.3971,26.7118,-0.1529,-1,-11.548,-0.5,-12.048,HOLDING
2011-11-16,4,ED,PNW,33.9404,26.4414,-0.3601,-1,-10.5495,-0.5,-11.0495,HOLDING
2011-11-17,4,ED,PNW,33.8409,26.3206,-0.1528,-1,-10.9522,-0.5,-11.4522,HOLDING
2011-11-18,4,ED,PNW,34.0399,26.6485,-0.6639,-1,-9.2818,-0.5,-9.7818,HOLDING
2011-11-21,4,ED,PNW,33.6594,26.4644,-1.0152,-1,-8.0364,-0.5,-8.5364,HOLDING
2011-11-22,4,ED,PNW,33.3139,26.0963,-0.5475,-1,-8.9218,-0.5,-9.4218,HOLDING
2011-11-23,4,ED,PNW,33.0505,25.6937,0.6137,-1,-10.8187,-0.5,-11.3187,HOLDING
2011-11-25,4,ED,PNW,33.4662,25.6362,2.3935,-1,-14.7715,-0.5,-15.2715,HOLDING
2011-11-28,4,ED,PNW,33.5072,26.0503,0.3579,-1,-10.9522,-0.5,-11.4522,HOLDING
2011-11-29,4,ED,PNW,33.9404,26.5162,-0.4269,-1,-9.7998,-0.5,-10.2998,HOLDING
2011-11-30,4,ED,PNW,34.7894,27.2697,-0.8701,-1,0.0,-10.1961,-10.1961,PERIOD_END_EXIT
2011-06-03,5,EVRG,LNT,14.9931,12.3703,0.0,0,0.0,0.0,0.0,HOLD_CASH
2011-06-06,5,EVRG,LNT,14.9422,12.2719,0.0,0,0.0,0.0,0.0,HOLD_CASH
2011-06-07,5,EVRG,LNT,15.0568,12.2719,0.0,0,0.0,0.0,0.0,HOLD_CASH
2011-06-08,5,EVRG,LNT,15.1026,12.3057,0.0,0,0.0,0.0,0.0,HOLD_CASH
2011-06-09,5,EVRG,LNT,15.0625,12.2719,0.0,0,0.0,0.0,0.0,HOLD_CASH
2011-06-10,5,EVRG,LNT,14.988,12.1857,0.0,0,0.0,0.0,0.0,HOLD_CASH
2011-06-13,5,EVRG,LNT,15.0339,12.1673,0.0,0,0.0,0.0,0.0,HOLD_CASH
2011-06-14,5,EVRG,LNT,15.0682,12.2842,0.0,0,0.0,0.0,0.0,HOLD_CASH
2011-06-15,5,EVRG,LNT,14.9479,12.115,0.0,0,0.0,0.0,0.0,HOLD_CASH
2011-06-16,5,EVRG,LNT,15.0682,12.1427,0.0,0,0.0,0.0,0.0,HOLD_CASH
2011-06-17,5,EVRG,LNT,15.2057,12.2227,0.0,0,0.0,0.0,0.0,HOLD_CASH
2011-06-20,5,EVRG,LNT,15.286,12.3888,0.0,0,0.0,0.0,0.0,HOLD_CASH
2011-06-21,5,EVRG,LNT,15.3203,12.4226,0.0,0,0.0,0.0,0.0,HOLD_CASH
2011-06-22,5,EVRG,LNT,15.1542,12.3426,0.0,0,0.0,0.0,0.0,HOLD_CASH
2011-06-23,5,EVRG,LNT,15.0281,12.235,0.0,0,0.0,0.0,0.0,HOLD_CASH
2011-06-24,5,EVRG,LNT,15.0682,12.2503,0.0,0,0.0,0.0,0.0,HOLD_CASH
2011-06-27,5,EVRG,LNT,15.1542,12.3242,0.0,0,0.0,0.0,0.0,HOLD_CASH
2011-06-28,5,EVRG,LNT,15.2688,12.3734,0.0,0,0.0,0.0,0.0,HOLD_CASH
2011-06-29,5,EVRG,LNT,15.4005,12.4165,0.0,0,0.0,0.0,0.0,HOLD_CASH
2011-06-30,5,EVRG,LNT,15.4177,12.5088,0.2674,0,0.0,0.0,0.0,HOLD_CASH
2011-07-01,5,EVRG,LNT,15.5896,12.7426,-1.2509,0,0.0,0.0,0.0,HOLD_CASH
2011-07-05,5,EVRG,LNT,15.5037,12.7026,-1.8415,0,0.0,0.0,0.0,HOLD_CASH
2011-07-06,5,EVRG,LNT,15.5782,12.8626,-2.642,1,0.0,-0.5,-0.5,ENTER_LONG_A
2011-07-07,5,EVRG,LNT,15.5896,12.8687,-2.1574,1,0.0643,-0.5,-0.4357,HOLDING
2011-07-08,5,EVRG,LNT,15.5094,12.8564,-2.2446,1,-0.9838,-0.5,-1.4838,HOLDING
2011-07-11,5,EVRG,LNT,15.3604,12.6564,-1.3508,1,0.5121,-0.5,0.0121,HOLDING
2011-07-12,5,EVRG,LNT,15.4464,12.681,-0.8406,1,1.413,-0.5,0.913,HOLDING
2011-07-13,5,EVRG,LNT,15.349,12.6318,-1.0358,1,0.8067,-0.5,0.3067,HOLDING
2011-07-14,5,EVRG,LNT,15.2115,12.4842,-0.6562,1,1.47,-0.5,0.97,HOLDING
2011-07-15,5,EVRG,LNT,15.2115,12.5518,-1.1523,1,0.1548,-0.5,-0.3452,HOLDING
2011-07-18,5,EVRG,LNT,15.0052,12.3426,-0.7213,1,0.9106,-0.5,0.4106,HOLDING
2011-07-19,5,EVRG,LNT,15.1084,12.4626,-0.9746,1,0.2336,-0.5,-0.2664,HOLDING
2011-07-20,5,EVRG,LNT,15.1599,12.5549,-1.33,1,-0.7327,-0.5,-1.2327,HOLDING
2011-07-21,5,EVRG,LNT,15.3547,12.6933,-0.9988,1,-0.2972,-0.5,-0.7972,HOLDING
2011-07-22,5,EVRG,LNT,15.2745,12.6072,-0.7249,1,0.0898,-0.5,-0.4102,HOLDING
2011-07-25,5,EVRG,LNT,15.263,12.5764,-0.4445,1,0.5039,-0.5,0.0039,HOLDING
2011-07-26,5,EVRG,LNT,15.2172,12.478,0.2448,1,1.6815,-0.5,1.1815,HOLDING
2011-07-27,5,EVRG,LNT,15.0797,12.377,0.225,1,1.4389,-0.5,0.9389,HOLDING
2011-07-28,5,EVRG,LNT,14.9078,12.3241,-0.8805,1,-0.2922,-0.5,-0.7922,HOLDING
2011-07-29,5,EVRG,LNT,14.7875,12.2526,-1.4309,1,-0.8333,-0.5,-1.3333,HOLDING
2011-08-01,5,EVRG,LNT,14.8161,12.3397,-2.3573,1,-2.0656,-0.5,-2.5656,HOLDING
2011-08-02,5,EVRG,LNT,14.7188,12.1904,-0.9395,1,-0.7281,-0.5,-1.2281,HOLDING
2011-08-03,5,EVRG,LNT,14.6271,12.1966,-2.1617,1,-2.3201,-0.5,-2.8201,HOLDING
2011-08-04,5,EVRG,LNT,14.1916,11.5406,2.4971,1,3.4423,-0.5,2.9423,HOLDING
2011-08-05,5,EVRG,LNT,13.8192,11.4505,-0.783,1,-0.7818,-0.5,-1.2818,HOLDING
2011-08-08,5,EVRG,LNT,13.0401,10.6639,1.3747,1,2.0019,-0.5,1.5019,HOLDING
2011-08-09,5,EVRG,LNT,13.8708,11.3106,1.6764,1,2.765,-0.5,2.265,HOLDING
2011-08-10,5,EVRG,LNT,13.613,11.1769,0.5901,1,1.2259,-0.5,0.7259,HOLDING
2011-08-11,5,EVRG,LNT,14.2547,11.6557,1.1617,1,2.2177,-0.5,1.7177,HOLDING
2011-08-12,5,EVRG,LNT,14.0713,11.6339,-0.4764,1,-0.3014,-0.5,-0.8014,HOLDING
2011-08-15,5,EVRG,LNT,14.5297,12.1562,-1.8959,1,-3.0976,-0.5,-3.5976,HOLDING
2011-08-16,5,EVRG,LNT,14.5411,12.0567,-0.6528,1,-0.98,-0.5,-1.48,HOLDING
2011-08-17,5,EVRG,LNT,14.6271,12.1997,-1.3237,1,-2.3806,-0.5,-2.8806,HOLDING
2011-08-18,5,EVRG,LNT,14.4094,11.8453,0.465,1,1.0143,-0.5,0.5143,HOLDING
2011-08-19,5,EVRG,LNT,14.2604,11.7862,-0.2027,1,-0.2282,-0.5,-0.7282,HOLDING
2011-08-22,5,EVRG,LNT,14.1859,11.6743,0.3282,1,0.7519,-0.5,0.2519,HOLDING
2011-08-23,5,EVRG,LNT,14.5927,12.094,-0.4918,1,-0.8777,-0.5,-1.3777,HOLDING
2011-08-24,5,EVRG,LNT,14.8333,12.4391,-1.7136,1,-3.7234,-0.5,-4.2234,HOLDING
2011-08-25,5,EVRG,LNT,14.587,12.2588,-1.7107,1,-4.1722,-0.5,-4.6722,HOLDING
2011-08-26,5,EVRG,LNT,14.6271,12.2713,-1.3803,1,-3.7705,-0.5,-4.2705,HOLDING
2011-08-29,5,EVRG,LNT,15.0281,12.5417,-0.8294,1,-2.5913,-0.5,-3.0913,HOLDING
2011-08-30,5,EVRG,LNT,15.0854,12.5573,-0.5406,1,-1.974,-0.5,-2.474,HOLDING
2011-08-31,5,EVRG,LNT,15.2688,12.6132,0.1792,1,-0.1196,-0.5,-0.6196,HOLDING
2011-09-01,5,EVRG,LNT,15.1026,12.4578,0.4374,1,0.2355,-0.5,-0.2645,HOLDING
2011-09-02,5,EVRG,LNT,14.9021,12.2091,1.0921,1,1.8516,-0.5,1.3516,HOLDING
2011-09-06,5,EVRG,LNT,14.6844,12.1718,-0.091,1,-0.9173,-0.5,-1.4173,HOLDING
2011-09-07,5,EVRG,LNT,14.8584,12.3334,-0.1643,1,-1.2662,-0.5,-1.7662,HOLDING
2011-09-08,5,EVRG,LNT,14.783,12.2961,-0.3514,1,-1.7515,-0.5,-2.2515,HOLDING
2011-09-09,5,EVRG,LNT,14.4813,11.9479,0.8126,1,0.1748,-0.5,-0.3252,HOLDING
2011-09-12,5,EVRG,LNT,14.6264,11.9852,1.594,1,1.7773,-0.5,1.2773,HOLDING
2011-09-13,5,EVRG,LNT,14.8178,12.15,1.3539,1,1.6473,-0.5,1.1473,HOLDING
2011-09-14,5,EVRG,LNT,14.9919,12.2308,1.7325,1,2.8696,-0.5,2.3696,HOLDING
2011-09-15,5,EVRG,LNT,15.1253,12.3459,1.4807,1,2.775,-0.5,2.275,HOLDING
2011-09-16,5,EVRG,LNT,15.224,12.4454,1.2392,1,2.4244,-0.5,1.9244,HOLDING
2011-09-19,5,EVRG,LNT,15.224,12.4422,1.1597,1,2.4848,-0.5,1.9848,HOLDING
2011-09-20,5,EVRG,LNT,15.4502,12.4764,2.0411,1,5.4511,-0.5,4.9511,HOLDING
2011-09-21,5,EVRG,LNT,15.3806,12.1687,2.8006,1,10.3162,-0.5,9.8162,HOLDING
2011-09-22,5,EVRG,LNT,15.3052,11.9262,2.8189,1,13.8191,-0.5,13.3191,HOLDING
2011-09-23,5,EVRG,LNT,15.2878,11.9821,2.1077,1,12.4521,-0.5,11.9521,HOLDING
2011-09-26,5,EVRG,LNT,15.4154,12.0132,2.0315,1,13.8962,-0.5,13.3962,HOLDING
2011-09-27,5,EVRG,LNT,15.4734,12.1438,1.5173,1,12.2895,-0.5,11.7895,HOLDING
2011-09-28,5,EVRG,LNT,15.3922,11.9697,1.6817,1,14.3697,-0.5,13.8697,HOLDING
2011-09-29,5,EVRG,LNT,15.572,12.0847,1.5544,1,15.0203,-0.5,14.5203,HOLDING
2011-09-30,5,EVRG,LNT,15.3284,12.0256,1.015,1,12.2579,-0.5,11.7579,HOLDING
2011-10-03,5,EVRG,LNT,14.8642,11.8049,0.4759,1,9.0996,-0.5,8.5996,HOLDING
2011-10-04,5,EVRG,LNT,14.9164,11.7334,0.7721,1,11.3273,-0.5,10.8273,HOLDING
2011-10-05,5,EVRG,LNT,15.0325,11.8204,0.7075,1,11.4975,-0.5,10.9975,HOLDING
2011-10-06,5,EVRG,LNT,15.3342,12.0256,0.7459,1,12.3509,-0.5,11.8509,HOLDING
2011-10-07,5,EVRG,LNT,15.3168,12.1065,0.3114,1,10.5005,-0.5,10.0005,HOLDING
2011-10-10,5,EVRG,LNT,15.5837,12.2899,0.3471,1,11.2182,-0.5,10.7182,HOLDING
2011-10-11,5,EVRG,LNT,15.4328,12.2215,0.0446,1,10.127,-0.5,9.627,HOLDING
2011-10-12,5,EVRG,LNT,15.4328,12.3179,-0.4974,1,8.2537,-0.5,7.7537,HOLDING
2011-10-13,5,EVRG,LNT,15.5256,12.4049,-0.6875,1,8.0514,-0.5,7.5514,HOLDING
2011-10-14,5,EVRG,LNT,15.514,12.607,-1.9227,1,3.9373,-0.5,3.4373,HOLDING
2011-10-17,5,EVRG,LNT,15.4792,12.4951,-1.65,1,5.5543,-0.5,5.0543,HOLDING
2011-10-18,5,EVRG,LNT,15.6359,12.6599,-1.8385,1,4.8655,-0.5,4.3655,HOLDING
2011-10-19,5,EVRG,LNT,15.7229,12.6195,-1.0861,1,7.0476,-0.5,6.5476,HOLDING
2011-10-20,5,EVRG,LNT,15.8447,12.6443,-0.5925,1,8.5194,-0.5,8.0194,HOLDING
2011-10-21,5,EVRG,LNT,15.984,12.8744,-1.1582,1,6.2826,-0.5,5.7826,HOLDING
2011-10-24,5,EVRG,LNT,15.9492,12.9863,-1.7147,1,3.5484,-0.5,3.0484,HOLDING
2011-10-25,5,EVRG,LNT,15.6939,12.5666,-0.4804,1,7.6093,-0.5,7.1093,HOLDING
2011-10-26,5,EVRG,LNT,15.7345,12.6847,-0.8803,1,5.9649,-0.5,5.4649,HOLDING
2011-10-27,5,EVRG,LNT,16.0014,12.9062,-0.8549,1,5.9428,-0.5,5.4428,HOLDING
2011-10-28,5,EVRG,LNT,15.9202,12.9,-1.1307,1,4.7615,-0.5,4.2615,HOLDING
2011-10-31,5,EVRG,LNT,15.8157,12.812,-1.0044,1,4.7954,-0.5,4.2954,HOLDING
2011-11-01,5,EVRG,LNT,15.4444,12.4161,-0.2936,1,6.5303,-0.5,6.0303,HOLDING
2011-11-02,5,EVRG,LNT,15.8621,12.7115,0.0787,1,7.4941,-0.5,6.9941,HOLDING
2011-11-03,5,EVRG,LNT,16.013,12.9911,-1.0603,1,4.4802,-0.5,3.9802,HOLDING
2011-11-04,5,EVRG,LNT,15.8215,12.856,-1.1448,1,4.0332,-0.5,3.5332,HOLDING
2011-11-07,5,EVRG,LNT,15.8215,13.0476,-2.4872,1,0.3085,-0.5,-0.1915,HOLDING
2011-11-08,5,EVRG,LNT,15.8912,13.1607,-2.4847,1,-0.7724,-0.5,-1.2724,HOLDING
2011-11-09,5,EVRG,LNT,15.6417,13.0351,-2.4679,1,-2.3335,-0.5,-2.8335,HOLDING
2011-11-10,5,EVRG,LNT,15.6823,13.0068,-1.7882,1,-1.1322,-0.5,-1.6322,HOLDING
2011-11-11,5,EVRG,LNT,15.9782,13.2927,-1.766,1,-1.9405,-0.5,-2.4405,HOLDING
2011-11-14,5,EVRG,LNT,15.8157,13.0288,-0.9444,1,0.582,-0.5,0.082,HOLDING
2011-11-15,5,EVRG,LNT,15.868,13.2424,-1.6425,1,-2.7324,-0.5,-3.2324,HOLDING
2011-11-16,5,EVRG,LNT,15.6417,13.1293,-1.7589,1,-4.1654,-0.5,-4.6654,HOLDING
2011-11-17,5,EVRG,LNT,15.5488,13.1042,-1.7741,1,-5.1667,-0.5,-5.6667,HOLDING
2011-11-18,5,EVRG,LNT,15.7635,13.0885,-0.7869,1,-1.4162,-0.5,-1.9162,HOLDING
2011-11-21,5,EVRG,LNT,15.5837,12.9659,-0.8347,1,-1.9212,-0.5,-2.4212,HOLDING
2011-11-22,5,EVRG,LNT,15.3284,12.8528,-1.1898,1,-3.8198,-0.5,-4.3198,HOLDING
2011-11-23,5,EVRG,LNT,15.0673,12.6643,-1.2111,1,-4.3457,-0.5,-4.8457,HOLDING
2011-11-25,5,EVRG,LNT,15.0789,12.6895,-1.1693,1,-4.648,-0.5,-5.148,HOLDING
2011-11-28,5,EVRG,LNT,15.3168,12.79,-0.6094,1,-2.7846,-0.5,-3.2846,HOLDING
2011-11-29,5,EVRG,LNT,15.6243,12.9062,0.1583,1,-0.1092,-0.5,-0.6092,HOLDING
2011-11-30,5,EVRG,LNT,16.0246,13.2613,0.1495,1,0.0,-1.5999,-1.5999,PERIOD_END_EXIT
2011-06-03,6,PNW,WEC,24.5365,18.9412,0.0,0,0.0,0.0,0.0,HOLD_CASH
2011-06-06,6,PNW,WEC,24.4016,18.812,0.0,0,0.0,0.0,0.0,HOLD_CASH
2011-06-07,6,PNW,WEC,24.4803,18.9658,0.0,0,0.0,0.0,0.0,HOLD_CASH
2011-06-08,6,PNW,WEC,24.4859,19.1011,0.0,0,0.0,0.0,0.0,HOLD_CASH
2011-06-09,6,PNW,WEC,24.3567,18.9842,0.0,0,0.0,0.0,0.0,HOLD_CASH
2011-06-10,6,PNW,WEC,24.2387,18.8612,0.0,0,0.0,0.0,0.0,HOLD_CASH
2011-06-13,6,PNW,WEC,24.2331,18.9658,0.0,0,0.0,0.0,0.0,HOLD_CASH
2011-06-14,6,PNW,WEC,24.469,19.0396,0.0,0,0.0,0.0,0.0,HOLD_CASH
2011-06-15,6,PNW,WEC,24.2331,18.8366,0.0,0,0.0,0.0,0.0,HOLD_CASH
2011-06-16,6,PNW,WEC,24.469,18.9658,0.0,0,0.0,0.0,0.0,HOLD_CASH
2011-06-17,6,PNW,WEC,24.6376,19.1996,0.0,0,0.0,0.0,0.0,HOLD_CASH
2011-06-20,6,PNW,WEC,24.8174,19.2611,0.0,0,0.0,0.0,0.0,HOLD_CASH
2011-06-21,6,PNW,WEC,24.8848,19.2242,0.0,0,0.0,0.0,0.0,HOLD_CASH
2011-06-22,6,PNW,WEC,24.7556,19.0765,0.0,0,0.0,0.0,0.0,HOLD_CASH
2011-06-23,6,PNW,WEC,24.5702,18.8981,0.0,0,0.0,0.0,0.0,HOLD_CASH
2011-06-24,6,PNW,WEC,24.5646,18.8735,0.0,0,0.0,0.0,0.0,HOLD_CASH
2011-06-27,6,PNW,WEC,24.8062,19.0458,0.0,0,0.0,0.0,0.0,HOLD_CASH
2011-06-28,6,PNW,WEC,24.9241,19.1934,0.0,0,0.0,0.0,0.0,HOLD_CASH
2011-06-29,6,PNW,WEC,24.9691,19.2119,0.0,0,0.0,0.0,0.0,HOLD_CASH
2011-06-30,6,PNW,WEC,25.0478,19.2857,0.9058,0,0.0,0.0,0.0,HOLD_CASH
2011-07-01,6,PNW,WEC,25.3399,19.581,0.3037,0,0.0,0.0,0.0,HOLD_CASH
2011-07-05,6,PNW,WEC,25.2332,19.4518,0.7118,0,0.0,0.0,0.0,HOLD_CASH
2011-07-06,6,PNW,WEC,25.1995,19.4272,0.6505,0,0.0,0.0,0.0,HOLD_CASH
2011-07-07,6,PNW,WEC,25.2613,19.5379,0.0349,0,0.0,0.0,0.0,HOLD_CASH
2011-07-08,6,PNW,WEC,25.1601,19.4579,-0.0195,0,0.0,0.0,0.0,HOLD_CASH
2011-07-11,6,PNW,WEC,24.8511,19.1996,0.1063,0,0.0,0.0,0.0,HOLD_CASH
2011-07-12,6,PNW,WEC,25.0478,19.3718,-0.2589,0,0.0,0.0,0.0,HOLD_CASH
2011-07-13,6,PNW,WEC,24.9354,19.2918,-0.446,0,0.0,0.0,0.0,HOLD_CASH
2011-07-14,6,PNW,WEC,24.6601,19.1565,-1.5132,0,0.0,0.0,0.0,HOLD_CASH
2011-07-15,6,PNW,WEC,24.6657,19.2611,-2.3605,1,0.0,-0.5,-0.5,ENTER_LONG_A
2011-07-18,6,PNW,WEC,24.3454,19.1134,-2.8641,1,-1.3296,-0.5,-1.8296,HOLDING
2011-07-19,6,PNW,WEC,24.6825,19.298,-1.8638,1,-0.3083,-0.5,-0.8083,HOLDING
2011-07-20,6,PNW,WEC,24.7443,19.3964,-1.9359,1,-0.9593,-0.5,-1.4593,HOLDING
2011-07-21,6,PNW,WEC,25.0815,19.6302,-1.5024,1,-0.5767,-0.5,-1.0767,HOLDING
2011-07-22,6,PNW,WEC,24.941,19.5256,-1.3747,1,-0.6429,-0.5,-1.1429,HOLDING
2011-07-25,6,PNW,WEC,24.7612,19.4579,-1.6613,1,-1.5869,-0.5,-2.0869,HOLDING
2011-07-26,6,PNW,WEC,24.5702,19.2549,-1.1865,1,-0.8882,-0.5,-1.3882,HOLDING
2011-07-27,6,PNW,WEC,24.2949,19.2365,-2.1262,1,-3.439,-0.5,-3.939,HOLDING
2011-07-28,6,PNW,WEC,24.184,19.0519,-1.3733,1,-2.1677,-0.5,-2.6677,HOLDING
2011-07-29,6,PNW,WEC,24.0873,18.8551,-0.546,1,-0.5928,-0.5,-1.0928,HOLDING
2011-08-01,6,PNW,WEC,23.9735,18.8551,-1.022,1,-1.7457,-0.5,-2.2457,HOLDING
2011-08-02,6,PNW,WEC,23.5526,18.5721,-1.2248,1,-2.3387,-0.5,-2.8387,HOLDING
2011-08-03,6,PNW,WEC,23.4559,18.4613,-0.9081,1,-1.8814,-0.5,-2.3814,HOLDING
2011-08-04,6,PNW,WEC,22.6369,17.9261,-1.5452,1,-3.236,-0.5,-3.736,HOLDING
2011-08-05,6,PNW,WEC,22.7564,18.2153,-2.4137,1,-5.7782,-0.5,-6.2782,HOLDING
2011-08-08,6,PNW,WEC,21.6018,17.1879,-1.5698,1,-4.1463,-0.5,-4.6463,HOLDING
2011-08-09,6,PNW,WEC,22.5345,17.7108,-0.0301,1,-1.4791,-0.5,-1.9791,HOLDING
2011-08-10,6,PNW,WEC,22.1478,17.6798,-1.8746,1,-4.9962,-0.5,-5.4962,HOLDING
2011-08-11,6,PNW,WEC,23.5469,18.5613,-0.1283,1,-2.2564,-0.5,-2.7564,HOLDING
2011-08-12,6,PNW,WEC,23.3365,18.4496,-0.4801,1,-2.9391,-0.5,-3.4391,HOLDING
2011-08-15,6,PNW,WEC,24.0361,19.0083,-0.4711,1,-3.1001,-0.5,-3.6001,HOLDING
2011-08-16,6,PNW,WEC,23.9792,18.9089,0.0237,1,-2.3874,-0.5,-2.8874,HOLDING
2011-08-17,6,PNW,WEC,24.1043,19.1262,-0.8592,1,-3.9393,-0.5,-4.4393,HOLDING
2011-08-18,6,PNW,WEC,23.8598,18.9214,-0.6902,1,-3.7591,-0.5,-4.2591,HOLDING
2011-08-19,6,PNW,WEC,23.7517,18.7227,0.3663,1,-2.2763,-0.5,-2.7763,HOLDING
2011-08-22,6,PNW,WEC,23.5754,18.7724,-1.2339,1,-4.7078,-0.5,-5.2078,HOLDING
2011-08-23,6,PNW,WEC,24.1896,19.2566,-1.0892,1,-4.7667,-0.5,-5.2667,HOLDING
2011-08-24,6,PNW,WEC,24.7129,19.5483,0.0072,1,-3.25,-0.5,-3.75,HOLDING
2011-08-25,6,PNW,WEC,24.4456,19.1324,1.6756,1,-0.561,-0.5,-1.061,HOLDING
2011-08-26,6,PNW,WEC,24.474,19.2255,1.1551,1,-1.4812,-0.5,-1.9812,HOLDING
2011-08-29,6,PNW,WEC,25.02,19.5421,1.8965,1,-0.0566,-0.5,-0.5566,HOLDING
2011-08-30,6,PNW,WEC,24.9916,19.5359,1.5863,1,-0.2643,-0.5,-0.7643,HOLDING
2011-08-31,6,PNW,WEC,25.1622,19.6415,1.6173,1,0.0955,-0.5,-0.4045,HOLDING
2011-09-01,6,PNW,WEC,24.8892,19.4987,1.0276,1,-0.8185,-0.5,-1.3185,HOLDING
2011-09-02,6,PNW,WEC,24.5593,19.2504,0.886,1,-0.939,-0.5,-1.439,HOLDING
2011-09-06,6,PNW,WEC,24.4058,19.12,0.8702,1,-0.8034,-0.5,-1.3034,HOLDING
2011-09-07,6,PNW,WEC,24.656,19.4987,-0.4531,1,-3.182,-0.5,-3.682,HOLDING
2011-09-08,6,PNW,WEC,24.548,19.3994,-0.4642,1,-2.9879,-0.5,-3.4879,HOLDING
2011-09-09,6,PNW,WEC,23.8313,18.9089,-1.0235,1,-3.8863,-0.5,-4.3863,HOLDING
2011-09-12,6,PNW,WEC,24.0247,19.0766,-1.0754,1,-4.1017,-0.5,-4.6017,HOLDING
2011-09-13,6,PNW,WEC,24.3148,19.2566,-0.6666,1,-3.4984,-0.5,-3.9984,HOLDING
2011-09-14,6,PNW,WEC,24.5935,19.3559,0.2556,1,-1.9628,-0.5,-2.4628,HOLDING
2011-09-15,6,PNW,WEC,24.821,19.6166,-0.4072,1,-3.041,-0.5,-3.541,HOLDING
2011-09-16,6,PNW,WEC,25.1452,19.6911,0.9025,1,-0.722,-0.5,-1.222,HOLDING
2011-09-19,6,PNW,WEC,24.929,19.6353,0.0097,1,-2.1875,-0.5,-2.6875,HOLDING
2011-09-20,6,PNW,WEC,25.3272,19.7966,1.0924,1,-0.247,-0.5,-0.747,HOLDING
2011-09-21,6,PNW,WEC,24.7243,19.449,-0.0317,1,-1.8456,-0.5,-2.3456,HOLDING
2011-09-22,6,PNW,WEC,24.275,19.002,0.7617,1,-0.5983,-0.5,-1.0983,HOLDING
2011-09-23,6,PNW,WEC,24.4854,19.3745,-1.0738,1,-3.2998,-0.5,-3.7998,HOLDING
2011-09-26,6,PNW,WEC,24.457,19.3435,-0.9139,1,-3.1853,-0.5,-3.6853,HOLDING
2011-09-27,6,PNW,WEC,24.474,19.3745,-0.9738,1,-3.4151,-0.5,-3.9151,HOLDING
2011-09-28,6,PNW,WEC,24.1612,19.2131,-1.578,1,-4.4908,-0.5,-4.9908,HOLDING
2011-09-29,6,PNW,WEC,24.5764,19.598,-1.8338,1,-5.2781,-0.5,-5.7781,HOLDING
2011-09-30,6,PNW,WEC,24.4228,19.4242,-1.2518,1,-4.5785,-0.5,-5.0785,HOLDING
2011-10-03,6,PNW,WEC,23.8427,19.3,-2.9534,1,-8.8471,-0.5,-9.3471,HOLDING
2011-10-04,6,PNW,WEC,24.0645,18.8531,1.1606,1,-0.7975,-0.5,-1.2975,HOLDING
2011-10-05,6,PNW,WEC,24.1157,19.0145,0.3353,1,-2.3736,-0.5,-2.8736,HOLDING
2011-10-06,6,PNW,WEC,24.5309,19.5421,-0.8869,1,-5.0142,-0.5,-5.5142,HOLDING
2011-10-07,6,PNW,WEC,24.4911,19.5483,-1.0589,1,-5.4981,-0.5,-5.9981,HOLDING
2011-10-10,6,PNW,WEC,25.2021,19.8587,0.4307,1,-2.3209,-0.5,-2.8209,HOLDING
2011-10-11,6,PNW,WEC,25.0144,19.5856,1.0869,1,-0.6781,-0.5,-1.1781,HOLDING
2011-10-12,6,PNW,WEC,25.1736,19.5483,1.7912,1,1.4194,-0.5,0.9194,HOLDING
2011-10-13,6,PNW,WEC,25.2134,19.6353,1.3404,1,0.6949,-0.5,0.1949,HOLDING
2011-10-14,6,PNW,WEC,25.4011,19.7656,1.3408,1,0.9053,-0.5,0.4053,HOLDING
2011-10-17,6,PNW,WEC,25.2987,19.6539,1.3577,1,1.3178,-0.5,0.8178,HOLDING
2011-10-18,6,PNW,WEC,25.6343,19.8649,1.4767,1,1.9796,-0.5,1.4796,HOLDING
2011-10-19,6,PNW,WEC,25.7708,20.0636,0.9978,1,0.7847,-0.5,0.2847,HOLDING
2011-10-20,6,PNW,WEC,25.8789,20.0946,1.1526,1,1.4771,-0.5,0.9771,HOLDING
2011-10-21,6,PNW,WEC,26.2543,20.4236,0.9129,1,1.0114,-0.5,0.5114,HOLDING
2011-10-24,6,PNW,WEC,26.2429,20.6347,0.0216,1,-1.8434,-0.5,-2.3434,HOLDING
2011-10-25,6,PNW,WEC,25.8391,20.1567,0.6058,1,0.2679,-0.5,-0.2321,HOLDING
2011-10-26,6,PNW,WEC,25.9301,20.1629,0.782,1,1.1097,-0.5,0.6097,HOLDING
2011-10-27,6,PNW,WEC,26.7434,20.734,0.9298,1,1.9405,-0.5,1.4405,HOLDING
2011-10-28,6,PNW,WEC,26.7233,20.3864,1.9538,1,6.2486,-0.5,5.7486,HOLDING
2011-10-31,6,PNW,WEC,26.2171,20.1319,1.486,1,4.4219,-0.5,3.9219,HOLDING
2011-11-01,6,PNW,WEC,25.5441,19.598,1.394,1,4.5304,-0.5,4.0304,HOLDING
2011-11-02,6,PNW,WEC,26.3206,20.0698,1.6909,1,6.2769,-0.5,5.7769,HOLDING
2011-11-03,6,PNW,WEC,26.8038,20.3367,1.9143,1,7.7092,-0.5,7.2092,HOLDING
2011-11-04,6,PNW,WEC,26.6025,20.3119,1.3597,1,5.9912,-0.5,5.4912,HOLDING
2011-11-07,6,PNW,WEC,26.6427,20.4174,0.9286,1,5.0295,-0.5,4.5295,HOLDING
2011-11-08,6,PNW,WEC,26.8556,20.585,0.8198,1,5.0111,-0.5,4.5111,HOLDING
2011-11-09,6,PNW,WEC,26.2056,20.097,0.6987,1,4.7577,-0.5,4.2577,HOLDING
2011-11-10,6,PNW,WEC,26.4299,20.3723,0.1271,1,3.4581,-0.5,2.9581,HOLDING
2011-11-11,6,PNW,WEC,26.9648,20.7415,0.2899,1,4.0883,-0.5,3.5883,HOLDING
2011-11-14,6,PNW,WEC,26.6427,20.3911,0.7473,1,5.3715,-0.5,4.8715,HOLDING
2011-11-15,6,PNW,WEC,26.7118,20.585,-0.0184,1,3.5536,-0.5,3.0536,HOLDING
2011-11-16,6,PNW,WEC,26.4414,20.4036,-0.2162,1,3.1687,-0.5,2.6687,HOLDING
2011-11-17,6,PNW,WEC,26.3206,20.2347,0.149,1,4.1371,-0.5,3.6371,HOLDING
2011-11-18,6,PNW,WEC,26.6485,20.4161,0.4731,1,5.1049,-0.5,4.6049,HOLDING
2011-11-21,6,PNW,WEC,26.4644,20.1346,1.3266,1,6.8939,-0.5,6.3939,HOLDING
2011-11-22,6,PNW,WEC,26.0963,19.8968,0.9845,1,6.2488,-0.5,5.7488,HOLDING
2011-11-23,6,PNW,WEC,25.6937,19.7091,-0.1389,1,4.6042,-0.5,4.1042,HOLDING
2011-11-25,6,PNW,WEC,25.6362,19.9656,-2.7029,1,0.6916,-0.5,0.1916,HOLDING
2011-11-28,6,PNW,WEC,26.0503,20.0219,-0.3665,1,4.1583,-0.5,3.6583,HOLDING
2011-11-29,6,PNW,WEC,26.5162,20.2409,0.7712,1,6.0382,-0.5,5.5382,HOLDING
2011-11-30,6,PNW,WEC,27.2697,20.7602,1.1269,1,0.0,5.8889,5.8889,PERIOD_END_EXIT
2011-06-03,7,AJG,CINF,20.1322,18.4813,0.0,0,0.0,0.0,0.0,HOLD_CASH
2011-06-06,7,AJG,CINF,20.0755,18.3181,0.0,0,0.0,0.0,0.0,HOLD_CASH
2011-06-07,7,AJG,CINF,20.1748,18.3809,0.0,0,0.0,0.0,0.0,HOLD_CASH
2011-06-08,7,AJG,CINF,20.0755,18.2428,0.0,0,0.0,0.0,0.0,HOLD_CASH
2011-06-09,7,AJG,CINF,20.1109,18.4687,0.0,0,0.0,0.0,0.0,HOLD_CASH
2011-06-10,7,AJG,CINF,19.8201,18.3244,0.0,0,0.0,0.0,0.0,HOLD_CASH
2011-06-13,7,AJG,CINF,20.04,18.1172,0.0,0,0.0,0.0,0.0,HOLD_CASH
2011-06-14,7,AJG,CINF,20.118,18.3432,0.0,0,0.0,0.0,0.0,HOLD_CASH
2011-06-15,7,AJG,CINF,19.8839,18.0168,0.0,0,0.0,0.0,0.0,HOLD_CASH
2011-06-16,7,AJG,CINF,19.9478,18.1298,0.0,0,0.0,0.0,0.0,HOLD_CASH
2011-06-17,7,AJG,CINF,19.9336,18.1298,0.0,0,0.0,0.0,0.0,HOLD_CASH
2011-06-20,7,AJG,CINF,19.969,18.1679,0.0,0,0.0,0.0,0.0,HOLD_CASH
2011-06-21,7,AJG,CINF,20.1606,18.1679,0.0,0,0.0,0.0,0.0,HOLD_CASH
2011-06-22,7,AJG,CINF,20.04,18.0406,0.0,0,0.0,0.0,0.0,HOLD_CASH
2011-06-23,7,AJG,CINF,19.9761,17.9388,0.0,0,0.0,0.0,0.0,HOLD_CASH
2011-06-24,7,AJG,CINF,19.8768,17.907,0.0,0,0.0,0.0,0.0,HOLD_CASH
2011-06-27,7,AJG,CINF,19.8059,18.047,0.0,0,0.0,0.0,0.0,HOLD_CASH
2011-06-28,7,AJG,CINF,20.1146,18.117,0.0,0,0.0,0.0,0.0,HOLD_CASH
2011-06-29,7,AJG,CINF,20.4233,18.4544,0.0,0,0.0,0.0,0.0,HOLD_CASH
2011-06-30,7,AJG,CINF,20.4879,18.5754,0.2354,0,0.0,0.0,0.0,HOLD_CASH
2011-07-01,7,AJG,CINF,20.6243,18.76,-0.2733,0,0.0,0.0,0.0,HOLD_CASH
2011-07-05,7,AJG,CINF,20.5668,18.5881,0.5654,0,0.0,0.0,0.0,HOLD_CASH
2011-07-06,7,AJG,CINF,20.6817,18.5181,1.6422,0,0.0,0.0,0.0,HOLD_CASH
2011-07-07,7,AJG,CINF,20.854,18.709,1.2453,0,0.0,0.0,0.0,HOLD_CASH
2011-07-08,7,AJG,CINF,20.6745,18.4735,1.5985,0,0.0,0.0,0.0,HOLD_CASH
2011-07-11,7,AJG,CINF,20.3658,18.1234,2.1323,-1,0.0,-0.5,-0.5,ENTER_SHORT_A
2011-07-12,7,AJG,CINF,20.4807,18.1107,2.3903,-1,-1.5856,-0.5,-2.0856,HOLDING
2011-07-13,7,AJG,CINF,20.3658,18.0597,1.7939,-1,-0.8781,-0.5,-1.3781,HOLDING
2011-07-14,7,AJG,CINF,20.1576,17.8751,1.5718,-1,-0.8692,-0.5,-1.3692,HOLDING
2011-07-15,7,AJG,CINF,19.9351,17.7096,1.2416,-1,-0.4206,-0.5,-0.9206,HOLDING
2011-07-18,7,AJG,CINF,19.7485,17.4804,1.4563,-1,-1.2906,-0.5,-1.7906,HOLDING
2011-07-19,7,AJG,CINF,19.3608,17.7351,-1.9583,-1,6.9804,-0.5,6.4804,HOLDING
2011-07-20,7,AJG,CINF,19.3249,17.7542,-1.9245,-1,7.6845,-0.5,7.1845,HOLDING
2011-07-21,7,AJG,CINF,19.8561,18.1934,-1.508,-1,7.2225,-0.5,6.7225,HOLDING
2011-07-22,7,AJG,CINF,19.7772,18.0788,-1.1942,-1,6.6112,-0.5,6.1112,HOLDING
2011-07-25,7,AJG,CINF,19.7772,18.0534,-1.0022,-1,6.26,-0.5,5.76,HOLDING
2011-07-26,7,AJG,CINF,19.7987,18.0088,-0.7406,-1,5.381,-0.5,4.881,HOLDING
2011-07-27,7,AJG,CINF,20.2581,17.6587,2.0972,-1,-5.0884,-0.5,-5.5884,HOLDING
2011-07-28,7,AJG,CINF,20.1864,17.6396,1.6766,-1,-4.4707,-0.5,-4.9707,HOLDING
2011-07-29,7,AJG,CINF,20.1864,17.3977,2.087,-1,-7.8075,-0.5,-8.3075,HOLDING
2011-08-01,7,AJG,CINF,20.3228,17.2385,2.348,-1,-11.6773,-0.5,-12.1773,HOLDING
2011-08-02,7,AJG,CINF,20.1792,16.9012,2.3282,-1,-14.5687,-0.5,-15.0687,HOLDING
2011-08-03,7,AJG,CINF,20.3228,17.1685,1.7219,-1,-12.6431,-0.5,-13.1431,HOLDING
2011-08-04,7,AJG,CINF,19.5762,16.6402,1.3403,-1,-10.7668,-0.5,-11.2668,HOLDING
2011-08-05,7,AJG,CINF,18.9875,16.5319,0.4776,-1,-5.0337,-0.5,-5.5337,HOLDING
2011-08-08,7,AJG,CINF,17.5949,15.3097,0.4591,-1,-4.798,-0.5,-5.298,HOLDING
2011-08-09,7,AJG,CINF,18.7865,16.2073,0.6973,-1,-7.0447,-0.5,-7.5447,HOLDING
2011-08-10,7,AJG,CINF,18.0974,15.297,1.2438,-1,-11.1421,-0.5,-11.6421,HOLDING
2011-08-11,7,AJG,CINF,19.1813,16.3155,0.9537,-1,-10.3985,-0.5,-10.8985,HOLDING
2011-08-12,7,AJG,CINF,19.0234,16.2391,0.7705,-1,-9.5137,-0.5,-10.0137,HOLDING
2011-08-15,7,AJG,CINF,19.4613,16.8375,0.3216,-1,-6.6347,-0.5,-7.1347,HOLDING
2011-08-16,7,AJG,CINF,19.3823,16.7547,0.2744,-1,-6.8069,-0.5,-7.3069,HOLDING
2011-08-17,7,AJG,CINF,19.3465,16.812,0.0122,-1,-5.576,-0.5,-6.076,HOLDING
2011-08-18,7,AJG,CINF,18.7076,16.3664,-0.3454,-1,-3.8801,-0.5,-4.3801,HOLDING
2011-08-19,7,AJG,CINF,18.5425,16.29,-0.6702,-1,-2.9071,-0.5,-3.4071,HOLDING
2011-08-22,7,AJG,CINF,18.6214,16.1882,-0.3691,-1,-5.2814,-0.5,-5.7814,HOLDING
2011-08-23,7,AJG,CINF,19.4398,16.8057,-0.2733,-1,-6.8095,-0.5,-7.3095,HOLDING
2011-08-24,7,AJG,CINF,19.7269,17.2131,-0.9432,-1,-4.7142,-0.5,-5.2142,HOLDING
2011-08-25,7,AJG,CINF,19.569,16.863,-0.088,-1,-7.6055,-0.5,-8.1055,HOLDING
2011-08-26,7,AJG,CINF,19.9136,16.9203,0.8921,-1,-11.0448,-0.5,-11.5448,HOLDING
2011-08-29,7,AJG,CINF,20.3371,17.5823,-0.3166,-1,-7.1115,-0.5,-7.6115,HOLDING
2011-08-30,7,AJG,CINF,20.2007,17.525,-0.506,-1,-6.2275,-0.5,-6.7275,HOLDING
2011-08-31,7,AJG,CINF,20.251,17.7733,-1.3864,-1,-3.4196,-0.5,-3.9196,HOLDING
2011-09-01,7,AJG,CINF,20.0787,17.455,-0.4648,-1,-5.6954,-0.5,-6.1954,HOLDING
2011-09-02,7,AJG,CINF,19.5116,17.1112,-1.2155,-1,-3.4757,-0.5,-3.9757,HOLDING
2011-09-06,7,AJG,CINF,19.2747,16.8884,-1.0744,-1,-3.641,-0.5,-4.141,HOLDING
2011-09-07,7,AJG,CINF,19.9064,17.7032,-1.9991,-1,-0.1559,-0.5,-0.6559,HOLDING
2011-09-08,7,AJG,CINF,19.8131,17.4741,-1.2724,-1,-2.1715,-0.5,-2.6715,HOLDING
2011-09-09,7,AJG,CINF,19.4828,17.1112,-0.8462,-1,-3.1231,-0.5,-3.6231,HOLDING
2011-09-12,7,AJG,CINF,19.4972,17.2385,-1.3524,-1,-1.5432,-0.5,-2.0432,HOLDING
2011-09-13,7,AJG,CINF,19.447,17.2958,-1.666,-1,-0.136,-0.5,-0.636,HOLDING
2011-09-14,7,AJG,CINF,19.648,17.4104,-1.2025,-1,-1.0228,-0.5,-1.5228,HOLDING
2011-09-15,7,AJG,CINF,20.0141,17.6269,-0.6073,-1,-2.5314,-0.5,-3.0314,HOLDING
2011-09-16,7,AJG,CINF,20.3012,17.716,0.1843,-1,-4.827,-0.5,-5.327,HOLDING
2011-09-19,7,AJG,CINF,20.1146,17.3691,1.003,-1,-7.3205,-0.5,-7.8205,HOLDING
2011-09-20,7,AJG,CINF,20.0356,17.6469,-0.6222,-1,-2.5197,-0.5,-3.0197,HOLDING
2011-09-21,7,AJG,CINF,19.3249,16.7361,0.8185,-1,-6.3591,-0.5,-6.8591,HOLDING
2011-09-22,7,AJG,CINF,19.1311,16.4648,1.2383,-1,-7.7222,-0.5,-8.2222,HOLDING
2011-09-23,7,AJG,CINF,19.1167,16.439,1.2829,-1,-7.9024,-0.5,-8.4024,HOLDING
2011-09-26,7,AJG,CINF,19.3823,16.9557,0.0193,-1,-4.0346,-0.5,-4.5346,HOLDING
2011-09-27,7,AJG,CINF,19.4972,17.1559,-0.466,-1,-2.6825,-0.5,-3.1825,HOLDING
2011-09-28,7,AJG,CINF,18.9667,16.7296,-0.6305,-1,-2.0513,-0.5,-2.5513,HOLDING
2011-09-29,7,AJG,CINF,19.5117,17.3045,-1.0844,-1,-0.8116,-0.5,-1.3116,HOLDING
2011-09-30,7,AJG,CINF,19.1121,17.0074,-1.2631,-1,-0.004,-0.5,-0.504,HOLDING
2011-10-03,7,AJG,CINF,18.5598,16.1871,0.5898,-1,-4.5402,-0.5,-5.0402,HOLDING
2011-10-04,7,AJG,CINF,19.2356,16.8201,0.3388,-1,-4.1044,-0.5,-4.6044,HOLDING
2011-10-05,7,AJG,CINF,19.5045,17.2981,-0.998,-1,-0.8114,-0.5,-1.3114,HOLDING
2011-10-06,7,AJG,CINF,19.8533,17.4466,-0.1536,-1,-3.0438,-0.5,-3.5438,HOLDING
2011-10-07,7,AJG,CINF,19.5917,16.9816,1.0507,-1,-6.2478,-0.5,-6.7478,HOLDING
2011-10-10,7,AJG,CINF,20.1658,17.4789,0.9522,-1,-6.4342,-0.5,-6.9342,HOLDING
2011-10-11,7,AJG,CINF,19.9405,17.1172,1.6311,-1,-8.6585,-0.5,-9.1585,HOLDING
2011-10-12,7,AJG,CINF,20.0858,17.1301,1.899,-1,-10.2645,-0.5,-10.7645,HOLDING
2011-10-13,7,AJG,CINF,19.926,17.1107,1.1973,-1,-8.5693,-0.5,-9.0693,HOLDING
2011-10-14,7,AJG,CINF,20.1658,17.2399,1.3915,-1,-9.7311,-0.5,-10.2311,HOLDING
2011-10-17,7,AJG,CINF,19.6353,16.6392,1.8188,-1,-11.5055,-0.5,-12.0055,HOLDING
2011-10-18,7,AJG,CINF,20.3838,17.4143,1.1303,-1,-10.0014,-0.5,-10.5014,HOLDING
2011-10-19,7,AJG,CINF,20.689,17.5306,1.5133,-1,-12.1442,-0.5,-12.6442,HOLDING
2011-10-20,7,AJG,CINF,21.1541,17.7308,1.9121,-1,-15.0911,-0.5,-15.5911,HOLDING
2011-10-21,7,AJG,CINF,22.1787,18.4478,2.0019,-1,-17.7788,-0.5,-18.2788,HOLDING
2011-10-24,7,AJG,CINF,22.7601,18.8483,1.8869,-1,-19.3908,-0.5,-19.8908,HOLDING
2011-10-25,7,AJG,CINF,22.1933,18.3445,1.714,-1,-19.3828,-0.5,-19.8828,HOLDING
2011-10-26,7,AJG,CINF,22.5493,18.7191,1.3686,-1,-18.5858,-0.5,-19.0858,HOLDING
2011-10-27,7,AJG,CINF,23.1961,19.5911,0.5609,-1,-14.4964,-0.5,-14.9964,HOLDING
2011-10-28,7,AJG,CINF,22.4985,18.9904,0.5133,-1,-14.2193,-0.5,-14.7193,HOLDING
2011-10-31,7,AJG,CINF,22.4549,18.6933,1.076,-1,-17.7826,-0.5,-18.2826,HOLDING
2011-11-01,7,AJG,CINF,21.7282,17.9182,1.3878,-1,-19.5544,-0.5,-20.0544,HOLDING
2011-11-02,7,AJG,CINF,22.1351,18.4155,0.9097,-1,-17.689,-0.5,-18.189,HOLDING
2011-11-03,7,AJG,CINF,22.2005,18.9129,-0.55,-1,-11.6311,-0.5,-12.1311,HOLDING
2011-11-04,7,AJG,CINF,22.1424,18.8677,-0.6617,-1,-11.5412,-0.5,-12.0412,HOLDING
2011-11-07,7,AJG,CINF,22.1424,18.887,-0.85,-1,-11.2739,-0.5,-11.7739,HOLDING
2011-11-08,7,AJG,CINF,22.5348,19.055,-0.2824,-1,-13.7742,-0.5,-14.2742,HOLDING
2011-11-09,7,AJG,CINF,22.1351,18.2928,1.3176,-1,-19.3819,-0.5,-19.8819,HOLDING
2011-11-10,7,AJG,CINF,22.3677,18.5641,0.9139,-1,-18.4943,-0.5,-18.9943,HOLDING
2011-11-11,7,AJG,CINF,22.7601,18.9,0.789,-1,-18.678,-0.5,-19.178,HOLDING
2011-11-14,7,AJG,CINF,22.5639,18.7127,0.8092,-1,-18.8535,-0.5,-19.3535,HOLDING
2011-11-15,7,AJG,CINF,22.6511,18.816,0.5995,-1,-18.4983,-0.5,-18.9983,HOLDING
2011-11-16,7,AJG,CINF,22.4839,18.422,1.5914,-1,-21.8818,-0.5,-22.3818,HOLDING
2011-11-17,7,AJG,CINF,22.0188,18.3638,0.08,-1,-16.9746,-0.5,-17.4746,HOLDING
2011-11-18,7,AJG,CINF,22.0552,18.5512,-0.5849,-1,-14.8367,-0.5,-15.3367,HOLDING
2011-11-21,7,AJG,CINF,21.6991,18.0603,0.3218,-1,-17.2373,-0.5,-17.7373,HOLDING
2011-11-22,7,AJG,CINF,21.7282,18.099,0.2923,-1,-17.0595,-0.5,-17.5595,HOLDING
2011-11-23,7,AJG,CINF,21.3357,17.6275,0.9618,-1,-18.7469,-0.5,-19.2469,HOLDING
2011-11-25,7,AJG,CINF,21.4593,17.7502,0.7792,-1,-18.5704,-0.5,-19.0704,HOLDING
2011-11-28,7,AJG,CINF,21.7863,18.2347,-0.2729,-1,-15.9021,-0.5,-16.4021,HOLDING
2011-11-29,7,AJG,CINF,21.6628,18.1507,-0.3377,-1,-15.544,-0.5,-16.044,HOLDING
2011-11-30,7,AJG,CINF,22.513,19.1519,-1.4802,-1,0.0,-13.2107,-13.2107,PERIOD_END_EXIT
2011-06-03,8,ECL,PEP,45.8622,44.3089,0.0,0,0.0,0.0,0.0,HOLD_CASH
2011-06-06,8,ECL,PEP,45.6757,44.2576,0.0,0,0.0,0.0,0.0,HOLD_CASH
2011-06-07,8,ECL,PEP,45.8622,44.2832,0.0,0,0.0,0.0,0.0,HOLD_CASH
2011-06-08,8,ECL,PEP,45.4213,44.2254,0.0,0,0.0,0.0,0.0,HOLD_CASH
2011-06-09,8,ECL,PEP,46.108,44.6559,0.0,0,0.0,0.0,0.0,HOLD_CASH
2011-06-10,8,ECL,PEP,45.6078,44.1291,0.0,0,0.0,0.0,0.0,HOLD_CASH
2011-06-13,8,ECL,PEP,45.8113,44.3668,0.0,0,0.0,0.0,0.0,HOLD_CASH
2011-06-14,8,ECL,PEP,46.7438,44.6944,0.0,0,0.0,0.0,0.0,HOLD_CASH
2011-06-15,8,ECL,PEP,46.5403,43.9942,0.0,0,0.0,0.0,0.0,HOLD_CASH
2011-06-16,8,ECL,PEP,46.1928,44.2576,0.0,0,0.0,0.0,0.0,HOLD_CASH
2011-06-17,8,ECL,PEP,45.8823,44.1483,0.0,0,0.0,0.0,0.0,HOLD_CASH
2011-06-20,8,ECL,PEP,46.112,44.3154,0.0,0,0.0,0.0,0.0,HOLD_CASH
2011-06-21,8,ECL,PEP,46.6648,44.2832,0.0,0,0.0,0.0,0.0,HOLD_CASH
2011-06-22,8,ECL,PEP,46.3586,44.1869,0.0,0,0.0,0.0,0.0,HOLD_CASH
2011-06-23,8,ECL,PEP,46.3671,43.6729,0.0,0,0.0,0.0,0.0,HOLD_CASH
2011-06-24,8,ECL,PEP,46.2821,43.9749,0.0,0,0.0,0.0,0.0,HOLD_CASH
2011-06-27,8,ECL,PEP,46.3926,44.3604,0.0,0,0.0,0.0,0.0,HOLD_CASH
2011-06-28,8,ECL,PEP,46.8264,44.7265,0.0,0,0.0,0.0,0.0,HOLD_CASH
2011-06-29,8,ECL,PEP,47.0475,44.945,0.0,0,0.0,0.0,0.0,HOLD_CASH
2011-06-30,8,ECL,PEP,47.949,45.2469,1.5834,0,0.0,0.0,0.0,HOLD_CASH
2011-07-01,8,ECL,PEP,48.2721,45.0927,2.1567,-1,0.0,-0.5,-0.5,ENTER_SHORT_A
2011-07-05,8,ECL,PEP,47.9575,44.8229,1.8251,-1,0.1337,-0.5,-0.3663,HOLDING
2011-07-06,8,ECL,PEP,48.1531,45.0799,1.492,-1,0.5454,-0.5,0.0454,HOLDING
2011-07-07,8,ECL,PEP,48.1701,45.3047,1.0318,-1,1.704,-0.5,1.204,HOLDING
2011-07-08,8,ECL,PEP,48.051,44.9257,1.4047,-1,0.2192,-0.5,-0.2808,HOLDING
2011-07-11,8,ECL,PEP,47.6258,44.521,1.3018,-1,0.1775,-0.5,-0.3225,HOLDING
2011-07-12,8,ECL,PEP,47.4557,44.3347,1.2702,-1,0.0256,-0.5,-0.4744,HOLDING
2011-07-13,8,ECL,PEP,47.6938,44.2576,1.6686,-1,-1.6353,-0.5,-2.1353,HOLDING
2011-07-14,8,ECL,PEP,47.1835,44.0713,0.9994,-1,-0.0253,-0.5,-0.5253,HOLDING
2011-07-15,8,ECL,PEP,47.3877,44.0263,1.3203,-1,-1.3318,-0.5,-1.8318,HOLDING
2011-07-18,8,ECL,PEP,46.7838,43.6858,0.8075,-1,-0.0922,-0.5,-0.5922,HOLDING
2011-07-19,8,ECL,PEP,47.107,44.0327,0.6419,-1,0.1572,-0.5,-0.3428,HOLDING
2011-07-20,8,ECL,PEP,43.6371,44.0006,-3.6239,-1,17.9497,-0.5,17.4497,HOLDING
2011-07-21,8,ECL,PEP,45.2445,42.5101,0.1897,-1,1.3619,-0.5,0.8619,HOLDING
2011-07-22,8,ECL,PEP,45.1169,42.2467,0.3587,-1,0.5622,-0.5,0.0622,HOLDING
2011-07-25,8,ECL,PEP,44.2069,41.3538,0.3707,-1,0.3242,-0.5,-0.1758,HOLDING
2011-07-26,8,ECL,PEP,43.2714,41.161,-0.5663,-1,4.1006,-0.5,3.6006,HOLDING
2011-07-27,8,ECL,PEP,42.6506,41.0261,-1.1429,-1,6.5679,-0.5,6.0679,HOLDING
2011-07-28,8,ECL,PEP,42.5826,41.0454,-1.2005,-1,7.0271,-0.5,6.5271,HOLDING
2011-07-29,8,ECL,PEP,42.523,41.1417,-1.2718,-1,7.8697,-0.5,7.3697,HOLDING
2011-08-01,8,ECL,PEP,42.3274,41.0261,-1.2242,-1,8.2417,-0.5,7.7417,HOLDING
2011-08-02,8,ECL,PEP,41.2728,40.5892,-1.6759,-1,11.2813,-0.5,10.7813,HOLDING
2011-08-03,8,ECL,PEP,42.1233,41.4244,-1.4781,-1,11.5071,-0.5,11.0071,HOLDING
2011-08-04,8,ECL,PEP,40.9582,40.6984,-1.6675,-1,13.5163,-0.5,13.0163,HOLDING
2011-08-05,8,ECL,PEP,40.635,41.5465,-2.2539,-1,19.8916,-0.5,19.3916,HOLDING
2011-08-08,8,ECL,PEP,38.2367,40.4543,-2.5881,-1,26.2574,-0.5,25.7574,HOLDING
2011-08-09,8,ECL,PEP,39.3423,40.5314,-1.6239,-1,20.9589,-0.5,20.4589,HOLDING
2011-08-10,8,ECL,PEP,38.0581,38.7519,-1.1919,-1,17.7436,-0.5,17.2436,HOLDING
2011-08-11,8,ECL,PEP,39.5464,40.3901,-1.1462,-1,19.1181,-0.5,18.6181,HOLDING
2011-08-12,8,ECL,PEP,40.0227,40.5892,-0.8765,-1,17.7559,-0.5,17.2559,HOLDING
2011-08-15,8,ECL,PEP,40.1928,40.8398,-0.8389,-1,18.2641,-0.5,17.7641,HOLDING
2011-08-16,8,ECL,PEP,39.6229,40.9618,-1.1868,-1,21.8918,-0.5,21.3918,HOLDING
2011-08-17,8,ECL,PEP,39.5719,41.5144,-1.4515,-1,25.2192,-0.5,24.7192,HOLDING
2011-08-18,8,ECL,PEP,37.9986,40.5314,-1.671,-1,27.918,-0.5,27.418,HOLDING
2011-08-19,8,ECL,PEP,37.871,39.8761,-1.2379,-1,24.9457,-0.5,24.4457,HOLDING
2011-08-22,8,ECL,PEP,39.0447,39.7798,-0.3004,-1,18.3332,-0.5,17.8332,HOLDING
2011-08-23,8,ECL,PEP,41.7236,40.782,0.9838,-1,10.0154,-0.5,9.5154,HOLDING
2011-08-24,8,ECL,PEP,42.3104,40.9233,1.3278,-1,7.7597,-0.5,7.2597,HOLDING
2011-08-25,8,ECL,PEP,42.3359,40.4865,1.6323,-1,5.2057,-0.5,4.7057,HOLDING
2011-08-26,8,ECL,PEP,43.2034,40.5764,1.9791,-1,1.2117,-0.5,0.7117,HOLDING
2011-08-29,8,ECL,PEP,44.5726,41.2188,2.109,-1,-2.3177,-0.5,-2.8177,HOLDING
2011-08-30,8,ECL,PEP,44.9213,41.4501,1.8844,-1,-2.8413,-0.5,-3.3413,HOLDING
2011-08-31,8,ECL,PEP,45.5847,41.7253,1.8068,-1,-4.751,-0.5,-5.251,HOLDING
2011-09-01,8,ECL,PEP,44.5726,41.544,1.3007,-1,-0.5149,-0.5,-1.0149,HOLDING
2011-09-02,8,ECL,PEP,43.9263,40.9935,1.1503,-1,-0.2194,-0.5,-0.7194,HOLDING
2011-09-06,8,ECL,PEP,44.0794,40.4431,1.3305,-1,-4.064,-0.5,-4.564,HOLDING
2011-09-07,8,ECL,PEP,45.185,39.9056,1.7726,-1,-12.7698,-0.5,-13.2698,HOLDING
2011-09-08,8,ECL,PEP,44.4876,39.7242,1.4021,-1,-10.1636,-0.5,-10.6636,HOLDING
2011-09-09,8,ECL,PEP,42.6931,38.85,0.9788,-1,-5.7171,-0.5,-6.2171,HOLDING
2011-09-12,8,ECL,PEP,42.3274,38.9471,0.7145,-1,-3.2845,-0.5,-3.7845,HOLDING
2011-09-13,8,ECL,PEP,42.7952,39.2061,0.7094,-1,-4.271,-0.5,-4.771,HOLDING
2011-09-14,8,ECL,PEP,43.6371,39.8797,0.673,-1,-4.8973,-0.5,-5.3973,HOLDING
2011-09-15,8,ECL,PEP,43.8582,40.9417,0.2094,-1,-0.1542,-0.5,-0.6542,HOLDING
2011-09-16,8,ECL,PEP,44.2807,40.184,0.7247,-1,-6.5427,-0.5,-7.0427,HOLDING
2011-09-19,8,ECL,PEP,43.7942,39.2191,1.0786,-1,-9.3732,-0.5,-9.8732,HOLDING
2011-09-20,8,ECL,PEP,43.8711,39.109,1.2818,-1,-10.3815,-0.5,-10.8815,HOLDING
2011-09-21,8,ECL,PEP,42.8641,39.368,0.0426,-1,-3.7302,-0.5,-4.2302,HOLDING
2011-09-22,8,ECL,PEP,41.9766,39.4522,-1.1767,-1,1.3329,-0.5,0.8329,HOLDING
2011-09-23,8,ECL,PEP,41.8486,39.0766,-1.0092,-1,-0.0867,-0.5,-0.5867,HOLDING
2011-09-26,8,ECL,PEP,42.8982,40.0804,-1.076,-1,0.0424,-0.5,-0.4576,HOLDING
2011-09-27,8,ECL,PEP,43.598,40.4301,-0.6422,-1,-1.6427,-0.5,-2.1427,HOLDING
2011-09-28,8,ECL,PEP,42.0534,40.1322,-1.9302,-1,4.705,-0.5,4.205,HOLDING
2011-09-29,8,ECL,PEP,42.0961,40.5273,-1.9857,-1,6.6742,-0.5,6.1742,HOLDING
2011-09-30,8,ECL,PEP,41.7206,40.0869,-1.6931,-1,6.1773,-0.5,5.6773,HOLDING
2011-10-03,8,ECL,PEP,41.0208,39.0442,-1.2197,-1,4.0207,-0.5,3.5207,HOLDING
2011-10-04,8,ECL,PEP,42.4033,39.1479,0.0016,-1,-2.5644,-0.5,-3.0644,HOLDING
2011-10-05,8,ECL,PEP,43.1969,39.0442,0.9524,-1,-7.249,-0.5,-7.749,HOLDING
2011-10-06,8,ECL,PEP,42.7446,39.2256,0.3882,-1,-3.9013,-0.5,-4.4013,HOLDING
2011-10-07,8,ECL,PEP,42.8812,39.517,0.23,-1,-2.9927,-0.5,-3.4927,HOLDING
2011-10-10,8,ECL,PEP,44.2636,40.0675,0.9875,-1,-7.1005,-0.5,-7.6005,HOLDING
2011-10-11,8,ECL,PEP,44.5879,39.4717,1.7477,-1,-12.0833,-0.5,-12.5833,HOLDING
2011-10-12,8,ECL,PEP,45.0401,40.605,0.954,-1,-8.1422,-0.5,-8.6422,HOLDING
2011-10-13,8,ECL,PEP,44.9207,40.3848,0.9693,-1,-8.7443,-0.5,-9.2443,HOLDING
2011-10-14,8,ECL,PEP,45.0487,40.3071,1.1015,-1,-9.838,-0.5,-10.338,HOLDING
2011-10-17,8,ECL,PEP,44.6732,40.0804,1.0043,-1,-9.1502,-0.5,-9.6502,HOLDING
2011-10-18,8,ECL,PEP,45.4753,40.4172,1.3506,-1,-11.4374,-0.5,-11.9374,HOLDING
2011-10-19,8,ECL,PEP,45.3815,40.2229,1.3195,-1,-12.0285,-0.5,-12.5285,HOLDING
2011-10-20,8,ECL,PEP,45.3985,40.2294,1.1932,-1,-12.0809,-0.5,-12.5809,HOLDING
2011-10-21,8,ECL,PEP,46.013,40.333,1.4019,-1,-14.6884,-0.5,-15.1884,HOLDING
2011-10-24,8,ECL,PEP,46.3629,40.2164,1.5446,-1,-17.1468,-0.5,-17.6468,HOLDING
2011-10-25,8,ECL,PEP,44.9377,40.0351,0.622,-1,-10.7715,-0.5,-11.2715,HOLDING
2011-10-26,8,ECL,PEP,45.6972,40.1581,0.9748,-1,-14.0226,-0.5,-14.5226,HOLDING
2011-10-27,8,ECL,PEP,47.1053,40.7215,1.4546,-1,-18.1913,-0.5,-18.6913,HOLDING
2011-10-28,8,ECL,PEP,46.9346,40.9288,1.1217,-1,-16.1583,-0.5,-16.6583,HOLDING
2011-10-31,8,ECL,PEP,45.9447,40.7669,0.2974,-1,-11.9293,-0.5,-12.4293,HOLDING
2011-11-01,8,ECL,PEP,44.7756,40.3006,-0.5854,-1,-8.4598,-0.5,-8.9598,HOLDING
2011-11-02,8,ECL,PEP,46.2178,40.4172,0.9988,-1,-15.2825,-0.5,-15.7825,HOLDING
2011-11-03,8,ECL,PEP,47.4552,40.6697,1.9395,-1,-20.2905,-0.5,-20.7905,HOLDING
2011-11-04,8,ECL,PEP,46.9602,40.1452,1.9438,-1,-20.6353,-0.5,-21.1353,HOLDING
2011-11-07,8,ECL,PEP,47.5149,40.4755,1.8838,-1,-21.6769,-0.5,-22.1769,HOLDING
2011-11-08,8,ECL,PEP,47.916,41.2267,1.19,-1,-19.5893,-0.5,-20.0893,HOLDING
2011-11-09,8,ECL,PEP,45.9191,40.333,-0.009,-1,-14.2024,-0.5,-14.7024,HOLDING
2011-11-10,8,ECL,PEP,46.6957,40.7734,0.2605,-1,-15.7826,-0.5,-16.2826,HOLDING
2011-11-11,8,ECL,PEP,47.9416,40.9806,1.3924,-1,-21.0861,-0.5,-21.5861,HOLDING
2011-11-14,8,ECL,PEP,47.4722,40.6697,1.1537,-1,-20.3788,-0.5,-20.8788,HOLDING
2011-11-15,8,ECL,PEP,47.4807,41.7707,-0.5253,-1,-14.3193,-0.5,-14.8193,HOLDING
2011-11-16,8,ECL,PEP,46.8492,42.1528,-1.7767,-1,-8.9304,-0.5,-9.4304,HOLDING
2011-11-17,8,ECL,PEP,46.2263,41.5051,-1.5374,-1,-9.2947,-0.5,-9.7947,HOLDING
2011-11-18,8,ECL,PEP,46.269,41.3756,-1.2029,-1,-10.2338,-0.5,-10.7338,HOLDING
2011-11-21,8,ECL,PEP,45.3218,40.8964,-1.492,-1,-7.9851,-0.5,-8.4851,HOLDING
2011-11-22,8,ECL,PEP,45.2364,40.9158,-1.5018,-1,-7.4353,-0.5,-7.9353,HOLDING
2011-11-23,8,ECL,PEP,44.9548,40.4107,-1.1072,-1,-8.7775,-0.5,-9.2775,HOLDING
2011-11-25,8,ECL,PEP,45.6631,40.469,-0.3871,-1,-12.1224,-0.5,-12.6224,HOLDING
2011-11-28,8,ECL,PEP,47.2418,40.7928,0.8117,-1,-18.5034,-0.5,-19.0034,HOLDING
2011-11-29,8,ECL,PEP,47.3357,41.2267,0.3673,-1,-16.584,-0.5,-17.084,HOLDING
2011-11-30,8,ECL,PEP,48.6584,41.7849,0.932,-1,0.0,-21.323,-21.323,PERIOD_END_EXIT
2011-06-03,9,ED,XEL,29.9856,14.8542,0.0,0,0.0,0.0,0.0,HOLD_CASH
2011-06-06,9,ED,XEL,29.8882,14.7809,0.0,0,0.0,0.0,0.0,HOLD_CASH
2011-06-07,9,ED,XEL,29.9742,14.8054,0.0,0,0.0,0.0,0.0,HOLD_CASH
2011-06-08,9,ED,XEL,30.1232,14.7809,0.0,0,0.0,0.0,0.0,HOLD_CASH
2011-06-09,9,ED,XEL,29.9799,14.7626,0.0,0,0.0,0.0,0.0,HOLD_CASH
2011-06-10,9,ED,XEL,29.7048,14.6771,0.0,0,0.0,0.0,0.0,HOLD_CASH
2011-06-13,9,ED,XEL,29.8538,14.7687,0.0,0,0.0,0.0,0.0,HOLD_CASH
2011-06-14,9,ED,XEL,29.9226,14.8054,0.0,0,0.0,0.0,0.0,HOLD_CASH
2011-06-15,9,ED,XEL,29.8309,14.726,0.0,0,0.0,0.0,0.0,HOLD_CASH
2011-06-16,9,ED,XEL,30.1518,14.8542,0.0,0,0.0,0.0,0.0,HOLD_CASH
2011-06-17,9,ED,XEL,30.2493,15.0008,0.0,0,0.0,0.0,0.0,HOLD_CASH
2011-06-20,9,ED,XEL,30.3811,15.0253,0.0,0,0.0,0.0,0.0,HOLD_CASH
2011-06-21,9,ED,XEL,30.3467,15.0623,0.0,0,0.0,0.0,0.0,HOLD_CASH
2011-06-22,9,ED,XEL,30.2091,14.9203,0.0,0,0.0,0.0,0.0,HOLD_CASH
2011-06-23,9,ED,XEL,29.9398,14.7598,0.0,0,0.0,0.0,0.0,HOLD_CASH
2011-06-24,9,ED,XEL,30.0315,14.8277,0.0,0,0.0,0.0,0.0,HOLD_CASH
2011-06-27,9,ED,XEL,30.1977,14.945,0.0,0,0.0,0.0,0.0,HOLD_CASH
2011-06-28,9,ED,XEL,30.3352,15.0499,0.0,0,0.0,0.0,0.0,HOLD_CASH
2011-06-29,9,ED,XEL,30.4327,15.0499,0.0,0,0.0,0.0,0.0,HOLD_CASH
2011-06-30,9,ED,XEL,30.5129,15.0006,1.6852,0,0.0,0.0,0.0,HOLD_CASH
2011-07-01,9,ED,XEL,30.9829,15.2228,1.6432,0,0.0,0.0,0.0,HOLD_CASH
2011-07-05,9,ED,XEL,30.7708,15.1364,1.1456,0,0.0,0.0,0.0,HOLD_CASH
2011-07-06,9,ED,XEL,30.8682,15.1919,0.9131,0,0.0,0.0,0.0,HOLD_CASH
2011-07-07,9,ED,XEL,30.9714,15.2166,1.4999,0,0.0,0.0,0.0,HOLD_CASH
2011-07-08,9,ED,XEL,30.6963,15.1179,0.7515,0,0.0,0.0,0.0,HOLD_CASH
2011-07-11,9,ED,XEL,30.5358,14.9265,2.4145,-1,0.0,-0.5,-0.5,ENTER_SHORT_A
2011-07-12,9,ED,XEL,30.7536,15.0067,2.292,-1,-0.4391,-0.5,-0.9391,HOLDING
2011-07-13,9,ED,XEL,30.7823,14.9512,2.5354,-1,-1.6041,-0.5,-2.1041,HOLDING
2011-07-14,9,ED,XEL,30.49,14.8339,1.893,-1,-1.1755,-0.5,-1.6755,HOLDING
2011-07-15,9,ED,XEL,30.5186,14.8339,1.7623,-1,-1.4101,-0.5,-1.9101,HOLDING
2011-07-18,9,ED,XEL,30.106,14.6672,1.2827,-1,-0.8232,-0.5,-1.3232,HOLDING
2011-07-19,9,ED,XEL,30.4498,14.8092,1.368,-1,-1.2605,-0.5,-1.7605,HOLDING
2011-07-20,9,ED,XEL,30.5645,14.9635,0.3606,-1,0.3857,-0.5,-0.1143,HOLDING
2011-07-21,9,ED,XEL,30.9256,15.2166,-0.4326,-1,1.6686,-0.5,1.1686,HOLDING
2011-07-22,9,ED,XEL,30.7078,15.1487,-0.8222,-1,2.3143,-0.5,1.8143,HOLDING
2011-07-25,9,ED,XEL,30.553,15.1302,-1.3475,-1,3.2711,-0.5,2.7711,HOLDING
2011-07-26,9,ED,XEL,30.5186,15.1179,-1.3736,-1,3.3459,-0.5,2.8459,HOLDING
2011-07-27,9,ED,XEL,30.4785,15.1179,-1.573,-1,3.6743,-0.5,3.1743,HOLDING
2011-07-28,9,ED,XEL,30.3582,14.9697,-0.7397,-1,2.1783,-0.5,1.6783,HOLDING
2011-07-29,9,ED,XEL,30.1461,14.8154,-0.2363,-1,1.3296,-0.5,0.8296,HOLDING
2011-08-01,9,ED,XEL,30.2321,14.8401,-0.0649,-1,1.0394,-0.5,0.5394,HOLDING
2011-08-02,9,ED,XEL,29.9627,14.5314,1.5454,-1,-1.9248,-0.5,-2.4248,HOLDING
2011-08-03,9,ED,XEL,30.169,14.4758,2.3955,-1,-4.5446,-0.5,-5.0446,HOLDING
2011-08-04,9,ED,XEL,29.6532,14.0808,2.6718,-1,-6.9387,-0.5,-7.4387,HOLDING
2011-08-05,9,ED,XEL,30.5301,14.34,2.7017,-1,-9.7754,-0.5,-10.2754,HOLDING
2011-08-08,9,ED,XEL,28.891,13.5499,2.256,-1,-9.5897,-0.5,-10.0897,HOLDING
2011-08-09,9,ED,XEL,29.7449,13.7659,2.3995,-1,-12.9624,-0.5,-13.4624,HOLDING
2011-08-10,9,ED,XEL,29.8423,13.4696,2.6896,-1,-18.7228,-0.5,-19.2228,HOLDING
2011-08-11,9,ED,XEL,30.9714,14.1055,1.9635,-1,-17.3171,-0.5,-17.8171,HOLDING
2011-08-12,9,ED,XEL,30.7937,14.1302,1.504,-1,-15.449,-0.5,-15.949,HOLDING
2011-08-15,9,ED,XEL,31.7558,14.5314,1.4145,-1,-16.6054,-0.5,-17.1054,HOLDING
2011-08-16,9,ED,XEL,31.582,14.482,1.2144,-1,-16.0091,-0.5,-16.5091,HOLDING
2011-08-17,9,ED,XEL,31.5878,14.5993,0.8888,-1,-14.0922,-0.5,-14.5922,HOLDING
2011-08-18,9,ED,XEL,31.5124,14.4388,1.0339,-1,-16.1634,-0.5,-16.6634,HOLDING
2011-08-19,9,ED,XEL,31.5066,14.3894,1.0228,-1,-16.9431,-0.5,-17.4431,HOLDING
2011-08-22,9,ED,XEL,31.6225,14.482,0.855,-1,-16.3413,-0.5,-16.8413,HOLDING
2011-08-23,9,ED,XEL,32.0978,14.8524,0.4651,-1,-14.0287,-0.5,-14.5287,HOLDING
2011-08-24,9,ED,XEL,32.9788,15.0623,0.8169,-1,-17.7261,-0.5,-18.2261,HOLDING
2011-08-25,9,ED,XEL,32.5615,14.8771,0.7357,-1,-17.4114,-0.5,-17.9114,HOLDING
2011-08-26,9,ED,XEL,32.2195,14.8277,0.3766,-1,-15.4388,-0.5,-15.9388,HOLDING
2011-08-29,9,ED,XEL,32.6484,15.0438,0.2238,-1,-15.3317,-0.5,-15.8317,HOLDING
2011-08-30,9,ED,XEL,32.6426,15.0808,-0.0624,-1,-14.6639,-0.5,-15.1639,HOLDING
2011-08-31,9,ED,XEL,32.5789,15.229,-1.1518,-1,-11.6605,-0.5,-12.1605,HOLDING
2011-09-01,9,ED,XEL,32.4282,15.0993,-1.0769,-1,-12.598,-0.5,-13.098,HOLDING
2011-09-02,9,ED,XEL,32.4977,14.945,0.0359,-1,-15.7522,-0.5,-16.2522,HOLDING
2011-09-06,9,ED,XEL,32.3296,14.8462,0.0908,-1,-16.0303,-0.5,-16.5303,HOLDING
2011-09-07,9,ED,XEL,32.4977,15.0191,-0.7305,-1,-14.5115,-0.5,-15.0115,HOLDING
2011-09-08,9,ED,XEL,32.4861,14.9635,-0.2073,-1,-15.3471,-0.5,-15.8471,HOLDING
2011-09-09,9,ED,XEL,31.9471,14.6734,0.304,-1,-15.7934,-0.5,-16.2934,HOLDING
2011-09-12,9,ED,XEL,32.3296,14.7969,0.837,-1,-16.8573,-0.5,-17.3573,HOLDING
2011-09-13,9,ED,XEL,32.6194,15.1055,-0.9208,-1,-14.0604,-0.5,-14.5604,HOLDING
2011-09-14,9,ED,XEL,32.7759,15.2598,-1.5527,-1,-12.7569,-0.5,-13.2569,HOLDING
2011-09-15,9,ED,XEL,33.0831,15.445,-1.731,-1,-12.17,-0.5,-12.67,HOLDING
2011-09-16,9,ED,XEL,33.2802,15.5994,-1.9278,-1,-11.1986,-0.5,-11.6986,HOLDING
2011-09-19,9,ED,XEL,33.1816,15.55,-1.68,-1,-11.2192,-0.5,-11.7192,HOLDING
2011-09-20,9,ED,XEL,33.6743,15.7496,-1.2963,-1,-11.9096,-0.5,-12.4096,HOLDING
2011-09-21,9,ED,XEL,33.1874,15.5063,-1.0843,-1,-11.9979,-0.5,-12.4979,HOLDING
2011-09-22,9,ED,XEL,32.9788,15.2818,-0.0646,-1,-14.0505,-0.5,-14.5505,HOLDING
2011-09-23,9,ED,XEL,32.8861,15.4003,-1.2414,-1,-11.3064,-0.5,-11.8064,HOLDING
2011-09-26,9,ED,XEL,32.915,15.4938,-1.6558,-1,-9.9764,-0.5,-10.4764,HOLDING
2011-09-27,9,ED,XEL,32.8049,15.4876,-1.738,-1,-9.1795,-0.5,-9.6795,HOLDING
2011-09-28,9,ED,XEL,32.5209,15.3504,-1.5106,-1,-9.1527,-0.5,-9.6527,HOLDING
2011-09-29,9,ED,XEL,33.2164,15.5375,-0.5534,-1,-11.713,-0.5,-12.213,HOLDING
2011-09-30,9,ED,XEL,33.0483,15.4003,-0.15,-1,-12.635,-0.5,-13.135,HOLDING
2011-10-03,9,ED,XEL,32.7354,15.157,0.5786,-1,-14.1467,-0.5,-14.6467,HOLDING
2011-10-04,9,ED,XEL,32.7122,14.9325,1.9759,-1,-17.718,-0.5,-18.218,HOLDING
2011-10-05,9,ED,XEL,31.9645,15.0572,-1.1296,-1,-9.5073,-0.5,-10.0073,HOLDING
2011-10-06,9,ED,XEL,32.5499,15.3816,-1.3016,-1,-8.8676,-0.5,-9.3676,HOLDING
2011-10-07,9,ED,XEL,32.5209,15.3504,-1.0901,-1,-9.1527,-0.5,-9.6527,HOLDING
2011-10-10,9,ED,XEL,33.1643,15.55,-0.3222,-1,-11.0769,-0.5,-11.5769,HOLDING
2011-10-11,9,ED,XEL,32.8977,15.3628,0.2068,-1,-12.0282,-0.5,-12.5282,HOLDING
2011-10-12,9,ED,XEL,32.8049,15.4003,-0.383,-1,-10.642,-0.5,-11.142,HOLDING
2011-10-13,9,ED,XEL,32.8397,15.4003,-0.2266,-1,-10.9267,-0.5,-11.4267,HOLDING
2011-10-14,9,ED,XEL,33.3555,15.5188,0.6865,-1,-13.1651,-0.5,-13.6651,HOLDING
2011-10-17,9,ED,XEL,33.599,15.4564,1.7642,-1,-16.2027,-0.5,-16.7027,HOLDING
2011-10-18,9,ED,XEL,33.6279,15.6435,0.5043,-1,-13.306,-0.5,-13.806,HOLDING
2011-10-19,9,ED,XEL,33.57,15.6997,-0.0694,-1,-11.8911,-0.5,-12.3911,HOLDING
2011-10-20,9,ED,XEL,33.9003,15.8618,-0.071,-1,-11.8798,-0.5,-12.3798,HOLDING
2011-10-21,9,ED,XEL,34.6364,16.0302,1.0507,-1,-15.0853,-0.5,-15.5853,HOLDING
2011-10-24,9,ED,XEL,34.3408,15.9242,0.7607,-1,-14.4414,-0.5,-14.9414,HOLDING
2011-10-25,9,ED,XEL,33.7207,15.7745,-0.2512,-1,-11.8712,-0.5,-12.3712,HOLDING
2011-10-26,9,ED,XEL,34.0916,15.893,0.0718,-1,-12.9232,-0.5,-13.4232,HOLDING
2011-10-27,9,ED,XEL,34.5031,16.3421,-1.6053,-1,-8.7706,-0.5,-9.2706,HOLDING
2011-10-28,9,ED,XEL,33.6395,16.1612,-2.4508,-1,-4.7299,-0.5,-5.2299,HOLDING
2011-10-31,9,ED,XEL,33.541,16.1238,-2.081,-1,-4.5501,-0.5,-5.0501,HOLDING
2011-11-01,9,ED,XEL,33.0657,15.7246,-1.1592,-1,-7.345,-0.5,-7.845,HOLDING
2011-11-02,9,ED,XEL,33.6279,16.1113,-1.6119,-1,-5.4708,-0.5,-5.9708,HOLDING
2011-11-03,9,ED,XEL,34.051,16.3421,-1.5785,-1,-5.0693,-0.5,-5.5693,HOLDING
2011-11-04,9,ED,XEL,33.9409,16.2548,-1.3004,-1,-5.6304,-0.5,-6.1304,HOLDING
2011-11-07,9,ED,XEL,34.2365,16.3359,-0.9458,-1,-6.6923,-0.5,-7.1923,HOLDING
2011-11-08,9,ED,XEL,34.3988,16.4294,-0.922,-1,-6.4538,-0.5,-6.9538,HOLDING
2011-11-09,9,ED,XEL,33.7439,16.0427,-0.5532,-1,-7.5689,-0.5,-8.0689,HOLDING
2011-11-10,9,ED,XEL,34.1264,16.2111,-0.4503,-1,-7.8801,-0.5,-8.3801,HOLDING
2011-11-11,9,ED,XEL,34.5669,16.4107,-0.348,-1,-8.1434,-0.5,-8.6434,HOLDING
2011-11-14,9,ED,XEL,34.1746,16.18,-0.0563,-1,-8.7971,-0.5,-9.2971,HOLDING
2011-11-15,9,ED,XEL,34.3971,16.3359,-0.2319,-1,-8.0069,-0.5,-8.5069,HOLDING
2011-11-16,9,ED,XEL,33.9404,16.1113,-0.134,-1,-8.0291,-0.5,-8.5291,HOLDING
2011-11-17,9,ED,XEL,33.8409,15.9679,0.4325,-1,-9.617,-0.5,-10.117,HOLDING
2011-11-18,9,ED,XEL,34.0399,16.1675,-0.0402,-1,-7.9036,-0.5,-8.4036,HOLDING
2011-11-21,9,ED,XEL,33.6594,16.0053,-0.037,-1,-7.5041,-0.5,-8.0041,HOLDING
2011-11-22,9,ED,XEL,33.3139,15.7558,0.7894,-1,-8.8549,-0.5,-9.3549,HOLDING
2011-11-23,9,ED,XEL,33.0505,15.5562,1.8344,-1,-10.0408,-0.5,-10.5408,HOLDING
2011-11-25,9,ED,XEL,33.4662,15.7184,1.9238,-1,-10.7278,-0.5,-11.2278,HOLDING
2011-11-28,9,ED,XEL,33.5072,15.8244,0.9959,-1,-9.2875,-0.5,-9.7875,HOLDING
2011-11-29,9,ED,XEL,33.9404,16.0365,0.8509,-1,-9.2826,-0.5,-9.7826,HOLDING
2011-11-30,9,ED,XEL,34.7894,16.3983,1.1443,-1,0.0,-11.2333,-11.2333,PERIOD_END_EXIT
2011-06-03,10,ED,LNT,29.9856,12.3703,0.0,0,0.0,0.0,0.0,HOLD_CASH
2011-06-06,10,ED,LNT,29.8882,12.2719,0.0,0,0.0,0.0,0.0,HOLD_CASH
2011-06-07,10,ED,LNT,29.9742,12.2719,0.0,0,0.0,0.0,0.0,HOLD_CASH
2011-06-08,10,ED,LNT,30.1232,12.3057,0.0,0,0.0,0.0,0.0,HOLD_CASH
2011-06-09,10,ED,LNT,29.9799,12.2719,0.0,0,0.0,0.0,0.0,HOLD_CASH
2011-06-10,10,ED,LNT,29.7048,12.1857,0.0,0,0.0,0.0,0.0,HOLD_CASH
2011-06-13,10,ED,LNT,29.8538,12.1673,0.0,0,0.0,0.0,0.0,HOLD_CASH
2011-06-14,10,ED,LNT,29.9226,12.2842,0.0,0,0.0,0.0,0.0,HOLD_CASH
2011-06-15,10,ED,LNT,29.8309,12.115,0.0,0,0.0,0.0,0.0,HOLD_CASH
2011-06-16,10,ED,LNT,30.1518,12.1427,0.0,0,0.0,0.0,0.0,HOLD_CASH
2011-06-17,10,ED,LNT,30.2493,12.2227,0.0,0,0.0,0.0,0.0,HOLD_CASH
2011-06-20,10,ED,LNT,30.3811,12.3888,0.0,0,0.0,0.0,0.0,HOLD_CASH
2011-06-21,10,ED,LNT,30.3467,12.4226,0.0,0,0.0,0.0,0.0,HOLD_CASH
2011-06-22,10,ED,LNT,30.2091,12.3426,0.0,0,0.0,0.0,0.0,HOLD_CASH
2011-06-23,10,ED,LNT,29.9398,12.235,0.0,0,0.0,0.0,0.0,HOLD_CASH
2011-06-24,10,ED,LNT,30.0315,12.2503,0.0,0,0.0,0.0,0.0,HOLD_CASH
2011-06-27,10,ED,LNT,30.1977,12.3242,0.0,0,0.0,0.0,0.0,HOLD_CASH
2011-06-28,10,ED,LNT,30.3352,12.3734,0.0,0,0.0,0.0,0.0,HOLD_CASH
2011-06-29,10,ED,LNT,30.4327,12.4165,0.0,0,0.0,0.0,0.0,HOLD_CASH
2011-06-30,10,ED,LNT,30.5129,12.5088,-0.7024,0,0.0,0.0,0.0,HOLD_CASH
2011-07-01,10,ED,LNT,30.9829,12.7426,-1.393,0,0.0,0.0,0.0,HOLD_CASH
2011-07-05,10,ED,LNT,30.7708,12.7026,-1.9036,0,0.0,0.0,0.0,HOLD_CASH
2011-07-06,10,ED,LNT,30.8682,12.8626,-2.6706,1,0.0,-0.5,-0.5,ENTER_LONG_A
2011-07-07,10,ED,LNT,30.9714,12.8687,-1.921,1,0.7162,-0.5,0.2162,HOLDING
2011-07-08,10,ED,LNT,30.6963,12.8564,-2.3207,1,-1.2729,-0.5,-1.7729,HOLDING
2011-07-11,10,ED,LNT,30.5358,12.6564,-1.1363,1,1.314,-0.5,0.814,HOLDING
2011-07-12,10,ED,LNT,30.7536,12.681,-0.5582,1,2.5997,-0.5,2.0997,HOLDING
2011-07-13,10,ED,LNT,30.7823,12.6318,-0.0755,1,3.7884,-0.5,3.2884,HOLDING
2011-07-14,10,ED,LNT,30.49,12.4842,0.1935,1,4.2912,-0.5,3.7912,HOLDING
2011-07-15,10,ED,LNT,30.5186,12.5518,-0.1776,1,3.208,-0.5,2.708,HOLDING
2011-07-18,10,ED,LNT,30.106,12.3426,0.3047,1,3.9318,-0.5,3.4318,HOLDING
2011-07-19,10,ED,LNT,30.4498,12.4626,0.5546,1,4.3847,-0.5,3.8847,HOLDING
2011-07-20,10,ED,LNT,30.5645,12.5549,0.1051,1,3.5195,-0.5,3.0195,HOLDING
2011-07-21,10,ED,LNT,30.9256,12.6933,0.2416,1,3.753,-0.5,3.253,HOLDING
2011-07-22,10,ED,LNT,30.7078,12.6072,0.2425,1,3.6635,-0.5,3.1635,HOLDING
2011-07-25,10,ED,LNT,30.553,12.5764,-0.0531,1,3.0081,-0.5,2.5081,HOLDING
2011-07-26,10,ED,LNT,30.5186,12.478,0.9234,1,4.6428,-0.5,4.1428,HOLDING
2011-07-27,10,ED,LNT,30.4785,12.377,1.7774,1,6.2819,-0.5,5.7819,HOLDING
2011-07-28,10,ED,LNT,30.3582,12.3241,1.7,1,6.3345,-0.5,5.8345,HOLDING
2011-07-29,10,ED,LNT,30.1461,12.2526,1.4124,1,6.0068,-0.5,5.5068,HOLDING
2011-08-01,10,ED,LNT,30.2321,12.3397,0.8294,1,5.0111,-0.5,4.5111,HOLDING
2011-08-02,10,ED,LNT,29.9627,12.1904,1.0999,1,5.73,-0.5,5.23,HOLDING
2011-08-03,10,ED,LNT,30.169,12.1966,1.6737,1,7.2802,-0.5,6.7802,HOLDING
2011-08-04,10,ED,LNT,29.6532,11.5406,3.504,1,15.853,-0.5,15.353,HOLDING
2011-08-05,10,ED,LNT,30.5301,11.4505,3.5247,1,24.707,-0.5,24.207,HOLDING
2011-08-08,10,ED,LNT,28.891,10.6639,2.9329,1,26.7201,-0.5,26.2201,HOLDING
2011-08-09,10,ED,LNT,29.7449,11.3106,1.7049,1,21.0672,-0.5,20.5672,HOLDING
2011-08-10,10,ED,LNT,29.8423,11.1769,1.8403,1,24.4547,-0.5,23.9547,HOLDING
2011-08-11,10,ED,LNT,30.9714,11.6557,1.5053,1,24.293,-0.5,23.793,HOLDING
2011-08-12,10,ED,LNT,30.7937,11.6339,1.2591,1,23.2772,-0.5,22.7772,HOLDING
2011-08-15,10,ED,LNT,31.7558,12.1562,0.8417,1,20.9173,-0.5,20.4173,HOLDING
2011-08-16,10,ED,LNT,31.582,12.0567,0.8231,1,21.4428,-0.5,20.9428,HOLDING
2011-08-17,10,ED,LNT,31.5878,12.1997,0.4666,1,18.7101,-0.5,18.2101,HOLDING
2011-08-18,10,ED,LNT,31.5124,11.8453,1.0495,1,24.9886,-0.5,24.4886,HOLDING
2011-08-19,10,ED,LNT,31.5066,11.7862,1.0643,1,26.0898,-0.5,25.5898,HOLDING
2011-08-22,10,ED,LNT,31.6225,11.6743,1.2794,1,29.204,-0.5,28.704,HOLDING
2011-08-23,10,ED,LNT,32.0978,12.094,0.6674,1,24.8953,-0.5,24.3953,HOLDING
2011-08-24,10,ED,LNT,32.9788,12.4391,0.5633,1,25.3229,-0.5,24.8229,HOLDING
2011-08-25,10,ED,LNT,32.5615,12.2588,0.5418,1,25.4481,-0.5,24.9481,HOLDING
2011-08-26,10,ED,LNT,32.2195,12.2713,0.0985,1,22.4367,-0.5,21.9367,HOLDING
2011-08-29,10,ED,LNT,32.6484,12.5417,-0.3428,1,20.6533,-0.5,20.1533,HOLDING
2011-08-30,10,ED,LNT,32.6426,12.5573,-0.6378,1,20.3042,-0.5,19.8042,HOLDING
2011-08-31,10,ED,LNT,32.5789,12.6132,-1.454,1,18.7002,-0.5,18.2002,HOLDING
2011-09-01,10,ED,LNT,32.4282,12.4578,-1.0414,1,20.5011,-0.5,20.0011,HOLDING
2011-09-02,10,ED,LNT,32.4977,12.2091,0.5858,1,25.8984,-0.5,25.3984,HOLDING
2011-09-06,10,ED,LNT,32.3296,12.1718,0.5557,1,25.2623,-0.5,24.7623,HOLDING
2011-09-07,10,ED,LNT,32.4977,12.3334,-0.0968,1,23.4813,-0.5,22.9813,HOLDING
2011-09-08,10,ED,LNT,32.4861,12.2961,0.1654,1,24.1126,-0.5,23.6126,HOLDING
2011-09-09,10,ED,LNT,31.9471,11.9479,1.1054,1,26.515,-0.5,26.015,HOLDING
2011-09-12,10,ED,LNT,32.3296,11.9852,1.6123,1,28.8879,-0.5,28.3879,HOLDING
2011-09-13,10,ED,LNT,32.6194,12.15,1.1334,1,28.0324,-0.5,27.5324,HOLDING
2011-09-14,10,ED,LNT,32.7759,12.2308,0.9047,1,27.7288,-0.5,27.2288,HOLDING
2011-09-15,10,ED,LNT,33.0831,12.3459,0.8229,1,27.9806,-0.5,27.4806,HOLDING
2011-09-16,10,ED,LNT,33.2802,12.4454,0.6364,1,27.6431,-0.5,27.1431,HOLDING
2011-09-19,10,ED,LNT,33.1816,12.4422,0.4405,1,26.9054,-0.5,26.4054,HOLDING
2011-09-20,10,ED,LNT,33.6743,12.4764,1.4043,1,30.2307,-0.5,29.7307,HOLDING
2011-09-21,10,ED,LNT,33.1874,12.1687,1.8928,1,32.27,-0.5,31.77,HOLDING
2011-09-22,10,ED,LNT,32.9788,11.9262,2.2882,1,35.2934,-0.5,34.7934,HOLDING
2011-09-23,10,ED,LNT,32.8861,11.9821,1.6168,1,33.4548,-0.5,32.9548,HOLDING
2011-09-26,10,ED,LNT,32.915,12.0132,1.3577,1,33.0852,-0.5,32.5852,HOLDING
2011-09-27,10,ED,LNT,32.8049,12.1438,0.5357,1,29.6554,-0.5,29.1554,HOLDING
2011-09-28,10,ED,LNT,32.5209,11.9697,0.7748,1,30.7392,-0.5,30.2392,HOLDING
2011-09-29,10,ED,LNT,33.2164,12.0847,1.4,1,34.1364,-0.5,33.6364,HOLDING
2011-09-30,10,ED,LNT,33.0483,12.0256,1.328,1,33.9231,-0.5,33.4231,HOLDING
2011-10-03,10,ED,LNT,32.7354,11.8049,1.7064,1,35.6786,-0.5,35.1786,HOLDING
2011-10-04,10,ED,LNT,32.7122,11.7334,1.7901,1,36.8807,-0.5,36.3807,HOLDING
2011-10-05,10,ED,LNT,31.9645,11.8204,-0.2083,1,29.1333,-0.5,28.6333,HOLDING
2011-10-06,10,ED,LNT,32.5499,12.0256,-0.2497,1,29.8863,-0.5,29.3863,HOLDING
2011-10-07,10,ED,LNT,32.5209,12.1065,-0.8514,1,28.0804,-0.5,27.5804,HOLDING
2011-10-10,10,ED,LNT,33.1643,12.2899,-0.5059,1,29.7256,-0.5,29.2256,HOLDING
2011-10-11,10,ED,LNT,32.8977,12.2215,-0.7122,1,28.8958,-0.5,28.3958,HOLDING
2011-10-12,10,ED,LNT,32.8049,12.3179,-1.4644,1,26.2714,-0.5,25.7714,HOLDING
2011-10-13,10,ED,LNT,32.8397,12.4049,-1.7496,1,24.8611,-0.5,24.3611,HOLDING
2011-10-14,10,ED,LNT,33.3555,12.607,-1.6636,1,25.111,-0.5,24.611,HOLDING
2011-10-17,10,ED,LNT,33.599,12.4951,-0.6311,1,29.258,-0.5,28.758,HOLDING
2011-10-18,10,ED,LNT,33.6279,12.6599,-1.3443,1,26.2901,-0.5,25.7901,HOLDING
2011-10-19,10,ED,LNT,33.57,12.6195,-1.13,1,26.6061,-0.5,26.1061,HOLDING
2011-10-20,10,ED,LNT,33.9003,12.6443,-0.5634,1,28.7984,-0.5,28.2984,HOLDING
2011-10-21,10,ED,LNT,34.6364,12.8744,-0.279,1,30.2882,-0.5,29.7882,HOLDING
2011-10-24,10,ED,LNT,34.3408,12.9863,-1.2865,1,25.7189,-0.5,25.2189,HOLDING
2011-10-25,10,ED,LNT,33.7207,12.5666,-0.3041,1,28.8539,-0.5,28.3539,HOLDING
2011-10-26,10,ED,LNT,34.0916,12.6847,-0.166,1,29.5619,-0.5,29.0619,HOLDING
2011-10-27,10,ED,LNT,34.5031,12.9062,-0.444,1,28.5897,-0.5,28.0897,HOLDING
2011-10-28,10,ED,LNT,33.6395,12.9,-1.8854,1,21.7176,-0.5,21.2176,HOLDING
2011-10-31,10,ED,LNT,33.541,12.812,-1.5543,1,22.6295,-0.5,22.1295,HOLDING
2011-11-01,10,ED,LNT,33.0657,12.4161,-0.2425,1,26.4742,-0.5,25.9742,HOLDING
2011-11-02,10,ED,LNT,33.6279,12.7115,-0.804,1,25.2876,-0.5,24.7876,HOLDING
2011-11-03,10,ED,LNT,34.051,12.9911,-1.5576,1,23.2795,-0.5,22.7795,HOLDING
2011-11-04,10,ED,LNT,33.9409,12.856,-0.7596,1,25.0134,-0.5,24.5134,HOLDING
2011-11-07,10,ED,LNT,34.2365,13.0476,-1.2493,1,23.6826,-0.5,23.1826,HOLDING
2011-11-08,10,ED,LNT,34.3988,13.1607,-1.4772,1,22.7985,-0.5,22.2985,HOLDING
2011-11-09,10,ED,LNT,33.7439,13.0351,-2.0286,1,19.9367,-0.5,19.4367,HOLDING
2011-11-10,10,ED,LNT,34.1264,13.0068,-0.7882,1,23.5845,-0.5,23.0845,HOLDING
2011-11-11,10,ED,LNT,34.5669,13.2927,-1.4036,1,21.5952,-0.5,21.0952,HOLDING
2011-11-14,10,ED,LNT,34.1746,13.0288,-0.6194,1,23.5475,-0.5,23.0475,HOLDING
2011-11-15,10,ED,LNT,34.3971,13.2424,-1.3008,1,21.197,-0.5,20.697,HOLDING
2011-11-16,10,ED,LNT,33.9404,13.1293,-1.4922,1,19.6969,-0.5,19.1969,HOLDING
2011-11-17,10,ED,LNT,33.8409,13.1042,-1.4159,1,19.3792,-0.5,18.8792,HOLDING
2011-11-18,10,ED,LNT,34.0399,13.0885,-0.7986,1,21.2967,-0.5,20.7967,HOLDING
2011-11-21,10,ED,LNT,33.6594,12.9659,-0.8639,1,20.5961,-0.5,20.0961,HOLDING
2011-11-22,10,ED,LNT,33.3139,12.8528,-0.9201,1,19.9966,-0.5,19.4966,HOLDING
2011-11-23,10,ED,LNT,33.0505,12.6643,-0.219,1,21.5267,-0.5,21.0267,HOLDING
2011-11-25,10,ED,LNT,33.4662,12.6895,1.0998,1,24.4047,-0.5,23.9047,HOLDING
2011-11-28,10,ED,LNT,33.5072,12.79,0.2668,1,22.7828,-0.5,22.2828,HOLDING
2011-11-29,10,ED,LNT,33.9404,12.9062,0.6898,1,24.0324,-0.5,23.5324,HOLDING
2011-11-30,10,ED,LNT,34.7894,13.2613,0.5665,1,0.0,22.9683,22.9683,PERIOD_END_EXIT
2011-06-03,11,LNT,PNW,12.3703,24.5365,0.0,0,0.0,0.0,0.0,HOLD_CASH
2011-06-06,11,LNT,PNW,12.2719,24.4016,0.0,0,0.0,0.0,0.0,HOLD_CASH
2011-06-07,11,LNT,PNW,12.2719,24.4803,0.0,0,0.0,0.0,0.0,HOLD_CASH
2011-06-08,11,LNT,PNW,12.3057,24.4859,0.0,0,0.0,0.0,0.0,HOLD_CASH
2011-06-09,11,LNT,PNW,12.2719,24.3567,0.0,0,0.0,0.0,0.0,HOLD_CASH
2011-06-10,11,LNT,PNW,12.1857,24.2387,0.0,0,0.0,0.0,0.0,HOLD_CASH
2011-06-13,11,LNT,PNW,12.1673,24.2331,0.0,0,0.0,0.0,0.0,HOLD_CASH
2011-06-14,11,LNT,PNW,12.2842,24.469,0.0,0,0.0,0.0,0.0,HOLD_CASH
2011-06-15,11,LNT,PNW,12.115,24.2331,0.0,0,0.0,0.0,0.0,HOLD_CASH
2011-06-16,11,LNT,PNW,12.1427,24.469,0.0,0,0.0,0.0,0.0,HOLD_CASH
2011-06-17,11,LNT,PNW,12.2227,24.6376,0.0,0,0.0,0.0,0.0,HOLD_CASH
2011-06-20,11,LNT,PNW,12.3888,24.8174,0.0,0,0.0,0.0,0.0,HOLD_CASH
2011-06-21,11,LNT,PNW,12.4226,24.8848,0.0,0,0.0,0.0,0.0,HOLD_CASH
2011-06-22,11,LNT,PNW,12.3426,24.7556,0.0,0,0.0,0.0,0.0,HOLD_CASH
2011-06-23,11,LNT,PNW,12.235,24.5702,0.0,0,0.0,0.0,0.0,HOLD_CASH
2011-06-24,11,LNT,PNW,12.2503,24.5646,0.0,0,0.0,0.0,0.0,HOLD_CASH
2011-06-27,11,LNT,PNW,12.3242,24.8062,0.0,0,0.0,0.0,0.0,HOLD_CASH
2011-06-28,11,LNT,PNW,12.3734,24.9241,0.0,0,0.0,0.0,0.0,HOLD_CASH
2011-06-29,11,LNT,PNW,12.4165,24.9691,0.0,0,0.0,0.0,0.0,HOLD_CASH
2011-06-30,11,LNT,PNW,12.5088,25.0478,-0.1778,0,0.0,0.0,0.0,HOLD_CASH
2011-07-01,11,LNT,PNW,12.7426,25.3399,1.1949,0,0.0,0.0,0.0,HOLD_CASH
2011-07-05,11,LNT,PNW,12.7026,25.2332,1.378,0,0.0,0.0,0.0,HOLD_CASH
2011-07-06,11,LNT,PNW,12.8626,25.1995,2.8784,-1,0.0,-0.5,-0.5,ENTER_SHORT_A
2011-07-07,11,LNT,PNW,12.8687,25.2613,2.173,-1,0.4936,-0.5,-0.0064,HOLDING
2011-07-08,11,LNT,PNW,12.8564,25.1601,2.1616,-1,-0.2706,-0.5,-0.7706,HOLDING
2011-07-11,11,LNT,PNW,12.6564,24.8511,1.6067,-1,0.5501,-0.5,0.0501,HOLDING
2011-07-12,11,LNT,PNW,12.681,25.0478,0.9384,-1,2.0227,-0.5,1.5227,HOLDING
2011-07-13,11,LNT,PNW,12.6318,24.9354,0.9309,-1,1.8646,-0.5,1.3646,HOLDING
2011-07-14,11,LNT,PNW,12.4842,24.6601,0.7951,-1,2.0035,-0.5,1.5035,HOLDING
2011-07-15,11,LNT,PNW,12.5518,24.6657,1.1645,-1,0.7439,-0.5,0.2439,HOLDING
2011-07-18,11,LNT,PNW,12.3426,24.3454,0.7284,-1,1.6324,-0.5,1.1324,HOLDING
2011-07-19,11,LNT,PNW,12.4626,24.6825,0.2775,-1,2.6449,-0.5,2.1449,HOLDING
2011-07-20,11,LNT,PNW,12.5549,24.7443,0.6866,-1,1.4643,-0.5,0.9643,HOLDING
2011-07-21,11,LNT,PNW,12.6933,25.0815,0.3652,-1,2.1181,-0.5,1.6181,HOLDING
2011-07-22,11,LNT,PNW,12.6072,24.941,0.1732,-1,2.3988,-0.5,1.8988,HOLDING
2011-07-25,11,LNT,PNW,12.5764,24.7612,0.6154,-1,1.2131,-0.5,0.7131,HOLDING
2011-07-26,11,LNT,PNW,12.478,24.5702,0.5293,-1,1.2311,-0.5,0.7311,HOLDING
2011-07-27,11,LNT,PNW,12.377,24.2949,0.8805,-1,0.4638,-0.5,-0.0362,HOLDING
2011-07-28,11,LNT,PNW,12.3241,24.184,0.9227,-1,0.3908,-0.5,-0.1092,HOLDING
2011-07-29,11,LNT,PNW,12.2526,24.0873,0.557,-1,0.8212,-0.5,0.3212,HOLDING
2011-08-01,11,LNT,PNW,12.3397,23.9735,2.6557,-1,-1.9992,-0.5,-2.4992,HOLDING
2011-08-02,11,LNT,PNW,12.1904,23.5526,2.8676,-1,-3.2742,-0.5,-3.7742,HOLDING
2011-08-03,11,LNT,PNW,12.1966,23.4559,2.7069,-1,-4.3543,-0.5,-4.8543,HOLDING
2011-08-04,11,LNT,PNW,11.5406,22.6369,0.1508,-1,0.2705,-0.5,-0.2295,HOLDING
2011-08-05,11,LNT,PNW,11.4505,22.7564,-1.3724,-1,3.2078,-0.5,2.7078,HOLDING
2011-08-08,11,LNT,PNW,10.6639,21.6018,-2.7147,-1,7.0415,-0.5,6.5415,HOLDING
2011-08-09,11,LNT,PNW,11.3106,22.5345,-1.0716,-1,3.7264,-0.5,3.2264,HOLDING
2011-08-10,11,LNT,PNW,11.1769,22.1478,-0.5525,-1,2.4878,-0.5,1.9878,HOLDING
2011-08-11,11,LNT,PNW,11.6557,23.5469,-1.9636,-1,7.0628,-0.5,6.5628,HOLDING
2011-08-12,11,LNT,PNW,11.6339,23.3365,-1.2498,-1,5.3981,-0.5,4.8981,HOLDING
2011-08-15,11,LNT,PNW,12.1562,24.0361,-0.1252,-1,2.1867,-0.5,1.6867,HOLDING
2011-08-16,11,LNT,PNW,12.0567,23.9792,-0.5584,-1,3.5561,-0.5,3.0561,HOLDING
2011-08-17,11,LNT,PNW,12.1997,24.1043,-0.0417,-1,2.0179,-0.5,1.5179,HOLDING
2011-08-18,11,LNT,PNW,11.8453,23.8598,-1.375,-1,6.4803,-0.5,5.9803,HOLDING
2011-08-19,11,LNT,PNW,11.7862,23.7517,-1.2791,-1,6.5562,-0.5,6.0562,HOLDING
2011-08-22,11,LNT,PNW,11.6743,23.5754,-1.2784,-1,6.9825,-0.5,6.4825,HOLDING
2011-08-23,11,LNT,PNW,12.094,24.1896,-0.585,-1,4.9187,-0.5,4.4187,HOLDING
2011-08-24,11,LNT,PNW,12.4391,24.7129,-0.1008,-1,3.4025,-0.5,2.9025,HOLDING
2011-08-25,11,LNT,PNW,12.2588,24.4456,-0.3002,-1,4.2553,-0.5,3.7553,HOLDING
2011-08-26,11,LNT,PNW,12.2713,24.474,-0.2642,-1,4.2957,-0.5,3.7957,HOLDING
2011-08-29,11,LNT,PNW,12.5417,25.02,-0.205,-1,4.4554,-0.5,3.9554,HOLDING
2011-08-30,11,LNT,PNW,12.5573,24.9916,0.0903,-1,3.8711,-0.5,3.3711,HOLDING
2011-08-31,11,LNT,PNW,12.6132,25.1622,0.0645,-1,4.4762,-0.5,3.9762,HOLDING
2011-09-01,11,LNT,PNW,12.4578,24.8892,-0.005,-1,4.7892,-0.5,4.2892,HOLDING
2011-09-02,11,LNT,PNW,12.2091,24.5593,-0.8571,-1,6.3506,-0.5,5.8506,HOLDING
2011-09-06,11,LNT,PNW,12.1718,24.4058,-0.5343,-1,5.5523,-0.5,5.0523,HOLDING
2011-09-07,11,LNT,PNW,12.3334,24.656,-0.059,-1,4.8928,-0.5,4.3928,HOLDING
2011-09-08,11,LNT,PNW,12.2961,24.548,0.2128,-1,4.5459,-0.5,4.0459,HOLDING
2011-09-09,11,LNT,PNW,11.9479,23.8313,0.2759,-1,4.2039,-0.5,3.7039,HOLDING
2011-09-12,11,LNT,PNW,11.9852,24.0247,-0.5839,-1,5.3974,-0.5,4.8974,HOLDING
2011-09-13,11,LNT,PNW,12.15,24.3148,-0.215,-1,5.0725,-0.5,4.5725,HOLDING
2011-09-14,11,LNT,PNW,12.2308,24.5935,-1.0104,-1,6.2663,-0.5,5.7663,HOLDING
2011-09-15,11,LNT,PNW,12.3459,24.821,-0.9477,-1,6.2875,-0.5,5.7875,HOLDING
2011-09-16,11,LNT,PNW,12.4454,25.1452,-1.8891,-1,7.5702,-0.5,7.0702,HOLDING
2011-09-19,11,LNT,PNW,12.4422,24.929,-0.2256,-1,5.4863,-0.5,4.9863,HOLDING
2011-09-20,11,LNT,PNW,12.4764,25.3272,-2.6546,-1,8.7715,-0.5,8.2715,HOLDING
2011-09-21,11,LNT,PNW,12.1687,24.7243,-2.2646,-1,8.7726,-0.5,8.2726,HOLDING
2011-09-22,11,LNT,PNW,11.9262,24.275,-2.1493,-1,9.0282,-0.5,8.5282,HOLDING
2011-09-23,11,LNT,PNW,11.9821,24.4854,-2.2231,-1,10.0283,-0.5,9.5283,HOLDING
2011-09-26,11,LNT,PNW,12.0132,24.457,-1.5346,-1,9.1418,-0.5,8.6418,HOLDING
2011-09-27,11,LNT,PNW,12.1438,24.474,-0.2362,-1,6.7734,-0.5,6.2734,HOLDING
2011-09-28,11,LNT,PNW,11.9697,24.1612,-0.3629,-1,7.0537,-0.5,6.5537,HOLDING
2011-09-29,11,LNT,PNW,12.0847,24.5764,-1.221,-1,8.9371,-0.5,8.4371,HOLDING
2011-09-30,11,LNT,PNW,12.0256,24.4228,-0.9426,-1,8.5617,-0.5,8.0617,HOLDING
2011-10-03,11,LNT,PNW,11.8049,23.8427,-0.1808,-1,7.0965,-0.5,6.5965,HOLDING
2011-10-04,11,LNT,PNW,11.7334,24.0645,-1.8938,-1,10.6869,-0.5,10.1869,HOLDING
2011-10-05,11,LNT,PNW,11.8204,24.1157,-1.1359,-1,9.5028,-0.5,9.0028,HOLDING
2011-10-06,11,LNT,PNW,12.0256,24.5309,-1.0256,-1,9.6339,-0.5,9.1339,HOLDING
2011-10-07,11,LNT,PNW,12.1065,24.4911,0.1368,-1,7.6677,-0.5,7.1677,HOLDING
2011-10-10,11,LNT,PNW,12.2899,25.2021,-1.5916,-1,11.1558,-0.5,10.6558,HOLDING
2011-10-11,11,LNT,PNW,12.2215,25.0144,-1.2374,-1,10.6231,-0.5,10.1231,HOLDING
2011-10-12,11,LNT,PNW,12.3179,25.1736,-0.9247,-1,10.3297,-0.5,9.8297,HOLDING
2011-10-13,11,LNT,PNW,12.4049,25.2134,-0.02,-1,9.0328,-0.5,8.5328,HOLDING
2011-10-14,11,LNT,PNW,12.607,25.4011,1.3369,-1,6.9671,-0.5,6.4671,HOLDING
2011-10-17,11,LNT,PNW,12.4951,25.2987,0.7508,-1,8.1268,-0.5,7.6268,HOLDING
2011-10-18,11,LNT,PNW,12.6599,25.6343,0.7054,-1,8.2533,-0.5,7.7533,HOLDING
2011-10-19,11,LNT,PNW,12.6195,25.7708,-0.7665,-1,10.3931,-0.5,9.8931,HOLDING
2011-10-20,11,LNT,PNW,12.6443,25.8789,-1.0747,-1,10.9817,-0.5,10.4817,HOLDING
2011-10-21,11,LNT,PNW,12.8744,26.2543,-0.4762,-1,10.2343,-0.5,9.7343,HOLDING
2011-10-24,11,LNT,PNW,12.9863,26.2429,1.0073,-1,7.9461,-0.5,7.4461,HOLDING
2011-10-25,11,LNT,PNW,12.5666,25.8391,-1.7061,-1,12.0975,-0.5,11.5975,HOLDING
2011-10-26,11,LNT,PNW,12.6847,25.9301,-0.6669,-1,10.7041,-0.5,10.2041,HOLDING
2011-10-27,11,LNT,PNW,12.9062,26.7434,-2.357,-1,14.4681,-0.5,13.9681,HOLDING
2011-10-28,11,LNT,PNW,12.9,26.7233,-1.9491,-1,14.3905,-0.5,13.8905,HOLDING
2011-10-31,11,LNT,PNW,12.812,26.2171,-0.3129,-1,11.0787,-0.5,10.5787,HOLDING
2011-11-01,11,LNT,PNW,12.4161,25.5441,-0.9928,-1,12.0962,-0.5,11.5962,HOLDING
2011-11-02,11,LNT,PNW,12.7115,26.3206,-1.6107,-1,14.0597,-0.5,13.5597,HOLDING
2011-11-03,11,LNT,PNW,12.9911,26.8038,-1.0736,-1,13.4184,-0.5,12.9184,HOLDING
2011-11-04,11,LNT,PNW,12.856,26.6025,-1.2798,-1,14.0468,-0.5,13.5468,HOLDING
2011-11-07,11,LNT,PNW,13.0476,26.6427,0.2534,-1,10.7216,-0.5,10.2216,HOLDING
2011-11-08,11,LNT,PNW,13.1607,26.8556,0.314,-1,10.6346,-0.5,10.1346,HOLDING
2011-11-09,11,LNT,PNW,13.0351,26.2056,1.7812,-1,6.6288,-0.5,6.1288,HOLDING
2011-11-10,11,LNT,PNW,13.0068,26.4299,0.6432,-1,9.4041,-0.5,8.9041,HOLDING
2011-11-11,11,LNT,PNW,13.2927,26.9648,0.9023,-1,9.1541,-0.5,8.6541,HOLDING
2011-11-14,11,LNT,PNW,13.0288,26.6427,0.0654,-1,11.088,-0.5,10.588,HOLDING
2011-11-15,11,LNT,PNW,13.2424,26.7118,1.5702,-1,7.6203,-0.5,7.1203,HOLDING
2011-11-16,11,LNT,PNW,13.1293,26.4414,1.5561,-1,7.1367,-0.5,6.6367,HOLDING
2011-11-17,11,LNT,PNW,13.1042,26.3206,1.6072,-1,6.4268,-0.5,5.9268,HOLDING
2011-11-18,11,LNT,PNW,13.0885,26.6485,0.2903,-1,9.9848,-0.5,9.4848,HOLDING
2011-11-21,11,LNT,PNW,12.9659,26.4644,0.1031,-1,10.5402,-0.5,10.0402,HOLDING
2011-11-22,11,LNT,PNW,12.8528,26.0963,0.5615,-1,9.0863,-0.5,8.5863,HOLDING
2011-11-23,11,LNT,PNW,12.6643,25.6937,0.5951,-1,8.7558,-0.5,8.2558,HOLDING
2011-11-25,11,LNT,PNW,12.6895,25.6362,0.9225,-1,7.6966,-0.5,7.1966,HOLDING
2011-11-28,11,LNT,PNW,12.79,26.0503,0.0032,-1,9.8513,-0.5,9.3513,HOLDING
2011-11-29,11,LNT,PNW,12.9062,26.5162,-0.9227,-1,12.2141,-0.5,11.7141,HOLDING
2011-11-30,11,LNT,PNW,13.2613,27.2697,-1.0249,-1,0.0,11.7609,11.7609,PERIOD_END_EXIT
2011-06-03,12,O,XEL,16.5431,14.8542,0.0,0,0.0,0.0,0.0,HOLD_CASH
2011-06-06,12,O,XEL,16.3494,14.7809,0.0,0,0.0,0.0,0.0,HOLD_CASH
2011-06-07,12,O,XEL,16.4511,14.8054,0.0,0,0.0,0.0,0.0,HOLD_CASH
2011-06-08,12,O,XEL,16.33,14.7809,0.0,0,0.0,0.0,0.0,HOLD_CASH
2011-06-09,12,O,XEL,16.1023,14.7626,0.0,0,0.0,0.0,0.0,HOLD_CASH
2011-06-10,12,O,XEL,15.6372,14.6771,0.0,0,0.0,0.0,0.0,HOLD_CASH
2011-06-13,12,O,XEL,15.6712,14.7687,0.0,0,0.0,0.0,0.0,HOLD_CASH
2011-06-14,12,O,XEL,15.9909,14.8054,0.0,0,0.0,0.0,0.0,HOLD_CASH
2011-06-15,12,O,XEL,15.8649,14.726,0.0,0,0.0,0.0,0.0,HOLD_CASH
2011-06-16,12,O,XEL,16.0103,14.8542,0.0,0,0.0,0.0,0.0,HOLD_CASH
2011-06-17,12,O,XEL,16.2186,15.0008,0.0,0,0.0,0.0,0.0,HOLD_CASH
2011-06-20,12,O,XEL,16.2912,15.0253,0.0,0,0.0,0.0,0.0,HOLD_CASH
2011-06-21,12,O,XEL,16.359,15.0623,0.0,0,0.0,0.0,0.0,HOLD_CASH
2011-06-22,12,O,XEL,16.2331,14.9203,0.0,0,0.0,0.0,0.0,HOLD_CASH
2011-06-23,12,O,XEL,15.9618,14.7598,0.0,0,0.0,0.0,0.0,HOLD_CASH
2011-06-24,12,O,XEL,16.0296,14.8277,0.0,0,0.0,0.0,0.0,HOLD_CASH
2011-06-27,12,O,XEL,16.0636,14.945,0.0,0,0.0,0.0,0.0,HOLD_CASH
2011-06-28,12,O,XEL,16.175,15.0499,0.0,0,0.0,0.0,0.0,HOLD_CASH
2011-06-29,12,O,XEL,16.3817,15.0499,0.0,0,0.0,0.0,0.0,HOLD_CASH
2011-06-30,12,O,XEL,16.2942,15.0006,0.0424,0,0.0,0.0,0.0,HOLD_CASH
2011-07-01,12,O,XEL,16.552,15.2228,0.2403,0,0.0,0.0,0.0,HOLD_CASH
2011-07-05,12,O,XEL,16.6201,15.1364,1.1916,0,0.0,0.0,0.0,HOLD_CASH
2011-07-06,12,O,XEL,16.878,15.1919,2.2795,-1,0.0,-0.5,-0.5,ENTER_SHORT_A
2011-07-07,12,O,XEL,17.0337,15.2166,2.5596,-1,-1.8999,-0.5,-2.3999,HOLDING
2011-07-08,12,O,XEL,16.9997,15.1179,2.3485,-1,-3.0209,-0.5,-3.5209,HOLDING
2011-07-11,12,O,XEL,16.7467,14.9265,1.9002,-1,-2.4225,-0.5,-2.9225,HOLDING
2011-07-12,12,O,XEL,16.7904,15.0067,1.5705,-1,-1.7504,-0.5,-2.2504,HOLDING
2011-07-13,12,O,XEL,16.5812,14.9512,0.9059,-1,0.4344,-0.5,-0.0656,HOLDING
2011-07-14,12,O,XEL,16.4304,14.8339,0.7438,-1,0.7382,-0.5,0.2382,HOLDING
2011-07-15,12,O,XEL,16.5715,14.8339,1.1699,-1,-1.3519,-0.5,-1.8519,HOLDING
2011-07-18,12,O,XEL,16.4499,14.6672,1.2749,-1,-2.2927,-0.5,-2.7927,HOLDING
2011-07-19,12,O,XEL,16.5764,14.8092,1.0404,-1,-1.8302,-0.5,-2.3302,HOLDING
2011-07-20,12,O,XEL,16.6542,14.9635,0.6178,-1,-0.4435,-0.5,-0.9435,HOLDING
2011-07-21,12,O,XEL,16.7515,15.2166,-0.105,-1,2.2799,-0.5,1.7799,HOLDING
2011-07-22,12,O,XEL,16.805,15.1487,0.3143,-1,0.3698,-0.5,-0.1302,HOLDING
2011-07-25,12,O,XEL,16.6007,15.1302,-0.4895,-1,3.0919,-0.5,2.5919,HOLDING
2011-07-26,12,O,XEL,16.5958,15.1179,-0.5851,-1,2.961,-0.5,2.461,HOLDING
2011-07-27,12,O,XEL,16.1628,15.1179,-2.4886,-1,9.3746,-0.5,8.8746,HOLDING
2011-07-28,12,O,XEL,15.9649,14.9697,-2.2781,-1,9.8683,-0.5,9.3683,HOLDING
2011-07-29,12,O,XEL,15.8623,14.8154,-1.8435,-1,8.8486,-0.5,8.3486,HOLDING
2011-08-01,12,O,XEL,15.8818,14.8401,-1.7079,-1,8.9654,-0.5,8.4654,HOLDING
2011-08-02,12,O,XEL,15.4616,14.5314,-1.7727,-1,10.111,-0.5,9.611,HOLDING
2011-08-03,12,O,XEL,15.4225,14.4758,-1.5031,-1,9.7759,-0.5,9.2759,HOLDING
2011-08-04,12,O,XEL,14.9436,14.0808,-1.4951,-1,10.368,-0.5,9.868,HOLDING
2011-08-05,12,O,XEL,14.665,14.34,-2.5146,-1,18.7603,-0.5,18.2603,HOLDING
2011-08-08,12,O,XEL,13.7023,13.5499,-2.3644,-1,20.0171,-0.5,19.5171,HOLDING
2011-08-09,12,O,XEL,15.315,13.7659,0.8514,-1,-0.3138,-0.5,-0.8138,HOLDING
2011-08-10,12,O,XEL,15.0266,13.4696,0.9265,-1,-0.9194,-0.5,-1.4194,HOLDING
2011-08-11,12,O,XEL,15.6961,14.1055,0.8285,-1,-0.3725,-0.5,-0.8725,HOLDING
2011-08-12,12,O,XEL,15.4713,14.1302,0.3306,-1,3.3635,-0.5,2.8635,HOLDING
2011-08-15,12,O,XEL,16.0822,14.5314,0.7355,-1,0.9186,-0.5,0.4186,HOLDING
2011-08-16,12,O,XEL,15.9502,14.482,0.6109,-1,2.0601,-0.5,1.5601,HOLDING
2011-08-17,12,O,XEL,16.048,14.5993,0.5736,-1,2.5426,-0.5,2.0426,HOLDING
2011-08-18,12,O,XEL,15.789,14.4388,0.3981,-1,3.7378,-0.5,3.2378,HOLDING
2011-08-19,12,O,XEL,15.657,14.3894,0.257,-1,4.8793,-0.5,4.3793,HOLDING
2011-08-22,12,O,XEL,15.7841,14.482,0.3341,-1,4.5212,-0.5,4.0212,HOLDING
2011-08-23,12,O,XEL,16.2728,14.8524,0.5369,-1,3.378,-0.5,2.878,HOLDING
2011-08-24,12,O,XEL,16.6246,15.0623,0.7467,-1,1.6205,-0.5,1.1205,HOLDING
2011-08-25,12,O,XEL,16.2825,14.8771,0.3844,-1,3.6396,-0.5,3.1396,HOLDING
2011-08-26,12,O,XEL,16.4389,14.8277,0.7935,-1,0.5106,-0.5,0.0106,HOLDING
2011-08-29,12,O,XEL,16.9227,15.0438,1.1993,-1,-3.0999,-0.5,-3.5999,HOLDING
2011-08-30,12,O,XEL,16.8983,15.0808,0.9585,-1,-2.1284,-0.5,-2.6284,HOLDING
2011-08-31,12,O,XEL,16.9471,15.229,0.641,-1,-0.4144,-0.5,-0.9144,HOLDING
2011-09-01,12,O,XEL,16.6061,15.0993,0.1589,-1,2.5043,-0.5,2.0043,HOLDING
2011-09-02,12,O,XEL,16.346,14.945,-0.2113,-1,3.817,-0.5,3.317,HOLDING
2011-09-06,12,O,XEL,16.3264,14.8462,-0.3543,-1,2.4823,-0.5,1.9823,HOLDING
2011-09-07,12,O,XEL,16.9152,15.0191,1.9211,-1,-3.3957,-0.5,-3.8957,HOLDING
2011-09-08,12,O,XEL,16.9839,14.9635,2.2559,-1,-5.3276,-0.5,-5.8276,HOLDING
2011-09-09,12,O,XEL,16.5079,14.6734,1.397,-1,-3.0514,-0.5,-3.5514,HOLDING
2011-09-12,12,O,XEL,16.6895,14.7969,1.4219,-1,-3.7089,-0.5,-4.2089,HOLDING
2011-09-13,12,O,XEL,16.8662,15.1055,0.6033,-1,-1.2465,-0.5,-1.7465,HOLDING
2011-09-14,12,O,XEL,16.9398,15.2598,0.1312,-1,0.2029,-0.5,-0.2971,HOLDING
2011-09-15,12,O,XEL,17.0085,15.445,-0.4914,-1,2.2329,-0.5,1.7329,HOLDING
2011-09-16,12,O,XEL,17.1459,15.5994,-0.6688,-1,2.7373,-0.5,2.2373,HOLDING
2011-09-19,12,O,XEL,16.9299,15.55,-1.4197,-1,5.1225,-0.5,4.6225,HOLDING
2011-09-20,12,O,XEL,16.8956,15.7496,-2.2504,-1,8.9159,-0.5,8.4159,HOLDING
2011-09-21,12,O,XEL,16.4392,15.5063,-2.4583,-1,11.6727,-0.5,11.1727,HOLDING
2011-09-22,12,O,XEL,16.3411,15.2818,-1.7088,-1,9.4313,-0.5,8.9313,HOLDING
2011-09-23,12,O,XEL,16.4785,15.4003,-1.5169,-1,9.3463,-0.5,8.8463,HOLDING
2011-09-26,12,O,XEL,16.5963,15.4938,-1.3125,-1,9.1416,-0.5,8.6416,HOLDING
2011-09-27,12,O,XEL,16.6699,15.4876,-0.9793,-1,7.9487,-0.5,7.4487,HOLDING
2011-09-28,12,O,XEL,16.4441,15.3504,-1.0889,-1,9.0341,-0.5,8.5341,HOLDING
2011-09-29,12,O,XEL,16.5501,15.5375,-1.2199,-1,10.5437,-0.5,10.0437,HOLDING
2011-09-30,12,O,XEL,15.8897,15.4003,-2.1841,-1,18.068,-0.5,17.568,HOLDING
2011-10-03,12,O,XEL,15.0518,15.157,-2.706,-1,26.4753,-0.5,25.9753,HOLDING
2011-10-04,12,O,XEL,15.6285,14.9325,-1.0009,-1,14.2388,-0.5,13.7388,HOLDING
2011-10-05,12,O,XEL,15.456,15.0572,-1.4161,-1,18.8467,-0.5,18.3467,HOLDING
2011-10-06,12,O,XEL,15.658,15.3816,-1.5042,-1,21.1911,-0.5,20.6911,HOLDING
2011-10-07,12,O,XEL,15.1701,15.3504,-2.0364,-1,27.9053,-0.5,27.4053,HOLDING
2011-10-10,12,O,XEL,15.7122,15.55,-1.31,-1,23.1593,-0.5,22.6593,HOLDING
2011-10-11,12,O,XEL,15.318,15.3628,-1.5209,-1,25.9202,-0.5,25.4202,HOLDING
2011-10-12,12,O,XEL,15.5052,15.4003,-1.1432,-1,23.7622,-0.5,23.2622,HOLDING
2011-10-13,12,O,XEL,15.6334,15.4003,-0.8226,-1,21.8641,-0.5,21.3641,HOLDING
2011-10-14,12,O,XEL,15.9882,15.5188,-0.3023,-1,18.5581,-0.5,18.0581,HOLDING
2011-10-17,12,O,XEL,15.7812,15.4564,-0.5175,-1,20.5978,-0.5,20.0978,HOLDING
2011-10-18,12,O,XEL,16.2199,15.6435,0.0677,-1,17.1799,-0.5,16.6799,HOLDING
2011-10-19,12,O,XEL,16.0178,15.6997,-0.4426,-1,21.0967,-0.5,20.5967,HOLDING
2011-10-20,12,O,XEL,16.0425,15.8618,-0.6785,-1,23.4005,-0.5,22.9005,HOLDING
2011-10-21,12,O,XEL,16.3776,16.0302,-0.2292,-1,21.2076,-0.5,20.7076,HOLDING
2011-10-24,12,O,XEL,16.6832,15.9242,0.853,-1,14.9365,-0.5,14.4365,HOLDING
2011-10-25,12,O,XEL,16.3431,15.7745,0.5236,-1,17.5103,-0.5,17.0103,HOLDING
2011-10-26,12,O,XEL,16.5304,15.893,0.8725,-1,16.6865,-0.5,16.1865,HOLDING
2011-10-27,12,O,XEL,16.7817,16.3421,0.3405,-1,20.3537,-0.5,19.8537,HOLDING
2011-10-28,12,O,XEL,16.804,16.1612,1.0514,-1,17.047,-0.5,16.547,HOLDING
2011-10-31,12,O,XEL,16.5367,16.1238,0.1523,-1,20.3901,-0.5,19.8901,HOLDING
2011-11-01,12,O,XEL,16.1457,15.7246,0.3059,-1,19.6129,-0.5,19.1129,HOLDING
2011-11-02,12,O,XEL,16.4278,16.1113,-0.1508,-1,21.7979,-0.5,21.2979,HOLDING
2011-11-03,12,O,XEL,16.7248,16.3421,0.0853,-1,21.1968,-0.5,20.6968,HOLDING
2011-11-04,12,O,XEL,16.5813,16.2548,-0.297,-1,21.8861,-0.5,21.3861,HOLDING
2011-11-07,12,O,XEL,16.606,16.3359,-0.6221,-1,22.8538,-0.5,22.3538,HOLDING
2011-11-08,12,O,XEL,16.7248,16.4294,-0.6864,-1,22.6339,-0.5,22.1339,HOLDING
2011-11-09,12,O,XEL,16.2348,16.0427,-1.3454,-1,23.5281,-0.5,23.0281,HOLDING
2011-11-10,12,O,XEL,16.1507,16.2111,-2.4133,-1,27.5459,-0.5,27.0459,HOLDING
2011-11-11,12,O,XEL,16.4724,16.4107,-1.5491,-1,26.0649,-0.5,25.5649,HOLDING
2011-11-14,12,O,XEL,16.3635,16.18,-0.8809,-1,23.8801,-0.5,23.3801,HOLDING
2011-11-15,12,O,XEL,16.5268,16.3359,-0.7698,-1,24.0267,-0.5,23.5267,HOLDING
2011-11-16,12,O,XEL,16.5664,16.1113,0.5074,-1,19.745,-0.5,19.245,HOLDING
2011-11-17,12,O,XEL,16.512,15.9679,0.87,-1,18.1906,-0.5,17.6906,HOLDING
2011-11-18,12,O,XEL,16.6902,16.1675,0.6843,-1,18.8358,-0.5,18.3358,HOLDING
2011-11-21,12,O,XEL,16.3684,16.0053,0.042,-1,20.9328,-0.5,20.4328,HOLDING
2011-11-22,12,O,XEL,16.4031,15.7558,1.539,-1,16.3136,-0.5,15.8136,HOLDING
2011-11-23,12,O,XEL,16.0418,15.5562,0.7988,-1,18.3812,-0.5,17.8812,HOLDING
2011-11-25,12,O,XEL,16.0863,15.7184,0.1377,-1,20.3901,-0.5,19.8901,HOLDING
2011-11-28,12,O,XEL,16.413,15.8244,1.3699,-1,17.2963,-0.5,16.7963,HOLDING
2011-11-29,12,O,XEL,16.4254,16.0365,0.233,-1,20.602,-0.5,20.102,HOLDING
2011-11-30,12,O,XEL,16.8331,16.3983,0.4358,-1,0.0,19.4979,19.4979,PERIOD_END_EXIT
2011-06-03,13,PEP,PPL,44.3089,13.1253,0.0,0,0.0,0.0,0.0,HOLD_CASH
2011-06-06,13,PEP,PPL,44.2576,13.0213,0.0,0,0.0,0.0,0.0,HOLD_CASH
2011-06-07,13,PEP,PPL,44.2832,13.0591,0.0,0,0.0,0.0,0.0,HOLD_CASH
2011-06-08,13,PEP,PPL,44.2254,12.9825,0.0,0,0.0,0.0,0.0,HOLD_CASH
2011-06-09,13,PEP,PPL,44.6559,12.9825,0.0,0,0.0,0.0,0.0,HOLD_CASH
2011-06-10,13,PEP,PPL,44.1291,12.9011,0.0,0,0.0,0.0,0.0,HOLD_CASH
2011-06-13,13,PEP,PPL,44.3668,12.9873,0.0,0,0.0,0.0,0.0,HOLD_CASH
2011-06-14,13,PEP,PPL,44.6944,13.0447,0.0,0,0.0,0.0,0.0,HOLD_CASH
2011-06-15,13,PEP,PPL,43.9942,12.9011,0.0,0,0.0,0.0,0.0,HOLD_CASH
2011-06-16,13,PEP,PPL,44.2576,13.0208,0.0,0,0.0,0.0,0.0,HOLD_CASH
2011-06-17,13,PEP,PPL,44.1483,12.9634,0.0,0,0.0,0.0,0.0,HOLD_CASH
2011-06-20,13,PEP,PPL,44.3154,13.0256,0.0,0,0.0,0.0,0.0,HOLD_CASH
2011-06-21,13,PEP,PPL,44.2832,13.1405,0.0,0,0.0,0.0,0.0,HOLD_CASH
2011-06-22,13,PEP,PPL,44.1869,13.0064,0.0,0,0.0,0.0,0.0,HOLD_CASH
2011-06-23,13,PEP,PPL,43.6729,12.9681,0.0,0,0.0,0.0,0.0,HOLD_CASH
2011-06-24,13,PEP,PPL,43.9749,12.9634,0.0,0,0.0,0.0,0.0,HOLD_CASH
2011-06-27,13,PEP,PPL,44.3604,13.0782,0.0,0,0.0,0.0,0.0,HOLD_CASH
2011-06-28,13,PEP,PPL,44.7265,13.2506,0.0,0,0.0,0.0,0.0,HOLD_CASH
2011-06-29,13,PEP,PPL,44.945,13.3463,0.0,0,0.0,0.0,0.0,HOLD_CASH
2011-06-30,13,PEP,PPL,45.2469,13.3224,-0.0584,0,0.0,0.0,0.0,HOLD_CASH
2011-07-01,13,PEP,PPL,45.0927,13.4133,-1.6908,0,0.0,0.0,0.0,HOLD_CASH
2011-07-05,13,PEP,PPL,44.8229,13.3463,-1.6226,0,0.0,0.0,0.0,HOLD_CASH
2011-07-06,13,PEP,PPL,45.0799,13.3798,-1.056,0,0.0,0.0,0.0,HOLD_CASH
2011-07-07,13,PEP,PPL,45.3047,13.4468,-0.9612,0,0.0,0.0,0.0,HOLD_CASH
2011-07-08,13,PEP,PPL,44.9257,13.4133,-1.6888,0,0.0,0.0,0.0,HOLD_CASH
2011-07-11,13,PEP,PPL,44.521,13.2984,-1.578,0,0.0,0.0,0.0,HOLD_CASH
2011-07-12,13,PEP,PPL,44.3347,13.3846,-2.5091,1,0.0,-0.5,-0.5,ENTER_LONG_A
2011-07-13,13,PEP,PPL,44.2576,13.3415,-2.0441,1,0.3699,-0.5,-0.1301,HOLDING
2011-07-14,13,PEP,PPL,44.0713,13.2506,-1.5411,1,1.0183,-0.5,0.5183,HOLDING
2011-07-15,13,PEP,PPL,44.0263,13.2984,-1.8143,1,-0.1295,-0.5,-0.6295,HOLDING
2011-07-18,13,PEP,PPL,43.6858,13.1836,-1.5346,1,0.0965,-0.5,-0.4035,HOLDING
2011-07-19,13,PEP,PPL,44.0327,13.1979,-0.6971,1,1.7843,-0.5,1.2843,HOLDING
2011-07-20,13,PEP,PPL,44.0006,13.2458,-1.0882,1,0.7092,-0.5,0.2092,HOLDING
2011-07-21,13,PEP,PPL,42.5101,13.4181,-3.5455,1,-10.9143,-0.5,-11.4143,HOLDING
2011-07-22,13,PEP,PPL,42.2467,13.4085,-2.7968,1,-12.2208,-0.5,-12.7208,HOLDING
2011-07-25,13,PEP,PPL,41.3538,13.5905,-3.048,1,-20.6539,-0.5,-21.1539,HOLDING
2011-07-26,13,PEP,PPL,41.161,13.6431,-2.5599,1,-22.7243,-0.5,-23.2243,HOLDING
2011-07-27,13,PEP,PPL,41.0261,13.7053,-2.2491,1,-24.6474,-0.5,-25.1474,HOLDING
2011-07-28,13,PEP,PPL,41.0454,13.6192,-1.7851,1,-22.9292,-0.5,-23.4292,HOLDING
2011-07-29,13,PEP,PPL,41.1417,13.3559,-1.1542,1,-17.4683,-0.5,-17.9683,HOLDING
2011-08-01,13,PEP,PPL,41.0261,13.4133,-1.1841,1,-19.1931,-0.5,-19.6931,HOLDING
2011-08-02,13,PEP,PPL,40.5892,13.1644,-0.9088,1,-17.0071,-0.5,-17.5071,HOLDING
2011-08-03,13,PEP,PPL,41.4244,13.2075,-0.4584,1,-13.1022,-0.5,-13.6022,HOLDING
2011-08-04,13,PEP,PPL,40.6984,12.7001,0.0973,1,-7.7182,-0.5,-8.2182,HOLDING
2011-08-05,13,PEP,PPL,41.5465,12.7144,0.6105,1,-3.2045,-0.5,-3.7045,HOLDING
2011-08-08,13,PEP,PPL,40.4543,12.1256,1.1323,1,1.6348,-0.5,1.1348,HOLDING
2011-08-09,13,PEP,PPL,40.5314,12.633,0.2092,1,-7.4083,-0.5,-7.9083,HOLDING
2011-08-10,13,PEP,PPL,38.7519,12.2644,-0.1206,1,-10.5582,-0.5,-11.0582,HOLDING
2011-08-11,13,PEP,PPL,40.3901,12.5469,0.426,1,-6.5959,-0.5,-7.0959,HOLDING
2011-08-12,13,PEP,PPL,40.5892,12.4463,0.8168,1,-3.5951,-0.5,-4.0951,HOLDING
2011-08-15,13,PEP,PPL,40.8398,12.7575,0.3645,1,-7.9941,-0.5,-8.4941,HOLDING
2011-08-16,13,PEP,PPL,40.9618,12.9107,0.191,1,-10.167,-0.5,-10.667,HOLDING
2011-08-17,13,PEP,PPL,41.5144,13.1117,0.218,1,-10.8069,-0.5,-11.3069,HOLDING
2011-08-18,13,PEP,PPL,40.5314,13.0639,-0.4291,1,-15.4555,-0.5,-15.9555,HOLDING
2011-08-19,13,PEP,PPL,39.8761,13.0687,-0.9129,1,-19.2401,-0.5,-19.7401,HOLDING
2011-08-22,13,PEP,PPL,39.7798,13.0064,-0.8511,1,-18.621,-0.5,-19.121,HOLDING
2011-08-23,13,PEP,PPL,40.782,13.2171,-0.6203,1,-16.9039,-0.5,-17.4039,HOLDING
2011-08-24,13,PEP,PPL,40.9233,13.4468,-1.1718,1,-20.3988,-0.5,-20.8988,HOLDING
2011-08-25,13,PEP,PPL,40.4865,13.3176,-1.2544,1,-20.448,-0.5,-20.948,HOLDING
2011-08-26,13,PEP,PPL,40.5764,13.308,-1.1071,1,-19.7619,-0.5,-20.2619,HOLDING
2011-08-29,13,PEP,PPL,41.2188,13.6335,-1.3559,1,-22.2194,-0.5,-22.7194,HOLDING
2011-08-30,13,PEP,PPL,41.4501,13.6048,-1.0446,1,-20.3788,-0.5,-20.8788,HOLDING
2011-08-31,13,PEP,PPL,41.7253,13.825,-1.2464,1,-22.9398,-0.5,-23.4398,HOLDING
2011-09-01,13,PEP,PPL,41.544,13.7484,-1.0891,1,-22.5316,-0.5,-23.0316,HOLDING
2011-09-02,13,PEP,PPL,40.9935,13.6623,-1.2024,1,-24.0263,-0.5,-24.5263,HOLDING
2011-09-06,13,PEP,PPL,40.4431,13.7197,-1.7199,1,-28.2032,-0.5,-28.7032,HOLDING
2011-09-07,13,PEP,PPL,39.9056,13.7197,-1.903,1,-31.2343,-0.5,-31.7343,HOLDING
2011-09-08,13,PEP,PPL,39.7242,13.7294,-1.7913,1,-32.4378,-0.5,-32.9378,HOLDING
2011-09-09,13,PEP,PPL,38.85,13.5452,-1.8261,1,-33.9281,-0.5,-34.4281,HOLDING
2011-09-12,13,PEP,PPL,38.9471,13.5598,-1.6726,1,-33.6519,-0.5,-34.1519,HOLDING
2011-09-13,13,PEP,PPL,39.2061,13.5598,-1.3563,1,-32.1912,-0.5,-32.6912,HOLDING
2011-09-14,13,PEP,PPL,39.8797,13.6615,-0.9602,1,-30.2942,-0.5,-30.7942,HOLDING
2011-09-15,13,PEP,PPL,40.9417,13.7924,-0.2818,1,-26.7492,-0.5,-27.2492,HOLDING
2011-09-16,13,PEP,PPL,40.184,13.9572,-1.3589,1,-34.0995,-0.5,-34.5995,HOLDING
2011-09-19,13,PEP,PPL,39.2191,13.899,-1.8556,1,-38.4544,-0.5,-38.9544,HOLDING
2011-09-20,13,PEP,PPL,39.109,14.1849,-2.2269,1,-44.4158,-0.5,-44.9158,HOLDING
2011-09-21,13,PEP,PPL,39.368,14.0444,-1.5192,1,-40.3302,-0.5,-40.8302,HOLDING
2011-09-22,13,PEP,PPL,39.4522,13.8021,-0.7986,1,-35.3293,-0.5,-35.8293,HOLDING
2011-09-23,13,PEP,PPL,39.0766,13.8069,-1.0239,1,-37.538,-0.5,-38.038,HOLDING
2011-09-26,13,PEP,PPL,40.0804,13.9669,-0.4835,1,-34.8648,-0.5,-35.3648,HOLDING
2011-09-27,13,PEP,PPL,40.4301,13.9959,-0.176,1,-33.4359,-0.5,-33.9359,HOLDING
2011-09-28,13,PEP,PPL,40.1322,13.9039,-0.1154,1,-33.3959,-0.5,-33.8959,HOLDING
2011-09-29,13,PEP,PPL,40.5273,13.9814,0.1594,1,-32.6166,-0.5,-33.1166,HOLDING
2011-09-30,13,PEP,PPL,40.0869,13.8312,0.2843,1,-32.2938,-0.5,-32.7938,HOLDING
2011-10-03,13,PEP,PPL,39.0442,13.458,0.484,1,-31.2031,-0.5,-31.7031,HOLDING
2011-10-04,13,PEP,PPL,39.1479,13.3999,0.9586,1,-29.5327,-0.5,-30.0327,HOLDING
2011-10-05,13,PEP,PPL,39.0442,13.3029,1.1823,1,-28.3066,-0.5,-28.8066,HOLDING
2011-10-06,13,PEP,PPL,39.2256,13.5355,0.4151,1,-31.6291,-0.5,-32.1291,HOLDING
2011-10-07,13,PEP,PPL,39.517,13.6179,0.4578,1,-31.5245,-0.5,-32.0245,HOLDING
2011-10-10,13,PEP,PPL,40.0675,13.8796,0.133,1,-33.3085,-0.5,-33.8085,HOLDING
2011-10-11,13,PEP,PPL,39.4717,13.8312,-0.5094,1,-35.763,-0.5,-36.263,HOLDING
2011-10-12,13,PEP,PPL,40.605,13.7294,1.495,1,-27.4713,-0.5,-27.9713,HOLDING
2011-10-13,13,PEP,PPL,40.3848,13.773,1.0996,1,-29.5277,-0.5,-30.0277,HOLDING
2011-10-14,13,PEP,PPL,40.3071,13.8215,0.7263,1,-30.8711,-0.5,-31.3711,HOLDING
2011-10-17,13,PEP,PPL,40.0804,13.8069,0.3881,1,-31.8778,-0.5,-32.3778,HOLDING
2011-10-18,13,PEP,PPL,40.4172,13.9087,0.3798,1,-31.8795,-0.5,-32.3795,HOLDING
2011-10-19,13,PEP,PPL,40.2229,13.962,-0.5151,1,-33.9709,-0.5,-34.4709,HOLDING
2011-10-20,13,PEP,PPL,40.2294,14.0105,-0.8833,1,-34.8396,-0.5,-35.3396,HOLDING
2011-10-21,13,PEP,PPL,40.333,14.2576,-2.3662,1,-38.8717,-0.5,-39.3717,HOLDING
2011-10-24,13,PEP,PPL,40.2164,14.1365,-1.66,1,-37.266,-0.5,-37.766,HOLDING
2011-10-25,13,PEP,PPL,40.0351,13.9572,-0.8338,1,-34.9394,-0.5,-35.4394,HOLDING
2011-10-26,13,PEP,PPL,40.1581,14.1656,-1.6899,1,-38.1378,-0.5,-38.6378,HOLDING
2011-10-27,13,PEP,PPL,40.7215,14.2528,-0.9423,1,-36.5902,-0.5,-37.0902,HOLDING
2011-10-28,13,PEP,PPL,40.9288,14.3933,-1.2068,1,-38.0465,-0.5,-38.5465,HOLDING
2011-10-31,13,PEP,PPL,40.7669,14.2334,-0.5774,1,-35.9723,-0.5,-36.4723,HOLDING
2011-11-01,13,PEP,PPL,40.3006,14.0638,-0.4725,1,-35.4336,-0.5,-35.9336,HOLDING
2011-11-02,13,PEP,PPL,40.4172,14.2576,-1.2324,1,-38.397,-0.5,-38.897,HOLDING
2011-11-03,13,PEP,PPL,40.6697,14.5387,-1.9594,1,-42.2228,-0.5,-42.7228,HOLDING
2011-11-04,13,PEP,PPL,40.1452,14.3788,-1.8028,1,-42.1937,-0.5,-42.6937,HOLDING
2011-11-07,13,PEP,PPL,40.4755,14.466,-1.4641,1,-41.9607,-0.5,-42.4607,HOLDING
2011-11-08,13,PEP,PPL,41.2267,14.592,-0.7915,1,-40.078,-0.5,-40.578,HOLDING
2011-11-09,13,PEP,PPL,40.333,14.4321,-1.4156,1,-42.1303,-0.5,-42.6303,HOLDING
2011-11-10,13,PEP,PPL,40.7734,14.4903,-0.8771,1,-40.7333,-0.5,-41.2333,HOLDING
2011-11-11,13,PEP,PPL,40.9806,14.655,-1.2564,1,-42.6424,-0.5,-43.1424,HOLDING
2011-11-14,13,PEP,PPL,40.6697,14.4709,-0.7815,1,-40.9556,-0.5,-41.4556,HOLDING
2011-11-15,13,PEP,PPL,41.7707,14.4757,1.5998,1,-34.838,-0.5,-35.338,HOLDING
2011-11-16,13,PEP,PPL,42.1528,14.2625,2.871,1,-28.7007,-0.5,-29.2007,HOLDING
2011-11-17,13,PEP,PPL,41.5051,14.151,2.0179,1,-30.2706,-0.5,-30.7706,HOLDING
2011-11-18,13,PEP,PPL,41.3756,14.3109,1.0033,1,-33.988,-0.5,-34.488,HOLDING
2011-11-21,13,PEP,PPL,40.8964,14.1995,0.716,1,-34.6085,-0.5,-35.1085,HOLDING
2011-11-22,13,PEP,PPL,40.9158,14.0929,1.135,1,-32.5074,-0.5,-33.0074,HOLDING
2011-11-23,13,PEP,PPL,40.4107,13.7682,1.5649,1,-29.2912,-0.5,-29.7912,HOLDING
2011-11-25,13,PEP,PPL,40.469,13.8457,1.2173,1,-30.4107,-0.5,-30.9107,HOLDING
2011-11-28,13,PEP,PPL,40.7928,14.0929,0.6469,1,-33.2013,-0.5,-33.7013,HOLDING
2011-11-29,13,PEP,PPL,41.2267,14.1656,0.8719,1,-32.1124,-0.5,-32.6124,HOLDING
2011-11-30,13,PEP,PPL,41.7849,14.5484,0.1853,1,0.0,-37.1229,-37.1229,PERIOD_END_EXIT
2011-06-03,14,D,NEE,25.5515,9.2021,0.0,0,0.0,0.0,0.0,HOLD_CASH
2011-06-06,14,D,NEE,25.416,9.1575,0.0,0,0.0,0.0,0.0,HOLD_CASH
2011-06-07,14,D,NEE,25.687,9.1575,0.0,0,0.0,0.0,0.0,HOLD_CASH
2011-06-08,14,D,NEE,25.8441,9.1724,0.0,0,0.0,0.0,0.0,HOLD_CASH
2011-06-09,14,D,NEE,26.0013,9.1939,0.0,0,0.0,0.0,0.0,HOLD_CASH
2011-06-10,14,D,NEE,25.7574,9.1707,0.0,0,0.0,0.0,0.0,HOLD_CASH
2011-06-13,14,D,NEE,25.92,9.2385,0.0,0,0.0,0.0,0.0,HOLD_CASH
2011-06-14,14,D,NEE,25.8441,9.2368,0.0,0,0.0,0.0,0.0,HOLD_CASH
2011-06-15,14,D,NEE,25.5244,9.1674,0.0,0,0.0,0.0,0.0,HOLD_CASH
2011-06-16,14,D,NEE,25.6111,9.2798,0.0,0,0.0,0.0,0.0,HOLD_CASH
2011-06-17,14,D,NEE,25.8279,9.3591,0.0,0,0.0,0.0,0.0,HOLD_CASH
2011-06-20,14,D,NEE,26.0988,9.4285,0.0,0,0.0,0.0,0.0,HOLD_CASH
2011-06-21,14,D,NEE,26.1368,9.4153,0.0,0,0.0,0.0,0.0,HOLD_CASH
2011-06-22,14,D,NEE,25.8821,9.374,0.0,0,0.0,0.0,0.0,HOLD_CASH
2011-06-23,14,D,NEE,25.5461,9.3178,0.0,0,0.0,0.0,0.0,HOLD_CASH
2011-06-24,14,D,NEE,25.6057,9.3558,0.0,0,0.0,0.0,0.0,HOLD_CASH
2011-06-27,14,D,NEE,25.8496,9.417,0.0,0,0.0,0.0,0.0,HOLD_CASH
2011-06-28,14,D,NEE,25.9037,9.4351,0.0,0,0.0,0.0,0.0,HOLD_CASH
2011-06-29,14,D,NEE,26.0663,9.4583,0.0,0,0.0,0.0,0.0,HOLD_CASH
2011-06-30,14,D,NEE,26.1585,9.4963,-0.7563,0,0.0,0.0,0.0,HOLD_CASH
2011-07-01,14,D,NEE,26.5486,9.6153,-0.4838,0,0.0,0.0,0.0,HOLD_CASH
2011-07-05,14,D,NEE,26.3427,9.5343,-0.3911,0,0.0,0.0,0.0,HOLD_CASH
2011-07-06,14,D,NEE,26.4999,9.5459,0.1457,0,0.0,0.0,0.0,HOLD_CASH
2011-07-07,14,D,NEE,26.5324,9.5938,-0.1673,0,0.0,0.0,0.0,HOLD_CASH
2011-07-08,14,D,NEE,26.3535,9.536,-0.1417,0,0.0,0.0,0.0,HOLD_CASH
2011-07-11,14,D,NEE,26.0717,9.4467,-0.2376,0,0.0,0.0,0.0,HOLD_CASH
2011-07-12,14,D,NEE,26.2072,9.4682,0.3999,0,0.0,0.0,0.0,HOLD_CASH
2011-07-13,14,D,NEE,26.1639,9.4533,0.5922,0,0.0,0.0,0.0,HOLD_CASH
2011-07-14,14,D,NEE,26.1043,9.4186,1.0603,0,0.0,0.0,0.0,HOLD_CASH
2011-07-15,14,D,NEE,26.2614,9.3872,2.5856,-1,0.0,-0.5,-0.5,ENTER_SHORT_A
2011-07-18,14,D,NEE,26.0121,9.3145,1.8918,-1,0.4365,-0.5,-0.0635,HOLDING
2011-07-19,14,D,NEE,26.3861,9.3823,2.4633,-1,-1.3186,-0.5,-1.8186,HOLDING
2011-07-20,14,D,NEE,26.6949,9.4104,2.7501,-1,-3.5108,-0.5,-4.0108,HOLDING
2011-07-21,14,D,NEE,27.096,9.5674,2.1077,-1,-3.147,-0.5,-3.647,HOLDING
2011-07-22,14,D,NEE,26.9768,9.4963,2.03,-1,-3.9049,-0.5,-4.4049,HOLDING
2011-07-25,14,D,NEE,26.8629,9.5095,1.3769,-1,-2.4693,-0.5,-2.9693,HOLDING
2011-07-26,14,D,NEE,26.7166,9.4798,1.0603,-1,-1.8687,-0.5,-2.3687,HOLDING
2011-07-27,14,D,NEE,26.5812,9.3624,1.538,-1,-3.7039,-0.5,-4.2039,HOLDING
2011-07-28,14,D,NEE,26.5486,9.2947,1.7919,-1,-5.199,-0.5,-5.699,HOLDING
2011-07-29,14,D,NEE,26.256,9.1311,1.9928,-1,-6.7705,-0.5,-7.2705,HOLDING
2011-08-01,14,D,NEE,26.3319,9.1575,1.7357,-1,-6.7887,-0.5,-7.2887,HOLDING
2011-08-02,14,D,NEE,26.0663,8.9641,2.1171,-1,-9.4105,-0.5,-9.9105,HOLDING
2011-08-03,14,D,NEE,26.3698,8.9294,2.4373,-1,-13.2237,-0.5,-13.7237,HOLDING
2011-08-04,14,D,NEE,25.8875,8.6749,2.3917,-1,-15.4104,-0.5,-15.9104,HOLDING
2011-08-05,14,D,NEE,26.3319,8.7278,2.3366,-1,-18.2324,-0.5,-18.7324,HOLDING
2011-08-08,14,D,NEE,24.8958,8.2915,1.8564,-1,-16.1809,-0.5,-16.6809,HOLDING
2011-08-09,14,D,NEE,25.3456,8.584,1.1123,-1,-12.6723,-0.5,-13.1723,HOLDING
2011-08-10,14,D,NEE,25.1234,8.2948,1.8131,-1,-18.2597,-0.5,-18.7597,HOLDING
2011-08-11,14,D,NEE,26.0284,8.6683,1.3599,-1,-16.9278,-0.5,-17.4278,HOLDING
2011-08-12,14,D,NEE,25.855,8.708,0.8643,-1,-14.2206,-0.5,-14.7206,HOLDING
2011-08-15,14,D,NEE,26.9226,9.0468,0.8617,-1,-15.3608,-0.5,-15.8608,HOLDING
2011-08-16,14,D,NEE,26.928,9.0385,0.8182,-1,-15.6324,-0.5,-16.1324,HOLDING
2011-08-17,14,D,NEE,27.161,9.098,0.8118,-1,-16.2662,-0.5,-16.7662,HOLDING
2011-08-18,14,D,NEE,26.5974,9.022,0.2417,-1,-12.9256,-0.5,-13.4256,HOLDING
2011-08-19,14,D,NEE,26.0067,8.9724,-0.5295,-1,-8.6228,-0.5,-9.1228,HOLDING
2011-08-22,14,D,NEE,26.1476,8.946,-0.26,-1,-10.6684,-0.5,-11.1684,HOLDING
2011-08-23,14,D,NEE,26.6083,9.1096,-0.4222,-1,-10.6961,-0.5,-11.1961,HOLDING
2011-08-24,14,D,NEE,27.1409,9.355,-0.9181,-1,-9.2313,-0.5,-9.7313,HOLDING
2011-08-25,14,D,NEE,26.7905,9.2164,-0.926,-1,-9.5861,-0.5,-10.0861,HOLDING
2011-08-26,14,D,NEE,26.5278,9.2498,-1.738,-1,-6.1956,-0.5,-6.6956,HOLDING
2011-08-29,14,D,NEE,26.807,9.3967,-1.9519,-1,-4.941,-0.5,-5.441,HOLDING
2011-08-30,14,D,NEE,26.6865,9.4217,-2.0511,-1,-3.1277,-0.5,-3.6277,HOLDING
2011-08-31,14,D,NEE,26.6811,9.4685,-1.9543,-1,-1.8308,-0.5,-2.3308,HOLDING
2011-09-01,14,D,NEE,26.5989,9.4685,-1.8,-1,-1.0491,-0.5,-1.5491,HOLDING
2011-09-02,14,D,NEE,26.265,9.2865,-1.3596,-1,-2.7162,-0.5,-3.2162,HOLDING
2011-09-06,14,D,NEE,26.2158,9.1897,-0.8979,-1,-4.8257,-0.5,-5.3257,HOLDING
2011-09-07,14,D,NEE,26.3855,9.1813,-0.5185,-1,-6.6635,-0.5,-7.1635,HOLDING
2011-09-08,14,D,NEE,26.3581,9.1246,-0.2075,-1,-7.9143,-0.5,-8.4143,HOLDING
2011-09-09,14,D,NEE,25.8326,8.9476,-0.1515,-1,-7.624,-0.5,-8.124,HOLDING
2011-09-12,14,D,NEE,25.9858,9.0344,-0.2772,-1,-6.7715,-0.5,-7.2715,HOLDING
2011-09-13,14,D,NEE,26.1555,8.946,0.7123,-1,-10.7432,-0.5,-11.2432,HOLDING
2011-09-14,14,D,NEE,26.5716,8.9894,1.431,-1,-13.5479,-0.5,-14.0479,HOLDING
2011-09-15,14,D,NEE,27.0752,9.0712,2.0255,-1,-16.1637,-0.5,-16.6637,HOLDING
2011-09-16,14,D,NEE,27.2832,9.2281,1.4208,-1,-13.9651,-0.5,-14.4651,HOLDING
2011-09-19,14,D,NEE,27.2285,9.1396,1.657,-1,-15.8,-0.5,-16.3,HOLDING
2011-09-20,14,D,NEE,27.6992,9.2932,1.5346,-1,-16.1916,-0.5,-16.6916,HOLDING
2011-09-21,14,D,NEE,27.3106,9.1496,1.4669,-1,-16.3151,-0.5,-16.8151,HOLDING
2011-09-22,14,D,NEE,26.9931,8.9059,1.8931,-1,-19.7834,-0.5,-20.2834,HOLDING
2011-09-23,14,D,NEE,27.3653,8.9827,1.8209,-1,-21.2819,-0.5,-21.7819,HOLDING
2011-09-26,14,D,NEE,27.7978,9.0778,1.7451,-1,-22.8647,-0.5,-23.3647,HOLDING
2011-09-27,14,D,NEE,27.8799,9.1079,1.5269,-1,-22.8462,-0.5,-23.3462,HOLDING
2011-09-28,14,D,NEE,27.6007,8.9877,1.4651,-1,-23.3894,-0.5,-23.8894,HOLDING
2011-09-29,14,D,NEE,28.0551,9.1012,1.4454,-1,-24.6916,-0.5,-25.1916,HOLDING
2011-09-30,14,D,NEE,27.7923,9.0178,1.3325,-1,-24.4131,-0.5,-24.9131,HOLDING
2011-10-03,14,D,NEE,27.2832,8.8258,1.3343,-1,-24.6793,-0.5,-25.1793,HOLDING
2011-10-04,14,D,NEE,26.9219,8.8491,0.6643,-1,-20.6175,-0.5,-21.1175,HOLDING
2011-10-05,14,D,NEE,27.1026,8.8508,0.8445,-1,-22.2927,-0.5,-22.7927,HOLDING
2011-10-06,14,D,NEE,27.3708,8.9743,0.5996,-1,-21.5563,-0.5,-22.0563,HOLDING
2011-10-07,14,D,NEE,27.5186,9.0478,0.3957,-1,-21.0073,-0.5,-21.5073,HOLDING
2011-10-10,14,D,NEE,28.0277,9.198,0.4167,-1,-21.8525,-0.5,-22.3525,HOLDING
2011-10-11,14,D,NEE,27.6883,9.143,-0.078,-1,-20.0886,-0.5,-20.5886,HOLDING
2011-10-12,14,D,NEE,27.4639,9.1279,-0.6496,-1,-18.3521,-0.5,-18.8521,HOLDING
2011-10-13,14,D,NEE,27.3927,9.1129,-0.7716,-1,-18.0747,-0.5,-18.5747,HOLDING
2011-10-14,14,D,NEE,27.639,9.158,-0.608,-1,-19.2195,-0.5,-19.7195,HOLDING
2011-10-17,14,D,NEE,27.3817,9.1296,-1.257,-1,-17.526,-0.5,-18.026,HOLDING
2011-10-18,14,D,NEE,27.6281,9.153,-0.7803,-1,-19.2487,-0.5,-19.7487,HOLDING
2011-10-19,14,D,NEE,27.8963,9.1396,0.274,-1,-22.1578,-0.5,-22.6578,HOLDING
2011-10-20,14,D,NEE,27.9401,9.1947,-0.2516,-1,-21.1076,-0.5,-21.6076,HOLDING
2011-10-21,14,D,NEE,28.504,9.3266,0.3906,-1,-22.9631,-0.5,-23.4631,HOLDING
2011-10-24,14,D,NEE,28.1372,9.3216,-0.9398,-1,-19.6047,-0.5,-20.1047,HOLDING
2011-10-25,14,D,NEE,27.754,9.2147,-1.0725,-1,-18.8023,-0.5,-19.3023,HOLDING
2011-10-26,14,D,NEE,28.0003,9.3533,-1.5467,-1,-17.4574,-0.5,-17.9574,HOLDING
2011-10-27,14,D,NEE,28.4711,9.6488,-2.4906,-1,-14.07,-0.5,-14.57,HOLDING
2011-10-28,14,D,NEE,28.1208,9.5219,-2.0759,-1,-14.1136,-0.5,-14.6136,HOLDING
2011-10-31,14,D,NEE,28.2412,9.4151,-0.6468,-1,-18.1054,-0.5,-18.6054,HOLDING
2011-11-01,14,D,NEE,27.5898,9.2398,-0.9837,-1,-16.5719,-0.5,-17.0719,HOLDING
2011-11-02,14,D,NEE,28.0441,9.3817,-0.7965,-1,-17.1184,-0.5,-17.6184,HOLDING
2011-11-03,14,D,NEE,28.3014,9.617,-2.0033,-1,-13.2992,-0.5,-13.7992,HOLDING
2011-11-04,14,D,NEE,28.2248,9.4217,-0.3094,-1,-17.7713,-0.5,-18.2713,HOLDING
2011-11-07,14,D,NEE,28.712,9.3533,1.8478,-1,-24.2319,-0.5,-24.7319,HOLDING
2011-11-08,14,D,NEE,28.816,9.4234,1.3963,-1,-23.3548,-0.5,-23.8548,HOLDING
2011-11-09,14,D,NEE,28.0715,9.1613,1.4073,-1,-23.2475,-0.5,-23.7475,HOLDING
2011-11-10,14,D,NEE,28.1098,9.2298,0.8497,-1,-21.7895,-0.5,-22.2895,HOLDING
2011-11-11,14,D,NEE,28.4985,9.3182,1.0901,-1,-23.1333,-0.5,-23.6333,HOLDING
2011-11-14,14,D,NEE,28.3178,9.2264,1.2234,-1,-23.8587,-0.5,-24.3587,HOLDING
2011-11-15,14,D,NEE,28.2248,9.2899,0.4546,-1,-21.2835,-0.5,-21.7835,HOLDING
2011-11-16,14,D,NEE,27.9292,9.2815,-0.1976,-1,-18.6915,-0.5,-19.1915,HOLDING
2011-11-17,14,D,NEE,27.8306,9.2448,-0.1321,-1,-18.7316,-0.5,-19.2316,HOLDING
2011-11-18,14,D,NEE,27.9401,9.2698,0.0109,-1,-19.107,-0.5,-19.607,HOLDING
2011-11-21,14,D,NEE,27.7321,9.1313,0.564,-1,-20.8167,-0.5,-21.3167,HOLDING
2011-11-22,14,D,NEE,27.3927,9.0149,0.5643,-1,-20.6844,-0.5,-21.1844,HOLDING
2011-11-23,14,D,NEE,26.9931,8.8328,0.9038,-1,-21.7305,-0.5,-22.2305,HOLDING
2011-11-25,14,D,NEE,27.1026,8.8648,0.8589,-1,-21.9196,-0.5,-22.4196,HOLDING
2011-11-28,14,D,NEE,27.431,9.0301,0.2645,-1,-20.6451,-0.5,-21.1451,HOLDING
2011-11-29,14,D,NEE,27.8361,9.1734,0.1196,-1,-20.684,-0.5,-21.184,HOLDING
2011-11-30,14,D,NEE,28.5343,9.3488,0.5706,-1,0.0,-23.6805,-23.6805,PERIOD_END_EXIT
2011-06-03,15,DUK,O,29.6985,16.5431,0.0,0,0.0,0.0,0.0,HOLD_CASH
2011-06-06,15,DUK,O,29.5697,16.3494,0.0,0,0.0,0.0,0.0,HOLD_CASH
2011-06-07,15,DUK,O,29.5858,16.4511,0.0,0,0.0,0.0,0.0,HOLD_CASH
2011-06-08,15,DUK,O,29.7146,16.33,0.0,0,0.0,0.0,0.0,HOLD_CASH
2011-06-09,15,DUK,O,29.6341,16.1023,0.0,0,0.0,0.0,0.0,HOLD_CASH
2011-06-10,15,DUK,O,29.4249,15.6372,0.0,0,0.0,0.0,0.0,HOLD_CASH
2011-06-13,15,DUK,O,29.779,15.6712,0.0,0,0.0,0.0,0.0,HOLD_CASH
2011-06-14,15,DUK,O,29.8434,15.9909,0.0,0,0.0,0.0,0.0,HOLD_CASH
2011-06-15,15,DUK,O,29.6019,15.8649,0.0,0,0.0,0.0,0.0,HOLD_CASH
2011-06-16,15,DUK,O,30.0687,16.0103,0.0,0,0.0,0.0,0.0,HOLD_CASH
2011-06-17,15,DUK,O,30.1653,16.2186,0.0,0,0.0,0.0,0.0,HOLD_CASH
2011-06-20,15,DUK,O,30.3102,16.2912,0.0,0,0.0,0.0,0.0,HOLD_CASH
2011-06-21,15,DUK,O,30.2619,16.359,0.0,0,0.0,0.0,0.0,HOLD_CASH
2011-06-22,15,DUK,O,30.0848,16.2331,0.0,0,0.0,0.0,0.0,HOLD_CASH
2011-06-23,15,DUK,O,29.8595,15.9618,0.0,0,0.0,0.0,0.0,HOLD_CASH
2011-06-24,15,DUK,O,29.7951,16.0296,0.0,0,0.0,0.0,0.0,HOLD_CASH
2011-06-27,15,DUK,O,29.9722,16.0636,0.0,0,0.0,0.0,0.0,HOLD_CASH
2011-06-28,15,DUK,O,29.9882,16.175,0.0,0,0.0,0.0,0.0,HOLD_CASH
2011-06-29,15,DUK,O,30.2297,16.3817,0.0,0,0.0,0.0,0.0,HOLD_CASH
2011-06-30,15,DUK,O,30.3102,16.2942,0.3163,0,0.0,0.0,0.0,HOLD_CASH
2011-07-01,15,DUK,O,30.6965,16.552,0.0036,0,0.0,0.0,0.0,HOLD_CASH
2011-07-05,15,DUK,O,30.6965,16.6201,-0.4385,0,0.0,0.0,0.0,HOLD_CASH
2011-07-06,15,DUK,O,30.6965,16.878,-2.0609,1,0.0,-0.5,-0.5,ENTER_LONG_A
2011-07-07,15,DUK,O,30.7287,17.0337,-2.5538,1,-2.044,-0.5,-2.544,HOLDING
2011-07-08,15,DUK,O,30.7287,16.9997,-2.0473,1,-1.5397,-0.5,-2.0397,HOLDING
2011-07-11,15,DUK,O,30.6804,16.7467,-0.8919,1,1.8144,-0.5,1.3144,HOLDING
2011-07-12,15,DUK,O,30.777,16.7904,-0.7896,1,1.9525,-0.5,1.4525,HOLDING
2011-07-13,15,DUK,O,30.616,16.5812,-0.0869,1,3.7406,-0.5,3.2406,HOLDING
2011-07-14,15,DUK,O,30.4068,16.4304,0.1631,1,4.2704,-0.5,3.7704,HOLDING
2011-07-15,15,DUK,O,30.3424,16.5715,-0.7573,1,1.6559,-0.5,1.1559,HOLDING
2011-07-18,15,DUK,O,29.9882,16.4499,-1.0739,1,0.5737,-0.5,0.0737,HOLDING
2011-07-19,15,DUK,O,30.1975,16.5764,-1.033,1,0.404,-0.5,-0.096,HOLDING
2011-07-20,15,DUK,O,30.3102,16.6542,-1.022,1,0.1688,-0.5,-0.3312,HOLDING
2011-07-21,15,DUK,O,30.7448,16.7515,-0.1846,1,2.2668,-0.5,1.7668,HOLDING
2011-07-22,15,DUK,O,30.5033,16.805,-1.1467,1,-0.4923,-0.5,-0.9923,HOLDING
2011-07-25,15,DUK,O,30.4551,16.6007,-0.0201,1,2.1414,-0.5,1.6414,HOLDING
2011-07-26,15,DUK,O,30.2941,16.5958,-0.4655,1,0.9026,-0.5,0.4026,HOLDING
2011-07-27,15,DUK,O,30.1975,16.1628,1.9775,1,6.5296,-0.5,6.0296,HOLDING
2011-07-28,15,DUK,O,29.9722,15.9649,2.1071,1,7.6261,-0.5,7.1261,HOLDING
2011-07-29,15,DUK,O,29.94,15.8623,2.2522,1,8.8838,-0.5,8.3838,HOLDING
2011-08-01,15,DUK,O,30.1009,15.8818,2.1855,1,9.9052,-0.5,9.4052,HOLDING
2011-08-02,15,DUK,O,29.8595,15.4616,2.6468,1,14.1635,-0.5,13.6635,HOLDING
2011-08-03,15,DUK,O,29.6985,15.4225,2.0627,1,13.4319,-0.5,12.9319,HOLDING
2011-08-04,15,DUK,O,29.0064,14.9436,2.0733,1,14.8882,-0.5,14.3882,HOLDING
2011-08-05,15,DUK,O,29.1673,14.665,2.4959,1,20.325,-0.5,19.825,HOLDING
2011-08-08,15,DUK,O,27.7991,13.7023,2.5035,1,23.4414,-0.5,22.9414,HOLDING
2011-08-09,15,DUK,O,28.7488,15.315,0.0311,1,7.2896,-0.5,6.7896,HOLDING
2011-08-10,15,DUK,O,28.1611,15.0266,-0.0452,1,6.7737,-0.5,6.2737,HOLDING
2011-08-11,15,DUK,O,29.4181,15.6961,-0.0632,1,7.0949,-0.5,6.5949,HOLDING
2011-08-12,15,DUK,O,29.0916,15.4713,-0.001,1,7.7655,-0.5,7.2655,HOLDING
2011-08-15,15,DUK,O,30.0385,16.0822,-0.2673,1,6.4292,-0.5,5.9292,HOLDING
2011-08-16,15,DUK,O,29.8589,15.9502,-0.2458,1,6.9207,-0.5,6.4207,HOLDING
2011-08-17,15,DUK,O,30.1528,16.048,-0.1805,1,7.8664,-0.5,7.3664,HOLDING
2011-08-18,15,DUK,O,29.9895,15.789,0.1557,1,10.3731,-0.5,9.8731,HOLDING
2011-08-19,15,DUK,O,29.7773,15.657,0.1251,1,10.5989,-0.5,10.0989,HOLDING
2011-08-22,15,DUK,O,29.9569,15.7841,-0.0275,1,10.1795,-0.5,9.6795,HOLDING
2011-08-23,15,DUK,O,30.1854,16.2728,-1.0824,1,4.8027,-0.5,4.3027,HOLDING
2011-08-24,15,DUK,O,30.8058,16.6246,-1.0911,1,4.6437,-0.5,4.1437,HOLDING
2011-08-25,15,DUK,O,30.2997,16.2825,-0.8749,1,5.5885,-0.5,5.0885,HOLDING
2011-08-26,15,DUK,O,30.2997,16.4389,-1.1883,1,3.2722,-0.5,2.7722,HOLDING
2011-08-29,15,DUK,O,30.6425,16.9227,-1.6802,1,-1.1015,-0.5,-1.6015,HOLDING
2011-08-30,15,DUK,O,30.6425,16.8983,-1.4402,1,-0.7394,-0.5,-1.2394,HOLDING
2011-08-31,15,DUK,O,30.8711,16.9471,-1.1479,1,0.3979,-0.5,-0.1021,HOLDING
2011-09-01,15,DUK,O,30.7078,16.6061,-0.5412,1,4.1203,-0.5,3.6203,HOLDING
2011-09-02,15,DUK,O,30.6589,16.346,0.0986,1,7.5739,-0.5,7.0739,HOLDING
2011-09-06,15,DUK,O,30.4303,16.3264,0.0207,1,6.003,-0.5,5.503,HOLDING
2011-09-07,15,DUK,O,30.6589,16.9152,-1.6988,1,-0.8579,-0.5,-1.3579,HOLDING
2011-09-08,15,DUK,O,30.7078,16.9839,-1.6214,1,-1.4767,-0.5,-1.9767,HOLDING
2011-09-09,15,DUK,O,30.2834,16.5079,-0.6684,1,2.117,-0.5,1.617,HOLDING
2011-09-12,15,DUK,O,30.7895,16.6895,-0.2724,1,3.5494,-0.5,3.0494,HOLDING
2011-09-13,15,DUK,O,30.9854,16.8662,-0.4805,1,2.5281,-0.5,2.0281,HOLDING
2011-09-14,15,DUK,O,31.1486,16.9398,-0.3728,1,2.7675,-0.5,2.2675,HOLDING
2011-09-15,15,DUK,O,31.671,17.0085,0.4514,1,6.0045,-0.5,5.5045,HOLDING
2011-09-16,15,DUK,O,31.9486,17.1459,0.6018,1,6.2295,-0.5,5.7295,HOLDING
2011-09-19,15,DUK,O,31.9159,16.9299,1.5241,1,9.1618,-0.5,8.6618,HOLDING
2011-09-20,15,DUK,O,32.2424,16.8956,2.2942,1,12.3297,-0.5,11.8297,HOLDING
2011-09-21,15,DUK,O,32.0955,16.4392,2.8003,1,17.893,-0.5,17.393,HOLDING
2011-09-22,15,DUK,O,31.818,16.3411,2.1719,1,17.0864,-0.5,16.5864,HOLDING
2011-09-23,15,DUK,O,32.3077,16.4785,2.0682,1,19.0398,-0.5,18.5398,HOLDING
2011-09-26,15,DUK,O,32.5526,16.5963,1.7871,1,19.2897,-0.5,18.7897,HOLDING
2011-09-27,15,DUK,O,32.4873,16.6699,1.391,1,17.6677,-0.5,17.1677,HOLDING
2011-09-28,15,DUK,O,32.4546,16.4441,1.6216,1,20.7454,-0.5,20.2454,HOLDING
2011-09-29,15,DUK,O,32.8628,16.5501,1.6111,1,22.4996,-0.5,21.9996,HOLDING
2011-09-30,15,DUK,O,32.6342,15.8897,2.2021,1,30.4207,-0.5,29.9207,HOLDING
2011-10-03,15,DUK,O,32.1771,15.0518,2.5357,1,39.1083,-0.5,38.6083,HOLDING
2011-10-04,15,DUK,O,32.0628,15.6285,1.4185,1,29.6362,-0.5,29.1362,HOLDING
2011-10-05,15,DUK,O,31.818,15.456,1.3461,1,30.1971,-0.5,29.6971,HOLDING
2011-10-06,15,DUK,O,31.9975,15.658,1.0858,1,28.6663,-0.5,28.1663,HOLDING
2011-10-07,15,DUK,O,32.3077,15.1701,1.7542,1,38.42,-0.5,37.92,HOLDING
2011-10-10,15,DUK,O,33.075,15.7122,1.3599,1,36.6385,-0.5,36.1385,HOLDING
2011-10-11,15,DUK,O,32.5363,15.318,1.4081,1,38.0912,-0.5,37.5912,HOLDING
2011-10-12,15,DUK,O,32.324,15.5052,0.9305,1,33.5887,-0.5,33.0887,HOLDING
2011-10-13,15,DUK,O,32.324,15.6334,0.6702,1,31.6907,-0.5,31.1907,HOLDING
2011-10-14,15,DUK,O,32.5199,15.9882,0.1914,1,28.0299,-0.5,27.5299,HOLDING
2011-10-17,15,DUK,O,32.8301,15.7812,0.7158,1,33.6222,-0.5,33.1222,HOLDING
2011-10-18,15,DUK,O,32.8464,16.2199,-0.1597,1,27.2578,-0.5,26.7578,HOLDING
2011-10-19,15,DUK,O,32.9771,16.0178,0.2928,1,31.3147,-0.5,30.8147,HOLDING
2011-10-20,15,DUK,O,33.0424,16.0425,0.2298,1,31.4815,-0.5,30.9815,HOLDING
2011-10-21,15,DUK,O,33.5484,16.3776,-0.047,1,30.6389,-0.5,30.1389,HOLDING
2011-10-24,15,DUK,O,33.2382,16.6832,-1.1936,1,23.5864,-0.5,23.0864,HOLDING
2011-10-25,15,DUK,O,32.8791,16.3431,-0.9682,1,25.6986,-0.5,25.1986,HOLDING
2011-10-26,15,DUK,O,33.1403,16.5304,-1.2286,1,25.052,-0.5,24.552,HOLDING
2011-10-27,15,DUK,O,33.679,16.7817,-1.2538,1,25.7164,-0.5,25.2164,HOLDING
2011-10-28,15,DUK,O,33.4015,16.804,-1.536,1,23.1262,-0.5,22.6262,HOLDING
2011-10-31,15,DUK,O,33.3362,16.5367,-0.8172,1,26.5533,-0.5,26.0533,HOLDING
2011-11-01,15,DUK,O,32.9771,16.1457,-0.1517,1,29.4203,-0.5,28.9203,HOLDING
2011-11-02,15,DUK,O,33.3525,16.4278,-0.4154,1,28.2993,-0.5,27.7993,HOLDING
2011-11-03,15,DUK,O,33.9729,16.7248,-0.3735,1,28.9528,-0.5,28.4528,HOLDING
2011-11-04,15,DUK,O,33.6954,16.5813,-0.2665,1,28.8188,-0.5,28.3188,HOLDING
2011-11-07,15,DUK,O,34.0382,16.606,0.3157,1,31.2443,-0.5,30.7443,HOLDING
2011-11-08,15,DUK,O,34.0055,16.7248,-0.0533,1,29.2188,-0.5,28.7188,HOLDING
2011-11-09,15,DUK,O,33.5648,16.2348,1.2947,1,32.8871,-0.5,32.3871,HOLDING
2011-11-10,15,DUK,O,33.8749,16.1507,2.1514,1,36.6597,-0.5,36.1597,HOLDING
2011-11-11,15,DUK,O,34.2831,16.4724,1.427,1,35.218,-0.5,34.718,HOLDING
2011-11-14,15,DUK,O,34.0055,16.3635,1.3366,1,34.5707,-0.5,34.0707,HOLDING
2011-11-15,15,DUK,O,33.7607,16.5268,0.1455,1,30.1569,-0.5,29.6569,HOLDING
2011-11-16,15,DUK,O,33.4302,16.5664,-0.6196,1,26.8788,-0.5,26.3788,HOLDING
2011-11-17,15,DUK,O,33.2153,16.512,-0.7548,1,25.9355,-0.5,25.4355,HOLDING
2011-11-18,15,DUK,O,33.331,16.6902,-1.1288,1,24.2381,-0.5,23.7381,HOLDING
2011-11-21,15,DUK,O,33.0996,16.3684,-0.3664,1,27.1195,-0.5,26.6195,HOLDING
2011-11-22,15,DUK,O,32.9179,16.4031,-0.8788,1,25.1259,-0.5,24.6259,HOLDING
2011-11-23,15,DUK,O,32.4387,16.0418,-0.3939,1,26.5751,-0.5,26.0751,HOLDING
2011-11-25,15,DUK,O,32.7031,16.0863,-0.0657,1,28.0686,-0.5,27.5686,HOLDING
2011-11-28,15,DUK,O,33.0336,16.413,-0.8873,1,25.9214,-0.5,25.4214,HOLDING
2011-11-29,15,DUK,O,33.3971,16.4254,-0.1422,1,28.6982,-0.5,28.1982,HOLDING
2011-11-30,15,DUK,O,34.4547,16.8331,0.3668,1,0.0,30.2434,30.2434,PERIOD_END_EXIT
2011-06-03,16,DUK,XEL,29.6985,14.8542,0.0,0,0.0,0.0,0.0,HOLD_CASH
2011-06-06,16,DUK,XEL,29.5697,14.7809,0.0,0,0.0,0.0,0.0,HOLD_CASH
2011-06-07,16,DUK,XEL,29.5858,14.8054,0.0,0,0.0,0.0,0.0,HOLD_CASH
2011-06-08,16,DUK,XEL,29.7146,14.7809,0.0,0,0.0,0.0,0.0,HOLD_CASH
2011-06-09,16,DUK,XEL,29.6341,14.7626,0.0,0,0.0,0.0,0.0,HOLD_CASH
2011-06-10,16,DUK,XEL,29.4249,14.6771,0.0,0,0.0,0.0,0.0,HOLD_CASH
2011-06-13,16,DUK,XEL,29.779,14.7687,0.0,0,0.0,0.0,0.0,HOLD_CASH
2011-06-14,16,DUK,XEL,29.8434,14.8054,0.0,0,0.0,0.0,0.0,HOLD_CASH
2011-06-15,16,DUK,XEL,29.6019,14.726,0.0,0,0.0,0.0,0.0,HOLD_CASH
2011-06-16,16,DUK,XEL,30.0687,14.8542,0.0,0,0.0,0.0,0.0,HOLD_CASH
2011-06-17,16,DUK,XEL,30.1653,15.0008,0.0,0,0.0,0.0,0.0,HOLD_CASH
2011-06-20,16,DUK,XEL,30.3102,15.0253,0.0,0,0.0,0.0,0.0,HOLD_CASH
2011-06-21,16,DUK,XEL,30.2619,15.0623,0.0,0,0.0,0.0,0.0,HOLD_CASH
2011-06-22,16,DUK,XEL,30.0848,14.9203,0.0,0,0.0,0.0,0.0,HOLD_CASH
2011-06-23,16,DUK,XEL,29.8595,14.7598,0.0,0,0.0,0.0,0.0,HOLD_CASH
2011-06-24,16,DUK,XEL,29.7951,14.8277,0.0,0,0.0,0.0,0.0,HOLD_CASH
2011-06-27,16,DUK,XEL,29.9722,14.945,0.0,0,0.0,0.0,0.0,HOLD_CASH
2011-06-28,16,DUK,XEL,29.9882,15.0499,0.0,0,0.0,0.0,0.0,HOLD_CASH
2011-06-29,16,DUK,XEL,30.2297,15.0499,0.0,0,0.0,0.0,0.0,HOLD_CASH
2011-06-30,16,DUK,XEL,30.3102,15.0006,1.251,0,0.0,0.0,0.0,HOLD_CASH
2011-07-01,16,DUK,XEL,30.6965,15.2228,0.6859,0,0.0,0.0,0.0,HOLD_CASH
2011-07-05,16,DUK,XEL,30.6965,15.1364,1.8181,0,0.0,0.0,0.0,HOLD_CASH
2011-07-06,16,DUK,XEL,30.6965,15.1919,0.8831,0,0.0,0.0,0.0,HOLD_CASH
2011-07-07,16,DUK,XEL,30.7287,15.2166,0.6793,0,0.0,0.0,0.0,HOLD_CASH
2011-07-08,16,DUK,XEL,30.7287,15.1179,1.9222,0,0.0,0.0,0.0,HOLD_CASH
2011-07-11,16,DUK,XEL,30.6804,14.9265,3.0142,-1,0.0,-0.5,-0.5,ENTER_SHORT_A
2011-07-12,16,DUK,XEL,30.777,15.0067,2.1657,-1,0.557,-0.5,0.057,HOLDING
2011-07-13,16,DUK,XEL,30.616,14.9512,1.6921,-1,0.9382,-0.5,0.4382,HOLDING
2011-07-14,16,DUK,XEL,30.4068,14.8339,1.594,-1,0.6788,-0.5,0.1788,HOLDING
2011-07-15,16,DUK,XEL,30.3424,14.8339,1.2222,-1,1.2035,-0.5,0.7035,HOLDING
2011-07-18,16,DUK,XEL,29.9882,14.6672,1.0581,-1,1.2977,-0.5,0.7977,HOLDING
2011-07-19,16,DUK,XEL,30.1975,14.8092,0.6879,-1,1.9705,-0.5,1.4705,HOLDING
2011-07-20,16,DUK,XEL,30.3102,14.9635,-0.1094,-1,3.6371,-0.5,3.1371,HOLDING
2011-07-21,16,DUK,XEL,30.7448,15.2166,-0.4174,-1,4.3346,-0.5,3.8346,HOLDING
2011-07-22,16,DUK,XEL,30.5033,15.1487,-0.7761,-1,5.1648,-0.5,4.6648,HOLDING
2011-07-25,16,DUK,XEL,30.4551,15.1302,-0.8354,-1,5.2481,-0.5,4.7481,HOLDING
2011-07-26,16,DUK,XEL,30.2941,15.1179,-1.3416,-1,6.353,-0.5,5.853,HOLDING
2011-07-27,16,DUK,XEL,30.1975,15.1179,-1.7731,-1,7.14,-0.5,6.64,HOLDING
2011-07-28,16,DUK,XEL,29.9722,14.9697,-1.4379,-1,6.4949,-0.5,5.9949,HOLDING
2011-07-29,16,DUK,XEL,29.94,14.8154,-0.3658,-1,4.1724,-0.5,3.6724,HOLDING
2011-08-01,16,DUK,XEL,30.1009,14.8401,0.0277,-1,3.2744,-0.5,2.7744,HOLDING
2011-08-02,16,DUK,XEL,29.8595,14.5314,1.385,-1,0.0723,-0.5,-0.4277,HOLDING
2011-08-03,16,DUK,XEL,29.6985,14.4758,1.0957,-1,0.4533,-0.5,-0.0467,HOLDING
2011-08-04,16,DUK,XEL,29.0064,14.0808,1.3658,-1,-0.5236,-0.5,-1.0236,HOLDING
2011-08-05,16,DUK,XEL,29.1673,14.34,0.0573,-1,2.5071,-0.5,2.0071,HOLDING
2011-08-08,16,DUK,XEL,27.7991,13.5499,0.9631,-1,0.4221,-0.5,-0.0779,HOLDING
2011-08-09,16,DUK,XEL,28.7488,13.7659,2.3262,-1,-3.6979,-0.5,-4.1979,HOLDING
2011-08-10,16,DUK,XEL,28.1611,13.4696,2.059,-1,-3.8717,-0.5,-4.3717,HOLDING
2011-08-11,16,DUK,XEL,29.4181,14.1055,1.6662,-1,-3.4654,-0.5,-3.9654,HOLDING
2011-08-12,16,DUK,XEL,29.0916,14.1302,0.6948,-1,-0.3912,-0.5,-0.8912,HOLDING
2011-08-15,16,DUK,XEL,30.0385,14.5314,0.9235,-1,-1.3865,-0.5,-1.8865,HOLDING
2011-08-16,16,DUK,XEL,29.8589,14.482,0.693,-1,-0.7502,-0.5,-1.2502,HOLDING
2011-08-17,16,DUK,XEL,30.1528,14.5993,0.7399,-1,-1.1804,-0.5,-1.6804,HOLDING
2011-08-18,16,DUK,XEL,29.9895,14.4388,1.0189,-1,-2.5382,-0.5,-3.0382,HOLDING
2011-08-19,16,DUK,XEL,29.7773,14.3894,0.6904,-1,-1.636,-0.5,-2.136,HOLDING
2011-08-22,16,DUK,XEL,29.9569,14.482,0.5876,-1,-1.5484,-0.5,-2.0484,HOLDING
2011-08-23,16,DUK,XEL,30.1854,14.8524,-0.7822,-1,2.7927,-0.5,2.2927,HOLDING
2011-08-24,16,DUK,XEL,30.8058,15.0623,-0.4445,-1,1.253,-0.5,0.753,HOLDING
2011-08-25,16,DUK,XEL,30.2997,14.8771,-1.0301,-1,2.2752,-0.5,1.7752,HOLDING
2011-08-26,16,DUK,XEL,30.2997,14.8277,-0.8123,-1,1.4481,-0.5,0.9481,HOLDING
2011-08-29,16,DUK,XEL,30.6425,15.0438,-1.2358,-1,2.273,-0.5,1.773,HOLDING
2011-08-30,16,DUK,XEL,30.6425,15.0808,-1.3775,-1,2.8932,-0.5,2.3932,HOLDING
2011-08-31,16,DUK,XEL,30.8711,15.229,-1.4746,-1,3.5124,-0.5,3.0124,HOLDING
2011-09-01,16,DUK,XEL,30.7078,15.0993,-1.044,-1,2.6714,-0.5,2.1714,HOLDING
2011-09-02,16,DUK,XEL,30.6589,14.945,-0.2301,-1,0.4856,-0.5,-0.0144,HOLDING
2011-09-06,16,DUK,XEL,30.4303,14.8462,-0.3122,-1,0.6938,-0.5,0.1938,HOLDING
2011-09-07,16,DUK,XEL,30.6589,15.0191,-0.6548,-1,1.7263,-0.5,1.2263,HOLDING
2011-09-08,16,DUK,XEL,30.7078,14.9635,0.0277,-1,0.3968,-0.5,-0.1032,HOLDING
2011-09-09,16,DUK,XEL,30.2834,14.6734,0.8738,-1,-1.0039,-0.5,-1.5039,HOLDING
2011-09-12,16,DUK,XEL,30.7895,14.7969,1.7604,-1,-3.0598,-0.5,-3.5598,HOLDING
2011-09-13,16,DUK,XEL,30.9854,15.1055,0.0202,-1,0.5134,-0.5,0.0134,HOLDING
2011-09-14,16,DUK,XEL,31.1486,15.2598,-0.5475,-1,1.7679,-0.5,1.2679,HOLDING
2011-09-15,16,DUK,XEL,31.671,15.445,0.0896,-1,0.6128,-0.5,0.1128,HOLDING
2011-09-16,16,DUK,XEL,31.9486,15.5994,0.0236,-1,0.9361,-0.5,0.4361,HOLDING
2011-09-19,16,DUK,XEL,31.9159,15.55,0.423,-1,0.3748,-0.5,-0.1252,HOLDING
2011-09-20,16,DUK,XEL,32.2424,15.7496,0.1118,-1,1.0574,-0.5,0.5574,HOLDING
2011-09-21,16,DUK,XEL,32.0955,15.5063,1.7157,-1,-1.8197,-0.5,-2.3197,HOLDING
2011-09-22,16,DUK,XEL,31.818,15.2818,2.1661,-1,-3.3191,-0.5,-3.8191,HOLDING
2011-09-23,16,DUK,XEL,32.3077,15.4003,2.4855,-1,-5.3249,-0.5,-5.8249,HOLDING
2011-09-26,16,DUK,XEL,32.5526,15.4938,2.1645,-1,-5.7531,-0.5,-6.2531,HOLDING
2011-09-27,16,DUK,XEL,32.4873,15.4876,1.7373,-1,-5.3256,-0.5,-5.8256,HOLDING
2011-09-28,16,DUK,XEL,32.4546,15.3504,2.0749,-1,-7.3579,-0.5,-7.8579,HOLDING
2011-09-29,16,DUK,XEL,32.8628,15.5375,1.848,-1,-7.5495,-0.5,-8.0495,HOLDING
2011-09-30,16,DUK,XEL,32.6342,15.4003,1.7551,-1,-7.9855,-0.5,-8.4855,HOLDING
2011-10-03,16,DUK,XEL,32.1771,15.157,1.6496,-1,-8.3349,-0.5,-8.8349,HOLDING
2011-10-04,16,DUK,XEL,32.0628,14.9325,2.0559,-1,-11.1646,-0.5,-11.6646,HOLDING
2011-10-05,16,DUK,XEL,31.818,15.0572,0.9331,-1,-7.0801,-0.5,-7.5801,HOLDING
2011-10-06,16,DUK,XEL,31.9975,15.3816,-0.1389,-1,-3.1108,-0.5,-3.6108,HOLDING
2011-10-07,16,DUK,XEL,32.3077,15.3504,0.5802,-1,-6.1607,-0.5,-6.6607,HOLDING
2011-10-10,16,DUK,XEL,33.075,15.55,1.1703,-1,-9.07,-0.5,-9.57,HOLDING
2011-10-11,16,DUK,XEL,32.5363,15.3628,0.8048,-1,-7.8142,-0.5,-8.3142,HOLDING
2011-10-12,16,DUK,XEL,32.324,15.4003,0.1286,-1,-5.4579,-0.5,-5.9579,HOLDING
2011-10-13,16,DUK,XEL,32.324,15.4003,0.0484,-1,-5.4579,-0.5,-5.9579,HOLDING
2011-10-14,16,DUK,XEL,32.5199,15.5188,-0.1821,-1,-5.0693,-0.5,-5.5693,HOLDING
2011-10-17,16,DUK,XEL,32.8301,15.4564,0.9051,-1,-8.6415,-0.5,-9.1415,HOLDING
2011-10-18,16,DUK,XEL,32.8464,15.6435,-0.3652,-1,-5.6404,-0.5,-6.1404,HOLDING
2011-10-19,16,DUK,XEL,32.9771,15.6997,-0.4594,-1,-5.7645,-0.5,-6.2645,HOLDING
2011-10-20,16,DUK,XEL,33.0424,15.8618,-1.5658,-1,-3.5804,-0.5,-4.0804,HOLDING
2011-10-21,16,DUK,XEL,33.5484,16.0302,-0.9226,-1,-4.8836,-0.5,-5.3836,HOLDING
2011-10-24,16,DUK,XEL,33.2382,15.9242,-1.1839,-1,-4.132,-0.5,-4.632,HOLDING
2011-10-25,16,DUK,XEL,32.8791,15.7745,-1.2732,-1,-3.7126,-0.5,-4.2126,HOLDING
2011-10-26,16,DUK,XEL,33.1403,15.893,-1.1044,-1,-3.8562,-0.5,-4.3562,HOLDING
2011-10-27,16,DUK,XEL,33.679,16.3421,-2.0625,-1,-0.7243,-0.5,-1.2243,HOLDING
2011-10-28,16,DUK,XEL,33.4015,16.1612,-1.5522,-1,-1.4925,-0.5,-1.9925,HOLDING
2011-10-31,16,DUK,XEL,33.3362,16.1238,-1.3592,-1,-1.5872,-0.5,-2.0872,HOLDING
2011-11-01,16,DUK,XEL,32.9771,15.7246,0.1629,-1,-5.3467,-0.5,-5.8467,HOLDING
2011-11-02,16,DUK,XEL,33.3525,16.1113,-1.2041,-1,-1.9291,-0.5,-2.4291,HOLDING
2011-11-03,16,DUK,XEL,33.9729,16.3421,-0.7175,-1,-3.1189,-0.5,-3.6189,HOLDING
2011-11-04,16,DUK,XEL,33.6954,16.2548,-0.9438,-1,-2.3199,-0.5,-2.8199,HOLDING
2011-11-07,16,DUK,XEL,34.0382,16.3359,-0.279,-1,-3.7555,-0.5,-4.2555,HOLDING
2011-11-08,16,DUK,XEL,34.0055,16.4294,-1.0444,-1,-1.9223,-0.5,-2.4223,HOLDING
2011-11-09,16,DUK,XEL,33.5648,16.0427,0.4398,-1,-4.8077,-0.5,-5.3077,HOLDING
2011-11-10,16,DUK,XEL,33.8749,16.2111,0.3055,-1,-4.5145,-0.5,-5.0145,HOLDING
2011-11-11,16,DUK,XEL,34.2831,16.4107,0.2939,-1,-4.4971,-0.5,-4.9971,HOLDING
2011-11-14,16,DUK,XEL,34.0055,16.18,1.4653,-1,-6.101,-0.5,-6.601,HOLDING
2011-11-15,16,DUK,XEL,33.7607,16.3359,-1.2567,-1,-1.494,-0.5,-1.994,HOLDING
2011-11-16,16,DUK,XEL,33.4302,16.1113,-0.5006,-1,-2.5618,-0.5,-3.0618,HOLDING
2011-11-17,16,DUK,XEL,33.2153,15.9679,-0.0362,-1,-3.2141,-0.5,-3.7141,HOLDING
2011-11-18,16,DUK,XEL,33.331,16.1675,-1.472,-1,-0.8136,-0.5,-1.3136,HOLDING
2011-11-21,16,DUK,XEL,33.0996,16.0053,-0.8392,-1,-1.6445,-0.5,-2.1445,HOLDING
2011-11-22,16,DUK,XEL,32.9179,15.7558,0.9042,-1,-4.3422,-0.5,-4.8422,HOLDING
2011-11-23,16,DUK,XEL,32.4387,15.5562,0.5752,-1,-3.7802,-0.5,-4.2802,HOLDING
2011-11-25,16,DUK,XEL,32.7031,15.7184,0.1138,-1,-3.2185,-0.5,-3.7185,HOLDING
2011-11-28,16,DUK,XEL,33.0336,15.8244,0.6449,-1,-4.1355,-0.5,-4.6355,HOLDING
2011-11-29,16,DUK,XEL,33.3971,16.0365,0.1408,-1,-3.546,-0.5,-4.046,HOLDING
2011-11-30,16,DUK,XEL,34.4547,16.3983,1.784,-1,0.0,-7.1602,-7.1602,PERIOD_END_EXIT
2011-06-03,17,PEG,RSG,18.6759,22.4678,0.0,0,0.0,0.0,0.0,HOLD_CASH
2011-06-06,17,PEG,RSG,18.6184,22.321,0.0,0,0.0,0.0,0.0,HOLD_CASH
2011-06-07,17,PEG,RSG,18.5911,22.1375,0.0,0,0.0,0.0,0.0,HOLD_CASH
2011-06-08,17,PEG,RSG,18.5446,22.1449,0.0,0,0.0,0.0,0.0,HOLD_CASH
2011-06-09,17,PEG,RSG,18.6202,22.1595,0.0,0,0.0,0.0,0.0,HOLD_CASH
2011-06-10,17,PEG,RSG,18.4517,21.9247,0.0,0,0.0,0.0,0.0,HOLD_CASH
2011-06-13,17,PEG,RSG,18.3645,22.0935,0.0,0,0.0,0.0,0.0,HOLD_CASH
2011-06-14,17,PEG,RSG,18.5272,22.2623,0.0,0,0.0,0.0,0.0,HOLD_CASH
2011-06-15,17,PEG,RSG,18.0972,21.9467,0.0,0,0.0,0.0,0.0,HOLD_CASH
2011-06-16,17,PEG,RSG,18.2541,22.2329,0.0,0,0.0,0.0,0.0,HOLD_CASH
2011-06-17,17,PEG,RSG,18.3412,22.3577,0.0,0,0.0,0.0,0.0,HOLD_CASH
2011-06-20,17,PEG,RSG,18.3993,22.6366,0.0,0,0.0,0.0,0.0,HOLD_CASH
2011-06-21,17,PEG,RSG,18.4575,22.7761,0.0,0,0.0,0.0,0.0,HOLD_CASH
2011-06-22,17,PEG,RSG,18.4749,22.8422,0.0,0,0.0,0.0,0.0,HOLD_CASH
2011-06-23,17,PEG,RSG,18.3529,22.8275,0.0,0,0.0,0.0,0.0,HOLD_CASH
2011-06-24,17,PEG,RSG,18.0623,22.3797,0.0,0,0.0,0.0,0.0,HOLD_CASH
2011-06-27,17,PEG,RSG,18.5446,22.4898,0.0,0,0.0,0.0,0.0,HOLD_CASH
2011-06-28,17,PEG,RSG,18.6492,22.6366,0.0,0,0.0,0.0,0.0,HOLD_CASH
2011-06-29,17,PEG,RSG,18.7364,22.7918,0.0,0,0.0,0.0,0.0,HOLD_CASH
2011-06-30,17,PEG,RSG,18.9689,22.7918,0.6272,0,0.0,0.0,0.0,HOLD_CASH
2011-07-01,17,PEG,RSG,19.1374,22.9839,0.6508,0,0.0,0.0,0.0,HOLD_CASH
2011-07-05,17,PEG,RSG,18.9747,22.9913,0.066,0,0.0,0.0,0.0,HOLD_CASH
2011-07-06,17,PEG,RSG,18.9456,23.1464,-0.4525,0,0.0,0.0,0.0,HOLD_CASH
2011-07-07,17,PEG,RSG,19.0793,23.3828,-0.6107,0,0.0,0.0,0.0,HOLD_CASH
2011-07-08,17,PEG,RSG,18.9108,23.1095,-0.3084,0,0.0,0.0,0.0,HOLD_CASH
2011-07-11,17,PEG,RSG,18.6318,22.7179,-0.0148,0,0.0,0.0,0.0,HOLD_CASH
2011-07-12,17,PEG,RSG,18.6725,22.2598,1.956,0,0.0,0.0,0.0,HOLD_CASH
2011-07-13,17,PEG,RSG,18.6144,22.2303,1.697,0,0.0,0.0,0.0,HOLD_CASH
2011-07-14,17,PEG,RSG,18.5969,21.92,2.2838,-1,0.0,-0.5,-0.5,ENTER_SHORT_A
2011-07-15,17,PEG,RSG,18.504,21.9052,1.7093,-1,1.0815,-0.5,0.5815,HOLDING
2011-07-18,17,PEG,RSG,18.3529,21.654,1.6768,-1,0.2479,-0.5,-0.2521,HOLDING
2011-07-19,17,PEG,RSG,18.5272,22.1416,0.8091,-1,3.4654,-0.5,2.9654,HOLDING
2011-07-20,17,PEG,RSG,18.5737,22.2155,0.68,-1,3.683,-0.5,3.183,HOLDING
2011-07-21,17,PEG,RSG,18.9573,22.6662,0.6258,-1,3.6666,-0.5,3.1666,HOLDING
2011-07-22,17,PEG,RSG,19.0677,22.3633,1.7484,-1,-1.2724,-0.5,-1.7724,HOLDING
2011-07-25,17,PEG,RSG,19.2943,22.2598,2.4264,-1,-5.499,-0.5,-5.999,HOLDING
2011-07-26,17,PEG,RSG,19.3466,22.0234,2.5092,-1,-8.8985,-0.5,-9.3985,HOLDING
2011-07-27,17,PEG,RSG,19.3176,21.8166,2.3253,-1,-10.867,-0.5,-11.367,HOLDING
2011-07-28,17,PEG,RSG,19.2304,21.2403,2.5356,-1,-16.2675,-0.5,-16.7675,HOLDING
2011-07-29,17,PEG,RSG,19.0328,21.4472,1.5892,-1,-11.2519,-0.5,-11.7519,HOLDING
2011-08-01,17,PEG,RSG,18.9805,21.2477,1.5834,-1,-12.8239,-0.5,-13.3239,HOLDING
2011-08-02,17,PEG,RSG,18.7422,20.7232,1.7111,-1,-15.6033,-0.5,-16.1033,HOLDING
2011-08-03,17,PEG,RSG,18.44,20.5458,1.3384,-1,-13.5629,-0.5,-14.0629,HOLDING
2011-08-04,17,PEG,RSG,17.5915,19.8144,0.9327,-1,-10.4985,-0.5,-10.9985,HOLDING
2011-08-05,17,PEG,RSG,17.6264,19.8218,0.8962,-1,-10.8829,-0.5,-11.3829,HOLDING
2011-08-08,17,PEG,RSG,16.7605,18.2925,1.6629,-1,-16.6842,-0.5,-17.1842,HOLDING
2011-08-09,17,PEG,RSG,17.3242,19.3859,0.791,-1,-11.7919,-0.5,-12.2919,HOLDING
2011-08-10,17,PEG,RSG,16.836,18.7358,0.8785,-1,-12.6442,-0.5,-13.1442,HOLDING
2011-08-11,17,PEG,RSG,17.9402,19.4524,1.5338,-1,-19.3148,-0.5,-19.8148,HOLDING
2011-08-12,17,PEG,RSG,18.0565,19.8809,0.9521,-1,-15.9902,-0.5,-16.4902,HOLDING
2011-08-15,17,PEG,RSG,18.812,20.7379,0.8263,-1,-16.3722,-0.5,-16.8722,HOLDING
2011-08-16,17,PEG,RSG,18.812,20.6197,0.9452,-1,-17.7204,-0.5,-18.2204,HOLDING
2011-08-17,17,PEG,RSG,18.8875,20.8118,0.7007,-1,-16.5452,-0.5,-17.0452,HOLDING
2011-08-18,17,PEG,RSG,18.6144,20.2651,1.2385,-1,-19.1085,-0.5,-19.6085,HOLDING
2011-08-19,17,PEG,RSG,18.3761,20.3168,0.3764,-1,-15.3157,-0.5,-15.8157,HOLDING
2011-08-22,17,PEG,RSG,18.533,20.7453,-0.5978,-1,-12.5378,-0.5,-13.0378,HOLDING
2011-08-23,17,PEG,RSG,18.7713,21.3659,-1.8553,-1,-8.6631,-0.5,-9.1631,HOLDING
2011-08-24,17,PEG,RSG,19.4338,21.92,-1.184,-1,-11.2499,-0.5,-11.7499,HOLDING
2011-08-25,17,PEG,RSG,19.2711,21.691,-0.9348,-1,-11.6745,-0.5,-12.1745,HOLDING
2011-08-26,17,PEG,RSG,19.1781,21.9274,-1.8864,-1,-7.7281,-0.5,-8.2281,HOLDING
2011-08-29,17,PEG,RSG,19.6082,22.5332,-1.9225,-1,-6.6001,-0.5,-7.1001,HOLDING
2011-08-30,17,PEG,RSG,19.5791,22.4667,-1.6005,-1,-6.9678,-0.5,-7.4678,HOLDING
2011-08-31,17,PEG,RSG,19.8348,22.4298,-0.712,-1,-10.8267,-0.5,-11.3267,HOLDING
2011-09-01,17,PEG,RSG,19.4687,22.1638,-1.0348,-1,-8.9382,-0.5,-9.4382,HOLDING
2011-09-02,17,PEG,RSG,19.2246,21.425,0.1124,-1,-14.0829,-0.5,-14.5829,HOLDING
2011-09-06,17,PEG,RSG,19.1142,21.3142,0.1466,-1,-13.8624,-0.5,-14.3624,HOLDING
2011-09-07,17,PEG,RSG,19.5153,21.6614,0.388,-1,-15.2944,-0.5,-15.7944,HOLDING
2011-09-08,17,PEG,RSG,19.5329,21.4472,0.9506,-1,-17.9747,-0.5,-18.4747,HOLDING
2011-09-09,17,PEG,RSG,18.9574,20.8561,0.9335,-1,-16.9787,-0.5,-17.4787,HOLDING
2011-09-12,17,PEG,RSG,19.1805,20.8857,1.4537,-1,-19.6416,-0.5,-20.1416,HOLDING
2011-09-13,17,PEG,RSG,19.4918,21.063,1.7064,-1,-21.8035,-0.5,-22.3035,HOLDING
2011-09-14,17,PEG,RSG,19.7326,21.3142,1.6052,-1,-22.1757,-0.5,-22.6757,HOLDING
2011-09-15,17,PEG,RSG,19.9969,21.4398,1.7579,-1,-24.2959,-0.5,-24.7959,HOLDING
2011-09-16,17,PEG,RSG,20.2435,21.3068,2.2297,-1,-29.1284,-0.5,-29.6284,HOLDING
2011-09-19,17,PEG,RSG,20.1672,20.797,2.4099,-1,-33.916,-0.5,-34.416,HOLDING
2011-09-20,17,PEG,RSG,20.4432,20.9965,2.0959,-1,-35.3515,-0.5,-35.8515,HOLDING
2011-09-21,17,PEG,RSG,19.8618,20.1026,2.0976,-1,-37.7312,-0.5,-38.2312,HOLDING
2011-09-22,17,PEG,RSG,19.4037,19.9105,1.5292,-1,-33.764,-0.5,-34.264,HOLDING
2011-09-23,17,PEG,RSG,19.7385,20.5311,1.076,-1,-31.1862,-0.5,-31.6862,HOLDING
2011-09-26,17,PEG,RSG,19.9675,20.9152,0.8185,-1,-29.8837,-0.5,-30.3837,HOLDING
2011-09-27,17,PEG,RSG,20.0203,21.2181,0.4502,-1,-27.1395,-0.5,-27.6395,HOLDING
2011-09-28,17,PEG,RSG,19.6915,20.7749,0.4959,-1,-27.774,-0.5,-28.274,HOLDING
2011-09-29,17,PEG,RSG,19.944,20.9238,0.5811,-1,-29.4702,-0.5,-29.9702,HOLDING
2011-09-30,17,PEG,RSG,19.5975,20.894,-0.0089,-1,-25.152,-0.5,-25.652,HOLDING
2011-10-03,17,PEG,RSG,18.9867,20.0675,0.2103,-1,-26.3681,-0.5,-26.8681,HOLDING
2011-10-04,17,PEG,RSG,18.7283,20.3653,-0.9288,-1,-19.4973,-0.5,-19.9973,HOLDING
2011-10-05,17,PEG,RSG,18.7753,20.6334,-1.4037,-1,-17.0716,-0.5,-17.5716,HOLDING
2011-10-06,17,PEG,RSG,19.1218,20.9312,-1.2619,-1,-18.3326,-0.5,-18.8326,HOLDING
2011-10-07,17,PEG,RSG,18.9809,20.9089,-1.5094,-1,-16.6926,-0.5,-17.1926,HOLDING
2011-10-10,17,PEG,RSG,19.2745,21.4823,-1.806,-1,-14.1009,-0.5,-14.6009,HOLDING
2011-10-11,17,PEG,RSG,19.2569,21.11,-1.1269,-1,-18.1102,-0.5,-18.6102,HOLDING
2011-10-12,17,PEG,RSG,19.1629,21.4004,-1.6289,-1,-13.535,-0.5,-14.035,HOLDING
2011-10-13,17,PEG,RSG,19.1688,21.11,-1.0708,-1,-16.926,-0.5,-17.426,HOLDING
2011-10-14,17,PEG,RSG,19.4155,21.6014,-1.2648,-1,-14.6369,-0.5,-15.1369,HOLDING
2011-10-17,17,PEG,RSG,19.4977,21.2812,-0.5809,-1,-19.3938,-0.5,-19.8938,HOLDING
2011-10-18,17,PEG,RSG,19.3978,21.2961,-0.6934,-1,-17.8818,-0.5,-18.3818,HOLDING
2011-10-19,17,PEG,RSG,19.4037,21.1174,-0.3091,-1,-19.9992,-0.5,-20.4992,HOLDING
2011-10-20,17,PEG,RSG,19.621,21.1323,0.2219,-1,-22.7504,-0.5,-23.2504,HOLDING
2011-10-21,17,PEG,RSG,20.0673,21.5791,0.4006,-1,-23.6547,-0.5,-24.1547,HOLDING
2011-10-24,17,PEG,RSG,20.2141,21.9588,-0.0061,-1,-21.2973,-0.5,-21.7973,HOLDING
2011-10-25,17,PEG,RSG,19.9381,21.9216,-0.5709,-1,-18.0114,-0.5,-18.5114,HOLDING
2011-10-26,17,PEG,RSG,20.1495,21.795,0.4357,-1,-22.2973,-0.5,-22.7973,HOLDING
2011-10-27,17,PEG,RSG,20.22,21.9812,0.2849,-1,-21.1216,-0.5,-21.6216,HOLDING
2011-10-28,17,PEG,RSG,19.9616,21.5791,0.7807,-1,-22.2337,-0.5,-22.7337,HOLDING
2011-10-31,17,PEG,RSG,19.7913,21.1919,1.7457,-1,-24.3604,-0.5,-24.8604,HOLDING
2011-11-01,17,PEG,RSG,19.1277,20.5515,1.3386,-1,-22.7427,-0.5,-23.2427,HOLDING
2011-11-02,17,PEG,RSG,19.7267,20.693,2.514,-1,-29.1819,-0.5,-29.6819,HOLDING
2011-11-03,17,PEG,RSG,20.1907,21.1025,2.2229,-1,-30.748,-0.5,-31.248,HOLDING
2011-11-04,17,PEG,RSG,19.897,20.9834,1.5124,-1,-28.1593,-0.5,-28.6593,HOLDING
2011-11-07,17,PEG,RSG,20.0673,20.6185,2.3713,-1,-34.61,-0.5,-35.11,HOLDING
2011-11-08,17,PEG,RSG,20.0732,20.8047,1.6987,-1,-32.566,-0.5,-33.066,HOLDING
2011-11-09,17,PEG,RSG,19.4213,20.2462,1.3231,-1,-30.1721,-0.5,-30.6721,HOLDING
2011-11-10,17,PEG,RSG,19.7443,20.2164,1.8378,-1,-34.8538,-0.5,-35.3538,HOLDING
2011-11-11,17,PEG,RSG,19.9851,20.6408,1.3557,-1,-33.2501,-0.5,-33.7501,HOLDING
2011-11-14,17,PEG,RSG,19.7326,20.2983,1.3668,-1,-33.7619,-0.5,-34.2619,HOLDING
2011-11-15,17,PEG,RSG,19.5329,20.276,0.8964,-1,-31.3324,-0.5,-31.8324,HOLDING
2011-11-16,17,PEG,RSG,19.2451,20.0675,0.6252,-1,-29.8418,-0.5,-30.3418,HOLDING
2011-11-17,17,PEG,RSG,19.1394,19.8292,0.8252,-1,-31.1384,-0.5,-31.6384,HOLDING
2011-11-18,17,PEG,RSG,19.1982,19.926,0.6706,-1,-30.8238,-0.5,-31.3238,HOLDING
2011-11-21,17,PEG,RSG,18.9104,19.4718,0.9352,-1,-32.1357,-0.5,-32.6357,HOLDING
2011-11-22,17,PEG,RSG,18.6285,19.5388,-0.0306,-1,-27.5818,-0.5,-28.0818,HOLDING
2011-11-23,17,PEG,RSG,18.3114,19.2707,-0.3056,-1,-26.3759,-0.5,-26.8759,HOLDING
2011-11-25,17,PEG,RSG,18.329,19.2261,-0.255,-1,-27.1223,-0.5,-27.6223,HOLDING
2011-11-28,17,PEG,RSG,18.5521,19.8143,-1.6408,-1,-23.4133,-0.5,-23.9133,HOLDING
2011-11-29,17,PEG,RSG,18.7636,19.9632,-1.4413,-1,-24.557,-0.5,-25.057,HOLDING
2011-11-30,17,PEG,RSG,19.345,20.4398,-1.1018,-1,0.0,-27.931,-27.931,PERIOD_END_EXIT
2011-06-03,18,O,VTR,16.5431,32.7136,0.0,0,0.0,0.0,0.0,HOLD_CASH
2011-06-06,18,O,VTR,16.3494,32.1913,0.0,0,0.0,0.0,0.0,HOLD_CASH
2011-06-07,18,O,VTR,16.4511,32.3354,0.0,0,0.0,0.0,0.0,HOLD_CASH
2011-06-08,18,O,VTR,16.33,32.2778,0.0,0,0.0,0.0,0.0,HOLD_CASH
2011-06-09,18,O,VTR,16.1023,32.0654,0.0,0,0.0,0.0,0.0,HOLD_CASH
2011-06-10,18,O,VTR,15.6372,31.0643,0.0,0,0.0,0.0,0.0,HOLD_CASH
2011-06-13,18,O,VTR,15.6712,31.1311,0.0,0,0.0,0.0,0.0,HOLD_CASH
2011-06-14,18,O,VTR,15.9909,31.9805,0.0,0,0.0,0.0,0.0,HOLD_CASH
2011-06-15,18,O,VTR,15.8649,31.4466,0.0,0,0.0,0.0,0.0,HOLD_CASH
2011-06-16,18,O,VTR,16.0103,31.7681,0.0,0,0.0,0.0,0.0,HOLD_CASH
2011-06-17,18,O,VTR,16.2186,31.9684,0.0,0,0.0,0.0,0.0,HOLD_CASH
2011-06-20,18,O,VTR,16.2912,32.2656,0.0,0,0.0,0.0,0.0,HOLD_CASH
2011-06-21,18,O,VTR,16.359,32.66,0.0,0,0.0,0.0,0.0,HOLD_CASH
2011-06-22,18,O,VTR,16.2331,32.5629,0.0,0,0.0,0.0,0.0,HOLD_CASH
2011-06-23,18,O,VTR,15.9618,32.1261,0.0,0,0.0,0.0,0.0,HOLD_CASH
2011-06-24,18,O,VTR,16.0296,32.0047,0.0,0,0.0,0.0,0.0,HOLD_CASH
2011-06-27,18,O,VTR,16.0636,32.1079,0.0,0,0.0,0.0,0.0,HOLD_CASH
2011-06-28,18,O,VTR,16.175,32.5083,0.0,0,0.0,0.0,0.0,HOLD_CASH
2011-06-29,18,O,VTR,16.3817,32.5023,0.0,0,0.0,0.0,0.0,HOLD_CASH
2011-06-30,18,O,VTR,16.2942,31.9805,1.6851,0,0.0,0.0,0.0,HOLD_CASH
2011-07-01,18,O,VTR,16.552,32.6054,1.1275,0,0.0,0.0,0.0,HOLD_CASH
2011-07-05,18,O,VTR,16.6201,32.7368,1.1452,0,0.0,0.0,0.0,HOLD_CASH
2011-07-06,18,O,VTR,16.878,32.9071,2.2299,-1,0.0,-0.5,-0.5,ENTER_SHORT_A
2011-07-07,18,O,VTR,17.0337,33.1442,2.089,-1,-0.5044,-0.5,-1.0044,HOLDING
2011-07-08,18,O,VTR,16.9997,33.0347,1.8876,-1,-0.8318,-0.5,-1.3318,HOLDING
2011-07-11,18,O,VTR,16.7467,32.6577,1.3825,-1,0.0512,-0.5,-0.4488,HOLDING
2011-07-12,18,O,VTR,16.7904,32.8097,1.0873,-1,0.5578,-0.5,0.0578,HOLDING
2011-07-13,18,O,VTR,16.5812,32.4631,0.8295,-1,1.0234,-0.5,0.5234,HOLDING
2011-07-14,18,O,VTR,16.4304,32.2624,0.5233,-1,1.7327,-0.5,1.2327,HOLDING
2011-07-15,18,O,VTR,16.5715,32.6273,0.251,-1,2.4148,-0.5,1.9148,HOLDING
2011-07-18,18,O,VTR,16.4499,32.5361,-0.1393,-1,3.5237,-0.5,3.0237,HOLDING
2011-07-19,18,O,VTR,16.5764,32.8219,-0.2368,-1,3.8212,-0.5,3.3212,HOLDING
2011-07-20,18,O,VTR,16.6542,33.0652,-0.511,-1,4.5163,-0.5,4.0163,HOLDING
2011-07-21,18,O,VTR,16.7515,33.6612,-1.5735,-1,7.6026,-0.5,7.1026,HOLDING
2011-07-22,18,O,VTR,16.805,33.7524,-1.565,-1,7.503,-0.5,7.003,HOLDING
2011-07-25,18,O,VTR,16.6007,33.4605,-1.735,-1,8.3122,-0.5,7.8122,HOLDING
2011-07-26,18,O,VTR,16.5958,33.5638,-1.8339,-1,9.1698,-0.5,8.6698,HOLDING
2011-07-27,18,O,VTR,16.1628,33.0287,-2.2965,-1,11.5176,-0.5,11.0176,HOLDING
2011-07-28,18,O,VTR,15.9649,32.828,-2.2255,-1,12.9248,-0.5,12.4248,HOLDING
2011-07-29,18,O,VTR,15.8623,32.9192,-2.2398,-1,15.1378,-0.5,14.6378,HOLDING
2011-08-01,18,O,VTR,15.8818,31.7576,-0.2885,-1,6.0234,-0.5,5.5234,HOLDING
2011-08-02,18,O,VTR,15.4616,31.2833,-0.8172,-1,8.6446,-0.5,8.1446,HOLDING
2011-08-03,18,O,VTR,15.4225,30.7907,-0.0783,-1,5.4814,-0.5,4.9814,HOLDING
2011-08-04,18,O,VTR,14.9436,29.4771,0.6159,-1,2.5952,-0.5,2.0952,HOLDING
2011-08-05,18,O,VTR,14.665,28.9662,0.6176,-1,2.84,-0.5,2.34,HOLDING
2011-08-08,18,O,VTR,13.7023,26.7343,1.3284,-1,0.1435,-0.5,-0.3565,HOLDING
2011-08-09,18,O,VTR,15.315,28.9176,2.5864,-1,-7.1563,-0.5,-7.6563,HOLDING
2011-08-10,18,O,VTR,15.0266,27.3607,3.0001,-1,-14.7136,-0.5,-15.2136,HOLDING
2011-08-11,18,O,VTR,15.6961,28.6986,2.3056,-1,-14.4657,-0.5,-14.9657,HOLDING
2011-08-12,18,O,VTR,15.4713,28.8872,1.5119,-1,-9.7037,-0.5,-10.2037,HOLDING
2011-08-15,18,O,VTR,16.0822,30.1764,1.2479,-1,-8.9568,-0.5,-9.4568,HOLDING
2011-08-16,18,O,VTR,15.9502,29.8602,1.1863,-1,-9.405,-0.5,-9.905,HOLDING
2011-08-17,18,O,VTR,16.048,30.0487,1.0747,-1,-9.4203,-0.5,-9.9203,HOLDING
2011-08-18,18,O,VTR,15.789,28.9054,1.4361,-1,-14.2699,-0.5,-14.7699,HOLDING
2011-08-19,18,O,VTR,15.657,29.0149,1.0437,-1,-11.4841,-0.5,-11.9841,HOLDING
2011-08-22,18,O,VTR,15.7841,29.6778,0.6412,-1,-8.3299,-0.5,-8.8299,HOLDING
2011-08-23,18,O,VTR,16.2728,30.6326,0.5438,-1,-8.3145,-0.5,-8.8145,HOLDING
2011-08-24,18,O,VTR,16.6246,31.1373,0.5866,-1,-9.6912,-0.5,-10.1912,HOLDING
2011-08-25,18,O,VTR,16.2825,30.6265,0.4052,-1,-8.5055,-0.5,-9.0055,HOLDING
2011-08-26,18,O,VTR,16.4389,31.0157,0.2295,-1,-7.8649,-0.5,-8.3649,HOLDING
2011-08-29,18,O,VTR,16.9227,32.0313,0.0464,-1,-7.3151,-0.5,-7.8151,HOLDING
2011-08-30,18,O,VTR,16.8983,32.0617,-0.1669,-1,-6.722,-0.5,-7.222,HOLDING
2011-08-31,18,O,VTR,16.9471,32.5239,-0.795,-1,-3.9346,-0.5,-4.4346,HOLDING
2011-09-01,18,O,VTR,16.6061,31.9583,-1.0756,-1,-3.1795,-0.5,-3.6795,HOLDING
2011-09-02,18,O,VTR,16.346,31.2103,-0.9031,-1,-5.0099,-0.5,-5.5099,HOLDING
2011-09-06,18,O,VTR,16.3264,31.5509,-1.7354,-1,-2.132,-0.5,-2.632,HOLDING
2011-09-07,18,O,VTR,16.9152,33.0165,-1.9929,-1,0.2802,-0.5,-0.2198,HOLDING
2011-09-08,18,O,VTR,16.9839,32.682,-1.1308,-1,-3.2784,-0.5,-3.7784,HOLDING
2011-09-09,18,O,VTR,16.5079,31.2586,-0.0941,-1,-7.0417,-0.5,-7.5417,HOLDING
2011-09-12,18,O,VTR,16.6895,31.2831,0.5861,-1,-9.5447,-0.5,-10.0447,HOLDING
2011-09-13,18,O,VTR,16.8662,31.2893,1.1885,-1,-12.1147,-0.5,-12.6147,HOLDING
2011-09-14,18,O,VTR,16.9398,31.4058,1.1643,-1,-12.3198,-0.5,-12.8198,HOLDING
2011-09-15,18,O,VTR,17.0085,32.0436,0.1913,-1,-8.4918,-0.5,-8.9918,HOLDING
2011-09-16,18,O,VTR,17.1459,33.0371,-1.1436,-1,-2.9794,-0.5,-3.4794,HOLDING
2011-09-19,18,O,VTR,16.9299,32.3012,-0.4005,-1,-5.3721,-0.5,-5.8721,HOLDING
2011-09-20,18,O,VTR,16.8956,32.6446,-1.1788,-1,-2.2542,-0.5,-2.7542,HOLDING
2011-09-21,18,O,VTR,16.4392,30.9336,0.676,-1,-8.4933,-0.5,-8.9933,HOLDING
2011-09-22,18,O,VTR,16.3411,30.1241,1.8968,-1,-13.1897,-0.5,-13.6897,HOLDING
2011-09-23,18,O,VTR,16.4785,29.9278,2.3226,-1,-16.716,-0.5,-17.216,HOLDING
2011-09-26,18,O,VTR,16.5963,30.6515,1.2873,-1,-12.9626,-0.5,-13.4626,HOLDING
2011-09-27,18,O,VTR,16.6699,31.185,0.5823,-1,-9.9993,-0.5,-10.4993,HOLDING
2011-09-28,18,O,VTR,16.4441,30.2835,1.2577,-1,-13.5046,-0.5,-14.0046,HOLDING
2011-09-29,18,O,VTR,16.5501,30.7312,0.7694,-1,-11.6732,-0.5,-12.1732,HOLDING
2011-09-30,18,O,VTR,15.8897,30.2958,-0.5703,-1,-5.1987,-0.5,-5.6987,HOLDING
2011-10-03,18,O,VTR,15.0518,29.2532,-1.42,-1,-0.7089,-0.5,-1.2089,HOLDING
2011-10-04,18,O,VTR,15.6285,29.5537,-0.1647,-1,-6.9672,-0.5,-7.4672,HOLDING
2011-10-05,18,O,VTR,15.456,29.7254,-1.1039,-1,-3.1075,-0.5,-3.6075,HOLDING
2011-10-06,18,O,VTR,15.658,30.0689,-1.0365,-1,-3.4916,-0.5,-3.9916,HOLDING
2011-10-07,18,O,VTR,15.1701,29.6764,-1.7625,-1,0.754,-0.5,0.254,HOLDING
2011-10-10,18,O,VTR,15.7122,31.3629,-2.213,-1,5.5362,-0.5,5.0362,HOLDING
2011-10-11,18,O,VTR,15.318,30.5595,-1.8676,-1,5.273,-0.5,4.773,HOLDING
2011-10-12,18,O,VTR,15.5052,30.7189,-1.4259,-1,3.7102,-0.5,3.2102,HOLDING
2011-10-13,18,O,VTR,15.6334,30.2161,-0.4743,-1,-2.0082,-0.5,-2.5082,HOLDING
2011-10-14,18,O,VTR,15.9882,31.093,-0.6762,-1,-0.6018,-0.5,-1.1018,HOLDING
2011-10-17,18,O,VTR,15.7812,30.2406,-0.1342,-1,-4.012,-0.5,-4.512,HOLDING
2011-10-18,18,O,VTR,16.2199,31.3445,-0.4388,-1,-2.1228,-0.5,-2.6228,HOLDING
2011-10-19,18,O,VTR,16.0178,31.5898,-1.0623,-1,2.7339,-0.5,2.2339,HOLDING
2011-10-20,18,O,VTR,16.0425,31.6818,-1.0106,-1,3.0679,-0.5,2.5679,HOLDING
2011-10-21,18,O,VTR,16.3776,32.522,-1.145,-1,4.4866,-0.5,3.9866,HOLDING
2011-10-24,18,O,VTR,16.6832,33.2088,-1.1489,-1,5.1787,-0.5,4.6787,HOLDING
2011-10-25,18,O,VTR,16.3431,32.522,-1.0376,-1,4.9976,-0.5,4.4976,HOLDING
2011-10-26,18,O,VTR,16.5304,32.663,-0.6841,-1,3.2952,-0.5,2.7952,HOLDING
2011-10-27,18,O,VTR,16.7817,33.5277,-1.2201,-1,6.1415,-0.5,5.6415,HOLDING
2011-10-28,18,O,VTR,16.804,34.3679,-2.1713,-1,12.1946,-0.5,11.6946,HOLDING
2011-10-31,18,O,VTR,16.5367,34.1042,-2.1378,-1,14.15,-0.5,13.65,HOLDING
2011-11-01,18,O,VTR,16.1457,32.8654,-1.4303,-1,10.5306,-0.5,10.0306,HOLDING
2011-11-02,18,O,VTR,16.4278,33.3131,-1.134,-1,9.7527,-0.5,9.2527,HOLDING
2011-11-03,18,O,VTR,16.7248,33.724,-0.7782,-1,8.4755,-0.5,7.9755,HOLDING
2011-11-04,18,O,VTR,16.5813,33.3008,-0.5097,-1,7.387,-0.5,6.887,HOLDING
2011-11-07,18,O,VTR,16.606,33.2456,-0.3377,-1,6.601,-0.5,6.101,HOLDING
2011-11-08,18,O,VTR,16.7248,33.6075,-0.5072,-1,7.5903,-0.5,7.0903,HOLDING
2011-11-09,18,O,VTR,16.2348,32.1049,0.3111,-1,3.4336,-0.5,2.9336,HOLDING
2011-11-10,18,O,VTR,16.1507,32.3319,-0.2426,-1,6.4039,-0.5,5.9039,HOLDING
2011-11-11,18,O,VTR,16.4724,33.2763,-0.6613,-1,8.8134,-0.5,8.3134,HOLDING
2011-11-14,18,O,VTR,16.3635,32.3502,0.7776,-1,3.3909,-0.5,2.8909,HOLDING
2011-11-15,18,O,VTR,16.5268,32.6385,1.0636,-1,3.1614,-0.5,2.6614,HOLDING
2011-11-16,18,O,VTR,16.5664,32.3686,1.759,-1,0.5248,-0.5,0.0248,HOLDING
2011-11-17,18,O,VTR,16.512,31.5591,2.6293,-1,-4.8187,-0.5,-5.3187,HOLDING
2011-11-18,18,O,VTR,16.6902,32.1417,1.8809,-1,-3.032,-0.5,-3.532,HOLDING
2011-11-21,18,O,VTR,16.3684,31.1666,2.0688,-1,-5.6745,-0.5,-6.1745,HOLDING
2011-11-22,18,O,VTR,16.4031,31.0501,1.9715,-1,-7.073,-0.5,-7.573,HOLDING
2011-11-23,18,O,VTR,16.0418,30.1731,1.908,-1,-8.3834,-0.5,-8.8834,HOLDING
2011-11-25,18,O,VTR,16.0863,30.4,1.5263,-1,-7.3194,-0.5,-7.8194,HOLDING
2011-11-28,18,O,VTR,16.413,30.9336,1.4496,-1,-8.1047,-0.5,-8.6047,HOLDING
2011-11-29,18,O,VTR,16.4254,30.8661,1.4168,-1,-8.8015,-0.5,-9.3015,HOLDING
2011-11-30,18,O,VTR,16.8331,32.3564,0.5605,-1,0.0,-4.5132,-4.5132,PERIOD_END_EXIT
2011-06-03,19,ABT,PPL,18.0995,13.1253,0.0,0,0.0,0.0,0.0,HOLD_CASH
2011-06-06,19,ABT,PPL,18.0783,13.0213,0.0,0,0.0,0.0,0.0,HOLD_CASH
2011-06-07,19,ABT,PPL,18.2058,13.0591,0.0,0,0.0,0.0,0.0,HOLD_CASH
2011-06-08,19,ABT,PPL,18.259,12.9825,0.0,0,0.0,0.0,0.0,HOLD_CASH
2011-06-09,19,ABT,PPL,18.259,12.9825,0.0,0,0.0,0.0,0.0,HOLD_CASH
2011-06-10,19,ABT,PPL,18.0357,12.9011,0.0,0,0.0,0.0,0.0,HOLD_CASH
2011-06-13,19,ABT,PPL,18.2129,12.9873,0.0,0,0.0,0.0,0.0,HOLD_CASH
2011-06-14,19,ABT,PPL,18.1739,13.0447,0.0,0,0.0,0.0,0.0,HOLD_CASH
2011-06-15,19,ABT,PPL,18.181,12.9011,0.0,0,0.0,0.0,0.0,HOLD_CASH
2011-06-16,19,ABT,PPL,18.181,13.0208,0.0,0,0.0,0.0,0.0,HOLD_CASH
2011-06-17,19,ABT,PPL,18.3121,12.9634,0.0,0,0.0,0.0,0.0,HOLD_CASH
2011-06-20,19,ABT,PPL,18.4326,13.0256,0.0,0,0.0,0.0,0.0,HOLD_CASH
2011-06-21,19,ABT,PPL,18.5176,13.1405,0.0,0,0.0,0.0,0.0,HOLD_CASH
2011-06-22,19,ABT,PPL,18.4538,13.0064,0.0,0,0.0,0.0,0.0,HOLD_CASH
2011-06-23,19,ABT,PPL,18.3972,12.9681,0.0,0,0.0,0.0,0.0,HOLD_CASH
2011-06-24,19,ABT,PPL,18.3369,12.9634,0.0,0,0.0,0.0,0.0,HOLD_CASH
2011-06-27,19,ABT,PPL,18.3901,13.0782,0.0,0,0.0,0.0,0.0,HOLD_CASH
2011-06-28,19,ABT,PPL,18.5141,13.2506,0.0,0,0.0,0.0,0.0,HOLD_CASH
2011-06-29,19,ABT,PPL,18.4822,13.3463,0.0,0,0.0,0.0,0.0,HOLD_CASH
2011-06-30,19,ABT,PPL,18.6452,13.3224,-0.2608,0,0.0,0.0,0.0,HOLD_CASH
2011-07-01,19,ABT,PPL,18.8153,13.4133,-0.0955,0,0.0,0.0,0.0,HOLD_CASH
2011-07-05,19,ABT,PPL,18.8365,13.3463,0.7114,0,0.0,0.0,0.0,HOLD_CASH
2011-07-06,19,ABT,PPL,18.879,13.3798,0.5979,0,0.0,0.0,0.0,HOLD_CASH
2011-07-07,19,ABT,PPL,18.9712,13.4468,0.5486,0,0.0,0.0,0.0,HOLD_CASH
2011-07-08,19,ABT,PPL,18.8968,13.4133,0.3106,0,0.0,0.0,0.0,HOLD_CASH
2011-07-11,19,ABT,PPL,18.8436,13.2984,1.0936,0,0.0,0.0,0.0,HOLD_CASH
2011-07-12,19,ABT,PPL,18.8826,13.3846,0.3728,0,0.0,0.0,0.0,HOLD_CASH
2011-07-13,19,ABT,PPL,18.8683,13.3415,0.677,0,0.0,0.0,0.0,HOLD_CASH
2011-07-14,19,ABT,PPL,19.0077,13.2506,2.3728,-1,0.0,-0.5,-0.5,ENTER_SHORT_A
2011-07-15,19,ABT,PPL,18.9648,13.2984,1.4171,-1,1.4674,-0.5,0.9674,HOLDING
2011-07-18,19,ABT,PPL,18.786,13.1836,1.2011,-1,1.6511,-0.5,1.1511,HOLDING
2011-07-19,19,ABT,PPL,18.9112,13.1979,1.6902,-1,0.2762,-0.5,-0.2238,HOLDING
2011-07-20,19,ABT,PPL,18.736,13.2458,0.1319,-1,3.4836,-0.5,2.9836,HOLDING
2011-07-21,19,ABT,PPL,18.8969,13.4181,-0.3461,-1,4.6189,-0.5,4.1189,HOLDING
2011-07-22,19,ABT,PPL,18.9326,13.4085,-0.0069,-1,3.968,-0.5,3.468,HOLDING
2011-07-25,19,ABT,PPL,18.8004,13.5905,-2.0514,-1,9.14,-0.5,8.64,HOLDING
2011-07-26,19,ABT,PPL,18.6573,13.6431,-2.5189,-1,12.0147,-0.5,11.5147,HOLDING
2011-07-27,19,ABT,PPL,18.5322,13.7053,-2.6478,-1,14.8348,-0.5,14.3348,HOLDING
2011-07-28,19,ABT,PPL,18.4571,13.6192,-2.1536,-1,14.1966,-0.5,13.6966,HOLDING
2011-07-29,19,ABT,PPL,18.3498,13.3559,-1.2234,-1,10.6401,-0.5,10.1401,HOLDING
2011-08-01,19,ABT,PPL,18.0459,13.4133,-2.031,-1,15.7211,-0.5,15.2211,HOLDING
2011-08-02,19,ABT,PPL,17.9494,13.1644,-1.2193,-1,12.2945,-0.5,11.7945,HOLDING
2011-08-03,19,ABT,PPL,17.9816,13.2075,-1.1645,-1,12.6838,-0.5,12.1838,HOLDING
2011-08-04,19,ABT,PPL,17.4381,12.7001,-0.6968,-1,10.2586,-0.5,9.7586,HOLDING
2011-08-05,19,ABT,PPL,17.9601,12.7144,0.6214,-1,3.6634,-0.5,3.1634,HOLDING
2011-08-08,19,ABT,PPL,17.1842,12.1256,0.7725,-1,2.7595,-0.5,2.2595,HOLDING
2011-08-09,19,ABT,PPL,17.363,12.633,-0.5937,-1,9.9817,-0.5,9.4817,HOLDING
2011-08-10,19,ABT,PPL,16.7659,12.2644,-0.7643,-1,10.8808,-0.5,10.3808,HOLDING
2011-08-11,19,ABT,PPL,17.6562,12.5469,0.6604,-1,4.4997,-0.5,3.9997,HOLDING
2011-08-12,19,ABT,PPL,17.7456,12.4463,1.3031,-1,1.4273,-0.5,0.9273,HOLDING
2011-08-15,19,ABT,PPL,17.8457,12.7575,0.432,-1,5.9811,-0.5,5.4811,HOLDING
2011-08-16,19,ABT,PPL,17.9029,12.9107,0.0754,-1,8.1189,-0.5,7.6189,HOLDING
2011-08-17,19,ABT,PPL,17.9315,13.1117,-0.6181,-1,11.5361,-0.5,11.0361,HOLDING
2011-08-18,19,ABT,PPL,17.4738,13.0639,-1.6545,-1,16.6524,-0.5,16.1524,HOLDING
2011-08-19,19,ABT,PPL,17.5489,13.0687,-1.3033,-1,15.7552,-0.5,15.2552,HOLDING
2011-08-22,19,ABT,PPL,17.6562,13.0064,-0.6558,-1,13.1702,-0.5,12.6702,HOLDING
2011-08-23,19,ABT,PPL,18.0602,13.2171,-0.3004,-1,11.83,-0.5,11.33,HOLDING
2011-08-24,19,ABT,PPL,18.2747,13.4468,-0.6123,-1,13.3436,-0.5,12.8436,HOLDING
2011-08-25,19,ABT,PPL,17.8564,13.3176,-1.2767,-1,16.4074,-0.5,15.9074,HOLDING
2011-08-26,19,ABT,PPL,17.9315,13.308,-0.9424,-1,15.239,-0.5,14.739,HOLDING
2011-08-29,19,ABT,PPL,18.3105,13.6335,-1.0994,-1,16.3957,-0.5,15.8957,HOLDING
2011-08-30,19,ABT,PPL,18.5,13.6048,-0.4571,-1,13.3613,-0.5,12.8613,HOLDING
2011-08-31,19,ABT,PPL,18.7753,13.825,-0.5146,-1,13.8948,-0.5,13.3948,HOLDING
2011-09-01,19,ABT,PPL,18.5715,13.7484,-0.7342,-1,15.1302,-0.5,14.6302,HOLDING
2011-09-02,19,ABT,PPL,18.2497,13.6623,-1.1855,-1,17.7372,-0.5,17.2372,HOLDING
2011-09-06,19,ABT,PPL,18.3391,13.7197,-1.0751,-1,17.6451,-0.5,17.1451,HOLDING
2011-09-07,19,ABT,PPL,18.7002,13.7197,0.0259,-1,12.8954,-0.5,12.3954,HOLDING
2011-09-08,19,ABT,PPL,18.3927,13.7294,-0.8617,-1,17.1227,-0.5,16.6227,HOLDING
2011-09-09,19,ABT,PPL,18.0316,13.5452,-1.1259,-1,18.3981,-0.5,17.8981,HOLDING
2011-09-12,19,ABT,PPL,18.0602,13.5598,-1.1691,-1,18.2961,-0.5,17.7961,HOLDING
2011-09-13,19,ABT,PPL,18.0852,13.5598,-1.0681,-1,17.9668,-0.5,17.4668,HOLDING
2011-09-14,19,ABT,PPL,18.2068,13.6615,-1.1393,-1,18.2881,-0.5,17.7881,HOLDING
2011-09-15,19,ABT,PPL,18.3391,13.7924,-1.2817,-1,19.0168,-0.5,18.5168,HOLDING
2011-09-16,19,ABT,PPL,18.6537,13.9572,-0.6952,-1,17.9871,-0.5,17.4871,HOLDING
2011-09-19,19,ABT,PPL,18.5894,13.899,-0.5865,-1,17.7363,-0.5,17.2363,HOLDING
2011-09-20,19,ABT,PPL,18.8683,14.1849,-1.0827,-1,19.4628,-0.5,18.9628,HOLDING
2011-09-21,19,ABT,PPL,18.5,14.0444,-1.9554,-1,21.6551,-0.5,21.1551,HOLDING
2011-09-22,19,ABT,PPL,18.1246,13.8021,-1.9921,-1,22.0213,-0.5,21.5213,HOLDING
2011-09-23,19,ABT,PPL,18.2211,13.8069,-1.3217,-1,20.843,-0.5,20.343,HOLDING
2011-09-26,19,ABT,PPL,18.146,13.9669,-2.304,-1,24.8478,-0.5,24.3478,HOLDING
2011-09-27,19,ABT,PPL,18.3069,13.9959,-1.5216,-1,23.2801,-0.5,22.7801,HOLDING
2011-09-28,19,ABT,PPL,18.2032,13.9039,-1.3274,-1,22.9067,-0.5,22.4067,HOLDING
2011-09-29,19,ABT,PPL,18.5393,13.9814,-0.2022,-1,19.9491,-0.5,19.4491,HOLDING
2011-09-30,19,ABT,PPL,18.2855,13.8312,-0.3942,-1,20.4538,-0.5,19.9538,HOLDING
2011-10-03,19,ABT,PPL,17.9315,13.458,0.3557,-1,18.0689,-0.5,17.5689,HOLDING
2011-10-04,19,ABT,PPL,18.0566,13.3999,1.3341,-1,15.3257,-0.5,14.8257,HOLDING
2011-10-05,19,ABT,PPL,18.2747,13.3029,2.7841,-1,10.6283,-0.5,10.1283,HOLDING
2011-10-06,19,ABT,PPL,18.2998,13.5355,1.3628,-1,14.6881,-0.5,14.1881,HOLDING
2011-10-07,19,ABT,PPL,18.4249,13.6179,1.2938,-1,14.5965,-0.5,14.0965,HOLDING
2011-10-10,19,ABT,PPL,18.8146,13.8796,1.3051,-1,14.4079,-0.5,13.9079,HOLDING
2011-10-11,19,ABT,PPL,18.8433,13.8312,1.4909,-1,13.1173,-0.5,12.6173,HOLDING
2011-10-12,19,ABT,PPL,18.8829,13.7294,1.8298,-1,10.675,-0.5,10.175,HOLDING
2011-10-13,19,ABT,PPL,18.818,13.773,1.2812,-1,12.3524,-0.5,11.8524,HOLDING
2011-10-14,19,ABT,PPL,19.0273,13.8215,1.5266,-1,10.514,-0.5,10.014,HOLDING
2011-10-17,19,ABT,PPL,18.7783,13.8069,0.8052,-1,13.5144,-0.5,13.0144,HOLDING
2011-10-18,19,ABT,PPL,18.9226,13.9087,0.7527,-1,13.536,-0.5,13.036,HOLDING
2011-10-19,19,ABT,PPL,19.2149,13.962,1.2241,-1,10.6976,-0.5,10.1976,HOLDING
2011-10-20,19,ABT,PPL,19.5036,14.0105,1.6105,-1,7.8152,-0.5,7.3152,HOLDING
2011-10-21,19,ABT,PPL,19.435,14.2576,0.4866,-1,13.3802,-0.5,12.8802,HOLDING
2011-10-24,19,ABT,PPL,19.2871,14.1365,0.4574,-1,13.0401,-0.5,12.5401,HOLDING
2011-10-25,19,ABT,PPL,19.1211,13.9572,0.6293,-1,11.8401,-0.5,11.3401,HOLDING
2011-10-26,19,ABT,PPL,19.3593,14.1656,0.3936,-1,12.6395,-0.5,12.1395,HOLDING
2011-10-27,19,ABT,PPL,19.5325,14.2528,0.5348,-1,12.0073,-0.5,11.5073,HOLDING
2011-10-28,19,ABT,PPL,19.5649,14.3933,-0.3554,-1,14.2317,-0.5,13.7317,HOLDING
2011-10-31,19,ABT,PPL,19.4386,14.2334,0.0193,-1,12.8755,-0.5,12.3755,HOLDING
2011-11-01,19,ABT,PPL,19.0381,14.0638,-1.2399,-1,14.9433,-0.5,14.4433,HOLDING
2011-11-02,19,ABT,PPL,19.0814,14.2576,-2.2758,-1,18.0312,-0.5,17.5312,HOLDING
2011-11-03,19,ABT,PPL,19.4278,14.5387,-2.1337,-1,18.7782,-0.5,18.2782,HOLDING
2011-11-04,19,ABT,PPL,19.2438,14.3788,-1.7693,-1,18.1813,-0.5,17.6813,HOLDING
2011-11-07,19,ABT,PPL,19.352,14.466,-1.6259,-1,18.4034,-0.5,17.9034,HOLDING
2011-11-08,19,ABT,PPL,19.5794,14.592,-1.2249,-1,17.7906,-0.5,17.2906,HOLDING
2011-11-09,19,ABT,PPL,19.1031,14.4321,-2.0325,-1,21.0381,-0.5,20.5381,HOLDING
2011-11-10,19,ABT,PPL,19.4675,14.4903,-0.7758,-1,17.3417,-0.5,16.8417,HOLDING
2011-11-11,19,ABT,PPL,19.6768,14.655,-0.7419,-1,17.6979,-0.5,17.1979,HOLDING
2011-11-14,19,ABT,PPL,19.5722,14.4709,-0.1322,-1,15.5997,-0.5,15.0997,HOLDING
2011-11-15,19,ABT,PPL,19.666,14.4757,0.232,-1,14.4571,-0.5,13.9571,HOLDING
2011-11-16,19,ABT,PPL,19.4026,14.2625,0.4048,-1,13.8987,-0.5,13.3987,HOLDING
2011-11-17,19,ABT,PPL,19.2727,14.151,0.6997,-1,13.5042,-0.5,13.0042,HOLDING
2011-11-18,19,ABT,PPL,19.3124,14.3109,-0.1663,-1,15.9995,-0.5,15.4995,HOLDING
2011-11-21,19,ABT,PPL,19.0417,14.1995,-0.7233,-1,17.456,-0.5,16.956,HOLDING
2011-11-22,19,ABT,PPL,19.0128,14.0929,-0.0314,-1,15.8242,-0.5,15.3242,HOLDING
2011-11-23,19,ABT,PPL,18.8902,13.7682,1.7203,-1,11.3118,-0.5,10.8118,HOLDING
2011-11-25,19,ABT,PPL,18.7819,13.8457,0.6178,-1,14.1984,-0.5,13.6984,HOLDING
2011-11-28,19,ABT,PPL,19.1969,14.0929,1.0607,-1,13.4037,-0.5,12.9037,HOLDING
2011-11-29,19,ABT,PPL,19.1428,14.1656,0.247,-1,15.487,-0.5,14.987,HOLDING
2011-11-30,19,ABT,PPL,19.684,14.5484,0.3925,-1,0.0,14.558,14.558,PERIOD_END_EXIT
2011-06-03,20,MAC,SPG,24.7783,56.3011,0.0,0,0.0,0.0,0.0,HOLD_CASH
2011-06-06,20,MAC,SPG,24.3516,55.603,0.0,0,0.0,0.0,0.0,HOLD_CASH
2011-06-07,20,MAC,SPG,24.5204,56.1352,0.0,0,0.0,0.0,0.0,HOLD_CASH
2011-06-08,20,MAC,SPG,24.4923,56.0766,0.0,0,0.0,0.0,0.0,HOLD_CASH
2011-06-09,20,MAC,SPG,23.9389,55.4517,0.0,0,0.0,0.0,0.0,HOLD_CASH
2011-06-10,20,MAC,SPG,23.4044,54.1336,0.0,0,0.0,0.0,0.0,HOLD_CASH
2011-06-13,20,MAC,SPG,23.5263,54.4949,0.0,0,0.0,0.0,0.0,HOLD_CASH
2011-06-14,20,MAC,SPG,23.8967,55.3541,0.0,0,0.0,0.0,0.0,HOLD_CASH
2011-06-15,20,MAC,SPG,23.1277,54.3729,0.0,0,0.0,0.0,0.0,HOLD_CASH
2011-06-16,20,MAC,SPG,23.4465,54.9391,0.0,0,0.0,0.0,0.0,HOLD_CASH
2011-06-17,20,MAC,SPG,23.6998,55.6519,0.0,0,0.0,0.0,0.0,HOLD_CASH
2011-06-20,20,MAC,SPG,24.0702,56.1693,0.0,0,0.0,0.0,0.0,HOLD_CASH
2011-06-21,20,MAC,SPG,24.2344,56.1205,0.0,0,0.0,0.0,0.0,HOLD_CASH
2011-06-22,20,MAC,SPG,24.15,55.7593,0.0,0,0.0,0.0,0.0,HOLD_CASH
2011-06-23,20,MAC,SPG,23.953,54.6657,0.0,0,0.0,0.0,0.0,HOLD_CASH
2011-06-24,20,MAC,SPG,24.1453,54.8903,0.0,0,0.0,0.0,0.0,HOLD_CASH
2011-06-27,20,MAC,SPG,24.361,55.5347,0.0,0,0.0,0.0,0.0,HOLD_CASH
2011-06-28,20,MAC,SPG,24.708,55.6714,0.0,0,0.0,0.0,0.0,HOLD_CASH
2011-06-29,20,MAC,SPG,24.9284,56.5013,0.0,0,0.0,0.0,0.0,HOLD_CASH
2011-06-30,20,MAC,SPG,25.0878,56.7405,1.3224,0,0.0,0.0,0.0,HOLD_CASH
2011-07-01,20,MAC,SPG,25.4067,57.8828,0.7727,0,0.0,0.0,0.0,HOLD_CASH
2011-07-05,20,MAC,SPG,25.6927,58.2099,1.146,0,0.0,0.0,0.0,HOLD_CASH
2011-07-06,20,MAC,SPG,25.9788,58.6932,1.2553,0,0.0,0.0,0.0,HOLD_CASH
2011-07-07,20,MAC,SPG,26.307,59.3522,1.2484,0,0.0,0.0,0.0,HOLD_CASH
2011-07-08,20,MAC,SPG,26.3539,59.1521,1.4266,0,0.0,0.0,0.0,HOLD_CASH
2011-07-11,20,MAC,SPG,25.4676,58.1708,0.2214,0,0.0,0.0,0.0,HOLD_CASH
2011-07-12,20,MAC,SPG,25.3692,58.2147,-0.1228,0,0.0,0.0,0.0,HOLD_CASH
2011-07-13,20,MAC,SPG,25.2472,57.6924,0.1186,0,0.0,0.0,0.0,HOLD_CASH
2011-07-14,20,MAC,SPG,24.9377,57.3702,-0.4668,0,0.0,0.0,0.0,HOLD_CASH
2011-07-15,20,MAC,SPG,25.2848,57.9902,-0.3485,0,0.0,0.0,0.0,HOLD_CASH
2011-07-18,20,MAC,SPG,24.9518,57.5362,-1.0286,0,0.0,0.0,0.0,HOLD_CASH
2011-07-19,20,MAC,SPG,25.4114,58.6932,-1.3765,0,0.0,0.0,0.0,HOLD_CASH
2011-07-20,20,MAC,SPG,25.6365,58.825,-0.7563,0,0.0,0.0,0.0,HOLD_CASH
2011-07-21,20,MAC,SPG,25.824,59.2009,-0.7259,0,0.0,0.0,0.0,HOLD_CASH
2011-07-22,20,MAC,SPG,25.7255,59.484,-1.581,0,0.0,0.0,0.0,HOLD_CASH
2011-07-25,20,MAC,SPG,25.4723,58.8104,-1.266,0,0.0,0.0,0.0,HOLD_CASH
2011-07-26,20,MAC,SPG,25.4583,59.7476,-2.3945,1,0.0,-0.5,-0.5,ENTER_LONG_A
2011-07-27,20,MAC,SPG,24.783,58.1952,-2.0697,1,-0.1355,-0.5,-0.6355,HOLDING
2011-07-28,20,MAC,SPG,25.055,58.8933,-1.8428,1,-0.3857,-0.5,-0.8857,HOLDING
2011-07-29,20,MAC,SPG,24.9143,58.8299,-1.8803,1,-1.5016,-0.5,-2.0016,HOLDING
2011-08-01,20,MAC,SPG,24.6611,58.454,-1.8344,1,-2.4154,-0.5,-2.9154,HOLDING
2011-08-02,20,MAC,SPG,23.681,56.5257,-1.9476,1,-3.9712,-0.5,-4.4712,HOLDING
2011-08-03,20,MAC,SPG,23.2918,56.3402,-2.258,1,-7.017,-0.5,-7.517,HOLDING
2011-08-04,20,MAC,SPG,22.2086,54.1385,-2.2278,1,-8.4419,-0.5,-8.9419,HOLDING
2011-08-05,20,MAC,SPG,21.5427,53.1329,-2.3397,1,-10.773,-0.5,-11.273,HOLDING
2011-08-08,20,MAC,SPG,19.681,48.6905,-2.0685,1,-10.4665,-0.5,-10.9665,HOLDING
2011-08-09,20,MAC,SPG,21.6412,54.2264,-2.123,1,-14.3816,-0.5,-14.8816,HOLDING
2011-08-10,20,MAC,SPG,21.3739,52.6691,-1.3791,1,-10.4903,-0.5,-10.9903,HOLDING
2011-08-11,20,MAC,SPG,23.1324,55.9106,-0.6452,1,-6.7851,-0.5,-7.2851,HOLDING
2011-08-12,20,MAC,SPG,22.9776,55.7788,-0.7152,1,-7.7533,-0.5,-8.2533,HOLDING
2011-08-15,20,MAC,SPG,23.9249,57.0422,-0.0182,1,-3.738,-0.5,-4.238,HOLDING
2011-08-16,20,MAC,SPG,23.6904,57.642,-0.6854,1,-8.55,-0.5,-9.05,HOLDING
2011-08-17,20,MAC,SPG,23.5862,57.8042,-0.8734,1,-10.252,-0.5,-10.752,HOLDING
2011-08-18,20,MAC,SPG,22.2364,55.4101,-1.4147,1,-13.4893,-0.5,-13.9893,HOLDING
2011-08-19,20,MAC,SPG,21.4454,54.2056,-1.7862,1,-16.2165,-0.5,-16.7165,HOLDING
2011-08-22,20,MAC,SPG,21.687,54.3088,-1.3197,1,-14.2764,-0.5,-14.7764,HOLDING
2011-08-23,20,MAC,SPG,22.1843,55.8771,-1.4187,1,-15.9551,-0.5,-16.4551,HOLDING
2011-08-24,20,MAC,SPG,22.3832,56.7571,-1.5446,1,-17.6838,-0.5,-18.1838,HOLDING
2011-08-25,20,MAC,SPG,21.7059,55.7198,-1.8476,1,-19.9942,-0.5,-20.4942,HOLDING
2011-08-26,20,MAC,SPG,21.8054,56.6145,-2.0285,1,-22.7614,-0.5,-23.2614,HOLDING
2011-08-29,20,MAC,SPG,22.7716,57.6273,-0.9195,1,-17.5111,-0.5,-18.0111,HOLDING
2011-08-30,20,MAC,SPG,22.8426,57.1897,-0.3896,1,-14.9826,-0.5,-15.4826,HOLDING
2011-08-31,20,MAC,SPG,23.2262,57.7649,-0.0267,1,-13.6222,-0.5,-14.1222,HOLDING
2011-09-01,20,MAC,SPG,22.3927,57.7452,-1.5287,1,-21.7256,-0.5,-22.2256,HOLDING
2011-09-02,20,MAC,SPG,21.6302,56.3343,-1.7069,1,-23.3098,-0.5,-23.8098,HOLDING
2011-09-06,20,MAC,SPG,21.2323,57.0963,-2.3815,1,-30.405,-0.5,-30.905,HOLDING
2011-09-07,20,MAC,SPG,22.3216,58.6891,-1.4321,1,-26.3726,-0.5,-26.8726,HOLDING
2011-09-08,20,MAC,SPG,22.2316,58.3598,-1.238,1,-25.8782,-0.5,-26.3782,HOLDING
2011-09-09,20,MAC,SPG,21.3413,56.9488,-1.5687,1,-28.7181,-0.5,-29.2181,HOLDING
2011-09-12,20,MAC,SPG,21.6017,57.057,-1.1404,1,-26.6128,-0.5,-27.1128,HOLDING
2011-09-13,20,MAC,SPG,21.7864,57.1995,-0.8963,1,-25.3953,-0.5,-25.8953,HOLDING
2011-09-14,20,MAC,SPG,22.1985,57.2733,-0.1969,1,-21.6577,-0.5,-22.1577,HOLDING
2011-09-15,20,MAC,SPG,22.639,58.5417,-0.1988,1,-22.6395,-0.5,-23.1395,HOLDING
2011-09-16,20,MAC,SPG,22.7574,59.3381,-0.4793,1,-24.8091,-0.5,-25.3091,HOLDING
2011-09-19,20,MAC,SPG,22.1322,58.4188,-0.9303,1,-27.1017,-0.5,-27.6017,HOLDING
2011-09-20,20,MAC,SPG,22.0375,58.7875,-1.2787,1,-29.5747,-0.5,-30.0747,HOLDING
2011-09-21,20,MAC,SPG,20.7682,55.3068,-1.0932,1,-27.4753,-0.5,-27.9753,HOLDING
2011-09-22,20,MAC,SPG,20.5124,54.4809,-0.8789,1,-26.5308,-0.5,-27.0308,HOLDING
2011-09-23,20,MAC,SPG,20.8771,55.4101,-0.7657,1,-26.8374,-0.5,-27.3374,HOLDING
2011-09-26,20,MAC,SPG,21.0618,55.7984,-0.6272,1,-26.6486,-0.5,-27.1486,HOLDING
2011-09-27,20,MAC,SPG,21.6017,55.8476,0.5899,1,-21.5524,-0.5,-22.0524,HOLDING
2011-09-28,20,MAC,SPG,20.6403,54.7021,-0.5645,1,-26.2007,-0.5,-26.7007,HOLDING
2011-09-29,20,MAC,SPG,21.0144,55.3462,-0.0678,1,-25.2213,-0.5,-25.7213,HOLDING
2011-09-30,20,MAC,SPG,20.1904,54.068,-1.3037,1,-27.9656,-0.5,-28.4656,HOLDING
2011-10-03,20,MAC,SPG,19.0442,52.3571,-2.6427,1,-32.0624,-0.5,-32.5624,HOLDING
2011-10-04,20,MAC,SPG,19.2336,54.4662,-3.1329,1,-39.0269,-0.5,-39.5269,HOLDING
2011-10-05,20,MAC,SPG,19.5273,53.7828,-1.5903,1,-33.2839,-0.5,-33.7839,HOLDING
2011-10-06,20,MAC,SPG,20.3182,55.3363,-0.9937,1,-32.017,-0.5,-32.517,HOLDING
2011-10-07,20,MAC,SPG,19.6599,53.832,-1.1286,1,-32.1873,-0.5,-32.6873,HOLDING
2011-10-10,20,MAC,SPG,20.6971,56.3392,-0.8086,1,-32.4926,-0.5,-32.9926,HOLDING
2011-10-11,20,MAC,SPG,20.2993,55.474,-0.8797,1,-32.7791,-0.5,-33.2791,HOLDING
2011-10-12,20,MAC,SPG,20.7918,56.6489,-0.6792,1,-32.8585,-0.5,-33.3585,HOLDING
2011-10-13,20,MAC,SPG,20.7682,55.646,0.1198,1,-28.8946,-0.5,-29.3946,HOLDING
2011-10-14,20,MAC,SPG,21.0902,56.9734,-0.1844,1,-31.286,-0.5,-31.786,HOLDING
2011-10-17,20,MAC,SPG,20.2993,55.5231,-0.7086,1,-32.9847,-0.5,-33.4847,HOLDING
2011-10-18,20,MAC,SPG,21.1044,57.6223,-0.5633,1,-33.8617,-0.5,-34.3617,HOLDING
2011-10-19,20,MAC,SPG,20.9908,56.8112,-0.0955,1,-31.5838,-0.5,-32.0838,HOLDING
2011-10-20,20,MAC,SPG,21.2844,57.3913,0.1292,1,-31.1276,-0.5,-31.6276,HOLDING
2011-10-21,20,MAC,SPG,22.3832,59.3381,0.9802,1,-28.4834,-0.5,-28.9834,HOLDING
2011-10-24,20,MAC,SPG,22.9184,60.4049,1.2405,1,-27.6916,-0.5,-28.1916,HOLDING
2011-10-25,20,MAC,SPG,22.7526,59.5396,1.7338,1,-25.6991,-0.5,-26.1991,HOLDING
2011-10-26,20,MAC,SPG,23.0747,60.7589,1.3585,1,-27.6379,-0.5,-28.1379,HOLDING
2011-10-27,20,MAC,SPG,23.553,63.4677,0.2347,1,-34.2749,-0.5,-34.7749,HOLDING
2011-10-28,20,MAC,SPG,23.6809,63.6299,0.4016,1,-33.6979,-0.5,-34.1979,HOLDING
2011-10-31,20,MAC,SPG,23.5672,63.1432,0.4947,1,-32.7777,-0.5,-33.2777,HOLDING
2011-11-01,20,MAC,SPG,22.6247,61.6241,-0.6541,1,-35.6768,-0.5,-36.1768,HOLDING
2011-11-02,20,MAC,SPG,23.7567,62.7696,1.3107,1,-29.3538,-0.5,-29.8538,HOLDING
2011-11-03,20,MAC,SPG,24.1214,63.6151,1.2881,1,-29.3108,-0.5,-29.8108,HOLDING
2011-11-04,20,MAC,SPG,23.7946,63.3399,0.5852,1,-31.3681,-0.5,-31.8681,HOLDING
2011-11-07,20,MAC,SPG,23.662,63.8069,-0.3607,1,-34.6245,-0.5,-35.1245,HOLDING
2011-11-08,20,MAC,SPG,24.4426,64.3034,1.276,1,-29.0367,-0.5,-29.5367,HOLDING
2011-11-09,20,MAC,SPG,23.2836,61.5454,0.8472,1,-28.8772,-0.5,-29.3772,HOLDING
2011-11-10,20,MAC,SPG,23.3268,61.865,0.56,1,-29.791,-0.5,-30.291,HOLDING
2011-11-11,20,MAC,SPG,24.16,62.9121,1.6523,1,-25.9898,-0.5,-26.4898,HOLDING
2011-11-14,20,MAC,SPG,23.547,61.8823,0.9443,1,-27.7004,-0.5,-28.2004,HOLDING
2011-11-15,20,MAC,SPG,24.0164,62.521,1.514,1,-25.7641,-0.5,-26.2641,HOLDING
2011-11-16,20,MAC,SPG,23.5375,61.3179,1.327,1,-25.4328,-0.5,-25.9328,HOLDING
2011-11-17,20,MAC,SPG,23.0969,60.4565,0.8757,1,-26.1547,-0.5,-26.6547,HOLDING
2011-11-18,20,MAC,SPG,23.4848,61.0011,1.3281,1,-24.6242,-0.5,-25.1242,HOLDING
2011-11-21,20,MAC,SPG,22.9101,59.1642,1.5675,1,-22.5817,-0.5,-23.0817,HOLDING
2011-11-22,20,MAC,SPG,23.0442,58.9662,1.9195,1,-20.4362,-0.5,-20.9362,HOLDING
2011-11-23,20,MAC,SPG,21.9954,57.3225,0.7319,1,-23.8575,-0.5,-24.3575,HOLDING
2011-11-25,20,MAC,SPG,22.0481,57.5948,0.5137,1,-24.4796,-0.5,-24.9796,HOLDING
2011-11-28,20,MAC,SPG,22.9005,58.6939,1.5519,1,-20.7077,-0.5,-21.2077,HOLDING
2011-11-29,20,MAC,SPG,22.8527,59.0058,0.9865,1,-22.4831,-0.5,-22.9831,HOLDING
2011-11-30,20,MAC,SPG,23.9924,61.5605,1.3824,1,0.0,-22.9734,-22.9734,PERIOD_END_EXIT
