Date,Pair_Rank,Ticker_A,Ticker_B,Price_A,Price_B,Hedge_Ratio,ZScore,Position,Unrealized_PnL,Realized_PnL,Cumulative_PnL,Status
2019-12-02,1,HBAN,KEY,11.0785,14.0728,0.8877,0.0,0.0,0.0,0.0,0.0,HOLD_CASH
2019-12-03,1,HBAN,KEY,10.944,13.8587,0.8877,0.0,0.0,0.0,0.0,0.0,HOLD_CASH
2019-12-04,1,HBAN,KEY,11.0934,14.095,0.8877,0.0,0.0,0.0,0.0,0.0,HOLD_CASH
2019-12-05,1,HBAN,KEY,11.1233,14.25,0.8877,0.0,0.0,0.0,0.0,0.0,HOLD_CASH
2019-12-06,1,HBAN,KEY,11.3624,14.5158,0.8877,0.0,0.0,0.0,0.0,0.0,HOLD_CASH
2019-12-09,1,HBAN,KEY,11.4146,14.5011,0.8877,0.0,0.0,0.0,0.0,0.0,HOLD_CASH
2019-12-10,1,HBAN,KEY,11.4819,14.5527,0.8877,0.0,0.0,0.0,0.0,0.0,HOLD_CASH
2019-12-11,1,HBAN,KEY,11.3624,14.5084,0.8877,0.0,0.0,0.0,0.0,0.0,HOLD_CASH
2019-12-12,1,HBAN,KEY,11.6537,15.0548,0.8877,0.0,0.0,0.0,0.0,0.0,HOLD_CASH
2019-12-13,1,HBAN,KEY,11.4669,14.8112,0.8877,0.0,0.0,0.0,0.0,0.0,HOLD_CASH
2019-12-16,1,HBAN,KEY,11.4595,14.8481,0.8877,0.0,0.0,0.0,0.0,0.0,HOLD_CASH
2019-12-17,1,HBAN,KEY,11.5651,15.0327,0.8877,0.0,0.0,0.0,0.0,0.0,HOLD_CASH
2019-12-18,1,HBAN,KEY,11.5425,14.9958,0.8877,0.0,0.0,0.0,0.0,0.0,HOLD_CASH
2019-12-19,1,HBAN,KEY,11.4368,14.9293,0.8877,0.0,0.0,0.0,0.0,0.0,HOLD_CASH
2019-12-20,1,HBAN,KEY,11.4293,15.0622,0.8877,0.0,0.0,0.0,0.0,0.0,HOLD_CASH
2019-12-23,1,HBAN,KEY,11.4067,14.9514,0.8877,0.0,0.0,0.0,0.0,0.0,HOLD_CASH
2019-12-24,1,HBAN,KEY,11.4293,15.0253,0.8877,0.0,0.0,0.0,0.0,0.0,HOLD_CASH
2019-12-26,1,HBAN,KEY,11.4519,15.0401,0.8877,0.0,0.0,0.0,0.0,0.0,HOLD_CASH
2019-12-27,1,HBAN,KEY,11.4067,14.9736,0.8877,0.0,0.0,0.0,0.0,0.0,HOLD_CASH
2019-12-30,1,HBAN,KEY,11.3463,14.9293,0.8877,-1.3623,0.0,0.0,0.0,0.0,HOLD_CASH
2019-12-31,1,HBAN,KEY,11.3765,14.9441,0.8877,-1.0963,0.0,0.0,0.0,0.0,HOLD_CASH
2020-01-02,1,HBAN,KEY,11.3086,14.9588,0.8877,-1.4943,0.0,0.0,0.0,0.0,HOLD_CASH
2020-01-03,1,HBAN,KEY,11.1728,14.7004,0.8877,-1.1045,0.0,0.0,0.0,0.0,HOLD_CASH
2020-01-06,1,HBAN,KEY,10.9917,14.4789,0.8877,-1.2058,0.0,0.0,0.0,0.0,HOLD_CASH
2020-01-07,1,HBAN,KEY,10.871,14.3682,0.8877,-1.3952,0.0,0.0,0.0,0.0,HOLD_CASH
2020-01-08,1,HBAN,KEY,10.9616,14.5084,0.8877,-1.3304,0.0,0.0,0.0,0.0,HOLD_CASH
2020-01-09,1,HBAN,KEY,10.9842,14.538,0.8877,-1.2942,0.0,0.0,0.0,0.0,HOLD_CASH
2020-01-10,1,HBAN,KEY,10.8484,14.3608,0.8877,-1.3964,0.0,0.0,0.0,0.0,HOLD_CASH
2020-01-13,1,HBAN,KEY,10.9087,14.3829,0.8877,-0.8723,0.0,0.0,0.0,0.0,HOLD_CASH
2020-01-14,1,HBAN,KEY,11.0144,14.3977,0.8877,0.2702,0.0,0.0,0.0,0.0,HOLD_CASH
2020-01-15,1,HBAN,KEY,10.9087,14.154,0.8877,1.1197,0.0,0.0,0.0,0.0,HOLD_CASH
2020-01-16,1,HBAN,KEY,11.0596,14.3312,0.8877,1.5618,0.0,0.0,0.0,0.0,HOLD_CASH
2020-01-17,1,HBAN,KEY,11.0974,14.4641,0.8877,0.9995,0.0,0.0,0.0,0.0,HOLD_CASH
2020-01-21,1,HBAN,KEY,11.0219,14.3977,0.8877,0.6274,0.0,0.0,0.0,0.0,HOLD_CASH
2020-01-22,1,HBAN,KEY,11.1124,14.4863,0.8877,0.9973,0.0,0.0,0.0,0.0,HOLD_CASH
2020-01-23,1,HBAN,KEY,10.7654,14.6413,0.8877,-3.3343,1.0,0.0,-0.0833,-0.0833,ENTER_LONG_A
2020-01-24,1,HBAN,KEY,10.3505,14.2426,0.8877,-3.117,1.0,-0.6343,-0.0833,-0.7177,HOLDING
2020-01-27,1,HBAN,KEY,10.177,13.9104,0.8877,-2.2729,1.0,-0.4566,-0.0833,-0.5399,HOLDING
2020-01-28,1,HBAN,KEY,10.26,14.095,0.8877,-2.0577,1.0,-0.6103,-0.0833,-0.6937,HOLDING
2020-01-29,1,HBAN,KEY,10.1694,13.9399,0.8877,-1.7314,1.0,-0.5666,-0.0833,-0.6499,HOLDING
2020-01-30,1,HBAN,KEY,10.3731,14.0876,0.8877,-1.1112,1.0,-0.1265,-0.0833,-0.2099,HOLDING
2020-01-31,1,HBAN,KEY,10.2373,13.8144,0.8877,-0.8356,1.0,0.0478,-0.0833,-0.0355,HOLDING
2020-02-03,1,HBAN,KEY,10.3505,14.0137,0.8877,-0.8303,1.0,-0.0217,-0.0833,-0.105,HOLDING
2020-02-04,1,HBAN,KEY,10.4636,14.2869,0.8877,-1.0108,1.0,-0.2889,-0.0833,-0.3722,HOLDING
2020-02-05,1,HBAN,KEY,10.6296,14.7742,0.8877,-1.4495,1.0,-0.9126,-0.0833,-0.9959,HOLDING
2020-02-06,1,HBAN,KEY,10.5391,14.4789,0.8877,-0.9567,1.0,-0.4933,-0.0833,-0.5766,HOLDING
2020-02-07,1,HBAN,KEY,10.5315,14.4715,0.8877,-0.8786,1.0,-0.5045,-0.0833,-0.5878,HOLDING
2020-02-10,1,HBAN,KEY,10.5089,14.4125,0.8877,-0.7425,1.0,-0.4392,-0.0833,-0.5225,HOLDING
2020-02-11,1,HBAN,KEY,10.5844,14.5454,0.8877,-0.7059,1.0,-0.4855,-0.0833,-0.5689,HOLDING
2020-02-12,1,HBAN,KEY,10.5994,14.5527,0.8877,-0.5904,1.0,-0.4434,-0.0833,-0.5268,HOLDING
2020-02-13,1,HBAN,KEY,10.6749,14.5601,0.8877,-0.2246,0.0,0.0,-0.3199,-0.3199,EXIT
2020-02-14,1,HBAN,KEY,10.6221,14.5675,0.8877,-0.3982,0.0,0.0,-0.3199,-0.3199,HOLD_CASH
2020-02-18,1,HBAN,KEY,10.4938,14.442,0.8877,-0.5747,0.0,0.0,-0.3199,-0.3199,HOLD_CASH
2020-02-19,1,HBAN,KEY,10.5844,14.5675,0.8877,-0.4577,0.0,0.0,-0.3199,-0.3199,HOLD_CASH
2020-02-20,1,HBAN,KEY,10.6673,14.7816,0.8877,-1.3406,0.0,0.0,-0.3199,-0.3199,HOLD_CASH
2020-02-21,1,HBAN,KEY,10.4938,14.5232,0.8877,-1.3456,0.0,0.0,-0.3199,-0.3199,HOLD_CASH
2020-02-24,1,HBAN,KEY,10.1845,14.0137,0.8877,-1.0088,0.0,0.0,-0.3199,-0.3199,HOLD_CASH
2020-02-25,1,HBAN,KEY,9.6791,13.3197,0.8877,-1.7337,0.0,0.0,-0.3199,-0.3199,HOLD_CASH
2020-02-26,1,HBAN,KEY,9.581,13.0465,0.8877,-0.4593,0.0,0.0,-0.3199,-0.3199,HOLD_CASH
2020-02-27,1,HBAN,KEY,9.3169,12.3377,0.8877,2.3094,-1.0,0.0,-0.4033,-0.4033,ENTER_SHORT_A
2020-02-28,1,HBAN,KEY,9.2566,12.0719,0.8877,2.8882,-1.0,-0.5583,-0.4033,-0.9616,HOLDING
2020-03-02,1,HBAN,KEY,9.762,12.6731,0.8877,2.8508,-1.0,-1.0438,-0.4033,-1.447,HOLDING
2020-03-03,1,HBAN,KEY,9.4905,12.1055,0.8877,2.7708,-1.0,-1.5597,-0.4033,-1.963,HOLDING
2020-03-04,1,HBAN,KEY,9.5433,12.464,0.8877,1.4287,-1.0,-0.6713,-0.4033,-1.0746,HOLDING
2020-03-05,1,HBAN,KEY,8.8869,11.9338,0.8877,-0.3757,0.0,0.0,0.2711,0.2711,EXIT
2020-03-06,1,HBAN,KEY,8.389,11.1048,0.8877,-0.0512,0.0,0.0,0.2711,0.2711,HOLD_CASH
2020-03-09,1,HBAN,KEY,7.1292,9.081,0.8877,0.7569,0.0,0.0,0.2711,0.2711,HOLD_CASH
2020-03-10,1,HBAN,KEY,7.5215,9.9846,0.8877,-0.8885,0.0,0.0,0.2711,0.2711,HOLD_CASH
2020-03-11,1,HBAN,KEY,6.8878,9.1482,0.8877,-1.3367,0.0,0.0,0.2711,0.2711,HOLD_CASH
2020-03-12,1,HBAN,KEY,6.3219,8.1176,0.8877,-0.2886,0.0,0.0,0.2711,0.2711,HOLD_CASH
2020-03-13,1,HBAN,KEY,7.1669,9.5067,0.8877,-0.9739,0.0,0.0,0.2711,0.2711,HOLD_CASH
2020-03-16,1,HBAN,KEY,6.3597,7.4605,0.8877,2.7649,-1.0,0.0,0.1878,0.1878,ENTER_SHORT_A
2020-03-17,1,HBAN,KEY,6.4288,7.6472,0.8877,1.9623,-1.0,0.5009,0.1878,0.6886,HOLDING
2020-03-18,1,HBAN,KEY,5.9295,6.0938,0.8877,3.4286,-1.0,-4.1929,0.1878,-4.0051,HOLDING
2020-03-19,1,HBAN,KEY,5.8988,6.9825,0.8877,0.7832,-1.0,0.6884,0.1878,0.8762,HOLDING
2020-03-20,1,HBAN,KEY,5.8527,6.863,0.8877,0.847,-1.0,0.3807,0.1878,0.5684,HOLDING
2020-03-23,1,HBAN,KEY,5.3765,6.3925,0.8877,0.3542,0.0,0.0,1.3318,1.3318,EXIT
2020-03-24,1,HBAN,KEY,5.7068,7.2962,0.8877,-0.8331,0.0,0.0,1.3318,1.3318,HOLD_CASH
2020-03-25,1,HBAN,KEY,5.8681,7.3335,0.8877,-0.3817,0.0,0.0,1.3318,1.3318,HOLD_CASH
2020-03-26,1,HBAN,KEY,6.5286,8.5582,0.8877,-0.9597,0.0,0.0,1.3318,1.3318,HOLD_CASH
2020-03-27,1,HBAN,KEY,6.375,8.3641,0.8877,-0.9565,0.0,0.0,1.3318,1.3318,HOLD_CASH
2020-03-30,1,HBAN,KEY,6.4365,8.0579,0.8877,-0.0973,0.0,0.0,1.3318,1.3318,HOLD_CASH
2020-03-31,1,HBAN,KEY,6.3059,7.7442,0.8877,0.2077,0.0,0.0,1.3318,1.3318,HOLD_CASH
2020-04-01,1,HBAN,KEY,5.7222,7.0572,0.8877,-0.0774,0.0,0.0,1.3318,1.3318,HOLD_CASH
2020-04-02,1,HBAN,KEY,5.6607,7.0796,0.8877,-0.3626,0.0,0.0,1.3318,1.3318,HOLD_CASH
2020-04-03,1,HBAN,KEY,5.246,6.7734,0.8877,-1.0433,0.0,0.0,1.3318,1.3318,HOLD_CASH
2020-04-06,1,HBAN,KEY,5.7529,7.4306,0.8877,-0.7976,0.0,0.0,1.3318,1.3318,HOLD_CASH
2020-04-07,1,HBAN,KEY,6.2445,7.804,0.8877,-0.0922,0.0,0.0,1.3318,1.3318,HOLD_CASH
2020-04-08,1,HBAN,KEY,6.7667,8.4612,0.8877,0.0245,0.0,0.0,1.3318,1.3318,HOLD_CASH
2020-04-09,1,HBAN,KEY,6.9357,8.969,0.8877,-0.5201,0.0,0.0,1.3318,1.3318,HOLD_CASH
2020-04-13,1,HBAN,KEY,6.6976,8.6329,0.8877,-0.5663,0.0,0.0,1.3318,1.3318,HOLD_CASH
2020-04-14,1,HBAN,KEY,6.4518,8.3193,0.8877,-0.586,0.0,0.0,1.3318,1.3318,HOLD_CASH
2020-04-15,1,HBAN,KEY,5.9372,7.6994,0.8877,-0.798,0.0,0.0,1.3318,1.3318,HOLD_CASH
2020-04-16,1,HBAN,KEY,5.5148,7.2738,0.8877,-1.6701,0.0,0.0,1.3318,1.3318,HOLD_CASH
2020-04-17,1,HBAN,KEY,6.1907,8.0728,0.8877,-0.831,0.0,0.0,1.3318,1.3318,HOLD_CASH
2020-04-20,1,HBAN,KEY,6.2521,8.1624,0.8877,-0.7866,0.0,0.0,1.3318,1.3318,HOLD_CASH
2020-04-21,1,HBAN,KEY,5.991,7.7069,0.8877,-0.3572,0.0,0.0,1.3318,1.3318,HOLD_CASH
2020-04-22,1,HBAN,KEY,6.1753,7.6397,0.8877,1.2926,0.0,0.0,1.3318,1.3318,HOLD_CASH
2020-04-23,1,HBAN,KEY,6.0832,7.9384,0.8877,-0.8394,0.0,0.0,1.3318,1.3318,HOLD_CASH
2020-04-24,1,HBAN,KEY,6.2675,8.14,0.8877,-0.5105,0.0,0.0,1.3318,1.3318,HOLD_CASH
2020-04-27,1,HBAN,KEY,6.8436,8.6703,0.8877,0.8374,0.0,0.0,1.3318,1.3318,HOLD_CASH
2020-04-28,1,HBAN,KEY,7.0202,8.8346,0.8877,1.2064,0.0,0.0,1.3318,1.3318,HOLD_CASH
2020-04-29,1,HBAN,KEY,7.4042,9.1482,0.8877,2.0552,-1.0,0.0,1.2485,1.2485,ENTER_SHORT_A
2020-04-30,1,HBAN,KEY,7.097,8.7001,0.8877,1.9074,-1.0,-0.0876,1.2485,1.1609,HOLDING
2020-05-01,1,HBAN,KEY,6.5824,8.267,0.8877,0.7204,-1.0,1.1251,1.2485,2.3736,HOLDING
2020-05-04,1,HBAN,KEY,6.4749,7.9907,0.8877,1.1244,-1.0,0.5826,1.2485,1.8311,HOLDING
2020-05-05,1,HBAN,KEY,6.3597,7.9384,0.8877,0.591,-1.0,1.0456,1.2485,2.2941,HOLDING
2020-05-06,1,HBAN,KEY,6.3213,7.7368,0.8877,1.1631,-1.0,0.4108,1.2485,1.6593,HOLDING
2020-05-07,1,HBAN,KEY,6.3366,8.0355,0.8877,0.0324,0.0,0.0,2.7751,2.7751,EXIT
2020-05-08,1,HBAN,KEY,6.6439,8.4238,0.8877,0.2156,0.0,0.0,2.7751,2.7751,HOLD_CASH
2020-05-11,1,HBAN,KEY,6.3213,7.9907,0.8877,0.0844,0.0,0.0,2.7751,2.7751,HOLD_CASH
2020-05-12,1,HBAN,KEY,6.0371,7.5949,0.8877,0.0227,0.0,0.0,2.7751,2.7751,HOLD_CASH
2020-05-13,1,HBAN,KEY,5.6761,7.214,0.8877,-0.6298,0.0,0.0,2.7751,2.7751,HOLD_CASH
2020-05-14,1,HBAN,KEY,5.9219,7.4082,0.8877,0.0012,0.0,0.0,2.7751,2.7751,HOLD_CASH
2020-05-15,1,HBAN,KEY,5.7682,7.2588,0.8877,-0.4431,0.0,0.0,2.7751,2.7751,HOLD_CASH
2020-05-18,1,HBAN,KEY,6.3443,7.9982,0.8877,-0.0969,0.0,0.0,2.7751,2.7751,HOLD_CASH
2020-05-19,1,HBAN,KEY,6.0524,7.6248,0.8877,-0.4027,0.0,0.0,2.7751,2.7751,HOLD_CASH
2020-05-20,1,HBAN,KEY,6.3059,8.0206,0.8877,-0.5518,0.0,0.0,2.7751,2.7751,HOLD_CASH
2020-05-21,1,HBAN,KEY,6.2752,7.9982,0.8877,-0.8267,0.0,0.0,2.7751,2.7751,HOLD_CASH
2020-05-22,1,HBAN,KEY,6.2214,8.0206,0.8877,-1.5474,0.0,0.0,2.7751,2.7751,HOLD_CASH
2020-05-26,1,HBAN,KEY,6.905,8.857,0.8877,-0.5238,0.0,0.0,2.7751,2.7751,HOLD_CASH
2020-05-27,1,HBAN,KEY,7.3121,9.5141,0.8877,-0.8202,0.0,0.0,2.7751,2.7751,HOLD_CASH
2020-05-28,1,HBAN,KEY,6.9972,9.0287,0.8877,-0.6048,0.0,0.0,2.7751,2.7751,HOLD_CASH
2020-05-29,1,HBAN,KEY,6.8282,8.8495,0.8877,-1.0644,0.0,0.0,2.7751,2.7751,HOLD_CASH
2020-06-01,1,HBAN,KEY,6.9895,8.9898,0.8877,-0.2356,0.0,0.0,2.7751,2.7751,HOLD_CASH
2020-06-02,1,HBAN,KEY,7.0663,9.0885,0.8877,-0.0201,0.0,0.0,2.7751,2.7751,HOLD_CASH
2019-12-02,2,AVB,UDR,170.0332,36.8066,0.9987,0.0,0.0,0.0,0.0,0.0,HOLD_CASH
2019-12-03,2,AVB,UDR,171.8849,37.0741,0.9987,0.0,0.0,0.0,0.0,0.0,HOLD_CASH
2019-12-04,2,AVB,UDR,173.3501,37.3573,0.9987,0.0,0.0,0.0,0.0,0.0,HOLD_CASH
2019-12-05,2,AVB,UDR,173.8251,37.617,0.9987,0.0,0.0,0.0,0.0,0.0,HOLD_CASH
2019-12-06,2,AVB,UDR,173.8493,37.6799,0.9987,0.0,0.0,0.0,0.0,0.0,HOLD_CASH
2019-12-09,2,AVB,UDR,173.8251,37.6484,0.9987,0.0,0.0,0.0,0.0,0.0,HOLD_CASH
2019-12-10,2,AVB,UDR,173.3179,37.554,0.9987,0.0,0.0,0.0,0.0,0.0,HOLD_CASH
2019-12-11,2,AVB,UDR,170.7336,36.8302,0.9987,0.0,0.0,0.0,0.0,0.0,HOLD_CASH
2019-12-12,2,AVB,UDR,168.3908,36.4918,0.9987,0.0,0.0,0.0,0.0,0.0,HOLD_CASH
2019-12-13,2,AVB,UDR,167.9722,36.3974,0.9987,0.0,0.0,0.0,0.0,0.0,HOLD_CASH
2019-12-16,2,AVB,UDR,168.5599,36.4446,0.9987,0.0,0.0,0.0,0.0,0.0,HOLD_CASH
2019-12-17,2,AVB,UDR,166.362,35.9647,0.9987,0.0,0.0,0.0,0.0,0.0,HOLD_CASH
2019-12-18,2,AVB,UDR,167.0302,36.1063,0.9987,0.0,0.0,0.0,0.0,0.0,HOLD_CASH
2019-12-19,2,AVB,UDR,167.2476,36.3345,0.9987,0.0,0.0,0.0,0.0,0.0,HOLD_CASH
2019-12-20,2,AVB,UDR,167.4649,36.4446,0.9987,0.0,0.0,0.0,0.0,0.0,HOLD_CASH
2019-12-23,2,AVB,UDR,166.7243,36.0827,0.9987,0.0,0.0,0.0,0.0,0.0,HOLD_CASH
2019-12-24,2,AVB,UDR,167.4086,36.2322,0.9987,0.0,0.0,0.0,0.0,0.0,HOLD_CASH
2019-12-26,2,AVB,UDR,167.7145,36.3502,0.9987,0.0,0.0,0.0,0.0,0.0,HOLD_CASH
2019-12-27,2,AVB,UDR,168.1331,36.4604,0.9987,0.0,0.0,0.0,0.0,0.0,HOLD_CASH
2019-12-30,2,AVB,UDR,168.3765,36.4525,0.9987,-0.0371,0.0,0.0,0.0,0.0,HOLD_CASH
2019-12-31,2,AVB,UDR,170.0633,36.7436,0.9987,0.7832,0.0,0.0,0.0,0.0,HOLD_CASH
2020-01-02,2,AVB,UDR,168.0683,36.2873,0.9987,1.1288,0.0,0.0,0.0,0.0,HOLD_CASH
2020-01-03,2,AVB,UDR,169.6821,36.5784,0.9987,1.8548,0.0,0.0,0.0,0.0,HOLD_CASH
2020-01-06,2,AVB,UDR,169.966,36.4997,0.9987,2.6481,-1.0,0.0,-0.0833,-0.0833,ENTER_SHORT_A
2020-01-07,2,AVB,UDR,166.2679,36.0512,0.9987,-0.699,-1.0,0.3955,-0.0833,0.3122,HOLDING
2020-01-08,2,AVB,UDR,166.9572,36.0984,0.9987,0.2521,0.0,0.0,0.1148,0.1148,EXIT
2020-01-09,2,AVB,UDR,167.3465,36.1959,0.9987,0.0963,0.0,0.0,0.1148,0.1148,HOLD_CASH
2020-01-10,2,AVB,UDR,169.0496,36.5051,0.9987,0.6952,0.0,0.0,0.1148,0.1148,HOLD_CASH
2020-01-13,2,AVB,UDR,171.1338,36.9332,0.9987,0.8291,0.0,0.0,0.1148,0.1148,HOLD_CASH
2020-01-14,2,AVB,UDR,169.9092,36.8063,0.9987,-0.4916,0.0,0.0,0.1148,0.1148,HOLD_CASH
2020-01-15,2,AVB,UDR,171.8475,37.1551,0.9987,0.1845,0.0,0.0,0.1148,0.1148,HOLD_CASH
2020-01-16,2,AVB,UDR,174.2723,37.5198,0.9987,1.5062,0.0,0.0,0.1148,0.1148,HOLD_CASH
2020-01-17,2,AVB,UDR,175.2293,37.6149,0.9987,2.0648,-1.0,0.0,0.0315,0.0315,ENTER_SHORT_A
2020-01-21,2,AVB,UDR,177.8488,38.0509,0.9987,2.4332,-1.0,-0.1406,0.0315,-0.1091,HOLDING
2020-01-22,2,AVB,UDR,175.6915,37.8845,0.9987,0.3982,0.0,0.0,0.1361,0.1361,EXIT
2020-01-23,2,AVB,UDR,177.1918,38.1936,0.9987,0.4506,0.0,0.0,0.1361,0.1361,HOLD_CASH
2020-01-24,2,AVB,UDR,177.8731,38.1936,0.9987,1.351,0.0,0.0,0.1361,0.1361,HOLD_CASH
2020-01-27,2,AVB,UDR,177.4919,38.0906,0.9987,1.3465,0.0,0.0,0.1361,0.1361,HOLD_CASH
2020-01-28,2,AVB,UDR,177.8244,38.2095,0.9987,0.9294,0.0,0.0,0.1361,0.1361,HOLD_CASH
2020-01-29,2,AVB,UDR,175.6753,37.9558,0.9987,-0.6147,0.0,0.0,0.1361,0.1361,HOLD_CASH
2020-01-30,2,AVB,UDR,176.8026,38.1936,0.9987,-0.5745,0.0,0.0,0.1361,0.1361,HOLD_CASH
2020-01-31,2,AVB,UDR,175.7321,37.9796,0.9987,-0.6851,0.0,0.0,0.1361,0.1361,HOLD_CASH
2020-02-03,2,AVB,UDR,175.7321,38.0985,0.9987,-1.3933,0.0,0.0,0.1361,0.1361,HOLD_CASH
2020-02-04,2,AVB,UDR,177.419,38.4314,0.9987,-1.0559,0.0,0.0,0.1361,0.1361,HOLD_CASH
2020-02-05,2,AVB,UDR,176.4782,38.4076,0.9987,-2.0661,1.0,0.0,0.0528,0.0528,ENTER_LONG_A
2020-02-06,2,AVB,UDR,177.7109,38.5503,0.9987,-1.1963,1.0,0.1365,0.0528,0.1893,HOLDING
2020-02-07,2,AVB,UDR,177.7433,38.7089,0.9987,-1.8463,1.0,-0.0277,0.0528,0.0251,HOLDING
2020-02-10,2,AVB,UDR,179.8357,39.1607,0.9987,-1.6059,1.0,-0.0232,0.0528,0.0295,HOLDING
2020-02-11,2,AVB,UDR,180.7521,39.2083,0.9987,-0.7819,1.0,0.1417,0.0528,0.1945,HOLDING
2020-02-12,2,AVB,UDR,181.9767,39.0735,0.9987,1.0762,1.0,0.5771,0.0528,0.6299,HOLDING
2020-02-13,2,AVB,UDR,182.9499,39.3272,0.9987,0.7949,1.0,0.532,0.0528,0.5848,HOLDING
2020-02-14,2,AVB,UDR,184.5232,39.89,0.9987,-0.214,0.0,0.0,0.2595,0.2595,EXIT
2020-02-18,2,AVB,UDR,184.9611,39.9772,0.9987,-0.1192,0.0,0.0,0.2595,0.2595,HOLD_CASH
2020-02-19,2,AVB,UDR,183.1202,39.7791,0.9987,-1.0179,0.0,0.0,0.2595,0.2595,HOLD_CASH
2020-02-20,2,AVB,UDR,184.215,40.2151,0.9987,-1.7554,0.0,0.0,0.2595,0.2595,HOLD_CASH
2020-02-21,2,AVB,UDR,184.9206,40.3736,0.9987,-1.5576,0.0,0.0,0.2595,0.2595,HOLD_CASH
2020-02-24,2,AVB,UDR,183.112,40.0486,0.9987,-1.6666,0.0,0.0,0.2595,0.2595,HOLD_CASH
2020-02-25,2,AVB,UDR,179.5599,39.2321,0.9987,-1.3725,0.0,0.0,0.2595,0.2595,HOLD_CASH
2020-02-26,2,AVB,UDR,179.4059,39.0656,0.9987,-0.6883,0.0,0.0,0.2595,0.2595,HOLD_CASH
2020-02-27,2,AVB,UDR,168.417,37.2661,0.9987,-2.7519,1.0,0.0,0.1761,0.1761,ENTER_LONG_A
2020-02-28,2,AVB,UDR,162.6753,35.6569,0.9987,-1.2166,1.0,0.3767,0.1761,0.5528,HOLDING
2020-03-02,2,AVB,UDR,170.039,37.3216,0.9987,-1.2598,1.0,0.3395,0.1761,0.5157,HOLDING
2020-03-03,2,AVB,UDR,169.2766,37.5515,0.9987,-2.2288,1.0,-0.1061,0.1761,0.0701,HOLDING
2020-03-04,2,AVB,UDR,176.5674,39.1211,0.9987,-1.7809,1.0,-0.0549,0.1761,0.1212,HOLDING
2020-03-05,2,AVB,UDR,172.991,38.6375,0.9987,-2.1775,1.0,-0.4,0.1761,-0.2239,HOLDING
2020-03-06,2,AVB,UDR,169.5443,38.2967,0.9987,-2.5027,1.0,-0.8724,0.1761,-0.6963,HOLDING
2020-03-09,2,AVB,UDR,159.9017,36.1325,0.9987,-2.0913,1.0,-0.8414,0.1761,-0.6653,HOLDING
2020-03-10,2,AVB,UDR,169.3658,37.2423,0.9987,-0.1929,0.0,0.0,0.3541,0.3541,EXIT
2020-03-11,2,AVB,UDR,158.8312,35.2922,0.9987,-0.8283,0.0,0.0,0.3541,0.3541,HOLD_CASH
2020-03-12,2,AVB,UDR,147.5828,32.7159,0.9987,-0.5986,0.0,0.0,0.3541,0.3541,HOLD_CASH
2020-03-13,2,AVB,UDR,156.6496,35.4032,0.9987,-1.784,0.0,0.0,0.3541,0.3541,HOLD_CASH
2020-03-16,2,AVB,UDR,132.5715,29.1882,0.9987,0.1422,0.0,0.0,0.3541,0.3541,HOLD_CASH
2020-03-17,2,AVB,UDR,147.2666,30.7895,0.9987,3.0007,-1.0,0.0,0.2707,0.2707,ENTER_SHORT_A
2020-03-18,2,AVB,UDR,124.7942,28.1656,0.9987,-1.2714,-1.0,2.8137,0.2707,3.0845,HOLDING
2020-03-19,2,AVB,UDR,118.8659,26.7625,0.9987,-1.0305,-1.0,2.5946,0.2707,2.8653,HOLDING
2020-03-20,2,AVB,UDR,106.7417,25.3911,0.9987,-2.8618,-1.0,4.1724,0.2707,4.4432,HOLDING
2020-03-23,2,AVB,UDR,98.1939,23.8135,0.9987,-2.6944,-1.0,4.459,0.2707,4.7298,HOLDING
2020-03-24,2,AVB,UDR,103.368,24.5032,0.9987,-1.6969,-1.0,3.9269,0.2707,4.1976,HOLDING
2020-03-25,2,AVB,UDR,114.1703,26.0728,0.9987,-0.5136,-1.0,2.9912,0.2707,3.262,HOLDING
2020-03-26,2,AVB,UDR,122.5072,28.3638,0.9987,-0.8455,-1.0,3.7293,0.2707,4.0,HOLDING
2020-03-27,2,AVB,UDR,129.9764,30.0761,0.9987,-0.7467,-1.0,3.9303,0.2707,4.201,HOLDING
2020-03-30,2,AVB,UDR,124.5866,29.9017,0.9987,-1.6118,-1.0,5.2204,0.2707,5.4911,HOLDING
2020-03-31,2,AVB,UDR,120.5484,28.9663,0.9987,-1.4555,-1.0,5.0986,0.2707,5.3693,HOLDING
2020-04-01,2,AVB,UDR,113.0536,26.1442,0.9987,-0.3758,0.0,0.0,3.6073,3.6073,EXIT
2020-04-02,2,AVB,UDR,110.8583,25.3276,0.9987,-0.0162,0.0,0.0,3.6073,3.6073,HOLD_CASH
2020-04-03,2,AVB,UDR,108.3027,25.066,0.9987,-0.3372,0.0,0.0,3.6073,3.6073,HOLD_CASH
2020-04-06,2,AVB,UDR,118.8283,28.015,0.9987,-0.7706,0.0,0.0,3.6073,3.6073,HOLD_CASH
2020-04-07,2,AVB,UDR,120.6959,28.34,0.9987,-0.5866,0.0,0.0,3.6073,3.6073,HOLD_CASH
2020-04-08,2,AVB,UDR,131.6555,30.9586,0.9987,-0.5546,0.0,0.0,3.6073,3.6073,HOLD_CASH
2020-04-09,2,AVB,UDR,137.0863,32.9285,0.9987,-1.0445,0.0,0.0,3.6073,3.6073,HOLD_CASH
2020-04-13,2,AVB,UDR,132.2126,30.8785,0.9987,-0.2055,0.0,0.0,3.6073,3.6073,HOLD_CASH
2020-04-14,2,AVB,UDR,136.816,31.5192,0.9987,0.27,0.0,0.0,3.6073,3.6073,HOLD_CASH
2020-04-15,2,AVB,UDR,131.9423,29.6293,0.9987,1.6505,0.0,0.0,3.6073,3.6073,HOLD_CASH
2020-04-16,2,AVB,UDR,132.0815,29.333,0.9987,1.9733,0.0,0.0,3.6073,3.6073,HOLD_CASH
2020-04-17,2,AVB,UDR,139.5518,31.1828,0.9987,1.6662,0.0,0.0,3.6073,3.6073,HOLD_CASH
2020-04-20,2,AVB,UDR,131.4753,29.1248,0.9987,1.7374,0.0,0.0,3.6073,3.6073,HOLD_CASH
2020-04-21,2,AVB,UDR,129.6242,28.4922,0.9987,1.8074,0.0,0.0,3.6073,3.6073,HOLD_CASH
2020-04-22,2,AVB,UDR,130.9265,29.357,0.9987,0.9794,0.0,0.0,3.6073,3.6073,HOLD_CASH
2020-04-23,2,AVB,UDR,128.9689,28.9886,0.9987,0.8458,0.0,0.0,3.6073,3.6073,HOLD_CASH
2020-04-24,2,AVB,UDR,129.7307,29.0607,0.9987,0.8897,0.0,0.0,3.6073,3.6073,HOLD_CASH
2020-04-27,2,AVB,UDR,131.6719,30.1258,0.9987,0.1307,0.0,0.0,3.6073,3.6073,HOLD_CASH
2020-04-28,2,AVB,UDR,133.0808,30.2379,0.9987,0.2977,0.0,0.0,3.6073,3.6073,HOLD_CASH
2020-04-29,2,AVB,UDR,135.8167,30.5182,0.9987,0.6444,0.0,0.0,3.6073,3.6073,HOLD_CASH
2020-04-30,2,AVB,UDR,133.474,30.0057,0.9987,0.5657,0.0,0.0,3.6073,3.6073,HOLD_CASH
2020-05-01,2,AVB,UDR,129.7798,28.9086,0.9987,0.8695,0.0,0.0,3.6073,3.6073,HOLD_CASH
2020-05-04,2,AVB,UDR,129.5505,29.2609,0.9987,0.2659,0.0,0.0,3.6073,3.6073,HOLD_CASH
2020-05-05,2,AVB,UDR,130.517,29.309,0.9987,0.4268,0.0,0.0,3.6073,3.6073,HOLD_CASH
2020-05-06,2,AVB,UDR,128.4364,28.8685,0.9987,0.311,0.0,0.0,3.6073,3.6073,HOLD_CASH
2020-05-07,2,AVB,UDR,131.4181,30.302,0.9987,-0.9656,0.0,0.0,3.6073,3.6073,HOLD_CASH
2020-05-08,2,AVB,UDR,134.3013,30.7023,0.9987,-0.9081,0.0,0.0,3.6073,3.6073,HOLD_CASH
2020-05-11,2,AVB,UDR,128.7969,30.2539,0.9987,-2.5815,1.0,0.0,3.524,3.524,ENTER_LONG_A
2020-05-12,2,AVB,UDR,124.0952,28.9326,0.9987,-1.9396,1.0,0.2965,3.524,3.8205,HOLDING
2020-05-13,2,AVB,UDR,123.7348,28.1718,0.9987,-0.4767,0.0,0.0,4.6721,4.6721,EXIT
2020-05-14,2,AVB,UDR,124.3901,27.9476,0.9987,0.3586,0.0,0.0,4.6721,4.6721,HOLD_CASH
2020-05-15,2,AVB,UDR,123.1532,27.8355,0.9987,0.0284,0.0,0.0,4.6721,4.6721,HOLD_CASH
2020-05-18,2,AVB,UDR,129.8126,29.5412,0.9987,-0.32,0.0,0.0,4.6721,4.6721,HOLD_CASH
2020-05-19,2,AVB,UDR,126.6754,28.7404,0.9987,-0.0265,0.0,0.0,4.6721,4.6721,HOLD_CASH
2020-05-20,2,AVB,UDR,127.642,29.0527,0.9987,-0.2083,0.0,0.0,4.6721,4.6721,HOLD_CASH
2020-05-21,2,AVB,UDR,126.2904,28.7244,0.9987,-0.1136,0.0,0.0,4.6721,4.6721,HOLD_CASH
2020-05-22,2,AVB,UDR,125.8726,29.0527,0.9987,-1.1005,0.0,0.0,4.6721,4.6721,HOLD_CASH
2020-05-26,2,AVB,UDR,131.3934,30.6303,0.9987,-1.6425,0.0,0.0,4.6721,4.6721,HOLD_CASH
2020-05-27,2,AVB,UDR,130.1566,30.6703,0.9987,-1.999,0.0,0.0,4.6721,4.6721,HOLD_CASH
2020-05-28,2,AVB,UDR,130.2631,30.7904,0.9987,-1.8698,0.0,0.0,4.6721,4.6721,HOLD_CASH
2020-05-29,2,AVB,UDR,127.7894,29.6133,0.9987,-0.6777,0.0,0.0,4.6721,4.6721,HOLD_CASH
2020-06-01,2,AVB,UDR,131.4016,30.2379,0.9987,-0.1966,0.0,0.0,4.6721,4.6721,HOLD_CASH
2020-06-02,2,AVB,UDR,130.0501,30.1578,0.9987,-0.5984,0.0,0.0,4.6721,4.6721,HOLD_CASH
2019-12-02,3,AEP,XEL,72.2231,50.556,0.8777,0.0,0.0,0.0,0.0,0.0,HOLD_CASH
2019-12-03,3,AEP,XEL,72.703,50.7708,0.8777,0.0,0.0,0.0,0.0,0.0,HOLD_CASH
2019-12-04,3,AEP,XEL,73.623,51.2251,0.8777,0.0,0.0,0.0,0.0,0.0,HOLD_CASH
2019-12-05,3,AEP,XEL,73.967,51.3325,0.8777,0.0,0.0,0.0,0.0,0.0,HOLD_CASH
2019-12-06,3,AEP,XEL,73.911,51.2169,0.8777,0.0,0.0,0.0,0.0,0.0,HOLD_CASH
2019-12-09,3,AEP,XEL,73.487,50.9938,0.8777,0.0,0.0,0.0,0.0,0.0,HOLD_CASH
2019-12-10,3,AEP,XEL,73.551,51.0516,0.8777,0.0,0.0,0.0,0.0,0.0,HOLD_CASH
2019-12-11,3,AEP,XEL,73.719,51.349,0.8777,0.0,0.0,0.0,0.0,0.0,HOLD_CASH
2019-12-12,3,AEP,XEL,72.911,50.6882,0.8777,0.0,0.0,0.0,0.0,0.0,HOLD_CASH
2019-12-13,3,AEP,XEL,73.639,51.4317,0.8777,0.0,0.0,0.0,0.0,0.0,HOLD_CASH
2019-12-16,3,AEP,XEL,74.423,52.0677,0.8777,0.0,0.0,0.0,0.0,0.0,HOLD_CASH
2019-12-17,3,AEP,XEL,74.575,52.4229,0.8777,0.0,0.0,0.0,0.0,0.0,HOLD_CASH
2019-12-18,3,AEP,XEL,74.999,52.6955,0.8777,0.0,0.0,0.0,0.0,0.0,HOLD_CASH
2019-12-19,3,AEP,XEL,75.175,52.7451,0.8777,0.0,0.0,0.0,0.0,0.0,HOLD_CASH
2019-12-20,3,AEP,XEL,75.919,52.9929,0.8777,0.0,0.0,0.0,0.0,0.0,HOLD_CASH
2019-12-23,3,AEP,XEL,74.999,52.0595,0.8777,0.0,0.0,0.0,0.0,0.0,HOLD_CASH
2019-12-24,3,AEP,XEL,75.071,52.2631,0.8777,0.0,0.0,0.0,0.0,0.0,HOLD_CASH
2019-12-26,3,AEP,XEL,75.103,52.205,0.8777,0.0,0.0,0.0,0.0,0.0,HOLD_CASH
2019-12-27,3,AEP,XEL,75.351,52.4793,0.8777,0.0,0.0,0.0,0.0,0.0,HOLD_CASH
2019-12-30,3,AEP,XEL,75.223,52.6207,0.8777,-0.3114,0.0,0.0,0.0,0.0,HOLD_CASH
2019-12-31,3,AEP,XEL,75.607,52.787,0.8777,0.2065,0.0,0.0,0.0,0.0,HOLD_CASH
2020-01-02,3,AEP,XEL,74.767,51.8641,0.8777,1.2908,0.0,0.0,0.0,0.0,HOLD_CASH
2020-01-03,3,AEP,XEL,74.687,52.1135,0.8777,-0.1902,0.0,0.0,0.0,0.0,HOLD_CASH
2020-01-06,3,AEP,XEL,74.935,52.0387,0.8777,1.0716,0.0,0.0,0.0,0.0,HOLD_CASH
2020-01-07,3,AEP,XEL,74.951,51.9306,0.8777,1.5571,0.0,0.0,0.0,0.0,HOLD_CASH
2020-01-08,3,AEP,XEL,74.727,51.8807,0.8777,0.9426,0.0,0.0,0.0,0.0,HOLD_CASH
2020-01-09,3,AEP,XEL,75.103,51.9971,0.8777,1.5755,0.0,0.0,0.0,0.0,HOLD_CASH
2020-01-10,3,AEP,XEL,75.471,52.0802,0.8777,2.026,-1.0,0.0,-0.0833,-0.0833,ENTER_SHORT_A
2020-01-13,3,AEP,XEL,75.703,52.6872,0.8777,0.4409,0.0,0.0,0.1503,0.1503,EXIT
2020-01-14,3,AEP,XEL,75.983,52.7703,0.8777,0.8514,0.0,0.0,0.1503,0.1503,HOLD_CASH
2020-01-15,3,AEP,XEL,77.279,53.6017,0.8777,1.3855,0.0,0.0,0.1503,0.1503,HOLD_CASH
2020-01-16,3,AEP,XEL,77.847,54.0673,0.8777,1.2642,0.0,0.0,0.1503,0.1503,HOLD_CASH
2020-01-17,3,AEP,XEL,78.847,54.35,0.8777,2.6433,-1.0,0.0,0.0669,0.0669,ENTER_SHORT_A
2020-01-21,3,AEP,XEL,79.4709,54.8738,0.8777,2.2039,-1.0,0.0242,0.0669,0.0911,HOLDING
2020-01-22,3,AEP,XEL,79.9989,55.0567,0.8777,2.3497,-1.0,-0.1419,0.0669,-0.075,HOLDING
2020-01-23,3,AEP,XEL,80.775,55.6221,0.8777,2.0465,-1.0,-0.1735,0.0669,-0.1066,HOLDING
2020-01-24,3,AEP,XEL,81.7269,55.8466,0.8777,2.5212,-1.0,-0.5485,0.0669,-0.4815,HOLDING
2020-01-27,3,AEP,XEL,81.4229,55.6387,0.8777,2.0467,-1.0,-0.5263,0.0669,-0.4594,HOLDING
2020-01-28,3,AEP,XEL,81.7509,55.8882,0.8777,1.7722,-1.0,-0.5322,0.0669,-0.4652,HOLDING
2020-01-29,3,AEP,XEL,82.2469,56.0544,0.8777,1.8461,-1.0,-0.6922,0.0669,-0.6252,HOLDING
2020-01-30,3,AEP,XEL,83.2789,57.1686,0.8777,1.2496,-1.0,-0.4745,0.0669,-0.4076,HOLDING
2020-01-31,3,AEP,XEL,83.3749,57.5261,0.8777,0.7552,-1.0,-0.2724,0.0669,-0.2054,HOLDING
2020-02-03,3,AEP,XEL,83.3749,57.7422,0.8777,0.3641,0.0,0.0,-0.1388,-0.1388,EXIT
2020-02-04,3,AEP,XEL,82.2949,57.6175,0.8777,-0.817,0.0,0.0,-0.1388,-0.1388,HOLD_CASH
2020-02-05,3,AEP,XEL,81.6949,57.6175,0.8777,-1.5036,0.0,0.0,-0.1388,-0.1388,HOLD_CASH
2020-02-06,3,AEP,XEL,81.7989,57.6175,0.8777,-1.3516,0.0,0.0,-0.1388,-0.1388,HOLD_CASH
2020-02-07,3,AEP,XEL,81.6298,57.127,0.8777,-0.8144,0.0,0.0,-0.1388,-0.1388,HOLD_CASH
2020-02-10,3,AEP,XEL,82.097,57.418,0.8777,-0.6784,0.0,0.0,-0.1388,-0.1388,HOLD_CASH
2020-02-11,3,AEP,XEL,82.3386,57.3348,0.8777,-0.3198,0.0,0.0,-0.1388,-0.1388,HOLD_CASH
2020-02-12,3,AEP,XEL,81.9922,57.393,0.8777,-0.8757,0.0,0.0,-0.1388,-0.1388,HOLD_CASH
2020-02-13,3,AEP,XEL,82.8461,58.0498,0.8777,-0.8327,0.0,0.0,-0.1388,-0.1388,HOLD_CASH
2020-02-14,3,AEP,XEL,83.5791,58.4157,0.8777,-0.5081,0.0,0.0,-0.1388,-0.1388,HOLD_CASH
2020-02-18,3,AEP,XEL,84.0382,59.164,0.8777,-1.0264,0.0,0.0,-0.1388,-0.1388,HOLD_CASH
2020-02-19,3,AEP,XEL,83.3697,58.8563,0.8777,-1.251,0.0,0.0,-0.1388,-0.1388,HOLD_CASH
2020-02-20,3,AEP,XEL,82.4675,58.7566,0.8777,-1.8532,0.0,0.0,-0.1388,-0.1388,HOLD_CASH
2020-02-21,3,AEP,XEL,81.9278,58.8813,0.8777,-2.1363,1.0,0.0,-0.2222,-0.2222,ENTER_LONG_A
2020-02-24,3,AEP,XEL,80.5826,58.5071,0.8777,-2.4052,1.0,-0.4812,-0.2222,-0.7033,HOLDING
2020-02-25,3,AEP,XEL,79.0763,57.2351,0.8777,-2.0231,1.0,-0.4556,-0.2222,-0.6778,HOLDING
2020-02-26,3,AEP,XEL,78.4802,56.8277,0.8777,-1.8371,1.0,-0.509,-0.2222,-0.7311,HOLDING
2020-02-27,3,AEP,XEL,73.9936,53.9177,0.8777,-2.2085,1.0,-1.0143,-0.2222,-1.2365,HOLDING
2020-02-28,3,AEP,XEL,71.8993,51.8142,0.8777,-1.6664,1.0,-0.7573,-0.2222,-0.9794,HOLDING
2020-03-02,3,AEP,XEL,76.5954,54.7657,0.8777,-0.7923,1.0,-0.166,-0.2222,-0.3881,HOLDING
2020-03-03,3,AEP,XEL,76.8853,54.6327,0.8777,-0.3887,0.0,0.0,-0.2208,-0.2208,EXIT
2020-03-04,3,AEP,XEL,80.4054,57.5344,0.8777,-0.369,0.0,0.0,-0.2208,-0.2208,HOLD_CASH
2020-03-05,3,AEP,XEL,79.5757,57.5759,0.8777,-0.9353,0.0,0.0,-0.2208,-0.2208,HOLD_CASH
2020-03-06,3,AEP,XEL,78.6977,58.3242,0.8777,-1.9085,0.0,0.0,-0.2208,-0.2208,HOLD_CASH
2020-03-09,3,AEP,XEL,76.4906,56.5284,0.8777,-1.7088,0.0,0.0,-0.2208,-0.2208,HOLD_CASH
2020-03-10,3,AEP,XEL,76.2973,56.9441,0.8777,-1.8614,0.0,0.0,-0.2208,-0.2208,HOLD_CASH
2020-03-11,3,AEP,XEL,72.2698,55.5556,0.8777,-2.6267,1.0,0.0,-0.3042,-0.3042,ENTER_LONG_A
2020-03-12,3,AEP,XEL,66.4863,51.2879,0.8777,-2.4784,1.0,-0.5593,-0.3042,-0.8635,HOLDING
2020-03-13,3,AEP,XEL,69.6519,55.9321,0.8777,-2.6368,1.0,-1.8716,-0.3042,-2.1758,HOLDING
2020-03-16,3,AEP,XEL,65.7774,48.836,0.8777,-0.8722,1.0,0.7245,-0.3042,0.4203,HOLDING
2020-03-17,3,AEP,XEL,73.462,54.3339,0.8777,-0.3351,0.0,0.0,1.2013,1.2013,EXIT
2020-03-18,3,AEP,XEL,71.1099,51.3548,0.8777,0.2235,0.0,0.0,1.2013,1.2013,HOLD_CASH
2020-03-19,3,AEP,XEL,65.0928,48.5264,0.8777,-0.8614,0.0,0.0,1.2013,1.2013,HOLD_CASH
2020-03-20,3,AEP,XEL,57.5532,42.3675,0.8777,-0.8903,0.0,0.0,1.2013,1.2013,HOLD_CASH
2020-03-23,3,AEP,XEL,56.3853,41.8403,0.8777,-1.0706,0.0,0.0,1.2013,1.2013,HOLD_CASH
2020-03-24,3,AEP,XEL,58.0366,45.2294,0.8777,-1.9293,0.0,0.0,1.2013,1.2013,HOLD_CASH
2020-03-25,3,AEP,XEL,59.0354,46.4846,0.8777,-1.8221,0.0,0.0,1.2013,1.2013,HOLD_CASH
2020-03-26,3,AEP,XEL,65.8902,48.4595,0.8777,0.0911,0.0,0.0,1.2013,1.2013,HOLD_CASH
2020-03-27,3,AEP,XEL,67.179,49.1791,0.8777,0.2918,0.0,0.0,1.2013,1.2013,HOLD_CASH
2020-03-30,3,AEP,XEL,67.4287,52.3506,0.8777,-0.9622,0.0,0.0,1.2013,1.2013,HOLD_CASH
2020-03-31,3,AEP,XEL,64.4242,50.4594,0.8777,-1.2124,0.0,0.0,1.2013,1.2013,HOLD_CASH
2020-04-01,3,AEP,XEL,60.0664,48.6017,0.8777,-1.9829,0.0,0.0,1.2013,1.2013,HOLD_CASH
2020-04-02,3,AEP,XEL,61.8546,50.5598,0.8777,-1.8773,0.0,0.0,1.2013,1.2013,HOLD_CASH
2020-04-03,3,AEP,XEL,58.399,48.4176,0.8777,-2.0174,1.0,0.0,1.118,1.118,ENTER_LONG_A
2020-04-06,3,AEP,XEL,63.3046,51.1707,0.8777,-1.1346,1.0,1.5131,1.118,2.6311,HOLDING
2020-04-07,3,AEP,XEL,63.4334,49.5641,0.8777,-0.3534,0.0,0.0,3.9335,3.9335,EXIT
2020-04-08,3,AEP,XEL,67.0985,52.5515,0.8777,-0.2046,0.0,0.0,3.9335,3.9335,HOLD_CASH
2020-04-09,3,AEP,XEL,69.523,55.4552,0.8777,-0.4613,0.0,0.0,3.9335,3.9335,HOLD_CASH
2020-04-13,3,AEP,XEL,67.2596,53.2711,0.8777,-0.4199,0.0,0.0,3.9335,3.9335,HOLD_CASH
2020-04-14,3,AEP,XEL,69.4747,55.4384,0.8777,-0.422,0.0,0.0,3.9335,3.9335,HOLD_CASH
2020-04-15,3,AEP,XEL,67.3482,53.8067,0.8777,-0.4702,0.0,0.0,3.9335,3.9335,HOLD_CASH
2020-04-16,3,AEP,XEL,67.7026,54.6016,0.8777,-0.6059,0.0,0.0,3.9335,3.9335,HOLD_CASH
2020-04-17,3,AEP,XEL,69.5794,56.1916,0.8777,-0.4689,0.0,0.0,3.9335,3.9335,HOLD_CASH
2020-04-20,3,AEP,XEL,66.7843,53.8485,0.8777,-0.5084,0.0,0.0,3.9335,3.9335,HOLD_CASH
2020-04-21,3,AEP,XEL,66.4299,53.0619,0.8777,-0.194,0.0,0.0,3.9335,3.9335,HOLD_CASH
2020-04-22,3,AEP,XEL,68.4678,54.6602,0.8777,-0.05,0.0,0.0,3.9335,3.9335,HOLD_CASH
2020-04-23,3,AEP,XEL,66.8729,53.8736,0.8777,-0.4111,0.0,0.0,3.9335,3.9335,HOLD_CASH
2020-04-24,3,AEP,XEL,67.0421,54.0326,0.8777,-0.3291,0.0,0.0,3.9335,3.9335,HOLD_CASH
2020-04-27,3,AEP,XEL,67.3562,54.7857,0.8777,-0.6327,0.0,0.0,3.9335,3.9335,HOLD_CASH
2020-04-28,3,AEP,XEL,68.1698,55.3715,0.8777,-0.4032,0.0,0.0,3.9335,3.9335,HOLD_CASH
2020-04-29,3,AEP,XEL,66.9615,54.4594,0.8777,-0.5361,0.0,0.0,3.9335,3.9335,HOLD_CASH
2020-04-30,3,AEP,XEL,66.9454,53.1874,0.8777,0.695,0.0,0.0,3.9335,3.9335,HOLD_CASH
2020-05-01,3,AEP,XEL,65.5599,52.0326,0.8777,0.5125,0.0,0.0,3.9335,3.9335,HOLD_CASH
2020-05-04,3,AEP,XEL,66.8971,52.2084,0.8777,1.9439,0.0,0.0,3.9335,3.9335,HOLD_CASH
2020-05-05,3,AEP,XEL,67.1065,52.9531,0.8777,0.9954,0.0,0.0,3.9335,3.9335,HOLD_CASH
2020-05-06,3,AEP,XEL,63.4898,51.2293,0.8777,-1.3745,0.0,0.0,3.9335,3.9335,HOLD_CASH
2020-05-07,3,AEP,XEL,63.8799,50.1749,0.8777,1.0264,0.0,0.0,3.9335,3.9335,HOLD_CASH
2020-05-08,3,AEP,XEL,64.904,50.4678,0.8777,1.8591,0.0,0.0,3.9335,3.9335,HOLD_CASH
2020-05-11,3,AEP,XEL,64.3432,50.3172,0.8777,1.2444,0.0,0.0,3.9335,3.9335,HOLD_CASH
2020-05-12,3,AEP,XEL,63.3191,49.1959,0.8777,1.4427,0.0,0.0,3.9335,3.9335,HOLD_CASH
2020-05-13,3,AEP,XEL,63.1729,48.585,0.8777,1.8565,0.0,0.0,3.9335,3.9335,HOLD_CASH
2020-05-14,3,AEP,XEL,63.4736,48.7021,0.8777,1.7677,0.0,0.0,3.9335,3.9335,HOLD_CASH
2020-05-15,3,AEP,XEL,63.7418,48.4427,0.8777,1.9963,0.0,0.0,3.9335,3.9335,HOLD_CASH
2020-05-18,3,AEP,XEL,64.9202,50.3172,0.8777,0.9624,0.0,0.0,3.9335,3.9335,HOLD_CASH
2020-05-19,3,AEP,XEL,62.6933,49.9574,0.8777,-0.784,0.0,0.0,3.9335,3.9335,HOLD_CASH
2020-05-20,3,AEP,XEL,63.1891,50.4176,0.8777,-0.7549,0.0,0.0,3.9335,3.9335,HOLD_CASH
2020-05-21,3,AEP,XEL,62.8803,50.3339,0.8777,-0.9516,0.0,0.0,3.9335,3.9335,HOLD_CASH
2020-05-22,3,AEP,XEL,64.0262,50.518,0.8777,-0.101,0.0,0.0,3.9335,3.9335,HOLD_CASH
2020-05-26,3,AEP,XEL,64.9527,51.0954,0.8777,0.0968,0.0,0.0,3.9335,3.9335,HOLD_CASH
2020-05-27,3,AEP,XEL,66.188,51.6561,0.8777,0.6183,0.0,0.0,3.9335,3.9335,HOLD_CASH
2020-05-28,3,AEP,XEL,69.1626,53.564,0.8777,1.3266,0.0,0.0,3.9335,3.9335,HOLD_CASH
2020-05-29,3,AEP,XEL,69.2845,54.4175,0.8777,0.4305,0.0,0.0,3.9335,3.9335,HOLD_CASH
2020-06-01,3,AEP,XEL,70.0078,55.02,0.8777,0.4262,0.0,0.0,3.9335,3.9335,HOLD_CASH
2020-06-02,3,AEP,XEL,69.8778,55.2878,0.8777,0.0175,0.0,0.0,3.9335,3.9335,HOLD_CASH
2019-12-02,4,AIV,UDR,2.5205,36.8066,0.8792,0.0,0.0,0.0,0.0,0.0,HOLD_CASH
2019-12-03,4,AIV,UDR,2.547,37.0741,0.8792,0.0,0.0,0.0,0.0,0.0,HOLD_CASH
2019-12-04,4,AIV,UDR,2.5427,37.3573,0.8792,0.0,0.0,0.0,0.0,0.0,HOLD_CASH
2019-12-05,4,AIV,UDR,2.5369,37.617,0.8792,0.0,0.0,0.0,0.0,0.0,HOLD_CASH
2019-12-06,4,AIV,UDR,2.533,37.6799,0.8792,0.0,0.0,0.0,0.0,0.0,HOLD_CASH
2019-12-09,4,AIV,UDR,2.535,37.6484,0.8792,0.0,0.0,0.0,0.0,0.0,HOLD_CASH
2019-12-10,4,AIV,UDR,2.5094,37.554,0.8792,0.0,0.0,0.0,0.0,0.0,HOLD_CASH
2019-12-11,4,AIV,UDR,2.481,36.8302,0.8792,0.0,0.0,0.0,0.0,0.0,HOLD_CASH
2019-12-12,4,AIV,UDR,2.4555,36.4918,0.8792,0.0,0.0,0.0,0.0,0.0,HOLD_CASH
2019-12-13,4,AIV,UDR,2.4627,36.3974,0.8792,0.0,0.0,0.0,0.0,0.0,HOLD_CASH
2019-12-16,4,AIV,UDR,2.4733,36.4446,0.8792,0.0,0.0,0.0,0.0,0.0,HOLD_CASH
2019-12-17,4,AIV,UDR,2.4295,35.9647,0.8792,0.0,0.0,0.0,0.0,0.0,HOLD_CASH
2019-12-18,4,AIV,UDR,2.429,36.1063,0.8792,0.0,0.0,0.0,0.0,0.0,HOLD_CASH
2019-12-19,4,AIV,UDR,2.4416,36.3345,0.8792,0.0,0.0,0.0,0.0,0.0,HOLD_CASH
2019-12-20,4,AIV,UDR,2.4416,36.4446,0.8792,0.0,0.0,0.0,0.0,0.0,HOLD_CASH
2019-12-23,4,AIV,UDR,2.43,36.0827,0.8792,0.0,0.0,0.0,0.0,0.0,HOLD_CASH
2019-12-24,4,AIV,UDR,2.444,36.2322,0.8792,0.0,0.0,0.0,0.0,0.0,HOLD_CASH
2019-12-26,4,AIV,UDR,2.4473,36.3502,0.8792,0.0,0.0,0.0,0.0,0.0,HOLD_CASH
2019-12-27,4,AIV,UDR,2.4676,36.4604,0.8792,0.0,0.0,0.0,0.0,0.0,HOLD_CASH
2019-12-30,4,AIV,UDR,2.4623,36.4525,0.8792,-0.0838,0.0,0.0,0.0,0.0,HOLD_CASH
2019-12-31,4,AIV,UDR,2.4868,36.7436,0.8792,0.4683,0.0,0.0,0.0,0.0,HOLD_CASH
2020-01-02,4,AIV,UDR,2.4353,36.2873,0.8792,-1.2429,0.0,0.0,0.0,0.0,HOLD_CASH
2020-01-03,4,AIV,UDR,2.4738,36.5784,0.8792,0.9109,0.0,0.0,0.0,0.0,HOLD_CASH
2020-01-06,4,AIV,UDR,2.4892,36.4997,0.8792,2.4922,-1.0,0.0,-0.0833,-0.0833,ENTER_SHORT_A
2020-01-07,4,AIV,UDR,2.457,36.0512,0.8792,1.7439,-1.0,0.0956,-0.0833,0.0123,HOLDING
2020-01-08,4,AIV,UDR,2.468,36.0984,0.8792,2.0436,-1.0,-0.0512,-0.0833,-0.1345,HOLDING
2020-01-09,4,AIV,UDR,2.457,36.1959,0.8792,0.7279,-1.0,0.2502,-0.0833,0.1669,HOLDING
2020-01-10,4,AIV,UDR,2.4806,36.5051,0.8792,1.014,-1.0,0.1602,-0.0833,0.0768,HOLDING
2020-01-13,4,AIV,UDR,2.4989,36.9332,0.8792,0.4346,0.0,0.0,0.1242,0.1242,EXIT
2020-01-14,4,AIV,UDR,2.4724,36.8063,0.8792,-0.8793,0.0,0.0,0.1242,0.1242,HOLD_CASH
2020-01-15,4,AIV,UDR,2.5104,37.1551,0.8792,0.3845,0.0,0.0,0.1242,0.1242,HOLD_CASH
2020-01-16,4,AIV,UDR,2.534,37.5198,0.8792,0.4772,0.0,0.0,0.1242,0.1242,HOLD_CASH
2020-01-17,4,AIV,UDR,2.5398,37.6149,0.8792,0.4205,0.0,0.0,0.1242,0.1242,HOLD_CASH
2020-01-21,4,AIV,UDR,2.5663,38.0509,0.8792,0.3951,0.0,0.0,0.1242,0.1242,HOLD_CASH
2020-01-22,4,AIV,UDR,2.5518,37.8845,0.8792,-0.0502,0.0,0.0,0.1242,0.1242,HOLD_CASH
2020-01-23,4,AIV,UDR,2.5908,38.1936,0.8792,1.4961,0.0,0.0,0.1242,0.1242,HOLD_CASH
2020-01-24,4,AIV,UDR,2.6009,38.1936,0.8792,1.9665,0.0,0.0,0.1242,0.1242,HOLD_CASH
2020-01-27,4,AIV,UDR,2.5797,38.0906,0.8792,0.7641,0.0,0.0,0.1242,0.1242,HOLD_CASH
2020-01-28,4,AIV,UDR,2.5643,38.2095,0.8792,-0.9444,0.0,0.0,0.1242,0.1242,HOLD_CASH
2020-01-29,4,AIV,UDR,2.5542,37.9558,0.8792,-0.5848,0.0,0.0,0.1242,0.1242,HOLD_CASH
2020-01-30,4,AIV,UDR,2.56,38.1936,0.8792,-1.1359,0.0,0.0,0.1242,0.1242,HOLD_CASH
2020-01-31,4,AIV,UDR,2.5379,37.9796,0.8792,-1.9109,0.0,0.0,0.1242,0.1242,HOLD_CASH
2020-02-03,4,AIV,UDR,2.5407,38.0985,0.8792,-1.9179,0.0,0.0,0.1242,0.1242,HOLD_CASH
2020-02-04,4,AIV,UDR,2.5624,38.4314,0.8792,-1.5658,0.0,0.0,0.1242,0.1242,HOLD_CASH
2020-02-05,4,AIV,UDR,2.5687,38.4076,0.8792,-0.9586,0.0,0.0,0.1242,0.1242,HOLD_CASH
2020-02-06,4,AIV,UDR,2.5754,38.5503,0.8792,-0.9757,0.0,0.0,0.1242,0.1242,HOLD_CASH
2020-02-07,4,AIV,UDR,2.5696,38.7089,0.8792,-1.7271,0.0,0.0,0.1242,0.1242,HOLD_CASH
2020-02-10,4,AIV,UDR,2.5971,39.1607,0.8792,-1.4701,0.0,0.0,0.1242,0.1242,HOLD_CASH
2020-02-11,4,AIV,UDR,2.6062,39.2083,0.8792,-0.9898,0.0,0.0,0.1242,0.1242,HOLD_CASH
2020-02-12,4,AIV,UDR,2.6043,39.0735,0.8792,-0.6366,0.0,0.0,0.1242,0.1242,HOLD_CASH
2020-02-13,4,AIV,UDR,2.6261,39.3272,0.8792,-0.1985,0.0,0.0,0.1242,0.1242,HOLD_CASH
2020-02-14,4,AIV,UDR,2.6586,39.89,0.8792,-0.1854,0.0,0.0,0.1242,0.1242,HOLD_CASH
2020-02-18,4,AIV,UDR,2.662,39.9772,0.8792,-0.2372,0.0,0.0,0.1242,0.1242,HOLD_CASH
2020-02-19,4,AIV,UDR,2.6329,39.7791,0.8792,-1.1447,0.0,0.0,0.1242,0.1242,HOLD_CASH
2020-02-20,4,AIV,UDR,2.6761,40.2151,0.8792,-0.0847,0.0,0.0,0.1242,0.1242,HOLD_CASH
2020-02-21,4,AIV,UDR,2.6921,40.3736,0.8792,0.4285,0.0,0.0,0.1242,0.1242,HOLD_CASH
2020-02-24,4,AIV,UDR,2.6591,40.0486,0.8792,-0.4156,0.0,0.0,0.1242,0.1242,HOLD_CASH
2020-02-25,4,AIV,UDR,2.5999,39.2321,0.8792,-1.5453,0.0,0.0,0.1242,0.1242,HOLD_CASH
2020-02-26,4,AIV,UDR,2.5645,39.0656,0.8792,-3.0499,1.0,0.0,0.0409,0.0409,ENTER_LONG_A
2020-02-27,4,AIV,UDR,2.403,37.2661,0.8792,-3.7673,1.0,-0.9977,0.0409,-0.9568,HOLDING
2020-02-28,4,AIV,UDR,2.321,35.6569,0.8792,-2.5417,1.0,-0.8094,0.0409,-0.7685,HOLDING
2020-03-02,4,AIV,UDR,2.401,37.3216,0.8792,-2.4024,1.0,-1.0866,0.0409,-1.0457,HOLDING
2020-03-03,4,AIV,UDR,2.403,37.5515,0.8792,-2.2072,1.0,-1.2825,0.0409,-1.2416,HOLDING
2020-03-04,4,AIV,UDR,2.4883,39.1211,0.8792,-1.9177,1.0,-1.3725,0.0409,-1.3316,HOLDING
2020-03-05,4,AIV,UDR,2.4457,38.6375,0.8792,-1.9159,1.0,-1.6281,0.0409,-1.5872,HOLDING
2020-03-06,4,AIV,UDR,2.4165,38.2967,0.8792,-1.8169,1.0,-1.7913,0.0409,-1.7504,HOLDING
2020-03-09,4,AIV,UDR,2.2894,36.1325,0.8792,-1.6873,1.0,-1.8294,0.0409,-1.7885,HOLDING
2020-03-10,4,AIV,UDR,2.385,37.2423,0.8792,-0.9851,1.0,-1.2843,0.0409,-1.2435,HOLDING
2020-03-11,4,AIV,UDR,2.2322,35.2922,0.8792,-1.5528,1.0,-1.9807,0.0409,-1.9398,HOLDING
2020-03-12,4,AIV,UDR,2.0983,32.7159,0.8792,-1.2281,1.0,-1.7248,0.0409,-1.684,HOLDING
2020-03-13,4,AIV,UDR,2.2341,35.4032,0.8792,-1.3359,1.0,-2.0579,0.0409,-2.017,HOLDING
2020-03-16,4,AIV,UDR,1.7228,29.1882,0.8792,-3.1473,1.0,-4.6974,0.0409,-4.6565,HOLDING
2020-03-17,4,AIV,UDR,1.812,30.7895,0.8792,-2.4206,1.0,-4.7519,0.0409,-4.711,HOLDING
2020-03-18,4,AIV,UDR,1.5137,28.1656,0.8792,-3.1131,1.0,-7.2925,0.0409,-7.2517,HOLDING
2020-03-19,4,AIV,UDR,1.5132,26.7625,0.8792,-2.0189,1.0,-5.9005,0.0409,-5.8597,HOLDING
2020-03-20,4,AIV,UDR,1.3735,25.3911,0.8792,-2.2451,1.0,-6.9479,0.0409,-6.9071,HOLDING
2020-03-23,4,AIV,UDR,1.2269,23.8135,0.8792,-2.365,1.0,-7.9071,0.0409,-7.8662,HOLDING
2020-03-24,4,AIV,UDR,1.2774,24.5032,0.8792,-1.883,1.0,-7.7229,0.0409,-7.682,HOLDING
2020-03-25,4,AIV,UDR,1.4802,26.0728,0.8792,-0.862,1.0,-5.7827,0.0409,-5.7418,HOLDING
2020-03-26,4,AIV,UDR,1.6015,28.3638,0.8792,-0.7349,1.0,-5.9719,0.0409,-5.931,HOLDING
2020-03-27,4,AIV,UDR,1.6971,30.0761,0.8792,-0.5973,1.0,-6.0281,0.0409,-5.9872,HOLDING
2020-03-30,4,AIV,UDR,1.6874,29.9017,0.8792,-0.5339,1.0,-6.0218,0.0409,-5.981,HOLDING
2020-03-31,4,AIV,UDR,1.7053,28.9663,0.8792,-0.0684,0.0,0.0,-4.7954,-4.7954,EXIT
2020-04-01,4,AIV,UDR,1.568,26.1442,0.8792,0.0603,0.0,0.0,-4.7954,-4.7954,HOLD_CASH
2020-04-02,4,AIV,UDR,1.5146,25.3276,0.8792,0.047,0.0,0.0,-4.7954,-4.7954,HOLD_CASH
2020-04-03,4,AIV,UDR,1.4865,25.066,0.8792,0.0,0.0,0.0,-4.7954,-4.7954,HOLD_CASH
2020-04-06,4,AIV,UDR,1.7233,28.015,0.8792,0.6875,0.0,0.0,-4.7954,-4.7954,HOLD_CASH
2020-04-07,4,AIV,UDR,1.6718,28.34,0.8792,0.2577,0.0,0.0,-4.7954,-4.7954,HOLD_CASH
2020-04-08,4,AIV,UDR,1.7727,30.9586,0.8792,0.0761,0.0,0.0,-4.7954,-4.7954,HOLD_CASH
2020-04-09,4,AIV,UDR,1.9392,32.9285,0.8792,0.7472,0.0,0.0,-4.7954,-4.7954,HOLD_CASH
2020-04-13,4,AIV,UDR,1.8606,30.8785,0.8792,1.1562,0.0,0.0,-4.7954,-4.7954,HOLD_CASH
2020-04-14,4,AIV,UDR,1.9159,31.5192,0.8792,1.2804,0.0,0.0,-4.7954,-4.7954,HOLD_CASH
2020-04-15,4,AIV,UDR,1.8183,29.6293,0.8792,1.2438,0.0,0.0,-4.7954,-4.7954,HOLD_CASH
2020-04-16,4,AIV,UDR,1.7538,29.333,0.8792,0.6965,0.0,0.0,-4.7954,-4.7954,HOLD_CASH
2020-04-17,4,AIV,UDR,1.8994,31.1828,0.8792,1.0443,0.0,0.0,-4.7954,-4.7954,HOLD_CASH
2020-04-20,4,AIV,UDR,1.7815,29.1248,0.8792,0.8872,0.0,0.0,-4.7954,-4.7954,HOLD_CASH
2020-04-21,4,AIV,UDR,1.7344,28.4922,0.8792,0.7301,0.0,0.0,-4.7954,-4.7954,HOLD_CASH
2020-04-22,4,AIV,UDR,1.7922,29.357,0.8792,0.9578,0.0,0.0,-4.7954,-4.7954,HOLD_CASH
2020-04-23,4,AIV,UDR,1.7048,28.9886,0.8792,-0.367,0.0,0.0,-4.7954,-4.7954,HOLD_CASH
2020-04-24,4,AIV,UDR,1.7024,29.0607,0.8792,-0.615,0.0,0.0,-4.7954,-4.7954,HOLD_CASH
2020-04-27,4,AIV,UDR,1.7742,30.1258,0.8792,-0.3676,0.0,0.0,-4.7954,-4.7954,HOLD_CASH
2020-04-28,4,AIV,UDR,1.8053,30.2379,0.8792,0.1188,0.0,0.0,-4.7954,-4.7954,HOLD_CASH
2020-04-29,4,AIV,UDR,1.8441,30.5182,0.8792,0.6875,0.0,0.0,-4.7954,-4.7954,HOLD_CASH
2020-04-30,4,AIV,UDR,1.8276,30.0057,0.8792,0.8883,0.0,0.0,-4.7954,-4.7954,HOLD_CASH
2020-05-01,4,AIV,UDR,1.7693,28.9086,0.8792,0.819,0.0,0.0,-4.7954,-4.7954,HOLD_CASH
2020-05-04,4,AIV,UDR,1.7664,29.2609,0.8792,0.1355,0.0,0.0,-4.7954,-4.7954,HOLD_CASH
2020-05-05,4,AIV,UDR,1.7752,29.309,0.8792,0.3521,0.0,0.0,-4.7954,-4.7954,HOLD_CASH
2020-05-06,4,AIV,UDR,1.748,28.8685,0.8792,0.1705,0.0,0.0,-4.7954,-4.7954,HOLD_CASH
2020-05-07,4,AIV,UDR,1.8019,30.302,0.8792,-0.7528,0.0,0.0,-4.7954,-4.7954,HOLD_CASH
2020-05-08,4,AIV,UDR,1.8358,30.7023,0.8792,-0.2912,0.0,0.0,-4.7954,-4.7954,HOLD_CASH
2020-05-11,4,AIV,UDR,1.7917,30.2539,0.8792,-0.9883,0.0,0.0,-4.7954,-4.7954,HOLD_CASH
2020-05-12,4,AIV,UDR,1.7174,28.9326,0.8792,-1.0813,0.0,0.0,-4.7954,-4.7954,HOLD_CASH
2020-05-13,4,AIV,UDR,1.6631,28.1718,0.8792,-1.502,0.0,0.0,-4.7954,-4.7954,HOLD_CASH
2020-05-14,4,AIV,UDR,1.6474,27.9476,0.8792,-1.5012,0.0,0.0,-4.7954,-4.7954,HOLD_CASH
2020-05-15,4,AIV,UDR,1.6503,27.8355,0.8792,-1.0646,0.0,0.0,-4.7954,-4.7954,HOLD_CASH
2020-05-18,4,AIV,UDR,1.7917,29.5412,0.8792,0.9048,0.0,0.0,-4.7954,-4.7954,HOLD_CASH
2020-05-19,4,AIV,UDR,1.7294,28.7404,0.8792,0.2003,0.0,0.0,-4.7954,-4.7954,HOLD_CASH
2020-05-20,4,AIV,UDR,1.7613,29.0527,0.8792,0.846,0.0,0.0,-4.7954,-4.7954,HOLD_CASH
2020-05-21,4,AIV,UDR,1.7569,28.7244,0.8792,1.2378,0.0,0.0,-4.7954,-4.7954,HOLD_CASH
2020-05-22,4,AIV,UDR,1.7628,29.0527,0.8792,0.6996,0.0,0.0,-4.7954,-4.7954,HOLD_CASH
2020-05-26,4,AIV,UDR,1.8448,30.6303,0.8792,0.55,0.0,0.0,-4.7954,-4.7954,HOLD_CASH
2020-05-27,4,AIV,UDR,1.833,30.6703,0.8792,-0.0458,0.0,0.0,-4.7954,-4.7954,HOLD_CASH
2020-05-28,4,AIV,UDR,1.8256,30.7904,0.8792,-0.5594,0.0,0.0,-4.7954,-4.7954,HOLD_CASH
2020-05-29,4,AIV,UDR,1.8104,29.6133,0.8792,1.4382,0.0,0.0,-4.7954,-4.7954,HOLD_CASH
2020-06-01,4,AIV,UDR,1.8634,30.2379,0.8792,2.0322,-1.0,0.0,-4.8787,-4.8787,ENTER_SHORT_A
2020-06-02,4,AIV,UDR,1.8507,30.1578,0.8792,1.5307,-1.0,0.0,-4.7611,-4.7611,PERIOD_END_EXIT
2019-12-02,5,CMS,ES,50.4781,64.8347,0.946,0.0,0.0,0.0,0.0,0.0,HOLD_CASH
2019-12-03,5,CMS,ES,50.6937,64.8426,0.946,0.0,0.0,0.0,0.0,0.0,HOLD_CASH
2019-12-04,5,CMS,ES,51.1747,65.6252,0.946,0.0,0.0,0.0,0.0,0.0,HOLD_CASH
2019-12-05,5,CMS,ES,51.2825,64.9454,0.946,0.0,0.0,0.0,0.0,0.0,HOLD_CASH
2019-12-06,5,CMS,ES,50.9674,64.1865,0.946,0.0,0.0,0.0,0.0,0.0,HOLD_CASH
2019-12-09,5,CMS,ES,50.8181,63.8071,0.946,0.0,0.0,0.0,0.0,0.0,HOLD_CASH
2019-12-10,5,CMS,ES,50.9508,64.0126,0.946,0.0,0.0,0.0,0.0,0.0,HOLD_CASH
2019-12-11,5,CMS,ES,50.9591,64.3051,0.946,0.0,0.0,0.0,0.0,0.0,HOLD_CASH
2019-12-12,5,CMS,ES,50.3952,63.9098,0.946,0.0,0.0,0.0,0.0,0.0,HOLD_CASH
2019-12-13,5,CMS,ES,50.5776,64.2971,0.946,0.0,0.0,0.0,0.0,0.0,HOLD_CASH
2019-12-16,5,CMS,ES,51.3074,64.8584,0.946,0.0,0.0,0.0,0.0,0.0,HOLD_CASH
2019-12-17,5,CMS,ES,51.4815,65.4513,0.946,0.0,0.0,0.0,0.0,0.0,HOLD_CASH
2019-12-18,5,CMS,ES,51.6971,66.0757,0.946,0.0,0.0,0.0,0.0,0.0,HOLD_CASH
2019-12-19,5,CMS,ES,51.7469,66.6525,0.946,0.0,0.0,0.0,0.0,0.0,HOLD_CASH
2019-12-20,5,CMS,ES,52.3274,67.2969,0.946,0.0,0.0,0.0,0.0,0.0,HOLD_CASH
2019-12-23,5,CMS,ES,51.6557,66.6128,0.946,0.0,0.0,0.0,0.0,0.0,HOLD_CASH
2019-12-24,5,CMS,ES,51.6474,66.7957,0.946,0.0,0.0,0.0,0.0,0.0,HOLD_CASH
2019-12-26,5,CMS,ES,51.6474,67.0662,0.946,0.0,0.0,0.0,0.0,0.0,HOLD_CASH
2019-12-27,5,CMS,ES,51.863,67.0821,0.946,0.0,0.0,0.0,0.0,0.0,HOLD_CASH
2019-12-30,5,CMS,ES,51.9045,67.1537,0.946,-1.189,0.0,0.0,0.0,0.0,HOLD_CASH
2019-12-31,5,CMS,ES,52.1118,67.6788,0.946,-1.4189,0.0,0.0,0.0,0.0,HOLD_CASH
2020-01-02,5,CMS,ES,51.1747,66.215,0.946,-1.0862,0.0,0.0,0.0,0.0,HOLD_CASH
2020-01-03,5,CMS,ES,51.6723,65.9206,0.946,0.1904,0.0,0.0,0.0,0.0,HOLD_CASH
2020-01-06,5,CMS,ES,51.9045,66.2786,0.946,0.1669,0.0,0.0,0.0,0.0,HOLD_CASH
2020-01-07,5,CMS,ES,51.6391,65.7774,0.946,0.4305,0.0,0.0,0.0,0.0,HOLD_CASH
2020-01-08,5,CMS,ES,51.6225,65.8331,0.946,0.4211,0.0,0.0,0.0,0.0,HOLD_CASH
2020-01-09,5,CMS,ES,52.0206,66.3502,0.946,0.5777,0.0,0.0,0.0,0.0,HOLD_CASH
2020-01-10,5,CMS,ES,52.2942,67.1537,0.946,-0.0742,0.0,0.0,0.0,0.0,HOLD_CASH
2020-01-13,5,CMS,ES,52.8167,67.7424,0.946,0.2067,0.0,0.0,0.0,0.0,HOLD_CASH
2020-01-14,5,CMS,ES,52.9825,68.2993,0.946,-0.3561,0.0,0.0,0.0,0.0,HOLD_CASH
2020-01-15,5,CMS,ES,53.6542,69.4688,0.946,-0.7758,0.0,0.0,0.0,0.0,HOLD_CASH
2020-01-16,5,CMS,ES,54.2182,69.8189,0.946,0.1933,0.0,0.0,0.0,0.0,HOLD_CASH
2020-01-17,5,CMS,ES,54.4421,70.5906,0.946,-0.7679,0.0,0.0,0.0,0.0,HOLD_CASH
2020-01-21,5,CMS,ES,54.9064,71.4418,0.946,-1.1485,0.0,0.0,0.0,0.0,HOLD_CASH
2020-01-22,5,CMS,ES,55.1884,71.5612,0.946,-0.5326,0.0,0.0,0.0,0.0,HOLD_CASH
2020-01-23,5,CMS,ES,55.6528,72.5874,0.946,-1.2422,0.0,0.0,0.0,0.0,HOLD_CASH
2020-01-24,5,CMS,ES,55.9679,73.0409,0.946,-1.2093,0.0,0.0,0.0,0.0,HOLD_CASH
2020-01-27,5,CMS,ES,55.7689,72.6909,0.946,-1.0727,0.0,0.0,0.0,0.0,HOLD_CASH
2020-01-28,5,CMS,ES,55.6196,73.025,0.946,-1.8581,0.0,0.0,0.0,0.0,HOLD_CASH
2020-01-29,5,CMS,ES,55.8186,73.5023,0.946,-1.9095,0.0,0.0,0.0,0.0,HOLD_CASH
2020-01-30,5,CMS,ES,56.4489,74.1547,0.946,-1.451,0.0,0.0,0.0,0.0,HOLD_CASH
2020-01-31,5,CMS,ES,56.8138,73.5421,0.946,0.1895,0.0,0.0,0.0,0.0,HOLD_CASH
2020-02-03,5,CMS,ES,56.7889,73.5182,0.946,0.2349,0.0,0.0,0.0,0.0,HOLD_CASH
2020-02-04,5,CMS,ES,55.8684,72.0783,0.946,0.579,0.0,0.0,0.0,0.0,HOLD_CASH
2020-02-05,5,CMS,ES,56.3162,71.9908,0.946,1.7003,0.0,0.0,0.0,0.0,HOLD_CASH
2020-02-06,5,CMS,ES,56.1644,72.2931,0.946,0.9264,0.0,0.0,0.0,0.0,HOLD_CASH
2020-02-07,5,CMS,ES,56.0142,72.0624,0.946,1.035,0.0,0.0,0.0,0.0,HOLD_CASH
2020-02-10,5,CMS,ES,56.3646,72.6909,0.946,0.7707,0.0,0.0,0.0,0.0,HOLD_CASH
2020-02-11,5,CMS,ES,56.2061,72.5397,0.946,0.6848,0.0,0.0,0.0,0.0,HOLD_CASH
2020-02-12,5,CMS,ES,56.1978,72.6033,0.946,0.5427,0.0,0.0,0.0,0.0,HOLD_CASH
2020-02-13,5,CMS,ES,56.665,73.5739,0.946,-0.0378,0.0,0.0,0.0,0.0,HOLD_CASH
2020-02-14,5,CMS,ES,57.1572,74.5127,0.946,-0.434,0.0,0.0,0.0,0.0,HOLD_CASH
2020-02-18,5,CMS,ES,57.4492,75.4276,0.946,-1.2007,0.0,0.0,0.0,0.0,HOLD_CASH
2020-02-19,5,CMS,ES,57.1322,75.0219,0.946,-1.1726,0.0,0.0,0.0,0.0,HOLD_CASH
2020-02-20,5,CMS,ES,57.2239,76.0959,0.946,-2.1733,1.0,0.0,-0.0833,-0.0833,ENTER_LONG_A
2020-02-21,5,CMS,ES,57.1071,76.3425,0.946,-2.2281,1.0,-0.2187,-0.0833,-0.302,HOLDING
2020-02-24,5,CMS,ES,56.9403,75.7458,0.946,-1.6056,1.0,-0.0259,-0.0833,-0.1093,HOLDING
2020-02-25,5,CMS,ES,55.7639,74.29,0.946,-1.6047,1.0,-0.1312,-0.0833,-0.2145,HOLDING
2020-02-26,5,CMS,ES,55.4302,74.3536,0.946,-1.8686,1.0,-0.4148,-0.0833,-0.4981,HOLDING
2020-02-27,5,CMS,ES,52.4101,71.219,0.946,-2.3817,1.0,-1.0062,-0.0833,-1.0895,HOLDING
2020-02-28,5,CMS,ES,50.4078,68.7846,0.946,-2.2316,1.0,-1.2086,-0.0833,-1.2919,HOLDING
2020-03-02,5,CMS,ES,53.5113,74.4809,0.946,-2.3825,1.0,-1.9185,-0.0833,-2.0019,HOLDING
2020-03-03,5,CMS,ES,53.6615,73.959,0.946,-1.71,1.0,-1.5283,-0.0833,-1.6116,HOLDING
2020-03-04,5,CMS,ES,57.0237,78.8736,0.946,-1.5126,1.0,-1.6286,-0.0833,-1.7119,HOLDING
2020-03-05,5,CMS,ES,56.5064,77.9931,0.946,-1.3158,1.0,-1.5469,-0.0833,-1.6303,HOLDING
2020-03-06,5,CMS,ES,56.6399,77.1287,0.946,-0.7431,1.0,-0.9868,-0.0833,-1.0702,HOLDING
2020-03-09,5,CMS,ES,54.5792,74.0871,0.946,-0.6274,1.0,-0.9097,-0.0833,-0.9931,HOLDING
2020-03-10,5,CMS,ES,54.6543,72.9505,0.946,0.0966,0.0,0.0,-0.4115,-0.4115,EXIT
2020-03-11,5,CMS,ES,52.7688,70.2691,0.946,0.1942,0.0,0.0,-0.4115,-0.4115,HOLD_CASH
2020-03-12,5,CMS,ES,49.1313,66.1309,0.946,-0.3733,0.0,0.0,-0.4115,-0.4115,HOLD_CASH
2020-03-13,5,CMS,ES,52.0513,70.8614,0.946,-0.6798,0.0,0.0,-0.4115,-0.4115,HOLD_CASH
2020-03-16,5,CMS,ES,47.5128,61.7766,0.946,1.4648,0.0,0.0,-0.4115,-0.4115,HOLD_CASH
2020-03-17,5,CMS,ES,54.0787,69.8048,0.946,2.0616,-1.0,0.0,-0.4949,-0.4949,ENTER_SHORT_A
2020-03-18,5,CMS,ES,50.5913,69.0364,0.946,-0.787,-1.0,2.3156,-0.4949,1.8207,HOLDING
2020-03-19,5,CMS,ES,47.129,61.6725,0.946,1.1247,-1.0,0.7837,-0.4949,0.2888,HOLDING
2020-03-20,5,CMS,ES,41.3391,54.7008,0.946,0.2069,0.0,0.0,0.7633,0.7633,EXIT
2020-03-23,5,CMS,ES,40.4714,49.8103,0.946,2.8203,-1.0,0.0,0.6799,0.6799,ENTER_SHORT_A
2020-03-24,5,CMS,ES,42.9075,57.1822,0.946,-0.121,0.0,0.0,4.0059,4.0059,EXIT
2020-03-25,5,CMS,ES,44.4843,57.5504,0.946,1.0437,0.0,0.0,4.0059,4.0059,HOLD_CASH
2020-03-26,5,CMS,ES,47.5045,63.0252,0.946,0.195,0.0,0.0,4.0059,4.0059,HOLD_CASH
2020-03-27,5,CMS,ES,48.5807,64.8022,0.946,-0.0019,0.0,0.0,4.0059,4.0059,HOLD_CASH
2020-03-30,5,CMS,ES,51.6759,66.9553,0.946,1.1541,0.0,0.0,4.0059,4.0059,HOLD_CASH
2020-03-31,5,CMS,ES,49.0145,62.601,0.946,1.4373,0.0,0.0,4.0059,4.0059,HOLD_CASH
2020-04-01,5,CMS,ES,46.4783,60.8241,0.946,0.2998,0.0,0.0,4.0059,4.0059,HOLD_CASH
2020-04-02,5,CMS,ES,47.4377,63.4655,0.946,-0.6297,0.0,0.0,4.0059,4.0059,HOLD_CASH
2020-04-03,5,CMS,ES,45.5105,60.0797,0.946,-0.2024,0.0,0.0,4.0059,4.0059,HOLD_CASH
2020-04-06,5,CMS,ES,49.098,65.7067,0.946,-0.641,0.0,0.0,4.0059,4.0059,HOLD_CASH
2020-04-07,5,CMS,ES,47.8382,63.8577,0.946,-0.5718,0.0,0.0,4.0059,4.0059,HOLD_CASH
2020-04-08,5,CMS,ES,50.5913,66.7152,0.946,0.0948,0.0,0.0,4.0059,4.0059,HOLD_CASH
2020-04-09,5,CMS,ES,52.0013,72.118,0.946,-1.8551,0.0,0.0,4.0059,4.0059,HOLD_CASH
2020-04-13,5,CMS,ES,51.0252,69.4126,0.946,-1.1086,0.0,0.0,4.0059,4.0059,HOLD_CASH
2020-04-14,5,CMS,ES,51.9512,73.1586,0.946,-2.0554,1.0,0.0,3.9225,3.9225,ENTER_LONG_A
2020-04-15,5,CMS,ES,50.6414,71.1735,0.946,-1.7737,1.0,0.0195,3.9225,3.9421,HOLDING
2020-04-16,5,CMS,ES,51.6258,71.8699,0.946,-1.3318,1.0,0.4454,3.9225,4.3679,HOLDING
2020-04-17,5,CMS,ES,52.7021,73.2867,0.946,-1.1335,1.0,0.548,3.9225,4.4706,HOLDING
2020-04-20,5,CMS,ES,49.3816,70.253,0.946,-1.7211,1.0,-0.5092,3.9225,3.4133,HOLDING
2020-04-21,5,CMS,ES,48.7309,69.7968,0.946,-1.8265,1.0,-0.793,3.9225,3.1296,HOLDING
2020-04-22,5,CMS,ES,50.049,70.4452,0.946,-1.1301,1.0,-0.0654,3.9225,3.8571,HOLDING
2020-04-23,5,CMS,ES,49.4233,69.2845,0.946,-0.9351,1.0,0.0615,3.9225,3.984,HOLDING
2020-04-24,5,CMS,ES,49.5568,69.2925,0.946,-0.7733,1.0,0.1671,3.9225,4.0896,HOLDING
2020-04-27,5,CMS,ES,48.3888,68.4921,0.946,-1.0682,1.0,-0.3525,3.9225,3.5701,HOLDING
2020-04-28,5,CMS,ES,49.3983,69.0124,0.946,-0.5744,1.0,0.1915,3.9225,4.1141,HOLDING
2020-04-29,5,CMS,ES,47.7714,66.7312,0.946,-0.5683,1.0,0.1137,3.9225,4.0363,HOLDING
2020-04-30,5,CMS,ES,47.6296,64.5941,0.946,0.6284,1.0,1.1802,3.9225,5.1028,HOLDING
2020-05-01,5,CMS,ES,46.6785,63.9297,0.946,0.246,0.0,0.0,4.6128,4.6128,EXIT
2020-05-04,5,CMS,ES,47.3376,64.6741,0.946,0.4862,0.0,0.0,4.6128,4.6128,HOLD_CASH
2020-05-05,5,CMS,ES,47.688,64.8262,0.946,0.8103,0.0,0.0,4.6128,4.6128,HOLD_CASH
2020-05-06,5,CMS,ES,45.6023,61.0402,0.946,1.4672,0.0,0.0,4.6128,4.6128,HOLD_CASH
2020-05-07,5,CMS,ES,45.5022,62.1448,0.946,0.7094,0.0,0.0,4.6128,4.6128,HOLD_CASH
2020-05-08,5,CMS,ES,46.1279,62.2648,0.946,1.32,0.0,0.0,4.6128,4.6128,HOLD_CASH
2020-05-11,5,CMS,ES,46.2864,61.6485,0.946,1.9005,0.0,0.0,4.6128,4.6128,HOLD_CASH
2020-05-12,5,CMS,ES,46.3448,60.5679,0.946,2.3092,-1.0,0.0,4.5294,4.5294,ENTER_SHORT_A
2020-05-13,5,CMS,ES,45.5772,61.3443,0.946,0.8688,-1.0,1.2285,4.5294,5.7579,HOLDING
2020-05-14,5,CMS,ES,45.7016,61.8486,0.946,0.5837,-1.0,1.4508,4.5294,5.9803,HOLDING
2020-05-15,5,CMS,ES,45.1217,61.1443,0.946,0.455,0.0,0.0,5.9625,5.9625,EXIT
2020-05-18,5,CMS,ES,47.1474,63.8737,0.946,0.5006,0.0,0.0,5.9625,5.9625,HOLD_CASH
2020-05-19,5,CMS,ES,46.4918,63.0659,0.946,0.3221,0.0,0.0,5.9625,5.9625,HOLD_CASH
2020-05-20,5,CMS,ES,46.6011,64.0091,0.946,-0.3917,0.0,0.0,5.9625,5.9625,HOLD_CASH
2020-05-21,5,CMS,ES,46.0126,63.5416,0.946,-0.7806,0.0,0.0,5.9625,5.9625,HOLD_CASH
2020-05-22,5,CMS,ES,46.7271,63.2513,0.946,0.3293,0.0,0.0,5.9625,5.9625,HOLD_CASH
2020-05-26,5,CMS,ES,46.8028,62.8886,0.946,0.7137,0.0,0.0,5.9625,5.9625,HOLD_CASH
2020-05-27,5,CMS,ES,47.0466,62.4532,0.946,1.4321,0.0,0.0,5.9625,5.9625,HOLD_CASH
2020-05-28,5,CMS,ES,48.6941,65.2103,0.946,0.901,0.0,0.0,5.9625,5.9625,HOLD_CASH
2020-05-29,5,CMS,ES,49.2404,67.4756,0.946,-0.7904,0.0,0.0,5.9625,5.9625,HOLD_CASH
2020-06-01,5,CMS,ES,49.6019,68.9912,0.946,-1.7369,0.0,0.0,5.9625,5.9625,HOLD_CASH
2020-06-02,5,CMS,ES,50.0138,69.1444,0.946,-1.2013,0.0,0.0,5.9625,5.9625,HOLD_CASH
2019-12-02,6,HBAN,RF,11.0785,12.7372,0.9011,0.0,0.0,0.0,0.0,0.0,HOLD_CASH
2019-12-03,6,HBAN,RF,10.944,12.5915,0.9011,0.0,0.0,0.0,0.0,0.0,HOLD_CASH
2019-12-04,6,HBAN,RF,11.0934,12.7908,0.9011,0.0,0.0,0.0,0.0,0.0,HOLD_CASH
2019-12-05,6,HBAN,RF,11.1233,12.9108,0.9011,0.0,0.0,0.0,0.0,0.0,HOLD_CASH
2019-12-06,6,HBAN,RF,11.3624,13.1895,0.9011,0.0,0.0,0.0,0.0,0.0,HOLD_CASH
2019-12-09,6,HBAN,RF,11.4146,13.2127,0.9011,0.0,0.0,0.0,0.0,0.0,HOLD_CASH
2019-12-10,6,HBAN,RF,11.4819,13.1585,0.9011,0.0,0.0,0.0,0.0,0.0,HOLD_CASH
2019-12-11,6,HBAN,RF,11.3624,13.0347,0.9011,0.0,0.0,0.0,0.0,0.0,HOLD_CASH
2019-12-12,6,HBAN,RF,11.6537,13.4836,0.9011,0.0,0.0,0.0,0.0,0.0,HOLD_CASH
2019-12-13,6,HBAN,RF,11.4669,13.2901,0.9011,0.0,0.0,0.0,0.0,0.0,HOLD_CASH
2019-12-16,6,HBAN,RF,11.4595,13.3443,0.9011,0.0,0.0,0.0,0.0,0.0,HOLD_CASH
2019-12-17,6,HBAN,RF,11.5651,13.4913,0.9011,0.0,0.0,0.0,0.0,0.0,HOLD_CASH
2019-12-18,6,HBAN,RF,11.5425,13.4139,0.9011,0.0,0.0,0.0,0.0,0.0,HOLD_CASH
2019-12-19,6,HBAN,RF,11.4368,13.3907,0.9011,0.0,0.0,0.0,0.0,0.0,HOLD_CASH
2019-12-20,6,HBAN,RF,11.4293,13.352,0.9011,0.0,0.0,0.0,0.0,0.0,HOLD_CASH
2019-12-23,6,HBAN,RF,11.4067,13.2901,0.9011,0.0,0.0,0.0,0.0,0.0,HOLD_CASH
2019-12-24,6,HBAN,RF,11.4293,13.3133,0.9011,0.0,0.0,0.0,0.0,0.0,HOLD_CASH
2019-12-26,6,HBAN,RF,11.4519,13.3597,0.9011,0.0,0.0,0.0,0.0,0.0,HOLD_CASH
2019-12-27,6,HBAN,RF,11.4067,13.2823,0.9011,0.0,0.0,0.0,0.0,0.0,HOLD_CASH
2019-12-30,6,HBAN,RF,11.3463,13.2514,0.9011,-1.1756,0.0,0.0,0.0,0.0,HOLD_CASH
2019-12-31,6,HBAN,RF,11.3765,13.2823,0.9011,-0.97,0.0,0.0,0.0,0.0,HOLD_CASH
2020-01-02,6,HBAN,RF,11.3086,13.2282,0.9011,-1.2589,0.0,0.0,0.0,0.0,HOLD_CASH
2020-01-03,6,HBAN,RF,11.1728,12.9805,0.9011,-0.2977,0.0,0.0,0.0,0.0,HOLD_CASH
2020-01-06,6,HBAN,RF,10.9917,12.8334,0.9011,-1.304,0.0,0.0,0.0,0.0,HOLD_CASH
2020-01-07,6,HBAN,RF,10.871,12.6554,0.9011,-0.9447,0.0,0.0,0.0,0.0,HOLD_CASH
2020-01-08,6,HBAN,RF,10.9616,12.7328,0.9011,-0.4027,0.0,0.0,0.0,0.0,HOLD_CASH
2020-01-09,6,HBAN,RF,10.9842,12.8102,0.9011,-0.9965,0.0,0.0,0.0,0.0,HOLD_CASH
2020-01-10,6,HBAN,RF,10.8484,12.6554,0.9011,-1.4119,0.0,0.0,0.0,0.0,HOLD_CASH
2020-01-13,6,HBAN,RF,10.9087,12.725,0.9011,-1.2597,0.0,0.0,0.0,0.0,HOLD_CASH
2020-01-14,6,HBAN,RF,11.0144,12.7637,0.9011,1.1691,0.0,0.0,0.0,0.0,HOLD_CASH
2020-01-15,6,HBAN,RF,10.9087,12.6244,0.9011,1.23,0.0,0.0,0.0,0.0,HOLD_CASH
2020-01-16,6,HBAN,RF,11.0596,12.8876,0.9011,-0.4581,0.0,0.0,0.0,0.0,HOLD_CASH
2020-01-17,6,HBAN,RF,11.0974,12.6863,0.9011,3.548,-1.0,0.0,-0.0833,-0.0833,ENTER_SHORT_A
2020-01-21,6,HBAN,RF,11.0219,12.578,0.9011,2.7342,-1.0,-0.0394,-0.0833,-0.1227,HOLDING
2020-01-22,6,HBAN,RF,11.1124,12.5548,0.9011,2.9943,-1.0,-0.4693,-0.0833,-0.5526,HOLDING
2020-01-23,6,HBAN,RF,10.7654,12.5161,0.9011,-0.5604,-1.0,0.781,-0.0833,0.6976,HOLDING
2020-01-24,6,HBAN,RF,10.3505,12.1677,0.9011,-1.9201,-1.0,1.3354,-0.0833,1.2521,HOLDING
2020-01-27,6,HBAN,RF,10.177,11.9588,0.9011,-1.7816,-1.0,1.3701,-0.0833,1.2868,HOLDING
2020-01-28,6,HBAN,RF,10.26,12.0207,0.9011,-1.2936,-1.0,1.2351,-0.0833,1.1518,HOLDING
2020-01-29,6,HBAN,RF,10.1694,11.9201,0.9011,-1.2858,-1.0,1.2794,-0.0833,1.1961,HOLDING
2020-01-30,6,HBAN,RF,10.3731,12.0826,0.9011,-0.5602,-1.0,0.981,-0.0833,0.8976,HOLDING
2020-01-31,6,HBAN,RF,10.2373,12.0516,0.9011,-1.3843,-1.0,1.4209,-0.0833,1.3376,HOLDING
2020-02-03,6,HBAN,RF,10.3505,12.2761,0.9011,-1.6237,-1.0,1.6728,-0.0833,1.5895,HOLDING
2020-02-04,6,HBAN,RF,10.4636,12.5857,0.9011,-2.0951,-1.0,2.1898,-0.0833,2.1065,HOLDING
2020-02-05,6,HBAN,RF,10.6296,12.8257,0.9011,-1.8584,-1.0,2.2813,-0.0833,2.198,HOLDING
2020-02-06,6,HBAN,RF,10.5391,12.6554,0.9011,-1.4543,-1.0,2.1087,-0.0833,2.0254,HOLDING
2020-02-07,6,HBAN,RF,10.5315,12.6322,0.9011,-1.2586,-1.0,2.0662,-0.0833,1.9829,HOLDING
2020-02-10,6,HBAN,RF,10.5089,12.6012,0.9011,-1.1374,-1.0,2.0592,-0.0833,1.9759,HOLDING
2020-02-11,6,HBAN,RF,10.5844,12.7018,0.9011,-1.034,-1.0,2.0745,-0.0833,1.9912,HOLDING
2020-02-12,6,HBAN,RF,10.5994,12.7483,0.9011,-1.0228,-1.0,2.1595,-0.0833,2.0762,HOLDING
2020-02-13,6,HBAN,RF,10.6749,12.8489,0.9011,-0.9251,-1.0,2.1748,-0.0833,2.0915,HOLDING
2020-02-14,6,HBAN,RF,10.6221,12.8024,0.9011,-0.9172,-1.0,2.2388,-0.0833,2.1555,HOLDING
2020-02-18,6,HBAN,RF,10.4938,12.6244,0.9011,-0.8195,-1.0,2.1911,-0.0833,2.1078,HOLDING
2020-02-19,6,HBAN,RF,10.5844,12.7173,0.9011,-0.6464,-1.0,2.1227,-0.0833,2.0394,HOLDING
2020-02-20,6,HBAN,RF,10.6673,12.8024,0.9011,-0.5156,-1.0,2.06,-0.0833,1.9767,HOLDING
2020-02-21,6,HBAN,RF,10.4938,12.6399,0.9011,-0.926,-1.0,2.2393,-0.0833,2.156,HOLDING
2020-02-24,6,HBAN,RF,10.1845,12.1755,0.9011,-0.4503,0.0,0.0,1.8536,1.8536,EXIT
2020-02-25,6,HBAN,RF,9.6791,11.4479,0.9011,0.1251,0.0,0.0,1.8536,1.8536,HOLD_CASH
2020-02-26,6,HBAN,RF,9.581,11.2853,0.9011,0.5503,0.0,0.0,1.8536,1.8536,HOLD_CASH
2020-02-27,6,HBAN,RF,9.3169,10.7203,0.9011,2.5164,-1.0,0.0,1.7703,1.7703,ENTER_SHORT_A
2020-02-28,6,HBAN,RF,9.2566,10.4649,0.9011,3.2634,-1.0,-0.6572,1.7703,1.1131,HOLDING
2020-03-02,6,HBAN,RF,9.762,11.2312,0.9011,2.0311,-1.0,-0.2118,1.7703,1.5585,HOLDING
2020-03-03,6,HBAN,RF,9.4905,10.9061,0.9011,1.6705,-1.0,-0.1319,1.7703,1.6384,HOLDING
2020-03-04,6,HBAN,RF,9.5433,11.2621,0.9011,-0.0823,0.0,0.0,2.6155,2.6155,EXIT
2020-03-05,6,HBAN,RF,8.8869,10.8044,0.9011,-2.1899,1.0,0.0,2.5321,2.5321,ENTER_LONG_A
2020-03-06,6,HBAN,RF,8.389,10.1551,0.9011,-1.9667,1.0,-0.082,2.5321,2.4502,HOLDING
2020-03-09,6,HBAN,RF,7.1292,8.1914,0.9011,-0.1823,0.0,0.0,3.3499,3.3499,EXIT
2020-03-10,6,HBAN,RF,7.5215,8.9737,0.9011,-1.6221,0.0,0.0,3.3499,3.3499,HOLD_CASH
2020-03-11,6,HBAN,RF,6.8878,8.3635,0.9011,-2.3337,1.0,0.0,3.2666,3.2666,ENTER_LONG_A
2020-03-12,6,HBAN,RF,6.3219,7.4012,0.9011,-1.1397,1.0,0.9439,3.2666,4.2105,HOLDING
2020-03-13,6,HBAN,RF,7.1669,7.808,0.9011,1.8638,1.0,4.3998,3.2666,7.6664,HOLDING
2020-03-16,6,HBAN,RF,6.3597,6.5014,0.9011,2.6721,1.0,5.4332,3.2666,8.6998,HOLDING
2020-03-17,6,HBAN,RF,6.4288,6.9474,0.9011,1.0909,1.0,3.767,3.2666,7.0336,HOLDING
2020-03-18,6,HBAN,RF,5.9295,5.7582,0.9011,2.6891,1.0,6.2061,3.2666,9.4726,HOLDING
2020-03-19,6,HBAN,RF,5.8988,6.478,0.9011,0.151,0.0,0.0,5.8096,5.8096,EXIT
2020-03-20,6,HBAN,RF,5.8527,6.4623,0.9011,-0.0005,0.0,0.0,5.8096,5.8096,HOLD_CASH
2020-03-23,6,HBAN,RF,5.3765,6.0398,0.9011,-0.5351,0.0,0.0,5.8096,5.8096,HOLD_CASH
2020-03-24,6,HBAN,RF,5.7068,6.9239,0.9011,-1.7286,0.0,0.0,5.8096,5.8096,HOLD_CASH
2020-03-25,6,HBAN,RF,5.8681,6.83,0.9011,-0.8395,0.0,0.0,5.8096,5.8096,HOLD_CASH
2020-03-26,6,HBAN,RF,6.5286,7.7063,0.9011,-0.8099,0.0,0.0,5.8096,5.8096,HOLD_CASH
2020-03-27,6,HBAN,RF,6.375,7.5655,0.9011,-0.8654,0.0,0.0,5.8096,5.8096,HOLD_CASH
2020-03-30,6,HBAN,RF,6.4365,7.4325,0.9011,-0.3154,0.0,0.0,5.8096,5.8096,HOLD_CASH
2020-03-31,6,HBAN,RF,6.3059,7.0178,0.9011,0.3206,0.0,0.0,5.8096,5.8096,HOLD_CASH
2020-04-01,6,HBAN,RF,5.7222,6.4936,0.9011,-0.2088,0.0,0.0,5.8096,5.8096,HOLD_CASH
2020-04-02,6,HBAN,RF,5.6607,6.564,0.9011,-0.6168,0.0,0.0,5.8096,5.8096,HOLD_CASH
2020-04-03,6,HBAN,RF,5.246,6.3137,0.9011,-1.3394,0.0,0.0,5.8096,5.8096,HOLD_CASH
2020-04-06,6,HBAN,RF,5.7529,6.9474,0.9011,-1.119,0.0,0.0,5.8096,5.8096,HOLD_CASH
2020-04-07,6,HBAN,RF,6.2445,7.3464,0.9011,-0.5262,0.0,0.0,5.8096,5.8096,HOLD_CASH
2020-04-08,6,HBAN,RF,6.7667,7.9097,0.9011,-0.3082,0.0,0.0,5.8096,5.8096,HOLD_CASH
2020-04-09,6,HBAN,RF,6.9357,8.6138,0.9011,-1.2041,0.0,0.0,5.8096,5.8096,HOLD_CASH
2020-04-13,6,HBAN,RF,6.6976,8.3478,0.9011,-1.1936,0.0,0.0,5.8096,5.8096,HOLD_CASH
2020-04-14,6,HBAN,RF,6.4518,7.9175,0.9011,-0.9425,0.0,0.0,5.8096,5.8096,HOLD_CASH
2020-04-15,6,HBAN,RF,5.9372,7.2682,0.9011,-0.9635,0.0,0.0,5.8096,5.8096,HOLD_CASH
2020-04-16,6,HBAN,RF,5.5148,6.9239,0.9011,-1.8266,0.0,0.0,5.8096,5.8096,HOLD_CASH
2020-04-17,6,HBAN,RF,6.1907,7.4481,0.9011,-0.3764,0.0,0.0,5.8096,5.8096,HOLD_CASH
2020-04-20,6,HBAN,RF,6.2521,7.3542,0.9011,0.3673,0.0,0.0,5.8096,5.8096,HOLD_CASH
2020-04-21,6,HBAN,RF,5.991,6.9474,0.9011,0.6994,0.0,0.0,5.8096,5.8096,HOLD_CASH
2020-04-22,6,HBAN,RF,6.1753,7.1117,0.9011,0.9151,0.0,0.0,5.8096,5.8096,HOLD_CASH
2020-04-23,6,HBAN,RF,6.0832,7.3699,0.9011,-0.6114,0.0,0.0,5.8096,5.8096,HOLD_CASH
2020-04-24,6,HBAN,RF,6.2675,7.6593,0.9011,-0.7081,0.0,0.0,5.8096,5.8096,HOLD_CASH
2020-04-27,6,HBAN,RF,6.8436,8.1992,0.9011,0.1734,0.0,0.0,5.8096,5.8096,HOLD_CASH
2020-04-28,6,HBAN,RF,7.0202,8.3635,0.9011,0.4701,0.0,0.0,5.8096,5.8096,HOLD_CASH
2020-04-29,6,HBAN,RF,7.4042,8.8094,0.9011,0.8744,0.0,0.0,5.8096,5.8096,HOLD_CASH
2020-04-30,6,HBAN,RF,7.097,8.4104,0.9011,0.9268,0.0,0.0,5.8096,5.8096,HOLD_CASH
2020-05-01,6,HBAN,RF,6.5824,7.9566,0.9011,-0.0583,0.0,0.0,5.8096,5.8096,HOLD_CASH
2020-05-04,6,HBAN,RF,6.4749,7.9488,0.9011,-0.7144,0.0,0.0,5.8096,5.8096,HOLD_CASH
2020-05-05,6,HBAN,RF,6.3597,7.808,0.9011,-0.7753,0.0,0.0,5.8096,5.8096,HOLD_CASH
2020-05-06,6,HBAN,RF,6.3213,7.5498,0.9011,0.2569,0.0,0.0,5.8096,5.8096,HOLD_CASH
2020-05-07,6,HBAN,RF,6.3366,7.7063,0.9011,-0.345,0.0,0.0,5.8096,5.8096,HOLD_CASH
2020-05-08,6,HBAN,RF,6.6439,8.074,0.9011,-0.1455,0.0,0.0,5.8096,5.8096,HOLD_CASH
2020-05-11,6,HBAN,RF,6.3213,7.675,0.9011,-0.382,0.0,0.0,5.8096,5.8096,HOLD_CASH
2020-05-12,6,HBAN,RF,6.0371,7.2916,0.9011,-0.3963,0.0,0.0,5.8096,5.8096,HOLD_CASH
2020-05-13,6,HBAN,RF,5.6761,6.9787,0.9011,-1.3789,0.0,0.0,5.8096,5.8096,HOLD_CASH
2020-05-14,6,HBAN,RF,5.9219,7.3073,0.9011,-1.5569,0.0,0.0,5.8096,5.8096,HOLD_CASH
2020-05-15,6,HBAN,RF,5.7682,7.1899,0.9011,-1.8522,0.0,0.0,5.8096,5.8096,HOLD_CASH
2020-05-18,6,HBAN,RF,6.3443,7.8471,0.9011,-0.9915,0.0,0.0,5.8096,5.8096,HOLD_CASH
2020-05-19,6,HBAN,RF,6.0524,7.542,0.9011,-1.3729,0.0,0.0,5.8096,5.8096,HOLD_CASH
2020-05-20,6,HBAN,RF,6.3059,7.8628,0.9011,-1.1471,0.0,0.0,5.8096,5.8096,HOLD_CASH
2020-05-21,6,HBAN,RF,6.2752,7.7767,0.9011,-0.8332,0.0,0.0,5.8096,5.8096,HOLD_CASH
2020-05-22,6,HBAN,RF,6.2214,7.7845,0.9011,-1.1997,0.0,0.0,5.8096,5.8096,HOLD_CASH
2020-05-26,6,HBAN,RF,6.905,8.5747,0.9011,-0.322,0.0,0.0,5.8096,5.8096,HOLD_CASH
2020-05-27,6,HBAN,RF,7.3121,9.3727,0.9011,-1.3251,0.0,0.0,5.8096,5.8096,HOLD_CASH
2020-05-28,6,HBAN,RF,6.9972,8.9972,0.9011,-1.597,0.0,0.0,5.8096,5.8096,HOLD_CASH
2020-05-29,6,HBAN,RF,6.8282,8.8485,0.9011,-2.0122,1.0,0.0,5.7263,5.7263,ENTER_LONG_A
2020-06-01,6,HBAN,RF,6.9895,8.9815,0.9011,-1.3094,1.0,0.4417,5.7263,6.168,HOLDING
2020-06-02,6,HBAN,RF,7.0663,9.1537,0.9011,-1.4722,1.0,0.0,5.8065,5.8065,PERIOD_END_EXIT
2019-12-02,7,AIV,AVB,2.5205,170.0332,0.8616,0.0,0.0,0.0,0.0,0.0,HOLD_CASH
2019-12-03,7,AIV,AVB,2.547,171.8849,0.8616,0.0,0.0,0.0,0.0,0.0,HOLD_CASH
2019-12-04,7,AIV,AVB,2.5427,173.3501,0.8616,0.0,0.0,0.0,0.0,0.0,HOLD_CASH
2019-12-05,7,AIV,AVB,2.5369,173.8251,0.8616,0.0,0.0,0.0,0.0,0.0,HOLD_CASH
2019-12-06,7,AIV,AVB,2.533,173.8493,0.8616,0.0,0.0,0.0,0.0,0.0,HOLD_CASH
2019-12-09,7,AIV,AVB,2.535,173.8251,0.8616,0.0,0.0,0.0,0.0,0.0,HOLD_CASH
2019-12-10,7,AIV,AVB,2.5094,173.3179,0.8616,0.0,0.0,0.0,0.0,0.0,HOLD_CASH
2019-12-11,7,AIV,AVB,2.481,170.7336,0.8616,0.0,0.0,0.0,0.0,0.0,HOLD_CASH
2019-12-12,7,AIV,AVB,2.4555,168.3908,0.8616,0.0,0.0,0.0,0.0,0.0,HOLD_CASH
2019-12-13,7,AIV,AVB,2.4627,167.9722,0.8616,0.0,0.0,0.0,0.0,0.0,HOLD_CASH
2019-12-16,7,AIV,AVB,2.4733,168.5599,0.8616,0.0,0.0,0.0,0.0,0.0,HOLD_CASH
2019-12-17,7,AIV,AVB,2.4295,166.362,0.8616,0.0,0.0,0.0,0.0,0.0,HOLD_CASH
2019-12-18,7,AIV,AVB,2.429,167.0302,0.8616,0.0,0.0,0.0,0.0,0.0,HOLD_CASH
2019-12-19,7,AIV,AVB,2.4416,167.2476,0.8616,0.0,0.0,0.0,0.0,0.0,HOLD_CASH
2019-12-20,7,AIV,AVB,2.4416,167.4649,0.8616,0.0,0.0,0.0,0.0,0.0,HOLD_CASH
2019-12-23,7,AIV,AVB,2.43,166.7243,0.8616,0.0,0.0,0.0,0.0,0.0,HOLD_CASH
2019-12-24,7,AIV,AVB,2.444,167.4086,0.8616,0.0,0.0,0.0,0.0,0.0,HOLD_CASH
2019-12-26,7,AIV,AVB,2.4473,167.7145,0.8616,0.0,0.0,0.0,0.0,0.0,HOLD_CASH
2019-12-27,7,AIV,AVB,2.4676,168.1331,0.8616,0.0,0.0,0.0,0.0,0.0,HOLD_CASH
2019-12-30,7,AIV,AVB,2.4623,168.3765,0.8616,-0.1049,0.0,0.0,0.0,0.0,HOLD_CASH
2019-12-31,7,AIV,AVB,2.4868,170.0633,0.8616,0.2604,0.0,0.0,0.0,0.0,HOLD_CASH
2020-01-02,7,AIV,AVB,2.4353,168.0683,0.8616,-1.9884,0.0,0.0,0.0,0.0,HOLD_CASH
2020-01-03,7,AIV,AVB,2.4738,169.6821,0.8616,-0.0609,0.0,0.0,0.0,0.0,HOLD_CASH
2020-01-06,7,AIV,AVB,2.4892,169.966,0.8616,1.256,0.0,0.0,0.0,0.0,HOLD_CASH
2020-01-07,7,AIV,AVB,2.457,166.2679,0.8616,2.3508,-1.0,0.0,-0.0833,-0.0833,ENTER_SHORT_A
2020-01-08,7,AIV,AVB,2.468,166.9572,0.8616,2.1611,-1.0,-0.0419,-0.0833,-0.1252,HOLDING
2020-01-09,7,AIV,AVB,2.457,167.3465,0.8616,0.7501,-1.0,0.2502,-0.0833,0.1669,HOLDING
2020-01-10,7,AIV,AVB,2.4806,169.0496,0.8616,0.835,-1.0,0.2154,-0.0833,0.1321,HOLDING
2020-01-13,7,AIV,AVB,2.4989,171.1338,0.8616,0.1352,0.0,0.0,0.197,0.197,EXIT
2020-01-14,7,AIV,AVB,2.4724,169.9092,0.8616,-0.7275,0.0,0.0,0.197,0.197,HOLD_CASH
2020-01-15,7,AIV,AVB,2.5104,171.8475,0.8616,0.4315,0.0,0.0,0.197,0.197,HOLD_CASH
2020-01-16,7,AIV,AVB,2.534,174.2723,0.8616,-0.1602,0.0,0.0,0.197,0.197,HOLD_CASH
2020-01-17,7,AIV,AVB,2.5398,175.2293,0.8616,-0.7384,0.0,0.0,0.197,0.197,HOLD_CASH
2020-01-21,7,AIV,AVB,2.5663,177.8488,0.8616,-1.1946,0.0,0.0,0.197,0.197,HOLD_CASH
2020-01-22,7,AIV,AVB,2.5518,175.6915,0.8616,-0.1926,0.0,0.0,0.197,0.197,HOLD_CASH
2020-01-23,7,AIV,AVB,2.5908,177.1918,0.8616,1.3426,0.0,0.0,0.197,0.197,HOLD_CASH
2020-01-24,7,AIV,AVB,2.6009,177.8731,0.8616,1.31,0.0,0.0,0.197,0.197,HOLD_CASH
2020-01-27,7,AIV,AVB,2.5797,177.4919,0.8616,-0.0138,0.0,0.0,0.197,0.197,HOLD_CASH
2020-01-28,7,AIV,AVB,2.5643,177.8244,0.8616,-1.4047,0.0,0.0,0.197,0.197,HOLD_CASH
2020-01-29,7,AIV,AVB,2.5542,175.6753,0.8616,-0.1289,0.0,0.0,0.197,0.197,HOLD_CASH
2020-01-30,7,AIV,AVB,2.56,176.8026,0.8616,-0.7114,0.0,0.0,0.197,0.197,HOLD_CASH
2020-01-31,7,AIV,AVB,2.5379,175.7321,0.8616,-1.4785,0.0,0.0,0.197,0.197,HOLD_CASH
2020-02-03,7,AIV,AVB,2.5407,175.7321,0.8616,-1.1744,0.0,0.0,0.197,0.197,HOLD_CASH
2020-02-04,7,AIV,AVB,2.5624,177.419,0.8616,-1.0197,0.0,0.0,0.197,0.197,HOLD_CASH
2020-02-05,7,AIV,AVB,2.5687,176.4782,0.8616,0.4256,0.0,0.0,0.197,0.197,HOLD_CASH
2020-02-06,7,AIV,AVB,2.5754,177.7109,0.8616,-0.1805,0.0,0.0,0.197,0.197,HOLD_CASH
2020-02-07,7,AIV,AVB,2.5696,177.7433,0.8616,-0.6724,0.0,0.0,0.197,0.197,HOLD_CASH
2020-02-10,7,AIV,AVB,2.5971,179.8357,0.8616,-0.4721,0.0,0.0,0.197,0.197,HOLD_CASH
2020-02-11,7,AIV,AVB,2.6062,180.7521,0.8616,-0.6225,0.0,0.0,0.197,0.197,HOLD_CASH
2020-02-12,7,AIV,AVB,2.6043,181.9767,0.8616,-1.9342,0.0,0.0,0.197,0.197,HOLD_CASH
2020-02-13,7,AIV,AVB,2.6261,182.9499,0.8616,-0.9958,0.0,0.0,0.197,0.197,HOLD_CASH
2020-02-14,7,AIV,AVB,2.6586,184.5232,0.8616,0.1036,0.0,0.0,0.197,0.197,HOLD_CASH
2020-02-18,7,AIV,AVB,2.662,184.9611,0.8616,-0.0707,0.0,0.0,0.197,0.197,HOLD_CASH
2020-02-19,7,AIV,AVB,2.6329,183.1202,0.8616,-0.6042,0.0,0.0,0.197,0.197,HOLD_CASH
2020-02-20,7,AIV,AVB,2.6761,184.215,0.8616,1.6576,0.0,0.0,0.197,0.197,HOLD_CASH
2020-02-21,7,AIV,AVB,2.6921,184.9206,0.8616,2.118,-1.0,0.0,0.1137,0.1137,ENTER_SHORT_A
2020-02-24,7,AIV,AVB,2.6591,183.112,0.8616,1.454,-1.0,0.1713,0.1137,0.285,HOLDING
2020-02-25,7,AIV,AVB,2.5999,179.5599,0.8616,0.302,0.0,0.0,0.4477,0.4477,EXIT
2020-02-26,7,AIV,AVB,2.5645,179.4059,0.8616,-2.1002,1.0,0.0,0.3643,0.3643,ENTER_LONG_A
2020-02-27,7,AIV,AVB,2.403,168.417,0.8616,-2.8709,1.0,-0.4576,0.3643,-0.0933,HOLDING
2020-02-28,7,AIV,AVB,2.321,162.6753,0.8616,-2.6372,1.0,-0.6544,0.3643,-0.2901,HOLDING
2020-03-02,7,AIV,AVB,2.401,170.039,0.8616,-2.4258,1.0,-0.8402,0.3643,-0.4758,HOLDING
2020-03-03,7,AIV,AVB,2.403,169.2766,0.8616,-1.734,1.0,-0.6424,0.3643,-0.2781,HOLDING
2020-03-04,7,AIV,AVB,2.4883,176.5674,0.8616,-1.6174,1.0,-0.7193,0.3643,-0.355,HOLDING
2020-03-05,7,AIV,AVB,2.4457,172.991,0.8616,-1.4149,1.0,-0.6957,0.3643,-0.3314,HOLDING
2020-03-06,7,AIV,AVB,2.4165,169.5443,0.8616,-0.9265,1.0,-0.4628,0.3643,-0.0985,HOLDING
2020-03-09,7,AIV,AVB,2.2894,159.9017,0.8616,-1.072,1.0,-0.6086,0.3643,-0.2442,HOLDING
2020-03-10,7,AIV,AVB,2.385,169.3658,0.8616,-1.4852,1.0,-0.9749,0.3643,-0.6106,HOLDING
2020-03-11,7,AIV,AVB,2.2322,158.8312,0.8616,-1.8816,1.0,-1.3777,0.3643,-1.0134,HOLDING
2020-03-12,7,AIV,AVB,2.0983,147.5828,0.8616,-1.5726,1.0,-1.2968,0.3643,-0.9325,HOLDING
2020-03-13,7,AIV,AVB,2.2341,156.6496,0.8616,-0.8407,1.0,-0.8749,0.3643,-0.5105,HOLDING
2020-03-16,7,AIV,AVB,1.7228,132.5715,0.8616,-3.6565,1.0,-4.6243,0.3643,-4.26,HOLDING
2020-03-17,7,AIV,AVB,1.812,147.2666,0.8616,-3.1309,1.0,-6.2252,0.3643,-5.8609,HOLDING
2020-03-18,7,AIV,AVB,1.5137,124.7942,0.8616,-2.7917,1.0,-6.6022,0.3643,-6.2379,HOLDING
2020-03-19,7,AIV,AVB,1.5132,118.8659,0.8616,-1.8376,1.0,-5.3362,0.3643,-4.9719,HOLDING
2020-03-20,7,AIV,AVB,1.3735,106.7417,0.8616,-1.6575,1.0,-5.1686,0.3643,-4.8043,HOLDING
2020-03-23,7,AIV,AVB,1.2269,98.1939,0.8616,-1.8856,1.0,-5.8885,0.3643,-5.5242,HOLDING
2020-03-24,7,AIV,AVB,1.2774,103.368,0.8616,-1.6868,1.0,-6.1201,0.3643,-5.7558,HOLDING
2020-03-25,7,AIV,AVB,1.4802,114.1703,0.8616,-0.8745,1.0,-4.9026,0.3643,-4.5383,HOLDING
2020-03-26,7,AIV,AVB,1.6015,122.5072,0.8616,-0.5938,1.0,-4.5778,0.3643,-4.2134,HOLDING
2020-03-27,7,AIV,AVB,1.6971,129.9764,0.8616,-0.4483,0.0,0.0,-4.2084,-4.2084,EXIT
2020-03-30,7,AIV,AVB,1.6874,124.5866,0.8616,-0.0278,0.0,0.0,-4.2084,-4.2084,HOLD_CASH
2020-03-31,7,AIV,AVB,1.7053,120.5484,0.8616,0.4972,0.0,0.0,-4.2084,-4.2084,HOLD_CASH
2020-04-01,7,AIV,AVB,1.568,113.0536,0.8616,0.1901,0.0,0.0,-4.2084,-4.2084,HOLD_CASH
2020-04-02,7,AIV,AVB,1.5146,110.8583,0.8616,0.0211,0.0,0.0,-4.2084,-4.2084,HOLD_CASH
2020-04-03,7,AIV,AVB,1.4865,108.3027,0.8616,0.1142,0.0,0.0,-4.2084,-4.2084,HOLD_CASH
2020-04-06,7,AIV,AVB,1.7233,118.8283,0.8616,1.1523,0.0,0.0,-4.2084,-4.2084,HOLD_CASH
2020-04-07,7,AIV,AVB,1.6718,120.6959,0.8616,0.5759,0.0,0.0,-4.2084,-4.2084,HOLD_CASH
2020-04-08,7,AIV,AVB,1.7727,131.6555,0.8616,0.3944,0.0,0.0,-4.2084,-4.2084,HOLD_CASH
2020-04-09,7,AIV,AVB,1.9392,137.0863,0.8616,1.3442,0.0,0.0,-4.2084,-4.2084,HOLD_CASH
2020-04-13,7,AIV,AVB,1.8606,132.2126,0.8616,1.2669,0.0,0.0,-4.2084,-4.2084,HOLD_CASH
2020-04-14,7,AIV,AVB,1.9159,136.816,0.8616,1.1492,0.0,0.0,-4.2084,-4.2084,HOLD_CASH
2020-04-15,7,AIV,AVB,1.8183,131.9423,0.8616,0.7106,0.0,0.0,-4.2084,-4.2084,HOLD_CASH
2020-04-16,7,AIV,AVB,1.7538,132.0815,0.8616,-0.0173,0.0,0.0,-4.2084,-4.2084,HOLD_CASH
2020-04-17,7,AIV,AVB,1.8994,139.5518,0.8616,0.5188,0.0,0.0,-4.2084,-4.2084,HOLD_CASH
2020-04-20,7,AIV,AVB,1.7815,131.4753,0.8616,0.2058,0.0,0.0,-4.2084,-4.2084,HOLD_CASH
2020-04-21,7,AIV,AVB,1.7344,129.6242,0.8616,-0.2298,0.0,0.0,-4.2084,-4.2084,HOLD_CASH
2020-04-22,7,AIV,AVB,1.7922,130.9265,0.8616,0.246,0.0,0.0,-4.2084,-4.2084,HOLD_CASH
2020-04-23,7,AIV,AVB,1.7048,128.9689,0.8616,-1.1043,0.0,0.0,-4.2084,-4.2084,HOLD_CASH
2020-04-24,7,AIV,AVB,1.7024,129.7307,0.8616,-1.4047,0.0,0.0,-4.2084,-4.2084,HOLD_CASH
2020-04-27,7,AIV,AVB,1.7742,131.6719,0.8616,-0.4467,0.0,0.0,-4.2084,-4.2084,HOLD_CASH
2020-04-28,7,AIV,AVB,1.8053,133.0808,0.8616,-0.1465,0.0,0.0,-4.2084,-4.2084,HOLD_CASH
2020-04-29,7,AIV,AVB,1.8441,135.8167,0.8616,0.0521,0.0,0.0,-4.2084,-4.2084,HOLD_CASH
2020-04-30,7,AIV,AVB,1.8276,133.474,0.8616,0.276,0.0,0.0,-4.2084,-4.2084,HOLD_CASH
2020-05-01,7,AIV,AVB,1.7693,129.7798,0.8616,-0.0997,0.0,0.0,-4.2084,-4.2084,HOLD_CASH
2020-05-04,7,AIV,AVB,1.7664,129.5505,0.8616,-0.1456,0.0,0.0,-4.2084,-4.2084,HOLD_CASH
2020-05-05,7,AIV,AVB,1.7752,130.517,0.8616,-0.1122,0.0,0.0,-4.2084,-4.2084,HOLD_CASH
2020-05-06,7,AIV,AVB,1.748,128.4364,0.8616,-0.1662,0.0,0.0,-4.2084,-4.2084,HOLD_CASH
2020-05-07,7,AIV,AVB,1.8019,131.4181,0.8616,0.2985,0.0,0.0,-4.2084,-4.2084,HOLD_CASH
2020-05-08,7,AIV,AVB,1.8358,134.3013,0.8616,0.4409,0.0,0.0,-4.2084,-4.2084,HOLD_CASH
2020-05-11,7,AIV,AVB,1.7917,128.7969,0.8616,1.2092,0.0,0.0,-4.2084,-4.2084,HOLD_CASH
2020-05-12,7,AIV,AVB,1.7174,124.0952,0.8616,0.7662,0.0,0.0,-4.2084,-4.2084,HOLD_CASH
2020-05-13,7,AIV,AVB,1.6631,123.7348,0.8616,-1.0934,0.0,0.0,-4.2084,-4.2084,HOLD_CASH
2020-05-14,7,AIV,AVB,1.6474,124.3901,0.8616,-1.8761,0.0,0.0,-4.2084,-4.2084,HOLD_CASH
2020-05-15,7,AIV,AVB,1.6503,123.1532,0.8616,-1.1047,0.0,0.0,-4.2084,-4.2084,HOLD_CASH
2020-05-18,7,AIV,AVB,1.7917,129.8126,0.8616,1.08,0.0,0.0,-4.2084,-4.2084,HOLD_CASH
2020-05-19,7,AIV,AVB,1.7294,126.6754,0.8616,0.1761,0.0,0.0,-4.2084,-4.2084,HOLD_CASH
2020-05-20,7,AIV,AVB,1.7613,127.642,0.8616,0.8654,0.0,0.0,-4.2084,-4.2084,HOLD_CASH
2020-05-21,7,AIV,AVB,1.7569,126.2904,0.8616,1.1665,0.0,0.0,-4.2084,-4.2084,HOLD_CASH
2020-05-22,7,AIV,AVB,1.7628,125.8726,0.8616,1.5038,0.0,0.0,-4.2084,-4.2084,HOLD_CASH
2020-05-26,7,AIV,AVB,1.8448,131.3934,0.8616,1.7922,0.0,0.0,-4.2084,-4.2084,HOLD_CASH
2020-05-27,7,AIV,AVB,1.833,130.1566,0.8616,1.6553,0.0,0.0,-4.2084,-4.2084,HOLD_CASH
2020-05-28,7,AIV,AVB,1.8256,130.2631,0.8616,1.246,0.0,0.0,-4.2084,-4.2084,HOLD_CASH
2020-05-29,7,AIV,AVB,1.8104,127.7894,0.8616,1.5171,0.0,0.0,-4.2084,-4.2084,HOLD_CASH
2020-06-01,7,AIV,AVB,1.8634,131.4016,0.8616,1.5544,0.0,0.0,-4.2084,-4.2084,HOLD_CASH
2020-06-02,7,AIV,AVB,1.8507,130.0501,0.8616,1.4621,0.0,0.0,-4.2084,-4.2084,HOLD_CASH
2019-12-02,8,AEE,ED,61.2086,68.2801,0.8487,0.0,0.0,0.0,0.0,0.0,HOLD_CASH
2019-12-03,8,AEE,ED,61.3165,68.8707,0.8487,0.0,0.0,0.0,0.0,0.0,HOLD_CASH
2019-12-04,8,AEE,ED,61.7735,69.2617,0.8487,0.0,0.0,0.0,0.0,0.0,HOLD_CASH
2019-12-05,8,AEE,ED,62.3799,69.1899,0.8487,0.0,0.0,0.0,0.0,0.0,HOLD_CASH
2019-12-06,8,AEE,ED,62.463,69.2697,0.8487,0.0,0.0,0.0,0.0,0.0,HOLD_CASH
2019-12-09,8,AEE,ED,62.2636,69.0862,0.8487,0.0,0.0,0.0,0.0,0.0,HOLD_CASH
2019-12-10,8,AEE,ED,62.3765,69.2777,0.8487,0.0,0.0,0.0,0.0,0.0,HOLD_CASH
2019-12-11,8,AEE,ED,62.6775,69.9082,0.8487,0.0,0.0,0.0,0.0,0.0,HOLD_CASH
2019-12-12,8,AEE,ED,62.4768,69.8524,0.8487,0.0,0.0,0.0,0.0,0.0,HOLD_CASH
2019-12-13,8,AEE,ED,62.7361,70.0998,0.8487,0.0,0.0,0.0,0.0,0.0,HOLD_CASH
2019-12-16,8,AEE,ED,63.3549,70.419,0.8487,0.0,0.0,0.0,0.0,0.0,HOLD_CASH
2019-12-17,8,AEE,ED,63.2295,70.6585,0.8487,0.0,0.0,0.0,0.0,0.0,HOLD_CASH
2019-12-18,8,AEE,ED,63.5807,71.0336,0.8487,0.0,0.0,0.0,0.0,0.0,HOLD_CASH
2019-12-19,8,AEE,ED,63.0957,71.5923,0.8487,0.0,0.0,0.0,0.0,0.0,HOLD_CASH
2019-12-20,8,AEE,ED,64.0323,72.3345,0.8487,0.0,0.0,0.0,0.0,0.0,HOLD_CASH
2019-12-23,8,AEE,ED,63.2545,71.6562,0.8487,0.0,0.0,0.0,0.0,0.0,HOLD_CASH
2019-12-24,8,AEE,ED,63.3465,71.5684,0.8487,0.0,0.0,0.0,0.0,0.0,HOLD_CASH
2019-12-26,8,AEE,ED,63.2545,71.5524,0.8487,0.0,0.0,0.0,0.0,0.0,HOLD_CASH
2019-12-27,8,AEE,ED,63.8065,71.7838,0.8487,0.0,0.0,0.0,0.0,0.0,HOLD_CASH
2019-12-30,8,AEE,ED,64.0239,71.9834,0.8487,-0.0574,0.0,0.0,0.0,0.0,HOLD_CASH
2019-12-31,8,AEE,ED,64.2246,72.2069,0.8487,0.0237,0.0,0.0,0.0,0.0,HOLD_CASH
2020-01-02,8,AEE,ED,63.5974,70.9219,0.8487,0.8734,0.0,0.0,0.0,0.0,HOLD_CASH
2020-01-03,8,AEE,ED,63.6225,70.7383,0.8487,1.1937,0.0,0.0,0.0,0.0,HOLD_CASH
2020-01-06,8,AEE,ED,63.681,70.5068,0.8487,1.6891,0.0,0.0,0.0,0.0,HOLD_CASH
2020-01-07,8,AEE,ED,63.9152,69.9721,0.8487,2.6062,-1.0,0.0,-0.0833,-0.0833,ENTER_SHORT_A
2020-01-08,8,AEE,ED,63.8065,69.4134,0.8487,2.5416,-1.0,-0.2288,-0.0833,-0.3121,HOLDING
2020-01-09,8,AEE,ED,64.049,69.3416,0.8487,2.4003,-1.0,-0.4391,-0.0833,-0.5224,HOLDING
2020-01-10,8,AEE,ED,64.4002,69.8284,0.8487,1.979,-1.0,-0.4206,-0.0833,-0.504,HOLDING
2020-01-13,8,AEE,ED,64.9187,70.0678,0.8487,1.9867,-1.0,-0.6554,-0.0833,-0.7387,HOLDING
2020-01-14,8,AEE,ED,64.902,70.0599,0.8487,1.7078,-1.0,-0.648,-0.0833,-0.7313,HOLDING
2020-01-15,8,AEE,ED,65.3954,71.0017,0.8487,1.3221,-1.0,-0.481,-0.0833,-0.5643,HOLDING
2020-01-16,8,AEE,ED,66.24,71.1693,0.8487,1.7075,-1.0,-0.985,-0.0833,-1.0684,HOLDING
2020-01-17,8,AEE,ED,66.6916,72.0233,0.8487,1.3566,-1.0,-0.8366,-0.0833,-0.92,HOLDING
2020-01-21,8,AEE,ED,66.9257,72.4942,0.8487,1.1358,-1.0,-0.7443,-0.0833,-0.8276,HOLDING
2020-01-22,8,AEE,ED,66.8254,72.7576,0.8487,0.8038,-1.0,-0.5295,-0.0833,-0.6128,HOLDING
2020-01-23,8,AEE,ED,67.1515,74.0425,0.8487,0.1812,0.0,0.0,-0.2281,-0.2281,EXIT
2020-01-24,8,AEE,ED,67.2268,74.713,0.8487,-0.2858,0.0,0.0,-0.2281,-0.2281,HOLD_CASH
2020-01-27,8,AEE,ED,66.9926,74.5533,0.8487,-0.5052,0.0,0.0,-0.2281,-0.2281,HOLD_CASH
2020-01-28,8,AEE,ED,67.1682,75.1679,0.8487,-0.8957,0.0,0.0,-0.2281,-0.2281,HOLD_CASH
2020-01-29,8,AEE,ED,67.7536,75.3754,0.8487,-0.5409,0.0,0.0,-0.2281,-0.2281,HOLD_CASH
2020-01-30,8,AEE,ED,68.4895,75.6149,0.8487,-0.002,0.0,0.0,-0.2281,-0.2281,HOLD_CASH
2020-01-31,8,AEE,ED,68.615,75.0242,0.8487,0.669,0.0,0.0,-0.2281,-0.2281,HOLD_CASH
2020-02-03,8,AEE,ED,69.1,74.9045,0.8487,1.3584,0.0,0.0,-0.2281,-0.2281,HOLD_CASH
2020-02-04,8,AEE,ED,68.799,73.859,0.8487,1.8674,0.0,0.0,-0.2281,-0.2281,HOLD_CASH
2020-02-05,8,AEE,ED,69.1418,74.5454,0.8487,1.4126,0.0,0.0,-0.2281,-0.2281,HOLD_CASH
2020-02-06,8,AEE,ED,69.5516,74.6012,0.8487,1.6514,0.0,0.0,-0.2281,-0.2281,HOLD_CASH
2020-02-07,8,AEE,ED,69.9111,74.0505,0.8487,2.1511,-1.0,0.0,-0.3115,-0.3115,ENTER_SHORT_A
2020-02-10,8,AEE,ED,70.2289,74.29,0.8487,1.9261,-1.0,-0.0812,-0.3115,-0.3927,HOLDING
2020-02-11,8,AEE,ED,70.4714,74.3698,0.8487,1.8016,-1.0,-0.1963,-0.3115,-0.5078,HOLDING
2020-02-12,8,AEE,ED,70.7223,74.1224,0.8487,1.8602,-1.0,-0.4859,-0.3115,-0.7974,HOLDING
2020-02-13,8,AEE,ED,71.7091,74.7369,0.8487,1.8865,-1.0,-0.8047,-0.3115,-1.1161,HOLDING
2020-02-14,8,AEE,ED,72.5788,75.2637,0.8487,1.8643,-1.0,-1.0933,-0.3115,-1.4048,HOLDING
2020-02-18,8,AEE,ED,72.5454,75.9195,0.8487,1.3648,-1.0,-0.7329,-0.3115,-1.0444,HOLDING
2020-02-19,8,AEE,ED,71.8178,75.5413,0.8487,1.0239,-1.0,-0.4592,-0.3115,-0.7707,HOLDING
2020-02-20,8,AEE,ED,71.6339,76.1046,0.8487,0.6061,-1.0,-0.0496,-0.3115,-0.3611,HOLDING
2020-02-21,8,AEE,ED,71.3662,72.564,0.8487,1.7925,-1.0,-1.7062,-0.3115,-2.0176,HOLDING
2020-02-24,8,AEE,ED,70.9314,71.5261,0.8487,1.7765,-1.0,-1.962,-0.3115,-2.2735,HOLDING
2020-02-25,8,AEE,ED,69.8777,71.011,0.8487,1.3338,-1.0,-1.5487,-0.3115,-1.8602,HOLDING
2020-02-26,8,AEE,ED,71.2575,70.5605,0.8487,2.0033,-1.0,-2.6712,-0.3115,-2.9827,HOLDING
2020-02-27,8,AEE,ED,68.2135,66.9395,0.8487,1.842,-1.0,-2.5792,-0.3115,-2.8907,HOLDING
2020-02-28,8,AEE,ED,66.0644,63.4231,0.8487,2.0428,-1.0,-3.0101,-0.3115,-3.3216,HOLDING
2020-03-02,8,AEE,ED,70.5969,68.0177,0.8487,1.9844,-1.0,-3.5589,-0.3115,-3.8703,HOLDING
2020-03-03,8,AEE,ED,69.5432,67.4625,0.8487,1.5428,-1.0,-3.1663,-0.3115,-3.4778,HOLDING
2020-03-04,8,AEE,ED,72.813,70.8179,0.8487,1.5137,-1.0,-3.5411,-0.3115,-3.8525,HOLDING
2020-03-05,8,AEE,ED,71.96,70.4719,0.8487,1.1659,-1.0,-3.1698,-0.3115,-3.4813,HOLDING
2020-03-06,8,AEE,ED,71.3746,70.7294,0.8487,0.7256,-1.0,-2.6594,-0.3115,-2.9708,HOLDING
2020-03-09,8,AEE,ED,68.2386,71.341,0.8487,-1.0643,-1.0,-0.3214,-0.3115,-0.6329,HOLDING
2020-03-10,8,AEE,ED,69.4881,71.9364,0.8487,-0.7353,-1.0,-0.8194,-0.3115,-1.1309,HOLDING
2020-03-11,8,AEE,ED,68.0409,69.6029,0.8487,-0.5468,-1.0,-1.0919,-0.3115,-1.4034,HOLDING
2020-03-12,8,AEE,ED,60.9146,67.4223,0.8487,-2.7467,-1.0,2.3764,-0.3115,2.0649,HOLDING
2020-03-13,8,AEE,ED,64.0697,70.8662,0.8487,-2.1114,-1.0,2.1213,-0.3115,1.8098,HOLDING
2020-03-16,8,AEE,ED,55.4878,64.0105,0.8487,-2.6565,-1.0,4.1128,-0.3115,3.8013,HOLDING
2020-03-17,8,AEE,ED,65.3654,75.5413,0.8487,-1.8833,-1.0,3.7012,-0.3115,3.3897,HOLDING
2020-03-18,8,AEE,ED,64.0697,74.1895,0.8487,-1.7202,-1.0,3.8382,-0.3115,3.5267,HOLDING
2020-03-19,8,AEE,ED,60.4771,64.4451,0.8487,-0.686,-1.0,1.1204,-0.3115,0.8089,HOLDING
2020-03-20,8,AEE,ED,52.9469,58.4101,0.8487,-1.3247,-1.0,2.8578,-0.3115,2.5463,HOLDING
2020-03-23,8,AEE,ED,51.6344,52.5844,0.8487,-0.3022,0.0,0.0,0.3224,0.3224,EXIT
2020-03-24,8,AEE,ED,54.9325,56.7364,0.8487,-0.304,0.0,0.0,0.3224,0.3224,HOLD_CASH
2020-03-25,8,AEE,ED,56.8256,57.0744,0.8487,0.1801,0.0,0.0,0.3224,0.3224,HOLD_CASH
2020-03-26,8,AEE,ED,61.2427,61.0896,0.8487,0.4823,0.0,0.0,0.3224,0.3224,HOLD_CASH
2020-03-27,8,AEE,ED,62.4627,62.6829,0.8487,0.5017,0.0,0.0,0.3224,0.3224,HOLD_CASH
2020-03-30,8,AEE,ED,65.7693,64.96,0.8487,0.9098,0.0,0.0,0.3224,0.3224,HOLD_CASH
2020-03-31,8,AEE,ED,61.2764,62.7633,0.8487,0.2672,0.0,0.0,0.3224,0.3224,HOLD_CASH
2020-04-01,8,AEE,ED,56.9854,62.4495,0.8487,-0.8762,0.0,0.0,0.3224,0.3224,HOLD_CASH
2020-04-02,8,AEE,ED,60.3004,63.5117,0.8487,0.0022,0.0,0.0,0.3224,0.3224,HOLD_CASH
2020-04-03,8,AEE,ED,57.8436,62.6829,0.8487,-0.5404,0.0,0.0,0.3224,0.3224,HOLD_CASH
2020-04-06,8,AEE,ED,62.5048,65.2175,0.8487,0.4251,0.0,0.0,0.3224,0.3224,HOLD_CASH
2020-04-07,8,AEE,ED,60.1826,64.3083,0.8487,-0.09,0.0,0.0,0.3224,0.3224,HOLD_CASH
2020-04-08,8,AEE,ED,63.9519,67.4545,0.8487,0.4147,0.0,0.0,0.3224,0.3224,HOLD_CASH
2020-04-09,8,AEE,ED,66.4676,70.7616,0.8487,0.3176,0.0,0.0,0.3224,0.3224,HOLD_CASH
2020-04-13,8,AEE,ED,63.792,68.2672,0.8487,0.0378,0.0,0.0,0.3224,0.3224,HOLD_CASH
2020-04-14,8,AEE,ED,64.9279,71.856,0.8487,-0.7118,0.0,0.0,0.3224,0.3224,HOLD_CASH
2020-04-15,8,AEE,ED,63.5228,69.9811,0.8487,-0.7936,0.0,0.0,0.3224,0.3224,HOLD_CASH
2020-04-16,8,AEE,ED,65.0036,71.1398,0.8487,-0.676,0.0,0.0,0.3224,0.3224,HOLD_CASH
2020-04-17,8,AEE,ED,65.4832,72.0652,0.8487,-0.7542,0.0,0.0,0.3224,0.3224,HOLD_CASH
2020-04-20,8,AEE,ED,61.6213,68.7741,0.8487,-1.4701,0.0,0.0,0.3224,0.3224,HOLD_CASH
2020-04-21,8,AEE,ED,62.2776,67.1809,0.8487,-0.4702,0.0,0.0,0.3224,0.3224,HOLD_CASH
2020-04-22,8,AEE,ED,64.5998,67.6878,0.8487,0.4591,0.0,0.0,0.3224,0.3224,HOLD_CASH
2020-04-23,8,AEE,ED,62.4206,65.8049,0.8487,0.1813,0.0,0.0,0.3224,0.3224,HOLD_CASH
2020-04-24,8,AEE,ED,61.9579,66.4969,0.8487,-0.2649,0.0,0.0,0.3224,0.3224,HOLD_CASH
2020-04-27,8,AEE,ED,61.7728,66.5211,0.8487,-0.2984,0.0,0.0,0.3224,0.3224,HOLD_CASH
2020-04-28,8,AEE,ED,62.4711,66.8671,0.8487,0.1405,0.0,0.0,0.3224,0.3224,HOLD_CASH
2020-04-29,8,AEE,ED,62.7824,65.4026,0.8487,1.4463,0.0,0.0,0.3224,0.3224,HOLD_CASH
2020-04-30,8,AEE,ED,61.2091,63.407,0.8487,1.3729,0.0,0.0,0.3224,0.3224,HOLD_CASH
2020-05-01,8,AEE,ED,60.1153,62.1598,0.8487,1.2214,0.0,0.0,0.3224,0.3224,HOLD_CASH
2020-05-04,8,AEE,ED,60.1069,62.0069,0.8487,1.198,0.0,0.0,0.3224,0.3224,HOLD_CASH
2020-05-05,8,AEE,ED,60.7043,62.3932,0.8487,1.3816,0.0,0.0,0.3224,0.3224,HOLD_CASH
2020-05-06,8,AEE,ED,58.7607,59.8505,0.8487,1.3591,0.0,0.0,0.3224,0.3224,HOLD_CASH
2020-05-07,8,AEE,ED,58.6008,59.601,0.8487,1.3012,0.0,0.0,0.3224,0.3224,HOLD_CASH
2020-05-08,8,AEE,ED,59.6189,59.6895,0.8487,1.7902,0.0,0.0,0.3224,0.3224,HOLD_CASH
2020-05-11,8,AEE,ED,59.5937,58.4504,0.8487,2.0888,-1.0,0.0,0.2391,0.2391,ENTER_SHORT_A
2020-05-12,8,AEE,ED,58.0287,58.2186,0.8487,1.1109,-1.0,1.032,0.2391,1.2711,HOLDING
2020-05-13,8,AEE,ED,57.5071,58.1129,0.8487,0.7482,-1.0,1.3574,0.2391,1.5965,HOLDING
2020-05-14,8,AEE,ED,57.8184,58.2593,0.8487,0.7903,-1.0,1.2177,0.2391,1.4568,HOLDING
2020-05-15,8,AEE,ED,57.852,57.2183,0.8487,1.2965,-1.0,0.511,0.2391,0.7501,HOLDING
2020-05-18,8,AEE,ED,60.7716,59.4547,0.8487,1.9148,-1.0,-0.2336,0.2391,0.0054,HOLDING
2020-05-19,8,AEE,ED,59.4422,57.6412,0.8487,1.8567,-1.0,-0.4151,0.2391,-0.176,HOLDING
2020-05-20,8,AEE,ED,59.173,57.5273,0.8487,1.5254,-1.0,-0.2859,0.2391,-0.0469,HOLDING
2020-05-21,8,AEE,ED,58.3064,56.8605,0.8487,1.1966,-1.0,-0.0669,0.2391,0.1722,HOLDING
2020-05-22,8,AEE,ED,58.7439,57.0719,0.8487,1.2609,-1.0,-0.2594,0.2391,-0.0204,HOLDING
2020-05-26,8,AEE,ED,59.5348,57.8933,0.8487,1.243,-1.0,-0.3201,0.2391,-0.081,HOLDING
2020-05-27,8,AEE,ED,59.3244,57.9421,0.8487,0.9976,-1.0,-0.129,0.2391,0.11,HOLDING
2020-05-28,8,AEE,ED,62.2103,59.4872,0.8487,1.9266,-1.0,-1.3006,0.2391,-1.0615,HOLDING
2020-05-29,8,AEE,ED,62.875,61.0405,0.8487,1.2764,-1.0,-0.7867,0.2391,-0.5477,HOLDING
2020-06-01,8,AEE,ED,62.5721,61.0486,0.8487,0.9591,-1.0,-0.5523,0.2391,-0.3132,HOLDING
2020-06-02,8,AEE,ED,63.0264,60.8453,0.8487,1.3254,-1.0,0.0,-0.8775,-0.8775,PERIOD_END_EXIT
2019-12-02,9,CMS,EQR,50.4781,65.7555,0.941,0.0,0.0,0.0,0.0,0.0,HOLD_CASH
2019-12-03,9,CMS,EQR,50.6937,66.0311,0.941,0.0,0.0,0.0,0.0,0.0,HOLD_CASH
2019-12-04,9,CMS,EQR,51.1747,66.3461,0.941,0.0,0.0,0.0,0.0,0.0,HOLD_CASH
2019-12-05,9,CMS,EQR,51.2825,66.5745,0.941,0.0,0.0,0.0,0.0,0.0,HOLD_CASH
2019-12-06,9,CMS,EQR,50.9674,66.4957,0.941,0.0,0.0,0.0,0.0,0.0,HOLD_CASH
2019-12-09,9,CMS,EQR,50.8181,66.5824,0.941,0.0,0.0,0.0,0.0,0.0,HOLD_CASH
2019-12-10,9,CMS,EQR,50.9508,66.2595,0.941,0.0,0.0,0.0,0.0,0.0,HOLD_CASH
2019-12-11,9,CMS,EQR,50.9591,65.1097,0.941,0.0,0.0,0.0,0.0,0.0,HOLD_CASH
2019-12-12,9,CMS,EQR,50.3952,64.401,0.941,0.0,0.0,0.0,0.0,0.0,HOLD_CASH
2019-12-13,9,CMS,EQR,50.5776,63.7946,0.941,0.0,0.0,0.0,0.0,0.0,HOLD_CASH
2019-12-16,9,CMS,EQR,51.3074,64.1805,0.941,0.0,0.0,0.0,0.0,0.0,HOLD_CASH
2019-12-17,9,CMS,EQR,51.4815,63.0859,0.941,0.0,0.0,0.0,0.0,0.0,HOLD_CASH
2019-12-18,9,CMS,EQR,51.6971,63.2276,0.941,0.0,0.0,0.0,0.0,0.0,HOLD_CASH
2019-12-19,9,CMS,EQR,51.7469,63.2828,0.941,0.0,0.0,0.0,0.0,0.0,HOLD_CASH
2019-12-20,9,CMS,EQR,52.3274,63.2355,0.941,0.0,0.0,0.0,0.0,0.0,HOLD_CASH
2019-12-23,9,CMS,EQR,51.6557,62.7709,0.941,0.0,0.0,0.0,0.0,0.0,HOLD_CASH
2019-12-24,9,CMS,EQR,51.6474,63.2985,0.941,0.0,0.0,0.0,0.0,0.0,HOLD_CASH
2019-12-26,9,CMS,EQR,51.6474,63.4639,0.941,0.0,0.0,0.0,0.0,0.0,HOLD_CASH
2019-12-27,9,CMS,EQR,51.863,63.7474,0.941,0.0,0.0,0.0,0.0,0.0,HOLD_CASH
2019-12-30,9,CMS,EQR,51.9045,63.5663,0.941,0.9406,0.0,0.0,0.0,0.0,HOLD_CASH
2019-12-31,9,CMS,EQR,52.1118,64.1753,0.941,0.6851,0.0,0.0,0.0,0.0,HOLD_CASH
2020-01-02,9,CMS,EQR,51.1747,63.2633,0.941,0.4434,0.0,0.0,0.0,0.0,HOLD_CASH
2020-01-03,9,CMS,EQR,51.6723,64.0802,0.941,0.2841,0.0,0.0,0.0,0.0,HOLD_CASH
2020-01-06,9,CMS,EQR,51.9045,64.2626,0.941,0.2821,0.0,0.0,0.0,0.0,HOLD_CASH
2020-01-07,9,CMS,EQR,51.6391,63.3109,0.941,0.5845,0.0,0.0,0.0,0.0,HOLD_CASH
2020-01-08,9,CMS,EQR,51.6225,63.4457,0.941,0.4013,0.0,0.0,0.0,0.0,HOLD_CASH
2020-01-09,9,CMS,EQR,52.0206,63.7709,0.941,0.5026,0.0,0.0,0.0,0.0,HOLD_CASH
2020-01-10,9,CMS,EQR,52.2942,64.445,0.941,0.0722,0.0,0.0,0.0,0.0,HOLD_CASH
2020-01-13,9,CMS,EQR,52.8167,65.2539,0.941,-0.2895,0.0,0.0,0.0,0.0,HOLD_CASH
2020-01-14,9,CMS,EQR,52.9825,64.3657,0.941,1.5308,0.0,0.0,0.0,0.0,HOLD_CASH
2020-01-15,9,CMS,EQR,53.6542,65.0874,0.941,1.7615,0.0,0.0,0.0,0.0,HOLD_CASH
2020-01-16,9,CMS,EQR,54.2182,65.4363,0.941,2.1086,-1.0,0.0,-0.0833,-0.0833,ENTER_SHORT_A
2020-01-17,9,CMS,EQR,54.4421,65.4284,0.941,2.1705,-1.0,-0.1822,-0.0833,-0.2655,HOLDING
2020-01-21,9,CMS,EQR,54.9064,66.0629,0.941,1.8121,-1.0,-0.1582,-0.0833,-0.2415,HOLDING
2020-01-22,9,CMS,EQR,55.1884,65.3412,0.941,2.6308,-1.0,-0.8271,-0.0833,-0.9104,HOLDING
2020-01-23,9,CMS,EQR,55.6528,65.8884,0.941,2.1961,-1.0,-0.8569,-0.0833,-0.9403,HOLDING
2020-01-24,9,CMS,EQR,55.9679,65.6346,0.941,2.2715,-1.0,-1.2631,-0.0833,-1.3465,HOLDING
2020-01-27,9,CMS,EQR,55.7689,65.3015,0.941,1.9663,-1.0,-1.3112,-0.0833,-1.3945,HOLDING
2020-01-28,9,CMS,EQR,55.6196,65.6029,0.941,1.4172,-1.0,-1.0069,-0.0833,-1.0903,HOLDING
2020-01-29,9,CMS,EQR,55.8186,65.246,0.941,1.6166,-1.0,-1.3849,-0.0833,-1.4682,HOLDING
2020-01-30,9,CMS,EQR,56.4489,66.5942,0.941,1.1196,-1.0,-1.0516,-0.0833,-1.1349,HOLDING
2020-01-31,9,CMS,EQR,56.8138,65.8884,0.941,1.6543,-1.0,-1.7763,-0.0833,-1.8596,HOLDING
2020-02-03,9,CMS,EQR,56.7889,65.698,0.941,1.5704,-1.0,-1.8741,-0.0833,-1.9574,HOLDING
2020-02-04,9,CMS,EQR,55.8684,66.3325,0.941,0.3952,0.0,0.0,-0.922,-0.922,EXIT
2020-02-05,9,CMS,EQR,56.3162,66.0708,0.941,0.8436,0.0,0.0,-0.922,-0.922,HOLD_CASH
2020-02-06,9,CMS,EQR,56.1644,66.5149,0.941,0.3475,0.0,0.0,-0.922,-0.922,HOLD_CASH
2020-02-07,9,CMS,EQR,56.0142,66.7766,0.941,-0.0486,0.0,0.0,-0.922,-0.922,HOLD_CASH
2020-02-10,9,CMS,EQR,56.3646,67.3635,0.941,-0.2719,0.0,0.0,-0.922,-0.922,HOLD_CASH
2020-02-11,9,CMS,EQR,56.2061,67.2445,0.941,-0.5261,0.0,0.0,-0.922,-0.922,HOLD_CASH
2020-02-12,9,CMS,EQR,56.1978,67.2445,0.941,-0.6535,0.0,0.0,-0.922,-0.922,HOLD_CASH
2020-02-13,9,CMS,EQR,56.665,67.5855,0.941,-0.5033,0.0,0.0,-0.922,-0.922,HOLD_CASH
2020-02-14,9,CMS,EQR,57.1572,68.5689,0.941,-1.0169,0.0,0.0,-0.922,-0.922,HOLD_CASH
2020-02-18,9,CMS,EQR,57.4492,68.4183,0.941,-0.4475,0.0,0.0,-0.922,-0.922,HOLD_CASH
2020-02-19,9,CMS,EQR,57.1322,67.6807,0.941,-0.0912,0.0,0.0,-0.922,-0.922,HOLD_CASH
2020-02-20,9,CMS,EQR,57.2239,68.5214,0.941,-1.046,0.0,0.0,-0.922,-0.922,HOLD_CASH
2020-02-21,9,CMS,EQR,57.1071,69.0051,0.941,-1.6761,0.0,0.0,-0.922,-0.922,HOLD_CASH
2020-02-24,9,CMS,EQR,56.9403,68.0376,0.941,-0.6523,0.0,0.0,-0.922,-0.922,HOLD_CASH
2020-02-25,9,CMS,EQR,55.7639,66.2294,0.941,-0.1823,0.0,0.0,-0.922,-0.922,HOLD_CASH
2020-02-26,9,CMS,EQR,55.4302,66.1104,0.941,-0.5393,0.0,0.0,-0.922,-0.922,HOLD_CASH
2020-02-27,9,CMS,EQR,52.4101,62.2244,0.941,-0.376,0.0,0.0,-0.922,-0.922,HOLD_CASH
2020-02-28,9,CMS,EQR,50.4078,59.5597,0.941,-0.116,0.0,0.0,-0.922,-0.922,HOLD_CASH
2020-03-02,9,CMS,EQR,53.5113,62.7082,0.941,1.2394,0.0,0.0,-0.922,-0.922,HOLD_CASH
2020-03-03,9,CMS,EQR,53.6615,62.3037,0.941,2.5995,-1.0,0.0,-1.0053,-1.0053,ENTER_SHORT_A
2020-03-04,9,CMS,EQR,57.0237,64.2626,0.941,3.5377,-1.0,-1.4198,-1.0053,-2.4251,HOLDING
2020-03-05,9,CMS,EQR,56.5064,62.9461,0.941,2.9778,-1.0,-1.8596,-1.0053,-2.8649,HOLDING
2020-03-06,9,CMS,EQR,56.6399,61.5741,0.941,2.9015,-1.0,-2.8561,-1.0053,-3.8614,HOLDING
2020-03-09,9,CMS,EQR,54.5792,59.06,0.941,2.3541,-1.0,-2.8376,-1.0053,-3.8429,HOLDING
2020-03-10,9,CMS,EQR,54.6543,63.3902,0.941,0.2333,0.0,0.0,-1.1799,-1.1799,EXIT
2020-03-11,9,CMS,EQR,52.7688,59.5597,0.941,0.8982,0.0,0.0,-1.1799,-1.1799,HOLD_CASH
2020-03-12,9,CMS,EQR,49.1313,55.5229,0.941,0.6561,0.0,0.0,-1.1799,-1.1799,HOLD_CASH
2020-03-13,9,CMS,EQR,52.0513,58.378,0.941,0.8997,0.0,0.0,-1.1799,-1.1799,HOLD_CASH
2020-03-16,9,CMS,EQR,47.5128,48.5043,0.941,2.6473,-1.0,0.0,-1.2633,-1.2633,ENTER_SHORT_A
2020-03-17,9,CMS,EQR,54.0787,52.7075,0.941,2.819,-1.0,-2.432,-1.2633,-3.6953,HOLDING
2020-03-18,9,CMS,EQR,50.5913,48.2743,0.941,2.436,-1.0,-2.9734,-1.2633,-4.2366,HOLDING
2020-03-19,9,CMS,EQR,47.129,48.0681,0.941,1.2297,-1.0,-0.0165,-1.2633,-1.2798,HOLDING
2020-03-20,9,CMS,EQR,41.3391,44.2896,0.941,0.3238,0.0,0.0,0.7307,0.7307,EXIT
2020-03-23,9,CMS,EQR,40.4714,41.1655,0.941,0.9855,0.0,0.0,0.7307,0.7307,HOLD_CASH
2020-03-24,9,CMS,EQR,42.9075,41.7743,0.941,1.5114,0.0,0.0,0.7307,0.7307,HOLD_CASH
2020-03-25,9,CMS,EQR,44.4843,43.7128,0.941,1.2725,0.0,0.0,0.7307,0.7307,HOLD_CASH
2020-03-26,9,CMS,EQR,47.5045,47.4456,0.941,0.9974,0.0,0.0,0.7307,0.7307,HOLD_CASH
2020-03-27,9,CMS,EQR,48.5807,50.2092,0.941,0.4341,0.0,0.0,0.7307,0.7307,HOLD_CASH
2020-03-30,9,CMS,EQR,51.6759,50.1291,0.941,1.3593,0.0,0.0,0.7307,0.7307,HOLD_CASH
2020-03-31,9,CMS,EQR,49.0145,49.4322,0.941,0.6115,0.0,0.0,0.7307,0.7307,HOLD_CASH
2020-04-01,9,CMS,EQR,46.4783,46.2201,0.941,0.7114,0.0,0.0,0.7307,0.7307,HOLD_CASH
2020-04-02,9,CMS,EQR,47.4377,43.7128,0.941,1.7662,0.0,0.0,0.7307,0.7307,HOLD_CASH
2020-04-03,9,CMS,EQR,45.5105,43.4645,0.941,1.04,0.0,0.0,0.7307,0.7307,HOLD_CASH
2020-04-06,9,CMS,EQR,49.098,48.1506,0.941,0.6275,0.0,0.0,0.7307,0.7307,HOLD_CASH
2020-04-07,9,CMS,EQR,47.8382,48.6072,0.941,-0.0652,0.0,0.0,0.7307,0.7307,HOLD_CASH
2020-04-08,9,CMS,EQR,50.5913,52.2679,0.941,-0.4135,0.0,0.0,0.7307,0.7307,HOLD_CASH
2020-04-09,9,CMS,EQR,52.0013,55.6083,0.941,-1.2447,0.0,0.0,0.7307,0.7307,HOLD_CASH
2020-04-13,9,CMS,EQR,51.0252,53.2692,0.941,-0.9501,0.0,0.0,0.7307,0.7307,HOLD_CASH
2020-04-14,9,CMS,EQR,51.9512,55.2077,0.941,-1.2754,0.0,0.0,0.7307,0.7307,HOLD_CASH
2020-04-15,9,CMS,EQR,50.6414,52.8607,0.941,-0.7936,0.0,0.0,0.7307,0.7307,HOLD_CASH
2020-04-16,9,CMS,EQR,51.6258,52.2519,0.941,0.0646,0.0,0.0,0.7307,0.7307,HOLD_CASH
2020-04-17,9,CMS,EQR,52.7021,55.9046,0.941,-1.0457,0.0,0.0,0.7307,0.7307,HOLD_CASH
2020-04-20,9,CMS,EQR,49.3816,52.5563,0.941,-1.2999,0.0,0.0,0.7307,0.7307,HOLD_CASH
2020-04-21,9,CMS,EQR,48.7309,51.1144,0.941,-0.9011,0.0,0.0,0.7307,0.7307,HOLD_CASH
2020-04-22,9,CMS,EQR,50.049,52.5963,0.941,-0.8204,0.0,0.0,0.7307,0.7307,HOLD_CASH
2020-04-23,9,CMS,EQR,49.4233,51.1144,0.941,-0.3775,0.0,0.0,0.7307,0.7307,HOLD_CASH
2020-04-24,9,CMS,EQR,49.5568,51.2586,0.941,-0.3353,0.0,0.0,0.7307,0.7307,HOLD_CASH
2020-04-27,9,CMS,EQR,48.3888,52.308,0.941,-1.3854,0.0,0.0,0.7307,0.7307,HOLD_CASH
2020-04-28,9,CMS,EQR,49.3983,51.9635,0.941,-0.6064,0.0,0.0,0.7307,0.7307,HOLD_CASH
2020-04-29,9,CMS,EQR,47.7714,52.7245,0.941,-1.65,0.0,0.0,0.7307,0.7307,HOLD_CASH
2020-04-30,9,CMS,EQR,47.6296,52.1157,0.941,-1.2952,0.0,0.0,0.7307,0.7307,HOLD_CASH
2020-05-01,9,CMS,EQR,46.6785,49.9129,0.941,-0.7823,0.0,0.0,0.7307,0.7307,HOLD_CASH
2020-05-04,9,CMS,EQR,47.3376,50.0651,0.941,-0.3546,0.0,0.0,0.7307,0.7307,HOLD_CASH
2020-05-05,9,CMS,EQR,47.688,49.993,0.941,0.1263,0.0,0.0,0.7307,0.7307,HOLD_CASH
2020-05-06,9,CMS,EQR,45.6023,48.8795,0.941,-0.8909,0.0,0.0,0.7307,0.7307,HOLD_CASH
2020-05-07,9,CMS,EQR,45.5022,50.5056,0.941,-2.0967,1.0,0.0,0.6473,0.6473,ENTER_LONG_A
2020-05-08,9,CMS,EQR,46.1279,51.4428,0.941,-1.9235,1.0,-0.1593,0.6473,0.488,HOLDING
2020-05-11,9,CMS,EQR,46.2864,50.8741,0.941,-1.2343,1.0,0.4452,0.6473,1.0925,HOLDING
2020-05-12,9,CMS,EQR,46.3448,48.1506,0.941,0.76,1.0,2.6789,0.6473,3.3262,HOLDING
2020-05-13,9,CMS,EQR,45.5772,46.957,0.941,0.9991,1.0,2.9094,0.6473,3.5567,HOLDING
2020-05-14,9,CMS,EQR,45.7016,46.0759,0.941,1.7968,1.0,3.7316,0.6473,4.379,HOLDING
2020-05-15,9,CMS,EQR,45.1217,45.7635,0.941,1.4118,1.0,3.4343,0.6473,4.0816,HOLDING
2020-05-18,9,CMS,EQR,47.1474,48.4309,0.941,0.9925,1.0,3.212,0.6473,3.8593,HOLDING
2020-05-19,9,CMS,EQR,46.4918,46.2361,0.941,1.7718,1.0,4.349,0.6473,4.9963,HOLDING
2020-05-20,9,CMS,EQR,46.6011,47.2053,0.941,1.1372,1.0,3.6768,0.6473,4.3241,HOLDING
2020-05-21,9,CMS,EQR,46.0126,46.4043,0.941,1.1777,1.0,3.7624,0.6473,4.4097,HOLDING
2020-05-22,9,CMS,EQR,46.7271,45.9798,0.941,1.695,1.0,4.7761,0.6473,5.4234,HOLDING
2020-05-26,9,CMS,EQR,46.8028,48.2787,0.941,0.4176,0.0,0.0,3.5731,3.5731,EXIT
2020-05-27,9,CMS,EQR,47.0466,48.1666,0.941,0.586,0.0,0.0,3.5731,3.5731,HOLD_CASH
2020-05-28,9,CMS,EQR,48.6941,48.7594,0.941,1.1087,0.0,0.0,3.5731,3.5731,HOLD_CASH
2020-05-29,9,CMS,EQR,49.2404,48.511,0.941,1.4,0.0,0.0,3.5731,3.5731,HOLD_CASH
2020-06-01,9,CMS,EQR,49.6019,48.9436,0.941,1.2307,0.0,0.0,3.5731,3.5731,HOLD_CASH
2020-06-02,9,CMS,EQR,50.0138,48.4309,0.941,1.5162,0.0,0.0,3.5731,3.5731,HOLD_CASH
2019-12-02,10,GL,PNC,97.0891,120.8823,0.9202,0.0,0.0,0.0,0.0,0.0,HOLD_CASH
2019-12-03,10,GL,PNC,95.4963,119.1006,0.9202,0.0,0.0,0.0,0.0,0.0,HOLD_CASH
2019-12-04,10,GL,PNC,96.3401,120.3811,0.9202,0.0,0.0,0.0,0.0,0.0,HOLD_CASH
2019-12-05,10,GL,PNC,96.7857,121.0572,0.9202,0.0,0.0,0.0,0.0,0.0,HOLD_CASH
2019-12-06,10,GL,PNC,97.9328,122.3378,0.9202,0.0,0.0,0.0,0.0,0.0,HOLD_CASH
2019-12-09,10,GL,PNC,98.5111,122.2503,0.9202,0.0,0.0,0.0,0.0,0.0,HOLD_CASH
2019-12-10,10,GL,PNC,98.9282,123.7615,0.9202,0.0,0.0,0.0,0.0,0.0,HOLD_CASH
2019-12-11,10,GL,PNC,99.4402,123.2843,0.9202,0.0,0.0,0.0,0.0,0.0,HOLD_CASH
2019-12-12,10,GL,PNC,100.8243,126.4658,0.9202,0.0,0.0,0.0,0.0,0.0,HOLD_CASH
2019-12-13,10,GL,PNC,100.1323,126.1795,0.9202,0.0,0.0,0.0,0.0,0.0,HOLD_CASH
2019-12-16,10,GL,PNC,100.6252,126.4658,0.9202,0.0,0.0,0.0,0.0,0.0,HOLD_CASH
2019-12-17,10,GL,PNC,100.9191,127.5475,0.9202,0.0,0.0,0.0,0.0,0.0,HOLD_CASH
2019-12-18,10,GL,PNC,100.5494,127.3009,0.9202,0.0,0.0,0.0,0.0,0.0,HOLD_CASH
2019-12-19,10,GL,PNC,100.265,126.8874,0.9202,0.0,0.0,0.0,0.0,0.0,HOLD_CASH
2019-12-20,10,GL,PNC,101.0898,127.1181,0.9202,0.0,0.0,0.0,0.0,0.0,HOLD_CASH
2019-12-23,10,GL,PNC,100.284,126.8874,0.9202,0.0,0.0,0.0,0.0,0.0,HOLD_CASH
2019-12-24,10,GL,PNC,100.6252,127.5953,0.9202,0.0,0.0,0.0,0.0,0.0,HOLD_CASH
2019-12-26,10,GL,PNC,100.4641,128.1759,0.9202,0.0,0.0,0.0,0.0,0.0,HOLD_CASH
2019-12-27,10,GL,PNC,100.3598,127.9055,0.9202,0.0,0.0,0.0,0.0,0.0,HOLD_CASH
2019-12-30,10,GL,PNC,99.7246,127.2771,0.9202,-1.7514,0.0,0.0,0.0,0.0,HOLD_CASH
2019-12-31,10,GL,PNC,99.7815,126.9669,0.9202,-1.2362,0.0,0.0,0.0,0.0,HOLD_CASH
2020-01-02,10,GL,PNC,100.2401,127.5555,0.9202,-1.0767,0.0,0.0,0.0,0.0,HOLD_CASH
2020-01-03,10,GL,PNC,99.0436,126.3306,0.9202,-1.3232,0.0,0.0,0.0,0.0,HOLD_CASH
2020-01-06,10,GL,PNC,98.5213,126.0761,0.9202,-1.5396,0.0,0.0,0.0,0.0,HOLD_CASH
2020-01-07,10,GL,PNC,98.4264,125.0819,0.9202,-0.7135,0.0,0.0,0.0,0.0,HOLD_CASH
2020-01-08,10,GL,PNC,98.3789,126.3783,0.9202,-1.7533,0.0,0.0,0.0,0.0,HOLD_CASH
2020-01-09,10,GL,PNC,99.376,127.9055,0.9202,-1.6559,0.0,0.0,0.0,0.0,HOLD_CASH
2020-01-10,10,GL,PNC,98.9962,126.1238,0.9202,-0.5223,0.0,0.0,0.0,0.0,HOLD_CASH
2020-01-13,10,GL,PNC,98.8442,126.8158,0.9202,-1.3516,0.0,0.0,0.0,0.0,HOLD_CASH
2020-01-14,10,GL,PNC,98.6923,127.1658,0.9202,-1.7189,0.0,0.0,0.0,0.0,HOLD_CASH
2020-01-15,10,GL,PNC,98.4929,122.5525,0.9202,2.4742,-1.0,0.0,-0.0833,-0.0833,ENTER_SHORT_A
2020-01-16,10,GL,PNC,99.1861,122.3041,0.9202,2.7223,-1.0,-0.3864,-0.0833,-0.4697,HOLDING
2020-01-17,10,GL,PNC,99.1861,122.8971,0.9202,1.9506,-1.0,-0.1932,-0.0833,-0.2765,HOLDING
2020-01-21,10,GL,PNC,98.6163,121.5268,0.9202,1.9942,-1.0,-0.3886,-0.0833,-0.472,HOLDING
2020-01-22,10,GL,PNC,98.4359,122.0156,0.9202,1.4443,-1.0,-0.1499,-0.0833,-0.2332,HOLDING
2020-01-23,10,GL,PNC,99.4899,122.3762,0.9202,1.7688,-1.0,-0.4968,-0.0833,-0.5801,HOLDING
2020-01-24,10,GL,PNC,99.5089,120.5091,0.9202,2.2217,-1.0,-1.1136,-0.0833,-1.1969,HOLDING
2020-01-27,10,GL,PNC,98.0371,119.0265,0.9202,1.7382,-1.0,-0.9482,-0.0833,-1.0315,HOLDING
2020-01-28,10,GL,PNC,99.6989,119.9561,0.9202,1.9056,-1.0,-1.3775,-0.0833,-1.4608,HOLDING
2020-01-29,10,GL,PNC,100.62,119.0746,0.9202,2.1819,-1.0,-2.0706,-0.0833,-2.1539,HOLDING
2020-01-30,10,GL,PNC,101.883,120.9738,0.9202,1.7949,-1.0,-2.0082,-0.0833,-2.0915,HOLDING
2020-01-31,10,GL,PNC,99.0056,119.0426,0.9202,1.1372,-1.0,-1.3697,-0.0833,-1.453,HOLDING
2020-02-03,10,GL,PNC,100.0977,119.8359,0.9202,1.1877,-1.0,-1.5924,-0.0833,-1.6757,HOLDING
2020-02-04,10,GL,PNC,101.731,120.7335,0.9202,1.3732,-1.0,-2.0196,-0.0833,-2.1029,HOLDING
2020-02-05,10,GL,PNC,102.937,123.2417,0.9202,1.0082,-1.0,-1.7336,-0.0833,-1.8169,HOLDING
2020-02-06,10,GL,PNC,102.6331,122.4885,0.9202,1.0113,-1.0,-1.8452,-0.0833,-1.9285,HOLDING
2020-02-07,10,GL,PNC,103.1079,122.8891,0.9202,0.9899,-1.0,-1.9238,-0.0833,-2.0072,HOLDING
2020-02-10,10,GL,PNC,103.3074,123.2978,0.9202,0.8638,-1.0,-1.8785,-0.0833,-1.9618,HOLDING
2020-02-11,10,GL,PNC,103.9246,124.0431,0.9202,0.8247,-1.0,-1.9076,-0.0833,-1.991,HOLDING
2020-02-12,10,GL,PNC,103.8771,124.3796,0.9202,0.6599,-1.0,-1.777,-0.0833,-1.8604,HOLDING
2020-02-13,10,GL,PNC,105.0166,124.4678,0.9202,1.1872,-1.0,-2.2504,-0.0833,-2.3337,HOLDING
2020-02-14,10,GL,PNC,105.3585,123.5142,0.9202,1.6436,-1.0,-2.7118,-0.0833,-2.7951,HOLDING
2020-02-18,10,GL,PNC,104.7697,121.3184,0.9202,2.0495,-1.0,-3.1679,-0.0833,-3.2512,HOLDING
2020-02-19,10,GL,PNC,104.9976,122.8891,0.9202,1.3531,-1.0,-2.7565,-0.0833,-2.8398,HOLDING
2020-02-20,10,GL,PNC,105.5579,123.7946,0.9202,1.2289,-1.0,-2.7083,-0.0833,-2.7916,HOLDING
2020-02-21,10,GL,PNC,104.5893,123.2497,0.9202,0.8168,-1.0,-2.4591,-0.0833,-2.5424,HOLDING
2020-02-24,10,GL,PNC,101.2942,119.2509,0.9202,0.6071,-1.0,-2.3102,-0.0833,-2.3935,HOLDING
2020-02-25,10,GL,PNC,97.8851,113.2647,0.9202,1.6243,-1.0,-2.7588,-0.0833,-2.8421,HOLDING
2020-02-26,10,GL,PNC,95.663,111.1572,0.9202,1.0188,-1.0,-2.4664,-0.0833,-2.5498,HOLDING
2020-02-27,10,GL,PNC,90.6682,104.6741,0.9202,1.0721,-1.0,-2.3781,-0.0833,-2.4615,HOLDING
2020-02-28,10,GL,PNC,87.9903,101.2924,0.9202,0.9947,-1.0,-2.3002,-0.0833,-2.3835,HOLDING
2020-03-02,10,GL,PNC,91.2949,106.2929,0.9202,0.2553,0.0,0.0,-2.285,-2.285,EXIT
2020-03-03,10,GL,PNC,86.5848,100.5631,0.9202,-0.0139,0.0,0.0,-2.285,-2.285,HOLD_CASH
2020-03-04,10,GL,PNC,90.2598,103.6964,0.9202,1.2159,0.0,0.0,-2.285,-2.285,HOLD_CASH
2020-03-05,10,GL,PNC,85.132,96.7166,0.9202,1.601,0.0,0.0,-2.285,-2.285,HOLD_CASH
2020-03-06,10,GL,PNC,82.2357,91.5398,0.9202,2.5229,-1.0,0.0,-2.3683,-2.3683,ENTER_SHORT_A
2020-03-09,10,GL,PNC,71.1918,79.1347,0.9202,1.4855,-1.0,0.4164,-2.3683,-1.952,HOLDING
2020-03-10,10,GL,PNC,74.7623,86.5793,0.9202,-1.3428,-1.0,1.7799,-2.3683,-0.5884,HOLDING
2020-03-11,10,GL,PNC,69.6724,81.691,0.9202,-2.3873,-1.0,2.3334,-2.3683,-0.0349,HOLDING
2020-03-12,10,GL,PNC,60.5657,75.9051,0.9202,-3.7438,-1.0,4.6151,-2.3683,2.2468,HOLDING
2020-03-13,10,GL,PNC,67.9726,85.7299,0.9202,-2.6784,-1.0,4.9924,-2.3683,2.6241,HOLDING
2020-03-16,10,GL,PNC,58.8279,72.0987,0.9202,-1.9015,-1.0,3.8716,-2.3683,1.5033,HOLDING
2020-03-17,10,GL,PNC,64.2217,76.9309,0.9202,-1.0611,-1.0,3.1333,-2.3683,0.765,HOLDING
2020-03-18,10,GL,PNC,63.6804,70.1434,0.9202,0.8524,-1.0,0.4578,-2.3683,-1.9105,HOLDING
2020-03-19,10,GL,PNC,61.2494,74.062,0.9202,-1.2378,-1.0,3.4503,-2.3683,1.0819,HOLDING
2020-03-20,10,GL,PNC,58.3151,71.714,0.9202,-1.5046,-1.0,3.9744,-2.3683,1.6061,HOLDING
2020-03-23,10,GL,PNC,55.2194,64.6219,0.9202,-0.5208,-1.0,2.5141,-2.3683,0.1458,HOLDING
2020-03-24,10,GL,PNC,62.0851,72.267,0.9202,-0.1535,0.0,0.0,-0.2065,-0.2065,EXIT
2020-03-25,10,GL,PNC,64.4021,73.7655,0.9202,0.2768,0.0,0.0,-0.2065,-0.2065,HOLD_CASH
2020-03-26,10,GL,PNC,68.6658,82.4763,0.9202,-0.5522,0.0,0.0,-0.2065,-0.2065,HOLD_CASH
2020-03-27,10,GL,PNC,67.6403,80.2405,0.9202,-0.2615,0.0,0.0,-0.2065,-0.2065,HOLD_CASH
2020-03-30,10,GL,PNC,70.4796,80.9137,0.9202,0.543,0.0,0.0,-0.2065,-0.2065,HOLD_CASH
2020-03-31,10,GL,PNC,68.3429,76.7065,0.9202,0.953,0.0,0.0,-0.2065,-0.2065,HOLD_CASH
2020-04-01,10,GL,PNC,62.6928,69.9991,0.9202,0.9102,0.0,0.0,-0.2065,-0.2065,HOLD_CASH
2020-04-02,10,GL,PNC,63.767,72.7077,0.9202,0.532,0.0,0.0,-0.2065,-0.2065,HOLD_CASH
2020-04-03,10,GL,PNC,60.8815,68.2682,0.9202,0.896,0.0,0.0,-0.2065,-0.2065,HOLD_CASH
2020-04-06,10,GL,PNC,68.4429,76.378,0.9202,1.2715,0.0,0.0,-0.2065,-0.2065,HOLD_CASH
2020-04-07,10,GL,PNC,67.9001,76.0654,0.9202,1.1049,0.0,0.0,-0.2065,-0.2065,HOLD_CASH
2020-04-08,10,GL,PNC,71.6236,79.7357,0.9202,1.2385,0.0,0.0,-0.2065,-0.2065,HOLD_CASH
2020-04-09,10,GL,PNC,76.5661,84.4797,0.9202,1.4395,0.0,0.0,-0.2065,-0.2065,HOLD_CASH
2020-04-13,10,GL,PNC,75.909,80.9057,0.9202,1.9728,0.0,0.0,-0.2065,-0.2065,HOLD_CASH
2020-04-14,10,GL,PNC,76.2043,79.7116,0.9202,2.0787,-1.0,0.0,-0.2898,-0.2898,ENTER_SHORT_A
2020-04-15,10,GL,PNC,71.4237,74.9364,0.9202,1.6637,-1.0,0.3302,-0.2898,0.0404,HOLDING
2020-04-16,10,GL,PNC,69.3285,73.4041,0.9202,1.3208,-1.0,0.7557,-0.2898,0.4659,HOLDING
2020-04-17,10,GL,PNC,73.5663,82.2898,0.9202,0.2867,0.0,0.0,2.421,2.421,EXIT
2020-04-20,10,GL,PNC,71.995,83.141,0.9202,-0.5527,0.0,0.0,2.421,2.421,HOLD_CASH
2020-04-21,10,GL,PNC,70.0047,80.2629,0.9202,-0.5147,0.0,0.0,2.421,2.421,HOLD_CASH
2020-04-22,10,GL,PNC,69.7285,80.1819,0.9202,-0.6382,0.0,0.0,2.421,2.421,HOLD_CASH
2020-04-23,10,GL,PNC,71.2903,80.6116,0.9202,-0.199,0.0,0.0,2.421,2.421,HOLD_CASH
2020-04-24,10,GL,PNC,72.4426,81.6655,0.9202,-0.191,0.0,0.0,2.421,2.421,HOLD_CASH
2020-04-27,10,GL,PNC,78.3089,85.5246,0.9202,0.8145,0.0,0.0,2.421,2.421,HOLD_CASH
2020-04-28,10,GL,PNC,79.1088,85.93,0.9202,0.9102,0.0,0.0,2.421,2.421,HOLD_CASH
2020-04-29,10,GL,PNC,81.3182,89.9837,0.9202,0.3748,0.0,0.0,2.421,2.421,HOLD_CASH
2020-04-30,10,GL,PNC,78.4136,86.4813,0.9202,0.3339,0.0,0.0,2.421,2.421,HOLD_CASH
2020-05-01,10,GL,PNC,76.1757,83.4816,0.9202,0.3823,0.0,0.0,2.421,2.421,HOLD_CASH
2020-05-04,10,GL,PNC,74.8139,82.379,0.9202,0.1263,0.0,0.0,2.421,2.421,HOLD_CASH
2020-05-05,10,GL,PNC,73.8425,80.8872,0.9202,0.2204,0.0,0.0,2.421,2.421,HOLD_CASH
2020-05-06,10,GL,PNC,70.6523,79.8576,0.9202,-0.9266,0.0,0.0,2.421,2.421,HOLD_CASH
2020-05-07,10,GL,PNC,72.1188,82.1195,0.9202,-1.0458,0.0,0.0,2.421,2.421,HOLD_CASH
2020-05-08,10,GL,PNC,74.0425,85.1517,0.9202,-1.1725,0.0,0.0,2.421,2.421,HOLD_CASH
2020-05-11,10,GL,PNC,71.5284,82.7924,0.9202,-1.3186,0.0,0.0,2.421,2.421,HOLD_CASH
2020-05-12,10,GL,PNC,68.1953,81.0737,0.9202,-2.0249,1.0,0.0,2.3377,2.3377,ENTER_LONG_A
2020-05-13,10,GL,PNC,63.3766,78.4712,0.9202,-2.7158,1.0,-1.7846,2.3377,0.5531,HOLDING
2020-05-14,10,GL,PNC,64.1575,79.3225,0.9202,-2.2267,1.0,-1.707,2.3377,0.6307,HOLDING
2020-05-15,10,GL,PNC,65.4812,78.8442,0.9202,-1.3909,1.0,-0.629,2.3377,1.7087,HOLDING
2020-05-18,10,GL,PNC,70.4142,84.3652,0.9202,-1.0643,1.0,-0.2093,2.3377,2.1284,HOLDING
2020-05-19,10,GL,PNC,67.3763,81.9898,0.9202,-1.343,1.0,-0.9724,2.3377,1.3652,HOLDING
2020-05-20,10,GL,PNC,69.1381,84.6409,0.9202,-1.2918,1.0,-1.1572,2.3377,1.1805,HOLDING
2020-05-21,10,GL,PNC,69.8809,83.6599,0.9202,-0.7684,1.0,-0.2012,2.3377,2.1364,HOLDING
2020-05-22,10,GL,PNC,69.081,84.8112,0.9202,-1.1493,1.0,-1.2774,2.3377,1.0603,HOLDING
2020-05-26,10,GL,PNC,73.1664,88.8243,0.9202,-0.7635,1.0,-0.6543,2.3377,1.6834,HOLDING
2020-05-27,10,GL,PNC,74.6996,94.5319,0.9202,-1.3893,1.0,-2.49,2.3377,-0.1523,HOLDING
2020-05-28,10,GL,PNC,73.4045,93.8833,0.9202,-1.4618,1.0,-2.9947,2.3377,-0.657,HOLDING
2020-05-29,10,GL,PNC,73.3473,92.4564,0.9202,-1.0844,1.0,-2.3282,2.3377,0.0094,HOLDING
2020-06-01,10,GL,PNC,75.471,92.9672,0.9202,-0.503,1.0,-1.2284,2.3377,1.1093,HOLDING
2020-06-02,10,GL,PNC,75.1758,93.1212,0.9202,-0.5594,1.0,0.0,0.7519,0.7519,PERIOD_END_EXIT
2019-12-02,11,CMS,XEL,50.4781,50.556,0.9474,0.0,0.0,0.0,0.0,0.0,HOLD_CASH
2019-12-03,11,CMS,XEL,50.6937,50.7708,0.9474,0.0,0.0,0.0,0.0,0.0,HOLD_CASH
2019-12-04,11,CMS,XEL,51.1747,51.2251,0.9474,0.0,0.0,0.0,0.0,0.0,HOLD_CASH
2019-12-05,11,CMS,XEL,51.2825,51.3325,0.9474,0.0,0.0,0.0,0.0,0.0,HOLD_CASH
2019-12-06,11,CMS,XEL,50.9674,51.2169,0.9474,0.0,0.0,0.0,0.0,0.0,HOLD_CASH
2019-12-09,11,CMS,XEL,50.8181,50.9938,0.9474,0.0,0.0,0.0,0.0,0.0,HOLD_CASH
2019-12-10,11,CMS,XEL,50.9508,51.0516,0.9474,0.0,0.0,0.0,0.0,0.0,HOLD_CASH
2019-12-11,11,CMS,XEL,50.9591,51.349,0.9474,0.0,0.0,0.0,0.0,0.0,HOLD_CASH
2019-12-12,11,CMS,XEL,50.3952,50.6882,0.9474,0.0,0.0,0.0,0.0,0.0,HOLD_CASH
2019-12-13,11,CMS,XEL,50.5776,51.4317,0.9474,0.0,0.0,0.0,0.0,0.0,HOLD_CASH
2019-12-16,11,CMS,XEL,51.3074,52.0677,0.9474,0.0,0.0,0.0,0.0,0.0,HOLD_CASH
2019-12-17,11,CMS,XEL,51.4815,52.4229,0.9474,0.0,0.0,0.0,0.0,0.0,HOLD_CASH
2019-12-18,11,CMS,XEL,51.6971,52.6955,0.9474,0.0,0.0,0.0,0.0,0.0,HOLD_CASH
2019-12-19,11,CMS,XEL,51.7469,52.7451,0.9474,0.0,0.0,0.0,0.0,0.0,HOLD_CASH
2019-12-20,11,CMS,XEL,52.3274,52.9929,0.9474,0.0,0.0,0.0,0.0,0.0,HOLD_CASH
2019-12-23,11,CMS,XEL,51.6557,52.0595,0.9474,0.0,0.0,0.0,0.0,0.0,HOLD_CASH
2019-12-24,11,CMS,XEL,51.6474,52.2631,0.9474,0.0,0.0,0.0,0.0,0.0,HOLD_CASH
2019-12-26,11,CMS,XEL,51.6474,52.205,0.9474,0.0,0.0,0.0,0.0,0.0,HOLD_CASH
2019-12-27,11,CMS,XEL,51.863,52.4793,0.9474,0.0,0.0,0.0,0.0,0.0,HOLD_CASH
2019-12-30,11,CMS,XEL,51.9045,52.6207,0.9474,-0.6157,0.0,0.0,0.0,0.0,HOLD_CASH
2019-12-31,11,CMS,XEL,52.1118,52.787,0.9474,-0.3777,0.0,0.0,0.0,0.0,HOLD_CASH
2020-01-02,11,CMS,XEL,51.1747,51.8641,0.9474,-0.5587,0.0,0.0,0.0,0.0,HOLD_CASH
2020-01-03,11,CMS,XEL,51.6723,52.1135,0.9474,0.4837,0.0,0.0,0.0,0.0,HOLD_CASH
2020-01-06,11,CMS,XEL,51.9045,52.0387,0.9474,1.6797,0.0,0.0,0.0,0.0,HOLD_CASH
2020-01-07,11,CMS,XEL,51.6391,51.9306,0.9474,1.0435,0.0,0.0,0.0,0.0,HOLD_CASH
2020-01-08,11,CMS,XEL,51.6225,51.8807,0.9474,1.1784,0.0,0.0,0.0,0.0,HOLD_CASH
2020-01-09,11,CMS,XEL,52.0206,51.9971,0.9474,2.129,-1.0,0.0,-0.0833,-0.0833,ENTER_SHORT_A
2020-01-10,11,CMS,XEL,52.2942,52.0802,0.9474,2.3013,-1.0,-0.1603,-0.0833,-0.2436,HOLDING
2020-01-13,11,CMS,XEL,52.8167,52.6872,0.9474,1.857,-1.0,-0.1168,-0.0833,-0.2002,HOLDING
2020-01-14,11,CMS,XEL,52.9825,52.7703,0.9474,1.8147,-1.0,-0.1884,-0.0833,-0.2718,HOLDING
2020-01-15,11,CMS,XEL,53.6542,53.6017,0.9474,1.3492,-1.0,-0.0927,-0.0833,-0.1761,HOLDING
2020-01-16,11,CMS,XEL,54.2182,54.0673,0.9474,1.4799,-1.0,-0.1936,-0.0833,-0.2769,HOLDING
2020-01-17,11,CMS,XEL,54.4421,54.35,0.9474,1.2589,-1.0,-0.1574,-0.0833,-0.2407,HOLDING
2020-01-21,11,CMS,XEL,54.9064,54.8738,0.9474,1.0945,-1.0,-0.131,-0.0833,-0.2143,HOLDING
2020-01-22,11,CMS,XEL,55.1884,55.0567,0.9474,1.2366,-1.0,-0.2203,-0.0833,-0.3037,HOLDING
2020-01-23,11,CMS,XEL,55.6528,55.6221,0.9474,0.9565,-1.0,-0.1615,-0.0833,-0.2448,HOLDING
2020-01-24,11,CMS,XEL,55.9679,55.8466,0.9474,1.0962,-1.0,-0.2457,-0.0833,-0.3291,HOLDING
2020-01-27,11,CMS,XEL,55.7689,55.6387,0.9474,0.9907,-1.0,-0.2441,-0.0833,-0.3274,HOLDING
2020-01-28,11,CMS,XEL,55.6196,55.8882,0.9474,-0.0578,0.0,0.0,-0.0995,-0.0995,EXIT
2020-01-29,11,CMS,XEL,55.8186,56.0544,0.9474,-0.0449,0.0,0.0,-0.0995,-0.0995,HOLD_CASH
2020-01-30,11,CMS,XEL,56.4489,57.1686,0.9474,-1.4056,0.0,0.0,-0.0995,-0.0995,HOLD_CASH
2020-01-31,11,CMS,XEL,56.8138,57.5261,0.9474,-1.5547,0.0,0.0,-0.0995,-0.0995,HOLD_CASH
2020-02-03,11,CMS,XEL,56.7889,57.7422,0.9474,-2.2041,1.0,0.0,-0.1828,-0.1828,ENTER_LONG_A
2020-02-04,11,CMS,XEL,55.8684,57.6175,0.9474,-3.1687,1.0,-0.6061,-0.1828,-0.7889,HOLDING
2020-02-05,11,CMS,XEL,56.3162,57.6175,0.9474,-1.8771,1.0,-0.2686,-0.1828,-0.4514,HOLDING
2020-02-06,11,CMS,XEL,56.1644,57.6175,0.9474,-1.8936,1.0,-0.3831,-0.1828,-0.5659,HOLDING
2020-02-07,11,CMS,XEL,56.0142,57.127,0.9474,-1.1976,1.0,-0.1518,-0.1828,-0.3346,HOLDING
2020-02-10,11,CMS,XEL,56.3646,57.418,0.9474,-0.9548,1.0,-0.0921,-0.1828,-0.2749,HOLDING
2020-02-11,11,CMS,XEL,56.2061,57.3348,0.9474,-0.9944,1.0,-0.1531,-0.1828,-0.3359,HOLDING
2020-02-12,11,CMS,XEL,56.1978,57.393,0.9474,-0.9977,1.0,-0.2003,-0.1828,-0.3831,HOLDING
2020-02-13,11,CMS,XEL,56.665,58.0498,0.9474,-1.1196,1.0,-0.3094,-0.1828,-0.4922,HOLDING
2020-02-14,11,CMS,XEL,57.1572,58.4157,0.9474,-0.7764,1.0,-0.1953,-0.1828,-0.3781,HOLDING
2020-02-18,11,CMS,XEL,57.4492,59.164,0.9474,-1.3102,1.0,-0.5007,-0.1828,-0.6835,HOLDING
2020-02-19,11,CMS,XEL,57.1322,58.8563,0.9474,-1.236,1.0,-0.5236,-0.1828,-0.7064,HOLDING
2020-02-20,11,CMS,XEL,57.2239,58.7566,0.9474,-0.8443,1.0,-0.3844,-0.1828,-0.5672,HOLDING
2020-02-21,11,CMS,XEL,57.1071,58.8813,0.9474,-1.1533,1.0,-0.56,-0.1828,-0.7428,HOLDING
2020-02-24,11,CMS,XEL,56.9403,58.5071,0.9474,-0.764,1.0,-0.423,-0.1828,-0.6058,HOLDING
2020-02-25,11,CMS,XEL,55.7639,57.2351,0.9474,-0.7271,1.0,-0.4163,-0.1828,-0.5991,HOLDING
2020-02-26,11,CMS,XEL,55.4302,56.8277,0.9474,-0.5518,1.0,-0.3817,-0.1828,-0.5645,HOLDING
2020-02-27,11,CMS,XEL,52.4101,53.9177,0.9474,-1.5443,1.0,-0.6144,-0.1828,-0.7972,HOLDING
2020-02-28,11,CMS,XEL,50.4078,51.8142,0.9474,-1.6378,1.0,-0.6463,-0.1828,-0.8291,HOLDING
2020-03-02,11,CMS,XEL,53.5113,54.7657,0.9474,-0.1706,0.0,0.0,-0.6415,-0.6415,EXIT
2020-03-03,11,CMS,XEL,53.6615,54.6327,0.9474,1.0852,0.0,0.0,-0.6415,-0.6415,HOLD_CASH
2020-03-04,11,CMS,XEL,57.0237,57.5344,0.9474,2.8398,-1.0,0.0,-0.7249,-0.7249,ENTER_SHORT_A
2020-03-05,11,CMS,XEL,56.5064,57.5759,0.9474,0.9484,-1.0,0.4174,-0.7249,-0.3074,HOLDING
2020-03-06,11,CMS,XEL,56.6399,58.3242,0.9474,-0.8115,-1.0,0.8446,-0.7249,0.1197,HOLDING
2020-03-09,11,CMS,XEL,54.5792,56.5284,0.9474,-1.8328,-1.0,1.1255,-0.7249,0.4007,HOLDING
2020-03-10,11,CMS,XEL,54.6543,56.9441,0.9474,-2.2405,-1.0,1.3621,-0.7249,0.6372,HOLDING
2020-03-11,11,CMS,XEL,52.7688,55.5556,0.9474,-2.8178,-1.0,1.7986,-0.7249,1.0738,HOLDING
2020-03-12,11,CMS,XEL,49.1313,51.2879,0.9474,-1.9701,-1.0,1.5211,-0.7249,0.7962,HOLDING
2020-03-13,11,CMS,XEL,52.0513,55.9321,0.9474,-2.9751,-1.0,2.6024,-0.7249,1.8775,HOLDING
2020-03-16,11,CMS,XEL,47.5128,48.836,0.9474,-0.2728,0.0,0.0,0.2131,0.2131,EXIT
2020-03-17,11,CMS,XEL,54.0787,54.3339,0.9474,1.5819,0.0,0.0,0.2131,0.2131,HOLD_CASH
2020-03-18,11,CMS,XEL,50.5913,51.3548,0.9474,0.6608,0.0,0.0,0.2131,0.2131,HOLD_CASH
2020-03-19,11,CMS,XEL,47.129,48.5264,0.9474,-0.4383,0.0,0.0,0.2131,0.2131,HOLD_CASH
2020-03-20,11,CMS,XEL,41.3391,42.3675,0.9474,-0.5614,0.0,0.0,0.2131,0.2131,HOLD_CASH
2020-03-23,11,CMS,XEL,40.4714,41.8403,0.9474,-1.0669,0.0,0.0,0.2131,0.2131,HOLD_CASH
2020-03-24,11,CMS,XEL,42.9075,45.2294,0.9474,-1.7589,0.0,0.0,0.2131,0.2131,HOLD_CASH
2020-03-25,11,CMS,XEL,44.4843,46.4846,0.9474,-1.0544,0.0,0.0,0.2131,0.2131,HOLD_CASH
2020-03-26,11,CMS,XEL,47.5045,48.4595,0.9474,0.4369,0.0,0.0,0.2131,0.2131,HOLD_CASH
2020-03-27,11,CMS,XEL,48.5807,49.1791,0.9474,0.8643,0.0,0.0,0.2131,0.2131,HOLD_CASH
2020-03-30,11,CMS,XEL,51.6759,52.3506,0.9474,0.9681,0.0,0.0,0.2131,0.2131,HOLD_CASH
2020-03-31,11,CMS,XEL,49.0145,50.4594,0.9474,0.0222,0.0,0.0,0.2131,0.2131,HOLD_CASH
2020-04-01,11,CMS,XEL,46.4783,48.6017,0.9474,-0.8778,0.0,0.0,0.2131,0.2131,HOLD_CASH
2020-04-02,11,CMS,XEL,47.4377,50.5598,0.9474,-1.6503,0.0,0.0,0.2131,0.2131,HOLD_CASH
2020-04-03,11,CMS,XEL,45.5105,48.4176,0.9474,-1.48,0.0,0.0,0.2131,0.2131,HOLD_CASH
2020-04-06,11,CMS,XEL,49.098,51.1707,0.9474,-0.1954,0.0,0.0,0.2131,0.2131,HOLD_CASH
2020-04-07,11,CMS,XEL,47.8382,49.5641,0.9474,0.0359,0.0,0.0,0.2131,0.2131,HOLD_CASH
2020-04-08,11,CMS,XEL,50.5913,52.5515,0.9474,0.0351,0.0,0.0,0.2131,0.2131,HOLD_CASH
2020-04-09,11,CMS,XEL,52.0013,55.4552,0.9474,-1.1443,0.0,0.0,0.2131,0.2131,HOLD_CASH
2020-04-13,11,CMS,XEL,51.0252,53.2711,0.9474,-0.2311,0.0,0.0,0.2131,0.2131,HOLD_CASH
2020-04-14,11,CMS,XEL,51.9512,55.4384,0.9474,-1.2022,0.0,0.0,0.2131,0.2131,HOLD_CASH
2020-04-15,11,CMS,XEL,50.6414,53.8067,0.9474,-0.9909,0.0,0.0,0.2131,0.2131,HOLD_CASH
2020-04-16,11,CMS,XEL,51.6258,54.6016,0.9474,-0.5996,0.0,0.0,0.2131,0.2131,HOLD_CASH
2020-04-17,11,CMS,XEL,52.7021,56.1916,0.9474,-0.9162,0.0,0.0,0.2131,0.2131,HOLD_CASH
2020-04-20,11,CMS,XEL,49.3816,53.8485,0.9474,-2.0375,1.0,0.0,0.1297,0.1297,ENTER_LONG_A
2020-04-21,11,CMS,XEL,48.7309,53.0619,0.9474,-1.7294,1.0,0.0283,0.1297,0.158,HOLDING
2020-04-22,11,CMS,XEL,50.049,54.6602,0.9474,-1.6182,1.0,-0.0327,0.1297,0.097,HOLDING
2020-04-23,11,CMS,XEL,49.4233,53.8736,0.9474,-1.4006,1.0,0.0172,0.1297,0.147,HOLDING
2020-04-24,11,CMS,XEL,49.5568,54.0326,0.9474,-1.2718,1.0,0.0132,0.1297,0.143,HOLDING
2020-04-27,11,CMS,XEL,48.3888,54.7857,0.9474,-2.424,1.0,-1.5659,0.1297,-1.4362,HOLDING
2020-04-28,11,CMS,XEL,49.3983,55.3715,0.9474,-1.8296,1.0,-1.1322,0.1297,-1.0024,HOLDING
2020-04-29,11,CMS,XEL,47.7714,54.4594,0.9474,-2.156,1.0,-1.8552,0.1297,-1.7255,HOLDING
2020-04-30,11,CMS,XEL,47.6296,53.1874,0.9474,-1.2813,1.0,-1.0205,0.1297,-0.8908,HOLDING
2020-05-01,11,CMS,XEL,46.6785,52.0326,0.9474,-1.1397,1.0,-0.9753,0.1297,-0.8455,HOLDING
2020-05-04,11,CMS,XEL,47.3376,52.2084,0.9474,-0.6965,1.0,-0.5364,0.1297,-0.4067,HOLDING
2020-05-05,11,CMS,XEL,47.688,52.9531,0.9474,-0.8199,1.0,-0.7935,0.1297,-0.6638,HOLDING
2020-05-06,11,CMS,XEL,45.6023,51.2293,0.9474,-1.1883,1.0,-1.3031,0.1297,-1.1733,HOLDING
2020-05-07,11,CMS,XEL,45.5022,50.1749,0.9474,-0.4709,0.0,0.0,-0.5435,-0.5435,EXIT
2020-05-08,11,CMS,XEL,46.1279,50.4678,0.9474,-0.0878,0.0,0.0,-0.5435,-0.5435,HOLD_CASH
2020-05-11,11,CMS,XEL,46.2864,50.3172,0.9474,0.2924,0.0,0.0,-0.5435,-0.5435,HOLD_CASH
2020-05-12,11,CMS,XEL,46.3448,49.1959,0.9474,1.3479,0.0,0.0,-0.5435,-0.5435,HOLD_CASH
2020-05-13,11,CMS,XEL,45.5772,48.585,0.9474,1.1754,0.0,0.0,-0.5435,-0.5435,HOLD_CASH
2020-05-14,11,CMS,XEL,45.7016,48.7021,0.9474,1.2994,0.0,0.0,-0.5435,-0.5435,HOLD_CASH
2020-05-15,11,CMS,XEL,45.1217,48.4427,0.9474,0.9984,0.0,0.0,-0.5435,-0.5435,HOLD_CASH
2020-05-18,11,CMS,XEL,47.1474,50.3172,0.9474,1.3155,0.0,0.0,-0.5435,-0.5435,HOLD_CASH
2020-05-19,11,CMS,XEL,46.4918,49.9574,0.9474,0.905,0.0,0.0,-0.5435,-0.5435,HOLD_CASH
2020-05-20,11,CMS,XEL,46.6011,50.4176,0.9474,0.5702,0.0,0.0,-0.5435,-0.5435,HOLD_CASH
2020-05-21,11,CMS,XEL,46.0126,50.3339,0.9474,0.0326,0.0,0.0,-0.5435,-0.5435,HOLD_CASH
2020-05-22,11,CMS,XEL,46.7271,50.518,0.9474,0.6148,0.0,0.0,-0.5435,-0.5435,HOLD_CASH
2020-05-26,11,CMS,XEL,46.8028,51.0954,0.9474,0.0832,0.0,0.0,-0.5435,-0.5435,HOLD_CASH
2020-05-27,11,CMS,XEL,47.0466,51.6561,0.9474,-0.2425,0.0,0.0,-0.5435,-0.5435,HOLD_CASH
2020-05-28,11,CMS,XEL,48.6941,53.564,0.9474,-0.3864,0.0,0.0,-0.5435,-0.5435,HOLD_CASH
2020-05-29,11,CMS,XEL,49.2404,54.4175,0.9474,-0.6922,0.0,0.0,-0.5435,-0.5435,HOLD_CASH
2020-06-01,11,CMS,XEL,49.6019,55.02,0.9474,-0.9543,0.0,0.0,-0.5435,-0.5435,HOLD_CASH
2020-06-02,11,CMS,XEL,50.0138,55.2878,0.9474,-0.7082,0.0,0.0,-0.5435,-0.5435,HOLD_CASH
2019-12-02,12,IEX,WTW,148.3049,179.6023,0.9738,0.0,0.0,0.0,0.0,0.0,HOLD_CASH
2019-12-03,12,IEX,WTW,146.12,177.1183,0.9738,0.0,0.0,0.0,0.0,0.0,HOLD_CASH
2019-12-04,12,IEX,WTW,145.6849,177.8175,0.9738,0.0,0.0,0.0,0.0,0.0,HOLD_CASH
2019-12-05,12,IEX,WTW,148.379,178.4062,0.9738,0.0,0.0,0.0,0.0,0.0,HOLD_CASH
2019-12-06,12,IEX,WTW,151.1194,179.7586,0.9738,0.0,0.0,0.0,0.0,0.0,HOLD_CASH
2019-12-09,12,IEX,WTW,150.7398,179.2066,0.9738,0.0,0.0,0.0,0.0,0.0,HOLD_CASH
2019-12-10,12,IEX,WTW,151.0268,179.0227,0.9738,0.0,0.0,0.0,0.0,0.0,HOLD_CASH
2019-12-11,12,IEX,WTW,151.8045,178.8571,0.9738,0.0,0.0,0.0,0.0,0.0,HOLD_CASH
2019-12-12,12,IEX,WTW,154.4801,182.5462,0.9738,0.0,0.0,0.0,0.0,0.0,HOLD_CASH
2019-12-13,12,IEX,WTW,154.9522,184.0367,0.9738,0.0,0.0,0.0,0.0,0.0,HOLD_CASH
2019-12-16,12,IEX,WTW,154.7948,185.0763,0.9738,0.0,0.0,0.0,0.0,0.0,HOLD_CASH
2019-12-17,12,IEX,WTW,156.6372,185.1315,0.9738,0.0,0.0,0.0,0.0,0.0,HOLD_CASH
2019-12-18,12,IEX,WTW,156.4613,185.5731,0.9738,0.0,0.0,0.0,0.0,0.0,HOLD_CASH
2019-12-19,12,IEX,WTW,155.5355,187.5419,0.9738,0.0,0.0,0.0,0.0,0.0,HOLD_CASH
2019-12-20,12,IEX,WTW,158.6555,189.1887,0.9738,0.0,0.0,0.0,0.0,0.0,HOLD_CASH
2019-12-23,12,IEX,WTW,160.4978,185.4535,0.9738,0.0,0.0,0.0,0.0,0.0,HOLD_CASH
2019-12-24,12,IEX,WTW,159.1369,185.8306,0.9738,0.0,0.0,0.0,0.0,0.0,HOLD_CASH
2019-12-26,12,IEX,WTW,159.9146,185.8583,0.9738,0.0,0.0,0.0,0.0,0.0,HOLD_CASH
2019-12-27,12,IEX,WTW,159.8127,185.619,0.9738,0.0,0.0,0.0,0.0,0.0,HOLD_CASH
2019-12-30,12,IEX,WTW,159.5443,186.0529,0.9738,1.1414,0.0,0.0,0.0,0.0,HOLD_CASH
2019-12-31,12,IEX,WTW,159.2387,186.3851,0.9738,0.821,0.0,0.0,0.0,0.0,HOLD_CASH
2020-01-02,12,IEX,WTW,160.4423,188.5449,0.9738,0.5003,0.0,0.0,0.0,0.0,HOLD_CASH
2020-01-03,12,IEX,WTW,159.9423,188.591,0.9738,0.1573,0.0,0.0,0.0,0.0,HOLD_CASH
2020-01-06,12,IEX,WTW,160.109,188.8218,0.9738,0.0608,0.0,0.0,0.0,0.0,HOLD_CASH
2020-01-07,12,IEX,WTW,158.137,188.4342,0.9738,-0.8905,0.0,0.0,0.0,0.0,HOLD_CASH
2020-01-08,12,IEX,WTW,159.4054,188.6464,0.9738,-0.2898,0.0,0.0,0.0,0.0,HOLD_CASH
2020-01-09,12,IEX,WTW,160.9885,189.2094,0.9738,0.3164,0.0,0.0,0.0,0.0,HOLD_CASH
2020-01-10,12,IEX,WTW,159.3035,189.2094,0.9738,-0.6326,0.0,0.0,0.0,0.0,HOLD_CASH
2020-01-13,12,IEX,WTW,160.4793,189.2094,0.9738,0.0347,0.0,0.0,0.0,0.0,HOLD_CASH
2020-01-14,12,IEX,WTW,160.1264,188.2865,0.9738,0.2263,0.0,0.0,0.0,0.0,HOLD_CASH
2020-01-15,12,IEX,WTW,160.7392,188.351,0.9738,0.4807,0.0,0.0,0.0,0.0,HOLD_CASH
2020-01-16,12,IEX,WTW,163.1069,188.4618,0.9738,1.6296,0.0,0.0,0.0,0.0,HOLD_CASH
2020-01-17,12,IEX,WTW,163.274,189.2002,0.9738,1.233,0.0,0.0,0.0,0.0,HOLD_CASH
2020-01-21,12,IEX,WTW,162.3548,189.2371,0.9738,0.6611,0.0,0.0,0.0,0.0,HOLD_CASH
2020-01-22,12,IEX,WTW,160.6279,188.0557,0.9738,0.0853,0.0,0.0,0.0,0.0,HOLD_CASH
2020-01-23,12,IEX,WTW,161.3149,190.7415,0.9738,-0.9394,0.0,0.0,0.0,0.0,HOLD_CASH
2020-01-24,12,IEX,WTW,159.8293,192.9106,0.9738,-2.5765,1.0,0.0,-0.0833,-0.0833,ENTER_LONG_A
2020-01-27,12,IEX,WTW,157.6382,191.4523,0.9738,-2.4952,1.0,-0.268,-0.0833,-0.3514,HOLDING
2020-01-28,12,IEX,WTW,159.0309,196.5932,0.9738,-2.8143,1.0,-0.9958,-0.0833,-1.0791,HOLDING
2020-01-29,12,IEX,WTW,159.8293,196.2794,0.9738,-2.0086,1.0,-0.718,-0.0833,-0.8013,HOLDING
2020-01-30,12,IEX,WTW,154.0542,198.2084,0.9738,-3.0618,1.0,-2.6546,-0.0833,-2.738,HOLDING
2020-01-31,12,IEX,WTW,152.1322,195.0149,0.9738,-2.326,1.0,-2.4817,-0.0833,-2.565,HOLDING
2020-02-03,12,IEX,WTW,153.2556,198.5407,0.9738,-2.1684,1.0,-2.9364,-0.0833,-3.0197,HOLDING
2020-02-04,12,IEX,WTW,156.9975,201.7342,0.9738,-1.6667,1.0,-2.6286,-0.0833,-2.7119,HOLDING
2020-02-05,12,IEX,WTW,158.2323,203.1094,0.9738,-1.4488,1.0,-2.5955,-0.0833,-2.6788,HOLDING
2020-02-06,12,IEX,WTW,158.9473,192.809,0.9738,-0.0263,0.0,0.0,-0.3778,-0.3778,EXIT
2020-02-07,12,IEX,WTW,159.0959,194.0551,0.9738,-0.1177,0.0,0.0,-0.3778,-0.3778,HOLD_CASH
2020-02-10,12,IEX,WTW,161.9927,198.1715,0.9738,-0.1442,0.0,0.0,-0.3778,-0.3778,HOLD_CASH
2020-02-11,12,IEX,WTW,163.4597,196.5748,0.9738,0.3252,0.0,0.0,-0.3778,-0.3778,HOLD_CASH
2020-02-12,12,IEX,WTW,164.1653,196.3348,0.9738,0.4992,0.0,0.0,-0.3778,-0.3778,HOLD_CASH
2020-02-13,12,IEX,WTW,162.197,196.4086,0.9738,0.2141,0.0,0.0,-0.3778,-0.3778,HOLD_CASH
2020-02-14,12,IEX,WTW,162.2898,197.2116,0.9738,0.2005,0.0,0.0,-0.3778,-0.3778,HOLD_CASH
2020-02-18,12,IEX,WTW,162.4384,196.3071,0.9738,0.4489,0.0,0.0,-0.3778,-0.3778,HOLD_CASH
2020-02-19,12,IEX,WTW,161.1293,195.4487,0.9738,0.417,0.0,0.0,-0.3778,-0.3778,HOLD_CASH
2020-02-20,12,IEX,WTW,161.1664,193.3628,0.9738,0.8614,0.0,0.0,-0.3778,-0.3778,HOLD_CASH
2020-02-21,12,IEX,WTW,160.9528,192.3844,0.9738,1.0332,0.0,0.0,-0.3778,-0.3778,HOLD_CASH
2020-02-24,12,IEX,WTW,157.3224,189.7078,0.9738,0.6981,0.0,0.0,-0.3778,-0.3778,HOLD_CASH
2020-02-25,12,IEX,WTW,151.1944,187.0312,0.9738,-0.21,0.0,0.0,-0.3778,-0.3778,HOLD_CASH
2020-02-26,12,IEX,WTW,147.9169,188.6925,0.9738,-1.2135,0.0,0.0,-0.3778,-0.3778,HOLD_CASH
2020-02-27,12,IEX,WTW,141.2689,179.5459,0.9738,-1.0339,0.0,0.0,-0.3778,-0.3778,HOLD_CASH
2020-02-28,12,IEX,WTW,137.4157,174.6726,0.9738,-1.0994,0.0,0.0,-0.3778,-0.3778,HOLD_CASH
2020-03-02,12,IEX,WTW,142.0953,184.17,0.9738,-1.6485,0.0,0.0,-0.3778,-0.3778,HOLD_CASH
2020-03-03,12,IEX,WTW,138.7342,181.9734,0.9738,-1.9459,0.0,0.0,-0.3778,-0.3778,HOLD_CASH
2020-03-04,12,IEX,WTW,142.8938,190.64,0.9738,-2.1484,1.0,0.0,-0.4611,-0.4611,ENTER_LONG_A
2020-03-05,12,IEX,WTW,137.6107,186.2282,0.9738,-2.1978,1.0,-0.6095,-0.4611,-1.0706,HOLDING
2020-03-06,12,IEX,WTW,135.7816,184.3269,0.9738,-1.9263,1.0,-0.7399,-0.4611,-1.201,HOLDING
2020-03-09,12,IEX,WTW,125.9861,170.51,0.9738,-1.6542,1.0,-0.6543,-0.4611,-1.1154,HOLDING
2020-03-10,12,IEX,WTW,134.1196,173.2144,0.9738,-0.5901,1.0,1.1656,-0.4611,0.7045,HOLDING
2020-03-11,12,IEX,WTW,125.2247,173.7496,0.9738,-1.8169,1.0,-1.578,-0.4611,-2.0391,HOLDING
2020-03-12,12,IEX,WTW,114.3336,159.4897,0.9738,-1.7216,1.0,-1.7206,-0.4611,-2.1817,HOLDING
2020-03-13,12,IEX,WTW,121.4922,166.172,0.9738,-1.2005,1.0,-1.0466,-0.4611,-1.5077,HOLDING
2020-03-16,12,IEX,WTW,107.4257,151.3768,0.9738,-1.5871,1.0,-2.012,-0.4611,-2.4731,HOLDING
2020-03-17,12,IEX,WTW,116.9519,159.785,0.9738,-0.9185,1.0,-1.0106,-0.4611,-1.4717,HOLDING
2020-03-18,12,IEX,WTW,105.8472,145.0452,0.9738,-0.9267,1.0,-1.1128,-0.4611,-1.574,HOLDING
2020-03-19,12,IEX,WTW,114.5379,140.8364,0.9738,1.1737,1.0,2.3626,-0.4611,1.9015,HOLDING
2020-03-20,12,IEX,WTW,108.1499,140.8734,0.9738,0.1492,0.0,0.0,-0.0562,-0.0562,EXIT
2020-03-23,12,IEX,WTW,106.4508,136.1939,0.9738,0.67,0.0,0.0,-0.0562,-0.0562,HOLD_CASH
2020-03-24,12,IEX,WTW,111.4089,156.767,0.9738,-1.4507,0.0,0.0,-0.0562,-0.0562,HOLD_CASH
2020-03-25,12,IEX,WTW,110.8239,151.146,0.9738,-0.6118,0.0,0.0,-0.0562,-0.0562,HOLD_CASH
2020-03-26,12,IEX,WTW,116.8126,152.752,0.9738,0.5509,0.0,0.0,-0.0562,-0.0562,HOLD_CASH
2020-03-27,12,IEX,WTW,121.7986,154.3303,0.9738,1.4112,0.0,0.0,-0.0562,-0.0562,HOLD_CASH
2020-03-30,12,IEX,WTW,127.091,160.28,0.9738,1.4734,0.0,0.0,-0.0562,-0.0562,HOLD_CASH
2020-03-31,12,IEX,WTW,128.233,157.4071,0.9738,1.8824,0.0,0.0,-0.0562,-0.0562,HOLD_CASH
2020-04-01,12,IEX,WTW,123.6742,144.7478,0.9738,2.3409,-1.0,0.0,-0.1396,-0.1396,ENTER_SHORT_A
2020-04-02,12,IEX,WTW,126.6267,146.8052,0.9738,2.0883,-1.0,-0.4236,-0.1396,-0.5631,HOLDING
2020-04-03,12,IEX,WTW,128.6044,145.5818,0.9738,2.0636,-1.0,-1.4462,-0.1396,-1.5858,HOLDING
2020-04-06,12,IEX,WTW,133.6646,162.5134,0.9738,0.9338,-1.0,1.6355,-0.1396,1.496,HOLDING
2020-04-07,12,IEX,WTW,135.6424,165.5995,0.9738,0.8231,-1.0,1.837,-0.1396,1.6974,HOLDING
2020-04-08,12,IEX,WTW,140.2012,176.1273,0.9738,0.3666,0.0,0.0,3.0335,3.0335,EXIT
2020-04-09,12,IEX,WTW,140.684,181.6599,0.9738,-0.0976,0.0,0.0,3.0335,3.0335,HOLD_CASH
2020-04-13,12,IEX,WTW,136.1437,175.8029,0.9738,-0.1625,0.0,0.0,3.0335,3.0335,HOLD_CASH
2020-04-14,12,IEX,WTW,139.4769,182.5681,0.9738,-0.4618,0.0,0.0,3.0335,3.0335,HOLD_CASH
2020-04-15,12,IEX,WTW,135.0017,172.0496,0.9738,-0.0908,0.0,0.0,3.0335,3.0335,HOLD_CASH
2020-04-16,12,IEX,WTW,136.3294,175.3303,0.9738,-0.3296,0.0,0.0,3.0335,3.0335,HOLD_CASH
2020-04-17,12,IEX,WTW,141.8074,181.076,0.9738,-0.1453,0.0,0.0,3.0335,3.0335,HOLD_CASH
2020-04-20,12,IEX,WTW,140.7397,175.0522,0.9738,0.3012,0.0,0.0,3.0335,3.0335,HOLD_CASH
2020-04-21,12,IEX,WTW,138.0007,169.1304,0.9738,0.5238,0.0,0.0,3.0335,3.0335,HOLD_CASH
2020-04-22,12,IEX,WTW,140.814,172.2442,0.9738,0.5025,0.0,0.0,3.0335,3.0335,HOLD_CASH
2020-04-23,12,IEX,WTW,141.4639,164.0333,0.9738,1.5936,0.0,0.0,3.0335,3.0335,HOLD_CASH
2020-04-24,12,IEX,WTW,141.7982,164.2372,0.9738,1.4592,0.0,0.0,3.0335,3.0335,HOLD_CASH
2020-04-27,12,IEX,WTW,145.1129,163.0973,0.9738,1.8534,0.0,0.0,3.0335,3.0335,HOLD_CASH
2020-04-28,12,IEX,WTW,146.4963,162.1149,0.9738,1.8627,0.0,0.0,3.0335,3.0335,HOLD_CASH
2020-04-29,12,IEX,WTW,146.5892,162.4208,0.9738,1.6088,0.0,0.0,3.0335,3.0335,HOLD_CASH
2020-04-30,12,IEX,WTW,142.6431,165.2288,0.9738,0.7783,0.0,0.0,3.0335,3.0335,HOLD_CASH
2020-05-01,12,IEX,WTW,140.4704,169.9088,0.9738,0.0365,0.0,0.0,3.0335,3.0335,HOLD_CASH
2020-05-04,12,IEX,WTW,139.8577,170.0942,0.9738,-0.0016,0.0,0.0,3.0335,3.0335,HOLD_CASH
2020-05-05,12,IEX,WTW,140.9254,175.9512,0.9738,-0.4647,0.0,0.0,3.0335,3.0335,HOLD_CASH
2020-05-06,12,IEX,WTW,140.8511,170.1868,0.9738,0.1369,0.0,0.0,3.0335,3.0335,HOLD_CASH
2020-05-07,12,IEX,WTW,142.4296,179.0002,0.9738,-0.5924,0.0,0.0,3.0335,3.0335,HOLD_CASH
2020-05-08,12,IEX,WTW,143.6366,182.8925,0.9738,-0.8581,0.0,0.0,3.0335,3.0335,HOLD_CASH
2020-05-11,12,IEX,WTW,142.578,185.3484,0.9738,-1.2414,0.0,0.0,3.0335,3.0335,HOLD_CASH
2020-05-12,12,IEX,WTW,137.4807,186.0805,0.9738,-1.8838,0.0,0.0,3.0335,3.0335,HOLD_CASH
2020-05-13,12,IEX,WTW,136.3015,182.7256,0.9738,-1.5816,0.0,0.0,3.0335,3.0335,HOLD_CASH
2020-05-14,12,IEX,WTW,138.845,186.8867,0.9738,-1.529,0.0,0.0,3.0335,3.0335,HOLD_CASH
2020-05-15,12,IEX,WTW,138.2767,185.7932,0.9738,-1.3971,0.0,0.0,3.0335,3.0335,HOLD_CASH
2020-05-18,12,IEX,WTW,144.0623,189.7411,0.9738,-1.0014,0.0,0.0,3.0335,3.0335,HOLD_CASH
2020-05-19,12,IEX,WTW,140.8201,188.1193,0.9738,-1.118,0.0,0.0,3.0335,3.0335,HOLD_CASH
2020-05-20,12,IEX,WTW,141.9567,187.7857,0.9738,-0.8966,0.0,0.0,3.0335,3.0335,HOLD_CASH
2020-05-21,12,IEX,WTW,141.2021,185.4966,0.9738,-0.7209,0.0,0.0,3.0335,3.0335,HOLD_CASH
2020-05-22,12,IEX,WTW,140.1679,183.9675,0.9738,-0.6348,0.0,0.0,3.0335,3.0335,HOLD_CASH
2020-05-26,12,IEX,WTW,144.4908,186.8775,0.9738,-0.3304,0.0,0.0,3.0335,3.0335,HOLD_CASH
2020-05-27,12,IEX,WTW,148.3293,189.5743,0.9738,-0.0203,0.0,0.0,3.0335,3.0335,HOLD_CASH
2020-05-28,12,IEX,WTW,146.7082,190.5844,0.9738,-0.2249,0.0,0.0,3.0335,3.0335,HOLD_CASH
2020-05-29,12,IEX,WTW,148.4784,188.0359,0.9738,0.5661,0.0,0.0,3.0335,3.0335,HOLD_CASH
2020-06-01,12,IEX,WTW,147.3137,187.6281,0.9738,0.517,0.0,0.0,3.0335,3.0335,HOLD_CASH
2020-06-02,12,IEX,WTW,148.9721,186.3956,0.9738,1.1841,0.0,0.0,3.0335,3.0335,HOLD_CASH
2019-12-02,13,ESS,XEL,244.6414,50.556,0.9907,0.0,0.0,0.0,0.0,0.0,HOLD_CASH
2019-12-03,13,ESS,XEL,245.8296,50.7708,0.9907,0.0,0.0,0.0,0.0,0.0,HOLD_CASH
2019-12-04,13,ESS,XEL,250.0284,51.2251,0.9907,0.0,0.0,0.0,0.0,0.0,HOLD_CASH
2019-12-05,13,ESS,XEL,249.8197,51.3325,0.9907,0.0,0.0,0.0,0.0,0.0,HOLD_CASH
2019-12-06,13,ESS,XEL,250.4298,51.2169,0.9907,0.0,0.0,0.0,0.0,0.0,HOLD_CASH
2019-12-09,13,ESS,XEL,249.8518,50.9938,0.9907,0.0,0.0,0.0,0.0,0.0,HOLD_CASH
2019-12-10,13,ESS,XEL,248.5352,51.0516,0.9907,0.0,0.0,0.0,0.0,0.0,HOLD_CASH
2019-12-11,13,ESS,XEL,244.6735,51.349,0.9907,0.0,0.0,0.0,0.0,0.0,HOLD_CASH
2019-12-12,13,ESS,XEL,241.0928,50.6882,0.9907,0.0,0.0,0.0,0.0,0.0,HOLD_CASH
2019-12-13,13,ESS,XEL,241.2614,51.4317,0.9907,0.0,0.0,0.0,0.0,0.0,HOLD_CASH
2019-12-16,13,ESS,XEL,241.6467,52.0677,0.9907,0.0,0.0,0.0,0.0,0.0,HOLD_CASH
2019-12-17,13,ESS,XEL,237.7931,52.4229,0.9907,0.0,0.0,0.0,0.0,0.0,HOLD_CASH
2019-12-18,13,ESS,XEL,237.9777,52.6955,0.9907,0.0,0.0,0.0,0.0,0.0,HOLD_CASH
2019-12-19,13,ESS,XEL,239.7922,52.7451,0.9907,0.0,0.0,0.0,0.0,0.0,HOLD_CASH
2019-12-20,13,ESS,XEL,238.7244,52.9929,0.9907,0.0,0.0,0.0,0.0,0.0,HOLD_CASH
2019-12-23,13,ESS,XEL,238.2989,52.0595,0.9907,0.0,0.0,0.0,0.0,0.0,HOLD_CASH
2019-12-24,13,ESS,XEL,239.5995,52.2631,0.9907,0.0,0.0,0.0,0.0,0.0,HOLD_CASH
2019-12-26,13,ESS,XEL,240.563,52.205,0.9907,0.0,0.0,0.0,0.0,0.0,HOLD_CASH
2019-12-27,13,ESS,XEL,240.6351,52.4793,0.9907,0.0,0.0,0.0,0.0,0.0,HOLD_CASH
2019-12-30,13,ESS,XEL,240.6191,52.6207,0.9907,-0.8603,0.0,0.0,0.0,0.0,HOLD_CASH
2019-12-31,13,ESS,XEL,243.1242,52.787,0.9907,-0.5562,0.0,0.0,0.0,0.0,HOLD_CASH
2020-01-02,13,ESS,XEL,241.0394,51.8641,0.9907,-0.2029,0.0,0.0,0.0,0.0,HOLD_CASH
2020-01-03,13,ESS,XEL,243.399,52.1135,0.9907,0.0448,0.0,0.0,0.0,0.0,HOLD_CASH
2020-01-06,13,ESS,XEL,242.4292,52.0387,0.9907,0.0328,0.0,0.0,0.0,0.0,HOLD_CASH
2020-01-07,13,ESS,XEL,239.4635,51.9306,0.9907,-0.282,0.0,0.0,0.0,0.0,HOLD_CASH
2020-01-08,13,ESS,XEL,240.8454,51.8807,0.9907,0.1521,0.0,0.0,0.0,0.0,HOLD_CASH
2020-01-09,13,ESS,XEL,241.9929,51.9971,0.9907,0.5066,0.0,0.0,0.0,0.0,HOLD_CASH
2020-01-10,13,ESS,XEL,244.3687,52.0802,0.9907,1.2008,0.0,0.0,0.0,0.0,HOLD_CASH
2020-01-13,13,ESS,XEL,246.8737,52.6872,0.9907,1.2861,0.0,0.0,0.0,0.0,HOLD_CASH
2020-01-14,13,ESS,XEL,243.8999,52.7703,0.9907,0.2643,0.0,0.0,0.0,0.0,HOLD_CASH
2020-01-15,13,ESS,XEL,244.7162,53.6017,0.9907,-0.6881,0.0,0.0,0.0,0.0,HOLD_CASH
2020-01-16,13,ESS,XEL,247.3021,54.0673,0.9907,-0.5815,0.0,0.0,0.0,0.0,HOLD_CASH
2020-01-17,13,ESS,XEL,249.5971,54.35,0.9907,-0.3285,0.0,0.0,0.0,0.0,HOLD_CASH
2020-01-21,13,ESS,XEL,251.7223,54.8738,0.9907,-0.4906,0.0,0.0,0.0,0.0,HOLD_CASH
2020-01-22,13,ESS,XEL,250.389,55.0567,0.9907,-1.5453,0.0,0.0,0.0,0.0,HOLD_CASH
2020-01-23,13,ESS,XEL,252.5386,55.6221,0.9907,-1.5902,0.0,0.0,0.0,0.0,HOLD_CASH
2020-01-24,13,ESS,XEL,250.0819,55.8466,0.9907,-2.4172,1.0,0.0,-0.0833,-0.0833,ENTER_LONG_A
2020-01-27,13,ESS,XEL,249.6536,55.6387,0.9907,-1.906,1.0,0.0827,-0.0833,-0.0007,HOLDING
2020-01-28,13,ESS,XEL,249.2254,55.8882,0.9907,-2.0099,1.0,-0.1742,-0.0833,-0.2576,HOLDING
2020-01-29,13,ESS,XEL,245.2576,56.0544,0.9907,-2.5406,1.0,-0.9619,-0.0833,-1.0452,HOLDING
2020-01-30,13,ESS,XEL,252.2315,57.1686,0.9907,-1.7784,1.0,-0.6219,-0.0833,-0.7052,HOLDING
2020-01-31,13,ESS,XEL,250.3163,57.5261,0.9907,-2.0538,1.0,-1.208,-0.0833,-1.2913,HOLDING
2020-02-03,13,ESS,XEL,251.6335,57.7422,0.9907,-1.7291,1.0,-1.148,-0.0833,-1.2313,HOLDING
2020-02-04,13,ESS,XEL,251.787,57.6175,0.9907,-1.4371,1.0,-1.0297,-0.0833,-1.113,HOLDING
2020-02-05,13,ESS,XEL,250.5264,57.6175,0.9907,-1.4527,1.0,-1.2407,-0.0833,-1.324,HOLDING
2020-02-06,13,ESS,XEL,254.3406,57.6175,0.9907,-0.7808,1.0,-0.6022,-0.0833,-0.6856,HOLDING
2020-02-07,13,ESS,XEL,254.3811,57.127,0.9907,-0.3706,0.0,0.0,-0.3995,-0.3995,EXIT
2020-02-10,13,ESS,XEL,256.4416,57.418,0.9907,-0.1601,0.0,0.0,-0.3995,-0.3995,HOLD_CASH
2020-02-11,13,ESS,XEL,256.8376,57.3348,0.9907,0.0835,0.0,0.0,-0.3995,-0.3995,HOLD_CASH
2020-02-12,13,ESS,XEL,257.9286,57.393,0.9907,0.343,0.0,0.0,-0.3995,-0.3995,HOLD_CASH
2020-02-13,13,ESS,XEL,259.8115,58.0498,0.9907,0.1826,0.0,0.0,-0.3995,-0.3995,HOLD_CASH
2020-02-14,13,ESS,XEL,261.9609,58.4157,0.9907,0.3712,0.0,0.0,-0.3995,-0.3995,HOLD_CASH
2020-02-18,13,ESS,XEL,261.759,59.164,0.9907,-0.356,0.0,0.0,-0.3995,-0.3995,HOLD_CASH
2020-02-19,13,ESS,XEL,259.9084,58.8563,0.9907,-0.4053,0.0,0.0,-0.3995,-0.3995,HOLD_CASH
2020-02-20,13,ESS,XEL,263.5287,58.7566,0.9907,0.8551,0.0,0.0,-0.3995,-0.3995,HOLD_CASH
2020-02-21,13,ESS,XEL,265.8883,58.8813,0.9907,1.4671,0.0,0.0,-0.3995,-0.3995,HOLD_CASH
2020-02-24,13,ESS,XEL,263.2863,58.5071,0.9907,1.1302,0.0,0.0,-0.3995,-0.3995,HOLD_CASH
2020-02-25,13,ESS,XEL,256.9023,57.2351,0.9907,0.9022,0.0,0.0,-0.3995,-0.3995,HOLD_CASH
2020-02-26,13,ESS,XEL,256.1185,56.8277,0.9907,1.1433,0.0,0.0,-0.3995,-0.3995,HOLD_CASH
2020-02-27,13,ESS,XEL,239.7544,53.9177,0.9907,-0.0048,0.0,0.0,-0.3995,-0.3995,HOLD_CASH
2020-02-28,13,ESS,XEL,228.9825,51.8142,0.9907,-0.5391,0.0,0.0,-0.3995,-0.3995,HOLD_CASH
2020-03-02,13,ESS,XEL,237.1281,54.7657,0.9907,-2.0458,1.0,0.0,-0.4829,-0.4829,ENTER_LONG_A
2020-03-03,13,ESS,XEL,235.8756,54.6327,0.9907,-2.0811,1.0,-0.1204,-0.4829,-0.6032,HOLDING
2020-03-04,13,ESS,XEL,244.7485,57.5344,0.9907,-2.5278,1.0,-0.7513,-0.4829,-1.2342,HOLDING
2020-03-05,13,ESS,XEL,240.0696,57.5759,0.9907,-2.8189,1.0,-1.6088,-0.4829,-2.0916,HOLDING
2020-03-06,13,ESS,XEL,238.1141,58.3242,0.9907,-2.7588,1.0,-2.5207,-0.4829,-3.0035,HOLDING
2020-03-09,13,ESS,XEL,225.6531,56.5284,0.9907,-2.6513,1.0,-3.3605,-0.4829,-3.8434,HOLDING
2020-03-10,13,ESS,XEL,237.71,56.9441,0.9907,-1.2449,1.0,-1.5468,-0.4829,-2.0297,HOLDING
2020-03-11,13,ESS,XEL,224.2794,55.5556,0.9907,-1.8427,1.0,-2.8664,-0.4829,-3.3492,HOLDING
2020-03-12,13,ESS,XEL,212.2953,51.2879,0.9907,-1.1185,1.0,-1.7502,-0.4829,-2.2331,HOLDING
2020-03-13,13,ESS,XEL,222.8167,55.9321,0.9907,-1.7548,1.0,-3.4097,-0.4829,-3.8926,HOLDING
2020-03-16,13,ESS,XEL,180.7472,48.836,0.9907,-2.6114,1.0,-5.4629,-0.4829,-5.9457,HOLDING
2020-03-17,13,ESS,XEL,190.7676,54.3339,0.9907,-2.6501,0.0,-7.8572,-8.4149,-8.4149,STOP_LOSS_TRIGGERED
2020-03-18,13,ESS,XEL,166.6702,51.3548,0.9907,-2.7559,0.0,0.0,-8.4149,-8.4149,STOPPED
2020-03-19,13,ESS,XEL,168.949,48.5264,0.9907,-1.7148,0.0,0.0,-8.4149,-8.4149,STOPPED
2020-03-20,13,ESS,XEL,158.6538,42.3675,0.9907,-0.8742,0.0,0.0,-8.4149,-8.4149,STOPPED
2020-03-23,13,ESS,XEL,147.2596,41.8403,0.9907,-1.3693,0.0,0.0,-8.4149,-8.4149,STOPPED
2020-03-24,13,ESS,XEL,151.9304,45.2294,0.9907,-1.6268,0.0,0.0,-8.4149,-8.4149,STOPPED
2020-03-25,13,ESS,XEL,162.2417,46.4846,0.9907,-1.1315,0.0,0.0,-8.4149,-8.4149,STOPPED
2020-03-26,13,ESS,XEL,176.7309,48.4595,0.9907,-0.6098,0.0,0.0,-8.4149,-8.4149,STOPPED
2020-03-27,13,ESS,XEL,184.7311,49.1791,0.9907,-0.2265,0.0,0.0,-8.4149,-8.4149,STOPPED
2020-03-30,13,ESS,XEL,183.9058,52.3506,0.9907,-0.8735,0.0,0.0,-8.4149,-8.4149,STOPPED
2020-03-31,13,ESS,XEL,179.6081,50.4594,0.9907,-0.6502,0.0,0.0,-8.4149,-8.4149,STOPPED
2020-04-01,13,ESS,XEL,163.3631,48.6017,0.9907,-1.2321,0.0,0.0,-8.4149,-8.4149,STOPPED
2020-04-02,13,ESS,XEL,158.5923,50.5598,0.9907,-1.83,0.0,0.0,-8.4149,-8.4149,STOPPED
2020-04-03,13,ESS,XEL,155.6483,48.4176,0.9907,-1.3914,0.0,0.0,-8.4149,-8.4149,STOPPED
2020-04-06,13,ESS,XEL,173.3857,51.1707,0.9907,-0.6856,0.0,0.0,-8.4149,-8.4149,STOPPED
2020-04-07,13,ESS,XEL,175.0331,49.5641,0.9907,-0.0954,0.0,0.0,-8.4149,-8.4149,STOPPED
2020-04-08,13,ESS,XEL,190.9273,52.5515,0.9907,0.3981,0.0,0.0,-8.4149,-8.4149,STOPPED
2020-04-09,13,ESS,XEL,201.3985,55.4552,0.9907,0.584,0.0,0.0,-8.4149,-8.4149,STOPPED
2020-04-13,13,ESS,XEL,195.5594,53.2711,0.9907,0.9489,0.0,0.0,-8.4149,-8.4149,STOPPED
2020-04-14,13,ESS,XEL,206.0143,55.4384,0.9907,1.1837,0.0,0.0,-8.4149,-8.4149,STOPPED
2020-04-15,13,ESS,XEL,200.1263,53.8067,0.9907,1.1005,0.0,0.0,-8.4149,-8.4149,STOPPED
2020-04-16,13,ESS,XEL,200.6401,54.6016,0.9907,0.7932,0.0,0.0,-8.4149,-8.4149,STOPPED
2020-04-17,13,ESS,XEL,212.7178,56.1916,0.9907,1.2485,0.0,0.0,-8.4149,-8.4149,STOPPED
2020-04-20,13,ESS,XEL,197.272,53.8485,0.9907,0.6485,0.0,0.0,-8.4149,-8.4149,STOPPED
2020-04-21,13,ESS,XEL,194.7358,53.0619,0.9907,0.631,0.0,0.0,-8.4149,-8.4149,STOPPED
2020-04-22,13,ESS,XEL,199.5717,54.6602,0.9907,0.4697,0.0,0.0,-8.4149,-8.4149,STOPPED
2020-04-23,13,ESS,XEL,196.7419,53.8736,0.9907,0.4258,0.0,0.0,-8.4149,-8.4149,STOPPED
2020-04-24,13,ESS,XEL,197.0355,54.0326,0.9907,0.3967,0.0,0.0,-8.4149,-8.4149,STOPPED
2020-04-27,13,ESS,XEL,205.5658,54.7857,0.9907,0.959,0.0,0.0,-8.4149,-8.4149,STOPPED
2020-04-28,13,ESS,XEL,201.8063,55.3715,0.9907,0.3538,0.0,0.0,-8.4149,-8.4149,STOPPED
2020-04-29,13,ESS,XEL,203.2415,54.4594,0.9907,0.7563,0.0,0.0,-8.4149,-8.4149,STOPPED
2020-04-30,13,ESS,XEL,199.0662,53.1874,0.9907,0.7266,0.0,0.0,-8.4149,-8.4149,STOPPED
2020-05-01,13,ESS,XEL,193.121,52.0326,0.9907,0.5123,0.0,0.0,-8.4149,-8.4149,STOPPED
2020-05-04,13,ESS,XEL,197.5901,52.2084,0.9907,1.2305,0.0,0.0,-8.4149,-8.4149,STOPPED
2020-05-05,13,ESS,XEL,199.4086,52.9531,0.9907,1.2016,0.0,0.0,-8.4149,-8.4149,STOPPED
2020-05-06,13,ESS,XEL,196.8561,51.2293,0.9907,2.2568,0.0,0.0,-8.4149,-8.4149,STOPPED
2020-05-07,13,ESS,XEL,203.1111,50.1749,0.9907,3.3332,0.0,0.0,-8.4149,-8.4149,STOPPED
2020-05-08,13,ESS,XEL,201.1457,50.4678,0.9907,2.2157,0.0,0.0,-8.4149,-8.4149,STOPPED
2020-05-11,13,ESS,XEL,198.1038,50.3172,0.9907,1.5624,0.0,0.0,-8.4149,-8.4149,STOPPED
2020-05-12,13,ESS,XEL,187.4859,49.1959,0.9907,0.4304,0.0,0.0,-8.4149,-8.4149,STOPPED
2020-05-13,13,ESS,XEL,188.2036,48.585,0.9907,0.8859,0.0,0.0,-8.4149,-8.4149,STOPPED
2020-05-14,13,ESS,XEL,183.498,48.7021,0.9907,-0.0577,0.0,0.0,-8.4149,-8.4149,STOPPED
2020-05-15,13,ESS,XEL,184.754,48.4427,0.9907,0.3335,0.0,0.0,-8.4149,-8.4149,STOPPED
2020-05-18,13,ESS,XEL,196.2119,50.3172,0.9907,0.9776,0.0,0.0,-8.4149,-8.4149,STOPPED
2020-05-19,13,ESS,XEL,188.3748,49.9574,0.9907,-0.1851,0.0,0.0,-8.4149,-8.4149,STOPPED
2020-05-20,13,ESS,XEL,192.3463,50.4176,0.9907,0.149,0.0,0.0,-8.4149,-8.4149,STOPPED
2020-05-21,13,ESS,XEL,191.9957,50.3339,0.9907,0.07,0.0,0.0,-8.4149,-8.4149,STOPPED
2020-05-22,13,ESS,XEL,192.7949,50.518,0.9907,0.0062,0.0,0.0,-8.4149,-8.4149,STOPPED
2020-05-26,13,ESS,XEL,201.6024,51.0954,0.9907,1.2247,0.0,0.0,-8.4149,-8.4149,STOPPED
2020-05-27,13,ESS,XEL,202.2792,51.6561,0.9907,0.8625,0.0,0.0,-8.4149,-8.4149,STOPPED
2020-05-28,13,ESS,XEL,202.948,53.564,0.9907,-0.5902,0.0,0.0,-8.4149,-8.4149,STOPPED
2020-05-29,13,ESS,XEL,197.9815,54.4175,0.9907,-2.0948,0.0,0.0,-8.4149,-8.4149,STOPPED
2020-06-01,13,ESS,XEL,201.3578,55.02,0.9907,-1.7509,0.0,0.0,-8.4149,-8.4149,STOPPED
2020-06-02,13,ESS,XEL,201.2598,55.2878,0.9907,-1.7288,0.0,0.0,-8.4149,-8.4149,STOPPED
2019-12-02,14,JPM,PNC,110.9201,120.8823,1.0347,0.0,0.0,0.0,0.0,0.0,HOLD_CASH
2019-12-03,14,JPM,PNC,109.4943,119.1006,1.0347,0.0,0.0,0.0,0.0,0.0,HOLD_CASH
2019-12-04,14,JPM,PNC,111.6541,120.3811,1.0347,0.0,0.0,0.0,0.0,0.0,HOLD_CASH
2019-12-05,14,JPM,PNC,112.2616,121.0572,1.0347,0.0,0.0,0.0,0.0,0.0,HOLD_CASH
2019-12-06,14,JPM,PNC,113.9321,122.3378,1.0347,0.0,0.0,0.0,0.0,0.0,HOLD_CASH
2019-12-09,14,JPM,PNC,113.4006,122.2503,1.0347,0.0,0.0,0.0,0.0,0.0,HOLD_CASH
2019-12-10,14,JPM,PNC,113.4765,123.7615,1.0347,0.0,0.0,0.0,0.0,0.0,HOLD_CASH
2019-12-11,14,JPM,PNC,113.2065,123.2843,1.0347,0.0,0.0,0.0,0.0,0.0,HOLD_CASH
2019-12-12,14,JPM,PNC,116.4463,126.4658,1.0347,0.0,0.0,0.0,0.0,0.0,HOLD_CASH
2019-12-13,14,JPM,PNC,115.4254,126.1795,1.0347,0.0,0.0,0.0,0.0,0.0,HOLD_CASH
2019-12-16,14,JPM,PNC,115.8726,126.4658,1.0347,0.0,0.0,0.0,0.0,0.0,HOLD_CASH
2019-12-17,14,JPM,PNC,116.5813,127.5475,1.0347,0.0,0.0,0.0,0.0,0.0,HOLD_CASH
2019-12-18,14,JPM,PNC,116.4632,127.3009,1.0347,0.0,0.0,0.0,0.0,0.0,HOLD_CASH
2019-12-19,14,JPM,PNC,115.881,126.8874,1.0347,0.0,0.0,0.0,0.0,0.0,HOLD_CASH
2019-12-20,14,JPM,PNC,115.7882,127.1181,1.0347,0.0,0.0,0.0,0.0,0.0,HOLD_CASH
2019-12-23,14,JPM,PNC,115.7545,126.8874,1.0347,0.0,0.0,0.0,0.0,0.0,HOLD_CASH
2019-12-24,14,JPM,PNC,116.0751,127.5953,1.0347,0.0,0.0,0.0,0.0,0.0,HOLD_CASH
2019-12-26,14,JPM,PNC,117.3068,128.1759,1.0347,0.0,0.0,0.0,0.0,0.0,HOLD_CASH
2019-12-27,14,JPM,PNC,117.3912,127.9055,1.0347,0.0,0.0,0.0,0.0,0.0,HOLD_CASH
2019-12-30,14,JPM,PNC,116.961,127.2771,1.0347,0.0215,0.0,0.0,0.0,0.0,HOLD_CASH
2019-12-31,14,JPM,PNC,117.6106,126.9669,1.0347,1.0686,0.0,0.0,0.0,0.0,HOLD_CASH
2020-01-02,14,JPM,PNC,119.0364,127.5555,1.0347,1.7953,0.0,0.0,0.0,0.0,HOLD_CASH
2020-01-03,14,JPM,PNC,117.4656,126.3306,1.0347,1.3708,0.0,0.0,0.0,0.0,HOLD_CASH
2020-01-06,14,JPM,PNC,117.3722,126.0761,1.0347,1.4822,0.0,0.0,0.0,0.0,HOLD_CASH
2020-01-07,14,JPM,PNC,115.3768,125.0819,1.0347,0.5006,0.0,0.0,0.0,0.0,HOLD_CASH
2020-01-08,14,JPM,PNC,116.2768,126.3783,1.0347,0.194,0.0,0.0,0.0,0.0,HOLD_CASH
2020-01-09,14,JPM,PNC,116.7014,127.9055,1.0347,-0.9427,0.0,0.0,0.0,0.0,HOLD_CASH
2020-01-10,14,JPM,PNC,115.5381,126.1238,1.0347,-0.3205,0.0,0.0,0.0,0.0,HOLD_CASH
2020-01-13,14,JPM,PNC,116.4976,126.8158,1.0347,0.043,0.0,0.0,0.0,0.0,HOLD_CASH
2020-01-14,14,JPM,PNC,117.8562,127.1658,1.0347,1.0949,0.0,0.0,0.0,0.0,HOLD_CASH
2020-01-15,14,JPM,PNC,116.09,122.5525,1.0347,2.8701,-1.0,0.0,-0.0833,-0.0833,ENTER_SHORT_A
2020-01-16,14,JPM,PNC,116.5401,122.3041,1.0347,2.5971,-1.0,-0.2447,-0.0833,-0.328,HOLDING
2020-01-17,14,JPM,PNC,117.3467,122.8971,1.0347,2.2203,-1.0,-0.3242,-0.0833,-0.4075,HOLDING
2020-01-21,14,JPM,PNC,116.1919,121.5268,1.0347,1.9663,-1.0,-0.3906,-0.0833,-0.474,HOLDING
2020-01-22,14,JPM,PNC,116.056,122.0156,1.0347,1.4639,-1.0,-0.1737,-0.0833,-0.257,HOLDING
2020-01-23,14,JPM,PNC,115.9372,122.3762,1.0347,1.1084,-1.0,-0.007,-0.0833,-0.0904,HOLDING
2020-01-24,14,JPM,PNC,113.0587,120.5091,1.0347,0.4994,0.0,0.0,0.1979,0.1979,EXIT
2020-01-27,14,JPM,PNC,112.1077,119.0265,1.0347,0.6851,0.0,0.0,0.1979,0.1979,HOLD_CASH
2020-01-28,14,JPM,PNC,114.1456,119.9561,1.0347,1.1772,0.0,0.0,0.1979,0.1979,HOLD_CASH
2020-01-29,14,JPM,PNC,113.9758,119.0746,1.0347,1.3923,0.0,0.0,0.1979,0.1979,HOLD_CASH
2020-01-30,14,JPM,PNC,115.3853,120.9738,1.0347,1.0358,0.0,0.0,0.1979,0.1979,HOLD_CASH
2020-01-31,14,JPM,PNC,112.3879,119.0426,1.0347,0.4195,0.0,0.0,0.1979,0.1979,HOLD_CASH
2020-02-03,14,JPM,PNC,113.2455,119.8359,1.0347,0.4115,0.0,0.0,0.1979,0.1979,HOLD_CASH
2020-02-04,14,JPM,PNC,114.8758,120.7335,1.0347,0.7303,0.0,0.0,0.1979,0.1979,HOLD_CASH
2020-02-05,14,JPM,PNC,116.8287,123.2417,1.0347,0.3996,0.0,0.0,0.1979,0.1979,HOLD_CASH
2020-02-06,14,JPM,PNC,116.8457,122.4885,1.0347,0.7202,0.0,0.0,0.1979,0.1979,HOLD_CASH
2020-02-07,14,JPM,PNC,116.4721,122.8891,1.0347,0.1962,0.0,0.0,0.1979,0.1979,HOLD_CASH
2020-02-10,14,JPM,PNC,116.9561,123.2978,1.0347,0.1406,0.0,0.0,0.1979,0.1979,HOLD_CASH
2020-02-11,14,JPM,PNC,117.1769,124.0431,1.0347,-0.5562,0.0,0.0,0.1979,0.1979,HOLD_CASH
2020-02-12,14,JPM,PNC,117.1769,124.3796,1.0347,-1.4425,0.0,0.0,0.1979,0.1979,HOLD_CASH
2020-02-13,14,JPM,PNC,117.075,124.4678,1.0347,-1.5545,0.0,0.0,0.1979,0.1979,HOLD_CASH
2020-02-14,14,JPM,PNC,116.7183,123.5142,1.0347,-0.6517,0.0,0.0,0.1979,0.1979,HOLD_CASH
2020-02-18,14,JPM,PNC,115.173,121.3184,1.0347,0.2938,0.0,0.0,0.1979,0.1979,HOLD_CASH
2020-02-19,14,JPM,PNC,116.7439,122.8891,1.0347,0.422,0.0,0.0,0.1979,0.1979,HOLD_CASH
2020-02-20,14,JPM,PNC,116.7439,123.7946,1.0347,-0.9122,0.0,0.0,0.1979,0.1979,HOLD_CASH
2020-02-21,14,JPM,PNC,115.3173,123.2497,1.0347,-1.9767,0.0,0.0,0.1979,0.1979,HOLD_CASH
2020-02-24,14,JPM,PNC,112.2181,119.2509,1.0347,-0.9008,0.0,0.0,0.1979,0.1979,HOLD_CASH
2020-02-25,14,JPM,PNC,107.2084,113.2647,1.0347,0.3466,0.0,0.0,0.1979,0.1979,HOLD_CASH
2020-02-26,14,JPM,PNC,107.531,111.1572,1.0347,2.9703,-1.0,0.0,0.1146,0.1146,ENTER_SHORT_A
2020-02-27,14,JPM,PNC,103.0562,104.6741,1.0347,3.3688,-1.0,-0.7672,0.1146,-0.6526,HOLDING
2020-02-28,14,JPM,PNC,98.5899,101.2924,1.0347,2.1122,-1.0,-0.3554,0.1146,-0.2408,HOLDING
2020-03-02,14,JPM,PNC,103.1836,106.2929,1.0347,1.5814,-1.0,-0.1986,0.1146,-0.084,HOLDING
2020-03-03,14,JPM,PNC,99.3116,100.5631,1.0347,2.2734,-1.0,-0.9083,0.1146,-0.7937,HOLDING
2020-03-04,14,JPM,PNC,101.7656,103.6964,1.0347,1.6276,-1.0,-0.6484,0.1146,-0.5338,HOLDING
2020-03-05,14,JPM,PNC,96.7728,96.7166,1.0347,2.2249,-1.0,-1.4077,0.1146,-1.2931,HOLDING
2020-03-06,14,JPM,PNC,91.7716,91.5398,1.0347,2.0006,-1.0,-1.4765,0.1146,-1.3619,HOLDING
2020-03-09,14,JPM,PNC,79.3406,79.1347,1.0347,1.87,-1.0,-1.4711,0.1146,-1.3565,HOLDING
2020-03-10,14,JPM,PNC,85.5052,86.5793,1.0347,1.1024,-1.0,-0.9809,0.1146,-0.8663,HOLDING
2020-03-11,14,JPM,PNC,81.4804,81.691,1.0347,1.3539,-1.0,-1.3115,0.1146,-1.1969,HOLDING
2020-03-12,14,JPM,PNC,74.764,75.9051,1.0347,0.9197,-1.0,-0.9592,0.1146,-0.8446,HOLDING
2020-03-13,14,JPM,PNC,88.2308,85.7299,1.0347,1.9452,-1.0,-2.3428,0.1146,-2.2282,HOLDING
2020-03-16,14,JPM,PNC,75.0272,72.0987,1.0347,2.0844,-1.0,-2.5106,0.1146,-2.396,HOLDING
2020-03-17,14,JPM,PNC,79.6124,76.9309,1.0347,1.6347,-1.0,-2.4148,0.1146,-2.3001,HOLDING
2020-03-18,14,JPM,PNC,71.2316,70.1434,1.0347,1.0939,-1.0,-1.8104,0.1146,-1.6958,HOLDING
2020-03-19,14,JPM,PNC,72.4289,74.062,1.0347,-0.0662,0.0,0.0,-0.7137,-0.7137,EXIT
2020-03-20,14,JPM,PNC,70.9005,71.714,1.0347,0.1957,0.0,0.0,-0.7137,-0.7137,HOLD_CASH
2020-03-23,14,JPM,PNC,67.105,64.6219,1.0347,1.7585,0.0,0.0,-0.7137,-0.7137,HOLD_CASH
2020-03-24,14,JPM,PNC,75.0866,72.267,1.0347,1.5441,0.0,0.0,-0.7137,-0.7137,HOLD_CASH
2020-03-25,14,JPM,PNC,77.8887,73.7655,1.0347,1.8347,0.0,0.0,-0.7137,-0.7137,HOLD_CASH
2020-03-26,14,JPM,PNC,83.3145,82.4763,1.0347,0.1554,0.0,0.0,-0.7137,-0.7137,HOLD_CASH
2020-03-27,14,JPM,PNC,77.3792,80.2405,1.0347,-1.4112,0.0,0.0,-0.7137,-0.7137,HOLD_CASH
2020-03-30,14,JPM,PNC,79.3916,80.9137,1.0347,-0.8986,0.0,0.0,-0.7137,-0.7137,HOLD_CASH
2020-03-31,14,JPM,PNC,76.4452,76.7065,1.0347,-0.3096,0.0,0.0,-0.7137,-0.7137,HOLD_CASH
2020-04-01,14,JPM,PNC,71.6307,69.9991,1.0347,0.704,0.0,0.0,-0.7137,-0.7137,HOLD_CASH
2020-04-02,14,JPM,PNC,74.3054,72.7077,1.0347,0.5454,0.0,0.0,-0.7137,-0.7137,HOLD_CASH
2020-04-03,14,JPM,PNC,72.1091,68.2682,1.0347,1.6428,0.0,0.0,-0.7137,-0.7137,HOLD_CASH
2020-04-06,14,JPM,PNC,76.7505,76.378,1.0347,-0.2693,0.0,0.0,-0.7137,-0.7137,HOLD_CASH
2020-04-07,14,JPM,PNC,77.7629,76.0654,1.0347,0.2855,0.0,0.0,-0.7137,-0.7137,HOLD_CASH
2020-04-08,14,JPM,PNC,80.9029,79.7357,1.0347,-0.0837,0.0,0.0,-0.7137,-0.7137,HOLD_CASH
2020-04-09,14,JPM,PNC,88.161,84.4797,1.0347,0.798,0.0,0.0,-0.7137,-0.7137,HOLD_CASH
2020-04-13,14,JPM,PNC,84.2403,80.9057,1.0347,0.7336,0.0,0.0,-0.7137,-0.7137,HOLD_CASH
2020-04-14,14,JPM,PNC,81.9324,79.7116,1.0347,0.3072,0.0,0.0,-0.7137,-0.7137,HOLD_CASH
2020-04-15,14,JPM,PNC,77.8916,74.9364,1.0347,0.7971,0.0,0.0,-0.7137,-0.7137,HOLD_CASH
2020-04-16,14,JPM,PNC,74.9231,73.4041,1.0347,0.1326,0.0,0.0,-0.7137,-0.7137,HOLD_CASH
2020-04-17,14,JPM,PNC,81.6579,82.2898,1.0347,-1.1296,0.0,0.0,-0.7137,-0.7137,HOLD_CASH
2020-04-20,14,JPM,PNC,78.6809,83.141,1.0347,-2.4423,1.0,0.0,-0.797,-0.797,ENTER_LONG_A
2020-04-21,14,JPM,PNC,76.3988,80.2629,1.0347,-1.8852,1.0,0.2791,-0.797,-0.5179,HOLDING
2020-04-22,14,JPM,PNC,76.6476,80.1819,1.0347,-1.5458,1.0,0.4499,-0.797,-0.3471,HOLDING
2020-04-23,14,JPM,PNC,76.6905,80.6116,1.0347,-1.5154,1.0,0.2532,-0.797,-0.5438,HOLDING
2020-04-24,14,JPM,PNC,77.8229,81.6655,1.0347,-1.3299,1.0,0.3055,-0.797,-0.4915,HOLDING
2020-04-27,14,JPM,PNC,81.1775,85.5246,1.0347,-1.4116,1.0,0.0846,-0.797,-0.7124,HOLDING
2020-04-28,14,JPM,PNC,81.7523,85.93,1.0347,-1.262,1.0,0.1772,-0.797,-0.6198,HOLDING
2020-04-29,14,JPM,PNC,83.9572,89.9837,1.0347,-1.5782,1.0,-0.7412,-0.797,-1.5383,HOLDING
2020-04-30,14,JPM,PNC,82.1555,86.4813,1.0347,-1.02,1.0,0.1061,-0.797,-0.6909,HOLDING
2020-05-01,14,JPM,PNC,80.0021,83.4816,1.0347,-0.7148,1.0,0.5142,-0.797,-0.2828,HOLDING
2020-05-04,14,JPM,PNC,79.0498,82.379,1.0347,-0.5995,1.0,0.5805,-0.797,-0.2166,HOLDING
2020-05-05,14,JPM,PNC,78.9297,80.8872,1.0347,-0.1309,0.0,0.0,0.399,0.399,EXIT
2020-05-06,14,JPM,PNC,77.4454,79.8576,1.0347,-0.2131,0.0,0.0,0.399,0.399,HOLD_CASH
2020-05-07,14,JPM,PNC,78.2519,82.1195,1.0347,-0.6195,0.0,0.0,0.399,0.399,HOLD_CASH
2020-05-08,14,JPM,PNC,79.5302,85.1517,1.0347,-1.0945,0.0,0.0,0.399,0.399,HOLD_CASH
2020-05-11,14,JPM,PNC,77.1881,82.7924,1.0347,-1.0536,0.0,0.0,0.399,0.399,HOLD_CASH
2020-05-12,14,JPM,PNC,74.6657,81.0737,1.0347,-1.3237,0.0,0.0,0.399,0.399,HOLD_CASH
2020-05-13,14,JPM,PNC,72.092,78.4712,1.0347,-1.4233,0.0,0.0,0.399,0.399,HOLD_CASH
2020-05-14,14,JPM,PNC,75.0862,79.3225,1.0347,-0.1206,0.0,0.0,0.399,0.399,HOLD_CASH
2020-05-15,14,JPM,PNC,73.6963,78.8442,1.0347,-0.7523,0.0,0.0,0.399,0.399,HOLD_CASH
2020-05-18,14,JPM,PNC,77.5999,84.3652,1.0347,-1.6888,0.0,0.0,0.399,0.399,HOLD_CASH
2020-05-19,14,JPM,PNC,76.0728,81.9898,1.0347,-1.017,0.0,0.0,0.399,0.399,HOLD_CASH
2020-05-20,14,JPM,PNC,78.3549,84.6409,1.0347,-1.0923,0.0,0.0,0.399,0.399,HOLD_CASH
2020-05-21,14,JPM,PNC,77.3596,83.6599,1.0347,-1.0264,0.0,0.0,0.399,0.399,HOLD_CASH
2020-05-22,14,JPM,PNC,76.7591,84.8112,1.0347,-1.8948,0.0,0.0,0.399,0.399,HOLD_CASH
2020-05-26,14,JPM,PNC,82.207,88.8243,1.0347,-0.7835,0.0,0.0,0.399,0.399,HOLD_CASH
2020-05-27,14,JPM,PNC,86.9685,94.5319,1.0347,-1.0711,0.0,0.0,0.399,0.399,HOLD_CASH
2020-05-28,14,JPM,PNC,85.673,93.8833,1.0347,-1.3287,0.0,0.0,0.399,0.399,HOLD_CASH
2020-05-29,14,JPM,PNC,83.4853,92.4564,1.0347,-1.5689,0.0,0.0,0.399,0.399,HOLD_CASH
2020-06-01,14,JPM,PNC,84.592,92.9672,1.0347,-1.1276,0.0,0.0,0.399,0.399,HOLD_CASH
2020-06-02,14,JPM,PNC,84.8751,93.1212,1.0347,-0.9624,0.0,0.0,0.399,0.399,HOLD_CASH
2019-12-02,15,EVRG,KO,48.8899,44.7136,0.8216,0.0,0.0,0.0,0.0,0.0,HOLD_CASH
2019-12-03,15,EVRG,KO,49.031,44.7552,0.8216,0.0,0.0,0.0,0.0,0.0,HOLD_CASH
2019-12-04,15,EVRG,KO,49.5796,45.1628,0.8216,0.0,0.0,0.0,0.0,0.0,HOLD_CASH
2019-12-05,15,EVRG,KO,49.7912,45.0796,0.8216,0.0,0.0,0.0,0.0,0.0,HOLD_CASH
2019-12-06,15,EVRG,KO,49.4307,45.2709,0.8216,0.0,0.0,0.0,0.0,0.0,HOLD_CASH
2019-12-09,15,EVRG,KO,48.7958,44.9798,0.8216,0.0,0.0,0.0,0.0,0.0,HOLD_CASH
2019-12-10,15,EVRG,KO,49.1094,44.7302,0.8216,0.0,0.0,0.0,0.0,0.0,HOLD_CASH
2019-12-11,15,EVRG,KO,49.2896,44.88,0.8216,0.0,0.0,0.0,0.0,0.0,HOLD_CASH
2019-12-12,15,EVRG,KO,48.7018,45.038,0.8216,0.0,0.0,0.0,0.0,0.0,HOLD_CASH
2019-12-13,15,EVRG,KO,49.1877,45.2709,0.8216,0.0,0.0,0.0,0.0,0.0,HOLD_CASH
2019-12-16,15,EVRG,KO,49.5326,45.2709,0.8216,0.0,0.0,0.0,0.0,0.0,HOLD_CASH
2019-12-17,15,EVRG,KO,49.8461,45.2709,0.8216,0.0,0.0,0.0,0.0,0.0,HOLD_CASH
2019-12-18,15,EVRG,KO,50.042,44.8467,0.8216,0.0,0.0,0.0,0.0,0.0,HOLD_CASH
2019-12-19,15,EVRG,KO,49.9244,45.1877,0.8216,0.0,0.0,0.0,0.0,0.0,HOLD_CASH
2019-12-20,15,EVRG,KO,50.2536,45.7285,0.8216,0.0,0.0,0.0,0.0,0.0,HOLD_CASH
2019-12-23,15,EVRG,KO,50.0028,45.6786,0.8216,0.0,0.0,0.0,0.0,0.0,HOLD_CASH
2019-12-24,15,EVRG,KO,50.332,45.5122,0.8216,0.0,0.0,0.0,0.0,0.0,HOLD_CASH
2019-12-26,15,EVRG,KO,50.1988,45.7701,0.8216,0.0,0.0,0.0,0.0,0.0,HOLD_CASH
2019-12-27,15,EVRG,KO,50.2144,46.0446,0.8216,0.0,0.0,0.0,0.0,0.0,HOLD_CASH
2019-12-30,15,EVRG,KO,50.3398,45.978,0.8216,0.1911,0.0,0.0,0.0,0.0,HOLD_CASH
2019-12-31,15,EVRG,KO,51.0138,46.0446,0.8216,1.6347,0.0,0.0,0.0,0.0,HOLD_CASH
2020-01-02,15,EVRG,KO,49.7207,45.7451,0.8216,-0.9631,0.0,0.0,0.0,0.0,HOLD_CASH
2020-01-03,15,EVRG,KO,49.7677,45.4955,0.8216,-0.2544,0.0,0.0,0.0,0.0,HOLD_CASH
2020-01-06,15,EVRG,KO,49.6266,45.4789,0.8216,-0.515,0.0,0.0,0.0,0.0,HOLD_CASH
2020-01-07,15,EVRG,KO,49.658,45.1295,0.8216,0.336,0.0,0.0,0.0,0.0,HOLD_CASH
2020-01-08,15,EVRG,KO,49.752,45.2127,0.8216,0.3082,0.0,0.0,0.0,0.0,HOLD_CASH
2020-01-09,15,EVRG,KO,50.2223,46.0363,0.8216,-0.4339,0.0,0.0,0.0,0.0,HOLD_CASH
2020-01-10,15,EVRG,KO,50.5593,46.1943,0.8216,0.0895,0.0,0.0,0.0,0.0,HOLD_CASH
2020-01-13,15,EVRG,KO,51.1236,46.6934,0.8216,0.3182,0.0,0.0,0.0,0.0,HOLD_CASH
2020-01-14,15,EVRG,KO,51.39,46.5853,0.8216,1.3615,0.0,0.0,0.0,0.0,HOLD_CASH
2020-01-15,15,EVRG,KO,52.1973,47.1676,0.8216,1.9251,0.0,0.0,0.0,0.0,HOLD_CASH
2020-01-16,15,EVRG,KO,52.6283,47.2674,0.8216,2.3253,-1.0,0.0,-0.0833,-0.0833,ENTER_SHORT_A
2020-01-17,15,EVRG,KO,52.7694,47.3673,0.8216,2.1774,-1.0,-0.0433,-0.0833,-0.1266,HOLDING
2020-01-21,15,EVRG,KO,53.8196,47.5586,0.8216,2.8766,-1.0,-0.804,-0.0833,-0.8874,HOLDING
2020-01-22,15,EVRG,KO,54.1645,47.9246,0.8216,2.298,-1.0,-0.8127,-0.0833,-0.896,HOLDING
2020-01-23,15,EVRG,KO,55.0188,48.1076,0.8216,2.4783,-1.0,-1.4098,-0.0833,-1.4931,HOLDING
2020-01-24,15,EVRG,KO,55.9357,47.9829,0.8216,2.6591,-1.0,-2.3061,-0.0833,-2.3894,HOLDING
2020-01-27,15,EVRG,KO,56.2336,47.8165,0.8216,2.3872,-1.0,-2.6973,-0.0833,-2.7806,HOLDING
2020-01-28,15,EVRG,KO,56.5706,47.4255,0.8216,2.3077,-1.0,-3.3011,-0.0833,-3.3844,HOLDING
2020-01-29,15,EVRG,KO,56.5784,47.4255,0.8216,1.9486,-1.0,-3.3079,-0.0833,-3.3913,HOLDING
2020-01-30,15,EVRG,KO,56.79,48.9645,0.8216,1.1489,-1.0,-2.2681,-0.0833,-2.3514,HOLDING
2020-01-31,15,EVRG,KO,56.5549,48.5818,0.8216,1.0998,-1.0,-2.368,-0.0833,-2.4513,HOLDING
2020-02-03,15,EVRG,KO,56.2806,48.7316,0.8216,0.7989,-1.0,-2.0105,-0.0833,-2.0938,HOLDING
2020-02-04,15,EVRG,KO,55.6458,48.9478,0.8216,0.2898,0.0,0.0,-1.4573,-1.4573,EXIT
2020-02-05,15,EVRG,KO,55.6614,48.9562,0.8216,0.2299,0.0,0.0,-1.4573,-1.4573,HOLD_CASH
2020-02-06,15,EVRG,KO,55.8966,49.0726,0.8216,0.234,0.0,0.0,-1.4573,-1.4573,HOLD_CASH
2020-02-07,15,EVRG,KO,55.5439,49.239,0.8216,-0.1568,0.0,0.0,-1.4573,-1.4573,HOLD_CASH
2020-02-10,15,EVRG,KO,55.4812,49.7049,0.8216,-0.5742,0.0,0.0,-1.4573,-1.4573,HOLD_CASH
2020-02-11,15,EVRG,KO,55.5204,49.5718,0.8216,-0.5723,0.0,0.0,-1.4573,-1.4573,HOLD_CASH
2020-02-12,15,EVRG,KO,55.442,49.422,0.8216,-0.6291,0.0,0.0,-1.4573,-1.4573,HOLD_CASH
2020-02-13,15,EVRG,KO,56.0768,49.5884,0.8216,-0.3326,0.0,0.0,-1.4573,-1.4573,HOLD_CASH
2020-02-14,15,EVRG,KO,56.696,49.8712,0.8216,-0.1061,0.0,0.0,-1.4573,-1.4573,HOLD_CASH
2020-02-18,15,EVRG,KO,57.9029,49.5218,0.8216,1.1924,0.0,0.0,-1.4573,-1.4573,HOLD_CASH
2020-02-19,15,EVRG,KO,57.9264,49.7215,0.8216,0.9366,0.0,0.0,-1.4573,-1.4573,HOLD_CASH
2020-02-20,15,EVRG,KO,57.6521,49.6799,0.8216,0.6403,0.0,0.0,-1.4573,-1.4573,HOLD_CASH
2020-02-21,15,EVRG,KO,57.1427,50.021,0.8216,-0.1813,0.0,0.0,-1.4573,-1.4573,HOLD_CASH
2020-02-24,15,EVRG,KO,56.4217,48.7898,0.8216,0.2684,0.0,0.0,-1.4573,-1.4573,HOLD_CASH
2020-02-25,15,EVRG,KO,54.9404,48.0993,0.8216,-0.4999,0.0,0.0,-1.4573,-1.4573,HOLD_CASH
2020-02-26,15,EVRG,KO,54.5328,47.9163,0.8216,-0.6771,0.0,0.0,-1.4573,-1.4573,HOLD_CASH
2020-02-27,15,EVRG,KO,52.5108,45.6952,0.8216,-0.5336,0.0,0.0,-1.4573,-1.4573,HOLD_CASH
2020-02-28,15,EVRG,KO,51.2176,44.4973,0.8216,-0.6815,0.0,0.0,-1.4573,-1.4573,HOLD_CASH
2020-03-02,15,EVRG,KO,54.3839,46.5188,0.8216,1.0837,0.0,0.0,-1.4573,-1.4573,HOLD_CASH
2020-03-03,15,EVRG,KO,53.9607,46.6352,0.8216,0.3703,0.0,0.0,-1.4573,-1.4573,HOLD_CASH
2020-03-04,15,EVRG,KO,57.2759,49.0144,0.8216,1.5754,0.0,0.0,-1.4573,-1.4573,HOLD_CASH
2020-03-05,15,EVRG,KO,56.1239,47.2009,0.8216,1.9566,0.0,0.0,-1.4573,-1.4573,HOLD_CASH
2020-03-06,15,EVRG,KO,55.1254,45.9697,0.8216,1.8642,0.0,0.0,-1.4573,-1.4573,HOLD_CASH
2020-03-09,15,EVRG,KO,50.9341,43.1413,0.8216,0.2755,0.0,0.0,-1.4573,-1.4573,HOLD_CASH
2020-03-10,15,EVRG,KO,52.6943,44.6387,0.8216,0.5461,0.0,0.0,-1.4573,-1.4573,HOLD_CASH
2020-03-11,15,EVRG,KO,49.2134,43.4325,0.8216,-2.1003,1.0,0.0,-1.5406,-1.5406,ENTER_LONG_A
2020-03-12,15,EVRG,KO,44.1698,39.2315,0.8216,-2.744,1.0,-1.053,-1.5406,-2.5936,HOLDING
2020-03-13,15,EVRG,KO,46.6403,40.6749,0.8216,-1.4647,1.0,-0.0055,-1.5406,-1.5462,HOLDING
2020-03-16,15,EVRG,KO,39.1497,37.9811,0.8216,-3.5368,1.0,-4.6374,-1.5406,-6.178,HOLDING
2020-03-17,15,EVRG,KO,45.4327,39.5923,0.8216,-0.6625,1.0,-0.1913,-1.5406,-1.7319,HOLDING
2020-03-18,15,EVRG,KO,45.551,37.637,0.8216,0.4376,0.0,0.0,-0.0047,-0.0047,EXIT
2020-03-19,15,EVRG,KO,43.491,35.1027,0.8216,0.7026,0.0,0.0,-0.0047,-0.0047,HOLD_CASH
2020-03-20,15,EVRG,KO,37.2396,32.1404,0.8216,-1.2051,0.0,0.0,-0.0047,-0.0047,HOLD_CASH
2020-03-23,15,EVRG,KO,35.4558,31.5195,0.8216,-1.7158,0.0,0.0,-0.0047,-0.0047,HOLD_CASH
2020-03-24,15,EVRG,KO,40.0259,33.1055,0.8216,0.0579,0.0,0.0,-0.0047,-0.0047,HOLD_CASH
2020-03-25,15,EVRG,KO,40.9652,34.9181,0.8216,-0.3623,0.0,0.0,-0.0047,-0.0047,HOLD_CASH
2020-03-26,15,EVRG,KO,45.9062,37.1671,0.8216,0.9396,0.0,0.0,-0.0047,-0.0047,HOLD_CASH
2020-03-27,15,EVRG,KO,45.4011,35.9251,0.8216,1.1902,0.0,0.0,-0.0047,-0.0047,HOLD_CASH
2020-03-30,15,EVRG,KO,46.6561,37.7629,0.8216,0.8794,0.0,0.0,-0.0047,-0.0047,HOLD_CASH
2020-03-31,15,EVRG,KO,43.4515,37.1335,0.8216,-0.2464,0.0,0.0,-0.0047,-0.0047,HOLD_CASH
2020-04-01,15,EVRG,KO,40.8468,35.3461,0.8216,-0.6083,0.0,0.0,-0.0047,-0.0047,HOLD_CASH
2020-04-02,15,EVRG,KO,42.2123,36.8818,0.8216,-0.5782,0.0,0.0,-0.0047,-0.0047,HOLD_CASH
2020-04-03,15,EVRG,KO,40.8862,36.7811,0.8216,-1.0804,0.0,0.0,-0.0047,-0.0047,HOLD_CASH
2020-04-06,15,EVRG,KO,45.6852,39.1643,0.8216,0.1901,0.0,0.0,-0.0047,-0.0047,HOLD_CASH
2020-04-07,15,EVRG,KO,45.0538,39.0301,0.8216,0.0045,0.0,0.0,-0.0047,-0.0047,HOLD_CASH
2020-04-08,15,EVRG,KO,48.0374,40.1294,0.8216,0.8391,0.0,0.0,-0.0047,-0.0047,HOLD_CASH
2020-04-09,15,EVRG,KO,49.8054,41.1196,0.8216,1.0689,0.0,0.0,-0.0047,-0.0047,HOLD_CASH
2020-04-13,15,EVRG,KO,47.9505,39.3825,0.8216,0.9376,0.0,0.0,-0.0047,-0.0047,HOLD_CASH
2020-04-14,15,EVRG,KO,49.3634,41.0525,0.8216,0.8182,0.0,0.0,-0.0047,-0.0047,HOLD_CASH
2020-04-15,15,EVRG,KO,47.4296,39.9532,0.8216,0.3351,0.0,0.0,-0.0047,-0.0047,HOLD_CASH
2020-04-16,15,EVRG,KO,47.327,39.5252,0.8216,0.5055,0.0,0.0,-0.0047,-0.0047,HOLD_CASH
2020-04-17,15,EVRG,KO,48.1321,40.3308,0.8216,0.5348,0.0,0.0,-0.0047,-0.0047,HOLD_CASH
2020-04-20,15,EVRG,KO,46.664,39.0469,0.8216,0.3544,0.0,0.0,-0.0047,-0.0047,HOLD_CASH
2020-04-21,15,EVRG,KO,45.9694,38.0818,0.8216,0.4268,0.0,0.0,-0.0047,-0.0047,HOLD_CASH
2020-04-22,15,EVRG,KO,47.0034,38.3336,0.8216,0.8694,0.0,0.0,-0.0047,-0.0047,HOLD_CASH
2020-04-23,15,EVRG,KO,45.6142,37.8217,0.8216,0.2353,0.0,0.0,-0.0047,-0.0047,HOLD_CASH
2020-04-24,15,EVRG,KO,46.1825,38.1238,0.8216,0.4482,0.0,0.0,-0.0047,-0.0047,HOLD_CASH
2020-04-27,15,EVRG,KO,46.7745,39.2567,0.8216,0.1674,0.0,0.0,-0.0047,-0.0047,HOLD_CASH
2020-04-28,15,EVRG,KO,47.4296,39.2231,0.8216,0.7023,0.0,0.0,-0.0047,-0.0047,HOLD_CASH
2020-04-29,15,EVRG,KO,47.0349,39.542,0.8216,0.1378,0.0,0.0,-0.0047,-0.0047,HOLD_CASH
2020-04-30,15,EVRG,KO,46.1194,38.5098,0.8216,0.1304,0.0,0.0,-0.0047,-0.0047,HOLD_CASH
2020-05-01,15,EVRG,KO,44.1382,38.2664,0.8216,-1.4293,0.0,0.0,-0.0047,-0.0047,HOLD_CASH
2020-05-04,15,EVRG,KO,44.6986,37.8804,0.8216,-1.0593,0.0,0.0,-0.0047,-0.0047,HOLD_CASH
2020-05-05,15,EVRG,KO,45.2195,38.0986,0.8216,-0.7263,0.0,0.0,-0.0047,-0.0047,HOLD_CASH
2020-05-06,15,EVRG,KO,43.3568,37.5531,0.8216,-2.4138,1.0,0.0,-0.088,-0.088,ENTER_LONG_A
2020-05-07,15,EVRG,KO,44.0987,37.4272,0.8216,-1.1551,1.0,0.9088,-0.088,0.8208,HOLDING
2020-05-08,15,EVRG,KO,45.3853,38.6944,0.8216,-0.9798,1.0,0.9981,-0.088,0.91,HOLDING
2020-05-11,15,EVRG,KO,44.0119,38.2161,0.8216,-1.8659,1.0,0.0277,-0.088,-0.0603,HOLDING
2020-05-12,15,EVRG,KO,44.2803,37.6119,0.8216,-0.7515,1.0,0.9156,-0.088,0.8276,HOLDING
2020-05-13,15,EVRG,KO,44.6118,36.8734,0.8216,0.5388,1.0,2.0045,-0.088,1.9165,HOLDING
2020-05-14,15,EVRG,KO,44.7381,36.672,0.8216,0.914,1.0,2.3393,-0.088,2.2513,HOLDING
2020-05-15,15,EVRG,KO,44.6276,36.3027,0.8216,1.1676,1.0,2.5923,-0.088,2.5043,HOLDING
2020-05-18,15,EVRG,KO,46.5061,37.7378,0.8216,1.4989,1.0,3.1382,-0.088,3.0501,HOLDING
2020-05-19,15,EVRG,KO,45.9687,37.3769,0.8216,1.2327,1.0,2.9323,-0.088,2.8443,HOLDING
2020-05-20,15,EVRG,KO,47.0594,38.5098,0.8216,1.1969,1.0,2.9493,-0.088,2.8613,HOLDING
2020-05-21,15,EVRG,KO,46.6932,37.9056,0.8216,1.3302,1.0,3.1676,-0.088,3.0796,HOLDING
2020-05-22,15,EVRG,KO,47.768,37.7881,0.8216,2.1037,1.0,4.4193,-0.088,4.3312,HOLDING
2020-05-26,15,EVRG,KO,47.6804,38.6776,0.8216,1.1525,1.0,3.4366,-0.088,3.3485,HOLDING
2020-05-27,15,EVRG,KO,48.5084,39.2147,0.8216,1.2831,1.0,3.7726,-0.088,3.6846,HOLDING
2020-05-28,15,EVRG,KO,49.607,39.5168,0.8216,1.6435,1.0,4.6295,-0.088,4.5415,HOLDING
2020-05-29,15,EVRG,KO,49.1135,39.1727,0.8216,1.3839,1.0,4.4531,-0.088,4.365,HOLDING
2020-06-01,15,EVRG,KO,50.1245,39.4329,0.8216,1.6671,1.0,5.2595,-0.088,5.1715,HOLDING
2020-06-02,15,EVRG,KO,50.1882,39.3574,0.8216,1.5488,1.0,0.0,5.2219,5.2219,PERIOD_END_EXIT
2019-12-02,16,ED,PEG,68.2801,47.0622,1.024,0.0,0.0,0.0,0.0,0.0,HOLD_CASH
2019-12-03,16,ED,PEG,68.8707,46.9498,1.024,0.0,0.0,0.0,0.0,0.0,HOLD_CASH
2019-12-04,16,ED,PEG,69.2617,47.303,1.024,0.0,0.0,0.0,0.0,0.0,HOLD_CASH
2019-12-05,16,ED,PEG,69.1899,47.1505,1.024,0.0,0.0,0.0,0.0,0.0,HOLD_CASH
2019-12-06,16,ED,PEG,69.2697,47.0461,1.024,0.0,0.0,0.0,0.0,0.0,HOLD_CASH
2019-12-09,16,ED,PEG,69.0862,46.8438,1.024,0.0,0.0,0.0,0.0,0.0,HOLD_CASH
2019-12-10,16,ED,PEG,69.2777,46.682,1.024,0.0,0.0,0.0,0.0,0.0,HOLD_CASH
2019-12-11,16,ED,PEG,69.9082,47.1513,1.024,0.0,0.0,0.0,0.0,0.0,HOLD_CASH
2019-12-12,16,ED,PEG,69.8524,47.3374,1.024,0.0,0.0,0.0,0.0,0.0,HOLD_CASH
2019-12-13,16,ED,PEG,70.0998,47.3779,1.024,0.0,0.0,0.0,0.0,0.0,HOLD_CASH
2019-12-16,16,ED,PEG,70.419,48.0252,1.024,0.0,0.0,0.0,0.0,0.0,HOLD_CASH
2019-12-17,16,ED,PEG,70.6585,47.9443,1.024,0.0,0.0,0.0,0.0,0.0,HOLD_CASH
2019-12-18,16,ED,PEG,71.0336,47.9443,1.024,0.0,0.0,0.0,0.0,0.0,HOLD_CASH
2019-12-19,16,ED,PEG,71.5923,47.4588,1.024,0.0,0.0,0.0,0.0,0.0,HOLD_CASH
2019-12-20,16,ED,PEG,72.3345,47.475,1.024,0.0,0.0,0.0,0.0,0.0,HOLD_CASH
2019-12-23,16,ED,PEG,71.6562,47.4183,1.024,0.0,0.0,0.0,0.0,0.0,HOLD_CASH
2019-12-24,16,ED,PEG,71.5684,47.3455,1.024,0.0,0.0,0.0,0.0,0.0,HOLD_CASH
2019-12-26,16,ED,PEG,71.5524,47.4426,1.024,0.0,0.0,0.0,0.0,0.0,HOLD_CASH
2019-12-27,16,ED,PEG,71.7838,47.4022,1.024,0.0,0.0,0.0,0.0,0.0,HOLD_CASH
2019-12-30,16,ED,PEG,71.9834,47.475,1.024,1.3626,0.0,0.0,0.0,0.0,HOLD_CASH
2019-12-31,16,ED,PEG,72.2069,47.7825,1.024,1.0341,0.0,0.0,0.0,0.0,HOLD_CASH
2020-01-02,16,ED,PEG,70.9219,47.5073,1.024,0.0963,0.0,0.0,0.0,0.0,HOLD_CASH
2020-01-03,16,ED,PEG,70.7383,47.4993,1.024,-0.1579,0.0,0.0,0.0,0.0,HOLD_CASH
2020-01-06,16,ED,PEG,70.5068,47.038,1.024,0.3062,0.0,0.0,0.0,0.0,HOLD_CASH
2020-01-07,16,ED,PEG,69.9721,46.6091,1.024,0.3855,0.0,0.0,0.0,0.0,HOLD_CASH
2020-01-08,16,ED,PEG,69.4134,46.9005,1.024,-0.8915,0.0,0.0,0.0,0.0,HOLD_CASH
2020-01-09,16,ED,PEG,69.3416,47.2727,1.024,-1.548,0.0,0.0,0.0,0.0,HOLD_CASH
2020-01-10,16,ED,PEG,69.8284,47.1756,1.024,-0.7816,0.0,0.0,0.0,0.0,HOLD_CASH
2020-01-13,16,ED,PEG,70.0678,47.1351,1.024,-0.4689,0.0,0.0,0.0,0.0,HOLD_CASH
2020-01-14,16,ED,PEG,70.0599,47.2403,1.024,-0.6877,0.0,0.0,0.0,0.0,HOLD_CASH
2020-01-15,16,ED,PEG,71.0017,47.8148,1.024,-0.7082,0.0,0.0,0.0,0.0,HOLD_CASH
2020-01-16,16,ED,PEG,71.1693,47.7582,1.024,-0.455,0.0,0.0,0.0,0.0,HOLD_CASH
2020-01-17,16,ED,PEG,72.0233,47.8715,1.024,0.3992,0.0,0.0,0.0,0.0,HOLD_CASH
2020-01-21,16,ED,PEG,72.4942,48.1871,1.024,0.3969,0.0,0.0,0.0,0.0,HOLD_CASH
2020-01-22,16,ED,PEG,72.7576,48.794,1.024,-0.4463,0.0,0.0,0.0,0.0,HOLD_CASH
2020-01-23,16,ED,PEG,74.0425,49.9592,1.024,-1.0582,0.0,0.0,0.0,0.0,HOLD_CASH
2020-01-24,16,ED,PEG,74.713,49.8945,1.024,0.1295,0.0,0.0,0.0,0.0,HOLD_CASH
2020-01-27,16,ED,PEG,74.5533,48.8911,1.024,1.9978,0.0,0.0,0.0,0.0,HOLD_CASH
2020-01-28,16,ED,PEG,75.1679,48.2842,1.024,3.0064,-1.0,0.0,-0.0833,-0.0833,ENTER_SHORT_A
2020-01-29,16,ED,PEG,75.3754,48.6321,1.024,2.2443,-1.0,0.1901,-0.0833,0.1068,HOLDING
2020-01-30,16,ED,PEG,75.6149,48.5512,1.024,2.1514,-1.0,-0.0117,-0.0833,-0.095,HOLDING
2020-01-31,16,ED,PEG,75.0242,47.9039,1.024,2.0657,-1.0,-0.2534,-0.0833,-0.3367,HOLDING
2020-02-03,16,ED,PEG,74.9045,48.009,1.024,1.6275,-1.0,-0.096,-0.0833,-0.1793,HOLDING
2020-02-04,16,ED,PEG,73.859,47.7987,1.024,1.0653,-1.0,0.293,-0.0833,0.2097,HOLDING
2020-02-05,16,ED,PEG,74.5454,47.9686,1.024,1.1987,-1.0,0.0654,-0.0833,-0.0179,HOLDING
2020-02-06,16,ED,PEG,74.6012,47.1999,1.024,1.7127,-1.0,-0.6364,-0.0833,-0.7197,HOLDING
2020-02-07,16,ED,PEG,74.0505,46.6901,1.024,1.663,-1.0,-0.7799,-0.0833,-0.8632,HOLDING
2020-02-10,16,ED,PEG,74.29,46.4797,1.024,1.7343,-1.0,-1.0948,-0.0833,-1.1781,HOLDING
2020-02-11,16,ED,PEG,74.3698,46.7872,1.024,1.3568,-1.0,-0.87,-0.0833,-0.9533,HOLDING
2020-02-12,16,ED,PEG,74.1224,47.1028,1.024,0.878,-1.0,-0.4589,-0.0833,-0.5422,HOLDING
2020-02-13,16,ED,PEG,74.7369,47.2241,1.024,1.0016,-1.0,-0.6895,-0.0833,-0.7729,HOLDING
2020-02-14,16,ED,PEG,75.2637,47.3212,1.024,1.096,-1.0,-0.8933,-0.0833,-0.9766,HOLDING
2020-02-18,16,ED,PEG,75.9195,47.7582,1.024,0.9669,-1.0,-0.8709,-0.0833,-0.9543,HOLDING
2020-02-19,16,ED,PEG,75.5413,47.6611,1.024,0.7627,-1.0,-0.7486,-0.0833,-0.8319,HOLDING
2020-02-20,16,ED,PEG,76.1046,47.8877,1.024,0.8089,-1.0,-0.8593,-0.0833,-0.9426,HOLDING
2020-02-21,16,ED,PEG,72.564,48.5188,1.024,-2.2788,-1.0,1.6311,-0.0833,1.5478,HOLDING
2020-02-24,16,ED,PEG,71.5261,47.831,1.024,-2.2624,-1.0,1.5991,-0.0833,1.5158,HOLDING
2020-02-25,16,ED,PEG,71.011,46.4554,1.024,-1.1316,-1.0,0.68,-0.0833,0.5967,HOLDING
2020-02-26,16,ED,PEG,70.5605,44.9665,1.024,0.2343,0.0,0.0,-0.5345,-0.5345,EXIT
2020-02-27,16,ED,PEG,66.9395,42.7817,1.024,0.1162,0.0,0.0,-0.5345,-0.5345,HOLD_CASH
2020-02-28,16,ED,PEG,63.4231,41.5194,1.024,-1.0227,0.0,0.0,-0.5345,-0.5345,HOLD_CASH
2020-03-02,16,ED,PEG,68.0177,43.4614,1.024,0.1401,0.0,0.0,-0.5345,-0.5345,HOLD_CASH
2020-03-03,16,ED,PEG,67.4625,42.9274,1.024,0.3393,0.0,0.0,-0.5345,-0.5345,HOLD_CASH
2020-03-04,16,ED,PEG,70.8179,44.9827,1.024,0.3242,0.0,0.0,-0.5345,-0.5345,HOLD_CASH
2020-03-05,16,ED,PEG,70.4719,43.688,1.024,1.4141,0.0,0.0,-0.5345,-0.5345,HOLD_CASH
2020-03-06,16,ED,PEG,70.7294,44.2868,1.024,0.8745,0.0,0.0,-0.5345,-0.5345,HOLD_CASH
2020-03-09,16,ED,PEG,71.341,41.4454,1.024,3.0269,-1.0,0.0,-0.6178,-0.6178,ENTER_SHORT_A
2020-03-10,16,ED,PEG,71.9364,43.2253,1.024,1.6646,-1.0,1.467,-0.6178,0.8492,HOLDING
2020-03-11,16,ED,PEG,69.6029,39.8042,1.024,2.5053,-1.0,-0.6664,-0.6178,-1.2842,HOLDING
2020-03-12,16,ED,PEG,67.4223,36.4076,1.024,2.8258,-1.0,-2.8632,-0.6178,-3.481,HOLDING
2020-03-13,16,ED,PEG,70.8662,36.0402,1.024,2.8095,-1.0,-5.2245,-0.6178,-5.8423,HOLDING
2020-03-16,16,ED,PEG,64.0105,32.8885,1.024,2.1889,-1.0,-4.474,-0.6178,-5.0918,HOLDING
2020-03-17,16,ED,PEG,75.5413,35.1747,1.024,2.5454,0.0,-8.803,-9.5002,-9.5002,STOP_LOSS_TRIGGERED
2020-03-18,16,ED,PEG,74.1895,31.2392,1.024,2.6377,0.0,0.0,-9.5002,-9.5002,STOPPED
2020-03-19,16,ED,PEG,64.4451,31.9577,1.024,1.2446,0.0,0.0,-9.5002,-9.5002,STOPPED
2020-03-20,16,ED,PEG,58.4101,30.8799,1.024,0.7018,0.0,0.0,-9.5002,-9.5002,STOPPED
2020-03-23,16,ED,PEG,52.5844,30.0961,1.024,0.0544,0.0,0.0,-9.5002,-9.5002,STOPPED
2020-03-24,16,ED,PEG,56.7364,33.2967,1.024,-0.2097,0.0,0.0,-9.5002,-9.5002,STOPPED
2020-03-25,16,ED,PEG,57.0744,33.3866,1.024,-0.2265,0.0,0.0,-9.5002,-9.5002,STOPPED
2020-03-26,16,ED,PEG,61.0896,35.934,1.024,-0.33,0.0,0.0,-9.5002,-9.5002,STOPPED
2020-03-27,16,ED,PEG,62.6829,36.3178,1.024,-0.2694,0.0,0.0,-9.5002,-9.5002,STOPPED
2020-03-30,16,ED,PEG,64.96,36.3423,1.024,-0.0244,0.0,0.0,-9.5002,-9.5002,STOPPED
2020-03-31,16,ED,PEG,62.7633,36.6689,1.024,-0.4785,0.0,0.0,-9.5002,-9.5002,STOPPED
2020-04-01,16,ED,PEG,62.4495,34.9379,1.024,-0.1275,0.0,0.0,-9.5002,-9.5002,STOPPED
2020-04-02,16,ED,PEG,63.5117,36.971,1.024,-0.5863,0.0,0.0,-9.5002,-9.5002,STOPPED
2020-04-03,16,ED,PEG,62.6829,36.2198,1.024,-0.5752,0.0,0.0,-9.5002,-9.5002,STOPPED
2020-04-06,16,ED,PEG,65.2175,38.2529,1.024,-0.7435,0.0,0.0,-9.5002,-9.5002,STOPPED
2020-04-07,16,ED,PEG,64.3083,38.8081,1.024,-1.0495,0.0,0.0,-9.5002,-9.5002,STOPPED
2020-04-08,16,ED,PEG,67.4545,41.527,1.024,-1.1975,0.0,0.0,-9.5002,-9.5002,STOPPED
2020-04-09,16,ED,PEG,70.7616,43.2335,1.024,-1.0324,0.0,0.0,-9.5002,-9.5002,STOPPED
2020-04-13,16,ED,PEG,68.2672,42.1802,1.024,-1.0293,0.0,0.0,-9.5002,-9.5002,STOPPED
2020-04-14,16,ED,PEG,71.856,43.6662,1.024,-0.7888,0.0,0.0,-9.5002,-9.5002,STOPPED
2020-04-15,16,ED,PEG,69.9811,42.466,1.024,-0.7002,0.0,0.0,-9.5002,-9.5002,STOPPED
2020-04-16,16,ED,PEG,71.1398,42.5966,1.024,-0.5884,0.0,0.0,-9.5002,-9.5002,STOPPED
2020-04-17,16,ED,PEG,72.0652,44.5971,1.024,-1.3212,0.0,0.0,-9.5002,-9.5002,STOPPED
2020-04-20,16,ED,PEG,68.7741,42.3272,1.024,-1.1943,0.0,0.0,-9.5002,-9.5002,STOPPED
2020-04-21,16,ED,PEG,67.1809,40.833,1.024,-0.7176,0.0,0.0,-9.5002,-9.5002,STOPPED
2020-04-22,16,ED,PEG,67.6878,41.723,1.024,-1.0516,0.0,0.0,-9.5002,-9.5002,STOPPED
2020-04-23,16,ED,PEG,65.8049,41.1269,1.024,-1.2978,0.0,0.0,-9.5002,-9.5002,STOPPED
2020-04-24,16,ED,PEG,66.4969,41.9434,1.024,-1.3984,0.0,0.0,-9.5002,-9.5002,STOPPED
2020-04-27,16,ED,PEG,66.5211,42.466,1.024,-1.5332,0.0,0.0,-9.5002,-9.5002,STOPPED
2020-04-28,16,ED,PEG,66.8671,42.3599,1.024,-1.2619,0.0,0.0,-9.5002,-9.5002,STOPPED
2020-04-29,16,ED,PEG,65.4026,42.7028,1.024,-1.8359,0.0,0.0,-9.5002,-9.5002,STOPPED
2020-04-30,16,ED,PEG,63.407,41.4045,1.024,-1.7706,0.0,0.0,-9.5002,-9.5002,STOPPED
2020-05-01,16,ED,PEG,62.1598,40.3431,1.024,-1.4438,0.0,0.0,-9.5002,-9.5002,STOPPED
2020-05-04,16,ED,PEG,62.0069,40.1226,1.024,-1.2913,0.0,0.0,-9.5002,-9.5002,STOPPED
2020-05-05,16,ED,PEG,62.3932,40.6942,1.024,-1.4681,0.0,0.0,-9.5002,-9.5002,STOPPED
2020-05-06,16,ED,PEG,59.8505,39.2327,1.024,-1.4468,0.0,0.0,-9.5002,-9.5002,STOPPED
2020-05-07,16,ED,PEG,59.601,39.0449,1.024,-1.2725,0.0,0.0,-9.5002,-9.5002,STOPPED
2020-05-08,16,ED,PEG,59.6895,39.8206,1.024,-1.652,0.0,0.0,-9.5002,-9.5002,STOPPED
2020-05-11,16,ED,PEG,58.4504,39.3551,1.024,-1.6768,0.0,0.0,-9.5002,-9.5002,STOPPED
2020-05-12,16,ED,PEG,58.2186,38.212,1.024,-0.8262,0.0,0.0,-9.5002,-9.5002,STOPPED
2020-05-13,16,ED,PEG,58.1129,36.7097,1.024,0.4242,0.0,0.0,-9.5002,-9.5002,STOPPED
2020-05-14,16,ED,PEG,58.2593,38.0324,1.024,-0.5722,0.0,0.0,-9.5002,-9.5002,STOPPED
2020-05-15,16,ED,PEG,57.2183,37.1179,1.024,-0.2617,0.0,0.0,-9.5002,-9.5002,STOPPED
2020-05-18,16,ED,PEG,59.4547,40.2941,1.024,-1.7404,0.0,0.0,-9.5002,-9.5002,STOPPED
2020-05-19,16,ED,PEG,57.6412,39.6001,1.024,-2.0438,0.0,0.0,-9.5002,-9.5002,STOPPED
2020-05-20,16,ED,PEG,57.5273,39.8042,1.024,-2.0608,0.0,0.0,-9.5002,-9.5002,STOPPED
2020-05-21,16,ED,PEG,56.8605,39.249,1.024,-1.7548,0.0,0.0,-9.5002,-9.5002,STOPPED
2020-05-22,16,ED,PEG,57.0719,39.2898,1.024,-1.4953,0.0,0.0,-9.5002,-9.5002,STOPPED
2020-05-26,16,ED,PEG,57.8933,40.3349,1.024,-1.6999,0.0,0.0,-9.5002,-9.5002,STOPPED
2020-05-27,16,ED,PEG,57.9421,40.7514,1.024,-1.7897,0.0,0.0,-9.5002,-9.5002,STOPPED
2020-05-28,16,ED,PEG,59.4872,41.6658,1.024,-1.4765,0.0,0.0,-9.5002,-9.5002,STOPPED
2020-05-29,16,ED,PEG,61.0405,41.674,1.024,-0.6194,0.0,0.0,-9.5002,-9.5002,STOPPED
2020-06-01,16,ED,PEG,61.0486,42.6375,1.024,-1.2061,0.0,0.0,-9.5002,-9.5002,STOPPED
2020-06-02,16,ED,PEG,60.8453,42.6783,1.024,-1.2089,0.0,0.0,-9.5002,-9.5002,STOPPED
2019-12-02,17,DTE,NI,85.0186,21.3858,1.0279,0.0,0.0,0.0,0.0,0.0,HOLD_CASH
2019-12-03,17,DTE,NI,85.4528,21.5737,1.0279,0.0,0.0,0.0,0.0,0.0,HOLD_CASH
2019-12-04,17,DTE,NI,86.3141,21.6472,1.0279,0.0,0.0,0.0,0.0,0.0,HOLD_CASH
2019-12-05,17,DTE,NI,86.383,21.7698,1.0279,0.0,0.0,0.0,0.0,0.0,HOLD_CASH
2019-12-06,17,DTE,NI,86.2935,21.8923,1.0279,0.0,0.0,0.0,0.0,0.0,HOLD_CASH
2019-12-09,17,DTE,NI,86.3417,21.8269,1.0279,0.0,0.0,0.0,0.0,0.0,HOLD_CASH
2019-12-10,17,DTE,NI,86.0798,22.0557,1.0279,0.0,0.0,0.0,0.0,0.0,HOLD_CASH
2019-12-11,17,DTE,NI,86.3692,21.9658,1.0279,0.0,0.0,0.0,0.0,0.0,HOLD_CASH
2019-12-12,17,DTE,NI,86.0867,21.7861,1.0279,0.0,0.0,0.0,0.0,0.0,HOLD_CASH
2019-12-13,17,DTE,NI,86.7419,21.9577,1.0279,0.0,0.0,0.0,0.0,0.0,HOLD_CASH
2019-12-16,17,DTE,NI,88.562,22.1945,1.0279,0.0,0.0,0.0,0.0,0.0,HOLD_CASH
2019-12-17,17,DTE,NI,89.3887,22.2681,1.0279,0.0,0.0,0.0,0.0,0.0,HOLD_CASH
2019-12-18,17,DTE,NI,89.8264,22.505,1.0279,0.0,0.0,0.0,0.0,0.0,HOLD_CASH
2019-12-19,17,DTE,NI,90.0765,22.554,1.0279,0.0,0.0,0.0,0.0,0.0,HOLD_CASH
2019-12-20,17,DTE,NI,90.2154,22.6765,1.0279,0.0,0.0,0.0,0.0,0.0,HOLD_CASH
2019-12-23,17,DTE,NI,89.4512,22.4233,1.0279,0.0,0.0,0.0,0.0,0.0,HOLD_CASH
2019-12-24,17,DTE,NI,89.0344,22.4069,1.0279,0.0,0.0,0.0,0.0,0.0,HOLD_CASH
2019-12-26,17,DTE,NI,89.3053,22.3416,1.0279,0.0,0.0,0.0,0.0,0.0,HOLD_CASH
2019-12-27,17,DTE,NI,89.5346,22.2926,1.0279,0.0,0.0,0.0,0.0,0.0,HOLD_CASH
2019-12-30,17,DTE,NI,89.6319,22.4804,1.0279,0.4523,0.0,0.0,0.0,0.0,HOLD_CASH
2019-12-31,17,DTE,NI,90.2224,22.7419,1.0279,-0.2909,0.0,0.0,0.0,0.0,HOLD_CASH
2020-01-02,17,DTE,NI,89.4096,22.2027,1.0279,1.7052,0.0,0.0,0.0,0.0,HOLD_CASH
2020-01-03,17,DTE,NI,89.6249,22.3824,1.0279,0.8867,0.0,0.0,0.0,0.0,HOLD_CASH
2020-01-06,17,DTE,NI,89.6041,22.3743,1.0279,0.8345,0.0,0.0,0.0,0.0,HOLD_CASH
2020-01-07,17,DTE,NI,89.3053,22.5703,1.0279,-0.7815,0.0,0.0,0.0,0.0,HOLD_CASH
2020-01-08,17,DTE,NI,89.2567,22.5948,1.0279,-0.9707,0.0,0.0,0.0,0.0,HOLD_CASH
2020-01-09,17,DTE,NI,89.3818,22.6683,1.0279,-1.472,0.0,0.0,0.0,0.0,HOLD_CASH
2020-01-10,17,DTE,NI,89.5763,22.5785,1.0279,-0.6558,0.0,0.0,0.0,0.0,HOLD_CASH
2020-01-13,17,DTE,NI,90.0279,22.7582,1.0279,-1.1563,0.0,0.0,0.0,0.0,HOLD_CASH
2020-01-14,17,DTE,NI,90.4933,23.0196,1.0279,-1.9952,0.0,0.0,0.0,0.0,HOLD_CASH
2020-01-15,17,DTE,NI,91.6951,23.4362,1.0279,-2.2333,1.0,0.0,-0.0833,-0.0833,ENTER_LONG_A
2020-01-16,17,DTE,NI,92.3412,23.5587,1.0279,-1.765,1.0,0.0687,-0.0833,-0.0146,HOLDING
2020-01-17,17,DTE,NI,92.9734,23.7221,1.0279,-1.5748,1.0,0.0576,-0.0833,-0.0258,HOLDING
2020-01-21,17,DTE,NI,93.0429,23.8446,1.0279,-1.7902,1.0,-0.1321,-0.0833,-0.2155,HOLDING
2020-01-22,17,DTE,NI,92.1328,23.7384,1.0279,-1.9574,1.0,-0.3486,-0.0833,-0.4319,HOLDING
2020-01-23,17,DTE,NI,93.0221,23.8446,1.0279,-1.3339,1.0,-0.1415,-0.0833,-0.2248,HOLDING
2020-01-24,17,DTE,NI,92.2301,23.7548,1.0279,-1.536,1.0,-0.3345,-0.0833,-0.4178,HOLDING
2020-01-27,17,DTE,NI,91.9036,23.5996,1.0279,-1.1468,1.0,-0.201,-0.0833,-0.2844,HOLDING
2020-01-28,17,DTE,NI,92.0217,23.7875,1.0279,-1.5487,1.0,-0.4867,-0.0833,-0.5701,HOLDING
2020-01-29,17,DTE,NI,91.6674,23.8446,1.0279,-1.7921,1.0,-0.7486,-0.0833,-0.8319,HOLDING
2020-01-30,17,DTE,NI,92.501,23.7711,1.0279,-0.7679,1.0,-0.2425,-0.0833,-0.3258,HOLDING
2020-01-31,17,DTE,NI,92.1259,23.9427,1.0279,-1.5528,1.0,-0.7198,-0.0833,-0.8031,HOLDING
2020-02-03,17,DTE,NI,92.9387,24.3348,1.0279,-1.966,1.0,-1.0622,-0.0833,-1.1456,HOLDING
2020-02-04,17,DTE,NI,92.4663,24.0815,1.0279,-1.4312,1.0,-0.8175,-0.0833,-0.9009,HOLDING
2020-02-05,17,DTE,NI,93.4042,24.3184,1.0279,-1.2935,1.0,-0.8242,-0.0833,-0.9075,HOLDING
2020-02-06,17,DTE,NI,93.2374,24.3838,1.0279,-1.5095,1.0,-1.0167,-0.0833,-1.1,HOLDING
2020-02-07,17,DTE,NI,92.8206,24.3429,1.0279,-1.5534,1.0,-1.1299,-0.0833,-1.2132,HOLDING
2020-02-10,17,DTE,NI,92.7164,24.565,1.0279,-2.1313,1.0,-1.5769,-0.0833,-1.6602,HOLDING
2020-02-11,17,DTE,NI,93.1054,24.6226,1.0279,-1.7994,1.0,-1.5063,-0.0833,-1.5897,HOLDING
2020-02-12,17,DTE,NI,92.9179,24.5404,1.0279,-1.5198,1.0,-1.4421,-0.0833,-1.5255,HOLDING
2020-02-13,17,DTE,NI,92.7789,24.8365,1.0279,-2.1751,1.0,-2.0382,-0.0833,-2.1215,HOLDING
2020-02-14,17,DTE,NI,93.1054,24.853,1.0279,-1.7395,1.0,-1.9215,-0.0833,-2.0048,HOLDING
2020-02-18,17,DTE,NI,93.5431,24.853,1.0279,-1.2914,1.0,-1.7254,-0.0833,-1.8087,HOLDING
2020-02-19,17,DTE,NI,93.1402,24.6967,1.0279,-1.0374,1.0,-1.6242,-0.0833,-1.7076,HOLDING
2020-02-20,17,DTE,NI,93.0568,24.7214,1.0279,-1.0619,1.0,-1.7061,-0.0833,-1.7894,HOLDING
2020-02-21,17,DTE,NI,93.7584,24.5815,1.0279,-0.036,0.0,0.0,-1.3092,-1.3092,EXIT
2020-02-24,17,DTE,NI,92.2996,24.0632,1.0279,0.5091,0.0,0.0,-1.3092,-1.3092,HOLD_CASH
2020-02-25,17,DTE,NI,89.0066,23.3475,1.0279,0.187,0.0,0.0,-1.3092,-1.3092,HOLD_CASH
2020-02-26,17,DTE,NI,86.6515,22.8292,1.0279,-0.0666,0.0,0.0,-1.3092,-1.3092,HOLD_CASH
2020-02-27,17,DTE,NI,81.9831,22.459,1.0279,-2.7128,1.0,0.0,-1.3925,-1.3925,ENTER_LONG_A
2020-02-28,17,DTE,NI,77.5786,22.2287,1.0279,-3.5151,1.0,-1.7745,-1.3925,-3.167,HOLDING
2020-03-02,17,DTE,NI,81.0313,23.4956,1.0279,-2.9023,1.0,-2.4266,-1.3925,-3.8192,HOLDING
2020-03-03,17,DTE,NI,78.5164,23.3475,1.0279,-2.7391,1.0,-3.4086,-1.3925,-4.8012,HOLDING
2020-03-04,17,DTE,NI,82.8862,24.565,1.0279,-2.1913,1.0,-3.5083,-1.3925,-4.9008,HOLDING
2020-03-05,17,DTE,NI,80.7673,24.3758,1.0279,-2.1441,1.0,-4.2145,-1.3925,-5.607,HOLDING
2020-03-06,17,DTE,NI,80.6701,24.236,1.0279,-1.7644,1.0,-4.0002,-1.3925,-5.3927,HOLDING
2020-03-09,17,DTE,NI,71.2289,22.7799,1.0279,-2.3251,1.0,-5.9939,-1.3925,-7.3864,HOLDING
2020-03-10,17,DTE,NI,75.0359,23.4627,1.0279,-1.7087,1.0,-5.3699,-1.3925,-6.7624,HOLDING
2020-03-11,17,DTE,NI,72.3266,22.2945,1.0279,-1.3164,1.0,-4.5308,-1.3925,-5.9233,HOLDING
2020-03-12,17,DTE,NI,63.3439,19.7606,1.0279,-1.2901,1.0,-4.2678,-1.3925,-5.6603,HOLDING
2020-03-13,17,DTE,NI,67.7508,20.7149,1.0279,-0.9287,1.0,-3.8536,-1.3925,-5.2462,HOLDING
2020-03-16,17,DTE,NI,58.3301,17.2268,1.0279,-0.3153,0.0,0.0,-3.4696,-3.4696,EXIT
2020-03-17,17,DTE,NI,62.0885,20.2131,1.0279,-1.5609,0.0,0.0,-3.4696,-3.4696,HOLD_CASH
2020-03-18,17,DTE,NI,54.0939,19.4151,1.0279,-2.3291,1.0,0.0,-3.5529,-3.5529,ENTER_LONG_A
2020-03-19,17,DTE,NI,60.0021,19.2177,1.0279,-0.8791,1.0,4.9178,-3.5529,1.3649,HOLDING
2020-03-20,17,DTE,NI,58.309,17.2762,1.0279,0.1787,0.0,0.0,4.2209,4.2209,EXIT
2020-03-23,17,DTE,NI,53.9604,17.161,1.0279,-0.6575,0.0,0.0,4.2209,4.2209,HOLD_CASH
2020-03-24,17,DTE,NI,60.7818,18.0495,1.0279,0.3978,0.0,0.0,4.2209,4.2209,HOLD_CASH
2020-03-25,17,DTE,NI,64.9688,18.7817,1.0279,0.9746,0.0,0.0,4.2209,4.2209,HOLD_CASH
2020-03-26,17,DTE,NI,68.8327,20.1966,1.0279,0.8016,0.0,0.0,4.2209,4.2209,HOLD_CASH
2020-03-27,17,DTE,NI,68.5166,20.3694,1.0279,0.5993,0.0,0.0,4.2209,4.2209,HOLD_CASH
2020-03-30,17,DTE,NI,69.8514,21.4553,1.0279,-0.0155,0.0,0.0,4.2209,4.2209,HOLD_CASH
2020-03-31,17,DTE,NI,66.7181,20.5422,1.0279,-0.008,0.0,0.0,4.2209,4.2209,HOLD_CASH
2020-04-01,17,DTE,NI,61.8778,18.9709,1.0279,0.1531,0.0,0.0,4.2209,4.2209,HOLD_CASH
2020-04-02,17,DTE,NI,62.6435,19.3246,1.0279,0.0311,0.0,0.0,4.2209,4.2209,HOLD_CASH
2020-04-03,17,DTE,NI,61.2104,18.5019,1.0279,0.4756,0.0,0.0,4.2209,4.2209,HOLD_CASH
2020-04-06,17,DTE,NI,67.4698,20.1966,1.0279,0.5596,0.0,0.0,4.2209,4.2209,HOLD_CASH
2020-04-07,17,DTE,NI,68.4604,19.8347,1.0279,1.1313,0.0,0.0,4.2209,4.2209,HOLD_CASH
2020-04-08,17,DTE,NI,72.9494,20.9535,1.0279,1.1576,0.0,0.0,4.2209,4.2209,HOLD_CASH
2020-04-09,17,DTE,NI,78.1551,21.8667,1.0279,1.4565,0.0,0.0,4.2209,4.2209,HOLD_CASH
2020-04-13,17,DTE,NI,76.3215,21.151,1.0279,1.4645,0.0,0.0,4.2209,4.2209,HOLD_CASH
2020-04-14,17,DTE,NI,76.1108,21.8996,1.0279,0.7739,0.0,0.0,4.2209,4.2209,HOLD_CASH
2020-04-15,17,DTE,NI,73.6239,20.9371,1.0279,0.9041,0.0,0.0,4.2209,4.2209,HOLD_CASH
2020-04-16,17,DTE,NI,71.3547,21.3319,1.0279,-0.2071,0.0,0.0,4.2209,4.2209,HOLD_CASH
2020-04-17,17,DTE,NI,74.3615,21.7021,1.0279,0.3243,0.0,0.0,4.2209,4.2209,HOLD_CASH
2020-04-20,17,DTE,NI,70.7857,20.9617,1.0279,-0.0643,0.0,0.0,4.2209,4.2209,HOLD_CASH
2020-04-21,17,DTE,NI,69.6476,20.8795,1.0279,-0.5558,0.0,0.0,4.2209,4.2209,HOLD_CASH
2020-04-22,17,DTE,NI,71.9097,21.3978,1.0279,-0.3236,0.0,0.0,4.2209,4.2209,HOLD_CASH
2020-04-23,17,DTE,NI,70.9613,21.2661,1.0279,-0.489,0.0,0.0,4.2209,4.2209,HOLD_CASH
2020-04-24,17,DTE,NI,72.3734,21.4142,1.0279,-0.0606,0.0,0.0,4.2209,4.2209,HOLD_CASH
2020-04-27,17,DTE,NI,72.1345,21.5952,1.0279,-0.4371,0.0,0.0,4.2209,4.2209,HOLD_CASH
2020-04-28,17,DTE,NI,74.6917,22.0888,1.0279,-0.124,0.0,0.0,4.2209,4.2209,HOLD_CASH
2020-04-29,17,DTE,NI,75.3731,21.5001,1.0279,1.0393,0.0,0.0,4.2209,4.2209,HOLD_CASH
2020-04-30,17,DTE,NI,72.8792,20.8202,1.0279,0.9264,0.0,0.0,4.2209,4.2209,HOLD_CASH
2020-05-01,17,DTE,NI,70.7295,20.2895,1.0279,0.731,0.0,0.0,4.2209,4.2209,HOLD_CASH
2020-05-04,17,DTE,NI,70.8349,20.2315,1.0279,0.8197,0.0,0.0,4.2209,4.2209,HOLD_CASH
2020-05-05,17,DTE,NI,71.9448,20.3393,1.0279,1.1112,0.0,0.0,4.2209,4.2209,HOLD_CASH
2020-05-06,17,DTE,NI,70.6101,19.0043,1.0279,2.466,-1.0,0.0,4.1375,4.1375,ENTER_SHORT_A
2020-05-07,17,DTE,NI,69.3525,18.9877,1.0279,1.6744,-1.0,0.695,4.1375,4.8325,HOLDING
2020-05-08,17,DTE,NI,71.137,19.2945,1.0279,1.7622,-1.0,0.3384,4.1375,4.4759,HOLDING
2020-05-11,17,DTE,NI,69.3596,19.4769,1.0279,0.8014,-1.0,1.7782,4.1375,5.9157,HOLDING
2020-05-12,17,DTE,NI,69.7319,18.88,1.0279,1.6419,-1.0,0.2346,4.1375,4.3721,HOLDING
2020-05-13,17,DTE,NI,67.4136,18.5815,1.0279,1.0983,-1.0,0.9204,4.1375,5.0579,HOLDING
2020-05-14,17,DTE,NI,68.8467,18.6478,1.0279,1.381,-1.0,0.2338,4.1375,4.3713,HOLDING
2020-05-15,17,DTE,NI,68.3901,18.5483,1.0279,1.2143,-1.0,0.2783,4.1375,4.4159,HOLDING
2020-05-18,17,DTE,NI,72.5279,19.2116,1.0279,1.5557,-1.0,-0.6554,4.1375,3.4821,HOLDING
2020-05-19,17,DTE,NI,72.261,19.1121,1.0279,1.4374,-1.0,-0.7212,4.1375,3.4163,HOLDING
2020-05-20,17,DTE,NI,72.535,19.137,1.0279,1.3519,-1.0,-0.8254,4.1375,3.3121,HOLDING
2020-05-21,17,DTE,NI,70.9824,19.0624,1.0279,0.8664,-1.0,-0.0877,4.1375,4.0498,HOLDING
2020-05-22,17,DTE,NI,71.7411,19.1453,1.0279,0.9339,-1.0,-0.345,4.1375,3.7926,HOLDING
2020-05-26,17,DTE,NI,74.0103,19.394,1.0279,1.3366,-1.0,-1.1127,4.1375,3.0249,HOLDING
2020-05-27,17,DTE,NI,74.8181,19.336,1.0279,1.651,-1.0,-1.7118,4.1375,2.4257,HOLDING
2020-05-28,17,DTE,NI,75.7033,19.9164,1.0279,0.9896,-1.0,-0.9369,4.1375,3.2006,HOLDING
2020-05-29,17,DTE,NI,75.5699,19.7589,1.0279,1.0993,-1.0,-1.2094,4.1375,2.9281,HOLDING
2020-06-01,17,DTE,NI,76.167,20.0739,1.0279,0.759,-1.0,-0.8566,4.1375,3.2809,HOLDING
2020-06-02,17,DTE,NI,77.565,20.4968,1.0279,0.5768,-1.0,0.0,3.3165,3.3165,PERIOD_END_EXIT
2019-12-02,18,SLG,VNO,56.4533,48.1938,1.1565,0.0,0.0,0.0,0.0,0.0,HOLD_CASH
2019-12-03,18,SLG,VNO,57.4711,48.8478,1.1565,0.0,0.0,0.0,0.0,0.0,HOLD_CASH
2019-12-04,18,SLG,VNO,57.4711,49.0912,1.1565,0.0,0.0,0.0,0.0,0.0,HOLD_CASH
2019-12-05,18,SLG,VNO,57.4309,49.0151,1.1565,0.0,0.0,0.0,0.0,0.0,HOLD_CASH
2019-12-06,18,SLG,VNO,58.1875,49.8593,1.1565,0.0,0.0,0.0,0.0,0.0,HOLD_CASH
2019-12-09,18,SLG,VNO,59.3259,50.1559,1.1565,0.0,0.0,0.0,0.0,0.0,HOLD_CASH
2019-12-10,18,SLG,VNO,60.2231,50.6883,1.1565,0.0,0.0,0.0,0.0,0.0,HOLD_CASH
2019-12-11,18,SLG,VNO,59.9486,49.8973,1.1565,0.0,0.0,0.0,0.0,0.0,HOLD_CASH
2019-12-12,18,SLG,VNO,59.3459,49.4639,1.1565,0.0,0.0,0.0,0.0,0.0,HOLD_CASH
2019-12-13,18,SLG,VNO,59.3928,49.6388,1.1565,0.0,0.0,0.0,0.0,0.0,HOLD_CASH
2019-12-16,18,SLG,VNO,59.1919,49.73,1.1565,0.0,0.0,0.0,0.0,0.0,HOLD_CASH
2019-12-17,18,SLG,VNO,59.6071,49.4334,1.1565,0.0,0.0,0.0,0.0,0.0,HOLD_CASH
2019-12-18,18,SLG,VNO,60.424,50.346,1.1565,0.0,0.0,0.0,0.0,0.0,HOLD_CASH
2019-12-19,18,SLG,VNO,60.6182,51.1598,1.1565,0.0,0.0,0.0,0.0,0.0,HOLD_CASH
2019-12-20,18,SLG,VNO,60.7789,50.886,1.1565,0.0,0.0,0.0,0.0,0.0,HOLD_CASH
2019-12-23,18,SLG,VNO,61.0869,50.9621,1.1565,0.0,0.0,0.0,0.0,0.0,HOLD_CASH
2019-12-24,18,SLG,VNO,61.3882,51.1142,1.1565,0.0,0.0,0.0,0.0,0.0,HOLD_CASH
2019-12-26,18,SLG,VNO,62.2051,51.6465,1.1565,0.0,0.0,0.0,0.0,0.0,HOLD_CASH
2019-12-27,18,SLG,VNO,61.9038,51.5917,1.1565,0.0,0.0,0.0,0.0,0.0,HOLD_CASH
2019-12-30,18,SLG,VNO,61.7297,51.396,1.1565,0.5587,0.0,0.0,0.0,0.0,HOLD_CASH
2019-12-31,18,SLG,VNO,62.1184,52.0693,1.1565,-0.4329,0.0,0.0,0.0,0.0,HOLD_CASH
2020-01-02,18,SLG,VNO,60.1105,51.2864,1.1565,-1.8919,0.0,0.0,0.0,0.0,HOLD_CASH
2020-01-03,18,SLG,VNO,60.3471,51.6857,1.1565,-2.1352,1.0,0.0,-0.0833,-0.0833,ENTER_LONG_A
2020-01-06,18,SLG,VNO,61.2801,52.3591,1.1565,-1.8921,1.0,0.0152,-0.0833,-0.0681,HOLDING
2020-01-07,18,SLG,VNO,60.5364,51.7248,1.1565,-1.6845,1.0,0.0874,-0.0833,0.004,HOLDING
2020-01-08,18,SLG,VNO,60.8136,51.6152,1.1565,-1.0364,1.0,0.3597,-0.0833,0.2763,HOLDING
2020-01-09,18,SLG,VNO,61.0773,51.764,1.1565,-0.8938,1.0,0.3999,-0.0833,0.3165,HOLDING
2020-01-10,18,SLG,VNO,61.5911,52.0145,1.1565,-0.5993,1.0,0.5122,-0.0833,0.4289,HOLDING
2020-01-13,18,SLG,VNO,62.1455,52.4687,1.1565,-0.613,1.0,0.4746,-0.0833,0.3912,HOLDING
2020-01-14,18,SLG,VNO,61.4153,52.406,1.1565,-1.3228,1.0,0.0612,-0.0833,-0.0222,HOLDING
2020-01-15,18,SLG,VNO,61.3477,52.4765,1.1565,-1.3681,1.0,-0.0431,-0.0833,-0.1264,HOLDING
2020-01-16,18,SLG,VNO,61.8818,52.6723,1.1565,-0.9536,1.0,0.1297,-0.0833,0.0464,HOLDING
2020-01-17,18,SLG,VNO,61.6857,52.6174,1.1565,-1.0182,1.0,0.0515,-0.0833,-0.0318,HOLDING
2020-01-21,18,SLG,VNO,62.443,53.0716,1.1565,-0.761,1.0,0.1437,-0.0833,0.0604,HOLDING
2020-01-22,18,SLG,VNO,62.6931,52.9463,1.1565,-0.1397,0.0,0.0,0.243,0.243,EXIT
2020-01-23,18,SLG,VNO,63.599,53.7215,1.1565,-0.2787,0.0,0.0,0.243,0.243,HOLD_CASH
2020-01-24,18,SLG,VNO,63.119,53.2155,1.1565,0.1264,0.0,0.0,0.243,0.243,HOLD_CASH
2020-01-27,18,SLG,VNO,62.6458,52.3142,1.1565,1.5056,0.0,0.0,0.243,0.243,HOLD_CASH
2020-01-28,18,SLG,VNO,62.8757,52.496,1.1565,1.5633,0.0,0.0,0.243,0.243,HOLD_CASH
2020-01-29,18,SLG,VNO,62.8892,52.583,1.1565,1.5537,0.0,0.0,0.243,0.243,HOLD_CASH
2020-01-30,18,SLG,VNO,62.7607,52.4802,1.1565,1.5552,0.0,0.0,0.243,0.243,HOLD_CASH
2020-01-31,18,SLG,VNO,62.2266,51.998,1.1565,1.5896,0.0,0.0,0.243,0.243,HOLD_CASH
2020-02-03,18,SLG,VNO,62.3212,51.5948,1.1565,2.281,-1.0,0.0,0.1597,0.1597,ENTER_SHORT_A
2020-02-04,18,SLG,VNO,63.5315,52.2905,1.1565,2.1939,-1.0,-0.1478,0.1597,0.0119,HOLDING
2020-02-05,18,SLG,VNO,64.4238,52.5593,1.1565,2.3358,-1.0,-0.4683,0.1597,-0.3086,HOLDING
2020-02-06,18,SLG,VNO,63.7207,52.7253,1.1565,1.0934,-1.0,0.1115,0.1597,0.2711,HOLDING
2020-02-07,18,SLG,VNO,63.6261,52.4486,1.1565,1.2874,-1.0,-0.0695,0.1597,0.0901,HOLDING
2020-02-10,18,SLG,VNO,63.5653,52.3537,1.1565,1.232,-1.0,-0.114,0.1597,0.0457,HOLDING
2020-02-11,18,SLG,VNO,63.9506,53.0811,1.1565,0.4947,0.0,0.0,0.3511,0.3511,EXIT
2020-02-12,18,SLG,VNO,64.1129,53.255,1.1565,0.3387,0.0,0.0,0.3511,0.3511,HOLD_CASH
2020-02-13,18,SLG,VNO,63.9979,53.5238,1.1565,-0.3039,0.0,0.0,0.3511,0.3511,HOLD_CASH
2020-02-14,18,SLG,VNO,64.2549,53.674,1.1565,-0.3254,0.0,0.0,0.3511,0.3511,HOLD_CASH
2020-02-18,18,SLG,VNO,64.7484,53.5871,1.1565,0.3856,0.0,0.0,0.3511,0.3511,HOLD_CASH
2020-02-19,18,SLG,VNO,63.5044,50.899,1.1565,2.9815,-1.0,0.0,0.2678,0.2678,ENTER_SHORT_A
2020-02-20,18,SLG,VNO,63.6599,50.82,1.1565,2.5593,-1.0,-0.164,0.2678,0.1038,HOLDING
2020-02-21,18,SLG,VNO,63.1326,50.48,1.1565,2.1328,-1.0,-0.1417,0.2678,0.1262,HOLDING
2020-02-24,18,SLG,VNO,61.4762,49.3099,1.1565,1.8725,-1.0,-0.1611,0.2678,0.1067,HOLDING
2020-02-25,18,SLG,VNO,58.0755,46.5744,1.1565,1.9719,-1.0,-0.4936,0.2678,-0.2257,HOLDING
2020-02-26,18,SLG,VNO,57.4873,45.4597,1.1565,2.2643,-1.0,-1.1144,0.2678,-0.8466,HOLDING
2020-02-27,18,SLG,VNO,54.3841,43.0325,1.1565,2.1345,-1.0,-1.3572,0.2678,-1.0894,HOLDING
2020-02-28,18,SLG,VNO,53.0319,42.3605,1.1565,1.6485,-1.0,-1.1244,0.2678,-0.8566,HOLDING
2020-03-02,18,SLG,VNO,55.0128,43.9417,1.1565,1.3039,-1.0,-0.9415,0.2678,-0.6737,HOLDING
2020-03-03,18,SLG,VNO,54.5666,43.1195,1.1565,1.5436,-1.0,-1.3919,0.2678,-1.1241,HOLDING
2020-03-04,18,SLG,VNO,57.1966,44.2421,1.1565,1.7891,-1.0,-2.0065,0.2678,-1.7387,HOLDING
2020-03-05,18,SLG,VNO,55.9255,41.9257,1.1565,2.3247,-1.0,-3.267,0.2678,-2.9992,HOLDING
2020-03-06,18,SLG,VNO,54.4787,41.3881,1.1565,1.7722,-1.0,-2.8586,0.2678,-2.5908,HOLDING
2020-03-09,18,SLG,VNO,49.6244,37.1821,1.1565,2.0548,-1.0,-3.5977,0.2678,-3.3299,HOLDING
2020-03-10,18,SLG,VNO,50.6656,39.8543,1.1565,0.7701,-1.0,-1.885,0.2678,-1.6172,HOLDING
2020-03-11,18,SLG,VNO,45.9668,37.5141,1.1565,0.1472,0.0,0.0,-0.8736,-0.8736,EXIT
2020-03-12,18,SLG,VNO,40.5649,33.7271,1.1565,0.0326,0.0,0.0,-0.8736,-0.8736,HOLD_CASH
2020-03-13,18,SLG,VNO,44.5673,34.9684,1.1565,1.1224,0.0,0.0,-0.8736,-0.8736,HOLD_CASH
2020-03-16,18,SLG,VNO,35.5755,26.4694,1.1565,2.7251,-1.0,0.0,-0.9569,-0.9569,ENTER_SHORT_A
2020-03-17,18,SLG,VNO,39.6996,27.932,1.1565,2.8138,-1.0,-2.0102,-0.9569,-2.9672,HOLDING
2020-03-18,18,SLG,VNO,33.608,24.5798,1.1565,2.0814,-1.0,-1.0532,-0.9569,-2.0102,HOLDING
2020-03-19,18,SLG,VNO,33.7906,26.0108,1.1565,1.0619,-1.0,1.1646,-0.9569,0.2076,HOLDING
2020-03-20,18,SLG,VNO,30.9916,23.4493,1.1565,1.3971,-1.0,-0.12,-0.9569,-1.077,HOLDING
2020-03-23,18,SLG,VNO,27.814,24.2004,1.1565,-0.7589,-1.0,4.5996,-0.9569,3.6427,HOLDING
2020-03-24,18,SLG,VNO,31.8638,26.8014,1.1565,-0.5336,-1.0,4.5924,-0.9569,3.6354,HOLDING
2020-03-25,18,SLG,VNO,32.4114,27.3153,1.1565,-0.6276,-1.0,4.8652,-0.9569,3.9082,HOLDING
2020-03-26,18,SLG,VNO,32.9252,29.2839,1.1565,-1.5077,-1.0,7.6308,-0.9569,6.6739,HOLDING
2020-03-27,18,SLG,VNO,32.1477,29.8057,1.1565,-1.9018,-1.0,9.3563,-0.9569,8.3994,HOLDING
2020-03-30,18,SLG,VNO,31.3484,29.7267,1.1565,-1.9219,-1.0,10.0911,-0.9569,9.1342,HOLDING
2020-03-31,18,SLG,VNO,29.321,28.6277,1.1565,-1.9006,-1.0,10.4378,-0.9569,9.4808,HOLDING
2020-04-01,18,SLG,VNO,27.0284,26.6117,1.1565,-1.6418,-1.0,9.5242,-0.9569,8.5673,HOLDING
2020-04-02,18,SLG,VNO,27.1849,24.7933,1.1565,-0.6975,-1.0,6.2841,-0.9569,5.3272,HOLDING
2020-04-03,18,SLG,VNO,26.2869,25.2123,1.1565,-1.1106,-1.0,7.967,-0.9569,7.0101,HOLDING
2020-04-06,18,SLG,VNO,29.3551,26.5643,1.1565,-0.5659,-1.0,6.9169,-0.9569,5.96,HOLDING
2020-04-07,18,SLG,VNO,31.4164,29.4895,1.1565,-0.9883,-1.0,9.6168,-0.9569,8.6598,HOLDING
2020-04-08,18,SLG,VNO,33.1444,32.0036,1.1565,-1.2497,-1.0,11.9846,-0.9569,11.0276,HOLDING
2020-04-09,18,SLG,VNO,36.852,34.3754,1.1565,-0.9609,-1.0,11.9618,-0.9569,11.0049,HOLDING
2020-04-13,18,SLG,VNO,35.7907,33.2765,1.1565,-0.8082,-1.0,11.2591,-0.9569,10.3022,HOLDING
2020-04-14,18,SLG,VNO,35.7839,34.9526,1.1565,-1.1891,-1.0,14.0964,-0.9569,13.1395,HOLDING
2020-04-15,18,SLG,VNO,34.8723,33.5532,1.1565,-0.9408,-1.0,12.7239,-0.9569,11.767,HOLDING
2020-04-16,18,SLG,VNO,33.5661,31.8613,1.1565,-0.6731,-1.0,11.2862,-0.9569,10.3292,HOLDING
2020-04-17,18,SLG,VNO,34.8723,33.2449,1.1565,-0.7384,-1.0,12.2034,-0.9569,11.2464,HOLDING
2020-04-20,18,SLG,VNO,32.3348,30.1615,1.1565,-0.143,0.0,0.0,8.7108,8.7108,EXIT
2020-04-21,18,SLG,VNO,30.5184,28.517,1.1565,0.0734,0.0,0.0,8.7108,8.7108,HOLD_CASH
2020-04-22,18,SLG,VNO,30.4027,29.4183,1.1565,-0.6407,0.0,0.0,8.7108,8.7108,HOLD_CASH
2020-04-23,18,SLG,VNO,31.0966,29.6318,1.1565,-0.2163,0.0,0.0,8.7108,8.7108,HOLD_CASH
2020-04-24,18,SLG,VNO,30.4231,29.8611,1.1565,-1.0618,0.0,0.0,8.7108,8.7108,HOLD_CASH
2020-04-27,18,SLG,VNO,32.3144,31.6953,1.1565,-1.2035,0.0,0.0,8.7108,8.7108,HOLD_CASH
2020-04-28,18,SLG,VNO,34.1988,32.8575,1.1565,-0.6782,0.0,0.0,8.7108,8.7108,HOLD_CASH
2020-04-29,18,SLG,VNO,37.3159,35.0158,1.1565,-0.2688,0.0,0.0,8.7108,8.7108,HOLD_CASH
2020-04-30,18,SLG,VNO,36.3031,34.6442,1.1565,-0.7196,0.0,0.0,8.7108,8.7108,HOLD_CASH
2020-05-01,18,SLG,VNO,33.5795,33.2053,1.1565,-1.5665,0.0,0.0,8.7108,8.7108,HOLD_CASH
2020-05-04,18,SLG,VNO,32.5325,31.5609,1.1565,-0.5725,0.0,0.0,8.7108,8.7108,HOLD_CASH
2020-05-05,18,SLG,VNO,32.4846,30.7149,1.1565,0.7569,0.0,0.0,8.7108,8.7108,HOLD_CASH
2020-05-06,18,SLG,VNO,30.7943,28.438,1.1565,2.12,-1.0,0.0,8.6275,8.6275,ENTER_SHORT_A
2020-05-07,18,SLG,VNO,31.985,29.7978,1.1565,1.3018,-1.0,0.6428,8.6275,9.2703,HOLDING
2020-05-08,18,SLG,VNO,33.1963,31.713,1.1565,-0.0564,0.0,0.0,10.6685,10.6685,EXIT
2020-05-11,18,SLG,VNO,30.986,29.5645,1.1565,0.4481,0.0,0.0,10.6685,10.6685,HOLD_CASH
2020-05-12,18,SLG,VNO,28.8167,28.5908,1.1565,-0.9822,0.0,0.0,10.6685,10.6685,HOLD_CASH
2020-05-13,18,SLG,VNO,26.141,25.9916,1.1565,-0.4668,0.0,0.0,10.6685,10.6685,HOLD_CASH
2020-05-14,18,SLG,VNO,26.9553,28.1723,1.1565,-2.4216,1.0,0.0,10.5852,10.5852,ENTER_LONG_A
2020-05-15,18,SLG,VNO,25.9836,28.4218,1.1565,-2.8557,1.0,-1.7888,10.5852,8.7964,HOLDING
2020-05-18,18,SLG,VNO,28.0502,30.4738,1.1565,-2.3629,1.0,-2.0812,10.5852,8.504,HOLDING
2020-05-19,18,SLG,VNO,26.4421,30.1438,1.1565,-2.5998,1.0,-3.8632,10.5852,6.722,HOLDING
2020-05-20,18,SLG,VNO,26.0452,29.484,1.1565,-2.0088,1.0,-3.3855,10.5852,7.1997,HOLDING
2020-05-21,18,SLG,VNO,25.6072,28.7678,1.1565,-1.5964,1.0,-2.8773,10.5852,7.7079,HOLDING
2020-05-22,18,SLG,VNO,25.2035,27.4803,1.1565,-0.9456,1.0,-1.4136,10.5852,9.1715,HOLDING
2020-05-26,18,SLG,VNO,28.2281,30.3209,1.1565,-0.8728,1.0,-1.5836,10.5852,9.0016,HOLDING
2020-05-27,18,SLG,VNO,30.1374,31.7854,1.1565,-0.649,1.0,-1.1697,10.5852,9.4155,HOLDING
2020-05-28,18,SLG,VNO,30.2511,30.4979,1.1565,0.1361,0.0,0.0,11.5291,11.5291,EXIT
2020-05-29,18,SLG,VNO,29.0179,29.138,1.1565,0.3206,0.0,0.0,11.5291,11.5291,HOLD_CASH
2020-06-01,18,SLG,VNO,30.3613,30.683,1.1565,0.1122,0.0,0.0,11.5291,11.5291,HOLD_CASH
2020-06-02,18,SLG,VNO,32.6072,31.7935,1.1565,0.5689,0.0,0.0,11.5291,11.5291,HOLD_CASH
2019-12-02,19,EQR,ES,65.7555,64.8347,0.9673,0.0,0.0,0.0,0.0,0.0,HOLD_CASH
2019-12-03,19,EQR,ES,66.0311,64.8426,0.9673,0.0,0.0,0.0,0.0,0.0,HOLD_CASH
2019-12-04,19,EQR,ES,66.3461,65.6252,0.9673,0.0,0.0,0.0,0.0,0.0,HOLD_CASH
2019-12-05,19,EQR,ES,66.5745,64.9454,0.9673,0.0,0.0,0.0,0.0,0.0,HOLD_CASH
2019-12-06,19,EQR,ES,66.4957,64.1865,0.9673,0.0,0.0,0.0,0.0,0.0,HOLD_CASH
2019-12-09,19,EQR,ES,66.5824,63.8071,0.9673,0.0,0.0,0.0,0.0,0.0,HOLD_CASH
2019-12-10,19,EQR,ES,66.2595,64.0126,0.9673,0.0,0.0,0.0,0.0,0.0,HOLD_CASH
2019-12-11,19,EQR,ES,65.1097,64.3051,0.9673,0.0,0.0,0.0,0.0,0.0,HOLD_CASH
2019-12-12,19,EQR,ES,64.401,63.9098,0.9673,0.0,0.0,0.0,0.0,0.0,HOLD_CASH
2019-12-13,19,EQR,ES,63.7946,64.2971,0.9673,0.0,0.0,0.0,0.0,0.0,HOLD_CASH
2019-12-16,19,EQR,ES,64.1805,64.8584,0.9673,0.0,0.0,0.0,0.0,0.0,HOLD_CASH
2019-12-17,19,EQR,ES,63.0859,65.4513,0.9673,0.0,0.0,0.0,0.0,0.0,HOLD_CASH
2019-12-18,19,EQR,ES,63.2276,66.0757,0.9673,0.0,0.0,0.0,0.0,0.0,HOLD_CASH
2019-12-19,19,EQR,ES,63.2828,66.6525,0.9673,0.0,0.0,0.0,0.0,0.0,HOLD_CASH
2019-12-20,19,EQR,ES,63.2355,67.2969,0.9673,0.0,0.0,0.0,0.0,0.0,HOLD_CASH
2019-12-23,19,EQR,ES,62.7709,66.6128,0.9673,0.0,0.0,0.0,0.0,0.0,HOLD_CASH
2019-12-24,19,EQR,ES,63.2985,66.7957,0.9673,0.0,0.0,0.0,0.0,0.0,HOLD_CASH
2019-12-26,19,EQR,ES,63.4639,67.0662,0.9673,0.0,0.0,0.0,0.0,0.0,HOLD_CASH
2019-12-27,19,EQR,ES,63.7474,67.0821,0.9673,0.0,0.0,0.0,0.0,0.0,HOLD_CASH
2019-12-30,19,EQR,ES,63.5663,67.1537,0.9673,-1.0752,0.0,0.0,0.0,0.0,HOLD_CASH
2019-12-31,19,EQR,ES,64.1753,67.6788,0.9673,-0.9245,0.0,0.0,0.0,0.0,HOLD_CASH
2020-01-02,19,EQR,ES,63.2633,66.215,0.9673,-0.665,0.0,0.0,0.0,0.0,HOLD_CASH
2020-01-03,19,EQR,ES,64.0802,65.9206,0.9673,-0.1483,0.0,0.0,0.0,0.0,HOLD_CASH
2020-01-06,19,EQR,ES,64.2626,66.2786,0.9673,-0.1455,0.0,0.0,0.0,0.0,HOLD_CASH
2020-01-07,19,EQR,ES,63.3109,65.7774,0.9673,-0.2856,0.0,0.0,0.0,0.0,HOLD_CASH
2020-01-08,19,EQR,ES,63.4457,65.8331,0.9673,-0.1396,0.0,0.0,0.0,0.0,HOLD_CASH
2020-01-09,19,EQR,ES,63.7709,66.3502,0.9673,-0.1175,0.0,0.0,0.0,0.0,HOLD_CASH
2020-01-10,19,EQR,ES,64.445,67.1537,0.9673,-0.0567,0.0,0.0,0.0,0.0,HOLD_CASH
2020-01-13,19,EQR,ES,65.2539,67.7424,0.9673,0.3619,0.0,0.0,0.0,0.0,HOLD_CASH
2020-01-14,19,EQR,ES,64.3657,68.2993,0.9673,-1.1239,0.0,0.0,0.0,0.0,HOLD_CASH
2020-01-15,19,EQR,ES,65.0874,69.4688,0.9673,-1.592,0.0,0.0,0.0,0.0,HOLD_CASH
2020-01-16,19,EQR,ES,65.4363,69.8189,0.9673,-1.3784,0.0,0.0,0.0,0.0,HOLD_CASH
2020-01-17,19,EQR,ES,65.4284,70.5906,0.9673,-1.9869,0.0,0.0,0.0,0.0,HOLD_CASH
2020-01-21,19,EQR,ES,66.0629,71.4418,0.9673,-1.8457,0.0,0.0,0.0,0.0,HOLD_CASH
2020-01-22,19,EQR,ES,65.3412,71.5612,0.9673,-2.2974,1.0,0.0,-0.0833,-0.0833,ENTER_LONG_A
2020-01-23,19,EQR,ES,65.8884,72.5874,0.9673,-2.1843,1.0,-0.2328,-0.0833,-0.3162,HOLDING
2020-01-24,19,EQR,ES,65.6346,73.0409,0.9673,-2.2107,1.0,-0.657,-0.0833,-0.7404,HOLDING
2020-01-27,19,EQR,ES,65.3015,72.6909,0.9673,-1.8942,1.0,-0.6725,-0.0833,-0.7559,HOLDING
2020-01-28,19,EQR,ES,65.6029,73.025,0.9673,-1.6427,1.0,-0.6685,-0.0833,-0.7518,HOLDING
2020-01-29,19,EQR,ES,65.246,73.5023,0.9673,-1.7979,1.0,-1.1732,-0.0833,-1.2565,HOLDING
2020-01-30,19,EQR,ES,66.5942,74.1547,0.9673,-1.2384,1.0,-0.6727,-0.0833,-0.756,HOLDING
2020-01-31,19,EQR,ES,65.8884,73.5421,0.9673,-1.1931,1.0,-0.7795,-0.0833,-0.8628,HOLDING
2020-02-03,19,EQR,ES,65.698,73.5182,0.9673,-1.1647,1.0,-0.8892,-0.0833,-0.9725,HOLDING
2020-02-04,19,EQR,ES,66.3325,72.0783,0.9673,-0.124,0.0,0.0,0.179,0.179,EXIT
2020-02-05,19,EQR,ES,66.0708,71.9908,0.9673,-0.1515,0.0,0.0,0.179,0.179,HOLD_CASH
2020-02-06,19,EQR,ES,66.5149,72.2931,0.9673,0.0324,0.0,0.0,0.179,0.179,HOLD_CASH
2020-02-07,19,EQR,ES,66.7766,72.0624,0.9673,0.4195,0.0,0.0,0.179,0.179,HOLD_CASH
2020-02-10,19,EQR,ES,67.3635,72.6909,0.9673,0.5585,0.0,0.0,0.179,0.179,HOLD_CASH
2020-02-11,19,EQR,ES,67.2445,72.5397,0.9673,0.7742,0.0,0.0,0.179,0.179,HOLD_CASH
2020-02-12,19,EQR,ES,67.2445,72.6033,0.9673,0.8156,0.0,0.0,0.179,0.179,HOLD_CASH
2020-02-13,19,EQR,ES,67.5855,73.5739,0.9673,0.42,0.0,0.0,0.179,0.179,HOLD_CASH
2020-02-14,19,EQR,ES,68.5689,74.5127,0.9673,0.6521,0.0,0.0,0.179,0.179,HOLD_CASH
2020-02-18,19,EQR,ES,68.4183,75.4276,0.9673,-0.2453,0.0,0.0,0.179,0.179,HOLD_CASH
2020-02-19,19,EQR,ES,67.6807,75.0219,0.9673,-0.5696,0.0,0.0,0.179,0.179,HOLD_CASH
2020-02-20,19,EQR,ES,68.5214,76.0959,0.9673,-0.6214,0.0,0.0,0.179,0.179,HOLD_CASH
2020-02-21,19,EQR,ES,69.0051,76.3425,0.9673,-0.3347,0.0,0.0,0.179,0.179,HOLD_CASH
2020-02-24,19,EQR,ES,68.0376,75.7458,0.9673,-0.8012,0.0,0.0,0.179,0.179,HOLD_CASH
2020-02-25,19,EQR,ES,66.2294,74.29,0.9673,-1.3176,0.0,0.0,0.179,0.179,HOLD_CASH
2020-02-26,19,EQR,ES,66.1104,74.3536,0.9673,-1.4091,0.0,0.0,0.179,0.179,HOLD_CASH
2020-02-27,19,EQR,ES,62.2244,71.219,0.9673,-2.3369,1.0,0.0,0.0957,0.0957,ENTER_LONG_A
2020-02-28,19,EQR,ES,59.5597,68.7846,0.9673,-2.3691,1.0,-0.4134,0.0957,-0.3178,HOLDING
2020-03-02,19,EQR,ES,62.7082,74.4809,0.9673,-2.7081,1.0,-1.5473,0.0957,-1.4516,HOLDING
2020-03-03,19,EQR,ES,62.3037,73.959,0.9673,-2.2138,1.0,-1.5224,0.0957,-1.4267,HOLDING
2020-03-04,19,EQR,ES,64.2626,78.8736,0.9673,-2.5031,1.0,-3.0164,0.0957,-2.9207,HOLDING
2020-03-05,19,EQR,ES,62.9461,77.9931,0.9673,-2.237,1.0,-3.406,0.0957,-3.3103,HOLDING
2020-03-06,19,EQR,ES,61.5741,77.1287,0.9673,-2.0743,1.0,-3.8427,0.0957,-3.747,HOLDING
2020-03-09,19,EQR,ES,59.06,74.0871,0.9673,-1.8324,1.0,-3.8042,0.0957,-3.7085,HOLDING
2020-03-10,19,EQR,ES,63.3902,72.9505,0.9673,-0.1215,0.0,0.0,-0.192,-0.192,EXIT
2020-03-11,19,EQR,ES,59.5597,70.2691,0.9673,-0.5677,0.0,0.0,-0.192,-0.192,HOLD_CASH
2020-03-12,19,EQR,ES,55.5229,66.1309,0.9673,-0.7221,0.0,0.0,-0.192,-0.192,HOLD_CASH
2020-03-13,19,EQR,ES,58.378,70.8614,0.9673,-0.977,0.0,0.0,-0.192,-0.192,HOLD_CASH
2020-03-16,19,EQR,ES,48.5043,61.7766,0.9673,-1.851,0.0,0.0,-0.192,-0.192,HOLD_CASH
2020-03-17,19,EQR,ES,52.7075,69.8048,0.9673,-2.1526,1.0,0.0,-0.2753,-0.2753,ENTER_LONG_A
2020-03-18,19,EQR,ES,48.2743,69.0364,0.9673,-2.7,1.0,-3.1118,-0.2753,-3.3871,HOLDING
2020-03-19,19,EQR,ES,48.0681,61.6725,0.9673,-1.0194,1.0,1.0449,-0.2753,0.7696,HOLDING
2020-03-20,19,EQR,ES,44.2896,54.7008,0.9673,-0.4295,0.0,0.0,1.7575,1.7575,EXIT
2020-03-23,19,EQR,ES,41.1655,49.8103,0.9673,-0.0799,0.0,0.0,1.7575,1.7575,HOLD_CASH
2020-03-24,19,EQR,ES,41.7743,57.1822,0.9673,-1.8211,0.0,0.0,1.7575,1.7575,HOLD_CASH
2020-03-25,19,EQR,ES,43.7128,57.5504,0.9673,-1.0905,0.0,0.0,1.7575,1.7575,HOLD_CASH
2020-03-26,19,EQR,ES,47.4456,63.0252,0.9673,-1.0832,0.0,0.0,1.7575,1.7575,HOLD_CASH
2020-03-27,19,EQR,ES,50.2092,64.8022,0.9673,-0.5072,0.0,0.0,1.7575,1.7575,HOLD_CASH
2020-03-30,19,EQR,ES,50.1291,66.9553,0.9673,-0.9906,0.0,0.0,1.7575,1.7575,HOLD_CASH
2020-03-31,19,EQR,ES,49.4322,62.601,0.9673,-0.0242,0.0,0.0,1.7575,1.7575,HOLD_CASH
2020-04-01,19,EQR,ES,46.2201,60.8241,0.9673,-0.6774,0.0,0.0,1.7575,1.7575,HOLD_CASH
2020-04-02,19,EQR,ES,43.7128,63.4655,0.9673,-2.0455,1.0,0.0,1.6742,1.6742,ENTER_LONG_A
2020-04-03,19,EQR,ES,43.4645,60.0797,0.9673,-1.1489,1.0,1.9453,1.6742,3.6194,HOLDING
2020-04-06,19,EQR,ES,48.1506,65.7067,0.9673,-0.8198,1.0,2.8534,1.6742,4.5276,HOLDING
2020-04-07,19,EQR,ES,48.6072,63.8577,0.9673,-0.1503,0.0,0.0,6.0754,6.0754,EXIT
2020-04-08,19,EQR,ES,52.2679,66.7152,0.9673,0.4893,0.0,0.0,6.0754,6.0754,HOLD_CASH
2020-04-09,19,EQR,ES,55.6083,72.118,0.9673,0.3442,0.0,0.0,6.0754,6.0754,HOLD_CASH
2020-04-13,19,EQR,ES,53.2692,69.4126,0.9673,0.3203,0.0,0.0,6.0754,6.0754,HOLD_CASH
2020-04-14,19,EQR,ES,55.2077,73.1586,0.9673,0.014,0.0,0.0,6.0754,6.0754,HOLD_CASH
2020-04-15,19,EQR,ES,52.8607,71.1735,0.9673,-0.3578,0.0,0.0,6.0754,6.0754,HOLD_CASH
2020-04-16,19,EQR,ES,52.2519,71.8699,0.9673,-0.956,0.0,0.0,6.0754,6.0754,HOLD_CASH
2020-04-17,19,EQR,ES,55.9046,73.2867,0.9673,0.2769,0.0,0.0,6.0754,6.0754,HOLD_CASH
2020-04-20,19,EQR,ES,52.5563,70.253,0.9673,-0.1693,0.0,0.0,6.0754,6.0754,HOLD_CASH
2020-04-21,19,EQR,ES,51.1144,69.7968,0.9673,-0.6931,0.0,0.0,6.0754,6.0754,HOLD_CASH
2020-04-22,19,EQR,ES,52.5963,70.4452,0.9673,-0.1311,0.0,0.0,6.0754,6.0754,HOLD_CASH
2020-04-23,19,EQR,ES,51.1144,69.2845,0.9673,-0.4905,0.0,0.0,6.0754,6.0754,HOLD_CASH
2020-04-24,19,EQR,ES,51.2586,69.2925,0.9673,-0.3804,0.0,0.0,6.0754,6.0754,HOLD_CASH
2020-04-27,19,EQR,ES,52.308,68.4921,0.9673,0.6459,0.0,0.0,6.0754,6.0754,HOLD_CASH
2020-04-28,19,EQR,ES,51.9635,69.0124,0.9673,0.1873,0.0,0.0,6.0754,6.0754,HOLD_CASH
2020-04-29,19,EQR,ES,52.7245,66.7312,0.9673,1.6816,0.0,0.0,6.0754,6.0754,HOLD_CASH
2020-04-30,19,EQR,ES,52.1157,64.5941,0.9673,1.9702,0.0,0.0,6.0754,6.0754,HOLD_CASH
2020-05-01,19,EQR,ES,49.9129,63.9297,0.9673,1.0285,0.0,0.0,6.0754,6.0754,HOLD_CASH
2020-05-04,19,EQR,ES,50.0651,64.6741,0.9673,0.6746,0.0,0.0,6.0754,6.0754,HOLD_CASH
2020-05-05,19,EQR,ES,49.993,64.8262,0.9673,0.466,0.0,0.0,6.0754,6.0754,HOLD_CASH
2020-05-06,19,EQR,ES,48.8795,61.0402,0.9673,1.6095,0.0,0.0,6.0754,6.0754,HOLD_CASH
2020-05-07,19,EQR,ES,50.5056,62.1448,0.9673,1.9161,0.0,0.0,6.0754,6.0754,HOLD_CASH
2020-05-08,19,EQR,ES,51.4428,62.2648,0.9673,2.0609,-1.0,0.0,5.9921,5.9921,ENTER_SHORT_A
2020-05-11,19,EQR,ES,50.8741,61.6485,0.9673,1.7501,-1.0,0.0627,5.9921,6.0548,HOLDING
2020-05-12,19,EQR,ES,48.1506,60.5679,0.9673,0.7002,-1.0,1.5943,5.9921,7.5864,HOLDING
2020-05-13,19,EQR,ES,46.957,61.3443,0.9673,-0.3017,0.0,0.0,9.0011,9.0011,EXIT
2020-05-14,19,EQR,ES,46.0759,61.8486,0.9673,-1.0708,0.0,0.0,9.0011,9.0011,HOLD_CASH
2020-05-15,19,EQR,ES,45.7635,61.1443,0.9673,-0.9013,0.0,0.0,9.0011,9.0011,HOLD_CASH
2020-05-18,19,EQR,ES,48.4309,63.8737,0.9673,-0.5359,0.0,0.0,9.0011,9.0011,HOLD_CASH
2020-05-19,19,EQR,ES,46.2361,63.0659,0.9673,-1.444,0.0,0.0,9.0011,9.0011,HOLD_CASH
2020-05-20,19,EQR,ES,47.2053,64.0091,0.9673,-1.2242,0.0,0.0,9.0011,9.0011,HOLD_CASH
2020-05-21,19,EQR,ES,46.4043,63.5416,0.9673,-1.4366,0.0,0.0,9.0011,9.0011,HOLD_CASH
2020-05-22,19,EQR,ES,45.9798,63.2513,0.9673,-1.481,0.0,0.0,9.0011,9.0011,HOLD_CASH
2020-05-26,19,EQR,ES,48.2787,62.8886,0.9673,-0.1382,0.0,0.0,9.0011,9.0011,HOLD_CASH
2020-05-27,19,EQR,ES,48.1666,62.4532,0.9673,-0.0554,0.0,0.0,9.0011,9.0011,HOLD_CASH
2020-05-28,19,EQR,ES,48.7594,65.2103,0.9673,-0.7206,0.0,0.0,9.0011,9.0011,HOLD_CASH
2020-05-29,19,EQR,ES,48.511,67.4756,0.9673,-1.4875,0.0,0.0,9.0011,9.0011,HOLD_CASH
2020-06-01,19,EQR,ES,48.9436,68.9912,0.9673,-1.5704,0.0,0.0,9.0011,9.0011,HOLD_CASH
2020-06-02,19,EQR,ES,48.4309,69.1444,0.9673,-1.6203,0.0,0.0,9.0011,9.0011,HOLD_CASH
2019-12-02,20,DOC,ES,24.4087,64.8347,0.9637,0.0,0.0,0.0,0.0,0.0,HOLD_CASH
2019-12-03,20,DOC,ES,24.8055,64.8426,0.9637,0.0,0.0,0.0,0.0,0.0,HOLD_CASH
2019-12-04,20,DOC,ES,24.8128,65.6252,0.9637,0.0,0.0,0.0,0.0,0.0,HOLD_CASH
2019-12-05,20,DOC,ES,24.9138,64.9454,0.9637,0.0,0.0,0.0,0.0,0.0,HOLD_CASH
2019-12-06,20,DOC,ES,24.7767,64.1865,0.9637,0.0,0.0,0.0,0.0,0.0,HOLD_CASH
2019-12-09,20,DOC,ES,24.6685,63.8071,0.9637,0.0,0.0,0.0,0.0,0.0,HOLD_CASH
2019-12-10,20,DOC,ES,24.2788,64.0126,0.9637,0.0,0.0,0.0,0.0,0.0,HOLD_CASH
2019-12-11,20,DOC,ES,23.9469,64.3051,0.9637,0.0,0.0,0.0,0.0,0.0,HOLD_CASH
2019-12-12,20,DOC,ES,23.312,63.9098,0.9637,0.0,0.0,0.0,0.0,0.0,HOLD_CASH
2019-12-13,20,DOC,ES,23.2687,64.2971,0.9637,0.0,0.0,0.0,0.0,0.0,HOLD_CASH
2019-12-16,20,DOC,ES,23.3986,64.8584,0.9637,0.0,0.0,0.0,0.0,0.0,HOLD_CASH
2019-12-17,20,DOC,ES,23.11,65.4513,0.9637,0.0,0.0,0.0,0.0,0.0,HOLD_CASH
2019-12-18,20,DOC,ES,23.3986,66.0757,0.9637,0.0,0.0,0.0,0.0,0.0,HOLD_CASH
2019-12-19,20,DOC,ES,23.7305,66.6525,0.9637,0.0,0.0,0.0,0.0,0.0,HOLD_CASH
2019-12-20,20,DOC,ES,24.2861,67.2969,0.9637,0.0,0.0,0.0,0.0,0.0,HOLD_CASH
2019-12-23,20,DOC,ES,24.1129,66.6128,0.9637,0.0,0.0,0.0,0.0,0.0,HOLD_CASH
2019-12-24,20,DOC,ES,24.1706,66.7957,0.9637,0.0,0.0,0.0,0.0,0.0,HOLD_CASH
2019-12-26,20,DOC,ES,24.3149,67.0662,0.9637,0.0,0.0,0.0,0.0,0.0,HOLD_CASH
2019-12-27,20,DOC,ES,24.5242,67.0821,0.9637,0.0,0.0,0.0,0.0,0.0,HOLD_CASH
2019-12-30,20,DOC,ES,24.5747,67.1537,0.9637,-0.2146,0.0,0.0,0.0,0.0,HOLD_CASH
2019-12-31,20,DOC,ES,24.8705,67.6788,0.9637,-0.0225,0.0,0.0,0.0,0.0,HOLD_CASH
2020-01-02,20,DOC,ES,24.3005,66.215,0.9637,-0.0264,0.0,0.0,0.0,0.0,HOLD_CASH
2020-01-03,20,DOC,ES,24.7695,65.9206,0.9637,0.8547,0.0,0.0,0.0,0.0,HOLD_CASH
2020-01-06,20,DOC,ES,25.0004,66.2786,0.9637,1.0815,0.0,0.0,0.0,0.0,HOLD_CASH
2020-01-07,20,DOC,ES,24.8416,65.7774,0.9637,1.2443,0.0,0.0,0.0,0.0,HOLD_CASH
2020-01-08,20,DOC,ES,24.8849,65.8331,0.9637,1.4521,0.0,0.0,0.0,0.0,HOLD_CASH
2020-01-09,20,DOC,ES,25.022,66.3502,0.9637,1.3906,0.0,0.0,0.0,0.0,HOLD_CASH
2020-01-10,20,DOC,ES,25.2024,67.1537,0.9637,1.1398,0.0,0.0,0.0,0.0,HOLD_CASH
2020-01-13,20,DOC,ES,25.491,67.7424,0.9637,1.1559,0.0,0.0,0.0,0.0,HOLD_CASH
2020-01-14,20,DOC,ES,25.3972,68.2993,0.9637,0.5868,0.0,0.0,0.0,0.0,HOLD_CASH
2020-01-15,20,DOC,ES,25.6786,69.4688,0.9637,0.2992,0.0,0.0,0.0,0.0,HOLD_CASH
2020-01-16,20,DOC,ES,26.2846,69.8189,0.9637,1.0465,0.0,0.0,0.0,0.0,HOLD_CASH
2020-01-17,20,DOC,ES,26.1548,70.5906,0.9637,0.2134,0.0,0.0,0.0,0.0,HOLD_CASH
2020-01-21,20,DOC,ES,26.53,71.4418,0.9637,0.2714,0.0,0.0,0.0,0.0,HOLD_CASH
2020-01-22,20,DOC,ES,26.3424,71.5612,0.9637,-0.3571,0.0,0.0,0.0,0.0,HOLD_CASH
2020-01-23,20,DOC,ES,26.7175,72.5874,0.9637,-0.4259,0.0,0.0,0.0,0.0,HOLD_CASH
2020-01-24,20,DOC,ES,26.6959,73.0409,0.9637,-1.0352,0.0,0.0,0.0,0.0,HOLD_CASH
2020-01-27,20,DOC,ES,26.5516,72.6909,0.9637,-1.2165,0.0,0.0,0.0,0.0,HOLD_CASH
2020-01-28,20,DOC,ES,26.4867,73.025,0.9637,-1.7079,0.0,0.0,0.0,0.0,HOLD_CASH
2020-01-29,20,DOC,ES,26.4506,73.5023,0.9637,-2.0683,1.0,0.0,-0.0833,-0.0833,ENTER_LONG_A
2020-01-30,20,DOC,ES,26.3424,74.1547,0.9637,-2.4089,1.0,-0.5366,-0.0833,-0.6199,HOLDING
2020-01-31,20,DOC,ES,25.9672,73.5421,0.9637,-2.2936,1.0,-0.7977,-0.0833,-0.8811,HOLDING
2020-02-03,20,DOC,ES,26.0538,73.5182,0.9637,-1.8037,1.0,-0.6455,-0.0833,-0.7289,HOLDING
2020-02-04,20,DOC,ES,26.2991,72.0783,0.9637,-0.3791,0.0,0.0,0.3836,0.3836,EXIT
2020-02-05,20,DOC,ES,26.1836,71.9908,0.9637,-0.4679,0.0,0.0,0.3836,0.3836,HOLD_CASH
2020-02-06,20,DOC,ES,26.2053,72.2931,0.9637,-0.5561,0.0,0.0,0.3836,0.3836,HOLD_CASH
2020-02-07,20,DOC,ES,26.1981,72.0624,0.9637,-0.3358,0.0,0.0,0.3836,0.3836,HOLD_CASH
2020-02-10,20,DOC,ES,26.6238,72.6909,0.9637,0.163,0.0,0.0,0.3836,0.3836,HOLD_CASH
2020-02-11,20,DOC,ES,26.4001,72.5397,0.9637,-0.1318,0.0,0.0,0.3836,0.3836,HOLD_CASH
2020-02-12,20,DOC,ES,26.5155,72.6033,0.9637,0.1441,0.0,0.0,0.3836,0.3836,HOLD_CASH
2020-02-13,20,DOC,ES,26.8979,73.5739,0.9637,0.2768,0.0,0.0,0.3836,0.3836,HOLD_CASH
2020-02-14,20,DOC,ES,27.1894,74.5127,0.9637,0.3174,0.0,0.0,0.3836,0.3836,HOLD_CASH
2020-02-18,20,DOC,ES,27.204,75.4276,0.9637,-0.4613,0.0,0.0,0.3836,0.3836,HOLD_CASH
2020-02-19,20,DOC,ES,26.8323,75.0219,0.9637,-1.0552,0.0,0.0,0.3836,0.3836,HOLD_CASH
2020-02-20,20,DOC,ES,27.1748,76.0959,0.9637,-1.035,0.0,0.0,0.3836,0.3836,HOLD_CASH
2020-02-21,20,DOC,ES,27.0728,76.3425,0.9637,-1.4594,0.0,0.0,0.3836,0.3836,HOLD_CASH
2020-02-24,20,DOC,ES,27.0364,75.7458,0.9637,-0.8454,0.0,0.0,0.3836,0.3836,HOLD_CASH
2020-02-25,20,DOC,ES,25.987,74.29,0.9637,-2.1578,1.0,0.0,0.3003,0.3003,ENTER_LONG_A
2020-02-26,20,DOC,ES,25.4696,74.3536,0.9637,-2.7216,1.0,-0.88,0.3003,-0.5797,HOLDING
2020-02-27,20,DOC,ES,23.8809,71.219,0.9637,-2.8509,1.0,-1.7487,0.3003,-1.4484,HOLDING
2020-02-28,20,DOC,ES,23.0574,68.7846,0.9637,-2.3349,1.0,-1.7533,0.3003,-1.453,HOLDING
2020-03-02,20,DOC,ES,23.9247,74.4809,0.9637,-2.7527,1.0,-3.4729,0.3003,-3.1726,HOLDING
2020-03-03,20,DOC,ES,24.2161,73.959,0.9637,-1.8988,1.0,-2.7096,0.3003,-2.4093,HOLDING
2020-03-04,20,DOC,ES,25.1927,78.8736,0.9637,-2.043,1.0,-3.8204,0.3003,-3.5202,HOLDING
2020-03-05,20,DOC,ES,25.2291,77.9931,0.9637,-1.5568,1.0,-3.2763,0.3003,-2.976,HOLDING
2020-03-06,20,DOC,ES,24.5732,77.1287,0.9637,-1.6398,1.0,-3.8714,0.3003,-3.5711,HOLDING
2020-03-09,20,DOC,ES,22.7659,74.0871,0.9637,-1.9948,1.0,-5.1483,0.3003,-4.848,HOLDING
2020-03-10,20,DOC,ES,23.3927,72.9505,0.9637,-1.1343,1.0,-3.4992,0.3003,-3.1989,HOLDING
2020-03-11,20,DOC,ES,21.1627,70.2691,0.9637,-1.9267,1.0,-5.6646,0.3003,-5.3643,HOLDING
2020-03-12,20,DOC,ES,18.306,66.1309,0.9637,-2.5716,1.0,-8.0515,0.3003,-7.7512,HOLDING
2020-03-13,20,DOC,ES,21.0315,70.8614,0.9637,-1.436,1.0,-6.2049,0.3003,-5.9046,HOLDING
2020-03-16,20,DOC,ES,16.2291,61.7766,0.9637,-2.4693,0.0,-9.0461,-8.8063,-8.8063,STOP_LOSS_TRIGGERED
2020-03-17,20,DOC,ES,16.9943,69.8048,0.9637,-2.5451,0.0,0.0,-8.8063,-8.8063,STOPPED
2020-03-18,20,DOC,ES,15.1943,69.0364,0.9637,-2.6448,0.0,0.0,-8.8063,-8.8063,STOPPED
2020-03-19,20,DOC,ES,14.6332,61.6725,0.9637,-1.817,0.0,0.0,-8.8063,-8.8063,STOPPED
2020-03-20,20,DOC,ES,15.2745,54.7008,0.9637,-0.6179,0.0,0.0,-8.8063,-8.8063,STOPPED
2020-03-23,20,DOC,ES,14.5384,49.8103,0.9637,-0.2534,0.0,0.0,-8.8063,-8.8063,STOPPED
2020-03-24,20,DOC,ES,15.4202,57.1822,0.9637,-0.7339,0.0,0.0,-8.8063,-8.8063,STOPPED
2020-03-25,20,DOC,ES,15.9595,57.5504,0.9637,-0.4438,0.0,0.0,-8.8063,-8.8063,STOPPED
2020-03-26,20,DOC,ES,17.723,63.0252,0.9637,-0.24,0.0,0.0,-8.8063,-8.8063,STOPPED
2020-03-27,20,DOC,ES,18.2404,64.8022,0.9637,-0.156,0.0,0.0,-8.8063,-8.8063,STOPPED
2020-03-30,20,DOC,ES,17.7449,66.9553,0.9637,-0.6014,0.0,0.0,-8.8063,-8.8063,STOPPED
2020-03-31,20,DOC,ES,17.3805,62.601,0.9637,-0.1359,0.0,0.0,-8.8063,-8.8063,STOPPED
2020-04-01,20,DOC,ES,15.5149,60.8241,0.9637,-0.8576,0.0,0.0,-8.8063,-8.8063,STOPPED
2020-04-02,20,DOC,ES,14.8737,63.4655,0.9637,-1.5078,0.0,0.0,-8.8063,-8.8063,STOPPED
2020-04-03,20,DOC,ES,14.7862,60.0797,0.9637,-0.9638,0.0,0.0,-8.8063,-8.8063,STOPPED
2020-04-06,20,DOC,ES,16.8485,65.7067,0.9637,-0.4409,0.0,0.0,-8.8063,-8.8063,STOPPED
2020-04-07,20,DOC,ES,17.417,63.8577,0.9637,0.3337,0.0,0.0,-8.8063,-8.8063,STOPPED
2020-04-08,20,DOC,ES,19.4429,66.7152,0.9637,1.2085,0.0,0.0,-8.8063,-8.8063,STOPPED
2020-04-09,20,DOC,ES,20.6599,72.118,0.9637,0.9884,0.0,0.0,-8.8063,-8.8063,STOPPED
2020-04-13,20,DOC,ES,19.5668,69.4126,0.9637,0.8386,0.0,0.0,-8.8063,-8.8063,STOPPED
2020-04-14,20,DOC,ES,19.9238,73.1586,0.9637,0.3977,0.0,0.0,-8.8063,-8.8063,STOPPED
2020-04-15,20,DOC,ES,18.583,71.1735,0.9637,-0.1971,0.0,0.0,-8.8063,-8.8063,STOPPED
2020-04-16,20,DOC,ES,18.0291,71.8699,0.9637,-0.9489,0.0,0.0,-8.8063,-8.8063,STOPPED
2020-04-17,20,DOC,ES,19.1368,73.2867,0.9637,-0.4414,0.0,0.0,-8.8063,-8.8063,STOPPED
2020-04-20,20,DOC,ES,18.5028,70.253,0.9637,-0.2795,0.0,0.0,-8.8063,-8.8063,STOPPED
2020-04-21,20,DOC,ES,17.8469,69.7968,0.9637,-0.7138,0.0,0.0,-8.8063,-8.8063,STOPPED
2020-04-22,20,DOC,ES,18.1311,70.4452,0.9637,-0.5515,0.0,0.0,-8.8063,-8.8063,STOPPED
2020-04-23,20,DOC,ES,17.723,69.2845,0.9637,-0.6063,0.0,0.0,-8.8063,-8.8063,STOPPED
2020-04-24,20,DOC,ES,17.6575,69.2925,0.9637,-0.601,0.0,0.0,-8.8063,-8.8063,STOPPED
2020-04-27,20,DOC,ES,18.4518,68.4921,0.9637,0.4481,0.0,0.0,-8.8063,-8.8063,STOPPED
2020-04-28,20,DOC,ES,19.319,69.0124,0.9637,1.0806,0.0,0.0,-8.8063,-8.8063,STOPPED
2020-04-29,20,DOC,ES,19.902,66.7312,0.9637,1.9406,0.0,0.0,-8.8063,-8.8063,STOPPED
2020-04-30,20,DOC,ES,19.0494,64.5941,0.9637,1.5276,0.0,0.0,-8.8063,-8.8063,STOPPED
2020-05-01,20,DOC,ES,18.3279,63.9297,0.9637,1.0264,0.0,0.0,-8.8063,-8.8063,STOPPED
2020-05-04,20,DOC,ES,18.3133,64.6741,0.9637,0.7448,0.0,0.0,-8.8063,-8.8063,STOPPED
2020-05-05,20,DOC,ES,18.3643,64.8262,0.9637,0.6765,0.0,0.0,-8.8063,-8.8063,STOPPED
2020-05-06,20,DOC,ES,17.5117,61.0402,0.9637,0.8108,0.0,0.0,-8.8063,-8.8063,STOPPED
2020-05-07,20,DOC,ES,17.3563,62.1448,0.9637,0.3851,0.0,0.0,-8.8063,-8.8063,STOPPED
2020-05-08,20,DOC,ES,17.9484,62.2648,0.9637,0.9845,0.0,0.0,-8.8063,-8.8063,STOPPED
2020-05-11,20,DOC,ES,17.5709,61.6485,0.9637,0.7535,0.0,0.0,-8.8063,-8.8063,STOPPED
2020-05-12,20,DOC,ES,16.2387,60.5679,0.9637,-0.3898,0.0,0.0,-8.8063,-8.8063,STOPPED
2020-05-13,20,DOC,ES,15.95,61.3443,0.9637,-0.9408,0.0,0.0,-8.8063,-8.8063,STOPPED
2020-05-14,20,DOC,ES,16.4533,61.8486,0.9637,-0.5912,0.0,0.0,-8.8063,-8.8063,STOPPED
2020-05-15,20,DOC,ES,16.2387,61.1443,0.9637,-0.6479,0.0,0.0,-8.8063,-8.8063,STOPPED
2020-05-18,20,DOC,ES,17.8078,63.8737,0.9637,0.2999,0.0,0.0,-8.8063,-8.8063,STOPPED
2020-05-19,20,DOC,ES,17.8152,63.0659,0.9637,0.4815,0.0,0.0,-8.8063,-8.8063,STOPPED
2020-05-20,20,DOC,ES,17.7189,64.0091,0.9637,-0.009,0.0,0.0,-8.8063,-8.8063,STOPPED
2020-05-21,20,DOC,ES,17.9262,63.5416,0.9637,0.3304,0.0,0.0,-8.8063,-8.8063,STOPPED
2020-05-22,20,DOC,ES,18.1704,63.2513,0.9637,0.7071,0.0,0.0,-8.8063,-8.8063,STOPPED
2020-05-26,20,DOC,ES,18.9032,62.8886,0.9637,1.6981,0.0,0.0,-8.8063,-8.8063,STOPPED
2020-05-27,20,DOC,ES,19.0438,62.4532,0.9637,1.7783,0.0,0.0,-8.8063,-8.8063,STOPPED
2020-05-28,20,DOC,ES,18.9402,65.2103,0.9637,0.7257,0.0,0.0,-8.8063,-8.8063,STOPPED
2020-05-29,20,DOC,ES,18.237,67.4756,0.9637,-0.907,0.0,0.0,-8.8063,-8.8063,STOPPED
2020-06-01,20,DOC,ES,18.8884,68.9912,0.9637,-0.5155,0.0,0.0,-8.8063,-8.8063,STOPPED
2020-06-02,20,DOC,ES,19.3028,69.1444,0.9637,-0.0182,0.0,0.0,-8.8063,-8.8063,STOPPED
