Date,Pair_Rank,Ticker_A,Ticker_B,Price_A,Price_B,ZScore,Position,Unrealized_PnL,Realized_PnL,Cumulative_PnL,Status
2018-06-07,1,AEP,ED,48.8458,55.0872,0.0,0,0.0,0.0,0.0,HOLD_CASH
2018-06-08,1,AEP,ED,48.8153,55.0569,0.0,0,0.0,0.0,0.0,HOLD_CASH
2018-06-11,1,AEP,ED,47.9168,54.0277,0.0,0,0.0,0.0,0.0,HOLD_CASH
2018-06-12,1,AEP,ED,48.4041,54.8526,0.0,0,0.0,0.0,0.0,HOLD_CASH
2018-06-13,1,AEP,ED,48.3204,54.8147,0.0,0,0.0,0.0,0.0,HOLD_CASH
2018-06-14,1,AEP,ED,49.2037,55.4353,0.0,0,0.0,0.0,0.0,HOLD_CASH
2018-06-15,1,AEP,ED,49.5311,55.7986,0.0,0,0.0,0.0,0.0,HOLD_CASH
2018-06-18,1,AEP,ED,49.8433,55.9272,0.0,0,0.0,0.0,0.0,HOLD_CASH
2018-06-19,1,AEP,ED,50.9169,56.6537,0.0,0,0.0,0.0,0.0,HOLD_CASH
2018-06-20,1,AEP,ED,50.9397,56.7824,0.0,0,0.0,0.0,0.0,HOLD_CASH
2018-06-21,1,AEP,ED,51.3737,57.1003,0.0,0,0.0,0.0,0.0,HOLD_CASH
2018-06-22,1,AEP,ED,51.2824,57.3349,0.0,0,0.0,0.0,0.0,HOLD_CASH
2018-06-25,1,AEP,ED,52.5616,58.5912,0.0,0,0.0,0.0,0.0,HOLD_CASH
2018-06-26,1,AEP,ED,52.7672,58.6366,0.0,0,0.0,0.0,0.0,HOLD_CASH
2018-06-27,1,AEP,ED,53.1859,58.9544,0.0,0,0.0,0.0,0.0,HOLD_CASH
2018-06-28,1,AEP,ED,52.7976,58.9847,0.0,0,0.0,0.0,0.0,HOLD_CASH
2018-06-29,1,AEP,ED,52.7291,59.015,0.0,0,0.0,0.0,0.0,HOLD_CASH
2018-07-02,1,AEP,ED,53.3382,59.2874,0.0,0,0.0,0.0,0.0,HOLD_CASH
2018-07-03,1,AEP,ED,53.6809,59.3782,0.0,0,0.0,0.0,0.0,HOLD_CASH
2018-07-05,1,AEP,ED,54.1606,59.7793,1.6679,0,0.0,0.0,0.0,HOLD_CASH
2018-07-06,1,AEP,ED,54.488,60.1653,1.4391,0,0.0,0.0,0.0,HOLD_CASH
2018-07-09,1,AEP,ED,52.4397,58.1673,0.808,0,0.0,0.0,0.0,HOLD_CASH
2018-07-10,1,AEP,ED,53.1326,58.9241,0.7498,0,0.0,0.0,0.0,HOLD_CASH
2018-07-11,1,AEP,ED,53.8712,59.8096,0.5394,0,0.0,0.0,0.0,HOLD_CASH
2018-07-12,1,AEP,ED,53.5895,59.9534,-0.7506,0,0.0,0.0,0.0,HOLD_CASH
2018-07-13,1,AEP,ED,53.5667,60.135,-1.4381,0,0.0,0.0,0.0,HOLD_CASH
2018-07-16,1,AEP,ED,53.6199,59.9382,-0.8382,0,0.0,0.0,0.0,HOLD_CASH
2018-07-17,1,AEP,ED,53.6352,59.7566,-0.2672,0,0.0,0.0,0.0,HOLD_CASH
2018-07-18,1,AEP,ED,53.4829,59.4388,0.253,0,0.0,0.0,0.0,HOLD_CASH
2018-07-19,1,AEP,ED,53.7875,59.6204,0.7459,0,0.0,0.0,0.0,HOLD_CASH
2018-07-20,1,AEP,ED,53.6123,59.0679,1.7595,0,0.0,0.0,0.0,HOLD_CASH
2018-07-23,1,AEP,ED,52.8738,58.6214,0.4813,0,0.0,0.0,0.0,HOLD_CASH
2018-07-24,1,AEP,ED,52.5844,58.7349,-0.9496,0,0.0,0.0,0.0,HOLD_CASH
2018-07-25,1,AEP,ED,52.8281,58.5685,0.4755,0,0.0,0.0,0.0,HOLD_CASH
2018-07-26,1,AEP,ED,54.092,59.2571,2.2734,-1,0.0,-0.5,-0.5,ENTER_SHORT_A
2018-07-27,1,AEP,ED,54.1682,59.4463,1.7205,-1,0.4464,-0.5,-0.0536,HOLDING
2018-07-30,1,AEP,ED,53.6047,59.1512,0.7912,-1,1.8053,-0.5,1.3053,HOLDING
2018-07-31,1,AEP,ED,54.1682,59.7339,0.8195,-1,1.6597,-0.5,1.1597,HOLDING
2018-08-01,1,AEP,ED,53.5286,58.8636,1.1696,-1,0.9439,-0.5,0.4439,HOLDING
2018-08-02,1,AEP,ED,53.6732,59.1739,0.7689,-1,1.5844,-0.5,1.0844,HOLDING
2018-08-03,1,AEP,ED,54.1986,59.8701,0.4786,-1,2.0936,-0.5,1.5936,HOLDING
2018-08-06,1,AEP,ED,54.2672,59.7339,0.9316,-1,1.2021,-0.5,0.7021,HOLDING
2018-08-07,1,AEP,ED,54.2443,59.4236,1.4532,-1,-0.0014,-0.5,-0.5014,HOLDING
2018-08-08,1,AEP,ED,54.0083,59.416,0.7938,-1,1.0576,-0.5,0.5576,HOLDING
2018-08-09,1,AEP,ED,54.5229,59.7491,1.2127,-1,0.0839,-0.5,-0.4161,HOLDING
2018-08-10,1,AEP,ED,54.4231,59.5371,1.3955,-1,-0.3486,-0.5,-0.8486,HOLDING
2018-08-13,1,AEP,ED,54.4922,59.8247,0.7852,-1,0.5451,-0.5,0.0451,HOLDING
2018-08-14,1,AEP,ED,54.5537,59.966,0.5022,-1,0.8572,-0.5,0.3572,HOLDING
2018-08-15,1,AEP,ED,55.1298,60.9359,-0.5924,-1,2.2864,-0.5,1.7864,HOLDING
2018-08-16,1,AEP,ED,55.5676,61.6385,-1.2615,-1,3.2271,-0.5,2.7271,HOLDING
2018-08-17,1,AEP,ED,55.6905,61.9898,-1.6802,-1,4.1412,-0.5,3.6412,HOLDING
2018-08-20,1,AEP,ED,55.4447,61.3254,-0.5928,-1,2.4741,-0.5,1.9741,HOLDING
2018-08-21,1,AEP,ED,55.0376,60.8061,-0.5799,-1,2.1648,-0.5,1.6648,HOLDING
2018-08-22,1,AEP,ED,54.3386,60.2791,-1.4294,-1,3.1722,-0.5,2.6722,HOLDING
2018-08-23,1,AEP,ED,54.8148,60.3479,0.2347,-1,1.2612,-0.5,0.7612,HOLDING
2018-08-24,1,AEP,ED,54.9608,60.6762,-0.316,-1,1.972,-0.5,1.472,HOLDING
2018-08-27,1,AEP,ED,54.6612,60.2715,-0.0483,-1,1.649,-0.5,1.149,HOLDING
2018-08-28,1,AEP,ED,54.6228,59.9126,1.0457,-1,0.3122,-0.5,-0.1878,HOLDING
2018-08-29,1,AEP,ED,55.076,60.493,0.7256,-1,0.6663,-0.5,0.1663,HOLDING
2018-08-30,1,AEP,ED,55.1605,60.6304,0.5292,-1,0.8557,-0.5,0.3557,HOLDING
2018-08-31,1,AEP,ED,55.099,60.2791,1.3694,-1,-0.3424,-0.5,-0.8424,HOLDING
2018-09-04,1,AEP,ED,55.5062,60.7603,1.148,-1,-0.1942,-0.5,-0.6942,HOLDING
2018-09-05,1,AEP,ED,56.2589,61.6232,1.0205,-1,-0.0324,-0.5,-0.5324,HOLDING
2018-09-06,1,AEP,ED,56.3281,62.1273,-0.3188,-1,1.7745,-0.5,1.2745,HOLDING
2018-09-07,1,AEP,ED,55.8288,61.1574,1.0191,-1,-0.0098,-0.5,-0.5098,HOLDING
2018-09-10,1,AEP,ED,56.3818,61.5087,1.7272,-1,-1.0839,-0.5,-1.5839,HOLDING
2018-09-11,1,AEP,ED,56.0592,61.249,1.3378,-1,-0.6882,-0.5,-1.1882,HOLDING
2018-09-12,1,AEP,ED,55.6982,61.2109,0.2855,-1,0.8193,-0.5,0.3193,HOLDING
2018-09-13,1,AEP,ED,56.0515,61.6691,0.0405,-1,1.1195,-0.5,0.6195,HOLDING
2018-09-14,1,AEP,ED,55.7673,61.3178,0.08,-1,0.9508,-0.5,0.4508,HOLDING
2018-09-17,1,AEP,ED,55.921,61.3636,0.392,-1,0.4342,-0.5,-0.0658,HOLDING
2018-09-18,1,AEP,ED,55.6367,61.1574,-0.0828,-1,0.8777,-0.5,0.3777,HOLDING
2018-09-19,1,AEP,ED,54.5229,59.8133,0.3362,-1,0.3549,-0.5,-0.1451,HOLDING
2018-09-20,1,AEP,ED,54.5998,59.9049,0.2027,-1,0.3863,-0.5,-0.1137,HOLDING
2018-09-21,1,AEP,ED,54.8456,59.4849,2.8011,-1,-2.5217,-0.5,-3.0217,HOLDING
2018-09-24,1,AEP,ED,54.2618,58.5073,3.0026,-1,-3.9478,-0.5,-4.4478,HOLDING
2018-09-25,1,AEP,ED,53.6242,57.8124,2.4121,-1,-3.9331,-0.5,-4.4331,HOLDING
2018-09-26,1,AEP,ED,52.979,56.8272,2.4804,-1,-5.1073,-0.5,-5.6073,HOLDING
2018-09-27,1,AEP,ED,53.5858,57.4305,2.1246,-1,-5.3667,-0.5,-5.8667,HOLDING
2018-09-28,1,AEP,ED,54.4461,58.1866,2.0396,-1,-6.1529,-0.5,-6.6529,HOLDING
2018-10-01,1,AEP,ED,54.4615,57.8658,2.147,-1,-7.5772,-0.5,-8.0772,HOLDING
2018-10-02,1,AEP,ED,54.8072,58.8663,1.0845,-1,-4.9541,-0.5,-5.4541,HOLDING
2018-10-03,1,AEP,ED,53.9391,58.1255,0.7293,-1,-4.0677,-0.5,-4.5677,HOLDING
2018-10-04,1,AEP,ED,54.2003,58.4997,0.5217,-1,-3.696,-0.5,-4.196,HOLDING
2018-10-05,1,AEP,ED,55.2066,59.3092,0.8436,-1,-4.9314,-0.5,-5.4314,HOLDING
2018-10-08,1,AEP,ED,55.9594,59.5842,1.441,-1,-7.2507,-0.5,-7.7507,HOLDING
2018-10-09,1,AEP,ED,56.113,59.7445,1.2924,-1,-7.2841,-0.5,-7.7841,HOLDING
2018-10-10,1,AEP,ED,55.8441,59.3932,1.2492,-1,-7.5236,-0.5,-8.0236,HOLDING
2018-10-11,1,AEP,ED,54.7073,58.0797,1.2724,-1,-7.8111,-0.5,-8.3111,HOLDING
2018-10-12,1,AEP,ED,54.4615,57.4534,1.6188,-1,-9.3171,-0.5,-9.8171,HOLDING
2018-10-15,1,AEP,ED,54.5537,57.4916,1.5462,-1,-9.582,-0.5,-10.082,HOLDING
2018-10-16,1,AEP,ED,55.076,58.1178,1.3508,-1,-9.3541,-0.5,-9.8541,HOLDING
2018-10-17,1,AEP,ED,55.0914,58.1255,1.2962,-1,-9.3931,-0.5,-9.8931,HOLDING
2018-10-18,1,AEP,ED,55.0606,58.3164,0.9081,-1,-8.4454,-0.5,-8.9454,HOLDING
2018-10-19,1,AEP,ED,56.2743,59.0954,1.7013,-1,-10.7683,-0.5,-11.2683,HOLDING
2018-10-22,1,AEP,ED,56.1898,58.6677,2.0107,-1,-12.1821,-0.5,-12.6821,HOLDING
2018-10-23,1,AEP,ED,56.4126,58.2629,2.4994,-1,-14.9193,-0.5,-15.4193,HOLDING
2018-10-24,1,AEP,ED,58.041,59.7369,2.2704,-1,-16.2271,-0.5,-16.7271,HOLDING
2018-10-25,1,AEP,ED,56.4894,58.6601,1.4049,-1,-13.5989,-0.5,-14.0989,HOLDING
2018-10-26,1,AEP,ED,55.8749,58.2935,0.9557,-1,-12.3053,-0.5,-12.8053,HOLDING
2018-10-29,1,AEP,ED,56.8734,59.0648,1.1679,-1,-13.6663,-0.5,-14.1663,HOLDING
2018-10-30,1,AEP,ED,57.0655,58.9808,1.3598,-1,-14.9082,-0.5,-15.4082,HOLDING
2018-10-31,1,AEP,ED,56.3511,58.0415,1.4632,-1,-15.5697,-0.5,-16.0697,HOLDING
2018-11-01,1,AEP,ED,56.0515,57.7589,1.3402,-1,-15.3771,-0.5,-15.8771,HOLDING
2018-11-02,1,AEP,ED,55.8365,56.9265,1.9269,-1,-17.8951,-0.5,-18.3951,HOLDING
2018-11-05,1,AEP,ED,56.4587,58.072,1.1497,-1,-15.9378,-0.5,-16.4378,HOLDING
2018-11-06,1,AEP,ED,57.1884,58.9808,0.8609,-1,-15.4762,-0.5,-15.9762,HOLDING
2018-11-07,1,AEP,ED,57.7108,59.7674,0.4557,-1,-14.5718,-0.5,-15.0718,HOLDING
2018-11-08,1,AEP,ED,57.486,59.6987,0.1389,-1,-13.8229,-0.5,-14.3229,HOLDING
2018-11-09,1,AEP,ED,58.3773,60.3326,0.5105,-1,-15.2681,-0.5,-15.7681,HOLDING
2018-11-12,1,AEP,ED,59.0593,60.6152,1.0745,-1,-17.2282,-0.5,-17.7282,HOLDING
2018-11-13,1,AEP,ED,59.2376,60.9658,0.7281,-1,-16.5728,-0.5,-17.0728,HOLDING
2018-11-14,1,AEP,ED,59.0051,61.2047,-0.2082,-1,-14.4902,-0.5,-14.9902,HOLDING
2018-11-15,1,AEP,ED,59.5166,58.9852,3.4823,-1,-26.2182,-0.5,-26.7182,HOLDING
2018-11-16,1,AEP,ED,59.6949,59.3397,2.5525,-1,-25.5465,-0.5,-26.0465,HOLDING
2018-11-19,1,AEP,ED,60.0126,59.7251,2.0666,-1,-25.3895,-0.5,-25.8895,HOLDING
2018-11-20,1,AEP,ED,60.3149,60.1951,1.6369,-1,-24.8032,-0.5,-25.3032,HOLDING
2018-11-21,1,AEP,ED,58.6331,59.4245,0.6374,-1,-20.2813,-0.5,-20.7813,HOLDING
2018-11-23,1,AEP,ED,58.7958,59.6018,0.5578,-1,-20.2856,-0.5,-20.7856,HOLDING
2018-11-26,1,AEP,ED,58.8733,60.2337,-0.0735,-1,-17.9778,-0.5,-18.4778,HOLDING
2018-11-27,1,AEP,ED,59.3539,60.9195,-0.3252,-1,-17.3053,-0.5,-17.8053,HOLDING
2018-11-28,1,AEP,ED,59.0748,60.7577,-0.4822,-1,-16.6983,-0.5,-17.1983,HOLDING
2018-11-29,1,AEP,ED,59.1756,61.066,-0.697,-1,-15.8635,-0.5,-16.3635,HOLDING
2018-11-30,1,AEP,ED,60.2529,61.9214,-0.4335,-1,-17.2336,-0.5,-17.7336,HOLDING
2018-12-03,1,AEP,ED,60.6947,62.5996,-0.6276,-1,-16.4144,-0.5,-16.9144,HOLDING
2018-12-04,1,AEP,ED,60.78,63.1853,-1.0842,-1,0.0,-15.385,-15.385,PERIOD_END_EXIT
2018-06-07,2,DTE,ED,63.7869,55.0872,0.0,0,0.0,0.0,0.0,HOLD_CASH
2018-06-08,2,DTE,ED,63.7409,55.0569,0.0,0,0.0,0.0,0.0,HOLD_CASH
2018-06-11,2,DTE,ED,62.2488,54.0277,0.0,0,0.0,0.0,0.0,HOLD_CASH
2018-06-12,2,DTE,ED,63.4254,54.8526,0.0,0,0.0,0.0,0.0,HOLD_CASH
2018-06-13,2,DTE,ED,63.1559,54.8147,0.0,0,0.0,0.0,0.0,HOLD_CASH
2018-06-14,2,DTE,ED,63.7935,55.4353,0.0,0,0.0,0.0,0.0,HOLD_CASH
2018-06-15,2,DTE,ED,64.3859,55.7986,0.0,0,0.0,0.0,0.0,HOLD_CASH
2018-06-18,2,DTE,ED,64.6115,55.9272,0.0,0,0.0,0.0,0.0,HOLD_CASH
2018-06-19,2,DTE,ED,65.7392,56.6537,0.0,0,0.0,0.0,0.0,HOLD_CASH
2018-06-20,2,DTE,ED,65.8652,56.7824,0.0,0,0.0,0.0,0.0,HOLD_CASH
2018-06-21,2,DTE,ED,66.3826,57.1003,0.0,0,0.0,0.0,0.0,HOLD_CASH
2018-06-22,2,DTE,ED,66.6347,57.3349,0.0,0,0.0,0.0,0.0,HOLD_CASH
2018-06-25,2,DTE,ED,68.187,58.5912,0.0,0,0.0,0.0,0.0,HOLD_CASH
2018-06-26,2,DTE,ED,68.4589,58.6366,0.0,0,0.0,0.0,0.0,HOLD_CASH
2018-06-27,2,DTE,ED,69.109,58.9544,0.0,0,0.0,0.0,0.0,HOLD_CASH
2018-06-28,2,DTE,ED,68.9498,58.9847,0.0,0,0.0,0.0,0.0,HOLD_CASH
2018-06-29,2,DTE,ED,68.7442,59.015,0.0,0,0.0,0.0,0.0,HOLD_CASH
2018-07-02,2,DTE,ED,69.381,59.2874,0.0,0,0.0,0.0,0.0,HOLD_CASH
2018-07-03,2,DTE,ED,69.6663,59.3782,0.0,0,0.0,0.0,0.0,HOLD_CASH
2018-07-05,2,DTE,ED,70.5353,59.7793,2.2177,-1,0.0,-0.5,-0.5,ENTER_SHORT_A
2018-07-06,2,DTE,ED,70.9996,60.1653,1.8928,-1,-0.0318,-0.5,-0.5318,HOLDING
2018-07-09,2,DTE,ED,68.4258,58.1673,1.3201,-1,0.7353,-0.5,0.2353,HOLDING
2018-07-10,2,DTE,ED,68.9896,58.9241,0.6475,-1,1.9017,-0.5,1.4017,HOLDING
2018-07-11,2,DTE,ED,70.0908,59.8096,0.69,-1,1.7018,-0.5,1.2018,HOLDING
2018-07-12,2,DTE,ED,70.2633,59.9534,0.6218,-1,1.6919,-0.5,1.1919,HOLDING
2018-07-13,2,DTE,ED,70.4424,60.135,0.4797,-1,1.8167,-0.5,1.3167,HOLDING
2018-07-16,2,DTE,ED,70.5154,59.9382,1.0902,-1,0.7351,-0.5,0.2351,HOLDING
2018-07-17,2,DTE,ED,70.5684,59.7566,1.6268,-1,-0.2126,-0.5,-0.7126,HOLDING
2018-07-18,2,DTE,ED,70.3561,59.4388,1.808,-1,-0.7895,-0.5,-1.2895,HOLDING
2018-07-19,2,DTE,ED,71.2252,59.6204,2.6779,-1,-3.1099,-0.5,-3.6099,HOLDING
2018-07-20,2,DTE,ED,70.7144,59.0679,2.4077,-1,-3.61,-0.5,-4.11,HOLDING
2018-07-23,2,DTE,ED,70.6016,58.6214,2.5142,-1,-5.0775,-0.5,-5.5775,HOLDING
2018-07-24,2,DTE,ED,70.794,58.7349,2.1655,-1,-5.2848,-0.5,-5.7848,HOLDING
2018-07-25,2,DTE,ED,71.8421,58.5685,2.809,-1,-9.6957,-0.5,-10.1957,HOLDING
2018-07-26,2,DTE,ED,72.187,59.2571,1.9287,-1,-8.0383,-0.5,-8.5383,HOLDING
2018-07-27,2,DTE,ED,72.0477,59.4463,1.4051,-1,-6.7533,-0.5,-7.2533,HOLDING
2018-07-30,2,DTE,ED,71.4971,59.1512,1.1132,-1,-6.0362,-0.5,-6.5362,HOLDING
2018-07-31,2,DTE,ED,72.0013,59.7339,0.84,-1,-5.3861,-0.5,-5.8861,HOLDING
2018-08-01,2,DTE,ED,71.5369,58.8636,1.2481,-1,-7.38,-0.5,-7.88,HOLDING
2018-08-02,2,DTE,ED,72.1075,59.1739,1.275,-1,-8.1044,-0.5,-8.6044,HOLDING
2018-08-03,2,DTE,ED,73.0361,59.8701,1.2079,-1,-8.4842,-0.5,-8.9842,HOLDING
2018-08-06,2,DTE,ED,73.3015,59.7339,1.4044,-1,-9.9943,-0.5,-10.4943,HOLDING
2018-08-07,2,DTE,ED,73.202,59.4236,1.4766,-1,-10.9394,-0.5,-11.4394,HOLDING
2018-08-08,2,DTE,ED,73.0759,59.416,1.2633,-1,-10.5243,-0.5,-11.0243,HOLDING
2018-08-09,2,DTE,ED,73.4474,59.7491,1.1401,-1,-10.4483,-0.5,-10.9483,HOLDING
2018-08-10,2,DTE,ED,73.1954,59.5371,1.082,-1,-10.4411,-0.5,-10.9411,HOLDING
2018-08-13,2,DTE,ED,73.4939,59.8247,0.9697,-1,-10.2964,-0.5,-10.7964,HOLDING
2018-08-14,2,DTE,ED,73.6597,59.966,0.9083,-1,-10.2934,-0.5,-10.7934,HOLDING
2018-08-15,2,DTE,ED,74.4756,60.9359,0.3924,-1,-9.1291,-0.5,-9.6291,HOLDING
2018-08-16,2,DTE,ED,75.0793,61.6385,-0.0683,-1,-8.3303,-0.5,-8.8303,HOLDING
2018-08-17,2,DTE,ED,75.3711,61.9898,-0.4239,-1,-7.8956,-0.5,-8.3956,HOLDING
2018-08-20,2,DTE,ED,75.1589,61.3254,0.5687,-1,-9.922,-0.5,-10.422,HOLDING
2018-08-21,2,DTE,ED,74.7742,60.8061,0.9855,-1,-10.7301,-0.5,-11.2301,HOLDING
2018-08-22,2,DTE,ED,73.7857,60.2791,0.2831,-1,-9.4305,-0.5,-9.9305,HOLDING
2018-08-23,2,DTE,ED,73.9184,60.3479,0.3447,-1,-9.6132,-0.5,-10.1132,HOLDING
2018-08-24,2,DTE,ED,74.2302,60.6762,0.082,-1,-9.3452,-0.5,-9.8452,HOLDING
2018-08-27,2,DTE,ED,73.8587,60.2715,0.2764,-1,-9.7211,-0.5,-10.2211,HOLDING
2018-08-28,2,DTE,ED,73.454,59.9126,0.2754,-1,-9.788,-0.5,-10.288,HOLDING
2018-08-29,2,DTE,ED,73.8123,60.493,-1.0389,-1,-8.6304,-0.5,-9.1304,HOLDING
2018-08-30,2,DTE,ED,74.2036,60.6304,-0.3019,-1,-9.4426,-0.5,-9.9426,HOLDING
2018-08-31,2,DTE,ED,73.726,60.2791,-0.5408,-1,-9.2189,-0.5,-9.7189,HOLDING
2018-09-04,2,DTE,ED,74.0776,60.7603,-1.3217,-1,-8.453,-0.5,-8.953,HOLDING
2018-09-05,2,DTE,ED,75.139,61.6232,-1.1839,-1,-8.6057,-0.5,-9.1057,HOLDING
2018-09-06,2,DTE,ED,75.6233,62.1273,-1.5092,-1,-8.2142,-0.5,-8.7142,HOLDING
2018-09-07,2,DTE,ED,74.9333,61.1574,0.4354,-1,-9.8251,-0.5,-10.3251,HOLDING
2018-09-10,2,DTE,ED,75.2253,61.5087,-0.0388,-1,-9.3906,-0.5,-9.8906,HOLDING
2018-09-11,2,DTE,ED,75.1058,61.249,0.8598,-1,-10.0532,-0.5,-10.5532,HOLDING
2018-09-12,2,DTE,ED,74.9731,61.2109,0.5581,-1,-9.7426,-0.5,-10.2426,HOLDING
2018-09-13,2,DTE,ED,75.4641,61.6691,0.2138,-1,-9.5662,-0.5,-10.0662,HOLDING
2018-09-14,2,DTE,ED,75.0783,61.3178,0.3452,-1,-9.6682,-0.5,-10.1682,HOLDING
2018-09-17,2,DTE,ED,75.105,61.3636,0.0955,-1,-9.5713,-0.5,-10.0713,HOLDING
2018-09-18,2,DTE,ED,75.2187,61.1574,1.9075,-1,-10.8365,-0.5,-11.3365,HOLDING
2018-09-19,2,DTE,ED,72.9322,59.8133,-1.3448,-1,-8.3537,-0.5,-8.8537,HOLDING
2018-09-20,2,DTE,ED,72.9924,59.9049,-1.4492,-1,-8.1838,-0.5,-8.6838,HOLDING
2018-09-21,2,DTE,ED,72.9188,59.4849,0.8406,-1,-9.6796,-0.5,-10.1796,HOLDING
2018-09-24,2,DTE,ED,72.5445,58.5073,3.2166,-1,-12.4409,-0.5,-12.9409,HOLDING
2018-09-25,2,DTE,ED,71.8626,57.8124,2.7774,-1,-12.9303,-0.5,-13.4303,HOLDING
2018-09-26,2,DTE,ED,71.194,56.8272,2.9328,-1,-14.6808,-0.5,-15.1808,HOLDING
2018-09-27,2,DTE,ED,71.8091,57.4305,2.1741,-1,-14.3377,-0.5,-14.8377,HOLDING
2018-09-28,2,DTE,ED,72.959,58.1866,2.0711,-1,-15.2513,-0.5,-15.7513,HOLDING
2018-10-01,2,DTE,ED,72.8921,57.8658,2.0994,-1,-16.3559,-0.5,-16.8559,HOLDING
2018-10-02,2,DTE,ED,74.0487,58.8663,1.7114,-1,-16.2713,-0.5,-16.7713,HOLDING
2018-10-03,2,DTE,ED,72.6247,58.1255,1.0275,-1,-14.3222,-0.5,-14.8222,HOLDING
2018-10-04,2,DTE,ED,73.1261,58.4997,0.9675,-1,-14.5344,-0.5,-15.0344,HOLDING
2018-10-05,2,DTE,ED,74.6237,59.3092,1.361,-1,-16.4567,-0.5,-16.9567,HOLDING
2018-10-08,2,DTE,ED,75.2722,59.5842,1.5003,-1,-17.6054,-0.5,-18.1054,HOLDING
2018-10-09,2,DTE,ED,75.9742,59.7445,1.7498,-1,-19.4228,-0.5,-19.9228,HOLDING
2018-10-10,2,DTE,ED,75.3725,59.3932,1.424,-1,-18.7593,-0.5,-19.2593,HOLDING
2018-10-11,2,DTE,ED,73.9284,58.0797,1.4659,-1,-19.1345,-0.5,-19.6345,HOLDING
2018-10-12,2,DTE,ED,73.6342,57.4534,1.7123,-1,-20.7107,-0.5,-21.2107,HOLDING
2018-10-15,2,DTE,ED,73.6209,57.4916,1.4895,-1,-20.5037,-0.5,-21.0037,HOLDING
2018-10-16,2,DTE,ED,74.3696,58.1178,1.2999,-1,-20.5386,-0.5,-21.0386,HOLDING
2018-10-17,2,DTE,ED,74.4031,58.1255,1.2398,-1,-20.6252,-0.5,-21.1252,HOLDING
2018-10-18,2,DTE,ED,74.3162,58.3164,0.8835,-1,-19.5187,-0.5,-20.0187,HOLDING
2018-10-19,2,DTE,ED,75.5061,59.0954,1.0646,-1,-20.4787,-0.5,-20.9787,HOLDING
2018-10-22,2,DTE,ED,75.0783,58.6677,1.1256,-1,-20.7508,-0.5,-21.2508,HOLDING
2018-10-23,2,DTE,ED,74.8376,58.2629,1.3807,-1,-21.5905,-0.5,-22.0905,HOLDING
2018-10-24,2,DTE,ED,78.6885,59.7369,2.8569,-1,-29.075,-0.5,-29.575,HOLDING
2018-10-25,2,DTE,ED,76.9168,58.6601,2.1002,-1,-27.2991,-0.5,-27.7991,HOLDING
2018-10-26,2,DTE,ED,75.446,58.2935,1.0524,-1,-23.6191,-0.5,-24.1191,HOLDING
2018-10-29,2,DTE,ED,75.9675,59.0648,0.533,-1,-22.2416,-0.5,-22.7416,HOLDING
2018-10-30,2,DTE,ED,76.4555,58.9808,1.0029,-1,-24.3226,-0.5,-24.8226,HOLDING
2018-10-31,2,DTE,ED,75.1451,58.0415,0.8364,-1,-23.6067,-0.5,-24.1067,HOLDING
2018-11-01,2,DTE,ED,74.9379,57.7589,0.9391,-1,-24.0539,-0.5,-24.5539,HOLDING
2018-11-02,2,DTE,ED,74.4632,56.9265,1.5109,-1,-25.8529,-0.5,-26.3529,HOLDING
2018-11-05,2,DTE,ED,75.787,58.072,1.2009,-1,-25.7539,-0.5,-26.2539,HOLDING
2018-11-06,2,DTE,ED,76.7764,58.9808,0.8755,-1,-25.46,-0.5,-25.96,HOLDING
2018-11-07,2,DTE,ED,77.6455,59.7674,0.6139,-1,-25.2508,-0.5,-25.7508,HOLDING
2018-11-08,2,DTE,ED,77.806,59.6987,0.8446,-1,-26.1069,-0.5,-26.6069,HOLDING
2018-11-09,2,DTE,ED,78.9826,60.3326,1.1691,-1,-27.6265,-0.5,-28.1265,HOLDING
2018-11-12,2,DTE,ED,79.591,60.6152,1.3184,-1,-28.601,-0.5,-29.101,HOLDING
2018-11-13,2,DTE,ED,80.1927,60.9658,1.3431,-1,-29.2673,-0.5,-29.7673,HOLDING
2018-11-14,2,DTE,ED,79.7515,61.2047,0.3543,-1,-26.7043,-0.5,-27.2043,HOLDING
2018-11-15,2,DTE,ED,79.7648,58.9852,3.0213,-1,-36.0336,-0.5,-36.5336,HOLDING
2018-11-16,2,DTE,ED,79.5776,59.3397,2.0317,-1,-33.8876,-0.5,-34.3876,HOLDING
2018-11-19,2,DTE,ED,79.698,59.7251,1.4995,-1,-32.7026,-0.5,-33.2026,HOLDING
2018-11-20,2,DTE,ED,79.2233,60.1951,0.3805,-1,-29.0544,-0.5,-29.5544,HOLDING
2018-11-21,2,DTE,ED,78.0533,59.4245,0.2337,-1,-28.1304,-0.5,-28.6304,HOLDING
2018-11-23,2,DTE,ED,77.9999,59.6018,-0.0522,-1,-27.1996,-0.5,-27.6996,HOLDING
2018-11-26,2,DTE,ED,78.0199,60.2337,-0.8832,-1,-24.6278,-0.5,-25.1278,HOLDING
2018-11-27,2,DTE,ED,78.5547,60.9195,-1.2736,-1,-23.6552,-0.5,-24.1552,HOLDING
2018-11-28,2,DTE,ED,78.4879,60.7577,-1.0961,-1,-24.0951,-0.5,-24.5951,HOLDING
2018-11-29,2,DTE,ED,78.6684,61.066,-1.2692,-1,-23.4456,-0.5,-23.9456,HOLDING
2018-11-30,2,DTE,ED,80.0523,61.9214,-0.9657,-1,-24.7732,-0.5,-25.2732,HOLDING
2018-12-03,2,DTE,ED,79.6646,62.5996,-1.8702,-1,-20.5627,-0.5,-21.0627,HOLDING
2018-12-04,2,DTE,ED,79.6712,63.1853,-2.0863,-1,0.0,-19.1837,-19.1837,PERIOD_END_EXIT
2018-06-07,3,DUK,PNW,53.7846,54.6398,0.0,0,0.0,0.0,0.0,HOLD_CASH
2018-06-08,3,DUK,PNW,53.5211,54.5811,0.0,0,0.0,0.0,0.0,HOLD_CASH
2018-06-11,3,DUK,PNW,52.7892,53.9649,0.0,0,0.0,0.0,0.0,HOLD_CASH
2018-06-12,3,DUK,PNW,53.0527,54.7132,0.0,0,0.0,0.0,0.0,HOLD_CASH
2018-06-13,3,DUK,PNW,52.8843,54.5445,0.0,0,0.0,0.0,0.0,HOLD_CASH
2018-06-14,3,DUK,PNW,53.77,55.3221,0.0,0,0.0,0.0,0.0,HOLD_CASH
2018-06-15,3,DUK,PNW,54.3848,55.8356,0.0,0,0.0,0.0,0.0,HOLD_CASH
2018-06-18,3,DUK,PNW,54.4654,56.0117,0.0,0,0.0,0.0,0.0,HOLD_CASH
2018-06-19,3,DUK,PNW,55.3876,56.9947,0.0,0,0.0,0.0,0.0,HOLD_CASH
2018-06-20,3,DUK,PNW,55.7683,56.9067,0.0,0,0.0,0.0,0.0,HOLD_CASH
2018-06-21,3,DUK,PNW,56.2953,56.8773,0.0,0,0.0,0.0,0.0,HOLD_CASH
2018-06-22,3,DUK,PNW,56.6759,57.4349,0.0,0,0.0,0.0,0.0,HOLD_CASH
2018-06-25,3,DUK,PNW,57.8836,58.6967,0.0,0,0.0,0.0,0.0,HOLD_CASH
2018-06-26,3,DUK,PNW,57.6713,58.9315,0.0,0,0.0,0.0,0.0,HOLD_CASH
2018-06-27,3,DUK,PNW,58.2057,59.3643,0.0,0,0.0,0.0,0.0,HOLD_CASH
2018-06-28,3,DUK,PNW,57.9934,59.1149,0.0,0,0.0,0.0,0.0,HOLD_CASH
2018-06-29,3,DUK,PNW,57.8836,59.1002,0.0,0,0.0,0.0,0.0,HOLD_CASH
2018-07-02,3,DUK,PNW,58.3814,59.7531,0.0,0,0.0,0.0,0.0,HOLD_CASH
2018-07-03,3,DUK,PNW,58.418,60.0246,0.0,0,0.0,0.0,0.0,HOLD_CASH
2018-07-05,3,DUK,PNW,59.0035,60.4354,-0.3008,0,0.0,0.0,0.0,HOLD_CASH
2018-07-06,3,DUK,PNW,59.7428,60.6995,1.0656,0,0.0,0.0,0.0,HOLD_CASH
2018-07-09,3,DUK,PNW,57.5616,58.3079,1.4344,0,0.0,0.0,0.0,HOLD_CASH
2018-07-10,3,DUK,PNW,58.2057,58.6234,1.9753,0,0.0,0.0,0.0,HOLD_CASH
2018-07-11,3,DUK,PNW,58.8352,59.3056,1.6533,0,0.0,0.0,0.0,HOLD_CASH
2018-07-12,3,DUK,PNW,58.923,58.9461,2.2532,-1,0.0,-0.5,-0.5,ENTER_SHORT_A
2018-07-13,3,DUK,PNW,59.0109,58.7994,2.2593,-1,-0.9949,-0.5,-1.4949,HOLDING
2018-07-16,3,DUK,PNW,59.128,58.9168,1.9251,-1,-0.994,-0.5,-1.494,HOLDING
2018-07-17,3,DUK,PNW,59.0328,58.8655,1.639,-1,-0.8081,-0.5,-1.3081,HOLDING
2018-07-18,3,DUK,PNW,58.8791,58.682,1.5226,-1,-0.9338,-0.5,-1.4338,HOLDING
2018-07-19,3,DUK,PNW,59.4354,59.2616,1.3226,-1,-0.836,-0.5,-1.336,HOLDING
2018-07-20,3,DUK,PNW,59.0328,58.6454,1.4882,-1,-1.7416,-0.5,-2.2416,HOLDING
2018-07-23,3,DUK,PNW,58.5351,58.0731,1.4277,-1,-2.0566,-0.5,-2.5566,HOLDING
2018-07-24,3,DUK,PNW,58.4765,57.9411,1.3672,-1,-2.3682,-0.5,-2.8682,HOLDING
2018-07-25,3,DUK,PNW,58.6888,58.506,0.7979,-1,-0.8731,-0.5,-1.3731,HOLDING
2018-07-26,3,DUK,PNW,59.3915,59.3937,0.4752,-1,-0.0896,-0.5,-0.5896,HOLDING
2018-07-27,3,DUK,PNW,59.3549,59.1736,0.6546,-1,-0.8679,-0.5,-1.3679,HOLDING
2018-07-30,3,DUK,PNW,59.1207,58.8728,0.6732,-1,-1.1497,-0.5,-1.6497,HOLDING
2018-07-31,3,DUK,PNW,59.7428,59.5203,0.5576,-1,-1.0432,-0.5,-1.5432,HOLDING
2018-08-01,3,DUK,PNW,59.3256,58.8913,0.8788,-1,-1.9407,-0.5,-2.4407,HOLDING
2018-08-02,3,DUK,PNW,58.8864,59.2391,-0.9427,-1,1.3976,-0.5,0.8976,HOLDING
2018-08-03,3,DUK,PNW,59.6916,59.4389,0.4634,-1,-1.1711,-0.5,-1.6711,HOLDING
2018-08-06,3,DUK,PNW,59.3768,60.0383,-2.2943,-1,2.7065,-0.5,2.2065,HOLDING
2018-08-07,3,DUK,PNW,59.2012,59.8607,-2.1128,-1,2.6988,-0.5,2.1988,HOLDING
2018-08-08,3,DUK,PNW,58.8718,59.8533,-2.5515,-1,4.0648,-0.5,3.5648,HOLDING
2018-08-09,3,DUK,PNW,59.1499,60.1715,-2.1665,-1,4.2344,-0.5,3.7344,HOLDING
2018-08-10,3,DUK,PNW,59.2085,60.1641,-1.7453,-1,3.9545,-0.5,3.4545,HOLDING
2018-08-13,3,DUK,PNW,59.2451,60.0975,-1.3767,-1,3.5167,-0.5,3.0167,HOLDING
2018-08-14,3,DUK,PNW,59.45,60.2159,-1.0982,-1,3.1493,-0.5,2.6493,HOLDING
2018-08-15,3,DUK,PNW,59.9185,60.7561,-1.0953,-1,3.4529,-0.5,2.9529,HOLDING
2018-08-16,3,DUK,PNW,60.5537,60.4601,0.5146,-1,-0.4977,-0.5,-0.9977,HOLDING
2018-08-17,3,DUK,PNW,60.9165,60.8819,0.4552,-1,-0.248,-0.5,-0.748,HOLDING
2018-08-20,3,DUK,PNW,60.5685,60.808,0.0381,-1,0.9147,-0.5,0.4147,HOLDING
2018-08-21,3,DUK,PNW,60.1761,60.4379,0.0744,-1,1.0101,-0.5,0.5101,HOLDING
2018-08-22,3,DUK,PNW,59.843,59.5943,1.0767,-1,-1.1542,-0.5,-1.6542,HOLDING
2018-08-23,3,DUK,PNW,59.88,59.8163,0.6994,-1,-0.3697,-0.5,-0.8697,HOLDING
2018-08-24,3,DUK,PNW,60.2724,60.1123,0.8922,-1,-0.7792,-0.5,-1.2792,HOLDING
2018-08-27,3,DUK,PNW,59.6653,59.5943,0.7489,-1,-0.4003,-0.5,-0.9003,HOLDING
2018-08-28,3,DUK,PNW,59.4876,58.7507,1.8976,-1,-3.2244,-0.5,-3.7244,HOLDING
2018-08-29,3,DUK,PNW,59.769,58.8247,2.0583,-1,-4.1044,-0.5,-4.6044,HOLDING
2018-08-30,3,DUK,PNW,60.2057,58.2475,2.7546,-1,-8.4055,-0.5,-8.9055,HOLDING
2018-08-31,3,DUK,PNW,60.1465,58.1291,2.3023,-1,-8.6565,-0.5,-9.1565,HOLDING
2018-09-04,3,DUK,PNW,60.2798,58.5953,1.6683,-1,-7.2447,-0.5,-7.7447,HOLDING
2018-09-05,3,DUK,PNW,61.5902,59.2317,1.9598,-1,-10.1054,-0.5,-10.6054,HOLDING
2018-09-06,3,DUK,PNW,61.7975,59.3501,1.7701,-1,-10.4827,-0.5,-10.9827,HOLDING
2018-09-07,3,DUK,PNW,61.0572,58.8987,1.3839,-1,-9.256,-0.5,-9.756,HOLDING
2018-09-10,3,DUK,PNW,60.9387,59.2391,0.8942,-1,-7.3096,-0.5,-7.8096,HOLDING
2018-09-11,3,DUK,PNW,60.2502,58.9727,0.4564,-1,-5.5183,-0.5,-6.0183,HOLDING
2018-09-12,3,DUK,PNW,59.8874,59.0319,-0.014,-1,-3.7281,-0.5,-4.2281,HOLDING
2018-09-13,3,DUK,PNW,60.8203,59.4833,0.3747,-1,-5.7715,-0.5,-6.2715,HOLDING
2018-09-14,3,DUK,PNW,60.4871,59.4611,-0.0067,-1,-4.4521,-0.5,-4.9521,HOLDING
2018-09-17,3,DUK,PNW,60.7684,59.8385,-0.1737,-1,-4.0451,-0.5,-4.5451,HOLDING
2018-09-18,3,DUK,PNW,60.65,59.8089,-0.3571,-1,-3.668,-0.5,-4.168,HOLDING
2018-09-19,3,DUK,PNW,59.2951,58.4843,-0.4743,-1,-3.5377,-0.5,-4.0377,HOLDING
2018-09-20,3,DUK,PNW,59.6875,58.8099,-0.4508,-1,-3.8216,-0.5,-4.3216,HOLDING
2018-09-21,3,DUK,PNW,59.0952,59.3649,-1.9401,-1,1.0454,-0.5,0.5454,HOLDING
2018-09-24,3,DUK,PNW,58.9398,58.7359,-1.3157,-1,-0.9628,-0.5,-1.4628,HOLDING
2018-09-25,3,DUK,PNW,58.3475,57.8553,-0.9846,-1,-2.1846,-0.5,-2.6846,HOLDING
2018-09-26,3,DUK,PNW,57.8144,57.2854,-0.9017,-1,-2.3397,-0.5,-2.8397,HOLDING
2018-09-27,3,DUK,PNW,58.4437,57.7886,-0.7055,-1,-2.8755,-0.5,-3.3755,HOLDING
2018-09-28,3,DUK,PNW,59.2433,58.5953,-0.6513,-1,-2.847,-0.5,-3.347,HOLDING
2018-10-01,3,DUK,PNW,58.8953,58.3807,-0.7518,-1,-2.2808,-0.5,-2.7808,HOLDING
2018-10-02,3,DUK,PNW,59.5394,58.7729,-0.3387,-1,-3.3502,-0.5,-3.8502,HOLDING
2018-10-03,3,DUK,PNW,58.6288,58.2919,-0.8955,-1,-1.5267,-0.5,-2.0267,HOLDING
2018-10-04,3,DUK,PNW,59.184,59.3871,-1.7235,-1,0.7627,-0.5,0.2627,HOLDING
2018-10-05,3,DUK,PNW,60.265,60.5342,-1.7843,-1,1.0413,-0.5,0.5413,HOLDING
2018-10-08,3,DUK,PNW,60.8128,61.252,-1.9167,-1,1.7611,-0.5,1.2611,HOLDING
2018-10-09,3,DUK,PNW,60.8943,61.659,-2.1416,-1,3.1419,-0.5,2.6419,HOLDING
2018-10-10,3,DUK,PNW,60.6203,61.1928,-1.5865,-1,2.3268,-0.5,1.8268,HOLDING
2018-10-11,3,DUK,PNW,59.2137,60.1641,-1.9646,-1,3.9324,-0.5,3.4324,HOLDING
2018-10-12,3,DUK,PNW,59.2211,60.3121,-1.8887,-1,4.5288,-0.5,4.0288,HOLDING
2018-10-15,3,DUK,PNW,59.3247,60.4453,-1.6923,-1,4.6539,-0.5,4.1539,HOLDING
2018-10-16,3,DUK,PNW,59.9244,61.8218,-2.2573,-1,7.9471,-0.5,7.4471,HOLDING
2018-10-17,3,DUK,PNW,59.7986,61.9328,-2.1271,-1,8.9521,-0.5,8.4521,HOLDING
2018-10-18,3,DUK,PNW,60.1613,61.7774,-1.3906,-1,6.7538,-0.5,6.2538,HOLDING
2018-10-19,3,DUK,PNW,61.2645,63.0132,-1.3482,-1,7.3149,-0.5,6.8149,HOLDING
2018-10-22,3,DUK,PNW,61.183,62.8356,-1.1294,-1,6.9071,-0.5,6.4071,HOLDING
2018-10-23,3,DUK,PNW,60.9313,62.2584,-0.7306,-1,5.5269,-0.5,5.0269,HOLDING
2018-10-24,3,DUK,PNW,62.7451,63.9605,-0.509,-1,5.0498,-0.5,4.5498,HOLDING
2018-10-25,3,DUK,PNW,61.9234,62.4952,0.227,-1,2.3221,-0.5,1.8221,HOLDING
2018-10-26,3,DUK,PNW,60.6278,61.1632,0.35,-1,2.1699,-0.5,1.6699,HOLDING
2018-10-29,3,DUK,PNW,61.7901,61.733,1.1649,-1,-0.3452,-0.5,-0.8452,HOLDING
2018-10-30,3,DUK,PNW,62.064,61.9254,1.424,-1,-0.6914,-0.5,-1.1914,HOLDING
2018-10-31,3,DUK,PNW,61.1756,61.4087,1.0067,-1,0.8869,-0.5,0.3869,HOLDING
2018-11-01,3,DUK,PNW,60.4575,61.6402,-0.3506,-1,4.9154,-0.5,4.4154,HOLDING
2018-11-02,3,DUK,PNW,61.146,61.5058,0.9291,-1,1.4242,-0.5,0.9242,HOLDING
2018-11-05,3,DUK,PNW,61.8789,62.2748,0.8741,-1,1.5759,-0.5,1.0759,HOLDING
2018-11-06,3,DUK,PNW,62.4342,63.2006,0.3246,-1,3.1465,-0.5,2.6465,HOLDING
2018-11-07,3,DUK,PNW,62.7081,63.7531,-0.0493,-1,4.3274,-0.5,3.8274,HOLDING
2018-11-08,3,DUK,PNW,62.4342,65.3732,-2.2824,-1,12.3609,-0.5,11.8609,HOLDING
2018-11-09,3,DUK,PNW,63.3596,66.0527,-1.6873,-1,11.316,-0.5,10.816,HOLDING
2018-11-12,3,DUK,PNW,63.6114,66.3438,-1.5245,-1,11.4829,-0.5,10.9829,HOLDING
2018-11-13,3,DUK,PNW,63.9297,66.635,-1.3909,-1,11.3671,-0.5,10.8671,HOLDING
2018-11-14,3,DUK,PNW,63.9816,65.881,-0.6157,-1,7.949,-0.5,7.449,HOLDING
2018-11-15,3,DUK,PNW,64.4665,66.2244,-0.4565,-1,7.3481,-0.5,6.8481,HOLDING
2018-11-16,3,DUK,PNW,64.8707,65.9407,0.2118,-1,4.4301,-0.5,3.9301,HOLDING
2018-11-19,3,DUK,PNW,65.5891,66.3513,0.4851,-1,3.1234,-0.5,2.6234,HOLDING
2018-11-20,3,DUK,PNW,66.2477,65.9257,1.4191,-1,-1.4757,-0.5,-1.9757,HOLDING
2018-11-21,3,DUK,PNW,64.6985,65.3583,0.4324,-1,2.6905,-0.5,2.1905,HOLDING
2018-11-23,3,DUK,PNW,64.923,65.9033,0.145,-1,4.0494,-0.5,3.5494,HOLDING
2018-11-26,3,DUK,PNW,65.0952,66.1796,0.0724,-1,4.4908,-0.5,3.9908,HOLDING
2018-11-27,3,DUK,PNW,65.7313,67.0233,-0.0533,-1,5.3699,-0.5,4.8699,HOLDING
2018-11-28,3,DUK,PNW,65.5592,66.5305,0.3397,-1,4.0104,-0.5,3.5104,HOLDING
2018-11-29,3,DUK,PNW,65.5592,66.3289,0.5969,-1,3.1553,-0.5,2.6553,HOLDING
2018-11-30,3,DUK,PNW,66.2851,66.7171,0.9042,-1,1.7219,-0.5,1.2219,HOLDING
2018-12-03,3,DUK,PNW,67.0709,67.3667,1.0419,-1,1.1426,-0.5,0.6426,HOLDING
2018-12-04,3,DUK,PNW,67.3927,67.2622,1.4087,-1,0.0,-1.7372,-1.7372,PERIOD_END_EXIT
2018-06-07,4,AEP,DTE,48.8458,63.7869,0.0,0,0.0,0.0,0.0,HOLD_CASH
2018-06-08,4,AEP,DTE,48.8153,63.7409,0.0,0,0.0,0.0,0.0,HOLD_CASH
2018-06-11,4,AEP,DTE,47.9168,62.2488,0.0,0,0.0,0.0,0.0,HOLD_CASH
2018-06-12,4,AEP,DTE,48.4041,63.4254,0.0,0,0.0,0.0,0.0,HOLD_CASH
2018-06-13,4,AEP,DTE,48.3204,63.1559,0.0,0,0.0,0.0,0.0,HOLD_CASH
2018-06-14,4,AEP,DTE,49.2037,63.7935,0.0,0,0.0,0.0,0.0,HOLD_CASH
2018-06-15,4,AEP,DTE,49.5311,64.3859,0.0,0,0.0,0.0,0.0,HOLD_CASH
2018-06-18,4,AEP,DTE,49.8433,64.6115,0.0,0,0.0,0.0,0.0,HOLD_CASH
2018-06-19,4,AEP,DTE,50.9169,65.7392,0.0,0,0.0,0.0,0.0,HOLD_CASH
2018-06-20,4,AEP,DTE,50.9397,65.8652,0.0,0,0.0,0.0,0.0,HOLD_CASH
2018-06-21,4,AEP,DTE,51.3737,66.3826,0.0,0,0.0,0.0,0.0,HOLD_CASH
2018-06-22,4,AEP,DTE,51.2824,66.6347,0.0,0,0.0,0.0,0.0,HOLD_CASH
2018-06-25,4,AEP,DTE,52.5616,68.187,0.0,0,0.0,0.0,0.0,HOLD_CASH
2018-06-26,4,AEP,DTE,52.7672,68.4589,0.0,0,0.0,0.0,0.0,HOLD_CASH
2018-06-27,4,AEP,DTE,53.1859,69.109,0.0,0,0.0,0.0,0.0,HOLD_CASH
2018-06-28,4,AEP,DTE,52.7976,68.9498,0.0,0,0.0,0.0,0.0,HOLD_CASH
2018-06-29,4,AEP,DTE,52.7291,68.7442,0.0,0,0.0,0.0,0.0,HOLD_CASH
2018-07-02,4,AEP,DTE,53.3382,69.381,0.0,0,0.0,0.0,0.0,HOLD_CASH
2018-07-03,4,AEP,DTE,53.6809,69.6663,0.0,0,0.0,0.0,0.0,HOLD_CASH
2018-07-05,4,AEP,DTE,54.1606,70.5353,-0.4404,0,0.0,0.0,0.0,HOLD_CASH
2018-07-06,4,AEP,DTE,54.488,70.9996,-0.6166,0,0.0,0.0,0.0,HOLD_CASH
2018-07-09,4,AEP,DTE,52.4397,68.4258,-0.9918,0,0.0,0.0,0.0,HOLD_CASH
2018-07-10,4,AEP,DTE,53.1326,68.9896,0.2745,0,0.0,0.0,0.0,HOLD_CASH
2018-07-11,4,AEP,DTE,53.8712,70.0908,-0.3903,0,0.0,0.0,0.0,HOLD_CASH
2018-07-12,4,AEP,DTE,53.5895,70.2633,-2.3762,1,0.0,-0.5,-0.5,ENTER_LONG_A
2018-07-13,4,AEP,DTE,53.5667,70.4424,-2.4593,1,-0.7439,-0.5,-1.2439,HOLDING
2018-07-16,4,AEP,DTE,53.6199,70.5154,-2.0501,1,-0.7549,-0.5,-1.2549,HOLDING
2018-07-17,4,AEP,DTE,53.6352,70.5684,-1.8299,1,-0.8727,-0.5,-1.3727,HOLDING
2018-07-18,4,AEP,DTE,53.4829,70.3561,-1.6178,1,-0.8278,-0.5,-1.3278,HOLDING
2018-07-19,4,AEP,DTE,53.7875,71.2252,-2.2918,1,-2.4989,-0.5,-2.9989,HOLDING
2018-07-20,4,AEP,DTE,53.6123,70.7144,-1.5181,1,-1.4985,-0.5,-1.9985,HOLDING
2018-07-23,4,AEP,DTE,52.8738,70.6016,-2.606,1,-4.5427,-0.5,-5.0427,HOLDING
2018-07-24,4,AEP,DTE,52.5844,70.794,-2.7112,1,-6.5771,-0.5,-7.0771,HOLDING
2018-07-25,4,AEP,DTE,52.8281,71.8421,-2.7434,1,-9.1696,-0.5,-9.6696,HOLDING
2018-07-26,4,AEP,DTE,54.092,72.187,-1.1269,1,-4.5005,-0.5,-5.0005,HOLDING
2018-07-27,4,AEP,DTE,54.1682,72.0477,-0.7883,1,-3.6496,-0.5,-4.1496,HOLDING
2018-07-30,4,AEP,DTE,53.6047,71.4971,-0.9089,1,-4.3192,-0.5,-4.8192,HOLDING
2018-07-31,4,AEP,DTE,54.1682,72.0013,-0.5741,1,-3.4845,-0.5,-3.9845,HOLDING
2018-08-01,4,AEP,DTE,53.5286,71.5369,-0.9059,1,-4.816,-0.5,-5.316,HOLDING
2018-08-02,4,AEP,DTE,53.6732,72.1075,-1.2001,1,-6.1711,-0.5,-6.6711,HOLDING
2018-08-03,4,AEP,DTE,54.1986,73.0361,-1.3049,1,-7.0243,-0.5,-7.5243,HOLDING
2018-08-06,4,AEP,DTE,54.2672,73.3015,-1.347,1,-7.6487,-0.5,-8.1487,HOLDING
2018-08-07,4,AEP,DTE,54.2443,73.202,-1.1853,1,-7.4013,-0.5,-7.9013,HOLDING
2018-08-08,4,AEP,DTE,54.0083,73.0759,-1.3178,1,-8.054,-0.5,-8.554,HOLDING
2018-08-09,4,AEP,DTE,54.5229,73.4474,-0.8411,1,-6.9748,-0.5,-7.4748,HOLDING
2018-08-10,4,AEP,DTE,54.4231,73.1954,-0.615,1,-6.5438,-0.5,-7.0438,HOLDING
2018-08-13,4,AEP,DTE,54.4922,73.4939,-0.8095,1,-7.2833,-0.5,-7.7833,HOLDING
2018-08-14,4,AEP,DTE,54.5537,73.6597,-0.8518,1,-7.5868,-0.5,-8.0868,HOLDING
2018-08-15,4,AEP,DTE,55.1298,74.4756,-0.8507,1,-7.8022,-0.5,-8.3022,HOLDING
2018-08-16,4,AEP,DTE,55.5676,75.0793,-0.7935,1,-7.9075,-0.5,-8.4075,HOLDING
2018-08-17,4,AEP,DTE,55.6905,75.3711,-0.9931,1,-8.3727,-0.5,-8.8727,HOLDING
2018-08-20,4,AEP,DTE,55.4447,75.1589,-1.1239,1,-8.7641,-0.5,-9.2641,HOLDING
2018-08-21,4,AEP,DTE,55.0376,74.7742,-1.3306,1,-9.2945,-0.5,-9.7945,HOLDING
2018-08-22,4,AEP,DTE,54.3386,73.7857,-1.2847,1,-9.0385,-0.5,-9.5385,HOLDING
2018-08-23,4,AEP,DTE,54.8148,73.9184,-0.1753,1,-7.2888,-0.5,-7.7888,HOLDING
2018-08-24,4,AEP,DTE,54.9608,74.2302,-0.3376,1,-7.7174,-0.5,-8.2174,HOLDING
2018-08-27,4,AEP,DTE,54.6612,73.8587,-0.3363,1,-7.7931,-0.5,-8.2931,HOLDING
2018-08-28,4,AEP,DTE,54.6228,73.454,0.9762,1,-6.5325,-0.5,-7.0325,HOLDING
2018-08-29,4,AEP,DTE,55.076,73.8123,2.1139,1,-5.6929,-0.5,-6.1929,HOLDING
2018-08-30,4,AEP,DTE,55.1605,74.2036,1.0596,1,-6.6912,-0.5,-7.1912,HOLDING
2018-08-31,4,AEP,DTE,55.099,73.726,2.2052,1,-5.2785,-0.5,-5.7785,HOLDING
2018-09-04,4,AEP,DTE,55.5062,74.0776,2.2955,1,-4.6302,-0.5,-5.1302,HOLDING
2018-09-05,4,AEP,DTE,56.2589,75.139,1.8233,1,-4.8948,-0.5,-5.3948,HOLDING
2018-09-06,4,AEP,DTE,56.3281,75.6233,0.7221,1,-6.2953,-0.5,-6.7953,HOLDING
2018-09-07,4,AEP,DTE,55.8288,74.9333,0.7269,1,-6.1699,-0.5,-6.6699,HOLDING
2018-09-10,4,AEP,DTE,56.3818,75.2253,1.6695,1,-4.6284,-0.5,-5.1284,HOLDING
2018-09-11,4,AEP,DTE,56.0592,75.1058,0.8497,1,-5.7085,-0.5,-6.2085,HOLDING
2018-09-12,4,AEP,DTE,55.6982,74.9731,-0.004,1,-6.9206,-0.5,-7.4206,HOLDING
2018-09-13,4,AEP,DTE,56.0515,75.4641,-0.0709,1,-7.019,-0.5,-7.519,HOLDING
2018-09-14,4,AEP,DTE,55.7673,75.0783,-0.0971,1,-6.9722,-0.5,-7.4722,HOLDING
2018-09-17,4,AEP,DTE,55.921,75.105,0.2771,1,-6.3508,-0.5,-6.8508,HOLDING
2018-09-18,4,AEP,DTE,55.6367,75.2187,-1.0201,1,-8.081,-0.5,-8.581,HOLDING
2018-09-19,4,AEP,DTE,54.5229,72.9322,0.9806,1,-5.1417,-0.5,-5.6417,HOLDING
2018-09-20,4,AEP,DTE,54.5998,72.9924,1.0653,1,-4.9974,-0.5,-5.4974,HOLDING
2018-09-21,4,AEP,DTE,54.8456,72.9188,2.0166,1,-3.589,-0.5,-4.089,HOLDING
2018-09-24,4,AEP,DTE,54.2618,72.5445,0.7199,1,-4.9805,-0.5,-5.4805,HOLDING
2018-09-25,4,AEP,DTE,53.6242,71.8626,0.0881,1,-5.5284,-0.5,-6.0284,HOLDING
2018-09-26,4,AEP,DTE,52.979,71.194,-0.6162,1,-6.1598,-0.5,-6.6598,HOLDING
2018-09-27,4,AEP,DTE,53.5858,71.8091,0.0859,1,-5.5173,-0.5,-6.0173,HOLDING
2018-09-28,4,AEP,DTE,54.4461,72.959,0.0483,1,-5.5952,-0.5,-6.0952,HOLDING
2018-10-01,4,AEP,DTE,54.4615,72.8921,0.3614,1,-5.2857,-0.5,-5.7857,HOLDING
2018-10-02,4,AEP,DTE,54.8072,74.0487,-1.7942,1,-7.7883,-0.5,-8.2883,HOLDING
2018-10-03,4,AEP,DTE,53.9391,72.6247,-0.8655,1,-6.7709,-0.5,-7.2709,HOLDING
2018-10-04,4,AEP,DTE,54.2003,73.1261,-1.2492,1,-7.3367,-0.5,-7.8367,HOLDING
2018-10-05,4,AEP,DTE,55.2066,74.6237,-1.5014,1,-7.9706,-0.5,-8.4706,HOLDING
2018-10-08,4,AEP,DTE,55.9594,75.2722,-0.3611,1,-6.7662,-0.5,-7.2662,HOLDING
2018-10-09,4,AEP,DTE,56.113,75.9742,-1.6235,1,-8.5472,-0.5,-9.0472,HOLDING
2018-10-10,4,AEP,DTE,55.8441,75.3725,-0.9035,1,-7.6606,-0.5,-8.1606,HOLDING
2018-10-11,4,AEP,DTE,54.7073,73.9284,-1.0881,1,-7.8261,-0.5,-8.3261,HOLDING
2018-10-12,4,AEP,DTE,54.4615,73.6342,-1.1128,1,-7.9261,-0.5,-8.4261,HOLDING
2018-10-15,4,AEP,DTE,54.5537,73.6209,-0.6879,1,-7.4485,-0.5,-7.9485,HOLDING
2018-10-16,4,AEP,DTE,55.076,74.3696,-0.8244,1,-7.676,-0.5,-8.176,HOLDING
2018-10-17,4,AEP,DTE,55.0914,74.4031,-0.7738,1,-7.7231,-0.5,-8.2231,HOLDING
2018-10-18,4,AEP,DTE,55.0606,74.3162,-0.5771,1,-7.5574,-0.5,-8.0574,HOLDING
2018-10-19,4,AEP,DTE,56.2743,75.5061,0.908,1,-6.1295,-0.5,-6.6295,HOLDING
2018-10-22,4,AEP,DTE,56.1898,75.0783,1.9295,1,-5.0013,-0.5,-5.5013,HOLDING
2018-10-23,4,AEP,DTE,56.4126,74.8376,2.8072,1,-3.1058,-0.5,-3.6058,HOLDING
2018-10-24,4,AEP,DTE,58.041,78.6885,-1.2806,1,-9.2104,-0.5,-9.7104,HOLDING
2018-10-25,4,AEP,DTE,56.4894,76.9168,-1.7956,1,-10.1453,-0.5,-10.6453,HOLDING
2018-10-26,4,AEP,DTE,55.8749,75.446,-0.2921,1,-7.779,-0.5,-8.279,HOLDING
2018-10-29,4,AEP,DTE,56.8734,75.9675,1.563,1,-4.9758,-0.5,-5.4758,HOLDING
2018-10-30,4,AEP,DTE,57.0655,76.4555,0.9482,1,-5.8164,-0.5,-6.3164,HOLDING
2018-10-31,4,AEP,DTE,56.3511,75.1451,1.5451,1,-4.4867,-0.5,-4.9867,HOLDING
2018-11-01,4,AEP,DTE,56.0515,74.9379,1.0396,1,-5.1469,-0.5,-5.6469,HOLDING
2018-11-02,4,AEP,DTE,55.8365,74.4632,1.2737,1,-4.4614,-0.5,-4.9614,HOLDING
2018-11-05,4,AEP,DTE,56.4587,75.787,0.2937,1,-6.2687,-0.5,-6.7687,HOLDING
2018-11-06,4,AEP,DTE,57.1884,76.7764,0.218,1,-6.3849,-0.5,-6.8849,HOLDING
2018-11-07,4,AEP,DTE,57.7108,77.6455,-0.1336,1,-7.0404,-0.5,-7.5404,HOLDING
2018-11-08,4,AEP,DTE,57.486,77.806,-1.0184,1,-8.6599,-0.5,-9.1599,HOLDING
2018-11-09,4,AEP,DTE,58.3773,78.9826,-0.9519,1,-8.6884,-0.5,-9.1884,HOLDING
2018-11-12,4,AEP,DTE,59.0593,79.591,-0.3736,1,-7.6711,-0.5,-8.1711,HOLDING
2018-11-13,4,AEP,DTE,59.2376,80.1927,-1.0174,1,-8.9805,-0.5,-9.4805,HOLDING
2018-11-14,4,AEP,DTE,59.0051,79.7515,-0.7736,1,-8.4954,-0.5,-8.9954,HOLDING
2018-11-15,4,AEP,DTE,59.5166,79.7648,0.4237,1,-6.1564,-0.5,-6.6564,HOLDING
2018-11-16,4,AEP,DTE,59.6949,79.5776,1.1262,1,-4.6588,-0.5,-5.1588,HOLDING
2018-11-19,4,AEP,DTE,60.0126,79.698,1.5419,1,-3.6045,-0.5,-4.1045,HOLDING
2018-11-20,4,AEP,DTE,60.3149,79.2233,2.5718,1,-0.5055,-0.5,-1.0055,HOLDING
2018-11-21,4,AEP,DTE,58.6331,78.0533,0.902,1,-4.1887,-0.5,-4.6887,HOLDING
2018-11-23,4,AEP,DTE,58.7958,77.9999,1.2244,1,-3.2393,-0.5,-3.7393,HOLDING
2018-11-26,4,AEP,DTE,58.8733,78.0199,1.2222,1,-2.9489,-0.5,-3.4489,HOLDING
2018-11-27,4,AEP,DTE,59.3539,78.5547,1.2679,1,-2.6102,-0.5,-3.1102,HOLDING
2018-11-28,4,AEP,DTE,59.0748,78.4879,0.7484,1,-3.6741,-0.5,-4.1741,HOLDING
2018-11-29,4,AEP,DTE,59.1756,78.6684,0.6549,1,-3.8462,-0.5,-4.3462,HOLDING
2018-11-30,4,AEP,DTE,60.2529,80.0523,0.6797,1,-3.7444,-0.5,-4.2444,HOLDING
2018-12-03,4,AEP,DTE,60.6947,79.6646,1.7977,1,-0.3037,-0.5,-0.8037,HOLDING
2018-12-04,4,AEP,DTE,60.78,79.6712,1.6775,1,0.0,-0.9968,-0.9968,PERIOD_END_EXIT
2018-06-07,5,DTE,ES,63.7869,40.8361,0.0,0,0.0,0.0,0.0,HOLD_CASH
2018-06-08,5,DTE,ES,63.7409,40.8057,0.0,0,0.0,0.0,0.0,HOLD_CASH
2018-06-11,5,DTE,ES,62.2488,40.28,0.0,0,0.0,0.0,0.0,HOLD_CASH
2018-06-12,5,DTE,ES,63.4254,40.8971,0.0,0,0.0,0.0,0.0,HOLD_CASH
2018-06-13,5,DTE,ES,63.1559,40.7066,0.0,0,0.0,0.0,0.0,HOLD_CASH
2018-06-14,5,DTE,ES,63.7935,41.1333,0.0,0,0.0,0.0,0.0,HOLD_CASH
2018-06-15,5,DTE,ES,64.3859,41.6209,0.0,0,0.0,0.0,0.0,HOLD_CASH
2018-06-18,5,DTE,ES,64.6115,41.9713,0.0,0,0.0,0.0,0.0,HOLD_CASH
2018-06-19,5,DTE,ES,65.7392,42.4818,0.0,0,0.0,0.0,0.0,HOLD_CASH
2018-06-20,5,DTE,ES,65.8652,42.5199,0.0,0,0.0,0.0,0.0,HOLD_CASH
2018-06-21,5,DTE,ES,66.3826,42.4361,0.0,0,0.0,0.0,0.0,HOLD_CASH
2018-06-22,5,DTE,ES,66.6347,42.6875,0.0,0,0.0,0.0,0.0,HOLD_CASH
2018-06-25,5,DTE,ES,68.187,43.6779,0.0,0,0.0,0.0,0.0,HOLD_CASH
2018-06-26,5,DTE,ES,68.4589,43.8455,0.0,0,0.0,0.0,0.0,HOLD_CASH
2018-06-27,5,DTE,ES,69.109,44.1807,0.0,0,0.0,0.0,0.0,HOLD_CASH
2018-06-28,5,DTE,ES,68.9498,44.4017,0.0,0,0.0,0.0,0.0,HOLD_CASH
2018-06-29,5,DTE,ES,68.7442,44.6531,0.0,0,0.0,0.0,0.0,HOLD_CASH
2018-07-02,5,DTE,ES,69.381,44.9655,0.0,0,0.0,0.0,0.0,HOLD_CASH
2018-07-03,5,DTE,ES,69.6663,45.3464,0.0,0,0.0,0.0,0.0,HOLD_CASH
2018-07-05,5,DTE,ES,70.5353,45.4988,-0.19,0,0.0,0.0,0.0,HOLD_CASH
2018-07-06,5,DTE,ES,70.9996,45.9483,-0.6821,0,0.0,0.0,0.0,HOLD_CASH
2018-07-09,5,DTE,ES,68.4258,44.5388,-1.5286,0,0.0,0.0,0.0,HOLD_CASH
2018-07-10,5,DTE,ES,68.9896,44.7369,-0.841,0,0.0,0.0,0.0,HOLD_CASH
2018-07-11,5,DTE,ES,70.0908,45.1407,0.3284,0,0.0,0.0,0.0,HOLD_CASH
2018-07-12,5,DTE,ES,70.2633,45.0569,0.9986,0,0.0,0.0,0.0,HOLD_CASH
2018-07-13,5,DTE,ES,70.4424,45.0569,1.2931,0,0.0,0.0,0.0,HOLD_CASH
2018-07-16,5,DTE,ES,70.5154,44.9807,1.5208,0,0.0,0.0,0.0,HOLD_CASH
2018-07-17,5,DTE,ES,70.5684,44.8512,1.7957,0,0.0,0.0,0.0,HOLD_CASH
2018-07-18,5,DTE,ES,70.3561,44.5845,1.8766,0,0.0,0.0,0.0,HOLD_CASH
2018-07-19,5,DTE,ES,71.2252,45.0721,1.7654,0,0.0,0.0,0.0,HOLD_CASH
2018-07-20,5,DTE,ES,70.7144,44.7598,1.5743,0,0.0,0.0,0.0,HOLD_CASH
2018-07-23,5,DTE,ES,70.6016,44.5388,1.7046,0,0.0,0.0,0.0,HOLD_CASH
2018-07-24,5,DTE,ES,70.794,44.8131,1.2449,0,0.0,0.0,0.0,HOLD_CASH
2018-07-25,5,DTE,ES,71.8421,45.2093,1.6009,0,0.0,0.0,0.0,HOLD_CASH
2018-07-26,5,DTE,ES,72.187,45.9864,0.4893,0,0.0,0.0,0.0,HOLD_CASH
2018-07-27,5,DTE,ES,72.0477,45.773,0.6662,0,0.0,0.0,0.0,HOLD_CASH
2018-07-30,5,DTE,ES,71.4971,45.5292,0.3901,0,0.0,0.0,0.0,HOLD_CASH
2018-07-31,5,DTE,ES,72.0013,46.2606,-0.4884,0,0.0,0.0,0.0,HOLD_CASH
2018-08-01,5,DTE,ES,71.5369,45.514,0.3704,0,0.0,0.0,0.0,HOLD_CASH
2018-08-02,5,DTE,ES,72.1075,45.7121,0.6686,0,0.0,0.0,0.0,HOLD_CASH
2018-08-03,5,DTE,ES,73.0361,46.4206,0.318,0,0.0,0.0,0.0,HOLD_CASH
2018-08-06,5,DTE,ES,73.3015,46.5425,0.3509,0,0.0,0.0,0.0,HOLD_CASH
2018-08-07,5,DTE,ES,73.202,46.4663,0.302,0,0.0,0.0,0.0,HOLD_CASH
2018-08-08,5,DTE,ES,73.0759,46.4359,0.0069,0,0.0,0.0,0.0,HOLD_CASH
2018-08-09,5,DTE,ES,73.4474,46.5806,0.3138,0,0.0,0.0,0.0,HOLD_CASH
2018-08-10,5,DTE,ES,73.1954,46.7406,-1.2325,0,0.0,0.0,0.0,HOLD_CASH
2018-08-13,5,DTE,ES,73.4939,47.0454,-1.6464,0,0.0,0.0,0.0,HOLD_CASH
2018-08-14,5,DTE,ES,73.6597,47.0835,-1.2257,0,0.0,0.0,0.0,HOLD_CASH
2018-08-15,5,DTE,ES,74.4756,47.4949,-0.6871,0,0.0,0.0,0.0,HOLD_CASH
2018-08-16,5,DTE,ES,75.0793,47.9901,-1.0409,0,0.0,0.0,0.0,HOLD_CASH
2018-08-17,5,DTE,ES,75.3711,48.1805,-0.9564,0,0.0,0.0,0.0,HOLD_CASH
2018-08-20,5,DTE,ES,75.1589,48.0891,-1.0543,0,0.0,0.0,0.0,HOLD_CASH
2018-08-21,5,DTE,ES,74.7742,47.853,-0.9968,0,0.0,0.0,0.0,HOLD_CASH
2018-08-22,5,DTE,ES,73.7857,47.5101,-2.2204,1,0.0,-0.5,-0.5,ENTER_LONG_A
2018-08-23,5,DTE,ES,73.9184,47.5634,-1.7743,1,0.1689,-0.5,-0.3311,HOLDING
2018-08-24,5,DTE,ES,74.2302,47.8148,-1.7309,1,-0.0976,-0.5,-0.5976,HOLDING
2018-08-27,5,DTE,ES,73.8587,47.3958,-0.8995,1,0.8486,-0.5,0.3486,HOLDING
2018-08-28,5,DTE,ES,73.454,47.1139,-0.8392,1,0.9608,-0.5,0.4608,HOLDING
2018-08-29,5,DTE,ES,73.8123,47.373,-0.8702,1,0.8115,-0.5,0.3115,HOLDING
2018-08-30,5,DTE,ES,74.2036,47.7234,-1.1715,1,0.2934,-0.5,-0.2066,HOLDING
2018-08-31,5,DTE,ES,73.726,47.5634,-1.5913,1,-0.4829,-0.5,-0.9829,HOLDING
2018-09-04,5,DTE,ES,74.0776,47.5558,-0.5582,1,0.7485,-0.5,0.2485,HOLDING
2018-09-05,5,DTE,ES,75.139,48.2872,-0.7002,1,0.4959,-0.5,-0.0041,HOLDING
2018-09-06,5,DTE,ES,75.6233,48.3862,0.3945,1,1.6156,-0.5,1.1156,HOLDING
2018-09-07,5,DTE,ES,74.9333,47.853,1.155,1,2.0842,-0.5,1.5842,HOLDING
2018-09-10,5,DTE,ES,75.2253,48.2263,0.0542,1,1.1089,-0.5,0.6089,HOLDING
2018-09-11,5,DTE,ES,75.1058,48.2034,-0.2535,1,0.8245,-0.5,0.3245,HOLDING
2018-09-12,5,DTE,ES,74.9731,48.1577,-0.4441,1,0.6156,-0.5,0.1156,HOLDING
2018-09-13,5,DTE,ES,75.4641,48.4624,-0.2911,1,0.6752,-0.5,0.1752,HOLDING
2018-09-14,5,DTE,ES,75.0783,48.4015,-1.4992,1,-0.3111,-0.5,-0.8111,HOLDING
2018-09-17,5,DTE,ES,75.105,48.5843,-2.2545,1,-1.1826,-0.5,-1.6826,HOLDING
2018-09-18,5,DTE,ES,75.2187,48.4853,-1.0195,1,-0.2764,-0.5,-0.7764,HOLDING
2018-09-19,5,DTE,ES,72.9322,47.2587,-2.2438,1,-1.5688,-0.5,-2.0688,HOLDING
2018-09-20,5,DTE,ES,72.9924,47.4469,-2.4672,1,-2.3552,-0.5,-2.8552,HOLDING
2018-09-21,5,DTE,ES,72.9188,47.7464,-2.9067,1,-4.1808,-0.5,-4.6808,HOLDING
2018-09-24,5,DTE,ES,72.5445,47.2241,-1.6641,1,-2.7008,-0.5,-3.2008,HOLDING
2018-09-25,5,DTE,ES,71.8626,46.6096,-0.9835,1,-1.7777,-0.5,-2.2777,HOLDING
2018-09-26,5,DTE,ES,71.194,46.2409,-1.0851,1,-2.1028,-0.5,-2.6028,HOLDING
2018-09-27,5,DTE,ES,71.8091,46.5174,-0.6131,1,-1.4739,-0.5,-1.9739,HOLDING
2018-09-28,5,DTE,ES,72.959,47.1934,-0.3457,1,-1.1348,-0.5,-1.6348,HOLDING
2018-10-01,5,DTE,ES,72.8921,47.2548,-0.6429,1,-1.6845,-0.5,-2.1845,HOLDING
2018-10-02,5,DTE,ES,74.0487,47.7464,0.2173,1,-0.3526,-0.5,-0.8526,HOLDING
2018-10-03,5,DTE,ES,72.6247,46.9246,-0.0611,1,-0.8527,-0.5,-1.3527,HOLDING
2018-10-04,5,DTE,ES,73.1261,47.2702,-0.0561,1,-0.9725,-0.5,-1.4725,HOLDING
2018-10-05,5,DTE,ES,74.6237,47.9308,1.1645,1,0.6254,-0.5,0.1254,HOLDING
2018-10-08,5,DTE,ES,75.2722,48.2611,1.495,1,1.0846,-0.5,0.5846,HOLDING
2018-10-09,5,DTE,ES,75.9742,48.6682,1.597,1,1.3208,-0.5,0.8208,HOLDING
2018-10-10,5,DTE,ES,75.3725,48.4224,1.0838,1,0.5756,-0.5,0.0756,HOLDING
2018-10-11,5,DTE,ES,73.9284,47.3777,1.4691,1,1.1798,-0.5,0.6798,HOLDING
2018-10-12,5,DTE,ES,73.6342,47.2548,1.1483,1,0.8298,-0.5,0.3298,HOLDING
2018-10-15,5,DTE,ES,73.6209,47.1396,1.3684,1,1.3908,-0.5,0.8908,HOLDING
2018-10-16,5,DTE,ES,74.3696,47.5928,1.3317,1,1.543,-0.5,1.043,HOLDING
2018-10-17,5,DTE,ES,74.4031,47.9999,0.068,1,-0.4858,-0.5,-0.9858,HOLDING
2018-10-18,5,DTE,ES,74.3162,47.7618,0.5804,1,0.4727,-0.5,-0.0273,HOLDING
2018-10-19,5,DTE,ES,75.5061,48.6451,0.0811,1,-0.1435,-0.5,-0.6435,HOLDING
2018-10-22,5,DTE,ES,75.0783,48.5453,-0.7385,1,-1.0678,-0.5,-1.5678,HOLDING
2018-10-23,5,DTE,ES,74.8376,48.6221,-1.6729,1,-2.2874,-0.5,-2.7874,HOLDING
2018-10-24,5,DTE,ES,78.6885,49.8281,2.7218,1,4.4142,-0.5,3.9142,HOLDING
2018-10-25,5,DTE,ES,76.9168,48.9063,1.7658,1,3.2617,-0.5,2.7617,HOLDING
2018-10-26,5,DTE,ES,75.446,48.215,0.8695,1,1.9161,-0.5,1.4161,HOLDING
2018-10-29,5,DTE,ES,75.9675,49.106,-1.0041,1,-1.0056,-0.5,-1.5056,HOLDING
2018-10-30,5,DTE,ES,76.4555,49.1828,-0.2302,1,0.2437,-0.5,-0.2563,HOLDING
2018-10-31,5,DTE,ES,75.1451,48.5914,-1.0756,1,-1.0838,-0.5,-1.5838,HOLDING
2018-11-01,5,DTE,ES,74.9379,48.1535,-0.0928,1,0.5179,-0.5,0.0179,HOLDING
2018-11-02,5,DTE,ES,74.4632,47.7695,0.1768,1,0.9306,-0.5,0.4306,HOLDING
2018-11-05,5,DTE,ES,75.787,48.3302,1.1018,1,2.4651,-0.5,1.9651,HOLDING
2018-11-06,5,DTE,ES,76.7764,48.7527,1.6066,1,3.5945,-0.5,3.0945,HOLDING
2018-11-07,5,DTE,ES,77.6455,49.4517,1.0539,1,2.8611,-0.5,2.3611,HOLDING
2018-11-08,5,DTE,ES,77.806,49.5746,0.9271,1,2.7581,-0.5,2.2581,HOLDING
2018-11-09,5,DTE,ES,78.9826,50.0354,1.5492,1,4.3196,-0.5,3.8196,HOLDING
2018-11-12,5,DTE,ES,79.591,50.2966,1.6517,1,5.0066,-0.5,4.5066,HOLDING
2018-11-13,5,DTE,ES,80.1927,50.5194,1.7647,1,5.8733,-0.5,5.3733,HOLDING
2018-11-14,5,DTE,ES,79.7515,50.2582,1.5245,1,5.7526,-0.5,5.2526,HOLDING
2018-11-15,5,DTE,ES,79.7648,50.8496,0.2425,1,2.6854,-0.5,2.1854,HOLDING
2018-11-16,5,DTE,ES,79.5776,51.4949,-1.3185,1,-1.344,-0.5,-1.844,HOLDING
2018-11-19,5,DTE,ES,79.698,51.756,-1.6144,1,-2.3105,-0.5,-2.8105,HOLDING
2018-11-20,5,DTE,ES,79.2233,51.9557,-2.3324,1,-4.9696,-0.5,-5.4696,HOLDING
2018-11-21,5,DTE,ES,78.0533,51.0186,-1.7517,1,-4.0027,-0.5,-4.5027,HOLDING
2018-11-23,5,DTE,ES,77.9999,51.3259,-1.9578,1,-5.8006,-0.5,-6.3006,HOLDING
2018-11-26,5,DTE,ES,78.0199,51.3105,-1.6639,1,-5.6518,-0.5,-6.1518,HOLDING
2018-11-27,5,DTE,ES,78.5547,51.8098,-1.6614,1,-6.4669,-0.5,-6.9669,HOLDING
2018-11-28,5,DTE,ES,78.4879,51.7944,-1.5086,1,-6.6125,-0.5,-7.1125,HOLDING
2018-11-29,5,DTE,ES,78.6684,51.5179,-0.9716,1,-4.5459,-0.5,-5.0459,HOLDING
2018-11-30,5,DTE,ES,80.0523,52.4934,-0.9649,1,-4.9902,-0.5,-5.4902,HOLDING
2018-12-03,5,DTE,ES,79.6646,52.8007,-1.4161,1,-7.9207,-0.5,-8.4207,HOLDING
2018-12-04,5,DTE,ES,79.6712,52.962,-1.404,1,0.0,-9.7955,-9.7955,PERIOD_END_EXIT
2018-06-07,6,AEP,CMS,48.8458,34.4999,0.0,0,0.0,0.0,0.0,HOLD_CASH
2018-06-08,6,AEP,CMS,48.8153,34.4761,0.0,0,0.0,0.0,0.0,HOLD_CASH
2018-06-11,6,AEP,CMS,47.9168,33.9035,0.0,0,0.0,0.0,0.0,HOLD_CASH
2018-06-12,6,AEP,CMS,48.4041,34.4363,0.0,0,0.0,0.0,0.0,HOLD_CASH
2018-06-13,6,AEP,CMS,48.3204,34.2693,0.0,0,0.0,0.0,0.0,HOLD_CASH
2018-06-14,6,AEP,CMS,49.2037,34.6908,0.0,0,0.0,0.0,0.0,HOLD_CASH
2018-06-15,6,AEP,CMS,49.5311,35.0567,0.0,0,0.0,0.0,0.0,HOLD_CASH
2018-06-18,6,AEP,CMS,49.8433,35.3748,0.0,0,0.0,0.0,0.0,HOLD_CASH
2018-06-19,6,AEP,CMS,50.9169,35.9553,0.0,0,0.0,0.0,0.0,HOLD_CASH
2018-06-20,6,AEP,CMS,50.9397,35.8838,0.0,0,0.0,0.0,0.0,HOLD_CASH
2018-06-21,6,AEP,CMS,51.3737,36.0508,0.0,0,0.0,0.0,0.0,HOLD_CASH
2018-06-22,6,AEP,CMS,51.2824,36.1383,0.0,0,0.0,0.0,0.0,HOLD_CASH
2018-06-25,6,AEP,CMS,52.5616,36.9892,0.0,0,0.0,0.0,0.0,HOLD_CASH
2018-06-26,6,AEP,CMS,52.7672,36.9892,0.0,0,0.0,0.0,0.0,HOLD_CASH
2018-06-27,6,AEP,CMS,53.1859,37.4744,0.0,0,0.0,0.0,0.0,HOLD_CASH
2018-06-28,6,AEP,CMS,52.7976,37.4107,0.0,0,0.0,0.0,0.0,HOLD_CASH
2018-06-29,6,AEP,CMS,52.7291,37.6016,0.0,0,0.0,0.0,0.0,HOLD_CASH
2018-07-02,6,AEP,CMS,53.3382,38.047,0.0,0,0.0,0.0,0.0,HOLD_CASH
2018-07-03,6,AEP,CMS,53.6809,38.1424,0.0,0,0.0,0.0,0.0,HOLD_CASH
2018-07-05,6,AEP,CMS,54.1606,38.3174,-0.1033,0,0.0,0.0,0.0,HOLD_CASH
2018-07-06,6,AEP,CMS,54.488,38.6434,-0.5622,0,0.0,0.0,0.0,HOLD_CASH
2018-07-09,6,AEP,CMS,52.4397,37.204,-0.5842,0,0.0,0.0,0.0,HOLD_CASH
2018-07-10,6,AEP,CMS,53.1326,37.5459,0.2125,0,0.0,0.0,0.0,HOLD_CASH
2018-07-11,6,AEP,CMS,53.8712,38.0867,0.0499,0,0.0,0.0,0.0,HOLD_CASH
2018-07-12,6,AEP,CMS,53.5895,38.1106,-1.132,0,0.0,0.0,0.0,HOLD_CASH
2018-07-13,6,AEP,CMS,53.5667,38.0549,-0.8338,0,0.0,0.0,0.0,HOLD_CASH
2018-07-16,6,AEP,CMS,53.6199,37.9436,-0.0339,0,0.0,0.0,0.0,HOLD_CASH
2018-07-17,6,AEP,CMS,53.6352,37.8561,0.4418,0,0.0,0.0,0.0,HOLD_CASH
2018-07-18,6,AEP,CMS,53.4829,37.6811,0.7754,0,0.0,0.0,0.0,HOLD_CASH
2018-07-19,6,AEP,CMS,53.7875,38.0629,-0.0721,0,0.0,0.0,0.0,HOLD_CASH
2018-07-20,6,AEP,CMS,53.6123,37.7129,1.2337,0,0.0,0.0,0.0,HOLD_CASH
2018-07-23,6,AEP,CMS,52.8738,37.4505,-0.194,0,0.0,0.0,0.0,HOLD_CASH
2018-07-24,6,AEP,CMS,52.5844,37.705,-2.3323,1,0.0,-0.5,-0.5,ENTER_LONG_A
2018-07-25,6,AEP,CMS,52.8281,38.0788,-2.6886,1,-1.3199,-0.5,-1.8199,HOLDING
2018-07-26,6,AEP,CMS,54.092,38.2856,0.4142,1,3.3183,-0.5,2.8183,HOLDING
2018-07-27,6,AEP,CMS,54.1682,38.2696,0.6952,1,3.7857,-0.5,3.2857,HOLDING
2018-07-30,6,AEP,CMS,53.6047,37.8879,0.5535,1,3.6381,-0.5,3.1381,HOLDING
2018-07-31,6,AEP,CMS,54.1682,38.4446,-0.2112,1,2.6256,-0.5,2.1256,HOLDING
2018-08-01,6,AEP,CMS,53.5286,38.0629,-0.5411,1,2.1159,-0.5,1.6159,HOLDING
2018-08-02,6,AEP,CMS,53.6732,38.3257,-1.1603,1,1.061,-0.5,0.561,HOLDING
2018-08-03,6,AEP,CMS,54.1986,38.7504,-1.2521,1,0.7431,-0.5,0.2431,HOLDING
2018-08-06,6,AEP,CMS,54.2672,38.7263,-0.876,1,1.2284,-0.5,0.7284,HOLDING
2018-08-07,6,AEP,CMS,54.2443,38.5901,-0.3281,1,2.0229,-0.5,1.5229,HOLDING
2018-08-08,6,AEP,CMS,54.0083,38.6302,-1.0863,1,0.635,-0.5,0.135,HOLDING
2018-08-09,6,AEP,CMS,54.5229,38.8225,-0.358,1,1.8068,-0.5,1.3068,HOLDING
2018-08-10,6,AEP,CMS,54.4231,38.7584,-0.3658,1,1.757,-0.5,1.257,HOLDING
2018-08-13,6,AEP,CMS,54.4922,38.9908,-1.0036,1,0.545,-0.5,0.045,HOLDING
2018-08-14,6,AEP,CMS,54.5537,39.103,-1.1521,1,0.0933,-0.5,-0.4067,HOLDING
2018-08-15,6,AEP,CMS,55.1298,39.6238,-1.4303,1,-0.621,-0.5,-1.121,HOLDING
2018-08-16,6,AEP,CMS,55.5676,39.9683,-1.381,1,-0.8241,-0.5,-1.3241,HOLDING
2018-08-17,6,AEP,CMS,55.6905,39.9764,-1.0149,1,-0.2929,-0.5,-0.7929,HOLDING
2018-08-20,6,AEP,CMS,55.4447,39.8802,-1.2218,1,-0.8238,-0.5,-1.3238,HOLDING
2018-08-21,6,AEP,CMS,55.0376,39.6478,-1.3786,1,-1.2187,-0.5,-1.7187,HOLDING
2018-08-22,6,AEP,CMS,54.3386,39.3514,-2.0421,1,-2.5762,-0.5,-3.0762,HOLDING
2018-08-23,6,AEP,CMS,54.8148,39.3353,-0.6016,1,-0.2058,-0.5,-0.7058,HOLDING
2018-08-24,6,AEP,CMS,54.9608,39.5517,-0.9711,1,-0.9463,-0.5,-1.4463,HOLDING
2018-08-27,6,AEP,CMS,54.6612,39.1991,-0.2966,1,-0.033,-0.5,-0.533,HOLDING
2018-08-28,6,AEP,CMS,54.6228,39.119,0.0538,1,0.3157,-0.5,-0.1843,HOLDING
2018-08-29,6,AEP,CMS,55.076,39.4555,0.0733,1,0.2389,-0.5,-0.2611,HOLDING
2018-08-30,6,AEP,CMS,55.1605,39.6719,-0.7373,1,-0.7938,-0.5,-1.2938,HOLDING
2018-08-31,6,AEP,CMS,55.099,39.4555,0.2697,1,0.3485,-0.5,-0.1515,HOLDING
2018-09-04,6,AEP,CMS,55.5062,39.6799,0.6891,1,0.7965,-0.5,0.2965,HOLDING
2018-09-05,6,AEP,CMS,56.2589,40.2087,0.8631,1,0.8689,-0.5,0.3689,HOLDING
2018-09-06,6,AEP,CMS,56.3281,40.5613,-0.9333,1,-1.14,-0.5,-1.64,HOLDING
2018-09-07,6,AEP,CMS,55.8288,40.1366,-0.4531,1,-0.698,-0.5,-1.198,HOLDING
2018-09-10,6,AEP,CMS,56.3818,40.5132,-0.2166,1,-0.5657,-0.5,-1.0657,HOLDING
2018-09-11,6,AEP,CMS,56.0592,40.4171,-1.1672,1,-1.4619,-0.5,-1.9619,HOLDING
2018-09-12,6,AEP,CMS,55.6982,40.3129,-2.0089,1,-2.4877,-0.5,-2.9877,HOLDING
2018-09-13,6,AEP,CMS,56.0515,40.6174,-1.9776,1,-2.8268,-0.5,-3.3268,HOLDING
2018-09-14,6,AEP,CMS,55.7673,40.369,-1.524,1,-2.5309,-0.5,-3.0309,HOLDING
2018-09-17,6,AEP,CMS,55.921,40.3049,-0.4551,1,-1.3755,-0.5,-1.8755,HOLDING
2018-09-18,6,AEP,CMS,55.6367,40.2728,-1.3229,1,-2.5142,-0.5,-3.0142,HOLDING
2018-09-19,6,AEP,CMS,54.5229,39.2392,-0.0417,1,-0.956,-0.5,-1.456,HOLDING
2018-09-20,6,AEP,CMS,54.5998,39.3514,-0.4433,1,-1.3345,-0.5,-1.8345,HOLDING
2018-09-21,6,AEP,CMS,54.8456,39.5276,-0.3891,1,-1.3348,-0.5,-1.8348,HOLDING
2018-09-24,6,AEP,CMS,54.2618,39.2071,-0.9272,1,-1.9851,-0.5,-2.4851,HOLDING
2018-09-25,6,AEP,CMS,53.6242,38.7504,-0.8605,1,-1.9879,-0.5,-2.4879,HOLDING
2018-09-26,6,AEP,CMS,52.979,38.2616,-0.6468,1,-1.8147,-0.5,-2.3147,HOLDING
2018-09-27,6,AEP,CMS,53.5858,38.7183,-0.6821,1,-1.9579,-0.5,-2.4579,HOLDING
2018-09-28,6,AEP,CMS,54.4461,39.2632,-0.1659,1,-1.4806,-0.5,-1.9806,HOLDING
2018-10-01,6,AEP,CMS,54.4615,39.143,0.7576,1,-0.6106,-0.5,-1.1106,HOLDING
2018-10-02,6,AEP,CMS,54.8072,39.5356,-0.1031,1,-1.5704,-0.5,-2.0704,HOLDING
2018-10-03,6,AEP,CMS,53.9391,39.0709,-1.4437,1,-2.6156,-0.5,-3.1156,HOLDING
2018-10-04,6,AEP,CMS,54.2003,39.1911,-0.7007,1,-2.171,-0.5,-2.671,HOLDING
2018-10-05,6,AEP,CMS,55.2066,39.9764,-1.1454,1,-2.5936,-0.5,-3.0936,HOLDING
2018-10-08,6,AEP,CMS,55.9594,40.2648,1.4401,1,-0.9272,-0.5,-1.4272,HOLDING
2018-10-09,6,AEP,CMS,56.113,40.5853,-0.6281,1,-2.3221,-0.5,-2.8221,HOLDING
2018-10-10,6,AEP,CMS,55.8441,40.2889,0.3531,1,-1.6344,-0.5,-2.1344,HOLDING
2018-10-11,6,AEP,CMS,54.7073,39.4315,0.6715,1,-1.3545,-0.5,-1.8545,HOLDING
2018-10-12,6,AEP,CMS,54.4615,39.143,1.6965,1,-0.6106,-0.5,-1.1106,HOLDING
2018-10-15,6,AEP,CMS,54.5537,39.2712,0.9807,1,-1.0223,-0.5,-1.5223,HOLDING
2018-10-16,6,AEP,CMS,55.076,39.8161,-0.8386,1,-2.1518,-0.5,-2.6518,HOLDING
2018-10-17,6,AEP,CMS,55.0914,39.9603,-1.9354,1,-3.035,-0.5,-3.535,HOLDING
2018-10-18,6,AEP,CMS,55.0606,39.9042,-1.4196,1,-2.8093,-0.5,-3.3093,HOLDING
2018-10-19,6,AEP,CMS,56.2743,40.6094,0.2182,1,-1.7145,-0.5,-2.2145,HOLDING
2018-10-22,6,AEP,CMS,56.1898,40.4491,1.0482,1,-1.0536,-0.5,-1.5536,HOLDING
2018-10-23,6,AEP,CMS,56.4126,40.2808,2.8494,1,1.1212,-0.5,0.6212,HOLDING
2018-10-24,6,AEP,CMS,58.041,41.4267,2.3413,1,1.2659,-0.5,0.7659,HOLDING
2018-10-25,6,AEP,CMS,56.4894,40.6655,0.3344,1,-1.0638,-0.5,-1.5638,HOLDING
2018-10-26,6,AEP,CMS,55.8749,39.4635,3.0862,1,3.9839,-0.5,3.4839,HOLDING
2018-10-29,6,AEP,CMS,56.8734,39.8962,2.9062,1,5.8624,-0.5,5.3624,HOLDING
2018-10-30,6,AEP,CMS,57.0655,39.9443,2.4463,1,6.4567,-0.5,5.9567,HOLDING
2018-10-31,6,AEP,CMS,56.3511,39.6799,1.6403,1,4.8137,-0.5,4.3137,HOLDING
2018-11-01,6,AEP,CMS,56.0515,39.2343,1.8523,1,6.3435,-0.5,5.8435,HOLDING
2018-11-02,6,AEP,CMS,55.8365,38.855,1.9685,1,7.8361,-0.5,7.3361,HOLDING
2018-11-05,6,AEP,CMS,56.4587,39.307,1.6758,1,7.7973,-0.5,7.2973,HOLDING
2018-11-06,6,AEP,CMS,57.1884,39.6298,1.7311,1,9.1261,-0.5,8.6261,HOLDING
2018-11-07,6,AEP,CMS,57.7108,40.0576,1.4419,1,8.7731,-0.5,8.2731,HOLDING
2018-11-08,6,AEP,CMS,57.486,39.9527,1.2244,1,8.4003,-0.5,7.9003,HOLDING
2018-11-09,6,AEP,CMS,58.3773,40.4692,1.236,1,9.2128,-0.5,8.7128,HOLDING
2018-11-12,6,AEP,CMS,59.0593,40.9212,1.1419,1,9.4585,-0.5,8.9585,HOLDING
2018-11-13,6,AEP,CMS,59.2376,40.9212,1.197,1,10.306,-0.5,9.806,HOLDING
2018-11-14,6,AEP,CMS,59.0051,40.784,1.0749,1,10.1103,-0.5,9.6103,HOLDING
2018-11-15,6,AEP,CMS,59.5166,40.8809,1.3645,1,11.9001,-0.5,11.4001,HOLDING
2018-11-16,6,AEP,CMS,59.6949,41.1795,1.0124,1,10.7675,-0.5,10.2675,HOLDING
2018-11-19,6,AEP,CMS,60.0126,41.6961,0.4333,1,8.8532,-0.5,8.3532,HOLDING
2018-11-20,6,AEP,CMS,60.3149,41.7607,0.6342,1,9.8622,-0.5,9.3622,HOLDING
2018-11-21,6,AEP,CMS,58.6331,40.9939,-0.3223,1,6.9502,-0.5,6.4502,HOLDING
2018-11-23,6,AEP,CMS,58.7958,40.9051,-0.0175,1,8.3126,-0.5,7.8126,HOLDING
2018-11-26,6,AEP,CMS,58.8733,41.1311,-0.7862,1,7.1826,-0.5,6.6826,HOLDING
2018-11-27,6,AEP,CMS,59.3539,41.3167,-0.278,1,8.2365,-0.5,7.7365,HOLDING
2018-11-28,6,AEP,CMS,59.0748,41.349,-1.2218,1,6.6958,-0.5,6.1958,HOLDING
2018-11-29,6,AEP,CMS,59.1756,41.4136,-1.3925,1,6.7468,-0.5,6.2468,HOLDING
2018-11-30,6,AEP,CMS,60.2529,42.0431,-0.89,1,7.6943,-0.5,7.1943,HOLDING
2018-12-03,6,AEP,CMS,60.6947,42.253,-0.4231,1,8.4033,-0.5,7.9033,HOLDING
2018-12-04,6,AEP,CMS,60.78,42.4306,-0.9313,1,0.0,6.561,6.561,PERIOD_END_EXIT
2018-06-07,7,CMS,DTE,34.4999,63.7869,0.0,0,0.0,0.0,0.0,HOLD_CASH
2018-06-08,7,CMS,DTE,34.4761,63.7409,0.0,0,0.0,0.0,0.0,HOLD_CASH
2018-06-11,7,CMS,DTE,33.9035,62.2488,0.0,0,0.0,0.0,0.0,HOLD_CASH
2018-06-12,7,CMS,DTE,34.4363,63.4254,0.0,0,0.0,0.0,0.0,HOLD_CASH
2018-06-13,7,CMS,DTE,34.2693,63.1559,0.0,0,0.0,0.0,0.0,HOLD_CASH
2018-06-14,7,CMS,DTE,34.6908,63.7935,0.0,0,0.0,0.0,0.0,HOLD_CASH
2018-06-15,7,CMS,DTE,35.0567,64.3859,0.0,0,0.0,0.0,0.0,HOLD_CASH
2018-06-18,7,CMS,DTE,35.3748,64.6115,0.0,0,0.0,0.0,0.0,HOLD_CASH
2018-06-19,7,CMS,DTE,35.9553,65.7392,0.0,0,0.0,0.0,0.0,HOLD_CASH
2018-06-20,7,CMS,DTE,35.8838,65.8652,0.0,0,0.0,0.0,0.0,HOLD_CASH
2018-06-21,7,CMS,DTE,36.0508,66.3826,0.0,0,0.0,0.0,0.0,HOLD_CASH
2018-06-22,7,CMS,DTE,36.1383,66.6347,0.0,0,0.0,0.0,0.0,HOLD_CASH
2018-06-25,7,CMS,DTE,36.9892,68.187,0.0,0,0.0,0.0,0.0,HOLD_CASH
2018-06-26,7,CMS,DTE,36.9892,68.4589,0.0,0,0.0,0.0,0.0,HOLD_CASH
2018-06-27,7,CMS,DTE,37.4744,69.109,0.0,0,0.0,0.0,0.0,HOLD_CASH
2018-06-28,7,CMS,DTE,37.4107,68.9498,0.0,0,0.0,0.0,0.0,HOLD_CASH
2018-06-29,7,CMS,DTE,37.6016,68.7442,0.0,0,0.0,0.0,0.0,HOLD_CASH
2018-07-02,7,CMS,DTE,38.047,69.381,0.0,0,0.0,0.0,0.0,HOLD_CASH
2018-07-03,7,CMS,DTE,38.1424,69.6663,0.0,0,0.0,0.0,0.0,HOLD_CASH
2018-07-05,7,CMS,DTE,38.3174,70.5353,-0.2855,0,0.0,0.0,0.0,HOLD_CASH
2018-07-06,7,CMS,DTE,38.6434,70.9996,0.0791,0,0.0,0.0,0.0,HOLD_CASH
2018-07-09,7,CMS,DTE,37.204,68.4258,-0.2416,0,0.0,0.0,0.0,HOLD_CASH
2018-07-10,7,CMS,DTE,37.5459,68.9896,0.0044,0,0.0,0.0,0.0,HOLD_CASH
2018-07-11,7,CMS,DTE,38.0867,70.0908,-0.3929,0,0.0,0.0,0.0,HOLD_CASH
2018-07-12,7,CMS,DTE,38.1106,70.2633,-0.846,0,0.0,0.0,0.0,HOLD_CASH
2018-07-13,7,CMS,DTE,38.0549,70.4424,-1.6352,0,0.0,0.0,0.0,HOLD_CASH
2018-07-16,7,CMS,DTE,37.9436,70.5154,-2.1031,1,0.0,-0.5,-0.5,ENTER_LONG_A
2018-07-17,7,CMS,DTE,37.8561,70.5684,-2.256,1,-0.7645,-0.5,-1.2645,HOLDING
2018-07-18,7,CMS,DTE,37.6811,70.3561,-2.1345,1,-1.1648,-0.5,-1.6648,HOLDING
2018-07-19,7,CMS,DTE,38.0629,71.2252,-2.0665,1,-1.7304,-0.5,-2.2304,HOLDING
2018-07-20,7,CMS,DTE,37.7129,70.7144,-1.9779,1,-2.2252,-0.5,-2.7252,HOLDING
2018-07-23,7,CMS,DTE,37.4505,70.6016,-2.1736,1,-3.5545,-0.5,-4.0545,HOLDING
2018-07-24,7,CMS,DTE,37.705,70.794,-1.5209,1,-2.5597,-0.5,-3.0597,HOLDING
2018-07-25,7,CMS,DTE,38.0788,71.8421,-1.7506,1,-3.8128,-0.5,-4.3128,HOLDING
2018-07-26,7,CMS,DTE,38.2856,72.187,-1.4926,1,-3.6734,-0.5,-4.1734,HOLDING
2018-07-27,7,CMS,DTE,38.2696,72.0477,-1.2202,1,-3.2844,-0.5,-3.7844,HOLDING
2018-07-30,7,CMS,DTE,37.8879,71.4971,-1.2862,1,-3.8476,-0.5,-4.3476,HOLDING
2018-07-31,7,CMS,DTE,38.4446,72.0013,-0.5647,1,-1.9669,-0.5,-2.4669,HOLDING
2018-08-01,7,CMS,DTE,38.0629,71.5369,-0.8132,1,-2.8358,-0.5,-3.3358,HOLDING
2018-08-02,7,CMS,DTE,38.3257,72.1075,-0.8309,1,-3.1268,-0.5,-3.6268,HOLDING
2018-08-03,7,CMS,DTE,38.7504,73.0361,-0.9266,1,-3.6211,-0.5,-4.1211,HOLDING
2018-08-06,7,CMS,DTE,38.7263,73.3015,-1.2738,1,-4.7204,-0.5,-5.2204,HOLDING
2018-08-07,7,CMS,DTE,38.5901,73.202,-1.4296,1,-5.2651,-0.5,-5.7651,HOLDING
2018-08-08,7,CMS,DTE,38.6302,73.0759,-1.0565,1,-4.5542,-0.5,-5.0542,HOLDING
2018-08-09,7,CMS,DTE,38.8225,73.4474,-1.0482,1,-4.6042,-0.5,-5.1042,HOLDING
2018-08-10,7,CMS,DTE,38.7584,73.1954,-0.7263,1,-4.1328,-0.5,-4.6328,HOLDING
2018-08-13,7,CMS,DTE,38.9908,73.4939,-0.2896,1,-3.6601,-0.5,-4.1601,HOLDING
2018-08-14,7,CMS,DTE,39.103,73.6597,-0.0521,1,-3.5089,-0.5,-4.0089,HOLDING
2018-08-15,7,CMS,DTE,39.6238,74.4756,0.6521,1,-2.97,-0.5,-3.47,HOLDING
2018-08-16,7,CMS,DTE,39.9683,75.0793,0.9466,1,-2.8399,-0.5,-3.3399,HOLDING
2018-08-17,7,CMS,DTE,39.9764,75.3711,-0.095,1,-3.8219,-0.5,-4.3219,HOLDING
2018-08-20,7,CMS,DTE,39.8802,75.1589,0.0338,1,-3.703,-0.5,-4.203,HOLDING
2018-08-21,7,CMS,DTE,39.6478,74.7742,-0.1308,1,-3.87,-0.5,-4.37,HOLDING
2018-08-22,7,CMS,DTE,39.3514,73.7857,1.6092,1,-2.3191,-0.5,-2.8191,HOLDING
2018-08-23,7,CMS,DTE,39.3353,73.9184,0.8454,1,-2.895,-0.5,-3.395,HOLDING
2018-08-24,7,CMS,DTE,39.5517,74.2302,1.1494,1,-2.575,-0.5,-3.075,HOLDING
2018-08-27,7,CMS,DTE,39.1991,73.8587,-0.047,1,-3.5809,-0.5,-4.0809,HOLDING
2018-08-28,7,CMS,DTE,39.119,73.454,1.0898,1,-2.6742,-0.5,-3.1742,HOLDING
2018-08-29,7,CMS,DTE,39.4555,73.8123,1.9781,1,-1.7268,-0.5,-2.2268,HOLDING
2018-08-30,7,CMS,DTE,39.6719,74.2036,1.7738,1,-1.6889,-0.5,-2.1889,HOLDING
2018-08-31,7,CMS,DTE,39.4555,73.726,1.7515,1,-1.4211,-0.5,-1.9211,HOLDING
2018-09-04,7,CMS,DTE,39.6799,74.0776,1.7339,1,-1.1894,-0.5,-1.6894,HOLDING
2018-09-05,7,CMS,DTE,40.2087,75.139,1.4136,1,-1.4678,-0.5,-1.9678,HOLDING
2018-09-06,7,CMS,DTE,40.5613,75.6233,1.7574,1,-0.8617,-0.5,-1.3617,HOLDING
2018-09-07,7,CMS,DTE,40.1366,74.9333,1.3259,1,-1.2139,-0.5,-1.7139,HOLDING
2018-09-10,7,CMS,DTE,40.5132,75.2253,2.2367,1,0.2326,-0.5,-0.2674,HOLDING
2018-09-11,7,CMS,DTE,40.4171,75.1058,1.7885,1,0.0225,-0.5,-0.4775,HOLDING
2018-09-12,7,CMS,DTE,40.3129,74.9731,1.4418,1,-0.1934,-0.5,-0.6934,HOLDING
2018-09-13,7,CMS,DTE,40.6174,75.4641,1.4566,1,0.0723,-0.5,-0.4277,HOLDING
2018-09-14,7,CMS,DTE,40.369,75.0783,1.1347,1,-0.1967,-0.5,-0.6967,HOLDING
2018-09-17,7,CMS,DTE,40.3049,75.105,0.6855,1,-0.714,-0.5,-1.214,HOLDING
2018-09-18,7,CMS,DTE,40.2728,75.2187,0.1417,1,-1.328,-0.5,-1.828,HOLDING
2018-09-19,7,CMS,DTE,39.2392,72.9322,1.1274,1,-0.0323,-0.5,-0.5323,HOLDING
2018-09-20,7,CMS,DTE,39.3514,72.9924,1.4271,1,0.4935,-0.5,-0.0065,HOLDING
2018-09-21,7,CMS,DTE,39.5276,72.9188,2.2413,1,1.9158,-0.5,1.4158,HOLDING
2018-09-24,7,CMS,DTE,39.2071,72.5445,1.4574,1,1.1312,-0.5,0.6312,HOLDING
2018-09-25,7,CMS,DTE,38.7504,71.8626,0.9547,1,0.5396,-0.5,0.0396,HOLDING
2018-09-26,7,CMS,DTE,38.2616,71.194,0.0693,1,-0.3107,-0.5,-0.8107,HOLDING
2018-09-27,7,CMS,DTE,38.7183,71.8091,0.8479,1,0.518,-0.5,0.018,HOLDING
2018-09-28,7,CMS,DTE,39.2632,72.959,0.249,1,0.0313,-0.5,-0.4687,HOLDING
2018-10-01,7,CMS,DTE,39.143,72.8921,-0.4501,1,-0.5236,-0.5,-1.0236,HOLDING
2018-10-02,7,CMS,DTE,39.5356,74.0487,-1.9975,1,-2.0372,-0.5,-2.5372,HOLDING
2018-10-03,7,CMS,DTE,39.0709,72.6247,0.0776,1,-0.0507,-0.5,-0.5507,HOLDING
2018-10-04,7,CMS,DTE,39.1911,73.1261,-1.0349,1,-1.0365,-0.5,-1.5365,HOLDING
2018-10-05,7,CMS,DTE,39.9764,74.6237,-1.1676,1,-1.1718,-0.5,-1.6718,HOLDING
2018-10-08,7,CMS,DTE,40.2648,75.2722,-1.4201,1,-1.5704,-0.5,-2.0704,HOLDING
2018-10-09,7,CMS,DTE,40.5853,75.9742,-1.5778,1,-1.9473,-0.5,-2.4473,HOLDING
2018-10-10,7,CMS,DTE,40.2889,75.3725,-1.2782,1,-1.7676,-0.5,-2.2676,HOLDING
2018-10-11,7,CMS,DTE,39.4315,73.9284,-1.5883,1,-2.297,-0.5,-2.797,HOLDING
2018-10-12,7,CMS,DTE,39.143,73.6342,-1.98,1,-3.1546,-0.5,-3.6546,HOLDING
2018-10-15,7,CMS,DTE,39.2712,73.6209,-1.1633,1,-2.2626,-0.5,-2.7626,HOLDING
2018-10-16,7,CMS,DTE,39.8161,74.3696,-0.4397,1,-1.3271,-0.5,-1.8271,HOLDING
2018-10-17,7,CMS,DTE,39.9603,74.4031,0.2042,1,-0.4953,-0.5,-0.9953,HOLDING
2018-10-18,7,CMS,DTE,39.9042,74.3162,0.2022,1,-0.5568,-0.5,-1.0568,HOLDING
2018-10-19,7,CMS,DTE,40.6094,75.5061,0.7017,1,-0.1297,-0.5,-0.6297,HOLDING
2018-10-22,7,CMS,DTE,40.4491,75.0783,1.2118,1,0.3313,-0.5,-0.1687,HOLDING
2018-10-23,7,CMS,DTE,40.2808,74.8376,1.0277,1,0.0758,-0.5,-0.4242,HOLDING
2018-10-24,7,CMS,DTE,41.4267,78.6885,-3.0546,1,-6.027,-0.5,-6.527,HOLDING
2018-10-25,7,CMS,DTE,40.6655,76.9168,-1.9643,1,-4.7614,-0.5,-5.2614,HOLDING
2018-10-26,7,CMS,DTE,39.4635,75.446,-2.7454,1,-7.4662,-0.5,-7.9662,HOLDING
2018-10-29,7,CMS,DTE,39.8962,75.9675,-1.8862,1,-6.464,-0.5,-6.964,HOLDING
2018-10-30,7,CMS,DTE,39.9443,76.4555,-2.0708,1,-7.8775,-0.5,-8.3775,HOLDING
2018-10-31,7,CMS,DTE,39.6799,75.1451,-0.8816,1,-4.9741,-0.5,-5.4741,HOLDING
2018-11-01,7,CMS,DTE,39.2343,74.9379,-1.5477,1,-7.1749,-0.5,-7.6749,HOLDING
2018-11-02,7,CMS,DTE,38.855,74.4632,-1.634,1,-7.9914,-0.5,-8.4914,HOLDING
2018-11-05,7,CMS,DTE,39.307,75.787,-1.8591,1,-9.7065,-0.5,-10.2065,HOLDING
2018-11-06,7,CMS,DTE,39.6298,76.7764,-1.9071,1,-11.0872,-0.5,-11.5872,HOLDING
2018-11-07,7,CMS,DTE,40.0576,77.6455,-1.6876,1,-11.35,-0.5,-11.85,HOLDING
2018-11-08,7,CMS,DTE,39.9527,77.806,-1.7362,1,-12.6102,-0.5,-13.1102,HOLDING
2018-11-09,7,CMS,DTE,40.4692,78.9826,-1.6327,1,-13.3783,-0.5,-13.8783,HOLDING
2018-11-12,7,CMS,DTE,40.9212,79.591,-1.2782,1,-12.557,-0.5,-13.057,HOLDING
2018-11-13,7,CMS,DTE,40.9212,80.1927,-1.519,1,-14.6904,-0.5,-15.1904,HOLDING
2018-11-14,7,CMS,DTE,40.784,79.7515,-1.2686,1,-14.0302,-0.5,-14.5302,HOLDING
2018-11-15,7,CMS,DTE,40.8809,79.7648,-1.0475,1,-13.4393,-0.5,-13.9393,HOLDING
2018-11-16,7,CMS,DTE,41.1795,79.5776,-0.4131,1,-10.808,-0.5,-11.308,HOLDING
2018-11-19,7,CMS,DTE,41.6961,79.698,0.4275,1,-7.8311,-0.5,-8.3311,HOLDING
2018-11-20,7,CMS,DTE,41.7607,79.2233,1.2394,1,-5.7229,-0.5,-6.2229,HOLDING
2018-11-21,7,CMS,DTE,40.9939,78.0533,0.9469,1,-6.627,-0.5,-7.127,HOLDING
2018-11-23,7,CMS,DTE,40.9051,77.9999,0.8936,1,-7.0224,-0.5,-7.5224,HOLDING
2018-11-26,7,CMS,DTE,41.1311,78.0199,1.288,1,-5.6043,-0.5,-6.1043,HOLDING
2018-11-27,7,CMS,DTE,41.3167,78.5547,1.0699,1,-6.2775,-0.5,-6.7775,HOLDING
2018-11-28,7,CMS,DTE,41.349,78.4879,1.1401,1,-5.8278,-0.5,-6.3278,HOLDING
2018-11-29,7,CMS,DTE,41.4136,78.6684,1.1092,1,-6.0423,-0.5,-6.5423,HOLDING
2018-11-30,7,CMS,DTE,42.0431,80.0523,0.8846,1,-6.8006,-0.5,-7.3006,HOLDING
2018-12-03,7,CMS,DTE,42.253,79.6646,1.5424,1,-4.0433,-0.5,-4.5433,HOLDING
2018-12-04,7,CMS,DTE,42.4306,79.6712,1.6309,1,0.0,-3.959,-3.959,PERIOD_END_EXIT
2018-06-07,8,CMS,XEL,34.4999,33.7387,0.0,0,0.0,0.0,0.0,HOLD_CASH
2018-06-08,8,CMS,XEL,34.4761,33.7387,0.0,0,0.0,0.0,0.0,HOLD_CASH
2018-06-11,8,CMS,XEL,33.9035,33.2727,0.0,0,0.0,0.0,0.0,HOLD_CASH
2018-06-12,8,CMS,XEL,34.4363,33.6281,0.0,0,0.0,0.0,0.0,HOLD_CASH
2018-06-13,8,CMS,XEL,34.2693,33.565,0.0,0,0.0,0.0,0.0,HOLD_CASH
2018-06-14,8,CMS,XEL,34.6908,34.1626,0.0,0,0.0,0.0,0.0,HOLD_CASH
2018-06-15,8,CMS,XEL,35.0567,34.5292,0.0,0,0.0,0.0,0.0,HOLD_CASH
2018-06-18,8,CMS,XEL,35.3748,34.7444,0.0,0,0.0,0.0,0.0,HOLD_CASH
2018-06-19,8,CMS,XEL,35.9553,35.2145,0.0,0,0.0,0.0,0.0,HOLD_CASH
2018-06-20,8,CMS,XEL,35.8838,34.9675,0.0,0,0.0,0.0,0.0,HOLD_CASH
2018-06-21,8,CMS,XEL,36.0508,34.9436,0.0,0,0.0,0.0,0.0,HOLD_CASH
2018-06-22,8,CMS,XEL,36.1383,34.9436,0.0,0,0.0,0.0,0.0,HOLD_CASH
2018-06-25,8,CMS,XEL,36.9892,35.9795,0.0,0,0.0,0.0,0.0,HOLD_CASH
2018-06-26,8,CMS,XEL,36.9892,36.123,0.0,0,0.0,0.0,0.0,HOLD_CASH
2018-06-27,8,CMS,XEL,37.4744,36.4098,0.0,0,0.0,0.0,0.0,HOLD_CASH
2018-06-28,8,CMS,XEL,37.4107,36.3859,0.0,0,0.0,0.0,0.0,HOLD_CASH
2018-06-29,8,CMS,XEL,37.6016,36.4019,0.0,0,0.0,0.0,0.0,HOLD_CASH
2018-07-02,8,CMS,XEL,38.047,36.8402,0.0,0,0.0,0.0,0.0,HOLD_CASH
2018-07-03,8,CMS,XEL,38.1424,36.8561,0.0,0,0.0,0.0,0.0,HOLD_CASH
2018-07-05,8,CMS,XEL,38.3174,37.1271,1.0235,0,0.0,0.0,0.0,HOLD_CASH
2018-07-06,8,CMS,XEL,38.6434,37.4219,1.0122,0,0.0,0.0,0.0,HOLD_CASH
2018-07-09,8,CMS,XEL,37.204,35.9875,1.076,0,0.0,0.0,0.0,HOLD_CASH
2018-07-10,8,CMS,XEL,37.5459,36.4098,0.6073,0,0.0,0.0,0.0,HOLD_CASH
2018-07-11,8,CMS,XEL,38.0867,36.9677,0.414,0,0.0,0.0,0.0,HOLD_CASH
2018-07-12,8,CMS,XEL,38.1106,36.9278,0.615,0,0.0,0.0,0.0,HOLD_CASH
2018-07-13,8,CMS,XEL,38.0549,36.872,0.5543,0,0.0,0.0,0.0,HOLD_CASH
2018-07-16,8,CMS,XEL,37.9436,36.7127,0.7909,0,0.0,0.0,0.0,HOLD_CASH
2018-07-17,8,CMS,XEL,37.8561,36.5453,1.3361,0,0.0,0.0,0.0,HOLD_CASH
2018-07-18,8,CMS,XEL,37.6811,36.3541,1.5355,0,0.0,0.0,0.0,HOLD_CASH
2018-07-19,8,CMS,XEL,38.0629,36.5852,2.3119,-1,0.0,-0.5,-0.5,ENTER_SHORT_A
2018-07-20,8,CMS,XEL,37.7129,36.362,1.252,-1,0.7737,-0.5,0.2737,HOLDING
2018-07-23,8,CMS,XEL,37.4505,36.0831,1.3399,-1,0.5916,-0.5,0.0916,HOLDING
2018-07-24,8,CMS,XEL,37.705,36.2903,1.4537,-1,0.3359,-0.5,-0.1641,HOLDING
2018-07-25,8,CMS,XEL,38.0788,36.4098,2.7227,-1,-1.3024,-0.5,-1.8024,HOLDING
2018-07-26,8,CMS,XEL,38.2856,37.3581,-2.0593,-1,3.8196,-0.5,3.3196,HOLDING
2018-07-27,8,CMS,XEL,38.2696,37.1271,-0.8023,-1,2.3449,-0.5,1.8449,HOLDING
2018-07-30,8,CMS,XEL,37.8879,36.888,-1.4764,-1,3.2186,-0.5,2.7186,HOLDING
2018-07-31,8,CMS,XEL,38.4446,37.3422,-0.9056,-1,2.666,-0.5,2.166,HOLDING
2018-08-01,8,CMS,XEL,38.0629,36.9677,-0.8144,-1,2.6139,-0.5,2.1139,HOLDING
2018-08-02,8,CMS,XEL,38.3257,37.135,-0.3138,-1,2.0312,-0.5,1.5312,HOLDING
2018-08-03,8,CMS,XEL,38.7504,37.5972,-0.5746,-1,2.4001,-0.5,1.9001,HOLDING
2018-08-06,8,CMS,XEL,38.7263,37.6769,-1.055,-1,3.1027,-0.5,2.6027,HOLDING
2018-08-07,8,CMS,XEL,38.5901,37.6132,-1.3139,-1,3.5618,-0.5,3.0618,HOLDING
2018-08-08,8,CMS,XEL,38.6302,37.7088,-1.4655,-1,3.952,-0.5,3.452,HOLDING
2018-08-09,8,CMS,XEL,38.8225,37.9638,-1.5846,-1,4.4315,-0.5,3.9315,HOLDING
2018-08-10,8,CMS,XEL,38.7584,37.8761,-1.3291,-1,4.2534,-0.5,3.7534,HOLDING
2018-08-13,8,CMS,XEL,38.9908,37.8761,-0.3288,-1,2.7273,-0.5,2.2273,HOLDING
2018-08-14,8,CMS,XEL,39.103,37.8203,0.3932,-1,1.6092,-0.5,1.1092,HOLDING
2018-08-15,8,CMS,XEL,39.6238,38.171,1.0223,-1,0.5843,-0.5,0.0843,HOLDING
2018-08-16,8,CMS,XEL,39.9683,38.3861,1.4914,-1,-0.2086,-0.5,-0.7086,HOLDING
2018-08-17,8,CMS,XEL,39.9764,38.4818,1.0982,-1,0.3924,-0.5,-0.1076,HOLDING
2018-08-20,8,CMS,XEL,39.8802,38.434,0.9183,-1,0.6973,-0.5,0.1973,HOLDING
2018-08-21,8,CMS,XEL,39.6478,38.1869,1.0258,-1,0.5353,-0.5,0.0353,HOLDING
2018-08-22,8,CMS,XEL,39.3514,37.7964,1.6187,-1,-0.1856,-0.5,-0.6856,HOLDING
2018-08-23,8,CMS,XEL,39.3353,38.0036,0.5414,-1,1.3353,-0.5,0.8353,HOLDING
2018-08-24,8,CMS,XEL,39.5517,38.2108,0.5098,-1,1.3303,-0.5,0.8303,HOLDING
2018-08-27,8,CMS,XEL,39.1991,37.8602,0.4926,-1,1.2499,-0.5,0.7499,HOLDING
2018-08-28,8,CMS,XEL,39.119,37.908,-0.1144,-1,2.103,-0.5,1.603,HOLDING
2018-08-29,8,CMS,XEL,39.4555,38.2826,-0.3501,-1,2.452,-0.5,1.952,HOLDING
2018-08-30,8,CMS,XEL,39.6719,38.5216,-0.4637,-1,2.6646,-0.5,2.1646,HOLDING
2018-08-31,8,CMS,XEL,39.4555,38.2905,-0.3636,-1,2.5063,-0.5,2.0063,HOLDING
2018-09-04,8,CMS,XEL,39.6799,38.6491,-0.9927,-1,3.4832,-0.5,2.9832,HOLDING
2018-09-05,8,CMS,XEL,40.2087,39.2707,-1.4187,-1,4.257,-0.5,3.757,HOLDING
2018-09-06,8,CMS,XEL,40.5613,39.2787,-0.0226,-1,1.9959,-0.5,1.4959,HOLDING
2018-09-07,8,CMS,XEL,40.1366,38.7846,0.2814,-1,1.409,-0.5,0.909,HOLDING
2018-09-10,8,CMS,XEL,40.5132,39.0555,0.6884,-1,0.7869,-0.5,0.2869,HOLDING
2018-09-11,8,CMS,XEL,40.4171,38.8244,1.3222,-1,-0.1607,-0.5,-0.6607,HOLDING
2018-09-12,8,CMS,XEL,40.3129,38.7208,1.2148,-1,-0.1845,-0.5,-0.6845,HOLDING
2018-09-13,8,CMS,XEL,40.6174,38.9136,1.5833,-1,-0.8672,-0.5,-1.3672,HOLDING
2018-09-14,8,CMS,XEL,40.369,38.8734,0.631,-1,0.49,-0.5,-0.01,HOLDING
2018-09-17,8,CMS,XEL,40.3049,38.8654,0.3766,-1,0.8561,-0.5,0.3561,HOLDING
2018-09-18,8,CMS,XEL,40.2728,38.6485,1.2508,-1,-0.4153,-0.5,-0.9153,HOLDING
2018-09-19,8,CMS,XEL,39.2392,37.9016,0.0228,-1,1.2697,-0.5,0.7697,HOLDING
2018-09-20,8,CMS,XEL,39.3514,38.0301,-0.0212,-1,1.411,-0.5,0.911,HOLDING
2018-09-21,8,CMS,XEL,39.5276,38.1426,0.2729,-1,1.0216,-0.5,0.5216,HOLDING
2018-09-24,8,CMS,XEL,39.2071,37.7811,0.5218,-1,0.657,-0.5,0.157,HOLDING
2018-09-25,8,CMS,XEL,38.7504,37.4358,0.016,-1,1.2969,-0.5,0.7969,HOLDING
2018-09-26,8,CMS,XEL,38.2616,37.002,-0.215,-1,1.5436,-0.5,1.0436,HOLDING
2018-09-27,8,CMS,XEL,38.7183,37.4117,-0.0854,-1,1.3428,-0.5,0.8428,HOLDING
2018-09-28,8,CMS,XEL,39.2632,37.9177,-0.031,-1,1.2216,-0.5,0.7216,HOLDING
2018-10-01,8,CMS,XEL,39.143,37.8454,-0.3288,-1,1.5171,-0.5,1.0171,HOLDING
2018-10-02,8,CMS,XEL,39.5356,38.3514,-1.1925,-1,2.396,-0.5,1.896,HOLDING
2018-10-03,8,CMS,XEL,39.0709,37.8614,-1.3203,-1,2.1006,-0.5,1.6006,HOLDING
2018-10-04,8,CMS,XEL,39.1911,38.1104,-2.0872,-1,3.0125,-0.5,2.5125,HOLDING
2018-10-05,8,CMS,XEL,39.9764,38.8493,-1.6904,-1,2.9042,-0.5,2.4042,HOLDING
2018-10-08,8,CMS,XEL,40.2648,39.1786,-1.7301,-1,3.2597,-0.5,2.7597,HOLDING
2018-10-09,8,CMS,XEL,40.5853,39.3634,-0.8938,-1,2.4168,-0.5,1.9168,HOLDING
2018-10-10,8,CMS,XEL,40.2889,39.2268,-1.6106,-1,3.4312,-0.5,2.9312,HOLDING
2018-10-11,8,CMS,XEL,39.4315,38.247,-0.6752,-1,2.3667,-0.5,1.8667,HOLDING
2018-10-12,8,CMS,XEL,39.143,38.271,-2.2726,-1,4.4259,-0.5,3.9259,HOLDING
2018-10-15,8,CMS,XEL,39.2712,38.263,-1.3106,-1,3.529,-0.5,3.029,HOLDING
2018-10-16,8,CMS,XEL,39.8161,38.769,-1.1152,-1,3.4078,-0.5,2.9078,HOLDING
2018-10-17,8,CMS,XEL,39.9603,38.7449,0.0046,-1,2.2958,-0.5,1.7958,HOLDING
2018-10-18,8,CMS,XEL,39.9042,38.8252,-0.8098,-1,3.2131,-0.5,2.7131,HOLDING
2018-10-19,8,CMS,XEL,40.6094,39.4597,-0.3991,-1,2.9175,-0.5,2.4175,HOLDING
2018-10-22,8,CMS,XEL,40.4491,39.2509,0.0708,-1,2.5432,-0.5,2.0432,HOLDING
2018-10-23,8,CMS,XEL,40.2808,39.267,-1.1999,-1,3.7581,-0.5,3.2581,HOLDING
2018-10-24,8,CMS,XEL,41.4267,40.3673,-0.9745,-1,3.7512,-0.5,3.2512,HOLDING
2018-10-25,8,CMS,XEL,40.6655,39.7007,-1.4403,-1,4.1957,-0.5,3.6957,HOLDING
2018-10-26,8,CMS,XEL,39.4635,38.9618,-3.3286,-1,7.0408,-0.5,6.5408,HOLDING
2018-10-29,8,CMS,XEL,39.8962,39.6846,-3.2399,-1,9.1382,-0.5,8.6382,HOLDING
2018-10-30,8,CMS,XEL,39.9443,39.9095,-2.8143,-1,10.3592,-0.5,9.8592,HOLDING
2018-10-31,8,CMS,XEL,39.6799,39.3634,-1.7038,-1,8.3639,-0.5,7.8639,HOLDING
2018-11-01,8,CMS,XEL,39.2343,38.9297,-1.5197,-1,8.3266,-0.5,7.8266,HOLDING
2018-11-02,8,CMS,XEL,38.855,38.3273,-0.8204,-1,6.7019,-0.5,6.2019,HOLDING
2018-11-05,8,CMS,XEL,39.307,38.8734,-0.987,-1,7.4653,-0.5,6.9653,HOLDING
2018-11-06,8,CMS,XEL,39.6298,39.4678,-1.5071,-1,9.4062,-0.5,8.9062,HOLDING
2018-11-07,8,CMS,XEL,40.0576,39.7569,-1.0563,-1,8.5723,-0.5,8.0723,HOLDING
2018-11-08,8,CMS,XEL,39.9527,39.6204,-0.885,-1,8.3284,-0.5,7.8284,HOLDING
2018-11-09,8,CMS,XEL,40.4692,40.4316,-1.4302,-1,10.479,-0.5,9.979,HOLDING
2018-11-12,8,CMS,XEL,40.9212,41.05,-1.589,-1,11.7362,-0.5,11.2362,HOLDING
2018-11-13,8,CMS,XEL,40.9212,41.2669,-1.7799,-1,13.218,-0.5,12.718,HOLDING
2018-11-14,8,CMS,XEL,40.784,41.0902,-1.5351,-1,12.9118,-0.5,12.4118,HOLDING
2018-11-15,8,CMS,XEL,40.8809,41.2588,-1.5042,-1,13.4282,-0.5,12.9282,HOLDING
2018-11-16,8,CMS,XEL,41.1795,41.0099,-0.3454,-1,9.7653,-0.5,9.2653,HOLDING
2018-11-19,8,CMS,XEL,41.6961,41.4596,-0.1157,-1,9.4459,-0.5,8.9459,HOLDING
2018-11-20,8,CMS,XEL,41.7607,41.6122,-0.2389,-1,10.0646,-0.5,9.5646,HOLDING
2018-11-21,8,CMS,XEL,40.9939,40.7609,0.117,-1,9.2833,-0.5,8.7833,HOLDING
2018-11-23,8,CMS,XEL,40.9051,40.8492,-0.344,-1,10.4701,-0.5,9.9701,HOLDING
2018-11-26,8,CMS,XEL,41.1311,41.042,-0.1498,-1,10.3029,-0.5,9.8029,HOLDING
2018-11-27,8,CMS,XEL,41.3167,41.556,-1.2781,-1,12.5962,-0.5,12.0962,HOLDING
2018-11-28,8,CMS,XEL,41.349,41.4114,-0.5998,-1,11.3963,-0.5,10.8963,HOLDING
2018-11-29,8,CMS,XEL,41.4136,41.3873,-0.2214,-1,10.8075,-0.5,10.3075,HOLDING
2018-11-30,8,CMS,XEL,42.0431,42.1263,-0.5582,-1,11.7218,-0.5,11.2218,HOLDING
2018-12-03,8,CMS,XEL,42.253,42.5198,-1.1631,-1,13.0328,-0.5,12.5328,HOLDING
2018-12-04,8,CMS,XEL,42.4306,42.4315,-0.0073,-1,0.0,10.1941,10.1941,PERIOD_END_EXIT
2018-06-07,9,AEP,XEL,48.8458,33.7387,0.0,0,0.0,0.0,0.0,HOLD_CASH
2018-06-08,9,AEP,XEL,48.8153,33.7387,0.0,0,0.0,0.0,0.0,HOLD_CASH
2018-06-11,9,AEP,XEL,47.9168,33.2727,0.0,0,0.0,0.0,0.0,HOLD_CASH
2018-06-12,9,AEP,XEL,48.4041,33.6281,0.0,0,0.0,0.0,0.0,HOLD_CASH
2018-06-13,9,AEP,XEL,48.3204,33.565,0.0,0,0.0,0.0,0.0,HOLD_CASH
2018-06-14,9,AEP,XEL,49.2037,34.1626,0.0,0,0.0,0.0,0.0,HOLD_CASH
2018-06-15,9,AEP,XEL,49.5311,34.5292,0.0,0,0.0,0.0,0.0,HOLD_CASH
2018-06-18,9,AEP,XEL,49.8433,34.7444,0.0,0,0.0,0.0,0.0,HOLD_CASH
2018-06-19,9,AEP,XEL,50.9169,35.2145,0.0,0,0.0,0.0,0.0,HOLD_CASH
2018-06-20,9,AEP,XEL,50.9397,34.9675,0.0,0,0.0,0.0,0.0,HOLD_CASH
2018-06-21,9,AEP,XEL,51.3737,34.9436,0.0,0,0.0,0.0,0.0,HOLD_CASH
2018-06-22,9,AEP,XEL,51.2824,34.9436,0.0,0,0.0,0.0,0.0,HOLD_CASH
2018-06-25,9,AEP,XEL,52.5616,35.9795,0.0,0,0.0,0.0,0.0,HOLD_CASH
2018-06-26,9,AEP,XEL,52.7672,36.123,0.0,0,0.0,0.0,0.0,HOLD_CASH
2018-06-27,9,AEP,XEL,53.1859,36.4098,0.0,0,0.0,0.0,0.0,HOLD_CASH
2018-06-28,9,AEP,XEL,52.7976,36.3859,0.0,0,0.0,0.0,0.0,HOLD_CASH
2018-06-29,9,AEP,XEL,52.7291,36.4019,0.0,0,0.0,0.0,0.0,HOLD_CASH
2018-07-02,9,AEP,XEL,53.3382,36.8402,0.0,0,0.0,0.0,0.0,HOLD_CASH
2018-07-03,9,AEP,XEL,53.6809,36.8561,0.0,0,0.0,0.0,0.0,HOLD_CASH
2018-07-05,9,AEP,XEL,54.1606,37.1271,0.7858,0,0.0,0.0,0.0,HOLD_CASH
2018-07-06,9,AEP,XEL,54.488,37.4219,0.4883,0,0.0,0.0,0.0,HOLD_CASH
2018-07-09,9,AEP,XEL,52.4397,35.9875,0.5419,0,0.0,0.0,0.0,HOLD_CASH
2018-07-10,9,AEP,XEL,53.1326,36.4098,0.662,0,0.0,0.0,0.0,HOLD_CASH
2018-07-11,9,AEP,XEL,53.8712,36.9677,0.4002,0,0.0,0.0,0.0,HOLD_CASH
2018-07-12,9,AEP,XEL,53.5895,36.9278,-0.2653,0,0.0,0.0,0.0,HOLD_CASH
2018-07-13,9,AEP,XEL,53.5667,36.872,-0.1768,0,0.0,0.0,0.0,HOLD_CASH
2018-07-16,9,AEP,XEL,53.6199,36.7127,0.6091,0,0.0,0.0,0.0,HOLD_CASH
2018-07-17,9,AEP,XEL,53.6352,36.5453,1.5522,0,0.0,0.0,0.0,HOLD_CASH
2018-07-18,9,AEP,XEL,53.4829,36.3541,1.8639,0,0.0,0.0,0.0,HOLD_CASH
2018-07-19,9,AEP,XEL,53.7875,36.5852,1.5172,0,0.0,0.0,0.0,HOLD_CASH
2018-07-20,9,AEP,XEL,53.6123,36.362,1.9646,0,0.0,0.0,0.0,HOLD_CASH
2018-07-23,9,AEP,XEL,52.8738,36.0831,0.7977,0,0.0,0.0,0.0,HOLD_CASH
2018-07-24,9,AEP,XEL,52.5844,36.2903,-1.2636,0,0.0,0.0,0.0,HOLD_CASH
2018-07-25,9,AEP,XEL,52.8281,36.4098,-0.9286,0,0.0,0.0,0.0,HOLD_CASH
2018-07-26,9,AEP,XEL,54.092,37.3581,-1.1815,0,0.0,0.0,0.0,HOLD_CASH
2018-07-27,9,AEP,XEL,54.1682,37.1271,0.1161,0,0.0,0.0,0.0,HOLD_CASH
2018-07-30,9,AEP,XEL,53.6047,36.888,-0.649,0,0.0,0.0,0.0,HOLD_CASH
2018-07-31,9,AEP,XEL,54.1682,37.3422,-1.0182,0,0.0,0.0,0.0,HOLD_CASH
2018-08-01,9,AEP,XEL,53.5286,36.9677,-1.2472,0,0.0,0.0,0.0,HOLD_CASH
2018-08-02,9,AEP,XEL,53.6732,37.135,-1.4084,0,0.0,0.0,0.0,HOLD_CASH
2018-08-03,9,AEP,XEL,54.1986,37.5972,-1.6362,0,0.0,0.0,0.0,HOLD_CASH
2018-08-06,9,AEP,XEL,54.2672,37.6769,-1.5617,0,0.0,0.0,0.0,HOLD_CASH
2018-08-07,9,AEP,XEL,54.2443,37.6132,-1.2371,0,0.0,0.0,0.0,HOLD_CASH
2018-08-08,9,AEP,XEL,54.0083,37.7088,-1.8753,0,0.0,0.0,0.0,HOLD_CASH
2018-08-09,9,AEP,XEL,54.5229,37.9638,-1.3841,0,0.0,0.0,0.0,HOLD_CASH
2018-08-10,9,AEP,XEL,54.4231,37.8761,-1.2088,0,0.0,0.0,0.0,HOLD_CASH
2018-08-13,9,AEP,XEL,54.4922,37.8761,-0.9631,0,0.0,0.0,0.0,HOLD_CASH
2018-08-14,9,AEP,XEL,54.5537,37.8203,-0.593,0,0.0,0.0,0.0,HOLD_CASH
2018-08-15,9,AEP,XEL,55.1298,38.171,-0.3644,0,0.0,0.0,0.0,HOLD_CASH
2018-08-16,9,AEP,XEL,55.5676,38.3861,0.0325,0,0.0,0.0,0.0,HOLD_CASH
2018-08-17,9,AEP,XEL,55.6905,38.4818,0.1624,0,0.0,0.0,0.0,HOLD_CASH
2018-08-20,9,AEP,XEL,55.4447,38.434,-0.3442,0,0.0,0.0,0.0,HOLD_CASH
2018-08-21,9,AEP,XEL,55.0376,38.1869,-0.4949,0,0.0,0.0,0.0,HOLD_CASH
2018-08-22,9,AEP,XEL,54.3386,37.7964,-0.9637,0,0.0,0.0,0.0,HOLD_CASH
2018-08-23,9,AEP,XEL,54.8148,38.0036,-0.1771,0,0.0,0.0,0.0,HOLD_CASH
2018-08-24,9,AEP,XEL,54.9608,38.2108,-0.7907,0,0.0,0.0,0.0,HOLD_CASH
2018-08-27,9,AEP,XEL,54.6612,37.8602,0.3963,0,0.0,0.0,0.0,HOLD_CASH
2018-08-28,9,AEP,XEL,54.6228,37.908,-0.1373,0,0.0,0.0,0.0,HOLD_CASH
2018-08-29,9,AEP,XEL,55.076,38.2826,-0.6198,0,0.0,0.0,0.0,HOLD_CASH
2018-08-30,9,AEP,XEL,55.1605,38.5216,-2.0283,1,0.0,-0.5,-0.5,ENTER_LONG_A
2018-08-31,9,AEP,XEL,55.099,38.2905,-0.2997,1,1.2214,-0.5,0.7214,HOLDING
2018-09-04,9,AEP,XEL,55.5062,38.6491,-0.9066,1,0.7393,-0.5,0.2393,HOLDING
2018-09-05,9,AEP,XEL,56.2589,39.2707,-1.5345,1,0.1171,-0.5,-0.3829,HOLDING
2018-09-06,9,AEP,XEL,56.3281,39.2787,-1.2678,1,0.3787,-0.5,-0.1213,HOLDING
2018-09-07,9,AEP,XEL,55.8288,38.7846,-0.0762,1,1.3223,-0.5,0.8223,HOLDING
2018-09-10,9,AEP,XEL,56.3818,39.0555,0.8063,1,2.0705,-0.5,1.5705,HOLDING
2018-09-11,9,AEP,XEL,56.0592,38.8244,0.7992,1,2.1081,-0.5,1.6081,HOLDING
2018-09-12,9,AEP,XEL,55.6982,38.7208,-0.3935,1,1.1442,-0.5,0.6442,HOLDING
2018-09-13,9,AEP,XEL,56.0515,38.9136,0.0969,1,1.4946,-0.5,0.9946,HOLDING
2018-09-14,9,AEP,XEL,55.7673,38.8734,-1.1722,1,0.4671,-0.5,-0.0329,HOLDING
2018-09-17,9,AEP,XEL,55.921,38.8654,-0.025,1,1.2155,-0.5,0.7155,HOLDING
2018-09-18,9,AEP,XEL,55.6367,38.6485,0.2216,1,1.3348,-0.5,0.8348,HOLDING
2018-09-19,9,AEP,XEL,54.5229,37.9016,-0.0288,1,1.1343,-0.5,0.6343,HOLDING
2018-09-20,9,AEP,XEL,54.5998,38.0301,-0.8061,1,0.6485,-0.5,0.1485,HOLDING
2018-09-21,9,AEP,XEL,54.8456,38.1426,-0.1197,1,1.0327,-0.5,0.5327,HOLDING
2018-09-24,9,AEP,XEL,54.2618,37.7811,-0.58,1,0.7325,-0.5,0.2325,HOLDING
2018-09-25,9,AEP,XEL,53.6242,37.4358,-1.528,1,0.0843,-0.5,-0.4157,HOLDING
2018-09-26,9,AEP,XEL,52.979,37.002,-1.5191,1,-0.0254,-0.5,-0.5254,HOLDING
2018-09-27,9,AEP,XEL,53.5858,37.4117,-1.2281,1,0.0666,-0.5,-0.4334,HOLDING
2018-09-28,9,AEP,XEL,54.4461,37.9177,-0.3304,1,0.6819,-0.5,0.1819,HOLDING
2018-10-01,9,AEP,XEL,54.4615,37.8454,0.5606,1,1.2206,-0.5,0.7206,HOLDING
2018-10-02,9,AEP,XEL,54.8072,38.3514,-1.9358,1,-0.4965,-0.5,-0.9965,HOLDING
2018-10-03,9,AEP,XEL,53.9391,37.8614,-2.4813,1,-1.2509,-0.5,-1.7509,HOLDING
2018-10-04,9,AEP,XEL,54.2003,38.1104,-2.3939,1,-1.6832,-0.5,-2.1832,HOLDING
2018-10-05,9,AEP,XEL,55.2066,38.8493,-2.1321,1,-1.918,-0.5,-2.418,HOLDING
2018-10-08,9,AEP,XEL,55.9594,39.1786,-0.9117,1,-0.6432,-0.5,-1.1432,HOLDING
2018-10-09,9,AEP,XEL,56.113,39.3634,-1.2477,1,-1.1458,-0.5,-1.6458,HOLDING
2018-10-10,9,AEP,XEL,55.8441,39.2268,-1.3885,1,-1.4783,-0.5,-1.9783,HOLDING
2018-10-11,9,AEP,XEL,54.7073,38.247,-0.2484,1,-0.2715,-0.5,-0.7715,HOLDING
2018-10-12,9,AEP,XEL,54.4615,38.271,-1.31,1,-1.5419,-0.5,-2.0419,HOLDING
2018-10-15,9,AEP,XEL,54.5537,38.263,-0.7936,1,-1.072,-0.5,-1.572,HOLDING
2018-10-16,9,AEP,XEL,55.076,38.769,-1.4734,1,-1.9886,-0.5,-2.4886,HOLDING
2018-10-17,9,AEP,XEL,55.0914,38.7449,-1.1548,1,-1.7624,-0.5,-2.2624,HOLDING
2018-10-18,9,AEP,XEL,55.0606,38.8252,-1.5721,1,-2.423,-0.5,-2.923,HOLDING
2018-10-19,9,AEP,XEL,56.2743,39.4597,-0.2189,1,-1.0402,-0.5,-1.5402,HOLDING
2018-10-22,9,AEP,XEL,56.1898,39.2509,0.792,1,-0.068,-0.5,-0.568,HOLDING
2018-10-23,9,AEP,XEL,56.4126,39.267,1.5879,1,0.8375,-0.5,0.3375,HOLDING
2018-10-24,9,AEP,XEL,58.041,40.3673,1.6307,1,1.0769,-0.5,0.5769,HOLDING
2018-10-25,9,AEP,XEL,56.4894,39.7007,-0.6989,1,-1.6292,-0.5,-2.1292,HOLDING
2018-10-26,9,AEP,XEL,55.8749,38.9618,1.1486,1,0.3811,-0.5,-0.1189,HOLDING
2018-10-29,9,AEP,XEL,56.8734,39.6846,1.1299,1,0.2158,-0.5,-0.2842,HOLDING
2018-10-30,9,AEP,XEL,57.0655,39.9095,0.5381,1,-0.3733,-0.5,-0.8733,HOLDING
2018-10-31,9,AEP,XEL,56.3511,39.3634,0.768,1,-0.0666,-0.5,-0.5666,HOLDING
2018-11-01,9,AEP,XEL,56.0515,38.9297,1.8866,1,1.3903,-0.5,0.8903,HOLDING
2018-11-02,9,AEP,XEL,55.8365,38.3273,3.0801,1,4.3249,-0.5,3.8249,HOLDING
2018-11-05,9,AEP,XEL,56.4587,38.8734,2.1153,1,3.6003,-0.5,3.1003,HOLDING
2018-11-06,9,AEP,XEL,57.1884,39.4678,1.5618,1,3.0505,-0.5,2.5505,HOLDING
2018-11-07,9,AEP,XEL,57.7108,39.7569,1.5807,1,3.5414,-0.5,3.0414,HOLDING
2018-11-08,9,AEP,XEL,57.486,39.6204,1.3595,1,3.4089,-0.5,2.9089,HOLDING
2018-11-09,9,AEP,XEL,58.3773,40.4316,0.6933,1,2.1838,-0.5,1.6838,HOLDING
2018-11-12,9,AEP,XEL,59.0593,41.05,0.2067,1,1.2615,-0.5,0.7615,HOLDING
2018-11-13,9,AEP,XEL,59.2376,41.2669,-0.1464,1,0.6621,-0.5,0.1621,HOLDING
2018-11-14,9,AEP,XEL,59.0051,41.0902,-0.1736,1,0.755,-0.5,0.255,HOLDING
2018-11-15,9,AEP,XEL,59.5166,41.2588,0.3775,1,1.9788,-0.5,1.4788,HOLDING
2018-11-16,9,AEP,XEL,59.6949,41.0099,1.5908,1,4.4025,-0.5,3.9025,HOLDING
2018-11-19,9,AEP,XEL,60.0126,41.4596,0.6633,1,2.9238,-0.5,2.4238,HOLDING
2018-11-20,9,AEP,XEL,60.3149,41.6122,0.7944,1,3.3034,-0.5,2.8034,HOLDING
2018-11-21,9,AEP,XEL,58.6331,40.7609,-0.37,1,1.2059,-0.5,0.7059,HOLDING
2018-11-23,9,AEP,XEL,58.7958,40.8492,-0.4139,1,1.3703,-0.5,0.8703,HOLDING
2018-11-26,9,AEP,XEL,58.8733,41.042,-1.0054,1,0.4705,-0.5,-0.0295,HOLDING
2018-11-27,9,AEP,XEL,59.3539,41.556,-1.6528,1,-0.6875,-0.5,-1.1875,HOLDING
2018-11-28,9,AEP,XEL,59.0748,41.4114,-1.7783,1,-1.0139,-0.5,-1.5139,HOLDING
2018-11-29,9,AEP,XEL,59.1756,41.3873,-1.3817,1,-0.4007,-0.5,-0.9007,HOLDING
2018-11-30,9,AEP,XEL,60.2529,42.1263,-1.2229,1,-0.3137,-0.5,-0.8137,HOLDING
2018-12-03,9,AEP,XEL,60.6947,42.5198,-1.3951,1,-0.8655,-0.5,-1.3655,HOLDING
2018-12-04,9,AEP,XEL,60.78,42.4315,-0.7719,1,0.0,-0.9566,-0.9566,PERIOD_END_EXIT
2018-06-07,10,ED,ES,55.0872,40.8361,0.0,0,0.0,0.0,0.0,HOLD_CASH
2018-06-08,10,ED,ES,55.0569,40.8057,0.0,0,0.0,0.0,0.0,HOLD_CASH
2018-06-11,10,ED,ES,54.0277,40.28,0.0,0,0.0,0.0,0.0,HOLD_CASH
2018-06-12,10,ED,ES,54.8526,40.8971,0.0,0,0.0,0.0,0.0,HOLD_CASH
2018-06-13,10,ED,ES,54.8147,40.7066,0.0,0,0.0,0.0,0.0,HOLD_CASH
2018-06-14,10,ED,ES,55.4353,41.1333,0.0,0,0.0,0.0,0.0,HOLD_CASH
2018-06-15,10,ED,ES,55.7986,41.6209,0.0,0,0.0,0.0,0.0,HOLD_CASH
2018-06-18,10,ED,ES,55.9272,41.9713,0.0,0,0.0,0.0,0.0,HOLD_CASH
2018-06-19,10,ED,ES,56.6537,42.4818,0.0,0,0.0,0.0,0.0,HOLD_CASH
2018-06-20,10,ED,ES,56.7824,42.5199,0.0,0,0.0,0.0,0.0,HOLD_CASH
2018-06-21,10,ED,ES,57.1003,42.4361,0.0,0,0.0,0.0,0.0,HOLD_CASH
2018-06-22,10,ED,ES,57.3349,42.6875,0.0,0,0.0,0.0,0.0,HOLD_CASH
2018-06-25,10,ED,ES,58.5912,43.6779,0.0,0,0.0,0.0,0.0,HOLD_CASH
2018-06-26,10,ED,ES,58.6366,43.8455,0.0,0,0.0,0.0,0.0,HOLD_CASH
2018-06-27,10,ED,ES,58.9544,44.1807,0.0,0,0.0,0.0,0.0,HOLD_CASH
2018-06-28,10,ED,ES,58.9847,44.4017,0.0,0,0.0,0.0,0.0,HOLD_CASH
2018-06-29,10,ED,ES,59.015,44.6531,0.0,0,0.0,0.0,0.0,HOLD_CASH
2018-07-02,10,ED,ES,59.2874,44.9655,0.0,0,0.0,0.0,0.0,HOLD_CASH
2018-07-03,10,ED,ES,59.3782,45.3464,0.0,0,0.0,0.0,0.0,HOLD_CASH
2018-07-05,10,ED,ES,59.7793,45.4988,-1.8485,0,0.0,0.0,0.0,HOLD_CASH
2018-07-06,10,ED,ES,60.1653,45.9483,-1.913,0,0.0,0.0,0.0,HOLD_CASH
2018-07-09,10,ED,ES,58.1673,44.5388,-1.8875,0,0.0,0.0,0.0,HOLD_CASH
2018-07-10,10,ED,ES,58.9241,44.7369,-0.9544,0,0.0,0.0,0.0,HOLD_CASH
2018-07-11,10,ED,ES,59.8096,45.1407,-0.3241,0,0.0,0.0,0.0,HOLD_CASH
2018-07-12,10,ED,ES,59.9534,45.0569,0.1622,0,0.0,0.0,0.0,HOLD_CASH
2018-07-13,10,ED,ES,60.135,45.0569,0.5553,0,0.0,0.0,0.0,HOLD_CASH
2018-07-16,10,ED,ES,59.9382,44.9807,0.4262,0,0.0,0.0,0.0,HOLD_CASH
2018-07-17,10,ED,ES,59.7566,44.8512,0.4101,0,0.0,0.0,0.0,HOLD_CASH
2018-07-18,10,ED,ES,59.4388,44.5845,0.4831,0,0.0,0.0,0.0,HOLD_CASH
2018-07-19,10,ED,ES,59.6204,45.0721,-0.3457,0,0.0,0.0,0.0,HOLD_CASH
2018-07-20,10,ED,ES,59.0679,44.7598,-0.5375,0,0.0,0.0,0.0,HOLD_CASH
2018-07-23,10,ED,ES,58.6214,44.5388,-0.7796,0,0.0,0.0,0.0,HOLD_CASH
2018-07-24,10,ED,ES,58.7349,44.8131,-1.2198,0,0.0,0.0,0.0,HOLD_CASH
2018-07-25,10,ED,ES,58.5685,45.2093,-2.3016,1,0.0,-0.5,-0.5,ENTER_LONG_A
2018-07-26,10,ED,ES,59.2571,45.9864,-2.3738,1,-1.3577,-0.5,-1.8577,HOLDING
2018-07-27,10,ED,ES,59.4463,45.773,-1.3848,1,0.6295,-0.5,0.1295,HOLDING
2018-07-30,10,ED,ES,59.1512,45.5292,-1.2143,1,0.718,-0.5,0.218,HOLDING
2018-07-31,10,ED,ES,59.7339,46.2606,-1.5847,1,-0.8392,-0.5,-1.3392,HOLDING
2018-08-01,10,ED,ES,58.8636,45.514,-1.3213,1,-0.4254,-0.5,-0.9254,HOLDING
2018-08-02,10,ED,ES,59.1739,45.7121,-1.1366,1,-0.1963,-0.5,-0.6963,HOLDING
2018-08-03,10,ED,ES,59.8701,46.4206,-1.3118,1,-1.1425,-0.5,-1.6425,HOLDING
2018-08-06,10,ED,ES,59.7339,46.5425,-1.5241,1,-2.398,-0.5,-2.898,HOLDING
2018-08-07,10,ED,ES,59.4236,46.4663,-1.5662,1,-3.3013,-0.5,-3.8013,HOLDING
2018-08-08,10,ED,ES,59.416,46.4359,-1.3641,1,-3.165,-0.5,-3.665,HOLDING
2018-08-09,10,ED,ES,59.7491,46.5806,-1.089,1,-2.544,-0.5,-3.044,HOLDING
2018-08-10,10,ED,ES,59.5371,46.7406,-1.4204,1,-4.3333,-0.5,-4.8333,HOLDING
2018-08-13,10,ED,ES,59.8247,47.0454,-1.4075,1,-4.791,-0.5,-5.291,HOLDING
2018-08-14,10,ED,ES,59.966,47.0835,-1.2144,1,-4.3986,-0.5,-4.8986,HOLDING
2018-08-15,10,ED,ES,60.9359,47.4949,-0.6095,1,-2.5336,-0.5,-3.0336,HOLDING
2018-08-16,10,ED,ES,61.6385,47.9901,-0.4407,1,-2.273,-0.5,-2.773,HOLDING
2018-08-17,10,ED,ES,61.9898,48.1805,-0.1796,1,-1.8266,-0.5,-2.3266,HOLDING
2018-08-20,10,ED,ES,61.3254,48.0891,-1.1366,1,-4.1572,-0.5,-4.6572,HOLDING
2018-08-21,10,ED,ES,60.8061,47.853,-1.5591,1,-5.0679,-0.5,-5.5679,HOLDING
2018-08-22,10,ED,ES,60.2791,47.5101,-1.5738,1,-5.4212,-0.5,-5.9212,HOLDING
2018-08-23,10,ED,ES,60.3479,47.5634,-1.3956,1,-5.4227,-0.5,-5.9227,HOLDING
2018-08-24,10,ED,ES,60.6762,47.8148,-1.269,1,-5.4114,-0.5,-5.9114,HOLDING
2018-08-27,10,ED,ES,60.2715,47.3958,-0.9168,1,-4.8218,-0.5,-5.3218,HOLDING
2018-08-28,10,ED,ES,59.9126,47.1139,-0.8324,1,-4.7953,-0.5,-5.2953,HOLDING
2018-08-29,10,ED,ES,60.493,47.373,-0.1004,1,-3.7503,-0.5,-4.2503,HOLDING
2018-08-30,10,ED,ES,60.6304,47.7234,-0.9262,1,-5.1014,-0.5,-5.6014,HOLDING
2018-08-31,10,ED,ES,60.2791,47.5634,-1.3294,1,-5.7161,-0.5,-6.2161,HOLDING
2018-09-04,10,ED,ES,60.7603,47.5558,0.4405,1,-3.6203,-0.5,-4.1203,HOLDING
2018-09-05,10,ED,ES,61.6232,48.2872,0.2109,1,-3.9812,-0.5,-4.4812,HOLDING
2018-09-06,10,ED,ES,62.1273,48.3862,1.4589,1,-2.3773,-0.5,-2.8773,HOLDING
2018-09-07,10,ED,ES,61.1574,47.853,0.5295,1,-3.5684,-0.5,-4.0684,HOLDING
2018-09-10,10,ED,ES,61.5087,48.2263,0.0653,1,-4.1332,-0.5,-4.6332,HOLDING
2018-09-11,10,ED,ES,61.249,48.2034,-0.7497,1,-5.1151,-0.5,-5.6151,HOLDING
2018-09-12,10,ED,ES,61.2109,48.1577,-0.6497,1,-5.0252,-0.5,-5.5252,HOLDING
2018-09-13,10,ED,ES,61.6691,48.4624,-0.3281,1,-4.7546,-0.5,-5.2546,HOLDING
2018-09-14,10,ED,ES,61.3178,48.4015,-1.2545,1,-5.9171,-0.5,-6.4171,HOLDING
2018-09-17,10,ED,ES,61.3636,48.5843,-1.9308,1,-6.7326,-0.5,-7.2326,HOLDING
2018-09-18,10,ED,ES,61.1574,48.4853,-1.9249,1,-7.0651,-0.5,-7.5651,HOLDING
2018-09-19,10,ED,ES,59.8133,47.2587,-1.0357,1,-6.0194,-0.5,-6.5194,HOLDING
2018-09-20,10,ED,ES,59.9049,47.4469,-1.4593,1,-6.669,-0.5,-7.169,HOLDING
2018-09-21,10,ED,ES,59.4849,47.7464,-2.9834,1,-10.1185,-0.5,-10.6185,HOLDING
2018-09-24,10,ED,ES,58.5073,47.2241,-2.7763,1,-11.4028,-0.5,-11.9028,HOLDING
2018-09-25,10,ED,ES,57.8124,46.6096,-2.1543,1,-10.9711,-0.5,-11.4711,HOLDING
2018-09-26,10,ED,ES,56.8272,46.2409,-2.4163,1,-13.1375,-0.5,-13.6375,HOLDING
2018-09-27,10,ED,ES,57.4305,46.5174,-1.7509,1,-12.0914,-0.5,-12.5914,HOLDING
2018-09-28,10,ED,ES,58.1866,47.1934,-1.6188,1,-12.602,-0.5,-13.102,HOLDING
2018-10-01,10,ED,ES,57.8658,47.2548,-1.8099,1,-14.311,-0.5,-14.811,HOLDING
2018-10-02,10,ED,ES,58.8663,47.7464,-1.2233,1,-12.759,-0.5,-13.259,HOLDING
2018-10-03,10,ED,ES,58.1255,46.9246,-0.8278,1,-11.3762,-0.5,-11.8762,HOLDING
2018-10-04,10,ED,ES,58.4997,47.2702,-0.8084,1,-11.6903,-0.5,-12.1903,HOLDING
2018-10-05,10,ED,ES,59.3092,47.9308,-0.7378,1,-11.8877,-0.5,-12.3877,HOLDING
2018-10-08,10,ED,ES,59.5842,48.2611,-0.8186,1,-12.5406,-0.5,-13.0406,HOLDING
2018-10-09,10,ED,ES,59.7445,48.6682,-1.1427,1,-14.1073,-0.5,-14.6073,HOLDING
2018-10-10,10,ED,ES,59.3932,48.4224,-1.1093,1,-14.2475,-0.5,-14.7475,HOLDING
2018-10-11,10,ED,ES,58.0797,47.3777,-1.0786,1,-14.0778,-0.5,-14.5778,HOLDING
2018-10-12,10,ED,ES,57.4534,47.2548,-1.6374,1,-16.0713,-0.5,-16.5713,HOLDING
2018-10-15,10,ED,ES,57.4916,47.1396,-1.2629,1,-15.2712,-0.5,-15.7712,HOLDING
2018-10-16,10,ED,ES,58.1178,47.5928,-1.0695,1,-15.1042,-0.5,-15.6042,HOLDING
2018-10-17,10,ED,ES,58.1255,47.9999,-1.843,1,-17.3228,-0.5,-17.8228,HOLDING
2018-10-18,10,ED,ES,58.3164,47.7618,-0.9645,1,-15.191,-0.5,-15.691,HOLDING
2018-10-19,10,ED,ES,59.0954,48.6451,-1.5131,1,-16.7506,-0.5,-17.2506,HOLDING
2018-10-22,10,ED,ES,58.6677,48.5453,-1.9171,1,-18.0241,-0.5,-18.5241,HOLDING
2018-10-23,10,ED,ES,58.2629,48.6221,-2.428,1,-20.1765,-0.5,-20.6765,HOLDING
2018-10-24,10,ED,ES,59.7369,49.8281,-1.985,1,-20.5537,-0.5,-21.0537,HOLDING
2018-10-25,10,ED,ES,58.6601,48.9063,-1.6874,1,-20.0531,-0.5,-20.5531,HOLDING
2018-10-26,10,ED,ES,58.2935,48.215,-0.8527,1,-17.795,-0.5,-18.295,HOLDING
2018-10-29,10,ED,ES,59.0648,49.106,-1.205,1,-19.4297,-0.5,-19.9297,HOLDING
2018-10-30,10,ED,ES,58.9808,49.1828,-1.321,1,-20.213,-0.5,-20.713,HOLDING
2018-10-31,10,ED,ES,58.0415,48.5914,-1.513,1,-20.952,-0.5,-21.452,HOLDING
2018-11-01,10,ED,ES,57.7589,48.1535,-1.0542,1,-19.737,-0.5,-20.237,HOLDING
2018-11-02,10,ED,ES,56.9265,47.7695,-1.532,1,-21.1665,-0.5,-21.6665,HOLDING
2018-11-05,10,ED,ES,58.072,48.3302,-0.6722,1,-19.3775,-0.5,-19.8775,HOLDING
2018-11-06,10,ED,ES,58.9808,48.7527,0.1304,1,-17.8343,-0.5,-18.3343,HOLDING
2018-11-07,10,ED,ES,59.7674,49.4517,0.1113,1,-18.342,-0.5,-18.842,HOLDING
2018-11-08,10,ED,ES,59.6987,49.5746,-0.251,1,-19.3149,-0.5,-19.8149,HOLDING
2018-11-09,10,ED,ES,60.3326,50.0354,-0.0162,1,-19.1578,-0.5,-19.6578,HOLDING
2018-11-12,10,ED,ES,60.6152,50.2966,-0.008,1,-19.3959,-0.5,-19.8959,HOLDING
2018-11-13,10,ED,ES,60.9658,50.5194,0.3247,1,-19.1309,-0.5,-19.6309,HOLDING
2018-11-14,10,ED,ES,61.2047,50.2582,1.7226,1,-16.6669,-0.5,-17.1669,HOLDING
2018-11-15,10,ED,ES,58.9852,50.8496,-3.5715,1,-29.4115,-0.5,-29.9115,HOLDING
2018-11-16,10,ED,ES,59.3397,51.4949,-2.9544,1,-31.4663,-0.5,-31.9663,HOLDING
2018-11-19,10,ED,ES,59.7251,51.756,-2.281,1,-31.2657,-0.5,-31.7657,HOLDING
2018-11-20,10,ED,ES,60.1951,51.9557,-1.7486,1,-30.3635,-0.5,-30.8635,HOLDING
2018-11-21,10,ED,ES,59.4245,51.0186,-1.2921,1,-28.471,-0.5,-28.971,HOLDING
2018-11-23,10,ED,ES,59.6018,51.3259,-1.3082,1,-29.4133,-0.5,-29.9133,HOLDING
2018-11-26,10,ED,ES,60.2337,51.3105,-0.6581,1,-26.6309,-0.5,-27.1309,HOLDING
2018-11-27,10,ED,ES,60.9195,51.8098,-0.5118,1,-26.4643,-0.5,-26.9643,HOLDING
2018-11-28,10,ED,ES,60.7577,51.7944,-0.579,1,-27.0701,-0.5,-27.5701,HOLDING
2018-11-29,10,ED,ES,61.066,51.5179,0.0015,1,-24.2251,-0.5,-24.7251,HOLDING
2018-11-30,10,ED,ES,61.9214,52.4934,-0.2173,1,-25.9682,-0.5,-26.4682,HOLDING
2018-12-03,10,ED,ES,62.5996,52.8007,0.0727,1,-24.7724,-0.5,-25.2724,HOLDING
2018-12-04,10,ED,ES,63.1853,52.962,0.4404,1,0.0,-24.2271,-24.2271,PERIOD_END_EXIT
2018-06-07,11,VTR,WELL,39.5547,44.6947,0.0,0,0.0,0.0,0.0,HOLD_CASH
2018-06-08,11,VTR,WELL,39.7577,45.0052,0.0,0,0.0,0.0,0.0,HOLD_CASH
2018-06-11,11,VTR,WELL,39.8085,45.2458,0.0,0,0.0,0.0,0.0,HOLD_CASH
2018-06-12,11,VTR,WELL,40.0042,45.2535,0.0,0,0.0,0.0,0.0,HOLD_CASH
2018-06-13,11,VTR,WELL,38.7427,44.1049,0.0,0,0.0,0.0,0.0,HOLD_CASH
2018-06-14,11,VTR,WELL,39.446,44.7335,0.0,0,0.0,0.0,0.0,HOLD_CASH
2018-06-15,11,VTR,WELL,39.3155,44.6249,0.0,0,0.0,0.0,0.0,HOLD_CASH
2018-06-18,11,VTR,WELL,38.9022,44.2369,0.0,0,0.0,0.0,0.0,HOLD_CASH
2018-06-19,11,VTR,WELL,38.9385,44.3998,0.0,0,0.0,0.0,0.0,HOLD_CASH
2018-06-20,11,VTR,WELL,39.6925,45.3078,0.0,0,0.0,0.0,0.0,HOLD_CASH
2018-06-21,11,VTR,WELL,39.9099,45.6338,0.0,0,0.0,0.0,0.0,HOLD_CASH
2018-06-22,11,VTR,WELL,40.3739,45.8278,0.0,0,0.0,0.0,0.0,HOLD_CASH
2018-06-25,11,VTR,WELL,40.6639,46.0218,0.0,0,0.0,0.0,0.0,HOLD_CASH
2018-06-26,11,VTR,WELL,40.4319,46.1305,0.0,0,0.0,0.0,0.0,HOLD_CASH
2018-06-27,11,VTR,WELL,40.6567,46.4953,0.0,0,0.0,0.0,0.0,HOLD_CASH
2018-06-28,11,VTR,WELL,41.6426,48.3967,0.0,0,0.0,0.0,0.0,HOLD_CASH
2018-06-29,11,VTR,WELL,41.8632,48.6528,0.0,0,0.0,0.0,0.0,HOLD_CASH
2018-07-02,11,VTR,WELL,41.8044,48.1794,0.0,0,0.0,0.0,0.0,HOLD_CASH
2018-07-03,11,VTR,WELL,42.6497,48.8158,0.0,0,0.0,0.0,0.0,HOLD_CASH
2018-07-05,11,VTR,WELL,43.2231,49.5375,-0.5635,0,0.0,0.0,0.0,HOLD_CASH
2018-07-06,11,VTR,WELL,43.4583,49.9799,-0.8993,0,0.0,0.0,0.0,HOLD_CASH
2018-07-09,11,VTR,WELL,42.9143,49.0641,-0.0961,0,0.0,0.0,0.0,HOLD_CASH
2018-07-10,11,VTR,WELL,43.1275,49.0874,0.5009,0,0.0,0.0,0.0,HOLD_CASH
2018-07-11,11,VTR,WELL,42.9217,48.9632,0.2732,0,0.0,0.0,0.0,HOLD_CASH
2018-07-12,11,VTR,WELL,42.929,49.0175,0.1661,0,0.0,0.0,0.0,HOLD_CASH
2018-07-13,11,VTR,WELL,42.7894,48.645,0.8036,0,0.0,0.0,0.0,HOLD_CASH
2018-07-16,11,VTR,WELL,42.8482,48.5752,1.18,0,0.0,0.0,0.0,HOLD_CASH
2018-07-17,11,VTR,WELL,42.5762,48.2259,1.2358,0,0.0,0.0,0.0,HOLD_CASH
2018-07-18,11,VTR,WELL,42.1425,47.9621,0.5734,0,0.0,0.0,0.0,HOLD_CASH
2018-07-19,11,VTR,WELL,42.6791,48.7149,0.1785,0,0.0,0.0,0.0,HOLD_CASH
2018-07-20,11,VTR,WELL,42.8188,49.2737,-0.8597,0,0.0,0.0,0.0,HOLD_CASH
2018-07-23,11,VTR,WELL,42.6203,49.4599,-1.7154,0,0.0,0.0,0.0,HOLD_CASH
2018-07-24,11,VTR,WELL,42.4145,49.0796,-1.2362,0,0.0,0.0,0.0,HOLD_CASH
2018-07-25,11,VTR,WELL,42.7673,49.6462,-1.4491,0,0.0,0.0,0.0,HOLD_CASH
2018-07-26,11,VTR,WELL,42.1352,49.91,-2.7725,1,0.0,-0.5,-0.5,ENTER_LONG_A
2018-07-27,11,VTR,WELL,40.5033,47.9698,-2.3135,1,0.0361,-0.5,-0.4639,HOLDING
2018-07-30,11,VTR,WELL,40.7385,47.8844,-1.585,1,1.8593,-0.5,1.3593,HOLDING
2018-07-31,11,VTR,WELL,41.4442,48.5829,-1.2628,1,2.5477,-0.5,2.0477,HOLDING
2018-08-01,11,VTR,WELL,41.7603,48.8623,-1.0267,1,3.0237,-0.5,2.5237,HOLDING
2018-08-02,11,VTR,WELL,41.525,49.0253,-1.4578,1,0.8116,-0.5,0.3116,HOLDING
2018-08-03,11,VTR,WELL,42.635,49.9178,-0.84,1,2.9269,-0.5,2.4269,HOLDING
2018-08-06,11,VTR,WELL,42.6424,49.8627,-0.6861,1,3.2463,-0.5,2.7463,HOLDING
2018-08-07,11,VTR,WELL,42.929,50.2168,-0.6349,1,3.1739,-0.5,2.6739,HOLDING
2018-08-08,11,VTR,WELL,42.5615,49.9493,-0.7644,1,2.3332,-0.5,1.8332,HOLDING
2018-08-09,11,VTR,WELL,42.488,49.9257,-0.7641,1,2.0152,-0.5,1.5152,HOLDING
2018-08-10,11,VTR,WELL,41.8705,49.6739,-1.2833,1,-0.3874,-0.5,-0.8874,HOLDING
2018-08-13,11,VTR,WELL,41.8852,49.8391,-1.3813,1,-1.1277,-0.5,-1.6277,HOLDING
2018-08-14,11,VTR,WELL,42.2454,50.3348,-1.4127,1,-1.4733,-0.5,-1.9733,HOLDING
2018-08-15,11,VTR,WELL,43.179,51.4047,-1.296,1,-1.2935,-0.5,-1.7935,HOLDING
2018-08-16,11,VTR,WELL,43.2966,51.6722,-1.4732,1,-1.9356,-0.5,-2.4356,HOLDING
2018-08-17,11,VTR,WELL,43.8626,52.4747,-1.6007,1,-2.5968,-0.5,-3.0968,HOLDING
2018-08-20,11,VTR,WELL,43.6715,52.4196,-1.7215,1,-3.4549,-0.5,-3.9549,HOLDING
2018-08-21,11,VTR,WELL,43.4877,52.2308,-1.6452,1,-3.5995,-0.5,-4.0995,HOLDING
2018-08-22,11,VTR,WELL,43.5171,52.1285,-1.2838,1,-2.9127,-0.5,-3.4127,HOLDING
2018-08-23,11,VTR,WELL,43.5245,51.8531,-0.6601,1,-1.4899,-0.5,-1.9899,HOLDING
2018-08-24,11,VTR,WELL,43.1643,51.8768,-1.4224,1,-3.7453,-0.5,-4.2453,HOLDING
2018-08-27,11,VTR,WELL,43.1349,51.8531,-1.2926,1,-3.8015,-0.5,-4.3015,HOLDING
2018-08-28,11,VTR,WELL,43.8773,52.5612,-0.8633,1,-2.943,-0.5,-3.443,HOLDING
2018-08-29,11,VTR,WELL,43.9729,52.4589,-0.3846,1,-1.8637,-0.5,-2.3637,HOLDING
2018-08-30,11,VTR,WELL,43.8038,52.3803,-0.5655,1,-2.4728,-0.5,-2.9728,HOLDING
2018-08-31,11,VTR,WELL,44.0096,52.4825,-0.1986,1,-1.7639,-0.5,-2.2639,HOLDING
2018-09-04,11,VTR,WELL,43.5539,52.1049,-0.4862,1,-2.5765,-0.5,-3.0765,HOLDING
2018-09-05,11,VTR,WELL,44.0611,52.9231,-0.9752,1,-3.6654,-0.5,-4.1654,HOLDING
2018-09-06,11,VTR,WELL,44.1934,53.0726,-0.9383,1,-3.629,-0.5,-4.129,HOLDING
2018-09-07,11,VTR,WELL,43.2598,52.2308,-2.0746,1,-4.9516,-0.5,-5.4516,HOLDING
2018-09-10,11,VTR,WELL,43.5759,52.6005,-1.8414,1,-4.9283,-0.5,-5.4283,HOLDING
2018-09-11,11,VTR,WELL,43.4436,52.5927,-2.1216,1,-5.6739,-0.5,-6.1739,HOLDING
2018-09-12,11,VTR,WELL,43.3039,52.4511,-1.9183,1,-5.7933,-0.5,-6.2933,HOLDING
2018-09-13,11,VTR,WELL,43.3774,52.8287,-2.4222,1,-7.2487,-0.5,-7.7487,HOLDING
2018-09-14,11,VTR,WELL,42.5321,52.2465,-2.8178,1,-9.3483,-0.5,-9.8483,HOLDING
2018-09-17,11,VTR,WELL,42.9143,52.5612,-2.0246,1,-8.6566,-0.5,-9.1566,HOLDING
2018-09-18,11,VTR,WELL,42.3336,52.2701,-2.3491,1,-10.6441,-0.5,-11.1441,HOLDING
2018-09-19,11,VTR,WELL,41.944,51.5227,-1.6077,1,-9.2119,-0.5,-9.7119,HOLDING
2018-09-20,11,VTR,WELL,41.8779,51.5857,-1.6259,1,-9.9198,-0.5,-10.4198,HOLDING
2018-09-21,11,VTR,WELL,41.3045,51.5306,-2.2382,1,-13.0458,-0.5,-13.5458,HOLDING
2018-09-24,11,VTR,WELL,40.1578,50.319,-2.1138,1,-13.781,-0.5,-14.281,HOLDING
2018-09-25,11,VTR,WELL,39.9299,50.7832,-2.4257,1,-17.4581,-0.5,-17.9581,HOLDING
2018-09-26,11,VTR,WELL,39.4447,49.5323,-1.5183,1,-14.071,-0.5,-14.571,HOLDING
2018-09-27,11,VTR,WELL,39.6653,49.6031,-1.1755,1,-13.1172,-0.5,-13.6172,HOLDING
2018-09-28,11,VTR,WELL,40.5679,50.6022,-0.9429,1,-12.7661,-0.5,-13.2661,HOLDING
2018-10-01,11,VTR,WELL,40.2695,49.7998,-0.4038,1,-10.517,-0.5,-11.017,HOLDING
2018-10-02,11,VTR,WELL,40.0159,49.5716,-0.4283,1,-10.8792,-0.5,-11.3792,HOLDING
2018-10-03,11,VTR,WELL,39.434,48.6984,-0.1626,1,-9.9575,-0.5,-10.4575,HOLDING
2018-10-04,11,VTR,WELL,39.4564,48.9422,-0.373,1,-11.0463,-0.5,-11.5463,HOLDING
2018-10-05,11,VTR,WELL,39.5384,48.9659,-0.184,1,-10.6777,-0.5,-11.1777,HOLDING
2018-10-08,11,VTR,WELL,40.2098,49.7211,0.0236,1,-10.4772,-0.5,-10.9772,HOLDING
2018-10-09,11,VTR,WELL,40.553,50.3348,-0.2019,1,-11.5148,-0.5,-12.0148,HOLDING
2018-10-10,11,VTR,WELL,40.9558,50.319,0.8715,1,-9.0458,-0.5,-9.5458,HOLDING
2018-10-11,11,VTR,WELL,39.807,48.5646,1.6118,1,-7.0744,-0.5,-7.5744,HOLDING
2018-10-12,11,VTR,WELL,39.7697,48.4623,1.6027,1,-6.7834,-0.5,-7.2834,HOLDING
2018-10-15,11,VTR,WELL,40.1949,48.6984,1.943,1,-5.4427,-0.5,-5.9427,HOLDING
2018-10-16,11,VTR,WELL,41.1498,49.6582,1.9522,1,-4.5848,-0.5,-5.0848,HOLDING
2018-10-17,11,VTR,WELL,41.2841,49.8706,1.6735,1,-4.8521,-0.5,-5.3521,HOLDING
2018-10-18,11,VTR,WELL,41.2841,49.9257,1.4371,1,-5.1279,-0.5,-5.6279,HOLDING
2018-10-19,11,VTR,WELL,41.7317,50.7203,0.9867,1,-6.4523,-0.5,-6.9523,HOLDING
2018-10-22,11,VTR,WELL,40.6425,49.8312,0.3234,1,-8.4615,-0.5,-8.9615,HOLDING
2018-10-23,11,VTR,WELL,41.3587,50.4921,0.5642,1,-7.5226,-0.5,-8.0226,HOLDING
2018-10-24,11,VTR,WELL,42.3583,51.7587,0.4132,1,-7.9359,-0.5,-8.4359,HOLDING
2018-10-25,11,VTR,WELL,42.4479,52.1442,-0.1601,1,-9.3357,-0.5,-9.8357,HOLDING
2018-10-26,11,VTR,WELL,42.3658,51.2552,1.2371,1,-5.3696,-0.5,-5.8696,HOLDING
2018-10-29,11,VTR,WELL,42.7164,51.9082,0.7065,1,-6.56,-0.5,-7.06,HOLDING
2018-10-30,11,VTR,WELL,43.9921,54.6696,-1.5624,1,-12.823,-0.5,-13.323,HOLDING
2018-10-31,11,VTR,WELL,43.2983,51.979,1.6871,1,-3.4622,-0.5,-3.9622,HOLDING
2018-11-01,11,VTR,WELL,43.3505,53.104,-0.3136,1,-8.7876,-0.5,-9.2876,HOLDING
2018-11-02,11,VTR,WELL,42.2166,51.8138,-0.5793,1,-9.0528,-0.5,-9.5528,HOLDING
2018-11-05,11,VTR,WELL,43.5967,53.3243,-0.2884,1,-8.4303,-0.5,-8.9303,HOLDING
2018-11-06,11,VTR,WELL,43.9697,54.3785,-1.603,1,-11.4978,-0.5,-11.9978,HOLDING
2018-11-07,11,VTR,WELL,44.4546,54.3628,-0.3301,1,-8.5419,-0.5,-9.0419,HOLDING
2018-11-08,11,VTR,WELL,44.3949,54.6417,-1.0103,1,-10.2928,-0.5,-10.7928,HOLDING
2018-11-09,11,VTR,WELL,44.8127,55.3587,-1.2896,1,-11.406,-0.5,-11.906,HOLDING
2018-11-12,11,VTR,WELL,44.9395,55.6695,-1.4145,1,-12.2099,-0.5,-12.7099,HOLDING
2018-11-13,11,VTR,WELL,45.2454,55.4384,-0.1949,1,-9.2378,-0.5,-9.7378,HOLDING
2018-11-14,11,VTR,WELL,45.1708,55.8527,-1.0942,1,-11.7557,-0.5,-12.2557,HOLDING
2018-11-15,11,VTR,WELL,45.0813,55.3667,-0.2586,1,-9.8523,-0.5,-10.3523,HOLDING
2018-11-16,11,VTR,WELL,45.7974,56.036,0.2349,1,-8.9557,-0.5,-9.4557,HOLDING
2018-11-19,11,VTR,WELL,46.1481,56.0201,1.1048,1,-6.7954,-0.5,-7.2954,HOLDING
2018-11-20,11,VTR,WELL,46.5136,56.0041,1.8104,1,-4.5467,-0.5,-5.0467,HOLDING
2018-11-21,11,VTR,WELL,45.7751,55.3827,1.1875,1,-5.8159,-0.5,-6.3159,HOLDING
2018-11-23,11,VTR,WELL,45.8273,55.6058,0.8136,1,-6.6234,-0.5,-7.1234,HOLDING
2018-11-26,11,VTR,WELL,45.8422,55.7093,0.6948,1,-7.0537,-0.5,-7.5537,HOLDING
2018-11-27,11,VTR,WELL,46.2525,56.3627,0.4263,1,-7.8919,-0.5,-8.3919,HOLDING
2018-11-28,11,VTR,WELL,46.2973,56.8487,-0.4723,1,-10.0606,-0.5,-10.5606,HOLDING
2018-11-29,11,VTR,WELL,46.5882,56.9124,0.2401,1,-8.6538,-0.5,-9.1538,HOLDING
2018-11-30,11,VTR,WELL,47.3641,57.6295,0.7056,1,-7.6423,-0.5,-8.1423,HOLDING
2018-12-03,11,VTR,WELL,47.4387,57.8845,0.3048,1,-8.4768,-0.5,-8.9768,HOLDING
2018-12-04,11,VTR,WELL,47.1179,57.4701,0.3369,1,0.0,-9.3722,-9.3722,PERIOD_END_EXIT
2018-06-07,12,CMS,ED,34.4999,55.0872,0.0,0,0.0,0.0,0.0,HOLD_CASH
2018-06-08,12,CMS,ED,34.4761,55.0569,0.0,0,0.0,0.0,0.0,HOLD_CASH
2018-06-11,12,CMS,ED,33.9035,54.0277,0.0,0,0.0,0.0,0.0,HOLD_CASH
2018-06-12,12,CMS,ED,34.4363,54.8526,0.0,0,0.0,0.0,0.0,HOLD_CASH
2018-06-13,12,CMS,ED,34.2693,54.8147,0.0,0,0.0,0.0,0.0,HOLD_CASH
2018-06-14,12,CMS,ED,34.6908,55.4353,0.0,0,0.0,0.0,0.0,HOLD_CASH
2018-06-15,12,CMS,ED,35.0567,55.7986,0.0,0,0.0,0.0,0.0,HOLD_CASH
2018-06-18,12,CMS,ED,35.3748,55.9272,0.0,0,0.0,0.0,0.0,HOLD_CASH
2018-06-19,12,CMS,ED,35.9553,56.6537,0.0,0,0.0,0.0,0.0,HOLD_CASH
2018-06-20,12,CMS,ED,35.8838,56.7824,0.0,0,0.0,0.0,0.0,HOLD_CASH
2018-06-21,12,CMS,ED,36.0508,57.1003,0.0,0,0.0,0.0,0.0,HOLD_CASH
2018-06-22,12,CMS,ED,36.1383,57.3349,0.0,0,0.0,0.0,0.0,HOLD_CASH
2018-06-25,12,CMS,ED,36.9892,58.5912,0.0,0,0.0,0.0,0.0,HOLD_CASH
2018-06-26,12,CMS,ED,36.9892,58.6366,0.0,0,0.0,0.0,0.0,HOLD_CASH
2018-06-27,12,CMS,ED,37.4744,58.9544,0.0,0,0.0,0.0,0.0,HOLD_CASH
2018-06-28,12,CMS,ED,37.4107,58.9847,0.0,0,0.0,0.0,0.0,HOLD_CASH
2018-06-29,12,CMS,ED,37.6016,59.015,0.0,0,0.0,0.0,0.0,HOLD_CASH
2018-07-02,12,CMS,ED,38.047,59.2874,0.0,0,0.0,0.0,0.0,HOLD_CASH
2018-07-03,12,CMS,ED,38.1424,59.3782,0.0,0,0.0,0.0,0.0,HOLD_CASH
2018-07-05,12,CMS,ED,38.3174,59.7793,1.6565,0,0.0,0.0,0.0,HOLD_CASH
2018-07-06,12,CMS,ED,38.6434,60.1653,1.6647,0,0.0,0.0,0.0,HOLD_CASH
2018-07-09,12,CMS,ED,37.204,58.1673,1.081,0,0.0,0.0,0.0,HOLD_CASH
2018-07-10,12,CMS,ED,37.5459,58.9241,0.5786,0,0.0,0.0,0.0,HOLD_CASH
2018-07-11,12,CMS,ED,38.0867,59.8096,0.4382,0,0.0,0.0,0.0,HOLD_CASH
2018-07-12,12,CMS,ED,38.1106,59.9534,0.1367,0,0.0,0.0,0.0,HOLD_CASH
2018-07-13,12,CMS,ED,38.0549,60.135,-0.5925,0,0.0,0.0,0.0,HOLD_CASH
2018-07-16,12,CMS,ED,37.9436,59.9382,-0.6411,0,0.0,0.0,0.0,HOLD_CASH
2018-07-17,12,CMS,ED,37.8561,59.7566,-0.5429,0,0.0,0.0,0.0,HOLD_CASH
2018-07-18,12,CMS,ED,37.6811,59.4388,-0.4208,0,0.0,0.0,0.0,HOLD_CASH
2018-07-19,12,CMS,ED,38.0629,59.6204,0.6261,0,0.0,0.0,0.0,HOLD_CASH
2018-07-20,12,CMS,ED,37.7129,59.0679,0.5645,0,0.0,0.0,0.0,HOLD_CASH
2018-07-23,12,CMS,ED,37.4505,58.6214,0.5898,0,0.0,0.0,0.0,HOLD_CASH
2018-07-24,12,CMS,ED,37.705,58.7349,1.3231,0,0.0,0.0,0.0,HOLD_CASH
2018-07-25,12,CMS,ED,38.0788,58.5685,2.794,-1,0.0,-0.5,-0.5,ENTER_SHORT_A
2018-07-26,12,CMS,ED,38.2856,59.2571,1.6122,-1,1.582,-0.5,1.082,HOLDING
2018-07-27,12,CMS,ED,38.2696,59.4463,0.9988,-1,2.4941,-0.5,1.9941,HOLDING
2018-07-30,12,CMS,ED,37.8879,59.1512,0.2505,-1,3.7406,-0.5,3.2406,HOLDING
2018-07-31,12,CMS,ED,38.4446,59.7339,0.8939,-1,2.5729,-0.5,2.0729,HOLDING
2018-08-01,12,CMS,ED,38.0629,58.8636,1.431,-1,1.3641,-0.5,0.8641,HOLDING
2018-08-02,12,CMS,ED,38.3257,59.1739,1.4814,-1,0.9632,-0.5,0.4632,HOLDING
2018-08-03,12,CMS,ED,38.7504,59.8701,1.2921,-1,1.1469,-0.5,0.6469,HOLDING
2018-08-06,12,CMS,ED,38.7263,59.7339,1.338,-1,0.7234,-0.5,0.2234,HOLDING
2018-08-07,12,CMS,ED,38.5901,59.4236,1.3613,-1,0.2932,-0.5,-0.2068,HOLDING
2018-08-08,12,CMS,ED,38.6302,59.416,1.328,-1,-0.0023,-0.5,-0.5023,HOLDING
2018-08-09,12,CMS,ED,38.8225,59.7491,1.1401,-1,0.1567,-0.5,-0.3433,HOLDING
2018-08-10,12,CMS,ED,38.7584,59.5371,1.2316,-1,-0.3271,-0.5,-0.8271,HOLDING
2018-08-13,12,CMS,ED,38.9908,59.8247,1.2619,-1,-0.6251,-0.5,-1.1251,HOLDING
2018-08-14,12,CMS,ED,39.103,59.966,1.2456,-1,-0.7586,-0.5,-1.2586,HOLDING
2018-08-15,12,CMS,ED,39.6238,60.9359,0.8551,-1,-0.038,-0.5,-0.538,HOLDING
2018-08-16,12,CMS,ED,39.9683,61.6385,0.3851,-1,0.6989,-0.5,0.1989,HOLDING
2018-08-17,12,CMS,ED,39.9764,61.9898,-0.5878,-1,2.1459,-0.5,1.6459,HOLDING
2018-08-20,12,CMS,ED,39.8802,61.3254,0.7857,-1,-0.0589,-0.5,-0.5589,HOLDING
2018-08-21,12,CMS,ED,39.6478,60.8061,1.2107,-1,-0.7499,-0.5,-1.2499,HOLDING
2018-08-22,12,CMS,ED,39.3514,60.2791,1.355,-1,-1.0528,-0.5,-1.5528,HOLDING
2018-08-23,12,CMS,ED,39.3353,60.3479,0.9525,-1,-0.6542,-0.5,-1.1542,HOLDING
2018-08-24,12,CMS,ED,39.5517,60.6762,0.8777,-1,-0.6729,-0.5,-1.1729,HOLDING
2018-08-27,12,CMS,ED,39.1991,60.2715,0.3416,-1,-0.0859,-0.5,-0.5859,HOLDING
2018-08-28,12,CMS,ED,39.119,59.9126,1.3345,-1,-1.0919,-0.5,-1.5919,HOLDING
2018-08-29,12,CMS,ED,39.4555,60.493,0.9312,-1,-0.824,-0.5,-1.324,HOLDING
2018-08-30,12,CMS,ED,39.6719,60.6304,1.686,-1,-1.6576,-0.5,-2.1576,HOLDING
2018-08-31,12,CMS,ED,39.4555,60.2791,1.608,-1,-1.7367,-0.5,-2.2367,HOLDING
2018-09-04,12,CMS,ED,39.6799,60.7603,0.8515,-1,-1.156,-0.5,-1.656,HOLDING
2018-09-05,12,CMS,ED,40.2087,61.6232,0.5287,-1,-0.9444,-0.5,-1.4444,HOLDING
2018-09-06,12,CMS,ED,40.5613,62.1273,0.6404,-1,-1.1076,-0.5,-1.6076,HOLDING
2018-09-07,12,CMS,ED,40.1366,61.1574,1.88,-1,-2.4595,-0.5,-2.9595,HOLDING
2018-09-10,12,CMS,ED,40.5132,61.5087,2.2916,-1,-3.4326,-0.5,-3.9326,HOLDING
2018-09-11,12,CMS,ED,40.4171,61.249,2.2053,-1,-3.9096,-0.5,-4.4096,HOLDING
2018-09-12,12,CMS,ED,40.3129,61.2109,1.5935,-1,-3.3887,-0.5,-3.8887,HOLDING
2018-09-13,12,CMS,ED,40.6174,61.6691,1.4243,-1,-3.4318,-0.5,-3.9318,HOLDING
2018-09-14,12,CMS,ED,40.369,61.3178,1.2258,-1,-3.3005,-0.5,-3.8005,HOLDING
2018-09-17,12,CMS,ED,40.3049,61.3636,0.7789,-1,-2.684,-0.5,-3.184,HOLDING
2018-09-18,12,CMS,ED,40.2728,61.1574,1.2093,-1,-3.3538,-0.5,-3.8538,HOLDING
2018-09-19,12,CMS,ED,39.2392,59.8133,0.3312,-1,-2.3048,-0.5,-2.8048,HOLDING
2018-09-20,12,CMS,ED,39.3514,59.9049,0.5596,-1,-2.6502,-0.5,-3.1502,HOLDING
2018-09-21,12,CMS,ED,39.5276,59.4849,2.4669,-1,-5.6005,-0.5,-6.1005,HOLDING
2018-09-24,12,CMS,ED,39.2071,58.5073,2.8931,-1,-7.6689,-0.5,-8.1689,HOLDING
2018-09-25,12,CMS,ED,38.7504,57.8124,2.3799,-1,-7.6367,-0.5,-8.1367,HOLDING
2018-09-26,12,CMS,ED,38.2616,56.8272,2.3514,-1,-8.6329,-0.5,-9.1329,HOLDING
2018-09-27,12,CMS,ED,38.7183,57.4305,2.0846,-1,-9.0562,-0.5,-9.5562,HOLDING
2018-09-28,12,CMS,ED,39.2632,58.1866,1.8544,-1,-9.4062,-0.5,-9.9062,HOLDING
2018-10-01,12,CMS,ED,39.143,57.8658,1.7858,-1,-9.9863,-0.5,-10.4863,HOLDING
2018-10-02,12,CMS,ED,39.5356,58.8663,1.081,-1,-8.2935,-0.5,-8.7935,HOLDING
2018-10-03,12,CMS,ED,39.0709,58.1255,1.047,-1,-8.4044,-0.5,-8.9044,HOLDING
2018-10-04,12,CMS,ED,39.1911,58.4997,0.6859,-1,-7.5962,-0.5,-8.0962,HOLDING
2018-10-05,12,CMS,ED,39.9764,59.3092,1.1088,-1,-9.2963,-0.5,-9.7963,HOLDING
2018-10-08,12,CMS,ED,40.2648,59.5842,1.202,-1,-10.0165,-0.5,-10.5165,HOLDING
2018-10-09,12,CMS,ED,40.5853,59.7445,1.4686,-1,-11.4364,-0.5,-11.9364,HOLDING
2018-10-10,12,CMS,ED,40.2889,59.3932,1.217,-1,-10.9893,-0.5,-11.4893,HOLDING
2018-10-11,12,CMS,ED,39.4315,58.0797,1.1671,-1,-10.9673,-0.5,-11.4673,HOLDING
2018-10-12,12,CMS,ED,39.143,57.4534,1.3236,-1,-11.7466,-0.5,-12.2466,HOLDING
2018-10-15,12,CMS,ED,39.2712,57.4916,1.4231,-1,-12.4252,-0.5,-12.9252,HOLDING
2018-10-16,12,CMS,ED,39.8161,58.1178,1.5403,-1,-13.3295,-0.5,-13.8295,HOLDING
2018-10-17,12,CMS,ED,39.9603,58.1255,1.7723,-1,-14.2439,-0.5,-14.7439,HOLDING
2018-10-18,12,CMS,ED,39.9042,58.3164,1.3471,-1,-13.0606,-0.5,-13.5606,HOLDING
2018-10-19,12,CMS,ED,40.6094,59.0954,1.7007,-1,-14.3651,-0.5,-14.8651,HOLDING
2018-10-22,12,CMS,ED,40.4491,58.6677,1.8209,-1,-15.1384,-0.5,-15.6384,HOLDING
2018-10-23,12,CMS,ED,40.2808,58.2629,1.8534,-1,-15.7614,-0.5,-16.2614,HOLDING
2018-10-24,12,CMS,ED,41.4267,59.7369,1.8641,-1,-16.9926,-0.5,-17.4926,HOLDING
2018-10-25,12,CMS,ED,40.6655,58.6601,1.6039,-1,-16.5914,-0.5,-17.0914,HOLDING
2018-10-26,12,CMS,ED,39.4635,58.2935,-0.6146,-1,-10.265,-0.5,-10.765,HOLDING
2018-10-29,12,CMS,ED,39.8962,59.0648,-0.8133,-1,-9.8134,-0.5,-10.3134,HOLDING
2018-10-30,12,CMS,ED,39.9443,58.9808,-0.6332,-1,-10.4875,-0.5,-10.9875,HOLDING
2018-10-31,12,CMS,ED,39.6799,58.0415,0.2096,-1,-12.7612,-0.5,-13.2612,HOLDING
2018-11-01,12,CMS,ED,39.2343,57.7589,-0.5711,-1,-11.0422,-0.5,-11.5422,HOLDING
2018-11-02,12,CMS,ED,38.855,56.9265,-0.106,-1,-12.105,-0.5,-12.605,HOLDING
2018-11-05,12,CMS,ED,39.307,58.072,-1.1334,-1,-10.1827,-0.5,-10.6827,HOLDING
2018-11-06,12,CMS,ED,39.6298,58.9808,-1.7999,-1,-8.4229,-0.5,-8.9229,HOLDING
2018-11-07,12,CMS,ED,40.0576,59.7674,-1.842,-1,-7.8738,-0.5,-8.3738,HOLDING
2018-11-08,12,CMS,ED,39.9527,59.6987,-1.7601,-1,-7.4782,-0.5,-7.9782,HOLDING
2018-11-09,12,CMS,ED,40.4692,60.3326,-1.3921,-1,-8.164,-0.5,-8.664,HOLDING
2018-11-12,12,CMS,ED,40.9212,60.6152,-0.759,-1,-9.9254,-0.5,-10.4254,HOLDING
2018-11-13,12,CMS,ED,40.9212,60.9658,-1.1386,-1,-8.4286,-0.5,-8.9286,HOLDING
2018-11-14,12,CMS,ED,40.784,61.2047,-1.5451,-1,-6.508,-0.5,-7.008,HOLDING
2018-11-15,12,CMS,ED,40.8809,58.9852,1.4888,-1,-16.6177,-0.5,-17.1177,HOLDING
2018-11-16,12,CMS,ED,41.1795,59.3397,1.4814,-1,-17.0652,-0.5,-17.5652,HOLDING
2018-11-19,12,CMS,ED,41.6961,59.7251,1.7556,-1,-18.8118,-0.5,-19.3118,HOLDING
2018-11-20,12,CMS,ED,41.7607,60.1951,1.2944,-1,-17.2292,-0.5,-17.7292,HOLDING
2018-11-21,12,CMS,ED,40.9939,59.4245,0.9514,-1,-15.4846,-0.5,-15.9846,HOLDING
2018-11-23,12,CMS,ED,40.9051,59.6018,0.6552,-1,-14.145,-0.5,-14.645,HOLDING
2018-11-26,12,CMS,ED,41.1311,60.2337,0.2653,-1,-12.9314,-0.5,-13.4314,HOLDING
2018-11-27,12,CMS,ED,41.3167,60.9195,-0.2375,-1,-11.2226,-0.5,-11.7226,HOLDING
2018-11-28,12,CMS,ED,41.349,60.7577,-0.0079,-1,-12.1252,-0.5,-12.6252,HOLDING
2018-11-29,12,CMS,ED,41.4136,61.066,-0.2315,-1,-11.2333,-0.5,-11.7333,HOLDING
2018-11-30,12,CMS,ED,42.0431,61.9214,-0.145,-1,-11.7153,-0.5,-12.2153,HOLDING
2018-12-03,12,CMS,ED,42.253,62.5996,-0.5279,-1,-10.1982,-0.5,-10.6982,HOLDING
2018-12-04,12,CMS,ED,42.4306,63.1853,-0.8514,-1,0.0,-9.9124,-9.9124,PERIOD_END_EXIT
2018-06-07,13,ED,XEL,55.0872,33.7387,0.0,0,0.0,0.0,0.0,HOLD_CASH
2018-06-08,13,ED,XEL,55.0569,33.7387,0.0,0,0.0,0.0,0.0,HOLD_CASH
2018-06-11,13,ED,XEL,54.0277,33.2727,0.0,0,0.0,0.0,0.0,HOLD_CASH
2018-06-12,13,ED,XEL,54.8526,33.6281,0.0,0,0.0,0.0,0.0,HOLD_CASH
2018-06-13,13,ED,XEL,54.8147,33.565,0.0,0,0.0,0.0,0.0,HOLD_CASH
2018-06-14,13,ED,XEL,55.4353,34.1626,0.0,0,0.0,0.0,0.0,HOLD_CASH
2018-06-15,13,ED,XEL,55.7986,34.5292,0.0,0,0.0,0.0,0.0,HOLD_CASH
2018-06-18,13,ED,XEL,55.9272,34.7444,0.0,0,0.0,0.0,0.0,HOLD_CASH
2018-06-19,13,ED,XEL,56.6537,35.2145,0.0,0,0.0,0.0,0.0,HOLD_CASH
2018-06-20,13,ED,XEL,56.7824,34.9675,0.0,0,0.0,0.0,0.0,HOLD_CASH
2018-06-21,13,ED,XEL,57.1003,34.9436,0.0,0,0.0,0.0,0.0,HOLD_CASH
2018-06-22,13,ED,XEL,57.3349,34.9436,0.0,0,0.0,0.0,0.0,HOLD_CASH
2018-06-25,13,ED,XEL,58.5912,35.9795,0.0,0,0.0,0.0,0.0,HOLD_CASH
2018-06-26,13,ED,XEL,58.6366,36.123,0.0,0,0.0,0.0,0.0,HOLD_CASH
2018-06-27,13,ED,XEL,58.9544,36.4098,0.0,0,0.0,0.0,0.0,HOLD_CASH
2018-06-28,13,ED,XEL,58.9847,36.3859,0.0,0,0.0,0.0,0.0,HOLD_CASH
2018-06-29,13,ED,XEL,59.015,36.4019,0.0,0,0.0,0.0,0.0,HOLD_CASH
2018-07-02,13,ED,XEL,59.2874,36.8402,0.0,0,0.0,0.0,0.0,HOLD_CASH
2018-07-03,13,ED,XEL,59.3782,36.8561,0.0,0,0.0,0.0,0.0,HOLD_CASH
2018-07-05,13,ED,XEL,59.7793,37.1271,-1.3017,0,0.0,0.0,0.0,HOLD_CASH
2018-07-06,13,ED,XEL,60.1653,37.4219,-1.3863,0,0.0,0.0,0.0,HOLD_CASH
2018-07-09,13,ED,XEL,58.1673,35.9875,-0.4434,0,0.0,0.0,0.0,HOLD_CASH
2018-07-10,13,ED,XEL,58.9241,36.4098,-0.2023,0,0.0,0.0,0.0,HOLD_CASH
2018-07-11,13,ED,XEL,59.8096,36.9677,-0.1888,0,0.0,0.0,0.0,HOLD_CASH
2018-07-12,13,ED,XEL,59.9534,36.9278,0.5021,0,0.0,0.0,0.0,HOLD_CASH
2018-07-13,13,ED,XEL,60.135,36.872,1.2474,0,0.0,0.0,0.0,HOLD_CASH
2018-07-16,13,ED,XEL,59.9382,36.7127,1.2865,0,0.0,0.0,0.0,HOLD_CASH
2018-07-17,13,ED,XEL,59.7566,36.5453,1.3874,0,0.0,0.0,0.0,HOLD_CASH
2018-07-18,13,ED,XEL,59.4388,36.3541,1.2461,0,0.0,0.0,0.0,HOLD_CASH
2018-07-19,13,ED,XEL,59.6204,36.5852,0.6538,0,0.0,0.0,0.0,HOLD_CASH
2018-07-20,13,ED,XEL,59.0679,36.362,0.1766,0,0.0,0.0,0.0,HOLD_CASH
2018-07-23,13,ED,XEL,58.6214,36.0831,0.314,0,0.0,0.0,0.0,HOLD_CASH
2018-07-24,13,ED,XEL,58.7349,36.2903,-0.3618,0,0.0,0.0,0.0,HOLD_CASH
2018-07-25,13,ED,XEL,58.5685,36.4098,-1.3898,0,0.0,0.0,0.0,HOLD_CASH
2018-07-26,13,ED,XEL,59.2571,37.3581,-2.8291,1,0.0,-0.5,-0.5,ENTER_LONG_A
2018-07-27,13,ED,XEL,59.4463,37.1271,-1.3722,1,2.3447,-0.5,1.8447,HOLDING
2018-07-30,13,ED,XEL,59.1512,36.888,-1.073,1,2.6994,-0.5,2.1994,HOLDING
2018-07-31,13,ED,XEL,59.7339,37.3422,-1.2931,1,2.1182,-0.5,1.6182,HOLDING
2018-08-01,13,ED,XEL,58.8636,36.9677,-1.6502,1,0.9527,-0.5,0.4527,HOLDING
2018-08-02,13,ED,XEL,59.1739,37.135,-1.4265,1,1.142,-0.5,0.642,HOLDING
2018-08-03,13,ED,XEL,59.8701,37.5972,-1.3775,1,0.9864,-0.5,0.4864,HOLDING
2018-08-06,13,ED,XEL,59.7339,37.6769,-1.5999,1,-0.1215,-0.5,-0.6215,HOLDING
2018-08-07,13,ED,XEL,59.4236,37.6132,-1.6756,1,-1.0041,-0.5,-1.5041,HOLDING
2018-08-08,13,ED,XEL,59.416,37.7088,-1.6573,1,-1.6759,-0.5,-2.1759,HOLDING
2018-08-09,13,ED,XEL,59.7491,37.9638,-1.5385,1,-1.9775,-0.5,-2.4775,HOLDING
2018-08-10,13,ED,XEL,59.5371,37.8761,-1.4584,1,-2.2849,-0.5,-2.7849,HOLDING
2018-08-13,13,ED,XEL,59.8247,37.8761,-1.0025,1,-1.0717,-0.5,-1.5717,HOLDING
2018-08-14,13,ED,XEL,59.966,37.8203,-0.6356,1,-0.1024,-0.5,-0.6024,HOLDING
2018-08-15,13,ED,XEL,60.9359,38.171,0.0204,1,1.6432,-0.5,1.1432,HOLDING
2018-08-16,13,ED,XEL,61.6385,38.3861,0.6821,1,3.1676,-0.5,2.6676,HOLDING
2018-08-17,13,ED,XEL,61.9898,38.4818,1.1181,1,4.0097,-0.5,3.5097,HOLDING
2018-08-20,13,ED,XEL,61.3254,38.434,0.218,1,1.5265,-0.5,1.0265,HOLDING
2018-08-21,13,ED,XEL,60.8061,38.1869,0.075,1,0.9889,-0.5,0.4889,HOLDING
2018-08-22,13,ED,XEL,60.2791,37.7964,0.3718,1,1.3787,-0.5,0.8787,HOLDING
2018-08-23,13,ED,XEL,60.3479,38.0036,-0.268,1,0.2823,-0.5,-0.2177,HOLDING
2018-08-24,13,ED,XEL,60.6762,38.2108,-0.2141,1,0.281,-0.5,-0.219,HOLDING
2018-08-27,13,ED,XEL,60.2715,37.8602,0.2285,1,0.92,-0.5,0.42,HOLDING
2018-08-28,13,ED,XEL,59.9126,37.908,-0.8168,1,-0.9145,-0.5,-1.4145,HOLDING
2018-08-29,13,ED,XEL,60.493,38.2826,-0.7762,1,-0.9723,-0.5,-1.4723,HOLDING
2018-08-30,13,ED,XEL,60.6304,38.5216,-1.2487,1,-1.9921,-0.5,-2.4921,HOLDING
2018-08-31,13,ED,XEL,60.2791,38.2905,-1.1007,1,-1.9275,-0.5,-2.4275,HOLDING
2018-09-04,13,ED,XEL,60.7603,38.6491,-1.19,1,-2.2975,-0.5,-2.7975,HOLDING
2018-09-05,13,ED,XEL,61.6232,39.2707,-1.3397,1,-2.8161,-0.5,-3.3161,HOLDING
2018-09-06,13,ED,XEL,62.1273,39.2787,-0.306,1,-0.743,-0.5,-1.243,HOLDING
2018-09-07,13,ED,XEL,61.1574,38.7846,-0.746,1,-1.5286,-0.5,-2.0286,HOLDING
2018-09-10,13,ED,XEL,61.5087,39.0555,-0.9429,1,-1.8597,-0.5,-2.3597,HOLDING
2018-09-11,13,ED,XEL,61.249,38.8244,-0.6927,1,-1.4087,-0.5,-1.9087,HOLDING
2018-09-12,13,ED,XEL,61.2109,38.7208,-0.3859,1,-0.8765,-0.5,-1.3765,HOLDING
2018-09-13,13,ED,XEL,61.6691,38.9136,0.0096,1,-0.2332,-0.5,-0.7332,HOLDING
2018-09-14,13,ED,XEL,61.3178,38.8734,-0.5838,1,-1.4467,-0.5,-1.9467,HOLDING
2018-09-17,13,ED,XEL,61.3636,38.8654,-0.3584,1,-1.1995,-0.5,-1.6995,HOLDING
2018-09-18,13,ED,XEL,61.1574,38.6485,0.1969,1,-0.6183,-0.5,-1.1183,HOLDING
2018-09-19,13,ED,XEL,59.8133,37.9016,-0.3316,1,-1.2904,-0.5,-1.7904,HOLDING
2018-09-20,13,ED,XEL,59.9049,38.0301,-0.7243,1,-1.7637,-0.5,-2.2637,HOLDING
2018-09-21,13,ED,XEL,59.4849,38.1426,-2.6874,1,-4.2884,-0.5,-4.7884,HOLDING
2018-09-24,13,ED,XEL,58.5073,37.7811,-3.0145,1,-5.9938,-0.5,-6.4938,HOLDING
2018-09-25,13,ED,XEL,57.8124,37.4358,-2.7204,1,-6.6146,-0.5,-7.1146,HOLDING
2018-09-26,13,ED,XEL,56.8272,37.002,-2.6325,1,-7.8686,-0.5,-8.3686,HOLDING
2018-09-27,13,ED,XEL,57.4305,37.4117,-2.1848,1,-8.0644,-0.5,-8.5644,HOLDING
2018-09-28,13,ED,XEL,58.1866,37.9177,-1.8821,1,-8.2607,-0.5,-8.7607,HOLDING
2018-10-01,13,ED,XEL,57.8658,37.8454,-1.8728,1,-9.1303,-0.5,-9.6303,HOLDING
2018-10-02,13,ED,XEL,58.8663,38.3514,-1.3881,1,-8.2956,-0.5,-8.7956,HOLDING
2018-10-03,13,ED,XEL,58.1255,37.8614,-1.2365,1,-8.1424,-0.5,-8.6424,HOLDING
2018-10-04,13,ED,XEL,58.4997,38.1104,-1.1249,1,-8.2298,-0.5,-8.7298,HOLDING
2018-10-05,13,ED,XEL,59.3092,38.8493,-1.3589,1,-9.7593,-0.5,-10.2593,HOLDING
2018-10-08,13,ED,XEL,59.5842,39.1786,-1.444,1,-10.803,-0.5,-11.303,HOLDING
2018-10-09,13,ED,XEL,59.7445,39.3634,-1.4104,1,-11.3626,-0.5,-11.8626,HOLDING
2018-10-10,13,ED,XEL,59.3932,39.2268,-1.4118,1,-11.9309,-0.5,-12.4309,HOLDING
2018-10-11,13,ED,XEL,58.0797,38.247,-1.1217,1,-10.9155,-0.5,-11.4155,HOLDING
2018-10-12,13,ED,XEL,57.4534,38.271,-1.6891,1,-13.7187,-0.5,-14.2187,HOLDING
2018-10-15,13,ED,XEL,57.4916,38.263,-1.4901,1,-13.5039,-0.5,-14.0039,HOLDING
2018-10-16,13,ED,XEL,58.1178,38.769,-1.5416,1,-14.248,-0.5,-14.748,HOLDING
2018-10-17,13,ED,XEL,58.1255,38.7449,-1.4175,1,-14.0546,-0.5,-14.5546,HOLDING
2018-10-18,13,ED,XEL,58.3164,38.8252,-1.2975,1,-13.7865,-0.5,-14.2865,HOLDING
2018-10-19,13,ED,XEL,59.0954,39.4597,-1.4582,1,-14.7462,-0.5,-15.2462,HOLDING
2018-10-22,13,ED,XEL,58.6677,39.2509,-1.4937,1,-15.1531,-0.5,-15.6531,HOLDING
2018-10-23,13,ED,XEL,58.2629,39.267,-1.9084,1,-16.9682,-0.5,-17.4682,HOLDING
2018-10-24,13,ED,XEL,59.7369,40.3673,-1.8526,1,-18.1132,-0.5,-18.6132,HOLDING
2018-10-25,13,ED,XEL,58.6601,39.7007,-1.7346,1,-18.1952,-0.5,-18.6952,HOLDING
2018-10-26,13,ED,XEL,58.2935,38.9618,-0.6611,1,-14.797,-0.5,-15.297,HOLDING
2018-10-29,13,ED,XEL,59.0648,39.6846,-0.9899,1,-16.38,-0.5,-16.88,HOLDING
2018-10-30,13,ED,XEL,58.9808,39.9095,-1.4379,1,-18.2393,-0.5,-18.7393,HOLDING
2018-10-31,13,ED,XEL,58.0415,39.3634,-1.5009,1,-18.5476,-0.5,-19.0476,HOLDING
2018-11-01,13,ED,XEL,57.7589,38.9297,-0.9027,1,-16.8373,-0.5,-17.3373,HOLDING
2018-11-02,13,ED,XEL,56.9265,38.3273,-0.7294,1,-16.3182,-0.5,-16.8182,HOLDING
2018-11-05,13,ED,XEL,58.072,38.8734,-0.0385,1,-15.1402,-0.5,-15.6402,HOLDING
2018-11-06,13,ED,XEL,58.9808,39.4678,0.0996,1,-15.2832,-0.5,-15.7832,HOLDING
2018-11-07,13,ED,XEL,59.7674,39.7569,0.9515,1,-13.8996,-0.5,-14.3996,HOLDING
2018-11-08,13,ED,XEL,59.6987,39.6204,1.4638,1,-13.2757,-0.5,-13.7757,HOLDING
2018-11-09,13,ED,XEL,60.3326,40.4316,0.0573,1,-16.0302,-0.5,-16.5302,HOLDING
2018-11-12,13,ED,XEL,60.6152,41.05,-1.3901,1,-18.9766,-0.5,-19.4766,HOLDING
2018-11-13,13,ED,XEL,60.9658,41.2669,-1.1833,1,-18.9484,-0.5,-19.4484,HOLDING
2018-11-14,13,ED,XEL,61.2047,41.0902,0.08,1,-16.758,-0.5,-17.258,HOLDING
2018-11-15,13,ED,XEL,58.9852,41.2588,-3.4879,1,-27.2505,-0.5,-27.7505,HOLDING
2018-11-16,13,ED,XEL,59.3397,41.0099,-1.9975,1,-24.0887,-0.5,-24.5887,HOLDING
2018-11-19,13,ED,XEL,59.7251,41.4596,-1.9808,1,-25.4729,-0.5,-25.9729,HOLDING
2018-11-20,13,ED,XEL,60.1951,41.6122,-1.4823,1,-24.5108,-0.5,-25.0108,HOLDING
2018-11-21,13,ED,XEL,59.4245,40.7609,-0.8732,1,-22.0649,-0.5,-22.5649,HOLDING
2018-11-23,13,ED,XEL,59.6018,40.8492,-0.7629,1,-21.9081,-0.5,-22.4081,HOLDING
2018-11-26,13,ED,XEL,60.2337,41.042,-0.3162,1,-20.5321,-0.5,-21.0321,HOLDING
2018-11-27,13,ED,XEL,60.9195,41.556,-0.3439,1,-21.0785,-0.5,-21.5785,HOLDING
2018-11-28,13,ED,XEL,60.7577,41.4114,-0.2623,1,-20.7937,-0.5,-21.2937,HOLDING
2018-11-29,13,ED,XEL,61.066,41.3873,0.1221,1,-19.3318,-0.5,-19.8318,HOLDING
2018-11-30,13,ED,XEL,61.9214,42.1263,-0.106,1,-20.6678,-0.5,-21.1678,HOLDING
2018-12-03,13,ED,XEL,62.5996,42.5198,0.0347,1,-20.4403,-0.5,-20.9403,HOLDING
2018-12-04,13,ED,XEL,63.1853,42.4315,0.8491,1,0.0,-18.4287,-18.4287,PERIOD_END_EXIT
2018-06-07,14,DUK,ED,53.7846,55.0872,0.0,0,0.0,0.0,0.0,HOLD_CASH
2018-06-08,14,DUK,ED,53.5211,55.0569,0.0,0,0.0,0.0,0.0,HOLD_CASH
2018-06-11,14,DUK,ED,52.7892,54.0277,0.0,0,0.0,0.0,0.0,HOLD_CASH
2018-06-12,14,DUK,ED,53.0527,54.8526,0.0,0,0.0,0.0,0.0,HOLD_CASH
2018-06-13,14,DUK,ED,52.8843,54.8147,0.0,0,0.0,0.0,0.0,HOLD_CASH
2018-06-14,14,DUK,ED,53.77,55.4353,0.0,0,0.0,0.0,0.0,HOLD_CASH
2018-06-15,14,DUK,ED,54.3848,55.7986,0.0,0,0.0,0.0,0.0,HOLD_CASH
2018-06-18,14,DUK,ED,54.4654,55.9272,0.0,0,0.0,0.0,0.0,HOLD_CASH
2018-06-19,14,DUK,ED,55.3876,56.6537,0.0,0,0.0,0.0,0.0,HOLD_CASH
2018-06-20,14,DUK,ED,55.7683,56.7824,0.0,0,0.0,0.0,0.0,HOLD_CASH
2018-06-21,14,DUK,ED,56.2953,57.1003,0.0,0,0.0,0.0,0.0,HOLD_CASH
2018-06-22,14,DUK,ED,56.6759,57.3349,0.0,0,0.0,0.0,0.0,HOLD_CASH
2018-06-25,14,DUK,ED,57.8836,58.5912,0.0,0,0.0,0.0,0.0,HOLD_CASH
2018-06-26,14,DUK,ED,57.6713,58.6366,0.0,0,0.0,0.0,0.0,HOLD_CASH
2018-06-27,14,DUK,ED,58.2057,58.9544,0.0,0,0.0,0.0,0.0,HOLD_CASH
2018-06-28,14,DUK,ED,57.9934,58.9847,0.0,0,0.0,0.0,0.0,HOLD_CASH
2018-06-29,14,DUK,ED,57.8836,59.015,0.0,0,0.0,0.0,0.0,HOLD_CASH
2018-07-02,14,DUK,ED,58.3814,59.2874,0.0,0,0.0,0.0,0.0,HOLD_CASH
2018-07-03,14,DUK,ED,58.418,59.3782,0.0,0,0.0,0.0,0.0,HOLD_CASH
2018-07-05,14,DUK,ED,59.0035,59.7793,1.0531,0,0.0,0.0,0.0,HOLD_CASH
2018-07-06,14,DUK,ED,59.7428,60.1653,1.6297,0,0.0,0.0,0.0,HOLD_CASH
2018-07-09,14,DUK,ED,57.5616,58.1673,1.0834,0,0.0,0.0,0.0,HOLD_CASH
2018-07-10,14,DUK,ED,58.2057,58.9241,0.7807,0,0.0,0.0,0.0,HOLD_CASH
2018-07-11,14,DUK,ED,58.8352,59.8096,0.1741,0,0.0,0.0,0.0,HOLD_CASH
2018-07-12,14,DUK,ED,58.923,59.9534,-0.0989,0,0.0,0.0,0.0,HOLD_CASH
2018-07-13,14,DUK,ED,59.0109,60.135,-0.5504,0,0.0,0.0,0.0,HOLD_CASH
2018-07-16,14,DUK,ED,59.128,59.9382,0.4485,0,0.0,0.0,0.0,HOLD_CASH
2018-07-17,14,DUK,ED,59.0328,59.7566,0.7422,0,0.0,0.0,0.0,HOLD_CASH
2018-07-18,14,DUK,ED,58.8791,59.4388,1.4363,0,0.0,0.0,0.0,HOLD_CASH
2018-07-19,14,DUK,ED,59.4354,59.6204,2.585,-1,0.0,-0.5,-0.5,ENTER_SHORT_A
2018-07-20,14,DUK,ED,59.0328,59.0679,2.4754,-1,-0.6233,-0.5,-1.1233,HOLDING
2018-07-23,14,DUK,ED,58.5351,58.6214,1.9522,-1,-0.4019,-0.5,-0.9019,HOLDING
2018-07-24,14,DUK,ED,58.4765,58.7349,1.288,-1,0.3203,-0.5,-0.1797,HOLDING
2018-07-25,14,DUK,ED,58.6888,58.5685,2.0108,-1,-1.2706,-0.5,-1.7706,HOLDING
2018-07-26,14,DUK,ED,59.3915,59.2571,1.7583,-1,-1.3385,-0.5,-1.8385,HOLDING
2018-07-27,14,DUK,ED,59.3549,59.4463,1.1029,-1,-0.3912,-0.5,-0.8912,HOLDING
2018-07-30,14,DUK,ED,59.1207,59.1512,1.136,-1,-0.6436,-0.5,-1.1436,HOLDING
2018-07-31,14,DUK,ED,59.7428,59.7339,1.1113,-1,-0.8171,-0.5,-1.3171,HOLDING
2018-08-01,14,DUK,ED,59.3256,58.8636,1.8922,-1,-2.7116,-0.5,-3.2116,HOLDING
2018-08-02,14,DUK,ED,58.8864,59.1739,0.1652,-1,0.4368,-0.5,-0.0632,HOLDING
2018-08-03,14,DUK,ED,59.6916,59.8701,0.3903,-1,-0.0304,-0.5,-0.5304,HOLDING
2018-08-06,14,DUK,ED,59.3768,59.7339,-0.0445,-1,0.7223,-0.5,0.2223,HOLDING
2018-08-07,14,DUK,ED,59.2012,59.4236,0.207,-1,0.1601,-0.5,-0.3399,HOLDING
2018-08-08,14,DUK,ED,58.8718,59.416,-0.6366,-1,1.5139,-0.5,1.0139,HOLDING
2018-08-09,14,DUK,ED,59.1499,59.7491,-0.8881,-1,1.7403,-0.5,1.2403,HOLDING
2018-08-10,14,DUK,ED,59.2085,59.5371,-0.3186,-1,0.6054,-0.5,0.1054,HOLDING
2018-08-13,14,DUK,ED,59.2451,59.8247,-1.2228,-1,1.6573,-0.5,1.1573,HOLDING
2018-08-14,14,DUK,ED,59.45,59.966,-1.0964,-1,1.3876,-0.5,0.8876,HOLDING
2018-08-15,14,DUK,ED,59.9185,60.9359,-2.3905,-1,3.4843,-0.5,2.9843,HOLDING
2018-08-16,14,DUK,ED,60.5537,61.6385,-2.1067,-1,3.7584,-0.5,3.2584,HOLDING
2018-08-17,14,DUK,ED,60.9165,61.9898,-1.7704,-1,3.7057,-0.5,3.2057,HOLDING
2018-08-20,14,DUK,ED,60.5685,61.3254,-0.9334,-1,2.3832,-0.5,1.8832,HOLDING
2018-08-21,14,DUK,ED,60.1761,60.8061,-0.5946,-1,1.8561,-0.5,1.3561,HOLDING
2018-08-22,14,DUK,ED,59.843,60.2791,-0.0783,-1,1.0479,-0.5,0.5479,HOLDING
2018-08-23,14,DUK,ED,59.88,60.3479,-0.0855,-1,1.1804,-0.5,0.6804,HOLDING
2018-08-24,14,DUK,ED,60.2724,60.6762,0.1322,-1,0.9068,-0.5,0.4068,HOLDING
2018-08-27,14,DUK,ED,59.6653,60.2715,-0.3553,-1,1.7633,-0.5,1.2633,HOLDING
2018-08-28,14,DUK,ED,59.4876,59.9126,0.2148,-1,1.0056,-0.5,0.5056,HOLDING
2018-08-29,14,DUK,ED,59.769,60.493,-0.6316,-1,2.2558,-0.5,1.7558,HOLDING
2018-08-30,14,DUK,ED,60.2057,60.6304,0.5755,-1,0.9951,-0.5,0.4951,HOLDING
2018-08-31,14,DUK,ED,60.1465,60.2791,1.6905,-1,-0.2289,-0.5,-0.7289,HOLDING
2018-09-04,14,DUK,ED,60.2798,60.7603,0.3717,-1,1.228,-0.5,0.728,HOLDING
2018-09-05,14,DUK,ED,61.5902,61.6232,1.9638,-1,-0.6653,-0.5,-1.1653,HOLDING
2018-09-06,14,DUK,ED,61.7975,62.1273,0.8362,-1,0.5763,-0.5,0.0763,HOLDING
2018-09-07,14,DUK,ED,61.0572,61.1574,1.457,-1,-0.3766,-0.5,-0.8766,HOLDING
2018-09-10,14,DUK,ED,60.9387,61.5087,-0.0829,-1,1.5948,-0.5,1.0948,HOLDING
2018-09-11,14,DUK,ED,60.2502,61.249,-1.4135,-1,3.4021,-0.5,2.9021,HOLDING
2018-09-12,14,DUK,ED,59.8874,61.2109,-2.0554,-1,4.7679,-0.5,4.2679,HOLDING
2018-09-13,14,DUK,ED,60.8203,61.6691,-0.724,-1,2.7655,-0.5,2.2655,HOLDING
2018-09-14,14,DUK,ED,60.4871,61.3178,-0.7529,-1,2.6937,-0.5,2.1937,HOLDING
2018-09-17,14,DUK,ED,60.7684,61.3636,-0.1135,-1,1.7026,-0.5,1.2026,HOLDING
2018-09-18,14,DUK,ED,60.65,61.1574,0.1252,-1,1.3362,-0.5,0.8362,HOLDING
2018-09-19,14,DUK,ED,59.2951,59.8133,0.0351,-1,1.3989,-0.5,0.8989,HOLDING
2018-09-20,14,DUK,ED,59.6875,59.9049,0.9812,-1,0.1326,-0.5,-0.3674,HOLDING
2018-09-21,14,DUK,ED,59.0952,59.4849,0.3987,-1,0.8627,-0.5,0.3627,HOLDING
2018-09-24,14,DUK,ED,58.9398,58.5073,2.4327,-1,-2.5825,-0.5,-3.0825,HOLDING
2018-09-25,14,DUK,ED,58.3475,57.8124,2.2063,-1,-3.0052,-0.5,-3.5052,HOLDING
2018-09-26,14,DUK,ED,57.8144,56.8272,2.5213,-1,-4.8941,-0.5,-5.3941,HOLDING
2018-09-27,14,DUK,ED,58.4437,57.4305,2.1031,-1,-5.0113,-0.5,-5.5113,HOLDING
2018-09-28,14,DUK,ED,59.2433,58.1866,1.8357,-1,-5.2042,-0.5,-5.7042,HOLDING
2018-10-01,14,DUK,ED,58.8953,57.8658,1.5924,-1,-5.0855,-0.5,-5.5855,HOLDING
2018-10-02,14,DUK,ED,59.5394,58.8663,0.9858,-1,-3.5998,-0.5,-4.0998,HOLDING
2018-10-03,14,DUK,ED,58.6288,58.1255,0.721,-1,-2.8757,-0.5,-3.3757,HOLDING
2018-10-04,14,DUK,ED,59.184,58.4997,0.8741,-1,-3.6421,-0.5,-4.1421,HOLDING
2018-10-05,14,DUK,ED,60.265,59.3092,1.1023,-1,-4.7943,-0.5,-5.2943,HOLDING
2018-10-08,14,DUK,ED,60.8128,59.5842,1.2803,-1,-5.9458,-0.5,-6.4458,HOLDING
2018-10-09,14,DUK,ED,60.8943,59.7445,1.0786,-1,-5.6159,-0.5,-6.1159,HOLDING
2018-10-10,14,DUK,ED,60.6203,59.3932,1.1105,-1,-5.9367,-0.5,-6.4367,HOLDING
2018-10-11,14,DUK,ED,59.2137,58.0797,0.9387,-1,-5.528,-0.5,-6.028,HOLDING
2018-10-12,14,DUK,ED,59.2211,57.4534,1.7009,-1,-8.1849,-0.5,-8.6849,HOLDING
2018-10-15,14,DUK,ED,59.3247,57.4916,1.6325,-1,-8.4609,-0.5,-8.9609,HOLDING
2018-10-16,14,DUK,ED,59.9244,58.1178,1.4485,-1,-8.3575,-0.5,-8.8575,HOLDING
2018-10-17,14,DUK,ED,59.7986,58.1255,1.1892,-1,-7.796,-0.5,-8.296,HOLDING
2018-10-18,14,DUK,ED,60.1613,58.3164,1.3722,-1,-8.5212,-0.5,-9.0212,HOLDING
2018-10-19,14,DUK,ED,61.2645,59.0954,1.8653,-1,-9.8949,-0.5,-10.3949,HOLDING
2018-10-22,14,DUK,ED,61.183,58.6677,2.1644,-1,-11.3457,-0.5,-11.8457,HOLDING
2018-10-23,14,DUK,ED,60.9313,58.2629,2.0889,-1,-11.9842,-0.5,-12.4842,HOLDING
2018-10-24,14,DUK,ED,62.7451,59.7369,2.0808,-1,-13.433,-0.5,-13.933,HOLDING
2018-10-25,14,DUK,ED,61.9234,58.6601,2.0807,-1,-14.4919,-0.5,-14.9919,HOLDING
2018-10-26,14,DUK,ED,60.6278,58.2935,0.8517,-1,-10.5793,-0.5,-11.0793,HOLDING
2018-10-29,14,DUK,ED,61.7901,59.0648,1.1672,-1,-12.2341,-0.5,-12.7341,HOLDING
2018-10-30,14,DUK,ED,62.064,58.9808,1.4437,-1,-13.7385,-0.5,-14.2385,HOLDING
2018-10-31,14,DUK,ED,61.1756,58.0415,1.4377,-1,-13.9404,-0.5,-14.4404,HOLDING
2018-11-01,14,DUK,ED,60.4575,57.7589,0.835,-1,-12.1047,-0.5,-12.6047,HOLDING
2018-11-02,14,DUK,ED,61.146,56.9265,2.3976,-1,-18.4914,-0.5,-18.9914,HOLDING
2018-11-05,14,DUK,ED,61.8789,58.072,1.6165,-1,-16.7708,-0.5,-17.2708,HOLDING
2018-11-06,14,DUK,ED,62.4342,58.9808,1.0594,-1,-15.2955,-0.5,-15.7955,HOLDING
2018-11-07,14,DUK,ED,62.7081,59.7674,0.346,-1,-13.1494,-0.5,-13.6494,HOLDING
2018-11-08,14,DUK,ED,62.4342,59.6987,-0.0007,-1,-12.2852,-0.5,-12.7852,HOLDING
2018-11-09,14,DUK,ED,63.3596,60.3326,0.2871,-1,-13.5199,-0.5,-14.0199,HOLDING
2018-11-12,14,DUK,ED,63.6114,60.6152,0.1557,-1,-13.394,-0.5,-13.894,HOLDING
2018-11-13,14,DUK,ED,63.9297,60.9658,0.0042,-1,-13.2627,-0.5,-13.7627,HOLDING
2018-11-14,14,DUK,ED,63.9816,61.2047,-0.4302,-1,-12.479,-0.5,-12.979,HOLDING
2018-11-15,14,DUK,ED,64.4665,58.9852,3.1544,-1,-23.8255,-0.5,-24.3255,HOLDING
2018-11-16,14,DUK,ED,64.8707,59.3397,2.5006,-1,-24.0389,-0.5,-24.5389,HOLDING
2018-11-19,14,DUK,ED,65.5891,59.7251,2.2736,-1,-25.4451,-0.5,-25.9451,HOLDING
2018-11-20,14,DUK,ED,66.2477,60.1951,2.0096,-1,-26.2441,-0.5,-26.7441,HOLDING
2018-11-21,14,DUK,ED,64.6985,59.4245,1.2741,-1,-22.9594,-0.5,-23.4594,HOLDING
2018-11-23,14,DUK,ED,64.923,59.6018,1.1738,-1,-23.1605,-0.5,-23.6605,HOLDING
2018-11-26,14,DUK,ED,65.0952,60.2337,0.6955,-1,-21.2347,-0.5,-21.7347,HOLDING
2018-11-27,14,DUK,ED,65.7313,60.9195,0.5433,-1,-21.0345,-0.5,-21.5345,HOLDING
2018-11-28,14,DUK,ED,65.5592,60.7577,0.4841,-1,-20.9891,-0.5,-21.4891,HOLDING
2018-11-29,14,DUK,ED,65.5592,61.066,0.1676,-1,-19.6964,-0.5,-20.1964,HOLDING
2018-11-30,14,DUK,ED,66.2851,61.9214,-0.0525,-1,-19.163,-0.5,-19.663,HOLDING
2018-12-03,14,DUK,ED,67.0709,62.5996,0.0051,-1,-19.6246,-0.5,-20.1246,HOLDING
2018-12-04,14,DUK,ED,67.3927,63.1853,-0.2539,-1,0.0,-19.5708,-19.5708,PERIOD_END_EXIT
2018-06-07,15,DTE,XEL,63.7869,33.7387,0.0,0,0.0,0.0,0.0,HOLD_CASH
2018-06-08,15,DTE,XEL,63.7409,33.7387,0.0,0,0.0,0.0,0.0,HOLD_CASH
2018-06-11,15,DTE,XEL,62.2488,33.2727,0.0,0,0.0,0.0,0.0,HOLD_CASH
2018-06-12,15,DTE,XEL,63.4254,33.6281,0.0,0,0.0,0.0,0.0,HOLD_CASH
2018-06-13,15,DTE,XEL,63.1559,33.565,0.0,0,0.0,0.0,0.0,HOLD_CASH
2018-06-14,15,DTE,XEL,63.7935,34.1626,0.0,0,0.0,0.0,0.0,HOLD_CASH
2018-06-15,15,DTE,XEL,64.3859,34.5292,0.0,0,0.0,0.0,0.0,HOLD_CASH
2018-06-18,15,DTE,XEL,64.6115,34.7444,0.0,0,0.0,0.0,0.0,HOLD_CASH
2018-06-19,15,DTE,XEL,65.7392,35.2145,0.0,0,0.0,0.0,0.0,HOLD_CASH
2018-06-20,15,DTE,XEL,65.8652,34.9675,0.0,0,0.0,0.0,0.0,HOLD_CASH
2018-06-21,15,DTE,XEL,66.3826,34.9436,0.0,0,0.0,0.0,0.0,HOLD_CASH
2018-06-22,15,DTE,XEL,66.6347,34.9436,0.0,0,0.0,0.0,0.0,HOLD_CASH
2018-06-25,15,DTE,XEL,68.187,35.9795,0.0,0,0.0,0.0,0.0,HOLD_CASH
2018-06-26,15,DTE,XEL,68.4589,36.123,0.0,0,0.0,0.0,0.0,HOLD_CASH
2018-06-27,15,DTE,XEL,69.109,36.4098,0.0,0,0.0,0.0,0.0,HOLD_CASH
2018-06-28,15,DTE,XEL,68.9498,36.3859,0.0,0,0.0,0.0,0.0,HOLD_CASH
2018-06-29,15,DTE,XEL,68.7442,36.4019,0.0,0,0.0,0.0,0.0,HOLD_CASH
2018-07-02,15,DTE,XEL,69.381,36.8402,0.0,0,0.0,0.0,0.0,HOLD_CASH
2018-07-03,15,DTE,XEL,69.6663,36.8561,0.0,0,0.0,0.0,0.0,HOLD_CASH
2018-07-05,15,DTE,XEL,70.5353,37.1271,1.0616,0,0.0,0.0,0.0,HOLD_CASH
2018-07-06,15,DTE,XEL,70.9996,37.4219,0.8337,0,0.0,0.0,0.0,HOLD_CASH
2018-07-09,15,DTE,XEL,68.4258,35.9875,1.0564,0,0.0,0.0,0.0,HOLD_CASH
2018-07-10,15,DTE,XEL,68.9896,36.4098,0.5198,0,0.0,0.0,0.0,HOLD_CASH
2018-07-11,15,DTE,XEL,70.0908,36.9677,0.5659,0,0.0,0.0,0.0,HOLD_CASH
2018-07-12,15,DTE,XEL,70.2633,36.9278,0.9558,0,0.0,0.0,0.0,HOLD_CASH
2018-07-13,15,DTE,XEL,70.4424,36.872,1.3733,0,0.0,0.0,0.0,HOLD_CASH
2018-07-16,15,DTE,XEL,70.5154,36.7127,1.9153,0,0.0,0.0,0.0,HOLD_CASH
2018-07-17,15,DTE,XEL,70.5684,36.5453,2.4394,-1,0.0,-0.5,-0.5,ENTER_SHORT_A
2018-07-18,15,DTE,XEL,70.3561,36.3541,2.4404,-1,-0.5563,-0.5,-1.0563,HOLDING
2018-07-19,15,DTE,XEL,71.2252,36.5852,2.5438,-1,-2.054,-0.5,-2.554,HOLDING
2018-07-20,15,DTE,XEL,70.7144,36.362,2.0154,-1,-1.7709,-0.5,-2.2709,HOLDING
2018-07-23,15,DTE,XEL,70.6016,36.0831,2.158,-1,-3.2792,-0.5,-3.7792,HOLDING
2018-07-24,15,DTE,XEL,70.794,36.2903,1.6484,-1,-2.5434,-0.5,-3.0434,HOLDING
2018-07-25,15,DTE,XEL,71.8421,36.4098,2.1226,-1,-5.4389,-0.5,-5.9389,HOLDING
2018-07-26,15,DTE,XEL,72.187,37.3581,0.5587,-1,-0.1737,-0.5,-0.6737,HOLDING
2018-07-27,15,DTE,XEL,72.0477,37.1271,0.7832,-1,-1.2611,-0.5,-1.7611,HOLDING
2018-07-30,15,DTE,XEL,71.4971,36.888,0.6199,-1,-0.946,-0.5,-1.446,HOLDING
2018-07-31,15,DTE,XEL,72.0013,37.3422,0.1546,-1,0.3752,-0.5,-0.1248,HOLDING
2018-08-01,15,DTE,XEL,71.5369,36.9677,0.3687,-1,-0.5418,-0.5,-1.0418,HOLDING
2018-08-02,15,DTE,XEL,72.1075,37.135,0.5831,-1,-1.4182,-0.5,-1.9182,HOLDING
2018-08-03,15,DTE,XEL,73.0361,37.5972,0.5452,-1,-1.5464,-0.5,-2.0464,HOLDING
2018-08-06,15,DTE,XEL,73.3015,37.6769,0.6071,-1,-1.9413,-0.5,-2.4413,HOLDING
2018-08-07,15,DTE,XEL,73.202,37.6132,0.5683,-1,-2.0249,-0.5,-2.5249,HOLDING
2018-08-08,15,DTE,XEL,73.0759,37.7088,-0.0046,-1,-0.9242,-0.5,-1.4242,HOLDING
2018-08-09,15,DTE,XEL,73.4474,37.9638,-0.3771,-1,-0.4959,-0.5,-0.9959,HOLDING
2018-08-10,15,DTE,XEL,73.1954,37.8761,-0.731,-1,-0.2025,-0.5,-0.7025,HOLDING
2018-08-13,15,DTE,XEL,73.4939,37.8761,-0.1286,-1,-1.26,-0.5,-1.76,HOLDING
2018-08-14,15,DTE,XEL,73.6597,37.8203,0.5103,-1,-2.2291,-0.5,-2.7291,HOLDING
2018-08-15,15,DTE,XEL,74.4756,38.171,0.7773,-1,-2.7211,-0.5,-3.2211,HOLDING
2018-08-16,15,DTE,XEL,75.0793,38.3861,1.1659,-1,-3.3877,-0.5,-3.8877,HOLDING
2018-08-17,15,DTE,XEL,75.3711,38.4818,1.2955,-1,-3.7675,-0.5,-4.2675,HOLDING
2018-08-20,15,DTE,XEL,75.1589,38.434,1.0249,-1,-3.3426,-0.5,-3.8426,HOLDING
2018-08-21,15,DTE,XEL,74.7742,38.1869,1.1897,-1,-3.6696,-0.5,-4.1696,HOLDING
2018-08-22,15,DTE,XEL,73.7857,37.7964,0.9167,-1,-2.8391,-0.5,-3.3391,HOLDING
2018-08-23,15,DTE,XEL,73.9184,38.0036,0.0761,-1,-1.8918,-0.5,-2.3918,HOLDING
2018-08-24,15,DTE,XEL,74.2302,38.2108,-0.2076,-1,-1.579,-0.5,-2.079,HOLDING
2018-08-27,15,DTE,XEL,73.8587,37.8602,0.6531,-1,-2.6616,-0.5,-3.1616,HOLDING
2018-08-28,15,DTE,XEL,73.454,37.908,-0.9869,-1,-0.9009,-0.5,-1.4009,HOLDING
2018-08-29,15,DTE,XEL,73.8123,38.2826,-1.9948,-1,0.3923,-0.5,-0.1077,HOLDING
2018-08-30,15,DTE,XEL,74.2036,38.5216,-1.9008,-1,0.6412,-0.5,0.1412,HOLDING
2018-08-31,15,DTE,XEL,73.726,38.2905,-1.736,-1,0.7522,-0.5,0.2522,HOLDING
2018-09-04,15,DTE,XEL,74.0776,38.6491,-2.1189,-1,1.9598,-0.5,1.4598,HOLDING
2018-09-05,15,DTE,XEL,75.139,39.2707,-2.0,-1,2.4518,-0.5,1.9518,HOLDING
2018-09-06,15,DTE,XEL,75.6233,39.2787,-1.0383,-1,0.7907,-0.5,0.2907,HOLDING
2018-09-07,15,DTE,XEL,74.9333,38.7846,-0.5446,-1,-0.145,-0.5,-0.645,HOLDING
2018-09-10,15,DTE,XEL,75.2253,39.0555,-0.9279,-1,0.6743,-0.5,0.1743,HOLDING
2018-09-11,15,DTE,XEL,75.1058,38.8244,-0.32,-1,-0.4835,-0.5,-0.9835,HOLDING
2018-09-12,15,DTE,XEL,74.9731,38.7208,-0.1603,-1,-0.7221,-0.5,-1.2221,HOLDING
2018-09-13,15,DTE,XEL,75.4641,38.9136,0.095,-1,-1.1426,-0.5,-1.6426,HOLDING
2018-09-14,15,DTE,XEL,75.0783,38.8734,-0.4024,-1,-0.0506,-0.5,-0.5506,HOLDING
2018-09-17,15,DTE,XEL,75.105,38.8654,-0.2413,-1,-0.2004,-0.5,-0.7004,HOLDING
2018-09-18,15,DTE,XEL,75.2187,38.6485,0.9582,-1,-2.0865,-0.5,-2.5865,HOLDING
2018-09-19,15,DTE,XEL,72.9322,37.9016,-0.8526,-1,0.9039,-0.5,0.4039,HOLDING
2018-09-20,15,DTE,XEL,72.9924,38.0301,-1.2272,-1,1.5698,-0.5,1.0698,HOLDING
2018-09-21,15,DTE,XEL,72.9188,38.1426,-1.7486,-1,2.5997,-0.5,2.0997,HOLDING
2018-09-24,15,DTE,XEL,72.5445,37.7811,-0.853,-1,1.4534,-0.5,0.9534,HOLDING
2018-09-25,15,DTE,XEL,71.8626,37.4358,-0.8504,-1,1.5067,-0.5,1.0067,HOLDING
2018-09-26,15,DTE,XEL,71.194,37.002,-0.2929,-1,0.9082,-0.5,0.4082,HOLDING
2018-09-27,15,DTE,XEL,71.8091,37.4117,-0.7636,-1,1.5313,-0.5,1.0313,HOLDING
2018-09-28,15,DTE,XEL,72.959,37.9177,-0.2171,-1,0.9191,-0.5,0.4191,HOLDING
2018-10-01,15,DTE,XEL,72.8921,37.8454,-0.0049,-1,0.6614,-0.5,0.1614,HOLDING
2018-10-02,15,DTE,XEL,74.0487,38.3514,0.4628,-1,0.0254,-0.5,-0.4746,HOLDING
2018-10-03,15,DTE,XEL,72.6247,37.8614,-1.073,-1,1.7187,-0.5,1.2187,HOLDING
2018-10-04,15,DTE,XEL,73.1261,38.1104,-0.9355,-1,1.6455,-0.5,1.1455,HOLDING
2018-10-05,15,DTE,XEL,74.6237,38.8493,-0.6269,-1,1.3951,-0.5,0.8951,HOLDING
2018-10-08,15,DTE,XEL,75.2722,39.1786,-0.5455,-1,1.3503,-0.5,0.8503,HOLDING
2018-10-09,15,DTE,XEL,75.9742,39.3634,0.5222,-1,0.1271,-0.5,-0.3729,HOLDING
2018-10-10,15,DTE,XEL,75.3725,39.2268,-0.4363,-1,1.3247,-0.5,0.8247,HOLDING
2018-10-11,15,DTE,XEL,73.9284,38.247,1.0935,-1,-0.2626,-0.5,-0.7626,HOLDING
2018-10-12,15,DTE,XEL,73.6342,38.271,-0.0346,-1,0.9444,-0.5,0.4444,HOLDING
2018-10-15,15,DTE,XEL,73.6209,38.263,0.0303,-1,0.9368,-0.5,0.4368,HOLDING
2018-10-16,15,DTE,XEL,74.3696,38.769,-0.8484,-1,1.7456,-0.5,1.2456,HOLDING
2018-10-17,15,DTE,XEL,74.4031,38.7449,-0.3921,-1,1.4623,-0.5,0.9623,HOLDING
2018-10-18,15,DTE,XEL,74.3162,38.8252,-1.5084,-1,2.3196,-0.5,1.8196,HOLDING
2018-10-19,15,DTE,XEL,75.5061,39.4597,-1.6994,-1,2.4444,-0.5,1.9444,HOLDING
2018-10-22,15,DTE,XEL,75.0783,39.2509,-1.6394,-1,2.5317,-0.5,2.0317,HOLDING
2018-10-23,15,DTE,XEL,74.8376,39.267,-2.3354,-1,3.4941,-0.5,2.9941,HOLDING
2018-10-24,15,DTE,XEL,78.6885,40.3673,2.9637,-1,-2.6208,-0.5,-3.1208,HOLDING
2018-10-25,15,DTE,XEL,76.9168,39.7007,1.4723,-1,-0.9047,-0.5,-1.4047,HOLDING
2018-10-26,15,DTE,XEL,75.446,38.9618,1.2478,-1,-0.749,-0.5,-1.249,HOLDING
2018-10-29,15,DTE,XEL,75.9675,39.6846,-0.871,-1,2.3485,-0.5,1.8485,HOLDING
2018-10-30,15,DTE,XEL,76.4555,39.9095,-0.6587,-1,2.158,-0.5,1.658,HOLDING
2018-10-31,15,DTE,XEL,75.1451,39.3634,-1.2244,-1,3.064,-0.5,2.564,HOLDING
2018-11-01,15,DTE,XEL,74.9379,38.9297,0.2494,-1,0.8313,-0.5,0.3313,HOLDING
2018-11-02,15,DTE,XEL,74.4632,38.3273,1.6716,-1,-1.6079,-0.5,-2.1079,HOLDING
2018-11-05,15,DTE,XEL,75.787,38.8734,1.9035,-1,-2.5613,-0.5,-3.0613,HOLDING
2018-11-06,15,DTE,XEL,76.7764,39.4678,1.4348,-1,-2.0008,-0.5,-2.5008,HOLDING
2018-11-07,15,DTE,XEL,77.6455,39.7569,1.7205,-1,-3.1017,-0.5,-3.6017,HOLDING
2018-11-08,15,DTE,XEL,77.806,39.6204,2.0484,-1,-4.6043,-0.5,-5.1043,HOLDING
2018-11-09,15,DTE,XEL,78.9826,40.4316,1.3024,-1,-3.2233,-0.5,-3.7233,HOLDING
2018-11-12,15,DTE,XEL,79.591,41.05,0.4473,-1,-1.148,-0.5,-1.648,HOLDING
2018-11-13,15,DTE,XEL,80.1927,41.2669,0.6237,-1,-1.7962,-0.5,-2.2962,HOLDING
2018-11-14,15,DTE,XEL,79.7515,41.0902,0.4363,-1,-1.4419,-0.5,-1.9419,HOLDING
2018-11-15,15,DTE,XEL,79.7648,41.2588,-0.0482,-1,-0.3353,-0.5,-0.8353,HOLDING
2018-11-16,15,DTE,XEL,79.5776,41.0099,0.3023,-1,-1.3754,-0.5,-1.8754,HOLDING
2018-11-19,15,DTE,XEL,79.698,41.4596,-0.859,-1,1.275,-0.5,0.775,HOLDING
2018-11-20,15,DTE,XEL,79.2233,41.6122,-1.9986,-1,4.0005,-0.5,3.5005,HOLDING
2018-11-21,15,DTE,XEL,78.0533,40.7609,-1.1732,-1,2.3215,-0.5,1.8215,HOLDING
2018-11-23,15,DTE,XEL,77.9999,40.8492,-1.3505,-1,3.1151,-0.5,2.6151,HOLDING
2018-11-26,15,DTE,XEL,78.0199,41.042,-1.6152,-1,4.3629,-0.5,3.8629,HOLDING
2018-11-27,15,DTE,XEL,78.5547,41.556,-1.939,-1,5.9845,-0.5,5.4845,HOLDING
2018-11-28,15,DTE,XEL,78.4879,41.4114,-1.5483,-1,5.2323,-0.5,4.7323,HOLDING
2018-11-29,15,DTE,XEL,78.6684,41.3873,-1.2465,-1,4.428,-0.5,3.928,HOLDING
2018-11-30,15,DTE,XEL,80.0523,42.1263,-1.1669,-1,4.5802,-0.5,4.0802,HOLDING
2018-12-03,15,DTE,XEL,79.6646,42.5198,-1.9725,-1,8.6461,-0.5,8.1461,HOLDING
2018-12-04,15,DTE,XEL,79.6712,42.4315,-1.593,-1,0.0,6.9455,6.9455,PERIOD_END_EXIT
2018-06-07,16,DUK,NI,53.7846,18.4192,0.0,0,0.0,0.0,0.0,HOLD_CASH
2018-06-08,16,DUK,NI,53.5211,18.3879,0.0,0,0.0,0.0,0.0,HOLD_CASH
2018-06-11,16,DUK,NI,52.7892,18.1925,0.0,0,0.0,0.0,0.0,HOLD_CASH
2018-06-12,16,DUK,NI,53.0527,18.5521,0.0,0,0.0,0.0,0.0,HOLD_CASH
2018-06-13,16,DUK,NI,52.8843,18.6068,0.0,0,0.0,0.0,0.0,HOLD_CASH
2018-06-14,16,DUK,NI,53.77,18.7554,0.0,0,0.0,0.0,0.0,HOLD_CASH
2018-06-15,16,DUK,NI,54.3848,18.9665,0.0,0,0.0,0.0,0.0,HOLD_CASH
2018-06-18,16,DUK,NI,54.4654,19.0681,0.0,0,0.0,0.0,0.0,HOLD_CASH
2018-06-19,16,DUK,NI,55.3876,19.287,0.0,0,0.0,0.0,0.0,HOLD_CASH
2018-06-20,16,DUK,NI,55.7683,19.3887,0.0,0,0.0,0.0,0.0,HOLD_CASH
2018-06-21,16,DUK,NI,56.2953,19.373,0.0,0,0.0,0.0,0.0,HOLD_CASH
2018-06-22,16,DUK,NI,56.6759,19.5919,0.0,0,0.0,0.0,0.0,HOLD_CASH
2018-06-25,16,DUK,NI,57.8836,20.0688,0.0,0,0.0,0.0,0.0,HOLD_CASH
2018-06-26,16,DUK,NI,57.6713,19.9906,0.0,0,0.0,0.0,0.0,HOLD_CASH
2018-06-27,16,DUK,NI,58.2057,20.1939,0.0,0,0.0,0.0,0.0,HOLD_CASH
2018-06-28,16,DUK,NI,57.9934,20.4206,0.0,0,0.0,0.0,0.0,HOLD_CASH
2018-06-29,16,DUK,NI,57.8836,20.5457,0.0,0,0.0,0.0,0.0,HOLD_CASH
2018-07-02,16,DUK,NI,58.3814,20.7333,0.0,0,0.0,0.0,0.0,HOLD_CASH
2018-07-03,16,DUK,NI,58.418,20.8975,0.0,0,0.0,0.0,0.0,HOLD_CASH
2018-07-05,16,DUK,NI,59.0035,20.9522,-1.4099,0,0.0,0.0,0.0,HOLD_CASH
2018-07-06,16,DUK,NI,59.7428,21.0148,-0.562,0,0.0,0.0,0.0,HOLD_CASH
2018-07-09,16,DUK,NI,57.5616,20.3737,-1.0078,0,0.0,0.0,0.0,HOLD_CASH
2018-07-10,16,DUK,NI,58.2057,20.5144,-0.5509,0,0.0,0.0,0.0,HOLD_CASH
2018-07-11,16,DUK,NI,58.8352,20.6239,-0.026,0,0.0,0.0,0.0,HOLD_CASH
2018-07-12,16,DUK,NI,58.923,20.5613,0.3635,0,0.0,0.0,0.0,HOLD_CASH
2018-07-13,16,DUK,NI,59.0109,20.5613,0.4981,0,0.0,0.0,0.0,HOLD_CASH
2018-07-16,16,DUK,NI,59.128,20.5301,0.7975,0,0.0,0.0,0.0,HOLD_CASH
2018-07-17,16,DUK,NI,59.0328,20.4206,1.0554,0,0.0,0.0,0.0,HOLD_CASH
2018-07-18,16,DUK,NI,58.8791,20.2486,1.4444,0,0.0,0.0,0.0,HOLD_CASH
2018-07-19,16,DUK,NI,59.4354,20.4441,1.3227,0,0.0,0.0,0.0,HOLD_CASH
2018-07-20,16,DUK,NI,59.0328,20.2877,1.3785,0,0.0,0.0,0.0,HOLD_CASH
2018-07-23,16,DUK,NI,58.5351,20.1235,1.295,0,0.0,0.0,0.0,HOLD_CASH
2018-07-24,16,DUK,NI,58.4765,20.1626,1.0213,0,0.0,0.0,0.0,HOLD_CASH
2018-07-25,16,DUK,NI,58.6888,20.1626,1.2265,0,0.0,0.0,0.0,HOLD_CASH
2018-07-26,16,DUK,NI,59.3915,20.4206,1.1004,0,0.0,0.0,0.0,HOLD_CASH
2018-07-27,16,DUK,NI,59.3549,20.4597,0.8315,0,0.0,0.0,0.0,HOLD_CASH
2018-07-30,16,DUK,NI,59.1207,20.2589,1.144,0,0.0,0.0,0.0,HOLD_CASH
2018-07-31,16,DUK,NI,59.7428,20.6212,0.5381,0,0.0,0.0,0.0,HOLD_CASH
2018-08-01,16,DUK,NI,59.3256,20.4006,0.779,0,0.0,0.0,0.0,HOLD_CASH
2018-08-02,16,DUK,NI,58.8864,20.7078,-1.3708,0,0.0,0.0,0.0,HOLD_CASH
2018-08-03,16,DUK,NI,59.6916,20.9441,-1.1859,0,0.0,0.0,0.0,HOLD_CASH
2018-08-06,16,DUK,NI,59.3768,21.1017,-2.3195,1,0.0,-0.5,-0.5,ENTER_LONG_A
2018-08-07,16,DUK,NI,59.2012,20.9048,-1.6807,1,1.5933,-0.5,1.0933,HOLDING
2018-08-08,16,DUK,NI,58.8718,20.8496,-1.7805,1,0.8597,-0.5,0.3597,HOLDING
2018-08-09,16,DUK,NI,59.1499,20.8811,-1.3828,1,1.6574,-0.5,1.1574,HOLDING
2018-08-10,16,DUK,NI,59.2085,20.9599,-1.4565,1,0.9709,-0.5,0.4709,HOLDING
2018-08-13,16,DUK,NI,59.2451,21.1332,-1.7679,1,-0.9281,-0.5,-1.4281,HOLDING
2018-08-14,16,DUK,NI,59.45,21.2356,-1.626,1,-1.2782,-0.5,-1.7782,HOLDING
2018-08-15,16,DUK,NI,59.9185,21.4167,-1.4766,1,-1.4522,-0.5,-1.9522,HOLDING
2018-08-16,16,DUK,NI,60.5537,21.6767,-1.4002,1,-1.8571,-0.5,-2.3571,HOLDING
2018-08-17,16,DUK,NI,60.9165,21.7397,-1.0975,1,-1.0763,-0.5,-1.5763,HOLDING
2018-08-20,16,DUK,NI,60.5685,21.6058,-0.9704,1,-0.9549,-0.5,-1.4549,HOLDING
2018-08-21,16,DUK,NI,60.1761,21.401,-0.7042,1,-0.1807,-0.5,-0.6807,HOLDING
2018-08-22,16,DUK,NI,59.843,21.2671,-0.583,1,0.0029,-0.5,-0.4971,HOLDING
2018-08-23,16,DUK,NI,59.88,21.2986,-0.5653,1,-0.2145,-0.5,-0.7145,HOLDING
2018-08-24,16,DUK,NI,60.2724,21.3143,-0.0665,1,1.251,-0.5,0.751,HOLDING
2018-08-27,16,DUK,NI,59.6653,21.2277,-0.4677,1,-0.2787,-0.5,-0.7787,HOLDING
2018-08-28,16,DUK,NI,59.4876,21.2277,-0.6986,1,-1.0269,-0.5,-1.5269,HOLDING
2018-08-29,16,DUK,NI,59.769,21.464,-1.7391,1,-2.6417,-0.5,-3.1417,HOLDING
2018-08-30,16,DUK,NI,60.2057,21.3852,0.1672,1,0.1305,-0.5,-0.3695,HOLDING
2018-08-31,16,DUK,NI,60.1465,21.3222,0.732,1,0.6277,-0.5,0.1277,HOLDING
2018-09-04,16,DUK,NI,60.2798,21.3616,0.7684,1,0.7222,-0.5,0.2222,HOLDING
2018-09-05,16,DUK,NI,61.5902,21.6924,1.9426,1,2.3203,-0.5,1.8203,HOLDING
2018-09-06,16,DUK,NI,61.7975,21.8027,1.4895,1,1.8866,-0.5,1.3866,HOLDING
2018-09-07,16,DUK,NI,61.0572,21.5428,1.4615,1,1.8489,-0.5,1.3489,HOLDING
2018-09-10,16,DUK,NI,60.9387,21.7554,-0.7077,1,-1.1695,-0.5,-1.6695,HOLDING
2018-09-11,16,DUK,NI,60.2502,21.8421,-2.7131,1,-5.0949,-0.5,-5.5949,HOLDING
2018-09-12,16,DUK,NI,59.8874,21.9681,-3.0231,1,-8.1153,-0.5,-8.6153,HOLDING
2018-09-13,16,DUK,NI,60.8203,22.1178,-1.8266,1,-5.9607,-0.5,-6.4607,HOLDING
2018-09-14,16,DUK,NI,60.4871,19.5263,3.8474,1,23.3382,-0.5,22.8382,HOLDING
2018-09-17,16,DUK,NI,60.7684,20.2667,2.0838,1,15.7508,-0.5,15.2508,HOLDING
2018-09-18,16,DUK,NI,60.65,20.4164,1.5427,1,13.479,-0.5,12.979,HOLDING
2018-09-19,16,DUK,NI,59.2951,20.1171,1.1624,1,11.3207,-0.5,10.8207,HOLDING
2018-09-20,16,DUK,NI,59.6875,19.8729,1.5484,1,15.8657,-0.5,15.3657,HOLDING
2018-09-21,16,DUK,NI,59.0952,20.125,0.8008,1,10.3857,-0.5,9.8857,HOLDING
2018-09-24,16,DUK,NI,58.9398,19.9202,0.9363,1,12.1574,-0.5,11.6574,HOLDING
2018-09-25,16,DUK,NI,58.3475,19.6051,1.0013,1,13.3964,-0.5,12.8964,HOLDING
2018-09-26,16,DUK,NI,57.8144,19.3452,1.0121,1,14.2315,-0.5,13.7315,HOLDING
2018-09-27,16,DUK,NI,58.4437,19.5184,0.9635,1,14.8281,-0.5,14.3281,HOLDING
2018-09-28,16,DUK,NI,59.2433,19.6287,1.0689,1,16.8882,-0.5,16.3882,HOLDING
2018-10-01,16,DUK,NI,58.8953,19.5263,0.9512,1,16.6362,-0.5,16.1362,HOLDING
2018-10-02,16,DUK,NI,59.5394,19.739,0.8618,1,16.8286,-0.5,16.3286,HOLDING
2018-10-03,16,DUK,NI,58.6288,19.5421,0.6456,1,15.3275,-0.5,14.8275,HOLDING
2018-10-04,16,DUK,NI,59.184,19.7311,0.5711,1,15.4257,-0.5,14.9257,HOLDING
2018-10-05,16,DUK,NI,60.265,19.6681,1.045,1,20.7234,-0.5,20.2234,HOLDING
2018-10-08,16,DUK,NI,60.8128,19.7311,1.1001,1,22.2835,-0.5,21.7835,HOLDING
2018-10-09,16,DUK,NI,60.8943,19.6839,1.1411,1,23.1863,-0.5,22.6863,HOLDING
2018-10-10,16,DUK,NI,60.6203,19.7547,0.9077,1,21.1931,-0.5,20.6931,HOLDING
2018-10-11,16,DUK,NI,59.2137,19.4161,0.752,1,19.2831,-0.5,18.7831,HOLDING
2018-10-12,16,DUK,NI,59.2211,19.1482,1.6581,1,22.487,-0.5,21.987,HOLDING
2018-10-15,16,DUK,NI,59.3247,19.4948,0.5744,1,18.8175,-0.5,18.3175,HOLDING
2018-10-16,16,DUK,NI,59.9244,19.8178,0.1172,1,17.5165,-0.5,17.0165,HOLDING
2018-10-17,16,DUK,NI,59.7986,19.7154,0.2403,1,18.1996,-0.5,17.6996,HOLDING
2018-10-18,16,DUK,NI,60.1613,19.8808,0.0537,1,17.7673,-0.5,17.2673,HOLDING
2018-10-19,16,DUK,NI,61.2645,20.0068,0.8261,1,20.9189,-0.5,20.4189,HOLDING
2018-10-22,16,DUK,NI,61.183,19.8335,1.3143,1,22.629,-0.5,22.129,HOLDING
2018-10-23,16,DUK,NI,60.9313,19.928,0.5008,1,20.4494,-0.5,19.9494,HOLDING
2018-10-24,16,DUK,NI,62.7451,20.6291,-0.0522,1,19.781,-0.5,19.281,HOLDING
2018-10-25,16,DUK,NI,61.9234,20.4164,-0.4134,1,18.8406,-0.5,18.3406,HOLDING
2018-10-26,16,DUK,NI,60.6278,20.0383,-0.6866,1,17.8647,-0.5,17.3647,HOLDING
2018-10-29,16,DUK,NI,61.7901,20.3297,-0.2586,1,19.306,-0.5,18.806,HOLDING
2018-10-30,16,DUK,NI,62.064,20.5401,-0.9061,1,17.9676,-0.5,17.4676,HOLDING
2018-10-31,16,DUK,NI,61.1756,20.1274,-0.3686,1,19.1165,-0.5,18.6165,HOLDING
2018-11-01,16,DUK,NI,60.4575,20.1353,-1.8288,1,15.9988,-0.5,15.4988,HOLDING
2018-11-02,16,DUK,NI,61.146,20.1829,-0.694,1,18.3335,-0.5,17.8335,HOLDING
2018-11-05,16,DUK,NI,61.8789,20.5798,-1.4303,1,16.7181,-0.5,16.2181,HOLDING
2018-11-06,16,DUK,NI,62.4342,20.7147,-1.0785,1,17.4575,-0.5,16.9575,HOLDING
2018-11-07,16,DUK,NI,62.7081,20.7623,-0.7322,1,18.0468,-0.5,17.5468,HOLDING
2018-11-08,16,DUK,NI,62.4342,20.6036,-0.2614,1,18.7738,-0.5,18.2738,HOLDING
2018-11-09,16,DUK,NI,63.3596,20.7623,0.8945,1,20.7898,-0.5,20.2898,HOLDING
2018-11-12,16,DUK,NI,63.6114,20.7147,1.6676,1,22.4139,-0.5,21.9139,HOLDING
2018-11-13,16,DUK,NI,63.9297,20.6036,2.455,1,25.0706,-0.5,24.5706,HOLDING
2018-11-14,16,DUK,NI,63.9816,20.3099,2.9289,1,28.7681,-0.5,28.2681,HOLDING
2018-11-15,16,DUK,NI,64.4665,20.0877,3.0273,1,33.4427,-0.5,32.9427,HOLDING
2018-11-16,16,DUK,NI,64.8707,20.3893,2.0782,1,31.5711,-0.5,31.0711,HOLDING
2018-11-19,16,DUK,NI,65.5891,20.5798,1.8778,1,32.3393,-0.5,31.8393,HOLDING
2018-11-20,16,DUK,NI,66.2477,20.4369,2.1892,1,36.8048,-0.5,36.3048,HOLDING
2018-11-21,16,DUK,NI,64.6985,20.2861,1.3537,1,32.0688,-0.5,31.5688,HOLDING
2018-11-23,16,DUK,NI,64.923,20.3734,1.1879,1,31.9798,-0.5,31.4798,HOLDING
2018-11-26,16,DUK,NI,65.0952,20.4686,1.0046,1,31.5761,-0.5,31.0761,HOLDING
2018-11-27,16,DUK,NI,65.7313,20.6194,0.9906,1,32.4679,-0.5,31.9679,HOLDING
2018-11-28,16,DUK,NI,65.5592,20.4448,1.0929,1,33.8118,-0.5,33.3118,HOLDING
2018-11-29,16,DUK,NI,65.5592,20.675,0.6073,1,31.085,-0.5,30.585,HOLDING
2018-11-30,16,DUK,NI,66.2851,20.9687,0.4178,1,30.6624,-0.5,30.1624,HOLDING
2018-12-03,16,DUK,NI,67.0709,21.3814,0.0456,1,29.0815,-0.5,28.5815,HOLDING
2018-12-04,16,DUK,NI,67.3927,21.5004,-0.0793,1,0.0,27.9876,27.9876,PERIOD_END_EXIT
2018-06-07,17,NI,PNW,18.4192,54.6398,0.0,0,0.0,0.0,0.0,HOLD_CASH
2018-06-08,17,NI,PNW,18.3879,54.5811,0.0,0,0.0,0.0,0.0,HOLD_CASH
2018-06-11,17,NI,PNW,18.1925,53.9649,0.0,0,0.0,0.0,0.0,HOLD_CASH
2018-06-12,17,NI,PNW,18.5521,54.7132,0.0,0,0.0,0.0,0.0,HOLD_CASH
2018-06-13,17,NI,PNW,18.6068,54.5445,0.0,0,0.0,0.0,0.0,HOLD_CASH
2018-06-14,17,NI,PNW,18.7554,55.3221,0.0,0,0.0,0.0,0.0,HOLD_CASH
2018-06-15,17,NI,PNW,18.9665,55.8356,0.0,0,0.0,0.0,0.0,HOLD_CASH
2018-06-18,17,NI,PNW,19.0681,56.0117,0.0,0,0.0,0.0,0.0,HOLD_CASH
2018-06-19,17,NI,PNW,19.287,56.9947,0.0,0,0.0,0.0,0.0,HOLD_CASH
2018-06-20,17,NI,PNW,19.3887,56.9067,0.0,0,0.0,0.0,0.0,HOLD_CASH
2018-06-21,17,NI,PNW,19.373,56.8773,0.0,0,0.0,0.0,0.0,HOLD_CASH
2018-06-22,17,NI,PNW,19.5919,57.4349,0.0,0,0.0,0.0,0.0,HOLD_CASH
2018-06-25,17,NI,PNW,20.0688,58.6967,0.0,0,0.0,0.0,0.0,HOLD_CASH
2018-06-26,17,NI,PNW,19.9906,58.9315,0.0,0,0.0,0.0,0.0,HOLD_CASH
2018-06-27,17,NI,PNW,20.1939,59.3643,0.0,0,0.0,0.0,0.0,HOLD_CASH
2018-06-28,17,NI,PNW,20.4206,59.1149,0.0,0,0.0,0.0,0.0,HOLD_CASH
2018-06-29,17,NI,PNW,20.5457,59.1002,0.0,0,0.0,0.0,0.0,HOLD_CASH
2018-07-02,17,NI,PNW,20.7333,59.7531,0.0,0,0.0,0.0,0.0,HOLD_CASH
2018-07-03,17,NI,PNW,20.8975,60.0246,0.0,0,0.0,0.0,0.0,HOLD_CASH
2018-07-05,17,NI,PNW,20.9522,60.4354,1.4675,0,0.0,0.0,0.0,HOLD_CASH
2018-07-06,17,NI,PNW,21.0148,60.6995,1.2088,0,0.0,0.0,0.0,HOLD_CASH
2018-07-09,17,NI,PNW,20.3737,58.3079,1.8208,0,0.0,0.0,0.0,HOLD_CASH
2018-07-10,17,NI,PNW,20.5144,58.6234,1.7302,0,0.0,0.0,0.0,HOLD_CASH
2018-07-11,17,NI,PNW,20.6239,59.3056,1.0706,0,0.0,0.0,0.0,HOLD_CASH
2018-07-12,17,NI,PNW,20.5613,58.9461,1.2004,0,0.0,0.0,0.0,HOLD_CASH
2018-07-13,17,NI,PNW,20.5613,58.7994,1.2735,0,0.0,0.0,0.0,HOLD_CASH
2018-07-16,17,NI,PNW,20.5301,58.9168,0.8858,0,0.0,0.0,0.0,HOLD_CASH
2018-07-17,17,NI,PNW,20.4206,58.8655,0.4359,0,0.0,0.0,0.0,HOLD_CASH
2018-07-18,17,NI,PNW,20.2486,58.682,-0.1312,0,0.0,0.0,0.0,HOLD_CASH
2018-07-19,17,NI,PNW,20.4441,59.2616,-0.2241,0,0.0,0.0,0.0,HOLD_CASH
2018-07-20,17,NI,PNW,20.2877,58.6454,-0.0223,0,0.0,0.0,0.0,HOLD_CASH
2018-07-23,17,NI,PNW,20.1235,58.0731,0.0806,0,0.0,0.0,0.0,HOLD_CASH
2018-07-24,17,NI,PNW,20.1626,57.9411,0.4992,0,0.0,0.0,0.0,HOLD_CASH
2018-07-25,17,NI,PNW,20.1626,58.506,-1.001,0,0.0,0.0,0.0,HOLD_CASH
2018-07-26,17,NI,PNW,20.4206,59.3937,-1.8486,0,0.0,0.0,0.0,HOLD_CASH
2018-07-27,17,NI,PNW,20.4597,59.1736,-0.751,0,0.0,0.0,0.0,HOLD_CASH
2018-07-30,17,NI,PNW,20.2589,58.8728,-1.5017,0,0.0,0.0,0.0,HOLD_CASH
2018-07-31,17,NI,PNW,20.6212,59.5203,-0.217,0,0.0,0.0,0.0,HOLD_CASH
2018-08-01,17,NI,PNW,20.4006,58.8913,-0.1968,0,0.0,0.0,0.0,HOLD_CASH
2018-08-02,17,NI,PNW,20.7078,59.2391,1.363,0,0.0,0.0,0.0,HOLD_CASH
2018-08-03,17,NI,PNW,20.9441,59.4389,2.2454,-1,0.0,-0.5,-0.5,ENTER_SHORT_A
2018-08-06,17,NI,PNW,21.1017,60.0383,1.7047,-1,0.6407,-0.5,0.1407,HOLDING
2018-08-07,17,NI,PNW,20.9048,59.8607,0.81,-1,2.2443,-0.5,1.7443,HOLDING
2018-08-08,17,NI,PNW,20.8496,59.8533,0.4291,-1,2.8713,-0.5,2.3713,HOLDING
2018-08-09,17,NI,PNW,20.8811,60.1715,-0.0849,-1,3.8336,-0.5,3.3336,HOLDING
2018-08-10,17,NI,PNW,20.9599,60.1641,0.5249,-1,2.8623,-0.5,2.3623,HOLDING
2018-08-13,17,NI,PNW,21.1332,60.0975,1.7155,-1,0.5137,-0.5,0.0137,HOLDING
2018-08-14,17,NI,PNW,21.2356,60.2159,1.8096,-1,-0.2106,-0.5,-0.7106,HOLDING
2018-08-15,17,NI,PNW,21.4167,60.7561,1.5467,-1,-0.101,-0.5,-0.601,HOLDING
2018-08-16,17,NI,PNW,21.6767,60.4601,2.6776,-1,-4.4486,-0.5,-4.9486,HOLDING
2018-08-17,17,NI,PNW,21.7397,60.8819,1.9337,-1,-3.4268,-0.5,-3.9268,HOLDING
2018-08-20,17,NI,PNW,21.6058,60.808,1.3403,-1,-2.1394,-0.5,-2.6394,HOLDING
2018-08-21,17,NI,PNW,21.401,60.4379,0.9616,-1,-1.2512,-0.5,-1.7512,HOLDING
2018-08-22,17,NI,PNW,21.2671,59.5943,1.4315,-1,-3.2011,-0.5,-3.7011,HOLDING
2018-08-23,17,NI,PNW,21.2986,59.8163,1.15,-1,-2.6435,-0.5,-3.1435,HOLDING
2018-08-24,17,NI,PNW,21.3143,60.1123,0.7209,-1,-1.5866,-0.5,-2.0866,HOLDING
2018-08-27,17,NI,PNW,21.2277,59.5943,1.0406,-1,-2.7311,-0.5,-3.2311,HOLDING
2018-08-28,17,NI,PNW,21.2277,58.7507,2.0364,-1,-6.2794,-0.5,-6.7794,HOLDING
2018-08-29,17,NI,PNW,21.464,58.8247,2.3865,-1,-8.7888,-0.5,-9.2888,HOLDING
2018-08-30,17,NI,PNW,21.3852,58.2475,2.3072,-1,-10.2763,-0.5,-10.7763,HOLDING
2018-08-31,17,NI,PNW,21.3222,58.1291,1.899,-1,-10.0221,-0.5,-10.5221,HOLDING
2018-09-04,17,NI,PNW,21.3616,58.5953,1.3603,-1,-8.5314,-0.5,-9.0314,HOLDING
2018-09-05,17,NI,PNW,21.6924,59.2317,1.4504,-1,-9.8035,-0.5,-10.3035,HOLDING
2018-09-06,17,NI,PNW,21.8027,59.3501,1.4633,-1,-10.6217,-0.5,-11.1217,HOLDING
2018-09-07,17,NI,PNW,21.5428,58.8987,1.1307,-1,-9.4177,-0.5,-9.9177,HOLDING
2018-09-10,17,NI,PNW,21.7554,59.2391,1.2731,-1,-10.5245,-0.5,-11.0245,HOLDING
2018-09-11,17,NI,PNW,21.8421,58.9727,1.6097,-1,-12.6792,-0.5,-13.1792,HOLDING
2018-09-12,17,NI,PNW,21.9681,59.0319,1.6847,-1,-13.9345,-0.5,-14.4345,HOLDING
2018-09-13,17,NI,PNW,22.1178,59.4833,1.4835,-1,-13.8223,-0.5,-14.3223,HOLDING
2018-09-14,17,NI,PNW,19.5263,59.4611,-3.4103,-1,17.017,-0.5,16.517,HOLDING
2018-09-17,17,NI,PNW,20.2667,59.8385,-1.9643,-1,9.7665,-0.5,9.2665,HOLDING
2018-09-18,17,NI,PNW,20.4164,59.8089,-1.5441,-1,7.8556,-0.5,7.3556,HOLDING
2018-09-19,17,NI,PNW,20.1171,58.4843,-1.2247,-1,5.8569,-0.5,5.3569,HOLDING
2018-09-20,17,NI,PNW,19.8729,58.8099,-1.5461,-1,10.1411,-0.5,9.6411,HOLDING
2018-09-21,17,NI,PNW,20.125,59.3649,-1.3249,-1,9.4669,-0.5,8.9669,HOLDING
2018-09-24,17,NI,PNW,19.9202,58.7359,-1.2065,-1,9.2657,-0.5,8.7657,HOLDING
2018-09-25,17,NI,PNW,19.6051,57.8553,-1.1242,-1,9.3227,-0.5,8.8227,HOLDING
2018-09-26,17,NI,PNW,19.3452,57.2854,-1.0927,-1,10.0286,-0.5,9.5286,HOLDING
2018-09-27,17,NI,PNW,19.5184,57.7886,-0.9856,-1,10.0767,-0.5,9.5767,HOLDING
2018-09-28,17,NI,PNW,19.6287,58.5953,-1.0587,-1,12.153,-0.5,11.653,HOLDING
2018-10-01,17,NI,PNW,19.5263,58.3807,-0.9894,-1,12.4727,-0.5,11.9727,HOLDING
2018-10-02,17,NI,PNW,19.739,58.7729,-0.8102,-1,11.5838,-0.5,11.0838,HOLDING
2018-10-03,17,NI,PNW,19.5421,58.2919,-0.7672,-1,11.9111,-0.5,11.4111,HOLDING
2018-10-04,17,NI,PNW,19.7311,59.3871,-0.885,-1,14.2613,-0.5,13.7613,HOLDING
2018-10-05,17,NI,PNW,19.6681,60.5342,-1.2868,-1,19.838,-0.5,19.338,HOLDING
2018-10-08,17,NI,PNW,19.7311,61.252,-1.3719,-1,22.1049,-0.5,21.6049,HOLDING
2018-10-09,17,NI,PNW,19.6839,61.659,-1.5096,-1,24.381,-0.5,23.881,HOLDING
2018-10-10,17,NI,PNW,19.7547,61.1928,-1.2251,-1,21.5739,-0.5,21.0739,HOLDING
2018-10-11,17,NI,PNW,19.4161,60.1641,-1.4563,-1,21.2902,-0.5,20.7902,HOLDING
2018-10-12,17,NI,PNW,19.1482,60.3121,-1.9149,-1,25.1094,-0.5,24.6094,HOLDING
2018-10-15,17,NI,PNW,19.4948,60.4453,-1.1461,-1,21.5328,-0.5,21.0328,HOLDING
2018-10-16,17,NI,PNW,19.8178,61.8218,-1.2516,-1,23.4672,-0.5,22.9672,HOLDING
2018-10-17,17,NI,PNW,19.7154,61.9328,-1.3923,-1,25.1565,-0.5,24.6565,HOLDING
2018-10-18,17,NI,PNW,19.8808,61.7774,-0.8656,-1,22.5283,-0.5,22.0283,HOLDING
2018-10-19,17,NI,PNW,20.0068,63.0132,-1.2735,-1,26.2222,-0.5,25.7222,HOLDING
2018-10-22,17,NI,PNW,19.8335,62.8356,-1.3667,-1,27.5435,-0.5,27.0435,HOLDING
2018-10-23,17,NI,PNW,19.928,62.2584,-0.7252,-1,23.9874,-0.5,23.4874,HOLDING
2018-10-24,17,NI,PNW,20.6291,63.9605,-0.3274,-1,22.7784,-0.5,22.2784,HOLDING
2018-10-25,17,NI,PNW,20.4164,62.4952,0.36,-1,19.1542,-0.5,18.6542,HOLDING
2018-10-26,17,NI,PNW,20.0383,61.1632,0.5954,-1,18.0645,-0.5,17.5645,HOLDING
2018-10-29,17,NI,PNW,20.3297,61.733,0.967,-1,16.9825,-0.5,16.4825,HOLDING
2018-10-30,17,NI,PNW,20.5401,61.9254,1.507,-1,15.2813,-0.5,14.7813,HOLDING
2018-10-31,17,NI,PNW,20.1274,61.4087,0.9662,-1,18.0345,-0.5,17.5345,HOLDING
2018-11-01,17,NI,PNW,20.1353,61.6402,0.8686,-1,18.9132,-0.5,18.4132,HOLDING
2018-11-02,17,NI,PNW,20.1829,61.5058,1.1347,-1,17.7795,-0.5,17.2795,HOLDING
2018-11-05,17,NI,PNW,20.5798,62.2748,1.4589,-1,16.2772,-0.5,15.7772,HOLDING
2018-11-06,17,NI,PNW,20.7147,63.2006,0.8137,-1,18.5606,-0.5,18.0606,HOLDING
2018-11-07,17,NI,PNW,20.7623,63.7531,0.3462,-1,20.316,-0.5,19.816,HOLDING
2018-11-08,17,NI,PNW,20.6036,65.3732,-1.6633,-1,29.0249,-0.5,28.5249,HOLDING
2018-11-09,17,NI,PNW,20.7623,66.0527,-1.7162,-1,29.988,-0.5,29.488,HOLDING
2018-11-12,17,NI,PNW,20.7147,66.3438,-1.8255,-1,31.7811,-0.5,31.2811,HOLDING
2018-11-13,17,NI,PNW,20.6036,66.635,-1.9993,-1,34.332,-0.5,33.832,HOLDING
2018-11-14,17,NI,PNW,20.3099,65.881,-1.8726,-1,34.6657,-0.5,34.1657,HOLDING
2018-11-15,17,NI,PNW,20.0877,66.2244,-2.1214,-1,38.7629,-0.5,38.2629,HOLDING
2018-11-16,17,NI,PNW,20.3893,65.9407,-1.2904,-1,33.9695,-0.5,33.4695,HOLDING
2018-11-19,17,NI,PNW,20.5798,66.3513,-1.1164,-1,33.4229,-0.5,32.9229,HOLDING
2018-11-20,17,NI,PNW,20.4369,65.9257,-1.0457,-1,33.3382,-0.5,32.8382,HOLDING
2018-11-21,17,NI,PNW,20.2861,65.3583,-0.9184,-1,32.7517,-0.5,32.2517,HOLDING
2018-11-23,17,NI,PNW,20.3734,65.9033,-0.952,-1,34.0019,-0.5,33.5019,HOLDING
2018-11-26,17,NI,PNW,20.4686,66.1796,-0.8464,-1,34.027,-0.5,33.527,HOLDING
2018-11-27,17,NI,PNW,20.6194,67.0233,-0.9285,-1,35.7755,-0.5,35.2755,HOLDING
2018-11-28,17,NI,PNW,20.4448,66.5305,-0.8858,-1,35.7872,-0.5,35.2872,HOLDING
2018-11-29,17,NI,PNW,20.675,66.3289,-0.3026,-1,32.1918,-0.5,31.6918,HOLDING
2018-11-30,17,NI,PNW,20.9687,66.7171,0.09,-1,30.3195,-0.5,29.8195,HOLDING
2018-12-03,17,NI,PNW,21.3814,67.3667,0.608,-1,28.1253,-0.5,27.6253,HOLDING
2018-12-04,17,NI,PNW,21.5004,67.2622,1.1629,-1,0.0,25.2251,25.2251,PERIOD_END_EXIT
2018-06-07,18,AIV,EQR,1.9006,48.191,0.0,0,0.0,0.0,0.0,HOLD_CASH
2018-06-08,18,AIV,EQR,1.9134,48.5594,0.0,0,0.0,0.0,0.0,HOLD_CASH
2018-06-11,18,AIV,EQR,1.9019,48.1384,0.0,0,0.0,0.0,0.0,HOLD_CASH
2018-06-12,18,AIV,EQR,1.9102,48.2662,0.0,0,0.0,0.0,0.0,HOLD_CASH
2018-06-13,18,AIV,EQR,1.8707,47.507,0.0,0,0.0,0.0,0.0,HOLD_CASH
2018-06-14,18,AIV,EQR,1.8992,47.9204,0.0,0,0.0,0.0,0.0,HOLD_CASH
2018-06-15,18,AIV,EQR,1.8932,47.7174,0.0,0,0.0,0.0,0.0,HOLD_CASH
2018-06-18,18,AIV,EQR,1.879,46.9207,0.0,0,0.0,0.0,0.0,HOLD_CASH
2018-06-19,18,AIV,EQR,1.8698,46.6125,0.0,0,0.0,0.0,0.0,HOLD_CASH
2018-06-20,18,AIV,EQR,1.9019,47.1011,0.0,0,0.0,0.0,0.0,HOLD_CASH
2018-06-21,18,AIV,EQR,1.929,47.2514,0.0,0,0.0,0.0,0.0,HOLD_CASH
2018-06-22,18,AIV,EQR,1.9451,47.858,0.0,0,0.0,0.0,0.0,HOLD_CASH
2018-06-25,18,AIV,EQR,1.9469,48.2674,0.0,0,0.0,0.0,0.0,HOLD_CASH
2018-06-26,18,AIV,EQR,1.9432,47.7897,0.0,0,0.0,0.0,0.0,HOLD_CASH
2018-06-27,18,AIV,EQR,1.9189,47.5319,0.0,0,0.0,0.0,0.0,HOLD_CASH
2018-06-28,18,AIV,EQR,1.9345,47.9944,0.0,0,0.0,0.0,0.0,HOLD_CASH
2018-06-29,18,AIV,EQR,1.9409,48.2902,0.0,0,0.0,0.0,0.0,HOLD_CASH
2018-07-02,18,AIV,EQR,1.9281,48.1233,0.0,0,0.0,0.0,0.0,HOLD_CASH
2018-07-03,18,AIV,EQR,1.9318,48.2219,0.0,0,0.0,0.0,0.0,HOLD_CASH
2018-07-05,18,AIV,EQR,1.94,48.7906,-0.567,0,0.0,0.0,0.0,HOLD_CASH
2018-07-06,18,AIV,EQR,1.9428,49.1242,-1.0761,0,0.0,0.0,0.0,HOLD_CASH
2018-07-09,18,AIV,EQR,1.9318,48.9422,-1.2759,0,0.0,0.0,0.0,HOLD_CASH
2018-07-10,18,AIV,EQR,1.9386,49.1848,-1.3716,0,0.0,0.0,0.0,HOLD_CASH
2018-07-11,18,AIV,EQR,1.9662,49.1848,-0.1516,0,0.0,0.0,0.0,HOLD_CASH
2018-07-12,18,AIV,EQR,1.9712,49.382,-0.3717,0,0.0,0.0,0.0,HOLD_CASH
2018-07-13,18,AIV,EQR,1.9575,48.9043,-0.1572,0,0.0,0.0,0.0,HOLD_CASH
2018-07-16,18,AIV,EQR,1.9492,48.8512,-0.5203,0,0.0,0.0,0.0,HOLD_CASH
2018-07-17,18,AIV,EQR,1.9285,48.419,-0.6689,0,0.0,0.0,0.0,HOLD_CASH
2018-07-18,18,AIV,EQR,1.9212,48.5631,-1.2432,0,0.0,0.0,0.0,HOLD_CASH
2018-07-19,18,AIV,EQR,1.9386,48.7451,-0.6469,0,0.0,0.0,0.0,HOLD_CASH
2018-07-20,18,AIV,EQR,1.9189,47.9338,0.1169,0,0.0,0.0,0.0,HOLD_CASH
2018-07-23,18,AIV,EQR,1.9088,47.9414,-0.4156,0,0.0,0.0,0.0,HOLD_CASH
2018-07-24,18,AIV,EQR,1.9038,48.1461,-1.1494,0,0.0,0.0,0.0,HOLD_CASH
2018-07-25,18,AIV,EQR,1.9295,48.9877,-1.5895,0,0.0,0.0,0.0,HOLD_CASH
2018-07-26,18,AIV,EQR,1.9391,48.9043,-0.6012,0,0.0,0.0,0.0,HOLD_CASH
2018-07-27,18,AIV,EQR,1.9221,48.5479,-0.7533,0,0.0,0.0,0.0,HOLD_CASH
2018-07-30,18,AIV,EQR,1.9166,48.3508,-0.4816,0,0.0,0.0,0.0,HOLD_CASH
2018-07-31,18,AIV,EQR,1.957,49.6094,-1.2228,0,0.0,0.0,0.0,HOLD_CASH
2018-08-01,18,AIV,EQR,1.9625,49.9734,-1.8033,0,0.0,0.0,0.0,HOLD_CASH
2018-08-02,18,AIV,EQR,1.9639,50.0189,-1.607,0,0.0,0.0,0.0,HOLD_CASH
2018-08-03,18,AIV,EQR,2.0102,50.7316,-0.1291,0,0.0,0.0,0.0,HOLD_CASH
2018-08-06,18,AIV,EQR,1.9887,50.7998,-1.8686,0,0.0,0.0,0.0,HOLD_CASH
2018-08-07,18,AIV,EQR,1.9919,50.7316,-1.3522,0,0.0,0.0,0.0,HOLD_CASH
2018-08-08,18,AIV,EQR,1.9786,50.4586,-1.3861,0,0.0,0.0,0.0,HOLD_CASH
2018-08-09,18,AIV,EQR,1.9832,50.7164,-1.5792,0,0.0,0.0,0.0,HOLD_CASH
2018-08-10,18,AIV,EQR,1.968,50.0113,-0.6302,0,0.0,0.0,0.0,HOLD_CASH
2018-08-13,18,AIV,EQR,1.9616,50.307,-1.7542,0,0.0,0.0,0.0,HOLD_CASH
2018-08-14,18,AIV,EQR,1.9868,50.4965,-0.3941,0,0.0,0.0,0.0,HOLD_CASH
2018-08-15,18,AIV,EQR,2.0066,50.9211,-0.1401,0,0.0,0.0,0.0,HOLD_CASH
2018-08-16,18,AIV,EQR,2.0135,51.0955,-0.0688,0,0.0,0.0,0.0,HOLD_CASH
2018-08-17,18,AIV,EQR,2.0325,51.4443,0.528,0,0.0,0.0,0.0,HOLD_CASH
2018-08-20,18,AIV,EQR,2.0357,51.3685,1.2455,0,0.0,0.0,0.0,HOLD_CASH
2018-08-21,18,AIV,EQR,2.0112,50.7847,1.0718,0,0.0,0.0,0.0,HOLD_CASH
2018-08-22,18,AIV,EQR,2.0126,50.724,1.31,0,0.0,0.0,0.0,HOLD_CASH
2018-08-23,18,AIV,EQR,2.0112,50.6937,1.2781,0,0.0,0.0,0.0,HOLD_CASH
2018-08-24,18,AIV,EQR,2.0241,51.1259,0.8861,0,0.0,0.0,0.0,HOLD_CASH
2018-08-27,18,AIV,EQR,2.0311,51.1638,1.3575,0,0.0,0.0,0.0,HOLD_CASH
2018-08-28,18,AIV,EQR,2.0468,51.5049,1.4061,0,0.0,0.0,0.0,HOLD_CASH
2018-08-29,18,AIV,EQR,2.045,51.4974,1.1461,0,0.0,0.0,0.0,HOLD_CASH
2018-08-30,18,AIV,EQR,2.0278,51.3002,0.3059,0,0.0,0.0,0.0,HOLD_CASH
2018-08-31,18,AIV,EQR,2.0274,51.3685,0.0696,0,0.0,0.0,0.0,HOLD_CASH
2018-09-04,18,AIV,EQR,2.013,50.815,0.6534,0,0.0,0.0,0.0,HOLD_CASH
2018-09-05,18,AIV,EQR,2.0237,51.1259,0.4357,0,0.0,0.0,0.0,HOLD_CASH
2018-09-06,18,AIV,EQR,2.0302,51.5504,-0.5919,0,0.0,0.0,0.0,HOLD_CASH
2018-09-07,18,AIV,EQR,2.0241,50.9818,0.9552,0,0.0,0.0,0.0,HOLD_CASH
2018-09-10,18,AIV,EQR,2.0454,51.4064,1.2828,0,0.0,0.0,0.0,HOLD_CASH
2018-09-11,18,AIV,EQR,2.0547,51.558,1.8043,0,0.0,0.0,0.0,HOLD_CASH
2018-09-12,18,AIV,EQR,2.0515,51.376,2.0612,-1,0.0,-0.5,-0.5,ENTER_SHORT_A
2018-09-13,18,AIV,EQR,2.0639,51.6642,1.9126,-1,-0.121,-0.5,-0.621,HOLDING
2018-09-14,18,AIV,EQR,2.0427,51.4291,0.3512,-1,1.33,-0.5,0.83,HOLDING
2018-09-17,18,AIV,EQR,2.0584,51.8613,0.1011,-1,1.5152,-0.5,1.0152,HOLDING
2018-09-18,18,AIV,EQR,2.0528,51.3836,1.6991,-1,-0.1324,-0.5,-0.6324,HOLDING
2018-09-19,18,AIV,EQR,2.0376,50.8074,2.1895,-1,-1.0749,-0.5,-1.5749,HOLDING
2018-09-20,18,AIV,EQR,2.0579,51.4974,1.2512,-1,-0.1993,-0.5,-0.6993,HOLDING
2018-09-21,18,AIV,EQR,2.0658,51.7343,0.9887,-1,-0.0054,-0.5,-0.5054,HOLDING
2018-09-24,18,AIV,EQR,2.0172,50.5191,0.8877,-1,0.0041,-0.5,-0.4959,HOLDING
2018-09-25,18,AIV,EQR,2.0246,50.6261,1.1006,-1,-0.3777,-0.5,-0.8777,HOLDING
2018-09-26,18,AIV,EQR,2.0042,49.6707,2.3202,-1,-2.5446,-0.5,-3.0446,HOLDING
2018-09-27,18,AIV,EQR,2.0093,49.6402,2.2836,-1,-3.3138,-0.5,-3.8138,HOLDING
2018-09-28,18,AIV,EQR,2.0427,50.6414,1.5713,-1,-2.5033,-0.5,-3.0033,HOLDING
2018-10-01,18,AIV,EQR,2.0297,50.4732,1.0492,-1,-1.7421,-0.5,-2.2421,HOLDING
2018-10-02,18,AIV,EQR,2.0422,50.6261,1.3446,-1,-2.5212,-0.5,-3.0212,HOLDING
2018-10-03,18,AIV,EQR,2.0186,49.9535,1.4342,-1,-2.9172,-0.5,-3.4172,HOLDING
2018-10-04,18,AIV,EQR,2.0066,49.6478,1.4033,-1,-2.9383,-0.5,-3.4383,HOLDING
2018-10-05,18,AIV,EQR,2.0144,49.5943,1.8898,-1,-4.1575,-0.5,-4.6575,HOLDING
2018-10-08,18,AIV,EQR,2.0436,49.9077,2.433,-1,-6.1864,-0.5,-6.6864,HOLDING
2018-10-09,18,AIV,EQR,2.0538,50.0987,2.1297,-1,-6.4975,-0.5,-6.9975,HOLDING
2018-10-10,18,AIV,EQR,2.0126,49.4414,1.2129,-1,-4.6756,-0.5,-5.1756,HOLDING
2018-10-11,18,AIV,EQR,1.9501,48.0504,0.8049,-1,-3.8293,-0.5,-4.3293,HOLDING
2018-10-12,18,AIV,EQR,1.9371,47.8976,0.3549,-1,-2.9937,-0.5,-3.4937,HOLDING
2018-10-15,18,AIV,EQR,1.9635,48.1345,1.2503,-1,-5.056,-0.5,-5.556,HOLDING
2018-10-16,18,AIV,EQR,1.9931,49.2045,0.331,-1,-3.4595,-0.5,-3.9595,HOLDING
2018-10-17,18,AIV,EQR,1.9829,48.9676,0.2375,-1,-3.3714,-0.5,-3.8714,HOLDING
2018-10-18,18,AIV,EQR,1.9806,49.2275,-0.6785,-1,-1.8249,-0.5,-2.3249,HOLDING
2018-10-19,18,AIV,EQR,2.001,49.579,-0.3551,-1,-2.5961,-0.5,-3.0961,HOLDING
2018-10-22,18,AIV,EQR,1.9658,48.5625,-0.0158,-1,-3.2554,-0.5,-3.7554,HOLDING
2018-10-23,18,AIV,EQR,1.9672,48.7154,-0.571,-1,-2.6808,-0.5,-3.1808,HOLDING
2018-10-24,18,AIV,EQR,1.9737,50.007,-3.17,-1,2.8147,-0.5,2.3147,HOLDING
2018-10-25,18,AIV,EQR,2.0033,50.4885,-2.0651,-1,1.5476,-0.5,1.0476,HOLDING
2018-10-26,18,AIV,EQR,1.9663,49.5561,-1.7932,-1,1.523,-0.5,1.023,HOLDING
2018-10-29,18,AIV,EQR,2.007,50.6108,-1.648,-1,1.6914,-0.5,1.1914,HOLDING
2018-10-30,18,AIV,EQR,2.0246,50.2745,-0.1929,-1,-2.0885,-0.5,-2.5885,HOLDING
2018-10-31,18,AIV,EQR,1.9922,49.6478,-0.4939,-1,-1.1896,-0.5,-1.6896,HOLDING
2018-11-01,18,AIV,EQR,1.9904,49.5408,-0.3507,-1,-1.4846,-0.5,-1.9846,HOLDING
2018-11-02,18,AIV,EQR,2.0144,49.2504,1.2425,-1,-5.8311,-0.5,-6.3311,HOLDING
2018-11-05,18,AIV,EQR,2.0274,50.1905,0.1871,-1,-2.836,-0.5,-3.336,HOLDING
2018-11-06,18,AIV,EQR,2.0732,50.8401,1.1547,-1,-5.2593,-0.5,-5.7593,HOLDING
2018-11-07,18,AIV,EQR,2.1001,51.5662,1.0204,-1,-4.9978,-0.5,-5.4978,HOLDING
2018-11-08,18,AIV,EQR,2.1107,51.4362,1.6046,-1,-6.9274,-0.5,-7.4274,HOLDING
2018-11-09,18,AIV,EQR,2.1126,51.5738,1.3153,-1,-6.4836,-0.5,-6.9836,HOLDING
2018-11-12,18,AIV,EQR,2.1223,51.9941,1.0001,-1,-5.6227,-0.5,-6.1227,HOLDING
2018-11-13,18,AIV,EQR,2.1311,52.0782,1.1368,-1,-6.2853,-0.5,-6.7853,HOLDING
2018-11-14,18,AIV,EQR,2.1056,52.5521,-0.5965,-1,-0.8771,-0.5,-1.3771,HOLDING
2018-11-15,18,AIV,EQR,2.0841,51.8031,-0.2517,-1,-1.9052,-0.5,-2.4052,HOLDING
2018-11-16,18,AIV,EQR,2.1308,53.0106,-0.3089,-1,-1.7174,-0.5,-2.2174,HOLDING
2018-11-19,18,AIV,EQR,2.1458,53.0412,0.2303,-1,-3.3887,-0.5,-3.8887,HOLDING
2018-11-20,18,AIV,EQR,2.142,53.1559,-0.0876,-1,-2.3759,-0.5,-2.8759,HOLDING
2018-11-21,18,AIV,EQR,2.1537,53.1176,0.3477,-1,-3.9839,-0.5,-4.4839,HOLDING
2018-11-23,18,AIV,EQR,2.1481,52.8196,0.5524,-1,-4.7518,-0.5,-5.2518,HOLDING
2018-11-26,18,AIV,EQR,2.1481,53.0794,-0.0382,-1,-3.4873,-0.5,-3.9873,HOLDING
2018-11-27,18,AIV,EQR,2.1509,53.3851,-0.7265,-1,-2.341,-0.5,-2.841,HOLDING
2018-11-28,18,AIV,EQR,2.1607,53.6679,-0.8196,-1,-2.1594,-0.5,-2.6594,HOLDING
2018-11-29,18,AIV,EQR,2.1542,53.7061,-1.2987,-1,-1.1771,-0.5,-1.6771,HOLDING
2018-11-30,18,AIV,EQR,2.198,54.4551,-0.5241,-1,-2.8795,-0.5,-3.3795,HOLDING
2018-12-03,18,AIV,EQR,2.199,54.9366,-1.4666,-1,-0.6502,-0.5,-1.1502,HOLDING
2018-12-04,18,AIV,EQR,2.1509,54.0806,-1.9576,-1,0.0,0.0181,0.0181,PERIOD_END_EXIT
2018-06-07,19,LNT,WEC,30.9652,46.3745,0.0,0,0.0,0.0,0.0,HOLD_CASH
2018-06-08,19,LNT,WEC,30.9968,46.437,0.0,0,0.0,0.0,0.0,HOLD_CASH
2018-06-11,19,LNT,WEC,30.3252,45.7654,0.0,0,0.0,0.0,0.0,HOLD_CASH
2018-06-12,19,LNT,WEC,30.8546,46.3355,0.0,0,0.0,0.0,0.0,HOLD_CASH
2018-06-13,19,LNT,WEC,30.9494,46.1637,0.0,0,0.0,0.0,0.0,HOLD_CASH
2018-06-14,19,LNT,WEC,31.3049,46.7494,0.0,0,0.0,0.0,0.0,HOLD_CASH
2018-06-15,19,LNT,WEC,31.5736,47.3273,0.0,0,0.0,0.0,0.0,HOLD_CASH
2018-06-18,19,LNT,WEC,31.8659,47.5772,0.0,0,0.0,0.0,0.0,HOLD_CASH
2018-06-19,19,LNT,WEC,32.4585,48.2411,0.0,0,0.0,0.0,0.0,HOLD_CASH
2018-06-20,19,LNT,WEC,32.4348,48.3114,0.0,0,0.0,0.0,0.0,HOLD_CASH
2018-06-21,19,LNT,WEC,32.3716,48.4441,0.0,0,0.0,0.0,0.0,HOLD_CASH
2018-06-22,19,LNT,WEC,32.4664,48.6472,0.0,0,0.0,0.0,0.0,HOLD_CASH
2018-06-25,19,LNT,WEC,33.3909,49.5453,0.0,0,0.0,0.0,0.0,HOLD_CASH
2018-06-26,19,LNT,WEC,33.4067,49.5141,0.0,0,0.0,0.0,0.0,HOLD_CASH
2018-06-27,19,LNT,WEC,33.5094,49.9748,0.0,0,0.0,0.0,0.0,HOLD_CASH
2018-06-28,19,LNT,WEC,33.4699,50.3419,0.0,0,0.0,0.0,0.0,HOLD_CASH
2018-06-29,19,LNT,WEC,33.4383,50.4903,0.0,0,0.0,0.0,0.0,HOLD_CASH
2018-07-02,19,LNT,WEC,33.7464,50.8808,0.0,0,0.0,0.0,0.0,HOLD_CASH
2018-07-03,19,LNT,WEC,33.9677,50.9042,0.0,0,0.0,0.0,0.0,HOLD_CASH
2018-07-05,19,LNT,WEC,34.2995,51.2947,0.1097,0,0.0,0.0,0.0,HOLD_CASH
2018-07-06,19,LNT,WEC,34.6393,51.8648,-0.1213,0,0.0,0.0,0.0,HOLD_CASH
2018-07-09,19,LNT,WEC,33.3277,50.0061,-0.506,0,0.0,0.0,0.0,HOLD_CASH
2018-07-10,19,LNT,WEC,33.62,50.3966,-0.4176,0,0.0,0.0,0.0,HOLD_CASH
2018-07-11,19,LNT,WEC,34.0625,51.0057,-0.2342,0,0.0,0.0,0.0,HOLD_CASH
2018-07-12,19,LNT,WEC,34.0862,51.2166,-0.8602,0,0.0,0.0,0.0,HOLD_CASH
2018-07-13,19,LNT,WEC,33.9203,50.912,-0.5826,0,0.0,0.0,0.0,HOLD_CASH
2018-07-16,19,LNT,WEC,33.8017,50.7949,-0.7896,0,0.0,0.0,0.0,HOLD_CASH
2018-07-17,19,LNT,WEC,33.8808,50.7011,0.0754,0,0.0,0.0,0.0,HOLD_CASH
2018-07-18,19,LNT,WEC,33.7306,50.545,-0.1237,0,0.0,0.0,0.0,HOLD_CASH
2018-07-19,19,LNT,WEC,33.944,50.9511,-0.4212,0,0.0,0.0,0.0,HOLD_CASH
2018-07-20,19,LNT,WEC,33.6121,50.6387,-1.1276,0,0.0,0.0,0.0,HOLD_CASH
2018-07-23,19,LNT,WEC,33.3277,50.2169,-1.062,0,0.0,0.0,0.0,HOLD_CASH
2018-07-24,19,LNT,WEC,33.3356,50.3185,-1.3766,0,0.0,0.0,0.0,HOLD_CASH
2018-07-25,19,LNT,WEC,33.2803,50.3263,-1.8688,0,0.0,0.0,0.0,HOLD_CASH
2018-07-26,19,LNT,WEC,34.023,51.1307,-0.0684,0,0.0,0.0,0.0,HOLD_CASH
2018-07-27,19,LNT,WEC,33.9282,51.3025,-1.7216,0,0.0,0.0,0.0,HOLD_CASH
2018-07-30,19,LNT,WEC,33.6932,50.9198,-1.5288,0,0.0,0.0,0.0,HOLD_CASH
2018-07-31,19,LNT,WEC,34.2188,51.8336,-1.9183,0,0.0,0.0,0.0,HOLD_CASH
2018-08-01,19,LNT,WEC,33.741,51.1854,-1.9363,0,0.0,0.0,0.0,HOLD_CASH
2018-08-02,19,LNT,WEC,33.8207,51.2869,-1.6425,0,0.0,0.0,0.0,HOLD_CASH
2018-08-03,19,LNT,WEC,34.0516,51.8023,-1.999,0,0.0,0.0,0.0,HOLD_CASH
2018-08-06,19,LNT,WEC,34.171,51.9195,-1.5363,0,0.0,0.0,0.0,HOLD_CASH
2018-08-07,19,LNT,WEC,33.9162,51.7711,-2.0463,1,0.0,-0.5,-0.5,ENTER_LONG_A
2018-08-08,19,LNT,WEC,33.8207,52.0054,-2.5901,1,-1.8357,-0.5,-2.3357,HOLDING
2018-08-09,19,LNT,WEC,34.0675,52.31,-1.9961,1,-1.4868,-0.5,-1.9868,HOLDING
2018-08-10,19,LNT,WEC,34.0197,52.4427,-2.0951,1,-2.4802,-0.5,-2.9802,HOLDING
2018-08-13,19,LNT,WEC,34.0197,52.6735,-2.1521,1,-3.5943,-0.5,-4.0943,HOLDING
2018-08-14,19,LNT,WEC,34.0277,52.5632,-1.6939,1,-3.0033,-0.5,-3.5033,HOLDING
2018-08-15,19,LNT,WEC,34.2586,52.9569,-1.5785,1,-3.2023,-0.5,-3.7023,HOLDING
2018-08-16,19,LNT,WEC,34.5931,53.5003,-1.4638,1,-3.3607,-0.5,-3.8607,HOLDING
2018-08-17,19,LNT,WEC,34.7126,53.7523,-1.4186,1,-3.6971,-0.5,-4.1971,HOLDING
2018-08-20,19,LNT,WEC,34.617,53.7444,-1.4907,1,-4.3635,-0.5,-4.8635,HOLDING
2018-08-21,19,LNT,WEC,34.402,53.3664,-1.2735,1,-4.1231,-0.5,-4.6231,HOLDING
2018-08-22,19,LNT,WEC,34.1233,52.9412,-1.162,1,-4.1242,-0.5,-4.6242,HOLDING
2018-08-23,19,LNT,WEC,34.2746,53.0042,-0.79,1,-3.3131,-0.5,-3.8131,HOLDING
2018-08-24,19,LNT,WEC,34.3861,53.3901,-1.0924,1,-4.3546,-0.5,-4.8546,HOLDING
2018-08-27,19,LNT,WEC,34.0755,52.8388,-0.8803,1,-3.9821,-0.5,-4.4821,HOLDING
2018-08-28,19,LNT,WEC,33.9242,52.7128,-1.0268,1,-4.489,-0.5,-4.989,HOLDING
2018-08-29,19,LNT,WEC,34.179,53.1066,-0.9477,1,-4.5118,-0.5,-5.0118,HOLDING
2018-08-30,19,LNT,WEC,34.2347,53.4137,-1.4088,1,-5.5839,-0.5,-6.0839,HOLDING
2018-08-31,19,LNT,WEC,34.1153,53.2168,-1.318,1,-5.5138,-0.5,-6.0138,HOLDING
2018-09-04,19,LNT,WEC,34.3144,53.7523,-1.9532,1,-6.6321,-0.5,-7.1321,HOLDING
2018-09-05,19,LNT,WEC,34.824,54.2799,-1.097,1,-5.4231,-0.5,-5.9231,HOLDING
2018-09-06,19,LNT,WEC,34.9276,54.5634,-1.4254,1,-6.0289,-0.5,-6.5289,HOLDING
2018-09-07,19,LNT,WEC,34.4577,53.9885,-1.9024,1,-6.7162,-0.5,-7.2162,HOLDING
2018-09-10,19,LNT,WEC,34.8639,54.4295,-1.0376,1,-5.8522,-0.5,-6.3522,HOLDING
2018-09-11,19,LNT,WEC,34.7205,54.3035,-1.2948,1,-6.3003,-0.5,-6.8003,HOLDING
2018-09-12,19,LNT,WEC,34.7126,54.0988,-0.4376,1,-5.3702,-0.5,-5.8702,HOLDING
2018-09-13,19,LNT,WEC,34.9594,54.3744,0.1092,1,-4.8816,-0.5,-5.3816,HOLDING
2018-09-14,19,LNT,WEC,34.9037,54.1775,0.6973,1,-4.3418,-0.5,-4.8418,HOLDING
2018-09-17,19,LNT,WEC,35.0311,54.0358,2.0984,1,-2.7181,-0.5,-3.2181,HOLDING
2018-09-18,19,LNT,WEC,34.9116,53.8153,1.9479,1,-2.5339,-0.5,-3.0339,HOLDING
2018-09-19,19,LNT,WEC,34.1153,52.7286,1.2821,1,-3.1561,-0.5,-3.6561,HOLDING
2018-09-20,19,LNT,WEC,34.3383,52.8782,1.796,1,-2.2351,-0.5,-2.7351,HOLDING
2018-09-21,19,LNT,WEC,34.4259,52.9491,1.8313,1,-1.9317,-0.5,-2.4317,HOLDING
2018-09-24,19,LNT,WEC,34.179,52.4766,1.8425,1,-1.4697,-0.5,-1.9697,HOLDING
2018-09-25,19,LNT,WEC,33.6375,51.7758,1.3183,1,-2.0769,-0.5,-2.5769,HOLDING
2018-09-26,19,LNT,WEC,33.2712,51.2166,1.1852,1,-2.0772,-0.5,-2.5772,HOLDING
2018-09-27,19,LNT,WEC,33.4942,51.8466,0.3529,1,-3.4757,-0.5,-3.9757,HOLDING
2018-09-28,19,LNT,WEC,33.9003,52.5711,0.046,1,-3.9805,-0.5,-4.4805,HOLDING
2018-10-01,19,LNT,WEC,33.7729,52.4845,-0.2981,1,-4.5014,-0.5,-5.0014,HOLDING
2018-10-02,19,LNT,WEC,34.3383,53.2877,-0.167,1,-4.2124,-0.5,-4.7124,HOLDING
2018-10-03,19,LNT,WEC,33.8923,52.5947,-0.2036,1,-4.1533,-0.5,-4.6533,HOLDING
2018-10-04,19,LNT,WEC,34.0596,52.9806,-0.6505,1,-4.7839,-0.5,-5.2839,HOLDING
2018-10-05,19,LNT,WEC,34.7285,53.768,0.0468,1,-3.6558,-0.5,-4.1558,HOLDING
2018-10-08,19,LNT,WEC,35.1267,54.1303,0.8456,1,-2.47,-0.5,-2.97,HOLDING
2018-10-09,19,LNT,WEC,35.1187,54.3822,-0.2454,1,-3.7455,-0.5,-4.2455,HOLDING
2018-10-10,19,LNT,WEC,34.9674,54.2405,-0.7353,1,-4.1763,-0.5,-4.6763,HOLDING
2018-10-11,19,LNT,WEC,33.9401,53.1696,-2.5679,1,-6.577,-0.5,-7.077,HOLDING
2018-10-12,19,LNT,WEC,33.8127,53.1459,-2.5353,1,-7.4021,-0.5,-7.9021,HOLDING
2018-10-15,19,LNT,WEC,33.8923,53.5003,-2.4977,1,-8.5262,-0.5,-9.0262,HOLDING
2018-10-16,19,LNT,WEC,34.3064,54.3901,-2.4188,1,-9.7709,-0.5,-10.2709,HOLDING
2018-10-17,19,LNT,WEC,34.4259,54.5398,-1.9602,1,-9.613,-0.5,-10.113,HOLDING
2018-10-18,19,LNT,WEC,34.4975,54.5476,-1.5538,1,-9.1227,-0.5,-9.6227,HOLDING
2018-10-19,19,LNT,WEC,35.0789,55.5713,-1.5388,1,-9.781,-0.5,-10.281,HOLDING
2018-10-22,19,LNT,WEC,34.7763,55.2721,-1.6406,1,-10.5666,-0.5,-11.0666,HOLDING
2018-10-23,19,LNT,WEC,34.7205,55.0595,-1.298,1,-9.9508,-0.5,-10.4508,HOLDING
2018-10-24,19,LNT,WEC,35.3098,56.4375,-1.7742,1,-12.2617,-0.5,-12.7617,HOLDING
2018-10-25,19,LNT,WEC,34.6568,55.5871,-1.7961,1,-12.9682,-0.5,-13.4682,HOLDING
2018-10-26,19,LNT,WEC,34.1312,54.2484,-0.9536,1,-10.3778,-0.5,-10.8778,HOLDING
2018-10-29,19,LNT,WEC,34.7444,54.9492,-0.4841,1,-9.2423,-0.5,-9.7423,HOLDING
2018-10-30,19,LNT,WEC,34.9169,54.9256,0.0188,1,-7.8565,-0.5,-8.3565,HOLDING
2018-10-31,19,LNT,WEC,34.4916,53.8625,0.6888,1,-5.858,-0.5,-6.358,HOLDING
2018-11-01,19,LNT,WEC,34.3953,53.453,1.1054,1,-4.5904,-0.5,-5.0904,HOLDING
2018-11-02,19,LNT,WEC,34.0823,52.7601,1.4458,1,-3.5512,-0.5,-4.0512,HOLDING
2018-11-05,19,LNT,WEC,34.4675,53.2404,1.6789,1,-3.0315,-0.5,-3.5315,HOLDING
2018-11-06,19,LNT,WEC,34.7966,53.768,1.6123,1,-3.1539,-0.5,-3.6539,HOLDING
2018-11-07,19,LNT,WEC,35.1738,54.1618,1.7928,1,-2.2749,-0.5,-2.7749,HOLDING
2018-11-08,19,LNT,WEC,35.1738,54.4059,1.3027,1,-3.4537,-0.5,-3.9537,HOLDING
2018-11-09,19,LNT,WEC,35.7997,55.1225,1.4843,1,-2.3,-0.5,-2.8,HOLDING
2018-11-12,19,LNT,WEC,36.2651,55.7918,1.3783,1,-2.1016,-0.5,-2.6016,HOLDING
2018-11-13,19,LNT,WEC,36.209,55.9529,0.9626,1,-3.2937,-0.5,-3.7937,HOLDING
2018-11-14,19,LNT,WEC,35.8398,55.5085,0.7253,1,-3.8685,-0.5,-4.3685,HOLDING
2018-11-15,19,LNT,WEC,36.209,55.9609,0.7929,1,-3.332,-0.5,-3.832,HOLDING
2018-11-16,19,LNT,WEC,36.3133,56.2783,0.5296,1,-4.096,-0.5,-4.596,HOLDING
2018-11-19,19,LNT,WEC,36.4176,56.8259,-0.025,1,-5.9713,-0.5,-6.4713,HOLDING
2018-11-20,19,LNT,WEC,36.3213,57.318,-0.9073,1,-9.0574,-0.5,-9.5574,HOLDING
2018-11-21,19,LNT,WEC,35.3664,56.1752,-1.4931,1,-10.5778,-0.5,-11.0778,HOLDING
2018-11-23,19,LNT,WEC,35.2941,55.9291,-1.4993,1,-9.9221,-0.5,-10.4221,HOLDING
2018-11-26,19,LNT,WEC,35.5429,56.0243,-1.1282,1,-8.5482,-0.5,-9.0482,HOLDING
2018-11-27,19,LNT,WEC,35.9441,56.3656,-0.7171,1,-7.2386,-0.5,-7.7386,HOLDING
2018-11-28,19,LNT,WEC,35.9281,56.0878,-0.3209,1,-6.0154,-0.5,-6.5154,HOLDING
2018-11-29,19,LNT,WEC,35.8479,56.3498,-0.9624,1,-7.8718,-0.5,-8.3718,HOLDING
2018-11-30,19,LNT,WEC,36.4257,57.5244,-1.2803,1,-9.285,-0.5,-9.785,HOLDING
2018-12-03,19,LNT,WEC,36.8349,57.9291,-0.8067,1,-8.2226,-0.5,-8.7226,HOLDING
2018-12-04,19,LNT,WEC,37.0516,58.1593,-0.5611,1,0.0,-8.791,-8.791,PERIOD_END_EXIT
2018-06-07,20,CMA,RF,67.9961,13.9629,0.0,0,0.0,0.0,0.0,HOLD_CASH
2018-06-08,20,CMA,RF,67.8204,13.9995,0.0,0,0.0,0.0,0.0,HOLD_CASH
2018-06-11,20,CMA,RF,66.5831,13.8237,0.0,0,0.0,0.0,0.0,HOLD_CASH
2018-06-12,20,CMA,RF,67.3283,13.8823,0.0,0,0.0,0.0,0.0,HOLD_CASH
2018-06-13,20,CMA,RF,67.4056,13.8383,0.0,0,0.0,0.0,0.0,HOLD_CASH
2018-06-14,20,CMA,RF,67.1516,13.6405,0.0,0,0.0,0.0,0.0,HOLD_CASH
2018-06-15,20,CMA,RF,66.7212,13.6186,0.0,0,0.0,0.0,0.0,HOLD_CASH
2018-06-18,20,CMA,RF,66.7988,13.7138,0.0,0,0.0,0.0,0.0,HOLD_CASH
2018-06-19,20,CMA,RF,67.2433,13.8823,0.0,0,0.0,0.0,0.0,HOLD_CASH
2018-06-20,20,CMA,RF,67.4056,13.853,0.0,0,0.0,0.0,0.0,HOLD_CASH
2018-06-21,20,CMA,RF,67.7372,13.8603,0.0,0,0.0,0.0,0.0,HOLD_CASH
2018-06-22,20,CMA,RF,67.335,13.5746,0.0,0,0.0,0.0,0.0,HOLD_CASH
2018-06-25,20,CMA,RF,66.312,13.4427,0.0,0,0.0,0.0,0.0,HOLD_CASH
2018-06-26,20,CMA,RF,65.4795,13.3182,0.0,0,0.0,0.0,0.0,HOLD_CASH
2018-06-27,20,CMA,RF,64.2025,13.0838,0.0,0,0.0,0.0,0.0,HOLD_CASH
2018-06-28,20,CMA,RF,64.4424,13.179,0.0,0,0.0,0.0,0.0,HOLD_CASH
2018-06-29,20,CMA,RF,64.1461,13.0252,0.0,0,0.0,0.0,0.0,HOLD_CASH
2018-07-02,20,CMA,RF,64.7458,13.1058,0.0,0,0.0,0.0,0.0,HOLD_CASH
2018-07-03,20,CMA,RF,63.8074,12.864,0.0,0,0.0,0.0,0.0,HOLD_CASH
2018-07-05,20,CMA,RF,63.7298,12.7908,1.8858,0,0.0,0.0,0.0,HOLD_CASH
2018-07-06,20,CMA,RF,63.9344,12.886,1.2741,0,0.0,0.0,0.0,HOLD_CASH
2018-07-09,20,CMA,RF,65.6982,13.2376,1.1831,0,0.0,0.0,0.0,HOLD_CASH
2018-07-10,20,CMA,RF,65.2467,13.0984,1.4825,0,0.0,0.0,0.0,HOLD_CASH
2018-07-11,20,CMA,RF,64.6399,12.9592,1.4831,0,0.0,0.0,0.0,HOLD_CASH
2018-07-12,20,CMA,RF,63.8427,12.8347,1.0619,0,0.0,0.0,0.0,HOLD_CASH
2018-07-13,20,CMA,RF,63.116,12.6076,1.5798,0,0.0,0.0,0.0,HOLD_CASH
2018-07-16,20,CMA,RF,63.9909,12.8274,1.0874,0,0.0,0.0,0.0,HOLD_CASH
2018-07-17,20,CMA,RF,64.8093,12.9226,1.4808,0,0.0,0.0,0.0,HOLD_CASH
2018-07-18,20,CMA,RF,66.1568,13.2303,1.1247,0,0.0,0.0,0.0,HOLD_CASH
2018-07-19,20,CMA,RF,66.0157,12.908,2.8842,-1,0.0,-0.5,-0.5,ENTER_SHORT_A
2018-07-20,20,CMA,RF,66.4743,13.0545,2.1046,-1,1.101,-0.5,0.601,HOLDING
2018-07-23,20,CMA,RF,67.5678,13.3841,1.1989,-1,3.3446,-0.5,2.8446,HOLDING
2018-07-24,20,CMA,RF,67.3774,13.3841,0.8637,-1,4.0659,-0.5,3.5659,HOLDING
2018-07-25,20,CMA,RF,67.8007,13.3988,1.1856,-1,2.7467,-0.5,2.2467,HOLDING
2018-07-26,20,CMA,RF,67.201,13.472,-0.1327,-1,6.4364,-0.5,5.9364,HOLDING
2018-07-27,20,CMA,RF,67.9347,13.5966,-0.0896,-1,6.0699,-0.5,5.5699,HOLDING
2018-07-30,20,CMA,RF,68.1675,13.7871,-1.2382,-1,8.8772,-0.5,8.3772,HOLDING
2018-07-31,20,CMA,RF,68.3933,13.6332,0.2489,-1,5.0426,-0.5,4.5426,HOLDING
2018-08-01,20,CMA,RF,68.8731,13.7944,-0.3333,-1,6.3471,-0.5,5.8471,HOLDING
2018-08-02,20,CMA,RF,69.4163,13.9702,-0.8636,-1,7.6951,-0.5,7.1951,HOLDING
2018-08-03,20,CMA,RF,69.1553,14.0215,-1.6033,-1,9.6768,-0.5,9.1768,HOLDING
2018-08-06,20,CMA,RF,68.8307,14.0068,-1.8068,-1,10.6222,-0.5,10.1222,HOLDING
2018-08-07,20,CMA,RF,69.113,14.146,-2.0276,-1,12.2492,-0.5,11.7492,HOLDING
2018-08-08,20,CMA,RF,69.5716,14.19,-1.5285,-1,11.3638,-0.5,10.8638,HOLDING
2018-08-09,20,CMA,RF,69.0777,14.124,-1.5531,-1,11.9571,-0.5,11.4571,HOLDING
2018-08-10,20,CMA,RF,68.5344,14.0142,-1.3904,-1,11.8862,-0.5,11.3862,HOLDING
2018-08-13,20,CMA,RF,67.9136,13.8823,-1.2365,-1,11.6835,-0.5,11.1835,HOLDING
2018-08-14,20,CMA,RF,68.8449,14.0654,-1.0854,-1,11.7037,-0.5,11.2037,HOLDING
2018-08-15,20,CMA,RF,68.1958,13.9702,-1.1476,-1,12.3172,-0.5,11.8172,HOLDING
2018-08-16,20,CMA,RF,69.628,14.2119,-0.8424,-1,11.5757,-0.5,11.0757,HOLDING
2018-08-17,20,CMA,RF,70.009,14.2779,-0.7174,-1,11.41,-0.5,10.91,HOLDING
2018-08-20,20,CMA,RF,70.0372,14.2706,-0.5677,-1,11.1612,-0.5,10.6612,HOLDING
2018-08-21,20,CMA,RF,70.1501,14.3145,-0.6225,-1,11.585,-0.5,11.085,HOLDING
2018-08-22,20,CMA,RF,70.0301,14.3072,-0.6943,-1,11.8973,-0.5,11.3973,HOLDING
2018-08-23,20,CMA,RF,69.5645,14.168,-0.2664,-1,10.965,-0.5,10.465,HOLDING
2018-08-24,20,CMA,RF,69.5857,14.1094,0.388,-1,9.7497,-0.5,9.2497,HOLDING
2018-08-27,20,CMA,RF,69.7409,14.2413,-0.4985,-1,11.7159,-0.5,11.2159,HOLDING
2018-08-28,20,CMA,RF,69.6491,14.2632,-0.9014,-1,12.4889,-0.5,11.9889,HOLDING
2018-08-29,20,CMA,RF,69.4445,14.2999,-1.9827,-1,13.973,-0.5,13.473,HOLDING
2018-08-30,20,CMA,RF,68.2522,14.1753,-3.1621,-1,16.0763,-0.5,15.5763,HOLDING
2018-08-31,20,CMA,RF,68.7743,14.2559,-2.3065,-1,15.66,-0.5,15.16,HOLDING
2018-09-04,20,CMA,RF,68.9577,14.3878,-2.6072,-1,17.5192,-0.5,17.0192,HOLDING
2018-09-05,20,CMA,RF,69.1271,14.6002,-2.9511,-1,20.9926,-0.5,20.4926,HOLDING
2018-09-06,20,CMA,RF,69.0565,14.4453,-1.7082,-1,18.2592,-0.5,17.7592,HOLDING
2018-09-07,20,CMA,RF,68.6332,14.4674,-2.0189,-1,20.2909,-0.5,19.7909,HOLDING
2018-09-10,20,CMA,RF,68.5274,14.4158,-1.6146,-1,19.6915,-0.5,19.1915,HOLDING
2018-09-11,20,CMA,RF,69.374,14.4969,-0.9984,-1,18.0569,-0.5,17.5569,HOLDING
2018-09-12,20,CMA,RF,66.9893,14.1281,-1.4938,-1,19.9433,-0.5,19.4433,HOLDING
2018-09-13,20,CMA,RF,66.0379,13.9215,-1.3073,-1,19.5454,-0.5,19.0454,HOLDING
2018-09-14,20,CMA,RF,66.1657,13.9953,-1.3719,-1,20.4903,-0.5,19.9903,HOLDING
2018-09-17,20,CMA,RF,65.8462,14.0026,-1.5322,-1,21.8432,-0.5,21.3432,HOLDING
2018-09-18,20,CMA,RF,65.5977,13.951,-1.3818,-1,21.784,-0.5,21.284,HOLDING
2018-09-19,20,CMA,RF,66.6414,14.1354,-1.1016,-1,21.4037,-0.5,20.9037,HOLDING
2018-09-20,20,CMA,RF,67.2308,14.3789,-1.4648,-1,23.8872,-0.5,23.3872,HOLDING
2018-09-21,20,CMA,RF,67.1881,14.342,-1.2366,-1,23.3343,-0.5,22.8343,HOLDING
2018-09-24,20,CMA,RF,66.5633,14.2313,-1.2863,-1,23.5571,-0.5,23.0571,HOLDING
2018-09-25,20,CMA,RF,66.3432,14.2018,-1.3052,-1,23.8189,-0.5,23.3189,HOLDING
2018-09-26,20,CMA,RF,65.0865,13.9731,-1.4669,-1,24.1486,-0.5,23.6486,HOLDING
2018-09-27,20,CMA,RF,64.6179,13.678,-0.1695,-1,20.2078,-0.5,19.7078,HOLDING
2018-09-28,20,CMA,RF,64.0428,13.5378,0.0538,-1,19.6707,-0.5,19.1707,HOLDING
2018-10-01,20,CMA,RF,64.0641,13.3829,1.4691,-1,16.5895,-0.5,16.0895,HOLDING
2018-10-02,20,CMA,RF,63.7446,13.3608,1.1539,-1,17.3707,-0.5,16.8707,HOLDING
2018-10-03,20,CMA,RF,65.3847,13.6264,1.628,-1,16.3036,-0.5,15.8036,HOLDING
2018-10-04,20,CMA,RF,65.832,13.7739,1.1926,-1,17.4674,-0.5,16.9674,HOLDING
2018-10-05,20,CMA,RF,65.3492,13.678,1.0793,-1,17.4383,-0.5,16.9383,HOLDING
2018-10-08,20,CMA,RF,65.6687,13.7887,0.7212,-1,18.3717,-0.5,17.8717,HOLDING
2018-10-09,20,CMA,RF,65.264,13.7149,0.6847,-1,18.4753,-0.5,17.9753,HOLDING
2018-10-10,20,CMA,RF,63.3115,13.4788,-0.6938,-1,21.2971,-0.5,20.7971,HOLDING
2018-10-11,20,CMA,RF,60.9188,13.0878,-1.4893,-1,22.7852,-0.5,22.2852,HOLDING
2018-10-12,20,CMA,RF,60.1591,12.7558,-0.1254,-1,19.2322,-0.5,18.7322,HOLDING
2018-10-15,20,CMA,RF,59.2999,12.6599,-0.7977,-1,20.6282,-0.5,20.1282,HOLDING
2018-10-16,20,CMA,RF,59.5697,12.7042,-0.6718,-1,20.4638,-0.5,19.9638,HOLDING
2018-10-17,20,CMA,RF,60.4076,12.7853,0.0823,-1,18.8628,-0.5,18.3628,HOLDING
2018-10-18,20,CMA,RF,59.3212,12.5714,-0.0944,-1,18.8329,-0.5,18.3329,HOLDING
2018-10-19,20,CMA,RF,59.9319,12.4681,1.5933,-1,14.5201,-0.5,14.0201,HOLDING
2018-10-22,20,CMA,RF,57.6101,12.0918,0.6496,-1,16.0251,-0.5,15.5251,HOLDING
2018-10-23,20,CMA,RF,57.5462,12.0107,1.1024,-1,14.6954,-0.5,14.1954,HOLDING
2018-10-24,20,CMA,RF,55.5724,11.4057,2.3567,-1,10.4534,-0.5,9.9534,HOLDING
2018-10-25,20,CMA,RF,56.5948,11.8484,0.464,-1,15.1548,-0.5,14.6548,HOLDING
2018-10-26,20,CMA,RF,55.9558,11.8484,-0.5811,-1,17.5747,-0.5,17.0747,HOLDING
2018-10-29,20,CMA,RF,56.6445,12.1214,-1.3841,-1,20.2534,-0.5,19.7534,HOLDING
2018-10-30,20,CMA,RF,57.3403,12.1877,-0.7179,-1,18.9044,-0.5,18.4044,HOLDING
2018-10-31,20,CMA,RF,57.9083,12.5197,-1.8916,-1,23.1834,-0.5,22.6834,HOLDING
2018-11-01,20,CMA,RF,58.7177,12.6968,-1.6579,-1,23.5475,-0.5,23.0475,HOLDING
2018-11-02,20,CMA,RF,59.2928,12.7337,-1.0293,-1,22.0839,-0.5,21.5839,HOLDING
2018-11-05,20,CMA,RF,59.3212,12.778,-1.1298,-1,22.8337,-0.5,22.3337,HOLDING
2018-11-06,20,CMA,RF,59.4207,13.014,-1.9697,-1,27.0297,-0.5,26.5297,HOLDING
2018-11-07,20,CMA,RF,59.3212,12.9255,-1.4612,-1,25.6915,-0.5,25.1915,HOLDING
2018-11-08,20,CMA,RF,60.0028,13.0362,-1.2083,-1,25.2536,-0.5,24.7536,HOLDING
2018-11-09,20,CMA,RF,60.1306,12.7189,0.3805,-1,18.6254,-0.5,18.1254,HOLDING
2018-11-12,20,CMA,RF,59.3851,12.4902,0.6658,-1,17.0192,-0.5,16.5192,HOLDING
2018-11-13,20,CMA,RF,58.7603,12.4533,0.199,-1,18.6707,-0.5,18.1707,HOLDING
2018-11-14,20,CMA,RF,57.3048,12.0771,0.5129,-1,16.8955,-0.5,16.3955,HOLDING
2018-11-15,20,CMA,RF,58.1923,12.1361,1.0477,-1,14.6777,-0.5,14.1777,HOLDING
2018-11-16,20,CMA,RF,57.7947,11.9517,1.4756,-1,12.6112,-0.5,12.1112,HOLDING
2018-11-19,20,CMA,RF,57.2693,11.9,1.1509,-1,13.6006,-0.5,13.1006,HOLDING
2018-11-20,20,CMA,RF,56.0055,11.6787,0.955,-1,14.1001,-0.5,13.6001,HOLDING
2018-11-21,20,CMA,RF,56.1262,11.6713,1.2086,-1,13.5,-0.5,13.0,HOLDING
2018-11-23,20,CMA,RF,55.6434,11.7746,0.2471,-1,17.3289,-0.5,16.8289,HOLDING
2018-11-26,20,CMA,RF,56.8717,12.055,0.1517,-1,18.107,-0.5,17.607,HOLDING
2018-11-27,20,CMA,RF,56.325,11.9959,-0.1389,-1,19.0343,-0.5,18.5343,HOLDING
2018-11-28,20,CMA,RF,56.7723,12.1214,-0.2706,-1,19.7695,-0.5,19.2695,HOLDING
2018-11-29,20,CMA,RF,56.0836,11.959,-0.2429,-1,19.234,-0.5,18.734,HOLDING
2018-11-30,20,CMA,RF,56.2185,12.1361,-0.9889,-1,22.1526,-0.5,21.6526,HOLDING
2018-12-03,20,CMA,RF,56.6445,12.2689,-1.136,-1,23.1112,-0.5,22.6112,HOLDING
2018-12-04,20,CMA,RF,54.2447,11.5016,0.069,-1,0.0,16.4108,16.4108,PERIOD_END_EXIT
