Date,Pair_Rank,Ticker_A,Ticker_B,Price_A,Price_B,Hedge_Ratio,ZScore,Position,Unrealized_PnL,Realized_PnL,Cumulative_PnL,Status
2014-09-08,1,CMS,XEL,21.617,22.3459,1.0312,0.0,0,0.0,0.0,0.0,HOLD_CASH
2014-09-09,1,CMS,XEL,21.3976,22.0264,1.0312,0.0,0,0.0,0.0,0.0,HOLD_CASH
2014-09-10,1,CMS,XEL,21.2702,21.9223,1.0312,0.0,0,0.0,0.0,0.0,HOLD_CASH
2014-09-11,1,CMS,XEL,21.3905,22.1445,1.0312,0.0,0,0.0,0.0,0.0,HOLD_CASH
2014-09-12,1,CMS,XEL,20.9729,21.7139,1.0312,0.0,0,0.0,0.0,0.0,HOLD_CASH
2014-09-15,1,CMS,XEL,20.9517,21.7556,1.0312,0.0,0,0.0,0.0,0.0,HOLD_CASH
2014-09-16,1,CMS,XEL,21.1357,22.001,1.0312,0.0,0,0.0,0.0,0.0,HOLD_CASH
2014-09-17,1,CMS,XEL,21.072,21.9099,1.0312,0.0,0,0.0,0.0,0.0,HOLD_CASH
2014-09-18,1,CMS,XEL,20.8313,21.7065,1.0312,0.0,0,0.0,0.0,0.0,HOLD_CASH
2014-09-19,1,CMS,XEL,20.9658,21.8678,1.0312,0.0,0,0.0,0.0,0.0,HOLD_CASH
2014-09-22,1,CMS,XEL,20.7818,21.6645,1.0312,0.0,0,0.0,0.0,0.0,HOLD_CASH
2014-09-23,1,CMS,XEL,20.9517,21.6224,1.0312,0.0,0,0.0,0.0,0.0,HOLD_CASH
2014-09-24,1,CMS,XEL,20.9375,21.5663,1.0312,0.0,0,0.0,0.0,0.0,HOLD_CASH
2014-09-25,1,CMS,XEL,20.9234,21.356,1.0312,0.0,0,0.0,0.0,0.0,HOLD_CASH
2014-09-26,1,CMS,XEL,20.888,21.3069,1.0312,0.0,0,0.0,0.0,0.0,HOLD_CASH
2014-09-29,1,CMS,XEL,20.895,21.2438,1.0312,0.0,0,0.0,0.0,0.0,HOLD_CASH
2014-09-30,1,CMS,XEL,20.9941,21.3139,1.0312,0.0,0,0.0,0.0,0.0,HOLD_CASH
2014-10-01,1,CMS,XEL,21.1003,21.363,1.0312,0.0,0,0.0,0.0,0.0,HOLD_CASH
2014-10-02,1,CMS,XEL,21.0791,21.2999,1.0312,0.0,0,0.0,0.0,0.0,HOLD_CASH
2014-10-03,1,CMS,XEL,21.2277,21.4611,1.0312,1.573,0,0.0,0.0,0.0,HOLD_CASH
2014-10-06,1,CMS,XEL,21.249,21.4611,1.0312,1.4676,0,0.0,0.0,0.0,HOLD_CASH
2014-10-07,1,CMS,XEL,21.2136,21.6154,1.0312,0.6629,0,0.0,0.0,0.0,HOLD_CASH
2014-10-08,1,CMS,XEL,21.7374,22.1833,1.0312,0.4296,0,0.0,0.0,0.0,HOLD_CASH
2014-10-09,1,CMS,XEL,21.3551,21.9239,1.0312,-0.0668,0,0.0,0.0,0.0,HOLD_CASH
2014-10-10,1,CMS,XEL,21.5958,22.1412,1.0312,-0.0192,0,0.0,0.0,0.0,HOLD_CASH
2014-10-13,1,CMS,XEL,21.6737,22.2674,1.0312,-0.2599,0,0.0,0.0,0.0,HOLD_CASH
2014-10-14,1,CMS,XEL,21.9922,22.9265,1.0312,-1.5671,0,0.0,0.0,0.0,HOLD_CASH
2014-10-15,1,CMS,XEL,21.7303,22.5899,1.0312,-1.2789,0,0.0,0.0,0.0,HOLD_CASH
2014-10-16,1,CMS,XEL,21.6524,22.3586,1.0312,-0.7445,0,0.0,0.0,0.0,HOLD_CASH
2014-10-17,1,CMS,XEL,21.6241,22.3586,1.0312,-0.9403,0,0.0,0.0,0.0,HOLD_CASH
2014-10-20,1,CMS,XEL,22.2045,22.632,1.0312,0.2783,0,0.0,0.0,0.0,HOLD_CASH
2014-10-21,1,CMS,XEL,22.339,22.7512,1.0312,0.2871,0,0.0,0.0,0.0,HOLD_CASH
2014-10-22,1,CMS,XEL,22.4593,22.9265,1.0312,-0.0083,0,0.0,0.0,0.0,HOLD_CASH
2014-10-23,1,CMS,XEL,22.6009,22.9265,1.0312,0.6149,0,0.0,0.0,0.0,HOLD_CASH
2014-10-24,1,CMS,XEL,22.7142,23.0667,1.0312,0.4709,0,0.0,0.0,0.0,HOLD_CASH
2014-10-27,1,CMS,XEL,22.7283,23.0176,1.0312,0.7474,0,0.0,0.0,0.0,HOLD_CASH
2014-10-28,1,CMS,XEL,22.884,23.1929,1.0312,0.6535,0,0.0,0.0,0.0,HOLD_CASH
2014-10-29,1,CMS,XEL,22.7566,23.0316,1.0312,0.836,0,0.0,0.0,0.0,HOLD_CASH
2014-10-30,1,CMS,XEL,23.1955,23.5014,1.0312,0.7104,0,0.0,0.0,0.0,HOLD_CASH
2014-10-31,1,CMS,XEL,23.1247,23.4663,1.0312,0.6045,0,0.0,0.0,0.0,HOLD_CASH
2014-11-03,1,CMS,XEL,23.3512,23.6626,1.0312,0.7993,0,0.0,0.0,0.0,HOLD_CASH
2014-11-04,1,CMS,XEL,23.2167,23.4663,1.0312,1.0626,0,0.0,0.0,0.0,HOLD_CASH
2014-11-05,1,CMS,XEL,23.702,23.901,1.0312,1.1607,0,0.0,0.0,0.0,HOLD_CASH
2014-11-06,1,CMS,XEL,23.1025,23.1719,1.0312,1.6071,0,0.0,0.0,0.0,HOLD_CASH
2014-11-07,1,CMS,XEL,23.4879,23.5575,1.0312,1.387,0,0.0,0.0,0.0,HOLD_CASH
2014-11-10,1,CMS,XEL,23.6949,23.8309,1.0312,0.9857,0,0.0,0.0,0.0,HOLD_CASH
2014-11-11,1,CMS,XEL,23.7377,23.7538,1.0312,1.4295,0,0.0,0.0,0.0,HOLD_CASH
2014-11-12,1,CMS,XEL,23.181,23.4243,1.0312,0.3742,0,0.0,0.0,0.0,HOLD_CASH
2014-11-13,1,CMS,XEL,23.0597,23.2911,1.0312,0.3743,0,0.0,0.0,0.0,HOLD_CASH
2014-11-14,1,CMS,XEL,22.9455,23.1648,1.0312,0.4069,0,0.0,0.0,0.0,HOLD_CASH
2014-11-17,1,CMS,XEL,23.3095,23.4383,1.0312,1.0281,0,0.0,0.0,0.0,HOLD_CASH
2014-11-18,1,CMS,XEL,23.388,23.6416,1.0312,-0.1705,0,0.0,0.0,0.0,HOLD_CASH
2014-11-19,1,CMS,XEL,23.3238,23.5364,1.0312,0.1269,0,0.0,0.0,0.0,HOLD_CASH
2014-11-20,1,CMS,XEL,23.2024,23.5294,1.0312,-1.0638,0,0.0,0.0,0.0,HOLD_CASH
2014-11-21,1,CMS,XEL,23.388,23.6136,1.0312,-0.0852,0,0.0,0.0,0.0,HOLD_CASH
2014-11-24,1,CMS,XEL,23.2524,23.4032,1.0312,0.7111,0,0.0,0.0,0.0,HOLD_CASH
2014-11-25,1,CMS,XEL,23.2667,23.3682,1.0312,1.1375,0,0.0,0.0,0.0,HOLD_CASH
2014-11-26,1,CMS,XEL,23.338,23.4874,1.0312,0.5265,0,0.0,0.0,0.0,HOLD_CASH
2014-11-28,1,CMS,XEL,23.6235,23.7958,1.0312,0.1341,0,0.0,0.0,0.0,HOLD_CASH
2014-12-01,1,CMS,XEL,23.7306,24.0272,1.0312,-1.3685,0,0.0,0.0,0.0,HOLD_CASH
2014-12-02,1,CMS,XEL,23.909,24.3007,1.0312,-2.2268,1,0.0,-0.0833,-0.0833,ENTER_LONG_A
2014-12-03,1,CMS,XEL,24.0161,24.3848,1.0312,-1.773,1,0.0372,-0.0833,-0.0461,HOLDING
2014-12-04,1,CMS,XEL,24.0018,24.4058,1.0312,-1.8154,1,-0.0239,-0.0833,-0.1072,HOLDING
2014-12-05,1,CMS,XEL,23.9019,24.2095,1.0312,-0.8742,1,0.1464,-0.0833,0.0631,HOLDING
2014-12-08,1,CMS,XEL,24.1517,24.4619,1.0312,-0.8509,1,0.1357,-0.0833,0.0523,HOLDING
2014-12-09,1,CMS,XEL,24.273,24.5531,1.0312,-0.5277,1,0.1852,-0.0833,0.1018,HOLDING
2014-12-10,1,CMS,XEL,23.8733,24.3077,1.0312,-1.7858,1,-0.0734,-0.0833,-0.1568,HOLDING
2014-12-11,1,CMS,XEL,24.0446,24.532,1.0312,-1.9529,1,-0.1701,-0.0833,-0.2534,HOLDING
2014-12-12,1,CMS,XEL,23.9447,24.2796,1.0312,-0.5602,1,0.0979,-0.0833,0.0145,HOLDING
2014-12-15,1,CMS,XEL,23.7734,24.0132,1.0312,0.3206,1,0.2678,-0.0833,0.1844,HOLDING
2014-12-16,1,CMS,XEL,23.7377,23.9922,1.0312,0.2726,1,0.2432,-0.0833,0.1598,HOLDING
2014-12-17,1,CMS,XEL,24.2159,24.3638,1.0312,1.0937,1,0.4168,-0.0833,0.3334,HOLDING
2014-12-18,1,CMS,XEL,24.6584,24.7844,1.0312,1.1377,1,0.4437,-0.0833,0.3604,HOLDING
2014-12-19,1,CMS,XEL,24.6156,24.8195,1.0312,0.4325,1,0.3092,-0.0833,0.2259,HOLDING
2014-12-22,1,CMS,XEL,24.8297,24.9948,1.0312,0.7051,1,0.3714,-0.0833,0.2881,HOLDING
2014-12-23,1,CMS,XEL,24.8939,25.0513,1.0312,0.7936,1,0.3832,-0.0833,0.2998,HOLDING
2014-12-24,1,CMS,XEL,25.472,25.617,1.0312,0.8749,1,0.3904,-0.0833,0.307,HOLDING
2014-12-26,1,CMS,XEL,25.7575,25.8645,1.0312,1.1712,1,0.4494,-0.0833,0.3661,HOLDING
2014-12-29,1,CMS,XEL,25.993,26.3382,1.0312,-0.9017,1,0.0288,-0.0833,-0.0546,HOLDING
2014-12-30,1,CMS,XEL,25.158,25.723,1.0312,-2.2486,1,-0.3331,-0.0833,-0.4165,HOLDING
2014-12-31,1,CMS,XEL,24.8011,25.3978,1.0312,-2.1066,1,-0.3792,-0.0833,-0.4625,HOLDING
2015-01-02,1,CMS,XEL,25.0795,25.5392,1.0312,-1.11,1,-0.1478,-0.0833,-0.2311,HOLDING
2015-01-05,1,CMS,XEL,24.8725,25.2493,1.0312,-0.5406,1,0.0018,-0.0833,-0.0816,HOLDING
2015-01-06,1,CMS,XEL,24.9153,25.3836,1.0312,-1.0668,1,-0.1587,-0.0833,-0.242,HOLDING
2015-01-07,1,CMS,XEL,25.3221,25.6028,1.0312,0.1068,1,0.1578,-0.0833,0.0745,HOLDING
2015-01-08,1,CMS,XEL,25.4577,25.8998,1.0312,-0.8676,1,-0.1265,-0.0833,-0.2098,HOLDING
2015-01-09,1,CMS,XEL,25.1794,25.5816,1.0312,-0.5984,1,-0.0502,-0.0833,-0.1336,HOLDING
2015-01-12,1,CMS,XEL,25.1009,25.3554,1.0312,0.2925,1,0.209,-0.0833,0.1257,HOLDING
2015-01-13,1,CMS,XEL,25.472,25.5604,1.0312,1.2052,1,0.4888,-0.0833,0.4055,HOLDING
2015-01-14,1,CMS,XEL,25.6719,25.7867,1.0312,0.9613,1,0.4378,-0.0833,0.3545,HOLDING
2015-01-15,1,CMS,XEL,25.8217,26.0129,1.0312,0.4671,1,0.3011,-0.0833,0.2178,HOLDING
2015-01-16,1,CMS,XEL,26.15,26.1756,1.0312,1.3553,1,0.5813,-0.0833,0.498,HOLDING
2015-01-20,1,CMS,XEL,26.2499,26.3523,1.0312,0.901,1,0.445,-0.0833,0.3617,HOLDING
2015-01-21,1,CMS,XEL,26.564,26.5715,1.0312,1.3023,1,0.6023,-0.0833,0.519,HOLDING
2015-01-22,1,CMS,XEL,26.4426,26.5291,1.0312,0.8644,1,0.468,-0.0833,0.3846,HOLDING
2015-01-23,1,CMS,XEL,26.7995,26.6988,1.0312,1.6577,1,0.7849,-0.0833,0.7015,HOLDING
2015-01-26,1,CMS,XEL,26.7353,26.6281,1.0312,1.5473,1,0.7978,-0.0833,0.7144,HOLDING
2015-01-27,1,CMS,XEL,26.7567,26.6776,1.0312,1.3179,1,0.7483,-0.0833,0.665,HOLDING
2015-01-28,1,CMS,XEL,26.5783,26.4796,1.0312,1.2852,1,0.7868,-0.0833,0.7035,HOLDING
2015-01-29,1,CMS,XEL,27.2634,26.9463,1.0312,1.8896,1,1.1501,-0.0833,1.0667,HOLDING
2015-01-30,1,CMS,XEL,26.928,26.5362,1.0312,2.0199,1,1.2884,-0.0833,1.2051,HOLDING
2015-02-02,1,CMS,XEL,26.9565,26.5644,1.0312,1.7773,1,1.2882,-0.0833,1.2048,HOLDING
2015-02-03,1,CMS,XEL,27.0065,26.6139,1.0312,1.5692,1,1.2877,-0.0833,1.2044,HOLDING
2015-02-04,1,CMS,XEL,26.5678,26.3028,1.0312,1.0501,1,1.0766,-0.0833,0.9932,HOLDING
2015-02-05,1,CMS,XEL,26.8411,26.5574,1.0312,0.9806,1,1.1024,-0.0833,1.019,HOLDING
2015-02-06,1,CMS,XEL,25.6687,25.2493,1.0312,1.6493,1,1.368,-0.0833,1.2847,HOLDING
2015-02-09,1,CMS,XEL,25.4386,24.9877,1.0312,1.711,1,1.4286,-0.0833,1.3452,HOLDING
2015-02-10,1,CMS,XEL,26.0355,25.6311,1.0312,1.2503,1,1.3327,-0.0833,1.2494,HOLDING
2015-02-11,1,CMS,XEL,25.5824,25.1362,1.0312,1.3866,1,1.4169,-0.0833,1.3336,HOLDING
2015-02-12,1,CMS,XEL,25.5537,25.122,1.0312,1.1996,1,1.3921,-0.0833,1.3088,HOLDING
2015-02-13,1,CMS,XEL,24.9208,24.7473,1.0312,-0.0043,1,0.9585,-0.0833,0.8752,HOLDING
2015-02-17,1,CMS,XEL,25.0718,24.8816,1.0312,-0.011,1,0.9838,-0.0833,0.9005,HOLDING
2015-02-18,1,CMS,XEL,25.8773,25.6665,1.0312,-0.1655,1,0.9997,-0.0833,0.9163,HOLDING
2015-02-19,1,CMS,XEL,25.5033,25.6099,1.0312,-1.8781,1,0.4564,-0.0833,0.3731,HOLDING
2015-02-20,1,CMS,XEL,25.5896,25.3978,1.0312,-0.3043,1,0.9738,-0.0833,0.8904,HOLDING
2015-02-23,1,CMS,XEL,25.8701,25.723,1.0312,-0.6958,1,0.8888,-0.0833,0.8055,HOLDING
2015-02-24,1,CMS,XEL,25.9349,25.7018,1.0312,-0.211,1,1.0369,-0.0833,0.9535,HOLDING
2015-02-25,1,CMS,XEL,25.5393,25.1857,1.0312,0.6426,1,1.2567,-0.0833,1.1734,HOLDING
2015-02-26,1,CMS,XEL,25.4026,25.0443,1.0312,0.6433,1,1.2684,-0.0833,1.1851,HOLDING
2015-02-27,1,CMS,XEL,25.266,24.9453,1.0312,0.3683,1,1.2062,-0.0833,1.1229,HOLDING
2015-03-02,1,CMS,XEL,24.705,24.3301,1.0312,0.9254,1,1.3146,-0.0833,1.2312,HOLDING
2015-03-03,1,CMS,XEL,24.6259,24.5281,1.0312,-1.0571,1,0.8341,-0.0833,0.7508,HOLDING
2015-03-04,1,CMS,XEL,24.6618,24.4503,1.0312,-0.1979,1,1.0313,-0.0833,0.9479,HOLDING
2015-03-05,1,CMS,XEL,24.9064,24.6978,1.0312,-0.2924,1,1.02,-0.0833,0.9367,HOLDING
2015-03-06,1,CMS,XEL,23.8419,23.7928,1.0312,-1.1207,1,0.7691,-0.0833,0.6858,HOLDING
2015-03-09,1,CMS,XEL,23.8204,24.0968,1.0312,-2.6426,1,0.0,0.0366,0.0366,PERIOD_END_EXIT
2014-09-08,2,CMS,KIM,21.617,13.4404,0.9565,0.0,0,0.0,0.0,0.0,HOLD_CASH
2014-09-09,2,CMS,KIM,21.3976,13.3543,0.9565,0.0,0,0.0,0.0,0.0,HOLD_CASH
2014-09-10,2,CMS,KIM,21.2702,13.1592,0.9565,0.0,0,0.0,0.0,0.0,HOLD_CASH
2014-09-11,2,CMS,KIM,21.3905,13.1937,0.9565,0.0,0,0.0,0.0,0.0,HOLD_CASH
2014-09-12,2,CMS,KIM,20.9729,12.8206,0.9565,0.0,0,0.0,0.0,0.0,HOLD_CASH
2014-09-15,2,CMS,KIM,20.9517,12.8378,0.9565,0.0,0,0.0,0.0,0.0,HOLD_CASH
2014-09-16,2,CMS,KIM,21.1357,12.9756,0.9565,0.0,0,0.0,0.0,0.0,HOLD_CASH
2014-09-17,2,CMS,KIM,21.072,12.8895,0.9565,0.0,0,0.0,0.0,0.0,HOLD_CASH
2014-09-18,2,CMS,KIM,20.8313,12.8264,0.9565,0.0,0,0.0,0.0,0.0,HOLD_CASH
2014-09-19,2,CMS,KIM,20.9658,12.8665,0.9565,0.0,0,0.0,0.0,0.0,HOLD_CASH
2014-09-22,2,CMS,KIM,20.7818,12.7116,0.9565,0.0,0,0.0,0.0,0.0,HOLD_CASH
2014-09-23,2,CMS,KIM,20.9517,12.6025,0.9565,0.0,0,0.0,0.0,0.0,HOLD_CASH
2014-09-24,2,CMS,KIM,20.9375,12.5853,0.9565,0.0,0,0.0,0.0,0.0,HOLD_CASH
2014-09-25,2,CMS,KIM,20.9234,12.4419,0.9565,0.0,0,0.0,0.0,0.0,HOLD_CASH
2014-09-26,2,CMS,KIM,20.888,12.6198,0.9565,0.0,0,0.0,0.0,0.0,HOLD_CASH
2014-09-29,2,CMS,KIM,20.895,12.6025,0.9565,0.0,0,0.0,0.0,0.0,HOLD_CASH
2014-09-30,2,CMS,KIM,20.9941,12.5739,0.9565,0.0,0,0.0,0.0,0.0,HOLD_CASH
2014-10-01,2,CMS,KIM,21.1003,12.5999,0.9565,0.0,0,0.0,0.0,0.0,HOLD_CASH
2014-10-02,2,CMS,KIM,21.0791,12.6057,0.9565,0.0,0,0.0,0.0,0.0,HOLD_CASH
2014-10-03,2,CMS,KIM,21.2277,12.7333,0.9565,1.0182,0,0.0,0.0,0.0,HOLD_CASH
2014-10-06,2,CMS,KIM,21.249,12.8435,0.9565,0.4173,0,0.0,0.0,0.0,HOLD_CASH
2014-10-07,2,CMS,KIM,21.2136,12.7507,0.9565,0.756,0,0.0,0.0,0.0,HOLD_CASH
2014-10-08,2,CMS,KIM,21.7374,13.0928,0.9565,0.6014,0,0.0,0.0,0.0,HOLD_CASH
2014-10-09,2,CMS,KIM,21.3551,13.1218,0.9565,-1.24,0,0.0,0.0,0.0,HOLD_CASH
2014-10-10,2,CMS,KIM,21.5958,13.1508,0.9565,-0.427,0,0.0,0.0,0.0,HOLD_CASH
2014-10-13,2,CMS,KIM,21.6737,13.145,0.9565,-0.1053,0,0.0,0.0,0.0,HOLD_CASH
2014-10-14,2,CMS,KIM,21.9922,13.3537,0.9565,-0.223,0,0.0,0.0,0.0,HOLD_CASH
2014-10-15,2,CMS,KIM,21.7303,13.29,0.9565,-0.9984,0,0.0,0.0,0.0,HOLD_CASH
2014-10-16,2,CMS,KIM,21.6524,13.3074,0.9565,-1.5674,0,0.0,0.0,0.0,HOLD_CASH
2014-10-17,2,CMS,KIM,21.6241,13.2262,0.9565,-1.1458,0,0.0,0.0,0.0,HOLD_CASH
2014-10-20,2,CMS,KIM,22.2045,13.4059,0.9565,0.2869,0,0.0,0.0,0.0,HOLD_CASH
2014-10-21,2,CMS,KIM,22.339,13.6031,0.9565,-0.5812,0,0.0,0.0,0.0,HOLD_CASH
2014-10-22,2,CMS,KIM,22.4593,13.6901,0.9565,-0.6039,0,0.0,0.0,0.0,HOLD_CASH
2014-10-23,2,CMS,KIM,22.6009,13.8524,0.9565,-1.0991,0,0.0,0.0,0.0,HOLD_CASH
2014-10-24,2,CMS,KIM,22.7142,13.9568,0.9565,-1.2357,0,0.0,0.0,0.0,HOLD_CASH
2014-10-27,2,CMS,KIM,22.7283,13.9974,0.9565,-1.3303,0,0.0,0.0,0.0,HOLD_CASH
2014-10-28,2,CMS,KIM,22.884,14.0148,0.9565,-0.6197,0,0.0,0.0,0.0,HOLD_CASH
2014-10-29,2,CMS,KIM,22.7566,14.1191,0.9565,-1.8821,0,0.0,0.0,0.0,HOLD_CASH
2014-10-30,2,CMS,KIM,23.1955,14.2293,0.9565,-0.4614,0,0.0,0.0,0.0,HOLD_CASH
2014-10-31,2,CMS,KIM,23.1247,14.467,0.9565,-2.3838,1,0.0,-0.0833,-0.0833,ENTER_LONG_A
2014-11-03,2,CMS,KIM,23.3512,14.6584,0.9565,-2.2138,1,-0.1216,-0.0833,-0.205,HOLDING
2014-11-04,2,CMS,KIM,23.2167,14.6178,0.9565,-2.1533,1,-0.2551,-0.0833,-0.3384,HOLDING
2014-11-05,2,CMS,KIM,23.702,14.5366,0.9565,0.3642,1,0.8675,-0.0833,0.7841,HOLDING
2014-11-06,2,CMS,KIM,23.1025,14.3395,0.9565,-0.8439,1,0.3184,-0.0833,0.2351,HOLDING
2014-11-07,2,CMS,KIM,23.4879,14.3743,0.9565,0.5592,1,0.9303,-0.0833,0.847,HOLDING
2014-11-10,2,CMS,KIM,23.6949,14.4612,0.9565,0.8745,1,1.0666,-0.0833,0.9832,HOLDING
2014-11-11,2,CMS,KIM,23.7377,14.3685,0.9565,1.5674,1,1.4067,-0.0833,1.3234,HOLDING
2014-11-12,2,CMS,KIM,23.181,14.2641,0.9565,-0.0164,1,0.6753,-0.0833,0.5919,HOLDING
2014-11-13,2,CMS,KIM,23.0597,14.3453,0.9565,-0.9688,1,0.2232,-0.0833,0.1399,HOLDING
2014-11-14,2,CMS,KIM,22.9455,14.1829,0.9565,-0.3817,1,0.4701,-0.0833,0.3867,HOLDING
2014-11-17,2,CMS,KIM,23.3095,14.3511,0.9565,0.1189,1,0.667,-0.0833,0.5836,HOLDING
2014-11-18,2,CMS,KIM,23.388,14.4091,0.9565,0.1184,1,0.6483,-0.0833,0.5649,HOLDING
2014-11-19,2,CMS,KIM,23.3238,14.2931,0.9565,0.6584,1,0.8565,-0.0833,0.7732,HOLDING
2014-11-20,2,CMS,KIM,23.2024,14.2815,0.9565,0.2112,1,0.6657,-0.0833,0.5824,HOLDING
2014-11-21,2,CMS,KIM,23.388,14.4091,0.9565,0.1614,1,0.6483,-0.0833,0.5649,HOLDING
2014-11-24,2,CMS,KIM,23.2524,14.4844,0.9565,-0.9022,1,0.1862,-0.0833,0.1029,HOLDING
2014-11-25,2,CMS,KIM,23.2667,14.5482,0.9565,-1.1449,1,0.0329,-0.0833,-0.0504,HOLDING
2014-11-26,2,CMS,KIM,23.338,14.7222,0.9565,-1.7478,1,-0.3255,-0.0833,-0.4088,HOLDING
2014-11-28,2,CMS,KIM,23.6235,14.757,0.9565,-0.7575,1,0.1023,-0.0833,0.019,HOLDING
2014-12-01,2,CMS,KIM,23.7306,14.8671,0.9565,-0.9934,1,-0.0107,-0.0833,-0.094,HOLDING
2014-12-02,2,CMS,KIM,23.909,14.8149,0.9565,-0.0619,1,0.4649,-0.0833,0.3816,HOLDING
2014-12-03,2,CMS,KIM,24.0161,14.757,0.9565,0.651,1,0.8254,-0.0833,0.742,HOLDING
2014-12-04,2,CMS,KIM,24.0018,14.7628,0.9565,0.5671,1,0.7827,-0.0833,0.6994,HOLDING
2014-12-05,2,CMS,KIM,23.9019,14.6932,0.9565,0.5469,1,0.7946,-0.0833,0.7113,HOLDING
2014-12-08,2,CMS,KIM,24.1517,14.7628,0.9565,1.1282,1,1.0588,-0.0833,0.9755,HOLDING
2014-12-09,2,CMS,KIM,24.273,14.7454,0.9565,1.6573,1,1.3313,-0.0833,1.2479,HOLDING
2014-12-10,2,CMS,KIM,23.8733,14.728,0.9565,0.255,1,0.6441,-0.0833,0.5608,HOLDING
2014-12-11,2,CMS,KIM,24.0446,14.7222,0.9565,1.0173,1,0.9759,-0.0833,0.8926,HOLDING
2014-12-12,2,CMS,KIM,23.9447,14.67,0.9565,0.8468,1,0.9388,-0.0833,0.8555,HOLDING
2014-12-15,2,CMS,KIM,23.7734,14.5308,0.9565,0.9636,1,1.0152,-0.0833,0.9319,HOLDING
2014-12-16,2,CMS,KIM,23.7377,14.4554,0.9565,1.2136,1,1.1618,-0.0833,1.0784,HOLDING
2014-12-17,2,CMS,KIM,24.2159,14.6874,0.9565,1.4984,1,1.3894,-0.0833,1.3061,HOLDING
2014-12-18,2,CMS,KIM,24.6584,14.7859,0.9565,2.1505,1,1.9268,-0.0833,1.8435,HOLDING
2014-12-19,2,CMS,KIM,24.6156,14.8323,0.9565,1.5592,1,1.7173,-0.0833,1.634,HOLDING
2014-12-22,2,CMS,KIM,24.8297,15.0237,0.9565,1.1686,1,1.5728,-0.0833,1.4895,HOLDING
2014-12-23,2,CMS,KIM,24.8939,14.9831,0.9565,1.3791,1,1.8054,-0.0833,1.7221,HOLDING
2014-12-24,2,CMS,KIM,25.472,14.9483,0.9565,2.5054,1,2.9682,-0.0833,2.8849,HOLDING
2014-12-26,2,CMS,KIM,25.7575,14.9425,0.9565,2.6024,1,3.5104,-0.0833,3.427,HOLDING
2014-12-29,2,CMS,KIM,25.993,15.0179,0.9565,2.3202,1,3.7319,-0.0833,3.6486,HOLDING
2014-12-30,2,CMS,KIM,25.158,15.012,0.9565,0.718,1,2.2103,-0.0833,2.127,HOLDING
2014-12-31,2,CMS,KIM,24.8011,14.7135,0.9565,0.8725,1,2.3936,-0.0833,2.3103,HOLDING
2015-01-02,2,CMS,KIM,25.0795,14.9008,0.9565,0.744,1,2.3789,-0.0833,2.2956,HOLDING
2015-01-05,2,CMS,KIM,24.8725,15.0354,0.9565,-0.1728,1,1.6186,-0.0833,1.5353,HOLDING
2015-01-06,2,CMS,KIM,24.9153,15.1232,0.9565,-0.4257,1,1.4502,-0.0833,1.3669,HOLDING
2015-01-07,2,CMS,KIM,25.3221,15.5154,0.9565,-0.8759,1,1.0953,-0.0833,1.0119,HOLDING
2015-01-08,2,CMS,KIM,25.4577,15.568,0.9565,-0.7442,1,1.1967,-0.0833,1.1134,HOLDING
2015-01-09,2,CMS,KIM,25.1794,15.5329,0.9565,-1.2384,1,0.7829,-0.0833,0.6996,HOLDING
2015-01-12,2,CMS,KIM,25.1009,15.6266,0.9565,-1.6006,1,0.3746,-0.0833,0.2913,HOLDING
2015-01-13,2,CMS,KIM,25.472,15.6968,0.9565,-1.0471,1,0.8604,-0.0833,0.7771,HOLDING
2015-01-14,2,CMS,KIM,25.6719,15.9602,0.9565,-1.3776,1,0.4868,-0.0833,0.4035,HOLDING
2015-01-15,2,CMS,KIM,25.8217,15.966,0.9565,-1.0553,1,0.7464,-0.0833,0.663,HOLDING
2015-01-16,2,CMS,KIM,26.15,16.2177,0.9565,-1.0895,1,0.6424,-0.0833,0.559,HOLDING
2015-01-20,2,CMS,KIM,26.2499,15.9777,0.9565,-0.2153,1,1.5022,-0.0833,1.4188,HOLDING
2015-01-21,2,CMS,KIM,26.564,15.9777,0.9565,0.3303,1,2.0806,-0.0833,1.9972,HOLDING
2015-01-22,2,CMS,KIM,26.4426,16.3991,0.9565,-0.9744,1,0.6704,-0.0833,0.5871,HOLDING
2015-01-23,2,CMS,KIM,26.7995,16.3757,0.9565,-0.2753,1,1.3936,-0.0833,1.3103,HOLDING
2015-01-26,2,CMS,KIM,26.7353,16.563,0.9565,-0.7965,1,0.7479,-0.0833,0.6646,HOLDING
2015-01-27,2,CMS,KIM,26.7567,16.5805,0.9565,-0.7487,1,0.7379,-0.0833,0.6546,HOLDING
2015-01-28,2,CMS,KIM,26.5783,16.4576,0.9565,-0.7167,1,0.7554,-0.0833,0.6721,HOLDING
2015-01-29,2,CMS,KIM,27.2634,16.5571,0.9565,0.7439,1,1.7371,-0.0833,1.6538,HOLDING
2015-01-30,2,CMS,KIM,26.928,16.1826,0.9565,1.5781,1,2.1741,-0.0833,2.0908,HOLDING
2015-02-02,2,CMS,KIM,26.9565,16.2528,0.9565,1.5049,1,2.029,-0.0833,1.9456,HOLDING
2015-02-03,2,CMS,KIM,27.0065,16.4225,0.9565,0.8246,1,1.643,-0.0833,1.5597,HOLDING
2015-02-04,2,CMS,KIM,26.5678,16.206,0.9565,0.5157,1,1.4447,-0.0833,1.3614,HOLDING
2015-02-05,2,CMS,KIM,26.8411,16.3991,0.9565,0.3952,1,1.4042,-0.0833,1.3209,HOLDING
2015-02-06,2,CMS,KIM,25.6687,15.6441,0.9565,0.4146,1,1.3711,-0.0833,1.2877,HOLDING
2015-02-09,2,CMS,KIM,25.4386,15.5212,0.9565,0.2431,1,1.2933,-0.0833,1.2099,HOLDING
2015-02-10,2,CMS,KIM,26.0355,15.7319,0.9565,1.0478,1,1.7995,-0.0833,1.7161,HOLDING
2015-02-11,2,CMS,KIM,25.5824,15.6734,0.9565,-0.2487,1,1.1297,-0.0833,1.0464,HOLDING
2015-02-12,2,CMS,KIM,25.5537,15.849,0.9565,-1.3595,1,0.5823,-0.0833,0.4989,HOLDING
2015-02-13,2,CMS,KIM,24.9208,15.7026,0.9565,-2.3759,1,-0.1714,-0.0833,-0.2548,HOLDING
2015-02-17,2,CMS,KIM,25.0718,15.6617,0.9565,-1.5851,1,0.2221,-0.0833,0.1388,HOLDING
2015-02-18,2,CMS,KIM,25.8773,15.767,0.9565,0.3391,1,1.4091,-0.0833,1.3258,HOLDING
2015-02-19,2,CMS,KIM,25.5033,15.4159,0.9565,0.9243,1,1.7092,-0.0833,1.6258,HOLDING
2015-02-20,2,CMS,KIM,25.5896,15.7436,0.9565,-0.4235,1,0.9452,-0.0833,0.8618,HOLDING
2015-02-23,2,CMS,KIM,25.8701,15.9543,0.9565,-0.5241,1,0.8685,-0.0833,0.7852,HOLDING
2015-02-24,2,CMS,KIM,25.9349,15.4802,0.9565,1.705,1,2.3227,-0.0833,2.2394,HOLDING
2015-02-25,2,CMS,KIM,25.5393,15.4802,0.9565,0.5037,1,1.5941,-0.0833,1.5108,HOLDING
2015-02-26,2,CMS,KIM,25.4026,15.3164,0.9565,0.7809,1,1.8039,-0.0833,1.7206,HOLDING
2015-02-27,2,CMS,KIM,25.266,15.3808,0.9565,0.0935,1,1.3709,-0.0833,1.2876,HOLDING
2015-03-02,2,CMS,KIM,24.705,15.3983,0.9565,-1.5111,1,0.2882,-0.0833,0.2049,HOLDING
2015-03-03,2,CMS,KIM,24.6259,15.4217,0.9565,-1.6346,1,0.0765,-0.0833,-0.0068,HOLDING
2015-03-04,2,CMS,KIM,24.6618,15.1525,0.9565,-0.289,1,0.9009,-0.0833,0.8176,HOLDING
2015-03-05,2,CMS,KIM,24.9064,15.3222,0.9565,-0.3071,1,0.8734,-0.0833,0.7901,HOLDING
2015-03-06,2,CMS,KIM,23.8419,14.8013,0.9565,-0.9728,1,0.3797,-0.0833,0.2963,HOLDING
2015-03-09,2,CMS,KIM,23.8204,14.9359,0.9565,-1.4547,1,0.0,-0.2084,-0.2084,PERIOD_END_EXIT
2014-09-08,3,CMS,DTE,21.617,45.4415,0.8742,0.0,0,0.0,0.0,0.0,HOLD_CASH
2014-09-09,3,CMS,DTE,21.3976,45.1056,0.8742,0.0,0,0.0,0.0,0.0,HOLD_CASH
2014-09-10,3,CMS,DTE,21.2702,44.787,0.8742,0.0,0,0.0,0.0,0.0,HOLD_CASH
2014-09-11,3,CMS,DTE,21.3905,45.1435,0.8742,0.0,0,0.0,0.0,0.0,HOLD_CASH
2014-09-12,3,CMS,DTE,20.9729,44.1674,0.8742,0.0,0,0.0,0.0,0.0,HOLD_CASH
2014-09-15,3,CMS,DTE,20.9517,44.4421,0.8742,0.0,0,0.0,0.0,0.0,HOLD_CASH
2014-09-16,3,CMS,DTE,21.1357,44.9448,0.8742,0.0,0,0.0,0.0,0.0,HOLD_CASH
2014-09-17,3,CMS,DTE,21.072,44.7636,0.8742,0.0,0,0.0,0.0,0.0,HOLD_CASH
2014-09-18,3,CMS,DTE,20.8313,44.2727,0.8742,0.0,0,0.0,0.0,0.0,HOLD_CASH
2014-09-19,3,CMS,DTE,20.9658,44.5941,0.8742,0.0,0,0.0,0.0,0.0,HOLD_CASH
2014-09-22,3,CMS,DTE,20.7818,44.3019,0.8742,0.0,0,0.0,0.0,0.0,HOLD_CASH
2014-09-23,3,CMS,DTE,20.9517,44.3369,0.8742,0.0,0,0.0,0.0,0.0,HOLD_CASH
2014-09-24,3,CMS,DTE,20.9375,44.2785,0.8742,0.0,0,0.0,0.0,0.0,HOLD_CASH
2014-09-25,3,CMS,DTE,20.9234,44.0564,0.8742,0.0,0,0.0,0.0,0.0,HOLD_CASH
2014-09-26,3,CMS,DTE,20.888,44.1149,0.8742,0.0,0,0.0,0.0,0.0,HOLD_CASH
2014-09-29,3,CMS,DTE,20.895,44.3954,0.8742,0.0,0,0.0,0.0,0.0,HOLD_CASH
2014-09-30,3,CMS,DTE,20.9941,44.4655,0.8742,0.0,0,0.0,0.0,0.0,HOLD_CASH
2014-10-01,3,CMS,DTE,21.1003,44.5824,0.8742,0.0,0,0.0,0.0,0.0,HOLD_CASH
2014-10-02,3,CMS,DTE,21.0791,44.5766,0.8742,0.0,0,0.0,0.0,0.0,HOLD_CASH
2014-10-03,3,CMS,DTE,21.2277,44.9272,0.8742,0.1894,0,0.0,0.0,0.0,HOLD_CASH
2014-10-06,3,CMS,DTE,21.249,44.9156,0.8742,0.6218,0,0.0,0.0,0.0,HOLD_CASH
2014-10-07,3,CMS,DTE,21.2136,45.0149,0.8742,-0.2332,0,0.0,0.0,0.0,HOLD_CASH
2014-10-08,3,CMS,DTE,21.7374,46.2306,0.8742,0.1648,0,0.0,0.0,0.0,HOLD_CASH
2014-10-09,3,CMS,DTE,21.3551,45.5117,0.8742,-0.9631,0,0.0,0.0,0.0,HOLD_CASH
2014-10-10,3,CMS,DTE,21.5958,46.0143,0.8742,-0.3805,0,0.0,0.0,0.0,HOLD_CASH
2014-10-13,3,CMS,DTE,21.6737,46.1137,0.8742,0.174,0,0.0,0.0,0.0,HOLD_CASH
2014-10-14,3,CMS,DTE,21.9922,46.4702,0.8742,2.2838,-1,0.0,-0.0833,-0.0833,ENTER_SHORT_A
2014-10-15,3,CMS,DTE,21.7303,45.5292,0.8742,2.8383,-1,-0.2576,-0.0833,-0.3409,HOLDING
2014-10-16,3,CMS,DTE,21.6524,44.9331,0.8742,3.0682,-1,-0.5988,-0.0833,-0.6821,HOLDING
2014-10-17,3,CMS,DTE,21.6241,44.9915,0.8742,2.1976,-1,-0.4927,-0.0833,-0.576,HOLDING
2014-10-20,3,CMS,DTE,22.2045,45.9617,0.8742,2.5673,-1,-0.8546,-0.0833,-0.938,HOLDING
2014-10-21,3,CMS,DTE,22.339,46.6105,0.8742,1.611,-1,-0.5839,-0.0833,-0.6672,HOLDING
2014-10-22,3,CMS,DTE,22.4593,46.6748,0.8742,1.7704,-1,-0.7734,-0.0833,-0.8567,HOLDING
2014-10-23,3,CMS,DTE,22.6009,46.7566,0.8742,1.8975,-1,-0.9912,-0.0833,-1.0745,HOLDING
2014-10-24,3,CMS,DTE,22.7142,46.8735,0.8742,1.832,-1,-1.1224,-0.0833,-1.2057,HOLDING
2014-10-27,3,CMS,DTE,22.7283,47.1131,0.8742,1.3628,-1,-0.9506,-0.0833,-1.0339,HOLDING
2014-10-28,3,CMS,DTE,22.884,47.4579,0.8742,1.2553,-1,-0.977,-0.0833,-1.0603,HOLDING
2014-10-29,3,CMS,DTE,22.7566,46.7858,0.8742,1.5709,-1,-1.2816,-0.0833,-1.3649,HOLDING
2014-10-30,3,CMS,DTE,23.1955,47.9197,0.8742,1.2875,-1,-1.2204,-0.0833,-1.3038,HOLDING
2014-10-31,3,CMS,DTE,23.1247,48.019,0.8742,0.8481,-1,-0.9942,-0.0833,-1.0775,HOLDING
2014-11-03,3,CMS,DTE,23.3512,48.3931,0.8742,0.9624,-1,-1.1393,-0.0833,-1.2226,HOLDING
2014-11-04,3,CMS,DTE,23.2167,48.1534,0.8742,0.776,-1,-1.0678,-0.0833,-1.1512,HOLDING
2014-11-05,3,CMS,DTE,23.702,49.1879,0.8742,0.8534,-1,-1.1837,-0.0833,-1.2671,HOLDING
2014-11-06,3,CMS,DTE,23.1025,48.3171,0.8742,-0.0574,-1,-0.7001,-0.0833,-0.7834,HOLDING
2014-11-07,3,CMS,DTE,23.4879,48.6912,0.8742,0.7944,-1,-1.1664,-0.0833,-1.2497,HOLDING
2014-11-10,3,CMS,DTE,23.6949,49.0068,0.8742,1.1684,-1,-1.3208,-0.0833,-1.4042,HOLDING
2014-11-11,3,CMS,DTE,23.7377,48.3872,0.8742,2.6018,-1,-1.9256,-0.0833,-2.009,HOLDING
2014-11-12,3,CMS,DTE,23.181,47.2826,0.8742,1.951,-1,-1.7241,-0.0833,-1.8074,HOLDING
2014-11-13,3,CMS,DTE,23.0597,46.628,0.8742,2.3362,-1,-2.0263,-0.0833,-2.1096,HOLDING
2014-11-14,3,CMS,DTE,22.9455,46.6806,0.8742,1.4871,-1,-1.7515,-0.0833,-1.8348,HOLDING
2014-11-17,3,CMS,DTE,23.3095,47.3995,0.8742,1.5528,-1,-1.886,-0.0833,-1.9694,HOLDING
2014-11-18,3,CMS,DTE,23.388,47.6391,0.8742,1.3145,-1,-1.8443,-0.0833,-1.9276,HOLDING
2014-11-19,3,CMS,DTE,23.3238,47.4638,0.8742,1.2391,-1,-1.8611,-0.0833,-1.9444,HOLDING
2014-11-20,3,CMS,DTE,23.2024,47.1306,0.8742,1.2101,-1,-1.8945,-0.0833,-1.9778,HOLDING
2014-11-21,3,CMS,DTE,23.388,47.1365,0.8742,1.7899,-1,-2.2647,-0.0833,-2.3481,HOLDING
2014-11-24,3,CMS,DTE,23.2524,47.0664,0.8742,1.1981,-1,-2.0493,-0.0833,-2.1326,HOLDING
2014-11-25,3,CMS,DTE,23.2667,46.9845,0.8742,1.2757,-1,-2.1466,-0.0833,-2.2299,HOLDING
2014-11-26,3,CMS,DTE,23.338,47.1482,0.8742,1.1515,-1,-2.154,-0.0833,-2.2373,HOLDING
2014-11-28,3,CMS,DTE,23.6235,47.6099,0.8742,1.3458,-1,-2.3449,-0.0833,-2.4283,HOLDING
2014-12-01,3,CMS,DTE,23.7306,47.6567,0.8742,1.5207,-1,-2.5223,-0.0833,-2.6056,HOLDING
2014-12-02,3,CMS,DTE,23.909,48.0833,0.8742,1.345,-1,-2.5261,-0.0833,-2.6095,HOLDING
2014-12-03,3,CMS,DTE,24.0161,48.1885,0.8742,1.4375,-1,-2.6546,-0.0833,-2.7379,HOLDING
2014-12-04,3,CMS,DTE,24.0018,48.3054,0.8742,1.0833,-1,-2.528,-0.0833,-2.6113,HOLDING
2014-12-05,3,CMS,DTE,23.9019,47.9255,0.8742,1.3801,-1,-2.6437,-0.0833,-2.727,HOLDING
2014-12-08,3,CMS,DTE,24.1517,48.3288,0.8742,1.6672,-1,-2.8114,-0.0833,-2.8947,HOLDING
2014-12-09,3,CMS,DTE,24.273,48.6912,0.8742,1.4345,-1,-2.7536,-0.0833,-2.8369,HOLDING
2014-12-10,3,CMS,DTE,23.8733,47.9138,0.8742,0.9767,-1,-2.5958,-0.0833,-2.6791,HOLDING
2014-12-11,3,CMS,DTE,24.0446,48.7626,0.8742,-0.2513,-1,-2.2321,-0.0833,-2.3155,HOLDING
2014-12-12,3,CMS,DTE,23.9447,48.2675,0.8742,0.4055,-1,-2.4443,-0.0833,-2.5276,HOLDING
2014-12-15,3,CMS,DTE,23.7734,48.0612,0.8742,-0.2,-1,-2.2705,-0.0833,-2.3538,HOLDING
2014-12-16,3,CMS,DTE,23.7377,48.3736,0.8742,-1.3718,-1,-1.937,-0.0833,-2.0204,HOLDING
2014-12-17,3,CMS,DTE,24.2159,49.3638,0.8742,-1.0853,-1,-2.0756,-0.0833,-2.1589,HOLDING
2014-12-18,3,CMS,DTE,24.6584,50.3835,0.8742,-1.1231,-1,-2.1172,-0.0833,-2.2006,HOLDING
2014-12-19,3,CMS,DTE,24.6156,50.5426,0.8742,-1.8463,-1,-1.8976,-0.0833,-1.9809,HOLDING
2014-12-22,3,CMS,DTE,24.8297,50.8256,0.8742,-1.1039,-1,-2.0938,-0.0833,-2.1771,HOLDING
2014-12-23,3,CMS,DTE,24.8939,50.9316,0.8742,-0.9647,-1,-2.1349,-0.0833,-2.2183,HOLDING
2014-12-24,3,CMS,DTE,25.472,51.8335,0.8742,0.2579,-1,-2.5494,-0.0833,-2.6327,HOLDING
2014-12-26,3,CMS,DTE,25.7575,52.6468,0.8742,-0.1718,-1,-2.4462,-0.0833,-2.5296,HOLDING
2014-12-29,3,CMS,DTE,25.993,53.1538,0.8742,-0.0444,-1,-2.4984,-0.0833,-2.5817,HOLDING
2014-12-30,3,CMS,DTE,25.158,51.8511,0.8742,-1.6377,-1,-1.8997,-0.0833,-1.983,HOLDING
2014-12-31,3,CMS,DTE,24.8011,50.9081,0.8742,-1.2224,-1,-1.9671,-0.0833,-2.0504,HOLDING
2015-01-02,3,CMS,DTE,25.0795,51.2853,0.8742,-0.4371,-1,-2.2143,-0.0833,-2.2976,HOLDING
2015-01-05,3,CMS,DTE,24.8725,50.7843,0.8742,-0.333,-1,-2.2149,-0.0833,-2.2982,HOLDING
2015-01-06,3,CMS,DTE,24.9153,50.7077,0.8742,0.2307,-1,-2.3656,-0.0833,-2.4489,HOLDING
2015-01-07,3,CMS,DTE,25.3221,51.3089,0.8742,1.3822,-1,-2.6852,-0.0833,-2.7685,HOLDING
2015-01-08,3,CMS,DTE,25.4577,51.5446,0.8742,1.7139,-1,-2.7621,-0.0833,-2.8455,HOLDING
2015-01-09,3,CMS,DTE,25.1794,51.1615,0.8742,0.9459,-1,-2.5198,-0.0833,-2.6031,HOLDING
2015-01-12,3,CMS,DTE,25.1009,51.1203,0.8742,0.4367,-1,-2.3956,-0.0833,-2.479,HOLDING
2015-01-13,3,CMS,DTE,25.472,51.4091,0.8742,2.0959,-1,-2.9044,-0.0833,-2.9877,HOLDING
2015-01-14,3,CMS,DTE,25.6719,51.9631,0.8742,1.6101,-1,-2.845,-0.0833,-2.9283,HOLDING
2015-01-15,3,CMS,DTE,25.8217,52.4406,0.8742,1.1248,-1,-2.7486,-0.0833,-2.832,HOLDING
2015-01-16,3,CMS,DTE,26.15,53.0241,0.8742,1.4348,-1,-2.9243,-0.0833,-3.0076,HOLDING
2015-01-20,3,CMS,DTE,26.2499,53.0948,0.8742,1.6231,-1,-3.0671,-0.0833,-3.1505,HOLDING
2015-01-21,3,CMS,DTE,26.564,53.5604,0.8742,1.9736,-1,-3.3126,-0.0833,-3.3959,HOLDING
2015-01-22,3,CMS,DTE,26.4426,53.4603,0.8742,1.3904,-1,-3.1511,-0.0833,-3.2344,HOLDING
2015-01-23,3,CMS,DTE,26.7995,53.7785,0.8742,2.1216,-1,-3.6063,-0.0833,-3.6897,HOLDING
2015-01-26,3,CMS,DTE,26.7353,53.5958,0.8742,1.8653,-1,-3.6293,-0.0833,-3.7126,HOLDING
2015-01-27,3,CMS,DTE,26.7567,53.8139,0.8742,1.3809,-1,-3.4902,-0.0833,-3.5735,HOLDING
2015-01-28,3,CMS,DTE,26.5783,53.1832,0.8742,1.555,-1,-3.657,-0.0833,-3.7403,HOLDING
2015-01-29,3,CMS,DTE,27.2634,53.9554,0.8742,2.3948,-1,-4.3963,-0.0833,-4.4797,HOLDING
2015-01-30,3,CMS,DTE,26.928,52.8473,0.8742,2.4147,-1,-4.645,-0.0833,-4.7284,HOLDING
2015-02-02,3,CMS,DTE,26.9565,53.3306,0.8742,1.6347,-1,-4.2985,-0.0833,-4.3818,HOLDING
2015-02-03,3,CMS,DTE,27.0065,53.0653,0.8742,1.8633,-1,-4.6213,-0.0833,-4.7047,HOLDING
2015-02-04,3,CMS,DTE,26.5678,52.2343,0.8742,1.4903,-1,-4.4295,-0.0833,-4.5128,HOLDING
2015-02-05,3,CMS,DTE,26.8411,52.7942,0.8742,1.3896,-1,-4.5137,-0.0833,-4.597,HOLDING
2015-02-06,3,CMS,DTE,25.6687,50.2479,0.8742,1.1575,-1,-4.2733,-0.0833,-4.3567,HOLDING
2015-02-09,3,CMS,DTE,25.4386,50.0475,0.8742,0.6828,-1,-3.9757,-0.0833,-4.059,HOLDING
2015-02-10,3,CMS,DTE,26.0355,51.1026,0.8742,0.9732,-1,-4.3001,-0.0833,-4.3834,HOLDING
2015-02-11,3,CMS,DTE,25.5824,49.9237,0.8742,1.0873,-1,-4.37,-0.0833,-4.4534,HOLDING
2015-02-12,3,CMS,DTE,25.5537,49.5052,0.8742,1.435,-1,-4.6619,-0.0833,-4.7452,HOLDING
2015-02-13,3,CMS,DTE,24.9208,48.073,0.8742,1.3723,-1,-4.5803,-0.0833,-4.6637,HOLDING
2015-02-17,3,CMS,DTE,25.0718,48.2793,0.8742,1.443,-1,-4.7131,-0.0833,-4.7965,HOLDING
2015-02-18,3,CMS,DTE,25.8773,49.8059,0.8742,1.66,-1,-5.0648,-0.0833,-5.1481,HOLDING
2015-02-19,3,CMS,DTE,25.5033,49.1575,0.8742,1.2764,-1,-4.851,-0.0833,-4.9343,HOLDING
2015-02-20,3,CMS,DTE,25.5896,49.0396,0.8742,1.6533,-1,-5.1241,-0.0833,-5.2074,HOLDING
2015-02-23,3,CMS,DTE,25.8701,49.4522,0.8742,1.7711,-1,-5.3461,-0.0833,-5.4294,HOLDING
2015-02-24,3,CMS,DTE,25.9349,49.629,0.8742,1.5613,-1,-5.329,-0.0833,-5.4124,HOLDING
2015-02-25,3,CMS,DTE,25.5393,48.7803,0.8742,1.4613,-1,-5.2392,-0.0833,-5.3225,HOLDING
2015-02-26,3,CMS,DTE,25.4026,48.3087,0.8742,1.6719,-1,-5.3574,-0.0833,-5.4407,HOLDING
2015-02-27,3,CMS,DTE,25.266,48.35,0.8742,0.9256,-1,-5.0466,-0.0833,-5.1299,HOLDING
2015-03-02,3,CMS,DTE,24.705,47.4128,0.8742,0.3112,-1,-4.6963,-0.0833,-4.7796,HOLDING
2015-03-03,3,CMS,DTE,24.6259,47.5778,0.8742,-0.4304,-1,-4.3983,-0.0833,-4.4816,HOLDING
2015-03-04,3,CMS,DTE,24.6618,47.4953,0.8742,-0.1313,-1,-4.54,-0.0833,-4.6233,HOLDING
2015-03-05,3,CMS,DTE,24.9064,47.8254,0.8742,0.2426,-1,-4.7583,-0.0833,-4.8416,HOLDING
2015-03-06,3,CMS,DTE,23.8419,46.2163,0.8742,-1.3565,-1,-3.9522,-0.0833,-4.0355,HOLDING
2015-03-09,3,CMS,DTE,23.8204,46.2517,0.8742,-1.4979,-1,0.0,-4.0492,-4.0492,PERIOD_END_EXIT
2014-09-08,4,KIM,XEL,13.4404,22.3459,1.0235,0.0,0,0.0,0.0,0.0,HOLD_CASH
2014-09-09,4,KIM,XEL,13.3543,22.0264,1.0235,0.0,0,0.0,0.0,0.0,HOLD_CASH
2014-09-10,4,KIM,XEL,13.1592,21.9223,1.0235,0.0,0,0.0,0.0,0.0,HOLD_CASH
2014-09-11,4,KIM,XEL,13.1937,22.1445,1.0235,0.0,0,0.0,0.0,0.0,HOLD_CASH
2014-09-12,4,KIM,XEL,12.8206,21.7139,1.0235,0.0,0,0.0,0.0,0.0,HOLD_CASH
2014-09-15,4,KIM,XEL,12.8378,21.7556,1.0235,0.0,0,0.0,0.0,0.0,HOLD_CASH
2014-09-16,4,KIM,XEL,12.9756,22.001,1.0235,0.0,0,0.0,0.0,0.0,HOLD_CASH
2014-09-17,4,KIM,XEL,12.8895,21.9099,1.0235,0.0,0,0.0,0.0,0.0,HOLD_CASH
2014-09-18,4,KIM,XEL,12.8264,21.7065,1.0235,0.0,0,0.0,0.0,0.0,HOLD_CASH
2014-09-19,4,KIM,XEL,12.8665,21.8678,1.0235,0.0,0,0.0,0.0,0.0,HOLD_CASH
2014-09-22,4,KIM,XEL,12.7116,21.6645,1.0235,0.0,0,0.0,0.0,0.0,HOLD_CASH
2014-09-23,4,KIM,XEL,12.6025,21.6224,1.0235,0.0,0,0.0,0.0,0.0,HOLD_CASH
2014-09-24,4,KIM,XEL,12.5853,21.5663,1.0235,0.0,0,0.0,0.0,0.0,HOLD_CASH
2014-09-25,4,KIM,XEL,12.4419,21.356,1.0235,0.0,0,0.0,0.0,0.0,HOLD_CASH
2014-09-26,4,KIM,XEL,12.6198,21.3069,1.0235,0.0,0,0.0,0.0,0.0,HOLD_CASH
2014-09-29,4,KIM,XEL,12.6025,21.2438,1.0235,0.0,0,0.0,0.0,0.0,HOLD_CASH
2014-09-30,4,KIM,XEL,12.5739,21.3139,1.0235,0.0,0,0.0,0.0,0.0,HOLD_CASH
2014-10-01,4,KIM,XEL,12.5999,21.363,1.0235,0.0,0,0.0,0.0,0.0,HOLD_CASH
2014-10-02,4,KIM,XEL,12.6057,21.2999,1.0235,0.0,0,0.0,0.0,0.0,HOLD_CASH
2014-10-03,4,KIM,XEL,12.7333,21.4611,1.0235,0.3536,0,0.0,0.0,0.0,HOLD_CASH
2014-10-06,4,KIM,XEL,12.8435,21.4611,1.0235,1.2749,0,0.0,0.0,0.0,HOLD_CASH
2014-10-07,4,KIM,XEL,12.7507,21.6154,1.0235,-0.1128,0,0.0,0.0,0.0,HOLD_CASH
2014-10-08,4,KIM,XEL,13.0928,22.1833,1.0235,-0.0122,0,0.0,0.0,0.0,HOLD_CASH
2014-10-09,4,KIM,XEL,13.1218,21.9239,1.0235,1.9448,0,0.0,0.0,0.0,HOLD_CASH
2014-10-10,4,KIM,XEL,13.1508,22.1412,1.0235,0.7911,0,0.0,0.0,0.0,HOLD_CASH
2014-10-13,4,KIM,XEL,13.145,22.2674,1.0235,-0.0664,0,0.0,0.0,0.0,HOLD_CASH
2014-10-14,4,KIM,XEL,13.3537,22.9265,1.0235,-1.7417,0,0.0,0.0,0.0,HOLD_CASH
2014-10-15,4,KIM,XEL,13.29,22.5899,1.0235,-0.4409,0,0.0,0.0,0.0,HOLD_CASH
2014-10-16,4,KIM,XEL,13.3074,22.3586,1.0235,0.9735,0,0.0,0.0,0.0,HOLD_CASH
2014-10-17,4,KIM,XEL,13.2262,22.3586,1.0235,0.199,0,0.0,0.0,0.0,HOLD_CASH
2014-10-20,4,KIM,XEL,13.4059,22.632,1.0235,0.2799,0,0.0,0.0,0.0,HOLD_CASH
2014-10-21,4,KIM,XEL,13.6031,22.7512,1.0235,1.3024,0,0.0,0.0,0.0,HOLD_CASH
2014-10-22,4,KIM,XEL,13.6901,22.9265,1.0235,1.0262,0,0.0,0.0,0.0,HOLD_CASH
2014-10-23,4,KIM,XEL,13.8524,22.9265,1.0235,2.2733,-1,0.0,-0.0833,-0.0833,ENTER_SHORT_A
2014-10-24,4,KIM,XEL,13.9568,23.0667,1.0235,2.03,-1,-0.0525,-0.0833,-0.1358,HOLDING
2014-10-27,4,KIM,XEL,13.9974,23.0176,1.0235,2.1373,-1,-0.2634,-0.0833,-0.3467,HOLDING
2014-10-28,4,KIM,XEL,14.0148,23.1929,1.0235,1.3403,-1,0.0071,-0.0833,-0.0762,HOLDING
2014-10-29,4,KIM,XEL,14.1191,23.0316,1.0235,2.1962,-1,-0.5996,-0.0833,-0.683,HOLDING
2014-10-30,4,KIM,XEL,14.2293,23.5014,1.0235,1.0428,-1,-0.0635,-0.0833,-0.1469,HOLDING
2014-10-31,4,KIM,XEL,14.467,23.4663,1.0235,2.051,-1,-0.8348,-0.0833,-0.9181,HOLDING
2014-11-03,4,KIM,XEL,14.6584,23.6626,1.0235,1.996,-1,-1.0427,-0.0833,-1.126,HOLDING
2014-11-04,4,KIM,XEL,14.6178,23.4663,1.0235,1.9793,-1,-1.283,-0.0833,-1.3663,HOLDING
2014-11-05,4,KIM,XEL,14.5366,23.901,1.0235,0.5554,-1,-0.2424,-0.0833,-0.3258,HOLDING
2014-11-06,4,KIM,XEL,14.3395,23.1719,1.0235,1.4047,-1,-0.9969,-0.0833,-1.0802,HOLDING
2014-11-07,4,KIM,XEL,14.3743,23.5575,1.0235,0.5663,-1,-0.3914,-0.0833,-0.4747,HOLDING
2014-11-10,4,KIM,XEL,14.4612,23.8309,1.0235,0.1924,-1,-0.1472,-0.0833,-0.2306,HOLDING
2014-11-11,4,KIM,XEL,14.3685,23.7538,1.0235,-0.0966,-1,-0.0132,-0.0833,-0.0965,HOLDING
2014-11-12,4,KIM,XEL,14.2641,23.4243,1.0235,0.2667,-1,-0.3088,-0.0833,-0.3921,HOLDING
2014-11-13,4,KIM,XEL,14.3453,23.2911,1.0235,0.9744,-1,-0.795,-0.0833,-0.8783,HOLDING
2014-11-14,4,KIM,XEL,14.1829,23.1648,1.0235,0.484,-1,-0.5444,-0.0833,-0.6277,HOLDING
2014-11-17,4,KIM,XEL,14.3511,23.4383,1.0235,0.3872,-1,-0.5416,-0.0833,-0.6249,HOLDING
2014-11-18,4,KIM,XEL,14.4091,23.6416,1.0235,-0.1371,-1,-0.3401,-0.0833,-0.4235,HOLDING
2014-11-19,4,KIM,XEL,14.2931,23.5364,1.0235,-0.6334,-1,-0.1887,-0.0833,-0.272,HOLDING
2014-11-20,4,KIM,XEL,14.2815,23.5294,1.0235,-0.7265,-1,-0.1671,-0.0833,-0.2505,HOLDING
2014-11-21,4,KIM,XEL,14.4091,23.6136,1.0235,-0.1851,-1,-0.3917,-0.0833,-0.475,HOLDING
2014-11-24,4,KIM,XEL,14.4844,23.4032,1.0235,1.3259,-1,-1.0025,-0.0833,-1.0858,HOLDING
2014-11-25,4,KIM,XEL,14.5482,23.3682,1.0235,1.745,-1,-1.2566,-0.0833,-1.3399,HOLDING
2014-11-26,4,KIM,XEL,14.7222,23.4874,1.0235,2.0512,-1,-1.5546,-0.0833,-1.6379,HOLDING
2014-11-28,4,KIM,XEL,14.757,23.7958,1.0235,0.9285,-1,-1.0909,-0.0833,-1.1742,HOLDING
2014-12-01,4,KIM,XEL,14.8671,24.0272,1.0235,0.674,-1,-0.993,-0.0833,-1.0763,HOLDING
2014-12-02,4,KIM,XEL,14.8149,24.3007,1.0235,-0.6735,-1,-0.3351,-0.0833,-0.4185,HOLDING
2014-12-03,4,KIM,XEL,14.757,24.3848,1.0235,-1.2582,-1,-0.0081,-0.0833,-0.0914,HOLDING
2014-12-04,4,KIM,XEL,14.7628,24.4058,1.0235,-1.2397,-1,0.0134,-0.0833,-0.07,HOLDING
2014-12-05,4,KIM,XEL,14.6932,24.2095,1.0235,-0.8211,-1,-0.1407,-0.0833,-0.224,HOLDING
2014-12-08,4,KIM,XEL,14.7628,24.4619,1.0235,-1.2632,-1,0.1165,-0.0833,0.0331,HOLDING
2014-12-09,4,KIM,XEL,14.7454,24.5531,1.0235,-1.5678,-1,0.3358,-0.0833,0.2524,HOLDING
2014-12-10,4,KIM,XEL,14.728,24.3077,1.0235,-0.8019,-1,-0.0637,-0.0833,-0.147,HOLDING
2014-12-11,4,KIM,XEL,14.7222,24.532,1.0235,-1.4774,-1,0.366,-0.0833,0.2827,HOLDING
2014-12-12,4,KIM,XEL,14.67,24.2796,1.0235,-0.8273,-1,0.0571,-0.0833,-0.0262,HOLDING
2014-12-15,4,KIM,XEL,14.5308,24.0132,1.0235,-0.631,-1,-0.019,-0.0833,-0.1023,HOLDING
2014-12-16,4,KIM,XEL,14.4554,23.9922,1.0235,-0.8889,-1,0.1665,-0.0833,0.0831,HOLDING
2014-12-17,4,KIM,XEL,14.6874,24.3638,1.0235,-0.8137,-1,0.1601,-0.0833,0.0768,HOLDING
2014-12-18,4,KIM,XEL,14.7859,24.7844,1.0235,-1.472,-1,0.6405,-0.0833,0.5571,HOLDING
2014-12-19,4,KIM,XEL,14.8323,24.8195,1.0235,-1.236,-1,0.567,-0.0833,0.4837,HOLDING
2014-12-22,4,KIM,XEL,15.0237,24.9948,1.0235,-0.7828,-1,0.3204,-0.0833,0.2371,HOLDING
2014-12-23,4,KIM,XEL,14.9831,25.0513,1.0235,-1.0202,-1,0.545,-0.0833,0.4617,HOLDING
2014-12-24,4,KIM,XEL,14.9483,25.617,1.0235,-2.3401,-1,1.6884,-0.0833,1.6051,HOLDING
2014-12-26,4,KIM,XEL,14.9425,25.8645,1.0235,-2.5947,-1,2.1607,-0.0833,2.0773,HOLDING
2014-12-29,4,KIM,XEL,15.0179,26.3382,1.0235,-2.7,-1,2.8075,-0.0833,2.7242,HOLDING
2014-12-30,4,KIM,XEL,15.012,25.723,1.0235,-1.3462,-1,1.694,-0.0833,1.6106,HOLDING
2014-12-31,4,KIM,XEL,14.7135,25.3978,1.0235,-1.528,-1,1.9834,-0.0833,1.9,HOLDING
2015-01-02,4,KIM,XEL,14.9008,25.5392,1.0235,-1.055,-1,1.6866,-0.0833,1.6032,HOLDING
2015-01-05,4,KIM,XEL,15.0354,25.2493,1.0235,0.0405,-1,0.7534,-0.0833,0.6701,HOLDING
2015-01-06,4,KIM,XEL,15.1232,25.3836,1.0235,0.1155,-1,0.7394,-0.0833,0.6561,HOLDING
2015-01-07,4,KIM,XEL,15.5154,25.6028,1.0235,1.0009,-1,-0.0234,-0.0833,-0.1067,HOLDING
2015-01-08,4,KIM,XEL,15.568,25.8998,1.0235,0.5541,-1,0.366,-0.0833,0.2826,HOLDING
2015-01-09,4,KIM,XEL,15.5329,25.5816,1.0235,1.1023,-1,-0.1146,-0.0833,-0.1979,HOLDING
2015-01-12,4,KIM,XEL,15.6266,25.3554,1.0235,1.6966,-1,-0.809,-0.0833,-0.8923,HOLDING
2015-01-13,4,KIM,XEL,15.6968,25.5604,1.0235,1.4146,-1,-0.6408,-0.0833,-0.7241,HOLDING
2015-01-14,4,KIM,XEL,15.9602,25.7867,1.0235,1.6218,-1,-1.0078,-0.0833,-1.0911,HOLDING
2015-01-15,4,KIM,XEL,15.966,26.0129,1.0235,1.1672,-1,-0.6092,-0.0833,-0.6926,HOLDING
2015-01-16,4,KIM,XEL,16.2177,26.1756,1.0235,1.4297,-1,-1.0584,-0.0833,-1.1418,HOLDING
2015-01-20,4,KIM,XEL,15.9777,26.3523,1.0235,0.5107,-1,-0.02,-0.0833,-0.1034,HOLDING
2015-01-21,4,KIM,XEL,15.9777,26.5715,1.0235,0.1594,-1,0.383,-0.0833,0.2996,HOLDING
2015-01-22,4,KIM,XEL,16.3991,26.5291,1.0235,1.1746,-1,-0.9478,-0.0833,-1.0312,HOLDING
2015-01-23,4,KIM,XEL,16.3757,26.6988,1.0235,0.8054,-1,-0.5663,-0.0833,-0.6496,HOLDING
2015-01-26,4,KIM,XEL,16.563,26.6281,1.0235,1.2093,-1,-1.253,-0.0833,-1.3364,HOLDING
2015-01-27,4,KIM,XEL,16.5805,26.6776,1.0235,1.0814,-1,-1.2142,-0.0833,-1.2976,HOLDING
2015-01-28,4,KIM,XEL,16.4576,26.4796,1.0235,1.0562,-1,-1.2128,-0.0833,-1.2962,HOLDING
2015-01-29,4,KIM,XEL,16.5571,26.9463,1.0235,0.4475,-1,-0.6507,-0.0833,-0.734,HOLDING
2015-01-30,4,KIM,XEL,16.1826,26.5362,1.0235,-0.0332,-1,-0.291,-0.0833,-0.3744,HOLDING
2015-02-02,4,KIM,XEL,16.2528,26.5644,1.0235,0.026,-1,-0.4478,-0.0833,-0.5312,HOLDING
2015-02-03,4,KIM,XEL,16.4225,26.6139,1.0235,0.5858,-1,-0.8614,-0.0833,-0.9448,HOLDING
2015-02-04,4,KIM,XEL,16.206,26.3028,1.0235,0.4069,-1,-0.7896,-0.0833,-0.873,HOLDING
2015-02-05,4,KIM,XEL,16.3991,26.5574,1.0235,0.5267,-1,-0.8958,-0.0833,-0.9792,HOLDING
2015-02-06,4,KIM,XEL,15.6441,25.2493,1.0235,0.9228,-1,-1.0562,-0.0833,-1.1395,HOLDING
2015-02-09,4,KIM,XEL,15.5212,24.9877,1.0235,1.1192,-1,-1.1718,-0.0833,-1.2551,HOLDING
2015-02-10,4,KIM,XEL,15.7319,25.6311,1.0235,-0.2652,-1,-0.6152,-0.0833,-0.6985,HOLDING
2015-02-11,4,KIM,XEL,15.6734,25.1362,1.0235,1.3901,-1,-1.3512,-0.0833,-1.4345,HOLDING
2015-02-12,4,KIM,XEL,15.849,25.122,1.0235,2.1866,-1,-1.8991,-0.0833,-1.9825,HOLDING
2015-02-13,4,KIM,XEL,15.7026,24.7473,1.0235,2.2187,-1,-2.1531,-0.0833,-2.2365,HOLDING
2015-02-17,4,KIM,XEL,15.6617,24.8816,1.0235,1.4251,-1,-1.7843,-0.0833,-1.8677,HOLDING
2015-02-18,4,KIM,XEL,15.767,25.6665,1.0235,-0.5151,-1,-0.6546,-0.0833,-0.7379,HOLDING
2015-02-19,4,KIM,XEL,15.4159,25.6099,1.0235,-2.1497,-1,0.2854,-0.0833,0.2021,HOLDING
2015-02-20,4,KIM,XEL,15.7436,25.3978,1.0235,0.1938,-1,-1.079,-0.0833,-1.1623,HOLDING
2015-02-23,4,KIM,XEL,15.9543,25.723,1.0235,0.1698,-1,-1.1074,-0.0833,-1.1907,HOLDING
2015-02-24,4,KIM,XEL,15.4802,25.7018,1.0235,-1.8705,-1,0.263,-0.0833,0.1797,HOLDING
2015-02-25,4,KIM,XEL,15.4802,25.1857,1.0235,-0.3212,-1,-0.686,-0.0833,-0.7693,HOLDING
2015-02-26,4,KIM,XEL,15.3164,25.0443,1.0235,-0.6192,-1,-0.4588,-0.0833,-0.5421,HOLDING
2015-02-27,4,KIM,XEL,15.3808,24.9453,1.0235,-0.0405,-1,-0.8322,-0.0833,-0.9155,HOLDING
2015-03-02,4,KIM,XEL,15.3983,24.3301,1.0235,1.6628,-1,-2.0153,-0.0833,-2.0986,HOLDING
2015-03-03,4,KIM,XEL,15.4217,24.5281,1.0235,1.0804,-1,-1.7209,-0.0833,-1.8043,HOLDING
2015-03-04,4,KIM,XEL,15.1525,24.4503,1.0235,0.0866,-1,-1.0635,-0.0833,-1.1469,HOLDING
2015-03-05,4,KIM,XEL,15.3222,24.6978,1.0235,0.1152,-1,-1.1131,-0.0833,-1.1965,HOLDING
2015-03-06,4,KIM,XEL,14.8013,23.7928,1.0235,0.3282,-1,-1.2285,-0.0833,-1.3118,HOLDING
2015-03-09,4,KIM,XEL,14.9359,24.0968,1.0235,0.0542,-1,0.0,-1.2418,-1.2418,PERIOD_END_EXIT
2014-09-08,5,CNP,PNW,16.7182,36.5682,0.9538,0.0,0,0.0,0.0,0.0,HOLD_CASH
2014-09-09,5,CNP,PNW,16.6106,36.163,0.9538,0.0,0,0.0,0.0,0.0,HOLD_CASH
2014-09-10,5,CNP,PNW,16.5568,36.1694,0.9538,0.0,0,0.0,0.0,0.0,HOLD_CASH
2014-09-11,5,CNP,PNW,16.651,36.7933,0.9538,0.0,0,0.0,0.0,0.0,HOLD_CASH
2014-09-12,5,CNP,PNW,16.3146,36.4074,0.9538,0.0,0,0.0,0.0,0.0,HOLD_CASH
2014-09-15,5,CNP,PNW,16.328,36.4974,0.9538,0.0,0,0.0,0.0,0.0,HOLD_CASH
2014-09-16,5,CNP,PNW,16.4357,36.8769,0.9538,0.0,0,0.0,0.0,0.0,HOLD_CASH
2014-09-17,5,CNP,PNW,16.3886,36.8319,0.9538,0.0,0,0.0,0.0,0.0,HOLD_CASH
2014-09-18,5,CNP,PNW,16.2944,36.1694,0.9538,0.0,0,0.0,0.0,0.0,HOLD_CASH
2014-09-19,5,CNP,PNW,16.1867,36.3431,0.9538,0.0,0,0.0,0.0,0.0,HOLD_CASH
2014-09-22,5,CNP,PNW,16.0455,36.1566,0.9538,0.0,0,0.0,0.0,0.0,HOLD_CASH
2014-09-23,5,CNP,PNW,16.0522,35.9958,0.9538,0.0,0,0.0,0.0,0.0,HOLD_CASH
2014-09-24,5,CNP,PNW,16.0589,35.7578,0.9538,0.0,0,0.0,0.0,0.0,HOLD_CASH
2014-09-25,5,CNP,PNW,16.106,35.372,0.9538,0.0,0,0.0,0.0,0.0,HOLD_CASH
2014-09-26,5,CNP,PNW,16.4088,35.3655,0.9538,0.0,0,0.0,0.0,0.0,HOLD_CASH
2014-09-29,5,CNP,PNW,16.4559,35.2884,0.9538,0.0,0,0.0,0.0,0.0,HOLD_CASH
2014-09-30,5,CNP,PNW,16.4626,35.1404,0.9538,0.0,0,0.0,0.0,0.0,HOLD_CASH
2014-10-01,5,CNP,PNW,16.5097,35.2498,0.9538,0.0,0,0.0,0.0,0.0,HOLD_CASH
2014-10-02,5,CNP,PNW,16.503,35.3398,0.9538,0.0,0,0.0,0.0,0.0,HOLD_CASH
2014-10-03,5,CNP,PNW,16.6375,35.7128,0.9538,1.2132,0,0.0,0.0,0.0,HOLD_CASH
2014-10-06,5,CNP,PNW,16.5635,35.6742,0.9538,0.9712,0,0.0,0.0,0.0,HOLD_CASH
2014-10-07,5,CNP,PNW,16.4693,35.6485,0.9538,0.6955,0,0.0,0.0,0.0,HOLD_CASH
2014-10-08,5,CNP,PNW,16.651,36.6325,0.9538,-0.0513,0,0.0,0.0,0.0,HOLD_CASH
2014-10-09,5,CNP,PNW,16.2742,35.9958,0.9538,-0.3597,0,0.0,0.0,0.0,HOLD_CASH
2014-10-10,5,CNP,PNW,16.2002,36.3752,0.9538,-1.0683,0,0.0,0.0,0.0,HOLD_CASH
2014-10-13,5,CNP,PNW,15.5813,36.7225,0.9538,-2.6588,1,0.0,-0.0833,-0.0833,ENTER_LONG_A
2014-10-14,5,CNP,PNW,15.3458,37.2499,0.9538,-2.7907,1,-1.2288,-0.0833,-1.3121,HOLDING
2014-10-15,5,CNP,PNW,14.895,36.9026,0.9538,-2.6051,1,-2.078,-0.0833,-2.1613,HOLDING
2014-10-16,5,CNP,PNW,15.1709,36.7161,0.9538,-1.7649,1,-1.1163,-0.0833,-1.1996,HOLDING
2014-10-17,5,CNP,PNW,15.588,37.1213,0.9538,-1.2736,1,-0.4233,-0.0833,-0.5067,HOLDING
2014-10-20,5,CNP,PNW,15.8369,37.6229,0.9538,-1.1162,1,-0.2976,-0.0833,-0.381,HOLDING
2014-10-21,5,CNP,PNW,16.0589,37.6358,0.9538,-0.784,1,0.2959,-0.0833,0.2125,HOLDING
2014-10-22,5,CNP,PNW,15.8235,37.7708,0.9538,-1.0475,1,-0.4983,-0.0833,-0.5817,HOLDING
2014-10-23,5,CNP,PNW,16.0253,38.0088,0.9538,-0.8364,1,-0.2095,-0.0833,-0.2928,HOLDING
2014-10-24,5,CNP,PNW,16.1464,38.0538,0.9538,-0.6403,1,0.0722,-0.0833,-0.0112,HOLDING
2014-10-27,5,CNP,PNW,16.1531,38.3368,0.9538,-0.69,1,-0.2229,-0.0833,-0.3062,HOLDING
2014-10-28,5,CNP,PNW,16.3415,38.4397,0.9538,-0.4389,1,0.1788,-0.0833,0.0954,HOLDING
2014-10-29,5,CNP,PNW,16.2809,38.4332,0.9538,-0.4381,1,0.0201,-0.0833,-0.0632,HOLDING
2014-10-30,5,CNP,PNW,16.4222,39.3134,0.9538,-0.6479,1,-0.5682,-0.0833,-0.6516,HOLDING
2014-10-31,5,CNP,PNW,16.5164,39.9306,0.9538,-0.792,1,-0.994,-0.0833,-1.0774,HOLDING
2014-11-03,5,CNP,PNW,16.7384,40.4372,0.9538,-0.6948,1,-0.9476,-0.0833,-1.0309,HOLDING
2014-11-04,5,CNP,PNW,16.577,40.054,0.9538,-0.6593,1,-0.965,-0.0833,-1.0483,HOLDING
2014-11-05,5,CNP,PNW,16.9066,40.853,0.9538,-0.5732,1,-0.9477,-0.0833,-1.0311,HOLDING
2014-11-06,5,CNP,PNW,16.7788,40.1384,0.9538,-0.0729,1,-0.5061,-0.0833,-0.5894,HOLDING
2014-11-07,5,CNP,PNW,16.9739,40.5996,0.9538,0.1617,1,-0.4829,-0.0833,-0.5663,HOLDING
2014-11-10,5,CNP,PNW,17.0748,40.801,0.9538,0.2905,1,-0.4298,-0.0833,-0.5131,HOLDING
2014-11-11,5,CNP,PNW,17.021,40.8075,0.9538,-0.0241,1,-0.5843,-0.0833,-0.6676,HOLDING
2014-11-12,5,CNP,PNW,16.6868,40.1449,0.9538,-0.679,1,-0.765,-0.0833,-0.8483,HOLDING
2014-11-13,5,CNP,PNW,16.4288,39.7746,0.9538,-1.4857,1,-1.0612,-0.0833,-1.1446,HOLDING
2014-11-14,5,CNP,PNW,16.3269,39.4888,0.9538,-1.2773,1,-1.0235,-0.0833,-1.1068,HOLDING
2014-11-17,5,CNP,PNW,16.5578,40.1579,0.9538,-1.3321,1,-1.1326,-0.0833,-1.2159,HOLDING
2014-11-18,5,CNP,PNW,16.7004,40.4307,0.9538,-1.0432,1,-1.0444,-0.0833,-1.1278,HOLDING
2014-11-19,5,CNP,PNW,16.5578,40.3268,0.9538,-1.525,1,-1.3197,-0.0833,-1.403,HOLDING
2014-11-20,5,CNP,PNW,16.5238,40.2424,0.9538,-1.3666,1,-1.3191,-0.0833,-1.4024,HOLDING
2014-11-21,5,CNP,PNW,16.5306,40.7296,0.9538,-2.1481,1,-1.8402,-0.0833,-1.9236,HOLDING
2014-11-24,5,CNP,PNW,16.5374,40.2878,0.9538,-1.0101,1,-1.3323,-0.0833,-1.4156,HOLDING
2014-11-25,5,CNP,PNW,16.5103,40.3723,0.9538,-1.3108,1,-1.5002,-0.0833,-1.5835,HOLDING
2014-11-26,5,CNP,PNW,16.4831,40.5152,0.9538,-1.7533,1,-1.7329,-0.0833,-1.8162,HOLDING
2014-11-28,5,CNP,PNW,16.259,41.0738,0.9538,-3.1409,1,-2.9653,-0.0833,-3.0486,HOLDING
2014-12-01,5,CNP,PNW,15.9601,41.3142,0.9538,-3.1811,1,-4.0496,-0.0833,-4.1329,HOLDING
2014-12-02,5,CNP,PNW,16.1435,42.1197,0.9538,-2.639,1,-4.4399,-0.0833,-4.5233,HOLDING
2014-12-03,5,CNP,PNW,16.3608,42.438,0.9538,-1.9905,1,-4.1976,-0.0833,-4.2809,HOLDING
2014-12-04,5,CNP,PNW,16.2454,42.7823,0.9538,-2.091,1,-4.8951,-0.0833,-4.9784,HOLDING
2014-12-05,5,CNP,PNW,15.9941,42.8083,0.9538,-2.1532,1,-5.6117,-0.0833,-5.6951,HOLDING
2014-12-08,5,CNP,PNW,15.8243,43.0161,0.9538,-2.142,1,-6.3068,-0.0833,-6.3901,HOLDING
2014-12-09,5,CNP,PNW,15.9262,42.8667,0.9538,-1.661,1,-5.8624,-0.0833,-5.9457,HOLDING
2014-12-10,5,CNP,PNW,15.3829,42.399,0.9538,-1.9194,1,-6.8316,-0.0833,-6.9149,HOLDING
2014-12-11,5,CNP,PNW,15.3353,42.7888,0.9538,-1.8729,1,-7.3934,-0.0833,-7.4768,HOLDING
2014-12-12,5,CNP,PNW,14.9414,42.5484,0.9538,-1.9505,1,-8.2055,-0.0833,-8.2888,HOLDING
2014-12-15,5,CNP,PNW,14.629,41.9248,0.9538,-1.802,1,-8.3699,-0.0833,-8.4532,HOLDING
2014-12-16,5,CNP,PNW,14.7445,41.8728,0.9538,-1.4634,1,-7.9962,-0.0833,-8.0796,HOLDING
2014-12-17,5,CNP,PNW,15.2742,42.8667,0.9538,-1.1267,1,-7.6471,-0.0833,-7.7305,HOLDING
2014-12-18,5,CNP,PNW,15.6206,43.7112,0.9538,-0.9638,1,-7.6345,-0.0833,-7.7179,HOLDING
2014-12-19,5,CNP,PNW,15.6885,43.7762,0.9538,-0.828,1,-7.5206,-0.0833,-7.6039,HOLDING
2014-12-22,5,CNP,PNW,15.8039,44.1659,0.9538,-0.767,1,-7.6363,-0.0833,-7.7196,HOLDING
2014-12-23,5,CNP,PNW,15.9262,44.2893,0.9538,-0.5973,1,-7.4384,-0.0833,-7.5217,HOLDING
2014-12-24,5,CNP,PNW,16.1367,45.2053,0.9538,-0.6662,1,-7.8767,-0.0833,-7.9601,HOLDING
2014-12-26,5,CNP,PNW,16.2522,45.4781,0.9538,-0.5732,1,-7.8629,-0.0833,-7.9463,HOLDING
2014-12-29,5,CNP,PNW,16.4967,45.8808,0.9538,-0.3075,1,-7.6398,-0.0833,-7.7231,HOLDING
2014-12-30,5,CNP,PNW,16.1775,45.0818,0.9538,-0.3148,1,-7.6285,-0.0833,-7.7118,HOLDING
2014-12-31,5,CNP,PNW,15.9126,44.3738,0.9538,-0.2804,1,-7.5691,-0.0833,-7.6525,HOLDING
2015-01-02,5,CNP,PNW,16.0484,44.5881,0.9538,0.0034,1,-7.4348,-0.0833,-7.5181,HOLDING
2015-01-05,5,CNP,PNW,15.5391,44.2893,0.9538,-1.2468,1,-8.4981,-0.0833,-8.5814,HOLDING
2015-01-06,5,CNP,PNW,15.1927,44.4387,0.9538,-2.3972,1,-9.6117,-0.0833,-9.6951,HOLDING
2015-01-07,5,CNP,PNW,15.3896,45.4716,0.9538,-2.3835,1,-10.2168,-0.0833,-10.3001,HOLDING
2015-01-08,5,CNP,PNW,15.7564,45.5495,0.9538,-1.2428,1,-9.2992,-0.0833,-9.3826,HOLDING
2015-01-09,5,CNP,PNW,15.4236,44.8805,0.9538,-1.4594,1,-9.469,-0.0833,-9.5523,HOLDING
2015-01-12,5,CNP,PNW,15.4576,44.874,0.9538,-1.2003,1,-9.3688,-0.0833,-9.4521,HOLDING
2015-01-13,5,CNP,PNW,15.3761,44.9714,0.9538,-1.4317,1,-9.6999,-0.0833,-9.7832,HOLDING
2015-01-14,5,CNP,PNW,15.3625,45.4521,0.9538,-1.7476,1,-10.2696,-0.0833,-10.3529,HOLDING
2015-01-15,5,CNP,PNW,15.3896,45.8613,0.9538,-1.7743,1,-10.6486,-0.0833,-10.7319,HOLDING
2015-01-16,5,CNP,PNW,15.6206,46.394,0.9538,-1.4324,1,-10.6066,-0.0833,-10.6899,HOLDING
2015-01-20,5,CNP,PNW,15.5459,46.7448,0.9538,-1.6492,1,-11.1997,-0.0833,-11.283,HOLDING
2015-01-21,5,CNP,PNW,15.7224,47.0696,0.9538,-1.3241,1,-11.0761,-0.0833,-11.1594,HOLDING
2015-01-22,5,CNP,PNW,15.5459,47.0761,0.9538,-1.5256,1,-11.5667,-0.0833,-11.65,HOLDING
2015-01-23,5,CNP,PNW,15.6002,46.9397,0.9538,-1.1917,1,-11.2668,-0.0833,-11.3502,HOLDING
2015-01-26,5,CNP,PNW,15.6206,46.9072,0.9538,-1.0202,1,-11.1751,-0.0833,-11.2584,HOLDING
2015-01-27,5,CNP,PNW,15.7156,46.8292,0.9538,-0.68,1,-10.8284,-0.0833,-10.9118,HOLDING
2015-01-28,5,CNP,PNW,15.4576,46.329,0.9538,-0.8302,1,-10.9808,-0.0833,-11.0641,HOLDING
2015-01-29,5,CNP,PNW,15.8719,46.7974,0.9538,-0.0911,1,-10.3656,-0.0833,-10.4489,HOLDING
2015-01-30,5,CNP,PNW,15.6817,45.972,0.9538,0.2592,1,-9.9718,-0.0833,-10.0551,HOLDING
2015-02-02,5,CNP,PNW,15.5526,46.0179,0.9538,-0.0628,1,-10.3758,-0.0833,-10.4591,HOLDING
2015-02-03,5,CNP,PNW,15.5119,46.1555,0.9538,-0.3492,1,-10.6397,-0.0833,-10.7231,HOLDING
2015-02-04,5,CNP,PNW,15.4847,45.7231,0.9538,0.2691,1,-10.2352,-0.0833,-10.3185,HOLDING
2015-02-05,5,CNP,PNW,15.7496,45.7362,0.9538,1.4699,1,-9.5246,-0.0833,-9.608,HOLDING
2015-02-06,5,CNP,PNW,15.0908,43.7514,0.9538,1.5044,1,-9.1291,-0.0833,-9.2125,HOLDING
2015-02-09,5,CNP,PNW,15.0704,43.5614,0.9538,1.6518,1,-8.9745,-0.0833,-9.0578,HOLDING
2015-02-10,5,CNP,PNW,15.3964,44.282,0.9538,1.9451,1,-8.8804,-0.0833,-8.9637,HOLDING
2015-02-11,5,CNP,PNW,14.8657,43.9021,0.9538,0.0331,1,-9.9124,-0.0833,-9.9957,HOLDING
2015-02-12,5,CNP,PNW,15.1815,43.8497,0.9538,1.4878,1,-8.9897,-0.0833,-9.0731,HOLDING
2015-02-13,5,CNP,PNW,14.9412,42.664,0.9538,1.8632,1,-8.3341,-0.0833,-8.4174,HOLDING
2015-02-17,5,CNP,PNW,14.8313,42.5592,0.9538,1.3785,1,-8.5187,-0.0833,-8.6021,HOLDING
2015-02-18,5,CNP,PNW,15.0648,43.6728,0.9538,0.7585,1,-9.1133,-0.0833,-9.1966,HOLDING
2015-02-19,5,CNP,PNW,14.8382,43.1226,0.9538,0.5045,1,-9.124,-0.0833,-9.2074,HOLDING
2015-02-20,5,CNP,PNW,14.9206,43.0832,0.9538,0.8307,1,-8.8549,-0.0833,-8.9382,HOLDING
2015-02-23,5,CNP,PNW,14.8863,43.2536,0.9538,0.3449,1,-9.1376,-0.0833,-9.2209,HOLDING
2015-02-24,5,CNP,PNW,15.1335,43.2732,0.9538,1.4028,1,-8.4827,-0.0833,-8.566,HOLDING
2015-02-25,5,CNP,PNW,14.8107,42.4609,0.9538,1.041,1,-8.4662,-0.0833,-8.5496,HOLDING
2015-02-26,5,CNP,PNW,14.4331,42.1858,0.9538,-0.6546,1,-9.1953,-0.0833,-9.2786,HOLDING
2015-02-27,5,CNP,PNW,14.2752,41.9762,0.9538,-1.1868,1,-9.3953,-0.0833,-9.4787,HOLDING
2015-03-02,5,CNP,PNW,14.2065,41.177,0.9538,-0.0253,1,-8.698,-0.0833,-8.7813,HOLDING
2015-03-03,5,CNP,PNW,14.2683,41.6356,0.9538,-0.6476,1,-9.0368,-0.0833,-9.1201,HOLDING
2015-03-04,5,CNP,PNW,14.2408,41.3146,0.9538,-0.2659,1,-8.7564,-0.0833,-8.8397,HOLDING
2015-03-05,5,CNP,PNW,14.3919,41.6159,0.9538,0.0305,1,-8.6767,-0.0833,-8.76,HOLDING
2015-03-06,5,CNP,PNW,14.179,40.594,0.9538,0.9608,1,-8.1273,-0.0833,-8.2106,HOLDING
2015-03-09,5,CNP,PNW,14.234,40.6792,0.9538,1.0716,1,0.0,-8.2386,-8.2386,PERIOD_END_EXIT
2014-09-08,6,PG,WMT,60.3864,20.5716,0.9134,0.0,0,0.0,0.0,0.0,HOLD_CASH
2014-09-09,6,PG,WMT,60.1473,20.628,0.9134,0.0,0,0.0,0.0,0.0,HOLD_CASH
2014-09-10,6,PG,WMT,60.6183,20.5662,0.9134,0.0,0,0.0,0.0,0.0,HOLD_CASH
2014-09-11,6,PG,WMT,60.5096,20.456,0.9134,0.0,0,0.0,0.0,0.0,HOLD_CASH
2014-09-12,6,PG,WMT,60.3429,20.3673,0.9134,0.0,0,0.0,0.0,0.0,HOLD_CASH
2014-09-15,6,PG,WMT,60.785,20.378,0.9134,0.0,0,0.0,0.0,0.0,HOLD_CASH
2014-09-16,6,PG,WMT,60.9372,20.5151,0.9134,0.0,0,0.0,0.0,0.0,HOLD_CASH
2014-09-17,6,PG,WMT,60.9952,20.4936,0.9134,0.0,0,0.0,0.0,0.0,HOLD_CASH
2014-09-18,6,PG,WMT,61.017,20.4882,0.9134,0.0,0,0.0,0.0,0.0,HOLD_CASH
2014-09-19,6,PG,WMT,61.2199,20.6549,0.9134,0.0,0,0.0,0.0,0.0,HOLD_CASH
2014-09-22,6,PG,WMT,61.4663,20.5124,0.9134,0.0,0,0.0,0.0,0.0,HOLD_CASH
2014-09-23,6,PG,WMT,61.1981,20.3216,0.9134,0.0,0,0.0,0.0,0.0,HOLD_CASH
2014-09-24,6,PG,WMT,61.7779,20.7194,0.9134,0.0,0,0.0,0.0,0.0,HOLD_CASH
2014-09-25,6,PG,WMT,61.1184,20.4613,0.9134,0.0,0,0.0,0.0,0.0,HOLD_CASH
2014-09-26,6,PG,WMT,61.2996,20.5608,0.9134,0.0,0,0.0,0.0,0.0,HOLD_CASH
2014-09-29,6,PG,WMT,61.1981,20.4506,0.9134,0.0,0,0.0,0.0,0.0,HOLD_CASH
2014-09-30,6,PG,WMT,60.6908,20.5554,0.9134,0.0,0,0.0,0.0,0.0,HOLD_CASH
2014-10-01,6,PG,WMT,60.2559,20.4613,0.9134,0.0,0,0.0,0.0,0.0,HOLD_CASH
2014-10-02,6,PG,WMT,60.1907,20.4909,0.9134,0.0,0,0.0,0.0,0.0,HOLD_CASH
2014-10-03,6,PG,WMT,60.7271,20.7839,0.9134,-1.6082,0,0.0,0.0,0.0,HOLD_CASH
2014-10-06,6,PG,WMT,60.5676,20.792,0.9134,-1.8091,0,0.0,0.0,0.0,HOLD_CASH
2014-10-07,6,PG,WMT,60.2704,20.7785,0.9134,-2.1533,1,0.0,-0.0833,-0.0833,ENTER_LONG_A
2014-10-08,6,PG,WMT,61.0097,21.0312,0.9134,-1.7893,1,0.0505,-0.0833,-0.0329,HOLDING
2014-10-09,6,PG,WMT,60.6328,20.9291,0.9134,-1.7104,1,-0.0263,-0.0833,-0.1096,HOLDING
2014-10-10,6,PG,WMT,61.3793,21.0446,0.9134,-0.984,1,0.2918,-0.0833,0.2085,HOLDING
2014-10-13,6,PG,WMT,60.4227,20.8484,0.9134,-1.4224,1,-0.0238,-0.0833,-0.1071,HOLDING
2014-10-14,6,PG,WMT,60.5531,20.9613,0.9134,-1.4607,1,-0.1457,-0.0833,-0.229,HOLDING
2014-10-15,6,PG,WMT,60.1183,20.214,0.9134,0.583,1,0.9708,-0.0833,0.8874,HOLDING
2014-10-16,6,PG,WMT,59.6037,19.8431,0.9134,1.1875,1,1.3091,-0.0833,1.2258,HOLDING
2014-10-17,6,PG,WMT,60.3502,19.9184,0.9134,1.6696,1,1.7044,-0.0833,1.6211,HOLDING
2014-10-20,6,PG,WMT,61.0097,20.1979,0.9134,1.4672,1,1.6458,-0.0833,1.5625,HOLDING
2014-10-21,6,PG,WMT,61.3214,20.4345,0.9134,1.1107,1,1.4181,-0.0833,1.3348,HOLDING
2014-10-22,6,PG,WMT,61.5141,20.4371,0.9134,1.2545,1,1.5523,-0.0833,1.469,HOLDING
2014-10-23,6,PG,WMT,60.7838,20.4963,0.9134,0.2936,1,0.9113,-0.0833,0.828,HOLDING
2014-10-24,6,PG,WMT,62.1933,20.5312,0.9134,1.6018,1,1.863,-0.0833,1.7797,HOLDING
2014-10-27,6,PG,WMT,62.7703,20.5877,0.9134,1.8158,1,2.1718,-0.0833,2.0885,HOLDING
2014-10-28,6,PG,WMT,63.15,20.5232,0.9134,1.9691,1,2.5698,-0.0833,2.4864,HOLDING
2014-10-29,6,PG,WMT,63.2012,20.5339,0.9134,1.7161,1,2.5861,-0.0833,2.5028,HOLDING
2014-10-30,6,PG,WMT,63.4933,20.55,0.9134,1.6546,1,2.7663,-0.0833,2.683,HOLDING
2014-10-31,6,PG,WMT,63.7343,20.5017,0.9134,1.671,1,3.0331,-0.0833,2.9498,HOLDING
2014-11-03,6,PG,WMT,63.8146,20.5043,0.9134,1.521,1,3.086,-0.0833,3.0027,HOLDING
2014-11-04,6,PG,WMT,64.7349,20.7678,0.9134,1.4599,1,3.2467,-0.0833,3.1633,HOLDING
2014-11-05,6,PG,WMT,64.9977,20.886,0.9134,1.2835,1,3.2102,-0.0833,3.1268,HOLDING
2014-11-06,6,PG,WMT,64.9247,20.9156,0.9134,1.091,1,3.1008,-0.0833,3.0175,HOLDING
2014-11-07,6,PG,WMT,65.0927,21.1737,0.9134,0.6564,1,2.7282,-0.0833,2.6448,HOLDING
2014-11-10,6,PG,WMT,65.3264,21.3538,0.9134,0.3962,1,2.5522,-0.0833,2.4689,HOLDING
2014-11-11,6,PG,WMT,65.4871,21.2382,0.9134,0.7287,1,2.8896,-0.0833,2.8063,HOLDING
2014-11-12,6,PG,WMT,65.3483,21.2893,0.9134,0.3928,1,2.6915,-0.0833,2.6082,HOLDING
2014-11-13,6,PG,WMT,64.7056,22.2946,0.9134,-2.4998,1,0.3024,-0.0833,0.2191,HOLDING
2014-11-14,6,PG,WMT,64.3478,22.3,0.9134,-2.3052,1,0.0336,-0.0833,-0.0498,HOLDING
2014-11-17,6,PG,WMT,64.1506,22.4639,0.9134,-2.266,1,-0.4229,-0.0833,-0.5062,HOLDING
2014-11-18,6,PG,WMT,64.2309,22.5231,0.9134,-1.9873,1,-0.478,-0.0833,-0.5614,HOLDING
2014-11-19,6,PG,WMT,64.8006,22.8456,0.9134,-1.8495,1,-0.684,-0.0833,-0.7673,HOLDING
2014-11-20,6,PG,WMT,64.6107,22.7354,0.9134,-1.6345,1,-0.6102,-0.0833,-0.6935,HOLDING
2014-11-21,6,PG,WMT,64.7056,22.7542,0.9134,-1.4394,1,-0.5776,-0.0833,-0.6609,HOLDING
2014-11-24,6,PG,WMT,64.3478,22.9558,0.9134,-1.6004,1,-1.2221,-0.0833,-1.3055,HOLDING
2014-11-25,6,PG,WMT,64.8517,22.8349,0.9134,-1.1387,1,-0.6264,-0.0833,-0.7098,HOLDING
2014-11-26,6,PG,WMT,64.9101,22.8429,0.9134,-1.0163,1,-0.5996,-0.0833,-0.683,HOLDING
2014-11-28,6,PG,WMT,66.0421,23.5311,0.9134,-1.1425,1,-1.0991,-0.0833,-1.1824,HOLDING
2014-12-01,6,PG,WMT,65.7865,23.1763,0.9134,-0.804,1,-0.6045,-0.0833,-0.6878,HOLDING
2014-12-02,6,PG,WMT,66.5095,23.2246,0.9134,-0.4992,1,-0.1747,-0.0833,-0.258,HOLDING
2014-12-03,6,PG,WMT,65.728,22.9597,0.9134,-0.4604,1,-0.2322,-0.0833,-0.3155,HOLDING
2014-12-04,6,PG,WMT,66.1516,22.9111,0.9134,-0.1382,1,0.167,-0.0833,0.0837,HOLDING
2014-12-05,6,PG,WMT,66.0056,22.7381,0.9134,0.112,1,0.3927,-0.0833,0.3094,HOLDING
2014-12-08,6,PG,WMT,66.2831,22.7678,0.9134,0.3318,1,0.5363,-0.0833,0.453,HOLDING
2014-12-09,6,PG,WMT,66.2466,22.5867,0.9134,0.7406,1,0.8567,-0.0833,0.7733,HOLDING
2014-12-10,6,PG,WMT,65.728,22.4299,0.9134,0.9679,1,0.7821,-0.0833,0.6988,HOLDING
2014-12-11,6,PG,WMT,66.0275,22.6597,0.9134,1.2246,1,0.5586,-0.0833,0.4753,HOLDING
2014-12-12,6,PG,WMT,65.3994,22.6543,0.9134,0.5147,1,0.1151,-0.0833,0.0318,HOLDING
2014-12-15,6,PG,WMT,65.1438,22.6894,0.9134,0.1072,1,-0.1369,-0.0833,-0.2202,HOLDING
2014-12-16,6,PG,WMT,65.2607,22.4245,0.9134,1.0018,1,0.4547,-0.0833,0.3714,HOLDING
2014-12-17,6,PG,WMT,66.2393,22.7678,0.9134,0.9799,1,0.5047,-0.0833,0.4213,HOLDING
2014-12-18,6,PG,WMT,67.1887,23.23,0.9134,0.5952,1,0.3058,-0.0833,0.2224,HOLDING
2014-12-19,6,PG,WMT,67.2252,23.0192,0.9134,1.1526,1,0.7358,-0.0833,0.6525,HOLDING
2014-12-22,6,PG,WMT,67.6268,23.349,0.9134,0.5492,1,0.3947,-0.0833,0.3114,HOLDING
2014-12-23,6,PG,WMT,68.1308,23.4247,0.9134,0.8392,1,0.6139,-0.0833,0.5306,HOLDING
2014-12-24,6,PG,WMT,68.0212,23.3625,0.9134,0.8264,1,0.6538,-0.0833,0.5705,HOLDING
2014-12-26,6,PG,WMT,68.2549,23.4922,0.9134,0.6032,1,0.5743,-0.0833,0.4909,HOLDING
2014-12-29,6,PG,WMT,67.6561,23.4193,0.9134,-0.1427,1,0.2813,-0.0833,0.1979,HOLDING
2014-12-30,6,PG,WMT,67.4808,23.4598,0.9134,-0.9061,1,0.077,-0.0833,-0.0064,HOLDING
2014-12-31,6,PG,WMT,66.5241,23.2138,0.9134,-1.6238,1,-0.1434,-0.0833,-0.2268,HOLDING
2015-01-02,6,PG,WMT,66.0494,23.2192,0.9134,-2.4667,1,-0.4968,-0.0833,-0.5801,HOLDING
2015-01-05,6,PG,WMT,65.7353,23.1517,0.9134,-2.2617,1,-0.5943,-0.0833,-0.6777,HOLDING
2015-01-06,6,PG,WMT,65.4359,23.3301,0.9134,-2.6751,1,-1.1523,-0.0833,-1.2356,HOLDING
2015-01-07,6,PG,WMT,65.7792,23.9491,0.9134,-2.9802,1,-2.0893,-0.0833,-2.1726,HOLDING
2015-01-08,6,PG,WMT,66.5314,24.4545,0.9134,-2.6369,1,-2.5135,-0.0833,-2.5968,HOLDING
2015-01-09,6,PG,WMT,65.9106,24.1518,0.9134,-2.0998,1,-2.3825,-0.0833,-2.4658,HOLDING
2015-01-12,6,PG,WMT,65.6696,24.3329,0.9134,-2.1355,1,-2.9033,-0.0833,-2.9867,HOLDING
2015-01-13,6,PG,WMT,65.9472,24.141,0.9134,-1.4651,1,-2.3354,-0.0833,-2.4187,HOLDING
2015-01-14,6,PG,WMT,65.7207,23.4111,0.9134,-0.4548,1,-1.1017,-0.0833,-1.185,HOLDING
2015-01-15,6,PG,WMT,65.6258,23.6193,0.9134,-0.7491,1,-1.5688,-0.0833,-1.6521,HOLDING
2015-01-16,6,PG,WMT,66.6409,23.4544,0.9134,0.1529,1,-0.5196,-0.0833,-0.6029,HOLDING
2015-01-20,6,PG,WMT,66.5971,23.4328,0.9134,0.1979,1,-0.5099,-0.0833,-0.5932,HOLDING
2015-01-21,6,PG,WMT,66.7325,23.4193,0.9134,0.3655,1,-0.3862,-0.0833,-0.4695,HOLDING
2015-01-22,6,PG,WMT,67.387,23.868,0.9134,0.0943,1,-0.7722,-0.0833,-0.8555,HOLDING
2015-01-23,6,PG,WMT,66.2544,23.9247,0.9134,-0.6736,1,-1.6994,-0.0833,-1.7827,HOLDING
2015-01-26,6,PG,WMT,65.8866,23.9572,0.9134,-0.9021,1,-2.0272,-0.0833,-2.1105,HOLDING
2015-01-27,6,PG,WMT,63.6139,23.6598,0.9134,-1.826,1,-3.1003,-0.0833,-3.1836,HOLDING
2015-01-28,6,PG,WMT,62.6283,23.4679,0.9134,-1.9344,1,-3.445,-0.0833,-3.5283,HOLDING
2015-01-29,6,PG,WMT,63.0108,23.7112,0.9134,-1.8324,1,-3.6344,-0.0833,-3.7177,HOLDING
2015-01-30,6,PG,WMT,61.9958,22.9706,0.9134,-1.1643,1,-2.9499,-0.0833,-3.0332,HOLDING
2015-02-02,6,PG,WMT,62.6063,23.1679,0.9134,-0.9768,1,-2.8865,-0.0833,-2.9699,HOLDING
2015-02-03,6,PG,WMT,63.2167,23.2976,0.9134,-0.6914,1,-2.6938,-0.0833,-2.7771,HOLDING
2015-02-04,6,PG,WMT,63.0991,23.422,0.9134,-0.9066,1,-3.0169,-0.0833,-3.1002,HOLDING
2015-02-05,6,PG,WMT,63.7684,23.5923,0.9134,-0.6771,1,-2.8593,-0.0833,-2.9426,HOLDING
2015-02-06,6,PG,WMT,62.9667,23.6058,0.9134,-1.1776,1,-3.4645,-0.0833,-3.5478,HOLDING
2015-02-09,6,PG,WMT,62.5548,23.2219,0.9134,-0.7618,1,-3.0272,-0.0833,-3.1106,HOLDING
2015-02-10,6,PG,WMT,62.8049,23.595,0.9134,-1.1453,1,-3.5607,-0.0833,-3.644,HOLDING
2015-02-11,6,PG,WMT,62.9887,23.3382,0.9134,-0.5699,1,-2.9362,-0.0833,-3.0195,HOLDING
2015-02-12,6,PG,WMT,63.2756,23.2165,0.9134,-0.1262,1,-2.496,-0.0833,-2.5794,HOLDING
2015-02-13,6,PG,WMT,63.18,23.1949,0.9134,-0.1104,1,-2.5237,-0.0833,-2.6071,HOLDING
2015-02-17,6,PG,WMT,62.8784,23.2355,0.9134,-0.3065,1,-2.8193,-0.0833,-2.9026,HOLDING
2015-02-18,6,PG,WMT,63.4448,23.3247,0.9134,0.067,1,-2.5808,-0.0833,-2.6641,HOLDING
2015-02-19,6,PG,WMT,62.6725,22.5759,0.9134,1.3254,1,-1.7054,-0.0833,-1.7887,HOLDING
2015-02-20,6,PG,WMT,62.4224,22.7867,0.9134,0.7978,1,-2.2897,-0.0833,-2.3731,HOLDING
2015-02-23,6,PG,WMT,62.8049,22.8678,0.9134,1.1974,1,-2.1686,-0.0833,-2.2519,HOLDING
2015-02-24,6,PG,WMT,62.8857,22.8597,0.9134,1.4041,1,-2.0946,-0.0833,-2.178,HOLDING
2015-02-25,6,PG,WMT,62.8563,22.5894,0.9134,1.9987,1,-1.5984,-0.0833,-1.6817,HOLDING
2015-02-26,6,PG,WMT,62.6431,22.6516,0.9134,1.3509,1,-1.8715,-0.0833,-1.9548,HOLDING
2015-02-27,6,PG,WMT,62.6136,22.6867,0.9134,1.1018,1,-1.9601,-0.0833,-2.0434,HOLDING
2015-03-02,6,PG,WMT,62.8196,22.6948,0.9134,1.2229,1,-1.8268,-0.0833,-1.9101,HOLDING
2015-03-03,6,PG,WMT,62.6357,22.5354,0.9134,1.3574,1,-1.6543,-0.0833,-1.7376,HOLDING
2015-03-04,6,PG,WMT,62.0399,22.3218,0.9134,1.1618,1,-1.676,-0.0833,-1.7593,HOLDING
2015-03-05,6,PG,WMT,62.2459,22.5894,0.9134,0.492,1,-2.0395,-0.0833,-2.1228,HOLDING
2015-03-06,6,PG,WMT,60.7969,22.3245,0.9134,-0.5623,1,-2.5794,-0.0833,-2.6627,HOLDING
2015-03-09,6,PG,WMT,61.1132,22.4029,0.9134,-0.5223,1,0.0,-2.6713,-2.6713,PERIOD_END_EXIT
2014-09-08,7,EVRG,NEE,24.0662,18.0074,0.9492,0.0,0,0.0,0.0,0.0,HOLD_CASH
2014-09-09,7,EVRG,NEE,23.795,17.7222,0.9492,0.0,0,0.0,0.0,0.0,HOLD_CASH
2014-09-10,7,EVRG,NEE,23.5768,17.7074,0.9492,0.0,0,0.0,0.0,0.0,HOLD_CASH
2014-09-11,7,EVRG,NEE,23.709,17.8056,0.9492,0.0,0,0.0,0.0,0.0,HOLD_CASH
2014-09-12,7,EVRG,NEE,23.213,17.4259,0.9492,0.0,0,0.0,0.0,0.0,HOLD_CASH
2014-09-15,7,EVRG,NEE,23.1535,17.4408,0.9492,0.0,0,0.0,0.0,0.0,HOLD_CASH
2014-09-16,7,EVRG,NEE,23.3651,17.6167,0.9492,0.0,0,0.0,0.0,0.0,HOLD_CASH
2014-09-17,7,EVRG,NEE,23.2659,17.6463,0.9492,0.0,0,0.0,0.0,0.0,HOLD_CASH
2014-09-18,7,EVRG,NEE,23.0808,17.5148,0.9492,0.0,0,0.0,0.0,0.0,HOLD_CASH
2014-09-19,7,EVRG,NEE,23.2593,17.6185,0.9492,0.0,0,0.0,0.0,0.0,HOLD_CASH
2014-09-22,7,EVRG,NEE,23.0212,17.5222,0.9492,0.0,0,0.0,0.0,0.0,HOLD_CASH
2014-09-23,7,EVRG,NEE,22.7699,17.5093,0.9492,0.0,0,0.0,0.0,0.0,HOLD_CASH
2014-09-24,7,EVRG,NEE,22.7633,17.4408,0.9492,0.0,0,0.0,0.0,0.0,HOLD_CASH
2014-09-25,7,EVRG,NEE,22.5781,17.2482,0.9492,0.0,0,0.0,0.0,0.0,HOLD_CASH
2014-09-26,7,EVRG,NEE,22.6046,17.3037,0.9492,0.0,0,0.0,0.0,0.0,HOLD_CASH
2014-09-29,7,EVRG,NEE,22.512,17.3334,0.9492,0.0,0,0.0,0.0,0.0,HOLD_CASH
2014-09-30,7,EVRG,NEE,22.5649,17.3852,0.9492,0.0,0,0.0,0.0,0.0,HOLD_CASH
2014-10-01,7,EVRG,NEE,22.5385,17.4611,0.9492,0.0,0,0.0,0.0,0.0,HOLD_CASH
2014-10-02,7,EVRG,NEE,22.4988,17.3648,0.9492,0.0,0,0.0,0.0,0.0,HOLD_CASH
2014-10-03,7,EVRG,NEE,22.6046,17.45,0.9492,-1.2216,0,0.0,0.0,0.0,HOLD_CASH
2014-10-06,7,EVRG,NEE,22.5385,17.3445,0.9492,-0.9044,0,0.0,0.0,0.0,HOLD_CASH
2014-10-07,7,EVRG,NEE,22.4525,17.2259,0.9492,-0.6092,0,0.0,0.0,0.0,HOLD_CASH
2014-10-08,7,EVRG,NEE,22.8956,17.6519,0.9492,-0.8655,0,0.0,0.0,0.0,HOLD_CASH
2014-10-09,7,EVRG,NEE,22.5649,17.3315,0.9492,-0.5131,0,0.0,0.0,0.0,HOLD_CASH
2014-10-10,7,EVRG,NEE,23.094,17.3389,0.9492,1.9224,0,0.0,0.0,0.0,HOLD_CASH
2014-10-13,7,EVRG,NEE,23.3651,17.1834,0.9492,3.0146,-1,0.0,-0.0833,-0.0833,ENTER_SHORT_A
2014-10-14,7,EVRG,NEE,23.9339,17.2852,0.9492,3.0876,-1,-0.8002,-0.0833,-0.8835,HOLDING
2014-10-15,7,EVRG,NEE,23.6627,17.0037,0.9492,2.55,-1,-0.9688,-0.0833,-1.0521,HOLDING
2014-10-16,7,EVRG,NEE,23.59,17.2908,0.9492,1.4902,-1,-0.1578,-0.0833,-0.2411,HOLDING
2014-10-17,7,EVRG,NEE,23.7619,17.4537,0.9492,1.2895,-1,-0.0875,-0.0833,-0.1709,HOLDING
2014-10-20,7,EVRG,NEE,23.9339,17.6167,0.9492,1.1135,-1,-0.0173,-0.0833,-0.1007,HOLDING
2014-10-21,7,EVRG,NEE,24.0596,17.6889,0.9492,1.0554,-1,-0.0767,-0.0833,-0.16,HOLDING
2014-10-22,7,EVRG,NEE,24.205,17.8759,0.9492,0.8183,-1,0.0988,-0.0833,0.0155,HOLDING
2014-10-23,7,EVRG,NEE,24.172,18.1111,0.9492,0.2424,-1,0.7147,-0.0833,0.6314,HOLDING
2014-10-24,7,EVRG,NEE,24.3307,18.2148,0.9492,0.2405,-1,0.6692,-0.0833,0.5859,HOLDING
2014-10-27,7,EVRG,NEE,24.3307,18.1648,0.9492,0.285,-1,0.5512,-0.0833,0.4678,HOLDING
2014-10-28,7,EVRG,NEE,24.5556,18.3574,0.9492,0.1915,-1,0.5945,-0.0833,0.5112,HOLDING
2014-10-29,7,EVRG,NEE,24.5291,18.2593,0.9492,0.2868,-1,0.4112,-0.0833,0.3279,HOLDING
2014-10-30,7,EVRG,NEE,24.9127,18.5019,0.9492,0.346,-1,0.2822,-0.0833,0.1989,HOLDING
2014-10-31,7,EVRG,NEE,25.0053,18.5593,0.9492,0.3044,-1,0.2484,-0.0833,0.1651,HOLDING
2014-11-03,7,EVRG,NEE,24.9987,18.6685,0.9492,-0.0832,-1,0.5185,-0.0833,0.4352,HOLDING
2014-11-04,7,EVRG,NEE,25.0119,18.6963,0.9492,-0.2372,-1,0.5599,-0.0833,0.4766,HOLDING
2014-11-05,7,EVRG,NEE,25.3359,19.4222,0.9492,-1.8121,-1,1.6814,-0.0833,1.598,HOLDING
2014-11-06,7,EVRG,NEE,25.3029,19.25,0.9492,-1.5479,-1,1.3351,-0.0833,1.2518,HOLDING
2014-11-07,7,EVRG,NEE,25.8518,19.3945,0.9492,-0.5379,-1,0.6719,-0.0833,0.5886,HOLDING
2014-11-10,7,EVRG,NEE,25.9311,19.5574,0.9492,-0.8196,-1,0.9115,-0.0833,0.8282,HOLDING
2014-11-11,7,EVRG,NEE,26.0833,19.4074,0.9492,0.2562,-1,0.279,-0.0833,0.1956,HOLDING
2014-11-12,7,EVRG,NEE,25.7592,19.0908,0.9492,0.7524,-1,0.1241,-0.0833,0.0407,HOLDING
2014-11-13,7,EVRG,NEE,25.6071,18.9389,0.9492,0.9666,-1,0.0437,-0.0833,-0.0396,HOLDING
2014-11-14,7,EVRG,NEE,25.3888,18.8611,0.9492,0.545,-1,0.2594,-0.0833,0.1761,HOLDING
2014-11-17,7,EVRG,NEE,25.7857,19.113,0.9492,0.8867,-1,0.1281,-0.0833,0.0448,HOLDING
2014-11-18,7,EVRG,NEE,26.0766,19.1371,0.9492,1.8462,-1,-0.3475,-0.0833,-0.4308,HOLDING
2014-11-19,7,EVRG,NEE,25.9973,19.2056,0.9492,1.1441,-1,-0.0404,-0.0833,-0.1238,HOLDING
2014-11-20,7,EVRG,NEE,25.8584,19.0852,0.9492,1.0895,-1,-0.0706,-0.0833,-0.1539,HOLDING
2014-11-21,7,EVRG,NEE,25.8849,19.2111,0.9492,0.5175,-1,0.1784,-0.0833,0.0951,HOLDING
2014-11-24,7,EVRG,NEE,25.6203,19.1148,0.9492,-0.0436,-1,0.435,-0.0833,0.3517,HOLDING
2014-11-25,7,EVRG,NEE,25.4682,19.181,0.9492,-0.9186,-1,0.8697,-0.0833,0.7864,HOLDING
2014-11-26,7,EVRG,NEE,25.5608,19.2463,0.9492,-0.8206,-1,0.8544,-0.0833,0.7711,HOLDING
2014-11-28,7,EVRG,NEE,25.8518,19.4682,0.9492,-0.7161,-1,0.8461,-0.0833,0.7628,HOLDING
2014-12-01,7,EVRG,NEE,25.8253,19.5466,0.9492,-1.0639,-1,1.0795,-0.0833,0.9962,HOLDING
2014-12-02,7,EVRG,NEE,25.9642,19.6025,0.9492,-0.7683,-1,0.9575,-0.0833,0.8742,HOLDING
2014-12-03,7,EVRG,NEE,26.0502,19.4682,0.9492,0.1112,-1,0.4831,-0.0833,0.3998,HOLDING
2014-12-04,7,EVRG,NEE,25.9576,19.3004,0.9492,0.4605,-1,0.2561,-0.0833,0.1728,HOLDING
2014-12-05,7,EVRG,NEE,25.9242,19.196,0.9492,0.8034,-1,0.0705,-0.0833,-0.0128,HOLDING
2014-12-08,7,EVRG,NEE,26.2646,19.334,0.9492,1.3628,-1,-0.2263,-0.0833,-0.3096,HOLDING
2014-12-09,7,EVRG,NEE,26.5515,19.5055,0.9492,1.4701,-1,-0.3461,-0.0833,-0.4294,HOLDING
2014-12-10,7,EVRG,NEE,26.2912,18.9181,0.9492,2.6557,-1,-1.2573,-0.0833,-1.3406,HOLDING
2014-12-11,7,EVRG,NEE,26.4714,19.112,0.9492,2.0225,-1,-1.1289,-0.0833,-1.2122,HOLDING
2014-12-12,7,EVRG,NEE,26.2178,18.8006,0.9492,2.0631,-1,-1.4004,-0.0833,-1.4838,HOLDING
2014-12-15,7,EVRG,NEE,26.1244,18.7726,0.9492,1.669,-1,-1.2956,-0.0833,-1.3789,HOLDING
2014-12-16,7,EVRG,NEE,26.0777,18.8509,0.9492,1.1958,-1,-1.0251,-0.0833,-1.1084,HOLDING
2014-12-17,7,EVRG,NEE,26.6516,19.2314,0.9492,1.2554,-1,-1.1767,-0.0833,-1.26,HOLDING
2014-12-18,7,EVRG,NEE,27.0453,19.6659,0.9492,0.8249,-1,-0.8709,-0.0833,-0.9542,HOLDING
2014-12-19,7,EVRG,NEE,27.1187,19.7443,0.9492,0.714,-1,-0.8202,-0.0833,-0.9035,HOLDING
2014-12-22,7,EVRG,NEE,27.1387,19.7573,0.9492,0.6588,-1,-0.826,-0.0833,-0.9093,HOLDING
2014-12-23,7,EVRG,NEE,27.1854,19.8282,0.9492,0.5068,-1,-0.7441,-0.0833,-0.8274,HOLDING
2014-12-24,7,EVRG,NEE,27.6192,20.1378,0.9492,0.4947,-1,-0.8066,-0.0833,-0.8899,HOLDING
2014-12-26,7,EVRG,NEE,27.9394,20.3821,0.9492,0.4253,-1,-0.8157,-0.0833,-0.899,HOLDING
2014-12-29,7,EVRG,NEE,28.6468,20.6077,0.9492,1.1984,-1,-1.577,-0.0833,-1.6604,HOLDING
2014-12-30,7,EVRG,NEE,27.9995,20.1098,0.9492,1.1721,-1,-1.5686,-0.0833,-1.6519,HOLDING
2014-12-31,7,EVRG,NEE,27.5191,19.8226,0.9492,0.89,-1,-1.3678,-0.0833,-1.4511,HOLDING
2015-01-02,7,EVRG,NEE,27.4723,19.8972,0.9492,0.3777,-1,-1.1061,-0.0833,-1.1895,HOLDING
2015-01-05,7,EVRG,NEE,27.2455,19.6864,0.9492,0.4832,-1,-1.1887,-0.0833,-1.272,HOLDING
2015-01-06,7,EVRG,NEE,27.1654,19.7629,0.9492,-0.4536,-1,-0.8616,-0.0833,-0.9449,HOLDING
2015-01-07,7,EVRG,NEE,27.6258,19.9438,0.9492,0.6046,-1,-1.2768,-0.0833,-1.3602,HOLDING
2015-01-08,7,EVRG,NEE,27.8727,20.065,0.9492,1.083,-1,-1.4423,-0.0833,-1.5257,HOLDING
2015-01-09,7,EVRG,NEE,27.4723,19.8879,0.9492,-0.0034,-1,-1.1282,-0.0833,-1.2115,HOLDING
2015-01-12,7,EVRG,NEE,27.152,19.8375,0.9492,-1.5404,-1,-0.661,-0.0833,-0.7443,HOLDING
2015-01-13,7,EVRG,NEE,27.5524,19.9158,0.9492,0.4186,-1,-1.2086,-0.0833,-1.2919,HOLDING
2015-01-14,7,EVRG,NEE,27.8727,20.0389,0.9492,1.3846,-1,-1.504,-0.0833,-1.5873,HOLDING
2015-01-15,7,EVRG,NEE,27.8794,19.9625,0.9492,1.7768,-1,-1.6968,-0.0833,-1.7801,HOLDING
2015-01-16,7,EVRG,NEE,28.1663,20.1825,0.9492,1.5601,-1,-1.7021,-0.0833,-1.7854,HOLDING
2015-01-20,7,EVRG,NEE,28.4733,20.3149,0.9492,1.9083,-1,-1.951,-0.0833,-2.0343,HOLDING
2015-01-21,7,EVRG,NEE,28.9604,20.494,0.9492,2.4294,-1,-2.4195,-0.0833,-2.5029,HOLDING
2015-01-22,7,EVRG,NEE,29.0538,20.4306,0.9492,2.4601,-1,-2.7402,-0.0833,-2.8235,HOLDING
2015-01-23,7,EVRG,NEE,29.0205,20.4175,0.9492,2.0381,-1,-2.71,-0.0833,-2.7934,HOLDING
2015-01-26,7,EVRG,NEE,29.0338,20.4679,0.9492,1.6492,-1,-2.6155,-0.0833,-2.6989,HOLDING
2015-01-27,7,EVRG,NEE,29.0138,20.742,0.9492,0.4528,-1,-1.9314,-0.0833,-2.0148,HOLDING
2015-01-28,7,EVRG,NEE,28.8203,20.4996,0.9492,0.7839,-1,-2.1499,-0.0833,-2.2332,HOLDING
2015-01-29,7,EVRG,NEE,29.3341,20.8241,0.9492,0.9413,-1,-2.3237,-0.0833,-2.4071,HOLDING
2015-01-30,7,EVRG,NEE,28.5066,20.3727,0.9492,0.2441,-1,-1.8755,-0.0833,-1.9589,HOLDING
2015-02-02,7,EVRG,NEE,28.3799,20.5275,0.9492,-0.7643,-1,-1.278,-0.0833,-1.3613,HOLDING
2015-02-03,7,EVRG,NEE,28.5934,20.5592,0.9492,-0.2826,-1,-1.5939,-0.0833,-1.6772,HOLDING
2015-02-04,7,EVRG,NEE,28.4066,20.41,0.9492,-0.3329,-1,-1.6043,-0.0833,-1.6876,HOLDING
2015-02-05,7,EVRG,NEE,28.8003,20.4604,0.9492,0.6553,-1,-2.2058,-0.0833,-2.2891,HOLDING
2015-02-06,7,EVRG,NEE,27.439,19.7312,0.9492,-0.6588,-1,-1.4371,-0.0833,-1.5204,HOLDING
2015-02-09,7,EVRG,NEE,26.9852,19.4925,0.9492,-1.1537,-1,-1.1706,-0.0833,-1.2539,HOLDING
2015-02-10,7,EVRG,NEE,27.3923,20.1098,0.9492,-2.4054,-1,-0.4575,-0.0833,-0.5409,HOLDING
2015-02-11,7,EVRG,NEE,26.9785,19.5932,0.9492,-1.4737,-1,-0.9205,-0.0833,-1.0039,HOLDING
2015-02-12,7,EVRG,NEE,26.8184,19.6454,0.9492,-1.9138,-1,-0.5041,-0.0833,-0.5875,HOLDING
2015-02-13,7,EVRG,NEE,26.2979,19.3246,0.9492,-1.8955,-1,-0.3093,-0.0833,-0.3926,HOLDING
2015-02-17,7,EVRG,NEE,26.0777,19.2873,0.9492,-1.9806,-1,0.0055,-0.0833,-0.0778,HOLDING
2015-02-18,7,EVRG,NEE,26.8051,19.8599,0.9492,-1.723,-1,0.0268,-0.0833,-0.0566,HOLDING
2015-02-19,7,EVRG,NEE,26.765,19.6622,0.9492,-1.1416,-1,-0.3668,-0.0833,-0.4502,HOLDING
2015-02-20,7,EVRG,NEE,26.6916,19.6939,0.9492,-1.2618,-1,-0.1577,-0.0833,-0.241,HOLDING
2015-02-23,7,EVRG,NEE,26.725,19.7666,0.9492,-1.277,-1,-0.0469,-0.0833,-0.1303,HOLDING
2015-02-24,7,EVRG,NEE,26.7784,19.7834,0.9492,-1.1151,-1,-0.105,-0.0833,-0.1883,HOLDING
2015-02-25,7,EVRG,NEE,26.4581,19.496,0.9492,-0.9049,-1,-0.1977,-0.0833,-0.281,HOLDING
2015-02-26,7,EVRG,NEE,26.2912,19.4396,0.9492,-1.0329,-1,-0.0255,-0.0833,-0.1089,HOLDING
2015-02-27,7,EVRG,NEE,25.9242,19.4359,0.9492,-1.7588,-1,0.6371,-0.0833,0.5538,HOLDING
2015-03-02,7,EVRG,NEE,25.5706,19.0752,0.9492,-1.3634,-1,0.4324,-0.0833,0.3491,HOLDING
2015-03-03,7,EVRG,NEE,25.5639,19.1503,0.9492,-1.4458,-1,0.6221,-0.0833,0.5388,HOLDING
2015-03-04,7,EVRG,NEE,25.4505,19.047,0.9492,-1.2751,-1,0.5857,-0.0833,0.5023,HOLDING
2015-03-05,7,EVRG,NEE,25.6189,19.186,0.9492,-1.1908,-1,0.6058,-0.0833,0.5225,HOLDING
2015-03-06,7,EVRG,NEE,24.925,18.5417,0.9492,-0.8438,-1,0.3537,-0.0833,0.2703,HOLDING
2015-03-09,7,EVRG,NEE,24.8576,18.5849,0.9492,-1.2035,-1,0.0,0.4063,0.4063,PERIOD_END_EXIT
2014-09-08,8,EVRG,SRE,24.0662,37.5968,1.07,0.0,0,0.0,0.0,0.0,HOLD_CASH
2014-09-09,8,EVRG,SRE,23.795,37.0708,1.07,0.0,0,0.0,0.0,0.0,HOLD_CASH
2014-09-10,8,EVRG,SRE,23.5768,36.7797,1.07,0.0,0,0.0,0.0,0.0,HOLD_CASH
2014-09-11,8,EVRG,SRE,23.709,37.1655,1.07,0.0,0,0.0,0.0,0.0,HOLD_CASH
2014-09-12,8,EVRG,SRE,23.213,36.3343,1.07,0.0,0,0.0,0.0,0.0,HOLD_CASH
2014-09-15,8,EVRG,SRE,23.1535,36.5798,1.07,0.0,0,0.0,0.0,0.0,HOLD_CASH
2014-09-16,8,EVRG,SRE,23.3651,36.8709,1.07,0.0,0,0.0,0.0,0.0,HOLD_CASH
2014-09-17,8,EVRG,SRE,23.2659,36.941,1.07,0.0,0,0.0,0.0,0.0,HOLD_CASH
2014-09-18,8,EVRG,SRE,23.0808,36.9375,1.07,0.0,0,0.0,0.0,0.0,HOLD_CASH
2014-09-19,8,EVRG,SRE,23.2593,37.1725,1.07,0.0,0,0.0,0.0,0.0,HOLD_CASH
2014-09-22,8,EVRG,SRE,23.0212,36.934,1.07,0.0,0,0.0,0.0,0.0,HOLD_CASH
2014-09-23,8,EVRG,SRE,22.7699,36.754,1.07,0.0,0,0.0,0.0,0.0,HOLD_CASH
2014-09-24,8,EVRG,SRE,22.7633,36.7752,1.07,0.0,0,0.0,0.0,0.0,HOLD_CASH
2014-09-25,8,EVRG,SRE,22.5781,36.4364,1.07,0.0,0,0.0,0.0,0.0,HOLD_CASH
2014-09-26,8,EVRG,SRE,22.6046,36.6164,1.07,0.0,0,0.0,0.0,0.0,HOLD_CASH
2014-09-29,8,EVRG,SRE,22.512,36.994,1.07,0.0,0,0.0,0.0,0.0,HOLD_CASH
2014-09-30,8,EVRG,SRE,22.5649,37.1881,1.07,0.0,0,0.0,0.0,0.0,HOLD_CASH
2014-10-01,8,EVRG,SRE,22.5385,37.0787,1.07,0.0,0,0.0,0.0,0.0,HOLD_CASH
2014-10-02,8,EVRG,SRE,22.4988,37.0152,1.07,0.0,0,0.0,0.0,0.0,HOLD_CASH
2014-10-03,8,EVRG,SRE,22.6046,37.6821,1.07,-1.9062,0,0.0,0.0,0.0,HOLD_CASH
2014-10-06,8,EVRG,SRE,22.5385,37.7492,1.07,-1.8453,0,0.0,0.0,0.0,HOLD_CASH
2014-10-07,8,EVRG,SRE,22.4525,37.5339,1.07,-1.5637,0,0.0,0.0,0.0,HOLD_CASH
2014-10-08,8,EVRG,SRE,22.8956,38.1268,1.07,-1.3178,0,0.0,0.0,0.0,HOLD_CASH
2014-10-09,8,EVRG,SRE,22.5649,37.3046,1.07,-0.843,0,0.0,0.0,0.0,HOLD_CASH
2014-10-10,8,EVRG,SRE,23.094,37.301,1.07,0.3439,0,0.0,0.0,0.0,HOLD_CASH
2014-10-13,8,EVRG,SRE,23.3651,36.2318,1.07,2.2498,-1,0.0,-0.0833,-0.0833,ENTER_SHORT_A
2014-10-14,8,EVRG,SRE,23.9339,35.9953,1.07,2.8234,-1,-1.2611,-0.0833,-1.3444,HOLDING
2014-10-15,8,EVRG,SRE,23.6627,35.3742,1.07,2.4629,-1,-1.5323,-0.0833,-1.6156,HOLDING
2014-10-16,8,EVRG,SRE,23.59,35.8577,1.07,1.6982,-1,-0.8322,-0.0833,-0.9155,HOLDING
2014-10-17,8,EVRG,SRE,23.7619,36.4752,1.07,1.2739,-1,-0.3942,-0.0833,-0.4776,HOLDING
2014-10-20,8,EVRG,SRE,23.9339,36.9128,1.07,1.041,-1,-0.1702,-0.0833,-0.2536,HOLDING
2014-10-21,8,EVRG,SRE,24.0596,37.3434,1.07,0.7929,-1,0.1251,-0.0833,0.0418,HOLDING
2014-10-22,8,EVRG,SRE,24.205,37.3504,1.07,0.8663,-1,-0.1172,-0.0833,-0.2005,HOLDING
2014-10-23,8,EVRG,SRE,24.172,37.6327,1.07,0.5851,-1,0.2755,-0.0833,0.1921,HOLDING
2014-10-24,8,EVRG,SRE,24.3307,38.0633,1.07,0.4062,-1,0.5139,-0.0833,0.4305,HOLDING
2014-10-27,8,EVRG,SRE,24.3307,38.028,1.07,0.3759,-1,0.4719,-0.0833,0.3886,HOLDING
2014-10-28,8,EVRG,SRE,24.5556,38.4797,1.07,0.2355,-1,0.6215,-0.0833,0.5382,HOLDING
2014-10-29,8,EVRG,SRE,24.5291,38.2927,1.07,0.2833,-1,0.4447,-0.0833,0.3614,HOLDING
2014-10-30,8,EVRG,SRE,24.9127,38.9914,1.07,0.1268,-1,0.6145,-0.0833,0.5312,HOLDING
2014-10-31,8,EVRG,SRE,25.0053,38.8185,1.07,0.2786,-1,0.2494,-0.0833,0.1661,HOLDING
2014-11-03,8,EVRG,SRE,24.9987,39.1149,1.07,-0.062,-1,0.6132,-0.0833,0.5299,HOLDING
2014-11-04,8,EVRG,SRE,25.0119,39.1361,1.07,-0.1876,-1,0.6156,-0.0833,0.5323,HOLDING
2014-11-05,8,EVRG,SRE,25.3359,40.0324,1.07,-0.8176,-1,1.123,-0.0833,1.0396,HOLDING
2014-11-06,8,EVRG,SRE,25.3029,39.8207,1.07,-0.8881,-1,0.9282,-0.0833,0.8449,HOLDING
2014-11-07,8,EVRG,SRE,25.8518,39.6972,1.07,0.3367,-1,-0.1644,-0.0833,-0.2477,HOLDING
2014-11-10,8,EVRG,SRE,25.9311,39.736,1.07,0.439,-1,-0.255,-0.0833,-0.3383,HOLDING
2014-11-11,8,EVRG,SRE,26.0833,39.6972,1.07,0.9918,-1,-0.5632,-0.0833,-0.6466,HOLDING
2014-11-12,8,EVRG,SRE,25.7592,39.0478,1.07,1.6574,-1,-0.7769,-0.0833,-0.8602,HOLDING
2014-11-13,8,EVRG,SRE,25.6071,38.6455,1.07,2.0182,-1,-0.9931,-0.0833,-1.0764,HOLDING
2014-11-14,8,EVRG,SRE,25.3888,38.3491,1.07,1.8137,-1,-0.9695,-0.0833,-1.0528,HOLDING
2014-11-17,8,EVRG,SRE,25.7857,38.8114,1.07,1.7687,-1,-1.1036,-0.0833,-1.1869,HOLDING
2014-11-18,8,EVRG,SRE,26.0766,38.9879,1.07,1.8621,-1,-1.3951,-0.0833,-1.4785,HOLDING
2014-11-19,8,EVRG,SRE,25.9973,38.8573,1.07,1.6655,-1,-1.4136,-0.0833,-1.497,HOLDING
2014-11-20,8,EVRG,SRE,25.8584,38.9102,1.07,1.1712,-1,-1.1114,-0.0833,-1.1948,HOLDING
2014-11-21,8,EVRG,SRE,25.8849,38.9349,1.07,1.0735,-1,-1.1276,-0.0833,-1.211,HOLDING
2014-11-24,8,EVRG,SRE,25.6203,38.8749,1.07,0.5651,-1,-0.7432,-0.0833,-0.8265,HOLDING
2014-11-25,8,EVRG,SRE,25.4682,39.2278,1.07,-0.2928,-1,-0.0615,-0.0833,-0.1448,HOLDING
2014-11-26,8,EVRG,SRE,25.5608,39.4078,1.07,-0.3961,-1,-0.0071,-0.0833,-0.0904,HOLDING
2014-11-28,8,EVRG,SRE,25.8518,39.429,1.07,0.1247,-1,-0.4832,-0.0833,-0.5666,HOLDING
2014-12-01,8,EVRG,SRE,25.8253,38.5609,1.07,1.2664,-1,-1.4698,-0.0833,-1.5531,HOLDING
2014-12-02,8,EVRG,SRE,25.9642,39.0655,1.07,0.7164,-1,-1.1091,-0.0833,-1.1925,HOLDING
2014-12-03,8,EVRG,SRE,26.0502,39.0902,1.07,0.7869,-1,-1.2279,-0.0833,-1.3112,HOLDING
2014-12-04,8,EVRG,SRE,25.9576,39.2066,1.07,0.2919,-1,-0.9299,-0.0833,-1.0132,HOLDING
2014-12-05,8,EVRG,SRE,25.9242,38.8714,1.07,0.8926,-1,-1.271,-0.0833,-1.3543,HOLDING
2014-12-08,8,EVRG,SRE,26.2646,38.642,1.07,2.2788,-1,-2.1301,-0.0833,-2.2134,HOLDING
2014-12-09,8,EVRG,SRE,26.5515,38.7514,1.07,2.3916,-1,-2.4944,-0.0833,-2.5777,HOLDING
2014-12-10,8,EVRG,SRE,26.2912,38.2291,1.07,2.2289,-1,-2.6669,-0.0833,-2.7503,HOLDING
2014-12-11,8,EVRG,SRE,26.4714,38.6173,1.07,1.7029,-1,-2.5159,-0.0833,-2.5992,HOLDING
2014-12-12,8,EVRG,SRE,26.2178,38.1444,1.07,1.6658,-1,-2.6412,-0.0833,-2.7245,HOLDING
2014-12-15,8,EVRG,SRE,26.1244,37.4492,1.07,2.1081,-1,-3.3067,-0.0833,-3.3901,HOLDING
2014-12-16,8,EVRG,SRE,26.0777,37.1387,1.07,2.038,-1,-3.5955,-0.0833,-3.6788,HOLDING
2014-12-17,8,EVRG,SRE,26.6516,37.7104,1.07,1.9182,-1,-3.9045,-0.0833,-3.9879,HOLDING
2014-12-18,8,EVRG,SRE,27.0453,39.0384,1.07,0.9695,-1,-3.004,-0.0833,-3.0873,HOLDING
2014-12-19,8,EVRG,SRE,27.1187,39.0952,1.07,0.9196,-1,-3.0629,-0.0833,-3.1462,HOLDING
2014-12-22,8,EVRG,SRE,27.1387,39.2692,1.07,0.6995,-1,-2.8905,-0.0833,-2.9739,HOLDING
2014-12-23,8,EVRG,SRE,27.1854,39.1769,1.07,0.7716,-1,-3.0808,-0.0833,-3.1641,HOLDING
2014-12-24,8,EVRG,SRE,27.6192,39.8018,1.07,0.6566,-1,-3.0851,-0.0833,-3.1684,HOLDING
2014-12-26,8,EVRG,SRE,27.9394,40.7854,1.07,-0.0403,-1,-2.4676,-0.0833,-2.5509,HOLDING
2014-12-29,8,EVRG,SRE,28.6468,41.137,1.07,0.615,-1,-3.2684,-0.0833,-3.3517,HOLDING
2014-12-30,8,EVRG,SRE,27.9995,40.2386,1.07,0.5806,-1,-3.2212,-0.0833,-3.3045,HOLDING
2014-12-31,8,EVRG,SRE,27.5191,39.5426,1.07,0.5778,-1,-3.2208,-0.0833,-3.3042,HOLDING
2015-01-02,8,EVRG,SRE,27.4723,39.8018,1.07,-0.0124,-1,-2.8322,-0.0833,-2.9155,HOLDING
2015-01-05,8,EVRG,SRE,27.2455,39.0739,1.07,0.6745,-1,-3.3067,-0.0833,-3.3901,HOLDING
2015-01-06,8,EVRG,SRE,27.1654,38.7082,1.07,1.2918,-1,-3.6036,-0.0833,-3.6869,HOLDING
2015-01-07,8,EVRG,SRE,27.6258,39.3331,1.07,1.1762,-1,-3.6539,-0.0833,-3.7372,HOLDING
2015-01-08,8,EVRG,SRE,27.8727,39.6847,1.07,1.0106,-1,-3.6613,-0.0833,-3.7447,HOLDING
2015-01-09,8,EVRG,SRE,27.4723,39.326,1.07,0.4424,-1,-3.3979,-0.0833,-3.4812,HOLDING
2015-01-12,8,EVRG,SRE,27.152,39.113,1.07,-0.2778,-1,-3.0993,-0.0833,-3.1826,HOLDING
2015-01-13,8,EVRG,SRE,27.5524,39.3473,1.07,0.596,-1,-3.5105,-0.0833,-3.5938,HOLDING
2015-01-14,8,EVRG,SRE,27.8727,39.5781,1.07,1.1578,-1,-3.788,-0.0833,-3.8713,HOLDING
2015-01-15,8,EVRG,SRE,27.8794,39.8196,1.07,0.501,-1,-3.5124,-0.0833,-3.5957,HOLDING
2015-01-16,8,EVRG,SRE,28.1663,40.1072,1.07,0.975,-1,-3.6648,-0.0833,-3.7482,HOLDING
2015-01-20,8,EVRG,SRE,28.4733,40.3629,1.07,1.3541,-1,-3.8897,-0.0833,-3.973,HOLDING
2015-01-21,8,EVRG,SRE,28.9604,40.6576,1.07,2.0939,-1,-4.3787,-0.0833,-4.462,HOLDING
2015-01-22,8,EVRG,SRE,29.0538,40.6612,1.07,2.0544,-1,-4.5354,-0.0833,-4.6187,HOLDING
2015-01-23,8,EVRG,SRE,29.0205,40.8636,1.07,1.2478,-1,-4.2373,-0.0833,-4.3206,HOLDING
2015-01-26,8,EVRG,SRE,29.0338,40.6683,1.07,1.5821,-1,-4.4925,-0.0833,-4.5758,HOLDING
2015-01-27,8,EVRG,SRE,29.0138,40.6718,1.07,1.475,-1,-4.4538,-0.0833,-4.5371,HOLDING
2015-01-28,8,EVRG,SRE,28.8203,40.2457,1.07,1.713,-1,-4.6269,-0.0833,-4.7102,HOLDING
2015-01-29,8,EVRG,SRE,29.3341,40.8138,1.07,1.7314,-1,-4.8368,-0.0833,-4.9201,HOLDING
2015-01-30,8,EVRG,SRE,28.5066,39.7415,1.07,1.5265,-1,-4.686,-0.0833,-4.7693,HOLDING
2015-02-02,8,EVRG,SRE,28.3799,40.1889,1.07,-0.1008,-1,-3.9356,-0.0833,-4.019,HOLDING
2015-02-03,8,EVRG,SRE,28.5934,40.4126,1.07,-0.002,-1,-4.0376,-0.0833,-4.1209,HOLDING
2015-02-04,8,EVRG,SRE,28.4066,39.7805,1.07,1.0193,-1,-4.4671,-0.0833,-4.5505,HOLDING
2015-02-05,8,EVRG,SRE,28.8003,40.2741,1.07,0.9784,-1,-4.5586,-0.0833,-4.642,HOLDING
2015-02-06,8,EVRG,SRE,27.439,38.4241,1.07,1.0641,-1,-4.4127,-0.0833,-4.496,HOLDING
2015-02-09,8,EVRG,SRE,26.9852,38.3069,1.07,-0.4044,-1,-3.7702,-0.0833,-3.8535,HOLDING
2015-02-10,8,EVRG,SRE,27.3923,39.1946,1.07,-1.6017,-1,-3.4161,-0.0833,-3.4994,HOLDING
2015-02-11,8,EVRG,SRE,26.9785,38.0371,1.07,0.317,-1,-4.0795,-0.0833,-4.1629,HOLDING
2015-02-12,8,EVRG,SRE,26.8184,37.8773,1.07,0.0854,-1,-3.9936,-0.0833,-4.0769,HOLDING
2015-02-13,8,EVRG,SRE,26.2979,37.4831,1.07,-1.0969,-1,-3.5654,-0.0833,-3.6487,HOLDING
2015-02-17,8,EVRG,SRE,26.0777,37.7317,1.07,-2.6439,-1,-2.8904,-0.0833,-2.9738,HOLDING
2015-02-18,8,EVRG,SRE,26.8051,38.9567,1.07,-2.6298,-1,-2.6872,-0.0833,-2.7705,HOLDING
2015-02-19,8,EVRG,SRE,26.765,38.7756,1.07,-1.9417,-1,-2.8335,-0.0833,-2.9168,HOLDING
2015-02-20,8,EVRG,SRE,26.6916,39.0384,1.07,-2.2308,-1,-2.3946,-0.0833,-2.478,HOLDING
2015-02-23,8,EVRG,SRE,26.725,39.255,1.07,-2.1064,-1,-2.1946,-0.0833,-2.2779,HOLDING
2015-02-24,8,EVRG,SRE,26.7784,39.1556,1.07,-1.5892,-1,-2.4048,-0.0833,-2.4881,HOLDING
2015-02-25,8,EVRG,SRE,26.4581,38.5768,1.07,-1.2238,-1,-2.541,-0.0833,-2.6244,HOLDING
2015-02-26,8,EVRG,SRE,26.2912,38.5093,1.07,-1.321,-1,-2.3338,-0.0833,-2.4172,HOLDING
2015-02-27,8,EVRG,SRE,25.9242,38.4205,1.07,-1.722,-1,-1.807,-0.0833,-1.8904,HOLDING
2015-03-02,8,EVRG,SRE,25.5706,38.0406,1.07,-1.6734,-1,-1.6494,-0.0833,-1.7327,HOLDING
2015-03-03,8,EVRG,SRE,25.5639,38.5874,1.07,-2.05,-1,-0.9877,-0.0833,-1.0711,HOLDING
2015-03-04,8,EVRG,SRE,25.4505,38.3176,1.07,-1.6632,-1,-1.1131,-0.0833,-1.1965,HOLDING
2015-03-05,8,EVRG,SRE,25.6189,38.6372,1.07,-1.5694,-1,-1.0234,-0.0833,-1.1067,HOLDING
2015-03-06,8,EVRG,SRE,24.925,37.9944,1.07,-1.7401,-1,-0.592,-0.0833,-0.6753,HOLDING
2015-03-09,8,EVRG,SRE,24.8576,38.3495,1.07,-1.9737,-1,0.0,-0.2255,-0.2255,PERIOD_END_EXIT
2014-09-08,9,IEX,PPG,66.4807,83.1215,0.9126,0.0,0,0.0,0.0,0.0,HOLD_CASH
2014-09-09,9,IEX,PPG,66.0599,82.1187,0.9126,0.0,0,0.0,0.0,0.0,HOLD_CASH
2014-09-10,9,IEX,PPG,66.2832,82.5264,0.9126,0.0,0,0.0,0.0,0.0,HOLD_CASH
2014-09-11,9,IEX,PPG,66.4549,82.1024,0.9126,0.0,0,0.0,0.0,0.0,HOLD_CASH
2014-09-12,9,IEX,PPG,65.6304,81.3932,0.9126,0.0,0,0.0,0.0,0.0,HOLD_CASH
2014-09-15,9,IEX,PPG,65.3642,81.4054,0.9126,0.0,0,0.0,0.0,0.0,HOLD_CASH
2014-09-16,9,IEX,PPG,65.1753,81.7356,0.9126,0.0,0,0.0,0.0,0.0,HOLD_CASH
2014-09-17,9,IEX,PPG,64.6342,82.2695,0.9126,0.0,0,0.0,0.0,0.0,HOLD_CASH
2014-09-18,9,IEX,PPG,65.4501,82.8117,0.9126,0.0,0,0.0,0.0,0.0,HOLD_CASH
2014-09-19,9,IEX,PPG,64.8575,82.669,0.9126,0.0,0,0.0,0.0,0.0,HOLD_CASH
2014-09-22,9,IEX,PPG,63.8699,81.3932,0.9126,0.0,0,0.0,0.0,0.0,HOLD_CASH
2014-09-23,9,IEX,PPG,63.6123,80.8225,0.9126,0.0,0,0.0,0.0,0.0,HOLD_CASH
2014-09-24,9,IEX,PPG,63.8957,81.7437,0.9126,0.0,0,0.0,0.0,0.0,HOLD_CASH
2014-09-25,9,IEX,PPG,62.6676,80.4679,0.9126,0.0,0,0.0,0.0,0.0,HOLD_CASH
2014-09-26,9,IEX,PPG,63.054,80.8918,0.9126,0.0,0,0.0,0.0,0.0,HOLD_CASH
2014-09-29,9,IEX,PPG,63.0798,81.3035,0.9126,0.0,0,0.0,0.0,0.0,HOLD_CASH
2014-09-30,9,IEX,PPG,62.1523,80.1948,0.9126,0.0,0,0.0,0.0,0.0,HOLD_CASH
2014-10-01,9,IEX,PPG,60.9929,77.9244,0.9126,0.0,0,0.0,0.0,0.0,HOLD_CASH
2014-10-02,9,IEX,PPG,61.1303,77.9244,0.9126,0.0,0,0.0,0.0,0.0,HOLD_CASH
2014-10-03,9,IEX,PPG,61.7229,78.2015,0.9126,-0.2928,0,0.0,0.0,0.0,HOLD_CASH
2014-10-06,9,IEX,PPG,61.7572,77.9651,0.9126,-0.0112,0,0.0,0.0,0.0,HOLD_CASH
2014-10-07,9,IEX,PPG,60.2028,75.9882,0.9126,-0.0835,0,0.0,0.0,0.0,HOLD_CASH
2014-10-08,9,IEX,PPG,60.9671,77.2559,0.9126,-0.1945,0,0.0,0.0,0.0,HOLD_CASH
2014-10-09,9,IEX,PPG,59.009,75.8292,0.9126,-1.4091,0,0.0,0.0,0.0,HOLD_CASH
2014-10-10,9,IEX,PPG,58.2103,74.8183,0.9126,-1.4982,0,0.0,0.0,0.0,HOLD_CASH
2014-10-13,9,IEX,PPG,57.0509,71.9813,0.9126,0.1672,0,0.0,0.0,0.0,HOLD_CASH
2014-10-14,9,IEX,PPG,58.6896,72.3848,0.9126,2.6861,-1,0.0,-0.0833,-0.0833,ENTER_SHORT_A
2014-10-15,9,IEX,PPG,58.2066,73.5751,0.9126,0.1429,-1,1.0124,-0.0833,0.9291,HOLDING
2014-10-16,9,IEX,PPG,59.4399,74.1172,0.9126,1.6345,-1,0.3946,-0.0833,0.3113,HOLDING
2014-10-17,9,IEX,PPG,60.2075,76.3265,0.9126,0.151,-1,1.0384,-0.0833,0.9551,HOLDING
2014-10-20,9,IEX,PPG,60.6818,77.9284,0.9126,-0.952,-1,1.5662,-0.0833,1.4829,HOLDING
2014-10-21,9,IEX,PPG,63.0794,79.9094,0.9126,0.6869,-1,0.8744,-0.0833,0.7911,HOLDING
2014-10-22,9,IEX,PPG,61.8375,78.9597,0.9126,-0.2377,-1,1.2747,-0.0833,1.1914,HOLDING
2014-10-23,9,IEX,PPG,63.1916,79.4447,0.9126,1.2772,-1,0.5359,-0.0833,0.4526,HOLDING
2014-10-24,9,IEX,PPG,62.8811,79.832,0.9126,0.2969,-1,0.9792,-0.0833,0.8958,HOLDING
2014-10-27,9,IEX,PPG,62.8552,78.5072,0.9126,1.5819,-1,0.2707,-0.0833,0.1873,HOLDING
2014-10-28,9,IEX,PPG,64.1575,79.6445,0.9126,1.9754,-1,-0.0714,-0.0833,-0.1548,HOLDING
2014-10-29,9,IEX,PPG,63.9333,78.283,0.9126,2.4167,-1,-0.6528,-0.0833,-0.7362,HOLDING
2014-10-30,9,IEX,PPG,63.709,78.4053,0.9126,1.7583,-1,-0.4192,-0.0833,-0.5025,HOLDING
2014-10-31,9,IEX,PPG,64.606,83.0277,0.9126,-0.8622,-1,1.4541,-0.0833,1.3708,HOLDING
2014-11-03,9,IEX,PPG,64.5542,81.6744,0.9126,0.102,-1,0.7491,-0.0833,0.6658,HOLDING
2014-11-04,9,IEX,PPG,63.8039,80.9,0.9126,-0.106,-1,0.8807,-0.0833,0.7974,HOLDING
2014-11-05,9,IEX,PPG,64.1058,83.6636,0.9126,-1.664,-1,2.1748,-0.0833,2.0914,HOLDING
2014-11-06,9,IEX,PPG,64.468,84.2811,0.9126,-1.6442,-1,2.2451,-0.0833,2.1617,HOLDING
2014-11-07,9,IEX,PPG,64.6749,84.6124,0.9126,-1.5953,-1,2.2734,-0.0833,2.1901,HOLDING
2014-11-10,9,IEX,PPG,65.1407,84.3547,0.9126,-0.9501,-1,1.7861,-0.0833,1.7028,HOLDING
2014-11-11,9,IEX,PPG,65.4512,83.9417,0.9126,-0.3536,-1,1.3287,-0.0833,1.2454,HOLDING
2014-11-12,9,IEX,PPG,65.9514,83.3855,0.9126,0.425,-1,0.6518,-0.0833,0.5685,HOLDING
2014-11-13,9,IEX,PPG,65.3822,83.9294,0.9126,-0.3873,-1,1.3732,-0.0833,1.2899,HOLDING
2014-11-14,9,IEX,PPG,65.7444,83.3855,0.9126,0.273,-1,0.8055,-0.0833,0.7221,HOLDING
2014-11-17,9,IEX,PPG,66.0635,83.9703,0.9126,0.1341,-1,0.8898,-0.0833,0.8065,HOLDING
2014-11-18,9,IEX,PPG,66.4775,85.2667,0.9126,-0.313,-1,1.2946,-0.0833,1.2113,HOLDING
2014-11-19,9,IEX,PPG,65.9083,86.15,0.9126,-1.2956,-1,2.2024,-0.0833,2.1191,HOLDING
2014-11-20,9,IEX,PPG,66.0462,86.968,0.9126,-1.4773,-1,2.5493,-0.0833,2.466,HOLDING
2014-11-21,9,IEX,PPG,66.5896,88.068,0.9126,-1.4716,-1,2.7502,-0.0833,2.6669,HOLDING
2014-11-24,9,IEX,PPG,67.0036,88.158,0.9126,-1.085,-1,2.4923,-0.0833,2.409,HOLDING
2014-11-25,9,IEX,PPG,67.1674,88.0885,0.9126,-0.8392,-1,2.3325,-0.0833,2.2492,HOLDING
2014-11-26,9,IEX,PPG,66.8914,88.7223,0.9126,-1.3636,-1,2.8856,-0.0833,2.8022,HOLDING
2014-11-28,9,IEX,PPG,66.2446,89.4871,0.9126,-2.237,-1,3.7859,-0.0833,3.7025,HOLDING
2014-12-01,9,IEX,PPG,65.3045,89.9165,0.9126,-2.5589,-1,4.7197,-0.0833,4.6363,HOLDING
2014-12-02,9,IEX,PPG,65.6064,89.6139,0.9126,-1.8796,-1,4.3293,-0.0833,4.246,HOLDING
2014-12-03,9,IEX,PPG,66.5379,91.3028,0.9126,-1.7545,-1,4.5656,-0.0833,4.4823,HOLDING
2014-12-04,9,IEX,PPG,66.236,91.4869,0.9126,-1.7539,-1,4.8908,-0.0833,4.8075,HOLDING
2014-12-05,9,IEX,PPG,66.3654,91.1352,0.9126,-1.3767,-1,4.6016,-0.0833,4.5182,HOLDING
2014-12-08,9,IEX,PPG,66.1066,91.1311,0.9126,-1.3612,-1,4.7914,-0.0833,4.7081,HOLDING
2014-12-09,9,IEX,PPG,66.3913,92.2966,0.9126,-1.4346,-1,5.2203,-0.0833,5.137,HOLDING
2014-12-10,9,IEX,PPG,64.8561,90.3173,0.9126,-1.3891,-1,5.2728,-0.0833,5.1894,HOLDING
2014-12-11,9,IEX,PPG,65.1666,91.033,0.9126,-1.3426,-1,5.4354,-0.0833,5.352,HOLDING
2014-12-12,9,IEX,PPG,64.3041,89.8961,0.9126,-1.2696,-1,5.4512,-0.0833,5.3678,HOLDING
2014-12-15,9,IEX,PPG,63.1743,89.1967,0.9126,-1.4944,-1,5.9057,-0.0833,5.8224,HOLDING
2014-12-16,9,IEX,PPG,63.4934,88.6038,0.9126,-1.0453,-1,5.3431,-0.0833,5.2598,HOLDING
2014-12-17,9,IEX,PPG,64.2092,90.8939,0.9126,-1.4076,-1,6.0697,-0.0833,5.9864,HOLDING
2014-12-18,9,IEX,PPG,65.7444,92.8364,0.9126,-1.136,-1,5.9971,-0.0833,5.9137,HOLDING
2014-12-19,9,IEX,PPG,66.4171,93.2004,0.9126,-0.7838,-1,5.6976,-0.0833,5.6143,HOLDING
2014-12-22,9,IEX,PPG,66.8311,93.8956,0.9126,-0.7307,-1,5.7722,-0.0833,5.6888,HOLDING
2014-12-23,9,IEX,PPG,67.4693,94.4968,0.9126,-0.4892,-1,5.6286,-0.0833,5.5453,HOLDING
2014-12-24,9,IEX,PPG,67.3572,94.5172,0.9126,-0.5339,-1,5.7231,-0.0833,5.6398,HOLDING
2014-12-26,9,IEX,PPG,67.6245,94.7094,0.9126,-0.3143,-1,5.6302,-0.0833,5.5468,HOLDING
2014-12-29,9,IEX,PPG,67.9005,95.0652,0.9126,-0.1552,-1,5.6207,-0.0833,5.5374,HOLDING
2014-12-30,9,IEX,PPG,67.5555,94.738,0.9126,-0.2906,-1,5.6971,-0.0833,5.6138,HOLDING
2014-12-31,9,IEX,PPG,67.1329,94.5295,0.9126,-0.6668,-1,5.8963,-0.0833,5.8129,HOLDING
2015-01-02,9,IEX,PPG,67.1674,93.8138,0.9126,0.3179,-1,5.4776,-0.0833,5.3942,HOLDING
2015-01-05,9,IEX,PPG,65.4512,91.3928,0.9126,0.1346,-1,5.4218,-0.0833,5.3384,HOLDING
2015-01-06,9,IEX,PPG,64.0885,91.1679,0.9126,-2.2826,-1,6.3099,-0.0833,6.2265,HOLDING
2015-01-07,9,IEX,PPG,64.5197,91.5728,0.9126,-1.7945,-1,6.2121,-0.0833,6.1288,HOLDING
2015-01-08,9,IEX,PPG,65.5633,94.0101,0.9126,-2.4131,-1,6.7763,-0.0833,6.693,HOLDING
2015-01-09,9,IEX,PPG,64.7526,92.82,0.9126,-2.0949,-1,6.7244,-0.0833,6.6411,HOLDING
2015-01-12,9,IEX,PPG,63.6573,92.5256,0.9126,-2.7376,-1,7.3758,-0.0833,7.2925,HOLDING
2015-01-13,9,IEX,PPG,63.2504,92.8282,0.9126,-2.6608,-1,7.8441,-0.0833,7.7608,HOLDING
2015-01-14,9,IEX,PPG,62.8089,92.82,0.9126,-2.4542,-1,8.1674,-0.0833,8.0841,HOLDING
2015-01-15,9,IEX,PPG,61.8566,92.5051,0.9126,-2.4557,-1,8.7014,-0.0833,8.6181,HOLDING
2015-01-16,9,IEX,PPG,62.4712,94.2146,0.9126,-2.2426,-1,9.1841,-0.0833,9.1008,HOLDING
2015-01-20,9,IEX,PPG,62.4539,93.3067,0.9126,-1.6461,-1,8.6983,-0.0833,8.6149,HOLDING
2015-01-21,9,IEX,PPG,63.0772,93.2536,0.9126,-1.1266,-1,8.2063,-0.0833,8.123,HOLDING
2015-01-22,9,IEX,PPG,63.7265,94.6113,0.9126,-1.1144,-1,8.4701,-0.0833,8.3868,HOLDING
2015-01-23,9,IEX,PPG,63.311,93.1636,0.9126,-0.7575,-1,7.9834,-0.0833,7.9,HOLDING
2015-01-26,9,IEX,PPG,63.9256,93.1677,0.9126,-0.3398,-1,7.5293,-0.0833,7.4459,HOLDING
2015-01-27,9,IEX,PPG,62.7829,92.407,0.9126,-0.662,-1,7.9598,-0.0833,7.8765,HOLDING
2015-01-28,9,IEX,PPG,62.4539,90.6812,0.9126,-0.1221,-1,7.256,-0.0833,7.1727,HOLDING
2015-01-29,9,IEX,PPG,62.7223,92.3048,0.9126,-0.5396,-1,7.9486,-0.0833,7.8653,HOLDING
2015-01-30,9,IEX,PPG,62.6357,91.1474,0.9126,-0.0184,-1,7.3772,-0.0833,7.2938,HOLDING
2015-02-02,9,IEX,PPG,63.6399,91.495,0.9126,0.7107,-1,6.8226,-0.0833,6.7392,HOLDING
2015-02-03,9,IEX,PPG,64.6961,92.7914,0.9126,1.0973,-1,6.7506,-0.0833,6.6673,HOLDING
2015-02-04,9,IEX,PPG,64.0469,93.0164,0.9126,0.4501,-1,7.3561,-0.0833,7.2728,HOLDING
2015-02-05,9,IEX,PPG,64.826,94.2105,0.9126,0.5969,-1,7.4337,-0.0833,7.3504,HOLDING
2015-02-06,9,IEX,PPG,64.8,94.4109,0.9126,0.5196,-1,7.5631,-0.0833,7.4797,HOLDING
2015-02-09,9,IEX,PPG,65.155,92.7587,0.9126,1.9827,-1,6.392,-0.0833,6.3086,HOLDING
2015-02-10,9,IEX,PPG,65.3628,93.3394,0.9126,1.6223,-1,6.5567,-0.0833,6.4734,HOLDING
2015-02-11,9,IEX,PPG,65.2069,93.3313,0.9126,1.3212,-1,6.6679,-0.0833,6.5846,HOLDING
2015-02-12,9,IEX,PPG,66.116,95.2983,0.9126,0.9059,-1,7.0736,-0.0833,6.9903,HOLDING
2015-02-13,9,IEX,PPG,66.7826,96.8278,0.9126,0.5544,-1,7.4189,-0.0833,7.3356,HOLDING
2015-02-17,9,IEX,PPG,66.3497,96.4516,0.9126,0.2734,-1,7.5336,-0.0833,7.4503,HOLDING
2015-02-18,9,IEX,PPG,67.1462,96.8863,0.9126,0.8046,-1,7.1811,-0.0833,7.0978,HOLDING
2015-02-19,9,IEX,PPG,67.0856,96.5828,0.9126,0.8856,-1,7.0594,-0.0833,6.9761,HOLDING
2015-02-20,9,IEX,PPG,67.8994,97.0503,0.9126,1.4702,-1,6.7121,-0.0833,6.6287,HOLDING
2015-02-23,9,IEX,PPG,67.2761,96.9888,0.9126,0.5836,-1,7.141,-0.0833,7.0577,HOLDING
2015-02-24,9,IEX,PPG,67.657,97.1037,0.9126,0.9426,-1,6.9213,-0.0833,6.838,HOLDING
2015-02-25,9,IEX,PPG,67.882,96.6525,0.9126,1.5923,-1,6.5064,-0.0833,6.4231,HOLDING
2015-02-26,9,IEX,PPG,67.5358,96.7222,0.9126,0.8918,-1,6.8018,-0.0833,6.7184,HOLDING
2015-02-27,9,IEX,PPG,66.8865,96.5336,0.9126,-0.0827,-1,7.1802,-0.0833,7.0968,HOLDING
2015-03-02,9,IEX,PPG,67.6916,97.485,0.9126,0.2221,-1,7.1051,-0.0833,7.0218,HOLDING
2015-03-03,9,IEX,PPG,67.25,96.1891,0.9126,0.9402,-1,6.721,-0.0833,6.6377,HOLDING
2015-03-04,9,IEX,PPG,66.2891,96.5172,0.9126,-1.3432,-1,7.6146,-0.0833,7.5313,HOLDING
2015-03-05,9,IEX,PPG,66.2631,96.5623,0.9126,-1.4486,-1,7.6587,-0.0833,7.5754,HOLDING
2015-03-06,9,IEX,PPG,65.2416,95.1351,0.9126,-1.6454,-1,7.6331,-0.0833,7.5498,HOLDING
2015-03-09,9,IEX,PPG,65.5619,95.2663,0.9126,-1.2414,-1,0.0,7.283,7.283,PERIOD_END_EXIT
2014-09-08,10,DTE,XEL,45.4415,22.3459,1.1543,0.0,0,0.0,0.0,0.0,HOLD_CASH
2014-09-09,10,DTE,XEL,45.1056,22.0264,1.1543,0.0,0,0.0,0.0,0.0,HOLD_CASH
2014-09-10,10,DTE,XEL,44.787,21.9223,1.1543,0.0,0,0.0,0.0,0.0,HOLD_CASH
2014-09-11,10,DTE,XEL,45.1435,22.1445,1.1543,0.0,0,0.0,0.0,0.0,HOLD_CASH
2014-09-12,10,DTE,XEL,44.1674,21.7139,1.1543,0.0,0,0.0,0.0,0.0,HOLD_CASH
2014-09-15,10,DTE,XEL,44.4421,21.7556,1.1543,0.0,0,0.0,0.0,0.0,HOLD_CASH
2014-09-16,10,DTE,XEL,44.9448,22.001,1.1543,0.0,0,0.0,0.0,0.0,HOLD_CASH
2014-09-17,10,DTE,XEL,44.7636,21.9099,1.1543,0.0,0,0.0,0.0,0.0,HOLD_CASH
2014-09-18,10,DTE,XEL,44.2727,21.7065,1.1543,0.0,0,0.0,0.0,0.0,HOLD_CASH
2014-09-19,10,DTE,XEL,44.5941,21.8678,1.1543,0.0,0,0.0,0.0,0.0,HOLD_CASH
2014-09-22,10,DTE,XEL,44.3019,21.6645,1.1543,0.0,0,0.0,0.0,0.0,HOLD_CASH
2014-09-23,10,DTE,XEL,44.3369,21.6224,1.1543,0.0,0,0.0,0.0,0.0,HOLD_CASH
2014-09-24,10,DTE,XEL,44.2785,21.5663,1.1543,0.0,0,0.0,0.0,0.0,HOLD_CASH
2014-09-25,10,DTE,XEL,44.0564,21.356,1.1543,0.0,0,0.0,0.0,0.0,HOLD_CASH
2014-09-26,10,DTE,XEL,44.1149,21.3069,1.1543,0.0,0,0.0,0.0,0.0,HOLD_CASH
2014-09-29,10,DTE,XEL,44.3954,21.2438,1.1543,0.0,0,0.0,0.0,0.0,HOLD_CASH
2014-09-30,10,DTE,XEL,44.4655,21.3139,1.1543,0.0,0,0.0,0.0,0.0,HOLD_CASH
2014-10-01,10,DTE,XEL,44.5824,21.363,1.1543,0.0,0,0.0,0.0,0.0,HOLD_CASH
2014-10-02,10,DTE,XEL,44.5766,21.2999,1.1543,0.0,0,0.0,0.0,0.0,HOLD_CASH
2014-10-03,10,DTE,XEL,44.9272,21.4611,1.1543,1.5623,0,0.0,0.0,0.0,HOLD_CASH
2014-10-06,10,DTE,XEL,44.9156,21.4611,1.1543,1.3888,0,0.0,0.0,0.0,HOLD_CASH
2014-10-07,10,DTE,XEL,45.0149,21.6154,1.1543,0.8171,0,0.0,0.0,0.0,HOLD_CASH
2014-10-08,10,DTE,XEL,46.2306,22.1833,1.1543,0.4891,0,0.0,0.0,0.0,HOLD_CASH
2014-10-09,10,DTE,XEL,45.5117,21.9239,1.1543,0.2499,0,0.0,0.0,0.0,HOLD_CASH
2014-10-10,10,DTE,XEL,46.0143,22.1412,1.1543,0.1444,0,0.0,0.0,0.0,HOLD_CASH
2014-10-13,10,DTE,XEL,46.1137,22.2674,1.1543,-0.3076,0,0.0,0.0,0.0,HOLD_CASH
2014-10-14,10,DTE,XEL,46.4702,22.9265,1.1543,-2.3491,1,0.0,-0.0833,-0.0833,ENTER_LONG_A
2014-10-15,10,DTE,XEL,45.5292,22.5899,1.1543,-2.246,1,-0.1278,-0.0833,-0.2112,HOLDING
2014-10-16,10,DTE,XEL,44.9331,22.3586,1.1543,-2.0412,1,-0.1735,-0.0833,-0.2568,HOLDING
2014-10-17,10,DTE,XEL,44.9915,22.3586,1.1543,-1.7669,1,-0.1248,-0.0833,-0.2082,HOLDING
2014-10-20,10,DTE,XEL,45.9617,22.632,1.1543,-1.2369,1,0.1503,-0.0833,0.0669,HOLDING
2014-10-21,10,DTE,XEL,46.6105,22.7512,1.1543,-0.7383,1,0.4581,-0.0833,0.3748,HOLDING
2014-10-22,10,DTE,XEL,46.6748,22.9265,1.1543,-1.0807,1,0.1703,-0.0833,0.087,HOLDING
2014-10-23,10,DTE,XEL,46.7566,22.9265,1.1543,-0.9017,1,0.2384,-0.0833,0.1551,HOLDING
2014-10-24,10,DTE,XEL,46.8735,23.0667,1.1543,-1.0406,1,0.0626,-0.0833,-0.0207,HOLDING
2014-10-27,10,DTE,XEL,47.1131,23.0176,1.1543,-0.5655,1,0.3576,-0.0833,0.2743,HOLDING
2014-10-28,10,DTE,XEL,47.4579,23.1929,1.1543,-0.5724,1,0.3033,-0.0833,0.22,HOLDING
2014-10-29,10,DTE,XEL,46.7858,23.0316,1.1543,-0.834,1,0.0579,-0.0833,-0.0254,HOLDING
2014-10-30,10,DTE,XEL,47.9197,23.5014,1.1543,-0.7201,1,0.0869,-0.0833,0.0035,HOLDING
2014-10-31,10,DTE,XEL,48.019,23.4663,1.1543,-0.4106,1,0.2379,-0.0833,0.1545,HOLDING
2014-11-03,10,DTE,XEL,48.3931,23.6626,1.1543,-0.4599,1,0.1669,-0.0833,0.0835,HOLDING
2014-11-04,10,DTE,XEL,48.1534,23.4663,1.1543,-0.0056,1,0.3497,-0.0833,0.2664,HOLDING
2014-11-05,10,DTE,XEL,49.1879,23.901,1.1543,0.1174,1,0.3643,-0.0833,0.2809,HOLDING
2014-11-06,10,DTE,XEL,48.3171,23.1719,1.1543,1.9641,1,1.0595,-0.0833,0.9761,HOLDING
2014-11-07,10,DTE,XEL,48.6912,23.5575,1.1543,1.0311,1,0.6198,-0.0833,0.5365,HOLDING
2014-11-10,10,DTE,XEL,49.0068,23.8309,1.1543,0.3824,1,0.35,-0.0833,0.2667,HOLDING
2014-11-11,10,DTE,XEL,48.3872,23.7538,1.1543,-0.8656,1,-0.0155,-0.0833,-0.0988,HOLDING
2014-11-12,10,DTE,XEL,47.2826,23.4243,1.1543,-1.7296,1,-0.2932,-0.0833,-0.3766,HOLDING
2014-11-13,10,DTE,XEL,46.628,23.2911,1.1543,-2.3316,1,-0.5787,-0.0833,-0.662,HOLDING
2014-11-14,10,DTE,XEL,46.6806,23.1648,1.1543,-1.3963,1,-0.2891,-0.0833,-0.3724,HOLDING
2014-11-17,10,DTE,XEL,47.3995,23.4383,1.1543,-1.1042,1,-0.2232,-0.0833,-0.3066,HOLDING
2014-11-18,10,DTE,XEL,47.6391,23.6416,1.1543,-1.4591,1,-0.4197,-0.0833,-0.5031,HOLDING
2014-11-19,10,DTE,XEL,47.4638,23.5364,1.1543,-1.1851,1,-0.3609,-0.0833,-0.4442,HOLDING
2014-11-20,10,DTE,XEL,47.1306,23.5294,1.1543,-1.6258,1,-0.6245,-0.0833,-0.7079,HOLDING
2014-11-21,10,DTE,XEL,47.1365,23.6136,1.1543,-1.7351,1,-0.7835,-0.0833,-0.8668,HOLDING
2014-11-24,10,DTE,XEL,47.0664,23.4032,1.1543,-0.8841,1,-0.4323,-0.0833,-0.5156,HOLDING
2014-11-25,10,DTE,XEL,46.9845,23.3682,1.1543,-0.802,1,-0.4321,-0.0833,-0.5154,HOLDING
2014-11-26,10,DTE,XEL,47.1482,23.4874,1.1543,-0.9216,1,-0.528,-0.0833,-0.6114,HOLDING
2014-11-28,10,DTE,XEL,47.6099,23.7958,1.1543,-1.2272,1,-0.7445,-0.0833,-0.8278,HOLDING
2014-12-01,10,DTE,XEL,47.6567,24.0272,1.1543,-1.7587,1,-1.1562,-0.0833,-1.2395,HOLDING
2014-12-02,10,DTE,XEL,48.0833,24.3007,1.1543,-1.7746,1,-1.3335,-0.0833,-1.4169,HOLDING
2014-12-03,10,DTE,XEL,48.1885,24.3848,1.1543,-1.6629,1,-1.4098,-0.0833,-1.4932,HOLDING
2014-12-04,10,DTE,XEL,48.3054,24.4058,1.1543,-1.4066,1,-1.3535,-0.0833,-1.4368,HOLDING
2014-12-05,10,DTE,XEL,47.9255,24.2095,1.1543,-1.3049,1,-1.2874,-0.0833,-1.3707,HOLDING
2014-12-08,10,DTE,XEL,48.3288,24.4619,1.1543,-1.5017,1,-1.4433,-0.0833,-1.5266,HOLDING
2014-12-09,10,DTE,XEL,48.6912,24.5531,1.1543,-1.1836,1,-1.3191,-0.0833,-1.4025,HOLDING
2014-12-10,10,DTE,XEL,47.9138,24.3077,1.1543,-1.4366,1,-1.4883,-0.0833,-1.5716,HOLDING
2014-12-11,10,DTE,XEL,48.7626,24.532,1.1543,-0.7422,1,-1.2187,-0.0833,-1.3021,HOLDING
2014-12-12,10,DTE,XEL,48.2675,24.2796,1.1543,-0.5272,1,-1.1393,-0.0833,-1.2226,HOLDING
2014-12-15,10,DTE,XEL,48.0612,24.0132,1.1543,0.3081,1,-0.7921,-0.0833,-0.8755,HOLDING
2014-12-16,10,DTE,XEL,48.3736,23.9922,1.1543,1.1026,1,-0.4911,-0.0833,-0.5745,HOLDING
2014-12-17,10,DTE,XEL,49.3638,24.3638,1.1543,1.3423,1,-0.3906,-0.0833,-0.4739,HOLDING
2014-12-18,10,DTE,XEL,50.3835,24.7844,1.1543,1.4094,1,-0.361,-0.0833,-0.4444,HOLDING
2014-12-19,10,DTE,XEL,50.5426,24.8195,1.1543,1.4501,1,-0.2968,-0.0833,-0.3802,HOLDING
2014-12-22,10,DTE,XEL,50.8256,24.9948,1.1543,1.1248,1,-0.4027,-0.0833,-0.486,HOLDING
2014-12-23,10,DTE,XEL,50.9316,25.0513,1.1543,1.0732,1,-0.4246,-0.0833,-0.5079,HOLDING
2014-12-24,10,DTE,XEL,51.8335,25.617,1.1543,0.3685,1,-0.7755,-0.0833,-0.8589,HOLDING
2014-12-26,10,DTE,XEL,52.6468,25.8645,1.1543,0.7955,1,-0.5804,-0.0833,-0.6638,HOLDING
2014-12-29,10,DTE,XEL,53.1538,26.3382,1.1543,-0.242,1,-1.0811,-0.0833,-1.1644,HOLDING
2014-12-30,10,DTE,XEL,51.8511,25.723,1.1543,-0.036,1,-0.9674,-0.0833,-1.0507,HOLDING
2014-12-31,10,DTE,XEL,50.9081,25.3978,1.1543,-0.4229,1,-1.1189,-0.0833,-1.2023,HOLDING
2015-01-02,10,DTE,XEL,51.2853,25.5392,1.1543,-0.3855,1,-1.0803,-0.0833,-1.1637,HOLDING
2015-01-05,10,DTE,XEL,50.7843,25.2493,1.1543,-0.105,1,-0.9328,-0.0833,-1.0161,HOLDING
2015-01-06,10,DTE,XEL,50.7077,25.3836,1.1543,-0.9222,1,-1.2582,-0.0833,-1.3416,HOLDING
2015-01-07,10,DTE,XEL,51.3089,25.6028,1.1543,-0.8006,1,-1.1846,-0.0833,-1.268,HOLDING
2015-01-08,10,DTE,XEL,51.5446,25.8998,1.1543,-1.6746,1,-1.5668,-0.0833,-1.6501,HOLDING
2015-01-09,10,DTE,XEL,51.1615,25.5816,1.1543,-1.0366,1,-1.266,-0.0833,-1.3493,HOLDING
2015-01-12,10,DTE,XEL,51.1203,25.3554,1.1543,-0.0287,1,-0.8597,-0.0833,-0.943,HOLDING
2015-01-13,10,DTE,XEL,51.4091,25.5604,1.1543,-0.4803,1,-1.0186,-0.0833,-1.102,HOLDING
2015-01-14,10,DTE,XEL,51.9631,25.7867,1.1543,-0.3902,1,-0.9981,-0.0833,-1.0815,HOLDING
2015-01-15,10,DTE,XEL,52.4406,26.0129,1.1543,-0.4353,1,-1.0413,-0.0833,-1.1246,HOLDING
2015-01-16,10,DTE,XEL,53.0241,26.1756,1.1543,0.0991,1,-0.8723,-0.0833,-0.9556,HOLDING
2015-01-20,10,DTE,XEL,53.0948,26.3523,1.1543,-0.6364,1,-1.1577,-0.0833,-1.241,HOLDING
2015-01-21,10,DTE,XEL,53.5604,26.5715,1.1543,-0.685,1,-1.197,-0.0833,-1.2803,HOLDING
2015-01-22,10,DTE,XEL,53.4603,26.5291,1.1543,-0.6244,1,-1.1978,-0.0833,-1.2811,HOLDING
2015-01-23,10,DTE,XEL,53.7785,26.6988,1.1543,-0.8393,1,-1.2633,-0.0833,-1.3467,HOLDING
2015-01-26,10,DTE,XEL,53.5958,26.6281,1.1543,-0.8246,1,-1.2777,-0.0833,-1.361,HOLDING
2015-01-27,10,DTE,XEL,53.8139,26.6776,1.1543,-0.3354,1,-1.1926,-0.0833,-1.2759,HOLDING
2015-01-28,10,DTE,XEL,53.1832,26.4796,1.1543,-1.0658,1,-1.332,-0.0833,-1.4153,HOLDING
2015-01-29,10,DTE,XEL,53.9554,26.9463,1.1543,-2.1029,1,-1.5981,-0.0833,-1.6814,HOLDING
2015-01-30,10,DTE,XEL,52.8473,26.5362,1.1543,-2.2479,1,-1.7218,-0.0833,-1.8051,HOLDING
2015-02-02,10,DTE,XEL,53.3306,26.5644,1.1543,-0.6618,1,-1.3746,-0.0833,-1.4579,HOLDING
2015-02-03,10,DTE,XEL,53.0653,26.6139,1.1543,-1.7725,1,-1.6917,-0.0833,-1.7751,HOLDING
2015-02-04,10,DTE,XEL,52.2343,26.3028,1.1543,-1.8624,1,-1.7776,-0.0833,-1.861,HOLDING
2015-02-05,10,DTE,XEL,52.7942,26.5574,1.1543,-1.6802,1,-1.8073,-0.0833,-1.8906,HOLDING
2015-02-06,10,DTE,XEL,50.2479,25.2493,1.1543,-0.3803,1,-1.3793,-0.0833,-1.4626,HOLDING
2015-02-09,10,DTE,XEL,50.0475,24.9877,1.1543,0.8005,1,-1.0366,-0.0833,-1.1199,HOLDING
2015-02-10,10,DTE,XEL,51.1026,25.6311,1.1543,-0.4075,1,-1.4115,-0.0833,-1.4948,HOLDING
2015-02-11,10,DTE,XEL,49.9237,25.1362,1.1543,-0.4725,1,-1.4288,-0.0833,-1.5121,HOLDING
2015-02-12,10,DTE,XEL,49.5052,25.122,1.1543,-1.5573,1,-1.7496,-0.0833,-1.833,HOLDING
2015-02-13,10,DTE,XEL,48.073,24.7473,1.1543,-2.649,1,-2.212,-0.0833,-2.2954,HOLDING
2015-02-17,10,DTE,XEL,48.2793,24.8816,1.1543,-2.4059,1,-2.3019,-0.0833,-2.3853,HOLDING
2015-02-18,10,DTE,XEL,49.8059,25.6665,1.1543,-2.3607,1,-2.5597,-0.0833,-2.643,HOLDING
2015-02-19,10,DTE,XEL,49.1575,25.6099,1.1543,-2.5969,1,-2.9893,-0.0833,-3.0726,HOLDING
2015-02-20,10,DTE,XEL,49.0396,25.3978,1.1543,-1.7418,1,-2.6743,-0.0833,-2.7576,HOLDING
2015-02-23,10,DTE,XEL,49.4522,25.723,1.1543,-1.8917,1,-2.9643,-0.0833,-3.0476,HOLDING
2015-02-24,10,DTE,XEL,49.629,25.7018,1.1543,-1.4041,1,-2.7757,-0.0833,-2.8591,HOLDING
2015-02-25,10,DTE,XEL,48.7803,25.1857,1.1543,-0.8956,1,-2.477,-0.0833,-2.5603,HOLDING
2015-02-26,10,DTE,XEL,48.3087,25.0443,1.1543,-1.0097,1,-2.5941,-0.0833,-2.6775,HOLDING
2015-02-27,10,DTE,XEL,48.35,24.9453,1.1543,-0.5714,1,-2.367,-0.0833,-2.4503,HOLDING
2015-03-02,10,DTE,XEL,47.4128,24.3301,1.1543,0.0978,1,-1.9491,-0.0833,-2.0324,HOLDING
2015-03-03,10,DTE,XEL,47.5778,24.5281,1.1543,-0.2463,1,-2.1973,-0.0833,-2.2806,HOLDING
2015-03-04,10,DTE,XEL,47.4953,24.4503,1.1543,-0.0592,1,-2.1145,-0.0833,-2.1978,HOLDING
2015-03-05,10,DTE,XEL,47.8254,24.6978,1.1543,-0.3554,1,-2.3217,-0.0833,-2.405,HOLDING
2015-03-06,10,DTE,XEL,46.2163,23.7928,1.1543,0.3403,1,-1.8985,-0.0833,-1.9818,HOLDING
2015-03-09,10,DTE,XEL,46.2517,24.0968,1.1543,-0.6436,1,0.0,-2.63,-2.63,PERIOD_END_EXIT
2014-09-08,11,SLG,SPG,62.5109,98.4041,1.0636,0.0,0,0.0,0.0,0.0,HOLD_CASH
2014-09-09,11,SLG,SPG,62.4766,98.4326,1.0636,0.0,0,0.0,0.0,0.0,HOLD_CASH
2014-09-10,11,SLG,SPG,61.6588,97.2853,1.0636,0.0,0,0.0,0.0,0.0,HOLD_CASH
2014-09-11,11,SLG,SPG,61.9161,96.9942,1.0636,0.0,0,0.0,0.0,0.0,HOLD_CASH
2014-09-12,11,SLG,SPG,59.4738,94.4711,1.0636,0.0,0,0.0,0.0,0.0,HOLD_CASH
2014-09-15,11,SLG,SPG,59.1706,94.494,1.0636,0.0,0,0.0,0.0,0.0,HOLD_CASH
2014-09-16,11,SLG,SPG,59.4795,95.4529,1.0636,0.0,0,0.0,0.0,0.0,HOLD_CASH
2014-09-17,11,SLG,SPG,60.1373,95.6185,1.0636,0.0,0,0.0,0.0,0.0,HOLD_CASH
2014-09-18,11,SLG,SPG,60.2345,94.7679,1.0636,0.0,0,0.0,0.0,0.0,HOLD_CASH
2014-09-19,11,SLG,SPG,60.2002,94.6081,1.0636,0.0,0,0.0,0.0,0.0,HOLD_CASH
2014-09-22,11,SLG,SPG,59.2564,94.2656,1.0636,0.0,0,0.0,0.0,0.0,HOLD_CASH
2014-09-23,11,SLG,SPG,58.816,93.809,1.0636,0.0,0,0.0,0.0,0.0,HOLD_CASH
2014-09-24,11,SLG,SPG,58.4556,93.3866,1.0636,0.0,0,0.0,0.0,0.0,HOLD_CASH
2014-09-25,11,SLG,SPG,57.9638,92.8785,1.0636,0.0,0,0.0,0.0,0.0,HOLD_CASH
2014-09-26,11,SLG,SPG,58.9927,93.9916,1.0636,0.0,0,0.0,0.0,0.0,HOLD_CASH
2014-09-29,11,SLG,SPG,58.9122,93.8546,1.0636,0.0,0,0.0,0.0,0.0,HOLD_CASH
2014-09-30,11,SLG,SPG,58.2397,93.8546,1.0636,0.0,0,0.0,0.0,0.0,HOLD_CASH
2014-10-01,11,SLG,SPG,58.2397,94.1343,1.0636,0.0,0,0.0,0.0,0.0,HOLD_CASH
2014-10-02,11,SLG,SPG,58.3834,93.8946,1.0636,0.0,0,0.0,0.0,0.0,HOLD_CASH
2014-10-03,11,SLG,SPG,58.6995,94.6481,1.0636,-1.4437,0,0.0,0.0,0.0,HOLD_CASH
2014-10-06,11,SLG,SPG,58.9237,94.8136,1.0636,-1.1021,0,0.0,0.0,0.0,HOLD_CASH
2014-10-07,11,SLG,SPG,58.1879,93.8318,1.0636,-1.1487,0,0.0,0.0,0.0,HOLD_CASH
2014-10-08,11,SLG,SPG,59.9296,95.9495,1.0636,-0.4306,0,0.0,0.0,0.0,HOLD_CASH
2014-10-09,11,SLG,SPG,59.8261,96.2749,1.0636,-0.9917,0,0.0,0.0,0.0,HOLD_CASH
2014-10-10,11,SLG,SPG,60.5332,96.1436,1.0636,0.7168,0,0.0,0.0,0.0,HOLD_CASH
2014-10-13,11,SLG,SPG,60.7976,95.5956,1.0636,1.7891,0,0.0,0.0,0.0,HOLD_CASH
2014-10-14,11,SLG,SPG,62.1943,96.8571,1.0636,2.2633,-1,0.0,-0.0833,-0.0833,ENTER_SHORT_A
2014-10-15,11,SLG,SPG,61.3322,94.7337,1.0636,2.4967,-1,-0.3818,-0.0833,-0.4651,HOLDING
2014-10-16,11,SLG,SPG,61.8897,94.9106,1.0636,2.4792,-1,-0.6654,-0.0833,-0.7487,HOLDING
2014-10-17,11,SLG,SPG,62.2231,96.1379,1.0636,1.7328,-1,-0.3376,-0.0833,-0.421,HOLDING
2014-10-20,11,SLG,SPG,63.1083,97.2396,1.0636,1.63,-1,-0.4238,-0.0833,-0.5072,HOLDING
2014-10-21,11,SLG,SPG,63.7348,98.1986,1.0636,1.4207,-1,-0.4054,-0.0833,-0.4887,HOLDING
2014-10-22,11,SLG,SPG,63.5739,97.8618,1.0636,1.3253,-1,-0.4502,-0.0833,-0.5336,HOLDING
2014-10-23,11,SLG,SPG,64.7982,98.4326,1.0636,1.7289,-1,-0.9921,-0.0833,-1.0754,HOLDING
2014-10-24,11,SLG,SPG,64.4764,98.6724,1.0636,1.2238,-1,-0.6768,-0.0833,-0.7601,HOLDING
2014-10-27,11,SLG,SPG,64.7982,99.4316,1.0636,0.9765,-1,-0.5491,-0.0833,-0.6324,HOLDING
2014-10-28,11,SLG,SPG,65.1661,101.047,1.0636,0.384,-1,-0.0716,-0.0833,-0.1549,HOLDING
2014-10-29,11,SLG,SPG,65.0914,100.4533,1.0636,0.5514,-1,-0.2863,-0.0833,-0.3697,HOLDING
2014-10-30,11,SLG,SPG,66.0686,100.9728,1.0636,0.9241,-1,-0.6905,-0.0833,-0.7738,HOLDING
2014-10-31,11,SLG,SPG,66.5054,102.2971,1.0636,0.4804,-1,-0.3868,-0.0833,-0.4702,HOLDING
2014-11-03,11,SLG,SPG,66.9653,104.1294,1.0636,-0.2691,-1,0.1271,-0.0833,0.0438,HOLDING
2014-11-04,11,SLG,SPG,67.1377,104.4776,1.0636,-0.466,-1,0.1695,-0.0833,0.0862,HOLDING
2014-11-05,11,SLG,SPG,67.1377,103.6842,1.0636,-0.0316,-1,-0.1823,-0.0833,-0.2656,HOLDING
2014-11-06,11,SLG,SPG,66.1031,102.7937,1.0636,-0.8182,-1,0.0946,-0.0833,0.0113,HOLDING
2014-11-07,11,SLG,SPG,65.5628,102.4284,1.0636,-1.5171,-1,0.2834,-0.0833,0.2001,HOLDING
2014-11-10,11,SLG,SPG,66.3387,104.0438,1.0636,-1.9927,-1,0.496,-0.0833,0.4127,HOLDING
2014-11-11,11,SLG,SPG,65.603,103.0962,1.0636,-1.8879,-1,0.5535,-0.0833,0.4702,HOLDING
2014-11-12,11,SLG,SPG,64.4764,102.527,1.0636,-2.3812,-1,1.0326,-0.0833,0.9492,HOLDING
2014-11-13,11,SLG,SPG,65.3271,103.24,1.0636,-1.6662,-1,0.7964,-0.0833,0.713,HOLDING
2014-11-14,11,SLG,SPG,65.0339,102.3603,1.0636,-1.1731,-1,0.5966,-0.0833,0.5133,HOLDING
2014-11-17,11,SLG,SPG,65.0742,102.619,1.0636,-1.1963,-1,0.6852,-0.0833,0.6019,HOLDING
2014-11-18,11,SLG,SPG,65.7179,103.0272,1.0636,-0.7025,-1,0.4482,-0.0833,0.3649,HOLDING
2014-11-19,11,SLG,SPG,65.6547,101.4059,1.0636,0.514,-1,-0.2297,-0.0833,-0.313,HOLDING
2014-11-20,11,SLG,SPG,65.672,102.8433,1.0636,-0.5286,-1,0.3965,-0.0833,0.3132,HOLDING
2014-11-21,11,SLG,SPG,65.7409,102.6018,1.0636,-0.1472,-1,0.2447,-0.0833,0.1613,HOLDING
2014-11-24,11,SLG,SPG,65.9018,102.6765,1.0636,0.0906,-1,0.1733,-0.0833,0.09,HOLDING
2014-11-25,11,SLG,SPG,65.7754,102.9238,1.0636,-0.3023,-1,0.365,-0.0833,0.2817,HOLDING
2014-11-26,11,SLG,SPG,66.6031,103.8897,1.0636,0.0174,-1,0.2559,-0.0833,0.1726,HOLDING
2014-11-28,11,SLG,SPG,66.7584,103.9529,1.0636,0.3551,-1,0.1832,-0.0833,0.0999,HOLDING
2014-12-01,11,SLG,SPG,66.8791,103.7115,1.0636,1.032,-1,-0.0023,-0.0833,-0.0856,HOLDING
2014-12-02,11,SLG,SPG,67.9827,104.5567,1.0636,1.8324,-1,-0.344,-0.0833,-0.4274,HOLDING
2014-12-03,11,SLG,SPG,68.2759,104.4129,1.0636,2.1211,-1,-0.5981,-0.0833,-0.6815,HOLDING
2014-12-04,11,SLG,SPG,68.477,104.6717,1.0636,1.9384,-1,-0.614,-0.0833,-0.6973,HOLDING
2014-12-05,11,SLG,SPG,68.707,103.9702,1.0636,2.3721,-1,-1.0744,-0.0833,-1.1577,HOLDING
2014-12-08,11,SLG,SPG,69.2358,105.1374,1.0636,1.7464,-1,-0.9002,-0.0833,-0.9835,HOLDING
2014-12-09,11,SLG,SPG,70.2877,104.7751,1.0636,2.4532,-1,-1.7438,-0.0833,-1.8271,HOLDING
2014-12-10,11,SLG,SPG,70.4026,105.0511,1.0636,1.9957,-1,-1.696,-0.0833,-1.7794,HOLDING
2014-12-11,11,SLG,SPG,70.2532,105.1374,1.0636,1.6364,-1,-1.5607,-0.0833,-1.6441,HOLDING
2014-12-12,11,SLG,SPG,69.2013,103.746,1.0636,1.4263,-1,-1.4948,-0.0833,-1.5781,HOLDING
2014-12-15,11,SLG,SPG,68.4368,103.677,1.0636,0.7759,-1,-1.029,-0.0833,-1.1123,HOLDING
2014-12-16,11,SLG,SPG,68.2414,103.0043,1.0636,0.9131,-1,-1.2004,-0.0833,-1.2837,HOLDING
2014-12-17,11,SLG,SPG,70.2762,105.2063,1.0636,1.1888,-1,-1.5451,-0.0833,-1.6284,HOLDING
2014-12-18,11,SLG,SPG,70.759,106.638,1.0636,0.6849,-1,-1.2237,-0.0833,-1.3071,HOLDING
2014-12-19,11,SLG,SPG,70.0003,105.5226,1.0636,0.6313,-1,-1.2257,-0.0833,-1.309,HOLDING
2014-12-22,11,SLG,SPG,70.5119,107.7822,1.0636,-0.3617,-1,-0.5559,-0.0833,-0.6392,HOLDING
2014-12-23,11,SLG,SPG,70.0865,107.1382,1.0636,-0.4136,-1,-0.5653,-0.0833,-0.6486,HOLDING
2014-12-24,11,SLG,SPG,69.5404,106.4367,1.0636,-0.5866,-1,-0.5217,-0.0833,-0.6051,HOLDING
2014-12-26,11,SLG,SPG,70.1497,106.155,1.0636,0.1689,-1,-1.0423,-0.0833,-1.1256,HOLDING
2014-12-29,11,SLG,SPG,69.8795,107.236,1.0636,-1.1758,-1,-0.3875,-0.0833,-0.4708,HOLDING
2014-12-30,11,SLG,SPG,70.1799,106.684,1.0636,-0.4291,-1,-0.8273,-0.0833,-0.9107,HOLDING
2014-12-31,11,SLG,SPG,68.7531,104.7062,1.0636,-0.5709,-1,-0.778,-0.0833,-0.8613,HOLDING
2015-01-02,11,SLG,SPG,70.0817,106.5633,1.0636,-0.5584,-1,-0.8171,-0.0833,-0.9005,HOLDING
2015-01-05,11,SLG,SPG,70.463,107.0002,1.0636,-0.4818,-1,-0.8709,-0.0833,-0.9542,HOLDING
2015-01-06,11,SLG,SPG,71.006,109.9785,1.0636,-2.2722,-1,0.0973,-0.0833,0.0139,HOLDING
2015-01-07,11,SLG,SPG,71.8262,112.0024,1.0636,-2.3751,-1,0.4621,-0.0833,0.3788,HOLDING
2015-01-08,11,SLG,SPG,72.1786,111.8414,1.0636,-1.6734,-1,0.1619,-0.0833,0.0786,HOLDING
2015-01-09,11,SLG,SPG,72.3231,113.0201,1.0636,-2.0252,-1,0.5908,-0.0833,0.5075,HOLDING
2015-01-12,11,SLG,SPG,73.7788,113.1293,1.0636,-0.629,-1,-0.3059,-0.0833,-0.3892,HOLDING
2015-01-13,11,SLG,SPG,73.6055,113.2041,1.0636,-0.7691,-1,-0.1602,-0.0833,-0.2435,HOLDING
2015-01-14,11,SLG,SPG,74.0387,114.2045,1.0636,-0.9351,-1,0.0021,-0.0833,-0.0812,HOLDING
2015-01-15,11,SLG,SPG,74.1196,115.0325,1.0636,-1.2897,-1,0.3168,-0.0833,0.2334,HOLDING
2015-01-16,11,SLG,SPG,73.9405,115.4522,1.0636,-1.6173,-1,0.6191,-0.0833,0.5358,HOLDING
2015-01-20,11,SLG,SPG,73.7961,114.7795,1.0636,-1.1816,-1,0.4146,-0.0833,0.3313,HOLDING
2015-01-21,11,SLG,SPG,73.7788,115.1187,1.0636,-1.3328,-1,0.5763,-0.0833,0.493,HOLDING
2015-01-22,11,SLG,SPG,74.3102,117.3093,1.0636,-1.988,-1,1.2027,-0.0833,1.1193,HOLDING
2015-01-23,11,SLG,SPG,74.2351,116.7803,1.0636,-1.5102,-1,1.0168,-0.0833,0.9335,HOLDING
2015-01-26,11,SLG,SPG,75.4193,117.959,1.0636,-1.045,-1,0.7706,-0.0833,0.6873,HOLDING
2015-01-27,11,SLG,SPG,75.2749,117.683,1.0636,-0.9247,-1,0.742,-0.0833,0.6586,HOLDING
2015-01-28,11,SLG,SPG,75.1074,117.0103,1.0636,-0.5789,-1,0.5524,-0.0833,0.4691,HOLDING
2015-01-29,11,SLG,SPG,74.8706,117.729,1.0636,-1.1798,-1,1.0249,-0.0833,0.9416,HOLDING
2015-01-30,11,SLG,SPG,72.7852,114.2218,1.0636,-0.8127,-1,0.8237,-0.0833,0.7404,HOLDING
2015-02-02,11,SLG,SPG,72.9238,114.6529,1.0636,-0.9336,-1,0.9249,-0.0833,0.8415,HOLDING
2015-02-03,11,SLG,SPG,73.7152,115.044,1.0636,-0.1637,-1,0.5844,-0.0833,0.5011,HOLDING
2015-02-04,11,SLG,SPG,73.5882,116.0444,1.0636,-1.304,-1,1.1105,-0.0833,1.0272,HOLDING
2015-02-05,11,SLG,SPG,74.7377,116.8436,1.0636,-0.3229,-1,0.7185,-0.0833,0.6352,HOLDING
2015-02-06,11,SLG,SPG,73.6979,112.1634,1.0636,2.4921,-1,-0.6817,-0.0833,-0.7651,HOLDING
2015-02-09,11,SLG,SPG,73.126,111.6057,1.0636,1.9072,-1,-0.5577,-0.0833,-0.641,HOLDING
2015-02-10,11,SLG,SPG,73.5997,111.9736,1.0636,1.9935,-1,-0.7021,-0.0833,-0.7854,HOLDING
2015-02-11,11,SLG,SPG,73.6286,111.4351,1.0636,2.1215,-1,-0.9597,-0.0833,-1.043,HOLDING
2015-02-12,11,SLG,SPG,74.6568,112.767,1.0636,1.9224,-1,-1.0367,-0.0833,-1.12,HOLDING
2015-02-13,11,SLG,SPG,74.2813,111.8346,1.0636,1.8574,-1,-1.2063,-0.0833,-1.2897,HOLDING
2015-02-17,11,SLG,SPG,74.1773,111.6609,1.0636,1.6311,-1,-1.2158,-0.0833,-1.2992,HOLDING
2015-02-18,11,SLG,SPG,75.0554,112.5122,1.0636,1.6032,-1,-1.4085,-0.0833,-1.4918,HOLDING
2015-02-19,11,SLG,SPG,73.4611,109.9236,1.0636,1.5522,-1,-1.5212,-0.0833,-1.6045,HOLDING
2015-02-20,11,SLG,SPG,74.3102,111.0818,1.0636,1.4059,-1,-1.5589,-0.0833,-1.6422,HOLDING
2015-02-23,11,SLG,SPG,74.9514,112.1242,1.0636,1.2123,-1,-1.513,-0.0833,-1.5963,HOLDING
2015-02-24,11,SLG,SPG,73.2936,110.0683,1.0636,0.9846,-1,-1.3482,-0.0833,-1.4316,HOLDING
2015-02-25,11,SLG,SPG,73.4322,110.3116,1.0636,0.8715,-1,-1.3304,-0.0833,-1.4137,HOLDING
2015-02-26,11,SLG,SPG,72.6466,108.3773,1.0636,1.1275,-1,-1.678,-0.0833,-1.7614,HOLDING
2015-02-27,11,SLG,SPG,73.3224,110.2421,1.0636,0.6386,-1,-1.2899,-0.0833,-1.3733,HOLDING
2015-03-02,11,SLG,SPG,73.877,110.0567,1.0636,1.0106,-1,-1.7322,-0.0833,-1.8155,HOLDING
2015-03-03,11,SLG,SPG,74.0041,109.8077,1.0636,1.1509,-1,-1.9251,-0.0833,-2.0085,HOLDING
2015-03-04,11,SLG,SPG,73.5708,108.6205,1.0636,1.3677,-1,-2.1703,-0.0833,-2.2536,HOLDING
2015-03-05,11,SLG,SPG,73.8885,108.3715,1.0636,1.8174,-1,-2.487,-0.0833,-2.5703,HOLDING
2015-03-06,11,SLG,SPG,71.3641,104.5782,1.0636,2.1337,-1,-2.53,-0.0833,-2.6134,HOLDING
2015-03-09,11,SLG,SPG,72.3057,104.4972,1.0636,2.568,-1,0.0,-3.354,-3.354,PERIOD_END_EXIT
2014-09-08,12,AIV,CPT,1.4064,48.3358,1.1079,0.0,0,0.0,0.0,0.0,HOLD_CASH
2014-09-09,12,AIV,CPT,1.4015,48.0605,1.1079,0.0,0,0.0,0.0,0.0,HOLD_CASH
2014-09-10,12,AIV,CPT,1.376,46.7863,1.1079,0.0,0,0.0,0.0,0.0,HOLD_CASH
2014-09-11,12,AIV,CPT,1.3755,46.7927,1.1079,0.0,0,0.0,0.0,0.0,HOLD_CASH
2014-09-12,12,AIV,CPT,1.3366,45.5378,1.1079,0.0,0,0.0,0.0,0.0,HOLD_CASH
2014-09-15,12,AIV,CPT,1.3272,44.6157,1.1079,0.0,0,0.0,0.0,0.0,HOLD_CASH
2014-09-16,12,AIV,CPT,1.3455,44.7118,1.1079,0.0,0,0.0,0.0,0.0,HOLD_CASH
2014-09-17,12,AIV,CPT,1.3402,44.7118,1.1079,0.0,0,0.0,0.0,0.0,HOLD_CASH
2014-09-18,12,AIV,CPT,1.3199,44.0523,1.1079,0.0,0,0.0,0.0,0.0,HOLD_CASH
2014-09-19,12,AIV,CPT,1.3277,44.2315,1.1079,0.0,0,0.0,0.0,0.0,HOLD_CASH
2014-09-22,12,AIV,CPT,1.3171,43.9754,1.1079,0.0,0,0.0,0.0,0.0,HOLD_CASH
2014-09-23,12,AIV,CPT,1.3061,43.7641,1.1079,0.0,0,0.0,0.0,0.0,HOLD_CASH
2014-09-24,12,AIV,CPT,1.2964,43.5144,1.1079,0.0,0,0.0,0.0,0.0,HOLD_CASH
2014-09-25,12,AIV,CPT,1.2919,43.4312,1.1079,0.0,0,0.0,0.0,0.0,HOLD_CASH
2014-09-26,12,AIV,CPT,1.298,44.1166,1.1079,0.0,0,0.0,0.0,0.0,HOLD_CASH
2014-09-29,12,AIV,CPT,1.2988,44.1877,1.1079,0.0,0,0.0,0.0,0.0,HOLD_CASH
2014-09-30,12,AIV,CPT,1.2915,44.3105,1.1079,0.0,0,0.0,0.0,0.0,HOLD_CASH
2014-10-01,12,AIV,CPT,1.2948,44.3881,1.1079,0.0,0,0.0,0.0,0.0,HOLD_CASH
2014-10-02,12,AIV,CPT,1.2952,44.3946,1.1079,0.0,0,0.0,0.0,0.0,HOLD_CASH
2014-10-03,12,AIV,CPT,1.3078,44.2717,1.1079,0.0396,0,0.0,0.0,0.0,HOLD_CASH
2014-10-06,12,AIV,CPT,1.3159,44.414,1.1079,0.1472,0,0.0,0.0,0.0,HOLD_CASH
2014-10-07,12,AIV,CPT,1.3049,44.3946,1.1079,-0.6161,0,0.0,0.0,0.0,HOLD_CASH
2014-10-08,12,AIV,CPT,1.3374,45.4615,1.1079,-0.7978,0,0.0,0.0,0.0,HOLD_CASH
2014-10-09,12,AIV,CPT,1.3305,45.5132,1.1079,-1.3488,0,0.0,0.0,0.0,HOLD_CASH
2014-10-10,12,AIV,CPT,1.3293,45.4744,1.1079,-1.301,0,0.0,0.0,0.0,HOLD_CASH
2014-10-13,12,AIV,CPT,1.3573,45.6102,1.1079,0.2435,0,0.0,0.0,0.0,HOLD_CASH
2014-10-14,12,AIV,CPT,1.3926,46.5219,1.1079,0.6447,0,0.0,0.0,0.0,HOLD_CASH
2014-10-15,12,AIV,CPT,1.3824,46.3408,1.1079,0.4233,0,0.0,0.0,0.0,HOLD_CASH
2014-10-16,12,AIV,CPT,1.3703,46.205,1.1079,-0.0376,0,0.0,0.0,0.0,HOLD_CASH
2014-10-17,12,AIV,CPT,1.3601,45.9917,1.1079,-0.1877,0,0.0,0.0,0.0,HOLD_CASH
2014-10-20,12,AIV,CPT,1.3812,46.9939,1.1079,-1.0287,0,0.0,0.0,0.0,HOLD_CASH
2014-10-21,12,AIV,CPT,1.3967,47.5047,1.1079,-1.0406,0,0.0,0.0,0.0,HOLD_CASH
2014-10-22,12,AIV,CPT,1.3902,47.6534,1.1079,-1.8155,0,0.0,0.0,0.0,HOLD_CASH
2014-10-23,12,AIV,CPT,1.404,48.2224,1.1079,-1.9524,0,0.0,0.0,0.0,HOLD_CASH
2014-10-24,12,AIV,CPT,1.3958,47.8344,1.1079,-1.4093,0,0.0,0.0,0.0,HOLD_CASH
2014-10-27,12,AIV,CPT,1.3999,48.2871,1.1079,-1.8941,0,0.0,0.0,0.0,HOLD_CASH
2014-10-28,12,AIV,CPT,1.3946,48.4487,1.1079,-2.1788,1,0.0,-0.0833,-0.0833,ENTER_LONG_A
2014-10-29,12,AIV,CPT,1.391,48.6491,1.1079,-2.2604,1,-0.2847,-0.0833,-0.3681,HOLDING
2014-10-30,12,AIV,CPT,1.3999,48.9272,1.1079,-1.9158,1,-0.283,-0.0833,-0.3663,HOLDING
2014-10-31,12,AIV,CPT,1.4527,49.5737,1.1079,-0.4063,1,0.6282,-0.0833,0.5449,HOLDING
2014-11-03,12,AIV,CPT,1.4782,50.3497,1.1079,-0.3262,1,0.6516,-0.0833,0.5683,HOLDING
2014-11-04,12,AIV,CPT,1.4717,50.0005,1.1079,-0.0644,1,0.7832,-0.0833,0.6998,HOLDING
2014-11-05,12,AIV,CPT,1.4742,49.6578,1.1079,0.5732,1,1.162,-0.0833,1.0787,HOLDING
2014-11-06,12,AIV,CPT,1.4583,49.0888,1.1079,0.6731,1,1.2277,-0.0833,1.1444,HOLDING
2014-11-07,12,AIV,CPT,1.4596,48.8496,1.1079,1.0185,1,1.4785,-0.0833,1.3952,HOLDING
2014-11-10,12,AIV,CPT,1.492,49.6255,1.1079,1.3069,1,1.6975,-0.0833,1.6142,HOLDING
2014-11-11,12,AIV,CPT,1.4823,49.2569,1.1079,1.4279,1,1.7545,-0.0833,1.6712,HOLDING
2014-11-12,12,AIV,CPT,1.4762,48.856,1.1079,1.6675,1,1.9431,-0.0833,1.8598,HOLDING
2014-11-13,12,AIV,CPT,1.5011,49.1405,1.1079,2.0214,1,2.3929,-0.0833,2.3095,HOLDING
2014-11-14,12,AIV,CPT,1.4803,48.4487,1.1079,1.8551,1,2.4273,-0.0833,2.344,HOLDING
2014-11-17,12,AIV,CPT,1.4982,48.759,1.1079,1.8166,1,2.6566,-0.0833,2.5733,HOLDING
2014-11-18,12,AIV,CPT,1.5113,48.856,1.1079,1.8165,1,2.9397,-0.0833,2.8564,HOLDING
2014-11-19,12,AIV,CPT,1.4933,48.3,1.1079,1.6113,1,2.9326,-0.0833,2.8492,HOLDING
2014-11-20,12,AIV,CPT,1.4991,48.5004,1.1079,1.4044,1,2.9136,-0.0833,2.8303,HOLDING
2014-11-21,12,AIV,CPT,1.5146,48.9336,1.1079,1.2727,1,2.9623,-0.0833,2.879,HOLDING
2014-11-24,12,AIV,CPT,1.5105,49.1923,1.1079,0.8676,1,2.6126,-0.0833,2.5293,HOLDING
2014-11-25,12,AIV,CPT,1.5117,49.244,1.1079,0.7737,1,2.6006,-0.0833,2.5173,HOLDING
2014-11-26,12,AIV,CPT,1.5273,49.6449,1.1079,0.7566,1,2.6785,-0.0833,2.5952,HOLDING
2014-11-28,12,AIV,CPT,1.5228,49.5802,1.1079,0.6375,1,2.6095,-0.0833,2.5262,HOLDING
2014-12-01,12,AIV,CPT,1.5158,47.7698,1.1079,2.1552,1,4.0492,-0.0833,3.9659,HOLDING
2014-12-02,12,AIV,CPT,1.5207,47.6663,1.1079,2.1236,1,4.2818,-0.0833,4.1985,HOLDING
2014-12-03,12,AIV,CPT,1.5101,47.2008,1.1079,2.0341,1,4.4014,-0.0833,4.3181,HOLDING
2014-12-04,12,AIV,CPT,1.5166,48.1125,1.1079,1.1763,1,3.7626,-0.0833,3.6793,HOLDING
2014-12-05,12,AIV,CPT,1.5076,48.1771,1.1079,0.7581,1,3.4492,-0.0833,3.3659,HOLDING
2014-12-08,12,AIV,CPT,1.5285,48.3905,1.1079,1.0972,1,3.8473,-0.0833,3.764,HOLDING
2014-12-09,12,AIV,CPT,1.535,48.3,1.1079,1.303,1,4.1146,-0.0833,4.0312,HOLDING
2014-12-10,12,AIV,CPT,1.5162,48.3905,1.1079,0.4727,1,3.4997,-0.0833,3.4163,HOLDING
2014-12-11,12,AIV,CPT,1.513,48.0349,1.1079,0.7373,1,3.7285,-0.0833,3.6451,HOLDING
2014-12-12,12,AIV,CPT,1.4925,47.2913,1.1079,0.8703,1,3.8213,-0.0833,3.7379,HOLDING
2014-12-15,12,AIV,CPT,1.4692,47.2391,1.1079,-0.0979,1,3.2079,-0.0833,3.1246,HOLDING
2014-12-16,12,AIV,CPT,1.4578,47.6632,1.1079,-1.2342,1,2.5001,-0.0833,2.4167,HOLDING
2014-12-17,12,AIV,CPT,1.4766,48.7267,1.1079,-1.7678,1,2.0716,-0.0833,1.9883,HOLDING
2014-12-18,12,AIV,CPT,1.5044,48.8703,1.1079,-0.8261,1,2.7299,-0.0833,2.6465,HOLDING
2014-12-19,12,AIV,CPT,1.5334,48.9747,1.1079,0.124,1,3.4583,-0.0833,3.3749,HOLDING
2014-12-22,12,AIV,CPT,1.5665,49.8816,1.1079,0.1496,1,3.577,-0.0833,3.4936,HOLDING
2014-12-23,12,AIV,CPT,1.5587,49.588,1.1079,0.1821,1,3.6223,-0.0833,3.5389,HOLDING
2014-12-24,12,AIV,CPT,1.5452,49.2226,1.1079,0.0857,1,3.5702,-0.0833,3.4868,HOLDING
2014-12-26,12,AIV,CPT,1.5542,49.3009,1.1079,0.2775,1,3.7543,-0.0833,3.671,HOLDING
2014-12-29,12,AIV,CPT,1.5591,49.4183,1.1079,0.2358,1,3.7872,-0.0833,3.7039,HOLDING
2014-12-30,12,AIV,CPT,1.5514,48.9094,1.1079,0.7205,1,4.0271,-0.0833,3.9438,HOLDING
2014-12-31,12,AIV,CPT,1.5187,48.1787,1.1079,0.4521,1,3.7607,-0.0833,3.6774,HOLDING
2015-01-02,12,AIV,CPT,1.5489,49.0986,1.1079,0.4668,1,3.7865,-0.0833,3.7032,HOLDING
2015-01-05,12,AIV,CPT,1.5624,48.9029,1.1079,1.435,1,4.3459,-0.0833,4.2626,HOLDING
2015-01-06,12,AIV,CPT,1.5751,49.3401,1.1079,1.1774,1,4.31,-0.0833,4.2266,HOLDING
2015-01-07,12,AIV,CPT,1.591,50.6972,1.1079,-0.3026,1,3.535,-0.0833,3.4516,HOLDING
2015-01-08,12,AIV,CPT,1.6082,50.1687,1.1079,1.3604,1,4.4995,-0.0833,4.4161,HOLDING
2015-01-09,12,AIV,CPT,1.6168,50.6711,1.1079,0.8645,1,4.2886,-0.0833,4.2053,HOLDING
2015-01-12,12,AIV,CPT,1.6479,51.3627,1.1079,1.0842,1,4.5441,-0.0833,4.4607,HOLDING
2015-01-13,12,AIV,CPT,1.5886,50.495,1.1079,-0.1434,1,3.6483,-0.0833,3.565,HOLDING
2015-01-14,12,AIV,CPT,1.6111,50.893,1.1079,0.2069,1,3.9258,-0.0833,3.8425,HOLDING
2015-01-15,12,AIV,CPT,1.6127,51.4476,1.1079,-0.6978,1,3.4708,-0.0833,3.3875,HOLDING
2015-01-16,12,AIV,CPT,1.6446,51.7477,1.1079,0.2272,1,4.1033,-0.0833,4.02,HOLDING
2015-01-20,12,AIV,CPT,1.6213,51.2779,1.1079,-0.4059,1,3.8675,-0.0833,3.7842,HOLDING
2015-01-21,12,AIV,CPT,1.6307,51.7999,1.1079,-1.1079,1,3.6622,-0.0833,3.5788,HOLDING
2015-01-22,12,AIV,CPT,1.6556,52.3284,1.1079,-0.6185,1,3.8912,-0.0833,3.8079,HOLDING
2015-01-23,12,AIV,CPT,1.6577,51.9956,1.1079,0.4196,1,4.25,-0.0833,4.1667,HOLDING
2015-01-26,12,AIV,CPT,1.672,52.7982,1.1079,-0.7059,1,3.9301,-0.0833,3.8467,HOLDING
2015-01-27,12,AIV,CPT,1.6793,52.7003,1.1079,0.1333,1,4.2272,-0.0833,4.1438,HOLDING
2015-01-28,12,AIV,CPT,1.672,52.1066,1.1079,1.1146,1,4.5553,-0.0833,4.472,HOLDING
2015-01-29,12,AIV,CPT,1.6675,51.7999,1.1079,1.4718,1,4.7051,-0.0833,4.6218,HOLDING
2015-01-30,12,AIV,CPT,1.6295,50.2731,1.1079,2.1964,1,5.0077,-0.0833,4.9243,HOLDING
2015-02-02,12,AIV,CPT,1.6299,50.0252,1.1079,2.2479,1,5.2434,-0.0833,5.1601,HOLDING
2015-02-03,12,AIV,CPT,1.6376,50.5993,1.1079,1.434,1,4.9445,-0.0833,4.8612,HOLDING
2015-02-04,12,AIV,CPT,1.6401,50.234,1.1079,1.9354,1,5.3444,-0.0833,5.261,HOLDING
2015-02-05,12,AIV,CPT,1.6569,50.4101,1.1079,2.0407,1,5.6602,-0.0833,5.5769,HOLDING
2015-02-06,12,AIV,CPT,1.5963,49.0595,1.1079,1.4048,1,5.1662,-0.0833,5.0828,HOLDING
2015-02-09,12,AIV,CPT,1.573,48.9551,1.1079,0.5495,1,4.6,-0.0833,4.5167,HOLDING
2015-02-10,12,AIV,CPT,1.5669,49.0465,1.1079,0.1557,1,4.3436,-0.0833,4.2603,HOLDING
2015-02-11,12,AIV,CPT,1.5657,48.929,1.1079,0.2179,1,4.4148,-0.0833,4.3314,HOLDING
2015-02-12,12,AIV,CPT,1.6081,49.7642,1.1079,0.6824,1,4.8621,-0.0833,4.7788,HOLDING
2015-02-13,12,AIV,CPT,1.5875,49.0921,1.1079,0.7534,1,4.886,-0.0833,4.8027,HOLDING
2015-02-17,12,AIV,CPT,1.5776,48.9682,1.1079,0.4416,1,4.7179,-0.0833,4.6346,HOLDING
2015-02-18,12,AIV,CPT,1.5974,49.4706,1.1079,0.4536,1,4.824,-0.0833,4.7407,HOLDING
2015-02-19,12,AIV,CPT,1.5541,48.5179,1.1079,-0.1052,1,4.4595,-0.0833,4.3762,HOLDING
2015-02-20,12,AIV,CPT,1.5747,49.3727,1.1079,-0.7632,1,4.2705,-0.0833,4.1871,HOLDING
2015-02-23,12,AIV,CPT,1.6007,49.0986,1.1079,1.2259,1,5.2537,-0.0833,5.1703,HOLDING
2015-02-24,12,AIV,CPT,1.5525,47.8263,1.1079,1.0524,1,5.0381,-0.0833,4.9547,HOLDING
2015-02-25,12,AIV,CPT,1.543,47.5458,1.1079,1.0427,1,5.0232,-0.0833,4.9399,HOLDING
2015-02-26,12,AIV,CPT,1.5278,47.2195,1.1079,0.6882,1,4.8862,-0.0833,4.8029,HOLDING
2015-02-27,12,AIV,CPT,1.5517,47.4936,1.1079,1.6354,1,5.3156,-0.0833,5.2322,HOLDING
2015-03-02,12,AIV,CPT,1.5624,47.7089,1.1079,1.6317,1,5.4244,-0.0833,5.3411,HOLDING
2015-03-03,12,AIV,CPT,1.5521,47.7154,1.1079,0.8319,1,5.1267,-0.0833,5.0434,HOLDING
2015-03-04,12,AIV,CPT,1.5401,47.3826,1.1079,0.7629,1,5.089,-0.0833,5.0056,HOLDING
2015-03-05,12,AIV,CPT,1.5546,47.996,1.1079,0.2341,1,4.9431,-0.0833,4.8597,HOLDING
2015-03-06,12,AIV,CPT,1.5179,47.8067,1.1079,-1.7104,1,4.0752,-0.0833,3.9919,HOLDING
2015-03-09,12,AIV,CPT,1.5249,48.7267,1.1079,-2.6123,1,0.0,3.2713,3.2713,PERIOD_END_EXIT
2014-09-08,13,GE,UPS,104.7212,65.0282,0.8191,0.0,0,0.0,0.0,0.0,HOLD_CASH
2014-09-09,13,GE,UPS,103.9984,64.5591,0.8191,0.0,0,0.0,0.0,0.0,HOLD_CASH
2014-09-10,13,GE,UPS,104.1992,64.4996,0.8191,0.0,0,0.0,0.0,0.0,HOLD_CASH
2014-09-11,13,GE,UPS,104.4803,64.7111,0.8191,0.0,0,0.0,0.0,0.0,HOLD_CASH
2014-09-12,13,GE,UPS,103.878,64.7838,0.8191,0.0,0,0.0,0.0,0.0,HOLD_CASH
2014-09-15,13,GE,UPS,104.0788,64.4996,0.8191,0.0,0,0.0,0.0,0.0,HOLD_CASH
2014-09-16,13,GE,UPS,105.2432,64.7243,0.8191,0.0,0,0.0,0.0,0.0,HOLD_CASH
2014-09-17,13,GE,UPS,105.4841,65.6691,0.8191,0.0,0,0.0,0.0,0.0,HOLD_CASH
2014-09-18,13,GE,UPS,106.132,65.8277,0.8191,0.0,0,0.0,0.0,0.0,HOLD_CASH
2014-09-19,13,GE,UPS,106.456,65.7022,0.8191,0.0,0,0.0,0.0,0.0,HOLD_CASH
2014-09-22,13,GE,UPS,105.6056,64.8432,0.8191,0.0,0,0.0,0.0,0.0,HOLD_CASH
2014-09-23,13,GE,UPS,105.3627,64.3014,0.8191,0.0,0,0.0,0.0,0.0,HOLD_CASH
2014-09-24,13,GE,UPS,104.9982,64.8036,0.8191,0.0,0,0.0,0.0,0.0,HOLD_CASH
2014-09-25,13,GE,UPS,103.4595,63.7795,0.8191,0.0,0,0.0,0.0,0.0,HOLD_CASH
2014-09-26,13,GE,UPS,103.7834,64.4071,0.8191,0.0,0,0.0,0.0,0.0,HOLD_CASH
2014-09-29,13,GE,UPS,102.9331,64.3147,0.8191,0.0,0,0.0,0.0,0.0,HOLD_CASH
2014-09-30,13,GE,UPS,103.7429,64.9423,0.8191,0.0,0,0.0,0.0,0.0,HOLD_CASH
2014-10-01,13,GE,UPS,101.8803,64.0371,0.8191,0.0,0,0.0,0.0,0.0,HOLD_CASH
2014-10-02,13,GE,UPS,101.7183,64.1825,0.8191,0.0,0,0.0,0.0,0.0,HOLD_CASH
2014-10-03,13,GE,UPS,102.8521,65.2727,0.8191,-2.1248,1,0.0,-0.0833,-0.0833,ENTER_LONG_A
2014-10-06,13,GE,UPS,102.1232,65.1207,0.8191,-2.1778,1,-0.2373,-0.0833,-0.3206,HOLDING
2014-10-07,13,GE,UPS,100.463,63.7134,0.8191,-1.7602,1,-0.1677,-0.0833,-0.2511,HOLDING
2014-10-08,13,GE,UPS,102.2447,64.8432,0.8191,-1.3368,1,-0.0237,-0.0833,-0.107,HOLDING
2014-10-09,13,GE,UPS,100.3416,63.7795,0.8191,-1.5371,1,-0.2598,-0.0833,-0.3431,HOLDING
2014-10-10,13,GE,UPS,98.2764,63.2839,0.8191,-2.1349,1,-0.8948,-0.0833,-0.9781,HOLDING
2014-10-13,13,GE,UPS,96.9806,62.5505,0.8191,-1.9854,1,-1.0503,-0.0833,-1.1336,HOLDING
2014-10-14,13,GE,UPS,97.588,63.2971,0.8191,-1.8747,1,-1.2089,-0.0833,-1.2923,HOLDING
2014-10-15,13,GE,UPS,98.3169,63.7266,0.8191,-1.5563,1,-1.1312,-0.0833,-1.2145,HOLDING
2014-10-16,13,GE,UPS,98.1954,63.1848,0.8191,-1.1444,1,-0.8738,-0.0833,-0.9572,HOLDING
2014-10-17,13,GE,UPS,100.5035,64.2618,0.8191,-0.607,1,-0.4649,-0.0833,-0.5483,HOLDING
2014-10-20,13,GE,UPS,101.3538,64.8036,0.8191,-0.4531,1,-0.3977,-0.0833,-0.481,HOLDING
2014-10-21,13,GE,UPS,103.0546,66.5677,0.8191,-0.6792,1,-0.6543,-0.0833,-0.7376,HOLDING
2014-10-22,13,GE,UPS,102.0017,65.4511,0.8191,-0.3828,1,-0.4813,-0.0833,-0.5646,HOLDING
2014-10-23,13,GE,UPS,103.0141,66.3893,0.8191,-0.4248,1,-0.5698,-0.0833,-0.6531,HOLDING
2014-10-24,13,GE,UPS,103.824,66.462,0.8191,0.2166,1,-0.2508,-0.0833,-0.3342,HOLDING
2014-10-27,13,GE,UPS,103.338,67.5588,0.8191,-1.2297,1,-1.0978,-0.0833,-1.1811,HOLDING
2014-10-28,13,GE,UPS,104.7958,67.9883,0.8191,-0.3592,1,-0.6954,-0.0833,-0.7787,HOLDING
2014-10-29,13,GE,UPS,103.9049,67.8032,0.8191,-0.9225,1,-0.9858,-0.0833,-1.0692,HOLDING
2014-10-30,13,GE,UPS,103.9454,68.2459,0.8191,-1.3425,1,-1.2223,-0.0833,-1.3056,HOLDING
2014-10-31,13,GE,UPS,104.5123,69.3163,0.8191,-1.8981,1,-1.5851,-0.0833,-1.6684,HOLDING
2014-11-03,13,GE,UPS,104.0669,69.7986,0.8191,-2.3752,1,-2.0608,-0.0833,-2.1441,HOLDING
2014-11-04,13,GE,UPS,104.0669,70.7501,0.8191,-2.6155,1,-2.6077,-0.0833,-2.691,HOLDING
2014-11-05,13,GE,UPS,104.5528,71.054,0.8191,-2.1446,1,-2.566,-0.0833,-2.6493,HOLDING
2014-11-06,13,GE,UPS,106.7394,71.5495,0.8191,-0.9878,1,-1.877,-0.0833,-1.9603,HOLDING
2014-11-07,13,GE,UPS,106.9419,71.576,0.8191,-0.8032,1,-1.802,-0.0833,-1.8853,HOLDING
2014-11-10,13,GE,UPS,107.1849,72.0517,0.8191,-0.9451,1,-1.9672,-0.0833,-2.0506,HOLDING
2014-11-11,13,GE,UPS,106.8204,71.8601,0.8191,-0.9576,1,-2.0194,-0.0833,-2.1028,HOLDING
2014-11-12,13,GE,UPS,107.3873,71.7676,0.8191,-0.5008,1,-1.7138,-0.0833,-1.7971,HOLDING
2014-11-13,13,GE,UPS,106.9824,71.6612,0.8191,-0.6104,1,-1.8329,-0.0833,-1.9163,HOLDING
2014-11-14,13,GE,UPS,107.1443,71.023,0.8191,0.033,1,-1.3939,-0.0833,-1.4773,HOLDING
2014-11-17,13,GE,UPS,107.7518,70.7836,0.8191,0.6757,1,-0.9858,-0.0833,-1.0691,HOLDING
2014-11-18,13,GE,UPS,109.3715,70.4911,0.8191,1.8139,1,-0.0962,-0.0833,-0.1795,HOLDING
2014-11-19,13,GE,UPS,109.007,70.2318,0.8191,1.6885,1,-0.1095,-0.0833,-0.1928,HOLDING
2014-11-20,13,GE,UPS,108.7236,70.9432,0.8191,0.9962,1,-0.6447,-0.0833,-0.728,HOLDING
2014-11-21,13,GE,UPS,109.2905,71.3687,0.8191,1.0704,1,-0.6368,-0.0833,-0.7201,HOLDING
2014-11-24,13,GE,UPS,109.331,71.3089,0.8191,1.0683,1,-0.5843,-0.0833,-0.6677,HOLDING
2014-11-25,13,GE,UPS,108.7641,71.2158,0.8191,0.8079,1,-0.7833,-0.0833,-0.8667,HOLDING
2014-11-26,13,GE,UPS,108.8046,71.1227,0.8191,0.865,1,-0.7118,-0.0833,-0.7951,HOLDING
2014-11-28,13,GE,UPS,107.2658,73.0773,0.8191,-1.3003,1,-2.5208,-0.0833,-2.6041,HOLDING
2014-12-01,13,GE,UPS,105.3627,72.9909,0.8191,-1.9693,1,-3.3188,-0.0833,-3.4021,HOLDING
2014-12-02,13,GE,UPS,105.4841,73.403,0.8191,-1.8874,1,-3.5016,-0.0833,-3.5849,HOLDING
2014-12-03,13,GE,UPS,106.8204,73.7288,0.8191,-1.3995,1,-3.0937,-0.0833,-3.177,HOLDING
2014-12-04,13,GE,UPS,105.6461,73.4164,0.8191,-1.6321,1,-3.4371,-0.0833,-3.5204,HOLDING
2014-12-05,13,GE,UPS,105.3222,73.782,0.8191,-1.7109,1,-3.7916,-0.0833,-3.8749,HOLDING
2014-12-08,13,GE,UPS,104.0264,73.2701,0.8191,-1.7268,1,-4.0744,-0.0833,-4.1578,HOLDING
2014-12-09,13,GE,UPS,103.581,73.1504,0.8191,-1.6185,1,-4.204,-0.0833,-4.2874,HOLDING
2014-12-10,13,GE,UPS,102.3257,73.1704,0.8191,-1.7727,1,-4.7746,-0.0833,-4.8579,HOLDING
2014-12-11,13,GE,UPS,102.8926,73.5493,0.8191,-1.5261,1,-4.7399,-0.0833,-4.8233,HOLDING
2014-12-12,13,GE,UPS,100.787,73.1305,0.8191,-1.7272,1,-5.437,-0.0833,-5.5203,HOLDING
2014-12-15,13,GE,UPS,99.5722,73.6291,0.8191,-1.8732,1,-6.2647,-0.0833,-6.348,HOLDING
2014-12-16,13,GE,UPS,99.1672,73.0174,0.8191,-1.5843,1,-6.0935,-0.0833,-6.1768,HOLDING
2014-12-17,13,GE,UPS,99.8557,72.1665,0.8191,-1.0936,1,-5.2976,-0.0833,-5.381,HOLDING
2014-12-18,13,GE,UPS,102.7577,73.7488,0.8191,-0.7559,1,-4.9147,-0.0833,-4.998,HOLDING
2014-12-19,13,GE,UPS,104.7197,73.7687,0.8191,-0.214,1,-4.0523,-0.0833,-4.1356,HOLDING
2014-12-22,13,GE,UPS,105.0875,74.4601,0.8191,-0.2442,1,-4.2859,-0.0833,-4.3693,HOLDING
2014-12-23,13,GE,UPS,105.7824,74.7593,0.8191,-0.0514,1,-4.1484,-0.0833,-4.2317,HOLDING
2014-12-24,13,GE,UPS,105.578,74.7327,0.8191,0.0082,1,-4.2242,-0.0833,-4.3075,HOLDING
2014-12-26,13,GE,UPS,105.3736,74.4136,0.8191,0.2486,1,-4.1317,-0.0833,-4.2151,HOLDING
2014-12-29,13,GE,UPS,105.0467,74.7593,0.8191,0.0166,1,-4.4761,-0.0833,-4.5594,HOLDING
2014-12-30,13,GE,UPS,104.5153,74.5532,0.8191,-0.0667,1,-4.5943,-0.0833,-4.6776,HOLDING
2014-12-31,13,GE,UPS,103.2891,73.9083,0.8191,-0.2583,1,-4.7697,-0.0833,-4.8531,HOLDING
2015-01-02,13,GE,UPS,102.4307,73.3831,0.8191,-0.3197,1,-4.8501,-0.0833,-4.9335,HOLDING
2015-01-05,13,GE,UPS,100.5505,71.9138,0.8191,-0.3649,1,-4.8429,-0.0833,-4.9263,HOLDING
2015-01-06,13,GE,UPS,98.3842,71.4418,0.8191,-1.3124,1,-5.5365,-0.0833,-5.6198,HOLDING
2015-01-07,13,GE,UPS,98.4251,72.1066,0.8191,-1.5754,1,-5.9004,-0.0833,-5.9838,HOLDING
2015-01-08,13,GE,UPS,99.6104,73.403,0.8191,-1.536,1,-6.1178,-0.0833,-6.2011,HOLDING
2015-01-09,13,GE,UPS,98.2207,72.8645,0.8191,-1.7426,1,-6.4272,-0.0833,-6.5105,HOLDING
2015-01-12,13,GE,UPS,98.0163,72.8911,0.8191,-1.6326,1,-6.5335,-0.0833,-6.6168,HOLDING
2015-01-13,13,GE,UPS,97.5258,73.2036,0.8191,-1.8016,1,-6.9316,-0.0833,-7.0149,HOLDING
2015-01-14,13,GE,UPS,97.1988,72.7116,0.8191,-1.5963,1,-6.7944,-0.0833,-6.8777,HOLDING
2015-01-15,13,GE,UPS,96.3813,72.6584,0.8191,-1.758,1,-7.1279,-0.0833,-7.2113,HOLDING
2015-01-16,13,GE,UPS,96.4222,73.3299,0.8191,-1.7745,1,-7.4957,-0.0833,-7.5791,HOLDING
2015-01-20,13,GE,UPS,97.4849,74.0014,0.8191,-1.4537,1,-7.4084,-0.0833,-7.4917,HOLDING
2015-01-21,13,GE,UPS,98.2615,74.2474,0.8191,-1.1485,1,-7.2039,-0.0833,-7.2872,HOLDING
2015-01-22,13,GE,UPS,99.2425,75.956,0.8191,-1.3125,1,-7.7492,-0.0833,-7.8325,HOLDING
2015-01-23,13,GE,UPS,100.06,68.4302,0.8191,1.8622,1,-3.0588,-0.0833,-3.1421,HOLDING
2015-01-26,13,GE,UPS,100.5096,68.0446,0.8191,1.9664,1,-2.6368,-0.0833,-2.7202,HOLDING
2015-01-27,13,GE,UPS,99.6513,67.0473,0.8191,1.8895,1,-2.4459,-0.0833,-2.5292,HOLDING
2015-01-28,13,GE,UPS,97.444,66.0169,0.8191,1.4983,1,-2.8366,-0.0833,-2.9199,HOLDING
2015-01-29,13,GE,UPS,98.4251,66.7615,0.8191,1.4134,1,-2.8277,-0.0833,-2.911,HOLDING
2015-01-30,13,GE,UPS,97.6484,65.711,0.8191,1.4179,1,-2.5697,-0.0833,-2.6531,HOLDING
2015-02-02,13,GE,UPS,98.9564,66.5687,0.8191,1.3581,1,-2.4802,-0.0833,-2.5635,HOLDING
2015-02-03,13,GE,UPS,100.0191,66.8612,0.8191,1.3844,1,-2.175,-0.0833,-2.2583,HOLDING
2015-02-04,13,GE,UPS,98.752,66.8346,0.8191,1.0102,1,-2.7241,-0.0833,-2.8074,HOLDING
2015-02-05,13,GE,UPS,100.1418,67.4529,0.8191,1.0447,1,-2.4605,-0.0833,-2.5439,HOLDING
2015-02-06,13,GE,UPS,100.2235,66.9277,0.8191,1.0837,1,-2.1222,-0.0833,-2.2055,HOLDING
2015-02-09,13,GE,UPS,100.714,66.7881,0.8191,1.1013,1,-1.8235,-0.0833,-1.9068,HOLDING
2015-02-10,13,GE,UPS,101.041,67.2003,0.8191,0.963,1,-1.9148,-0.0833,-1.9981,HOLDING
2015-02-11,13,GE,UPS,101.2454,67.0872,0.8191,0.936,1,-1.7588,-0.0833,-1.8421,HOLDING
2015-02-12,13,GE,UPS,101.7358,67.4197,0.8191,0.8632,1,-1.7314,-0.0833,-1.8148,HOLDING
2015-02-13,13,GE,UPS,102.7986,67.6723,0.8191,0.9349,1,-1.4033,-0.0833,-1.4866,HOLDING
2015-02-17,13,GE,UPS,102.8803,68.1509,0.8191,0.7594,1,-1.6421,-0.0833,-1.7254,HOLDING
2015-02-18,13,GE,UPS,103.2073,68.2241,0.8191,0.7695,1,-1.5385,-0.0833,-1.6218,HOLDING
2015-02-19,13,GE,UPS,103.166,68.0969,0.8191,0.7912,1,-1.4837,-0.0833,-1.567,HOLDING
2015-02-20,13,GE,UPS,103.9911,68.271,0.8191,1.6779,1,-1.2163,-0.0833,-1.2997,HOLDING
2015-02-23,13,GE,UPS,103.826,68.1437,0.8191,1.5176,1,-1.2167,-0.0833,-1.3,HOLDING
2015-02-24,13,GE,UPS,104.7336,68.512,0.8191,1.6326,1,-1.0242,-0.0833,-1.1075,HOLDING
2015-02-25,13,GE,UPS,106.8786,68.271,0.8191,2.5806,1,0.0698,-0.0833,-0.0136,HOLDING
2015-02-26,13,GE,UPS,106.7961,68.204,0.8191,2.1731,1,0.0715,-0.0833,-0.0118,HOLDING
2015-02-27,13,GE,UPS,107.2086,68.117,0.8191,2.0871,1,0.3053,-0.0833,0.2219,HOLDING
2015-03-02,13,GE,UPS,107.7036,68.2509,0.8191,1.9284,1,0.4488,-0.0833,0.3654,HOLDING
2015-03-03,13,GE,UPS,106.6723,67.9629,0.8191,1.4565,1,0.155,-0.0833,0.0716,HOLDING
2015-03-04,13,GE,UPS,105.8473,67.2398,0.8191,1.3448,1,0.2032,-0.0833,0.1199,HOLDING
2015-03-05,13,GE,UPS,106.5073,67.4407,0.8191,1.3944,1,0.3817,-0.0833,0.2984,HOLDING
2015-03-06,13,GE,UPS,104.8573,67.3737,0.8191,0.6163,1,-0.3147,-0.0833,-0.398,HOLDING
2015-03-09,13,GE,UPS,105.7648,67.3268,0.8191,0.9836,1,0.0,-0.0527,-0.0527,PERIOD_END_EXIT
2014-09-08,14,PCG,PPL,42.1784,18.8681,0.9493,0.0,0,0.0,0.0,0.0,HOLD_CASH
2014-09-09,14,PCG,PPL,41.6993,18.6553,0.9493,0.0,0,0.0,0.0,0.0,HOLD_CASH
2014-09-10,14,PCG,PPL,41.5307,18.4594,0.9493,0.0,0,0.0,0.0,0.0,HOLD_CASH
2014-09-11,14,PCG,PPL,42.0187,18.5769,0.9493,0.0,0,0.0,0.0,0.0,HOLD_CASH
2014-09-12,14,PCG,PPL,41.1492,18.269,0.9493,0.0,0,0.0,0.0,0.0,HOLD_CASH
2014-09-15,14,PCG,PPL,41.1137,18.2746,0.9493,0.0,0,0.0,0.0,0.0,HOLD_CASH
2014-09-16,14,PCG,PPL,40.7766,18.7561,0.9493,0.0,0,0.0,0.0,0.0,HOLD_CASH
2014-09-17,14,PCG,PPL,40.9452,18.7337,0.9493,0.0,0,0.0,0.0,0.0,HOLD_CASH
2014-09-18,14,PCG,PPL,40.7234,18.6329,0.9493,0.0,0,0.0,0.0,0.0,HOLD_CASH
2014-09-19,14,PCG,PPL,40.6701,18.8345,0.9493,0.0,0,0.0,0.0,0.0,HOLD_CASH
2014-09-22,14,PCG,PPL,40.0934,18.6553,0.9493,0.0,0,0.0,0.0,0.0,HOLD_CASH
2014-09-23,14,PCG,PPL,40.1999,18.5377,0.9493,0.0,0,0.0,0.0,0.0,HOLD_CASH
2014-09-24,14,PCG,PPL,40.1378,18.353,0.9493,0.0,0,0.0,0.0,0.0,HOLD_CASH
2014-09-25,14,PCG,PPL,39.641,18.3754,0.9493,0.0,0,0.0,0.0,0.0,HOLD_CASH
2014-09-26,14,PCG,PPL,39.7261,18.3194,0.9493,0.0,0,0.0,0.0,0.0,HOLD_CASH
2014-09-29,14,PCG,PPL,40.2012,18.4426,0.9493,0.0,0,0.0,0.0,0.0,HOLD_CASH
2014-09-30,14,PCG,PPL,40.3715,18.3866,0.9493,0.0,0,0.0,0.0,0.0,HOLD_CASH
2014-10-01,14,PCG,PPL,40.5059,18.5321,0.9493,0.0,0,0.0,0.0,0.0,HOLD_CASH
2014-10-02,14,PCG,PPL,40.4163,18.5601,0.9493,0.0,0,0.0,0.0,0.0,HOLD_CASH
2014-10-03,14,PCG,PPL,40.7838,18.7449,0.9493,-0.5488,0,0.0,0.0,0.0,HOLD_CASH
2014-10-06,14,PCG,PPL,40.5687,18.7393,0.9493,-0.7721,0,0.0,0.0,0.0,HOLD_CASH
2014-10-07,14,PCG,PPL,39.7799,18.8009,0.9493,-1.8942,0,0.0,0.0,0.0,HOLD_CASH
2014-10-08,14,PCG,PPL,40.3356,19.1872,0.9493,-1.9473,0,0.0,0.0,0.0,HOLD_CASH
2014-10-09,14,PCG,PPL,39.9054,18.8681,0.9493,-1.5665,0,0.0,0.0,0.0,HOLD_CASH
2014-10-10,14,PCG,PPL,40.488,18.9129,0.9493,-0.773,0,0.0,0.0,0.0,HOLD_CASH
2014-10-13,14,PCG,PPL,40.6673,18.8345,0.9493,-0.0791,0,0.0,0.0,0.0,HOLD_CASH
2014-10-14,14,PCG,PPL,41.1244,18.8065,0.9493,0.9487,0,0.0,0.0,0.0,HOLD_CASH
2014-10-15,14,PCG,PPL,40.99,18.1906,0.9493,2.5892,-1,0.0,-0.0833,-0.0833,ENTER_SHORT_A
2014-10-16,14,PCG,PPL,40.0488,18.5041,0.9493,-0.0478,-1,1.6811,-0.0833,1.5977,HOLDING
2014-10-17,14,PCG,PPL,40.0667,18.6721,0.9493,-0.5758,-1,2.0371,-0.0833,1.9538,HOLDING
2014-10-20,14,PCG,PPL,40.6852,19.0024,0.9493,-0.6526,-1,2.129,-0.0833,2.0457,HOLDING
2014-10-21,14,PCG,PPL,40.7748,19.0024,0.9493,-0.4702,-1,2.0355,-0.0833,1.9522,HOLDING
2014-10-22,14,PCG,PPL,41.4561,19.2376,0.9493,-0.102,-1,1.8497,-0.0833,1.7663,HOLDING
2014-10-23,14,PCG,PPL,41.4023,19.232,0.9493,-0.1721,-1,1.8933,-0.0833,1.8099,HOLDING
2014-10-24,14,PCG,PPL,42.2807,19.3328,0.9493,0.861,-1,1.2019,-0.0833,1.1186,HOLDING
2014-10-27,14,PCG,PPL,41.7429,19.4112,0.9493,-0.2112,-1,1.9378,-0.0833,1.8544,HOLDING
2014-10-28,14,PCG,PPL,42.5944,19.5007,0.9493,0.8612,-1,1.2495,-0.0833,1.1661,HOLDING
2014-10-29,14,PCG,PPL,43.4818,19.3216,0.9493,2.3247,-1,-0.0757,-0.0833,-0.159,HOLDING
2014-10-30,14,PCG,PPL,44.6829,19.4951,0.9493,2.5837,-1,-0.9412,-0.0833,-1.0245,HOLDING
2014-10-31,14,PCG,PPL,45.1042,19.5903,0.9493,2.2592,-1,-1.1682,-0.0833,-1.2515,HOLDING
2014-11-03,14,PCG,PPL,45.6599,19.6743,0.9493,2.1154,-1,-1.5605,-0.0833,-1.6438,HOLDING
2014-11-04,14,PCG,PPL,45.4269,19.5623,0.9493,1.8321,-1,-1.5672,-0.0833,-1.6505,HOLDING
2014-11-05,14,PCG,PPL,45.0863,20.3742,0.9493,0.3203,-1,0.5992,-0.0833,0.5159,HOLDING
2014-11-06,14,PCG,PPL,44.2258,20.1502,0.9493,-0.035,-1,0.997,-0.0833,0.9137,HOLDING
2014-11-07,14,PCG,PPL,45.1311,20.4413,0.9493,0.1375,-1,0.7023,-0.0833,0.619,HOLDING
2014-11-10,14,PCG,PPL,45.5076,20.5925,0.9493,0.1372,-1,0.647,-0.0833,0.5636,HOLDING
2014-11-11,14,PCG,PPL,45.3104,20.4749,0.9493,0.1479,-1,0.5903,-0.0833,0.507,HOLDING
2014-11-12,14,PCG,PPL,44.9428,20.0774,0.9493,0.5299,-1,0.0868,-0.0833,0.0034,HOLDING
2014-11-13,14,PCG,PPL,44.6112,19.9934,0.9493,0.3493,-1,0.2453,-0.0833,0.162,HOLDING
2014-11-14,14,PCG,PPL,44.5037,19.8423,0.9493,0.455,-1,0.0202,-0.0833,-0.0631,HOLDING
2014-11-17,14,PCG,PPL,45.3373,19.9542,0.9493,0.8723,-1,-0.5994,-0.0833,-0.6827,HOLDING
2014-11-18,14,PCG,PPL,45.1938,19.943,0.9493,0.6902,-1,-0.4748,-0.0833,-0.5581,HOLDING
2014-11-19,14,PCG,PPL,44.9697,19.8143,0.9493,0.6623,-1,-0.5284,-0.0833,-0.6117,HOLDING
2014-11-20,14,PCG,PPL,45.0056,19.7415,0.9493,0.7768,-1,-0.7281,-0.0833,-0.8115,HOLDING
2014-11-21,14,PCG,PPL,44.8801,19.8815,0.9493,0.2602,-1,-0.285,-0.0833,-0.3683,HOLDING
2014-11-24,14,PCG,PPL,44.1182,19.6799,0.9493,-0.2467,-1,0.06,-0.0833,-0.0234,HOLDING
2014-11-25,14,PCG,PPL,44.172,19.7079,0.9493,-0.3616,-1,0.0663,-0.0833,-0.017,HOLDING
2014-11-26,14,PCG,PPL,44.7636,19.7303,0.9493,0.3788,-1,-0.5007,-0.0833,-0.584,HOLDING
2014-11-28,14,PCG,PPL,45.2655,19.8926,0.9493,0.6203,-1,-0.662,-0.0833,-0.7453,HOLDING
2014-12-01,14,PCG,PPL,45.3731,19.9318,0.9493,0.7115,-1,-0.6867,-0.0833,-0.7701,HOLDING
2014-12-02,14,PCG,PPL,46.1888,20.0886,0.9493,1.5016,-1,-1.1877,-0.0833,-1.271,HOLDING
2014-12-03,14,PCG,PPL,45.7137,20.0998,0.9493,0.9116,-1,-0.6672,-0.0833,-0.7506,HOLDING
2014-12-04,14,PCG,PPL,45.7944,19.9486,0.9493,1.441,-1,-1.0886,-0.0833,-1.172,HOLDING
2014-12-05,14,PCG,PPL,45.6689,19.7359,0.9493,1.8422,-1,-1.4324,-0.0833,-1.5158,HOLDING
2014-12-08,14,PCG,PPL,46.5384,19.93,0.9493,2.2088,-1,-1.9062,-0.0833,-1.9895,HOLDING
2014-12-09,14,PCG,PPL,46.4667,20.0545,0.9493,1.5238,-1,-1.5537,-0.0833,-1.637,HOLDING
2014-12-10,14,PCG,PPL,46.4756,19.7942,0.9493,2.1327,-1,-2.1437,-0.0833,-2.2271,HOLDING
2014-12-11,14,PCG,PPL,47.4437,19.9866,0.9493,2.3597,-1,-2.7242,-0.0833,-2.8075,HOLDING
2014-12-12,14,PCG,PPL,46.6728,19.8168,0.9493,1.6528,-1,-2.2989,-0.0833,-2.3822,HOLDING
2014-12-15,14,PCG,PPL,46.9148,19.4773,0.9493,2.362,-1,-3.3088,-0.0833,-3.3921,HOLDING
2014-12-16,14,PCG,PPL,46.5563,19.3528,0.9493,1.9238,-1,-3.2126,-0.0833,-3.2959,HOLDING
2014-12-17,14,PCG,PPL,47.2644,19.715,0.9493,1.5842,-1,-3.1431,-0.0833,-3.2265,HOLDING
2014-12-18,14,PCG,PPL,47.9098,20.2921,0.9493,0.889,-1,-2.5285,-0.0833,-2.6119,HOLDING
2014-12-19,14,PCG,PPL,47.5602,20.377,0.9493,0.3488,-1,-1.9746,-0.0833,-2.0579,HOLDING
2014-12-22,14,PCG,PPL,47.7036,20.3827,0.9493,0.401,-1,-2.1115,-0.0833,-2.1949,HOLDING
2014-12-23,14,PCG,PPL,47.7484,20.592,0.9493,-0.0844,-1,-1.6912,-0.0833,-1.7745,HOLDING
2014-12-24,14,PCG,PPL,48.8151,20.9316,0.9493,0.1479,-1,-2.0462,-0.0833,-2.1295,HOLDING
2014-12-26,14,PCG,PPL,49.1736,21.1296,0.9493,-0.0208,-1,-1.9783,-0.0833,-2.0616,HOLDING
2014-12-29,14,PCG,PPL,49.6933,21.4692,0.9493,-0.375,-1,-1.7628,-0.0833,-1.8461,HOLDING
2014-12-30,14,PCG,PPL,49.0606,21.0617,0.9493,-0.1308,-1,-2.0119,-0.0833,-2.0952,HOLDING
2014-12-31,14,PCG,PPL,48.1207,20.5581,0.9493,0.052,-1,-2.1551,-0.0833,-2.2385,HOLDING
2015-01-02,14,PCG,PPL,48.211,20.5751,0.9493,0.0227,-1,-2.2115,-0.0833,-2.2948,HOLDING
2015-01-05,14,PCG,PPL,49.0245,20.0997,0.9493,2.5456,-1,-4.1203,-0.0833,-4.2037,HOLDING
2015-01-06,14,PCG,PPL,48.9522,20.0941,0.9493,2.0746,-1,-4.0576,-0.0833,-4.1409,HOLDING
2015-01-07,14,PCG,PPL,49.3408,20.1846,0.9493,1.9443,-1,-4.2609,-0.0833,-4.3443,HOLDING
2015-01-08,14,PCG,PPL,49.9645,20.1054,0.9493,2.3326,-1,-5.0881,-0.0833,-5.1714,HOLDING
2015-01-09,14,PCG,PPL,50.4616,20.0035,0.9493,2.4042,-1,-5.8338,-0.0833,-5.9171,HOLDING
2015-01-12,14,PCG,PPL,50.1001,19.9017,0.9493,1.9432,-1,-5.684,-0.0833,-5.7673,HOLDING
2015-01-13,14,PCG,PPL,51.0762,19.6923,0.9493,2.383,-1,-7.1692,-0.0833,-7.2525,HOLDING
2015-01-14,14,PCG,PPL,52.1066,19.93,0.9493,2.1679,-1,-7.7136,-0.0833,-7.7969,HOLDING
2015-01-15,14,PCG,PPL,52.0704,19.9866,0.9493,1.7868,-1,-7.5496,-0.0833,-7.633,HOLDING
2015-01-16,14,PCG,PPL,52.5676,19.9922,0.9493,1.7351,-1,-8.0555,-0.0833,-8.1388,HOLDING
2015-01-20,14,PCG,PPL,52.6941,20.1394,0.9493,1.4462,-1,-7.8592,-0.0833,-7.9425,HOLDING
2015-01-21,14,PCG,PPL,52.8477,20.3827,0.9493,1.1428,-1,-7.4766,-0.0833,-7.5599,HOLDING
2015-01-22,14,PCG,PPL,52.6037,20.2016,0.9493,1.1043,-1,-7.6261,-0.0833,-7.7094,HOLDING
2015-01-23,14,PCG,PPL,53.2093,20.2412,0.9493,1.1814,-1,-8.1692,-0.0833,-8.2526,HOLDING
2015-01-26,14,PCG,PPL,53.6883,20.2073,0.9493,1.2678,-1,-8.7446,-0.0833,-8.828,HOLDING
2015-01-27,14,PCG,PPL,53.6974,20.2016,0.9493,1.1662,-1,-8.7667,-0.0833,-8.85,HOLDING
2015-01-28,14,PCG,PPL,53.5889,20.0997,0.9493,1.1353,-1,-8.8808,-0.0833,-8.9641,HOLDING
2015-01-29,14,PCG,PPL,54.3662,20.3148,0.9493,1.1507,-1,-9.2118,-0.0833,-9.2951,HOLDING
2015-01-30,14,PCG,PPL,53.1551,20.0884,0.9493,0.8069,-1,-8.4536,-0.0833,-8.5369,HOLDING
2015-02-02,14,PCG,PPL,52.9924,20.3148,0.9493,0.3609,-1,-7.7789,-0.0833,-7.8622,HOLDING
2015-02-03,14,PCG,PPL,53.1912,20.5864,0.9493,-0.0227,-1,-7.3803,-0.0833,-7.4636,HOLDING
2015-02-04,14,PCG,PPL,52.3416,20.2638,0.9493,-0.1952,-1,-7.2138,-0.0833,-7.2971,HOLDING
2015-02-05,14,PCG,PPL,52.4772,20.5524,0.9493,-0.8924,-1,-6.7114,-0.0833,-6.7947,HOLDING
2015-02-06,14,PCG,PPL,50.6695,19.93,0.9493,-1.3984,-1,-6.2147,-0.0833,-6.2981,HOLDING
2015-02-09,14,PCG,PPL,50.4074,19.6074,0.9493,-0.9363,-1,-6.661,-0.0833,-6.7443,HOLDING
2015-02-10,14,PCG,PPL,51.3474,19.9753,0.9493,-1.0699,-1,-6.8207,-0.0833,-6.9041,HOLDING
2015-02-11,14,PCG,PPL,49.8922,19.6527,0.9493,-1.753,-1,-6.0226,-0.0833,-6.106,HOLDING
2015-02-12,14,PCG,PPL,49.8922,19.7206,0.9493,-1.7003,-1,-5.8712,-0.0833,-5.9545,HOLDING
2015-02-13,14,PCG,PPL,48.8618,19.6301,0.9493,-2.1681,-1,-4.9985,-0.0833,-5.0818,HOLDING
2015-02-17,14,PCG,PPL,49.1601,19.5622,0.9493,-1.4992,-1,-5.4611,-0.0833,-5.5444,HOLDING
2015-02-18,14,PCG,PPL,50.2085,20.0432,0.9493,-1.4123,-1,-5.4815,-0.0833,-5.5648,HOLDING
2015-02-19,14,PCG,PPL,49.7566,19.896,0.9493,-1.348,-1,-5.3384,-0.0833,-5.4217,HOLDING
2015-02-20,14,PCG,PPL,49.6933,19.7942,0.9493,-1.0836,-1,-5.4996,-0.0833,-5.583,HOLDING
2015-02-23,14,PCG,PPL,49.9464,19.9017,0.9493,-0.9824,-1,-5.5237,-0.0833,-5.6071,HOLDING
2015-02-24,14,PCG,PPL,49.847,19.947,0.9493,-1.0506,-1,-5.3191,-0.0833,-5.4024,HOLDING
2015-02-25,14,PCG,PPL,48.907,19.5905,0.9493,-1.0389,-1,-5.134,-0.0833,-5.2173,HOLDING
2015-02-26,14,PCG,PPL,48.7352,19.3981,0.9493,-0.715,-1,-5.3841,-0.0833,-5.4675,HOLDING
2015-02-27,14,PCG,PPL,48.5635,19.2962,0.9493,-0.5927,-1,-5.4323,-0.0833,-5.5156,HOLDING
2015-03-02,14,PCG,PPL,48.2653,18.9001,0.9493,0.3725,-1,-6.0049,-0.0833,-6.0882,HOLDING
2015-03-03,14,PCG,PPL,48.5455,18.9567,0.9493,0.7501,-1,-6.1709,-0.0833,-6.2542,HOLDING
2015-03-04,14,PCG,PPL,48.4731,18.8152,0.9493,1.2969,-1,-6.4111,-0.0833,-6.4944,HOLDING
2015-03-05,14,PCG,PPL,48.6539,18.9058,0.9493,1.3242,-1,-6.3976,-0.0833,-6.481,HOLDING
2015-03-06,14,PCG,PPL,47.1806,18.1635,0.9493,1.7948,-1,-6.517,-0.0833,-6.6003,HOLDING
2015-03-09,14,PCG,PPL,47.0631,18.1635,0.9493,1.4434,-1,0.0,-6.5674,-6.5674,PERIOD_END_EXIT
2014-09-08,15,ES,WEC,30.9512,31.1102,0.8046,0.0,0,0.0,0.0,0.0,HOLD_CASH
2014-09-09,15,ES,WEC,30.6106,30.6842,0.8046,0.0,0,0.0,0.0,0.0,HOLD_CASH
2014-09-10,15,ES,WEC,30.3701,30.7529,0.8046,0.0,0,0.0,0.0,0.0,HOLD_CASH
2014-09-11,15,ES,WEC,30.5742,31.0484,0.8046,0.0,0,0.0,0.0,0.0,HOLD_CASH
2014-09-12,15,ES,WEC,30.0285,30.3131,0.8046,0.0,0,0.0,0.0,0.0,HOLD_CASH
2014-09-15,15,ES,WEC,30.0622,30.5673,0.8046,0.0,0,0.0,0.0,0.0,HOLD_CASH
2014-09-16,15,ES,WEC,30.6955,30.7116,0.8046,0.0,0,0.0,0.0,0.0,HOLD_CASH
2014-09-17,15,ES,WEC,30.7359,30.7048,0.8046,0.0,0,0.0,0.0,0.0,HOLD_CASH
2014-09-18,15,ES,WEC,30.4934,30.2443,0.8046,0.0,0,0.0,0.0,0.0,HOLD_CASH
2014-09-19,15,ES,WEC,30.6214,30.3749,0.8046,0.0,0,0.0,0.0,0.0,HOLD_CASH
2014-09-22,15,ES,WEC,30.2576,30.1275,0.8046,0.0,0,0.0,0.0,0.0,HOLD_CASH
2014-09-23,15,ES,WEC,30.1094,29.9007,0.8046,0.0,0,0.0,0.0,0.0,HOLD_CASH
2014-09-24,15,ES,WEC,29.9948,29.7702,0.8046,0.0,0,0.0,0.0,0.0,HOLD_CASH
2014-09-25,15,ES,WEC,29.8264,29.4747,0.8046,0.0,0,0.0,0.0,0.0,HOLD_CASH
2014-09-26,15,ES,WEC,29.914,29.4266,0.8046,0.0,0,0.0,0.0,0.0,HOLD_CASH
2014-09-29,15,ES,WEC,29.8534,29.4609,0.8046,0.0,0,0.0,0.0,0.0,HOLD_CASH
2014-09-30,15,ES,WEC,29.8466,29.5503,0.8046,0.0,0,0.0,0.0,0.0,HOLD_CASH
2014-10-01,15,ES,WEC,30.2441,29.6877,0.8046,0.0,0,0.0,0.0,0.0,HOLD_CASH
2014-10-02,15,ES,WEC,30.3519,29.832,0.8046,0.0,0,0.0,0.0,0.0,HOLD_CASH
2014-10-03,15,ES,WEC,30.6888,30.1069,0.8046,1.6566,0,0.0,0.0,0.0,HOLD_CASH
2014-10-06,15,ES,WEC,30.6888,30.155,0.8046,1.3485,0,0.0,0.0,0.0,HOLD_CASH
2014-10-07,15,ES,WEC,30.864,30.4299,0.8046,1.0648,0,0.0,0.0,0.0,HOLD_CASH
2014-10-08,15,ES,WEC,31.4434,31.1721,0.8046,0.8968,0,0.0,0.0,0.0,HOLD_CASH
2014-10-09,15,ES,WEC,31.0593,30.8422,0.8046,0.4084,0,0.0,0.0,0.0,HOLD_CASH
2014-10-10,15,ES,WEC,31.3019,31.3095,0.8046,-0.2394,0,0.0,0.0,0.0,HOLD_CASH
2014-10-13,15,ES,WEC,31.5107,31.77,0.8046,-1.4681,0,0.0,0.0,0.0,HOLD_CASH
2014-10-14,15,ES,WEC,32.043,32.4847,0.8046,-1.6161,0,0.0,0.0,0.0,HOLD_CASH
2014-10-15,15,ES,WEC,32.043,32.8008,0.8046,-2.469,1,0.0,-0.0833,-0.0833,ENTER_LONG_A
2014-10-16,15,ES,WEC,31.6253,32.3816,0.8046,-2.3122,1,-0.1271,-0.0833,-0.2105,HOLDING
2014-10-17,15,ES,WEC,31.787,32.4297,0.8046,-1.5825,1,0.0514,-0.0833,-0.0319,HOLDING
2014-10-20,15,ES,WEC,32.3866,32.8695,0.8046,-0.6154,1,0.4173,-0.0833,0.334,HOLDING
2014-10-21,15,ES,WEC,32.2114,32.9588,0.8046,-1.3868,1,0.0637,-0.0833,-0.0197,HOLDING
2014-10-22,15,ES,WEC,32.3866,33.1169,0.8046,-1.1167,1,0.1371,-0.0833,0.0537,HOLDING
2014-10-23,15,ES,WEC,32.6157,33.2406,0.8046,-0.6246,1,0.3271,-0.0833,0.2438,HOLDING
2014-10-24,15,ES,WEC,32.737,33.4124,0.8046,-0.6073,1,0.3073,-0.0833,0.2239,HOLDING
2014-10-27,15,ES,WEC,32.6426,33.4605,0.8046,-0.9552,1,0.1168,-0.0833,0.0335,HOLDING
2014-10-28,15,ES,WEC,32.865,33.4468,0.8046,-0.1788,1,0.4528,-0.0833,0.3695,HOLDING
2014-10-29,15,ES,WEC,32.5752,33.1856,0.8046,-0.3821,1,0.3311,-0.0833,0.2478,HOLDING
2014-10-30,15,ES,WEC,33.249,34.0653,0.8046,-0.3758,1,0.3056,-0.0833,0.2223,HOLDING
2014-10-31,15,ES,WEC,33.249,34.1271,0.8046,-0.4687,1,0.2356,-0.0833,0.1523,HOLDING
2014-11-03,15,ES,WEC,33.4039,34.3058,0.8046,-0.3288,1,0.2565,-0.0833,0.1732,HOLDING
2014-11-04,15,ES,WEC,33.3568,33.9622,0.8046,0.8135,1,0.5778,-0.0833,0.4945,HOLDING
2014-11-05,15,ES,WEC,34.2461,34.6838,0.8046,2.3901,1,1.042,-0.0833,0.9587,HOLDING
2014-11-06,15,ES,WEC,33.35,33.8385,0.8046,1.3772,1,0.7082,-0.0833,0.6248,HOLDING
2014-11-07,15,ES,WEC,34.1585,33.8522,0.8046,3.3692,1,1.8578,-0.0833,1.7744,HOLDING
2014-11-10,15,ES,WEC,34.1788,34.1958,0.8046,2.0951,1,1.4977,-0.0833,1.4143,HOLDING
2014-11-11,15,ES,WEC,34.0507,34.1752,0.8046,1.5648,1,1.3365,-0.0833,1.2532,HOLDING
2014-11-12,15,ES,WEC,33.3433,33.4272,0.8046,1.1516,1,1.1644,-0.0833,1.0811,HOLDING
2014-11-13,15,ES,WEC,33.1951,32.97,0.8046,1.5516,1,1.4686,-0.0833,1.3853,HOLDING
2014-11-14,15,ES,WEC,32.8784,33.1224,0.8046,0.3347,1,0.8396,-0.0833,0.7563,HOLDING
2014-11-17,15,ES,WEC,33.3096,33.6834,0.8046,0.2549,1,0.8256,-0.0833,0.7422,HOLDING
2014-11-18,15,ES,WEC,33.5387,33.8012,0.8046,0.5448,1,1.0223,-0.0833,0.939,HOLDING
2014-11-19,15,ES,WEC,33.6465,33.6973,0.8046,0.9713,1,1.2953,-0.0833,1.212,HOLDING
2014-11-20,15,ES,WEC,33.66,33.6419,0.8046,1.0243,1,1.3775,-0.0833,1.2942,HOLDING
2014-11-21,15,ES,WEC,33.9295,33.6765,0.8046,1.4999,1,1.7267,-0.0833,1.6433,HOLDING
2014-11-24,15,ES,WEC,33.6937,33.4341,0.8046,1.276,1,1.6614,-0.0833,1.5781,HOLDING
2014-11-25,15,ES,WEC,33.3568,33.3856,0.8046,0.3955,1,1.2309,-0.0833,1.1476,HOLDING
2014-11-26,15,ES,WEC,33.4444,33.5795,0.8046,0.1309,1,1.1374,-0.0833,1.0541,HOLDING
2014-11-28,15,ES,WEC,34.1181,34.2168,0.8046,0.5365,1,1.3865,-0.0833,1.3032,HOLDING
2014-12-01,15,ES,WEC,34.1518,34.4107,0.8046,0.0547,1,1.2154,-0.0833,1.1321,HOLDING
2014-12-02,15,ES,WEC,34.4954,34.5215,0.8046,0.9213,1,1.5851,-0.0833,1.5017,HOLDING
2014-12-03,15,ES,WEC,34.5089,34.5839,0.8046,0.7056,1,1.5339,-0.0833,1.4505,HOLDING
2014-12-04,15,ES,WEC,34.738,34.8402,0.8046,0.7325,1,1.5737,-0.0833,1.4904,HOLDING
2014-12-05,15,ES,WEC,34.583,34.7293,0.8046,0.3496,1,1.4759,-0.0833,1.3926,HOLDING
2014-12-08,15,ES,WEC,35.0007,35.235,0.8046,0.5346,1,1.5051,-0.0833,1.4218,HOLDING
2014-12-09,15,ES,WEC,35.1961,35.2904,0.8046,1.2886,1,1.7239,-0.0833,1.6406,HOLDING
2014-12-10,15,ES,WEC,34.7986,35.2696,0.8046,-0.7201,1,1.1746,-0.0833,1.0913,HOLDING
2014-12-11,15,ES,WEC,35.0858,35.4913,0.8046,-0.1561,1,1.3374,-0.0833,1.2541,HOLDING
2014-12-12,15,ES,WEC,34.7192,34.8956,0.8046,0.4385,1,1.4838,-0.0833,1.4005,HOLDING
2014-12-15,15,ES,WEC,34.4408,34.7293,0.8046,-0.4834,1,1.271,-0.0833,1.1877,HOLDING
2014-12-16,15,ES,WEC,34.6037,34.7986,0.8046,0.0558,1,1.4273,-0.0833,1.344,HOLDING
2014-12-17,15,ES,WEC,35.1944,35.4566,0.8046,0.4456,1,1.5332,-0.0833,1.4498,HOLDING
2014-12-18,15,ES,WEC,35.8937,35.9969,0.8046,2.1031,1,1.9289,-0.0833,1.8456,HOLDING
2014-12-19,15,ES,WEC,35.7782,36.2393,0.8046,-0.0402,1,1.488,-0.0833,1.4047,HOLDING
2014-12-22,15,ES,WEC,36.0226,36.2185,0.8046,1.6978,1,1.8638,-0.0833,1.7804,HOLDING
2014-12-23,15,ES,WEC,36.4911,36.3501,0.8046,2.95,1,2.3898,-0.0833,2.3065,HOLDING
2014-12-24,15,ES,WEC,37.3533,37.0982,0.8046,2.9259,1,2.785,-0.0833,2.7016,HOLDING
2014-12-26,15,ES,WEC,37.7946,37.7839,0.8046,2.1099,1,2.6442,-0.0833,2.5609,HOLDING
2014-12-29,15,ES,WEC,38.1205,38.2549,0.8046,1.6848,1,2.5803,-0.0833,2.497,HOLDING
2014-12-30,15,ES,WEC,37.1157,37.2021,0.8046,1.0957,1,2.3248,-0.0833,2.2415,HOLDING
2014-12-31,15,ES,WEC,36.335,36.5302,0.8046,0.329,1,1.9608,-0.0833,1.8774,HOLDING
2015-01-02,15,ES,WEC,36.4843,36.8419,0.8046,-0.0007,1,1.8229,-0.0833,1.7396,HOLDING
2015-01-05,15,ES,WEC,36.1584,36.3917,0.8046,0.0746,1,1.8633,-0.0833,1.78,HOLDING
2015-01-06,15,ES,WEC,36.1788,36.4887,0.8046,-0.1345,1,1.7828,-0.0833,1.6995,HOLDING
2015-01-07,15,ES,WEC,36.7083,36.9389,0.8046,0.3452,1,2.036,-0.0833,1.9526,HOLDING
2015-01-08,15,ES,WEC,36.7695,37.3475,0.8046,-0.4693,1,1.6611,-0.0833,1.5778,HOLDING
2015-01-09,15,ES,WEC,36.3078,37.1397,0.8046,-1.4186,1,1.2312,-0.0833,1.1478,HOLDING
2015-01-12,15,ES,WEC,36.206,37.0289,0.8046,-1.4198,1,1.2099,-0.0833,1.1266,HOLDING
2015-01-13,15,ES,WEC,36.4436,37.209,0.8046,-1.0846,1,1.3484,-0.0833,1.2651,HOLDING
2015-01-14,15,ES,WEC,36.7627,37.6523,0.8046,-1.1778,1,1.3061,-0.0833,1.2228,HOLDING
2015-01-15,15,ES,WEC,37.4008,38.1302,0.8046,-0.4216,1,1.6844,-0.0833,1.6011,HOLDING
2015-01-16,15,ES,WEC,37.7131,38.6913,0.8046,-0.7999,1,1.499,-0.0833,1.4156,HOLDING
2015-01-20,15,ES,WEC,37.5841,38.622,0.8046,-0.9403,1,1.3915,-0.0833,1.3082,HOLDING
2015-01-21,15,ES,WEC,37.8557,39.0999,0.8046,-1.1802,1,1.2415,-0.0833,1.1582,HOLDING
2015-01-22,15,ES,WEC,37.7199,39.2108,0.8046,-1.5892,1,0.9203,-0.0833,0.837,HOLDING
2015-01-23,15,ES,WEC,37.91,39.4463,0.8046,-1.4055,1,0.9275,-0.0833,0.8442,HOLDING
2015-01-26,15,ES,WEC,37.8828,39.4947,0.8046,-1.4757,1,0.8334,-0.0833,0.7501,HOLDING
2015-01-27,15,ES,WEC,37.8896,39.5432,0.8046,-1.4634,1,0.7883,-0.0833,0.7049,HOLDING
2015-01-28,15,ES,WEC,37.7878,39.3354,0.8046,-1.2389,1,0.8769,-0.0833,0.7935,HOLDING
2015-01-29,15,ES,WEC,38.2902,39.8064,0.8046,-0.7389,1,1.0674,-0.0833,0.9841,HOLDING
2015-01-30,15,ES,WEC,37.7335,38.6289,0.8046,0.6199,1,1.5989,-0.0833,1.5156,HOLDING
2015-02-02,15,ES,WEC,38.1205,38.9406,0.8046,1.1628,1,1.8035,-0.0833,1.7202,HOLDING
2015-02-03,15,ES,WEC,38.0458,38.7605,0.8046,1.4123,1,1.8999,-0.0833,1.8166,HOLDING
2015-02-04,15,ES,WEC,37.7539,38.3103,0.8046,1.5746,1,1.9892,-0.0833,1.9058,HOLDING
2015-02-05,15,ES,WEC,38.2087,38.8021,0.8046,1.7967,1,2.0876,-0.0833,2.0043,HOLDING
2015-02-06,15,ES,WEC,36.4639,37.0081,0.8046,0.6215,1,1.6053,-0.0833,1.5219,HOLDING
2015-02-09,15,ES,WEC,36.0838,36.4402,0.8046,0.8165,1,1.7007,-0.0833,1.6174,HOLDING
2015-02-10,15,ES,WEC,37.1225,37.2575,0.8046,1.8982,1,2.2719,-0.0833,2.1885,HOLDING
2015-02-11,15,ES,WEC,36.1924,36.1349,0.8046,1.5835,1,2.2031,-0.0833,2.1197,HOLDING
2015-02-12,15,ES,WEC,35.5067,36.491,0.8046,-1.3575,1,0.8116,-0.0833,0.7283,HOLDING
2015-02-13,15,ES,WEC,34.6377,35.5764,0.8046,-1.5972,1,0.5952,-0.0833,0.5119,HOLDING
2015-02-17,15,ES,WEC,34.7803,35.6113,0.8046,-1.1485,1,0.7611,-0.0833,0.6778,HOLDING
2015-02-18,15,ES,WEC,35.6696,36.4491,0.8046,-0.4841,1,1.0939,-0.0833,1.0105,HOLDING
2015-02-19,15,ES,WEC,35.6425,35.9325,0.8046,0.5078,1,1.6399,-0.0833,1.5566,HOLDING
2015-02-20,15,ES,WEC,35.6696,36.2536,0.8046,-0.1411,1,1.3153,-0.0833,1.232,HOLDING
2015-02-23,15,ES,WEC,35.7782,36.6794,0.8046,-0.7647,1,0.9894,-0.0833,0.9061,HOLDING
2015-02-24,15,ES,WEC,36.2127,36.6934,0.8046,0.3224,1,1.5998,-0.0833,1.5164,HOLDING
2015-02-25,15,ES,WEC,35.7172,36.0023,0.8046,0.4062,1,1.6685,-0.0833,1.5851,HOLDING
2015-02-26,15,ES,WEC,35.4763,35.4577,0.8046,0.8832,1,1.9381,-0.0833,1.8548,HOLDING
2015-02-27,15,ES,WEC,35.4147,35.5904,0.8046,0.3273,1,1.6991,-0.0833,1.6158,HOLDING
2015-03-02,15,ES,WEC,34.3882,34.983,0.8046,-1.2178,1,0.9077,-0.0833,0.8244,HOLDING
2015-03-03,15,ES,WEC,34.6277,35.374,0.8046,-1.2748,1,0.8101,-0.0833,0.7267,HOLDING
2015-03-04,15,ES,WEC,34.1623,34.8643,0.8046,-1.3029,1,0.7167,-0.0833,0.6334,HOLDING
2015-03-05,15,ES,WEC,34.5934,35.2413,0.8046,-0.8423,1,0.911,-0.0833,0.8277,HOLDING
2015-03-06,15,ES,WEC,33.3685,33.7892,0.8046,-0.9573,1,0.7905,-0.0833,0.7072,HOLDING
2015-03-09,15,ES,WEC,33.4369,33.9428,0.8046,-1.01,1,0.0,0.5452,0.5452,PERIOD_END_EXIT
2014-09-08,16,ES,XEL,30.9512,22.3459,0.809,0.0,0,0.0,0.0,0.0,HOLD_CASH
2014-09-09,16,ES,XEL,30.6106,22.0264,0.809,0.0,0,0.0,0.0,0.0,HOLD_CASH
2014-09-10,16,ES,XEL,30.3701,21.9223,0.809,0.0,0,0.0,0.0,0.0,HOLD_CASH
2014-09-11,16,ES,XEL,30.5742,22.1445,0.809,0.0,0,0.0,0.0,0.0,HOLD_CASH
2014-09-12,16,ES,XEL,30.0285,21.7139,0.809,0.0,0,0.0,0.0,0.0,HOLD_CASH
2014-09-15,16,ES,XEL,30.0622,21.7556,0.809,0.0,0,0.0,0.0,0.0,HOLD_CASH
2014-09-16,16,ES,XEL,30.6955,22.001,0.809,0.0,0,0.0,0.0,0.0,HOLD_CASH
2014-09-17,16,ES,XEL,30.7359,21.9099,0.809,0.0,0,0.0,0.0,0.0,HOLD_CASH
2014-09-18,16,ES,XEL,30.4934,21.7065,0.809,0.0,0,0.0,0.0,0.0,HOLD_CASH
2014-09-19,16,ES,XEL,30.6214,21.8678,0.809,0.0,0,0.0,0.0,0.0,HOLD_CASH
2014-09-22,16,ES,XEL,30.2576,21.6645,0.809,0.0,0,0.0,0.0,0.0,HOLD_CASH
2014-09-23,16,ES,XEL,30.1094,21.6224,0.809,0.0,0,0.0,0.0,0.0,HOLD_CASH
2014-09-24,16,ES,XEL,29.9948,21.5663,0.809,0.0,0,0.0,0.0,0.0,HOLD_CASH
2014-09-25,16,ES,XEL,29.8264,21.356,0.809,0.0,0,0.0,0.0,0.0,HOLD_CASH
2014-09-26,16,ES,XEL,29.914,21.3069,0.809,0.0,0,0.0,0.0,0.0,HOLD_CASH
2014-09-29,16,ES,XEL,29.8534,21.2438,0.809,0.0,0,0.0,0.0,0.0,HOLD_CASH
2014-09-30,16,ES,XEL,29.8466,21.3139,0.809,0.0,0,0.0,0.0,0.0,HOLD_CASH
2014-10-01,16,ES,XEL,30.2441,21.363,0.809,0.0,0,0.0,0.0,0.0,HOLD_CASH
2014-10-02,16,ES,XEL,30.3519,21.2999,0.809,0.0,0,0.0,0.0,0.0,HOLD_CASH
2014-10-03,16,ES,XEL,30.6888,21.4611,0.809,2.4944,-1,0.0,-0.0833,-0.0833,ENTER_SHORT_A
2014-10-06,16,ES,XEL,30.6888,21.4611,0.809,2.0633,-1,0.0,-0.0833,-0.0833,HOLDING
2014-10-07,16,ES,XEL,30.864,21.6154,0.809,1.7635,-1,0.0049,-0.0833,-0.0785,HOLDING
2014-10-08,16,ES,XEL,31.4434,22.1833,0.809,1.3661,-1,0.1213,-0.0833,0.038,HOLDING
2014-10-09,16,ES,XEL,31.0593,21.9239,0.809,1.0003,-1,0.2473,-0.0833,0.164,HOLDING
2014-10-10,16,ES,XEL,31.3019,22.1412,0.809,0.895,-1,0.2606,-0.0833,0.1773,HOLDING
2014-10-13,16,ES,XEL,31.5107,22.2674,0.809,1.018,-1,0.1663,-0.0833,0.083,HOLDING
2014-10-14,16,ES,XEL,32.043,22.9265,0.809,0.2445,-1,0.5118,-0.0833,0.4284,HOLDING
2014-10-15,16,ES,XEL,32.043,22.5899,0.809,1.3655,-1,-0.0726,-0.0833,-0.156,HOLDING
2014-10-16,16,ES,XEL,31.6253,22.3586,0.809,0.802,-1,0.1526,-0.0833,0.0693,HOLDING
2014-10-17,16,ES,XEL,31.787,22.3586,0.809,1.1825,-1,-0.0901,-0.0833,-0.1734,HOLDING
2014-10-20,16,ES,XEL,32.3866,22.632,0.809,1.7798,-1,-0.5154,-0.0833,-0.5987,HOLDING
2014-10-21,16,ES,XEL,32.2114,22.7512,0.809,0.8084,-1,-0.0454,-0.0833,-0.1288,HOLDING
2014-10-22,16,ES,XEL,32.3866,22.9265,0.809,0.6636,-1,-0.004,-0.0833,-0.0873,HOLDING
2014-10-23,16,ES,XEL,32.6157,22.9265,0.809,1.3435,-1,-0.3479,-0.0833,-0.4312,HOLDING
2014-10-24,16,ES,XEL,32.737,23.0667,0.809,1.1204,-1,-0.2864,-0.0833,-0.3698,HOLDING
2014-10-27,16,ES,XEL,32.6426,23.0176,0.809,0.9189,-1,-0.23,-0.0833,-0.3134,HOLDING
2014-10-28,16,ES,XEL,32.865,23.1929,0.809,1.0553,-1,-0.2594,-0.0833,-0.3428,HOLDING
2014-10-29,16,ES,XEL,32.5752,23.0316,0.809,0.4117,-1,-0.1046,-0.0833,-0.1879,HOLDING
2014-10-30,16,ES,XEL,33.249,23.5014,0.809,1.1032,-1,-0.3002,-0.0833,-0.3835,HOLDING
2014-10-31,16,ES,XEL,33.249,23.4663,0.809,1.2108,-1,-0.3611,-0.0833,-0.4444,HOLDING
2014-11-03,16,ES,XEL,33.4039,23.6626,0.809,0.7554,-1,-0.2527,-0.0833,-0.3361,HOLDING
2014-11-04,16,ES,XEL,33.3568,23.4663,0.809,1.5289,-1,-0.5229,-0.0833,-0.6062,HOLDING
2014-11-05,16,ES,XEL,34.2461,23.901,0.809,2.6313,-1,-1.103,-0.0833,-1.1863,HOLDING
2014-11-06,16,ES,XEL,33.35,23.1719,0.809,2.0538,-1,-1.0241,-0.0833,-1.1074,HOLDING
2014-11-07,16,ES,XEL,34.1585,23.5575,0.809,2.6119,-1,-1.5681,-0.0833,-1.6514,HOLDING
2014-11-10,16,ES,XEL,34.1788,23.8309,0.809,1.5077,-1,-1.1236,-0.0833,-1.2069,HOLDING
2014-11-11,16,ES,XEL,34.0507,23.7538,0.809,1.3009,-1,-1.0654,-0.0833,-1.1487,HOLDING
2014-11-12,16,ES,XEL,33.3433,23.4243,0.809,0.2204,-1,-0.5757,-0.0833,-0.659,HOLDING
2014-11-13,16,ES,XEL,33.1951,23.2911,0.809,0.1637,-1,-0.5845,-0.0833,-0.6678,HOLDING
2014-11-14,16,ES,XEL,32.8784,23.1648,0.809,-0.4717,-1,-0.3283,-0.0833,-0.4117,HOLDING
2014-11-17,16,ES,XEL,33.3096,23.4383,0.809,-0.0551,-1,-0.5008,-0.0833,-0.5841,HOLDING
2014-11-18,16,ES,XEL,33.5387,23.6416,0.809,-0.1306,-1,-0.4915,-0.0833,-0.5749,HOLDING
2014-11-19,16,ES,XEL,33.6465,23.5364,0.809,0.6245,-1,-0.836,-0.0833,-0.9193,HOLDING
2014-11-20,16,ES,XEL,33.66,23.5294,0.809,0.6391,-1,-0.8684,-0.0833,-0.9517,HOLDING
2014-11-21,16,ES,XEL,33.9295,23.6136,0.809,1.1593,-1,-1.1268,-0.0833,-1.2102,HOLDING
2014-11-24,16,ES,XEL,33.6937,23.4032,0.809,1.079,-1,-1.1381,-0.0833,-1.2214,HOLDING
2014-11-25,16,ES,XEL,33.3568,23.3682,0.809,-0.0858,-1,-0.6933,-0.0833,-0.7767,HOLDING
2014-11-26,16,ES,XEL,33.4444,23.4874,0.809,-0.3758,-1,-0.6178,-0.0833,-0.7011,HOLDING
2014-11-28,16,ES,XEL,34.1181,23.7958,0.809,0.8527,-1,-1.0935,-0.0833,-1.1768,HOLDING
2014-12-01,16,ES,XEL,34.1518,24.0272,0.809,-0.1957,-1,-0.7422,-0.0833,-0.8256,HOLDING
2014-12-02,16,ES,XEL,34.4954,24.3007,0.809,-0.1596,-1,-0.7832,-0.0833,-0.8665,HOLDING
2014-12-03,16,ES,XEL,34.5089,24.3848,0.809,-0.5878,-1,-0.6573,-0.0833,-0.7407,HOLDING
2014-12-04,16,ES,XEL,34.738,24.4058,0.809,0.4268,-1,-0.9646,-0.0833,-1.048,HOLDING
2014-12-05,16,ES,XEL,34.583,24.2095,0.809,0.7643,-1,-1.0729,-0.0833,-1.1563,HOLDING
2014-12-08,16,ES,XEL,35.0007,24.4619,0.809,1.5996,-1,-1.2617,-0.0833,-1.345,HOLDING
2014-12-09,16,ES,XEL,35.1961,24.5531,0.809,1.8872,-1,-1.3967,-0.0833,-1.48,HOLDING
2014-12-10,16,ES,XEL,34.7986,24.3077,0.809,1.2571,-1,-1.2261,-0.0833,-1.3095,HOLDING
2014-12-11,16,ES,XEL,35.0858,24.532,0.809,1.2487,-1,-1.2676,-0.0833,-1.3509,HOLDING
2014-12-12,16,ES,XEL,34.7192,24.2796,0.809,0.8058,-1,-1.1556,-0.0833,-1.2389,HOLDING
2014-12-15,16,ES,XEL,34.4408,24.0132,0.809,0.8904,-1,-1.2004,-0.0833,-1.2837,HOLDING
2014-12-16,16,ES,XEL,34.6037,23.9922,0.809,1.7119,-1,-1.4815,-0.0833,-1.5648,HOLDING
2014-12-17,16,ES,XEL,35.1944,24.3638,0.809,2.2075,-1,-1.7228,-0.0833,-1.8062,HOLDING
2014-12-18,16,ES,XEL,35.8937,24.7844,0.809,2.4954,-1,-2.042,-0.0833,-2.1253,HOLDING
2014-12-19,16,ES,XEL,35.7782,24.8195,0.809,1.6262,-1,-1.8079,-0.0833,-1.8912,HOLDING
2014-12-22,16,ES,XEL,36.0226,24.9948,0.809,1.5653,-1,-1.8704,-0.0833,-1.9537,HOLDING
2014-12-23,16,ES,XEL,36.4911,25.0513,0.809,2.3439,-1,-2.4753,-0.0833,-2.5586,HOLDING
2014-12-24,16,ES,XEL,37.3533,25.617,0.809,2.3427,-1,-2.7873,-0.0833,-2.8706,HOLDING
2014-12-26,16,ES,XEL,37.7946,25.8645,0.809,2.2416,-1,-3.02,-0.0833,-3.1033,HOLDING
2014-12-29,16,ES,XEL,38.1205,26.3382,0.809,1.5312,-1,-2.6865,-0.0833,-2.7698,HOLDING
2014-12-30,16,ES,XEL,37.1157,25.723,0.809,0.8555,-1,-2.2464,-0.0833,-2.3298,HOLDING
2014-12-31,16,ES,XEL,36.335,25.3978,0.809,-0.0783,-1,-1.6393,-0.0833,-1.7226,HOLDING
2015-01-02,16,ES,XEL,36.4843,25.5392,0.809,-0.2013,-1,-1.6179,-0.0833,-1.7013,HOLDING
2015-01-05,16,ES,XEL,36.1584,25.2493,0.809,-0.2456,-1,-1.6322,-0.0833,-1.7155,HOLDING
2015-01-06,16,ES,XEL,36.1788,25.3836,0.809,-0.6487,-1,-1.4295,-0.0833,-1.5128,HOLDING
2015-01-07,16,ES,XEL,36.7083,25.6028,0.809,0.0354,-1,-1.8437,-0.0833,-1.9271,HOLDING
2015-01-08,16,ES,XEL,36.7695,25.8998,0.809,-0.7328,-1,-1.4198,-0.0833,-1.5031,HOLDING
2015-01-09,16,ES,XEL,36.3078,25.5816,0.809,-1.0079,-1,-1.2793,-0.0833,-1.3626,HOLDING
2015-01-12,16,ES,XEL,36.206,25.3554,0.809,-0.6041,-1,-1.5193,-0.0833,-1.6027,HOLDING
2015-01-13,16,ES,XEL,36.4436,25.5604,0.809,-0.6611,-1,-1.5199,-0.0833,-1.6033,HOLDING
2015-01-14,16,ES,XEL,36.7627,25.7867,0.809,-0.5546,-1,-1.606,-0.0833,-1.6893,HOLDING
2015-01-15,16,ES,XEL,37.4008,26.0129,0.809,0.5079,-1,-2.1711,-0.0833,-2.2544,HOLDING
2015-01-16,16,ES,XEL,37.7131,26.1756,0.809,0.8012,-1,-2.3574,-0.0833,-2.4408,HOLDING
2015-01-20,16,ES,XEL,37.5841,26.3523,0.809,-0.1596,-1,-1.8569,-0.0833,-1.9402,HOLDING
2015-01-21,16,ES,XEL,37.8557,26.5715,0.809,-0.1116,-1,-1.8838,-0.0833,-1.9672,HOLDING
2015-01-22,16,ES,XEL,37.7199,26.5291,0.809,-0.3534,-1,-1.7537,-0.0833,-1.837,HOLDING
2015-01-23,16,ES,XEL,37.91,26.6988,0.809,-0.3038,-1,-1.7444,-0.0833,-1.8277,HOLDING
2015-01-26,16,ES,XEL,37.8828,26.6281,0.809,-0.047,-1,-1.8264,-0.0833,-1.9097,HOLDING
2015-01-27,16,ES,XEL,37.8896,26.6776,0.809,-0.0916,-1,-1.7506,-0.0833,-1.834,HOLDING
2015-01-28,16,ES,XEL,37.7878,26.4796,0.809,0.6799,-1,-1.9415,-0.0833,-2.0249,HOLDING
2015-01-29,16,ES,XEL,38.2902,26.9463,0.809,0.6097,-1,-1.8853,-0.0833,-1.9686,HOLDING
2015-01-30,16,ES,XEL,37.7335,26.5362,0.809,0.1006,-1,-1.7618,-0.0833,-1.8451,HOLDING
2015-02-02,16,ES,XEL,38.1205,26.5644,0.809,1.8189,-1,-2.2936,-0.0833,-2.3769,HOLDING
2015-02-03,16,ES,XEL,38.0458,26.6139,0.809,1.0278,-1,-2.0955,-0.0833,-2.1789,HOLDING
2015-02-04,16,ES,XEL,37.7539,26.3028,0.809,1.2482,-1,-2.1976,-0.0833,-2.2809,HOLDING
2015-02-05,16,ES,XEL,38.2087,26.5574,0.809,1.7784,-1,-2.4383,-0.0833,-2.5216,HOLDING
2015-02-06,16,ES,XEL,36.4639,25.2493,0.809,0.6658,-1,-2.0908,-0.0833,-2.1741,HOLDING
2015-02-09,16,ES,XEL,36.0838,24.9877,0.809,0.1933,-1,-1.9744,-0.0833,-2.0577,HOLDING
2015-02-10,16,ES,XEL,37.1225,25.6311,0.809,1.6579,-1,-2.4163,-0.0833,-2.4996,HOLDING
2015-02-11,16,ES,XEL,36.1924,25.1362,0.809,-0.4599,-1,-1.8796,-0.0833,-1.9629,HOLDING
2015-02-12,16,ES,XEL,35.5067,25.122,0.809,-3.2193,-1,-0.8749,-0.0833,-0.9582,HOLDING
2015-02-13,16,ES,XEL,34.6377,24.7473,0.809,-3.24,-1,-0.2212,-0.0833,-0.3045,HOLDING
2015-02-17,16,ES,XEL,34.7803,24.8816,0.809,-2.5226,-1,-0.2019,-0.0833,-0.2852,HOLDING
2015-02-18,16,ES,XEL,35.6696,25.6665,0.809,-2.076,-1,-0.174,-0.0833,-0.2574,HOLDING
2015-02-19,16,ES,XEL,35.6425,25.6099,0.809,-1.7255,-1,-0.2315,-0.0833,-0.3148,HOLDING
2015-02-20,16,ES,XEL,35.6696,25.3978,0.809,-1.0971,-1,-0.6406,-0.0833,-0.7239,HOLDING
2015-02-23,16,ES,XEL,35.7782,25.723,0.809,-1.4096,-1,-0.2388,-0.0833,-0.3222,HOLDING
2015-02-24,16,ES,XEL,36.2127,25.7018,0.809,-0.5472,-1,-0.9279,-0.0833,-1.0112,HOLDING
2015-02-25,16,ES,XEL,35.7172,25.1857,0.809,-0.3416,-1,-1.0803,-0.0833,-1.1636,HOLDING
2015-02-26,16,ES,XEL,35.4763,25.0443,0.809,-0.4277,-1,-0.9643,-0.0833,-1.0476,HOLDING
2015-02-27,16,ES,XEL,35.4147,24.9453,0.809,-0.2871,-1,-1.0437,-0.0833,-1.127,HOLDING
2015-03-02,16,ES,XEL,34.3882,24.3301,0.809,-0.8012,-1,-0.571,-0.0833,-0.6544,HOLDING
2015-03-03,16,ES,XEL,34.6277,24.5281,0.809,-0.697,-1,-0.5868,-0.0833,-0.6701,HOLDING
2015-03-04,16,ES,XEL,34.1623,24.4503,0.809,-1.2793,-1,-0.0233,-0.0833,-0.1066,HOLDING
2015-03-05,16,ES,XEL,34.5934,24.6978,0.809,-0.9029,-1,-0.2407,-0.0833,-0.324,HOLDING
2015-03-06,16,ES,XEL,33.3685,23.7928,0.809,-1.214,-1,0.0264,-0.0833,-0.0569,HOLDING
2015-03-09,16,ES,XEL,33.4369,24.0968,0.809,-1.6415,-1,0.0,0.2763,0.2763,PERIOD_END_EXIT
2014-09-08,17,PLD,PSA,29.471,112.9255,0.8207,0.0,0,0.0,0.0,0.0,HOLD_CASH
2014-09-09,17,PLD,PSA,29.3999,112.4378,0.8207,0.0,0,0.0,0.0,0.0,HOLD_CASH
2014-09-10,17,PLD,PSA,28.9022,110.7502,0.8207,0.0,0,0.0,0.0,0.0,HOLD_CASH
2014-09-11,17,PLD,PSA,28.7315,110.7373,0.8207,0.0,0,0.0,0.0,0.0,HOLD_CASH
2014-09-12,17,PLD,PSA,27.7646,107.4381,0.8207,0.0,0,0.0,0.0,0.0,HOLD_CASH
2014-09-15,17,PLD,PSA,27.6082,107.561,0.8207,0.0,0,0.0,0.0,0.0,HOLD_CASH
2014-09-16,17,PLD,PSA,27.7219,108.1432,0.8207,0.0,0,0.0,0.0,0.0,HOLD_CASH
2014-09-17,17,PLD,PSA,27.808,107.768,0.8207,0.0,0,0.0,0.0,0.0,HOLD_CASH
2014-09-18,17,PLD,PSA,27.4709,106.8171,0.8207,0.0,0,0.0,0.0,0.0,HOLD_CASH
2014-09-19,17,PLD,PSA,27.7147,106.7135,0.8207,0.0,0,0.0,0.0,0.0,HOLD_CASH
2014-09-22,17,PLD,PSA,27.3777,105.8014,0.8207,0.0,0,0.0,0.0,0.0,HOLD_CASH
2014-09-23,17,PLD,PSA,27.22,105.478,0.8207,0.0,0,0.0,0.0,0.0,HOLD_CASH
2014-09-24,17,PLD,PSA,27.2702,105.5233,0.8207,0.0,0,0.0,0.0,0.0,HOLD_CASH
2014-09-25,17,PLD,PSA,26.8543,105.7691,0.8207,0.0,0,0.0,0.0,0.0,HOLD_CASH
2014-09-26,17,PLD,PSA,27.2773,106.733,0.8207,0.0,0,0.0,0.0,0.0,HOLD_CASH
2014-09-29,17,PLD,PSA,27.3777,107.3346,0.8207,0.0,0,0.0,0.0,0.0,HOLD_CASH
2014-09-30,17,PLD,PSA,27.0335,107.2828,0.8207,0.0,0,0.0,0.0,0.0,HOLD_CASH
2014-10-01,17,PLD,PSA,26.9331,107.2311,0.8207,0.0,0,0.0,0.0,0.0,HOLD_CASH
2014-10-02,17,PLD,PSA,26.926,107.3152,0.8207,0.0,0,0.0,0.0,0.0,HOLD_CASH
2014-10-03,17,PLD,PSA,26.9833,108.4214,0.8207,-1.8566,0,0.0,0.0,0.0,HOLD_CASH
2014-10-06,17,PLD,PSA,27.055,107.9427,0.8207,-1.3394,0,0.0,0.0,0.0,HOLD_CASH
2014-10-07,17,PLD,PSA,26.7467,107.0952,0.8207,-1.5366,0,0.0,0.0,0.0,HOLD_CASH
2014-10-08,17,PLD,PSA,27.3275,109.5664,0.8207,-1.2588,0,0.0,0.0,0.0,HOLD_CASH
2014-10-09,17,PLD,PSA,26.9833,109.644,0.8207,-1.9255,0,0.0,0.0,0.0,HOLD_CASH
2014-10-10,17,PLD,PSA,26.7324,109.0101,0.8207,-1.9137,0,0.0,0.0,0.0,HOLD_CASH
2014-10-13,17,PLD,PSA,26.6535,108.8807,0.8207,-1.7568,0,0.0,0.0,0.0,HOLD_CASH
2014-10-14,17,PLD,PSA,27.4494,110.4915,0.8207,-0.6766,0,0.0,0.0,0.0,HOLD_CASH
2014-10-15,17,PLD,PSA,27.3921,109.8963,0.8207,-0.4682,0,0.0,0.0,0.0,HOLD_CASH
2014-10-16,17,PLD,PSA,27.5498,109.9093,0.8207,-0.0653,0,0.0,0.0,0.0,HOLD_CASH
2014-10-17,17,PLD,PSA,28.0303,110.9573,0.8207,0.6552,0,0.0,0.0,0.0,HOLD_CASH
2014-10-20,17,PLD,PSA,28.3816,112.0117,0.8207,1.0757,0,0.0,0.0,0.0,HOLD_CASH
2014-10-21,17,PLD,PSA,28.8334,113.3961,0.8207,1.5159,0,0.0,0.0,0.0,HOLD_CASH
2014-10-22,17,PLD,PSA,28.69,113.9913,0.8207,0.9399,0,0.0,0.0,0.0,HOLD_CASH
2014-10-23,17,PLD,PSA,29.0055,114.3212,0.8207,1.4804,0,0.0,0.0,0.0,HOLD_CASH
2014-10-24,17,PLD,PSA,29.2063,113.836,0.8207,2.0075,-1,0.0,-0.0833,-0.0833,ENTER_SHORT_A
2014-10-27,17,PLD,PSA,29.2278,115.8285,0.8207,1.0648,-1,0.6238,-0.0833,0.5404,HOLDING
2014-10-28,17,PLD,PSA,29.4429,116.2748,0.8207,1.2272,-1,0.4339,-0.0833,0.3506,HOLDING
2014-10-29,17,PLD,PSA,29.3927,115.8479,0.8207,1.1873,-1,0.3717,-0.0833,0.2884,HOLDING
2014-10-30,17,PLD,PSA,29.4357,116.3007,0.8207,0.9834,-1,0.4537,-0.0833,0.3704,HOLDING
2014-10-31,17,PLD,PSA,29.866,119.2506,0.8207,0.5503,-1,0.7529,-0.0833,0.6695,HOLDING
2014-11-03,17,PLD,PSA,29.995,120.6932,0.8207,0.1751,-1,1.0266,-0.0833,0.9433,HOLDING
2014-11-04,17,PLD,PSA,29.7799,120.7449,0.8207,-0.3242,-1,1.3808,-0.0833,1.2975,HOLDING
2014-11-05,17,PLD,PSA,29.866,121.0037,0.8207,-0.2798,-1,1.3314,-0.0833,1.248,HOLDING
2014-11-06,17,PLD,PSA,29.8158,120.6932,0.8207,-0.3433,-1,1.3076,-0.0833,1.2242,HOLDING
2014-11-07,17,PLD,PSA,29.6939,120.5121,0.8207,-0.699,-1,1.4388,-0.0833,1.3555,HOLDING
2014-11-10,17,PLD,PSA,29.8875,121.6959,0.8207,-1.1102,-1,1.526,-0.0833,1.4427,HOLDING
2014-11-11,17,PLD,PSA,29.866,121.1978,0.8207,-0.9525,-1,1.3954,-0.0833,1.3121,HOLDING
2014-11-12,17,PLD,PSA,29.3999,120.2986,0.8207,-1.8427,-1,1.8291,-0.0833,1.7458,HOLDING
2014-11-13,17,PLD,PSA,29.4716,120.9972,0.8207,-1.8574,-1,1.9473,-0.0833,1.8639,HOLDING
2014-11-14,17,PLD,PSA,29.2349,120.0786,0.8207,-1.7477,-1,2.015,-0.0833,1.9316,HOLDING
2014-11-17,17,PLD,PSA,29.407,120.4538,0.8207,-1.319,-1,1.8691,-0.0833,1.7858,HOLDING
2014-11-18,17,PLD,PSA,29.6723,120.622,0.8207,-0.6301,-1,1.5088,-0.0833,1.4255,HOLDING
2014-11-19,17,PLD,PSA,29.2851,118.9789,0.8207,-0.7145,-1,1.5735,-0.0833,1.4901,HOLDING
2014-11-20,17,PLD,PSA,29.364,119.0177,0.8207,-0.4544,-1,1.4626,-0.0833,1.3793,HOLDING
2014-11-21,17,PLD,PSA,29.572,119.9881,0.8207,-0.3399,-1,1.457,-0.0833,1.3736,HOLDING
2014-11-24,17,PLD,PSA,29.7512,119.794,0.8207,0.4098,-1,1.112,-0.0833,1.0287,HOLDING
2014-11-25,17,PLD,PSA,29.8301,119.9363,0.8207,0.687,-1,1.0353,-0.0833,0.952,HOLDING
2014-11-26,17,PLD,PSA,30.1169,120.732,0.8207,1.2935,-1,0.8484,-0.0833,0.7651,HOLDING
2014-11-28,17,PLD,PSA,30.3177,121.3789,0.8207,1.7015,-1,0.7472,-0.0833,0.6639,HOLDING
2014-12-01,17,PLD,PSA,30.3392,120.4927,0.8207,2.2807,-1,0.4211,-0.0833,0.3377,HOLDING
2014-12-02,17,PLD,PSA,30.583,120.3115,0.8207,2.5912,-1,-0.0208,-0.0833,-0.1041,HOLDING
2014-12-03,17,PLD,PSA,30.626,120.4086,0.8207,2.1683,-1,-0.0562,-0.0833,-0.1395,HOLDING
2014-12-04,17,PLD,PSA,30.5041,120.001,0.8207,1.7822,-1,0.0004,-0.0833,-0.083,HOLDING
2014-12-05,17,PLD,PSA,30.5328,119.3929,0.8207,1.8348,-1,-0.2453,-0.0833,-0.3286,HOLDING
2014-12-08,17,PLD,PSA,30.6906,120.0204,0.8207,1.6441,-1,-0.2854,-0.0833,-0.3687,HOLDING
2014-12-09,17,PLD,PSA,30.7981,120.2663,0.8207,1.5403,-1,-0.3728,-0.0833,-0.4562,HOLDING
2014-12-10,17,PLD,PSA,30.6045,120.1045,0.8207,1.1235,-1,-0.1228,-0.0833,-0.2061,HOLDING
2014-12-11,17,PLD,PSA,30.7551,120.2414,0.8207,1.2134,-1,-0.3136,-0.0833,-0.397,HOLDING
2014-12-12,17,PLD,PSA,30.289,118.7227,0.8207,0.8609,-1,-0.0843,-0.0833,-0.1677,HOLDING
2014-12-15,17,PLD,PSA,29.8409,117.3734,0.8207,0.4693,-1,0.1726,-0.0833,0.0893,HOLDING
2014-12-16,17,PLD,PSA,29.8988,116.5782,0.8207,0.8612,-1,-0.1804,-0.0833,-0.2637,HOLDING
2014-12-17,17,PLD,PSA,30.6287,119.1985,0.8207,1.1485,-1,-0.4596,-0.0833,-0.543,HOLDING
2014-12-18,17,PLD,PSA,30.8166,120.8085,0.8207,0.7421,-1,-0.2229,-0.0833,-0.3062,HOLDING
2014-12-19,17,PLD,PSA,30.7154,120.5543,0.8207,0.5541,-1,-0.1482,-0.0833,-0.2315,HOLDING
2014-12-22,17,PLD,PSA,31.3442,122.8683,0.8207,0.9085,-1,-0.37,-0.0833,-0.4533,HOLDING
2014-12-23,17,PLD,PSA,31.4237,122.94,0.8207,1.0605,-1,-0.4709,-0.0833,-0.5542,HOLDING
2014-12-24,17,PLD,PSA,31.1563,122.1708,0.8207,0.6418,-1,-0.3056,-0.0833,-0.389,HOLDING
2014-12-26,17,PLD,PSA,31.4092,122.5163,0.8207,1.4066,-1,-0.5881,-0.0833,-0.6714,HOLDING
2014-12-29,17,PLD,PSA,31.4454,123.4223,0.8207,0.6398,-1,-0.3457,-0.0833,-0.429,HOLDING
2014-12-30,17,PLD,PSA,31.5393,122.9464,0.8207,1.9002,-1,-0.65,-0.0833,-0.7333,HOLDING
2014-12-31,17,PLD,PSA,31.0985,120.4891,0.8207,2.0787,-1,-0.77,-0.0833,-0.8533,HOLDING
2015-01-02,17,PLD,PSA,31.3875,122.0404,0.8207,1.5988,-1,-0.7111,-0.0833,-0.7944,HOLDING
2015-01-05,17,PLD,PSA,31.3659,122.614,0.8207,0.6132,-1,-0.4878,-0.0833,-0.5712,HOLDING
2015-01-06,17,PLD,PSA,31.4743,124.7064,0.8207,-1.432,-1,0.0327,-0.0833,-0.0506,HOLDING
2015-01-07,17,PLD,PSA,31.9513,127.2615,0.8207,-1.5574,-1,0.1283,-0.0833,0.045,HOLDING
2015-01-08,17,PLD,PSA,31.9585,128.9953,0.8207,-2.6443,-1,0.6891,-0.0833,0.6058,HOLDING
2015-01-09,17,PLD,PSA,31.9079,129.3864,0.8207,-2.5085,-1,0.8975,-0.0833,0.8141,HOLDING
2015-01-12,17,PLD,PSA,32.2331,129.1583,0.8207,-1.0492,-1,0.3125,-0.0833,0.2292,HOLDING
2015-01-13,17,PLD,PSA,31.5899,129.6602,0.8207,-2.719,-1,1.4861,-0.0833,1.4028,HOLDING
2015-01-14,17,PLD,PSA,31.5971,129.595,0.8207,-2.2047,-1,1.4533,-0.0833,1.37,HOLDING
2015-01-15,17,PLD,PSA,31.6333,129.9992,0.8207,-1.9456,-1,1.53,-0.0833,1.4467,HOLDING
2015-01-16,17,PLD,PSA,31.9079,131.8307,0.8207,-1.8252,-1,1.704,-0.0833,1.6207,HOLDING
2015-01-20,17,PLD,PSA,31.6839,132.0459,0.8207,-1.9628,-1,2.1261,-0.0833,2.0428,HOLDING
2015-01-21,17,PLD,PSA,31.8212,131.0225,0.8207,-1.2366,-1,1.5733,-0.0833,1.4899,HOLDING
2015-01-22,17,PLD,PSA,32.6089,133.7666,0.8207,-0.7644,-1,1.2442,-0.0833,1.1609,HOLDING
2015-01-23,17,PLD,PSA,32.7463,132.1567,0.8207,0.028,-1,0.4978,-0.0833,0.4145,HOLDING
2015-01-26,17,PLD,PSA,33.1365,133.2256,0.8207,0.3413,-1,0.2389,-0.0833,0.1556,HOLDING
2015-01-27,17,PLD,PSA,34.0616,133.4082,0.8207,1.6804,-1,-1.1505,-0.0833,-1.2339,HOLDING
2015-01-28,17,PLD,PSA,33.5485,132.1632,0.8207,1.2355,-1,-0.7572,-0.0833,-0.8406,HOLDING
2015-01-29,17,PLD,PSA,33.4184,133.0953,0.8207,0.7747,-1,-0.2458,-0.0833,-0.3291,HOLDING
2015-01-30,17,PLD,PSA,32.6234,130.9117,0.8207,0.2935,-1,0.2795,-0.0833,0.1962,HOLDING
2015-02-02,17,PLD,PSA,32.6306,131.5049,0.8207,0.1731,-1,0.4639,-0.0833,0.3806,HOLDING
2015-02-03,17,PLD,PSA,32.6812,132.3392,0.8207,0.0273,-1,0.6599,-0.0833,0.5766,HOLDING
2015-02-04,17,PLD,PSA,32.6451,132.098,0.8207,0.0838,-1,0.637,-0.0833,0.5537,HOLDING
2015-02-05,17,PLD,PSA,33.0932,134.7705,0.8207,-0.0504,-1,0.8166,-0.0833,0.7333,HOLDING
2015-02-06,17,PLD,PSA,32.262,133.2778,0.8207,-0.9688,-1,1.6266,-0.0833,1.5432,HOLDING
2015-02-09,17,PLD,PSA,32.2909,132.059,0.8207,-0.4493,-1,1.1791,-0.0833,1.0957,HOLDING
2015-02-10,17,PLD,PSA,32.4355,132.7628,0.8207,-0.396,-1,1.1848,-0.0833,1.1015,HOLDING
2015-02-11,17,PLD,PSA,32.0958,132.2088,0.8207,-0.818,-1,1.5343,-0.0833,1.451,HOLDING
2015-02-12,17,PLD,PSA,32.356,132.8345,0.8207,-0.5827,-1,1.3331,-0.0833,1.2497,HOLDING
2015-02-13,17,PLD,PSA,31.6622,132.0654,0.8207,-1.4931,-1,2.1666,-0.0833,2.0832,HOLDING
2015-02-17,17,PLD,PSA,31.5899,132.4044,0.8207,-1.6196,-1,2.3917,-0.0833,2.3083,HOLDING
2015-02-18,17,PLD,PSA,31.7706,132.4239,0.8207,-1.3185,-1,2.115,-0.0833,2.0316,HOLDING
2015-02-19,17,PLD,PSA,30.9684,129.5755,0.8207,-1.5929,-1,2.4322,-0.0833,2.3489,HOLDING
2015-02-20,17,PLD,PSA,31.0912,130.4815,0.8207,-1.5111,-1,2.5387,-0.0833,2.4553,HOLDING
2015-02-23,17,PLD,PSA,31.4092,131.0225,0.8207,-1.0727,-1,2.2188,-0.0833,2.1355,HOLDING
2015-02-24,17,PLD,PSA,30.8527,129.3864,0.8207,-1.2778,-1,2.5511,-0.0833,2.4677,HOLDING
2015-02-25,17,PLD,PSA,31.0045,129.243,0.8207,-0.9592,-1,2.2659,-0.0833,2.1826,HOLDING
2015-02-26,17,PLD,PSA,30.6648,128.2522,0.8207,-1.1468,-1,2.4713,-0.0833,2.3879,HOLDING
2015-02-27,17,PLD,PSA,30.8672,128.5521,0.8207,-0.8217,-1,2.2531,-0.0833,2.1698,HOLDING
2015-03-02,17,PLD,PSA,30.86,128.7672,0.8207,-0.8467,-1,2.3354,-0.0833,2.2521,HOLDING
2015-03-03,17,PLD,PSA,30.8238,128.3566,0.8207,-0.6762,-1,2.2565,-0.0833,2.1732,HOLDING
2015-03-04,17,PLD,PSA,30.6287,127.2224,0.8207,-0.534,-1,2.1881,-0.0833,2.1048,HOLDING
2015-03-05,17,PLD,PSA,30.8311,127.4962,0.8207,-0.0467,-1,1.9613,-0.0833,1.8779,HOLDING
2015-03-06,17,PLD,PSA,29.9204,122.6401,0.8207,0.2714,-1,1.7859,-0.0833,1.7026,HOLDING
2015-03-09,17,PLD,PSA,29.9638,122.5163,0.8207,0.5519,-1,0.0,1.5064,1.5064,PERIOD_END_EXIT
2014-09-08,18,EVRG,WFC,24.0662,37.54,0.8963,0.0,0,0.0,0.0,0.0,HOLD_CASH
2014-09-09,18,EVRG,WFC,23.795,37.2483,0.8963,0.0,0,0.0,0.0,0.0,HOLD_CASH
2014-09-10,18,EVRG,WFC,23.5768,37.5765,0.8963,0.0,0,0.0,0.0,0.0,HOLD_CASH
2014-09-11,18,EVRG,WFC,23.709,37.6276,0.8963,0.0,0,0.0,0.0,0.0,HOLD_CASH
2014-09-12,18,EVRG,WFC,23.213,37.7078,0.8963,0.0,0,0.0,0.0,0.0,HOLD_CASH
2014-09-15,18,EVRG,WFC,23.1535,37.8828,0.8963,0.0,0,0.0,0.0,0.0,HOLD_CASH
2014-09-16,18,EVRG,WFC,23.3651,38.1527,0.8963,0.0,0,0.0,0.0,0.0,HOLD_CASH
2014-09-17,18,EVRG,WFC,23.2659,38.2986,0.8963,0.0,0,0.0,0.0,0.0,HOLD_CASH
2014-09-18,18,EVRG,WFC,23.0808,38.831,0.8963,0.0,0,0.0,0.0,0.0,HOLD_CASH
2014-09-19,18,EVRG,WFC,23.2593,38.9185,0.8963,0.0,0,0.0,0.0,0.0,HOLD_CASH
2014-09-22,18,EVRG,WFC,23.0212,38.583,0.8963,0.0,0,0.0,0.0,0.0,HOLD_CASH
2014-09-23,18,EVRG,WFC,22.7699,37.9995,0.8963,0.0,0,0.0,0.0,0.0,HOLD_CASH
2014-09-24,18,EVRG,WFC,22.7633,38.0214,0.8963,0.0,0,0.0,0.0,0.0,HOLD_CASH
2014-09-25,18,EVRG,WFC,22.5781,37.4963,0.8963,0.0,0,0.0,0.0,0.0,HOLD_CASH
2014-09-26,18,EVRG,WFC,22.6046,37.8318,0.8963,0.0,0,0.0,0.0,0.0,HOLD_CASH
2014-09-29,18,EVRG,WFC,22.512,37.7005,0.8963,0.0,0,0.0,0.0,0.0,HOLD_CASH
2014-09-30,18,EVRG,WFC,22.5649,37.8318,0.8963,0.0,0,0.0,0.0,0.0,HOLD_CASH
2014-10-01,18,EVRG,WFC,22.5385,37.3869,0.8963,0.0,0,0.0,0.0,0.0,HOLD_CASH
2014-10-02,18,EVRG,WFC,22.4988,37.489,0.8963,0.0,0,0.0,0.0,0.0,HOLD_CASH
2014-10-03,18,EVRG,WFC,22.6046,37.9995,0.8963,-0.9078,0,0.0,0.0,0.0,HOLD_CASH
2014-10-06,18,EVRG,WFC,22.5385,37.9485,0.8963,-0.9375,0,0.0,0.0,0.0,HOLD_CASH
2014-10-07,18,EVRG,WFC,22.4525,37.2556,0.8963,-0.2262,0,0.0,0.0,0.0,HOLD_CASH
2014-10-08,18,EVRG,WFC,22.8956,38.036,0.8963,-0.0578,0,0.0,0.0,0.0,HOLD_CASH
2014-10-09,18,EVRG,WFC,22.5649,37.2848,0.8963,0.4571,0,0.0,0.0,0.0,HOLD_CASH
2014-10-10,18,EVRG,WFC,23.094,36.9347,0.8963,2.9914,-1,0.0,-0.0833,-0.0833,ENTER_SHORT_A
2014-10-13,18,EVRG,WFC,23.3651,36.6137,0.8963,3.1485,-1,-0.8582,-0.0833,-0.9416,HOLDING
2014-10-14,18,EVRG,WFC,23.9339,35.6145,0.8963,3.457,-1,-3.0061,-0.0833,-3.0894,HOLDING
2014-10-15,18,EVRG,WFC,23.6627,34.8997,0.8963,2.7113,-1,-3.2524,-0.0833,-3.3357,HOLDING
2014-10-16,18,EVRG,WFC,23.59,35.104,0.8963,2.0586,-1,-2.8962,-0.0833,-2.9795,HOLDING
2014-10-17,18,EVRG,WFC,23.7619,35.5124,0.8963,1.7136,-1,-2.7878,-0.0833,-2.8711,HOLDING
2014-10-20,18,EVRG,WFC,23.9339,35.8698,0.8963,1.4782,-1,-2.7339,-0.0833,-2.8172,HOLDING
2014-10-21,18,EVRG,WFC,24.0596,36.7961,0.8963,1.0023,-1,-1.9852,-0.0833,-2.0685,HOLDING
2014-10-22,18,EVRG,WFC,24.205,36.5919,0.8963,1.1096,-1,-2.4798,-0.0833,-2.5631,HOLDING
2014-10-23,18,EVRG,WFC,24.172,36.9055,0.8963,0.8392,-1,-2.0824,-0.0833,-2.1658,HOLDING
2014-10-24,18,EVRG,WFC,24.3307,37.3431,0.8963,0.6808,-1,-1.9178,-0.0833,-2.0011,HOLDING
2014-10-27,18,EVRG,WFC,24.3307,37.4233,0.8963,0.5688,-1,-1.8322,-0.0833,-1.9155,HOLDING
2014-10-28,18,EVRG,WFC,24.5556,37.7661,0.8963,0.518,-1,-1.8945,-0.0833,-1.9779,HOLDING
2014-10-29,18,EVRG,WFC,24.5291,38.0506,0.8963,0.2829,-1,-1.5408,-0.0833,-1.6242,HOLDING
2014-10-30,18,EVRG,WFC,24.9127,38.2621,0.8963,0.4482,-1,-2.0452,-0.0833,-2.1285,HOLDING
2014-10-31,18,EVRG,WFC,25.0053,38.7216,0.8963,0.1994,-1,-1.7313,-0.0833,-1.8147,HOLDING
2014-11-03,18,EVRG,WFC,24.9987,38.9258,0.8963,-0.0388,-1,-1.501,-0.0833,-1.5843,HOLDING
2014-11-04,18,EVRG,WFC,25.0119,38.8529,0.8963,-0.0882,-1,-1.6039,-0.0833,-1.6873,HOLDING
2014-11-05,18,EVRG,WFC,25.3359,39.3007,0.8963,-0.1479,-1,-1.7429,-0.0833,-1.8263,HOLDING
2014-11-06,18,EVRG,WFC,25.3029,39.6898,0.8963,-0.9228,-1,-1.2651,-0.0833,-1.3484,HOLDING
2014-11-07,18,EVRG,WFC,25.8518,39.5283,0.8963,0.39,-1,-2.4818,-0.0833,-2.5652,HOLDING
2014-11-10,18,EVRG,WFC,25.9311,39.521,0.8963,0.5319,-1,-2.6407,-0.0833,-2.724,HOLDING
2014-11-11,18,EVRG,WFC,26.0833,39.3374,0.8963,1.2971,-1,-3.1259,-0.0833,-3.2092,HOLDING
2014-11-12,18,EVRG,WFC,25.7592,39.3081,0.8963,0.5628,-1,-2.5405,-0.0833,-2.6239,HOLDING
2014-11-13,18,EVRG,WFC,25.6071,39.1979,0.8963,0.3772,-1,-2.3686,-0.0833,-2.4519,HOLDING
2014-11-14,18,EVRG,WFC,25.3888,39.1686,0.8963,-0.262,-1,-1.9846,-0.0833,-2.0679,HOLDING
2014-11-17,18,EVRG,WFC,25.7857,39.2346,0.8963,1.1958,-1,-2.6692,-0.0833,-2.7525,HOLDING
2014-11-18,18,EVRG,WFC,26.0766,39.1098,0.8963,2.1616,-1,-3.356,-0.0833,-3.4393,HOLDING
2014-11-19,18,EVRG,WFC,25.9973,39.1759,0.8963,1.616,-1,-3.1345,-0.0833,-3.2179,HOLDING
2014-11-20,18,EVRG,WFC,25.8584,39.264,0.8963,0.9274,-1,-2.7763,-0.0833,-2.8596,HOLDING
2014-11-21,18,EVRG,WFC,25.8849,39.5063,0.8963,0.5126,-1,-2.5683,-0.0833,-2.6516,HOLDING
2014-11-24,18,EVRG,WFC,25.6203,39.7192,0.8963,-0.7036,-1,-1.8378,-0.0833,-1.9211,HOLDING
2014-11-25,18,EVRG,WFC,25.4682,39.5577,0.8963,-0.8571,-1,-1.7206,-0.0833,-1.8039,HOLDING
2014-11-26,18,EVRG,WFC,25.5608,39.8514,0.8963,-1.0941,-1,-1.5836,-0.0833,-1.667,HOLDING
2014-11-28,18,EVRG,WFC,25.8518,39.9982,0.8963,-0.4423,-1,-1.9807,-0.0833,-2.0641,HOLDING
2014-12-01,18,EVRG,WFC,25.8253,39.5136,0.8963,0.2916,-1,-2.4472,-0.0833,-2.5305,HOLDING
2014-12-02,18,EVRG,WFC,25.9642,39.8073,0.8963,0.1226,-1,-2.3982,-0.0833,-2.4816,HOLDING
2014-12-03,18,EVRG,WFC,26.0502,39.9321,0.8963,0.1009,-1,-2.4288,-0.0833,-2.5121,HOLDING
2014-12-04,18,EVRG,WFC,25.9576,40.0129,0.8963,-0.4177,-1,-2.1664,-0.0833,-2.2498,HOLDING
2014-12-05,18,EVRG,WFC,25.9242,40.402,0.8963,-1.4562,-1,-1.688,-0.0833,-1.7713,HOLDING
2014-12-08,18,EVRG,WFC,26.2646,40.2111,0.8963,0.219,-1,-2.5392,-0.0833,-2.6225,HOLDING
2014-12-09,18,EVRG,WFC,26.5515,40.2552,0.8963,1.1107,-1,-3.0382,-0.0833,-3.1215,HOLDING
2014-12-10,18,EVRG,WFC,26.2912,39.8367,0.8963,1.1039,-1,-2.9892,-0.0833,-3.0726,HOLDING
2014-12-11,18,EVRG,WFC,26.4714,39.9615,0.8963,1.3591,-1,-3.199,-0.0833,-3.2823,HOLDING
2014-12-12,18,EVRG,WFC,26.2178,39.4255,0.8963,1.416,-1,-3.288,-0.0833,-3.3714,HOLDING
2014-12-15,18,EVRG,WFC,26.1244,39.0511,0.8963,1.6149,-1,-3.5095,-0.0833,-3.5929,HOLDING
2014-12-16,18,EVRG,WFC,26.0777,38.7428,0.8963,1.7783,-1,-3.7495,-0.0833,-3.8328,HOLDING
2014-12-17,18,EVRG,WFC,26.6516,39.4916,0.8963,1.9191,-1,-4.0429,-0.0833,-4.1262,HOLDING
2014-12-18,18,EVRG,WFC,27.0453,40.5341,0.8963,1.2525,-1,-3.6803,-0.0833,-3.7636,HOLDING
2014-12-19,18,EVRG,WFC,27.1187,39.9762,0.8963,1.9221,-1,-4.415,-0.0833,-4.4983,HOLDING
2014-12-22,18,EVRG,WFC,27.1387,40.358,0.8963,1.3114,-1,-4.0459,-0.0833,-4.1293,HOLDING
2014-12-23,18,EVRG,WFC,27.1854,40.725,0.8963,0.8596,-1,-3.7434,-0.0833,-3.8267,HOLDING
2014-12-24,18,EVRG,WFC,27.6192,40.6296,0.8963,1.6769,-1,-4.6705,-0.0833,-4.7538,HOLDING
2014-12-26,18,EVRG,WFC,27.9394,40.5855,0.8963,2.0656,-1,-5.327,-0.0833,-5.4103,HOLDING
2014-12-29,18,EVRG,WFC,28.6468,40.9012,0.8963,2.4291,-1,-6.3363,-0.0833,-6.4196,HOLDING
2014-12-30,18,EVRG,WFC,27.9995,40.6883,0.8963,1.4174,-1,-5.3317,-0.0833,-5.415,HOLDING
2014-12-31,18,EVRG,WFC,27.5191,40.2478,0.8963,0.9799,-1,-4.8872,-0.0833,-4.9705,HOLDING
2015-01-02,18,EVRG,WFC,27.4723,40.1597,0.8963,0.8982,-1,-4.8922,-0.0833,-4.9756,HOLDING
2015-01-05,18,EVRG,WFC,27.2455,39.0584,0.8963,1.4959,-1,-5.635,-0.0833,-5.7183,HOLDING
2015-01-06,18,EVRG,WFC,27.1654,38.2435,0.8963,2.0333,-1,-6.3517,-0.0833,-6.435,HOLDING
2015-01-07,18,EVRG,WFC,27.6258,38.4711,0.8963,2.1802,-1,-6.9851,-0.0833,-7.0684,HOLDING
2015-01-08,18,EVRG,WFC,27.8727,39.3228,0.8963,1.5352,-1,-6.5467,-0.0833,-6.63,HOLDING
2015-01-09,18,EVRG,WFC,27.4723,38.6767,0.8963,1.4018,-1,-6.4738,-0.0833,-6.5572,HOLDING
2015-01-12,18,EVRG,WFC,27.152,38.2141,0.8963,1.2381,-1,-6.3576,-0.0833,-6.4409,HOLDING
2015-01-13,18,EVRG,WFC,27.5524,38.0673,0.8963,1.7607,-1,-7.276,-0.0833,-7.3594,HOLDING
2015-01-14,18,EVRG,WFC,27.8727,37.6268,0.8963,2.2036,-1,-8.3553,-0.0833,-8.4386,HOLDING
2015-01-15,18,EVRG,WFC,27.8794,37.2377,0.8963,2.1285,-1,-8.783,-0.0833,-8.8663,HOLDING
2015-01-16,18,EVRG,WFC,28.1663,37.9131,0.8963,1.6926,-1,-8.6086,-0.0833,-8.692,HOLDING
2015-01-20,18,EVRG,WFC,28.4733,38.1774,0.8963,1.6378,-1,-8.9109,-0.0833,-8.9942,HOLDING
2015-01-21,18,EVRG,WFC,28.9604,38.2508,0.8963,1.8154,-1,-9.7595,-0.0833,-9.8429,HOLDING
2015-01-22,18,EVRG,WFC,29.0538,39.4769,0.8963,1.0072,-1,-8.6297,-0.0833,-8.7131,HOLDING
2015-01-23,18,EVRG,WFC,29.0205,39.1025,0.8963,1.1358,-1,-8.9656,-0.0833,-9.0489,HOLDING
2015-01-26,18,EVRG,WFC,29.0338,39.3374,0.8963,0.897,-1,-8.7404,-0.0833,-8.8238,HOLDING
2015-01-27,18,EVRG,WFC,29.0138,38.8896,0.8963,1.0929,-1,-9.1799,-0.0833,-9.2633,HOLDING
2015-01-28,18,EVRG,WFC,28.8203,38.2949,0.8963,1.1898,-1,-9.4459,-0.0833,-9.5292,HOLDING
2015-01-29,18,EVRG,WFC,29.3341,38.7354,0.8963,1.2972,-1,-9.9539,-0.0833,-10.0372,HOLDING
2015-01-30,18,EVRG,WFC,28.5066,38.1187,0.8963,0.772,-1,-9.037,-0.0833,-9.1203,HOLDING
2015-02-02,18,EVRG,WFC,28.3799,38.7721,0.8963,-0.0336,-1,-8.0989,-0.0833,-8.1822,HOLDING
2015-02-03,18,EVRG,WFC,28.5934,39.242,0.8963,-0.289,-1,-8.0042,-0.0833,-8.0875,HOLDING
2015-02-04,18,EVRG,WFC,28.4066,39.1903,0.8963,-0.6243,-1,-7.7038,-0.0833,-7.7871,HOLDING
2015-02-05,18,EVRG,WFC,28.8003,39.6632,0.8963,-0.5291,-1,-7.9486,-0.0833,-8.0319,HOLDING
2015-02-06,18,EVRG,WFC,27.439,40.2397,0.8963,-2.8628,-1,-4.7435,-0.0833,-4.8268,HOLDING
2015-02-09,18,EVRG,WFC,26.9852,40.0623,0.8963,-2.6848,-1,-4.0692,-0.0833,-4.1525,HOLDING
2015-02-10,18,EVRG,WFC,27.3923,40.3284,0.8963,-2.085,-1,-4.56,-0.0833,-4.6434,HOLDING
2015-02-11,18,EVRG,WFC,26.9785,39.8332,0.8963,-1.9,-1,-4.3008,-0.0833,-4.3841,HOLDING
2015-02-12,18,EVRG,WFC,26.8184,40.5427,0.8963,-2.0591,-1,-3.2395,-0.0833,-3.3228,HOLDING
2015-02-13,18,EVRG,WFC,26.2979,40.89,0.8963,-2.1978,-1,-1.8786,-0.0833,-1.962,HOLDING
2015-02-17,18,EVRG,WFC,26.0777,40.9196,0.8963,-1.9934,-1,-1.4281,-0.0833,-1.5114,HOLDING
2015-02-18,18,EVRG,WFC,26.8051,40.2914,0.8963,-1.1138,-1,-3.482,-0.0833,-3.5654,HOLDING
2015-02-19,18,EVRG,WFC,26.765,40.321,0.8963,-1.0438,-1,-3.3743,-0.0833,-3.4577,HOLDING
2015-02-20,18,EVRG,WFC,26.6916,40.5205,0.8963,-1.0596,-1,-3.0218,-0.0833,-3.1052,HOLDING
2015-02-23,18,EVRG,WFC,26.725,40.72,0.8963,-1.0093,-1,-2.8726,-0.0833,-2.9559,HOLDING
2015-02-24,18,EVRG,WFC,26.7784,40.9196,0.8963,-0.9518,-1,-2.7614,-0.0833,-2.8447,HOLDING
2015-02-25,18,EVRG,WFC,26.4581,40.89,0.8963,-1.0501,-1,-2.1834,-0.0833,-2.2667,HOLDING
2015-02-26,18,EVRG,WFC,26.2912,40.757,0.8963,-1.0211,-1,-2.0078,-0.0833,-2.0911,HOLDING
2015-02-27,18,EVRG,WFC,25.9242,40.4909,0.8963,-1.1051,-1,-1.5931,-0.0833,-1.6765,HOLDING
2015-03-02,18,EVRG,WFC,25.5706,41.0526,0.8963,-1.5323,-1,-0.3212,-0.0833,-0.4045,HOLDING
2015-03-03,18,EVRG,WFC,25.5639,40.9787,0.8963,-1.3963,-1,-0.3873,-0.0833,-0.4706,HOLDING
2015-03-04,18,EVRG,WFC,25.4505,40.5131,0.8963,-1.198,-1,-0.6679,-0.0833,-0.7513,HOLDING
2015-03-05,18,EVRG,WFC,25.6189,40.5279,0.8963,-1.0034,-1,-0.9727,-0.0833,-1.056,HOLDING
2015-03-06,18,EVRG,WFC,24.925,40.3431,0.8963,-1.7239,-1,0.1506,-0.0833,0.0673,HOLDING
2015-03-09,18,EVRG,WFC,24.8576,40.4023,0.8963,-1.6685,-1,0.0,0.1682,0.1682,PERIOD_END_EXIT
2014-09-08,19,LNT,SRE,20.5649,37.5968,0.9783,0.0,0,0.0,0.0,0.0,HOLD_CASH
2014-09-09,19,LNT,SRE,20.2579,37.0708,0.9783,0.0,0,0.0,0.0,0.0,HOLD_CASH
2014-09-10,19,LNT,SRE,20.1707,36.7797,0.9783,0.0,0,0.0,0.0,0.0,HOLD_CASH
2014-09-11,19,LNT,SRE,20.3556,37.1655,0.9783,0.0,0,0.0,0.0,0.0,HOLD_CASH
2014-09-12,19,LNT,SRE,19.9161,36.3343,0.9783,0.0,0,0.0,0.0,0.0,HOLD_CASH
2014-09-15,19,LNT,SRE,19.9614,36.5798,0.9783,0.0,0,0.0,0.0,0.0,HOLD_CASH
2014-09-16,19,LNT,SRE,20.1184,36.8709,0.9783,0.0,0,0.0,0.0,0.0,HOLD_CASH
2014-09-17,19,LNT,SRE,20.0626,36.941,0.9783,0.0,0,0.0,0.0,0.0,HOLD_CASH
2014-09-18,19,LNT,SRE,19.8951,36.9375,0.9783,0.0,0,0.0,0.0,0.0,HOLD_CASH
2014-09-19,19,LNT,SRE,20.0033,37.1725,0.9783,0.0,0,0.0,0.0,0.0,HOLD_CASH
2014-09-22,19,LNT,SRE,19.8707,36.934,0.9783,0.0,0,0.0,0.0,0.0,HOLD_CASH
2014-09-23,19,LNT,SRE,19.6475,36.754,0.9783,0.0,0,0.0,0.0,0.0,HOLD_CASH
2014-09-24,19,LNT,SRE,19.5114,36.7752,0.9783,0.0,0,0.0,0.0,0.0,HOLD_CASH
2014-09-25,19,LNT,SRE,19.2602,36.4364,0.9783,0.0,0,0.0,0.0,0.0,HOLD_CASH
2014-09-26,19,LNT,SRE,19.2986,36.6164,0.9783,0.0,0,0.0,0.0,0.0,HOLD_CASH
2014-09-29,19,LNT,SRE,19.323,36.994,0.9783,0.0,0,0.0,0.0,0.0,HOLD_CASH
2014-09-30,19,LNT,SRE,19.33,37.1881,0.9783,0.0,0,0.0,0.0,0.0,HOLD_CASH
2014-10-01,19,LNT,SRE,19.466,37.0787,0.9783,0.0,0,0.0,0.0,0.0,HOLD_CASH
2014-10-02,19,LNT,SRE,19.4765,37.0152,0.9783,0.0,0,0.0,0.0,0.0,HOLD_CASH
2014-10-03,19,LNT,SRE,19.6928,37.6821,0.9783,-1.3306,0,0.0,0.0,0.0,HOLD_CASH
2014-10-06,19,LNT,SRE,19.6509,37.7492,0.9783,-1.3751,0,0.0,0.0,0.0,HOLD_CASH
2014-10-07,19,LNT,SRE,19.637,37.5339,0.9783,-1.0159,0,0.0,0.0,0.0,HOLD_CASH
2014-10-08,19,LNT,SRE,20.0207,38.1268,0.9783,-0.7256,0,0.0,0.0,0.0,HOLD_CASH
2014-10-09,19,LNT,SRE,19.6405,37.3046,0.9783,-0.5325,0,0.0,0.0,0.0,HOLD_CASH
2014-10-10,19,LNT,SRE,19.8533,37.301,0.9783,0.2055,0,0.0,0.0,0.0,HOLD_CASH
2014-10-13,19,LNT,SRE,19.937,36.2318,0.9783,2.1624,-1,0.0,-0.0833,-0.0833,ENTER_SHORT_A
2014-10-14,19,LNT,SRE,20.3347,35.9953,0.9783,2.9023,-1,-1.1092,-0.0833,-1.1925,HOLDING
2014-10-15,19,LNT,SRE,20.08,35.3742,0.9783,2.5056,-1,-1.2776,-0.0833,-1.3609,HOLDING
2014-10-16,19,LNT,SRE,20.1428,35.8577,0.9783,1.8265,-1,-0.8603,-0.0833,-0.9437,HOLDING
2014-10-17,19,LNT,SRE,20.2579,36.4752,0.9783,1.3038,-1,-0.4012,-0.0833,-0.4845,HOLDING
2014-10-20,19,LNT,SRE,20.6731,36.9128,0.9783,1.4447,-1,-0.7806,-0.0833,-0.8639,HOLDING
2014-10-21,19,LNT,SRE,20.8266,37.3434,0.9783,1.1949,-1,-0.6152,-0.0833,-0.6985,HOLDING
2014-10-22,19,LNT,SRE,20.9243,37.3504,0.9783,1.2041,-1,-0.8136,-0.0833,-0.8969,HOLDING
2014-10-23,19,LNT,SRE,20.9626,37.6327,0.9783,0.9404,-1,-0.5735,-0.0833,-0.6568,HOLDING
2014-10-24,19,LNT,SRE,21.0568,38.0633,0.9783,0.6698,-1,-0.2828,-0.0833,-0.3662,HOLDING
2014-10-27,19,LNT,SRE,21.1371,38.028,0.9783,0.7298,-1,-0.4925,-0.0833,-0.5759,HOLDING
2014-10-28,19,LNT,SRE,21.2871,38.4797,0.9783,0.5193,-1,-0.2957,-0.0833,-0.379,HOLDING
2014-10-29,19,LNT,SRE,21.2484,38.2927,0.9783,0.5407,-1,-0.4267,-0.0833,-0.51,HOLDING
2014-10-30,19,LNT,SRE,21.7796,38.9914,0.9783,0.6917,-1,-0.7543,-0.0833,-0.8377,HOLDING
2014-10-31,19,LNT,SRE,21.7796,38.8185,0.9783,0.7614,-1,-0.951,-0.0833,-1.0343,HOLDING
2014-11-03,19,LNT,SRE,21.9484,39.1149,0.9783,0.7055,-1,-0.9706,-0.0833,-1.0539,HOLDING
2014-11-04,19,LNT,SRE,21.7479,39.1361,0.9783,0.2252,-1,-0.5228,-0.0833,-0.6061,HOLDING
2014-11-05,19,LNT,SRE,22.1947,40.0324,0.9783,0.0167,-1,-0.4473,-0.0833,-0.5306,HOLDING
2014-11-06,19,LNT,SRE,21.7374,39.8207,0.9783,-1.2837,-1,0.2781,-0.0833,0.1948,HOLDING
2014-11-07,19,LNT,SRE,22.0751,39.6972,0.9783,-0.1191,-1,-0.5759,-0.0833,-0.6592,HOLDING
2014-11-10,19,LNT,SRE,22.3037,39.736,0.9783,0.8929,-1,-1.0149,-0.0833,-1.0982,HOLDING
2014-11-11,19,LNT,SRE,22.3143,39.6972,0.9783,1.1132,-1,-1.0813,-0.0833,-1.1647,HOLDING
2014-11-12,19,LNT,SRE,21.9836,39.0478,0.9783,1.4019,-1,-1.1212,-0.0833,-1.2045,HOLDING
2014-11-13,19,LNT,SRE,21.7338,38.6455,0.9783,1.1833,-1,-1.051,-0.0833,-1.1344,HOLDING
2014-11-14,19,LNT,SRE,21.7303,38.3491,0.9783,1.845,-1,-1.3808,-0.0833,-1.4641,HOLDING
2014-11-17,19,LNT,SRE,21.8394,38.8114,0.9783,0.9709,-1,-1.0854,-0.0833,-1.1687,HOLDING
2014-11-18,19,LNT,SRE,22.0082,38.9879,0.9783,1.2272,-1,-1.2414,-0.0833,-1.3248,HOLDING
2014-11-19,19,LNT,SRE,22.0047,38.8573,0.9783,1.4299,-1,-1.3825,-0.0833,-1.4659,HOLDING
2014-11-20,19,LNT,SRE,21.9449,38.9102,0.9783,0.9081,-1,-1.196,-0.0833,-1.2793,HOLDING
2014-11-21,19,LNT,SRE,21.8851,38.9349,0.9783,0.4852,-1,-1.0415,-0.0833,-1.1249,HOLDING
2014-11-24,19,LNT,SRE,21.762,38.8749,0.9783,-0.0055,-1,-0.8496,-0.0833,-0.9329,HOLDING
2014-11-25,19,LNT,SRE,21.7409,39.2278,0.9783,-1.1216,-1,-0.4036,-0.0833,-0.4869,HOLDING
2014-11-26,19,LNT,SRE,21.8816,39.4078,0.9783,-0.9136,-1,-0.4962,-0.0833,-0.5795,HOLDING
2014-11-28,19,LNT,SRE,22.1173,39.429,0.9783,0.2154,-1,-0.9701,-0.0833,-1.0535,HOLDING
2014-12-01,19,LNT,SRE,22.3213,38.5609,0.9783,2.7257,-1,-2.3886,-0.0833,-2.472,HOLDING
2014-12-02,19,LNT,SRE,22.4198,39.0655,0.9783,1.7374,-1,-2.0228,-0.0833,-2.1061,HOLDING
2014-12-03,19,LNT,SRE,22.5043,39.0902,0.9783,1.7207,-1,-2.1731,-0.0833,-2.2564,HOLDING
2014-12-04,19,LNT,SRE,22.5957,39.2066,0.9783,1.5903,-1,-2.2339,-0.0833,-2.3172,HOLDING
2014-12-05,19,LNT,SRE,22.4269,38.8714,0.9783,1.5896,-1,-2.2584,-0.0833,-2.3418,HOLDING
2014-12-08,19,LNT,SRE,22.6837,38.642,0.9783,2.3519,-1,-3.0619,-0.0833,-3.1453,HOLDING
2014-12-09,19,LNT,SRE,22.7364,38.7514,0.9783,1.9525,-1,-3.049,-0.0833,-3.1323,HOLDING
2014-12-10,19,LNT,SRE,22.4304,38.2291,0.9783,1.6786,-1,-2.9964,-0.0833,-3.0797,HOLDING
2014-12-11,19,LNT,SRE,22.6239,38.6173,0.9783,1.4239,-1,-2.9636,-0.0833,-3.047,HOLDING
2014-12-12,19,LNT,SRE,22.3037,38.1444,0.9783,1.1758,-1,-2.8251,-0.0833,-2.9084,HOLDING
2014-12-15,19,LNT,SRE,22.0434,37.4492,0.9783,1.3383,-1,-3.0658,-0.0833,-3.1491,HOLDING
2014-12-16,19,LNT,SRE,22.0786,37.1387,0.9783,1.5949,-1,-3.4934,-0.0833,-3.5767,HOLDING
2014-12-17,19,LNT,SRE,22.5711,37.7104,0.9783,1.6752,-1,-3.8837,-0.0833,-3.967,HOLDING
2014-12-18,19,LNT,SRE,23.0249,39.0384,0.9783,0.965,-1,-3.332,-0.0833,-3.4154,HOLDING
2014-12-19,19,LNT,SRE,23.032,39.0952,0.9783,0.8286,-1,-3.2823,-0.0833,-3.3656,HOLDING
2014-12-22,19,LNT,SRE,23.2536,39.2692,0.9783,0.9582,-1,-3.5527,-0.0833,-3.636,HOLDING
2014-12-23,19,LNT,SRE,23.3275,39.1769,0.9783,1.1014,-1,-3.8138,-0.0833,-3.8971,HOLDING
2014-12-24,19,LNT,SRE,23.7144,39.8018,0.9783,1.1022,-1,-3.9206,-0.0833,-4.0039,HOLDING
2014-12-26,19,LNT,SRE,23.9748,40.7854,0.9783,0.3552,-1,-3.3519,-0.0833,-3.4352,HOLDING
2014-12-29,19,LNT,SRE,24.3864,41.137,0.9783,0.9177,-1,-3.8217,-0.0833,-3.905,HOLDING
2014-12-30,19,LNT,SRE,23.82,40.2386,0.9783,0.6857,-1,-3.6468,-0.0833,-3.7301,HOLDING
2014-12-31,19,LNT,SRE,23.3662,39.5426,0.9783,0.4298,-1,-3.4795,-0.0833,-3.5629,HOLDING
2015-01-02,19,LNT,SRE,23.3943,39.8018,0.9783,-0.1652,-1,-3.2442,-0.0833,-3.3275,HOLDING
2015-01-05,19,LNT,SRE,23.1094,39.0739,0.9783,0.3594,-1,-3.4701,-0.0833,-3.5534,HOLDING
2015-01-06,19,LNT,SRE,23.0355,38.7082,0.9783,1.129,-1,-3.73,-0.0833,-3.8133,HOLDING
2015-01-07,19,LNT,SRE,23.4154,39.3331,0.9783,1.1143,-1,-3.8219,-0.0833,-3.9052,HOLDING
2015-01-08,19,LNT,SRE,23.7848,39.6847,0.9783,1.8664,-1,-4.2025,-0.0833,-4.2858,HOLDING
2015-01-09,19,LNT,SRE,23.4471,39.326,0.9783,0.9998,-1,-3.8968,-0.0833,-3.9802,HOLDING
2015-01-12,19,LNT,SRE,23.3837,39.113,0.9783,1.2622,-1,-4.0054,-0.0833,-4.0887,HOLDING
2015-01-13,19,LNT,SRE,23.5456,39.3473,0.9783,1.3542,-1,-4.0807,-0.0833,-4.1641,HOLDING
2015-01-14,19,LNT,SRE,23.9783,39.5781,0.9783,2.6219,-1,-4.7325,-0.0833,-4.8158,HOLDING
2015-01-15,19,LNT,SRE,24.0346,39.8196,0.9783,1.826,-1,-4.5768,-0.0833,-4.6601,HOLDING
2015-01-16,19,LNT,SRE,24.4849,40.1072,0.9783,2.5262,-1,-5.201,-0.0833,-5.2844,HOLDING
2015-01-20,19,LNT,SRE,24.4743,40.3629,0.9783,1.6338,-1,-4.8879,-0.0833,-4.9712,HOLDING
2015-01-21,19,LNT,SRE,24.6502,40.6576,0.9783,1.4615,-1,-4.9244,-0.0833,-5.0077,HOLDING
2015-01-22,19,LNT,SRE,24.6432,40.6612,0.9783,1.2778,-1,-4.9055,-0.0833,-4.9888,HOLDING
2015-01-23,19,LNT,SRE,24.6959,40.8636,0.9783,0.9447,-1,-4.7867,-0.0833,-4.8701,HOLDING
2015-01-26,19,LNT,SRE,24.6854,40.6683,0.9783,1.1877,-1,-4.9866,-0.0833,-5.0699,HOLDING
2015-01-27,19,LNT,SRE,24.6326,40.6718,0.9783,0.9142,-1,-4.871,-0.0833,-4.9544,HOLDING
2015-01-28,19,LNT,SRE,24.5369,40.2457,0.9783,1.321,-1,-5.1534,-0.0833,-5.2367,HOLDING
2015-01-29,19,LNT,SRE,24.934,40.8138,0.9783,1.367,-1,-5.3463,-0.0833,-5.4296,HOLDING
2015-01-30,19,LNT,SRE,24.3277,39.7415,0.9783,1.3555,-1,-5.2849,-0.0833,-5.3682,HOLDING
2015-02-02,19,LNT,SRE,24.4411,40.1889,0.9783,0.7608,-1,-5.0158,-0.0833,-5.0991,HOLDING
2015-02-03,19,LNT,SRE,24.505,40.4126,0.9783,0.4095,-1,-4.8962,-0.0833,-4.9795,HOLDING
2015-02-04,19,LNT,SRE,24.1504,39.7805,0.9783,0.4253,-1,-4.8659,-0.0833,-4.9492,HOLDING
2015-02-05,19,LNT,SRE,24.3986,40.2741,0.9783,0.1108,-1,-4.8289,-0.0833,-4.9123,HOLDING
2015-02-06,19,LNT,SRE,23.3242,38.4241,0.9783,0.1692,-1,-4.6631,-0.0833,-4.7465,HOLDING
2015-02-09,19,LNT,SRE,22.92,38.3069,0.9783,-1.9968,-1,-3.9424,-0.0833,-4.0257,HOLDING
2015-02-10,19,LNT,SRE,23.4306,39.1946,0.9783,-2.0517,-1,-4.0115,-0.0833,-4.0948,HOLDING
2015-02-11,19,LNT,SRE,22.9271,38.0371,0.9783,-1.0507,-1,-4.2643,-0.0833,-4.3476,HOLDING
2015-02-12,19,LNT,SRE,22.8562,37.8773,0.9783,-0.8309,-1,-4.2962,-0.0833,-4.3795,HOLDING
2015-02-13,19,LNT,SRE,22.5406,37.4831,0.9783,-1.3161,-1,-4.0777,-0.0833,-4.1611,HOLDING
2015-02-17,19,LNT,SRE,22.4874,37.7317,0.9783,-2.1943,-1,-3.6826,-0.0833,-3.766,HOLDING
2015-02-18,19,LNT,SRE,23.0618,38.9567,0.9783,-2.3672,-1,-3.5029,-0.0833,-3.5863,HOLDING
2015-02-19,19,LNT,SRE,22.8881,38.7756,0.9783,-2.1935,-1,-3.3418,-0.0833,-3.4252,HOLDING
2015-02-20,19,LNT,SRE,22.9094,39.0384,0.9783,-2.2165,-1,-3.0879,-0.0833,-3.1712,HOLDING
2015-02-23,19,LNT,SRE,23.0796,39.255,0.9783,-1.7636,-1,-3.2011,-0.0833,-3.2845,HOLDING
2015-02-24,19,LNT,SRE,23.2285,39.1556,0.9783,-0.9851,-1,-3.6289,-0.0833,-3.7122,HOLDING
2015-02-25,19,LNT,SRE,22.8243,38.5768,0.9783,-1.0911,-1,-3.4331,-0.0833,-3.5164,HOLDING
2015-02-26,19,LNT,SRE,22.5902,38.5093,0.9783,-1.5278,-1,-3.0154,-0.0833,-3.0988,HOLDING
2015-02-27,19,LNT,SRE,22.5512,38.4205,0.9783,-1.3538,-1,-3.034,-0.0833,-3.1173,HOLDING
2015-03-02,19,LNT,SRE,22.1293,38.0406,0.9783,-1.8011,-1,-2.5746,-0.0833,-2.6579,HOLDING
2015-03-03,19,LNT,SRE,22.2108,38.5874,0.9783,-2.136,-1,-2.1249,-0.0833,-2.2083,HOLDING
2015-03-04,19,LNT,SRE,22.0158,38.3176,0.9783,-1.9459,-1,-2.0199,-0.0833,-2.1032,HOLDING
2015-03-05,19,LNT,SRE,22.0548,38.6372,0.9783,-2.0051,-1,-1.7388,-0.0833,-1.8221,HOLDING
2015-03-06,19,LNT,SRE,21.3634,37.9944,0.9783,-2.3517,-1,-1.0089,-0.0833,-1.0923,HOLDING
2015-03-09,19,LNT,SRE,21.523,38.3495,0.9783,-2.0822,-1,0.0,-1.1146,-1.1146,PERIOD_END_EXIT
2014-09-08,20,CB,EG,85.4981,129.1228,0.8722,0.0,0,0.0,0.0,0.0,HOLD_CASH
2014-09-09,20,CB,EG,84.9907,127.9399,0.8722,0.0,0,0.0,0.0,0.0,HOLD_CASH
2014-09-10,20,CB,EG,85.1598,127.798,0.8722,0.0,0,0.0,0.0,0.0,HOLD_CASH
2014-09-11,20,CB,EG,84.9343,127.869,0.8722,0.0,0,0.0,0.0,0.0,HOLD_CASH
2014-09-12,20,CB,EG,84.4913,127.5457,0.8722,0.0,0,0.0,0.0,0.0,HOLD_CASH
2014-09-15,20,CB,EG,85.1115,128.2396,0.8722,0.0,0,0.0,0.0,0.0,HOLD_CASH
2014-09-16,20,CB,EG,85.3048,128.6102,0.8722,0.0,0,0.0,0.0,0.0,HOLD_CASH
2014-09-17,20,CB,EG,85.4015,128.7837,0.8722,0.0,0,0.0,0.0,0.0,HOLD_CASH
2014-09-18,20,CB,EG,86.5051,129.3672,0.8722,0.0,0,0.0,0.0,0.0,HOLD_CASH
2014-09-19,20,CB,EG,86.1909,128.7048,0.8722,0.0,0,0.0,0.0,0.0,HOLD_CASH
2014-09-22,20,CB,EG,85.8848,128.6102,0.8722,0.0,0,0.0,0.0,0.0,HOLD_CASH
2014-09-23,20,CB,EG,84.9182,126.6862,0.8722,0.0,0,0.0,0.0,0.0,HOLD_CASH
2014-09-24,20,CB,EG,85.8606,127.5299,0.8722,0.0,0,0.0,0.0,0.0,HOLD_CASH
2014-09-25,20,CB,EG,84.9826,125.9371,0.8722,0.0,0,0.0,0.0,0.0,HOLD_CASH
2014-09-26,20,CB,EG,85.7688,127.1278,0.8722,0.0,0,0.0,0.0,0.0,HOLD_CASH
2014-09-29,20,CB,EG,84.9745,126.2367,0.8722,0.0,0,0.0,0.0,0.0,HOLD_CASH
2014-09-30,20,CB,EG,84.9988,127.7508,0.8722,0.0,0,0.0,0.0,0.0,HOLD_CASH
2014-10-01,20,CB,EG,84.1478,126.5916,0.8722,0.0,0,0.0,0.0,0.0,HOLD_CASH
2014-10-02,20,CB,EG,84.8043,127.3249,0.8722,0.0,0,0.0,0.0,0.0,HOLD_CASH
2014-10-03,20,CB,EG,86.2713,129.2174,0.8722,0.3343,0,0.0,0.0,0.0,HOLD_CASH
2014-10-06,20,CB,EG,86.0768,127.459,0.8722,1.7573,0,0.0,0.0,0.0,HOLD_CASH
2014-10-07,20,CB,EG,85.2095,127.2145,0.8722,0.315,0,0.0,0.0,0.0,HOLD_CASH
2014-10-08,20,CB,EG,86.5226,129.0439,0.8722,0.7208,0,0.0,0.0,0.0,HOLD_CASH
2014-10-09,20,CB,EG,85.0393,126.489,0.8722,0.6686,0,0.0,0.0,0.0,HOLD_CASH
2014-10-10,20,CB,EG,85.0232,126.497,0.8722,0.5525,0,0.0,0.0,0.0,HOLD_CASH
2014-10-13,20,CB,EG,83.6534,125.4167,0.8722,-1.0816,0,0.0,0.0,0.0,HOLD_CASH
2014-10-14,20,CB,EG,84.4882,126.5442,0.8722,-0.7679,0,0.0,0.0,0.0,HOLD_CASH
2014-10-15,20,CB,EG,83.5723,125.3772,0.8722,-1.3741,0,0.0,0.0,0.0,HOLD_CASH
2014-10-16,20,CB,EG,83.4183,124.8725,0.8722,-0.9568,0,0.0,0.0,0.0,HOLD_CASH
2014-10-17,20,CB,EG,84.7881,126.2446,0.8722,0.3639,0,0.0,0.0,0.0,HOLD_CASH
2014-10-20,20,CB,EG,85.1771,127.0725,0.8722,0.1224,0,0.0,0.0,0.0,HOLD_CASH
2014-10-21,20,CB,EG,86.482,130.1478,0.8722,-0.9137,0,0.0,0.0,0.0,HOLD_CASH
2014-10-22,20,CB,EG,85.785,130.2346,0.8722,-2.14,1,0.0,-0.0833,-0.0833,ENTER_LONG_A
2014-10-23,20,CB,EG,85.4284,128.831,0.8722,-1.1205,1,0.2334,-0.0833,0.15,HOLDING
2014-10-24,20,CB,EG,86.6442,130.4475,0.8722,-0.4812,1,0.3823,-0.0833,0.299,HOLDING
2014-10-27,20,CB,EG,87.6735,131.1729,0.8722,0.8513,1,0.7002,-0.0833,0.6168,HOLDING
2014-10-28,20,CB,EG,88.3787,131.7092,0.8722,1.4951,1,0.9062,-0.0833,0.8229,HOLDING
2014-10-29,20,CB,EG,87.8356,132.0956,0.8722,-0.1275,1,0.5092,-0.0833,0.4259,HOLDING
2014-10-30,20,CB,EG,88.3138,133.6647,0.8722,-1.0012,1,0.2896,-0.0833,0.2063,HOLDING
2014-10-31,20,CB,EG,88.5894,134.5637,0.8722,-1.3477,1,0.1646,-0.0833,0.0813,HOLDING
2014-11-03,20,CB,EG,88.1842,134.611,0.8722,-1.9693,1,-0.0598,-0.0833,-0.1431,HOLDING
2014-11-04,20,CB,EG,88.9379,135.2733,0.8722,-1.1215,1,0.1339,-0.0833,0.0506,HOLDING
2014-11-05,20,CB,EG,89.562,136.1407,0.8722,-0.7984,1,0.1992,-0.0833,0.1158,HOLDING
2014-11-06,20,CB,EG,89.7485,135.7386,0.8722,0.0652,1,0.4157,-0.0833,0.3324,HOLDING
2014-11-07,20,CB,EG,89.8133,135.8963,0.8722,0.087,1,0.4024,-0.0833,0.3191,HOLDING
2014-11-10,20,CB,EG,90.3807,135.2339,0.8722,1.7955,1,0.8942,-0.0833,0.8109,HOLDING
2014-11-11,20,CB,EG,89.9835,135.092,0.8722,1.1052,1,0.7305,-0.0833,0.6471,HOLDING
2014-11-12,20,CB,EG,89.7809,134.1615,0.8722,1.525,1,0.9027,-0.0833,0.8194,HOLDING
2014-11-13,20,CB,EG,89.6836,134.6662,0.8722,0.7822,1,0.7018,-0.0833,0.6185,HOLDING
2014-11-14,20,CB,EG,89.6593,134.6346,0.8722,0.7752,1,0.6986,-0.0833,0.6153,HOLDING
2014-11-17,20,CB,EG,90.0808,134.2088,0.8722,1.7166,1,1.0442,-0.0833,0.9609,HOLDING
2014-11-18,20,CB,EG,90.1537,134.8002,0.8722,1.1652,1,0.9058,-0.0833,0.8224,HOLDING
2014-11-19,20,CB,EG,91.0372,134.7214,0.8722,2.1753,1,1.3877,-0.0833,1.3043,HOLDING
2014-11-20,20,CB,EG,91.329,136.8741,0.8722,0.7559,1,0.8974,-0.0833,0.814,HOLDING
2014-11-21,20,CB,EG,91.2317,136.7952,0.8722,0.6197,1,0.8704,-0.0833,0.7871,HOLDING
2014-11-24,20,CB,EG,91.9044,138.2935,0.8722,0.3395,1,0.7728,-0.0833,0.6895,HOLDING
2014-11-25,20,CB,EG,92.0341,137.8125,0.8722,0.891,1,0.9835,-0.0833,0.9002,HOLDING
2014-11-26,20,CB,EG,92.4232,138.4906,0.8722,0.8097,1,0.9832,-0.0833,0.8999,HOLDING
2014-11-28,20,CB,EG,92.6744,138.3013,0.8722,1.1665,1,1.17,-0.0833,1.0867,HOLDING
2014-12-01,20,CB,EG,93.104,136.6681,0.8722,2.425,1,1.8797,-0.0833,1.7964,HOLDING
2014-12-02,20,CB,EG,93.1932,137.5244,0.8722,1.7894,1,1.6708,-0.0833,1.5874,HOLDING
2014-12-03,20,CB,EG,93.7605,138.0952,0.8722,1.845,1,1.795,-0.0833,1.7116,HOLDING
2014-12-04,20,CB,EG,94.1252,138.4361,0.8722,1.8271,1,1.8826,-0.0833,1.7993,HOLDING
2014-12-05,20,CB,EG,94.0766,138.3092,0.8722,1.656,1,1.8952,-0.0833,1.8119,HOLDING
2014-12-08,20,CB,EG,95.3005,139.7522,0.8722,1.8291,1,2.1001,-0.0833,2.0167,HOLDING
2014-12-09,20,CB,EG,94.0685,136.5729,0.8722,2.101,1,2.4086,-0.0833,2.3252,HOLDING
2014-12-10,20,CB,EG,93.104,134.1469,0.8722,2.1363,1,2.6313,-0.0833,2.548,HOLDING
2014-12-11,20,CB,EG,93.2823,136.4541,0.8722,0.9961,1,2.0361,-0.0833,1.9527,HOLDING
2014-12-12,20,CB,EG,91.8477,133.9408,0.8722,0.9549,1,2.0409,-0.0833,1.9576,HOLDING
2014-12-15,20,CB,EG,90.9755,133.0369,0.8722,0.5876,1,1.8578,-0.0833,1.7744,HOLDING
2014-12-16,20,CB,EG,90.2744,132.2996,0.8722,0.2901,1,1.7138,-0.0833,1.6304,HOLDING
2014-12-17,20,CB,EG,91.864,133.925,0.8722,0.7865,1,2.0541,-0.0833,1.9707,HOLDING
2014-12-18,20,CB,EG,93.3721,136.1606,0.8722,0.8643,1,2.1701,-0.0833,2.0868,HOLDING
2014-12-19,20,CB,EG,93.5026,135.9783,0.8722,0.9914,1,2.2922,-0.0833,2.2088,HOLDING
2014-12-22,20,CB,EG,94.0242,135.2569,0.8722,1.7133,1,2.7779,-0.0833,2.6946,HOLDING
2014-12-23,20,CB,EG,94.7335,136.6206,0.8722,1.512,1,2.7394,-0.0833,2.6561,HOLDING
2014-12-24,20,CB,EG,94.5867,136.4303,0.8722,1.3892,1,2.72,-0.0833,2.6367,HOLDING
2014-12-26,20,CB,EG,94.7335,135.9466,0.8722,1.7629,1,2.9403,-0.0833,2.8569,HOLDING
2014-12-29,20,CB,EG,94.9454,136.0497,0.8722,1.8178,1,3.0196,-0.0833,2.9362,HOLDING
2014-12-30,20,CB,EG,94.7824,136.7632,0.8722,1.0046,1,2.7223,-0.0833,2.6389,HOLDING
2014-12-31,20,CB,EG,93.6493,135.019,0.8722,0.8276,1,2.6543,-0.0833,2.5709,HOLDING
2015-01-02,20,CB,EG,93.2906,133.8456,0.8722,1.1506,1,2.8179,-0.0833,2.7346,HOLDING
2015-01-05,20,CB,EG,91.7662,133.1242,0.8722,-0.2946,1,2.242,-0.0833,2.1587,HOLDING
2015-01-06,20,CB,EG,90.9591,133.9645,0.8722,-1.8989,1,1.5728,-0.0833,1.4894,HOLDING
2015-01-07,20,CB,EG,92.2553,134.8684,0.8722,-0.9261,1,1.9759,-0.0833,1.8925,HOLDING
2015-01-08,20,CB,EG,93.7471,138.7136,0.8722,-1.6584,1,1.6037,-0.0833,1.5204,HOLDING
2015-01-09,20,CB,EG,92.4184,136.0497,0.8722,-1.2375,1,1.7083,-0.0833,1.625,HOLDING
2015-01-12,20,CB,EG,91.3015,134.5512,0.8722,-1.3794,1,1.5755,-0.0833,1.4922,HOLDING
2015-01-13,20,CB,EG,91.4401,134.0359,0.8722,-0.8651,1,1.8011,-0.0833,1.7177,HOLDING
2015-01-14,20,CB,EG,89.5488,132.3947,0.8722,-1.6668,1,1.309,-0.0833,1.2256,HOLDING
2015-01-15,20,CB,EG,89.5244,133.1558,0.8722,-1.8998,1,1.0694,-0.0833,0.9861,HOLDING
2015-01-16,20,CB,EG,91.0977,135.3361,0.8722,-1.4664,1,1.2358,-0.0833,1.1525,HOLDING
2015-01-20,20,CB,EG,90.0543,134.1231,0.8722,-1.5465,1,1.056,-0.0833,0.9727,HOLDING
2015-01-21,20,CB,EG,90.1114,134.4165,0.8722,-1.452,1,0.9982,-0.0833,0.9148,HOLDING
2015-01-22,20,CB,EG,92.4672,137.342,0.8722,-0.8835,1,1.3485,-0.0833,1.2651,HOLDING
2015-01-23,20,CB,EG,92.0189,136.9535,0.8722,-0.9479,1,1.2316,-0.0833,1.1483,HOLDING
2015-01-26,20,CB,EG,92.0352,138.6026,0.8722,-1.4765,1,0.7485,-0.0833,0.6652,HOLDING
2015-01-27,20,CB,EG,90.7309,138.5471,0.8722,-2.0813,1,0.0883,-0.0833,0.005,HOLDING
2015-01-28,20,CB,EG,89.1005,136.8743,0.8722,-2.2064,1,-0.259,-0.0833,-0.3423,HOLDING
2015-01-29,20,CB,EG,89.7771,137.4371,0.8722,-1.7509,1,-0.0757,-0.0833,-0.159,HOLDING
2015-01-30,20,CB,EG,88.0082,135.8752,0.8722,-2.0247,1,-0.528,-0.0833,-0.6113,HOLDING
2015-02-02,20,CB,EG,89.1087,137.5957,0.8722,-1.7823,1,-0.4698,-0.0833,-0.5531,HOLDING
2015-02-03,20,CB,EG,90.4945,139.6571,0.8722,-1.4875,1,-0.3652,-0.0833,-0.4486,HOLDING
2015-02-04,20,CB,EG,90.9918,141.1159,0.8722,-1.4925,1,-0.5421,-0.0833,-0.6254,HOLDING
2015-02-05,20,CB,EG,92.1982,144.1603,0.8722,-1.5937,1,-0.8236,-0.0833,-0.9069,HOLDING
2015-02-06,20,CB,EG,92.0189,144.7866,0.8722,-1.6605,1,-1.1034,-0.0833,-1.1867,HOLDING
2015-02-09,20,CB,EG,91.2771,143.7718,0.8722,-1.5655,1,-1.1858,-0.0833,-1.2691,HOLDING
2015-02-10,20,CB,EG,91.0977,144.2158,0.8722,-1.592,1,-1.4112,-0.0833,-1.4945,HOLDING
2015-02-11,20,CB,EG,91.6765,144.3031,0.8722,-1.2124,1,-1.1369,-0.0833,-1.2202,HOLDING
2015-02-12,20,CB,EG,92.0841,144.3744,0.8722,-0.9237,1,-0.9467,-0.0833,-1.03,HOLDING
2015-02-13,20,CB,EG,92.1575,143.8353,0.8722,-0.6427,1,-0.7479,-0.0833,-0.8312,HOLDING
2015-02-17,20,CB,EG,92.8585,141.7581,0.8722,0.4912,1,0.2351,-0.0833,0.1517,HOLDING
2015-02-18,20,CB,EG,92.6955,142.4954,0.8722,0.2246,1,-0.0693,-0.0833,-0.1526,HOLDING
2015-02-19,20,CB,EG,92.8667,141.8929,0.8722,0.6361,1,0.1991,-0.0833,0.1158,HOLDING
2015-02-20,20,CB,EG,93.3395,141.877,0.8722,1.1335,1,0.4492,-0.0833,0.3659,HOLDING
2015-02-23,20,CB,EG,92.5732,140.878,0.8722,1.1984,1,0.3494,-0.0833,0.2661,HOLDING
2015-02-24,20,CB,EG,93.3476,142.432,0.8722,1.2135,1,0.288,-0.0833,0.2046,HOLDING
2015-02-25,20,CB,EG,93.1194,140.8938,0.8722,1.6512,1,0.6281,-0.0833,0.5447,HOLDING
2015-02-26,20,CB,EG,93.5678,141.2269,0.8722,1.6447,1,0.7614,-0.0833,0.6781,HOLDING
2015-02-27,20,CB,EG,92.9401,140.6719,0.8722,1.2928,1,0.6012,-0.0833,0.5179,HOLDING
2015-03-02,20,CB,EG,93.2335,142.6064,0.8722,0.6243,1,0.1768,-0.0833,0.0934,HOLDING
2015-03-03,20,CB,EG,92.7933,141.5599,0.8722,0.6804,1,0.2603,-0.0833,0.177,HOLDING
2015-03-04,20,CB,EG,91.7906,141.1872,0.8722,0.0771,1,-0.1488,-0.0833,-0.2322,HOLDING
2015-03-05,20,CB,EG,92.2716,141.3775,0.8722,0.3141,1,0.044,-0.0833,-0.0393,HOLDING
2015-03-06,20,CB,EG,91.2852,141.1872,0.8722,-0.3814,1,-0.4111,-0.0833,-0.4944,HOLDING
2015-03-09,20,CB,EG,91.9781,141.2669,0.8722,0.0439,1,0.0,-0.2485,-0.2485,PERIOD_END_EXIT
