Date,Pair_Rank,Ticker_A,Ticker_B,Price_A,Price_B,Hedge_Ratio,ZScore,Position,Unrealized_PnL,Realized_PnL,Cumulative_PnL,Status
2014-05-08,1,CMS,XEL,20.961,21.4482,0.9862,0.0,0,0.0,0.0,0.0,HOLD_CASH
2014-05-09,1,CMS,XEL,20.6313,21.1456,0.9862,0.0,0,0.0,0.0,0.0,HOLD_CASH
2014-05-12,1,CMS,XEL,20.3718,20.9531,0.9862,0.0,0,0.0,0.0,0.0,HOLD_CASH
2014-05-13,1,CMS,XEL,20.4209,21.0218,0.9862,0.0,0,0.0,0.0,0.0,HOLD_CASH
2014-05-14,1,CMS,XEL,20.5191,21.2144,0.9862,0.0,0,0.0,0.0,0.0,HOLD_CASH
2014-05-15,1,CMS,XEL,20.505,21.0287,0.9862,0.0,0,0.0,0.0,0.0,HOLD_CASH
2014-05-16,1,CMS,XEL,20.5331,20.9737,0.9862,0.0,0,0.0,0.0,0.0,HOLD_CASH
2014-05-19,1,CMS,XEL,20.2595,20.6711,0.9862,0.0,0,0.0,0.0,0.0,HOLD_CASH
2014-05-20,1,CMS,XEL,20.3086,20.6918,0.9862,0.0,0,0.0,0.0,0.0,HOLD_CASH
2014-05-21,1,CMS,XEL,20.2525,20.6574,0.9862,0.0,0,0.0,0.0,0.0,HOLD_CASH
2014-05-22,1,CMS,XEL,20.498,20.8362,0.9862,0.0,0,0.0,0.0,0.0,HOLD_CASH
2014-05-23,1,CMS,XEL,20.5541,20.7949,0.9862,0.0,0,0.0,0.0,0.0,HOLD_CASH
2014-05-27,1,CMS,XEL,20.505,20.8843,0.9862,0.0,0,0.0,0.0,0.0,HOLD_CASH
2014-05-28,1,CMS,XEL,20.7155,20.9737,0.9862,0.0,0,0.0,0.0,0.0,HOLD_CASH
2014-05-29,1,CMS,XEL,20.6664,21.0218,0.9862,0.0,0,0.0,0.0,0.0,HOLD_CASH
2014-05-30,1,CMS,XEL,20.8698,21.1525,0.9862,0.0,0,0.0,0.0,0.0,HOLD_CASH
2014-06-02,1,CMS,XEL,20.8488,21.0906,0.9862,0.0,0,0.0,0.0,0.0,HOLD_CASH
2014-06-03,1,CMS,XEL,20.8909,21.0975,0.9862,0.0,0,0.0,0.0,0.0,HOLD_CASH
2014-06-04,1,CMS,XEL,20.8909,21.1387,0.9862,0.0,0,0.0,0.0,0.0,HOLD_CASH
2014-06-05,1,CMS,XEL,21.1294,21.3106,0.9862,1.4885,0,0.0,0.0,0.0,HOLD_CASH
2014-06-06,1,CMS,XEL,21.1294,21.4344,0.9862,0.6052,0,0.0,0.0,0.0,HOLD_CASH
2014-06-09,1,CMS,XEL,20.9259,21.3175,0.9862,-0.055,0,0.0,0.0,0.0,HOLD_CASH
2014-06-10,1,CMS,XEL,20.7997,21.1456,0.9862,0.1521,0,0.0,0.0,0.0,HOLD_CASH
2014-06-11,1,CMS,XEL,20.6033,20.9256,0.9862,0.1955,0,0.0,0.0,0.0,HOLD_CASH
2014-06-12,1,CMS,XEL,20.6313,21.0768,0.9862,-1.1737,0,0.0,0.0,0.0,HOLD_CASH
2014-06-13,1,CMS,XEL,20.7365,21.1044,0.9862,-0.4584,0,0.0,0.0,0.0,HOLD_CASH
2014-06-16,1,CMS,XEL,20.9259,21.2556,0.9862,-0.0091,0,0.0,0.0,0.0,HOLD_CASH
2014-06-17,1,CMS,XEL,20.8418,21.2695,0.9862,-1.2839,0,0.0,0.0,0.0,HOLD_CASH
2014-06-18,1,CMS,XEL,21.3679,21.832,0.9862,-1.4264,0,0.0,0.0,0.0,HOLD_CASH
2014-06-19,1,CMS,XEL,21.5503,21.9848,0.9862,-1.0197,0,0.0,0.0,0.0,HOLD_CASH
2014-06-20,1,CMS,XEL,21.4801,21.9362,0.9862,-1.2045,0,0.0,0.0,0.0,HOLD_CASH
2014-06-23,1,CMS,XEL,21.403,21.832,0.9862,-0.836,0,0.0,0.0,0.0,HOLD_CASH
2014-06-24,1,CMS,XEL,21.417,21.8459,0.9862,-0.8105,0,0.0,0.0,0.0,HOLD_CASH
2014-06-25,1,CMS,XEL,21.5994,21.95,0.9862,0.2013,0,0.0,0.0,0.0,HOLD_CASH
2014-06-26,1,CMS,XEL,21.6064,22.0334,0.9862,-0.6597,0,0.0,0.0,0.0,HOLD_CASH
2014-06-27,1,CMS,XEL,21.6836,22.1306,0.9862,-0.7788,0,0.0,0.0,0.0,HOLD_CASH
2014-06-30,1,CMS,XEL,21.8519,22.3806,0.9862,-1.477,0,0.0,0.0,0.0,HOLD_CASH
2014-07-01,1,CMS,XEL,21.6555,22.2486,0.9862,-2.0457,1,0.0,-0.0833,-0.0833,ENTER_LONG_A
2014-07-02,1,CMS,XEL,21.1084,21.8806,0.9862,-3.044,1,-0.3756,-0.0833,-0.459,HOLDING
2014-07-03,1,CMS,XEL,20.8628,21.8945,0.9862,-3.4108,1,-0.8772,-0.0833,-0.9605,HOLDING
2014-07-07,1,CMS,XEL,21.0522,21.9778,0.9862,-2.2231,1,-0.6652,-0.0833,-0.7485,HOLDING
2014-07-08,1,CMS,XEL,21.1995,21.95,0.9862,-1.17,1,-0.3281,-0.0833,-0.4115,HOLDING
2014-07-09,1,CMS,XEL,21.0943,21.9709,0.9862,-1.5884,1,-0.5707,-0.0833,-0.6541,HOLDING
2014-07-10,1,CMS,XEL,21.3188,22.082,0.9862,-0.916,1,-0.3424,-0.0833,-0.4258,HOLDING
2014-07-11,1,CMS,XEL,21.1855,21.9362,0.9862,-0.8119,1,-0.3295,-0.0833,-0.4128,HOLDING
2014-07-14,1,CMS,XEL,20.9891,21.7626,0.9862,-0.8701,1,-0.3872,-0.0833,-0.4705,HOLDING
2014-07-15,1,CMS,XEL,21.1925,21.9014,0.9862,-0.4581,1,-0.2513,-0.0833,-0.3346,HOLDING
2014-07-16,1,CMS,XEL,21.1925,22.0195,0.9862,-0.9183,1,-0.4708,-0.0833,-0.5542,HOLDING
2014-07-17,1,CMS,XEL,21.0943,21.8806,0.9862,-0.6772,1,-0.4028,-0.0833,-0.4862,HOLDING
2014-07-18,1,CMS,XEL,21.3258,22.0889,0.9862,-0.4449,1,-0.3418,-0.0833,-0.4251,HOLDING
2014-07-21,1,CMS,XEL,21.3328,22.0056,0.9862,0.0491,1,-0.1732,-0.0833,-0.2565,HOLDING
2014-07-22,1,CMS,XEL,21.3679,22.0125,0.9862,0.2644,1,-0.1182,-0.0833,-0.2015,HOLDING
2014-07-23,1,CMS,XEL,21.3889,21.9014,0.9862,1.0146,1,0.1292,-0.0833,0.0459,HOLDING
2014-07-24,1,CMS,XEL,21.4451,22.0403,0.9862,0.7159,1,-0.0203,-0.0833,-0.1036,HOLDING
2014-07-25,1,CMS,XEL,21.1995,21.8945,0.9862,0.1525,1,-0.2248,-0.0833,-0.3081,HOLDING
2014-07-28,1,CMS,XEL,21.4521,22.2695,0.9862,-0.4905,1,-0.4329,-0.0833,-0.5162,HOLDING
2014-07-29,1,CMS,XEL,21.2136,22.0195,0.9862,-0.4215,1,-0.4301,-0.0833,-0.5134,HOLDING
2014-07-30,1,CMS,XEL,20.8172,21.6098,0.9862,-0.4082,1,-0.4361,-0.0833,-0.5194,HOLDING
2014-07-31,1,CMS,XEL,20.4774,21.3876,0.9862,-1.4182,1,-0.6811,-0.0833,-0.7644,HOLDING
2014-08-01,1,CMS,XEL,20.5341,21.5126,0.9862,-2.0146,1,-0.8039,-0.0833,-0.8872,HOLDING
2014-08-04,1,CMS,XEL,20.435,21.339,0.9862,-1.4245,1,-0.673,-0.0833,-0.7563,HOLDING
2014-08-05,1,CMS,XEL,20.0952,20.9918,0.9862,-1.3691,1,-0.6855,-0.0833,-0.7689,HOLDING
2014-08-06,1,CMS,XEL,19.9466,20.5821,0.9862,0.6079,1,-0.2116,-0.0833,-0.2949,HOLDING
2014-08-07,1,CMS,XEL,20.1731,20.8182,0.9862,0.5852,1,-0.2118,-0.0833,-0.2952,HOLDING
2014-08-08,1,CMS,XEL,20.619,21.2209,0.9862,1.0121,1,-0.0969,-0.0833,-0.1802,HOLDING
2014-08-11,1,CMS,XEL,20.6615,21.1445,0.9862,1.6842,1,0.1275,-0.0833,0.0441,HOLDING
2014-08-12,1,CMS,XEL,20.6685,21.1793,0.9862,1.3579,1,0.0766,-0.0833,-0.0067,HOLDING
2014-08-13,1,CMS,XEL,20.7818,21.2904,0.9862,1.2563,1,0.0894,-0.0833,0.006,HOLDING
2014-08-14,1,CMS,XEL,20.9092,21.4501,0.9862,0.9843,1,0.0392,-0.0833,-0.0441,HOLDING
2014-08-15,1,CMS,XEL,20.9587,21.5403,0.9862,0.6857,1,-0.0327,-0.0833,-0.116,HOLDING
2014-08-18,1,CMS,XEL,20.888,21.4501,0.9862,0.7488,1,-0.0019,-0.0833,-0.0853,HOLDING
2014-08-19,1,CMS,XEL,21.1569,21.7764,0.9862,0.4661,1,-0.0878,-0.0833,-0.1711,HOLDING
2014-08-20,1,CMS,XEL,21.1923,21.7834,0.9862,0.6879,1,-0.0321,-0.0833,-0.1155,HOLDING
2014-08-21,1,CMS,XEL,21.2773,21.8181,0.9862,0.989,1,0.0678,-0.0833,-0.0155,HOLDING
2014-08-22,1,CMS,XEL,21.1923,21.7973,0.9862,0.5493,1,-0.058,-0.0833,-0.1413,HOLDING
2014-08-25,1,CMS,XEL,21.3268,21.9223,0.9862,0.5775,1,-0.0299,-0.0833,-0.1132,HOLDING
2014-08-26,1,CMS,XEL,21.0225,21.7001,0.9862,-0.0322,1,-0.2063,-0.0833,-0.2896,HOLDING
2014-08-27,1,CMS,XEL,21.2277,21.957,0.9862,-0.317,1,-0.2864,-0.0833,-0.3697,HOLDING
2014-08-28,1,CMS,XEL,21.5109,22.1098,0.9862,0.483,1,-0.022,-0.0833,-0.1053,HOLDING
2014-08-29,1,CMS,XEL,21.617,22.2556,0.9862,0.1452,1,-0.0875,-0.0833,-0.1708,HOLDING
2014-09-02,1,CMS,XEL,21.4047,22.0056,0.9862,0.2821,1,-0.034,-0.0833,-0.1173,HOLDING
2014-09-03,1,CMS,XEL,21.5675,22.1723,0.9862,0.2106,1,-0.0285,-0.0833,-0.1118,HOLDING
2014-09-04,1,CMS,XEL,21.4684,22.1236,0.9862,-0.7603,1,-0.1301,-0.0833,-0.2134,HOLDING
2014-09-05,1,CMS,XEL,21.8152,22.5542,0.9862,-1.8447,1,-0.2588,-0.0833,-0.3421,HOLDING
2014-09-08,1,CMS,XEL,21.617,22.3459,0.9862,-1.6394,1,-0.2554,-0.0833,-0.3387,HOLDING
2014-09-09,1,CMS,XEL,21.3976,22.0264,0.9862,-0.1698,1,-0.0864,-0.0833,-0.1698,HOLDING
2014-09-10,1,CMS,XEL,21.2702,21.9223,0.9862,-0.5807,1,-0.1396,-0.0833,-0.2229,HOLDING
2014-09-11,1,CMS,XEL,21.3905,22.1445,0.9862,-1.9798,1,-0.3197,-0.0833,-0.403,HOLDING
2014-09-12,1,CMS,XEL,20.9729,21.7139,0.9862,-1.8355,1,-0.3281,-0.0833,-0.4115,HOLDING
2014-09-15,1,CMS,XEL,20.9517,21.7556,0.9862,-2.2913,1,-0.4467,-0.0833,-0.5301,HOLDING
2014-09-16,1,CMS,XEL,21.1357,22.001,0.9862,-2.3789,1,-0.5466,-0.0833,-0.6299,HOLDING
2014-09-17,1,CMS,XEL,21.072,21.9099,0.9862,-1.799,1,-0.5005,-0.0833,-0.5838,HOLDING
2014-09-18,1,CMS,XEL,20.8313,21.7065,0.9862,-1.9701,1,-0.5886,-0.0833,-0.6719,HOLDING
2014-09-19,1,CMS,XEL,20.9658,21.8678,0.9862,-1.8826,1,-0.6279,-0.0833,-0.7113,HOLDING
2014-09-22,1,CMS,XEL,20.7818,21.6645,0.9862,-1.5844,1,-0.6064,-0.0833,-0.6897,HOLDING
2014-09-23,1,CMS,XEL,20.9517,21.6224,0.9862,0.4079,1,-0.199,-0.0833,-0.2823,HOLDING
2014-09-24,1,CMS,XEL,20.9375,21.5663,0.9862,0.7543,1,-0.1221,-0.0833,-0.2055,HOLDING
2014-09-25,1,CMS,XEL,20.9234,21.356,0.9862,2.0881,1,0.2416,-0.0833,0.1583,HOLDING
2014-09-26,1,CMS,XEL,20.888,21.3069,0.9862,1.9423,1,0.2643,-0.0833,0.181,HOLDING
2014-09-29,1,CMS,XEL,20.895,21.2438,0.9862,2.0785,1,0.3954,-0.0833,0.3121,HOLDING
2014-09-30,1,CMS,XEL,20.9941,21.3139,0.9862,1.9691,1,0.457,-0.0833,0.3737,HOLDING
2014-10-01,1,CMS,XEL,21.1003,21.363,0.9862,1.9785,1,0.5714,-0.0833,0.4881,HOLDING
2014-10-02,1,CMS,XEL,21.0791,21.2999,0.9862,1.871,1,0.6476,-0.0833,0.5643,HOLDING
2014-10-03,1,CMS,XEL,21.2277,21.4611,0.9862,1.6005,1,0.6357,-0.0833,0.5524,HOLDING
2014-10-06,1,CMS,XEL,21.249,21.4611,0.9862,1.4932,1,0.6769,-0.0833,0.5935,HOLDING
2014-10-07,1,CMS,XEL,21.2136,21.6154,0.9862,0.6879,1,0.3215,-0.0833,0.2381,HOLDING
2014-10-08,1,CMS,XEL,21.7374,22.1833,0.9862,0.5408,1,0.2801,-0.0833,0.1968,HOLDING
2014-10-09,1,CMS,XEL,21.3551,21.9239,0.9862,-0.0142,1,0.022,-0.0833,-0.0613,HOLDING
2014-10-10,1,CMS,XEL,21.5958,22.1412,0.9862,0.0707,1,0.0841,-0.0833,0.0007,HOLDING
2014-10-13,1,CMS,XEL,21.6737,22.2674,0.9862,-0.1567,1,0.0002,-0.0833,-0.0831,HOLDING
2014-10-14,1,CMS,XEL,21.9922,22.9265,0.9862,-1.4186,1,-0.6084,-0.0833,-0.6917,HOLDING
2014-10-15,1,CMS,XEL,21.7303,22.5899,0.9862,-1.1929,1,-0.4899,-0.0833,-0.5732,HOLDING
2014-10-16,1,CMS,XEL,21.6524,22.3586,0.9862,-0.6794,1,-0.2105,-0.0833,-0.2938,HOLDING
2014-10-17,1,CMS,XEL,21.6241,22.3586,0.9862,-0.8968,1,-0.2653,-0.0833,-0.3486,HOLDING
2014-10-20,1,CMS,XEL,22.2045,22.632,0.9862,0.4773,1,0.3507,-0.0833,0.2674,HOLDING
2014-10-21,1,CMS,XEL,22.339,22.7512,0.9862,0.5042,1,0.3896,-0.0833,0.3063,HOLDING
2014-10-22,1,CMS,XEL,22.4593,22.9265,0.9862,0.209,1,0.2967,-0.0833,0.2134,HOLDING
2014-10-23,1,CMS,XEL,22.6009,22.9265,0.9862,0.8622,1,0.571,-0.0833,0.4877,HOLDING
2014-10-24,1,CMS,XEL,22.7142,23.0667,0.9862,0.709,1,0.5296,-0.0833,0.4463,HOLDING
2014-10-27,1,CMS,XEL,22.7283,23.0176,0.9862,0.96,1,0.6483,-0.0833,0.565,HOLDING
2014-10-28,1,CMS,XEL,22.884,23.1929,0.9862,0.8644,1,0.6241,-0.0833,0.5407,HOLDING
2014-10-29,1,CMS,XEL,22.7566,23.0316,0.9862,0.9874,1,0.6772,-0.0833,0.5938,HOLDING
2014-10-30,1,CMS,XEL,23.1955,23.5014,0.9862,0.9156,1,0.6538,-0.0833,0.5704,HOLDING
2014-10-31,1,CMS,XEL,23.1247,23.4663,0.9862,0.7705,1,0.5818,-0.0833,0.4985,HOLDING
2014-11-03,1,CMS,XEL,23.3512,23.6626,0.9862,0.9566,1,0.6556,-0.0833,0.5722,HOLDING
2014-11-04,1,CMS,XEL,23.2167,23.4663,0.9862,1.1309,1,0.0,0.5882,0.5882,PERIOD_END_EXIT
2014-05-08,2,DTE,WEC,44.7649,32.1233,0.9224,0.0,0,0.0,0.0,0.0,HOLD_CASH
2014-05-09,2,DTE,WEC,43.9955,31.2859,0.9224,0.0,0,0.0,0.0,0.0,HOLD_CASH
2014-05-12,2,DTE,WEC,43.6223,30.8841,0.9224,0.0,0,0.0,0.0,0.0,HOLD_CASH
2014-05-13,2,DTE,WEC,43.7142,30.7411,0.9224,0.0,0,0.0,0.0,0.0,HOLD_CASH
2014-05-14,2,DTE,WEC,43.7199,31.1838,0.9224,0.0,0,0.0,0.0,0.0,HOLD_CASH
2014-05-15,2,DTE,WEC,43.5477,31.0203,0.9224,0.0,0,0.0,0.0,0.0,HOLD_CASH
2014-05-16,2,DTE,WEC,43.8864,30.8977,0.9224,0.0,0,0.0,0.0,0.0,HOLD_CASH
2014-05-19,2,DTE,WEC,42.8874,30.5028,0.9224,0.0,0,0.0,0.0,0.0,HOLD_CASH
2014-05-20,2,DTE,WEC,42.7497,30.53,0.9224,0.0,0,0.0,0.0,0.0,HOLD_CASH
2014-05-21,2,DTE,WEC,42.6923,30.4006,0.9224,0.0,0,0.0,0.0,0.0,HOLD_CASH
2014-05-22,2,DTE,WEC,43.1458,30.7207,0.9224,0.0,0,0.0,0.0,0.0,HOLD_CASH
2014-05-23,2,DTE,WEC,42.9908,30.7343,0.9224,0.0,0,0.0,0.0,0.0,HOLD_CASH
2014-05-27,2,DTE,WEC,43.2205,30.7411,0.9224,0.0,0,0.0,0.0,0.0,HOLD_CASH
2014-05-28,2,DTE,WEC,43.2664,30.8637,0.9224,0.0,0,0.0,0.0,0.0,HOLD_CASH
2014-05-29,2,DTE,WEC,43.2721,30.7139,0.9224,0.0,0,0.0,0.0,0.0,HOLD_CASH
2014-05-30,2,DTE,WEC,43.7027,30.9999,0.9224,0.0,0,0.0,0.0,0.0,HOLD_CASH
2014-06-02,2,DTE,WEC,43.7372,30.9522,0.9224,0.0,0,0.0,0.0,0.0,HOLD_CASH
2014-06-03,2,DTE,WEC,43.7601,30.9114,0.9224,0.0,0,0.0,0.0,0.0,HOLD_CASH
2014-06-04,2,DTE,WEC,43.7601,30.9931,0.9224,0.0,0,0.0,0.0,0.0,HOLD_CASH
2014-06-05,2,DTE,WEC,43.9438,31.2383,0.9224,0.0676,0,0.0,0.0,0.0,HOLD_CASH
2014-06-06,2,DTE,WEC,43.7716,31.1633,0.9224,-0.3633,0,0.0,0.0,0.0,HOLD_CASH
2014-06-09,2,DTE,WEC,43.3582,31.0067,0.9224,-1.2888,0,0.0,0.0,0.0,HOLD_CASH
2014-06-10,2,DTE,WEC,43.1171,30.8569,0.9224,-1.3542,0,0.0,0.0,0.0,HOLD_CASH
2014-06-11,2,DTE,WEC,42.6061,30.4142,0.9224,-1.02,0,0.0,0.0,0.0,HOLD_CASH
2014-06-12,2,DTE,WEC,42.9682,30.4959,0.9224,0.2843,0,0.0,0.0,0.0,HOLD_CASH
2014-06-13,2,DTE,WEC,43.1361,30.6934,0.9224,-0.1793,0,0.0,0.0,0.0,HOLD_CASH
2014-06-16,2,DTE,WEC,43.588,30.9658,0.9224,0.5087,0,0.0,0.0,0.0,HOLD_CASH
2014-06-17,2,DTE,WEC,43.4258,30.8024,0.9224,0.7574,0,0.0,0.0,0.0,HOLD_CASH
2014-06-18,2,DTE,WEC,44.5089,31.5447,0.9224,1.3127,0,0.0,0.0,0.0,HOLD_CASH
2014-06-19,2,DTE,WEC,44.9897,31.9261,0.9224,1.1046,0,0.0,0.0,0.0,HOLD_CASH
2014-06-20,2,DTE,WEC,44.9666,31.9329,0.9224,0.8417,0,0.0,0.0,0.0,HOLD_CASH
2014-06-23,2,DTE,WEC,44.8739,30.8296,0.9224,3.8052,-1,0.0,-0.0833,-0.0833,ENTER_SHORT_A
2014-06-24,2,DTE,WEC,45.0129,31.354,0.9224,1.9428,-1,0.5458,-0.0833,0.4625,HOLDING
2014-06-25,2,DTE,WEC,45.204,31.4153,0.9224,1.8742,-1,0.4407,-0.0833,0.3573,HOLDING
2014-06-26,2,DTE,WEC,45.0303,31.7694,0.9224,0.4461,-1,1.0678,-0.0833,0.9845,HOLDING
2014-06-27,2,DTE,WEC,45.0303,31.8648,0.9224,0.155,-1,1.1915,-0.0833,1.1081,HOLDING
2014-06-30,2,DTE,WEC,45.1056,31.9533,0.9224,0.0613,-1,1.2336,-0.0833,1.1502,HOLDING
2014-07-01,2,DTE,WEC,44.7117,31.6537,0.9224,0.0554,-1,1.2254,-0.0833,1.1421,HOLDING
2014-07-02,2,DTE,WEC,43.837,30.8773,0.9224,0.3363,-1,1.0635,-0.0833,0.9801,HOLDING
2014-07-03,2,DTE,WEC,43.5068,30.5845,0.9224,0.4102,-1,1.0026,-0.0833,0.9193,HOLDING
2014-07-07,2,DTE,WEC,43.6748,30.782,0.9224,0.1648,-1,1.0964,-0.0833,1.0131,HOLDING
2014-07-08,2,DTE,WEC,44.005,30.9182,0.9224,0.4359,-1,0.9542,-0.0833,0.8708,HOLDING
2014-07-09,2,DTE,WEC,43.6864,30.7956,0.9224,-0.0101,-1,1.1029,-0.0833,1.0196,HOLDING
2014-07-10,2,DTE,WEC,44.2309,31.0612,0.9224,0.4025,-1,0.9214,-0.0833,0.8381,HOLDING
2014-07-11,2,DTE,WEC,43.9702,30.7956,0.9224,0.5649,-1,0.8287,-0.0833,0.7454,HOLDING
2014-07-14,2,DTE,WEC,43.6748,30.5096,0.9224,0.7057,-1,0.7431,-0.0833,0.6598,HOLDING
2014-07-15,2,DTE,WEC,44.0571,30.6253,0.9224,1.2183,-1,0.524,-0.0833,0.4407,HOLDING
2014-07-16,2,DTE,WEC,44.1324,30.7547,0.9224,0.8607,-1,0.6191,-0.0833,0.5357,HOLDING
2014-07-17,2,DTE,WEC,43.9297,30.5504,0.9224,0.9541,-1,0.5499,-0.0833,0.4666,HOLDING
2014-07-18,2,DTE,WEC,44.3525,30.9046,0.9224,0.7398,-1,0.6008,-0.0833,0.5174,HOLDING
2014-07-21,2,DTE,WEC,43.976,30.8637,0.9224,-0.2731,-1,0.9115,-0.0833,0.8281,HOLDING
2014-07-22,2,DTE,WEC,44.0745,30.8909,0.9224,0.0689,-1,0.8517,-0.0833,0.7684,HOLDING
2014-07-23,2,DTE,WEC,44.3525,30.9727,0.9224,0.7876,-1,0.6891,-0.0833,0.6058,HOLDING
2014-07-24,2,DTE,WEC,44.7522,31.0476,0.9224,1.9515,-1,0.4002,-0.0833,0.3168,HOLDING
2014-07-25,2,DTE,WEC,44.0224,30.7479,0.9224,0.5732,-1,0.7166,-0.0833,0.6332,HOLDING
2014-07-28,2,DTE,WEC,44.619,31.3881,0.9224,-0.4618,-1,0.9705,-0.0833,0.8871,HOLDING
2014-07-29,2,DTE,WEC,44.3989,30.8773,0.9224,1.2796,-1,0.5207,-0.0833,0.4373,HOLDING
2014-07-30,2,DTE,WEC,43.6748,30.2508,0.9224,1.5839,-1,0.4075,-0.0833,0.3242,HOLDING
2014-07-31,2,DTE,WEC,42.7596,29.6787,0.9224,0.8263,-1,0.5497,-0.0833,0.4663,HOLDING
2014-08-01,2,DTE,WEC,42.9392,29.9716,0.9224,-0.1752,-1,0.756,-0.0833,0.6727,HOLDING
2014-08-04,2,DTE,WEC,42.5974,29.6651,0.9224,0.0357,-1,0.6887,-0.0833,0.6054,HOLDING
2014-08-05,2,DTE,WEC,41.7691,29.1952,0.9224,-1.0618,-1,0.8794,-0.0833,0.7961,HOLDING
2014-08-06,2,DTE,WEC,41.746,28.63,0.9224,2.4125,-1,0.1687,-0.0833,0.0854,HOLDING
2014-08-07,2,DTE,WEC,42.3252,29.0454,0.9224,2.1076,-1,0.1479,-0.0833,0.0646,HOLDING
2014-08-08,2,DTE,WEC,43.2809,29.5629,0.9224,2.5063,-1,-0.1041,-0.0833,-0.1874,HOLDING
2014-08-11,2,DTE,WEC,43.2288,29.4472,0.9224,2.2993,-1,-0.2039,-0.0833,-0.2872,HOLDING
2014-08-12,2,DTE,WEC,43.0898,29.4541,0.9224,1.6225,-1,-0.0606,-0.0833,-0.144,HOLDING
2014-08-13,2,DTE,WEC,43.5184,29.6808,0.9224,1.702,-1,-0.1806,-0.0833,-0.2639,HOLDING
2014-08-14,2,DTE,WEC,43.976,29.8183,0.9224,2.0008,-1,-0.4444,-0.0833,-0.5277,HOLDING
2014-08-15,2,DTE,WEC,44.2309,29.8732,0.9224,2.0051,-1,-0.6193,-0.0833,-0.7026,HOLDING
2014-08-18,2,DTE,WEC,44.1961,29.7427,0.9224,1.953,-1,-0.7551,-0.0833,-0.8384,HOLDING
2014-08-19,2,DTE,WEC,44.7406,30.3818,0.9224,1.2242,-1,-0.4521,-0.0833,-0.5355,HOLDING
2014-08-20,2,DTE,WEC,44.8101,30.3337,0.9224,1.3111,-1,-0.5817,-0.0833,-0.665,HOLDING
2014-08-21,2,DTE,WEC,44.7928,30.2787,0.9224,1.2653,-1,-0.6362,-0.0833,-0.7195,HOLDING
2014-08-22,2,DTE,WEC,44.5379,30.2237,0.9224,0.8721,-1,-0.4613,-0.0833,-0.5446,HOLDING
2014-08-25,2,DTE,WEC,44.8623,30.5673,0.9224,0.557,-1,-0.329,-0.0833,-0.4123,HOLDING
2014-08-26,2,DTE,WEC,44.2019,30.2856,0.9224,-0.009,-1,-0.0565,-0.0833,-0.1399,HOLDING
2014-08-27,2,DTE,WEC,44.5611,30.6567,0.9224,-0.312,-1,0.0778,-0.0833,-0.0055,HOLDING
2014-08-28,2,DTE,WEC,45.1287,31.0209,0.9224,-0.2274,-1,0.0019,-0.0833,-0.0815,HOLDING
2014-08-29,2,DTE,WEC,45.3257,31.1515,0.9224,-0.2959,-1,-0.019,-0.0833,-0.1024,HOLDING
2014-09-02,2,DTE,WEC,44.8449,30.7185,0.9224,-0.19,-1,-0.1161,-0.0833,-0.1994,HOLDING
2014-09-03,2,DTE,WEC,45.0303,30.9728,0.9224,-0.9313,-1,0.0346,-0.0833,-0.0487,HOLDING
2014-09-04,2,DTE,WEC,45.036,30.8697,0.9224,-0.524,-1,-0.1047,-0.0833,-0.188,HOLDING
2014-09-05,2,DTE,WEC,45.6616,31.3164,0.9224,-0.5166,-1,-0.1297,-0.0833,-0.213,HOLDING
2014-09-08,2,DTE,WEC,45.4415,31.1102,0.9224,-0.3223,-1,-0.1844,-0.0833,-0.2678,HOLDING
2014-09-09,2,DTE,WEC,45.1056,30.6842,0.9224,0.5262,-1,-0.4125,-0.0833,-0.4958,HOLDING
2014-09-10,2,DTE,WEC,44.787,30.7529,0.9224,-0.982,-1,-0.0156,-0.0833,-0.0989,HOLDING
2014-09-11,2,DTE,WEC,45.1435,31.0484,0.9224,-1.0579,-1,0.0233,-0.0833,-0.0601,HOLDING
2014-09-12,2,DTE,WEC,44.1674,30.3131,0.9224,-0.9219,-1,0.0124,-0.0833,-0.0709,HOLDING
2014-09-15,2,DTE,WEC,44.4421,30.5673,0.9224,-1.0618,-1,0.0769,-0.0833,-0.0065,HOLDING
2014-09-16,2,DTE,WEC,44.9448,30.7116,0.9224,0.2019,-1,-0.2215,-0.0833,-0.3049,HOLDING
2014-09-17,2,DTE,WEC,44.7636,30.7048,0.9224,-0.4562,-1,-0.0554,-0.0833,-0.1387,HOLDING
2014-09-18,2,DTE,WEC,44.2727,30.2443,0.9224,0.2373,-1,-0.1783,-0.0833,-0.2617,HOLDING
2014-09-19,2,DTE,WEC,44.5941,30.3749,0.9224,1.2618,-1,-0.3195,-0.0833,-0.4028,HOLDING
2014-09-22,2,DTE,WEC,44.3019,30.1275,0.9224,1.661,-1,-0.3581,-0.0833,-0.4414,HOLDING
2014-09-23,2,DTE,WEC,44.3369,29.9007,0.9224,2.9128,-1,-0.6861,-0.0833,-0.7694,HOLDING
2014-09-24,2,DTE,WEC,44.2785,29.7702,0.9224,2.6233,-1,-0.799,-0.0833,-0.8823,HOLDING
2014-09-25,2,DTE,WEC,44.0564,29.4747,0.9224,2.571,-1,-0.9677,-0.0833,-1.051,HOLDING
2014-09-26,2,DTE,WEC,44.1149,29.4266,0.9224,2.359,-1,-1.0865,-0.0833,-1.1699,HOLDING
2014-09-29,2,DTE,WEC,44.3954,29.4609,0.9224,2.3694,-1,-1.313,-0.0833,-1.3963,HOLDING
2014-09-30,2,DTE,WEC,44.4655,29.5503,0.9224,1.8992,-1,-1.2648,-0.0833,-1.3482,HOLDING
2014-10-01,2,DTE,WEC,44.5824,29.6877,0.9224,1.5405,-1,-1.1995,-0.0833,-1.2828,HOLDING
2014-10-02,2,DTE,WEC,44.5766,29.832,0.9224,1.0255,-1,-1.0067,-0.0833,-1.09,HOLDING
2014-10-03,2,DTE,WEC,44.9272,30.1069,0.9224,0.8794,-1,-0.9889,-0.0833,-1.0722,HOLDING
2014-10-06,2,DTE,WEC,44.9156,30.155,0.9224,0.6578,-1,-0.9152,-0.0833,-0.9986,HOLDING
2014-10-07,2,DTE,WEC,45.0149,30.4299,0.9224,0.0983,-1,-0.6547,-0.0833,-0.738,HOLDING
2014-10-08,2,DTE,WEC,46.2306,31.1721,0.9224,0.4146,-1,-0.8665,-0.0833,-0.9498,HOLDING
2014-10-09,2,DTE,WEC,45.5117,30.8422,0.9224,-0.1901,-1,-0.5999,-0.0833,-0.6832,HOLDING
2014-10-10,2,DTE,WEC,46.0143,31.3095,0.9224,-0.5526,-1,-0.4793,-0.0833,-0.5626,HOLDING
2014-10-13,2,DTE,WEC,46.1137,31.77,0.9224,-1.732,-1,0.0219,-0.0833,-0.0614,HOLDING
2014-10-14,2,DTE,WEC,46.4702,32.4847,0.9224,-2.4908,-1,0.6044,-0.0833,0.5211,HOLDING
2014-10-15,2,DTE,WEC,45.5292,32.8008,0.9224,-3.2554,-1,1.9234,-0.0833,1.8401,HOLDING
2014-10-16,2,DTE,WEC,44.9331,32.3816,0.9224,-2.5644,-1,1.9556,-0.0833,1.8722,HOLDING
2014-10-17,2,DTE,WEC,44.9915,32.4297,0.9224,-2.1216,-1,1.9615,-0.0833,1.8782,HOLDING
2014-10-20,2,DTE,WEC,45.9617,32.8695,0.9224,-1.5558,-1,1.5947,-0.0833,1.5114,HOLDING
2014-10-21,2,DTE,WEC,46.6105,32.9588,0.9224,-1.0196,-1,1.0839,-0.0833,1.0006,HOLDING
2014-10-22,2,DTE,WEC,46.6748,33.1169,0.9224,-1.0249,-1,1.2268,-0.0833,1.1435,HOLDING
2014-10-23,2,DTE,WEC,46.7566,33.2406,0.9224,-0.9823,-1,1.3082,-0.0833,1.2249,HOLDING
2014-10-24,2,DTE,WEC,46.8735,33.4124,0.9224,-0.9615,-1,1.4181,-0.0833,1.3347,HOLDING
2014-10-27,2,DTE,WEC,47.1131,33.4605,0.9224,-0.7451,-1,1.249,-0.0833,1.1657,HOLDING
2014-10-28,2,DTE,WEC,47.4579,33.4468,0.9224,-0.3924,-1,0.8981,-0.0833,0.8147,HOLDING
2014-10-29,2,DTE,WEC,46.7858,33.1856,0.9224,-0.5869,-1,1.2087,-0.0833,1.1253,HOLDING
2014-10-30,2,DTE,WEC,47.9197,34.0653,0.9224,-0.5198,-1,1.2542,-0.0833,1.1709,HOLDING
2014-10-31,2,DTE,WEC,48.019,34.1271,0.9224,-0.4272,-1,1.2384,-0.0833,1.1551,HOLDING
2014-11-03,2,DTE,WEC,48.3931,34.3058,0.9224,-0.2094,-1,1.1088,-0.0833,1.0255,HOLDING
2014-11-04,2,DTE,WEC,48.1534,33.9622,0.9224,0.0996,-1,0.0,0.7208,0.7208,PERIOD_END_EXIT
2014-05-08,3,PCG,SO,39.1822,26.8524,1.1241,0.0,0,0.0,0.0,0.0,HOLD_CASH
2014-05-09,3,PCG,SO,38.3034,26.5304,1.1241,0.0,0,0.0,0.0,0.0,HOLD_CASH
2014-05-12,3,PCG,SO,37.8026,26.2813,1.1241,0.0,0,0.0,0.0,0.0,HOLD_CASH
2014-05-13,3,PCG,SO,37.9607,26.3117,1.1241,0.0,0,0.0,0.0,0.0,HOLD_CASH
2014-05-14,3,PCG,SO,38.4704,26.5669,1.1241,0.0,0,0.0,0.0,0.0,HOLD_CASH
2014-05-15,3,PCG,SO,38.3386,26.3907,1.1241,0.0,0,0.0,0.0,0.0,HOLD_CASH
2014-05-16,3,PCG,SO,38.3474,26.4332,1.1241,0.0,0,0.0,0.0,0.0,HOLD_CASH
2014-05-19,3,PCG,SO,38.2419,26.014,1.1241,0.0,0,0.0,0.0,0.0,HOLD_CASH
2014-05-20,3,PCG,SO,38.3386,25.9836,1.1241,0.0,0,0.0,0.0,0.0,HOLD_CASH
2014-05-21,3,PCG,SO,38.9185,26.0261,1.1241,0.0,0,0.0,0.0,0.0,HOLD_CASH
2014-05-22,3,PCG,SO,39.1997,26.2388,1.1241,0.0,0,0.0,0.0,0.0,HOLD_CASH
2014-05-23,3,PCG,SO,39.2964,26.172,1.1241,0.0,0,0.0,0.0,0.0,HOLD_CASH
2014-05-27,3,PCG,SO,39.3491,26.2206,1.1241,0.0,0,0.0,0.0,0.0,HOLD_CASH
2014-05-28,3,PCG,SO,39.806,26.3967,1.1241,0.0,0,0.0,0.0,0.0,HOLD_CASH
2014-05-29,3,PCG,SO,40.14,26.4514,1.1241,0.0,0,0.0,0.0,0.0,HOLD_CASH
2014-05-30,3,PCG,SO,40.3069,26.5972,1.1241,0.0,0,0.0,0.0,0.0,HOLD_CASH
2014-06-02,3,PCG,SO,40.3069,26.5304,1.1241,0.0,0,0.0,0.0,0.0,HOLD_CASH
2014-06-03,3,PCG,SO,40.1048,26.5304,1.1241,0.0,0,0.0,0.0,0.0,HOLD_CASH
2014-06-04,3,PCG,SO,40.3157,26.5669,1.1241,0.0,0,0.0,0.0,0.0,HOLD_CASH
2014-06-05,3,PCG,SO,40.8605,26.8038,1.1241,1.2103,0,0.0,0.0,0.0,HOLD_CASH
2014-06-06,3,PCG,SO,41.0187,26.6641,1.1241,1.4893,0,0.0,0.0,0.0,HOLD_CASH
2014-06-09,3,PCG,SO,40.5442,26.5122,1.1241,1.1388,0,0.0,0.0,0.0,HOLD_CASH
2014-06-10,3,PCG,SO,40.5705,26.4939,1.1241,1.1191,0,0.0,0.0,0.0,HOLD_CASH
2014-06-11,3,PCG,SO,40.6672,26.178,1.1241,1.7475,0,0.0,0.0,0.0,HOLD_CASH
2014-06-12,3,PCG,SO,40.7023,26.415,1.1241,1.2006,0,0.0,0.0,0.0,HOLD_CASH
2014-06-13,3,PCG,SO,40.9044,26.4453,1.1241,1.3265,0,0.0,0.0,0.0,HOLD_CASH
2014-06-16,3,PCG,SO,41.1944,26.5486,1.1241,1.4768,0,0.0,0.0,0.0,HOLD_CASH
2014-06-17,3,PCG,SO,41.1944,26.3846,1.1241,1.7974,0,0.0,0.0,0.0,HOLD_CASH
2014-06-18,3,PCG,SO,41.915,27.0529,1.1241,0.9886,0,0.0,0.0,0.0,HOLD_CASH
2014-06-19,3,PCG,SO,42.3807,27.1683,1.1241,1.3287,0,0.0,0.0,0.0,HOLD_CASH
2014-06-20,3,PCG,SO,42.3456,26.8828,1.1241,1.9196,0,0.0,0.0,0.0,HOLD_CASH
2014-06-23,3,PCG,SO,41.8447,26.8645,1.1241,0.9979,0,0.0,0.0,0.0,HOLD_CASH
2014-06-24,3,PCG,SO,41.9413,26.8463,1.1241,1.1347,0,0.0,0.0,0.0,HOLD_CASH
2014-06-25,3,PCG,SO,41.7392,27.1379,1.1241,-0.2948,0,0.0,0.0,0.0,HOLD_CASH
2014-06-26,3,PCG,SO,41.8768,27.223,1.1241,-0.3694,0,0.0,0.0,0.0,HOLD_CASH
2014-06-27,3,PCG,SO,42.1695,27.3748,1.1241,-0.3837,0,0.0,0.0,0.0,HOLD_CASH
2014-06-30,3,PCG,SO,42.6043,27.5693,1.1241,-0.2384,0,0.0,0.0,0.0,HOLD_CASH
2014-07-01,3,PCG,SO,41.9034,27.387,1.1241,-1.249,0,0.0,0.0,0.0,HOLD_CASH
2014-07-02,3,PCG,SO,41.371,26.8888,1.1241,-0.5369,0,0.0,0.0,0.0,HOLD_CASH
2014-07-03,3,PCG,SO,40.8387,26.7369,1.1241,-1.3184,0,0.0,0.0,0.0,HOLD_CASH
2014-07-07,3,PCG,SO,41.2468,26.8585,1.1241,-0.7384,0,0.0,0.0,0.0,HOLD_CASH
2014-07-08,3,PCG,SO,41.5396,27.0589,1.1241,-0.8994,0,0.0,0.0,0.0,HOLD_CASH
2014-07-09,3,PCG,SO,41.5751,27.0103,1.1241,-0.5922,0,0.0,0.0,0.0,HOLD_CASH
2014-07-10,3,PCG,SO,41.8768,27.1197,1.1241,-0.224,0,0.0,0.0,0.0,HOLD_CASH
2014-07-11,3,PCG,SO,41.8058,27.0529,1.1241,-0.0954,0,0.0,0.0,0.0,HOLD_CASH
2014-07-14,3,PCG,SO,41.6372,26.8402,1.1241,0.4719,0,0.0,0.0,0.0,HOLD_CASH
2014-07-15,3,PCG,SO,41.9566,27.0164,1.1241,0.5162,0,0.0,0.0,0.0,HOLD_CASH
2014-07-16,3,PCG,SO,42.1518,27.1987,1.1241,0.2508,0,0.0,0.0,0.0,HOLD_CASH
2014-07-17,3,PCG,SO,41.584,27.065,1.1241,-0.7092,0,0.0,0.0,0.0,HOLD_CASH
2014-07-18,3,PCG,SO,41.9389,27.2716,1.1241,-0.6389,0,0.0,0.0,0.0,HOLD_CASH
2014-07-21,3,PCG,SO,41.8146,27.2837,1.1241,-1.1197,0,0.0,0.0,0.0,HOLD_CASH
2014-07-22,3,PCG,SO,41.8413,27.2837,1.1241,-0.9433,0,0.0,0.0,0.0,HOLD_CASH
2014-07-23,3,PCG,SO,41.8235,27.223,1.1241,-0.5321,0,0.0,0.0,0.0,HOLD_CASH
2014-07-24,3,PCG,SO,42.0276,27.2047,1.1241,0.6452,0,0.0,0.0,0.0,HOLD_CASH
2014-07-25,3,PCG,SO,41.788,27.1804,1.1241,-0.37,0,0.0,0.0,0.0,HOLD_CASH
2014-07-28,3,PCG,SO,42.0276,27.5571,1.1241,-2.0648,1,0.0,-0.0833,-0.0833,ENTER_LONG_A
2014-07-29,3,PCG,SO,41.3444,27.2533,1.1241,-2.2539,1,-0.1516,-0.0833,-0.2349,HOLDING
2014-07-30,3,PCG,SO,40.5459,26.9617,1.1241,-2.6616,1,-0.4303,-0.0833,-0.5136,HOLDING
2014-07-31,3,PCG,SO,39.6321,26.6144,1.1241,-2.7149,1,-0.7275,-0.0833,-0.8108,HOLDING
2014-08-01,3,PCG,SO,39.8362,26.6328,1.1241,-1.9419,1,-0.5665,-0.0833,-0.6498,HOLDING
2014-08-04,3,PCG,SO,39.4635,26.4976,1.1241,-1.9145,1,-0.6979,-0.0833,-0.7812,HOLDING
2014-08-05,3,PCG,SO,38.7981,26.1902,1.1241,-1.8842,1,-0.8271,-0.0833,-0.9104,HOLDING
2014-08-06,3,PCG,SO,38.1504,25.9258,1.1241,-1.9173,1,-1.0086,-0.0833,-1.092,HOLDING
2014-08-07,3,PCG,SO,38.3989,26.2025,1.1241,-1.92,1,-1.2195,-0.0833,-1.3028,HOLDING
2014-08-08,3,PCG,SO,39.1441,26.7619,1.1241,-1.8677,1,-1.4191,-0.0833,-1.5024,HOLDING
2014-08-11,3,PCG,SO,38.9755,26.473,1.1241,-1.3049,1,-1.114,-0.0833,-1.1974,HOLDING
2014-08-12,3,PCG,SO,38.9667,26.5713,1.1241,-1.3955,1,-1.2798,-0.0833,-1.3631,HOLDING
2014-08-13,3,PCG,SO,39.0998,26.4791,1.1241,-0.9132,1,-1.0079,-0.0833,-1.0913,HOLDING
2014-08-14,3,PCG,SO,39.499,26.7005,1.1241,-0.7837,1,-0.9894,-0.0833,-1.0728,HOLDING
2014-08-15,3,PCG,SO,40.1023,26.6943,1.1241,0.1576,1,-0.4164,-0.0833,-0.4997,HOLDING
2014-08-18,3,PCG,SO,39.916,26.6697,1.1241,0.0046,1,-0.551,-0.0833,-0.6343,HOLDING
2014-08-19,3,PCG,SO,40.5814,26.9279,1.1241,0.426,1,-0.343,-0.0833,-0.4264,HOLDING
2014-08-20,3,PCG,SO,40.6701,26.9341,1.1241,0.6425,1,-0.2701,-0.0833,-0.3534,HOLDING
2014-08-21,3,PCG,SO,40.679,26.9833,1.1241,0.6813,1,-0.3405,-0.0833,-0.4239,HOLDING
2014-08-22,3,PCG,SO,40.4927,26.8541,1.1241,0.9239,1,-0.3078,-0.0833,-0.3911,HOLDING
2014-08-25,3,PCG,SO,40.7411,26.9894,1.1241,1.0519,1,-0.2924,-0.0833,-0.3757,HOLDING
2014-08-26,3,PCG,SO,40.2886,26.7681,1.1241,0.9293,1,-0.3606,-0.0833,-0.4439,HOLDING
2014-08-27,3,PCG,SO,40.6346,26.9464,1.1241,1.0086,1,-0.3229,-0.0833,-0.4062,HOLDING
2014-08-28,3,PCG,SO,40.9274,27.1923,1.1241,0.6704,1,-0.4431,-0.0833,-0.5265,HOLDING
2014-08-29,3,PCG,SO,41.238,27.2968,1.1241,0.9256,1,-0.3205,-0.0833,-0.4038,HOLDING
2014-09-02,3,PCG,SO,41.9566,26.9279,1.1241,2.8115,1,0.9407,-0.0833,0.8573,HOLDING
2014-09-03,3,PCG,SO,41.7792,27.1616,1.1241,1.6066,1,0.4011,-0.0833,0.3178,HOLDING
2014-09-04,3,PCG,SO,41.8768,27.1492,1.1241,1.5739,1,0.5119,-0.0833,0.4286,HOLDING
2014-09-05,3,PCG,SO,42.6486,27.5366,1.1241,1.5355,1,0.6126,-0.0833,0.5293,HOLDING
2014-09-08,3,PCG,SO,42.1784,27.3952,1.1241,1.126,1,0.4,-0.0833,0.3166,HOLDING
2014-09-09,3,PCG,SO,41.6993,27.0324,1.1241,1.2337,1,0.5332,-0.0833,0.4499,HOLDING
2014-09-10,3,PCG,SO,41.5307,26.9033,1.1241,1.2391,1,0.5825,-0.0833,0.4991,HOLDING
2014-09-11,3,PCG,SO,42.0187,27.0878,1.1241,1.3961,1,0.7428,-0.0833,0.6595,HOLDING
2014-09-12,3,PCG,SO,41.1492,26.6574,1.1241,1.1123,1,0.6199,-0.0833,0.5366,HOLDING
2014-09-15,3,PCG,SO,41.1137,26.6636,1.1241,0.9289,1,0.5769,-0.0833,0.4936,HOLDING
2014-09-16,3,PCG,SO,40.7766,27.0078,1.1241,-0.8629,1,-0.2888,-0.0833,-0.3721,HOLDING
2014-09-17,3,PCG,SO,40.9452,26.7865,1.1241,0.1414,1,0.2228,-0.0833,0.1395,HOLDING
2014-09-18,3,PCG,SO,40.7234,26.6082,1.1241,0.2547,1,0.3011,-0.0833,0.2178,HOLDING
2014-09-19,3,PCG,SO,40.6701,26.8603,1.1241,-0.7714,1,-0.152,-0.0833,-0.2353,HOLDING
2014-09-22,3,PCG,SO,40.0934,26.725,1.1241,-1.4455,1,-0.4739,-0.0833,-0.5572,HOLDING
2014-09-23,3,PCG,SO,40.1999,26.682,1.1241,-1.0717,1,-0.3056,-0.0833,-0.389,HOLDING
2014-09-24,3,PCG,SO,40.1378,26.7127,1.1241,-1.2904,1,-0.4128,-0.0833,-0.4961,HOLDING
2014-09-25,3,PCG,SO,39.641,26.639,1.1241,-1.8655,1,-0.7585,-0.0833,-0.8419,HOLDING
2014-09-26,3,PCG,SO,39.7261,26.7127,1.1241,-1.7956,1,-0.7971,-0.0833,-0.8804,HOLDING
2014-09-29,3,PCG,SO,40.2012,26.8234,1.1241,-1.2262,1,-0.5308,-0.0833,-0.6141,HOLDING
2014-09-30,3,PCG,SO,40.3715,26.8357,1.1241,-0.8796,1,-0.3915,-0.0833,-0.4748,HOLDING
2014-10-01,3,PCG,SO,40.5059,27.1062,1.1241,-1.3062,1,-0.6988,-0.0833,-0.7822,HOLDING
2014-10-02,3,PCG,SO,40.4163,27.1308,1.1241,-1.3688,1,-0.8219,-0.0833,-0.9052,HOLDING
2014-10-03,3,PCG,SO,40.7838,27.1369,1.1241,-0.6881,1,-0.4886,-0.0833,-0.572,HOLDING
2014-10-06,3,PCG,SO,40.5687,27.0939,1.1241,-0.8446,1,-0.6206,-0.0833,-0.7039,HOLDING
2014-10-07,3,PCG,SO,39.7799,27.1369,1.1241,-2.0068,1,-1.4258,-0.0833,-1.5091,HOLDING
2014-10-08,3,PCG,SO,40.3356,27.6903,1.1241,-2.1721,1,-1.7925,-0.0833,-1.8759,HOLDING
2014-10-09,3,PCG,SO,39.9054,27.5612,1.1241,-2.1555,1,-1.9875,-0.0833,-2.0709,HOLDING
2014-10-10,3,PCG,SO,40.488,27.7333,1.1241,-1.5795,1,-1.7192,-0.0833,-1.8025,HOLDING
2014-10-13,3,PCG,SO,40.6673,28.1882,1.1241,-2.0736,1,-2.2799,-0.0833,-2.3632,HOLDING
2014-10-14,3,PCG,SO,41.1244,28.8338,1.1241,-2.2836,1,-2.8862,-0.0833,-2.9695,HOLDING
2014-10-15,3,PCG,SO,40.99,28.803,1.1241,-2.0325,1,-2.9625,-0.0833,-3.0459,HOLDING
2014-10-16,3,PCG,SO,40.0488,28.5079,1.1241,-2.1524,1,-3.3688,-0.0833,-3.4522,HOLDING
2014-10-17,3,PCG,SO,40.0667,28.4157,1.1241,-1.7357,1,-3.2045,-0.0833,-3.2879,HOLDING
2014-10-20,3,PCG,SO,40.6852,28.76,1.1241,-1.4772,1,-3.1782,-0.0833,-3.2615,HOLDING
2014-10-21,3,PCG,SO,40.7748,28.8522,1.1241,-1.3695,1,-3.2421,-0.0833,-3.3254,HOLDING
2014-10-22,3,PCG,SO,41.4561,29.0121,1.1241,-0.9085,1,-2.8619,-0.0833,-2.9453,HOLDING
2014-10-23,3,PCG,SO,41.4023,29.0244,1.1241,-0.8793,1,-2.9318,-0.0833,-3.0152,HOLDING
2014-10-24,3,PCG,SO,42.2807,29.1473,1.1241,-0.2372,1,-2.3086,-0.0833,-2.3919,HOLDING
2014-10-27,3,PCG,SO,41.7429,29.1289,1.1241,-0.6074,1,-2.7811,-0.0833,-2.8645,HOLDING
2014-10-28,3,PCG,SO,42.5944,29.1227,1.1241,0.275,1,-1.9764,-0.0833,-2.0597,HOLDING
2014-10-29,3,PCG,SO,43.4818,28.5387,1.1241,1.9612,1,-0.2133,-0.0833,-0.2967,HOLDING
2014-10-30,3,PCG,SO,44.6829,28.8838,1.1241,2.2016,1,0.3555,-0.0833,0.2722,HOLDING
2014-10-31,3,PCG,SO,45.1042,28.8278,1.1241,2.2899,1,0.8384,-0.0833,0.7551,HOLDING
2014-11-03,3,PCG,SO,45.6599,29.0828,1.1241,2.0825,1,0.9492,-0.0833,0.8658,HOLDING
2014-11-04,3,PCG,SO,45.4269,29.1885,1.1241,1.6168,1,0.0,0.39,0.39,PERIOD_END_EXIT
2014-05-08,4,ED,PNW,36.9309,35.5316,0.7552,0.0,0,0.0,0.0,0.0,HOLD_CASH
2014-05-09,4,ED,PNW,36.1525,35.1878,0.7552,0.0,0,0.0,0.0,0.0,HOLD_CASH
2014-05-12,4,ED,PNW,35.7232,34.9331,0.7552,0.0,0,0.0,0.0,0.0,HOLD_CASH
2014-05-13,4,ED,PNW,35.6971,34.9968,0.7552,0.0,0,0.0,0.0,0.0,HOLD_CASH
2014-05-14,4,ED,PNW,35.9444,35.1178,0.7552,0.0,0,0.0,0.0,0.0,HOLD_CASH
2014-05-15,4,ED,PNW,35.7557,34.9714,0.7552,0.0,0,0.0,0.0,0.0,HOLD_CASH
2014-05-16,4,ED,PNW,35.8988,35.1305,0.7552,0.0,0,0.0,0.0,0.0,HOLD_CASH
2014-05-19,4,ED,PNW,35.3263,34.8377,0.7552,0.0,0,0.0,0.0,0.0,HOLD_CASH
2014-05-20,4,ED,PNW,35.1832,34.7103,0.7552,0.0,0,0.0,0.0,0.0,HOLD_CASH
2014-05-21,4,ED,PNW,35.04,34.6976,0.7552,0.0,0,0.0,0.0,0.0,HOLD_CASH
2014-05-22,4,ED,PNW,35.2417,34.9777,0.7552,0.0,0,0.0,0.0,0.0,HOLD_CASH
2014-05-23,4,ED,PNW,35.2157,34.9013,0.7552,0.0,0,0.0,0.0,0.0,HOLD_CASH
2014-05-27,4,ED,PNW,35.3914,35.0223,0.7552,0.0,0,0.0,0.0,0.0,HOLD_CASH
2014-05-28,4,ED,PNW,35.4694,35.0541,0.7552,0.0,0,0.0,0.0,0.0,HOLD_CASH
2014-05-29,4,ED,PNW,35.554,34.9268,0.7552,0.0,0,0.0,0.0,0.0,HOLD_CASH
2014-05-30,4,ED,PNW,35.7882,35.2833,0.7552,0.0,0,0.0,0.0,0.0,HOLD_CASH
2014-06-02,4,ED,PNW,35.7817,35.0732,0.7552,0.0,0,0.0,0.0,0.0,HOLD_CASH
2014-06-03,4,ED,PNW,35.7817,35.0096,0.7552,0.0,0,0.0,0.0,0.0,HOLD_CASH
2014-06-04,4,ED,PNW,35.9248,34.844,0.7552,0.0,0,0.0,0.0,0.0,HOLD_CASH
2014-06-05,4,ED,PNW,36.2566,35.1369,0.7552,1.4112,0,0.0,0.0,0.0,HOLD_CASH
2014-06-06,4,ED,PNW,35.9313,34.9904,0.7552,1.0284,0,0.0,0.0,0.0,HOLD_CASH
2014-06-09,4,ED,PNW,35.7167,34.7167,0.7552,1.0497,0,0.0,0.0,0.0,HOLD_CASH
2014-06-10,4,ED,PNW,35.8403,34.6276,0.7552,1.5903,0,0.0,0.0,0.0,HOLD_CASH
2014-06-11,4,ED,PNW,35.5865,34.2774,0.7552,1.4837,0,0.0,0.0,0.0,HOLD_CASH
2014-06-12,4,ED,PNW,35.7752,34.4111,0.7552,1.5852,0,0.0,0.0,0.0,HOLD_CASH
2014-06-13,4,ED,PNW,35.9248,34.5193,0.7552,1.5819,0,0.0,0.0,0.0,HOLD_CASH
2014-06-16,4,ED,PNW,36.1656,34.8377,0.7552,1.404,0,0.0,0.0,0.0,HOLD_CASH
2014-06-17,4,ED,PNW,36.12,34.6721,0.7552,1.4438,0,0.0,0.0,0.0,HOLD_CASH
2014-06-18,4,ED,PNW,36.7446,35.5252,0.7552,1.2008,0,0.0,0.0,0.0,HOLD_CASH
2014-06-19,4,ED,PNW,37.0634,36.0091,0.7552,0.9672,0,0.0,0.0,0.0,HOLD_CASH
2014-06-20,4,ED,PNW,36.9137,35.7481,0.7552,1.0235,0,0.0,0.0,0.0,HOLD_CASH
2014-06-23,4,ED,PNW,36.8617,35.9582,0.7552,0.3543,0,0.0,0.0,0.0,HOLD_CASH
2014-06-24,4,ED,PNW,36.8747,36.0919,0.7552,-0.0273,0,0.0,0.0,0.0,HOLD_CASH
2014-06-25,4,ED,PNW,37.1089,35.9391,0.7552,1.1387,0,0.0,0.0,0.0,HOLD_CASH
2014-06-26,4,ED,PNW,37.265,35.8499,0.7552,1.8224,0,0.0,0.0,0.0,HOLD_CASH
2014-06-27,4,ED,PNW,37.4407,35.9582,0.7552,2.0213,-1,0.0,-0.0833,-0.0833,ENTER_SHORT_A
2014-06-30,4,ED,PNW,37.5643,36.824,0.7552,-0.2774,-1,0.7066,-0.0833,0.6233,HOLDING
2014-07-01,4,ED,PNW,37.1414,36.7731,0.7552,-1.9939,-1,1.1921,-0.0833,1.1088,HOLDING
2014-07-02,4,ED,PNW,36.4453,36.251,0.7552,-2.5924,-1,1.5543,-0.0833,1.4709,HOLDING
2014-07-03,4,ED,PNW,36.4323,35.9327,0.7552,-1.5504,-1,1.2533,-0.0833,1.17,HOLDING
2014-07-07,4,ED,PNW,36.699,35.9009,0.7552,-0.5693,-1,0.8834,-0.0833,0.8,HOLDING
2014-07-08,4,ED,PNW,36.8226,36.2765,0.7552,-1.1007,-1,1.1012,-0.0833,1.0178,HOLDING
2014-07-09,4,ED,PNW,36.6925,35.9773,0.7552,-0.7204,-1,0.9678,-0.0833,0.8845,HOLDING
2014-07-10,4,ED,PNW,36.8291,36.251,0.7552,-0.8965,-1,1.0675,-0.0833,0.9842,HOLDING
2014-07-11,4,ED,PNW,36.5429,36.1492,0.7552,-1.401,-1,1.329,-0.0833,1.2456,HOLDING
2014-07-14,4,ED,PNW,36.3932,35.6526,0.7552,-0.6185,-1,1.0235,-0.0833,0.9402,HOLDING
2014-07-15,4,ED,PNW,36.6795,35.6526,0.7552,0.2893,-1,0.6605,-0.0833,0.5772,HOLDING
2014-07-16,4,ED,PNW,36.8682,35.487,0.7552,1.2355,-1,0.2562,-0.0833,0.1729,HOLDING
2014-07-17,4,ED,PNW,36.634,35.3915,0.7552,0.7512,-1,0.458,-0.0833,0.3747,HOLDING
2014-07-18,4,ED,PNW,37.0308,36.1746,0.7552,0.1319,-1,0.7356,-0.0833,0.6522,HOLDING
2014-07-21,4,ED,PNW,37.2065,36.2765,0.7552,0.4503,-1,0.6144,-0.0833,0.5311,HOLDING
2014-07-22,4,ED,PNW,37.3236,36.2956,0.7552,0.7234,-1,0.4849,-0.0833,0.4016,HOLDING
2014-07-23,4,ED,PNW,37.2455,36.1937,0.7552,0.674,-1,0.4824,-0.0833,0.399,HOLDING
2014-07-24,4,ED,PNW,37.2845,36.1746,0.7552,0.8374,-1,0.4138,-0.0833,0.3305,HOLDING
2014-07-25,4,ED,PNW,37.0699,35.8372,0.7552,1.0506,-1,0.3496,-0.0833,0.2663,HOLDING
2014-07-28,4,ED,PNW,37.5383,36.3529,0.7552,1.3659,-1,0.2699,-0.0833,0.1865,HOLDING
2014-07-29,4,ED,PNW,37.4732,35.9263,0.7552,1.9207,-1,-0.073,-0.0833,-0.1563,HOLDING
2014-07-30,4,ED,PNW,36.9463,35.2755,0.7552,1.6475,-1,-0.0537,-0.0833,-0.1371,HOLDING
2014-07-31,4,ED,PNW,36.4908,34.4008,0.7552,2.0734,-1,-0.3484,-0.0833,-0.4317,HOLDING
2014-08-01,4,ED,PNW,36.4908,34.7095,0.7552,1.2628,-1,-0.0406,-0.0833,-0.1239,HOLDING
2014-08-04,4,ED,PNW,36.2566,34.3237,0.7552,1.3138,-1,-0.1284,-0.0833,-0.2117,HOLDING
2014-08-05,4,ED,PNW,35.9313,33.9957,0.7552,1.035,-1,-0.0429,-0.0833,-0.1262,HOLDING
2014-08-06,4,ED,PNW,35.6256,33.5519,0.7552,1.0667,-1,-0.0977,-0.0833,-0.181,HOLDING
2014-08-07,4,ED,PNW,36.0029,33.8092,0.7552,1.4194,-1,-0.3196,-0.0833,-0.403,HOLDING
2014-08-08,4,ED,PNW,37.0178,34.5037,0.7552,2.4144,-1,-0.914,-0.0833,-0.9973,HOLDING
2014-08-11,4,ED,PNW,36.8599,34.3237,0.7552,2.0965,-1,-0.8934,-0.0833,-0.9767,HOLDING
2014-08-12,4,ED,PNW,36.906,34.2722,0.7552,1.9874,-1,-1.0031,-0.0833,-1.0864,HOLDING
2014-08-13,4,ED,PNW,37.0836,34.3494,0.7552,1.9157,-1,-1.1514,-0.0833,-1.2347,HOLDING
2014-08-14,4,ED,PNW,37.2217,34.9539,0.7552,1.0321,-1,-0.7237,-0.0833,-0.8071,HOLDING
2014-08-15,4,ED,PNW,37.4717,35.0633,0.7552,1.2654,-1,-0.9317,-0.0833,-1.015,HOLDING
2014-08-18,4,ED,PNW,37.3994,34.9346,0.7552,1.2193,-1,-0.9682,-0.0833,-1.0516,HOLDING
2014-08-19,4,ED,PNW,37.748,35.3462,0.7552,1.1453,-1,-0.9999,-0.0833,-1.0833,HOLDING
2014-08-20,4,ED,PNW,37.8335,35.417,0.7552,1.1117,-1,-1.0378,-0.0833,-1.1212,HOLDING
2014-08-21,4,ED,PNW,37.8796,35.6421,0.7552,0.7166,-1,-0.8718,-0.0833,-0.9551,HOLDING
2014-08-22,4,ED,PNW,37.6165,35.8607,0.7552,-0.4972,-1,-0.3201,-0.0833,-0.4034,HOLDING
2014-08-25,4,ED,PNW,37.7809,36.2723,0.7552,-1.0477,-1,-0.1182,-0.0833,-0.2015,HOLDING
2014-08-26,4,ED,PNW,37.2941,35.7321,0.7552,-1.2194,-1,-0.0395,-0.0833,-0.1229,HOLDING
2014-08-27,4,ED,PNW,37.5901,36.4138,0.7552,-1.7815,-1,0.2648,-0.0833,0.1815,HOLDING
2014-08-28,4,ED,PNW,37.9783,36.3881,0.7552,-0.6371,-1,-0.253,-0.0833,-0.3364,HOLDING
2014-08-29,4,ED,PNW,38.0835,36.6261,0.7552,-0.8815,-1,-0.1492,-0.0833,-0.2325,HOLDING
2014-09-02,4,ED,PNW,37.6033,36.1115,0.7552,-1.0709,-1,-0.0533,-0.0833,-0.1366,HOLDING
2014-09-03,4,ED,PNW,37.9849,36.2209,0.7552,-0.3095,-1,-0.4281,-0.0833,-0.5114,HOLDING
2014-09-04,4,ED,PNW,37.8993,36.0537,0.7552,-0.2232,-1,-0.4864,-0.0833,-0.5697,HOLDING
2014-09-05,4,ED,PNW,38.2349,36.5296,0.7552,-0.3535,-1,-0.4373,-0.0833,-0.5206,HOLDING
2014-09-08,4,ED,PNW,37.8928,36.5682,0.7552,-1.2813,-1,0.035,-0.0833,-0.0483,HOLDING
2014-09-09,4,ED,PNW,37.452,36.163,0.7552,-1.4485,-1,0.1899,-0.0833,0.1066,HOLDING
2014-09-10,4,ED,PNW,37.3862,36.1694,0.7552,-1.4689,-1,0.2797,-0.0833,0.1964,HOLDING
2014-09-11,4,ED,PNW,37.6822,36.7933,0.7552,-1.7687,-1,0.5264,-0.0833,0.4431,HOLDING
2014-09-12,4,ED,PNW,37.1231,36.4074,0.7552,-2.0526,-1,0.8507,-0.0833,0.7674,HOLDING
2014-09-15,4,ED,PNW,37.1954,36.4974,0.7552,-1.789,-1,0.8487,-0.0833,0.7654,HOLDING
2014-09-16,4,ED,PNW,37.6559,36.8769,0.7552,-1.2851,-1,0.6431,-0.0833,0.5598,HOLDING
2014-09-17,4,ED,PNW,37.5112,36.8319,0.7552,-1.4119,-1,0.7818,-0.0833,0.6984,HOLDING
2014-09-18,4,ED,PNW,37.2546,36.1694,0.7552,-0.7438,-1,0.4466,-0.0833,0.3633,HOLDING
2014-09-19,4,ED,PNW,37.5836,36.3431,0.7552,-0.1455,-1,0.2026,-0.0833,0.1193,HOLDING
2014-09-22,4,ED,PNW,37.4125,36.1566,0.7552,-0.1608,-1,0.2335,-0.0833,0.1502,HOLDING
2014-09-23,4,ED,PNW,37.3336,35.9958,0.7552,0.0163,-1,0.1733,-0.0833,0.09,HOLDING
2014-09-24,4,ED,PNW,37.1888,35.7578,0.7552,0.1659,-1,0.1196,-0.0833,0.0363,HOLDING
2014-09-25,4,ED,PNW,36.9389,35.372,0.7552,0.3074,-1,0.0518,-0.0833,-0.0315,HOLDING
2014-09-26,4,ED,PNW,37.0704,35.3655,0.7552,0.7604,-1,-0.1214,-0.0833,-0.2048,HOLDING
2014-09-29,4,ED,PNW,37.1888,35.2884,0.7552,1.2667,-1,-0.3485,-0.0833,-0.4319,HOLDING
2014-09-30,4,ED,PNW,37.2744,35.1404,0.7552,1.6871,-1,-0.6045,-0.0833,-0.6879,HOLDING
2014-10-01,4,ED,PNW,37.4586,35.2498,0.7552,1.8218,-1,-0.7291,-0.0833,-0.8124,HOLDING
2014-10-02,4,ED,PNW,37.3665,35.3398,0.7552,1.3699,-1,-0.5225,-0.0833,-0.6058,HOLDING
2014-10-03,4,ED,PNW,37.5178,35.7128,0.7552,1.004,-1,-0.3424,-0.0833,-0.4258,HOLDING
2014-10-06,4,ED,PNW,37.6296,35.6742,0.7552,1.2667,-1,-0.5227,-0.0833,-0.606,HOLDING
2014-10-07,4,ED,PNW,37.5901,35.6485,0.7552,1.1098,-1,-0.4983,-0.0833,-0.5816,HOLDING
2014-10-08,4,ED,PNW,38.6625,36.6325,0.7552,1.5839,-1,-0.8769,-0.0833,-0.9603,HOLDING
2014-10-09,4,ED,PNW,38.2875,35.9958,0.7552,1.6476,-1,-1.0363,-0.0833,-1.1196,HOLDING
2014-10-10,4,ED,PNW,38.8993,36.3752,0.7552,1.9954,-1,-1.4338,-0.0833,-1.5171,HOLDING
2014-10-13,4,ED,PNW,39.3532,36.7225,0.7552,2.0387,-1,-1.6631,-0.0833,-1.7464,HOLDING
2014-10-14,4,ED,PNW,40.5045,37.2499,0.7552,2.6209,-1,-2.5971,-0.0833,-2.6805,HOLDING
2014-10-15,4,ED,PNW,40.4321,36.9026,0.7552,2.4147,-1,-2.8516,-0.0833,-2.935,HOLDING
2014-10-16,4,ED,PNW,40.0769,36.7161,0.7552,1.8548,-1,-2.5871,-0.0833,-2.6705,HOLDING
2014-10-17,4,ED,PNW,39.9321,37.1213,0.7552,1.1211,-1,-1.9996,-0.0833,-2.0829,HOLDING
2014-10-20,4,ED,PNW,40.4321,37.6229,0.7552,1.1238,-1,-2.1334,-0.0833,-2.2167,HOLDING
2014-10-21,4,ED,PNW,40.1755,37.6358,0.7552,0.7017,-1,-1.7952,-0.0833,-1.8786,HOLDING
2014-10-22,4,ED,PNW,40.7216,37.7708,0.7552,1.1637,-1,-2.353,-0.0833,-2.4363,HOLDING
2014-10-23,4,ED,PNW,40.7939,38.0088,0.7552,0.914,-1,-2.2074,-0.0833,-2.2908,HOLDING
2014-10-24,4,ED,PNW,41.1163,38.0538,0.7552,1.1912,-1,-2.5713,-0.0833,-2.6546,HOLDING
2014-10-27,4,ED,PNW,41.2413,38.3368,0.7552,0.9494,-1,-2.4477,-0.0833,-2.531,HOLDING
2014-10-28,4,ED,PNW,41.3663,38.4397,0.7552,0.913,-1,-2.5036,-0.0833,-2.5869,HOLDING
2014-10-29,4,ED,PNW,40.9715,38.4332,0.7552,0.2885,-1,-2.0094,-0.0833,-2.0927,HOLDING
2014-10-30,4,ED,PNW,41.8005,39.3134,0.7552,0.3937,-1,-2.1829,-0.0833,-2.2662,HOLDING
2014-10-31,4,ED,PNW,41.682,39.9306,0.7552,-0.6895,-1,-1.4173,-0.0833,-1.5007,HOLDING
2014-11-03,4,ED,PNW,41.8399,40.4372,0.7552,-1.2274,-1,-1.1123,-0.0833,-1.1957,HOLDING
2014-11-04,4,ED,PNW,41.6952,40.054,0.7552,-1.1183,-1,0.0,-1.4871,-1.4871,PERIOD_END_EXIT
2014-05-08,5,PPL,WEC,18.6678,32.1233,0.7889,0.0,0,0.0,0.0,0.0,HOLD_CASH
2014-05-09,5,PPL,WEC,18.4267,31.2859,0.7889,0.0,0,0.0,0.0,0.0,HOLD_CASH
2014-05-12,5,PPL,WEC,18.1418,30.8841,0.7889,0.0,0,0.0,0.0,0.0,HOLD_CASH
2014-05-13,5,PPL,WEC,18.2952,30.7411,0.7889,0.0,0,0.0,0.0,0.0,HOLD_CASH
2014-05-14,5,PPL,WEC,18.3829,31.1838,0.7889,0.0,0,0.0,0.0,0.0,HOLD_CASH
2014-05-15,5,PPL,WEC,18.5034,31.0203,0.7889,0.0,0,0.0,0.0,0.0,HOLD_CASH
2014-05-16,5,PPL,WEC,18.7062,30.8977,0.7889,0.0,0,0.0,0.0,0.0,HOLD_CASH
2014-05-19,5,PPL,WEC,18.3993,30.5028,0.7889,0.0,0,0.0,0.0,0.0,HOLD_CASH
2014-05-20,5,PPL,WEC,18.2295,30.53,0.7889,0.0,0,0.0,0.0,0.0,HOLD_CASH
2014-05-21,5,PPL,WEC,18.2569,30.4006,0.7889,0.0,0,0.0,0.0,0.0,HOLD_CASH
2014-05-22,5,PPL,WEC,18.3938,30.7207,0.7889,0.0,0,0.0,0.0,0.0,HOLD_CASH
2014-05-23,5,PPL,WEC,18.2897,30.7343,0.7889,0.0,0,0.0,0.0,0.0,HOLD_CASH
2014-05-27,5,PPL,WEC,18.8157,30.7411,0.7889,0.0,0,0.0,0.0,0.0,HOLD_CASH
2014-05-28,5,PPL,WEC,18.9801,30.8637,0.7889,0.0,0,0.0,0.0,0.0,HOLD_CASH
2014-05-29,5,PPL,WEC,19.0568,30.7139,0.7889,0.0,0,0.0,0.0,0.0,HOLD_CASH
2014-05-30,5,PPL,WEC,19.2267,30.9999,0.7889,0.0,0,0.0,0.0,0.0,HOLD_CASH
2014-06-02,5,PPL,WEC,19.0568,30.9522,0.7889,0.0,0,0.0,0.0,0.0,HOLD_CASH
2014-06-03,5,PPL,WEC,19.1719,30.9114,0.7889,0.0,0,0.0,0.0,0.0,HOLD_CASH
2014-06-04,5,PPL,WEC,19.1007,30.9931,0.7889,0.0,0,0.0,0.0,0.0,HOLD_CASH
2014-06-05,5,PPL,WEC,19.1281,31.2383,0.7889,0.8523,0,0.0,0.0,0.0,HOLD_CASH
2014-06-06,5,PPL,WEC,19.1962,31.1633,0.7889,1.034,0,0.0,0.0,0.0,HOLD_CASH
2014-06-09,5,PPL,WEC,18.9525,31.0067,0.7889,0.4984,0,0.0,0.0,0.0,HOLD_CASH
2014-06-10,5,PPL,WEC,19.2128,30.8569,0.7889,1.3453,0,0.0,0.0,0.0,HOLD_CASH
2014-06-11,5,PPL,WEC,18.6756,30.4142,0.7889,0.3116,0,0.0,0.0,0.0,HOLD_CASH
2014-06-12,5,PPL,WEC,18.5648,30.4959,0.7889,-0.2746,0,0.0,0.0,0.0,HOLD_CASH
2014-06-13,5,PPL,WEC,18.8473,30.6934,0.7889,0.3087,0,0.0,0.0,0.0,HOLD_CASH
2014-06-16,5,PPL,WEC,18.9802,30.9658,0.7889,0.2704,0,0.0,0.0,0.0,HOLD_CASH
2014-06-17,5,PPL,WEC,18.8417,30.8024,0.7889,-0.0042,0,0.0,0.0,0.0,HOLD_CASH
2014-06-18,5,PPL,WEC,19.2128,31.5447,0.7889,-0.0542,0,0.0,0.0,0.0,HOLD_CASH
2014-06-19,5,PPL,WEC,19.2626,31.9261,0.7889,-0.7237,0,0.0,0.0,0.0,HOLD_CASH
2014-06-20,5,PPL,WEC,19.174,31.9329,0.7889,-1.2998,0,0.0,0.0,0.0,HOLD_CASH
2014-06-23,5,PPL,WEC,19.091,30.8296,0.7889,0.9862,0,0.0,0.0,0.0,HOLD_CASH
2014-06-24,5,PPL,WEC,19.1131,31.354,0.7889,-0.565,0,0.0,0.0,0.0,HOLD_CASH
2014-06-25,5,PPL,WEC,19.1408,31.4153,0.7889,-0.5374,0,0.0,0.0,0.0,HOLD_CASH
2014-06-26,5,PPL,WEC,19.2516,31.7694,0.7889,-0.8381,0,0.0,0.0,0.0,HOLD_CASH
2014-06-27,5,PPL,WEC,19.4897,31.8648,0.7889,0.5268,0,0.0,0.0,0.0,HOLD_CASH
2014-06-30,5,PPL,WEC,19.678,31.9533,0.7889,1.4233,0,0.0,0.0,0.0,HOLD_CASH
2014-07-01,5,PPL,WEC,19.4731,31.6537,0.7889,1.0775,0,0.0,0.0,0.0,HOLD_CASH
2014-07-02,5,PPL,WEC,19.0134,30.8773,0.7889,0.5164,0,0.0,0.0,0.0,HOLD_CASH
2014-07-03,5,PPL,WEC,18.8473,30.5845,0.7889,0.3329,0,0.0,0.0,0.0,HOLD_CASH
2014-07-07,5,PPL,WEC,18.8749,30.782,0.7889,-0.1063,0,0.0,0.0,0.0,HOLD_CASH
2014-07-08,5,PPL,WEC,18.8971,30.9182,0.7889,-0.4172,0,0.0,0.0,0.0,HOLD_CASH
2014-07-09,5,PPL,WEC,18.8306,30.7956,0.7889,-0.3915,0,0.0,0.0,0.0,HOLD_CASH
2014-07-10,5,PPL,WEC,18.9636,31.0612,0.7889,-0.3402,0,0.0,0.0,0.0,HOLD_CASH
2014-07-11,5,PPL,WEC,18.7365,30.7956,0.7889,-1.1888,0,0.0,0.0,0.0,HOLD_CASH
2014-07-14,5,PPL,WEC,18.4873,30.5096,0.7889,-1.829,0,0.0,0.0,0.0,HOLD_CASH
2014-07-15,5,PPL,WEC,18.5703,30.6253,0.7889,-1.4356,0,0.0,0.0,0.0,HOLD_CASH
2014-07-16,5,PPL,WEC,18.6368,30.7547,0.7889,-1.2758,0,0.0,0.0,0.0,HOLD_CASH
2014-07-17,5,PPL,WEC,18.4596,30.5504,0.7889,-1.604,0,0.0,0.0,0.0,HOLD_CASH
2014-07-18,5,PPL,WEC,18.742,30.9046,0.7889,-0.8633,0,0.0,0.0,0.0,HOLD_CASH
2014-07-21,5,PPL,WEC,18.7033,30.8637,0.7889,-1.0101,0,0.0,0.0,0.0,HOLD_CASH
2014-07-22,5,PPL,WEC,18.6313,30.8909,0.7889,-1.4153,0,0.0,0.0,0.0,HOLD_CASH
2014-07-23,5,PPL,WEC,18.6479,30.9727,0.7889,-1.3904,0,0.0,0.0,0.0,HOLD_CASH
2014-07-24,5,PPL,WEC,18.7088,31.0476,0.7889,-1.1201,0,0.0,0.0,0.0,HOLD_CASH
2014-07-25,5,PPL,WEC,18.515,30.7479,0.7889,-1.2888,0,0.0,0.0,0.0,HOLD_CASH
2014-07-28,5,PPL,WEC,18.8528,31.3881,0.7889,-0.9939,0,0.0,0.0,0.0,HOLD_CASH
2014-07-29,5,PPL,WEC,18.6645,30.8773,0.7889,-0.6197,0,0.0,0.0,0.0,HOLD_CASH
2014-07-30,5,PPL,WEC,18.3488,30.2508,0.7889,-0.6661,0,0.0,0.0,0.0,HOLD_CASH
2014-07-31,5,PPL,WEC,18.2713,29.6787,0.7889,0.9735,0,0.0,0.0,0.0,HOLD_CASH
2014-08-01,5,PPL,WEC,18.3543,29.9716,0.7889,0.6423,0,0.0,0.0,0.0,HOLD_CASH
2014-08-04,5,PPL,WEC,18.299,29.6651,0.7889,1.579,0,0.0,0.0,0.0,HOLD_CASH
2014-08-05,5,PPL,WEC,18.022,29.1952,0.7889,1.1594,0,0.0,0.0,0.0,HOLD_CASH
2014-08-06,5,PPL,WEC,17.6897,28.63,0.7889,0.658,0,0.0,0.0,0.0,HOLD_CASH
2014-08-07,5,PPL,WEC,17.939,29.0454,0.7889,1.2349,0,0.0,0.0,0.0,HOLD_CASH
2014-08-08,5,PPL,WEC,18.2768,29.5629,0.7889,1.9072,0,0.0,0.0,0.0,HOLD_CASH
2014-08-11,5,PPL,WEC,18.2768,29.4472,0.7889,2.0468,-1,0.0,-0.0833,-0.0833,ENTER_SHORT_A
2014-08-12,5,PPL,WEC,18.3543,29.4541,0.7889,2.1867,-1,-0.1891,-0.0833,-0.2724,HOLDING
2014-08-13,5,PPL,WEC,18.443,29.6808,0.7889,1.738,-1,-0.1319,-0.0833,-0.2152,HOLDING
2014-08-14,5,PPL,WEC,18.6534,29.8183,0.7889,2.2166,-1,-0.4968,-0.0833,-0.5801,HOLDING
2014-08-15,5,PPL,WEC,18.7254,29.8732,0.7889,2.0555,-1,-0.6117,-0.0833,-0.695,HOLDING
2014-08-18,5,PPL,WEC,18.6368,29.7427,0.7889,1.6742,-1,-0.5488,-0.0833,-0.6321,HOLDING
2014-08-19,5,PPL,WEC,18.8805,30.3818,0.7889,1.2014,-1,-0.3723,-0.0833,-0.4556,HOLDING
2014-08-20,5,PPL,WEC,18.8749,30.3337,0.7889,1.1676,-1,-0.4182,-0.0833,-0.5015,HOLDING
2014-08-21,5,PPL,WEC,18.9913,30.2787,0.7889,1.638,-1,-0.7833,-0.0833,-0.8666,HOLDING
2014-08-22,5,PPL,WEC,18.9248,30.2237,0.7889,1.3392,-1,-0.6825,-0.0833,-0.7658,HOLDING
2014-08-25,5,PPL,WEC,19.0079,30.5673,0.7889,0.8554,-1,-0.4654,-0.0833,-0.5487,HOLDING
2014-08-26,5,PPL,WEC,18.7919,30.2856,0.7889,0.3856,-1,-0.2665,-0.0833,-0.3498,HOLDING
2014-08-27,5,PPL,WEC,18.9968,30.6567,0.7889,0.4366,-1,-0.3257,-0.0833,-0.409,HOLDING
2014-08-28,5,PPL,WEC,19.0799,31.0209,0.7889,-0.1915,-1,-0.0829,-0.0833,-0.1662,HOLDING
2014-08-29,5,PPL,WEC,19.1796,31.1515,0.7889,-0.0488,-1,-0.174,-0.0833,-0.2573,HOLDING
2014-09-02,5,PPL,WEC,18.9802,30.7185,0.7889,-0.0319,-1,-0.2061,-0.0833,-0.2895,HOLDING
2014-09-03,5,PPL,WEC,19.1076,30.9728,0.7889,-0.0932,-1,-0.2135,-0.0833,-0.2968,HOLDING
2014-09-04,5,PPL,WEC,19.0688,30.8697,0.7889,-0.1413,-1,-0.2433,-0.0833,-0.3267,HOLDING
2014-09-05,5,PPL,WEC,19.1463,31.3164,0.7889,-1.5961,-1,0.1165,-0.0833,0.0332,HOLDING
2014-09-08,5,PPL,WEC,18.8681,31.1102,0.7889,-2.7684,-1,0.5685,-0.0833,0.4851,HOLDING
2014-09-09,5,PPL,WEC,18.6553,30.6842,0.7889,-2.3473,-1,0.579,-0.0833,0.4956,HOLDING
2014-09-10,5,PPL,WEC,18.4594,30.7529,0.7889,-2.8461,-1,1.1642,-0.0833,1.0809,HOLDING
2014-09-11,5,PPL,WEC,18.5769,31.0484,0.7889,-2.3523,-1,1.2333,-0.0833,1.15,HOLDING
2014-09-12,5,PPL,WEC,18.269,30.3131,0.7889,-1.8476,-1,1.1005,-0.0833,1.0172,HOLDING
2014-09-15,5,PPL,WEC,18.2746,30.5673,0.7889,-1.9682,-1,1.4036,-0.0833,1.3202,HOLDING
2014-09-16,5,PPL,WEC,18.7561,30.7116,0.7889,-0.3549,-1,0.3564,-0.0833,0.2731,HOLDING
2014-09-17,5,PPL,WEC,18.7337,30.7048,0.7889,-0.3738,-1,0.4049,-0.0833,0.3216,HOLDING
2014-09-18,5,PPL,WEC,18.6329,30.2443,0.7889,0.136,-1,0.0872,-0.0833,0.0039,HOLDING
2014-09-19,5,PPL,WEC,18.8345,30.3749,0.7889,0.7504,-1,-0.2636,-0.0833,-0.3469,HOLDING
2014-09-22,5,PPL,WEC,18.6553,30.1275,0.7889,0.5853,-1,-0.1157,-0.0833,-0.199,HOLDING
2014-09-23,5,PPL,WEC,18.5377,29.9007,0.7889,0.6046,-1,-0.099,-0.0833,-0.1824,HOLDING
2014-09-24,5,PPL,WEC,18.353,29.7702,0.7889,0.1022,-1,0.2089,-0.0833,0.1256,HOLDING
2014-09-25,5,PPL,WEC,18.3754,29.4747,0.7889,0.8949,-1,-0.217,-0.0833,-0.3003,HOLDING
2014-09-26,5,PPL,WEC,18.3194,29.4266,0.7889,0.7369,-1,-0.1343,-0.0833,-0.2176,HOLDING
2014-09-29,5,PPL,WEC,18.4426,29.4609,0.7889,1.186,-1,-0.4054,-0.0833,-0.4887,HOLDING
2014-09-30,5,PPL,WEC,18.3866,29.5503,0.7889,0.7383,-1,-0.1511,-0.0833,-0.2345,HOLDING
2014-10-01,5,PPL,WEC,18.5321,29.6877,0.7889,1.0693,-1,-0.3506,-0.0833,-0.434,HOLDING
2014-10-02,5,PPL,WEC,18.5601,29.832,0.7889,0.8769,-1,-0.2419,-0.0833,-0.3252,HOLDING
2014-10-03,5,PPL,WEC,18.7449,30.1069,0.7889,1.0288,-1,-0.3698,-0.0833,-0.4531,HOLDING
2014-10-06,5,PPL,WEC,18.7393,30.155,0.7889,0.8216,-1,-0.2955,-0.0833,-0.3788,HOLDING
2014-10-07,5,PPL,WEC,18.8009,30.4299,0.7889,0.4562,-1,-0.1094,-0.0833,-0.1927,HOLDING
2014-10-08,5,PPL,WEC,19.1872,31.1721,0.7889,0.4878,-1,-0.1677,-0.0833,-0.2511,HOLDING
2014-10-09,5,PPL,WEC,18.8681,30.8422,0.7889,-0.3798,-1,0.234,-0.0833,0.1506,HOLDING
2014-10-10,5,PPL,WEC,18.9129,31.3095,0.7889,-1.5022,-1,0.703,-0.0833,0.6197,HOLDING
2014-10-13,5,PPL,WEC,18.8345,31.77,0.7889,-3.1942,-1,1.4774,-0.0833,1.3941,HOLDING
2014-10-14,5,PPL,WEC,18.8065,32.4847,0.7889,-3.2679,-1,2.4407,-0.0833,2.3574,HOLDING
2014-10-15,5,PPL,WEC,18.1906,32.8008,0.7889,-3.4461,-1,4.4049,-0.0833,4.3216,HOLDING
2014-10-16,5,PPL,WEC,18.5041,32.3816,0.7889,-1.9502,-1,3.0826,-0.0833,2.9993,HOLDING
2014-10-17,5,PPL,WEC,18.6721,32.4297,0.7889,-1.4671,-1,2.7145,-0.0833,2.6312,HOLDING
2014-10-20,5,PPL,WEC,19.0024,32.8695,0.7889,-1.1078,-1,2.4215,-0.0833,2.3382,HOLDING
2014-10-21,5,PPL,WEC,19.0024,32.9588,0.7889,-1.0673,-1,2.533,-0.0833,2.4497,HOLDING
2014-10-22,5,PPL,WEC,19.2376,33.1169,0.7889,-0.7171,-1,2.1309,-0.0833,2.0476,HOLDING
2014-10-23,5,PPL,WEC,19.232,33.2406,0.7889,-0.7439,-1,2.2996,-0.0833,2.2162,HOLDING
2014-10-24,5,PPL,WEC,19.3328,33.4124,0.7889,-0.6343,-1,2.2571,-0.0833,2.1738,HOLDING
2014-10-27,5,PPL,WEC,19.4112,33.4605,0.7889,-0.4692,-1,2.1173,-0.0833,2.034,HOLDING
2014-10-28,5,PPL,WEC,19.5007,33.4468,0.7889,-0.2415,-1,1.8719,-0.0833,1.7885,HOLDING
2014-10-29,5,PPL,WEC,19.3216,33.1856,0.7889,-0.2796,-1,2.0026,-0.0833,1.9193,HOLDING
2014-10-30,5,PPL,WEC,19.4951,34.0653,0.7889,-0.6321,-1,2.658,-0.0833,2.5747,HOLDING
2014-10-31,5,PPL,WEC,19.5903,34.1271,0.7889,-0.4249,-1,2.4926,-0.0833,2.4093,HOLDING
2014-11-03,5,PPL,WEC,19.6743,34.3058,0.7889,-0.339,-1,2.5015,-0.0833,2.4182,HOLDING
2014-11-04,5,PPL,WEC,19.5623,33.9622,0.7889,-0.1484,-1,0.0,2.1826,2.1826,PERIOD_END_EXIT
2014-05-08,6,DTE,ES,44.7649,30.7683,1.1175,0.0,0,0.0,0.0,0.0,HOLD_CASH
2014-05-09,6,DTE,ES,43.9955,30.3048,1.1175,0.0,0,0.0,0.0,0.0,HOLD_CASH
2014-05-12,6,DTE,ES,43.6223,29.8943,1.1175,0.0,0,0.0,0.0,0.0,HOLD_CASH
2014-05-13,6,DTE,ES,43.7142,30.0201,1.1175,0.0,0,0.0,0.0,0.0,HOLD_CASH
2014-05-14,6,DTE,ES,43.7199,30.2187,1.1175,0.0,0,0.0,0.0,0.0,HOLD_CASH
2014-05-15,6,DTE,ES,43.5477,30.1062,1.1175,0.0,0,0.0,0.0,0.0,HOLD_CASH
2014-05-16,6,DTE,ES,43.8864,30.4438,1.1175,0.0,0,0.0,0.0,0.0,HOLD_CASH
2014-05-19,6,DTE,ES,42.8874,29.9671,1.1175,0.0,0,0.0,0.0,0.0,HOLD_CASH
2014-05-20,6,DTE,ES,42.7497,29.9208,1.1175,0.0,0,0.0,0.0,0.0,HOLD_CASH
2014-05-21,6,DTE,ES,42.6923,29.9737,1.1175,0.0,0,0.0,0.0,0.0,HOLD_CASH
2014-05-22,6,DTE,ES,43.1458,30.1194,1.1175,0.0,0,0.0,0.0,0.0,HOLD_CASH
2014-05-23,6,DTE,ES,42.9908,29.9473,1.1175,0.0,0,0.0,0.0,0.0,HOLD_CASH
2014-05-27,6,DTE,ES,43.2205,29.9406,1.1175,0.0,0,0.0,0.0,0.0,HOLD_CASH
2014-05-28,6,DTE,ES,43.2664,30.143,1.1175,0.0,0,0.0,0.0,0.0,HOLD_CASH
2014-05-29,6,DTE,ES,43.2721,30.0762,1.1175,0.0,0,0.0,0.0,0.0,HOLD_CASH
2014-05-30,6,DTE,ES,43.7027,30.3234,1.1175,0.0,0,0.0,0.0,0.0,HOLD_CASH
2014-06-02,6,DTE,ES,43.7372,30.2833,1.1175,0.0,0,0.0,0.0,0.0,HOLD_CASH
2014-06-03,6,DTE,ES,43.7601,30.2766,1.1175,0.0,0,0.0,0.0,0.0,HOLD_CASH
2014-06-04,6,DTE,ES,43.7601,30.2365,1.1175,0.0,0,0.0,0.0,0.0,HOLD_CASH
2014-06-05,6,DTE,ES,43.9438,30.4569,1.1175,-0.128,0,0.0,0.0,0.0,HOLD_CASH
2014-06-06,6,DTE,ES,43.7716,30.3768,1.1175,-0.2274,0,0.0,0.0,0.0,HOLD_CASH
2014-06-09,6,DTE,ES,43.3582,30.1697,1.1175,-0.4669,0,0.0,0.0,0.0,HOLD_CASH
2014-06-10,6,DTE,ES,43.1171,30.1631,1.1175,-1.3503,0,0.0,0.0,0.0,HOLD_CASH
2014-06-11,6,DTE,ES,42.6061,29.8291,1.1175,-1.2271,0,0.0,0.0,0.0,HOLD_CASH
2014-06-12,6,DTE,ES,42.9682,30.1029,1.1175,-1.4497,0,0.0,0.0,0.0,HOLD_CASH
2014-06-13,6,DTE,ES,43.1361,30.2966,1.1175,-1.89,0,0.0,0.0,0.0,HOLD_CASH
2014-06-16,6,DTE,ES,43.588,30.5638,1.1175,-1.5475,0,0.0,0.0,0.0,HOLD_CASH
2014-06-17,6,DTE,ES,43.4258,30.4436,1.1175,-1.3045,0,0.0,0.0,0.0,HOLD_CASH
2014-06-18,6,DTE,ES,44.5089,31.2584,1.1175,-1.9265,0,0.0,0.0,0.0,HOLD_CASH
2014-06-19,6,DTE,ES,44.9897,31.2518,1.1175,-0.1261,0,0.0,0.0,0.0,HOLD_CASH
2014-06-20,6,DTE,ES,44.9666,31.0247,1.1175,1.094,0,0.0,0.0,0.0,HOLD_CASH
2014-06-23,6,DTE,ES,44.8739,30.9044,1.1175,1.3412,0,0.0,0.0,0.0,HOLD_CASH
2014-06-24,6,DTE,ES,45.0129,31.0781,1.1175,0.8497,0,0.0,0.0,0.0,HOLD_CASH
2014-06-25,6,DTE,ES,45.204,31.1382,1.1175,1.0868,0,0.0,0.0,0.0,HOLD_CASH
2014-06-26,6,DTE,ES,45.0303,31.2384,1.1175,-0.0531,0,0.0,0.0,0.0,HOLD_CASH
2014-06-27,6,DTE,ES,45.0303,31.2985,1.1175,-0.3472,0,0.0,0.0,0.0,HOLD_CASH
2014-06-30,6,DTE,ES,45.1056,31.5724,1.1175,-1.43,0,0.0,0.0,0.0,HOLD_CASH
2014-07-01,6,DTE,ES,44.7117,31.1783,1.1175,-0.5649,0,0.0,0.0,0.0,HOLD_CASH
2014-07-02,6,DTE,ES,43.837,30.8176,1.1175,-1.4499,0,0.0,0.0,0.0,HOLD_CASH
2014-07-03,6,DTE,ES,43.5068,30.5104,1.1175,-0.8052,0,0.0,0.0,0.0,HOLD_CASH
2014-07-07,6,DTE,ES,43.6748,30.5438,1.1175,-0.3402,0,0.0,0.0,0.0,HOLD_CASH
2014-07-08,6,DTE,ES,44.005,30.7041,1.1175,-0.0376,0,0.0,0.0,0.0,HOLD_CASH
2014-07-09,6,DTE,ES,43.6864,30.5972,1.1175,-0.5487,0,0.0,0.0,0.0,HOLD_CASH
2014-07-10,6,DTE,ES,44.2309,30.7508,1.1175,0.4969,0,0.0,0.0,0.0,HOLD_CASH
2014-07-11,6,DTE,ES,43.9702,30.5438,1.1175,0.6939,0,0.0,0.0,0.0,HOLD_CASH
2014-07-14,6,DTE,ES,43.6748,30.1697,1.1175,1.5716,0,0.0,0.0,0.0,HOLD_CASH
2014-07-15,6,DTE,ES,44.0571,30.3234,1.1175,1.7472,0,0.0,0.0,0.0,HOLD_CASH
2014-07-16,6,DTE,ES,44.1324,30.3701,1.1175,1.5372,0,0.0,0.0,0.0,HOLD_CASH
2014-07-17,6,DTE,ES,43.9297,30.0896,1.1175,1.9947,0,0.0,0.0,0.0,HOLD_CASH
2014-07-18,6,DTE,ES,44.3525,30.4169,1.1175,1.4867,0,0.0,0.0,0.0,HOLD_CASH
2014-07-21,6,DTE,ES,43.976,30.3567,1.1175,0.7308,0,0.0,0.0,0.0,HOLD_CASH
2014-07-22,6,DTE,ES,44.0745,30.4235,1.1175,0.7095,0,0.0,0.0,0.0,HOLD_CASH
2014-07-23,6,DTE,ES,44.3525,30.2966,1.1175,1.7435,0,0.0,0.0,0.0,HOLD_CASH
2014-07-24,6,DTE,ES,44.7522,30.3835,1.1175,2.0103,-1,0.0,-0.0833,-0.0833,ENTER_SHORT_A
2014-07-25,6,DTE,ES,44.0224,30.2833,1.1175,0.7396,-1,0.4968,-0.0833,0.4135,HOLDING
2014-07-28,6,DTE,ES,44.619,30.7909,1.1175,0.2218,-1,0.7069,-0.0833,0.6236,HOLDING
2014-07-29,6,DTE,ES,44.3989,30.5037,1.1175,0.6639,-1,0.4848,-0.0833,0.4014,HOLDING
2014-07-30,6,DTE,ES,43.6748,30.0094,1.1175,0.7592,-1,0.4061,-0.0833,0.3227,HOLDING
2014-07-31,6,DTE,ES,42.7596,29.3215,1.1175,1.1518,-1,0.2151,-0.0833,0.1317,HOLDING
2014-08-01,6,DTE,ES,42.9392,29.248,1.1175,1.719,-1,-0.0492,-0.0833,-0.1325,HOLDING
2014-08-04,6,DTE,ES,42.5974,28.8473,1.1175,2.1537,-1,-0.3287,-0.0833,-0.412,HOLDING
2014-08-05,6,DTE,ES,41.7691,28.4799,1.1175,1.4759,-1,-0.132,-0.0833,-0.2153,HOLDING
2014-08-06,6,DTE,ES,41.746,28.0792,1.1175,2.5358,-1,-0.6917,-0.0833,-0.775,HOLDING
2014-08-07,6,DTE,ES,42.3252,28.3597,1.1175,2.3071,-1,-0.795,-0.0833,-0.8784,HOLDING
2014-08-08,6,DTE,ES,43.2809,29.041,1.1175,1.7327,-1,-0.6494,-0.0833,-0.7327,HOLDING
2014-08-11,6,DTE,ES,43.2288,28.9074,1.1175,1.7726,-1,-0.7969,-0.0833,-0.8802,HOLDING
2014-08-12,6,DTE,ES,43.0898,28.9007,1.1175,1.3799,-1,-0.6843,-0.0833,-0.7677,HOLDING
2014-08-13,6,DTE,ES,43.5184,29.0209,1.1175,1.5502,-1,-0.8872,-0.0833,-0.9706,HOLDING
2014-08-14,6,DTE,ES,43.976,29.4083,1.1175,1.1274,-1,-0.7289,-0.0833,-0.8123,HOLDING
2014-08-15,6,DTE,ES,44.2309,29.5018,1.1175,1.1501,-1,-0.8177,-0.0833,-0.901,HOLDING
2014-08-18,6,DTE,ES,44.1961,29.5085,1.1175,0.9845,-1,-0.7775,-0.0833,-0.8608,HOLDING
2014-08-19,6,DTE,ES,44.7406,29.8825,1.1175,0.7806,-1,-0.7149,-0.0833,-0.7982,HOLDING
2014-08-20,6,DTE,ES,44.8101,30.1163,1.1175,0.2185,-1,-0.4376,-0.0833,-0.5209,HOLDING
2014-08-21,6,DTE,ES,44.7928,30.1764,1.1175,-0.0022,-1,-0.3354,-0.0833,-0.4187,HOLDING
2014-08-22,6,DTE,ES,44.5379,30.1631,1.1175,-0.4731,-1,-0.1306,-0.0833,-0.2139,HOLDING
2014-08-25,6,DTE,ES,44.8623,30.29,1.1175,-0.4204,-1,-0.2321,-0.0833,-0.3155,HOLDING
2014-08-26,6,DTE,ES,44.2019,30.0228,1.1175,-1.0257,-1,-0.0381,-0.0833,-0.1215,HOLDING
2014-08-27,6,DTE,ES,44.5611,30.2833,1.1175,-1.3583,-1,0.0231,-0.0833,-0.0602,HOLDING
2014-08-28,6,DTE,ES,45.1287,30.4436,1.1175,-0.7505,-1,-0.2441,-0.0833,-0.3274,HOLDING
2014-08-29,6,DTE,ES,45.3257,30.6506,1.1175,-1.1699,-1,-0.1176,-0.0833,-0.2009,HOLDING
2014-09-02,6,DTE,ES,44.8449,30.3501,1.1175,-1.0653,-1,-0.1298,-0.0833,-0.2132,HOLDING
2014-09-03,6,DTE,ES,45.0303,30.5638,1.1175,-1.4471,-1,0.0165,-0.0833,-0.0668,HOLDING
2014-09-04,6,DTE,ES,45.036,30.6306,1.1175,-1.5135,-1,0.1081,-0.0833,0.0248,HOLDING
2014-09-05,6,DTE,ES,45.6616,31.1048,1.1175,-1.6602,-1,0.2444,-0.0833,0.1611,HOLDING
2014-09-08,6,DTE,ES,45.4415,30.9512,1.1175,-1.4088,-1,0.2156,-0.0833,0.1323,HOLDING
2014-09-09,6,DTE,ES,45.1056,30.6106,1.1175,-0.8181,-1,0.018,-0.0833,-0.0654,HOLDING
2014-09-10,6,DTE,ES,44.787,30.3701,1.1175,-0.5641,-1,-0.0499,-0.0833,-0.1332,HOLDING
2014-09-11,6,DTE,ES,45.1435,30.5742,1.1175,-0.4398,-1,-0.0679,-0.0833,-0.1512,HOLDING
2014-09-12,6,DTE,ES,44.1674,30.0285,1.1175,-0.5704,-1,0.0005,-0.0833,-0.0829,HOLDING
2014-09-15,6,DTE,ES,44.4421,30.0622,1.1175,0.1875,-1,-0.1923,-0.0833,-0.2757,HOLDING
2014-09-16,6,DTE,ES,44.9448,30.6955,1.1175,-1.5645,-1,0.2824,-0.0833,0.199,HOLDING
2014-09-17,6,DTE,ES,44.7636,30.7359,1.1175,-2.3696,-1,0.5002,-0.0833,0.4169,HOLDING
2014-09-18,6,DTE,ES,44.2727,30.4934,1.1175,-2.34,-1,0.5809,-0.0833,0.4975,HOLDING
2014-09-19,6,DTE,ES,44.5941,30.6214,1.1175,-1.7113,-1,0.4835,-0.0833,0.4001,HOLDING
2014-09-22,6,DTE,ES,44.3019,30.2576,1.1175,-0.5564,-1,0.2138,-0.0833,0.1305,HOLDING
2014-09-23,6,DTE,ES,44.3369,30.1094,1.1175,0.5233,-1,-0.0315,-0.0833,-0.1149,HOLDING
2014-09-24,6,DTE,ES,44.2785,29.9948,1.1175,0.9776,-1,-0.1459,-0.0833,-0.2293,HOLDING
2014-09-25,6,DTE,ES,44.0564,29.8264,1.1175,1.1037,-1,-0.1945,-0.0833,-0.2778,HOLDING
2014-09-26,6,DTE,ES,44.1149,29.914,1.1175,0.8393,-1,-0.119,-0.0833,-0.2024,HOLDING
2014-09-29,6,DTE,ES,44.3954,29.8534,1.1175,1.9735,-1,-0.4535,-0.0833,-0.5369,HOLDING
2014-09-30,6,DTE,ES,44.4655,29.8466,1.1175,1.9555,-1,-0.5249,-0.0833,-0.6083,HOLDING
2014-10-01,6,DTE,ES,44.5824,30.2441,1.1175,0.3124,-1,-0.0524,-0.0833,-0.1357,HOLDING
2014-10-02,6,DTE,ES,44.5766,30.3519,1.1175,-0.2367,-1,0.1088,-0.0833,0.0255,HOLDING
2014-10-03,6,DTE,ES,44.9272,30.6888,1.1175,-0.8254,-1,0.288,-0.0833,0.2047,HOLDING
2014-10-06,6,DTE,ES,44.9156,30.6888,1.1175,-0.837,-1,0.2983,-0.0833,0.215,HOLDING
2014-10-07,6,DTE,ES,45.0149,30.864,1.1175,-1.2515,-1,0.4645,-0.0833,0.3812,HOLDING
2014-10-08,6,DTE,ES,46.2306,31.4434,1.1175,-0.4687,-1,0.2341,-0.0833,0.1508,HOLDING
2014-10-09,6,DTE,ES,45.5117,31.0593,1.1175,-0.6491,-1,0.3104,-0.0833,0.2271,HOLDING
2014-10-10,6,DTE,ES,46.0143,31.3019,1.1175,-0.3292,-1,0.2195,-0.0833,0.1362,HOLDING
2014-10-13,6,DTE,ES,46.1137,31.5107,1.1175,-0.893,-1,0.4344,-0.0833,0.3511,HOLDING
2014-10-14,6,DTE,ES,46.4702,32.043,1.1175,-1.9488,-1,0.8913,-0.0833,0.808,HOLDING
2014-10-15,6,DTE,ES,45.5292,32.043,1.1175,-2.9771,-1,1.7188,-0.0833,1.6355,HOLDING
2014-10-16,6,DTE,ES,44.9331,31.6253,1.1175,-2.3332,-1,1.6384,-0.0833,1.5551,HOLDING
2014-10-17,6,DTE,ES,44.9915,31.787,1.1175,-2.1759,-1,1.8211,-0.0833,1.7377,HOLDING
2014-10-20,6,DTE,ES,45.9617,32.3866,1.1175,-1.8345,-1,1.8358,-0.0833,1.7525,HOLDING
2014-10-21,6,DTE,ES,46.6105,32.2114,1.1175,-0.6798,-1,1.0118,-0.0833,0.9284,HOLDING
2014-10-22,6,DTE,ES,46.6748,32.3866,1.1175,-0.8434,-1,1.2088,-0.0833,1.1255,HOLDING
2014-10-23,6,DTE,ES,46.7566,32.6157,1.1175,-1.0611,-1,1.4684,-0.0833,1.3851,HOLDING
2014-10-24,6,DTE,ES,46.8735,32.737,1.1175,-1.0399,-1,1.5412,-0.0833,1.4578,HOLDING
2014-10-27,6,DTE,ES,47.1131,32.6426,1.1175,-0.5184,-1,1.1939,-0.0833,1.1106,HOLDING
2014-10-28,6,DTE,ES,47.4579,32.865,1.1175,-0.4595,-1,1.2125,-0.0833,1.1292,HOLDING
2014-10-29,6,DTE,ES,46.7858,32.5752,1.1175,-0.6607,-1,1.3842,-0.0833,1.3009,HOLDING
2014-10-30,6,DTE,ES,47.9197,33.249,1.1175,-0.5147,-1,1.3623,-0.0833,1.279,HOLDING
2014-10-31,6,DTE,ES,48.019,33.249,1.1175,-0.3002,-1,1.2749,-0.0833,1.1916,HOLDING
2014-11-03,6,DTE,ES,48.3931,33.4039,1.1175,-0.0394,-1,1.1703,-0.0833,1.087,HOLDING
2014-11-04,6,DTE,ES,48.1534,33.3568,1.1175,-0.2367,-1,0.0,1.1388,1.1388,PERIOD_END_EXIT
2014-05-08,7,DTE,PPL,44.7649,18.6678,1.0762,0.0,0,0.0,0.0,0.0,HOLD_CASH
2014-05-09,7,DTE,PPL,43.9955,18.4267,1.0762,0.0,0,0.0,0.0,0.0,HOLD_CASH
2014-05-12,7,DTE,PPL,43.6223,18.1418,1.0762,0.0,0,0.0,0.0,0.0,HOLD_CASH
2014-05-13,7,DTE,PPL,43.7142,18.2952,1.0762,0.0,0,0.0,0.0,0.0,HOLD_CASH
2014-05-14,7,DTE,PPL,43.7199,18.3829,1.0762,0.0,0,0.0,0.0,0.0,HOLD_CASH
2014-05-15,7,DTE,PPL,43.5477,18.5034,1.0762,0.0,0,0.0,0.0,0.0,HOLD_CASH
2014-05-16,7,DTE,PPL,43.8864,18.7062,1.0762,0.0,0,0.0,0.0,0.0,HOLD_CASH
2014-05-19,7,DTE,PPL,42.8874,18.3993,1.0762,0.0,0,0.0,0.0,0.0,HOLD_CASH
2014-05-20,7,DTE,PPL,42.7497,18.2295,1.0762,0.0,0,0.0,0.0,0.0,HOLD_CASH
2014-05-21,7,DTE,PPL,42.6923,18.2569,1.0762,0.0,0,0.0,0.0,0.0,HOLD_CASH
2014-05-22,7,DTE,PPL,43.1458,18.3938,1.0762,0.0,0,0.0,0.0,0.0,HOLD_CASH
2014-05-23,7,DTE,PPL,42.9908,18.2897,1.0762,0.0,0,0.0,0.0,0.0,HOLD_CASH
2014-05-27,7,DTE,PPL,43.2205,18.8157,1.0762,0.0,0,0.0,0.0,0.0,HOLD_CASH
2014-05-28,7,DTE,PPL,43.2664,18.9801,1.0762,0.0,0,0.0,0.0,0.0,HOLD_CASH
2014-05-29,7,DTE,PPL,43.2721,19.0568,1.0762,0.0,0,0.0,0.0,0.0,HOLD_CASH
2014-05-30,7,DTE,PPL,43.7027,19.2267,1.0762,0.0,0,0.0,0.0,0.0,HOLD_CASH
2014-06-02,7,DTE,PPL,43.7372,19.0568,1.0762,0.0,0,0.0,0.0,0.0,HOLD_CASH
2014-06-03,7,DTE,PPL,43.7601,19.1719,1.0762,0.0,0,0.0,0.0,0.0,HOLD_CASH
2014-06-04,7,DTE,PPL,43.7601,19.1007,1.0762,0.0,0,0.0,0.0,0.0,HOLD_CASH
2014-06-05,7,DTE,PPL,43.9438,19.1281,1.0762,-0.838,0,0.0,0.0,0.0,HOLD_CASH
2014-06-06,7,DTE,PPL,43.7716,19.1962,1.0762,-1.1119,0,0.0,0.0,0.0,HOLD_CASH
2014-06-09,7,DTE,PPL,43.3582,18.9525,1.0762,-0.8132,0,0.0,0.0,0.0,HOLD_CASH
2014-06-10,7,DTE,PPL,43.1171,19.2128,1.0762,-1.7248,0,0.0,0.0,0.0,HOLD_CASH
2014-06-11,7,DTE,PPL,42.6061,18.6756,1.0762,-0.6579,0,0.0,0.0,0.0,HOLD_CASH
2014-06-12,7,DTE,PPL,42.9682,18.5648,1.0762,0.3271,0,0.0,0.0,0.0,HOLD_CASH
2014-06-13,7,DTE,PPL,43.1361,18.8473,1.0762,-0.4013,0,0.0,0.0,0.0,HOLD_CASH
2014-06-16,7,DTE,PPL,43.588,18.9802,1.0762,-0.1349,0,0.0,0.0,0.0,HOLD_CASH
2014-06-17,7,DTE,PPL,43.4258,18.8417,1.0762,0.2199,0,0.0,0.0,0.0,HOLD_CASH
2014-06-18,7,DTE,PPL,44.5089,19.2128,1.0762,0.5982,0,0.0,0.0,0.0,HOLD_CASH
2014-06-19,7,DTE,PPL,44.9897,19.2626,1.0762,1.3067,0,0.0,0.0,0.0,HOLD_CASH
2014-06-20,7,DTE,PPL,44.9666,19.174,1.0762,1.7408,0,0.0,0.0,0.0,HOLD_CASH
2014-06-23,7,DTE,PPL,44.8739,19.091,1.0762,2.0444,-1,0.0,-0.0833,-0.0833,ENTER_SHORT_A
2014-06-24,7,DTE,PPL,45.0129,19.1131,1.0762,1.885,-1,-0.0742,-0.0833,-0.1576,HOLDING
2014-06-25,7,DTE,PPL,45.204,19.1408,1.0762,1.7982,-1,-0.1825,-0.0833,-0.2659,HOLDING
2014-06-26,7,DTE,PPL,45.0303,19.2516,1.0762,0.9623,-1,0.2235,-0.0833,0.1402,HOLDING
2014-06-27,7,DTE,PPL,45.0303,19.4897,1.0762,-0.0681,-1,0.7624,-0.0833,0.679,HOLDING
2014-06-30,7,DTE,PPL,45.1056,19.678,1.0762,-0.7091,-1,1.1211,-0.0833,1.0377,HOLDING
2014-07-01,7,DTE,PPL,44.7117,19.4731,1.0762,-0.5458,-1,1.0097,-0.0833,0.9264,HOLDING
2014-07-02,7,DTE,PPL,43.837,19.0134,1.0762,-0.1166,-1,0.752,-0.0833,0.6686,HOLDING
2014-07-03,7,DTE,PPL,43.5068,18.8473,1.0762,0.0063,-1,0.6713,-0.0833,0.588,HOLDING
2014-07-07,7,DTE,PPL,43.6748,18.8749,1.0762,0.125,-1,0.5837,-0.0833,0.5004,HOLDING
2014-07-08,7,DTE,PPL,44.005,18.8971,1.0762,0.5612,-1,0.3385,-0.0833,0.2552,HOLDING
2014-07-09,7,DTE,PPL,43.6864,18.8306,1.0762,0.1731,-1,0.4731,-0.0833,0.3898,HOLDING
2014-07-10,7,DTE,PPL,44.2309,18.9636,1.0762,0.5831,-1,0.2869,-0.0833,0.2035,HOLDING
2014-07-11,7,DTE,PPL,43.9702,18.7365,1.0762,1.2108,-1,0.0062,-0.0833,-0.0771,HOLDING
2014-07-14,7,DTE,PPL,43.6748,18.4873,1.0762,1.7565,-1,-0.2935,-0.0833,-0.3768,HOLDING
2014-07-15,7,DTE,PPL,44.0571,18.5703,1.0762,1.8514,-1,-0.4474,-0.0833,-0.5308,HOLDING
2014-07-16,7,DTE,PPL,44.1324,18.6368,1.0762,1.4666,-1,-0.3644,-0.0833,-0.4477,HOLDING
2014-07-17,7,DTE,PPL,43.9297,18.4596,1.0762,1.7051,-1,-0.5841,-0.0833,-0.6674,HOLDING
2014-07-18,7,DTE,PPL,44.3525,18.742,1.0762,1.0525,-1,-0.3232,-0.0833,-0.4065,HOLDING
2014-07-21,7,DTE,PPL,43.976,18.7033,1.0762,0.529,-1,-0.0742,-0.0833,-0.1575,HOLDING
2014-07-22,7,DTE,PPL,44.0745,18.6313,1.0762,0.9791,-1,-0.3251,-0.0833,-0.4085,HOLDING
2014-07-23,7,DTE,PPL,44.3525,18.6479,1.0762,1.2908,-1,-0.5362,-0.0833,-0.6196,HOLDING
2014-07-24,7,DTE,PPL,44.7522,18.7088,1.0762,1.546,-1,-0.7559,-0.0833,-0.8392,HOLDING
2014-07-25,7,DTE,PPL,44.0224,18.515,1.0762,1.0773,-1,-0.5417,-0.0833,-0.625,HOLDING
2014-07-28,7,DTE,PPL,44.619,18.8528,1.0762,0.5973,-1,-0.3109,-0.0833,-0.3942,HOLDING
2014-07-29,7,DTE,PPL,44.3989,18.6645,1.0762,0.9336,-1,-0.5401,-0.0833,-0.6234,HOLDING
2014-07-30,7,DTE,PPL,43.6748,18.3488,1.0762,1.0146,-1,-0.6068,-0.0833,-0.6901,HOLDING
2014-07-31,7,DTE,PPL,42.7596,18.2713,1.0762,-0.4756,-1,0.0364,-0.0833,-0.0469,HOLDING
2014-08-01,7,DTE,PPL,42.9392,18.3543,1.0762,-0.6752,-1,0.0638,-0.0833,-0.0196,HOLDING
2014-08-04,7,DTE,PPL,42.5974,18.299,1.0762,-1.2912,-1,0.2441,-0.0833,0.1608,HOLDING
2014-08-05,7,DTE,PPL,41.7691,18.022,1.0762,-1.6204,-1,0.3585,-0.0833,0.2751,HOLDING
2014-08-06,7,DTE,PPL,41.746,17.6897,1.0762,0.4033,-1,-0.3727,-0.0833,-0.4561,HOLDING
2014-08-07,7,DTE,PPL,42.3252,17.939,1.0762,0.169,-1,-0.3269,-0.0833,-0.4102,HOLDING
2014-08-08,7,DTE,PPL,43.2809,18.2768,1.0762,0.3983,-1,-0.4173,-0.0833,-0.5007,HOLDING
2014-08-11,7,DTE,PPL,43.2288,18.2768,1.0762,0.2249,-1,-0.3707,-0.0833,-0.4541,HOLDING
2014-08-12,7,DTE,PPL,43.0898,18.3543,1.0762,-0.7333,-1,-0.0709,-0.0833,-0.1543,HOLDING
2014-08-13,7,DTE,PPL,43.5184,18.443,1.0762,-0.0975,-1,-0.2538,-0.0833,-0.3372,HOLDING
2014-08-14,7,DTE,PPL,43.976,18.6534,1.0762,-0.2676,-1,-0.1869,-0.0833,-0.2703,HOLDING
2014-08-15,7,DTE,PPL,44.2309,18.7254,1.0762,-0.0354,-1,-0.252,-0.0833,-0.3353,HOLDING
2014-08-18,7,DTE,PPL,44.1961,18.6368,1.0762,0.4903,-1,-0.4214,-0.0833,-0.5047,HOLDING
2014-08-19,7,DTE,PPL,44.7406,18.8805,1.0762,0.2498,-1,-0.357,-0.0833,-0.4404,HOLDING
2014-08-20,7,DTE,PPL,44.8101,18.8749,1.0762,0.529,-1,-0.4318,-0.0833,-0.5151,HOLDING
2014-08-21,7,DTE,PPL,44.7928,18.9913,1.0762,-0.3551,-1,-0.153,-0.0833,-0.2364,HOLDING
2014-08-22,7,DTE,PPL,44.5379,18.9248,1.0762,-0.5695,-1,-0.0755,-0.0833,-0.1588,HOLDING
2014-08-25,7,DTE,PPL,44.8623,19.0079,1.0762,-0.1553,-1,-0.1776,-0.0833,-0.261,HOLDING
2014-08-26,7,DTE,PPL,44.2019,18.7919,1.0762,-0.4711,-1,-0.0757,-0.0833,-0.159,HOLDING
2014-08-27,7,DTE,PPL,44.5611,18.9968,1.0762,-0.9625,-1,0.0667,-0.0833,-0.0166,HOLDING
2014-08-28,7,DTE,PPL,45.1287,19.0799,1.0762,0.3324,-1,-0.253,-0.0833,-0.3364,HOLDING
2014-08-29,7,DTE,PPL,45.3257,19.1796,1.0762,0.0593,-1,-0.2036,-0.0833,-0.287,HOLDING
2014-09-02,7,DTE,PPL,44.8449,18.9802,1.0762,0.0628,-1,-0.2247,-0.0833,-0.3081,HOLDING
2014-09-03,7,DTE,PPL,45.0303,19.1076,1.0762,-0.9444,-1,-0.1023,-0.0833,-0.1857,HOLDING
2014-09-04,7,DTE,PPL,45.036,19.0688,1.0762,-0.235,-1,-0.1952,-0.0833,-0.2785,HOLDING
2014-09-05,7,DTE,PPL,45.6616,19.1463,1.0762,2.1244,-1,-0.5793,-0.0833,-0.6627,HOLDING
2014-09-08,7,DTE,PPL,45.4415,18.8681,1.0762,3.2202,-1,-1.012,-0.0833,-1.0954,HOLDING
2014-09-09,7,DTE,PPL,45.1056,18.6553,1.0762,2.8735,-1,-1.1929,-0.0833,-1.2763,HOLDING
2014-09-10,7,DTE,PPL,44.787,18.4594,1.0762,2.5906,-1,-1.3514,-0.0833,-1.4347,HOLDING
2014-09-11,7,DTE,PPL,45.1435,18.5769,1.0762,2.1931,-1,-1.4042,-0.0833,-1.4875,HOLDING
2014-09-12,7,DTE,PPL,44.1674,18.269,1.0762,1.6124,-1,-1.2279,-0.0833,-1.3113,HOLDING
2014-09-15,7,DTE,PPL,44.4421,18.2746,1.0762,1.7979,-1,-1.461,-0.0833,-1.5443,HOLDING
2014-09-16,7,DTE,PPL,44.9448,18.7561,1.0762,0.4879,-1,-0.8211,-0.0833,-0.9044,HOLDING
2014-09-17,7,DTE,PPL,44.7636,18.7337,1.0762,0.2472,-1,-0.7097,-0.0833,-0.793,HOLDING
2014-09-18,7,DTE,PPL,44.2727,18.6329,1.0762,-0.155,-1,-0.4986,-0.0833,-0.582,HOLDING
2014-09-19,7,DTE,PPL,44.5941,18.8345,1.0762,-0.5071,-1,-0.3301,-0.0833,-0.4134,HOLDING
2014-09-22,7,DTE,PPL,44.3019,18.6553,1.0762,-0.2683,-1,-0.4741,-0.0833,-0.5574,HOLDING
2014-09-23,7,DTE,PPL,44.3369,18.5377,1.0762,0.2751,-1,-0.7715,-0.0833,-0.8548,HOLDING
2014-09-24,7,DTE,PPL,44.2785,18.353,1.0762,0.9372,-1,-1.1372,-0.0833,-1.2206,HOLDING
2014-09-25,7,DTE,PPL,44.0564,18.3754,1.0762,0.3458,-1,-0.8879,-0.0833,-0.9713,HOLDING
2014-09-26,7,DTE,PPL,44.1149,18.3194,1.0762,0.6697,-1,-1.0669,-0.0833,-1.1502,HOLDING
2014-09-29,7,DTE,PPL,44.3954,18.4426,1.0762,0.5184,-1,-1.0391,-0.0833,-1.1224,HOLDING
2014-09-30,7,DTE,PPL,44.4655,18.3866,1.0762,0.8816,-1,-1.2285,-0.0833,-1.3119,HOLDING
2014-10-01,7,DTE,PPL,44.5824,18.5321,1.0762,0.2301,-1,-1.0037,-0.0833,-1.087,HOLDING
2014-10-02,7,DTE,PPL,44.5766,18.5601,1.0762,-0.0675,-1,-0.9351,-0.0833,-1.0185,HOLDING
2014-10-03,7,DTE,PPL,44.9272,18.7449,1.0762,-0.4674,-1,-0.8307,-0.0833,-0.9141,HOLDING
2014-10-06,7,DTE,PPL,44.9156,18.7393,1.0762,-0.4306,-1,-0.833,-0.0833,-0.9163,HOLDING
2014-10-07,7,DTE,PPL,45.0149,18.8009,1.0762,-0.5344,-1,-0.7825,-0.0833,-0.8658,HOLDING
2014-10-08,7,DTE,PPL,46.2306,19.1872,1.0762,0.1346,-1,-0.9958,-0.0833,-1.0791,HOLDING
2014-10-09,7,DTE,PPL,45.5117,18.8681,1.0762,0.5422,-1,-1.0748,-0.0833,-1.1582,HOLDING
2014-10-10,7,DTE,PPL,46.0143,18.9129,1.0762,1.6463,-1,-1.4231,-0.0833,-1.5064,HOLDING
2014-10-13,7,DTE,PPL,46.1137,18.8345,1.0762,2.3574,-1,-1.6893,-0.0833,-1.7726,HOLDING
2014-10-14,7,DTE,PPL,46.4702,18.8065,1.0762,2.6359,-1,-2.0715,-0.0833,-2.1548,HOLDING
2014-10-15,7,DTE,PPL,45.5292,18.1906,1.0762,2.9086,-1,-2.6233,-0.0833,-2.7067,HOLDING
2014-10-16,7,DTE,PPL,44.9331,18.5041,1.0762,0.4965,-1,-1.3807,-0.0833,-1.464,HOLDING
2014-10-17,7,DTE,PPL,44.9915,18.6721,1.0762,-0.2302,-1,-1.0529,-0.0833,-1.1363,HOLDING
2014-10-20,7,DTE,PPL,45.9617,19.0024,1.0762,-0.1043,-1,-1.1733,-0.0833,-1.2566,HOLDING
2014-10-21,7,DTE,PPL,46.6105,19.0024,1.0762,1.0021,-1,-1.7536,-0.0833,-1.8369,HOLDING
2014-10-22,7,DTE,PPL,46.6748,19.2376,1.0762,-0.0273,-1,-1.2791,-0.0833,-1.3624,HOLDING
2014-10-23,7,DTE,PPL,46.7566,19.232,1.0762,0.1072,-1,-1.3649,-0.0833,-1.4482,HOLDING
2014-10-24,7,DTE,PPL,46.8735,19.3328,1.0762,-0.179,-1,-1.2414,-0.0833,-1.3248,HOLDING
2014-10-27,7,DTE,PPL,47.1131,19.4112,1.0762,-0.1335,-1,-1.2784,-0.0833,-1.3617,HOLDING
2014-10-28,7,DTE,PPL,47.4579,19.5007,1.0762,0.0651,-1,-1.3841,-0.0833,-1.4675,HOLDING
2014-10-29,7,DTE,PPL,46.7858,19.3216,1.0762,-0.3349,-1,-1.1883,-0.0833,-1.2717,HOLDING
2014-10-30,7,DTE,PPL,47.9197,19.4951,1.0762,0.8514,-1,-1.8098,-0.0833,-1.8931,HOLDING
2014-10-31,7,DTE,PPL,48.019,19.5903,1.0762,0.4996,-1,-1.6833,-0.0833,-1.7666,HOLDING
2014-11-03,7,DTE,PPL,48.3931,19.6743,1.0762,0.708,-1,-1.8278,-0.0833,-1.9112,HOLDING
2014-11-04,7,DTE,PPL,48.1534,19.5623,1.0762,0.7401,-1,0.0,-2.0375,-2.0375,PERIOD_END_EXIT
2014-05-08,8,MCD,RSG,74.8978,28.2173,0.5674,0.0,0,0.0,0.0,0.0,HOLD_CASH
2014-05-09,8,MCD,RSG,75.6177,28.2012,0.5674,0.0,0,0.0,0.0,0.0,HOLD_CASH
2014-05-12,8,MCD,RSG,75.5663,28.3299,0.5674,0.0,0,0.0,0.0,0.0,HOLD_CASH
2014-05-13,8,MCD,RSG,76.0585,28.346,0.5674,0.0,0,0.0,0.0,0.0,HOLD_CASH
2014-05-14,8,MCD,RSG,75.6912,28.1609,0.5674,0.0,0,0.0,0.0,0.0,HOLD_CASH
2014-05-15,8,MCD,RSG,75.3018,27.839,0.5674,0.0,0,0.0,0.0,0.0,HOLD_CASH
2014-05-16,8,MCD,RSG,75.772,28.008,0.5674,0.0,0,0.0,0.0,0.0,HOLD_CASH
2014-05-19,8,MCD,RSG,75.0006,28.0643,0.5674,0.0,0,0.0,0.0,0.0,HOLD_CASH
2014-05-20,8,MCD,RSG,74.5892,27.839,0.5674,0.0,0,0.0,0.0,0.0,HOLD_CASH
2014-05-21,8,MCD,RSG,75.3459,28.0,0.5674,0.0,0,0.0,0.0,0.0,HOLD_CASH
2014-05-22,8,MCD,RSG,75.2651,28.0563,0.5674,0.0,0,0.0,0.0,0.0,HOLD_CASH
2014-05-23,8,MCD,RSG,74.9345,28.0965,0.5674,0.0,0,0.0,0.0,0.0,HOLD_CASH
2014-05-27,8,MCD,RSG,75.199,28.2575,0.5674,0.0,0,0.0,0.0,0.0,HOLD_CASH
2014-05-28,8,MCD,RSG,74.4203,28.3138,0.5674,0.0,0,0.0,0.0,0.0,HOLD_CASH
2014-05-29,8,MCD,RSG,75.0497,28.4748,0.5674,0.0,0,0.0,0.0,0.0,HOLD_CASH
2014-05-30,8,MCD,RSG,75.1164,28.4909,0.5674,0.0,0,0.0,0.0,0.0,HOLD_CASH
2014-06-02,8,MCD,RSG,75.5607,28.5392,0.5674,0.0,0,0.0,0.0,0.0,HOLD_CASH
2014-06-03,8,MCD,RSG,75.1312,28.5392,0.5674,0.0,0,0.0,0.0,0.0,HOLD_CASH
2014-06-04,8,MCD,RSG,75.8644,28.507,0.5674,0.0,0,0.0,0.0,0.0,HOLD_CASH
2014-06-05,8,MCD,RSG,75.8717,28.7404,0.5674,-0.3686,0,0.0,0.0,0.0,HOLD_CASH
2014-06-06,8,MCD,RSG,75.5089,28.9738,0.5674,-1.6681,0,0.0,0.0,0.0,HOLD_CASH
2014-06-09,8,MCD,RSG,75.0793,29.2555,0.5674,-2.5341,1,0.0,-0.0833,-0.0833,ENTER_LONG_A
2014-06-10,8,MCD,RSG,74.709,29.4728,0.5674,-2.6745,1,-0.4863,-0.0833,-0.5696,HOLDING
2014-06-11,8,MCD,RSG,74.3684,29.513,0.5674,-2.4825,1,-0.769,-0.0833,-0.8524,HOLDING
2014-06-12,8,MCD,RSG,73.8796,29.5211,0.5674,-2.3891,1,-1.1235,-0.0833,-1.2068,HOLDING
2014-06-13,8,MCD,RSG,74.4203,29.5452,0.5674,-1.6929,1,-0.7655,-0.0833,-0.8488,HOLDING
2014-06-16,8,MCD,RSG,74.872,29.513,0.5674,-1.1578,1,-0.4124,-0.0833,-0.4957,HOLDING
2014-06-17,8,MCD,RSG,74.9979,29.7223,0.5674,-1.1757,1,-0.539,-0.0833,-0.6223,HOLDING
2014-06-18,8,MCD,RSG,75.0571,29.9074,0.5674,-1.2101,1,-0.688,-0.0833,-0.7713,HOLDING
2014-06-19,8,MCD,RSG,75.4719,30.0684,0.5674,-0.9633,1,-0.5602,-0.0833,-0.6436,HOLDING
2014-06-20,8,MCD,RSG,75.4793,30.2454,0.5674,-1.0615,1,-0.7376,-0.0833,-0.8209,HOLDING
2014-06-23,8,MCD,RSG,75.4719,30.1006,0.5674,-0.8072,1,-0.5934,-0.0833,-0.6768,HOLDING
2014-06-24,8,MCD,RSG,75.146,30.0684,0.5674,-0.9539,1,-0.791,-0.0833,-0.8743,HOLDING
2014-06-25,8,MCD,RSG,75.2497,30.3018,0.5674,-1.0437,1,-0.9582,-0.0833,-1.0416,HOLDING
2014-06-26,8,MCD,RSG,75.1756,30.3662,0.5674,-1.0742,1,-1.0771,-0.0833,-1.1604,HOLDING
2014-06-27,8,MCD,RSG,75.1386,30.901,0.5674,-1.5617,1,-1.6548,-0.0833,-1.7382,HOLDING
2014-06-30,8,MCD,RSG,74.6054,30.7714,0.5674,-1.6843,1,-1.8987,-0.0833,-1.9821,HOLDING
2014-07-01,8,MCD,RSG,74.7979,30.9091,0.5674,-1.5181,1,-1.9044,-0.0833,-1.9878,HOLDING
2014-07-02,8,MCD,RSG,74.4498,30.6498,0.5674,-1.471,1,-1.8835,-0.0833,-1.9668,HOLDING
2014-07-03,8,MCD,RSG,74.7831,30.7308,0.5674,-1.2565,1,-1.7311,-0.0833,-1.8144,HOLDING
2014-07-07,8,MCD,RSG,74.1833,30.7389,0.5674,-1.8432,1,-2.1642,-0.0833,-2.2475,HOLDING
2014-07-08,8,MCD,RSG,74.124,30.5931,0.5674,-1.5327,1,-2.0558,-0.0833,-2.1391,HOLDING
2014-07-09,8,MCD,RSG,74.8498,30.2446,0.5674,-0.0172,1,-1.1825,-0.0833,-1.2658,HOLDING
2014-07-10,8,MCD,RSG,74.4869,30.0501,0.5674,-0.0895,1,-1.2389,-0.0833,-1.3222,HOLDING
2014-07-11,8,MCD,RSG,74.3314,29.9853,0.5674,-0.1577,1,-1.2822,-0.0833,-1.3655,HOLDING
2014-07-14,8,MCD,RSG,74.4054,30.0015,0.5674,-0.052,1,-1.2464,-0.0833,-1.3298,HOLDING
2014-07-15,8,MCD,RSG,74.2795,30.0096,0.5674,-0.154,1,-1.3439,-0.0833,-1.4273,HOLDING
2014-07-16,8,MCD,RSG,73.5167,30.2122,0.5674,-1.4309,1,-2.093,-0.0833,-2.1764,HOLDING
2014-07-17,8,MCD,RSG,72.8502,29.8475,0.5674,-1.4794,1,-2.189,-0.0833,-2.2723,HOLDING
2014-07-18,8,MCD,RSG,73.3094,30.0096,0.5674,-1.0699,1,-2.0309,-0.0833,-2.1143,HOLDING
2014-07-21,8,MCD,RSG,72.2429,30.1392,0.5674,-2.3339,1,-2.9198,-0.0833,-3.0032,HOLDING
2014-07-22,8,MCD,RSG,71.295,30.123,0.5674,-2.7356,1,-3.5744,-0.0833,-3.6577,HOLDING
2014-07-23,8,MCD,RSG,70.6137,30.0177,0.5674,-2.5922,1,-3.9482,-0.0833,-4.0316,HOLDING
2014-07-24,8,MCD,RSG,70.6137,30.0258,0.5674,-2.1627,1,-3.9566,-0.0833,-4.0399,HOLDING
2014-07-25,8,MCD,RSG,70.8877,30.2851,0.5674,-1.9027,1,-4.03,-0.0833,-4.1133,HOLDING
2014-07-28,8,MCD,RSG,70.9321,30.2122,0.5674,-1.5725,1,-3.9233,-0.0833,-4.0066,HOLDING
2014-07-29,8,MCD,RSG,70.9618,30.5688,0.5674,-1.6425,1,-4.27,-0.0833,-4.3533,HOLDING
2014-07-30,8,MCD,RSG,71.058,30.7552,0.5674,-1.5299,1,-4.394,-0.0833,-4.4774,HOLDING
2014-07-31,8,MCD,RSG,70.0286,30.7389,0.5674,-1.8409,1,-5.1063,-0.0833,-5.1896,HOLDING
2014-08-01,8,MCD,RSG,69.8361,30.6174,0.5674,-1.6257,1,-5.1173,-0.0833,-5.2006,HOLDING
2014-08-04,8,MCD,RSG,69.8435,30.7227,0.5674,-1.4945,1,-5.2207,-0.0833,-5.304,HOLDING
2014-08-05,8,MCD,RSG,69.1918,30.7552,0.5674,-1.6157,1,-5.7156,-0.0833,-5.7989,HOLDING
2014-08-06,8,MCD,RSG,69.2214,30.8524,0.5674,-1.4908,1,-5.7949,-0.0833,-5.8782,HOLDING
2014-08-07,8,MCD,RSG,69.1029,31.0064,0.5674,-1.4797,1,-6.0376,-0.0833,-6.1209,HOLDING
2014-08-08,8,MCD,RSG,69.2807,31.3711,0.5674,-1.4658,1,-6.2877,-0.0833,-6.3711,HOLDING
2014-08-11,8,MCD,RSG,69.2659,31.1847,0.5674,-1.2616,1,-6.106,-0.0833,-6.1894,HOLDING
2014-08-12,8,MCD,RSG,69.2881,31.3224,0.5674,-1.2561,1,-6.2324,-0.0833,-6.3157,HOLDING
2014-08-13,8,MCD,RSG,69.5843,31.4926,0.5674,-1.1218,1,-6.1981,-0.0833,-6.2814,HOLDING
2014-08-14,8,MCD,RSG,69.3621,31.5818,0.5674,-1.2235,1,-6.4473,-0.0833,-6.5307,HOLDING
2014-08-15,8,MCD,RSG,69.4584,31.6628,0.5674,-1.1927,1,-6.4627,-0.0833,-6.546,HOLDING
2014-08-18,8,MCD,RSG,69.7991,31.6304,0.5674,-0.873,1,-6.1881,-0.0833,-6.2714,HOLDING
2014-08-19,8,MCD,RSG,69.9472,31.8168,0.5674,-0.8574,1,-6.2754,-0.0833,-6.3587,HOLDING
2014-08-20,8,MCD,RSG,69.7546,32.0113,0.5674,-1.098,1,-6.6123,-0.0833,-6.6956,HOLDING
2014-08-21,8,MCD,RSG,70.0064,32.0518,0.5674,-0.8561,1,-6.4758,-0.0833,-6.5591,HOLDING
2014-08-22,8,MCD,RSG,69.9472,31.8816,0.5674,-0.6541,1,-6.3422,-0.0833,-6.4256,HOLDING
2014-08-25,8,MCD,RSG,69.9398,31.8573,0.5674,-0.572,1,-6.3224,-0.0833,-6.4057,HOLDING
2014-08-26,8,MCD,RSG,69.6954,31.9059,0.5674,-0.8814,1,-6.5456,-0.0833,-6.6289,HOLDING
2014-08-27,8,MCD,RSG,70.0953,31.9384,0.5674,-0.3303,1,-6.2958,-0.0833,-6.3792,HOLDING
2014-08-28,8,MCD,RSG,70.3194,31.8087,0.5674,0.5018,1,-6.0034,-0.0833,-6.0868,HOLDING
2014-08-29,8,MCD,RSG,70.0056,31.8735,0.5674,-0.1881,1,-6.2925,-0.0833,-6.3758,HOLDING
2014-09-02,8,MCD,RSG,69.3185,31.7439,0.5674,-1.7426,1,-6.6454,-0.0833,-6.7287,HOLDING
2014-09-03,8,MCD,RSG,69.5724,31.7196,0.5674,-0.707,1,-6.4405,-0.0833,-6.5238,HOLDING
2014-09-04,8,MCD,RSG,69.4753,31.7033,0.5674,-0.9618,1,-6.4925,-0.0833,-6.5758,HOLDING
2014-09-05,8,MCD,RSG,69.5201,31.7763,0.5674,-1.0581,1,-6.536,-0.0833,-6.6193,HOLDING
2014-09-08,8,MCD,RSG,69.0943,31.7844,0.5674,-2.3745,1,-6.8459,-0.0833,-6.9292,HOLDING
2014-09-09,8,MCD,RSG,68.0411,31.7844,0.5674,-3.5004,1,-7.5917,-0.0833,-7.675,HOLDING
2014-09-10,8,MCD,RSG,69.4678,31.8249,0.5674,-0.418,1,-6.6232,-0.0833,-6.7065,HOLDING
2014-09-11,8,MCD,RSG,69.4379,31.752,0.5674,-0.2375,1,-6.5691,-0.0833,-6.6525,HOLDING
2014-09-12,8,MCD,RSG,69.7218,31.7277,0.5674,0.4358,1,-6.343,-0.0833,-6.4264,HOLDING
2014-09-15,8,MCD,RSG,69.8189,31.7439,0.5674,0.5709,1,-6.291,-0.0833,-6.3743,HOLDING
2014-09-16,8,MCD,RSG,70.028,31.9708,0.5674,0.4388,1,-6.3769,-0.0833,-6.4602,HOLDING
2014-09-17,8,MCD,RSG,69.8637,31.8087,0.5674,0.5321,1,-6.3261,-0.0833,-6.4094,HOLDING
2014-09-18,8,MCD,RSG,69.8264,31.7844,0.5674,0.4751,1,-6.3275,-0.0833,-6.4108,HOLDING
2014-09-19,8,MCD,RSG,70.4837,31.7925,0.5674,1.6655,1,-5.8704,-0.0833,-5.9537,HOLDING
2014-09-22,8,MCD,RSG,70.1625,31.6709,0.5674,1.2271,1,-5.9725,-0.0833,-6.0558,HOLDING
2014-09-23,8,MCD,RSG,69.8488,31.7033,0.5674,0.5249,1,-6.228,-0.0833,-6.3114,HOLDING
2014-09-24,8,MCD,RSG,70.9618,31.8978,0.5674,1.8683,1,-5.6405,-0.0833,-5.7238,HOLDING
2014-09-25,8,MCD,RSG,70.3343,31.679,0.5674,1.1674,1,-5.8592,-0.0833,-5.9425,HOLDING
2014-09-26,8,MCD,RSG,70.7377,31.6142,0.5674,1.7823,1,-5.5067,-0.0833,-5.59,HOLDING
2014-09-29,8,MCD,RSG,71.8731,31.6713,0.5674,2.5797,1,-4.7616,-0.0833,-4.8449,HOLDING
2014-09-30,8,MCD,RSG,70.8198,31.8509,0.5674,0.9251,1,-5.6926,-0.0833,-5.7759,HOLDING
2014-10-01,8,MCD,RSG,70.3568,30.9285,0.5674,1.5706,1,-5.0694,-0.0833,-5.1527,HOLDING
2014-10-02,8,MCD,RSG,70.3044,31.1489,0.5674,1.0747,1,-5.3337,-0.0833,-5.417,HOLDING
2014-10-03,8,MCD,RSG,70.8572,31.2387,0.5674,1.3858,1,-5.0349,-0.0833,-5.1182,HOLDING
2014-10-06,8,MCD,RSG,70.0953,31.4836,0.5674,0.1788,1,-5.8269,-0.0833,-5.9102,HOLDING
2014-10-07,8,MCD,RSG,69.3259,31.0836,0.5674,-0.2995,1,-5.9593,-0.0833,-6.0426,HOLDING
2014-10-08,8,MCD,RSG,70.0878,31.6224,0.5674,-0.2594,1,-5.9753,-0.0833,-6.0586,HOLDING
2014-10-09,8,MCD,RSG,69.2587,31.2877,0.5674,-0.9312,1,-6.2173,-0.0833,-6.3007,HOLDING
2014-10-10,8,MCD,RSG,68.945,31.2305,0.5674,-1.2768,1,-6.3806,-0.0833,-6.4639,HOLDING
2014-10-13,8,MCD,RSG,67.7722,31.0755,0.5674,-2.3191,1,-7.0511,-0.0833,-7.1344,HOLDING
2014-10-14,8,MCD,RSG,68.0486,31.2795,0.5674,-1.9909,1,-7.0658,-0.0833,-7.1491,HOLDING
2014-10-15,8,MCD,RSG,67.5556,31.0102,0.5674,-1.903,1,-7.1372,-0.0833,-7.2205,HOLDING
2014-10-16,8,MCD,RSG,67.1597,30.7571,0.5674,-1.7585,1,-7.1566,-0.0833,-7.2399,HOLDING
2014-10-17,8,MCD,RSG,68.0038,31.1816,0.5674,-1.2929,1,-6.9966,-0.0833,-7.0799,HOLDING
2014-10-20,8,MCD,RSG,68.4146,31.2877,0.5674,-0.9452,1,-6.8151,-0.0833,-6.8984,HOLDING
2014-10-21,8,MCD,RSG,67.9814,31.5979,0.5674,-1.5138,1,-7.4417,-0.0833,-7.525,HOLDING
2014-10-22,8,MCD,RSG,67.9291,31.8019,0.5674,-1.5572,1,-7.6891,-0.0833,-7.7725,HOLDING
2014-10-23,8,MCD,RSG,67.9888,31.9897,0.5674,-1.4936,1,-7.8404,-0.0833,-7.9238,HOLDING
2014-10-24,8,MCD,RSG,68.4744,32.0305,0.5674,-1.0469,1,-7.5387,-0.0833,-7.622,HOLDING
2014-10-27,8,MCD,RSG,68.7283,32.1121,0.5674,-0.8577,1,-7.443,-0.0833,-7.5263,HOLDING
2014-10-28,8,MCD,RSG,69.1691,32.1856,0.5674,-0.5006,1,-7.2067,-0.0833,-7.29,HOLDING
2014-10-29,8,MCD,RSG,69.2661,32.1121,0.5674,-0.2611,1,-7.0622,-0.0833,-7.1455,HOLDING
2014-10-30,8,MCD,RSG,69.7517,32.4876,0.5674,-0.1486,1,-7.1055,-0.0833,-7.1888,HOLDING
2014-10-31,8,MCD,RSG,70.0131,31.3448,0.5674,1.7954,1,-5.742,-0.0833,-5.8253,HOLDING
2014-11-03,8,MCD,RSG,69.9235,31.0755,0.5674,1.987,1,-5.5277,-0.0833,-5.6111,HOLDING
2014-11-04,8,MCD,RSG,70.5659,31.2061,0.5674,2.2002,1,0.0,-5.373,-5.373,PERIOD_END_EXIT
2014-05-08,9,LNT,WEC,20.1717,32.1233,0.9286,0.0,0,0.0,0.0,0.0,HOLD_CASH
2014-05-09,9,LNT,WEC,19.8881,31.2859,0.9286,0.0,0,0.0,0.0,0.0,HOLD_CASH
2014-05-12,9,LNT,WEC,19.7809,30.8841,0.9286,0.0,0,0.0,0.0,0.0,HOLD_CASH
2014-05-13,9,LNT,WEC,19.8362,30.7411,0.9286,0.0,0,0.0,0.0,0.0,HOLD_CASH
2014-05-14,9,LNT,WEC,19.9123,31.1838,0.9286,0.0,0,0.0,0.0,0.0,HOLD_CASH
2014-05-15,9,LNT,WEC,19.8327,31.0203,0.9286,0.0,0,0.0,0.0,0.0,HOLD_CASH
2014-05-16,9,LNT,WEC,19.9019,30.8977,0.9286,0.0,0,0.0,0.0,0.0,HOLD_CASH
2014-05-19,9,LNT,WEC,19.6045,30.5028,0.9286,0.0,0,0.0,0.0,0.0,HOLD_CASH
2014-05-20,9,LNT,WEC,19.5318,30.53,0.9286,0.0,0,0.0,0.0,0.0,HOLD_CASH
2014-05-21,9,LNT,WEC,19.5664,30.4006,0.9286,0.0,0,0.0,0.0,0.0,HOLD_CASH
2014-05-22,9,LNT,WEC,19.7082,30.7207,0.9286,0.0,0,0.0,0.0,0.0,HOLD_CASH
2014-05-23,9,LNT,WEC,19.7463,30.7343,0.9286,0.0,0,0.0,0.0,0.0,HOLD_CASH
2014-05-27,9,LNT,WEC,19.85,30.7411,0.9286,0.0,0,0.0,0.0,0.0,HOLD_CASH
2014-05-28,9,LNT,WEC,20.0403,30.8637,0.9286,0.0,0,0.0,0.0,0.0,HOLD_CASH
2014-05-29,9,LNT,WEC,19.9745,30.7139,0.9286,0.0,0,0.0,0.0,0.0,HOLD_CASH
2014-05-30,9,LNT,WEC,20.1648,30.9999,0.9286,0.0,0,0.0,0.0,0.0,HOLD_CASH
2014-06-02,9,LNT,WEC,20.1337,30.9522,0.9286,0.0,0,0.0,0.0,0.0,HOLD_CASH
2014-06-03,9,LNT,WEC,20.0956,30.9114,0.9286,0.0,0,0.0,0.0,0.0,HOLD_CASH
2014-06-04,9,LNT,WEC,20.1267,30.9931,0.9286,0.0,0,0.0,0.0,0.0,HOLD_CASH
2014-06-05,9,LNT,WEC,20.3031,31.2383,0.9286,1.1389,0,0.0,0.0,0.0,HOLD_CASH
2014-06-06,9,LNT,WEC,20.2997,31.1633,0.9286,1.3747,0,0.0,0.0,0.0,HOLD_CASH
2014-06-09,9,LNT,WEC,20.2098,31.0067,0.9286,1.3067,0,0.0,0.0,0.0,HOLD_CASH
2014-06-10,9,LNT,WEC,20.0921,30.8569,0.9286,1.0177,0,0.0,0.0,0.0,HOLD_CASH
2014-06-11,9,LNT,WEC,19.812,30.4142,0.9286,0.8553,0,0.0,0.0,0.0,HOLD_CASH
2014-06-12,9,LNT,WEC,19.895,30.4959,0.9286,0.9973,0,0.0,0.0,0.0,HOLD_CASH
2014-06-13,9,LNT,WEC,19.9434,30.6934,0.9286,0.4133,0,0.0,0.0,0.0,HOLD_CASH
2014-06-16,9,LNT,WEC,20.1855,30.9658,0.9286,0.9143,0,0.0,0.0,0.0,HOLD_CASH
2014-06-17,9,LNT,WEC,20.1682,30.8024,0.9286,1.3959,0,0.0,0.0,0.0,HOLD_CASH
2014-06-18,9,LNT,WEC,20.5176,31.5447,0.9286,0.5711,0,0.0,0.0,0.0,HOLD_CASH
2014-06-19,9,LNT,WEC,20.6144,31.9261,0.9286,-0.7241,0,0.0,0.0,0.0,HOLD_CASH
2014-06-20,9,LNT,WEC,20.5487,31.9329,0.9286,-1.6736,0,0.0,0.0,0.0,HOLD_CASH
2014-06-23,9,LNT,WEC,20.4899,30.8296,0.9286,3.4812,-1,0.0,-0.0833,-0.0833,ENTER_SHORT_A
2014-06-24,9,LNT,WEC,20.5625,31.354,0.9286,1.314,-1,0.5293,-0.0833,0.446,HOLDING
2014-06-25,9,LNT,WEC,20.7078,31.4153,0.9286,1.8659,-1,0.3027,-0.0833,0.2194,HOLDING
2014-06-26,9,LNT,WEC,20.7493,31.7694,0.9286,0.5269,-1,0.6761,-0.0833,0.5928,HOLDING
2014-06-27,9,LNT,WEC,20.7805,31.8648,0.9286,0.2966,-1,0.7345,-0.0833,0.6512,HOLDING
2014-06-30,9,LNT,WEC,21.0502,31.9533,0.9286,1.633,-1,0.2808,-0.0833,0.1975,HOLDING
2014-07-01,9,LNT,WEC,20.777,31.6537,0.9286,0.9268,-1,0.4671,-0.0833,0.3837,HOLDING
2014-07-02,9,LNT,WEC,20.2997,30.8773,0.9286,0.816,-1,0.4632,-0.0833,0.3799,HOLDING
2014-07-03,9,LNT,WEC,20.2616,30.5845,0.9286,1.5677,-1,0.1623,-0.0833,0.079,HOLDING
2014-07-07,9,LNT,WEC,20.2997,30.782,0.9286,0.9367,-1,0.3391,-0.0833,0.2558,HOLDING
2014-07-08,9,LNT,WEC,20.4622,30.9182,0.9286,1.2854,-1,0.1736,-0.0833,0.0902,HOLDING
2014-07-09,9,LNT,WEC,20.4242,30.7956,0.9286,1.3473,-1,0.0943,-0.0833,0.0109,HOLDING
2014-07-10,9,LNT,WEC,20.5971,31.0612,0.9286,1.2575,-1,0.0753,-0.0833,-0.0081,HOLDING
2014-07-11,9,LNT,WEC,20.4519,30.7956,0.9286,1.2226,-1,0.0359,-0.0833,-0.0474,HOLDING
2014-07-14,9,LNT,WEC,20.2513,30.5096,0.9286,0.9884,-1,0.0867,-0.0833,0.0034,HOLDING
2014-07-15,9,LNT,WEC,20.3861,30.6253,0.9286,1.2148,-1,-0.0471,-0.0833,-0.1304,HOLDING
2014-07-16,9,LNT,WEC,20.3273,30.7547,0.9286,0.3881,-1,0.2453,-0.0833,0.162,HOLDING
2014-07-17,9,LNT,WEC,20.1544,30.5504,0.9286,0.0517,-1,0.3441,-0.0833,0.2608,HOLDING
2014-07-18,9,LNT,WEC,20.3861,30.9046,0.9286,0.0289,-1,0.3163,-0.0833,0.233,HOLDING
2014-07-21,9,LNT,WEC,20.3723,30.8637,0.9286,-0.0799,-1,0.2923,-0.0833,0.209,HOLDING
2014-07-22,9,LNT,WEC,20.4761,30.8909,0.9286,0.8374,-1,0.109,-0.0833,0.0256,HOLDING
2014-07-23,9,LNT,WEC,20.521,30.9727,0.9286,0.7031,-1,0.1205,-0.0833,0.0371,HOLDING
2014-07-24,9,LNT,WEC,20.5383,31.0476,0.9286,0.3714,-1,0.1815,-0.0833,0.0982,HOLDING
2014-07-25,9,LNT,WEC,20.3343,30.7479,0.9286,0.0595,-1,0.2219,-0.0833,0.1385,HOLDING
2014-07-28,9,LNT,WEC,20.6905,31.3881,0.9286,-0.6298,-1,0.3037,-0.0833,0.2204,HOLDING
2014-07-29,9,LNT,WEC,20.4324,30.8773,0.9286,0.1807,-1,0.1834,-0.0833,0.1001,HOLDING
2014-07-30,9,LNT,WEC,20.0975,30.2508,0.9286,0.9006,-1,0.0742,-0.0833,-0.0092,HOLDING
2014-07-31,9,LNT,WEC,19.7102,29.6787,0.9286,0.2176,-1,0.1463,-0.0833,0.0629,HOLDING
2014-08-01,9,LNT,WEC,19.8323,29.9716,0.9286,-0.8778,-1,0.2699,-0.0833,0.1866,HOLDING
2014-08-04,9,LNT,WEC,19.7172,29.6651,0.9286,0.492,-1,0.1138,-0.0833,0.0305,HOLDING
2014-08-05,9,LNT,WEC,19.5044,29.1952,0.9286,1.8198,-1,-0.049,-0.0833,-0.1323,HOLDING
2014-08-06,9,LNT,WEC,19.3125,28.63,0.9286,3.1529,-1,-0.38,-0.0833,-0.4633,HOLDING
2014-08-07,9,LNT,WEC,19.2288,29.0454,0.9286,-1.1617,-1,0.3372,-0.0833,0.2539,HOLDING
2014-08-08,9,LNT,WEC,19.5009,29.5629,0.9286,-1.5212,-1,0.437,-0.0833,0.3537,HOLDING
2014-08-11,9,LNT,WEC,19.466,29.4472,0.9286,-0.9994,-1,0.3599,-0.0833,0.2766,HOLDING
2014-08-12,9,LNT,WEC,19.487,29.4541,0.9286,-0.7271,-1,0.3247,-0.0833,0.2414,HOLDING
2014-08-13,9,LNT,WEC,19.6823,29.6808,0.9286,-0.0849,-1,0.2079,-0.0833,0.1245,HOLDING
2014-08-14,9,LNT,WEC,19.7765,29.8183,0.9286,-0.0158,-1,0.1881,-0.0833,0.1048,HOLDING
2014-08-15,9,LNT,WEC,19.8463,29.8732,0.9286,0.3545,-1,0.1125,-0.0833,0.0292,HOLDING
2014-08-18,9,LNT,WEC,19.8358,29.7427,0.9286,1.0717,-1,-0.0353,-0.0833,-0.1187,HOLDING
2014-08-19,9,LNT,WEC,20.0347,30.3818,0.9286,-1.0661,-1,0.3771,-0.0833,0.2938,HOLDING
2014-08-20,9,LNT,WEC,20.1044,30.3337,0.9286,0.0495,-1,0.1674,-0.0833,0.0841,HOLDING
2014-08-21,9,LNT,WEC,20.1638,30.2787,0.9286,1.0004,-1,-0.0292,-0.0833,-0.1126,HOLDING
2014-08-22,9,LNT,WEC,20.0835,30.2237,0.9286,0.4607,-1,0.0684,-0.0833,-0.0149,HOLDING
2014-08-25,9,LNT,WEC,20.2754,30.5673,0.9286,0.2023,-1,0.111,-0.0833,0.0277,HOLDING
2014-08-26,9,LNT,WEC,20.0347,30.2856,0.9286,-0.5078,-1,0.2519,-0.0833,0.1686,HOLDING
2014-08-27,9,LNT,WEC,20.2265,30.6567,0.9286,-0.8178,-1,0.3303,-0.0833,0.247,HOLDING
2014-08-28,9,LNT,WEC,20.3277,31.0209,0.9286,-1.8024,-1,0.591,-0.0833,0.5076,HOLDING
2014-08-29,9,LNT,WEC,20.4045,31.1515,0.9286,-1.6287,-1,0.5991,-0.0833,0.5157,HOLDING
2014-09-02,9,LNT,WEC,20.2719,30.7185,0.9286,-0.4195,-1,0.3152,-0.0833,0.2318,HOLDING
2014-09-03,9,LNT,WEC,20.3975,30.9728,0.9286,-0.6106,-1,0.3812,-0.0833,0.2979,HOLDING
2014-09-04,9,LNT,WEC,20.401,30.8697,0.9286,0.1758,-1,0.2397,-0.0833,0.1564,HOLDING
2014-09-05,9,LNT,WEC,20.6556,31.3164,0.9286,-0.0738,-1,0.284,-0.0833,0.2007,HOLDING
2014-09-08,9,LNT,WEC,20.5649,31.1102,0.9286,0.2903,-1,0.207,-0.0833,0.1236,HOLDING
2014-09-09,9,LNT,WEC,20.2579,30.6842,0.9286,-0.3007,-1,0.2998,-0.0833,0.2165,HOLDING
2014-09-10,9,LNT,WEC,20.1707,30.7529,0.9286,-1.7201,-1,0.5732,-0.0833,0.4899,HOLDING
2014-09-11,9,LNT,WEC,20.3556,31.0484,0.9286,-1.4717,-1,0.5679,-0.0833,0.4846,HOLDING
2014-09-12,9,LNT,WEC,19.9161,30.3131,0.9286,-1.237,-1,0.5378,-0.0833,0.4545,HOLDING
2014-09-15,9,LNT,WEC,19.9614,30.5673,0.9286,-2.0192,-1,0.7731,-0.0833,0.6898,HOLDING
2014-09-16,9,LNT,WEC,20.1184,30.7116,0.9286,-1.2485,-1,0.6299,-0.0833,0.5465,HOLDING
2014-09-17,9,LNT,WEC,20.0626,30.7048,0.9286,-1.5604,-1,0.7386,-0.0833,0.6553,HOLDING
2014-09-18,9,LNT,WEC,19.8951,30.2443,0.9286,-0.4483,-1,0.4925,-0.0833,0.4092,HOLDING
2014-09-19,9,LNT,WEC,20.0033,30.3749,0.9286,-0.085,-1,0.4344,-0.0833,0.3511,HOLDING
2014-09-22,9,LNT,WEC,19.8707,30.1275,0.9286,0.2141,-1,0.392,-0.0833,0.3086,HOLDING
2014-09-23,9,LNT,WEC,19.6475,29.9007,0.9286,-0.703,-1,0.5676,-0.0833,0.4843,HOLDING
2014-09-24,9,LNT,WEC,19.5114,29.7702,0.9286,-1.2862,-1,0.6846,-0.0833,0.6013,HOLDING
2014-09-25,9,LNT,WEC,19.2602,29.4747,0.9286,-1.8808,-1,0.8297,-0.0833,0.7464,HOLDING
2014-09-26,9,LNT,WEC,19.2986,29.4266,0.9286,-1.0203,-1,0.6862,-0.0833,0.6028,HOLDING
2014-09-29,9,LNT,WEC,19.323,29.4609,0.9286,-0.9314,-1,0.6794,-0.0833,0.5961,HOLDING
2014-09-30,9,LNT,WEC,19.33,29.5503,0.9286,-1.3156,-1,0.781,-0.0833,0.6976,HOLDING
2014-10-01,9,LNT,WEC,19.466,29.6877,0.9286,-0.6623,-1,0.6729,-0.0833,0.5896,HOLDING
2014-10-02,9,LNT,WEC,19.4765,29.832,0.9286,-1.3932,-1,0.8387,-0.0833,0.7553,HOLDING
2014-10-03,9,LNT,WEC,19.6928,30.1069,0.9286,-0.7581,-1,0.7403,-0.0833,0.657,HOLDING
2014-10-06,9,LNT,WEC,19.6509,30.155,0.9286,-1.5593,-1,0.8912,-0.0833,0.8079,HOLDING
2014-10-07,9,LNT,WEC,19.637,30.4299,0.9286,-2.9889,-1,1.2784,-0.0833,1.1951,HOLDING
2014-10-08,9,LNT,WEC,20.0207,31.1721,0.9286,-2.684,-1,1.4351,-0.0833,1.3518,HOLDING
2014-10-09,9,LNT,WEC,19.6405,30.8422,0.9286,-2.9333,-1,1.8077,-0.0833,1.7243,HOLDING
2014-10-10,9,LNT,WEC,19.8533,31.3095,0.9286,-2.5424,-1,1.9671,-0.0833,1.8838,HOLDING
2014-10-13,9,LNT,WEC,19.937,31.77,0.9286,-2.606,-1,2.3898,-0.0833,2.3065,HOLDING
2014-10-14,9,LNT,WEC,20.3347,32.4847,0.9286,-2.1801,-1,2.4813,-0.0833,2.398,HOLDING
2014-10-15,9,LNT,WEC,20.08,32.8008,0.9286,-2.6932,-1,3.4298,-0.0833,3.3464,HOLDING
2014-10-16,9,LNT,WEC,20.1428,32.3816,0.9286,-1.6455,-1,2.7518,-0.0833,2.6684,HOLDING
2014-10-17,9,LNT,WEC,20.2579,32.4297,0.9286,-1.2814,-1,2.5716,-0.0833,2.4883,HOLDING
2014-10-20,9,LNT,WEC,20.6731,32.8695,0.9286,-0.81,-1,2.2686,-0.0833,2.1853,HOLDING
2014-10-21,9,LNT,WEC,20.8266,32.9588,0.9286,-0.4951,-1,2.0612,-0.0833,1.9778,HOLDING
2014-10-22,9,LNT,WEC,20.9243,33.1169,0.9286,-0.418,-1,2.0609,-0.0833,1.9776,HOLDING
2014-10-23,9,LNT,WEC,20.9626,33.2406,0.9286,-0.4412,-1,2.141,-0.0833,2.0576,HOLDING
2014-10-24,9,LNT,WEC,21.0568,33.4124,0.9286,-0.3889,-1,2.1659,-0.0833,2.0826,HOLDING
2014-10-27,9,LNT,WEC,21.1371,33.4605,0.9286,-0.1797,-1,2.0593,-0.0833,1.976,HOLDING
2014-10-28,9,LNT,WEC,21.2871,33.4468,0.9286,0.3324,-1,1.7251,-0.0833,1.6418,HOLDING
2014-10-29,9,LNT,WEC,21.2484,33.1856,0.9286,0.7702,-1,1.4668,-0.0833,1.3835,HOLDING
2014-10-30,9,LNT,WEC,21.7796,34.0653,0.9286,0.878,-1,1.4915,-0.0833,1.4081,HOLDING
2014-10-31,9,LNT,WEC,21.7796,34.1271,0.9286,0.886,-1,1.5719,-0.0833,1.4886,HOLDING
2014-11-03,9,LNT,WEC,21.9484,34.3058,0.9286,1.2062,-1,1.4484,-0.0833,1.365,HOLDING
2014-11-04,9,LNT,WEC,21.7479,33.9622,0.9286,1.2186,-1,0.0,1.2507,1.2507,PERIOD_END_EXIT
2014-05-08,10,ES,EVRG,30.7683,23.2885,0.7925,0.0,0,0.0,0.0,0.0,HOLD_CASH
2014-05-09,10,ES,EVRG,30.3048,22.9512,0.7925,0.0,0,0.0,0.0,0.0,HOLD_CASH
2014-05-12,10,ES,EVRG,29.8943,22.8344,0.7925,0.0,0,0.0,0.0,0.0,HOLD_CASH
2014-05-13,10,ES,EVRG,30.0201,22.9771,0.7925,0.0,0,0.0,0.0,0.0,HOLD_CASH
2014-05-14,10,ES,EVRG,30.2187,23.016,0.7925,0.0,0,0.0,0.0,0.0,HOLD_CASH
2014-05-15,10,ES,EVRG,30.1062,22.9382,0.7925,0.0,0,0.0,0.0,0.0,HOLD_CASH
2014-05-16,10,ES,EVRG,30.4438,23.1134,0.7925,0.0,0,0.0,0.0,0.0,HOLD_CASH
2014-05-19,10,ES,EVRG,29.9671,22.6787,0.7925,0.0,0,0.0,0.0,0.0,HOLD_CASH
2014-05-20,10,ES,EVRG,29.9208,22.6722,0.7925,0.0,0,0.0,0.0,0.0,HOLD_CASH
2014-05-21,10,ES,EVRG,29.9737,22.7695,0.7925,0.0,0,0.0,0.0,0.0,HOLD_CASH
2014-05-22,10,ES,EVRG,30.1194,23.0225,0.7925,0.0,0,0.0,0.0,0.0,HOLD_CASH
2014-05-23,10,ES,EVRG,29.9473,23.0096,0.7925,0.0,0,0.0,0.0,0.0,HOLD_CASH
2014-05-27,10,ES,EVRG,29.9406,23.0615,0.7925,0.0,0,0.0,0.0,0.0,HOLD_CASH
2014-05-28,10,ES,EVRG,30.143,23.2431,0.7925,0.0,0,0.0,0.0,0.0,HOLD_CASH
2014-05-29,10,ES,EVRG,30.0762,23.2236,0.7925,0.0,0,0.0,0.0,0.0,HOLD_CASH
2014-05-30,10,ES,EVRG,30.3234,23.3858,0.7925,0.0,0,0.0,0.0,0.0,HOLD_CASH
2014-06-02,10,ES,EVRG,30.2833,23.3793,0.7925,0.0,0,0.0,0.0,0.0,HOLD_CASH
2014-06-03,10,ES,EVRG,30.2766,23.4961,0.7925,0.0,0,0.0,0.0,0.0,HOLD_CASH
2014-06-04,10,ES,EVRG,30.2365,23.4961,0.7925,0.0,0,0.0,0.0,0.0,HOLD_CASH
2014-06-05,10,ES,EVRG,30.4569,23.7385,0.7925,-1.5582,0,0.0,0.0,0.0,HOLD_CASH
2014-06-06,10,ES,EVRG,30.3768,23.6009,0.7925,-1.2091,0,0.0,0.0,0.0,HOLD_CASH
2014-06-09,10,ES,EVRG,30.1697,23.6402,0.7925,-2.0437,1,0.0,-0.0833,-0.0833,ENTER_LONG_A
2014-06-10,10,ES,EVRG,30.1631,23.555,0.7925,-1.4927,1,0.1224,-0.0833,0.0391,HOLDING
2014-06-11,10,ES,EVRG,29.8291,23.3192,0.7925,-1.6437,1,-0.0247,-0.0833,-0.108,HOLDING
2014-06-12,10,ES,EVRG,30.1029,23.3782,0.7925,-0.7337,1,0.3054,-0.0833,0.2221,HOLDING
2014-06-13,10,ES,EVRG,30.2966,23.4895,0.7925,-0.3569,1,0.4304,-0.0833,0.347,HOLDING
2014-06-16,10,ES,EVRG,30.5638,23.7516,0.7925,-0.2761,1,0.4337,-0.0833,0.3504,HOLDING
2014-06-17,10,ES,EVRG,30.4436,23.8629,0.7925,-1.2284,1,0.0749,-0.0833,-0.0084,HOLDING
2014-06-18,10,ES,EVRG,31.2584,24.1839,0.7925,1.2358,1,0.8303,-0.0833,0.747,HOLDING
2014-06-19,10,ES,EVRG,31.2518,24.3804,0.7925,0.3167,1,0.5138,-0.0833,0.4304,HOLDING
2014-06-20,10,ES,EVRG,31.0247,24.3804,0.7925,-0.9693,1,0.1638,-0.0833,0.0805,HOLDING
2014-06-23,10,ES,EVRG,30.9044,24.328,0.7925,-1.2704,1,0.0602,-0.0833,-0.0231,HOLDING
2014-06-24,10,ES,EVRG,31.0781,24.4786,0.7925,-1.0196,1,0.0931,-0.0833,0.0097,HOLDING
2014-06-25,10,ES,EVRG,31.1382,24.6228,0.7925,-1.3943,1,-0.0389,-0.0833,-0.1223,HOLDING
2014-06-26,10,ES,EVRG,31.2384,24.7276,0.7925,-1.2759,1,-0.0479,-0.0833,-0.1312,HOLDING
2014-06-27,10,ES,EVRG,31.2985,24.8258,0.7925,-1.3691,1,-0.1084,-0.0833,-0.1917,HOLDING
2014-06-30,10,ES,EVRG,31.5724,25.0158,0.7925,-0.7783,1,0.0176,-0.0833,-0.0658,HOLDING
2014-07-01,10,ES,EVRG,31.1783,24.8651,0.7925,-1.9558,1,-0.3549,-0.0833,-0.4382,HOLDING
2014-07-02,10,ES,EVRG,30.8176,24.4066,0.7925,-1.2528,1,-0.196,-0.0833,-0.2794,HOLDING
2014-07-03,10,ES,EVRG,30.5104,24.1904,0.7925,-1.5497,1,-0.3326,-0.0833,-0.4159,HOLDING
2014-07-07,10,ES,EVRG,30.5438,24.2887,0.7925,-1.6533,1,-0.4343,-0.0833,-0.5176,HOLDING
2014-07-08,10,ES,EVRG,30.7041,24.3673,0.7925,-1.1523,1,-0.3098,-0.0833,-0.3931,HOLDING
2014-07-09,10,ES,EVRG,30.5972,24.2428,0.7925,-0.9792,1,-0.2805,-0.0833,-0.3638,HOLDING
2014-07-10,10,ES,EVRG,30.7508,24.4852,0.7925,-1.2732,1,-0.4215,-0.0833,-0.5048,HOLDING
2014-07-11,10,ES,EVRG,30.5438,24.2952,0.7925,-1.2157,1,-0.4445,-0.0833,-0.5278,HOLDING
2014-07-14,10,ES,EVRG,30.1697,23.9874,0.7925,-1.3636,1,-0.5411,-0.0833,-0.6244,HOLDING
2014-07-15,10,ES,EVRG,30.3234,24.0987,0.7925,-1.0735,1,-0.4779,-0.0833,-0.5612,HOLDING
2014-07-16,10,ES,EVRG,30.3701,24.0856,0.7925,-0.7323,1,-0.3854,-0.0833,-0.4687,HOLDING
2014-07-17,10,ES,EVRG,30.0896,23.8433,0.7925,-0.9214,1,-0.44,-0.0833,-0.5233,HOLDING
2014-07-18,10,ES,EVRG,30.4169,24.1184,0.7925,-0.5769,1,-0.3644,-0.0833,-0.4478,HOLDING
2014-07-21,10,ES,EVRG,30.3567,24.0201,0.7925,-0.2194,1,-0.3039,-0.0833,-0.3872,HOLDING
2014-07-22,10,ES,EVRG,30.4235,24.1446,0.7925,-0.5991,1,-0.395,-0.0833,-0.4783,HOLDING
2014-07-23,10,ES,EVRG,30.2966,24.1642,0.7925,-1.7221,1,-0.6211,-0.0833,-0.7045,HOLDING
2014-07-24,10,ES,EVRG,30.3835,24.2756,0.7925,-1.7361,1,-0.6609,-0.0833,-0.7442,HOLDING
2014-07-25,10,ES,EVRG,30.2833,24.1315,0.7925,-1.2621,1,-0.5907,-0.0833,-0.674,HOLDING
2014-07-28,10,ES,EVRG,30.7909,24.5114,0.7925,0.0143,1,-0.4005,-0.0833,-0.4839,HOLDING
2014-07-29,10,ES,EVRG,30.5037,24.328,0.7925,-1.0608,1,-0.5573,-0.0833,-0.6406,HOLDING
2014-07-30,10,ES,EVRG,30.0094,23.9808,0.7925,-2.3495,1,-0.7778,-0.0833,-0.8612,HOLDING
2014-07-31,10,ES,EVRG,29.3215,23.6075,0.7925,-3.4682,1,-1.2561,-0.0833,-1.3394,HOLDING
2014-08-01,10,ES,EVRG,29.248,23.7319,0.7925,-3.1326,1,-1.5632,-0.0833,-1.6466,HOLDING
2014-08-04,10,ES,EVRG,28.8473,23.483,0.7925,-2.792,1,-1.7928,-0.0833,-1.8762,HOLDING
2014-08-05,10,ES,EVRG,28.4799,23.4633,0.7925,-2.8786,1,-2.3283,-0.0833,-2.4116,HOLDING
2014-08-06,10,ES,EVRG,28.0792,23.1096,0.7925,-2.3998,1,-2.3945,-0.0833,-2.4779,HOLDING
2014-08-07,10,ES,EVRG,28.3597,23.2603,0.7925,-1.7827,1,-2.1971,-0.0833,-2.2804,HOLDING
2014-08-08,10,ES,EVRG,29.041,23.6533,0.7925,-1.0283,1,-1.7598,-0.0833,-1.8431,HOLDING
2014-08-11,10,ES,EVRG,28.9074,23.5288,0.7925,-0.9561,1,-1.7717,-0.0833,-1.855,HOLDING
2014-08-12,10,ES,EVRG,28.9007,23.5157,0.7925,-0.8546,1,-1.7615,-0.0833,-1.8449,HOLDING
2014-08-13,10,ES,EVRG,29.0209,23.7188,0.7925,-0.9165,1,-1.8927,-0.0833,-1.9761,HOLDING
2014-08-14,10,ES,EVRG,29.4083,23.876,0.7925,-0.3753,1,-1.5408,-0.0833,-1.6242,HOLDING
2014-08-15,10,ES,EVRG,29.5018,24.007,0.7925,-0.378,1,-1.6009,-0.0833,-1.6842,HOLDING
2014-08-18,10,ES,EVRG,29.5085,23.935,0.7925,-0.1394,1,-1.4783,-0.0833,-1.5616,HOLDING
2014-08-19,10,ES,EVRG,29.8825,24.197,0.7925,0.2052,1,-1.3103,-0.0833,-1.3936,HOLDING
2014-08-20,10,ES,EVRG,30.1163,24.2232,0.7925,0.7509,1,-0.9909,-0.0833,-1.0742,HOLDING
2014-08-21,10,ES,EVRG,30.1764,24.0856,0.7925,1.2356,1,-0.6839,-0.0833,-0.7672,HOLDING
2014-08-22,10,ES,EVRG,30.1631,23.9546,0.7925,1.4995,1,-0.5003,-0.0833,-0.5836,HOLDING
2014-08-25,10,ES,EVRG,30.29,24.0005,0.7925,1.6912,1,-0.3762,-0.0833,-0.4595,HOLDING
2014-08-26,10,ES,EVRG,30.0228,23.6992,0.7925,1.7077,1,-0.3183,-0.0833,-0.4016,HOLDING
2014-08-27,10,ES,EVRG,30.2833,23.9415,0.7925,1.628,1,-0.2946,-0.0833,-0.3779,HOLDING
2014-08-28,10,ES,EVRG,30.4436,24.0791,0.7925,1.5022,1,-0.262,-0.0833,-0.3453,HOLDING
2014-08-29,10,ES,EVRG,30.6506,24.1904,0.7925,1.4999,1,-0.1165,-0.0833,-0.1998,HOLDING
2014-09-02,10,ES,EVRG,30.3501,23.9939,0.7925,1.169,1,-0.2734,-0.0833,-0.3567,HOLDING
2014-09-03,10,ES,EVRG,30.5638,24.0987,0.7925,1.2552,1,-0.1074,-0.0833,-0.1907,HOLDING
2014-09-04,10,ES,EVRG,30.6306,24.0463,0.7925,1.3765,1,0.0772,-0.0833,-0.0061,HOLDING
2014-09-05,10,ES,EVRG,31.1048,24.1588,0.7925,1.8672,1,0.6328,-0.0833,0.5494,HOLDING
2014-09-08,10,ES,EVRG,30.9512,24.0662,0.7925,1.5597,1,0.5403,-0.0833,0.457,HOLDING
2014-09-09,10,ES,EVRG,30.6106,23.795,0.7925,1.3055,1,0.438,-0.0833,0.3547,HOLDING
2014-09-10,10,ES,EVRG,30.3701,23.5768,0.7925,1.1659,1,0.4076,-0.0833,0.3243,HOLDING
2014-09-11,10,ES,EVRG,30.5742,23.709,0.7925,1.223,1,0.5161,-0.0833,0.4327,HOLDING
2014-09-12,10,ES,EVRG,30.0285,23.213,0.7925,1.0542,1,0.4482,-0.0833,0.3648,HOLDING
2014-09-15,10,ES,EVRG,30.0622,23.1535,0.7925,1.201,1,0.5928,-0.0833,0.5095,HOLDING
2014-09-16,10,ES,EVRG,30.6955,23.3651,0.7925,2.0276,1,1.2389,-0.0833,1.1556,HOLDING
2014-09-17,10,ES,EVRG,30.7359,23.2659,0.7925,2.1399,1,1.4558,-0.0833,1.3725,HOLDING
2014-09-18,10,ES,EVRG,30.4934,23.0808,0.7925,1.8206,1,1.3706,-0.0833,1.2873,HOLDING
2014-09-19,10,ES,EVRG,30.6214,23.2593,0.7925,1.514,1,1.2896,-0.0833,1.2063,HOLDING
2014-09-22,10,ES,EVRG,30.2576,23.0212,0.7925,1.1219,1,1.1,-0.0833,1.0167,HOLDING
2014-09-23,10,ES,EVRG,30.1094,22.7699,0.7925,1.273,1,1.2633,-0.0833,1.18,HOLDING
2014-09-24,10,ES,EVRG,29.9948,22.7633,0.7925,0.9121,1,1.0971,-0.0833,1.0138,HOLDING
2014-09-25,10,ES,EVRG,29.8264,22.5781,0.7925,0.89,1,1.1261,-0.0833,1.0428,HOLDING
2014-09-26,10,ES,EVRG,29.914,22.6046,0.7925,0.9639,1,1.2199,-0.0833,1.1366,HOLDING
2014-09-29,10,ES,EVRG,29.8534,22.512,0.7925,0.9767,1,1.2708,-0.0833,1.1874,HOLDING
2014-09-30,10,ES,EVRG,29.8466,22.5649,0.7925,0.7307,1,1.1779,-0.0833,1.0946,HOLDING
2014-10-01,10,ES,EVRG,30.2441,22.5385,0.7925,1.9382,1,1.8317,-0.0833,1.7484,HOLDING
2014-10-02,10,ES,EVRG,30.3519,22.4988,0.7925,2.1391,1,2.0596,-0.0833,1.9763,HOLDING
2014-10-03,10,ES,EVRG,30.6888,22.6046,0.7925,2.2901,1,2.4138,-0.0833,2.3305,HOLDING
2014-10-06,10,ES,EVRG,30.6888,22.5385,0.7925,2.0809,1,2.5169,-0.0833,2.4336,HOLDING
2014-10-07,10,ES,EVRG,30.864,22.4525,0.7925,2.2577,1,2.9208,-0.0833,2.8375,HOLDING
2014-10-08,10,ES,EVRG,31.4434,22.8956,0.7925,2.0949,1,3.1231,-0.0833,3.0398,HOLDING
2014-10-09,10,ES,EVRG,31.0593,22.5649,0.7925,1.7942,1,3.0467,-0.0833,2.9634,HOLDING
2014-10-10,10,ES,EVRG,31.3019,23.094,0.7925,1.0737,1,2.5959,-0.0833,2.5126,HOLDING
2014-10-13,10,ES,EVRG,31.5107,23.3651,0.7925,0.833,1,2.4951,-0.0833,2.4118,HOLDING
2014-10-14,10,ES,EVRG,32.043,23.9339,0.7925,0.6148,1,2.4289,-0.0833,2.3456,HOLDING
2014-10-15,10,ES,EVRG,32.043,23.6627,0.7925,1.0817,1,2.8515,-0.0833,2.7682,HOLDING
2014-10-16,10,ES,EVRG,31.6253,23.59,0.7925,0.3525,1,2.3212,-0.0833,2.2379,HOLDING
2014-10-17,10,ES,EVRG,31.787,23.7619,0.7925,0.2517,1,2.3024,-0.0833,2.219,HOLDING
2014-10-20,10,ES,EVRG,32.3866,23.9339,0.7925,1.0058,1,2.9584,-0.0833,2.875,HOLDING
2014-10-21,10,ES,EVRG,32.2114,24.0596,0.7925,0.2934,1,2.4926,-0.0833,2.4093,HOLDING
2014-10-22,10,ES,EVRG,32.3866,24.205,0.7925,0.2597,1,2.5358,-0.0833,2.4525,HOLDING
2014-10-23,10,ES,EVRG,32.6157,24.172,0.7925,0.8057,1,2.9403,-0.0833,2.857,HOLDING
2014-10-24,10,ES,EVRG,32.737,24.3307,0.7925,0.615,1,2.8798,-0.0833,2.7965,HOLDING
2014-10-27,10,ES,EVRG,32.6426,24.3307,0.7925,0.2607,1,2.7345,-0.0833,2.6511,HOLDING
2014-10-28,10,ES,EVRG,32.865,24.5556,0.7925,0.0699,1,2.7266,-0.0833,2.6433,HOLDING
2014-10-29,10,ES,EVRG,32.5752,24.5291,0.7925,-1.2808,1,2.3214,-0.0833,2.2381,HOLDING
2014-10-30,10,ES,EVRG,33.249,24.9127,0.7925,-0.0402,1,2.7618,-0.0833,2.6785,HOLDING
2014-10-31,10,ES,EVRG,33.249,25.0053,0.7925,-0.5596,1,2.6175,-0.0833,2.5342,HOLDING
2014-11-03,10,ES,EVRG,33.4039,24.9987,0.7925,0.273,1,2.8666,-0.0833,2.7833,HOLDING
2014-11-04,10,ES,EVRG,33.3568,25.0119,0.7925,0.0209,1,0.0,2.5996,2.5996,PERIOD_END_EXIT
2014-05-08,11,KIM,MAC,13.019,34.6812,0.8477,0.0,0,0.0,0.0,0.0,HOLD_CASH
2014-05-09,11,KIM,MAC,12.9167,34.7445,0.8477,0.0,0,0.0,0.0,0.0,HOLD_CASH
2014-05-12,11,KIM,MAC,12.9224,34.7287,0.8477,0.0,0,0.0,0.0,0.0,HOLD_CASH
2014-05-13,11,KIM,MAC,12.9167,34.4123,0.8477,0.0,0,0.0,0.0,0.0,HOLD_CASH
2014-05-14,11,KIM,MAC,12.9451,34.5389,0.8477,0.0,0,0.0,0.0,0.0,HOLD_CASH
2014-05-15,11,KIM,MAC,12.9224,34.4123,0.8477,0.0,0,0.0,0.0,0.0,HOLD_CASH
2014-05-16,11,KIM,MAC,13.0304,34.8447,0.8477,0.0,0,0.0,0.0,0.0,HOLD_CASH
2014-05-19,11,KIM,MAC,12.9679,34.6602,0.8477,0.0,0,0.0,0.0,0.0,HOLD_CASH
2014-05-20,11,KIM,MAC,12.8201,34.4703,0.8477,0.0,0,0.0,0.0,0.0,HOLD_CASH
2014-05-21,11,KIM,MAC,12.8315,34.4123,0.8477,0.0,0,0.0,0.0,0.0,HOLD_CASH
2014-05-22,11,KIM,MAC,12.8031,34.3015,0.8477,0.0,0,0.0,0.0,0.0,HOLD_CASH
2014-05-23,11,KIM,MAC,12.9054,34.5758,0.8477,0.0,0,0.0,0.0,0.0,HOLD_CASH
2014-05-27,11,KIM,MAC,13.019,34.7024,0.8477,0.0,0,0.0,0.0,0.0,HOLD_CASH
2014-05-28,11,KIM,MAC,12.9281,34.5811,0.8477,0.0,0,0.0,0.0,0.0,HOLD_CASH
2014-05-29,11,KIM,MAC,12.9508,34.6602,0.8477,0.0,0,0.0,0.0,0.0,HOLD_CASH
2014-05-30,11,KIM,MAC,13.0247,34.8289,0.8477,0.0,0,0.0,0.0,0.0,HOLD_CASH
2014-06-02,11,KIM,MAC,13.0872,35.0241,0.8477,0.0,0,0.0,0.0,0.0,HOLD_CASH
2014-06-03,11,KIM,MAC,13.0872,35.0504,0.8477,0.0,0,0.0,0.0,0.0,HOLD_CASH
2014-06-04,11,KIM,MAC,13.1327,35.0979,0.8477,0.0,0,0.0,0.0,0.0,HOLD_CASH
2014-06-05,11,KIM,MAC,13.377,35.8152,0.8477,1.2369,0,0.0,0.0,0.0,HOLD_CASH
2014-06-06,11,KIM,MAC,13.2975,35.62,0.8477,0.8658,0,0.0,0.0,0.0,HOLD_CASH
2014-06-09,11,KIM,MAC,13.0588,35.0557,0.8477,-0.7055,0,0.0,0.0,0.0,HOLD_CASH
2014-06-10,11,KIM,MAC,12.9395,34.7709,0.8477,-1.5042,0,0.0,0.0,0.0,HOLD_CASH
2014-06-11,11,KIM,MAC,12.8542,34.5072,0.8477,-1.3892,0,0.0,0.0,0.0,HOLD_CASH
2014-06-12,11,KIM,MAC,12.7803,34.3279,0.8477,-1.6103,0,0.0,0.0,0.0,HOLD_CASH
2014-06-13,11,KIM,MAC,12.894,34.4703,0.8477,0.1444,0,0.0,0.0,0.0,HOLD_CASH
2014-06-16,11,KIM,MAC,12.8315,34.4492,0.8477,-1.1614,0,0.0,0.0,0.0,HOLD_CASH
2014-06-17,11,KIM,MAC,12.9281,34.5441,0.8477,0.5019,0,0.0,0.0,0.0,HOLD_CASH
2014-06-18,11,KIM,MAC,13.0815,34.9977,0.8477,0.6645,0,0.0,0.0,0.0,HOLD_CASH
2014-06-19,11,KIM,MAC,13.2236,35.2297,0.8477,2.0549,-1,0.0,-0.0833,-0.0833,ENTER_SHORT_A
2014-06-20,11,KIM,MAC,13.36,35.4302,0.8477,2.7476,-1,-0.2477,-0.0833,-0.331,HOLDING
2014-06-23,11,KIM,MAC,13.3372,35.1717,0.8477,2.7718,-1,-0.4506,-0.0833,-0.5339,HOLDING
2014-06-24,11,KIM,MAC,13.2463,35.1243,0.8477,1.5414,-1,-0.192,-0.0833,-0.2753,HOLDING
2014-06-25,11,KIM,MAC,13.1099,35.0399,0.8477,0.0704,-1,0.1816,-0.0833,0.0983,HOLDING
2014-06-26,11,KIM,MAC,13.002,34.8131,0.8477,-0.4153,-1,0.3037,-0.0833,0.2204,HOLDING
2014-06-27,11,KIM,MAC,13.0645,35.2297,0.8477,-1.2287,-1,0.5427,-0.0833,0.4594,HOLDING
2014-06-30,11,KIM,MAC,13.0588,35.2034,0.8477,-1.1021,-1,0.5335,-0.0833,0.4501,HOLDING
2014-07-01,11,KIM,MAC,13.1764,35.4512,0.8477,-0.5846,-1,0.4012,-0.0833,0.3179,HOLDING
2014-07-02,11,KIM,MAC,13.2625,35.2139,0.8477,1.2608,-1,-0.15,-0.0833,-0.2333,HOLDING
2014-07-03,11,KIM,MAC,13.1248,34.9397,0.8477,0.6553,-1,0.0222,-0.0833,-0.0611,HOLDING
2014-07-07,11,KIM,MAC,13.2166,35.2139,0.8477,0.672,-1,0.0066,-0.0833,-0.0767,HOLDING
2014-07-08,11,KIM,MAC,13.2855,35.2825,0.8477,1.0898,-1,-0.1538,-0.0833,-0.2372,HOLDING
2014-07-09,11,KIM,MAC,13.2797,35.3036,0.8477,0.8609,-1,-0.1114,-0.0833,-0.1947,HOLDING
2014-07-10,11,KIM,MAC,13.2969,35.3616,0.8477,0.7632,-1,-0.1071,-0.0833,-0.1905,HOLDING
2014-07-11,11,KIM,MAC,13.3142,35.504,0.8477,0.3729,-1,-0.0113,-0.0833,-0.0947,HOLDING
2014-07-14,11,KIM,MAC,13.3716,35.8099,0.8477,-0.1325,-1,0.1249,-0.0833,0.0416,HOLDING
2014-07-15,11,KIM,MAC,13.3314,35.7202,0.8477,-0.3565,-1,0.1646,-0.0833,0.0813,HOLDING
2014-07-16,11,KIM,MAC,13.4003,35.8732,0.8477,-0.1295,-1,0.0957,-0.0833,0.0124,HOLDING
2014-07-17,11,KIM,MAC,13.3601,35.7729,0.8477,-0.2638,-1,0.124,-0.0833,0.0406,HOLDING
2014-07-18,11,KIM,MAC,13.4921,36.0788,0.8477,0.1964,-1,0.0058,-0.0833,-0.0776,HOLDING
2014-07-21,11,KIM,MAC,13.4175,35.9997,0.8477,-0.3836,-1,0.1744,-0.0833,0.091,HOLDING
2014-07-22,11,KIM,MAC,13.4978,36.1685,0.8477,0.1021,-1,0.0835,-0.0833,0.0001,HOLDING
2014-07-23,11,KIM,MAC,13.5322,36.2687,0.8477,0.217,-1,0.0748,-0.0833,-0.0086,HOLDING
2014-07-24,11,KIM,MAC,13.4921,35.4829,0.8477,2.6936,-1,-0.641,-0.0833,-0.7243,HOLDING
2014-07-25,11,KIM,MAC,13.3888,35.293,0.8477,1.8444,-1,-0.4947,-0.0833,-0.578,HOLDING
2014-07-28,11,KIM,MAC,13.4634,35.6042,0.8477,1.4326,-1,-0.4115,-0.0833,-0.4948,HOLDING
2014-07-29,11,KIM,MAC,13.383,35.1295,0.8477,2.0809,-1,-0.6526,-0.0833,-0.7359,HOLDING
2014-07-30,11,KIM,MAC,13.1363,34.8658,0.8477,0.0012,-1,-0.0971,-0.0833,-0.1804,HOLDING
2014-07-31,11,KIM,MAC,12.8436,34.2857,0.8477,-1.3244,-1,0.2716,-0.0833,0.1883,HOLDING
2014-08-01,11,KIM,MAC,12.8264,34.1802,0.8477,-1.0435,-1,0.2158,-0.0833,0.1325,HOLDING
2014-08-04,11,KIM,MAC,12.8378,34.233,0.8477,-1.0389,-1,0.234,-0.0833,0.1506,HOLDING
2014-08-05,11,KIM,MAC,12.7173,33.9376,0.8477,-1.2351,-1,0.3245,-0.0833,0.2411,HOLDING
2014-08-06,11,KIM,MAC,12.7575,33.6265,0.8477,0.4376,-1,-0.1502,-0.0833,-0.2336,HOLDING
2014-08-07,11,KIM,MAC,12.7001,33.8796,0.8477,-1.1131,-1,0.3202,-0.0833,0.2369,HOLDING
2014-08-08,11,KIM,MAC,12.7919,34.2066,0.8477,-1.1453,-1,0.3619,-0.0833,0.2785,HOLDING
2014-08-11,11,KIM,MAC,13.0157,34.4597,0.8477,0.395,-1,-0.1268,-0.0833,-0.2101,HOLDING
2014-08-12,11,KIM,MAC,12.9985,34.3543,0.8477,0.5213,-1,-0.1825,-0.0833,-0.2658,HOLDING
2014-08-13,11,KIM,MAC,13.165,34.9502,0.8477,0.2262,-1,-0.1034,-0.0833,-0.1867,HOLDING
2014-08-14,11,KIM,MAC,13.1879,34.6707,0.8477,1.2941,-1,-0.485,-0.0833,-0.5684,HOLDING
2014-08-15,11,KIM,MAC,13.1994,34.523,0.8477,1.6611,-1,-0.6844,-0.0833,-0.7677,HOLDING
2014-08-18,11,KIM,MAC,13.2568,34.752,0.8477,1.3392,-1,-0.6317,-0.0833,-0.715,HOLDING
2014-08-19,11,KIM,MAC,13.4289,34.7786,0.8477,2.2691,-1,-1.19,-0.0833,-1.2733,HOLDING
2014-08-20,11,KIM,MAC,13.5437,34.8638,0.8477,2.3318,-1,-1.489,-0.0833,-1.5723,HOLDING
2014-08-21,11,KIM,MAC,13.5265,34.8585,0.8477,1.9418,-1,-1.4361,-0.0833,-1.5194,HOLDING
2014-08-22,11,KIM,MAC,13.3658,34.5497,0.8477,1.4417,-1,-1.2231,-0.0833,-1.3065,HOLDING
2014-08-25,11,KIM,MAC,13.3256,34.4964,0.8477,1.2023,-1,-1.1439,-0.0833,-1.2273,HOLDING
2014-08-26,11,KIM,MAC,13.3601,34.8159,0.8477,0.7963,-1,-0.9147,-0.0833,-0.998,HOLDING
2014-08-27,11,KIM,MAC,13.3601,34.7147,0.8477,0.8838,-1,-1.0245,-0.0833,-1.1078,HOLDING
2014-08-28,11,KIM,MAC,13.3371,34.5869,0.8477,0.8885,-1,-1.0848,-0.0833,-1.1682,HOLDING
2014-08-29,11,KIM,MAC,13.4806,34.7626,0.8477,1.2103,-1,-1.3835,-0.0833,-1.4668,HOLDING
2014-09-02,11,KIM,MAC,13.5036,34.8851,0.8477,1.0193,-1,-1.3289,-0.0833,-1.4122,HOLDING
2014-09-03,11,KIM,MAC,13.4634,35.0555,0.8477,0.4346,-1,-1.007,-0.0833,-1.0903,HOLDING
2014-09-04,11,KIM,MAC,13.4232,35.1407,0.8477,-0.0057,-1,-0.7775,-0.0833,-0.8608,HOLDING
2014-09-05,11,KIM,MAC,13.5437,35.4175,0.8477,0.0782,-1,-0.8881,-0.0833,-0.9714,HOLDING
2014-09-08,11,KIM,MAC,13.4404,35.2684,0.8477,-0.4664,-1,-0.6975,-0.0833,-0.7809,HOLDING
2014-09-09,11,KIM,MAC,13.3543,35.2045,0.8477,-1.0948,-1,-0.4733,-0.0833,-0.5566,HOLDING
2014-09-10,11,KIM,MAC,13.1592,35.0448,0.8477,-2.1826,-1,0.0189,-0.0833,-0.0645,HOLDING
2014-09-11,11,KIM,MAC,13.1937,35.1087,0.8477,-2.0215,-1,-0.0292,-0.0833,-0.1126,HOLDING
2014-09-12,11,KIM,MAC,12.8206,34.1344,0.8477,-2.1638,-1,0.1856,-0.0833,0.1023,HOLDING
2014-09-15,11,KIM,MAC,12.8378,34.2089,0.8477,-1.9003,-1,0.2078,-0.0833,0.1245,HOLDING
2014-09-16,11,KIM,MAC,12.9756,34.8212,0.8477,-1.9365,-1,0.4025,-0.0833,0.3192,HOLDING
2014-09-17,11,KIM,MAC,12.8895,34.7147,0.8477,-1.8985,-1,0.5806,-0.0833,0.4972,HOLDING
2014-09-18,11,KIM,MAC,12.8264,34.539,0.8477,-1.7034,-1,0.6052,-0.0833,0.5219,HOLDING
2014-09-19,11,KIM,MAC,12.8665,34.6455,0.8477,-1.4919,-1,0.5837,-0.0833,0.5004,HOLDING
2014-09-22,11,KIM,MAC,12.7116,34.3047,0.8477,-1.5316,-1,0.7424,-0.0833,0.6591,HOLDING
2014-09-23,11,KIM,MAC,12.6025,33.9746,0.8477,-1.3917,-1,0.7561,-0.0833,0.6727,HOLDING
2014-09-24,11,KIM,MAC,12.5853,33.7244,0.8477,-0.9942,-1,0.5432,-0.0833,0.4599,HOLDING
2014-09-25,11,KIM,MAC,12.4419,33.4529,0.8477,-1.1452,-1,0.7379,-0.0833,0.6545,HOLDING
2014-09-26,11,KIM,MAC,12.6198,33.9853,0.8477,-0.9976,-1,0.7089,-0.0833,0.6256,HOLDING
2014-09-29,11,KIM,MAC,12.6025,33.9161,0.8477,-0.9039,-1,0.6925,-0.0833,0.6092,HOLDING
2014-09-30,11,KIM,MAC,12.5739,33.9853,0.8477,-1.105,-1,0.8655,-0.0833,0.7822,HOLDING
2014-10-01,11,KIM,MAC,12.5999,33.98,0.8477,-0.8806,-1,0.7707,-0.0833,0.6874,HOLDING
2014-10-02,11,KIM,MAC,12.6057,33.98,0.8477,-0.7751,-1,0.7509,-0.0833,0.6676,HOLDING
2014-10-03,11,KIM,MAC,12.7333,34.2462,0.8477,-0.4045,-1,0.6048,-0.0833,0.5214,HOLDING
2014-10-06,11,KIM,MAC,12.8435,34.3633,0.8477,0.3756,-1,0.3561,-0.0833,0.2728,HOLDING
2014-10-07,11,KIM,MAC,12.7507,34.1237,0.8477,0.4348,-1,0.4125,-0.0833,0.3292,HOLDING
2014-10-08,11,KIM,MAC,13.0928,34.933,0.8477,1.6154,-1,0.124,-0.0833,0.0407,HOLDING
2014-10-09,11,KIM,MAC,13.1218,34.8744,0.8477,2.2329,-1,-0.0384,-0.0833,-0.1218,HOLDING
2014-10-10,11,KIM,MAC,13.1508,35.162,0.8477,1.4063,-1,0.1747,-0.0833,0.0914,HOLDING
2014-10-13,11,KIM,MAC,13.145,34.933,0.8477,2.0484,-1,-0.054,-0.0833,-0.1373,HOLDING
2014-10-14,11,KIM,MAC,13.3537,35.3377,0.8477,2.3839,-1,-0.3268,-0.0833,-0.4101,HOLDING
2014-10-15,11,KIM,MAC,13.29,35.114,0.8477,2.0428,-1,-0.352,-0.0833,-0.4353,HOLDING
2014-10-16,11,KIM,MAC,13.3074,34.7041,0.8477,2.5403,-1,-0.8562,-0.0833,-0.9395,HOLDING
2014-10-17,11,KIM,MAC,13.2262,35.1194,0.8477,0.9419,-1,-0.1286,-0.0833,-0.2119,HOLDING
2014-10-20,11,KIM,MAC,13.4059,35.6092,0.8477,0.9966,-1,-0.2101,-0.0833,-0.2934,HOLDING
2014-10-21,11,KIM,MAC,13.6031,36.0138,0.8477,1.3007,-1,-0.4434,-0.0833,-0.5267,HOLDING
2014-10-22,11,KIM,MAC,13.6901,36.0138,0.8477,1.6261,-1,-0.74,-0.0833,-0.8233,HOLDING
2014-10-23,11,KIM,MAC,13.8524,36.3546,0.8477,1.6986,-1,-0.9239,-0.0833,-1.0073,HOLDING
2014-10-24,11,KIM,MAC,13.9568,36.3653,0.8477,1.9385,-1,-1.2684,-0.0833,-1.3517,HOLDING
2014-10-27,11,KIM,MAC,13.9974,36.5836,0.8477,1.5782,-1,-1.1699,-0.0833,-1.2532,HOLDING
2014-10-28,11,KIM,MAC,14.0148,36.8125,0.8477,1.1889,-1,-0.9808,-0.0833,-1.0641,HOLDING
2014-10-29,11,KIM,MAC,14.1191,36.4824,0.8477,1.9905,-1,-1.695,-0.0833,-1.7783,HOLDING
2014-10-30,11,KIM,MAC,14.2293,36.8711,0.8477,1.7204,-1,-1.6489,-0.0833,-1.7323,HOLDING
2014-10-31,11,KIM,MAC,14.467,37.5366,0.8477,1.6415,-1,-1.7375,-0.0833,-1.8208,HOLDING
2014-11-03,11,KIM,MAC,14.6584,37.9519,0.8477,1.689,-1,-1.9394,-0.0833,-2.0228,HOLDING
2014-11-04,11,KIM,MAC,14.6178,37.9785,0.8477,1.3428,-1,0.0,-1.9465,-1.9465,PERIOD_END_EXIT
2014-05-08,12,KIM,REG,13.019,34.7951,0.9605,0.0,0,0.0,0.0,0.0,HOLD_CASH
2014-05-09,12,KIM,REG,12.9167,34.6984,0.9605,0.0,0,0.0,0.0,0.0,HOLD_CASH
2014-05-12,12,KIM,REG,12.9224,34.8402,0.9605,0.0,0,0.0,0.0,0.0,HOLD_CASH
2014-05-13,12,KIM,REG,12.9167,34.4213,0.9605,0.0,0,0.0,0.0,0.0,HOLD_CASH
2014-05-14,12,KIM,REG,12.9451,34.576,0.9605,0.0,0,0.0,0.0,0.0,HOLD_CASH
2014-05-15,12,KIM,REG,12.9224,34.2923,0.9605,0.0,0,0.0,0.0,0.0,HOLD_CASH
2014-05-16,12,KIM,REG,13.0304,34.7113,0.9605,0.0,0,0.0,0.0,0.0,HOLD_CASH
2014-05-19,12,KIM,REG,12.9679,34.5032,0.9605,0.0,0,0.0,0.0,0.0,HOLD_CASH
2014-05-20,12,KIM,REG,12.8201,34.2952,0.9605,0.0,0,0.0,0.0,0.0,HOLD_CASH
2014-05-21,12,KIM,REG,12.8315,34.3667,0.9605,0.0,0,0.0,0.0,0.0,HOLD_CASH
2014-05-22,12,KIM,REG,12.8031,34.2236,0.9605,0.0,0,0.0,0.0,0.0,HOLD_CASH
2014-05-23,12,KIM,REG,12.9054,34.5423,0.9605,0.0,0,0.0,0.0,0.0,HOLD_CASH
2014-05-27,12,KIM,REG,13.019,34.7959,0.9605,0.0,0,0.0,0.0,0.0,HOLD_CASH
2014-05-28,12,KIM,REG,12.9281,34.6788,0.9605,0.0,0,0.0,0.0,0.0,HOLD_CASH
2014-05-29,12,KIM,REG,12.9508,34.7178,0.9605,0.0,0,0.0,0.0,0.0,HOLD_CASH
2014-05-30,12,KIM,REG,13.0247,34.7243,0.9605,0.0,0,0.0,0.0,0.0,HOLD_CASH
2014-06-02,12,KIM,REG,13.0872,35.2511,0.9605,0.0,0,0.0,0.0,0.0,HOLD_CASH
2014-06-03,12,KIM,REG,13.0872,35.1535,0.9605,0.0,0,0.0,0.0,0.0,HOLD_CASH
2014-06-04,12,KIM,REG,13.1327,35.2901,0.9605,0.0,0,0.0,0.0,0.0,HOLD_CASH
2014-06-05,12,KIM,REG,13.377,36.0184,0.9605,-1.1174,0,0.0,0.0,0.0,HOLD_CASH
2014-06-06,12,KIM,REG,13.2975,35.7778,0.9605,-0.9128,0,0.0,0.0,0.0,HOLD_CASH
2014-06-09,12,KIM,REG,13.0588,35.5502,0.9605,-2.8125,1,0.0,-0.0833,-0.0833,ENTER_LONG_A
2014-06-10,12,KIM,REG,12.9395,35.004,0.9605,-1.6508,1,0.2388,-0.0833,0.1555,HOLDING
2014-06-11,12,KIM,REG,12.8542,34.8934,0.9605,-1.9383,1,0.0884,-0.0833,0.005,HOLDING
2014-06-12,12,KIM,REG,12.7803,35.069,0.9605,-2.6929,1,-0.3537,-0.0833,-0.4371,HOLDING
2014-06-13,12,KIM,REG,12.894,35.2771,0.9605,-1.979,1,-0.2228,-0.0833,-0.3061,HOLDING
2014-06-16,12,KIM,REG,12.8315,35.0885,0.9605,-1.7023,1,-0.2096,-0.0833,-0.293,HOLDING
2014-06-17,12,KIM,REG,12.9281,35.4461,0.9605,-1.7253,1,-0.3059,-0.0833,-0.3893,HOLDING
2014-06-18,12,KIM,REG,13.0815,35.7257,0.9605,-1.1356,1,-0.1277,-0.0833,-0.211,HOLDING
2014-06-19,12,KIM,REG,13.2236,36.0509,0.9605,-0.8236,1,-0.0386,-0.0833,-0.122,HOLDING
2014-06-20,12,KIM,REG,13.36,36.3175,0.9605,-0.4158,1,0.0991,-0.0833,0.0158,HOLDING
2014-06-23,12,KIM,REG,13.3372,36.0444,0.9605,0.2479,1,0.3388,-0.0833,0.2554,HOLDING
2014-06-24,12,KIM,REG,13.2463,35.9729,0.9605,-0.2426,1,0.125,-0.0833,0.0416,HOLDING
2014-06-25,12,KIM,REG,13.1099,35.9403,0.9605,-1.242,1,-0.2816,-0.0833,-0.3649,HOLDING
2014-06-26,12,KIM,REG,13.002,35.7453,0.9605,-1.4372,1,-0.409,-0.0833,-0.4924,HOLDING
2014-06-27,12,KIM,REG,13.0645,36.0444,0.9605,-1.6881,1,-0.5491,-0.0833,-0.6324,HOLDING
2014-06-30,12,KIM,REG,13.0588,36.2069,0.9605,-1.9351,1,-0.7543,-0.0833,-0.8376,HOLDING
2014-07-01,12,KIM,REG,13.1764,36.1289,0.9605,-0.6209,1,-0.2817,-0.0833,-0.3651,HOLDING
2014-07-02,12,KIM,REG,13.2625,35.9663,0.9605,0.7619,1,0.1852,-0.0833,0.1018,HOLDING
2014-07-03,12,KIM,REG,13.1248,35.6802,0.9605,0.5128,1,0.0655,-0.0833,-0.0179,HOLDING
2014-07-07,12,KIM,REG,13.2166,35.9533,0.9605,0.5993,1,0.0507,-0.0833,-0.0326,HOLDING
2014-07-08,12,KIM,REG,13.2855,36.0314,0.9605,1.0152,1,0.1852,-0.0833,0.1019,HOLDING
2014-07-09,12,KIM,REG,13.2797,36.0184,0.9605,1.0269,1,0.1815,-0.0833,0.0982,HOLDING
2014-07-10,12,KIM,REG,13.2969,36.1744,0.9605,0.6054,1,0.0583,-0.0833,-0.0251,HOLDING
2014-07-11,12,KIM,REG,13.3142,36.1289,0.9605,0.8898,1,0.1666,-0.0833,0.0833,HOLDING
2014-07-14,12,KIM,REG,13.3716,36.285,0.9605,0.833,1,0.1742,-0.0833,0.0908,HOLDING
2014-07-15,12,KIM,REG,13.3314,36.311,0.9605,0.244,1,0.0135,-0.0833,-0.0698,HOLDING
2014-07-16,12,KIM,REG,13.4003,36.3565,0.9605,0.7542,1,0.1854,-0.0833,0.1021,HOLDING
2014-07-17,12,KIM,REG,13.3601,36.0574,0.9605,1.3387,1,0.3982,-0.0833,0.3149,HOLDING
2014-07-18,12,KIM,REG,13.4921,36.4931,0.9605,1.0047,1,0.3275,-0.0833,0.2441,HOLDING
2014-07-21,12,KIM,REG,13.4175,36.272,0.9605,0.9819,1,0.3385,-0.0833,0.2552,HOLDING
2014-07-22,12,KIM,REG,13.4978,36.5191,0.9605,0.9148,1,0.3163,-0.0833,0.233,HOLDING
2014-07-23,12,KIM,REG,13.5322,36.6491,0.9605,0.7623,1,0.279,-0.0833,0.1957,HOLDING
2014-07-24,12,KIM,REG,13.4921,36.7337,0.9605,0.0115,1,0.0512,-0.0833,-0.0322,HOLDING
2014-07-25,12,KIM,REG,13.3888,36.0249,0.9605,1.3988,1,0.5289,-0.0833,0.4456,HOLDING
2014-07-28,12,KIM,REG,13.4634,36.3825,0.9605,0.7936,1,0.361,-0.0833,0.2777,HOLDING
2014-07-29,12,KIM,REG,13.383,36.0964,0.9605,1.2496,1,0.4281,-0.0833,0.3448,HOLDING
2014-07-30,12,KIM,REG,13.1363,36.0769,0.9605,-2.8653,1,-0.3527,-0.0833,-0.4361,HOLDING
2014-07-31,12,KIM,REG,12.8436,35.3486,0.9605,-2.6323,1,-0.469,-0.0833,-0.5523,HOLDING
2014-08-01,12,KIM,REG,12.8264,35.1925,0.9605,-1.8402,1,-0.3458,-0.0833,-0.4291,HOLDING
2014-08-04,12,KIM,REG,12.8378,35.3291,0.9605,-1.954,1,-0.4653,-0.0833,-0.5486,HOLDING
2014-08-05,12,KIM,REG,12.7173,34.9844,0.9605,-1.6958,1,-0.4618,-0.0833,-0.5451,HOLDING
2014-08-06,12,KIM,REG,12.7575,34.9974,0.9605,-1.201,1,-0.3459,-0.0833,-0.4293,HOLDING
2014-08-07,12,KIM,REG,12.7001,35.7583,0.9605,-2.9662,1,-1.4065,-0.0833,-1.4898,HOLDING
2014-08-08,12,KIM,REG,12.7919,36.0249,0.9605,-2.3404,1,-1.4138,-0.0833,-1.4971,HOLDING
2014-08-11,12,KIM,REG,13.0157,36.337,0.9605,-1.4651,1,-1.0437,-0.0833,-1.1271,HOLDING
2014-08-12,12,KIM,REG,12.9985,36.246,0.9605,-1.2492,1,-0.9952,-0.0833,-1.0785,HOLDING
2014-08-13,12,KIM,REG,13.165,36.8832,0.9605,-1.3565,1,-1.1853,-0.0833,-1.2687,HOLDING
2014-08-14,12,KIM,REG,13.1879,37.0068,0.9605,-1.3032,1,-1.2525,-0.0833,-1.3359,HOLDING
2014-08-15,12,KIM,REG,13.1994,37.0198,0.9605,-1.1453,1,-1.2301,-0.0833,-1.3134,HOLDING
2014-08-18,12,KIM,REG,13.2568,37.3935,0.9605,-1.3326,1,-1.4725,-0.0833,-1.5559,HOLDING
2014-08-19,12,KIM,REG,13.4289,37.7083,0.9605,-0.9329,1,-1.2736,-0.0833,-1.3569,HOLDING
2014-08-20,12,KIM,REG,13.5437,37.8656,0.9605,-0.57,1,-1.0807,-0.0833,-1.164,HOLDING
2014-08-21,12,KIM,REG,13.5265,37.6623,0.9605,-0.2479,1,-0.9033,-0.0833,-0.9866,HOLDING
2014-08-22,12,KIM,REG,13.3658,37.2165,0.9605,-0.1918,1,-0.9143,-0.0833,-0.9976,HOLDING
2014-08-25,12,KIM,REG,13.3256,37.1837,0.9605,-0.2725,1,-1.0074,-0.0833,-1.0907,HOLDING
2014-08-26,12,KIM,REG,13.3601,37.4001,0.9605,-0.4806,1,-1.1438,-0.0833,-1.2271,HOLDING
2014-08-27,12,KIM,REG,13.3601,37.1903,0.9605,0.2098,1,-0.9028,-0.0833,-0.9862,HOLDING
2014-08-28,12,KIM,REG,13.3371,37.0329,0.9605,0.5582,1,-0.7968,-0.0833,-0.8802,HOLDING
2014-08-29,12,KIM,REG,13.4806,37.4656,0.9605,0.618,1,-0.8268,-0.0833,-0.9102,HOLDING
2014-09-02,12,KIM,REG,13.5036,37.6427,0.9605,0.3264,1,-0.9554,-0.0833,-1.0388,HOLDING
2014-09-03,12,KIM,REG,13.4634,37.6886,0.9605,-0.2019,1,-1.1389,-0.0833,-1.2222,HOLDING
2014-09-04,12,KIM,REG,13.4232,37.5509,0.9605,0.0298,1,-1.1115,-0.0833,-1.1949,HOLDING
2014-09-05,12,KIM,REG,13.5437,37.9705,0.9605,-0.4434,1,-1.2012,-0.0833,-1.2845,HOLDING
2014-09-08,12,KIM,REG,13.4404,37.8328,0.9605,-1.5065,1,-1.3793,-0.0833,-1.4626,HOLDING
2014-09-09,12,KIM,REG,13.3543,37.6361,0.9605,-1.6206,1,-1.4336,-0.0833,-1.5169,HOLDING
2014-09-10,12,KIM,REG,13.1592,36.9542,0.9605,-0.8967,1,-1.2856,-0.0833,-1.3689,HOLDING
2014-09-11,12,KIM,REG,13.1937,37.2755,0.9605,-1.8632,1,-1.5425,-0.0833,-1.6258,HOLDING
2014-09-12,12,KIM,REG,12.8206,36.0756,0.9605,-1.2356,1,-1.3786,-0.0833,-1.462,HOLDING
2014-09-15,12,KIM,REG,12.8378,36.1477,0.9605,-1.248,1,-1.4054,-0.0833,-1.4888,HOLDING
2014-09-16,12,KIM,REG,12.9756,36.5739,0.9605,-1.352,1,-1.4466,-0.0833,-1.5299,HOLDING
2014-09-17,12,KIM,REG,12.8895,36.4166,0.9605,-1.6216,1,-1.5461,-0.0833,-1.6294,HOLDING
2014-09-18,12,KIM,REG,12.8264,35.9969,0.9605,-0.5077,1,-1.2696,-0.0833,-1.3529,HOLDING
2014-09-19,12,KIM,REG,12.8665,36.0691,0.9605,-0.2383,1,-1.2217,-0.0833,-1.305,HOLDING
2014-09-22,12,KIM,REG,12.7116,35.7346,0.9605,-0.718,1,-1.342,-0.0833,-1.4253,HOLDING
2014-09-23,12,KIM,REG,12.6025,35.3412,0.9605,-0.2949,1,-1.2451,-0.0833,-1.3284,HOLDING
2014-09-24,12,KIM,REG,12.5853,35.2757,0.9605,-0.1855,1,-1.2259,-0.0833,-1.3092,HOLDING
2014-09-25,12,KIM,REG,12.4419,35.0986,0.9605,-1.2957,1,-1.4895,-0.0833,-1.5729,HOLDING
2014-09-26,12,KIM,REG,12.6198,35.5707,0.9605,-0.9856,1,-1.4526,-0.0833,-1.5359,HOLDING
2014-09-29,12,KIM,REG,12.6025,35.6297,0.9605,-1.5935,1,-1.5764,-0.0833,-1.6598,HOLDING
2014-09-30,12,KIM,REG,12.5739,35.2953,0.9605,0.1692,1,-1.2858,-0.0833,-1.3691,HOLDING
2014-10-01,12,KIM,REG,12.5999,35.2691,0.9605,1.0538,1,-1.1708,-0.0833,-1.2541,HOLDING
2014-10-02,12,KIM,REG,12.6057,35.3216,0.9605,0.9096,1,-1.2121,-0.0833,-1.2954,HOLDING
2014-10-03,12,KIM,REG,12.7333,35.5773,0.9605,1.8878,1,-1.0906,-0.0833,-1.1739,HOLDING
2014-10-06,12,KIM,REG,12.8435,35.6494,0.9605,2.8579,1,-0.8148,-0.0833,-0.8981,HOLDING
2014-10-07,12,KIM,REG,12.7507,35.4199,0.9605,2.1342,1,-0.8532,-0.0833,-0.9366,HOLDING
2014-10-08,12,KIM,REG,13.0928,36.3379,0.9605,2.1009,1,-0.7939,-0.0833,-0.8772,HOLDING
2014-10-09,12,KIM,REG,13.1218,36.4756,0.9605,1.6165,1,-0.8577,-0.0833,-0.941,HOLDING
2014-10-10,12,KIM,REG,13.1508,36.3379,0.9605,2.1414,1,-0.6051,-0.0833,-0.6885,HOLDING
2014-10-13,12,KIM,REG,13.145,36.4231,0.9605,1.5302,1,-0.7219,-0.0833,-0.8052,HOLDING
2014-10-14,12,KIM,REG,13.3537,37.1509,0.9605,0.9696,1,-0.8783,-0.0833,-0.9616,HOLDING
2014-10-15,12,KIM,REG,13.29,37.1509,0.9605,0.2286,1,-1.0859,-0.0833,-1.1692,HOLDING
2014-10-16,12,KIM,REG,13.3074,37.2755,0.9605,-0.077,1,-1.1724,-0.0833,-1.2557,HOLDING
2014-10-17,12,KIM,REG,13.2262,36.9673,0.9605,0.1695,1,-1.0827,-0.0833,-1.166,HOLDING
2014-10-20,12,KIM,REG,13.4059,37.6623,0.9605,-0.5121,1,-1.2958,-0.0833,-1.3791,HOLDING
2014-10-21,12,KIM,REG,13.6031,38.0033,0.9605,0.3383,1,-1.0456,-0.0833,-1.129,HOLDING
2014-10-22,12,KIM,REG,13.6901,38.1279,0.9605,0.7538,1,-0.9056,-0.0833,-0.9889,HOLDING
2014-10-23,12,KIM,REG,13.8524,38.5016,0.9605,1.0351,1,-0.8064,-0.0833,-0.8897,HOLDING
2014-10-24,12,KIM,REG,13.9568,38.5147,0.9605,1.9334,1,-0.4817,-0.0833,-0.565,HOLDING
2014-10-27,12,KIM,REG,13.9974,38.777,0.9605,1.342,1,-0.6508,-0.0833,-0.7341,HOLDING
2014-10-28,12,KIM,REG,14.0148,38.9409,0.9605,0.7713,1,-0.7824,-0.0833,-0.8657,HOLDING
2014-10-29,12,KIM,REG,14.1191,38.8163,0.9605,2.2585,1,-0.2996,-0.0833,-0.3829,HOLDING
2014-10-30,12,KIM,REG,14.2293,39.1245,0.9605,1.9881,1,-0.2949,-0.0833,-0.3782,HOLDING
2014-10-31,12,KIM,REG,14.467,39.7999,0.9605,1.7513,1,-0.2967,-0.0833,-0.38,HOLDING
2014-11-03,12,KIM,REG,14.6584,40.2392,0.9605,1.8274,1,-0.1784,-0.0833,-0.2617,HOLDING
2014-11-04,12,KIM,REG,14.6178,41.0325,0.9605,-1.0293,1,0.0,-1.3997,-1.3997,PERIOD_END_EXIT
2014-05-08,13,PG,WM,59.0738,34.6777,0.6854,0.0,0,0.0,0.0,0.0,HOLD_CASH
2014-05-09,13,PG,WM,59.2392,34.5596,0.6854,0.0,0,0.0,0.0,0.0,HOLD_CASH
2014-05-12,13,PG,WM,58.7646,34.5282,0.6854,0.0,0,0.0,0.0,0.0,HOLD_CASH
2014-05-13,13,PG,WM,58.6783,34.7092,0.6854,0.0,0,0.0,0.0,0.0,HOLD_CASH
2014-05-14,13,PG,WM,58.362,34.6305,0.6854,0.0,0,0.0,0.0,0.0,HOLD_CASH
2014-05-15,13,PG,WM,57.9018,34.5832,0.6854,0.0,0,0.0,0.0,0.0,HOLD_CASH
2014-05-16,13,PG,WM,57.758,34.4652,0.6854,0.0,0,0.0,0.0,0.0,HOLD_CASH
2014-05-19,13,PG,WM,57.4704,34.536,0.6854,0.0,0,0.0,0.0,0.0,HOLD_CASH
2014-05-20,13,PG,WM,57.6861,34.1662,0.6854,0.0,0,0.0,0.0,0.0,HOLD_CASH
2014-05-21,13,PG,WM,57.8731,34.3472,0.6854,0.0,0,0.0,0.0,0.0,HOLD_CASH
2014-05-22,13,PG,WM,57.9881,34.2134,0.6854,0.0,0,0.0,0.0,0.0,HOLD_CASH
2014-05-23,13,PG,WM,57.8946,34.1269,0.6854,0.0,0,0.0,0.0,0.0,HOLD_CASH
2014-05-27,13,PG,WM,57.5783,34.4101,0.6854,0.0,0,0.0,0.0,0.0,HOLD_CASH
2014-05-28,13,PG,WM,57.5926,34.8193,0.6854,0.0,0,0.0,0.0,0.0,HOLD_CASH
2014-05-29,13,PG,WM,57.8083,34.9059,0.6854,0.0,0,0.0,0.0,0.0,HOLD_CASH
2014-05-30,13,PG,WM,58.0888,35.1577,0.6854,0.0,0,0.0,0.0,0.0,HOLD_CASH
2014-06-02,13,PG,WM,57.7796,35.26,0.6854,0.0,0,0.0,0.0,0.0,HOLD_CASH
2014-06-03,13,PG,WM,57.4704,35.1498,0.6854,0.0,0,0.0,0.0,0.0,HOLD_CASH
2014-06-04,13,PG,WM,57.4201,35.0744,0.6854,0.0,0,0.0,0.0,0.0,HOLD_CASH
2014-06-05,13,PG,WM,57.5998,35.0189,0.6854,-1.1288,0,0.0,0.0,0.0,HOLD_CASH
2014-06-06,13,PG,WM,57.5423,35.122,0.6854,-1.255,0,0.0,0.0,0.0,HOLD_CASH
2014-06-09,13,PG,WM,57.5854,35.3363,0.6854,-1.4612,0,0.0,0.0,0.0,HOLD_CASH
2014-06-10,13,PG,WM,57.6286,35.3521,0.6854,-1.3191,0,0.0,0.0,0.0,HOLD_CASH
2014-06-11,13,PG,WM,57.5639,34.9871,0.6854,-0.6834,0,0.0,0.0,0.0,HOLD_CASH
2014-06-12,13,PG,WM,57.3482,34.8284,0.6854,-0.6683,0,0.0,0.0,0.0,HOLD_CASH
2014-06-13,13,PG,WM,57.2619,34.9157,0.6854,-0.9054,0,0.0,0.0,0.0,HOLD_CASH
2014-06-16,13,PG,WM,57.2979,34.9078,0.6854,-0.7443,0,0.0,0.0,0.0,HOLD_CASH
2014-06-17,13,PG,WM,57.2188,35.122,0.6854,-1.1919,0,0.0,0.0,0.0,HOLD_CASH
2014-06-18,13,PG,WM,57.3698,35.1538,0.6854,-0.9051,0,0.0,0.0,0.0,HOLD_CASH
2014-06-19,13,PG,WM,57.6933,35.2093,0.6854,-0.356,0,0.0,0.0,0.0,HOLD_CASH
2014-06-20,13,PG,WM,57.4704,35.4156,0.6854,-1.2328,0,0.0,0.0,0.0,HOLD_CASH
2014-06-23,13,PG,WM,57.1756,35.2252,0.6854,-1.5995,0,0.0,0.0,0.0,HOLD_CASH
2014-06-24,13,PG,WM,56.8089,35.2093,0.6854,-2.421,1,0.0,-0.0833,-0.0833,ENTER_LONG_A
2014-06-25,13,PG,WM,57.0318,35.2808,0.6854,-1.7401,1,0.1252,-0.0833,0.0419,HOLDING
2014-06-26,13,PG,WM,56.5285,35.2649,0.6854,-2.5678,1,-0.2975,-0.0833,-0.3808,HOLDING
2014-06-27,13,PG,WM,56.8161,35.5823,0.6854,-2.3056,1,-0.3527,-0.0833,-0.436,HOLDING
2014-06-30,13,PG,WM,56.5069,35.495,0.6854,-2.2709,1,-0.5378,-0.0833,-0.6211,HOLDING
2014-07-01,13,PG,WM,57.0031,35.5744,0.6854,-1.2783,1,-0.1824,-0.0833,-0.2657,HOLDING
2014-07-02,13,PG,WM,57.2044,35.2887,0.6854,-0.2192,1,0.2678,-0.0833,0.1845,HOLDING
2014-07-03,13,PG,WM,57.5064,35.4791,0.6854,0.0203,1,0.3474,-0.0833,0.264,HOLDING
2014-07-07,13,PG,WM,57.6573,35.3442,0.6854,0.6584,1,0.6086,-0.0833,0.5253,HOLDING
2014-07-08,13,PG,WM,57.9234,35.3918,0.6854,1.0441,1,0.7943,-0.0833,0.711,HOLDING
2014-07-09,13,PG,WM,58.7215,35.1062,0.6854,2.5426,1,1.7639,-0.0833,1.6806,HOLDING
2014-07-10,13,PG,WM,58.6783,35.0586,0.6854,2.1758,1,1.7722,-0.0833,1.6889,HOLDING
2014-07-11,13,PG,WM,58.3548,35.1855,0.6854,1.4051,1,1.3684,-0.0833,1.2851,HOLDING
2014-07-14,13,PG,WM,58.4698,35.2331,0.6854,1.3585,1,1.4227,-0.0833,1.3394,HOLDING
2014-07-15,13,PG,WM,58.4267,35.3204,0.6854,1.0976,1,1.3011,-0.0833,1.2178,HOLDING
2014-07-16,13,PG,WM,58.6615,35.4315,0.6854,1.1232,1,1.3986,-0.0833,1.3152,HOLDING
2014-07-17,13,PG,WM,58.2701,34.9713,0.6854,1.1684,1,1.5009,-0.0833,1.4176,HOLDING
2014-07-18,13,PG,WM,58.3789,35.2649,0.6854,0.8545,1,1.313,-0.0833,1.2296,HOLDING
2014-07-21,13,PG,WM,58.1832,35.2966,0.6854,0.5411,1,1.1121,-0.0833,1.0288,HOLDING
2014-07-22,13,PG,WM,58.0527,35.3204,0.6854,0.3204,1,0.9756,-0.0833,0.8923,HOLDING
2014-07-23,13,PG,WM,57.973,35.1379,0.6854,0.4015,1,1.0819,-0.0833,0.9986,HOLDING
2014-07-24,13,PG,WM,58.1687,35.1617,0.6854,0.5312,1,1.2293,-0.0833,1.146,HOLDING
2014-07-25,13,PG,WM,57.6613,34.9951,0.6854,0.0725,1,0.9482,-0.0833,0.8648,HOLDING
2014-07-28,13,PG,WM,57.4439,34.8284,0.6854,-0.0663,1,0.9193,-0.0833,0.836,HOLDING
2014-07-29,13,PG,WM,57.0018,36.1774,0.6854,-2.6908,1,-0.7639,-0.0833,-0.8472,HOLDING
2014-07-30,13,PG,WM,56.6467,36.0267,0.6854,-2.5529,1,-0.9279,-0.0833,-1.0112,HOLDING
2014-07-31,13,PG,WM,56.0379,35.622,0.6854,-2.2983,1,-1.0682,-0.0833,-1.1516,HOLDING
2014-08-01,13,PG,WM,57.7266,35.2411,0.6854,-0.1246,1,0.7682,-0.0833,0.6848,HOLDING
2014-08-04,13,PG,WM,57.4149,35.3521,0.6854,-0.5618,1,0.39,-0.0833,0.3067,HOLDING
2014-08-05,13,PG,WM,57.5526,35.3125,0.6854,-0.3575,1,0.548,-0.0833,0.4647,HOLDING
2014-08-06,13,PG,WM,58.7702,35.0982,0.6854,1.1265,1,1.814,-0.0833,1.7306,HOLDING
2014-08-07,13,PG,WM,58.0817,34.9554,0.6854,0.6327,1,1.3522,-0.0833,1.2689,HOLDING
2014-08-08,13,PG,WM,58.6688,35.8521,0.6854,0.2157,1,1.0001,-0.0833,0.9168,HOLDING
2014-08-11,13,PG,WM,59.0529,35.9314,0.6854,0.5366,1,1.258,-0.0833,1.1747,HOLDING
2014-08-12,13,PG,WM,59.0094,36.0901,0.6854,0.3226,1,1.0674,-0.0833,0.9841,HOLDING
2014-08-13,13,PG,WM,59.0529,36.2647,0.6854,0.1946,1,0.9372,-0.0833,0.8539,HOLDING
2014-08-14,13,PG,WM,59.3935,36.3838,0.6854,0.4488,1,1.1191,-0.0833,1.0358,HOLDING
2014-08-15,13,PG,WM,59.2703,36.36,0.6854,0.3669,1,1.0348,-0.0833,0.9515,HOLDING
2014-08-18,13,PG,WM,59.7486,36.5742,0.6854,0.6172,1,1.2449,-0.0833,1.1616,HOLDING
2014-08-19,13,PG,WM,59.9298,36.7647,0.6854,0.5652,1,1.2193,-0.0833,1.136,HOLDING
2014-08-20,13,PG,WM,60.0168,37.0424,0.6854,0.333,1,1.0277,-0.0833,0.9444,HOLDING
2014-08-21,13,PG,WM,60.3574,37.0583,0.6854,0.6734,1,1.3089,-0.0833,1.2256,HOLDING
2014-08-22,13,PG,WM,60.4371,36.844,0.6854,0.9522,1,1.5845,-0.0833,1.5012,HOLDING
2014-08-25,13,PG,WM,60.5459,36.8916,0.6854,0.9448,1,1.6333,-0.0833,1.55,HOLDING
2014-08-26,13,PG,WM,60.4299,36.9551,0.6854,0.688,1,1.4712,-0.0833,1.3879,HOLDING
2014-08-27,13,PG,WM,60.3792,37.2646,0.6854,0.133,1,1.1292,-0.0833,1.0459,HOLDING
2014-08-28,13,PG,WM,60.1762,37.1535,0.6854,-0.2758,1,1.0595,-0.0833,0.9762,HOLDING
2014-08-29,13,PG,WM,60.2342,37.2725,0.6854,-0.5027,1,0.9954,-0.0833,0.9121,HOLDING
2014-09-02,13,PG,WM,60.14,37.5026,0.6854,-1.5795,1,0.692,-0.0833,0.6086,HOLDING
2014-09-03,13,PG,WM,60.082,37.5307,0.6854,-1.8804,1,0.6145,-0.0833,0.5312,HOLDING
2014-09-04,13,PG,WM,60.6618,37.4827,0.6854,0.0501,1,1.1653,-0.0833,1.082,HOLDING
2014-09-05,13,PG,WM,60.7125,37.6186,0.6854,-0.2277,1,1.0786,-0.0833,0.9953,HOLDING
2014-09-08,13,PG,WM,60.3864,37.7306,0.6854,-1.5914,1,0.687,-0.0833,0.6037,HOLDING
2014-09-09,13,PG,WM,60.1473,37.6026,0.6854,-1.6586,1,0.602,-0.0833,0.5187,HOLDING
2014-09-10,13,PG,WM,60.6183,37.8346,0.6854,-0.94,1,0.7887,-0.0833,0.7054,HOLDING
2014-09-11,13,PG,WM,60.5096,37.7546,0.6854,-0.9524,1,0.7711,-0.0833,0.6878,HOLDING
2014-09-12,13,PG,WM,60.3429,37.4347,0.6854,-0.3909,1,0.934,-0.0833,0.8506,HOLDING
2014-09-15,13,PG,WM,60.785,37.6906,0.6854,0.0548,1,1.0724,-0.0833,0.9891,HOLDING
2014-09-16,13,PG,WM,60.9372,37.7946,0.6854,0.1857,1,1.1048,-0.0833,1.0214,HOLDING
2014-09-17,13,PG,WM,60.9952,37.8826,0.6854,0.1005,1,1.0706,-0.0833,0.9872,HOLDING
2014-09-18,13,PG,WM,61.017,37.9146,0.6854,0.0567,1,1.0587,-0.0833,0.9754,HOLDING
2014-09-19,13,PG,WM,61.2199,37.8746,0.6854,0.7746,1,1.2738,-0.0833,1.1905,HOLDING
2014-09-22,13,PG,WM,61.4663,37.6826,0.6854,2.0277,1,1.6731,-0.0833,1.5897,HOLDING
2014-09-23,13,PG,WM,61.1981,37.5307,0.6854,1.794,1,1.5859,-0.0833,1.5026,HOLDING
2014-09-24,13,PG,WM,61.7779,37.9226,0.6854,2.0188,1,1.7133,-0.0833,1.63,HOLDING
2014-09-25,13,PG,WM,61.1184,37.5146,0.6854,1.3446,1,1.5319,-0.0833,1.4486,HOLDING
2014-09-26,13,PG,WM,61.2996,37.7386,0.6854,1.0746,1,1.4741,-0.0833,1.3908,HOLDING
2014-09-29,13,PG,WM,61.1981,37.9146,0.6854,0.3164,1,1.2164,-0.0833,1.1331,HOLDING
2014-09-30,13,PG,WM,60.6908,38.0186,0.6854,-1.2079,1,0.6748,-0.0833,0.5914,HOLDING
2014-10-01,13,PG,WM,60.2559,37.7146,0.6854,-1.4496,1,0.5888,-0.0833,0.5055,HOLDING
2014-10-02,13,PG,WM,60.1907,37.6906,0.6854,-1.3815,1,0.5552,-0.0833,0.4718,HOLDING
2014-10-03,13,PG,WM,60.7271,38.0746,0.6854,-1.0231,1,0.6524,-0.0833,0.5691,HOLDING
2014-10-06,13,PG,WM,60.5676,38.0026,0.6854,-1.1747,1,0.5829,-0.0833,0.4996,HOLDING
2014-10-07,13,PG,WM,60.2704,37.3787,0.6854,-0.3623,1,0.9248,-0.0833,0.8415,HOLDING
2014-10-08,13,PG,WM,61.0097,38.0586,0.6854,-0.4058,1,0.9138,-0.0833,0.8305,HOLDING
2014-10-09,13,PG,WM,60.6328,37.5307,0.6854,0.0268,1,1.0939,-0.0833,1.0106,HOLDING
2014-10-10,13,PG,WM,61.3793,37.4507,0.6854,1.7167,1,1.8206,-0.0833,1.7373,HOLDING
2014-10-13,13,PG,WM,60.4227,37.3067,0.6854,-0.0094,1,1.1265,-0.0833,1.0432,HOLDING
2014-10-14,13,PG,WM,60.5531,37.1867,0.6854,0.5295,1,1.3556,-0.0833,1.2723,HOLDING
2014-10-15,13,PG,WM,60.1183,37.0187,0.6854,-0.0153,1,1.1388,-0.0833,1.0555,HOLDING
2014-10-16,13,PG,WM,59.6037,37.0267,0.6854,-1.0766,1,0.6832,-0.0833,0.5999,HOLDING
2014-10-17,13,PG,WM,60.3502,37.3707,0.6854,-0.2708,1,1.0019,-0.0833,0.9186,HOLDING
2014-10-20,13,PG,WM,61.0097,37.3147,0.6854,1.2501,1,1.6298,-0.0833,1.5465,HOLDING
2014-10-21,13,PG,WM,61.3214,37.8026,0.6854,0.7981,1,1.4314,-0.0833,1.3481,HOLDING
2014-10-22,13,PG,WM,61.5141,37.7466,0.6854,1.3601,1,1.6531,-0.0833,1.5698,HOLDING
2014-10-23,13,PG,WM,60.7838,38.3065,0.6854,-1.3753,1,0.4785,-0.0833,0.3952,HOLDING
2014-10-24,13,PG,WM,62.1933,38.3625,0.6854,1.3848,1,1.6514,-0.0833,1.5681,HOLDING
2014-10-27,13,PG,WM,62.7703,38.4905,0.6854,1.9321,1,2.0304,-0.0833,1.9471,HOLDING
2014-10-28,13,PG,WM,63.15,38.7305,0.6854,1.8276,1,2.13,-0.0833,2.0466,HOLDING
2014-10-29,13,PG,WM,63.2012,38.1785,0.6854,2.3543,1,2.7057,-0.0833,2.6224,HOLDING
2014-10-30,13,PG,WM,63.4933,38.8345,0.6854,1.5343,1,2.3286,-0.0833,2.2453,HOLDING
2014-10-31,13,PG,WM,63.7343,39.1064,0.6854,1.3035,1,2.2766,-0.0833,2.1933,HOLDING
2014-11-03,13,PG,WM,63.8146,38.8825,0.6854,1.5673,1,2.5621,-0.0833,2.4788,HOLDING
2014-11-04,13,PG,WM,64.7349,38.6665,0.6854,2.4385,1,0.0,3.394,3.394,PERIOD_END_EXIT
2014-05-08,14,CB,CL,81.7462,51.0271,0.9381,0.0,0,0.0,0.0,0.0,HOLD_CASH
2014-05-09,14,CB,CL,82.1785,51.4453,0.9381,0.0,0,0.0,0.0,0.0,HOLD_CASH
2014-05-12,14,CB,CL,82.4266,51.0955,0.9381,0.0,0,0.0,0.0,0.0,HOLD_CASH
2014-05-13,14,CB,CL,82.8109,51.1487,0.9381,0.0,0,0.0,0.0,0.0,HOLD_CASH
2014-05-14,14,CB,CL,82.2105,50.9206,0.9381,0.0,0,0.0,0.0,0.0,HOLD_CASH
2014-05-15,14,CB,CL,81.8823,50.5024,0.9381,0.0,0,0.0,0.0,0.0,HOLD_CASH
2014-05-16,14,CB,CL,82.0184,50.8902,0.9381,0.0,0,0.0,0.0,0.0,HOLD_CASH
2014-05-19,14,CB,CL,82.3466,50.7457,0.9381,0.0,0,0.0,0.0,0.0,HOLD_CASH
2014-05-20,14,CB,CL,82.1865,50.6164,0.9381,0.0,0,0.0,0.0,0.0,HOLD_CASH
2014-05-21,14,CB,CL,82.5227,50.8065,0.9381,0.0,0,0.0,0.0,0.0,HOLD_CASH
2014-05-22,14,CB,CL,82.4026,50.6544,0.9381,0.0,0,0.0,0.0,0.0,HOLD_CASH
2014-05-23,14,CB,CL,82.3786,50.7457,0.9381,0.0,0,0.0,0.0,0.0,HOLD_CASH
2014-05-27,14,CB,CL,82.7308,50.7305,0.9381,0.0,0,0.0,0.0,0.0,HOLD_CASH
2014-05-28,14,CB,CL,82.5067,50.2818,0.9381,0.0,0,0.0,0.0,0.0,HOLD_CASH
2014-05-29,14,CB,CL,82.8909,50.8902,0.9381,0.0,0,0.0,0.0,0.0,HOLD_CASH
2014-05-30,14,CB,CL,83.019,52.0157,0.9381,0.0,0,0.0,0.0,0.0,HOLD_CASH
2014-06-02,14,CB,CL,82.8829,51.8712,0.9381,0.0,0,0.0,0.0,0.0,HOLD_CASH
2014-06-03,14,CB,CL,82.3306,51.1335,0.9381,0.0,0,0.0,0.0,0.0,HOLD_CASH
2014-06-04,14,CB,CL,83.3792,51.4909,0.9381,0.0,0,0.0,0.0,0.0,HOLD_CASH
2014-06-05,14,CB,CL,83.6594,51.6811,0.9381,0.2608,0,0.0,0.0,0.0,HOLD_CASH
2014-06-06,14,CB,CL,83.9876,51.7267,0.9381,0.6268,0,0.0,0.0,0.0,HOLD_CASH
2014-06-09,14,CB,CL,84.0436,52.0461,0.9381,-0.2478,0,0.0,0.0,0.0,HOLD_CASH
2014-06-10,14,CB,CL,84.0356,52.2362,0.9381,-0.8131,0,0.0,0.0,0.0,HOLD_CASH
2014-06-11,14,CB,CL,83.4113,52.183,0.9381,-1.6482,0,0.0,0.0,0.0,HOLD_CASH
2014-06-12,14,CB,CL,83.051,51.5898,0.9381,-0.6564,0,0.0,0.0,0.0,HOLD_CASH
2014-06-13,14,CB,CL,83.1711,51.605,0.9381,-0.4438,0,0.0,0.0,0.0,HOLD_CASH
2014-06-16,14,CB,CL,82.955,51.7799,0.9381,-1.2293,0,0.0,0.0,0.0,HOLD_CASH
2014-06-17,14,CB,CL,83.6114,51.6278,0.9381,0.3186,0,0.0,0.0,0.0,HOLD_CASH
2014-06-18,14,CB,CL,83.8996,52.2666,0.9381,-0.7802,0,0.0,0.0,0.0,HOLD_CASH
2014-06-19,14,CB,CL,84.3078,52.7989,0.9381,-1.2952,0,0.0,0.0,0.0,HOLD_CASH
2014-06-20,14,CB,CL,84.0757,52.0004,0.9381,0.3424,0,0.0,0.0,0.0,HOLD_CASH
2014-06-23,14,CB,CL,84.0757,51.5822,0.9381,1.3281,0,0.0,0.0,0.0,HOLD_CASH
2014-06-24,14,CB,CL,83.6194,51.6735,0.9381,0.4221,0,0.0,0.0,0.0,HOLD_CASH
2014-06-25,14,CB,CL,83.4193,51.6735,0.9381,0.2151,0,0.0,0.0,0.0,HOLD_CASH
2014-06-26,14,CB,CL,82.7708,51.6354,0.9381,-0.8726,0,0.0,0.0,0.0,HOLD_CASH
2014-06-27,14,CB,CL,82.7628,52.0385,0.9381,-2.0052,1,0.0,-0.0833,-0.0833,ENTER_LONG_A
2014-06-30,14,CB,CL,83.011,51.8484,0.9381,-0.9895,1,0.2763,-0.0833,0.193,HOLDING
2014-07-01,14,CB,CL,83.8915,52.0765,0.9381,0.0688,1,0.5569,-0.0833,0.4736,HOLDING
2014-07-02,14,CB,CL,83.5714,52.0689,0.9381,-0.4839,1,0.3965,-0.0833,0.3131,HOLDING
2014-07-03,14,CB,CL,84.1717,52.3351,0.9381,-0.0356,1,0.5021,-0.0833,0.4187,HOLDING
2014-07-07,14,CB,CL,84.2117,52.3655,0.9381,0.0307,1,0.4993,-0.0833,0.4159,HOLDING
2014-07-08,14,CB,CL,83.6114,52.8522,0.9381,-2.3046,1,-0.1899,-0.0833,-0.2732,HOLDING
2014-07-09,14,CB,CL,83.7875,52.9662,0.9381,-1.932,1,-0.1868,-0.0833,-0.2701,HOLDING
2014-07-10,14,CB,CL,83.4593,52.7913,0.9381,-1.8061,1,-0.2217,-0.0833,-0.3051,HOLDING
2014-07-11,14,CB,CL,83.7314,52.8674,0.9381,-1.391,1,-0.1393,-0.0833,-0.2226,HOLDING
2014-07-14,14,CB,CL,83.8835,53.0727,0.9381,-1.4283,1,-0.2194,-0.0833,-0.3028,HOLDING
2014-07-15,14,CB,CL,84.1397,52.9739,0.9381,-0.8187,1,-0.0097,-0.0833,-0.0931,HOLDING
2014-07-16,14,CB,CL,83.7795,53.0885,0.9381,-1.3767,1,-0.2857,-0.0833,-0.3691,HOLDING
2014-07-17,14,CB,CL,82.6908,52.4387,0.9381,-1.3772,1,-0.3477,-0.0833,-0.431,HOLDING
2014-07-18,14,CB,CL,83.3152,52.6681,0.9381,-0.9397,1,-0.2011,-0.0833,-0.2844,HOLDING
2014-07-21,14,CB,CL,83.4602,52.5611,0.9381,-0.4912,1,-0.0428,-0.0833,-0.1261,HOLDING
2014-07-22,14,CB,CL,83.2185,52.4311,0.9381,-0.4822,1,-0.0676,-0.0833,-0.1509,HOLDING
2014-07-23,14,CB,CL,84.1287,52.1101,0.9381,1.6307,1,0.6541,-0.0833,0.5708,HOLDING
2014-07-24,14,CB,CL,84.4107,52.0642,0.9381,2.0154,1,0.8362,-0.0833,0.7528,HOLDING
2014-07-25,14,CB,CL,83.3635,51.6667,0.9381,1.2897,1,0.6002,-0.0833,0.5169,HOLDING
2014-07-28,14,CB,CL,83.2185,51.468,0.9381,1.3459,1,0.679,-0.0833,0.5956,HOLDING
2014-07-29,14,CB,CL,82.7111,50.7265,0.9381,1.8699,1,0.99,-0.0833,0.9067,HOLDING
2014-07-30,14,CB,CL,82.0344,50.5354,0.9381,1.335,1,0.7867,-0.0833,0.7033,HOLDING
2014-07-31,14,CB,CL,80.6328,48.4638,0.9381,2.6117,1,1.6642,-0.0833,1.5808,HOLDING
2014-08-01,14,CB,CL,80.7214,48.8842,0.9381,1.8129,1,1.3843,-0.0833,1.301,HOLDING
2014-08-04,14,CB,CL,80.6328,48.739,0.9381,1.6972,1,1.4509,-0.0833,1.3675,HOLDING
2014-08-05,14,CB,CL,80.512,48.7466,0.9381,1.4148,1,1.3822,-0.0833,1.2988,HOLDING
2014-08-06,14,CB,CL,80.665,49.534,0.9381,0.5471,1,0.8514,-0.0833,0.7681,HOLDING
2014-08-07,14,CB,CL,80.5361,49.2664,0.9381,0.6842,1,0.9918,-0.0833,0.9085,HOLDING
2014-08-08,14,CB,CL,80.81,49.8245,0.9381,0.1749,1,0.7016,-0.0833,0.6182,HOLDING
2014-08-11,14,CB,CL,80.8986,49.7327,0.9381,0.2899,1,0.8187,-0.0833,0.7354,HOLDING
2014-08-12,14,CB,CL,81.6317,49.2435,0.9381,1.3665,1,1.5788,-0.0833,1.4954,HOLDING
2014-08-13,14,CB,CL,82.3325,49.2129,0.9381,1.7581,1,1.9665,-0.0833,1.8832,HOLDING
2014-08-14,14,CB,CL,83.1944,49.083,0.9381,2.2344,1,2.515,-0.0833,2.4317,HOLDING
2014-08-15,14,CB,CL,83.3716,49.0218,0.9381,2.1127,1,2.6545,-0.0833,2.5712,HOLDING
2014-08-18,14,CB,CL,83.9435,49.3964,0.9381,1.8565,1,2.6613,-0.0833,2.578,HOLDING
2014-08-19,14,CB,CL,83.9596,49.1212,0.9381,1.9281,1,2.883,-0.0833,2.7996,HOLDING
2014-08-20,14,CB,CL,84.0804,49.4346,0.9381,1.4889,1,2.7028,-0.0833,2.6195,HOLDING
2014-08-21,14,CB,CL,84.8215,49.5416,0.9381,1.6183,1,3.0049,-0.0833,2.9216,HOLDING
2014-08-22,14,CB,CL,84.3866,49.3582,0.9381,1.3802,1,2.9211,-0.0833,2.8378,HOLDING
2014-08-25,14,CB,CL,84.8054,49.5875,0.9381,1.2756,1,2.961,-0.0833,2.8776,HOLDING
2014-08-26,14,CB,CL,85.0793,49.5264,0.9381,1.3379,1,3.1506,-0.0833,3.0673,HOLDING
2014-08-27,14,CB,CL,85.3048,49.5569,0.9381,1.3045,1,3.2441,-0.0833,3.1608,HOLDING
2014-08-28,14,CB,CL,85.482,49.3123,0.9381,1.446,1,3.5258,-0.0833,3.4425,HOLDING
2014-08-29,14,CB,CL,85.6512,49.4805,0.9381,1.2464,1,3.4833,-0.0833,3.4,HOLDING
2014-09-02,14,CB,CL,85.8928,49.2435,0.9381,1.4015,1,3.7925,-0.0833,3.7092,HOLDING
2014-09-03,14,CB,CL,85.7318,49.2435,0.9381,1.1892,1,3.7089,-0.0833,3.6255,HOLDING
2014-09-04,14,CB,CL,85.2646,49.1594,0.9381,0.9422,1,3.5313,-0.0833,3.448,HOLDING
2014-09-05,14,CB,CL,85.4901,49.5799,0.9381,0.6264,1,3.3226,-0.0833,3.2393,HOLDING
2014-09-08,14,CB,CL,85.4981,48.6473,0.9381,1.4813,1,4.0496,-0.0833,3.9663,HOLDING
2014-09-09,14,CB,CL,84.9907,48.4867,0.9381,1.3835,1,3.9104,-0.0833,3.8271,HOLDING
2014-09-10,14,CB,CL,85.1598,48.9225,0.9381,0.9171,1,3.6606,-0.0833,3.5773,HOLDING
2014-09-11,14,CB,CL,84.9343,49.2435,0.9381,0.1011,1,3.2946,-0.0833,3.2112,HOLDING
2014-09-12,14,CB,CL,84.4913,49.2894,0.9381,-0.5693,1,3.0288,-0.0833,2.9455,HOLDING
2014-09-15,14,CB,CL,85.1115,49.3123,0.9381,0.0544,1,3.3333,-0.0833,3.2499,HOLDING
2014-09-16,14,CB,CL,85.3048,49.7939,0.9381,-0.7719,1,3.0604,-0.0833,2.9771,HOLDING
2014-09-17,14,CB,CL,85.4015,49.8703,0.9381,-0.837,1,3.0514,-0.0833,2.9681,HOLDING
2014-09-18,14,CB,CL,86.5051,49.9238,0.9381,0.4594,1,3.5833,-0.0833,3.4999,HOLDING
2014-09-19,14,CB,CL,86.1909,49.9009,0.9381,-0.0018,1,3.4378,-0.0833,3.3545,HOLDING
2014-09-22,14,CB,CL,85.8848,50.2143,0.9381,-1.2553,1,3.0359,-0.0833,2.9526,HOLDING
2014-09-23,14,CB,CL,84.9182,49.9926,0.9381,-2.0096,1,2.7055,-0.0833,2.6222,HOLDING
2014-09-24,14,CB,CL,85.8606,50.6271,0.9381,-1.8569,1,2.7034,-0.0833,2.62,HOLDING
2014-09-25,14,CB,CL,84.9826,50.0538,0.9381,-1.613,1,2.6916,-0.0833,2.6083,HOLDING
2014-09-26,14,CB,CL,85.7688,50.222,0.9381,-0.8961,1,2.9697,-0.0833,2.8864,HOLDING
2014-09-29,14,CB,CL,84.9745,50.1684,0.9381,-1.5335,1,2.5985,-0.0833,2.5152,HOLDING
2014-09-30,14,CB,CL,84.9988,49.855,0.9381,-0.8541,1,2.8541,-0.0833,2.7707,HOLDING
2014-10-01,14,CB,CL,84.1478,49.6028,0.9381,-1.2358,1,2.6075,-0.0833,2.5241,HOLDING
2014-10-02,14,CB,CL,84.8043,49.5187,0.9381,-0.2777,1,3.0137,-0.0833,2.9304,HOLDING
2014-10-03,14,CB,CL,86.2713,50.0385,0.9381,0.4429,1,3.373,-0.0833,3.2896,HOLDING
2014-10-06,14,CB,CL,86.0768,49.8933,0.9381,0.6564,1,3.3845,-0.0833,3.3011,HOLDING
2014-10-07,14,CB,CL,85.2095,49.6104,0.9381,0.2623,1,3.1531,-0.0833,3.0698,HOLDING
2014-10-08,14,CB,CL,86.5226,50.3137,0.9381,0.673,1,3.2902,-0.0833,3.2069,HOLDING
2014-10-09,14,CB,CL,85.0393,49.8397,0.9381,-0.4956,1,2.887,-0.0833,2.8036,HOLDING
2014-10-10,14,CB,CL,85.0232,49.9085,0.9381,-0.6682,1,2.8253,-0.0833,2.7419,HOLDING
2014-10-13,14,CB,CL,83.6534,49.0677,0.9381,-0.6364,1,2.7654,-0.0833,2.682,HOLDING
2014-10-14,14,CB,CL,84.4882,49.2359,0.9381,0.3723,1,3.0687,-0.0833,2.9854,HOLDING
2014-10-15,14,CB,CL,83.5723,48.8361,0.9381,-0.1037,1,2.9027,-0.0833,2.8194,HOLDING
2014-10-16,14,CB,CL,83.4183,48.5133,0.9381,0.7015,1,3.073,-0.0833,2.9896,HOLDING
2014-10-17,14,CB,CL,84.7881,48.9899,0.9381,1.8669,1,3.4152,-0.0833,3.3319,HOLDING
2014-10-20,14,CB,CL,85.1771,49.6125,0.9381,0.6272,1,3.1347,-0.0833,3.0513,HOLDING
2014-10-21,14,CB,CL,86.482,50.289,0.9381,0.9398,1,3.2883,-0.0833,3.2049,HOLDING
2014-10-22,14,CB,CL,85.785,50.2121,0.9381,-0.2291,1,2.9857,-0.0833,2.9024,HOLDING
2014-10-23,14,CB,CL,85.4284,50.0046,0.9381,-0.348,1,2.9613,-0.0833,2.878,HOLDING
2014-10-24,14,CB,CL,86.6442,50.2352,0.9381,1.2918,1,3.4142,-0.0833,3.3309,HOLDING
2014-10-27,14,CB,CL,87.6735,50.8194,0.9381,1.3655,1,3.4962,-0.0833,3.4128,HOLDING
2014-10-28,14,CB,CL,88.3787,50.5734,0.9381,2.7238,1,4.0532,-0.0833,3.9698,HOLDING
2014-10-29,14,CB,CL,87.8356,50.6196,0.9381,1.5633,1,3.7353,-0.0833,3.652,HOLDING
2014-10-30,14,CB,CL,88.3138,51.05,0.9381,1.0741,1,3.65,-0.0833,3.5667,HOLDING
2014-10-31,14,CB,CL,88.5894,51.4113,0.9381,0.5538,1,3.5132,-0.0833,3.4299,HOLDING
2014-11-03,14,CB,CL,88.1842,51.8187,0.9381,-1.0737,1,2.9868,-0.0833,2.9035,HOLDING
2014-11-04,14,CB,CL,88.9379,52.3107,0.9381,-1.0426,1,0.0,2.827,2.827,PERIOD_END_EXIT
2014-05-08,15,ES,WEC,30.7683,32.1233,0.7556,0.0,0,0.0,0.0,0.0,HOLD_CASH
2014-05-09,15,ES,WEC,30.3048,31.2859,0.7556,0.0,0,0.0,0.0,0.0,HOLD_CASH
2014-05-12,15,ES,WEC,29.8943,30.8841,0.7556,0.0,0,0.0,0.0,0.0,HOLD_CASH
2014-05-13,15,ES,WEC,30.0201,30.7411,0.7556,0.0,0,0.0,0.0,0.0,HOLD_CASH
2014-05-14,15,ES,WEC,30.2187,31.1838,0.7556,0.0,0,0.0,0.0,0.0,HOLD_CASH
2014-05-15,15,ES,WEC,30.1062,31.0203,0.7556,0.0,0,0.0,0.0,0.0,HOLD_CASH
2014-05-16,15,ES,WEC,30.4438,30.8977,0.7556,0.0,0,0.0,0.0,0.0,HOLD_CASH
2014-05-19,15,ES,WEC,29.9671,30.5028,0.7556,0.0,0,0.0,0.0,0.0,HOLD_CASH
2014-05-20,15,ES,WEC,29.9208,30.53,0.7556,0.0,0,0.0,0.0,0.0,HOLD_CASH
2014-05-21,15,ES,WEC,29.9737,30.4006,0.7556,0.0,0,0.0,0.0,0.0,HOLD_CASH
2014-05-22,15,ES,WEC,30.1194,30.7207,0.7556,0.0,0,0.0,0.0,0.0,HOLD_CASH
2014-05-23,15,ES,WEC,29.9473,30.7343,0.7556,0.0,0,0.0,0.0,0.0,HOLD_CASH
2014-05-27,15,ES,WEC,29.9406,30.7411,0.7556,0.0,0,0.0,0.0,0.0,HOLD_CASH
2014-05-28,15,ES,WEC,30.143,30.8637,0.7556,0.0,0,0.0,0.0,0.0,HOLD_CASH
2014-05-29,15,ES,WEC,30.0762,30.7139,0.7556,0.0,0,0.0,0.0,0.0,HOLD_CASH
2014-05-30,15,ES,WEC,30.3234,30.9999,0.7556,0.0,0,0.0,0.0,0.0,HOLD_CASH
2014-06-02,15,ES,WEC,30.2833,30.9522,0.7556,0.0,0,0.0,0.0,0.0,HOLD_CASH
2014-06-03,15,ES,WEC,30.2766,30.9114,0.7556,0.0,0,0.0,0.0,0.0,HOLD_CASH
2014-06-04,15,ES,WEC,30.2365,30.9931,0.7556,0.0,0,0.0,0.0,0.0,HOLD_CASH
2014-06-05,15,ES,WEC,30.4569,31.2383,0.7556,0.36,0,0.0,0.0,0.0,HOLD_CASH
2014-06-06,15,ES,WEC,30.3768,31.1633,0.7556,0.0916,0,0.0,0.0,0.0,HOLD_CASH
2014-06-09,15,ES,WEC,30.1697,31.0067,0.7556,-0.6676,0,0.0,0.0,0.0,HOLD_CASH
2014-06-10,15,ES,WEC,30.1631,30.8569,0.7556,0.056,0,0.0,0.0,0.0,HOLD_CASH
2014-06-11,15,ES,WEC,29.8291,30.4142,0.7556,-0.0286,0,0.0,0.0,0.0,HOLD_CASH
2014-06-12,15,ES,WEC,30.1029,30.4959,0.7556,1.7822,0,0.0,0.0,0.0,HOLD_CASH
2014-06-13,15,ES,WEC,30.2966,30.6934,0.7556,1.9683,0,0.0,0.0,0.0,HOLD_CASH
2014-06-16,15,ES,WEC,30.5638,30.9658,0.7556,2.349,-1,0.0,-0.0833,-0.0833,ENTER_SHORT_A
2014-06-17,15,ES,WEC,30.4436,30.8024,0.7556,1.9947,-1,-0.0026,-0.0833,-0.0859,HOLDING
2014-06-18,15,ES,WEC,31.2584,31.5447,0.7556,2.7916,-1,-0.4083,-0.0833,-0.4917,HOLDING
2014-06-19,15,ES,WEC,31.2518,31.9261,0.7556,1.1205,-1,0.0437,-0.0833,-0.0396,HOLDING
2014-06-20,15,ES,WEC,31.0247,31.9329,0.7556,-0.1208,-1,0.4043,-0.0833,0.321,HOLDING
2014-06-23,15,ES,WEC,30.9044,30.8296,0.7556,2.7238,-1,-0.6868,-0.0833,-0.7701,HOLDING
2014-06-24,15,ES,WEC,31.0781,31.354,0.7556,1.5745,-1,-0.3491,-0.0833,-0.4325,HOLDING
2014-06-25,15,ES,WEC,31.1382,31.4153,0.7556,1.4474,-1,-0.3715,-0.0833,-0.4548,HOLDING
2014-06-26,15,ES,WEC,31.2384,31.7694,0.7556,0.7232,-1,-0.1169,-0.0833,-0.2002,HOLDING
2014-06-27,15,ES,WEC,31.2985,31.8648,0.7556,0.6151,-1,-0.0998,-0.0833,-0.1832,HOLDING
2014-06-30,15,ES,WEC,31.5724,31.9533,0.7556,1.2812,-1,-0.4226,-0.0833,-0.5059,HOLDING
2014-07-01,15,ES,WEC,31.1783,31.6537,0.7556,0.566,-1,-0.1577,-0.0833,-0.241,HOLDING
2014-07-02,15,ES,WEC,30.8176,30.8773,0.7556,1.2844,-1,-0.4967,-0.0833,-0.58,HOLDING
2014-07-03,15,ES,WEC,30.5104,30.5845,0.7556,0.8572,-1,-0.3587,-0.0833,-0.4421,HOLDING
2014-07-07,15,ES,WEC,30.5438,30.782,0.7556,0.325,-1,-0.1819,-0.0833,-0.2652,HOLDING
2014-07-08,15,ES,WEC,30.7041,30.9182,0.7556,0.496,-1,-0.2731,-0.0833,-0.3564,HOLDING
2014-07-09,15,ES,WEC,30.5972,30.7956,0.7556,0.3456,-1,-0.2491,-0.0833,-0.3324,HOLDING
2014-07-10,15,ES,WEC,30.7508,31.0612,0.7556,-0.0085,-1,-0.18,-0.0833,-0.2634,HOLDING
2014-07-11,15,ES,WEC,30.5438,30.7956,0.7556,-0.1329,-1,-0.1661,-0.0833,-0.2494,HOLDING
2014-07-14,15,ES,WEC,30.1697,30.5096,0.7556,-1.1866,-1,0.0835,-0.0833,0.0002,HOLDING
2014-07-15,15,ES,WEC,30.3234,30.6253,0.7556,-0.7524,-1,-0.021,-0.0833,-0.1043,HOLDING
2014-07-16,15,ES,WEC,30.3701,30.7547,0.7556,-1.0558,-1,0.0563,-0.0833,-0.027,HOLDING
2014-07-17,15,ES,WEC,30.0896,30.5504,0.7556,-1.6518,-1,0.2553,-0.0833,0.172,HOLDING
2014-07-18,15,ES,WEC,30.4169,30.9046,0.7556,-1.2071,-1,0.1572,-0.0833,0.0739,HOLDING
2014-07-21,15,ES,WEC,30.3567,30.8637,0.7556,-1.5258,-1,0.2033,-0.0833,0.1199,HOLDING
2014-07-22,15,ES,WEC,30.4235,30.8909,0.7556,-1.1756,-1,0.1311,-0.0833,0.0478,HOLDING
2014-07-23,15,ES,WEC,30.2966,30.9727,0.7556,-2.0897,-1,0.4228,-0.0833,0.3395,HOLDING
2014-07-24,15,ES,WEC,30.3835,31.0476,0.7556,-1.6602,-1,0.3747,-0.0833,0.2914,HOLDING
2014-07-25,15,ES,WEC,30.2833,30.7479,0.7556,-0.8428,-1,0.1832,-0.0833,0.0999,HOLDING
2014-07-28,15,ES,WEC,30.7909,31.3881,0.7556,-0.6017,-1,0.1364,-0.0833,0.053,HOLDING
2014-07-29,15,ES,WEC,30.5037,30.8773,0.7556,0.0202,-1,-0.0092,-0.0833,-0.0925,HOLDING
2014-07-30,15,ES,WEC,30.0094,30.2508,0.7556,-0.1052,-1,0.0327,-0.0833,-0.0506,HOLDING
2014-07-31,15,ES,WEC,29.3215,29.6787,0.7556,-1.6866,-1,0.4386,-0.0833,0.3553,HOLDING
2014-08-01,15,ES,WEC,29.248,29.9716,0.7556,-2.819,-1,0.8919,-0.0833,0.8085,HOLDING
2014-08-04,15,ES,WEC,28.8473,29.6651,0.7556,-2.7885,-1,1.1593,-0.0833,1.076,HOLDING
2014-08-05,15,ES,WEC,28.4799,29.1952,0.7556,-2.3403,-1,1.1856,-0.0833,1.1022,HOLDING
2014-08-06,15,ES,WEC,28.0792,28.63,0.7556,-1.9464,-1,1.1532,-0.0833,1.0699,HOLDING
2014-08-07,15,ES,WEC,28.3597,29.0454,0.7556,-1.7785,-1,1.1988,-0.0833,1.1154,HOLDING
2014-08-08,15,ES,WEC,29.041,29.5629,0.7556,-0.6686,-1,0.7401,-0.0833,0.6568,HOLDING
2014-08-11,15,ES,WEC,28.9074,29.4472,0.7556,-0.7564,-1,0.8135,-0.0833,0.7302,HOLDING
2014-08-12,15,ES,WEC,28.9007,29.4541,0.7556,-0.7176,-1,0.8319,-0.0833,0.7485,HOLDING
2014-08-13,15,ES,WEC,29.0209,29.6808,0.7556,-0.803,-1,0.9078,-0.0833,0.8245,HOLDING
2014-08-14,15,ES,WEC,29.4083,29.8183,0.7556,0.2589,-1,0.4654,-0.0833,0.382,HOLDING
2014-08-15,15,ES,WEC,29.5018,29.8732,0.7556,0.4862,-1,0.3838,-0.0833,0.3005,HOLDING
2014-08-18,15,ES,WEC,29.5085,29.7427,0.7556,0.8771,-1,0.2222,-0.0833,0.1389,HOLDING
2014-08-19,15,ES,WEC,29.8825,30.3818,0.7556,0.54,-1,0.3816,-0.0833,0.2982,HOLDING
2014-08-20,15,ES,WEC,30.1163,30.3337,0.7556,1.4186,-1,-0.0372,-0.0833,-0.1206,HOLDING
2014-08-21,15,ES,WEC,30.1764,30.2787,0.7556,1.5976,-1,-0.1942,-0.0833,-0.2776,HOLDING
2014-08-22,15,ES,WEC,30.1631,30.2237,0.7556,1.5581,-1,-0.2372,-0.0833,-0.3205,HOLDING
2014-08-25,15,ES,WEC,30.29,30.5673,0.7556,1.1126,-1,-0.0363,-0.0833,-0.1196,HOLDING
2014-08-26,15,ES,WEC,30.0228,30.2856,0.7556,0.952,-1,0.0523,-0.0833,-0.031,HOLDING
2014-08-27,15,ES,WEC,30.2833,30.6567,0.7556,0.9083,-1,0.0776,-0.0833,-0.0058,HOLDING
2014-08-28,15,ES,WEC,30.4436,31.0209,0.7556,0.5437,-1,0.2505,-0.0833,0.1671,HOLDING
2014-08-29,15,ES,WEC,30.6506,31.1515,0.7556,0.7954,-1,0.0802,-0.0833,-0.0032,HOLDING
2014-09-02,15,ES,WEC,30.3501,30.7185,0.7556,0.78,-1,0.0455,-0.0833,-0.0378,HOLDING
2014-09-03,15,ES,WEC,30.5638,30.9728,0.7556,0.7799,-1,0.008,-0.0833,-0.0753,HOLDING
2014-09-04,15,ES,WEC,30.6306,30.8697,0.7556,1.182,-1,-0.2151,-0.0833,-0.2984,HOLDING
2014-09-05,15,ES,WEC,31.1048,31.3164,0.7556,1.6097,-1,-0.4342,-0.0833,-0.5175,HOLDING
2014-09-08,15,ES,WEC,30.9512,31.1102,0.7556,1.4555,-1,-0.4344,-0.0833,-0.5177,HOLDING
2014-09-09,15,ES,WEC,30.6106,30.6842,0.7556,1.2768,-1,-0.3989,-0.0833,-0.4822,HOLDING
2014-09-10,15,ES,WEC,30.3701,30.7529,0.7556,-0.0149,-1,0.0542,-0.0833,-0.0292,HOLDING
2014-09-11,15,ES,WEC,30.5742,31.0484,0.7556,-0.2744,-1,0.0794,-0.0833,-0.0039,HOLDING
2014-09-12,15,ES,WEC,30.0285,30.3131,0.7556,-0.3634,-1,0.0753,-0.0833,-0.0081,HOLDING
2014-09-15,15,ES,WEC,30.0622,30.5673,0.7556,-1.425,-1,0.3174,-0.0833,0.2341,HOLDING
2014-09-16,15,ES,WEC,30.6955,30.7116,0.7556,1.7626,-1,-0.499,-0.0833,-0.5823,HOLDING
2014-09-17,15,ES,WEC,30.7359,30.7048,0.7556,1.8314,-1,-0.5697,-0.0833,-0.6531,HOLDING
2014-09-18,15,ES,WEC,30.4934,30.2443,0.7556,2.0541,-1,-0.7263,-0.0833,-0.8097,HOLDING
2014-09-19,15,ES,WEC,30.6214,30.3749,0.7556,1.8892,-1,-0.7739,-0.0833,-0.8572,HOLDING
2014-09-22,15,ES,WEC,30.2576,30.1275,0.7556,0.9819,-1,-0.4954,-0.0833,-0.5788,HOLDING
2014-09-23,15,ES,WEC,30.1094,29.9007,0.7556,0.9959,-1,-0.5279,-0.0833,-0.6112,HOLDING
2014-09-24,15,ES,WEC,29.9948,29.7702,0.7556,0.8389,-1,-0.5013,-0.0833,-0.5846,HOLDING
2014-09-25,15,ES,WEC,29.8264,29.4747,0.7556,0.9967,-1,-0.5819,-0.0833,-0.6653,HOLDING
2014-09-26,15,ES,WEC,29.914,29.4266,0.7556,1.4254,-1,-0.7737,-0.0833,-0.857,HOLDING
2014-09-29,15,ES,WEC,29.8534,29.4609,0.7556,0.9269,-1,-0.6397,-0.0833,-0.7231,HOLDING
2014-09-30,15,ES,WEC,29.8466,29.5503,0.7556,0.5025,-1,-0.5258,-0.0833,-0.6091,HOLDING
2014-10-01,15,ES,WEC,30.2441,29.6877,0.7556,1.6838,-1,-0.9839,-0.0833,-1.0672,HOLDING
2014-10-02,15,ES,WEC,30.3519,29.832,0.7556,1.474,-1,-0.9842,-0.0833,-1.0675,HOLDING
2014-10-03,15,ES,WEC,30.6888,30.1069,0.7556,1.7416,-1,-1.189,-0.0833,-1.2723,HOLDING
2014-10-06,15,ES,WEC,30.6888,30.155,0.7556,1.4208,-1,-1.1332,-0.0833,-1.2166,HOLDING
2014-10-07,15,ES,WEC,30.864,30.4299,0.7556,1.164,-1,-1.0869,-0.0833,-1.1703,HOLDING
2014-10-08,15,ES,WEC,31.4434,31.1721,0.7556,1.1049,-1,-1.1271,-0.0833,-1.2105,HOLDING
2014-10-09,15,ES,WEC,31.0593,30.8422,0.7556,0.5502,-1,-0.9128,-0.0833,-0.9961,HOLDING
2014-10-10,15,ES,WEC,31.3019,31.3095,0.7556,0.0069,-1,-0.7482,-0.0833,-0.8316,HOLDING
2014-10-13,15,ES,WEC,31.5107,31.77,0.7556,-1.0222,-1,-0.5393,-0.0833,-0.6226,HOLDING
2014-10-14,15,ES,WEC,32.043,32.4847,0.7556,-1.0457,-1,-0.5381,-0.0833,-0.6214,HOLDING
2014-10-15,15,ES,WEC,32.043,32.8008,0.7556,-2.1261,-1,-0.172,-0.0833,-0.2553,HOLDING
2014-10-16,15,ES,WEC,31.6253,32.3816,0.7556,-2.2096,-1,-0.0088,-0.0833,-0.0921,HOLDING
2014-10-17,15,ES,WEC,31.787,32.4297,0.7556,-1.4392,-1,-0.2042,-0.0833,-0.2875,HOLDING
2014-10-20,15,ES,WEC,32.3866,32.8695,0.7556,-0.265,-1,-0.626,-0.0833,-0.7093,HOLDING
2014-10-21,15,ES,WEC,32.2114,32.9588,0.7556,-1.2281,-1,-0.2505,-0.0833,-0.3338,HOLDING
2014-10-22,15,ES,WEC,32.3866,33.1169,0.7556,-0.9391,-1,-0.3394,-0.0833,-0.4228,HOLDING
2014-10-23,15,ES,WEC,32.6157,33.2406,0.7556,-0.365,-1,-0.5519,-0.0833,-0.6353,HOLDING
2014-10-24,15,ES,WEC,32.737,33.4124,0.7556,-0.351,-1,-0.5413,-0.0833,-0.6246,HOLDING
2014-10-27,15,ES,WEC,32.6426,33.4605,0.7556,-0.8178,-1,-0.3391,-0.0833,-0.4224,HOLDING
2014-10-28,15,ES,WEC,32.865,33.4468,0.7556,0.0901,-1,-0.7003,-0.0833,-0.7836,HOLDING
2014-10-29,15,ES,WEC,32.5752,33.1856,0.7556,-0.2343,-1,-0.5528,-0.0833,-0.6361,HOLDING
2014-10-30,15,ES,WEC,33.249,34.0653,0.7556,-0.0815,-1,-0.5803,-0.0833,-0.6637,HOLDING
2014-10-31,15,ES,WEC,33.249,34.1271,0.7556,-0.1869,-1,-0.5087,-0.0833,-0.592,HOLDING
2014-11-03,15,ES,WEC,33.4039,34.3058,0.7556,0.0183,-1,-0.5424,-0.0833,-0.6258,HOLDING
2014-11-04,15,ES,WEC,33.3568,33.9622,0.7556,1.1993,-1,0.0,-1.0416,-1.0416,PERIOD_END_EXIT
2014-05-08,16,CMS,EVRG,20.961,23.2885,0.7654,0.0,0,0.0,0.0,0.0,HOLD_CASH
2014-05-09,16,CMS,EVRG,20.6313,22.9512,0.7654,0.0,0,0.0,0.0,0.0,HOLD_CASH
2014-05-12,16,CMS,EVRG,20.3718,22.8344,0.7654,0.0,0,0.0,0.0,0.0,HOLD_CASH
2014-05-13,16,CMS,EVRG,20.4209,22.9771,0.7654,0.0,0,0.0,0.0,0.0,HOLD_CASH
2014-05-14,16,CMS,EVRG,20.5191,23.016,0.7654,0.0,0,0.0,0.0,0.0,HOLD_CASH
2014-05-15,16,CMS,EVRG,20.505,22.9382,0.7654,0.0,0,0.0,0.0,0.0,HOLD_CASH
2014-05-16,16,CMS,EVRG,20.5331,23.1134,0.7654,0.0,0,0.0,0.0,0.0,HOLD_CASH
2014-05-19,16,CMS,EVRG,20.2595,22.6787,0.7654,0.0,0,0.0,0.0,0.0,HOLD_CASH
2014-05-20,16,CMS,EVRG,20.3086,22.6722,0.7654,0.0,0,0.0,0.0,0.0,HOLD_CASH
2014-05-21,16,CMS,EVRG,20.2525,22.7695,0.7654,0.0,0,0.0,0.0,0.0,HOLD_CASH
2014-05-22,16,CMS,EVRG,20.498,23.0225,0.7654,0.0,0,0.0,0.0,0.0,HOLD_CASH
2014-05-23,16,CMS,EVRG,20.5541,23.0096,0.7654,0.0,0,0.0,0.0,0.0,HOLD_CASH
2014-05-27,16,CMS,EVRG,20.505,23.0615,0.7654,0.0,0,0.0,0.0,0.0,HOLD_CASH
2014-05-28,16,CMS,EVRG,20.7155,23.2431,0.7654,0.0,0,0.0,0.0,0.0,HOLD_CASH
2014-05-29,16,CMS,EVRG,20.6664,23.2236,0.7654,0.0,0,0.0,0.0,0.0,HOLD_CASH
2014-05-30,16,CMS,EVRG,20.8698,23.3858,0.7654,0.0,0,0.0,0.0,0.0,HOLD_CASH
2014-06-02,16,CMS,EVRG,20.8488,23.3793,0.7654,0.0,0,0.0,0.0,0.0,HOLD_CASH
2014-06-03,16,CMS,EVRG,20.8909,23.4961,0.7654,0.0,0,0.0,0.0,0.0,HOLD_CASH
2014-06-04,16,CMS,EVRG,20.8909,23.4961,0.7654,0.0,0,0.0,0.0,0.0,HOLD_CASH
2014-06-05,16,CMS,EVRG,21.1294,23.7385,0.7654,1.0382,0,0.0,0.0,0.0,HOLD_CASH
2014-06-06,16,CMS,EVRG,21.1294,23.6009,0.7654,2.3315,-1,0.0,-0.0833,-0.0833,ENTER_SHORT_A
2014-06-09,16,CMS,EVRG,20.9259,23.6402,0.7654,-0.5068,-1,0.5147,-0.0833,0.4313,HOLDING
2014-06-10,16,CMS,EVRG,20.7997,23.555,0.7654,-1.3495,-1,0.6664,-0.0833,0.5831,HOLDING
2014-06-11,16,CMS,EVRG,20.6033,23.3192,0.7654,-1.7201,-1,0.7442,-0.0833,0.6609,HOLDING
2014-06-12,16,CMS,EVRG,20.6313,23.3782,0.7654,-1.6466,-1,0.7718,-0.0833,0.6884,HOLDING
2014-06-13,16,CMS,EVRG,20.7365,23.4895,0.7654,-1.1703,-1,0.7072,-0.0833,0.6238,HOLDING
2014-06-16,16,CMS,EVRG,20.9259,23.7516,0.7654,-0.9896,-1,0.6851,-0.0833,0.6018,HOLDING
2014-06-17,16,CMS,EVRG,20.8418,23.8629,0.7654,-2.2281,-1,1.0437,-0.0833,0.9603,HOLDING
2014-06-18,16,CMS,EVRG,21.3679,24.1839,0.7654,0.6264,-1,0.3596,-0.0833,0.2763,HOLDING
2014-06-19,16,CMS,EVRG,21.5503,24.3804,0.7654,0.9712,-1,0.253,-0.0833,0.1697,HOLDING
2014-06-20,16,CMS,EVRG,21.4801,24.3804,0.7654,0.3148,-1,0.4097,-0.0833,0.3264,HOLDING
2014-06-23,16,CMS,EVRG,21.403,24.328,0.7654,-0.0396,-1,0.5019,-0.0833,0.4185,HOLDING
2014-06-24,16,CMS,EVRG,21.417,24.4786,0.7654,-0.7937,-1,0.7011,-0.0833,0.6178,HOLDING
2014-06-25,16,CMS,EVRG,21.5994,24.6228,0.7654,-0.0122,-1,0.5143,-0.0833,0.431,HOLDING
2014-06-26,16,CMS,EVRG,21.6064,24.7276,0.7654,-0.5341,-1,0.6591,-0.0833,0.5757,HOLDING
2014-06-27,16,CMS,EVRG,21.6836,24.8258,0.7654,-0.3712,-1,0.6371,-0.0833,0.5538,HOLDING
2014-06-30,16,CMS,EVRG,21.8519,25.0158,0.7654,0.046,-1,0.5518,-0.0833,0.4684,HOLDING
2014-07-01,16,CMS,EVRG,21.6555,24.8651,0.7654,-0.7549,-1,0.76,-0.0833,0.6766,HOLDING
2014-07-02,16,CMS,EVRG,21.1084,24.4066,0.7654,-2.3728,-1,1.2804,-0.0833,1.1971,HOLDING
2014-07-03,16,CMS,EVRG,20.8628,24.1904,0.7654,-2.5159,-1,1.498,-0.0833,1.4147,HOLDING
2014-07-07,16,CMS,EVRG,21.0522,24.2887,0.7654,-1.5645,-1,1.2253,-0.0833,1.142,HOLDING
2014-07-08,16,CMS,EVRG,21.1995,24.3673,0.7654,-0.8137,-1,1.0165,-0.0833,0.9332,HOLDING
2014-07-09,16,CMS,EVRG,21.0943,24.2428,0.7654,-0.8915,-1,1.0611,-0.0833,0.9777,HOLDING
2014-07-10,16,CMS,EVRG,21.3188,24.4852,0.7654,-0.4373,-1,0.9306,-0.0833,0.8473,HOLDING
2014-07-11,16,CMS,EVRG,21.1855,24.2952,0.7654,-0.4581,-1,0.9376,-0.0833,0.8542,HOLDING
2014-07-14,16,CMS,EVRG,20.9891,23.9874,0.7654,-0.3652,-1,0.9051,-0.0833,0.8217,HOLDING
2014-07-15,16,CMS,EVRG,21.1925,24.0987,0.7654,0.4896,-1,0.6211,-0.0833,0.5377,HOLDING
2014-07-16,16,CMS,EVRG,21.1925,24.0856,0.7654,0.4864,-1,0.601,-0.0833,0.5177,HOLDING
2014-07-17,16,CMS,EVRG,21.0943,23.8433,0.7654,0.9608,-1,0.4494,-0.0833,0.366,HOLDING
2014-07-18,16,CMS,EVRG,21.3258,24.1184,0.7654,1.3203,-1,0.3534,-0.0833,0.2701,HOLDING
2014-07-21,16,CMS,EVRG,21.3328,24.0201,0.7654,1.7147,-1,0.1873,-0.0833,0.1039,HOLDING
2014-07-22,16,CMS,EVRG,21.3679,24.1446,0.7654,1.3132,-1,0.2995,-0.0833,0.2161,HOLDING
2014-07-23,16,CMS,EVRG,21.3889,24.1642,0.7654,1.2476,-1,0.2825,-0.0833,0.1992,HOLDING
2014-07-24,16,CMS,EVRG,21.4451,24.2756,0.7654,1.081,-1,0.3276,-0.0833,0.2443,HOLDING
2014-07-25,16,CMS,EVRG,21.1995,24.1315,0.7654,0.1869,-1,0.6555,-0.0833,0.5722,HOLDING
2014-07-28,16,CMS,EVRG,21.4521,24.5114,0.7654,0.1788,-1,0.6729,-0.0833,0.5896,HOLDING
2014-07-29,16,CMS,EVRG,21.2136,24.328,0.7654,-0.4699,-1,0.925,-0.0833,0.8417,HOLDING
2014-07-30,16,CMS,EVRG,20.8172,23.9808,0.7654,-1.339,-1,1.2791,-0.0833,1.1957,HOLDING
2014-07-31,16,CMS,EVRG,20.4774,23.6075,0.7654,-1.7696,-1,1.4665,-0.0833,1.3832,HOLDING
2014-08-01,16,CMS,EVRG,20.5341,23.7319,0.7654,-1.884,-1,1.5305,-0.0833,1.4472,HOLDING
2014-08-04,16,CMS,EVRG,20.435,23.483,0.7654,-1.4445,-1,1.3709,-0.0833,1.2875,HOLDING
2014-08-05,16,CMS,EVRG,20.0952,23.4633,0.7654,-2.5236,-1,2.0998,-0.0833,2.0165,HOLDING
2014-08-06,16,CMS,EVRG,19.9466,23.1096,0.7654,-1.8556,-1,1.8904,-0.0833,1.8071,HOLDING
2014-08-07,16,CMS,EVRG,20.1731,23.2603,0.7654,-1.2182,-1,1.615,-0.0833,1.5317,HOLDING
2014-08-08,16,CMS,EVRG,20.619,23.6533,0.7654,-0.4783,-1,1.2205,-0.0833,1.1371,HOLDING
2014-08-11,16,CMS,EVRG,20.6615,23.5288,0.7654,0.0018,-1,0.935,-0.0833,0.8517,HOLDING
2014-08-12,16,CMS,EVRG,20.6685,23.5157,0.7654,0.0872,-1,0.8992,-0.0833,0.8158,HOLDING
2014-08-13,16,CMS,EVRG,20.7818,23.7188,0.7654,0.0303,-1,0.957,-0.0833,0.8737,HOLDING
2014-08-14,16,CMS,EVRG,20.9092,23.876,0.7654,0.1571,-1,0.9131,-0.0833,0.8297,HOLDING
2014-08-15,16,CMS,EVRG,20.9587,24.007,0.7654,0.0675,-1,1.0029,-0.0833,0.9196,HOLDING
2014-08-18,16,CMS,EVRG,20.888,23.935,0.7654,0.0575,-1,1.0507,-0.0833,0.9674,HOLDING
2014-08-19,16,CMS,EVRG,21.1569,24.197,0.7654,0.5451,-1,0.851,-0.0833,0.7676,HOLDING
2014-08-20,16,CMS,EVRG,21.1923,24.2232,0.7654,0.7297,-1,0.812,-0.0833,0.7287,HOLDING
2014-08-21,16,CMS,EVRG,21.2773,24.0856,0.7654,1.6293,-1,0.4117,-0.0833,0.3283,HOLDING
2014-08-22,16,CMS,EVRG,21.1923,23.9546,0.7654,1.5593,-1,0.4009,-0.0833,0.3175,HOLDING
2014-08-25,16,CMS,EVRG,21.3268,24.0005,0.7654,1.8522,-1,0.1706,-0.0833,0.0873,HOLDING
2014-08-26,16,CMS,EVRG,21.0225,23.6992,0.7654,1.3003,-1,0.3893,-0.0833,0.306,HOLDING
2014-08-27,16,CMS,EVRG,21.2277,23.9415,0.7654,1.3174,-1,0.3017,-0.0833,0.2184,HOLDING
2014-08-28,16,CMS,EVRG,21.5109,24.0791,0.7654,1.7856,-1,-0.1202,-0.0833,-0.2035,HOLDING
2014-08-29,16,CMS,EVRG,21.617,24.1904,0.7654,1.659,-1,-0.1869,-0.0833,-0.2703,HOLDING
2014-09-02,16,CMS,EVRG,21.4047,23.9939,0.7654,1.2444,-1,-0.0133,-0.0833,-0.0967,HOLDING
2014-09-03,16,CMS,EVRG,21.5675,24.0987,0.7654,1.4828,-1,-0.2166,-0.0833,-0.2999,HOLDING
2014-09-04,16,CMS,EVRG,21.4684,24.0463,0.7654,1.2028,-1,-0.0755,-0.0833,-0.1588,HOLDING
2014-09-05,16,CMS,EVRG,21.8152,24.1588,0.7654,2.0735,-1,-0.6782,-0.0833,-0.7615,HOLDING
2014-09-08,16,CMS,EVRG,21.617,24.0662,0.7654,1.3895,-1,-0.3772,-0.0833,-0.4605,HOLDING
2014-09-09,16,CMS,EVRG,21.3976,23.795,0.7654,1.1336,-1,-0.302,-0.0833,-0.3854,HOLDING
2014-09-10,16,CMS,EVRG,21.2702,23.5768,0.7654,1.1117,-1,-0.3515,-0.0833,-0.4348,HOLDING
2014-09-11,16,CMS,EVRG,21.3905,23.709,0.7654,1.1206,-1,-0.4178,-0.0833,-0.5012,HOLDING
2014-09-12,16,CMS,EVRG,20.9729,23.213,0.7654,0.7249,-1,-0.2442,-0.0833,-0.3275,HOLDING
2014-09-15,16,CMS,EVRG,20.9517,23.1535,0.7654,0.7402,-1,-0.2879,-0.0833,-0.3712,HOLDING
2014-09-16,16,CMS,EVRG,21.1357,23.3651,0.7654,0.8668,-1,-0.375,-0.0833,-0.4584,HOLDING
2014-09-17,16,CMS,EVRG,21.072,23.2659,0.7654,0.8364,-1,-0.3846,-0.0833,-0.4679,HOLDING
2014-09-18,16,CMS,EVRG,20.8313,23.0808,0.7654,0.0323,-1,-0.1304,-0.0833,-0.2137,HOLDING
2014-09-19,16,CMS,EVRG,20.9658,23.2593,0.7654,0.025,-1,-0.1575,-0.0833,-0.2408,HOLDING
2014-09-22,16,CMS,EVRG,20.7818,23.0212,0.7654,-0.2517,-1,-0.1108,-0.0833,-0.1942,HOLDING
2014-09-23,16,CMS,EVRG,20.9517,22.7699,0.7654,2.3411,-1,-0.8751,-0.0833,-0.9584,HOLDING
2014-09-24,16,CMS,EVRG,20.9375,22.7633,0.7654,2.0787,-1,-0.8536,-0.0833,-0.9369,HOLDING
2014-09-25,16,CMS,EVRG,20.9234,22.5781,0.7654,2.5527,-1,-1.1054,-0.0833,-1.1887,HOLDING
2014-09-26,16,CMS,EVRG,20.888,22.6046,0.7654,1.8376,-1,-0.9859,-0.0833,-1.0692,HOLDING
2014-09-29,16,CMS,EVRG,20.895,22.512,0.7654,1.9641,-1,-1.1434,-0.0833,-1.2267,HOLDING
2014-09-30,16,CMS,EVRG,20.9941,22.5649,0.7654,1.9951,-1,-1.2838,-0.0833,-1.3671,HOLDING
2014-10-01,16,CMS,EVRG,21.1003,22.5385,0.7654,2.1999,-1,-1.5615,-0.0833,-1.6448,HOLDING
2014-10-02,16,CMS,EVRG,21.0791,22.4988,0.7654,1.9149,-1,-1.5748,-0.0833,-1.6581,HOLDING
2014-10-03,16,CMS,EVRG,21.2277,22.6046,0.7654,1.905,-1,-1.7449,-0.0833,-1.8282,HOLDING
2014-10-06,16,CMS,EVRG,21.249,22.5385,0.7654,1.8576,-1,-1.8936,-0.0833,-1.9769,HOLDING
2014-10-07,16,CMS,EVRG,21.2136,22.4525,0.7654,1.6981,-1,-1.9461,-0.0833,-2.0294,HOLDING
2014-10-08,16,CMS,EVRG,21.7374,22.8956,0.7654,2.0016,-1,-2.4379,-0.0833,-2.5213,HOLDING
2014-10-09,16,CMS,EVRG,21.3551,22.5649,0.7654,1.3946,-1,-2.0902,-0.0833,-2.1736,HOLDING
2014-10-10,16,CMS,EVRG,21.5958,23.094,0.7654,0.8891,-1,-1.818,-0.0833,-1.9013,HOLDING
2014-10-13,16,CMS,EVRG,21.6737,23.3651,0.7654,0.4774,-1,-1.5768,-0.0833,-1.6601,HOLDING
2014-10-14,16,CMS,EVRG,21.9922,23.9339,0.7654,0.1607,-1,-1.4177,-0.0833,-1.5011,HOLDING
2014-10-15,16,CMS,EVRG,21.7303,23.6627,0.7654,-0.131,-1,-1.2477,-0.0833,-1.3311,HOLDING
2014-10-16,16,CMS,EVRG,21.6524,23.59,0.7654,-0.3295,-1,-1.1852,-0.0833,-1.2685,HOLDING
2014-10-17,16,CMS,EVRG,21.6241,23.7619,0.7654,-1.0309,-1,-0.8587,-0.0833,-0.942,HOLDING
2014-10-20,16,CMS,EVRG,22.2045,23.9339,0.7654,0.7736,-1,-1.8921,-0.0833,-1.9754,HOLDING
2014-10-21,16,CMS,EVRG,22.339,24.0596,0.7654,0.8949,-1,-2.0002,-0.0833,-2.0835,HOLDING
2014-10-22,16,CMS,EVRG,22.4593,24.205,0.7654,0.8911,-1,-2.0463,-0.0833,-2.1296,HOLDING
2014-10-23,16,CMS,EVRG,22.6009,24.172,0.7654,1.5201,-1,-2.4132,-0.0833,-2.4965,HOLDING
2014-10-24,16,CMS,EVRG,22.7142,24.3307,0.7654,1.3798,-1,-2.4232,-0.0833,-2.5065,HOLDING
2014-10-27,16,CMS,EVRG,22.7283,24.3307,0.7654,1.3068,-1,-2.4548,-0.0833,-2.5382,HOLDING
2014-10-28,16,CMS,EVRG,22.884,24.5556,0.7654,1.1587,-1,-2.4585,-0.0833,-2.5418,HOLDING
2014-10-29,16,CMS,EVRG,22.7566,24.5291,0.7654,0.586,-1,-2.2144,-0.0833,-2.2977,HOLDING
2014-10-30,16,CMS,EVRG,23.1955,24.9127,0.7654,1.2246,-1,-2.6075,-0.0833,-2.6909,HOLDING
2014-10-31,16,CMS,EVRG,23.1247,25.0053,0.7654,0.5646,-1,-2.3077,-0.0833,-2.391,HOLDING
2014-11-03,16,CMS,EVRG,23.3512,24.9987,0.7654,1.4259,-1,-2.8238,-0.0833,-2.9072,HOLDING
2014-11-04,16,CMS,EVRG,23.2167,25.0119,0.7654,0.7751,-1,0.0,-2.6766,-2.6766,PERIOD_END_EXIT
2014-05-08,17,ES,PPL,30.7683,18.6678,0.8583,0.0,0,0.0,0.0,0.0,HOLD_CASH
2014-05-09,17,ES,PPL,30.3048,18.4267,0.8583,0.0,0,0.0,0.0,0.0,HOLD_CASH
2014-05-12,17,ES,PPL,29.8943,18.1418,0.8583,0.0,0,0.0,0.0,0.0,HOLD_CASH
2014-05-13,17,ES,PPL,30.0201,18.2952,0.8583,0.0,0,0.0,0.0,0.0,HOLD_CASH
2014-05-14,17,ES,PPL,30.2187,18.3829,0.8583,0.0,0,0.0,0.0,0.0,HOLD_CASH
2014-05-15,17,ES,PPL,30.1062,18.5034,0.8583,0.0,0,0.0,0.0,0.0,HOLD_CASH
2014-05-16,17,ES,PPL,30.4438,18.7062,0.8583,0.0,0,0.0,0.0,0.0,HOLD_CASH
2014-05-19,17,ES,PPL,29.9671,18.3993,0.8583,0.0,0,0.0,0.0,0.0,HOLD_CASH
2014-05-20,17,ES,PPL,29.9208,18.2295,0.8583,0.0,0,0.0,0.0,0.0,HOLD_CASH
2014-05-21,17,ES,PPL,29.9737,18.2569,0.8583,0.0,0,0.0,0.0,0.0,HOLD_CASH
2014-05-22,17,ES,PPL,30.1194,18.3938,0.8583,0.0,0,0.0,0.0,0.0,HOLD_CASH
2014-05-23,17,ES,PPL,29.9473,18.2897,0.8583,0.0,0,0.0,0.0,0.0,HOLD_CASH
2014-05-27,17,ES,PPL,29.9406,18.8157,0.8583,0.0,0,0.0,0.0,0.0,HOLD_CASH
2014-05-28,17,ES,PPL,30.143,18.9801,0.8583,0.0,0,0.0,0.0,0.0,HOLD_CASH
2014-05-29,17,ES,PPL,30.0762,19.0568,0.8583,0.0,0,0.0,0.0,0.0,HOLD_CASH
2014-05-30,17,ES,PPL,30.3234,19.2267,0.8583,0.0,0,0.0,0.0,0.0,HOLD_CASH
2014-06-02,17,ES,PPL,30.2833,19.0568,0.8583,0.0,0,0.0,0.0,0.0,HOLD_CASH
2014-06-03,17,ES,PPL,30.2766,19.1719,0.8583,0.0,0,0.0,0.0,0.0,HOLD_CASH
2014-06-04,17,ES,PPL,30.2365,19.1007,0.8583,0.0,0,0.0,0.0,0.0,HOLD_CASH
2014-06-05,17,ES,PPL,30.4569,19.1281,0.8583,-0.804,0,0.0,0.0,0.0,HOLD_CASH
2014-06-06,17,ES,PPL,30.3768,19.1962,0.8583,-1.0806,0,0.0,0.0,0.0,HOLD_CASH
2014-06-09,17,ES,PPL,30.1697,18.9525,0.8583,-0.7168,0,0.0,0.0,0.0,HOLD_CASH
2014-06-10,17,ES,PPL,30.1631,19.2128,0.8583,-1.4,0,0.0,0.0,0.0,HOLD_CASH
2014-06-11,17,ES,PPL,29.8291,18.6756,0.8583,-0.4113,0,0.0,0.0,0.0,HOLD_CASH
2014-06-12,17,ES,PPL,30.1029,18.5648,0.8583,0.6979,0,0.0,0.0,0.0,HOLD_CASH
2014-06-13,17,ES,PPL,30.2966,18.8473,0.8583,0.2408,0,0.0,0.0,0.0,HOLD_CASH
2014-06-16,17,ES,PPL,30.5638,18.9802,0.8583,0.5026,0,0.0,0.0,0.0,HOLD_CASH
2014-06-17,17,ES,PPL,30.4436,18.8417,0.8583,0.7216,0,0.0,0.0,0.0,HOLD_CASH
2014-06-18,17,ES,PPL,31.2584,19.2128,0.8583,1.5309,0,0.0,0.0,0.0,HOLD_CASH
2014-06-19,17,ES,PPL,31.2518,19.2626,0.8583,1.3872,0,0.0,0.0,0.0,HOLD_CASH
2014-06-20,17,ES,PPL,31.0247,19.174,0.8583,1.1743,0,0.0,0.0,0.0,HOLD_CASH
2014-06-23,17,ES,PPL,30.9044,19.091,0.8583,1.2276,0,0.0,0.0,0.0,HOLD_CASH
2014-06-24,17,ES,PPL,31.0781,19.1131,0.8583,1.4576,0,0.0,0.0,0.0,HOLD_CASH
2014-06-25,17,ES,PPL,31.1382,19.1408,0.8583,1.3516,0,0.0,0.0,0.0,HOLD_CASH
2014-06-26,17,ES,PPL,31.2384,19.2516,0.8583,1.0951,0,0.0,0.0,0.0,HOLD_CASH
2014-06-27,17,ES,PPL,31.2985,19.4897,0.8583,0.3028,0,0.0,0.0,0.0,HOLD_CASH
2014-06-30,17,ES,PPL,31.5724,19.678,0.8583,0.2868,0,0.0,0.0,0.0,HOLD_CASH
2014-07-01,17,ES,PPL,31.1783,19.4731,0.8583,-0.1116,0,0.0,0.0,0.0,HOLD_CASH
2014-07-02,17,ES,PPL,30.8176,19.0134,0.8583,0.6567,0,0.0,0.0,0.0,HOLD_CASH
2014-07-03,17,ES,PPL,30.5104,18.8473,0.8583,0.3444,0,0.0,0.0,0.0,HOLD_CASH
2014-07-07,17,ES,PPL,30.5438,18.8749,0.8583,0.2453,0,0.0,0.0,0.0,HOLD_CASH
2014-07-08,17,ES,PPL,30.7041,18.8971,0.8583,0.6454,0,0.0,0.0,0.0,HOLD_CASH
2014-07-09,17,ES,PPL,30.5972,18.8306,0.8583,0.5992,0,0.0,0.0,0.0,HOLD_CASH
2014-07-10,17,ES,PPL,30.7508,18.9636,0.8583,0.3351,0,0.0,0.0,0.0,HOLD_CASH
2014-07-11,17,ES,PPL,30.5438,18.7365,0.8583,1.048,0,0.0,0.0,0.0,HOLD_CASH
2014-07-14,17,ES,PPL,30.1697,18.4873,0.8583,0.7962,0,0.0,0.0,0.0,HOLD_CASH
2014-07-15,17,ES,PPL,30.3234,18.5703,0.8583,1.005,0,0.0,0.0,0.0,HOLD_CASH
2014-07-16,17,ES,PPL,30.3701,18.6368,0.8583,0.5455,0,0.0,0.0,0.0,HOLD_CASH
2014-07-17,17,ES,PPL,30.0896,18.4596,0.8583,0.3268,0,0.0,0.0,0.0,HOLD_CASH
2014-07-18,17,ES,PPL,30.4169,18.742,0.8583,-0.2316,0,0.0,0.0,0.0,HOLD_CASH
2014-07-21,17,ES,PPL,30.3567,18.7033,0.8583,-0.2807,0,0.0,0.0,0.0,HOLD_CASH
2014-07-22,17,ES,PPL,30.4235,18.6313,0.8583,1.1246,0,0.0,0.0,0.0,HOLD_CASH
2014-07-23,17,ES,PPL,30.2966,18.6479,0.8583,-0.1368,0,0.0,0.0,0.0,HOLD_CASH
2014-07-24,17,ES,PPL,30.3835,18.7088,0.8583,-0.0547,0,0.0,0.0,0.0,HOLD_CASH
2014-07-25,17,ES,PPL,30.2833,18.515,0.8583,1.4557,0,0.0,0.0,0.0,HOLD_CASH
2014-07-28,17,ES,PPL,30.7909,18.8528,0.8583,1.588,0,0.0,0.0,0.0,HOLD_CASH
2014-07-29,17,ES,PPL,30.5037,18.6645,0.8583,1.2705,0,0.0,0.0,0.0,HOLD_CASH
2014-07-30,17,ES,PPL,30.0094,18.3488,0.8583,0.8042,0,0.0,0.0,0.0,HOLD_CASH
2014-07-31,17,ES,PPL,29.3215,18.2713,0.8583,-3.505,1,0.0,-0.0833,-0.0833,ENTER_LONG_A
2014-08-01,17,ES,PPL,29.248,18.3543,0.8583,-3.1585,1,-0.2873,-0.0833,-0.3707,HOLDING
2014-08-04,17,ES,PPL,28.8473,18.299,0.8583,-3.1099,1,-0.7836,-0.0833,-0.8669,HOLDING
2014-08-05,17,ES,PPL,28.4799,18.022,0.8583,-2.4072,1,-0.762,-0.0833,-0.8454,HOLDING
2014-08-06,17,ES,PPL,28.0792,17.6897,0.8583,-1.9097,1,-0.6749,-0.0833,-0.7583,HOLDING
2014-08-07,17,ES,PPL,28.3597,17.939,0.8583,-1.7692,1,-0.7709,-0.0833,-0.8543,HOLDING
2014-08-08,17,ES,PPL,29.041,18.2768,0.8583,-1.1329,1,-0.4407,-0.0833,-0.524,HOLDING
2014-08-11,17,ES,PPL,28.9074,18.2768,0.8583,-1.2805,1,-0.645,-0.0833,-0.7283,HOLDING
2014-08-12,17,ES,PPL,28.9007,18.3543,0.8583,-1.3576,1,-0.8185,-0.0833,-0.9019,HOLDING
2014-08-13,17,ES,PPL,29.0209,18.443,0.8583,-1.2185,1,-0.8213,-0.0833,-0.9047,HOLDING
2014-08-14,17,ES,PPL,29.4083,18.6534,0.8583,-0.9141,1,-0.6722,-0.0833,-0.7555,HOLDING
2014-08-15,17,ES,PPL,29.5018,18.7254,0.8583,-0.834,1,-0.6809,-0.0833,-0.7642,HOLDING
2014-08-18,17,ES,PPL,29.5085,18.6368,0.8583,-0.514,1,-0.484,-0.0833,-0.5673,HOLDING
2014-08-19,17,ES,PPL,29.8825,18.8805,0.8583,-0.356,1,-0.4253,-0.0833,-0.5086,HOLDING
2014-08-20,17,ES,PPL,30.1163,18.8749,0.8583,0.2102,1,-0.056,-0.0833,-0.1394,HOLDING
2014-08-21,17,ES,PPL,30.1764,18.9913,0.8583,0.0629,1,-0.2092,-0.0833,-0.2925,HOLDING
2014-08-22,17,ES,PPL,30.1631,18.9248,0.8583,0.3493,1,-0.0896,-0.0833,-0.1729,HOLDING
2014-08-25,17,ES,PPL,30.29,19.0079,0.8583,0.5421,1,-0.0705,-0.0833,-0.1538,HOLDING
2014-08-26,17,ES,PPL,30.0228,18.7919,0.8583,0.8734,1,-0.0241,-0.0833,-0.1074,HOLDING
2014-08-27,17,ES,PPL,30.2833,18.9968,0.8583,1.2288,1,-0.0574,-0.0833,-0.1407,HOLDING
2014-08-28,17,ES,PPL,30.4436,19.0799,0.8583,1.4385,1,0.0128,-0.0833,-0.0706,HOLDING
2014-08-29,17,ES,PPL,30.6506,19.1796,0.8583,1.5877,1,0.1194,-0.0833,0.0361,HOLDING
2014-09-02,17,ES,PPL,30.3501,18.9802,0.8583,1.3205,1,0.0798,-0.0833,-0.0036,HOLDING
2014-09-03,17,ES,PPL,30.5638,19.1076,0.8583,1.3369,1,0.1383,-0.0833,0.055,HOLDING
2014-09-04,17,ES,PPL,30.6306,19.0688,0.8583,1.6195,1,0.3221,-0.0833,0.2388,HOLDING
2014-09-05,17,ES,PPL,31.1048,19.1463,0.8583,2.4628,1,0.8841,-0.0833,0.8007,HOLDING
2014-09-08,17,ES,PPL,30.9512,18.8681,0.8583,2.5074,1,1.2353,-0.0833,1.152,HOLDING
2014-09-09,17,ES,PPL,30.6106,18.6553,0.8583,2.0155,1,1.1625,-0.0833,1.0792,HOLDING
2014-09-10,17,ES,PPL,30.3701,18.4594,0.8583,1.8432,1,1.2076,-0.0833,1.1242,HOLDING
2014-09-11,17,ES,PPL,30.5742,18.5769,0.8583,1.7234,1,1.2721,-0.0833,1.1887,HOLDING
2014-09-12,17,ES,PPL,30.0285,18.269,0.8583,1.3203,1,1.0861,-0.0833,1.0028,HOLDING
2014-09-15,17,ES,PPL,30.0622,18.2746,0.8583,1.266,1,1.1259,-0.0833,1.0425,HOLDING
2014-09-16,17,ES,PPL,30.6955,18.7561,0.8583,1.0541,1,1.0802,-0.0833,0.9968,HOLDING
2014-09-17,17,ES,PPL,30.7359,18.7337,0.8583,1.1277,1,1.1891,-0.0833,1.1058,HOLDING
2014-09-18,17,ES,PPL,30.4934,18.6329,0.8583,0.7838,1,1.0305,-0.0833,0.9472,HOLDING
2014-09-19,17,ES,PPL,30.6214,18.8345,0.8583,0.3114,1,0.8017,-0.0833,0.7184,HOLDING
2014-09-22,17,ES,PPL,30.2576,18.6553,0.8583,-0.07,1,0.6227,-0.0833,0.5394,HOLDING
2014-09-23,17,ES,PPL,30.1094,18.5377,0.8583,-0.0981,1,0.6437,-0.0833,0.5604,HOLDING
2014-09-24,17,ES,PPL,29.9948,18.353,0.8583,0.2722,1,0.8577,-0.0833,0.7744,HOLDING
2014-09-25,17,ES,PPL,29.8264,18.3754,0.8583,-0.4899,1,0.5529,-0.0833,0.4696,HOLDING
2014-09-26,17,ES,PPL,29.914,18.3194,0.8583,0.0117,1,0.8048,-0.0833,0.7215,HOLDING
2014-09-29,17,ES,PPL,29.8534,18.4426,0.8583,-1.0066,1,0.4526,-0.0833,0.3693,HOLDING
2014-09-30,17,ES,PPL,29.8466,18.3866,0.8583,-0.8627,1,0.5603,-0.0833,0.4769,HOLDING
2014-10-01,17,ES,PPL,30.2441,18.5321,0.8583,-0.083,1,0.8615,-0.0833,0.7782,HOLDING
2014-10-02,17,ES,PPL,30.3519,18.5601,0.8583,0.1914,1,0.9675,-0.0833,0.8841,HOLDING
2014-10-03,17,ES,PPL,30.6888,18.7449,0.8583,0.6064,1,1.0934,-0.0833,1.0101,HOLDING
2014-10-06,17,ES,PPL,30.6888,18.7393,0.8583,0.6928,1,1.1052,-0.0833,1.0219,HOLDING
2014-10-07,17,ES,PPL,30.864,18.8009,0.8583,1.1923,1,1.2434,-0.0833,1.1601,HOLDING
2014-10-08,17,ES,PPL,31.4434,19.1872,0.8583,1.3618,1,1.3158,-0.0833,1.2324,HOLDING
2014-10-09,17,ES,PPL,31.0593,18.8681,0.8583,1.6621,1,1.4007,-0.0833,1.3174,HOLDING
2014-10-10,17,ES,PPL,31.3019,18.9129,0.8583,2.207,1,1.6773,-0.0833,1.594,HOLDING
2014-10-13,17,ES,PPL,31.5107,18.8345,0.8583,2.7513,1,2.1618,-0.0833,2.0785,HOLDING
2014-10-14,17,ES,PPL,32.043,18.8065,0.8583,3.1197,1,3.0348,-0.0833,2.9515,HOLDING
2014-10-15,17,ES,PPL,32.043,18.1906,0.8583,3.2631,1,4.3322,-0.0833,4.2488,HOLDING
2014-10-16,17,ES,PPL,31.6253,18.5041,0.8583,1.6319,1,3.0329,-0.0833,2.9495,HOLDING
2014-10-17,17,ES,PPL,31.787,18.6721,0.8583,1.3448,1,2.9263,-0.0833,2.843,HOLDING
2014-10-20,17,ES,PPL,32.3866,19.0024,0.8583,1.3436,1,3.1475,-0.0833,3.0642,HOLDING
2014-10-21,17,ES,PPL,32.2114,19.0024,0.8583,1.0046,1,2.8796,-0.0833,2.7963,HOLDING
2014-10-22,17,ES,PPL,32.3866,19.2376,0.8583,0.7104,1,2.6522,-0.0833,2.5688,HOLDING
2014-10-23,17,ES,PPL,32.6157,19.232,0.8583,0.9253,1,3.0143,-0.0833,2.931,HOLDING
2014-10-24,17,ES,PPL,32.737,19.3328,0.8583,0.8055,1,2.9875,-0.0833,2.9042,HOLDING
2014-10-27,17,ES,PPL,32.6426,19.4112,0.8583,0.4541,1,2.6781,-0.0833,2.5947,HOLDING
2014-10-28,17,ES,PPL,32.865,19.5007,0.8583,0.5099,1,2.8294,-0.0833,2.7461,HOLDING
2014-10-29,17,ES,PPL,32.5752,19.3216,0.8583,0.3908,1,2.7638,-0.0833,2.6804,HOLDING
2014-10-30,17,ES,PPL,33.249,19.4951,0.8583,0.9644,1,3.4286,-0.0833,3.3452,HOLDING
2014-10-31,17,ES,PPL,33.249,19.5903,0.8583,0.6624,1,3.228,-0.0833,3.1447,HOLDING
2014-11-03,17,ES,PPL,33.4039,19.6743,0.8583,0.645,1,3.2881,-0.0833,3.2048,HOLDING
2014-11-04,17,ES,PPL,33.3568,19.5623,0.8583,0.7912,1,0.0,3.2763,3.2763,PERIOD_END_EXIT
2014-05-08,18,KO,T,28.1706,11.9642,0.658,0.0,0,0.0,0.0,0.0,HOLD_CASH
2014-05-09,18,KO,T,28.2674,11.9774,0.658,0.0,0,0.0,0.0,0.0,HOLD_CASH
2014-05-12,18,KO,T,28.2329,12.0201,0.658,0.0,0,0.0,0.0,0.0,HOLD_CASH
2014-05-13,18,KO,T,28.4334,11.8985,0.658,0.0,0,0.0,0.0,0.0,HOLD_CASH
2014-05-14,18,KO,T,28.2813,11.9609,0.658,0.0,0,0.0,0.0,0.0,HOLD_CASH
2014-05-15,18,KO,T,28.0254,12.0037,0.658,0.0,0,0.0,0.0,0.0,HOLD_CASH
2014-05-16,18,KO,T,28.2813,12.076,0.658,0.0,0,0.0,0.0,0.0,HOLD_CASH
2014-05-19,18,KO,T,28.1568,11.9576,0.658,0.0,0,0.0,0.0,0.0,HOLD_CASH
2014-05-20,18,KO,T,28.0669,11.6684,0.658,0.0,0,0.0,0.0,0.0,HOLD_CASH
2014-05-21,18,KO,T,28.2674,11.5928,0.658,0.0,0,0.0,0.0,0.0,HOLD_CASH
2014-05-22,18,KO,T,28.0669,11.629,0.658,0.0,0,0.0,0.0,0.0,HOLD_CASH
2014-05-23,18,KO,T,28.0669,11.6092,0.658,0.0,0,0.0,0.0,0.0,HOLD_CASH
2014-05-27,18,KO,T,28.1983,11.5731,0.658,0.0,0,0.0,0.0,0.0,HOLD_CASH
2014-05-28,18,KO,T,28.0669,11.6158,0.658,0.0,0,0.0,0.0,0.0,HOLD_CASH
2014-05-29,18,KO,T,28.1222,11.6322,0.658,0.0,0,0.0,0.0,0.0,HOLD_CASH
2014-05-30,18,KO,T,28.2951,11.6585,0.658,0.0,0,0.0,0.0,0.0,HOLD_CASH
2014-06-02,18,KO,T,28.2605,11.6487,0.658,0.0,0,0.0,0.0,0.0,HOLD_CASH
2014-06-03,18,KO,T,28.2744,11.5698,0.658,0.0,0,0.0,0.0,0.0,HOLD_CASH
2014-06-04,18,KO,T,28.2121,11.5205,0.658,0.0,0,0.0,0.0,0.0,HOLD_CASH
2014-06-05,18,KO,T,28.2813,11.5369,0.658,1.3696,0,0.0,0.0,0.0,HOLD_CASH
2014-06-06,18,KO,T,28.3504,11.5106,0.658,1.534,0,0.0,0.0,0.0,HOLD_CASH
2014-06-09,18,KO,T,28.2951,11.5073,0.658,1.2404,0,0.0,0.0,0.0,HOLD_CASH
2014-06-10,18,KO,T,28.4058,11.4843,0.658,1.5231,0,0.0,0.0,0.0,HOLD_CASH
2014-06-11,18,KO,T,28.2605,11.4416,0.658,1.1677,0,0.0,0.0,0.0,HOLD_CASH
2014-06-12,18,KO,T,28.1665,11.4482,0.658,0.7759,0,0.0,0.0,0.0,HOLD_CASH
2014-06-13,18,KO,T,28.1316,11.5139,0.658,0.2593,0,0.0,0.0,0.0,HOLD_CASH
2014-06-16,18,KO,T,28.3337,11.4975,0.658,1.0532,0,0.0,0.0,0.0,HOLD_CASH
2014-06-17,18,KO,T,28.5149,11.5106,0.658,1.7655,0,0.0,0.0,0.0,HOLD_CASH
2014-06-18,18,KO,T,28.9608,11.5698,0.658,2.6928,-1,0.0,-0.0833,-0.0833,ENTER_SHORT_A
2014-06-19,18,KO,T,29.1211,11.6224,0.658,2.3566,-1,-0.1279,-0.0833,-0.2112,HOLDING
2014-06-20,18,KO,T,29.0514,11.6322,0.658,1.8046,-1,0.0213,-0.0833,-0.062,HOLDING
2014-06-23,18,KO,T,29.0793,11.6322,0.658,1.672,-1,-0.0271,-0.0833,-0.1104,HOLDING
2014-06-24,18,KO,T,29.1629,11.5994,0.658,1.7982,-1,-0.2662,-0.0833,-0.3495,HOLDING
2014-06-25,18,KO,T,29.2396,11.5895,0.658,1.8118,-1,-0.4274,-0.0833,-0.5107,HOLDING
2014-06-26,18,KO,T,29.2884,11.5895,0.658,1.7259,-1,-0.5121,-0.0833,-0.5954,HOLDING
2014-06-27,18,KO,T,29.3999,11.6388,0.658,1.5988,-1,-0.5646,-0.0833,-0.6479,HOLDING
2014-06-30,18,KO,T,29.5183,11.6224,0.658,1.7379,-1,-0.8172,-0.0833,-0.9005,HOLDING
2014-07-01,18,KO,T,29.4695,11.6618,0.658,1.3119,-1,-0.6198,-0.0833,-0.7031,HOLDING
2014-07-02,18,KO,T,29.4695,11.7243,0.658,0.9639,-1,-0.4413,-0.0833,-0.5246,HOLDING
2014-07-03,18,KO,T,29.4277,11.7802,0.658,0.5612,-1,-0.209,-0.0833,-0.2923,HOLDING
2014-07-07,18,KO,T,29.365,11.8393,0.658,0.0954,-1,0.069,-0.0833,-0.0144,HOLDING
2014-07-08,18,KO,T,29.2256,11.8891,0.658,-0.5527,-1,0.4533,-0.0833,0.37,HOLDING
2014-07-09,18,KO,T,29.2326,11.9192,0.658,-0.6958,-1,0.5272,-0.0833,0.4439,HOLDING
2014-07-10,18,KO,T,29.4486,11.936,0.658,-0.2317,-1,0.2001,-0.0833,0.1167,HOLDING
2014-07-11,18,KO,T,29.2466,11.956,0.658,-1.0139,-1,0.6081,-0.0833,0.5248,HOLDING
2014-07-14,18,KO,T,29.5323,11.9894,0.658,-0.4681,-1,0.2079,-0.0833,0.1245,HOLDING
2014-07-15,18,KO,T,29.3371,12.1165,0.658,-1.934,-1,0.9097,-0.0833,0.8263,HOLDING
2014-07-16,18,KO,T,29.3511,12.1867,0.658,-2.0703,-1,1.0862,-0.0833,1.0029,HOLDING
2014-07-17,18,KO,T,29.2814,12.0463,0.658,-1.3903,-1,0.8057,-0.0833,0.7224,HOLDING
2014-07-18,18,KO,T,29.5671,12.0931,0.658,-0.6604,-1,0.4437,-0.0833,0.3604,HOLDING
2014-07-21,18,KO,T,29.5462,12.0229,0.658,-0.3461,-1,0.2793,-0.0833,0.1959,HOLDING
2014-07-22,18,KO,T,28.703,12.0162,0.658,-2.3613,-1,1.7235,-0.0833,1.6401,HOLDING
2014-07-23,18,KO,T,28.4382,11.9961,0.658,-2.3631,-1,2.1257,-0.0833,2.0424,HOLDING
2014-07-24,18,KO,T,28.5497,11.8691,0.658,-1.4664,-1,1.569,-0.0833,1.4857,HOLDING
2014-07-25,18,KO,T,28.5706,11.8825,0.658,-1.3177,-1,1.571,-0.0833,1.4876,HOLDING
2014-07-28,18,KO,T,28.3476,11.9192,0.658,-1.6957,-1,2.0631,-0.0833,1.9798,HOLDING
2014-07-29,18,KO,T,28.1177,12.2335,0.658,-2.5581,-1,3.3606,-0.0833,3.2772,HOLDING
2014-07-30,18,KO,T,27.609,12.1566,0.658,-2.5781,-1,4.0236,-0.0833,3.9403,HOLDING
2014-07-31,18,KO,T,27.379,11.8992,0.658,-1.9919,-1,3.6868,-0.0833,3.6035,HOLDING
2014-08-01,18,KO,T,27.379,11.8122,0.658,-1.5913,-1,3.4383,-0.0833,3.355,HOLDING
2014-08-04,18,KO,T,27.4557,11.8557,0.658,-1.4081,-1,3.4295,-0.0833,3.3462,HOLDING
2014-08-05,18,KO,T,27.3024,11.7387,0.658,-1.2329,-1,3.3611,-0.0833,3.2778,HOLDING
2014-08-06,18,KO,T,27.818,11.5749,0.658,-0.1432,-1,1.9978,-0.0833,1.9145,HOLDING
2014-08-07,18,KO,T,27.4208,11.4378,0.658,-0.3229,-1,2.2954,-0.0833,2.212,HOLDING
2014-08-08,18,KO,T,27.4905,11.5247,0.658,-0.3554,-1,2.4229,-0.0833,2.3396,HOLDING
2014-08-11,18,KO,T,27.5741,11.5247,0.658,-0.1544,-1,2.2778,-0.0833,2.1944,HOLDING
2014-08-12,18,KO,T,27.6508,11.5816,0.658,-0.1141,-1,2.3072,-0.0833,2.2239,HOLDING
2014-08-13,18,KO,T,27.832,11.5983,0.658,0.1907,-1,2.0406,-0.0833,1.9572,HOLDING
2014-08-14,18,KO,T,27.9992,11.6718,0.658,0.3505,-1,1.9606,-0.0833,1.8772,HOLDING
2014-08-15,18,KO,T,28.487,11.615,0.658,1.4525,-1,0.9515,-0.0833,0.8682,HOLDING
2014-08-18,18,KO,T,28.8145,11.5849,0.658,2.1406,-1,0.2971,-0.0833,0.2138,HOLDING
2014-08-19,18,KO,T,28.7518,11.5281,0.658,1.9177,-1,0.2435,-0.0833,0.1601,HOLDING
2014-08-20,18,KO,T,28.7448,11.5448,0.658,1.6409,-1,0.3034,-0.0833,0.22,HOLDING
2014-08-21,18,KO,T,28.8563,11.5816,0.658,1.5577,-1,0.215,-0.0833,0.1317,HOLDING
2014-08-22,18,KO,T,28.6542,11.5347,0.658,1.2806,-1,0.4319,-0.0833,0.3486,HOLDING
2014-08-25,18,KO,T,28.8563,11.5381,0.658,1.3898,-1,0.0907,-0.0833,0.0074,HOLDING
2014-08-26,18,KO,T,28.9887,11.5347,0.658,1.3959,-1,-0.1486,-0.0833,-0.2319,HOLDING
2014-08-27,18,KO,T,28.9887,11.6183,0.658,1.1279,-1,0.0904,-0.0833,0.007,HOLDING
2014-08-28,18,KO,T,29.0096,11.615,0.658,1.0681,-1,0.0445,-0.0833,-0.0388,HOLDING
2014-08-29,18,KO,T,29.0723,11.6885,0.658,0.9083,-1,0.1459,-0.0833,0.0626,HOLDING
2014-09-02,18,KO,T,29.0166,11.6484,0.658,0.8507,-1,0.128,-0.0833,0.0447,HOLDING
2014-09-03,18,KO,T,29.1142,11.6919,0.658,0.8335,-1,0.0829,-0.0833,-0.0004,HOLDING
2014-09-04,18,KO,T,29.1769,11.6819,0.658,0.876,-1,-0.0546,-0.0833,-0.1379,HOLDING
2014-09-05,18,KO,T,29.156,11.7521,0.658,0.5668,-1,0.1824,-0.0833,0.0991,HOLDING
2014-09-08,18,KO,T,29.1142,11.7053,0.658,0.5582,-1,0.1211,-0.0833,0.0378,HOLDING
2014-09-09,18,KO,T,29.2256,11.5882,0.658,1.1158,-1,-0.4068,-0.0833,-0.4902,HOLDING
2014-09-10,18,KO,T,29.3859,11.6016,0.658,1.42,-1,-0.6468,-0.0833,-0.7301,HOLDING
2014-09-11,18,KO,T,29.4456,11.6518,0.658,1.3999,-1,-0.6069,-0.0833,-0.6903,HOLDING
2014-09-12,18,KO,T,29.1016,11.5347,0.658,1.1016,-1,-0.3446,-0.0833,-0.4279,HOLDING
2014-09-15,18,KO,T,29.1297,11.5983,0.658,0.6981,-1,-0.2117,-0.0833,-0.295,HOLDING
2014-09-16,18,KO,T,29.228,11.6852,0.658,0.3764,-1,-0.1338,-0.0833,-0.2171,HOLDING
2014-09-17,18,KO,T,29.2069,11.7086,0.658,-0.0209,-1,-0.0303,-0.0833,-0.1136,HOLDING
2014-09-18,18,KO,T,29.3333,11.7554,0.658,0.2112,-1,-0.1158,-0.0833,-0.1991,HOLDING
2014-09-19,18,KO,T,29.5158,11.8591,0.658,0.231,-1,-0.1362,-0.0833,-0.2196,HOLDING
2014-09-22,18,KO,T,29.6351,11.8691,0.658,0.8183,-1,-0.3147,-0.0833,-0.398,HOLDING
2014-09-23,18,KO,T,29.4035,11.7888,0.658,0.0736,-1,-0.142,-0.0833,-0.2254,HOLDING
2014-09-24,18,KO,T,29.6702,11.8357,0.658,1.2949,-1,-0.4711,-0.0833,-0.5545,HOLDING
2014-09-25,18,KO,T,29.3263,11.7287,0.658,0.1038,-1,-0.1801,-0.0833,-0.2634,HOLDING
2014-09-26,18,KO,T,29.6211,11.7955,0.658,1.2461,-1,-0.5005,-0.0833,-0.5839,HOLDING
2014-09-29,18,KO,T,29.6562,11.7788,0.658,1.4951,-1,-0.6093,-0.0833,-0.6926,HOLDING
2014-09-30,18,KO,T,29.944,11.7822,0.658,2.6019,-1,-1.0991,-0.0833,-1.1825,HOLDING
2014-10-01,18,KO,T,30.0001,11.6885,0.658,2.7747,-1,-1.4642,-0.0833,-1.5475,HOLDING
2014-10-02,18,KO,T,29.944,11.6919,0.658,2.0791,-1,-1.3572,-0.0833,-1.4405,HOLDING
2014-10-03,18,KO,T,30.1826,11.8223,0.658,1.8729,-1,-1.3987,-0.0833,-1.482,HOLDING
2014-10-06,18,KO,T,30.6038,11.8657,0.658,2.4743,-1,-2.0053,-0.0833,-2.0887,HOLDING
2014-10-07,18,KO,T,30.8284,11.8122,0.658,2.5818,-1,-2.548,-0.0833,-2.6314,HOLDING
2014-10-08,18,KO,T,31.2706,11.9582,0.658,2.3849,-1,-2.8983,-0.0833,-2.9816,HOLDING
2014-10-09,18,KO,T,30.7933,11.7915,0.658,1.7338,-1,-2.5464,-0.0833,-2.6297,HOLDING
2014-10-10,18,KO,T,31.2144,11.652,0.658,2.329,-1,-3.676,-0.0833,-3.7594,HOLDING
2014-10-13,18,KO,T,30.9337,11.5057,0.658,1.9388,-1,-3.6069,-0.0833,-3.6903,HOLDING
2014-10-14,18,KO,T,30.6318,11.5125,0.658,1.3421,-1,-3.0637,-0.0833,-3.147,HOLDING
2014-10-15,18,KO,T,30.3441,11.5227,0.658,0.8355,-1,-2.535,-0.0833,-2.6184,HOLDING
2014-10-16,18,KO,T,29.8738,11.4445,0.658,0.2987,-1,-1.9425,-0.0833,-2.0259,HOLDING
2014-10-17,18,KO,T,30.0984,11.5942,0.658,0.1848,-1,-1.9045,-0.0833,-1.9878,HOLDING
2014-10-20,18,KO,T,30.3862,11.6622,0.658,0.3756,-1,-2.2094,-0.0833,-2.2927,HOLDING
2014-10-21,18,KO,T,28.5541,11.7779,0.658,-2.4738,-1,1.3007,-0.0833,1.2173,HOLDING
2014-10-22,18,KO,T,28.512,11.7371,0.658,-2.115,-1,1.2571,-0.0833,1.1737,HOLDING
2014-10-23,18,KO,T,28.6805,11.4513,0.658,-1.2618,-1,0.1478,-0.0833,0.0645,HOLDING
2014-10-24,18,KO,T,28.7998,11.5227,0.658,-1.2066,-1,0.145,-0.0833,0.0616,HOLDING
2014-10-27,18,KO,T,28.6103,11.6044,0.658,-1.483,-1,0.7073,-0.0833,0.6239,HOLDING
2014-10-28,18,KO,T,28.4699,11.6792,0.658,-1.5954,-1,1.1649,-0.0833,1.0815,HOLDING
2014-10-29,18,KO,T,28.7507,11.7031,0.658,-1.2079,-1,0.7457,-0.0833,0.6623,HOLDING
2014-10-30,18,KO,T,29.0595,11.7405,0.658,-0.8794,-1,0.3166,-0.0833,0.2333,HOLDING
2014-10-31,18,KO,T,29.3965,11.8528,0.658,-0.6737,-1,0.0528,-0.0833,-0.0305,HOLDING
2014-11-03,18,KO,T,29.3473,11.8528,0.658,-0.6586,-1,0.1381,-0.0833,0.0548,HOLDING
2014-11-04,18,KO,T,29.3543,11.8357,0.658,-0.5573,-1,0.0,-0.0908,-0.0908,PERIOD_END_EXIT
2014-05-08,19,TRV,WMT,70.1684,21.0137,1.0582,0.0,0,0.0,0.0,0.0,HOLD_CASH
2014-05-09,19,TRV,WMT,70.2146,21.1499,1.0582,0.0,0,0.0,0.0,0.0,HOLD_CASH
2014-05-12,19,TRV,WMT,70.7836,21.1366,1.0582,0.0,0,0.0,0.0,0.0,HOLD_CASH
2014-05-13,19,TRV,WMT,71.4527,21.1339,1.0582,0.0,0,0.0,0.0,0.0,HOLD_CASH
2014-05-14,19,TRV,WMT,71.2528,21.0271,1.0582,0.0,0,0.0,0.0,0.0,HOLD_CASH
2014-05-15,19,TRV,WMT,71.0374,20.517,1.0582,0.0,0,0.0,0.0,0.0,HOLD_CASH
2014-05-16,19,TRV,WMT,71.199,20.5651,1.0582,0.0,0,0.0,0.0,0.0,HOLD_CASH
2014-05-19,19,TRV,WMT,71.3451,20.4583,1.0582,0.0,0,0.0,0.0,0.0,HOLD_CASH
2014-05-20,19,TRV,WMT,71.2682,20.2126,1.0582,0.0,0,0.0,0.0,0.0,HOLD_CASH
2014-05-21,19,TRV,WMT,71.4143,20.2046,1.0582,0.0,0,0.0,0.0,0.0,HOLD_CASH
2014-05-22,19,TRV,WMT,71.5296,20.1325,1.0582,0.0,0,0.0,0.0,0.0,HOLD_CASH
2014-05-23,19,TRV,WMT,71.4143,20.1912,1.0582,0.0,0,0.0,0.0,0.0,HOLD_CASH
2014-05-27,19,TRV,WMT,71.8988,20.1859,1.0582,0.0,0,0.0,0.0,0.0,HOLD_CASH
2014-05-28,19,TRV,WMT,71.8757,20.1699,1.0582,0.0,0,0.0,0.0,0.0,HOLD_CASH
2014-05-29,19,TRV,WMT,72.3679,20.29,1.0582,0.0,0,0.0,0.0,0.0,HOLD_CASH
2014-05-30,19,TRV,WMT,71.868,20.501,1.0582,0.0,0,0.0,0.0,0.0,HOLD_CASH
2014-06-02,19,TRV,WMT,72.068,20.4983,1.0582,0.0,0,0.0,0.0,0.0,HOLD_CASH
2014-06-03,19,TRV,WMT,71.8373,20.485,1.0582,0.0,0,0.0,0.0,0.0,HOLD_CASH
2014-06-04,19,TRV,WMT,72.8063,20.5971,1.0582,0.0,0,0.0,0.0,0.0,HOLD_CASH
2014-06-05,19,TRV,WMT,73.037,20.6479,1.0582,0.6477,0,0.0,0.0,0.0,HOLD_CASH
2014-06-06,19,TRV,WMT,72.9906,20.6185,1.0582,0.6099,0,0.0,0.0,0.0,HOLD_CASH
2014-06-09,19,TRV,WMT,73.2227,20.5651,1.0582,0.8329,0,0.0,0.0,0.0,HOLD_CASH
2014-06-10,19,TRV,WMT,73.563,20.4609,1.0582,1.3424,0,0.0,0.0,0.0,HOLD_CASH
2014-06-11,19,TRV,WMT,73.4083,20.3381,1.0582,1.5832,0,0.0,0.0,0.0,HOLD_CASH
2014-06-12,19,TRV,WMT,73.4856,20.2233,1.0582,2.1129,-1,0.0,-0.0833,-0.0833,ENTER_SHORT_A
2014-06-13,19,TRV,WMT,73.8028,20.1031,1.0582,2.4419,-1,-0.4293,-0.0833,-0.5127,HOLDING
2014-06-16,19,TRV,WMT,73.8414,20.1191,1.0582,2.1167,-1,-0.4167,-0.0833,-0.5,HOLDING
2014-06-17,19,TRV,WMT,73.6558,20.0257,1.0582,1.9708,-1,-0.5124,-0.0833,-0.5958,HOLDING
2014-06-18,19,TRV,WMT,73.795,20.2153,1.0582,1.2994,-1,-0.1874,-0.0833,-0.2708,HOLDING
2014-06-19,19,TRV,WMT,73.9497,20.2607,1.0582,1.1543,-1,-0.1765,-0.0833,-0.2598,HOLDING
2014-06-20,19,TRV,WMT,73.1685,20.2099,1.0582,0.6134,-1,0.1464,-0.0833,0.0631,HOLDING
2014-06-23,19,TRV,WMT,73.447,20.2393,1.0582,0.6758,-1,0.0553,-0.0833,-0.0281,HOLDING
2014-06-24,19,TRV,WMT,73.2304,20.2874,1.0582,0.3071,-1,0.2764,-0.0833,0.1931,HOLDING
2014-06-25,19,TRV,WMT,73.3773,20.1939,1.0582,0.6615,-1,-0.0026,-0.0833,-0.0859,HOLDING
2014-06-26,19,TRV,WMT,73.0292,20.0043,1.0582,0.8892,-1,-0.2125,-0.0833,-0.2958,HOLDING
2014-06-27,19,TRV,WMT,72.6502,20.1191,1.0582,0.1414,-1,0.2396,-0.0833,0.1563,HOLDING
2014-06-30,19,TRV,WMT,72.7662,20.047,1.0582,0.4099,-1,0.023,-0.0833,-0.0604,HOLDING
2014-07-01,19,TRV,WMT,73.6481,20.1031,1.0582,0.9802,-1,-0.3441,-0.0833,-0.4274,HOLDING
2014-07-02,19,TRV,WMT,73.1917,20.1939,1.0582,0.0428,-1,0.0997,-0.0833,0.0164,HOLDING
2014-07-03,19,TRV,WMT,73.3619,20.2286,1.0582,-0.0298,-1,0.0795,-0.0833,-0.0038,HOLDING
2014-07-07,19,TRV,WMT,73.1375,20.3141,1.0582,-1.0381,-1,0.3842,-0.0833,0.3008,HOLDING
2014-07-08,19,TRV,WMT,72.8204,20.469,1.0582,-2.489,-1,0.887,-0.0833,0.8037,HOLDING
2014-07-09,19,TRV,WMT,73.2535,20.6185,1.0582,-2.3058,-1,0.9652,-0.0833,0.8818,HOLDING
2014-07-10,19,TRV,WMT,72.9442,20.5784,1.0582,-2.1271,-1,1.0508,-0.0833,0.9674,HOLDING
2014-07-11,19,TRV,WMT,73.2381,20.5144,1.0582,-1.3134,-1,0.753,-0.0833,0.6697,HOLDING
2014-07-14,19,TRV,WMT,73.9188,20.4423,1.0582,-0.1285,-1,0.2253,-0.0833,0.1419,HOLDING
2014-07-15,19,TRV,WMT,74.2205,20.5197,1.0582,-0.0538,-1,0.2231,-0.0833,0.1398,HOLDING
2014-07-16,19,TRV,WMT,73.9652,20.525,1.0582,-0.3271,-1,0.3751,-0.0833,0.2917,HOLDING
2014-07-17,19,TRV,WMT,73.2535,20.4583,1.0582,-0.8716,-1,0.6257,-0.0833,0.5424,HOLDING
2014-07-18,19,TRV,WMT,73.7486,20.5865,1.0582,-0.7744,-1,0.6245,-0.0833,0.5412,HOLDING
2014-07-21,19,TRV,WMT,73.6867,20.501,1.0582,-0.3551,-1,0.4776,-0.0833,0.3942,HOLDING
2014-07-22,19,TRV,WMT,70.8788,20.4663,1.0582,-2.9506,-1,1.9511,-0.0833,1.8678,HOLDING
2014-07-23,19,TRV,WMT,70.9948,20.5598,1.0582,-2.4671,-1,2.0852,-0.0833,2.0019,HOLDING
2014-07-24,19,TRV,WMT,71.8457,20.3888,1.0582,-1.0421,-1,1.2543,-0.0833,1.171,HOLDING
2014-07-25,19,TRV,WMT,71.2424,20.2874,1.0582,-1.1247,-1,1.3717,-0.0833,1.2884,HOLDING
2014-07-28,19,TRV,WMT,71.0722,20.2179,1.0582,-0.9485,-1,1.3184,-0.0833,1.2351,HOLDING
2014-07-29,19,TRV,WMT,70.4843,20.1458,1.0582,-1.1125,-1,1.4896,-0.0833,1.4062,HOLDING
2014-07-30,19,TRV,WMT,70.3451,19.9696,1.0582,-0.5839,-1,1.1929,-0.0833,1.1095,HOLDING
2014-07-31,19,TRV,WMT,69.2776,19.6491,1.0582,-0.3896,-1,1.1021,-0.0833,1.0188,HOLDING
2014-08-01,19,TRV,WMT,69.3163,19.6385,1.0582,-0.2342,-1,1.0582,-0.0833,0.9749,HOLDING
2014-08-04,19,TRV,WMT,69.5406,19.6385,1.0582,0.0667,-1,0.9346,-0.0833,0.8513,HOLDING
2014-08-05,19,TRV,WMT,68.9373,19.585,1.0582,-0.3562,-1,1.1539,-0.0833,1.0705,HOLDING
2014-08-06,19,TRV,WMT,69.3859,19.9452,1.0582,-1.225,-1,1.6698,-0.0833,1.5864,HOLDING
2014-08-07,19,TRV,WMT,69.5406,19.878,1.0582,-0.7393,-1,1.4422,-0.0833,1.3588,HOLDING
2014-08-08,19,TRV,WMT,69.9893,20.0716,1.0582,-0.9256,-1,1.605,-0.0833,1.5217,HOLDING
2014-08-11,19,TRV,WMT,70.1285,19.9882,1.0582,-0.3858,-1,1.3517,-0.0833,1.2684,HOLDING
2014-08-12,19,TRV,WMT,70.4611,19.9506,1.0582,0.2524,-1,1.0888,-0.0833,1.0054,HOLDING
2014-08-13,19,TRV,WMT,70.6003,19.8995,1.0582,0.7872,-1,0.9039,-0.0833,0.8205,HOLDING
2014-08-14,19,TRV,WMT,71.3352,19.9963,1.0582,1.3171,-1,0.704,-0.0833,0.6206,HOLDING
2014-08-15,19,TRV,WMT,71.2656,19.8646,1.0582,1.8265,-1,0.4633,-0.0833,0.3799,HOLDING
2014-08-18,19,TRV,WMT,71.9308,20.0232,1.0582,1.8903,-1,0.4328,-0.0833,0.3494,HOLDING
2014-08-19,19,TRV,WMT,71.8689,20.128,1.0582,1.1949,-1,0.6889,-0.0833,0.6056,HOLDING
2014-08-20,19,TRV,WMT,72.0236,20.1495,1.0582,1.2456,-1,0.6493,-0.0833,0.5659,HOLDING
2014-08-21,19,TRV,WMT,72.6657,20.3081,1.0582,1.1804,-1,0.6315,-0.0833,0.5482,HOLDING
2014-08-22,19,TRV,WMT,72.5187,20.3565,1.0582,0.6383,-1,0.815,-0.0833,0.7317,HOLDING
2014-08-25,19,TRV,WMT,72.9364,20.3458,1.0582,1.1661,-1,0.5621,-0.0833,0.4787,HOLDING
2014-08-26,19,TRV,WMT,72.8668,20.3001,1.0582,1.1885,-1,0.5036,-0.0833,0.4203,HOLDING
2014-08-27,19,TRV,WMT,73.3,20.3888,1.0582,1.1892,-1,0.4529,-0.0833,0.3696,HOLDING
2014-08-28,19,TRV,WMT,72.9751,20.4022,1.0582,0.6168,-1,0.6604,-0.0833,0.577,HOLDING
2014-08-29,19,TRV,WMT,73.2613,20.2947,1.0582,1.3853,-1,0.2749,-0.0833,0.1915,HOLDING
2014-09-02,19,TRV,WMT,73.1143,20.3619,1.0582,0.7978,-1,0.4982,-0.0833,0.4149,HOLDING
2014-09-03,19,TRV,WMT,73.0756,20.4318,1.0582,0.3559,-1,0.6676,-0.0833,0.5843,HOLDING
2014-09-04,19,TRV,WMT,72.9132,20.5796,1.0582,-0.7388,-1,1.0703,-0.0833,0.987,HOLDING
2014-09-05,19,TRV,WMT,72.8745,20.835,1.0582,-2.108,-1,1.6327,-0.0833,1.5493,HOLDING
2014-09-08,19,TRV,WMT,72.5711,20.5716,1.0582,-1.3296,-1,1.2417,-0.0833,1.1584,HOLDING
2014-09-09,19,TRV,WMT,72.2443,20.628,1.0582,-2.0748,-1,1.5414,-0.0833,1.4581,HOLDING
2014-09-10,19,TRV,WMT,72.4933,20.5662,1.0582,-1.2921,-1,1.2732,-0.0833,1.1899,HOLDING
2014-09-11,19,TRV,WMT,72.2988,20.456,1.0582,-0.9209,-1,1.1469,-0.0833,1.0636,HOLDING
2014-09-12,19,TRV,WMT,71.9097,20.3673,1.0582,-0.9232,-1,1.1733,-0.0833,1.09,HOLDING
2014-09-15,19,TRV,WMT,72.789,20.378,1.0582,0.3109,-1,0.7117,-0.0833,0.6283,HOLDING
2014-09-16,19,TRV,WMT,72.859,20.5151,1.0582,-0.2749,-1,0.9635,-0.0833,0.8802,HOLDING
2014-09-17,19,TRV,WMT,72.8668,20.4936,1.0582,-0.1152,-1,0.9137,-0.0833,0.8303,HOLDING
2014-09-18,19,TRV,WMT,73.746,20.4882,1.0582,1.1528,-1,0.4179,-0.0833,0.3345,HOLDING
2014-09-19,19,TRV,WMT,73.6137,20.6549,1.0582,0.0845,-1,0.8438,-0.0833,0.7605,HOLDING
2014-09-22,19,TRV,WMT,73.6059,20.5124,1.0582,0.8034,-1,0.5463,-0.0833,0.463,HOLDING
2014-09-23,19,TRV,WMT,72.789,20.3216,1.0582,0.6765,-1,0.5921,-0.0833,0.5087,HOLDING
2014-09-24,19,TRV,WMT,73.7537,20.7194,1.0582,-0.0465,-1,0.9033,-0.0833,0.82,HOLDING
2014-09-25,19,TRV,WMT,72.9056,20.4613,1.0582,0.1917,-1,0.8239,-0.0833,0.7406,HOLDING
2014-09-26,19,TRV,WMT,73.4503,20.5608,1.0582,0.4612,-1,0.7345,-0.0833,0.6512,HOLDING
2014-09-29,19,TRV,WMT,72.9601,20.4506,1.0582,0.4528,-1,0.7711,-0.0833,0.6878,HOLDING
2014-09-30,19,TRV,WMT,73.0924,20.5554,1.0582,0.0813,-1,0.9203,-0.0833,0.837,HOLDING
2014-10-01,19,TRV,WMT,72.4388,20.4613,1.0582,-0.3861,-1,1.0811,-0.0833,0.9978,HOLDING
2014-10-02,19,TRV,WMT,72.4155,20.4909,1.0582,-0.6069,-1,1.1566,-0.0833,1.0733,HOLDING
2014-10-03,19,TRV,WMT,73.497,20.7839,1.0582,-0.7913,-1,1.1815,-0.0833,1.0981,HOLDING
2014-10-06,19,TRV,WMT,73.6837,20.792,1.0582,-0.5244,-1,1.0957,-0.0833,1.0123,HOLDING
2014-10-07,19,TRV,WMT,72.8745,20.7785,1.0582,-2.1025,-1,1.5131,-0.0833,1.4297,HOLDING
2014-10-08,19,TRV,WMT,73.4892,21.0312,1.0582,-2.3463,-1,1.7097,-0.0833,1.6264,HOLDING
2014-10-09,19,TRV,WMT,73.0535,20.9291,1.0582,-2.0809,-1,1.7334,-0.0833,1.65,HOLDING
2014-10-10,19,TRV,WMT,73.1702,21.0446,1.0582,-2.1511,-1,1.9139,-0.0833,1.8306,HOLDING
2014-10-13,19,TRV,WMT,72.7656,20.8484,1.0582,-1.5076,-1,1.7211,-0.0833,1.6378,HOLDING
2014-10-14,19,TRV,WMT,72.8901,20.9613,1.0582,-1.6479,-1,1.8917,-0.0833,1.8084,HOLDING
2014-10-15,19,TRV,WMT,71.5752,20.214,1.0582,0.1576,-1,1.033,-0.0833,0.9497,HOLDING
2014-10-16,19,TRV,WMT,71.4351,19.8431,1.0582,1.6924,-1,0.3243,-0.0833,0.241,HOLDING
2014-10-17,19,TRV,WMT,72.5477,19.9184,1.0582,2.2289,-1,-0.1292,-0.0833,-0.2126,HOLDING
2014-10-20,19,TRV,WMT,72.5166,20.1979,1.0582,1.0731,-1,0.4802,-0.0833,0.3968,HOLDING
2014-10-21,19,TRV,WMT,73.3258,20.4345,1.0582,0.9705,-1,0.5355,-0.0833,0.4521,HOLDING
2014-10-22,19,TRV,WMT,74.3684,20.4371,1.0582,1.7593,-1,-0.0333,-0.0833,-0.1166,HOLDING
2014-10-23,19,TRV,WMT,75.2943,20.4963,1.0582,2.02,-1,-0.4182,-0.0833,-0.5015,HOLDING
2014-10-24,19,TRV,WMT,76.0413,20.5312,1.0582,2.0917,-1,-0.7557,-0.0833,-0.839,HOLDING
2014-10-27,19,TRV,WMT,76.9283,20.5877,1.0582,2.1082,-1,-1.1248,-0.0833,-1.2081,HOLDING
2014-10-28,19,TRV,WMT,77.5975,20.5232,1.0582,2.1644,-1,-1.6302,-0.0833,-1.7135,HOLDING
2014-10-29,19,TRV,WMT,77.3562,20.5339,1.0582,1.7405,-1,-1.4745,-0.0833,-1.5578,HOLDING
2014-10-30,19,TRV,WMT,77.8075,20.55,1.0582,1.6663,-1,-1.689,-0.0833,-1.7723,HOLDING
2014-10-31,19,TRV,WMT,78.43,20.5017,1.0582,1.7373,-1,-2.1344,-0.0833,-2.2178,HOLDING
2014-11-03,19,TRV,WMT,77.7686,20.5043,1.0582,1.3149,-1,-1.7643,-0.0833,-1.8477,HOLDING
2014-11-04,19,TRV,WMT,78.6868,20.7678,1.0582,1.1397,-1,0.0,-1.8828,-1.8828,PERIOD_END_EXIT
2014-05-08,20,PEG,WEC,25.7117,32.1233,1.2008,0.0,0,0.0,0.0,0.0,HOLD_CASH
2014-05-09,20,PEG,WEC,25.1866,31.2859,1.2008,0.0,0,0.0,0.0,0.0,HOLD_CASH
2014-05-12,20,PEG,WEC,24.9831,30.8841,1.2008,0.0,0,0.0,0.0,0.0,HOLD_CASH
2014-05-13,20,PEG,WEC,25.0881,30.7411,1.2008,0.0,0,0.0,0.0,0.0,HOLD_CASH
2014-05-14,20,PEG,WEC,25.1012,31.1838,1.2008,0.0,0,0.0,0.0,0.0,HOLD_CASH
2014-05-15,20,PEG,WEC,24.9306,31.0203,1.2008,0.0,0,0.0,0.0,0.0,HOLD_CASH
2014-05-16,20,PEG,WEC,24.8124,30.8977,1.2008,0.0,0,0.0,0.0,0.0,HOLD_CASH
2014-05-19,20,PEG,WEC,24.3989,30.5028,1.2008,0.0,0,0.0,0.0,0.0,HOLD_CASH
2014-05-20,20,PEG,WEC,24.3989,30.53,1.2008,0.0,0,0.0,0.0,0.0,HOLD_CASH
2014-05-21,20,PEG,WEC,24.458,30.4006,1.2008,0.0,0,0.0,0.0,0.0,HOLD_CASH
2014-05-22,20,PEG,WEC,24.6943,30.7207,1.2008,0.0,0,0.0,0.0,0.0,HOLD_CASH
2014-05-23,20,PEG,WEC,24.5499,30.7343,1.2008,0.0,0,0.0,0.0,0.0,HOLD_CASH
2014-05-27,20,PEG,WEC,24.517,30.7411,1.2008,0.0,0,0.0,0.0,0.0,HOLD_CASH
2014-05-28,20,PEG,WEC,25.0684,30.8637,1.2008,0.0,0,0.0,0.0,0.0,HOLD_CASH
2014-05-29,20,PEG,WEC,25.2719,30.7139,1.2008,0.0,0,0.0,0.0,0.0,HOLD_CASH
2014-05-30,20,PEG,WEC,25.5738,30.9999,1.2008,0.0,0,0.0,0.0,0.0,HOLD_CASH
2014-06-02,20,PEG,WEC,25.6723,30.9522,1.2008,0.0,0,0.0,0.0,0.0,HOLD_CASH
2014-06-03,20,PEG,WEC,25.7117,30.9114,1.2008,0.0,0,0.0,0.0,0.0,HOLD_CASH
2014-06-04,20,PEG,WEC,25.5593,30.9931,1.2008,0.0,0,0.0,0.0,0.0,HOLD_CASH
2014-06-05,20,PEG,WEC,25.8906,31.2383,1.2008,1.3657,0,0.0,0.0,0.0,HOLD_CASH
2014-06-06,20,PEG,WEC,25.6719,31.1633,1.2008,0.8908,0,0.0,0.0,0.0,HOLD_CASH
2014-06-09,20,PEG,WEC,25.3737,31.0067,1.2008,0.4263,0,0.0,0.0,0.0,HOLD_CASH
2014-06-10,20,PEG,WEC,25.2346,30.8569,1.2008,0.4085,0,0.0,0.0,0.0,HOLD_CASH
2014-06-11,20,PEG,WEC,24.9761,30.4142,1.2008,0.8754,0,0.0,0.0,0.0,HOLD_CASH
2014-06-12,20,PEG,WEC,24.9364,30.4959,1.2008,0.4671,0,0.0,0.0,0.0,HOLD_CASH
2014-06-13,20,PEG,WEC,25.0755,30.6934,1.2008,0.2478,0,0.0,0.0,0.0,HOLD_CASH
2014-06-16,20,PEG,WEC,25.1749,30.9658,1.2008,-0.3054,0,0.0,0.0,0.0,HOLD_CASH
2014-06-17,20,PEG,WEC,25.3671,30.8024,1.2008,0.6977,0,0.0,0.0,0.0,HOLD_CASH
2014-06-18,20,PEG,WEC,26.0099,31.5447,1.2008,0.3336,0,0.0,0.0,0.0,HOLD_CASH
2014-06-19,20,PEG,WEC,26.4075,31.9261,1.2008,0.3316,0,0.0,0.0,0.0,HOLD_CASH
2014-06-20,20,PEG,WEC,26.3015,31.9329,1.2008,-0.1349,0,0.0,0.0,0.0,HOLD_CASH
2014-06-23,20,PEG,WEC,25.937,30.8296,1.2008,2.3355,-1,0.0,-0.0833,-0.0833,ENTER_SHORT_A
2014-06-24,20,PEG,WEC,26.1424,31.354,1.2008,1.1972,-1,0.4735,-0.0833,0.3901,HOLDING
2014-06-25,20,PEG,WEC,26.2352,31.4153,1.2008,1.2331,-1,0.4284,-0.0833,0.3451,HOLDING
2014-06-26,20,PEG,WEC,26.4473,31.7694,1.2008,0.5245,-1,0.6411,-0.0833,0.5578,HOLDING
2014-06-27,20,PEG,WEC,26.6858,31.8648,1.2008,1.093,-1,0.4335,-0.0833,0.3502,HOLDING
2014-06-30,20,PEG,WEC,27.0304,31.9533,1.2008,1.9345,-1,0.061,-0.0833,-0.0223,HOLDING
2014-07-01,20,PEG,WEC,26.7057,31.6537,1.2008,1.6859,-1,0.0931,-0.0833,0.0098,HOLDING
2014-07-02,20,PEG,WEC,25.9436,30.8773,1.2008,1.5599,-1,0.0606,-0.0833,-0.0227,HOLDING
2014-07-03,20,PEG,WEC,25.2876,30.5845,1.2008,0.2221,-1,0.5865,-0.0833,0.5032,HOLDING
2014-07-07,20,PEG,WEC,25.5527,30.782,1.2008,0.428,-1,0.4908,-0.0833,0.4075,HOLDING
2014-07-08,20,PEG,WEC,25.6322,30.9182,1.2008,0.1636,-1,0.5756,-0.0833,0.4922,HOLDING
2014-07-09,20,PEG,WEC,25.5858,30.7956,1.2008,0.3833,-1,0.4625,-0.0833,0.3792,HOLDING
2014-07-10,20,PEG,WEC,25.831,31.0612,1.2008,0.2657,-1,0.4963,-0.0833,0.413,HOLDING
2014-07-11,20,PEG,WEC,25.5063,30.7956,1.2008,-0.0244,-1,0.5786,-0.0833,0.4953,HOLDING
2014-07-14,20,PEG,WEC,24.784,30.5096,1.2008,-1.751,-1,1.2113,-0.0833,1.1279,HOLDING
2014-07-15,20,PEG,WEC,24.7309,30.6253,1.2008,-2.2812,-1,1.4594,-0.0833,1.3761,HOLDING
2014-07-16,20,PEG,WEC,24.943,30.7547,1.2008,-1.7299,-1,1.3407,-0.0833,1.2573,HOLDING
2014-07-17,20,PEG,WEC,24.5719,30.5504,1.2008,-2.019,-1,1.5811,-0.0833,1.4978,HOLDING
2014-07-18,20,PEG,WEC,24.6448,30.9046,1.2008,-2.322,-1,1.997,-0.0833,1.9136,HOLDING
2014-07-21,20,PEG,WEC,24.6315,30.8637,1.2008,-1.9501,-1,1.9561,-0.0833,1.8727,HOLDING
2014-07-22,20,PEG,WEC,24.6382,30.8909,1.2008,-1.7451,-1,1.9866,-0.0833,1.9032,HOLDING
2014-07-23,20,PEG,WEC,24.5322,30.9727,1.2008,-1.8448,-1,2.2619,-0.0833,2.1785,HOLDING
2014-07-24,20,PEG,WEC,24.7177,31.0476,1.2008,-1.4255,-1,2.1015,-0.0833,2.0181,HOLDING
2014-07-25,20,PEG,WEC,24.4791,30.7479,1.2008,-1.1966,-1,2.0078,-0.0833,1.9245,HOLDING
2014-07-28,20,PEG,WEC,25.0424,31.3881,1.2008,-1.1622,-1,2.1296,-0.0833,2.0463,HOLDING
2014-07-29,20,PEG,WEC,24.5587,30.8773,1.2008,-1.0519,-1,2.0826,-0.0833,1.9992,HOLDING
2014-07-30,20,PEG,WEC,23.9159,30.2508,1.2008,-1.0476,-1,2.0969,-0.0833,2.0136,HOLDING
2014-07-31,20,PEG,WEC,23.3062,29.6787,1.2008,-1.1063,-1,2.1433,-0.0833,2.0599,HOLDING
2014-08-01,20,PEG,WEC,23.5183,29.9716,1.2008,-1.1347,-1,2.2656,-0.0833,2.1823,HOLDING
2014-08-04,20,PEG,WEC,23.3924,29.6651,1.2008,-0.689,-1,1.9974,-0.0833,1.9141,HOLDING
2014-08-05,20,PEG,WEC,22.9947,29.1952,1.2008,-0.4999,-1,1.8849,-0.0833,1.8015,HOLDING
2014-08-06,20,PEG,WEC,22.6303,28.63,1.2008,0.0694,-1,1.5833,-0.0833,1.5,HOLDING
2014-08-07,20,PEG,WEC,23.0014,29.0454,1.2008,0.1479,-1,1.6542,-0.0833,1.5709,HOLDING
2014-08-08,20,PEG,WEC,23.5514,29.5629,1.2008,0.6682,-1,1.6146,-0.0833,1.5313,HOLDING
2014-08-11,20,PEG,WEC,23.5448,29.4472,1.2008,1.3738,-1,1.4535,-0.0833,1.3702,HOLDING
2014-08-12,20,PEG,WEC,23.5381,29.4541,1.2008,1.3539,-1,1.4733,-0.0833,1.39,HOLDING
2014-08-13,20,PEG,WEC,23.3725,29.6808,1.2008,-0.7678,-1,2.0496,-0.0833,1.9663,HOLDING
2014-08-14,20,PEG,WEC,23.5249,29.8183,1.2008,-0.5472,-1,2.0298,-0.0833,1.9465,HOLDING
2014-08-15,20,PEG,WEC,23.5448,29.8732,1.2008,-0.7198,-1,2.0819,-0.0833,1.9986,HOLDING
2014-08-18,20,PEG,WEC,23.4851,29.7427,1.2008,-0.2556,-1,1.9764,-0.0833,1.8931,HOLDING
2014-08-19,20,PEG,WEC,23.8496,30.3818,1.2008,-1.6455,-1,2.3869,-0.0833,2.3036,HOLDING
2014-08-20,20,PEG,WEC,23.9821,30.3337,1.2008,-0.566,-1,2.1225,-0.0833,2.0392,HOLDING
2014-08-21,20,PEG,WEC,24.1544,30.2787,1.2008,0.7733,-1,1.7898,-0.0833,1.7065,HOLDING
2014-08-22,20,PEG,WEC,24.108,30.2237,1.2008,0.7596,-1,1.7765,-0.0833,1.6932,HOLDING
2014-08-25,20,PEG,WEC,24.3599,30.5673,1.2008,0.2655,-1,1.9156,-0.0833,1.8323,HOLDING
2014-08-26,20,PEG,WEC,24.0749,30.2856,1.2008,0.1473,-1,1.916,-0.0833,1.8327,HOLDING
2014-08-27,20,PEG,WEC,24.4129,30.6567,1.2008,0.0139,-1,1.97,-0.0833,1.8867,HOLDING
2014-08-28,20,PEG,WEC,24.5322,31.0209,1.2008,-1.3244,-1,2.333,-0.0833,2.2497,HOLDING
2014-08-29,20,PEG,WEC,24.7773,31.1515,1.2008,-0.6877,-1,2.1677,-0.0833,2.0843,HOLDING
2014-09-02,20,PEG,WEC,24.2406,30.7185,1.2008,-1.3527,-1,2.3127,-0.0833,2.2294,HOLDING
2014-09-03,20,PEG,WEC,24.4749,30.9728,1.2008,-1.2706,-1,2.3457,-0.0833,2.2624,HOLDING
2014-09-04,20,PEG,WEC,24.5217,30.8697,1.2008,-0.386,-1,2.1252,-0.0833,2.0419,HOLDING
2014-09-05,20,PEG,WEC,24.8966,31.3164,1.2008,-0.6098,-1,2.2367,-0.0833,2.1534,HOLDING
2014-09-08,20,PEG,WEC,24.8029,31.1102,1.2008,0.0608,-1,2.0695,-0.0833,1.9862,HOLDING
2014-09-09,20,PEG,WEC,24.515,30.6842,1.2008,0.9874,-1,1.8613,-0.0833,1.778,HOLDING
2014-09-10,20,PEG,WEC,24.4414,30.7529,1.2008,0.1577,-1,2.0702,-0.0833,1.9869,HOLDING
2014-09-11,20,PEG,WEC,24.9167,31.0484,1.2008,1.5725,-1,1.8122,-0.0833,1.7288,HOLDING
2014-09-12,20,PEG,WEC,24.5753,30.3131,1.2008,3.0136,-1,1.2261,-0.0833,1.1428,HOLDING
2014-09-15,20,PEG,WEC,24.7226,30.5673,1.2008,2.0373,-1,1.3861,-0.0833,1.3028,HOLDING
2014-09-16,20,PEG,WEC,25.4121,30.7116,1.2008,3.0771,-1,0.5923,-0.0833,0.509,HOLDING
2014-09-17,20,PEG,WEC,25.3652,30.7048,1.2008,2.3665,-1,0.6506,-0.0833,0.5672,HOLDING
2014-09-18,20,PEG,WEC,25.2782,30.2443,1.2008,2.5918,-1,0.0986,-0.0833,0.0152,HOLDING
2014-09-19,20,PEG,WEC,25.6397,30.3749,1.2008,2.4271,-1,-0.2366,-0.0833,-0.3199,HOLDING
2014-09-22,20,PEG,WEC,25.4456,30.1275,1.2008,2.0888,-1,-0.318,-0.0833,-0.4014,HOLDING
2014-09-23,20,PEG,WEC,25.238,29.9007,1.2008,1.8156,-1,-0.3495,-0.0833,-0.4329,HOLDING
2014-09-24,20,PEG,WEC,25.2313,29.7702,1.2008,1.7296,-1,-0.5323,-0.0833,-0.6157,HOLDING
2014-09-25,20,PEG,WEC,25.1711,29.4747,1.2008,1.7744,-1,-0.8802,-0.0833,-0.9635,HOLDING
2014-09-26,20,PEG,WEC,25.1644,29.4266,1.2008,1.6086,-1,-0.9414,-0.0833,-1.0247,HOLDING
2014-09-29,20,PEG,WEC,25.2046,29.4609,1.2008,1.4359,-1,-0.9494,-0.0833,-1.0327,HOLDING
2014-09-30,20,PEG,WEC,24.9301,29.5503,1.2008,0.9089,-1,-0.4169,-0.0833,-0.5002,HOLDING
2014-10-01,20,PEG,WEC,24.9636,29.6877,1.2008,0.7014,-1,-0.263,-0.0833,-0.3464,HOLDING
2014-10-02,20,PEG,WEC,24.9435,29.832,1.2008,0.4202,-1,-0.0209,-0.0833,-0.1042,HOLDING
2014-10-03,20,PEG,WEC,24.9435,30.1069,1.2008,-0.0273,-1,0.3845,-0.0833,0.3012,HOLDING
2014-10-06,20,PEG,WEC,25.0439,30.155,1.2008,-0.0394,-1,0.3089,-0.0833,0.2255,HOLDING
2014-10-07,20,PEG,WEC,24.9903,30.4299,1.2008,-0.6426,-1,0.7925,-0.0833,0.7091,HOLDING
2014-10-08,20,PEG,WEC,25.6598,31.1721,1.2008,-0.9119,-1,0.9098,-0.0833,0.8264,HOLDING
2014-10-09,20,PEG,WEC,25.1979,30.8422,1.2008,-1.3115,-1,1.0976,-0.0833,1.0143,HOLDING
2014-10-10,20,PEG,WEC,25.4188,31.3095,1.2008,-1.7313,-1,1.4643,-0.0833,1.381,HOLDING
2014-10-13,20,PEG,WEC,25.4723,31.77,1.2008,-2.2606,-1,2.0652,-0.0833,1.9819,HOLDING
2014-10-14,20,PEG,WEC,25.9008,32.4847,1.2008,-2.2342,-1,2.4938,-0.0833,2.4104,HOLDING
2014-10-15,20,PEG,WEC,25.0506,32.8008,1.2008,-2.8441,-1,4.2012,-0.0833,4.1178,HOLDING
2014-10-16,20,PEG,WEC,24.9167,32.3816,1.2008,-2.0992,-1,3.7784,-0.0833,3.695,HOLDING
2014-10-17,20,PEG,WEC,25.1042,32.4297,1.2008,-1.6922,-1,3.5757,-0.0833,3.4923,HOLDING
2014-10-20,20,PEG,WEC,25.546,32.8695,1.2008,-1.4691,-1,3.5793,-0.0833,3.496,HOLDING
2014-10-21,20,PEG,WEC,25.9476,32.9588,1.2008,-1.0773,-1,3.1247,-0.0833,3.0413,HOLDING
2014-10-22,20,PEG,WEC,26.0146,33.1169,1.2008,-1.0373,-1,3.2601,-0.0833,3.1767,HOLDING
2014-10-23,20,PEG,WEC,26.0213,33.2406,1.2008,-1.0279,-1,3.4327,-0.0833,3.3494,HOLDING
2014-10-24,20,PEG,WEC,26.4899,33.4124,1.2008,-0.6895,-1,3.002,-0.0833,2.9186,HOLDING
2014-10-27,20,PEG,WEC,26.4163,33.4605,1.2008,-0.7217,-1,3.1804,-0.0833,3.0971,HOLDING
2014-10-28,20,PEG,WEC,26.4899,33.4468,1.2008,-0.5634,-1,3.0526,-0.0833,2.9693,HOLDING
2014-10-29,20,PEG,WEC,26.423,33.1856,1.2008,-0.2969,-1,2.7653,-0.0833,2.6819,HOLDING
2014-10-30,20,PEG,WEC,27.2665,34.0653,1.2008,-0.212,-1,2.8312,-0.0833,2.7478,HOLDING
2014-10-31,20,PEG,WEC,27.6547,34.1271,1.2008,0.2771,-1,2.3555,-0.0833,2.2722,HOLDING
2014-11-03,20,PEG,WEC,27.8623,34.3058,1.2008,0.4589,-1,2.316,-0.0833,2.2327,HOLDING
2014-11-04,20,PEG,WEC,27.561,33.9622,1.2008,0.6343,-1,0.0,2.0754,2.0754,PERIOD_END_EXIT
