Date,Pair_Rank,Ticker_A,Ticker_B,Price_A,Price_B,Mean_A,Std_A,Mean_B,Std_B,Hedge_Ratio,ZScore,Position,Unrealized_PnL,Realized_PnL,Cumulative_PnL,Status
2021-07-02,1,FHN,FITB,14.7183,32.3938,11.5426,3.112,24.6865,6.8617,0.9963,0.0,0.0,0.0,0.0,0.0,HOLD_CASH
2021-07-06,1,FHN,FITB,14.2143,31.4499,11.5426,3.112,24.6865,6.8617,0.9963,0.0,0.0,0.0,0.0,0.0,HOLD_CASH
2021-07-07,1,FHN,FITB,14.0862,31.2393,11.5426,3.112,24.6865,6.8617,0.9963,0.0,0.0,0.0,0.0,0.0,HOLD_CASH
2021-07-08,1,FHN,FITB,13.7787,30.8011,11.5426,3.112,24.6865,6.8617,0.9963,0.0,0.0,0.0,0.0,0.0,HOLD_CASH
2021-07-09,1,FHN,FITB,14.3425,32.0904,11.5426,3.112,24.6865,6.8617,0.9963,0.0,0.0,0.0,0.0,0.0,HOLD_CASH
2021-07-12,1,FHN,FITB,14.4535,32.3516,11.5426,3.112,24.6865,6.8617,0.9963,0.0,0.0,0.0,0.0,0.0,HOLD_CASH
2021-07-13,1,FHN,FITB,14.0691,31.6606,11.5426,3.112,24.6865,6.8617,0.9963,0.0,0.0,0.0,0.0,0.0,HOLD_CASH
2021-07-14,1,FHN,FITB,13.9752,31.5005,11.5426,3.112,24.6865,6.8617,0.9963,0.0,0.0,0.0,0.0,0.0,HOLD_CASH
2021-07-15,1,FHN,FITB,14.0691,31.8292,11.5426,3.112,24.6865,6.8617,0.9963,0.0,0.0,0.0,0.0,0.0,HOLD_CASH
2021-07-16,1,FHN,FITB,13.2918,30.6747,11.5426,3.112,24.6865,6.8617,0.9963,0.0,0.0,0.0,0.0,0.0,HOLD_CASH
2021-07-19,1,FHN,FITB,12.8219,29.1831,11.5426,3.112,24.6865,6.8617,0.9963,0.0,0.0,0.0,0.0,0.0,HOLD_CASH
2021-07-20,1,FHN,FITB,13.1978,30.3039,11.5426,3.112,24.6865,6.8617,0.9963,0.0,0.0,0.0,0.0,0.0,HOLD_CASH
2021-07-21,1,FHN,FITB,13.4882,31.0792,11.5426,3.112,24.6865,6.8617,0.9963,0.0,0.0,0.0,0.0,0.0,HOLD_CASH
2021-07-22,1,FHN,FITB,13.1124,30.3544,11.5426,3.112,24.6865,6.8617,0.9963,0.0,0.0,0.0,0.0,0.0,HOLD_CASH
2021-07-23,1,FHN,FITB,13.1807,30.1522,11.5426,3.112,24.6865,6.8617,0.9963,0.0,0.0,0.0,0.0,0.0,HOLD_CASH
2021-07-26,1,FHN,FITB,13.2234,30.6072,11.5426,3.112,24.6865,6.8617,0.9963,0.0,0.0,0.0,0.0,0.0,HOLD_CASH
2021-07-27,1,FHN,FITB,13.1295,30.6578,11.5426,3.112,24.6865,6.8617,0.9963,0.0,0.0,0.0,0.0,0.0,HOLD_CASH
2021-07-28,1,FHN,FITB,13.2747,30.7168,11.5426,3.112,24.6865,6.8617,0.9963,0.0,0.0,0.0,0.0,0.0,HOLD_CASH
2021-07-29,1,FHN,FITB,13.343,30.8769,11.5426,3.112,24.6865,6.8617,0.9963,0.0,0.0,0.0,0.0,0.0,HOLD_CASH
2021-07-30,1,FHN,FITB,13.1978,30.582,11.5426,3.112,24.6865,6.8617,0.9963,-1.0227,0.0,0.0,0.0,0.0,HOLD_CASH
2021-08-02,1,FHN,FITB,13.0782,30.405,11.5426,3.112,24.6865,6.8617,0.9963,-1.1072,0.0,0.0,0.0,0.0,HOLD_CASH
2021-08-03,1,FHN,FITB,13.3687,31.0454,11.5426,3.112,24.6865,6.8617,0.9963,-1.0258,0.0,0.0,0.0,0.0,HOLD_CASH
2021-08-04,1,FHN,FITB,13.2661,30.6494,11.5426,3.112,24.6865,6.8617,0.9963,-0.5971,0.0,0.0,0.0,0.0,HOLD_CASH
2021-08-05,1,FHN,FITB,13.3687,31.1634,11.5426,3.112,24.6865,6.8617,0.9963,-1.1806,0.0,0.0,0.0,0.0,HOLD_CASH
2021-08-06,1,FHN,FITB,13.642,31.7955,11.5426,3.112,24.6865,6.8617,0.9963,-1.1678,0.0,0.0,0.0,0.0,HOLD_CASH
2021-08-09,1,FHN,FITB,13.5395,31.6522,11.5426,3.112,24.6865,6.8617,0.9963,-1.3287,0.0,0.0,0.0,0.0,HOLD_CASH
2021-08-10,1,FHN,FITB,13.7274,32.1578,11.5426,3.112,24.6865,6.8617,0.9963,-1.5007,0.0,0.0,0.0,0.0,HOLD_CASH
2021-08-11,1,FHN,FITB,14.0179,32.6045,11.5426,3.112,24.6865,6.8617,0.9963,-0.8497,0.0,0.0,0.0,0.0,HOLD_CASH
2021-08-12,1,FHN,FITB,13.9922,32.7646,11.5426,3.112,24.6865,6.8617,0.9963,-1.5737,0.0,0.0,0.0,0.0,HOLD_CASH
2021-08-13,1,FHN,FITB,13.8812,32.4275,11.5426,3.112,24.6865,6.8617,0.9963,-1.098,0.0,0.0,0.0,0.0,HOLD_CASH
2021-08-16,1,FHN,FITB,13.8641,32.2,11.5426,3.112,24.6865,6.8617,0.9963,-0.2833,0.0,0.0,0.0,0.0,HOLD_CASH
2021-08-17,1,FHN,FITB,13.6676,31.7702,11.5426,3.112,24.6865,6.8617,0.9963,-0.2261,0.0,0.0,0.0,0.0,HOLD_CASH
2021-08-18,1,FHN,FITB,13.6164,31.6101,11.5426,3.112,24.6865,6.8617,0.9963,0.0693,0.0,0.0,0.0,0.0,HOLD_CASH
2021-08-19,1,FHN,FITB,13.3174,31.4921,11.5426,3.112,24.6865,6.8617,0.9963,-2.2257,1.0,0.0,-0.0833,-0.0833,ENTER_LONG_A
2021-08-20,1,FHN,FITB,13.5224,31.7028,11.5426,3.112,24.6865,6.8617,0.9963,-1.1249,1.0,0.3322,-0.0833,0.2489,HOLDING
2021-08-23,1,FHN,FITB,13.6335,32.0567,11.5426,3.112,24.6865,6.8617,0.9963,-1.5088,1.0,0.1844,-0.0833,0.101,HOLDING
2021-08-24,1,FHN,FITB,13.8726,32.3938,11.5426,3.112,24.6865,6.8617,0.9963,-0.4968,0.0,0.0,0.2776,0.2776,EXIT
2021-08-25,1,FHN,FITB,14.0691,33.1101,11.5426,3.112,24.6865,6.8617,0.9963,-1.7019,0.0,0.0,0.2776,0.2776,HOLD_CASH
2021-08-26,1,FHN,FITB,13.9324,32.6972,11.5426,3.112,24.6865,6.8617,0.9963,-1.058,0.0,0.0,0.2776,0.2776,HOLD_CASH
2021-08-27,1,FHN,FITB,14.257,33.2533,11.5426,3.112,24.6865,6.8617,0.9963,-0.1725,0.0,0.0,0.2776,0.2776,HOLD_CASH
2021-08-30,1,FHN,FITB,13.9239,32.5539,11.5426,3.112,24.6865,6.8617,0.9963,-0.3094,0.0,0.0,0.2776,0.2776,HOLD_CASH
2021-08-31,1,FHN,FITB,14.0008,32.7477,11.5426,3.112,24.6865,6.8617,0.9963,-0.3702,0.0,0.0,0.2776,0.2776,HOLD_CASH
2021-09-01,1,FHN,FITB,13.8299,32.4191,11.5426,3.112,24.6865,6.8617,0.9963,-0.5946,0.0,0.0,0.2776,0.2776,HOLD_CASH
2021-09-02,1,FHN,FITB,13.6249,32.6045,11.5426,3.112,24.6865,6.8617,0.9963,-3.1606,1.0,0.0,0.1942,0.1942,ENTER_LONG_A
2021-09-03,1,FHN,FITB,13.5651,32.4528,11.5426,3.112,24.6865,6.8617,0.9963,-2.41,1.0,0.0257,0.1942,0.2199,HOLDING
2021-09-07,1,FHN,FITB,13.4541,32.4949,11.5426,3.112,24.6865,6.8617,0.9963,-2.6278,1.0,-0.3566,0.1942,-0.1624,HOLDING
2021-09-08,1,FHN,FITB,13.0953,32.3769,11.5426,3.112,24.6865,6.8617,0.9963,-3.0747,1.0,-1.2543,0.1942,-1.06,HOLDING
2021-09-09,1,FHN,FITB,13.311,32.6972,11.5426,3.112,24.6865,6.8617,0.9963,-2.2237,1.0,-1.0457,0.1942,-0.8515,HOLDING
2021-09-10,1,FHN,FITB,13.1471,32.5792,11.5426,3.112,24.6865,6.8617,0.9963,-2.1735,1.0,-1.3707,0.1942,-1.1765,HOLDING
2021-09-13,1,FHN,FITB,13.4576,33.3545,11.5426,3.112,24.6865,6.8617,0.9963,-1.9464,1.0,-1.4876,0.1942,-1.2933,HOLDING
2021-09-14,1,FHN,FITB,13.0867,32.8488,11.5426,3.112,24.6865,6.8617,0.9963,-2.0136,1.0,-1.9062,0.1942,-1.712,HOLDING
2021-09-15,1,FHN,FITB,13.3627,33.9359,11.5426,3.112,24.6865,6.8617,0.9963,-2.1658,1.0,-2.5385,0.1942,-2.3443,HOLDING
2021-09-16,1,FHN,FITB,13.2333,34.0455,11.5426,3.112,24.6865,6.8617,0.9963,-2.1672,1.0,-3.0643,0.1942,-2.87,HOLDING
2021-09-17,1,FHN,FITB,13.1298,33.8095,11.5426,3.112,24.6865,6.8617,0.9963,-1.8412,1.0,-3.0552,0.1942,-2.8609,HOLDING
2021-09-20,1,FHN,FITB,12.94,32.4781,11.5426,3.112,24.6865,6.8617,0.9963,-0.9025,1.0,-1.8449,0.1942,-1.6506,HOLDING
2021-09-21,1,FHN,FITB,12.7934,32.2168,11.5426,3.112,24.6865,6.8617,0.9963,-0.8694,1.0,-1.9289,0.1942,-1.7347,HOLDING
2021-09-22,1,FHN,FITB,13.1643,32.9078,11.5426,3.112,24.6865,6.8617,0.9963,-0.6706,1.0,-1.7564,0.1942,-1.5622,HOLDING
2021-09-23,1,FHN,FITB,13.6905,34.3489,11.5426,3.112,24.6865,6.8617,0.9963,-0.8447,1.0,-2.1235,0.1942,-1.9293,HOLDING
2021-09-24,1,FHN,FITB,13.8717,34.9809,11.5426,3.112,24.6865,6.8617,0.9963,-0.9699,1.0,-2.4304,0.1942,-2.2362,HOLDING
2021-09-27,1,FHN,FITB,14.3893,36.7422,11.5426,3.112,24.6865,6.8617,0.9963,-1.4366,1.0,-3.248,0.1942,-3.0538,HOLDING
2021-09-28,1,FHN,FITB,14.2081,36.7169,11.5426,3.112,24.6865,6.8617,0.9963,-1.6465,1.0,-3.7468,0.1942,-3.5526,HOLDING
2021-09-29,1,FHN,FITB,14.3203,36.7763,11.5426,3.112,24.6865,6.8617,0.9963,-1.3623,1.0,-3.4961,0.1942,-3.3019,HOLDING
2021-09-30,1,FHN,FITB,14.0529,36.0126,11.5426,3.112,24.6865,6.8617,0.9963,-1.1277,1.0,-3.2679,0.1942,-3.0737,HOLDING
2021-10-01,1,FHN,FITB,14.3807,37.0478,11.5426,3.112,24.6865,6.8617,0.9963,-1.3819,1.0,-3.6792,0.1942,-3.485,HOLDING
2021-10-04,1,FHN,FITB,14.3462,36.9205,11.5426,3.112,24.6865,6.8617,0.9963,-1.2533,1.0,-3.6116,0.1942,-3.4174,HOLDING
2021-10-05,1,FHN,FITB,14.2772,37.3109,11.5426,3.112,24.6865,6.8617,0.9963,-1.8212,1.0,-4.3327,0.1942,-4.1385,HOLDING
2021-10-06,1,FHN,FITB,14.0097,37.1157,11.5426,3.112,24.6865,6.8617,0.9963,-2.0187,1.0,-4.8595,0.1942,-4.6652,HOLDING
2021-10-07,1,FHN,FITB,14.2513,37.209,11.5426,3.112,24.6865,6.8617,0.9963,-1.3407,1.0,-4.2736,0.1942,-4.0794,HOLDING
2021-10-08,1,FHN,FITB,14.3893,37.2939,11.5426,3.112,24.6865,6.8617,0.9963,-0.9645,1.0,-3.9806,0.1942,-3.7864,HOLDING
2021-10-11,1,FHN,FITB,14.303,36.9036,11.5426,3.112,24.6865,6.8617,0.9963,-0.6198,1.0,-3.7159,0.1942,-3.5216,HOLDING
2021-10-12,1,FHN,FITB,14.3203,36.7339,11.5426,3.112,24.6865,6.8617,0.9963,-0.2505,0.0,0.0,-3.3364,-3.3364,EXIT
2021-10-13,1,FHN,FITB,14.2513,36.2417,11.5426,3.112,24.6865,6.8617,0.9963,0.2923,0.0,0.0,-3.3364,-3.3364,HOLD_CASH
2021-10-14,1,FHN,FITB,14.5101,36.8187,11.5426,3.112,24.6865,6.8617,0.9963,0.2814,0.0,0.0,-3.3364,-3.3364,HOLD_CASH
2021-10-15,1,FHN,FITB,14.4928,36.9969,11.5426,3.112,24.6865,6.8617,0.9963,-0.0369,0.0,0.0,-3.3364,-3.3364,HOLD_CASH
2021-10-18,1,FHN,FITB,14.4324,37.3788,11.5426,3.112,24.6865,6.8617,0.9963,-0.7508,0.0,0.0,-3.3364,-3.3364,HOLD_CASH
2021-10-19,1,FHN,FITB,14.6826,37.2769,11.5426,3.112,24.6865,6.8617,0.9963,0.4278,0.0,0.0,-3.3364,-3.3364,HOLD_CASH
2021-10-20,1,FHN,FITB,14.8983,38.6855,11.5426,3.112,24.6865,6.8617,0.9963,-1.1956,0.0,0.0,-3.3364,-3.3364,HOLD_CASH
2021-10-21,1,FHN,FITB,14.5963,38.2528,11.5426,3.112,24.6865,6.8617,0.9963,-1.5894,0.0,0.0,-3.3364,-3.3364,HOLD_CASH
2021-10-22,1,FHN,FITB,14.7171,38.6007,11.5426,3.112,24.6865,6.8617,0.9963,-1.6491,0.0,0.0,-3.3364,-3.3364,HOLD_CASH
2021-10-25,1,FHN,FITB,14.6395,38.677,11.5426,3.112,24.6865,6.8617,0.9963,-1.8857,0.0,0.0,-3.3364,-3.3364,HOLD_CASH
2021-10-26,1,FHN,FITB,14.4756,38.0067,11.5426,3.112,24.6865,6.8617,0.9963,-1.1327,0.0,0.0,-3.3364,-3.3364,HOLD_CASH
2021-10-27,1,FHN,FITB,14.3893,36.6914,11.5426,3.112,24.6865,6.8617,0.9963,1.075,0.0,0.0,-3.3364,-3.3364,HOLD_CASH
2021-10-28,1,FHN,FITB,14.8293,37.3279,11.5426,3.112,24.6865,6.8617,0.9963,1.6111,0.0,0.0,-3.3364,-3.3364,HOLD_CASH
2021-10-29,1,FHN,FITB,14.6395,36.9375,11.5426,3.112,24.6865,6.8617,0.9963,1.4107,0.0,0.0,-3.3364,-3.3364,HOLD_CASH
2021-11-01,1,FHN,FITB,14.95,37.7351,11.5426,3.112,24.6865,6.8617,0.9963,1.1309,0.0,0.0,-3.3364,-3.3364,HOLD_CASH
2021-11-02,1,FHN,FITB,14.6999,37.3363,11.5426,3.112,24.6865,6.8617,0.9963,0.7865,0.0,0.0,-3.3364,-3.3364,HOLD_CASH
2021-11-03,1,FHN,FITB,15.0708,37.9303,11.5426,3.112,24.6865,6.8617,0.9963,1.0698,0.0,0.0,-3.3364,-3.3364,HOLD_CASH
2021-11-04,1,FHN,FITB,14.7861,37.3194,11.5426,3.112,24.6865,6.8617,0.9963,0.938,0.0,0.0,-3.3364,-3.3364,HOLD_CASH
2021-11-05,1,FHN,FITB,14.9414,37.4042,11.5426,3.112,24.6865,6.8617,0.9963,1.2435,0.0,0.0,-3.3364,-3.3364,HOLD_CASH
2021-11-08,1,FHN,FITB,14.9069,37.5569,11.5426,3.112,24.6865,6.8617,0.9963,0.7917,0.0,0.0,-3.3364,-3.3364,HOLD_CASH
2021-11-09,1,FHN,FITB,14.8983,37.4127,11.5426,3.112,24.6865,6.8617,0.9963,0.9253,0.0,0.0,-3.3364,-3.3364,HOLD_CASH
2021-11-10,1,FHN,FITB,14.9242,37.3618,11.5426,3.112,24.6865,6.8617,0.9963,1.0439,0.0,0.0,-3.3364,-3.3364,HOLD_CASH
2021-11-11,1,FHN,FITB,14.95,37.5909,11.5426,3.112,24.6865,6.8617,0.9963,0.7514,0.0,0.0,-3.3364,-3.3364,HOLD_CASH
2021-11-12,1,FHN,FITB,14.812,37.5145,11.5426,3.112,24.6865,6.8617,0.9963,0.3802,0.0,0.0,-3.3364,-3.3364,HOLD_CASH
2021-11-15,1,FHN,FITB,14.8638,37.8624,11.5426,3.112,24.6865,6.8617,0.9963,-0.017,0.0,0.0,-3.3364,-3.3364,HOLD_CASH
2021-11-16,1,FHN,FITB,14.9155,38.0406,11.5426,3.112,24.6865,6.8617,0.9963,-0.0974,0.0,0.0,-3.3364,-3.3364,HOLD_CASH
2021-11-17,1,FHN,FITB,14.8034,37.506,11.5426,3.112,24.6865,6.8617,0.9963,0.2865,0.0,0.0,-3.3364,-3.3364,HOLD_CASH
2021-11-18,1,FHN,FITB,14.6912,37.4551,11.5426,3.112,24.6865,6.8617,0.9963,-0.1272,0.0,0.0,-3.3364,-3.3364,HOLD_CASH
2021-11-19,1,FHN,FITB,14.4756,36.9545,11.5426,3.112,24.6865,6.8617,0.9963,-0.2103,0.0,0.0,-3.3364,-3.3364,HOLD_CASH
2021-11-22,1,FHN,FITB,14.6999,37.4721,11.5426,3.112,24.6865,6.8617,0.9963,-0.5374,0.0,0.0,-3.3364,-3.3364,HOLD_CASH
2021-11-23,1,FHN,FITB,14.9932,38.0491,11.5426,3.112,24.6865,6.8617,0.9963,-0.811,0.0,0.0,-3.3364,-3.3364,HOLD_CASH
2021-11-24,1,FHN,FITB,14.9414,37.8455,11.5426,3.112,24.6865,6.8617,0.9963,-0.4183,0.0,0.0,-3.3364,-3.3364,HOLD_CASH
2021-11-26,1,FHN,FITB,14.2513,36.0465,11.5426,3.112,24.6865,6.8617,0.9963,0.8497,0.0,0.0,-3.3364,-3.3364,HOLD_CASH
2021-11-29,1,FHN,FITB,14.3375,36.4793,11.5426,3.112,24.6865,6.8617,0.9963,-0.2334,0.0,0.0,-3.3364,-3.3364,HOLD_CASH
2021-11-30,1,FHN,FITB,13.9148,35.7665,11.5426,3.112,24.6865,6.8617,0.9963,-1.1655,0.0,0.0,-3.3364,-3.3364,HOLD_CASH
2021-12-01,1,FHN,FITB,13.587,35.4186,11.5426,3.112,24.6865,6.8617,0.9963,-2.3222,1.0,0.0,-3.4198,-3.4198,ENTER_LONG_A
2021-12-02,1,FHN,FITB,14.1219,37.2854,11.5426,3.112,24.6865,6.8617,0.9963,-3.1556,1.0,-0.8693,-3.4198,-4.289,HOLDING
2021-12-03,1,FHN,FITB,13.8113,36.5302,11.5426,3.112,24.6865,6.8617,0.9963,-2.3539,1.0,-0.7829,-3.4198,-4.2026,HOLDING
2021-12-06,1,FHN,FITB,14.3203,36.9799,11.5426,3.112,24.6865,6.8617,0.9963,-0.7942,1.0,0.0782,-3.4198,-3.3416,HOLDING
2021-12-07,1,FHN,FITB,14.3807,37.4042,11.5426,3.112,24.6865,6.8617,0.9963,-1.2905,1.0,-0.2916,-3.4198,-3.7114,HOLDING
2021-12-08,1,FHN,FITB,14.4497,37.3024,11.5426,3.112,24.6865,6.8617,0.9963,-0.6618,1.0,0.0323,-3.4198,-3.3875,HOLDING
2021-12-09,1,FHN,FITB,14.2669,37.1242,11.5426,3.112,24.6865,6.8617,0.9963,-1.0696,1.0,-0.2557,-3.4198,-3.6755,HOLDING
2021-12-10,1,FHN,FITB,14.2147,37.1327,11.5426,3.112,24.6865,6.8617,0.9963,-1.232,1.0,-0.4136,-3.4198,-3.8334,HOLDING
2021-12-13,1,FHN,FITB,13.8752,35.9786,11.5426,3.112,24.6865,6.8617,0.9963,-0.2365,0.0,0.0,-3.4058,-3.4058,EXIT
2021-12-14,1,FHN,FITB,14.058,36.5896,11.5426,3.112,24.6865,6.8617,0.9963,-0.6648,0.0,0.0,-3.4058,-3.4058,HOLD_CASH
2021-12-15,1,FHN,FITB,14.0754,36.8442,11.5426,3.112,24.6865,6.8617,0.9963,-1.0685,0.0,0.0,-3.4058,-3.4058,HOLD_CASH
2021-12-16,1,FHN,FITB,14.1973,36.9375,11.5426,3.112,24.6865,6.8617,0.9963,-0.5875,0.0,0.0,-3.4058,-3.4058,HOLD_CASH
2021-12-17,1,FHN,FITB,13.7359,35.8599,11.5426,3.112,24.6865,6.8617,0.9963,-0.3967,0.0,0.0,-3.4058,-3.4058,HOLD_CASH
2021-12-20,1,FHN,FITB,13.2659,34.9434,11.5426,3.112,24.6865,6.8617,0.9963,-0.6217,0.0,0.0,-3.4058,-3.4058,HOLD_CASH
2021-12-21,1,FHN,FITB,13.6663,36.072,11.5426,3.112,24.6865,6.8617,0.9963,-1.0935,0.0,0.0,-3.4058,-3.4058,HOLD_CASH
2021-12-22,1,FHN,FITB,13.7707,36.2332,11.5426,3.112,24.6865,6.8617,0.9963,-0.8369,0.0,0.0,-3.4058,-3.4058,HOLD_CASH
2021-12-23,1,FHN,FITB,13.9013,36.5472,11.5426,3.112,24.6865,6.8617,0.9963,-0.8187,0.0,0.0,-3.4058,-3.4058,HOLD_CASH
2021-12-27,1,FHN,FITB,14.1102,37.0818,11.5426,3.112,24.6865,6.8617,0.9963,-1.0003,0.0,0.0,-3.4058,-3.4058,HOLD_CASH
2021-12-28,1,FHN,FITB,14.2495,37.1496,11.5426,3.112,24.6865,6.8617,0.9963,-0.1364,0.0,0.0,-3.4058,-3.4058,HOLD_CASH
2021-12-29,1,FHN,FITB,14.3191,37.2515,11.5426,3.112,24.6865,6.8617,0.9963,0.2132,0.0,0.0,-3.4058,-3.4058,HOLD_CASH
2021-12-30,1,FHN,FITB,14.2495,37.2515,11.5426,3.112,24.6865,6.8617,0.9963,-0.4266,0.0,0.0,-3.4058,-3.4058,HOLD_CASH
2021-07-02,2,FHN,KEY,14.7183,16.4128,11.5426,3.112,13.1788,3.2223,0.9957,0.0,0.0,0.0,0.0,0.0,HOLD_CASH
2021-07-06,2,FHN,KEY,14.2143,15.89,11.5426,3.112,13.1788,3.2223,0.9957,0.0,0.0,0.0,0.0,0.0,HOLD_CASH
2021-07-07,2,FHN,KEY,14.0862,15.7712,11.5426,3.112,13.1788,3.2223,0.9957,0.0,0.0,0.0,0.0,0.0,HOLD_CASH
2021-07-08,2,FHN,KEY,13.7787,15.3672,11.5426,3.112,13.1788,3.2223,0.9957,0.0,0.0,0.0,0.0,0.0,HOLD_CASH
2021-07-09,2,FHN,KEY,14.3425,15.9772,11.5426,3.112,13.1788,3.2223,0.9957,0.0,0.0,0.0,0.0,0.0,HOLD_CASH
2021-07-12,2,FHN,KEY,14.4535,16.1752,11.5426,3.112,13.1788,3.2223,0.9957,0.0,0.0,0.0,0.0,0.0,HOLD_CASH
2021-07-13,2,FHN,KEY,14.0691,15.898,11.5426,3.112,13.1788,3.2223,0.9957,0.0,0.0,0.0,0.0,0.0,HOLD_CASH
2021-07-14,2,FHN,KEY,13.9752,15.8346,11.5426,3.112,13.1788,3.2223,0.9957,0.0,0.0,0.0,0.0,0.0,HOLD_CASH
2021-07-15,2,FHN,KEY,14.0691,15.9692,11.5426,3.112,13.1788,3.2223,0.9957,0.0,0.0,0.0,0.0,0.0,HOLD_CASH
2021-07-16,2,FHN,KEY,13.2918,15.3276,11.5426,3.112,13.1788,3.2223,0.9957,0.0,0.0,0.0,0.0,0.0,HOLD_CASH
2021-07-19,2,FHN,KEY,12.8219,14.6464,11.5426,3.112,13.1788,3.2223,0.9957,0.0,0.0,0.0,0.0,0.0,HOLD_CASH
2021-07-20,2,FHN,KEY,13.1978,15.1296,11.5426,3.112,13.1788,3.2223,0.9957,0.0,0.0,0.0,0.0,0.0,HOLD_CASH
2021-07-21,2,FHN,KEY,13.4882,15.3752,11.5426,3.112,13.1788,3.2223,0.9957,0.0,0.0,0.0,0.0,0.0,HOLD_CASH
2021-07-22,2,FHN,KEY,13.1124,15.0504,11.5426,3.112,13.1788,3.2223,0.9957,0.0,0.0,0.0,0.0,0.0,HOLD_CASH
2021-07-23,2,FHN,KEY,13.1807,15.1296,11.5426,3.112,13.1788,3.2223,0.9957,0.0,0.0,0.0,0.0,0.0,HOLD_CASH
2021-07-26,2,FHN,KEY,13.2234,15.3276,11.5426,3.112,13.1788,3.2223,0.9957,0.0,0.0,0.0,0.0,0.0,HOLD_CASH
2021-07-27,2,FHN,KEY,13.1295,15.3355,11.5426,3.112,13.1788,3.2223,0.9957,0.0,0.0,0.0,0.0,0.0,HOLD_CASH
2021-07-28,2,FHN,KEY,13.2747,15.5177,11.5426,3.112,13.1788,3.2223,0.9957,0.0,0.0,0.0,0.0,0.0,HOLD_CASH
2021-07-29,2,FHN,KEY,13.343,15.7395,11.5426,3.112,13.1788,3.2223,0.9957,0.0,0.0,0.0,0.0,0.0,HOLD_CASH
2021-07-30,2,FHN,KEY,13.1978,15.5732,11.5426,3.112,13.1788,3.2223,0.9957,-1.8468,0.0,0.0,0.0,0.0,HOLD_CASH
2021-08-02,2,FHN,KEY,13.0782,15.4781,11.5426,3.112,13.1788,3.2223,0.9957,-1.7122,0.0,0.0,0.0,0.0,HOLD_CASH
2021-08-03,2,FHN,KEY,13.3687,15.8504,11.5426,3.112,13.1788,3.2223,0.9957,-1.7254,0.0,0.0,0.0,0.0,HOLD_CASH
2021-08-04,2,FHN,KEY,13.2661,15.5494,11.5426,3.112,13.1788,3.2223,0.9957,-0.9418,0.0,0.0,0.0,0.0,HOLD_CASH
2021-08-05,2,FHN,KEY,13.3687,15.7633,11.5426,3.112,13.1788,3.2223,0.9957,-1.2222,0.0,0.0,0.0,0.0,HOLD_CASH
2021-08-06,2,FHN,KEY,13.642,16.1039,11.5426,3.112,13.1788,3.2223,0.9957,-1.3267,0.0,0.0,0.0,0.0,HOLD_CASH
2021-08-09,2,FHN,KEY,13.5395,16.0009,11.5426,3.112,13.1788,3.2223,0.9957,-1.2381,0.0,0.0,0.0,0.0,HOLD_CASH
2021-08-10,2,FHN,KEY,13.7274,16.3019,11.5426,3.112,13.1788,3.2223,0.9957,-1.4973,0.0,0.0,0.0,0.0,HOLD_CASH
2021-08-11,2,FHN,KEY,14.0179,16.5396,11.5426,3.112,13.1788,3.2223,0.9957,-1.1311,0.0,0.0,0.0,0.0,HOLD_CASH
2021-08-12,2,FHN,KEY,13.9922,16.5,11.5426,3.112,13.1788,3.2223,0.9957,-0.9838,0.0,0.0,0.0,0.0,HOLD_CASH
2021-08-13,2,FHN,KEY,13.8812,16.3812,11.5426,3.112,13.1788,3.2223,0.9957,-0.8773,0.0,0.0,0.0,0.0,HOLD_CASH
2021-08-16,2,FHN,KEY,13.8641,16.2544,11.5426,3.112,13.1788,3.2223,0.9957,-0.3386,0.0,0.0,0.0,0.0,HOLD_CASH
2021-08-17,2,FHN,KEY,13.6676,16.0089,11.5426,3.112,13.1788,3.2223,0.9957,-0.0623,0.0,0.0,0.0,0.0,HOLD_CASH
2021-08-18,2,FHN,KEY,13.6164,15.8583,11.5426,3.112,13.1788,3.2223,0.9957,0.5939,0.0,0.0,0.0,0.0,HOLD_CASH
2021-08-19,2,FHN,KEY,13.3174,15.6366,11.5426,3.112,13.1788,3.2223,0.9957,0.2173,0.0,0.0,0.0,0.0,HOLD_CASH
2021-08-20,2,FHN,KEY,13.5224,15.7712,11.5426,3.112,13.1788,3.2223,0.9957,1.0685,0.0,0.0,0.0,0.0,HOLD_CASH
2021-08-23,2,FHN,KEY,13.6335,15.9692,11.5426,3.112,13.1788,3.2223,0.9957,0.5263,0.0,0.0,0.0,0.0,HOLD_CASH
2021-08-24,2,FHN,KEY,13.8726,16.1673,11.5426,3.112,13.1788,3.2223,0.9957,1.1066,0.0,0.0,0.0,0.0,HOLD_CASH
2021-08-25,2,FHN,KEY,14.0691,16.5158,11.5426,3.112,13.1788,3.2223,0.9957,-0.3188,0.0,0.0,0.0,0.0,HOLD_CASH
2021-08-26,2,FHN,KEY,13.9324,16.2465,11.5426,3.112,13.1788,3.2223,0.9957,0.9898,0.0,0.0,0.0,0.0,HOLD_CASH
2021-08-27,2,FHN,KEY,14.257,16.5475,11.5426,3.112,13.1788,3.2223,0.9957,1.2535,0.0,0.0,0.0,0.0,HOLD_CASH
2021-08-30,2,FHN,KEY,13.9239,16.1199,11.5426,3.112,13.1788,3.2223,0.9957,1.7839,0.0,0.0,0.0,0.0,HOLD_CASH
2021-08-31,2,FHN,KEY,14.0008,16.2398,11.5426,3.112,13.1788,3.2223,0.9957,1.2712,0.0,0.0,0.0,0.0,HOLD_CASH
2021-09-01,2,FHN,KEY,13.8299,15.9921,11.5426,3.112,13.1788,3.2223,0.9957,1.708,0.0,0.0,0.0,0.0,HOLD_CASH
2021-09-02,2,FHN,KEY,13.6249,16.08,11.5426,3.112,13.1788,3.2223,0.9957,-0.8079,0.0,0.0,0.0,0.0,HOLD_CASH
2021-09-03,2,FHN,KEY,13.5651,16.024,11.5426,3.112,13.1788,3.2223,0.9957,-0.8599,0.0,0.0,0.0,0.0,HOLD_CASH
2021-09-07,2,FHN,KEY,13.4541,16.016,11.5426,3.112,13.1788,3.2223,0.9957,-1.6202,0.0,0.0,0.0,0.0,HOLD_CASH
2021-09-08,2,FHN,KEY,13.0953,15.7763,11.5426,3.112,13.1788,3.2223,0.9957,-2.3603,1.0,0.0,-0.0833,-0.0833,ENTER_LONG_A
2021-09-09,2,FHN,KEY,13.311,15.9601,11.5426,3.112,13.1788,3.2223,0.9957,-1.8621,1.0,0.1147,-0.0833,0.0314,HOLDING
2021-09-10,2,FHN,KEY,13.1471,15.8802,11.5426,3.112,13.1788,3.2223,0.9957,-2.0959,1.0,-0.1419,-0.0833,-0.2253,HOLDING
2021-09-13,2,FHN,KEY,13.4576,16.5595,11.5426,3.112,13.1788,3.2223,0.9957,-2.9201,1.0,-1.1522,-0.0833,-1.2356,HOLDING
2021-09-14,2,FHN,KEY,13.0867,16.4636,11.5426,3.112,13.1788,3.2223,0.9957,-2.8887,1.0,-1.974,-0.0833,-2.0573,HOLDING
2021-09-15,2,FHN,KEY,13.3627,16.7833,11.5426,3.112,13.1788,3.2223,0.9957,-2.3574,1.0,-2.0664,-0.0833,-2.1498,HOLDING
2021-09-16,2,FHN,KEY,13.2333,16.6954,11.5426,3.112,13.1788,3.2223,0.9957,-2.0593,1.0,-2.1987,-0.0833,-2.282,HOLDING
2021-09-17,2,FHN,KEY,13.1298,16.5915,11.5426,3.112,13.1788,3.2223,0.9957,-1.7753,1.0,-2.2093,-0.0833,-2.2927,HOLDING
2021-09-20,2,FHN,KEY,12.94,16.032,11.5426,3.112,13.1788,3.2223,0.9957,-0.91,1.0,-1.1828,-0.0833,-1.2662,HOLDING
2021-09-21,2,FHN,KEY,12.7934,15.9281,11.5426,3.112,13.1788,3.2223,0.9957,-0.9174,1.0,-1.3206,-0.0833,-1.404,HOLDING
2021-09-22,2,FHN,KEY,13.1643,16.2318,11.5426,3.112,13.1788,3.2223,0.9957,-0.669,1.0,-1.088,-0.0833,-1.1713,HOLDING
2021-09-23,2,FHN,KEY,13.6905,16.7593,11.5426,3.112,13.1788,3.2223,0.9957,-0.5626,1.0,-1.032,-0.0833,-1.1153,HOLDING
2021-09-24,2,FHN,KEY,13.8717,16.8951,11.5426,3.112,13.1788,3.2223,0.9957,-0.3849,0.0,0.0,-1.0552,-1.0552,EXIT
2021-09-27,2,FHN,KEY,14.3893,17.4386,11.5426,3.112,13.1788,3.2223,0.9957,-0.3273,0.0,0.0,-1.0552,-1.0552,HOLD_CASH
2021-09-28,2,FHN,KEY,14.2081,17.3827,11.5426,3.112,13.1788,3.2223,0.9957,-0.557,0.0,0.0,-1.0552,-1.0552,HOLD_CASH
2021-09-29,2,FHN,KEY,14.3203,17.5745,11.5426,3.112,13.1788,3.2223,0.9957,-0.6685,0.0,0.0,-1.0552,-1.0552,HOLD_CASH
2021-09-30,2,FHN,KEY,14.0529,17.2788,11.5426,3.112,13.1788,3.2223,0.9957,-0.5564,0.0,0.0,-1.0552,-1.0552,HOLD_CASH
2021-10-01,2,FHN,KEY,14.3807,17.8542,11.5426,3.112,13.1788,3.2223,0.9957,-1.1873,0.0,0.0,-1.0552,-1.0552,HOLD_CASH
2021-10-04,2,FHN,KEY,14.3462,17.9101,11.5426,3.112,13.1788,3.2223,0.9957,-1.4021,0.0,0.0,-1.0552,-1.0552,HOLD_CASH
2021-10-05,2,FHN,KEY,14.2772,18.1419,11.5426,3.112,13.1788,3.2223,0.9957,-2.1643,1.0,0.0,-1.1385,-1.1385,ENTER_LONG_A
2021-10-06,2,FHN,KEY,14.0097,18.086,11.5426,3.112,13.1788,3.2223,0.9957,-2.402,1.0,-0.5612,-1.1385,-1.6997,HOLDING
2021-10-07,2,FHN,KEY,14.2513,18.1419,11.5426,3.112,13.1788,3.2223,0.9957,-1.6613,1.0,-0.068,-1.1385,-1.2065,HOLDING
2021-10-08,2,FHN,KEY,14.3893,18.3577,11.5426,3.112,13.1788,3.2223,0.9957,-1.7081,1.0,-0.2505,-1.1385,-1.389,HOLDING
2021-10-11,2,FHN,KEY,14.303,18.2618,11.5426,3.112,13.1788,3.2223,0.9957,-1.4925,1.0,-0.2348,-1.1385,-1.3734,HOLDING
2021-10-12,2,FHN,KEY,14.3203,18.2618,11.5426,3.112,13.1788,3.2223,0.9957,-1.2991,1.0,-0.1895,-1.1385,-1.3281,HOLDING
2021-10-13,2,FHN,KEY,14.2513,18.1259,11.5426,3.112,13.1788,3.2223,0.9957,-1.0299,1.0,-0.0276,-1.1385,-1.1661,HOLDING
2021-10-14,2,FHN,KEY,14.5101,18.5495,11.5426,3.112,13.1788,3.2223,0.9957,-1.3101,1.0,-0.4178,-1.1385,-1.5563,HOLDING
2021-10-15,2,FHN,KEY,14.4928,18.3977,11.5426,3.112,13.1788,3.2223,0.9957,-0.8943,1.0,-0.0795,-1.1385,-1.218,HOLDING
2021-10-18,2,FHN,KEY,14.4324,18.4136,11.5426,3.112,13.1788,3.2223,0.9957,-0.9889,1.0,-0.2785,-1.1385,-1.417,HOLDING
2021-10-19,2,FHN,KEY,14.6826,18.5415,11.5426,3.112,13.1788,3.2223,0.9957,-0.5837,1.0,0.0557,-1.1385,-1.0829,HOLDING
2021-10-20,2,FHN,KEY,14.8983,18.9571,11.5426,3.112,13.1788,3.2223,0.9957,-0.9773,1.0,-0.4276,-1.1385,-1.5661,HOLDING
2021-10-21,2,FHN,KEY,14.5963,19.0051,11.5426,3.112,13.1788,3.2223,0.9957,-1.7158,1.0,-1.3419,-1.1385,-2.4804,HOLDING
2021-10-22,2,FHN,KEY,14.7171,19.2128,11.5426,3.112,13.1788,3.2223,0.9957,-1.7454,1.0,-1.5495,-1.1385,-2.6881,HOLDING
2021-10-25,2,FHN,KEY,14.6395,19.2368,11.5426,3.112,13.1788,3.2223,0.9957,-1.8398,1.0,-1.8141,-1.1385,-2.9526,HOLDING
2021-10-26,2,FHN,KEY,14.4756,19.093,11.5426,3.112,13.1788,3.2223,0.9957,-1.7387,1.0,-1.8812,-1.1385,-3.0198,HOLDING
2021-10-27,2,FHN,KEY,14.3893,18.6134,11.5426,3.112,13.1788,3.2223,0.9957,-0.644,1.0,-0.8965,-1.1385,-2.0351,HOLDING
2021-10-28,2,FHN,KEY,14.8293,18.7813,11.5426,3.112,13.1788,3.2223,0.9957,0.3349,0.0,0.0,-1.3897,-1.3897,EXIT
2021-10-29,2,FHN,KEY,14.6395,18.5975,11.5426,3.112,13.1788,3.2223,0.9957,0.4091,0.0,0.0,-1.3897,-1.3897,HOLD_CASH
2021-11-01,2,FHN,KEY,14.95,18.8692,11.5426,3.112,13.1788,3.2223,0.9957,0.7204,0.0,0.0,-1.3897,-1.3897,HOLD_CASH
2021-11-02,2,FHN,KEY,14.6999,18.8052,11.5426,3.112,13.1788,3.2223,0.9957,-0.028,0.0,0.0,-1.3897,-1.3897,HOLD_CASH
2021-11-03,2,FHN,KEY,15.0708,19.1409,11.5426,3.112,13.1788,3.2223,0.9957,0.1683,0.0,0.0,-1.3897,-1.3897,HOLD_CASH
2021-11-04,2,FHN,KEY,14.7861,18.8052,11.5426,3.112,13.1788,3.2223,0.9957,0.3582,0.0,0.0,-1.3897,-1.3897,HOLD_CASH
2021-11-05,2,FHN,KEY,14.9414,18.9251,11.5426,3.112,13.1788,3.2223,0.9957,0.53,0.0,0.0,-1.3897,-1.3897,HOLD_CASH
2021-11-08,2,FHN,KEY,14.9069,18.9411,11.5426,3.112,13.1788,3.2223,0.9957,0.326,0.0,0.0,-1.3897,-1.3897,HOLD_CASH
2021-11-09,2,FHN,KEY,14.8983,18.9491,11.5426,3.112,13.1788,3.2223,0.9957,0.2753,0.0,0.0,-1.3897,-1.3897,HOLD_CASH
2021-11-10,2,FHN,KEY,14.9242,19.101,11.5426,3.112,13.1788,3.2223,0.9957,-0.1989,0.0,0.0,-1.3897,-1.3897,HOLD_CASH
2021-11-11,2,FHN,KEY,14.95,19.3407,11.5426,3.112,13.1788,3.2223,0.9957,-1.0191,0.0,0.0,-1.3897,-1.3897,HOLD_CASH
2021-11-12,2,FHN,KEY,14.812,19.2528,11.5426,3.112,13.1788,3.2223,0.9957,-1.1304,0.0,0.0,-1.3897,-1.3897,HOLD_CASH
2021-11-15,2,FHN,KEY,14.8638,19.1169,11.5426,3.112,13.1788,3.2223,0.9957,-0.2916,0.0,0.0,-1.3897,-1.3897,HOLD_CASH
2021-11-16,2,FHN,KEY,14.9155,19.1169,11.5426,3.112,13.1788,3.2223,0.9957,0.0056,0.0,0.0,-1.3897,-1.3897,HOLD_CASH
2021-11-17,2,FHN,KEY,14.8034,18.9491,11.5426,3.112,13.1788,3.2223,0.9957,0.2555,0.0,0.0,-1.3897,-1.3897,HOLD_CASH
2021-11-18,2,FHN,KEY,14.6912,18.9171,11.5426,3.112,13.1788,3.2223,0.9957,-0.1699,0.0,0.0,-1.3897,-1.3897,HOLD_CASH
2021-11-19,2,FHN,KEY,14.4756,18.6774,11.5426,3.112,13.1788,3.2223,0.9957,-0.1737,0.0,0.0,-1.3897,-1.3897,HOLD_CASH
2021-11-22,2,FHN,KEY,14.6999,18.8852,11.5426,3.112,13.1788,3.2223,0.9957,-0.1723,0.0,0.0,-1.3897,-1.3897,HOLD_CASH
2021-11-23,2,FHN,KEY,14.9932,19.1569,11.5426,3.112,13.1788,3.2223,0.9957,-0.1514,0.0,0.0,-1.3897,-1.3897,HOLD_CASH
2021-11-24,2,FHN,KEY,14.9414,19.1489,11.5426,3.112,13.1788,3.2223,0.9957,-0.4938,0.0,0.0,-1.3897,-1.3897,HOLD_CASH
2021-11-26,2,FHN,KEY,14.2513,18.3018,11.5426,3.112,13.1788,3.2223,0.9957,0.4944,0.0,0.0,-1.3897,-1.3897,HOLD_CASH
2021-11-29,2,FHN,KEY,14.3375,18.4025,11.5426,3.112,13.1788,3.2223,0.9957,0.4764,0.0,0.0,-1.3897,-1.3897,HOLD_CASH
2021-11-30,2,FHN,KEY,13.9148,18.0881,11.5426,3.112,13.1788,3.2223,0.9957,-0.4197,0.0,0.0,-1.3897,-1.3897,HOLD_CASH
2021-12-01,2,FHN,KEY,13.587,17.7818,11.5426,3.112,13.1788,3.2223,0.9957,-0.6534,0.0,0.0,-1.3897,-1.3897,HOLD_CASH
2021-12-02,2,FHN,KEY,14.1219,18.4025,11.5426,3.112,13.1788,3.2223,0.9957,-1.0834,0.0,0.0,-1.3897,-1.3897,HOLD_CASH
2021-12-03,2,FHN,KEY,13.8113,18.064,11.5426,3.112,13.1788,3.2223,0.9957,-0.8645,0.0,0.0,-1.3897,-1.3897,HOLD_CASH
2021-12-06,2,FHN,KEY,14.3203,18.5879,11.5426,3.112,13.1788,3.2223,0.9957,-0.7489,0.0,0.0,-1.3897,-1.3897,HOLD_CASH
2021-12-07,2,FHN,KEY,14.3807,18.7088,11.5426,3.112,13.1788,3.2223,0.9957,-1.2013,0.0,0.0,-1.3897,-1.3897,HOLD_CASH
2021-12-08,2,FHN,KEY,14.4497,18.6201,11.5426,3.112,13.1788,3.2223,0.9957,0.4938,0.0,0.0,-1.3897,-1.3897,HOLD_CASH
2021-12-09,2,FHN,KEY,14.2669,18.5315,11.5426,3.112,13.1788,3.2223,0.9957,-0.5391,0.0,0.0,-1.3897,-1.3897,HOLD_CASH
2021-12-10,2,FHN,KEY,14.2147,18.5476,11.5426,3.112,13.1788,3.2223,0.9957,-1.3476,0.0,0.0,-1.3897,-1.3897,HOLD_CASH
2021-12-13,2,FHN,KEY,13.8752,18.0962,11.5426,3.112,13.1788,3.2223,0.9957,-0.424,0.0,0.0,-1.3897,-1.3897,HOLD_CASH
2021-12-14,2,FHN,KEY,14.058,18.3461,11.5426,3.112,13.1788,3.2223,0.9957,-1.1224,0.0,0.0,-1.3897,-1.3897,HOLD_CASH
2021-12-15,2,FHN,KEY,14.0754,18.6282,11.5426,3.112,13.1788,3.2223,0.9957,-2.9981,1.0,0.0,-1.473,-1.473,ENTER_LONG_A
2021-12-16,2,FHN,KEY,14.1973,18.7975,11.5426,3.112,13.1788,3.2223,0.9957,-2.5774,1.0,-0.1066,-1.473,-1.5796,HOLDING
2021-12-17,2,FHN,KEY,13.7359,18.1446,11.5426,3.112,13.1788,3.2223,0.9957,-1.1842,1.0,0.3272,-1.473,-1.1458,HOLDING
2021-12-20,2,FHN,KEY,13.2659,17.7899,11.5426,3.112,13.1788,3.2223,0.9957,-1.8181,1.0,-0.0088,-1.473,-1.4818,HOLDING
2021-12-21,2,FHN,KEY,13.6663,18.2897,11.5426,3.112,13.1788,3.2223,0.9957,-1.9751,1.0,-0.2177,-1.473,-1.6907,HOLDING
2021-12-22,2,FHN,KEY,13.7707,18.2655,11.5426,3.112,13.1788,3.2223,0.9957,-1.0935,1.0,0.115,-1.473,-1.358,HOLDING
2021-12-23,2,FHN,KEY,13.9013,18.33,11.5426,3.112,13.1788,3.2223,0.9957,-0.6159,1.0,0.2936,-1.473,-1.1794,HOLDING
2021-12-27,2,FHN,KEY,14.1102,18.6121,11.5426,3.112,13.1788,3.2223,0.9957,-0.909,1.0,0.1311,-1.473,-1.3419,HOLDING
2021-12-28,2,FHN,KEY,14.2495,18.6927,11.5426,3.112,13.1788,3.2223,0.9957,-0.4404,0.0,0.0,-1.2649,-1.2649,EXIT
2021-12-29,2,FHN,KEY,14.3191,18.7814,11.5426,3.112,13.1788,3.2223,0.9957,-0.4773,0.0,0.0,-1.2649,-1.2649,HOLD_CASH
2021-12-30,2,FHN,KEY,14.2495,18.6927,11.5426,3.112,13.1788,3.2223,0.9957,-0.2971,0.0,0.0,-1.2649,-1.2649,HOLD_CASH
2021-07-02,3,CMA,KEY,58.0846,16.4128,44.9359,12.0872,13.1788,3.2223,0.9955,0.0,0.0,0.0,0.0,0.0,HOLD_CASH
2021-07-06,3,CMA,KEY,55.9387,15.89,44.9359,12.0872,13.1788,3.2223,0.9955,0.0,0.0,0.0,0.0,0.0,HOLD_CASH
2021-07-07,3,CMA,KEY,55.1209,15.7712,44.9359,12.0872,13.1788,3.2223,0.9955,0.0,0.0,0.0,0.0,0.0,HOLD_CASH
2021-07-08,3,CMA,KEY,53.8414,15.3672,44.9359,12.0872,13.1788,3.2223,0.9955,0.0,0.0,0.0,0.0,0.0,HOLD_CASH
2021-07-09,3,CMA,KEY,56.0764,15.9772,44.9359,12.0872,13.1788,3.2223,0.9955,0.0,0.0,0.0,0.0,0.0,HOLD_CASH
2021-07-12,3,CMA,KEY,56.5136,16.1752,44.9359,12.0872,13.1788,3.2223,0.9955,0.0,0.0,0.0,0.0,0.0,HOLD_CASH
2021-07-13,3,CMA,KEY,55.8253,15.898,44.9359,12.0872,13.1788,3.2223,0.9955,0.0,0.0,0.0,0.0,0.0,HOLD_CASH
2021-07-14,3,CMA,KEY,55.5338,15.8346,44.9359,12.0872,13.1788,3.2223,0.9955,0.0,0.0,0.0,0.0,0.0,HOLD_CASH
2021-07-15,3,CMA,KEY,55.8901,15.9692,44.9359,12.0872,13.1788,3.2223,0.9955,0.0,0.0,0.0,0.0,0.0,HOLD_CASH
2021-07-16,3,CMA,KEY,53.9791,15.3276,44.9359,12.0872,13.1788,3.2223,0.9955,0.0,0.0,0.0,0.0,0.0,HOLD_CASH
2021-07-19,3,CMA,KEY,51.4445,14.6464,44.9359,12.0872,13.1788,3.2223,0.9955,0.0,0.0,0.0,0.0,0.0,HOLD_CASH
2021-07-20,3,CMA,KEY,53.1693,15.1296,44.9359,12.0872,13.1788,3.2223,0.9955,0.0,0.0,0.0,0.0,0.0,HOLD_CASH
2021-07-21,3,CMA,KEY,55.38,15.3752,44.9359,12.0872,13.1788,3.2223,0.9955,0.0,0.0,0.0,0.0,0.0,HOLD_CASH
2021-07-22,3,CMA,KEY,54.3516,15.0504,44.9359,12.0872,13.1788,3.2223,0.9955,0.0,0.0,0.0,0.0,0.0,HOLD_CASH
2021-07-23,3,CMA,KEY,54.2706,15.1296,44.9359,12.0872,13.1788,3.2223,0.9955,0.0,0.0,0.0,0.0,0.0,HOLD_CASH
2021-07-26,3,CMA,KEY,54.8617,15.3276,44.9359,12.0872,13.1788,3.2223,0.9955,0.0,0.0,0.0,0.0,0.0,HOLD_CASH
2021-07-27,3,CMA,KEY,54.7645,15.3355,44.9359,12.0872,13.1788,3.2223,0.9955,0.0,0.0,0.0,0.0,0.0,HOLD_CASH
2021-07-28,3,CMA,KEY,55.3881,15.5177,44.9359,12.0872,13.1788,3.2223,0.9955,0.0,0.0,0.0,0.0,0.0,HOLD_CASH
2021-07-29,3,CMA,KEY,56.1897,15.7395,44.9359,12.0872,13.1788,3.2223,0.9955,0.0,0.0,0.0,0.0,0.0,HOLD_CASH
2021-07-30,3,CMA,KEY,55.5986,15.5732,44.9359,12.0872,13.1788,3.2223,0.9955,0.7619,0.0,0.0,0.0,0.0,HOLD_CASH
2021-08-02,3,CMA,KEY,54.7888,15.4781,44.9359,12.0872,13.1788,3.2223,0.9955,0.0315,0.0,0.0,0.0,0.0,HOLD_CASH
2021-08-03,3,CMA,KEY,56.1735,15.8504,44.9359,12.0872,13.1788,3.2223,0.9955,-0.0075,0.0,0.0,0.0,0.0,HOLD_CASH
2021-08-04,3,CMA,KEY,55.6472,15.5494,44.9359,12.0872,13.1788,3.2223,0.9955,0.8536,0.0,0.0,0.0,0.0,HOLD_CASH
2021-08-05,3,CMA,KEY,56.7647,15.7633,44.9359,12.0872,13.1788,3.2223,0.9955,1.2333,0.0,0.0,0.0,0.0,HOLD_CASH
2021-08-06,3,CMA,KEY,58.5057,16.1039,44.9359,12.0872,13.1788,3.2223,0.9955,1.7318,0.0,0.0,0.0,0.0,HOLD_CASH
2021-08-09,3,CMA,KEY,58.2951,16.0009,44.9359,12.0872,13.1788,3.2223,0.9955,1.7901,0.0,0.0,0.0,0.0,HOLD_CASH
2021-08-10,3,CMA,KEY,59.4207,16.3019,44.9359,12.0872,13.1788,3.2223,0.9955,1.5968,0.0,0.0,0.0,0.0,HOLD_CASH
2021-08-11,3,CMA,KEY,60.6435,16.5396,44.9359,12.0872,13.1788,3.2223,0.9955,1.8415,0.0,0.0,0.0,0.0,HOLD_CASH
2021-08-12,3,CMA,KEY,61.1374,16.5,44.9359,12.0872,13.1788,3.2223,0.9955,2.3384,-1.0,0.0,-0.0833,-0.0833,ENTER_SHORT_A
2021-08-13,3,CMA,KEY,60.6921,16.3812,44.9359,12.0872,13.1788,3.2223,0.9955,1.9981,-1.0,0.0011,-0.0833,-0.0822,HOLDING
2021-08-16,3,CMA,KEY,60.0523,16.2544,44.9359,12.0872,13.1788,3.2223,0.9955,1.6021,-1.0,0.1141,-0.0833,0.0308,HOLDING
2021-08-17,3,CMA,KEY,58.7162,16.0089,44.9359,12.0872,13.1788,3.2223,0.9955,1.0142,-1.0,0.3987,-0.0833,0.3154,HOLDING
2021-08-18,3,CMA,KEY,58.198,15.8583,44.9359,12.0872,13.1788,3.2223,0.9955,0.9795,-1.0,0.369,-0.0833,0.2856,HOLDING
2021-08-19,3,CMA,KEY,57.4206,15.6366,44.9359,12.0872,13.1788,3.2223,0.9955,0.9622,-1.0,0.3345,-0.0833,0.2511,HOLDING
2021-08-20,3,CMA,KEY,57.7202,15.7712,44.9359,12.0872,13.1788,3.2223,0.9955,0.6565,-1.0,0.4724,-0.0833,0.3891,HOLDING
2021-08-23,3,CMA,KEY,58.7567,15.9692,44.9359,12.0872,13.1788,3.2223,0.9955,0.9114,-1.0,0.2708,-0.0833,0.1875,HOLDING
2021-08-24,3,CMA,KEY,59.6393,16.1673,44.9359,12.0872,13.1788,3.2223,0.9955,0.9761,-1.0,0.1736,-0.0833,0.0903,HOLDING
2021-08-25,3,CMA,KEY,60.9107,16.5158,44.9359,12.0872,13.1788,3.2223,0.9955,0.8512,-1.0,0.1941,-0.0833,0.1108,HOLDING
2021-08-26,3,CMA,KEY,59.9795,16.2465,44.9359,12.0872,13.1788,3.2223,0.9955,0.8524,-1.0,0.1435,-0.0833,0.0602,HOLDING
2021-08-27,3,CMA,KEY,61.2427,16.5475,44.9359,12.0872,13.1788,3.2223,0.9955,0.9335,-1.0,0.049,-0.0833,-0.0343,HOLDING
2021-08-30,3,CMA,KEY,59.5422,16.1199,44.9359,12.0872,13.1788,3.2223,0.9955,0.7493,-1.0,0.1195,-0.0833,0.0362,HOLDING
2021-08-31,3,CMA,KEY,59.8499,16.2398,44.9359,12.0872,13.1788,3.2223,0.9955,0.4921,0.0,0.0,0.0494,0.0494,EXIT
2021-09-01,3,CMA,KEY,58.6838,15.9921,44.9359,12.0872,13.1788,3.2223,0.9955,-0.1197,0.0,0.0,0.0494,0.0494,HOLD_CASH
2021-09-02,3,CMA,KEY,58.8944,16.08,44.9359,12.0872,13.1788,3.2223,0.9955,-0.6505,0.0,0.0,0.0494,0.0494,HOLD_CASH
2021-09-03,3,CMA,KEY,58.5543,16.024,44.9359,12.0872,13.1788,3.2223,0.9955,-1.2112,0.0,0.0,0.0494,0.0494,HOLD_CASH
2021-09-07,3,CMA,KEY,58.9996,16.016,44.9359,12.0872,13.1788,3.2223,0.9955,0.2892,0.0,0.0,0.0494,0.0494,HOLD_CASH
2021-09-08,3,CMA,KEY,58.3923,15.7763,44.9359,12.0872,13.1788,3.2223,0.9955,1.2815,0.0,0.0,0.0494,0.0494,HOLD_CASH
2021-09-09,3,CMA,KEY,59.2102,15.9601,44.9359,12.0872,13.1788,3.2223,0.9955,1.5957,0.0,0.0,0.0494,0.0494,HOLD_CASH
2021-09-10,3,CMA,KEY,58.9511,15.8802,44.9359,12.0872,13.1788,3.2223,0.9955,1.6594,0.0,0.0,0.0494,0.0494,HOLD_CASH
2021-09-13,3,CMA,KEY,60.0766,16.5595,44.9359,12.0872,13.1788,3.2223,0.9955,-2.6855,1.0,0.0,-0.0339,-0.0339,ENTER_LONG_A
2021-09-14,3,CMA,KEY,58.4421,16.4636,44.9359,12.0872,13.1788,3.2223,0.9955,-3.507,1.0,-0.8725,-0.0339,-0.9064,HOLDING
2021-09-15,3,CMA,KEY,59.8805,16.7833,44.9359,12.0872,13.1788,3.2223,0.9955,-2.4198,1.0,-0.7053,-0.0339,-0.7392,HOLDING
2021-09-16,3,CMA,KEY,60.2809,16.6954,44.9359,12.0872,13.1788,3.2223,0.9955,-1.2644,1.0,-0.2071,-0.0339,-0.241,HOLDING
2021-09-17,3,CMA,KEY,60.5343,16.5915,44.9359,12.0872,13.1788,3.2223,0.9955,-0.3741,0.0,0.0,0.1136,0.1136,EXIT
2021-09-20,3,CMA,KEY,58.818,16.032,44.9359,12.0872,13.1788,3.2223,0.9955,0.1156,0.0,0.0,0.1136,0.1136,HOLD_CASH
2021-09-21,3,CMA,KEY,58.2868,15.9281,44.9359,12.0872,13.1788,3.2223,0.9955,-0.0547,0.0,0.0,0.1136,0.1136,HOLD_CASH
2021-09-22,3,CMA,KEY,60.1257,16.2318,44.9359,12.0872,13.1788,3.2223,0.9955,0.8624,0.0,0.0,0.1136,0.1136,HOLD_CASH
2021-09-23,3,CMA,KEY,63.0678,16.7593,44.9359,12.0872,13.1788,3.2223,0.9955,1.8689,0.0,0.0,0.1136,0.1136,HOLD_CASH
2021-09-24,3,CMA,KEY,64.1057,16.8951,44.9359,12.0872,13.1788,3.2223,0.9955,2.1004,-1.0,0.0,0.0303,0.0303,ENTER_SHORT_A
2021-09-27,3,CMA,KEY,66.9498,17.4386,44.9359,12.0872,13.1788,3.2223,0.9955,2.3642,-1.0,-0.5337,0.0303,-0.5035,HOLDING
2021-09-28,3,CMA,KEY,66.6882,17.3827,44.9359,12.0872,13.1788,3.2223,0.9955,1.9634,-1.0,-0.4992,0.0303,-0.469,HOLDING
2021-09-29,3,CMA,KEY,67.4401,17.5745,44.9359,12.0872,13.1788,3.2223,0.9955,1.7268,-1.0,-0.5226,0.0303,-0.4923,HOLDING
2021-09-30,3,CMA,KEY,65.7893,17.2788,44.9359,12.0872,13.1788,3.2223,0.9955,1.2083,-1.0,-0.1645,0.0303,-0.1342,HOLDING
2021-10-01,3,CMA,KEY,67.481,17.8542,44.9359,12.0872,13.1788,3.2223,0.9955,0.8187,-1.0,0.135,0.0303,0.1652,HOLDING
2021-10-04,3,CMA,KEY,67.8079,17.9101,44.9359,12.0872,13.1788,3.2223,0.9955,0.8163,-1.0,0.0577,0.0303,0.0879,HOLDING
2021-10-05,3,CMA,KEY,68.7232,18.1419,44.9359,12.0872,13.1788,3.2223,0.9955,0.7791,-1.0,0.025,0.0303,0.0553,HOLDING
2021-10-06,3,CMA,KEY,68.5434,18.086,44.9359,12.0872,13.1788,3.2223,0.9955,0.7376,-1.0,0.0059,0.0303,0.0362,HOLDING
2021-10-07,3,CMA,KEY,68.7722,18.1419,44.9359,12.0872,13.1788,3.2223,0.9955,0.6957,-1.0,-0.0071,0.0303,0.0232,HOLDING
2021-10-08,3,CMA,KEY,68.8376,18.3577,44.9359,12.0872,13.1788,3.2223,0.9955,0.2016,0.0,0.0,0.4182,0.4182,EXIT
2021-10-11,3,CMA,KEY,68.2165,18.2618,44.9359,12.0872,13.1788,3.2223,0.9955,-0.0246,0.0,0.0,0.4182,0.4182,HOLD_CASH
2021-10-12,3,CMA,KEY,68.3636,18.2618,44.9359,12.0872,13.1788,3.2223,0.9955,-0.0381,0.0,0.0,0.4182,0.4182,HOLD_CASH
2021-10-13,3,CMA,KEY,67.3666,18.1259,44.9359,12.0872,13.1788,3.2223,0.9955,-0.5894,0.0,0.0,0.4182,0.4182,HOLD_CASH
2021-10-14,3,CMA,KEY,67.3829,18.5495,44.9359,12.0872,13.1788,3.2223,0.9955,-2.0226,1.0,0.0,0.3349,0.3349,ENTER_LONG_A
2021-10-15,3,CMA,KEY,67.8324,18.3977,44.9359,12.0872,13.1788,3.2223,0.9955,-1.1718,1.0,0.6199,0.3349,0.9548,HOLDING
2021-10-18,3,CMA,KEY,68.4862,18.4136,44.9359,12.0872,13.1788,3.2223,0.9955,-0.6771,1.0,0.9822,0.3349,1.3171,HOLDING
2021-10-19,3,CMA,KEY,68.6824,18.5415,44.9359,12.0872,13.1788,3.2223,0.9955,-1.0266,1.0,0.8106,0.3349,1.1455,HOLDING
2021-10-20,3,CMA,KEY,71.0442,18.9571,44.9359,12.0872,13.1788,3.2223,0.9955,-0.2444,0.0,0.0,1.553,1.553,EXIT
2021-10-21,3,CMA,KEY,70.8399,19.0051,44.9359,12.0872,13.1788,3.2223,0.9955,-0.6066,0.0,0.0,1.553,1.553,HOLD_CASH
2021-10-22,3,CMA,KEY,72.2374,19.2128,44.9359,12.0872,13.1788,3.2223,0.9955,0.0637,0.0,0.0,1.553,1.553,HOLD_CASH
2021-10-25,3,CMA,KEY,72.4989,19.2368,44.9359,12.0872,13.1788,3.2223,0.9955,0.3228,0.0,0.0,1.553,1.553,HOLD_CASH
2021-10-26,3,CMA,KEY,71.6081,19.093,44.9359,12.0872,13.1788,3.2223,0.9955,0.0132,0.0,0.0,1.553,1.553,HOLD_CASH
2021-10-27,3,CMA,KEY,69.2054,18.6134,44.9359,12.0872,13.1788,3.2223,0.9955,-0.6438,0.0,0.0,1.553,1.553,HOLD_CASH
2021-10-28,3,CMA,KEY,70.0553,18.7813,44.9359,12.0872,13.1788,3.2223,0.9955,-0.2813,0.0,0.0,1.553,1.553,HOLD_CASH
2021-10-29,3,CMA,KEY,69.5405,18.5975,44.9359,12.0872,13.1788,3.2223,0.9955,0.0035,0.0,0.0,1.553,1.553,HOLD_CASH
2021-11-01,3,CMA,KEY,71.3221,18.8692,44.9359,12.0872,13.1788,3.2223,0.9955,1.0939,0.0,0.0,1.553,1.553,HOLD_CASH
2021-11-02,3,CMA,KEY,71.2731,18.8052,44.9359,12.0872,13.1788,3.2223,0.9955,1.3478,0.0,0.0,1.553,1.553,HOLD_CASH
2021-11-03,3,CMA,KEY,73.308,19.1409,44.9359,12.0872,13.1788,3.2223,0.9955,2.1585,-1.0,0.0,1.4697,1.4697,ENTER_SHORT_A
2021-11-04,3,CMA,KEY,71.6408,18.8052,44.9359,12.0872,13.1788,3.2223,0.9955,1.5532,-1.0,0.2382,1.4697,1.7078,HOLDING
2021-11-05,3,CMA,KEY,71.5509,18.9251,44.9359,12.0872,13.1788,3.2223,0.9955,0.8408,-1.0,0.5476,1.4697,2.0172,HOLDING
2021-11-08,3,CMA,KEY,71.837,18.9411,44.9359,12.0872,13.1788,3.2223,0.9955,1.0185,-1.0,0.4173,1.4697,1.8869,HOLDING
2021-11-09,3,CMA,KEY,71.5509,18.9491,44.9359,12.0872,13.1788,3.2223,0.9955,0.6065,-1.0,0.5991,1.4697,2.0687,HOLDING
2021-11-10,3,CMA,KEY,72.2538,19.101,44.9359,12.0872,13.1788,3.2223,0.9955,0.6913,-1.0,0.5209,1.4697,1.9906,HOLDING
2021-11-11,3,CMA,KEY,72.7686,19.3407,44.9359,12.0872,13.1788,3.2223,0.9955,0.1381,0.0,0.0,2.1261,2.1261,EXIT
2021-11-12,3,CMA,KEY,72.5398,19.2528,44.9359,12.0872,13.1788,3.2223,0.9955,0.1931,0.0,0.0,2.1261,2.1261,HOLD_CASH
2021-11-15,3,CMA,KEY,73.21,19.1169,44.9359,12.0872,13.1788,3.2223,0.9955,1.8328,0.0,0.0,2.1261,2.1261,HOLD_CASH
2021-11-16,3,CMA,KEY,73.4796,19.1169,44.9359,12.0872,13.1788,3.2223,0.9955,1.9978,0.0,0.0,2.1261,2.1261,HOLD_CASH
2021-11-17,3,CMA,KEY,72.8259,18.9491,44.9359,12.0872,13.1788,3.2223,0.9955,1.6972,0.0,0.0,2.1261,2.1261,HOLD_CASH
2021-11-18,3,CMA,KEY,72.9893,18.9171,44.9359,12.0872,13.1788,3.2223,0.9955,1.8314,0.0,0.0,2.1261,2.1261,HOLD_CASH
2021-11-19,3,CMA,KEY,71.8615,18.6774,44.9359,12.0872,13.1788,3.2223,0.9955,1.3544,0.0,0.0,2.1261,2.1261,HOLD_CASH
2021-11-22,3,CMA,KEY,72.9648,18.8852,44.9359,12.0872,13.1788,3.2223,0.9955,1.5558,0.0,0.0,2.1261,2.1261,HOLD_CASH
2021-11-23,3,CMA,KEY,74.0191,19.1569,44.9359,12.0872,13.1788,3.2223,0.9955,1.4279,0.0,0.0,2.1261,2.1261,HOLD_CASH
2021-11-24,3,CMA,KEY,73.97,19.1489,44.9359,12.0872,13.1788,3.2223,0.9955,1.3094,0.0,0.0,2.1261,2.1261,HOLD_CASH
2021-11-26,3,CMA,KEY,69.6794,18.3018,44.9359,12.0872,13.1788,3.2223,0.9955,-0.1752,0.0,0.0,2.1261,2.1261,HOLD_CASH
2021-11-29,3,CMA,KEY,69.7284,18.4025,44.9359,12.0872,13.1788,3.2223,0.9955,-0.7442,0.0,0.0,2.1261,2.1261,HOLD_CASH
2021-11-30,3,CMA,KEY,67.4483,18.0881,44.9359,12.0872,13.1788,3.2223,0.9955,-2.0721,1.0,0.0,2.0428,2.0428,ENTER_LONG_A
2021-12-01,3,CMA,KEY,65.9118,17.7818,44.9359,12.0872,13.1788,3.2223,0.9955,-2.1625,1.0,-0.2424,2.0428,1.8004,HOLDING
2021-12-02,3,CMA,KEY,69.1564,18.4025,44.9359,12.0872,13.1788,3.2223,0.9955,-0.9933,1.0,0.3298,2.0428,2.3725,HOLDING
2021-12-03,3,CMA,KEY,66.9416,18.064,44.9359,12.0872,13.1788,3.2223,0.9955,-1.7781,1.0,-0.257,2.0428,1.7857,HOLDING
2021-12-06,3,CMA,KEY,68.4535,18.5879,44.9359,12.0872,13.1788,3.2223,0.9955,-1.9162,1.0,-0.5315,2.0428,1.5113,HOLDING
2021-12-07,3,CMA,KEY,69.9246,18.7088,44.9359,12.0872,13.1788,3.2223,0.9955,-0.9104,1.0,0.0979,2.0428,2.1407,HOLDING
2021-12-08,3,CMA,KEY,69.1237,18.6201,44.9359,12.0872,13.1788,3.2223,0.9955,-1.2259,1.0,-0.1921,2.0428,1.8506,HOLDING
2021-12-09,3,CMA,KEY,68.5189,18.5315,44.9359,12.0872,13.1788,3.2223,0.9955,-1.3232,1.0,-0.3611,2.0428,1.6817,HOLDING
2021-12-10,3,CMA,KEY,69.0828,18.5476,44.9359,12.0872,13.1788,3.2223,0.9955,-0.8656,1.0,-0.0501,2.0428,1.9926,HOLDING
2021-12-13,3,CMA,KEY,66.9743,18.0962,44.9359,12.0872,13.1788,3.2223,0.9955,-1.1158,1.0,-0.3112,2.0428,1.7316,HOLDING
2021-12-14,3,CMA,KEY,69.0016,18.3461,44.9359,12.0872,13.1788,3.2223,0.9955,-0.2189,0.0,0.0,2.3221,2.3221,EXIT
2021-12-15,3,CMA,KEY,70.1058,18.6282,44.9359,12.0872,13.1788,3.2223,0.9955,-0.1216,0.0,0.0,2.3221,2.3221,HOLD_CASH
2021-12-16,3,CMA,KEY,71.787,18.7975,44.9359,12.0872,13.1788,3.2223,0.9955,0.7637,0.0,0.0,2.3221,2.3221,HOLD_CASH
2021-12-17,3,CMA,KEY,69.0098,18.1446,44.9359,12.0872,13.1788,3.2223,0.9955,0.5543,0.0,0.0,2.3221,2.3221,HOLD_CASH
2021-12-20,3,CMA,KEY,67.4852,17.7899,44.9359,12.0872,13.1788,3.2223,0.9955,0.4458,0.0,0.0,2.3221,2.3221,HOLD_CASH
2021-12-21,3,CMA,KEY,69.8751,18.2897,44.9359,12.0872,13.1788,3.2223,0.9955,1.0177,0.0,0.0,2.3221,2.3221,HOLD_CASH
2021-12-22,3,CMA,KEY,69.9987,18.2655,44.9359,12.0872,13.1788,3.2223,0.9955,1.3321,0.0,0.0,2.3221,2.3221,HOLD_CASH
2021-12-23,3,CMA,KEY,70.2954,18.33,44.9359,12.0872,13.1788,3.2223,0.9955,1.5089,0.0,0.0,2.3221,2.3221,HOLD_CASH
2021-12-27,3,CMA,KEY,71.3667,18.6121,44.9359,12.0872,13.1788,3.2223,0.9955,1.447,0.0,0.0,2.3221,2.3221,HOLD_CASH
2021-12-28,3,CMA,KEY,71.4656,18.6927,44.9359,12.0872,13.1788,3.2223,0.9955,1.1655,0.0,0.0,2.3221,2.3221,HOLD_CASH
2021-12-29,3,CMA,KEY,72.1826,18.7814,44.9359,12.0872,13.1788,3.2223,0.9955,1.3836,0.0,0.0,2.3221,2.3221,HOLD_CASH
2021-12-30,3,CMA,KEY,71.7129,18.6927,44.9359,12.0872,13.1788,3.2223,0.9955,1.1291,0.0,0.0,2.3221,2.3221,HOLD_CASH
2021-07-02,4,RF,TFC,16.6573,44.5839,13.5158,3.6203,38.5066,7.1747,0.9951,0.0,0.0,0.0,0.0,0.0,HOLD_CASH
2021-07-06,4,RF,TFC,16.0983,43.3028,13.5158,3.6203,38.5066,7.1747,0.9951,0.0,0.0,0.0,0.0,0.0,HOLD_CASH
2021-07-07,4,RF,TFC,15.9749,42.714,13.5158,3.6203,38.5066,7.1747,0.9951,0.0,0.0,0.0,0.0,0.0,HOLD_CASH
2021-07-08,4,RF,TFC,15.5967,42.157,13.5158,3.6203,38.5066,7.1747,0.9951,0.0,0.0,0.0,0.0,0.0,HOLD_CASH
2021-07-09,4,RF,TFC,16.3367,43.9315,13.5158,3.6203,38.5066,7.1747,0.9951,0.0,0.0,0.0,0.0,0.0,HOLD_CASH
2021-07-12,4,RF,TFC,16.4682,44.2418,13.5158,3.6203,38.5066,7.1747,0.9951,0.0,0.0,0.0,0.0,0.0,HOLD_CASH
2021-07-13,4,RF,TFC,16.2134,43.5336,13.5158,3.6203,38.5066,7.1747,0.9951,0.0,0.0,0.0,0.0,0.0,HOLD_CASH
2021-07-14,4,RF,TFC,16.0325,43.3108,13.5158,3.6203,38.5066,7.1747,0.9951,0.0,0.0,0.0,0.0,0.0,HOLD_CASH
2021-07-15,4,RF,TFC,16.2216,44.4487,13.5158,3.6203,38.5066,7.1747,0.9951,0.0,0.0,0.0,0.0,0.0,HOLD_CASH
2021-07-16,4,RF,TFC,15.6296,43.279,13.5158,3.6203,38.5066,7.1747,0.9951,0.0,0.0,0.0,0.0,0.0,HOLD_CASH
2021-07-19,4,RF,TFC,14.9143,41.5204,13.5158,3.6203,38.5066,7.1747,0.9951,0.0,0.0,0.0,0.0,0.0,HOLD_CASH
2021-07-20,4,RF,TFC,15.5474,43.0243,13.5158,3.6203,38.5066,7.1747,0.9951,0.0,0.0,0.0,0.0,0.0,HOLD_CASH
2021-07-21,4,RF,TFC,15.8187,43.9872,13.5158,3.6203,38.5066,7.1747,0.9951,0.0,0.0,0.0,0.0,0.0,HOLD_CASH
2021-07-22,4,RF,TFC,15.5885,43.2312,13.5158,3.6203,38.5066,7.1747,0.9951,0.0,0.0,0.0,0.0,0.0,HOLD_CASH
2021-07-23,4,RF,TFC,15.7036,43.3347,13.5158,3.6203,38.5066,7.1747,0.9951,0.0,0.0,0.0,0.0,0.0,HOLD_CASH
2021-07-26,4,RF,TFC,15.9009,43.6848,13.5158,3.6203,38.5066,7.1747,0.9951,0.0,0.0,0.0,0.0,0.0,HOLD_CASH
2021-07-27,4,RF,TFC,15.942,43.7246,13.5158,3.6203,38.5066,7.1747,0.9951,0.0,0.0,0.0,0.0,0.0,HOLD_CASH
2021-07-28,4,RF,TFC,15.9585,43.828,13.5158,3.6203,38.5066,7.1747,0.9951,0.0,0.0,0.0,0.0,0.0,HOLD_CASH
2021-07-29,4,RF,TFC,16.0572,44.019,13.5158,3.6203,38.5066,7.1747,0.9951,0.0,0.0,0.0,0.0,0.0,HOLD_CASH
2021-07-30,4,RF,TFC,15.8269,43.3108,13.5158,3.6203,38.5066,7.1747,0.9951,-0.1056,0.0,0.0,0.0,0.0,HOLD_CASH
2021-08-02,4,RF,TFC,15.7118,43.08,13.5158,3.6203,38.5066,7.1747,0.9951,-0.06,0.0,0.0,0.0,0.0,HOLD_CASH
2021-08-03,4,RF,TFC,16.1311,44.011,13.5158,3.6203,38.5066,7.1747,0.9951,-0.216,0.0,0.0,0.0,0.0,HOLD_CASH
2021-08-04,4,RF,TFC,15.8516,43.4381,13.5158,3.6203,38.5066,7.1747,0.9951,-0.07,0.0,0.0,0.0,0.0,HOLD_CASH
2021-08-05,4,RF,TFC,16.0654,44.202,13.5158,3.6203,38.5066,7.1747,0.9951,-0.9618,0.0,0.0,0.0,0.0,HOLD_CASH
2021-08-06,4,RF,TFC,16.4107,45.0375,13.5158,3.6203,38.5066,7.1747,0.9951,-1.3052,0.0,0.0,0.0,0.0,HOLD_CASH
2021-08-09,4,RF,TFC,16.3531,45.133,13.5158,3.6203,38.5066,7.1747,0.9951,-1.7676,0.0,0.0,0.0,0.0,HOLD_CASH
2021-08-10,4,RF,TFC,16.5998,46.1197,13.5158,3.6203,38.5066,7.1747,0.9951,-2.7812,1.0,0.0,-0.0833,-0.0833,ENTER_LONG_A
2021-08-11,4,RF,TFC,16.9533,46.8358,13.5158,3.6203,38.5066,7.1747,0.9951,-2.4164,1.0,-0.0127,-0.0833,-0.096,HOLDING
2021-08-12,4,RF,TFC,17.0931,46.9401,13.5158,3.6203,38.5066,7.1747,0.9951,-1.6916,1.0,0.1705,-0.0833,0.0872,HOLDING
2021-08-13,4,RF,TFC,16.8547,46.0336,13.5158,3.6203,38.5066,7.1747,0.9951,-0.5765,1.0,0.6249,-0.0833,0.5415,HOLDING
2021-08-16,4,RF,TFC,16.7149,45.7849,13.5158,3.6203,38.5066,7.1747,0.9951,-0.5777,1.0,0.5936,-0.0833,0.5103,HOLDING
2021-08-17,4,RF,TFC,16.3942,45.0789,13.5158,3.6203,38.5066,7.1747,0.9951,-0.3637,0.0,0.0,0.4994,0.4994,EXIT
2021-08-18,4,RF,TFC,16.2874,44.5735,13.5158,3.6203,38.5066,7.1747,0.9951,0.3311,0.0,0.0,0.4994,0.4994,HOLD_CASH
2021-08-19,4,RF,TFC,16.1723,44.1563,13.5158,3.6203,38.5066,7.1747,0.9951,0.7646,0.0,0.0,0.4994,0.4994,HOLD_CASH
2021-08-20,4,RF,TFC,16.4682,44.5895,13.5158,3.6203,38.5066,7.1747,0.9951,1.0902,0.0,0.0,0.4994,0.4994,HOLD_CASH
2021-08-23,4,RF,TFC,16.7313,44.9906,13.5158,3.6203,38.5066,7.1747,0.9951,1.2926,0.0,0.0,0.4994,0.4994,HOLD_CASH
2021-08-24,4,RF,TFC,16.9451,45.4961,13.5158,3.6203,38.5066,7.1747,0.9951,1.0567,0.0,0.0,0.4994,0.4994,HOLD_CASH
2021-08-25,4,RF,TFC,17.2082,46.178,13.5158,3.6203,38.5066,7.1747,0.9951,0.6754,0.0,0.0,0.4994,0.4994,HOLD_CASH
2021-08-26,4,RF,TFC,16.8958,45.7127,13.5158,3.6203,38.5066,7.1747,0.9951,0.3243,0.0,0.0,0.4994,0.4994,HOLD_CASH
2021-08-27,4,RF,TFC,17.2,46.5069,13.5158,3.6203,38.5066,7.1747,0.9951,-0.0503,0.0,0.0,0.4994,0.4994,HOLD_CASH
2021-08-30,4,RF,TFC,16.7231,45.5602,13.5158,3.6203,38.5066,7.1747,0.9951,-0.0034,0.0,0.0,0.4994,0.4994,HOLD_CASH
2021-08-31,4,RF,TFC,16.7971,45.7768,13.5158,3.6203,38.5066,7.1747,0.9951,-0.1187,0.0,0.0,0.4994,0.4994,HOLD_CASH
2021-09-01,4,RF,TFC,16.5505,45.1029,13.5158,3.6203,38.5066,7.1747,0.9951,0.3688,0.0,0.0,0.4994,0.4994,HOLD_CASH
2021-09-02,4,RF,TFC,16.6168,45.4078,13.5158,3.6203,38.5066,7.1747,0.9951,-0.0494,0.0,0.0,0.4994,0.4994,HOLD_CASH
2021-09-03,4,RF,TFC,16.3432,45.2875,13.5158,3.6203,38.5066,7.1747,0.9951,-1.032,0.0,0.0,0.4994,0.4994,HOLD_CASH
2021-09-07,4,RF,TFC,16.3183,44.9425,13.5158,3.6203,38.5066,7.1747,0.9951,-0.3319,0.0,0.0,0.4994,0.4994,HOLD_CASH
2021-09-08,4,RF,TFC,16.1607,44.6376,13.5158,3.6203,38.5066,7.1747,0.9951,-0.4719,0.0,0.0,0.4994,0.4994,HOLD_CASH
2021-09-09,4,RF,TFC,16.3017,44.7098,13.5158,3.6203,38.5066,7.1747,0.9951,-0.0248,0.0,0.0,0.4994,0.4994,HOLD_CASH
2021-09-10,4,RF,TFC,16.169,44.2846,13.5158,3.6203,38.5066,7.1747,0.9951,0.3994,0.0,0.0,0.4994,0.4994,HOLD_CASH
2021-09-13,4,RF,TFC,16.4924,45.111,13.5158,3.6203,38.5066,7.1747,0.9951,-0.2918,0.0,0.0,0.4994,0.4994,HOLD_CASH
2021-09-14,4,RF,TFC,16.1276,43.8274,13.5158,3.6203,38.5066,7.1747,0.9951,1.5416,0.0,0.0,0.4994,0.4994,HOLD_CASH
2021-09-15,4,RF,TFC,16.4178,44.5895,13.5158,3.6203,38.5066,7.1747,0.9951,0.8063,0.0,0.0,0.4994,0.4994,HOLD_CASH
2021-09-16,4,RF,TFC,16.451,44.3488,13.5158,3.6203,38.5066,7.1747,0.9951,1.6574,0.0,0.0,0.4994,0.4994,HOLD_CASH
2021-09-17,4,RF,TFC,16.4427,44.3889,13.5158,3.6203,38.5066,7.1747,0.9951,1.3557,0.0,0.0,0.4994,0.4994,HOLD_CASH
2021-09-20,4,RF,TFC,15.8871,43.0652,13.5158,3.6203,38.5066,7.1747,0.9951,1.8258,0.0,0.0,0.4994,0.4994,HOLD_CASH
2021-09-21,4,RF,TFC,15.8457,43.0572,13.5158,3.6203,38.5066,7.1747,0.9951,1.5338,0.0,0.0,0.4994,0.4994,HOLD_CASH
2021-09-22,4,RF,TFC,16.1856,43.9156,13.5158,3.6203,38.5066,7.1747,0.9951,1.0091,0.0,0.0,0.4994,0.4994,HOLD_CASH
2021-09-23,4,RF,TFC,16.9153,45.8009,13.5158,3.6203,38.5066,7.1747,0.9951,-0.1573,0.0,0.0,0.4994,0.4994,HOLD_CASH
2021-09-24,4,RF,TFC,17.1226,46.531,13.5158,3.6203,38.5066,7.1747,0.9951,-0.9608,0.0,0.0,0.4994,0.4994,HOLD_CASH
2021-09-27,4,RF,TFC,18.043,48.2558,13.5158,3.6203,38.5066,7.1747,0.9951,-0.6554,0.0,0.0,0.4994,0.4994,HOLD_CASH
2021-09-28,4,RF,TFC,17.8937,47.4856,13.5158,3.6203,38.5066,7.1747,0.9951,0.5593,0.0,0.0,0.4994,0.4994,HOLD_CASH
2021-09-29,4,RF,TFC,17.9849,47.6702,13.5158,3.6203,38.5066,7.1747,0.9951,0.492,0.0,0.0,0.4994,0.4994,HOLD_CASH
2021-09-30,4,RF,TFC,17.6699,47.0524,13.5158,3.6203,38.5066,7.1747,0.9951,0.4266,0.0,0.0,0.4994,0.4994,HOLD_CASH
2021-10-01,4,RF,TFC,18.0264,48.312,13.5158,3.6203,38.5066,7.1747,0.9951,-1.0272,0.0,0.0,0.4994,0.4994,HOLD_CASH
2021-10-04,4,RF,TFC,18.0927,48.1756,13.5158,3.6203,38.5066,7.1747,0.9951,-0.4364,0.0,0.0,0.4994,0.4994,HOLD_CASH
2021-10-05,4,RF,TFC,18.1176,48.3601,13.5158,3.6203,38.5066,7.1747,0.9951,-0.8854,0.0,0.0,0.4994,0.4994,HOLD_CASH
2021-10-06,4,RF,TFC,17.9932,48.2398,13.5158,3.6203,38.5066,7.1747,0.9951,-1.2938,0.0,0.0,0.4994,0.4994,HOLD_CASH
2021-10-07,4,RF,TFC,18.1176,48.5527,13.5158,3.6203,38.5066,7.1747,0.9951,-1.4027,0.0,0.0,0.4994,0.4994,HOLD_CASH
2021-10-08,4,RF,TFC,18.2586,48.8014,13.5158,3.6203,38.5066,7.1747,0.9951,-1.206,0.0,0.0,0.4994,0.4994,HOLD_CASH
2021-10-11,4,RF,TFC,18.1176,48.32,13.5158,3.6203,38.5066,7.1747,0.9951,-0.6419,0.0,0.0,0.4994,0.4994,HOLD_CASH
2021-10-12,4,RF,TFC,18.2834,48.32,13.5158,3.6203,38.5066,7.1747,0.9951,0.3332,0.0,0.0,0.4994,0.4994,HOLD_CASH
2021-10-13,4,RF,TFC,18.0181,48.0713,13.5158,3.6203,38.5066,7.1747,0.9951,-0.4348,0.0,0.0,0.4994,0.4994,HOLD_CASH
2021-10-14,4,RF,TFC,18.3415,48.6489,13.5158,3.6203,38.5066,7.1747,0.9951,-0.1733,0.0,0.0,0.4994,0.4994,HOLD_CASH
2021-10-15,4,RF,TFC,18.5985,49.2105,13.5158,3.6203,38.5066,7.1747,0.9951,-0.2555,0.0,0.0,0.4994,0.4994,HOLD_CASH
2021-10-18,4,RF,TFC,18.7146,49.5475,13.5158,3.6203,38.5066,7.1747,0.9951,-0.5229,0.0,0.0,0.4994,0.4994,HOLD_CASH
2021-10-19,4,RF,TFC,18.9219,50.1973,13.5158,3.6203,38.5066,7.1747,0.9951,-1.3569,0.0,0.0,0.4994,0.4994,HOLD_CASH
2021-10-20,4,RF,TFC,19.5023,51.2482,13.5158,3.6203,38.5066,7.1747,0.9951,-0.8686,0.0,0.0,0.4994,0.4994,HOLD_CASH
2021-10-21,4,RF,TFC,19.3033,51.0076,13.5158,3.6203,38.5066,7.1747,0.9951,-1.4081,0.0,0.0,0.4994,0.4994,HOLD_CASH
2021-10-22,4,RF,TFC,19.975,51.6975,13.5158,3.6203,38.5066,7.1747,0.9951,1.2792,0.0,0.0,0.4994,0.4994,HOLD_CASH
2021-10-25,4,RF,TFC,20.0828,51.8018,13.5158,3.6203,38.5066,7.1747,0.9951,1.5368,0.0,0.0,0.4994,0.4994,HOLD_CASH
2021-10-26,4,RF,TFC,19.9667,51.6975,13.5158,3.6203,38.5066,7.1747,0.9951,1.0698,0.0,0.0,0.4994,0.4994,HOLD_CASH
2021-10-27,4,RF,TFC,19.378,50.5503,13.5158,3.6203,38.5066,7.1747,0.9951,1.0164,0.0,0.0,0.4994,0.4994,HOLD_CASH
2021-10-28,4,RF,TFC,19.6848,51.2563,13.5158,3.6203,38.5066,7.1747,0.9951,0.6889,0.0,0.0,0.4994,0.4994,HOLD_CASH
2021-10-29,4,RF,TFC,19.635,50.9193,13.5158,3.6203,38.5066,7.1747,0.9951,1.5286,0.0,0.0,0.4994,0.4994,HOLD_CASH
2021-11-01,4,RF,TFC,20.0247,51.6895,13.5158,3.6203,38.5066,7.1747,0.9951,1.4016,0.0,0.0,0.4994,0.4994,HOLD_CASH
2021-11-02,4,RF,TFC,19.8672,51.5852,13.5158,3.6203,38.5066,7.1747,0.9951,0.5206,0.0,0.0,0.4994,0.4994,HOLD_CASH
2021-11-03,4,RF,TFC,20.4891,52.2591,13.5158,3.6203,38.5066,7.1747,0.9951,2.2409,-1.0,0.0,0.4161,0.4161,ENTER_SHORT_A
2021-11-04,4,RF,TFC,20.1242,51.152,13.5158,3.6203,38.5066,7.1747,0.9951,2.6886,-1.0,-0.3407,0.4161,0.0754,HOLDING
2021-11-05,4,RF,TFC,20.1574,51.5772,13.5158,3.6203,38.5066,7.1747,0.9951,1.4971,-1.0,-0.0191,0.4161,0.397,HOLDING
2021-11-08,4,RF,TFC,20.3149,51.9622,13.5158,3.6203,38.5066,7.1747,0.9951,1.1722,-1.0,0.0447,0.4161,0.4608,HOLDING
2021-11-09,4,RF,TFC,20.1823,51.9382,13.5158,3.6203,38.5066,7.1747,0.9951,0.5102,-1.0,0.2598,0.4161,0.6759,HOLDING
2021-11-10,4,RF,TFC,20.0413,51.6391,13.5158,3.6203,38.5066,7.1747,0.9951,0.5002,-1.0,0.2434,0.4161,0.6595,HOLDING
2021-11-11,4,RF,TFC,19.9999,51.2754,13.5158,3.6203,38.5066,7.1747,0.9951,1.123,-1.0,-0.0084,0.4161,0.4077,HOLDING
2021-11-12,4,RF,TFC,19.8589,50.6773,13.5158,3.6203,38.5066,7.1747,0.9951,1.6838,-1.0,-0.2926,0.4161,0.1235,HOLDING
2021-11-15,4,RF,TFC,20.0994,51.1461,13.5158,3.6203,38.5066,7.1747,0.9951,1.515,-1.0,-0.3016,0.4161,0.1145,HOLDING
2021-11-16,4,RF,TFC,20.1076,51.3643,13.5158,3.6203,38.5066,7.1747,0.9951,0.9681,-1.0,-0.121,0.4161,0.2951,HOLDING
2021-11-17,4,RF,TFC,19.9252,50.4591,13.5158,3.6203,38.5066,7.1747,0.9951,2.0236,-1.0,-0.6063,0.4161,-0.1902,HOLDING
2021-11-18,4,RF,TFC,19.8174,50.0065,13.5158,3.6203,38.5066,7.1747,0.9951,2.3103,-1.0,-0.8194,0.4161,-0.4032,HOLDING
2021-11-19,4,RF,TFC,19.6433,49.0123,13.5158,3.6203,38.5066,7.1747,0.9951,2.7772,-1.0,-1.399,0.4161,-0.9829,HOLDING
2021-11-22,4,RF,TFC,19.9418,50.2085,13.5158,3.6203,38.5066,7.1747,0.9951,1.49,-1.0,-0.8602,0.4161,-0.4441,HOLDING
2021-11-23,4,RF,TFC,20.3896,50.847,13.5158,3.6203,38.5066,7.1747,0.9951,1.6797,-1.0,-1.087,0.4161,-0.6708,HOLDING
2021-11-24,4,RF,TFC,20.3813,50.8309,13.5158,3.6203,38.5066,7.1747,0.9951,1.493,-1.0,-1.0866,0.4161,-0.6705,HOLDING
2021-11-26,4,RF,TFC,19.4609,48.5597,13.5158,3.6203,38.5066,7.1747,0.9951,1.8932,-1.0,-1.479,0.4161,-1.0629,HOLDING
2021-11-29,4,RF,TFC,19.5189,49.3518,13.5158,3.6203,38.5066,7.1747,0.9951,0.8033,-1.0,-0.8732,0.4161,-0.4571,HOLDING
2021-11-30,4,RF,TFC,18.8639,47.9373,13.5158,3.6203,38.5066,7.1747,0.9951,0.8776,-1.0,-0.9716,0.4161,-0.5555,HOLDING
2021-12-01,4,RF,TFC,18.3664,47.1614,13.5158,3.6203,38.5066,7.1747,0.9951,0.4715,0.0,0.0,-0.438,-0.438,EXIT
2021-12-02,4,RF,TFC,18.9095,48.8022,13.5158,3.6203,38.5066,7.1747,0.9951,-0.4923,0.0,0.0,-0.438,-0.438,HOLD_CASH
2021-12-03,4,RF,TFC,18.2995,47.2665,13.5158,3.6203,38.5066,7.1747,0.9951,0.0301,0.0,0.0,-0.438,-0.438,HOLD_CASH
2021-12-06,4,RF,TFC,18.7507,48.0909,13.5158,3.6203,38.5066,7.1747,0.9951,0.1009,0.0,0.0,-0.438,-0.438,HOLD_CASH
2021-12-07,4,RF,TFC,19.11,48.9638,13.5158,3.6203,38.5066,7.1747,0.9951,-0.2365,0.0,0.0,-0.438,-0.438,HOLD_CASH
2021-12-08,4,RF,TFC,18.9179,48.3011,13.5158,3.6203,38.5066,7.1747,0.9951,0.1894,0.0,0.0,-0.438,-0.438,HOLD_CASH
2021-12-09,4,RF,TFC,18.6254,48.1879,13.5158,3.6203,38.5066,7.1747,0.9951,-0.9044,0.0,0.0,-0.438,-0.438,HOLD_CASH
2021-12-10,4,RF,TFC,18.5753,48.002,13.5158,3.6203,38.5066,7.1747,0.9951,-0.814,0.0,0.0,-0.438,-0.438,HOLD_CASH
2021-12-13,4,RF,TFC,17.9235,46.8785,13.5158,3.6203,38.5066,7.1747,0.9951,-1.2129,0.0,0.0,-0.438,-0.438,HOLD_CASH
2021-12-14,4,RF,TFC,18.241,47.412,13.5158,3.6203,38.5066,7.1747,0.9951,-0.9875,0.0,0.0,-0.438,-0.438,HOLD_CASH
2021-12-15,4,RF,TFC,18.2745,47.3392,13.5158,3.6203,38.5066,7.1747,0.9951,-0.7416,0.0,0.0,-0.438,-0.438,HOLD_CASH
2021-12-16,4,RF,TFC,18.3497,47.8323,13.5158,3.6203,38.5066,7.1747,0.9951,-1.4494,0.0,0.0,-0.438,-0.438,HOLD_CASH
2021-12-17,4,RF,TFC,17.7731,46.1592,13.5158,3.6203,38.5066,7.1747,0.9951,-0.184,0.0,0.0,-0.438,-0.438,HOLD_CASH
2021-12-20,4,RF,TFC,17.2884,44.9953,13.5158,3.6203,38.5066,7.1747,0.9951,0.4058,0.0,0.0,-0.438,-0.438,HOLD_CASH
2021-12-21,4,RF,TFC,17.8149,46.1673,13.5158,3.6203,38.5066,7.1747,0.9951,0.1081,0.0,0.0,-0.438,-0.438,HOLD_CASH
2021-12-22,4,RF,TFC,17.8316,46.3451,13.5158,3.6203,38.5066,7.1747,0.9951,-0.2061,0.0,0.0,-0.438,-0.438,HOLD_CASH
2021-12-23,4,RF,TFC,17.982,46.6926,13.5158,3.6203,38.5066,7.1747,0.9951,-0.2658,0.0,0.0,-0.438,-0.438,HOLD_CASH
2021-12-27,4,RF,TFC,18.2912,47.2503,13.5158,3.6203,38.5066,7.1747,0.9951,0.0765,0.0,0.0,-0.438,-0.438,HOLD_CASH
2021-12-28,4,RF,TFC,18.2577,47.4443,13.5158,3.6203,38.5066,7.1747,0.9951,-0.8925,0.0,0.0,-0.438,-0.438,HOLD_CASH
2021-12-29,4,RF,TFC,18.2577,47.509,13.5158,3.6203,38.5066,7.1747,0.9951,-1.115,0.0,0.0,-0.438,-0.438,HOLD_CASH
2021-12-30,4,RF,TFC,18.2745,47.2827,13.5158,3.6203,38.5066,7.1747,0.9951,0.1897,0.0,0.0,-0.438,-0.438,HOLD_CASH
2021-07-02,5,MTB,ZION,125.3873,45.141,109.9211,21.223,36.9791,9.0894,0.9951,0.0,0.0,0.0,0.0,0.0,HOLD_CASH
2021-07-06,5,MTB,ZION,121.6582,43.8358,109.9211,21.223,36.9791,9.0894,0.9951,0.0,0.0,0.0,0.0,0.0,HOLD_CASH
2021-07-07,5,MTB,ZION,121.5809,43.4883,109.9211,21.223,36.9791,9.0894,0.9951,0.0,0.0,0.0,0.0,0.0,HOLD_CASH
2021-07-08,5,MTB,ZION,118.187,42.2424,109.9211,21.223,36.9791,9.0894,0.9951,0.0,0.0,0.0,0.0,0.0,HOLD_CASH
2021-07-09,5,MTB,ZION,122.2941,44.3189,109.9211,21.223,36.9791,9.0894,0.9951,0.0,0.0,0.0,0.0,0.0,HOLD_CASH
2021-07-12,5,MTB,ZION,123.0244,44.5732,109.9211,21.223,36.9791,9.0894,0.9951,0.0,0.0,0.0,0.0,0.0,HOLD_CASH
2021-07-13,5,MTB,ZION,121.2974,43.573,109.9211,21.223,36.9791,9.0894,0.9951,0.0,0.0,0.0,0.0,0.0,HOLD_CASH
2021-07-14,5,MTB,ZION,120.3351,43.5307,109.9211,21.223,36.9791,9.0894,0.9951,0.0,0.0,0.0,0.0,0.0,HOLD_CASH
2021-07-15,5,MTB,ZION,121.3146,43.7934,109.9211,21.223,36.9791,9.0894,0.9951,0.0,0.0,0.0,0.0,0.0,HOLD_CASH
2021-07-16,5,MTB,ZION,117.5598,42.039,109.9211,21.223,36.9791,9.0894,0.9951,0.0,0.0,0.0,0.0,0.0,HOLD_CASH
2021-07-19,5,MTB,ZION,112.7309,40.4286,109.9211,21.223,36.9791,9.0894,0.9951,0.0,0.0,0.0,0.0,0.0,HOLD_CASH
2021-07-20,5,MTB,ZION,116.0303,42.5475,109.9211,21.223,36.9791,9.0894,0.9951,0.0,0.0,0.0,0.0,0.0,HOLD_CASH
2021-07-21,5,MTB,ZION,114.3204,43.768,109.9211,21.223,36.9791,9.0894,0.9951,0.0,0.0,0.0,0.0,0.0,HOLD_CASH
2021-07-22,5,MTB,ZION,110.832,42.6492,109.9211,21.223,36.9791,9.0894,0.9951,0.0,0.0,0.0,0.0,0.0,HOLD_CASH
2021-07-23,5,MTB,ZION,111.1241,43.1069,109.9211,21.223,36.9791,9.0894,0.9951,0.0,0.0,0.0,0.0,0.0,HOLD_CASH
2021-07-26,5,MTB,ZION,113.6331,43.6324,109.9211,21.223,36.9791,9.0894,0.9951,0.0,0.0,0.0,0.0,0.0,HOLD_CASH
2021-07-27,5,MTB,ZION,115.1023,43.8019,109.9211,21.223,36.9791,9.0894,0.9951,0.0,0.0,0.0,0.0,0.0,HOLD_CASH
2021-07-28,5,MTB,ZION,115.532,44.3782,109.9211,21.223,36.9791,9.0894,0.9951,0.0,0.0,0.0,0.0,0.0,HOLD_CASH
2021-07-29,5,MTB,ZION,116.1936,44.785,109.9211,21.223,36.9791,9.0894,0.9951,0.0,0.0,0.0,0.0,0.0,HOLD_CASH
2021-07-30,5,MTB,ZION,115.0078,44.2002,109.9211,21.223,36.9791,9.0894,0.9951,-1.1431,0.0,0.0,0.0,0.0,HOLD_CASH
2021-08-02,5,MTB,ZION,114.5868,43.7595,109.9211,21.223,36.9791,9.0894,0.9951,-0.889,0.0,0.0,0.0,0.0,HOLD_CASH
2021-08-03,5,MTB,ZION,117.0614,44.7003,109.9211,21.223,36.9791,9.0894,0.9951,-0.7311,0.0,0.0,0.0,0.0,HOLD_CASH
2021-08-04,5,MTB,ZION,114.3033,44.268,109.9211,21.223,36.9791,9.0894,0.9951,-1.0963,0.0,0.0,0.0,0.0,HOLD_CASH
2021-08-05,5,MTB,ZION,115.4632,45.0224,109.9211,21.223,36.9791,9.0894,0.9951,-1.1427,0.0,0.0,0.0,0.0,HOLD_CASH
2021-08-06,5,MTB,ZION,118.5564,46.6073,109.9211,21.223,36.9791,9.0894,0.9951,-1.1822,0.0,0.0,0.0,0.0,HOLD_CASH
2021-08-09,5,MTB,ZION,118.9947,46.2344,109.9211,21.223,36.9791,9.0894,0.9951,-0.7395,0.0,0.0,0.0,0.0,HOLD_CASH
2021-08-10,5,MTB,ZION,120.3007,46.887,109.9211,21.223,36.9791,9.0894,0.9951,-0.7261,0.0,0.0,0.0,0.0,HOLD_CASH
2021-08-11,5,MTB,ZION,122.5691,47.7575,109.9211,21.223,36.9791,9.0894,0.9951,-0.5755,0.0,0.0,0.0,0.0,HOLD_CASH
2021-08-12,5,MTB,ZION,121.6926,47.7404,109.9211,21.223,36.9791,9.0894,0.9951,-0.8001,0.0,0.0,0.0,0.0,HOLD_CASH
2021-08-13,5,MTB,ZION,120.2405,47.2881,109.9211,21.223,36.9791,9.0894,0.9951,-0.9625,0.0,0.0,0.0,0.0,HOLD_CASH
2021-08-16,5,MTB,ZION,119.5016,46.9723,109.9211,21.223,36.9791,9.0894,0.9951,-1.0543,0.0,0.0,0.0,0.0,HOLD_CASH
2021-08-17,5,MTB,ZION,118.6596,46.392,109.9211,21.223,36.9791,9.0894,0.9951,-0.8392,0.0,0.0,0.0,0.0,HOLD_CASH
2021-08-18,5,MTB,ZION,117.5254,45.7775,109.9211,21.223,36.9791,9.0894,0.9951,-0.4648,0.0,0.0,0.0,0.0,HOLD_CASH
2021-08-19,5,MTB,ZION,115.7038,45.3764,109.9211,21.223,36.9791,9.0894,0.9951,-1.2799,0.0,0.0,0.0,0.0,HOLD_CASH
2021-08-20,5,MTB,ZION,116.5974,45.9738,109.9211,21.223,36.9791,9.0894,0.9951,-1.6113,0.0,0.0,0.0,0.0,HOLD_CASH
2021-08-23,5,MTB,ZION,117.6457,46.8102,109.9211,21.223,36.9791,9.0894,0.9951,-2.0522,1.0,0.0,-0.0833,-0.0833,ENTER_LONG_A
2021-08-24,5,MTB,ZION,119.2524,47.6209,109.9211,21.223,36.9791,9.0894,0.9951,-2.013,1.0,-0.1019,-0.0833,-0.1853,HOLDING
2021-08-25,5,MTB,ZION,121.684,48.4232,109.9211,21.223,36.9791,9.0894,0.9951,-1.3852,1.0,0.107,-0.0833,0.0236,HOLDING
2021-08-26,5,MTB,ZION,120.0858,47.5783,109.9211,21.223,36.9791,9.0894,0.9951,-0.9877,1.0,0.2413,-0.0833,0.158,HOLDING
2021-08-27,5,MTB,ZION,122.1652,49.9678,109.9211,21.223,36.9791,9.0894,0.9951,-2.7878,1.0,-1.0369,-0.0833,-1.1203,HOLDING
2021-08-30,5,MTB,ZION,119.4071,48.8157,109.9211,21.223,36.9791,9.0894,0.9951,-2.3476,1.0,-1.0668,-0.0833,-1.1501,HOLDING
2021-08-31,5,MTB,ZION,121.2605,49.4131,109.9211,21.223,36.9791,9.0894,0.9951,-1.8663,1.0,-0.8955,-0.0833,-0.9789,HOLDING
2021-09-01,5,MTB,ZION,120.5763,48.7901,109.9211,21.223,36.9791,9.0894,0.9951,-1.2882,1.0,-0.6146,-0.0833,-0.6979,HOLDING
2021-09-02,5,MTB,ZION,120.6283,48.7731,109.9211,21.223,36.9791,9.0894,0.9951,-1.1161,1.0,-0.5808,-0.0833,-0.6642,HOLDING
2021-09-03,5,MTB,ZION,120.3511,48.7475,109.9211,21.223,36.9791,9.0894,0.9951,-1.1145,1.0,-0.661,-0.0833,-0.7443,HOLDING
2021-09-07,5,MTB,ZION,119.8834,49.0718,109.9211,21.223,36.9791,9.0894,0.9951,-1.5581,1.0,-1.1104,-0.0833,-1.1938,HOLDING
2021-09-08,5,MTB,ZION,118.8788,48.2183,109.9211,21.223,36.9791,9.0894,0.9951,-0.9636,1.0,-0.7504,-0.0833,-0.8337,HOLDING
2021-09-09,5,MTB,ZION,119.4764,49.123,109.9211,21.223,36.9791,9.0894,0.9951,-1.5676,1.0,-1.3041,-0.0833,-1.3874,HOLDING
2021-09-10,5,MTB,ZION,117.5797,48.9693,109.9211,21.223,36.9791,9.0894,0.9951,-2.0047,1.0,-1.8708,-0.0833,-1.9541,HOLDING
2021-09-13,5,MTB,ZION,119.0433,49.763,109.9211,21.223,36.9791,9.0894,0.9951,-1.876,1.0,-2.0108,-0.0833,-2.0942,HOLDING
2021-09-14,5,MTB,ZION,115.7695,48.5256,109.9211,21.223,36.9791,9.0894,0.9951,-1.7837,1.0,-2.1575,-0.0833,-2.2409,HOLDING
2021-09-15,5,MTB,ZION,118.8788,49.4814,109.9211,21.223,36.9791,9.0894,0.9951,-1.291,1.0,-1.8305,-0.0833,-1.9139,HOLDING
2021-09-16,5,MTB,ZION,119.0953,49.2424,109.9211,21.223,36.9791,9.0894,0.9951,-0.8921,1.0,-1.5465,-0.0833,-1.6298,HOLDING
2021-09-17,5,MTB,ZION,119.1299,48.7219,109.9211,21.223,36.9791,9.0894,0.9951,-0.2526,0.0,0.0,-1.2574,-1.2574,EXIT
2021-09-20,5,MTB,ZION,116.0034,47.51,109.9211,21.223,36.9791,9.0894,0.9951,-0.3264,0.0,0.0,-1.2574,-1.2574,HOLD_CASH
2021-09-21,5,MTB,ZION,115.527,47.254,109.9211,21.223,36.9791,9.0894,0.9951,-0.1919,0.0,0.0,-1.2574,-1.2574,HOLD_CASH
2021-09-22,5,MTB,ZION,118.2205,48.5682,109.9211,21.223,36.9791,9.0894,0.9951,-0.3191,0.0,0.0,-1.2574,-1.2574,HOLD_CASH
2021-09-23,5,MTB,ZION,122.9407,50.6591,109.9211,21.223,36.9791,9.0894,0.9951,-0.3176,0.0,0.0,-1.2574,-1.2574,HOLD_CASH
2021-09-24,5,MTB,ZION,124.0753,51.4187,109.9211,21.223,36.9791,9.0894,0.9951,-0.6935,0.0,0.0,-1.2574,-1.2574,HOLD_CASH
2021-09-27,5,MTB,ZION,130.978,53.6717,109.9211,21.223,36.9791,9.0894,0.9951,0.6266,0.0,0.0,-1.2574,-1.2574,HOLD_CASH
2021-09-28,5,MTB,ZION,130.8914,53.5437,109.9211,21.223,36.9791,9.0894,0.9951,0.7649,0.0,0.0,-1.2574,-1.2574,HOLD_CASH
2021-09-29,5,MTB,ZION,132.5023,54.3971,109.9211,21.223,36.9791,9.0894,0.9951,0.4904,0.0,0.0,-1.2574,-1.2574,HOLD_CASH
2021-09-30,5,MTB,ZION,129.3411,52.8183,109.9211,21.223,36.9791,9.0894,0.9951,0.9425,0.0,0.0,-1.2574,-1.2574,HOLD_CASH
2021-10-01,5,MTB,ZION,132.3377,54.3203,109.9211,21.223,36.9791,9.0894,0.9951,0.6224,0.0,0.0,-1.2574,-1.2574,HOLD_CASH
2021-10-04,5,MTB,ZION,133.0739,54.4483,109.9211,21.223,36.9791,9.0894,0.9951,1.0545,0.0,0.0,-1.2574,-1.2574,HOLD_CASH
2021-10-05,5,MTB,ZION,133.2125,54.1581,109.9211,21.223,36.9791,9.0894,0.9951,1.593,0.0,0.0,-1.2574,-1.2574,HOLD_CASH
2021-10-06,5,MTB,ZION,131.8527,53.5949,109.9211,21.223,36.9791,9.0894,0.9951,1.4894,0.0,0.0,-1.2574,-1.2574,HOLD_CASH
2021-10-07,5,MTB,ZION,133.1086,53.8253,109.9211,21.223,36.9791,9.0894,0.9951,1.7808,0.0,0.0,-1.2574,-1.2574,HOLD_CASH
2021-10-08,5,MTB,ZION,133.1518,54.1667,109.9211,21.223,36.9791,9.0894,0.9951,1.1211,0.0,0.0,-1.2574,-1.2574,HOLD_CASH
2021-10-11,5,MTB,ZION,131.1944,53.2877,109.9211,21.223,36.9791,9.0894,0.9951,1.1004,0.0,0.0,-1.2574,-1.2574,HOLD_CASH
2021-10-12,5,MTB,ZION,130.5103,53.5181,109.9211,21.223,36.9791,9.0894,0.9951,0.0187,0.0,0.0,-1.2574,-1.2574,HOLD_CASH
2021-10-13,5,MTB,ZION,129.2458,53.0316,109.9211,21.223,36.9791,9.0894,0.9951,-0.2389,0.0,0.0,-1.2574,-1.2574,HOLD_CASH
2021-10-14,5,MTB,ZION,130.7961,53.4583,109.9211,21.223,36.9791,9.0894,0.9951,0.2873,0.0,0.0,-1.2574,-1.2574,HOLD_CASH
2021-10-15,5,MTB,ZION,130.8914,53.0316,109.9211,21.223,36.9791,9.0894,0.9951,1.3951,0.0,0.0,-1.2574,-1.2574,HOLD_CASH
2021-10-18,5,MTB,ZION,130.6402,53.1084,109.9211,21.223,36.9791,9.0894,0.9951,0.825,0.0,0.0,-1.2574,-1.2574,HOLD_CASH
2021-10-19,5,MTB,ZION,131.3331,53.9789,109.9211,21.223,36.9791,9.0894,0.9951,-0.6907,0.0,0.0,-1.2574,-1.2574,HOLD_CASH
2021-10-20,5,MTB,ZION,138.9286,55.5578,109.9211,21.223,36.9791,9.0894,0.9951,2.7908,-1.0,0.0,-1.3407,-1.3407,ENTER_SHORT_A
2021-10-21,5,MTB,ZION,138.3657,55.1054,109.9211,21.223,36.9791,9.0894,0.9951,2.5396,-1.0,-0.1517,-1.3407,-1.4925,HOLDING
2021-10-22,5,MTB,ZION,138.4696,56.6587,109.9211,21.223,36.9791,9.0894,0.9951,-0.2412,0.0,0.0,-0.4867,-0.4867,EXIT
2021-10-25,5,MTB,ZION,137.7075,56.4283,109.9211,21.223,36.9791,9.0894,0.9951,-0.4499,0.0,0.0,-0.4867,-0.4867,HOLD_CASH
2021-10-26,5,MTB,ZION,134.5722,55.7199,109.9211,21.223,36.9791,9.0894,0.9951,-1.5558,0.0,0.0,-0.4867,-0.4867,HOLD_CASH
2021-10-27,5,MTB,ZION,129.1419,53.6632,109.9211,21.223,36.9791,9.0894,0.9951,-1.8406,0.0,0.0,-0.4867,-0.4867,HOLD_CASH
2021-10-28,5,MTB,ZION,128.2411,53.6546,109.9211,21.223,36.9791,9.0894,0.9951,-2.0749,1.0,0.0,-0.57,-0.57,ENTER_LONG_A
2021-10-29,5,MTB,ZION,127.4183,53.757,109.9211,21.223,36.9791,9.0894,0.9951,-2.2496,1.0,-0.3495,-0.57,-0.9195,HOLDING
2021-11-01,5,MTB,ZION,132.2598,54.7811,109.9211,21.223,36.9791,9.0894,0.9951,-0.8472,1.0,0.4617,-0.57,-0.1083,HOLDING
2021-11-02,5,MTB,ZION,133.2211,54.5593,109.9211,21.223,36.9791,9.0894,0.9951,-0.0339,0.0,0.0,0.2927,0.2927,EXIT
2021-11-03,5,MTB,ZION,137.9933,56.1381,109.9211,21.223,36.9791,9.0894,0.9951,0.5508,0.0,0.0,0.2927,0.2927,HOLD_CASH
2021-11-04,5,MTB,ZION,133.5243,54.8665,109.9211,21.223,36.9791,9.0894,0.9951,-0.2098,0.0,0.0,0.2927,0.2927,HOLD_CASH
2021-11-05,5,MTB,ZION,134.3211,55.3103,109.9211,21.223,36.9791,9.0894,0.9951,-0.298,0.0,0.0,0.2927,0.2927,HOLD_CASH
2021-11-08,5,MTB,ZION,135.6202,55.7797,109.9211,21.223,36.9791,9.0894,0.9951,-0.1479,0.0,0.0,0.2927,0.2927,HOLD_CASH
2021-11-09,5,MTB,ZION,133.9053,55.9256,109.9211,21.223,36.9791,9.0894,0.9951,-1.1722,0.0,0.0,0.2927,0.2927,HOLD_CASH
2021-11-10,5,MTB,ZION,135.4469,55.8569,109.9211,21.223,36.9791,9.0894,0.9951,-0.2608,0.0,0.0,0.2927,0.2927,HOLD_CASH
2021-11-11,5,MTB,ZION,137.898,56.5608,109.9211,21.223,36.9791,9.0894,0.9951,0.1735,0.0,0.0,0.2927,0.2927,HOLD_CASH
2021-11-12,5,MTB,ZION,138.4609,56.2089,109.9211,21.223,36.9791,9.0894,0.9951,0.8953,0.0,0.0,0.2927,0.2927,HOLD_CASH
2021-11-15,5,MTB,ZION,138.7554,56.9557,109.9211,21.223,36.9791,9.0894,0.9951,0.1592,0.0,0.0,0.2927,0.2927,HOLD_CASH
2021-11-16,5,MTB,ZION,138.9373,57.0329,109.9211,21.223,36.9791,9.0894,0.9951,0.147,0.0,0.0,0.2927,0.2927,HOLD_CASH
2021-11-17,5,MTB,ZION,139.5869,56.9042,109.9211,21.223,36.9791,9.0894,0.9951,0.7937,0.0,0.0,0.2927,0.2927,HOLD_CASH
2021-11-18,5,MTB,ZION,138.0712,56.8441,109.9211,21.223,36.9791,9.0894,0.9951,0.1389,0.0,0.0,0.2927,0.2927,HOLD_CASH
2021-11-19,5,MTB,ZION,136.2957,56.1488,109.9211,21.223,36.9791,9.0894,0.9951,0.0588,0.0,0.0,0.2927,0.2927,HOLD_CASH
2021-11-22,5,MTB,ZION,139.7601,56.8698,109.9211,21.223,36.9791,9.0894,0.9951,1.3013,0.0,0.0,0.2927,0.2927,HOLD_CASH
2021-11-23,5,MTB,ZION,140.1758,58.0373,109.9211,21.223,36.9791,9.0894,0.9951,-0.353,0.0,0.0,0.2927,0.2927,HOLD_CASH
2021-11-24,5,MTB,ZION,139.8467,57.9343,109.9211,21.223,36.9791,9.0894,0.9951,-0.4553,0.0,0.0,0.2927,0.2927,HOLD_CASH
2021-11-26,5,MTB,ZION,133.3684,55.0843,109.9211,21.223,36.9791,9.0894,0.9951,-0.4504,0.0,0.0,0.2927,0.2927,HOLD_CASH
2021-11-29,5,MTB,ZION,132.8184,55.7196,109.9211,21.223,36.9791,9.0894,0.9951,-2.2977,1.0,0.0,0.2094,0.2094,ENTER_LONG_A
2021-11-30,5,MTB,ZION,127.9739,54.1487,109.9211,21.223,36.9791,9.0894,0.9951,-2.6005,1.0,-0.3796,0.2094,-0.1702,HOLDING
2021-12-01,5,MTB,ZION,125.7306,53.5392,109.9211,21.223,36.9791,9.0894,0.9951,-2.4607,1.0,-0.6424,0.2094,-0.433,HOLDING
2021-12-02,5,MTB,ZION,131.5615,54.9813,109.9211,21.223,36.9791,9.0894,0.9951,-0.9313,1.0,0.1456,0.2094,0.355,HOLDING
2021-12-03,5,MTB,ZION,128.2794,53.1443,109.9211,21.223,36.9791,9.0894,0.9951,-0.3185,0.0,0.0,0.5883,0.5883,EXIT
2021-12-06,5,MTB,ZION,132.3995,54.8268,109.9211,21.223,36.9791,9.0894,0.9951,-0.1719,0.0,0.0,0.5883,0.5883,HOLD_CASH
2021-12-07,5,MTB,ZION,133.2985,55.3161,109.9211,21.223,36.9791,9.0894,0.9951,-0.2756,0.0,0.0,0.5883,0.5883,HOLD_CASH
2021-12-08,5,MTB,ZION,132.6351,54.389,109.9211,21.223,36.9791,9.0894,0.9951,0.5373,0.0,0.0,0.5883,0.5883,HOLD_CASH
2021-12-09,5,MTB,ZION,132.8883,54.0886,109.9211,21.223,36.9791,9.0894,0.9951,1.0247,0.0,0.0,0.5883,0.5883,HOLD_CASH
2021-12-10,5,MTB,ZION,132.8621,54.2602,109.9211,21.223,36.9791,9.0894,0.9951,0.7663,0.0,0.0,0.5883,0.5883,HOLD_CASH
2021-12-13,5,MTB,ZION,128.8643,52.5091,109.9211,21.223,36.9791,9.0894,0.9951,0.8648,0.0,0.0,0.5883,0.5883,HOLD_CASH
2021-12-14,5,MTB,ZION,130.4267,53.4534,109.9211,21.223,36.9791,9.0894,0.9951,0.4983,0.0,0.0,0.5883,0.5883,HOLD_CASH
2021-12-15,5,MTB,ZION,131.4742,53.874,109.9211,21.223,36.9791,9.0894,0.9951,0.5449,0.0,0.0,0.5883,0.5883,HOLD_CASH
2021-12-16,5,MTB,ZION,133.7088,54.4834,109.9211,21.223,36.9791,9.0894,0.9951,1.0489,0.0,0.0,0.5883,0.5883,HOLD_CASH
2021-12-17,5,MTB,ZION,128.4453,52.5348,109.9211,21.223,36.9791,9.0894,0.9951,0.5918,0.0,0.0,0.5883,0.5883,HOLD_CASH
2021-12-20,5,MTB,ZION,126.3067,50.9897,109.9211,21.223,36.9791,9.0894,0.9951,1.3309,0.0,0.0,0.5883,0.5883,HOLD_CASH
2021-12-21,5,MTB,ZION,130.1038,52.9211,109.9211,21.223,36.9791,9.0894,0.9951,0.9675,0.0,0.0,0.5883,0.5883,HOLD_CASH
2021-12-22,5,MTB,ZION,131.3782,53.1014,109.9211,21.223,36.9791,9.0894,0.9951,1.3163,0.0,0.0,0.5883,0.5883,HOLD_CASH
2021-12-23,5,MTB,ZION,131.7622,53.5306,109.9211,21.223,36.9791,9.0894,0.9951,0.9009,0.0,0.0,0.5883,0.5883,HOLD_CASH
2021-12-27,5,MTB,ZION,133.9706,54.0886,109.9211,21.223,36.9791,9.0894,0.9951,1.2548,0.0,0.0,0.5883,0.5883,HOLD_CASH
2021-12-28,5,MTB,ZION,134.5904,54.1744,109.9211,21.223,36.9791,9.0894,0.9951,1.3281,0.0,0.0,0.5883,0.5883,HOLD_CASH
2021-12-29,5,MTB,ZION,134.5119,54.4663,109.9211,21.223,36.9791,9.0894,0.9951,0.8821,0.0,0.0,0.5883,0.5883,HOLD_CASH
2021-12-30,5,MTB,ZION,133.7088,54.1916,109.9211,21.223,36.9791,9.0894,0.9951,0.8096,0.0,0.0,0.5883,0.5883,HOLD_CASH
2021-07-02,6,JPM,KEY,139.0099,16.4128,112.0924,22.7256,13.1788,3.2223,0.9949,0.0,0.0,0.0,0.0,0.0,HOLD_CASH
2021-07-06,6,JPM,KEY,136.6757,15.89,112.0924,22.7256,13.1788,3.2223,0.9949,0.0,0.0,0.0,0.0,0.0,HOLD_CASH
2021-07-07,6,JPM,KEY,136.836,15.7712,112.0924,22.7256,13.1788,3.2223,0.9949,0.0,0.0,0.0,0.0,0.0,HOLD_CASH
2021-07-08,6,JPM,KEY,134.4751,15.3672,112.0924,22.7256,13.1788,3.2223,0.9949,0.0,0.0,0.0,0.0,0.0,HOLD_CASH
2021-07-09,6,JPM,KEY,138.7783,15.9772,112.0924,22.7256,13.1788,3.2223,0.9949,0.0,0.0,0.0,0.0,0.0,HOLD_CASH
2021-07-12,6,JPM,KEY,140.765,16.1752,112.0924,22.7256,13.1788,3.2223,0.9949,0.0,0.0,0.0,0.0,0.0,HOLD_CASH
2021-07-13,6,JPM,KEY,138.6714,15.898,112.0924,22.7256,13.1788,3.2223,0.9949,0.0,0.0,0.0,0.0,0.0,HOLD_CASH
2021-07-14,6,JPM,KEY,138.1992,15.8346,112.0924,22.7256,13.1788,3.2223,0.9949,0.0,0.0,0.0,0.0,0.0,HOLD_CASH
2021-07-15,6,JPM,KEY,138.5021,15.9692,112.0924,22.7256,13.1788,3.2223,0.9949,0.0,0.0,0.0,0.0,0.0,HOLD_CASH
2021-07-16,6,JPM,KEY,135.3393,15.3276,112.0924,22.7256,13.1788,3.2223,0.9949,0.0,0.0,0.0,0.0,0.0,HOLD_CASH
2021-07-19,6,JPM,KEY,130.9382,14.6464,112.0924,22.7256,13.1788,3.2223,0.9949,0.0,0.0,0.0,0.0,0.0,HOLD_CASH
2021-07-20,6,JPM,KEY,133.3793,15.1296,112.0924,22.7256,13.1788,3.2223,0.9949,0.0,0.0,0.0,0.0,0.0,HOLD_CASH
2021-07-21,6,JPM,KEY,136.1857,15.3752,112.0924,22.7256,13.1788,3.2223,0.9949,0.0,0.0,0.0,0.0,0.0,HOLD_CASH
2021-07-22,6,JPM,KEY,134.4662,15.0504,112.0924,22.7256,13.1788,3.2223,0.9949,0.0,0.0,0.0,0.0,0.0,HOLD_CASH
2021-07-23,6,JPM,KEY,134.2079,15.1296,112.0924,22.7256,13.1788,3.2223,0.9949,0.0,0.0,0.0,0.0,0.0,HOLD_CASH
2021-07-26,6,JPM,KEY,135.1077,15.3276,112.0924,22.7256,13.1788,3.2223,0.9949,0.0,0.0,0.0,0.0,0.0,HOLD_CASH
2021-07-27,6,JPM,KEY,134.9295,15.3355,112.0924,22.7256,13.1788,3.2223,0.9949,0.0,0.0,0.0,0.0,0.0,HOLD_CASH
2021-07-28,6,JPM,KEY,135.1523,15.5177,112.0924,22.7256,13.1788,3.2223,0.9949,0.0,0.0,0.0,0.0,0.0,HOLD_CASH
2021-07-29,6,JPM,KEY,136.3104,15.7395,112.0924,22.7256,13.1788,3.2223,0.9949,0.0,0.0,0.0,0.0,0.0,HOLD_CASH
2021-07-30,6,JPM,KEY,135.2235,15.5732,112.0924,22.7256,13.1788,3.2223,0.9949,-0.8039,0.0,0.0,0.0,0.0,HOLD_CASH
2021-08-02,6,JPM,KEY,134.6801,15.4781,112.0924,22.7256,13.1788,3.2223,0.9949,-0.9776,0.0,0.0,0.0,0.0,HOLD_CASH
2021-08-03,6,JPM,KEY,136.2124,15.8504,112.0924,22.7256,13.1788,3.2223,0.9949,-2.0636,1.0,0.0,-0.0833,-0.0833,ENTER_LONG_A
2021-08-04,6,JPM,KEY,134.7424,15.5494,112.0924,22.7256,13.1788,3.2223,0.9949,-1.3304,1.0,0.2162,-0.0833,0.1329,HOLDING
2021-08-05,6,JPM,KEY,136.4441,15.7633,112.0924,22.7256,13.1788,3.2223,0.9949,-1.0574,1.0,0.2839,-0.0833,0.2006,HOLDING
2021-08-06,6,JPM,KEY,140.3195,16.1039,112.0924,22.7256,13.1788,3.2223,0.9949,0.3542,0.0,0.0,0.6156,0.6156,EXIT
2021-08-09,6,JPM,KEY,140.1681,16.0009,112.0924,22.7256,13.1788,3.2223,0.9949,0.8619,0.0,0.0,0.6156,0.6156,HOLD_CASH
2021-08-10,6,JPM,KEY,141.8876,16.3019,112.0924,22.7256,13.1788,3.2223,0.9949,0.4671,0.0,0.0,0.6156,0.6156,HOLD_CASH
2021-08-11,6,JPM,KEY,143.5803,16.5396,112.0924,22.7256,13.1788,3.2223,0.9949,0.4678,0.0,0.0,0.6156,0.6156,HOLD_CASH
2021-08-12,6,JPM,KEY,144.1416,16.5,112.0924,22.7256,13.1788,3.2223,0.9949,1.1347,0.0,0.0,0.6156,0.6156,HOLD_CASH
2021-08-13,6,JPM,KEY,142.5291,16.3812,112.0924,22.7256,13.1788,3.2223,0.9949,0.4336,0.0,0.0,0.6156,0.6156,HOLD_CASH
2021-08-16,6,JPM,KEY,141.5936,16.2544,112.0924,22.7256,13.1788,3.2223,0.9949,0.4291,0.0,0.0,0.6156,0.6156,HOLD_CASH
2021-08-17,6,JPM,KEY,139.883,16.0089,112.0924,22.7256,13.1788,3.2223,0.9949,0.4232,0.0,0.0,0.6156,0.6156,HOLD_CASH
2021-08-18,6,JPM,KEY,138.609,15.8583,112.0924,22.7256,13.1788,3.2223,0.9949,0.2737,0.0,0.0,0.6156,0.6156,HOLD_CASH
2021-08-19,6,JPM,KEY,137.4508,15.6366,112.0924,22.7256,13.1788,3.2223,0.9949,0.7702,0.0,0.0,0.6156,0.6156,HOLD_CASH
2021-08-20,6,JPM,KEY,137.8428,15.7712,112.0924,22.7256,13.1788,3.2223,0.9949,0.2459,0.0,0.0,0.6156,0.6156,HOLD_CASH
2021-08-23,6,JPM,KEY,139.6068,15.9692,112.0924,22.7256,13.1788,3.2223,0.9949,0.6505,0.0,0.0,0.6156,0.6156,HOLD_CASH
2021-08-24,6,JPM,KEY,140.471,16.1673,112.0924,22.7256,13.1788,3.2223,0.9949,0.0995,0.0,0.0,0.6156,0.6156,HOLD_CASH
2021-08-25,6,JPM,KEY,143.3665,16.5158,112.0924,22.7256,13.1788,3.2223,0.9949,0.5255,0.0,0.0,0.6156,0.6156,HOLD_CASH
2021-08-26,6,JPM,KEY,144.106,16.2465,112.0924,22.7256,13.1788,3.2223,0.9949,2.6099,-1.0,0.0,0.5323,0.5323,ENTER_SHORT_A
2021-08-27,6,JPM,KEY,145.2642,16.5475,112.0924,22.7256,13.1788,3.2223,0.9949,1.552,-1.0,0.308,0.5323,0.8402,HOLDING
2021-08-30,6,JPM,KEY,142.9388,16.1199,112.0924,22.7256,13.1788,3.2223,0.9949,1.8456,-1.0,0.0901,0.5323,0.6224,HOLDING
2021-08-31,6,JPM,KEY,142.5023,16.2398,112.0924,22.7256,13.1788,3.2223,0.9949,0.7487,-1.0,0.5026,0.5323,1.0349,HOLDING
2021-09-01,6,JPM,KEY,142.2974,15.9921,112.0924,22.7256,13.1788,3.2223,0.9949,1.9467,-1.0,0.0075,0.5323,0.5398,HOLDING
2021-09-02,6,JPM,KEY,142.9567,16.08,112.0924,22.7256,13.1788,3.2223,0.9949,1.8181,-1.0,-0.0062,0.5323,0.5261,HOLDING
2021-09-03,6,JPM,KEY,142.0925,16.024,112.0924,22.7256,13.1788,3.2223,0.9949,1.2374,-1.0,0.1461,0.5323,0.6784,HOLDING
2021-09-07,6,JPM,KEY,141.8431,16.016,112.0924,22.7256,13.1788,3.2223,0.9949,0.9687,-1.0,0.2085,0.5323,0.7408,HOLDING
2021-09-08,6,JPM,KEY,141.2105,15.7763,112.0924,22.7256,13.1788,3.2223,0.9949,1.6525,-1.0,-0.1304,0.5323,0.4019,HOLDING
2021-09-09,6,JPM,KEY,141.8252,15.9601,112.0924,22.7256,13.1788,3.2223,0.9949,0.9886,-1.0,0.0875,0.5323,0.6198,HOLDING
2021-09-10,6,JPM,KEY,140.1948,15.8802,112.0924,22.7256,13.1788,3.2223,0.9949,0.0933,0.0,0.0,0.8839,0.8839,EXIT
2021-09-13,6,JPM,KEY,142.4221,16.5595,112.0924,22.7256,13.1788,3.2223,0.9949,-1.7963,0.0,0.0,0.8839,0.8839,HOLD_CASH
2021-09-14,6,JPM,KEY,139.9364,16.4636,112.0924,22.7256,13.1788,3.2223,0.9949,-2.5114,1.0,0.0,0.8006,0.8006,ENTER_LONG_A
2021-09-15,6,JPM,KEY,140.9075,16.7833,112.0924,22.7256,13.1788,3.2223,0.9949,-2.554,1.0,-0.4149,0.8006,0.3856,HOLDING
2021-09-16,6,JPM,KEY,140.8452,16.6954,112.0924,22.7256,13.1788,3.2223,0.9949,-1.9499,1.0,-0.2341,0.8006,0.5665,HOLDING
2021-09-17,6,JPM,KEY,140.4799,16.5915,112.0924,22.7256,13.1788,3.2223,0.9949,-1.5817,1.0,-0.1154,0.8006,0.6852,HOLDING
2021-09-20,6,JPM,KEY,136.2748,16.032,112.0924,22.7256,13.1788,3.2223,0.9949,-1.5228,1.0,-0.2067,0.8006,0.5939,HOLDING
2021-09-21,6,JPM,KEY,136.2926,15.9281,112.0924,22.7256,13.1788,3.2223,0.9949,-1.1293,1.0,0.037,0.8006,0.8376,HOLDING
2021-09-22,6,JPM,KEY,138.903,16.2318,112.0924,22.7256,13.1788,3.2223,0.9949,-0.891,1.0,0.1934,0.8006,0.994,HOLDING
2021-09-23,6,JPM,KEY,143.5981,16.7593,112.0924,22.7256,13.1788,3.2223,0.9949,-0.4934,0.0,0.0,1.233,1.233,EXIT
2021-09-24,6,JPM,KEY,145.2552,16.8951,112.0924,22.7256,13.1788,3.2223,0.9949,-0.1779,0.0,0.0,1.233,1.233,HOLD_CASH
2021-09-27,6,JPM,KEY,148.7654,17.4386,112.0924,22.7256,13.1788,3.2223,0.9949,-0.2437,0.0,0.0,1.233,1.233,HOLD_CASH
2021-09-28,6,JPM,KEY,147.9637,17.3827,112.0924,22.7256,13.1788,3.2223,0.9949,-0.3367,0.0,0.0,1.233,1.233,HOLD_CASH
2021-09-29,6,JPM,KEY,147.8478,17.5745,112.0924,22.7256,13.1788,3.2223,0.9949,-0.8277,0.0,0.0,1.233,1.233,HOLD_CASH
2021-09-30,6,JPM,KEY,145.8343,17.2788,112.0924,22.7256,13.1788,3.2223,0.9949,-0.7233,0.0,0.0,1.233,1.233,HOLD_CASH
2021-10-01,6,JPM,KEY,148.8991,17.8542,112.0924,22.7256,13.1788,3.2223,0.9949,-1.0258,0.0,0.0,1.233,1.233,HOLD_CASH
2021-10-04,6,JPM,KEY,148.7387,17.9101,112.0924,22.7256,13.1788,3.2223,0.9949,-1.1551,0.0,0.0,1.233,1.233,HOLD_CASH
2021-10-05,6,JPM,KEY,151.1677,18.1419,112.0924,22.7256,13.1788,3.2223,0.9949,-0.7292,0.0,0.0,1.233,1.233,HOLD_CASH
2021-10-06,6,JPM,KEY,151.4903,18.086,112.0924,22.7256,13.1788,3.2223,0.9949,-0.3104,0.0,0.0,1.233,1.233,HOLD_CASH
2021-10-07,6,JPM,KEY,152.4493,18.1419,112.0924,22.7256,13.1788,3.2223,0.9949,0.1727,0.0,0.0,1.233,1.233,HOLD_CASH
2021-10-08,6,JPM,KEY,152.5658,18.3577,112.0924,22.7256,13.1788,3.2223,0.9949,-0.818,0.0,0.0,1.233,1.233,HOLD_CASH
2021-10-11,6,JPM,KEY,149.3572,18.2618,112.0924,22.7256,13.1788,3.2223,0.9949,-2.4861,1.0,0.0,1.1497,1.1497,ENTER_LONG_A
2021-10-12,6,JPM,KEY,148.2099,18.2618,112.0924,22.7256,13.1788,3.2223,0.9949,-2.5618,1.0,-0.3445,1.1497,0.8052,HOLDING
2021-10-13,6,JPM,KEY,144.3021,18.1259,112.0924,22.7256,13.1788,3.2223,0.9949,-3.0091,1.0,-1.2318,1.1497,-0.0821,HOLDING
2021-10-14,6,JPM,KEY,146.5159,18.5495,112.0924,22.7256,13.1788,3.2223,0.9949,-2.5477,1.0,-1.4595,1.1497,-0.3098,HOLDING
2021-10-15,6,JPM,KEY,149.3303,18.3977,112.0924,22.7256,13.1788,3.2223,0.9949,-1.0656,1.0,-0.2944,1.1497,0.8553,HOLDING
2021-10-18,6,JPM,KEY,149.2765,18.4136,112.0924,22.7256,13.1788,3.2223,0.9949,-1.0281,1.0,-0.3442,1.1497,0.8055,HOLDING
2021-10-19,6,JPM,KEY,151.087,18.5415,112.0924,22.7256,13.1788,3.2223,0.9949,-0.6591,1.0,-0.0699,1.1497,1.0798,HOLDING
2021-10-20,6,JPM,KEY,153.1216,18.9571,112.0924,22.7256,13.1788,3.2223,0.9949,-0.8636,1.0,-0.3346,1.1497,0.8151,HOLDING
2021-10-21,6,JPM,KEY,151.9205,19.0051,112.0924,22.7256,13.1788,3.2223,0.9949,-1.235,1.0,-0.7964,1.1497,0.3533,HOLDING
2021-10-22,6,JPM,KEY,153.9641,19.2128,112.0924,22.7256,13.1788,3.2223,0.9949,-0.9521,1.0,-0.6205,1.1497,0.5292,HOLDING
2021-10-25,6,JPM,KEY,153.2112,19.2368,112.0924,22.7256,13.1788,3.2223,0.9949,-1.1566,1.0,-0.8971,1.1497,0.2526,HOLDING
2021-10-26,6,JPM,KEY,153.6235,19.093,112.0924,22.7256,13.1788,3.2223,0.9949,-0.5877,1.0,-0.4702,1.1497,0.6795,HOLDING
2021-10-27,6,JPM,KEY,150.4237,18.6134,112.0924,22.7256,13.1788,3.2223,0.9949,-0.4565,0.0,0.0,0.6446,0.6446,EXIT
2021-10-28,6,JPM,KEY,152.6914,18.7813,112.0924,22.7256,13.1788,3.2223,0.9949,0.0325,0.0,0.0,0.6446,0.6446,HOLD_CASH
2021-10-29,6,JPM,KEY,152.2701,18.5975,112.0924,22.7256,13.1788,3.2223,0.9949,0.434,0.0,0.0,0.6446,0.6446,HOLD_CASH
2021-11-01,6,JPM,KEY,152.1894,18.8692,112.0924,22.7256,13.1788,3.2223,0.9949,-0.3338,0.0,0.0,0.6446,0.6446,HOLD_CASH
2021-11-02,6,JPM,KEY,152.7899,18.8052,112.0924,22.7256,13.1788,3.2223,0.9949,0.1892,0.0,0.0,0.6446,0.6446,HOLD_CASH
2021-11-03,6,JPM,KEY,152.8437,19.1409,112.0924,22.7256,13.1788,3.2223,0.9949,-0.783,0.0,0.0,0.6446,0.6446,HOLD_CASH
2021-11-04,6,JPM,KEY,150.836,18.8052,112.0924,22.7256,13.1788,3.2223,0.9949,-0.558,0.0,0.0,0.6446,0.6446,HOLD_CASH
2021-11-05,6,JPM,KEY,150.6209,18.9251,112.0924,22.7256,13.1788,3.2223,0.9949,-1.1854,0.0,0.0,0.6446,0.6446,HOLD_CASH
2021-11-08,6,JPM,KEY,151.5262,18.9411,112.0924,22.7256,13.1788,3.2223,0.9949,-0.5522,0.0,0.0,0.6446,0.6446,HOLD_CASH
2021-11-09,6,JPM,KEY,150.3789,18.9491,112.0924,22.7256,13.1788,3.2223,0.9949,-1.2808,0.0,0.0,0.6446,0.6446,HOLD_CASH
2021-11-10,6,JPM,KEY,150.2355,19.101,112.0924,22.7256,13.1788,3.2223,0.9949,-1.9807,0.0,0.0,0.6446,0.6446,HOLD_CASH
2021-11-11,6,JPM,KEY,150.2266,19.3407,112.0924,22.7256,13.1788,3.2223,0.9949,-2.6501,1.0,0.0,0.5613,0.5613,ENTER_LONG_A
2021-11-12,6,JPM,KEY,149.5543,19.2528,112.0924,22.7256,13.1788,3.2223,0.9949,-2.1836,1.0,-0.0161,0.5613,0.5451,HOLDING
2021-11-15,6,JPM,KEY,149.2854,19.1169,112.0924,22.7256,13.1788,3.2223,0.9949,-1.6072,1.0,0.1833,0.5613,0.7446,HOLDING
2021-11-16,6,JPM,KEY,148.2099,19.1169,112.0924,22.7256,13.1788,3.2223,0.9949,-1.8263,1.0,-0.1301,0.5613,0.4312,HOLDING
2021-11-17,6,JPM,KEY,147.4122,18.9491,112.0924,22.7256,13.1788,3.2223,0.9949,-1.4685,1.0,-0.0194,0.5613,0.5419,HOLDING
2021-11-18,6,JPM,KEY,146.1395,18.9171,112.0924,22.7256,13.1788,3.2223,0.9949,-1.6606,1.0,-0.325,0.5613,0.2363,HOLDING
2021-11-19,6,JPM,KEY,144.2304,18.6774,112.0924,22.7256,13.1788,3.2223,0.9949,-1.536,1.0,-0.3911,0.5613,0.1702,HOLDING
2021-11-22,6,JPM,KEY,147.3046,18.8852,112.0924,22.7256,13.1788,3.2223,0.9949,-0.8674,1.0,0.08,0.5613,0.6413,HOLDING
2021-11-23,6,JPM,KEY,150.8271,19.1569,112.0924,22.7256,13.1788,3.2223,0.9949,-0.2355,0.0,0.0,1.0291,1.0291,EXIT
2021-11-24,6,JPM,KEY,149.644,19.1489,112.0924,22.7256,13.1788,3.2223,0.9949,-0.5756,0.0,0.0,1.0291,1.0291,HOLD_CASH
2021-11-26,6,JPM,KEY,145.1357,18.3018,112.0924,22.7256,13.1788,3.2223,0.9949,0.0401,0.0,0.0,1.0291,1.0291,HOLD_CASH
2021-11-29,6,JPM,KEY,144.5082,18.4025,112.0924,22.7256,13.1788,3.2223,0.9949,-0.415,0.0,0.0,1.0291,1.0291,HOLD_CASH
2021-11-30,6,JPM,KEY,142.3571,18.0881,112.0924,22.7256,13.1788,3.2223,0.9949,-0.3133,0.0,0.0,1.0291,1.0291,HOLD_CASH
2021-12-01,6,JPM,KEY,141.5146,17.7818,112.0924,22.7256,13.1788,3.2223,0.9949,0.5031,0.0,0.0,1.0291,1.0291,HOLD_CASH
2021-12-02,6,JPM,KEY,144.4904,18.4025,112.0924,22.7256,13.1788,3.2223,0.9949,-0.2177,0.0,0.0,1.0291,1.0291,HOLD_CASH
2021-12-03,6,JPM,KEY,141.8732,18.064,112.0924,22.7256,13.1788,3.2223,0.9949,-0.2825,0.0,0.0,1.0291,1.0291,HOLD_CASH
2021-12-06,6,JPM,KEY,143.5492,18.5879,112.0924,22.7256,13.1788,3.2223,0.9949,-1.5263,0.0,0.0,1.0291,1.0291,HOLD_CASH
2021-12-07,6,JPM,KEY,145.7093,18.7088,112.0924,22.7256,13.1788,3.2223,0.9949,-0.5424,0.0,0.0,1.0291,1.0291,HOLD_CASH
2021-12-08,6,JPM,KEY,144.0422,18.6201,112.0924,22.7256,13.1788,3.2223,0.9949,-1.3338,0.0,0.0,1.0291,1.0291,HOLD_CASH
2021-12-09,6,JPM,KEY,143.8181,18.5315,112.0924,22.7256,13.1788,3.2223,0.9949,-0.8859,0.0,0.0,1.0291,1.0291,HOLD_CASH
2021-12-10,6,JPM,KEY,143.2445,18.5476,112.0924,22.7256,13.1788,3.2223,0.9949,-1.371,0.0,0.0,1.0291,1.0291,HOLD_CASH
2021-12-13,6,JPM,KEY,141.5415,18.0962,112.0924,22.7256,13.1788,3.2223,0.9949,-0.1121,0.0,0.0,1.0291,1.0291,HOLD_CASH
2021-12-14,6,JPM,KEY,142.6261,18.3461,112.0924,22.7256,13.1788,3.2223,0.9949,-0.6312,0.0,0.0,1.0291,1.0291,HOLD_CASH
2021-12-15,6,JPM,KEY,141.5595,18.6282,112.0924,22.7256,13.1788,3.2223,0.9949,-2.5175,1.0,0.0,0.9457,0.9457,ENTER_LONG_A
2021-12-16,6,JPM,KEY,143.7733,18.7975,112.0924,22.7256,13.1788,3.2223,0.9949,-1.59,1.0,0.3141,0.9457,1.2598,HOLDING
2021-12-17,6,JPM,KEY,140.5019,18.1446,112.0924,22.7256,13.1788,3.2223,0.9949,-0.735,1.0,0.715,0.9457,1.6607,HOLDING
2021-12-20,6,JPM,KEY,137.9743,17.7899,112.0924,22.7256,13.1788,3.2223,0.9949,-0.7585,1.0,0.703,0.9457,1.6488,HOLDING
2021-12-21,6,JPM,KEY,139.9013,18.2897,112.0924,22.7256,13.1788,3.2223,0.9949,-1.5557,1.0,0.2196,0.9457,1.1653,HOLDING
2021-12-22,6,JPM,KEY,140.4481,18.2655,112.0924,22.7256,13.1788,3.2223,0.9949,-1.0266,1.0,0.4388,0.9457,1.3845,HOLDING
2021-12-23,6,JPM,KEY,140.95,18.33,112.0924,22.7256,13.1788,3.2223,0.9949,-0.9019,1.0,0.454,0.9457,1.3997,HOLDING
2021-12-27,6,JPM,KEY,141.7567,18.6121,112.0924,22.7256,13.1788,3.2223,0.9949,-1.4895,1.0,0.095,0.9457,1.0407,HOLDING
2021-12-28,6,JPM,KEY,142.1869,18.6927,112.0924,22.7256,13.1788,3.2223,0.9949,-1.4095,1.0,0.0536,0.9457,0.9993,HOLDING
2021-12-29,6,JPM,KEY,142.1152,18.7814,112.0924,22.7256,13.1788,3.2223,0.9949,-1.6289,1.0,-0.1588,0.9457,0.7869,HOLDING
2021-12-30,6,JPM,KEY,142.0434,18.6927,112.0924,22.7256,13.1788,3.2223,0.9949,-1.256,1.0,0.0,0.8718,0.8718,PERIOD_END_EXIT
2021-07-02,7,CMA,RF,58.0846,16.6573,44.9359,12.0872,13.5158,3.6203,0.9948,0.0,0.0,0.0,0.0,0.0,HOLD_CASH
2021-07-06,7,CMA,RF,55.9387,16.0983,44.9359,12.0872,13.5158,3.6203,0.9948,0.0,0.0,0.0,0.0,0.0,HOLD_CASH
2021-07-07,7,CMA,RF,55.1209,15.9749,44.9359,12.0872,13.5158,3.6203,0.9948,0.0,0.0,0.0,0.0,0.0,HOLD_CASH
2021-07-08,7,CMA,RF,53.8414,15.5967,44.9359,12.0872,13.5158,3.6203,0.9948,0.0,0.0,0.0,0.0,0.0,HOLD_CASH
2021-07-09,7,CMA,RF,56.0764,16.3367,44.9359,12.0872,13.5158,3.6203,0.9948,0.0,0.0,0.0,0.0,0.0,HOLD_CASH
2021-07-12,7,CMA,RF,56.5136,16.4682,44.9359,12.0872,13.5158,3.6203,0.9948,0.0,0.0,0.0,0.0,0.0,HOLD_CASH
2021-07-13,7,CMA,RF,55.8253,16.2134,44.9359,12.0872,13.5158,3.6203,0.9948,0.0,0.0,0.0,0.0,0.0,HOLD_CASH
2021-07-14,7,CMA,RF,55.5338,16.0325,44.9359,12.0872,13.5158,3.6203,0.9948,0.0,0.0,0.0,0.0,0.0,HOLD_CASH
2021-07-15,7,CMA,RF,55.8901,16.2216,44.9359,12.0872,13.5158,3.6203,0.9948,0.0,0.0,0.0,0.0,0.0,HOLD_CASH
2021-07-16,7,CMA,RF,53.9791,15.6296,44.9359,12.0872,13.5158,3.6203,0.9948,0.0,0.0,0.0,0.0,0.0,HOLD_CASH
2021-07-19,7,CMA,RF,51.4445,14.9143,44.9359,12.0872,13.5158,3.6203,0.9948,0.0,0.0,0.0,0.0,0.0,HOLD_CASH
2021-07-20,7,CMA,RF,53.1693,15.5474,44.9359,12.0872,13.5158,3.6203,0.9948,0.0,0.0,0.0,0.0,0.0,HOLD_CASH
2021-07-21,7,CMA,RF,55.38,15.8187,44.9359,12.0872,13.5158,3.6203,0.9948,0.0,0.0,0.0,0.0,0.0,HOLD_CASH
2021-07-22,7,CMA,RF,54.3516,15.5885,44.9359,12.0872,13.5158,3.6203,0.9948,0.0,0.0,0.0,0.0,0.0,HOLD_CASH
2021-07-23,7,CMA,RF,54.2706,15.7036,44.9359,12.0872,13.5158,3.6203,0.9948,0.0,0.0,0.0,0.0,0.0,HOLD_CASH
2021-07-26,7,CMA,RF,54.8617,15.9009,44.9359,12.0872,13.5158,3.6203,0.9948,0.0,0.0,0.0,0.0,0.0,HOLD_CASH
2021-07-27,7,CMA,RF,54.7645,15.942,44.9359,12.0872,13.5158,3.6203,0.9948,0.0,0.0,0.0,0.0,0.0,HOLD_CASH
2021-07-28,7,CMA,RF,55.3881,15.9585,44.9359,12.0872,13.5158,3.6203,0.9948,0.0,0.0,0.0,0.0,0.0,HOLD_CASH
2021-07-29,7,CMA,RF,56.1897,16.0572,44.9359,12.0872,13.5158,3.6203,0.9948,0.0,0.0,0.0,0.0,0.0,HOLD_CASH
2021-07-30,7,CMA,RF,55.5986,15.8269,44.9359,12.0872,13.5158,3.6203,0.9948,1.9614,0.0,0.0,0.0,0.0,HOLD_CASH
2021-08-02,7,CMA,RF,54.7888,15.7118,44.9359,12.0872,13.5158,3.6203,0.9948,0.9683,0.0,0.0,0.0,0.0,HOLD_CASH
2021-08-03,7,CMA,RF,56.1735,16.1311,44.9359,12.0872,13.5158,3.6203,0.9948,0.9212,0.0,0.0,0.0,0.0,HOLD_CASH
2021-08-04,7,CMA,RF,55.6472,15.8516,44.9359,12.0872,13.5158,3.6203,0.9948,1.6546,0.0,0.0,0.0,0.0,HOLD_CASH
2021-08-05,7,CMA,RF,56.7647,16.0654,44.9359,12.0872,13.5158,3.6203,0.9948,2.1149,-1.0,0.0,-0.0833,-0.0833,ENTER_SHORT_A
2021-08-06,7,CMA,RF,58.5057,16.4107,44.9359,12.0872,13.5158,3.6203,0.9948,2.5381,-1.0,-0.4496,-0.0833,-0.5329,HOLDING
2021-08-09,7,CMA,RF,58.2951,16.3531,44.9359,12.0872,13.5158,3.6203,0.9948,2.09,-1.0,-0.4349,-0.0833,-0.5182,HOLDING
2021-08-10,7,CMA,RF,59.4207,16.5998,44.9359,12.0872,13.5158,3.6203,0.9948,2.1009,-1.0,-0.6667,-0.0833,-0.7501,HOLDING
2021-08-11,7,CMA,RF,60.6435,16.9533,44.9359,12.0872,13.5158,3.6203,0.9948,1.8425,-1.0,-0.7035,-0.0833,-0.7868,HOLDING
2021-08-12,7,CMA,RF,61.1374,17.0931,44.9359,12.0872,13.5158,3.6203,0.9948,1.6407,-1.0,-0.7259,-0.0833,-0.8093,HOLDING
2021-08-13,7,CMA,RF,60.6921,16.8547,44.9359,12.0872,13.5158,3.6203,0.9948,1.7522,-1.0,-0.9882,-0.0833,-1.0715,HOLDING
2021-08-16,7,CMA,RF,60.0523,16.7149,44.9359,12.0872,13.5158,3.6203,0.9948,1.4061,-1.0,-0.8554,-0.0833,-0.9387,HOLDING
2021-08-17,7,CMA,RF,58.7162,16.3942,44.9359,12.0872,13.5158,3.6203,0.9948,1.043,-1.0,-0.6502,-0.0833,-0.7335,HOLDING
2021-08-18,7,CMA,RF,58.198,16.2874,44.9359,12.0872,13.5158,3.6203,0.9948,0.7925,-1.0,-0.5267,-0.0833,-0.61,HOLDING
2021-08-19,7,CMA,RF,57.4206,16.1723,44.9359,12.0872,13.5158,3.6203,0.9948,0.3211,0.0,0.0,-0.3952,-0.3952,EXIT
2021-08-20,7,CMA,RF,57.7202,16.4682,44.9359,12.0872,13.5158,3.6203,0.9948,-0.484,0.0,0.0,-0.3952,-0.3952,HOLD_CASH
2021-08-23,7,CMA,RF,58.7567,16.7313,44.9359,12.0872,13.5158,3.6203,0.9948,-0.3913,0.0,0.0,-0.3952,-0.3952,HOLD_CASH
2021-08-24,7,CMA,RF,59.6393,16.9451,44.9359,12.0872,13.5158,3.6203,0.9948,-0.3141,0.0,0.0,-0.3952,-0.3952,HOLD_CASH
2021-08-25,7,CMA,RF,60.9107,17.2082,44.9359,12.0872,13.5158,3.6203,0.9948,0.1504,0.0,0.0,-0.3952,-0.3952,HOLD_CASH
2021-08-26,7,CMA,RF,59.9795,16.8958,44.9359,12.0872,13.5158,3.6203,0.9948,0.2438,0.0,0.0,-0.3952,-0.3952,HOLD_CASH
2021-08-27,7,CMA,RF,61.2427,17.2,44.9359,12.0872,13.5158,3.6203,0.9948,0.5649,0.0,0.0,-0.3952,-0.3952,HOLD_CASH
2021-08-30,7,CMA,RF,59.5422,16.7231,44.9359,12.0872,13.5158,3.6203,0.9948,0.2973,0.0,0.0,-0.3952,-0.3952,HOLD_CASH
2021-08-31,7,CMA,RF,59.8499,16.7971,44.9359,12.0872,13.5158,3.6203,0.9948,0.3217,0.0,0.0,-0.3952,-0.3952,HOLD_CASH
2021-09-01,7,CMA,RF,58.6838,16.5505,44.9359,12.0872,13.5158,3.6203,0.9948,-0.5043,0.0,0.0,-0.3952,-0.3952,HOLD_CASH
2021-09-02,7,CMA,RF,58.8944,16.6168,44.9359,12.0872,13.5158,3.6203,0.9948,-0.5778,0.0,0.0,-0.3952,-0.3952,HOLD_CASH
2021-09-03,7,CMA,RF,58.5543,16.3432,44.9359,12.0872,13.5158,3.6203,0.9948,0.699,0.0,0.0,-0.3952,-0.3952,HOLD_CASH
2021-09-07,7,CMA,RF,58.9996,16.3183,44.9359,12.0872,13.5158,3.6203,0.9948,1.667,0.0,0.0,-0.3952,-0.3952,HOLD_CASH
2021-09-08,7,CMA,RF,58.3923,16.1607,44.9359,12.0872,13.5158,3.6203,0.9948,1.3799,0.0,0.0,-0.3952,-0.3952,HOLD_CASH
2021-09-09,7,CMA,RF,59.2102,16.3017,44.9359,12.0872,13.5158,3.6203,0.9948,1.8317,0.0,0.0,-0.3952,-0.3952,HOLD_CASH
2021-09-10,7,CMA,RF,58.9511,16.169,44.9359,12.0872,13.5158,3.6203,0.9948,1.8832,0.0,0.0,-0.3952,-0.3952,HOLD_CASH
2021-09-13,7,CMA,RF,60.0766,16.4924,44.9359,12.0872,13.5158,3.6203,0.9948,1.7907,0.0,0.0,-0.3952,-0.3952,HOLD_CASH
2021-09-14,7,CMA,RF,58.4421,16.1276,44.9359,12.0872,13.5158,3.6203,0.9948,1.0861,0.0,0.0,-0.3952,-0.3952,HOLD_CASH
2021-09-15,7,CMA,RF,59.8805,16.4178,44.9359,12.0872,13.5158,3.6203,0.9948,1.5953,0.0,0.0,-0.3952,-0.3952,HOLD_CASH
2021-09-16,7,CMA,RF,60.2809,16.451,44.9359,12.0872,13.5158,3.6203,0.9948,1.7306,0.0,0.0,-0.3952,-0.3952,HOLD_CASH
2021-09-17,7,CMA,RF,60.5343,16.4427,44.9359,12.0872,13.5158,3.6203,0.9948,1.7937,0.0,0.0,-0.3952,-0.3952,HOLD_CASH
2021-09-20,7,CMA,RF,58.818,15.8871,44.9359,12.0872,13.5158,3.6203,0.9948,1.7432,0.0,0.0,-0.3952,-0.3952,HOLD_CASH
2021-09-21,7,CMA,RF,58.2868,15.8457,44.9359,12.0872,13.5158,3.6203,0.9948,1.1828,0.0,0.0,-0.3952,-0.3952,HOLD_CASH
2021-09-22,7,CMA,RF,60.1257,16.1856,44.9359,12.0872,13.5158,3.6203,0.9948,1.8085,0.0,0.0,-0.3952,-0.3952,HOLD_CASH
2021-09-23,7,CMA,RF,63.0678,16.9153,44.9359,12.0872,13.5158,3.6203,0.9948,2.0473,-1.0,0.0,-0.4785,-0.4785,ENTER_SHORT_A
2021-09-24,7,CMA,RF,64.1057,17.1226,44.9359,12.0872,13.5158,3.6203,0.9948,2.0476,-1.0,-0.2442,-0.4785,-0.7227,HOLDING
2021-09-27,7,CMA,RF,66.9498,18.043,44.9359,12.0872,13.5158,3.6203,0.9948,1.6154,-1.0,-0.0954,-0.4785,-0.5739,HOLDING
2021-09-28,7,CMA,RF,66.6882,17.8937,44.9359,12.0872,13.5158,3.6203,0.9948,1.6219,-1.0,-0.2591,-0.4785,-0.7375,HOLDING
2021-09-29,7,CMA,RF,67.4401,17.9849,44.9359,12.0872,13.5158,3.6203,0.9948,1.7722,-1.0,-0.5728,-0.4785,-1.0513,HOLDING
2021-09-30,7,CMA,RF,65.7893,17.6699,44.9359,12.0872,13.5158,3.6203,0.9948,1.1577,-1.0,-0.1505,-0.4785,-0.629,HOLDING
2021-10-01,7,CMA,RF,67.481,18.0264,44.9359,12.0872,13.5158,3.6203,0.9948,1.5007,-1.0,-0.5051,-0.4785,-0.9836,HOLDING
2021-10-04,7,CMA,RF,67.8079,18.0927,44.9359,12.0872,13.5158,3.6203,0.9948,1.462,-1.0,-0.5796,-0.4785,-1.0581,HOLDING
2021-10-05,7,CMA,RF,68.7232,18.1176,44.9359,12.0872,13.5158,3.6203,0.9948,1.9401,-1.0,-1.1615,-0.4785,-1.64,HOLDING
2021-10-06,7,CMA,RF,68.5434,17.9932,44.9359,12.0872,13.5158,3.6203,0.9948,1.879,-1.0,-1.3245,-0.4785,-1.803,HOLDING
2021-10-07,7,CMA,RF,68.7722,18.1176,44.9359,12.0872,13.5158,3.6203,0.9948,1.5369,-1.0,-1.1958,-0.4785,-1.6743,HOLDING
2021-10-08,7,CMA,RF,68.8376,18.2586,44.9359,12.0872,13.5158,3.6203,0.9948,1.092,-1.0,-0.9143,-0.4785,-1.3928,HOLDING
2021-10-11,7,CMA,RF,68.2165,18.1176,44.9359,12.0872,13.5158,3.6203,0.9948,0.8751,-1.0,-0.8074,-0.4785,-1.2859,HOLDING
2021-10-12,7,CMA,RF,68.3636,18.2834,44.9359,12.0872,13.5158,3.6203,0.9948,0.4503,0.0,0.0,-1.094,-1.094,EXIT
2021-10-13,7,CMA,RF,67.3666,18.0181,44.9359,12.0872,13.5158,3.6203,0.9948,0.2581,0.0,0.0,-1.094,-1.094,HOLD_CASH
2021-10-14,7,CMA,RF,67.3829,18.3415,44.9359,12.0872,13.5158,3.6203,0.9948,-0.9462,0.0,0.0,-1.094,-1.094,HOLD_CASH
2021-10-15,7,CMA,RF,67.8324,18.5985,44.9359,12.0872,13.5158,3.6203,0.9948,-1.4199,0.0,0.0,-1.094,-1.094,HOLD_CASH
2021-10-18,7,CMA,RF,68.4862,18.7146,44.9359,12.0872,13.5158,3.6203,0.9948,-1.1584,0.0,0.0,-1.094,-1.094,HOLD_CASH
2021-10-19,7,CMA,RF,68.6824,18.9219,44.9359,12.0872,13.5158,3.6203,0.9948,-1.7696,0.0,0.0,-1.094,-1.094,HOLD_CASH
2021-10-20,7,CMA,RF,71.0442,19.5023,44.9359,12.0872,13.5158,3.6203,0.9948,-1.2461,0.0,0.0,-1.094,-1.094,HOLD_CASH
2021-10-21,7,CMA,RF,70.8399,19.3033,44.9359,12.0872,13.5158,3.6203,0.9948,-0.7011,0.0,0.0,-1.094,-1.094,HOLD_CASH
2021-10-22,7,CMA,RF,72.2374,19.975,44.9359,12.0872,13.5158,3.6203,0.9948,-1.4875,0.0,0.0,-1.094,-1.094,HOLD_CASH
2021-10-25,7,CMA,RF,72.4989,20.0828,44.9359,12.0872,13.5158,3.6203,0.9948,-1.4384,0.0,0.0,-1.094,-1.094,HOLD_CASH
2021-10-26,7,CMA,RF,71.6081,19.9667,44.9359,12.0872,13.5158,3.6203,0.9948,-1.6996,0.0,0.0,-1.094,-1.094,HOLD_CASH
2021-10-27,7,CMA,RF,69.2054,19.378,44.9359,12.0872,13.5158,3.6203,0.9948,-1.8112,0.0,0.0,-1.094,-1.094,HOLD_CASH
2021-10-28,7,CMA,RF,70.0553,19.6848,44.9359,12.0872,13.5158,3.6203,0.9948,-1.6983,0.0,0.0,-1.094,-1.094,HOLD_CASH
2021-10-29,7,CMA,RF,69.5405,19.635,44.9359,12.0872,13.5158,3.6203,0.9948,-1.7057,0.0,0.0,-1.094,-1.094,HOLD_CASH
2021-11-01,7,CMA,RF,71.3221,20.0247,44.9359,12.0872,13.5158,3.6203,0.9948,-1.2143,0.0,0.0,-1.094,-1.094,HOLD_CASH
2021-11-02,7,CMA,RF,71.2731,19.8672,44.9359,12.0872,13.5158,3.6203,0.9948,-0.7967,0.0,0.0,-1.094,-1.094,HOLD_CASH
2021-11-03,7,CMA,RF,73.308,20.4891,44.9359,12.0872,13.5158,3.6203,0.9948,-0.7471,0.0,0.0,-1.094,-1.094,HOLD_CASH
2021-11-04,7,CMA,RF,71.6408,20.1242,44.9359,12.0872,13.5158,3.6203,0.9948,-1.0419,0.0,0.0,-1.094,-1.094,HOLD_CASH
2021-11-05,7,CMA,RF,71.5509,20.1574,44.9359,12.0872,13.5158,3.6203,0.9948,-1.141,0.0,0.0,-1.094,-1.094,HOLD_CASH
2021-11-08,7,CMA,RF,71.837,20.3149,44.9359,12.0872,13.5158,3.6203,0.9948,-1.2984,0.0,0.0,-1.094,-1.094,HOLD_CASH
2021-11-09,7,CMA,RF,71.5509,20.1823,44.9359,12.0872,13.5158,3.6203,0.9948,-1.0819,0.0,0.0,-1.094,-1.094,HOLD_CASH
2021-11-10,7,CMA,RF,72.2538,20.0413,44.9359,12.0872,13.5158,3.6203,0.9948,0.3935,0.0,0.0,-1.094,-1.094,HOLD_CASH
2021-11-11,7,CMA,RF,72.7686,19.9999,44.9359,12.0872,13.5158,3.6203,0.9948,1.28,0.0,0.0,-1.094,-1.094,HOLD_CASH
2021-11-12,7,CMA,RF,72.5398,19.8589,44.9359,12.0872,13.5158,3.6203,0.9948,1.4991,0.0,0.0,-1.094,-1.094,HOLD_CASH
2021-11-15,7,CMA,RF,73.21,20.0994,44.9359,12.0872,13.5158,3.6203,0.9948,1.3126,0.0,0.0,-1.094,-1.094,HOLD_CASH
2021-11-16,7,CMA,RF,73.4796,20.1076,44.9359,12.0872,13.5158,3.6203,0.9948,1.479,0.0,0.0,-1.094,-1.094,HOLD_CASH
2021-11-17,7,CMA,RF,72.8259,19.9252,44.9359,12.0872,13.5158,3.6203,0.9948,1.3611,0.0,0.0,-1.094,-1.094,HOLD_CASH
2021-11-18,7,CMA,RF,72.9893,19.8174,44.9359,12.0872,13.5158,3.6203,0.9948,1.8597,0.0,0.0,-1.094,-1.094,HOLD_CASH
2021-11-19,7,CMA,RF,71.8615,19.6433,44.9359,12.0872,13.5158,3.6203,0.9948,1.1659,0.0,0.0,-1.094,-1.094,HOLD_CASH
2021-11-22,7,CMA,RF,72.9648,19.9418,44.9359,12.0872,13.5158,3.6203,0.9948,1.1893,0.0,0.0,-1.094,-1.094,HOLD_CASH
2021-11-23,7,CMA,RF,74.0191,20.3896,44.9359,12.0872,13.5158,3.6203,0.9948,0.6806,0.0,0.0,-1.094,-1.094,HOLD_CASH
2021-11-24,7,CMA,RF,73.97,20.3813,44.9359,12.0872,13.5158,3.6203,0.9948,0.5902,0.0,0.0,-1.094,-1.094,HOLD_CASH
2021-11-26,7,CMA,RF,69.6794,19.4609,44.9359,12.0872,13.5158,3.6203,0.9948,-0.7205,0.0,0.0,-1.094,-1.094,HOLD_CASH
2021-11-29,7,CMA,RF,69.7284,19.5189,44.9359,12.0872,13.5158,3.6203,0.9948,-0.9388,0.0,0.0,-1.094,-1.094,HOLD_CASH
2021-11-30,7,CMA,RF,67.4483,18.8639,44.9359,12.0872,13.5158,3.6203,0.9948,-1.0513,0.0,0.0,-1.094,-1.094,HOLD_CASH
2021-12-01,7,CMA,RF,65.9118,18.3664,44.9359,12.0872,13.5158,3.6203,0.9948,-0.8899,0.0,0.0,-1.094,-1.094,HOLD_CASH
2021-12-02,7,CMA,RF,69.1564,18.9095,44.9359,12.0872,13.5158,3.6203,0.9948,0.6054,0.0,0.0,-1.094,-1.094,HOLD_CASH
2021-12-03,7,CMA,RF,66.9416,18.2995,44.9359,12.0872,13.5158,3.6203,0.9948,0.3384,0.0,0.0,-1.094,-1.094,HOLD_CASH
2021-12-06,7,CMA,RF,68.4535,18.7507,44.9359,12.0872,13.5158,3.6203,0.9948,0.2808,0.0,0.0,-1.094,-1.094,HOLD_CASH
2021-12-07,7,CMA,RF,69.9246,19.11,44.9359,12.0872,13.5158,3.6203,0.9948,0.5325,0.0,0.0,-1.094,-1.094,HOLD_CASH
2021-12-08,7,CMA,RF,69.1237,18.9179,44.9359,12.0872,13.5158,3.6203,0.9948,0.2347,0.0,0.0,-1.094,-1.094,HOLD_CASH
2021-12-09,7,CMA,RF,68.5189,18.6254,44.9359,12.0872,13.5158,3.6203,0.9948,0.6952,0.0,0.0,-1.094,-1.094,HOLD_CASH
2021-12-10,7,CMA,RF,69.0828,18.5753,44.9359,12.0872,13.5158,3.6203,0.9948,1.5627,0.0,0.0,-1.094,-1.094,HOLD_CASH
2021-12-13,7,CMA,RF,66.9743,17.9235,44.9359,12.0872,13.5158,3.6203,0.9948,1.4893,0.0,0.0,-1.094,-1.094,HOLD_CASH
2021-12-14,7,CMA,RF,69.0016,18.241,44.9359,12.0872,13.5158,3.6203,0.9948,2.2209,-1.0,0.0,-1.1774,-1.1774,ENTER_SHORT_A
2021-12-15,7,CMA,RF,70.1058,18.2745,44.9359,12.0872,13.5158,3.6203,0.9948,2.537,-1.0,-0.6387,-1.1774,-1.8161,HOLDING
2021-12-16,7,CMA,RF,71.787,18.3497,44.9359,12.0872,13.5158,3.6203,0.9948,2.7493,-1.0,-1.5592,-1.1774,-2.7366,HOLDING
2021-12-17,7,CMA,RF,69.0098,17.7731,44.9359,12.0872,13.5158,3.6203,0.9948,1.8726,-1.0,-1.0048,-1.1774,-2.1821,HOLDING
2021-12-20,7,CMA,RF,67.4852,17.2884,44.9359,12.0872,13.5158,3.6203,0.9948,1.674,-1.0,-1.0595,-1.1774,-2.2368,HOLDING
2021-12-21,7,CMA,RF,69.8751,17.8149,44.9359,12.0872,13.5158,3.6203,0.9948,1.7493,-1.0,-1.472,-1.1774,-2.6493,HOLDING
2021-12-22,7,CMA,RF,69.9987,17.8316,44.9359,12.0872,13.5158,3.6203,0.9948,1.5633,-1.0,-1.5158,-1.1774,-2.6931,HOLDING
2021-12-23,7,CMA,RF,70.2954,17.982,44.9359,12.0872,13.5158,3.6203,0.9948,1.3112,-1.0,-1.3853,-1.1774,-2.5626,HOLDING
2021-12-27,7,CMA,RF,71.3667,18.2912,44.9359,12.0872,13.5158,3.6203,0.9948,1.2038,-1.0,-1.4139,-1.1774,-2.5913,HOLDING
2021-12-28,7,CMA,RF,71.4656,18.2577,44.9359,12.0872,13.5158,3.6203,0.9948,1.1823,-1.0,-1.5489,-1.1774,-2.7262,HOLDING
2021-12-29,7,CMA,RF,72.1826,18.2577,44.9359,12.0872,13.5158,3.6203,0.9948,1.3811,-1.0,-2.0099,-1.1774,-3.1873,HOLDING
2021-12-30,7,CMA,RF,71.7129,18.2745,44.9359,12.0872,13.5158,3.6203,0.9948,1.052,-1.0,0.0,-2.9347,-2.9347,PERIOD_END_EXIT
2021-07-02,8,CMA,FHN,58.0846,14.7183,44.9359,12.0872,11.5426,3.112,0.9948,0.0,0.0,0.0,0.0,0.0,HOLD_CASH
2021-07-06,8,CMA,FHN,55.9387,14.2143,44.9359,12.0872,11.5426,3.112,0.9948,0.0,0.0,0.0,0.0,0.0,HOLD_CASH
2021-07-07,8,CMA,FHN,55.1209,14.0862,44.9359,12.0872,11.5426,3.112,0.9948,0.0,0.0,0.0,0.0,0.0,HOLD_CASH
2021-07-08,8,CMA,FHN,53.8414,13.7787,44.9359,12.0872,11.5426,3.112,0.9948,0.0,0.0,0.0,0.0,0.0,HOLD_CASH
2021-07-09,8,CMA,FHN,56.0764,14.3425,44.9359,12.0872,11.5426,3.112,0.9948,0.0,0.0,0.0,0.0,0.0,HOLD_CASH
2021-07-12,8,CMA,FHN,56.5136,14.4535,44.9359,12.0872,11.5426,3.112,0.9948,0.0,0.0,0.0,0.0,0.0,HOLD_CASH
2021-07-13,8,CMA,FHN,55.8253,14.0691,44.9359,12.0872,11.5426,3.112,0.9948,0.0,0.0,0.0,0.0,0.0,HOLD_CASH
2021-07-14,8,CMA,FHN,55.5338,13.9752,44.9359,12.0872,11.5426,3.112,0.9948,0.0,0.0,0.0,0.0,0.0,HOLD_CASH
2021-07-15,8,CMA,FHN,55.8901,14.0691,44.9359,12.0872,11.5426,3.112,0.9948,0.0,0.0,0.0,0.0,0.0,HOLD_CASH
2021-07-16,8,CMA,FHN,53.9791,13.2918,44.9359,12.0872,11.5426,3.112,0.9948,0.0,0.0,0.0,0.0,0.0,HOLD_CASH
2021-07-19,8,CMA,FHN,51.4445,12.8219,44.9359,12.0872,11.5426,3.112,0.9948,0.0,0.0,0.0,0.0,0.0,HOLD_CASH
2021-07-20,8,CMA,FHN,53.1693,13.1978,44.9359,12.0872,11.5426,3.112,0.9948,0.0,0.0,0.0,0.0,0.0,HOLD_CASH
2021-07-21,8,CMA,FHN,55.38,13.4882,44.9359,12.0872,11.5426,3.112,0.9948,0.0,0.0,0.0,0.0,0.0,HOLD_CASH
2021-07-22,8,CMA,FHN,54.3516,13.1124,44.9359,12.0872,11.5426,3.112,0.9948,0.0,0.0,0.0,0.0,0.0,HOLD_CASH
2021-07-23,8,CMA,FHN,54.2706,13.1807,44.9359,12.0872,11.5426,3.112,0.9948,0.0,0.0,0.0,0.0,0.0,HOLD_CASH
2021-07-26,8,CMA,FHN,54.8617,13.2234,44.9359,12.0872,11.5426,3.112,0.9948,0.0,0.0,0.0,0.0,0.0,HOLD_CASH
2021-07-27,8,CMA,FHN,54.7645,13.1295,44.9359,12.0872,11.5426,3.112,0.9948,0.0,0.0,0.0,0.0,0.0,HOLD_CASH
2021-07-28,8,CMA,FHN,55.3881,13.2747,44.9359,12.0872,11.5426,3.112,0.9948,0.0,0.0,0.0,0.0,0.0,HOLD_CASH
2021-07-29,8,CMA,FHN,56.1897,13.343,44.9359,12.0872,11.5426,3.112,0.9948,0.0,0.0,0.0,0.0,0.0,HOLD_CASH
2021-07-30,8,CMA,FHN,55.5986,13.1978,44.9359,12.0872,11.5426,3.112,0.9948,1.5601,0.0,0.0,0.0,0.0,HOLD_CASH
2021-08-02,8,CMA,FHN,54.7888,13.0782,44.9359,12.0872,11.5426,3.112,0.9948,1.1841,0.0,0.0,0.0,0.0,HOLD_CASH
2021-08-03,8,CMA,FHN,56.1735,13.3687,44.9359,12.0872,11.5426,3.112,0.9948,1.2279,0.0,0.0,0.0,0.0,HOLD_CASH
2021-08-04,8,CMA,FHN,55.6472,13.2661,44.9359,12.0872,11.5426,3.112,0.9948,1.0386,0.0,0.0,0.0,0.0,HOLD_CASH
2021-08-05,8,CMA,FHN,56.7647,13.3687,44.9359,12.0872,11.5426,3.112,0.9948,1.405,0.0,0.0,0.0,0.0,HOLD_CASH
2021-08-06,8,CMA,FHN,58.5057,13.642,44.9359,12.0872,11.5426,3.112,0.9948,1.7094,0.0,0.0,0.0,0.0,HOLD_CASH
2021-08-09,8,CMA,FHN,58.2951,13.5395,44.9359,12.0872,11.5426,3.112,0.9948,1.6955,0.0,0.0,0.0,0.0,HOLD_CASH
2021-08-10,8,CMA,FHN,59.4207,13.7274,44.9359,12.0872,11.5426,3.112,0.9948,1.7679,0.0,0.0,0.0,0.0,HOLD_CASH
2021-08-11,8,CMA,FHN,60.6435,14.0179,44.9359,12.0872,11.5426,3.112,0.9948,1.6634,0.0,0.0,0.0,0.0,HOLD_CASH
2021-08-12,8,CMA,FHN,61.1374,13.9922,44.9359,12.0872,11.5426,3.112,0.9948,1.8773,0.0,0.0,0.0,0.0,HOLD_CASH
2021-08-13,8,CMA,FHN,60.6921,13.8812,44.9359,12.0872,11.5426,3.112,0.9948,1.6493,0.0,0.0,0.0,0.0,HOLD_CASH
2021-08-16,8,CMA,FHN,60.0523,13.8641,44.9359,12.0872,11.5426,3.112,0.9948,1.1786,0.0,0.0,0.0,0.0,HOLD_CASH
2021-08-17,8,CMA,FHN,58.7162,13.6676,44.9359,12.0872,11.5426,3.112,0.9948,0.6939,0.0,0.0,0.0,0.0,HOLD_CASH
2021-08-18,8,CMA,FHN,58.198,13.6164,44.9359,12.0872,11.5426,3.112,0.9948,0.3631,0.0,0.0,0.0,0.0,HOLD_CASH
2021-08-19,8,CMA,FHN,57.4206,13.3174,44.9359,12.0872,11.5426,3.112,0.9948,0.6086,0.0,0.0,0.0,0.0,HOLD_CASH
2021-08-20,8,CMA,FHN,57.7202,13.5224,44.9359,12.0872,11.5426,3.112,0.9948,0.0884,0.0,0.0,0.0,0.0,HOLD_CASH
2021-08-23,8,CMA,FHN,58.7567,13.6335,44.9359,12.0872,11.5426,3.112,0.9948,0.5965,0.0,0.0,0.0,0.0,HOLD_CASH
2021-08-24,8,CMA,FHN,59.6393,13.8726,44.9359,12.0872,11.5426,3.112,0.9948,0.4794,0.0,0.0,0.0,0.0,HOLD_CASH
2021-08-25,8,CMA,FHN,60.9107,14.0691,44.9359,12.0872,11.5426,3.112,0.9948,0.9511,0.0,0.0,0.0,0.0,HOLD_CASH
2021-08-26,8,CMA,FHN,59.9795,13.9324,44.9359,12.0872,11.5426,3.112,0.9948,0.42,0.0,0.0,0.0,0.0,HOLD_CASH
2021-08-27,8,CMA,FHN,61.2427,14.257,44.9359,12.0872,11.5426,3.112,0.9948,0.3576,0.0,0.0,0.0,0.0,HOLD_CASH
2021-08-30,8,CMA,FHN,59.5422,13.9239,44.9359,12.0872,11.5426,3.112,0.9948,-0.2899,0.0,0.0,0.0,0.0,HOLD_CASH
2021-08-31,8,CMA,FHN,59.8499,14.0008,44.9359,12.0872,11.5426,3.112,0.9948,-0.4113,0.0,0.0,0.0,0.0,HOLD_CASH
2021-09-01,8,CMA,FHN,58.6838,13.8299,44.9359,12.0872,11.5426,3.112,0.9948,-1.5388,0.0,0.0,0.0,0.0,HOLD_CASH
2021-09-02,8,CMA,FHN,58.8944,13.6249,44.9359,12.0872,11.5426,3.112,0.9948,0.3012,0.0,0.0,0.0,0.0,HOLD_CASH
2021-09-03,8,CMA,FHN,58.5543,13.5651,44.9359,12.0872,11.5426,3.112,0.9948,0.035,0.0,0.0,0.0,0.0,HOLD_CASH
2021-09-07,8,CMA,FHN,58.9996,13.4541,44.9359,12.0872,11.5426,3.112,0.9948,1.6553,0.0,0.0,0.0,0.0,HOLD_CASH
2021-09-08,8,CMA,FHN,58.3923,13.0953,44.9359,12.0872,11.5426,3.112,0.9948,2.4863,-1.0,0.0,-0.0833,-0.0833,ENTER_SHORT_A
2021-09-09,8,CMA,FHN,59.2102,13.311,44.9359,12.0872,11.5426,3.112,0.9948,2.0674,-1.0,0.0118,-0.0833,-0.0715,HOLDING
2021-09-10,8,CMA,FHN,58.9511,13.1471,44.9359,12.0872,11.5426,3.112,0.9948,2.2196,-1.0,-0.2743,-0.0833,-0.3576,HOLDING
2021-09-13,8,CMA,FHN,60.0766,13.4576,44.9359,12.0872,11.5426,3.112,0.9948,1.8879,-1.0,-0.2174,-0.0833,-0.3007,HOLDING
2021-09-14,8,CMA,FHN,58.4421,13.0867,44.9359,12.0872,11.5426,3.112,0.9948,1.4812,-1.0,-0.0635,-0.0833,-0.1469,HOLDING
2021-09-15,8,CMA,FHN,59.8805,13.3627,44.9359,12.0872,11.5426,3.112,0.9948,1.6348,-1.0,-0.3478,-0.0833,-0.4311,HOLDING
2021-09-16,8,CMA,FHN,60.2809,13.2333,44.9359,12.0872,11.5426,3.112,0.9948,2.104,-1.0,-1.0363,-0.0833,-1.1196,HOLDING
2021-09-17,8,CMA,FHN,60.5343,13.1298,44.9359,12.0872,11.5426,3.112,0.9948,2.1874,-1.0,-1.5358,-0.0833,-1.6191,HOLDING
2021-09-20,8,CMA,FHN,58.818,12.94,44.9359,12.0872,11.5426,3.112,0.9948,1.2861,-1.0,-0.7842,-0.0833,-0.8676,HOLDING
2021-09-21,8,CMA,FHN,58.2868,12.7934,44.9359,12.0872,11.5426,3.112,0.9948,1.1812,-1.0,-0.8113,-0.0833,-0.8947,HOLDING
2021-09-22,8,CMA,FHN,60.1257,13.1643,44.9359,12.0872,11.5426,3.112,0.9948,1.3283,-1.0,-1.1214,-0.0833,-1.2047,HOLDING
2021-09-23,8,CMA,FHN,63.0678,13.6905,44.9359,12.0872,11.5426,3.112,0.9948,1.7205,-1.0,-1.8163,-0.0833,-1.8997,HOLDING
2021-09-24,8,CMA,FHN,64.1057,13.8717,44.9359,12.0872,11.5426,3.112,0.9948,1.6986,-1.0,-2.0747,-0.0833,-2.1581,HOLDING
2021-09-27,8,CMA,FHN,66.9498,14.3893,44.9359,12.0872,11.5426,3.112,0.9948,1.9112,-1.0,-2.7201,-0.0833,-2.8035,HOLDING
2021-09-28,8,CMA,FHN,66.6882,14.2081,44.9359,12.0872,11.5426,3.112,0.9948,1.8871,-1.0,-3.0554,-0.0833,-3.1387,HOLDING
2021-09-29,8,CMA,FHN,67.4401,14.3203,44.9359,12.0872,11.5426,3.112,0.9948,1.819,-1.0,-3.2989,-0.0833,-3.3823,HOLDING
2021-09-30,8,CMA,FHN,65.7893,14.0529,44.9359,12.0872,11.5426,3.112,0.9948,1.3883,-1.0,-2.8267,-0.0833,-2.9101,HOLDING
2021-10-01,8,CMA,FHN,67.481,14.3807,44.9359,12.0872,11.5426,3.112,0.9948,1.4812,-1.0,-3.1518,-0.0833,-3.2351,HOLDING
2021-10-04,8,CMA,FHN,67.8079,14.3462,44.9359,12.0872,11.5426,3.112,0.9948,1.6024,-1.0,-3.5037,-0.0833,-3.587,HOLDING
2021-10-05,8,CMA,FHN,68.7232,14.2772,44.9359,12.0872,11.5426,3.112,0.9948,1.9884,-1.0,-4.4074,-0.0833,-4.4907,HOLDING
2021-10-06,8,CMA,FHN,68.5434,14.0097,44.9359,12.0872,11.5426,3.112,0.9948,2.0711,-1.0,-5.06,-0.0833,-5.1433,HOLDING
2021-10-07,8,CMA,FHN,68.7722,14.2513,44.9359,12.0872,11.5426,3.112,0.9948,1.5319,-1.0,-4.5213,-0.0833,-4.6047,HOLDING
2021-10-08,8,CMA,FHN,68.8376,14.3893,44.9359,12.0872,11.5426,3.112,0.9948,1.1789,-1.0,-4.1636,-0.0833,-4.2469,HOLDING
2021-10-11,8,CMA,FHN,68.2165,14.303,44.9359,12.0872,11.5426,3.112,0.9948,0.9444,-1.0,-3.9435,-0.0833,-4.0269,HOLDING
2021-10-12,8,CMA,FHN,68.3636,14.3203,44.9359,12.0872,11.5426,3.112,0.9948,0.9033,-1.0,-4.005,-0.0833,-4.0884,HOLDING
2021-10-13,8,CMA,FHN,67.3666,14.2513,44.9359,12.0872,11.5426,3.112,0.9948,0.438,0.0,0.0,-3.6235,-3.6235,EXIT
2021-10-14,8,CMA,FHN,67.3829,14.5101,44.9359,12.0872,11.5426,3.112,0.9948,-0.2006,0.0,0.0,-3.6235,-3.6235,HOLD_CASH
2021-10-15,8,CMA,FHN,67.8324,14.4928,44.9359,12.0872,11.5426,3.112,0.9948,0.053,0.0,0.0,-3.6235,-3.6235,HOLD_CASH
2021-10-18,8,CMA,FHN,68.4862,14.4324,44.9359,12.0872,11.5426,3.112,0.9948,0.5379,0.0,0.0,-3.6235,-3.6235,HOLD_CASH
2021-10-19,8,CMA,FHN,68.6824,14.6826,44.9359,12.0872,11.5426,3.112,0.9948,-0.1195,0.0,0.0,-3.6235,-3.6235,HOLD_CASH
2021-10-20,8,CMA,FHN,71.0442,14.8983,44.9359,12.0872,11.5426,3.112,0.9948,1.074,0.0,0.0,-3.6235,-3.6235,HOLD_CASH
2021-10-21,8,CMA,FHN,70.8399,14.5963,44.9359,12.0872,11.5426,3.112,0.9948,1.8009,0.0,0.0,-3.6235,-3.6235,HOLD_CASH
2021-10-22,8,CMA,FHN,72.2374,14.7171,44.9359,12.0872,11.5426,3.112,0.9948,2.2989,-1.0,0.0,-3.7069,-3.7069,ENTER_SHORT_A
2021-10-25,8,CMA,FHN,72.4989,14.6395,44.9359,12.0872,11.5426,3.112,0.9948,2.2861,-1.0,-0.3624,-3.7069,-4.0693,HOLDING
2021-10-26,8,CMA,FHN,71.6081,14.4756,44.9359,12.0872,11.5426,3.112,0.9948,1.7973,-1.0,-0.1962,-3.7069,-3.9031,HOLDING
2021-10-27,8,CMA,FHN,69.2054,14.3893,44.9359,12.0872,11.5426,3.112,0.9948,0.2505,0.0,0.0,-2.6479,-2.6479,EXIT
2021-10-28,8,CMA,FHN,70.0553,14.8293,44.9359,12.0872,11.5426,3.112,0.9948,-0.4392,0.0,0.0,-2.6479,-2.6479,HOLD_CASH
2021-10-29,8,CMA,FHN,69.5405,14.6395,44.9359,12.0872,11.5426,3.112,0.9948,-0.322,0.0,0.0,-2.6479,-2.6479,HOLD_CASH
2021-11-01,8,CMA,FHN,71.3221,14.95,44.9359,12.0872,11.5426,3.112,0.9948,0.0933,0.0,0.0,-2.6479,-2.6479,HOLD_CASH
2021-11-02,8,CMA,FHN,71.2731,14.6999,44.9359,12.0872,11.5426,3.112,0.9948,0.7823,0.0,0.0,-2.6479,-2.6479,HOLD_CASH
2021-11-03,8,CMA,FHN,73.308,15.0708,44.9359,12.0872,11.5426,3.112,0.9948,1.2003,0.0,0.0,-2.6479,-2.6479,HOLD_CASH
2021-11-04,8,CMA,FHN,71.6408,14.7861,44.9359,12.0872,11.5426,3.112,0.9948,0.7216,0.0,0.0,-2.6479,-2.6479,HOLD_CASH
2021-11-05,8,CMA,FHN,71.5509,14.9414,44.9359,12.0872,11.5426,3.112,0.9948,0.175,0.0,0.0,-2.6479,-2.6479,HOLD_CASH
2021-11-08,8,CMA,FHN,71.837,14.9069,44.9359,12.0872,11.5426,3.112,0.9948,0.4457,0.0,0.0,-2.6479,-2.6479,HOLD_CASH
2021-11-09,8,CMA,FHN,71.5509,14.8983,44.9359,12.0872,11.5426,3.112,0.9948,0.2178,0.0,0.0,-2.6479,-2.6479,HOLD_CASH
2021-11-10,8,CMA,FHN,72.2538,14.9242,44.9359,12.0872,11.5426,3.112,0.9948,0.6054,0.0,0.0,-2.6479,-2.6479,HOLD_CASH
2021-11-11,8,CMA,FHN,72.7686,14.95,44.9359,12.0872,11.5426,3.112,0.9948,0.8669,0.0,0.0,-2.6479,-2.6479,HOLD_CASH
2021-11-12,8,CMA,FHN,72.5398,14.812,44.9359,12.0872,11.5426,3.112,0.9948,1.0572,0.0,0.0,-2.6479,-2.6479,HOLD_CASH
2021-11-15,8,CMA,FHN,73.21,14.8638,44.9359,12.0872,11.5426,3.112,0.9948,1.353,0.0,0.0,-2.6479,-2.6479,HOLD_CASH
2021-11-16,8,CMA,FHN,73.4796,14.9155,44.9359,12.0872,11.5426,3.112,0.9948,1.3712,0.0,0.0,-2.6479,-2.6479,HOLD_CASH
2021-11-17,8,CMA,FHN,72.8259,14.8034,44.9359,12.0872,11.5426,3.112,0.9948,1.035,0.0,0.0,-2.6479,-2.6479,HOLD_CASH
2021-11-18,8,CMA,FHN,72.9893,14.6912,44.9359,12.0872,11.5426,3.112,0.9948,1.4666,0.0,0.0,-2.6479,-2.6479,HOLD_CASH
2021-11-19,8,CMA,FHN,71.8615,14.4756,44.9359,12.0872,11.5426,3.112,0.9948,1.1243,0.0,0.0,-2.6479,-2.6479,HOLD_CASH
2021-11-22,8,CMA,FHN,72.9648,14.6999,44.9359,12.0872,11.5426,3.112,0.9948,1.3193,0.0,0.0,-2.6479,-2.6479,HOLD_CASH
2021-11-23,8,CMA,FHN,74.0191,14.9932,44.9359,12.0872,11.5426,3.112,0.9948,1.201,0.0,0.0,-2.6479,-2.6479,HOLD_CASH
2021-11-24,8,CMA,FHN,73.97,14.9414,44.9359,12.0872,11.5426,3.112,0.9948,1.2077,0.0,0.0,-2.6479,-2.6479,HOLD_CASH
2021-11-26,8,CMA,FHN,69.6794,14.2513,44.9359,12.0872,11.5426,3.112,0.9948,-0.3959,0.0,0.0,-2.6479,-2.6479,HOLD_CASH
2021-11-29,8,CMA,FHN,69.7284,14.3375,44.9359,12.0872,11.5426,3.112,0.9948,-0.8466,0.0,0.0,-2.6479,-2.6479,HOLD_CASH
2021-11-30,8,CMA,FHN,67.4483,13.9148,44.9359,12.0872,11.5426,3.112,0.9948,-1.614,0.0,0.0,-2.6479,-2.6479,HOLD_CASH
2021-12-01,8,CMA,FHN,65.9118,13.587,44.9359,12.0872,11.5426,3.112,0.9948,-1.7274,0.0,0.0,-2.6479,-2.6479,HOLD_CASH
2021-12-02,8,CMA,FHN,69.1564,14.1219,44.9359,12.0872,11.5426,3.112,0.9948,-0.4354,0.0,0.0,-2.6479,-2.6479,HOLD_CASH
2021-12-03,8,CMA,FHN,66.9416,13.8113,44.9359,12.0872,11.5426,3.112,0.9948,-1.3976,0.0,0.0,-2.6479,-2.6479,HOLD_CASH
2021-12-06,8,CMA,FHN,68.4535,14.3203,44.9359,12.0872,11.5426,3.112,0.9948,-1.7305,0.0,0.0,-2.6479,-2.6479,HOLD_CASH
2021-12-07,8,CMA,FHN,69.9246,14.3807,44.9359,12.0872,11.5426,3.112,0.9948,-0.5457,0.0,0.0,-2.6479,-2.6479,HOLD_CASH
2021-12-08,8,CMA,FHN,69.1237,14.4497,44.9359,12.0872,11.5426,3.112,0.9948,-1.4818,0.0,0.0,-2.6479,-2.6479,HOLD_CASH
2021-12-09,8,CMA,FHN,68.5189,14.2669,44.9359,12.0872,11.5426,3.112,0.9948,-1.2736,0.0,0.0,-2.6479,-2.6479,HOLD_CASH
2021-12-10,8,CMA,FHN,69.0828,14.2147,44.9359,12.0872,11.5426,3.112,0.9948,-0.5526,0.0,0.0,-2.6479,-2.6479,HOLD_CASH
2021-12-13,8,CMA,FHN,66.9743,13.8752,44.9359,12.0872,11.5426,3.112,0.9948,-1.1326,0.0,0.0,-2.6479,-2.6479,HOLD_CASH
2021-12-14,8,CMA,FHN,69.0016,14.058,44.9359,12.0872,11.5426,3.112,0.9948,0.0422,0.0,0.0,-2.6479,-2.6479,HOLD_CASH
2021-12-15,8,CMA,FHN,70.1058,14.0754,44.9359,12.0872,11.5426,3.112,0.9948,0.9601,0.0,0.0,-2.6479,-2.6479,HOLD_CASH
2021-12-16,8,CMA,FHN,71.787,14.1973,44.9359,12.0872,11.5426,3.112,0.9948,1.8174,0.0,0.0,-2.6479,-2.6479,HOLD_CASH
2021-12-17,8,CMA,FHN,69.0098,13.7359,44.9359,12.0872,11.5426,3.112,0.9948,1.0355,0.0,0.0,-2.6479,-2.6479,HOLD_CASH
2021-12-20,8,CMA,FHN,67.4852,13.2659,44.9359,12.0872,11.5426,3.112,0.9948,1.2453,0.0,0.0,-2.6479,-2.6479,HOLD_CASH
2021-12-21,8,CMA,FHN,69.8751,13.6663,44.9359,12.0872,11.5426,3.112,0.9948,1.7892,0.0,0.0,-2.6479,-2.6479,HOLD_CASH
2021-12-22,8,CMA,FHN,69.9987,13.7707,44.9359,12.0872,11.5426,3.112,0.9948,1.4935,0.0,0.0,-2.6479,-2.6479,HOLD_CASH
2021-12-23,8,CMA,FHN,70.2954,13.9013,44.9359,12.0872,11.5426,3.112,0.9948,1.3058,0.0,0.0,-2.6479,-2.6479,HOLD_CASH
2021-12-27,8,CMA,FHN,71.3667,14.1102,44.9359,12.0872,11.5426,3.112,0.9948,1.3448,0.0,0.0,-2.6479,-2.6479,HOLD_CASH
2021-12-28,8,CMA,FHN,71.4656,14.2495,44.9359,12.0872,11.5426,3.112,0.9948,0.9486,0.0,0.0,-2.6479,-2.6479,HOLD_CASH
2021-12-29,8,CMA,FHN,72.1826,14.3191,44.9359,12.0872,11.5426,3.112,0.9948,1.1289,0.0,0.0,-2.6479,-2.6479,HOLD_CASH
2021-12-30,8,CMA,FHN,71.7129,14.2495,44.9359,12.0872,11.5426,3.112,0.9948,0.9013,0.0,0.0,-2.6479,-2.6479,HOLD_CASH
2021-07-02,9,KEY,PNC,16.4128,161.9045,13.1788,3.2223,122.1539,28.4001,0.9945,0.0,0.0,0.0,0.0,0.0,HOLD_CASH
2021-07-06,9,KEY,PNC,15.89,157.8483,13.1788,3.2223,122.1539,28.4001,0.9945,0.0,0.0,0.0,0.0,0.0,HOLD_CASH
2021-07-07,9,KEY,PNC,15.7712,156.6893,13.1788,3.2223,122.1539,28.4001,0.9945,0.0,0.0,0.0,0.0,0.0,HOLD_CASH
2021-07-08,9,KEY,PNC,15.3672,153.876,13.1788,3.2223,122.1539,28.4001,0.9945,0.0,0.0,0.0,0.0,0.0,HOLD_CASH
2021-07-09,9,KEY,PNC,15.9772,159.2843,13.1788,3.2223,122.1539,28.4001,0.9945,0.0,0.0,0.0,0.0,0.0,HOLD_CASH
2021-07-12,9,KEY,PNC,16.1752,161.1655,13.1788,3.2223,122.1539,28.4001,0.9945,0.0,0.0,0.0,0.0,0.0,HOLD_CASH
2021-07-13,9,KEY,PNC,15.898,158.9568,13.1788,3.2223,122.1539,28.4001,0.9945,0.0,0.0,0.0,0.0,0.0,HOLD_CASH
2021-07-14,9,KEY,PNC,15.8346,158.1674,13.1788,3.2223,122.1539,28.4001,0.9945,0.0,0.0,0.0,0.0,0.0,HOLD_CASH
2021-07-15,9,KEY,PNC,15.9692,160.2048,13.1788,3.2223,122.1539,28.4001,0.9945,0.0,0.0,0.0,0.0,0.0,HOLD_CASH
2021-07-16,9,KEY,PNC,15.3276,155.0732,13.1788,3.2223,122.1539,28.4001,0.9945,0.0,0.0,0.0,0.0,0.0,HOLD_CASH
2021-07-19,9,KEY,PNC,14.6464,150.3135,13.1788,3.2223,122.1539,28.4001,0.9945,0.0,0.0,0.0,0.0,0.0,HOLD_CASH
2021-07-20,9,KEY,PNC,15.1296,153.5261,13.1788,3.2223,122.1539,28.4001,0.9945,0.0,0.0,0.0,0.0,0.0,HOLD_CASH
2021-07-21,9,KEY,PNC,15.3752,156.2906,13.1788,3.2223,122.1539,28.4001,0.9945,0.0,0.0,0.0,0.0,0.0,HOLD_CASH
2021-07-22,9,KEY,PNC,15.0504,153.6275,13.1788,3.2223,122.1539,28.4001,0.9945,0.0,0.0,0.0,0.0,0.0,HOLD_CASH
2021-07-23,9,KEY,PNC,15.1296,154.7266,13.1788,3.2223,122.1539,28.4001,0.9945,0.0,0.0,0.0,0.0,0.0,HOLD_CASH
2021-07-26,9,KEY,PNC,15.3276,155.9947,13.1788,3.2223,122.1539,28.4001,0.9945,0.0,0.0,0.0,0.0,0.0,HOLD_CASH
2021-07-27,9,KEY,PNC,15.3355,155.7834,13.1788,3.2223,122.1539,28.4001,0.9945,0.0,0.0,0.0,0.0,0.0,HOLD_CASH
2021-07-28,9,KEY,PNC,15.5177,155.3522,13.1788,3.2223,122.1539,28.4001,0.9945,0.0,0.0,0.0,0.0,0.0,HOLD_CASH
2021-07-29,9,KEY,PNC,15.7395,156.5357,13.1788,3.2223,122.1539,28.4001,0.9945,0.0,0.0,0.0,0.0,0.0,HOLD_CASH
2021-07-30,9,KEY,PNC,15.5732,154.2109,13.1788,3.2223,122.1539,28.4001,0.9945,1.5807,0.0,0.0,0.0,0.0,HOLD_CASH
2021-08-02,9,KEY,PNC,15.4781,153.6783,13.1788,3.2223,122.1539,28.4001,0.9945,1.3712,0.0,0.0,0.0,0.0,HOLD_CASH
2021-08-03,9,KEY,PNC,15.8504,157.5334,13.1788,3.2223,122.1539,28.4001,0.9945,0.9862,0.0,0.0,0.0,0.0,HOLD_CASH
2021-08-04,9,KEY,PNC,15.5494,156.4174,13.1788,3.2223,122.1539,28.4001,0.9945,-0.0398,0.0,0.0,0.0,0.0,HOLD_CASH
2021-08-05,9,KEY,PNC,15.7633,157.8208,13.1788,3.2223,122.1539,28.4001,0.9945,0.334,0.0,0.0,0.0,0.0,HOLD_CASH
2021-08-06,9,KEY,PNC,16.1039,160.8558,13.1788,3.2223,122.1539,28.4001,0.9945,0.3413,0.0,0.0,0.0,0.0,HOLD_CASH
2021-08-09,9,KEY,PNC,16.0009,160.6359,13.1788,3.2223,122.1539,28.4001,0.9945,-0.1313,0.0,0.0,0.0,0.0,HOLD_CASH
2021-08-10,9,KEY,PNC,16.3019,162.0647,13.1788,3.2223,122.1539,28.4001,0.9945,0.7608,0.0,0.0,0.0,0.0,HOLD_CASH
2021-08-11,9,KEY,PNC,16.5396,163.9246,13.1788,3.2223,122.1539,28.4001,0.9945,0.9103,0.0,0.0,0.0,0.0,HOLD_CASH
2021-08-12,9,KEY,PNC,16.5,163.5019,13.1788,3.2223,122.1539,28.4001,0.9945,0.8911,0.0,0.0,0.0,0.0,HOLD_CASH
2021-08-13,9,KEY,PNC,16.3812,160.9488,13.1788,3.2223,122.1539,28.4001,0.9945,1.6895,0.0,0.0,0.0,0.0,HOLD_CASH
2021-08-16,9,KEY,PNC,16.2544,160.3316,13.1788,3.2223,122.1539,28.4001,0.9945,1.2376,0.0,0.0,0.0,0.0,HOLD_CASH
2021-08-17,9,KEY,PNC,16.0089,158.7254,13.1788,3.2223,122.1539,28.4001,0.9945,0.7775,0.0,0.0,0.0,0.0,HOLD_CASH
2021-08-18,9,KEY,PNC,15.8583,156.8739,13.1788,3.2223,122.1539,28.4001,0.9945,1.0209,0.0,0.0,0.0,0.0,HOLD_CASH
2021-08-19,9,KEY,PNC,15.6366,155.8425,13.1788,3.2223,122.1539,28.4001,0.9945,0.3084,0.0,0.0,0.0,0.0,HOLD_CASH
2021-08-20,9,KEY,PNC,15.7712,157.0937,13.1788,3.2223,122.1539,28.4001,0.9945,0.1676,0.0,0.0,0.0,0.0,HOLD_CASH
2021-08-23,9,KEY,PNC,15.9692,158.3196,13.1788,3.2223,122.1539,28.4001,0.9945,0.5558,0.0,0.0,0.0,0.0,HOLD_CASH
2021-08-24,9,KEY,PNC,16.1673,159.3425,13.1788,3.2223,122.1539,28.4001,0.9945,1.2944,0.0,0.0,0.0,0.0,HOLD_CASH
2021-08-25,9,KEY,PNC,16.5158,162.4282,13.1788,3.2223,122.1539,28.4001,0.9945,1.168,0.0,0.0,0.0,0.0,HOLD_CASH
2021-08-26,9,KEY,PNC,16.2465,161.4729,13.1788,3.2223,122.1539,28.4001,0.9945,-0.4533,0.0,0.0,0.0,0.0,HOLD_CASH
2021-08-27,9,KEY,PNC,16.5475,164.4403,13.1788,3.2223,122.1539,28.4001,0.9945,-0.7166,0.0,0.0,0.0,0.0,HOLD_CASH
2021-08-30,9,KEY,PNC,16.1199,161.1432,13.1788,3.2223,122.1539,28.4001,0.9945,-1.1608,0.0,0.0,0.0,0.0,HOLD_CASH
2021-08-31,9,KEY,PNC,16.2398,161.5575,13.1788,3.2223,122.1539,28.4001,0.9945,-0.3887,0.0,0.0,0.0,0.0,HOLD_CASH
2021-09-01,9,KEY,PNC,15.9921,160.1879,13.1788,3.2223,122.1539,28.4001,0.9945,-1.3534,0.0,0.0,0.0,0.0,HOLD_CASH
2021-09-02,9,KEY,PNC,16.08,162.0732,13.1788,3.2223,122.1539,28.4001,0.9945,-2.2246,1.0,0.0,-0.0833,-0.0833,ENTER_LONG_A
2021-09-03,9,KEY,PNC,16.024,161.9126,13.1788,3.2223,122.1539,28.4001,0.9945,-2.1652,1.0,-0.0917,-0.0833,-0.175,HOLDING
2021-09-07,9,KEY,PNC,16.016,162.4959,13.1788,3.2223,122.1539,28.4001,0.9945,-2.328,1.0,-0.2707,-0.0833,-0.354,HOLDING
2021-09-08,9,KEY,PNC,15.7763,162.0816,13.1788,3.2223,122.1539,28.4001,0.9945,-2.6851,1.0,-0.7387,-0.0833,-0.822,HOLDING
2021-09-09,9,KEY,PNC,15.9601,162.555,13.1788,3.2223,122.1539,28.4001,0.9945,-1.7244,1.0,-0.4225,-0.0833,-0.5059,HOLDING
2021-09-10,9,KEY,PNC,15.8802,162.0309,13.1788,3.2223,122.1539,28.4001,0.9945,-1.5956,1.0,-0.4729,-0.0833,-0.5562,HOLDING
2021-09-13,9,KEY,PNC,16.5595,164.398,13.1788,3.2223,122.1539,28.4001,0.9945,0.3204,0.0,0.0,0.3582,0.3582,EXIT
2021-09-14,9,KEY,PNC,16.4636,159.2326,13.1788,3.2223,122.1539,28.4001,0.9945,2.2193,-1.0,0.0,0.2748,0.2748,ENTER_SHORT_A
2021-09-15,9,KEY,PNC,16.7833,160.7797,13.1788,3.2223,122.1539,28.4001,0.9945,2.2973,-1.0,-0.3512,0.2748,-0.0764,HOLDING
2021-09-16,9,KEY,PNC,16.6954,160.543,13.1788,3.2223,122.1539,28.4001,0.9945,1.8315,-1.0,-0.2031,0.2748,0.0718,HOLDING
2021-09-17,9,KEY,PNC,16.5915,159.7145,13.1788,3.2223,122.1539,28.4001,0.9945,1.5917,-1.0,-0.1779,0.2748,0.097,HOLDING
2021-09-20,9,KEY,PNC,16.032,156.1215,13.1788,3.2223,122.1539,28.4001,0.9945,1.0479,-1.0,0.1949,0.2748,0.4697,HOLDING
2021-09-21,9,KEY,PNC,15.9281,155.5297,13.1788,3.2223,122.1539,28.4001,0.9945,0.8831,-1.0,0.2847,0.2748,0.5596,HOLDING
2021-09-22,9,KEY,PNC,16.2318,158.6577,13.1788,3.2223,122.1539,28.4001,0.9945,0.717,-1.0,0.404,0.2748,0.6788,HOLDING
2021-09-23,9,KEY,PNC,16.7593,163.6794,13.1788,3.2223,122.1539,28.4001,0.9945,0.59,-1.0,0.4987,0.2748,0.7736,HOLDING
2021-09-24,9,KEY,PNC,16.8951,164.4319,13.1788,3.2223,122.1539,28.4001,0.9945,0.6787,-1.0,0.3754,0.2748,0.6502,HOLDING
2021-09-27,9,KEY,PNC,17.4386,169.2507,13.1788,3.2223,122.1539,28.4001,0.9945,0.6249,-1.0,0.3761,0.2748,0.6509,HOLDING
2021-09-28,9,KEY,PNC,17.3827,167.1541,13.1788,3.2223,122.1539,28.4001,0.9945,1.0099,-1.0,-0.0611,0.2748,0.2137,HOLDING
2021-09-29,9,KEY,PNC,17.5745,166.9173,13.1788,3.2223,122.1539,28.4001,0.9945,1.41,-1.0,-0.59,0.2748,-0.3151,HOLDING
2021-09-30,9,KEY,PNC,17.2788,165.3956,13.1788,3.2223,122.1539,28.4001,0.9945,0.9965,-1.0,-0.2899,0.2748,-0.015,HOLDING
2021-10-01,9,KEY,PNC,17.8542,167.6528,13.1788,3.2223,122.1539,28.4001,0.9945,1.573,-1.0,-1.0661,0.2748,-0.7913,HOLDING
2021-10-04,9,KEY,PNC,17.9101,167.4669,13.1788,3.2223,122.1539,28.4001,0.9945,1.5579,-1.0,-1.2523,0.2748,-0.9775,HOLDING
2021-10-05,9,KEY,PNC,18.1419,169.4958,13.1788,3.2223,122.1539,28.4001,0.9945,1.4199,-1.0,-1.2592,0.2748,-0.9843,HOLDING
2021-10-06,9,KEY,PNC,18.086,169.7749,13.1788,3.2223,122.1539,28.4001,0.9945,1.1637,-1.0,-1.0476,0.2748,-0.7727,HOLDING
2021-10-07,9,KEY,PNC,18.1419,170.6033,13.1788,3.2223,122.1539,28.4001,0.9945,1.022,-1.0,-0.9567,0.2748,-0.6819,HOLDING
2021-10-08,9,KEY,PNC,18.3577,171.4149,13.1788,3.2223,122.1539,28.4001,0.9945,1.4205,-1.0,-1.2573,0.2748,-0.9825,HOLDING
2021-10-11,9,KEY,PNC,18.2618,169.9693,13.1788,3.2223,122.1539,28.4001,0.9945,1.558,-1.0,-1.42,0.2748,-1.1452,HOLDING
2021-10-12,9,KEY,PNC,18.2618,171.8715,13.1788,3.2223,122.1539,28.4001,0.9945,0.7013,-1.0,-0.9005,0.2748,-0.6257,HOLDING
2021-10-13,9,KEY,PNC,18.1259,170.5695,13.1788,3.2223,122.1539,28.4001,0.9945,0.6893,-1.0,-0.9273,0.2748,-0.6524,HOLDING
2021-10-14,9,KEY,PNC,18.5495,172.2623,13.1788,3.2223,122.1539,28.4001,0.9945,1.3609,-1.0,-1.4901,0.2748,-1.2153,HOLDING
2021-10-15,9,KEY,PNC,18.3977,169.3956,13.1788,3.2223,122.1539,28.4001,0.9945,1.6876,-1.0,-1.9055,0.2748,-1.6307,HOLDING
2021-10-18,9,KEY,PNC,18.4136,170.8502,13.1788,3.2223,122.1539,28.4001,0.9945,1.1019,-1.0,-1.547,0.2748,-1.2721,HOLDING
2021-10-19,9,KEY,PNC,18.5415,175.9458,13.1788,3.2223,122.1539,28.4001,0.9945,-0.3736,0.0,0.0,-0.2829,-0.2829,EXIT
2021-10-20,9,KEY,PNC,18.9571,181.0244,13.1788,3.2223,122.1539,28.4001,0.9945,-0.969,0.0,0.0,-0.2829,-0.2829,HOLD_CASH
2021-10-21,9,KEY,PNC,19.0051,180.9648,13.1788,3.2223,122.1539,28.4001,0.9945,-0.897,0.0,0.0,-0.2829,-0.2829,HOLD_CASH
2021-10-22,9,KEY,PNC,19.2128,183.8146,13.1788,3.2223,122.1539,28.4001,0.9945,-1.4026,0.0,0.0,-0.2829,-0.2829,HOLD_CASH
2021-10-25,9,KEY,PNC,19.2368,184.2229,13.1788,3.2223,122.1539,28.4001,0.9945,-1.5704,0.0,0.0,-0.2829,-0.2829,HOLD_CASH
2021-10-26,9,KEY,PNC,19.093,183.8061,13.1788,3.2223,122.1539,28.4001,0.9945,-1.8254,0.0,0.0,-0.2829,-0.2829,HOLD_CASH
2021-10-27,9,KEY,PNC,18.6134,181.1179,13.1788,3.2223,122.1539,28.4001,0.9945,-2.0893,1.0,0.0,-0.3663,-0.3663,ENTER_LONG_A
2021-10-28,9,KEY,PNC,18.7813,181.237,13.1788,3.2223,122.1539,28.4001,0.9945,-1.4497,1.0,0.3295,-0.3663,-0.0368,HOLDING
2021-10-29,9,KEY,PNC,18.5975,179.5186,13.1788,3.2223,122.1539,28.4001,0.9945,-1.2705,1.0,0.351,-0.3663,-0.0153,HOLDING
2021-11-01,9,KEY,PNC,18.8692,179.1869,13.1788,3.2223,122.1539,28.4001,0.9945,-0.2766,0.0,0.0,0.5611,0.5611,EXIT
2021-11-02,9,KEY,PNC,18.8052,178.7275,13.1788,3.2223,122.1539,28.4001,0.9945,-0.2603,0.0,0.0,0.5611,0.5611,HOLD_CASH
2021-11-03,9,KEY,PNC,19.1409,180.9393,13.1788,3.2223,122.1539,28.4001,0.9945,0.0441,0.0,0.0,0.5611,0.5611,HOLD_CASH
2021-11-04,9,KEY,PNC,18.8052,176.6944,13.1788,3.2223,122.1539,28.4001,0.9945,0.5066,0.0,0.0,0.5611,0.5611,HOLD_CASH
2021-11-05,9,KEY,PNC,18.9251,176.1755,13.1788,3.2223,122.1539,28.4001,0.9945,1.0671,0.0,0.0,0.5611,0.5611,HOLD_CASH
2021-11-08,9,KEY,PNC,18.9411,177.0858,13.1788,3.2223,122.1539,28.4001,0.9945,0.828,0.0,0.0,0.5611,0.5611,HOLD_CASH
2021-11-09,9,KEY,PNC,18.9491,176.1245,13.1788,3.2223,122.1539,28.4001,0.9945,1.1389,0.0,0.0,0.5611,0.5611,HOLD_CASH
2021-11-10,9,KEY,PNC,19.101,174.7379,13.1788,3.2223,122.1539,28.4001,0.9945,1.8447,0.0,0.0,0.5611,0.5611,HOLD_CASH
2021-11-11,9,KEY,PNC,19.3407,174.8995,13.1788,3.2223,122.1539,28.4001,0.9945,2.1471,-1.0,0.0,0.4777,0.4777,ENTER_SHORT_A
2021-11-12,9,KEY,PNC,19.2528,173.2066,13.1788,3.2223,122.1539,28.4001,0.9945,2.1416,-1.0,-0.2199,0.4777,0.2579,HOLDING
2021-11-15,9,KEY,PNC,19.1169,174.236,13.1788,3.2223,122.1539,28.4001,0.9945,1.4542,-1.0,0.3176,0.4777,0.7953,HOLDING
2021-11-16,9,KEY,PNC,19.1169,174.8399,13.1788,3.2223,122.1539,28.4001,0.9945,1.179,-1.0,0.4629,0.4777,0.9406,HOLDING
2021-11-17,9,KEY,PNC,18.9491,172.2284,13.1788,3.2223,122.1539,28.4001,0.9945,1.2964,-1.0,0.1924,0.4777,0.6701,HOLDING
2021-11-18,9,KEY,PNC,18.9171,170.9098,13.1788,3.2223,122.1539,28.4001,0.9945,1.3678,-1.0,-0.0567,0.4777,0.421,HOLDING
2021-11-19,9,KEY,PNC,18.6774,169.5912,13.1788,3.2223,122.1539,28.4001,0.9945,1.0733,-1.0,0.1373,0.4777,0.615,HOLDING
2021-11-22,9,KEY,PNC,18.8852,173.666,13.1788,3.2223,122.1539,28.4001,0.9945,0.5111,-1.0,0.6747,0.4777,1.1524,HOLDING
2021-11-23,9,KEY,PNC,19.1569,177.8683,13.1788,3.2223,122.1539,28.4001,0.9945,0.0335,0.0,0.0,1.5005,1.5005,EXIT
2021-11-24,9,KEY,PNC,19.1489,177.477,13.1788,3.2223,122.1539,28.4001,0.9945,0.0111,0.0,0.0,1.5005,1.5005,HOLD_CASH
2021-11-26,9,KEY,PNC,18.3018,170.2208,13.1788,3.2223,122.1539,28.4001,0.9945,-0.1626,0.0,0.0,1.5005,1.5005,HOLD_CASH
2021-11-29,9,KEY,PNC,18.4025,170.8843,13.1788,3.2223,122.1539,28.4001,0.9945,-0.2278,0.0,0.0,1.5005,1.5005,HOLD_CASH
2021-11-30,9,KEY,PNC,18.0881,167.5836,13.1788,3.2223,122.1539,28.4001,0.9945,-0.1428,0.0,0.0,1.5005,1.5005,HOLD_CASH
2021-12-01,9,KEY,PNC,17.7818,166.2651,13.1788,3.2223,122.1539,28.4001,0.9945,-0.7994,0.0,0.0,1.5005,1.5005,HOLD_CASH
2021-12-02,9,KEY,PNC,18.4025,171.7094,13.1788,3.2223,122.1539,28.4001,0.9945,-0.9056,0.0,0.0,1.5005,1.5005,HOLD_CASH
2021-12-03,9,KEY,PNC,18.064,168.2046,13.1788,3.2223,122.1539,28.4001,0.9945,-0.7631,0.0,0.0,1.5005,1.5005,HOLD_CASH
2021-12-06,9,KEY,PNC,18.5879,170.1017,13.1788,3.2223,122.1539,28.4001,0.9945,0.4672,0.0,0.0,1.5005,1.5005,HOLD_CASH
2021-12-07,9,KEY,PNC,18.7088,172.9429,13.1788,3.2223,122.1539,28.4001,0.9945,-0.4546,0.0,0.0,1.5005,1.5005,HOLD_CASH
2021-12-08,9,KEY,PNC,18.6201,171.9136,13.1788,3.2223,122.1539,28.4001,0.9945,-0.3731,0.0,0.0,1.5005,1.5005,HOLD_CASH
2021-12-09,9,KEY,PNC,18.5315,170.7567,13.1788,3.2223,122.1539,28.4001,0.9945,-0.1542,0.0,0.0,1.5005,1.5005,HOLD_CASH
2021-12-10,9,KEY,PNC,18.5476,171.4627,13.1788,3.2223,122.1539,28.4001,0.9945,-0.3731,0.0,0.0,1.5005,1.5005,HOLD_CASH
2021-12-13,9,KEY,PNC,18.0962,166.9116,13.1788,3.2223,122.1539,28.4001,0.9945,0.0424,0.0,0.0,1.5005,1.5005,HOLD_CASH
2021-12-14,9,KEY,PNC,18.3461,169.1234,13.1788,3.2223,122.1539,28.4001,0.9945,0.1019,0.0,0.0,1.5005,1.5005,HOLD_CASH
2021-12-15,9,KEY,PNC,18.6282,168.5024,13.1788,3.2223,122.1539,28.4001,0.9945,1.8933,0.0,0.0,1.5005,1.5005,HOLD_CASH
2021-12-16,9,KEY,PNC,18.7975,171.6584,13.1788,3.2223,122.1539,28.4001,0.9945,0.9566,0.0,0.0,1.5005,1.5005,HOLD_CASH
2021-12-17,9,KEY,PNC,18.1446,167.7878,13.1788,3.2223,122.1539,28.4001,0.9945,-0.119,0.0,0.0,1.5005,1.5005,HOLD_CASH
2021-12-20,9,KEY,PNC,17.7899,163.7981,13.1788,3.2223,122.1539,28.4001,0.9945,0.6082,0.0,0.0,1.5005,1.5005,HOLD_CASH
2021-12-21,9,KEY,PNC,18.2897,167.473,13.1788,3.2223,122.1539,28.4001,0.9945,1.126,0.0,0.0,1.5005,1.5005,HOLD_CASH
2021-12-22,9,KEY,PNC,18.2655,167.6857,13.1788,3.2223,122.1539,28.4001,0.9945,0.7236,0.0,0.0,1.5005,1.5005,HOLD_CASH
2021-12-23,9,KEY,PNC,18.33,168.3748,13.1788,3.2223,122.1539,28.4001,0.9945,0.5678,0.0,0.0,1.5005,1.5005,HOLD_CASH
2021-12-27,9,KEY,PNC,18.6121,171.0459,13.1788,3.2223,122.1539,28.4001,0.9945,0.3724,0.0,0.0,1.5005,1.5005,HOLD_CASH
2021-12-28,9,KEY,PNC,18.6927,171.131,13.1788,3.2223,122.1539,28.4001,0.9945,0.7854,0.0,0.0,1.5005,1.5005,HOLD_CASH
2021-12-29,9,KEY,PNC,18.7814,171.1906,13.1788,3.2223,122.1539,28.4001,0.9945,1.2251,0.0,0.0,1.5005,1.5005,HOLD_CASH
2021-12-30,9,KEY,PNC,18.6927,170.9863,13.1788,3.2223,122.1539,28.4001,0.9945,0.7042,0.0,0.0,1.5005,1.5005,HOLD_CASH
2021-07-02,10,KEY,RF,16.4128,16.6573,13.1788,3.2223,13.5158,3.6203,0.9939,0.0,0.0,0.0,0.0,0.0,HOLD_CASH
2021-07-06,10,KEY,RF,15.89,16.0983,13.1788,3.2223,13.5158,3.6203,0.9939,0.0,0.0,0.0,0.0,0.0,HOLD_CASH
2021-07-07,10,KEY,RF,15.7712,15.9749,13.1788,3.2223,13.5158,3.6203,0.9939,0.0,0.0,0.0,0.0,0.0,HOLD_CASH
2021-07-08,10,KEY,RF,15.3672,15.5967,13.1788,3.2223,13.5158,3.6203,0.9939,0.0,0.0,0.0,0.0,0.0,HOLD_CASH
2021-07-09,10,KEY,RF,15.9772,16.3367,13.1788,3.2223,13.5158,3.6203,0.9939,0.0,0.0,0.0,0.0,0.0,HOLD_CASH
2021-07-12,10,KEY,RF,16.1752,16.4682,13.1788,3.2223,13.5158,3.6203,0.9939,0.0,0.0,0.0,0.0,0.0,HOLD_CASH
2021-07-13,10,KEY,RF,15.898,16.2134,13.1788,3.2223,13.5158,3.6203,0.9939,0.0,0.0,0.0,0.0,0.0,HOLD_CASH
2021-07-14,10,KEY,RF,15.8346,16.0325,13.1788,3.2223,13.5158,3.6203,0.9939,0.0,0.0,0.0,0.0,0.0,HOLD_CASH
2021-07-15,10,KEY,RF,15.9692,16.2216,13.1788,3.2223,13.5158,3.6203,0.9939,0.0,0.0,0.0,0.0,0.0,HOLD_CASH
2021-07-16,10,KEY,RF,15.3276,15.6296,13.1788,3.2223,13.5158,3.6203,0.9939,0.0,0.0,0.0,0.0,0.0,HOLD_CASH
2021-07-19,10,KEY,RF,14.6464,14.9143,13.1788,3.2223,13.5158,3.6203,0.9939,0.0,0.0,0.0,0.0,0.0,HOLD_CASH
2021-07-20,10,KEY,RF,15.1296,15.5474,13.1788,3.2223,13.5158,3.6203,0.9939,0.0,0.0,0.0,0.0,0.0,HOLD_CASH
2021-07-21,10,KEY,RF,15.3752,15.8187,13.1788,3.2223,13.5158,3.6203,0.9939,0.0,0.0,0.0,0.0,0.0,HOLD_CASH
2021-07-22,10,KEY,RF,15.0504,15.5885,13.1788,3.2223,13.5158,3.6203,0.9939,0.0,0.0,0.0,0.0,0.0,HOLD_CASH
2021-07-23,10,KEY,RF,15.1296,15.7036,13.1788,3.2223,13.5158,3.6203,0.9939,0.0,0.0,0.0,0.0,0.0,HOLD_CASH
2021-07-26,10,KEY,RF,15.3276,15.9009,13.1788,3.2223,13.5158,3.6203,0.9939,0.0,0.0,0.0,0.0,0.0,HOLD_CASH
2021-07-27,10,KEY,RF,15.3355,15.942,13.1788,3.2223,13.5158,3.6203,0.9939,0.0,0.0,0.0,0.0,0.0,HOLD_CASH
2021-07-28,10,KEY,RF,15.5177,15.9585,13.1788,3.2223,13.5158,3.6203,0.9939,0.0,0.0,0.0,0.0,0.0,HOLD_CASH
2021-07-29,10,KEY,RF,15.7395,16.0572,13.1788,3.2223,13.5158,3.6203,0.9939,0.0,0.0,0.0,0.0,0.0,HOLD_CASH
2021-07-30,10,KEY,RF,15.5732,15.8269,13.1788,3.2223,13.5158,3.6203,0.9939,0.5791,0.0,0.0,0.0,0.0,HOLD_CASH
2021-08-02,10,KEY,RF,15.4781,15.7118,13.1788,3.2223,13.5158,3.6203,0.9939,0.68,0.0,0.0,0.0,0.0,HOLD_CASH
2021-08-03,10,KEY,RF,15.8504,16.1311,13.1788,3.2223,13.5158,3.6203,0.9939,0.7303,0.0,0.0,0.0,0.0,HOLD_CASH
2021-08-04,10,KEY,RF,15.5494,15.8516,13.1788,3.2223,13.5158,3.6203,0.9939,0.4041,0.0,0.0,0.0,0.0,HOLD_CASH
2021-08-05,10,KEY,RF,15.7633,16.0654,13.1788,3.2223,13.5158,3.6203,0.9939,0.5944,0.0,0.0,0.0,0.0,HOLD_CASH
2021-08-06,10,KEY,RF,16.1039,16.4107,13.1788,3.2223,13.5158,3.6203,0.9939,0.8177,0.0,0.0,0.0,0.0,HOLD_CASH
2021-08-09,10,KEY,RF,16.0009,16.3531,13.1788,3.2223,13.5158,3.6203,0.9939,0.4771,0.0,0.0,0.0,0.0,HOLD_CASH
2021-08-10,10,KEY,RF,16.3019,16.5998,13.1788,3.2223,13.5158,3.6203,0.9939,1.0438,0.0,0.0,0.0,0.0,HOLD_CASH
2021-08-11,10,KEY,RF,16.5396,16.9533,13.1788,3.2223,13.5158,3.6203,0.9939,0.5624,0.0,0.0,0.0,0.0,HOLD_CASH
2021-08-12,10,KEY,RF,16.5,17.0931,13.1788,3.2223,13.5158,3.6203,0.9939,-0.5913,0.0,0.0,0.0,0.0,HOLD_CASH
2021-08-13,10,KEY,RF,16.3812,16.8547,13.1788,3.2223,13.5158,3.6203,0.9939,0.133,0.0,0.0,0.0,0.0,HOLD_CASH
2021-08-16,10,KEY,RF,16.2544,16.7149,13.1788,3.2223,13.5158,3.6203,0.9939,0.1031,0.0,0.0,0.0,0.0,HOLD_CASH
2021-08-17,10,KEY,RF,16.0089,16.3942,13.1788,3.2223,13.5158,3.6203,0.9939,0.3505,0.0,0.0,0.0,0.0,HOLD_CASH
2021-08-18,10,KEY,RF,15.8583,16.2874,13.1788,3.2223,13.5158,3.6203,0.9939,-0.1143,0.0,0.0,0.0,0.0,HOLD_CASH
2021-08-19,10,KEY,RF,15.6366,16.1723,13.1788,3.2223,13.5158,3.6203,0.9939,-1.1336,0.0,0.0,0.0,0.0,HOLD_CASH
2021-08-20,10,KEY,RF,15.7712,16.4682,13.1788,3.2223,13.5158,3.6203,0.9939,-2.1012,1.0,0.0,-0.0833,-0.0833,ENTER_LONG_A
2021-08-23,10,KEY,RF,15.9692,16.7313,13.1788,3.2223,13.5158,3.6203,0.9939,-2.178,1.0,-0.0953,-0.0833,-0.1787,HOLDING
2021-08-24,10,KEY,RF,16.1673,16.9451,13.1788,3.2223,13.5158,3.6203,0.9939,-2.01,1.0,-0.0708,-0.0833,-0.1542,HOLDING
2021-08-25,10,KEY,RF,16.5158,17.2082,13.1788,3.2223,13.5158,3.6203,0.9939,-1.1111,1.0,0.2472,-0.0833,0.1639,HOLDING
2021-08-26,10,KEY,RF,16.2465,16.8958,13.1788,3.2223,13.5158,3.6203,0.9939,-0.9639,1.0,0.2666,-0.0833,0.1833,HOLDING
2021-08-27,10,KEY,RF,16.5475,17.2,13.1788,3.2223,13.5158,3.6203,0.9939,-0.6718,1.0,0.3542,-0.0833,0.2709,HOLDING
2021-08-30,10,KEY,RF,16.1199,16.7231,13.1788,3.2223,13.5158,3.6203,0.9939,-0.6361,1.0,0.3385,-0.0833,0.2552,HOLDING
2021-08-31,10,KEY,RF,16.2398,16.7971,13.1788,3.2223,13.5158,3.6203,0.9939,-0.1925,0.0,0.0,0.3192,0.3192,EXIT
2021-09-01,10,KEY,RF,15.9921,16.5505,13.1788,3.2223,13.5158,3.6203,0.9939,-0.3493,0.0,0.0,0.3192,0.3192,HOLD_CASH
2021-09-02,10,KEY,RF,16.08,16.6168,13.1788,3.2223,13.5158,3.6203,0.9939,-0.0729,0.0,0.0,0.3192,0.3192,HOLD_CASH
2021-09-03,10,KEY,RF,16.024,16.3432,13.1788,3.2223,13.5158,3.6203,0.9939,1.3764,0.0,0.0,0.3192,0.3192,HOLD_CASH
2021-09-07,10,KEY,RF,16.016,16.3183,13.1788,3.2223,13.5158,3.6203,0.9939,1.4328,0.0,0.0,0.3192,0.3192,HOLD_CASH
2021-09-08,10,KEY,RF,15.7763,16.1607,13.1788,3.2223,13.5158,3.6203,0.9939,0.7787,0.0,0.0,0.3192,0.3192,HOLD_CASH
2021-09-09,10,KEY,RF,15.9601,16.3017,13.1788,3.2223,13.5158,3.6203,0.9939,1.2626,0.0,0.0,0.3192,0.3192,HOLD_CASH
2021-09-10,10,KEY,RF,15.8802,16.169,13.1788,3.2223,13.5158,3.6203,0.9939,1.4036,0.0,0.0,0.3192,0.3192,HOLD_CASH
2021-09-13,10,KEY,RF,16.5595,16.4924,13.1788,3.2223,13.5158,3.6203,0.9939,3.0139,-1.0,0.0,0.2359,0.2359,ENTER_SHORT_A
2021-09-14,10,KEY,RF,16.4636,16.1276,13.1788,3.2223,13.5158,3.6203,0.9939,2.9366,-1.0,-0.6069,0.2359,-0.371,HOLDING
2021-09-15,10,KEY,RF,16.7833,16.4178,13.1788,3.2223,13.5158,3.6203,0.9939,2.4723,-1.0,-0.7753,0.2359,-0.5394,HOLDING
2021-09-16,10,KEY,RF,16.6954,16.451,13.1788,3.2223,13.5158,3.6203,0.9939,1.7974,-1.0,-0.4616,0.2359,-0.2257,HOLDING
2021-09-17,10,KEY,RF,16.5915,16.4427,13.1788,3.2223,13.5158,3.6203,0.9939,1.3498,-1.0,-0.2033,0.2359,0.0326,HOLDING
2021-09-20,10,KEY,RF,16.032,15.8871,13.1788,3.2223,13.5158,3.6203,0.9939,1.0487,-1.0,-0.0214,0.2359,0.2145,HOLDING
2021-09-21,10,KEY,RF,15.9281,15.8457,13.1788,3.2223,13.5158,3.6203,0.9939,0.7769,-1.0,0.1584,0.2359,0.3943,HOLDING
2021-09-22,10,KEY,RF,16.2318,16.1856,13.1788,3.2223,13.5158,3.6203,0.9939,0.7056,-1.0,0.1505,0.2359,0.3864,HOLDING
2021-09-23,10,KEY,RF,16.7593,16.9153,13.1788,3.2223,13.5158,3.6203,0.9939,0.2902,0.0,0.0,0.6173,0.6173,EXIT
2021-09-24,10,KEY,RF,16.8951,17.1226,13.1788,3.2223,13.5158,3.6203,0.9939,0.0784,0.0,0.0,0.6173,0.6173,HOLD_CASH
2021-09-27,10,KEY,RF,17.4386,18.043,13.1788,3.2223,13.5158,3.6203,0.9939,-0.837,0.0,0.0,0.6173,0.6173,HOLD_CASH
2021-09-28,10,KEY,RF,17.3827,17.8937,13.1788,3.2223,13.5158,3.6203,0.9939,-0.649,0.0,0.0,0.6173,0.6173,HOLD_CASH
2021-09-29,10,KEY,RF,17.5745,17.9849,13.1788,3.2223,13.5158,3.6203,0.9939,-0.3294,0.0,0.0,0.6173,0.6173,HOLD_CASH
2021-09-30,10,KEY,RF,17.2788,17.6699,13.1788,3.2223,13.5158,3.6203,0.9939,-0.4688,0.0,0.0,0.6173,0.6173,HOLD_CASH
2021-10-01,10,KEY,RF,17.8542,18.0264,13.1788,3.2223,13.5158,3.6203,0.9939,0.4418,0.0,0.0,0.6173,0.6173,HOLD_CASH
2021-10-04,10,KEY,RF,17.9101,18.0927,13.1788,3.2223,13.5158,3.6203,0.9939,0.3704,0.0,0.0,0.6173,0.6173,HOLD_CASH
2021-10-05,10,KEY,RF,18.1419,18.1176,13.1788,3.2223,13.5158,3.6203,0.9939,1.1114,0.0,0.0,0.6173,0.6173,HOLD_CASH
2021-10-06,10,KEY,RF,18.086,17.9932,13.1788,3.2223,13.5158,3.6203,0.9939,1.2164,0.0,0.0,0.6173,0.6173,HOLD_CASH
2021-10-07,10,KEY,RF,18.1419,18.1176,13.1788,3.2223,13.5158,3.6203,0.9939,0.9027,0.0,0.0,0.6173,0.6173,HOLD_CASH
2021-10-08,10,KEY,RF,18.3577,18.2586,13.1788,3.2223,13.5158,3.6203,0.9939,1.1801,0.0,0.0,0.6173,0.6173,HOLD_CASH
2021-10-11,10,KEY,RF,18.2618,18.1176,13.1788,3.2223,13.5158,3.6203,0.9939,1.1982,0.0,0.0,0.6173,0.6173,HOLD_CASH
2021-10-12,10,KEY,RF,18.2618,18.2834,13.1788,3.2223,13.5158,3.6203,0.9939,0.6173,0.0,0.0,0.6173,0.6173,HOLD_CASH
2021-10-13,10,KEY,RF,18.1259,18.0181,13.1788,3.2223,13.5158,3.6203,0.9939,1.0783,0.0,0.0,0.6173,0.6173,HOLD_CASH
2021-10-14,10,KEY,RF,18.5495,18.3415,13.1788,3.2223,13.5158,3.6203,0.9939,1.5596,0.0,0.0,0.6173,0.6173,HOLD_CASH
2021-10-15,10,KEY,RF,18.3977,18.5985,13.1788,3.2223,13.5158,3.6203,0.9939,0.0032,0.0,0.0,0.6173,0.6173,HOLD_CASH
2021-10-18,10,KEY,RF,18.4136,18.7146,13.1788,3.2223,13.5158,3.6203,0.9939,-0.3332,0.0,0.0,0.6173,0.6173,HOLD_CASH
2021-10-19,10,KEY,RF,18.5415,18.9219,13.1788,3.2223,13.5158,3.6203,0.9939,-0.5379,0.0,0.0,0.6173,0.6173,HOLD_CASH
2021-10-20,10,KEY,RF,18.9571,19.5023,13.1788,3.2223,13.5158,3.6203,0.9939,-0.8802,0.0,0.0,0.6173,0.6173,HOLD_CASH
2021-10-21,10,KEY,RF,19.0051,19.3033,13.1788,3.2223,13.5158,3.6203,0.9939,-0.0007,0.0,0.0,0.6173,0.6173,HOLD_CASH
2021-10-22,10,KEY,RF,19.2128,19.975,13.1788,3.2223,13.5158,3.6203,0.9939,-1.4622,0.0,0.0,0.6173,0.6173,HOLD_CASH
2021-10-25,10,KEY,RF,19.2368,20.0828,13.1788,3.2223,13.5158,3.6203,0.9939,-1.7345,0.0,0.0,0.6173,0.6173,HOLD_CASH
2021-10-26,10,KEY,RF,19.093,19.9667,13.1788,3.2223,13.5158,3.6203,0.9939,-1.7973,0.0,0.0,0.6173,0.6173,HOLD_CASH
2021-10-27,10,KEY,RF,18.6134,19.378,13.1788,3.2223,13.5158,3.6203,0.9939,-1.5354,0.0,0.0,0.6173,0.6173,HOLD_CASH
2021-10-28,10,KEY,RF,18.7813,19.6848,13.1788,3.2223,13.5158,3.6203,0.9939,-1.733,0.0,0.0,0.6173,0.6173,HOLD_CASH
2021-10-29,10,KEY,RF,18.5975,19.635,13.1788,3.2223,13.5158,3.6203,0.9939,-1.8719,0.0,0.0,0.6173,0.6173,HOLD_CASH
2021-11-01,10,KEY,RF,18.8692,20.0247,13.1788,3.2223,13.5158,3.6203,0.9939,-1.7941,0.0,0.0,0.6173,0.6173,HOLD_CASH
2021-11-02,10,KEY,RF,18.8052,19.8672,13.1788,3.2223,13.5158,3.6203,0.9939,-1.4121,0.0,0.0,0.6173,0.6173,HOLD_CASH
2021-11-03,10,KEY,RF,19.1409,20.4891,13.1788,3.2223,13.5158,3.6203,0.9939,-1.7163,0.0,0.0,0.6173,0.6173,HOLD_CASH
2021-11-04,10,KEY,RF,18.8052,20.1242,13.1788,3.2223,13.5158,3.6203,0.9939,-1.5431,0.0,0.0,0.6173,0.6173,HOLD_CASH
2021-11-05,10,KEY,RF,18.9251,20.1574,13.1788,3.2223,13.5158,3.6203,0.9939,-1.2067,0.0,0.0,0.6173,0.6173,HOLD_CASH
2021-11-08,10,KEY,RF,18.9411,20.3149,13.1788,3.2223,13.5158,3.6203,0.9939,-1.3641,0.0,0.0,0.6173,0.6173,HOLD_CASH
2021-11-09,10,KEY,RF,18.9491,20.1823,13.1788,3.2223,13.5158,3.6203,0.9939,-0.968,0.0,0.0,0.6173,0.6173,HOLD_CASH
2021-11-10,10,KEY,RF,19.101,20.0413,13.1788,3.2223,13.5158,3.6203,0.9939,-0.2093,0.0,0.0,0.6173,0.6173,HOLD_CASH
2021-11-11,10,KEY,RF,19.3407,19.9999,13.1788,3.2223,13.5158,3.6203,0.9939,0.7277,0.0,0.0,0.6173,0.6173,HOLD_CASH
2021-11-12,10,KEY,RF,19.2528,19.8589,13.1788,3.2223,13.5158,3.6203,0.9939,0.9366,0.0,0.0,0.6173,0.6173,HOLD_CASH
2021-11-15,10,KEY,RF,19.1169,20.0994,13.1788,3.2223,13.5158,3.6203,0.9939,-0.1459,0.0,0.0,0.6173,0.6173,HOLD_CASH
2021-11-16,10,KEY,RF,19.1169,20.1076,13.1788,3.2223,13.5158,3.6203,0.9939,-0.0939,0.0,0.0,0.6173,0.6173,HOLD_CASH
2021-11-17,10,KEY,RF,18.9491,19.9252,13.1788,3.2223,13.5158,3.6203,0.9939,-0.0482,0.0,0.0,0.6173,0.6173,HOLD_CASH
2021-11-18,10,KEY,RF,18.9171,19.8174,13.1788,3.2223,13.5158,3.6203,0.9939,0.3788,0.0,0.0,0.6173,0.6173,HOLD_CASH
2021-11-19,10,KEY,RF,18.6774,19.6433,13.1788,3.2223,13.5158,3.6203,0.9939,0.0245,0.0,0.0,0.6173,0.6173,HOLD_CASH
2021-11-22,10,KEY,RF,18.8852,19.9418,13.1788,3.2223,13.5158,3.6203,0.9939,-0.2046,0.0,0.0,0.6173,0.6173,HOLD_CASH
2021-11-23,10,KEY,RF,19.1569,20.3896,13.1788,3.2223,13.5158,3.6203,0.9939,-0.7604,0.0,0.0,0.6173,0.6173,HOLD_CASH
2021-11-24,10,KEY,RF,19.1489,20.3813,13.1788,3.2223,13.5158,3.6203,0.9939,-0.6857,0.0,0.0,0.6173,0.6173,HOLD_CASH
2021-11-26,10,KEY,RF,18.3018,19.4609,13.1788,3.2223,13.5158,3.6203,0.9939,-0.7784,0.0,0.0,0.6173,0.6173,HOLD_CASH
2021-11-29,10,KEY,RF,18.4025,19.5189,13.1788,3.2223,13.5158,3.6203,0.9939,-0.4962,0.0,0.0,0.6173,0.6173,HOLD_CASH
2021-11-30,10,KEY,RF,18.0881,18.8639,13.1788,3.2223,13.5158,3.6203,0.9939,0.7893,0.0,0.0,0.6173,0.6173,HOLD_CASH
2021-12-01,10,KEY,RF,17.7818,18.3664,13.1788,3.2223,13.5158,3.6203,0.9939,1.3207,0.0,0.0,0.6173,0.6173,HOLD_CASH
2021-12-02,10,KEY,RF,18.4025,18.9095,13.1788,3.2223,13.5158,3.6203,0.9939,1.7427,0.0,0.0,0.6173,0.6173,HOLD_CASH
2021-12-03,10,KEY,RF,18.064,18.2995,13.1788,3.2223,13.5158,3.6203,0.9939,2.2114,-1.0,0.0,0.534,0.534,ENTER_SHORT_A
2021-12-06,10,KEY,RF,18.5879,18.7507,13.1788,3.2223,13.5158,3.6203,0.9939,2.2238,-1.0,-0.3036,0.534,0.2304,HOLDING
2021-12-07,10,KEY,RF,18.7088,19.11,13.1788,3.2223,13.5158,3.6203,0.9939,1.3786,-1.0,0.1756,0.534,0.7096,HOLDING
2021-12-08,10,KEY,RF,18.6201,18.9179,13.1788,3.2223,13.5158,3.6203,0.9939,1.4927,-1.0,-0.0223,0.534,0.5117,HOLDING
2021-12-09,10,KEY,RF,18.5315,18.6254,13.1788,3.2223,13.5158,3.6203,0.9939,1.794,-1.0,-0.436,0.534,0.0979,HOLDING
2021-12-10,10,KEY,RF,18.5476,18.5753,13.1788,3.2223,13.5158,3.6203,0.9939,1.7542,-1.0,-0.5832,0.534,-0.0492,HOLDING
2021-12-13,10,KEY,RF,18.0962,17.9235,13.1788,3.2223,13.5158,3.6203,0.9939,1.8498,-1.0,-0.8877,0.534,-0.3537,HOLDING
2021-12-14,10,KEY,RF,18.3461,18.241,13.1788,3.2223,13.5158,3.6203,0.9939,1.5503,-1.0,-0.8122,0.534,-0.2783,HOLDING
2021-12-15,10,KEY,RF,18.6282,18.2745,13.1788,3.2223,13.5158,3.6203,0.9939,1.8588,-1.0,-1.4267,0.534,-0.8927,HOLDING
2021-12-16,10,KEY,RF,18.7975,18.3497,13.1788,3.2223,13.5158,3.6203,0.9939,1.7964,-1.0,-1.6767,0.534,-1.1427,HOLDING
2021-12-17,10,KEY,RF,18.1446,17.7731,13.1788,3.2223,13.5158,3.6203,0.9939,1.3342,-1.0,-1.3291,0.534,-0.7951,HOLDING
2021-12-20,10,KEY,RF,17.7899,17.2884,13.1788,3.2223,13.5158,3.6203,0.9939,1.3273,-1.0,-1.5093,0.534,-0.9753,HOLDING
2021-12-21,10,KEY,RF,18.2897,17.8149,13.1788,3.2223,13.5158,3.6203,0.9939,1.257,-1.0,-1.5922,0.534,-1.0582,HOLDING
2021-12-22,10,KEY,RF,18.2655,17.8316,13.1788,3.2223,13.5158,3.6203,0.9939,1.0819,-1.0,-1.4974,0.534,-0.9634,HOLDING
2021-12-23,10,KEY,RF,18.33,17.982,13.1788,3.2223,13.5158,3.6203,0.9939,0.8662,-1.0,-1.3305,0.534,-0.7966,HOLDING
2021-12-27,10,KEY,RF,18.6121,18.2912,13.1788,3.2223,13.5158,3.6203,0.9939,0.8241,-1.0,-1.3515,0.534,-0.8176,HOLDING
2021-12-28,10,KEY,RF,18.6927,18.2577,13.1788,3.2223,13.5158,3.6203,0.9939,1.0562,-1.0,-1.6196,0.534,-1.0856,HOLDING
2021-12-29,10,KEY,RF,18.7814,18.2577,13.1788,3.2223,13.5158,3.6203,0.9939,1.2415,-1.0,-1.8353,0.534,-1.3013,HOLDING
2021-12-30,10,KEY,RF,18.6927,18.2745,13.1788,3.2223,13.5158,3.6203,0.9939,0.8729,-1.0,0.0,-1.1344,-1.1344,PERIOD_END_EXIT
2021-07-02,11,FHN,RF,14.7183,16.6573,11.5426,3.112,13.5158,3.6203,0.9937,0.0,0.0,0.0,0.0,0.0,HOLD_CASH
2021-07-06,11,FHN,RF,14.2143,16.0983,11.5426,3.112,13.5158,3.6203,0.9937,0.0,0.0,0.0,0.0,0.0,HOLD_CASH
2021-07-07,11,FHN,RF,14.0862,15.9749,11.5426,3.112,13.5158,3.6203,0.9937,0.0,0.0,0.0,0.0,0.0,HOLD_CASH
2021-07-08,11,FHN,RF,13.7787,15.5967,11.5426,3.112,13.5158,3.6203,0.9937,0.0,0.0,0.0,0.0,0.0,HOLD_CASH
2021-07-09,11,FHN,RF,14.3425,16.3367,11.5426,3.112,13.5158,3.6203,0.9937,0.0,0.0,0.0,0.0,0.0,HOLD_CASH
2021-07-12,11,FHN,RF,14.4535,16.4682,11.5426,3.112,13.5158,3.6203,0.9937,0.0,0.0,0.0,0.0,0.0,HOLD_CASH
2021-07-13,11,FHN,RF,14.0691,16.2134,11.5426,3.112,13.5158,3.6203,0.9937,0.0,0.0,0.0,0.0,0.0,HOLD_CASH
2021-07-14,11,FHN,RF,13.9752,16.0325,11.5426,3.112,13.5158,3.6203,0.9937,0.0,0.0,0.0,0.0,0.0,HOLD_CASH
2021-07-15,11,FHN,RF,14.0691,16.2216,11.5426,3.112,13.5158,3.6203,0.9937,0.0,0.0,0.0,0.0,0.0,HOLD_CASH
2021-07-16,11,FHN,RF,13.2918,15.6296,11.5426,3.112,13.5158,3.6203,0.9937,0.0,0.0,0.0,0.0,0.0,HOLD_CASH
2021-07-19,11,FHN,RF,12.8219,14.9143,11.5426,3.112,13.5158,3.6203,0.9937,0.0,0.0,0.0,0.0,0.0,HOLD_CASH
2021-07-20,11,FHN,RF,13.1978,15.5474,11.5426,3.112,13.5158,3.6203,0.9937,0.0,0.0,0.0,0.0,0.0,HOLD_CASH
2021-07-21,11,FHN,RF,13.4882,15.8187,11.5426,3.112,13.5158,3.6203,0.9937,0.0,0.0,0.0,0.0,0.0,HOLD_CASH
2021-07-22,11,FHN,RF,13.1124,15.5885,11.5426,3.112,13.5158,3.6203,0.9937,0.0,0.0,0.0,0.0,0.0,HOLD_CASH
2021-07-23,11,FHN,RF,13.1807,15.7036,11.5426,3.112,13.5158,3.6203,0.9937,0.0,0.0,0.0,0.0,0.0,HOLD_CASH
2021-07-26,11,FHN,RF,13.2234,15.9009,11.5426,3.112,13.5158,3.6203,0.9937,0.0,0.0,0.0,0.0,0.0,HOLD_CASH
2021-07-27,11,FHN,RF,13.1295,15.942,11.5426,3.112,13.5158,3.6203,0.9937,0.0,0.0,0.0,0.0,0.0,HOLD_CASH
2021-07-28,11,FHN,RF,13.2747,15.9585,11.5426,3.112,13.5158,3.6203,0.9937,0.0,0.0,0.0,0.0,0.0,HOLD_CASH
2021-07-29,11,FHN,RF,13.343,16.0572,11.5426,3.112,13.5158,3.6203,0.9937,0.0,0.0,0.0,0.0,0.0,HOLD_CASH
2021-07-30,11,FHN,RF,13.1978,15.8269,11.5426,3.112,13.5158,3.6203,0.9937,-1.0956,0.0,0.0,0.0,0.0,HOLD_CASH
2021-08-02,11,FHN,RF,13.0782,15.7118,11.5426,3.112,13.5158,3.6203,0.9937,-1.055,0.0,0.0,0.0,0.0,HOLD_CASH
2021-08-03,11,FHN,RF,13.3687,16.1311,11.5426,3.112,13.5158,3.6203,0.9937,-1.1497,0.0,0.0,0.0,0.0,HOLD_CASH
2021-08-04,11,FHN,RF,13.2661,15.8516,11.5426,3.112,13.5158,3.6203,0.9937,-0.6507,0.0,0.0,0.0,0.0,HOLD_CASH
2021-08-05,11,FHN,RF,13.3687,16.0654,11.5426,3.112,13.5158,3.6203,0.9937,-0.8379,0.0,0.0,0.0,0.0,HOLD_CASH
2021-08-06,11,FHN,RF,13.642,16.4107,11.5426,3.112,13.5158,3.6203,0.9937,-0.8404,0.0,0.0,0.0,0.0,HOLD_CASH
2021-08-09,11,FHN,RF,13.5395,16.3531,11.5426,3.112,13.5158,3.6203,0.9937,-0.9854,0.0,0.0,0.0,0.0,HOLD_CASH
2021-08-10,11,FHN,RF,13.7274,16.5998,11.5426,3.112,13.5158,3.6203,0.9937,-1.0013,0.0,0.0,0.0,0.0,HOLD_CASH
2021-08-11,11,FHN,RF,14.0179,16.9533,11.5426,3.112,13.5158,3.6203,0.9937,-1.0191,0.0,0.0,0.0,0.0,HOLD_CASH
2021-08-12,11,FHN,RF,13.9922,17.0931,11.5426,3.112,13.5158,3.6203,0.9937,-1.7386,0.0,0.0,0.0,0.0,HOLD_CASH
2021-08-13,11,FHN,RF,13.8812,16.8547,11.5426,3.112,13.5158,3.6203,0.9937,-1.1011,0.0,0.0,0.0,0.0,HOLD_CASH
2021-08-16,11,FHN,RF,13.8641,16.7149,11.5426,3.112,13.5158,3.6203,0.9937,-0.4259,0.0,0.0,0.0,0.0,HOLD_CASH
2021-08-17,11,FHN,RF,13.6676,16.3942,11.5426,3.112,13.5158,3.6203,0.9937,0.2454,0.0,0.0,0.0,0.0,HOLD_CASH
2021-08-18,11,FHN,RF,13.6164,16.2874,11.5426,3.112,13.5158,3.6203,0.9937,0.8688,0.0,0.0,0.0,0.0,HOLD_CASH
2021-08-19,11,FHN,RF,13.3174,16.1723,11.5426,3.112,13.5158,3.6203,0.9937,-1.1218,0.0,0.0,0.0,0.0,HOLD_CASH
2021-08-20,11,FHN,RF,13.5224,16.4682,11.5426,3.112,13.5158,3.6203,0.9937,-1.5199,0.0,0.0,0.0,0.0,HOLD_CASH
2021-08-23,11,FHN,RF,13.6335,16.7313,11.5426,3.112,13.5158,3.6203,0.9937,-2.2576,1.0,0.0,-0.0833,-0.0833,ENTER_LONG_A
2021-08-24,11,FHN,RF,13.8726,16.9451,11.5426,3.112,13.5158,3.6203,0.9937,-1.5547,1.0,0.1689,-0.0833,0.0855,HOLDING
2021-08-25,11,FHN,RF,14.0691,17.2082,11.5426,3.112,13.5158,3.6203,0.9937,-1.5863,1.0,0.0845,-0.0833,0.0012,HOLDING
2021-08-26,11,FHN,RF,13.9324,16.8958,11.5426,3.112,13.5158,3.6203,0.9937,-0.4183,0.0,0.0,0.3051,0.3051,EXIT
2021-08-27,11,FHN,RF,14.257,17.2,11.5426,3.112,13.5158,3.6203,0.9937,0.1957,0.0,0.0,0.3051,0.3051,HOLD_CASH
2021-08-30,11,FHN,RF,13.9239,16.7231,11.5426,3.112,13.5158,3.6203,0.9937,0.873,0.0,0.0,0.3051,0.3051,HOLD_CASH
2021-08-31,11,FHN,RF,14.0008,16.7971,11.5426,3.112,13.5158,3.6203,0.9937,0.948,0.0,0.0,0.3051,0.3051,HOLD_CASH
2021-09-01,11,FHN,RF,13.8299,16.5505,11.5426,3.112,13.5158,3.6203,0.9937,1.3444,0.0,0.0,0.3051,0.3051,HOLD_CASH
2021-09-02,11,FHN,RF,13.6249,16.6168,11.5426,3.112,13.5158,3.6203,0.9937,-0.9196,0.0,0.0,0.3051,0.3051,HOLD_CASH
2021-09-03,11,FHN,RF,13.5651,16.3432,11.5426,3.112,13.5158,3.6203,0.9937,0.6629,0.0,0.0,0.3051,0.3051,HOLD_CASH
2021-09-07,11,FHN,RF,13.4541,16.3183,11.5426,3.112,13.5158,3.6203,0.9937,-0.128,0.0,0.0,0.3051,0.3051,HOLD_CASH
2021-09-08,11,FHN,RF,13.0953,16.1607,11.5426,3.112,13.5158,3.6203,0.9937,-1.8503,0.0,0.0,0.3051,0.3051,HOLD_CASH
2021-09-09,11,FHN,RF,13.311,16.3017,11.5426,3.112,13.5158,3.6203,0.9937,-0.9802,0.0,0.0,0.3051,0.3051,HOLD_CASH
2021-09-10,11,FHN,RF,13.1471,16.169,11.5426,3.112,13.5158,3.6203,0.9937,-1.3268,0.0,0.0,0.3051,0.3051,HOLD_CASH
2021-09-13,11,FHN,RF,13.4576,16.4924,11.5426,3.112,13.5158,3.6203,0.9937,-0.988,0.0,0.0,0.3051,0.3051,HOLD_CASH
2021-09-14,11,FHN,RF,13.0867,16.1276,11.5426,3.112,13.5158,3.6203,0.9937,-1.2857,0.0,0.0,0.3051,0.3051,HOLD_CASH
2021-09-15,11,FHN,RF,13.3627,16.4178,11.5426,3.112,13.5158,3.6203,0.9937,-0.9819,0.0,0.0,0.3051,0.3051,HOLD_CASH
2021-09-16,11,FHN,RF,13.2333,16.451,11.5426,3.112,13.5158,3.6203,0.9937,-1.9216,0.0,0.0,0.3051,0.3051,HOLD_CASH
2021-09-17,11,FHN,RF,13.1298,16.4427,11.5426,3.112,13.5158,3.6203,0.9937,-2.1456,1.0,0.0,0.2217,0.2217,ENTER_LONG_A
2021-09-20,11,FHN,RF,12.94,15.8871,11.5426,3.112,13.5158,3.6203,0.9937,-0.3134,0.0,0.0,1.0137,1.0137,EXIT
2021-09-21,11,FHN,RF,12.7934,15.8457,11.5426,3.112,13.5158,3.6203,0.9937,-0.971,0.0,0.0,1.0137,1.0137,HOLD_CASH
2021-09-22,11,FHN,RF,13.1643,16.1856,11.5426,3.112,13.5158,3.6203,0.9937,-0.4506,0.0,0.0,1.0137,1.0137,HOLD_CASH
2021-09-23,11,FHN,RF,13.6905,16.9153,11.5426,3.112,13.5158,3.6203,0.9937,-0.9839,0.0,0.0,1.0137,1.0137,HOLD_CASH
2021-09-24,11,FHN,RF,13.8717,17.1226,11.5426,3.112,13.5158,3.6203,0.9937,-0.8719,0.0,0.0,1.0137,1.0137,HOLD_CASH
2021-09-27,11,FHN,RF,14.3893,18.043,11.5426,3.112,13.5158,3.6203,0.9937,-2.0641,1.0,0.0,0.9303,0.9303,ENTER_LONG_A
2021-09-28,11,FHN,RF,14.2081,17.8937,11.5426,3.112,13.5158,3.6203,0.9937,-2.0247,1.0,-0.1501,0.9303,0.7802,HOLDING
2021-09-29,11,FHN,RF,14.3203,17.9849,11.5426,3.112,13.5158,3.6203,0.9937,-1.6715,1.0,-0.0543,0.9303,0.876,HOLDING
2021-09-30,11,FHN,RF,14.0529,17.6699,11.5426,3.112,13.5158,3.6203,0.9937,-1.5596,1.0,-0.0495,0.9303,0.8808,HOLDING
2021-10-01,11,FHN,RF,14.3807,18.0264,11.5426,3.112,13.5158,3.6203,0.9937,-1.2879,1.0,0.0155,0.9303,0.9458,HOLDING
2021-10-04,11,FHN,RF,14.3462,18.0927,11.5426,3.112,13.5158,3.6203,0.9937,-1.6258,1.0,-0.2394,0.9303,0.6909,HOLDING
2021-10-05,11,FHN,RF,14.2772,18.1176,11.5426,3.112,13.5158,3.6203,0.9937,-1.8725,1.0,-0.4918,0.9303,0.4385,HOLDING
2021-10-06,11,FHN,RF,14.0097,17.9932,11.5426,3.112,13.5158,3.6203,0.9937,-2.2001,1.0,-0.9426,0.9303,-0.0122,HOLDING
2021-10-07,11,FHN,RF,14.2513,18.1176,11.5426,3.112,13.5158,3.6203,0.9937,-1.4241,1.0,-0.5642,0.9303,0.3661,HOLDING
2021-10-08,11,FHN,RF,14.3893,18.2586,11.5426,3.112,13.5158,3.6203,0.9937,-1.2131,1.0,-0.5149,0.9303,0.4154,HOLDING
2021-10-11,11,FHN,RF,14.303,18.1176,11.5426,3.112,13.5158,3.6203,0.9937,-0.9678,1.0,-0.4195,0.9303,0.5109,HOLDING
2021-10-12,11,FHN,RF,14.3203,18.2834,11.5426,3.112,13.5158,3.6203,0.9937,-1.366,1.0,-0.7673,0.9303,0.163,HOLDING
2021-10-13,11,FHN,RF,14.2513,18.0181,11.5426,3.112,13.5158,3.6203,0.9937,-0.5993,1.0,-0.3265,0.9303,0.6038,HOLDING
2021-10-14,11,FHN,RF,14.5101,18.3415,11.5426,3.112,13.5158,3.6203,0.9937,-0.6086,1.0,-0.3753,0.9303,0.555,HOLDING
2021-10-15,11,FHN,RF,14.4928,18.5985,11.5426,3.112,13.5158,3.6203,0.9937,-1.507,1.0,-1.0375,0.9303,-0.1072,HOLDING
2021-10-18,11,FHN,RF,14.4324,18.7146,11.5426,3.112,13.5158,3.6203,0.9937,-1.9702,1.0,-1.4836,0.9303,-0.5533,HOLDING
2021-10-19,11,FHN,RF,14.6826,18.9219,11.5426,3.112,13.5158,3.6203,0.9937,-1.5,1.0,-1.2792,0.9303,-0.3489,HOLDING
2021-10-20,11,FHN,RF,14.8983,19.5023,11.5426,3.112,13.5158,3.6203,0.9937,-2.3495,1.0,-2.0625,0.9303,-1.1322,HOLDING
2021-10-21,11,FHN,RF,14.5963,19.3033,11.5426,3.112,13.5158,3.6203,0.9937,-2.408,1.0,-2.4315,0.9303,-1.5011,HOLDING
2021-10-22,11,FHN,RF,14.7171,19.975,11.5426,3.112,13.5158,3.6203,0.9937,-2.9885,1.0,-3.698,0.9303,-2.7677,HOLDING
2021-10-25,11,FHN,RF,14.6395,20.0828,11.5426,3.112,13.5158,3.6203,0.9937,-2.6257,1.0,-4.1726,0.9303,-3.2422,HOLDING
2021-10-26,11,FHN,RF,14.4756,19.9667,11.5426,3.112,13.5158,3.6203,0.9937,-2.2446,1.0,-4.3536,0.9303,-3.4233,HOLDING
2021-10-27,11,FHN,RF,14.3893,19.378,11.5426,3.112,13.5158,3.6203,0.9937,-1.2547,1.0,-3.1887,0.9303,-2.2583,HOLDING
2021-10-28,11,FHN,RF,14.8293,19.6848,11.5426,3.112,13.5158,3.6203,0.9937,-0.8149,1.0,-2.6912,0.9303,-1.7609,HOLDING
2021-10-29,11,FHN,RF,14.6395,19.635,11.5426,3.112,13.5158,3.6203,0.9937,-1.005,1.0,-3.1031,0.9303,-2.1727,HOLDING
2021-11-01,11,FHN,RF,14.95,20.0247,11.5426,3.112,13.5158,3.6203,0.9937,-0.9506,1.0,-3.1655,0.9303,-2.2352,HOLDING
2021-11-02,11,FHN,RF,14.6999,19.8672,11.5426,3.112,13.5158,3.6203,0.9937,-1.0707,1.0,-3.4888,0.9303,-2.5584,HOLDING
2021-11-03,11,FHN,RF,15.0708,20.4891,11.5426,3.112,13.5158,3.6203,0.9937,-1.2494,1.0,-3.9369,0.9303,-3.0066,HOLDING
2021-11-04,11,FHN,RF,14.7861,20.1242,11.5426,3.112,13.5158,3.6203,0.9937,-1.0832,1.0,-3.8615,0.9303,-2.9312,HOLDING
2021-11-05,11,FHN,RF,14.9414,20.1574,11.5426,3.112,13.5158,3.6203,0.9937,-0.7517,1.0,-3.5065,0.9303,-2.5762,HOLDING
2021-11-08,11,FHN,RF,14.9069,20.3149,11.5426,3.112,13.5158,3.6203,0.9937,-1.0007,1.0,-3.9793,0.9303,-3.049,HOLDING
2021-11-09,11,FHN,RF,14.8983,20.1823,11.5426,3.112,13.5158,3.6203,0.9937,-0.702,1.0,-3.6865,0.9303,-2.7562,HOLDING
2021-11-10,11,FHN,RF,14.9242,20.0413,11.5426,3.112,13.5158,3.6203,0.9937,-0.2974,0.0,0.0,-2.4368,-2.4368,EXIT
2021-11-11,11,FHN,RF,14.95,19.9999,11.5426,3.112,13.5158,3.6203,0.9937,-0.0317,0.0,0.0,-2.4368,-2.4368,HOLD_CASH
2021-11-12,11,FHN,RF,14.812,19.8589,11.5426,3.112,13.5158,3.6203,0.9937,0.0311,0.0,0.0,-2.4368,-2.4368,HOLD_CASH
2021-11-15,11,FHN,RF,14.8638,20.0994,11.5426,3.112,13.5158,3.6203,0.9937,-0.4038,0.0,0.0,-2.4368,-2.4368,HOLD_CASH
2021-11-16,11,FHN,RF,14.9155,20.1076,11.5426,3.112,13.5158,3.6203,0.9937,-0.1134,0.0,0.0,-2.4368,-2.4368,HOLD_CASH
2021-11-17,11,FHN,RF,14.8034,19.9252,11.5426,3.112,13.5158,3.6203,0.9937,0.2552,0.0,0.0,-2.4368,-2.4368,HOLD_CASH
2021-11-18,11,FHN,RF,14.6912,19.8174,11.5426,3.112,13.5158,3.6203,0.9937,0.2764,0.0,0.0,-2.4368,-2.4368,HOLD_CASH
2021-11-19,11,FHN,RF,14.4756,19.6433,11.5426,3.112,13.5158,3.6203,0.9937,-0.1952,0.0,0.0,-2.4368,-2.4368,HOLD_CASH
2021-11-22,11,FHN,RF,14.6999,19.9418,11.5426,3.112,13.5158,3.6203,0.9937,-0.5033,0.0,0.0,-2.4368,-2.4368,HOLD_CASH
2021-11-23,11,FHN,RF,14.9932,20.3896,11.5426,3.112,13.5158,3.6203,0.9937,-1.3754,0.0,0.0,-2.4368,-2.4368,HOLD_CASH
2021-11-24,11,FHN,RF,14.9414,20.3813,11.5426,3.112,13.5158,3.6203,0.9937,-1.5376,0.0,0.0,-2.4368,-2.4368,HOLD_CASH
2021-11-26,11,FHN,RF,14.2513,19.4609,11.5426,3.112,13.5158,3.6203,0.9937,-0.7304,0.0,0.0,-2.4368,-2.4368,HOLD_CASH
2021-11-29,11,FHN,RF,14.3375,19.5189,11.5426,3.112,13.5158,3.6203,0.9937,-0.3177,0.0,0.0,-2.4368,-2.4368,HOLD_CASH
2021-11-30,11,FHN,RF,13.9148,18.8639,11.5426,3.112,13.5158,3.6203,0.9937,1.0758,0.0,0.0,-2.4368,-2.4368,HOLD_CASH
2021-12-01,11,FHN,RF,13.587,18.3664,11.5426,3.112,13.5158,3.6203,0.9937,1.7929,0.0,0.0,-2.4368,-2.4368,HOLD_CASH
2021-12-02,11,FHN,RF,14.1219,18.9095,11.5426,3.112,13.5158,3.6203,0.9937,2.0641,-1.0,0.0,-2.5201,-2.5201,ENTER_SHORT_A
2021-12-03,11,FHN,RF,13.8113,18.2995,11.5426,3.112,13.5158,3.6203,0.9937,2.7912,-1.0,-0.5794,-2.5201,-3.0995,HOLDING
2021-12-06,11,FHN,RF,14.3203,18.7507,11.5426,3.112,13.5158,3.6203,0.9937,2.6602,-1.0,-0.9194,-2.5201,-3.4396,HOLDING
2021-12-07,11,FHN,RF,14.3807,19.11,11.5426,3.112,13.5158,3.6203,0.9937,1.2658,-1.0,-0.2408,-2.5201,-2.761,HOLDING
2021-12-08,11,FHN,RF,14.4497,18.9179,11.5426,3.112,13.5158,3.6203,0.9937,2.0372,-1.0,-0.8827,-2.5201,-3.4028,HOLDING
2021-12-09,11,FHN,RF,14.2669,18.6254,11.5426,3.112,13.5158,3.6203,0.9937,1.9649,-1.0,-1.0672,-2.5201,-3.5873,HOLDING
2021-12-10,11,FHN,RF,14.2147,18.5753,11.5426,3.112,13.5158,3.6203,0.9937,1.6816,-1.0,-1.0413,-2.5201,-3.5614,HOLDING
2021-12-13,11,FHN,RF,13.8752,17.9235,11.5426,3.112,13.5158,3.6203,0.9937,2.0559,-1.0,-1.6393,-2.5201,-4.1594,HOLDING
2021-12-14,11,FHN,RF,14.058,18.241,11.5426,3.112,13.5158,3.6203,0.9937,1.5555,-1.0,-1.3959,-2.5201,-3.916,HOLDING
2021-12-15,11,FHN,RF,14.0754,18.2745,11.5426,3.112,13.5158,3.6203,0.9937,1.3553,-1.0,-1.3652,-2.5201,-3.8853,HOLDING
2021-12-16,11,FHN,RF,14.1973,18.3497,11.5426,3.112,13.5158,3.6203,0.9937,1.3567,-1.0,-1.5238,-2.5201,-4.0439,HOLDING
2021-12-17,11,FHN,RF,13.7359,17.7731,11.5426,3.112,13.5158,3.6203,0.9937,1.2914,-1.0,-1.6096,-2.5201,-4.1297,HOLDING
2021-12-20,11,FHN,RF,13.2659,17.2884,11.5426,3.112,13.5158,3.6203,0.9937,1.031,-1.0,-1.4552,-2.5201,-3.9753,HOLDING
2021-12-21,11,FHN,RF,13.6663,17.8149,11.5426,3.112,13.5158,3.6203,0.9937,0.8113,-1.0,-1.3196,-2.5201,-3.8397,HOLDING
2021-12-22,11,FHN,RF,13.7707,17.8316,11.5426,3.112,13.5158,3.6203,0.9937,0.9763,-1.0,-1.5679,-2.5201,-4.088,HOLDING
2021-12-23,11,FHN,RF,13.9013,17.982,11.5426,3.112,13.5158,3.6203,0.9937,0.9197,-1.0,-1.5736,-2.5201,-4.0937,HOLDING
2021-12-27,11,FHN,RF,14.1102,18.2912,11.5426,3.112,13.5158,3.6203,0.9937,0.6777,-1.0,-1.4218,-2.5201,-3.9419,HOLDING
2021-12-28,11,FHN,RF,14.2495,18.2577,11.5426,3.112,13.5158,3.6203,0.9937,1.2536,-1.0,-1.8837,-2.5201,-4.4038,HOLDING
2021-12-29,11,FHN,RF,14.3191,18.2577,11.5426,3.112,13.5158,3.6203,0.9937,1.4878,-1.0,-2.0754,-2.5201,-4.5955,HOLDING
2021-12-30,11,FHN,RF,14.2495,18.2745,11.5426,3.112,13.5158,3.6203,0.9937,1.0717,-1.0,0.0,-4.4467,-4.4467,PERIOD_END_EXIT
2021-07-02,12,PNC,SCHW,161.9045,68.3704,122.1539,28.4001,49.3987,13.6817,0.9936,0.0,0.0,0.0,0.0,0.0,HOLD_CASH
2021-07-06,12,PNC,SCHW,157.8483,66.4639,122.1539,28.4001,49.3987,13.6817,0.9936,0.0,0.0,0.0,0.0,0.0,HOLD_CASH
2021-07-07,12,PNC,SCHW,156.6893,65.8065,122.1539,28.4001,49.3987,13.6817,0.9936,0.0,0.0,0.0,0.0,0.0,HOLD_CASH
2021-07-08,12,PNC,SCHW,153.876,63.8061,122.1539,28.4001,49.3987,13.6817,0.9936,0.0,0.0,0.0,0.0,0.0,HOLD_CASH
2021-07-09,12,PNC,SCHW,159.2843,66.2573,122.1539,28.4001,49.3987,13.6817,0.9936,0.0,0.0,0.0,0.0,0.0,HOLD_CASH
2021-07-12,12,PNC,SCHW,161.1655,67.3467,122.1539,28.4001,49.3987,13.6817,0.9936,0.0,0.0,0.0,0.0,0.0,HOLD_CASH
2021-07-13,12,PNC,SCHW,158.9568,67.45,122.1539,28.4001,49.3987,13.6817,0.9936,0.0,0.0,0.0,0.0,0.0,HOLD_CASH
2021-07-14,12,PNC,SCHW,158.1674,65.9286,122.1539,28.4001,49.3987,13.6817,0.9936,0.0,0.0,0.0,0.0,0.0,HOLD_CASH
2021-07-15,12,PNC,SCHW,160.2048,66.2573,122.1539,28.4001,49.3987,13.6817,0.9936,0.0,0.0,0.0,0.0,0.0,HOLD_CASH
2021-07-16,12,PNC,SCHW,155.0732,64.6983,122.1539,28.4001,49.3987,13.6817,0.9936,0.0,0.0,0.0,0.0,0.0,HOLD_CASH
2021-07-19,12,PNC,SCHW,150.3135,62.6227,122.1539,28.4001,49.3987,13.6817,0.9936,0.0,0.0,0.0,0.0,0.0,HOLD_CASH
2021-07-20,12,PNC,SCHW,153.5261,63.8061,122.1539,28.4001,49.3987,13.6817,0.9936,0.0,0.0,0.0,0.0,0.0,HOLD_CASH
2021-07-21,12,PNC,SCHW,156.2906,65.3275,122.1539,28.4001,49.3987,13.6817,0.9936,0.0,0.0,0.0,0.0,0.0,HOLD_CASH
2021-07-22,12,PNC,SCHW,153.6275,63.1581,122.1539,28.4001,49.3987,13.6817,0.9936,0.0,0.0,0.0,0.0,0.0,HOLD_CASH
2021-07-23,12,PNC,SCHW,154.7266,63.7779,122.1539,28.4001,49.3987,13.6817,0.9936,0.0,0.0,0.0,0.0,0.0,HOLD_CASH
2021-07-26,12,PNC,SCHW,155.9947,63.9,122.1539,28.4001,49.3987,13.6817,0.9936,0.0,0.0,0.0,0.0,0.0,HOLD_CASH
2021-07-27,12,PNC,SCHW,155.7834,63.2708,122.1539,28.4001,49.3987,13.6817,0.9936,0.0,0.0,0.0,0.0,0.0,HOLD_CASH
2021-07-28,12,PNC,SCHW,155.3522,63.7216,122.1539,28.4001,49.3987,13.6817,0.9936,0.0,0.0,0.0,0.0,0.0,HOLD_CASH
2021-07-29,12,PNC,SCHW,156.5357,64.3978,122.1539,28.4001,49.3987,13.6817,0.9936,0.0,0.0,0.0,0.0,0.0,HOLD_CASH
2021-07-30,12,PNC,SCHW,154.2109,63.8155,122.1539,28.4001,49.3987,13.6817,0.9936,0.144,0.0,0.0,0.0,0.0,HOLD_CASH
2021-08-02,12,PNC,SCHW,153.6783,63.6183,122.1539,28.4001,49.3987,13.6817,0.9936,-0.0064,0.0,0.0,0.0,0.0,HOLD_CASH
2021-08-03,12,PNC,SCHW,157.5334,63.3083,122.1539,28.4001,49.3987,13.6817,0.9936,2.6215,-1.0,0.0,-0.0833,-0.0833,ENTER_SHORT_A
2021-08-04,12,PNC,SCHW,156.4174,63.5525,122.1539,28.4001,49.3987,13.6817,0.9936,1.4342,-1.0,0.4684,-0.0833,0.3851,HOLDING
2021-08-05,12,PNC,SCHW,157.8208,65.0833,122.1539,28.4001,49.3987,13.6817,0.9936,0.3189,0.0,0.0,0.8079,0.8079,EXIT
2021-08-06,12,PNC,SCHW,160.8558,67.5533,122.1539,28.4001,49.3987,13.6817,0.9936,-0.8952,0.0,0.0,0.8079,0.8079,HOLD_CASH
2021-08-09,12,PNC,SCHW,160.6359,68.9527,122.1539,28.4001,49.3987,13.6817,0.9936,-2.2583,1.0,0.0,0.7246,0.7246,ENTER_LONG_A
2021-08-10,12,PNC,SCHW,162.0647,69.9951,122.1539,28.4001,49.3987,13.6817,0.9936,-2.3136,1.0,-0.1985,0.7246,0.5261,HOLDING
2021-08-11,12,PNC,SCHW,163.9246,70.2581,122.1539,28.4001,49.3987,13.6817,0.9936,-1.526,1.0,0.1641,0.7246,0.8887,HOLDING
2021-08-12,12,PNC,SCHW,163.5019,71.0018,122.1539,28.4001,49.3987,13.6817,0.9936,-1.9825,1.0,-0.3743,0.7246,0.3503,HOLDING
2021-08-13,12,PNC,SCHW,160.9488,69.6744,122.1539,28.4001,49.3987,13.6817,0.9936,-1.6809,1.0,-0.3235,0.7246,0.4011,HOLDING
2021-08-16,12,PNC,SCHW,160.3316,68.9683,122.1539,28.4001,49.3987,13.6817,0.9936,-1.2729,1.0,-0.0926,0.7246,0.632,HOLDING
2021-08-17,12,PNC,SCHW,158.7254,68.2529,122.1539,28.4001,49.3987,13.6817,0.9936,-1.1992,1.0,-0.1286,0.7246,0.596,HOLDING
2021-08-18,12,PNC,SCHW,156.8739,67.7822,122.1539,28.4001,49.3987,13.6817,0.9936,-1.3397,1.0,-0.3709,0.7246,0.3537,HOLDING
2021-08-19,12,PNC,SCHW,155.8425,66.8972,122.1539,28.4001,49.3987,13.6817,0.9936,-0.9932,1.0,-0.1525,0.7246,0.5721,HOLDING
2021-08-20,12,PNC,SCHW,157.0937,67.7539,122.1539,28.4001,49.3987,13.6817,0.9936,-1.0393,1.0,-0.2944,0.7246,0.4302,HOLDING
2021-08-23,12,PNC,SCHW,158.3196,68.0646,122.1539,28.4001,49.3987,13.6817,0.9936,-0.7819,1.0,-0.1334,0.7246,0.5912,HOLDING
2021-08-24,12,PNC,SCHW,159.3425,69.8062,122.1539,28.4001,49.3987,13.6817,0.9936,-1.4021,1.0,-0.8403,0.7246,-0.1157,HOLDING
2021-08-25,12,PNC,SCHW,162.4282,70.211,122.1539,28.4001,49.3987,13.6817,0.9936,-0.6524,1.0,-0.221,0.7246,0.5036,HOLDING
2021-08-26,12,PNC,SCHW,161.4729,69.3355,122.1539,28.4001,49.3987,13.6817,0.9936,-0.3236,0.0,0.0,0.6539,0.6539,EXIT
2021-08-27,12,PNC,SCHW,164.4403,71.3972,122.1539,28.4001,49.3987,13.6817,0.9936,-0.658,0.0,0.0,0.6539,0.6539,HOLD_CASH
2021-08-30,12,PNC,SCHW,161.1432,69.1378,122.1539,28.4001,49.3987,13.6817,0.9936,-0.157,0.0,0.0,0.6539,0.6539,HOLD_CASH
2021-08-31,12,PNC,SCHW,161.5575,68.5824,122.1539,28.4001,49.3987,13.6817,0.9936,0.6092,0.0,0.0,0.6539,0.6539,HOLD_CASH
2021-09-01,12,PNC,SCHW,160.1879,68.9118,122.1539,28.4001,49.3987,13.6817,0.9936,-0.1432,0.0,0.0,0.6539,0.6539,HOLD_CASH
2021-09-02,12,PNC,SCHW,162.0732,68.6388,122.1539,28.4001,49.3987,13.6817,0.9936,1.732,0.0,0.0,0.6539,0.6539,HOLD_CASH
2021-09-03,12,PNC,SCHW,161.9126,67.8669,122.1539,28.4001,49.3987,13.6817,0.9936,2.6626,-1.0,0.0,0.5705,0.5705,ENTER_SHORT_A
2021-09-07,12,PNC,SCHW,162.4959,67.8575,122.1539,28.4001,49.3987,13.6817,0.9936,2.4208,-1.0,-0.1664,0.5705,0.4042,HOLDING
2021-09-08,12,PNC,SCHW,162.0816,67.3679,122.1539,28.4001,49.3987,13.6817,0.9936,2.2305,-1.0,-0.3307,0.5705,0.2398,HOLDING
2021-09-09,12,PNC,SCHW,162.555,68.0928,122.1539,28.4001,49.3987,13.6817,0.9936,1.5353,-1.0,-0.0487,0.5705,0.5218,HOLDING
2021-09-10,12,PNC,SCHW,162.0309,67.255,122.1539,28.4001,49.3987,13.6817,0.9936,1.7989,-1.0,-0.381,0.5705,0.1895,HOLDING
2021-09-13,12,PNC,SCHW,164.398,67.6786,122.1539,28.4001,49.3987,13.6817,0.9936,2.0353,-1.0,-0.7933,0.5705,-0.2227,HOLDING
2021-09-14,12,PNC,SCHW,159.2326,65.6451,122.1539,28.4001,49.3987,13.6817,0.9936,1.4691,-1.0,-0.5251,0.5705,0.0454,HOLDING
2021-09-15,12,PNC,SCHW,160.7797,66.9819,122.1539,28.4001,49.3987,13.6817,0.9936,0.9341,-1.0,-0.1911,0.5705,0.3795,HOLDING
2021-09-16,12,PNC,SCHW,160.543,66.6336,122.1539,28.4001,49.3987,13.6817,0.9936,1.0017,-1.0,-0.3241,0.5705,0.2465,HOLDING
2021-09-17,12,PNC,SCHW,159.7145,66.3041,122.1539,28.4001,49.3987,13.6817,0.9936,0.8577,-1.0,-0.283,0.5705,0.2876,HOLDING
2021-09-20,12,PNC,SCHW,156.1215,64.7696,122.1539,28.4001,49.3987,13.6817,0.9936,0.6278,-1.0,-0.1648,0.5705,0.4057,HOLDING
2021-09-21,12,PNC,SCHW,155.5297,64.4307,122.1539,28.4001,49.3987,13.6817,0.9936,0.5939,-1.0,-0.1944,0.5705,0.3762,HOLDING
2021-09-22,12,PNC,SCHW,158.6577,66.2759,122.1539,28.4001,49.3987,13.6817,0.9936,0.2466,0.0,0.0,0.4817,0.4817,EXIT
2021-09-23,12,PNC,SCHW,163.6794,69.9474,122.1539,28.4001,49.3987,13.6817,0.9936,-0.9637,0.0,0.0,0.4817,0.4817,HOLD_CASH
2021-09-24,12,PNC,SCHW,164.4319,71.1618,122.1539,28.4001,49.3987,13.6817,0.9936,-1.7053,0.0,0.0,0.4817,0.4817,HOLD_CASH
2021-09-27,12,PNC,SCHW,169.2507,72.847,122.1539,28.4001,49.3987,13.6817,0.9936,-1.2255,0.0,0.0,0.4817,0.4817,HOLD_CASH
2021-09-28,12,PNC,SCHW,167.1541,71.7173,122.1539,28.4001,49.3987,13.6817,0.9936,-1.156,0.0,0.0,0.4817,0.4817,HOLD_CASH
2021-09-29,12,PNC,SCHW,166.9173,70.9641,122.1539,28.4001,49.3987,13.6817,0.9936,-0.5201,0.0,0.0,0.4817,0.4817,HOLD_CASH
2021-09-30,12,PNC,SCHW,165.3956,68.5729,122.1539,28.4001,49.3987,13.6817,0.9936,1.0946,0.0,0.0,0.4817,0.4817,HOLD_CASH
2021-10-01,12,PNC,SCHW,167.6528,70.0604,122.1539,28.4001,49.3987,13.6817,0.9936,0.5991,0.0,0.0,0.4817,0.4817,HOLD_CASH
2021-10-04,12,PNC,SCHW,167.4669,68.9401,122.1539,28.4001,49.3987,13.6817,0.9936,1.5296,0.0,0.0,0.4817,0.4817,HOLD_CASH
2021-10-05,12,PNC,SCHW,169.4958,71.4537,122.1539,28.4001,49.3987,13.6817,0.9936,-0.0246,0.0,0.0,0.4817,0.4817,HOLD_CASH
2021-10-06,12,PNC,SCHW,169.7749,71.2748,122.1539,28.4001,49.3987,13.6817,0.9936,0.3071,0.0,0.0,0.4817,0.4817,HOLD_CASH
2021-10-07,12,PNC,SCHW,170.6033,71.915,122.1539,28.4001,49.3987,13.6817,0.9936,0.058,0.0,0.0,0.4817,0.4817,HOLD_CASH
2021-10-08,12,PNC,SCHW,171.4149,72.8093,122.1539,28.4001,49.3987,13.6817,0.9936,-0.4068,0.0,0.0,0.4817,0.4817,HOLD_CASH
2021-10-11,12,PNC,SCHW,169.9693,72.1221,122.1539,28.4001,49.3987,13.6817,0.9936,-0.3487,0.0,0.0,0.4817,0.4817,HOLD_CASH
2021-10-12,12,PNC,SCHW,171.8715,72.7434,122.1539,28.4001,49.3987,13.6817,0.9936,0.0322,0.0,0.0,0.4817,0.4817,HOLD_CASH
2021-10-13,12,PNC,SCHW,170.5695,71.802,122.1539,28.4001,49.3987,13.6817,0.9936,0.3847,0.0,0.0,0.4817,0.4817,HOLD_CASH
2021-10-14,12,PNC,SCHW,172.2623,73.5342,122.1539,28.4001,49.3987,13.6817,0.9936,-0.5737,0.0,0.0,0.4817,0.4817,HOLD_CASH
2021-10-15,12,PNC,SCHW,169.3956,76.1608,122.1539,28.4001,49.3987,13.6817,0.9936,-3.207,1.0,0.0,0.3984,0.3984,ENTER_LONG_A
2021-10-18,12,PNC,SCHW,170.8502,75.8313,122.1539,28.4001,49.3987,13.6817,0.9936,-2.0219,1.0,0.5448,0.3984,0.9431,HOLDING
2021-10-19,12,PNC,SCHW,175.9458,76.7633,122.1539,28.4001,49.3987,13.6817,0.9936,-0.9048,1.0,1.3548,0.3984,1.7531,HOLDING
2021-10-20,12,PNC,SCHW,181.0244,76.8104,122.1539,28.4001,49.3987,13.6817,0.9936,0.6699,1.0,2.6263,0.3984,3.0246,HOLDING
2021-10-21,12,PNC,SCHW,180.9648,77.4223,122.1539,28.4001,49.3987,13.6817,0.9936,0.2217,0.0,0.0,2.6003,2.6003,EXIT
2021-10-22,12,PNC,SCHW,183.8146,78.6555,122.1539,28.4001,49.3987,13.6817,0.9936,0.2625,0.0,0.0,2.6003,2.6003,HOLD_CASH
2021-10-25,12,PNC,SCHW,184.2229,78.0342,122.1539,28.4001,49.3987,13.6817,0.9936,0.7376,0.0,0.0,2.6003,2.6003,HOLD_CASH
2021-10-26,12,PNC,SCHW,183.8061,78.1942,122.1539,28.4001,49.3987,13.6817,0.9936,0.4448,0.0,0.0,2.6003,2.6003,HOLD_CASH
2021-10-27,12,PNC,SCHW,181.1179,76.3961,122.1539,28.4001,49.3987,13.6817,0.9936,0.7172,0.0,0.0,2.6003,2.6003,HOLD_CASH
2021-10-28,12,PNC,SCHW,181.237,77.1869,122.1539,28.4001,49.3987,13.6817,0.9936,0.2695,0.0,0.0,2.6003,2.6003,HOLD_CASH
2021-10-29,12,PNC,SCHW,179.5186,77.2246,122.1539,28.4001,49.3987,13.6817,0.9936,-0.2706,0.0,0.0,2.6003,2.6003,HOLD_CASH
2021-11-01,12,PNC,SCHW,179.1869,77.074,122.1539,28.4001,49.3987,13.6817,0.9936,-0.2054,0.0,0.0,2.6003,2.6003,HOLD_CASH
2021-11-02,12,PNC,SCHW,178.7275,76.9798,122.1539,28.4001,49.3987,13.6817,0.9936,-0.2609,0.0,0.0,2.6003,2.6003,HOLD_CASH
2021-11-03,12,PNC,SCHW,180.9393,78.4484,122.1539,28.4001,49.3987,13.6817,0.9936,-0.4863,0.0,0.0,2.6003,2.6003,HOLD_CASH
2021-11-04,12,PNC,SCHW,176.6944,76.6786,122.1539,28.4001,49.3987,13.6817,0.9936,-0.6294,0.0,0.0,2.6003,2.6003,HOLD_CASH
2021-11-05,12,PNC,SCHW,176.1755,76.3961,122.1539,28.4001,49.3987,13.6817,0.9936,-0.5575,0.0,0.0,2.6003,2.6003,HOLD_CASH
2021-11-08,12,PNC,SCHW,177.0858,76.8951,122.1539,28.4001,49.3987,13.6817,0.9936,-0.5486,0.0,0.0,2.6003,2.6003,HOLD_CASH
2021-11-09,12,PNC,SCHW,176.1245,76.0478,122.1539,28.4001,49.3987,13.6817,0.9936,-0.233,0.0,0.0,2.6003,2.6003,HOLD_CASH
2021-11-10,12,PNC,SCHW,174.7379,76.1893,122.1539,28.4001,49.3987,13.6817,0.9936,-0.7412,0.0,0.0,2.6003,2.6003,HOLD_CASH
2021-11-11,12,PNC,SCHW,174.8995,76.8026,122.1539,28.4001,49.3987,13.6817,0.9936,-1.0296,0.0,0.0,2.6003,2.6003,HOLD_CASH
2021-11-12,12,PNC,SCHW,173.2066,77.4725,122.1539,28.4001,49.3987,13.6817,0.9936,-2.2081,1.0,0.0,2.517,2.517,ENTER_LONG_A
2021-11-15,12,PNC,SCHW,174.236,77.2933,122.1539,28.4001,49.3987,13.6817,0.9936,-1.7323,1.0,0.3501,2.517,2.8671,HOLDING
2021-11-16,12,PNC,SCHW,174.8399,77.1895,122.1539,28.4001,49.3987,13.6817,0.9936,-1.3445,1.0,0.5548,2.517,3.0719,HOLDING
2021-11-17,12,PNC,SCHW,172.2284,76.8215,122.1539,28.4001,49.3987,13.6817,0.9936,-1.7385,1.0,0.0912,2.517,2.6082,HOLDING
2021-11-18,12,PNC,SCHW,170.9098,77.1045,122.1539,28.4001,49.3987,13.6817,0.9936,-1.9876,1.0,-0.3849,2.517,2.1321,HOLDING
2021-11-19,12,PNC,SCHW,169.5912,75.6421,122.1539,28.4001,49.3987,13.6817,0.9936,-1.325,1.0,0.04,2.517,2.557,HOLDING
2021-11-22,12,PNC,SCHW,173.666,77.2933,122.1539,28.4001,49.3987,13.6817,0.9936,-1.0355,1.0,0.2075,2.517,2.7245,HOLDING
2021-11-23,12,PNC,SCHW,177.8683,78.2556,122.1539,28.4001,49.3987,13.6817,0.9936,-0.297,0.0,0.0,3.1945,3.1945,EXIT
2021-11-24,12,PNC,SCHW,177.477,78.4443,122.1539,28.4001,49.3987,13.6817,0.9936,-0.4704,0.0,0.0,3.1945,3.1945,HOLD_CASH
2021-11-26,12,PNC,SCHW,170.2208,74.6797,122.1539,28.4001,49.3987,13.6817,0.9936,-0.2041,0.0,0.0,3.1945,3.1945,HOLD_CASH
2021-11-29,12,PNC,SCHW,170.8843,75.576,122.1539,28.4001,49.3987,13.6817,0.9936,-0.5932,0.0,0.0,3.1945,3.1945,HOLD_CASH
2021-11-30,12,PNC,SCHW,167.5836,73.0191,122.1539,28.4001,49.3987,13.6817,0.9936,0.3042,0.0,0.0,3.1945,3.1945,HOLD_CASH
2021-12-01,12,PNC,SCHW,166.2651,72.2077,122.1539,28.4001,49.3987,13.6817,0.9936,0.5552,0.0,0.0,3.1945,3.1945,HOLD_CASH
2021-12-02,12,PNC,SCHW,171.7094,75.5949,122.1539,28.4001,49.3987,13.6817,0.9936,-0.0986,0.0,0.0,3.1945,3.1945,HOLD_CASH
2021-12-03,12,PNC,SCHW,168.2046,74.0381,122.1539,28.4001,49.3987,13.6817,0.9936,-0.1775,0.0,0.0,3.1945,3.1945,HOLD_CASH
2021-12-06,12,PNC,SCHW,170.1017,75.8308,122.1539,28.4001,49.3987,13.6817,0.9936,-1.0234,0.0,0.0,3.1945,3.1945,HOLD_CASH
2021-12-07,12,PNC,SCHW,172.9429,76.7177,122.1539,28.4001,49.3987,13.6817,0.9936,-0.401,0.0,0.0,3.1945,3.1945,HOLD_CASH
2021-12-08,12,PNC,SCHW,171.9136,76.6139,122.1539,28.4001,49.3987,13.6817,0.9936,-0.8276,0.0,0.0,3.1945,3.1945,HOLD_CASH
2021-12-09,12,PNC,SCHW,170.7567,76.1044,122.1539,28.4001,49.3987,13.6817,0.9936,-0.8206,0.0,0.0,3.1945,3.1945,HOLD_CASH
2021-12-10,12,PNC,SCHW,171.4627,76.2459,122.1539,28.4001,49.3987,13.6817,0.9936,-0.4582,0.0,0.0,3.1945,3.1945,HOLD_CASH
2021-12-13,12,PNC,SCHW,166.9116,74.8967,122.1539,28.4001,49.3987,13.6817,0.9936,-1.6323,0.0,0.0,3.1945,3.1945,HOLD_CASH
2021-12-14,12,PNC,SCHW,169.1234,76.2271,122.1539,28.4001,49.3987,13.6817,0.9936,-1.7354,0.0,0.0,3.1945,3.1945,HOLD_CASH
2021-12-15,12,PNC,SCHW,168.5024,76.9913,122.1539,28.4001,49.3987,13.6817,0.9936,-2.4375,1.0,0.0,3.1112,3.1112,ENTER_LONG_A
2021-12-16,12,PNC,SCHW,171.6584,79.152,122.1539,28.4001,49.3987,13.6817,0.9936,-2.4437,1.0,-0.3311,3.1112,2.7801,HOLDING
2021-12-17,12,PNC,SCHW,167.7878,78.2651,122.1539,28.4001,49.3987,13.6817,0.9936,-2.6001,1.0,-0.8508,3.1112,2.2604,HOLDING
2021-12-20,12,PNC,SCHW,163.7981,76.1233,122.1539,28.4001,49.3987,13.6817,0.9936,-2.0443,1.0,-0.7419,3.1112,2.3693,HOLDING
2021-12-21,12,PNC,SCHW,167.473,78.4915,122.1539,28.4001,49.3987,13.6817,0.9936,-2.0133,1.0,-1.0499,3.1112,2.0613,HOLDING
2021-12-22,12,PNC,SCHW,167.6857,79.6143,122.1539,28.4001,49.3987,13.6817,0.9936,-2.1332,1.0,-1.5854,3.1112,1.5258,HOLDING
2021-12-23,12,PNC,SCHW,168.3748,80.322,122.1539,28.4001,49.3987,13.6817,0.9936,-1.9545,1.0,-1.7815,3.1112,1.3297,HOLDING
2021-12-27,12,PNC,SCHW,171.0459,80.973,122.1539,28.4001,49.3987,13.6817,0.9936,-1.4778,1.0,-1.4433,3.1112,1.6679,HOLDING
2021-12-28,12,PNC,SCHW,171.131,80.6711,122.1539,28.4001,49.3987,13.6817,0.9936,-1.1956,1.0,-1.2631,3.1112,1.8481,HOLDING
2021-12-29,12,PNC,SCHW,171.1906,80.1616,122.1539,28.4001,49.3987,13.6817,0.9936,-0.8792,1.0,-0.9804,3.1112,2.1308,HOLDING
2021-12-30,12,PNC,SCHW,170.9863,79.7087,122.1539,28.4001,49.3987,13.6817,0.9936,-0.6496,1.0,0.0,2.2313,2.2313,PERIOD_END_EXIT
2021-07-02,13,CMA,PNC,58.0846,161.9045,44.9359,12.0872,122.1539,28.4001,0.9935,0.0,0.0,0.0,0.0,0.0,HOLD_CASH
2021-07-06,13,CMA,PNC,55.9387,157.8483,44.9359,12.0872,122.1539,28.4001,0.9935,0.0,0.0,0.0,0.0,0.0,HOLD_CASH
2021-07-07,13,CMA,PNC,55.1209,156.6893,44.9359,12.0872,122.1539,28.4001,0.9935,0.0,0.0,0.0,0.0,0.0,HOLD_CASH
2021-07-08,13,CMA,PNC,53.8414,153.876,44.9359,12.0872,122.1539,28.4001,0.9935,0.0,0.0,0.0,0.0,0.0,HOLD_CASH
2021-07-09,13,CMA,PNC,56.0764,159.2843,44.9359,12.0872,122.1539,28.4001,0.9935,0.0,0.0,0.0,0.0,0.0,HOLD_CASH
2021-07-12,13,CMA,PNC,56.5136,161.1655,44.9359,12.0872,122.1539,28.4001,0.9935,0.0,0.0,0.0,0.0,0.0,HOLD_CASH
2021-07-13,13,CMA,PNC,55.8253,158.9568,44.9359,12.0872,122.1539,28.4001,0.9935,0.0,0.0,0.0,0.0,0.0,HOLD_CASH
2021-07-14,13,CMA,PNC,55.5338,158.1674,44.9359,12.0872,122.1539,28.4001,0.9935,0.0,0.0,0.0,0.0,0.0,HOLD_CASH
2021-07-15,13,CMA,PNC,55.8901,160.2048,44.9359,12.0872,122.1539,28.4001,0.9935,0.0,0.0,0.0,0.0,0.0,HOLD_CASH
2021-07-16,13,CMA,PNC,53.9791,155.0732,44.9359,12.0872,122.1539,28.4001,0.9935,0.0,0.0,0.0,0.0,0.0,HOLD_CASH
2021-07-19,13,CMA,PNC,51.4445,150.3135,44.9359,12.0872,122.1539,28.4001,0.9935,0.0,0.0,0.0,0.0,0.0,HOLD_CASH
2021-07-20,13,CMA,PNC,53.1693,153.5261,44.9359,12.0872,122.1539,28.4001,0.9935,0.0,0.0,0.0,0.0,0.0,HOLD_CASH
2021-07-21,13,CMA,PNC,55.38,156.2906,44.9359,12.0872,122.1539,28.4001,0.9935,0.0,0.0,0.0,0.0,0.0,HOLD_CASH
2021-07-22,13,CMA,PNC,54.3516,153.6275,44.9359,12.0872,122.1539,28.4001,0.9935,0.0,0.0,0.0,0.0,0.0,HOLD_CASH
2021-07-23,13,CMA,PNC,54.2706,154.7266,44.9359,12.0872,122.1539,28.4001,0.9935,0.0,0.0,0.0,0.0,0.0,HOLD_CASH
2021-07-26,13,CMA,PNC,54.8617,155.9947,44.9359,12.0872,122.1539,28.4001,0.9935,0.0,0.0,0.0,0.0,0.0,HOLD_CASH
2021-07-27,13,CMA,PNC,54.7645,155.7834,44.9359,12.0872,122.1539,28.4001,0.9935,0.0,0.0,0.0,0.0,0.0,HOLD_CASH
2021-07-28,13,CMA,PNC,55.3881,155.3522,44.9359,12.0872,122.1539,28.4001,0.9935,0.0,0.0,0.0,0.0,0.0,HOLD_CASH
2021-07-29,13,CMA,PNC,56.1897,156.5357,44.9359,12.0872,122.1539,28.4001,0.9935,0.0,0.0,0.0,0.0,0.0,HOLD_CASH
2021-07-30,13,CMA,PNC,55.5986,154.2109,44.9359,12.0872,122.1539,28.4001,0.9935,2.26,-1.0,0.0,-0.0833,-0.0833,ENTER_SHORT_A
2021-08-02,13,CMA,PNC,54.7888,153.6783,44.9359,12.0872,122.1539,28.4001,0.9935,1.3085,-1.0,0.4032,-0.0833,0.3199,HOLDING
2021-08-03,13,CMA,PNC,56.1735,157.5334,44.9359,12.0872,122.1539,28.4001,0.9935,0.8867,-1.0,0.5725,-0.0833,0.4892,HOLDING
2021-08-04,13,CMA,PNC,55.6472,156.4174,44.9359,12.0872,122.1539,28.4001,0.9935,0.745,-1.0,0.6101,-0.0833,0.5268,HOLDING
2021-08-05,13,CMA,PNC,56.7647,157.8208,44.9359,12.0872,122.1539,28.4001,0.9935,1.3595,-1.0,0.2486,-0.0833,0.1652,HOLDING
2021-08-06,13,CMA,PNC,58.5057,160.8558,44.9359,12.0872,122.1539,28.4001,0.9935,1.7296,-1.0,-0.0672,-0.0833,-0.1505,HOLDING
2021-08-09,13,CMA,PNC,58.2951,160.6359,44.9359,12.0872,122.1539,28.4001,0.9935,1.4069,-1.0,0.014,-0.0833,-0.0694,HOLDING
2021-08-10,13,CMA,PNC,59.4207,162.0647,44.9359,12.0872,122.1539,28.4001,0.9935,1.7779,-1.0,-0.3458,-0.0833,-0.4291,HOLDING
2021-08-11,13,CMA,PNC,60.6435,163.9246,44.9359,12.0872,122.1539,28.4001,0.9935,1.9354,-1.0,-0.6467,-0.0833,-0.7301,HOLDING
2021-08-12,13,CMA,PNC,61.1374,163.5019,44.9359,12.0872,122.1539,28.4001,0.9935,2.2165,-1.0,-1.1108,-0.0833,-1.1941,HOLDING
2021-08-13,13,CMA,PNC,60.6921,160.9488,44.9359,12.0872,122.1539,28.4001,0.9935,2.3043,-1.0,-1.5483,-0.0833,-1.6316,HOLDING
2021-08-16,13,CMA,PNC,60.0523,160.3316,44.9359,12.0872,122.1539,28.4001,0.9935,1.784,-1.0,-1.287,-0.0833,-1.3703,HOLDING
2021-08-17,13,CMA,PNC,58.7162,158.7254,44.9359,12.0872,122.1539,28.4001,0.9935,1.1342,-1.0,-0.8338,-0.0833,-0.9171,HOLDING
2021-08-18,13,CMA,PNC,58.198,156.8739,44.9359,12.0872,122.1539,28.4001,0.9935,1.2252,-1.0,-1.0163,-0.0833,-1.0997,HOLDING
2021-08-19,13,CMA,PNC,57.4206,155.8425,44.9359,12.0872,122.1539,28.4001,0.9935,0.8458,-1.0,-0.7809,-0.0833,-0.8643,HOLDING
2021-08-20,13,CMA,PNC,57.7202,157.0937,44.9359,12.0872,122.1539,28.4001,0.9935,0.575,-1.0,-0.6227,-0.0833,-0.706,HOLDING
2021-08-23,13,CMA,PNC,58.7567,158.3196,44.9359,12.0872,122.1539,28.4001,0.9935,0.9531,-1.0,-0.9801,-0.0833,-1.0634,HOLDING
2021-08-24,13,CMA,PNC,59.6393,159.3425,44.9359,12.0872,122.1539,28.4001,0.9935,1.2804,-1.0,-1.2906,-0.0833,-1.3739,HOLDING
2021-08-25,13,CMA,PNC,60.9107,162.4282,44.9359,12.0872,122.1539,28.4001,0.9935,1.1322,-1.0,-1.2675,-0.0833,-1.3509,HOLDING
2021-08-26,13,CMA,PNC,59.9795,161.4729,44.9359,12.0872,122.1539,28.4001,0.9935,0.5355,-1.0,-0.9038,-0.0833,-0.9871,HOLDING
2021-08-27,13,CMA,PNC,61.2427,164.4403,44.9359,12.0872,122.1539,28.4001,0.9935,0.4825,0.0,0.0,-1.0832,-1.0832,EXIT
2021-08-30,13,CMA,PNC,59.5422,161.1432,44.9359,12.0872,122.1539,28.4001,0.9935,0.0882,0.0,0.0,-1.0832,-1.0832,HOLD_CASH
2021-08-31,13,CMA,PNC,59.8499,161.5575,44.9359,12.0872,122.1539,28.4001,0.9935,0.1413,0.0,0.0,-1.0832,-1.0832,HOLD_CASH
2021-09-01,13,CMA,PNC,58.6838,160.1879,44.9359,12.0872,122.1539,28.4001,0.9935,-0.8031,0.0,0.0,-1.0832,-1.0832,HOLD_CASH
2021-09-02,13,CMA,PNC,58.8944,162.0732,44.9359,12.0872,122.1539,28.4001,0.9935,-1.7818,0.0,0.0,-1.0832,-1.0832,HOLD_CASH
2021-09-03,13,CMA,PNC,58.5543,161.9126,44.9359,12.0872,122.1539,28.4001,0.9935,-2.0514,1.0,0.0,-1.1666,-1.1666,ENTER_LONG_A
2021-09-07,13,CMA,PNC,58.9996,162.4959,44.9359,12.0872,122.1539,28.4001,0.9935,-1.7358,1.0,0.1304,-1.1666,-1.0362,HOLDING
2021-09-08,13,CMA,PNC,58.3923,162.0816,44.9359,12.0872,122.1539,28.4001,0.9935,-2.0467,1.0,-0.1531,-1.1666,-1.3197,HOLDING
2021-09-09,13,CMA,PNC,59.2102,162.555,44.9359,12.0872,122.1539,28.4001,0.9935,-1.1468,1.0,0.2521,-1.1666,-0.9145,HOLDING
2021-09-10,13,CMA,PNC,58.9511,162.0309,44.9359,12.0872,122.1539,28.4001,0.9935,-1.0775,1.0,0.2275,-1.1666,-0.9391,HOLDING
2021-09-13,13,CMA,PNC,60.0766,164.398,44.9359,12.0872,122.1539,28.4001,0.9935,-0.8452,1.0,0.3093,-1.1666,-0.8573,HOLDING
2021-09-14,13,CMA,PNC,58.4421,159.2326,44.9359,12.0872,122.1539,28.4001,0.9935,-0.0578,0.0,0.0,-0.5792,-0.5792,EXIT
2021-09-15,13,CMA,PNC,59.8805,160.7797,44.9359,12.0872,122.1539,28.4001,0.9935,0.9832,0.0,0.0,-0.5792,-0.5792,HOLD_CASH
2021-09-16,13,CMA,PNC,60.2809,160.543,44.9359,12.0872,122.1539,28.4001,0.9935,1.5505,0.0,0.0,-0.5792,-0.5792,HOLD_CASH
2021-09-17,13,CMA,PNC,60.5343,159.7145,44.9359,12.0872,122.1539,28.4001,0.9935,1.9852,0.0,0.0,-0.5792,-0.5792,HOLD_CASH
2021-09-20,13,CMA,PNC,58.818,156.1215,44.9359,12.0872,122.1539,28.4001,0.9935,1.5565,0.0,0.0,-0.5792,-0.5792,HOLD_CASH
2021-09-21,13,CMA,PNC,58.2868,155.5297,44.9359,12.0872,122.1539,28.4001,0.9935,1.1791,0.0,0.0,-0.5792,-0.5792,HOLD_CASH
2021-09-22,13,CMA,PNC,60.1257,158.6577,44.9359,12.0872,122.1539,28.4001,0.9935,1.5878,0.0,0.0,-0.5792,-0.5792,HOLD_CASH
2021-09-23,13,CMA,PNC,63.0678,163.6794,44.9359,12.0872,122.1539,28.4001,0.9935,2.0578,-1.0,0.0,-0.6625,-0.6625,ENTER_SHORT_A
2021-09-24,13,CMA,PNC,64.1057,164.4319,44.9359,12.0872,122.1539,28.4001,0.9935,2.1945,-1.0,-0.4534,-0.6625,-1.116,HOLDING
2021-09-27,13,CMA,PNC,66.9498,169.2507,44.9359,12.0872,122.1539,28.4001,0.9935,2.255,-1.0,-0.9615,-0.6625,-1.6241,HOLDING
2021-09-28,13,CMA,PNC,66.6882,167.1541,44.9359,12.0872,122.1539,28.4001,0.9935,2.1612,-1.0,-1.3553,-0.6625,-2.0178,HOLDING
2021-09-29,13,CMA,PNC,67.4401,166.9173,44.9359,12.0872,122.1539,28.4001,0.9935,2.1465,-1.0,-1.892,-0.6625,-2.5545,HOLDING
2021-09-30,13,CMA,PNC,65.7893,165.3956,44.9359,12.0872,122.1539,28.4001,0.9935,1.4746,-1.0,-1.2573,-0.6625,-1.9199,HOLDING
2021-10-01,13,CMA,PNC,67.481,167.6528,44.9359,12.0872,122.1539,28.4001,0.9935,1.5888,-1.0,-1.7218,-0.6625,-2.3843,HOLDING
2021-10-04,13,CMA,PNC,67.8079,167.4669,44.9359,12.0872,122.1539,28.4001,0.9935,1.5643,-1.0,-1.9773,-0.6625,-2.6398,HOLDING
2021-10-05,13,CMA,PNC,68.7232,169.4958,44.9359,12.0872,122.1539,28.4001,0.9935,1.4239,-1.0,-2.0135,-0.6625,-2.676,HOLDING
2021-10-06,13,CMA,PNC,68.5434,169.7749,44.9359,12.0872,122.1539,28.4001,0.9935,1.193,-1.0,-1.8259,-0.6625,-2.4884,HOLDING
2021-10-07,13,CMA,PNC,68.7722,170.6033,44.9359,12.0872,122.1539,28.4001,0.9935,1.0437,-1.0,-1.7493,-0.6625,-2.4119,HOLDING
2021-10-08,13,CMA,PNC,68.8376,171.4149,44.9359,12.0872,122.1539,28.4001,0.9935,0.8449,-1.0,-1.5743,-0.6625,-2.2369,HOLDING
2021-10-11,13,CMA,PNC,68.2165,169.9693,44.9359,12.0872,122.1539,28.4001,0.9935,0.7695,-1.0,-1.5681,-0.6625,-2.2307,HOLDING
2021-10-12,13,CMA,PNC,68.3636,171.8715,44.9359,12.0872,122.1539,28.4001,0.9935,0.3625,0.0,0.0,-1.9055,-1.9055,EXIT
2021-10-13,13,CMA,PNC,67.3666,170.5695,44.9359,12.0872,122.1539,28.4001,0.9935,0.0268,0.0,0.0,-1.9055,-1.9055,HOLD_CASH
2021-10-14,13,CMA,PNC,67.3829,172.2623,44.9359,12.0872,122.1539,28.4001,0.9935,-0.4973,0.0,0.0,-1.9055,-1.9055,HOLD_CASH
2021-10-15,13,CMA,PNC,67.8324,169.3956,44.9359,12.0872,122.1539,28.4001,0.9935,0.5117,0.0,0.0,-1.9055,-1.9055,HOLD_CASH
2021-10-18,13,CMA,PNC,68.4862,170.8502,44.9359,12.0872,122.1539,28.4001,0.9935,0.4628,0.0,0.0,-1.9055,-1.9055,HOLD_CASH
2021-10-19,13,CMA,PNC,68.6824,175.9458,44.9359,12.0872,122.1539,28.4001,0.9935,-1.268,0.0,0.0,-1.9055,-1.9055,HOLD_CASH
2021-10-20,13,CMA,PNC,71.0442,181.0244,44.9359,12.0872,122.1539,28.4001,0.9935,-1.3096,0.0,0.0,-1.9055,-1.9055,HOLD_CASH
2021-10-21,13,CMA,PNC,70.8399,180.9648,44.9359,12.0872,122.1539,28.4001,0.9935,-1.5824,0.0,0.0,-1.9055,-1.9055,HOLD_CASH
2021-10-22,13,CMA,PNC,72.2374,183.8146,44.9359,12.0872,122.1539,28.4001,0.9935,-1.3696,0.0,0.0,-1.9055,-1.9055,HOLD_CASH
2021-10-25,13,CMA,PNC,72.4989,184.2229,44.9359,12.0872,122.1539,28.4001,0.9935,-1.1927,0.0,0.0,-1.9055,-1.9055,HOLD_CASH
2021-10-26,13,CMA,PNC,71.6081,183.8061,44.9359,12.0872,122.1539,28.4001,0.9935,-1.6663,0.0,0.0,-1.9055,-1.9055,HOLD_CASH
2021-10-27,13,CMA,PNC,69.2054,181.1179,44.9359,12.0872,122.1539,28.4001,0.9935,-2.3052,1.0,0.0,-1.9888,-1.9888,ENTER_LONG_A
2021-10-28,13,CMA,PNC,70.0553,181.237,44.9359,12.0872,122.1539,28.4001,0.9935,-1.4661,1.0,0.457,-1.9888,-1.5318,HOLDING
2021-10-29,13,CMA,PNC,69.5405,179.5186,44.9359,12.0872,122.1539,28.4001,0.9935,-1.175,1.0,0.5781,-1.9888,-1.4108,HOLDING
2021-11-01,13,CMA,PNC,71.3221,179.1869,44.9359,12.0872,122.1539,28.4001,0.9935,0.344,0.0,0.0,-0.3963,-0.3963,EXIT
2021-11-02,13,CMA,PNC,71.2731,178.7275,44.9359,12.0872,122.1539,28.4001,0.9935,0.5452,0.0,0.0,-0.3963,-0.3963,HOLD_CASH
2021-11-03,13,CMA,PNC,73.308,180.9393,44.9359,12.0872,122.1539,28.4001,0.9935,1.4658,0.0,0.0,-0.3963,-0.3963,HOLD_CASH
2021-11-04,13,CMA,PNC,71.6408,176.6944,44.9359,12.0872,122.1539,28.4001,0.9935,1.5323,0.0,0.0,-0.3963,-0.3963,HOLD_CASH
2021-11-05,13,CMA,PNC,71.5509,176.1755,44.9359,12.0872,122.1539,28.4001,0.9935,1.5486,0.0,0.0,-0.3963,-0.3963,HOLD_CASH
2021-11-08,13,CMA,PNC,71.837,177.0858,44.9359,12.0872,122.1539,28.4001,0.9935,1.4031,0.0,0.0,-0.3963,-0.3963,HOLD_CASH
2021-11-09,13,CMA,PNC,71.5509,176.1245,44.9359,12.0872,122.1539,28.4001,0.9935,1.372,0.0,0.0,-0.3963,-0.3963,HOLD_CASH
2021-11-10,13,CMA,PNC,72.2538,174.7379,44.9359,12.0872,122.1539,28.4001,0.9935,1.9547,0.0,0.0,-0.3963,-0.3963,HOLD_CASH
2021-11-11,13,CMA,PNC,72.7686,174.8995,44.9359,12.0872,122.1539,28.4001,0.9935,1.899,0.0,0.0,-0.3963,-0.3963,HOLD_CASH
2021-11-12,13,CMA,PNC,72.5398,173.2066,44.9359,12.0872,122.1539,28.4001,0.9935,1.8838,0.0,0.0,-0.3963,-0.3963,HOLD_CASH
2021-11-15,13,CMA,PNC,73.21,174.236,44.9359,12.0872,122.1539,28.4001,0.9935,1.7533,0.0,0.0,-0.3963,-0.3963,HOLD_CASH
2021-11-16,13,CMA,PNC,73.4796,174.8399,44.9359,12.0872,122.1539,28.4001,0.9935,1.5472,0.0,0.0,-0.3963,-0.3963,HOLD_CASH
2021-11-17,13,CMA,PNC,72.8259,172.2284,44.9359,12.0872,122.1539,28.4001,0.9935,1.5409,0.0,0.0,-0.3963,-0.3963,HOLD_CASH
2021-11-18,13,CMA,PNC,72.9893,170.9098,44.9359,12.0872,122.1539,28.4001,0.9935,1.622,0.0,0.0,-0.3963,-0.3963,HOLD_CASH
2021-11-19,13,CMA,PNC,71.8615,169.5912,44.9359,12.0872,122.1539,28.4001,0.9935,1.2469,0.0,0.0,-0.3963,-0.3963,HOLD_CASH
2021-11-22,13,CMA,PNC,72.9648,173.666,44.9359,12.0872,122.1539,28.4001,0.9935,0.9039,0.0,0.0,-0.3963,-0.3963,HOLD_CASH
2021-11-23,13,CMA,PNC,74.0191,177.8683,44.9359,12.0872,122.1539,28.4001,0.9935,0.5392,0.0,0.0,-0.3963,-0.3963,HOLD_CASH
2021-11-24,13,CMA,PNC,73.97,177.477,44.9359,12.0872,122.1539,28.4001,0.9935,0.5173,0.0,0.0,-0.3963,-0.3963,HOLD_CASH
2021-11-26,13,CMA,PNC,69.6794,170.2208,44.9359,12.0872,122.1539,28.4001,0.9935,-0.1939,0.0,0.0,-0.3963,-0.3963,HOLD_CASH
2021-11-29,13,CMA,PNC,69.7284,170.8843,44.9359,12.0872,122.1539,28.4001,0.9935,-0.5162,0.0,0.0,-0.3963,-0.3963,HOLD_CASH
2021-11-30,13,CMA,PNC,67.4483,167.5836,44.9359,12.0872,122.1539,28.4001,0.9935,-1.2042,0.0,0.0,-0.3963,-0.3963,HOLD_CASH
2021-12-01,13,CMA,PNC,65.9118,166.2651,44.9359,12.0872,122.1539,28.4001,0.9935,-1.8775,0.0,0.0,-0.3963,-0.3963,HOLD_CASH
2021-12-02,13,CMA,PNC,69.1564,171.7094,44.9359,12.0872,122.1539,28.4001,0.9935,-1.1979,0.0,0.0,-0.3963,-0.3963,HOLD_CASH
2021-12-03,13,CMA,PNC,66.9416,168.2046,44.9359,12.0872,122.1539,28.4001,0.9935,-1.5851,0.0,0.0,-0.3963,-0.3963,HOLD_CASH
2021-12-06,13,CMA,PNC,68.4535,170.1017,44.9359,12.0872,122.1539,28.4001,0.9935,-1.0823,0.0,0.0,-0.3963,-0.3963,HOLD_CASH
2021-12-07,13,CMA,PNC,69.9246,172.9429,44.9359,12.0872,122.1539,28.4001,0.9935,-0.8985,0.0,0.0,-0.3963,-0.3963,HOLD_CASH
2021-12-08,13,CMA,PNC,69.1237,171.9136,44.9359,12.0872,122.1539,28.4001,0.9935,-1.0914,0.0,0.0,-0.3963,-0.3963,HOLD_CASH
2021-12-09,13,CMA,PNC,68.5189,170.7567,44.9359,12.0872,122.1539,28.4001,0.9935,-1.0651,0.0,0.0,-0.3963,-0.3963,HOLD_CASH
2021-12-10,13,CMA,PNC,69.0828,171.4627,44.9359,12.0872,122.1539,28.4001,0.9935,-0.8236,0.0,0.0,-0.3963,-0.3963,HOLD_CASH
2021-12-13,13,CMA,PNC,66.9743,166.9116,44.9359,12.0872,122.1539,28.4001,0.9935,-0.846,0.0,0.0,-0.3963,-0.3963,HOLD_CASH
2021-12-14,13,CMA,PNC,69.0016,169.1234,44.9359,12.0872,122.1539,28.4001,0.9935,-0.13,0.0,0.0,-0.3963,-0.3963,HOLD_CASH
2021-12-15,13,CMA,PNC,70.1058,168.5024,44.9359,12.0872,122.1539,28.4001,0.9935,0.7576,0.0,0.0,-0.3963,-0.3963,HOLD_CASH
2021-12-16,13,CMA,PNC,71.787,171.6584,44.9359,12.0872,122.1539,28.4001,0.9935,1.0383,0.0,0.0,-0.3963,-0.3963,HOLD_CASH
2021-12-17,13,CMA,PNC,69.0098,167.7878,44.9359,12.0872,122.1539,28.4001,0.9935,0.426,0.0,0.0,-0.3963,-0.3963,HOLD_CASH
2021-12-20,13,CMA,PNC,67.4852,163.7981,44.9359,12.0872,122.1539,28.4001,0.9935,0.6905,0.0,0.0,-0.3963,-0.3963,HOLD_CASH
2021-12-21,13,CMA,PNC,69.8751,167.473,44.9359,12.0872,122.1539,28.4001,0.9935,1.454,0.0,0.0,-0.3963,-0.3963,HOLD_CASH
2021-12-22,13,CMA,PNC,69.9987,167.6857,44.9359,12.0872,122.1539,28.4001,0.9935,1.4457,0.0,0.0,-0.3963,-0.3963,HOLD_CASH
2021-12-23,13,CMA,PNC,70.2954,168.3748,44.9359,12.0872,122.1539,28.4001,0.9935,1.4277,0.0,0.0,-0.3963,-0.3963,HOLD_CASH
2021-12-27,13,CMA,PNC,71.3667,171.0459,44.9359,12.0872,122.1539,28.4001,0.9935,1.2653,0.0,0.0,-0.3963,-0.3963,HOLD_CASH
2021-12-28,13,CMA,PNC,71.4656,171.131,44.9359,12.0872,122.1539,28.4001,0.9935,1.1995,0.0,0.0,-0.3963,-0.3963,HOLD_CASH
2021-12-29,13,CMA,PNC,72.1826,171.1906,44.9359,12.0872,122.1539,28.4001,0.9935,1.5235,0.0,0.0,-0.3963,-0.3963,HOLD_CASH
2021-12-30,13,CMA,PNC,71.7129,170.9863,44.9359,12.0872,122.1539,28.4001,0.9935,1.1414,0.0,0.0,-0.3963,-0.3963,HOLD_CASH
2021-07-02,14,FHN,JPM,14.7183,139.0099,11.5426,3.112,112.0924,22.7256,0.9935,0.0,0.0,0.0,0.0,0.0,HOLD_CASH
2021-07-06,14,FHN,JPM,14.2143,136.6757,11.5426,3.112,112.0924,22.7256,0.9935,0.0,0.0,0.0,0.0,0.0,HOLD_CASH
2021-07-07,14,FHN,JPM,14.0862,136.836,11.5426,3.112,112.0924,22.7256,0.9935,0.0,0.0,0.0,0.0,0.0,HOLD_CASH
2021-07-08,14,FHN,JPM,13.7787,134.4751,11.5426,3.112,112.0924,22.7256,0.9935,0.0,0.0,0.0,0.0,0.0,HOLD_CASH
2021-07-09,14,FHN,JPM,14.3425,138.7783,11.5426,3.112,112.0924,22.7256,0.9935,0.0,0.0,0.0,0.0,0.0,HOLD_CASH
2021-07-12,14,FHN,JPM,14.4535,140.765,11.5426,3.112,112.0924,22.7256,0.9935,0.0,0.0,0.0,0.0,0.0,HOLD_CASH
2021-07-13,14,FHN,JPM,14.0691,138.6714,11.5426,3.112,112.0924,22.7256,0.9935,0.0,0.0,0.0,0.0,0.0,HOLD_CASH
2021-07-14,14,FHN,JPM,13.9752,138.1992,11.5426,3.112,112.0924,22.7256,0.9935,0.0,0.0,0.0,0.0,0.0,HOLD_CASH
2021-07-15,14,FHN,JPM,14.0691,138.5021,11.5426,3.112,112.0924,22.7256,0.9935,0.0,0.0,0.0,0.0,0.0,HOLD_CASH
2021-07-16,14,FHN,JPM,13.2918,135.3393,11.5426,3.112,112.0924,22.7256,0.9935,0.0,0.0,0.0,0.0,0.0,HOLD_CASH
2021-07-19,14,FHN,JPM,12.8219,130.9382,11.5426,3.112,112.0924,22.7256,0.9935,0.0,0.0,0.0,0.0,0.0,HOLD_CASH
2021-07-20,14,FHN,JPM,13.1978,133.3793,11.5426,3.112,112.0924,22.7256,0.9935,0.0,0.0,0.0,0.0,0.0,HOLD_CASH
2021-07-21,14,FHN,JPM,13.4882,136.1857,11.5426,3.112,112.0924,22.7256,0.9935,0.0,0.0,0.0,0.0,0.0,HOLD_CASH
2021-07-22,14,FHN,JPM,13.1124,134.4662,11.5426,3.112,112.0924,22.7256,0.9935,0.0,0.0,0.0,0.0,0.0,HOLD_CASH
2021-07-23,14,FHN,JPM,13.1807,134.2079,11.5426,3.112,112.0924,22.7256,0.9935,0.0,0.0,0.0,0.0,0.0,HOLD_CASH
2021-07-26,14,FHN,JPM,13.2234,135.1077,11.5426,3.112,112.0924,22.7256,0.9935,0.0,0.0,0.0,0.0,0.0,HOLD_CASH
2021-07-27,14,FHN,JPM,13.1295,134.9295,11.5426,3.112,112.0924,22.7256,0.9935,0.0,0.0,0.0,0.0,0.0,HOLD_CASH
2021-07-28,14,FHN,JPM,13.2747,135.1523,11.5426,3.112,112.0924,22.7256,0.9935,0.0,0.0,0.0,0.0,0.0,HOLD_CASH
2021-07-29,14,FHN,JPM,13.343,136.3104,11.5426,3.112,112.0924,22.7256,0.9935,0.0,0.0,0.0,0.0,0.0,HOLD_CASH
2021-07-30,14,FHN,JPM,13.1978,135.2235,11.5426,3.112,112.0924,22.7256,0.9935,-1.0412,0.0,0.0,0.0,0.0,HOLD_CASH
2021-08-02,14,FHN,JPM,13.0782,134.6801,11.5426,3.112,112.0924,22.7256,0.9935,-1.1459,0.0,0.0,0.0,0.0,HOLD_CASH
2021-08-03,14,FHN,JPM,13.3687,136.2124,11.5426,3.112,112.0924,22.7256,0.9935,-0.7863,0.0,0.0,0.0,0.0,HOLD_CASH
2021-08-04,14,FHN,JPM,13.2661,134.7424,11.5426,3.112,112.0924,22.7256,0.9935,-0.314,0.0,0.0,0.0,0.0,HOLD_CASH
2021-08-05,14,FHN,JPM,13.3687,136.4441,11.5426,3.112,112.0924,22.7256,0.9935,-0.8276,0.0,0.0,0.0,0.0,HOLD_CASH
2021-08-06,14,FHN,JPM,13.642,140.3195,11.5426,3.112,112.0924,22.7256,0.9935,-2.006,1.0,0.0,-0.0833,-0.0833,ENTER_LONG_A
2021-08-09,14,FHN,JPM,13.5395,140.1681,11.5426,3.112,112.0924,22.7256,0.9935,-2.1692,1.0,-0.2085,-0.0833,-0.2919,HOLDING
2021-08-10,14,FHN,JPM,13.7274,141.8876,11.5426,3.112,112.0924,22.7256,0.9935,-2.0878,1.0,-0.3256,-0.0833,-0.409,HOLDING
2021-08-11,14,FHN,JPM,14.0179,143.5803,11.5426,3.112,112.0924,22.7256,0.9935,-1.6198,1.0,-0.1725,-0.0833,-0.2559,HOLDING
2021-08-12,14,FHN,JPM,13.9922,144.1416,11.5426,3.112,112.0924,22.7256,0.9935,-1.9447,1.0,-0.4322,-0.0833,-0.5155,HOLDING
2021-08-13,14,FHN,JPM,13.8812,142.5291,11.5426,3.112,112.0924,22.7256,0.9935,-1.2555,1.0,-0.1564,-0.0833,-0.2397,HOLDING
2021-08-16,14,FHN,JPM,13.8641,141.5936,11.5426,3.112,112.0924,22.7256,0.9935,-0.6451,1.0,0.1242,-0.0833,0.0408,HOLDING
2021-08-17,14,FHN,JPM,13.6676,139.883,11.5426,3.112,112.0924,22.7256,0.9935,-0.3874,0.0,0.0,0.0499,0.0499,EXIT
2021-08-18,14,FHN,JPM,13.6164,138.609,11.5426,3.112,112.0924,22.7256,0.9935,0.3412,0.0,0.0,0.0499,0.0499,HOLD_CASH
2021-08-19,14,FHN,JPM,13.3174,137.4508,11.5426,3.112,112.0924,22.7256,0.9935,-0.4063,0.0,0.0,0.0499,0.0499,HOLD_CASH
2021-08-20,14,FHN,JPM,13.5224,137.8428,11.5426,3.112,112.0924,22.7256,0.9935,0.5265,0.0,0.0,0.0499,0.0499,HOLD_CASH
2021-08-23,14,FHN,JPM,13.6335,139.6068,11.5426,3.112,112.0924,22.7256,0.9935,-0.1876,0.0,0.0,0.0499,0.0499,HOLD_CASH
2021-08-24,14,FHN,JPM,13.8726,140.471,11.5426,3.112,112.0924,22.7256,0.9935,0.5615,0.0,0.0,0.0499,0.0499,HOLD_CASH
2021-08-25,14,FHN,JPM,14.0691,143.3665,11.5426,3.112,112.0924,22.7256,0.9935,-0.5749,0.0,0.0,0.0499,0.0499,HOLD_CASH
2021-08-26,14,FHN,JPM,13.9324,144.106,11.5426,3.112,112.0924,22.7256,0.9935,-1.8027,0.0,0.0,0.0499,0.0499,HOLD_CASH
2021-08-27,14,FHN,JPM,14.257,145.2642,11.5426,3.112,112.0924,22.7256,0.9935,-0.7298,0.0,0.0,0.0499,0.0499,HOLD_CASH
2021-08-30,14,FHN,JPM,13.9239,142.9388,11.5426,3.112,112.0924,22.7256,0.9935,-0.7504,0.0,0.0,0.0499,0.0499,HOLD_CASH
2021-08-31,14,FHN,JPM,14.0008,142.5023,11.5426,3.112,112.0924,22.7256,0.9935,0.1503,0.0,0.0,0.0499,0.0499,HOLD_CASH
2021-09-01,14,FHN,JPM,13.8299,142.2974,11.5426,3.112,112.0924,22.7256,0.9935,-0.714,0.0,0.0,0.0499,0.0499,HOLD_CASH
2021-09-02,14,FHN,JPM,13.6249,142.9567,11.5426,3.112,112.0924,22.7256,0.9935,-2.4124,1.0,0.0,-0.0335,-0.0335,ENTER_LONG_A
2021-09-03,14,FHN,JPM,13.5651,142.0925,11.5426,3.112,112.0924,22.7256,0.9935,-1.7486,1.0,0.1456,-0.0335,0.1121,HOLDING
2021-09-07,14,FHN,JPM,13.4541,141.8431,11.5426,3.112,112.0924,22.7256,0.9935,-1.9041,1.0,-0.0487,-0.0335,-0.0822,HOLDING
2021-09-08,14,FHN,JPM,13.0953,141.2105,11.5426,3.112,112.0924,22.7256,0.9935,-2.5906,1.0,-0.7359,-0.0335,-0.7693,HOLDING
2021-09-09,14,FHN,JPM,13.311,141.8252,11.5426,3.112,112.0924,22.7256,0.9935,-1.7433,1.0,-0.4032,-0.0335,-0.4367,HOLDING
2021-09-10,14,FHN,JPM,13.1471,140.1948,11.5426,3.112,112.0924,22.7256,0.9935,-1.3761,1.0,-0.2573,-0.0335,-0.2908,HOLDING
2021-09-13,14,FHN,JPM,13.4576,142.4221,11.5426,3.112,112.0924,22.7256,0.9935,-1.2183,1.0,-0.2383,-0.0335,-0.2718,HOLDING
2021-09-14,14,FHN,JPM,13.0867,139.9364,11.5426,3.112,112.0924,22.7256,0.9935,-1.2013,1.0,-0.3209,-0.0335,-0.3543,HOLDING
2021-09-15,14,FHN,JPM,13.3627,140.9075,11.5426,3.112,112.0924,22.7256,0.9935,-0.6233,1.0,0.0418,-0.0335,0.0083,HOLDING
2021-09-16,14,FHN,JPM,13.2333,140.8452,11.5426,3.112,112.0924,22.7256,0.9935,-0.9597,1.0,-0.2629,-0.0335,-0.2963,HOLDING
2021-09-17,14,FHN,JPM,13.1298,140.4799,11.5426,3.112,112.0924,22.7256,0.9935,-1.0467,1.0,-0.3985,-0.0335,-0.432,HOLDING
2021-09-20,14,FHN,JPM,12.94,136.2748,11.5426,3.112,112.0924,22.7256,0.9935,0.4575,0.0,0.0,0.452,0.452,EXIT
2021-09-21,14,FHN,JPM,12.7934,136.2926,11.5426,3.112,112.0924,22.7256,0.9935,-0.0615,0.0,0.0,0.452,0.452,HOLD_CASH
2021-09-22,14,FHN,JPM,13.1643,138.903,11.5426,3.112,112.0924,22.7256,0.9935,0.1258,0.0,0.0,0.452,0.452,HOLD_CASH
2021-09-23,14,FHN,JPM,13.6905,143.5981,11.5426,3.112,112.0924,22.7256,0.9935,-0.3429,0.0,0.0,0.452,0.452,HOLD_CASH
2021-09-24,14,FHN,JPM,13.8717,145.2552,11.5426,3.112,112.0924,22.7256,0.9935,-0.5171,0.0,0.0,0.452,0.452,HOLD_CASH
2021-09-27,14,FHN,JPM,14.3893,148.7654,11.5426,3.112,112.0924,22.7256,0.9935,-0.2338,0.0,0.0,0.452,0.452,HOLD_CASH
2021-09-28,14,FHN,JPM,14.2081,147.9637,11.5426,3.112,112.0924,22.7256,0.9935,-0.5577,0.0,0.0,0.452,0.452,HOLD_CASH
2021-09-29,14,FHN,JPM,14.3203,147.8478,11.5426,3.112,112.0924,22.7256,0.9935,0.4022,0.0,0.0,0.452,0.452,HOLD_CASH
2021-09-30,14,FHN,JPM,14.0529,145.8343,11.5426,3.112,112.0924,22.7256,0.9935,0.652,0.0,0.0,0.452,0.452,HOLD_CASH
2021-10-01,14,FHN,JPM,14.3807,148.8991,11.5426,3.112,112.0924,22.7256,0.9935,-0.1171,0.0,0.0,0.452,0.452,HOLD_CASH
2021-10-04,14,FHN,JPM,14.3462,148.7387,11.5426,3.112,112.0924,22.7256,0.9935,-0.1789,0.0,0.0,0.452,0.452,HOLD_CASH
2021-10-05,14,FHN,JPM,14.2772,151.1677,11.5426,3.112,112.0924,22.7256,0.9935,-2.7531,1.0,0.0,0.3687,0.3687,ENTER_LONG_A
2021-10-06,14,FHN,JPM,14.0097,151.4903,11.5426,3.112,112.0924,22.7256,0.9935,-3.2639,1.0,-0.7446,0.3687,-0.3759,HOLDING
2021-10-07,14,FHN,JPM,14.2513,152.4493,11.5426,3.112,112.0924,22.7256,0.9935,-2.2306,1.0,-0.4789,0.3687,-0.1103,HOLDING
2021-10-08,14,FHN,JPM,14.3893,152.5658,11.5426,3.112,112.0924,22.7256,0.9935,-1.5327,1.0,-0.1867,0.3687,0.1819,HOLDING
2021-10-11,14,FHN,JPM,14.303,149.3572,11.5426,3.112,112.0924,22.7256,0.9935,-0.1833,0.0,0.0,0.9369,0.9369,EXIT
2021-10-12,14,FHN,JPM,14.3203,148.2099,11.5426,3.112,112.0924,22.7256,0.9935,0.4521,0.0,0.0,0.9369,0.9369,HOLD_CASH
2021-10-13,14,FHN,JPM,14.2513,144.3021,11.5426,3.112,112.0924,22.7256,0.9935,1.911,0.0,0.0,0.9369,0.9369,HOLD_CASH
2021-10-14,14,FHN,JPM,14.5101,146.5159,11.5426,3.112,112.0924,22.7256,0.9935,1.5628,0.0,0.0,0.9369,0.9369,HOLD_CASH
2021-10-15,14,FHN,JPM,14.4928,149.3303,11.5426,3.112,112.0924,22.7256,0.9935,0.2698,0.0,0.0,0.9369,0.9369,HOLD_CASH
2021-10-18,14,FHN,JPM,14.4324,149.2765,11.5426,3.112,112.0924,22.7256,0.9935,0.1495,0.0,0.0,0.9369,0.9369,HOLD_CASH
2021-10-19,14,FHN,JPM,14.6826,151.087,11.5426,3.112,112.0924,22.7256,0.9935,0.1836,0.0,0.0,0.9369,0.9369,HOLD_CASH
2021-10-20,14,FHN,JPM,14.8983,153.1216,11.5426,3.112,112.0924,22.7256,0.9935,0.0163,0.0,0.0,0.9369,0.9369,HOLD_CASH
2021-10-21,14,FHN,JPM,14.5963,151.9205,11.5426,3.112,112.0924,22.7256,0.9935,-0.4046,0.0,0.0,0.9369,0.9369,HOLD_CASH
2021-10-22,14,FHN,JPM,14.7171,153.9641,11.5426,3.112,112.0924,22.7256,0.9935,-0.8518,0.0,0.0,0.9369,0.9369,HOLD_CASH
2021-10-25,14,FHN,JPM,14.6395,153.2112,11.5426,3.112,112.0924,22.7256,0.9935,-0.7068,0.0,0.0,0.9369,0.9369,HOLD_CASH
2021-10-26,14,FHN,JPM,14.4756,153.6235,11.5426,3.112,112.0924,22.7256,0.9935,-1.2729,0.0,0.0,0.9369,0.9369,HOLD_CASH
2021-10-27,14,FHN,JPM,14.3893,150.4237,11.5426,3.112,112.0924,22.7256,0.9935,-0.1608,0.0,0.0,0.9369,0.9369,HOLD_CASH
2021-10-28,14,FHN,JPM,14.8293,152.6914,11.5426,3.112,112.0924,22.7256,0.9935,0.275,0.0,0.0,0.9369,0.9369,HOLD_CASH
2021-10-29,14,FHN,JPM,14.6395,152.2701,11.5426,3.112,112.0924,22.7256,0.9935,-0.1107,0.0,0.0,0.9369,0.9369,HOLD_CASH
2021-11-01,14,FHN,JPM,14.95,152.1894,11.5426,3.112,112.0924,22.7256,0.9935,0.872,0.0,0.0,0.9369,0.9369,HOLD_CASH
2021-11-02,14,FHN,JPM,14.6999,152.7899,11.5426,3.112,112.0924,22.7256,0.9935,-0.197,0.0,0.0,0.9369,0.9369,HOLD_CASH
2021-11-03,14,FHN,JPM,15.0708,152.8437,11.5426,3.112,112.0924,22.7256,0.9935,0.884,0.0,0.0,0.9369,0.9369,HOLD_CASH
2021-11-04,14,FHN,JPM,14.7861,150.836,11.5426,3.112,112.0924,22.7256,0.9935,0.7711,0.0,0.0,0.9369,0.9369,HOLD_CASH
2021-11-05,14,FHN,JPM,14.9414,150.6209,11.5426,3.112,112.0924,22.7256,0.9935,1.3313,0.0,0.0,0.9369,0.9369,HOLD_CASH
2021-11-08,14,FHN,JPM,14.9069,151.5262,11.5426,3.112,112.0924,22.7256,0.9935,0.6717,0.0,0.0,0.9369,0.9369,HOLD_CASH
2021-11-09,14,FHN,JPM,14.8983,150.3789,11.5426,3.112,112.0924,22.7256,0.9935,1.1306,0.0,0.0,0.9369,0.9369,HOLD_CASH
2021-11-10,14,FHN,JPM,14.9242,150.2355,11.5426,3.112,112.0924,22.7256,0.9935,1.375,0.0,0.0,0.9369,0.9369,HOLD_CASH
2021-11-11,14,FHN,JPM,14.95,150.2266,11.5426,3.112,112.0924,22.7256,0.9935,1.5212,0.0,0.0,0.9369,0.9369,HOLD_CASH
2021-11-12,14,FHN,JPM,14.812,149.5543,11.5426,3.112,112.0924,22.7256,0.9935,1.2326,0.0,0.0,0.9369,0.9369,HOLD_CASH
2021-11-15,14,FHN,JPM,14.8638,149.2854,11.5426,3.112,112.0924,22.7256,0.9935,1.3972,0.0,0.0,0.9369,0.9369,HOLD_CASH
2021-11-16,14,FHN,JPM,14.9155,148.2099,11.5426,3.112,112.0924,22.7256,0.9935,1.7944,0.0,0.0,0.9369,0.9369,HOLD_CASH
2021-11-17,14,FHN,JPM,14.8034,147.4122,11.5426,3.112,112.0924,22.7256,0.9935,1.5636,0.0,0.0,0.9369,0.9369,HOLD_CASH
2021-11-18,14,FHN,JPM,14.6912,146.1395,11.5426,3.112,112.0924,22.7256,0.9935,1.5361,0.0,0.0,0.9369,0.9369,HOLD_CASH
2021-11-19,14,FHN,JPM,14.4756,144.2304,11.5426,3.112,112.0924,22.7256,0.9935,1.4929,0.0,0.0,0.9369,0.9369,HOLD_CASH
2021-11-22,14,FHN,JPM,14.6999,147.3046,11.5426,3.112,112.0924,22.7256,0.9935,0.8677,0.0,0.0,0.9369,0.9369,HOLD_CASH
2021-11-23,14,FHN,JPM,14.9932,150.8271,11.5426,3.112,112.0924,22.7256,0.9935,0.235,0.0,0.0,0.9369,0.9369,HOLD_CASH
2021-11-24,14,FHN,JPM,14.9414,149.644,11.5426,3.112,112.0924,22.7256,0.9935,0.534,0.0,0.0,0.9369,0.9369,HOLD_CASH
2021-11-26,14,FHN,JPM,14.2513,145.1357,11.5426,3.112,112.0924,22.7256,0.9935,0.178,0.0,0.0,0.9369,0.9369,HOLD_CASH
2021-11-29,14,FHN,JPM,14.3375,144.5082,11.5426,3.112,112.0924,22.7256,0.9935,0.7912,0.0,0.0,0.9369,0.9369,HOLD_CASH
2021-11-30,14,FHN,JPM,13.9148,142.3571,11.5426,3.112,112.0924,22.7256,0.9935,0.1568,0.0,0.0,0.9369,0.9369,HOLD_CASH
2021-12-01,14,FHN,JPM,13.587,141.5146,11.5426,3.112,112.0924,22.7256,0.9935,-1.1487,0.0,0.0,0.9369,0.9369,HOLD_CASH
2021-12-02,14,FHN,JPM,14.1219,144.4904,11.5426,3.112,112.0924,22.7256,0.9935,-0.4827,0.0,0.0,0.9369,0.9369,HOLD_CASH
2021-12-03,14,FHN,JPM,13.8113,141.8732,11.5426,3.112,112.0924,22.7256,0.9935,-0.3046,0.0,0.0,0.9369,0.9369,HOLD_CASH
2021-12-06,14,FHN,JPM,14.3203,143.5492,11.5426,3.112,112.0924,22.7256,0.9935,1.3841,0.0,0.0,0.9369,0.9369,HOLD_CASH
2021-12-07,14,FHN,JPM,14.3807,145.7093,11.5426,3.112,112.0924,22.7256,0.9935,-0.2014,0.0,0.0,0.9369,0.9369,HOLD_CASH
2021-12-08,14,FHN,JPM,14.4497,144.0422,11.5426,3.112,112.0924,22.7256,0.9935,1.637,0.0,0.0,0.9369,0.9369,HOLD_CASH
2021-12-09,14,FHN,JPM,14.2669,143.8181,11.5426,3.112,112.0924,22.7256,0.9935,0.5585,0.0,0.0,0.9369,0.9369,HOLD_CASH
2021-12-10,14,FHN,JPM,14.2147,143.2445,11.5426,3.112,112.0924,22.7256,0.9935,0.661,0.0,0.0,0.9369,0.9369,HOLD_CASH
2021-12-13,14,FHN,JPM,13.8752,141.5415,11.5426,3.112,112.0924,22.7256,0.9935,-0.1193,0.0,0.0,0.9369,0.9369,HOLD_CASH
2021-12-14,14,FHN,JPM,14.058,142.6261,11.5426,3.112,112.0924,22.7256,0.9935,0.0918,0.0,0.0,0.9369,0.9369,HOLD_CASH
2021-12-15,14,FHN,JPM,14.0754,141.5595,11.5426,3.112,112.0924,22.7256,0.9935,1.1819,0.0,0.0,0.9369,0.9369,HOLD_CASH
2021-12-16,14,FHN,JPM,14.1973,143.7733,11.5426,3.112,112.0924,22.7256,0.9935,-0.0097,0.0,0.0,0.9369,0.9369,HOLD_CASH
2021-12-17,14,FHN,JPM,13.7359,140.5019,11.5426,3.112,112.0924,22.7256,0.9935,-0.0598,0.0,0.0,0.9369,0.9369,HOLD_CASH
2021-12-20,14,FHN,JPM,13.2659,137.9743,11.5426,3.112,112.0924,22.7256,0.9935,-0.8928,0.0,0.0,0.9369,0.9369,HOLD_CASH
2021-12-21,14,FHN,JPM,13.6663,139.9013,11.5426,3.112,112.0924,22.7256,0.9935,0.1772,0.0,0.0,0.9369,0.9369,HOLD_CASH
2021-12-22,14,FHN,JPM,13.7707,140.4481,11.5426,3.112,112.0924,22.7256,0.9935,0.345,0.0,0.0,0.9369,0.9369,HOLD_CASH
2021-12-23,14,FHN,JPM,13.9013,140.95,11.5426,3.112,112.0924,22.7256,0.9935,0.7698,0.0,0.0,0.9369,0.9369,HOLD_CASH
2021-12-27,14,FHN,JPM,14.1102,141.7567,11.5426,3.112,112.0924,22.7256,0.9935,1.3761,0.0,0.0,0.9369,0.9369,HOLD_CASH
2021-12-28,14,FHN,JPM,14.2495,142.1869,11.5426,3.112,112.0924,22.7256,0.9935,1.7375,0.0,0.0,0.9369,0.9369,HOLD_CASH
2021-12-29,14,FHN,JPM,14.3191,142.1152,11.5426,3.112,112.0924,22.7256,0.9935,1.931,0.0,0.0,0.9369,0.9369,HOLD_CASH
2021-12-30,14,FHN,JPM,14.2495,142.0434,11.5426,3.112,112.0924,22.7256,0.9935,1.4867,0.0,0.0,0.9369,0.9369,HOLD_CASH
2021-07-02,15,FRT,REG,97.4982,53.7931,75.2202,13.2214,40.7224,8.3674,0.9935,0.0,0.0,0.0,0.0,0.0,HOLD_CASH
2021-07-06,15,FRT,REG,96.6461,53.2594,75.2202,13.2214,40.7224,8.3674,0.9935,0.0,0.0,0.0,0.0,0.0,HOLD_CASH
2021-07-07,15,FRT,REG,94.76,52.7508,75.2202,13.2214,40.7224,8.3674,0.9935,0.0,0.0,0.0,0.0,0.0,HOLD_CASH
2021-07-08,15,FRT,REG,94.6359,52.8008,75.2202,13.2214,40.7224,8.3674,0.9935,0.0,0.0,0.0,0.0,0.0,HOLD_CASH
2021-07-09,15,FRT,REG,97.6554,54.2101,75.2202,13.2214,40.7224,8.3674,0.9935,0.0,0.0,0.0,0.0,0.0,HOLD_CASH
2021-07-12,15,FRT,REG,99.5497,55.194,75.2202,13.2214,40.7224,8.3674,0.9935,0.0,0.0,0.0,0.0,0.0,HOLD_CASH
2021-07-13,15,FRT,REG,97.1425,54.0183,75.2202,13.2214,40.7224,8.3674,0.9935,0.0,0.0,0.0,0.0,0.0,HOLD_CASH
2021-07-14,15,FRT,REG,97.8374,54.4852,75.2202,13.2214,40.7224,8.3674,0.9935,0.0,0.0,0.0,0.0,0.0,HOLD_CASH
2021-07-15,15,FRT,REG,97.1921,54.16,75.2202,13.2214,40.7224,8.3674,0.9935,0.0,0.0,0.0,0.0,0.0,HOLD_CASH
2021-07-16,15,FRT,REG,96.9109,53.9516,75.2202,13.2214,40.7224,8.3674,0.9935,0.0,0.0,0.0,0.0,0.0,HOLD_CASH
2021-07-19,15,FRT,REG,92.8491,51.6167,75.2202,13.2214,40.7224,8.3674,0.9935,0.0,0.0,0.0,0.0,0.0,HOLD_CASH
2021-07-20,15,FRT,REG,96.6544,53.7931,75.2202,13.2214,40.7224,8.3674,0.9935,0.0,0.0,0.0,0.0,0.0,HOLD_CASH
2021-07-21,15,FRT,REG,98.0028,54.9772,75.2202,13.2214,40.7224,8.3674,0.9935,0.0,0.0,0.0,0.0,0.0,HOLD_CASH
2021-07-22,15,FRT,REG,95.8354,53.7181,75.2202,13.2214,40.7224,8.3674,0.9935,0.0,0.0,0.0,0.0,0.0,HOLD_CASH
2021-07-23,15,FRT,REG,96.4559,54.2434,75.2202,13.2214,40.7224,8.3674,0.9935,0.0,0.0,0.0,0.0,0.0,HOLD_CASH
2021-07-26,15,FRT,REG,96.4559,54.0933,75.2202,13.2214,40.7224,8.3674,0.9935,0.0,0.0,0.0,0.0,0.0,HOLD_CASH
2021-07-27,15,FRT,REG,97.5478,54.4686,75.2202,13.2214,40.7224,8.3674,0.9935,0.0,0.0,0.0,0.0,0.0,HOLD_CASH
2021-07-28,15,FRT,REG,96.1746,53.8765,75.2202,13.2214,40.7224,8.3674,0.9935,0.0,0.0,0.0,0.0,0.0,HOLD_CASH
2021-07-29,15,FRT,REG,97.0598,54.4519,75.2202,13.2214,40.7224,8.3674,0.9935,0.0,0.0,0.0,0.0,0.0,HOLD_CASH
2021-07-30,15,FRT,REG,97.2252,54.5436,75.2202,13.2214,40.7224,8.3674,0.9935,-0.8749,0.0,0.0,0.0,0.0,HOLD_CASH
2021-08-02,15,FRT,REG,96.4311,53.8432,75.2202,13.2214,40.7224,8.3674,0.9935,-0.2027,0.0,0.0,0.0,0.0,HOLD_CASH
2021-08-03,15,FRT,REG,96.5386,53.6263,75.2202,13.2214,40.7224,8.3674,0.9935,0.9431,0.0,0.0,0.0,0.0,HOLD_CASH
2021-08-04,15,FRT,REG,94.5367,52.559,75.2202,13.2214,40.7224,8.3674,0.9935,0.1384,0.0,0.0,0.0,0.0,HOLD_CASH
2021-08-05,15,FRT,REG,100.1867,54.4686,75.2202,13.2214,40.7224,8.3674,0.9935,3.5212,-1.0,0.0,-0.0833,-0.0833,ENTER_SHORT_A
2021-08-06,15,FRT,REG,100.3522,55.3691,75.2202,13.2214,40.7224,8.3674,0.9935,1.6286,-1.0,0.5602,-0.0833,0.4769,HOLDING
2021-08-09,15,FRT,REG,98.5405,54.5269,75.2202,13.2214,40.7224,8.3674,0.9935,0.9961,-1.0,0.7799,-0.0833,0.6965,HOLDING
2021-08-10,15,FRT,REG,99.012,55.2607,75.2202,13.2214,40.7224,8.3674,0.9935,0.1312,0.0,0.0,0.9185,0.9185,EXIT
2021-08-11,15,FRT,REG,99.8972,55.6693,75.2202,13.2214,40.7224,8.3674,0.9935,0.4286,0.0,0.0,0.9185,0.9185,HOLD_CASH
2021-08-12,15,FRT,REG,99.3429,55.3608,75.2202,13.2214,40.7224,8.3674,0.9935,0.3216,0.0,0.0,0.9185,0.9185,HOLD_CASH
2021-08-13,15,FRT,REG,99.2685,55.2191,75.2202,13.2214,40.7224,8.3674,0.9935,0.4833,0.0,0.0,0.9185,0.9185,HOLD_CASH
2021-08-16,15,FRT,REG,97.8787,54.6687,75.2202,13.2214,40.7224,8.3674,0.9935,-0.1969,0.0,0.0,0.9185,0.9185,HOLD_CASH
2021-08-17,15,FRT,REG,96.6048,53.8432,75.2202,13.2214,40.7224,8.3674,0.9935,-0.1607,0.0,0.0,0.9185,0.9185,HOLD_CASH
2021-08-18,15,FRT,REG,95.8437,53.7681,75.2202,13.2214,40.7224,8.3674,0.9935,-0.9472,0.0,0.0,0.9185,0.9185,HOLD_CASH
2021-08-19,15,FRT,REG,95.3474,53.7014,75.2202,13.2214,40.7224,8.3674,0.9935,-1.3621,0.0,0.0,0.9185,0.9185,HOLD_CASH
2021-08-20,15,FRT,REG,96.0092,54.0933,75.2202,13.2214,40.7224,8.3674,0.9935,-1.2731,0.0,0.0,0.9185,0.9185,HOLD_CASH
2021-08-23,15,FRT,REG,97.0019,54.2434,75.2202,13.2214,40.7224,8.3674,0.9935,-0.3937,0.0,0.0,0.9185,0.9185,HOLD_CASH
2021-08-24,15,FRT,REG,97.5727,54.6103,75.2202,13.2214,40.7224,8.3674,0.9935,-0.3867,0.0,0.0,0.9185,0.9185,HOLD_CASH
2021-08-25,15,FRT,REG,98.9293,55.9528,75.2202,13.2214,40.7224,8.3674,0.9935,-1.221,0.0,0.0,0.9185,0.9185,HOLD_CASH
2021-08-26,15,FRT,REG,98.1517,55.6777,75.2202,13.2214,40.7224,8.3674,0.9935,-1.4927,0.0,0.0,0.9185,0.9185,HOLD_CASH
2021-08-27,15,FRT,REG,99.8145,56.7284,75.2202,13.2214,40.7224,8.3674,0.9935,-1.3669,0.0,0.0,0.9185,0.9185,HOLD_CASH
2021-08-30,15,FRT,REG,100.4018,56.8701,75.2202,13.2214,40.7224,8.3674,0.9935,-0.9194,0.0,0.0,0.9185,0.9185,HOLD_CASH
2021-08-31,15,FRT,REG,100.7327,57.2203,75.2202,13.2214,40.7224,8.3674,0.9935,-1.0412,0.0,0.0,0.9185,0.9185,HOLD_CASH
2021-09-01,15,FRT,REG,101.5765,57.5372,75.2202,13.2214,40.7224,8.3674,0.9935,-0.6477,0.0,0.0,0.9185,0.9185,HOLD_CASH
2021-09-02,15,FRT,REG,101.866,57.7123,75.2202,13.2214,40.7224,8.3674,0.9935,-0.6024,0.0,0.0,0.9185,0.9185,HOLD_CASH
2021-09-03,15,FRT,REG,101.6344,57.8207,75.2202,13.2214,40.7224,8.3674,0.9935,-1.0754,0.0,0.0,0.9185,0.9185,HOLD_CASH
2021-09-07,15,FRT,REG,100.923,57.5706,75.2202,13.2214,40.7224,8.3674,0.9935,-1.4408,0.0,0.0,0.9185,0.9185,HOLD_CASH
2021-09-08,15,FRT,REG,100.7162,57.5706,75.2202,13.2214,40.7224,8.3674,0.9935,-1.5599,0.0,0.0,0.9185,0.9185,HOLD_CASH
2021-09-09,15,FRT,REG,99.5249,57.0369,75.2202,13.2214,40.7224,8.3674,0.9935,-1.8532,0.0,0.0,0.9185,0.9185,HOLD_CASH
2021-09-10,15,FRT,REG,97.4155,55.2357,75.2202,13.2214,40.7224,8.3674,0.9935,-0.7383,0.0,0.0,0.9185,0.9185,HOLD_CASH
2021-09-13,15,FRT,REG,100.013,56.7534,75.2202,13.2214,40.7224,8.3674,0.9935,-0.3189,0.0,0.0,0.9185,0.9185,HOLD_CASH
2021-09-14,15,FRT,REG,99.2189,56.7912,75.2202,13.2214,40.7224,8.3674,0.9935,-1.6923,0.0,0.0,0.9185,0.9185,HOLD_CASH
2021-09-15,15,FRT,REG,99.7152,57.8344,75.2202,13.2214,40.7224,8.3674,0.9935,-2.885,1.0,0.0,0.8352,0.8352,ENTER_LONG_A
2021-09-16,15,FRT,REG,99.7814,58.2634,75.2202,13.2214,40.7224,8.3674,0.9935,-2.768,1.0,-0.2657,0.8352,0.5695,HOLDING
2021-09-17,15,FRT,REG,98.6894,57.4642,75.2202,13.2214,40.7224,8.3674,0.9935,-2.1157,1.0,-0.1945,0.8352,0.6407,HOLDING
2021-09-20,15,FRT,REG,97.5561,56.8501,75.2202,13.2214,40.7224,8.3674,0.9935,-1.9287,1.0,-0.2686,0.8352,0.5666,HOLDING
2021-09-21,15,FRT,REG,97.4726,56.5136,75.2202,13.2214,40.7224,8.3674,0.9935,-1.3727,1.0,-0.074,0.8352,0.7612,HOLDING
2021-09-22,15,FRT,REG,99.0588,57.2791,75.2202,13.2214,40.7224,8.3674,0.9935,-0.9324,1.0,0.0941,0.8352,0.9293,HOLDING
2021-09-23,15,FRT,REG,99.7266,57.439,75.2202,13.2214,40.7224,8.3674,0.9935,-0.4734,0.0,0.0,1.0286,1.0286,EXIT
2021-09-24,15,FRT,REG,99.3593,57.4558,75.2202,13.2214,40.7224,8.3674,0.9935,-0.7731,0.0,0.0,1.0286,1.0286,HOLD_CASH
2021-09-27,15,FRT,REG,99.5012,57.5652,75.2202,13.2214,40.7224,8.3674,0.9935,-0.7246,0.0,0.0,1.0286,1.0286,HOLD_CASH
2021-09-28,15,FRT,REG,99.4595,57.338,75.2202,13.2214,40.7224,8.3674,0.9935,-0.3548,0.0,0.0,1.0286,1.0286,HOLD_CASH
2021-09-29,15,FRT,REG,100.6366,57.7502,75.2202,13.2214,40.7224,8.3674,0.9935,0.2271,0.0,0.0,1.0286,1.0286,HOLD_CASH
2021-09-30,15,FRT,REG,98.4994,56.6398,75.2202,13.2214,40.7224,8.3674,0.9935,-0.0996,0.0,0.0,1.0286,1.0286,HOLD_CASH
2021-10-01,15,FRT,REG,101.054,58.2802,75.2202,13.2214,40.7224,8.3674,0.9935,-0.0311,0.0,0.0,1.0286,1.0286,HOLD_CASH
2021-10-04,15,FRT,REG,101.8137,58.4148,75.2202,13.2214,40.7224,8.3674,0.9935,0.7202,0.0,0.0,1.0286,1.0286,HOLD_CASH
2021-10-05,15,FRT,REG,100.2692,57.7586,75.2202,13.2214,40.7224,8.3674,0.9935,0.126,0.0,0.0,1.0286,1.0286,HOLD_CASH
2021-10-06,15,FRT,REG,101.3378,58.2297,75.2202,13.2214,40.7224,8.3674,0.9935,0.6127,0.0,0.0,1.0286,1.0286,HOLD_CASH
2021-10-07,15,FRT,REG,101.6049,58.8354,75.2202,13.2214,40.7224,8.3674,0.9935,-0.2841,0.0,0.0,1.0286,1.0286,HOLD_CASH
2021-10-08,15,FRT,REG,101.3461,58.4064,75.2202,13.2214,40.7224,8.3674,0.9935,0.4033,0.0,0.0,1.0286,1.0286,HOLD_CASH
2021-10-11,15,FRT,REG,101.7803,58.6588,75.2202,13.2214,40.7224,8.3674,0.9935,0.6558,0.0,0.0,1.0286,1.0286,HOLD_CASH
2021-10-12,15,FRT,REG,102.1392,58.6419,75.2202,13.2214,40.7224,8.3674,0.9935,1.3484,0.0,0.0,1.0286,1.0286,HOLD_CASH
2021-10-13,15,FRT,REG,102.7152,58.827,75.2202,13.2214,40.7224,8.3674,0.9935,1.626,0.0,0.0,1.0286,1.0286,HOLD_CASH
2021-10-14,15,FRT,REG,103.166,59.0036,75.2202,13.2214,40.7224,8.3674,0.9935,1.7506,0.0,0.0,1.0286,1.0286,HOLD_CASH
2021-10-15,15,FRT,REG,103.5417,59.4411,75.2202,13.2214,40.7224,8.3674,0.9935,1.1336,0.0,0.0,1.0286,1.0286,HOLD_CASH
2021-10-18,15,FRT,REG,103.2746,59.7776,75.2202,13.2214,40.7224,8.3674,0.9935,-0.4902,0.0,0.0,1.0286,1.0286,HOLD_CASH
2021-10-19,15,FRT,REG,100.8286,58.4737,75.2202,13.2214,40.7224,8.3674,0.9935,-1.4629,0.0,0.0,1.0286,1.0286,HOLD_CASH
2021-10-20,15,FRT,REG,102.1142,59.8533,75.2202,13.2214,40.7224,8.3674,0.9935,-2.7064,1.0,0.0,0.9453,0.9453,ENTER_LONG_A
2021-10-21,15,FRT,REG,100.9538,58.8943,75.2202,13.2214,40.7224,8.3674,0.9935,-1.7909,1.0,0.1467,0.9453,1.092,HOLDING
2021-10-22,15,FRT,REG,100.7701,58.9027,75.2202,13.2214,40.7224,8.3674,0.9935,-1.8642,1.0,0.063,0.9453,1.0083,HOLDING
2021-10-25,15,FRT,REG,101.0122,59.2224,75.2202,13.2214,40.7224,8.3674,0.9935,-1.9524,1.0,-0.0474,0.9453,0.8979,HOLDING
2021-10-26,15,FRT,REG,101.5882,60.1057,75.2202,13.2214,40.7224,8.3674,0.9935,-2.3991,1.0,-0.3919,0.9453,0.5534,HOLDING
2021-10-27,15,FRT,REG,100.0689,59.7607,75.2202,13.2214,40.7224,8.3674,0.9935,-2.6231,1.0,-0.8075,0.9453,0.1378,HOLDING
2021-10-28,15,FRT,REG,100.8119,59.6262,75.2202,13.2214,40.7224,8.3674,0.9935,-1.5513,1.0,-0.4019,0.9453,0.5434,HOLDING
2021-10-29,15,FRT,REG,100.4696,59.2308,75.2202,13.2214,40.7224,8.3674,0.9935,-1.1877,1.0,-0.2836,0.9453,0.6617,HOLDING
2021-11-01,15,FRT,REG,102.0724,59.9963,75.2202,13.2214,40.7224,8.3674,0.9935,-0.7792,1.0,-0.1132,0.9453,0.8322,HOLDING
2021-11-02,15,FRT,REG,103.9257,60.8039,75.2202,13.2214,40.7224,8.3674,0.9935,-0.2582,0.0,0.0,0.9963,0.9963,EXIT
2021-11-03,15,FRT,REG,107.2399,62.5704,75.2202,13.2214,40.7224,8.3674,0.9935,0.2296,0.0,0.0,0.9963,0.9963,HOLD_CASH
2021-11-04,15,FRT,REG,105.7873,62.2592,75.2202,13.2214,40.7224,8.3674,0.9935,-0.5304,0.0,0.0,0.9963,0.9963,HOLD_CASH
2021-11-05,15,FRT,REG,110.6626,63.8912,75.2202,13.2214,40.7224,8.3674,0.9935,1.3372,0.0,0.0,0.9963,0.9963,HOLD_CASH
2021-11-08,15,FRT,REG,107.0145,61.7965,75.2202,13.2214,40.7224,8.3674,0.9935,1.0202,0.0,0.0,0.9963,0.9963,HOLD_CASH
2021-11-09,15,FRT,REG,107.0145,61.9984,75.2202,13.2214,40.7224,8.3674,0.9935,0.794,0.0,0.0,0.9963,0.9963,HOLD_CASH
2021-11-10,15,FRT,REG,106.6723,62.5536,75.2202,13.2214,40.7224,8.3674,0.9935,-0.1249,0.0,0.0,0.9963,0.9963,HOLD_CASH
2021-11-11,15,FRT,REG,107.7408,63.2266,75.2202,13.2214,40.7224,8.3674,0.9935,-0.0285,0.0,0.0,0.9963,0.9963,HOLD_CASH
2021-11-12,15,FRT,REG,106.739,62.7976,75.2202,13.2214,40.7224,8.3674,0.9935,-0.2565,0.0,0.0,0.9963,0.9963,HOLD_CASH
2021-11-15,15,FRT,REG,107.7826,63.1173,75.2202,13.2214,40.7224,8.3674,0.9935,0.3336,0.0,0.0,0.9963,0.9963,HOLD_CASH
2021-11-16,15,FRT,REG,107.2566,62.5789,75.2202,13.2214,40.7224,8.3674,0.9935,0.6643,0.0,0.0,0.9963,0.9963,HOLD_CASH
2021-11-17,15,FRT,REG,107.6573,62.8312,75.2202,13.2214,40.7224,8.3674,0.9935,0.6184,0.0,0.0,0.9963,0.9963,HOLD_CASH
2021-11-18,15,FRT,REG,108.392,62.8901,75.2202,13.2214,40.7224,8.3674,0.9935,1.1692,0.0,0.0,0.9963,0.9963,HOLD_CASH
2021-11-19,15,FRT,REG,107.6406,62.0826,75.2202,13.2214,40.7224,8.3674,0.9935,1.486,0.0,0.0,0.9963,0.9963,HOLD_CASH
2021-11-22,15,FRT,REG,108.4003,62.0573,75.2202,13.2214,40.7224,8.3674,0.9935,1.8838,0.0,0.0,0.9963,0.9963,HOLD_CASH
2021-11-23,15,FRT,REG,108.9763,62.133,75.2202,13.2214,40.7224,8.3674,0.9935,1.9422,0.0,0.0,0.9963,0.9963,HOLD_CASH
2021-11-24,15,FRT,REG,109.9447,62.5452,75.2202,13.2214,40.7224,8.3674,0.9935,1.9983,0.0,0.0,0.9963,0.9963,HOLD_CASH
2021-11-26,15,FRT,REG,104.3097,59.9458,75.2202,13.2214,40.7224,8.3674,0.9935,0.706,0.0,0.0,0.9963,0.9963,HOLD_CASH
2021-11-29,15,FRT,REG,105.1779,59.5252,75.2202,13.2214,40.7224,8.3674,0.9935,1.7564,0.0,0.0,0.9963,0.9963,HOLD_CASH
2021-11-30,15,FRT,REG,102.4064,58.3307,75.2202,13.2214,40.7224,8.3674,0.9935,0.9376,0.0,0.0,0.9963,0.9963,HOLD_CASH
2021-12-01,15,FRT,REG,101.1291,57.7755,75.2202,13.2214,40.7224,8.3674,0.9935,0.5296,0.0,0.0,0.9963,0.9963,HOLD_CASH
2021-12-02,15,FRT,REG,106.3383,60.4758,75.2202,13.2214,40.7224,8.3674,0.9935,1.2182,0.0,0.0,0.9963,0.9963,HOLD_CASH
2021-12-03,15,FRT,REG,106.2131,60.3748,75.2202,13.2214,40.7224,8.3674,0.9935,1.1443,0.0,0.0,0.9963,0.9963,HOLD_CASH
2021-12-06,15,FRT,REG,108.5589,61.5105,75.2202,13.2214,40.7224,8.3674,0.9935,1.4635,0.0,0.0,0.9963,0.9963,HOLD_CASH
2021-12-07,15,FRT,REG,109.9614,62.3601,75.2202,13.2214,40.7224,8.3674,0.9935,1.3609,0.0,0.0,0.9963,0.9963,HOLD_CASH
2021-12-08,15,FRT,REG,110.1868,62.52,75.2202,13.2214,40.7224,8.3674,0.9935,1.2069,0.0,0.0,0.9963,0.9963,HOLD_CASH
2021-12-09,15,FRT,REG,108.3586,61.5105,75.2202,13.2214,40.7224,8.3674,0.9935,0.9369,0.0,0.0,0.9963,0.9963,HOLD_CASH
2021-12-10,15,FRT,REG,108.7843,61.6367,75.2202,13.2214,40.7224,8.3674,0.9935,1.0207,0.0,0.0,0.9963,0.9963,HOLD_CASH
2021-12-13,15,FRT,REG,108.1415,61.3086,75.2202,13.2214,40.7224,8.3674,0.9935,0.8622,0.0,0.0,0.9963,0.9963,HOLD_CASH
2021-12-14,15,FRT,REG,106.9227,60.4506,75.2202,13.2214,40.7224,8.3674,0.9935,0.9157,0.0,0.0,0.9963,0.9963,HOLD_CASH
2021-12-15,15,FRT,REG,107.457,60.947,75.2202,13.2214,40.7224,8.3674,0.9935,0.6075,0.0,0.0,0.9963,0.9963,HOLD_CASH
2021-12-16,15,FRT,REG,107.0062,60.8027,75.2202,13.2214,40.7224,8.3674,0.9935,0.2648,0.0,0.0,0.9963,0.9963,HOLD_CASH
2021-12-17,15,FRT,REG,108.1248,60.7179,75.2202,13.2214,40.7224,8.3674,0.9935,1.8873,0.0,0.0,0.9963,0.9963,HOLD_CASH
2021-12-20,15,FRT,REG,106.5387,59.4619,75.2202,13.2214,40.7224,8.3674,0.9935,2.1645,-1.0,0.0,0.9129,0.9129,ENTER_SHORT_A
2021-12-21,15,FRT,REG,109.5941,61.889,75.2202,13.2214,40.7224,8.3674,0.9935,0.9879,-1.0,0.3146,0.9129,1.2276,HOLDING
2021-12-22,15,FRT,REG,110.671,61.8974,75.2202,13.2214,40.7224,8.3674,0.9935,2.0661,-1.0,-0.1288,0.9129,0.7841,HOLDING
2021-12-23,15,FRT,REG,110.5124,61.8295,75.2202,13.2214,40.7224,8.3674,0.9935,1.7317,-1.0,-0.1071,0.9129,0.8058,HOLDING
2021-12-27,15,FRT,REG,112.374,62.4151,75.2202,13.2214,40.7224,8.3674,0.9935,2.3933,-1.0,-0.5,0.9129,0.4129,HOLDING
2021-12-28,15,FRT,REG,112.8165,62.6782,75.2202,13.2214,40.7224,8.3674,0.9935,2.0183,-1.0,-0.5123,0.9129,0.4006,HOLDING
2021-12-29,15,FRT,REG,113.5594,63.0431,75.2202,13.2214,40.7224,8.3674,0.9935,1.8908,-1.0,-0.5832,0.9129,0.3297,HOLDING
2021-12-30,15,FRT,REG,114.4694,63.4674,75.2202,13.2214,40.7224,8.3674,0.9935,1.8908,-1.0,0.0,0.1388,0.1388,PERIOD_END_EXIT
2021-07-02,16,FHN,PNC,14.7183,161.9045,11.5426,3.112,122.1539,28.4001,0.9934,0.0,0.0,0.0,0.0,0.0,HOLD_CASH
2021-07-06,16,FHN,PNC,14.2143,157.8483,11.5426,3.112,122.1539,28.4001,0.9934,0.0,0.0,0.0,0.0,0.0,HOLD_CASH
2021-07-07,16,FHN,PNC,14.0862,156.6893,11.5426,3.112,122.1539,28.4001,0.9934,0.0,0.0,0.0,0.0,0.0,HOLD_CASH
2021-07-08,16,FHN,PNC,13.7787,153.876,11.5426,3.112,122.1539,28.4001,0.9934,0.0,0.0,0.0,0.0,0.0,HOLD_CASH
2021-07-09,16,FHN,PNC,14.3425,159.2843,11.5426,3.112,122.1539,28.4001,0.9934,0.0,0.0,0.0,0.0,0.0,HOLD_CASH
2021-07-12,16,FHN,PNC,14.4535,161.1655,11.5426,3.112,122.1539,28.4001,0.9934,0.0,0.0,0.0,0.0,0.0,HOLD_CASH
2021-07-13,16,FHN,PNC,14.0691,158.9568,11.5426,3.112,122.1539,28.4001,0.9934,0.0,0.0,0.0,0.0,0.0,HOLD_CASH
2021-07-14,16,FHN,PNC,13.9752,158.1674,11.5426,3.112,122.1539,28.4001,0.9934,0.0,0.0,0.0,0.0,0.0,HOLD_CASH
2021-07-15,16,FHN,PNC,14.0691,160.2048,11.5426,3.112,122.1539,28.4001,0.9934,0.0,0.0,0.0,0.0,0.0,HOLD_CASH
2021-07-16,16,FHN,PNC,13.2918,155.0732,11.5426,3.112,122.1539,28.4001,0.9934,0.0,0.0,0.0,0.0,0.0,HOLD_CASH
2021-07-19,16,FHN,PNC,12.8219,150.3135,11.5426,3.112,122.1539,28.4001,0.9934,0.0,0.0,0.0,0.0,0.0,HOLD_CASH
2021-07-20,16,FHN,PNC,13.1978,153.5261,11.5426,3.112,122.1539,28.4001,0.9934,0.0,0.0,0.0,0.0,0.0,HOLD_CASH
2021-07-21,16,FHN,PNC,13.4882,156.2906,11.5426,3.112,122.1539,28.4001,0.9934,0.0,0.0,0.0,0.0,0.0,HOLD_CASH
2021-07-22,16,FHN,PNC,13.1124,153.6275,11.5426,3.112,122.1539,28.4001,0.9934,0.0,0.0,0.0,0.0,0.0,HOLD_CASH
2021-07-23,16,FHN,PNC,13.1807,154.7266,11.5426,3.112,122.1539,28.4001,0.9934,0.0,0.0,0.0,0.0,0.0,HOLD_CASH
2021-07-26,16,FHN,PNC,13.2234,155.9947,11.5426,3.112,122.1539,28.4001,0.9934,0.0,0.0,0.0,0.0,0.0,HOLD_CASH
2021-07-27,16,FHN,PNC,13.1295,155.7834,11.5426,3.112,122.1539,28.4001,0.9934,0.0,0.0,0.0,0.0,0.0,HOLD_CASH
2021-07-28,16,FHN,PNC,13.2747,155.3522,11.5426,3.112,122.1539,28.4001,0.9934,0.0,0.0,0.0,0.0,0.0,HOLD_CASH
2021-07-29,16,FHN,PNC,13.343,156.5357,11.5426,3.112,122.1539,28.4001,0.9934,0.0,0.0,0.0,0.0,0.0,HOLD_CASH
2021-07-30,16,FHN,PNC,13.1978,154.2109,11.5426,3.112,122.1539,28.4001,0.9934,-0.6638,0.0,0.0,0.0,0.0,HOLD_CASH
2021-08-02,16,FHN,PNC,13.0782,153.6783,11.5426,3.112,122.1539,28.4001,0.9934,-0.7851,0.0,0.0,0.0,0.0,HOLD_CASH
2021-08-03,16,FHN,PNC,13.3687,157.5334,11.5426,3.112,122.1539,28.4001,0.9934,-1.1295,0.0,0.0,0.0,0.0,HOLD_CASH
2021-08-04,16,FHN,PNC,13.2661,156.4174,11.5426,3.112,122.1539,28.4001,0.9934,-0.9838,0.0,0.0,0.0,0.0,HOLD_CASH
2021-08-05,16,FHN,PNC,13.3687,157.8208,11.5426,3.112,122.1539,28.4001,0.9934,-1.1138,0.0,0.0,0.0,0.0,HOLD_CASH
2021-08-06,16,FHN,PNC,13.642,160.8558,11.5426,3.112,122.1539,28.4001,0.9934,-1.3195,0.0,0.0,0.0,0.0,HOLD_CASH
2021-08-09,16,FHN,PNC,13.5395,160.6359,11.5426,3.112,122.1539,28.4001,0.9934,-1.6445,0.0,0.0,0.0,0.0,HOLD_CASH
2021-08-10,16,FHN,PNC,13.7274,162.0647,11.5426,3.112,122.1539,28.4001,0.9934,-1.4025,0.0,0.0,0.0,0.0,HOLD_CASH
2021-08-11,16,FHN,PNC,14.0179,163.9246,11.5426,3.112,122.1539,28.4001,0.9934,-0.8777,0.0,0.0,0.0,0.0,HOLD_CASH
2021-08-12,16,FHN,PNC,13.9922,163.5019,11.5426,3.112,122.1539,28.4001,0.9934,-0.6841,0.0,0.0,0.0,0.0,HOLD_CASH
2021-08-13,16,FHN,PNC,13.8812,160.9488,11.5426,3.112,122.1539,28.4001,0.9934,0.6097,0.0,0.0,0.0,0.0,HOLD_CASH
2021-08-16,16,FHN,PNC,13.8641,160.3316,11.5426,3.112,122.1539,28.4001,0.9934,1.0387,0.0,0.0,0.0,0.0,HOLD_CASH
2021-08-17,16,FHN,PNC,13.6676,158.7254,11.5426,3.112,122.1539,28.4001,0.9934,0.9557,0.0,0.0,0.0,0.0,HOLD_CASH
2021-08-18,16,FHN,PNC,13.6164,156.8739,11.5426,3.112,122.1539,28.4001,0.9934,2.0695,-1.0,0.0,-0.0833,-0.0833,ENTER_SHORT_A
2021-08-19,16,FHN,PNC,13.3174,155.8425,11.5426,3.112,122.1539,28.4001,0.9934,0.6153,-1.0,0.5069,-0.0833,0.4236,HOLDING
2021-08-20,16,FHN,PNC,13.5224,157.0937,11.5426,3.112,122.1539,28.4001,0.9934,1.1005,-1.0,0.3201,-0.0833,0.2368,HOLDING
2021-08-23,16,FHN,PNC,13.6335,158.3196,11.5426,3.112,122.1539,28.4001,0.9934,0.8501,-1.0,0.3809,-0.0833,0.2975,HOLDING
2021-08-24,16,FHN,PNC,13.8726,159.3425,11.5426,3.112,122.1539,28.4001,0.9934,1.6009,-1.0,0.0338,-0.0833,-0.0495,HOLDING
2021-08-25,16,FHN,PNC,14.0691,162.4282,11.5426,3.112,122.1539,28.4001,0.9934,0.5814,-1.0,0.4123,-0.0833,0.329,HOLDING
2021-08-26,16,FHN,PNC,13.9324,161.4729,11.5426,3.112,122.1539,28.4001,0.9934,0.3265,0.0,0.0,0.3322,0.3322,EXIT
2021-08-27,16,FHN,PNC,14.257,164.4403,11.5426,3.112,122.1539,28.4001,0.9934,0.3615,0.0,0.0,0.3322,0.3322,HOLD_CASH
2021-08-30,16,FHN,PNC,13.9239,161.1432,11.5426,3.112,122.1539,28.4001,0.9934,0.5335,0.0,0.0,0.3322,0.3322,HOLD_CASH
2021-08-31,16,FHN,PNC,14.0008,161.5575,11.5426,3.112,122.1539,28.4001,0.9934,0.6915,0.0,0.0,0.3322,0.3322,HOLD_CASH
2021-09-01,16,FHN,PNC,13.8299,160.1879,11.5426,3.112,122.1539,28.4001,0.9934,0.4807,0.0,0.0,0.3322,0.3322,HOLD_CASH
2021-09-02,16,FHN,PNC,13.6249,162.0732,11.5426,3.112,122.1539,28.4001,0.9934,-2.1392,1.0,0.0,0.2489,0.2489,ENTER_LONG_A
2021-09-03,16,FHN,PNC,13.5651,161.9126,11.5426,3.112,122.1539,28.4001,0.9934,-2.1193,1.0,-0.1128,0.2489,0.1361,HOLDING
2021-09-07,16,FHN,PNC,13.4541,162.4959,11.5426,3.112,122.1539,28.4001,0.9934,-2.5788,1.0,-0.578,0.2489,-0.3291,HOLDING
2021-09-08,16,FHN,PNC,13.0953,162.0816,11.5426,3.112,122.1539,28.4001,0.9934,-2.9418,1.0,-1.414,0.2489,-1.1651,HOLDING
2021-09-09,16,FHN,PNC,13.311,162.555,11.5426,3.112,122.1539,28.4001,0.9934,-1.9877,1.0,-0.9766,0.2489,-0.7277,HOLDING
2021-09-10,16,FHN,PNC,13.1471,162.0309,11.5426,3.112,122.1539,28.4001,0.9934,-1.9695,1.0,-1.2613,0.2489,-1.0124,HOLDING
2021-09-13,16,FHN,PNC,13.4576,164.398,11.5426,3.112,122.1539,28.4001,0.9934,-1.5899,1.0,-1.1204,0.2489,-0.8715,HOLDING
2021-09-14,16,FHN,PNC,13.0867,159.2326,11.5426,3.112,122.1539,28.4001,0.9934,-0.9775,1.0,-0.6104,0.2489,-0.3615,HOLDING
2021-09-15,16,FHN,PNC,13.3627,160.7797,11.5426,3.112,122.1539,28.4001,0.9934,-0.6265,1.0,-0.3235,0.2489,-0.0746,HOLDING
2021-09-16,16,FHN,PNC,13.2333,160.543,11.5426,3.112,122.1539,28.4001,0.9934,-0.813,1.0,-0.5997,0.2489,-0.3509,HOLDING
2021-09-17,16,FHN,PNC,13.1298,159.7145,11.5426,3.112,122.1539,28.4001,0.9934,-0.7677,1.0,-0.6353,0.2489,-0.3864,HOLDING
2021-09-20,16,FHN,PNC,12.94,156.1215,11.5426,3.112,122.1539,28.4001,0.9934,-0.1664,0.0,0.0,0.0704,0.0704,EXIT
2021-09-21,16,FHN,PNC,12.7934,155.5297,11.5426,3.112,122.1539,28.4001,0.9934,-0.3306,0.0,0.0,0.0704,0.0704,HOLD_CASH
2021-09-22,16,FHN,PNC,13.1643,158.6577,11.5426,3.112,122.1539,28.4001,0.9934,-0.164,0.0,0.0,0.0704,0.0704,HOLD_CASH
2021-09-23,16,FHN,PNC,13.6905,163.6794,11.5426,3.112,122.1539,28.4001,0.9934,-0.1556,0.0,0.0,0.0704,0.0704,HOLD_CASH
2021-09-24,16,FHN,PNC,13.8717,164.4319,11.5426,3.112,122.1539,28.4001,0.9934,0.2431,0.0,0.0,0.0704,0.0704,HOLD_CASH
2021-09-27,16,FHN,PNC,14.3893,169.2507,11.5426,3.112,122.1539,28.4001,0.9934,0.3076,0.0,0.0,0.0704,0.0704,HOLD_CASH
2021-09-28,16,FHN,PNC,14.2081,167.1541,11.5426,3.112,122.1539,28.4001,0.9934,0.6047,0.0,0.0,0.0704,0.0704,HOLD_CASH
2021-09-29,16,FHN,PNC,14.3203,166.9173,11.5426,3.112,122.1539,28.4001,0.9934,1.3587,0.0,0.0,0.0704,0.0704,HOLD_CASH
2021-09-30,16,FHN,PNC,14.0529,165.3956,11.5426,3.112,122.1539,28.4001,0.9934,1.1507,0.0,0.0,0.0704,0.0704,HOLD_CASH
2021-10-01,16,FHN,PNC,14.3807,167.6528,11.5426,3.112,122.1539,28.4001,0.9934,1.4792,0.0,0.0,0.0704,0.0704,HOLD_CASH
2021-10-04,16,FHN,PNC,14.3462,167.4669,11.5426,3.112,122.1539,28.4001,0.9934,1.3049,0.0,0.0,0.0704,0.0704,HOLD_CASH
2021-10-05,16,FHN,PNC,14.2772,169.4958,11.5426,3.112,122.1539,28.4001,0.9934,-0.1278,0.0,0.0,0.0704,0.0704,HOLD_CASH
2021-10-06,16,FHN,PNC,14.0097,169.7749,11.5426,3.112,122.1539,28.4001,0.9934,-1.6694,0.0,0.0,0.0704,0.0704,HOLD_CASH
2021-10-07,16,FHN,PNC,14.2513,170.6033,11.5426,3.112,122.1539,28.4001,0.9934,-0.9319,0.0,0.0,0.0704,0.0704,HOLD_CASH
2021-10-08,16,FHN,PNC,14.3893,171.4149,11.5426,3.112,122.1539,28.4001,0.9934,-0.7951,0.0,0.0,0.0704,0.0704,HOLD_CASH
2021-10-11,16,FHN,PNC,14.303,169.9693,11.5426,3.112,122.1539,28.4001,0.9934,-0.5022,0.0,0.0,0.0704,0.0704,HOLD_CASH
2021-10-12,16,FHN,PNC,14.3203,171.8715,11.5426,3.112,122.1539,28.4001,0.9934,-1.5413,0.0,0.0,0.0704,0.0704,HOLD_CASH
2021-10-13,16,FHN,PNC,14.2513,170.5695,11.5426,3.112,122.1539,28.4001,0.9934,-1.034,0.0,0.0,0.0704,0.0704,HOLD_CASH
2021-10-14,16,FHN,PNC,14.5101,172.2623,11.5426,3.112,122.1539,28.4001,0.9934,-0.613,0.0,0.0,0.0704,0.0704,HOLD_CASH
2021-10-15,16,FHN,PNC,14.4928,169.3956,11.5426,3.112,122.1539,28.4001,0.9934,0.955,0.0,0.0,0.0704,0.0704,HOLD_CASH
2021-10-18,16,FHN,PNC,14.4324,170.8502,11.5426,3.112,122.1539,28.4001,0.9934,-0.2364,0.0,0.0,0.0704,0.0704,HOLD_CASH
2021-10-19,16,FHN,PNC,14.6826,175.9458,11.5426,3.112,122.1539,28.4001,0.9934,-1.6944,0.0,0.0,0.0704,0.0704,HOLD_CASH
2021-10-20,16,FHN,PNC,14.8983,181.0244,11.5426,3.112,122.1539,28.4001,0.9934,-2.5803,1.0,0.0,-0.013,-0.013,ENTER_LONG_A
2021-10-21,16,FHN,PNC,14.5963,180.9648,11.5426,3.112,122.1539,28.4001,0.9934,-2.7425,1.0,-0.7115,-0.013,-0.7245,HOLDING
2021-10-22,16,FHN,PNC,14.7171,183.8146,11.5426,3.112,122.1539,28.4001,0.9934,-2.5404,1.0,-1.1677,-0.013,-1.1807,HOLDING
2021-10-25,16,FHN,PNC,14.6395,184.2229,11.5426,3.112,122.1539,28.4001,0.9934,-2.282,1.0,-1.4617,-0.013,-1.4747,HOLDING
2021-10-26,16,FHN,PNC,14.4756,183.8061,11.5426,3.112,122.1539,28.4001,0.9934,-2.0986,1.0,-1.7472,-0.013,-1.7601,HOLDING
2021-10-27,16,FHN,PNC,14.3893,181.1179,11.5426,3.112,122.1539,28.4001,0.9934,-1.5141,1.0,-1.2503,-0.013,-1.2632,HOLDING
2021-10-28,16,FHN,PNC,14.8293,181.237,11.5426,3.112,122.1539,28.4001,0.9934,-0.6491,1.0,-0.2219,-0.013,-0.2349,HOLDING
2021-10-29,16,FHN,PNC,14.6395,179.5186,11.5426,3.112,122.1539,28.4001,0.9934,-0.5792,1.0,-0.2285,-0.013,-0.2415,HOLDING
2021-11-01,16,FHN,PNC,14.95,179.1869,11.5426,3.112,122.1539,28.4001,0.9934,0.1748,0.0,0.0,0.5104,0.5104,EXIT
2021-11-02,16,FHN,PNC,14.6999,178.7275,11.5426,3.112,122.1539,28.4001,0.9934,-0.1845,0.0,0.0,0.5104,0.5104,HOLD_CASH
2021-11-03,16,FHN,PNC,15.0708,180.9393,11.5426,3.112,122.1539,28.4001,0.9934,0.1093,0.0,0.0,0.5104,0.5104,HOLD_CASH
2021-11-04,16,FHN,PNC,14.7861,176.6944,11.5426,3.112,122.1539,28.4001,0.9934,0.5068,0.0,0.0,0.5104,0.5104,HOLD_CASH
2021-11-05,16,FHN,PNC,14.9414,176.1755,11.5426,3.112,122.1539,28.4001,0.9934,0.9565,0.0,0.0,0.5104,0.5104,HOLD_CASH
2021-11-08,16,FHN,PNC,14.9069,177.0858,11.5426,3.112,122.1539,28.4001,0.9934,0.6995,0.0,0.0,0.5104,0.5104,HOLD_CASH
2021-11-09,16,FHN,PNC,14.8983,176.1245,11.5426,3.112,122.1539,28.4001,0.9934,0.8877,0.0,0.0,0.5104,0.5104,HOLD_CASH
2021-11-10,16,FHN,PNC,14.9242,174.7379,11.5426,3.112,122.1539,28.4001,0.9934,1.216,0.0,0.0,0.5104,0.5104,HOLD_CASH
2021-11-11,16,FHN,PNC,14.95,174.8995,11.5426,3.112,122.1539,28.4001,0.9934,1.196,0.0,0.0,0.5104,0.5104,HOLD_CASH
2021-11-12,16,FHN,PNC,14.812,173.2066,11.5426,3.112,122.1539,28.4001,0.9934,1.3212,0.0,0.0,0.5104,0.5104,HOLD_CASH
2021-11-15,16,FHN,PNC,14.8638,174.236,11.5426,3.112,122.1539,28.4001,0.9934,1.1785,0.0,0.0,0.5104,0.5104,HOLD_CASH
2021-11-16,16,FHN,PNC,14.9155,174.8399,11.5426,3.112,122.1539,28.4001,0.9934,1.0809,0.0,0.0,0.5104,0.5104,HOLD_CASH
2021-11-17,16,FHN,PNC,14.8034,172.2284,11.5426,3.112,122.1539,28.4001,0.9934,1.2836,0.0,0.0,0.5104,0.5104,HOLD_CASH
2021-11-18,16,FHN,PNC,14.6912,170.9098,11.5426,3.112,122.1539,28.4001,0.9934,1.2097,0.0,0.0,0.5104,0.5104,HOLD_CASH
2021-11-19,16,FHN,PNC,14.4756,169.5912,11.5426,3.112,122.1539,28.4001,0.9934,0.9783,0.0,0.0,0.5104,0.5104,HOLD_CASH
2021-11-22,16,FHN,PNC,14.6999,173.666,11.5426,3.112,122.1539,28.4001,0.9934,0.4704,0.0,0.0,0.5104,0.5104,HOLD_CASH
2021-11-23,16,FHN,PNC,14.9932,177.8683,11.5426,3.112,122.1539,28.4001,0.9934,-0.0157,0.0,0.0,0.5104,0.5104,HOLD_CASH
2021-11-24,16,FHN,PNC,14.9414,177.477,11.5426,3.112,122.1539,28.4001,0.9934,-0.2062,0.0,0.0,0.5104,0.5104,HOLD_CASH
2021-11-26,16,FHN,PNC,14.2513,170.2208,11.5426,3.112,122.1539,28.4001,0.9934,0.0228,0.0,0.0,0.5104,0.5104,HOLD_CASH
2021-11-29,16,FHN,PNC,14.3375,170.8843,11.5426,3.112,122.1539,28.4001,0.9934,-0.0514,0.0,0.0,0.5104,0.5104,HOLD_CASH
2021-11-30,16,FHN,PNC,13.9148,167.5836,11.5426,3.112,122.1539,28.4001,0.9934,-0.3981,0.0,0.0,0.5104,0.5104,HOLD_CASH
2021-12-01,16,FHN,PNC,13.587,166.2651,11.5426,3.112,122.1539,28.4001,0.9934,-1.4711,0.0,0.0,0.5104,0.5104,HOLD_CASH
2021-12-02,16,FHN,PNC,14.1219,171.7094,11.5426,3.112,122.1539,28.4001,0.9934,-1.8409,0.0,0.0,0.5104,0.5104,HOLD_CASH
2021-12-03,16,FHN,PNC,13.8113,168.2046,11.5426,3.112,122.1539,28.4001,0.9934,-1.4206,0.0,0.0,0.5104,0.5104,HOLD_CASH
2021-12-06,16,FHN,PNC,14.3203,170.1017,11.5426,3.112,122.1539,28.4001,0.9934,0.1598,0.0,0.0,0.5104,0.5104,HOLD_CASH
2021-12-07,16,FHN,PNC,14.3807,172.9429,11.5426,3.112,122.1539,28.4001,0.9934,-1.1073,0.0,0.0,0.5104,0.5104,HOLD_CASH
2021-12-08,16,FHN,PNC,14.4497,171.9136,11.5426,3.112,122.1539,28.4001,0.9934,-0.1762,0.0,0.0,0.5104,0.5104,HOLD_CASH
2021-12-09,16,FHN,PNC,14.2669,170.7567,11.5426,3.112,122.1539,28.4001,0.9934,-0.4153,0.0,0.0,0.5104,0.5104,HOLD_CASH
2021-12-10,16,FHN,PNC,14.2147,171.4627,11.5426,3.112,122.1539,28.4001,0.9934,-0.9832,0.0,0.0,0.5104,0.5104,HOLD_CASH
2021-12-13,16,FHN,PNC,13.8752,166.9116,11.5426,3.112,122.1539,28.4001,0.9934,-0.1192,0.0,0.0,0.5104,0.5104,HOLD_CASH
2021-12-14,16,FHN,PNC,14.058,169.1234,11.5426,3.112,122.1539,28.4001,0.9934,-0.3692,0.0,0.0,0.5104,0.5104,HOLD_CASH
2021-12-15,16,FHN,PNC,14.0754,168.5024,11.5426,3.112,122.1539,28.4001,0.9934,0.1374,0.0,0.0,0.5104,0.5104,HOLD_CASH
2021-12-16,16,FHN,PNC,14.1973,171.6584,11.5426,3.112,122.1539,28.4001,0.9934,-1.0299,0.0,0.0,0.5104,0.5104,HOLD_CASH
2021-12-17,16,FHN,PNC,13.7359,167.7878,11.5426,3.112,122.1539,28.4001,0.9934,-1.2712,0.0,0.0,0.5104,0.5104,HOLD_CASH
2021-12-20,16,FHN,PNC,13.2659,163.7981,11.5426,3.112,122.1539,28.4001,0.9934,-1.5488,0.0,0.0,0.5104,0.5104,HOLD_CASH
2021-12-21,16,FHN,PNC,13.6663,167.473,11.5426,3.112,122.1539,28.4001,0.9934,-1.4018,0.0,0.0,0.5104,0.5104,HOLD_CASH
2021-12-22,16,FHN,PNC,13.7707,167.6857,11.5426,3.112,122.1539,28.4001,0.9934,-0.6663,0.0,0.0,0.5104,0.5104,HOLD_CASH
2021-12-23,16,FHN,PNC,13.9013,168.3748,11.5426,3.112,122.1539,28.4001,0.9934,-0.1859,0.0,0.0,0.5104,0.5104,HOLD_CASH
2021-12-27,16,FHN,PNC,14.1102,171.0459,11.5426,3.112,122.1539,28.4001,0.9934,-0.7791,0.0,0.0,0.5104,0.5104,HOLD_CASH
2021-12-28,16,FHN,PNC,14.2495,171.131,11.5426,3.112,122.1539,28.4001,0.9934,0.3772,0.0,0.0,0.5104,0.5104,HOLD_CASH
2021-12-29,16,FHN,PNC,14.3191,171.1906,11.5426,3.112,122.1539,28.4001,0.9934,0.9218,0.0,0.0,0.5104,0.5104,HOLD_CASH
2021-12-30,16,FHN,PNC,14.2495,170.9863,11.5426,3.112,122.1539,28.4001,0.9934,0.4483,0.0,0.0,0.5104,0.5104,HOLD_CASH
2021-07-02,17,FHN,RJF,14.7183,82.283,11.5426,3.112,62.1639,14.7721,0.9932,0.0,0.0,0.0,0.0,0.0,HOLD_CASH
2021-07-06,17,FHN,RJF,14.2143,81.6767,11.5426,3.112,62.1639,14.7721,0.9932,0.0,0.0,0.0,0.0,0.0,HOLD_CASH
2021-07-07,17,FHN,RJF,14.0862,81.7329,11.5426,3.112,62.1639,14.7721,0.9932,0.0,0.0,0.0,0.0,0.0,HOLD_CASH
2021-07-08,17,FHN,RJF,13.7787,79.5389,11.5426,3.112,62.1639,14.7721,0.9932,0.0,0.0,0.0,0.0,0.0,HOLD_CASH
2021-07-09,17,FHN,RJF,14.3425,82.5205,11.5426,3.112,62.1639,14.7721,0.9932,0.0,0.0,0.0,0.0,0.0,HOLD_CASH
2021-07-12,17,FHN,RJF,14.4535,83.7644,11.5426,3.112,62.1639,14.7721,0.9932,0.0,0.0,0.0,0.0,0.0,HOLD_CASH
2021-07-13,17,FHN,RJF,14.0691,83.4393,11.5426,3.112,62.1639,14.7721,0.9932,0.0,0.0,0.0,0.0,0.0,HOLD_CASH
2021-07-14,17,FHN,RJF,13.9752,82.0017,11.5426,3.112,62.1639,14.7721,0.9932,0.0,0.0,0.0,0.0,0.0,HOLD_CASH
2021-07-15,17,FHN,RJF,14.0691,82.4142,11.5426,3.112,62.1639,14.7721,0.9932,0.0,0.0,0.0,0.0,0.0,HOLD_CASH
2021-07-16,17,FHN,RJF,13.2918,80.414,11.5426,3.112,62.1639,14.7721,0.9932,0.0,0.0,0.0,0.0,0.0,HOLD_CASH
2021-07-19,17,FHN,RJF,12.8219,77.5262,11.5426,3.112,62.1639,14.7721,0.9932,0.0,0.0,0.0,0.0,0.0,HOLD_CASH
2021-07-20,17,FHN,RJF,13.1978,79.4577,11.5426,3.112,62.1639,14.7721,0.9932,0.0,0.0,0.0,0.0,0.0,HOLD_CASH
2021-07-21,17,FHN,RJF,13.4882,81.5829,11.5426,3.112,62.1639,14.7721,0.9932,0.0,0.0,0.0,0.0,0.0,HOLD_CASH
2021-07-22,17,FHN,RJF,13.1124,80.2765,11.5426,3.112,62.1639,14.7721,0.9932,0.0,0.0,0.0,0.0,0.0,HOLD_CASH
2021-07-23,17,FHN,RJF,13.1807,80.3203,11.5426,3.112,62.1639,14.7721,0.9932,0.0,0.0,0.0,0.0,0.0,HOLD_CASH
2021-07-26,17,FHN,RJF,13.2234,81.2579,11.5426,3.112,62.1639,14.7721,0.9932,0.0,0.0,0.0,0.0,0.0,HOLD_CASH
2021-07-27,17,FHN,RJF,13.1295,80.6328,11.5426,3.112,62.1639,14.7721,0.9932,0.0,0.0,0.0,0.0,0.0,HOLD_CASH
2021-07-28,17,FHN,RJF,13.2747,81.3766,11.5426,3.112,62.1639,14.7721,0.9932,0.0,0.0,0.0,0.0,0.0,HOLD_CASH
2021-07-29,17,FHN,RJF,13.343,81.8829,11.5426,3.112,62.1639,14.7721,0.9932,0.0,0.0,0.0,0.0,0.0,HOLD_CASH
2021-07-30,17,FHN,RJF,13.1978,80.9329,11.5426,3.112,62.1639,14.7721,0.9932,-1.0104,0.0,0.0,0.0,0.0,HOLD_CASH
2021-08-02,17,FHN,RJF,13.0782,81.4891,11.5426,3.112,62.1639,14.7721,0.9932,-1.5736,0.0,0.0,0.0,0.0,HOLD_CASH
2021-08-03,17,FHN,RJF,13.3687,80.9578,11.5426,3.112,62.1639,14.7721,0.9932,-0.34,0.0,0.0,0.0,0.0,HOLD_CASH
2021-08-04,17,FHN,RJF,13.2661,80.2703,11.5426,3.112,62.1639,14.7721,0.9932,-0.1399,0.0,0.0,0.0,0.0,HOLD_CASH
2021-08-05,17,FHN,RJF,13.3687,81.5517,11.5426,3.112,62.1639,14.7721,0.9932,-0.6153,0.0,0.0,0.0,0.0,HOLD_CASH
2021-08-06,17,FHN,RJF,13.642,83.6831,11.5426,3.112,62.1639,14.7721,0.9932,-1.2135,0.0,0.0,0.0,0.0,HOLD_CASH
2021-08-09,17,FHN,RJF,13.5395,84.6519,11.5426,3.112,62.1639,14.7721,0.9932,-2.2086,1.0,0.0,-0.0833,-0.0833,ENTER_LONG_A
2021-08-10,17,FHN,RJF,13.7274,85.7458,11.5426,3.112,62.1639,14.7721,0.9932,-2.0013,1.0,-0.1092,-0.0833,-0.1925,HOLDING
2021-08-11,17,FHN,RJF,14.0179,86.5584,11.5426,3.112,62.1639,14.7721,0.9932,-1.4428,1.0,0.2119,-0.0833,0.1286,HOLDING
2021-08-12,17,FHN,RJF,13.9922,86.9834,11.5426,3.112,62.1639,14.7721,0.9932,-1.758,1.0,-0.0936,-0.0833,-0.1769,HOLDING
2021-08-13,17,FHN,RJF,13.8812,86.8459,11.5426,3.112,62.1639,14.7721,0.9932,-1.7985,1.0,-0.3129,-0.0833,-0.3963,HOLDING
2021-08-16,17,FHN,RJF,13.8641,86.1333,11.5426,3.112,62.1639,14.7721,0.9932,-1.1978,1.0,0.0391,-0.0833,-0.0443,HOLDING
2021-08-17,17,FHN,RJF,13.6676,85.0707,11.5426,3.112,62.1639,14.7721,0.9932,-1.0104,1.0,0.108,-0.0833,0.0247,HOLDING
2021-08-18,17,FHN,RJF,13.6164,84.3457,11.5426,3.112,62.1639,14.7721,0.9932,-0.536,1.0,0.3759,-0.0833,0.2926,HOLDING
2021-08-19,17,FHN,RJF,13.3174,83.233,11.5426,3.112,62.1639,14.7721,0.9932,-0.7299,1.0,0.1994,-0.0833,0.1161,HOLDING
2021-08-20,17,FHN,RJF,13.5224,84.902,11.5426,3.112,62.1639,14.7721,0.9932,-1.2053,1.0,-0.185,-0.0833,-0.2684,HOLDING
2021-08-23,17,FHN,RJF,13.6335,85.5708,11.5426,3.112,62.1639,14.7721,0.9932,-1.1918,1.0,-0.2621,-0.0833,-0.3454,HOLDING
2021-08-24,17,FHN,RJF,13.8726,85.9021,11.5426,3.112,62.1639,14.7721,0.9932,-0.4362,0.0,0.0,0.0226,0.0226,EXIT
2021-08-25,17,FHN,RJF,14.0691,87.6085,11.5426,3.112,62.1639,14.7721,0.9932,-0.9988,0.0,0.0,0.0226,0.0226,HOLD_CASH
2021-08-26,17,FHN,RJF,13.9324,87.2522,11.5426,3.112,62.1639,14.7721,0.9932,-1.1343,0.0,0.0,0.0226,0.0226,HOLD_CASH
2021-08-27,17,FHN,RJF,14.257,89.3774,11.5426,3.112,62.1639,14.7721,0.9932,-1.4611,0.0,0.0,0.0226,0.0226,HOLD_CASH
2021-08-30,17,FHN,RJF,13.9239,87.7585,11.5426,3.112,62.1639,14.7721,0.9932,-1.2879,0.0,0.0,0.0226,0.0226,HOLD_CASH
2021-08-31,17,FHN,RJF,14.0008,87.446,11.5426,3.112,62.1639,14.7721,0.9932,-0.6729,0.0,0.0,0.0226,0.0226,HOLD_CASH
2021-09-01,17,FHN,RJF,13.8299,87.5397,11.5426,3.112,62.1639,14.7721,0.9932,-1.5689,0.0,0.0,0.0226,0.0226,HOLD_CASH
2021-09-02,17,FHN,RJF,13.6249,87.5772,11.5426,3.112,62.1639,14.7721,0.9932,-2.5059,1.0,0.0,-0.0607,-0.0607,ENTER_LONG_A
2021-09-03,17,FHN,RJF,13.5651,86.9084,11.5426,3.112,62.1639,14.7721,0.9932,-1.9,1.0,0.209,-0.0607,0.1483,HOLDING
2021-09-07,17,FHN,RJF,13.4541,86.5896,11.5426,3.112,62.1639,14.7721,0.9932,-1.8321,1.0,0.0934,-0.0607,0.0327,HOLDING
2021-09-08,17,FHN,RJF,13.0953,85.7395,11.5426,3.112,62.1639,14.7721,0.9932,-2.2222,1.0,-0.3785,-0.0607,-0.4392,HOLDING
2021-09-09,17,FHN,RJF,13.311,86.1771,11.5426,3.112,62.1639,14.7721,0.9932,-1.4923,1.0,-0.0548,-0.0607,-0.1155,HOLDING
2021-09-10,17,FHN,RJF,13.1471,84.8457,11.5426,3.112,62.1639,14.7721,0.9932,-0.9146,1.0,0.2443,-0.0607,0.1836,HOLDING
2021-09-13,17,FHN,RJF,13.4576,85.277,11.5426,3.112,62.1639,14.7721,0.9932,0.0241,0.0,0.0,0.6766,0.6766,EXIT
2021-09-14,17,FHN,RJF,13.0867,83.8769,11.5426,3.112,62.1639,14.7721,0.9932,-0.2448,0.0,0.0,0.6766,0.6766,HOLD_CASH
2021-09-15,17,FHN,RJF,13.3627,84.9145,11.5426,3.112,62.1639,14.7721,0.9932,0.0697,0.0,0.0,0.6766,0.6766,HOLD_CASH
2021-09-16,17,FHN,RJF,13.2333,84.0394,11.5426,3.112,62.1639,14.7721,0.9932,0.4156,0.0,0.0,0.6766,0.6766,HOLD_CASH
2021-09-17,17,FHN,RJF,13.1298,83.5768,11.5426,3.112,62.1639,14.7721,0.9932,0.4808,0.0,0.0,0.6766,0.6766,HOLD_CASH
2021-09-20,17,FHN,RJF,12.94,81.7954,11.5426,3.112,62.1639,14.7721,0.9932,1.3923,0.0,0.0,0.6766,0.6766,HOLD_CASH
2021-09-21,17,FHN,RJF,12.7934,80.539,11.5426,3.112,62.1639,14.7721,0.9932,1.7941,0.0,0.0,0.6766,0.6766,HOLD_CASH
2021-09-22,17,FHN,RJF,13.1643,81.4954,11.5426,3.112,62.1639,14.7721,0.9932,2.313,-1.0,0.0,0.5933,0.5933,ENTER_SHORT_A
2021-09-23,17,FHN,RJF,13.6905,85.8833,11.5426,3.112,62.1639,14.7721,0.9932,0.6299,-1.0,1.0808,0.5933,1.6741,HOLDING
2021-09-24,17,FHN,RJF,13.8717,87.3178,11.5426,3.112,62.1639,14.7721,0.9932,0.1325,0.0,0.0,1.9136,1.9136,EXIT
2021-09-27,17,FHN,RJF,14.3893,88.5742,11.5426,3.112,62.1639,14.7721,0.9932,1.131,0.0,0.0,1.9136,1.9136,HOLD_CASH
2021-09-28,17,FHN,RJF,14.2081,87.3553,11.5426,3.112,62.1639,14.7721,0.9932,1.2982,0.0,0.0,1.9136,1.9136,HOLD_CASH
2021-09-29,17,FHN,RJF,14.3203,87.7397,11.5426,3.112,62.1639,14.7721,0.9932,1.3118,0.0,0.0,1.9136,1.9136,HOLD_CASH
2021-09-30,17,FHN,RJF,14.0529,86.7619,11.5426,3.112,62.1639,14.7721,0.9932,0.9766,0.0,0.0,1.9136,1.9136,HOLD_CASH
2021-10-01,17,FHN,RJF,14.3807,89.0184,11.5426,3.112,62.1639,14.7721,0.9932,0.3699,0.0,0.0,1.9136,1.9136,HOLD_CASH
2021-10-04,17,FHN,RJF,14.3462,87.7962,11.5426,3.112,62.1639,14.7721,0.9932,1.1107,0.0,0.0,1.9136,1.9136,HOLD_CASH
2021-10-05,17,FHN,RJF,14.2772,88.8868,11.5426,3.112,62.1639,14.7721,0.9932,-0.1126,0.0,0.0,1.9136,1.9136,HOLD_CASH
2021-10-06,17,FHN,RJF,14.0097,88.821,11.5426,3.112,62.1639,14.7721,0.9932,-1.3476,0.0,0.0,1.9136,1.9136,HOLD_CASH
2021-10-07,17,FHN,RJF,14.2513,90.1279,11.5426,3.112,62.1639,14.7721,0.9932,-1.5987,0.0,0.0,1.9136,1.9136,HOLD_CASH
2021-10-08,17,FHN,RJF,14.3893,90.598,11.5426,3.112,62.1639,14.7721,0.9932,-1.4385,0.0,0.0,1.9136,1.9136,HOLD_CASH
2021-10-11,17,FHN,RJF,14.303,90.7484,11.5426,3.112,62.1639,14.7721,0.9932,-1.7775,0.0,0.0,1.9136,1.9136,HOLD_CASH
2021-10-12,17,FHN,RJF,14.3203,91.2467,11.5426,3.112,62.1639,14.7721,0.9932,-1.9075,0.0,0.0,1.9136,1.9136,HOLD_CASH
2021-10-13,17,FHN,RJF,14.2513,90.7108,11.5426,3.112,62.1639,14.7721,0.9932,-1.5575,0.0,0.0,1.9136,1.9136,HOLD_CASH
2021-10-14,17,FHN,RJF,14.5101,92.2527,11.5426,3.112,62.1639,14.7721,0.9932,-1.5919,0.0,0.0,1.9136,1.9136,HOLD_CASH
2021-10-15,17,FHN,RJF,14.4928,94.2177,11.5426,3.112,62.1639,14.7721,0.9932,-2.4237,1.0,0.0,1.8303,1.8303,ENTER_LONG_A
2021-10-18,17,FHN,RJF,14.4324,94.3682,11.5426,3.112,62.1639,14.7721,0.9932,-2.1872,1.0,-0.2238,1.8303,1.6065,HOLDING
2021-10-19,17,FHN,RJF,14.6826,94.3682,11.5426,3.112,62.1639,14.7721,0.9932,-1.3904,1.0,0.3857,1.8303,2.2159,HOLDING
2021-10-20,17,FHN,RJF,14.8983,95.5904,11.5426,3.112,62.1639,14.7721,0.9932,-1.3539,1.0,0.288,1.8303,2.1183,HOLDING
2021-10-21,17,FHN,RJF,14.5963,95.6469,11.5426,3.112,62.1639,14.7721,0.9932,-1.8177,1.0,-0.4763,1.8303,1.354,HOLDING
2021-10-22,17,FHN,RJF,14.7171,96.399,11.5426,3.112,62.1639,14.7721,0.9932,-1.6516,1.0,-0.5655,1.8303,1.2648,HOLDING
2021-10-25,17,FHN,RJF,14.6395,95.9007,11.5426,3.112,62.1639,14.7721,0.9932,-1.4244,1.0,-0.5006,1.8303,1.3297,HOLDING
2021-10-26,17,FHN,RJF,14.4756,96.2298,11.5426,3.112,62.1639,14.7721,0.9932,-1.6798,1.0,-1.0676,1.8303,0.7626,HOLDING
2021-10-27,17,FHN,RJF,14.3893,93.8981,11.5426,3.112,62.1639,14.7721,0.9932,-0.8083,1.0,-0.0892,1.8303,1.741,HOLDING
2021-10-28,17,FHN,RJF,14.8293,93.6254,11.5426,3.112,62.1639,14.7721,0.9932,0.3085,0.0,0.0,2.868,2.868,EXIT
2021-10-29,17,FHN,RJF,14.6395,92.6946,11.5426,3.112,62.1639,14.7721,0.9932,0.3986,0.0,0.0,2.868,2.868,HOLD_CASH
2021-11-01,17,FHN,RJF,14.95,93.6536,11.5426,3.112,62.1639,14.7721,0.9932,0.8267,0.0,0.0,2.868,2.868,HOLD_CASH
2021-11-02,17,FHN,RJF,14.6999,94.8853,11.5426,3.112,62.1639,14.7721,0.9932,-0.4501,0.0,0.0,2.868,2.868,HOLD_CASH
2021-11-03,17,FHN,RJF,15.0708,95.9665,11.5426,3.112,62.1639,14.7721,0.9932,0.0317,0.0,0.0,2.868,2.868,HOLD_CASH
2021-11-04,17,FHN,RJF,14.7861,94.4622,11.5426,3.112,62.1639,14.7721,0.9932,0.1865,0.0,0.0,2.868,2.868,HOLD_CASH
2021-11-05,17,FHN,RJF,14.9414,94.0203,11.5426,3.112,62.1639,14.7721,0.9932,1.0276,0.0,0.0,2.868,2.868,HOLD_CASH
2021-11-08,17,FHN,RJF,14.9069,94.434,11.5426,3.112,62.1639,14.7721,0.9932,0.6783,0.0,0.0,2.868,2.868,HOLD_CASH
2021-11-09,17,FHN,RJF,14.8983,93.9263,11.5426,3.112,62.1639,14.7721,0.9932,0.9994,0.0,0.0,2.868,2.868,HOLD_CASH
2021-11-10,17,FHN,RJF,14.9242,93.5878,11.5426,3.112,62.1639,14.7721,0.9932,1.2914,0.0,0.0,2.868,2.868,HOLD_CASH
2021-11-11,17,FHN,RJF,14.95,94.7254,11.5426,3.112,62.1639,14.7721,0.9932,0.6118,0.0,0.0,2.868,2.868,HOLD_CASH
2021-11-12,17,FHN,RJF,14.812,94.0015,11.5426,3.112,62.1639,14.7721,0.9932,0.5952,0.0,0.0,2.868,2.868,HOLD_CASH
2021-11-15,17,FHN,RJF,14.8638,93.3998,11.5426,3.112,62.1639,14.7721,0.9932,1.0703,0.0,0.0,2.868,2.868,HOLD_CASH
2021-11-16,17,FHN,RJF,14.9155,93.6254,11.5426,3.112,62.1639,14.7721,0.9932,0.9941,0.0,0.0,2.868,2.868,HOLD_CASH
2021-11-17,17,FHN,RJF,14.8034,92.6476,11.5426,3.112,62.1639,14.7721,0.9932,1.1651,0.0,0.0,2.868,2.868,HOLD_CASH
2021-11-18,17,FHN,RJF,14.6912,92.0365,11.5426,3.112,62.1639,14.7721,0.9932,1.1081,0.0,0.0,2.868,2.868,HOLD_CASH
2021-11-19,17,FHN,RJF,14.4756,92.2715,11.5426,3.112,62.1639,14.7721,0.9932,0.1865,0.0,0.0,2.868,2.868,HOLD_CASH
2021-11-22,17,FHN,RJF,14.6999,92.7416,11.5426,3.112,62.1639,14.7721,0.9932,0.5484,0.0,0.0,2.868,2.868,HOLD_CASH
2021-11-23,17,FHN,RJF,14.9932,94.6878,11.5426,3.112,62.1639,14.7721,0.9932,-0.0667,0.0,0.0,2.868,2.868,HOLD_CASH
2021-11-24,17,FHN,RJF,14.9414,96.3708,11.5426,3.112,62.1639,14.7721,0.9932,-2.3759,1.0,0.0,2.7846,2.7846,ENTER_LONG_A
2021-11-26,17,FHN,RJF,14.2513,92.6476,11.5426,3.112,62.1639,14.7721,0.9932,-1.6316,1.0,0.211,2.7846,2.9957,HOLDING
2021-11-29,17,FHN,RJF,14.3375,94.5562,11.5426,3.112,62.1639,14.7721,0.9932,-2.5085,1.0,-0.5322,2.7846,2.2525,HOLDING
2021-11-30,17,FHN,RJF,13.9148,92.4126,11.5426,3.112,62.1639,14.7721,0.9932,-2.013,1.0,-0.4709,2.7846,2.3138,HOLDING
2021-12-01,17,FHN,RJF,13.587,89.2347,11.5426,3.112,62.1639,14.7721,0.9932,-0.7403,1.0,0.3294,2.7846,3.114,HOLDING
2021-12-02,17,FHN,RJF,14.1219,92.2057,11.5426,3.112,62.1639,14.7721,0.9932,-1.0213,1.0,0.1233,2.7846,2.908,HOLDING
2021-12-03,17,FHN,RJF,13.8113,89.9868,11.5426,3.112,62.1639,14.7721,0.9932,-0.4294,0.0,0.0,3.1954,3.1954,EXIT
2021-12-06,17,FHN,RJF,14.3203,91.9894,11.5426,3.112,62.1639,14.7721,0.9932,-0.0523,0.0,0.0,3.1954,3.1954,HOLD_CASH
2021-12-07,17,FHN,RJF,14.3807,92.9861,11.5426,3.112,62.1639,14.7721,0.9932,-0.5727,0.0,0.0,3.1954,3.1954,HOLD_CASH
2021-12-08,17,FHN,RJF,14.4497,92.9015,11.5426,3.112,62.1639,14.7721,0.9932,-0.2006,0.0,0.0,3.1954,3.1954,HOLD_CASH
2021-12-09,17,FHN,RJF,14.2669,92.0835,11.5426,3.112,62.1639,14.7721,0.9932,-0.1854,0.0,0.0,3.1954,3.1954,HOLD_CASH
2021-12-10,17,FHN,RJF,14.2147,91.7638,11.5426,3.112,62.1639,14.7721,0.9932,-0.1046,0.0,0.0,3.1954,3.1954,HOLD_CASH
2021-12-13,17,FHN,RJF,13.8752,90.5697,11.5426,3.112,62.1639,14.7721,0.9932,-0.4175,0.0,0.0,3.1954,3.1954,HOLD_CASH
2021-12-14,17,FHN,RJF,14.058,90.6356,11.5426,3.112,62.1639,14.7721,0.9932,0.3108,0.0,0.0,3.1954,3.1954,HOLD_CASH
2021-12-15,17,FHN,RJF,14.0754,91.8484,11.5426,3.112,62.1639,14.7721,0.9932,-0.5883,0.0,0.0,3.1954,3.1954,HOLD_CASH
2021-12-16,17,FHN,RJF,14.1973,93.0143,11.5426,3.112,62.1639,14.7721,0.9932,-1.034,0.0,0.0,3.1954,3.1954,HOLD_CASH
2021-12-17,17,FHN,RJF,13.7359,91.557,11.5426,3.112,62.1639,14.7721,0.9932,-1.6644,0.0,0.0,3.1954,3.1954,HOLD_CASH
2021-12-20,17,FHN,RJF,13.2659,89.1594,11.5426,3.112,62.1639,14.7721,0.9932,-1.3585,0.0,0.0,3.1954,3.1954,HOLD_CASH
2021-12-21,17,FHN,RJF,13.6663,91.1903,11.5426,3.112,62.1639,14.7721,0.9932,-1.3915,0.0,0.0,3.1954,3.1954,HOLD_CASH
2021-12-22,17,FHN,RJF,13.7707,92.1305,11.5426,3.112,62.1639,14.7721,0.9932,-1.6913,0.0,0.0,3.1954,3.1954,HOLD_CASH
2021-12-23,17,FHN,RJF,13.9013,93.4562,11.5426,3.112,62.1639,14.7721,0.9932,-2.0519,1.0,0.0,3.112,3.112,ENTER_LONG_A
2021-12-27,17,FHN,RJF,14.1102,94.9793,11.5426,3.112,62.1639,14.7721,0.9932,-2.0988,1.0,-0.2735,3.112,2.8386,HOLDING
2021-12-28,17,FHN,RJF,14.2495,96.1169,11.5426,3.112,62.1639,14.7721,0.9932,-2.127,1.0,-0.5194,3.112,2.5926,HOLDING
2021-12-29,17,FHN,RJF,14.3191,96.0417,11.5426,3.112,62.1639,14.7721,0.9932,-1.6445,1.0,-0.3068,3.112,2.8052,HOLDING
2021-12-30,17,FHN,RJF,14.2495,94.9793,11.5426,3.112,62.1639,14.7721,0.9932,-1.0382,1.0,0.0,3.1005,3.1005,PERIOD_END_EXIT
2021-07-02,18,CMA,FITB,58.0846,32.3938,44.9359,12.0872,24.6865,6.8617,0.9932,0.0,0.0,0.0,0.0,0.0,HOLD_CASH
2021-07-06,18,CMA,FITB,55.9387,31.4499,44.9359,12.0872,24.6865,6.8617,0.9932,0.0,0.0,0.0,0.0,0.0,HOLD_CASH
2021-07-07,18,CMA,FITB,55.1209,31.2393,44.9359,12.0872,24.6865,6.8617,0.9932,0.0,0.0,0.0,0.0,0.0,HOLD_CASH
2021-07-08,18,CMA,FITB,53.8414,30.8011,44.9359,12.0872,24.6865,6.8617,0.9932,0.0,0.0,0.0,0.0,0.0,HOLD_CASH
2021-07-09,18,CMA,FITB,56.0764,32.0904,44.9359,12.0872,24.6865,6.8617,0.9932,0.0,0.0,0.0,0.0,0.0,HOLD_CASH
2021-07-12,18,CMA,FITB,56.5136,32.3516,44.9359,12.0872,24.6865,6.8617,0.9932,0.0,0.0,0.0,0.0,0.0,HOLD_CASH
2021-07-13,18,CMA,FITB,55.8253,31.6606,44.9359,12.0872,24.6865,6.8617,0.9932,0.0,0.0,0.0,0.0,0.0,HOLD_CASH
2021-07-14,18,CMA,FITB,55.5338,31.5005,44.9359,12.0872,24.6865,6.8617,0.9932,0.0,0.0,0.0,0.0,0.0,HOLD_CASH
2021-07-15,18,CMA,FITB,55.8901,31.8292,44.9359,12.0872,24.6865,6.8617,0.9932,0.0,0.0,0.0,0.0,0.0,HOLD_CASH
2021-07-16,18,CMA,FITB,53.9791,30.6747,44.9359,12.0872,24.6865,6.8617,0.9932,0.0,0.0,0.0,0.0,0.0,HOLD_CASH
2021-07-19,18,CMA,FITB,51.4445,29.1831,44.9359,12.0872,24.6865,6.8617,0.9932,0.0,0.0,0.0,0.0,0.0,HOLD_CASH
2021-07-20,18,CMA,FITB,53.1693,30.3039,44.9359,12.0872,24.6865,6.8617,0.9932,0.0,0.0,0.0,0.0,0.0,HOLD_CASH
2021-07-21,18,CMA,FITB,55.38,31.0792,44.9359,12.0872,24.6865,6.8617,0.9932,0.0,0.0,0.0,0.0,0.0,HOLD_CASH
2021-07-22,18,CMA,FITB,54.3516,30.3544,44.9359,12.0872,24.6865,6.8617,0.9932,0.0,0.0,0.0,0.0,0.0,HOLD_CASH
2021-07-23,18,CMA,FITB,54.2706,30.1522,44.9359,12.0872,24.6865,6.8617,0.9932,0.0,0.0,0.0,0.0,0.0,HOLD_CASH
2021-07-26,18,CMA,FITB,54.8617,30.6072,44.9359,12.0872,24.6865,6.8617,0.9932,0.0,0.0,0.0,0.0,0.0,HOLD_CASH
2021-07-27,18,CMA,FITB,54.7645,30.6578,44.9359,12.0872,24.6865,6.8617,0.9932,0.0,0.0,0.0,0.0,0.0,HOLD_CASH
2021-07-28,18,CMA,FITB,55.3881,30.7168,44.9359,12.0872,24.6865,6.8617,0.9932,0.0,0.0,0.0,0.0,0.0,HOLD_CASH
2021-07-29,18,CMA,FITB,56.1897,30.8769,44.9359,12.0872,24.6865,6.8617,0.9932,0.0,0.0,0.0,0.0,0.0,HOLD_CASH
2021-07-30,18,CMA,FITB,55.5986,30.582,44.9359,12.0872,24.6865,6.8617,0.9932,1.7779,0.0,0.0,0.0,0.0,HOLD_CASH
2021-08-02,18,CMA,FITB,54.7888,30.405,44.9359,12.0872,24.6865,6.8617,0.9932,1.0476,0.0,0.0,0.0,0.0,HOLD_CASH
2021-08-03,18,CMA,FITB,56.1735,31.0454,44.9359,12.0872,24.6865,6.8617,0.9932,1.2863,0.0,0.0,0.0,0.0,HOLD_CASH
2021-08-04,18,CMA,FITB,55.6472,30.6494,44.9359,12.0872,24.6865,6.8617,0.9932,1.3435,0.0,0.0,0.0,0.0,HOLD_CASH
2021-08-05,18,CMA,FITB,56.7647,31.1634,44.9359,12.0872,24.6865,6.8617,0.9932,1.4538,0.0,0.0,0.0,0.0,HOLD_CASH
2021-08-06,18,CMA,FITB,58.5057,31.7955,44.9359,12.0872,24.6865,6.8617,0.9932,1.9482,0.0,0.0,0.0,0.0,HOLD_CASH
2021-08-09,18,CMA,FITB,58.2951,31.6522,44.9359,12.0872,24.6865,6.8617,0.9932,1.7745,0.0,0.0,0.0,0.0,HOLD_CASH
2021-08-10,18,CMA,FITB,59.4207,32.1578,44.9359,12.0872,24.6865,6.8617,0.9932,1.7799,0.0,0.0,0.0,0.0,HOLD_CASH
2021-08-11,18,CMA,FITB,60.6435,32.6045,44.9359,12.0872,24.6865,6.8617,0.9932,1.9332,0.0,0.0,0.0,0.0,HOLD_CASH
2021-08-12,18,CMA,FITB,61.1374,32.7646,44.9359,12.0872,24.6865,6.8617,0.9932,1.8801,0.0,0.0,0.0,0.0,HOLD_CASH
2021-08-13,18,CMA,FITB,60.6921,32.4275,44.9359,12.0872,24.6865,6.8617,0.9932,1.7845,0.0,0.0,0.0,0.0,HOLD_CASH
2021-08-16,18,CMA,FITB,60.0523,32.2,44.9359,12.0872,24.6865,6.8617,0.9932,1.4201,0.0,0.0,0.0,0.0,HOLD_CASH
2021-08-17,18,CMA,FITB,58.7162,31.7702,44.9359,12.0872,24.6865,6.8617,0.9932,0.8068,0.0,0.0,0.0,0.0,HOLD_CASH
2021-08-18,18,CMA,FITB,58.198,31.6101,44.9359,12.0872,24.6865,6.8617,0.9932,0.4873,0.0,0.0,0.0,0.0,HOLD_CASH
2021-08-19,18,CMA,FITB,57.4206,31.4921,44.9359,12.0872,24.6865,6.8617,0.9932,-0.1998,0.0,0.0,0.0,0.0,HOLD_CASH
2021-08-20,18,CMA,FITB,57.7202,31.7028,44.9359,12.0872,24.6865,6.8617,0.9932,-0.3309,0.0,0.0,0.0,0.0,HOLD_CASH
2021-08-23,18,CMA,FITB,58.7567,32.0567,44.9359,12.0872,24.6865,6.8617,0.9932,0.0849,0.0,0.0,0.0,0.0,HOLD_CASH
2021-08-24,18,CMA,FITB,59.6393,32.3938,44.9359,12.0872,24.6865,6.8617,0.9932,0.3716,0.0,0.0,0.0,0.0,HOLD_CASH
2021-08-25,18,CMA,FITB,60.9107,33.1101,44.9359,12.0872,24.6865,6.8617,0.9932,0.3229,0.0,0.0,0.0,0.0,HOLD_CASH
2021-08-26,18,CMA,FITB,59.9795,32.6972,44.9359,12.0872,24.6865,6.8617,0.9932,-0.028,0.0,0.0,0.0,0.0,HOLD_CASH
2021-08-27,18,CMA,FITB,61.2427,33.2533,44.9359,12.0872,24.6865,6.8617,0.9932,0.3433,0.0,0.0,0.0,0.0,HOLD_CASH
2021-08-30,18,CMA,FITB,59.5422,32.5539,44.9359,12.0872,24.6865,6.8617,0.9932,-0.5202,0.0,0.0,0.0,0.0,HOLD_CASH
2021-08-31,18,CMA,FITB,59.8499,32.7477,44.9359,12.0872,24.6865,6.8617,0.9932,-0.688,0.0,0.0,0.0,0.0,HOLD_CASH
2021-09-01,18,CMA,FITB,58.6838,32.4191,44.9359,12.0872,24.6865,6.8617,0.9932,-1.7642,0.0,0.0,0.0,0.0,HOLD_CASH
2021-09-02,18,CMA,FITB,58.8944,32.6045,44.9359,12.0872,24.6865,6.8617,0.9932,-1.8301,0.0,0.0,0.0,0.0,HOLD_CASH
2021-09-03,18,CMA,FITB,58.5543,32.4528,44.9359,12.0872,24.6865,6.8617,0.9932,-1.7072,0.0,0.0,0.0,0.0,HOLD_CASH
2021-09-07,18,CMA,FITB,58.9996,32.4949,44.9359,12.0872,24.6865,6.8617,0.9932,-1.0233,0.0,0.0,0.0,0.0,HOLD_CASH
2021-09-08,18,CMA,FITB,58.3923,32.3769,44.9359,12.0872,24.6865,6.8617,0.9932,-1.4533,0.0,0.0,0.0,0.0,HOLD_CASH
2021-09-09,18,CMA,FITB,59.2102,32.6972,44.9359,12.0872,24.6865,6.8617,0.9932,-0.9774,0.0,0.0,0.0,0.0,HOLD_CASH
2021-09-10,18,CMA,FITB,58.9511,32.5792,44.9359,12.0872,24.6865,6.8617,0.9932,-0.9766,0.0,0.0,0.0,0.0,HOLD_CASH
2021-09-13,18,CMA,FITB,60.0766,33.3545,44.9359,12.0872,24.6865,6.8617,0.9932,-1.3002,0.0,0.0,0.0,0.0,HOLD_CASH
2021-09-14,18,CMA,FITB,58.4421,32.8488,44.9359,12.0872,24.6865,6.8617,0.9932,-2.3425,1.0,0.0,-0.0833,-0.0833,ENTER_LONG_A
2021-09-15,18,CMA,FITB,59.8805,33.9359,44.9359,12.0872,24.6865,6.8617,0.9932,-2.5037,1.0,-0.3333,-0.0833,-0.4166,HOLDING
2021-09-16,18,CMA,FITB,60.2809,34.0455,44.9359,12.0872,24.6865,6.8617,0.9932,-1.8794,1.0,-0.1832,-0.0833,-0.2665,HOLDING
2021-09-17,18,CMA,FITB,60.5343,33.8095,44.9359,12.0872,24.6865,6.8617,0.9932,-0.8777,1.0,0.2958,-0.0833,0.2124,HOLDING
2021-09-20,18,CMA,FITB,58.818,32.4781,44.9359,12.0872,24.6865,6.8617,0.9932,-0.0287,0.0,0.0,0.5702,0.5702,EXIT
2021-09-21,18,CMA,FITB,58.2868,32.2168,44.9359,12.0872,24.6865,6.8617,0.9932,-0.0803,0.0,0.0,0.5702,0.5702,HOLD_CASH
2021-09-22,18,CMA,FITB,60.1257,32.9078,44.9359,12.0872,24.6865,6.8617,0.9932,0.8527,0.0,0.0,0.5702,0.5702,HOLD_CASH
2021-09-23,18,CMA,FITB,63.0678,34.3489,44.9359,12.0872,24.6865,6.8617,0.9932,1.4607,0.0,0.0,0.5702,0.5702,HOLD_CASH
2021-09-24,18,CMA,FITB,64.1057,34.9809,44.9359,12.0872,24.6865,6.8617,0.9932,1.3369,0.0,0.0,0.5702,0.5702,HOLD_CASH
2021-09-27,18,CMA,FITB,66.9498,36.7422,44.9359,12.0872,24.6865,6.8617,0.9932,1.0694,0.0,0.0,0.5702,0.5702,HOLD_CASH
2021-09-28,18,CMA,FITB,66.6882,36.7169,44.9359,12.0872,24.6865,6.8617,0.9932,0.7649,0.0,0.0,0.5702,0.5702,HOLD_CASH
2021-09-29,18,CMA,FITB,67.4401,36.7763,44.9359,12.0872,24.6865,6.8617,0.9932,1.6055,0.0,0.0,0.5702,0.5702,HOLD_CASH
2021-09-30,18,CMA,FITB,65.7893,36.0126,44.9359,12.0872,24.6865,6.8617,0.9932,1.0662,0.0,0.0,0.5702,0.5702,HOLD_CASH
2021-10-01,18,CMA,FITB,67.481,37.0478,44.9359,12.0872,24.6865,6.8617,0.9932,0.8312,0.0,0.0,0.5702,0.5702,HOLD_CASH
2021-10-04,18,CMA,FITB,67.8079,36.9205,44.9359,12.0872,24.6865,6.8617,0.9932,1.3978,0.0,0.0,0.5702,0.5702,HOLD_CASH
2021-10-05,18,CMA,FITB,68.7232,37.3109,44.9359,12.0872,24.6865,6.8617,0.9932,1.507,0.0,0.0,0.5702,0.5702,HOLD_CASH
2021-10-06,18,CMA,FITB,68.5434,37.1157,44.9359,12.0872,24.6865,6.8617,0.9932,1.4982,0.0,0.0,0.5702,0.5702,HOLD_CASH
2021-10-07,18,CMA,FITB,68.7722,37.209,44.9359,12.0872,24.6865,6.8617,0.9932,1.3992,0.0,0.0,0.5702,0.5702,HOLD_CASH
2021-10-08,18,CMA,FITB,68.8376,37.2939,44.9359,12.0872,24.6865,6.8617,0.9932,1.1814,0.0,0.0,0.5702,0.5702,HOLD_CASH
2021-10-11,18,CMA,FITB,68.2165,36.9036,44.9359,12.0872,24.6865,6.8617,0.9932,1.1222,0.0,0.0,0.5702,0.5702,HOLD_CASH
2021-10-12,18,CMA,FITB,68.3636,36.7339,44.9359,12.0872,24.6865,6.8617,0.9932,1.4323,0.0,0.0,0.5702,0.5702,HOLD_CASH
2021-10-13,18,CMA,FITB,67.3666,36.2417,44.9359,12.0872,24.6865,6.8617,0.9932,1.2548,0.0,0.0,0.5702,0.5702,HOLD_CASH
2021-10-14,18,CMA,FITB,67.3829,36.8187,44.9359,12.0872,24.6865,6.8617,0.9932,-0.0186,0.0,0.0,0.5702,0.5702,HOLD_CASH
2021-10-15,18,CMA,FITB,67.8324,36.9969,44.9359,12.0872,24.6865,6.8617,0.9932,0.064,0.0,0.0,0.5702,0.5702,HOLD_CASH
2021-10-18,18,CMA,FITB,68.4862,37.3788,44.9359,12.0872,24.6865,6.8617,0.9932,-0.056,0.0,0.0,0.5702,0.5702,HOLD_CASH
2021-10-19,18,CMA,FITB,68.6824,37.2769,44.9359,12.0872,24.6865,6.8617,0.9932,0.5666,0.0,0.0,0.5702,0.5702,HOLD_CASH
2021-10-20,18,CMA,FITB,71.0442,38.6855,44.9359,12.0872,24.6865,6.8617,0.9932,0.2769,0.0,0.0,0.5702,0.5702,HOLD_CASH
2021-10-21,18,CMA,FITB,70.8399,38.2528,44.9359,12.0872,24.6865,6.8617,0.9932,1.3502,0.0,0.0,0.5702,0.5702,HOLD_CASH
2021-10-22,18,CMA,FITB,72.2374,38.6007,44.9359,12.0872,24.6865,6.8617,0.9932,2.3973,-1.0,0.0,0.4869,0.4869,ENTER_SHORT_A
2021-10-25,18,CMA,FITB,72.4989,38.677,44.9359,12.0872,24.6865,6.8617,0.9932,2.187,-1.0,-0.0763,0.4869,0.4106,HOLDING
2021-10-26,18,CMA,FITB,71.6081,38.0067,44.9359,12.0872,24.6865,6.8617,0.9932,2.2442,-1.0,-0.2444,0.4869,0.2424,HOLDING
2021-10-27,18,CMA,FITB,69.2054,36.6914,44.9359,12.0872,24.6865,6.8617,0.9932,1.796,-1.0,-0.1838,0.4869,0.303,HOLDING
2021-10-28,18,CMA,FITB,70.0553,37.3279,44.9359,12.0872,24.6865,6.8617,0.9932,1.2949,-1.0,-0.0267,0.4869,0.4601,HOLDING
2021-10-29,18,CMA,FITB,69.5405,36.9375,44.9359,12.0872,24.6865,6.8617,0.9932,1.3959,-1.0,-0.1269,0.4869,0.3599,HOLDING
2021-11-01,18,CMA,FITB,71.3221,37.7351,44.9359,12.0872,24.6865,6.8617,0.9932,1.691,-1.0,-0.3571,0.4869,0.1298,HOLDING
2021-11-02,18,CMA,FITB,71.2731,37.3363,44.9359,12.0872,24.6865,6.8617,0.9932,2.1066,-1.0,-0.7439,0.4869,-0.257,HOLDING
2021-11-03,18,CMA,FITB,73.308,37.9303,44.9359,12.0872,24.6865,6.8617,0.9932,2.511,-1.0,-1.3376,0.4869,-0.8507,HOLDING
2021-11-04,18,CMA,FITB,71.6408,37.3194,44.9359,12.0872,24.6865,6.8617,0.9932,1.6813,-1.0,-0.9809,0.4869,-0.494,HOLDING
2021-11-05,18,CMA,FITB,71.5509,37.4042,44.9359,12.0872,24.6865,6.8617,0.9932,1.313,-1.0,-0.8387,0.4869,-0.3519,HOLDING
2021-11-08,18,CMA,FITB,71.837,37.5569,44.9359,12.0872,24.6865,6.8617,0.9932,1.1948,-1.0,-0.85,0.4869,-0.3631,HOLDING
2021-11-09,18,CMA,FITB,71.5509,37.4127,44.9359,12.0872,24.6865,6.8617,0.9932,1.0564,-1.0,-0.8299,0.4869,-0.343,HOLDING
2021-11-10,18,CMA,FITB,72.2538,37.3618,44.9359,12.0872,24.6865,6.8617,0.9932,1.5018,-1.0,-1.302,0.4869,-0.8152,HOLDING
2021-11-11,18,CMA,FITB,72.7686,37.5909,44.9359,12.0872,24.6865,6.8617,0.9932,1.4462,-1.0,-1.37,0.4869,-0.8832,HOLDING
2021-11-12,18,CMA,FITB,72.5398,37.5145,44.9359,12.0872,24.6865,6.8617,0.9932,1.261,-1.0,-1.3133,0.4869,-0.8264,HOLDING
2021-11-15,18,CMA,FITB,73.21,37.8624,44.9359,12.0872,24.6865,6.8617,0.9932,1.2226,-1.0,-1.3499,0.4869,-0.863,HOLDING
2021-11-16,18,CMA,FITB,73.4796,38.0406,44.9359,12.0872,24.6865,6.8617,0.9932,1.1034,-1.0,-1.3248,0.4869,-0.838,HOLDING
2021-11-17,18,CMA,FITB,72.8259,37.506,44.9359,12.0872,24.6865,6.8617,0.9932,1.3024,-1.0,-1.4927,0.4869,-1.0058,HOLDING
2021-11-18,18,CMA,FITB,72.9893,37.4551,44.9359,12.0872,24.6865,6.8617,0.9932,1.4619,-1.0,-1.6432,0.4869,-1.1564,HOLDING
2021-11-19,18,CMA,FITB,71.8615,36.9545,44.9359,12.0872,24.6865,6.8617,0.9932,1.0931,-1.0,-1.493,0.4869,-1.0062,HOLDING
2021-11-22,18,CMA,FITB,72.9648,37.4721,44.9359,12.0872,24.6865,6.8617,0.9932,1.1973,-1.0,-1.6109,0.4869,-1.124,HOLDING
2021-11-23,18,CMA,FITB,74.0191,38.0491,44.9359,12.0872,24.6865,6.8617,0.9932,1.1359,-1.0,-1.6376,0.4869,-1.1507,HOLDING
2021-11-24,18,CMA,FITB,73.97,37.8455,44.9359,12.0872,24.6865,6.8617,0.9932,1.3629,-1.0,-1.8207,0.4869,-1.3339,HOLDING
2021-11-26,18,CMA,FITB,69.6794,36.0465,44.9359,12.0872,24.6865,6.8617,0.9932,-0.088,0.0,0.0,-0.7314,-0.7314,EXIT
2021-11-29,18,CMA,FITB,69.7284,36.4793,44.9359,12.0872,24.6865,6.8617,0.9932,-1.2747,0.0,0.0,-0.7314,-0.7314,HOLD_CASH
2021-11-30,18,CMA,FITB,67.4483,35.7665,44.9359,12.0872,24.6865,6.8617,0.9932,-2.6194,1.0,0.0,-0.8148,-0.8148,ENTER_LONG_A
2021-12-01,18,CMA,FITB,65.9118,35.4186,44.9359,12.0872,24.6865,6.8617,0.9932,-2.8849,1.0,-0.5946,-0.8148,-1.4094,HOLDING
2021-12-02,18,CMA,FITB,69.1564,37.2854,44.9359,12.0872,24.6865,6.8617,0.9932,-2.3115,1.0,-0.6084,-0.8148,-1.4232,HOLDING
2021-12-03,18,CMA,FITB,66.9416,36.5302,44.9359,12.0872,24.6865,6.8617,0.9932,-2.4377,1.0,-1.1811,-0.8148,-1.9958,HOLDING
2021-12-06,18,CMA,FITB,68.4535,36.9799,44.9359,12.0872,24.6865,6.8617,0.9932,-1.6639,1.0,-0.7164,-0.8148,-1.5311,HOLDING
2021-12-07,18,CMA,FITB,69.9246,37.4042,44.9359,12.0872,24.6865,6.8617,0.9932,-1.07,1.0,-0.2493,-0.8148,-1.0641,HOLDING
2021-12-08,18,CMA,FITB,69.1237,37.3024,44.9359,12.0872,24.6865,6.8617,0.9932,-1.3386,1.0,-0.6484,-0.8148,-1.4632,HOLDING
2021-12-09,18,CMA,FITB,68.5189,37.1242,44.9359,12.0872,24.6865,6.8617,0.9932,-1.3571,1.0,-0.8362,-0.8148,-1.651,HOLDING
2021-12-10,18,CMA,FITB,69.0828,37.1327,44.9359,12.0872,24.6865,6.8617,0.9932,-0.9286,1.0,-0.4843,-0.8148,-1.2991,HOLDING
2021-12-13,18,CMA,FITB,66.9743,35.9786,44.9359,12.0872,24.6865,6.8617,0.9932,-0.8898,1.0,-0.5417,-0.8148,-1.3564,HOLDING
2021-12-14,18,CMA,FITB,69.0016,36.5896,44.9359,12.0872,24.6865,6.8617,0.9932,-0.266,0.0,0.0,-0.8275,-0.8275,EXIT
2021-12-15,18,CMA,FITB,70.1058,36.8442,44.9359,12.0872,24.6865,6.8617,0.9932,0.1759,0.0,0.0,-0.8275,-0.8275,HOLD_CASH
2021-12-16,18,CMA,FITB,71.787,36.9375,44.9359,12.0872,24.6865,6.8617,0.9932,1.1197,0.0,0.0,-0.8275,-0.8275,HOLD_CASH
2021-12-17,18,CMA,FITB,69.0098,35.8599,44.9359,12.0872,24.6865,6.8617,0.9932,0.6267,0.0,0.0,-0.8275,-0.8275,HOLD_CASH
2021-12-20,18,CMA,FITB,67.4852,34.9434,44.9359,12.0872,24.6865,6.8617,0.9932,0.726,0.0,0.0,-0.8275,-0.8275,HOLD_CASH
2021-12-21,18,CMA,FITB,69.8751,36.072,44.9359,12.0872,24.6865,6.8617,0.9932,1.0523,0.0,0.0,-0.8275,-0.8275,HOLD_CASH
2021-12-22,18,CMA,FITB,69.9987,36.2332,44.9359,12.0872,24.6865,6.8617,0.9932,1.0118,0.0,0.0,-0.8275,-0.8275,HOLD_CASH
2021-12-23,18,CMA,FITB,70.2954,36.5472,44.9359,12.0872,24.6865,6.8617,0.9932,0.9526,0.0,0.0,-0.8275,-0.8275,HOLD_CASH
2021-12-27,18,CMA,FITB,71.3667,37.0818,44.9359,12.0872,24.6865,6.8617,0.9932,1.0676,0.0,0.0,-0.8275,-0.8275,HOLD_CASH
2021-12-28,18,CMA,FITB,71.4656,37.1496,44.9359,12.0872,24.6865,6.8617,0.9932,1.0116,0.0,0.0,-0.8275,-0.8275,HOLD_CASH
2021-12-29,18,CMA,FITB,72.1826,37.2515,44.9359,12.0872,24.6865,6.8617,0.9932,1.278,0.0,0.0,-0.8275,-0.8275,HOLD_CASH
2021-12-30,18,CMA,FITB,71.7129,37.2515,44.9359,12.0872,24.6865,6.8617,0.9932,0.8486,0.0,0.0,-0.8275,-0.8275,HOLD_CASH
2021-07-02,19,JPM,ZION,139.0099,45.141,112.0924,22.7256,36.9791,9.0894,0.993,0.0,0.0,0.0,0.0,0.0,HOLD_CASH
2021-07-06,19,JPM,ZION,136.6757,43.8358,112.0924,22.7256,36.9791,9.0894,0.993,0.0,0.0,0.0,0.0,0.0,HOLD_CASH
2021-07-07,19,JPM,ZION,136.836,43.4883,112.0924,22.7256,36.9791,9.0894,0.993,0.0,0.0,0.0,0.0,0.0,HOLD_CASH
2021-07-08,19,JPM,ZION,134.4751,42.2424,112.0924,22.7256,36.9791,9.0894,0.993,0.0,0.0,0.0,0.0,0.0,HOLD_CASH
2021-07-09,19,JPM,ZION,138.7783,44.3189,112.0924,22.7256,36.9791,9.0894,0.993,0.0,0.0,0.0,0.0,0.0,HOLD_CASH
2021-07-12,19,JPM,ZION,140.765,44.5732,112.0924,22.7256,36.9791,9.0894,0.993,0.0,0.0,0.0,0.0,0.0,HOLD_CASH
2021-07-13,19,JPM,ZION,138.6714,43.573,112.0924,22.7256,36.9791,9.0894,0.993,0.0,0.0,0.0,0.0,0.0,HOLD_CASH
2021-07-14,19,JPM,ZION,138.1992,43.5307,112.0924,22.7256,36.9791,9.0894,0.993,0.0,0.0,0.0,0.0,0.0,HOLD_CASH
2021-07-15,19,JPM,ZION,138.5021,43.7934,112.0924,22.7256,36.9791,9.0894,0.993,0.0,0.0,0.0,0.0,0.0,HOLD_CASH
2021-07-16,19,JPM,ZION,135.3393,42.039,112.0924,22.7256,36.9791,9.0894,0.993,0.0,0.0,0.0,0.0,0.0,HOLD_CASH
2021-07-19,19,JPM,ZION,130.9382,40.4286,112.0924,22.7256,36.9791,9.0894,0.993,0.0,0.0,0.0,0.0,0.0,HOLD_CASH
2021-07-20,19,JPM,ZION,133.3793,42.5475,112.0924,22.7256,36.9791,9.0894,0.993,0.0,0.0,0.0,0.0,0.0,HOLD_CASH
2021-07-21,19,JPM,ZION,136.1857,43.768,112.0924,22.7256,36.9791,9.0894,0.993,0.0,0.0,0.0,0.0,0.0,HOLD_CASH
2021-07-22,19,JPM,ZION,134.4662,42.6492,112.0924,22.7256,36.9791,9.0894,0.993,0.0,0.0,0.0,0.0,0.0,HOLD_CASH
2021-07-23,19,JPM,ZION,134.2079,43.1069,112.0924,22.7256,36.9791,9.0894,0.993,0.0,0.0,0.0,0.0,0.0,HOLD_CASH
2021-07-26,19,JPM,ZION,135.1077,43.6324,112.0924,22.7256,36.9791,9.0894,0.993,0.0,0.0,0.0,0.0,0.0,HOLD_CASH
2021-07-27,19,JPM,ZION,134.9295,43.8019,112.0924,22.7256,36.9791,9.0894,0.993,0.0,0.0,0.0,0.0,0.0,HOLD_CASH
2021-07-28,19,JPM,ZION,135.1523,44.3782,112.0924,22.7256,36.9791,9.0894,0.993,0.0,0.0,0.0,0.0,0.0,HOLD_CASH
2021-07-29,19,JPM,ZION,136.3104,44.785,112.0924,22.7256,36.9791,9.0894,0.993,0.0,0.0,0.0,0.0,0.0,HOLD_CASH
2021-07-30,19,JPM,ZION,135.2235,44.2002,112.0924,22.7256,36.9791,9.0894,0.993,-1.4246,0.0,0.0,0.0,0.0,HOLD_CASH
2021-08-02,19,JPM,ZION,134.6801,43.7595,112.0924,22.7256,36.9791,9.0894,0.993,-1.0857,0.0,0.0,0.0,0.0,HOLD_CASH
2021-08-03,19,JPM,ZION,136.2124,44.7003,112.0924,22.7256,36.9791,9.0894,0.993,-1.3595,0.0,0.0,0.0,0.0,HOLD_CASH
2021-08-04,19,JPM,ZION,134.7424,44.268,112.0924,22.7256,36.9791,9.0894,0.993,-1.383,0.0,0.0,0.0,0.0,HOLD_CASH
2021-08-05,19,JPM,ZION,136.4441,45.0224,112.0924,22.7256,36.9791,9.0894,0.993,-1.308,0.0,0.0,0.0,0.0,HOLD_CASH
2021-08-06,19,JPM,ZION,140.3195,46.6073,112.0924,22.7256,36.9791,9.0894,0.993,-1.2003,0.0,0.0,0.0,0.0,HOLD_CASH
2021-08-09,19,JPM,ZION,140.1681,46.2344,112.0924,22.7256,36.9791,9.0894,0.993,-0.7772,0.0,0.0,0.0,0.0,HOLD_CASH
2021-08-10,19,JPM,ZION,141.8876,46.887,112.0924,22.7256,36.9791,9.0894,0.993,-0.656,0.0,0.0,0.0,0.0,HOLD_CASH
2021-08-11,19,JPM,ZION,143.5803,47.7575,112.0924,22.7256,36.9791,9.0894,0.993,-0.7984,0.0,0.0,0.0,0.0,HOLD_CASH
2021-08-12,19,JPM,ZION,144.1416,47.7404,112.0924,22.7256,36.9791,9.0894,0.993,-0.4207,0.0,0.0,0.0,0.0,HOLD_CASH
2021-08-13,19,JPM,ZION,142.5291,47.2881,112.0924,22.7256,36.9791,9.0894,0.993,-0.6377,0.0,0.0,0.0,0.0,HOLD_CASH
2021-08-16,19,JPM,ZION,141.5936,46.9723,112.0924,22.7256,36.9791,9.0894,0.993,-0.7464,0.0,0.0,0.0,0.0,HOLD_CASH
2021-08-17,19,JPM,ZION,139.883,46.392,112.0924,22.7256,36.9791,9.0894,0.993,-0.9035,0.0,0.0,0.0,0.0,HOLD_CASH
2021-08-18,19,JPM,ZION,138.609,45.7775,112.0924,22.7256,36.9791,9.0894,0.993,-0.5954,0.0,0.0,0.0,0.0,HOLD_CASH
2021-08-19,19,JPM,ZION,137.4508,45.3764,112.0924,22.7256,36.9791,9.0894,0.993,-0.8034,0.0,0.0,0.0,0.0,HOLD_CASH
2021-08-20,19,JPM,ZION,137.8428,45.9738,112.0924,22.7256,36.9791,9.0894,0.993,-2.2605,1.0,0.0,-0.0833,-0.0833,ENTER_LONG_A
2021-08-23,19,JPM,ZION,139.6068,46.8102,112.0924,22.7256,36.9791,9.0894,0.993,-2.4649,1.0,-0.1033,-0.0833,-0.1866,HOLDING
2021-08-24,19,JPM,ZION,140.471,47.6209,112.0924,22.7256,36.9791,9.0894,0.993,-3.0227,1.0,-0.4832,-0.0833,-0.5665,HOLDING
2021-08-25,19,JPM,ZION,143.3665,48.4232,112.0924,22.7256,36.9791,9.0894,0.993,-1.7012,1.0,-0.1843,-0.0833,-0.2676,HOLDING
2021-08-26,19,JPM,ZION,144.106,47.5783,112.0924,22.7256,36.9791,9.0894,0.993,1.2546,1.0,0.754,-0.0833,0.6706,HOLDING
2021-08-27,19,JPM,ZION,145.2642,49.9678,112.0924,22.7256,36.9791,9.0894,0.993,-2.7076,1.0,-0.825,-0.0833,-0.9083,HOLDING
2021-08-30,19,JPM,ZION,142.9388,48.8157,112.0924,22.7256,36.9791,9.0894,0.993,-1.9467,1.0,-0.648,-0.0833,-0.7314,HOLDING
2021-08-31,19,JPM,ZION,142.5023,49.4131,112.0924,22.7256,36.9791,9.0894,0.993,-2.5678,1.0,-1.2829,-0.0833,-1.3663,HOLDING
2021-09-01,19,JPM,ZION,142.2974,48.7901,112.0924,22.7256,36.9791,9.0894,0.993,-1.5423,1.0,-0.8392,-0.0833,-0.9225,HOLDING
2021-09-02,19,JPM,ZION,142.9567,48.7731,112.0924,22.7256,36.9791,9.0894,0.993,-1.0386,1.0,-0.6071,-0.0833,-0.6905,HOLDING
2021-09-03,19,JPM,ZION,142.0925,48.7475,112.0924,22.7256,36.9791,9.0894,0.993,-1.3228,1.0,-0.8719,-0.0833,-0.9552,HOLDING
2021-09-07,19,JPM,ZION,141.8431,49.0718,112.0924,22.7256,36.9791,9.0894,0.993,-1.645,1.0,-1.2206,-0.0833,-1.304,HOLDING
2021-09-08,19,JPM,ZION,141.2105,48.2183,112.0924,22.7256,36.9791,9.0894,0.993,-0.8144,1.0,-0.7291,-0.0833,-0.8125,HOLDING
2021-09-09,19,JPM,ZION,141.8252,49.123,112.0924,22.7256,36.9791,9.0894,0.993,-1.4589,1.0,-1.2686,-0.0833,-1.3519,HOLDING
2021-09-10,19,JPM,ZION,140.1948,48.9693,112.0924,22.7256,36.9791,9.0894,0.993,-1.8129,1.0,-1.6816,-0.0833,-1.765,HOLDING
2021-09-13,19,JPM,ZION,142.4221,49.763,112.0924,22.7256,36.9791,9.0894,0.993,-1.5104,1.0,-1.5967,-0.0833,-1.6801,HOLDING
2021-09-14,19,JPM,ZION,139.9364,48.5256,112.0924,22.7256,36.9791,9.0894,0.993,-1.1285,1.0,-1.4027,-0.0833,-1.4861,HOLDING
2021-09-15,19,JPM,ZION,140.9075,49.4814,112.0924,22.7256,36.9791,9.0894,0.993,-1.5807,1.0,-1.8664,-0.0833,-1.9497,HOLDING
2021-09-16,19,JPM,ZION,140.8452,49.2424,112.0924,22.7256,36.9791,9.0894,0.993,-1.229,1.0,-1.6908,-0.0833,-1.7741,HOLDING
2021-09-17,19,JPM,ZION,140.4799,48.7219,112.0924,22.7256,36.9791,9.0894,0.993,-0.7255,1.0,-1.3842,-0.0833,-1.4675,HOLDING
2021-09-20,19,JPM,ZION,136.2748,47.51,112.0924,22.7256,36.9791,9.0894,0.993,-1.1945,1.0,-1.7798,-0.0833,-1.8632,HOLDING
2021-09-21,19,JPM,ZION,136.2926,47.254,112.0924,22.7256,36.9791,9.0894,0.993,-0.7858,1.0,-1.5637,-0.0833,-1.647,HOLDING
2021-09-22,19,JPM,ZION,138.903,48.5682,112.0924,22.7256,36.9791,9.0894,0.993,-1.014,1.0,-1.7795,-0.0833,-1.8629,HOLDING
2021-09-23,19,JPM,ZION,143.5981,50.6591,112.0924,22.7256,36.9791,9.0894,0.993,-1.1584,1.0,-1.9436,-0.0833,-2.0269,HOLDING
2021-09-24,19,JPM,ZION,145.2552,51.4187,112.0924,22.7256,36.9791,9.0894,0.993,-1.4591,1.0,-2.0192,-0.0833,-2.1025,HOLDING
2021-09-27,19,JPM,ZION,148.7654,53.6717,112.0924,22.7256,36.9791,9.0894,0.993,-2.3737,1.0,-2.7082,-0.0833,-2.7915,HOLDING
2021-09-28,19,JPM,ZION,147.9637,53.5437,112.0924,22.7256,36.9791,9.0894,0.993,-2.2389,1.0,-2.8682,-0.0833,-2.9516,HOLDING
2021-09-29,19,JPM,ZION,147.8478,54.3971,112.0924,22.7256,36.9791,9.0894,0.993,-2.6164,1.0,-3.6073,-0.0833,-3.6906,HOLDING
2021-09-30,19,JPM,ZION,145.8343,52.8183,112.0924,22.7256,36.9791,9.0894,0.993,-1.5621,1.0,-2.9768,-0.0833,-3.0602,HOLDING
2021-10-01,19,JPM,ZION,148.8991,54.3203,112.0924,22.7256,36.9791,9.0894,0.993,-1.6573,1.0,-3.1965,-0.0833,-3.2799,HOLDING
2021-10-04,19,JPM,ZION,148.7387,54.4483,112.0924,22.7256,36.9791,9.0894,0.993,-1.6507,1.0,-3.3547,-0.0833,-3.438,HOLDING
2021-10-05,19,JPM,ZION,151.1677,54.1581,112.0924,22.7256,36.9791,9.0894,0.993,-0.2905,0.0,0.0,-2.4909,-2.4909,EXIT
2021-10-06,19,JPM,ZION,151.4903,53.5949,112.0924,22.7256,36.9791,9.0894,0.993,0.548,0.0,0.0,-2.4909,-2.4909,HOLD_CASH
2021-10-07,19,JPM,ZION,152.4493,53.8253,112.0924,22.7256,36.9791,9.0894,0.993,0.77,0.0,0.0,-2.4909,-2.4909,HOLD_CASH
2021-10-08,19,JPM,ZION,152.5658,54.1667,112.0924,22.7256,36.9791,9.0894,0.993,0.4403,0.0,0.0,-2.4909,-2.4909,HOLD_CASH
2021-10-11,19,JPM,ZION,149.3572,53.2877,112.0924,22.7256,36.9791,9.0894,0.993,-0.0054,0.0,0.0,-2.4909,-2.4909,HOLD_CASH
2021-10-12,19,JPM,ZION,148.2099,53.5181,112.0924,22.7256,36.9791,9.0894,0.993,-0.7568,0.0,0.0,-2.4909,-2.4909,HOLD_CASH
2021-10-13,19,JPM,ZION,144.3021,53.0316,112.0924,22.7256,36.9791,9.0894,0.993,-1.7963,0.0,0.0,-2.4909,-2.4909,HOLD_CASH
2021-10-14,19,JPM,ZION,146.5159,53.4583,112.0924,22.7256,36.9791,9.0894,0.993,-1.1461,0.0,0.0,-2.4909,-2.4909,HOLD_CASH
2021-10-15,19,JPM,ZION,149.3303,53.0316,112.0924,22.7256,36.9791,9.0894,0.993,0.6603,0.0,0.0,-2.4909,-2.4909,HOLD_CASH
2021-10-18,19,JPM,ZION,149.2765,53.1084,112.0924,22.7256,36.9791,9.0894,0.993,0.5765,0.0,0.0,-2.4909,-2.4909,HOLD_CASH
2021-10-19,19,JPM,ZION,151.087,53.9789,112.0924,22.7256,36.9791,9.0894,0.993,0.475,0.0,0.0,-2.4909,-2.4909,HOLD_CASH
2021-10-20,19,JPM,ZION,153.1216,55.5578,112.0924,22.7256,36.9791,9.0894,0.993,-0.3995,0.0,0.0,-2.4909,-2.4909,HOLD_CASH
2021-10-21,19,JPM,ZION,151.9205,55.1054,112.0924,22.7256,36.9791,9.0894,0.993,-0.378,0.0,0.0,-2.4909,-2.4909,HOLD_CASH
2021-10-22,19,JPM,ZION,153.9641,56.6587,112.0924,22.7256,36.9791,9.0894,0.993,-1.1978,0.0,0.0,-2.4909,-2.4909,HOLD_CASH
2021-10-25,19,JPM,ZION,153.2112,56.4283,112.0924,22.7256,36.9791,9.0894,0.993,-1.1809,0.0,0.0,-2.4909,-2.4909,HOLD_CASH
2021-10-26,19,JPM,ZION,153.6235,55.7199,112.0924,22.7256,36.9791,9.0894,0.993,-0.1092,0.0,0.0,-2.4909,-2.4909,HOLD_CASH
2021-10-27,19,JPM,ZION,150.4237,53.6632,112.0924,22.7256,36.9791,9.0894,0.993,0.757,0.0,0.0,-2.4909,-2.4909,HOLD_CASH
2021-10-28,19,JPM,ZION,152.6914,53.6546,112.0924,22.7256,36.9791,9.0894,0.993,1.6798,0.0,0.0,-2.4909,-2.4909,HOLD_CASH
2021-10-29,19,JPM,ZION,152.2701,53.757,112.0924,22.7256,36.9791,9.0894,0.993,1.2199,0.0,0.0,-2.4909,-2.4909,HOLD_CASH
2021-11-01,19,JPM,ZION,152.1894,54.7811,112.0924,22.7256,36.9791,9.0894,0.993,-0.0742,0.0,0.0,-2.4909,-2.4909,HOLD_CASH
2021-11-02,19,JPM,ZION,152.7899,54.5593,112.0924,22.7256,36.9791,9.0894,0.993,0.472,0.0,0.0,-2.4909,-2.4909,HOLD_CASH
2021-11-03,19,JPM,ZION,152.8437,56.1381,112.0924,22.7256,36.9791,9.0894,0.993,-1.2683,0.0,0.0,-2.4909,-2.4909,HOLD_CASH
2021-11-04,19,JPM,ZION,150.836,54.8665,112.0924,22.7256,36.9791,9.0894,0.993,-0.6409,0.0,0.0,-2.4909,-2.4909,HOLD_CASH
2021-11-05,19,JPM,ZION,150.6209,55.3103,112.0924,22.7256,36.9791,9.0894,0.993,-1.1693,0.0,0.0,-2.4909,-2.4909,HOLD_CASH
2021-11-08,19,JPM,ZION,151.5262,55.7797,112.0924,22.7256,36.9791,9.0894,0.993,-1.1677,0.0,0.0,-2.4909,-2.4909,HOLD_CASH
2021-11-09,19,JPM,ZION,150.3789,55.9256,112.0924,22.7256,36.9791,9.0894,0.993,-1.6594,0.0,0.0,-2.4909,-2.4909,HOLD_CASH
2021-11-10,19,JPM,ZION,150.2355,55.8569,112.0924,22.7256,36.9791,9.0894,0.993,-1.5692,0.0,0.0,-2.4909,-2.4909,HOLD_CASH
2021-11-11,19,JPM,ZION,150.2266,56.5608,112.0924,22.7256,36.9791,9.0894,0.993,-1.9948,0.0,0.0,-2.4909,-2.4909,HOLD_CASH
2021-11-12,19,JPM,ZION,149.5543,56.2089,112.0924,22.7256,36.9791,9.0894,0.993,-1.6758,0.0,0.0,-2.4909,-2.4909,HOLD_CASH
2021-11-15,19,JPM,ZION,149.2854,56.9557,112.0924,22.7256,36.9791,9.0894,0.993,-2.0477,1.0,0.0,-2.5743,-2.5743,ENTER_LONG_A
2021-11-16,19,JPM,ZION,148.2099,57.0329,112.0924,22.7256,36.9791,9.0894,0.993,-2.0561,1.0,-0.3633,-2.5743,-2.9376,HOLDING
2021-11-17,19,JPM,ZION,147.4122,56.9042,112.0924,22.7256,36.9791,9.0894,0.993,-1.8647,1.0,-0.5003,-2.5743,-3.0746,HOLDING
2021-11-18,19,JPM,ZION,146.1395,56.8441,112.0924,22.7256,36.9791,9.0894,0.993,-1.8412,1.0,-0.8224,-2.5743,-3.3967,HOLDING
2021-11-19,19,JPM,ZION,144.2304,56.1488,112.0924,22.7256,36.9791,9.0894,0.993,-1.6452,1.0,-0.8748,-2.5743,-3.4491,HOLDING
2021-11-22,19,JPM,ZION,147.3046,56.8698,112.0924,22.7256,36.9791,9.0894,0.993,-1.2297,1.0,-0.5067,-2.5743,-3.081,HOLDING
2021-11-23,19,JPM,ZION,150.8271,58.0373,112.0924,22.7256,36.9791,9.0894,0.993,-0.993,1.0,-0.3279,-2.5743,-2.9021,HOLDING
2021-11-24,19,JPM,ZION,149.644,57.9343,112.0924,22.7256,36.9791,9.0894,0.993,-1.0766,1.0,-0.5937,-2.5743,-3.168,HOLDING
2021-11-26,19,JPM,ZION,145.1357,55.0843,112.0924,22.7256,36.9791,9.0894,0.993,-0.459,0.0,0.0,-2.5128,-2.5128,EXIT
2021-11-29,19,JPM,ZION,144.5082,55.7196,112.0924,22.7256,36.9791,9.0894,0.993,-0.9065,0.0,0.0,-2.5128,-2.5128,HOLD_CASH
2021-11-30,19,JPM,ZION,142.3571,54.1487,112.0924,22.7256,36.9791,9.0894,0.993,-0.3836,0.0,0.0,-2.5128,-2.5128,HOLD_CASH
2021-12-01,19,JPM,ZION,141.5146,53.5392,112.0924,22.7256,36.9791,9.0894,0.993,-0.0916,0.0,0.0,-2.5128,-2.5128,HOLD_CASH
2021-12-02,19,JPM,ZION,144.4904,54.9813,112.0924,22.7256,36.9791,9.0894,0.993,-0.2113,0.0,0.0,-2.5128,-2.5128,HOLD_CASH
2021-12-03,19,JPM,ZION,141.8732,53.1443,112.0924,22.7256,36.9791,9.0894,0.993,0.6092,0.0,0.0,-2.5128,-2.5128,HOLD_CASH
2021-12-06,19,JPM,ZION,143.5492,54.8268,112.0924,22.7256,36.9791,9.0894,0.993,-0.2808,0.0,0.0,-2.5128,-2.5128,HOLD_CASH
2021-12-07,19,JPM,ZION,145.7093,55.3161,112.0924,22.7256,36.9791,9.0894,0.993,0.2703,0.0,0.0,-2.5128,-2.5128,HOLD_CASH
2021-12-08,19,JPM,ZION,144.0422,54.389,112.0924,22.7256,36.9791,9.0894,0.993,0.7187,0.0,0.0,-2.5128,-2.5128,HOLD_CASH
2021-12-09,19,JPM,ZION,143.8181,54.0886,112.0924,22.7256,36.9791,9.0894,0.993,1.1824,0.0,0.0,-2.5128,-2.5128,HOLD_CASH
2021-12-10,19,JPM,ZION,143.2445,54.2602,112.0924,22.7256,36.9791,9.0894,0.993,0.6312,0.0,0.0,-2.5128,-2.5128,HOLD_CASH
2021-12-13,19,JPM,ZION,141.5415,52.5091,112.0924,22.7256,36.9791,9.0894,0.993,2.1353,-1.0,0.0,-2.5962,-2.5962,ENTER_SHORT_A
2021-12-14,19,JPM,ZION,142.6261,53.4534,112.0924,22.7256,36.9791,9.0894,0.993,1.2618,-1.0,0.3861,-2.5962,-2.2101,HOLDING
2021-12-15,19,JPM,ZION,141.5595,53.874,112.0924,22.7256,36.9791,9.0894,0.993,0.0208,0.0,0.0,-1.6475,-1.6475,EXIT
2021-12-16,19,JPM,ZION,143.7733,54.4834,112.0924,22.7256,36.9791,9.0894,0.993,0.3652,0.0,0.0,-1.6475,-1.6475,HOLD_CASH
2021-12-17,19,JPM,ZION,140.5019,52.5348,112.0924,22.7256,36.9791,9.0894,0.993,1.1949,0.0,0.0,-1.6475,-1.6475,HOLD_CASH
2021-12-20,19,JPM,ZION,137.9743,50.9897,112.0924,22.7256,36.9791,9.0894,0.993,1.8513,0.0,0.0,-1.6475,-1.6475,HOLD_CASH
2021-12-21,19,JPM,ZION,139.9013,52.9211,112.0924,22.7256,36.9791,9.0894,0.993,-0.0514,0.0,0.0,-1.6475,-1.6475,HOLD_CASH
2021-12-22,19,JPM,ZION,140.4481,53.1014,112.0924,22.7256,36.9791,9.0894,0.993,-0.05,0.0,0.0,-1.6475,-1.6475,HOLD_CASH
2021-12-23,19,JPM,ZION,140.95,53.5306,112.0924,22.7256,36.9791,9.0894,0.993,-0.5988,0.0,0.0,-1.6475,-1.6475,HOLD_CASH
2021-12-27,19,JPM,ZION,141.7567,54.0886,112.0924,22.7256,36.9791,9.0894,0.993,-1.0011,0.0,0.0,-1.6475,-1.6475,HOLD_CASH
2021-12-28,19,JPM,ZION,142.1869,54.1744,112.0924,22.7256,36.9791,9.0894,0.993,-0.9842,0.0,0.0,-1.6475,-1.6475,HOLD_CASH
2021-12-29,19,JPM,ZION,142.1152,54.4663,112.0924,22.7256,36.9791,9.0894,0.993,-1.5436,0.0,0.0,-1.6475,-1.6475,HOLD_CASH
2021-12-30,19,JPM,ZION,142.0434,54.1916,112.0924,22.7256,36.9791,9.0894,0.993,-0.9726,0.0,0.0,-1.6475,-1.6475,HOLD_CASH
2021-07-02,20,CMA,JPM,58.0846,139.0099,44.9359,12.0872,112.0924,22.7256,0.9929,0.0,0.0,0.0,0.0,0.0,HOLD_CASH
2021-07-06,20,CMA,JPM,55.9387,136.6757,44.9359,12.0872,112.0924,22.7256,0.9929,0.0,0.0,0.0,0.0,0.0,HOLD_CASH
2021-07-07,20,CMA,JPM,55.1209,136.836,44.9359,12.0872,112.0924,22.7256,0.9929,0.0,0.0,0.0,0.0,0.0,HOLD_CASH
2021-07-08,20,CMA,JPM,53.8414,134.4751,44.9359,12.0872,112.0924,22.7256,0.9929,0.0,0.0,0.0,0.0,0.0,HOLD_CASH
2021-07-09,20,CMA,JPM,56.0764,138.7783,44.9359,12.0872,112.0924,22.7256,0.9929,0.0,0.0,0.0,0.0,0.0,HOLD_CASH
2021-07-12,20,CMA,JPM,56.5136,140.765,44.9359,12.0872,112.0924,22.7256,0.9929,0.0,0.0,0.0,0.0,0.0,HOLD_CASH
2021-07-13,20,CMA,JPM,55.8253,138.6714,44.9359,12.0872,112.0924,22.7256,0.9929,0.0,0.0,0.0,0.0,0.0,HOLD_CASH
2021-07-14,20,CMA,JPM,55.5338,138.1992,44.9359,12.0872,112.0924,22.7256,0.9929,0.0,0.0,0.0,0.0,0.0,HOLD_CASH
2021-07-15,20,CMA,JPM,55.8901,138.5021,44.9359,12.0872,112.0924,22.7256,0.9929,0.0,0.0,0.0,0.0,0.0,HOLD_CASH
2021-07-16,20,CMA,JPM,53.9791,135.3393,44.9359,12.0872,112.0924,22.7256,0.9929,0.0,0.0,0.0,0.0,0.0,HOLD_CASH
2021-07-19,20,CMA,JPM,51.4445,130.9382,44.9359,12.0872,112.0924,22.7256,0.9929,0.0,0.0,0.0,0.0,0.0,HOLD_CASH
2021-07-20,20,CMA,JPM,53.1693,133.3793,44.9359,12.0872,112.0924,22.7256,0.9929,0.0,0.0,0.0,0.0,0.0,HOLD_CASH
2021-07-21,20,CMA,JPM,55.38,136.1857,44.9359,12.0872,112.0924,22.7256,0.9929,0.0,0.0,0.0,0.0,0.0,HOLD_CASH
2021-07-22,20,CMA,JPM,54.3516,134.4662,44.9359,12.0872,112.0924,22.7256,0.9929,0.0,0.0,0.0,0.0,0.0,HOLD_CASH
2021-07-23,20,CMA,JPM,54.2706,134.2079,44.9359,12.0872,112.0924,22.7256,0.9929,0.0,0.0,0.0,0.0,0.0,HOLD_CASH
2021-07-26,20,CMA,JPM,54.8617,135.1077,44.9359,12.0872,112.0924,22.7256,0.9929,0.0,0.0,0.0,0.0,0.0,HOLD_CASH
2021-07-27,20,CMA,JPM,54.7645,134.9295,44.9359,12.0872,112.0924,22.7256,0.9929,0.0,0.0,0.0,0.0,0.0,HOLD_CASH
2021-07-28,20,CMA,JPM,55.3881,135.1523,44.9359,12.0872,112.0924,22.7256,0.9929,0.0,0.0,0.0,0.0,0.0,HOLD_CASH
2021-07-29,20,CMA,JPM,56.1897,136.3104,44.9359,12.0872,112.0924,22.7256,0.9929,0.0,0.0,0.0,0.0,0.0,HOLD_CASH
2021-07-30,20,CMA,JPM,55.5986,135.2235,44.9359,12.0872,112.0924,22.7256,0.9929,1.3917,0.0,0.0,0.0,0.0,HOLD_CASH
2021-08-02,20,CMA,JPM,54.7888,134.6801,44.9359,12.0872,112.0924,22.7256,0.9929,0.8124,0.0,0.0,0.0,0.0,HOLD_CASH
2021-08-03,20,CMA,JPM,56.1735,136.2124,44.9359,12.0872,112.0924,22.7256,0.9929,1.6094,0.0,0.0,0.0,0.0,HOLD_CASH
2021-08-04,20,CMA,JPM,55.6472,134.7424,44.9359,12.0872,112.0924,22.7256,0.9929,1.7173,0.0,0.0,0.0,0.0,HOLD_CASH
2021-08-05,20,CMA,JPM,56.7647,136.4441,44.9359,12.0872,112.0924,22.7256,0.9929,1.7431,0.0,0.0,0.0,0.0,HOLD_CASH
2021-08-06,20,CMA,JPM,58.5057,140.3195,44.9359,12.0872,112.0924,22.7256,0.9929,1.2117,0.0,0.0,0.0,0.0,HOLD_CASH
2021-08-09,20,CMA,JPM,58.2951,140.1681,44.9359,12.0872,112.0924,22.7256,0.9929,0.9618,0.0,0.0,0.0,0.0,HOLD_CASH
2021-08-10,20,CMA,JPM,59.4207,141.8876,44.9359,12.0872,112.0924,22.7256,0.9929,1.1325,0.0,0.0,0.0,0.0,HOLD_CASH
2021-08-11,20,CMA,JPM,60.6435,143.5803,44.9359,12.0872,112.0924,22.7256,0.9929,1.4206,0.0,0.0,0.0,0.0,HOLD_CASH
2021-08-12,20,CMA,JPM,61.1374,144.1416,44.9359,12.0872,112.0924,22.7256,0.9929,1.5084,0.0,0.0,0.0,0.0,HOLD_CASH
2021-08-13,20,CMA,JPM,60.6921,142.5291,44.9359,12.0872,112.0924,22.7256,0.9929,1.8353,0.0,0.0,0.0,0.0,HOLD_CASH
2021-08-16,20,CMA,JPM,60.0523,141.5936,44.9359,12.0872,112.0924,22.7256,0.9929,1.5821,0.0,0.0,0.0,0.0,HOLD_CASH
2021-08-17,20,CMA,JPM,58.7162,139.883,44.9359,12.0872,112.0924,22.7256,0.9929,0.9109,0.0,0.0,0.0,0.0,HOLD_CASH
2021-08-18,20,CMA,JPM,58.198,138.609,44.9359,12.0872,112.0924,22.7256,0.9929,1.0479,0.0,0.0,0.0,0.0,HOLD_CASH
2021-08-19,20,CMA,JPM,57.4206,137.4508,44.9359,12.0872,112.0924,22.7256,0.9929,0.7076,0.0,0.0,0.0,0.0,HOLD_CASH
2021-08-20,20,CMA,JPM,57.7202,137.8428,44.9359,12.0872,112.0924,22.7256,0.9929,0.7902,0.0,0.0,0.0,0.0,HOLD_CASH
2021-08-23,20,CMA,JPM,58.7567,139.6068,44.9359,12.0872,112.0924,22.7256,0.9929,0.9073,0.0,0.0,0.0,0.0,HOLD_CASH
2021-08-24,20,CMA,JPM,59.6393,140.471,44.9359,12.0872,112.0924,22.7256,0.9929,1.6404,0.0,0.0,0.0,0.0,HOLD_CASH
2021-08-25,20,CMA,JPM,60.9107,143.3665,44.9359,12.0872,112.0924,22.7256,0.9929,1.0078,0.0,0.0,0.0,0.0,HOLD_CASH
2021-08-26,20,CMA,JPM,59.9795,144.106,44.9359,12.0872,112.0924,22.7256,0.9929,-1.6769,0.0,0.0,0.0,0.0,HOLD_CASH
2021-08-27,20,CMA,JPM,61.2427,145.2642,44.9359,12.0872,112.0924,22.7256,0.9929,-0.4066,0.0,0.0,0.0,0.0,HOLD_CASH
2021-08-30,20,CMA,JPM,59.5422,142.9388,44.9359,12.0872,112.0924,22.7256,0.9929,-1.5529,0.0,0.0,0.0,0.0,HOLD_CASH
2021-08-31,20,CMA,JPM,59.8499,142.5023,44.9359,12.0872,112.0924,22.7256,0.9929,-0.3909,0.0,0.0,0.0,0.0,HOLD_CASH
2021-09-01,20,CMA,JPM,58.6838,142.2974,44.9359,12.0872,112.0924,22.7256,0.9929,-2.3253,1.0,0.0,-0.0833,-0.0833,ENTER_LONG_A
2021-09-02,20,CMA,JPM,58.8944,142.9567,44.9359,12.0872,112.0924,22.7256,0.9929,-2.1339,1.0,-0.0857,-0.0833,-0.169,HOLDING
2021-09-03,20,CMA,JPM,58.5543,142.0925,44.9359,12.0872,112.0924,22.7256,0.9929,-1.7106,1.0,-0.0133,-0.0833,-0.0966,HOLDING
2021-09-07,20,CMA,JPM,58.9996,141.8431,44.9359,12.0872,112.0924,22.7256,0.9929,-0.7826,1.0,0.3461,-0.0833,0.2627,HOLDING
2021-09-08,20,CMA,JPM,58.3923,141.2105,44.9359,12.0872,112.0924,22.7256,0.9929,-1.1157,1.0,0.1759,-0.0833,0.0926,HOLDING
2021-09-09,20,CMA,JPM,59.2102,141.8252,44.9359,12.0872,112.0924,22.7256,0.9929,-0.3373,0.0,0.0,0.3162,0.3162,EXIT
2021-09-10,20,CMA,JPM,58.9511,140.1948,44.9359,12.0872,112.0924,22.7256,0.9929,0.5782,0.0,0.0,0.3162,0.3162,HOLD_CASH
2021-09-13,20,CMA,JPM,60.0766,142.4221,44.9359,12.0872,112.0924,22.7256,0.9929,0.5683,0.0,0.0,0.3162,0.3162,HOLD_CASH
2021-09-14,20,CMA,JPM,58.4421,139.9364,44.9359,12.0872,112.0924,22.7256,0.9929,0.1233,0.0,0.0,0.3162,0.3162,HOLD_CASH
2021-09-15,20,CMA,JPM,59.8805,140.9075,44.9359,12.0872,112.0924,22.7256,0.9929,1.5092,0.0,0.0,0.3162,0.3162,HOLD_CASH
2021-09-16,20,CMA,JPM,60.2809,140.8452,44.9359,12.0872,112.0924,22.7256,0.9929,1.9186,0.0,0.0,0.3162,0.3162,HOLD_CASH
2021-09-17,20,CMA,JPM,60.5343,140.4799,44.9359,12.0872,112.0924,22.7256,0.9929,2.1248,-1.0,0.0,0.2328,0.2328,ENTER_SHORT_A
2021-09-20,20,CMA,JPM,58.818,136.2748,44.9359,12.0872,112.0924,22.7256,0.9929,2.2406,-1.0,-0.312,0.2328,-0.0792,HOLDING
2021-09-21,20,CMA,JPM,58.2868,136.2926,44.9359,12.0872,112.0924,22.7256,0.9929,1.5065,-1.0,0.0224,0.2328,0.2552,HOLDING
2021-09-22,20,CMA,JPM,60.1257,138.903,44.9359,12.0872,112.0924,22.7256,0.9929,1.7485,-1.0,-0.2624,0.2328,-0.0295,HOLDING
2021-09-23,20,CMA,JPM,63.0678,143.5981,44.9359,12.0872,112.0924,22.7256,0.9929,1.8696,-1.0,-0.5485,0.2328,-0.3157,HOLDING
2021-09-24,20,CMA,JPM,64.1057,145.2552,44.9359,12.0872,112.0924,22.7256,0.9929,1.7341,-1.0,-0.6492,0.2328,-0.4164,HOLDING
2021-09-27,20,CMA,JPM,66.9498,148.7654,44.9359,12.0872,112.0924,22.7256,0.9929,2.0601,-1.0,-1.2618,0.2328,-1.029,HOLDING
2021-09-28,20,CMA,JPM,66.6882,147.9637,44.9359,12.0872,112.0924,22.7256,0.9929,1.853,-1.0,-1.3619,0.2328,-1.1291,HOLDING
2021-09-29,20,CMA,JPM,67.4401,147.8478,44.9359,12.0872,112.0924,22.7256,0.9929,1.9731,-1.0,-1.8649,0.2328,-1.632,HOLDING
2021-09-30,20,CMA,JPM,65.7893,145.8343,44.9359,12.0872,112.0924,22.7256,0.9929,1.4754,-1.0,-1.5014,0.2328,-1.2686,HOLDING
2021-10-01,20,CMA,JPM,67.481,148.8991,44.9359,12.0872,112.0924,22.7256,0.9929,1.374,-1.0,-1.5467,0.2328,-1.3139,HOLDING
2021-10-04,20,CMA,JPM,67.8079,148.7387,44.9359,12.0872,112.0924,22.7256,0.9929,1.4504,-1.0,-1.8013,0.2328,-1.5685,HOLDING
2021-10-05,20,CMA,JPM,68.7232,151.1677,44.9359,12.0872,112.0924,22.7256,0.9929,1.1388,-1.0,-1.5741,0.2328,-1.3412,HOLDING
2021-10-06,20,CMA,JPM,68.5434,151.4903,44.9359,12.0872,112.0924,22.7256,0.9929,0.8666,-1.0,-1.3575,0.2328,-1.1246,HOLDING
2021-10-07,20,CMA,JPM,68.7722,152.4493,44.9359,12.0872,112.0924,22.7256,0.9929,0.6274,-1.0,-1.1857,0.2328,-0.9529,HOLDING
2021-10-08,20,CMA,JPM,68.8376,152.5658,44.9359,12.0872,112.0924,22.7256,0.9929,0.5546,-1.0,-1.1881,0.2328,-0.9553,HOLDING
2021-10-11,20,CMA,JPM,68.2165,149.3572,44.9359,12.0872,112.0924,22.7256,0.9929,1.1828,-1.0,-1.8521,0.2328,-1.6192,HOLDING
2021-10-12,20,CMA,JPM,68.3636,148.2099,44.9359,12.0872,112.0924,22.7256,0.9929,1.6387,-1.0,-2.3178,0.2328,-2.085,HOLDING
2021-10-13,20,CMA,JPM,67.3666,144.3021,44.9359,12.0872,112.0924,22.7256,0.9929,2.1504,-1.0,-2.9776,0.2328,-2.7448,HOLDING
2021-10-14,20,CMA,JPM,67.3829,146.5159,44.9359,12.0872,112.0924,22.7256,0.9929,1.2087,-1.0,-2.2645,0.2328,-2.0317,HOLDING
2021-10-15,20,CMA,JPM,67.8324,149.3303,44.9359,12.0872,112.0924,22.7256,0.9929,0.3362,0.0,0.0,-1.4811,-1.4811,EXIT
2021-10-18,20,CMA,JPM,68.4862,149.2765,44.9359,12.0872,112.0924,22.7256,0.9929,0.8159,0.0,0.0,-1.4811,-1.4811,HOLD_CASH
2021-10-19,20,CMA,JPM,68.6824,151.087,44.9359,12.0872,112.0924,22.7256,0.9929,0.0591,0.0,0.0,-1.4811,-1.4811,HOLD_CASH
2021-10-20,20,CMA,JPM,71.0442,153.1216,44.9359,12.0872,112.0924,22.7256,0.9929,1.2565,0.0,0.0,-1.4811,-1.4811,HOLD_CASH
2021-10-21,20,CMA,JPM,70.8399,151.9205,44.9359,12.0872,112.0924,22.7256,0.9929,1.5895,0.0,0.0,-1.4811,-1.4811,HOLD_CASH
2021-10-22,20,CMA,JPM,72.2374,153.9641,44.9359,12.0872,112.0924,22.7256,0.9929,1.7864,0.0,0.0,-1.4811,-1.4811,HOLD_CASH
2021-10-25,20,CMA,JPM,72.4989,153.2112,44.9359,12.0872,112.0924,22.7256,0.9929,2.1106,-1.0,0.0,-1.5645,-1.5645,ENTER_SHORT_A
2021-10-26,20,CMA,JPM,71.6081,153.6235,44.9359,12.0872,112.0924,22.7256,0.9929,0.8912,-1.0,0.6022,-1.5645,-0.9623,HOLDING
2021-10-27,20,CMA,JPM,69.2054,150.4237,44.9359,12.0872,112.0924,22.7256,0.9929,0.1436,0.0,0.0,-0.6558,-0.6558,EXIT
2021-10-28,20,CMA,JPM,70.0553,152.6914,44.9359,12.0872,112.0924,22.7256,0.9929,-0.2491,0.0,0.0,-0.6558,-0.6558,HOLD_CASH
2021-10-29,20,CMA,JPM,69.5405,152.2701,44.9359,12.0872,112.0924,22.7256,0.9929,-0.5744,0.0,0.0,-0.6558,-0.6558,HOLD_CASH
2021-11-01,20,CMA,JPM,71.3221,152.1894,44.9359,12.0872,112.0924,22.7256,0.9929,1.2112,0.0,0.0,-0.6558,-0.6558,HOLD_CASH
2021-11-02,20,CMA,JPM,71.2731,152.7899,44.9359,12.0872,112.0924,22.7256,0.9929,0.7582,0.0,0.0,-0.6558,-0.6558,HOLD_CASH
2021-11-03,20,CMA,JPM,73.308,152.8437,44.9359,12.0872,112.0924,22.7256,0.9929,2.2999,-1.0,0.0,-0.7391,-0.7391,ENTER_SHORT_A
2021-11-04,20,CMA,JPM,71.6408,150.836,44.9359,12.0872,112.0924,22.7256,0.9929,1.5872,-1.0,0.3284,-0.7391,-0.4107,HOLDING
2021-11-05,20,CMA,JPM,71.5509,150.6209,44.9359,12.0872,112.0924,22.7256,0.9929,1.4846,-1.0,0.3156,-0.7391,-0.4235,HOLDING
2021-11-08,20,CMA,JPM,71.837,151.5262,44.9359,12.0872,112.0924,22.7256,0.9929,1.1767,-1.0,0.4194,-0.7391,-0.3196,HOLDING
2021-11-09,20,CMA,JPM,71.5509,150.3789,44.9359,12.0872,112.0924,22.7256,0.9929,1.3161,-1.0,0.2464,-0.7391,-0.4927,HOLDING
2021-11-10,20,CMA,JPM,72.2538,150.2355,44.9359,12.0872,112.0924,22.7256,0.9929,1.7619,-1.0,-0.1748,-0.7391,-0.9139,HOLDING
2021-11-11,20,CMA,JPM,72.7686,150.2266,44.9359,12.0872,112.0924,22.7256,0.9929,1.8554,-1.0,-0.4559,-0.7391,-1.195,HOLDING
2021-11-12,20,CMA,JPM,72.5398,149.5543,44.9359,12.0872,112.0924,22.7256,0.9929,1.7249,-1.0,-0.5242,-0.7391,-1.2633,HOLDING
2021-11-15,20,CMA,JPM,73.21,149.2854,44.9359,12.0872,112.0924,22.7256,0.9929,1.9553,-1.0,-0.9636,-0.7391,-1.7027,HOLDING
2021-11-16,20,CMA,JPM,73.4796,148.2099,44.9359,12.0872,112.0924,22.7256,0.9929,2.1416,-1.0,-1.4168,-0.7391,-2.1559,HOLDING
2021-11-17,20,CMA,JPM,72.8259,147.4122,44.9359,12.0872,112.0924,22.7256,0.9929,1.7337,-1.0,-1.291,-0.7391,-2.0301,HOLDING
2021-11-18,20,CMA,JPM,72.9893,146.1395,44.9359,12.0872,112.0924,22.7256,0.9929,1.8774,-1.0,-1.7431,-0.7391,-2.4822,HOLDING
2021-11-19,20,CMA,JPM,71.8615,144.2304,44.9359,12.0872,112.0924,22.7256,0.9929,1.5882,-1.0,-1.6784,-0.7391,-2.4175,HOLDING
2021-11-22,20,CMA,JPM,72.9648,147.3046,44.9359,12.0872,112.0924,22.7256,0.9929,1.2031,-1.0,-1.3969,-0.7391,-2.136,HOLDING
2021-11-23,20,CMA,JPM,74.0191,150.8271,44.9359,12.0872,112.0924,22.7256,0.9929,0.7445,-1.0,-0.9609,-0.7391,-1.7,HOLDING
2021-11-24,20,CMA,JPM,73.97,149.644,44.9359,12.0872,112.0924,22.7256,0.9929,0.9274,-1.0,-1.2724,-0.7391,-2.0115,HOLDING
2021-11-26,20,CMA,JPM,69.6794,145.1357,44.9359,12.0872,112.0924,22.7256,0.9929,-0.1088,0.0,0.0,-1.0574,-1.0574,EXIT
2021-11-29,20,CMA,JPM,69.7284,144.5082,44.9359,12.0872,112.0924,22.7256,0.9929,-0.0223,0.0,0.0,-1.0574,-1.0574,HOLD_CASH
2021-11-30,20,CMA,JPM,67.4483,142.3571,44.9359,12.0872,112.0924,22.7256,0.9929,-0.8346,0.0,0.0,-1.0574,-1.0574,HOLD_CASH
2021-12-01,20,CMA,JPM,65.9118,141.5146,44.9359,12.0872,112.0924,22.7256,0.9929,-1.6485,0.0,0.0,-1.0574,-1.0574,HOLD_CASH
2021-12-02,20,CMA,JPM,69.1564,144.4904,44.9359,12.0872,112.0924,22.7256,0.9929,-0.4948,0.0,0.0,-1.0574,-1.0574,HOLD_CASH
2021-12-03,20,CMA,JPM,66.9416,141.8732,44.9359,12.0872,112.0924,22.7256,0.9929,-1.0807,0.0,0.0,-1.0574,-1.0574,HOLD_CASH
2021-12-06,20,CMA,JPM,68.4535,143.5492,44.9359,12.0872,112.0924,22.7256,0.9929,-0.6775,0.0,0.0,-1.0574,-1.0574,HOLD_CASH
2021-12-07,20,CMA,JPM,69.9246,145.7093,44.9359,12.0872,112.0924,22.7256,0.9929,-0.502,0.0,0.0,-1.0574,-1.0574,HOLD_CASH
2021-12-08,20,CMA,JPM,69.1237,144.0422,44.9359,12.0872,112.0924,22.7256,0.9929,-0.4915,0.0,0.0,-1.0574,-1.0574,HOLD_CASH
2021-12-09,20,CMA,JPM,68.5189,143.8181,44.9359,12.0872,112.0924,22.7256,0.9929,-0.8433,0.0,0.0,-1.0574,-1.0574,HOLD_CASH
2021-12-10,20,CMA,JPM,69.0828,143.2445,44.9359,12.0872,112.0924,22.7256,0.9929,-0.1842,0.0,0.0,-1.0574,-1.0574,HOLD_CASH
2021-12-13,20,CMA,JPM,66.9743,141.5415,44.9359,12.0872,112.0924,22.7256,0.9929,-1.0223,0.0,0.0,-1.0574,-1.0574,HOLD_CASH
2021-12-14,20,CMA,JPM,69.0016,142.6261,44.9359,12.0872,112.0924,22.7256,0.9929,0.0777,0.0,0.0,-1.0574,-1.0574,HOLD_CASH
2021-12-15,20,CMA,JPM,70.1058,141.5595,44.9359,12.0872,112.0924,22.7256,0.9929,1.3054,0.0,0.0,-1.0574,-1.0574,HOLD_CASH
2021-12-16,20,CMA,JPM,71.787,143.7733,44.9359,12.0872,112.0924,22.7256,0.9929,1.5802,0.0,0.0,-1.0574,-1.0574,HOLD_CASH
2021-12-17,20,CMA,JPM,69.0098,140.5019,44.9359,12.0872,112.0924,22.7256,0.9929,0.9152,0.0,0.0,-1.0574,-1.0574,HOLD_CASH
2021-12-20,20,CMA,JPM,67.4852,137.9743,44.9359,12.0872,112.0924,22.7256,0.9929,0.8582,0.0,0.0,-1.0574,-1.0574,HOLD_CASH
2021-12-21,20,CMA,JPM,69.8751,139.9013,44.9359,12.0872,112.0924,22.7256,0.9929,1.8046,0.0,0.0,-1.0574,-1.0574,HOLD_CASH
2021-12-22,20,CMA,JPM,69.9987,140.4481,44.9359,12.0872,112.0924,22.7256,0.9929,1.5332,0.0,0.0,-1.0574,-1.0574,HOLD_CASH
2021-12-23,20,CMA,JPM,70.2954,140.95,44.9359,12.0872,112.0924,22.7256,0.9929,1.4641,0.0,0.0,-1.0574,-1.0574,HOLD_CASH
2021-12-27,20,CMA,JPM,71.3667,141.7567,44.9359,12.0872,112.0924,22.7256,0.9929,1.6504,0.0,0.0,-1.0574,-1.0574,HOLD_CASH
2021-12-28,20,CMA,JPM,71.4656,142.1869,44.9359,12.0872,112.0924,22.7256,0.9929,1.3987,0.0,0.0,-1.0574,-1.0574,HOLD_CASH
2021-12-29,20,CMA,JPM,72.1826,142.1152,44.9359,12.0872,112.0924,22.7256,0.9929,1.6198,0.0,0.0,-1.0574,-1.0574,HOLD_CASH
2021-12-30,20,CMA,JPM,71.7129,142.0434,44.9359,12.0872,112.0924,22.7256,0.9929,1.2756,0.0,0.0,-1.0574,-1.0574,HOLD_CASH
