Date,Pair_Rank,Ticker_A,Ticker_B,Price_A,Price_B,ZScore,Position,Unrealized_PnL,Realized_PnL,Cumulative_PnL,Status
2010-07-06,1,EVRG,WEC,11.7911,15.3198,0.0,0,0.0,0.0,0.0,HOLD_CASH
2010-07-07,1,EVRG,WEC,12.14,15.7343,0.0,0,0.0,0.0,0.0,HOLD_CASH
2010-07-08,1,EVRG,WEC,12.2708,15.8,0.0,0,0.0,0.0,0.0,HOLD_CASH
2010-07-09,1,EVRG,WEC,12.3798,15.8328,0.0,0,0.0,0.0,0.0,HOLD_CASH
2010-07-12,1,EVRG,WEC,12.4616,15.8775,0.0,0,0.0,0.0,0.0,HOLD_CASH
2010-07-13,1,EVRG,WEC,12.5543,15.9998,0.0,0,0.0,0.0,0.0,HOLD_CASH
2010-07-14,1,EVRG,WEC,12.6033,16.0296,0.0,0,0.0,0.0,0.0,HOLD_CASH
2010-07-15,1,EVRG,WEC,12.7069,16.0743,0.0,0,0.0,0.0,0.0,HOLD_CASH
2010-07-16,1,EVRG,WEC,12.4562,15.7642,0.0,0,0.0,0.0,0.0,HOLD_CASH
2010-07-19,1,EVRG,WEC,12.6415,16.0385,0.0,0,0.0,0.0,0.0,HOLD_CASH
2010-07-20,1,EVRG,WEC,12.7451,16.2026,0.0,0,0.0,0.0,0.0,HOLD_CASH
2010-07-21,1,EVRG,WEC,12.5925,15.9252,0.0,0,0.0,0.0,0.0,HOLD_CASH
2010-07-22,1,EVRG,WEC,12.8159,16.2533,0.0,0,0.0,0.0,0.0,HOLD_CASH
2010-07-23,1,EVRG,WEC,12.9141,16.4113,0.0,0,0.0,0.0,0.0,HOLD_CASH
2010-07-26,1,EVRG,WEC,13.1321,16.4769,0.0,0,0.0,0.0,0.0,HOLD_CASH
2010-07-27,1,EVRG,WEC,13.3447,16.6052,0.0,0,0.0,0.0,0.0,HOLD_CASH
2010-07-28,1,EVRG,WEC,13.2302,16.5097,0.0,0,0.0,0.0,0.0,HOLD_CASH
2010-07-29,1,EVRG,WEC,13.143,16.3517,0.0,0,0.0,0.0,0.0,HOLD_CASH
2010-07-30,1,EVRG,WEC,13.0176,16.1877,0.0,0,0.0,0.0,0.0,HOLD_CASH
2010-08-02,1,EVRG,WEC,13.2139,16.5127,1.0705,0,0.0,0.0,0.0,HOLD_CASH
2010-08-03,1,EVRG,WEC,13.1594,16.4352,1.0503,0,0.0,0.0,0.0,HOLD_CASH
2010-08-04,1,EVRG,WEC,13.1921,16.465,1.0555,0,0.0,0.0,0.0,HOLD_CASH
2010-08-05,1,EVRG,WEC,13.3175,16.5396,1.4257,0,0.0,0.0,0.0,HOLD_CASH
2010-08-06,1,EVRG,WEC,13.263,16.6529,0.257,0,0.0,0.0,0.0,HOLD_CASH
2010-08-09,1,EVRG,WEC,13.3338,16.6857,0.5417,0,0.0,0.0,0.0,HOLD_CASH
2010-08-10,1,EVRG,WEC,13.3502,16.7364,0.2653,0,0.0,0.0,0.0,HOLD_CASH
2010-08-11,1,EVRG,WEC,13.0013,16.5772,-1.6856,0,0.0,0.0,0.0,HOLD_CASH
2010-08-12,1,EVRG,WEC,12.865,16.5351,-2.1939,1,0.0,-0.5,-0.5,ENTER_LONG_A
2010-08-13,1,EVRG,WEC,13.0013,16.5862,-1.3452,1,1.8764,-0.5,1.3764,HOLDING
2010-08-16,1,EVRG,WEC,12.9849,16.6282,-1.5768,1,0.9228,-0.5,0.4228,HOLDING
2010-08-17,1,EVRG,WEC,13.1158,16.8415,-1.6745,1,0.2408,-0.5,-0.2592,HOLDING
2010-08-18,1,EVRG,WEC,12.9686,16.8745,-2.28,1,-3.1189,-0.5,-3.6189,HOLDING
2010-08-19,1,EVRG,WEC,12.805,16.6883,-2.0277,1,-3.4812,-0.5,-3.9812,HOLDING
2010-08-20,1,EVRG,WEC,12.7669,16.7093,-1.9648,1,-4.5406,-0.5,-5.0406,HOLDING
2010-08-23,1,EVRG,WEC,12.8323,16.7304,-1.5328,1,-3.5875,-0.5,-4.0875,HOLDING
2010-08-24,1,EVRG,WEC,12.8432,16.7754,-1.45,1,-4.0569,-0.5,-4.5569,HOLDING
2010-08-25,1,EVRG,WEC,12.8814,16.7814,-1.1833,1,-3.406,-0.5,-3.906,HOLDING
2010-08-26,1,EVRG,WEC,12.8814,16.6403,-0.6733,1,-1.2715,-0.5,-1.7715,HOLDING
2010-08-27,1,EVRG,WEC,13.0994,16.9767,-0.7604,1,-2.1205,-0.5,-2.6205,HOLDING
2010-08-30,1,EVRG,WEC,12.9631,16.7154,-0.4161,1,-0.8179,-0.5,-1.3179,HOLDING
2010-08-31,1,EVRG,WEC,13.0667,16.7424,0.015,1,0.786,-0.5,0.286,HOLDING
2010-09-01,1,EVRG,WEC,13.3066,17.1148,-0.1323,1,-0.1841,-0.5,-0.6841,HOLDING
2010-09-02,1,EVRG,WEC,13.2848,17.1238,-0.1754,1,-0.744,-0.5,-1.244,HOLDING
2010-09-03,1,EVRG,WEC,13.3066,17.235,-0.4576,1,-2.0006,-0.5,-2.5006,HOLDING
2010-09-07,1,EVRG,WEC,13.2293,17.1329,-0.3684,1,-1.9587,-0.5,-2.4587,HOLDING
2010-09-08,1,EVRG,WEC,13.152,17.0127,-0.1359,1,-1.6443,-0.5,-2.1443,HOLDING
2010-09-09,1,EVRG,WEC,13.2955,17.1419,0.3871,1,-0.8075,-0.5,-1.3075,HOLDING
2010-09-10,1,EVRG,WEC,13.3342,17.1629,0.635,1,-0.3744,-0.5,-0.8744,HOLDING
2010-09-13,1,EVRG,WEC,13.4115,17.3251,0.2395,1,-1.3244,-0.5,-1.8244,HOLDING
2010-09-14,1,EVRG,WEC,13.3894,17.3551,-0.2085,1,-2.2078,-0.5,-2.7078,HOLDING
2010-09-15,1,EVRG,WEC,13.2348,17.22,-0.7648,1,-3.1685,-0.5,-3.6685,HOLDING
2010-09-16,1,EVRG,WEC,13.0857,17.1148,-1.544,1,-4.476,-0.5,-4.976,HOLDING
2010-09-17,1,EVRG,WEC,13.0857,17.0157,-0.6101,1,-2.9775,-0.5,-3.4775,HOLDING
2010-09-20,1,EVRG,WEC,13.2955,17.4573,-2.1024,1,-5.576,-0.5,-6.076,HOLDING
2010-09-21,1,EVRG,WEC,13.2679,17.3401,-1.3102,1,-4.3414,-0.5,-4.8414,HOLDING
2010-09-22,1,EVRG,WEC,13.2513,17.3762,-1.7173,1,-5.2083,-0.5,-5.7083,HOLDING
2010-09-23,1,EVRG,WEC,13.1299,17.1299,-0.943,1,-3.8447,-0.5,-4.3447,HOLDING
2010-09-24,1,EVRG,WEC,13.2955,17.4452,-1.5641,1,-5.3943,-0.5,-5.8943,HOLDING
2010-09-27,1,EVRG,WEC,13.3397,17.4392,-0.9722,1,-4.445,-0.5,-4.945,HOLDING
2010-09-28,1,EVRG,WEC,13.3839,17.5594,-1.2989,1,-5.4032,-0.5,-5.9032,HOLDING
2010-09-29,1,EVRG,WEC,13.3839,17.4002,-0.012,1,-2.9963,-0.5,-3.4963,HOLDING
2010-09-30,1,EVRG,WEC,13.3783,17.3611,0.3396,1,-2.5132,-0.5,-3.0132,HOLDING
2010-10-01,1,EVRG,WEC,13.5274,17.4993,0.8846,1,-1.7054,-0.5,-2.2054,HOLDING
2010-10-04,1,EVRG,WEC,13.4833,17.3882,1.2986,1,-0.8832,-0.5,-1.3832,HOLDING
2010-10-05,1,EVRG,WEC,13.6599,17.5924,1.3975,1,-0.5379,-0.5,-1.0379,HOLDING
2010-10-06,1,EVRG,WEC,13.5605,17.4753,1.2418,1,-0.6981,-0.5,-1.1981,HOLDING
2010-10-07,1,EVRG,WEC,13.5219,17.4663,0.9339,1,-1.313,-0.5,-1.813,HOLDING
2010-10-08,1,EVRG,WEC,13.6213,17.4873,1.7499,1,0.3004,-0.5,-0.1996,HOLDING
2010-10-11,1,EVRG,WEC,13.682,17.4813,2.0892,1,1.5714,-0.5,1.0714,HOLDING
2010-10-12,1,EVRG,WEC,13.5882,17.4122,1.5415,1,0.7918,-0.5,0.2918,HOLDING
2010-10-13,1,EVRG,WEC,13.6102,17.4573,1.2845,1,0.5399,-0.5,0.0399,HOLDING
2010-10-14,1,EVRG,WEC,13.5882,17.4362,1.1164,1,0.4286,-0.5,-0.0714,HOLDING
2010-10-15,1,EVRG,WEC,13.6655,17.5924,0.6956,1,-0.4306,-0.5,-0.9306,HOLDING
2010-10-18,1,EVRG,WEC,13.7372,17.6405,0.8838,1,0.2374,-0.5,-0.2626,HOLDING
2010-10-19,1,EVRG,WEC,13.7427,17.6225,0.9474,1,0.6172,-0.5,0.1172,HOLDING
2010-10-20,1,EVRG,WEC,13.8808,17.8898,0.287,1,-0.7422,-0.5,-1.2422,HOLDING
2010-10-21,1,EVRG,WEC,13.7648,17.8898,-0.7987,1,-2.9955,-0.5,-3.4955,HOLDING
2010-10-22,1,EVRG,WEC,13.7593,17.8688,-0.8516,1,-2.7847,-0.5,-3.2847,HOLDING
2010-10-25,1,EVRG,WEC,13.7704,17.8898,-1.0164,1,-2.8881,-0.5,-3.3881,HOLDING
2010-10-26,1,EVRG,WEC,13.7648,17.9018,-1.4505,1,-3.177,-0.5,-3.677,HOLDING
2010-10-27,1,EVRG,WEC,13.8035,17.7967,0.0133,1,-0.8364,-0.5,-1.3364,HOLDING
2010-10-28,1,EVRG,WEC,13.9581,17.9288,0.6359,1,0.1695,-0.5,-0.3305,HOLDING
2010-10-29,1,EVRG,WEC,13.9691,17.8838,1.147,1,1.0655,-0.5,0.5655,HOLDING
2010-11-01,1,EVRG,WEC,13.9691,17.9108,0.7947,1,0.6568,-0.5,0.1568,HOLDING
2010-11-02,1,EVRG,WEC,14.063,17.9859,1.1513,1,1.3454,-0.5,0.8454,HOLDING
2010-11-03,1,EVRG,WEC,13.9526,17.8718,0.8121,1,0.9252,-0.5,0.4252,HOLDING
2010-11-04,1,EVRG,WEC,14.1016,18.0219,1.0908,1,1.5514,-0.5,1.0514,HOLDING
2010-11-05,1,EVRG,WEC,14.1072,18.1691,-0.2106,1,-0.5664,-0.5,-1.0664,HOLDING
2010-11-08,1,EVRG,WEC,14.0409,17.9889,0.7342,1,0.8707,-0.5,0.3707,HOLDING
2010-11-09,1,EVRG,WEC,13.8863,17.8286,0.3812,1,0.2895,-0.5,-0.2105,HOLDING
2010-11-10,1,EVRG,WEC,13.8753,17.877,-0.2034,1,-0.6564,-0.5,-1.1564,HOLDING
2010-11-11,1,EVRG,WEC,13.7317,17.9587,-2.2979,1,-4.6806,-0.5,-5.1806,HOLDING
2010-11-12,1,EVRG,WEC,13.6655,17.871,-1.9328,1,-4.6422,-0.5,-5.1422,HOLDING
2010-11-15,1,EVRG,WEC,13.925,17.9526,0.0209,1,-0.8338,-0.5,-1.3338,HOLDING
2010-11-16,1,EVRG,WEC,13.7207,17.7349,-0.2799,1,-1.5119,-0.5,-2.0119,HOLDING
2010-11-17,1,EVRG,WEC,13.7924,17.7833,0.0673,1,-0.8487,-0.5,-1.3487,HOLDING
2010-11-18,1,EVRG,WEC,13.9139,17.9284,0.0992,1,-0.6826,-0.5,-1.1826,HOLDING
2010-11-19,1,EVRG,WEC,13.8366,18.0978,-1.8403,1,-4.745,-0.5,-5.245,HOLDING
2010-11-22,1,EVRG,WEC,13.9305,18.2248,-1.713,1,-4.8411,-0.5,-5.3411,HOLDING
2010-11-23,1,EVRG,WEC,13.925,18.0494,-0.5931,1,-2.2969,-0.5,-2.7969,HOLDING
2010-11-24,1,EVRG,WEC,14.0023,18.2369,-1.0967,1,-3.6293,-0.5,-4.1293,HOLDING
2010-11-26,1,EVRG,WEC,13.9084,18.2036,-1.494,1,-4.9504,-0.5,-5.4504,HOLDING
2010-11-29,1,EVRG,WEC,13.809,18.1431,-1.6928,1,-5.9673,-0.5,-6.4673,HOLDING
2010-11-30,1,EVRG,WEC,13.7538,18.2097,-2.1026,1,-8.0461,-0.5,-8.5461,HOLDING
2010-12-01,1,EVRG,WEC,13.9139,18.2248,-0.958,1,-5.163,-0.5,-5.663,HOLDING
2010-12-02,1,EVRG,WEC,13.9912,18.1673,-0.0251,1,-2.7922,-0.5,-3.2922,HOLDING
2010-12-03,1,EVRG,WEC,13.9746,18.2338,-0.4544,1,-4.12,-0.5,-4.62,HOLDING
2010-12-06,1,EVRG,WEC,13.9967,18.1159,0.4905,1,-1.9078,-0.5,-2.4078,HOLDING
2010-12-07,1,EVRG,WEC,13.8234,17.9587,0.153,1,-2.8977,-0.5,-3.3977,HOLDING
2010-12-08,1,EVRG,WEC,13.762,17.7409,1.1883,1,-0.8008,-0.5,-1.3008,HOLDING
2010-12-09,1,EVRG,WEC,13.7676,17.75,1.1856,1,-0.8293,-0.5,-1.3293,HOLDING
2010-12-10,1,EVRG,WEC,13.9297,17.8044,1.947,1,1.4978,-0.5,0.9978,HOLDING
2010-12-13,1,EVRG,WEC,14.0247,17.8831,1.8908,1,2.1556,-0.5,1.6556,HOLDING
2010-12-14,1,EVRG,WEC,14.1197,17.9133,2.0759,1,3.5452,-0.5,3.0452,HOLDING
2010-12-15,1,EVRG,WEC,13.9576,17.6593,1.9808,1,4.2353,-0.5,3.7353,HOLDING
2010-12-16,1,EVRG,WEC,14.1421,17.7772,2.1077,1,6.0368,-0.5,5.5368,HOLDING
2010-12-17,1,EVRG,WEC,14.17,17.88,1.6249,1,5.0256,-0.5,4.5256,HOLDING
2010-12-20,1,EVRG,WEC,14.198,17.9526,1.3253,1,4.4714,-0.5,3.9714,HOLDING
2010-12-21,1,EVRG,WEC,14.2036,18.007,1.0419,1,3.7572,-0.5,3.2572,HOLDING
2010-12-22,1,EVRG,WEC,14.1868,17.9163,1.1673,1,4.8028,-0.5,4.3028,HOLDING
2010-12-23,1,EVRG,WEC,14.1644,17.868,1.1161,1,5.0998,-0.5,4.5998,HOLDING
2010-12-27,1,EVRG,WEC,14.1477,17.874,0.9264,1,4.6825,-0.5,4.1825,HOLDING
2010-12-28,1,EVRG,WEC,14.17,17.9677,0.6224,1,3.6998,-0.5,3.1998,HOLDING
2010-12-29,1,EVRG,WEC,14.1756,17.9073,0.8257,1,4.7227,-0.5,4.2227,HOLDING
2010-12-30,1,EVRG,WEC,14.1197,17.8498,0.7026,1,4.5052,-0.5,4.0052,HOLDING
2010-12-31,1,EVRG,WEC,14.0638,17.7984,0.536,1,0.0,3.1536,3.1536,PERIOD_END_EXIT
2010-07-06,2,JNJ,WMT,37.3428,11.7409,0.0,0,0.0,0.0,0.0,HOLD_CASH
2010-07-07,2,JNJ,WMT,38.3098,11.8255,0.0,0,0.0,0.0,0.0,HOLD_CASH
2010-07-08,2,JNJ,WMT,38.7966,11.8884,0.0,0,0.0,0.0,0.0,HOLD_CASH
2010-07-09,2,JNJ,WMT,38.2656,11.9488,0.0,0,0.0,0.0,0.0,HOLD_CASH
2010-07-12,2,JNJ,WMT,38.057,12.1156,0.0,0,0.0,0.0,0.0,HOLD_CASH
2010-07-13,2,JNJ,WMT,38.2403,12.2171,0.0,0,0.0,0.0,0.0,HOLD_CASH
2010-07-14,2,JNJ,WMT,38.3162,12.1712,0.0,0,0.0,0.0,0.0,HOLD_CASH
2010-07-15,2,JNJ,WMT,38.0886,12.1857,0.0,0,0.0,0.0,0.0,HOLD_CASH
2010-07-16,2,JNJ,WMT,37.5703,12.0068,0.0,0,0.0,0.0,0.0,HOLD_CASH
2010-07-19,2,JNJ,WMT,37.6525,11.9706,0.0,0,0.0,0.0,0.0,HOLD_CASH
2010-07-20,2,JNJ,WMT,37.0267,12.2993,0.0,0,0.0,0.0,0.0,HOLD_CASH
2010-07-21,2,JNJ,WMT,36.1039,12.1712,0.0,0,0.0,0.0,0.0,HOLD_CASH
2010-07-22,2,JNJ,WMT,36.0407,12.2945,0.0,0,0.0,0.0,0.0,HOLD_CASH
2010-07-23,2,JNJ,WMT,36.4263,12.4903,0.0,0,0.0,0.0,0.0,HOLD_CASH
2010-07-26,2,JNJ,WMT,36.4958,12.3598,0.0,0,0.0,0.0,0.0,HOLD_CASH
2010-07-27,2,JNJ,WMT,36.7233,12.3187,0.0,0,0.0,0.0,0.0,HOLD_CASH
2010-07-28,2,JNJ,WMT,36.5527,12.3598,0.0,0,0.0,0.0,0.0,HOLD_CASH
2010-07-29,2,JNJ,WMT,36.5527,12.3428,0.0,0,0.0,0.0,0.0,HOLD_CASH
2010-07-30,2,JNJ,WMT,36.717,12.3743,0.0,0,0.0,0.0,0.0,HOLD_CASH
2010-08-02,2,JNJ,WMT,37.1152,12.4275,-0.7033,0,0.0,0.0,0.0,HOLD_CASH
2010-08-03,2,JNJ,WMT,37.5134,12.3984,-0.2895,0,0.0,0.0,0.0,HOLD_CASH
2010-08-04,2,JNJ,WMT,37.7599,12.4734,-0.1948,0,0.0,0.0,0.0,HOLD_CASH
2010-08-05,2,JNJ,WMT,37.7726,12.4782,-0.0951,0,0.0,0.0,0.0,HOLD_CASH
2010-08-06,2,JNJ,WMT,37.899,12.5193,0.0042,0,0.0,0.0,0.0,HOLD_CASH
2010-08-09,2,JNJ,WMT,37.9559,12.5846,-0.0633,0,0.0,0.0,0.0,HOLD_CASH
2010-08-10,2,JNJ,WMT,37.564,12.6233,-0.5352,0,0.0,0.0,0.0,HOLD_CASH
2010-08-11,2,JNJ,WMT,36.9762,12.4052,-0.3853,0,0.0,0.0,0.0,HOLD_CASH
2010-08-12,2,JNJ,WMT,36.9888,12.2617,0.2997,0,0.0,0.0,0.0,HOLD_CASH
2010-08-13,2,JNJ,WMT,36.755,12.2544,0.1264,0,0.0,0.0,0.0,HOLD_CASH
2010-08-16,2,JNJ,WMT,36.6664,12.2568,0.1748,0,0.0,0.0,0.0,HOLD_CASH
2010-08-17,2,JNJ,WMT,37.4312,12.4052,0.9362,0,0.0,0.0,0.0,HOLD_CASH
2010-08-18,2,JNJ,WMT,37.5134,12.3662,1.2672,0,0.0,0.0,0.0,HOLD_CASH
2010-08-19,2,JNJ,WMT,37.1152,12.1717,1.5664,0,0.0,0.0,0.0,HOLD_CASH
2010-08-20,2,JNJ,WMT,37.1279,12.2106,1.2942,0,0.0,0.0,0.0,HOLD_CASH
2010-08-23,2,JNJ,WMT,37.21,12.4343,-0.3992,0,0.0,0.0,0.0,HOLD_CASH
2010-08-24,2,JNJ,WMT,36.6664,12.4732,-2.0192,1,0.0,-0.5,-0.5,ENTER_LONG_A
2010-08-25,2,JNJ,WMT,36.6475,12.534,-2.2425,1,-1.3474,-0.5,-1.8474,HOLDING
2010-08-26,2,JNJ,WMT,36.5337,12.393,-1.4648,1,0.7034,-0.5,0.2034,HOLDING
2010-08-27,2,JNJ,WMT,36.7507,12.4003,-1.0007,1,2.0363,-0.5,1.5363,HOLDING
2010-08-30,2,JNJ,WMT,36.5592,12.2909,-0.669,1,2.9242,-0.5,2.4242,HOLDING
2010-08-31,2,JNJ,WMT,36.3806,12.1912,-0.3432,1,3.7041,-0.5,3.2041,HOLDING
2010-09-01,2,JNJ,WMT,37.1909,12.4489,-0.1967,1,4.0633,-0.5,3.5633,HOLDING
2010-09-02,2,JNJ,WMT,37.3951,12.5851,-0.5944,1,2.7263,-0.5,2.2263,HOLDING
2010-09-03,2,JNJ,WMT,37.5992,12.6532,-0.5203,1,2.7538,-0.5,2.2538,HOLDING
2010-09-07,2,JNJ,WMT,37.4525,12.6094,-0.4974,1,2.6305,-0.5,2.1305,HOLDING
2010-09-08,2,JNJ,WMT,37.5482,12.6021,-0.2174,1,3.4291,-0.5,2.9291,HOLDING
2010-09-09,2,JNJ,WMT,38.1671,12.6215,1.0407,1,7.2592,-0.5,6.7592,HOLDING
2010-09-10,2,JNJ,WMT,38.2692,12.6361,1.1371,1,7.6627,-0.5,7.1627,HOLDING
2010-09-13,2,JNJ,WMT,38.4861,12.6945,1.1408,1,7.9722,-0.5,7.4722,HOLDING
2010-09-14,2,JNJ,WMT,38.652,12.8039,0.7308,1,6.9104,-0.5,6.4104,HOLDING
2010-09-15,2,JNJ,WMT,38.9519,12.8525,1.0226,1,7.9803,-0.5,7.4803,HOLDING
2010-09-16,2,JNJ,WMT,39.105,12.923,0.9163,1,7.6112,-0.5,7.1112,HOLDING
2010-09-17,2,JNJ,WMT,39.2836,12.889,1.517,1,9.5114,-0.5,9.0114,HOLDING
2010-09-20,2,JNJ,WMT,39.6154,13.0179,1.3794,1,9.1906,-0.5,8.6906,HOLDING
2010-09-21,2,JNJ,WMT,39.5197,13.0252,1.044,1,8.392,-0.5,7.892,HOLDING
2010-09-22,2,JNJ,WMT,39.5388,13.086,0.6342,1,7.304,-0.5,6.804,HOLDING
2010-09-23,2,JNJ,WMT,39.4368,13.0446,0.6203,1,7.4366,-0.5,6.9366,HOLDING
2010-09-24,2,JNJ,WMT,39.6473,13.1492,0.2814,1,6.7766,-0.5,6.2766,HOLDING
2010-09-27,2,JNJ,WMT,39.5772,13.0033,1.1752,1,9.2221,-0.5,8.7221,HOLDING
2010-09-28,2,JNJ,WMT,39.8323,13.086,1.0794,1,9.3052,-0.5,8.8052,HOLDING
2010-09-29,2,JNJ,WMT,39.7558,12.9717,1.6274,1,11.0737,-0.5,10.5737,HOLDING
2010-09-30,2,JNJ,WMT,39.5325,13.013,0.606,1,8.7225,-0.5,8.2225,HOLDING
2010-10-01,2,JNJ,WMT,39.3985,12.9741,0.4868,1,8.5887,-0.5,8.0887,HOLDING
2010-10-04,2,JNJ,WMT,39.3475,13.0252,-0.2858,1,7.2174,-0.5,6.7174,HOLDING
2010-10-05,2,JNJ,WMT,40.0684,13.1297,1.1713,1,10.0376,-0.5,9.5376,HOLDING
2010-10-06,2,JNJ,WMT,40.33,13.2659,0.4702,1,9.0922,-0.5,8.5922,HOLDING
2010-10-07,2,JNJ,WMT,40.3364,13.2173,1.2478,1,10.1103,-0.5,9.6103,HOLDING
2010-10-08,2,JNJ,WMT,40.3428,13.2294,0.9707,1,9.9103,-0.5,9.4103,HOLDING
2010-10-11,2,JNJ,WMT,40.3874,13.278,0.344,1,9.2401,-0.5,8.7401,HOLDING
2010-10-12,2,JNJ,WMT,40.3811,13.1103,2.5445,1,12.5591,-0.5,12.0591,HOLDING
2010-10-13,2,JNJ,WMT,40.5661,13.086,2.7533,1,14.308,-0.5,13.808,HOLDING
2010-10-14,2,JNJ,WMT,40.6682,12.9474,3.1038,1,17.7819,-0.5,17.2819,HOLDING
2010-10-15,2,JNJ,WMT,40.5597,12.9717,2.1508,1,16.555,-0.5,16.055,HOLDING
2010-10-18,2,JNJ,WMT,40.7447,13.0714,1.631,1,15.8186,-0.5,15.3186,HOLDING
2010-10-19,2,JNJ,WMT,40.3811,12.9644,1.3933,1,15.4832,-0.5,14.9832,HOLDING
2010-10-20,2,JNJ,WMT,40.5788,13.0009,1.3924,1,16.1007,-0.5,15.6007,HOLDING
2010-10-21,2,JNJ,WMT,40.8277,13.137,0.9578,1,15.0683,-0.5,14.5683,HOLDING
2010-10-22,2,JNJ,WMT,40.7128,13.1443,0.6169,1,14.1389,-0.5,13.6389,HOLDING
2010-10-25,2,JNJ,WMT,40.8213,13.1176,0.9082,1,15.4146,-0.5,14.9146,HOLDING
2010-10-26,2,JNJ,WMT,40.732,13.2659,-0.2326,1,11.8329,-0.5,11.3329,HOLDING
2010-10-27,2,JNJ,WMT,40.5597,13.0981,0.4342,1,14.0209,-0.5,13.5209,HOLDING
2010-10-28,2,JNJ,WMT,40.5533,13.1492,0.034,1,12.9539,-0.5,12.4539,HOLDING
2010-10-29,2,JNJ,WMT,40.6682,13.1711,0.0661,1,13.2985,-0.5,12.7985,HOLDING
2010-11-01,2,JNJ,WMT,40.6363,13.2051,-0.3648,1,12.3988,-0.5,11.8988,HOLDING
2010-11-02,2,JNJ,WMT,40.7575,13.3218,-0.9878,1,10.8861,-0.5,10.3861,HOLDING
2010-11-03,2,JNJ,WMT,40.9553,13.351,-0.8083,1,11.6499,-0.5,11.1499,HOLDING
2010-11-04,2,JNJ,WMT,41.319,13.4604,-0.795,1,11.9366,-0.5,11.4366,HOLDING
2010-11-05,2,JNJ,WMT,41.2488,13.4215,-0.7432,1,12.2376,-0.5,11.7376,HOLDING
2010-11-08,2,JNJ,WMT,41.0446,13.351,-0.856,1,12.2588,-0.5,11.7588,HOLDING
2010-11-09,2,JNJ,WMT,41.0318,13.385,-1.174,1,11.4895,-0.5,10.9895,HOLDING
2010-11-10,2,JNJ,WMT,40.8022,13.2537,-0.5691,1,12.555,-0.5,12.055,HOLDING
2010-11-11,2,JNJ,WMT,40.783,13.2124,-0.1259,1,13.2531,-0.5,12.7531,HOLDING
2010-11-12,2,JNJ,WMT,40.6235,13.1613,-0.0407,1,13.1889,-0.5,12.6889,HOLDING
2010-11-15,2,JNJ,WMT,40.9234,13.1176,1.6787,1,16.1106,-0.5,15.6106,HOLDING
2010-11-16,2,JNJ,WMT,40.2854,13.1929,-1.5971,1,10.2497,-0.5,9.7497,HOLDING
2010-11-17,2,JNJ,WMT,40.2343,13.0738,-0.2736,1,12.2896,-0.5,11.7896,HOLDING
2010-11-18,2,JNJ,WMT,40.7256,13.1249,1.2214,1,14.6159,-0.5,14.1159,HOLDING
2010-11-19,2,JNJ,WMT,40.7256,13.2245,-0.0937,1,12.6178,-0.5,12.1178,HOLDING
2010-11-22,2,JNJ,WMT,40.5916,13.2221,-0.5958,1,11.753,-0.5,11.253,HOLDING
2010-11-23,2,JNJ,WMT,40.1131,13.0495,-0.3491,1,11.9504,-0.5,11.4504,HOLDING
2010-11-24,2,JNJ,WMT,40.3811,13.1322,-0.2156,1,12.1205,-0.5,11.6205,HOLDING
2010-11-26,2,JNJ,WMT,40.0915,13.0665,-0.6194,1,11.4618,-0.5,10.9618,HOLDING
2010-11-29,2,JNJ,WMT,39.8405,13.0933,-1.9857,1,9.2145,-0.5,8.7145,HOLDING
2010-11-30,2,JNJ,WMT,39.6088,13.1516,-2.7991,1,6.4655,-0.5,5.9655,HOLDING
2010-12-01,2,JNJ,WMT,40.1687,13.2999,-2.042,1,7.31,-0.5,6.81,HOLDING
2010-12-02,2,JNJ,WMT,40.2845,13.3121,-1.5866,1,7.8562,-0.5,7.3562,HOLDING
2010-12-03,2,JNJ,WMT,40.2588,13.2805,-1.2532,1,8.3141,-0.5,7.8141,HOLDING
2010-12-06,2,JNJ,WMT,40.0271,13.2489,-1.4462,1,7.3682,-0.5,6.8682,HOLDING
2010-12-07,2,JNJ,WMT,40.0979,13.3947,-2.0081,1,4.9268,-0.5,4.4268,HOLDING
2010-12-08,2,JNJ,WMT,40.188,13.3221,-1.1748,1,6.9964,-0.5,6.4964,HOLDING
2010-12-09,2,JNJ,WMT,39.937,13.2855,-1.3274,1,6.0204,-0.5,5.5204,HOLDING
2010-12-10,2,JNJ,WMT,39.8405,13.2708,-1.2908,1,5.6561,-0.5,5.1561,HOLDING
2010-12-13,2,JNJ,WMT,39.8083,13.2537,-1.1292,1,5.7798,-0.5,5.2798,HOLDING
2010-12-14,2,JNJ,WMT,40.3939,13.3124,-0.1883,1,8.5966,-0.5,8.0966,HOLDING
2010-12-15,2,JNJ,WMT,40.2652,13.2586,-0.0817,1,8.797,-0.5,8.297,HOLDING
2010-12-16,2,JNJ,WMT,40.1558,13.3564,-0.9424,1,6.091,-0.5,5.591,HOLDING
2010-12-17,2,JNJ,WMT,40.2459,13.3026,-0.2464,1,7.7834,-0.5,7.2834,HOLDING
2010-12-20,2,JNJ,WMT,40.2137,13.1461,1.0741,1,10.7001,-0.5,10.2001,HOLDING
2010-12-21,2,JNJ,WMT,40.1172,13.1168,1.1099,1,10.63,-0.5,10.13,HOLDING
2010-12-22,2,JNJ,WMT,39.9113,13.0336,1.3294,1,10.8922,-0.5,10.3922,HOLDING
2010-12-23,2,JNJ,WMT,40.0593,13.1045,1.2236,1,10.48,-0.5,9.98,HOLDING
2010-12-27,2,JNJ,WMT,39.8534,13.0972,0.716,1,9.2232,-0.5,8.7232,HOLDING
2010-12-28,2,JNJ,WMT,39.9306,13.1388,0.55,1,8.9166,-0.5,8.4166,HOLDING
2010-12-29,2,JNJ,WMT,39.9821,13.2219,-0.2111,1,7.6014,-0.5,7.1014,HOLDING
2010-12-30,2,JNJ,WMT,39.8598,13.2194,-0.6191,1,6.8169,-0.5,6.3169,HOLDING
2010-12-31,2,JNJ,WMT,39.8019,13.1852,-0.4321,1,0.0,6.0723,6.0723,PERIOD_END_EXIT
2010-07-06,3,CMS,CNP,8.8864,7.4786,0.0,0,0.0,0.0,0.0,HOLD_CASH
2010-07-07,3,CMS,CNP,9.1075,7.7441,0.0,0,0.0,0.0,0.0,HOLD_CASH
2010-07-08,3,CMS,CNP,9.227,7.8909,0.0,0,0.0,0.0,0.0,HOLD_CASH
2010-07-09,3,CMS,CNP,9.3645,7.9361,0.0,0,0.0,0.0,0.0,HOLD_CASH
2010-07-12,3,CMS,CNP,9.4183,7.9474,0.0,0,0.0,0.0,0.0,HOLD_CASH
2010-07-13,3,CMS,CNP,9.4661,8.0152,0.0,0,0.0,0.0,0.0,HOLD_CASH
2010-07-14,3,CMS,CNP,9.4481,8.0096,0.0,0,0.0,0.0,0.0,HOLD_CASH
2010-07-15,3,CMS,CNP,9.5617,8.0773,0.0,0,0.0,0.0,0.0,HOLD_CASH
2010-07-16,3,CMS,CNP,9.3346,7.8684,0.0,0,0.0,0.0,0.0,HOLD_CASH
2010-07-19,3,CMS,CNP,9.4721,7.9361,0.0,0,0.0,0.0,0.0,HOLD_CASH
2010-07-20,3,CMS,CNP,9.5438,8.0039,0.0,0,0.0,0.0,0.0,HOLD_CASH
2010-07-21,3,CMS,CNP,9.3764,7.8571,0.0,0,0.0,0.0,0.0,HOLD_CASH
2010-07-22,3,CMS,CNP,9.5139,8.0152,0.0,0,0.0,0.0,0.0,HOLD_CASH
2010-07-23,3,CMS,CNP,9.5975,8.0491,0.0,0,0.0,0.0,0.0,HOLD_CASH
2010-07-26,3,CMS,CNP,9.729,8.1338,0.0,0,0.0,0.0,0.0,HOLD_CASH
2010-07-27,3,CMS,CNP,9.9023,8.2468,0.0,0,0.0,0.0,0.0,HOLD_CASH
2010-07-28,3,CMS,CNP,9.747,8.2129,0.0,0,0.0,0.0,0.0,HOLD_CASH
2010-07-29,3,CMS,CNP,9.6573,8.0943,0.0,0,0.0,0.0,0.0,HOLD_CASH
2010-07-30,3,CMS,CNP,9.5139,8.0378,0.0,0,0.0,0.0,0.0,HOLD_CASH
2010-08-02,3,CMS,CNP,9.6991,8.2073,-0.628,0,0.0,0.0,0.0,HOLD_CASH
2010-08-03,3,CMS,CNP,9.6633,8.1677,-0.4149,0,0.0,0.0,0.0,HOLD_CASH
2010-08-04,3,CMS,CNP,9.6874,8.3202,-2.4561,1,0.0,-0.5,-0.5,ENTER_LONG_A
2010-08-05,3,CMS,CNP,9.7658,8.3654,-2.0402,1,0.6658,-0.5,0.1658,HOLDING
2010-08-06,3,CMS,CNP,10.1881,8.3824,2.5211,1,11.0532,-0.5,10.5532,HOLDING
2010-08-09,3,CMS,CNP,10.2906,8.4501,2.2105,1,11.6628,-0.5,11.1628,HOLDING
2010-08-10,3,CMS,CNP,10.3509,8.5066,1.8235,1,11.5222,-0.5,11.0222,HOLDING
2010-08-11,3,CMS,CNP,10.2303,8.3259,2.1644,1,13.8401,-0.5,13.3401,HOLDING
2010-08-12,3,CMS,CNP,10.357,8.2887,2.5717,1,18.2272,-0.5,17.7272,HOLDING
2010-08-13,3,CMS,CNP,10.4716,8.3001,2.4393,1,20.8407,-0.5,20.3407,HOLDING
2010-08-16,3,CMS,CNP,10.4957,8.3001,2.0997,1,21.4633,-0.5,20.9633,HOLDING
2010-08-17,3,CMS,CNP,10.4595,8.4604,1.0366,1,15.7135,-0.5,15.2135,HOLDING
2010-08-18,3,CMS,CNP,10.3389,8.4261,0.6627,1,13.6321,-0.5,13.1321,HOLDING
2010-08-19,3,CMS,CNP,10.2786,8.2944,0.968,1,16.0314,-0.5,15.5314,HOLDING
2010-08-20,3,CMS,CNP,10.2786,8.3287,0.7272,1,14.9995,-0.5,14.4995,HOLDING
2010-08-23,3,CMS,CNP,10.4535,8.3287,1.2615,1,19.5137,-0.5,19.0137,HOLDING
2010-08-24,3,CMS,CNP,10.556,8.3974,1.1902,1,20.096,-0.5,19.596,HOLDING
2010-08-25,3,CMS,CNP,10.556,8.4547,0.8459,1,18.3761,-0.5,17.8761,HOLDING
2010-08-26,3,CMS,CNP,10.5379,8.3688,1.0534,1,20.4891,-0.5,19.9891,HOLDING
2010-08-27,3,CMS,CNP,10.7129,8.5634,0.7286,1,19.1555,-0.5,18.6555,HOLDING
2010-08-30,3,CMS,CNP,10.5138,8.3974,0.6823,1,19.0064,-0.5,18.5064,HOLDING
2010-08-31,3,CMS,CNP,10.556,8.4661,0.4392,1,18.0321,-0.5,17.5321,HOLDING
2010-09-01,3,CMS,CNP,10.7611,8.655,0.2163,1,17.6489,-0.5,17.1489,HOLDING
2010-09-02,3,CMS,CNP,10.737,8.6207,0.2043,1,18.0582,-0.5,17.5582,HOLDING
2010-09-03,3,CMS,CNP,10.7309,8.7352,-1.0371,1,14.4625,-0.5,13.9625,HOLDING
2010-09-07,3,CMS,CNP,10.6948,8.7409,-1.4642,1,13.3565,-0.5,12.8565,HOLDING
2010-09-08,3,CMS,CNP,10.5681,8.6207,-1.4071,1,13.6996,-0.5,13.1996,HOLDING
2010-09-09,3,CMS,CNP,10.6465,8.7065,-1.5744,1,13.1431,-0.5,12.6431,HOLDING
2010-09-10,3,CMS,CNP,10.6767,8.7008,-1.1271,1,14.0935,-0.5,13.5935,HOLDING
2010-09-13,3,CMS,CNP,10.7792,8.7352,-0.5412,1,15.7079,-0.5,15.2079,HOLDING
2010-09-14,3,CMS,CNP,10.8033,8.7294,-0.1787,1,16.5026,-0.5,16.0026,HOLDING
2010-09-15,3,CMS,CNP,10.8395,8.655,0.9815,1,19.6725,-0.5,19.1725,HOLDING
2010-09-16,3,CMS,CNP,10.7792,8.5806,1.1704,1,20.3519,-0.5,19.8519,HOLDING
2010-09-17,3,CMS,CNP,10.6948,8.6035,0.0771,1,17.4844,-0.5,16.9844,HOLDING
2010-09-20,3,CMS,CNP,10.8878,8.8039,-0.4623,1,16.4458,-0.5,15.9458,HOLDING
2010-09-21,3,CMS,CNP,10.737,8.7924,-1.5606,1,12.8982,-0.5,12.3982,HOLDING
2010-09-22,3,CMS,CNP,10.8637,8.821,-0.6436,1,15.3073,-0.5,14.8073,HOLDING
2010-09-23,3,CMS,CNP,10.6827,8.7237,-1.1097,1,13.561,-0.5,13.061,HOLDING
2010-09-24,3,CMS,CNP,10.8938,8.9584,-1.6484,1,11.9577,-0.5,11.4577,HOLDING
2010-09-27,3,CMS,CNP,10.8637,8.9985,-2.0236,1,9.9753,-0.5,9.4753,HOLDING
2010-09-28,3,CMS,CNP,10.8697,9.0672,-2.2298,1,8.067,-0.5,7.567,HOLDING
2010-09-29,3,CMS,CNP,10.9481,9.0214,-1.0864,1,11.4668,-0.5,10.9668,HOLDING
2010-09-30,3,CMS,CNP,10.8697,8.9985,-1.3211,1,10.131,-0.5,9.631,HOLDING
2010-10-01,3,CMS,CNP,10.9903,9.1015,-1.2196,1,10.1485,-0.5,9.6485,HOLDING
2010-10-04,3,CMS,CNP,11.0205,9.0328,-0.3495,1,12.9906,-0.5,12.4906,HOLDING
2010-10-05,3,CMS,CNP,11.1894,9.1759,-0.3759,1,13.0495,-0.5,12.5495,HOLDING
2010-10-06,3,CMS,CNP,11.2195,9.0958,0.5242,1,16.2358,-0.5,15.7358,HOLDING
2010-10-07,3,CMS,CNP,11.2678,9.1588,0.2897,1,15.5891,-0.5,15.0891,HOLDING
2010-10-08,3,CMS,CNP,11.3643,9.2103,0.4986,1,16.5318,-0.5,16.0318,HOLDING
2010-10-11,3,CMS,CNP,11.4126,9.2503,0.4913,1,16.573,-0.5,16.073,HOLDING
2010-10-12,3,CMS,CNP,11.3583,9.2045,0.5225,1,16.548,-0.5,16.048,HOLDING
2010-10-13,3,CMS,CNP,11.1773,9.153,-0.2359,1,13.4261,-0.5,12.9261,HOLDING
2010-10-14,3,CMS,CNP,11.31,9.1359,1.1662,1,17.3666,-0.5,16.8666,HOLDING
2010-10-15,3,CMS,CNP,11.3462,9.2332,0.5207,1,15.3768,-0.5,14.8768,HOLDING
2010-10-18,3,CMS,CNP,11.31,9.2446,0.1113,1,14.0988,-0.5,13.5988,HOLDING
2010-10-19,3,CMS,CNP,11.2497,9.2446,-0.4589,1,12.5421,-0.5,12.0421,HOLDING
2010-10-20,3,CMS,CNP,11.2618,9.382,-1.7059,1,8.7255,-0.5,8.2255,HOLDING
2010-10-21,3,CMS,CNP,11.1894,9.382,-1.9825,1,6.8576,-0.5,6.3576,HOLDING
2010-10-22,3,CMS,CNP,11.2738,9.3992,-1.3308,1,8.5209,-0.5,8.0209,HOLDING
2010-10-25,3,CMS,CNP,11.2919,9.3877,-1.0534,1,9.3317,-0.5,8.8317,HOLDING
2010-10-26,3,CMS,CNP,11.0567,9.3992,-2.469,1,2.9169,-0.5,2.4169,HOLDING
2010-10-27,3,CMS,CNP,11.0386,9.3992,-2.1361,1,2.4499,-0.5,1.9499,HOLDING
2010-10-28,3,CMS,CNP,11.1653,9.382,-1.2011,1,6.2348,-0.5,5.7348,HOLDING
2010-10-29,3,CMS,CNP,11.0868,9.4793,-1.9331,1,1.2872,-0.5,0.7872,HOLDING
2010-11-01,3,CMS,CNP,10.9964,9.4736,-1.9676,1,-0.8758,-0.5,-1.3758,HOLDING
2010-11-02,3,CMS,CNP,11.2316,9.5995,-1.4044,1,1.4114,-0.5,0.9114,HOLDING
2010-11-03,3,CMS,CNP,11.1401,9.5709,-1.4614,1,-0.0903,-0.5,-0.5903,HOLDING
2010-11-04,3,CMS,CNP,11.3658,9.6854,-0.9929,1,2.2951,-0.5,1.7951,HOLDING
2010-11-05,3,CMS,CNP,11.2133,9.548,-0.8683,1,2.4869,-0.5,1.9869,HOLDING
2010-11-08,3,CMS,CNP,11.134,9.4736,-0.7538,1,2.6763,-0.5,2.1763,HOLDING
2010-11-09,3,CMS,CNP,11.0425,9.5022,-1.1848,1,-0.5454,-0.5,-1.0454,HOLDING
2010-11-10,3,CMS,CNP,10.9449,9.4908,-1.4035,1,-2.7207,-0.5,-3.2207,HOLDING
2010-11-11,3,CMS,CNP,10.951,9.4965,-1.3346,1,-2.7351,-0.5,-3.2351,HOLDING
2010-11-12,3,CMS,CNP,10.8839,9.3314,-0.6716,1,0.4931,-0.5,-0.0069,HOLDING
2010-11-15,3,CMS,CNP,10.9693,9.3951,-0.5446,1,0.783,-0.5,0.283,HOLDING
2010-11-16,3,CMS,CNP,10.8107,9.1982,0.0221,1,2.607,-0.5,2.107,HOLDING
2010-11-17,3,CMS,CNP,10.8595,9.0881,1.3947,1,7.1733,-0.5,6.6733,HOLDING
2010-11-18,3,CMS,CNP,10.951,9.1808,1.2497,1,6.7501,-0.5,6.2501,HOLDING
2010-11-19,3,CMS,CNP,10.8778,9.1634,0.9557,1,5.3831,-0.5,4.8831,HOLDING
2010-11-22,3,CMS,CNP,10.9937,9.1924,1.7141,1,7.5042,-0.5,7.0042,HOLDING
2010-11-23,3,CMS,CNP,10.9022,9.1287,1.4296,1,7.0572,-0.5,6.5572,HOLDING
2010-11-24,3,CMS,CNP,10.9815,9.2213,1.086,1,6.3191,-0.5,5.8191,HOLDING
2010-11-26,3,CMS,CNP,10.9083,9.146,1.1902,1,6.6923,-0.5,6.1923,HOLDING
2010-11-29,3,CMS,CNP,10.9266,9.036,1.9547,1,10.4715,-0.5,9.9715,HOLDING
2010-11-30,3,CMS,CNP,10.9632,9.0534,1.7841,1,10.8939,-0.5,10.3939,HOLDING
2010-12-01,3,CMS,CNP,11.1096,9.1287,1.8183,1,12.4101,-0.5,11.9101,HOLDING
2010-12-02,3,CMS,CNP,11.256,9.175,1.9674,1,14.7965,-0.5,14.2965,HOLDING
2010-12-03,3,CMS,CNP,11.3597,9.2098,1.9215,1,16.4287,-0.5,15.9287,HOLDING
2010-12-06,3,CMS,CNP,11.3658,9.0707,2.215,1,20.7632,-0.5,20.2632,HOLDING
2010-12-07,3,CMS,CNP,11.2316,9.0592,1.5314,1,17.6475,-0.5,17.1475,HOLDING
2010-12-08,3,CMS,CNP,11.2987,9.0534,1.6011,1,19.5533,-0.5,19.0533,HOLDING
2010-12-09,3,CMS,CNP,11.378,9.1229,1.4388,1,19.5115,-0.5,19.0115,HOLDING
2010-12-10,3,CMS,CNP,11.4451,9.175,1.3445,1,19.6771,-0.5,19.1771,HOLDING
2010-12-13,3,CMS,CNP,11.5245,9.2271,1.2815,1,20.1574,-0.5,19.6574,HOLDING
2010-12-14,3,CMS,CNP,11.5489,9.3256,0.8292,1,17.8285,-0.5,17.3285,HOLDING
2010-12-15,3,CMS,CNP,11.4878,9.1866,1.1913,1,20.4311,-0.5,19.9311,HOLDING
2010-12-16,3,CMS,CNP,11.5977,9.2098,1.375,1,22.569,-0.5,22.069,HOLDING
2010-12-17,3,CMS,CNP,11.6465,9.1924,1.4917,1,24.3504,-0.5,23.8504,HOLDING
2010-12-20,3,CMS,CNP,11.677,9.2156,1.3698,1,24.4414,-0.5,23.9414,HOLDING
2010-12-21,3,CMS,CNP,11.6831,9.1982,1.349,1,25.1212,-0.5,24.6212,HOLDING
2010-12-22,3,CMS,CNP,11.677,9.1982,1.2207,1,24.9636,-0.5,24.4636,HOLDING
2010-12-23,3,CMS,CNP,11.6892,9.2098,1.1458,1,24.9306,-0.5,24.4306,HOLDING
2010-12-27,3,CMS,CNP,11.5549,9.2098,0.4364,1,21.4668,-0.5,20.9668,HOLDING
2010-12-28,3,CMS,CNP,11.4451,9.1808,-0.0881,1,19.5029,-0.5,19.0029,HOLDING
2010-12-29,3,CMS,CNP,11.4512,9.1692,-0.0814,1,20.0087,-0.5,19.5087,HOLDING
2010-12-30,3,CMS,CNP,11.4451,9.1287,0.1487,1,21.0694,-0.5,20.5694,HOLDING
2010-12-31,3,CMS,CNP,11.3475,9.1055,-0.6164,1,0.0,18.1802,18.1802,PERIOD_END_EXIT
2010-07-06,4,AEE,EIX,13.7106,17.703,0.0,0,0.0,0.0,0.0,HOLD_CASH
2010-07-07,4,AEE,EIX,14.1283,18.321,0.0,0,0.0,0.0,0.0,HOLD_CASH
2010-07-08,4,AEE,EIX,14.1912,18.5233,0.0,0,0.0,0.0,0.0,HOLD_CASH
2010-07-09,4,AEE,EIX,14.2485,18.5738,0.0,0,0.0,0.0,0.0,HOLD_CASH
2010-07-12,4,AEE,EIX,14.2656,18.512,0.0,0,0.0,0.0,0.0,HOLD_CASH
2010-07-13,4,AEE,EIX,14.3457,18.6132,0.0,0,0.0,0.0,0.0,HOLD_CASH
2010-07-14,4,AEE,EIX,14.3286,18.6525,0.0,0,0.0,0.0,0.0,HOLD_CASH
2010-07-15,4,AEE,EIX,14.3515,18.7199,0.0,0,0.0,0.0,0.0,HOLD_CASH
2010-07-16,4,AEE,EIX,14.0768,18.2873,0.0,0,0.0,0.0,0.0,HOLD_CASH
2010-07-19,4,AEE,EIX,14.3858,18.5795,0.0,0,0.0,0.0,0.0,HOLD_CASH
2010-07-20,4,AEE,EIX,14.3171,18.5401,0.0,0,0.0,0.0,0.0,HOLD_CASH
2010-07-21,4,AEE,EIX,14.1226,18.1862,0.0,0,0.0,0.0,0.0,HOLD_CASH
2010-07-22,4,AEE,EIX,14.3457,18.4896,0.0,0,0.0,0.0,0.0,HOLD_CASH
2010-07-23,4,AEE,EIX,14.4716,18.4896,0.0,0,0.0,0.0,0.0,HOLD_CASH
2010-07-26,4,AEE,EIX,14.6776,18.5401,0.0,0,0.0,0.0,0.0,HOLD_CASH
2010-07-27,4,AEE,EIX,14.9466,18.9446,0.0,0,0.0,0.0,0.0,HOLD_CASH
2010-07-28,4,AEE,EIX,14.9924,18.8604,0.0,0,0.0,0.0,0.0,HOLD_CASH
2010-07-29,4,AEE,EIX,14.7635,18.7255,0.0,0,0.0,0.0,0.0,HOLD_CASH
2010-07-30,4,AEE,EIX,14.5174,18.6244,0.0,0,0.0,0.0,0.0,HOLD_CASH
2010-08-02,4,AEE,EIX,14.8264,19.1244,-0.1096,0,0.0,0.0,0.0,HOLD_CASH
2010-08-03,4,AEE,EIX,14.9409,18.9671,1.1919,0,0.0,0.0,0.0,HOLD_CASH
2010-08-04,4,AEE,EIX,14.9695,18.9952,1.109,0,0.0,0.0,0.0,HOLD_CASH
2010-08-05,4,AEE,EIX,15.473,18.939,2.9293,-1,0.0,-0.5,-0.5,ENTER_SHORT_A
2010-08-06,4,AEE,EIX,15.5646,19.1019,2.2512,-1,0.6716,-0.5,0.1716,HOLDING
2010-08-09,4,AEE,EIX,15.6275,19.0795,2.104,-1,-0.6421,-0.5,-1.1421,HOLDING
2010-08-10,4,AEE,EIX,15.8049,19.1581,2.0526,-1,-2.4702,-0.5,-2.9702,HOLDING
2010-08-11,4,AEE,EIX,15.4616,18.7087,1.839,-1,-2.8556,-0.5,-3.3556,HOLDING
2010-08-12,4,AEE,EIX,15.2899,18.7255,1.2142,-1,0.1405,-0.5,-0.3595,HOLDING
2010-08-13,4,AEE,EIX,15.782,19.0682,1.5783,-1,-3.2868,-0.5,-3.7868,HOLDING
2010-08-16,4,AEE,EIX,16.0739,19.0233,2.0341,-1,-8.5952,-0.5,-9.0952,HOLDING
2010-08-17,4,AEE,EIX,16.0052,19.0739,1.5823,-1,-6.8183,-0.5,-7.3183,HOLDING
2010-08-18,4,AEE,EIX,15.7878,19.0121,1.0969,-1,-4.1208,-0.5,-4.6208,HOLDING
2010-08-19,4,AEE,EIX,15.5131,18.8435,0.7069,-1,-1.9078,-0.5,-2.4078,HOLDING
2010-08-20,4,AEE,EIX,15.5303,19.0233,0.3275,-1,0.188,-0.5,-0.312,HOLDING
2010-08-23,4,AEE,EIX,15.8278,19.0345,0.9399,-1,-4.4714,-0.5,-4.9714,HOLDING
2010-08-24,4,AEE,EIX,16.0453,19.0739,1.2481,-1,-7.4655,-0.5,-7.9655,HOLDING
2010-08-25,4,AEE,EIX,15.988,18.9783,1.1734,-1,-7.8017,-0.5,-8.3017,HOLDING
2010-08-26,4,AEE,EIX,15.8793,18.6806,1.3633,-1,-9.9758,-0.5,-10.4758,HOLDING
2010-08-27,4,AEE,EIX,16.1769,19.0907,1.1671,-1,-9.3695,-0.5,-9.8695,HOLDING
2010-08-30,4,AEE,EIX,15.7992,18.7873,0.8307,-1,-7.2722,-0.5,-7.7722,HOLDING
2010-08-31,4,AEE,EIX,16.0624,18.9615,1.143,-1,-9.2262,-0.5,-9.7262,HOLDING
2010-09-01,4,AEE,EIX,16.5317,19.5121,1.2042,-1,-9.5397,-0.5,-10.0397,HOLDING
2010-09-02,4,AEE,EIX,16.2856,19.4447,0.3526,-1,-6.454,-0.5,-6.954,HOLDING
2010-09-03,4,AEE,EIX,16.3943,19.5964,0.1941,-1,-6.2083,-0.5,-6.7083,HOLDING
2010-09-07,4,AEE,EIX,16.3044,19.4896,0.1175,-1,-6.165,-0.5,-6.665,HOLDING
2010-09-08,4,AEE,EIX,16.0724,19.3716,-0.5852,-1,-3.9736,-0.5,-4.4736,HOLDING
2010-09-09,4,AEE,EIX,16.0898,19.4896,-0.9881,-1,-2.6974,-0.5,-3.1974,HOLDING
2010-09-10,4,AEE,EIX,16.1188,19.3211,-0.2397,-1,-5.3909,-0.5,-5.8909,HOLDING
2010-09-13,4,AEE,EIX,16.287,19.1637,1.3077,-1,-10.1849,-0.5,-10.6849,HOLDING
2010-09-14,4,AEE,EIX,16.3276,19.293,0.9163,-1,-9.1353,-0.5,-9.6353,HOLDING
2010-09-15,4,AEE,EIX,16.1246,19.0345,0.9376,-1,-9.2666,-0.5,-9.7666,HOLDING
2010-09-16,4,AEE,EIX,15.9854,18.9896,0.336,-1,-7.6109,-0.5,-8.1109,HOLDING
2010-09-17,4,AEE,EIX,15.9042,19.0177,-0.3363,-1,-5.9281,-0.5,-6.4281,HOLDING
2010-09-20,4,AEE,EIX,16.0144,19.3829,-1.7827,-1,-2.8882,-0.5,-3.3882,HOLDING
2010-09-21,4,AEE,EIX,15.9738,19.4952,-2.2806,-1,-0.7489,-0.5,-1.2489,HOLDING
2010-09-22,4,AEE,EIX,16.1304,19.557,-1.4627,-1,-2.4635,-0.5,-2.9635,HOLDING
2010-09-23,4,AEE,EIX,15.8984,19.4166,-1.81,-1,-0.5688,-0.5,-1.0688,HOLDING
2010-09-24,4,AEE,EIX,16.2174,19.4896,-0.4208,-1,-4.7591,-0.5,-5.2591,HOLDING
2010-09-27,4,AEE,EIX,16.3856,19.4334,0.7414,-1,-8.2183,-0.5,-8.7183,HOLDING
2010-09-28,4,AEE,EIX,16.4552,19.7141,-0.106,-1,-5.6382,-0.5,-6.1382,HOLDING
2010-09-29,4,AEE,EIX,16.4958,19.5667,0.8069,-1,-8.2402,-0.5,-8.7402,HOLDING
2010-09-30,4,AEE,EIX,16.4726,19.4986,1.0217,-1,-8.7634,-0.5,-9.2634,HOLDING
2010-10-01,4,AEE,EIX,16.6988,19.6347,1.4669,-1,-10.6222,-0.5,-11.1222,HOLDING
2010-10-04,4,AEE,EIX,16.6234,19.6687,0.869,-1,-8.9547,-0.5,-9.4547,HOLDING
2010-10-05,4,AEE,EIX,16.8438,19.8558,1.0839,-1,-10.046,-0.5,-10.546,HOLDING
2010-10-06,4,AEE,EIX,16.78,19.7027,1.2574,-1,-11.0358,-0.5,-11.5358,HOLDING
2010-10-07,4,AEE,EIX,16.9134,19.8048,1.3263,-1,-11.8442,-0.5,-12.3442,HOLDING
2010-10-08,4,AEE,EIX,16.925,19.9579,0.7124,-1,-10.0107,-0.5,-10.5107,HOLDING
2010-10-11,4,AEE,EIX,16.925,20.0429,0.4165,-1,-8.8882,-0.5,-9.3882,HOLDING
2010-10-12,4,AEE,EIX,16.7684,20.0883,-0.4377,-1,-5.7592,-0.5,-6.2592,HOLDING
2010-10-13,4,AEE,EIX,16.7626,20.1393,-0.5982,-1,-4.9919,-0.5,-5.4919,HOLDING
2010-10-14,4,AEE,EIX,16.6872,20.1336,-0.8554,-1,-3.8484,-0.5,-4.3484,HOLDING
2010-10-15,4,AEE,EIX,16.751,20.196,-0.7555,-1,-4.0559,-0.5,-4.5559,HOLDING
2010-10-18,4,AEE,EIX,16.9598,20.3945,-0.5934,-1,-4.8101,-0.5,-5.3101,HOLDING
2010-10-19,4,AEE,EIX,16.7858,20.2244,-0.8549,-1,-4.2441,-0.5,-4.7441,HOLDING
2010-10-20,4,AEE,EIX,16.925,20.4001,-0.9414,-1,-4.1731,-0.5,-4.6731,HOLDING
2010-10-21,4,AEE,EIX,16.7858,20.3378,-1.5271,-1,-2.7473,-0.5,-3.2473,HOLDING
2010-10-22,4,AEE,EIX,16.722,20.4058,-1.9222,-1,-0.8182,-0.5,-1.3182,HOLDING
2010-10-25,4,AEE,EIX,16.6814,20.4455,-1.9295,-1,0.3617,-0.5,-0.1383,HOLDING
2010-10-26,4,AEE,EIX,16.635,20.3888,-1.6934,-1,0.363,-0.5,-0.137,HOLDING
2010-10-27,4,AEE,EIX,16.577,20.3605,-1.6057,-1,0.926,-0.5,0.426,HOLDING
2010-10-28,4,AEE,EIX,16.5886,20.3945,-1.4751,-1,1.1876,-0.5,0.6876,HOLDING
2010-10-29,4,AEE,EIX,16.809,20.9218,-1.9265,-1,4.5869,-0.5,4.0869,HOLDING
2010-11-01,4,AEE,EIX,16.7336,21.0011,-2.0221,-1,6.8529,-0.5,6.3529,HOLDING
2010-11-02,4,AEE,EIX,16.9946,21.0805,-1.2749,-1,3.6835,-0.5,3.1835,HOLDING
2010-11-03,4,AEE,EIX,16.8438,21.0635,-1.541,-1,5.8957,-0.5,5.3957,HOLDING
2010-11-04,4,AEE,EIX,17.2383,21.4491,-1.2012,-1,4.6124,-0.5,4.1124,HOLDING
2010-11-05,4,AEE,EIX,17.3021,21.6702,-1.4566,-1,6.5006,-0.5,6.0006,HOLDING
2010-11-08,4,AEE,EIX,17.1338,21.296,-0.9366,-1,4.2785,-0.5,3.7785,HOLDING
2010-11-09,4,AEE,EIX,17.1338,21.296,-0.8505,-1,4.2785,-0.5,3.7785,HOLDING
2010-11-10,4,AEE,EIX,17.041,21.2676,-1.0199,-1,5.4036,-0.5,4.9036,HOLDING
2010-11-11,4,AEE,EIX,16.9831,21.5681,-1.892,-1,10.3075,-0.5,9.8075,HOLDING
2010-11-12,4,AEE,EIX,16.9888,21.3016,-0.9917,-1,6.6961,-0.5,6.1961,HOLDING
2010-11-15,4,AEE,EIX,17.1629,21.415,-0.6019,-1,5.3816,-0.5,4.8816,HOLDING
2010-11-16,4,AEE,EIX,16.9946,21.1712,-0.4122,-1,4.881,-0.5,4.381,HOLDING
2010-11-17,4,AEE,EIX,16.954,21.2393,-0.792,-1,6.4354,-0.5,5.9354,HOLDING
2010-11-18,4,AEE,EIX,17.0701,21.5228,-1.3053,-1,8.303,-0.5,7.803,HOLDING
2010-11-19,4,AEE,EIX,16.925,21.4604,-1.6999,-1,9.8226,-0.5,9.3226,HOLDING
2010-11-22,4,AEE,EIX,17.012,21.398,-0.8265,-1,7.5938,-0.5,7.0938,HOLDING
2010-11-23,4,AEE,EIX,16.8438,21.0635,-0.1184,-1,5.8957,-0.5,5.3957,HOLDING
2010-11-24,4,AEE,EIX,16.8438,21.2903,-1.3104,-1,8.8894,-0.5,8.3894,HOLDING
2010-11-26,4,AEE,EIX,16.7684,21.0125,-0.1009,-1,6.4403,-0.5,5.9403,HOLDING
2010-11-29,4,AEE,EIX,16.6756,20.9501,-0.4245,-1,7.1164,-0.5,6.6164,HOLDING
2010-11-30,4,AEE,EIX,16.6582,20.9444,-0.5255,-1,7.3228,-0.5,6.8228,HOLDING
2010-12-01,4,AEE,EIX,16.9308,21.3016,-0.5531,-1,7.6333,-0.5,7.1333,HOLDING
2010-12-02,4,AEE,EIX,16.9482,21.4264,-1.1956,-1,8.9988,-0.5,8.4988,HOLDING
2010-12-03,4,AEE,EIX,16.954,21.5851,-1.9619,-1,11.0008,-0.5,10.5008,HOLDING
2010-12-06,4,AEE,EIX,16.8512,21.6759,-2.5901,-1,13.8602,-0.5,13.3602,HOLDING
2010-12-07,4,AEE,EIX,16.6984,21.8289,-3.0508,-1,18.3499,-0.5,17.8499,HOLDING
2010-12-08,4,AEE,EIX,16.6513,21.7269,-2.3401,-1,17.7626,-0.5,17.2626,HOLDING
2010-12-09,4,AEE,EIX,16.6396,21.4491,-1.2962,-1,14.2851,-0.5,13.7851,HOLDING
2010-12-10,4,AEE,EIX,16.7571,21.6475,-1.3233,-1,15.0054,-0.5,14.5054,HOLDING
2010-12-13,4,AEE,EIX,16.7806,21.7496,-1.3773,-1,15.9727,-0.5,15.4727,HOLDING
2010-12-14,4,AEE,EIX,16.9452,21.8176,-0.853,-1,14.2117,-0.5,13.7117,HOLDING
2010-12-15,4,AEE,EIX,16.6749,21.4037,-0.574,-1,13.1166,-0.5,12.6166,HOLDING
2010-12-16,4,AEE,EIX,16.6631,21.8006,-1.6645,-1,18.5455,-0.5,18.0455,HOLDING
2010-12-17,4,AEE,EIX,16.6925,21.931,-1.6863,-1,19.7922,-0.5,19.2922,HOLDING
2010-12-20,4,AEE,EIX,16.5984,22.033,-1.9504,-1,22.6587,-0.5,22.1587,HOLDING
2010-12-21,4,AEE,EIX,16.5338,22.0217,-1.8385,-1,23.5536,-0.5,23.0536,HOLDING
2010-12-22,4,AEE,EIX,16.6337,21.9253,-1.1889,-1,20.6669,-0.5,20.1669,HOLDING
2010-12-23,4,AEE,EIX,16.6278,21.9423,-1.1263,-1,20.9864,-0.5,20.4864,HOLDING
2010-12-27,4,AEE,EIX,16.6925,22.0784,-1.1434,-1,21.7381,-0.5,21.2381,HOLDING
2010-12-28,4,AEE,EIX,16.7336,22.2202,-1.2453,-1,22.9444,-0.5,22.4444,HOLDING
2010-12-29,4,AEE,EIX,16.5632,22.1458,-1.4984,-1,24.7174,-0.5,24.2174,HOLDING
2010-12-30,4,AEE,EIX,16.4985,22.1001,-1.5019,-1,25.1583,-0.5,24.6583,HOLDING
2010-12-31,4,AEE,EIX,16.5691,22.0658,-1.0874,-1,0.0,22.507,22.507,PERIOD_END_EXIT
2010-07-06,5,MCD,MKC,43.1926,13.9759,0.0,0,0.0,0.0,0.0,HOLD_CASH
2010-07-07,5,MCD,MKC,43.9766,14.208,0.0,0,0.0,0.0,0.0,HOLD_CASH
2010-07-08,5,MCD,MKC,45.0938,14.0864,0.0,0,0.0,0.0,0.0,HOLD_CASH
2010-07-09,5,MCD,MKC,45.2245,14.1085,0.0,0,0.0,0.0,0.0,HOLD_CASH
2010-07-12,5,MCD,MKC,45.6949,14.1711,0.0,0,0.0,0.0,0.0,HOLD_CASH
2010-07-13,5,MCD,MKC,46.2829,14.2559,0.0,0,0.0,0.0,0.0,HOLD_CASH
2010-07-14,5,MCD,MKC,46.3221,14.3959,0.0,0,0.0,0.0,0.0,HOLD_CASH
2010-07-15,5,MCD,MKC,46.6031,14.3664,0.0,0,0.0,0.0,0.0,HOLD_CASH
2010-07-16,5,MCD,MKC,45.6949,14.1564,0.0,0,0.0,0.0,0.0,HOLD_CASH
2010-07-19,5,MCD,MKC,45.6753,14.1527,0.0,0,0.0,0.0,0.0,HOLD_CASH
2010-07-20,5,MCD,MKC,46.3025,14.3333,0.0,0,0.0,0.0,0.0,HOLD_CASH
2010-07-21,5,MCD,MKC,45.806,14.2522,0.0,0,0.0,0.0,0.0,HOLD_CASH
2010-07-22,5,MCD,MKC,46.6488,14.3222,0.0,0,0.0,0.0,0.0,HOLD_CASH
2010-07-23,5,MCD,MKC,45.6688,14.3627,0.0,0,0.0,0.0,0.0,HOLD_CASH
2010-07-26,5,MCD,MKC,46.3025,14.5249,0.0,0,0.0,0.0,0.0,HOLD_CASH
2010-07-27,5,MCD,MKC,45.9955,14.7054,0.0,0,0.0,0.0,0.0,HOLD_CASH
2010-07-28,5,MCD,MKC,45.5838,14.558,0.0,0,0.0,0.0,0.0,HOLD_CASH
2010-07-29,5,MCD,MKC,45.329,14.3333,0.0,0,0.0,0.0,0.0,HOLD_CASH
2010-07-30,5,MCD,MKC,45.5577,14.4917,0.0,0,0.0,0.0,0.0,HOLD_CASH
2010-08-02,5,MCD,MKC,45.8974,14.6317,-0.9858,0,0.0,0.0,0.0,HOLD_CASH
2010-08-03,5,MCD,MKC,46.0281,14.6723,-1.1099,0,0.0,0.0,0.0,HOLD_CASH
2010-08-04,5,MCD,MKC,46.1849,14.8491,-1.757,0,0.0,0.0,0.0,HOLD_CASH
2010-08-05,5,MCD,MKC,46.0281,14.5986,-0.752,0,0.0,0.0,0.0,HOLD_CASH
2010-08-06,5,MCD,MKC,46.8709,14.488,0.9503,0,0.0,0.0,0.0,HOLD_CASH
2010-08-09,5,MCD,MKC,47.6418,14.5875,1.4665,0,0.0,0.0,0.0,HOLD_CASH
2010-08-10,5,MCD,MKC,47.5896,14.676,1.0209,0,0.0,0.0,0.0,HOLD_CASH
2010-08-11,5,MCD,MKC,46.7598,14.5617,0.4051,0,0.0,0.0,0.0,HOLD_CASH
2010-08-12,5,MCD,MKC,47.08,14.687,0.3411,0,0.0,0.0,0.0,HOLD_CASH
2010-08-13,5,MCD,MKC,46.9689,14.6465,0.3944,0,0.0,0.0,0.0,HOLD_CASH
2010-08-16,5,MCD,MKC,46.9036,14.6207,0.4451,0,0.0,0.0,0.0,HOLD_CASH
2010-08-17,5,MCD,MKC,47.8379,14.8418,0.777,0,0.0,0.0,0.0,HOLD_CASH
2010-08-18,5,MCD,MKC,47.8575,14.9744,0.2196,0,0.0,0.0,0.0,HOLD_CASH
2010-08-19,5,MCD,MKC,47.6745,14.9449,0.1748,0,0.0,0.0,0.0,HOLD_CASH
2010-08-20,5,MCD,MKC,47.7464,15.0702,-0.3139,0,0.0,0.0,0.0,HOLD_CASH
2010-08-23,5,MCD,MKC,47.9163,14.9339,0.5835,0,0.0,0.0,0.0,HOLD_CASH
2010-08-24,5,MCD,MKC,47.5112,14.6023,1.4348,0,0.0,0.0,0.0,HOLD_CASH
2010-08-25,5,MCD,MKC,47.8183,14.5875,1.7328,0,0.0,0.0,0.0,HOLD_CASH
2010-08-26,5,MCD,MKC,47.7987,14.5765,1.5438,0,0.0,0.0,0.0,HOLD_CASH
2010-08-27,5,MCD,MKC,48.3409,14.7754,1.2603,0,0.0,0.0,0.0,HOLD_CASH
2010-08-30,5,MCD,MKC,47.8802,14.6502,1.0901,0,0.0,0.0,0.0,HOLD_CASH
2010-08-31,5,MCD,MKC,48.0908,14.6907,1.1063,0,0.0,0.0,0.0,HOLD_CASH
2010-09-01,5,MCD,MKC,49.065,14.8712,1.6409,0,0.0,0.0,0.0,HOLD_CASH
2010-09-02,5,MCD,MKC,49.381,14.9302,1.6992,0,0.0,0.0,0.0,HOLD_CASH
2010-09-03,5,MCD,MKC,49.427,14.9412,1.5172,0,0.0,0.0,0.0,HOLD_CASH
2010-09-07,5,MCD,MKC,49.8944,14.9486,1.9058,0,0.0,0.0,0.0,HOLD_CASH
2010-09-08,5,MCD,MKC,50.0787,15.1144,1.2663,0,0.0,0.0,0.0,HOLD_CASH
2010-09-09,5,MCD,MKC,48.9531,15.0739,-0.089,0,0.0,0.0,0.0,HOLD_CASH
2010-09-10,5,MCD,MKC,49.3744,15.0592,0.4831,0,0.0,0.0,0.0,HOLD_CASH
2010-09-13,5,MCD,MKC,49.0848,15.0113,0.2397,0,0.0,0.0,0.0,HOLD_CASH
2010-09-14,5,MCD,MKC,48.6701,15.0186,-0.4378,0,0.0,0.0,0.0,HOLD_CASH
2010-09-15,5,MCD,MKC,49.1769,15.0886,-0.067,0,0.0,0.0,0.0,HOLD_CASH
2010-09-16,5,MCD,MKC,49.2361,15.096,-0.0952,0,0.0,0.0,0.0,HOLD_CASH
2010-09-17,5,MCD,MKC,48.9202,15.1955,-1.2273,0,0.0,0.0,0.0,HOLD_CASH
2010-09-20,5,MCD,MKC,49.4402,15.295,-1.173,0,0.0,0.0,0.0,HOLD_CASH
2010-09-21,5,MCD,MKC,49.7035,15.2434,-0.4213,0,0.0,0.0,0.0,HOLD_CASH
2010-09-22,5,MCD,MKC,49.4534,15.2434,-0.9594,0,0.0,0.0,0.0,HOLD_CASH
2010-09-23,5,MCD,MKC,49.1308,15.1255,-0.7614,0,0.0,0.0,0.0,HOLD_CASH
2010-09-24,5,MCD,MKC,49.4336,15.3723,-1.623,0,0.0,0.0,0.0,HOLD_CASH
2010-09-27,5,MCD,MKC,49.2098,15.2765,-1.3052,0,0.0,0.0,0.0,HOLD_CASH
2010-09-28,5,MCD,MKC,49.1243,15.1439,-0.5907,0,0.0,0.0,0.0,HOLD_CASH
2010-09-29,5,MCD,MKC,49.0058,15.1439,-0.7556,0,0.0,0.0,0.0,HOLD_CASH
2010-09-30,5,MCD,MKC,49.0453,15.4902,-2.2796,1,0.0,-0.5,-0.5,ENTER_LONG_A
2010-10-01,5,MCD,MKC,49.3151,15.3502,-0.9858,1,3.6353,-0.5,3.1353,HOLDING
2010-10-04,5,MCD,MKC,49.3349,15.3134,-0.6731,1,4.3307,-0.5,3.8307,HOLDING
2010-10-05,5,MCD,MKC,49.9076,15.3613,0.2309,1,6.4767,-0.5,5.9767,HOLDING
2010-10-06,5,MCD,MKC,49.7364,15.4614,-0.8025,1,3.9887,-0.5,3.4887,HOLDING
2010-10-07,5,MCD,MKC,49.9339,15.4503,-0.1773,1,5.1747,-0.5,4.6747,HOLDING
2010-10-08,5,MCD,MKC,50.0919,15.4577,0.259,1,5.8602,-0.5,5.3602,HOLDING
2010-10-11,5,MCD,MKC,49.7562,15.6023,-1.7413,1,1.8152,-0.5,1.3152,HOLDING
2010-10-12,5,MCD,MKC,49.7496,15.5875,-1.4442,1,2.0211,-0.5,1.5211,HOLDING
2010-10-13,5,MCD,MKC,49.8615,15.758,-2.1297,1,-0.1611,-0.5,-0.6611,HOLDING
2010-10-14,5,MCD,MKC,50.7106,15.784,-0.3024,1,3.7482,-0.5,3.2482,HOLDING
2010-10-15,5,MCD,MKC,51.0002,15.9137,-0.572,1,3.1302,-0.5,2.6302,HOLDING
2010-10-18,5,MCD,MKC,50.8949,16.0176,-1.4211,1,0.9178,-0.5,0.4178,HOLDING
2010-10-19,5,MCD,MKC,50.6777,15.7617,0.0067,1,3.9395,-0.5,3.4395,HOLDING
2010-10-20,5,MCD,MKC,50.9542,15.8692,-0.0993,1,3.6134,-0.5,3.1134,HOLDING
2010-10-21,5,MCD,MKC,51.6321,15.9582,0.917,1,5.6331,-0.5,5.1331,HOLDING
2010-10-22,5,MCD,MKC,51.7045,16.0917,0.0196,1,3.848,-0.5,3.348,HOLDING
2010-10-25,5,MCD,MKC,51.8033,16.0139,0.8579,1,5.6078,-0.5,5.1078,HOLDING
2010-10-26,5,MCD,MKC,51.8428,16.0658,0.5935,1,4.9714,-0.5,4.4714,HOLDING
2010-10-27,5,MCD,MKC,51.0002,15.9323,-0.4079,1,2.8309,-0.5,2.3309,HOLDING
2010-10-28,5,MCD,MKC,51.0002,16.1251,-1.9978,1,-0.2807,-0.5,-0.7807,HOLDING
2010-10-29,5,MCD,MKC,51.1911,16.3883,-2.6883,1,-3.5563,-0.5,-4.0563,HOLDING
2010-11-01,5,MCD,MKC,51.2635,16.3031,-1.7282,1,-1.811,-0.5,-2.311,HOLDING
2010-11-02,5,MCD,MKC,51.6058,16.3216,-1.0978,1,-0.3654,-0.5,-0.8654,HOLDING
2010-11-03,5,MCD,MKC,51.6716,16.3105,-0.8257,1,0.1496,-0.5,-0.3504,HOLDING
2010-11-04,5,MCD,MKC,52.1193,16.5404,-1.2097,1,-1.2788,-0.5,-1.7788,HOLDING
2010-11-05,5,MCD,MKC,52.1982,16.5737,-1.1498,1,-1.4149,-0.5,-1.9149,HOLDING
2010-11-08,5,MCD,MKC,52.2048,16.6145,-1.2477,1,-2.0397,-0.5,-2.5397,HOLDING
2010-11-09,5,MCD,MKC,52.0666,16.4699,-0.6285,1,-0.4104,-0.5,-0.9104,HOLDING
2010-11-10,5,MCD,MKC,52.3299,16.4032,0.1763,1,2.0088,-0.5,1.5088,HOLDING
2010-11-11,5,MCD,MKC,52.4615,16.3253,0.8513,1,3.9364,-0.5,3.4364,HOLDING
2010-11-12,5,MCD,MKC,51.902,16.1881,0.6361,1,3.2987,-0.5,2.7987,HOLDING
2010-11-15,5,MCD,MKC,52.0468,16.2437,0.5338,1,3.1392,-0.5,2.6392,HOLDING
2010-11-16,5,MCD,MKC,50.9607,16.0769,-0.4,1,0.2957,-0.5,-0.2043,HOLDING
2010-11-17,5,MCD,MKC,51.5861,16.1288,0.4653,1,2.6456,-0.5,2.1456,HOLDING
2010-11-18,5,MCD,MKC,52.0139,16.3735,-0.1,1,0.8771,-0.5,0.3771,HOLDING
2010-11-19,5,MCD,MKC,52.422,16.3587,0.8142,1,3.1966,-0.5,2.6966,HOLDING
2010-11-22,5,MCD,MKC,52.343,16.418,0.3944,1,1.8365,-0.5,1.3365,HOLDING
2010-11-23,5,MCD,MKC,52.0073,16.2734,0.7815,1,2.4591,-0.5,1.9591,HOLDING
2010-11-24,5,MCD,MKC,52.3167,16.4885,-0.0487,1,0.5653,-0.5,0.0653,HOLDING
2010-11-26,5,MCD,MKC,51.698,16.4143,-0.9359,1,-1.3917,-0.5,-1.8917,HOLDING
2010-11-29,5,MCD,MKC,51.9169,16.3698,-0.1931,1,0.4422,-0.5,-0.0578,HOLDING
2010-11-30,5,MCD,MKC,51.9434,16.3179,0.2482,1,1.4152,-0.5,0.9152,HOLDING
2010-12-01,5,MCD,MKC,52.6002,16.4625,0.7221,1,2.4292,-0.5,1.9292,HOLDING
2010-12-02,5,MCD,MKC,52.6599,17.015,-2.8443,1,-6.1828,-0.5,-6.6828,HOLDING
2010-12-03,5,MCD,MKC,52.912,17.1521,-2.5313,1,-7.1118,-0.5,-7.6118,HOLDING
2010-12-06,5,MCD,MKC,52.7926,17.1076,-2.1145,1,-7.0022,-0.5,-7.5022,HOLDING
2010-12-07,5,MCD,MKC,53.2967,17.2597,-1.8239,1,-6.8859,-0.5,-7.3859,HOLDING
2010-12-08,5,MCD,MKC,52.2353,17.1892,-2.3642,1,-11.1594,-0.5,-11.6594,HOLDING
2010-12-09,5,MCD,MKC,51.4857,17.2263,-2.5556,1,-15.5789,-0.5,-16.0789,HOLDING
2010-12-10,5,MCD,MKC,51.4525,17.2448,-2.1711,1,-16.0471,-0.5,-16.5471,HOLDING
2010-12-13,5,MCD,MKC,51.154,17.2189,-1.9856,1,-17.15,-0.5,-17.65,HOLDING
2010-12-14,5,MCD,MKC,51.154,17.3709,-1.9679,1,-19.6033,-0.5,-20.1033,HOLDING
2010-12-15,5,MCD,MKC,51.0677,17.3561,-1.7246,1,-19.8038,-0.5,-20.3038,HOLDING
2010-12-16,5,MCD,MKC,50.8886,17.5637,-1.9023,1,-24.0676,-0.5,-24.5676,HOLDING
2010-12-17,5,MCD,MKC,50.955,17.6898,-1.7893,1,-25.7641,-0.5,-26.2641,HOLDING
2010-12-20,5,MCD,MKC,51.0279,17.5563,-1.3806,1,-23.2378,-0.5,-23.7378,HOLDING
2010-12-21,5,MCD,MKC,50.9881,17.4376,-1.1013,1,-21.5258,-0.5,-22.0258,HOLDING
2010-12-22,5,MCD,MKC,51.0876,17.4043,-0.9042,1,-20.4801,-0.5,-20.9801,HOLDING
2010-12-23,5,MCD,MKC,51.0545,17.3783,-0.7958,1,-20.2303,-0.5,-20.7303,HOLDING
2010-12-27,5,MCD,MKC,50.7029,17.4043,-0.9465,1,-22.4414,-0.5,-22.9414,HOLDING
2010-12-28,5,MCD,MKC,50.7029,17.4043,-0.8657,1,-22.4414,-0.5,-22.9414,HOLDING
2010-12-29,5,MCD,MKC,51.0744,17.4192,-0.5918,1,-20.7886,-0.5,-21.2886,HOLDING
2010-12-30,5,MCD,MKC,50.9218,17.4192,-0.6518,1,-21.5663,-0.5,-22.0663,HOLDING
2010-12-31,5,MCD,MKC,50.9218,17.3558,-0.4198,1,0.0,-21.5826,-21.5826,PERIOD_END_EXIT
2010-07-06,6,EIX,ETR,17.703,18.6465,0.0,0,0.0,0.0,0.0,HOLD_CASH
2010-07-07,6,EIX,ETR,18.321,19.1916,0.0,0,0.0,0.0,0.0,HOLD_CASH
2010-07-08,6,EIX,ETR,18.5233,19.282,0.0,0,0.0,0.0,0.0,HOLD_CASH
2010-07-09,6,EIX,ETR,18.5738,19.6617,0.0,0,0.0,0.0,0.0,HOLD_CASH
2010-07-12,6,EIX,ETR,18.512,19.6359,0.0,0,0.0,0.0,0.0,HOLD_CASH
2010-07-13,6,EIX,ETR,18.6132,19.778,0.0,0,0.0,0.0,0.0,HOLD_CASH
2010-07-14,6,EIX,ETR,18.6525,19.6798,0.0,0,0.0,0.0,0.0,HOLD_CASH
2010-07-15,6,EIX,ETR,18.7199,19.902,0.0,0,0.0,0.0,0.0,HOLD_CASH
2010-07-16,6,EIX,ETR,18.2873,19.623,0.0,0,0.0,0.0,0.0,HOLD_CASH
2010-07-19,6,EIX,ETR,18.5795,20.057,0.0,0,0.0,0.0,0.0,HOLD_CASH
2010-07-20,6,EIX,ETR,18.5401,20.15,0.0,0,0.0,0.0,0.0,HOLD_CASH
2010-07-21,6,EIX,ETR,18.1862,19.7754,0.0,0,0.0,0.0,0.0,HOLD_CASH
2010-07-22,6,EIX,ETR,18.4896,20.2197,0.0,0,0.0,0.0,0.0,HOLD_CASH
2010-07-23,6,EIX,ETR,18.4896,20.2249,0.0,0,0.0,0.0,0.0,HOLD_CASH
2010-07-26,6,EIX,ETR,18.5401,20.3618,0.0,0,0.0,0.0,0.0,HOLD_CASH
2010-07-27,6,EIX,ETR,18.9446,20.6098,0.0,0,0.0,0.0,0.0,HOLD_CASH
2010-07-28,6,EIX,ETR,18.8604,20.4987,0.0,0,0.0,0.0,0.0,HOLD_CASH
2010-07-29,6,EIX,ETR,18.7255,20.2016,0.0,0,0.0,0.0,0.0,HOLD_CASH
2010-07-30,6,EIX,ETR,18.6244,20.0234,0.0,0,0.0,0.0,0.0,HOLD_CASH
2010-08-02,6,EIX,ETR,19.1244,20.553,-0.1151,0,0.0,0.0,0.0,HOLD_CASH
2010-08-03,6,EIX,ETR,18.9671,20.4548,-0.2715,0,0.0,0.0,0.0,HOLD_CASH
2010-08-04,6,EIX,ETR,18.9952,20.3928,0.1186,0,0.0,0.0,0.0,HOLD_CASH
2010-08-05,6,EIX,ETR,18.939,20.5323,-0.5216,0,0.0,0.0,0.0,HOLD_CASH
2010-08-06,6,EIX,ETR,19.1019,20.6021,0.0008,0,0.0,0.0,0.0,HOLD_CASH
2010-08-09,6,EIX,ETR,19.0795,20.5762,0.0898,0,0.0,0.0,0.0,HOLD_CASH
2010-08-10,6,EIX,ETR,19.1581,20.7668,-0.3351,0,0.0,0.0,0.0,HOLD_CASH
2010-08-11,6,EIX,ETR,18.7087,20.5136,-1.5413,0,0.0,0.0,0.0,HOLD_CASH
2010-08-12,6,EIX,ETR,18.7255,20.3413,-0.3278,0,0.0,0.0,0.0,HOLD_CASH
2010-08-13,6,EIX,ETR,19.0682,20.3909,1.7868,0,0.0,0.0,0.0,HOLD_CASH
2010-08-16,6,EIX,ETR,19.0233,20.4039,1.2837,0,0.0,0.0,0.0,HOLD_CASH
2010-08-17,6,EIX,ETR,19.0739,20.6833,-0.1536,0,0.0,0.0,0.0,HOLD_CASH
2010-08-18,6,EIX,ETR,19.0121,20.7224,-0.8001,0,0.0,0.0,0.0,HOLD_CASH
2010-08-19,6,EIX,ETR,18.8435,20.3256,0.4755,0,0.0,0.0,0.0,HOLD_CASH
2010-08-20,6,EIX,ETR,19.0233,20.2212,2.0765,-1,0.0,-0.5,-0.5,ENTER_SHORT_A
2010-08-23,6,EIX,ETR,19.0345,20.464,0.6023,-1,2.8538,-0.5,2.3538,HOLDING
2010-08-24,6,EIX,ETR,19.0739,20.4065,1.1525,-1,1.627,-0.5,1.127,HOLDING
2010-08-25,6,EIX,ETR,18.9783,20.4431,0.1602,-1,3.334,-0.5,2.834,HOLDING
2010-08-26,6,EIX,ETR,18.6806,20.2316,-0.5727,-1,4.6331,-0.5,4.1331,HOLDING
2010-08-27,6,EIX,ETR,19.0907,20.7903,-1.2107,-1,6.1499,-0.5,5.6499,HOLDING
2010-08-30,6,EIX,ETR,18.7873,20.4535,-1.0573,-1,5.9736,-0.5,5.4736,HOLDING
2010-08-31,6,EIX,ETR,18.9615,20.5814,-0.6135,-1,5.266,-0.5,4.766,HOLDING
2010-09-01,6,EIX,ETR,19.5121,20.9704,0.6919,-1,2.8394,-0.5,2.3394,HOLDING
2010-09-02,6,EIX,ETR,19.4447,20.866,0.8152,-1,2.4344,-0.5,1.9344,HOLDING
2010-09-03,6,EIX,ETR,19.5964,20.8764,1.5623,-1,0.57,-0.5,0.07,HOLDING
2010-09-07,6,EIX,ETR,19.4896,20.8242,1.1093,-1,1.3274,-0.5,0.8274,HOLDING
2010-09-08,6,EIX,ETR,19.3716,20.7851,0.5614,-1,2.3938,-0.5,1.8938,HOLDING
2010-09-09,6,EIX,ETR,19.4896,20.9678,0.1554,-1,3.1026,-0.5,2.6026,HOLDING
2010-09-10,6,EIX,ETR,19.3211,20.9078,-0.65,-1,4.575,-0.5,4.075,HOLDING
2010-09-13,6,EIX,ETR,19.1637,20.7694,-0.7733,-1,4.9318,-0.5,4.4318,HOLDING
2010-09-14,6,EIX,ETR,19.293,20.3987,2.1654,-1,-1.3492,-0.5,-1.8492,HOLDING
2010-09-15,6,EIX,ETR,19.0345,20.4588,0.1748,-1,2.7893,-0.5,2.2893,HOLDING
2010-09-16,6,EIX,ETR,18.9896,20.2838,0.8411,-1,1.2176,-0.5,0.7176,HOLDING
2010-09-17,6,EIX,ETR,19.0177,20.0176,2.1878,-1,-2.4436,-0.5,-2.9436,HOLDING
2010-09-20,6,EIX,ETR,19.3829,20.0358,2.9689,-1,-7.0169,-0.5,-7.5169,HOLDING
2010-09-21,6,EIX,ETR,19.4952,19.9393,2.7585,-1,-9.6877,-0.5,-10.1877,HOLDING
2010-09-22,6,EIX,ETR,19.557,20.1142,2.0198,-1,-8.3373,-0.5,-8.8373,HOLDING
2010-09-23,6,EIX,ETR,19.4166,19.9445,1.7889,-1,-8.5895,-0.5,-9.0895,HOLDING
2010-09-24,6,EIX,ETR,19.4896,20.1142,1.3851,-1,-7.4512,-0.5,-7.9512,HOLDING
2010-09-27,6,EIX,ETR,19.4334,20.1664,1.0201,-1,-6.0677,-0.5,-6.5677,HOLDING
2010-09-28,6,EIX,ETR,19.7141,20.2473,1.3658,-1,-8.7555,-0.5,-9.2555,HOLDING
2010-09-29,6,EIX,ETR,19.5667,20.1638,1.095,-1,-7.8508,-0.5,-8.3508,HOLDING
2010-09-30,6,EIX,ETR,19.4986,19.9784,1.2327,-1,-9.2484,-0.5,-9.7484,HOLDING
2010-10-01,6,EIX,ETR,19.6347,20.1455,1.0553,-1,-8.9708,-0.5,-9.4708,HOLDING
2010-10-04,6,EIX,ETR,19.6687,20.0123,1.2944,-1,-11.064,-0.5,-11.564,HOLDING
2010-10-05,6,EIX,ETR,19.8558,20.2682,1.0374,-1,-10.36,-0.5,-10.86,HOLDING
2010-10-06,6,EIX,ETR,19.7027,20.015,1.1375,-1,-11.4788,-0.5,-11.9788,HOLDING
2010-10-07,6,EIX,ETR,19.8048,19.9549,1.3699,-1,-13.5623,-0.5,-14.0623,HOLDING
2010-10-08,6,EIX,ETR,19.9579,19.8714,1.7517,-1,-16.6072,-0.5,-17.1072,HOLDING
2010-10-11,6,EIX,ETR,20.0429,20.1377,1.2841,-1,-14.4327,-0.5,-14.9327,HOLDING
2010-10-12,6,EIX,ETR,20.0883,20.0515,1.4588,-1,-16.0938,-0.5,-16.5938,HOLDING
2010-10-13,6,EIX,ETR,20.1393,20.1794,1.2381,-1,-15.183,-0.5,-15.683,HOLDING
2010-10-14,6,EIX,ETR,20.1336,20.1011,1.4511,-1,-16.0767,-0.5,-16.5767,HOLDING
2010-10-15,6,EIX,ETR,20.196,20.0933,1.5995,-1,-16.9931,-0.5,-17.4931,HOLDING
2010-10-18,6,EIX,ETR,20.3945,20.2212,1.6294,-1,-18.0197,-0.5,-18.5197,HOLDING
2010-10-19,6,EIX,ETR,20.2244,19.9784,1.6412,-1,-18.7858,-0.5,-19.2858,HOLDING
2010-10-20,6,EIX,ETR,20.4001,20.1298,1.5141,-1,-19.2237,-0.5,-19.7237,HOLDING
2010-10-21,6,EIX,ETR,20.3378,19.6521,2.2739,-1,-24.3103,-0.5,-24.8103,HOLDING
2010-10-22,6,EIX,ETR,20.4058,19.472,2.3755,-1,-27.4315,-0.5,-27.9315,HOLDING
2010-10-25,6,EIX,ETR,20.4455,19.2475,2.4391,-1,-30.7286,-0.5,-31.2286,HOLDING
2010-10-26,6,EIX,ETR,20.3888,19.3441,1.8322,-1,-28.7893,-0.5,-29.2893,HOLDING
2010-10-27,6,EIX,ETR,20.3605,19.1248,1.9148,-1,-31.128,-0.5,-31.628,HOLDING
2010-10-28,6,EIX,ETR,20.3945,19.3101,1.4565,-1,-29.2835,-0.5,-29.7835,HOLDING
2010-10-29,6,EIX,ETR,20.9218,19.4563,1.8276,-1,-34.4058,-0.5,-34.9058,HOLDING
2010-11-01,6,EIX,ETR,21.0011,19.2736,1.9436,-1,-37.7081,-0.5,-38.2081,HOLDING
2010-11-02,6,EIX,ETR,21.0805,19.4641,1.5691,-1,-36.3952,-0.5,-36.8952,HOLDING
2010-11-03,6,EIX,ETR,21.0635,19.4902,1.3595,-1,-35.849,-0.5,-36.349,HOLDING
2010-11-04,6,EIX,ETR,21.4491,19.6834,1.4441,-1,-38.5274,-0.5,-39.0274,HOLDING
2010-11-05,6,EIX,ETR,21.6702,19.6834,1.5463,-1,-41.4334,-0.5,-41.9334,HOLDING
2010-11-08,6,EIX,ETR,21.296,19.6338,1.0192,-1,-37.1288,-0.5,-37.6288,HOLDING
2010-11-09,6,EIX,ETR,21.296,19.4913,1.1216,-1,-38.8911,-0.5,-39.3911,HOLDING
2010-11-10,6,EIX,ETR,21.2676,19.354,1.1879,-1,-40.2155,-0.5,-40.7155,HOLDING
2010-11-11,6,EIX,ETR,21.5681,19.3778,1.4506,-1,-43.871,-0.5,-44.371,HOLDING
2010-11-12,6,EIX,ETR,21.3016,19.0742,1.4373,-1,-44.1219,-0.5,-44.6219,HOLDING
2010-11-15,6,EIX,ETR,21.415,19.1508,1.3828,-1,-44.6656,-0.5,-45.1656,HOLDING
2010-11-16,6,EIX,ETR,21.1712,19.0029,1.1925,-1,-43.2892,-0.5,-43.7892,HOLDING
2010-11-17,6,EIX,ETR,21.2393,19.1772,0.9425,-1,-42.0296,-0.5,-42.5296,HOLDING
2010-11-18,6,EIX,ETR,21.5228,19.3197,1.1385,-1,-43.9928,-0.5,-44.4928,HOLDING
2010-11-19,6,EIX,ETR,21.4604,19.4649,0.5653,-1,-41.3781,-0.5,-41.8781,HOLDING
2010-11-22,6,EIX,ETR,21.398,19.3804,0.5659,-1,-41.6031,-0.5,-42.1031,HOLDING
2010-11-23,6,EIX,ETR,21.0635,19.098,0.4298,-1,-40.6988,-0.5,-41.1988,HOLDING
2010-11-24,6,EIX,ETR,21.2903,19.1349,0.9026,-1,-43.2223,-0.5,-43.7223,HOLDING
2010-11-26,6,EIX,ETR,21.0125,19.09,0.0517,-1,-40.126,-0.5,-40.626,HOLDING
2010-11-29,6,EIX,ETR,20.9501,18.9924,0.1415,-1,-40.5138,-0.5,-41.0138,HOLDING
2010-11-30,6,EIX,ETR,20.9444,18.805,0.9555,-1,-42.7564,-0.5,-43.2564,HOLDING
2010-12-01,6,EIX,ETR,21.3016,18.966,1.5986,-1,-45.4599,-0.5,-45.9599,HOLDING
2010-12-02,6,EIX,ETR,21.4264,19.098,1.4247,-1,-45.4675,-0.5,-45.9675,HOLDING
2010-12-03,6,EIX,ETR,21.5851,19.1085,1.8889,-1,-47.4233,-0.5,-47.9233,HOLDING
2010-12-06,6,EIX,ETR,21.6759,18.8287,2.7601,-1,-52.0748,-0.5,-52.5748,HOLDING
2010-12-07,6,EIX,ETR,21.8289,18.5859,3.0813,-1,-57.0889,-0.5,-57.5889,HOLDING
2010-12-08,6,EIX,ETR,21.7269,18.3272,2.7255,-1,-58.9461,-0.5,-59.4461,HOLDING
2010-12-09,6,EIX,ETR,21.4491,18.4301,1.6109,-1,-54.0221,-0.5,-54.5221,HOLDING
2010-12-10,6,EIX,ETR,21.6475,18.5753,1.4776,-1,-54.8351,-0.5,-55.3351,HOLDING
2010-12-13,6,EIX,ETR,21.7496,18.6545,1.3376,-1,-55.1973,-0.5,-55.6973,HOLDING
2010-12-14,6,EIX,ETR,21.8176,18.6651,1.2925,-1,-55.9608,-0.5,-56.4608,HOLDING
2010-12-15,6,EIX,ETR,21.4037,18.5542,0.7051,-1,-51.8922,-0.5,-52.3922,HOLDING
2010-12-16,6,EIX,ETR,21.8006,18.5885,1.2122,-1,-56.6837,-0.5,-57.1837,HOLDING
2010-12-17,6,EIX,ETR,21.931,18.6123,1.247,-1,-58.104,-0.5,-58.604,HOLDING
2010-12-20,6,EIX,ETR,22.033,18.6862,1.153,-1,-58.5312,-0.5,-59.0312,HOLDING
2010-12-21,6,EIX,ETR,22.0217,18.6123,1.1638,-1,-59.2961,-0.5,-59.7961,HOLDING
2010-12-22,6,EIX,ETR,21.9253,18.8921,0.3636,-1,-54.57,-0.5,-55.07,HOLDING
2010-12-23,6,EIX,ETR,21.9423,18.8868,0.3351,-1,-54.8588,-0.5,-55.3588,HOLDING
2010-12-27,6,EIX,ETR,22.0784,18.8578,0.5882,-1,-57.0062,-0.5,-57.5062,HOLDING
2010-12-28,6,EIX,ETR,22.2202,18.8736,0.7966,-1,-58.6732,-0.5,-59.1732,HOLDING
2010-12-29,6,EIX,ETR,22.1458,18.7627,0.8834,-1,-59.0671,-0.5,-59.5671,HOLDING
2010-12-30,6,EIX,ETR,22.1001,18.6888,0.9471,-1,-59.38,-0.5,-59.88,HOLDING
2010-12-31,6,EIX,ETR,22.0658,18.6967,0.8021,-1,0.0,-59.8524,-59.8524,PERIOD_END_EXIT
2010-07-06,7,CLX,LH,38.7068,60.7428,0.0,0,0.0,0.0,0.0,HOLD_CASH
2010-07-07,7,CLX,LH,39.5132,61.3896,0.0,0,0.0,0.0,0.0,HOLD_CASH
2010-07-08,7,CLX,LH,39.982,61.9053,0.0,0,0.0,0.0,0.0,HOLD_CASH
2010-07-09,7,CLX,LH,40.082,60.8493,0.0,0,0.0,0.0,0.0,HOLD_CASH
2010-07-12,7,CLX,LH,40.2383,61.2913,0.0,0,0.0,0.0,0.0,HOLD_CASH
2010-07-13,7,CLX,LH,40.5634,62.0854,0.0,0,0.0,0.0,0.0,HOLD_CASH
2010-07-14,7,CLX,LH,40.6634,62.4538,0.0,0,0.0,0.0,0.0,HOLD_CASH
2010-07-15,7,CLX,LH,40.7697,62.6912,0.0,0,0.0,0.0,0.0,HOLD_CASH
2010-07-16,7,CLX,LH,40.2633,61.4223,0.0,0,0.0,0.0,0.0,HOLD_CASH
2010-07-19,7,CLX,LH,40.5759,61.6188,0.0,0,0.0,0.0,0.0,HOLD_CASH
2010-07-20,7,CLX,LH,40.7697,62.8713,0.0,0,0.0,0.0,0.0,HOLD_CASH
2010-07-21,7,CLX,LH,40.2508,62.1754,0.0,0,0.0,0.0,0.0,HOLD_CASH
2010-07-22,7,CLX,LH,40.5946,59.1383,0.0,0,0.0,0.0,0.0,HOLD_CASH
2010-07-23,7,CLX,LH,40.9009,59.7277,0.0,0,0.0,0.0,0.0,HOLD_CASH
2010-07-26,7,CLX,LH,41.4494,60.9066,0.0,0,0.0,0.0,0.0,HOLD_CASH
2010-07-27,7,CLX,LH,41.7331,60.9966,0.0,0,0.0,0.0,0.0,HOLD_CASH
2010-07-28,7,CLX,LH,41.4053,60.2762,0.0,0,0.0,0.0,0.0,HOLD_CASH
2010-07-29,7,CLX,LH,40.9135,59.9569,0.0,0,0.0,0.0,0.0,HOLD_CASH
2010-07-30,7,CLX,LH,40.9009,59.7441,0.0,0,0.0,0.0,0.0,HOLD_CASH
2010-08-02,7,CLX,LH,40.7875,61.2913,0.1516,0,0.0,0.0,0.0,HOLD_CASH
2010-08-03,7,CLX,LH,40.6425,61.4305,-0.1598,0,0.0,0.0,0.0,HOLD_CASH
2010-08-04,7,CLX,LH,40.9135,61.9298,-0.2884,0,0.0,0.0,0.0,HOLD_CASH
2010-08-05,7,CLX,LH,40.9261,62.0035,-0.3915,0,0.0,0.0,0.0,HOLD_CASH
2010-08-06,7,CLX,LH,41.027,61.807,-0.1516,0,0.0,0.0,0.0,HOLD_CASH
2010-08-09,7,CLX,LH,41.525,61.7334,0.4067,0,0.0,0.0,0.0,HOLD_CASH
2010-08-10,7,CLX,LH,41.5313,62.6584,-0.3178,0,0.0,0.0,0.0,HOLD_CASH
2010-08-11,7,CLX,LH,40.7433,61.3486,-0.2815,0,0.0,0.0,0.0,HOLD_CASH
2010-08-12,7,CLX,LH,40.674,61.7416,-0.7377,0,0.0,0.0,0.0,HOLD_CASH
2010-08-13,7,CLX,LH,40.5416,61.4059,-0.6545,0,0.0,0.0,0.0,HOLD_CASH
2010-08-16,7,CLX,LH,40.5038,61.2831,-0.6129,0,0.0,0.0,0.0,HOLD_CASH
2010-08-17,7,CLX,LH,40.882,62.2737,-1.0444,0,0.0,0.0,0.0,HOLD_CASH
2010-08-18,7,CLX,LH,41.0775,62.2164,-0.852,0,0.0,0.0,0.0,HOLD_CASH
2010-08-19,7,CLX,LH,40.5983,61.3568,-0.6458,0,0.0,0.0,0.0,HOLD_CASH
2010-08-20,7,CLX,LH,40.6109,62.0199,-1.187,0,0.0,0.0,0.0,HOLD_CASH
2010-08-23,7,CLX,LH,40.5353,61.8971,-1.0721,0,0.0,0.0,0.0,HOLD_CASH
2010-08-24,7,CLX,LH,40.7307,61.8316,-0.6183,0,0.0,0.0,0.0,HOLD_CASH
2010-08-25,7,CLX,LH,40.6046,62.3146,-1.3627,0,0.0,0.0,0.0,HOLD_CASH
2010-08-26,7,CLX,LH,40.4407,61.4632,-0.5205,0,0.0,0.0,0.0,HOLD_CASH
2010-08-27,7,CLX,LH,40.7749,61.5778,0.3804,0,0.0,0.0,0.0,HOLD_CASH
2010-08-30,7,CLX,LH,40.5101,60.5546,1.754,0,0.0,0.0,0.0,HOLD_CASH
2010-08-31,7,CLX,LH,40.8631,59.4494,3.3102,-1,0.0,-0.5,-0.5,ENTER_SHORT_A
2010-09-01,7,CLX,LH,41.2098,60.5791,2.0045,-1,2.6295,-0.5,2.1295,HOLDING
2010-09-02,7,CLX,LH,41.5124,61.0375,1.7169,-1,2.7059,-0.5,2.2059,HOLDING
2010-09-03,7,CLX,LH,41.7015,61.4387,1.4106,-1,3.2357,-0.5,2.7357,HOLDING
2010-09-07,7,CLX,LH,41.6826,61.0703,1.631,-1,1.8023,-0.5,1.3023,HOLDING
2010-09-08,7,CLX,LH,41.815,60.8329,1.7828,-1,-0.0059,-0.5,-0.5059,HOLDING
2010-09-09,7,CLX,LH,41.8024,62.0445,0.5899,-1,5.1663,-0.5,4.6663,HOLDING
2010-09-10,7,CLX,LH,41.7709,62.7485,-0.1245,-1,8.3196,-0.5,7.8196,HOLDING
2010-09-13,7,CLX,LH,41.7015,59.8014,2.0978,-1,-3.6494,-0.5,-4.1494,HOLDING
2010-09-14,7,CLX,LH,41.9096,61.2504,1.0318,-1,1.1712,-0.5,0.6712,HOLDING
2010-09-15,7,CLX,LH,42.1996,61.7661,0.8665,-1,1.566,-0.5,1.066,HOLDING
2010-09-16,7,CLX,LH,42.1554,61.0048,1.2833,-1,-1.3657,-0.5,-1.8657,HOLDING
2010-09-17,7,CLX,LH,42.0167,61.365,0.7568,-1,0.9976,-0.5,0.4976,HOLDING
2010-09-20,7,CLX,LH,42.6219,62.6339,0.3835,-1,2.631,-0.5,2.131,HOLDING
2010-09-21,7,CLX,LH,42.0609,62.5275,-0.3006,-1,5.616,-0.5,5.116,HOLDING
2010-09-22,7,CLX,LH,41.8655,62.421,-0.5425,-1,6.3641,-0.5,5.8641,HOLDING
2010-09-23,7,CLX,LH,41.6133,62.1345,-0.8148,-1,6.702,-0.5,6.202,HOLDING
2010-09-24,7,CLX,LH,41.7646,62.8958,-1.5078,-1,8.9778,-0.5,8.4778,HOLDING
2010-09-27,7,CLX,LH,41.7835,62.462,-1.075,-1,7.0377,-0.5,6.5377,HOLDING
2010-09-28,7,CLX,LH,41.9915,63.9601,-2.1539,-1,12.0648,-0.5,11.5648,HOLDING
2010-09-29,7,CLX,LH,42.2122,63.9764,-1.5968,-1,10.7837,-0.5,10.2837,HOLDING
2010-09-30,7,CLX,LH,42.0861,64.2057,-1.7377,-1,12.519,-0.5,12.019,HOLDING
2010-10-01,7,CLX,LH,42.2374,63.8782,-1.112,-1,10.2162,-0.5,9.7162,HOLDING
2010-10-04,7,CLX,LH,42.0294,63.7882,-1.1837,-1,11.1104,-0.5,10.6104,HOLDING
2010-10-05,7,CLX,LH,42.042,64.9588,-1.8448,-1,15.9561,-0.5,15.4561,HOLDING
2010-10-06,7,CLX,LH,42.3446,64.7869,-1.2226,-1,13.3819,-0.5,12.8819,HOLDING
2010-10-07,7,CLX,LH,42.3509,64.3448,-0.803,-1,11.4844,-0.5,10.9844,HOLDING
2010-10-08,7,CLX,LH,42.9624,64.9916,-0.5691,-1,10.4629,-0.5,9.9629,HOLDING
2010-10-11,7,CLX,LH,43.0632,65.4009,-0.6975,-1,11.5672,-0.5,11.0672,HOLDING
2010-10-12,7,CLX,LH,43.1389,65.1062,-0.2818,-1,9.865,-0.5,9.365,HOLDING
2010-10-13,7,CLX,LH,43.3091,65.8184,-0.6071,-1,11.8186,-0.5,11.3186,HOLDING
2010-10-14,7,CLX,LH,43.183,64.6559,0.4889,-1,7.7016,-0.5,7.2016,HOLDING
2010-10-15,7,CLX,LH,42.8363,64.7705,-0.1248,-1,10.3048,-0.5,9.8048,HOLDING
2010-10-18,7,CLX,LH,43.0128,65.4582,-0.6374,-1,12.1166,-0.5,11.6166,HOLDING
2010-10-19,7,CLX,LH,42.6346,64.6641,-0.2011,-1,11.0914,-0.5,10.5914,HOLDING
2010-10-20,7,CLX,LH,42.8489,64.1156,1.4198,-1,7.4735,-0.5,6.9735,HOLDING
2010-10-21,7,CLX,LH,42.8678,63.9191,1.8013,-1,6.5317,-0.5,6.0317,HOLDING
2010-10-22,7,CLX,LH,42.9876,64.8033,0.5287,-1,9.5167,-0.5,9.0167,HOLDING
2010-10-25,7,CLX,LH,42.9113,64.5167,0.9135,-1,8.7785,-0.5,8.2785,HOLDING
2010-10-26,7,CLX,LH,42.422,64.8605,-1.0989,-1,13.2182,-0.5,12.7182,HOLDING
2010-10-27,7,CLX,LH,42.1741,65.1307,-1.946,-1,15.8708,-0.5,15.3708,HOLDING
2010-10-28,7,CLX,LH,42.1614,65.712,-2.3639,-1,18.3927,-0.5,17.8927,HOLDING
2010-10-29,7,CLX,LH,42.2949,66.5715,-2.4921,-1,21.1909,-0.5,20.6909,HOLDING
2010-11-01,7,CLX,LH,42.1423,67.0627,-2.5153,-1,24.1896,-0.5,23.6896,HOLDING
2010-11-02,7,CLX,LH,40.3692,67.6685,-3.3448,-1,37.5852,-0.5,37.0852,HOLDING
2010-11-03,7,CLX,LH,40.0323,67.0381,-2.5263,-1,36.9951,-0.5,36.4951,HOLDING
2010-11-04,7,CLX,LH,39.4921,67.7913,-2.4993,-1,43.4673,-0.5,42.9673,HOLDING
2010-11-05,7,CLX,LH,39.7718,67.9386,-1.9911,-1,42.3761,-0.5,41.8761,HOLDING
2010-11-08,7,CLX,LH,40.1086,67.9468,-1.5856,-1,40.3498,-0.5,39.8498,HOLDING
2010-11-09,7,CLX,LH,39.8862,67.8568,-1.4759,-1,41.3322,-0.5,40.8322,HOLDING
2010-11-10,7,CLX,LH,40.0387,67.8895,-1.2647,-1,40.5366,-0.5,40.0366,HOLDING
2010-11-11,7,CLX,LH,40.2103,68.348,-1.1812,-1,41.4146,-0.5,40.9146,HOLDING
2010-11-12,7,CLX,LH,40.3692,67.2674,-0.7371,-1,35.8984,-0.5,35.3984,HOLDING
2010-11-15,7,CLX,LH,40.4454,67.7422,-0.7505,-1,37.4285,-0.5,36.9285,HOLDING
2010-11-16,7,CLX,LH,40.0323,66.1868,-0.4412,-1,33.4149,-0.5,32.9149,HOLDING
2010-11-17,7,CLX,LH,39.8989,66.6043,-0.5508,-1,35.9872,-0.5,35.4872,HOLDING
2010-11-18,7,CLX,LH,39.9942,67.1691,-0.6,-1,37.7791,-0.5,37.2791,HOLDING
2010-11-19,7,CLX,LH,39.8671,67.955,-0.8531,-1,41.8617,-0.5,41.3617,HOLDING
2010-11-22,7,CLX,LH,39.9497,67.2182,-0.4725,-1,38.258,-0.5,37.758,HOLDING
2010-11-23,7,CLX,LH,39.632,66.4242,-0.2783,-1,36.8627,-0.5,36.3627,HOLDING
2010-11-24,7,CLX,LH,39.6955,66.5879,-0.2081,-1,37.1624,-0.5,36.6624,HOLDING
2010-11-26,7,CLX,LH,39.5303,66.2031,-0.0164,-1,36.5555,-0.5,36.0555,HOLDING
2010-11-29,7,CLX,LH,39.2761,66.4487,-0.434,-1,39.1435,-0.5,38.6435,HOLDING
2010-11-30,7,CLX,LH,39.2824,67.1528,-1.374,-1,42.0652,-0.5,41.5652,HOLDING
2010-12-01,7,CLX,LH,39.6002,69.9771,-3.0824,-1,51.9981,-0.5,51.4981,HOLDING
2010-12-02,7,CLX,LH,39.829,68.6918,-1.2441,-1,45.1934,-0.5,44.6934,HOLDING
2010-12-03,7,CLX,LH,39.7146,68.5444,-1.2487,-1,45.2736,-0.5,44.7736,HOLDING
2010-12-06,7,CLX,LH,39.4413,68.0123,-1.1272,-1,44.7078,-0.5,44.2078,HOLDING
2010-12-07,7,CLX,LH,39.5176,67.7176,-0.6779,-1,43.002,-0.5,42.502,HOLDING
2010-12-08,7,CLX,LH,39.6892,68.2661,-0.863,-1,44.2585,-0.5,43.7585,HOLDING
2010-12-09,7,CLX,LH,39.5938,68.5281,-1.1436,-1,45.9436,-0.5,45.4436,HOLDING
2010-12-10,7,CLX,LH,39.6955,69.273,-1.4639,-1,48.454,-0.5,47.954,HOLDING
2010-12-13,7,CLX,LH,39.6764,68.6754,-0.9085,-1,46.0578,-0.5,45.5578,HOLDING
2010-12-14,7,CLX,LH,39.7273,70.018,-1.6914,-1,51.3925,-0.5,50.8925,HOLDING
2010-12-15,7,CLX,LH,39.562,70.9267,-2.2321,-1,56.2246,-0.5,55.7246,HOLDING
2010-12-16,7,CLX,LH,39.6892,72.4657,-2.4957,-1,61.919,-0.5,61.419,HOLDING
2010-12-17,7,CLX,LH,39.7464,72.7932,-2.1708,-1,62.9462,-0.5,62.4462,HOLDING
2010-12-20,7,CLX,LH,40.134,72.2119,-1.3339,-1,58.1301,-0.5,57.6301,HOLDING
2010-12-21,7,CLX,LH,40.2357,72.4739,-1.2384,-1,58.6096,-0.5,58.1096,HOLDING
2010-12-22,7,CLX,LH,40.4899,72.7113,-1.0289,-1,58.0528,-0.5,57.5528,HOLDING
2010-12-23,7,CLX,LH,40.5535,72.2201,-0.6429,-1,55.5984,-0.5,55.0984,HOLDING
2010-12-27,7,CLX,LH,40.5471,72.1792,-0.5529,-1,55.4651,-0.5,54.9651,HOLDING
2010-12-28,7,CLX,LH,40.6107,72.1546,-0.3952,-1,54.9731,-0.5,54.4731,HOLDING
2010-12-29,7,CLX,LH,40.5471,72.0973,-0.3584,-1,55.1208,-0.5,54.6208,HOLDING
2010-12-30,7,CLX,LH,40.4454,72.5476,-0.7341,-1,57.6364,-0.5,57.1364,HOLDING
2010-12-31,7,CLX,LH,40.2167,71.9745,-0.5538,-1,0.0,55.5776,55.5776,PERIOD_END_EXIT
2010-07-06,8,ATO,LIN,17.3642,57.8556,0.0,0,0.0,0.0,0.0,HOLD_CASH
2010-07-07,8,ATO,LIN,17.9179,59.6856,0.0,0,0.0,0.0,0.0,HOLD_CASH
2010-07-08,8,ATO,LIN,18.2913,60.5594,0.0,0,0.0,0.0,0.0,HOLD_CASH
2010-07-09,8,ATO,LIN,18.2784,60.7462,0.0,0,0.0,0.0,0.0,HOLD_CASH
2010-07-12,8,ATO,LIN,18.317,60.8732,0.0,0,0.0,0.0,0.0,HOLD_CASH
2010-07-13,8,ATO,LIN,18.581,62.3595,0.0,0,0.0,0.0,0.0,HOLD_CASH
2010-07-14,8,ATO,LIN,18.4909,61.8666,0.0,0,0.0,0.0,0.0,HOLD_CASH
2010-07-15,8,ATO,LIN,18.5102,61.8516,0.0,0,0.0,0.0,0.0,HOLD_CASH
2010-07-16,8,ATO,LIN,18.0402,60.4698,0.0,0,0.0,0.0,0.0,HOLD_CASH
2010-07-19,8,ATO,LIN,18.3235,60.5221,0.0,0,0.0,0.0,0.0,HOLD_CASH
2010-07-20,8,ATO,LIN,18.4844,61.5827,0.0,0,0.0,0.0,0.0,HOLD_CASH
2010-07-21,8,ATO,LIN,18.3042,61.5155,0.0,0,0.0,0.0,0.0,HOLD_CASH
2010-07-22,8,ATO,LIN,18.5939,62.9869,0.0,0,0.0,0.0,0.0,HOLD_CASH
2010-07-23,8,ATO,LIN,18.6583,63.7786,0.0,0,0.0,0.0,0.0,HOLD_CASH
2010-07-26,8,ATO,LIN,18.9866,63.9728,0.0,0,0.0,0.0,0.0,HOLD_CASH
2010-07-27,8,ATO,LIN,19.1926,64.1073,0.0,0,0.0,0.0,0.0,HOLD_CASH
2010-07-28,8,ATO,LIN,18.9416,64.4434,0.0,0,0.0,0.0,0.0,HOLD_CASH
2010-07-29,8,ATO,LIN,18.8063,64.0923,0.0,0,0.0,0.0,0.0,HOLD_CASH
2010-07-30,8,ATO,LIN,18.6711,64.8467,0.0,0,0.0,0.0,0.0,HOLD_CASH
2010-08-02,8,ATO,LIN,18.8643,65.631,-2.2981,1,0.0,-0.5,-0.5,ENTER_LONG_A
2010-08-03,8,ATO,LIN,18.8965,65.5787,-1.8184,1,0.6259,-0.5,0.1259,HOLDING
2010-08-04,8,ATO,LIN,19.0124,66.0642,-1.6519,1,0.3123,-0.5,-0.1877,HOLDING
2010-08-05,8,ATO,LIN,19.0574,66.1464,-1.4202,1,0.5966,-0.5,0.0966,HOLDING
2010-08-06,8,ATO,LIN,19.0253,65.5488,-0.9018,1,2.4462,-0.5,1.9462,HOLDING
2010-08-09,8,ATO,LIN,18.9029,66.3107,-1.7065,1,-2.0771,-0.5,-2.5771,HOLDING
2010-08-10,8,ATO,LIN,18.7742,66.2434,-1.7491,1,-3.5275,-0.5,-4.0275,HOLDING
2010-08-11,8,ATO,LIN,18.6068,64.8766,-1.0312,1,-0.5393,-0.5,-1.0393,HOLDING
2010-08-12,8,ATO,LIN,18.4329,65.2127,-1.5701,1,-4.1234,-0.5,-4.6234,HOLDING
2010-08-13,8,ATO,LIN,18.4651,65.1978,-1.3221,1,-3.6398,-0.5,-4.1398,HOLDING
2010-08-16,8,ATO,LIN,18.5102,65.7131,-1.4791,1,-5.0057,-0.5,-5.5057,HOLDING
2010-08-17,8,ATO,LIN,18.6711,66.5796,-1.5619,1,-6.1729,-0.5,-6.6729,HOLDING
2010-08-18,8,ATO,LIN,18.684,66.5422,-1.364,1,-5.86,-0.5,-6.36,HOLDING
2010-08-19,8,ATO,LIN,18.3943,65.8102,-1.4382,1,-6.9113,-0.5,-7.4113,HOLDING
2010-08-20,8,ATO,LIN,18.478,65.9895,-1.2089,1,-6.4851,-0.5,-6.9851,HOLDING
2010-08-23,8,ATO,LIN,18.5529,65.3471,-0.4326,1,-3.0454,-0.5,-3.5454,HOLDING
2010-08-24,8,ATO,LIN,18.4487,64.3687,0.2576,1,-0.6997,-0.5,-1.1997,HOLDING
2010-08-25,8,ATO,LIN,18.605,64.182,1.168,1,2.0835,-0.5,1.5835,HOLDING
2010-08-26,8,ATO,LIN,18.592,63.9206,1.5455,1,2.9066,-0.5,2.4066,HOLDING
2010-08-27,8,ATO,LIN,18.8135,65.1903,0.9134,1,1.0053,-0.5,0.5053,HOLDING
2010-08-30,8,ATO,LIN,18.4031,64.1895,0.4116,1,-0.6212,-0.5,-1.1212,HOLDING
2010-08-31,8,ATO,LIN,18.4357,64.2567,0.491,1,-0.4455,-0.5,-0.9455,HOLDING
2010-09-01,8,ATO,LIN,18.8656,65.0559,1.2688,1,2.208,-0.5,1.708,HOLDING
2010-09-02,8,ATO,LIN,18.8461,64.6805,1.5118,1,3.379,-0.5,2.879,HOLDING
2010-09-03,8,ATO,LIN,18.9829,65.4988,1.1344,1,2.0747,-0.5,1.5747,HOLDING
2010-09-07,8,ATO,LIN,18.6571,64.8907,0.5121,1,0.0746,-0.5,-0.4254,HOLDING
2010-09-08,8,ATO,LIN,18.5399,65.0033,-0.0992,1,-1.9085,-0.5,-2.4085,HOLDING
2010-09-09,8,ATO,LIN,18.7288,64.9958,0.6331,1,0.624,-0.5,0.124,HOLDING
2010-09-10,8,ATO,LIN,18.7549,64.9057,0.756,1,1.3125,-0.5,0.8125,HOLDING
2010-09-13,8,ATO,LIN,18.9112,65.5889,0.5354,1,0.7819,-0.5,0.2819,HOLDING
2010-09-14,8,ATO,LIN,18.82,65.9793,-0.3138,1,-1.9139,-0.5,-2.4139,HOLDING
2010-09-15,8,ATO,LIN,18.7353,66.2196,-1.0167,1,-3.9513,-0.5,-4.4513,HOLDING
2010-09-16,8,ATO,LIN,18.605,66.8502,-2.147,1,-8.0803,-0.5,-8.5803,HOLDING
2010-09-17,8,ATO,LIN,18.5594,66.3397,-1.7723,1,-6.7399,-0.5,-7.2399,HOLDING
2010-09-20,8,ATO,LIN,18.7288,66.5349,-1.3735,1,-5.2388,-0.5,-5.7388,HOLDING
2010-09-21,8,ATO,LIN,18.6311,66.1295,-1.2371,1,-4.9894,-0.5,-5.4894,HOLDING
2010-09-22,8,ATO,LIN,18.6962,66.107,-0.8785,1,-4.0405,-0.5,-4.5405,HOLDING
2010-09-23,8,ATO,LIN,18.618,66.092,-1.0582,1,-5.0193,-0.5,-5.5193,HOLDING
2010-09-24,8,ATO,LIN,18.8526,67.6386,-1.6284,1,-7.8026,-0.5,-8.3026,HOLDING
2010-09-27,8,ATO,LIN,18.9177,67.4284,-1.0498,1,-6.1386,-0.5,-6.6386,HOLDING
2010-09-28,8,ATO,LIN,18.9307,67.8938,-1.3259,1,-7.7388,-0.5,-8.2388,HOLDING
2010-09-29,8,ATO,LIN,18.8982,67.3683,-0.8357,1,-6.1687,-0.5,-6.6687,HOLDING
2010-09-30,8,ATO,LIN,19.0545,67.7662,-0.6034,1,-5.6125,-0.5,-6.1125,HOLDING
2010-10-01,8,ATO,LIN,19.1522,67.3083,0.3404,1,-2.573,-0.5,-3.073,HOLDING
2010-10-04,8,ATO,LIN,19.1522,66.8502,0.9755,1,-0.8283,-0.5,-1.3283,HOLDING
2010-10-05,8,ATO,LIN,19.1718,68.4644,-0.8242,1,-6.7182,-0.5,-7.2182,HOLDING
2010-10-06,8,ATO,LIN,19.1327,68.4569,-0.8953,1,-7.2077,-0.5,-7.7077,HOLDING
2010-10-07,8,ATO,LIN,19.1522,67.7287,0.1863,1,-4.1745,-0.5,-4.6745,HOLDING
2010-10-08,8,ATO,LIN,19.1131,68.0365,-0.333,1,-5.865,-0.5,-6.365,HOLDING
2010-10-11,8,ATO,LIN,19.0806,67.9089,-0.2161,1,-5.8106,-0.5,-6.3106,HOLDING
2010-10-12,8,ATO,LIN,18.9698,68.2167,-1.4324,1,-8.4507,-0.5,-8.9507,HOLDING
2010-10-13,8,ATO,LIN,19.0415,68.9975,-2.0434,1,-10.4754,-0.5,-10.9754,HOLDING
2010-10-14,8,ATO,LIN,19.0089,68.104,-0.7201,1,-7.5037,-0.5,-8.0037,HOLDING
2010-10-15,8,ATO,LIN,19.0089,68.104,-0.7001,1,-7.5037,-0.5,-8.0037,HOLDING
2010-10-18,8,ATO,LIN,19.0675,68.1566,-0.3848,1,-6.927,-0.5,-7.427,HOLDING
2010-10-19,8,ATO,LIN,19.0089,67.128,1.0179,1,-3.7858,-0.5,-4.2858,HOLDING
2010-10-20,8,ATO,LIN,19.0871,68.3293,-0.5171,1,-7.3258,-0.5,-7.8258,HOLDING
2010-10-21,8,ATO,LIN,18.9829,69.6432,-2.587,1,-13.7119,-0.5,-14.2119,HOLDING
2010-10-22,8,ATO,LIN,18.9633,69.2077,-1.8241,1,-12.3121,-0.5,-12.8121,HOLDING
2010-10-25,8,ATO,LIN,18.9568,70.4015,-2.5342,1,-16.9457,-0.5,-17.4457,HOLDING
2010-10-26,8,ATO,LIN,19.0219,70.1988,-1.8077,1,-15.3102,-0.5,-15.8102,HOLDING
2010-10-27,8,ATO,LIN,19.0936,67.9539,0.4645,1,-5.8094,-0.5,-6.3094,HOLDING
2010-10-28,8,ATO,LIN,19.2109,68.2617,0.5613,1,-5.428,-0.5,-5.928,HOLDING
2010-10-29,8,ATO,LIN,19.1848,68.5771,0.2517,1,-6.9744,-0.5,-7.4744,HOLDING
2010-11-01,8,ATO,LIN,19.2369,68.5771,0.5458,1,-6.2839,-0.5,-6.7839,HOLDING
2010-11-02,8,ATO,LIN,19.4063,69.3053,0.4172,1,-6.8134,-0.5,-7.3134,HOLDING
2010-11-03,8,ATO,LIN,19.4193,69.2528,0.5053,1,-6.4404,-0.5,-6.9404,HOLDING
2010-11-04,8,ATO,LIN,19.7971,69.2903,1.71,1,-1.5762,-0.5,-2.0762,HOLDING
2010-11-05,8,ATO,LIN,19.8102,69.7783,1.2042,1,-3.2624,-0.5,-3.7624,HOLDING
2010-11-08,8,ATO,LIN,19.745,70.2888,0.5128,1,-6.0705,-0.5,-6.5705,HOLDING
2010-11-09,8,ATO,LIN,19.6343,69.0876,1.1569,1,-2.9624,-0.5,-3.4624,HOLDING
2010-11-10,8,ATO,LIN,19.7646,69.8909,0.7661,1,-4.2957,-0.5,-4.7957,HOLDING
2010-11-11,8,ATO,LIN,19.6799,69.6882,0.6349,1,-4.6458,-0.5,-5.1458,HOLDING
2010-11-12,8,ATO,LIN,19.6538,68.7572,1.2555,1,-1.445,-0.5,-1.945,HOLDING
2010-11-15,8,ATO,LIN,19.7776,68.7047,1.4881,1,0.3955,-0.5,-0.1045,HOLDING
2010-11-16,8,ATO,LIN,19.5692,67.8713,1.4491,1,0.8074,-0.5,0.3074,HOLDING
2010-11-17,8,ATO,LIN,19.6473,67.8037,1.5116,1,2.1009,-0.5,1.6009,HOLDING
2010-11-18,8,ATO,LIN,19.8949,68.975,1.1765,1,0.9198,-0.5,0.4198,HOLDING
2010-11-19,8,ATO,LIN,19.8623,69.4405,0.6743,1,-1.2849,-0.5,-1.7849,HOLDING
2010-11-22,8,ATO,LIN,19.9535,69.0726,1.2112,1,1.3252,-0.5,0.8252,HOLDING
2010-11-23,8,ATO,LIN,19.7427,68.4419,1.1928,1,0.9338,-0.5,0.4338,HOLDING
2010-11-24,8,ATO,LIN,19.9864,69.5606,0.7836,1,-0.0973,-0.5,-0.5973,HOLDING
2010-11-26,8,ATO,LIN,19.8744,69.1101,0.7731,1,0.1345,-0.5,-0.3655,HOLDING
2010-11-29,8,ATO,LIN,19.914,69.0125,0.9696,1,1.0301,-0.5,0.5301,HOLDING
2010-11-30,8,ATO,LIN,19.8086,69.1101,0.306,1,-0.7385,-0.5,-1.2385,HOLDING
2010-12-01,8,ATO,LIN,20.1445,70.2063,0.3255,1,-0.4617,-0.5,-0.9617,HOLDING
2010-12-02,8,ATO,LIN,20.6715,70.897,1.8409,1,3.8914,-0.5,3.3914,HOLDING
2010-12-03,8,ATO,LIN,20.8955,71.0629,2.216,1,6.2277,-0.5,5.7277,HOLDING
2010-12-06,8,ATO,LIN,20.8099,70.7612,1.9023,1,6.2419,-0.5,5.7419,HOLDING
2010-12-07,8,ATO,LIN,20.5595,70.9725,0.5624,1,2.1198,-0.5,1.6198,HOLDING
2010-12-08,8,ATO,LIN,20.3619,70.5726,0.12,1,1.0239,-0.5,0.5239,HOLDING
2010-12-09,8,ATO,LIN,20.2961,70.7009,-0.4961,1,-0.3376,-0.5,-0.8376,HOLDING
2010-12-10,8,ATO,LIN,20.4871,70.4519,0.8588,1,3.1424,-0.5,2.6424,HOLDING
2010-12-13,8,ATO,LIN,20.5464,70.4368,1.1343,1,3.9856,-0.5,3.4856,HOLDING
2010-12-14,8,ATO,LIN,20.744,69.8333,2.5908,1,8.9034,-0.5,8.4034,HOLDING
2010-12-15,8,ATO,LIN,20.4541,70.2256,0.5425,1,3.568,-0.5,3.068,HOLDING
2010-12-16,8,ATO,LIN,20.6254,70.8065,0.5222,1,3.6251,-0.5,3.1251,HOLDING
2010-12-17,8,ATO,LIN,20.6452,70.55,0.895,1,4.8641,-0.5,4.3641,HOLDING
2010-12-20,8,ATO,LIN,20.5332,71.5081,-1.0167,1,-0.2695,-0.5,-0.7695,HOLDING
2010-12-21,8,ATO,LIN,20.5661,72.3982,-1.8318,1,-3.2238,-0.5,-3.7238,HOLDING
2010-12-22,8,ATO,LIN,20.6518,72.1568,-1.0779,1,-1.1693,-0.5,-1.6693,HOLDING
2010-12-23,8,ATO,LIN,20.5991,72.0512,-1.1283,1,-1.4655,-0.5,-1.9655,HOLDING
2010-12-27,8,ATO,LIN,20.6452,71.9531,-0.7987,1,-0.4808,-0.5,-0.9808,HOLDING
2010-12-28,8,ATO,LIN,20.6584,72.1267,-0.9013,1,-0.9672,-0.5,-1.4672,HOLDING
2010-12-29,8,ATO,LIN,20.7308,72.3681,-0.8835,1,-0.9264,-0.5,-1.4264,HOLDING
2010-12-30,8,ATO,LIN,20.7111,71.5533,-0.0434,1,1.9152,-0.5,1.4152,HOLDING
2010-12-31,8,ATO,LIN,20.553,72.021,-1.1381,1,0.0,-3.0084,-3.0084,PERIOD_END_EXIT
2010-07-06,9,SRE,VZ,14.4616,11.8706,0.0,0,0.0,0.0,0.0,HOLD_CASH
2010-07-07,9,SRE,VZ,14.901,12.0455,0.0,0,0.0,0.0,0.0,HOLD_CASH
2010-07-08,9,SRE,VZ,15.0116,12.1636,0.0,0,0.0,0.0,0.0,HOLD_CASH
2010-07-09,9,SRE,VZ,15.1376,12.1046,0.0,0,0.0,0.0,0.0,HOLD_CASH
2010-07-12,9,SRE,VZ,15.153,12.0319,0.0,0,0.0,0.0,0.0,HOLD_CASH
2010-07-13,9,SRE,VZ,15.2882,12.2136,0.0,0,0.0,0.0,0.0,HOLD_CASH
2010-07-14,9,SRE,VZ,15.1745,12.1909,0.0,0,0.0,0.0,0.0,HOLD_CASH
2010-07-15,9,SRE,VZ,15.1806,12.1727,0.0,0,0.0,0.0,0.0,HOLD_CASH
2010-07-16,9,SRE,VZ,14.9164,12.1227,0.0,0,0.0,0.0,0.0,HOLD_CASH
2010-07-19,9,SRE,VZ,15.196,12.1364,0.0,0,0.0,0.0,0.0,HOLD_CASH
2010-07-20,9,SRE,VZ,15.3496,12.1136,0.0,0,0.0,0.0,0.0,HOLD_CASH
2010-07-21,9,SRE,VZ,15.1253,12.0455,0.0,0,0.0,0.0,0.0,HOLD_CASH
2010-07-22,9,SRE,VZ,15.4726,12.2635,0.0,0,0.0,0.0,0.0,HOLD_CASH
2010-07-23,9,SRE,VZ,15.5064,12.7268,0.0,0,0.0,0.0,0.0,HOLD_CASH
2010-07-26,9,SRE,VZ,15.5986,12.8449,0.0,0,0.0,0.0,0.0,HOLD_CASH
2010-07-27,9,SRE,VZ,15.7215,12.9857,0.0,0,0.0,0.0,0.0,HOLD_CASH
2010-07-28,9,SRE,VZ,15.5432,13.1311,0.0,0,0.0,0.0,0.0,HOLD_CASH
2010-07-29,9,SRE,VZ,15.3527,13.1174,0.0,0,0.0,0.0,0.0,HOLD_CASH
2010-07-30,9,SRE,VZ,15.2882,13.1992,0.0,0,0.0,0.0,0.0,HOLD_CASH
2010-08-02,9,SRE,VZ,15.5033,13.4263,-2.074,1,0.0,-0.5,-0.5,ENTER_LONG_A
2010-08-03,9,SRE,VZ,15.7829,13.4172,-1.3026,1,4.6784,-0.5,4.1784,HOLDING
2010-08-04,9,SRE,VZ,15.8106,13.3536,-0.9899,1,6.3086,-0.5,5.8086,HOLDING
2010-08-05,9,SRE,VZ,15.9243,13.4217,-0.8446,1,6.8735,-0.5,6.3735,HOLDING
2010-08-06,9,SRE,VZ,15.9181,13.4217,-0.7745,1,6.7744,-0.5,6.2744,HOLDING
2010-08-09,9,SRE,VZ,15.9612,13.5626,-0.9256,1,4.8462,-0.5,4.3462,HOLDING
2010-08-10,9,SRE,VZ,16.1118,13.6352,-0.7144,1,5.9214,-0.5,5.4214,HOLDING
2010-08-11,9,SRE,VZ,15.9059,13.4263,-0.5588,1,6.4916,-0.5,5.9916,HOLDING
2010-08-12,9,SRE,VZ,15.7584,13.7715,-1.5339,1,-2.3147,-0.5,-2.8147,HOLDING
2010-08-13,9,SRE,VZ,15.7184,13.6398,-1.1727,1,-0.5064,-0.5,-1.0064,HOLDING
2010-08-16,9,SRE,VZ,15.7461,13.608,-0.9521,1,0.5318,-0.5,0.0318,HOLDING
2010-08-17,9,SRE,VZ,15.7952,13.7034,-1.0258,1,-0.4513,-0.5,-0.9513,HOLDING
2010-08-18,9,SRE,VZ,15.7645,13.6943,-1.0249,1,-0.7777,-0.5,-1.2777,HOLDING
2010-08-19,9,SRE,VZ,15.5494,13.4536,-0.8761,1,0.2357,-0.5,-0.2643,HOLDING
2010-08-20,9,SRE,VZ,15.531,13.34,-0.4066,1,2.0529,-0.5,1.5529,HOLDING
2010-08-23,9,SRE,VZ,15.6723,13.3582,0.1855,1,3.9941,-0.5,3.4941,HOLDING
2010-08-24,9,SRE,VZ,15.703,13.3854,0.3476,1,3.9821,-0.5,3.4821,HOLDING
2010-08-25,9,SRE,VZ,15.7491,13.4717,0.1115,1,3.1187,-0.5,2.6187,HOLDING
2010-08-26,9,SRE,VZ,15.7737,13.399,0.6803,1,4.8682,-0.5,4.3682,HOLDING
2010-08-27,9,SRE,VZ,15.9704,13.5535,0.6871,1,5.1641,-0.5,4.6641,HOLDING
2010-08-30,9,SRE,VZ,15.6754,13.3718,0.1882,1,3.7898,-0.5,3.2898,HOLDING
2010-08-31,9,SRE,VZ,15.6477,13.4127,-0.2008,1,2.5826,-0.5,2.0826,HOLDING
2010-09-01,9,SRE,VZ,16.1302,13.7442,0.3764,1,4.1888,-0.5,3.6888,HOLDING
2010-09-02,9,SRE,VZ,16.4221,13.6761,2.1869,1,10.165,-0.5,9.665,HOLDING
2010-09-03,9,SRE,VZ,16.459,13.717,1.9251,1,9.9985,-0.5,9.4985,HOLDING
2010-09-07,9,SRE,VZ,16.3607,13.7261,1.3066,1,8.2436,-0.5,7.7436,HOLDING
2010-09-08,9,SRE,VZ,16.1978,13.8351,0.0264,1,3.5874,-0.5,3.0874,HOLDING
2010-09-09,9,SRE,VZ,16.3299,14.0077,-0.2363,1,2.5045,-0.5,2.0045,HOLDING
2010-09-10,9,SRE,VZ,16.376,13.9986,-0.0618,1,3.417,-0.5,2.917,HOLDING
2010-09-13,9,SRE,VZ,16.4006,14.0349,-0.2194,1,3.1369,-0.5,2.6369,HOLDING
2010-09-14,9,SRE,VZ,16.4252,14.0395,-0.1708,1,3.4487,-0.5,2.9487,HOLDING
2010-09-15,9,SRE,VZ,16.333,14.1667,-1.4807,1,-0.4059,-0.5,-0.9059,HOLDING
2010-09-16,9,SRE,VZ,16.3299,14.2711,-2.0225,1,-2.4007,-0.5,-2.9007,HOLDING
2010-09-17,9,SRE,VZ,16.3115,14.3892,-2.3649,1,-4.8971,-0.5,-5.3971,HOLDING
2010-09-20,9,SRE,VZ,16.4098,14.5754,-2.3129,1,-6.7788,-0.5,-7.2788,HOLDING
2010-09-21,9,SRE,VZ,16.2593,14.6799,-2.5314,1,-11.1521,-0.5,-11.6521,HOLDING
2010-09-22,9,SRE,VZ,16.4713,14.7117,-1.722,1,-8.3249,-0.5,-8.8249,HOLDING
2010-09-23,9,SRE,VZ,16.1917,14.6118,-1.8637,1,-10.9736,-0.5,-11.4736,HOLDING
2010-09-24,9,SRE,VZ,16.5573,14.8252,-1.3718,1,-9.0518,-0.5,-9.5518,HOLDING
2010-09-27,9,SRE,VZ,16.6007,14.9252,-1.365,1,-10.2136,-0.5,-10.7136,HOLDING
2010-09-28,9,SRE,VZ,16.6935,14.8616,-0.9011,1,-7.5322,-0.5,-8.0322,HOLDING
2010-09-29,9,SRE,VZ,16.6316,14.8343,-0.8839,1,-8.023,-0.5,-8.523,HOLDING
2010-09-30,9,SRE,VZ,16.6533,14.8025,-0.6827,1,-7.0816,-0.5,-7.5816,HOLDING
2010-10-01,9,SRE,VZ,16.7647,14.9388,-0.7014,1,-7.8218,-0.5,-8.3218,HOLDING
2010-10-04,9,SRE,VZ,16.6192,15.0024,-1.1506,1,-11.3517,-0.5,-11.8517,HOLDING
2010-10-05,9,SRE,VZ,16.7678,15.2477,-1.3897,1,-13.5228,-0.5,-14.0228,HOLDING
2010-10-06,9,SRE,VZ,16.7431,15.3758,-1.6573,1,-16.308,-0.5,-16.808,HOLDING
2010-10-07,9,SRE,VZ,16.6812,15.1776,-1.1269,1,-13.6158,-0.5,-14.1158,HOLDING
2010-10-08,9,SRE,VZ,16.6378,15.1315,-1.0307,1,-13.4566,-0.5,-13.9566,HOLDING
2010-10-11,9,SRE,VZ,16.5542,15.2237,-1.5089,1,-16.5207,-0.5,-17.0207,HOLDING
2010-10-12,9,SRE,VZ,16.5914,14.9978,-0.517,1,-11.7165,-0.5,-12.2165,HOLDING
2010-10-13,9,SRE,VZ,16.5511,14.8457,0.1247,1,-9.5332,-0.5,-10.0332,HOLDING
2010-10-14,9,SRE,VZ,16.4676,14.9518,-0.7614,1,-12.8548,-0.5,-13.3548,HOLDING
2010-10-15,9,SRE,VZ,16.5078,14.9471,-0.4432,1,-12.1202,-0.5,-12.6202,HOLDING
2010-10-18,9,SRE,VZ,16.6781,15.0209,0.1459,1,-10.7481,-0.5,-11.2481,HOLDING
2010-10-19,9,SRE,VZ,16.5295,14.8227,0.5488,1,-9.4536,-0.5,-9.9536,HOLDING
2010-10-20,9,SRE,VZ,16.6502,15.0439,-0.1595,1,-11.6263,-0.5,-12.1263,HOLDING
2010-10-21,9,SRE,VZ,16.514,14.9886,-0.5939,1,-12.7928,-0.5,-13.2928,HOLDING
2010-10-22,9,SRE,VZ,16.5666,14.7904,1.0698,1,-8.2539,-0.5,-8.7539,HOLDING
2010-10-25,9,SRE,VZ,16.6502,14.9103,0.7336,1,-9.1376,-0.5,-9.6376,HOLDING
2010-10-26,9,SRE,VZ,16.5078,14.9794,-0.5154,1,-12.7209,-0.5,-13.2209,HOLDING
2010-10-27,9,SRE,VZ,16.449,14.984,-0.8336,1,-13.7552,-0.5,-14.2552,HOLDING
2010-10-28,9,SRE,VZ,16.5573,14.9379,0.3122,1,-11.1499,-0.5,-11.6499,HOLDING
2010-10-29,9,SRE,VZ,16.5542,14.9702,0.1341,1,-11.8006,-0.5,-12.3006,HOLDING
2010-11-01,9,SRE,VZ,16.449,14.9333,-0.339,1,-12.8112,-0.5,-13.3112,HOLDING
2010-11-02,9,SRE,VZ,16.6812,15.1177,-0.1344,1,-12.5001,-0.5,-13.0001,HOLDING
2010-11-03,9,SRE,VZ,16.6069,15.2053,-1.5554,1,-15.3289,-0.5,-15.8289,HOLDING
2010-11-04,9,SRE,VZ,16.6471,15.4495,-2.6102,1,-19.2286,-0.5,-19.7286,HOLDING
2010-11-05,9,SRE,VZ,16.7338,15.4081,-1.5712,1,-17.0585,-0.5,-17.5585,HOLDING
2010-11-08,9,SRE,VZ,16.6038,15.2882,-1.5486,1,-16.9236,-0.5,-17.4236,HOLDING
2010-11-09,9,SRE,VZ,15.9692,15.2145,-3.1623,1,-25.7832,-0.5,-26.2832,HOLDING
2010-11-10,9,SRE,VZ,16.0652,15.1407,-2.0341,1,-22.8625,-0.5,-23.3625,HOLDING
2010-11-11,9,SRE,VZ,15.8733,15.0393,-1.9741,1,-24.0693,-0.5,-24.5693,HOLDING
2010-11-12,9,SRE,VZ,15.7773,15.0071,-1.8569,1,-25.0159,-0.5,-25.5159,HOLDING
2010-11-15,9,SRE,VZ,15.6968,15.1039,-2.0217,1,-28.116,-0.5,-28.616,HOLDING
2010-11-16,9,SRE,VZ,15.4647,14.8365,-1.6586,1,-26.882,-0.5,-27.382,HOLDING
2010-11-17,9,SRE,VZ,15.4616,14.9057,-1.6248,1,-28.2191,-0.5,-28.7191,HOLDING
2010-11-18,9,SRE,VZ,15.5916,15.0485,-1.4757,1,-28.7831,-0.5,-29.2831,HOLDING
2010-11-19,9,SRE,VZ,15.6225,15.0209,-1.2159,1,-27.7692,-0.5,-28.2692,HOLDING
2010-11-22,9,SRE,VZ,15.6349,14.9794,-0.9888,1,-26.7972,-0.5,-27.2972,HOLDING
2010-11-23,9,SRE,VZ,15.4987,14.9287,-1.0851,1,-28.0494,-0.5,-28.5494,HOLDING
2010-11-24,9,SRE,VZ,15.6225,14.9103,-0.6482,1,-25.7095,-0.5,-26.2095,HOLDING
2010-11-26,9,SRE,VZ,15.5544,14.8457,-0.5744,1,-25.606,-0.5,-26.106,HOLDING
2010-11-29,9,SRE,VZ,15.4399,14.7029,-0.399,1,-24.7924,-0.5,-25.2924,HOLDING
2010-11-30,9,SRE,VZ,15.5049,14.7536,-0.2804,1,-24.6883,-0.5,-25.1883,HOLDING
2010-12-01,9,SRE,VZ,15.6473,14.9103,-0.2637,1,-25.3102,-0.5,-25.8102,HOLDING
2010-12-02,9,SRE,VZ,15.7897,15.09,-0.3611,1,-26.3611,-0.5,-26.8611,HOLDING
2010-12-03,9,SRE,VZ,15.7835,15.1638,-0.6601,1,-27.8339,-0.5,-28.3339,HOLDING
2010-12-06,9,SRE,VZ,15.768,15.1592,-0.6804,1,-27.9977,-0.5,-28.4977,HOLDING
2010-12-07,9,SRE,VZ,15.768,15.1868,-1.0467,1,-28.5127,-0.5,-29.0127,HOLDING
2010-12-08,9,SRE,VZ,15.7247,15.2006,-1.4317,1,-29.469,-0.5,-29.969,HOLDING
2010-12-09,9,SRE,VZ,15.8918,15.468,-2.242,1,-31.7512,-0.5,-32.2512,HOLDING
2010-12-10,9,SRE,VZ,15.8733,15.6892,-3.1451,1,-36.17,-0.5,-36.67,HOLDING
2010-12-13,9,SRE,VZ,15.8949,15.7215,-2.514,1,-36.4214,-0.5,-36.9214,HOLDING
2010-12-14,9,SRE,VZ,16.0187,15.9796,-2.5264,1,-39.2308,-0.5,-39.7308,HOLDING
2010-12-15,9,SRE,VZ,15.963,15.9611,-2.1913,1,-39.786,-0.5,-40.286,HOLDING
2010-12-16,9,SRE,VZ,16.0683,16.0211,-1.7354,1,-39.2043,-0.5,-39.7043,HOLDING
2010-12-17,9,SRE,VZ,16.2416,15.9658,-0.828,1,-35.3795,-0.5,-35.8795,HOLDING
2010-12-20,9,SRE,VZ,16.223,16.0118,-0.9654,1,-36.5373,-0.5,-37.0373,HOLDING
2010-12-21,9,SRE,VZ,16.1856,16.104,-1.2734,1,-38.8571,-0.5,-39.3571,HOLDING
2010-12-22,9,SRE,VZ,16.2511,16.2146,-1.2785,1,-39.8607,-0.5,-40.3607,HOLDING
2010-12-23,9,SRE,VZ,16.2667,16.3345,-1.4408,1,-41.8405,-0.5,-42.3405,HOLDING
2010-12-27,9,SRE,VZ,16.2792,16.3621,-1.338,1,-42.1544,-0.5,-42.6544,HOLDING
2010-12-28,9,SRE,VZ,16.3041,16.4174,-1.3005,1,-42.782,-0.5,-43.282,HOLDING
2010-12-29,9,SRE,VZ,16.3166,16.399,-1.108,1,-42.2374,-0.5,-42.7374,HOLDING
2010-12-30,9,SRE,VZ,16.3322,16.3898,-0.949,1,-41.8144,-0.5,-42.3144,HOLDING
2010-12-31,9,SRE,VZ,16.3665,16.4912,-1.1009,1,0.0,-44.2202,-44.2202,PERIOD_END_EXIT
2010-07-06,10,ED,LUMN,23.8321,12.3308,0.0,0,0.0,0.0,0.0,HOLD_CASH
2010-07-07,10,ED,LUMN,24.4495,12.6335,0.0,0,0.0,0.0,0.0,HOLD_CASH
2010-07-08,10,ED,LUMN,24.7609,12.6778,0.0,0,0.0,0.0,0.0,HOLD_CASH
2010-07-09,10,ED,LUMN,24.7336,12.7184,0.0,0,0.0,0.0,0.0,HOLD_CASH
2010-07-12,10,ED,LUMN,24.8046,12.7111,0.0,0,0.0,0.0,0.0,HOLD_CASH
2010-07-13,10,ED,LUMN,24.8701,12.8698,0.0,0,0.0,0.0,0.0,HOLD_CASH
2010-07-14,10,ED,LUMN,24.8975,12.9289,0.0,0,0.0,0.0,0.0,HOLD_CASH
2010-07-15,10,ED,LUMN,24.9904,12.8587,0.0,0,0.0,0.0,0.0,HOLD_CASH
2010-07-16,10,ED,LUMN,24.6188,12.7664,0.0,0,0.0,0.0,0.0,HOLD_CASH
2010-07-19,10,ED,LUMN,24.9521,12.903,0.0,0,0.0,0.0,0.0,HOLD_CASH
2010-07-20,10,ED,LUMN,25.0395,12.94,0.0,0,0.0,0.0,0.0,HOLD_CASH
2010-07-21,10,ED,LUMN,24.7336,12.9879,0.0,0,0.0,0.0,0.0,HOLD_CASH
2010-07-22,10,ED,LUMN,25.1433,13.1209,0.0,0,0.0,0.0,0.0,HOLD_CASH
2010-07-23,10,ED,LUMN,25.2963,13.1282,0.0,0,0.0,0.0,0.0,HOLD_CASH
2010-07-26,10,ED,LUMN,25.5039,13.2427,0.0,0,0.0,0.0,0.0,HOLD_CASH
2010-07-27,10,ED,LUMN,25.7662,13.191,0.0,0,0.0,0.0,0.0,HOLD_CASH
2010-07-28,10,ED,LUMN,25.6952,13.143,0.0,0,0.0,0.0,0.0,HOLD_CASH
2010-07-29,10,ED,LUMN,25.4438,13.0692,0.0,0,0.0,0.0,0.0,HOLD_CASH
2010-07-30,10,ED,LUMN,25.198,13.1504,0.0,0,0.0,0.0,0.0,HOLD_CASH
2010-08-02,10,ED,LUMN,25.7552,13.2833,0.2886,0,0.0,0.0,0.0,HOLD_CASH
2010-08-03,10,ED,LUMN,25.6405,13.2427,0.079,0,0.0,0.0,0.0,HOLD_CASH
2010-08-04,10,ED,LUMN,25.646,13.4125,-1.4958,0,0.0,0.0,0.0,HOLD_CASH
2010-08-05,10,ED,LUMN,25.7935,13.3867,-0.4159,0,0.0,0.0,0.0,HOLD_CASH
2010-08-06,10,ED,LUMN,25.9902,13.4347,0.1761,0,0.0,0.0,0.0,HOLD_CASH
2010-08-09,10,ED,LUMN,26.2087,13.4199,1.4869,0,0.0,0.0,0.0,HOLD_CASH
2010-08-10,10,ED,LUMN,26.4218,13.4716,1.7913,0,0.0,0.0,0.0,HOLD_CASH
2010-08-11,10,ED,LUMN,26.0284,13.3793,0.6978,0,0.0,0.0,0.0,HOLD_CASH
2010-08-12,10,ED,LUMN,26.1978,13.2612,2.1821,-1,0.0,-0.5,-0.5,ENTER_SHORT_A
2010-08-13,10,ED,LUMN,25.9792,13.3092,0.8042,-1,2.9904,-0.5,2.4904,HOLDING
2010-08-16,10,ED,LUMN,25.9212,13.3867,-0.065,-1,5.006,-0.5,4.506,HOLDING
2010-08-17,10,ED,LUMN,26.2144,13.3608,1.2213,-1,1.7207,-0.5,1.2207,HOLDING
2010-08-18,10,ED,LUMN,25.982,13.3756,0.1006,-1,4.2167,-0.5,3.7167,HOLDING
2010-08-19,10,ED,LUMN,25.7275,13.3092,-0.532,-1,5.3927,-0.5,4.8927,HOLDING
2010-08-20,10,ED,LUMN,25.8382,13.287,0.1333,-1,3.9191,-0.5,3.4191,HOLDING
2010-08-23,10,ED,LUMN,25.9931,13.2575,1.0359,-1,1.8838,-0.5,1.3838,HOLDING
2010-08-24,10,ED,LUMN,26.1757,13.2944,1.4325,-1,0.8374,-0.5,0.3374,HOLDING
2010-08-25,10,ED,LUMN,26.2476,13.2796,1.6878,-1,-0.1273,-0.5,-0.6273,HOLDING
2010-08-26,10,ED,LUMN,26.0871,13.2907,0.8674,-1,1.6126,-0.5,1.1126,HOLDING
2010-08-27,10,ED,LUMN,26.491,13.335,1.9067,-1,-1.4063,-0.5,-1.9063,HOLDING
2010-08-30,10,ED,LUMN,26.1425,13.2833,0.8496,-1,0.9455,-0.5,0.4455,HOLDING
2010-08-31,10,ED,LUMN,26.2974,13.3498,0.8542,-1,0.7199,-0.5,0.2199,HOLDING
2010-09-01,10,ED,LUMN,26.6902,13.5602,0.7171,-1,0.9383,-0.5,0.4383,HOLDING
2010-09-02,10,ED,LUMN,26.6958,13.6223,0.1114,-1,2.057,-0.5,1.557,HOLDING
2010-09-03,10,ED,LUMN,26.8009,13.6374,0.4043,-1,1.3379,-0.5,0.8379,HOLDING
2010-09-07,10,ED,LUMN,26.7566,13.5583,0.8985,-1,0.2692,-0.5,-0.2308,HOLDING
2010-09-08,10,ED,LUMN,26.4357,13.6713,-1.6611,-1,5.4617,-0.5,4.9617,HOLDING
2010-09-09,10,ED,LUMN,26.5298,13.7353,-1.6555,-1,5.771,-0.5,5.271,HOLDING
2010-09-10,10,ED,LUMN,26.3859,13.8069,-2.3437,-1,8.4929,-0.5,7.9929,HOLDING
2010-09-13,10,ED,LUMN,26.4302,13.9048,-2.316,-1,9.9164,-0.5,9.4164,HOLDING
2010-09-14,10,ED,LUMN,26.6128,14.1383,-2.4934,-1,12.576,-0.5,12.076,HOLDING
2010-09-15,10,ED,LUMN,26.4744,14.2852,-2.6588,-1,16.6651,-0.5,16.1651,HOLDING
2010-09-16,10,ED,LUMN,26.3306,14.3417,-2.4634,-1,19.103,-0.5,18.603,HOLDING
2010-09-17,10,ED,LUMN,26.5132,14.6091,-2.3637,-1,22.4015,-0.5,21.9015,HOLDING
2010-09-20,10,ED,LUMN,26.9392,14.7936,-1.8943,-1,21.8151,-0.5,21.3151,HOLDING
2010-09-21,10,ED,LUMN,26.8064,14.8125,-1.8006,-1,23.4372,-0.5,22.9372,HOLDING
2010-09-22,10,ED,LUMN,26.8451,14.8463,-1.5991,-1,23.7067,-0.5,23.2067,HOLDING
2010-09-23,10,ED,LUMN,26.6072,14.594,-1.2233,-1,21.2201,-0.5,20.7201,HOLDING
2010-09-24,10,ED,LUMN,26.9945,14.7823,-1.0628,-1,21.0741,-0.5,20.5741,HOLDING
2010-09-27,10,ED,LUMN,26.9724,14.8012,-1.0211,-1,21.6401,-0.5,21.1401,HOLDING
2010-09-28,10,ED,LUMN,26.8341,15.0271,-1.4392,-1,27.2203,-0.5,26.7203,HOLDING
2010-09-29,10,ED,LUMN,26.7953,14.9217,-1.1651,-1,25.6018,-0.5,25.1018,HOLDING
2010-09-30,10,ED,LUMN,26.6791,14.8614,-1.0741,-1,25.5746,-0.5,25.0746,HOLDING
2010-10-01,10,ED,LUMN,26.74,14.9782,-1.1359,-1,27.1949,-0.5,26.6949,HOLDING
2010-10-04,10,ED,LUMN,26.5962,14.884,-1.0312,-1,26.7927,-0.5,26.2927,HOLDING
2010-10-05,10,ED,LUMN,26.7843,15.0987,-1.2301,-1,29.0443,-0.5,28.5443,HOLDING
2010-10-06,10,ED,LUMN,26.6626,15.1627,-1.4569,-1,31.413,-0.5,30.913,HOLDING
2010-10-07,10,ED,LUMN,26.6515,15.0874,-1.2357,-1,30.0986,-0.5,29.5986,HOLDING
2010-10-08,10,ED,LUMN,26.7068,14.9744,-0.7666,-1,27.4406,-0.5,26.9406,HOLDING
2010-10-11,10,ED,LUMN,26.6847,14.9744,-0.7729,-1,27.6519,-0.5,27.1519,HOLDING
2010-10-12,10,ED,LUMN,26.6791,14.9857,-0.8053,-1,27.9177,-0.5,27.4177,HOLDING
2010-10-13,10,ED,LUMN,26.6681,15.0234,-0.9646,-1,28.7332,-0.5,28.2332,HOLDING
2010-10-14,10,ED,LUMN,26.8064,15.0723,-0.7366,-1,28.3362,-0.5,27.8362,HOLDING
2010-10-15,10,ED,LUMN,26.8894,15.0196,-0.1012,-1,26.5503,-0.5,26.0503,HOLDING
2010-10-18,10,ED,LUMN,27.1605,15.0309,0.8066,-1,24.1763,-0.5,23.6763,HOLDING
2010-10-19,10,ED,LUMN,27.0222,14.884,1.2156,-1,22.7271,-0.5,22.2271,HOLDING
2010-10-20,10,ED,LUMN,27.1716,15.1439,0.1602,-1,26.2006,-0.5,25.7006,HOLDING
2010-10-21,10,ED,LUMN,27.0443,15.2418,-0.8168,-1,29.2611,-0.5,28.7611,HOLDING
2010-10-22,10,ED,LUMN,27.1771,15.287,-0.553,-1,28.8459,-0.5,28.3459,HOLDING
2010-10-25,10,ED,LUMN,27.2214,15.4113,-1.2665,-1,30.7665,-0.5,30.2665,HOLDING
2010-10-26,10,ED,LUMN,27.3652,15.4565,-0.8862,-1,30.2458,-0.5,29.7458,HOLDING
2010-10-27,10,ED,LUMN,27.5201,15.3962,0.3687,-1,27.6314,-0.5,27.1314,HOLDING
2010-10-28,10,ED,LUMN,27.581,15.5167,-0.3006,-1,29.3227,-0.5,28.8227,HOLDING
2010-10-29,10,ED,LUMN,27.5091,15.5845,-1.1146,-1,31.287,-0.5,30.787,HOLDING
2010-11-01,10,ED,LUMN,27.4759,15.6071,-1.3027,-1,32.0299,-0.5,31.5299,HOLDING
2010-11-02,10,ED,LUMN,28.0679,15.754,0.1432,-1,29.1495,-0.5,28.6495,HOLDING
2010-11-03,10,ED,LUMN,27.9351,15.9084,-1.6169,-1,33.3277,-0.5,32.8277,HOLDING
2010-11-04,10,ED,LUMN,28.1509,16.2135,-2.4257,-1,37.0195,-0.5,36.5195,HOLDING
2010-11-05,10,ED,LUMN,28.2173,16.0327,-0.9476,-1,32.9779,-0.5,32.4779,HOLDING
2010-11-08,10,ED,LUMN,28.0402,15.98,-1.1311,-1,33.6735,-0.5,33.1735,HOLDING
2010-11-09,10,ED,LUMN,28.0015,15.9235,-0.8471,-1,32.9779,-0.5,32.4779,HOLDING
2010-11-10,10,ED,LUMN,27.7138,16.1683,-2.5093,-1,40.3387,-0.5,39.8387,HOLDING
2010-11-11,10,ED,LUMN,27.7083,15.9574,-1.3561,-1,36.4151,-0.5,35.9151,HOLDING
2010-11-12,10,ED,LUMN,27.5201,15.8482,-1.215,-1,36.1516,-0.5,35.6516,HOLDING
2010-11-15,10,ED,LUMN,27.5565,15.9423,-1.4127,-1,37.5792,-0.5,37.0792,HOLDING
2010-11-16,10,ED,LUMN,27.2485,15.7013,-1.076,-1,35.9742,-0.5,35.4742,HOLDING
2010-11-17,10,ED,LUMN,27.2037,15.7804,-1.4813,-1,37.8928,-0.5,37.3928,HOLDING
2010-11-18,10,ED,LUMN,27.3549,16.0327,-1.9725,-1,41.2069,-0.5,40.7069,HOLDING
2010-11-19,10,ED,LUMN,27.2317,16.1833,-2.402,-1,45.2226,-0.5,44.7226,HOLDING
2010-11-22,10,ED,LUMN,27.2709,16.0176,-1.4572,-1,41.7244,-0.5,41.2244,HOLDING
2010-11-23,10,ED,LUMN,27.0134,15.8482,-1.2456,-1,40.9875,-0.5,40.4875,HOLDING
2010-11-24,10,ED,LUMN,27.0638,16.0666,-1.7509,-1,44.6245,-0.5,44.1245,HOLDING
2010-11-26,10,ED,LUMN,26.9797,16.2097,-2.0936,-1,48.1244,-0.5,47.6244,HOLDING
2010-11-29,10,ED,LUMN,26.8902,16.157,-1.8151,-1,47.9853,-0.5,47.4853,HOLDING
2010-11-30,10,ED,LUMN,27.0862,16.1909,-1.386,-1,46.7539,-0.5,46.2539,HOLDING
2010-12-01,10,ED,LUMN,27.2989,16.5374,-1.8456,-1,51.2553,-0.5,50.7553,HOLDING
2010-12-02,10,ED,LUMN,27.3438,16.5637,-1.6295,-1,51.3248,-0.5,50.8248,HOLDING
2010-12-03,10,ED,LUMN,27.4501,16.6307,-1.4497,-1,51.5729,-0.5,51.0729,HOLDING
2010-12-06,10,ED,LUMN,27.3773,16.7763,-1.7481,-1,55.0107,-0.5,54.5107,HOLDING
2010-12-07,10,ED,LUMN,27.1981,16.7495,-1.7472,-1,56.2156,-0.5,55.7156,HOLDING
2010-12-08,10,ED,LUMN,27.0358,16.6422,-1.5775,-1,55.7437,-0.5,55.2437,HOLDING
2010-12-09,10,ED,LUMN,27.2765,16.9065,-1.6389,-1,58.4272,-0.5,57.9272,HOLDING
2010-12-10,10,ED,LUMN,27.3717,17.0903,-1.7166,-1,60.9838,-0.5,60.4838,HOLDING
2010-12-13,10,ED,LUMN,27.5397,17.3162,-1.7696,-1,63.64,-0.5,63.14,HOLDING
2010-12-14,10,ED,LUMN,27.7189,17.5843,-1.8525,-1,66.9834,-0.5,66.4834,HOLDING
2010-12-15,10,ED,LUMN,27.4445,17.5345,-1.8842,-1,68.6633,-0.5,68.1633,HOLDING
2010-12-16,10,ED,LUMN,27.7469,17.4004,-1.1139,-1,63.2509,-0.5,62.7509,HOLDING
2010-12-17,10,ED,LUMN,27.6293,17.2817,-0.9264,-1,62.1353,-0.5,61.6353,HOLDING
2010-12-20,10,ED,LUMN,27.6965,17.5996,-1.3837,-1,67.4858,-0.5,66.9858,HOLDING
2010-12-21,10,ED,LUMN,27.7133,17.9212,-1.8301,-1,73.3896,-0.5,72.8896,HOLDING
2010-12-22,10,ED,LUMN,27.7525,17.791,-1.398,-1,70.5609,-0.5,70.0609,HOLDING
2010-12-23,10,ED,LUMN,27.7749,17.7221,-1.1188,-1,69.0479,-0.5,68.5479,HOLDING
2010-12-27,10,ED,LUMN,27.8029,17.7681,-1.0781,-1,69.6469,-0.5,69.1469,HOLDING
2010-12-28,10,ED,LUMN,27.8477,17.6493,-0.6538,-1,66.9815,-0.5,66.4815,HOLDING
2010-12-29,10,ED,LUMN,27.7357,17.7106,-0.9193,-1,69.2053,-0.5,68.7053,HOLDING
2010-12-30,10,ED,LUMN,27.6741,17.7527,-1.0523,-1,70.5872,-0.5,70.0872,HOLDING
2010-12-31,10,ED,LUMN,27.7581,17.68,-0.6191,-1,0.0,67.3158,67.3158,PERIOD_END_EXIT
2010-07-06,11,JNJ,PCG,37.3428,31.0463,0.0,0,0.0,0.0,0.0,HOLD_CASH
2010-07-07,11,JNJ,PCG,38.3098,31.6989,0.0,0,0.0,0.0,0.0,HOLD_CASH
2010-07-08,11,JNJ,PCG,38.7966,31.9164,0.0,0,0.0,0.0,0.0,HOLD_CASH
2010-07-09,11,JNJ,PCG,38.2656,31.9765,0.0,0,0.0,0.0,0.0,HOLD_CASH
2010-07-12,11,JNJ,PCG,38.057,32.2465,0.0,0,0.0,0.0,0.0,HOLD_CASH
2010-07-13,11,JNJ,PCG,38.2403,32.104,0.0,0,0.0,0.0,0.0,HOLD_CASH
2010-07-14,11,JNJ,PCG,38.3162,32.1865,0.0,0,0.0,0.0,0.0,HOLD_CASH
2010-07-15,11,JNJ,PCG,38.0886,32.644,0.0,0,0.0,0.0,0.0,HOLD_CASH
2010-07-16,11,JNJ,PCG,37.5703,31.9239,0.0,0,0.0,0.0,0.0,HOLD_CASH
2010-07-19,11,JNJ,PCG,37.6525,32.5165,0.0,0,0.0,0.0,0.0,HOLD_CASH
2010-07-20,11,JNJ,PCG,37.0267,32.8316,0.0,0,0.0,0.0,0.0,HOLD_CASH
2010-07-21,11,JNJ,PCG,36.1039,32.404,0.0,0,0.0,0.0,0.0,HOLD_CASH
2010-07-22,11,JNJ,PCG,36.0407,32.9516,0.0,0,0.0,0.0,0.0,HOLD_CASH
2010-07-23,11,JNJ,PCG,36.4263,33.1766,0.0,0,0.0,0.0,0.0,HOLD_CASH
2010-07-26,11,JNJ,PCG,36.4958,33.4391,0.0,0,0.0,0.0,0.0,HOLD_CASH
2010-07-27,11,JNJ,PCG,36.7233,33.9642,0.0,0,0.0,0.0,0.0,HOLD_CASH
2010-07-28,11,JNJ,PCG,36.5527,33.6117,0.0,0,0.0,0.0,0.0,HOLD_CASH
2010-07-29,11,JNJ,PCG,36.5527,33.3641,0.0,0,0.0,0.0,0.0,HOLD_CASH
2010-07-30,11,JNJ,PCG,36.717,33.3041,0.0,0,0.0,0.0,0.0,HOLD_CASH
2010-08-02,11,JNJ,PCG,37.1152,34.0467,-1.0946,0,0.0,0.0,0.0,HOLD_CASH
2010-08-03,11,JNJ,PCG,37.5134,33.8217,-0.6148,0,0.0,0.0,0.0,HOLD_CASH
2010-08-04,11,JNJ,PCG,37.7599,33.9792,-0.4945,0,0.0,0.0,0.0,HOLD_CASH
2010-08-05,11,JNJ,PCG,37.7726,33.9267,-0.3678,0,0.0,0.0,0.0,HOLD_CASH
2010-08-06,11,JNJ,PCG,37.899,34.2342,-0.4509,0,0.0,0.0,0.0,HOLD_CASH
2010-08-09,11,JNJ,PCG,37.9559,34.3092,-0.3973,0,0.0,0.0,0.0,HOLD_CASH
2010-08-10,11,JNJ,PCG,37.564,34.6618,-0.9943,0,0.0,0.0,0.0,HOLD_CASH
2010-08-11,11,JNJ,PCG,36.9762,33.9492,-0.7755,0,0.0,0.0,0.0,HOLD_CASH
2010-08-12,11,JNJ,PCG,36.9888,34.1967,-1.0049,0,0.0,0.0,0.0,HOLD_CASH
2010-08-13,11,JNJ,PCG,36.755,34.2867,-1.5161,0,0.0,0.0,0.0,HOLD_CASH
2010-08-16,11,JNJ,PCG,36.6664,34.3392,-1.8742,0,0.0,0.0,0.0,HOLD_CASH
2010-08-17,11,JNJ,PCG,37.4312,34.4968,-0.6587,0,0.0,0.0,0.0,HOLD_CASH
2010-08-18,11,JNJ,PCG,37.5134,34.0017,0.7611,0,0.0,0.0,0.0,HOLD_CASH
2010-08-19,11,JNJ,PCG,37.1152,33.8292,0.2741,0,0.0,0.0,0.0,HOLD_CASH
2010-08-20,11,JNJ,PCG,37.1279,34.3993,-1.0112,0,0.0,0.0,0.0,HOLD_CASH
2010-08-23,11,JNJ,PCG,37.21,34.6543,-1.3046,0,0.0,0.0,0.0,HOLD_CASH
2010-08-24,11,JNJ,PCG,36.6664,35.0518,-2.5945,1,0.0,-0.5,-0.5,ENTER_LONG_A
2010-08-25,11,JNJ,PCG,36.6475,35.2994,-2.4101,1,-1.8949,-0.5,-2.3949,HOLDING
2010-08-26,11,JNJ,PCG,36.5337,35.1418,-1.962,1,-1.5469,-0.5,-2.0469,HOLDING
2010-08-27,11,JNJ,PCG,36.7507,35.7269,-2.0427,1,-4.2408,-0.5,-4.7408,HOLDING
2010-08-30,11,JNJ,PCG,36.5592,35.0818,-1.345,1,-0.9449,-0.5,-1.4449,HOLDING
2010-08-31,11,JNJ,PCG,36.3806,35.0743,-1.3699,1,-2.1095,-0.5,-2.6095,HOLDING
2010-09-01,11,JNJ,PCG,37.1909,35.8394,-1.2262,1,-2.0415,-0.5,-2.5415,HOLDING
2010-09-02,11,JNJ,PCG,37.3951,35.7794,-0.8654,1,-0.2215,-0.5,-0.7215,HOLDING
2010-09-03,11,JNJ,PCG,37.5992,35.7644,-0.5528,1,1.2775,-0.5,0.7775,HOLDING
2010-09-07,11,JNJ,PCG,37.4525,35.967,-0.8811,1,-1.1675,-0.5,-1.6675,HOLDING
2010-09-08,11,JNJ,PCG,37.5482,35.7794,-0.4645,1,0.8226,-0.5,0.3226,HOLDING
2010-09-09,11,JNJ,PCG,38.1671,36.1845,-0.1628,1,2.1533,-0.5,1.6533,HOLDING
2010-09-10,11,JNJ,PCG,38.2692,33.1616,2.9667,1,24.4094,-0.5,23.9094,HOLDING
2010-09-13,11,JNJ,PCG,38.4861,33.1991,2.4496,1,25.6209,-0.5,25.1209,HOLDING
2010-09-14,11,JNJ,PCG,38.652,33.6492,1.8649,1,23.5422,-0.5,23.0422,HOLDING
2010-09-15,11,JNJ,PCG,38.9519,34.1142,1.5356,1,22.2698,-0.5,21.7698,HOLDING
2010-09-16,11,JNJ,PCG,39.105,34.0167,1.5576,1,24.0093,-0.5,23.5093,HOLDING
2010-09-17,11,JNJ,PCG,39.2836,33.9492,1.5445,1,25.7088,-0.5,25.2088,HOLDING
2010-09-20,11,JNJ,PCG,39.6154,34.0317,1.4911,1,27.3826,-0.5,26.8826,HOLDING
2010-09-21,11,JNJ,PCG,39.5197,33.7542,1.4323,1,28.7095,-0.5,28.2095,HOLDING
2010-09-22,11,JNJ,PCG,39.5388,33.8817,1.2286,1,27.9304,-0.5,27.4304,HOLDING
2010-09-23,11,JNJ,PCG,39.4368,33.9192,1.0484,1,26.967,-0.5,26.467,HOLDING
2010-09-24,11,JNJ,PCG,39.6473,34.3693,0.8158,1,25.1927,-0.5,24.6927,HOLDING
2010-09-27,11,JNJ,PCG,39.5772,34.4368,0.6678,1,24.2326,-0.5,23.7326,HOLDING
2010-09-28,11,JNJ,PCG,39.8323,34.5087,0.6736,1,25.4594,-0.5,24.9594,HOLDING
2010-09-29,11,JNJ,PCG,39.7558,34.236,0.7154,1,26.8826,-0.5,26.3826,HOLDING
2010-09-30,11,JNJ,PCG,39.5325,34.4102,0.4133,1,24.1171,-0.5,23.6171,HOLDING
2010-10-01,11,JNJ,PCG,39.3985,34.6375,0.0984,1,21.5825,-0.5,21.0825,HOLDING
2010-10-04,11,JNJ,PCG,39.3475,34.6451,-0.0398,1,21.1806,-0.5,20.6806,HOLDING
2010-10-05,11,JNJ,PCG,40.0684,35.38,-0.2872,1,20.855,-0.5,20.355,HOLDING
2010-10-06,11,JNJ,PCG,40.33,35.1072,0.058,1,24.5839,-0.5,24.0839,HOLDING
2010-10-07,11,JNJ,PCG,40.3364,35.2209,-0.6549,1,23.8169,-0.5,23.3169,HOLDING
2010-10-08,11,JNJ,PCG,40.3428,35.4406,-1.1992,1,22.2933,-0.5,21.7933,HOLDING
2010-10-11,11,JNJ,PCG,40.3874,35.2966,-0.5841,1,23.6244,-0.5,23.1244,HOLDING
2010-10-12,11,JNJ,PCG,40.3811,35.2739,-0.5108,1,23.7432,-0.5,23.2432,HOLDING
2010-10-13,11,JNJ,PCG,40.5661,35.1982,0.1549,1,25.545,-0.5,25.045,HOLDING
2010-10-14,11,JNJ,PCG,40.6682,35.3724,-0.1071,1,24.9983,-0.5,24.4983,HOLDING
2010-10-15,11,JNJ,PCG,40.5597,35.5315,-0.7989,1,23.124,-0.5,22.624,HOLDING
2010-10-18,11,JNJ,PCG,40.7447,35.7664,-0.9234,1,22.7106,-0.5,22.2106,HOLDING
2010-10-19,11,JNJ,PCG,40.3811,35.5391,-1.1508,1,21.852,-0.5,21.352,HOLDING
2010-10-20,11,JNJ,PCG,40.5788,35.9861,-1.908,1,20.0124,-0.5,19.5124,HOLDING
2010-10-21,11,JNJ,PCG,40.8277,35.8724,-0.6911,1,22.5196,-0.5,22.0196,HOLDING
2010-10-22,11,JNJ,PCG,40.7128,36.1073,-1.7167,1,20.0613,-0.5,19.5613,HOLDING
2010-10-25,11,JNJ,PCG,40.8213,36.1148,-1.2544,1,20.747,-0.5,20.247,HOLDING
2010-10-26,11,JNJ,PCG,40.732,36.0467,-1.1768,1,20.6244,-0.5,20.1244,HOLDING
2010-10-27,11,JNJ,PCG,40.5597,35.9482,-1.3375,1,20.1521,-0.5,19.6521,HOLDING
2010-10-28,11,JNJ,PCG,40.5533,36.1603,-1.9036,1,18.5957,-0.5,18.0957,HOLDING
2010-10-29,11,JNJ,PCG,40.6682,36.2285,-1.5684,1,18.8924,-0.5,18.3924,HOLDING
2010-11-01,11,JNJ,PCG,40.6363,36.0012,-0.8245,1,20.2959,-0.5,19.7959,HOLDING
2010-11-02,11,JNJ,PCG,40.7575,36.433,-1.7013,1,18.0426,-0.5,17.5426,HOLDING
2010-11-03,11,JNJ,PCG,40.9553,36.274,-0.5837,1,20.5257,-0.5,20.0257,HOLDING
2010-11-04,11,JNJ,PCG,41.319,36.7512,-0.9795,1,19.6014,-0.5,19.1014,HOLDING
2010-11-05,11,JNJ,PCG,41.2488,36.8043,-1.2151,1,18.7445,-0.5,18.2445,HOLDING
2010-11-08,11,JNJ,PCG,41.0446,36.2664,-0.0385,1,21.1888,-0.5,20.6888,HOLDING
2010-11-09,11,JNJ,PCG,41.0318,36.0315,0.7529,1,22.7768,-0.5,22.2768,HOLDING
2010-11-10,11,JNJ,PCG,40.8022,35.9709,0.4294,1,21.6431,-0.5,21.1431,HOLDING
2010-11-11,11,JNJ,PCG,40.783,36.0239,0.3138,1,21.1345,-0.5,20.6345,HOLDING
2010-11-12,11,JNJ,PCG,40.6235,35.9633,0.0207,1,20.479,-0.5,19.979,HOLDING
2010-11-15,11,JNJ,PCG,40.9234,36.2436,0.0296,1,20.5244,-0.5,20.0244,HOLDING
2010-11-16,11,JNJ,PCG,40.2854,35.8118,-0.655,1,19.2541,-0.5,18.7541,HOLDING
2010-11-17,11,JNJ,PCG,40.2343,35.7436,-0.4974,1,19.3925,-0.5,18.8925,HOLDING
2010-11-18,11,JNJ,PCG,40.7256,35.9633,0.8937,1,21.175,-0.5,20.675,HOLDING
2010-11-19,11,JNJ,PCG,40.7256,35.9861,0.6976,1,21.013,-0.5,20.513,HOLDING
2010-11-22,11,JNJ,PCG,40.5916,35.9936,-0.0686,1,20.0455,-0.5,19.5455,HOLDING
2010-11-23,11,JNJ,PCG,40.1131,35.5921,-0.1848,1,19.6466,-0.5,19.1466,HOLDING
2010-11-24,11,JNJ,PCG,40.3811,35.6754,0.7501,1,20.8793,-0.5,20.3793,HOLDING
2010-11-26,11,JNJ,PCG,40.0915,35.5694,-0.2644,1,19.6613,-0.5,19.1613,HOLDING
2010-11-29,11,JNJ,PCG,39.8405,35.4027,-0.6866,1,19.1389,-0.5,18.6389,HOLDING
2010-11-30,11,JNJ,PCG,39.6088,35.5542,-2.4384,1,16.4786,-0.5,15.9786,HOLDING
2010-12-01,11,JNJ,PCG,40.1687,36.1376,-2.4758,1,16.1352,-0.5,15.6352,HOLDING
2010-12-02,11,JNJ,PCG,40.2845,36.2361,-2.0344,1,16.2226,-0.5,15.7226,HOLDING
2010-12-03,11,JNJ,PCG,40.2588,36.4634,-2.4289,1,14.426,-0.5,13.926,HOLDING
2010-12-06,11,JNJ,PCG,40.0271,36.0845,-1.6485,1,15.5483,-0.5,15.0483,HOLDING
2010-12-07,11,JNJ,PCG,40.0979,35.8042,-0.4692,1,18.0302,-0.5,17.5302,HOLDING
2010-12-08,11,JNJ,PCG,40.188,35.4557,1.0165,1,21.1299,-0.5,20.6299,HOLDING
2010-12-09,11,JNJ,PCG,39.937,35.486,0.1982,1,19.2028,-0.5,18.7028,HOLDING
2010-12-10,11,JNJ,PCG,39.8405,35.63,-0.5535,1,17.5178,-0.5,17.0178,HOLDING
2010-12-13,11,JNJ,PCG,39.8083,35.7815,-1.0879,1,16.2178,-0.5,15.7178,HOLDING
2010-12-14,11,JNJ,PCG,40.3939,36.1148,-0.3569,1,17.8331,-0.5,17.3331,HOLDING
2010-12-15,11,JNJ,PCG,40.2652,35.7436,0.55,1,19.6033,-0.5,19.1033,HOLDING
2010-12-16,11,JNJ,PCG,40.1558,36.274,-1.4861,1,15.0747,-0.5,14.5747,HOLDING
2010-12-17,11,JNJ,PCG,40.2459,36.4406,-1.5725,1,14.5005,-0.5,14.0005,HOLDING
2010-12-20,11,JNJ,PCG,40.2137,36.683,-2.0689,1,12.5519,-0.5,12.0519,HOLDING
2010-12-21,11,JNJ,PCG,40.1172,36.4103,-1.3626,1,13.839,-0.5,13.339,HOLDING
2010-12-22,11,JNJ,PCG,39.9113,36.4103,-1.6627,1,12.435,-0.5,11.935,HOLDING
2010-12-23,11,JNJ,PCG,40.0593,36.6224,-1.6746,1,11.9311,-0.5,11.4311,HOLDING
2010-12-27,11,JNJ,PCG,39.8534,36.5467,-1.7326,1,11.0674,-0.5,10.5674,HOLDING
2010-12-28,11,JNJ,PCG,39.9306,36.6224,-1.5507,1,11.0536,-0.5,10.5536,HOLDING
2010-12-29,11,JNJ,PCG,39.9821,36.6339,-1.3088,1,11.3227,-0.5,10.8227,HOLDING
2010-12-30,11,JNJ,PCG,39.8598,36.4733,-1.0857,1,11.6347,-0.5,11.1347,HOLDING
2010-12-31,11,JNJ,PCG,39.8019,36.588,-1.3156,1,0.0,9.3892,9.3892,PERIOD_END_EXIT
2010-07-06,12,AEP,ED,18.2642,23.8321,0.0,0,0.0,0.0,0.0,HOLD_CASH
2010-07-07,12,AEP,ED,18.8737,24.4495,0.0,0,0.0,0.0,0.0,HOLD_CASH
2010-07-08,12,AEP,ED,19.0934,24.7609,0.0,0,0.0,0.0,0.0,HOLD_CASH
2010-07-09,12,AEP,ED,19.1318,24.7336,0.0,0,0.0,0.0,0.0,HOLD_CASH
2010-07-12,12,AEP,ED,19.1483,24.8046,0.0,0,0.0,0.0,0.0,HOLD_CASH
2010-07-13,12,AEP,ED,19.0934,24.8701,0.0,0,0.0,0.0,0.0,HOLD_CASH
2010-07-14,12,AEP,ED,19.1428,24.8975,0.0,0,0.0,0.0,0.0,HOLD_CASH
2010-07-15,12,AEP,ED,19.3734,24.9904,0.0,0,0.0,0.0,0.0,HOLD_CASH
2010-07-16,12,AEP,ED,19.0879,24.6188,0.0,0,0.0,0.0,0.0,HOLD_CASH
2010-07-19,12,AEP,ED,19.4283,24.9521,0.0,0,0.0,0.0,0.0,HOLD_CASH
2010-07-20,12,AEP,ED,19.7249,25.0395,0.0,0,0.0,0.0,0.0,HOLD_CASH
2010-07-21,12,AEP,ED,19.3624,24.7336,0.0,0,0.0,0.0,0.0,HOLD_CASH
2010-07-22,12,AEP,ED,19.6535,25.1433,0.0,0,0.0,0.0,0.0,HOLD_CASH
2010-07-23,12,AEP,ED,19.659,25.2963,0.0,0,0.0,0.0,0.0,HOLD_CASH
2010-07-26,12,AEP,ED,19.8621,25.5039,0.0,0,0.0,0.0,0.0,HOLD_CASH
2010-07-27,12,AEP,ED,20.1147,25.7662,0.0,0,0.0,0.0,0.0,HOLD_CASH
2010-07-28,12,AEP,ED,20.1038,25.6952,0.0,0,0.0,0.0,0.0,HOLD_CASH
2010-07-29,12,AEP,ED,19.8237,25.4438,0.0,0,0.0,0.0,0.0,HOLD_CASH
2010-07-30,12,AEP,ED,19.7578,25.198,0.0,0,0.0,0.0,0.0,HOLD_CASH
2010-08-02,12,AEP,ED,19.9171,25.7552,-0.5279,0,0.0,0.0,0.0,HOLD_CASH
2010-08-03,12,AEP,ED,19.9061,25.6405,-0.1034,0,0.0,0.0,0.0,HOLD_CASH
2010-08-04,12,AEP,ED,19.7633,25.646,-1.1512,0,0.0,0.0,0.0,HOLD_CASH
2010-08-05,12,AEP,ED,19.9939,25.7935,-0.3584,0,0.0,0.0,0.0,HOLD_CASH
2010-08-06,12,AEP,ED,19.9884,25.9902,-1.4105,0,0.0,0.0,0.0,HOLD_CASH
2010-08-09,12,AEP,ED,19.9162,26.2087,-2.4803,1,0.0,-0.5,-0.5,ENTER_LONG_A
2010-08-10,12,AEP,ED,20.1495,26.4218,-1.9012,1,0.8963,-0.5,0.3963,HOLDING
2010-08-11,12,AEP,ED,19.7217,26.0284,-2.2194,1,-0.7208,-0.5,-1.2208,HOLDING
2010-08-12,12,AEP,ED,19.6384,26.1978,-2.4986,1,-3.3825,-0.5,-3.8825,HOLDING
2010-08-13,12,AEP,ED,19.7328,25.9792,-1.3245,1,-0.1123,-0.5,-0.6123,HOLDING
2010-08-16,12,AEP,ED,19.8495,25.9212,-0.658,1,1.9061,-0.5,1.4061,HOLDING
2010-08-17,12,AEP,ED,19.8662,26.2144,-1.2959,1,-0.6817,-0.5,-1.1817,HOLDING
2010-08-18,12,AEP,ED,19.5662,25.982,-1.5629,1,-2.2308,-0.5,-2.7308,HOLDING
2010-08-19,12,AEP,ED,19.3551,25.7275,-1.4575,1,-2.453,-0.5,-2.953,HOLDING
2010-08-20,12,AEP,ED,19.344,25.8382,-1.5767,1,-3.6479,-0.5,-4.1479,HOLDING
2010-08-23,12,AEP,ED,19.5051,25.9931,-1.2789,1,-3.1035,-0.5,-3.6035,HOLDING
2010-08-24,12,AEP,ED,19.6717,26.1757,-1.0737,1,-2.7531,-0.5,-3.2531,HOLDING
2010-08-25,12,AEP,ED,19.6273,26.2476,-1.2877,1,-3.9969,-0.5,-4.4969,HOLDING
2010-08-26,12,AEP,ED,19.5551,26.0871,-1.0275,1,-3.3731,-0.5,-3.8731,HOLDING
2010-08-27,12,AEP,ED,19.8384,26.491,-1.0467,1,-3.6692,-0.5,-4.1692,HOLDING
2010-08-30,12,AEP,ED,19.5384,26.1425,-1.1011,1,-4.1101,-0.5,-4.6101,HOLDING
2010-08-31,12,AEP,ED,19.6717,26.2974,-0.9663,1,-3.9142,-0.5,-4.4142,HOLDING
2010-09-01,12,AEP,ED,20.0606,26.6902,-0.4688,1,-2.7799,-0.5,-3.2799,HOLDING
2010-09-02,12,AEP,ED,19.9217,26.6958,-1.1576,1,-4.5759,-0.5,-5.0759,HOLDING
2010-09-03,12,AEP,ED,20.0661,26.8009,-0.7337,1,-3.7657,-0.5,-4.2657,HOLDING
2010-09-07,12,AEP,ED,20.0939,26.7566,-0.2607,1,-2.9948,-0.5,-3.4948,HOLDING
2010-09-08,12,AEP,ED,20.0439,26.4357,1.1918,1,-0.5612,-0.5,-1.0612,HOLDING
2010-09-09,12,AEP,ED,20.1939,26.5298,1.6573,1,0.4244,-0.5,-0.0756,HOLDING
2010-09-10,12,AEP,ED,20.3495,26.3859,2.627,1,3.7491,-0.5,3.2491,HOLDING
2010-09-13,12,AEP,ED,20.3884,26.4302,2.2347,1,3.8151,-0.5,3.3151,HOLDING
2010-09-14,12,AEP,ED,20.2328,26.6128,0.8853,1,0.1209,-0.5,-0.3791,HOLDING
2010-09-15,12,AEP,ED,20.0995,26.4744,0.7279,1,-0.2334,-0.5,-0.7334,HOLDING
2010-09-16,12,AEP,ED,19.9995,26.3306,0.7208,1,-0.1164,-0.5,-0.6164,HOLDING
2010-09-17,12,AEP,ED,19.9328,26.5132,-0.3052,1,-2.6949,-0.5,-3.1949,HOLDING
2010-09-20,12,AEP,ED,20.1884,26.9392,-0.6338,1,-3.5509,-0.5,-4.0509,HOLDING
2010-09-21,12,AEP,ED,20.005,26.8064,-1.0051,1,-4.5856,-0.5,-5.0856,HOLDING
2010-09-22,12,AEP,ED,20.2384,26.8451,-0.0201,1,-2.0261,-0.5,-2.5261,HOLDING
2010-09-23,12,AEP,ED,20.055,26.6072,-0.0805,1,-2.0579,-0.5,-2.5579,HOLDING
2010-09-24,12,AEP,ED,20.2773,26.9945,-0.4392,1,-2.9628,-0.5,-3.4628,HOLDING
2010-09-27,12,AEP,ED,20.2995,26.9724,-0.274,1,-2.4729,-0.5,-2.9729,HOLDING
2010-09-28,12,AEP,ED,20.3995,26.8341,0.6815,1,0.1019,-0.5,-0.3981,HOLDING
2010-09-29,12,AEP,ED,20.255,26.7953,0.0378,1,-1.3419,-0.5,-1.8419,HOLDING
2010-09-30,12,AEP,ED,20.1273,26.6791,-0.1964,1,-1.8373,-0.5,-2.3373,HOLDING
2010-10-01,12,AEP,ED,20.1217,26.74,-0.5427,1,-2.4878,-0.5,-2.9878,HOLDING
2010-10-04,12,AEP,ED,20.1106,26.5962,-0.0517,1,-1.2549,-0.5,-1.7549,HOLDING
2010-10-05,12,AEP,ED,20.1884,26.7843,-0.4544,1,-2.0732,-0.5,-2.5732,HOLDING
2010-10-06,12,AEP,ED,20.1439,26.6626,-0.153,1,-1.4699,-0.5,-1.9699,HOLDING
2010-10-07,12,AEP,ED,20.0273,26.6515,-0.7204,1,-2.8287,-0.5,-3.3287,HOLDING
2010-10-08,12,AEP,ED,20.105,26.7068,-0.4335,1,-2.3803,-0.5,-2.8803,HOLDING
2010-10-11,12,AEP,ED,20.1606,26.6847,0.3326,1,-1.4718,-0.5,-1.9718,HOLDING
2010-10-12,12,AEP,ED,19.9217,26.6791,-1.8544,1,-4.4176,-0.5,-4.9176,HOLDING
2010-10-13,12,AEP,ED,19.905,26.6681,-1.7249,1,-4.5213,-0.5,-5.0213,HOLDING
2010-10-14,12,AEP,ED,19.8828,26.8064,-2.4393,1,-6.1196,-0.5,-6.6196,HOLDING
2010-10-15,12,AEP,ED,19.9662,26.8894,-1.9103,1,-5.8653,-0.5,-6.3653,HOLDING
2010-10-18,12,AEP,ED,20.1828,27.1605,-1.6059,1,-5.7314,-0.5,-6.2314,HOLDING
2010-10-19,12,AEP,ED,20.2884,27.0222,-0.1447,1,-3.0873,-0.5,-3.5873,HOLDING
2010-10-20,12,AEP,ED,20.455,27.1716,0.268,1,-2.4201,-0.5,-2.9201,HOLDING
2010-10-21,12,AEP,ED,20.4995,27.0443,1.2154,1,-0.6483,-0.5,-1.1483,HOLDING
2010-10-22,12,AEP,ED,20.3884,27.1771,-0.2769,1,-3.3097,-0.5,-3.8097,HOLDING
2010-10-25,12,AEP,ED,20.255,27.2214,-1.3158,1,-5.4056,-0.5,-5.9056,HOLDING
2010-10-26,12,AEP,ED,20.3661,27.3652,-1.1886,1,-5.383,-0.5,-5.883,HOLDING
2010-10-27,12,AEP,ED,20.4717,27.5201,-1.1354,1,-5.5358,-0.5,-6.0358,HOLDING
2010-10-28,12,AEP,ED,20.6717,27.581,-0.0145,1,-3.6059,-0.5,-4.1059,HOLDING
2010-10-29,12,AEP,ED,20.7995,27.5091,1.1939,1,-1.316,-0.5,-1.816,HOLDING
2010-11-01,12,AEP,ED,20.7106,27.4759,0.7998,1,-2.115,-0.5,-2.615,HOLDING
2010-11-02,12,AEP,ED,20.905,28.0679,-0.847,1,-5.3213,-0.5,-5.8213,HOLDING
2010-11-03,12,AEP,ED,20.8606,27.9351,-0.3999,1,-4.6126,-0.5,-5.1126,HOLDING
2010-11-04,12,AEP,ED,20.8828,28.1509,-1.2516,1,-6.392,-0.5,-6.892,HOLDING
2010-11-05,12,AEP,ED,20.9439,28.2173,-1.0565,1,-6.2582,-0.5,-6.7582,HOLDING
2010-11-08,12,AEP,ED,20.7696,28.0402,-1.2361,1,-6.7578,-0.5,-7.2578,HOLDING
2010-11-09,12,AEP,ED,20.7527,28.0015,-1.063,1,-6.6002,-0.5,-7.1002,HOLDING
2010-11-10,12,AEP,ED,20.584,27.7138,-0.7113,1,-5.9736,-0.5,-6.4736,HOLDING
2010-11-11,12,AEP,ED,20.5502,27.7083,-0.9117,1,-6.3445,-0.5,-6.8445,HOLDING
2010-11-12,12,AEP,ED,20.539,27.5201,-0.0738,1,-4.6913,-0.5,-5.1913,HOLDING
2010-11-15,12,AEP,ED,20.4884,27.5565,-0.6167,1,-5.6738,-0.5,-6.1738,HOLDING
2010-11-16,12,AEP,ED,20.2128,27.2485,-0.8549,1,-6.1952,-0.5,-6.6952,HOLDING
2010-11-17,12,AEP,ED,20.0891,27.2037,-1.3436,1,-7.3209,-0.5,-7.8209,HOLDING
2010-11-18,12,AEP,ED,20.2803,27.3549,-0.7475,1,-6.363,-0.5,-6.863,HOLDING
2010-11-19,12,AEP,ED,20.1059,27.2317,-1.2879,1,-7.3763,-0.5,-7.8763,HOLDING
2010-11-22,12,AEP,ED,20.2409,27.2709,-0.4038,1,-6.0558,-0.5,-6.5558,HOLDING
2010-11-23,12,AEP,ED,20.0666,27.0134,-0.251,1,-5.7874,-0.5,-6.2874,HOLDING
2010-11-24,12,AEP,ED,20.2578,27.0638,0.9183,1,-3.8679,-0.5,-4.3679,HOLDING
2010-11-26,12,AEP,ED,20.1622,26.9797,0.6991,1,-4.2665,-0.5,-4.7665,HOLDING
2010-11-29,12,AEP,ED,20.0666,26.8902,0.7152,1,-4.612,-0.5,-5.112,HOLDING
2010-11-30,12,AEP,ED,20.0216,27.0862,-1.2736,1,-7.0465,-0.5,-7.5465,HOLDING
2010-12-01,12,AEP,ED,20.4715,27.2989,2.0427,1,-3.4285,-0.5,-3.9285,HOLDING
2010-12-02,12,AEP,ED,20.2915,27.3438,-0.2582,1,-6.115,-0.5,-6.615,HOLDING
2010-12-03,12,AEP,ED,20.2409,27.4501,-1.5632,1,-7.7651,-0.5,-8.2651,HOLDING
2010-12-06,12,AEP,ED,20.134,27.3773,-1.8373,1,-8.4121,-0.5,-8.9121,HOLDING
2010-12-07,12,AEP,ED,19.9203,27.1981,-2.1836,1,-9.3855,-0.5,-9.8855,HOLDING
2010-12-08,12,AEP,ED,19.7291,27.0358,-2.2629,1,-10.2367,-0.5,-10.7367,HOLDING
2010-12-09,12,AEP,ED,19.8922,27.2765,-1.9726,1,-10.4864,-0.5,-10.9864,HOLDING
2010-12-10,12,AEP,ED,20.0441,27.3717,-1.3027,1,-9.4883,-0.5,-9.9883,HOLDING
2010-12-13,12,AEP,ED,20.1734,27.5397,-1.1412,1,-9.467,-0.5,-9.967,HOLDING
2010-12-14,12,AEP,ED,20.2915,27.7189,-1.1002,1,-9.6938,-0.5,-10.1938,HOLDING
2010-12-15,12,AEP,ED,20.0891,27.4445,-1.0077,1,-9.6178,-0.5,-10.1178,HOLDING
2010-12-16,12,AEP,ED,20.2746,27.7469,-1.1092,1,-10.1728,-0.5,-10.6728,HOLDING
2010-12-17,12,AEP,ED,20.2409,27.6293,-0.7508,1,-9.4745,-0.5,-9.9745,HOLDING
2010-12-20,12,AEP,ED,20.224,27.6965,-1.0177,1,-10.3273,-0.5,-10.8273,HOLDING
2010-12-21,12,AEP,ED,20.134,27.7133,-1.3846,1,-11.617,-0.5,-12.117,HOLDING
2010-12-22,12,AEP,ED,20.224,27.7525,-0.971,1,-10.8614,-0.5,-11.3614,HOLDING
2010-12-23,12,AEP,ED,20.2015,27.7749,-1.0831,1,-11.3574,-0.5,-11.8574,HOLDING
2010-12-27,12,AEP,ED,20.179,27.8029,-1.2268,1,-11.907,-0.5,-12.407,HOLDING
2010-12-28,12,AEP,ED,20.2746,27.8477,-0.8054,1,-11.1342,-0.5,-11.6342,HOLDING
2010-12-29,12,AEP,ED,20.314,27.7357,0.0115,1,-9.5718,-0.5,-10.0718,HOLDING
2010-12-30,12,AEP,ED,20.2746,27.6741,0.2972,1,-9.4784,-0.5,-9.9784,HOLDING
2010-12-31,12,AEP,ED,20.2353,27.7581,-0.6439,1,0.0,-11.7925,-11.7925,PERIOD_END_EXIT
2010-07-06,13,ED,WEC,23.8321,15.3198,0.0,0,0.0,0.0,0.0,HOLD_CASH
2010-07-07,13,ED,WEC,24.4495,15.7343,0.0,0,0.0,0.0,0.0,HOLD_CASH
2010-07-08,13,ED,WEC,24.7609,15.8,0.0,0,0.0,0.0,0.0,HOLD_CASH
2010-07-09,13,ED,WEC,24.7336,15.8328,0.0,0,0.0,0.0,0.0,HOLD_CASH
2010-07-12,13,ED,WEC,24.8046,15.8775,0.0,0,0.0,0.0,0.0,HOLD_CASH
2010-07-13,13,ED,WEC,24.8701,15.9998,0.0,0,0.0,0.0,0.0,HOLD_CASH
2010-07-14,13,ED,WEC,24.8975,16.0296,0.0,0,0.0,0.0,0.0,HOLD_CASH
2010-07-15,13,ED,WEC,24.9904,16.0743,0.0,0,0.0,0.0,0.0,HOLD_CASH
2010-07-16,13,ED,WEC,24.6188,15.7642,0.0,0,0.0,0.0,0.0,HOLD_CASH
2010-07-19,13,ED,WEC,24.9521,16.0385,0.0,0,0.0,0.0,0.0,HOLD_CASH
2010-07-20,13,ED,WEC,25.0395,16.2026,0.0,0,0.0,0.0,0.0,HOLD_CASH
2010-07-21,13,ED,WEC,24.7336,15.9252,0.0,0,0.0,0.0,0.0,HOLD_CASH
2010-07-22,13,ED,WEC,25.1433,16.2533,0.0,0,0.0,0.0,0.0,HOLD_CASH
2010-07-23,13,ED,WEC,25.2963,16.4113,0.0,0,0.0,0.0,0.0,HOLD_CASH
2010-07-26,13,ED,WEC,25.5039,16.4769,0.0,0,0.0,0.0,0.0,HOLD_CASH
2010-07-27,13,ED,WEC,25.7662,16.6052,0.0,0,0.0,0.0,0.0,HOLD_CASH
2010-07-28,13,ED,WEC,25.6952,16.5097,0.0,0,0.0,0.0,0.0,HOLD_CASH
2010-07-29,13,ED,WEC,25.4438,16.3517,0.0,0,0.0,0.0,0.0,HOLD_CASH
2010-07-30,13,ED,WEC,25.198,16.1877,0.0,0,0.0,0.0,0.0,HOLD_CASH
2010-08-02,13,ED,WEC,25.7552,16.5127,0.7907,0,0.0,0.0,0.0,HOLD_CASH
2010-08-03,13,ED,WEC,25.6405,16.4352,0.8011,0,0.0,0.0,0.0,HOLD_CASH
2010-08-04,13,ED,WEC,25.646,16.465,0.3783,0,0.0,0.0,0.0,HOLD_CASH
2010-08-05,13,ED,WEC,25.7935,16.5396,0.8048,0,0.0,0.0,0.0,HOLD_CASH
2010-08-06,13,ED,WEC,25.9902,16.6529,1.0387,0,0.0,0.0,0.0,HOLD_CASH
2010-08-09,13,ED,WEC,26.2087,16.6857,2.3626,-1,0.0,-0.5,-0.5,ENTER_SHORT_A
2010-08-10,13,ED,WEC,26.4218,16.7364,2.6456,-1,-1.2731,-0.5,-1.7731,HOLDING
2010-08-11,13,ED,WEC,26.0284,16.5772,1.4481,-1,0.0942,-0.5,-0.4058,HOLDING
2010-08-12,13,ED,WEC,26.1978,16.5351,2.3786,-1,-2.1515,-0.5,-2.6515,HOLDING
2010-08-13,13,ED,WEC,25.9792,16.5862,0.6817,-1,0.6982,-0.5,0.1982,HOLDING
2010-08-16,13,ED,WEC,25.9212,16.6282,-0.0196,-1,1.8823,-0.5,1.3823,HOLDING
2010-08-17,13,ED,WEC,26.2144,16.8415,-0.3001,-1,2.2806,-0.5,1.7806,HOLDING
2010-08-18,13,ED,WEC,25.982,16.8745,-1.7306,-1,4.9922,-0.5,4.4922,HOLDING
2010-08-19,13,ED,WEC,25.7275,16.6883,-1.4838,-1,4.6298,-0.5,4.1298,HOLDING
2010-08-20,13,ED,WEC,25.8382,16.7093,-1.1299,-1,3.8892,-0.5,3.3892,HOLDING
2010-08-23,13,ED,WEC,25.9931,16.7304,-0.5096,-1,2.7264,-0.5,2.2264,HOLDING
2010-08-24,13,ED,WEC,26.1757,16.7754,0.064,-1,1.6598,-0.5,1.1598,HOLDING
2010-08-25,13,ED,WEC,26.2476,16.7814,0.3713,-1,1.0638,-0.5,0.5638,HOLDING
2010-08-26,13,ED,WEC,26.0871,16.6403,0.6455,-1,0.4791,-0.5,-0.0209,HOLDING
2010-08-27,13,ED,WEC,26.491,16.9767,-0.0356,-1,1.6669,-0.5,1.1669,HOLDING
2010-08-30,13,ED,WEC,26.1425,16.7154,0.2691,-1,1.0764,-0.5,0.5764,HOLDING
2010-08-31,13,ED,WEC,26.2974,16.7424,0.8187,-1,0.0037,-0.5,-0.4963,HOLDING
2010-09-01,13,ED,WEC,26.6902,17.1148,-0.1966,-1,1.8369,-0.5,1.3369,HOLDING
2010-09-02,13,ED,WEC,26.6958,17.1238,-0.239,-1,1.9192,-0.5,1.4192,HOLDING
2010-09-03,13,ED,WEC,26.8009,17.235,-0.5652,-1,2.5815,-0.5,2.0815,HOLDING
2010-09-07,13,ED,WEC,26.7566,17.1329,0.0739,-1,1.4737,-0.5,0.9737,HOLDING
2010-09-08,13,ED,WEC,26.4357,17.0127,-0.5655,-1,2.7348,-0.5,2.2348,HOLDING
2010-09-09,13,ED,WEC,26.5298,17.1419,-1.0632,-1,3.7725,-0.5,3.2725,HOLDING
2010-09-10,13,ED,WEC,26.3859,17.1629,-2.0092,-1,5.4599,-0.5,4.9599,HOLDING
2010-09-13,13,ED,WEC,26.4302,17.3251,-2.541,-1,7.4679,-0.5,6.9679,HOLDING
2010-09-14,13,ED,WEC,26.6128,17.3551,-1.6037,-1,6.1761,-0.5,5.6761,HOLDING
2010-09-15,13,ED,WEC,26.4744,17.22,-1.1514,-1,5.4704,-0.5,4.9704,HOLDING
2010-09-16,13,ED,WEC,26.3306,17.1148,-1.0579,-1,5.2675,-0.5,4.7675,HOLDING
2010-09-17,13,ED,WEC,26.5132,17.0157,0.4365,-1,2.0409,-0.5,1.5409,HOLDING
2010-09-20,13,ED,WEC,26.9392,17.4573,-0.7423,-1,4.5925,-0.5,4.0925,HOLDING
2010-09-21,13,ED,WEC,26.8064,17.3401,-0.4886,-1,4.104,-0.5,3.604,HOLDING
2010-09-22,13,ED,WEC,26.8451,17.3762,-0.5075,-1,4.2746,-0.5,3.7746,HOLDING
2010-09-23,13,ED,WEC,26.6072,17.1299,0.1988,-1,2.8537,-0.5,2.3537,HOLDING
2010-09-24,13,ED,WEC,26.9945,17.4452,-0.2074,-1,3.8848,-0.5,3.3848,HOLDING
2010-09-27,13,ED,WEC,26.9724,17.4392,-0.2163,-1,4.0057,-0.5,3.5057,HOLDING
2010-09-28,13,ED,WEC,26.8341,17.5594,-1.637,-1,7.1254,-0.5,6.6254,HOLDING
2010-09-29,13,ED,WEC,26.7953,17.4002,-0.5583,-1,5.1096,-0.5,4.6096,HOLDING
2010-09-30,13,ED,WEC,26.6791,17.3611,-0.7836,-1,5.6329,-0.5,5.1329,HOLDING
2010-10-01,13,ED,WEC,26.74,17.4993,-1.4796,-1,7.1225,-0.5,6.6225,HOLDING
2010-10-04,13,ED,WEC,26.5962,17.3882,-1.2039,-1,6.8296,-0.5,6.3296,HOLDING
2010-10-05,13,ED,WEC,26.7843,17.5924,-1.748,-1,8.0953,-0.5,7.5953,HOLDING
2010-10-06,13,ED,WEC,26.6626,17.4753,-1.2909,-1,7.5012,-0.5,7.0012,HOLDING
2010-10-07,13,ED,WEC,26.6515,17.4663,-1.1495,-1,7.472,-0.5,6.972,HOLDING
2010-10-08,13,ED,WEC,26.7068,17.4873,-0.9413,-1,7.259,-0.5,6.759,HOLDING
2010-10-11,13,ED,WEC,26.6847,17.4813,-1.0236,-1,7.3803,-0.5,6.8803,HOLDING
2010-10-12,13,ED,WEC,26.6791,17.4122,-0.4535,-1,6.3981,-0.5,5.8981,HOLDING
2010-10-13,13,ED,WEC,26.6681,17.4573,-0.8378,-1,7.1786,-0.5,6.6786,HOLDING
2010-10-14,13,ED,WEC,26.8064,17.4362,0.1035,-1,5.5441,-0.5,5.0441,HOLDING
2010-10-15,13,ED,WEC,26.8894,17.5924,-0.6907,-1,7.0926,-0.5,6.5926,HOLDING
2010-10-18,13,ED,WEC,27.1605,17.6405,0.5485,-1,5.2267,-0.5,4.7267,HOLDING
2010-10-19,13,ED,WEC,27.0222,17.6225,-0.074,-1,6.2761,-0.5,5.7761,HOLDING
2010-10-20,13,ED,WEC,27.1716,17.8898,-1.5599,-1,8.8565,-0.5,8.3565,HOLDING
2010-10-21,13,ED,WEC,27.0443,17.8898,-2.1709,-1,10.0705,-0.5,9.5705,HOLDING
2010-10-22,13,ED,WEC,27.1771,17.8688,-1.0414,-1,8.4887,-0.5,7.9887,HOLDING
2010-10-25,13,ED,WEC,27.2214,17.8898,-0.9052,-1,8.3816,-0.5,7.8816,HOLDING
2010-10-26,13,ED,WEC,27.3652,17.9018,0.0723,-1,7.1893,-0.5,6.6893,HOLDING
2010-10-27,13,ED,WEC,27.5201,17.7967,2.2768,-1,4.1365,-0.5,3.6365,HOLDING
2010-10-28,13,ED,WEC,27.581,17.9288,1.238,-1,5.536,-0.5,5.036,HOLDING
2010-10-29,13,ED,WEC,27.5091,17.8838,1.1155,-1,5.547,-0.5,5.047,HOLDING
2010-11-01,13,ED,WEC,27.4759,17.9108,0.5773,-1,6.2687,-0.5,5.7687,HOLDING
2010-11-02,13,ED,WEC,28.0679,17.9859,2.7349,-1,1.7467,-0.5,1.2467,HOLDING
2010-11-03,13,ED,WEC,27.9351,17.8718,2.3464,-1,1.3033,-0.5,0.8033,HOLDING
2010-11-04,13,ED,WEC,28.1509,18.0219,1.9131,-1,1.4952,-0.5,0.9952,HOLDING
2010-11-05,13,ED,WEC,28.2173,18.1691,1.1581,-1,3.067,-0.5,2.567,HOLDING
2010-11-08,13,ED,WEC,28.0402,17.9889,1.3746,-1,2.0558,-0.5,1.5558,HOLDING
2010-11-09,13,ED,WEC,28.0015,17.8286,1.825,-1,0.0239,-0.5,-0.4761,HOLDING
2010-11-10,13,ED,WEC,27.7138,17.877,0.5677,-1,3.4932,-0.5,2.9932,HOLDING
2010-11-11,13,ED,WEC,27.7083,17.9587,0.1138,-1,4.7691,-0.5,4.2691,HOLDING
2010-11-12,13,ED,WEC,27.5201,17.871,-0.0986,-1,5.2497,-0.5,4.7497,HOLDING
2010-11-15,13,ED,WEC,27.5565,17.9526,-0.3855,-1,6.1259,-0.5,5.6259,HOLDING
2010-11-16,13,ED,WEC,27.2485,17.7349,-0.3063,-1,5.8016,-0.5,5.3016,HOLDING
2010-11-17,13,ED,WEC,27.2037,17.7833,-0.7782,-1,6.9539,-0.5,6.4539,HOLDING
2010-11-18,13,ED,WEC,27.3549,17.9284,-1.1605,-1,7.6862,-0.5,7.1862,HOLDING
2010-11-19,13,ED,WEC,27.2317,18.0978,-2.303,-1,11.3986,-0.5,10.8986,HOLDING
2010-11-22,13,ED,WEC,27.2709,18.2248,-2.381,-1,12.9275,-0.5,12.4275,HOLDING
2010-11-23,13,ED,WEC,27.0134,18.0494,-2.0268,-1,12.7568,-0.5,12.2568,HOLDING
2010-11-24,13,ED,WEC,27.0638,18.2369,-2.1551,-1,15.085,-0.5,14.585,HOLDING
2010-11-26,13,ED,WEC,26.9797,18.2036,-1.8965,-1,15.3881,-0.5,14.8881,HOLDING
2010-11-29,13,ED,WEC,26.8902,18.1431,-1.6526,-1,15.3366,-0.5,14.8366,HOLDING
2010-11-30,13,ED,WEC,27.0862,18.2097,-1.3182,-1,14.4638,-0.5,13.9638,HOLDING
2010-12-01,13,ED,WEC,27.2989,18.2248,-0.8805,-1,12.6604,-0.5,12.1604,HOLDING
2010-12-02,13,ED,WEC,27.3438,18.1673,-0.5675,-1,11.3722,-0.5,10.8722,HOLDING
2010-12-03,13,ED,WEC,27.4501,18.2338,-0.4826,-1,11.3542,-0.5,10.8542,HOLDING
2010-12-06,13,ED,WEC,27.3773,18.1159,-0.2102,-1,10.2817,-0.5,9.7817,HOLDING
2010-12-07,13,ED,WEC,27.1981,17.9587,-0.0089,-1,9.635,-0.5,9.135,HOLDING
2010-12-08,13,ED,WEC,27.0358,17.7409,0.5276,-1,7.9219,-0.5,7.4219,HOLDING
2010-12-09,13,ED,WEC,27.2765,17.75,1.197,-1,5.761,-0.5,5.261,HOLDING
2010-12-10,13,ED,WEC,27.3717,17.8044,1.2652,-1,5.6685,-0.5,5.1685,HOLDING
2010-12-13,13,ED,WEC,27.5397,17.8831,1.3925,-1,5.244,-0.5,4.744,HOLDING
2010-12-14,13,ED,WEC,27.7189,17.9133,1.6469,-1,3.9877,-0.5,3.4877,HOLDING
2010-12-15,13,ED,WEC,27.4445,17.6593,1.8008,-1,2.7995,-0.5,2.2995,HOLDING
2010-12-16,13,ED,WEC,27.7469,17.7772,1.8488,-1,1.6819,-0.5,1.1819,HOLDING
2010-12-17,13,ED,WEC,27.6293,17.88,1.1569,-1,4.344,-0.5,3.844,HOLDING
2010-12-20,13,ED,WEC,27.6965,17.9526,0.9654,-1,4.7904,-0.5,4.2904,HOLDING
2010-12-21,13,ED,WEC,27.7133,18.007,0.7451,-1,5.4456,-0.5,4.9456,HOLDING
2010-12-22,13,ED,WEC,27.7525,17.9163,1.0143,-1,3.7126,-0.5,3.2126,HOLDING
2010-12-23,13,ED,WEC,27.7749,17.868,1.1138,-1,2.7741,-0.5,2.2741,HOLDING
2010-12-27,13,ED,WEC,27.8029,17.874,1.0691,-1,2.5976,-0.5,2.0976,HOLDING
2010-12-28,13,ED,WEC,27.8477,17.9677,0.7775,-1,3.5747,-0.5,3.0747,HOLDING
2010-12-29,13,ED,WEC,27.7357,17.9073,0.67,-1,3.7368,-0.5,3.2368,HOLDING
2010-12-30,13,ED,WEC,27.6741,17.8498,0.6832,-1,3.4636,-0.5,2.9636,HOLDING
2010-12-31,13,ED,WEC,27.7581,17.7984,1.1381,-1,0.0,0.8608,0.8608,PERIOD_END_EXIT
2010-07-06,14,AEE,ETR,13.7106,18.6465,0.0,0,0.0,0.0,0.0,HOLD_CASH
2010-07-07,14,AEE,ETR,14.1283,19.1916,0.0,0,0.0,0.0,0.0,HOLD_CASH
2010-07-08,14,AEE,ETR,14.1912,19.282,0.0,0,0.0,0.0,0.0,HOLD_CASH
2010-07-09,14,AEE,ETR,14.2485,19.6617,0.0,0,0.0,0.0,0.0,HOLD_CASH
2010-07-12,14,AEE,ETR,14.2656,19.6359,0.0,0,0.0,0.0,0.0,HOLD_CASH
2010-07-13,14,AEE,ETR,14.3457,19.778,0.0,0,0.0,0.0,0.0,HOLD_CASH
2010-07-14,14,AEE,ETR,14.3286,19.6798,0.0,0,0.0,0.0,0.0,HOLD_CASH
2010-07-15,14,AEE,ETR,14.3515,19.902,0.0,0,0.0,0.0,0.0,HOLD_CASH
2010-07-16,14,AEE,ETR,14.0768,19.623,0.0,0,0.0,0.0,0.0,HOLD_CASH
2010-07-19,14,AEE,ETR,14.3858,20.057,0.0,0,0.0,0.0,0.0,HOLD_CASH
2010-07-20,14,AEE,ETR,14.3171,20.15,0.0,0,0.0,0.0,0.0,HOLD_CASH
2010-07-21,14,AEE,ETR,14.1226,19.7754,0.0,0,0.0,0.0,0.0,HOLD_CASH
2010-07-22,14,AEE,ETR,14.3457,20.2197,0.0,0,0.0,0.0,0.0,HOLD_CASH
2010-07-23,14,AEE,ETR,14.4716,20.2249,0.0,0,0.0,0.0,0.0,HOLD_CASH
2010-07-26,14,AEE,ETR,14.6776,20.3618,0.0,0,0.0,0.0,0.0,HOLD_CASH
2010-07-27,14,AEE,ETR,14.9466,20.6098,0.0,0,0.0,0.0,0.0,HOLD_CASH
2010-07-28,14,AEE,ETR,14.9924,20.4987,0.0,0,0.0,0.0,0.0,HOLD_CASH
2010-07-29,14,AEE,ETR,14.7635,20.2016,0.0,0,0.0,0.0,0.0,HOLD_CASH
2010-07-30,14,AEE,ETR,14.5174,20.0234,0.0,0,0.0,0.0,0.0,HOLD_CASH
2010-08-02,14,AEE,ETR,14.8264,20.553,-0.2734,0,0.0,0.0,0.0,HOLD_CASH
2010-08-03,14,AEE,ETR,14.9409,20.4548,0.917,0,0.0,0.0,0.0,HOLD_CASH
2010-08-04,14,AEE,ETR,14.9695,20.3928,1.4257,0,0.0,0.0,0.0,HOLD_CASH
2010-08-05,14,AEE,ETR,15.473,20.5323,2.9758,-1,0.0,-0.5,-0.5,ENTER_SHORT_A
2010-08-06,14,AEE,ETR,15.5646,20.6021,2.4549,-1,-0.6299,-0.5,-1.1299,HOLDING
2010-08-09,14,AEE,ETR,15.6275,20.5762,2.2436,-1,-1.9615,-0.5,-2.4615,HOLDING
2010-08-10,14,AEE,ETR,15.8049,20.7668,1.9727,-1,-2.5074,-0.5,-3.0074,HOLDING
2010-08-11,14,AEE,ETR,15.4616,20.5136,1.3724,-1,-0.0432,-0.5,-0.5432,HOLDING
2010-08-12,14,AEE,ETR,15.2899,20.3413,1.1315,-1,0.6325,-0.5,0.1325,HOLDING
2010-08-13,14,AEE,ETR,15.782,20.3909,1.9856,-1,-6.7146,-0.5,-7.2146,HOLDING
2010-08-16,14,AEE,ETR,16.0739,20.4039,2.1778,-1,-11.2709,-0.5,-11.7709,HOLDING
2010-08-17,14,AEE,ETR,16.0052,20.6833,1.4209,-1,-6.7604,-0.5,-7.2604,HOLDING
2010-08-18,14,AEE,ETR,15.7878,20.7224,0.8216,-1,-2.7704,-0.5,-3.2704,HOLDING
2010-08-19,14,AEE,ETR,15.5131,20.3256,0.8025,-1,-3.1638,-0.5,-3.6638,HOLDING
2010-08-20,14,AEE,ETR,15.5303,20.2212,0.9374,-1,-4.7127,-0.5,-5.2127,HOLDING
2010-08-23,14,AEE,ETR,15.8278,20.464,1.095,-1,-6.5644,-0.5,-7.0644,HOLDING
2010-08-24,14,AEE,ETR,16.0453,20.4065,1.5417,-1,-10.7769,-0.5,-11.2769,HOLDING
2010-08-25,14,AEE,ETR,15.988,20.4431,1.2117,-1,-9.4073,-0.5,-9.9073,HOLDING
2010-08-26,14,AEE,ETR,15.8793,20.2316,1.2212,-1,-10.2253,-0.5,-10.7253,HOLDING
2010-08-27,14,AEE,ETR,16.1769,20.7903,0.8216,-1,-8.2308,-0.5,-8.7308,HOLDING
2010-08-30,14,AEE,ETR,15.7992,20.4535,0.4535,-1,-6.229,-0.5,-6.729,HOLDING
2010-08-31,14,AEE,ETR,16.0624,20.5814,0.8983,-1,-8.9248,-0.5,-9.4248,HOLDING
2010-09-01,14,AEE,ETR,16.5317,20.9704,1.4375,-1,-11.7699,-0.5,-12.2699,HOLDING
2010-09-02,14,AEE,ETR,16.2856,20.866,0.7323,-1,-9.0657,-0.5,-9.5657,HOLDING
2010-09-03,14,AEE,ETR,16.3943,20.8764,1.0327,-1,-10.6953,-0.5,-11.1953,HOLDING
2010-09-07,14,AEE,ETR,16.3044,20.8242,0.7504,-1,-9.8785,-0.5,-10.3785,HOLDING
2010-09-08,14,AEE,ETR,16.0724,20.7851,-0.1624,-1,-6.6066,-0.5,-7.1066,HOLDING
2010-09-09,14,AEE,ETR,16.0898,20.9678,-0.8561,-1,-4.6627,-0.5,-5.1627,HOLDING
2010-09-10,14,AEE,ETR,16.1188,20.9078,-0.7143,-1,-5.8625,-0.5,-6.3625,HOLDING
2010-09-13,14,AEE,ETR,16.287,20.7694,0.8415,-1,-10.2647,-0.5,-10.7647,HOLDING
2010-09-14,14,AEE,ETR,16.3276,20.3987,2.3556,-1,-15.4343,-0.5,-15.9343,HOLDING
2010-09-15,14,AEE,ETR,16.1246,20.4588,0.986,-1,-11.4232,-0.5,-11.9232,HOLDING
2010-09-16,14,AEE,ETR,15.9854,20.2838,0.9033,-1,-11.3037,-0.5,-11.8037,HOLDING
2010-09-17,14,AEE,ETR,15.9042,20.0176,1.4898,-1,-13.2339,-0.5,-13.7339,HOLDING
2010-09-20,14,AEE,ETR,16.0144,20.0358,1.7995,-1,-14.792,-0.5,-15.292,HOLDING
2010-09-21,14,AEE,ETR,15.9738,19.9393,1.7407,-1,-15.312,-0.5,-15.812,HOLDING
2010-09-22,14,AEE,ETR,16.1304,20.1142,1.6146,-1,-15.7126,-0.5,-16.2126,HOLDING
2010-09-23,14,AEE,ETR,15.8984,19.9445,1.0518,-1,-14.0301,-0.5,-14.5301,HOLDING
2010-09-24,14,AEE,ETR,16.2174,20.1142,1.655,-1,-17.1182,-0.5,-17.6182,HOLDING
2010-09-27,14,AEE,ETR,16.3856,20.1664,1.8604,-1,-19.2004,-0.5,-19.7004,HOLDING
2010-09-28,14,AEE,ETR,16.4552,20.2473,1.6593,-1,-19.3397,-0.5,-19.8397,HOLDING
2010-09-29,14,AEE,ETR,16.4958,20.1638,1.7714,-1,-21.0127,-0.5,-21.5127,HOLDING
2010-09-30,14,AEE,ETR,16.4726,19.9784,1.874,-1,-22.8948,-0.5,-23.3948,HOLDING
2010-10-01,14,AEE,ETR,16.6988,20.1455,1.8344,-1,-24.5152,-0.5,-25.0152,HOLDING
2010-10-04,14,AEE,ETR,16.6234,20.0123,1.6765,-1,-24.918,-0.5,-25.418,HOLDING
2010-10-05,14,AEE,ETR,16.8438,20.2682,1.4993,-1,-25.3642,-0.5,-25.8642,HOLDING
2010-10-06,14,AEE,ETR,16.78,20.015,1.6616,-1,-27.4164,-0.5,-27.9164,HOLDING
2010-10-07,14,AEE,ETR,16.9134,19.9549,1.9042,-1,-30.3031,-0.5,-30.8031,HOLDING
2010-10-08,14,AEE,ETR,16.925,19.8714,1.9056,-1,-31.5077,-0.5,-32.0077,HOLDING
2010-10-11,14,AEE,ETR,16.925,20.1377,1.2457,-1,-28.2656,-0.5,-28.7656,HOLDING
2010-10-12,14,AEE,ETR,16.7684,20.0515,0.9408,-1,-26.7841,-0.5,-27.2841,HOLDING
2010-10-13,14,AEE,ETR,16.7626,20.1794,0.591,-1,-25.133,-0.5,-25.633,HOLDING
2010-10-14,14,AEE,ETR,16.6872,20.1011,0.4889,-1,-24.8682,-0.5,-25.3682,HOLDING
2010-10-15,14,AEE,ETR,16.751,20.0933,0.6097,-1,-25.9943,-0.5,-26.4943,HOLDING
2010-10-18,14,AEE,ETR,16.9598,20.2212,0.8274,-1,-27.8107,-0.5,-28.3107,HOLDING
2010-10-19,14,AEE,ETR,16.7858,19.9784,0.8382,-1,-27.9554,-0.5,-28.4554,HOLDING
2010-10-20,14,AEE,ETR,16.925,20.1298,0.8023,-1,-28.3609,-0.5,-28.8609,HOLDING
2010-10-21,14,AEE,ETR,16.7858,19.6521,1.6791,-1,-31.9286,-0.5,-32.4286,HOLDING
2010-10-22,14,AEE,ETR,16.722,19.472,1.8716,-1,-33.0909,-0.5,-33.5909,HOLDING
2010-10-25,14,AEE,ETR,16.6814,19.2475,2.1567,-1,-35.1684,-0.5,-35.6684,HOLDING
2010-10-26,14,AEE,ETR,16.635,19.3441,1.5483,-1,-33.2425,-0.5,-33.7425,HOLDING
2010-10-27,14,AEE,ETR,16.577,19.1248,1.8531,-1,-34.9755,-0.5,-35.4755,HOLDING
2010-10-28,14,AEE,ETR,16.5886,19.3101,1.1596,-1,-32.9062,-0.5,-33.4062,HOLDING
2010-10-29,14,AEE,ETR,16.809,19.4563,1.378,-1,-34.6873,-0.5,-35.1873,HOLDING
2010-11-01,14,AEE,ETR,16.7336,19.2736,1.5142,-1,-35.694,-0.5,-36.194,HOLDING
2010-11-02,14,AEE,ETR,16.9946,19.4641,1.655,-1,-37.5908,-0.5,-38.0908,HOLDING
2010-11-03,14,AEE,ETR,16.8438,19.4902,0.9292,-1,-34.8364,-0.5,-35.3364,HOLDING
2010-11-04,14,AEE,ETR,17.2383,19.6834,1.5319,-1,-38.8568,-0.5,-39.3568,HOLDING
2010-11-05,14,AEE,ETR,17.3021,19.6834,1.5402,-1,-39.8876,-0.5,-40.3876,HOLDING
2010-11-08,14,AEE,ETR,17.1338,19.6338,1.0439,-1,-37.7738,-0.5,-38.2738,HOLDING
2010-11-09,14,AEE,ETR,17.1338,19.4913,1.2866,-1,-39.5094,-0.5,-40.0094,HOLDING
2010-11-10,14,AEE,ETR,17.041,19.354,1.2659,-1,-39.6814,-0.5,-40.1814,HOLDING
2010-11-11,14,AEE,ETR,16.9831,19.3778,0.9487,-1,-38.455,-0.5,-38.955,HOLDING
2010-11-12,14,AEE,ETR,16.9888,19.0742,1.7625,-1,-42.2449,-0.5,-42.7449,HOLDING
2010-11-15,14,AEE,ETR,17.1629,19.1508,1.9314,-1,-44.1241,-0.5,-44.6241,HOLDING
2010-11-16,14,AEE,ETR,16.9946,19.0029,1.6789,-1,-43.2063,-0.5,-43.7063,HOLDING
2010-11-17,14,AEE,ETR,16.954,19.1772,0.9073,-1,-40.4289,-0.5,-40.9289,HOLDING
2010-11-18,14,AEE,ETR,17.0701,19.3197,0.7865,-1,-40.5678,-0.5,-41.0678,HOLDING
2010-11-19,14,AEE,ETR,16.925,19.4649,-0.5206,-1,-36.4571,-0.5,-36.9571,HOLDING
2010-11-22,14,AEE,ETR,17.012,19.3804,0.1985,-1,-38.8913,-0.5,-39.3913,HOLDING
2010-11-23,14,AEE,ETR,16.8438,19.098,0.5142,-1,-39.6126,-0.5,-40.1126,HOLDING
2010-11-24,14,AEE,ETR,16.8438,19.1349,0.2855,-1,-39.1626,-0.5,-39.6626,HOLDING
2010-11-26,14,AEE,ETR,16.7684,19.09,-0.0064,-1,-38.4908,-0.5,-38.9908,HOLDING
2010-11-29,14,AEE,ETR,16.6756,18.9924,-0.1406,-1,-38.1806,-0.5,-38.6806,HOLDING
2010-11-30,14,AEE,ETR,16.6582,18.805,0.7439,-1,-40.1813,-0.5,-40.6813,HOLDING
2010-12-01,14,AEE,ETR,16.9308,18.966,1.4348,-1,-42.6254,-0.5,-43.1254,HOLDING
2010-12-02,14,AEE,ETR,16.9482,19.098,0.7327,-1,-41.2995,-0.5,-41.7995,HOLDING
2010-12-03,14,AEE,ETR,16.954,19.1085,0.6337,-1,-41.2646,-0.5,-41.7646,HOLDING
2010-12-06,14,AEE,ETR,16.8512,18.8287,1.5099,-1,-43.0096,-0.5,-43.5096,HOLDING
2010-12-07,14,AEE,ETR,16.6984,18.5859,1.7418,-1,-43.4975,-0.5,-43.9975,HOLDING
2010-12-08,14,AEE,ETR,16.6513,18.3272,2.3818,-1,-45.8875,-0.5,-46.3875,HOLDING
2010-12-09,14,AEE,ETR,16.6396,18.4301,1.5577,-1,-44.444,-0.5,-44.944,HOLDING
2010-12-10,14,AEE,ETR,16.7571,18.5753,1.3335,-1,-44.5755,-0.5,-45.0755,HOLDING
2010-12-13,14,AEE,ETR,16.7806,18.6545,1.0073,-1,-43.9912,-0.5,-44.4912,HOLDING
2010-12-14,14,AEE,ETR,16.9452,18.6651,1.6337,-1,-46.5218,-0.5,-47.0218,HOLDING
2010-12-15,14,AEE,ETR,16.6749,18.5542,0.7847,-1,-43.5033,-0.5,-44.0033,HOLDING
2010-12-16,14,AEE,ETR,16.6631,18.5885,0.5254,-1,-42.8955,-0.5,-43.3955,HOLDING
2010-12-17,14,AEE,ETR,16.6925,18.6123,0.5065,-1,-43.0811,-0.5,-43.5811,HOLDING
2010-12-20,14,AEE,ETR,16.5984,18.6862,-0.394,-1,-40.6617,-0.5,-41.1617,HOLDING
2010-12-21,14,AEE,ETR,16.5338,18.6123,-0.4684,-1,-40.5171,-0.5,-41.0171,HOLDING
2010-12-22,14,AEE,ETR,16.6337,18.8921,-1.2965,-1,-38.7246,-0.5,-39.2246,HOLDING
2010-12-23,14,AEE,ETR,16.6278,18.8868,-1.3054,-1,-38.6938,-0.5,-39.1938,HOLDING
2010-12-27,14,AEE,ETR,16.6925,18.8578,-0.8691,-1,-40.092,-0.5,-40.592,HOLDING
2010-12-28,14,AEE,ETR,16.7336,18.8736,-0.8082,-1,-40.564,-0.5,-41.064,HOLDING
2010-12-29,14,AEE,ETR,16.5632,18.7627,-1.2253,-1,-39.1598,-0.5,-39.6598,HOLDING
2010-12-30,14,AEE,ETR,16.4985,18.6888,-1.1224,-1,-39.0152,-0.5,-39.5152,HOLDING
2010-12-31,14,AEE,ETR,16.5691,18.6967,-0.727,-1,0.0,-41.0537,-41.0537,PERIOD_END_EXIT
2010-07-06,15,EIX,T,17.703,6.0014,0.0,0,0.0,0.0,0.0,HOLD_CASH
2010-07-07,15,EIX,T,18.321,6.1212,0.0,0,0.0,0.0,0.0,HOLD_CASH
2010-07-08,15,EIX,T,18.5233,6.1816,0.0,0,0.0,0.0,0.0,HOLD_CASH
2010-07-09,15,EIX,T,18.5738,6.247,0.0,0,0.0,0.0,0.0,HOLD_CASH
2010-07-12,15,EIX,T,18.512,6.2495,0.0,0,0.0,0.0,0.0,HOLD_CASH
2010-07-13,15,EIX,T,18.6132,6.2772,0.0,0,0.0,0.0,0.0,HOLD_CASH
2010-07-14,15,EIX,T,18.6525,6.2797,0.0,0,0.0,0.0,0.0,HOLD_CASH
2010-07-15,15,EIX,T,18.7199,6.2897,0.0,0,0.0,0.0,0.0,HOLD_CASH
2010-07-16,15,EIX,T,18.2873,6.2118,0.0,0,0.0,0.0,0.0,HOLD_CASH
2010-07-19,15,EIX,T,18.5795,6.2596,0.0,0,0.0,0.0,0.0,HOLD_CASH
2010-07-20,15,EIX,T,18.5401,6.2369,0.0,0,0.0,0.0,0.0,HOLD_CASH
2010-07-21,15,EIX,T,18.1862,6.2696,0.0,0,0.0,0.0,0.0,HOLD_CASH
2010-07-22,15,EIX,T,18.4896,6.4181,0.0,0,0.0,0.0,0.0,HOLD_CASH
2010-07-23,15,EIX,T,18.4896,6.4256,0.0,0,0.0,0.0,0.0,HOLD_CASH
2010-07-26,15,EIX,T,18.5401,6.5313,0.0,0,0.0,0.0,0.0,HOLD_CASH
2010-07-27,15,EIX,T,18.9446,6.5791,0.0,0,0.0,0.0,0.0,HOLD_CASH
2010-07-28,15,EIX,T,18.8604,6.5917,0.0,0,0.0,0.0,0.0,HOLD_CASH
2010-07-29,15,EIX,T,18.7255,6.5464,0.0,0,0.0,0.0,0.0,HOLD_CASH
2010-07-30,15,EIX,T,18.6244,6.5262,0.0,0,0.0,0.0,0.0,HOLD_CASH
2010-08-02,15,EIX,T,19.1244,6.6898,-1.1975,0,0.0,0.0,0.0,HOLD_CASH
2010-08-03,15,EIX,T,18.9671,6.7149,-1.605,0,0.0,0.0,0.0,HOLD_CASH
2010-08-04,15,EIX,T,18.9952,6.7023,-1.3,0,0.0,0.0,0.0,HOLD_CASH
2010-08-05,15,EIX,T,18.939,6.7275,-1.4763,0,0.0,0.0,0.0,HOLD_CASH
2010-08-06,15,EIX,T,19.1019,6.6772,-0.6043,0,0.0,0.0,0.0,HOLD_CASH
2010-08-09,15,EIX,T,19.0795,6.7577,-1.1576,0,0.0,0.0,0.0,HOLD_CASH
2010-08-10,15,EIX,T,19.1581,6.7954,-1.1225,0,0.0,0.0,0.0,HOLD_CASH
2010-08-11,15,EIX,T,18.7087,6.6797,-1.3438,0,0.0,0.0,0.0,HOLD_CASH
2010-08-12,15,EIX,T,18.7255,6.7074,-1.4194,0,0.0,0.0,0.0,HOLD_CASH
2010-08-13,15,EIX,T,19.0682,6.7225,-0.4473,0,0.0,0.0,0.0,HOLD_CASH
2010-08-16,15,EIX,T,19.0233,6.7049,-0.3495,0,0.0,0.0,0.0,HOLD_CASH
2010-08-17,15,EIX,T,19.0739,6.7854,-1.1054,0,0.0,0.0,0.0,HOLD_CASH
2010-08-18,15,EIX,T,19.0121,6.8634,-2.2159,1,0.0,-0.5,-0.5,ENTER_LONG_A
2010-08-19,15,EIX,T,18.8435,6.7854,-1.7525,1,0.6246,-0.5,0.1246,HOLDING
2010-08-20,15,EIX,T,19.0233,6.6545,0.9312,1,7.7541,-0.5,7.2541,HOLDING
2010-08-23,15,EIX,T,19.0345,6.6646,0.803,1,7.5354,-0.5,7.0354,HOLDING
2010-08-24,15,EIX,T,19.0739,6.7225,0.282,1,5.9448,-0.5,5.4448,HOLDING
2010-08-25,15,EIX,T,18.9783,6.7652,-0.7613,1,3.1309,-0.5,2.6309,HOLDING
2010-08-26,15,EIX,T,18.6806,6.7174,-1.4687,1,0.9565,-0.5,0.4565,HOLDING
2010-08-27,15,EIX,T,19.0907,6.7778,-0.1452,1,4.1503,-0.5,3.6503,HOLDING
2010-08-30,15,EIX,T,18.7873,6.6998,-0.5258,1,3.0017,-0.5,2.5017,HOLDING
2010-08-31,15,EIX,T,18.9615,6.8005,-1.0355,1,1.6263,-0.5,1.1263,HOLDING
2010-09-01,15,EIX,T,19.5121,6.881,0.7169,1,5.9336,-0.5,5.4336,HOLDING
2010-09-02,15,EIX,T,19.4447,6.8936,0.1565,1,4.5888,-0.5,4.0888,HOLDING
2010-09-03,15,EIX,T,19.5964,6.9036,0.9023,1,6.2171,-0.5,5.7171,HOLDING
2010-09-07,15,EIX,T,19.4896,6.8609,0.9307,1,6.3711,-0.5,5.8711,HOLDING
2010-09-08,15,EIX,T,19.3716,6.891,-0.1788,1,3.7201,-0.5,3.2201,HOLDING
2010-09-09,15,EIX,T,19.4896,6.9967,-1.1037,1,1.4224,-0.5,0.9224,HOLDING
2010-09-10,15,EIX,T,19.3211,7.0017,-1.8621,1,-0.977,-0.5,-1.477,HOLDING
2010-09-13,15,EIX,T,19.1637,7.0269,-2.369,1,-3.9619,-0.5,-4.4619,HOLDING
2010-09-14,15,EIX,T,19.293,7.0269,-1.5975,1,-2.2628,-0.5,-2.7628,HOLDING
2010-09-15,15,EIX,T,19.0345,7.047,-2.2808,1,-6.3942,-0.5,-6.8942,HOLDING
2010-09-16,15,EIX,T,18.9896,7.0722,-2.2142,1,-7.9018,-0.5,-8.4018,HOLDING
2010-09-17,15,EIX,T,19.0177,7.0873,-1.9262,1,-8.0822,-0.5,-8.5822,HOLDING
2010-09-20,15,EIX,T,19.3829,7.1804,-1.4574,1,-6.6711,-0.5,-7.1711,HOLDING
2010-09-21,15,EIX,T,19.4952,7.198,-1.1755,1,-5.8349,-0.5,-6.3349,HOLDING
2010-09-22,15,EIX,T,19.557,7.193,-0.8903,1,-4.8391,-0.5,-5.3391,HOLDING
2010-09-23,15,EIX,T,19.4166,7.1728,-1.0068,1,-5.9527,-0.5,-6.4527,HOLDING
2010-09-24,15,EIX,T,19.4896,7.1904,-0.8627,1,-5.634,-0.5,-6.134,HOLDING
2010-09-27,15,EIX,T,19.4334,7.2634,-1.3397,1,-9.0303,-0.5,-9.5303,HOLDING
2010-09-28,15,EIX,T,19.7141,7.276,-0.6633,1,-5.7978,-0.5,-6.2978,HOLDING
2010-09-29,15,EIX,T,19.5667,7.2231,-0.6068,1,-5.8119,-0.5,-6.3119,HOLDING
2010-09-30,15,EIX,T,19.4986,7.1955,-0.5144,1,-5.6985,-0.5,-6.1985,HOLDING
2010-10-01,15,EIX,T,19.6347,7.2483,-0.458,1,-5.8338,-0.5,-6.3338,HOLDING
2010-10-04,15,EIX,T,19.6687,7.2609,-0.3784,1,-5.8446,-0.5,-6.3446,HOLDING
2010-10-05,15,EIX,T,19.8558,7.3867,-0.8732,1,-7.9663,-0.5,-8.4663,HOLDING
2010-10-06,15,EIX,T,19.7027,7.3395,-1.0072,1,-8.2612,-0.5,-8.7612,HOLDING
2010-10-07,15,EIX,T,19.8048,7.2446,1.1866,1,-3.463,-0.5,-3.963,HOLDING
2010-10-08,15,EIX,T,19.9579,7.2369,2.3399,1,-1.1696,-0.5,-1.6696,HOLDING
2010-10-11,15,EIX,T,20.0429,7.2626,2.0958,1,-0.9855,-0.5,-1.4855,HOLDING
2010-10-12,15,EIX,T,20.0883,7.2805,1.9424,1,-1.043,-0.5,-1.543,HOLDING
2010-10-13,15,EIX,T,20.1393,7.301,1.6609,1,-1.1192,-0.5,-1.6192,HOLDING
2010-10-14,15,EIX,T,20.1336,7.3087,1.3657,1,-1.4741,-0.5,-1.9741,HOLDING
2010-10-15,15,EIX,T,20.196,7.2651,1.9448,1,0.934,-0.5,0.434,HOLDING
2010-10-18,15,EIX,T,20.3945,7.3395,1.6599,1,0.8346,-0.5,0.3346,HOLDING
2010-10-19,15,EIX,T,20.2244,7.2344,1.8565,1,2.4277,-0.5,1.9277,HOLDING
2010-10-20,15,EIX,T,20.4001,7.3369,1.2841,1,1.0025,-0.5,0.5025,HOLDING
2010-10-21,15,EIX,T,20.3378,7.2677,1.5505,1,2.7044,-0.5,2.2044,HOLDING
2010-10-22,15,EIX,T,20.4058,7.2549,1.6625,1,4.0662,-0.5,3.5662,HOLDING
2010-10-25,15,EIX,T,20.4455,7.2728,1.4871,1,3.9342,-0.5,3.4342,HOLDING
2010-10-26,15,EIX,T,20.3888,7.26,1.274,1,3.6558,-0.5,3.1558,HOLDING
2010-10-27,15,EIX,T,20.3605,7.2703,0.9867,1,2.9094,-0.5,2.4094,HOLDING
2010-10-28,15,EIX,T,20.3945,7.3087,0.6691,1,1.9556,-0.5,1.4556,HOLDING
2010-10-29,15,EIX,T,20.9218,7.3139,2.022,1,8.7024,-0.5,8.2024,HOLDING
2010-11-01,15,EIX,T,21.0011,7.3652,1.6256,1,7.8779,-0.5,7.3779,HOLDING
2010-11-02,15,EIX,T,21.0805,7.4216,1.3168,1,6.8667,-0.5,6.3667,HOLDING
2010-11-03,15,EIX,T,21.0635,7.4523,0.973,1,5.5222,-0.5,5.0222,HOLDING
2010-11-04,15,EIX,T,21.4491,7.5498,1.2883,1,7.0422,-0.5,6.5422,HOLDING
2010-11-05,15,EIX,T,21.6702,7.5062,2.1946,1,11.538,-0.5,11.038,HOLDING
2010-11-08,15,EIX,T,21.296,7.4831,1.0061,1,7.4579,-0.5,6.9579,HOLDING
2010-11-09,15,EIX,T,21.296,7.4831,0.9154,1,7.4579,-0.5,6.9579,HOLDING
2010-11-10,15,EIX,T,21.2676,7.4498,1.069,1,8.2993,-0.5,7.7993,HOLDING
2010-11-11,15,EIX,T,21.5681,7.3934,2.4034,1,14.3062,-0.5,13.8062,HOLDING
2010-11-12,15,EIX,T,21.3016,7.2985,2.063,1,14.258,-0.5,13.758,HOLDING
2010-11-15,15,EIX,T,21.415,7.3421,1.7721,1,14.1611,-0.5,13.6611,HOLDING
2010-11-16,15,EIX,T,21.1712,7.2421,1.6808,1,14.5983,-0.5,14.0983,HOLDING
2010-11-17,15,EIX,T,21.2393,7.1703,2.13,1,18.1086,-0.5,17.6086,HOLDING
2010-11-18,15,EIX,T,21.5228,7.2933,1.6794,1,17.3526,-0.5,16.8526,HOLDING
2010-11-19,15,EIX,T,21.4604,7.2626,1.5469,1,17.6534,-0.5,17.1534,HOLDING
2010-11-22,15,EIX,T,21.398,7.2549,1.302,1,17.1136,-0.5,16.6136,HOLDING
2010-11-23,15,EIX,T,21.0635,7.1882,0.8715,1,15.1434,-0.5,14.6434,HOLDING
2010-11-24,15,EIX,T,21.2903,7.2164,1.1341,1,17.0981,-0.5,16.5981,HOLDING
2010-11-26,15,EIX,T,21.0125,7.1626,0.7564,1,15.4065,-0.5,14.9065,HOLDING
2010-11-29,15,EIX,T,20.9501,7.1036,0.9782,1,16.7349,-0.5,16.2349,HOLDING
2010-11-30,15,EIX,T,20.9444,7.1267,0.6863,1,15.8196,-0.5,15.3196,HOLDING
2010-12-01,15,EIX,T,21.3016,7.2523,0.5756,1,15.9395,-0.5,15.4395,HOLDING
2010-12-02,15,EIX,T,21.4264,7.3216,0.2506,1,15.0577,-0.5,14.5577,HOLDING
2010-12-03,15,EIX,T,21.5851,7.3062,0.8767,1,17.7057,-0.5,17.2057,HOLDING
2010-12-06,15,EIX,T,21.6759,7.2574,1.5421,1,20.6736,-0.5,20.1736,HOLDING
2010-12-07,15,EIX,T,21.8289,7.319,1.3773,1,20.4444,-0.5,19.9444,HOLDING
2010-12-08,15,EIX,T,21.7269,7.3421,0.6869,1,18.2619,-0.5,17.7619,HOLDING
2010-12-09,15,EIX,T,21.4491,7.3908,-1.8395,1,12.8337,-0.5,12.3337,HOLDING
2010-12-10,15,EIX,T,21.6475,7.4087,-0.9503,1,14.7892,-0.5,14.2892,HOLDING
2010-12-13,15,EIX,T,21.7496,7.3805,0.1471,1,17.1589,-0.5,16.6589,HOLDING
2010-12-14,15,EIX,T,21.8176,7.5241,-1.9447,1,12.8226,-0.5,12.3226,HOLDING
2010-12-15,15,EIX,T,21.4037,7.4703,-2.6824,1,9.3416,-0.5,8.8416,HOLDING
2010-12-16,15,EIX,T,21.8006,7.4959,-1.0188,1,13.6262,-0.5,13.1262,HOLDING
2010-12-17,15,EIX,T,21.931,7.4908,-0.2957,1,15.528,-0.5,15.028,HOLDING
2010-12-20,15,EIX,T,22.033,7.4703,0.4789,1,17.6172,-0.5,17.1172,HOLDING
2010-12-21,15,EIX,T,22.0217,7.4549,0.6286,1,18.0286,-0.5,17.5286,HOLDING
2010-12-22,15,EIX,T,21.9253,7.4703,-0.046,1,16.2006,-0.5,15.7006,HOLDING
2010-12-23,15,EIX,T,21.9423,7.4882,-0.1799,1,15.7704,-0.5,15.2704,HOLDING
2010-12-27,15,EIX,T,22.0784,7.5011,0.2677,1,17.0928,-0.5,16.5928,HOLDING
2010-12-28,15,EIX,T,22.2202,7.4959,0.9576,1,19.1434,-0.5,18.6434,HOLDING
2010-12-29,15,EIX,T,22.1458,7.5165,0.3246,1,17.419,-0.5,16.919,HOLDING
2010-12-30,15,EIX,T,22.1001,7.5216,0.0437,1,16.6308,-0.5,16.1308,HOLDING
2010-12-31,15,EIX,T,22.0658,7.5344,-0.2912,1,0.0,14.648,14.648,PERIOD_END_EXIT
2010-07-06,16,PNW,WM,19.6225,21.588,0.0,0,0.0,0.0,0.0,HOLD_CASH
2010-07-07,16,PNW,WM,20.1993,22.0982,0.0,0,0.0,0.0,0.0,HOLD_CASH
2010-07-08,16,PNW,WM,20.3809,22.3704,0.0,0,0.0,0.0,0.0,HOLD_CASH
2010-07-09,16,PNW,WM,20.3755,22.3023,0.0,0,0.0,0.0,0.0,HOLD_CASH
2010-07-12,16,PNW,WM,20.493,22.2751,0.0,0,0.0,0.0,0.0,HOLD_CASH
2010-07-13,16,PNW,WM,20.5998,22.5541,0.0,0,0.0,0.0,0.0,HOLD_CASH
2010-07-14,16,PNW,WM,20.6586,22.4928,0.0,0,0.0,0.0,0.0,HOLD_CASH
2010-07-15,16,PNW,WM,20.6159,22.5745,0.0,0,0.0,0.0,0.0,HOLD_CASH
2010-07-16,16,PNW,WM,20.21,22.071,0.0,0,0.0,0.0,0.0,HOLD_CASH
2010-07-19,16,PNW,WM,20.4183,22.0914,0.0,0,0.0,0.0,0.0,HOLD_CASH
2010-07-20,16,PNW,WM,20.4183,22.2343,0.0,0,0.0,0.0,0.0,HOLD_CASH
2010-07-21,16,PNW,WM,20.2527,22.1867,0.0,0,0.0,0.0,0.0,HOLD_CASH
2010-07-22,16,PNW,WM,20.7013,22.6901,0.0,0,0.0,0.0,0.0,HOLD_CASH
2010-07-23,16,PNW,WM,20.8509,22.8534,0.0,0,0.0,0.0,0.0,HOLD_CASH
2010-07-26,16,PNW,WM,21.15,23.214,0.0,0,0.0,0.0,0.0,HOLD_CASH
2010-07-27,16,PNW,WM,21.417,23.2208,0.0,0,0.0,0.0,0.0,HOLD_CASH
2010-07-28,16,PNW,WM,21.2247,23.214,0.0,0,0.0,0.0,0.0,HOLD_CASH
2010-07-29,16,PNW,WM,20.7078,23.3025,0.0,0,0.0,0.0,0.0,HOLD_CASH
2010-07-30,16,PNW,WM,20.6158,23.0984,0.0,0,0.0,0.0,0.0,HOLD_CASH
2010-08-02,16,PNW,WM,20.8486,23.4453,-2.229,1,0.0,-0.5,-0.5,ENTER_LONG_A
2010-08-03,16,PNW,WM,21.1408,23.3977,-0.739,1,4.0125,-0.5,3.5125,HOLDING
2010-08-04,16,PNW,WM,21.3682,23.5338,-0.2695,1,5.2873,-0.5,4.7873,HOLDING
2010-08-05,16,PNW,WM,21.4439,23.4453,0.3678,1,7.1392,-0.5,6.6392,HOLDING
2010-08-06,16,PNW,WM,21.2924,23.5202,-0.5085,1,4.5238,-0.5,4.0238,HOLDING
2010-08-09,16,PNW,WM,21.3844,23.5746,-0.2736,1,5.0467,-0.5,4.5467,HOLDING
2010-08-10,16,PNW,WM,21.5414,23.3501,1.1744,1,9.3229,-0.5,8.8229,HOLDING
2010-08-11,16,PNW,WM,21.1354,22.6765,1.8424,1,11.6375,-0.5,11.1375,HOLDING
2010-08-12,16,PNW,WM,21.2978,22.5201,2.383,1,15.2532,-0.5,14.7532,HOLDING
2010-08-13,16,PNW,WM,21.379,22.4588,2.2745,1,16.8797,-0.5,16.3797,HOLDING
2010-08-16,16,PNW,WM,21.3357,22.6221,1.588,1,14.6194,-0.5,14.1194,HOLDING
2010-08-17,16,PNW,WM,21.7849,23.1052,1.4179,1,14.8553,-0.5,14.3553,HOLDING
2010-08-18,16,PNW,WM,21.5089,23.1052,0.7227,1,11.5452,-0.5,11.0452,HOLDING
2010-08-19,16,PNW,WM,21.2383,22.7786,0.7369,1,11.7826,-0.5,11.2826,HOLDING
2010-08-20,16,PNW,WM,21.2599,22.8602,0.5627,1,11.1715,-0.5,10.6715,HOLDING
2010-08-23,16,PNW,WM,21.5143,22.8058,1.1316,1,14.8023,-0.5,14.3023,HOLDING
2010-08-24,16,PNW,WM,21.6388,22.5677,1.6589,1,18.8342,-0.5,18.3342,HOLDING
2010-08-25,16,PNW,WM,21.6117,22.5337,1.4757,1,18.8724,-0.5,18.3724,HOLDING
2010-08-26,16,PNW,WM,21.4439,22.5133,1.1025,1,17.0781,-0.5,16.5781,HOLDING
2010-08-27,16,PNW,WM,21.8336,22.8738,1.1009,1,17.9059,-0.5,17.4059,HOLDING
2010-08-30,16,PNW,WM,21.5035,22.7446,0.6095,1,15.3255,-0.5,14.8255,HOLDING
2010-08-31,16,PNW,WM,21.5684,22.5133,1.1765,1,18.5709,-0.5,18.0709,HOLDING
2010-09-01,16,PNW,WM,22.1367,23.1324,1.0302,1,18.7837,-0.5,18.2837,HOLDING
2010-09-02,16,PNW,WM,22.0609,23.2388,0.514,1,16.7401,-0.5,16.2401,HOLDING
2010-09-03,16,PNW,WM,22.2125,23.4243,0.3698,1,16.58,-0.5,16.08,HOLDING
2010-09-07,16,PNW,WM,22.0988,23.232,0.5351,1,17.2675,-0.5,16.7675,HOLDING
2010-09-08,16,PNW,WM,21.7524,23.2938,-1.2419,1,12.4549,-0.5,11.9549,HOLDING
2010-09-09,16,PNW,WM,21.9852,23.2114,0.0477,1,16.1243,-0.5,15.6243,HOLDING
2010-09-10,16,PNW,WM,21.9473,23.3487,-0.6905,1,14.2055,-0.5,13.7055,HOLDING
2010-09-13,16,PNW,WM,22.2829,23.4586,0.3783,1,17.0578,-0.5,16.5578,HOLDING
2010-09-14,16,PNW,WM,22.3153,23.5341,0.1733,1,16.6415,-0.5,16.1415,HOLDING
2010-09-15,16,PNW,WM,22.2125,23.7127,-1.0056,1,13.5046,-0.5,13.0046,HOLDING
2010-09-16,16,PNW,WM,21.9148,23.7195,-2.1712,1,9.8619,-0.5,9.3619,HOLDING
2010-09-17,16,PNW,WM,21.8444,24.0354,-2.8151,1,5.6497,-0.5,5.1497,HOLDING
2010-09-20,16,PNW,WM,22.1638,24.2483,-2.1077,1,7.2088,-0.5,6.7088,HOLDING
2010-09-21,16,PNW,WM,22.0934,24.4475,-2.2857,1,4.2416,-0.5,3.7416,HOLDING
2010-09-22,16,PNW,WM,22.1475,24.4612,-1.8681,1,4.7442,-0.5,4.2442,HOLDING
2010-09-23,16,PNW,WM,21.8336,24.1178,-1.646,1,4.6412,-0.5,4.1412,HOLDING
2010-09-24,16,PNW,WM,22.3153,24.5573,-1.3081,1,5.731,-0.5,5.231,HOLDING
2010-09-27,16,PNW,WM,22.4561,24.3582,-0.5573,1,9.542,-0.5,9.042,HOLDING
2010-09-28,16,PNW,WM,22.5643,24.4337,-0.4214,1,10.0344,-0.5,9.5344,HOLDING
2010-09-29,16,PNW,WM,22.3803,24.6191,-1.0792,1,5.8509,-0.5,5.3509,HOLDING
2010-09-30,16,PNW,WM,22.337,24.5436,-0.9338,1,6.1371,-0.5,5.6371,HOLDING
2010-10-01,16,PNW,WM,22.5427,24.6741,-0.6575,1,7.212,-0.5,6.712,HOLDING
2010-10-04,16,PNW,WM,22.3316,24.5505,-0.8053,1,5.9989,-0.5,5.4989,HOLDING
2010-10-05,16,PNW,WM,22.5481,24.9969,-1.1664,1,3.8352,-0.5,3.3352,HOLDING
2010-10-06,16,PNW,WM,22.4236,25.0999,-1.5145,1,1.2442,-0.5,0.7442,HOLDING
2010-10-07,16,PNW,WM,22.2883,24.8389,-1.1783,1,2.4042,-0.5,1.9042,HOLDING
2010-10-08,16,PNW,WM,22.3316,24.9625,-1.2325,1,1.6054,-0.5,1.1054,HOLDING
2010-10-11,16,PNW,WM,22.3045,25.0243,-1.4011,1,0.6218,-0.5,0.1218,HOLDING
2010-10-12,16,PNW,WM,22.2071,25.0861,-1.8369,1,-1.2055,-0.5,-1.7055,HOLDING
2010-10-13,16,PNW,WM,22.3262,25.402,-2.1688,1,-3.146,-0.5,-3.646,HOLDING
2010-10-14,16,PNW,WM,22.3803,25.3471,-1.6424,1,-1.9112,-0.5,-2.4112,HOLDING
2010-10-15,16,PNW,WM,22.5481,25.141,-0.4447,1,2.2976,-0.5,1.7976,HOLDING
2010-10-18,16,PNW,WM,22.6617,25.0449,0.2504,1,4.6855,-0.5,4.1855,HOLDING
2010-10-19,16,PNW,WM,22.6184,24.8114,0.7673,1,6.6561,-0.5,6.1561,HOLDING
2010-10-20,16,PNW,WM,22.9323,25.093,0.899,1,7.4181,-0.5,6.9181,HOLDING
2010-10-21,16,PNW,WM,22.8403,25.2166,0.2479,1,4.9966,-0.5,4.4966,HOLDING
2010-10-22,16,PNW,WM,22.8295,25.2647,0.0961,1,4.3543,-0.5,3.8543,HOLDING
2010-10-25,16,PNW,WM,22.7429,25.3265,-0.2833,1,2.6567,-0.5,2.1567,HOLDING
2010-10-26,16,PNW,WM,22.678,25.0655,0.4287,1,4.6605,-0.5,4.1605,HOLDING
2010-10-27,16,PNW,WM,22.6076,24.784,1.1118,1,6.8191,-0.5,6.3191,HOLDING
2010-10-28,16,PNW,WM,22.5281,24.8114,0.7299,1,5.5731,-0.5,5.0731,HOLDING
2010-10-29,16,PNW,WM,22.561,24.5299,1.7379,1,8.9698,-0.5,8.4698,HOLDING
2010-11-01,16,PNW,WM,22.4733,24.4131,1.6534,1,9.163,-0.5,8.663,HOLDING
2010-11-02,16,PNW,WM,23.0324,24.6398,2.2843,1,13.4508,-0.5,12.9508,HOLDING
2010-11-03,16,PNW,WM,22.9063,24.6878,1.5736,1,11.4266,-0.5,10.9266,HOLDING
2010-11-04,16,PNW,WM,23.1639,24.6329,2.0044,1,15.1014,-0.5,14.6014,HOLDING
2010-11-05,16,PNW,WM,23.0982,24.3857,2.0086,1,16.9488,-0.5,16.4488,HOLDING
2010-11-08,16,PNW,WM,22.8789,24.159,1.7352,1,16.7363,-0.5,16.2363,HOLDING
2010-11-09,16,PNW,WM,22.7748,24.1384,1.4125,1,15.7071,-0.5,15.2071,HOLDING
2010-11-10,16,PNW,WM,22.6761,24.0904,1.2198,1,15.0367,-0.5,14.5367,HOLDING
2010-11-11,16,PNW,WM,22.6542,23.9874,1.2965,1,15.8721,-0.5,15.3721,HOLDING
2010-11-12,16,PNW,WM,22.424,24.0972,0.455,1,11.9399,-0.5,11.4399,HOLDING
2010-11-15,16,PNW,WM,22.6213,24.0286,0.9869,1,15.0383,-0.5,14.5383,HOLDING
2010-11-16,16,PNW,WM,22.3582,23.9187,0.5319,1,13.0551,-0.5,12.5551,HOLDING
2010-11-17,16,PNW,WM,22.3089,23.9187,0.3568,1,12.4635,-0.5,11.9635,HOLDING
2010-11-18,16,PNW,WM,22.4678,24.1728,0.0943,1,11.6601,-0.5,11.1601,HOLDING
2010-11-19,16,PNW,WM,22.413,24.1865,-0.1687,1,10.8565,-0.5,10.3565,HOLDING
2010-11-22,16,PNW,WM,22.4514,24.1453,-0.073,1,11.7559,-0.5,11.2559,HOLDING
2010-11-23,16,PNW,WM,22.265,23.9462,-0.2029,1,11.6447,-0.5,11.1447,HOLDING
2010-11-24,16,PNW,WM,22.3143,24.2415,-1.1549,1,9.0876,-0.5,8.5876,HOLDING
2010-11-26,16,PNW,WM,22.2157,23.9805,-0.7982,1,10.687,-0.5,10.187,HOLDING
2010-11-29,16,PNW,WM,22.1444,23.8523,-0.6588,1,11.1997,-0.5,10.6997,HOLDING
2010-11-30,16,PNW,WM,22.1554,23.7345,-0.1334,1,12.5874,-0.5,12.0874,HOLDING
2010-12-01,16,PNW,WM,22.4898,23.9424,0.5935,1,14.3799,-0.5,13.8799,HOLDING
2010-12-02,16,PNW,WM,22.5391,24.2404,-0.6541,1,11.7942,-0.5,11.2942,HOLDING
2010-12-03,16,PNW,WM,22.4733,24.1156,-0.3301,1,12.3354,-0.5,11.8354,HOLDING
2010-12-06,16,PNW,WM,22.4349,24.0325,-0.0273,1,12.762,-0.5,12.262,HOLDING
2010-12-07,16,PNW,WM,22.2212,24.0671,-1.4091,1,9.8292,-0.5,9.3292,HOLDING
2010-12-08,16,PNW,WM,22.128,24.178,-2.248,1,7.5295,-0.5,7.0295,HOLDING
2010-12-09,16,PNW,WM,22.2102,24.4968,-2.6666,1,5.1164,-0.5,4.6164,HOLDING
2010-12-10,16,PNW,WM,22.3966,24.8571,-2.645,1,3.5086,-0.5,3.0086,HOLDING
2010-12-13,16,PNW,WM,22.4843,25.0789,-2.4184,1,2.1959,-0.5,1.6959,HOLDING
2010-12-14,16,PNW,WM,22.6323,25.1967,-1.9557,1,2.7142,-0.5,2.2142,HOLDING
2010-12-15,16,PNW,WM,22.413,25.065,-1.9284,1,1.489,-0.5,0.989,HOLDING
2010-12-16,16,PNW,WM,22.6871,25.1274,-1.1721,1,4.1103,-0.5,3.6103,HOLDING
2010-12-17,16,PNW,WM,22.7528,25.1412,-0.928,1,4.7512,-0.5,4.2512,HOLDING
2010-12-20,16,PNW,WM,22.6706,25.1551,-1.0751,1,3.6179,-0.5,3.1179,HOLDING
2010-12-21,16,PNW,WM,22.709,25.2244,-1.0302,1,3.3388,-0.5,2.8388,HOLDING
2010-12-22,16,PNW,WM,22.8077,25.2868,-0.8294,1,3.8569,-0.5,3.3569,HOLDING
2010-12-23,16,PNW,WM,22.9173,25.2868,-0.4902,1,5.1714,-0.5,4.6714,HOLDING
2010-12-27,16,PNW,WM,22.9063,25.3768,-0.6608,1,4.0795,-0.5,3.5795,HOLDING
2010-12-28,16,PNW,WM,22.9118,25.4046,-0.6374,1,3.8496,-0.5,3.3496,HOLDING
2010-12-29,16,PNW,WM,22.857,25.5016,-0.9361,1,2.1577,-0.5,1.6577,HOLDING
2010-12-30,16,PNW,WM,22.7638,25.5154,-1.1835,1,0.8925,-0.5,0.3925,HOLDING
2010-12-31,16,PNW,WM,22.72,25.5501,-1.3196,1,0.0,-1.0476,-1.0476,PERIOD_END_EXIT
2010-07-06,17,CLX,PEP,38.7068,38.4352,0.0,0,0.0,0.0,0.0,HOLD_CASH
2010-07-07,17,CLX,PEP,39.5132,39.2396,0.0,0,0.0,0.0,0.0,HOLD_CASH
2010-07-08,17,CLX,PEP,39.982,39.9068,0.0,0,0.0,0.0,0.0,HOLD_CASH
2010-07-09,17,CLX,PEP,40.082,39.595,0.0,0,0.0,0.0,0.0,HOLD_CASH
2010-07-12,17,CLX,PEP,40.2383,39.7446,0.0,0,0.0,0.0,0.0,HOLD_CASH
2010-07-13,17,CLX,PEP,40.5634,39.5514,0.0,0,0.0,0.0,0.0,HOLD_CASH
2010-07-14,17,CLX,PEP,40.6634,39.6324,0.0,0,0.0,0.0,0.0,HOLD_CASH
2010-07-15,17,CLX,PEP,40.7697,39.383,0.0,0,0.0,0.0,0.0,HOLD_CASH
2010-07-16,17,CLX,PEP,40.2633,38.9403,0.0,0,0.0,0.0,0.0,HOLD_CASH
2010-07-19,17,CLX,PEP,40.5759,38.6909,0.0,0,0.0,0.0,0.0,HOLD_CASH
2010-07-20,17,CLX,PEP,40.7697,40.362,0.0,0,0.0,0.0,0.0,HOLD_CASH
2010-07-21,17,CLX,PEP,40.2508,39.8756,0.0,0,0.0,0.0,0.0,HOLD_CASH
2010-07-22,17,CLX,PEP,40.5946,40.0377,0.0,0,0.0,0.0,0.0,HOLD_CASH
2010-07-23,17,CLX,PEP,40.9009,40.1874,0.0,0,0.0,0.0,0.0,HOLD_CASH
2010-07-26,17,CLX,PEP,41.4494,40.5179,0.0,0,0.0,0.0,0.0,HOLD_CASH
2010-07-27,17,CLX,PEP,41.7331,40.9606,0.0,0,0.0,0.0,0.0,HOLD_CASH
2010-07-28,17,CLX,PEP,41.4053,40.655,0.0,0,0.0,0.0,0.0,HOLD_CASH
2010-07-29,17,CLX,PEP,40.9135,40.4617,0.0,0,0.0,0.0,0.0,HOLD_CASH
2010-07-30,17,CLX,PEP,40.9009,40.4742,0.0,0,0.0,0.0,0.0,HOLD_CASH
2010-08-02,17,CLX,PEP,40.7875,40.6987,-1.2769,0,0.0,0.0,0.0,HOLD_CASH
2010-08-03,17,CLX,PEP,40.6425,41.0105,-1.9634,0,0.0,0.0,0.0,HOLD_CASH
2010-08-04,17,CLX,PEP,40.9135,41.2599,-1.7236,0,0.0,0.0,0.0,HOLD_CASH
2010-08-05,17,CLX,PEP,40.9261,40.892,-1.0481,0,0.0,0.0,0.0,HOLD_CASH
2010-08-06,17,CLX,PEP,41.027,41.0915,-1.1307,0,0.0,0.0,0.0,HOLD_CASH
2010-08-09,17,CLX,PEP,41.525,41.4158,-0.7921,0,0.0,0.0,0.0,HOLD_CASH
2010-08-10,17,CLX,PEP,41.5313,41.4844,-0.8102,0,0.0,0.0,0.0,HOLD_CASH
2010-08-11,17,CLX,PEP,40.7433,40.8109,-0.9046,0,0.0,0.0,0.0,HOLD_CASH
2010-08-12,17,CLX,PEP,40.674,40.6426,-0.6635,0,0.0,0.0,0.0,HOLD_CASH
2010-08-13,17,CLX,PEP,40.5416,40.8795,-1.2168,0,0.0,0.0,0.0,HOLD_CASH
2010-08-16,17,CLX,PEP,40.5038,40.7984,-1.2485,0,0.0,0.0,0.0,HOLD_CASH
2010-08-17,17,CLX,PEP,40.882,40.8733,-0.4494,0,0.0,0.0,0.0,HOLD_CASH
2010-08-18,17,CLX,PEP,41.0775,40.8546,0.0968,0,0.0,0.0,0.0,HOLD_CASH
2010-08-19,17,CLX,PEP,40.5983,40.3183,0.2881,0,0.0,0.0,0.0,HOLD_CASH
2010-08-20,17,CLX,PEP,40.6109,40.4056,0.1703,0,0.0,0.0,0.0,HOLD_CASH
2010-08-23,17,CLX,PEP,40.5353,40.4181,0.0471,0,0.0,0.0,0.0,HOLD_CASH
2010-08-24,17,CLX,PEP,40.7307,40.3931,0.8883,0,0.0,0.0,0.0,HOLD_CASH
2010-08-25,17,CLX,PEP,40.6046,40.2622,1.1197,0,0.0,0.0,0.0,HOLD_CASH
2010-08-26,17,CLX,PEP,40.4407,39.9878,1.5648,0,0.0,0.0,0.0,HOLD_CASH
2010-08-27,17,CLX,PEP,40.7749,39.9816,2.4596,-1,0.0,-0.5,-0.5,ENTER_SHORT_A
2010-08-30,17,CLX,PEP,40.5101,39.6574,2.1885,-1,-0.404,-0.5,-0.904,HOLDING
2010-08-31,17,CLX,PEP,40.8631,40.019,1.8703,-1,-0.3071,-0.5,-0.8071,HOLDING
2010-09-01,17,CLX,PEP,41.2098,40.7666,0.6492,-1,2.2418,-0.5,1.7418,HOLDING
2010-09-02,17,CLX,PEP,41.5124,40.8169,1.2362,-1,0.7006,-0.5,0.2006,HOLDING
2010-09-03,17,CLX,PEP,41.7015,41.1938,0.627,-1,1.8982,-0.5,1.3982,HOLDING
2010-09-07,17,CLX,PEP,41.6826,41.1373,0.6692,-1,1.6605,-0.5,1.1605,HOLDING
2010-09-08,17,CLX,PEP,41.815,41.1059,1.0186,-1,0.6524,-0.5,0.1524,HOLDING
2010-09-09,17,CLX,PEP,41.8024,41.5268,-0.2382,-1,3.3618,-0.5,2.8618,HOLDING
2010-09-10,17,CLX,PEP,41.7709,41.7215,-0.887,-1,4.7727,-0.5,4.2727,HOLDING
2010-09-13,17,CLX,PEP,41.7015,41.621,-0.9504,-1,4.5693,-0.5,4.0693,HOLDING
2010-09-14,17,CLX,PEP,41.9096,41.4514,0.1412,-1,2.2333,-0.5,1.7333,HOLDING
2010-09-15,17,CLX,PEP,42.1996,41.7781,-0.0849,-1,2.4979,-0.5,1.9979,HOLDING
2010-09-16,17,CLX,PEP,42.1554,41.8472,-0.5472,-1,3.2007,-0.5,2.7007,HOLDING
2010-09-17,17,CLX,PEP,42.0167,41.5393,0.0915,-1,2.126,-0.5,1.626,HOLDING
2010-09-20,17,CLX,PEP,42.6219,42.0231,0.4796,-1,1.4403,-0.5,0.9403,HOLDING
2010-09-21,17,CLX,PEP,42.0609,41.7529,-0.7491,-1,3.191,-0.5,2.691,HOLDING
2010-09-22,17,CLX,PEP,41.8655,41.8786,-1.8504,-1,5.175,-0.5,4.675,HOLDING
2010-09-23,17,CLX,PEP,41.6133,41.332,-0.6833,-1,3.3035,-0.5,2.8035,HOLDING
2010-09-24,17,CLX,PEP,41.7646,41.5456,-0.8616,-1,3.7113,-0.5,3.2113,HOLDING
2010-09-27,17,CLX,PEP,41.7835,41.6964,-1.2381,-1,4.5384,-0.5,4.0384,HOLDING
2010-09-28,17,CLX,PEP,41.9915,41.954,-1.3298,-1,4.8735,-0.5,4.3735,HOLDING
2010-09-29,17,CLX,PEP,42.2122,41.9352,-0.2925,-1,3.4028,-0.5,2.9028,HOLDING
2010-09-30,17,CLX,PEP,42.0861,41.7404,0.0476,-1,2.9579,-0.5,2.4579,HOLDING
2010-10-01,17,CLX,PEP,42.2374,42.0922,-0.7946,-1,4.2302,-0.5,3.7302,HOLDING
2010-10-04,17,CLX,PEP,42.0294,42.0105,-1.2645,-1,4.995,-0.5,4.495,HOLDING
2010-10-05,17,CLX,PEP,42.042,42.5697,-2.826,-1,8.4139,-0.5,7.9139,HOLDING
2010-10-06,17,CLX,PEP,42.3446,42.7896,-2.1801,-1,7.9335,-0.5,7.4335,HOLDING
2010-10-07,17,CLX,PEP,42.3509,41.5268,1.9869,-1,-0.0009,-0.5,-0.5009,HOLDING
2010-10-08,17,CLX,PEP,42.9624,41.3069,3.0483,-1,-5.1251,-0.5,-5.6251,HOLDING
2010-10-11,17,CLX,PEP,43.0632,41.1624,2.6597,-1,-6.6472,-0.5,-7.1472,HOLDING
2010-10-12,17,CLX,PEP,43.1389,41.5142,1.8585,-1,-4.9112,-0.5,-5.4112,HOLDING
2010-10-13,17,CLX,PEP,43.3091,41.7153,1.5857,-1,-4.6977,-0.5,-5.1977,HOLDING
2010-10-14,17,CLX,PEP,43.183,41.866,1.0803,-1,-2.9817,-0.5,-3.4817,HOLDING
2010-10-15,17,CLX,PEP,42.8363,41.8912,0.5314,-1,-0.6988,-0.5,-1.1988,HOLDING
2010-10-18,17,CLX,PEP,43.0128,41.7781,0.869,-1,-2.4882,-0.5,-2.9882,HOLDING
2010-10-19,17,CLX,PEP,42.6346,41.0933,1.1829,-1,-4.4509,-0.5,-4.9509,HOLDING
2010-10-20,17,CLX,PEP,42.8489,40.8169,1.6078,-1,-7.4936,-0.5,-7.9936,HOLDING
2010-10-21,17,CLX,PEP,42.8678,40.9488,1.306,-1,-6.7845,-0.5,-7.2845,HOLDING
2010-10-22,17,CLX,PEP,42.9876,40.842,1.4018,-1,-8.1868,-0.5,-8.6868,HOLDING
2010-10-25,17,CLX,PEP,42.9113,40.8671,1.1596,-1,-7.562,-0.5,-8.062,HOLDING
2010-10-26,17,CLX,PEP,42.422,40.7038,0.7224,-1,-5.583,-0.5,-6.083,HOLDING
2010-10-27,17,CLX,PEP,42.1741,40.3771,0.7478,-1,-6.106,-0.5,-6.606,HOLDING
2010-10-28,17,CLX,PEP,42.1614,40.842,0.1132,-1,-3.1213,-0.5,-3.6213,HOLDING
2010-10-29,17,CLX,PEP,42.2949,41.0242,-0.022,-1,-2.8003,-0.5,-3.3003,HOLDING
2010-11-01,17,CLX,PEP,42.1423,41.1813,-0.5149,-1,-0.8829,-0.5,-1.3829,HOLDING
2010-11-02,17,CLX,PEP,40.3692,41.3383,-2.8975,-1,10.9707,-0.5,10.4707,HOLDING
2010-11-03,17,CLX,PEP,40.0323,40.9614,-2.6068,-1,10.6789,-0.5,10.1789,HOLDING
2010-11-04,17,CLX,PEP,39.4921,41.0556,-2.5871,-1,14.5802,-0.5,14.0802,HOLDING
2010-11-05,17,CLX,PEP,39.7718,40.886,-1.835,-1,11.8051,-0.5,11.3051,HOLDING
2010-11-08,17,CLX,PEP,40.1086,40.9048,-1.3827,-1,9.8577,-0.5,9.3577,HOLDING
2010-11-09,17,CLX,PEP,39.8862,41.0242,-1.4732,-1,11.968,-0.5,11.468,HOLDING
2010-11-10,17,CLX,PEP,40.0387,40.9928,-1.1929,-1,10.8363,-0.5,10.3363,HOLDING
2010-11-11,17,CLX,PEP,40.2103,40.7729,-0.8147,-1,8.4094,-0.5,7.9094,HOLDING
2010-11-12,17,CLX,PEP,40.3692,40.6096,-0.5252,-1,6.4138,-0.5,5.9138,HOLDING
2010-11-15,17,CLX,PEP,40.4454,40.4714,-0.3203,-1,5.0821,-0.5,4.5821,HOLDING
2010-11-16,17,CLX,PEP,40.0323,40.2326,-0.3953,-1,6.122,-0.5,5.622,HOLDING
2010-11-17,17,CLX,PEP,39.8989,40.1698,-0.3805,-1,6.5475,-0.5,6.0475,HOLDING
2010-11-18,17,CLX,PEP,39.9942,40.6912,-0.6439,-1,9.2235,-0.5,8.7235,HOLDING
2010-11-19,17,CLX,PEP,39.8671,40.6535,-0.6454,-1,9.7671,-0.5,9.2671,HOLDING
2010-11-22,17,CLX,PEP,39.9497,40.6473,-0.4898,-1,9.2213,-0.5,8.7213,HOLDING
2010-11-23,17,CLX,PEP,39.632,40.1384,-0.2197,-1,7.9876,-0.5,7.4876,HOLDING
2010-11-24,17,CLX,PEP,39.6955,40.4148,-0.3728,-1,9.3264,-0.5,8.8264,HOLDING
2010-11-26,17,CLX,PEP,39.5303,40.1447,-0.1379,-1,8.6505,-0.5,8.1505,HOLDING
2010-11-29,17,CLX,PEP,39.2761,40.2138,-0.6004,-1,10.6411,-0.5,10.1411,HOLDING
2010-11-30,17,CLX,PEP,39.2824,40.6033,-1.4928,-1,13.0377,-0.5,12.5377,HOLDING
2010-12-01,17,CLX,PEP,39.6002,41.54,-2.4065,-1,16.9469,-0.5,16.4469,HOLDING
2010-12-02,17,CLX,PEP,39.829,41.2679,-1.2367,-1,13.8423,-0.5,13.3423,HOLDING
2010-12-03,17,CLX,PEP,39.7146,41.2489,-1.4485,-1,14.425,-0.5,13.925,HOLDING
2010-12-06,17,CLX,PEP,39.4413,40.9704,-1.3554,-1,14.3589,-0.5,13.8589,HOLDING
2010-12-07,17,CLX,PEP,39.5176,40.9387,-1.0454,-1,13.6936,-0.5,13.1936,HOLDING
2010-12-08,17,CLX,PEP,39.6892,40.9071,-0.6406,-1,12.4435,-0.5,11.9435,HOLDING
2010-12-09,17,CLX,PEP,39.5938,40.9641,-0.8731,-1,13.3843,-0.5,12.8843,HOLDING
2010-12-10,17,CLX,PEP,39.6955,41.078,-0.807,-1,13.4732,-0.5,12.9732,HOLDING
2010-12-13,17,CLX,PEP,39.6764,41.4767,-1.4077,-1,16.0835,-0.5,15.5835,HOLDING
2010-12-14,17,CLX,PEP,39.7273,41.5147,-1.2879,-1,16.0093,-0.5,15.5093,HOLDING
2010-12-15,17,CLX,PEP,39.562,41.2932,-1.111,-1,15.6372,-0.5,15.1372,HOLDING
2010-12-16,17,CLX,PEP,39.6892,41.616,-1.391,-1,16.8762,-0.5,16.3762,HOLDING
2010-12-17,17,CLX,PEP,39.7464,41.7552,-1.3982,-1,17.3962,-0.5,16.8962,HOLDING
2010-12-20,17,CLX,PEP,40.134,41.9704,-0.9114,-1,16.3647,-0.5,15.8647,HOLDING
2010-12-21,17,CLX,PEP,40.2357,41.3945,0.5944,-1,12.1399,-0.5,11.6399,HOLDING
2010-12-22,17,CLX,PEP,40.4899,41.5717,0.9384,-1,11.6895,-0.5,11.1895,HOLDING
2010-12-23,17,CLX,PEP,40.5535,41.578,1.1864,-1,11.3394,-0.5,10.8394,HOLDING
2010-12-27,17,CLX,PEP,40.5471,41.4071,1.7586,-1,10.3098,-0.5,9.8098,HOLDING
2010-12-28,17,CLX,PEP,40.6107,41.3185,2.0163,-1,9.366,-0.5,8.866,HOLDING
2010-12-29,17,CLX,PEP,40.5471,41.3502,1.5736,-1,9.9536,-0.5,9.4536,HOLDING
2010-12-30,17,CLX,PEP,40.4454,41.2172,1.4744,-1,9.746,-0.5,9.246,HOLDING
2010-12-31,17,CLX,PEP,40.2167,41.3502,0.5472,-1,0.0,10.9747,10.9747,PERIOD_END_EXIT
2010-07-06,18,PCG,T,31.0463,6.0014,0.0,0,0.0,0.0,0.0,HOLD_CASH
2010-07-07,18,PCG,T,31.6989,6.1212,0.0,0,0.0,0.0,0.0,HOLD_CASH
2010-07-08,18,PCG,T,31.9164,6.1816,0.0,0,0.0,0.0,0.0,HOLD_CASH
2010-07-09,18,PCG,T,31.9765,6.247,0.0,0,0.0,0.0,0.0,HOLD_CASH
2010-07-12,18,PCG,T,32.2465,6.2495,0.0,0,0.0,0.0,0.0,HOLD_CASH
2010-07-13,18,PCG,T,32.104,6.2772,0.0,0,0.0,0.0,0.0,HOLD_CASH
2010-07-14,18,PCG,T,32.1865,6.2797,0.0,0,0.0,0.0,0.0,HOLD_CASH
2010-07-15,18,PCG,T,32.644,6.2897,0.0,0,0.0,0.0,0.0,HOLD_CASH
2010-07-16,18,PCG,T,31.9239,6.2118,0.0,0,0.0,0.0,0.0,HOLD_CASH
2010-07-19,18,PCG,T,32.5165,6.2596,0.0,0,0.0,0.0,0.0,HOLD_CASH
2010-07-20,18,PCG,T,32.8316,6.2369,0.0,0,0.0,0.0,0.0,HOLD_CASH
2010-07-21,18,PCG,T,32.404,6.2696,0.0,0,0.0,0.0,0.0,HOLD_CASH
2010-07-22,18,PCG,T,32.9516,6.4181,0.0,0,0.0,0.0,0.0,HOLD_CASH
2010-07-23,18,PCG,T,33.1766,6.4256,0.0,0,0.0,0.0,0.0,HOLD_CASH
2010-07-26,18,PCG,T,33.4391,6.5313,0.0,0,0.0,0.0,0.0,HOLD_CASH
2010-07-27,18,PCG,T,33.9642,6.5791,0.0,0,0.0,0.0,0.0,HOLD_CASH
2010-07-28,18,PCG,T,33.6117,6.5917,0.0,0,0.0,0.0,0.0,HOLD_CASH
2010-07-29,18,PCG,T,33.3641,6.5464,0.0,0,0.0,0.0,0.0,HOLD_CASH
2010-07-30,18,PCG,T,33.3041,6.5262,0.0,0,0.0,0.0,0.0,HOLD_CASH
2010-08-02,18,PCG,T,34.0467,6.6898,-1.3867,0,0.0,0.0,0.0,HOLD_CASH
2010-08-03,18,PCG,T,33.8217,6.7149,-2.1627,1,0.0,-0.5,-0.5,ENTER_LONG_A
2010-08-04,18,PCG,T,33.9792,6.7023,-1.3157,1,1.6328,-0.5,1.1328,HOLDING
2010-08-05,18,PCG,T,33.9267,6.7275,-1.6193,1,0.3078,-0.5,-0.1922,HOLDING
2010-08-06,18,PCG,T,34.2342,6.6772,-0.0508,1,4.4546,-0.5,3.9546,HOLDING
2010-08-09,18,PCG,T,34.3092,6.7577,-0.8959,1,2.0116,-0.5,1.5116,HOLDING
2010-08-10,18,PCG,T,34.6618,6.7954,-0.4435,1,3.2123,-0.5,2.7123,HOLDING
2010-08-11,18,PCG,T,33.9492,6.6797,-0.7298,1,2.2539,-0.5,1.7539,HOLDING
2010-08-12,18,PCG,T,34.1967,6.7074,-0.3725,1,3.0533,-0.5,2.5533,HOLDING
2010-08-13,18,PCG,T,34.2867,6.7225,-0.3,1,3.1566,-0.5,2.6566,HOLDING
2010-08-16,18,PCG,T,34.3392,6.7049,0.1779,1,4.2004,-0.5,3.7004,HOLDING
2010-08-17,18,PCG,T,34.4968,6.7854,-0.5524,1,2.3673,-0.5,1.8673,HOLDING
2010-08-18,18,PCG,T,34.0017,6.8634,-3.0368,1,-4.1958,-0.5,-4.6958,HOLDING
2010-08-19,18,PCG,T,33.8292,6.7854,-1.973,1,-2.5673,-0.5,-3.0673,HOLDING
2010-08-20,18,PCG,T,34.3993,6.6545,1.6047,1,6.5173,-0.5,6.0173,HOLDING
2010-08-23,18,PCG,T,34.6543,6.6646,1.9063,1,8.0278,-0.5,7.5278,HOLDING
2010-08-24,18,PCG,T,35.0518,6.7225,1.9593,1,8.812,-0.5,8.312,HOLDING
2010-08-25,18,PCG,T,35.2994,6.7652,1.7514,1,9.0494,-0.5,8.5494,HOLDING
2010-08-26,18,PCG,T,35.1418,6.7174,1.6965,1,9.6646,-0.5,9.1646,HOLDING
2010-08-27,18,PCG,T,35.7269,6.7778,1.8883,1,11.7414,-0.5,11.2414,HOLDING
2010-08-30,18,PCG,T,35.0818,6.6998,1.3221,1,9.8768,-0.5,9.3768,HOLDING
2010-08-31,18,PCG,T,35.0743,6.8005,0.3672,1,6.0746,-0.5,5.5746,HOLDING
2010-09-01,18,PCG,T,35.8394,6.881,0.8709,1,8.7325,-0.5,8.2325,HOLDING
2010-09-02,18,PCG,T,35.7794,6.8936,0.588,1,7.8206,-0.5,7.3206,HOLDING
2010-09-03,18,PCG,T,35.7644,6.9036,0.4391,1,7.3352,-0.5,6.8352,HOLDING
2010-09-07,18,PCG,T,35.967,6.8609,1.0503,1,10.4245,-0.5,9.9245,HOLDING
2010-09-08,18,PCG,T,35.7794,6.891,0.4203,1,7.9143,-0.5,7.4143,HOLDING
2010-09-09,18,PCG,T,36.1845,6.9967,0.1309,1,6.9742,-0.5,6.4742,HOLDING
2010-09-10,18,PCG,T,33.1616,7.0017,-3.2785,1,-15.5573,-0.5,-16.0573,HOLDING
2010-09-13,18,PCG,T,33.1991,7.0269,-2.5729,1,-16.2167,-0.5,-16.7167,HOLDING
2010-09-14,18,PCG,T,33.6492,7.0269,-1.8368,1,-12.89,-0.5,-13.39,HOLDING
2010-09-15,18,PCG,T,34.1142,7.047,-1.3765,1,-10.2018,-0.5,-10.7018,HOLDING
2010-09-16,18,PCG,T,34.0167,7.0722,-1.4437,1,-11.8592,-0.5,-12.3592,HOLDING
2010-09-17,18,PCG,T,33.9492,7.0873,-1.4226,1,-12.9202,-0.5,-13.4202,HOLDING
2010-09-20,18,PCG,T,34.0317,7.1804,-1.4863,1,-15.7763,-0.5,-16.2763,HOLDING
2010-09-21,18,PCG,T,33.7542,7.198,-1.5248,1,-18.4832,-0.5,-18.9832,HOLDING
2010-09-22,18,PCG,T,33.8817,7.193,-1.2774,1,-17.3534,-0.5,-17.8534,HOLDING
2010-09-23,18,PCG,T,33.9192,7.1728,-1.0782,1,-16.3268,-0.5,-16.8268,HOLDING
2010-09-24,18,PCG,T,34.3693,7.1904,-0.768,1,-13.6558,-0.5,-14.1558,HOLDING
2010-09-27,18,PCG,T,34.4368,7.2634,-0.8546,1,-15.8732,-0.5,-16.3732,HOLDING
2010-09-28,18,PCG,T,34.5087,7.276,-0.7644,1,-15.8094,-0.5,-16.3094,HOLDING
2010-09-29,18,PCG,T,34.236,7.2231,-0.6995,1,-15.8584,-0.5,-16.3584,HOLDING
2010-09-30,18,PCG,T,34.4102,7.1955,-0.4154,1,-13.5401,-0.5,-14.0401,HOLDING
2010-10-01,18,PCG,T,34.6375,7.2483,-0.3566,1,-13.8272,-0.5,-14.3272,HOLDING
2010-10-04,18,PCG,T,34.6451,7.2609,-0.3163,1,-14.2394,-0.5,-14.7394,HOLDING
2010-10-05,18,PCG,T,35.38,7.3867,-0.0841,1,-13.4909,-0.5,-13.9909,HOLDING
2010-10-06,18,PCG,T,35.1072,7.3395,0.0239,1,-13.7509,-0.5,-14.2509,HOLDING
2010-10-07,18,PCG,T,35.2209,7.2446,2.2107,1,-9.3782,-0.5,-9.8782,HOLDING
2010-10-08,18,PCG,T,35.4406,7.2369,2.382,1,-7.4678,-0.5,-7.9678,HOLDING
2010-10-11,18,PCG,T,35.2966,7.2626,1.4804,1,-9.4865,-0.5,-9.9865,HOLDING
2010-10-12,18,PCG,T,35.2739,7.2805,1.1076,1,-10.323,-0.5,-10.823,HOLDING
2010-10-13,18,PCG,T,35.1982,7.301,0.7045,1,-11.6467,-0.5,-12.1467,HOLDING
2010-10-14,18,PCG,T,35.3724,7.3087,0.9998,1,-10.6452,-0.5,-11.1452,HOLDING
2010-10-15,18,PCG,T,35.5315,7.2651,1.672,1,-7.8461,-0.5,-8.3461,HOLDING
2010-10-18,18,PCG,T,35.7664,7.3395,1.2425,1,-8.8789,-0.5,-9.3789,HOLDING
2010-10-19,18,PCG,T,35.5391,7.2344,1.698,1,-6.6445,-0.5,-7.1445,HOLDING
2010-10-20,18,PCG,T,35.9861,7.3369,1.4371,1,-7.1594,-0.5,-7.6594,HOLDING
2010-10-21,18,PCG,T,35.8724,7.2677,1.7223,1,-5.4217,-0.5,-5.9217,HOLDING
2010-10-22,18,PCG,T,36.1073,7.2549,1.984,1,-3.2082,-0.5,-3.7082,HOLDING
2010-10-25,18,PCG,T,36.1148,7.2728,1.6283,1,-3.8206,-0.5,-4.3206,HOLDING
2010-10-26,18,PCG,T,36.0467,7.26,1.4675,1,-3.8472,-0.5,-4.3472,HOLDING
2010-10-27,18,PCG,T,35.9482,7.2703,1.0969,1,-4.9571,-0.5,-5.4571,HOLDING
2010-10-28,18,PCG,T,36.1603,7.3087,1.0373,1,-4.8212,-0.5,-5.3212,HOLDING
2010-10-29,18,PCG,T,36.2285,7.3139,1.0292,1,-4.5081,-0.5,-5.0081,HOLDING
2010-11-01,18,PCG,T,36.0012,7.3652,-0.0756,1,-8.0977,-0.5,-8.5977,HOLDING
2010-11-02,18,PCG,T,36.433,7.4216,0.1986,1,-7.0062,-0.5,-7.5062,HOLDING
2010-11-03,18,PCG,T,36.274,7.4523,-0.7634,1,-9.3277,-0.5,-9.8277,HOLDING
2010-11-04,18,PCG,T,36.7512,7.5498,-0.7661,1,-9.4281,-0.5,-9.9281,HOLDING
2010-11-05,18,PCG,T,36.8043,7.5062,-0.0042,1,-7.4129,-0.5,-7.9129,HOLDING
2010-11-08,18,PCG,T,36.2664,7.4831,-1.2064,1,-10.5296,-0.5,-11.0296,HOLDING
2010-11-09,18,PCG,T,36.0315,7.4831,-1.7626,1,-12.2656,-0.5,-12.7656,HOLDING
2010-11-10,18,PCG,T,35.9709,7.4498,-1.5131,1,-11.4726,-0.5,-11.9726,HOLDING
2010-11-11,18,PCG,T,36.0239,7.3934,-0.6558,1,-8.9798,-0.5,-9.4798,HOLDING
2010-11-12,18,PCG,T,35.9633,7.2985,0.4749,1,-5.8953,-0.5,-6.3953,HOLDING
2010-11-15,18,PCG,T,36.2436,7.3421,0.5974,1,-5.4465,-0.5,-5.9465,HOLDING
2010-11-16,18,PCG,T,35.8118,7.2421,0.7324,1,-4.9148,-0.5,-5.4148,HOLDING
2010-11-17,18,PCG,T,35.7436,7.1703,1.3949,1,-2.7456,-0.5,-3.2456,HOLDING
2010-11-18,18,PCG,T,35.9633,7.2933,0.3438,1,-5.7044,-0.5,-6.2044,HOLDING
2010-11-19,18,PCG,T,35.9861,7.2626,0.8581,1,-4.3905,-0.5,-4.8905,HOLDING
2010-11-22,18,PCG,T,35.9936,7.2549,0.9938,1,-4.0482,-0.5,-4.5482,HOLDING
2010-11-23,18,PCG,T,35.5921,7.1882,0.8202,1,-4.5339,-0.5,-5.0339,HOLDING
2010-11-24,18,PCG,T,35.6754,7.2164,0.6615,1,-4.9681,-0.5,-5.4681,HOLDING
2010-11-26,18,PCG,T,35.5694,7.1626,1.081,1,-3.747,-0.5,-4.247,HOLDING
2010-11-29,18,PCG,T,35.4027,7.1036,1.3587,1,-2.783,-0.5,-3.283,HOLDING
2010-11-30,18,PCG,T,35.5542,7.1267,1.3031,1,-2.5223,-0.5,-3.0223,HOLDING
2010-12-01,18,PCG,T,36.1376,7.2523,1.0867,1,-2.8887,-0.5,-3.3887,HOLDING
2010-12-02,18,PCG,T,36.2361,7.3216,0.4166,1,-4.7385,-0.5,-5.2385,HOLDING
2010-12-03,18,PCG,T,36.4634,7.3062,1.0693,1,-2.4857,-0.5,-2.9857,HOLDING
2010-12-06,18,PCG,T,36.0845,7.2574,0.659,1,-3.4716,-0.5,-3.9716,HOLDING
2010-12-07,18,PCG,T,35.8042,7.319,-0.9221,1,-7.8352,-0.5,-8.3352,HOLDING
2010-12-08,18,PCG,T,35.4557,7.3421,-2.2718,1,-11.2704,-0.5,-11.7704,HOLDING
2010-12-09,18,PCG,T,35.486,7.3908,-2.6303,1,-12.8605,-0.5,-13.3605,HOLDING
2010-12-10,18,PCG,T,35.63,7.4087,-2.1733,1,-12.4649,-0.5,-12.9649,HOLDING
2010-12-13,18,PCG,T,35.7815,7.3805,-1.3518,1,-10.2946,-0.5,-10.7946,HOLDING
2010-12-14,18,PCG,T,36.1148,7.5241,-1.8387,1,-13.1772,-0.5,-13.6772,HOLDING
2010-12-15,18,PCG,T,35.7436,7.4703,-1.7739,1,-13.9163,-0.5,-14.4163,HOLDING
2010-12-16,18,PCG,T,36.274,7.4959,-0.9333,1,-10.951,-0.5,-11.451,HOLDING
2010-12-17,18,PCG,T,36.4406,7.4908,-0.54,1,-9.5281,-0.5,-10.0281,HOLDING
2010-12-20,18,PCG,T,36.683,7.4703,0.1025,1,-6.9723,-0.5,-7.4723,HOLDING
2010-12-21,18,PCG,T,36.4103,7.4549,-0.2057,1,-8.4154,-0.5,-8.9154,HOLDING
2010-12-22,18,PCG,T,36.4103,7.4703,-0.2947,1,-8.9882,-0.5,-9.4882,HOLDING
2010-12-23,18,PCG,T,36.6224,7.4882,-0.0269,1,-8.0886,-0.5,-8.5886,HOLDING
2010-12-27,18,PCG,T,36.5467,7.5011,-0.2278,1,-9.1259,-0.5,-9.6259,HOLDING
2010-12-28,18,PCG,T,36.6224,7.4959,0.0397,1,-8.3751,-0.5,-8.8751,HOLDING
2010-12-29,18,PCG,T,36.6339,7.5165,-0.0583,1,-9.054,-0.5,-9.554,HOLDING
2010-12-30,18,PCG,T,36.4733,7.5216,-0.3908,1,-10.4321,-0.5,-10.9321,HOLDING
2010-12-31,18,PCG,T,36.588,7.5344,-0.1913,1,0.0,-11.1126,-11.1126,PERIOD_END_EXIT
2010-07-06,19,CL,PEP,27.1642,38.4352,0.0,0,0.0,0.0,0.0,HOLD_CASH
2010-07-07,19,CL,PEP,27.9263,39.2396,0.0,0,0.0,0.0,0.0,HOLD_CASH
2010-07-08,19,CL,PEP,28.2643,39.9068,0.0,0,0.0,0.0,0.0,HOLD_CASH
2010-07-09,19,CL,PEP,28.3298,39.595,0.0,0,0.0,0.0,0.0,HOLD_CASH
2010-07-12,19,CL,PEP,28.5677,39.7446,0.0,0,0.0,0.0,0.0,HOLD_CASH
2010-07-13,19,CL,PEP,28.6747,39.5514,0.0,0,0.0,0.0,0.0,HOLD_CASH
2010-07-14,19,CL,PEP,28.7298,39.6324,0.0,0,0.0,0.0,0.0,HOLD_CASH
2010-07-15,19,CL,PEP,28.654,39.383,0.0,0,0.0,0.0,0.0,HOLD_CASH
2010-07-16,19,CL,PEP,28.5643,38.9403,0.0,0,0.0,0.0,0.0,HOLD_CASH
2010-07-19,19,CL,PEP,28.6609,38.6909,0.0,0,0.0,0.0,0.0,HOLD_CASH
2010-07-20,19,CL,PEP,28.9574,40.362,0.0,0,0.0,0.0,0.0,HOLD_CASH
2010-07-21,19,CL,PEP,28.6333,39.8756,0.0,0,0.0,0.0,0.0,HOLD_CASH
2010-07-22,19,CL,PEP,28.6576,40.0377,0.0,0,0.0,0.0,0.0,HOLD_CASH
2010-07-23,19,CL,PEP,28.9699,40.1874,0.0,0,0.0,0.0,0.0,HOLD_CASH
2010-07-26,19,CL,PEP,29.0636,40.5179,0.0,0,0.0,0.0,0.0,HOLD_CASH
2010-07-27,19,CL,PEP,29.3586,40.9606,0.0,0,0.0,0.0,0.0,HOLD_CASH
2010-07-28,19,CL,PEP,29.1053,40.655,0.0,0,0.0,0.0,0.0,HOLD_CASH
2010-07-29,19,CL,PEP,27.1131,40.4617,0.0,0,0.0,0.0,0.0,HOLD_CASH
2010-07-30,19,CL,PEP,27.4116,40.4742,0.0,0,0.0,0.0,0.0,HOLD_CASH
2010-08-02,19,CL,PEP,27.1582,40.6987,-2.3504,1,0.0,-0.5,-0.5,ENTER_LONG_A
2010-08-03,19,CL,PEP,27.1201,41.0105,-2.194,1,-2.2665,-0.5,-2.7665,HOLDING
2010-08-04,19,CL,PEP,27.0923,41.2599,-2.0153,1,-4.0543,-0.5,-4.5543,HOLDING
2010-08-05,19,CL,PEP,26.7695,40.892,-1.8026,1,-4.7656,-0.5,-5.2656,HOLDING
2010-08-06,19,CL,PEP,26.5508,41.0915,-1.8154,1,-8.0042,-0.5,-8.5042,HOLDING
2010-08-09,19,CL,PEP,26.471,41.4158,-1.7687,1,-10.7306,-0.5,-11.2306,HOLDING
2010-08-10,19,CL,PEP,27.061,41.4844,-1.2121,1,-5.7208,-0.5,-6.2208,HOLDING
2010-08-11,19,CL,PEP,26.5404,40.8109,-1.1477,1,-6.3764,-0.5,-6.8764,HOLDING
2010-08-12,19,CL,PEP,26.7313,40.6426,-0.835,1,-3.585,-0.5,-4.085,HOLDING
2010-08-13,19,CL,PEP,26.5127,40.8795,-1.0173,1,-7.0532,-0.5,-7.5532,HOLDING
2010-08-16,19,CL,PEP,26.4363,40.7984,-0.9566,1,-7.2582,-0.5,-7.7582,HOLDING
2010-08-17,19,CL,PEP,26.5335,40.8733,-0.8295,1,-6.8232,-0.5,-7.3232,HOLDING
2010-08-18,19,CL,PEP,26.655,40.8546,-0.6395,1,-5.5901,-0.5,-6.0901,HOLDING
2010-08-19,19,CL,PEP,26.6376,40.3183,-0.2653,1,-2.4559,-0.5,-2.9559,HOLDING
2010-08-20,19,CL,PEP,26.3877,40.4056,-0.4852,1,-5.2925,-0.5,-5.7925,HOLDING
2010-08-23,19,CL,PEP,26.2107,40.4181,-0.6239,1,-6.9985,-0.5,-7.4985,HOLDING
2010-08-24,19,CL,PEP,26.1934,40.3931,-0.5846,1,-7.005,-0.5,-7.505,HOLDING
2010-08-25,19,CL,PEP,26.1274,40.2622,-0.6162,1,-6.8078,-0.5,-7.3078,HOLDING
2010-08-26,19,CL,PEP,25.6797,39.9878,-1.2707,1,-9.2437,-0.5,-9.7437,HOLDING
2010-08-27,19,CL,PEP,25.7699,39.9816,-1.0262,1,-8.3748,-0.5,-8.8748,HOLDING
2010-08-30,19,CL,PEP,25.6346,39.6574,-0.7013,1,-7.629,-0.5,-8.129,HOLDING
2010-08-31,19,CL,PEP,25.6276,40.019,-1.621,1,-9.9145,-0.5,-10.4145,HOLDING
2010-09-01,19,CL,PEP,26.0025,40.7666,-1.817,1,-11.0563,-0.5,-11.5563,HOLDING
2010-09-02,19,CL,PEP,25.9712,40.8169,-1.802,1,-11.6525,-0.5,-12.1525,HOLDING
2010-09-03,19,CL,PEP,25.9782,41.1938,-2.2173,1,-13.9042,-0.5,-14.4042,HOLDING
2010-09-07,19,CL,PEP,25.9469,41.1373,-1.9612,1,-13.8444,-0.5,-14.3444,HOLDING
2010-09-08,19,CL,PEP,25.8879,41.1059,-1.7887,1,-14.1945,-0.5,-14.6945,HOLDING
2010-09-09,19,CL,PEP,25.8775,41.5268,-2.1152,1,-16.8761,-0.5,-17.3761,HOLDING
2010-09-10,19,CL,PEP,26.0927,41.7215,-1.6712,1,-16.0916,-0.5,-16.5916,HOLDING
2010-09-13,19,CL,PEP,26.0476,41.621,-1.4413,1,-15.8893,-0.5,-16.3893,HOLDING
2010-09-14,19,CL,PEP,26.1795,41.4514,-0.8105,1,-13.6335,-0.5,-14.1335,HOLDING
2010-09-15,19,CL,PEP,26.471,41.7781,-0.5518,1,-12.9564,-0.5,-13.4564,HOLDING
2010-09-16,19,CL,PEP,26.5786,41.8472,-0.3391,1,-12.3905,-0.5,-12.8905,HOLDING
2010-09-17,19,CL,PEP,26.8528,41.5393,0.942,1,-7.9754,-0.5,-8.4754,HOLDING
2010-09-20,19,CL,PEP,27.1582,42.0231,1.0131,1,-8.1356,-0.5,-8.6356,HOLDING
2010-09-21,19,CL,PEP,27.2623,41.7529,1.687,1,-5.5176,-0.5,-6.0176,HOLDING
2010-09-22,19,CL,PEP,27.2276,41.8786,1.3536,1,-6.609,-0.5,-7.109,HOLDING
2010-09-23,19,CL,PEP,27.0923,41.332,1.794,1,-4.4977,-0.5,-4.9977,HOLDING
2010-09-24,19,CL,PEP,27.2519,41.5456,1.6417,1,-4.3401,-0.5,-4.8401,HOLDING
2010-09-27,19,CL,PEP,27.3942,41.6964,1.5745,1,-3.9562,-0.5,-4.4562,HOLDING
2010-09-28,19,CL,PEP,27.3526,41.954,1.0782,1,-5.9221,-0.5,-6.4221,HOLDING
2010-09-29,19,CL,PEP,27.179,41.9352,0.6977,1,-7.4036,-0.5,-7.9036,HOLDING
2010-09-30,19,CL,PEP,26.6758,41.7404,-0.0961,1,-10.8398,-0.5,-11.3398,HOLDING
2010-10-01,19,CL,PEP,26.5751,42.0922,-0.7491,1,-13.9276,-0.5,-14.4276,HOLDING
2010-10-04,19,CL,PEP,26.5231,42.0105,-0.7552,1,-13.905,-0.5,-14.405,HOLDING
2010-10-05,19,CL,PEP,26.0025,42.5697,-2.1874,1,-22.1319,-0.5,-22.6319,HOLDING
2010-10-06,19,CL,PEP,25.6693,42.7896,-2.4438,1,-26.5498,-0.5,-27.0498,HOLDING
2010-10-07,19,CL,PEP,25.5964,41.5268,-1.2957,1,-19.4641,-0.5,-19.9641,HOLDING
2010-10-08,19,CL,PEP,25.9955,41.3069,-0.4951,1,-14.439,-0.5,-14.939,HOLDING
2010-10-11,19,CL,PEP,25.9782,41.1624,-0.4034,1,-13.7112,-0.5,-14.2112,HOLDING
2010-10-12,19,CL,PEP,26.0094,41.5142,-0.6738,1,-15.5847,-0.5,-16.0847,HOLDING
2010-10-13,19,CL,PEP,26.2836,41.7153,-0.4367,1,-14.2958,-0.5,-14.7958,HOLDING
2010-10-14,19,CL,PEP,26.3218,41.866,-0.4985,1,-14.8704,-0.5,-15.3704,HOLDING
2010-10-15,19,CL,PEP,26.3391,41.8912,-0.4437,1,-14.8651,-0.5,-15.3651,HOLDING
2010-10-18,19,CL,PEP,26.6307,41.7781,0.1252,1,-11.4868,-0.5,-11.9868,HOLDING
2010-10-19,19,CL,PEP,26.4641,41.0933,0.5751,1,-8.8139,-0.5,-9.3139,HOLDING
2010-10-20,19,CL,PEP,26.7869,40.8169,1.2971,1,-4.1446,-0.5,-4.6446,HOLDING
2010-10-21,19,CL,PEP,26.8043,40.9488,1.2013,1,-4.7942,-0.5,-5.2942,HOLDING
2010-10-22,19,CL,PEP,26.8533,40.842,1.3654,1,-3.6877,-0.5,-4.1877,HOLDING
2010-10-25,19,CL,PEP,26.8637,40.8671,1.3533,1,-3.7456,-0.5,-4.2456,HOLDING
2010-10-26,19,CL,PEP,26.717,40.7038,1.261,1,-4.0934,-0.5,-4.5934,HOLDING
2010-10-27,19,CL,PEP,26.385,40.3771,1.0548,1,-5.1428,-0.5,-5.6428,HOLDING
2010-10-28,19,CL,PEP,26.1823,40.842,0.3103,1,-9.8642,-0.5,-10.3642,HOLDING
2010-10-29,19,CL,PEP,26.9511,41.0242,1.1354,1,-3.906,-0.5,-4.406,HOLDING
2010-11-01,19,CL,PEP,27.0,41.1813,0.9678,1,-4.4206,-0.5,-4.9206,HOLDING
2010-11-02,19,CL,PEP,27.2761,41.3383,1.1038,1,-2.8439,-0.5,-3.3439,HOLDING
2010-11-03,19,CL,PEP,27.4194,40.9614,1.643,1,0.7904,-0.5,0.2904,HOLDING
2010-11-04,19,CL,PEP,27.4124,41.0556,1.4346,1,0.1474,-0.5,-0.3526,HOLDING
2010-11-05,19,CL,PEP,27.1084,40.886,1.0137,1,-1.6094,-0.5,-2.1094,HOLDING
2010-11-08,19,CL,PEP,27.0909,40.9048,0.8726,1,-1.8862,-0.5,-2.3862,HOLDING
2010-11-09,19,CL,PEP,26.9057,41.0242,0.3296,1,-4.3244,-0.5,-4.8244,HOLDING
2010-11-10,19,CL,PEP,26.8882,40.9928,0.2534,1,-4.2923,-0.5,-4.7923,HOLDING
2010-11-11,19,CL,PEP,26.8218,40.7729,0.3355,1,-3.5529,-0.5,-4.0529,HOLDING
2010-11-12,19,CL,PEP,26.7624,40.6096,0.3801,1,-3.0964,-0.5,-3.5964,HOLDING
2010-11-15,19,CL,PEP,27.3879,40.4714,2.3658,1,3.5111,-0.5,3.0111,HOLDING
2010-11-16,19,CL,PEP,26.8428,40.2326,1.0906,1,-0.0409,-0.5,-0.5409,HOLDING
2010-11-17,19,CL,PEP,27.0385,40.1698,1.6412,1,2.1465,-0.5,1.6465,HOLDING
2010-11-18,19,CL,PEP,27.332,40.6912,1.3095,1,1.6457,-0.5,1.1457,HOLDING
2010-11-19,19,CL,PEP,27.4439,40.6535,1.5087,1,2.9067,-0.5,2.4067,HOLDING
2010-11-22,19,CL,PEP,27.3949,40.6473,1.2434,1,2.4949,-0.5,1.9949,HOLDING
2010-11-23,19,CL,PEP,27.1748,40.1384,1.397,1,3.594,-0.5,3.094,HOLDING
2010-11-24,19,CL,PEP,27.2482,40.4148,1.0023,1,2.5716,-0.5,2.0716,HOLDING
2010-11-26,19,CL,PEP,27.0455,40.1447,0.9397,1,2.365,-0.5,1.865,HOLDING
2010-11-29,19,CL,PEP,26.9756,40.2138,0.5036,1,1.2972,-0.5,0.7972,HOLDING
2010-11-30,19,CL,PEP,26.7519,40.6033,-1.1245,1,-3.1543,-0.5,-3.6543,HOLDING
2010-12-01,19,CL,PEP,26.9896,41.54,-2.077,1,-6.7209,-0.5,-7.2209,HOLDING
2010-12-02,19,CL,PEP,27.1748,41.2679,-0.9062,1,-3.3441,-0.5,-3.8441,HOLDING
2010-12-03,19,CL,PEP,27.2412,41.2489,-0.6263,1,-2.6163,-0.5,-3.1163,HOLDING
2010-12-06,19,CL,PEP,27.1678,40.9704,-0.3064,1,-1.5809,-0.5,-2.0809,HOLDING
2010-12-07,19,CL,PEP,27.318,40.9387,0.1587,1,-0.0034,-0.5,-0.5034,HOLDING
2010-12-08,19,CL,PEP,27.4858,40.9071,0.6264,1,1.7353,-0.5,1.2353,HOLDING
2010-12-09,19,CL,PEP,27.325,40.9641,-0.0343,1,-0.0945,-0.5,-0.5945,HOLDING
2010-12-10,19,CL,PEP,27.332,41.078,-0.3117,1,-0.7301,-0.5,-1.2301,HOLDING
2010-12-13,19,CL,PEP,27.7304,41.4767,0.0556,1,0.4879,-0.5,-0.0121,HOLDING
2010-12-14,19,CL,PEP,28.2302,41.5147,1.5558,1,4.8549,-0.5,4.3549,HOLDING
2010-12-15,19,CL,PEP,28.3036,41.2932,1.9187,1,6.8912,-0.5,6.3912,HOLDING
2010-12-16,19,CL,PEP,28.37,41.616,1.3632,1,5.5196,-0.5,5.0196,HOLDING
2010-12-17,19,CL,PEP,28.3071,41.7552,0.8841,1,4.0853,-0.5,3.5853,HOLDING
2010-12-20,19,CL,PEP,28.1113,41.9704,0.0087,1,0.9619,-0.5,0.4619,HOLDING
2010-12-21,19,CL,PEP,27.9226,41.3945,0.5399,1,2.7627,-0.5,2.2627,HOLDING
2010-12-22,19,CL,PEP,28.2791,41.5717,1.1359,1,4.9553,-0.5,4.4553,HOLDING
2010-12-23,19,CL,PEP,28.1428,41.578,0.7451,1,3.6619,-0.5,3.1619,HOLDING
2010-12-27,19,CL,PEP,28.1009,41.4071,0.8947,1,4.3256,-0.5,3.8256,HOLDING
2010-12-28,19,CL,PEP,28.2302,41.3185,1.2554,1,6.0602,-0.5,5.5602,HOLDING
2010-12-29,19,CL,PEP,28.1183,41.3502,0.8412,1,4.8363,-0.5,4.3363,HOLDING
2010-12-30,19,CL,PEP,28.0624,41.2172,0.8993,1,5.138,-0.5,4.638,HOLDING
2010-12-31,19,CL,PEP,28.0869,41.3502,0.6336,1,0.0,3.5343,3.5343,PERIOD_END_EXIT
2010-07-06,20,PCG,XEL,31.0463,12.3934,0.0,0,0.0,0.0,0.0,HOLD_CASH
2010-07-07,20,PCG,XEL,31.6989,12.6359,0.0,0,0.0,0.0,0.0,HOLD_CASH
2010-07-08,20,PCG,XEL,31.9164,12.7718,0.0,0,0.0,0.0,0.0,HOLD_CASH
2010-07-09,20,PCG,XEL,31.9765,12.8132,0.0,0,0.0,0.0,0.0,HOLD_CASH
2010-07-12,20,PCG,XEL,32.2465,12.8842,0.0,0,0.0,0.0,0.0,HOLD_CASH
2010-07-13,20,PCG,XEL,32.104,12.9492,0.0,0,0.0,0.0,0.0,HOLD_CASH
2010-07-14,20,PCG,XEL,32.1865,12.8369,0.0,0,0.0,0.0,0.0,HOLD_CASH
2010-07-15,20,PCG,XEL,32.644,12.9315,0.0,0,0.0,0.0,0.0,HOLD_CASH
2010-07-16,20,PCG,XEL,31.9239,12.6832,0.0,0,0.0,0.0,0.0,HOLD_CASH
2010-07-19,20,PCG,XEL,32.5165,12.9019,0.0,0,0.0,0.0,0.0,HOLD_CASH
2010-07-20,20,PCG,XEL,32.8316,12.9965,0.0,0,0.0,0.0,0.0,HOLD_CASH
2010-07-21,20,PCG,XEL,32.404,12.8251,0.0,0,0.0,0.0,0.0,HOLD_CASH
2010-07-22,20,PCG,XEL,32.9516,13.0202,0.0,0,0.0,0.0,0.0,HOLD_CASH
2010-07-23,20,PCG,XEL,33.1766,13.1562,0.0,0,0.0,0.0,0.0,HOLD_CASH
2010-07-26,20,PCG,XEL,33.4391,13.2804,0.0,0,0.0,0.0,0.0,HOLD_CASH
2010-07-27,20,PCG,XEL,33.9642,13.4518,0.0,0,0.0,0.0,0.0,HOLD_CASH
2010-07-28,20,PCG,XEL,33.6117,13.3927,0.0,0,0.0,0.0,0.0,HOLD_CASH
2010-07-29,20,PCG,XEL,33.3641,13.1621,0.0,0,0.0,0.0,0.0,HOLD_CASH
2010-07-30,20,PCG,XEL,33.3041,13.0024,0.0,0,0.0,0.0,0.0,HOLD_CASH
2010-08-02,20,PCG,XEL,34.0467,13.2094,2.6296,-1,0.0,-0.5,-0.5,ENTER_SHORT_A
2010-08-03,20,PCG,XEL,33.8217,13.0675,2.428,-1,-1.0333,-0.5,-1.5333,HOLDING
2010-08-04,20,PCG,XEL,33.9792,12.9256,2.8034,-1,-4.8758,-0.5,-5.3758,HOLDING
2010-08-05,20,PCG,XEL,33.9267,13.0438,1.7531,-1,-2.252,-0.5,-2.752,HOLDING
2010-08-06,20,PCG,XEL,34.2342,13.0793,1.8708,-1,-3.8388,-0.5,-4.3388,HOLDING
2010-08-09,20,PCG,XEL,34.3092,13.168,1.41,-1,-2.7111,-0.5,-3.2111,HOLDING
2010-08-10,20,PCG,XEL,34.6618,13.2508,1.503,-1,-3.7329,-0.5,-4.2329,HOLDING
2010-08-11,20,PCG,XEL,33.9492,13.0971,0.854,-1,-1.4102,-0.5,-1.9102,HOLDING
2010-08-12,20,PCG,XEL,34.1967,13.1739,0.8527,-1,-1.7729,-0.5,-2.2729,HOLDING
2010-08-13,20,PCG,XEL,34.2867,13.2567,0.5557,-1,-0.8671,-0.5,-1.3671,HOLDING
2010-08-16,20,PCG,XEL,34.3392,13.1207,1.1808,-1,-3.8265,-0.5,-4.3265,HOLDING
2010-08-17,20,PCG,XEL,34.4968,13.2153,0.9198,-1,-3.1926,-0.5,-3.6926,HOLDING
2010-08-18,20,PCG,XEL,34.0017,13.103,0.4733,-1,-1.6838,-0.5,-2.1838,HOLDING
2010-08-19,20,PCG,XEL,33.8292,12.8605,1.2337,-1,-5.0052,-0.5,-5.5052,HOLDING
2010-08-20,20,PCG,XEL,34.3993,12.9315,1.75,-1,-7.8481,-0.5,-8.3481,HOLDING
2010-08-23,20,PCG,XEL,34.6543,12.9847,1.7709,-1,-8.7137,-0.5,-9.2137,HOLDING
2010-08-24,20,PCG,XEL,35.0518,13.0675,1.8747,-1,-10.0661,-0.5,-10.5661,HOLDING
2010-08-25,20,PCG,XEL,35.2994,13.1207,1.9514,-1,-10.8767,-0.5,-11.3767,HOLDING
2010-08-26,20,PCG,XEL,35.1418,13.1148,1.58,-1,-9.8319,-0.5,-10.3319,HOLDING
2010-08-27,20,PCG,XEL,35.7269,13.3454,1.3864,-1,-9.7636,-0.5,-10.2636,HOLDING
2010-08-30,20,PCG,XEL,35.0818,13.1444,1.0639,-1,-8.8317,-0.5,-9.3317,HOLDING
2010-08-31,20,PCG,XEL,35.0743,13.1917,0.7061,-1,-7.8814,-0.5,-8.3814,HOLDING
2010-09-01,20,PCG,XEL,35.8394,13.4814,0.6459,-1,-8.0158,-0.5,-8.5158,HOLDING
2010-09-02,20,PCG,XEL,35.7794,13.4164,0.7946,-1,-8.8062,-0.5,-9.3062,HOLDING
2010-09-03,20,PCG,XEL,35.7644,13.4814,0.3539,-1,-7.4652,-0.5,-7.9652,HOLDING
2010-09-07,20,PCG,XEL,35.967,13.4873,0.6691,-1,-8.8404,-0.5,-9.3404,HOLDING
2010-09-08,20,PCG,XEL,35.7794,13.3631,0.884,-1,-9.8133,-0.5,-10.3133,HOLDING
2010-09-09,20,PCG,XEL,36.1845,13.511,0.8237,-1,-9.9899,-0.5,-10.4899,HOLDING
2010-09-10,20,PCG,XEL,33.1616,13.4459,-3.4882,-1,10.9757,-0.5,10.4757,HOLDING
2010-09-13,20,PCG,XEL,33.1991,13.5346,-2.8148,-1,12.3787,-0.5,11.8787,HOLDING
2010-09-14,20,PCG,XEL,33.6492,13.6292,-2.1255,-1,10.8647,-0.5,10.3647,HOLDING
2010-09-15,20,PCG,XEL,34.1142,13.5819,-1.3998,-1,6.5546,-0.5,6.0546,HOLDING
2010-09-16,20,PCG,XEL,34.0167,13.505,-1.2142,-1,5.8157,-0.5,5.3157,HOLDING
2010-09-17,20,PCG,XEL,33.9492,13.4932,-1.1374,-1,6.0876,-0.5,5.5876,HOLDING
2010-09-20,20,PCG,XEL,34.0317,13.6824,-1.3195,-1,9.063,-0.5,8.563,HOLDING
2010-09-21,20,PCG,XEL,33.7542,13.6543,-1.3319,-1,10.5689,-0.5,10.0689,HOLDING
2010-09-22,20,PCG,XEL,33.8817,13.6484,-1.0985,-1,9.5194,-0.5,9.0194,HOLDING
2010-09-23,20,PCG,XEL,33.9192,13.475,-0.6484,-1,5.9629,-0.5,5.4629,HOLDING
2010-09-24,20,PCG,XEL,34.3693,13.7081,-0.6796,-1,7.0708,-0.5,6.5708,HOLDING
2010-09-27,20,PCG,XEL,34.4368,13.6962,-0.5282,-1,6.3487,-0.5,5.8487,HOLDING
2010-09-28,20,PCG,XEL,34.5087,13.7619,-0.5337,-1,7.065,-0.5,6.565,HOLDING
2010-09-29,20,PCG,XEL,34.236,13.8038,-0.7774,-1,9.8595,-0.5,9.3595,HOLDING
2010-09-30,20,PCG,XEL,34.4102,13.7321,-0.39,-1,7.2224,-0.5,6.7224,HOLDING
2010-10-01,20,PCG,XEL,34.6375,13.8875,-0.465,-1,8.4952,-0.5,7.9952,HOLDING
2010-10-04,20,PCG,XEL,34.6451,13.8576,-0.304,-1,7.8739,-0.5,7.3739,HOLDING
2010-10-05,20,PCG,XEL,35.38,14.0848,-0.0164,-1,6.7772,-0.5,6.2772,HOLDING
2010-10-06,20,PCG,XEL,35.1072,14.025,-0.0283,-1,7.6486,-0.5,7.1486,HOLDING
2010-10-07,20,PCG,XEL,35.2209,14.0071,0.8962,-1,6.4747,-0.5,5.9747,HOLDING
2010-10-08,20,PCG,XEL,35.4406,14.031,1.334,-1,5.3139,-0.5,4.8139,HOLDING
2010-10-11,20,PCG,XEL,35.2966,13.9951,1.1266,-1,5.6921,-0.5,5.1921,HOLDING
2010-10-12,20,PCG,XEL,35.2739,13.8875,1.9826,-1,3.8224,-0.5,3.3224,HOLDING
2010-10-13,20,PCG,XEL,35.1982,13.9413,1.0155,-1,5.3968,-0.5,4.8968,HOLDING
2010-10-14,20,PCG,XEL,35.3724,13.9413,1.5813,-1,4.1174,-0.5,3.6174,HOLDING
2010-10-15,20,PCG,XEL,35.5315,14.0848,0.7662,-1,5.6647,-0.5,5.1647,HOLDING
2010-10-18,20,PCG,XEL,35.7664,14.2043,0.4446,-1,6.2031,-0.5,5.7031,HOLDING
2010-10-19,20,PCG,XEL,35.5391,14.1625,-0.1614,-1,7.08,-0.5,6.58,HOLDING
2010-10-20,20,PCG,XEL,35.9861,14.288,0.3522,-1,6.1737,-0.5,5.6737,HOLDING
2010-10-21,20,PCG,XEL,35.8724,14.2043,0.7986,-1,5.4243,-0.5,4.9243,HOLDING
2010-10-22,20,PCG,XEL,36.1073,14.2821,0.8997,-1,5.1705,-0.5,4.6705,HOLDING
2010-10-25,20,PCG,XEL,36.1148,14.288,0.8026,-1,5.2281,-0.5,4.7281,HOLDING
2010-10-26,20,PCG,XEL,36.0467,14.3658,-0.4584,-1,7.1998,-0.5,6.6998,HOLDING
2010-10-27,20,PCG,XEL,35.9482,14.2641,0.1892,-1,5.9994,-0.5,5.4994,HOLDING
2010-10-28,20,PCG,XEL,36.1603,14.2282,1.7069,-1,3.7629,-0.5,3.2629,HOLDING
2010-10-29,20,PCG,XEL,36.2285,14.2641,1.4916,-1,3.9411,-0.5,3.4411,HOLDING
2010-11-01,20,PCG,XEL,36.0012,14.1505,1.6964,-1,3.4602,-0.5,2.9602,HOLDING
2010-11-02,20,PCG,XEL,36.433,14.294,1.8066,-1,3.0048,-0.5,2.5048,HOLDING
2010-11-03,20,PCG,XEL,36.274,14.2761,1.1007,-1,3.8335,-0.5,3.3335,HOLDING
2010-11-04,20,PCG,XEL,36.7512,14.4196,1.5606,-1,3.0444,-0.5,2.5444,HOLDING
2010-11-05,20,PCG,XEL,36.8043,14.5451,0.0415,-1,5.0311,-0.5,4.5311,HOLDING
2010-11-08,20,PCG,XEL,36.2664,14.4973,-2.0086,-1,8.0756,-0.5,7.5756,HOLDING
2010-11-09,20,PCG,XEL,36.0315,14.4196,-1.8857,-1,8.3292,-0.5,7.8292,HOLDING
2010-11-10,20,PCG,XEL,35.9709,14.3956,-1.6597,-1,8.3218,-0.5,7.8218,HOLDING
2010-11-11,20,PCG,XEL,36.0239,14.4196,-1.4903,-1,8.3849,-0.5,7.8849,HOLDING
2010-11-12,20,PCG,XEL,35.9633,14.2821,-0.3042,-1,6.2274,-0.5,5.7274,HOLDING
2010-11-15,20,PCG,XEL,36.2436,14.2103,1.4135,-1,2.8116,-0.5,2.3116,HOLDING
2010-11-16,20,PCG,XEL,35.8118,14.0609,1.097,-1,3.1538,-0.5,2.6538,HOLDING
2010-11-17,20,PCG,XEL,35.7436,13.9891,1.3712,-1,2.2968,-0.5,1.7968,HOLDING
2010-11-18,20,PCG,XEL,35.9633,14.1087,0.9715,-1,2.9464,-0.5,2.4464,HOLDING
2010-11-19,20,PCG,XEL,35.9861,14.0848,1.1568,-1,2.3269,-0.5,1.8269,HOLDING
2010-11-22,20,PCG,XEL,35.9936,14.1266,0.7563,-1,3.0633,-0.5,2.5633,HOLDING
2010-11-23,20,PCG,XEL,35.5921,13.9592,0.7583,-1,2.8436,-0.5,2.3436,HOLDING
2010-11-24,20,PCG,XEL,35.6754,14.0489,0.2115,-1,3.9289,-0.5,3.4289,HOLDING
2010-11-26,20,PCG,XEL,35.5694,14.019,0.1161,-1,4.142,-0.5,3.642,HOLDING
2010-11-29,20,PCG,XEL,35.4027,14.013,-0.385,-1,5.2527,-0.5,4.7527,HOLDING
2010-11-30,20,PCG,XEL,35.5542,14.0489,-0.1384,-1,4.8189,-0.5,4.3189,HOLDING
2010-12-01,20,PCG,XEL,36.1376,14.2342,0.2891,-1,4.0429,-0.5,3.5429,HOLDING
2010-12-02,20,PCG,XEL,36.2361,14.2342,0.6204,-1,3.3196,-0.5,2.8196,HOLDING
2010-12-03,20,PCG,XEL,36.4634,14.2701,1.0611,-1,2.3297,-0.5,1.8297,HOLDING
2010-12-06,20,PCG,XEL,36.0845,14.1206,0.9834,-1,2.2826,-0.5,1.7826,HOLDING
2010-12-07,20,PCG,XEL,35.8042,14.0011,0.9828,-1,2.0781,-0.5,1.5781,HOLDING
2010-12-08,20,PCG,XEL,35.4557,13.9652,-0.0451,-1,3.9582,-0.5,3.4582,HOLDING
2010-12-09,20,PCG,XEL,35.486,13.9951,-0.4002,-1,4.3014,-0.5,3.8014,HOLDING
2010-12-10,20,PCG,XEL,35.63,14.0011,0.0882,-1,3.3576,-0.5,2.8576,HOLDING
2010-12-13,20,PCG,XEL,35.7815,14.0668,-0.1682,-1,3.4896,-0.5,2.9896,HOLDING
2010-12-14,20,PCG,XEL,36.1148,14.1625,0.5614,-1,2.8521,-0.5,2.3521,HOLDING
2010-12-15,20,PCG,XEL,35.7436,14.0489,-0.0874,-1,3.4283,-0.5,2.9283,HOLDING
2010-12-16,20,PCG,XEL,36.274,14.1625,1.731,-1,1.6837,-0.5,1.1837,HOLDING
2010-12-17,20,PCG,XEL,36.4406,14.1864,2.1141,-1,0.9126,-0.5,0.4126,HOLDING
2010-12-20,20,PCG,XEL,36.683,14.2043,2.6266,-1,-0.5281,-0.5,-1.0281,HOLDING
2010-12-21,20,PCG,XEL,36.4103,14.2303,0.7783,-1,1.9662,-0.5,1.4662,HOLDING
2010-12-22,20,PCG,XEL,36.4103,14.188,1.2279,-1,1.1657,-0.5,0.6657,HOLDING
2010-12-23,20,PCG,XEL,36.6224,14.182,1.9806,-1,-0.5062,-0.5,-1.0062,HOLDING
2010-12-27,20,PCG,XEL,36.5467,14.1759,1.5123,-1,-0.0644,-0.5,-0.5644,HOLDING
2010-12-28,20,PCG,XEL,36.6224,14.2122,1.3221,-1,0.0656,-0.5,-0.4344,HOLDING
2010-12-29,20,PCG,XEL,36.6339,14.2001,1.3797,-1,-0.2474,-0.5,-0.7474,HOLDING
2010-12-30,20,PCG,XEL,36.4733,14.2303,0.2462,-1,1.5037,-0.5,1.0037,HOLDING
2010-12-31,20,PCG,XEL,36.588,14.2303,0.7043,-1,0.0,-0.3766,-0.3766,PERIOD_END_EXIT
