Date,Pair_Rank,Ticker_A,Ticker_B,Price_A,Price_B,ZScore,Position,Unrealized_PnL,Realized_PnL,Cumulative_PnL,Status
2016-06-07,1,PNC,WFC,64.8074,38.4911,0.0,0,0.0,0.0,0.0,HOLD_CASH
2016-06-08,1,PNC,WFC,65.0983,38.2844,0.0,0,0.0,0.0,0.0,HOLD_CASH
2016-06-09,1,PNC,WFC,64.2473,37.6259,0.0,0,0.0,0.0,0.0,HOLD_CASH
2016-06-10,1,PNC,WFC,63.2799,37.0133,0.0,0,0.0,0.0,0.0,HOLD_CASH
2016-06-13,1,PNC,WFC,62.7999,36.73,0.0,0,0.0,0.0,0.0,HOLD_CASH
2016-06-14,1,PNC,WFC,61.3961,35.8954,0.0,0,0.0,0.0,0.0,HOLD_CASH
2016-06-15,1,PNC,WFC,61.2579,35.8189,0.0,0,0.0,0.0,0.0,HOLD_CASH
2016-06-16,1,PNC,WFC,61.0033,35.8725,0.0,0,0.0,0.0,0.0,HOLD_CASH
2016-06-17,1,PNC,WFC,60.8651,35.681,0.0,0,0.0,0.0,0.0,HOLD_CASH
2016-06-20,1,PNC,WFC,61.1124,35.9337,0.0,0,0.0,0.0,0.0,HOLD_CASH
2016-06-21,1,PNC,WFC,61.4834,36.1634,0.0,0,0.0,0.0,0.0,HOLD_CASH
2016-06-22,1,PNC,WFC,61.6507,35.9643,0.0,0,0.0,0.0,0.0,HOLD_CASH
2016-06-23,1,PNC,WFC,63.0399,36.6841,0.0,0,0.0,0.0,0.0,HOLD_CASH
2016-06-24,1,PNC,WFC,58.974,34.9996,0.0,0,0.0,0.0,0.0,HOLD_CASH
2016-06-27,1,PNC,WFC,56.6465,34.4636,0.0,0,0.0,0.0,0.0,HOLD_CASH
2016-06-28,1,PNC,WFC,57.4393,35.2982,0.0,0,0.0,0.0,0.0,HOLD_CASH
2016-06-29,1,PNC,WFC,58.4357,35.9643,0.0,0,0.0,0.0,0.0,HOLD_CASH
2016-06-30,1,PNC,WFC,59.1995,36.24,0.0,0,0.0,0.0,0.0,HOLD_CASH
2016-07-01,1,PNC,WFC,58.8649,36.0103,0.0,0,0.0,0.0,0.0,HOLD_CASH
2016-07-05,1,PNC,WFC,57.3375,35.3824,-1.7324,0,0.0,0.0,0.0,HOLD_CASH
2016-07-06,1,PNC,WFC,57.7375,35.7193,-1.6222,0,0.0,0.0,0.0,HOLD_CASH
2016-07-07,1,PNC,WFC,57.8175,35.8342,-1.499,0,0.0,0.0,0.0,HOLD_CASH
2016-07-08,1,PNC,WFC,58.6394,36.5922,-1.5612,0,0.0,0.0,0.0,HOLD_CASH
2016-07-11,1,PNC,WFC,58.9594,36.8143,-1.4107,0,0.0,0.0,0.0,HOLD_CASH
2016-07-12,1,PNC,WFC,59.8904,37.021,-0.9361,0,0.0,0.0,0.0,HOLD_CASH
2016-07-13,1,PNC,WFC,59.7159,36.9597,-0.8908,0,0.0,0.0,0.0,HOLD_CASH
2016-07-14,1,PNC,WFC,60.6752,37.4728,-0.7276,0,0.0,0.0,0.0,HOLD_CASH
2016-07-15,1,PNC,WFC,60.0894,36.5309,-0.0415,0,0.0,0.0,0.0,HOLD_CASH
2016-07-18,1,PNC,WFC,60.1113,36.9674,-0.4415,0,0.0,0.0,0.0,HOLD_CASH
2016-07-19,1,PNC,WFC,60.3164,37.0363,-0.2987,0,0.0,0.0,0.0,HOLD_CASH
2016-07-20,1,PNC,WFC,60.4848,37.2201,-0.3202,0,0.0,0.0,0.0,HOLD_CASH
2016-07-21,1,PNC,WFC,60.3749,36.9827,0.0431,0,0.0,0.0,0.0,HOLD_CASH
2016-07-22,1,PNC,WFC,60.6532,36.998,0.6626,0,0.0,0.0,0.0,HOLD_CASH
2016-07-25,1,PNC,WFC,60.6019,36.8449,1.5115,0,0.0,0.0,0.0,HOLD_CASH
2016-07-26,1,PNC,WFC,60.5507,36.73,1.7304,0,0.0,0.0,0.0,HOLD_CASH
2016-07-27,1,PNC,WFC,60.4994,36.753,1.3939,0,0.0,0.0,0.0,HOLD_CASH
2016-07-28,1,PNC,WFC,60.7923,36.8525,1.4609,0,0.0,0.0,0.0,HOLD_CASH
2016-07-29,1,PNC,WFC,60.5214,36.73,1.2365,0,0.0,0.0,0.0,HOLD_CASH
2016-08-01,1,PNC,WFC,60.353,36.6075,1.2039,0,0.0,0.0,0.0,HOLD_CASH
2016-08-02,1,PNC,WFC,59.7964,36.5233,0.4403,0,0.0,0.0,0.0,HOLD_CASH
2016-08-03,1,PNC,WFC,61.4001,36.7162,2.1522,-1,0.0,-0.5,-0.5,ENTER_SHORT_A
2016-08-04,1,PNC,WFC,61.4221,36.9246,1.4869,-1,1.3294,-0.5,0.8294,HOLDING
2016-08-05,1,PNC,WFC,63.2967,37.573,2.2302,-1,-1.8887,-0.5,-2.3887,HOLDING
2016-08-08,1,PNC,WFC,63.3333,37.7505,1.74,-1,-0.8289,-0.5,-1.3289,HOLDING
2016-08-09,1,PNC,WFC,63.1575,37.7659,1.331,-1,-0.0083,-0.5,-0.5083,HOLDING
2016-08-10,1,PNC,WFC,62.5278,37.1871,1.6127,-1,-1.3859,-0.5,-1.8859,HOLDING
2016-08-11,1,PNC,WFC,62.6083,37.2334,1.4693,-1,-1.3984,-0.5,-1.8984,HOLDING
2016-08-12,1,PNC,WFC,62.2422,36.9709,1.3972,-1,-1.6945,-0.5,-2.1945,HOLDING
2016-08-15,1,PNC,WFC,62.7035,37.2565,1.2482,-1,-1.6283,-0.5,-2.1283,HOLDING
2016-08-16,1,PNC,WFC,62.7328,37.3877,0.912,-1,-0.8543,-0.5,-1.3543,HOLDING
2016-08-17,1,PNC,WFC,62.8134,37.519,0.6532,-1,-0.2888,-0.5,-0.7888,HOLDING
2016-08-18,1,PNC,WFC,62.5791,37.4572,0.3858,-1,0.2448,-0.5,-0.2552,HOLDING
2016-08-19,1,PNC,WFC,62.5497,37.5498,0.0188,-1,0.9949,-0.5,0.4949,HOLDING
2016-08-22,1,PNC,WFC,62.6303,37.5344,0.1279,-1,0.5617,-0.5,0.0617,HOLDING
2016-08-23,1,PNC,WFC,62.7621,37.3646,0.7768,-1,-1.1311,-0.5,-1.6311,HOLDING
2016-08-24,1,PNC,WFC,62.7328,37.5344,0.1328,-1,0.1443,-0.5,-0.3557,HOLDING
2016-08-25,1,PNC,WFC,62.8793,37.3414,0.9494,-1,-1.7658,-0.5,-2.2658,HOLDING
2016-08-26,1,PNC,WFC,63.4797,37.4418,1.6513,-1,-3.5275,-0.5,-4.0275,HOLDING
2016-08-29,1,PNC,WFC,64.3804,38.2522,0.6482,-1,-1.6766,-0.5,-2.1766,HOLDING
2016-08-30,1,PNC,WFC,65.0761,39.0703,-1.3869,-1,1.0616,-0.5,0.5616,HOLDING
2016-08-31,1,PNC,WFC,65.9767,39.2093,0.6614,-1,-1.6595,-0.5,-2.1595,HOLDING
2016-09-01,1,PNC,WFC,65.8962,38.9237,1.7344,-1,-3.2761,-0.5,-3.7761,HOLDING
2016-09-02,1,PNC,WFC,66.2989,39.0163,2.1204,-1,-4.2853,-0.5,-4.7853,HOLDING
2016-09-06,1,PNC,WFC,65.5227,38.5841,1.7321,-1,-4.0679,-0.5,-4.5679,HOLDING
2016-09-07,1,PNC,WFC,66.2111,38.4143,2.9196,-1,-8.0266,-0.5,-8.5266,HOLDING
2016-09-08,1,PNC,WFC,66.4307,38.5146,2.3673,-1,-8.238,-0.5,-8.738,HOLDING
2016-09-09,1,PNC,WFC,65.8449,37.6039,2.7911,-1,-12.0542,-0.5,-12.5542,HOLDING
2016-09-12,1,PNC,WFC,66.5625,37.4649,2.7937,-1,-15.922,-0.5,-16.422,HOLDING
2016-09-13,1,PNC,WFC,65.8449,36.2454,2.8637,-1,-21.3037,-0.5,-21.8037,HOLDING
2016-09-14,1,PNC,WFC,65.3836,35.9058,2.3462,-1,-21.7377,-0.5,-22.2377,HOLDING
2016-09-15,1,PNC,WFC,66.1378,35.6202,2.3962,-1,-26.7531,-0.5,-27.2531,HOLDING
2016-09-16,1,PNC,WFC,65.4568,35.0645,2.1124,-1,-27.7643,-0.5,-28.2643,HOLDING
2016-09-19,1,PNC,WFC,65.984,35.5122,1.7251,-1,-26.8628,-0.5,-27.3628,HOLDING
2016-09-20,1,PNC,WFC,66.1671,35.9367,1.3388,-1,-24.7177,-0.5,-25.2177,HOLDING
2016-09-21,1,PNC,WFC,66.4454,35.3732,1.6027,-1,-29.6872,-0.5,-30.1872,HOLDING
2016-09-22,1,PNC,WFC,65.9035,35.2883,1.3191,-1,-28.0589,-0.5,-28.5589,HOLDING
2016-09-23,1,PNC,WFC,65.4715,35.3038,1.0487,-1,-26.1947,-0.5,-26.6947,HOLDING
2016-09-26,1,PNC,WFC,64.2706,34.64,0.9586,-1,-25.8247,-0.5,-26.3247,HOLDING
2016-09-27,1,PNC,WFC,64.8417,34.8021,0.9574,-1,-27.0467,-0.5,-27.5467,HOLDING
2016-09-28,1,PNC,WFC,65.4715,34.9719,0.9854,-1,-28.4546,-0.5,-28.9546,HOLDING
2016-09-29,1,PNC,WFC,65.1639,34.2464,1.276,-1,-32.1423,-0.5,-32.6423,HOLDING
2016-09-30,1,PNC,WFC,65.9694,34.1769,1.5032,-1,-35.8951,-0.5,-36.3951,HOLDING
2016-10-03,1,PNC,WFC,65.4642,33.8296,1.4533,-1,-36.2028,-0.5,-36.7028,HOLDING
2016-10-04,1,PNC,WFC,66.2696,33.7678,1.7143,-1,-39.9028,-0.5,-40.4028,HOLDING
2016-10-05,1,PNC,WFC,67.0165,34.7249,1.1709,-1,-36.4271,-0.5,-36.9271,HOLDING
2016-10-06,1,PNC,WFC,67.2363,34.8716,1.108,-1,-36.3233,-0.5,-36.8233,HOLDING
2016-10-07,1,PNC,WFC,66.9433,34.9873,0.7943,-1,-34.3422,-0.5,-34.8422,HOLDING
2016-10-10,1,PNC,WFC,67.141,35.2343,0.5654,-1,-33.4655,-0.5,-33.9655,HOLDING
2016-10-11,1,PNC,WFC,66.277,35.08,0.0822,-1,-30.9984,-0.5,-31.4984,HOLDING
2016-10-12,1,PNC,WFC,66.1818,34.9796,0.0635,-1,-31.294,-0.5,-31.794,HOLDING
2016-10-13,1,PNC,WFC,64.7893,34.5397,-0.4536,-1,-28.6201,-0.5,-29.1201,HOLDING
2016-10-14,1,PNC,WFC,64.8556,34.5088,-0.3679,-1,-29.1003,-0.5,-29.6003,HOLDING
2016-10-17,1,PNC,WFC,64.9882,34.3467,-0.0329,-1,-30.7438,-0.5,-31.2438,HOLDING
2016-10-18,1,PNC,WFC,66.2039,34.694,0.3924,-1,-33.3286,-0.5,-33.8286,HOLDING
2016-10-19,1,PNC,WFC,67.4858,34.9333,1.0667,-1,-36.9189,-0.5,-37.4189,HOLDING
2016-10-20,1,PNC,WFC,68.7383,34.6786,2.1992,-1,-43.7529,-0.5,-44.2529,HOLDING
2016-10-21,1,PNC,WFC,68.4583,34.8021,1.596,-1,-41.772,-0.5,-42.272,HOLDING
2016-10-24,1,PNC,WFC,68.532,35.134,1.0452,-1,-39.8121,-0.5,-40.3121,HOLDING
2016-10-25,1,PNC,WFC,68.6204,35.2883,0.7893,-1,-39.1211,-0.5,-39.6211,HOLDING
2016-10-26,1,PNC,WFC,69.4603,35.6202,0.8749,-1,-40.281,-0.5,-40.781,HOLDING
2016-10-27,1,PNC,WFC,70.3075,35.8209,1.1591,-1,-42.3644,-0.5,-42.8644,HOLDING
2016-10-28,1,PNC,WFC,70.0644,35.682,1.0945,-1,-42.3203,-0.5,-42.8203,HOLDING
2016-10-31,1,PNC,WFC,70.4328,35.5122,1.515,-1,-44.9765,-0.5,-45.4765,HOLDING
2016-11-01,1,PNC,WFC,70.4107,35.4967,1.4383,-1,-44.9916,-0.5,-45.4916,HOLDING
2016-11-02,1,PNC,WFC,69.8213,35.2088,1.2875,-1,-44.5523,-0.5,-45.0523,HOLDING
2016-11-03,1,PNC,WFC,69.9171,35.2866,1.1328,-1,-44.4125,-0.5,-44.9125,HOLDING
2016-11-04,1,PNC,WFC,69.7329,34.7107,1.5892,-1,-47.5841,-0.5,-48.0841,HOLDING
2016-11-07,1,PNC,WFC,71.0222,35.3333,1.433,-1,-48.5943,-0.5,-49.0943,HOLDING
2016-11-08,1,PNC,WFC,71.199,35.4423,1.2754,-1,-48.5722,-0.5,-49.0722,HOLDING
2016-11-09,1,PNC,WFC,74.5954,37.349,0.9251,-1,-49.4183,-0.5,-49.9183,HOLDING
2016-11-10,1,PNC,WFC,78.0802,40.1819,-0.4829,-1,-44.318,-0.5,-44.818,HOLDING
2016-11-11,1,PNC,WFC,78.0434,40.2597,-0.794,-1,-43.6382,-0.5,-44.1382,HOLDING
2016-11-14,1,PNC,WFC,79.6421,41.4194,-1.4704,-1,-42.2518,-0.5,-42.7518,HOLDING
2016-11-15,1,PNC,WFC,80.1431,40.9291,-0.3926,-1,-47.63,-0.5,-48.13,HOLDING
2016-11-16,1,PNC,WFC,79.2074,40.2208,-0.04,-1,-48.6426,-0.5,-49.1426,HOLDING
2016-11-17,1,PNC,WFC,81.484,40.8512,0.9293,-1,-53.6198,-0.5,-54.1198,HOLDING
2016-11-18,1,PNC,WFC,81.9555,41.1081,0.8232,-1,-53.7907,-0.5,-54.2907,HOLDING
2016-11-21,1,PNC,WFC,81.565,40.5633,1.3193,-1,-55.9103,-0.5,-56.4103,HOLDING
2016-11-22,1,PNC,WFC,81.6018,40.6411,1.097,-1,-55.5304,-0.5,-56.0304,HOLDING
2016-11-23,1,PNC,WFC,81.8818,40.5944,1.291,-1,-56.9882,-0.5,-57.4882,HOLDING
2016-11-25,1,PNC,WFC,82.567,40.9524,1.1338,-1,-57.3405,-0.5,-57.8405,HOLDING
2016-11-28,1,PNC,WFC,80.8946,40.143,0.9933,-1,-56.0421,-0.5,-56.5421,HOLDING
2016-11-29,1,PNC,WFC,80.4967,40.3609,0.2431,-1,-52.9384,-0.5,-53.4384,HOLDING
2016-11-30,1,PNC,WFC,81.4397,41.1859,-0.3502,-1,-51.161,-0.5,-51.661,HOLDING
2016-12-01,1,PNC,WFC,82.9574,42.291,-0.858,-1,-49.8157,-0.5,-50.3157,HOLDING
2016-12-02,1,PNC,WFC,81.8376,41.6995,-0.7782,-1,0.0,-50.4007,-50.4007,PERIOD_END_EXIT
2016-06-07,2,CMS,WEC,31.8984,44.4464,0.0,0,0.0,0.0,0.0,HOLD_CASH
2016-06-08,2,CMS,WEC,32.0857,44.9938,0.0,0,0.0,0.0,0.0,HOLD_CASH
2016-06-09,2,CMS,WEC,32.5052,45.4828,0.0,0,0.0,0.0,0.0,HOLD_CASH
2016-06-10,2,CMS,WEC,32.4452,45.636,0.0,0,0.0,0.0,0.0,HOLD_CASH
2016-06-13,2,CMS,WEC,32.4452,45.6287,0.0,0,0.0,0.0,0.0,HOLD_CASH
2016-06-14,2,CMS,WEC,32.8423,46.1177,0.0,0,0.0,0.0,0.0,HOLD_CASH
2016-06-15,2,CMS,WEC,32.5277,45.6579,0.0,0,0.0,0.0,0.0,HOLD_CASH
2016-06-16,2,CMS,WEC,32.7449,46.0812,0.0,0,0.0,0.0,0.0,HOLD_CASH
2016-06-17,2,CMS,WEC,32.8273,46.198,0.0,0,0.0,0.0,0.0,HOLD_CASH
2016-06-20,2,CMS,WEC,32.6325,45.9352,0.0,0,0.0,0.0,0.0,HOLD_CASH
2016-06-21,2,CMS,WEC,32.7449,45.9061,0.0,0,0.0,0.0,0.0,HOLD_CASH
2016-06-22,2,CMS,WEC,32.7,45.8915,0.0,0,0.0,0.0,0.0,HOLD_CASH
2016-06-23,2,CMS,WEC,32.655,45.8185,0.0,0,0.0,0.0,0.0,HOLD_CASH
2016-06-24,2,CMS,WEC,33.2318,46.2126,0.0,0,0.0,0.0,0.0,HOLD_CASH
2016-06-27,2,CMS,WEC,33.6663,47.0592,0.0,0,0.0,0.0,0.0,HOLD_CASH
2016-06-28,2,CMS,WEC,33.6963,46.9424,0.0,0,0.0,0.0,0.0,HOLD_CASH
2016-06-29,2,CMS,WEC,33.5914,46.8256,0.0,0,0.0,0.0,0.0,HOLD_CASH
2016-06-30,2,CMS,WEC,34.3555,47.6576,0.0,0,0.0,0.0,0.0,HOLD_CASH
2016-07-01,2,CMS,WEC,34.1832,47.4752,0.0,0,0.0,0.0,0.0,HOLD_CASH
2016-07-05,2,CMS,WEC,34.5204,48.0371,1.1594,0,0.0,0.0,0.0,HOLD_CASH
2016-07-06,2,CMS,WEC,34.5878,47.9131,1.8647,0,0.0,0.0,0.0,HOLD_CASH
2016-07-07,2,CMS,WEC,33.9061,46.9862,1.5719,0,0.0,0.0,0.0,HOLD_CASH
2016-07-08,2,CMS,WEC,34.0933,47.4606,0.7188,0,0.0,0.0,0.0,HOLD_CASH
2016-07-11,2,CMS,WEC,33.996,47.373,0.4747,0,0.0,0.0,0.0,HOLD_CASH
2016-07-12,2,CMS,WEC,33.3966,46.4972,0.5574,0,0.0,0.0,0.0,HOLD_CASH
2016-07-13,2,CMS,WEC,33.7338,46.8986,0.7415,0,0.0,0.0,0.0,HOLD_CASH
2016-07-14,2,CMS,WEC,33.5315,46.7016,0.3428,0,0.0,0.0,0.0,HOLD_CASH
2016-07-15,2,CMS,WEC,33.5765,46.6797,0.614,0,0.0,0.0,0.0,HOLD_CASH
2016-07-18,2,CMS,WEC,33.6589,46.8913,0.0947,0,0.0,0.0,0.0,HOLD_CASH
2016-07-19,2,CMS,WEC,33.7113,46.8329,0.6849,0,0.0,0.0,0.0,HOLD_CASH
2016-07-20,2,CMS,WEC,33.5914,46.7235,0.2764,0,0.0,0.0,0.0,HOLD_CASH
2016-07-21,2,CMS,WEC,33.7937,47.2343,-1.3743,0,0.0,0.0,0.0,HOLD_CASH
2016-07-22,2,CMS,WEC,34.1158,47.7233,-1.9323,0,0.0,0.0,0.0,HOLD_CASH
2016-07-25,2,CMS,WEC,34.1383,47.7671,-1.7485,0,0.0,0.0,0.0,HOLD_CASH
2016-07-26,2,CMS,WEC,33.7113,47.1978,-1.8403,0,0.0,0.0,0.0,HOLD_CASH
2016-07-27,2,CMS,WEC,33.4716,46.7016,-0.6709,0,0.0,0.0,0.0,HOLD_CASH
2016-07-28,2,CMS,WEC,33.7038,46.8329,0.6153,0,0.0,0.0,0.0,HOLD_CASH
2016-07-29,2,CMS,WEC,33.8461,47.373,-1.5447,0,0.0,0.0,0.0,HOLD_CASH
2016-08-01,2,CMS,WEC,33.8237,47.4898,-2.097,1,0.0,-0.5,-0.5,ENTER_LONG_A
2016-08-02,2,CMS,WEC,33.7338,47.1614,-0.8223,1,1.0644,-0.5,0.5644,HOLDING
2016-08-03,2,CMS,WEC,33.2887,46.4899,-0.4543,1,1.3095,-0.5,0.8095,HOLDING
2016-08-04,2,CMS,WEC,33.432,46.5994,0.2397,1,1.7926,-0.5,1.2926,HOLDING
2016-08-05,2,CMS,WEC,32.9568,45.6725,1.8934,1,3.1593,-0.5,2.6593,HOLDING
2016-08-08,2,CMS,WEC,32.8512,45.5265,1.6655,1,3.1472,-0.5,2.6472,HOLDING
2016-08-09,2,CMS,WEC,32.9266,45.5995,1.6504,1,3.3206,-0.5,2.8206,HOLDING
2016-08-10,2,CMS,WEC,33.0021,45.8239,0.9468,1,2.6969,-0.5,2.1969,HOLDING
2016-08-11,2,CMS,WEC,32.9794,45.9048,0.316,1,2.1036,-0.5,1.6036,HOLDING
2016-08-12,2,CMS,WEC,33.085,45.9489,0.8609,1,2.6518,-0.5,2.1518,HOLDING
2016-08-15,2,CMS,WEC,32.4439,45.0,1.0938,1,2.9085,-0.5,2.4085,HOLDING
2016-08-16,2,CMS,WEC,31.9083,44.154,1.5257,1,3.4035,-0.5,2.9035,HOLDING
2016-08-17,2,CMS,WEC,32.4589,44.7866,1.884,1,4.143,-0.5,3.643,HOLDING
2016-08-18,2,CMS,WEC,32.8663,45.5664,0.8105,1,3.0488,-0.5,2.5488,HOLDING
2016-08-19,2,CMS,WEC,32.4816,45.1029,0.4253,1,2.6451,-0.5,2.1451,HOLDING
2016-08-22,2,CMS,WEC,32.5721,45.3163,-0.0462,1,2.191,-0.5,1.691,HOLDING
2016-08-23,2,CMS,WEC,32.3005,45.0294,-0.5669,1,1.6942,-0.5,1.1942,HOLDING
2016-08-24,2,CMS,WEC,32.3307,44.9264,0.1355,1,2.4594,-0.5,1.9594,HOLDING
2016-08-25,2,CMS,WEC,32.4061,45.0588,-0.0012,1,2.32,-0.5,1.82,HOLDING
2016-08-26,2,CMS,WEC,31.6443,43.9038,0.4365,1,2.7689,-0.5,2.2689,HOLDING
2016-08-29,2,CMS,WEC,31.9309,44.3894,-0.2354,1,2.3315,-0.5,1.8315,HOLDING
2016-08-30,2,CMS,WEC,31.5236,43.8156,-0.3093,1,2.3415,-0.5,1.8415,HOLDING
2016-08-31,2,CMS,WEC,31.6593,44.051,-0.8406,1,2.1057,-0.5,1.6057,HOLDING
2016-09-01,2,CMS,WEC,31.5688,44.0068,-1.5745,1,1.6691,-0.5,1.1691,HOLDING
2016-09-02,2,CMS,WEC,31.9158,44.5512,-1.8127,1,1.3679,-0.5,0.8679,HOLDING
2016-09-06,2,CMS,WEC,32.2854,45.2133,-2.371,1,0.6146,-0.5,0.1146,HOLDING
2016-09-07,2,CMS,WEC,32.3156,44.9558,-0.2579,1,2.193,-0.5,1.693,HOLDING
2016-09-08,2,CMS,WEC,32.3835,45.1765,-1.0449,1,1.533,-0.5,1.033,HOLDING
2016-09-09,2,CMS,WEC,31.1615,43.4698,-0.9738,1,1.4854,-0.5,0.9854,HOLDING
2016-09-12,2,CMS,WEC,31.5764,44.2717,-2.0681,1,0.3306,-0.5,-0.1694,HOLDING
2016-09-13,2,CMS,WEC,31.2294,43.7494,-1.6178,1,0.5155,-0.5,0.0155,HOLDING
2016-09-14,2,CMS,WEC,31.4406,44.1172,-1.7872,1,0.1404,-0.5,-0.3596,HOLDING
2016-09-15,2,CMS,WEC,31.5915,44.2717,-1.4343,1,0.4421,-0.5,-0.0579,HOLDING
2016-09-16,2,CMS,WEC,31.9309,44.7204,-1.1626,1,0.5888,-0.5,0.0888,HOLDING
2016-09-19,2,CMS,WEC,32.293,45.2207,-1.017,1,0.6315,-0.5,0.1315,HOLDING
2016-09-20,2,CMS,WEC,32.21,45.0662,-0.7055,1,0.8315,-0.5,0.3315,HOLDING
2016-09-21,2,CMS,WEC,32.8889,45.9784,-0.4375,1,1.0472,-0.5,0.5472,HOLDING
2016-09-22,2,CMS,WEC,33.0096,46.2064,-0.7135,1,0.7388,-0.5,0.2388,HOLDING
2016-09-23,2,CMS,WEC,33.0926,46.3241,-0.6459,1,0.7325,-0.5,0.2325,HOLDING
2016-09-26,2,CMS,WEC,33.2057,46.1696,1.4608,1,2.3821,-0.5,1.8821,HOLDING
2016-09-27,2,CMS,WEC,32.6324,45.3751,1.4547,1,2.3273,-0.5,1.8273,HOLDING
2016-09-28,2,CMS,WEC,32.4363,45.1029,1.4732,1,2.3106,-0.5,1.8106,HOLDING
2016-09-29,2,CMS,WEC,31.9158,44.4188,1.1997,1,2.0651,-0.5,1.5651,HOLDING
2016-09-30,2,CMS,WEC,31.6895,44.051,1.4631,1,2.3288,-0.5,1.8288,HOLDING
2016-10-03,2,CMS,WEC,31.2294,43.4257,1.2481,1,2.2196,-0.5,1.7196,HOLDING
2016-10-04,2,CMS,WEC,30.5203,42.2486,2.1137,1,3.1749,-0.5,2.6749,HOLDING
2016-10-05,2,CMS,WEC,30.46,42.153,1.9275,1,3.2323,-0.5,2.7323,HOLDING
2016-10-06,2,CMS,WEC,30.5128,42.1603,1.9393,1,3.5839,-0.5,3.0839,HOLDING
2016-10-07,2,CMS,WEC,30.3694,41.9985,1.554,1,3.3764,-0.5,2.8764,HOLDING
2016-10-10,2,CMS,WEC,30.6334,42.2192,1.8984,1,4.1661,-0.5,3.6661,HOLDING
2016-10-11,2,CMS,WEC,30.2563,41.6307,1.8794,1,4.4766,-0.5,3.9766,HOLDING
2016-10-12,2,CMS,WEC,30.4826,42.2413,0.6242,1,2.9349,-0.5,2.4349,HOLDING
2016-10-13,2,CMS,WEC,30.8145,42.8004,0.1526,1,2.4447,-0.5,1.9447,HOLDING
2016-10-14,2,CMS,WEC,30.7013,42.4767,0.7824,1,3.3125,-0.5,2.8125,HOLDING
2016-10-17,2,CMS,WEC,30.9578,42.6974,1.257,1,4.0464,-0.5,3.5464,HOLDING
2016-10-18,2,CMS,WEC,31.2445,42.8886,1.9019,1,5.1581,-0.5,4.6581,HOLDING
2016-10-19,2,CMS,WEC,31.1992,42.8004,1.7808,1,5.2882,-0.5,4.7882,HOLDING
2016-10-20,2,CMS,WEC,31.1917,42.7121,1.8922,1,5.6973,-0.5,5.1973,HOLDING
2016-10-21,2,CMS,WEC,31.0483,42.4399,1.9988,1,6.0708,-0.5,5.5708,HOLDING
2016-10-24,2,CMS,WEC,31.2143,42.5208,2.1525,1,6.8715,-0.5,6.3715,HOLDING
2016-10-25,2,CMS,WEC,31.3878,42.7636,1.8352,1,6.8758,-0.5,6.3758,HOLDING
2016-10-26,2,CMS,WEC,31.418,43.2785,0.1598,1,4.3879,-0.5,3.8879,HOLDING
2016-10-27,2,CMS,WEC,31.1992,42.8813,0.4262,1,4.8622,-0.5,4.3622,HOLDING
2016-10-28,2,CMS,WEC,31.154,43.0505,-0.5098,1,3.6371,-0.5,3.1371,HOLDING
2016-10-31,2,CMS,WEC,31.7951,43.9333,-0.5866,1,3.7291,-0.5,3.2291,HOLDING
2016-11-01,2,CMS,WEC,31.3274,43.0505,0.3377,1,4.9194,-0.5,4.4194,HOLDING
2016-11-02,2,CMS,WEC,31.0614,42.6532,0.4112,1,5.0446,-0.5,4.5446,HOLDING
2016-11-03,2,CMS,WEC,31.2818,42.8445,0.812,1,5.6667,-0.5,5.1667,HOLDING
2016-11-04,2,CMS,WEC,30.993,42.462,0.6778,1,5.5459,-0.5,5.0459,HOLDING
2016-11-07,2,CMS,WEC,31.6998,43.0946,1.8298,1,7.4395,-0.5,6.9395,HOLDING
2016-11-08,2,CMS,WEC,31.905,43.411,1.4878,1,7.291,-0.5,6.791,HOLDING
2016-11-09,2,CMS,WEC,30.6586,41.7158,1.3507,1,7.0025,-0.5,6.5025,HOLDING
2016-11-10,2,CMS,WEC,30.0126,41.1371,0.0581,1,5.274,-0.5,4.774,HOLDING
2016-11-11,2,CMS,WEC,30.2102,40.7662,2.4186,1,8.6872,-0.5,8.1872,HOLDING
2016-11-14,2,CMS,WEC,30.0126,40.4917,2.0642,1,8.6717,-0.5,8.1717,HOLDING
2016-11-15,2,CMS,WEC,30.3926,41.2335,1.1104,1,7.575,-0.5,7.075,HOLDING
2016-11-16,2,CMS,WEC,30.3394,40.9071,1.735,1,8.9001,-0.5,8.4001,HOLDING
2016-11-17,2,CMS,WEC,30.2254,41.1964,0.2555,1,6.5343,-0.5,6.0343,HOLDING
2016-11-18,2,CMS,WEC,30.1874,41.1964,0.0759,1,6.2535,-0.5,5.7535,HOLDING
2016-11-21,2,CMS,WEC,30.537,41.5525,0.4573,1,6.9628,-0.5,6.4628,HOLDING
2016-11-22,2,CMS,WEC,30.803,41.9828,0.2421,1,6.6638,-0.5,6.1638,HOLDING
2016-11-23,2,CMS,WEC,30.1874,41.3374,-0.4413,1,5.5114,-0.5,5.0114,HOLDING
2016-11-25,2,CMS,WEC,30.8562,41.9606,0.4576,1,7.1742,-0.5,6.6742,HOLDING
2016-11-28,2,CMS,WEC,31.5554,43.0586,-0.128,1,6.5621,-0.5,6.0621,HOLDING
2016-11-29,2,CMS,WEC,31.7986,43.0511,1.0457,1,8.3988,-0.5,7.8988,HOLDING
2016-11-30,2,CMS,WEC,30.5674,41.5525,0.2628,1,7.1875,-0.5,6.6875,HOLDING
2016-12-01,2,CMS,WEC,30.1646,41.0852,-0.1918,1,6.6708,-0.5,6.1708,HOLDING
2016-12-02,2,CMS,WEC,30.3546,41.2781,0.0606,1,0.0,6.1181,6.1181,PERIOD_END_EXIT
2016-06-07,3,PNW,XEL,51.8896,31.114,0.0,0,0.0,0.0,0.0,HOLD_CASH
2016-06-08,3,PNW,XEL,52.2056,31.2325,0.0,0,0.0,0.0,0.0,HOLD_CASH
2016-06-09,3,PNW,XEL,53.0092,31.6251,0.0,0,0.0,0.0,0.0,HOLD_CASH
2016-06-10,3,PNW,XEL,52.707,31.6621,0.0,0,0.0,0.0,0.0,HOLD_CASH
2016-06-13,3,PNW,XEL,52.6589,31.6325,0.0,0,0.0,0.0,0.0,HOLD_CASH
2016-06-14,3,PNW,XEL,53.1741,31.946,0.0,0,0.0,0.0,0.0,HOLD_CASH
2016-06-15,3,PNW,XEL,52.707,31.6101,0.0,0,0.0,0.0,0.0,HOLD_CASH
2016-06-16,3,PNW,XEL,53.2428,31.9759,0.0,0,0.0,0.0,0.0,HOLD_CASH
2016-06-17,3,PNW,XEL,53.4283,31.9908,0.0,0,0.0,0.0,0.0,HOLD_CASH
2016-06-20,3,PNW,XEL,53.2222,31.9162,0.0,0,0.0,0.0,0.0,HOLD_CASH
2016-06-21,3,PNW,XEL,53.2359,31.9834,0.0,0,0.0,0.0,0.0,HOLD_CASH
2016-06-22,3,PNW,XEL,52.9474,31.8564,0.0,0,0.0,0.0,0.0,HOLD_CASH
2016-06-23,3,PNW,XEL,53.1054,31.8788,0.0,0,0.0,0.0,0.0,HOLD_CASH
2016-06-24,3,PNW,XEL,53.545,32.3268,0.0,0,0.0,0.0,0.0,HOLD_CASH
2016-06-27,3,PNW,XEL,54.3556,32.6403,0.0,0,0.0,0.0,0.0,HOLD_CASH
2016-06-28,3,PNW,XEL,54.3006,32.6628,0.0,0,0.0,0.0,0.0,HOLD_CASH
2016-06-29,3,PNW,XEL,54.3624,32.7374,0.0,0,0.0,0.0,0.0,HOLD_CASH
2016-06-30,3,PNW,XEL,55.6813,33.4317,0.0,0,0.0,0.0,0.0,HOLD_CASH
2016-07-01,3,PNW,XEL,55.6951,33.4317,0.0,0,0.0,0.0,0.0,HOLD_CASH
2016-07-05,3,PNW,XEL,56.7117,33.7975,2.3697,-1,0.0,-0.5,-0.5,ENTER_SHORT_A
2016-07-06,3,PNW,XEL,56.698,33.8423,1.6302,-1,0.392,-0.5,-0.108,HOLDING
2016-07-07,3,PNW,XEL,55.6058,33.0883,2.2005,-1,-0.3711,-0.5,-0.8711,HOLDING
2016-07-08,3,PNW,XEL,55.7569,33.2899,1.3084,-1,0.4538,-0.5,-0.0462,HOLDING
2016-07-11,3,PNW,XEL,55.6951,33.1555,1.817,-1,-0.2676,-0.5,-0.7676,HOLDING
2016-07-12,3,PNW,XEL,54.5685,32.4761,1.6406,-1,-0.3271,-0.5,-0.8271,HOLDING
2016-07-13,3,PNW,XEL,54.9601,32.8121,0.8196,-1,0.4321,-0.5,-0.0679,HOLDING
2016-07-14,3,PNW,XEL,54.5067,32.5582,0.6458,-1,0.553,-0.5,0.053,HOLDING
2016-07-15,3,PNW,XEL,54.6304,32.6628,0.3799,-1,0.7811,-0.5,0.2811,HOLDING
2016-07-18,3,PNW,XEL,54.8227,32.7374,0.6275,-1,0.4854,-0.5,-0.0146,HOLDING
2016-07-19,3,PNW,XEL,54.7334,32.6926,0.5198,-1,0.5477,-0.5,0.0477,HOLDING
2016-07-20,3,PNW,XEL,54.3693,32.5582,-0.1029,-1,1.1585,-0.5,0.6585,HOLDING
2016-07-21,3,PNW,XEL,54.7196,32.7598,-0.1068,-1,1.1054,-0.5,0.6054,HOLDING
2016-07-22,3,PNW,XEL,55.3585,33.0883,0.2395,-1,0.7191,-0.5,0.2191,HOLDING
2016-07-25,3,PNW,XEL,55.276,33.0286,0.2231,-1,0.6406,-0.5,0.1406,HOLDING
2016-07-26,3,PNW,XEL,54.596,32.6926,-0.4554,-1,1.1533,-0.5,0.6533,HOLDING
2016-07-27,3,PNW,XEL,54.0327,32.4761,-1.6162,-1,2.0349,-0.5,1.5349,HOLDING
2016-07-28,3,PNW,XEL,54.3478,32.6702,-1.7911,-1,2.0819,-0.5,1.5819,HOLDING
2016-07-29,3,PNW,XEL,54.6109,32.8344,-1.7626,-1,2.137,-0.5,1.637,HOLDING
2016-08-01,3,PNW,XEL,55.0471,32.8046,0.9156,-1,-0.0069,-0.5,-0.5069,HOLDING
2016-08-02,3,PNW,XEL,54.5486,32.6403,-0.3293,-1,0.9759,-0.5,0.4759,HOLDING
2016-08-03,3,PNW,XEL,54.1124,32.2223,1.1771,-1,-0.1938,-0.5,-0.6938,HOLDING
2016-08-04,3,PNW,XEL,54.1124,32.3342,0.1577,-1,0.6346,-0.5,0.1346,HOLDING
2016-08-05,3,PNW,XEL,53.4338,31.8564,0.8755,-1,0.0916,-0.5,-0.4084,HOLDING
2016-08-08,3,PNW,XEL,53.5169,31.7818,1.9769,-1,-0.8271,-0.5,-1.3271,HOLDING
2016-08-09,3,PNW,XEL,53.6207,31.8415,1.8561,-1,-0.843,-0.5,-1.343,HOLDING
2016-08-10,3,PNW,XEL,53.7246,31.8714,1.8525,-1,-1.0799,-0.5,-1.5799,HOLDING
2016-08-11,3,PNW,XEL,53.8008,31.8863,1.8084,-1,-1.3052,-0.5,-1.8052,HOLDING
2016-08-12,3,PNW,XEL,53.9531,31.9535,1.7124,-1,-1.4799,-0.5,-1.9799,HOLDING
2016-08-15,3,PNW,XEL,52.9353,31.4458,0.9712,-1,-0.748,-0.5,-1.248,HOLDING
2016-08-16,3,PNW,XEL,52.3052,31.0875,0.7967,-1,-0.6213,-0.5,-1.1213,HOLDING
2016-08-17,3,PNW,XEL,53.0114,31.6026,0.1233,-1,0.076,-0.5,-0.424,HOLDING
2016-08-18,3,PNW,XEL,53.7938,32.0729,0.055,-1,0.1059,-0.5,-0.3941,HOLDING
2016-08-19,3,PNW,XEL,53.0737,31.6698,-0.1416,-1,0.2983,-0.5,-0.2017,HOLDING
2016-08-22,3,PNW,XEL,53.3922,31.7892,0.3003,-1,-0.2223,-0.5,-0.7223,HOLDING
2016-08-23,3,PNW,XEL,53.2122,31.4981,1.3927,-1,-1.5825,-0.5,-2.0825,HOLDING
2016-08-24,3,PNW,XEL,53.0807,31.5055,0.7524,-1,-0.9473,-0.5,-1.4473,HOLDING
2016-08-25,3,PNW,XEL,53.1292,31.5653,0.4546,-1,-0.7193,-0.5,-1.2193,HOLDING
2016-08-26,3,PNW,XEL,51.8135,30.9008,-0.8281,-1,0.1654,-0.5,-0.3346,HOLDING
2016-08-29,3,PNW,XEL,52.2082,31.1323,-0.7696,-1,0.1374,-0.5,-0.3626,HOLDING
2016-08-30,3,PNW,XEL,51.675,30.7515,-0.2064,-1,-0.3287,-0.5,-0.8287,HOLDING
2016-08-31,3,PNW,XEL,51.959,30.8784,0.2617,-1,-0.6413,-0.5,-1.1413,HOLDING
2016-09-01,3,PNW,XEL,51.7997,30.8112,-0.1703,-1,-0.4362,-0.5,-0.9362,HOLDING
2016-09-02,3,PNW,XEL,52.6721,31.1397,1.9732,-1,-1.8524,-0.5,-2.3524,HOLDING
2016-09-06,3,PNW,XEL,53.3715,31.5055,2.111,-1,-2.2292,-0.5,-2.7292,HOLDING
2016-09-07,3,PNW,XEL,53.2815,31.6399,0.1718,-1,-0.8384,-0.5,-1.3384,HOLDING
2016-09-08,3,PNW,XEL,53.2122,31.6325,-0.1427,-1,-0.5884,-0.5,-1.0884,HOLDING
2016-09-09,3,PNW,XEL,51.2042,30.4454,-0.1645,-1,-0.5171,-0.5,-1.0171,HOLDING
2016-09-12,3,PNW,XEL,52.0974,30.9232,0.4639,-1,-0.9204,-0.5,-1.4204,HOLDING
2016-09-13,3,PNW,XEL,51.5227,30.5619,0.6596,-1,-1.0596,-0.5,-1.5596,HOLDING
2016-09-14,3,PNW,XEL,51.6335,30.6823,0.0461,-1,-0.6572,-0.5,-1.1572,HOLDING
2016-09-15,3,PNW,XEL,52.1597,30.7576,2.1982,-1,-2.42,-0.5,-2.92,HOLDING
2016-09-16,3,PNW,XEL,52.8245,31.0136,2.6597,-1,-3.4572,-0.5,-3.9572,HOLDING
2016-09-19,3,PNW,XEL,53.233,31.3749,1.5303,-1,-2.5853,-0.5,-3.0853,HOLDING
2016-09-20,3,PNW,XEL,53.1984,31.2544,1.9434,-1,-3.3237,-0.5,-3.8237,HOLDING
2016-09-21,3,PNW,XEL,54.2232,32.0298,0.7296,-1,-2.1061,-0.5,-2.6061,HOLDING
2016-09-22,3,PNW,XEL,54.7632,32.2932,1.0029,-1,-2.5379,-0.5,-3.0379,HOLDING
2016-09-23,3,PNW,XEL,54.971,32.4212,0.8793,-1,-2.5071,-0.5,-3.0071,HOLDING
2016-09-26,3,PNW,XEL,54.964,32.4438,0.6324,-1,-2.3096,-0.5,-2.8096,HOLDING
2016-09-27,3,PNW,XEL,54.3616,31.8943,1.7417,-1,-3.7186,-0.5,-4.2186,HOLDING
2016-09-28,3,PNW,XEL,53.9185,31.8039,0.5266,-1,-2.4334,-0.5,-2.9334,HOLDING
2016-09-29,3,PNW,XEL,53.1499,31.4727,-0.3904,-1,-1.4951,-0.5,-1.9951,HOLDING
2016-09-30,3,PNW,XEL,52.6167,30.9684,0.9154,-1,-2.8755,-0.5,-3.3755,HOLDING
2016-10-03,3,PNW,XEL,51.9174,30.5468,0.9144,-1,-2.9109,-0.5,-3.4109,HOLDING
2016-10-04,3,PNW,XEL,50.5464,29.8016,0.4186,-1,-2.3797,-0.5,-2.8797,HOLDING
2016-10-05,3,PNW,XEL,50.4149,29.7414,0.2165,-1,-2.2452,-0.5,-2.7452,HOLDING
2016-10-06,3,PNW,XEL,50.5257,29.8242,-0.0112,-1,-2.1211,-0.5,-2.6211,HOLDING
2016-10-07,3,PNW,XEL,50.3318,29.8167,-1.0839,-1,-1.322,-0.5,-1.822,HOLDING
2016-10-10,3,PNW,XEL,51.0865,30.0274,1.0523,-1,-3.0901,-0.5,-3.5901,HOLDING
2016-10-11,3,PNW,XEL,50.4772,29.6962,0.707,-1,-2.8539,-0.5,-3.3539,HOLDING
2016-10-12,3,PNW,XEL,50.9688,29.8995,1.6207,-1,-3.5177,-0.5,-4.0177,HOLDING
2016-10-13,3,PNW,XEL,51.4535,30.3662,-0.5603,-1,-2.202,-0.5,-2.702,HOLDING
2016-10-14,3,PNW,XEL,51.0034,30.1479,-1.0286,-1,-1.8328,-0.5,-2.3328,HOLDING
2016-10-17,3,PNW,XEL,51.405,30.3662,-0.7424,-1,-1.9884,-0.5,-2.4884,HOLDING
2016-10-18,3,PNW,XEL,52.0143,30.5167,1.6628,-1,-3.5609,-0.5,-4.0609,HOLDING
2016-10-19,3,PNW,XEL,51.9035,30.3511,2.271,-1,-4.2976,-0.5,-4.7976,HOLDING
2016-10-20,3,PNW,XEL,51.7581,30.4038,0.8304,-1,-3.2668,-0.5,-3.7668,HOLDING
2016-10-21,3,PNW,XEL,51.2942,30.0726,1.264,-1,-3.6717,-0.5,-4.1717,HOLDING
2016-10-24,3,PNW,XEL,51.7581,30.2608,1.762,-1,-4.3247,-0.5,-4.8247,HOLDING
2016-10-25,3,PNW,XEL,52.0697,30.4716,1.4259,-1,-4.1391,-0.5,-4.6391,HOLDING
2016-10-26,3,PNW,XEL,52.042,30.5619,0.4944,-1,-3.3489,-0.5,-3.8489,HOLDING
2016-10-27,3,PNW,XEL,51.8481,30.4415,0.4734,-1,-3.3851,-0.5,-3.8851,HOLDING
2016-10-28,3,PNW,XEL,52.1101,30.6221,0.2153,-1,-3.2034,-0.5,-3.7034,HOLDING
2016-10-31,3,PNW,XEL,53.1789,31.277,-0.0215,-1,-3.0706,-0.5,-3.5706,HOLDING
2016-11-01,3,PNW,XEL,52.2428,30.7576,-0.3173,-1,-2.7863,-0.5,-3.2863,HOLDING
2016-11-02,3,PNW,XEL,52.0472,30.4565,1.2064,-1,-4.1514,-0.5,-4.6514,HOLDING
2016-11-03,3,PNW,XEL,51.8447,30.5769,-0.911,-1,-2.3675,-0.5,-2.8675,HOLDING
2016-11-04,3,PNW,XEL,51.7678,30.3812,0.341,-1,-3.4764,-0.5,-3.9764,HOLDING
2016-11-07,3,PNW,XEL,52.4245,30.9759,-1.5649,-1,-1.9722,-0.5,-2.4722,HOLDING
2016-11-08,3,PNW,XEL,52.9064,31.2544,-1.3733,-1,-2.0367,-0.5,-2.5367,HOLDING
2016-11-09,3,PNW,XEL,51.677,29.7941,3.2644,-1,-7.4193,-0.5,-7.9193,HOLDING
2016-11-10,3,PNW,XEL,50.8667,29.1166,3.0423,-1,-8.8587,-0.5,-9.3587,HOLDING
2016-11-11,3,PNW,XEL,51.2998,29.237,2.6826,-1,-9.877,-0.5,-10.377,HOLDING
2016-11-14,3,PNW,XEL,51.0483,28.9886,2.4054,-1,-10.6059,-0.5,-11.1059,HOLDING
2016-11-15,3,PNW,XEL,51.7329,29.5457,1.667,-1,-9.5031,-0.5,-10.0031,HOLDING
2016-11-16,3,PNW,XEL,51.5164,29.365,1.5947,-1,-9.8849,-0.5,-10.3849,HOLDING
2016-11-17,3,PNW,XEL,51.5164,29.3575,1.4294,-1,-9.9406,-0.5,-10.4406,HOLDING
2016-11-18,3,PNW,XEL,51.1741,29.2596,1.0842,-1,-9.1557,-0.5,-9.6557,HOLDING
2016-11-21,3,PNW,XEL,51.7609,29.6134,0.9494,-1,-9.1252,-0.5,-9.6252,HOLDING
2016-11-22,3,PNW,XEL,52.4314,29.5758,1.6398,-1,-12.3597,-0.5,-12.8597,HOLDING
2016-11-23,3,PNW,XEL,51.663,29.1843,1.3811,-1,-11.8679,-0.5,-12.3679,HOLDING
2016-11-25,3,PNW,XEL,52.627,29.7489,1.206,-1,-11.9412,-0.5,-12.4412,HOLDING
2016-11-28,3,PNW,XEL,53.5281,30.3511,0.9303,-1,-11.4591,-0.5,-11.9591,HOLDING
2016-11-29,3,PNW,XEL,53.563,30.4791,0.6447,-1,-10.6664,-0.5,-11.1664,HOLDING
2016-11-30,3,PNW,XEL,51.6421,29.365,0.6117,-1,-10.4392,-0.5,-10.9392,HOLDING
2016-12-01,3,PNW,XEL,51.0833,29.0112,0.6146,-1,-10.5928,-0.5,-11.0928,HOLDING
2016-12-02,3,PNW,XEL,51.3697,29.1618,0.5695,-1,0.0,-11.6839,-11.6839,PERIOD_END_EXIT
2016-06-07,4,CMS,XEL,31.8984,31.114,0.0,0,0.0,0.0,0.0,HOLD_CASH
2016-06-08,4,CMS,XEL,32.0857,31.2325,0.0,0,0.0,0.0,0.0,HOLD_CASH
2016-06-09,4,CMS,XEL,32.5052,31.6251,0.0,0,0.0,0.0,0.0,HOLD_CASH
2016-06-10,4,CMS,XEL,32.4452,31.6621,0.0,0,0.0,0.0,0.0,HOLD_CASH
2016-06-13,4,CMS,XEL,32.4452,31.6325,0.0,0,0.0,0.0,0.0,HOLD_CASH
2016-06-14,4,CMS,XEL,32.8423,31.946,0.0,0,0.0,0.0,0.0,HOLD_CASH
2016-06-15,4,CMS,XEL,32.5277,31.6101,0.0,0,0.0,0.0,0.0,HOLD_CASH
2016-06-16,4,CMS,XEL,32.7449,31.9759,0.0,0,0.0,0.0,0.0,HOLD_CASH
2016-06-17,4,CMS,XEL,32.8273,31.9908,0.0,0,0.0,0.0,0.0,HOLD_CASH
2016-06-20,4,CMS,XEL,32.6325,31.9162,0.0,0,0.0,0.0,0.0,HOLD_CASH
2016-06-21,4,CMS,XEL,32.7449,31.9834,0.0,0,0.0,0.0,0.0,HOLD_CASH
2016-06-22,4,CMS,XEL,32.7,31.8564,0.0,0,0.0,0.0,0.0,HOLD_CASH
2016-06-23,4,CMS,XEL,32.655,31.8788,0.0,0,0.0,0.0,0.0,HOLD_CASH
2016-06-24,4,CMS,XEL,33.2318,32.3268,0.0,0,0.0,0.0,0.0,HOLD_CASH
2016-06-27,4,CMS,XEL,33.6663,32.6403,0.0,0,0.0,0.0,0.0,HOLD_CASH
2016-06-28,4,CMS,XEL,33.6963,32.6628,0.0,0,0.0,0.0,0.0,HOLD_CASH
2016-06-29,4,CMS,XEL,33.5914,32.7374,0.0,0,0.0,0.0,0.0,HOLD_CASH
2016-06-30,4,CMS,XEL,34.3555,33.4317,0.0,0,0.0,0.0,0.0,HOLD_CASH
2016-07-01,4,CMS,XEL,34.1832,33.4317,0.0,0,0.0,0.0,0.0,HOLD_CASH
2016-07-05,4,CMS,XEL,34.5204,33.7975,-1.7362,0,0.0,0.0,0.0,HOLD_CASH
2016-07-06,4,CMS,XEL,34.5878,33.8423,-1.3737,0,0.0,0.0,0.0,HOLD_CASH
2016-07-07,4,CMS,XEL,33.9061,33.0883,-0.4059,0,0.0,0.0,0.0,HOLD_CASH
2016-07-08,4,CMS,XEL,34.0933,33.2899,-0.5437,0,0.0,0.0,0.0,HOLD_CASH
2016-07-11,4,CMS,XEL,33.996,33.1555,-0.1361,0,0.0,0.0,0.0,HOLD_CASH
2016-07-12,4,CMS,XEL,33.3966,32.4761,0.8354,0,0.0,0.0,0.0,HOLD_CASH
2016-07-13,4,CMS,XEL,33.7338,32.8121,0.7483,0,0.0,0.0,0.0,HOLD_CASH
2016-07-14,4,CMS,XEL,33.5315,32.5582,1.3179,0,0.0,0.0,0.0,HOLD_CASH
2016-07-15,4,CMS,XEL,33.5765,32.6628,0.6166,0,0.0,0.0,0.0,HOLD_CASH
2016-07-18,4,CMS,XEL,33.6589,32.7374,0.6337,0,0.0,0.0,0.0,HOLD_CASH
2016-07-19,4,CMS,XEL,33.7113,32.6926,1.4518,0,0.0,0.0,0.0,HOLD_CASH
2016-07-20,4,CMS,XEL,33.5914,32.5582,1.4521,0,0.0,0.0,0.0,HOLD_CASH
2016-07-21,4,CMS,XEL,33.7937,32.7598,1.2612,0,0.0,0.0,0.0,HOLD_CASH
2016-07-22,4,CMS,XEL,34.1158,33.0883,1.0052,0,0.0,0.0,0.0,HOLD_CASH
2016-07-25,4,CMS,XEL,34.1383,33.0286,1.5541,0,0.0,0.0,0.0,HOLD_CASH
2016-07-26,4,CMS,XEL,33.7113,32.6926,0.8949,0,0.0,0.0,0.0,HOLD_CASH
2016-07-27,4,CMS,XEL,33.4716,32.4761,0.7794,0,0.0,0.0,0.0,HOLD_CASH
2016-07-28,4,CMS,XEL,33.7038,32.6702,0.9573,0,0.0,0.0,0.0,HOLD_CASH
2016-07-29,4,CMS,XEL,33.8461,32.8344,0.6803,0,0.0,0.0,0.0,HOLD_CASH
2016-08-01,4,CMS,XEL,33.8237,32.8046,0.6722,0,0.0,0.0,0.0,HOLD_CASH
2016-08-02,4,CMS,XEL,33.7338,32.6403,1.3092,0,0.0,0.0,0.0,HOLD_CASH
2016-08-03,4,CMS,XEL,33.2887,32.2223,1.1552,0,0.0,0.0,0.0,HOLD_CASH
2016-08-04,4,CMS,XEL,33.432,32.3342,1.3649,0,0.0,0.0,0.0,HOLD_CASH
2016-08-05,4,CMS,XEL,32.9568,31.8564,1.5554,0,0.0,0.0,0.0,HOLD_CASH
2016-08-08,4,CMS,XEL,32.8512,31.7818,1.1563,0,0.0,0.0,0.0,HOLD_CASH
2016-08-09,4,CMS,XEL,32.9266,31.8415,1.2451,0,0.0,0.0,0.0,HOLD_CASH
2016-08-10,4,CMS,XEL,33.0021,31.8714,1.7487,0,0.0,0.0,0.0,HOLD_CASH
2016-08-11,4,CMS,XEL,32.9794,31.8863,1.0485,0,0.0,0.0,0.0,HOLD_CASH
2016-08-12,4,CMS,XEL,33.085,31.9535,1.5191,0,0.0,0.0,0.0,HOLD_CASH
2016-08-15,4,CMS,XEL,32.4439,31.4458,-0.603,0,0.0,0.0,0.0,HOLD_CASH
2016-08-16,4,CMS,XEL,31.9083,31.0875,-2.8675,1,0.0,-0.5,-0.5,ENTER_LONG_A
2016-08-17,4,CMS,XEL,32.4589,31.6026,-2.1142,1,0.1716,-0.5,-0.3284,HOLDING
2016-08-18,4,CMS,XEL,32.8663,32.0729,-2.426,1,-0.4193,-0.5,-0.9193,HOLDING
2016-08-19,4,CMS,XEL,32.4816,31.6698,-1.8343,1,-0.1915,-0.5,-0.6915,HOLDING
2016-08-22,4,CMS,XEL,32.5721,31.7892,-1.8293,1,-0.4429,-0.5,-0.9429,HOLDING
2016-08-23,4,CMS,XEL,32.3005,31.4981,-1.4241,1,-0.2289,-0.5,-0.7289,HOLDING
2016-08-24,4,CMS,XEL,32.3307,31.5055,-1.1343,1,-0.0526,-0.5,-0.5526,HOLDING
2016-08-25,4,CMS,XEL,32.4061,31.5653,-0.9351,1,0.0582,-0.5,-0.4418,HOLDING
2016-08-26,4,CMS,XEL,31.6443,30.9008,-1.4088,1,-0.5678,-0.5,-1.0678,HOLDING
2016-08-29,4,CMS,XEL,31.9309,31.1323,-0.9481,1,-0.183,-0.5,-0.683,HOLDING
2016-08-30,4,CMS,XEL,31.5236,30.7515,-0.9709,1,-0.3125,-0.5,-0.8125,HOLDING
2016-08-31,4,CMS,XEL,31.6593,30.8784,-0.8407,1,-0.2694,-0.5,-0.7694,HOLDING
2016-09-01,4,CMS,XEL,31.5688,30.8112,-0.9059,1,-0.4383,-0.5,-0.9383,HOLDING
2016-09-02,4,CMS,XEL,31.9158,31.1397,-0.7476,1,-0.3613,-0.5,-0.8613,HOLDING
2016-09-06,4,CMS,XEL,32.2854,31.5055,-0.7082,1,-0.4072,-0.5,-0.9072,HOLDING
2016-09-07,4,CMS,XEL,32.3156,31.6399,-1.4232,1,-1.2515,-0.5,-1.7515,HOLDING
2016-09-08,4,CMS,XEL,32.3835,31.6325,-0.7617,1,-0.6595,-0.5,-1.1595,HOLDING
2016-09-09,4,CMS,XEL,31.1615,30.4454,-0.7809,1,-0.6879,-0.5,-1.1879,HOLDING
2016-09-12,4,CMS,XEL,31.5764,30.9232,-1.8462,1,-1.2797,-0.5,-1.7797,HOLDING
2016-09-13,4,CMS,XEL,31.2294,30.5619,-1.6848,1,-1.0927,-0.5,-1.5927,HOLDING
2016-09-14,4,CMS,XEL,31.4406,30.6823,0.1003,1,-0.4064,-0.5,-0.9064,HOLDING
2016-09-15,4,CMS,XEL,31.5915,30.7576,1.5859,1,0.1702,-0.5,-0.3298,HOLDING
2016-09-16,4,CMS,XEL,31.9309,31.0136,2.4312,1,0.7716,-0.5,0.2716,HOLDING
2016-09-19,4,CMS,XEL,32.293,31.3749,1.9463,1,0.7028,-0.5,0.2028,HOLDING
2016-09-20,4,CMS,XEL,32.21,31.2544,2.0941,1,1.0212,-0.5,0.5212,HOLDING
2016-09-21,4,CMS,XEL,32.8889,32.0298,0.5816,1,0.1052,-0.5,-0.3948,HOLDING
2016-09-22,4,CMS,XEL,33.0096,32.2932,-1.1236,1,-1.068,-0.5,-1.568,HOLDING
2016-09-23,4,CMS,XEL,33.0926,32.4212,-1.4867,1,-1.4469,-0.5,-1.9469,HOLDING
2016-09-26,4,CMS,XEL,33.2057,32.4438,-0.475,1,-0.7419,-0.5,-1.2419,HOLDING
2016-09-27,4,CMS,XEL,32.6324,31.8943,-0.5491,1,-0.8147,-0.5,-1.3147,HOLDING
2016-09-28,4,CMS,XEL,32.4363,31.8039,-1.5132,1,-1.6248,-0.5,-2.1248,HOLDING
2016-09-29,4,CMS,XEL,31.9158,31.4727,-2.5949,1,-3.0393,-0.5,-3.5393,HOLDING
2016-09-30,4,CMS,XEL,31.6895,30.9684,-0.1351,1,-0.7565,-0.5,-1.2565,HOLDING
2016-10-03,4,CMS,XEL,31.2294,30.5468,-0.3497,1,-0.9716,-0.5,-1.4716,HOLDING
2016-10-04,4,CMS,XEL,30.5203,29.8016,0.1267,1,-0.5342,-0.5,-1.0342,HOLDING
2016-10-05,4,CMS,XEL,30.46,29.7414,0.1023,1,-0.5227,-0.5,-1.0227,HOLDING
2016-10-06,4,CMS,XEL,30.5128,29.8242,-0.1753,1,-0.7749,-0.5,-1.2749,HOLDING
2016-10-07,4,CMS,XEL,30.3694,29.8167,-1.2654,1,-1.8373,-0.5,-2.3373,HOLDING
2016-10-10,4,CMS,XEL,30.6334,30.0274,-0.8257,1,-1.4638,-0.5,-1.9638,HOLDING
2016-10-11,4,CMS,XEL,30.2563,29.6962,-1.0904,1,-1.7552,-0.5,-2.2552,HOLDING
2016-10-12,4,CMS,XEL,30.4826,29.8995,-0.8534,1,-1.6166,-0.5,-2.1166,HOLDING
2016-10-13,4,CMS,XEL,30.8145,30.3662,-1.738,1,-2.7696,-0.5,-3.2696,HOLDING
2016-10-14,4,CMS,XEL,30.7013,30.1479,-0.8407,1,-1.9004,-0.5,-2.4004,HOLDING
2016-10-17,4,CMS,XEL,30.9578,30.3662,-0.4952,1,-1.6465,-0.5,-2.1465,HOLDING
2016-10-18,4,CMS,XEL,31.2445,30.5167,0.8726,1,-0.6113,-0.5,-1.1113,HOLDING
2016-10-19,4,CMS,XEL,31.1992,30.3511,2.0508,1,0.3659,-0.5,-0.1341,HOLDING
2016-10-20,4,CMS,XEL,31.1917,30.4038,1.3236,1,-0.1169,-0.5,-0.6169,HOLDING
2016-10-21,4,CMS,XEL,31.0483,30.0726,2.4584,1,1.4236,-0.5,0.9236,HOLDING
2016-10-24,4,CMS,XEL,31.2143,30.2608,1.9235,1,1.2105,-0.5,0.7105,HOLDING
2016-10-25,4,CMS,XEL,31.3878,30.4716,1.4596,1,0.8747,-0.5,0.3747,HOLDING
2016-10-26,4,CMS,XEL,31.418,30.5619,0.9609,1,0.3848,-0.5,-0.1152,HOLDING
2016-10-27,4,CMS,XEL,31.1992,30.4415,0.281,1,-0.3607,-0.5,-0.8607,HOLDING
2016-10-28,4,CMS,XEL,31.154,30.6221,-1.1934,1,-2.168,-0.5,-2.668,HOLDING
2016-10-31,4,CMS,XEL,31.7951,31.277,-1.2423,1,-2.4109,-0.5,-2.9109,HOLDING
2016-11-01,4,CMS,XEL,31.3274,30.7576,-0.7938,1,-1.8984,-0.5,-2.3984,HOLDING
2016-11-02,4,CMS,XEL,31.0614,30.4565,-0.4955,1,-1.5611,-0.5,-2.0611,HOLDING
2016-11-03,4,CMS,XEL,31.2818,30.5769,0.1102,1,-0.8027,-0.5,-1.3027,HOLDING
2016-11-04,4,CMS,XEL,30.993,30.3812,-0.4625,1,-1.4916,-0.5,-1.9916,HOLDING
2016-11-07,4,CMS,XEL,31.6998,30.9759,0.1267,1,-0.7362,-0.5,-1.2362,HOLDING
2016-11-08,4,CMS,XEL,31.905,31.2544,-0.3879,1,-1.3682,-0.5,-1.8682,HOLDING
2016-11-09,4,CMS,XEL,30.6586,29.7941,1.0869,1,0.6102,-0.5,0.1102,HOLDING
2016-11-10,4,CMS,XEL,30.0126,29.1166,1.3047,1,0.997,-0.5,0.497,HOLDING
2016-11-11,4,CMS,XEL,30.2102,29.237,1.5844,1,1.5766,-0.5,1.0766,HOLDING
2016-11-14,4,CMS,XEL,30.0126,28.9886,1.7109,1,2.0261,-0.5,1.5261,HOLDING
2016-11-15,4,CMS,XEL,30.3926,29.5457,0.494,1,0.5238,-0.5,0.0238,HOLDING
2016-11-16,4,CMS,XEL,30.3394,29.365,1.1951,1,1.5597,-0.5,1.0597,HOLDING
2016-11-17,4,CMS,XEL,30.2254,29.3575,0.548,1,0.727,-0.5,0.227,HOLDING
2016-11-18,4,CMS,XEL,30.1874,29.2596,0.9198,1,1.2164,-0.5,0.7164,HOLDING
2016-11-21,4,CMS,XEL,30.537,29.6134,0.8367,1,1.1102,-0.5,0.6102,HOLDING
2016-11-22,4,CMS,XEL,30.803,29.5758,2.1572,1,3.497,-0.5,2.997,HOLDING
2016-11-23,4,CMS,XEL,30.1874,29.1843,1.0356,1,1.8217,-0.5,1.3217,HOLDING
2016-11-25,4,CMS,XEL,30.8562,29.7489,1.2931,1,2.5216,-0.5,2.0216,HOLDING
2016-11-28,4,CMS,XEL,31.5554,30.3511,1.4688,1,3.1571,-0.5,2.6571,HOLDING
2016-11-29,4,CMS,XEL,31.7986,30.4791,1.7598,1,4.0333,-0.5,3.5333,HOLDING
2016-11-30,4,CMS,XEL,30.5674,29.365,1.3258,1,3.3461,-0.5,2.8461,HOLDING
2016-12-01,4,CMS,XEL,30.1646,29.0112,1.0699,1,3.0353,-0.5,2.5353,HOLDING
2016-12-02,4,CMS,XEL,30.3546,29.1618,1.1238,1,0.0,2.3409,2.3409,PERIOD_END_EXIT
2016-06-07,5,JPM,MTB,50.1183,89.7315,0.0,0,0.0,0.0,0.0,HOLD_CASH
2016-06-08,5,JPM,MTB,50.2647,90.1404,0.0,0,0.0,0.0,0.0,HOLD_CASH
2016-06-09,5,JPM,MTB,49.8795,89.6406,0.0,0,0.0,0.0,0.0,HOLD_CASH
2016-06-10,5,JPM,MTB,49.1785,89.0197,0.0,0,0.0,0.0,0.0,HOLD_CASH
2016-06-13,5,JPM,MTB,48.7394,89.1256,0.0,0,0.0,0.0,0.0,HOLD_CASH
2016-06-14,5,JPM,MTB,47.8227,87.4823,0.0,0,0.0,0.0,0.0,HOLD_CASH
2016-06-15,5,JPM,MTB,47.738,88.0352,0.0,0,0.0,0.0,0.0,HOLD_CASH
2016-06-16,5,JPM,MTB,47.9305,87.9215,0.0,0,0.0,0.0,0.0,HOLD_CASH
2016-06-17,5,JPM,MTB,47.9768,88.7622,0.0,0,0.0,0.0,0.0,HOLD_CASH
2016-06-20,5,JPM,MTB,48.0461,88.9061,0.0,0,0.0,0.0,0.0,HOLD_CASH
2016-06-21,5,JPM,MTB,48.4929,89.262,0.0,0,0.0,0.0,0.0,HOLD_CASH
2016-06-22,5,JPM,MTB,48.308,88.853,0.0,0,0.0,0.0,0.0,HOLD_CASH
2016-06-23,5,JPM,MTB,49.3403,91.1931,0.0,0,0.0,0.0,0.0,HOLD_CASH
2016-06-24,5,JPM,MTB,45.9123,85.3013,0.0,0,0.0,0.0,0.0,HOLD_CASH
2016-06-27,5,JPM,MTB,44.3793,82.3782,0.0,0,0.0,0.0,0.0,HOLD_CASH
2016-06-28,5,JPM,MTB,45.8506,84.4759,0.0,0,0.0,0.0,0.0,HOLD_CASH
2016-06-29,5,JPM,MTB,47.1448,85.9375,0.0,0,0.0,0.0,0.0,HOLD_CASH
2016-06-30,5,JPM,MTB,47.8689,89.5346,0.0,0,0.0,0.0,0.0,HOLD_CASH
2016-07-01,5,JPM,MTB,47.5584,88.641,0.0,0,0.0,0.0,0.0,HOLD_CASH
2016-07-05,5,JPM,MTB,46.2308,85.4755,-0.564,0,0.0,0.0,0.0,HOLD_CASH
2016-07-06,5,JPM,MTB,46.7277,85.892,0.0038,0,0.0,0.0,0.0,HOLD_CASH
2016-07-07,5,JPM,MTB,47.0305,86.4827,0.095,0,0.0,0.0,0.0,HOLD_CASH
2016-07-08,5,JPM,MTB,48.0009,87.8004,0.9052,0,0.0,0.0,0.0,HOLD_CASH
2016-07-11,5,JPM,MTB,48.3425,88.2472,1.3565,0,0.0,0.0,0.0,HOLD_CASH
2016-07-12,5,JPM,MTB,49.0645,89.4362,1.4929,0,0.0,0.0,0.0,HOLD_CASH
2016-07-13,5,JPM,MTB,49.0334,89.3301,1.4857,0,0.0,0.0,0.0,HOLD_CASH
2016-07-14,5,JPM,MTB,49.7787,90.4661,1.5907,0,0.0,0.0,0.0,HOLD_CASH
2016-07-15,5,JPM,MTB,49.8253,90.1632,1.8447,0,0.0,0.0,0.0,HOLD_CASH
2016-07-18,5,JPM,MTB,49.6545,89.7618,1.6968,0,0.0,0.0,0.0,HOLD_CASH
2016-07-19,5,JPM,MTB,49.5769,89.9133,1.2202,0,0.0,0.0,0.0,HOLD_CASH
2016-07-20,5,JPM,MTB,49.6312,86.1874,3.3193,-1,0.0,-0.5,-0.5,ENTER_SHORT_A
2016-07-21,5,JPM,MTB,49.4449,85.3695,2.6983,-1,-1.4338,-0.5,-1.9338,HOLDING
2016-07-22,5,JPM,MTB,49.7166,86.6948,1.8784,-1,1.0416,-0.5,0.5416,HOLDING
2016-07-25,5,JPM,MTB,49.5846,85.8466,1.876,-1,-0.7539,-0.5,-1.2539,HOLDING
2016-07-26,5,JPM,MTB,49.7865,86.672,1.4656,-1,0.6237,-0.5,0.1237,HOLDING
2016-07-27,5,JPM,MTB,49.9417,87.0355,1.2744,-1,0.896,-0.5,0.396,HOLDING
2016-07-28,5,JPM,MTB,49.7632,86.9598,1.0617,-1,1.5758,-0.5,1.0758,HOLDING
2016-07-29,5,JPM,MTB,49.6623,86.7553,0.9812,-1,1.491,-0.5,0.991,HOLDING
2016-08-01,5,JPM,MTB,49.5303,85.4074,1.35,-1,-1.7541,-0.5,-2.2541,HOLDING
2016-08-02,5,JPM,MTB,49.4138,84.8167,1.3822,-1,-2.881,-0.5,-3.381,HOLDING
2016-08-03,5,JPM,MTB,50.1979,86.2556,1.2153,-1,-2.6569,-0.5,-3.1569,HOLDING
2016-08-04,5,JPM,MTB,50.1203,86.3086,1.0331,-1,-2.1121,-0.5,-2.6121,HOLDING
2016-08-05,5,JPM,MTB,51.4711,88.7546,0.8903,-1,-1.8214,-0.5,-2.3214,HOLDING
2016-08-08,5,JPM,MTB,51.3159,89.156,0.5011,-1,0.125,-0.5,-0.375,HOLDING
2016-08-09,5,JPM,MTB,51.1373,89.0272,0.3334,-1,0.651,-0.5,0.151,HOLDING
2016-08-10,5,JPM,MTB,50.6793,88.2775,0.2219,-1,0.7834,-0.5,0.2834,HOLDING
2016-08-11,5,JPM,MTB,50.819,88.4441,0.1742,-1,0.5629,-0.5,0.0629,HOLDING
2016-08-12,5,JPM,MTB,50.7103,88.0806,0.1974,-1,0.0559,-0.5,-0.4441,HOLDING
2016-08-15,5,JPM,MTB,51.0208,89.4362,-0.6842,-1,2.4237,-0.5,1.9237,HOLDING
2016-08-16,5,JPM,MTB,51.0131,88.8833,-0.6382,-1,0.8593,-0.5,0.3593,HOLDING
2016-08-17,5,JPM,MTB,51.1528,88.9591,-0.3117,-1,0.3751,-0.5,-0.1249,HOLDING
2016-08-18,5,JPM,MTB,51.1994,89.2847,-0.6907,-1,1.085,-0.5,0.585,HOLDING
2016-08-19,5,JPM,MTB,51.1295,89.103,-0.5853,-1,0.9098,-0.5,0.4098,HOLDING
2016-08-22,5,JPM,MTB,51.083,89.2696,-0.9563,-1,1.6277,-0.5,1.1277,HOLDING
2016-08-23,5,JPM,MTB,51.0597,89.368,-1.1303,-1,2.0305,-0.5,1.5305,HOLDING
2016-08-24,5,JPM,MTB,51.1994,88.7546,0.3631,-1,-0.4526,-0.5,-0.9526,HOLDING
2016-08-25,5,JPM,MTB,51.2926,88.9439,0.2572,-1,-0.3728,-0.5,-0.8728,HOLDING
2016-08-26,5,JPM,MTB,51.409,89.1332,0.2242,-1,-0.4102,-0.5,-0.9102,HOLDING
2016-08-29,5,JPM,MTB,51.9757,89.5195,1.3097,-1,-2.1446,-0.5,-2.6446,HOLDING
2016-08-30,5,JPM,MTB,52.4027,89.8547,2.0014,-1,-3.3231,-0.5,-3.8231,HOLDING
2016-08-31,5,JPM,MTB,52.4027,90.1441,1.5103,-1,-2.4834,-0.5,-2.9834,HOLDING
2016-09-01,5,JPM,MTB,52.1776,89.3747,2.0136,-1,-3.5811,-0.5,-4.0811,HOLDING
2016-09-02,5,JPM,MTB,52.395,89.39,2.2268,-1,-4.6319,-0.5,-5.1319,HOLDING
2016-09-06,5,JPM,MTB,52.3561,88.2168,2.7894,-1,-7.8394,-0.5,-8.3394,HOLDING
2016-09-07,5,JPM,MTB,52.1388,88.3691,1.8632,-1,-6.3025,-0.5,-6.8025,HOLDING
2016-09-08,5,JPM,MTB,52.2086,88.5291,1.5918,-1,-6.1904,-0.5,-6.6904,HOLDING
2016-09-09,5,JPM,MTB,51.7428,89.1995,0.1323,-1,-1.8995,-0.5,-2.3995,HOLDING
2016-09-12,5,JPM,MTB,52.0611,89.9918,-0.1253,-1,-1.2048,-0.5,-1.7048,HOLDING
2016-09-13,5,JPM,MTB,51.6497,88.4758,0.5924,-1,-3.5295,-0.5,-4.0295,HOLDING
2016-09-14,5,JPM,MTB,51.5488,88.0416,0.7795,-1,-4.2807,-0.5,-4.7807,HOLDING
2016-09-15,5,JPM,MTB,51.7351,88.1025,0.9489,-1,-5.0424,-0.5,-5.5424,HOLDING
2016-09-16,5,JPM,MTB,51.0985,87.4626,0.4101,-1,-3.6919,-0.5,-4.1919,HOLDING
2016-09-19,5,JPM,MTB,51.3857,87.6302,0.6848,-1,-4.6527,-0.5,-5.1527,HOLDING
2016-09-20,5,JPM,MTB,51.5953,87.8587,0.7574,-1,-5.0456,-0.5,-5.5456,HOLDING
2016-09-21,5,JPM,MTB,51.8903,88.1406,0.9818,-1,-5.714,-0.5,-6.214,HOLDING
2016-09-22,5,JPM,MTB,52.3173,88.7881,0.9963,-1,-5.9865,-0.5,-6.4865,HOLDING
2016-09-23,5,JPM,MTB,52.2086,89.2223,0.0259,-1,-4.1796,-0.5,-4.6796,HOLDING
2016-09-26,5,JPM,MTB,51.0674,86.9674,0.4337,-1,-4.9719,-0.5,-5.4719,HOLDING
2016-09-27,5,JPM,MTB,51.5177,88.0111,-0.1262,-1,-4.2127,-0.5,-4.7127,HOLDING
2016-09-28,5,JPM,MTB,51.7894,88.1482,0.4237,-1,-5.1837,-0.5,-5.6837,HOLDING
2016-09-29,5,JPM,MTB,50.9665,87.2569,-0.6083,-1,-3.6238,-0.5,-4.1238,HOLDING
2016-09-30,5,JPM,MTB,51.6963,88.4453,-0.5029,-1,-3.8526,-0.5,-4.3526,HOLDING
2016-10-03,5,JPM,MTB,51.6341,87.7597,0.5994,-1,-5.5284,-0.5,-6.0284,HOLDING
2016-10-04,5,JPM,MTB,52.0799,88.7348,0.3136,-1,-4.9452,-0.5,-5.4452,HOLDING
2016-10-05,5,JPM,MTB,52.9322,89.9385,0.9076,-1,-5.7471,-0.5,-6.2471,HOLDING
2016-10-06,5,JPM,MTB,53.073,90.1517,1.0053,-1,-5.8376,-0.5,-6.3376,HOLDING
2016-10-07,5,JPM,MTB,53.2607,89.7632,2.3013,-1,-7.91,-0.5,-8.41,HOLDING
2016-10-10,5,JPM,MTB,53.6751,89.809,3.0781,-1,-9.8648,-0.5,-10.3648,HOLDING
2016-10-11,5,JPM,MTB,53.4171,88.4148,3.2062,-1,-12.6089,-0.5,-13.1089,HOLDING
2016-10-12,5,JPM,MTB,53.2763,89.0243,1.7603,-1,-10.1321,-0.5,-10.6321,HOLDING
2016-10-13,5,JPM,MTB,52.9713,86.2132,3.0821,-1,-16.7497,-0.5,-17.2497,HOLDING
2016-10-14,5,JPM,MTB,52.7993,86.7465,1.9785,-1,-14.3364,-0.5,-14.8364,HOLDING
2016-10-17,5,JPM,MTB,52.5256,86.8455,1.3665,-1,-12.6704,-0.5,-13.1704,HOLDING
2016-10-18,5,JPM,MTB,52.94,87.813,1.0414,-1,-11.9517,-0.5,-12.4517,HOLDING
2016-10-19,5,JPM,MTB,53.4483,89.5118,0.3668,-1,-9.5844,-0.5,-10.0844,HOLDING
2016-10-20,5,JPM,MTB,53.378,90.5403,-0.4735,-1,-6.2468,-0.5,-6.7468,HOLDING
2016-10-21,5,JPM,MTB,53.5578,90.586,-0.327,-1,-7.0201,-0.5,-7.5201,HOLDING
2016-10-24,5,JPM,MTB,53.855,90.5936,-0.0011,-1,-8.4948,-0.5,-8.9948,HOLDING
2016-10-25,5,JPM,MTB,53.8002,90.6926,-0.1977,-1,-7.9319,-0.5,-8.4319,HOLDING
2016-10-26,5,JPM,MTB,54.0583,91.5611,-0.5581,-1,-6.7126,-0.5,-7.2126,HOLDING
2016-10-27,5,JPM,MTB,54.1365,92.9247,-1.4849,-1,-3.1511,-0.5,-3.6511,HOLDING
2016-10-28,5,JPM,MTB,54.0426,92.9933,-1.5909,-1,-2.4794,-0.5,-2.9794,HOLDING
2016-10-31,5,JPM,MTB,54.1599,93.4961,-1.6468,-1,-1.612,-0.5,-2.112,HOLDING
2016-11-01,5,JPM,MTB,53.9332,93.618,-1.7918,-1,-0.1161,-0.5,-0.6161,HOLDING
2016-11-02,5,JPM,MTB,53.7064,92.7952,-1.3973,-1,-1.3603,-0.5,-1.8603,HOLDING
2016-11-03,5,JPM,MTB,53.4718,92.4905,-1.3425,-1,-1.0625,-0.5,-1.5625,HOLDING
2016-11-04,5,JPM,MTB,52.987,92.7952,-1.7399,-1,2.2635,-0.5,1.7635,HOLDING
2016-11-07,5,JPM,MTB,54.6448,95.134,-1.2962,-1,0.6968,-0.5,0.1968,HOLDING
2016-11-08,5,JPM,MTB,54.7621,95.3244,-1.1645,-1,0.6584,-0.5,0.1584,HOLDING
2016-11-09,5,JPM,MTB,57.2801,100.2076,-1.2538,-1,2.1393,-0.5,1.6393,HOLDING
2016-11-10,5,JPM,MTB,59.9388,101.8607,0.1877,-1,-6.458,-0.5,-6.958,HOLDING
2016-11-11,5,JPM,MTB,59.97,103.6052,-0.5948,-1,-1.5553,-0.5,-2.0553,HOLDING
2016-11-14,5,JPM,MTB,62.1752,106.6143,-0.066,-1,-3.9347,-0.5,-4.4347,HOLDING
2016-11-15,5,JPM,MTB,62.0579,105.7763,0.4682,-1,-5.7746,-0.5,-6.2746,HOLDING
2016-11-16,5,JPM,MTB,60.5253,104.169,-0.1612,-1,-2.7167,-0.5,-3.2167,HOLDING
2016-11-17,5,JPM,MTB,61.0101,106.5838,-1.2353,-1,1.846,-0.5,1.346,HOLDING
2016-11-18,5,JPM,MTB,60.7677,107.6123,-1.9917,-1,6.0501,-0.5,5.5501,HOLDING
2016-11-21,5,JPM,MTB,61.0336,107.4599,-1.45,-1,4.2689,-0.5,3.7689,HOLDING
2016-11-22,5,JPM,MTB,61.4089,108.3969,-1.5369,-1,5.0962,-0.5,4.5962,HOLDING
2016-11-23,5,JPM,MTB,61.667,109.372,-1.7506,-1,6.6247,-0.5,6.1247,HOLDING
2016-11-25,5,JPM,MTB,61.6435,109.4787,-1.6297,-1,7.0525,-0.5,6.5525,HOLDING
2016-11-28,5,JPM,MTB,61.2447,107.2009,-0.4434,-1,2.4543,-0.5,1.9543,HOLDING
2016-11-29,5,JPM,MTB,61.7139,107.2542,0.1448,-1,0.2455,-0.5,-0.2545,HOLDING
2016-11-30,5,JPM,MTB,62.6913,110.2018,-0.7014,-1,3.8716,-0.5,3.3716,HOLDING
2016-12-01,5,JPM,MTB,63.9582,112.6135,-0.7531,-1,4.486,-0.5,3.986,HOLDING
2016-12-02,5,JPM,MTB,63.8096,111.9015,-0.3883,-1,0.0,2.0231,2.0231,PERIOD_END_EXIT
2016-06-07,6,FHN,NTRS,10.3484,55.6446,0.0,0,0.0,0.0,0.0,HOLD_CASH
2016-06-08,6,FHN,NTRS,10.3846,55.6983,0.0,0,0.0,0.0,0.0,HOLD_CASH
2016-06-09,6,FHN,NTRS,10.2108,55.0775,0.0,0,0.0,0.0,0.0,HOLD_CASH
2016-06-10,6,FHN,NTRS,10.0804,54.3955,0.0,0,0.0,0.0,0.0,HOLD_CASH
2016-06-13,6,FHN,NTRS,9.9066,54.1579,0.0,0,0.0,0.0,0.0,HOLD_CASH
2016-06-14,6,FHN,NTRS,9.6677,53.2076,0.0,0,0.0,0.0,0.0,HOLD_CASH
2016-06-15,6,FHN,NTRS,9.8415,53.4375,0.0,0,0.0,0.0,0.0,HOLD_CASH
2016-06-16,6,FHN,NTRS,9.7473,53.0927,0.0,0,0.0,0.0,0.0,HOLD_CASH
2016-06-17,6,FHN,NTRS,9.8197,53.0927,0.0,0,0.0,0.0,0.0,HOLD_CASH
2016-06-20,6,FHN,NTRS,9.9066,53.2536,0.0,0,0.0,0.0,0.0,HOLD_CASH
2016-06-21,6,FHN,NTRS,9.9066,53.2843,0.0,0,0.0,0.0,0.0,HOLD_CASH
2016-06-22,6,FHN,NTRS,9.8632,53.177,0.0,0,0.0,0.0,0.0,HOLD_CASH
2016-06-23,6,FHN,NTRS,10.2108,54.8246,0.0,0,0.0,0.0,0.0,HOLD_CASH
2016-06-24,6,FHN,NTRS,9.5156,50.1959,0.0,0,0.0,0.0,0.0,HOLD_CASH
2016-06-27,6,FHN,NTRS,9.0811,47.2608,0.0,0,0.0,0.0,0.0,HOLD_CASH
2016-06-28,6,FHN,NTRS,9.4794,48.7168,0.0,0,0.0,0.0,0.0,HOLD_CASH
2016-06-29,6,FHN,NTRS,9.6749,50.0196,0.0,0,0.0,0.0,0.0,HOLD_CASH
2016-06-30,6,FHN,NTRS,9.9791,50.7783,0.0,0,0.0,0.0,0.0,HOLD_CASH
2016-07-01,6,FHN,NTRS,9.8487,49.989,0.0,0,0.0,0.0,0.0,HOLD_CASH
2016-07-05,6,FHN,NTRS,9.5084,48.7015,1.4645,0,0.0,0.0,0.0,HOLD_CASH
2016-07-06,6,FHN,NTRS,9.617,48.6402,1.6952,0,0.0,0.0,0.0,HOLD_CASH
2016-07-07,6,FHN,NTRS,9.7691,48.6785,1.8905,0,0.0,0.0,0.0,HOLD_CASH
2016-07-08,6,FHN,NTRS,9.9863,49.4525,1.7945,0,0.0,0.0,0.0,HOLD_CASH
2016-07-11,6,FHN,NTRS,10.1239,49.8357,1.7087,0,0.0,0.0,0.0,HOLD_CASH
2016-07-12,6,FHN,NTRS,10.3122,50.8013,1.5047,0,0.0,0.0,0.0,HOLD_CASH
2016-07-13,6,FHN,NTRS,10.3122,50.4794,1.5157,0,0.0,0.0,0.0,HOLD_CASH
2016-07-14,6,FHN,NTRS,10.4932,51.1768,1.4503,0,0.0,0.0,0.0,HOLD_CASH
2016-07-15,6,FHN,NTRS,10.5512,51.3607,1.3675,0,0.0,0.0,0.0,HOLD_CASH
2016-07-18,6,FHN,NTRS,10.5801,51.6672,1.1713,0,0.0,0.0,0.0,HOLD_CASH
2016-07-19,6,FHN,NTRS,10.6381,51.4297,1.3219,0,0.0,0.0,0.0,HOLD_CASH
2016-07-20,6,FHN,NTRS,10.6381,50.9392,1.4586,0,0.0,0.0,0.0,HOLD_CASH
2016-07-21,6,FHN,NTRS,10.5367,51.1385,1.0065,0,0.0,0.0,0.0,HOLD_CASH
2016-07-22,6,FHN,NTRS,10.6525,51.4067,1.1387,0,0.0,0.0,0.0,HOLD_CASH
2016-07-25,6,FHN,NTRS,10.5801,51.4297,0.8216,0,0.0,0.0,0.0,HOLD_CASH
2016-07-26,6,FHN,NTRS,10.6598,52.1731,0.4801,0,0.0,0.0,0.0,HOLD_CASH
2016-07-27,6,FHN,NTRS,10.6453,52.4796,0.0888,0,0.0,0.0,0.0,HOLD_CASH
2016-07-28,6,FHN,NTRS,10.6381,51.9125,0.4877,0,0.0,0.0,0.0,HOLD_CASH
2016-07-29,6,FHN,NTRS,10.5439,51.7975,0.0456,0,0.0,0.0,0.0,HOLD_CASH
2016-08-01,6,FHN,NTRS,10.4643,51.4144,-0.0641,0,0.0,0.0,0.0,HOLD_CASH
2016-08-02,6,FHN,NTRS,10.3991,50.74,0.2961,0,0.0,0.0,0.0,HOLD_CASH
2016-08-03,6,FHN,NTRS,10.6018,51.3531,0.923,0,0.0,0.0,0.0,HOLD_CASH
2016-08-04,6,FHN,NTRS,10.6236,51.1768,1.4349,0,0.0,0.0,0.0,HOLD_CASH
2016-08-05,6,FHN,NTRS,10.9205,52.9854,0.5358,0,0.0,0.0,0.0,HOLD_CASH
2016-08-08,6,FHN,NTRS,10.8625,53.0314,-0.3037,0,0.0,0.0,0.0,HOLD_CASH
2016-08-09,6,FHN,NTRS,10.8915,53.0237,-0.0146,0,0.0,0.0,0.0,HOLD_CASH
2016-08-10,6,FHN,NTRS,10.7612,52.3876,-0.0501,0,0.0,0.0,0.0,HOLD_CASH
2016-08-11,6,FHN,NTRS,10.7829,52.5945,-0.3229,0,0.0,0.0,0.0,HOLD_CASH
2016-08-12,6,FHN,NTRS,10.8191,51.9815,1.5995,0,0.0,0.0,0.0,HOLD_CASH
2016-08-15,6,FHN,NTRS,11.0001,52.3723,2.2501,-1,0.0,-0.5,-0.5,ENTER_SHORT_A
2016-08-16,6,FHN,NTRS,10.9277,52.2497,1.5955,-1,1.0605,-0.5,0.5605,HOLDING
2016-08-17,6,FHN,NTRS,10.9132,52.357,1.2686,-1,1.9018,-0.5,1.4018,HOLDING
2016-08-18,6,FHN,NTRS,10.9567,52.3263,1.5535,-1,0.768,-0.5,0.268,HOLDING
2016-08-19,6,FHN,NTRS,10.935,52.5486,0.9007,-1,2.3226,-0.5,1.8226,HOLDING
2016-08-22,6,FHN,NTRS,10.9132,52.5945,0.5741,-1,3.0358,-0.5,2.5358,HOLDING
2016-08-23,6,FHN,NTRS,10.877,52.6252,0.1425,-1,4.0051,-0.5,3.5051,HOLDING
2016-08-24,6,FHN,NTRS,10.7974,52.403,-0.2674,-1,4.7546,-0.5,4.2546,HOLDING
2016-08-25,6,FHN,NTRS,10.8625,52.7478,-0.3589,-1,4.9195,-0.5,4.4195,HOLDING
2016-08-26,6,FHN,NTRS,10.9639,53.1463,-0.2575,-1,4.5177,-0.5,4.0177,HOLDING
2016-08-29,6,FHN,NTRS,11.0363,53.5601,-0.5208,-1,4.8473,-0.5,4.3473,HOLDING
2016-08-30,6,FHN,NTRS,11.116,54.2729,-1.3043,-1,6.439,-0.5,5.939,HOLDING
2016-08-31,6,FHN,NTRS,11.1377,54.3884,-1.2225,-1,6.497,-0.5,5.997,HOLDING
2016-09-01,6,FHN,NTRS,11.0363,54.2497,-1.7632,-1,8.1392,-0.5,7.6392,HOLDING
2016-09-02,6,FHN,NTRS,11.2101,54.4347,-0.3489,-1,5.0719,-0.5,4.5719,HOLDING
2016-09-06,6,FHN,NTRS,10.9422,53.826,-1.6918,-1,8.2557,-0.5,7.7557,HOLDING
2016-09-07,6,FHN,NTRS,11.0441,53.695,-0.4315,-1,5.3157,-0.5,4.8157,HOLDING
2016-09-08,6,FHN,NTRS,11.0441,53.8029,-0.6446,-1,5.8307,-0.5,5.3307,HOLDING
2016-09-09,6,FHN,NTRS,10.9931,53.1248,0.1833,-1,3.7514,-0.5,3.2514,HOLDING
2016-09-12,6,FHN,NTRS,11.0877,53.7181,-0.0518,-1,4.4339,-0.5,3.9339,HOLDING
2016-09-13,6,FHN,NTRS,11.015,52.9939,0.8693,-1,2.6302,-0.5,2.1302,HOLDING
2016-09-14,6,FHN,NTRS,10.9131,52.7473,0.3944,-1,3.7681,-0.5,3.2681,HOLDING
2016-09-15,6,FHN,NTRS,11.0295,53.4561,0.1036,-1,4.5062,-0.5,4.0062,HOLDING
2016-09-16,6,FHN,NTRS,10.9568,52.6703,1.4267,-1,2.4082,-0.5,1.9082,HOLDING
2016-09-19,6,FHN,NTRS,10.9931,52.7858,1.5779,-1,2.1331,-0.5,1.6331,HOLDING
2016-09-20,6,FHN,NTRS,10.9495,52.8783,0.73,-1,3.5666,-0.5,3.0666,HOLDING
2016-09-21,6,FHN,NTRS,11.015,53.2866,0.461,-1,4.0277,-0.5,3.5277,HOLDING
2016-09-22,6,FHN,NTRS,11.1314,53.4716,1.3913,-1,2.2648,-0.5,1.7648,HOLDING
2016-09-23,6,FHN,NTRS,11.0877,53.4022,0.9248,-1,2.9259,-0.5,2.4259,HOLDING
2016-09-26,6,FHN,NTRS,10.8112,51.9768,1.0864,-1,2.4051,-0.5,1.9051,HOLDING
2016-09-27,6,FHN,NTRS,10.8767,52.0462,1.5308,-1,1.248,-0.5,0.748,HOLDING
2016-09-28,6,FHN,NTRS,11.0368,52.077,2.5674,-1,-2.2426,-0.5,-2.7426,HOLDING
2016-09-29,6,FHN,NTRS,10.8622,51.3913,1.9431,-1,-1.5475,-0.5,-2.0475,HOLDING
2016-09-30,6,FHN,NTRS,11.0804,52.3852,1.8186,-1,-1.7636,-0.5,-2.2636,HOLDING
2016-10-03,6,FHN,NTRS,11.015,52.5085,0.9173,-1,0.3131,-0.5,-0.1869,HOLDING
2016-10-04,6,FHN,NTRS,11.1386,53.8029,-0.5103,-1,3.6811,-0.5,3.1811,HOLDING
2016-10-05,6,FHN,NTRS,11.4224,55.3978,-0.989,-1,4.8458,-0.5,4.3458,HOLDING
2016-10-06,6,FHN,NTRS,11.3787,55.5056,-1.612,-1,6.3528,-0.5,5.8528,HOLDING
2016-10-07,6,FHN,NTRS,11.3715,55.4363,-1.4221,-1,6.1872,-0.5,5.6872,HOLDING
2016-10-10,6,FHN,NTRS,11.4369,55.5287,-0.9699,-1,5.1403,-0.5,4.6403,HOLDING
2016-10-11,6,FHN,NTRS,11.3351,54.7583,-0.4203,-1,3.7773,-0.5,3.2773,HOLDING
2016-10-12,6,FHN,NTRS,11.2623,54.7891,-1.0855,-1,5.5779,-0.5,5.0779,HOLDING
2016-10-13,6,FHN,NTRS,10.9568,53.7874,-1.7838,-1,7.7412,-0.5,7.2412,HOLDING
2016-10-14,6,FHN,NTRS,10.7749,54.3884,-2.9711,-1,14.7437,-0.5,14.2437,HOLDING
2016-10-17,6,FHN,NTRS,10.7021,54.1419,-2.4268,-1,15.2202,-0.5,14.7202,HOLDING
2016-10-18,6,FHN,NTRS,10.7167,54.6658,-2.298,-1,17.3905,-0.5,16.8905,HOLDING
2016-10-19,6,FHN,NTRS,11.0222,54.8045,-1.0215,-1,11.1079,-0.5,10.6079,HOLDING
2016-10-20,6,FHN,NTRS,11.1023,54.6889,-0.5451,-1,8.7374,-0.5,8.2374,HOLDING
2016-10-21,6,FHN,NTRS,11.0732,54.6889,-0.6039,-1,9.3988,-0.5,8.8988,HOLDING
2016-10-24,6,FHN,NTRS,11.095,54.6889,-0.462,-1,8.9027,-0.5,8.4027,HOLDING
2016-10-25,6,FHN,NTRS,11.1241,54.1804,0.117,-1,5.8139,-0.5,5.3139,HOLDING
2016-10-26,6,FHN,NTRS,11.1314,55.0588,-0.5151,-1,9.8414,-0.5,9.3414,HOLDING
2016-10-27,6,FHN,NTRS,11.1605,55.783,-0.9457,-1,12.6373,-0.5,12.1373,HOLDING
2016-10-28,6,FHN,NTRS,11.175,55.783,-0.8134,-1,12.3066,-0.5,11.8066,HOLDING
2016-10-31,6,FHN,NTRS,11.2114,55.7984,-0.5703,-1,11.5534,-0.5,11.0534,HOLDING
2016-11-01,6,FHN,NTRS,11.2259,56.0296,-0.6701,-1,12.3261,-0.5,11.8261,HOLDING
2016-11-02,6,FHN,NTRS,10.9568,55.4902,-1.4507,-1,15.8694,-0.5,15.3694,HOLDING
2016-11-03,6,FHN,NTRS,10.964,55.7676,-1.5252,-1,17.0281,-0.5,16.5281,HOLDING
2016-11-04,6,FHN,NTRS,10.9931,55.5365,-1.0043,-1,15.2634,-0.5,14.7634,HOLDING
2016-11-07,6,FHN,NTRS,11.3278,57.0158,-0.6984,-1,14.719,-0.5,14.219,HOLDING
2016-11-08,6,FHN,NTRS,11.2623,57.0004,-0.9886,-1,16.1335,-0.5,15.6335,HOLDING
2016-11-09,6,FHN,NTRS,12.1499,59.4428,1.4659,-1,7.6201,-0.5,7.1201,HOLDING
2016-11-10,6,FHN,NTRS,12.6956,60.4984,2.6635,-1,0.2577,-0.5,-0.2423,HOLDING
2016-11-11,6,FHN,NTRS,13.0666,61.5462,2.5547,-1,-3.1732,-0.5,-3.6732,HOLDING
2016-11-14,6,FHN,NTRS,13.2485,63.8115,1.3245,-1,3.5064,-0.5,3.0064,HOLDING
2016-11-15,6,FHN,NTRS,13.2849,63.927,1.2429,-1,3.2311,-0.5,2.7311,HOLDING
2016-11-16,6,FHN,NTRS,13.0739,62.44,1.4197,-1,0.9279,-0.5,0.4279,HOLDING
2016-11-17,6,FHN,NTRS,13.3576,62.7944,1.8239,-1,-3.8289,-0.5,-4.3289,HOLDING
2016-11-18,6,FHN,NTRS,13.4377,62.7944,1.7754,-1,-5.6476,-0.5,-6.1476,HOLDING
2016-11-21,6,FHN,NTRS,13.474,63.0949,1.5034,-1,-5.0401,-0.5,-5.5401,HOLDING
2016-11-22,6,FHN,NTRS,13.5104,63.1103,1.4285,-1,-5.7931,-0.5,-6.2931,HOLDING
2016-11-23,6,FHN,NTRS,13.6123,63.1951,1.4416,-1,-7.7034,-0.5,-8.2034,HOLDING
2016-11-25,6,FHN,NTRS,13.6123,63.2952,1.2494,-1,-7.2252,-0.5,-7.7252,HOLDING
2016-11-28,6,FHN,NTRS,13.4886,62.0933,1.3783,-1,-10.1519,-0.5,-10.6519,HOLDING
2016-11-29,6,FHN,NTRS,13.6196,62.517,1.3061,-1,-11.1053,-0.5,-11.6053,HOLDING
2016-11-30,6,FHN,NTRS,13.8815,63.5931,1.2254,-1,-11.9217,-0.5,-12.4217,HOLDING
2016-12-01,6,FHN,NTRS,14.1943,66.1244,0.6883,-1,-6.948,-0.5,-7.448,HOLDING
2016-12-02,6,FHN,NTRS,14.1216,65.4199,0.7815,-1,0.0,-9.7905,-9.7905,PERIOD_END_EXIT
2016-06-07,7,GPC,MMM,73.4126,103.7237,0.0,0,0.0,0.0,0.0,HOLD_CASH
2016-06-08,7,GPC,MMM,73.5783,104.0332,0.0,0,0.0,0.0,0.0,HOLD_CASH
2016-06-09,7,GPC,MMM,73.2319,103.2502,0.0,0,0.0,0.0,0.0,HOLD_CASH
2016-06-10,7,GPC,MMM,72.682,102.2975,0.0,0,0.0,0.0,0.0,HOLD_CASH
2016-06-13,7,GPC,MMM,71.6426,101.4296,0.0,0,0.0,0.0,0.0,HOLD_CASH
2016-06-14,7,GPC,MMM,71.9891,101.7209,0.0,0,0.0,0.0,0.0,HOLD_CASH
2016-06-15,7,GPC,MMM,72.2753,101.8362,0.0,0,0.0,0.0,0.0,HOLD_CASH
2016-06-16,7,GPC,MMM,72.7498,103.1289,0.0,0,0.0,0.0,0.0,HOLD_CASH
2016-06-17,7,GPC,MMM,72.9908,102.5281,0.0,0,0.0,0.0,0.0,HOLD_CASH
2016-06-20,7,GPC,MMM,73.5181,103.9178,0.0,0,0.0,0.0,0.0,HOLD_CASH
2016-06-21,7,GPC,MMM,73.4729,104.0028,0.0,0,0.0,0.0,0.0,HOLD_CASH
2016-06-22,7,GPC,MMM,73.7742,103.9178,0.0,0,0.0,0.0,0.0,HOLD_CASH
2016-06-23,7,GPC,MMM,74.8738,105.6657,0.0,0,0.0,0.0,0.0,HOLD_CASH
2016-06-24,7,GPC,MMM,72.9457,102.6373,0.0,0,0.0,0.0,0.0,HOLD_CASH
2016-06-27,7,GPC,MMM,71.7858,101.466,0.0,0,0.0,0.0,0.0,HOLD_CASH
2016-06-28,7,GPC,MMM,73.3674,102.9225,0.0,0,0.0,0.0,0.0,HOLD_CASH
2016-06-29,7,GPC,MMM,74.7005,104.0938,0.0,0,0.0,0.0,0.0,HOLD_CASH
2016-06-30,7,GPC,MMM,76.2597,106.2786,0.0,0,0.0,0.0,0.0,HOLD_CASH
2016-07-01,7,GPC,MMM,76.93,106.5335,0.0,0,0.0,0.0,0.0,HOLD_CASH
2016-07-05,7,GPC,MMM,76.222,106.5882,1.0223,0,0.0,0.0,0.0,HOLD_CASH
2016-07-06,7,GPC,MMM,77.7735,106.3029,3.0818,-1,0.0,-0.5,-0.5,ENTER_SHORT_A
2016-07-07,7,GPC,MMM,77.5325,106.1269,2.3247,-1,0.3609,-0.5,-0.1391,HOLDING
2016-07-08,7,GPC,MMM,79.0615,107.4924,2.3446,-1,-1.3427,-0.5,-1.8427,HOLDING
2016-07-11,7,GPC,MMM,79.2648,108.0325,1.8325,-1,-0.7261,-0.5,-1.2261,HOLDING
2016-07-12,7,GPC,MMM,79.2196,108.7305,1.1928,-1,1.0607,-0.5,0.5607,HOLDING
2016-07-13,7,GPC,MMM,78.602,108.7608,0.5492,-1,3.1173,-0.5,2.6173,HOLDING
2016-07-14,7,GPC,MMM,78.2029,109.7865,-0.5112,-1,6.8125,-0.5,6.3125,HOLDING
2016-07-15,7,GPC,MMM,77.5476,110.0899,-1.3088,-1,9.6325,-0.5,9.1325,HOLDING
2016-07-18,7,GPC,MMM,76.8095,109.9139,-1.6819,-1,11.5912,-0.5,11.0912,HOLDING
2016-07-19,7,GPC,MMM,75.1223,109.9928,-2.5364,-1,17.1999,-0.5,16.6999,HOLDING
2016-07-20,7,GPC,MMM,75.3257,110.1021,-2.0806,-1,16.8031,-0.5,16.3031,HOLDING
2016-07-21,7,GPC,MMM,74.3993,109.3981,-2.0023,-1,18.1256,-0.5,17.6256,HOLDING
2016-07-22,7,GPC,MMM,75.2429,109.5073,-1.4142,-1,15.6708,-0.5,15.1708,HOLDING
2016-07-25,7,GPC,MMM,75.6722,109.0157,-0.9319,-1,13.1346,-0.5,12.6346,HOLDING
2016-07-26,7,GPC,MMM,76.0789,107.8201,-0.2806,-1,9.0155,-0.5,8.5155,HOLDING
2016-07-27,7,GPC,MMM,76.6212,108.1904,-0.1232,-1,8.1431,-0.5,7.6431,HOLDING
2016-07-28,7,GPC,MMM,77.3065,108.0144,0.2972,-1,5.526,-0.5,5.026,HOLDING
2016-07-29,7,GPC,MMM,77.0053,108.245,0.0764,-1,7.0368,-0.5,6.5368,HOLDING
2016-08-01,7,GPC,MMM,76.8095,108.2025,0.0254,-1,7.5662,-0.5,7.0662,HOLDING
2016-08-02,7,GPC,MMM,75.7475,108.245,-0.5031,-1,11.08,-0.5,10.58,HOLDING
2016-08-03,7,GPC,MMM,75.868,108.2571,-0.374,-1,10.7211,-0.5,10.2211,HOLDING
2016-08-04,7,GPC,MMM,75.9207,107.9112,-0.1403,-1,9.738,-0.5,9.238,HOLDING
2016-08-05,7,GPC,MMM,76.5986,108.3724,0.1663,-1,8.6437,-0.5,8.1437,HOLDING
2016-08-08,7,GPC,MMM,76.4178,108.3784,0.1643,-1,9.2391,-0.5,8.7391,HOLDING
2016-08-09,7,GPC,MMM,75.8831,108.2632,-0.0637,-1,10.6869,-0.5,10.1869,HOLDING
2016-08-10,7,GPC,MMM,76.2295,108.5241,0.1742,-1,10.1869,-0.5,9.6869,HOLDING
2016-08-11,7,GPC,MMM,76.8245,109.8472,-0.0628,-1,11.3857,-0.5,10.8857,HOLDING
2016-08-12,7,GPC,MMM,76.4479,109.4041,-0.0968,-1,11.5545,-0.5,11.0545,HOLDING
2016-08-15,7,GPC,MMM,77.2162,109.5801,0.4704,-1,9.4987,-0.5,8.9987,HOLDING
2016-08-16,7,GPC,MMM,76.8622,108.7851,0.5876,-1,8.7671,-0.5,8.2671,HOLDING
2016-08-17,7,GPC,MMM,77.1936,109.8415,0.0782,-1,10.1863,-0.5,9.6863,HOLDING
2016-08-18,7,GPC,MMM,77.8489,109.4202,1.1913,-1,7.0889,-0.5,6.5889,HOLDING
2016-08-19,7,GPC,MMM,78.1803,109.6828,1.4218,-1,6.6412,-0.5,6.1412,HOLDING
2016-08-22,7,GPC,MMM,77.5551,109.353,0.7076,-1,7.8752,-0.5,7.3752,HOLDING
2016-08-23,7,GPC,MMM,78.3535,109.7805,1.4526,-1,6.3142,-0.5,5.8142,HOLDING
2016-08-24,7,GPC,MMM,78.6623,109.5607,1.9389,-1,4.8046,-0.5,4.3046,HOLDING
2016-08-25,7,GPC,MMM,78.4589,109.6645,1.5152,-1,5.7024,-0.5,5.2024,HOLDING
2016-08-26,7,GPC,MMM,77.8187,109.5607,0.6423,-1,7.5162,-0.5,7.0162,HOLDING
2016-08-29,7,GPC,MMM,79.1519,110.2263,1.7626,-1,4.7962,-0.5,4.2962,HOLDING
2016-08-30,7,GPC,MMM,78.1049,110.0125,0.406,-1,7.6589,-0.5,7.1589,HOLDING
2016-08-31,7,GPC,MMM,77.4422,109.4569,-0.0572,-1,8.4826,-0.5,7.9826,HOLDING
2016-09-01,7,GPC,MMM,77.5853,109.9087,-0.3579,-1,9.0852,-0.5,8.5852,HOLDING
2016-09-02,7,GPC,MMM,77.8865,110.4156,-0.433,-1,9.3088,-0.5,8.8088,HOLDING
2016-09-06,7,GPC,MMM,76.5685,110.2018,-1.9603,-1,13.043,-0.5,12.543,HOLDING
2016-09-07,7,GPC,MMM,76.0363,109.7683,-2.0174,-1,13.7341,-0.5,13.2341,HOLDING
2016-09-08,7,GPC,MMM,75.5966,109.982,-2.2832,-1,15.6501,-0.5,15.1501,HOLDING
2016-09-09,7,GPC,MMM,73.527,107.2584,-2.1364,-1,15.8974,-0.5,15.3974,HOLDING
2016-09-12,7,GPC,MMM,74.7172,108.7607,-1.7653,-1,15.6047,-0.5,15.1047,HOLDING
2016-09-13,7,GPC,MMM,73.6104,107.521,-1.7373,-1,16.2469,-0.5,15.7469,HOLDING
2016-09-14,7,GPC,MMM,73.3375,107.2462,-1.5863,-1,16.4779,-0.5,15.9779,HOLDING
2016-09-15,7,GPC,MMM,73.4512,107.8386,-1.5988,-1,17.5055,-0.5,17.0055,HOLDING
2016-09-16,7,GPC,MMM,73.6483,106.9042,-0.8923,-1,14.6746,-0.5,14.1746,HOLDING
2016-09-19,7,GPC,MMM,74.7627,107.918,-0.526,-1,13.4765,-0.5,12.9765,HOLDING
2016-09-20,7,GPC,MMM,74.8612,108.4553,-0.6535,-1,14.4235,-0.5,13.9235,HOLDING
2016-09-21,7,GPC,MMM,75.7558,109.6706,-0.5407,-1,14.406,-0.5,13.906,HOLDING
2016-09-22,7,GPC,MMM,76.9232,109.8293,0.3362,-1,11.0266,-0.5,10.5266,HOLDING
2016-09-23,7,GPC,MMM,74.7627,108.3271,-0.4864,-1,14.4387,-0.5,13.9387,HOLDING
2016-09-26,7,GPC,MMM,74.6793,107.4477,0.0495,-1,12.6387,-0.5,12.1387,HOLDING
2016-09-27,7,GPC,MMM,76.1197,107.6615,1.4515,-1,8.5113,-0.5,8.0113,HOLDING
2016-09-28,7,GPC,MMM,76.3698,108.4492,1.2329,-1,9.5598,-0.5,9.0598,HOLDING
2016-09-29,7,GPC,MMM,75.4905,107.0935,1.3626,-1,9.1981,-0.5,8.6981,HOLDING
2016-09-30,7,GPC,MMM,76.15,107.6187,1.6459,-1,8.3132,-0.5,7.8132,HOLDING
2016-10-03,7,GPC,MMM,75.68,106.892,1.639,-1,8.1151,-0.5,7.6151,HOLDING
2016-10-04,7,GPC,MMM,74.5883,104.8402,1.7619,-1,6.7987,-0.5,6.2987,HOLDING
2016-10-05,7,GPC,MMM,74.9825,105.2737,1.6147,-1,6.5512,-0.5,6.0512,HOLDING
2016-10-06,7,GPC,MMM,75.2175,104.8157,1.8209,-1,4.7186,-0.5,4.2186,HOLDING
2016-10-07,7,GPC,MMM,74.4973,104.6264,1.1996,-1,6.5885,-0.5,6.0885,HOLDING
2016-10-10,7,GPC,MMM,74.6111,104.5104,1.227,-1,5.9501,-0.5,5.4501,HOLDING
2016-10-11,7,GPC,MMM,73.7544,103.6188,0.9503,-1,6.6069,-0.5,6.1069,HOLDING
2016-10-12,7,GPC,MMM,74.3609,103.6433,1.3287,-1,4.7149,-0.5,4.2149,HOLDING
2016-10-13,7,GPC,MMM,74.0652,103.8265,0.8994,-1,6.0961,-0.5,5.5961,HOLDING
2016-10-14,7,GPC,MMM,74.3003,104.0157,0.9124,-1,5.7858,-0.5,5.2858,HOLDING
2016-10-17,7,GPC,MMM,74.1638,103.9425,0.7462,-1,6.0522,-0.5,5.5522,HOLDING
2016-10-18,7,GPC,MMM,73.0418,103.7837,-0.4471,-1,9.2853,-0.5,8.7853,HOLDING
2016-10-19,7,GPC,MMM,69.8351,103.7593,-3.1834,-1,19.5356,-0.5,19.0356,HOLDING
2016-10-20,7,GPC,MMM,67.8565,103.7287,-3.2015,-1,25.824,-0.5,25.324,HOLDING
2016-10-21,7,GPC,MMM,68.6752,103.5089,-2.1899,-1,22.6752,-0.5,22.1752,HOLDING
2016-10-24,7,GPC,MMM,69.0012,104.5898,-2.0344,-1,24.1694,-0.5,23.6694,HOLDING
2016-10-25,7,GPC,MMM,68.5994,101.512,-1.1131,-1,18.2228,-0.5,17.7228,HOLDING
2016-10-26,7,GPC,MMM,69.0315,101.683,-0.8856,-1,17.2358,-0.5,16.7358,HOLDING
2016-10-27,7,GPC,MMM,67.5836,101.225,-1.2728,-1,20.8131,-0.5,20.3131,HOLDING
2016-10-28,7,GPC,MMM,68.1067,101.2311,-0.9452,-1,19.146,-0.5,18.646,HOLDING
2016-10-31,7,GPC,MMM,68.6752,100.9441,-0.5525,-1,16.6433,-0.5,16.1433,HOLDING
2016-11-01,7,GPC,MMM,67.4699,100.3028,-0.8072,-1,19.01,-0.5,18.51,HOLDING
2016-11-02,7,GPC,MMM,67.0454,101.2066,-1.1396,-1,22.5,-0.5,22.0,HOLDING
2016-11-03,7,GPC,MMM,66.6436,101.8784,-1.3602,-1,25.3714,-0.5,24.8714,HOLDING
2016-11-04,7,GPC,MMM,66.4616,101.6647,-1.2426,-1,25.4537,-0.5,24.9537,HOLDING
2016-11-07,7,GPC,MMM,67.1894,103.6555,-1.3442,-1,27.7962,-0.5,27.2962,HOLDING
2016-11-08,7,GPC,MMM,67.25,104.4432,-1.3875,-1,29.4538,-0.5,28.9538,HOLDING
2016-11-09,7,GPC,MMM,68.3644,104.0524,-0.7343,-1,24.9525,-0.5,24.4525,HOLDING
2016-11-10,7,GPC,MMM,70.8813,106.4279,-0.2298,-1,22.4488,-0.5,21.9488,HOLDING
2016-11-11,7,GPC,MMM,71.7303,106.9165,0.1476,-1,20.8686,-0.5,20.3686,HOLDING
2016-11-14,7,GPC,MMM,72.8902,105.5913,1.5714,-1,14.0236,-0.5,13.5236,HOLDING
2016-11-15,7,GPC,MMM,72.8371,106.4035,1.4409,-1,16.1043,-0.5,15.6043,HOLDING
2016-11-16,7,GPC,MMM,72.2837,105.7151,1.2852,-1,16.2645,-0.5,15.7645,HOLDING
2016-11-17,7,GPC,MMM,71.7152,106.1822,0.5802,-1,19.1905,-0.5,18.6905,HOLDING
2016-11-18,7,GPC,MMM,71.6773,106.299,0.4514,-1,19.5869,-0.5,19.0869,HOLDING
2016-11-21,7,GPC,MMM,72.7462,105.414,1.47,-1,14.0696,-0.5,13.5696,HOLDING
2016-11-22,7,GPC,MMM,73.6635,105.6537,1.744,-1,11.6848,-0.5,11.1848,HOLDING
2016-11-23,7,GPC,MMM,73.7696,105.8626,1.5566,-1,11.8351,-0.5,11.3351,HOLDING
2016-11-25,7,GPC,MMM,74.2169,106.6247,1.3487,-1,12.1896,-0.5,11.6896,HOLDING
2016-11-28,7,GPC,MMM,73.5725,106.0163,1.1225,-1,12.8301,-0.5,12.3301,HOLDING
2016-11-29,7,GPC,MMM,73.1935,106.1822,0.82,-1,14.4387,-0.5,13.9387,HOLDING
2016-11-30,7,GPC,MMM,72.9509,105.5492,0.853,-1,13.7298,-0.5,13.2298,HOLDING
2016-12-01,7,GPC,MMM,72.9433,106.0962,0.587,-1,15.0405,-0.5,14.5405,HOLDING
2016-12-02,7,GPC,MMM,72.587,105.9733,0.3739,-1,0.0,14.9142,14.9142,PERIOD_END_EXIT
2016-06-07,8,AEE,XEL,37.2835,31.114,0.0,0,0.0,0.0,0.0,HOLD_CASH
2016-06-08,8,AEE,XEL,37.4342,31.2325,0.0,0,0.0,0.0,0.0,HOLD_CASH
2016-06-09,8,AEE,XEL,38.3459,31.6251,0.0,0,0.0,0.0,0.0,HOLD_CASH
2016-06-10,8,AEE,XEL,38.3987,31.6621,0.0,0,0.0,0.0,0.0,HOLD_CASH
2016-06-13,8,AEE,XEL,38.248,31.6325,0.0,0,0.0,0.0,0.0,HOLD_CASH
2016-06-14,8,AEE,XEL,38.6624,31.946,0.0,0,0.0,0.0,0.0,HOLD_CASH
2016-06-15,8,AEE,XEL,38.361,31.6101,0.0,0,0.0,0.0,0.0,HOLD_CASH
2016-06-16,8,AEE,XEL,38.5795,31.9759,0.0,0,0.0,0.0,0.0,HOLD_CASH
2016-06-17,8,AEE,XEL,38.6322,31.9908,0.0,0,0.0,0.0,0.0,HOLD_CASH
2016-06-20,8,AEE,XEL,38.6925,31.9162,0.0,0,0.0,0.0,0.0,HOLD_CASH
2016-06-21,8,AEE,XEL,38.7076,31.9834,0.0,0,0.0,0.0,0.0,HOLD_CASH
2016-06-22,8,AEE,XEL,38.6247,31.8564,0.0,0,0.0,0.0,0.0,HOLD_CASH
2016-06-23,8,AEE,XEL,38.8055,31.8788,0.0,0,0.0,0.0,0.0,HOLD_CASH
2016-06-24,8,AEE,XEL,39.0241,32.3268,0.0,0,0.0,0.0,0.0,HOLD_CASH
2016-06-27,8,AEE,XEL,39.4159,32.6403,0.0,0,0.0,0.0,0.0,HOLD_CASH
2016-06-28,8,AEE,XEL,39.3933,32.6628,0.0,0,0.0,0.0,0.0,HOLD_CASH
2016-06-29,8,AEE,XEL,39.5591,32.7374,0.0,0,0.0,0.0,0.0,HOLD_CASH
2016-06-30,8,AEE,XEL,40.3728,33.4317,0.0,0,0.0,0.0,0.0,HOLD_CASH
2016-07-01,8,AEE,XEL,40.5009,33.4317,0.0,0,0.0,0.0,0.0,HOLD_CASH
2016-07-05,8,AEE,XEL,40.5085,33.7975,-1.9269,0,0.0,0.0,0.0,HOLD_CASH
2016-07-06,8,AEE,XEL,40.516,33.8423,-2.135,1,0.0,-0.5,-0.5,ENTER_LONG_A
2016-07-07,8,AEE,XEL,39.6721,33.0883,-1.8113,1,0.3629,-0.5,-0.1371,HOLDING
2016-07-08,8,AEE,XEL,40.0488,33.2899,-0.9301,1,1.1985,-0.5,0.6985,HOLDING
2016-07-11,8,AEE,XEL,39.8906,33.1555,-0.8227,1,1.2148,-0.5,0.7148,HOLDING
2016-07-12,8,AEE,XEL,39.5289,32.4761,1.6517,1,4.0019,-0.5,3.5019,HOLDING
2016-07-13,8,AEE,XEL,39.8454,32.8121,1.0875,1,3.4728,-0.5,2.9728,HOLDING
2016-07-14,8,AEE,XEL,39.3631,32.5582,0.2142,1,2.3723,-0.5,1.8723,HOLDING
2016-07-15,8,AEE,XEL,39.5666,32.6628,0.5824,1,2.8555,-0.5,2.3555,HOLDING
2016-07-18,8,AEE,XEL,39.5666,32.7374,0.0908,1,2.304,-0.5,1.804,HOLDING
2016-07-19,8,AEE,XEL,39.4385,32.6926,-0.2566,1,1.8446,-0.5,1.3446,HOLDING
2016-07-20,8,AEE,XEL,39.3405,32.5582,0.1109,1,2.2329,-0.5,1.7329,HOLDING
2016-07-21,8,AEE,XEL,39.3631,32.7598,-0.9904,1,0.8832,-0.5,0.3832,HOLDING
2016-07-22,8,AEE,XEL,39.8378,33.0883,-0.4852,1,1.3857,-0.5,0.8857,HOLDING
2016-07-25,8,AEE,XEL,39.7098,33.0286,-0.7568,1,1.0366,-0.5,0.5366,HOLDING
2016-07-26,8,AEE,XEL,39.3481,32.6926,-0.469,1,1.2866,-0.5,0.7866,HOLDING
2016-07-27,8,AEE,XEL,39.009,32.4761,-0.8652,1,0.7938,-0.5,0.2938,HOLDING
2016-07-28,8,AEE,XEL,39.2953,32.6702,-0.5083,1,1.1267,-0.5,0.6267,HOLDING
2016-07-29,8,AEE,XEL,39.5138,32.8344,-0.3504,1,1.2617,-0.5,0.7617,HOLDING
2016-08-01,8,AEE,XEL,39.5741,32.8046,0.2529,1,1.8542,-0.5,1.3542,HOLDING
2016-08-02,8,AEE,XEL,39.3104,32.6403,-0.2003,1,1.4402,-0.5,0.9402,HOLDING
2016-08-03,8,AEE,XEL,38.9186,32.2223,0.4237,1,2.1111,-0.5,1.6111,HOLDING
2016-08-04,8,AEE,XEL,39.0617,32.3342,0.4021,1,2.1671,-0.5,1.6671,HOLDING
2016-08-05,8,AEE,XEL,38.4288,31.8564,-0.0426,1,1.7913,-0.5,1.2913,HOLDING
2016-08-08,8,AEE,XEL,38.3836,31.7818,0.2401,1,2.0639,-0.5,1.5639,HOLDING
2016-08-09,8,AEE,XEL,38.3836,31.8415,-0.2017,1,1.6226,-0.5,1.1226,HOLDING
2016-08-10,8,AEE,XEL,38.4439,31.8714,0.175,1,1.7739,-0.5,1.2739,HOLDING
2016-08-11,8,AEE,XEL,38.4439,31.8863,0.033,1,1.6635,-0.5,1.1635,HOLDING
2016-08-12,8,AEE,XEL,38.4665,31.9535,-0.5896,1,1.3068,-0.5,0.8068,HOLDING
2016-08-15,8,AEE,XEL,37.9842,31.4458,1.2222,1,2.0814,-0.5,1.5814,HOLDING
2016-08-16,8,AEE,XEL,37.5397,31.0875,1.0081,1,1.9855,-0.5,1.4855,HOLDING
2016-08-17,8,AEE,XEL,38.2103,31.6026,1.6122,1,2.318,-0.5,1.818,HOLDING
2016-08-18,8,AEE,XEL,38.6925,32.0729,0.4034,1,1.8192,-0.5,1.3192,HOLDING
2016-08-19,8,AEE,XEL,38.1048,31.6698,-1.0063,1,1.1707,-0.5,0.6707,HOLDING
2016-08-22,8,AEE,XEL,38.1651,31.7892,-1.9979,1,0.6603,-0.5,0.1603,HOLDING
2016-08-23,8,AEE,XEL,37.9918,31.4981,0.2786,1,1.7419,-0.5,1.2419,HOLDING
2016-08-24,8,AEE,XEL,37.9164,31.5055,-0.9679,1,1.2218,-0.5,0.7218,HOLDING
2016-08-25,8,AEE,XEL,38.0068,31.5653,-0.7537,1,1.3385,-0.5,0.8385,HOLDING
2016-08-26,8,AEE,XEL,37.2232,30.9008,-0.5456,1,1.4114,-0.5,0.9114,HOLDING
2016-08-29,8,AEE,XEL,37.502,31.1323,-0.5007,1,1.4221,-0.5,0.9221,HOLDING
2016-08-30,8,AEE,XEL,37.1478,30.7515,1.0146,1,2.0496,-0.5,1.5496,HOLDING
2016-08-31,8,AEE,XEL,37.2383,30.8784,0.107,1,1.6699,-0.5,1.1699,HOLDING
2016-09-01,8,AEE,XEL,37.0348,30.8112,-1.592,1,0.9109,-0.5,0.4109,HOLDING
2016-09-02,8,AEE,XEL,37.4191,31.1397,-1.537,1,0.8555,-0.5,0.3555,HOLDING
2016-09-06,8,AEE,XEL,37.8789,31.5055,-1.1378,1,0.9903,-0.5,0.4903,HOLDING
2016-09-07,8,AEE,XEL,38.0157,31.6399,-1.3234,1,0.8417,-0.5,0.3417,HOLDING
2016-09-08,8,AEE,XEL,37.8865,31.6325,-2.3035,1,0.0997,-0.5,-0.4003,HOLDING
2016-09-09,8,AEE,XEL,36.5261,30.4454,-1.4186,1,0.4743,-0.5,-0.0257,HOLDING
2016-09-12,8,AEE,XEL,37.1341,30.9232,-0.9705,1,0.6963,-0.5,0.1963,HOLDING
2016-09-13,8,AEE,XEL,36.5565,30.5619,-2.1006,1,-0.1986,-0.5,-0.6986,HOLDING
2016-09-14,8,AEE,XEL,36.8529,30.6823,-0.5615,1,0.7407,-0.5,0.2407,HOLDING
2016-09-15,8,AEE,XEL,36.9745,30.7576,-0.1624,1,0.9349,-0.5,0.4349,HOLDING
2016-09-16,8,AEE,XEL,37.5293,31.0136,2.213,1,2.4676,-0.5,1.9676,HOLDING
2016-09-19,8,AEE,XEL,38.0309,31.3749,2.2774,1,2.8936,-0.5,2.3936,HOLDING
2016-09-20,8,AEE,XEL,38.0765,31.2544,2.7712,1,4.0646,-0.5,3.5646,HOLDING
2016-09-21,8,AEE,XEL,38.8669,32.0298,1.6334,1,3.2142,-0.5,2.7142,HOLDING
2016-09-22,8,AEE,XEL,39.0721,32.2932,0.9107,1,2.5342,-0.5,2.0342,HOLDING
2016-09-23,8,AEE,XEL,39.2925,32.4212,1.155,1,2.9488,-0.5,2.4488,HOLDING
2016-09-26,8,AEE,XEL,39.1253,32.4438,0.1172,1,1.7503,-0.5,1.2503,HOLDING
2016-09-27,8,AEE,XEL,38.4261,31.8943,-0.0812,1,1.4951,-0.5,0.9951,HOLDING
2016-09-28,8,AEE,XEL,38.2741,31.8039,-0.2763,1,1.2246,-0.5,0.7246,HOLDING
2016-09-29,8,AEE,XEL,37.6965,31.4727,-1.1462,1,0.1072,-0.5,-0.3928,HOLDING
2016-09-30,8,AEE,XEL,37.3773,30.9684,0.3448,1,1.8633,-0.5,1.3633,HOLDING
2016-10-03,8,AEE,XEL,36.9593,30.5468,0.7629,1,2.3981,-0.5,1.8981,HOLDING
2016-10-04,8,AEE,XEL,36.0093,29.8016,0.4471,1,2.0414,-0.5,1.5414,HOLDING
2016-10-05,8,AEE,XEL,36.2601,29.7414,1.8926,1,4.0337,-0.5,3.5337,HOLDING
2016-10-06,8,AEE,XEL,36.1689,29.8242,0.8481,1,2.8593,-0.5,2.3593,HOLDING
2016-10-07,8,AEE,XEL,36.0473,29.8167,0.2043,1,2.1646,-0.5,1.6646,HOLDING
2016-10-10,8,AEE,XEL,36.2525,30.0274,-0.1158,1,1.8737,-0.5,1.3737,HOLDING
2016-10-11,8,AEE,XEL,35.6293,29.6962,-1.478,1,0.475,-0.5,-0.025,HOLDING
2016-10-12,8,AEE,XEL,36.1689,29.8995,0.1937,1,2.3032,-0.5,1.8032,HOLDING
2016-10-13,8,AEE,XEL,36.5109,30.3662,-1.1561,1,0.9657,-0.5,0.4657,HOLDING
2016-10-14,8,AEE,XEL,36.5033,30.1479,0.3909,1,2.5316,-0.5,2.0316,HOLDING
2016-10-17,8,AEE,XEL,36.6173,30.3662,-0.4608,1,1.6223,-0.5,1.1223,HOLDING
2016-10-18,8,AEE,XEL,37.1721,30.5167,1.7924,1,3.9336,-0.5,3.4336,HOLDING
2016-10-19,8,AEE,XEL,37.0125,30.3511,1.8408,1,4.1722,-0.5,3.6722,HOLDING
2016-10-20,8,AEE,XEL,36.9517,30.4038,1.0636,1,3.4078,-0.5,2.9078,HOLDING
2016-10-21,8,AEE,XEL,36.8377,30.0726,2.1847,1,5.151,-0.5,4.651,HOLDING
2016-10-24,8,AEE,XEL,36.9745,30.2608,1.5352,1,4.6051,-0.5,4.1051,HOLDING
2016-10-25,8,AEE,XEL,37.2633,30.4716,1.4768,1,4.83,-0.5,4.33,HOLDING
2016-10-26,8,AEE,XEL,37.3165,30.5619,1.1194,1,4.4909,-0.5,3.9909,HOLDING
2016-10-27,8,AEE,XEL,37.0429,30.4415,0.5221,1,3.6924,-0.5,3.1924,HOLDING
2016-10-28,8,AEE,XEL,37.1417,30.6221,-0.07,1,2.9674,-0.5,2.4674,HOLDING
2016-10-31,8,AEE,XEL,37.9625,31.277,0.0232,1,3.1944,-0.5,2.6944,HOLDING
2016-11-01,8,AEE,XEL,37.3697,30.7576,0.1525,1,3.3734,-0.5,2.8734,HOLDING
2016-11-02,8,AEE,XEL,36.9745,30.4565,0.0509,1,3.1592,-0.5,2.6592,HOLDING
2016-11-03,8,AEE,XEL,37.2937,30.5769,0.8174,1,4.2392,-0.5,3.7392,HOLDING
2016-11-04,8,AEE,XEL,37.5141,30.3812,2.3606,1,7.0448,-0.5,6.5448,HOLDING
2016-11-07,8,AEE,XEL,38.6161,30.9759,2.7644,1,9.4517,-0.5,8.9517,HOLDING
2016-11-08,8,AEE,XEL,38.9201,31.2544,2.2381,1,9.27,-0.5,8.77,HOLDING
2016-11-09,8,AEE,XEL,37.2785,29.7941,2.2312,1,9.9284,-0.5,9.4284,HOLDING
2016-11-10,8,AEE,XEL,36.3285,29.1166,1.7469,1,9.0712,-0.5,8.5712,HOLDING
2016-11-11,8,AEE,XEL,36.3057,29.237,1.1858,1,8.0408,-0.5,7.5408,HOLDING
2016-11-14,8,AEE,XEL,36.9517,28.9886,2.6908,1,13.862,-0.5,13.362,HOLDING
2016-11-15,8,AEE,XEL,37.4457,29.5457,1.9168,1,12.7952,-0.5,12.2952,HOLDING
2016-11-16,8,AEE,XEL,36.8377,29.365,1.1175,1,10.3781,-0.5,9.8781,HOLDING
2016-11-17,8,AEE,XEL,36.8681,29.3575,1.0725,1,10.6214,-0.5,10.1214,HOLDING
2016-11-18,8,AEE,XEL,36.8453,29.2596,1.1255,1,11.2036,-0.5,10.7036,HOLDING
2016-11-21,8,AEE,XEL,37.1189,29.6134,0.7581,1,10.2782,-0.5,9.7782,HOLDING
2016-11-22,8,AEE,XEL,37.5673,29.5758,1.4075,1,13.3232,-0.5,12.8232,HOLDING
2016-11-23,8,AEE,XEL,37.2937,29.1843,1.5569,1,14.5265,-0.5,14.0265,HOLDING
2016-11-25,8,AEE,XEL,37.9929,29.7489,1.3706,1,14.6703,-0.5,14.1703,HOLDING
2016-11-28,8,AEE,XEL,38.8213,30.3511,1.3317,1,15.3334,-0.5,14.8334,HOLDING
2016-11-29,8,AEE,XEL,38.7073,30.4791,0.8439,1,13.6846,-0.5,13.1846,HOLDING
2016-11-30,8,AEE,XEL,37.3317,29.365,0.84,1,13.4264,-0.5,12.9264,HOLDING
2016-12-01,8,AEE,XEL,37.1721,29.0112,1.3258,1,15.0551,-0.5,14.5551,HOLDING
2016-12-02,8,AEE,XEL,37.7421,29.1618,1.9791,1,0.0,16.5118,16.5118,PERIOD_END_EXIT
2016-06-07,9,AEP,SO,46.6935,33.3974,0.0,0,0.0,0.0,0.0,HOLD_CASH
2016-06-08,9,AEP,SO,46.9488,33.5841,0.0,0,0.0,0.0,0.0,HOLD_CASH
2016-06-09,9,AEP,SO,47.4878,33.9108,0.0,0,0.0,0.0,0.0,HOLD_CASH
2016-06-10,9,AEP,SO,47.4098,34.0775,0.0,0,0.0,0.0,0.0,HOLD_CASH
2016-06-13,9,AEP,SO,47.1971,33.9975,0.0,0,0.0,0.0,0.0,HOLD_CASH
2016-06-14,9,AEP,SO,47.3956,34.2242,0.0,0,0.0,0.0,0.0,HOLD_CASH
2016-06-15,9,AEP,SO,46.9772,33.9241,0.0,0,0.0,0.0,0.0,HOLD_CASH
2016-06-16,9,AEP,SO,47.4311,34.0442,0.0,0,0.0,0.0,0.0,HOLD_CASH
2016-06-17,9,AEP,SO,47.6651,34.1042,0.0,0,0.0,0.0,0.0,HOLD_CASH
2016-06-20,9,AEP,SO,47.3673,33.9641,0.0,0,0.0,0.0,0.0,HOLD_CASH
2016-06-21,9,AEP,SO,47.3531,33.9375,0.0,0,0.0,0.0,0.0,HOLD_CASH
2016-06-22,9,AEP,SO,47.1616,33.9041,0.0,0,0.0,0.0,0.0,HOLD_CASH
2016-06-23,9,AEP,SO,47.2254,34.0442,0.0,0,0.0,0.0,0.0,HOLD_CASH
2016-06-24,9,AEP,SO,47.7006,34.1308,0.0,0,0.0,0.0,0.0,HOLD_CASH
2016-06-27,9,AEP,SO,48.4736,34.8042,0.0,0,0.0,0.0,0.0,HOLD_CASH
2016-06-28,9,AEP,SO,48.6793,34.8776,0.0,0,0.0,0.0,0.0,HOLD_CASH
2016-06-29,9,AEP,SO,48.736,34.8176,0.0,0,0.0,0.0,0.0,HOLD_CASH
2016-06-30,9,AEP,SO,49.7076,35.7577,0.0,0,0.0,0.0,0.0,HOLD_CASH
2016-07-01,9,AEP,SO,49.7431,35.891,0.0,0,0.0,0.0,0.0,HOLD_CASH
2016-07-05,9,AEP,SO,50.2182,36.1711,-0.8682,0,0.0,0.0,0.0,HOLD_CASH
2016-07-06,9,AEP,SO,50.5445,36.2978,0.0094,0,0.0,0.0,0.0,HOLD_CASH
2016-07-07,9,AEP,SO,49.8424,35.7777,0.1917,0,0.0,0.0,0.0,HOLD_CASH
2016-07-08,9,AEP,SO,50.1473,36.0977,-0.5622,0,0.0,0.0,0.0,HOLD_CASH
2016-07-11,9,AEP,SO,50.1402,35.8644,1.3218,0,0.0,0.0,0.0,HOLD_CASH
2016-07-12,9,AEP,SO,49.3459,35.231,1.6443,0,0.0,0.0,0.0,HOLD_CASH
2016-07-13,9,AEP,SO,49.6509,35.4243,1.6582,0,0.0,0.0,0.0,HOLD_CASH
2016-07-14,9,AEP,SO,49.2041,35.7443,-2.7988,1,0.0,-0.5,-0.5,ENTER_LONG_A
2016-07-15,9,AEP,SO,49.3885,35.7577,-1.7382,1,0.8434,-0.5,0.3434,HOLDING
2016-07-18,9,AEP,SO,49.6083,35.751,-0.6711,1,2.0072,-0.5,1.5072,HOLDING
2016-07-19,9,AEP,SO,49.4807,35.751,-1.1106,1,1.3585,-0.5,0.8585,HOLDING
2016-07-20,9,AEP,SO,49.1828,35.5577,-1.1182,1,1.1975,-0.5,0.6975,HOLDING
2016-07-21,9,AEP,SO,49.2396,35.9377,-2.3934,1,-1.1724,-0.5,-1.6724,HOLDING
2016-07-22,9,AEP,SO,49.6864,36.3644,-2.3027,1,-1.8868,-0.5,-2.3868,HOLDING
2016-07-25,9,AEP,SO,49.4807,36.3644,-2.3176,1,-2.9319,-0.5,-3.4319,HOLDING
2016-07-26,9,AEP,SO,49.4594,36.3044,-1.8462,1,-2.6202,-0.5,-3.1202,HOLDING
2016-07-27,9,AEP,SO,48.8353,35.6977,-1.2441,1,-1.5476,-0.5,-2.0476,HOLDING
2016-07-28,9,AEP,SO,48.8779,35.511,-0.513,1,-0.0256,-0.5,-0.5256,HOLDING
2016-07-29,9,AEP,SO,49.1474,35.671,-0.3535,1,0.2246,-0.5,-0.2754,HOLDING
2016-08-01,9,AEP,SO,49.1544,35.771,-0.5996,1,-0.4391,-0.5,-0.9391,HOLDING
2016-08-02,9,AEP,SO,48.9417,35.5777,-0.4288,1,-0.1675,-0.5,-0.6675,HOLDING
2016-08-03,9,AEP,SO,48.5445,35.3643,-0.5962,1,-0.6932,-0.5,-1.1932,HOLDING
2016-08-04,9,AEP,SO,48.6793,35.4443,-0.4698,1,-0.5681,-0.5,-1.0681,HOLDING
2016-08-05,9,AEP,SO,48.119,35.0976,-0.6033,1,-0.9898,-0.5,-1.4898,HOLDING
2016-08-08,9,AEP,SO,48.0189,35.131,-0.8841,1,-1.7317,-0.5,-2.2317,HOLDING
2016-08-09,9,AEP,SO,48.1905,35.231,-0.7399,1,-1.5592,-0.5,-2.0592,HOLDING
2016-08-10,9,AEP,SO,48.3121,35.2576,-0.4233,1,-1.1282,-0.5,-1.6282,HOLDING
2016-08-11,9,AEP,SO,48.4265,35.2576,0.0513,1,-0.5468,-0.5,-1.0468,HOLDING
2016-08-12,9,AEP,SO,48.305,35.2779,-0.4738,1,-1.3058,-0.5,-1.8058,HOLDING
2016-08-15,9,AEP,SO,47.5684,34.6983,-0.1344,1,-0.9947,-0.5,-1.4947,HOLDING
2016-08-16,9,AEP,SO,46.9677,34.3411,-0.6135,1,-1.5487,-0.5,-2.0487,HOLDING
2016-08-17,9,AEP,SO,47.5541,34.6848,0.1687,1,-0.9732,-0.5,-1.4732,HOLDING
2016-08-18,9,AEP,SO,48.1977,35.2509,-0.6477,1,-1.6624,-0.5,-2.1624,HOLDING
2016-08-19,9,AEP,SO,47.4611,35.015,-2.5914,1,-3.7549,-0.5,-4.2549,HOLDING
2016-08-22,9,AEP,SO,47.5684,35.042,-2.071,1,-3.3985,-0.5,-3.8985,HOLDING
2016-08-23,9,AEP,SO,47.3968,34.8466,-1.5427,1,-2.9037,-0.5,-3.4037,HOLDING
2016-08-24,9,AEP,SO,47.4397,34.9005,-1.5124,1,-3.0627,-0.5,-3.5627,HOLDING
2016-08-25,9,AEP,SO,47.4611,34.9476,-1.5176,1,-3.2836,-0.5,-3.7836,HOLDING
2016-08-26,9,AEP,SO,46.2598,34.4018,-2.7273,1,-5.5699,-0.5,-6.0699,HOLDING
2016-08-29,9,AEP,SO,46.6102,34.5972,-2.0214,1,-5.1565,-0.5,-5.6565,HOLDING
2016-08-30,9,AEP,SO,45.9952,34.3411,-2.3585,1,-6.4901,-0.5,-6.9901,HOLDING
2016-08-31,9,AEP,SO,46.174,34.5905,-2.271,1,-7.3256,-0.5,-7.8256,HOLDING
2016-09-01,9,AEP,SO,46.0595,34.4894,-1.8972,1,-7.2,-0.5,-7.7,HOLDING
2016-09-02,9,AEP,SO,46.6531,34.9072,-1.5938,1,-7.1066,-0.5,-7.6066,HOLDING
2016-09-06,9,AEP,SO,47.2251,35.1296,-0.9065,1,-5.7552,-0.5,-6.2552,HOLDING
2016-09-07,9,AEP,SO,47.2323,35.1902,-0.9635,1,-6.143,-0.5,-6.643,HOLDING
2016-09-08,9,AEP,SO,47.2681,35.3587,-1.2313,1,-7.1397,-0.5,-7.6397,HOLDING
2016-09-09,9,AEP,SO,45.559,34.2805,-1.6222,1,-8.2822,-0.5,-8.7822,HOLDING
2016-09-12,9,AEP,SO,46.2741,35.015,-1.8806,1,-9.7863,-0.5,-10.2863,HOLDING
2016-09-13,9,AEP,SO,45.6305,34.5433,-1.7108,1,-9.757,-0.5,-10.257,HOLDING
2016-09-14,9,AEP,SO,45.7806,34.604,-1.4225,1,-9.4182,-0.5,-9.9182,HOLDING
2016-09-15,9,AEP,SO,45.9809,34.6781,-1.1381,1,-8.9193,-0.5,-9.4193,HOLDING
2016-09-16,9,AEP,SO,46.3456,35.0218,-1.2324,1,-9.4701,-0.5,-9.9701,HOLDING
2016-09-19,9,AEP,SO,46.7818,35.3317,-1.0667,1,-9.4218,-0.5,-9.9218,HOLDING
2016-09-20,9,AEP,SO,46.4886,35.1363,-1.0432,1,-9.5446,-0.5,-10.0446,HOLDING
2016-09-21,9,AEP,SO,47.3324,35.8372,-1.1455,1,-10.1591,-0.5,-10.6591,HOLDING
2016-09-22,9,AEP,SO,47.6256,36.0393,-1.0272,1,-10.0834,-0.5,-10.5834,HOLDING
2016-09-23,9,AEP,SO,47.6685,36.073,-1.0026,1,-10.1011,-0.5,-10.6011,HOLDING
2016-09-26,9,AEP,SO,47.454,35.9248,-0.9678,1,-10.1542,-0.5,-10.6542,HOLDING
2016-09-27,9,AEP,SO,46.839,35.6081,-1.4881,1,-11.0637,-0.5,-11.5637,HOLDING
2016-09-28,9,AEP,SO,46.7389,35.5137,-1.2764,1,-10.9124,-0.5,-11.4124,HOLDING
2016-09-29,9,AEP,SO,46.1239,35.0757,-1.2631,1,-10.9735,-0.5,-11.4735,HOLDING
2016-09-30,9,AEP,SO,45.9165,34.5703,0.3265,1,-8.4923,-0.5,-8.9923,HOLDING
2016-10-03,9,AEP,SO,45.4159,34.1794,0.4573,1,-8.3019,-0.5,-8.8019,HOLDING
2016-10-04,9,AEP,SO,44.4649,33.5864,-0.0279,1,-8.9866,-0.5,-9.4866,HOLDING
2016-10-05,9,AEP,SO,44.4649,33.3708,1.613,1,-7.4783,-0.5,-7.9783,HOLDING
2016-10-06,9,AEP,SO,44.5149,33.3101,2.3526,1,-6.7998,-0.5,-7.2998,HOLDING
2016-10-07,9,AEP,SO,44.186,33.1282,1.725,1,-7.1987,-0.5,-7.6987,HOLDING
2016-10-10,9,AEP,SO,44.4863,33.5258,0.4925,1,-8.4534,-0.5,-8.9534,HOLDING
2016-10-11,9,AEP,SO,43.8642,33.2966,-1.1028,1,-10.0119,-0.5,-10.5119,HOLDING
2016-10-12,9,AEP,SO,44.3361,33.7144,-1.3562,1,-10.5361,-0.5,-11.0361,HOLDING
2016-10-13,9,AEP,SO,44.7151,34.2064,-2.1421,1,-12.0511,-0.5,-12.5511,HOLDING
2016-10-14,9,AEP,SO,44.5507,34.0716,-1.7979,1,-11.9441,-0.5,-12.4441,HOLDING
2016-10-17,9,AEP,SO,45.0298,34.1592,-0.408,1,-10.1225,-0.5,-10.6225,HOLDING
2016-10-18,9,AEP,SO,45.3158,34.4288,-0.6126,1,-10.5544,-0.5,-11.0544,HOLDING
2016-10-19,9,AEP,SO,45.1871,34.1862,0.0759,1,-9.5117,-0.5,-10.0117,HOLDING
2016-10-20,9,AEP,SO,44.9869,34.1794,-0.5832,1,-10.4819,-0.5,-10.9819,HOLDING
2016-10-21,9,AEP,SO,44.6794,34.0514,-1.0023,1,-11.1487,-0.5,-11.6487,HOLDING
2016-10-24,9,AEP,SO,45.0727,34.267,-0.5754,1,-10.6585,-0.5,-11.1585,HOLDING
2016-10-25,9,AEP,SO,45.3802,34.3479,0.0874,1,-9.662,-0.5,-10.162,HOLDING
2016-10-26,9,AEP,SO,45.4303,34.3479,0.2239,1,-9.4075,-0.5,-9.9075,HOLDING
2016-10-27,9,AEP,SO,45.1871,34.2064,-0.0097,1,-9.6531,-0.5,-10.1531,HOLDING
2016-10-28,9,AEP,SO,45.3445,34.1659,0.7525,1,-8.5709,-0.5,-9.0709,HOLDING
2016-10-31,9,AEP,SO,46.367,34.7522,1.5118,1,-7.4759,-0.5,-7.9759,HOLDING
2016-11-01,9,AEP,SO,45.323,34.0177,1.1956,1,-7.643,-0.5,-8.143,HOLDING
2016-11-02,9,AEP,SO,44.7724,33.8223,0.2889,1,-9.0738,-0.5,-9.5738,HOLDING
2016-11-03,9,AEP,SO,44.994,33.957,0.5507,1,-8.8902,-0.5,-9.3902,HOLDING
2016-11-04,9,AEP,SO,44.6222,33.7684,0.1812,1,-9.4599,-0.5,-9.9599,HOLDING
2016-11-07,9,AEP,SO,45.2229,34.112,0.7946,1,-8.8116,-0.5,-9.3116,HOLDING
2016-11-08,9,AEP,SO,45.6415,34.2064,1.7219,1,-7.3442,-0.5,-7.8442,HOLDING
2016-11-09,9,AEP,SO,44.2123,33.1686,1.3791,1,-7.3476,-0.5,-7.8476,HOLDING
2016-11-10,9,AEP,SO,43.1223,32.2858,1.5757,1,-6.7112,-0.5,-7.2112,HOLDING
2016-11-11,9,AEP,SO,43.3028,32.1982,2.3596,1,-5.1817,-0.5,-5.6817,HOLDING
2016-11-14,9,AEP,SO,42.3861,32.0971,-0.5644,1,-9.1325,-0.5,-9.6325,HOLDING
2016-11-15,9,AEP,SO,42.9202,32.5756,-0.9463,1,-9.7649,-0.5,-10.2649,HOLDING
2016-11-16,9,AEP,SO,42.581,32.6362,-2.1171,1,-11.9128,-0.5,-12.4128,HOLDING
2016-11-17,9,AEP,SO,42.4871,32.384,-1.2767,1,-10.6253,-0.5,-11.1253,HOLDING
2016-11-18,9,AEP,SO,42.1839,32.1317,-1.1957,1,-10.4014,-0.5,-10.9014,HOLDING
2016-11-21,9,AEP,SO,42.8192,32.4112,-0.3636,1,-9.129,-0.5,-9.629,HOLDING
2016-11-22,9,AEP,SO,42.7109,32.4521,-0.8577,1,-9.9652,-0.5,-10.4652,HOLDING
2016-11-23,9,AEP,SO,42.4583,32.1999,-0.5716,1,-9.4846,-0.5,-9.9846,HOLDING
2016-11-25,9,AEP,SO,43.1079,32.5749,-0.0868,1,-8.8063,-0.5,-9.3063,HOLDING
2016-11-28,9,AEP,SO,43.9597,32.9362,1.0252,1,-7.0059,-0.5,-7.5059,HOLDING
2016-11-29,9,AEP,SO,44.2267,32.9362,1.6931,1,-5.6489,-0.5,-6.1489,HOLDING
2016-11-30,9,AEP,SO,42.6243,31.9204,0.9601,1,-6.686,-0.5,-7.186,HOLDING
2016-12-01,9,AEP,SO,41.9818,31.7636,-0.3138,1,-8.8533,-0.5,-9.3533,HOLDING
2016-12-02,9,AEP,SO,42.3716,31.8795,0.3648,1,0.0,-8.6218,-8.6218,PERIOD_END_EXIT
2016-06-07,10,LIN,ORCL,95.1552,33.8141,0.0,0,0.0,0.0,0.0,HOLD_CASH
2016-06-08,10,LIN,ORCL,96.6949,33.9437,0.0,0,0.0,0.0,0.0,HOLD_CASH
2016-06-09,10,LIN,ORCL,96.4992,33.745,0.0,0,0.0,0.0,0.0,HOLD_CASH
2016-06-10,10,LIN,ORCL,96.7459,33.4771,0.0,0,0.0,0.0,0.0,HOLD_CASH
2016-06-13,10,LIN,ORCL,96.0229,33.3734,0.0,0,0.0,0.0,0.0,HOLD_CASH
2016-06-14,10,LIN,ORCL,95.6571,33.5549,0.0,0,0.0,0.0,0.0,HOLD_CASH
2016-06-15,10,LIN,ORCL,95.2743,33.2178,0.0,0,0.0,0.0,0.0,HOLD_CASH
2016-06-16,10,LIN,ORCL,95.3764,33.3907,0.0,0,0.0,0.0,0.0,HOLD_CASH
2016-06-17,10,LIN,ORCL,95.3594,34.2894,0.0,0,0.0,0.0,0.0,HOLD_CASH
2016-06-20,10,LIN,ORCL,95.8017,34.3326,0.0,0,0.0,0.0,0.0,HOLD_CASH
2016-06-21,10,LIN,ORCL,95.1467,34.5573,0.0,0,0.0,0.0,0.0,HOLD_CASH
2016-06-22,10,LIN,ORCL,96.0059,34.5745,0.0,0,0.0,0.0,0.0,HOLD_CASH
2016-06-23,10,LIN,ORCL,97.9964,35.2832,0.0,0,0.0,0.0,0.0,HOLD_CASH
2016-06-24,10,LIN,ORCL,93.8197,33.9005,0.0,0,0.0,0.0,0.0,HOLD_CASH
2016-06-27,10,LIN,ORCL,91.0295,33.2524,0.0,0,0.0,0.0,0.0,HOLD_CASH
2016-06-28,10,LIN,ORCL,92.28,33.8141,0.0,0,0.0,0.0,0.0,HOLD_CASH
2016-06-29,10,LIN,ORCL,94.1259,35.0412,0.0,0,0.0,0.0,0.0,HOLD_CASH
2016-06-30,10,LIN,ORCL,95.606,35.3696,0.0,0,0.0,0.0,0.0,HOLD_CASH
2016-07-01,10,LIN,ORCL,96.4567,35.439,0.0,0,0.0,0.0,0.0,HOLD_CASH
2016-07-05,10,LIN,ORCL,94.8319,35.04,-1.2983,0,0.0,0.0,0.0,HOLD_CASH
2016-07-06,10,LIN,ORCL,95.1297,35.1527,-1.1747,0,0.0,0.0,0.0,HOLD_CASH
2016-07-07,10,LIN,ORCL,95.1382,35.1527,-1.0583,0,0.0,0.0,0.0,HOLD_CASH
2016-07-08,10,LIN,ORCL,97.6051,35.4476,-0.277,0,0.0,0.0,0.0,HOLD_CASH
2016-07-11,10,LIN,ORCL,97.2818,35.3696,-0.2409,0,0.0,0.0,0.0,HOLD_CASH
2016-07-12,10,LIN,ORCL,99.5191,35.9247,0.2128,0,0.0,0.0,0.0,HOLD_CASH
2016-07-13,10,LIN,ORCL,99.9955,35.9594,0.5237,0,0.0,0.0,0.0,HOLD_CASH
2016-07-14,10,LIN,ORCL,100.676,36.1415,0.8282,0,0.0,0.0,0.0,HOLD_CASH
2016-07-15,10,LIN,ORCL,101.2204,36.2282,1.308,0,0.0,0.0,0.0,HOLD_CASH
2016-07-18,10,LIN,ORCL,100.9397,36.1155,1.2852,0,0.0,0.0,0.0,HOLD_CASH
2016-07-19,10,LIN,ORCL,100.5314,35.6298,1.8549,0,0.0,0.0,0.0,HOLD_CASH
2016-07-20,10,LIN,ORCL,100.6079,35.7772,1.4408,0,0.0,0.0,0.0,HOLD_CASH
2016-07-21,10,LIN,ORCL,100.106,35.6211,1.3028,0,0.0,0.0,0.0,HOLD_CASH
2016-07-22,10,LIN,ORCL,100.1231,35.6298,1.216,0,0.0,0.0,0.0,HOLD_CASH
2016-07-25,10,LIN,ORCL,100.1571,35.6992,1.0391,0,0.0,0.0,0.0,HOLD_CASH
2016-07-26,10,LIN,ORCL,100.71,35.5083,1.508,0,0.0,0.0,0.0,HOLD_CASH
2016-07-27,10,LIN,ORCL,100.6675,35.4997,1.3359,0,0.0,0.0,0.0,HOLD_CASH
2016-07-28,10,LIN,ORCL,99.6212,35.7252,0.3132,0,0.0,0.0,0.0,HOLD_CASH
2016-07-29,10,LIN,ORCL,99.1363,35.5951,0.1577,0,0.0,0.0,0.0,HOLD_CASH
2016-08-01,10,LIN,ORCL,98.5919,35.6905,-0.4529,0,0.0,0.0,0.0,HOLD_CASH
2016-08-02,10,LIN,ORCL,98.7195,35.3089,0.2988,0,0.0,0.0,0.0,HOLD_CASH
2016-08-03,10,LIN,ORCL,99.1703,35.3089,0.5877,0,0.0,0.0,0.0,HOLD_CASH
2016-08-04,10,LIN,ORCL,99.2469,35.4736,0.1204,0,0.0,0.0,0.0,HOLD_CASH
2016-08-05,10,LIN,ORCL,99.2809,35.6731,-0.6015,0,0.0,0.0,0.0,HOLD_CASH
2016-08-08,10,LIN,ORCL,99.366,35.6992,-0.7471,0,0.0,0.0,0.0,HOLD_CASH
2016-08-09,10,LIN,ORCL,99.4595,35.6471,-0.4805,0,0.0,0.0,0.0,HOLD_CASH
2016-08-10,10,LIN,ORCL,99.0937,35.6384,-0.9971,0,0.0,0.0,0.0,HOLD_CASH
2016-08-11,10,LIN,ORCL,99.5106,35.8032,-1.0269,0,0.0,0.0,0.0,HOLD_CASH
2016-08-12,10,LIN,ORCL,99.332,35.6384,-0.587,0,0.0,0.0,0.0,HOLD_CASH
2016-08-15,10,LIN,ORCL,100.4038,35.8986,-0.084,0,0.0,0.0,0.0,HOLD_CASH
2016-08-16,10,LIN,ORCL,103.1599,35.8379,2.9775,-1,0.0,-0.5,-0.5,ENTER_SHORT_A
2016-08-17,10,LIN,ORCL,102.4539,35.7425,2.1059,-1,1.0456,-0.5,0.5456,HOLDING
2016-08-18,10,LIN,ORCL,103.6873,35.6818,2.5843,-1,-2.3672,-0.5,-2.8672,HOLDING
2016-08-19,10,LIN,ORCL,104.2573,35.8379,2.1786,-1,-2.6594,-0.5,-3.1594,HOLDING
2016-08-22,10,LIN,ORCL,104.1467,35.7512,1.9161,-1,-2.9964,-0.5,-3.4964,HOLDING
2016-08-23,10,LIN,ORCL,104.1637,35.994,1.396,-1,-1.3435,-0.5,-1.8435,HOLDING
2016-08-24,10,LIN,ORCL,103.8575,35.6211,1.6065,-1,-3.203,-0.5,-3.703,HOLDING
2016-08-25,10,LIN,ORCL,104.6656,35.6471,1.702,-1,-4.9799,-0.5,-5.4799,HOLDING
2016-08-26,10,LIN,ORCL,103.6278,35.7859,0.9447,-1,-1.4969,-0.5,-1.9969,HOLDING
2016-08-29,10,LIN,ORCL,103.9936,35.8293,0.9575,-1,-2.0808,-0.5,-2.5808,HOLDING
2016-08-30,10,LIN,ORCL,104.2233,35.8293,0.9624,-1,-2.6373,-0.5,-3.1373,HOLDING
2016-08-31,10,LIN,ORCL,103.8149,35.7512,0.7963,-1,-2.1924,-0.5,-2.6924,HOLDING
2016-09-01,10,LIN,ORCL,104.504,35.6992,1.0681,-1,-4.2252,-0.5,-4.7252,HOLDING
2016-09-02,10,LIN,ORCL,105.0059,35.7772,1.0852,-1,-4.8968,-0.5,-5.3968,HOLDING
2016-09-06,10,LIN,ORCL,104.5523,35.7772,0.7943,-1,-3.7976,-0.5,-4.2976,HOLDING
2016-09-07,10,LIN,ORCL,104.6207,35.7772,0.7492,-1,-3.9635,-0.5,-4.4635,HOLDING
2016-09-08,10,LIN,ORCL,103.1914,35.3175,0.637,-1,-3.7065,-0.5,-4.2065,HOLDING
2016-09-09,10,LIN,ORCL,100.4869,34.7191,-0.0591,-1,-1.327,-0.5,-1.827,HOLDING
2016-09-12,10,LIN,ORCL,101.4455,35.2828,-0.8305,-1,0.2827,-0.5,-0.2173,HOLDING
2016-09-13,10,LIN,ORCL,100.9919,34.8492,-0.4374,-1,-1.6432,-0.5,-2.1432,HOLDING
2016-09-14,10,LIN,ORCL,99.9991,34.9099,-2.0255,-1,1.1863,-0.5,0.6863,HOLDING
2016-09-15,10,LIN,ORCL,101.1716,35.439,-2.3265,-1,2.0355,-0.5,1.5355,HOLDING
2016-09-16,10,LIN,ORCL,100.718,33.7563,2.6486,-1,-8.6029,-0.5,-9.1029,HOLDING
2016-09-19,10,LIN,ORCL,100.8293,34.0252,1.6883,-1,-6.9969,-0.5,-7.4969,HOLDING
2016-09-20,10,LIN,ORCL,100.6581,33.8864,1.6758,-1,-7.5502,-0.5,-8.0502,HOLDING
2016-09-21,10,LIN,ORCL,100.9919,34.2681,0.8913,-1,-5.697,-0.5,-6.197,HOLDING
2016-09-22,10,LIN,ORCL,101.3085,34.2681,1.0678,-1,-6.4644,-0.5,-6.9644,HOLDING
2016-09-23,10,LIN,ORCL,99.9991,34.0252,0.5661,-1,-4.9851,-0.5,-5.4851,HOLDING
2016-09-26,10,LIN,ORCL,99.6482,33.8517,0.6324,-1,-5.3448,-0.5,-5.8448,HOLDING
2016-09-27,10,LIN,ORCL,100.136,34.0859,0.414,-1,-4.8934,-0.5,-5.3934,HOLDING
2016-09-28,10,LIN,ORCL,101.2914,34.2073,0.9847,-1,-6.8465,-0.5,-7.3465,HOLDING
2016-09-29,10,LIN,ORCL,101.7279,33.9298,1.7351,-1,-9.8403,-0.5,-10.3403,HOLDING
2016-09-30,10,LIN,ORCL,103.414,34.0686,2.1793,-1,-12.9583,-0.5,-13.4583,HOLDING
2016-10-03,10,LIN,ORCL,103.7649,33.8171,2.3027,-1,-15.5632,-0.5,-16.0632,HOLDING
2016-10-04,10,LIN,ORCL,103.0117,33.713,1.7775,-1,-14.4641,-0.5,-14.9641,HOLDING
2016-10-05,10,LIN,ORCL,103.0117,33.9558,1.2713,-1,-12.77,-0.5,-13.27,HOLDING
2016-10-06,10,LIN,ORCL,103.4311,33.713,1.5846,-1,-15.4805,-0.5,-15.9805,HOLDING
2016-10-07,10,LIN,ORCL,101.7193,33.7043,0.7627,-1,-11.3928,-0.5,-11.8928,HOLDING
2016-10-10,10,LIN,ORCL,101.6509,33.6259,0.7576,-1,-11.7736,-0.5,-12.2736,HOLDING
2016-10-11,10,LIN,ORCL,100.2473,33.0948,0.7704,-1,-12.0771,-0.5,-12.5771,HOLDING
2016-10-12,10,LIN,ORCL,100.4013,33.1296,0.7296,-1,-12.2075,-0.5,-12.7075,HOLDING
2016-10-13,10,LIN,ORCL,100.2216,33.1122,0.6173,-1,-11.8933,-0.5,-12.3933,HOLDING
2016-10-14,10,LIN,ORCL,100.2901,33.443,-0.0242,-1,-9.7513,-0.5,-10.2513,HOLDING
2016-10-17,10,LIN,ORCL,100.2045,33.3386,0.0834,-1,-10.2726,-0.5,-10.7726,HOLDING
2016-10-18,10,LIN,ORCL,101.4112,33.4518,0.6078,-1,-12.4075,-0.5,-12.9075,HOLDING
2016-10-19,10,LIN,ORCL,102.6009,33.3908,1.3926,-1,-15.7159,-0.5,-16.2159,HOLDING
2016-10-20,10,LIN,ORCL,102.5067,33.1644,1.5978,-1,-17.0667,-0.5,-17.5667,HOLDING
2016-10-21,10,LIN,ORCL,102.6009,33.0251,1.7598,-1,-18.2667,-0.5,-18.7667,HOLDING
2016-10-24,10,LIN,ORCL,102.327,33.3212,0.9111,-1,-15.538,-0.5,-16.038,HOLDING
2016-10-25,10,LIN,ORCL,101.4455,33.3995,-0.0173,-1,-12.855,-0.5,-13.355,HOLDING
2016-10-26,10,LIN,ORCL,101.4797,33.356,0.0094,-1,-13.2417,-0.5,-13.7417,HOLDING
2016-10-27,10,LIN,ORCL,99.7594,33.2776,-1.5033,-1,-9.6193,-0.5,-10.1193,HOLDING
2016-10-28,10,LIN,ORCL,100.5126,33.2341,-0.5737,-1,-11.7483,-0.5,-12.2483,HOLDING
2016-10-31,10,LIN,ORCL,100.1873,33.4518,-1.3965,-1,-9.4415,-0.5,-9.9415,HOLDING
2016-11-01,10,LIN,ORCL,99.263,33.4866,-2.0106,-1,-6.9587,-0.5,-7.4587,HOLDING
2016-11-02,10,LIN,ORCL,98.4243,33.1122,-1.5625,-1,-7.5377,-0.5,-8.0377,HOLDING
2016-11-03,10,LIN,ORCL,98.2873,33.356,-1.933,-1,-5.5052,-0.5,-6.0052,HOLDING
2016-11-04,10,LIN,ORCL,97.9964,33.3299,-1.8091,-1,-4.9823,-0.5,-5.4823,HOLDING
2016-11-07,10,LIN,ORCL,100.5468,34.0351,-1.3387,-1,-6.2433,-0.5,-6.7433,HOLDING
2016-11-08,10,LIN,ORCL,100.8635,34.07,-1.0934,-1,-6.7677,-0.5,-7.2677,HOLDING
2016-11-09,10,LIN,ORCL,101.5739,34.4356,-1.1911,-1,-5.9384,-0.5,-6.4384,HOLDING
2016-11-10,10,LIN,ORCL,102.9005,34.4618,-0.4196,-1,-8.9711,-0.5,-9.4711,HOLDING
2016-11-11,10,LIN,ORCL,100.8635,34.3486,-1.2909,-1,-4.8242,-0.5,-5.3242,HOLDING
2016-11-14,10,LIN,ORCL,99.9563,34.218,-1.4205,-1,-3.5366,-0.5,-4.0366,HOLDING
2016-11-15,10,LIN,ORCL,100.2045,34.1048,-1.0057,-1,-4.9279,-0.5,-5.4279,HOLDING
2016-11-16,10,LIN,ORCL,100.2644,34.5662,-1.508,-1,-1.8539,-0.5,-2.3539,HOLDING
2016-11-17,10,LIN,ORCL,99.5283,35.0451,-2.2344,-1,3.2705,-0.5,2.7705,HOLDING
2016-11-18,10,LIN,ORCL,99.0918,34.7056,-1.8425,-1,1.9596,-0.5,1.4596,HOLDING
2016-11-21,10,LIN,ORCL,99.9135,34.7317,-1.3637,-1,0.1506,-0.5,-0.3494,HOLDING
2016-11-22,10,LIN,ORCL,99.9905,34.9058,-1.444,-1,1.1787,-0.5,0.6787,HOLDING
2016-11-23,10,LIN,ORCL,101.5995,34.9145,-0.5277,-1,-2.6599,-0.5,-3.1599,HOLDING
2016-11-25,10,LIN,ORCL,101.9162,35.0625,-0.5207,-1,-2.3948,-0.5,-2.8948,HOLDING
2016-11-28,10,LIN,ORCL,101.5824,35.0887,-0.6962,-1,-1.4037,-0.5,-1.9037,HOLDING
2016-11-29,10,LIN,ORCL,104.5694,35.3063,0.9077,-1,-7.1238,-0.5,-7.6238,HOLDING
2016-11-30,10,LIN,ORCL,102.9604,34.9929,0.4808,-1,-5.4111,-0.5,-5.9111,HOLDING
2016-12-01,10,LIN,ORCL,102.4725,33.6956,2.3865,-1,-13.2788,-0.5,-13.7788,HOLDING
2016-12-02,10,LIN,ORCL,102.3441,33.5214,2.1756,-1,0.0,-15.1643,-15.1643,PERIOD_END_EXIT
2016-06-07,11,BK,NTRS,32.6807,55.6446,0.0,0,0.0,0.0,0.0,HOLD_CASH
2016-06-08,11,BK,NTRS,32.6962,55.6983,0.0,0,0.0,0.0,0.0,HOLD_CASH
2016-06-09,11,BK,NTRS,32.3775,55.0775,0.0,0,0.0,0.0,0.0,HOLD_CASH
2016-06-10,11,BK,NTRS,32.0588,54.3955,0.0,0,0.0,0.0,0.0,HOLD_CASH
2016-06-13,11,BK,NTRS,31.8411,54.1579,0.0,0,0.0,0.0,0.0,HOLD_CASH
2016-06-14,11,BK,NTRS,31.2115,53.2076,0.0,0,0.0,0.0,0.0,HOLD_CASH
2016-06-15,11,BK,NTRS,31.297,53.4375,0.0,0,0.0,0.0,0.0,HOLD_CASH
2016-06-16,11,BK,NTRS,31.2192,53.0927,0.0,0,0.0,0.0,0.0,HOLD_CASH
2016-06-17,11,BK,NTRS,31.1415,53.0927,0.0,0,0.0,0.0,0.0,HOLD_CASH
2016-06-20,11,BK,NTRS,31.4213,53.2536,0.0,0,0.0,0.0,0.0,HOLD_CASH
2016-06-21,11,BK,NTRS,31.4369,53.2843,0.0,0,0.0,0.0,0.0,HOLD_CASH
2016-06-22,11,BK,NTRS,31.5613,53.177,0.0,0,0.0,0.0,0.0,HOLD_CASH
2016-06-23,11,BK,NTRS,32.292,54.8246,0.0,0,0.0,0.0,0.0,HOLD_CASH
2016-06-24,11,BK,NTRS,29.5323,50.1959,0.0,0,0.0,0.0,0.0,HOLD_CASH
2016-06-27,11,BK,NTRS,27.8921,47.2608,0.0,0,0.0,0.0,0.0,HOLD_CASH
2016-06-28,11,BK,NTRS,28.5995,48.7168,0.0,0,0.0,0.0,0.0,HOLD_CASH
2016-06-29,11,BK,NTRS,29.5401,50.0196,0.0,0,0.0,0.0,0.0,HOLD_CASH
2016-06-30,11,BK,NTRS,30.2009,50.7783,0.0,0,0.0,0.0,0.0,HOLD_CASH
2016-07-01,11,BK,NTRS,29.5712,49.989,0.0,0,0.0,0.0,0.0,HOLD_CASH
2016-07-05,11,BK,NTRS,28.8638,48.7015,1.4038,0,0.0,0.0,0.0,HOLD_CASH
2016-07-06,11,BK,NTRS,29.0037,48.6402,2.2924,-1,0.0,-0.5,-0.5,ENTER_SHORT_A
2016-07-07,11,BK,NTRS,29.3535,48.6785,3.0595,-1,-2.8183,-0.5,-3.3183,HOLDING
2016-07-08,11,BK,NTRS,29.921,49.4525,2.6441,-1,-3.7316,-0.5,-4.2316,HOLDING
2016-07-11,11,BK,NTRS,29.9988,49.8357,1.7657,-1,-2.4322,-0.5,-2.9322,HOLDING
2016-07-12,11,BK,NTRS,30.6051,50.8013,1.6167,-1,-2.6956,-0.5,-3.1956,HOLDING
2016-07-13,11,BK,NTRS,30.6362,50.4794,1.9805,-1,-4.6181,-0.5,-5.1181,HOLDING
2016-07-14,11,BK,NTRS,30.8539,51.1768,1.2517,-1,-2.9098,-0.5,-3.4098,HOLDING
2016-07-15,11,BK,NTRS,30.9316,51.3607,1.0451,-1,-2.6347,-0.5,-3.1347,HOLDING
2016-07-18,11,BK,NTRS,31.0404,51.6672,0.7463,-1,-1.9973,-0.5,-2.4973,HOLDING
2016-07-19,11,BK,NTRS,30.8694,51.4297,0.5912,-1,-1.7441,-0.5,-2.2441,HOLDING
2016-07-20,11,BK,NTRS,31.1026,50.9392,1.875,-1,-6.2751,-0.5,-6.7751,HOLDING
2016-07-21,11,BK,NTRS,30.0065,51.1385,-1.4339,-1,4.1969,-0.5,3.6969,HOLDING
2016-07-22,11,BK,NTRS,30.4652,51.4067,-0.6597,-1,1.6221,-0.5,1.1221,HOLDING
2016-07-25,11,BK,NTRS,30.3563,51.4297,-1.0284,-1,2.6784,-0.5,2.1784,HOLDING
2016-07-26,11,BK,NTRS,30.7839,52.1731,-1.0573,-1,2.8137,-0.5,2.3137,HOLDING
2016-07-27,11,BK,NTRS,31.0404,52.4796,-0.9185,-1,2.1781,-0.5,1.6781,HOLDING
2016-07-28,11,BK,NTRS,30.9627,51.9125,-0.2262,-1,-0.0666,-0.5,-0.5666,HOLDING
2016-07-29,11,BK,NTRS,30.7752,51.7975,-0.5733,-1,0.9584,-0.5,0.4584,HOLDING
2016-08-01,11,BK,NTRS,30.619,51.4144,-0.3993,-1,0.3355,-0.5,-0.1645,HOLDING
2016-08-02,11,BK,NTRS,30.3066,50.74,-0.1633,-1,-0.4377,-0.5,-0.9377,HOLDING
2016-08-03,11,BK,NTRS,30.6346,51.3531,-0.2842,-1,-0.1142,-0.5,-0.6142,HOLDING
2016-08-04,11,BK,NTRS,30.4159,51.1768,-0.5742,-1,0.865,-0.5,0.365,HOLDING
2016-08-05,11,BK,NTRS,31.6344,52.9854,-0.0761,-1,-0.3425,-0.5,-0.8425,HOLDING
2016-08-08,11,BK,NTRS,31.7047,53.0314,0.0942,-1,-0.712,-0.5,-1.212,HOLDING
2016-08-09,11,BK,NTRS,31.4626,53.0237,-0.597,-1,1.3357,-0.5,0.8357,HOLDING
2016-08-10,11,BK,NTRS,31.1189,52.3876,-0.409,-1,1.0289,-0.5,0.5289,HOLDING
2016-08-11,11,BK,NTRS,31.2751,52.5945,-0.2232,-1,0.7458,-0.5,0.2458,HOLDING
2016-08-12,11,BK,NTRS,31.033,51.9815,0.2997,-1,-0.3181,-0.5,-0.8181,HOLDING
2016-08-15,11,BK,NTRS,31.3689,52.3723,0.7282,-1,-1.2045,-0.5,-1.7045,HOLDING
2016-08-16,11,BK,NTRS,31.2361,52.2497,0.5289,-1,-0.6899,-0.5,-1.1899,HOLDING
2016-08-17,11,BK,NTRS,31.4079,52.357,1.5176,-1,-1.6197,-0.5,-2.1197,HOLDING
2016-08-18,11,BK,NTRS,31.4314,52.3263,1.7201,-1,-1.9794,-0.5,-2.4794,HOLDING
2016-08-19,11,BK,NTRS,31.4392,52.5486,0.8401,-1,-0.9045,-0.5,-1.4045,HOLDING
2016-08-22,11,BK,NTRS,31.3845,52.5945,0.2328,-1,-0.1968,-0.5,-0.6968,HOLDING
2016-08-23,11,BK,NTRS,31.4392,52.6252,0.4135,-1,-0.5105,-0.5,-1.0105,HOLDING
2016-08-24,11,BK,NTRS,31.4704,52.403,1.6873,-1,-1.9221,-0.5,-2.4221,HOLDING
2016-08-25,11,BK,NTRS,31.6579,52.7478,1.3548,-1,-1.7655,-0.5,-2.2655,HOLDING
2016-08-26,11,BK,NTRS,31.9078,53.1463,1.3071,-1,-1.8716,-0.5,-2.3716,HOLDING
2016-08-29,11,BK,NTRS,32.2281,53.5601,1.6544,-1,-2.5051,-0.5,-3.0051,HOLDING
2016-08-30,11,BK,NTRS,32.5796,54.2729,0.9762,-1,-1.8717,-0.5,-2.3717,HOLDING
2016-08-31,11,BK,NTRS,32.5483,54.3884,0.1911,-1,-1.0084,-0.5,-1.5084,HOLDING
2016-09-01,11,BK,NTRS,32.3921,54.2497,-0.4426,-1,-0.3745,-0.5,-0.8745,HOLDING
2016-09-02,11,BK,NTRS,32.5327,54.4347,-0.216,-1,-0.6362,-0.5,-1.1362,HOLDING
2016-09-06,11,BK,NTRS,32.3999,53.826,1.4641,-1,-2.6199,-0.5,-3.1199,HOLDING
2016-09-07,11,BK,NTRS,32.2515,53.695,0.8794,-1,-2.0141,-0.5,-2.5141,HOLDING
2016-09-08,11,BK,NTRS,32.3687,53.8029,1.27,-1,-2.4693,-0.5,-2.9693,HOLDING
2016-09-09,11,BK,NTRS,31.9703,53.1248,1.3221,-1,-2.5208,-0.5,-3.0208,HOLDING
2016-09-12,11,BK,NTRS,32.3843,53.7181,1.6994,-1,-3.0398,-0.5,-3.5398,HOLDING
2016-09-13,11,BK,NTRS,31.8219,52.9939,0.3634,-1,-1.9146,-0.5,-2.4146,HOLDING
2016-09-14,11,BK,NTRS,31.6657,52.7473,0.2173,-1,-1.8355,-0.5,-2.3355,HOLDING
2016-09-15,11,BK,NTRS,31.9078,53.4561,-1.5343,-1,-0.2793,-0.5,-0.7793,HOLDING
2016-09-16,11,BK,NTRS,31.2908,52.6703,-2.3792,-1,1.0004,-0.5,0.5004,HOLDING
2016-09-19,11,BK,NTRS,31.3142,52.7858,-2.2595,-1,1.3923,-0.5,0.8923,HOLDING
2016-09-20,11,BK,NTRS,31.3845,52.8783,-1.9116,-1,1.2616,-0.5,0.7616,HOLDING
2016-09-21,11,BK,NTRS,31.6501,53.2866,-1.5907,-1,1.0713,-0.5,0.5713,HOLDING
2016-09-22,11,BK,NTRS,31.5173,53.4716,-2.403,-1,3.1664,-0.5,2.6664,HOLDING
2016-09-23,11,BK,NTRS,31.4001,53.4022,-2.246,-1,3.8198,-0.5,3.3198,HOLDING
2016-09-26,11,BK,NTRS,30.8924,51.9768,-0.6999,-1,0.8699,-0.5,0.3699,HOLDING
2016-09-27,11,BK,NTRS,30.8533,52.0462,-0.9547,-1,1.5631,-0.5,1.0631,HOLDING
2016-09-28,11,BK,NTRS,30.8533,52.077,-0.9378,-1,1.7214,-0.5,1.2214,HOLDING
2016-09-29,11,BK,NTRS,30.5097,51.3913,-0.6016,-1,1.1592,-0.5,0.6592,HOLDING
2016-09-30,11,BK,NTRS,31.1502,52.3852,-0.354,-1,0.7469,-0.5,0.2469,HOLDING
2016-10-03,11,BK,NTRS,31.0018,52.5085,-1.1865,-1,2.6598,-0.5,2.1598,HOLDING
2016-10-04,11,BK,NTRS,31.4001,53.8029,-2.2293,-1,5.8791,-0.5,5.3791,HOLDING
2016-10-05,11,BK,NTRS,31.8922,55.3978,-2.79,-1,9.8349,-0.5,9.3349,HOLDING
2016-10-06,11,BK,NTRS,31.8141,55.5056,-2.5029,-1,11.0627,-0.5,10.5627,HOLDING
2016-10-07,11,BK,NTRS,31.6891,55.4363,-2.2323,-1,11.7836,-0.5,11.2836,HOLDING
2016-10-10,11,BK,NTRS,31.775,55.5287,-1.8817,-1,11.5181,-0.5,11.0181,HOLDING
2016-10-11,11,BK,NTRS,31.2048,54.7583,-1.8594,-1,12.4729,-0.5,11.9729,HOLDING
2016-10-12,11,BK,NTRS,31.3376,54.7891,-1.4678,-1,11.4867,-0.5,10.9867,HOLDING
2016-10-13,11,BK,NTRS,30.5331,53.7874,-1.6801,-1,13.2732,-0.5,12.7732,HOLDING
2016-10-14,11,BK,NTRS,30.8299,54.3884,-1.5512,-1,13.8036,-0.5,13.3036,HOLDING
2016-10-17,11,BK,NTRS,30.6971,54.1419,-1.3723,-1,13.6809,-0.5,13.1809,HOLDING
2016-10-18,11,BK,NTRS,31.2673,54.6658,-0.8252,-1,11.4589,-0.5,10.9589,HOLDING
2016-10-19,11,BK,NTRS,31.5798,54.8045,-0.3661,-1,9.4787,-0.5,8.9787,HOLDING
2016-10-20,11,BK,NTRS,33.0014,54.6889,1.9141,-1,-3.3689,-0.5,-3.8689,HOLDING
2016-10-21,11,BK,NTRS,33.6262,54.6889,2.3201,-1,-8.7551,-0.5,-9.2551,HOLDING
2016-10-24,11,BK,NTRS,33.9074,54.6889,2.2429,-1,-11.1788,-0.5,-11.6788,HOLDING
2016-10-25,11,BK,NTRS,33.8996,54.1804,2.1567,-1,-13.7252,-0.5,-14.2252,HOLDING
2016-10-26,11,BK,NTRS,34.0636,55.0588,1.6068,-1,-10.6244,-0.5,-11.1244,HOLDING
2016-10-27,11,BK,NTRS,34.1339,55.783,1.1898,-1,-7.508,-0.5,-8.008,HOLDING
2016-10-28,11,BK,NTRS,34.1261,55.783,1.1072,-1,-7.4403,-0.5,-7.9403,HOLDING
2016-10-31,11,BK,NTRS,33.9457,55.7984,0.8907,-1,-5.8058,-0.5,-6.3058,HOLDING
2016-11-01,11,BK,NTRS,34.0476,56.0296,0.7921,-1,-5.4969,-0.5,-5.9969,HOLDING
2016-11-02,11,BK,NTRS,33.6319,55.4902,0.6534,-1,-4.685,-0.5,-5.185,HOLDING
2016-11-03,11,BK,NTRS,33.7652,55.7676,0.5589,-1,-4.409,-0.5,-4.909,HOLDING
2016-11-04,11,BK,NTRS,33.726,55.5365,0.5688,-1,-5.2589,-0.5,-5.7589,HOLDING
2016-11-07,11,BK,NTRS,34.5419,57.0158,0.4362,-1,-4.6881,-0.5,-5.1881,HOLDING
2016-11-08,11,BK,NTRS,34.4242,57.0004,0.2776,-1,-3.7529,-0.5,-4.2529,HOLDING
2016-11-09,11,BK,NTRS,35.7265,59.4428,0.064,-1,-2.4245,-0.5,-2.9245,HOLDING
2016-11-10,11,BK,NTRS,36.2521,60.4984,-0.1251,-1,-1.5297,-0.5,-2.0297,HOLDING
2016-11-11,11,BK,NTRS,36.6601,61.5462,-0.4686,-1,0.3395,-0.5,-0.1605,HOLDING
2016-11-14,11,BK,NTRS,37.2877,63.8115,-1.4397,-1,6.5728,-0.5,6.0728,HOLDING
2016-11-15,11,BK,NTRS,37.6015,63.927,-1.3837,-1,4.4618,-0.5,3.9618,HOLDING
2016-11-16,11,BK,NTRS,36.9111,62.44,-1.3761,-1,2.7694,-0.5,2.2694,HOLDING
2016-11-17,11,BK,NTRS,37.3426,62.7944,-0.9657,-1,0.872,-0.5,0.372,HOLDING
2016-11-18,11,BK,NTRS,37.2171,62.7944,-1.0435,-1,1.954,-0.5,1.454,HOLDING
2016-11-21,11,BK,NTRS,37.2014,63.0949,-1.2178,-1,3.6334,-0.5,3.1334,HOLDING
2016-11-22,11,BK,NTRS,37.068,63.1103,-1.3795,-1,4.8623,-0.5,4.3623,HOLDING
2016-11-23,11,BK,NTRS,37.2406,63.1951,-1.0981,-1,3.8104,-0.5,3.3104,HOLDING
2016-11-25,11,BK,NTRS,37.2406,63.2952,-1.1004,-1,4.3252,-0.5,3.8252,HOLDING
2016-11-28,11,BK,NTRS,36.8954,62.0933,-0.3447,-1,1.1228,-0.5,0.6228,HOLDING
2016-11-29,11,BK,NTRS,36.9111,62.517,-0.7362,-1,3.1655,-0.5,2.6655,HOLDING
2016-11-30,11,BK,NTRS,37.2014,63.5931,-1.3211,-1,6.194,-0.5,5.694,HOLDING
2016-12-01,11,BK,NTRS,38.1271,66.1244,-2.0916,-1,11.2253,-0.5,10.7253,HOLDING
2016-12-02,11,BK,NTRS,37.3818,65.4199,-2.2786,-1,0.0,12.8701,12.8701,PERIOD_END_EXIT
2016-06-07,12,ED,PNW,52.6282,51.8896,0.0,0,0.0,0.0,0.0,HOLD_CASH
2016-06-08,12,ED,PNW,53.1569,52.2056,0.0,0,0.0,0.0,0.0,HOLD_CASH
2016-06-09,12,ED,PNW,53.9606,53.0092,0.0,0,0.0,0.0,0.0,HOLD_CASH
2016-06-10,12,ED,PNW,54.3836,52.707,0.0,0,0.0,0.0,0.0,HOLD_CASH
2016-06-13,12,ED,PNW,54.44,52.6589,0.0,0,0.0,0.0,0.0,HOLD_CASH
2016-06-14,12,ED,PNW,55.1662,53.1741,0.0,0,0.0,0.0,0.0,HOLD_CASH
2016-06-15,12,ED,PNW,54.5034,52.707,0.0,0,0.0,0.0,0.0,HOLD_CASH
2016-06-16,12,ED,PNW,54.9547,53.2428,0.0,0,0.0,0.0,0.0,HOLD_CASH
2016-06-17,12,ED,PNW,54.8771,53.4283,0.0,0,0.0,0.0,0.0,HOLD_CASH
2016-06-20,12,ED,PNW,54.3977,53.2222,0.0,0,0.0,0.0,0.0,HOLD_CASH
2016-06-21,12,ED,PNW,54.4048,53.2359,0.0,0,0.0,0.0,0.0,HOLD_CASH
2016-06-22,12,ED,PNW,54.3977,52.9474,0.0,0,0.0,0.0,0.0,HOLD_CASH
2016-06-23,12,ED,PNW,54.1862,53.1054,0.0,0,0.0,0.0,0.0,HOLD_CASH
2016-06-24,12,ED,PNW,55.279,53.545,0.0,0,0.0,0.0,0.0,HOLD_CASH
2016-06-27,12,ED,PNW,56.2096,54.3556,0.0,0,0.0,0.0,0.0,HOLD_CASH
2016-06-28,12,ED,PNW,55.8359,54.3006,0.0,0,0.0,0.0,0.0,HOLD_CASH
2016-06-29,12,ED,PNW,55.7442,54.3624,0.0,0,0.0,0.0,0.0,HOLD_CASH
2016-06-30,12,ED,PNW,56.7101,55.6813,0.0,0,0.0,0.0,0.0,HOLD_CASH
2016-07-01,12,ED,PNW,56.7594,55.6951,0.0,0,0.0,0.0,0.0,HOLD_CASH
2016-07-05,12,ED,PNW,57.5773,56.7117,-1.4353,0,0.0,0.0,0.0,HOLD_CASH
2016-07-06,12,ED,PNW,57.4927,56.698,-1.6043,0,0.0,0.0,0.0,HOLD_CASH
2016-07-07,12,ED,PNW,56.3929,55.6058,-1.4999,0,0.0,0.0,0.0,HOLD_CASH
2016-07-08,12,ED,PNW,56.6678,55.7569,-1.1807,0,0.0,0.0,0.0,HOLD_CASH
2016-07-11,12,ED,PNW,56.5409,55.6951,-1.1989,0,0.0,0.0,0.0,HOLD_CASH
2016-07-12,12,ED,PNW,55.5328,54.5685,-0.7908,0,0.0,0.0,0.0,HOLD_CASH
2016-07-13,12,ED,PNW,55.991,54.9601,-0.573,0,0.0,0.0,0.0,HOLD_CASH
2016-07-14,12,ED,PNW,55.7795,54.5067,0.1877,0,0.0,0.0,0.0,HOLD_CASH
2016-07-15,12,ED,PNW,55.8006,54.6304,-0.0345,0,0.0,0.0,0.0,HOLD_CASH
2016-07-18,12,ED,PNW,55.7372,54.8227,-0.7586,0,0.0,0.0,0.0,HOLD_CASH
2016-07-19,12,ED,PNW,55.7725,54.7334,-0.3358,0,0.0,0.0,0.0,HOLD_CASH
2016-07-20,12,ED,PNW,55.6315,54.3693,0.3746,0,0.0,0.0,0.0,HOLD_CASH
2016-07-21,12,ED,PNW,56.3224,54.7196,1.3596,0,0.0,0.0,0.0,HOLD_CASH
2016-07-22,12,ED,PNW,57.2318,55.3585,1.8094,0,0.0,0.0,0.0,HOLD_CASH
2016-07-25,12,ED,PNW,57.2389,55.276,1.9499,0,0.0,0.0,0.0,HOLD_CASH
2016-07-26,12,ED,PNW,56.7172,54.596,2.2333,-1,0.0,-0.5,-0.5,ENTER_SHORT_A
2016-07-27,12,ED,PNW,55.9981,54.0327,1.7232,-1,0.5904,-0.5,0.0904,HOLDING
2016-07-28,12,ED,PNW,56.3153,54.3478,1.5306,-1,0.6345,-0.5,0.1345,HOLDING
2016-07-29,12,ED,PNW,56.4563,54.6109,1.1283,-1,1.2179,-0.5,0.7179,HOLDING
2016-08-01,12,ED,PNW,56.7242,55.0471,0.6834,-1,2.0347,-0.5,1.5347,HOLDING
2016-08-02,12,ED,PNW,56.4845,54.5486,1.1286,-1,0.8083,-0.5,0.3083,HOLDING
2016-08-03,12,ED,PNW,55.6244,54.1124,0.2128,-1,2.602,-0.5,2.102,HOLDING
2016-08-04,12,ED,PNW,55.5469,54.1124,-0.032,-1,2.9438,-0.5,2.4438,HOLDING
2016-08-05,12,ED,PNW,54.8137,53.4338,-0.187,-1,3.0684,-0.5,2.5684,HOLDING
2016-08-08,12,ED,PNW,54.7432,53.5169,-0.6642,-1,3.7596,-0.5,3.2596,HOLDING
2016-08-09,12,ED,PNW,55.0534,53.6207,-0.2035,-1,2.868,-0.5,2.368,HOLDING
2016-08-10,12,ED,PNW,55.1591,53.7246,-0.2802,-1,2.8774,-0.5,2.3774,HOLDING
2016-08-11,12,ED,PNW,55.2649,53.8008,-0.234,-1,2.76,-0.5,2.26,HOLDING
2016-08-12,12,ED,PNW,55.5469,53.9531,0.0752,-1,2.2146,-0.5,1.7146,HOLDING
2016-08-15,12,ED,PNW,54.2101,52.9353,-0.9945,-1,3.4461,-0.5,2.9461,HOLDING
2016-08-16,12,ED,PNW,53.3853,52.3052,-1.6982,-1,4.1964,-0.5,3.6964,HOLDING
2016-08-17,12,ED,PNW,54.3096,53.0114,-0.9894,-1,3.3559,-0.5,2.8559,HOLDING
2016-08-18,12,ED,PNW,55.0207,53.7938,-1.2021,-1,3.8047,-0.5,3.3047,HOLDING
2016-08-19,12,ED,PNW,54.395,53.0737,-0.7344,-1,3.2652,-0.5,2.7652,HOLDING
2016-08-22,12,ED,PNW,54.5727,53.3922,-1.1385,-1,3.9401,-0.5,3.4401,HOLDING
2016-08-23,12,ED,PNW,54.3665,53.2122,-1.1517,-1,4.0247,-0.5,3.5247,HOLDING
2016-08-24,12,ED,PNW,54.267,53.0807,-0.9456,-1,3.8611,-0.5,3.3611,HOLDING
2016-08-25,12,ED,PNW,54.3594,53.1292,-0.7073,-1,3.6757,-0.5,3.1757,HOLDING
2016-08-26,12,ED,PNW,53.1649,51.8135,0.1433,-1,2.9168,-0.5,2.4168,HOLDING
2016-08-29,12,ED,PNW,53.5062,52.2082,-0.1308,-1,3.2197,-0.5,2.7197,HOLDING
2016-08-30,12,ED,PNW,53.044,51.675,0.6986,-1,2.8154,-0.5,2.3154,HOLDING
2016-08-31,12,ED,PNW,53.5062,51.959,1.9258,-1,2.0782,-0.5,1.5782,HOLDING
2016-09-01,12,ED,PNW,53.2431,51.7997,1.1107,-1,2.5087,-0.5,2.0087,HOLDING
2016-09-02,12,ED,PNW,53.7195,52.6721,-1.7262,-1,4.4036,-0.5,3.9036,HOLDING
2016-09-06,12,ED,PNW,54.2385,53.3715,-2.4217,-1,5.3181,-0.5,4.8181,HOLDING
2016-09-07,12,ED,PNW,54.0466,53.2815,-2.3614,-1,5.7521,-0.5,5.2521,HOLDING
2016-09-08,12,ED,PNW,53.947,53.2122,-2.0728,-1,5.8739,-0.5,5.3739,HOLDING
2016-09-09,12,ED,PNW,51.8708,51.2042,-1.9124,-1,5.8308,-0.5,5.3308,HOLDING
2016-09-12,12,ED,PNW,52.9373,52.0974,-1.167,-1,5.2196,-0.5,4.7196,HOLDING
2016-09-13,12,ED,PNW,52.0699,51.5227,-1.9489,-1,6.4116,-0.5,5.9116,HOLDING
2016-09-14,12,ED,PNW,52.7098,51.6335,-0.0401,-1,4.0983,-0.5,3.5983,HOLDING
2016-09-15,12,ED,PNW,53.0155,52.1597,-0.787,-1,5.1603,-0.5,4.6603,HOLDING
2016-09-16,12,ED,PNW,53.5488,52.8245,-1.1627,-1,5.8534,-0.5,5.3534,HOLDING
2016-09-19,12,ED,PNW,54.3239,53.233,0.0932,-1,4.3078,-0.5,3.8078,HOLDING
2016-09-20,12,ED,PNW,54.4234,53.1984,0.5438,-1,3.7106,-0.5,3.2106,HOLDING
2016-09-21,12,ED,PNW,55.5042,54.2232,0.629,-1,3.6393,-0.5,3.1393,HOLDING
2016-09-22,12,ED,PNW,56.0659,54.7632,0.6407,-1,3.6362,-0.5,3.1362,HOLDING
2016-09-23,12,ED,PNW,55.9451,54.971,-0.3953,-1,5.1202,-0.5,4.6202,HOLDING
2016-09-26,12,ED,PNW,55.9308,54.964,-0.3538,-1,5.1513,-0.5,4.6513,HOLDING
2016-09-27,12,ED,PNW,55.3549,54.3616,-0.1711,-1,4.9315,-0.5,4.4315,HOLDING
2016-09-28,12,ED,PNW,54.8714,53.9185,-0.2129,-1,5.0335,-0.5,4.5335,HOLDING
2016-09-29,12,ED,PNW,54.4163,53.1499,1.2132,-1,3.5199,-0.5,3.0199,HOLDING
2016-09-30,12,ED,PNW,53.5417,52.6167,-0.0896,-1,4.9335,-0.5,4.4335,HOLDING
2016-10-03,12,ED,PNW,52.788,51.9174,-0.2617,-1,5.0535,-0.5,4.5535,HOLDING
2016-10-04,12,ED,PNW,51.7428,50.5464,1.3719,-1,3.3829,-0.5,2.8829,HOLDING
2016-10-05,12,ED,PNW,51.5508,50.4149,0.9864,-1,3.6267,-0.5,3.1267,HOLDING
2016-10-06,12,ED,PNW,51.4299,50.5257,-0.2205,-1,4.6668,-0.5,4.1668,HOLDING
2016-10-07,12,ED,PNW,51.2166,50.3318,-0.3839,-1,4.7192,-0.5,4.2192,HOLDING
2016-10-10,12,ED,PNW,51.3375,51.0865,-2.8283,-1,7.6425,-0.5,7.1425,HOLDING
2016-10-11,12,ED,PNW,50.9535,50.4772,-1.8229,-1,6.5446,-0.5,6.0446,HOLDING
2016-10-12,12,ED,PNW,51.245,50.9688,-2.1606,-1,7.5109,-0.5,7.0109,HOLDING
2016-10-13,12,ED,PNW,51.8636,51.4535,-1.5236,-1,7.0035,-0.5,6.5035,HOLDING
2016-10-14,12,ED,PNW,51.5437,51.0034,-1.0387,-1,6.3529,-0.5,5.8529,HOLDING
2016-10-17,12,ED,PNW,51.9063,51.405,-1.0633,-1,6.5936,-0.5,6.0936,HOLDING
2016-10-18,12,ED,PNW,52.0769,52.0143,-2.0394,-1,8.6316,-0.5,8.1316,HOLDING
2016-10-19,12,ED,PNW,52.2192,51.9035,-1.2058,-1,7.4974,-0.5,6.9974,HOLDING
2016-10-20,12,ED,PNW,52.3472,51.7581,-0.3736,-1,6.2674,-0.5,5.7674,HOLDING
2016-10-21,12,ED,PNW,52.0272,51.2942,0.0889,-1,5.5535,-0.5,5.0535,HOLDING
2016-10-24,12,ED,PNW,52.0272,51.7581,-1.1622,-1,7.6778,-0.5,7.1778,HOLDING
2016-10-25,12,ED,PNW,52.3685,52.0697,-0.9794,-1,7.6002,-0.5,7.1002,HOLDING
2016-10-26,12,ED,PNW,52.532,52.042,-0.3868,-1,6.7525,-0.5,6.2525,HOLDING
2016-10-27,12,ED,PNW,52.2405,51.8481,-0.5858,-1,7.1497,-0.5,6.6497,HOLDING
2016-10-28,12,ED,PNW,52.6102,52.1101,-0.2029,-1,6.7194,-0.5,6.2194,HOLDING
2016-10-31,12,ED,PNW,53.7195,53.1789,-0.0569,-1,6.724,-0.5,6.224,HOLDING
2016-11-01,12,ED,PNW,52.6529,52.2428,-0.3679,-1,7.1391,-0.5,6.6391,HOLDING
2016-11-02,12,ED,PNW,52.4894,52.0472,-0.1279,-1,6.9644,-0.5,6.4644,HOLDING
2016-11-03,12,ED,PNW,52.5249,51.8447,1.1776,-1,5.88,-0.5,5.38,HOLDING
2016-11-04,12,ED,PNW,52.4396,51.7678,1.3725,-1,5.9043,-0.5,5.4043,HOLDING
2016-11-07,12,ED,PNW,53.0013,52.4245,0.6824,-1,6.4351,-0.5,5.9351,HOLDING
2016-11-08,12,ED,PNW,53.563,52.9064,1.0494,-1,6.1661,-0.5,5.6661,HOLDING
2016-11-09,12,ED,PNW,51.3801,51.677,-3.1126,-1,10.1584,-0.5,9.6584,HOLDING
2016-11-10,12,ED,PNW,50.2638,50.8667,-3.0045,-1,11.3687,-0.5,10.8687,HOLDING
2016-11-11,12,ED,PNW,50.1216,51.2998,-3.0986,-1,13.9788,-0.5,13.4788,HOLDING
2016-11-14,12,ED,PNW,49.9278,51.0483,-2.3559,-1,13.6815,-0.5,13.1815,HOLDING
2016-11-15,12,ED,PNW,50.66,51.7329,-1.9183,-1,13.5886,-0.5,13.0886,HOLDING
2016-11-16,12,ED,PNW,50.1359,51.5164,-2.0127,-1,14.9069,-0.5,14.4069,HOLDING
2016-11-17,12,ED,PNW,50.2795,51.5164,-1.5854,-1,14.2741,-0.5,13.7741,HOLDING
2016-11-18,12,ED,PNW,49.9134,51.1741,-1.4467,-1,14.3206,-0.5,13.8206,HOLDING
2016-11-21,12,ED,PNW,50.3226,51.7609,-1.4623,-1,15.2038,-0.5,14.7038,HOLDING
2016-11-22,12,ED,PNW,50.4805,52.4314,-1.764,-1,17.5783,-0.5,17.0783,HOLDING
2016-11-23,12,ED,PNW,49.9278,51.663,-1.3848,-1,16.4962,-0.5,15.9962,HOLDING
2016-11-25,12,ED,PNW,50.7246,52.627,-1.3619,-1,17.398,-0.5,16.898,HOLDING
2016-11-28,12,ED,PNW,52.1532,53.5281,-0.7202,-1,15.2274,-0.5,14.7274,HOLDING
2016-11-29,12,ED,PNW,52.1532,53.563,-0.6762,-1,15.3874,-0.5,14.8874,HOLDING
2016-11-30,12,ED,PNW,50.0857,51.6421,-0.8037,-1,15.7042,-0.5,15.2042,HOLDING
2016-12-01,12,ED,PNW,49.8703,51.0833,-0.3659,-1,14.0945,-0.5,13.5945,HOLDING
2016-12-02,12,ED,PNW,50.0283,51.3697,-0.4314,-1,0.0,13.7542,13.7542,PERIOD_END_EXIT
2016-06-07,13,AEE,PNW,37.2835,51.8896,0.0,0,0.0,0.0,0.0,HOLD_CASH
2016-06-08,13,AEE,PNW,37.4342,52.2056,0.0,0,0.0,0.0,0.0,HOLD_CASH
2016-06-09,13,AEE,PNW,38.3459,53.0092,0.0,0,0.0,0.0,0.0,HOLD_CASH
2016-06-10,13,AEE,PNW,38.3987,52.707,0.0,0,0.0,0.0,0.0,HOLD_CASH
2016-06-13,13,AEE,PNW,38.248,52.6589,0.0,0,0.0,0.0,0.0,HOLD_CASH
2016-06-14,13,AEE,PNW,38.6624,53.1741,0.0,0,0.0,0.0,0.0,HOLD_CASH
2016-06-15,13,AEE,PNW,38.361,52.707,0.0,0,0.0,0.0,0.0,HOLD_CASH
2016-06-16,13,AEE,PNW,38.5795,53.2428,0.0,0,0.0,0.0,0.0,HOLD_CASH
2016-06-17,13,AEE,PNW,38.6322,53.4283,0.0,0,0.0,0.0,0.0,HOLD_CASH
2016-06-20,13,AEE,PNW,38.6925,53.2222,0.0,0,0.0,0.0,0.0,HOLD_CASH
2016-06-21,13,AEE,PNW,38.7076,53.2359,0.0,0,0.0,0.0,0.0,HOLD_CASH
2016-06-22,13,AEE,PNW,38.6247,52.9474,0.0,0,0.0,0.0,0.0,HOLD_CASH
2016-06-23,13,AEE,PNW,38.8055,53.1054,0.0,0,0.0,0.0,0.0,HOLD_CASH
2016-06-24,13,AEE,PNW,39.0241,53.545,0.0,0,0.0,0.0,0.0,HOLD_CASH
2016-06-27,13,AEE,PNW,39.4159,54.3556,0.0,0,0.0,0.0,0.0,HOLD_CASH
2016-06-28,13,AEE,PNW,39.3933,54.3006,0.0,0,0.0,0.0,0.0,HOLD_CASH
2016-06-29,13,AEE,PNW,39.5591,54.3624,0.0,0,0.0,0.0,0.0,HOLD_CASH
2016-06-30,13,AEE,PNW,40.3728,55.6813,0.0,0,0.0,0.0,0.0,HOLD_CASH
2016-07-01,13,AEE,PNW,40.5009,55.6951,0.0,0,0.0,0.0,0.0,HOLD_CASH
2016-07-05,13,AEE,PNW,40.5085,56.7117,-2.5905,1,0.0,-0.5,-0.5,ENTER_LONG_A
2016-07-06,13,AEE,PNW,40.516,56.698,-2.2559,1,0.1072,-0.5,-0.3928,HOLDING
2016-07-07,13,AEE,PNW,39.6721,55.6058,-2.2769,1,-0.2866,-0.5,-0.7866,HOLDING
2016-07-08,13,AEE,PNW,40.0488,55.7569,-1.2069,1,1.3723,-0.5,0.8723,HOLDING
2016-07-11,13,AEE,PNW,39.8906,55.6951,-1.4205,1,0.6684,-0.5,0.1684,HOLDING
2016-07-12,13,AEE,PNW,39.5289,54.5685,0.0984,1,3.4023,-0.5,2.9023,HOLDING
2016-07-13,13,AEE,PNW,39.8454,54.9601,0.2294,1,3.6294,-0.5,3.1294,HOLDING
2016-07-14,13,AEE,PNW,39.3631,54.5067,-0.2446,1,2.6518,-0.5,2.1518,HOLDING
2016-07-15,13,AEE,PNW,39.5666,54.6304,0.1521,1,3.3622,-0.5,2.8622,HOLDING
2016-07-18,13,AEE,PNW,39.5666,54.8227,-0.3133,1,2.5143,-0.5,2.0143,HOLDING
2016-07-19,13,AEE,PNW,39.4385,54.7334,-0.4751,1,2.1176,-0.5,1.6176,HOLDING
2016-07-20,13,AEE,PNW,39.3405,54.3693,0.1331,1,3.1178,-0.5,2.6178,HOLDING
2016-07-21,13,AEE,PNW,39.3631,54.7196,-0.6042,1,1.7131,-0.5,1.2131,HOLDING
2016-07-22,13,AEE,PNW,39.8378,55.3585,-0.4738,1,1.8267,-0.5,1.3267,HOLDING
2016-07-25,13,AEE,PNW,39.7098,55.276,-0.6659,1,1.3995,-0.5,0.8995,HOLDING
2016-07-26,13,AEE,PNW,39.3481,54.596,-0.0874,1,2.1651,-0.5,1.6651,HOLDING
2016-07-27,13,AEE,PNW,39.009,54.0327,0.2478,1,2.5555,-0.5,2.0555,HOLDING
2016-07-28,13,AEE,PNW,39.2953,54.3478,0.6011,1,2.9339,-0.5,2.4339,HOLDING
2016-07-29,13,AEE,PNW,39.5138,54.6109,0.7671,1,3.1225,-0.5,2.6225,HOLDING
2016-08-01,13,AEE,PNW,39.5741,55.0471,-0.3645,1,1.5715,-0.5,1.0715,HOLDING
2016-08-02,13,AEE,PNW,39.3104,54.5486,0.0419,1,2.1416,-0.5,1.6416,HOLDING
2016-08-03,13,AEE,PNW,38.9186,54.1124,-0.5212,1,1.6465,-0.5,1.1465,HOLDING
2016-08-04,13,AEE,PNW,39.0617,54.1124,0.2915,1,2.53,-0.5,2.03,HOLDING
2016-08-05,13,AEE,PNW,38.4288,53.4338,-0.8715,1,1.6151,-0.5,1.1151,HOLDING
2016-08-08,13,AEE,PNW,38.3836,53.5169,-1.819,1,0.9698,-0.5,0.4698,HOLDING
2016-08-09,13,AEE,PNW,38.3836,53.6207,-2.0816,1,0.5119,-0.5,0.0119,HOLDING
2016-08-10,13,AEE,PNW,38.4439,53.7246,-1.9408,1,0.4261,-0.5,-0.0739,HOLDING
2016-08-11,13,AEE,PNW,38.4439,53.8008,-1.9757,1,0.0903,-0.5,-0.4097,HOLDING
2016-08-12,13,AEE,PNW,38.4665,53.9531,-2.1732,1,-0.4417,-0.5,-0.9417,HOLDING
2016-08-15,13,AEE,PNW,37.9842,52.9353,-0.558,1,1.0691,-0.5,0.5691,HOLDING
2016-08-16,13,AEE,PNW,37.5397,52.3052,-0.4609,1,1.103,-0.5,0.603,HOLDING
2016-08-17,13,AEE,PNW,38.2103,53.0114,0.6657,1,2.1285,-0.5,1.6285,HOLDING
2016-08-18,13,AEE,PNW,38.6925,53.7938,0.125,1,1.6555,-0.5,1.1555,HOLDING
2016-08-19,13,AEE,PNW,38.1048,53.0737,-0.315,1,1.2026,-0.5,0.7026,HOLDING
2016-08-22,13,AEE,PNW,38.1651,53.3922,-1.3143,1,0.1707,-0.5,-0.3293,HOLDING
2016-08-23,13,AEE,PNW,37.9918,53.2122,-1.42,1,-0.1053,-0.5,-0.6053,HOLDING
2016-08-24,13,AEE,PNW,37.9164,53.0807,-1.1811,1,0.0096,-0.5,-0.4904,HOLDING
2016-08-25,13,AEE,PNW,38.0068,53.1292,-0.7621,1,0.3539,-0.5,-0.1461,HOLDING
2016-08-26,13,AEE,PNW,37.2232,51.8135,0.4365,1,1.317,-0.5,0.817,HOLDING
2016-08-29,13,AEE,PNW,37.502,52.2082,0.4152,1,1.2978,-0.5,0.7978,HOLDING
2016-08-30,13,AEE,PNW,37.1478,51.675,0.699,1,1.4626,-0.5,0.9626,HOLDING
2016-08-31,13,AEE,PNW,37.2383,51.959,-0.1571,1,0.7691,-0.5,0.2691,HOLDING
2016-09-01,13,AEE,PNW,37.0348,51.7997,-0.8265,1,0.2156,-0.5,-0.2844,HOLDING
2016-09-02,13,AEE,PNW,37.4191,52.6721,-2.3866,1,-1.2588,-0.5,-1.7588,HOLDING
2016-09-06,13,AEE,PNW,37.8789,53.3715,-2.1725,1,-1.5039,-0.5,-2.0039,HOLDING
2016-09-07,13,AEE,PNW,38.0157,53.2815,-0.79,1,-0.2628,-0.5,-0.7628,HOLDING
2016-09-08,13,AEE,PNW,37.8865,53.2122,-1.1963,1,-0.7549,-0.5,-1.2549,HOLDING
2016-09-09,13,AEE,PNW,36.5261,51.2042,-0.7192,1,-0.299,-0.5,-0.799,HOLDING
2016-09-12,13,AEE,PNW,37.1341,52.0974,-0.8974,1,-0.4842,-0.5,-0.9842,HOLDING
2016-09-13,13,AEE,PNW,36.5565,51.5227,-1.702,1,-1.5155,-0.5,-2.0155,HOLDING
2016-09-14,13,AEE,PNW,36.8529,51.6335,-0.365,1,-0.1746,-0.5,-0.6746,HOLDING
2016-09-15,13,AEE,PNW,36.9745,52.1597,-1.7004,1,-1.7438,-0.5,-2.2438,HOLDING
2016-09-16,13,AEE,PNW,37.5293,52.8245,-1.1067,1,-1.2501,-0.5,-1.7501,HOLDING
2016-09-19,13,AEE,PNW,38.0309,53.233,0.2381,1,0.0448,-0.5,-0.4552,HOLDING
2016-09-20,13,AEE,PNW,38.0765,53.1984,0.661,1,0.4787,-0.5,-0.0213,HOLDING
2016-09-21,13,AEE,PNW,38.8669,54.2232,0.9394,1,0.8392,-0.5,0.3392,HOLDING
2016-09-22,13,AEE,PNW,39.0721,54.7632,-0.1266,1,-0.2751,-0.5,-0.7751,HOLDING
2016-09-23,13,AEE,PNW,39.2925,54.971,0.3116,1,0.1694,-0.5,-0.3306,HOLDING
2016-09-26,13,AEE,PNW,39.1253,54.964,-0.5788,1,-0.832,-0.5,-1.332,HOLDING
2016-09-27,13,AEE,PNW,38.4261,54.3616,-2.0184,1,-2.4916,-0.5,-2.9916,HOLDING
2016-09-28,13,AEE,PNW,38.2741,53.9185,-0.9584,1,-1.4762,-0.5,-1.9762,HOLDING
2016-09-29,13,AEE,PNW,37.6965,53.1499,-1.0809,1,-1.6528,-0.5,-2.1528,HOLDING
2016-09-30,13,AEE,PNW,37.3773,52.6167,-0.5844,1,-1.2725,-0.5,-1.7725,HOLDING
2016-10-03,13,AEE,PNW,36.9593,51.9174,-0.0266,1,-0.7694,-0.5,-1.2694,HOLDING
2016-10-04,13,AEE,PNW,36.0093,50.5464,0.1238,1,-0.5887,-0.5,-1.0887,HOLDING
2016-10-05,13,AEE,PNW,36.2601,50.4149,2.3009,1,1.539,-0.5,1.039,HOLDING
2016-10-06,13,AEE,PNW,36.1689,50.5257,1.0691,1,0.4877,-0.5,-0.0123,HOLDING
2016-10-07,13,AEE,PNW,36.0473,50.3318,1.0972,1,0.592,-0.5,0.092,HOLDING
2016-10-10,13,AEE,PNW,36.2525,51.0865,-0.9035,1,-1.4687,-0.5,-1.9687,HOLDING
2016-10-11,13,AEE,PNW,35.6293,50.4772,-1.8621,1,-2.6287,-0.5,-3.1287,HOLDING
2016-10-12,13,AEE,PNW,36.1689,50.9688,-0.7146,1,-1.4657,-0.5,-1.9657,HOLDING
2016-10-13,13,AEE,PNW,36.5109,51.4535,-0.7421,1,-1.4917,-0.5,-1.9917,HOLDING
2016-10-14,13,AEE,PNW,36.5033,51.0034,0.9044,1,0.4455,-0.5,-0.0545,HOLDING
2016-10-17,13,AEE,PNW,36.6173,51.405,-0.0072,1,-0.6213,-0.5,-1.1213,HOLDING
2016-10-18,13,AEE,PNW,37.1721,52.0143,0.6703,1,0.1166,-0.5,-0.3834,HOLDING
2016-10-19,13,AEE,PNW,37.0125,51.9035,0.2943,1,-0.38,-0.5,-0.88,HOLDING
2016-10-20,13,AEE,PNW,36.9517,51.7581,0.5328,1,-0.1142,-0.5,-0.6142,HOLDING
2016-10-21,13,AEE,PNW,36.8377,51.2942,1.6322,1,1.2272,-0.5,0.7272,HOLDING
2016-10-24,13,AEE,PNW,36.9745,51.7581,0.5372,1,0.0266,-0.5,-0.4734,HOLDING
2016-10-25,13,AEE,PNW,37.2633,52.0697,0.8087,1,0.4353,-0.5,-0.0647,HOLDING
2016-10-26,13,AEE,PNW,37.3165,52.042,1.0985,1,0.8857,-0.5,0.3857,HOLDING
2016-10-27,13,AEE,PNW,37.0429,51.8481,0.2861,1,0.0518,-0.5,-0.4482,HOLDING
2016-10-28,13,AEE,PNW,37.1417,52.1101,-0.2633,1,-0.4932,-0.5,-0.9932,HOLDING
2016-10-31,13,AEE,PNW,37.9625,53.1789,0.0471,1,-0.1388,-0.5,-0.6388,HOLDING
2016-11-01,13,AEE,PNW,37.3697,52.2428,0.4466,1,0.3288,-0.5,-0.1712,HOLDING
2016-11-02,13,AEE,PNW,36.9745,52.0472,-0.9838,1,-1.2478,-0.5,-1.7478,HOLDING
2016-11-03,13,AEE,PNW,37.2937,51.8447,1.7321,1,1.6151,-0.5,1.1151,HOLDING
2016-11-04,13,AEE,PNW,37.5141,51.7678,2.5836,1,3.314,-0.5,2.814,HOLDING
2016-11-07,13,AEE,PNW,38.6161,52.4245,3.3105,1,7.2206,-0.5,6.7206,HOLDING
2016-11-08,13,AEE,PNW,38.9201,52.9064,2.5217,1,6.972,-0.5,6.472,HOLDING
2016-11-09,13,AEE,PNW,37.2785,51.677,0.5465,1,2.2602,-0.5,1.7602,HOLDING
2016-11-10,13,AEE,PNW,36.3285,50.8667,-0.4917,1,-0.0309,-0.5,-0.5309,HOLDING
2016-11-11,13,AEE,PNW,36.3057,51.2998,-1.2999,1,-2.0807,-0.5,-2.5807,HOLDING
2016-11-14,13,AEE,PNW,36.9517,51.0483,0.8099,1,3.0147,-0.5,2.5147,HOLDING
2016-11-15,13,AEE,PNW,37.4457,51.7329,0.7368,1,3.0458,-0.5,2.5458,HOLDING
2016-11-16,13,AEE,PNW,36.8377,51.5164,-0.4448,1,0.248,-0.5,-0.252,HOLDING
2016-11-17,13,AEE,PNW,36.8681,51.5164,-0.3791,1,0.4357,-0.5,-0.0643,HOLDING
2016-11-18,13,AEE,PNW,36.8453,51.1741,0.195,1,1.8037,-0.5,1.3037,HOLDING
2016-11-21,13,AEE,PNW,37.1189,51.7609,-0.2132,1,0.9057,-0.5,0.4057,HOLDING
2016-11-22,13,AEE,PNW,37.5673,52.4314,-0.3041,1,0.717,-0.5,0.217,HOLDING
2016-11-23,13,AEE,PNW,37.2937,51.663,0.3916,1,2.4157,-0.5,1.9157,HOLDING
2016-11-25,13,AEE,PNW,37.9929,52.627,0.3519,1,2.4815,-0.5,1.9815,HOLDING
2016-11-28,13,AEE,PNW,38.8213,53.5281,0.7241,1,3.6217,-0.5,3.1217,HOLDING
2016-11-29,13,AEE,PNW,38.7073,53.563,0.3126,1,2.7642,-0.5,2.2642,HOLDING
2016-11-30,13,AEE,PNW,37.3317,51.6421,0.2969,1,2.7425,-0.5,2.2425,HOLDING
2016-12-01,13,AEE,PNW,37.1721,51.0833,0.8849,1,4.221,-0.5,3.721,HOLDING
2016-12-02,13,AEE,PNW,37.7421,51.3697,1.6606,1,0.0,5.5169,5.5169,PERIOD_END_EXIT
2016-06-07,14,RSG,WM,41.8009,52.2655,0.0,0,0.0,0.0,0.0,HOLD_CASH
2016-06-08,14,RSG,WM,42.0645,52.3919,0.0,0,0.0,0.0,0.0,HOLD_CASH
2016-06-09,14,RSG,WM,42.3537,52.7287,0.0,0,0.0,0.0,0.0,HOLD_CASH
2016-06-10,14,RSG,WM,42.1581,52.7287,0.0,0,0.0,0.0,0.0,HOLD_CASH
2016-06-13,14,RSG,WM,42.141,52.6781,0.0,0,0.0,0.0,0.0,HOLD_CASH
2016-06-14,14,RSG,WM,42.1155,53.0318,0.0,0,0.0,0.0,0.0,HOLD_CASH
2016-06-15,14,RSG,WM,41.9625,52.8802,0.0,0,0.0,0.0,0.0,HOLD_CASH
2016-06-16,14,RSG,WM,42.4642,53.3939,0.0,0,0.0,0.0,0.0,HOLD_CASH
2016-06-17,14,RSG,WM,41.8859,52.7539,0.0,0,0.0,0.0,0.0,HOLD_CASH
2016-06-20,14,RSG,WM,42.056,52.6866,0.0,0,0.0,0.0,0.0,HOLD_CASH
2016-06-21,14,RSG,WM,42.2431,52.8213,0.0,0,0.0,0.0,0.0,HOLD_CASH
2016-06-22,14,RSG,WM,42.2516,53.0992,0.0,0,0.0,0.0,0.0,HOLD_CASH
2016-06-23,14,RSG,WM,42.3962,53.4275,0.0,0,0.0,0.0,0.0,HOLD_CASH
2016-06-24,14,RSG,WM,42.2516,53.6381,0.0,0,0.0,0.0,0.0,HOLD_CASH
2016-06-27,14,RSG,WM,42.005,53.596,0.0,0,0.0,0.0,0.0,HOLD_CASH
2016-06-28,14,RSG,WM,42.3367,54.0591,0.0,0,0.0,0.0,0.0,HOLD_CASH
2016-06-29,14,RSG,WM,42.9869,54.5475,0.0,0,0.0,0.0,0.0,HOLD_CASH
2016-06-30,14,RSG,WM,43.9025,55.8021,0.0,0,0.0,0.0,0.0,HOLD_CASH
2016-07-01,14,RSG,WM,44.1164,55.9705,0.0,0,0.0,0.0,0.0,HOLD_CASH
2016-07-05,14,RSG,WM,44.2618,56.4757,-1.5123,0,0.0,0.0,0.0,HOLD_CASH
2016-07-06,14,RSG,WM,44.7495,56.5936,-0.3701,0,0.0,0.0,0.0,HOLD_CASH
2016-07-07,14,RSG,WM,44.5699,56.661,-0.9329,0,0.0,0.0,0.0,HOLD_CASH
2016-07-08,14,RSG,WM,44.972,56.9304,-0.2993,0,0.0,0.0,0.0,HOLD_CASH
2016-07-11,14,RSG,WM,45.0148,57.0147,-0.3015,0,0.0,0.0,0.0,HOLD_CASH
2016-07-12,14,RSG,WM,44.7239,56.8126,-0.6726,0,0.0,0.0,0.0,HOLD_CASH
2016-07-13,14,RSG,WM,44.895,57.0989,-0.7876,0,0.0,0.0,0.0,HOLD_CASH
2016-07-14,14,RSG,WM,44.8864,57.1746,-0.9377,0,0.0,0.0,0.0,HOLD_CASH
2016-07-15,14,RSG,WM,44.7923,56.7957,-0.14,0,0.0,0.0,0.0,HOLD_CASH
2016-07-18,14,RSG,WM,44.6041,56.6105,-0.2403,0,0.0,0.0,0.0,HOLD_CASH
2016-07-19,14,RSG,WM,44.7495,56.9389,-0.608,0,0.0,0.0,0.0,HOLD_CASH
2016-07-20,14,RSG,WM,44.8009,57.0652,-0.8204,0,0.0,0.0,0.0,HOLD_CASH
2016-07-21,14,RSG,WM,44.5271,56.5684,-0.042,0,0.0,0.0,0.0,HOLD_CASH
2016-07-22,14,RSG,WM,44.8266,56.5852,2.1042,-1,0.0,-0.5,-0.5,ENTER_SHORT_A
2016-07-25,14,RSG,WM,44.8522,56.6021,1.8823,-1,-0.0686,-0.5,-0.5686,HOLDING
2016-07-26,14,RSG,WM,44.7581,56.7115,0.6072,-1,0.9399,-0.5,0.4399,HOLDING
2016-07-27,14,RSG,WM,44.2276,55.659,2.3153,-1,-0.7519,-0.5,-1.2519,HOLDING
2016-07-28,14,RSG,WM,44.4073,55.8779,1.9755,-1,-0.7866,-0.5,-1.2866,HOLDING
2016-07-29,14,RSG,WM,43.8597,55.6758,-0.2848,-1,1.3746,-0.5,0.8746,HOLDING
2016-08-01,14,RSG,WM,43.8169,55.9789,-1.691,-1,2.9523,-0.5,2.4523,HOLDING
2016-08-02,14,RSG,WM,43.6201,55.6674,-1.4293,-1,2.6735,-0.5,2.1735,HOLDING
2016-08-03,14,RSG,WM,43.4404,55.4232,-1.2259,-1,2.5967,-0.5,2.0967,HOLDING
2016-08-04,14,RSG,WM,43.5089,55.3895,-0.7048,-1,2.066,-0.5,1.566,HOLDING
2016-08-05,14,RSG,WM,43.7313,55.5495,-0.1663,-1,1.5323,-0.5,1.0323,HOLDING
2016-08-08,14,RSG,WM,43.5174,55.1622,0.3218,-1,1.0139,-0.5,0.5139,HOLDING
2016-08-09,14,RSG,WM,43.6543,55.3727,0.1521,-1,1.1805,-0.5,0.6805,HOLDING
2016-08-10,14,RSG,WM,44.0822,56.0379,-0.3559,-1,1.7335,-0.5,1.2335,HOLDING
2016-08-11,14,RSG,WM,44.3303,56.2652,-0.0384,-1,1.3541,-0.5,0.8541,HOLDING
2016-08-12,14,RSG,WM,44.2447,56.1389,0.0433,-1,1.2733,-0.5,0.7733,HOLDING
2016-08-15,14,RSG,WM,43.9196,55.7684,-0.1277,-1,1.4497,-0.5,0.9497,HOLDING
2016-08-16,14,RSG,WM,42.8671,54.7075,-1.2319,-1,2.6316,-0.5,2.1316,HOLDING
2016-08-17,14,RSG,WM,43.8255,55.078,1.9045,-1,-1.076,-0.5,-1.576,HOLDING
2016-08-18,14,RSG,WM,43.7228,54.6654,2.3459,-1,-2.3263,-0.5,-2.8263,HOLDING
2016-08-19,14,RSG,WM,43.8083,54.7075,2.1488,-1,-2.6175,-0.5,-3.1175,HOLDING
2016-08-22,14,RSG,WM,43.8853,55.1622,1.1073,-1,-1.0379,-0.5,-1.5379,HOLDING
2016-08-23,14,RSG,WM,43.8768,54.9685,1.4243,-1,-1.8459,-0.5,-2.3459,HOLDING
2016-08-24,14,RSG,WM,43.8682,54.9769,1.3055,-1,-1.761,-0.5,-2.261,HOLDING
2016-08-25,14,RSG,WM,43.7485,54.9096,1.069,-1,-1.3906,-0.5,-1.8906,HOLDING
2016-08-26,14,RSG,WM,43.2607,53.8654,1.8128,-1,-3.2837,-0.5,-3.7837,HOLDING
2016-08-29,14,RSG,WM,43.3977,54.2022,1.3052,-1,-2.5592,-0.5,-3.0592,HOLDING
2016-08-30,14,RSG,WM,43.295,53.9328,1.4508,-1,-3.1769,-0.5,-3.6769,HOLDING
2016-08-31,14,RSG,WM,43.2265,53.8402,1.329,-1,-3.2043,-0.5,-3.7043,HOLDING
2016-09-01,14,RSG,WM,43.3977,53.8907,1.5046,-1,-3.9357,-0.5,-4.4357,HOLDING
2016-09-02,14,RSG,WM,43.7057,54.1854,1.5032,-1,-4.3514,-0.5,-4.8514,HOLDING
2016-09-06,14,RSG,WM,43.8169,54.438,1.1432,-1,-3.8557,-0.5,-4.3557,HOLDING
2016-09-07,14,RSG,WM,43.4404,54.3279,0.346,-1,-2.2427,-0.5,-2.7427,HOLDING
2016-09-08,14,RSG,WM,43.4918,54.4973,0.045,-1,-1.7803,-0.5,-2.2803,HOLDING
2016-09-09,14,RSG,WM,42.3709,53.1754,-0.2301,-1,-1.3697,-0.5,-1.8697,HOLDING
2016-09-12,14,RSG,WM,43.0126,53.6753,0.4393,-1,-2.7397,-0.5,-3.2397,HOLDING
2016-09-13,14,RSG,WM,42.7474,53.1245,0.9683,-1,-3.6939,-0.5,-4.1939,HOLDING
2016-09-14,14,RSG,WM,42.6105,53.0906,0.5681,-1,-3.0802,-0.5,-3.5802,HOLDING
2016-09-15,14,RSG,WM,42.9869,53.2431,1.7619,-1,-4.506,-0.5,-5.006,HOLDING
2016-09-16,14,RSG,WM,43.0041,53.2262,1.6729,-1,-4.6763,-0.5,-5.1763,HOLDING
2016-09-19,14,RSG,WM,43.3891,53.3787,2.3478,-1,-6.1496,-0.5,-6.6496,HOLDING
2016-09-20,14,RSG,WM,43.4319,53.5736,1.6733,-1,-5.5272,-0.5,-6.0272,HOLDING
2016-09-21,14,RSG,WM,43.9196,54.2346,1.3274,-1,-5.3268,-0.5,-5.8268,HOLDING
2016-09-22,14,RSG,WM,43.8169,54.2431,0.8093,-1,-4.7168,-0.5,-5.2168,HOLDING
2016-09-23,14,RSG,WM,43.449,53.6923,1.0362,-1,-5.0985,-0.5,-5.5985,HOLDING
2016-09-26,14,RSG,WM,43.449,53.8109,0.5717,-1,-4.5742,-0.5,-5.0742,HOLDING
2016-09-27,14,RSG,WM,43.4404,54.1414,-0.6302,-1,-3.0664,-0.5,-3.5664,HOLDING
2016-09-28,14,RSG,WM,43.2864,54.1075,-1.1179,-1,-2.3572,-0.5,-2.8572,HOLDING
2016-09-29,14,RSG,WM,43.1142,53.616,-0.1908,-1,-3.5684,-0.5,-4.0684,HOLDING
2016-09-30,14,RSG,WM,43.4414,54.0312,-0.2042,-1,-3.5587,-0.5,-4.0587,HOLDING
2016-10-03,14,RSG,WM,43.3984,53.777,0.4759,-1,-4.4418,-0.5,-4.9418,HOLDING
2016-10-04,14,RSG,WM,42.9851,53.0906,0.9953,-1,-5.1693,-0.5,-5.6693,HOLDING
2016-10-05,14,RSG,WM,42.9247,52.8872,1.2913,-1,-5.7315,-0.5,-6.2315,HOLDING
2016-10-06,14,RSG,WM,42.8128,53.2008,-0.3254,-1,-3.722,-0.5,-4.222,HOLDING
2016-10-07,14,RSG,WM,42.6148,52.7771,0.2316,-1,-4.4894,-0.5,-4.9894,HOLDING
2016-10-10,14,RSG,WM,42.9592,53.2008,0.1676,-1,-4.5385,-0.5,-5.0385,HOLDING
2016-10-11,14,RSG,WM,42.7095,52.9042,0.0705,-1,-4.4561,-0.5,-4.9561,HOLDING
2016-10-12,14,RSG,WM,42.787,53.2347,-1.0582,-1,-3.4282,-0.5,-3.9282,HOLDING
2016-10-13,14,RSG,WM,42.7353,52.2856,2.4594,-1,-7.3333,-0.5,-7.8333,HOLDING
2016-10-14,14,RSG,WM,42.8989,52.4381,2.1664,-1,-7.5718,-0.5,-8.0718,HOLDING
2016-10-17,14,RSG,WM,43.1831,53.0821,1.1586,-1,-6.3112,-0.5,-6.8112,HOLDING
2016-10-18,14,RSG,WM,43.2606,52.9974,1.5842,-1,-7.1178,-0.5,-7.6178,HOLDING
2016-10-19,14,RSG,WM,43.2003,52.9042,1.4804,-1,-7.1934,-0.5,-7.6934,HOLDING
2016-10-20,14,RSG,WM,43.0367,52.9127,0.8039,-1,-6.2436,-0.5,-6.7436,HOLDING
2016-10-21,14,RSG,WM,42.9936,52.7178,1.1123,-1,-6.8646,-0.5,-7.3646,HOLDING
2016-10-24,14,RSG,WM,43.5275,53.0313,1.762,-1,-8.4567,-0.5,-8.9567,HOLDING
2016-10-25,14,RSG,WM,43.8719,53.1669,2.0869,-1,-9.7786,-0.5,-10.2786,HOLDING
2016-10-26,14,RSG,WM,44.1647,54.2092,0.4554,-1,-6.8062,-0.5,-7.3062,HOLDING
2016-10-27,14,RSG,WM,43.8892,53.6923,0.8086,-1,-7.5534,-0.5,-8.0534,HOLDING
2016-10-28,14,RSG,WM,44.7589,54.2177,1.8794,-1,-10.0824,-0.5,-10.5824,HOLDING
2016-10-31,14,RSG,WM,45.3186,55.6413,0.0751,-1,-6.9139,-0.5,-7.4139,HOLDING
2016-11-01,14,RSG,WM,44.1647,54.1923,0.113,-1,-6.8812,-0.5,-7.3812,HOLDING
2016-11-02,14,RSG,WM,44.0442,53.9296,0.3597,-1,-7.3695,-0.5,-7.8695,HOLDING
2016-11-03,14,RSG,WM,43.9408,53.7347,0.4568,-1,-7.6542,-0.5,-8.1542,HOLDING
2016-11-04,14,RSG,WM,44.113,53.7008,1.0239,-1,-8.7645,-0.5,-9.2645,HOLDING
2016-11-07,14,RSG,WM,44.7847,54.8278,0.0916,-1,-7.5308,-0.5,-8.0308,HOLDING
2016-11-08,14,RSG,WM,44.9827,55.3363,-0.8069,-1,-6.3889,-0.5,-6.8889,HOLDING
2016-11-09,14,RSG,WM,45.4305,55.8956,-1.1875,-1,-6.4151,-0.5,-6.9151,HOLDING
2016-11-10,14,RSG,WM,45.551,56.3871,-2.1044,-1,-4.9159,-0.5,-5.4159,HOLDING
2016-11-11,14,RSG,WM,46.2141,57.2938,-1.9998,-1,-4.6077,-0.5,-5.1077,HOLDING
2016-11-14,14,RSG,WM,46.5843,57.387,-0.8758,-1,-6.2607,-0.5,-6.7607,HOLDING
2016-11-15,14,RSG,WM,47.2818,58.1751,-0.6249,-1,-6.6687,-0.5,-7.1687,HOLDING
2016-11-16,14,RSG,WM,46.9891,58.226,-1.5917,-1,-4.8113,-0.5,-5.3113,HOLDING
2016-11-17,14,RSG,WM,47.0752,58.2768,-1.3248,-1,-5.0669,-0.5,-5.5669,HOLDING
2016-11-18,14,RSG,WM,47.0235,58.387,-1.559,-1,-4.292,-0.5,-4.792,HOLDING
2016-11-21,14,RSG,WM,47.6607,58.9209,-0.8652,-1,-5.4869,-0.5,-5.9869,HOLDING
2016-11-22,14,RSG,WM,47.7296,58.9548,-0.6756,-1,-5.7214,-0.5,-6.2214,HOLDING
2016-11-23,14,RSG,WM,47.5143,58.9293,-1.1824,-1,-4.6331,-0.5,-5.1331,HOLDING
2016-11-25,14,RSG,WM,47.9018,59.3445,-0.9215,-1,-4.9597,-0.5,-5.4597,HOLDING
2016-11-28,14,RSG,WM,48.0998,59.514,-0.6899,-1,-5.3153,-0.5,-5.8153,HOLDING
2016-11-29,14,RSG,WM,48.1343,59.6496,-0.8776,-1,-4.9084,-0.5,-5.4084,HOLDING
2016-11-30,14,RSG,WM,47.7812,59.2575,-0.9166,-1,-4.6718,-0.5,-5.1718,HOLDING
2016-12-01,14,RSG,WM,47.764,59.0615,-0.3251,-1,-5.4419,-0.5,-5.9419,HOLDING
2016-12-02,14,RSG,WM,48.0568,59.5559,-0.6636,-1,0.0,-5.9216,-5.9216,PERIOD_END_EXIT
2016-06-07,15,JPM,PNC,50.1183,64.8074,0.0,0,0.0,0.0,0.0,HOLD_CASH
2016-06-08,15,JPM,PNC,50.2647,65.0983,0.0,0,0.0,0.0,0.0,HOLD_CASH
2016-06-09,15,JPM,PNC,49.8795,64.2473,0.0,0,0.0,0.0,0.0,HOLD_CASH
2016-06-10,15,JPM,PNC,49.1785,63.2799,0.0,0,0.0,0.0,0.0,HOLD_CASH
2016-06-13,15,JPM,PNC,48.7394,62.7999,0.0,0,0.0,0.0,0.0,HOLD_CASH
2016-06-14,15,JPM,PNC,47.8227,61.3961,0.0,0,0.0,0.0,0.0,HOLD_CASH
2016-06-15,15,JPM,PNC,47.738,61.2579,0.0,0,0.0,0.0,0.0,HOLD_CASH
2016-06-16,15,JPM,PNC,47.9305,61.0033,0.0,0,0.0,0.0,0.0,HOLD_CASH
2016-06-17,15,JPM,PNC,47.9768,60.8651,0.0,0,0.0,0.0,0.0,HOLD_CASH
2016-06-20,15,JPM,PNC,48.0461,61.1124,0.0,0,0.0,0.0,0.0,HOLD_CASH
2016-06-21,15,JPM,PNC,48.4929,61.4834,0.0,0,0.0,0.0,0.0,HOLD_CASH
2016-06-22,15,JPM,PNC,48.308,61.6507,0.0,0,0.0,0.0,0.0,HOLD_CASH
2016-06-23,15,JPM,PNC,49.3403,63.0399,0.0,0,0.0,0.0,0.0,HOLD_CASH
2016-06-24,15,JPM,PNC,45.9123,58.974,0.0,0,0.0,0.0,0.0,HOLD_CASH
2016-06-27,15,JPM,PNC,44.3793,56.6465,0.0,0,0.0,0.0,0.0,HOLD_CASH
2016-06-28,15,JPM,PNC,45.8506,57.4393,0.0,0,0.0,0.0,0.0,HOLD_CASH
2016-06-29,15,JPM,PNC,47.1448,58.4357,0.0,0,0.0,0.0,0.0,HOLD_CASH
2016-06-30,15,JPM,PNC,47.8689,59.1995,0.0,0,0.0,0.0,0.0,HOLD_CASH
2016-07-01,15,JPM,PNC,47.5584,58.8649,0.0,0,0.0,0.0,0.0,HOLD_CASH
2016-07-05,15,JPM,PNC,46.2308,57.3375,1.6,0,0.0,0.0,0.0,HOLD_CASH
2016-07-06,15,JPM,PNC,46.7277,57.7375,1.6255,0,0.0,0.0,0.0,HOLD_CASH
2016-07-07,15,JPM,PNC,47.0305,57.8175,1.7145,0,0.0,0.0,0.0,HOLD_CASH
2016-07-08,15,JPM,PNC,48.0009,58.6394,1.8128,0,0.0,0.0,0.0,HOLD_CASH
2016-07-11,15,JPM,PNC,48.3425,58.9594,1.6726,0,0.0,0.0,0.0,HOLD_CASH
2016-07-12,15,JPM,PNC,49.0645,59.8904,1.46,0,0.0,0.0,0.0,HOLD_CASH
2016-07-13,15,JPM,PNC,49.0334,59.7159,1.4186,0,0.0,0.0,0.0,HOLD_CASH
2016-07-14,15,JPM,PNC,49.7787,60.6752,1.2464,0,0.0,0.0,0.0,HOLD_CASH
2016-07-15,15,JPM,PNC,49.8253,60.0894,1.5907,0,0.0,0.0,0.0,HOLD_CASH
2016-07-18,15,JPM,PNC,49.6545,60.1113,1.2567,0,0.0,0.0,0.0,HOLD_CASH
2016-07-19,15,JPM,PNC,49.5769,60.3164,0.9169,0,0.0,0.0,0.0,HOLD_CASH
2016-07-20,15,JPM,PNC,49.6312,60.4848,0.7494,0,0.0,0.0,0.0,HOLD_CASH
2016-07-21,15,JPM,PNC,49.4449,60.3749,0.5748,0,0.0,0.0,0.0,HOLD_CASH
2016-07-22,15,JPM,PNC,49.7166,60.6532,0.5513,0,0.0,0.0,0.0,HOLD_CASH
2016-07-25,15,JPM,PNC,49.5846,60.6019,0.3635,0,0.0,0.0,0.0,HOLD_CASH
2016-07-26,15,JPM,PNC,49.7865,60.5507,0.761,0,0.0,0.0,0.0,HOLD_CASH
2016-07-27,15,JPM,PNC,49.9417,60.4994,1.1565,0,0.0,0.0,0.0,HOLD_CASH
2016-07-28,15,JPM,PNC,49.7632,60.7923,0.0504,0,0.0,0.0,0.0,HOLD_CASH
2016-07-29,15,JPM,PNC,49.6623,60.5214,0.2941,0,0.0,0.0,0.0,HOLD_CASH
2016-08-01,15,JPM,PNC,49.5303,60.353,0.2247,0,0.0,0.0,0.0,HOLD_CASH
2016-08-02,15,JPM,PNC,49.4138,59.7964,1.3314,0,0.0,0.0,0.0,HOLD_CASH
2016-08-03,15,JPM,PNC,50.1979,61.4001,-0.9459,0,0.0,0.0,0.0,HOLD_CASH
2016-08-04,15,JPM,PNC,50.1203,61.4221,-1.5257,0,0.0,0.0,0.0,HOLD_CASH
2016-08-05,15,JPM,PNC,51.4711,63.2967,-2.0471,1,0.0,-0.5,-0.5,ENTER_LONG_A
2016-08-08,15,JPM,PNC,51.3159,63.3333,-2.2855,1,-0.8987,-0.5,-1.3987,HOLDING
2016-08-09,15,JPM,PNC,51.1373,63.1575,-2.0304,1,-1.0719,-0.5,-1.5719,HOLDING
2016-08-10,15,JPM,PNC,50.6793,62.5278,-1.6265,1,-0.8094,-0.5,-1.3094,HOLDING
2016-08-11,15,JPM,PNC,50.819,62.6083,-1.2659,1,-0.4488,-0.5,-0.9488,HOLDING
2016-08-12,15,JPM,PNC,50.7103,62.2422,-0.6569,1,0.4694,-0.5,-0.0306,HOLDING
2016-08-15,15,JPM,PNC,51.0208,62.7035,-0.7785,1,0.1557,-0.5,-0.3443,HOLDING
2016-08-16,15,JPM,PNC,51.0131,62.7328,-0.7963,1,0.0021,-0.5,-0.4979,HOLDING
2016-08-17,15,JPM,PNC,51.1528,62.8134,-0.4947,1,0.3628,-0.5,-0.1372,HOLDING
2016-08-18,15,JPM,PNC,51.1994,62.5791,0.2948,1,1.5145,-0.5,1.0145,HOLDING
2016-08-19,15,JPM,PNC,51.1295,62.5497,0.1686,1,1.2909,-0.5,0.7909,HOLDING
2016-08-22,15,JPM,PNC,51.083,62.6303,-0.1788,1,0.7465,-0.5,0.2465,HOLDING
2016-08-23,15,JPM,PNC,51.0597,62.7621,-0.542,1,0.1127,-0.5,-0.3873,HOLDING
2016-08-24,15,JPM,PNC,51.1994,62.7328,0.1386,1,0.9071,-0.5,0.4071,HOLDING
2016-08-25,15,JPM,PNC,51.2926,62.8793,0.0717,1,0.7813,-0.5,0.2813,HOLDING
2016-08-26,15,JPM,PNC,51.409,63.4797,-1.2667,1,-1.0247,-0.5,-1.5247,HOLDING
2016-08-29,15,JPM,PNC,51.9757,64.3804,-1.6915,1,-1.8294,-0.5,-2.3294,HOLDING
2016-08-30,15,JPM,PNC,52.4027,65.0761,-2.2701,1,-2.5032,-0.5,-3.0032,HOLDING
2016-08-31,15,JPM,PNC,52.4027,65.9767,-3.3274,1,-6.0605,-0.5,-6.5605,HOLDING
2016-09-01,15,JPM,PNC,52.1776,65.8962,-2.7555,1,-6.836,-0.5,-7.336,HOLDING
2016-09-02,15,JPM,PNC,52.395,66.2989,-2.3517,1,-7.3708,-0.5,-7.8708,HOLDING
2016-09-06,15,JPM,PNC,52.3561,65.5227,-1.165,1,-4.4935,-0.5,-4.9935,HOLDING
2016-09-07,15,JPM,PNC,52.1388,66.2111,-2.0905,1,-8.268,-0.5,-8.768,HOLDING
2016-09-08,15,JPM,PNC,52.2086,66.4307,-1.9039,1,-8.7964,-0.5,-9.2964,HOLDING
2016-09-09,15,JPM,PNC,51.7428,65.8449,-1.6602,1,-8.7451,-0.5,-9.2451,HOLDING
2016-09-12,15,JPM,PNC,52.0611,66.5625,-1.7128,1,-10.0334,-0.5,-10.5334,HOLDING
2016-09-13,15,JPM,PNC,51.6497,65.8449,-1.3631,1,-9.1976,-0.5,-9.6976,HOLDING
2016-09-14,15,JPM,PNC,51.5488,65.3836,-0.9555,1,-7.8656,-0.5,-8.3656,HOLDING
2016-09-15,15,JPM,PNC,51.7351,66.1378,-1.2814,1,-9.9396,-0.5,-10.4396,HOLDING
2016-09-16,15,JPM,PNC,51.0985,65.4568,-1.2722,1,-10.3419,-0.5,-10.8419,HOLDING
2016-09-19,15,JPM,PNC,51.3857,65.984,-1.2903,1,-11.0291,-0.5,-11.5291,HOLDING
2016-09-20,15,JPM,PNC,51.5953,66.1671,-1.1102,1,-10.7341,-0.5,-11.2341,HOLDING
2016-09-21,15,JPM,PNC,51.8903,66.4454,-0.93,1,-10.4003,-0.5,-10.9003,HOLDING
2016-09-22,15,JPM,PNC,52.3173,65.9035,0.2497,1,-6.1862,-0.5,-6.6862,HOLDING
2016-09-23,15,JPM,PNC,52.2086,65.4715,0.7616,1,-5.0077,-0.5,-5.5077,HOLDING
2016-09-26,15,JPM,PNC,51.0674,64.2706,0.6113,1,-5.8074,-0.5,-6.3074,HOLDING
2016-09-27,15,JPM,PNC,51.5177,64.8417,0.7729,1,-5.8763,-0.5,-6.3763,HOLDING
2016-09-28,15,JPM,PNC,51.7894,65.4715,0.4593,1,-7.0438,-0.5,-7.5438,HOLDING
2016-09-29,15,JPM,PNC,50.9665,65.1639,-0.8721,1,-9.8261,-0.5,-10.3261,HOLDING
2016-09-30,15,JPM,PNC,51.6963,65.9694,-0.5643,1,-9.4629,-0.5,-9.9629,HOLDING
2016-10-03,15,JPM,PNC,51.6341,65.4642,0.274,1,-7.7691,-0.5,-8.2691,HOLDING
2016-10-04,15,JPM,PNC,52.0799,66.2696,-0.0944,1,-8.7854,-0.5,-9.2854,HOLDING
2016-10-05,15,JPM,PNC,52.9322,67.0165,0.5996,1,-7.5955,-0.5,-8.0955,HOLDING
2016-10-06,15,JPM,PNC,53.073,67.2363,0.4779,1,-7.7796,-0.5,-8.2796,HOLDING
2016-10-07,15,JPM,PNC,53.2607,66.9433,1.4206,1,-5.711,-0.5,-6.211,HOLDING
2016-10-10,15,JPM,PNC,53.6751,67.141,1.7758,1,-4.479,-0.5,-4.979,HOLDING
2016-10-11,15,JPM,PNC,53.4171,66.277,2.2407,1,-2.3196,-0.5,-2.8196,HOLDING
2016-10-12,15,JPM,PNC,53.2763,66.1818,1.8122,1,-2.6272,-0.5,-3.1272,HOLDING
2016-10-13,15,JPM,PNC,52.9713,64.7893,2.5389,1,1.3911,-0.5,0.8911,HOLDING
2016-10-14,15,JPM,PNC,52.7993,64.8556,1.8893,1,0.2937,-0.5,-0.2063,HOLDING
2016-10-17,15,JPM,PNC,52.5256,64.9882,1.2359,1,-1.5594,-0.5,-2.0594,HOLDING
2016-10-18,15,JPM,PNC,52.94,66.2039,0.3751,1,-4.3479,-0.5,-4.8479,HOLDING
2016-10-19,15,JPM,PNC,53.4483,67.4858,-0.4552,1,-6.9421,-0.5,-7.4421,HOLDING
2016-10-20,15,JPM,PNC,53.378,68.7383,-1.8061,1,-12.2307,-0.5,-12.7307,HOLDING
2016-10-21,15,JPM,PNC,53.5578,68.4583,-1.1353,1,-10.2514,-0.5,-10.7514,HOLDING
2016-10-24,15,JPM,PNC,53.855,68.532,-0.7609,1,-9.0991,-0.5,-9.5991,HOLDING
2016-10-25,15,JPM,PNC,53.8002,68.6204,-0.8594,1,-9.7142,-0.5,-10.2142,HOLDING
2016-10-26,15,JPM,PNC,54.0583,69.4603,-1.2593,1,-11.778,-0.5,-12.278,HOLDING
2016-10-27,15,JPM,PNC,54.1365,70.3075,-1.7841,1,-14.7446,-0.5,-15.2446,HOLDING
2016-10-28,15,JPM,PNC,54.0426,70.0644,-1.5384,1,-14.2401,-0.5,-14.7401,HOLDING
2016-10-31,15,JPM,PNC,54.1599,70.4328,-1.5352,1,-15.1254,-0.5,-15.6254,HOLDING
2016-11-01,15,JPM,PNC,53.9332,70.4107,-1.5646,1,-16.1396,-0.5,-16.6396,HOLDING
2016-11-02,15,JPM,PNC,53.7064,69.8213,-1.2286,1,-14.913,-0.5,-15.413,HOLDING
2016-11-03,15,JPM,PNC,53.4718,69.9171,-1.357,1,-16.4308,-0.5,-16.9308,HOLDING
2016-11-04,15,JPM,PNC,52.987,69.7329,-1.464,1,-18.0583,-0.5,-18.5583,HOLDING
2016-11-07,15,JPM,PNC,54.6448,71.0222,-0.832,1,-15.0985,-0.5,-15.5985,HOLDING
2016-11-08,15,JPM,PNC,54.7621,71.199,-0.7635,1,-15.227,-0.5,-15.727,HOLDING
2016-11-09,15,JPM,PNC,57.2801,74.5954,-0.7544,1,-16.4116,-0.5,-16.9116,HOLDING
2016-11-10,15,JPM,PNC,59.9388,78.0802,-0.7095,1,-17.2617,-0.5,-17.7617,HOLDING
2016-11-11,15,JPM,PNC,59.97,78.0434,-0.6035,1,-16.9644,-0.5,-17.4644,HOLDING
2016-11-14,15,JPM,PNC,62.1752,79.6421,0.6113,1,-12.5679,-0.5,-13.0679,HOLDING
2016-11-15,15,JPM,PNC,62.0579,80.1431,0.1287,1,-15.1163,-0.5,-15.6163,HOLDING
2016-11-16,15,JPM,PNC,60.5253,79.2074,-1.0977,1,-18.8652,-0.5,-19.3652,HOLDING
2016-11-17,15,JPM,PNC,61.0101,81.484,-2.528,1,-25.5021,-0.5,-26.0021,HOLDING
2016-11-18,15,JPM,PNC,60.7677,81.9555,-2.6172,1,-28.5416,-0.5,-29.0416,HOLDING
2016-11-21,15,JPM,PNC,61.0336,81.565,-1.7472,1,-25.708,-0.5,-26.208,HOLDING
2016-11-22,15,JPM,PNC,61.4089,81.6018,-1.231,1,-24.0304,-0.5,-24.5304,HOLDING
2016-11-23,15,JPM,PNC,61.667,81.8818,-1.0669,1,-23.8827,-0.5,-24.3827,HOLDING
2016-11-25,15,JPM,PNC,61.6435,82.567,-1.5229,1,-26.703,-0.5,-27.203,HOLDING
2016-11-28,15,JPM,PNC,61.2447,80.8946,-0.4564,1,-22.0347,-0.5,-22.5347,HOLDING
2016-11-29,15,JPM,PNC,61.7139,80.4967,0.4737,1,-18.1844,-0.5,-18.6844,HOLDING
2016-11-30,15,JPM,PNC,62.6913,81.4397,0.7459,1,-17.1612,-0.5,-17.6612,HOLDING
2016-12-01,15,JPM,PNC,63.9582,82.9574,0.8437,1,-17.0026,-0.5,-17.5026,HOLDING
2016-12-02,15,JPM,PNC,63.8096,81.8376,1.4887,1,0.0,-14.4345,-14.4345,PERIOD_END_EXIT
2016-06-07,16,CMS,PNW,31.8984,51.8896,0.0,0,0.0,0.0,0.0,HOLD_CASH
2016-06-08,16,CMS,PNW,32.0857,52.2056,0.0,0,0.0,0.0,0.0,HOLD_CASH
2016-06-09,16,CMS,PNW,32.5052,53.0092,0.0,0,0.0,0.0,0.0,HOLD_CASH
2016-06-10,16,CMS,PNW,32.4452,52.707,0.0,0,0.0,0.0,0.0,HOLD_CASH
2016-06-13,16,CMS,PNW,32.4452,52.6589,0.0,0,0.0,0.0,0.0,HOLD_CASH
2016-06-14,16,CMS,PNW,32.8423,53.1741,0.0,0,0.0,0.0,0.0,HOLD_CASH
2016-06-15,16,CMS,PNW,32.5277,52.707,0.0,0,0.0,0.0,0.0,HOLD_CASH
2016-06-16,16,CMS,PNW,32.7449,53.2428,0.0,0,0.0,0.0,0.0,HOLD_CASH
2016-06-17,16,CMS,PNW,32.8273,53.4283,0.0,0,0.0,0.0,0.0,HOLD_CASH
2016-06-20,16,CMS,PNW,32.6325,53.2222,0.0,0,0.0,0.0,0.0,HOLD_CASH
2016-06-21,16,CMS,PNW,32.7449,53.2359,0.0,0,0.0,0.0,0.0,HOLD_CASH
2016-06-22,16,CMS,PNW,32.7,52.9474,0.0,0,0.0,0.0,0.0,HOLD_CASH
2016-06-23,16,CMS,PNW,32.655,53.1054,0.0,0,0.0,0.0,0.0,HOLD_CASH
2016-06-24,16,CMS,PNW,33.2318,53.545,0.0,0,0.0,0.0,0.0,HOLD_CASH
2016-06-27,16,CMS,PNW,33.6663,54.3556,0.0,0,0.0,0.0,0.0,HOLD_CASH
2016-06-28,16,CMS,PNW,33.6963,54.3006,0.0,0,0.0,0.0,0.0,HOLD_CASH
2016-06-29,16,CMS,PNW,33.5914,54.3624,0.0,0,0.0,0.0,0.0,HOLD_CASH
2016-06-30,16,CMS,PNW,34.3555,55.6813,0.0,0,0.0,0.0,0.0,HOLD_CASH
2016-07-01,16,CMS,PNW,34.1832,55.6951,0.0,0,0.0,0.0,0.0,HOLD_CASH
2016-07-05,16,CMS,PNW,34.5204,56.7117,-2.5755,1,0.0,-0.5,-0.5,ENTER_LONG_A
2016-07-06,16,CMS,PNW,34.5878,56.698,-1.8215,1,0.5488,-0.5,0.0488,HOLDING
2016-07-07,16,CMS,PNW,33.9061,55.6058,-1.6877,1,0.4264,-0.5,-0.0736,HOLDING
2016-07-08,16,CMS,PNW,34.0933,55.7569,-1.1196,1,1.1165,-0.5,0.6165,HOLDING
2016-07-11,16,CMS,PNW,33.996,55.6951,-1.2941,1,0.6838,-0.5,0.1838,HOLDING
2016-07-12,16,CMS,PNW,33.3966,54.5685,-0.772,1,1.3096,-0.5,0.8096,HOLDING
2016-07-13,16,CMS,PNW,33.7338,54.9601,-0.2338,1,2.0251,-0.5,1.5251,HOLDING
2016-07-14,16,CMS,PNW,33.5315,54.5067,0.1849,1,2.5587,-0.5,2.0587,HOLDING
2016-07-15,16,CMS,PNW,33.5765,54.6304,0.0297,1,2.3392,-0.5,1.8392,HOLDING
2016-07-18,16,CMS,PNW,33.6589,54.8227,-0.1485,1,2.0881,-0.5,1.5881,HOLDING
2016-07-19,16,CMS,PNW,33.7113,54.7334,0.3659,1,2.8615,-0.5,2.3615,HOLDING
2016-07-20,16,CMS,PNW,33.5914,54.3693,0.8507,1,3.5983,-0.5,3.0983,HOLDING
2016-07-21,16,CMS,PNW,33.7937,54.7196,0.7797,1,3.519,-0.5,3.019,HOLDING
2016-07-22,16,CMS,PNW,34.1158,55.3585,0.398,1,3.0357,-0.5,2.5357,HOLDING
2016-07-25,16,CMS,PNW,34.1383,55.276,0.8499,1,3.5619,-0.5,3.0619,HOLDING
2016-07-26,16,CMS,PNW,33.7113,54.596,0.8683,1,3.4671,-0.5,2.9671,HOLDING
2016-07-27,16,CMS,PNW,33.4716,54.0327,1.527,1,4.214,-0.5,3.714,HOLDING
2016-07-28,16,CMS,PNW,33.7038,54.3478,1.6236,1,4.5072,-0.5,4.0072,HOLDING
2016-07-29,16,CMS,PNW,33.8461,54.6109,1.4071,1,4.3781,-0.5,3.8781,HOLDING
2016-08-01,16,CMS,PNW,33.8237,55.0471,-0.1025,1,2.2924,-0.5,1.7924,HOLDING
2016-08-02,16,CMS,PNW,33.7338,54.5486,0.9423,1,3.839,-0.5,3.339,HOLDING
2016-08-03,16,CMS,PNW,33.2887,54.1124,-0.1237,1,2.5388,-0.5,2.0388,HOLDING
2016-08-04,16,CMS,PNW,33.432,54.1124,0.6715,1,3.5768,-0.5,3.0768,HOLDING
2016-08-05,16,CMS,PNW,32.9568,53.4338,0.2145,1,3.1264,-0.5,2.6264,HOLDING
2016-08-08,16,CMS,PNW,32.8512,53.5169,-1.1392,1,1.9953,-0.5,1.4953,HOLDING
2016-08-09,16,CMS,PNW,32.9266,53.6207,-1.1779,1,2.0838,-0.5,1.5838,HOLDING
2016-08-10,16,CMS,PNW,33.0021,53.7246,-1.1017,1,2.1722,-0.5,1.6722,HOLDING
2016-08-11,16,CMS,PNW,32.9794,53.8008,-1.5808,1,1.6726,-0.5,1.1726,HOLDING
2016-08-12,16,CMS,PNW,33.085,53.9531,-1.3913,1,1.7657,-0.5,1.2657,HOLDING
2016-08-15,16,CMS,PNW,32.4439,52.9353,-1.4647,1,1.6092,-0.5,1.1092,HOLDING
2016-08-16,16,CMS,PNW,31.9083,52.3052,-2.203,1,0.5082,-0.5,0.0082,HOLDING
2016-08-17,16,CMS,PNW,32.4589,53.0114,-1.225,1,1.3828,-0.5,0.8828,HOLDING
2016-08-18,16,CMS,PNW,32.8663,53.7938,-1.5018,1,0.8836,-0.5,0.3836,HOLDING
2016-08-19,16,CMS,PNW,32.4816,53.0737,-1.0448,1,1.272,-0.5,0.772,HOLDING
2016-08-22,16,CMS,PNW,32.5721,53.3922,-1.4939,1,0.5234,-0.5,0.0234,HOLDING
2016-08-23,16,CMS,PNW,32.3005,53.2122,-2.0478,1,-0.6496,-0.5,-1.1496,HOLDING
2016-08-24,16,CMS,PNW,32.3307,53.0807,-1.329,1,0.1489,-0.5,-0.3511,HOLDING
2016-08-25,16,CMS,PNW,32.4061,53.1292,-1.0066,1,0.4814,-0.5,-0.0186,HOLDING
2016-08-26,16,CMS,PNW,31.6443,51.8135,-0.7017,1,0.7634,-0.5,0.2634,HOLDING
2016-08-29,16,CMS,PNW,31.9309,52.2082,-0.3583,1,1.0994,-0.5,0.5994,HOLDING
2016-08-30,16,CMS,PNW,31.5236,51.675,-0.8324,1,0.4998,-0.5,-0.0002,HOLDING
2016-08-31,16,CMS,PNW,31.6593,51.959,-1.001,1,0.2316,-0.5,-0.2684,HOLDING
2016-09-01,16,CMS,PNW,31.5688,51.7997,-0.9102,1,0.2781,-0.5,-0.2219,HOLDING
2016-09-02,16,CMS,PNW,31.9158,52.6721,-2.2289,1,-1.0549,-0.5,-1.5549,HOLDING
2016-09-06,16,CMS,PNW,32.2854,53.3715,-2.2163,1,-1.4609,-0.5,-1.9609,HOLDING
2016-09-07,16,CMS,PNW,32.3156,53.2815,-1.4328,1,-0.8456,-0.5,-1.3456,HOLDING
2016-09-08,16,CMS,PNW,32.3835,53.2122,-0.5464,1,-0.0486,-0.5,-0.5486,HOLDING
2016-09-09,16,CMS,PNW,31.1615,51.2042,-0.4741,1,-0.0468,-0.5,-0.5468,HOLDING
2016-09-12,16,CMS,PNW,31.5764,52.0974,-1.4218,1,-0.9797,-0.5,-1.4797,HOLDING
2016-09-13,16,CMS,PNW,31.2294,51.5227,-1.2945,1,-0.9592,-0.5,-1.4592,HOLDING
2016-09-14,16,CMS,PNW,31.4406,51.6335,0.0064,1,0.082,-0.5,-0.418,HOLDING
2016-09-15,16,CMS,PNW,31.5915,52.1597,-1.3619,1,-1.1452,-0.5,-1.6452,HOLDING
2016-09-16,16,CMS,PNW,31.9309,52.8245,-1.6859,1,-1.6171,-0.5,-2.1171,HOLDING
2016-09-19,16,CMS,PNW,32.293,53.233,-0.6443,1,-0.7958,-0.5,-1.2958,HOLDING
2016-09-20,16,CMS,PNW,32.21,53.1984,-1.0876,1,-1.2442,-0.5,-1.7442,HOLDING
2016-09-21,16,CMS,PNW,32.8889,54.2232,-0.5592,1,-0.8451,-0.5,-1.3451,HOLDING
2016-09-22,16,CMS,PNW,33.0096,54.7632,-1.9763,1,-2.3518,-0.5,-2.8518,HOLDING
2016-09-23,16,CMS,PNW,33.0926,54.971,-1.959,1,-2.6665,-0.5,-3.1665,HOLDING
2016-09-26,16,CMS,PNW,33.2057,54.964,-1.0259,1,-1.8165,-0.5,-2.3165,HOLDING
2016-09-27,16,CMS,PNW,32.6324,54.3616,-2.2554,1,-3.3128,-0.5,-3.8128,HOLDING
2016-09-28,16,CMS,PNW,32.4363,53.9185,-1.5779,1,-2.7797,-0.5,-3.2797,HOLDING
2016-09-29,16,CMS,PNW,31.9158,53.1499,-1.7612,1,-3.161,-0.5,-3.661,HOLDING
2016-09-30,16,CMS,PNW,31.6895,52.6167,-1.009,1,-2.4496,-0.5,-2.9496,HOLDING
2016-10-03,16,CMS,PNW,31.2294,51.9174,-1.1716,1,-2.6991,-0.5,-3.1991,HOLDING
2016-10-04,16,CMS,PNW,30.5203,50.5464,-0.2996,1,-1.7906,-0.5,-2.2906,HOLDING
2016-10-05,16,CMS,PNW,30.46,50.4149,-0.118,1,-1.6477,-0.5,-2.1477,HOLDING
2016-10-06,16,CMS,PNW,30.5128,50.5257,-0.1454,1,-1.7538,-0.5,-2.2538,HOLDING
2016-10-07,16,CMS,PNW,30.3694,50.3318,-0.274,1,-1.937,-0.5,-2.437,HOLDING
2016-10-10,16,CMS,PNW,30.6334,51.0865,-1.6766,1,-3.3521,-0.5,-3.8521,HOLDING
2016-10-11,16,CMS,PNW,30.2563,50.4772,-1.5643,1,-3.3974,-0.5,-3.8974,HOLDING
2016-10-12,16,CMS,PNW,30.4826,50.9688,-1.9532,1,-3.9257,-0.5,-4.4257,HOLDING
2016-10-13,16,CMS,PNW,30.8145,51.4535,-1.4445,1,-3.6587,-0.5,-4.1587,HOLDING
2016-10-14,16,CMS,PNW,30.7013,51.0034,-0.1612,1,-2.494,-0.5,-2.994,HOLDING
2016-10-17,16,CMS,PNW,30.9578,51.405,0.05,1,-2.407,-0.5,-2.907,HOLDING
2016-10-18,16,CMS,PNW,31.2445,52.0143,-0.5679,1,-3.0172,-0.5,-3.5172,HOLDING
2016-10-19,16,CMS,PNW,31.1992,51.9035,-0.2846,1,-2.8566,-0.5,-3.3566,HOLDING
2016-10-20,16,CMS,PNW,31.1917,51.7581,0.5765,1,-2.2702,-0.5,-2.7702,HOLDING
2016-10-21,16,CMS,PNW,31.0483,51.2942,1.7795,1,-1.2631,-0.5,-1.7631,HOLDING
2016-10-24,16,CMS,PNW,31.2143,51.7581,0.7072,1,-2.1063,-0.5,-2.6063,HOLDING
2016-10-25,16,CMS,PNW,31.3878,52.0697,0.5024,1,-2.2235,-0.5,-2.7235,HOLDING
2016-10-26,16,CMS,PNW,31.418,52.042,0.8975,1,-1.8828,-0.5,-2.3828,HOLDING
2016-10-27,16,CMS,PNW,31.1992,51.8481,-0.1407,1,-2.6124,-0.5,-3.1124,HOLDING
2016-10-28,16,CMS,PNW,31.154,52.1101,-1.8532,1,-4.0948,-0.5,-4.5948,HOLDING
2016-10-31,16,CMS,PNW,31.7951,53.1789,-1.6172,1,-4.1626,-0.5,-4.6626,HOLDING
2016-11-01,16,CMS,PNW,31.3274,52.2428,-0.7673,1,-3.4235,-0.5,-3.9235,HOLDING
2016-11-02,16,CMS,PNW,31.0614,52.0472,-1.7679,1,-4.4877,-0.5,-4.9877,HOLDING
2016-11-03,16,CMS,PNW,31.2818,51.8447,0.9969,1,-1.9986,-0.5,-2.4986,HOLDING
2016-11-04,16,CMS,PNW,30.993,51.7678,-0.882,1,-3.7513,-0.5,-4.2513,HOLDING
2016-11-07,16,CMS,PNW,31.6998,52.4245,1.4599,1,-1.5272,-0.5,-2.0272,HOLDING
2016-11-08,16,CMS,PNW,31.905,52.9064,0.7347,1,-2.1657,-0.5,-2.6657,HOLDING
2016-11-09,16,CMS,PNW,30.6586,51.677,-2.573,1,-5.7728,-0.5,-6.2728,HOLDING
2016-11-10,16,CMS,PNW,30.0126,50.8667,-2.733,1,-6.8793,-0.5,-7.3793,HOLDING
2016-11-11,16,CMS,PNW,30.2102,51.2998,-2.3788,1,-7.3574,-0.5,-7.8574,HOLDING
2016-11-14,16,CMS,PNW,30.0126,51.0483,-2.1251,1,-7.6799,-0.5,-8.1799,HOLDING
2016-11-15,16,CMS,PNW,30.3926,51.7329,-1.874,1,-7.9455,-0.5,-8.4455,HOLDING
2016-11-16,16,CMS,PNW,30.3394,51.5164,-1.4409,1,-7.3763,-0.5,-7.8763,HOLDING
2016-11-17,16,CMS,PNW,30.2254,51.5164,-1.579,1,-8.202,-0.5,-8.702,HOLDING
2016-11-18,16,CMS,PNW,30.1874,51.1741,-0.99,1,-6.9682,-0.5,-7.4682,HOLDING
2016-11-21,16,CMS,PNW,30.537,51.7609,-0.8863,1,-7.0231,-0.5,-7.5231,HOLDING
2016-11-22,16,CMS,PNW,30.803,52.4314,-1.1527,1,-8.0527,-0.5,-8.5527,HOLDING
2016-11-23,16,CMS,PNW,30.1874,51.663,-1.4864,1,-9.1237,-0.5,-9.6237,HOLDING
2016-11-25,16,CMS,PNW,30.8562,52.627,-1.0644,1,-8.5296,-0.5,-9.0296,HOLDING
2016-11-28,16,CMS,PNW,31.5554,53.5281,-0.503,1,-7.4382,-0.5,-7.9382,HOLDING
2016-11-29,16,CMS,PNW,31.7986,53.563,0.186,1,-5.8309,-0.5,-6.3309,HOLDING
2016-11-30,16,CMS,PNW,30.5674,51.6421,-0.0344,1,-6.2794,-0.5,-6.7794,HOLDING
2016-12-01,16,CMS,PNW,30.1646,51.0833,-0.2197,1,-6.733,-0.5,-7.233,HOLDING
2016-12-02,16,CMS,PNW,30.3546,51.3697,-0.0529,1,0.0,-7.5659,-7.5659,PERIOD_END_EXIT
2016-06-07,17,AEP,ES,46.6935,39.7674,0.0,0,0.0,0.0,0.0,HOLD_CASH
2016-06-08,17,AEP,ES,46.9488,40.2171,0.0,0,0.0,0.0,0.0,HOLD_CASH
2016-06-09,17,AEP,ES,47.4878,40.6098,0.0,0,0.0,0.0,0.0,HOLD_CASH
2016-06-10,17,AEP,ES,47.4098,40.467,0.0,0,0.0,0.0,0.0,HOLD_CASH
2016-06-13,17,AEP,ES,47.1971,40.6384,0.0,0,0.0,0.0,0.0,HOLD_CASH
2016-06-14,17,AEP,ES,47.3956,40.9025,0.0,0,0.0,0.0,0.0,HOLD_CASH
2016-06-15,17,AEP,ES,46.9772,40.3528,0.0,0,0.0,0.0,0.0,HOLD_CASH
2016-06-16,17,AEP,ES,47.4311,40.5384,0.0,0,0.0,0.0,0.0,HOLD_CASH
2016-06-17,17,AEP,ES,47.6651,40.617,0.0,0,0.0,0.0,0.0,HOLD_CASH
2016-06-20,17,AEP,ES,47.3673,40.567,0.0,0,0.0,0.0,0.0,HOLD_CASH
2016-06-21,17,AEP,ES,47.3531,40.7169,0.0,0,0.0,0.0,0.0,HOLD_CASH
2016-06-22,17,AEP,ES,47.1616,40.4742,0.0,0,0.0,0.0,0.0,HOLD_CASH
2016-06-23,17,AEP,ES,47.2254,40.2814,0.0,0,0.0,0.0,0.0,HOLD_CASH
2016-06-24,17,AEP,ES,47.7006,40.8526,0.0,0,0.0,0.0,0.0,HOLD_CASH
2016-06-27,17,AEP,ES,48.4736,41.8307,0.0,0,0.0,0.0,0.0,HOLD_CASH
2016-06-28,17,AEP,ES,48.6793,41.6451,0.0,0,0.0,0.0,0.0,HOLD_CASH
2016-06-29,17,AEP,ES,48.736,41.8236,0.0,0,0.0,0.0,0.0,HOLD_CASH
2016-06-30,17,AEP,ES,49.7076,42.766,0.0,0,0.0,0.0,0.0,HOLD_CASH
2016-07-01,17,AEP,ES,49.7431,42.6303,0.0,0,0.0,0.0,0.0,HOLD_CASH
2016-07-05,17,AEP,ES,50.2182,43.0159,0.146,0,0.0,0.0,0.0,HOLD_CASH
2016-07-06,17,AEP,ES,50.5445,43.0087,1.8242,0,0.0,0.0,0.0,HOLD_CASH
2016-07-07,17,AEP,ES,49.8424,42.3733,1.7774,0,0.0,0.0,0.0,HOLD_CASH
2016-07-08,17,AEP,ES,50.1473,42.5304,1.9871,0,0.0,0.0,0.0,HOLD_CASH
2016-07-11,17,AEP,ES,50.1402,42.359,2.2885,-1,0.0,-0.5,-0.5,ENTER_SHORT_A
2016-07-12,17,AEP,ES,49.3459,41.3238,2.7899,-1,-2.1496,-0.5,-2.6496,HOLDING
2016-07-13,17,AEP,ES,49.6509,41.6308,2.186,-1,-1.8582,-0.5,-2.3582,HOLDING
2016-07-14,17,AEP,ES,49.2041,41.231,1.9157,-1,-1.9902,-0.5,-2.4902,HOLDING
2016-07-15,17,AEP,ES,49.3885,41.3166,1.7998,-1,-2.4039,-0.5,-2.9039,HOLDING
2016-07-18,17,AEP,ES,49.6083,41.5023,1.5803,-1,-2.4045,-0.5,-2.9045,HOLDING
2016-07-19,17,AEP,ES,49.4807,41.4737,1.2562,-1,-1.9365,-0.5,-2.4365,HOLDING
2016-07-20,17,AEP,ES,49.1828,41.3381,0.9092,-1,-1.2521,-0.5,-1.7521,HOLDING
2016-07-21,17,AEP,ES,49.2396,41.4166,0.7578,-1,-1.0714,-0.5,-1.5714,HOLDING
2016-07-22,17,AEP,ES,49.6864,42.0377,0.1758,-1,0.3668,-0.5,-0.1332,HOLDING
2016-07-25,17,AEP,ES,49.4807,42.0306,-0.2424,-1,1.3502,-0.5,0.8502,HOLDING
2016-07-26,17,AEP,ES,49.4594,41.6308,0.5627,-1,-0.9034,-0.5,-1.4034,HOLDING
2016-07-27,17,AEP,ES,48.8353,41.2024,0.2517,-1,-0.32,-0.5,-0.82,HOLDING
2016-07-28,17,AEP,ES,48.8779,41.388,-0.2317,-1,0.5635,-0.5,0.0635,HOLDING
2016-07-29,17,AEP,ES,49.1474,41.7593,-0.7979,-1,1.4108,-0.5,0.9108,HOLDING
2016-08-01,17,AEP,ES,49.1544,42.1448,-1.9791,-1,3.6509,-0.5,3.1509,HOLDING
2016-08-02,17,AEP,ES,48.9417,41.7593,-1.4304,-1,2.4363,-0.5,1.9363,HOLDING
2016-08-03,17,AEP,ES,48.5445,41.1096,-0.4386,-1,0.582,-0.5,0.082,HOLDING
2016-08-04,17,AEP,ES,48.6793,41.1381,-0.1925,-1,0.0787,-0.5,-0.4213,HOLDING
2016-08-05,17,AEP,ES,48.119,40.5099,0.3107,-1,-0.8359,-0.5,-1.3359,HOLDING
2016-08-08,17,AEP,ES,48.0189,40.5313,-0.079,-1,-0.2103,-0.5,-0.7103,HOLDING
2016-08-09,17,AEP,ES,48.1905,40.5813,0.3144,-1,-0.7711,-0.5,-1.2711,HOLDING
2016-08-10,17,AEP,ES,48.3121,40.6527,0.4662,-1,-0.9557,-0.5,-1.4557,HOLDING
2016-08-11,17,AEP,ES,48.4265,40.8026,0.3153,-1,-0.6414,-0.5,-1.1414,HOLDING
2016-08-12,17,AEP,ES,48.305,40.874,-0.2914,-1,0.3862,-0.5,-0.1138,HOLDING
2016-08-15,17,AEP,ES,47.5684,40.2457,-0.1892,-1,0.3505,-0.5,-0.1495,HOLDING
2016-08-16,17,AEP,ES,46.9677,39.6031,0.5189,-1,-0.4468,-0.5,-0.9468,HOLDING
2016-08-17,17,AEP,ES,47.5541,39.8173,1.7525,-1,-2.1063,-0.5,-2.6063,HOLDING
2016-08-18,17,AEP,ES,48.1977,40.3599,1.6059,-1,-2.1129,-0.5,-2.6129,HOLDING
2016-08-19,17,AEP,ES,47.4611,39.6531,1.7309,-1,-2.612,-0.5,-3.112,HOLDING
2016-08-22,17,AEP,ES,47.5684,39.7174,1.6076,-1,-2.7676,-0.5,-3.2676,HOLDING
2016-08-23,17,AEP,ES,47.3968,39.4675,1.7674,-1,-3.3867,-0.5,-3.8867,HOLDING
2016-08-24,17,AEP,ES,47.4397,39.5103,1.5403,-1,-3.3478,-0.5,-3.8478,HOLDING
2016-08-25,17,AEP,ES,47.4611,39.4604,1.547,-1,-3.7498,-0.5,-4.2498,HOLDING
2016-08-26,17,AEP,ES,46.2598,38.6393,0.8924,-1,-2.6055,-0.5,-3.1055,HOLDING
2016-08-29,17,AEP,ES,46.6102,38.8178,1.2296,-1,-3.2993,-0.5,-3.7993,HOLDING
2016-08-30,17,AEP,ES,45.9952,38.368,0.9554,-1,-2.8874,-0.5,-3.3874,HOLDING
2016-08-31,17,AEP,ES,46.174,38.5322,0.8101,-1,-2.8096,-0.5,-3.3096,HOLDING
2016-09-01,17,AEP,ES,46.0595,38.2609,1.4179,-1,-3.8404,-0.5,-4.3404,HOLDING
2016-09-02,17,AEP,ES,46.6531,38.8178,1.0354,-1,-3.5131,-0.5,-4.0131,HOLDING
2016-09-06,17,AEP,ES,47.2251,39.239,1.1479,-1,-3.8793,-0.5,-4.3793,HOLDING
2016-09-07,17,AEP,ES,47.2323,39.1748,1.2967,-1,-4.2943,-0.5,-4.7943,HOLDING
2016-09-08,17,AEP,ES,47.2681,39.2747,0.9101,-1,-3.8827,-0.5,-4.3827,HOLDING
2016-09-09,17,AEP,ES,45.559,38.0182,0.1325,-1,-2.7772,-0.5,-3.2772,HOLDING
2016-09-12,17,AEP,ES,46.2741,38.775,-0.7765,-1,-1.8762,-0.5,-2.3762,HOLDING
2016-09-13,17,AEP,ES,45.6305,38.2752,-1.3237,-1,-1.6168,-0.5,-2.1168,HOLDING
2016-09-14,17,AEP,ES,45.7806,38.3394,-1.2274,-1,-1.9863,-0.5,-2.4863,HOLDING
2016-09-15,17,AEP,ES,45.9809,38.7102,-2.3653,-1,-0.7965,-0.5,-1.2965,HOLDING
2016-09-16,17,AEP,ES,46.3456,39.0054,-2.0086,-1,-0.8729,-0.5,-1.3729,HOLDING
2016-09-19,17,AEP,ES,46.7818,39.3005,-1.4261,-1,-1.3058,-0.5,-1.8058,HOLDING
2016-09-20,17,AEP,ES,46.4886,39.1854,-1.8603,-1,-0.5238,-0.5,-1.0238,HOLDING
2016-09-21,17,AEP,ES,47.3324,39.9197,-1.7086,-1,-0.3971,-0.5,-0.8971,HOLDING
2016-09-22,17,AEP,ES,47.6256,40.1861,-1.5738,-1,-0.2868,-0.5,-0.7868,HOLDING
2016-09-23,17,AEP,ES,47.6685,40.4812,-2.2058,-1,1.2414,-0.5,0.7414,HOLDING
2016-09-26,17,AEP,ES,47.454,40.5604,-2.4669,-1,2.7784,-0.5,2.2784,HOLDING
2016-09-27,17,AEP,ES,46.839,39.8909,-1.7412,-1,1.8932,-0.5,1.3932,HOLDING
2016-09-28,17,AEP,ES,46.7389,39.7685,-1.4451,-1,1.67,-0.5,1.17,HOLDING
2016-09-29,17,AEP,ES,46.1239,39.3725,-1.5798,-1,2.3995,-0.5,1.8995,HOLDING
2016-09-30,17,AEP,ES,45.9165,39.0054,-0.9747,-1,1.2665,-0.5,0.7665,HOLDING
2016-10-03,17,AEP,ES,45.4159,38.5446,-0.7919,-1,1.043,-0.5,0.543,HOLDING
2016-10-04,17,AEP,ES,44.4649,37.8751,-1.0902,-1,1.8336,-0.5,1.3336,HOLDING
2016-10-05,17,AEP,ES,44.4649,37.8391,-0.9167,-1,1.6212,-0.5,1.1212,HOLDING
2016-10-06,17,AEP,ES,44.5149,37.9543,-1.0933,-1,2.0514,-0.5,1.5514,HOLDING
2016-10-07,17,AEP,ES,44.186,37.7527,-1.2849,-1,2.5018,-0.5,2.0018,HOLDING
2016-10-10,17,AEP,ES,44.4863,37.9831,-1.0868,-1,2.364,-0.5,1.864,HOLDING
2016-10-11,17,AEP,ES,43.8642,37.4215,-0.8831,-1,2.1518,-0.5,1.6518,HOLDING
2016-10-12,17,AEP,ES,44.3361,37.8535,-0.9429,-1,2.3479,-0.5,1.8479,HOLDING
2016-10-13,17,AEP,ES,44.7151,38.3718,-1.6273,-1,3.5175,-0.5,3.0175,HOLDING
2016-10-14,17,AEP,ES,44.5507,38.2854,-1.6877,-1,3.8276,-0.5,3.3276,HOLDING
2016-10-17,17,AEP,ES,45.0298,38.6958,-1.5987,-1,3.8606,-0.5,3.3606,HOLDING
2016-10-18,17,AEP,ES,45.3158,38.9694,-1.6004,-1,4.049,-0.5,3.549,HOLDING
2016-10-19,17,AEP,ES,45.1871,38.8542,-1.4919,-1,4.011,-0.5,3.511,HOLDING
2016-10-20,17,AEP,ES,44.9869,38.9622,-2.538,-1,5.6466,-0.5,5.1466,HOLDING
2016-10-21,17,AEP,ES,44.6794,38.8758,-2.6161,-1,6.6699,-0.5,6.1699,HOLDING
2016-10-24,17,AEP,ES,45.0727,38.9694,-1.4461,-1,5.2613,-0.5,4.7613,HOLDING
2016-10-25,17,AEP,ES,45.3802,39.0918,-0.8237,-1,4.4505,-0.5,3.9505,HOLDING
2016-10-26,17,AEP,ES,45.4303,39.099,-0.6162,-1,4.2433,-0.5,3.7433,HOLDING
2016-10-27,17,AEP,ES,45.1871,38.811,-0.2719,-1,3.7561,-0.5,3.2561,HOLDING
2016-10-28,17,AEP,ES,45.3445,39.0198,-0.481,-1,4.2037,-0.5,3.7037,HOLDING
2016-10-31,17,AEP,ES,46.367,39.6389,0.6541,-1,2.7592,-0.5,2.2592,HOLDING
2016-11-01,17,AEP,ES,45.323,38.9334,-0.0943,-1,3.801,-0.5,3.301,HOLDING
2016-11-02,17,AEP,ES,44.7724,38.4726,-0.0695,-1,3.827,-0.5,3.327,HOLDING
2016-11-03,17,AEP,ES,44.994,38.4294,1.13,-1,2.4668,-0.5,1.9668,HOLDING
2016-11-04,17,AEP,ES,44.6222,38.2854,0.2918,-1,3.471,-0.5,2.971,HOLDING
2016-11-07,17,AEP,ES,45.2229,39.0846,-1.0674,-1,5.1924,-0.5,4.6924,HOLDING
2016-11-08,17,AEP,ES,45.6415,39.6173,-1.7426,-1,6.249,-0.5,5.749,HOLDING
2016-11-09,17,AEP,ES,44.2123,38.3214,-1.3312,-1,5.7272,-0.5,5.2272,HOLDING
2016-11-10,17,AEP,ES,43.1223,37.6807,-2.3656,-1,7.3802,-0.5,6.8802,HOLDING
2016-11-11,17,AEP,ES,43.3028,37.4,-0.3093,-1,4.8235,-0.5,4.3235,HOLDING
2016-11-14,17,AEP,ES,42.3861,37.2128,-2.4477,-1,8.2895,-0.5,7.7895,HOLDING
2016-11-15,17,AEP,ES,42.9202,37.7455,-2.1855,-1,8.7703,-0.5,8.2703,HOLDING
2016-11-16,17,AEP,ES,42.581,37.4143,-1.7819,-1,8.5075,-0.5,8.0075,HOLDING
2016-11-17,17,AEP,ES,42.4871,37.5799,-2.0997,-1,9.9526,-0.5,9.4526,HOLDING
2016-11-18,17,AEP,ES,42.1839,37.3064,-1.8229,-1,9.8496,-0.5,9.3496,HOLDING
2016-11-21,17,AEP,ES,42.8192,37.5799,-1.0388,-1,8.297,-0.5,7.797,HOLDING
2016-11-22,17,AEP,ES,42.7109,37.7599,-1.4789,-1,9.8991,-0.5,9.3991,HOLDING
2016-11-23,17,AEP,ES,42.4583,37.2488,-0.7644,-1,8.1421,-0.5,7.6421,HOLDING
2016-11-25,17,AEP,ES,43.1079,37.8607,-0.7721,-1,8.5145,-0.5,8.0145,HOLDING
2016-11-28,17,AEP,ES,43.9597,38.7606,-0.9937,-1,9.5787,-0.5,9.0787,HOLDING
2016-11-29,17,AEP,ES,44.2267,38.6958,-0.2755,-1,7.8647,-0.5,7.3647,HOLDING
2016-11-30,17,AEP,ES,42.6243,37.1624,0.1107,-1,6.8044,-0.5,6.3044,HOLDING
2016-12-01,17,AEP,ES,41.9818,36.788,-0.2904,-1,7.798,-0.5,7.298,HOLDING
2016-12-02,17,AEP,ES,42.3716,37.2056,-0.4199,-1,0.0,7.3881,7.3881,PERIOD_END_EXIT
2016-06-07,18,GS,STT,126.8603,46.6486,0.0,0,0.0,0.0,0.0,HOLD_CASH
2016-06-08,18,GS,STT,126.427,46.4749,0.0,0,0.0,0.0,0.0,HOLD_CASH
2016-06-09,18,GS,STT,125.2252,45.5309,0.0,0,0.0,0.0,0.0,HOLD_CASH
2016-06-10,18,GS,STT,122.5437,44.6926,0.0,0,0.0,0.0,0.0,HOLD_CASH
2016-06-13,18,GS,STT,121.5135,44.6397,0.0,0,0.0,0.0,0.0,HOLD_CASH
2016-06-14,18,GS,STT,119.5187,43.9676,0.0,0,0.0,0.0,0.0,HOLD_CASH
2016-06-15,18,GS,STT,119.4941,43.7335,0.0,0,0.0,0.0,0.0,HOLD_CASH
2016-06-16,18,GS,STT,119.8784,43.4616,0.0,0,0.0,0.0,0.0,HOLD_CASH
2016-06-17,18,GS,STT,119.069,43.7561,0.0,0,0.0,0.0,0.0,HOLD_CASH
2016-06-20,18,GS,STT,120.7941,44.2923,0.0,0,0.0,0.0,0.0,HOLD_CASH
2016-06-21,18,GS,STT,121.2846,44.3905,0.0,0,0.0,0.0,0.0,HOLD_CASH
2016-06-22,18,GS,STT,121.1129,44.1715,0.0,0,0.0,0.0,0.0,HOLD_CASH
2016-06-23,18,GS,STT,124.8083,45.5158,0.0,0,0.0,0.0,0.0,HOLD_CASH
2016-06-24,18,GS,STT,115.9786,41.5283,0.0,0,0.0,0.0,0.0,HOLD_CASH
2016-06-27,18,GS,STT,114.0574,38.3565,0.0,0,0.0,0.0,0.0,HOLD_CASH
2016-06-28,18,GS,STT,116.4283,38.719,0.0,0,0.0,0.0,0.0,HOLD_CASH
2016-06-29,18,GS,STT,118.9545,39.6541,0.0,0,0.0,0.0,0.0,HOLD_CASH
2016-06-30,18,GS,STT,121.4726,40.9921,0.0,0,0.0,0.0,0.0,HOLD_CASH
2016-07-01,18,GS,STT,121.2028,40.9313,0.0,0,0.0,0.0,0.0,HOLD_CASH
2016-07-05,18,GS,STT,118.0961,39.9886,1.2706,0,0.0,0.0,0.0,HOLD_CASH
2016-07-06,18,GS,STT,119.02,39.6237,1.4955,0,0.0,0.0,0.0,HOLD_CASH
2016-07-07,18,GS,STT,120.1809,39.5629,1.5514,0,0.0,0.0,0.0,HOLD_CASH
2016-07-08,18,GS,STT,122.9443,40.4675,1.3819,0,0.0,0.0,0.0,HOLD_CASH
2016-07-11,18,GS,STT,124.424,40.7564,1.3283,0,0.0,0.0,0.0,HOLD_CASH
2016-07-12,18,GS,STT,128.291,41.5927,1.382,0,0.0,0.0,0.0,HOLD_CASH
2016-07-13,18,GS,STT,129.1086,41.6687,1.3287,0,0.0,0.0,0.0,HOLD_CASH
2016-07-14,18,GS,STT,132.8858,42.7406,1.2641,0,0.0,0.0,0.0,HOLD_CASH
2016-07-15,18,GS,STT,132.15,43.2652,0.8164,0,0.0,0.0,0.0,HOLD_CASH
2016-07-18,18,GS,STT,133.5316,43.805,0.6984,0,0.0,0.0,0.0,HOLD_CASH
2016-07-19,18,GS,STT,131.9619,43.6833,0.4222,0,0.0,0.0,0.0,HOLD_CASH
2016-07-20,18,GS,STT,132.2563,43.919,0.2591,0,0.0,0.0,0.0,HOLD_CASH
2016-07-21,18,GS,STT,130.85,43.5617,0.0788,0,0.0,0.0,0.0,HOLD_CASH
2016-07-22,18,GS,STT,131.1444,44.2763,-0.6682,0,0.0,0.0,0.0,HOLD_CASH
2016-07-25,18,GS,STT,131.2261,43.9342,-0.6804,0,0.0,0.0,0.0,HOLD_CASH
2016-07-26,18,GS,STT,131.7575,44.3372,-1.0083,0,0.0,0.0,0.0,HOLD_CASH
2016-07-27,18,GS,STT,131.6185,48.4652,-3.5651,1,0.0,-0.5,-0.5,ENTER_LONG_A
2016-07-28,18,GS,STT,131.2425,49.7576,-3.047,1,-7.3808,-0.5,-7.8808,HOLDING
2016-07-29,18,GS,STT,129.8362,50.0085,-2.5947,1,-11.346,-0.5,-11.846,HOLDING
2016-08-01,18,GS,STT,129.3212,50.1302,-2.2084,1,-12.9518,-0.5,-13.4518,HOLDING
2016-08-02,18,GS,STT,127.588,49.6664,-1.927,1,-13.8518,-0.5,-14.3518,HOLDING
2016-08-03,18,GS,STT,129.452,50.0617,-1.5983,1,-12.3504,-0.5,-12.8504,HOLDING
2016-08-04,18,GS,STT,129.2149,50.0161,-1.4277,1,-12.5654,-0.5,-13.0654,HOLDING
2016-08-05,18,GS,STT,132.5178,51.6582,-1.3551,1,-14.7623,-0.5,-15.2623,HOLDING
2016-08-08,18,GS,STT,133.1229,51.8331,-1.2046,1,-14.5151,-0.5,-15.0151,HOLDING
2016-08-09,18,GS,STT,133.6216,51.5518,-0.9872,1,-12.1168,-0.5,-12.6168,HOLDING
2016-08-10,18,GS,STT,132.5996,51.4606,-0.9636,1,-13.5873,-0.5,-14.0873,HOLDING
2016-08-11,18,GS,STT,133.9649,52.0764,-0.8969,1,-14.1707,-0.5,-14.6707,HOLDING
2016-08-12,18,GS,STT,133.4662,51.8787,-0.8117,1,-14.0982,-0.5,-14.5982,HOLDING
2016-08-15,18,GS,STT,135.3466,52.6161,-0.7349,1,-14.3305,-0.5,-14.8305,HOLDING
2016-08-16,18,GS,STT,135.4283,52.4489,-0.6047,1,-13.3125,-0.5,-13.8125,HOLDING
2016-08-17,18,GS,STT,135.4447,52.5249,-0.5515,1,-13.6736,-0.5,-14.1736,HOLDING
2016-08-18,18,GS,STT,135.7635,52.4945,-0.4251,1,-12.9111,-0.5,-13.4111,HOLDING
2016-08-19,18,GS,STT,135.9026,52.4717,-0.3117,1,-12.5293,-0.5,-13.0293,HOLDING
2016-08-22,18,GS,STT,135.927,52.4337,-0.181,1,-12.2868,-0.5,-12.7868,HOLDING
2016-08-23,18,GS,STT,135.7799,52.6998,-0.3958,1,-13.9389,-0.5,-14.4389,HOLDING
2016-08-24,18,GS,STT,135.1422,52.4717,-0.4573,1,-13.9735,-0.5,-14.4735,HOLDING
2016-08-25,18,GS,STT,135.6327,52.4869,0.4749,1,-13.1204,-0.5,-13.6204,HOLDING
2016-08-26,18,GS,STT,135.69,52.5097,0.5951,1,-13.1292,-0.5,-13.6292,HOLDING
2016-08-29,18,GS,STT,136.4258,52.9355,-0.2532,1,-13.9277,-0.5,-14.4277,HOLDING
2016-08-30,18,GS,STT,139.0111,53.4752,2.1318,1,-11.8014,-0.5,-12.3014,HOLDING
2016-08-31,18,GS,STT,139.085,53.3992,2.2328,1,-11.2688,-0.5,-11.7688,HOLDING
2016-09-01,18,GS,STT,138.3053,53.308,1.1483,1,-12.2792,-0.5,-12.7792,HOLDING
2016-09-02,18,GS,STT,138.8552,53.6957,0.2728,1,-13.2346,-0.5,-13.7346,HOLDING
2016-09-06,18,GS,STT,138.9783,53.498,1.3434,1,-11.9813,-0.5,-12.4813,HOLDING
2016-09-07,18,GS,STT,139.2574,53.6501,1.0832,1,-12.2356,-0.5,-12.7356,HOLDING
2016-09-08,18,GS,STT,140.8907,53.6273,2.9391,1,-9.0156,-0.5,-9.5156,HOLDING
2016-09-09,18,GS,STT,138.3545,52.9887,1.5484,1,-10.5388,-0.5,-11.0388,HOLDING
2016-09-12,18,GS,STT,140.3982,53.7109,1.5611,1,-10.3824,-0.5,-10.8824,HOLDING
2016-09-13,18,GS,STT,137.066,52.5934,0.9284,1,-10.947,-0.5,-11.447,HOLDING
2016-09-14,18,GS,STT,136.3766,52.7758,-0.6589,1,-13.1976,-0.5,-13.6976,HOLDING
2016-09-15,18,GS,STT,137.9523,53.498,-1.0508,1,-13.9301,-0.5,-14.4301,HOLDING
2016-09-16,18,GS,STT,136.2452,52.677,-0.4899,1,-12.9373,-0.5,-13.4373,HOLDING
2016-09-19,18,GS,STT,136.4176,52.4717,0.4368,1,-11.5511,-0.5,-12.0511,HOLDING
2016-09-20,18,GS,STT,136.6309,53.1939,-1.5995,1,-14.8714,-0.5,-15.3714,HOLDING
2016-09-21,18,GS,STT,137.0906,54.0302,-2.7871,1,-18.3119,-0.5,-18.8119,HOLDING
2016-09-22,18,GS,STT,137.9031,54.0074,-1.7436,1,-16.651,-0.5,-17.151,HOLDING
2016-09-23,18,GS,STT,135.5311,53.6881,-2.4644,1,-19.5094,-0.5,-20.0094,HOLDING
2016-09-26,18,GS,STT,132.5354,52.7074,-2.2933,1,-20.1408,-0.5,-20.6408,HOLDING
2016-09-27,18,GS,STT,133.6927,53.2775,-2.0619,1,-20.8837,-0.5,-21.3837,HOLDING
2016-09-28,18,GS,STT,134.1523,53.5512,-1.8605,1,-21.4226,-0.5,-21.9226,HOLDING
2016-09-29,18,GS,STT,130.4589,52.4276,-1.9532,1,-22.6419,-0.5,-23.1419,HOLDING
2016-09-30,18,GS,STT,132.363,53.2226,-1.717,1,-23.1257,-0.5,-23.6257,HOLDING
2016-10-03,18,GS,STT,132.1989,53.3678,-1.6828,1,-24.1865,-0.5,-24.6865,HOLDING
2016-10-04,18,GS,STT,133.1838,54.5373,-2.0303,1,-28.3484,-0.5,-28.8484,HOLDING
2016-10-05,18,GS,STT,136.5735,55.5691,-1.525,1,-27.2326,-0.5,-27.7326,HOLDING
2016-10-06,18,GS,STT,137.1891,55.4163,-1.0982,1,-25.2749,-0.5,-25.7749,HOLDING
2016-10-07,18,GS,STT,139.3887,55.2328,-0.1437,1,-20.1505,-0.5,-20.6505,HOLDING
2016-10-10,18,GS,STT,140.3818,54.9118,0.5716,1,-16.6082,-0.5,-17.1082,HOLDING
2016-10-11,18,GS,STT,138.7403,53.7653,1.1197,1,-13.8119,-0.5,-14.3119,HOLDING
2016-10-12,18,GS,STT,138.9536,53.9869,1.0046,1,-14.55,-0.5,-15.05,HOLDING
2016-10-13,18,GS,STT,137.4106,52.5576,1.7203,1,-10.1078,-0.5,-10.6078,HOLDING
2016-10-14,18,GS,STT,139.955,52.7487,2.1591,1,-6.2607,-0.5,-6.7607,HOLDING
2016-10-17,18,GS,STT,138.7075,52.4582,1.8457,1,-7.1319,-0.5,-7.6319,HOLDING
2016-10-18,18,GS,STT,141.6868,53.3296,1.8086,1,-5.9679,-0.5,-6.4679,HOLDING
2016-10-19,18,GS,STT,143.2298,53.9105,1.5923,1,-6.0335,-0.5,-6.5335,HOLDING
2016-10-20,18,GS,STT,143.2298,54.2927,1.2206,1,-8.0049,-0.5,-8.5049,HOLDING
2016-10-21,18,GS,STT,143.3612,54.178,1.1975,1,-7.1639,-0.5,-7.6639,HOLDING
2016-10-24,18,GS,STT,143.7305,54.5984,0.93,1,-8.6311,-0.5,-9.1311,HOLDING
2016-10-25,18,GS,STT,144.0834,54.1857,1.1386,1,-5.8316,-0.5,-6.3316,HOLDING
2016-10-26,18,GS,STT,145.3309,53.6506,1.5315,1,-0.7021,-0.5,-1.2021,HOLDING
2016-10-27,18,GS,STT,145.889,54.1245,1.2418,1,-2.0865,-0.5,-2.5865,HOLDING
2016-10-28,18,GS,STT,145.3884,53.8723,1.159,1,-1.7363,-0.5,-2.2363,HOLDING
2016-10-31,18,GS,STT,146.2912,53.6659,1.3334,1,1.0431,-0.5,0.5431,HOLDING
2016-11-01,18,GS,STT,146.1435,54.0175,1.0448,1,-1.0512,-0.5,-1.5512,HOLDING
2016-11-02,18,GS,STT,144.9288,53.4901,1.0582,1,-0.6378,-0.5,-1.1378,HOLDING
2016-11-03,18,GS,STT,144.6251,53.7729,0.7361,1,-2.6734,-0.5,-3.1734,HOLDING
2016-11-04,18,GS,STT,144.3871,53.8035,0.5701,1,-3.2835,-0.5,-3.7835,HOLDING
2016-11-07,18,GS,STT,148.9504,55.294,0.7211,1,-2.3042,-0.5,-2.8042,HOLDING
2016-11-08,18,GS,STT,149.3116,55.2328,0.8801,1,-1.3026,-0.5,-1.8026,HOLDING
2016-11-09,18,GS,STT,158.1019,57.7399,1.7575,1,2.4613,-0.5,1.9613,HOLDING
2016-11-10,18,GS,STT,164.8649,58.6572,2.8815,1,10.5758,-0.5,10.0758,HOLDING
2016-11-11,18,GS,STT,167.3846,58.4355,2.8828,1,16.5052,-0.5,16.0052,HOLDING
2016-11-14,18,GS,STT,171.6854,60.0101,2.2817,1,16.552,-0.5,16.052,HOLDING
2016-11-15,18,GS,STT,173.3351,60.5757,1.9349,1,16.7678,-0.5,16.2678,HOLDING
2016-11-16,18,GS,STT,169.2888,59.5286,1.5032,1,14.4837,-0.5,13.9837,HOLDING
2016-11-17,18,GS,STT,172.0547,60.0177,1.5879,1,17.2142,-0.5,16.7142,HOLDING
2016-11-18,18,GS,STT,172.6456,60.0025,1.5273,1,18.4154,-0.5,17.9154,HOLDING
2016-11-21,18,GS,STT,173.2448,60.0713,1.4549,1,19.1984,-0.5,18.6984,HOLDING
2016-11-22,18,GS,STT,173.2694,59.6279,1.5292,1,21.532,-0.5,21.032,HOLDING
2016-11-23,18,GS,STT,174.2543,59.8343,1.4225,1,22.3383,-0.5,21.8383,HOLDING
2016-11-25,18,GS,STT,173.491,59.9566,1.1004,1,20.2576,-0.5,19.7576,HOLDING
2016-11-28,18,GS,STT,172.6456,58.7489,1.4224,1,24.8816,-0.5,24.3816,HOLDING
2016-11-29,18,GS,STT,174.3334,58.8636,1.474,1,27.4959,-0.5,26.9959,HOLDING
2016-11-30,18,GS,STT,180.5411,60.2318,1.6208,1,32.2293,-0.5,31.7293,HOLDING
2016-12-01,18,GS,STT,186.5841,61.4471,1.749,1,37.4384,-0.5,36.9384,HOLDING
2016-12-02,18,GS,STT,183.8919,59.9566,1.8006,1,0.0,38.8548,38.8548,PERIOD_END_EXIT
2016-06-07,19,ED,XEL,52.6282,31.114,0.0,0,0.0,0.0,0.0,HOLD_CASH
2016-06-08,19,ED,XEL,53.1569,31.2325,0.0,0,0.0,0.0,0.0,HOLD_CASH
2016-06-09,19,ED,XEL,53.9606,31.6251,0.0,0,0.0,0.0,0.0,HOLD_CASH
2016-06-10,19,ED,XEL,54.3836,31.6621,0.0,0,0.0,0.0,0.0,HOLD_CASH
2016-06-13,19,ED,XEL,54.44,31.6325,0.0,0,0.0,0.0,0.0,HOLD_CASH
2016-06-14,19,ED,XEL,55.1662,31.946,0.0,0,0.0,0.0,0.0,HOLD_CASH
2016-06-15,19,ED,XEL,54.5034,31.6101,0.0,0,0.0,0.0,0.0,HOLD_CASH
2016-06-16,19,ED,XEL,54.9547,31.9759,0.0,0,0.0,0.0,0.0,HOLD_CASH
2016-06-17,19,ED,XEL,54.8771,31.9908,0.0,0,0.0,0.0,0.0,HOLD_CASH
2016-06-20,19,ED,XEL,54.3977,31.9162,0.0,0,0.0,0.0,0.0,HOLD_CASH
2016-06-21,19,ED,XEL,54.4048,31.9834,0.0,0,0.0,0.0,0.0,HOLD_CASH
2016-06-22,19,ED,XEL,54.3977,31.8564,0.0,0,0.0,0.0,0.0,HOLD_CASH
2016-06-23,19,ED,XEL,54.1862,31.8788,0.0,0,0.0,0.0,0.0,HOLD_CASH
2016-06-24,19,ED,XEL,55.279,32.3268,0.0,0,0.0,0.0,0.0,HOLD_CASH
2016-06-27,19,ED,XEL,56.2096,32.6403,0.0,0,0.0,0.0,0.0,HOLD_CASH
2016-06-28,19,ED,XEL,55.8359,32.6628,0.0,0,0.0,0.0,0.0,HOLD_CASH
2016-06-29,19,ED,XEL,55.7442,32.7374,0.0,0,0.0,0.0,0.0,HOLD_CASH
2016-06-30,19,ED,XEL,56.7101,33.4317,0.0,0,0.0,0.0,0.0,HOLD_CASH
2016-07-01,19,ED,XEL,56.7594,33.4317,0.0,0,0.0,0.0,0.0,HOLD_CASH
2016-07-05,19,ED,XEL,57.5773,33.7975,-0.5209,0,0.0,0.0,0.0,HOLD_CASH
2016-07-06,19,ED,XEL,57.4927,33.8423,-1.0861,0,0.0,0.0,0.0,HOLD_CASH
2016-07-07,19,ED,XEL,56.3929,33.0883,-0.5308,0,0.0,0.0,0.0,HOLD_CASH
2016-07-08,19,ED,XEL,56.6678,33.2899,-0.7183,0,0.0,0.0,0.0,HOLD_CASH
2016-07-11,19,ED,XEL,56.5409,33.1555,-0.3415,0,0.0,0.0,0.0,HOLD_CASH
2016-07-12,19,ED,XEL,55.5328,32.4761,0.2163,0,0.0,0.0,0.0,HOLD_CASH
2016-07-13,19,ED,XEL,55.991,32.8121,-0.073,0,0.0,0.0,0.0,HOLD_CASH
2016-07-14,19,ED,XEL,55.7795,32.5582,0.9769,0,0.0,0.0,0.0,HOLD_CASH
2016-07-15,19,ED,XEL,55.8006,32.6628,0.3873,0,0.0,0.0,0.0,HOLD_CASH
2016-07-18,19,ED,XEL,55.7372,32.7374,-0.4592,0,0.0,0.0,0.0,HOLD_CASH
2016-07-19,19,ED,XEL,55.7725,32.6926,0.0999,0,0.0,0.0,0.0,HOLD_CASH
2016-07-20,19,ED,XEL,55.6315,32.5582,0.4938,0,0.0,0.0,0.0,HOLD_CASH
2016-07-21,19,ED,XEL,56.3224,32.7598,1.9399,0,0.0,0.0,0.0,HOLD_CASH
2016-07-22,19,ED,XEL,57.2318,33.0883,2.6366,-1,0.0,-0.5,-0.5,ENTER_SHORT_A
2016-07-25,19,ED,XEL,57.2389,33.0286,2.3975,-1,-0.4821,-0.5,-0.9821,HOLDING
2016-07-26,19,ED,XEL,56.7172,32.6926,2.2465,-1,-0.7416,-0.5,-1.2416,HOLDING
2016-07-27,19,ED,XEL,55.9981,32.4761,1.1939,-1,0.7638,-0.5,0.2638,HOLDING
2016-07-28,19,ED,XEL,56.3153,32.6702,1.0386,-1,0.8445,-0.5,0.3445,HOLDING
2016-07-29,19,ED,XEL,56.4563,32.8344,0.6003,-1,1.4696,-0.5,0.9696,HOLDING
2016-08-01,19,ED,XEL,56.7242,32.8046,1.3068,-1,0.0738,-0.5,-0.4262,HOLDING
2016-08-02,19,ED,XEL,56.4845,32.6403,1.2769,-1,-0.1201,-0.5,-0.6201,HOLDING
2016-08-03,19,ED,XEL,55.6244,32.2223,0.8341,-1,0.478,-0.5,-0.022,HOLDING
2016-08-04,19,ED,XEL,55.5469,32.3342,0.0354,-1,1.6629,-0.5,1.1629,HOLDING
2016-08-05,19,ED,XEL,54.8137,31.8564,0.2146,-1,1.2555,-0.5,0.7555,HOLDING
2016-08-08,19,ED,XEL,54.7432,31.7818,0.3218,-1,0.9994,-0.5,0.4994,HOLDING
2016-08-09,19,ED,XEL,55.0534,31.8415,0.8858,-1,0.0957,-0.5,-0.4043,HOLDING
2016-08-10,19,ED,XEL,55.1591,31.8714,0.9643,-1,-0.1405,-0.5,-0.6405,HOLDING
2016-08-11,19,ED,XEL,55.2649,31.8863,1.1056,-1,-0.4896,-0.5,-0.9896,HOLDING
2016-08-12,19,ED,XEL,55.5469,31.9535,1.4796,-1,-1.214,-0.5,-1.714,HOLDING
2016-08-15,19,ED,XEL,54.2101,31.4458,-0.1342,-1,0.7898,-0.5,0.2898,HOLDING
2016-08-16,19,ED,XEL,53.3853,31.0875,-1.1581,-1,1.6849,-0.5,1.1849,HOLDING
2016-08-17,19,ED,XEL,54.3096,31.6026,-1.2117,-1,1.5395,-0.5,1.0395,HOLDING
2016-08-18,19,ED,XEL,55.0207,32.0729,-1.5991,-1,1.9872,-0.5,1.4872,HOLDING
2016-08-19,19,ED,XEL,54.395,31.6698,-1.1525,-1,1.6744,-0.5,1.1744,HOLDING
2016-08-22,19,ED,XEL,54.5727,31.7892,-1.1588,-1,1.8004,-0.5,1.3004,HOLDING
2016-08-23,19,ED,XEL,54.3665,31.4981,0.3151,-1,0.5011,-0.5,0.0011,HOLDING
2016-08-24,19,ED,XEL,54.267,31.5055,-0.2375,-1,0.9925,-0.5,0.4925,HOLDING
2016-08-25,19,ED,XEL,54.3594,31.5653,-0.2765,-1,1.0399,-0.5,0.5399,HOLDING
2016-08-26,19,ED,XEL,53.1649,30.9008,-0.5465,-1,1.2378,-0.5,0.7378,HOLDING
2016-08-29,19,ED,XEL,53.5062,31.1323,-0.7573,-1,1.4954,-0.5,0.9954,HOLDING
2016-08-30,19,ED,XEL,53.044,30.7515,0.298,-1,0.6375,-0.5,0.1375,HOLDING
2016-08-31,19,ED,XEL,53.5062,30.8784,1.4611,-1,-0.4225,-0.5,-0.9225,HOLDING
2016-09-01,19,ED,XEL,53.2431,30.8112,0.6451,-1,0.2193,-0.5,-0.2807,HOLDING
2016-09-02,19,ED,XEL,53.7195,31.1397,0.1484,-1,0.62,-0.5,0.12,HOLDING
2016-09-06,19,ED,XEL,54.2385,31.5055,-0.4097,-1,1.1167,-0.5,0.6167,HOLDING
2016-09-07,19,ED,XEL,54.0466,31.6399,-2.103,-1,2.9706,-0.5,2.4706,HOLDING
2016-09-08,19,ED,XEL,53.947,31.6325,-2.0831,-1,3.3491,-0.5,2.8491,HOLDING
2016-09-09,19,ED,XEL,51.8708,30.4454,-1.9852,-1,3.4498,-0.5,2.9498,HOLDING
2016-09-12,19,ED,XEL,52.9373,30.9232,-0.9577,-1,2.4008,-0.5,1.9008,HOLDING
2016-09-13,19,ED,XEL,52.0699,30.5619,-1.7674,-1,3.4601,-0.5,2.9601,HOLDING
2016-09-14,19,ED,XEL,52.7098,30.6823,-0.0162,-1,1.5747,-0.5,1.0747,HOLDING
2016-09-15,19,ED,XEL,53.0155,30.7576,0.651,-1,0.808,-0.5,0.308,HOLDING
2016-09-16,19,ED,XEL,53.5488,31.0136,0.9244,-1,0.4122,-0.5,-0.0878,HOLDING
2016-09-19,19,ED,XEL,54.3239,31.3749,1.3421,-1,-0.2433,-0.5,-0.7433,HOLDING
2016-09-20,19,ED,XEL,54.4234,31.2544,2.0335,-1,-1.5882,-0.5,-2.0882,HOLDING
2016-09-21,19,ED,XEL,55.5042,32.0298,1.1353,-1,-0.4512,-0.5,-0.9512,HOLDING
2016-09-22,19,ED,XEL,56.0659,32.2932,1.3149,-1,-0.9143,-0.5,-1.4143,HOLDING
2016-09-23,19,ED,XEL,55.9451,32.4212,0.3295,-1,0.5805,-0.5,0.0805,HOLDING
2016-09-26,19,ED,XEL,55.9308,32.4438,0.1635,-1,0.8133,-0.5,0.3133,HOLDING
2016-09-27,19,ED,XEL,55.3549,31.8943,1.1124,-1,-0.8226,-0.5,-1.3226,HOLDING
2016-09-28,19,ED,XEL,54.8714,31.8039,0.2032,-1,0.6069,-0.5,0.1069,HOLDING
2016-09-29,19,ED,XEL,54.4163,31.4727,0.554,-1,0.0923,-0.5,-0.4077,HOLDING
2016-09-30,19,ED,XEL,53.5417,30.9684,0.5416,-1,0.1019,-0.5,-0.3981,HOLDING
2016-10-03,19,ED,XEL,52.788,30.5468,0.4533,-1,0.2093,-0.5,-0.2907,HOLDING
2016-10-04,19,ED,XEL,51.7428,29.8016,1.0748,-1,-0.8555,-0.5,-1.3555,HOLDING
2016-10-05,19,ED,XEL,51.5508,29.7414,0.7415,-1,-0.4718,-0.5,-0.9718,HOLDING
2016-10-06,19,ED,XEL,51.4299,29.8242,-0.1497,-1,0.6817,-0.5,0.1817,HOLDING
2016-10-07,19,ED,XEL,51.2166,29.8167,-1.0016,-1,1.5567,-0.5,1.0567,HOLDING
2016-10-10,19,ED,XEL,51.3375,30.0274,-1.8502,-1,2.6212,-0.5,2.1212,HOLDING
2016-10-11,19,ED,XEL,50.9535,29.6962,-1.4452,-1,1.7959,-0.5,1.2959,HOLDING
2016-10-12,19,ED,XEL,51.245,29.8995,-1.6041,-1,2.0581,-0.5,1.5581,HOLDING
2016-10-13,19,ED,XEL,51.8636,30.3662,-1.9922,-1,2.8822,-0.5,2.3822,HOLDING
2016-10-14,19,ED,XEL,51.5437,30.1479,-1.584,-1,2.6304,-0.5,2.1304,HOLDING
2016-10-17,19,ED,XEL,51.9063,30.3662,-1.4345,-1,2.6959,-0.5,2.1959,HOLDING
2016-10-18,19,ED,XEL,52.0769,30.5167,-1.5553,-1,3.0879,-0.5,2.5879,HOLDING
2016-10-19,19,ED,XEL,52.2192,30.3511,-0.135,-1,1.2153,-0.5,0.7153,HOLDING
2016-10-20,19,ED,XEL,52.3472,30.4038,0.0628,-1,1.0544,-0.5,0.5544,HOLDING
2016-10-21,19,ED,XEL,52.0272,30.0726,0.9028,-1,-0.0503,-0.5,-0.5503,HOLDING
2016-10-24,19,ED,XEL,52.0272,30.2608,-0.1913,-1,1.3715,-0.5,0.8715,HOLDING
2016-10-25,19,ED,XEL,52.3685,30.4716,-0.1873,-1,1.4732,-0.5,0.9732,HOLDING
2016-10-26,19,ED,XEL,52.532,30.5619,-0.1223,-1,1.4413,-0.5,0.9413,HOLDING
2016-10-27,19,ED,XEL,52.2405,30.4415,-0.3714,-1,1.8048,-0.5,1.3048,HOLDING
2016-10-28,19,ED,XEL,52.6102,30.6221,-0.0869,-1,1.5546,-0.5,1.0546,HOLDING
2016-10-31,19,ED,XEL,53.7195,31.277,-0.0878,-1,1.6573,-0.5,1.1573,HOLDING
2016-11-01,19,ED,XEL,52.6529,30.7576,-0.7387,-1,2.3919,-0.5,1.8919,HOLDING
2016-11-02,19,ED,XEL,52.4894,30.4565,1.1257,-1,0.8314,-0.5,0.3314,HOLDING
2016-11-03,19,ED,XEL,52.5249,30.5769,0.2718,-1,1.586,-0.5,1.086,HOLDING
2016-11-04,19,ED,XEL,52.4396,30.3812,1.5119,-1,0.4801,-0.5,-0.0199,HOLDING
2016-11-07,19,ED,XEL,53.0013,30.9759,-0.9208,-1,2.5194,-0.5,2.0194,HOLDING
2016-11-08,19,ED,XEL,53.563,31.2544,-0.457,-1,2.1701,-0.5,1.6701,HOLDING
2016-11-09,19,ED,XEL,51.3801,29.7941,1.1542,-1,0.6717,-0.5,0.1717,HOLDING
2016-11-10,19,ED,XEL,50.2638,29.1166,1.3041,-1,0.4293,-0.5,-0.0707,HOLDING
2016-11-11,19,ED,XEL,50.1216,29.237,-0.6523,-1,1.9606,-0.5,1.4606,HOLDING
2016-11-14,19,ED,XEL,49.9278,28.9886,0.5905,-1,0.9303,-0.5,0.4303,HOLDING
2016-11-15,19,ED,XEL,50.66,29.5457,-0.9278,-1,1.9406,-0.5,1.4406,HOLDING
2016-11-16,19,ED,XEL,50.1359,29.365,-1.9861,-1,2.8647,-0.5,2.3647,HOLDING
2016-11-17,19,ED,XEL,50.2795,29.3575,-0.9544,-1,2.1807,-0.5,1.6807,HOLDING
2016-11-18,19,ED,XEL,49.9134,29.2596,-1.9399,-1,3.0406,-0.5,2.5406,HOLDING
2016-11-21,19,ED,XEL,50.3226,29.6134,-2.411,-1,3.9263,-0.5,3.4263,HOLDING
2016-11-22,19,ED,XEL,50.4805,29.5758,-1.1941,-1,2.9521,-0.5,2.4521,HOLDING
2016-11-23,19,ED,XEL,49.9278,29.1843,-0.5863,-1,2.4091,-0.5,1.9091,HOLDING
2016-11-25,19,ED,XEL,50.7246,29.7489,-1.2422,-1,3.194,-0.5,2.694,HOLDING
2016-11-28,19,ED,XEL,52.1532,30.3511,0.5086,-1,1.5037,-0.5,1.0037,HOLDING
2016-11-29,19,ED,XEL,52.1532,30.4791,-0.4019,-1,2.4706,-0.5,1.9706,HOLDING
2016-11-30,19,ED,XEL,50.0857,29.365,-1.0566,-1,3.0843,-0.5,2.5843,HOLDING
2016-12-01,19,ED,XEL,49.8703,29.0112,0.7103,-1,1.3519,-0.5,0.8519,HOLDING
2016-12-02,19,ED,XEL,50.0283,29.1618,0.2707,-1,0.0,0.8607,0.8607,PERIOD_END_EXIT
2016-06-07,20,AVB,EQR,122.3413,43.1993,0.0,0,0.0,0.0,0.0,HOLD_CASH
2016-06-08,20,AVB,EQR,122.2116,43.2801,0.0,0,0.0,0.0,0.0,HOLD_CASH
2016-06-09,20,AVB,EQR,122.6728,43.4013,0.0,0,0.0,0.0,0.0,HOLD_CASH
2016-06-10,20,AVB,EQR,122.5359,43.3743,0.0,0,0.0,0.0,0.0,HOLD_CASH
2016-06-13,20,AVB,EQR,122.9466,43.2531,0.0,0,0.0,0.0,0.0,HOLD_CASH
2016-06-14,20,AVB,EQR,122.4927,43.4619,0.0,0,0.0,0.0,0.0,HOLD_CASH
2016-06-15,20,AVB,EQR,124.3732,44.1284,0.0,0,0.0,0.0,0.0,HOLD_CASH
2016-06-16,20,AVB,EQR,125.5189,44.6065,0.0,0,0.0,0.0,0.0,HOLD_CASH
2016-06-17,20,AVB,EQR,125.0145,44.3102,0.0,0,0.0,0.0,0.0,HOLD_CASH
2016-06-20,20,AVB,EQR,125.3748,44.3304,0.0,0,0.0,0.0,0.0,HOLD_CASH
2016-06-21,20,AVB,EQR,126.1458,44.4382,0.0,0,0.0,0.0,0.0,HOLD_CASH
2016-06-22,20,AVB,EQR,126.0593,44.6873,0.0,0,0.0,0.0,0.0,HOLD_CASH
2016-06-23,20,AVB,EQR,125.9008,44.8393,0.0,0,0.0,0.0,0.0,HOLD_CASH
2016-06-24,20,AVB,EQR,124.3444,44.439,0.0,0,0.0,0.0,0.0,HOLD_CASH
2016-06-27,20,AVB,EQR,126.081,44.7578,0.0,0,0.0,0.0,0.0,HOLD_CASH
2016-06-28,20,AVB,EQR,129.1888,45.9926,0.0,0,0.0,0.0,0.0,HOLD_CASH
2016-06-29,20,AVB,EQR,129.3631,46.1419,0.0,0,0.0,0.0,0.0,HOLD_CASH
2016-06-30,20,AVB,EQR,130.9897,46.7321,0.0,0,0.0,0.0,0.0,HOLD_CASH
2016-07-01,20,AVB,EQR,131.2293,46.8136,0.0,0,0.0,0.0,0.0,HOLD_CASH
2016-07-05,20,AVB,EQR,132.8196,47.3428,-0.9985,0,0.0,0.0,0.0,HOLD_CASH
2016-07-06,20,AVB,EQR,132.0717,46.9628,-0.3824,0,0.0,0.0,0.0,HOLD_CASH
2016-07-07,20,AVB,EQR,131.3237,47.0171,-1.7203,0,0.0,0.0,0.0,HOLD_CASH
2016-07-08,20,AVB,EQR,134.2937,47.8312,-0.5248,0,0.0,0.0,0.0,HOLD_CASH
2016-07-11,20,AVB,EQR,134.0104,48.0144,-1.6047,0,0.0,0.0,0.0,HOLD_CASH
2016-07-12,20,AVB,EQR,134.8238,48.1841,-1.0372,0,0.0,0.0,0.0,HOLD_CASH
2016-07-13,20,AVB,EQR,136.1018,48.1094,1.4377,0,0.0,0.0,0.0,HOLD_CASH
2016-07-14,20,AVB,EQR,134.664,47.7973,0.5192,0,0.0,0.0,0.0,HOLD_CASH
2016-07-15,20,AVB,EQR,133.0737,47.2003,0.6464,0,0.0,0.0,0.0,HOLD_CASH
2016-07-18,20,AVB,EQR,133.0011,47.3699,-0.2248,0,0.0,0.0,0.0,HOLD_CASH
2016-07-19,20,AVB,EQR,133.7854,47.9737,-1.5807,0,0.0,0.0,0.0,HOLD_CASH
2016-07-20,20,AVB,EQR,133.4441,47.5531,-0.0669,0,0.0,0.0,0.0,HOLD_CASH
2016-07-21,20,AVB,EQR,133.6111,47.4581,0.8639,0,0.0,0.0,0.0,HOLD_CASH
2016-07-22,20,AVB,EQR,134.5696,47.7091,1.2631,0,0.0,0.0,0.0,HOLD_CASH
2016-07-25,20,AVB,EQR,134.4607,47.6006,1.465,0,0.0,0.0,0.0,HOLD_CASH
2016-07-26,20,AVB,EQR,132.4638,47.3699,-1.0075,0,0.0,0.0,0.0,HOLD_CASH
2016-07-27,20,AVB,EQR,130.5322,44.7511,3.8535,-1,0.0,-0.5,-0.5,ENTER_SHORT_A
2016-07-28,20,AVB,EQR,132.3621,45.3549,2.7937,-1,-0.1314,-0.5,-0.6314,HOLDING
2016-07-29,20,AVB,EQR,134.8092,46.1283,2.3112,-1,-0.4975,-0.5,-0.9975,HOLDING
2016-08-01,20,AVB,EQR,135.5935,46.3793,1.9607,-1,-0.5971,-0.5,-1.0971,HOLDING
2016-08-02,20,AVB,EQR,134.1848,45.6398,1.9373,-1,-2.0304,-0.5,-2.5304,HOLDING
2016-08-03,20,AVB,EQR,132.7615,44.785,1.9925,-1,-4.08,-0.5,-4.58,HOLDING
2016-08-04,20,AVB,EQR,131.7812,45.0224,1.2387,-1,-0.8761,-0.5,-1.3761,HOLDING
2016-08-05,20,AVB,EQR,132.609,45.6127,0.8334,-1,0.8359,-0.5,0.3359,HOLDING
2016-08-08,20,AVB,EQR,134.9399,46.3386,0.8223,-1,0.4271,-0.5,-0.0729,HOLDING
2016-08-09,20,AVB,EQR,135.0488,46.5693,0.5526,-1,1.5073,-0.5,1.0073,HOLDING
2016-08-10,20,AVB,EQR,133.4223,45.633,0.8643,-1,-0.608,-0.5,-1.108,HOLDING
2016-08-11,20,AVB,EQR,131.6577,45.0089,0.8008,-1,-0.7154,-0.5,-1.2154,HOLDING
2016-08-12,20,AVB,EQR,131.2802,45.0224,0.5751,-1,0.0834,-0.5,-0.4166,HOLDING
2016-08-15,20,AVB,EQR,131.9918,45.1446,0.632,-1,-0.5972,-0.5,-1.0972,HOLDING
2016-08-16,20,AVB,EQR,129.8642,44.7714,0.1335,-1,1.3932,-0.5,0.8932,HOLDING
2016-08-17,20,AVB,EQR,129.4721,44.9546,-0.3768,-1,3.1674,-0.5,2.6674,HOLDING
2016-08-18,20,AVB,EQR,128.695,44.5339,-0.2726,-1,2.3057,-0.5,1.8057,HOLDING
2016-08-19,20,AVB,EQR,127.9181,44.3575,-0.5468,-1,2.8083,-0.5,2.3083,HOLDING
2016-08-22,20,AVB,EQR,127.7656,44.3304,-0.7583,-1,2.9487,-0.5,2.4487,HOLDING
2016-08-23,20,AVB,EQR,127.054,44.1337,-1.5094,-1,3.2126,-0.5,2.7126,HOLDING
2016-08-24,20,AVB,EQR,126.6982,43.9708,-1.2532,-1,2.9844,-0.5,2.4844,HOLDING
2016-08-25,20,AVB,EQR,127.2065,44.5136,-1.939,-1,5.0429,-0.5,4.5429,HOLDING
2016-08-26,20,AVB,EQR,126.0229,43.7944,-1.0409,-1,3.2923,-0.5,2.7923,HOLDING
2016-08-29,20,AVB,EQR,127.4752,44.1065,-0.4958,-1,2.2543,-0.5,1.7543,HOLDING
2016-08-30,20,AVB,EQR,126.6546,43.8826,-0.5739,-1,2.5752,-0.5,2.0752,HOLDING
2016-08-31,20,AVB,EQR,127.083,44.0115,-0.4585,-1,2.4747,-0.5,1.9747,HOLDING
2016-09-01,20,AVB,EQR,127.6639,43.6994,1.3079,-1,-0.3814,-0.5,-0.8814,HOLDING
2016-09-02,20,AVB,EQR,127.4098,43.8216,0.5855,-1,0.7876,-0.5,0.2876,HOLDING
2016-09-06,20,AVB,EQR,129.8569,44.0997,2.1311,-1,-2.3452,-0.5,-2.8452,HOLDING
2016-09-07,20,AVB,EQR,130.5758,44.5882,1.274,-1,-0.9931,-0.5,-1.4931,HOLDING
2016-09-08,20,AVB,EQR,127.7583,43.6994,1.062,-1,-0.5621,-0.5,-1.0621,HOLDING
2016-09-09,20,AVB,EQR,123.2199,42.6071,-0.253,-1,2.0278,-0.5,1.5278,HOLDING
2016-09-12,20,AVB,EQR,125.2966,43.2924,-0.1062,-1,1.8785,-0.5,1.3785,HOLDING
2016-09-13,20,AVB,EQR,122.6535,42.5596,-0.6004,-1,2.8473,-0.5,2.3473,HOLDING
2016-09-14,20,AVB,EQR,124.36,43.1567,-0.5669,-1,2.9144,-0.5,2.4144,HOLDING
2016-09-15,20,AVB,EQR,125.8268,43.6655,-0.5713,-1,2.9478,-0.5,2.4478,HOLDING
2016-09-16,20,AVB,EQR,125.8631,43.7062,-0.6297,-1,3.1055,-0.5,2.6055,HOLDING
2016-09-19,20,AVB,EQR,127.3735,44.1879,-0.4934,-1,2.9038,-0.5,2.4038,HOLDING
2016-09-20,20,AVB,EQR,127.9108,44.2422,-0.1078,-1,2.1779,-0.5,1.6779,HOLDING
2016-09-21,20,AVB,EQR,129.8424,44.785,0.2311,-1,1.5107,-0.5,1.0107,HOLDING
2016-09-22,20,AVB,EQR,132.2387,46.1134,-1.221,-1,4.3422,-0.5,3.8422,HOLDING
2016-09-23,20,AVB,EQR,132.7179,46.1707,-0.9961,-1,3.7446,-0.5,3.2446,HOLDING
2016-09-26,20,AVB,EQR,133.2335,46.2065,-0.573,-1,2.9571,-0.5,2.4571,HOLDING
2016-09-27,20,AVB,EQR,131.9845,46.271,-1.8426,-1,5.7095,-0.5,5.2095,HOLDING
2016-09-28,20,AVB,EQR,132.8478,46.9373,-2.301,-1,7.7786,-0.5,7.2786,HOLDING
2016-09-29,20,AVB,EQR,131.2456,46.1635,-1.5961,-1,6.5242,-0.5,6.0242,HOLDING
2016-09-30,20,AVB,EQR,130.1043,46.0919,-1.9819,-1,8.3098,-0.5,7.8098,HOLDING
2016-10-03,20,AVB,EQR,127.0975,45.2034,-1.9758,-1,9.1053,-0.5,8.6053,HOLDING
2016-10-04,20,AVB,EQR,126.2928,44.7878,-1.6092,-1,8.3249,-0.5,7.8249,HOLDING
2016-10-05,20,AVB,EQR,122.2399,43.9997,-2.414,-1,11.6845,-0.5,11.1845,HOLDING
2016-10-06,20,AVB,EQR,122.1375,43.9639,-2.086,-1,11.6805,-0.5,11.1805,HOLDING
2016-10-07,20,AVB,EQR,121.1718,43.5626,-1.729,-1,11.2885,-0.5,10.7885,HOLDING
2016-10-10,20,AVB,EQR,122.2618,43.5913,-1.0416,-1,9.3608,-0.5,8.8608,HOLDING
2016-10-11,20,AVB,EQR,122.0862,43.3477,-0.6766,-1,8.3362,-0.5,7.8362,HOLDING
2016-10-12,20,AVB,EQR,122.6568,43.8134,-0.9939,-1,9.8451,-0.5,9.3451,HOLDING
2016-10-13,20,AVB,EQR,122.986,43.8134,-0.7261,-1,9.2146,-0.5,8.7146,HOLDING
2016-10-14,20,AVB,EQR,123.586,43.9925,-0.5965,-1,9.0662,-0.5,8.5662,HOLDING
2016-10-17,20,AVB,EQR,123.703,43.9496,-0.3865,-1,8.6019,-0.5,8.1019,HOLDING
2016-10-18,20,AVB,EQR,123.4689,43.7633,-0.125,-1,8.0096,-0.5,7.5096,HOLDING
2016-10-19,20,AVB,EQR,123.7396,43.8779,-0.0534,-1,8.1316,-0.5,7.6316,HOLDING
2016-10-20,20,AVB,EQR,122.9934,43.7274,-0.2243,-1,8.7203,-0.5,8.2203,HOLDING
2016-10-21,20,AVB,EQR,122.8617,43.7274,-0.2452,-1,8.9725,-0.5,8.4725,HOLDING
2016-10-24,20,AVB,EQR,123.0666,43.4982,0.8381,-1,7.2992,-0.5,6.7992,HOLDING
2016-10-25,20,AVB,EQR,122.0789,43.2545,0.629,-1,7.8299,-0.5,7.3299,HOLDING
2016-10-26,20,AVB,EQR,123.7323,43.8134,0.762,-1,7.7854,-0.5,7.2854,HOLDING
2016-10-27,20,AVB,EQR,121.223,42.882,1.0565,-1,7.3878,-0.5,6.8878,HOLDING
2016-10-28,20,AVB,EQR,122.5105,43.1184,1.7715,-1,6.2428,-0.5,5.7428,HOLDING
2016-10-31,20,AVB,EQR,125.232,44.2433,1.0481,-1,7.3146,-0.5,6.8146,HOLDING
2016-11-01,20,AVB,EQR,123.8274,43.577,1.5192,-1,6.2824,-0.5,5.7824,HOLDING
2016-11-02,20,AVB,EQR,124.0542,43.6128,1.5575,-1,6.0482,-0.5,5.5482,HOLDING
2016-11-03,20,AVB,EQR,124.815,43.9209,1.3608,-1,6.3121,-0.5,5.8121,HOLDING
2016-11-04,20,AVB,EQR,125.5466,44.1287,1.5394,-1,6.0717,-0.5,5.5717,HOLDING
2016-11-07,20,AVB,EQR,124.8955,44.143,0.369,-1,7.3988,-0.5,6.8988,HOLDING
2016-11-08,20,AVB,EQR,126.505,44.8308,-0.2064,-1,8.1589,-0.5,7.6589,HOLDING
2016-11-09,20,AVB,EQR,123.8566,43.9065,-0.3931,-1,8.0675,-0.5,7.5675,HOLDING
2016-11-10,20,AVB,EQR,121.8302,42.9751,0.6825,-1,6.7453,-0.5,6.2453,HOLDING
2016-11-11,20,AVB,EQR,122.6568,43.0253,1.8274,-1,5.4423,-0.5,4.9423,HOLDING
2016-11-14,20,AVB,EQR,125.2466,43.7059,2.4428,-1,4.2847,-0.5,3.7847,HOLDING
2016-11-15,20,AVB,EQR,120.806,42.4879,0.7584,-1,5.985,-0.5,5.485,HOLDING
2016-11-16,20,AVB,EQR,121.9472,42.9393,0.456,-1,6.3211,-0.5,5.8211,HOLDING
2016-11-17,20,AVB,EQR,120.0451,42.2658,0.399,-1,6.2015,-0.5,5.7015,HOLDING
2016-11-18,20,AVB,EQR,118.7502,42.2586,-1.9904,-1,8.6414,-0.5,8.1414,HOLDING
2016-11-21,20,AVB,EQR,116.87,42.1368,-3.1586,-1,11.562,-0.5,11.062,HOLDING
2016-11-22,20,AVB,EQR,118.8087,43.0324,-2.7954,-1,12.8523,-0.5,12.3523,HOLDING
2016-11-23,20,AVB,EQR,117.3748,42.4234,-2.1158,-1,12.1963,-0.5,11.6963,HOLDING
2016-11-25,20,AVB,EQR,117.7114,42.581,-1.8745,-1,12.4323,-0.5,11.9323,HOLDING
2016-11-28,20,AVB,EQR,119.5549,42.9751,-1.1796,-1,11.1028,-0.5,10.6028,HOLDING
2016-11-29,20,AVB,EQR,120.5353,43.3405,-1.0944,-1,11.2667,-0.5,10.7667,HOLDING
2016-11-30,20,AVB,EQR,120.3377,42.9966,-0.5051,-1,9.7237,-0.5,9.2237,HOLDING
2016-12-01,20,AVB,EQR,119.6135,42.7745,-0.5124,-1,9.8701,-0.5,9.3701,HOLDING
2016-12-02,20,AVB,EQR,120.4402,43.3477,-0.9597,-1,0.0,10.5159,10.5159,PERIOD_END_EXIT
