Date,Pair_Rank,Ticker_A,Ticker_B,Price_A,Price_B,Hedge_Ratio,ZScore,Position,Unrealized_PnL,Realized_PnL,Cumulative_PnL,Status
2013-05-08,1,D,LNT,35.1906,17.568,0.9118,0.0,0,0.0,0.0,0.0,HOLD_CASH
2013-05-09,1,D,LNT,34.5798,17.2445,0.9118,0.0,0,0.0,0.0,0.0,HOLD_CASH
2013-05-10,1,D,LNT,34.7543,17.3745,0.9118,0.0,0,0.0,0.0,0.0,HOLD_CASH
2013-05-13,1,D,LNT,34.7194,17.2378,0.9118,0.0,0,0.0,0.0,0.0,HOLD_CASH
2013-05-14,1,D,LNT,35.1673,17.3545,0.9118,0.0,0,0.0,0.0,0.0,HOLD_CASH
2013-05-15,1,D,LNT,35.2836,17.6046,0.9118,0.0,0,0.0,0.0,0.0,HOLD_CASH
2013-05-16,1,D,LNT,35.1208,17.4479,0.9118,0.0,0,0.0,0.0,0.0,HOLD_CASH
2013-05-17,1,D,LNT,35.5803,17.6113,0.9118,0.0,0,0.0,0.0,0.0,HOLD_CASH
2013-05-20,1,D,LNT,35.336,17.4379,0.9118,0.0,0,0.0,0.0,0.0,HOLD_CASH
2013-05-21,1,D,LNT,35.3011,17.4879,0.9118,0.0,0,0.0,0.0,0.0,HOLD_CASH
2013-05-22,1,D,LNT,34.4693,17.1511,0.9118,0.0,0,0.0,0.0,0.0,HOLD_CASH
2013-05-23,1,D,LNT,34.289,17.0144,0.9118,0.0,0,0.0,0.0,0.0,HOLD_CASH
2013-05-24,1,D,LNT,33.5154,16.931,0.9118,0.0,0,0.0,0.0,0.0,HOLD_CASH
2013-05-28,1,D,LNT,33.5794,16.8209,0.9118,0.0,0,0.0,0.0,0.0,HOLD_CASH
2013-05-29,1,D,LNT,33.1955,16.4408,0.9118,0.0,0,0.0,0.0,0.0,HOLD_CASH
2013-05-30,1,D,LNT,33.2071,16.6175,0.9118,0.0,0,0.0,0.0,0.0,HOLD_CASH
2013-05-31,1,D,LNT,32.893,16.4274,0.9118,0.0,0,0.0,0.0,0.0,HOLD_CASH
2013-06-03,1,D,LNT,32.3113,16.4741,0.9118,0.0,0,0.0,0.0,0.0,HOLD_CASH
2013-06-04,1,D,LNT,32.3753,16.3607,0.9118,0.0,0,0.0,0.0,0.0,HOLD_CASH
2013-06-05,1,D,LNT,32.0598,16.1873,0.9118,-1.5402,0,0.0,0.0,0.0,HOLD_CASH
2013-06-06,1,D,LNT,32.4946,16.3507,0.9118,-1.0282,0,0.0,0.0,0.0,HOLD_CASH
2013-06-07,1,D,LNT,32.6944,16.4908,0.9118,-1.0761,0,0.0,0.0,0.0,HOLD_CASH
2013-06-10,1,D,LNT,32.7825,16.4441,0.9118,-0.5577,0,0.0,0.0,0.0,HOLD_CASH
2013-06-11,1,D,LNT,32.5122,16.3607,0.9118,-0.801,0,0.0,0.0,0.0,HOLD_CASH
2013-06-12,1,D,LNT,32.5064,16.1873,0.9118,0.1261,0,0.0,0.0,0.0,HOLD_CASH
2013-06-13,1,D,LNT,33.141,16.4575,0.9118,0.5356,0,0.0,0.0,0.0,HOLD_CASH
2013-06-14,1,D,LNT,32.9294,16.5642,0.9118,-0.5623,0,0.0,0.0,0.0,HOLD_CASH
2013-06-17,1,D,LNT,33.3349,16.5675,0.9118,0.6877,0,0.0,0.0,0.0,HOLD_CASH
2013-06-18,1,D,LNT,33.4935,16.7009,0.9118,0.5502,0,0.0,0.0,0.0,HOLD_CASH
2013-06-19,1,D,LNT,32.7532,16.3107,0.9118,0.5698,0,0.0,0.0,0.0,HOLD_CASH
2013-06-20,1,D,LNT,31.8717,15.7771,0.9118,0.9733,0,0.0,0.0,0.0,HOLD_CASH
2013-06-21,1,D,LNT,32.3242,15.9606,0.9118,1.4319,0,0.0,0.0,0.0,HOLD_CASH
2013-06-24,1,D,LNT,32.4358,16.0106,0.9118,1.3438,0,0.0,0.0,0.0,HOLD_CASH
2013-06-25,1,D,LNT,32.8295,16.2607,0.9118,1.0123,0,0.0,0.0,0.0,HOLD_CASH
2013-06-26,1,D,LNT,33.0763,16.4474,0.9118,0.7072,0,0.0,0.0,0.0,HOLD_CASH
2013-06-27,1,D,LNT,33.188,16.6642,0.9118,-0.3072,0,0.0,0.0,0.0,HOLD_CASH
2013-06-28,1,D,LNT,33.3878,16.8143,0.9118,-0.5272,0,0.0,0.0,0.0,HOLD_CASH
2013-07-01,1,D,LNT,33.047,16.5608,0.9118,-0.2389,0,0.0,0.0,0.0,HOLD_CASH
2013-07-02,1,D,LNT,33.1292,16.5608,0.9118,0.0273,0,0.0,0.0,0.0,HOLD_CASH
2013-07-03,1,D,LNT,33.1057,16.5708,0.9118,-0.2673,0,0.0,0.0,0.0,HOLD_CASH
2013-07-05,1,D,LNT,33.0528,16.6509,0.9118,-1.2683,0,0.0,0.0,0.0,HOLD_CASH
2013-07-08,1,D,LNT,33.423,16.841,0.9118,-1.2043,0,0.0,0.0,0.0,HOLD_CASH
2013-07-09,1,D,LNT,33.6933,17.0177,0.9118,-1.3714,0,0.0,0.0,0.0,HOLD_CASH
2013-07-10,1,D,LNT,33.7227,17.1544,0.9118,-2.1613,1,0.0,-0.0833,-0.0833,ENTER_LONG_A
2013-07-11,1,D,LNT,34.4102,17.4579,0.9118,-1.3661,1,0.1855,-0.0833,0.1022,HOLDING
2013-07-12,1,D,LNT,34.5512,17.4379,0.9118,-0.5625,1,0.4142,-0.0833,0.3309,HOLDING
2013-07-15,1,D,LNT,35.0918,17.8081,0.9118,-1.0546,1,0.2553,-0.0833,0.172,HOLDING
2013-07-16,1,D,LNT,34.9273,17.7414,0.9118,-1.1174,1,0.1972,-0.0833,0.1139,HOLDING
2013-07-17,1,D,LNT,34.9508,17.738,0.9118,-0.9034,1,0.2353,-0.0833,0.152,HOLDING
2013-07-18,1,D,LNT,35.3504,17.9715,0.9118,-0.8895,1,0.2109,-0.0833,0.1276,HOLDING
2013-07-19,1,D,LNT,35.0683,17.9881,0.9118,-1.8455,1,-0.1923,-0.0833,-0.2756,HOLDING
2013-07-22,1,D,LNT,35.1329,17.9048,0.9118,-0.9693,1,0.0844,-0.0833,0.0011,HOLDING
2013-07-23,1,D,LNT,35.1741,17.9314,0.9118,-0.9479,1,0.0758,-0.0833,-0.0076,HOLDING
2013-07-24,1,D,LNT,34.5806,17.738,0.9118,-1.963,1,-0.2432,-0.0833,-0.3265,HOLDING
2013-07-25,1,D,LNT,34.8803,17.8514,0.9118,-1.4257,1,-0.1186,-0.0833,-0.2019,HOLDING
2013-07-26,1,D,LNT,34.9743,17.8881,0.9118,-1.15,1,-0.082,-0.0833,-0.1653,HOLDING
2013-07-29,1,D,LNT,34.8803,17.7636,0.9118,-0.432,1,0.0849,-0.0833,0.0015,HOLDING
2013-07-30,1,D,LNT,34.9038,17.7703,0.9118,-0.3003,1,0.0997,-0.0833,0.0163,HOLDING
2013-07-31,1,D,LNT,34.8509,17.8208,0.9118,-1.0273,1,-0.0856,-0.0833,-0.1689,HOLDING
2013-08-01,1,D,LNT,34.9273,18.0799,0.9118,-2.7254,1,-0.587,-0.0833,-0.6704,HOLDING
2013-08-02,1,D,LNT,34.9214,18.0126,0.9118,-1.8249,1,-0.4388,-0.0833,-0.5221,HOLDING
2013-08-05,1,D,LNT,35.0213,17.9116,0.9118,-0.3649,1,-0.0758,-0.0833,-0.1591,HOLDING
2013-08-06,1,D,LNT,34.8568,17.8074,0.9118,-0.1924,1,-0.0469,-0.0833,-0.1302,HOLDING
2013-08-07,1,D,LNT,35.1799,17.7973,0.9118,1.4581,1,0.3943,-0.0833,0.3109,HOLDING
2013-08-08,1,D,LNT,35.4268,17.8477,0.9118,1.9405,1,0.5964,-0.0833,0.513,HOLDING
2013-08-09,1,D,LNT,35.4503,17.804,0.9118,2.1362,1,0.7281,-0.0833,0.6447,HOLDING
2013-08-12,1,D,LNT,35.2975,17.8006,0.9118,1.4229,1,0.5384,-0.0833,0.4551,HOLDING
2013-08-13,1,D,LNT,35.4033,17.6862,0.9118,2.1808,1,0.9402,-0.0833,0.8568,HOLDING
2013-08-14,1,D,LNT,34.5865,17.5786,0.9118,0.0876,1,0.1338,-0.0833,0.0505,HOLDING
2013-08-15,1,D,LNT,34.0283,17.3397,0.9118,-0.3308,1,-0.0343,-0.0833,-0.1176,HOLDING
2013-08-16,1,D,LNT,33.7521,17.0874,0.9118,0.241,1,0.1933,-0.0833,0.11,HOLDING
2013-08-19,1,D,LNT,33.7168,16.9562,0.9118,0.8902,1,0.4517,-0.0833,0.3684,HOLDING
2013-08-20,1,D,LNT,34.0106,17.1278,0.9118,0.7702,1,0.434,-0.0833,0.3506,HOLDING
2013-08-21,1,D,LNT,33.6639,16.8754,0.9118,1.0408,1,0.5704,-0.0833,0.4871,HOLDING
2013-08-22,1,D,LNT,33.9401,16.8923,0.9118,1.6397,1,0.8884,-0.0833,0.8051,HOLDING
2013-08-23,1,D,LNT,34.5865,17.0201,0.9118,2.3387,1,1.4277,-0.0833,1.3444,HOLDING
2013-08-26,1,D,LNT,34.2809,16.8889,0.9118,1.8477,1,1.3368,-0.0833,1.2534,HOLDING
2013-08-27,1,D,LNT,34.3808,16.8855,0.9118,1.8016,1,1.4737,-0.0833,1.3903,HOLDING
2013-08-28,1,D,LNT,34.516,16.9865,0.9118,1.4921,1,1.4145,-0.0833,1.3312,HOLDING
2013-08-29,1,D,LNT,34.3926,16.8519,0.9118,1.6146,1,1.5668,-0.0833,1.4835,HOLDING
2013-08-30,1,D,LNT,34.2868,16.6904,0.9118,1.8344,1,1.8043,-0.0833,1.7209,HOLDING
2013-09-03,1,D,LNT,33.9519,16.4145,0.9118,1.9297,1,2.0105,-0.0833,1.9272,HOLDING
2013-09-04,1,D,LNT,34.191,16.4885,0.9118,1.8621,1,2.1481,-0.0833,2.0648,HOLDING
2013-09-05,1,D,LNT,34.1257,16.3338,0.9118,1.9477,1,2.4223,-0.0833,2.339,HOLDING
2013-09-06,1,D,LNT,34.1376,16.2631,0.9118,1.8738,1,2.6013,-0.0833,2.518,HOLDING
2013-09-09,1,D,LNT,34.4284,16.391,0.9118,1.6867,1,2.681,-0.0833,2.5976,HOLDING
2013-09-10,1,D,LNT,34.6598,16.465,0.9118,1.5936,1,2.8086,-0.0833,2.7252,HOLDING
2013-09-11,1,D,LNT,34.7784,16.4347,0.9118,1.6041,1,3.0321,-0.0833,2.9488,HOLDING
2013-09-12,1,D,LNT,35.4727,16.3607,0.9118,2.2222,1,4.101,-0.0833,4.0177,HOLDING
2013-09-13,1,D,LNT,36.3628,16.4381,0.9118,2.4669,1,5.0722,-0.0833,4.9889,HOLDING
2013-09-16,1,D,LNT,36.2619,16.4986,0.9118,1.9472,1,4.8015,-0.0833,4.7182,HOLDING
2013-09-17,1,D,LNT,36.6417,16.4919,0.9118,1.9751,1,5.308,-0.0833,5.2247,HOLDING
2013-09-18,1,D,LNT,37.6149,16.8889,0.9118,1.8473,1,5.6461,-0.0833,5.5628,HOLDING
2013-09-19,1,D,LNT,37.508,16.8351,0.9118,1.6459,1,5.6327,-0.0833,5.5494,HOLDING
2013-09-20,1,D,LNT,36.9503,16.6063,0.9118,1.4168,1,5.4418,-0.0833,5.3585,HOLDING
2013-09-23,1,D,LNT,37.1698,16.9091,0.9118,1.0122,1,5.0241,-0.0833,4.9408,HOLDING
2013-09-24,1,D,LNT,37.0571,16.8687,0.9118,0.896,1,4.9719,-0.0833,4.8886,HOLDING
2013-09-25,1,D,LNT,37.0393,16.8384,0.9118,0.8427,1,5.019,-0.0833,4.9357,HOLDING
2013-09-26,1,D,LNT,37.2707,16.8889,0.9118,0.8645,1,5.2012,-0.0833,5.1179,HOLDING
2013-09-27,1,D,LNT,37.0452,16.724,0.9118,0.8744,1,5.2917,-0.0833,5.2084,HOLDING
2013-09-30,1,D,LNT,37.0749,16.6702,0.9118,0.918,1,5.4548,-0.0833,5.3715,HOLDING
2013-10-01,1,D,LNT,37.0927,16.8855,0.9118,0.4457,1,4.9789,-0.0833,4.8956,HOLDING
2013-10-02,1,D,LNT,36.9918,16.8351,0.9118,0.3666,1,4.9655,-0.0833,4.8821,HOLDING
2013-10-03,1,D,LNT,36.7663,16.6198,0.9118,0.5313,1,5.1729,-0.0833,5.0895,HOLDING
2013-10-04,1,D,LNT,36.9206,16.5928,0.9118,0.7338,1,5.4346,-0.0833,5.3513,HOLDING
2013-10-07,1,D,LNT,36.5823,16.465,0.9118,0.5619,1,5.2937,-0.0833,5.2103,HOLDING
2013-10-08,1,D,LNT,36.5586,16.6063,0.9118,-0.139,1,4.9356,-0.0833,4.8523,HOLDING
2013-10-09,1,D,LNT,36.4993,16.6736,0.9118,-1.2069,1,4.703,-0.0833,4.6197,HOLDING
2013-10-10,1,D,LNT,37.1401,17.0403,0.9118,-1.8883,1,4.6818,-0.0833,4.5984,HOLDING
2013-10-11,1,D,LNT,37.3538,17.1177,0.9118,-1.4529,1,4.7786,-0.0833,4.6953,HOLDING
2013-10-14,1,D,LNT,37.152,16.9797,0.9118,-1.121,1,4.8374,-0.0833,4.7541,HOLDING
2013-10-15,1,D,LNT,36.6713,16.7207,0.9118,-0.8795,1,4.8163,-0.0833,4.7329,HOLDING
2013-10-16,1,D,LNT,37.4843,16.825,0.9118,1.5549,1,5.6255,-0.0833,5.5421,HOLDING
2013-10-17,1,D,LNT,37.8878,17.1816,0.9118,0.3836,1,5.3208,-0.0833,5.2374,HOLDING
2013-10-18,1,D,LNT,37.7869,17.222,0.9118,-0.3162,1,5.0969,-0.0833,5.0135,HOLDING
2013-10-21,1,D,LNT,37.7513,17.259,0.9118,-0.7676,1,4.9651,-0.0833,4.8818,HOLDING
2013-10-22,1,D,LNT,38.1845,17.4709,0.9118,-0.6977,1,5.0339,-0.0833,4.9506,HOLDING
2013-10-23,1,D,LNT,38.1133,17.5113,0.9118,-1.2378,1,4.8484,-0.0833,4.765,HOLDING
2013-10-24,1,D,LNT,38.0718,17.4911,0.9118,-1.1244,1,4.8415,-0.0833,4.7581,HOLDING
2013-10-25,1,D,LNT,38.3684,17.7502,0.9118,-1.7253,1,4.6247,-0.0833,4.5414,HOLDING
2013-10-28,1,D,LNT,38.1786,17.7367,0.9118,-2.0251,1,4.4105,-0.0833,4.3272,HOLDING
2013-10-29,1,D,LNT,38.3922,17.8419,0.9118,-1.7298,1,4.4428,-0.0833,4.3595,HOLDING
2013-10-30,1,D,LNT,37.9946,17.7265,0.9118,-1.9278,1,4.1963,-0.0833,4.113,HOLDING
2013-10-31,1,D,LNT,37.8284,17.7265,0.9118,-2.0235,1,3.9815,-0.0833,3.8982,HOLDING
2013-11-01,1,D,LNT,38.0302,17.8351,0.9118,-1.8156,1,3.9907,-0.0833,3.9073,HOLDING
2013-11-04,1,D,LNT,37.9709,17.8284,0.9118,-1.7196,1,0.0,3.756,3.756,PERIOD_END_EXIT
2013-05-08,2,ED,SO,38.3936,27.1871,1.1726,0.0,0,0.0,0.0,0.0,HOLD_CASH
2013-05-09,2,ED,SO,37.8819,26.7758,1.1726,0.0,0,0.0,0.0,0.0,HOLD_CASH
2013-05-10,2,ED,SO,37.9559,26.7063,1.1726,0.0,0,0.0,0.0,0.0,HOLD_CASH
2013-05-13,2,ED,SO,37.6352,26.5557,1.1726,0.0,0,0.0,0.0,0.0,HOLD_CASH
2013-05-14,2,ED,SO,37.6539,26.799,1.1726,0.0,0,0.0,0.0,0.0,HOLD_CASH
2013-05-15,2,ED,SO,37.7909,27.0307,1.1726,0.0,0,0.0,0.0,0.0,HOLD_CASH
2013-05-16,2,ED,SO,37.4608,26.8222,1.1726,0.0,0,0.0,0.0,0.0,HOLD_CASH
2013-05-17,2,ED,SO,37.8531,26.9959,1.1726,0.0,0,0.0,0.0,0.0,HOLD_CASH
2013-05-20,2,ED,SO,37.9216,26.8801,1.1726,0.0,0,0.0,0.0,0.0,HOLD_CASH
2013-05-21,2,ED,SO,37.903,26.9033,1.1726,0.0,0,0.0,0.0,0.0,HOLD_CASH
2013-05-22,2,ED,SO,37.1184,26.5093,1.1726,0.0,0,0.0,0.0,0.0,HOLD_CASH
2013-05-23,2,ED,SO,36.7448,26.3703,1.1726,0.0,0,0.0,0.0,0.0,HOLD_CASH
2013-05-24,2,ED,SO,36.5268,26.1849,1.1726,0.0,0,0.0,0.0,0.0,HOLD_CASH
2013-05-28,2,ED,SO,36.4646,26.0053,1.1726,0.0,0,0.0,0.0,0.0,HOLD_CASH
2013-05-29,2,ED,SO,35.954,25.6404,1.1726,0.0,0,0.0,0.0,0.0,HOLD_CASH
2013-05-30,2,ED,SO,35.9166,25.5651,1.1726,0.0,0,0.0,0.0,0.0,HOLD_CASH
2013-05-31,2,ED,SO,35.5368,25.4318,1.1726,0.0,0,0.0,0.0,0.0,HOLD_CASH
2013-06-03,2,ED,SO,35.4807,25.5419,1.1726,0.0,0,0.0,0.0,0.0,HOLD_CASH
2013-06-04,2,ED,SO,35.1756,25.4608,1.1726,0.0,0,0.0,0.0,0.0,HOLD_CASH
2013-06-05,2,ED,SO,35.4869,25.3101,1.1726,1.0685,0,0.0,0.0,0.0,HOLD_CASH
2013-06-06,2,ED,SO,35.6987,25.7388,1.1726,-1.1338,0,0.0,0.0,0.0,HOLD_CASH
2013-06-07,2,ED,SO,35.7609,25.7446,1.1726,-0.8069,0,0.0,0.0,0.0,HOLD_CASH
2013-06-10,2,ED,SO,35.7422,25.7215,1.1726,-0.6505,0,0.0,0.0,0.0,HOLD_CASH
2013-06-11,2,ED,SO,35.5866,25.6404,1.1726,-0.7034,0,0.0,0.0,0.0,HOLD_CASH
2013-06-12,2,ED,SO,35.3499,25.4434,1.1726,-0.2044,0,0.0,0.0,0.0,HOLD_CASH
2013-06-13,2,ED,SO,35.8419,25.8663,1.1726,-1.2772,0,0.0,0.0,0.0,HOLD_CASH
2013-06-14,2,ED,SO,36.0038,25.7736,1.1726,0.384,0,0.0,0.0,0.0,HOLD_CASH
2013-06-17,2,ED,SO,36.4708,25.791,1.1726,2.2666,-1,0.0,-0.0833,-0.0833,ENTER_SHORT_A
2013-06-18,2,ED,SO,36.7074,25.9242,1.1726,2.009,-1,-0.0165,-0.0833,-0.0998,HOLDING
2013-06-19,2,ED,SO,35.6675,25.2406,1.1726,2.0252,-1,-0.115,-0.0833,-0.1983,HOLDING
2013-06-20,2,ED,SO,34.7335,24.6092,1.1726,2.0369,-1,-0.2338,-0.0833,-0.3171,HOLDING
2013-06-21,2,ED,SO,35.1133,24.9684,1.1726,1.1794,-1,-0.0069,-0.0833,-0.0903,HOLDING
2013-06-24,2,ED,SO,35.0511,24.8757,1.1726,1.3226,-1,-0.1031,-0.0833,-0.1864,HOLDING
2013-06-25,2,ED,SO,35.5119,25.2348,1.1726,0.834,-1,0.0387,-0.0833,-0.0447,HOLDING
2013-06-26,2,ED,SO,36.1843,25.5071,1.1726,1.371,-1,-0.1938,-0.0833,-0.2771,HOLDING
2013-06-27,2,ED,SO,36.1408,25.4897,1.1726,1.2268,-1,-0.1783,-0.0833,-0.2616,HOLDING
2013-06-28,2,ED,SO,36.3089,25.5651,1.1726,1.2165,-1,-0.2237,-0.0833,-0.3071,HOLDING
2013-07-01,2,ED,SO,35.8107,25.3797,1.1726,0.6343,-1,-0.0231,-0.0833,-0.1064,HOLDING
2013-07-02,2,ED,SO,35.8419,25.2638,1.1726,1.1372,-1,-0.2579,-0.0833,-0.3412,HOLDING
2013-07-03,2,ED,SO,35.7796,25.1421,1.1726,1.3725,-1,-0.4046,-0.0833,-0.4879,HOLDING
2013-07-05,2,ED,SO,35.5928,24.9915,1.1726,1.401,-1,-0.4708,-0.0833,-0.5541,HOLDING
2013-07-08,2,ED,SO,35.9477,25.4028,1.1726,0.4477,-1,-0.1268,-0.0833,-0.2101,HOLDING
2013-07-09,2,ED,SO,36.0411,25.5593,1.1726,-0.1047,-1,0.0478,-0.0833,-0.0356,HOLDING
2013-07-10,2,ED,SO,36.0411,25.623,1.1726,-0.5506,-1,0.1589,-0.0833,0.0756,HOLDING
2013-07-11,2,ED,SO,36.6202,26.0459,1.1726,-1.0722,-1,0.2873,-0.0833,0.204,HOLDING
2013-07-12,2,ED,SO,36.8631,26.0633,1.1726,-0.5774,-1,0.0622,-0.0833,-0.0211,HOLDING
2013-07-15,2,ED,SO,37.3924,26.3877,1.1726,-0.8411,-1,0.0713,-0.0833,-0.012,HOLDING
2013-07-16,2,ED,SO,37.1993,26.2139,1.1726,-0.3209,-1,-0.0287,-0.0833,-0.1121,HOLDING
2013-07-17,2,ED,SO,37.218,26.2197,1.1726,-0.2768,-1,-0.0383,-0.0833,-0.1216,HOLDING
2013-07-18,2,ED,SO,37.436,26.4282,1.1726,-0.911,-1,0.0962,-0.0833,0.0129,HOLDING
2013-07-19,2,ED,SO,37.6601,26.3935,1.1726,0.622,-1,-0.2001,-0.0833,-0.2835,HOLDING
2013-07-22,2,ED,SO,37.4422,26.3645,1.1726,-0.302,-1,-0.0215,-0.0833,-0.1048,HOLDING
2013-07-23,2,ED,SO,37.6103,26.4282,1.1726,0.0396,-1,-0.0872,-0.0833,-0.1705,HOLDING
2013-07-24,2,ED,SO,37.1308,26.0922,1.1726,0.4301,-1,-0.1688,-0.0833,-0.2522,HOLDING
2013-07-25,2,ED,SO,37.0001,26.1502,1.1726,-0.7516,-1,0.0697,-0.0833,-0.0136,HOLDING
2013-07-26,2,ED,SO,37.3176,26.266,1.1726,-0.0343,-1,-0.0623,-0.0833,-0.1456,HOLDING
2013-07-29,2,ED,SO,37.5293,26.3008,1.1726,0.8141,-1,-0.2243,-0.0833,-0.3076,HOLDING
2013-07-30,2,ED,SO,37.548,26.3124,1.1726,0.7474,-1,-0.2237,-0.0833,-0.307,HOLDING
2013-07-31,2,ED,SO,37.299,25.9764,1.1726,2.1231,-1,-0.5477,-0.0833,-0.6311,HOLDING
2013-08-01,2,ED,SO,37.5667,25.9863,1.1726,2.6907,-1,-0.8119,-0.0833,-0.8953,HOLDING
2013-08-02,2,ED,SO,37.5916,25.9804,1.1726,2.4178,-1,-0.8484,-0.0833,-0.9317,HOLDING
2013-08-05,2,ED,SO,37.3799,25.8222,1.1726,2.1458,-1,-0.9016,-0.0833,-0.9849,HOLDING
2013-08-06,2,ED,SO,37.2367,25.6465,1.1726,2.1441,-1,-1.0575,-0.0833,-1.1408,HOLDING
2013-08-07,2,ED,SO,37.6975,25.8633,1.1726,2.0074,-1,-1.1641,-0.0833,-1.2474,HOLDING
2013-08-08,2,ED,SO,37.7286,25.8047,1.1726,1.9887,-1,-1.299,-0.0833,-1.3823,HOLDING
2013-08-09,2,ED,SO,37.548,25.7051,1.1726,1.7091,-1,-1.2827,-0.0833,-1.3661,HOLDING
2013-08-12,2,ED,SO,37.2932,25.5234,1.1726,1.6066,-1,-1.3316,-0.0833,-1.4149,HOLDING
2013-08-13,2,ED,SO,36.9347,25.6523,1.1726,0.3845,-1,-0.7297,-0.0833,-0.813,HOLDING
2013-08-14,2,ED,SO,36.639,25.5527,1.1726,0.0665,-1,-0.5924,-0.0833,-0.6757,HOLDING
2013-08-15,2,ED,SO,36.1043,25.1367,1.1726,0.3507,-1,-0.7555,-0.0833,-0.8388,HOLDING
2013-08-16,2,ED,SO,35.6324,24.8379,1.1726,0.3634,-1,-0.7804,-0.0833,-0.8637,HOLDING
2013-08-19,2,ED,SO,35.2927,24.6387,1.1726,0.2811,-1,-0.7705,-0.0833,-0.8539,HOLDING
2013-08-20,2,ED,SO,35.494,24.7558,1.1726,0.2208,-1,-0.7779,-0.0833,-0.8612,HOLDING
2013-08-21,2,ED,SO,35.0599,24.416,1.1726,0.5095,-1,-0.914,-0.0833,-0.9974,HOLDING
2013-08-22,2,ED,SO,35.2612,24.5684,1.1726,0.27,-1,-0.86,-0.0833,-0.9434,HOLDING
2013-08-23,2,ED,SO,35.601,24.7441,1.1726,0.3216,-1,-0.9108,-0.0833,-0.9941,HOLDING
2013-08-26,2,ED,SO,35.3556,24.5508,1.1726,0.5433,-1,-0.99,-0.0833,-1.0733,HOLDING
2013-08-27,2,ED,SO,35.4248,24.4219,1.1726,1.7105,-1,-1.2875,-0.0833,-1.3708,HOLDING
2013-08-28,2,ED,SO,35.5066,24.3984,1.1726,1.9988,-1,-1.4144,-0.0833,-1.4977,HOLDING
2013-08-29,2,ED,SO,35.3556,24.2812,1.1726,1.8849,-1,-1.46,-0.0833,-1.5433,HOLDING
2013-08-30,2,ED,SO,35.3745,24.3867,1.1726,1.1089,-1,-1.2959,-0.0833,-1.3793,HOLDING
2013-09-03,2,ED,SO,34.9152,24.0762,1.1726,1.2426,-1,-1.3545,-0.0833,-1.4378,HOLDING
2013-09-04,2,ED,SO,34.9719,23.959,1.1726,1.9016,-1,-1.6184,-0.0833,-1.7017,HOLDING
2013-09-05,2,ED,SO,34.6951,23.8769,1.1726,1.2943,-1,-1.4703,-0.0833,-1.5537,HOLDING
2013-09-06,2,ED,SO,34.9719,24.0937,1.1726,0.9417,-1,-1.3834,-0.0833,-1.4667,HOLDING
2013-09-09,2,ED,SO,35.1228,24.1582,1.1726,1.0153,-1,-1.4298,-0.0833,-1.5131,HOLDING
2013-09-10,2,ED,SO,35.1669,24.2637,1.1726,0.5827,-1,-1.2922,-0.0833,-1.3755,HOLDING
2013-09-11,2,ED,SO,34.6007,24.0352,1.1726,-0.0495,-1,-1.0952,-0.0833,-1.1785,HOLDING
2013-09-12,2,ED,SO,34.3679,23.8828,1.1726,-0.0613,-1,-1.1161,-0.0833,-1.1994,HOLDING
2013-09-13,2,ED,SO,34.5252,24.0,1.1726,-0.286,-1,-1.0771,-0.0833,-1.1604,HOLDING
2013-09-16,2,ED,SO,34.6699,23.9883,1.1726,0.2768,-1,-1.2497,-0.0833,-1.333,HOLDING
2013-09-17,2,ED,SO,34.7768,24.1113,1.1726,-0.2317,-1,-1.1476,-0.0833,-1.2309,HOLDING
2013-09-18,2,ED,SO,35.8526,24.9785,1.1726,-1.9045,-1,-0.7667,-0.0833,-0.8501,HOLDING
2013-09-19,2,ED,SO,35.5947,24.7851,1.1726,-1.5533,-1,-0.8326,-0.0833,-0.916,HOLDING
2013-09-20,2,ED,SO,35.2109,24.4805,1.1726,-1.0569,-1,-0.9604,-0.0833,-1.0437,HOLDING
2013-09-23,2,ED,SO,35.4814,24.709,1.1726,-1.5109,-1,-0.8464,-0.0833,-0.9297,HOLDING
2013-09-24,2,ED,SO,35.3933,24.6562,1.1726,-1.4259,-1,-0.8457,-0.0833,-0.929,HOLDING
2013-09-25,2,ED,SO,35.0914,24.4453,1.1726,-1.096,-1,-0.896,-0.0833,-0.9793,HOLDING
2013-09-26,2,ED,SO,35.0033,24.334,1.1726,-0.6258,-1,-0.9975,-0.0833,-1.0809,HOLDING
2013-09-27,2,ED,SO,34.6951,24.1582,1.1726,-0.5999,-1,-0.9799,-0.0833,-1.0632,HOLDING
2013-09-30,2,ED,SO,34.6888,24.1289,1.1726,-0.3696,-1,-1.0243,-0.0833,-1.1077,HOLDING
2013-10-01,2,ED,SO,34.7076,24.1875,1.1726,-0.6333,-1,-0.942,-0.0833,-1.0253,HOLDING
2013-10-02,2,ED,SO,34.7265,24.2168,1.1726,-0.7072,-1,-0.9107,-0.0833,-0.9941,HOLDING
2013-10-03,2,ED,SO,34.3679,23.7656,1.1726,1.404,-1,-1.3204,-0.0833,-1.4038,HOLDING
2013-10-04,2,ED,SO,34.2924,23.8242,1.1726,0.5785,-1,-1.1388,-0.0833,-1.2222,HOLDING
2013-10-07,2,ED,SO,34.4686,23.7246,1.1726,2.382,-1,-1.4978,-0.0833,-1.5812,HOLDING
2013-10-08,2,ED,SO,34.8649,24.0293,1.1726,1.6402,-1,-1.3833,-0.0833,-1.4666,HOLDING
2013-10-09,2,ED,SO,35.1228,24.1816,1.1726,1.469,-1,-1.3889,-0.0833,-1.4722,HOLDING
2013-10-10,2,ED,SO,35.3305,24.3574,1.1726,0.9715,-1,-1.3007,-0.0833,-1.384,HOLDING
2013-10-11,2,ED,SO,35.3933,24.4277,1.1726,0.6679,-1,-1.2442,-0.0833,-1.3275,HOLDING
2013-10-14,2,ED,SO,35.2046,24.2285,1.1726,1.2843,-1,-1.3932,-0.0833,-1.4765,HOLDING
2013-10-15,2,ED,SO,34.7957,23.9355,1.1726,1.5134,-1,-1.474,-0.0833,-1.5573,HOLDING
2013-10-16,2,ED,SO,35.1354,24.1875,1.1726,1.0399,-1,-1.3919,-0.0833,-1.4752,HOLDING
2013-10-17,2,ED,SO,35.7016,24.5566,1.1726,0.6933,-1,-1.3436,-0.0833,-1.427,HOLDING
2013-10-18,2,ED,SO,35.7708,24.5742,1.1726,0.7809,-1,-1.3857,-0.0833,-1.4691,HOLDING
2013-10-21,2,ED,SO,35.6387,24.4687,1.1726,0.9061,-1,-1.4307,-0.0833,-1.5141,HOLDING
2013-10-22,2,ED,SO,36.3999,24.7734,1.1726,1.7899,-1,-1.7,-0.0833,-1.7833,HOLDING
2013-10-23,2,ED,SO,36.7082,24.7793,1.1726,2.5108,-1,-2.014,-0.0833,-2.0973,HOLDING
2013-10-24,2,ED,SO,36.6264,24.6152,1.1726,2.5596,-1,-2.2141,-0.0833,-2.2974,HOLDING
2013-10-25,2,ED,SO,36.8592,24.8789,1.1726,1.6224,-1,-1.999,-0.0833,-2.0824,HOLDING
2013-10-28,2,ED,SO,36.7522,24.8672,1.1726,1.2243,-1,-1.907,-0.0833,-1.9903,HOLDING
2013-10-29,2,ED,SO,36.7774,24.8379,1.1726,1.3383,-1,-1.9845,-0.0833,-2.0679,HOLDING
2013-10-30,2,ED,SO,36.5949,24.5508,1.1726,2.0804,-1,-2.2934,-0.0833,-2.3767,HOLDING
2013-10-31,2,ED,SO,36.6264,24.2643,1.1726,2.7332,-1,-2.826,-0.0833,-2.9094,HOLDING
2013-11-01,2,ED,SO,36.7459,24.3295,1.1726,2.2493,-1,-2.838,-0.0833,-2.9213,HOLDING
2013-11-04,2,ED,SO,36.8906,24.6083,1.1726,1.3505,-1,0.0,-2.6691,-2.6691,PERIOD_END_EXIT
2013-05-08,3,CL,PPL,44.8367,16.696,0.9568,0.0,0,0.0,0.0,0.0,HOLD_CASH
2013-05-09,3,CL,PPL,44.7139,16.6021,0.9568,0.0,0,0.0,0.0,0.0,HOLD_CASH
2013-05-10,3,CL,PPL,44.9111,16.6177,0.9568,0.0,0,0.0,0.0,0.0,HOLD_CASH
2013-05-13,3,CL,PPL,44.9818,16.5603,0.9568,0.0,0,0.0,0.0,0.0,HOLD_CASH
2013-05-14,3,CL,PPL,45.8895,16.6386,0.9568,0.0,0,0.0,0.0,0.0,HOLD_CASH
2013-05-15,3,CL,PPL,46.3359,16.7065,0.9568,0.0,0,0.0,0.0,0.0,HOLD_CASH
2013-05-16,3,CL,PPL,46.4141,16.6699,0.9568,0.0,0,0.0,0.0,0.0,HOLD_CASH
2013-05-17,3,CL,PPL,46.1611,16.7795,0.9568,0.0,0,0.0,0.0,0.0,HOLD_CASH
2013-05-20,3,CL,PPL,45.7965,16.6021,0.9568,0.0,0,0.0,0.0,0.0,HOLD_CASH
2013-05-21,3,CL,PPL,45.8188,16.6073,0.9568,0.0,0,0.0,0.0,0.0,HOLD_CASH
2013-05-22,3,CL,PPL,45.6923,16.3202,0.9568,0.0,0,0.0,0.0,0.0,HOLD_CASH
2013-05-23,3,CL,PPL,45.3649,16.1793,0.9568,0.0,0,0.0,0.0,0.0,HOLD_CASH
2013-05-24,3,CL,PPL,45.5138,15.9653,0.9568,0.0,0,0.0,0.0,0.0,HOLD_CASH
2013-05-28,3,CL,PPL,45.856,15.6887,0.9568,0.0,0,0.0,0.0,0.0,HOLD_CASH
2013-05-29,3,CL,PPL,44.3307,15.6783,0.9568,0.0,0,0.0,0.0,0.0,HOLD_CASH
2013-05-30,3,CL,PPL,44.3679,15.6052,0.9568,0.0,0,0.0,0.0,0.0,HOLD_CASH
2013-05-31,3,CL,PPL,43.036,15.5008,0.9568,0.0,0,0.0,0.0,0.0,HOLD_CASH
2013-06-03,3,CL,PPL,43.6015,15.48,0.9568,0.0,0,0.0,0.0,0.0,HOLD_CASH
2013-06-04,3,CL,PPL,43.8024,15.5008,0.9568,0.0,0,0.0,0.0,0.0,HOLD_CASH
2013-06-05,3,CL,PPL,43.0807,15.3704,0.9568,0.2616,0,0.0,0.0,0.0,HOLD_CASH
2013-06-06,3,CL,PPL,43.1849,15.5379,0.9568,-0.2318,0,0.0,0.0,0.0,HOLD_CASH
2013-06-07,3,CL,PPL,43.9736,15.4798,0.9568,0.8718,0,0.0,0.0,0.0,HOLD_CASH
2013-06-10,3,CL,PPL,43.7652,15.3952,0.9568,0.832,0,0.0,0.0,0.0,HOLD_CASH
2013-06-11,3,CL,PPL,43.6164,15.3159,0.9568,0.8617,0,0.0,0.0,0.0,HOLD_CASH
2013-06-12,3,CL,PPL,43.2742,15.0358,0.9568,1.3823,0,0.0,0.0,0.0,HOLD_CASH
2013-06-13,3,CL,PPL,43.4974,15.3212,0.9568,0.4442,0,0.0,0.0,0.0,HOLD_CASH
2013-06-14,3,CL,PPL,43.7652,15.3952,0.9568,0.4926,0,0.0,0.0,0.0,HOLD_CASH
2013-06-17,3,CL,PPL,44.3754,15.3952,0.9568,1.3311,0,0.0,0.0,0.0,HOLD_CASH
2013-06-18,3,CL,PPL,44.42,15.5696,0.9568,0.5629,0,0.0,0.0,0.0,HOLD_CASH
2013-06-19,3,CL,PPL,43.1551,15.3529,0.9568,-0.7185,0,0.0,0.0,0.0,HOLD_CASH
2013-06-20,3,CL,PPL,41.5703,15.0728,0.9568,-2.0265,1,0.0,-0.0833,-0.0833,ENTER_LONG_A
2013-06-21,3,CL,PPL,42.2697,15.3159,0.9568,-1.7172,1,0.0593,-0.0833,-0.024,HOLDING
2013-06-24,3,CL,PPL,41.7786,15.3688,0.9568,-2.2117,1,-0.5866,-0.0833,-0.67,HOLDING
2013-06-25,3,CL,PPL,41.8307,15.5907,0.9568,-2.4937,1,-1.1333,-0.0833,-1.2167,HOLDING
2013-06-26,3,CL,PPL,42.411,15.7017,0.9568,-1.8087,1,-0.8388,-0.0833,-0.9222,HOLDING
2013-06-27,3,CL,PPL,42.7012,15.6912,0.9568,-1.2895,1,-0.513,-0.0833,-0.5963,HOLDING
2013-06-28,3,CL,PPL,42.6268,15.9924,0.9568,-1.9186,1,-1.4036,-0.0833,-1.4869,HOLDING
2013-07-01,3,CL,PPL,43.1179,15.8022,0.9568,-0.8641,1,-0.3861,-0.0833,-0.4695,HOLDING
2013-07-02,3,CL,PPL,42.9468,15.7229,0.9568,-0.7541,1,-0.3471,-0.0833,-0.4305,HOLDING
2013-07-03,3,CL,PPL,43.0212,15.6383,0.9568,-0.4298,1,-0.0423,-0.0833,-0.1257,HOLDING
2013-07-05,3,CL,PPL,43.0509,15.5115,0.9568,-0.0759,1,0.3311,-0.0833,0.2477,HOLDING
2013-07-08,3,CL,PPL,43.5867,15.7757,0.9568,-0.1809,1,0.1655,-0.0833,0.0822,HOLDING
2013-07-09,3,CL,PPL,43.8843,15.8022,0.9568,0.0882,1,0.399,-0.0833,0.3156,HOLDING
2013-07-10,3,CL,PPL,43.6164,15.855,0.9568,-0.2528,1,-0.0183,-0.0833,-0.1017,HOLDING
2013-07-11,3,CL,PPL,43.862,16.0717,0.9568,-0.5087,1,-0.3525,-0.0833,-0.4359,HOLDING
2013-07-12,3,CL,PPL,44.0033,16.0928,0.9568,-0.3433,1,-0.2648,-0.0833,-0.3482,HOLDING
2013-07-15,3,CL,PPL,43.7652,16.3254,0.9568,-1.2067,1,-1.1374,-0.0833,-1.2208,HOLDING
2013-07-16,3,CL,PPL,43.5123,16.3095,0.9568,-1.4547,1,-1.3537,-0.0833,-1.437,HOLDING
2013-07-17,3,CL,PPL,43.423,16.4258,0.9568,-1.9256,1,-1.7595,-0.0833,-1.8428,HOLDING
2013-07-18,3,CL,PPL,43.7504,16.6795,0.9568,-2.1145,1,-2.1099,-0.0833,-2.1932,HOLDING
2013-07-19,3,CL,PPL,44.0647,16.6742,0.9568,-1.4526,1,-1.7736,-0.0833,-1.8569,HOLDING
2013-07-22,3,CL,PPL,43.8925,16.6689,0.9568,-1.4822,1,-1.9356,-0.0833,-2.019,HOLDING
2013-07-23,3,CL,PPL,43.713,16.7059,0.9568,-1.6155,1,-2.2196,-0.0833,-2.303,HOLDING
2013-07-24,3,CL,PPL,43.7578,16.4681,0.9568,-0.7868,1,-1.5308,-0.0833,-1.6141,HOLDING
2013-07-25,3,CL,PPL,44.6185,16.5209,0.9568,0.0857,1,-0.7919,-0.0833,-0.8753,HOLDING
2013-07-26,3,CL,PPL,45.09,16.5579,0.9568,0.5236,1,-0.4089,-0.0833,-0.4923,HOLDING
2013-07-29,3,CL,PPL,44.9627,16.7482,0.9568,-0.2369,1,-1.0536,-0.0833,-1.1369,HOLDING
2013-07-30,3,CL,PPL,45.0825,16.7693,0.9568,-0.1262,1,-0.9881,-0.0833,-1.0714,HOLDING
2013-07-31,3,CL,PPL,44.8056,16.7904,0.9568,-0.4722,1,-1.3289,-0.0833,-1.4122,HOLDING
2013-08-01,3,CL,PPL,45.322,16.9014,0.9568,-0.1346,1,-1.0999,-0.0833,-1.1833,HOLDING
2013-08-02,3,CL,PPL,45.2995,16.875,0.9568,0.0052,1,-1.0515,-0.0833,-1.1348,HOLDING
2013-08-05,3,CL,PPL,45.6363,16.9173,0.9568,0.3983,1,-0.8208,-0.0833,-0.9041,HOLDING
2013-08-06,3,CL,PPL,45.6438,16.7323,0.9568,1.252,1,-0.3131,-0.0833,-0.3964,HOLDING
2013-08-07,3,CL,PPL,45.6063,16.8433,0.9568,0.8442,1,-0.6514,-0.0833,-0.7348,HOLDING
2013-08-08,3,CL,PPL,45.5839,16.8327,0.9568,0.897,1,-0.6459,-0.0833,-0.7292,HOLDING
2013-08-09,3,CL,PPL,45.4118,16.8591,0.9568,0.5676,1,-0.8936,-0.0833,-0.977,HOLDING
2013-08-12,3,CL,PPL,45.6213,16.7693,0.9568,1.2467,1,-0.4361,-0.0833,-0.5194,HOLDING
2013-08-13,3,CL,PPL,45.7111,16.6266,0.9568,1.7597,1,0.0417,-0.0833,-0.0417,HOLDING
2013-08-14,3,CL,PPL,45.4043,16.5368,0.9568,1.4678,1,-0.0298,-0.0833,-0.1131,HOLDING
2013-08-15,3,CL,PPL,44.7607,16.3201,0.9568,1.2512,1,-0.1033,-0.0833,-0.1867,HOLDING
2013-08-16,3,CL,PPL,44.5062,16.1457,0.9568,1.4327,1,0.1075,-0.0833,0.0241,HOLDING
2013-08-19,3,CL,PPL,44.2667,16.1457,0.9568,0.9649,1,-0.1379,-0.0833,-0.2212,HOLDING
2013-08-20,3,CL,PPL,44.2218,16.2514,0.9568,0.3094,1,-0.4696,-0.0833,-0.553,HOLDING
2013-08-21,3,CL,PPL,43.7878,16.0558,0.9568,0.4005,1,-0.3857,-0.0833,-0.469,HOLDING
2013-08-22,3,CL,PPL,43.7429,16.151,0.9568,-0.3526,1,-0.6888,-0.0833,-0.7722,HOLDING
2013-08-23,3,CL,PPL,44.1769,16.3201,0.9568,-0.3264,1,-0.7014,-0.0833,-0.7847,HOLDING
2013-08-26,3,CL,PPL,43.5707,16.188,0.9568,-1.0137,1,-0.9652,-0.0833,-1.0485,HOLDING
2013-08-27,3,CL,PPL,43.1367,16.2514,0.9568,-2.1855,1,-1.5813,-0.0833,-1.6646,HOLDING
2013-08-28,3,CL,PPL,42.8598,16.4046,0.9568,-2.8561,1,-2.2793,-0.0833,-2.3626,HOLDING
2013-08-29,3,CL,PPL,42.8448,16.2831,0.9568,-2.0065,1,-1.966,-0.0833,-2.0494,HOLDING
2013-08-30,3,CL,PPL,43.234,16.2249,0.9568,-1.0714,1,-1.4102,-0.0833,-1.4935,HOLDING
2013-09-03,3,CL,PPL,42.9945,16.1774,0.9568,-1.1566,1,-1.5269,-0.0833,-1.6103,HOLDING
2013-09-04,3,CL,PPL,43.2564,16.2355,0.9568,-0.8914,1,-1.4158,-0.0833,-1.4991,HOLDING
2013-09-05,3,CL,PPL,43.0544,16.1087,0.9568,-0.6525,1,-1.2799,-0.0833,-1.3632,HOLDING
2013-09-06,3,CL,PPL,43.4061,16.0862,0.9568,-0.0238,1,-0.8588,-0.0833,-0.9421,HOLDING
2013-09-09,3,CL,PPL,43.8327,16.1932,0.9568,0.1881,1,-0.711,-0.0833,-0.7944,HOLDING
2013-09-10,3,CL,PPL,43.8476,16.2307,0.9568,0.0955,1,-0.797,-0.0833,-0.8803,HOLDING
2013-09-11,3,CL,PPL,44.3416,16.1344,0.9568,1.2124,1,-0.0306,-0.0833,-0.114,HOLDING
2013-09-12,3,CL,PPL,44.364,16.0167,0.9568,1.6227,1,0.3105,-0.0833,0.2272,HOLDING
2013-09-13,3,CL,PPL,44.4763,16.0488,0.9568,1.5646,1,0.3387,-0.0833,0.2554,HOLDING
2013-09-16,3,CL,PPL,44.9178,16.006,0.9568,2.0723,1,0.9068,-0.0833,0.8235,HOLDING
2013-09-17,3,CL,PPL,44.7532,16.1611,0.9568,1.2876,1,0.3187,-0.0833,0.2354,HOLDING
2013-09-18,3,CL,PPL,45.7934,16.5516,0.9568,1.2011,1,0.3287,-0.0833,0.2454,HOLDING
2013-09-19,3,CL,PPL,45.6288,16.4125,0.9568,1.3183,1,0.536,-0.0833,0.4527,HOLDING
2013-09-20,3,CL,PPL,45.2321,16.1076,0.9568,1.5668,1,0.954,-0.0833,0.8707,HOLDING
2013-09-23,3,CL,PPL,45.0525,16.3858,0.9568,0.5867,1,0.018,-0.0833,-0.0653,HOLDING
2013-09-24,3,CL,PPL,44.8056,16.4553,0.9568,0.1233,1,-0.423,-0.0833,-0.5063,HOLDING
2013-09-25,3,CL,PPL,44.4089,16.3109,0.9568,0.0452,1,-0.4389,-0.0833,-0.5222,HOLDING
2013-09-26,3,CL,PPL,45.1947,16.3002,0.9568,0.8388,1,0.3951,-0.0833,0.3118,HOLDING
2013-09-27,3,CL,PPL,44.8505,16.2307,0.9568,0.5828,1,0.2304,-0.0833,0.1471,HOLDING
2013-09-30,3,CL,PPL,44.379,16.252,0.9568,-0.1768,1,-0.3105,-0.0833,-0.3938,HOLDING
2013-10-01,3,CL,PPL,44.9702,16.3965,0.9568,0.0189,1,-0.0952,-0.0833,-0.1786,HOLDING
2013-10-02,3,CL,PPL,44.4763,16.4179,0.9568,-0.9633,1,-0.6591,-0.0833,-0.7424,HOLDING
2013-10-03,3,CL,PPL,44.3191,16.1772,0.9568,-0.2995,1,-0.1693,-0.0833,-0.2526,HOLDING
2013-10-04,3,CL,PPL,44.4014,16.1183,0.9568,0.0718,1,0.0741,-0.0833,-0.0093,HOLDING
2013-10-07,3,CL,PPL,44.3116,16.0381,0.9568,0.2485,1,0.199,-0.0833,0.1157,HOLDING
2013-10-08,3,CL,PPL,44.1245,16.0648,0.9568,-0.4485,1,-0.065,-0.0833,-0.1483,HOLDING
2013-10-09,3,CL,PPL,44.7756,16.0488,0.9568,1.1375,1,0.6454,-0.0833,0.5621,HOLDING
2013-10-10,3,CL,PPL,45.4941,16.3323,0.9568,0.9904,1,0.615,-0.0833,0.5317,HOLDING
2013-10-11,3,CL,PPL,45.988,16.3162,0.9568,1.8966,1,1.1644,-0.0833,1.081,HOLDING
2013-10-14,3,CL,PPL,46.0479,16.1344,0.9568,2.5094,1,1.7174,-0.0833,1.6341,HOLDING
2013-10-15,3,CL,PPL,45.8234,15.8187,0.9568,2.6773,1,2.3407,-0.0833,2.2573,HOLDING
2013-10-16,3,CL,PPL,46.6092,15.9364,0.9568,2.5158,1,2.8275,-0.0833,2.7442,HOLDING
2013-10-17,3,CL,PPL,47.4548,16.3002,0.9568,1.9695,1,2.7104,-0.0833,2.6271,HOLDING
2013-10-18,3,CL,PPL,47.2592,16.2093,0.9568,1.77,1,2.7559,-0.0833,2.6725,HOLDING
2013-10-21,3,CL,PPL,46.8454,16.2039,0.9568,1.2794,1,2.3464,-0.0833,2.2631,HOLDING
2013-10-22,3,CL,PPL,47.7558,16.3537,0.9568,1.4924,1,2.8741,-0.0833,2.7908,HOLDING
2013-10-23,3,CL,PPL,47.7558,16.3965,0.9568,1.2606,1,2.7584,-0.0833,2.6751,HOLDING
2013-10-24,3,CL,PPL,47.4323,16.3697,0.9568,0.9686,1,2.4993,-0.0833,2.416,HOLDING
2013-10-25,3,CL,PPL,47.8536,16.4714,0.9568,0.9722,1,2.6562,-0.0833,2.5728,HOLDING
2013-10-28,3,CL,PPL,48.7264,16.466,0.9568,1.4623,1,3.5648,-0.0833,3.4815,HOLDING
2013-10-29,3,CL,PPL,49.6143,16.5356,0.9568,1.7172,1,4.2864,-0.0833,4.203,HOLDING
2013-10-30,3,CL,PPL,49.0725,16.4607,0.9568,1.3804,1,3.9338,-0.0833,3.8505,HOLDING
2013-10-31,3,CL,PPL,48.7039,16.3858,0.9568,1.1683,1,3.7586,-0.0833,3.6753,HOLDING
2013-11-01,3,CL,PPL,49.2004,16.4393,0.9568,1.3069,1,4.1227,-0.0833,4.0394,HOLDING
2013-11-04,3,CL,PPL,49.4563,16.4928,0.9568,1.2806,1,0.0,4.0616,4.0616,PERIOD_END_EXIT
2013-05-08,4,D,DUK,35.1906,42.562,0.9767,0.0,0,0.0,0.0,0.0,HOLD_CASH
2013-05-09,4,D,DUK,34.5798,42.06,0.9767,0.0,0,0.0,0.0,0.0,HOLD_CASH
2013-05-10,4,D,DUK,34.7543,42.1359,0.9767,0.0,0,0.0,0.0,0.0,HOLD_CASH
2013-05-13,4,D,DUK,34.7194,41.8965,0.9767,0.0,0,0.0,0.0,0.0,HOLD_CASH
2013-05-14,4,D,DUK,35.1673,42.0775,0.9767,0.0,0,0.0,0.0,0.0,HOLD_CASH
2013-05-15,4,D,DUK,35.2836,42.6232,0.9767,0.0,0,0.0,0.0,0.0,HOLD_CASH
2013-05-16,4,D,DUK,35.1208,41.986,0.9767,0.0,0,0.0,0.0,0.0,HOLD_CASH
2013-05-17,4,D,DUK,35.5803,42.2574,0.9767,0.0,0,0.0,0.0,0.0,HOLD_CASH
2013-05-20,4,D,DUK,35.336,42.0863,0.9767,0.0,0,0.0,0.0,0.0,HOLD_CASH
2013-05-21,4,D,DUK,35.3011,42.1217,0.9767,0.0,0,0.0,0.0,0.0,HOLD_CASH
2013-05-22,4,D,DUK,34.4693,41.4137,0.9767,0.0,0,0.0,0.0,0.0,HOLD_CASH
2013-05-23,4,D,DUK,34.289,41.16,0.9767,0.0,0,0.0,0.0,0.0,HOLD_CASH
2013-05-24,4,D,DUK,33.5154,40.6408,0.9767,0.0,0,0.0,0.0,0.0,HOLD_CASH
2013-05-28,4,D,DUK,33.5794,39.974,0.9767,0.0,0,0.0,0.0,0.0,HOLD_CASH
2013-05-29,4,D,DUK,33.1955,39.62,0.9767,0.0,0,0.0,0.0,0.0,HOLD_CASH
2013-05-30,4,D,DUK,33.2071,39.7144,0.9767,0.0,0,0.0,0.0,0.0,HOLD_CASH
2013-05-31,4,D,DUK,32.893,39.4902,0.9767,0.0,0,0.0,0.0,0.0,HOLD_CASH
2013-06-03,4,D,DUK,32.3113,39.6495,0.9767,0.0,0,0.0,0.0,0.0,HOLD_CASH
2013-06-04,4,D,DUK,32.3753,39.62,0.9767,0.0,0,0.0,0.0,0.0,HOLD_CASH
2013-06-05,4,D,DUK,32.0598,39.4194,0.9767,-2.0301,1,0.0,-0.0833,-0.0833,ENTER_LONG_A
2013-06-06,4,D,DUK,32.4946,39.8265,0.9767,-1.5303,1,0.1466,-0.0833,0.0632,HOLDING
2013-06-07,4,D,DUK,32.6944,39.9386,0.9767,-1.1784,1,0.2922,-0.0833,0.2088,HOLDING
2013-06-10,4,D,DUK,32.7825,40.0566,0.9767,-1.1207,1,0.2848,-0.0833,0.2015,HOLDING
2013-06-11,4,D,DUK,32.5122,39.6554,0.9767,-0.9188,1,0.3485,-0.0833,0.2651,HOLDING
2013-06-12,4,D,DUK,32.5064,39.2896,0.9767,-0.1508,1,0.7228,-0.0833,0.6395,HOLDING
2013-06-13,4,D,DUK,33.141,39.8206,0.9767,0.3472,1,1.0027,-0.0833,0.9193,HOLDING
2013-06-14,4,D,DUK,32.9294,39.9091,0.9767,-0.3039,1,0.6321,-0.0833,0.5487,HOLDING
2013-06-17,4,D,DUK,33.3349,39.915,0.9767,0.7904,1,1.159,-0.0833,1.0757,HOLDING
2013-06-18,4,D,DUK,33.4935,40.2573,0.9767,0.5429,1,1.0102,-0.0833,0.9269,HOLDING
2013-06-19,4,D,DUK,32.7532,39.3663,0.9767,0.5609,1,0.9673,-0.0833,0.8839,HOLDING
2013-06-20,4,D,DUK,31.8717,38.4105,0.9767,0.2718,1,0.8066,-0.0833,0.7233,HOLDING
2013-06-21,4,D,DUK,32.3242,38.6937,0.9767,0.9353,1,1.1058,-0.0833,1.0224,HOLDING
2013-06-24,4,D,DUK,32.4358,38.6229,0.9767,1.2976,1,1.3265,-0.0833,1.2432,HOLDING
2013-06-25,4,D,DUK,32.8295,39.0123,0.9767,1.4891,1,1.4375,-0.0833,1.3541,HOLDING
2013-06-26,4,D,DUK,33.0763,39.8914,0.9767,0.2344,1,0.8437,-0.0833,0.7604,HOLDING
2013-06-27,4,D,DUK,33.188,39.8383,0.9767,0.7062,1,1.046,-0.0833,0.9626,HOLDING
2013-06-28,4,D,DUK,33.3878,39.8265,0.9767,1.2409,1,1.321,-0.0833,1.2377,HOLDING
2013-07-01,4,D,DUK,33.047,39.4371,0.9767,1.0765,1,1.2797,-0.0833,1.1963,HOLDING
2013-07-02,4,D,DUK,33.1292,39.6377,0.9767,0.7575,1,1.1783,-0.0833,1.0949,HOLDING
2013-07-03,4,D,DUK,33.1057,39.7616,0.9767,0.3002,1,1.0179,-0.0833,0.9346,HOLDING
2013-07-05,4,D,DUK,33.0528,39.6908,0.9767,0.2277,1,1.0223,-0.0833,0.939,HOLDING
2013-07-08,4,D,DUK,33.423,39.9622,0.9767,0.7237,1,1.2256,-0.0833,1.1423,HOLDING
2013-07-09,4,D,DUK,33.6933,40.216,0.9767,0.9475,1,1.3161,-0.0833,1.2327,HOLDING
2013-07-10,4,D,DUK,33.7227,40.4697,0.9767,-0.0381,1,1.0897,-0.0833,1.0063,HOLDING
2013-07-11,4,D,DUK,34.4102,41.2426,0.9767,0.2253,1,1.1864,-0.0833,1.103,HOLDING
2013-07-12,4,D,DUK,34.5512,41.3901,0.9767,0.315,1,1.2177,-0.0833,1.1344,HOLDING
2013-07-15,4,D,DUK,35.0918,41.8975,0.9767,1.0905,1,1.3986,-0.0833,1.3153,HOLDING
2013-07-16,4,D,DUK,34.9273,41.5907,0.9767,1.5313,1,1.5027,-0.0833,1.4194,HOLDING
2013-07-17,4,D,DUK,34.9508,41.7205,0.9767,0.8736,1,1.398,-0.0833,1.3147,HOLDING
2013-07-18,4,D,DUK,35.3504,41.9801,0.9767,1.8442,1,1.6523,-0.0833,1.5689,HOLDING
2013-07-19,4,D,DUK,35.0683,41.8208,0.9767,0.8212,1,1.4478,-0.0833,1.3644,HOLDING
2013-07-22,4,D,DUK,35.1329,41.7559,0.9767,1.4503,1,1.6006,-0.0833,1.5172,HOLDING
2013-07-23,4,D,DUK,35.1741,42.0745,0.9767,0.0365,1,1.3219,-0.0833,1.2385,HOLDING
2013-07-24,4,D,DUK,34.5806,41.5966,0.9767,-1.2014,1,1.0407,-0.0833,0.9573,HOLDING
2013-07-25,4,D,DUK,34.8803,41.6556,0.9767,0.4045,1,1.3731,-0.0833,1.2898,HOLDING
2013-07-26,4,D,DUK,34.9743,41.7677,0.9767,0.3538,1,1.3796,-0.0833,1.2963,HOLDING
2013-07-29,4,D,DUK,34.8803,42.0214,0.9767,-1.7313,1,0.991,-0.0833,0.9076,HOLDING
2013-07-30,4,D,DUK,34.9038,42.1807,0.9767,-2.0617,1,0.8555,-0.0833,0.7722,HOLDING
2013-07-31,4,D,DUK,34.8509,41.8916,0.9767,-0.8609,1,1.088,-0.0833,1.0046,HOLDING
2013-08-01,4,D,DUK,34.9273,42.1925,0.9767,-1.7332,1,0.8741,-0.0833,0.7908,HOLDING
2013-08-02,4,D,DUK,34.9214,42.3341,0.9767,-2.0851,1,0.7184,-0.0833,0.6351,HOLDING
2013-08-05,4,D,DUK,35.0213,42.1099,0.9767,-0.5953,1,1.084,-0.0833,1.0007,HOLDING
2013-08-06,4,D,DUK,34.8568,41.9624,0.9767,-0.7499,1,1.0217,-0.0833,0.9384,HOLDING
2013-08-07,4,D,DUK,35.1799,41.9211,0.9767,0.9571,1,1.4898,-0.0833,1.4065,HOLDING
2013-08-08,4,D,DUK,35.4268,42.0273,0.9767,1.5341,1,1.7034,-0.0833,1.6201,HOLDING
2013-08-09,4,D,DUK,35.4503,41.7559,0.9767,2.1689,1,2.0178,-0.0833,1.9345,HOLDING
2013-08-12,4,D,DUK,35.2975,41.7559,0.9767,1.4241,1,1.8169,-0.0833,1.7336,HOLDING
2013-08-13,4,D,DUK,35.4033,41.7854,0.9767,1.5629,1,1.9252,-0.0833,1.8419,HOLDING
2013-08-14,4,D,DUK,34.5865,41.1769,0.9767,0.4414,1,1.4868,-0.0833,1.4035,HOLDING
2013-08-15,4,D,DUK,34.0283,40.5147,0.9767,0.4145,1,1.4445,-0.0833,1.3611,HOLDING
2013-08-16,4,D,DUK,33.7521,40.0016,0.9767,0.896,1,1.6172,-0.0833,1.5339,HOLDING
2013-08-19,4,D,DUK,33.7168,39.5721,0.9767,1.813,1,2.0195,-0.0833,1.9362,HOLDING
2013-08-20,4,D,DUK,34.0106,39.8465,0.9767,1.7493,1,2.1192,-0.0833,2.0359,HOLDING
2013-08-21,4,D,DUK,33.6639,39.2618,0.9767,1.8557,1,2.2741,-0.0833,2.1907,HOLDING
2013-08-22,4,D,DUK,33.9401,39.3394,0.9767,2.0265,1,2.5562,-0.0833,2.4729,HOLDING
2013-08-23,4,D,DUK,34.5865,39.584,0.9767,2.4019,1,3.1507,-0.0833,3.0673,HOLDING
2013-08-26,4,D,DUK,34.2809,39.2499,0.9767,1.9915,1,3.0978,-0.0833,3.0145,HOLDING
2013-08-27,4,D,DUK,34.3808,39.2857,0.9767,1.8345,1,3.1918,-0.0833,3.1085,HOLDING
2013-08-28,4,D,DUK,34.516,39.405,0.9767,1.6543,1,3.2449,-0.0833,3.1616,HOLDING
2013-08-29,4,D,DUK,34.3926,39.1723,0.9767,1.5838,1,3.3257,-0.0833,3.2423,HOLDING
2013-08-30,4,D,DUK,34.2868,39.1365,0.9767,1.3496,1,3.224,-0.0833,3.1407,HOLDING
2013-09-03,4,D,DUK,33.9519,38.7547,0.9767,1.2184,1,3.1824,-0.0833,3.099,HOLDING
2013-09-04,4,D,DUK,34.191,38.5936,0.9767,1.664,1,3.6651,-0.0833,3.5818,HOLDING
2013-09-05,4,D,DUK,34.1257,38.6593,0.9767,1.3216,1,3.5107,-0.0833,3.4274,HOLDING
2013-09-06,4,D,DUK,34.1376,39.047,0.9767,0.7168,1,3.1213,-0.0833,3.0379,HOLDING
2013-09-09,4,D,DUK,34.4284,39.1186,0.9767,0.9935,1,3.4288,-0.0833,3.3455,HOLDING
2013-09-10,4,D,DUK,34.6598,39.3453,0.9767,0.9555,1,3.4963,-0.0833,3.413,HOLDING
2013-09-11,4,D,DUK,34.7784,38.9635,0.9767,1.5155,1,4.0512,-0.0833,3.9679,HOLDING
2013-09-12,4,D,DUK,35.4727,38.7607,0.9767,2.4286,1,5.176,-0.0833,5.0927,HOLDING
2013-09-13,4,D,DUK,36.3628,39.1067,0.9767,2.6267,1,5.985,-0.0833,5.9017,HOLDING
2013-09-16,4,D,DUK,36.2619,39.3931,0.9767,1.9324,1,5.5533,-0.0833,5.4699,HOLDING
2013-09-17,4,D,DUK,36.6417,39.4885,0.9767,1.9714,1,5.9529,-0.0833,5.8696,HOLDING
2013-09-18,4,D,DUK,37.6149,40.628,0.9767,1.6949,1,6.0424,-0.0833,5.959,HOLDING
2013-09-19,4,D,DUK,37.508,40.5266,0.9767,1.5091,1,6.0078,-0.0833,5.9245,HOLDING
2013-09-20,4,D,DUK,36.9503,40.1865,0.9767,1.1295,1,5.6296,-0.0833,5.5462,HOLDING
2013-09-23,4,D,DUK,37.1698,40.4073,0.9767,1.0414,1,5.6877,-0.0833,5.6044,HOLDING
2013-09-24,4,D,DUK,37.0571,40.3834,0.9767,0.8537,1,5.5644,-0.0833,5.481,HOLDING
2013-09-25,4,D,DUK,37.0393,40.1269,0.9767,0.9804,1,5.8089,-0.0833,5.7256,HOLDING
2013-09-26,4,D,DUK,37.2707,40.3596,0.9767,0.9091,1,5.8702,-0.0833,5.7869,HOLDING
2013-09-27,4,D,DUK,37.0452,39.9121,0.9767,1.0021,1,6.0411,-0.0833,5.9577,HOLDING
2013-09-30,4,D,DUK,37.0749,39.8405,0.9767,1.0097,1,6.1549,-0.0833,6.0716,HOLDING
2013-10-01,4,D,DUK,37.0927,40.1329,0.9767,0.6522,1,5.8729,-0.0833,5.7896,HOLDING
2013-10-02,4,D,DUK,36.9918,40.1209,0.9767,0.4708,1,5.7527,-0.0833,5.6694,HOLDING
2013-10-03,4,D,DUK,36.7663,39.5721,0.9767,0.7379,1,6.0295,-0.0833,5.9462,HOLDING
2013-10-04,4,D,DUK,36.9206,39.6317,0.9767,0.8343,1,6.1701,-0.0833,6.0868,HOLDING
2013-10-07,4,D,DUK,36.5823,39.578,0.9767,0.2858,1,5.7814,-0.0833,5.6981,HOLDING
2013-10-08,4,D,DUK,36.5586,40.0911,0.9767,-1.145,1,5.2143,-0.0833,5.131,HOLDING
2013-10-09,4,D,DUK,36.4993,40.276,0.9767,-2.5462,1,4.9431,-0.0833,4.8597,HOLDING
2013-10-10,4,D,DUK,37.1401,40.7414,0.9767,-1.6002,1,5.2997,-0.0833,5.2164,HOLDING
2013-10-11,4,D,DUK,37.3538,41.0755,0.9767,-1.6692,1,5.2316,-0.0833,5.1483,HOLDING
2013-10-14,4,D,DUK,37.152,40.9144,0.9767,-1.6528,1,5.1346,-0.0833,5.0513,HOLDING
2013-10-15,4,D,DUK,36.6713,40.4789,0.9767,-1.7036,1,4.9575,-0.0833,4.8741,HOLDING
2013-10-16,4,D,DUK,37.4843,41.1829,0.9767,-1.022,1,5.2911,-0.0833,5.2078,HOLDING
2013-10-17,4,D,DUK,37.8878,41.6422,0.9767,-0.9379,1,5.3419,-0.0833,5.2585,HOLDING
2013-10-18,4,D,DUK,37.7869,41.8093,0.9767,-1.4763,1,5.0348,-0.0833,4.9514,HOLDING
2013-10-21,4,D,DUK,37.7513,41.7973,0.9767,-1.3784,1,5.0004,-0.0833,4.9171,HOLDING
2013-10-22,4,D,DUK,38.1845,42.4118,0.9767,-1.4728,1,4.9282,-0.0833,4.8448,HOLDING
2013-10-23,4,D,DUK,38.1133,42.7817,0.9767,-2.023,1,4.4482,-0.0833,4.3648,HOLDING
2013-10-24,4,D,DUK,38.0718,42.734,0.9767,-1.7471,1,4.4434,-0.0833,4.3601,HOLDING
2013-10-25,4,D,DUK,38.3684,43.1755,0.9767,-1.6916,1,4.3724,-0.0833,4.289,HOLDING
2013-10-28,4,D,DUK,38.1786,43.1755,0.9767,-1.8186,1,4.1227,-0.0833,4.0394,HOLDING
2013-10-29,4,D,DUK,38.3922,43.3246,0.9767,-1.4834,1,4.2478,-0.0833,4.1645,HOLDING
2013-10-30,4,D,DUK,37.9946,42.9607,0.9767,-1.458,1,4.1052,-0.0833,4.0218,HOLDING
2013-10-31,4,D,DUK,37.8284,42.7937,0.9767,-1.3845,1,4.0611,-0.0833,3.9778,HOLDING
2013-11-01,4,D,DUK,38.0302,43.259,0.9767,-1.6653,1,3.8404,-0.0833,3.757,HOLDING
2013-11-04,4,D,DUK,37.9709,43.2351,0.9767,-1.6191,1,0.0,3.6089,3.6089,PERIOD_END_EXIT
2013-05-08,5,DTE,KMB,39.5524,64.4041,0.9247,0.0,0,0.0,0.0,0.0,HOLD_CASH
2013-05-09,5,DTE,KMB,38.7684,63.6012,0.9247,0.0,0,0.0,0.0,0.0,HOLD_CASH
2013-05-10,5,DTE,KMB,38.818,63.8853,0.9247,0.0,0,0.0,0.0,0.0,HOLD_CASH
2013-05-13,5,DTE,KMB,38.5861,64.0583,0.9247,0.0,0,0.0,0.0,0.0,HOLD_CASH
2013-05-14,5,DTE,KMB,39.0279,64.8921,0.9247,0.0,0,0.0,0.0,0.0,HOLD_CASH
2013-05-15,5,DTE,KMB,39.4199,64.6203,0.9247,0.0,0,0.0,0.0,0.0,HOLD_CASH
2013-05-16,5,DTE,KMB,39.2211,64.0829,0.9247,0.0,0,0.0,0.0,0.0,HOLD_CASH
2013-05-17,5,DTE,KMB,39.6297,64.4535,0.9247,0.0,0,0.0,0.0,0.0,HOLD_CASH
2013-05-20,5,DTE,KMB,39.5028,63.5394,0.9247,0.0,0,0.0,0.0,0.0,HOLD_CASH
2013-05-21,5,DTE,KMB,39.4862,62.9464,0.9247,0.0,0,0.0,0.0,0.0,HOLD_CASH
2013-05-22,5,DTE,KMB,38.818,63.0947,0.9247,0.0,0,0.0,0.0,0.0,HOLD_CASH
2013-05-23,5,DTE,KMB,38.2548,63.3356,0.9247,0.0,0,0.0,0.0,0.0,HOLD_CASH
2013-05-24,5,DTE,KMB,37.6971,63.9347,0.9247,0.0,0,0.0,0.0,0.0,HOLD_CASH
2013-05-28,5,DTE,KMB,37.3769,64.5647,0.9247,0.0,0,0.0,0.0,0.0,HOLD_CASH
2013-05-29,5,DTE,KMB,36.5873,61.4517,0.9247,0.0,0,0.0,0.0,0.0,HOLD_CASH
2013-05-30,5,DTE,KMB,37.2444,61.9582,0.9247,0.0,0,0.0,0.0,0.0,HOLD_CASH
2013-05-31,5,DTE,KMB,36.7805,59.8087,0.9247,0.0,0,0.0,0.0,0.0,HOLD_CASH
2013-06-03,5,DTE,KMB,36.891,59.7284,0.9247,0.0,0,0.0,0.0,0.0,HOLD_CASH
2013-06-04,5,DTE,KMB,36.7143,60.2719,0.9247,0.0,0,0.0,0.0,0.0,HOLD_CASH
2013-06-05,5,DTE,KMB,36.4326,59.6117,0.9247,0.0816,0,0.0,0.0,0.0,HOLD_CASH
2013-06-06,5,DTE,KMB,36.8744,60.0103,0.9247,0.4241,0,0.0,0.0,0.0,HOLD_CASH
2013-06-07,5,DTE,KMB,37.2775,60.4899,0.9247,0.5948,0,0.0,0.0,0.0,HOLD_CASH
2013-06-10,5,DTE,KMB,37.0621,60.7702,0.9247,0.0382,0,0.0,0.0,0.0,HOLD_CASH
2013-06-11,5,DTE,KMB,36.9959,61.0069,0.9247,-0.2689,0,0.0,0.0,0.0,HOLD_CASH
2013-06-12,5,DTE,KMB,36.637,60.2969,0.9247,-0.2232,0,0.0,0.0,0.0,HOLD_CASH
2013-06-13,5,DTE,KMB,37.387,60.7702,0.9247,0.4905,0,0.0,0.0,0.0,HOLD_CASH
2013-06-14,5,DTE,KMB,37.2922,60.9509,0.9247,0.2094,0,0.0,0.0,0.0,HOLD_CASH
2013-06-17,5,DTE,KMB,37.3926,61.9972,0.9247,-0.4598,0,0.0,0.0,0.0,HOLD_CASH
2013-06-18,5,DTE,KMB,37.6938,61.9349,0.9247,0.1142,0,0.0,0.0,0.0,HOLD_CASH
2013-06-19,5,DTE,KMB,36.8517,60.1038,0.9247,0.5575,0,0.0,0.0,0.0,HOLD_CASH
2013-06-20,5,DTE,KMB,35.6917,58.9577,0.9247,-0.3216,0,0.0,0.0,0.0,HOLD_CASH
2013-06-21,5,DTE,KMB,36.0653,59.6553,0.9247,-0.3399,0,0.0,0.0,0.0,HOLD_CASH
2013-06-24,5,DTE,KMB,35.8646,59.2256,0.9247,-0.3647,0,0.0,0.0,0.0,HOLD_CASH
2013-06-25,5,DTE,KMB,36.4167,59.5432,0.9247,0.3306,0,0.0,0.0,0.0,HOLD_CASH
2013-06-26,5,DTE,KMB,37.0245,60.409,0.9247,0.6432,0,0.0,0.0,0.0,HOLD_CASH
2013-06-27,5,DTE,KMB,37.1751,60.6145,0.9247,0.6933,0,0.0,0.0,0.0,HOLD_CASH
2013-06-28,5,DTE,KMB,37.3703,60.5024,0.9247,1.5853,0,0.0,0.0,0.0,HOLD_CASH
2013-07-01,5,DTE,KMB,36.7067,60.5211,0.9247,-0.8499,0,0.0,0.0,0.0,HOLD_CASH
2013-07-02,5,DTE,KMB,36.8126,60.4401,0.9247,-0.2563,0,0.0,0.0,0.0,HOLD_CASH
2013-07-03,5,DTE,KMB,36.7513,60.4339,0.9247,-0.4522,0,0.0,0.0,0.0,HOLD_CASH
2013-07-05,5,DTE,KMB,36.6788,60.6581,0.9247,-1.1076,0,0.0,0.0,0.0,HOLD_CASH
2013-07-08,5,DTE,KMB,37.0357,61.0816,0.9247,-0.5701,0,0.0,0.0,0.0,HOLD_CASH
2013-07-09,5,DTE,KMB,37.2699,61.3681,0.9247,-0.2443,0,0.0,0.0,0.0,HOLD_CASH
2013-07-10,5,DTE,KMB,37.6826,61.4055,0.9247,1.2039,0,0.0,0.0,0.0,HOLD_CASH
2013-07-11,5,DTE,KMB,38.3351,62.0657,0.9247,1.9156,0,0.0,0.0,0.0,HOLD_CASH
2013-07-12,5,DTE,KMB,38.4745,62.209,0.9247,1.9199,0,0.0,0.0,0.0,HOLD_CASH
2013-07-15,5,DTE,KMB,38.9318,62.3584,0.9247,2.4357,-1,0.0,-0.0833,-0.0833,ENTER_SHORT_A
2013-07-16,5,DTE,KMB,38.7924,62.4021,0.9247,1.7484,-1,0.183,-0.0833,0.0997,HOLDING
2013-07-17,5,DTE,KMB,38.8147,62.0595,0.9247,1.9264,-1,-0.0617,-0.0833,-0.145,HOLDING
2013-07-18,5,DTE,KMB,39.3334,61.6048,0.9247,2.6772,-1,-0.9304,-0.0833,-1.0138,HOLDING
2013-07-19,5,DTE,KMB,39.1884,61.966,0.9247,1.797,-1,-0.5372,-0.0833,-0.6206,HOLDING
2013-07-22,5,DTE,KMB,39.3055,60.8387,0.9247,2.4092,-1,-1.3913,-0.0833,-1.4746,HOLDING
2013-07-23,5,DTE,KMB,39.5062,61.1626,0.9247,2.0379,-1,-1.4066,-0.0833,-1.4899,HOLDING
2013-07-24,5,DTE,KMB,38.8426,60.9446,0.9247,1.2425,-1,-0.8085,-0.0833,-0.8918,HOLDING
2013-07-25,5,DTE,KMB,39.0489,61.3308,0.9247,1.0992,-1,-0.79,-0.0833,-0.8734,HOLDING
2013-07-26,5,DTE,KMB,39.1214,61.2809,0.9247,1.0985,-1,-0.9027,-0.0833,-0.986,HOLDING
2013-07-29,5,DTE,KMB,39.3724,61.1252,0.9247,1.3266,-1,-1.2817,-0.0833,-1.3651,HOLDING
2013-07-30,5,DTE,KMB,39.7237,61.0131,0.9247,1.5745,-1,-1.7444,-0.0833,-1.8278,HOLDING
2013-07-31,5,DTE,KMB,39.4281,61.5363,0.9247,0.8565,-1,-1.0798,-0.0833,-1.1631,HOLDING
2013-08-01,5,DTE,KMB,39.9245,61.5301,0.9247,1.2561,-1,-1.6358,-0.0833,-1.7191,HOLDING
2013-08-02,5,DTE,KMB,39.9524,62.0408,0.9247,0.889,-1,-1.3389,-0.0833,-1.4222,HOLDING
2013-08-05,5,DTE,KMB,39.6233,61.8602,0.9247,0.5651,-1,-1.089,-0.0833,-1.1723,HOLDING
2013-08-06,5,DTE,KMB,39.4449,62.1218,0.9247,0.0352,-1,-0.7225,-0.0833,-0.8058,HOLDING
2013-08-07,5,DTE,KMB,39.3891,61.6359,0.9247,0.2879,-1,-0.9724,-0.0833,-1.0558,HOLDING
2013-08-08,5,DTE,KMB,39.6345,61.3931,0.9247,0.8642,-1,-1.4013,-0.0833,-1.4846,HOLDING
2013-08-09,5,DTE,KMB,39.4839,61.3681,0.9247,0.5521,-1,-1.2498,-0.0833,-1.3332,HOLDING
2013-08-12,5,DTE,KMB,39.2887,61.2249,0.9247,0.2393,-1,-1.1247,-0.0833,-1.2081,HOLDING
2013-08-13,5,DTE,KMB,38.9932,61.1252,0.9247,-0.5103,-1,-0.86,-0.0833,-0.9433,HOLDING
2013-08-14,5,DTE,KMB,38.6864,60.2782,0.9247,-0.1087,-1,-1.0627,-0.0833,-1.1461,HOLDING
2013-08-15,5,DTE,KMB,38.179,59.6678,0.9247,-0.634,-1,-0.8902,-0.0833,-0.9736,HOLDING
2013-08-16,5,DTE,KMB,37.6938,59.1321,0.9247,-1.3535,-1,-0.6945,-0.0833,-0.7779,HOLDING
2013-08-19,5,DTE,KMB,37.454,58.9204,0.9247,-1.5842,-1,-0.5638,-0.0833,-0.6472,HOLDING
2013-08-20,5,DTE,KMB,37.6938,59.1633,0.9247,-1.107,-1,-0.6745,-0.0833,-0.7579,HOLDING
2013-08-21,5,DTE,KMB,37.242,58.5965,0.9247,-1.4384,-1,-0.5361,-0.0833,-0.6194,HOLDING
2013-08-22,5,DTE,KMB,37.3257,59.5494,0.9247,-2.4767,-1,-0.0173,-0.0833,-0.1006,HOLDING
2013-08-23,5,DTE,KMB,37.5766,59.7238,0.9247,-1.7737,-1,-0.1844,-0.0833,-0.2677,HOLDING
2013-08-26,5,DTE,KMB,37.387,58.8768,0.9247,-0.8714,-1,-0.5174,-0.0833,-0.6007,HOLDING
2013-08-27,5,DTE,KMB,37.4763,58.254,0.9247,0.4592,-1,-1.0165,-0.0833,-1.0998,HOLDING
2013-08-28,5,DTE,KMB,37.532,57.6311,0.9247,1.5458,-1,-1.4784,-0.0833,-1.5618,HOLDING
2013-08-29,5,DTE,KMB,37.3759,57.8927,0.9247,0.7879,-1,-1.1368,-0.0833,-1.2201,HOLDING
2013-08-30,5,DTE,KMB,37.2922,58.2228,0.9247,0.0209,-1,-0.8318,-0.0833,-0.9152,HOLDING
2013-09-03,5,DTE,KMB,36.729,57.6996,0.9247,-0.6909,-1,-0.5413,-0.0833,-0.6246,HOLDING
2013-09-04,5,DTE,KMB,36.6621,58.1143,0.9247,-1.4854,-1,-0.2006,-0.0833,-0.284,HOLDING
2013-09-05,5,DTE,KMB,36.2494,57.9761,0.9247,-2.0372,-1,0.1696,-0.0833,0.0862,HOLDING
2013-09-06,5,DTE,KMB,36.5617,58.4725,0.9247,-1.7389,-1,0.1409,-0.0833,0.0576,HOLDING
2013-09-09,5,DTE,KMB,36.8628,58.8181,0.9247,-1.34,-1,0.0279,-0.0833,-0.0554,HOLDING
2013-09-10,5,DTE,KMB,37.203,59.0003,0.9247,-0.6989,-1,-0.2334,-0.0833,-0.3168,HOLDING
2013-09-11,5,DTE,KMB,37.2866,59.415,0.9247,-0.9801,-1,-0.0602,-0.0833,-0.1435,HOLDING
2013-09-12,5,DTE,KMB,36.9966,59.5972,0.9247,-1.6858,-1,0.3794,-0.0833,0.296,HOLDING
2013-09-13,5,DTE,KMB,37.0698,60.125,0.9247,-1.8811,-1,0.6368,-0.0833,0.5535,HOLDING
2013-09-16,5,DTE,KMB,37.1205,60.59,0.9247,-1.9551,-1,0.8789,-0.0833,0.7956,HOLDING
2013-09-17,5,DTE,KMB,37.2951,60.546,0.9247,-1.4058,-1,0.6565,-0.0833,0.5732,HOLDING
2013-09-18,5,DTE,KMB,38.4102,61.3942,0.9247,-0.2656,-1,-0.039,-0.0833,-0.1223,HOLDING
2013-09-19,5,DTE,KMB,38.2469,61.0738,0.9247,-0.1897,-1,-0.0631,-0.0833,-0.1464,HOLDING
2013-09-20,5,DTE,KMB,37.8358,60.4454,0.9247,-0.2723,-1,-0.0093,-0.0833,-0.0926,HOLDING
2013-09-23,5,DTE,KMB,38.0723,60.1878,0.9247,0.3893,-1,-0.4378,-0.0833,-0.5211,HOLDING
2013-09-24,5,DTE,KMB,37.8358,59.9239,0.9247,0.2605,-1,-0.3441,-0.0833,-0.4275,HOLDING
2013-09-25,5,DTE,KMB,37.481,59.4966,0.9247,0.1449,-1,-0.2239,-0.0833,-0.3072,HOLDING
2013-09-26,5,DTE,KMB,37.4866,59.9805,0.9247,-0.2876,-1,0.0805,-0.0833,-0.0028,HOLDING
2013-09-27,5,DTE,KMB,37.205,59.5595,0.9247,-0.2865,-1,0.1234,-0.0833,0.0401,HOLDING
2013-09-30,5,DTE,KMB,37.1599,59.2013,0.9247,0.2758,-1,-0.0564,-0.0833,-0.1398,HOLDING
2013-10-01,5,DTE,KMB,37.2444,59.3019,0.9247,0.4526,-1,-0.0858,-0.0833,-0.1692,HOLDING
2013-10-02,5,DTE,KMB,37.3514,59.2265,0.9247,0.9339,-1,-0.2533,-0.0833,-0.3366,HOLDING
2013-10-03,5,DTE,KMB,36.715,59.3396,0.9247,-1.2565,-1,0.5271,-0.0833,0.4438,HOLDING
2013-10-04,5,DTE,KMB,36.6474,59.2265,0.9247,-1.1649,-1,0.5297,-0.0833,0.4463,HOLDING
2013-10-07,5,DTE,KMB,36.3433,58.9751,0.9247,-1.4691,-1,0.7065,-0.0833,0.6232,HOLDING
2013-10-08,5,DTE,KMB,36.6474,58.5542,0.9247,0.1479,-1,0.098,-0.0833,0.0147,HOLDING
2013-10-09,5,DTE,KMB,36.9572,59.2391,0.9247,-0.0713,-1,0.1933,-0.0833,0.1099,HOLDING
2013-10-10,5,DTE,KMB,37.4641,60.2758,0.9247,-0.3474,-1,0.2952,-0.0833,0.2118,HOLDING
2013-10-11,5,DTE,KMB,37.6386,60.9167,0.9247,-0.9434,-1,0.5125,-0.0833,0.4292,HOLDING
2013-10-14,5,DTE,KMB,37.4472,60.923,0.9247,-1.6043,-1,0.7295,-0.0833,0.6461,HOLDING
2013-10-15,5,DTE,KMB,37.0079,60.6653,0.9247,-2.2239,-1,1.0526,-0.0833,0.9693,HOLDING
2013-10-16,5,DTE,KMB,37.3176,61.5764,0.9247,-2.2473,-1,1.2931,-0.0833,1.2097,HOLDING
2013-10-17,5,DTE,KMB,37.8583,62.2299,0.9247,-1.602,-1,1.1114,-0.0833,1.028,HOLDING
2013-10-18,5,DTE,KMB,37.8527,62.3178,0.9247,-1.5169,-1,1.1741,-0.0833,1.0907,HOLDING
2013-10-21,5,DTE,KMB,37.6443,62.0979,0.9247,-1.5292,-1,1.2646,-0.0833,1.1813,HOLDING
2013-10-22,5,DTE,KMB,37.971,64.6992,0.9247,-2.8339,-1,2.5715,-0.0833,2.4881,HOLDING
2013-10-23,5,DTE,KMB,38.444,65.9496,0.9247,-2.4896,-1,2.8481,-0.0833,2.7648,HOLDING
2013-10-24,5,DTE,KMB,38.0723,65.4783,0.9247,-2.1708,-1,2.959,-0.0833,2.8756,HOLDING
2013-10-25,5,DTE,KMB,39.1086,66.2952,0.9247,-1.3053,-1,2.3309,-0.0833,2.2476,HOLDING
2013-10-28,5,DTE,KMB,39.2212,67.4262,0.9247,-1.6484,-1,2.9318,-0.0833,2.8485,HOLDING
2013-10-29,5,DTE,KMB,39.3057,67.9665,0.9247,-1.6512,-1,3.1848,-0.0833,3.1015,HOLDING
2013-10-30,5,DTE,KMB,39.0523,67.7969,0.9247,-1.632,-1,3.3577,-0.0833,3.2744,HOLDING
2013-10-31,5,DTE,KMB,38.9396,67.8597,0.9247,-1.5671,-1,3.5233,-0.0833,3.44,HOLDING
2013-11-01,5,DTE,KMB,39.1086,67.866,0.9247,-1.2602,-1,3.3395,-0.0833,3.2561,HOLDING
2013-11-04,5,DTE,KMB,39.4803,68.3938,0.9247,-1.0603,-1,0.0,3.0938,3.0938,PERIOD_END_EXIT
2013-05-08,6,EVRG,WEC,21.3713,28.5778,1.0772,0.0,0,0.0,0.0,0.0,HOLD_CASH
2013-05-09,6,EVRG,WEC,20.7995,28.1213,1.0772,0.0,0,0.0,0.0,0.0,HOLD_CASH
2013-05-10,6,EVRG,WEC,20.8865,28.3382,1.0772,0.0,0,0.0,0.0,0.0,HOLD_CASH
2013-05-13,6,EVRG,WEC,20.7312,28.0951,1.0772,0.0,0,0.0,0.0,0.0,HOLD_CASH
2013-05-14,6,EVRG,WEC,20.8368,28.2922,1.0772,0.0,0,0.0,0.0,0.0,HOLD_CASH
2013-05-15,6,EVRG,WEC,20.93,28.6208,1.0772,0.0,0,0.0,0.0,0.0,HOLD_CASH
2013-05-16,6,EVRG,WEC,20.7871,28.4237,1.0772,0.0,0,0.0,0.0,0.0,HOLD_CASH
2013-05-17,6,EVRG,WEC,20.7871,28.7194,1.0772,0.0,0,0.0,0.0,0.0,HOLD_CASH
2013-05-20,6,EVRG,WEC,20.899,28.4302,1.0772,0.0,0,0.0,0.0,0.0,HOLD_CASH
2013-05-21,6,EVRG,WEC,20.8492,28.588,1.0772,0.0,0,0.0,0.0,0.0,HOLD_CASH
2013-05-22,6,EVRG,WEC,20.4888,28.1608,1.0772,0.0,0,0.0,0.0,0.0,HOLD_CASH
2013-05-23,6,EVRG,WEC,20.3645,27.8716,1.0772,0.0,0,0.0,0.0,0.0,HOLD_CASH
2013-05-24,6,EVRG,WEC,20.1222,27.589,1.0772,0.0,0,0.0,0.0,0.0,HOLD_CASH
2013-05-28,6,EVRG,WEC,20.0414,27.5627,1.0772,0.0,0,0.0,0.0,0.0,HOLD_CASH
2013-05-29,6,EVRG,WEC,19.5504,26.8727,1.0772,0.0,0,0.0,0.0,0.0,HOLD_CASH
2013-05-30,6,EVRG,WEC,19.8115,26.9778,1.0772,0.0,0,0.0,0.0,0.0,HOLD_CASH
2013-05-31,6,EVRG,WEC,19.712,26.8201,1.0772,0.0,0,0.0,0.0,0.0,HOLD_CASH
2013-06-03,6,EVRG,WEC,19.681,26.9713,1.0772,0.0,0,0.0,0.0,0.0,HOLD_CASH
2013-06-04,6,EVRG,WEC,19.451,26.8267,1.0772,0.0,0,0.0,0.0,0.0,HOLD_CASH
2013-06-05,6,EVRG,WEC,19.3568,26.5375,1.0772,-0.0359,0,0.0,0.0,0.0,HOLD_CASH
2013-06-06,6,EVRG,WEC,19.5892,26.9187,1.0772,-0.4293,0,0.0,0.0,0.0,HOLD_CASH
2013-06-07,6,EVRG,WEC,19.7526,27.1158,1.0772,-0.274,0,0.0,0.0,0.0,HOLD_CASH
2013-06-10,6,EVRG,WEC,19.8091,27.0238,1.0772,0.9562,0,0.0,0.0,0.0,HOLD_CASH
2013-06-11,6,EVRG,WEC,19.784,26.8727,1.0772,1.8024,0,0.0,0.0,0.0,HOLD_CASH
2013-06-12,6,EVRG,WEC,19.5138,26.5375,1.0772,1.6538,0,0.0,0.0,0.0,HOLD_CASH
2013-06-13,6,EVRG,WEC,19.8405,27.0698,1.0772,0.7469,0,0.0,0.0,0.0,HOLD_CASH
2013-06-14,6,EVRG,WEC,19.872,27.0633,1.0772,0.974,0,0.0,0.0,0.0,HOLD_CASH
2013-06-17,6,EVRG,WEC,19.9725,27.2144,1.0772,0.7636,0,0.0,0.0,0.0,HOLD_CASH
2013-06-18,6,EVRG,WEC,20.1798,27.3393,1.0772,1.6227,0,0.0,0.0,0.0,HOLD_CASH
2013-06-19,6,EVRG,WEC,19.8028,26.6098,1.0772,2.6478,-1,0.0,-0.0833,-0.0833,ENTER_SHORT_A
2013-06-20,6,EVRG,WEC,19.1243,25.7489,1.0772,2.2559,-1,-0.0236,-0.0833,-0.1069,HOLDING
2013-06-21,6,EVRG,WEC,19.2939,26.0972,1.0772,1.348,-1,0.1984,-0.0833,0.1151,HOLDING
2013-06-24,6,EVRG,WEC,19.4008,26.1695,1.0772,1.4789,-1,0.0995,-0.0833,0.0161,HOLDING
2013-06-25,6,EVRG,WEC,19.4385,26.4652,1.0772,0.1716,-1,0.5034,-0.0833,0.4201,HOLDING
2013-06-26,6,EVRG,WEC,19.74,26.7412,1.0772,0.636,-1,0.3407,-0.0833,0.2574,HOLDING
2013-06-27,6,EVRG,WEC,19.9411,26.9318,1.0772,0.8895,-1,0.243,-0.0833,0.1596,HOLDING
2013-06-28,6,EVRG,WEC,20.0793,26.9384,1.0772,1.5467,-1,-0.0264,-0.0833,-0.1097,HOLDING
2013-07-01,6,EVRG,WEC,19.6395,26.4784,1.0772,1.0079,-1,0.1175,-0.0833,0.0341,HOLDING
2013-07-02,6,EVRG,WEC,19.6018,26.5638,1.0772,0.2738,-1,0.3326,-0.0833,0.2492,HOLDING
2013-07-03,6,EVRG,WEC,19.5892,26.4849,1.0772,0.5428,-1,0.2299,-0.0833,0.1466,HOLDING
2013-07-05,6,EVRG,WEC,19.6081,26.4652,1.0772,0.7199,-1,0.1597,-0.0833,0.0764,HOLDING
2013-07-08,6,EVRG,WEC,19.8531,26.8464,1.0772,0.1647,-1,0.2824,-0.0833,0.199,HOLDING
2013-07-09,6,EVRG,WEC,20.1484,27.1881,1.0772,0.2918,-1,0.2392,-0.0833,0.1559,HOLDING
2013-07-10,6,EVRG,WEC,20.274,27.4313,1.0772,-0.3733,-1,0.3795,-0.0833,0.2962,HOLDING
2013-07-11,6,EVRG,WEC,20.4939,27.773,1.0772,-0.8618,-1,0.4891,-0.0833,0.4057,HOLDING
2013-07-12,6,EVRG,WEC,20.5253,27.9176,1.0772,-1.668,-1,0.6602,-0.0833,0.5769,HOLDING
2013-07-15,6,EVRG,WEC,20.9651,28.3251,1.0772,-0.6577,-1,0.431,-0.0833,0.3477,HOLDING
2013-07-16,6,EVRG,WEC,20.7892,28.1674,1.0772,-1.2408,-1,0.5312,-0.0833,0.4479,HOLDING
2013-07-17,6,EVRG,WEC,20.9212,28.1411,1.0772,0.2823,-1,0.2212,-0.0833,0.1379,HOLDING
2013-07-18,6,EVRG,WEC,21.1662,28.4697,1.0772,0.1725,-1,0.2585,-0.0833,0.1752,HOLDING
2013-07-19,6,EVRG,WEC,21.1725,28.4368,1.0772,0.6367,-1,0.1924,-0.0833,0.1091,HOLDING
2013-07-22,6,EVRG,WEC,21.1787,28.542,1.0772,-0.243,-1,0.3505,-0.0833,0.2671,HOLDING
2013-07-23,6,EVRG,WEC,21.2416,28.68,1.0772,-0.7235,-1,0.4473,-0.0833,0.364,HOLDING
2013-07-24,6,EVRG,WEC,21.0217,28.2659,1.0772,0.561,-1,0.2204,-0.0833,0.137,HOLDING
2013-07-25,6,EVRG,WEC,21.1348,28.5354,1.0772,-0.7117,-1,0.4289,-0.0833,0.3456,HOLDING
2013-07-26,6,EVRG,WEC,21.1599,28.6405,1.0772,-1.2966,-1,0.5487,-0.0833,0.4654,HOLDING
2013-07-29,6,EVRG,WEC,21.141,28.4631,1.0772,0.3177,-1,0.2988,-0.0833,0.2154,HOLDING
2013-07-30,6,EVRG,WEC,21.229,28.6931,1.0772,-0.9225,-1,0.4941,-0.0833,0.4108,HOLDING
2013-07-31,6,EVRG,WEC,21.1033,28.5748,1.0772,-1.2483,-1,0.5565,-0.0833,0.4732,HOLDING
2013-08-01,6,EVRG,WEC,21.3798,28.8114,1.0772,0.0143,-1,0.3808,-0.0833,0.2974,HOLDING
2013-08-02,6,EVRG,WEC,21.4363,28.91,1.0772,-0.2219,-1,0.4263,-0.0833,0.343,HOLDING
2013-08-05,6,EVRG,WEC,21.2855,28.6997,1.0772,0.0747,-1,0.3902,-0.0833,0.3069,HOLDING
2013-08-06,6,EVRG,WEC,21.0971,28.5682,1.0772,-1.1031,-1,0.5586,-0.0833,0.4753,HOLDING
2013-08-07,6,EVRG,WEC,21.1096,28.6208,1.0772,-1.3913,-1,0.6185,-0.0833,0.5352,HOLDING
2013-08-08,6,EVRG,WEC,21.0531,28.5945,1.0772,-1.7055,-1,0.6904,-0.0833,0.6071,HOLDING
2013-08-09,6,EVRG,WEC,20.9274,28.4697,1.0772,-1.9575,-1,0.7422,-0.0833,0.6588,HOLDING
2013-08-12,6,EVRG,WEC,20.984,28.3722,1.0772,-0.1898,-1,0.4693,-0.0833,0.386,HOLDING
2013-08-13,6,EVRG,WEC,20.8646,28.1534,1.0772,0.4781,-1,0.3558,-0.0833,0.2725,HOLDING
2013-08-14,6,EVRG,WEC,20.6196,27.9744,1.0772,-0.799,-1,0.5615,-0.0833,0.4781,HOLDING
2013-08-15,6,EVRG,WEC,20.2803,27.5831,1.0772,-1.0941,-1,0.6134,-0.0833,0.5301,HOLDING
2013-08-16,6,EVRG,WEC,19.9913,27.3378,1.0772,-2.1526,-1,0.8005,-0.0833,0.7172,HOLDING
2013-08-19,6,EVRG,WEC,19.784,27.1256,1.0772,-2.2176,-1,0.8759,-0.0833,0.7926,HOLDING
2013-08-20,6,EVRG,WEC,19.8657,27.2914,1.0772,-2.2564,-1,0.9797,-0.0833,0.8963,HOLDING
2013-08-21,6,EVRG,WEC,19.5767,26.9002,1.0772,-1.8401,-1,0.9298,-0.0833,0.8465,HOLDING
2013-08-22,6,EVRG,WEC,19.6835,27.0991,1.0772,-1.9717,-1,1.0365,-0.0833,0.9531,HOLDING
2013-08-23,6,EVRG,WEC,19.7966,27.3776,1.0772,-2.3258,-1,1.2597,-0.0833,1.1763,HOLDING
2013-08-26,6,EVRG,WEC,19.6332,26.9864,1.0772,-1.112,-1,0.9553,-0.0833,0.8719,HOLDING
2013-08-27,6,EVRG,WEC,19.6081,26.9997,1.0772,-1.2485,-1,1.0277,-0.0833,0.9443,HOLDING
2013-08-28,6,EVRG,WEC,19.6772,27.1588,1.0772,-1.4766,-1,1.1461,-0.0833,1.0628,HOLDING
2013-08-29,6,EVRG,WEC,19.6458,27.0461,1.0772,-0.9677,-1,1.0267,-0.0833,0.9434,HOLDING
2013-08-30,6,EVRG,WEC,19.5453,27.2119,1.0772,-2.2192,-1,1.4996,-0.0833,1.4162,HOLDING
2013-09-03,6,EVRG,WEC,19.1683,26.7411,1.0772,-1.9902,-1,1.4987,-0.0833,1.4154,HOLDING
2013-09-04,6,EVRG,WEC,19.2877,26.5289,1.0772,-0.1189,-1,0.9123,-0.0833,0.8289,HOLDING
2013-09-05,6,EVRG,WEC,19.0653,26.4825,1.0772,-1.2113,-1,1.2873,-0.0833,1.204,HOLDING
2013-09-06,6,EVRG,WEC,19.0335,26.4294,1.0772,-1.0393,-1,1.2656,-0.0833,1.1822,HOLDING
2013-09-09,6,EVRG,WEC,19.1479,26.4891,1.0772,-0.5371,-1,1.1308,-0.0833,1.0475,HOLDING
2013-09-10,6,EVRG,WEC,19.3004,26.6151,1.0772,-0.1032,-1,1.0265,-0.0833,0.9432,HOLDING
2013-09-11,6,EVRG,WEC,19.2051,26.4029,1.0772,0.5643,-1,0.875,-0.0833,0.7916,HOLDING
2013-09-12,6,EVRG,WEC,19.1161,26.2703,1.0772,0.8274,-1,0.8398,-0.0833,0.7565,HOLDING
2013-09-13,6,EVRG,WEC,19.1606,26.4162,1.0772,0.3208,-1,0.9866,-0.0833,0.9033,HOLDING
2013-09-16,6,EVRG,WEC,19.0463,26.4825,1.0772,-1.2491,-1,1.326,-0.0833,1.2426,HOLDING
2013-09-17,6,EVRG,WEC,19.1034,26.5819,1.0772,-1.3086,-1,1.3717,-0.0833,1.2883,HOLDING
2013-09-18,6,EVRG,WEC,19.7006,27.3312,1.0772,-1.0348,-1,1.3787,-0.0833,1.2953,HOLDING
2013-09-19,6,EVRG,WEC,19.6625,27.2848,1.0772,-0.9552,-1,1.3805,-0.0833,1.2972,HOLDING
2013-09-20,6,EVRG,WEC,19.4147,26.9201,1.0772,-0.5428,-1,1.2902,-0.0833,1.2068,HOLDING
2013-09-23,6,EVRG,WEC,19.7578,27.371,1.0772,-0.595,-1,1.3274,-0.0833,1.2441,HOLDING
2013-09-24,6,EVRG,WEC,19.815,27.371,1.0772,0.0211,-1,1.2116,-0.0833,1.1283,HOLDING
2013-09-25,6,EVRG,WEC,19.5164,27.0792,1.0772,-0.6344,-1,1.3427,-0.0833,1.2594,HOLDING
2013-09-26,6,EVRG,WEC,19.6498,27.0262,1.0772,1.095,-1,0.9863,-0.0833,0.9029,HOLDING
2013-09-27,6,EVRG,WEC,19.4592,26.7278,1.0772,1.4409,-1,0.8878,-0.0833,0.8045,HOLDING
2013-09-30,6,EVRG,WEC,19.4719,26.7742,1.0772,1.1043,-1,0.9375,-0.0833,0.8541,HOLDING
2013-10-01,6,EVRG,WEC,19.5926,26.8472,1.0772,1.5744,-1,0.8114,-0.0833,0.7281,HOLDING
2013-10-02,6,EVRG,WEC,19.4592,26.9267,1.0772,-0.3102,-1,1.2109,-0.0833,1.1275,HOLDING
2013-10-03,6,EVRG,WEC,19.2114,26.5753,1.0772,-0.0835,-1,1.1421,-0.0833,1.0588,HOLDING
2013-10-04,6,EVRG,WEC,19.1352,26.6416,1.0772,-1.3533,-1,1.4042,-0.0833,1.3209,HOLDING
2013-10-07,6,EVRG,WEC,19.0399,26.4825,1.0772,-0.9865,-1,1.3388,-0.0833,1.2555,HOLDING
2013-10-08,6,EVRG,WEC,19.2114,26.6814,1.0772,-0.7396,-1,1.3144,-0.0833,1.2311,HOLDING
2013-10-09,6,EVRG,WEC,19.2559,26.7676,1.0772,-0.8713,-1,1.3643,-0.0833,1.281,HOLDING
2013-10-10,6,EVRG,WEC,19.618,27.1787,1.0772,-0.3614,-1,1.2983,-0.0833,1.215,HOLDING
2013-10-11,6,EVRG,WEC,19.7896,27.5036,1.0772,-1.1104,-1,1.4784,-0.0833,1.3951,HOLDING
2013-10-14,6,EVRG,WEC,19.599,27.2185,1.0772,-0.7678,-1,1.4015,-0.0833,1.3182,HOLDING
2013-10-15,6,EVRG,WEC,19.3321,26.8671,1.0772,-0.7135,-1,1.3713,-0.0833,1.288,HOLDING
2013-10-16,6,EVRG,WEC,19.5354,27.1256,1.0772,-0.679,-1,1.3795,-0.0833,1.2961,HOLDING
2013-10-17,6,EVRG,WEC,19.8721,27.6428,1.0772,-1.2807,-1,1.5373,-0.0833,1.4539,HOLDING
2013-10-18,6,EVRG,WEC,19.9166,27.6561,1.0772,-0.8779,-1,1.4687,-0.0833,1.3854,HOLDING
2013-10-21,6,EVRG,WEC,19.8404,27.6362,1.0772,-1.3526,-1,1.5908,-0.0833,1.5075,HOLDING
2013-10-22,6,EVRG,WEC,20.1453,28.0738,1.0772,-1.4746,-1,1.6838,-0.0833,1.6005,HOLDING
2013-10-23,6,EVRG,WEC,20.1199,28.0937,1.0772,-1.6221,-1,1.7675,-0.0833,1.6842,HOLDING
2013-10-24,6,EVRG,WEC,20.1008,28.0407,1.0772,-1.3082,-1,1.72,-0.0833,1.6367,HOLDING
2013-10-25,6,EVRG,WEC,20.3232,28.339,1.0772,-1.2857,-1,1.7541,-0.0833,1.6708,HOLDING
2013-10-28,6,EVRG,WEC,20.2724,28.2529,1.0772,-1.0811,-1,1.7171,-0.0833,1.6338,HOLDING
2013-10-29,6,EVRG,WEC,20.3296,28.3059,1.0772,-0.9797,-1,1.6874,-0.0833,1.6041,HOLDING
2013-10-30,6,EVRG,WEC,20.1898,27.9611,1.0772,0.6948,-1,1.4106,-0.0833,1.3273,HOLDING
2013-10-31,6,EVRG,WEC,20.0818,27.9213,1.0772,-0.2382,-1,1.5648,-0.0833,1.4815,HOLDING
2013-11-01,6,EVRG,WEC,20.2089,28.0937,1.0772,-0.2982,-1,1.5874,-0.0833,1.504,HOLDING
2013-11-04,6,EVRG,WEC,20.247,28.1401,1.0772,-0.2107,-1,0.0,1.4155,1.4155,PERIOD_END_EXIT
2013-05-08,7,AVB,EQR,87.0976,31.4465,0.8177,0.0,0,0.0,0.0,0.0,HOLD_CASH
2013-05-09,7,AVB,EQR,86.9664,31.288,0.8177,0.0,0,0.0,0.0,0.0,HOLD_CASH
2013-05-10,7,AVB,EQR,87.4387,31.5449,0.8177,0.0,0,0.0,0.0,0.0,HOLD_CASH
2013-05-13,7,AVB,EQR,88.4228,32.1024,0.8177,0.0,0,0.0,0.0,0.0,HOLD_CASH
2013-05-14,7,AVB,EQR,89.6364,32.3702,0.8177,0.0,0,0.0,0.0,0.0,HOLD_CASH
2013-05-15,7,AVB,EQR,89.9906,32.3375,0.8177,0.0,0,0.0,0.0,0.0,HOLD_CASH
2013-05-16,7,AVB,EQR,90.5417,32.5834,0.8177,0.0,0,0.0,0.0,0.0,HOLD_CASH
2013-05-17,7,AVB,EQR,90.9812,32.5725,0.8177,0.0,0,0.0,0.0,0.0,HOLD_CASH
2013-05-20,7,AVB,EQR,92.2604,32.895,0.8177,0.0,0,0.0,0.0,0.0,HOLD_CASH
2013-05-21,7,AVB,EQR,92.7983,33.2066,0.8177,0.0,0,0.0,0.0,0.0,HOLD_CASH
2013-05-22,7,AVB,EQR,90.8959,32.3211,0.8177,0.0,0,0.0,0.0,0.0,HOLD_CASH
2013-05-23,7,AVB,EQR,91.178,32.895,0.8177,0.0,0,0.0,0.0,0.0,HOLD_CASH
2013-05-24,7,AVB,EQR,90.909,32.9606,0.8177,0.0,0,0.0,0.0,0.0,HOLD_CASH
2013-05-28,7,AVB,EQR,89.597,32.4741,0.8177,0.0,0,0.0,0.0,0.0,HOLD_CASH
2013-05-29,7,AVB,EQR,89.6495,31.9985,0.8177,0.0,0,0.0,0.0,0.0,HOLD_CASH
2013-05-30,7,AVB,EQR,87.4847,31.3863,0.8177,0.0,0,0.0,0.0,0.0,HOLD_CASH
2013-05-31,7,AVB,EQR,87.0255,30.9108,0.8177,0.0,0,0.0,0.0,0.0,HOLD_CASH
2013-06-03,7,AVB,EQR,88.718,31.288,0.8177,0.0,0,0.0,0.0,0.0,HOLD_CASH
2013-06-04,7,AVB,EQR,89.2493,31.2333,0.8177,0.0,0,0.0,0.0,0.0,HOLD_CASH
2013-06-05,7,AVB,EQR,88.0751,31.0092,0.8177,1.2559,0,0.0,0.0,0.0,HOLD_CASH
2013-06-06,7,AVB,EQR,88.2325,30.9764,0.8177,1.394,0,0.0,0.0,0.0,HOLD_CASH
2013-06-07,7,AVB,EQR,88.2194,30.9873,0.8177,1.2138,0,0.0,0.0,0.0,HOLD_CASH
2013-06-10,7,AVB,EQR,87.5437,30.632,0.8177,1.2729,0,0.0,0.0,0.0,HOLD_CASH
2013-06-11,7,AVB,EQR,85.989,30.1291,0.8177,0.723,0,0.0,0.0,0.0,HOLD_CASH
2013-06-12,7,AVB,EQR,84.8213,29.9269,0.8177,-0.3205,0,0.0,0.0,0.0,HOLD_CASH
2013-06-13,7,AVB,EQR,88.2719,30.8507,0.8177,1.3891,0,0.0,0.0,0.0,HOLD_CASH
2013-06-14,7,AVB,EQR,88.2916,30.796,0.8177,1.4161,0,0.0,0.0,0.0,HOLD_CASH
2013-06-17,7,AVB,EQR,88.0751,30.8343,0.8177,0.921,0,0.0,0.0,0.0,HOLD_CASH
2013-06-18,7,AVB,EQR,88.4949,30.9436,0.8177,1.0536,0,0.0,0.0,0.0,HOLD_CASH
2013-06-19,7,AVB,EQR,85.7856,30.0635,0.8177,0.2044,0,0.0,0.0,0.0,HOLD_CASH
2013-06-20,7,AVB,EQR,83.9488,29.133,0.8177,0.6192,0,0.0,0.0,0.0,HOLD_CASH
2013-06-21,7,AVB,EQR,86.3892,30.1351,0.8177,0.6516,0,0.0,0.0,0.0,HOLD_CASH
2013-06-24,7,AVB,EQR,87.6027,30.6087,0.8177,0.7189,0,0.0,0.0,0.0,HOLD_CASH
2013-06-25,7,AVB,EQR,88.8492,31.0547,0.8177,0.9975,0,0.0,0.0,0.0,HOLD_CASH
2013-06-26,7,AVB,EQR,89.398,31.5227,0.8177,0.0194,0,0.0,0.0,0.0,HOLD_CASH
2013-06-27,7,AVB,EQR,90.2378,32.1669,0.8177,-1.5023,0,0.0,0.0,0.0,HOLD_CASH
2013-06-28,7,AVB,EQR,89.2062,31.9687,0.8177,-2.5686,1,0.0,-0.0833,-0.0833,ENTER_LONG_A
2013-07-01,7,AVB,EQR,89.4972,31.6493,0.8177,-0.4456,1,0.524,-0.0833,0.4407,HOLDING
2013-07-02,7,AVB,EQR,90.5551,31.8475,0.8177,0.8008,1,0.8353,-0.0833,0.7519,HOLDING
2013-07-03,7,AVB,EQR,89.7484,31.6273,0.8177,0.1658,1,0.679,-0.0833,0.5956,HOLDING
2013-07-05,7,AVB,EQR,89.2724,31.5833,0.8177,-0.5712,1,0.4859,-0.0833,0.4026,HOLDING
2013-07-08,7,AVB,EQR,88.8822,31.5777,0.8177,-1.228,1,0.2919,-0.0833,0.2086,HOLDING
2013-07-09,7,AVB,EQR,90.7932,31.9191,0.8177,0.9431,1,0.8737,-0.0833,0.7903,HOLDING
2013-07-10,7,AVB,EQR,90.9188,31.8861,0.8177,1.2015,1,0.977,-0.0833,0.8937,HOLDING
2013-07-11,7,AVB,EQR,92.8231,32.5303,0.8177,1.7484,1,1.2002,-0.0833,1.1169,HOLDING
2013-07-12,7,AVB,EQR,92.8694,32.2825,0.8177,2.3322,1,1.5146,-0.0833,1.4312,HOLDING
2013-07-15,7,AVB,EQR,92.3537,32.2715,0.8177,1.4607,1,1.2624,-0.0833,1.1791,HOLDING
2013-07-16,7,AVB,EQR,92.7901,32.3431,0.8177,1.6282,1,1.4028,-0.0833,1.3195,HOLDING
2013-07-17,7,AVB,EQR,92.962,32.3486,0.8177,1.6282,1,1.4847,-0.0833,1.4013,HOLDING
2013-07-18,7,AVB,EQR,93.2596,32.5358,0.8177,1.2993,1,1.418,-0.0833,1.3347,HOLDING
2013-07-19,7,AVB,EQR,92.8099,32.3431,0.8177,1.176,1,1.413,-0.0833,1.3296,HOLDING
2013-07-22,7,AVB,EQR,93.081,32.4037,0.8177,1.1954,1,1.4813,-0.0833,1.3979,HOLDING
2013-07-23,7,AVB,EQR,92.7901,32.3486,0.8177,0.9319,1,1.3963,-0.0833,1.313,HOLDING
2013-07-24,7,AVB,EQR,91.3089,31.6273,0.8177,1.07,1,1.4809,-0.0833,1.3976,HOLDING
2013-07-25,7,AVB,EQR,91.2098,31.787,0.8177,0.504,1,1.2427,-0.0833,1.1594,HOLDING
2013-07-26,7,AVB,EQR,91.8974,31.9852,0.8177,0.6645,1,1.3637,-0.0833,1.2804,HOLDING
2013-07-29,7,AVB,EQR,91.0114,31.8145,0.8177,-0.0095,1,1.1085,-0.0833,1.0252,HOLDING
2013-07-30,7,AVB,EQR,90.7535,31.7484,0.8177,-0.2379,1,1.0535,-0.0833,0.9701,HOLDING
2013-07-31,7,AVB,EQR,89.4906,30.8344,0.8177,0.9759,1,1.4762,-0.0833,1.3929,HOLDING
2013-08-01,7,AVB,EQR,89.2062,30.6472,0.8177,1.1078,1,1.5496,-0.0833,1.4663,HOLDING
2013-08-02,7,AVB,EQR,88.5715,30.2563,0.8177,1.4909,1,1.6818,-0.0833,1.5985,HOLDING
2013-08-05,7,AVB,EQR,88.0623,30.2232,0.8177,0.8404,1,1.4589,-0.0833,1.3755,HOLDING
2013-08-06,7,AVB,EQR,88.0226,30.1406,0.8177,1.1705,1,1.5353,-0.0833,1.452,HOLDING
2013-08-07,7,AVB,EQR,87.4275,29.8708,0.8177,1.2419,1,1.5459,-0.0833,1.4625,HOLDING
2013-08-08,7,AVB,EQR,87.3019,29.8763,0.8177,0.7502,1,1.4749,-0.0833,1.3915,HOLDING
2013-08-09,7,AVB,EQR,88.0226,29.8488,0.8177,2.4576,1,1.8775,-0.0833,1.7942,HOLDING
2013-08-12,7,AVB,EQR,87.13,29.4413,0.8177,2.2006,1,1.8966,-0.0833,1.8133,HOLDING
2013-08-13,7,AVB,EQR,85.7679,28.9953,0.8177,1.397,1,1.7196,-0.0833,1.6362,HOLDING
2013-08-14,7,AVB,EQR,85.0008,28.9458,0.8177,0.0019,1,1.3835,-0.0833,1.3001,HOLDING
2013-08-15,7,AVB,EQR,82.9113,28.5163,0.8177,-1.9802,1,0.8132,-0.0833,0.7299,HOLDING
2013-08-16,7,AVB,EQR,81.1922,27.8996,0.8177,-2.0801,1,0.6529,-0.0833,0.5696,HOLDING
2013-08-19,7,AVB,EQR,80.9078,27.7785,0.8177,-1.7885,1,0.6488,-0.0833,0.5655,HOLDING
2013-08-20,7,AVB,EQR,81.8931,28.2575,0.8177,-1.7647,1,0.5934,-0.0833,0.5101,HOLDING
2013-08-21,7,AVB,EQR,81.8336,28.2355,0.8177,-1.5609,1,0.5886,-0.0833,0.5053,HOLDING
2013-08-22,7,AVB,EQR,82.7857,28.5494,0.8177,-1.1876,1,0.71,-0.0833,0.6266,HOLDING
2013-08-23,7,AVB,EQR,83.4668,28.9128,0.8177,-1.28,1,0.6338,-0.0833,0.5505,HOLDING
2013-08-26,7,AVB,EQR,83.8437,29.133,0.8177,-1.3367,1,0.5693,-0.0833,0.4859,HOLDING
2013-08-27,7,AVB,EQR,83.1692,29.1385,0.8177,-1.852,1,0.2162,-0.0833,0.1328,HOLDING
2013-08-28,7,AVB,EQR,82.2898,28.687,0.8177,-1.4715,1,0.2937,-0.0833,0.2103,HOLDING
2013-08-29,7,AVB,EQR,82.1906,28.687,0.8177,-1.3954,1,0.2427,-0.0833,0.1594,HOLDING
2013-08-30,7,AVB,EQR,81.9261,28.5714,0.8177,-1.2502,1,0.2424,-0.0833,0.159,HOLDING
2013-09-03,7,AVB,EQR,81.1459,28.2245,0.8177,-1.0985,1,0.2481,-0.0833,0.1648,HOLDING
2013-09-04,7,AVB,EQR,82.217,28.6319,0.8177,-0.8975,1,0.3208,-0.0833,0.2375,HOLDING
2013-09-05,7,AVB,EQR,81.7608,28.4888,0.8177,-0.9153,1,0.2543,-0.0833,0.1709,HOLDING
2013-09-06,7,AVB,EQR,83.0436,29.2046,0.8177,-1.1617,1,0.0741,-0.0833,-0.0092,HOLDING
2013-09-09,7,AVB,EQR,84.7628,29.8378,0.8177,-0.8701,1,0.2151,-0.0833,0.1318,HOLDING
2013-09-10,7,AVB,EQR,84.8553,29.9534,0.8177,-1.0388,1,0.1271,-0.0833,0.0438,HOLDING
2013-09-11,7,AVB,EQR,85.92,30.2342,0.8177,-0.4939,1,0.345,-0.0833,0.2616,HOLDING
2013-09-12,7,AVB,EQR,85.5629,30.1296,0.8177,-0.6663,1,0.2841,-0.0833,0.2008,HOLDING
2013-09-13,7,AVB,EQR,85.424,30.058,0.8177,-0.5339,1,0.2967,-0.0833,0.2134,HOLDING
2013-09-16,7,AVB,EQR,85.9728,30.1792,0.8177,0.1655,1,0.4367,-0.0833,0.3534,HOLDING
2013-09-17,7,AVB,EQR,85.4372,30.036,0.8177,-0.2551,1,0.3293,-0.0833,0.246,HOLDING
2013-09-18,7,AVB,EQR,89.1599,31.1042,0.8177,2.5042,1,0.9899,-0.0833,0.9066,HOLDING
2013-09-19,7,AVB,EQR,89.4707,31.2262,0.8177,2.2148,1,1.0066,-0.0833,0.9232,HOLDING
2013-09-20,7,AVB,EQR,87.9698,31.1098,0.8177,-0.1528,1,0.3717,-0.0833,0.2884,HOLDING
2013-09-23,7,AVB,EQR,87.1366,30.5996,0.8177,0.6481,1,0.5418,-0.0833,0.4585,HOLDING
2013-09-24,7,AVB,EQR,85.6753,30.106,0.8177,0.0004,1,0.3696,-0.0833,0.2862,HOLDING
2013-09-25,7,AVB,EQR,86.5679,30.2558,0.8177,1.1288,1,0.6527,-0.0833,0.5694,HOLDING
2013-09-26,7,AVB,EQR,86.4679,30.3168,0.8177,0.5422,1,0.5298,-0.0833,0.4465,HOLDING
2013-09-27,7,AVB,EQR,86.2013,30.2502,0.8177,0.255,1,0.4708,-0.0833,0.3875,HOLDING
2013-09-30,7,AVB,EQR,84.7279,29.7068,0.8177,-0.2299,1,0.3509,-0.0833,0.2675,HOLDING
2013-10-01,7,AVB,EQR,85.1279,30.1171,0.8177,-1.3759,1,0.0752,-0.0833,-0.0081,HOLDING
2013-10-02,7,AVB,EQR,85.9213,29.9896,0.8177,0.9057,1,0.6325,-0.0833,0.5492,HOLDING
2013-10-03,7,AVB,EQR,84.1746,29.313,0.8177,0.5126,1,0.5282,-0.0833,0.4449,HOLDING
2013-10-04,7,AVB,EQR,83.2745,29.1855,0.8177,-0.8462,1,0.2152,-0.0833,0.1319,HOLDING
2013-10-07,7,AVB,EQR,83.3279,29.3907,0.8177,-1.6556,1,0.002,-0.0833,-0.0813,HOLDING
2013-10-08,7,AVB,EQR,82.5812,28.936,0.8177,-1.0139,1,0.1515,-0.0833,0.0682,HOLDING
2013-10-09,7,AVB,EQR,83.0879,28.9581,0.8177,-0.0483,1,0.3859,-0.0833,0.3026,HOLDING
2013-10-10,7,AVB,EQR,85.6079,29.6901,0.8177,1.4581,1,0.8227,-0.0833,0.7393,HOLDING
2013-10-11,7,AVB,EQR,85.9746,29.7899,0.8177,1.5127,1,0.894,-0.0833,0.8107,HOLDING
2013-10-14,7,AVB,EQR,85.7412,29.74,0.8177,1.1752,1,0.8326,-0.0833,0.7493,HOLDING
2013-10-15,7,AVB,EQR,85.6679,29.7345,0.8177,0.9667,1,0.8015,-0.0833,0.7181,HOLDING
2013-10-16,7,AVB,EQR,87.4546,30.3722,0.8177,1.4634,1,0.9719,-0.0833,0.8885,HOLDING
2013-10-17,7,AVB,EQR,88.8346,30.8325,0.8177,1.8677,1,1.1414,-0.0833,1.058,HOLDING
2013-10-18,7,AVB,EQR,88.428,30.6162,0.8177,1.7538,1,1.186,-0.0833,1.1027,HOLDING
2013-10-21,7,AVB,EQR,88.4746,30.5275,0.8177,1.8309,1,1.314,-0.0833,1.2307,HOLDING
2013-10-22,7,AVB,EQR,89.5013,30.7604,0.8177,2.055,1,1.5685,-0.0833,1.4852,HOLDING
2013-10-23,7,AVB,EQR,89.468,30.8048,0.8177,1.6502,1,1.4994,-0.0833,1.416,HOLDING
2013-10-24,7,AVB,EQR,85.6679,29.8454,0.8177,-0.1024,1,0.6714,-0.0833,0.5881,HOLDING
2013-10-25,7,AVB,EQR,87.648,30.4499,0.8177,0.4848,1,0.9802,-0.0833,0.8969,HOLDING
2013-10-28,7,AVB,EQR,86.0146,30.1504,0.8177,-0.6069,1,0.4919,-0.0833,0.4086,HOLDING
2013-10-29,7,AVB,EQR,84.7146,29.862,0.8177,-1.3837,1,0.1619,-0.0833,0.0786,HOLDING
2013-10-30,7,AVB,EQR,84.4479,29.4739,0.8177,-0.5894,1,0.4801,-0.0833,0.3967,HOLDING
2013-10-31,7,AVB,EQR,83.3679,29.0358,0.8177,-0.6402,1,0.4387,-0.0833,0.3554,HOLDING
2013-11-01,7,AVB,EQR,83.8079,29.3352,0.8177,-0.9803,1,0.3137,-0.0833,0.2304,HOLDING
2013-11-04,7,AVB,EQR,84.0079,29.5959,0.8177,-1.5226,1,0.0,-0.0503,-0.0503,PERIOD_END_EXIT
2013-05-08,8,DTE,NEE,39.5524,14.2927,1.1386,0.0,0,0.0,0.0,0.0,HOLD_CASH
2013-05-09,8,DTE,NEE,38.7684,14.0984,1.1386,0.0,0,0.0,0.0,0.0,HOLD_CASH
2013-05-10,8,DTE,NEE,38.818,14.1267,1.1386,0.0,0,0.0,0.0,0.0,HOLD_CASH
2013-05-13,8,DTE,NEE,38.5861,14.0596,1.1386,0.0,0,0.0,0.0,0.0,HOLD_CASH
2013-05-14,8,DTE,NEE,39.0279,14.1602,1.1386,0.0,0,0.0,0.0,0.0,HOLD_CASH
2013-05-15,8,DTE,NEE,39.4199,14.3315,1.1386,0.0,0,0.0,0.0,0.0,HOLD_CASH
2013-05-16,8,DTE,NEE,39.2211,14.2026,1.1386,0.0,0,0.0,0.0,0.0,HOLD_CASH
2013-05-17,8,DTE,NEE,39.6297,14.3209,1.1386,0.0,0,0.0,0.0,0.0,HOLD_CASH
2013-05-20,8,DTE,NEE,39.5028,14.1691,1.1386,0.0,0,0.0,0.0,0.0,HOLD_CASH
2013-05-21,8,DTE,NEE,39.4862,14.2132,1.1386,0.0,0,0.0,0.0,0.0,HOLD_CASH
2013-05-22,8,DTE,NEE,38.818,13.9784,1.1386,0.0,0,0.0,0.0,0.0,HOLD_CASH
2013-05-23,8,DTE,NEE,38.2548,13.8124,1.1386,0.0,0,0.0,0.0,0.0,HOLD_CASH
2013-05-24,8,DTE,NEE,37.6971,13.6499,1.1386,0.0,0,0.0,0.0,0.0,HOLD_CASH
2013-05-28,8,DTE,NEE,37.3769,13.6005,1.1386,0.0,0,0.0,0.0,0.0,HOLD_CASH
2013-05-29,8,DTE,NEE,36.5873,13.3709,1.1386,0.0,0,0.0,0.0,0.0,HOLD_CASH
2013-05-30,8,DTE,NEE,37.2444,13.4867,1.1386,0.0,0,0.0,0.0,0.0,HOLD_CASH
2013-05-31,8,DTE,NEE,36.7805,13.4707,1.1386,0.0,0,0.0,0.0,0.0,HOLD_CASH
2013-06-03,8,DTE,NEE,36.891,13.5882,1.1386,0.0,0,0.0,0.0,0.0,HOLD_CASH
2013-06-04,8,DTE,NEE,36.7143,13.6256,1.1386,0.0,0,0.0,0.0,0.0,HOLD_CASH
2013-06-05,8,DTE,NEE,36.4326,13.5366,1.1386,-2.211,1,0.0,-0.0833,-0.0833,ENTER_LONG_A
2013-06-06,8,DTE,NEE,36.8744,13.786,1.1386,-2.5184,1,-0.3449,-0.0833,-0.4283,HOLDING
2013-06-07,8,DTE,NEE,37.2775,14.0371,1.1386,-2.6164,1,-0.737,-0.0833,-0.8204,HOLDING
2013-06-10,8,DTE,NEE,37.0621,14.0158,1.1386,-2.3322,1,-0.8973,-0.0833,-0.9806,HOLDING
2013-06-11,8,DTE,NEE,36.9959,14.0496,1.1386,-2.1525,1,-1.0791,-0.0833,-1.1624,HOLDING
2013-06-12,8,DTE,NEE,36.637,13.8501,1.1386,-1.5604,1,-0.8091,-0.0833,-0.8924,HOLDING
2013-06-13,8,DTE,NEE,37.387,14.0959,1.1386,-1.3807,1,-0.8125,-0.0833,-0.8959,HOLDING
2013-06-14,8,DTE,NEE,37.2922,14.2028,1.1386,-1.6849,1,-1.2643,-0.0833,-1.3476,HOLDING
2013-06-17,8,DTE,NEE,37.3926,14.3685,1.1386,-1.8561,1,-1.6999,-0.0833,-1.7832,HOLDING
2013-06-18,8,DTE,NEE,37.6938,14.5341,1.1386,-1.7998,1,-1.9207,-0.0833,-2.0041,HOLDING
2013-06-19,8,DTE,NEE,36.8517,14.2847,1.1386,-1.6792,1,-2.004,-0.0833,-2.0873,HOLDING
2013-06-20,8,DTE,NEE,35.6917,13.7753,1.1386,-1.1964,1,-1.5749,-0.0833,-1.6582,HOLDING
2013-06-21,8,DTE,NEE,36.0653,13.9534,1.1386,-1.2354,1,-1.7591,-0.0833,-1.8424,HOLDING
2013-06-24,8,DTE,NEE,35.8646,13.9623,1.1386,-1.348,1,-2.003,-0.0833,-2.0863,HOLDING
2013-06-25,8,DTE,NEE,36.4167,14.0728,1.1386,-1.0051,1,-1.7745,-0.0833,-1.8578,HOLDING
2013-06-26,8,DTE,NEE,37.0245,14.2224,1.1386,-0.7432,1,-1.6148,-0.0833,-1.6981,HOLDING
2013-06-27,8,DTE,NEE,37.1751,14.3257,1.1386,-0.8714,1,-1.7924,-0.0833,-1.8757,HOLDING
2013-06-28,8,DTE,NEE,37.3703,14.5145,1.1386,-1.2743,1,-2.2025,-0.0833,-2.2858,HOLDING
2013-07-01,8,DTE,NEE,36.7067,14.2919,1.1386,-1.2242,1,-2.1825,-0.0833,-2.2658,HOLDING
2013-07-02,8,DTE,NEE,36.8126,14.3115,1.1386,-1.078,1,-2.1334,-0.0833,-2.2167,HOLDING
2013-07-03,8,DTE,NEE,36.7513,14.2723,1.1386,-0.946,1,-2.0705,-0.0833,-2.1539,HOLDING
2013-07-05,8,DTE,NEE,36.6788,14.2384,1.1386,-0.8398,1,-2.0371,-0.0833,-2.1205,HOLDING
2013-07-08,8,DTE,NEE,37.0357,14.3685,1.1386,-0.8205,1,-2.0816,-0.0833,-2.1649,HOLDING
2013-07-09,8,DTE,NEE,37.2699,14.4914,1.1386,-1.0311,1,-2.2339,-0.0833,-2.3173,HOLDING
2013-07-10,8,DTE,NEE,37.6826,14.5413,1.1386,-0.3034,1,-1.956,-0.0833,-2.0394,HOLDING
2013-07-11,8,DTE,NEE,38.3351,14.8263,1.1386,-0.7477,1,-2.1924,-0.0833,-2.2757,HOLDING
2013-07-12,8,DTE,NEE,38.4745,14.9652,1.1386,-1.7398,1,-2.4986,-0.0833,-2.582,HOLDING
2013-07-15,8,DTE,NEE,38.9318,15.2199,1.1386,-2.5862,1,-2.8444,-0.0833,-2.9277,HOLDING
2013-07-16,8,DTE,NEE,38.7924,15.1345,1.1386,-1.8666,1,-2.7133,-0.0833,-2.7966,HOLDING
2013-07-17,8,DTE,NEE,38.8147,15.1077,1.1386,-1.3358,1,-2.6019,-0.0833,-2.6852,HOLDING
2013-07-18,8,DTE,NEE,39.3334,15.2182,1.1386,-0.6031,1,-2.4091,-0.0833,-2.4924,HOLDING
2013-07-19,8,DTE,NEE,39.1884,15.1345,1.1386,-0.1721,1,-2.2898,-0.0833,-2.3731,HOLDING
2013-07-22,8,DTE,NEE,39.3055,15.1202,1.1386,0.4778,1,-2.1178,-0.0833,-2.2012,HOLDING
2013-07-23,8,DTE,NEE,39.5062,15.106,1.1386,1.2988,1,-1.8564,-0.0833,-1.9398,HOLDING
2013-07-24,8,DTE,NEE,38.8426,14.9207,1.1386,0.911,1,-1.959,-0.0833,-2.0423,HOLDING
2013-07-25,8,DTE,NEE,39.0489,14.9777,1.1386,1.1737,1,-1.9251,-0.0833,-2.0085,HOLDING
2013-07-26,8,DTE,NEE,39.1214,14.9545,1.1386,1.6829,1,-1.7717,-0.0833,-1.855,HOLDING
2013-07-29,8,DTE,NEE,39.3724,15.1042,1.1386,0.8523,1,-1.9937,-0.0833,-2.077,HOLDING
2013-07-30,8,DTE,NEE,39.7237,15.4052,1.1386,-1.1111,1,-2.6047,-0.0833,-2.688,HOLDING
2013-07-31,8,DTE,NEE,39.4281,15.4284,1.1386,-2.0405,1,-2.9967,-0.0833,-3.08,HOLDING
2013-08-01,8,DTE,NEE,39.9245,15.7276,1.1386,-2.4879,1,-3.4467,-0.0833,-3.5301,HOLDING
2013-08-02,8,DTE,NEE,39.9524,15.6653,1.1386,-1.685,1,-3.2126,-0.0833,-3.2959,HOLDING
2013-08-05,8,DTE,NEE,39.6233,15.5121,1.1386,-1.2594,1,-3.0623,-0.0833,-3.1457,HOLDING
2013-08-06,8,DTE,NEE,39.4449,15.4658,1.1386,-1.2289,1,-3.1014,-0.0833,-3.1847,HOLDING
2013-08-07,8,DTE,NEE,39.3891,15.4551,1.1386,-1.1575,1,-3.126,-0.0833,-3.2094,HOLDING
2013-08-08,8,DTE,NEE,39.6345,15.4319,1.1386,-0.4148,1,-2.7877,-0.0833,-2.871,HOLDING
2013-08-09,8,DTE,NEE,39.4839,15.366,1.1386,-0.3019,1,-2.7327,-0.0833,-2.816,HOLDING
2013-08-12,8,DTE,NEE,39.2887,15.2467,1.1386,0.0106,1,-2.5503,-0.0833,-2.6336,HOLDING
2013-08-13,8,DTE,NEE,38.9932,15.1594,1.1386,-0.094,1,-2.5803,-0.0833,-2.6636,HOLDING
2013-08-14,8,DTE,NEE,38.6864,15.0383,1.1386,0.0072,1,-2.5114,-0.0833,-2.5947,HOLDING
2013-08-15,8,DTE,NEE,38.179,14.7853,1.1386,0.5331,1,-2.225,-0.0833,-2.3084,HOLDING
2013-08-16,8,DTE,NEE,37.6938,14.6339,1.1386,0.4418,1,-2.2477,-0.0833,-2.3311,HOLDING
2013-08-19,8,DTE,NEE,37.454,14.5252,1.1386,0.6447,1,-2.1481,-0.0833,-2.2314,HOLDING
2013-08-20,8,DTE,NEE,37.6938,14.641,1.1386,0.4832,1,-2.2711,-0.0833,-2.3544,HOLDING
2013-08-21,8,DTE,NEE,37.242,14.3898,1.1386,1.2123,1,-1.931,-0.0833,-2.0143,HOLDING
2013-08-22,8,DTE,NEE,37.3257,14.4237,1.1386,1.1992,1,-1.9524,-0.0833,-2.0358,HOLDING
2013-08-23,8,DTE,NEE,37.5766,14.5021,1.1386,1.3307,1,-1.9409,-0.0833,-2.0243,HOLDING
2013-08-26,8,DTE,NEE,37.387,14.3507,1.1386,1.8819,1,-1.6475,-0.0833,-1.7308,HOLDING
2013-08-27,8,DTE,NEE,37.4763,14.4451,1.1386,1.2687,1,-1.8614,-0.0833,-1.9448,HOLDING
2013-08-28,8,DTE,NEE,37.532,14.5618,1.1386,0.5083,1,-2.1844,-0.0833,-2.2678,HOLDING
2013-08-29,8,DTE,NEE,37.3759,14.4684,1.1386,0.7298,1,-2.0453,-0.0833,-2.1287,HOLDING
2013-08-30,8,DTE,NEE,37.2922,14.4325,1.1386,0.7145,1,-2.0171,-0.0833,-2.1004,HOLDING
2013-09-03,8,DTE,NEE,36.729,14.3265,1.1386,-0.1124,1,-2.2722,-0.0833,-2.3555,HOLDING
2013-09-04,8,DTE,NEE,36.6621,14.3858,1.1386,-1.0168,1,-2.538,-0.0833,-2.6214,HOLDING
2013-09-05,8,DTE,NEE,36.2494,14.3607,1.1386,-2.2328,1,-2.897,-0.0833,-2.9803,HOLDING
2013-09-06,8,DTE,NEE,36.5617,14.3696,1.1386,-1.2263,1,-2.5924,-0.0833,-2.6757,HOLDING
2013-09-09,8,DTE,NEE,36.8628,14.4091,1.1386,-0.6146,1,-2.3999,-0.0833,-2.4832,HOLDING
2013-09-10,8,DTE,NEE,37.203,14.4774,1.1386,-0.1386,1,-2.2597,-0.0833,-2.343,HOLDING
2013-09-11,8,DTE,NEE,37.2866,14.2978,1.1386,1.7927,1,-1.5816,-0.0833,-1.6649,HOLDING
2013-09-12,8,DTE,NEE,36.9966,14.2367,1.1386,1.2763,1,-1.6917,-0.0833,-1.775,HOLDING
2013-09-13,8,DTE,NEE,37.0698,14.2278,1.1386,1.429,1,-1.5839,-0.0833,-1.6672,HOLDING
2013-09-16,8,DTE,NEE,37.1205,14.2188,1.1386,1.4747,1,-1.5002,-0.0833,-1.5836,HOLDING
2013-09-17,8,DTE,NEE,37.2951,14.1882,1.1386,1.8994,1,-1.2134,-0.0833,-1.2968,HOLDING
2013-09-18,8,DTE,NEE,38.4102,14.8258,1.1386,-0.1053,1,-2.1105,-0.0833,-2.1938,HOLDING
2013-09-19,8,DTE,NEE,38.2469,14.8528,1.1386,-0.6657,1,-2.3734,-0.0833,-2.4568,HOLDING
2013-09-20,8,DTE,NEE,37.8358,14.4918,1.1386,0.9232,1,-1.63,-0.0833,-1.7133,HOLDING
2013-09-23,8,DTE,NEE,38.0723,14.5869,1.1386,0.7666,1,-1.689,-0.0833,-1.7723,HOLDING
2013-09-24,8,DTE,NEE,37.8358,14.5869,1.1386,0.2262,1,-1.942,-0.0833,-2.0253,HOLDING
2013-09-25,8,DTE,NEE,37.481,14.4271,1.1386,0.5103,1,-1.7976,-0.0833,-1.8809,HOLDING
2013-09-26,8,DTE,NEE,37.4866,14.4469,1.1386,0.3422,1,-1.8563,-0.0833,-1.9396,HOLDING
2013-09-27,8,DTE,NEE,37.205,14.3804,1.1386,0.1168,1,-1.9397,-0.0833,-2.023,HOLDING
2013-09-30,8,DTE,NEE,37.1599,14.3966,1.1386,-0.1128,1,-2.0409,-0.0833,-2.1242,HOLDING
2013-10-01,8,DTE,NEE,37.2444,14.3804,1.1386,0.1761,1,-1.8975,-0.0833,-1.9808,HOLDING
2013-10-02,8,DTE,NEE,37.3514,14.4415,1.1386,-0.0806,1,-1.9832,-0.0833,-2.0666,HOLDING
2013-10-03,8,DTE,NEE,36.715,14.2691,1.1386,-0.6405,1,-2.0988,-0.0833,-2.1821,HOLDING
2013-10-04,8,DTE,NEE,36.6474,14.305,1.1386,-1.3655,1,-2.2888,-0.0833,-2.3721,HOLDING
2013-10-07,8,DTE,NEE,36.3433,14.2511,1.1386,-1.8481,1,-2.4375,-0.0833,-2.5208,HOLDING
2013-10-08,8,DTE,NEE,36.6474,14.3122,1.1386,-1.3661,1,-2.3123,-0.0833,-2.3957,HOLDING
2013-10-09,8,DTE,NEE,36.9572,14.3678,1.1386,-0.7762,1,-2.1635,-0.0833,-2.2468,HOLDING
2013-10-10,8,DTE,NEE,37.4641,14.6193,1.1386,-1.3867,1,-2.4455,-0.0833,-2.5288,HOLDING
2013-10-11,8,DTE,NEE,37.6386,14.6821,1.1386,-1.2741,1,-2.4648,-0.0833,-2.5481,HOLDING
2013-10-14,8,DTE,NEE,37.4472,14.5582,1.1386,-0.6465,1,-2.2634,-0.0833,-2.3468,HOLDING
2013-10-15,8,DTE,NEE,37.0079,14.4056,1.1386,-0.5739,1,-2.2329,-0.0833,-2.3163,HOLDING
2013-10-16,8,DTE,NEE,37.3176,14.639,1.1386,-1.8404,1,-2.6669,-0.0833,-2.7502,HOLDING
2013-10-17,8,DTE,NEE,37.8583,14.9066,1.1386,-2.2577,1,-2.9657,-0.0833,-3.049,HOLDING
2013-10-18,8,DTE,NEE,37.8527,15.0036,1.1386,-2.5464,1,-3.2896,-0.0833,-3.3729,HOLDING
2013-10-21,8,DTE,NEE,37.6443,15.0485,1.1386,-2.6833,1,-3.6596,-0.0833,-3.7429,HOLDING
2013-10-22,8,DTE,NEE,37.971,15.2676,1.1386,-2.5699,1,-4.0284,-0.0833,-4.1117,HOLDING
2013-10-23,8,DTE,NEE,38.444,15.282,1.1386,-1.5591,1,-3.5695,-0.0833,-3.6528,HOLDING
2013-10-24,8,DTE,NEE,38.0723,15.2964,1.1386,-1.9594,1,-4.0141,-0.0833,-4.0975,HOLDING
2013-10-25,8,DTE,NEE,39.1086,15.4364,1.1386,-0.8278,1,-3.3649,-0.0833,-3.4482,HOLDING
2013-10-28,8,DTE,NEE,39.2212,15.2946,1.1386,0.0794,1,-2.7794,-0.0833,-2.8627,HOLDING
2013-10-29,8,DTE,NEE,39.3057,15.4418,1.1386,-0.4257,1,-3.1717,-0.0833,-3.2551,HOLDING
2013-10-30,8,DTE,NEE,39.0523,15.37,1.1386,-0.4336,1,-3.2074,-0.0833,-3.2907,HOLDING
2013-10-31,8,DTE,NEE,38.9396,15.2209,1.1386,0.2181,1,-2.8393,-0.0833,-2.9226,HOLDING
2013-11-01,8,DTE,NEE,39.1086,15.8298,1.1386,-2.2697,1,-4.654,-0.0833,-4.7374,HOLDING
2013-11-04,8,DTE,NEE,39.4803,15.8208,1.1386,-1.4295,1,0.0,-4.4045,-4.4045,PERIOD_END_EXIT
2013-05-08,9,CCK,MRSH,41.6969,31.4714,0.9397,0.0,0,0.0,0.0,0.0,HOLD_CASH
2013-05-09,9,CCK,MRSH,41.4308,31.3362,0.9397,0.0,0,0.0,0.0,0.0,HOLD_CASH
2013-05-10,9,CCK,MRSH,41.4973,31.3919,0.9397,0.0,0,0.0,0.0,0.0,HOLD_CASH
2013-05-13,9,CCK,MRSH,41.2407,31.7338,0.9397,0.0,0,0.0,0.0,0.0,HOLD_CASH
2013-05-14,9,CCK,MRSH,41.6113,32.2349,0.9397,0.0,0,0.0,0.0,0.0,HOLD_CASH
2013-05-15,9,CCK,MRSH,41.8489,32.4019,0.9397,0.0,0,0.0,0.0,0.0,HOLD_CASH
2013-05-16,9,CCK,MRSH,41.6874,32.4417,0.9397,0.0,0,0.0,0.0,0.0,HOLD_CASH
2013-05-17,9,CCK,MRSH,41.8489,32.6803,0.9397,0.0,0,0.0,0.0,0.0,HOLD_CASH
2013-05-20,9,CCK,MRSH,41.8109,32.6803,0.9397,0.0,0,0.0,0.0,0.0,HOLD_CASH
2013-05-21,9,CCK,MRSH,41.7159,32.9268,0.9397,0.0,0,0.0,0.0,0.0,HOLD_CASH
2013-05-22,9,CCK,MRSH,41.5448,32.4496,0.9397,0.0,0,0.0,0.0,0.0,HOLD_CASH
2013-05-23,9,CCK,MRSH,41.0032,32.1872,0.9397,0.0,0,0.0,0.0,0.0,HOLD_CASH
2013-05-24,9,CCK,MRSH,40.6041,32.1554,0.9397,0.0,0,0.0,0.0,0.0,HOLD_CASH
2013-05-28,9,CCK,MRSH,41.0317,32.211,0.9397,0.0,0,0.0,0.0,0.0,HOLD_CASH
2013-05-29,9,CCK,MRSH,40.6516,31.9565,0.9397,0.0,0,0.0,0.0,0.0,HOLD_CASH
2013-05-30,9,CCK,MRSH,40.4901,32.227,0.9397,0.0,0,0.0,0.0,0.0,HOLD_CASH
2013-05-31,9,CCK,MRSH,40.243,31.8293,0.9397,0.0,0,0.0,0.0,0.0,HOLD_CASH
2013-06-03,9,CCK,MRSH,40.2715,32.1156,0.9397,0.0,0,0.0,0.0,0.0,HOLD_CASH
2013-06-04,9,CCK,MRSH,40.0624,31.7577,0.9397,0.0,0,0.0,0.0,0.0,HOLD_CASH
2013-06-05,9,CCK,MRSH,39.2737,31.3441,0.9397,-1.3696,0,0.0,0.0,0.0,HOLD_CASH
2013-06-06,9,CCK,MRSH,40.1765,31.7816,0.9397,-0.73,0,0.0,0.0,0.0,HOLD_CASH
2013-06-07,9,CCK,MRSH,40.9367,32.1713,0.9397,-0.1528,0,0.0,0.0,0.0,HOLD_CASH
2013-06-10,9,CCK,MRSH,41.2312,32.0997,0.9397,0.8191,0,0.0,0.0,0.0,HOLD_CASH
2013-06-11,9,CCK,MRSH,40.414,31.9884,0.9397,-0.7032,0,0.0,0.0,0.0,HOLD_CASH
2013-06-12,9,CCK,MRSH,39.8439,31.6702,0.9397,-1.1091,0,0.0,0.0,0.0,HOLD_CASH
2013-06-13,9,CCK,MRSH,40.3855,32.0599,0.9397,-0.8237,0,0.0,0.0,0.0,HOLD_CASH
2013-06-14,9,CCK,MRSH,40.3285,31.7736,0.9397,0.0987,0,0.0,0.0,0.0,HOLD_CASH
2013-06-17,9,CCK,MRSH,40.376,32.0599,0.9397,-0.7539,0,0.0,0.0,0.0,HOLD_CASH
2013-06-18,9,CCK,MRSH,40.357,32.1792,0.9397,-1.1804,0,0.0,0.0,0.0,HOLD_CASH
2013-06-19,9,CCK,MRSH,39.4448,31.3998,0.9397,-1.0489,0,0.0,0.0,0.0,HOLD_CASH
2013-06-20,9,CCK,MRSH,38.4565,30.9385,0.9397,-2.2302,1,0.0,-0.0833,-0.0833,ENTER_LONG_A
2013-06-21,9,CCK,MRSH,38.238,31.2885,0.9397,-2.9803,1,-0.7008,-0.0833,-0.7841,HOLDING
2013-06-24,9,CCK,MRSH,38.276,30.9385,0.9397,-1.6494,1,-0.2017,-0.0833,-0.285,HOLDING
2013-06-25,9,CCK,MRSH,38.447,31.2487,0.9397,-1.7979,1,-0.4154,-0.0833,-0.4987,HOLDING
2013-06-26,9,CCK,MRSH,38.523,31.7338,0.9397,-2.2803,1,-0.9635,-0.0833,-1.0468,HOLDING
2013-06-27,9,CCK,MRSH,38.7701,32.044,0.9397,-2.0518,1,-1.0922,-0.0833,-1.1756,HOLDING
2013-06-28,9,CCK,MRSH,39.0837,31.7497,0.9397,-0.9202,1,-0.3579,-0.0833,-0.4413,HOLDING
2013-07-01,9,CCK,MRSH,39.4068,32.1554,0.9397,-1.0453,1,-0.5263,-0.0833,-0.6096,HOLDING
2013-07-02,9,CCK,MRSH,39.3117,32.052,0.9397,-0.9153,1,-0.4975,-0.0833,-0.5809,HOLDING
2013-07-03,9,CCK,MRSH,39.1312,32.0361,0.9397,-1.0553,1,-0.6785,-0.0833,-0.7618,HOLDING
2013-07-05,9,CCK,MRSH,39.8154,32.569,0.9397,-0.8602,1,-0.6095,-0.0833,-0.6928,HOLDING
2013-07-08,9,CCK,MRSH,39.5968,32.4417,0.9397,-0.8765,1,-0.6876,-0.0833,-0.7709,HOLDING
2013-07-09,9,CCK,MRSH,39.7869,32.6818,0.9397,-0.9504,1,-0.7886,-0.0833,-0.8719,HOLDING
2013-07-10,9,CCK,MRSH,40.148,32.6978,0.9397,-0.3098,1,-0.406,-0.0833,-0.4894,HOLDING
2013-07-11,9,CCK,MRSH,40.7751,33.466,0.9397,-0.6739,1,-0.7078,-0.0833,-0.7912,HOLDING
2013-07-12,9,CCK,MRSH,40.7941,33.33,0.9397,-0.2867,1,-0.5091,-0.0833,-0.5924,HOLDING
2013-07-15,9,CCK,MRSH,40.4996,33.2659,0.9397,-0.6565,1,-0.7547,-0.0833,-0.838,HOLDING
2013-07-16,9,CCK,MRSH,40.186,33.3139,0.9397,-1.4414,1,-1.1676,-0.0833,-1.2509,HOLDING
2013-07-17,9,CCK,MRSH,40.3855,33.1699,0.9397,-0.4594,1,-0.7568,-0.0833,-0.8401,HOLDING
2013-07-18,9,CCK,MRSH,41.8679,33.474,0.9397,2.8323,1,0.5025,-0.0833,0.4192,HOLDING
2013-07-19,9,CCK,MRSH,42.229,33.45,0.9397,2.9468,1,0.9372,-0.0833,0.8539,HOLDING
2013-07-22,9,CCK,MRSH,42.2195,33.522,0.9397,2.214,1,0.8327,-0.0833,0.7493,HOLDING
2013-07-23,9,CCK,MRSH,42.1435,33.394,0.9397,2.0021,1,0.9148,-0.0833,0.8315,HOLDING
2013-07-24,9,CCK,MRSH,42.0675,33.2339,0.9397,1.868,1,1.0387,-0.0833,0.9554,HOLDING
2013-07-25,9,CCK,MRSH,41.8489,33.482,0.9397,0.9933,1,0.4708,-0.0833,0.3875,HOLDING
2013-07-26,9,CCK,MRSH,41.6494,33.602,0.9397,0.4111,1,0.0913,-0.0833,0.008,HOLDING
2013-07-29,9,CCK,MRSH,41.7159,33.37,0.9397,0.8645,1,0.4684,-0.0833,0.3851,HOLDING
2013-07-30,9,CCK,MRSH,41.9819,33.41,0.9397,1.0849,1,0.7135,-0.0833,0.6301,HOLDING
2013-07-31,9,CCK,MRSH,41.6494,33.506,0.9397,0.3702,1,0.2166,-0.0833,0.1333,HOLDING
2013-08-01,9,CCK,MRSH,42.6756,34.0181,0.9397,0.9095,1,0.6948,-0.0833,0.6115,HOLDING
2013-08-02,9,CCK,MRSH,42.8182,34.0022,0.9397,1.0366,1,0.8749,-0.0833,0.7916,HOLDING
2013-08-05,9,CCK,MRSH,42.8277,33.7781,0.9397,1.2927,1,1.1779,-0.0833,1.0946,HOLDING
2013-08-06,9,CCK,MRSH,42.4286,33.618,0.9397,0.9008,1,0.9409,-0.0833,0.8576,HOLDING
2013-08-07,9,CCK,MRSH,42.324,33.346,0.9397,1.1081,1,1.1792,-0.0833,1.0958,HOLDING
2013-08-08,9,CCK,MRSH,42.21,33.562,0.9397,0.4848,1,0.7698,-0.0833,0.6865,HOLDING
2013-08-09,9,CCK,MRSH,42.3525,33.53,0.9397,0.6881,1,0.9708,-0.0833,0.8875,HOLDING
2013-08-12,9,CCK,MRSH,42.6756,33.45,0.9397,1.2786,1,1.4362,-0.0833,1.3528,HOLDING
2013-08-13,9,CCK,MRSH,42.7516,33.586,0.9397,1.1999,1,1.3436,-0.0833,1.2603,HOLDING
2013-08-14,9,CCK,MRSH,42.9702,33.6981,0.9397,1.5581,1,1.4416,-0.0833,1.3582,HOLDING
2013-08-15,9,CCK,MRSH,42.0009,33.2659,0.9397,0.1575,1,0.9226,-0.0833,0.8393,HOLDING
2013-08-16,9,CCK,MRSH,41.9534,33.386,0.9397,-0.3936,1,0.7129,-0.0833,0.6296,HOLDING
2013-08-19,9,CCK,MRSH,42.096,33.33,0.9397,0.2297,1,0.9453,-0.0833,0.8619,HOLDING
2013-08-20,9,CCK,MRSH,42.077,33.8021,0.9397,-1.3675,1,0.3079,-0.0833,0.2246,HOLDING
2013-08-21,9,CCK,MRSH,42.134,33.57,0.9397,-0.3682,1,0.6745,-0.0833,0.5911,HOLDING
2013-08-22,9,CCK,MRSH,42.3906,34.1862,0.9397,-1.5893,1,0.157,-0.0833,0.0737,HOLDING
2013-08-23,9,CCK,MRSH,42.6471,34.0181,0.9397,-0.4607,1,0.663,-0.0833,0.5796,HOLDING
2013-08-26,9,CCK,MRSH,42.8087,33.6821,0.9397,1.0841,1,1.282,-0.0833,1.1986,HOLDING
2013-08-27,9,CCK,MRSH,41.9819,32.9058,0.9397,1.246,1,1.3713,-0.0833,1.288,HOLDING
2013-08-28,9,CCK,MRSH,41.6208,32.9298,0.9397,0.0277,1,0.9366,-0.0833,0.8533,HOLDING
2013-08-29,9,CCK,MRSH,41.6304,33.2259,0.9397,-1.0254,1,0.5608,-0.0833,0.4775,HOLDING
2013-08-30,9,CCK,MRSH,41.2978,32.9939,0.9397,-1.1215,1,0.4921,-0.0833,0.4087,HOLDING
2013-09-03,9,CCK,MRSH,41.6684,33.2419,0.9397,-0.8,1,0.5824,-0.0833,0.4991,HOLDING
2013-09-04,9,CCK,MRSH,41.9249,33.2419,0.9397,-0.0203,1,0.869,-0.0833,0.7857,HOLDING
2013-09-05,9,CCK,MRSH,41.4498,33.0979,0.9397,-0.8508,1,0.5262,-0.0833,0.4429,HOLDING
2013-09-06,9,CCK,MRSH,41.3833,33.0579,0.9397,-0.8579,1,0.5041,-0.0833,0.4208,HOLDING
2013-09-09,9,CCK,MRSH,41.8869,33.554,0.9397,-0.9947,1,0.4193,-0.0833,0.336,HOLDING
2013-09-10,9,CCK,MRSH,42.248,33.7541,0.9397,-0.5601,1,0.5617,-0.0833,0.4783,HOLDING
2013-09-11,9,CCK,MRSH,42.0009,33.8581,0.9397,-1.5262,1,0.1499,-0.0833,0.0666,HOLDING
2013-09-12,9,CCK,MRSH,41.4118,33.9701,0.9397,-2.8769,1,-0.6544,-0.0833,-0.7378,HOLDING
2013-09-13,9,CCK,MRSH,41.6113,33.9381,0.9397,-1.9183,1,-0.3898,-0.0833,-0.4731,HOLDING
2013-09-16,9,CCK,MRSH,42.058,34.1782,0.9397,-1.3601,1,-0.2041,-0.0833,-0.2874,HOLDING
2013-09-17,9,CCK,MRSH,41.8584,34.2022,0.9397,-1.6276,1,-0.4583,-0.0833,-0.5417,HOLDING
2013-09-18,9,CCK,MRSH,42.153,35.0505,0.9397,-2.3879,1,-1.2361,-0.0833,-1.3195,HOLDING
2013-09-19,9,CCK,MRSH,41.8489,35.3146,0.9397,-2.5801,1,-1.9204,-0.0833,-2.0038,HOLDING
2013-09-20,9,CCK,MRSH,41.3643,35.3946,0.9397,-2.5621,1,-2.5663,-0.0833,-2.6496,HOLDING
2013-09-23,9,CCK,MRSH,41.2407,35.5226,0.9397,-2.2845,1,-2.8713,-0.0833,-2.9547,HOLDING
2013-09-24,9,CCK,MRSH,41.3073,35.4026,0.9397,-1.8158,1,-2.6404,-0.0833,-2.7237,HOLDING
2013-09-25,9,CCK,MRSH,41.0222,35.2425,0.9397,-1.6906,1,-2.75,-0.0833,-2.8333,HOLDING
2013-09-26,9,CCK,MRSH,40.8512,35.1865,0.9397,-1.5776,1,-2.868,-0.0833,-2.9513,HOLDING
2013-09-27,9,CCK,MRSH,40.433,35.0185,0.9397,-1.5621,1,-3.1158,-0.0833,-3.1991,HOLDING
2013-09-30,9,CCK,MRSH,40.1765,34.8504,0.9397,-1.4412,1,-3.1831,-0.0833,-3.2665,HOLDING
2013-10-01,9,CCK,MRSH,40.1385,34.8904,0.9397,-1.349,1,-3.2778,-0.0833,-3.3612,HOLDING
2013-10-02,9,CCK,MRSH,40.1955,34.9784,0.9397,-1.2536,1,-3.329,-0.0833,-3.4123,HOLDING
2013-10-03,9,CCK,MRSH,39.7584,34.5943,0.9397,-1.1554,1,-3.3161,-0.0833,-3.3994,HOLDING
2013-10-04,9,CCK,MRSH,39.7964,34.8424,0.9397,-1.2201,1,-3.5973,-0.0833,-3.6807,HOLDING
2013-10-07,9,CCK,MRSH,39.6063,34.3863,0.9397,-0.893,1,-3.2145,-0.0833,-3.2978,HOLDING
2013-10-08,9,CCK,MRSH,39.3593,34.1142,0.9397,-0.784,1,-3.1354,-0.0833,-3.2188,HOLDING
2013-10-09,9,CCK,MRSH,39.1597,34.1061,0.9397,-0.8948,1,-3.3478,-0.0833,-3.4312,HOLDING
2013-10-10,9,CCK,MRSH,39.1977,34.7179,0.9397,-1.39,1,-4.1037,-0.0833,-4.187,HOLDING
2013-10-11,9,CCK,MRSH,39.4068,34.8225,0.9397,-1.2108,1,-4.0067,-0.0833,-4.09,HOLDING
2013-10-14,9,CCK,MRSH,39.4733,35.1606,0.9397,-1.5107,1,-4.3735,-0.0833,-4.4569,HOLDING
2013-10-15,9,CCK,MRSH,39.1217,35.2975,0.9397,-2.1045,1,-4.9449,-0.0833,-5.0282,HOLDING
2013-10-16,9,CCK,MRSH,38.8081,36.1588,0.9397,-2.9766,1,-6.4191,-0.0833,-6.5025,HOLDING
2013-10-17,9,CCK,MRSH,38.5325,36.4647,0.9397,-2.785,1,-7.1261,-0.0833,-7.2095,HOLDING
2013-10-18,9,CCK,MRSH,38.2855,36.6498,0.9397,-2.4975,1,-7.6437,-0.0833,-7.727,HOLDING
2013-10-21,9,CCK,MRSH,38.2665,36.6498,0.9397,-2.0832,1,-7.6649,-0.0833,-7.7483,HOLDING
2013-10-22,9,CCK,MRSH,38.7606,37.0603,0.9397,-1.7489,1,-7.6486,-0.0833,-7.732,HOLDING
2013-10-23,9,CCK,MRSH,38.257,36.8752,0.9397,-1.7146,1,-7.9697,-0.0833,-8.053,HOLDING
2013-10-24,9,CCK,MRSH,38.7226,37.0523,0.9397,-1.3641,1,-7.6806,-0.0833,-7.7639,HOLDING
2013-10-25,9,CCK,MRSH,39.3403,37.4789,0.9397,-1.1203,1,-7.5472,-0.0833,-7.6306,HOLDING
2013-10-28,9,CCK,MRSH,39.2547,37.2938,0.9397,-0.9601,1,-7.4012,-0.0833,-7.4845,HOLDING
2013-10-29,9,CCK,MRSH,39.0932,37.3179,0.9397,-0.9728,1,-7.6132,-0.0833,-7.6965,HOLDING
2013-10-30,9,CCK,MRSH,38.5991,37.1972,0.9397,-1.0945,1,-8.0077,-0.0833,-8.091,HOLDING
2013-10-31,9,CCK,MRSH,41.4308,36.8671,0.9397,0.8836,1,-4.4135,-0.0833,-4.4968,HOLDING
2013-11-01,9,CCK,MRSH,41.2027,36.9718,0.9397,0.7243,1,-4.8048,-0.0833,-4.8882,HOLDING
2013-11-04,9,CCK,MRSH,41.3358,36.8752,0.9397,0.9351,1,0.0,-4.7078,-4.7078,PERIOD_END_EXIT
2013-05-08,10,EQR,UDR,31.4465,15.9174,0.9705,0.0,0,0.0,0.0,0.0,HOLD_CASH
2013-05-09,10,EQR,UDR,31.288,16.0185,0.9705,0.0,0,0.0,0.0,0.0,HOLD_CASH
2013-05-10,10,EQR,UDR,31.5449,16.1953,0.9705,0.0,0,0.0,0.0,0.0,HOLD_CASH
2013-05-13,10,EQR,UDR,32.1024,16.3848,0.9705,0.0,0,0.0,0.0,0.0,HOLD_CASH
2013-05-14,10,EQR,UDR,32.3702,16.5869,0.9705,0.0,0,0.0,0.0,0.0,HOLD_CASH
2013-05-15,10,EQR,UDR,32.3375,16.6627,0.9705,0.0,0,0.0,0.0,0.0,HOLD_CASH
2013-05-16,10,EQR,UDR,32.5834,16.7448,0.9705,0.0,0,0.0,0.0,0.0,HOLD_CASH
2013-05-17,10,EQR,UDR,32.5725,16.7259,0.9705,0.0,0,0.0,0.0,0.0,HOLD_CASH
2013-05-20,10,EQR,UDR,32.895,16.8396,0.9705,0.0,0,0.0,0.0,0.0,HOLD_CASH
2013-05-21,10,EQR,UDR,33.2066,16.9407,0.9705,0.0,0,0.0,0.0,0.0,HOLD_CASH
2013-05-22,10,EQR,UDR,32.3211,16.429,0.9705,0.0,0,0.0,0.0,0.0,HOLD_CASH
2013-05-23,10,EQR,UDR,32.895,15.9995,0.9705,0.0,0,0.0,0.0,0.0,HOLD_CASH
2013-05-24,10,EQR,UDR,32.9606,15.9679,0.9705,0.0,0,0.0,0.0,0.0,HOLD_CASH
2013-05-28,10,EQR,UDR,32.4741,15.8542,0.9705,0.0,0,0.0,0.0,0.0,HOLD_CASH
2013-05-29,10,EQR,UDR,31.9985,15.5574,0.9705,0.0,0,0.0,0.0,0.0,HOLD_CASH
2013-05-30,10,EQR,UDR,31.3863,15.4121,0.9705,0.0,0,0.0,0.0,0.0,HOLD_CASH
2013-05-31,10,EQR,UDR,30.9108,15.3931,0.9705,0.0,0,0.0,0.0,0.0,HOLD_CASH
2013-06-03,10,EQR,UDR,31.288,15.7469,0.9705,0.0,0,0.0,0.0,0.0,HOLD_CASH
2013-06-04,10,EQR,UDR,31.2333,15.4689,0.9705,0.0,0,0.0,0.0,0.0,HOLD_CASH
2013-06-05,10,EQR,UDR,31.0092,15.3679,0.9705,0.6038,0,0.0,0.0,0.0,HOLD_CASH
2013-06-06,10,EQR,UDR,30.9764,15.5321,0.9705,0.0477,0,0.0,0.0,0.0,HOLD_CASH
2013-06-07,10,EQR,UDR,30.9873,15.4689,0.9705,0.1983,0,0.0,0.0,0.0,HOLD_CASH
2013-06-10,10,EQR,UDR,30.632,15.3616,0.9705,-0.088,0,0.0,0.0,0.0,HOLD_CASH
2013-06-11,10,EQR,UDR,30.1291,15.0457,0.9705,0.045,0,0.0,0.0,0.0,HOLD_CASH
2013-06-12,10,EQR,UDR,29.9269,14.9952,0.9705,-0.1882,0,0.0,0.0,0.0,HOLD_CASH
2013-06-13,10,EQR,UDR,30.8507,15.3363,0.9705,0.1885,0,0.0,0.0,0.0,HOLD_CASH
2013-06-14,10,EQR,UDR,30.796,15.33,0.9705,0.0305,0,0.0,0.0,0.0,HOLD_CASH
2013-06-17,10,EQR,UDR,30.8343,15.3047,0.9705,0.1174,0,0.0,0.0,0.0,HOLD_CASH
2013-06-18,10,EQR,UDR,30.9436,15.4753,0.9705,-0.4658,0,0.0,0.0,0.0,HOLD_CASH
2013-06-19,10,EQR,UDR,30.0635,15.0963,0.9705,-0.9115,0,0.0,0.0,0.0,HOLD_CASH
2013-06-20,10,EQR,UDR,29.133,14.6225,0.9705,-1.0372,0,0.0,0.0,0.0,HOLD_CASH
2013-06-21,10,EQR,UDR,30.1351,15.1152,0.9705,-0.828,0,0.0,0.0,0.0,HOLD_CASH
2013-06-24,10,EQR,UDR,30.6087,15.2415,0.9705,-0.063,0,0.0,0.0,0.0,HOLD_CASH
2013-06-25,10,EQR,UDR,31.0547,15.5068,0.9705,-0.2054,0,0.0,0.0,0.0,HOLD_CASH
2013-06-26,10,EQR,UDR,31.5227,15.7153,0.9705,0.2498,0,0.0,0.0,0.0,HOLD_CASH
2013-06-27,10,EQR,UDR,32.1669,16.05,0.9705,0.4279,0,0.0,0.0,0.0,HOLD_CASH
2013-06-28,10,EQR,UDR,31.9687,16.1006,0.9705,-1.3591,0,0.0,0.0,0.0,HOLD_CASH
2013-07-01,10,EQR,UDR,31.6493,16.1511,0.9705,-2.9454,1,0.0,-0.0833,-0.0833,ENTER_LONG_A
2013-07-02,10,EQR,UDR,31.8475,16.4543,0.9705,-3.1641,1,-0.5056,-0.0833,-0.5889,HOLDING
2013-07-03,10,EQR,UDR,31.6273,16.3848,0.9705,-2.6413,1,-0.6233,-0.0833,-0.7067,HOLDING
2013-07-05,10,EQR,UDR,31.5833,16.2774,0.9705,-1.8691,1,-0.4093,-0.0833,-0.4926,HOLDING
2013-07-08,10,EQR,UDR,31.5777,16.1404,0.9705,-1.107,1,-0.0684,-0.0833,-0.1517,HOLDING
2013-07-09,10,EQR,UDR,31.9191,16.4782,0.9705,-1.6061,1,-0.4708,-0.0833,-0.5541,HOLDING
2013-07-10,10,EQR,UDR,31.8861,16.2233,0.9705,-0.5276,1,0.133,-0.0833,0.0497,HOLDING
2013-07-11,10,EQR,UDR,32.5303,16.6376,0.9705,-0.7791,1,-0.0591,-0.0833,-0.1424,HOLDING
2013-07-12,10,EQR,UDR,32.2825,16.5101,0.9705,-0.712,1,-0.0662,-0.0833,-0.1495,HOLDING
2013-07-15,10,EQR,UDR,32.2715,16.5101,0.9705,-0.6597,1,-0.0809,-0.0833,-0.1642,HOLDING
2013-07-16,10,EQR,UDR,32.3431,16.4591,0.9705,-0.1958,1,0.1443,-0.0833,0.061,HOLDING
2013-07-17,10,EQR,UDR,32.3486,16.5994,0.9705,-0.7528,1,-0.2047,-0.0833,-0.288,HOLDING
2013-07-18,10,EQR,UDR,32.5358,16.6376,0.9705,-0.4111,1,-0.0517,-0.0833,-0.135,HOLDING
2013-07-19,10,EQR,UDR,32.3431,16.542,0.9705,-0.3829,1,-0.0663,-0.0833,-0.1496,HOLDING
2013-07-22,10,EQR,UDR,32.4037,16.5611,0.9705,-0.2615,1,-0.0339,-0.0833,-0.1172,HOLDING
2013-07-23,10,EQR,UDR,32.3486,16.5292,0.9705,-0.1619,1,-0.0265,-0.0833,-0.1098,HOLDING
2013-07-24,10,EQR,UDR,31.6273,16.1595,0.9705,-0.1283,1,-0.0508,-0.0833,-0.1341,HOLDING
2013-07-25,10,EQR,UDR,31.787,16.2679,0.9705,-0.176,1,-0.1128,-0.0833,-0.1961,HOLDING
2013-07-26,10,EQR,UDR,31.9852,16.4017,0.9705,-0.3049,1,-0.1881,-0.0833,-0.2715,HOLDING
2013-07-29,10,EQR,UDR,31.8145,16.2233,0.9705,0.8247,1,0.0374,-0.0833,-0.046,HOLDING
2013-07-30,10,EQR,UDR,31.7484,16.2551,0.9705,0.0428,1,-0.1319,-0.0833,-0.2152,HOLDING
2013-07-31,10,EQR,UDR,30.8344,15.9619,0.9705,-2.182,1,-0.6081,-0.0833,-0.6914,HOLDING
2013-08-01,10,EQR,UDR,30.6472,16.0065,0.9705,-3.0696,1,-0.9716,-0.0833,-1.055,HOLDING
2013-08-02,10,EQR,UDR,30.2563,15.8599,0.9705,-2.7585,1,-1.1214,-0.0833,-1.2048,HOLDING
2013-08-05,10,EQR,UDR,30.2232,15.7579,0.9705,-1.8166,1,-0.9064,-0.0833,-0.9897,HOLDING
2013-08-06,10,EQR,UDR,30.1406,15.6942,0.9705,-1.5326,1,-0.8548,-0.0833,-0.9381,HOLDING
2013-08-07,10,EQR,UDR,29.8708,15.6177,0.9705,-1.7188,1,-1.0209,-0.0833,-1.1042,HOLDING
2013-08-08,10,EQR,UDR,29.8763,15.4519,0.9705,-0.6192,1,-0.5924,-0.0833,-0.6757,HOLDING
2013-08-09,10,EQR,UDR,29.8488,15.6113,0.9705,-1.4885,1,-1.0341,-0.0833,-1.1175,HOLDING
2013-08-12,10,EQR,UDR,29.4413,15.4392,0.9705,-1.5513,1,-1.1412,-0.0833,-1.2246,HOLDING
2013-08-13,10,EQR,UDR,28.9953,15.0886,0.9705,-0.8449,1,-0.8462,-0.0833,-0.9295,HOLDING
2013-08-14,10,EQR,UDR,28.9458,15.0567,0.9705,-0.7378,1,-0.8314,-0.0833,-0.9148,HOLDING
2013-08-15,10,EQR,UDR,28.5163,14.7061,0.9705,0.0303,1,-0.5144,-0.0833,-0.5977,HOLDING
2013-08-16,10,EQR,UDR,27.8996,14.3236,0.9705,0.4258,1,-0.3665,-0.0833,-0.4498,HOLDING
2013-08-19,10,EQR,UDR,27.7785,14.2471,0.9705,0.566,1,-0.3339,-0.0833,-0.4173,HOLDING
2013-08-20,10,EQR,UDR,28.2575,14.5085,0.9705,0.581,1,-0.358,-0.0833,-0.4413,HOLDING
2013-08-21,10,EQR,UDR,28.2355,14.4957,0.9705,0.6608,1,-0.355,-0.0833,-0.4384,HOLDING
2013-08-22,10,EQR,UDR,28.5494,14.5149,0.9705,1.6644,1,0.0157,-0.0833,-0.0676,HOLDING
2013-08-23,10,EQR,UDR,28.9128,14.6679,0.9705,1.7791,1,0.1126,-0.0833,0.0292,HOLDING
2013-08-26,10,EQR,UDR,29.133,14.7507,0.9705,1.8957,1,0.1963,-0.0833,0.1129,HOLDING
2013-08-27,10,EQR,UDR,29.1385,14.6105,0.9705,2.3483,1,0.56,-0.0833,0.4767,HOLDING
2013-08-28,10,EQR,UDR,28.687,14.4766,0.9705,1.5774,1,0.2969,-0.0833,0.2135,HOLDING
2013-08-29,10,EQR,UDR,28.687,14.5659,0.9705,1.0096,1,0.0701,-0.0833,-0.0133,HOLDING
2013-08-30,10,EQR,UDR,28.5714,14.4001,0.9705,1.3936,1,0.3367,-0.0833,0.2534,HOLDING
2013-09-03,10,EQR,UDR,28.2245,14.177,0.9705,1.4369,1,0.4402,-0.0833,0.3569,HOLDING
2013-09-04,10,EQR,UDR,28.6319,14.432,0.9705,1.1017,1,0.3367,-0.0833,0.2534,HOLDING
2013-09-05,10,EQR,UDR,28.4888,14.2663,0.9705,1.402,1,0.5666,-0.0833,0.4832,HOLDING
2013-09-06,10,EQR,UDR,29.2046,14.585,0.9705,1.4568,1,0.7131,-0.0833,0.6298,HOLDING
2013-09-09,10,EQR,UDR,29.8378,14.9866,0.9705,1.0278,1,0.5387,-0.0833,0.4553,HOLDING
2013-09-10,10,EQR,UDR,29.9534,15.1013,0.9705,0.7092,1,0.4016,-0.0833,0.3183,HOLDING
2013-09-11,10,EQR,UDR,30.2342,15.2479,0.9705,0.635,1,0.4042,-0.0833,0.3209,HOLDING
2013-09-12,10,EQR,UDR,30.1296,15.2161,0.9705,0.4313,1,0.3454,-0.0833,0.2621,HOLDING
2013-09-13,10,EQR,UDR,30.058,15.2734,0.9705,-0.3029,1,0.104,-0.0833,0.0206,HOLDING
2013-09-16,10,EQR,UDR,30.1792,15.3436,0.9705,-0.4539,1,0.0877,-0.0833,0.0043,HOLDING
2013-09-17,10,EQR,UDR,30.036,15.2734,0.9705,-0.6104,1,0.0746,-0.0833,-0.0088,HOLDING
2013-09-18,10,EQR,UDR,31.1042,15.8408,0.9705,-0.8421,1,0.0602,-0.0833,-0.0231,HOLDING
2013-09-19,10,EQR,UDR,31.2262,15.7707,0.9705,0.3361,1,0.4014,-0.0833,0.3181,HOLDING
2013-09-20,10,EQR,UDR,31.1098,15.4902,0.9705,2.366,1,0.9586,-0.0833,0.8752,HOLDING
2013-09-23,10,EQR,UDR,30.5996,15.2862,0.9705,1.5528,1,0.7952,-0.0833,0.7119,HOLDING
2013-09-24,10,EQR,UDR,30.106,15.0695,0.9705,1.0597,1,0.6865,-0.0833,0.6032,HOLDING
2013-09-25,10,EQR,UDR,30.2558,15.1459,0.9705,1.0271,1,0.6922,-0.0833,0.6089,HOLDING
2013-09-26,10,EQR,UDR,30.3168,15.2926,0.9705,-0.1083,1,0.4011,-0.0833,0.3178,HOLDING
2013-09-27,10,EQR,UDR,30.2502,15.2926,0.9705,-0.512,1,0.3122,-0.0833,0.2289,HOLDING
2013-09-30,10,EQR,UDR,29.7068,15.1077,0.9705,-1.3881,1,0.0558,-0.0833,-0.0275,HOLDING
2013-10-01,10,EQR,UDR,30.1171,15.3053,0.9705,-1.1099,1,0.102,-0.0833,0.0186,HOLDING
2013-10-02,10,EQR,UDR,29.9896,15.3436,0.9705,-1.8048,1,-0.1657,-0.0833,-0.249,HOLDING
2013-10-03,10,EQR,UDR,29.313,15.0312,0.9705,-1.8615,1,-0.2759,-0.0833,-0.3592,HOLDING
2013-10-04,10,EQR,UDR,29.1855,15.0567,0.9705,-2.1604,1,-0.5112,-0.0833,-0.5945,HOLDING
2013-10-07,10,EQR,UDR,29.3907,15.1651,0.9705,-1.8407,1,-0.5124,-0.0833,-0.5957,HOLDING
2013-10-08,10,EQR,UDR,28.936,15.0202,0.9705,-2.0476,1,-0.7518,-0.0833,-0.8352,HOLDING
2013-10-09,10,EQR,UDR,28.9581,14.988,0.9705,-1.5727,1,-0.6404,-0.0833,-0.7238,HOLDING
2013-10-10,10,EQR,UDR,29.6901,15.3421,0.9705,-1.2407,1,-0.5621,-0.0833,-0.6455,HOLDING
2013-10-11,10,EQR,UDR,29.7899,15.4838,0.9705,-1.4937,1,-0.7887,-0.0833,-0.872,HOLDING
2013-10-14,10,EQR,UDR,29.74,15.4773,0.9705,-1.4172,1,-0.839,-0.0833,-0.9224,HOLDING
2013-10-15,10,EQR,UDR,29.7345,15.4323,0.9705,-1.1204,1,-0.7319,-0.0833,-0.8152,HOLDING
2013-10-16,10,EQR,UDR,30.3722,15.7542,0.9705,-0.9535,1,-0.6978,-0.0833,-0.7811,HOLDING
2013-10-17,10,EQR,UDR,30.8325,16.0632,0.9705,-1.0884,1,-0.8681,-0.0833,-0.9514,HOLDING
2013-10-18,10,EQR,UDR,30.6162,16.1018,0.9705,-1.5648,1,-1.2552,-0.0833,-1.3386,HOLDING
2013-10-21,10,EQR,UDR,30.5275,16.0632,0.9705,-1.4799,1,-1.2756,-0.0833,-1.359,HOLDING
2013-10-22,10,EQR,UDR,30.7604,16.2628,0.9705,-1.6397,1,-1.4716,-0.0833,-1.5549,HOLDING
2013-10-23,10,EQR,UDR,30.8048,16.2113,0.9705,-1.2589,1,-1.2814,-0.0833,-1.3648,HOLDING
2013-10-24,10,EQR,UDR,29.8454,15.8057,0.9705,-1.6642,1,-1.5326,-0.0833,-1.616,HOLDING
2013-10-25,10,EQR,UDR,30.4499,16.1533,0.9705,-1.6271,1,-1.6084,-0.0833,-1.6917,HOLDING
2013-10-28,10,EQR,UDR,30.1504,16.134,0.9705,-2.0518,1,-1.9595,-0.0833,-2.0428,HOLDING
2013-10-29,10,EQR,UDR,29.862,16.1726,0.9705,-2.4934,1,-2.443,-0.0833,-2.5263,HOLDING
2013-10-30,10,EQR,UDR,29.4739,16.0632,0.9705,-2.406,1,-2.6835,-0.0833,-2.7668,HOLDING
2013-10-31,10,EQR,UDR,29.0358,15.9731,0.9705,-2.4138,1,-3.0398,-0.0833,-3.1232,HOLDING
2013-11-01,10,EQR,UDR,29.3352,15.9538,0.9705,-1.5768,1,-2.5906,-0.0833,-2.674,HOLDING
2013-11-04,10,EQR,UDR,29.5959,15.9344,0.9705,-0.9551,1,0.0,-2.3566,-2.3566,PERIOD_END_EXIT
2013-05-08,11,NEE,PNW,14.2927,37.1783,0.9918,0.0,0,0.0,0.0,0.0,HOLD_CASH
2013-05-09,11,NEE,PNW,14.0984,36.3711,0.9918,0.0,0,0.0,0.0,0.0,HOLD_CASH
2013-05-10,11,NEE,PNW,14.1267,36.2794,0.9918,0.0,0,0.0,0.0,0.0,HOLD_CASH
2013-05-13,11,NEE,PNW,14.0596,36.0837,0.9918,0.0,0,0.0,0.0,0.0,HOLD_CASH
2013-05-14,11,NEE,PNW,14.1602,36.31,0.9918,0.0,0,0.0,0.0,0.0,HOLD_CASH
2013-05-15,11,NEE,PNW,14.3315,36.8236,0.9918,0.0,0,0.0,0.0,0.0,HOLD_CASH
2013-05-16,11,NEE,PNW,14.2026,36.7258,0.9918,0.0,0,0.0,0.0,0.0,HOLD_CASH
2013-05-17,11,NEE,PNW,14.3209,37.0376,0.9918,0.0,0,0.0,0.0,0.0,HOLD_CASH
2013-05-20,11,NEE,PNW,14.1691,36.7992,0.9918,0.0,0,0.0,0.0,0.0,HOLD_CASH
2013-05-21,11,NEE,PNW,14.2132,36.7441,0.9918,0.0,0,0.0,0.0,0.0,HOLD_CASH
2013-05-22,11,NEE,PNW,13.9784,36.1693,0.9918,0.0,0,0.0,0.0,0.0,HOLD_CASH
2013-05-23,11,NEE,PNW,13.8124,35.7596,0.9918,0.0,0,0.0,0.0,0.0,HOLD_CASH
2013-05-24,11,NEE,PNW,13.6499,35.2643,0.9918,0.0,0,0.0,0.0,0.0,HOLD_CASH
2013-05-28,11,NEE,PNW,13.6005,35.1054,0.9918,0.0,0,0.0,0.0,0.0,HOLD_CASH
2013-05-29,11,NEE,PNW,13.3709,34.2187,0.9918,0.0,0,0.0,0.0,0.0,HOLD_CASH
2013-05-30,11,NEE,PNW,13.4867,34.7935,0.9918,0.0,0,0.0,0.0,0.0,HOLD_CASH
2013-05-31,11,NEE,PNW,13.4707,34.5367,0.9918,0.0,0,0.0,0.0,0.0,HOLD_CASH
2013-06-03,11,NEE,PNW,13.5882,34.5672,0.9918,0.0,0,0.0,0.0,0.0,HOLD_CASH
2013-06-04,11,NEE,PNW,13.6256,34.1698,0.9918,0.0,0,0.0,0.0,0.0,HOLD_CASH
2013-06-05,11,NEE,PNW,13.5366,33.9802,0.9918,2.4108,-1,0.0,-0.0833,-0.0833,ENTER_SHORT_A
2013-06-06,11,NEE,PNW,13.786,34.4755,0.9918,2.2944,-1,-0.1659,-0.0833,-0.2493,HOLDING
2013-06-07,11,NEE,PNW,14.0371,34.6528,0.9918,2.6053,-1,-0.7257,-0.0833,-0.8091,HOLDING
2013-06-10,11,NEE,PNW,14.0158,34.6895,0.9918,2.0159,-1,-0.6148,-0.0833,-0.6982,HOLDING
2013-06-11,11,NEE,PNW,14.0496,34.6467,0.9918,1.9013,-1,-0.7717,-0.0833,-0.8551,HOLDING
2013-06-12,11,NEE,PNW,13.8501,34.3532,0.9918,1.3944,-1,-0.5135,-0.0833,-0.5968,HOLDING
2013-06-13,11,NEE,PNW,14.0959,35.0503,0.9918,1.1444,-1,-0.422,-0.0833,-0.5054,HOLDING
2013-06-14,11,NEE,PNW,14.2028,35.191,0.9918,1.1983,-1,-0.5806,-0.0833,-0.664,HOLDING
2013-06-17,11,NEE,PNW,14.3685,35.0992,0.9918,1.6832,-1,-1.2047,-0.0833,-1.288,HOLDING
2013-06-18,11,NEE,PNW,14.5341,34.3655,0.9918,2.5455,-1,-2.6128,-0.0833,-2.6961,HOLDING
2013-06-19,11,NEE,PNW,14.2847,33.222,0.9918,2.5017,-1,-3.2383,-0.0833,-3.3216,HOLDING
2013-06-20,11,NEE,PNW,13.7753,31.9501,0.9918,2.1452,-1,-3.2169,-0.0833,-3.3002,HOLDING
2013-06-21,11,NEE,PNW,13.9534,32.2619,0.9918,1.9232,-1,-3.3866,-0.0833,-3.47,HOLDING
2013-06-24,11,NEE,PNW,13.9623,32.0907,0.9918,1.8151,-1,-3.6232,-0.0833,-3.7065,HOLDING
2013-06-25,11,NEE,PNW,14.0728,32.6594,0.9918,1.403,-1,-3.2701,-0.0833,-3.3535,HOLDING
2013-06-26,11,NEE,PNW,14.2224,33.4176,0.9918,0.981,-1,-2.8067,-0.0833,-2.89,HOLDING
2013-06-27,11,NEE,PNW,14.3257,33.7112,0.9918,0.859,-1,-2.7676,-0.0833,-2.8509,HOLDING
2013-06-28,11,NEE,PNW,14.5145,33.9191,0.9918,0.9656,-1,-3.0973,-0.0833,-3.1806,HOLDING
2013-07-01,11,NEE,PNW,14.2919,33.6011,0.9918,0.7092,-1,-2.7974,-0.0833,-2.8807,HOLDING
2013-07-02,11,NEE,PNW,14.3115,33.6745,0.9918,0.6089,-1,-2.7684,-0.0833,-2.8517,HOLDING
2013-07-03,11,NEE,PNW,14.2723,33.5033,0.9918,0.6065,-1,-2.8563,-0.0833,-2.9396,HOLDING
2013-07-05,11,NEE,PNW,14.2384,33.5338,0.9918,0.4218,-1,-2.7144,-0.0833,-2.7977,HOLDING
2013-07-08,11,NEE,PNW,14.3685,34.3226,0.9918,-0.1412,-1,-2.153,-0.0833,-2.2363,HOLDING
2013-07-09,11,NEE,PNW,14.4914,34.7201,0.9918,-0.3292,-1,-2.0475,-0.0833,-2.1309,HOLDING
2013-07-10,11,NEE,PNW,14.5413,34.9097,0.9918,-0.4874,-1,-1.9702,-0.0833,-2.0536,HOLDING
2013-07-11,11,NEE,PNW,14.8263,35.4478,0.9918,-0.4286,-1,-2.194,-0.0833,-2.2774,HOLDING
2013-07-12,11,NEE,PNW,14.9652,35.3744,0.9918,-0.021,-1,-2.7131,-0.0833,-2.7964,HOLDING
2013-07-15,11,NEE,PNW,15.2199,36.1082,0.9918,-0.4173,-1,-2.6043,-0.0833,-2.6877,HOLDING
2013-07-16,11,NEE,PNW,15.1345,35.8208,0.9918,-0.4487,-1,-2.691,-0.0833,-2.7744,HOLDING
2013-07-17,11,NEE,PNW,15.1077,36.0531,0.9918,-1.0675,-1,-2.3247,-0.0833,-2.408,HOLDING
2013-07-18,11,NEE,PNW,15.2182,36.579,0.9918,-1.4609,-1,-2.0239,-0.0833,-2.1072,HOLDING
2013-07-19,11,NEE,PNW,15.1345,36.6707,0.9918,-1.8199,-1,-1.6531,-0.0833,-1.7364,HOLDING
2013-07-22,11,NEE,PNW,15.1202,36.6707,0.9918,-1.6968,-1,-1.6091,-0.0833,-1.6924,HOLDING
2013-07-23,11,NEE,PNW,15.106,36.6707,0.9918,-1.6795,-1,-1.565,-0.0833,-1.6483,HOLDING
2013-07-24,11,NEE,PNW,14.9207,35.9553,0.9918,-1.034,-1,-1.866,-0.0833,-1.9494,HOLDING
2013-07-25,11,NEE,PNW,14.9777,36.3833,0.9918,-1.5097,-1,-1.5195,-0.0833,-1.6029,HOLDING
2013-07-26,11,NEE,PNW,14.9545,36.4873,0.9918,-1.637,-1,-1.321,-0.0833,-1.4044,HOLDING
2013-07-29,11,NEE,PNW,15.1042,36.4506,0.9918,-0.7137,-1,-1.8283,-0.0833,-1.9116,HOLDING
2013-07-30,11,NEE,PNW,15.4052,36.5709,0.9918,0.7178,-1,-2.6118,-0.0833,-2.6952,HOLDING
2013-07-31,11,NEE,PNW,15.4284,36.3488,0.9918,1.3786,-1,-2.9547,-0.0833,-3.038,HOLDING
2013-08-01,11,NEE,PNW,15.7276,36.4105,0.9918,2.4905,-1,-3.8043,-0.0833,-3.8876,HOLDING
2013-08-02,11,NEE,PNW,15.6653,36.4413,0.9918,1.9195,-1,-3.5739,-0.0833,-3.6573,HOLDING
2013-08-05,11,NEE,PNW,15.5121,36.0155,0.9918,1.7699,-1,-3.6204,-0.0833,-3.7037,HOLDING
2013-08-06,11,NEE,PNW,15.4658,35.528,0.9918,2.0321,-1,-4.0726,-0.0833,-4.1559,HOLDING
2013-08-07,11,NEE,PNW,15.4551,35.5527,0.9918,1.6918,-1,-4.0094,-0.0833,-4.0928,HOLDING
2013-08-08,11,NEE,PNW,15.4319,35.7934,0.9918,1.1455,-1,-3.6439,-0.0833,-3.7273,HOLDING
2013-08-09,11,NEE,PNW,15.366,35.6329,0.9918,1.0713,-1,-3.6362,-0.0833,-3.7195,HOLDING
2013-08-12,11,NEE,PNW,15.2467,35.3676,0.9918,0.9719,-1,-3.5913,-0.0833,-3.6747,HOLDING
2013-08-13,11,NEE,PNW,15.1594,35.2503,0.9918,0.7997,-1,-3.4647,-0.0833,-3.5481,HOLDING
2013-08-14,11,NEE,PNW,15.0383,34.9602,0.9918,0.7392,-1,-3.4446,-0.0833,-3.5279,HOLDING
2013-08-15,11,NEE,PNW,14.7853,34.3493,0.9918,0.6887,-1,-3.4088,-0.0833,-3.4921,HOLDING
2013-08-16,11,NEE,PNW,14.6339,34.016,0.9918,0.585,-1,-3.3478,-0.0833,-3.4311,HOLDING
2013-08-19,11,NEE,PNW,14.5252,33.6581,0.9918,0.653,-1,-3.449,-0.0833,-3.5324,HOLDING
2013-08-20,11,NEE,PNW,14.641,34.0099,0.9918,0.4584,-1,-3.3773,-0.0833,-3.4607,HOLDING
2013-08-21,11,NEE,PNW,14.3898,33.4113,0.9918,0.4004,-1,-3.332,-0.0833,-3.4154,HOLDING
2013-08-22,11,NEE,PNW,14.4237,33.547,0.9918,0.2098,-1,-3.2708,-0.0833,-3.3542,HOLDING
2013-08-23,11,NEE,PNW,14.5021,33.8,0.9918,-0.1059,-1,-3.2041,-0.0833,-3.2875,HOLDING
2013-08-26,11,NEE,PNW,14.3507,33.6149,0.9918,-1.0695,-1,-2.9622,-0.0833,-3.0456,HOLDING
2013-08-27,11,NEE,PNW,14.4451,33.5655,0.9918,-0.1263,-1,-3.3143,-0.0833,-3.3976,HOLDING
2013-08-28,11,NEE,PNW,14.5618,33.726,0.9918,0.4311,-1,-3.4792,-0.0833,-3.5625,HOLDING
2013-08-29,11,NEE,PNW,14.4684,33.5409,0.9918,0.2273,-1,-3.4166,-0.0833,-3.4999,HOLDING
2013-08-30,11,NEE,PNW,14.4325,33.4915,0.9918,-0.0389,-1,-3.3659,-0.0833,-3.4492,HOLDING
2013-09-03,11,NEE,PNW,14.3265,32.7818,0.9918,2.52,-1,-3.905,-0.0833,-3.9884,HOLDING
2013-09-04,11,NEE,PNW,14.3858,32.5967,0.9918,3.1746,-1,-4.3143,-0.0833,-4.3976,HOLDING
2013-09-05,11,NEE,PNW,14.3607,32.2572,0.9918,3.0565,-1,-4.651,-0.0833,-4.7344,HOLDING
2013-09-06,11,NEE,PNW,14.3696,32.393,0.9918,2.1864,-1,-4.513,-0.0833,-4.5964,HOLDING
2013-09-09,11,NEE,PNW,14.4091,32.5349,0.9918,1.7602,-1,-4.4618,-0.0833,-4.5452,HOLDING
2013-09-10,11,NEE,PNW,14.4774,32.6584,0.9918,1.6061,-1,-4.522,-0.0833,-4.6054,HOLDING
2013-09-11,11,NEE,PNW,14.2978,32.2881,0.9918,1.3521,-1,-4.4191,-0.0833,-4.5024,HOLDING
2013-09-12,11,NEE,PNW,14.2367,32.9854,0.9918,-0.4943,-1,-3.3788,-0.0833,-3.4621,HOLDING
2013-09-13,11,NEE,PNW,14.2278,33.2323,0.9918,-1.0361,-1,-3.0496,-0.0833,-3.1329,HOLDING
2013-09-16,11,NEE,PNW,14.2188,33.1706,0.9918,-0.9257,-1,-3.0972,-0.0833,-3.1805,HOLDING
2013-09-17,11,NEE,PNW,14.1882,33.3125,0.9918,-1.274,-1,-2.8295,-0.0833,-2.9128,HOLDING
2013-09-18,11,NEE,PNW,14.8258,34.3925,0.9918,-0.4495,-1,-3.4813,-0.0833,-3.5646,HOLDING
2013-09-19,11,NEE,PNW,14.8528,34.4419,0.9918,-0.4293,-1,-3.5042,-0.0833,-3.5876,HOLDING
2013-09-20,11,NEE,PNW,14.4918,34.0531,0.9918,-1.2561,-1,-2.8633,-0.0833,-2.9466,HOLDING
2013-09-23,11,NEE,PNW,14.5869,34.4295,0.9918,-1.4338,-1,-2.6978,-0.0833,-2.7811,HOLDING
2013-09-24,11,NEE,PNW,14.5869,34.3369,0.9918,-1.2306,-1,-2.8108,-0.0833,-2.8941,HOLDING
2013-09-25,11,NEE,PNW,14.4271,34.0469,0.9918,-1.2875,-1,-2.671,-0.0833,-2.7543,HOLDING
2013-09-26,11,NEE,PNW,14.4469,33.979,0.9918,-1.0156,-1,-2.8149,-0.0833,-2.8982,HOLDING
2013-09-27,11,NEE,PNW,14.3804,33.8988,0.9918,-1.0639,-1,-2.7075,-0.0833,-2.7909,HOLDING
2013-09-30,11,NEE,PNW,14.3966,33.7815,0.9918,-0.7679,-1,-2.9007,-0.0833,-2.984,HOLDING
2013-10-01,11,NEE,PNW,14.3804,33.9852,0.9918,-1.0453,-1,-2.602,-0.0833,-2.6853,HOLDING
2013-10-02,11,NEE,PNW,14.4415,33.979,0.9918,-0.7275,-1,-2.7983,-0.0833,-2.8816,HOLDING
2013-10-03,11,NEE,PNW,14.2691,33.6211,0.9918,-0.739,-1,-2.7025,-0.0833,-2.7858,HOLDING
2013-10-04,11,NEE,PNW,14.305,33.5841,0.9918,-0.4474,-1,-2.8587,-0.0833,-2.9421,HOLDING
2013-10-07,11,NEE,PNW,14.2511,33.6087,0.9918,-0.686,-1,-2.6621,-0.0833,-2.7454,HOLDING
2013-10-08,11,NEE,PNW,14.3122,33.8309,0.9918,-0.8534,-1,-2.5795,-0.0833,-2.6628,HOLDING
2013-10-09,11,NEE,PNW,14.3678,33.8679,0.9918,-0.6493,-1,-2.7063,-0.0833,-2.7897,HOLDING
2013-10-10,11,NEE,PNW,14.6193,34.4172,0.9918,-0.3471,-1,-2.8128,-0.0833,-2.8961,HOLDING
2013-10-11,11,NEE,PNW,14.6821,34.5776,0.9918,-0.3428,-1,-2.8111,-0.0833,-2.8944,HOLDING
2013-10-14,11,NEE,PNW,14.5582,34.2752,0.9918,-0.2286,-1,-2.7974,-0.0833,-2.8807,HOLDING
2013-10-15,11,NEE,PNW,14.4056,33.8062,0.9918,0.3713,-1,-2.8983,-0.0833,-2.9816,HOLDING
2013-10-16,11,NEE,PNW,14.639,34.3308,0.9918,0.7939,-1,-2.9793,-0.0833,-3.0627,HOLDING
2013-10-17,11,NEE,PNW,14.9066,34.9726,0.9918,1.4759,-1,-3.0227,-0.0833,-3.106,HOLDING
2013-10-18,11,NEE,PNW,15.0036,35.133,0.9918,1.9762,-1,-3.1265,-0.0833,-3.2098,HOLDING
2013-10-21,11,NEE,PNW,15.0485,35.059,0.9918,2.7983,-1,-3.3557,-0.0833,-3.439,HOLDING
2013-10-22,11,NEE,PNW,15.2676,35.5157,0.9918,2.5003,-1,-3.4752,-0.0833,-3.5586,HOLDING
2013-10-23,11,NEE,PNW,15.282,35.5342,0.9918,2.1426,-1,-3.497,-0.0833,-3.5803,HOLDING
2013-10-24,11,NEE,PNW,15.2964,35.6638,0.9918,1.4181,-1,-3.3832,-0.0833,-3.4665,HOLDING
2013-10-25,11,NEE,PNW,15.4364,36.0587,0.9918,0.9664,-1,-3.3338,-0.0833,-3.4172,HOLDING
2013-10-28,11,NEE,PNW,15.2946,35.9908,0.9918,-0.4236,-1,-2.9782,-0.0833,-3.0615,HOLDING
2013-10-29,11,NEE,PNW,15.4418,35.9415,0.9918,1.496,-1,-3.4937,-0.0833,-3.577,HOLDING
2013-10-30,11,NEE,PNW,15.37,35.5712,0.9918,2.1027,-1,-3.7238,-0.0833,-3.8071,HOLDING
2013-10-31,11,NEE,PNW,15.2209,34.9218,0.9918,2.643,-1,-4.0562,-0.0833,-4.1395,HOLDING
2013-11-01,11,NEE,PNW,15.8298,35.0527,0.9918,3.6336,-1,-5.7781,-0.0833,-5.8614,HOLDING
2013-11-04,11,NEE,PNW,15.8208,35.1025,0.9918,2.6243,-1,0.0,-5.8645,-5.8645,PERIOD_END_EXIT
2013-05-08,12,ES,PNW,28.4439,37.1783,0.9991,0.0,0,0.0,0.0,0.0,HOLD_CASH
2013-05-09,12,ES,PNW,27.8306,36.3711,0.9991,0.0,0,0.0,0.0,0.0,HOLD_CASH
2013-05-10,12,ES,PNW,27.9711,36.2794,0.9991,0.0,0,0.0,0.0,0.0,HOLD_CASH
2013-05-13,12,ES,PNW,27.7986,36.0837,0.9991,0.0,0,0.0,0.0,0.0,HOLD_CASH
2013-05-14,12,ES,PNW,28.0733,36.31,0.9991,0.0,0,0.0,0.0,0.0,HOLD_CASH
2013-05-15,12,ES,PNW,28.4375,36.8236,0.9991,0.0,0,0.0,0.0,0.0,HOLD_CASH
2013-05-16,12,ES,PNW,28.182,36.7258,0.9991,0.0,0,0.0,0.0,0.0,HOLD_CASH
2013-05-17,12,ES,PNW,28.412,37.0376,0.9991,0.0,0,0.0,0.0,0.0,HOLD_CASH
2013-05-20,12,ES,PNW,28.3864,36.7992,0.9991,0.0,0,0.0,0.0,0.0,HOLD_CASH
2013-05-21,12,ES,PNW,28.4886,36.7441,0.9991,0.0,0,0.0,0.0,0.0,HOLD_CASH
2013-05-22,12,ES,PNW,28.0733,36.1693,0.9991,0.0,0,0.0,0.0,0.0,HOLD_CASH
2013-05-23,12,ES,PNW,27.8114,35.7596,0.9991,0.0,0,0.0,0.0,0.0,HOLD_CASH
2013-05-24,12,ES,PNW,27.3706,35.2643,0.9991,0.0,0,0.0,0.0,0.0,HOLD_CASH
2013-05-28,12,ES,PNW,27.1661,35.1054,0.9991,0.0,0,0.0,0.0,0.0,HOLD_CASH
2013-05-29,12,ES,PNW,26.8935,34.2187,0.9991,0.0,0,0.0,0.0,0.0,HOLD_CASH
2013-05-30,12,ES,PNW,27.0933,34.7935,0.9991,0.0,0,0.0,0.0,0.0,HOLD_CASH
2013-05-31,12,ES,PNW,26.8548,34.5367,0.9991,0.0,0,0.0,0.0,0.0,HOLD_CASH
2013-06-03,12,ES,PNW,26.9708,34.5672,0.9991,0.0,0,0.0,0.0,0.0,HOLD_CASH
2013-06-04,12,ES,PNW,26.771,34.1698,0.9991,0.0,0,0.0,0.0,0.0,HOLD_CASH
2013-06-05,12,ES,PNW,26.5455,33.9802,0.9991,1.1404,0,0.0,0.0,0.0,HOLD_CASH
2013-06-06,12,ES,PNW,26.8613,34.4755,0.9991,0.7168,0,0.0,0.0,0.0,HOLD_CASH
2013-06-07,12,ES,PNW,27.3124,34.6528,0.9991,2.0573,-1,0.0,-0.0833,-0.0833,ENTER_SHORT_A
2013-06-10,12,ES,PNW,27.1126,34.6895,0.9991,0.8295,-1,0.349,-0.0833,0.2657,HOLDING
2013-06-11,12,ES,PNW,26.7582,34.6467,0.9991,-0.828,-1,0.8386,-0.0833,0.7552,HOLDING
2013-06-12,12,ES,PNW,26.5068,34.3532,0.9991,-0.9324,-1,0.8694,-0.0833,0.7861,HOLDING
2013-06-13,12,ES,PNW,27.0224,35.0503,0.9991,-1.0195,-1,0.9203,-0.0833,0.837,HOLDING
2013-06-14,12,ES,PNW,27.1513,35.191,0.9991,-1.005,-1,0.8926,-0.0833,0.8093,HOLDING
2013-06-17,12,ES,PNW,27.1577,35.0992,0.9991,-0.7196,-1,0.7726,-0.0833,0.6892,HOLDING
2013-06-18,12,ES,PNW,27.4284,34.3655,0.9991,2.917,-1,-0.5225,-0.0833,-0.6058,HOLDING
2013-06-19,12,ES,PNW,26.6099,33.222,0.9991,2.5367,-1,-0.6476,-0.0833,-0.7309,HOLDING
2013-06-20,12,ES,PNW,25.5272,31.9501,0.9991,1.9324,-1,-0.5238,-0.0833,-0.6071,HOLDING
2013-06-21,12,ES,PNW,26.017,32.2619,0.9991,2.2064,-1,-0.8965,-0.0833,-0.9798,HOLDING
2013-06-24,12,ES,PNW,25.8688,32.0907,0.9991,1.8527,-1,-0.876,-0.0833,-0.9594,HOLDING
2013-06-25,12,ES,PNW,26.1266,32.6594,0.9991,1.2083,-1,-0.586,-0.0833,-0.6693,HOLDING
2013-06-26,12,ES,PNW,26.5906,33.4176,0.9991,0.8061,-1,-0.3829,-0.0833,-0.4662,HOLDING
2013-06-27,12,ES,PNW,26.8999,33.7112,0.9991,0.8968,-1,-0.5023,-0.0833,-0.5856,HOLDING
2013-06-28,12,ES,PNW,27.0804,33.9191,0.9991,0.8437,-1,-0.5278,-0.0833,-0.6111,HOLDING
2013-07-01,12,ES,PNW,26.5842,33.6011,0.9991,0.2312,-1,-0.1526,-0.0833,-0.2359,HOLDING
2013-07-02,12,ES,PNW,26.5068,33.6745,0.9991,-0.1068,-1,0.0536,-0.0833,-0.0297,HOLDING
2013-07-03,12,ES,PNW,26.6679,33.5033,0.9991,0.5439,-1,-0.398,-0.0833,-0.4814,HOLDING
2013-07-05,12,ES,PNW,26.5068,33.5338,0.9991,0.055,-1,-0.1154,-0.0833,-0.1987,HOLDING
2013-07-08,12,ES,PNW,26.9128,34.3226,0.9991,-0.4471,-1,0.213,-0.0833,0.1296,HOLDING
2013-07-09,12,ES,PNW,27.1899,34.7201,0.9991,-0.537,-1,0.2677,-0.0833,0.1844,HOLDING
2013-07-10,12,ES,PNW,27.2802,34.9097,0.9991,-0.746,-1,0.3578,-0.0833,0.2745,HOLDING
2013-07-11,12,ES,PNW,27.8022,35.4478,0.9991,-0.591,-1,0.2078,-0.0833,0.1245,HOLDING
2013-07-12,12,ES,PNW,27.8924,35.3744,0.9991,-0.3176,-1,-0.0181,-0.0833,-0.1014,HOLDING
2013-07-15,12,ES,PNW,28.4209,36.1082,0.9991,-0.609,-1,0.0573,-0.0833,-0.026,HOLDING
2013-07-16,12,ES,PNW,28.2855,35.8208,0.9991,-0.4734,-1,-0.0816,-0.0833,-0.1649,HOLDING
2013-07-17,12,ES,PNW,28.3113,36.0531,0.9991,-0.9571,-1,0.1583,-0.0833,0.075,HOLDING
2013-07-18,12,ES,PNW,28.756,36.579,0.9991,-0.7583,-1,0.1117,-0.0833,0.0284,HOLDING
2013-07-19,12,ES,PNW,28.8913,36.6707,0.9991,-0.4628,-1,0.0154,-0.0833,-0.068,HOLDING
2013-07-22,12,ES,PNW,28.7947,36.6707,0.9991,-0.7614,-1,0.1629,-0.0833,0.0796,HOLDING
2013-07-23,12,ES,PNW,28.9493,36.6707,0.9991,0.0088,-1,-0.0731,-0.0833,-0.1565,HOLDING
2013-07-24,12,ES,PNW,28.466,35.9553,0.9991,0.5518,-1,-0.1953,-0.0833,-0.2786,HOLDING
2013-07-25,12,ES,PNW,28.5949,36.3833,0.9991,-0.5511,-1,0.1224,-0.0833,0.0391,HOLDING
2013-07-26,12,ES,PNW,28.5047,36.4873,0.9991,-1.4734,-1,0.3851,-0.0833,0.3017,HOLDING
2013-07-29,12,ES,PNW,28.3822,36.4506,0.9991,-1.9777,-1,0.5279,-0.0833,0.4445,HOLDING
2013-07-30,12,ES,PNW,28.7238,36.5709,0.9991,-0.2473,-1,0.1512,-0.0833,0.0678,HOLDING
2013-07-31,12,ES,PNW,28.6207,36.3488,0.9991,0.2439,-1,0.0415,-0.0833,-0.0418,HOLDING
2013-08-01,12,ES,PNW,29.0331,36.4105,0.9991,2.6048,-1,-0.5138,-0.0833,-0.5971,HOLDING
2013-08-02,12,ES,PNW,28.8011,36.4413,0.9991,0.9257,-1,-0.1226,-0.0833,-0.206,HOLDING
2013-08-05,12,ES,PNW,28.524,36.0155,0.9991,1.1864,-1,-0.2114,-0.0833,-0.2948,HOLDING
2013-08-06,12,ES,PNW,28.1373,35.528,0.9991,1.0661,-1,-0.2072,-0.0833,-0.2905,HOLDING
2013-08-07,12,ES,PNW,28.4595,35.5527,0.9991,2.4231,-1,-0.6694,-0.0833,-0.7527,HOLDING
2013-08-08,12,ES,PNW,28.4918,35.7934,0.9991,1.3694,-1,-0.4293,-0.0833,-0.5126,HOLDING
2013-08-09,12,ES,PNW,28.2082,35.6329,0.9991,0.4968,-1,-0.1893,-0.0833,-0.2726,HOLDING
2013-08-12,12,ES,PNW,28.0278,35.3676,0.9991,0.6006,-1,-0.2328,-0.0833,-0.3162,HOLDING
2013-08-13,12,ES,PNW,27.7506,35.2503,0.9991,-0.3691,-1,0.0492,-0.0833,-0.0342,HOLDING
2013-08-14,12,ES,PNW,27.4606,34.9602,0.9991,-0.7087,-1,0.1432,-0.0833,0.0599,HOLDING
2013-08-15,12,ES,PNW,26.9837,34.3493,0.9991,-0.6861,-1,0.1368,-0.0833,0.0535,HOLDING
2013-08-16,12,ES,PNW,26.6164,34.016,0.9991,-1.1801,-1,0.2969,-0.0833,0.2136,HOLDING
2013-08-19,12,ES,PNW,26.5648,33.6581,0.9991,0.0234,-1,-0.0545,-0.0833,-0.1379,HOLDING
2013-08-20,12,ES,PNW,26.7904,34.0099,0.9991,-0.2409,-1,0.024,-0.0833,-0.0594,HOLDING
2013-08-21,12,ES,PNW,26.4295,33.4113,0.9991,0.3738,-1,-0.1447,-0.0833,-0.228,HOLDING
2013-08-22,12,ES,PNW,26.5777,33.547,0.9991,0.5407,-1,-0.2077,-0.0833,-0.2911,HOLDING
2013-08-23,12,ES,PNW,26.8806,33.8,0.9991,1.0051,-1,-0.3659,-0.0833,-0.4493,HOLDING
2013-08-26,12,ES,PNW,26.6357,33.6149,0.9991,0.3707,-1,-0.2147,-0.0833,-0.298,HOLDING
2013-08-27,12,ES,PNW,26.6099,33.5655,0.9991,0.3907,-1,-0.2347,-0.0833,-0.318,HOLDING
2013-08-28,12,ES,PNW,26.5262,33.726,0.9991,-1.0268,-1,0.086,-0.0833,0.0027,HOLDING
2013-08-29,12,ES,PNW,26.4037,33.5409,0.9991,-0.7881,-1,0.0504,-0.0833,-0.0329,HOLDING
2013-08-30,12,ES,PNW,26.4037,33.4915,0.9991,-0.484,-1,-0.0089,-0.0833,-0.0923,HOLDING
2013-09-03,12,ES,PNW,25.9977,32.7818,0.9991,0.6035,-1,-0.2422,-0.0833,-0.3255,HOLDING
2013-09-04,12,ES,PNW,26.1073,32.5967,0.9991,2.0498,-1,-0.6319,-0.0833,-0.7152,HOLDING
2013-09-05,12,ES,PNW,25.9461,32.2572,0.9991,2.4823,-1,-0.7939,-0.0833,-0.8773,HOLDING
2013-09-06,12,ES,PNW,25.9397,32.393,0.9991,1.6712,-1,-0.6209,-0.0833,-0.7043,HOLDING
2013-09-09,12,ES,PNW,26.2039,32.5349,0.9991,2.0656,-1,-0.8536,-0.0833,-0.937,HOLDING
2013-09-10,12,ES,PNW,26.3972,32.6584,0.9991,2.0794,-1,-1.0004,-0.0833,-1.0837,HOLDING
2013-09-11,12,ES,PNW,26.2297,32.2881,0.9991,2.1483,-1,-1.1896,-0.0833,-1.273,HOLDING
2013-09-12,12,ES,PNW,26.0723,32.9854,0.9991,-0.4708,-1,-0.1113,-0.0833,-0.1947,HOLDING
2013-09-13,12,ES,PNW,26.2024,33.2323,0.9991,-0.7392,-1,-0.0132,-0.0833,-0.0965,HOLDING
2013-09-16,12,ES,PNW,26.2739,33.1706,0.9991,-0.3715,-1,-0.1965,-0.0833,-0.2799,HOLDING
2013-09-17,12,ES,PNW,26.352,33.3125,0.9991,-0.5231,-1,-0.145,-0.0833,-0.2284,HOLDING
2013-09-18,12,ES,PNW,27.2429,34.3925,0.9991,-0.4167,-1,-0.2069,-0.0833,-0.2902,HOLDING
2013-09-19,12,ES,PNW,27.1194,34.4419,0.9991,-1.0137,-1,0.041,-0.0833,-0.0423,HOLDING
2013-09-20,12,ES,PNW,26.7877,34.0531,0.9991,-1.0484,-1,0.08,-0.0833,-0.0034,HOLDING
2013-09-23,12,ES,PNW,27.0738,34.4295,0.9991,-0.9987,-1,0.0957,-0.0833,0.0123,HOLDING
2013-09-24,12,ES,PNW,27.0153,34.3369,0.9991,-0.8923,-1,0.0738,-0.0833,-0.0096,HOLDING
2013-09-25,12,ES,PNW,26.8852,34.0469,0.9991,-0.5139,-1,-0.0763,-0.0833,-0.1597,HOLDING
2013-09-26,12,ES,PNW,26.9503,33.979,0.9991,-0.1304,-1,-0.2572,-0.0833,-0.3405,HOLDING
2013-09-27,12,ES,PNW,26.9503,33.8988,0.9991,0.0557,-1,-0.3536,-0.0833,-0.4369,HOLDING
2013-09-30,12,ES,PNW,26.8267,33.7815,0.9991,-0.0975,-1,-0.3059,-0.0833,-0.3893,HOLDING
2013-10-01,12,ES,PNW,26.9048,33.9852,0.9991,-0.4067,-1,-0.1803,-0.0833,-0.2636,HOLDING
2013-10-02,12,ES,PNW,26.9698,33.979,0.9991,-0.0956,-1,-0.2869,-0.0833,-0.3703,HOLDING
2013-10-03,12,ES,PNW,26.6836,33.6211,0.9991,-0.0366,-1,-0.2804,-0.0833,-0.3638,HOLDING
2013-10-04,12,ES,PNW,26.6771,33.5841,0.9991,0.1039,-1,-0.315,-0.0833,-0.3983,HOLDING
2013-10-07,12,ES,PNW,26.456,33.6087,0.9991,-0.836,-1,0.0522,-0.0833,-0.0312,HOLDING
2013-10-08,12,ES,PNW,26.6771,33.8309,0.9991,-0.5686,-1,-0.0183,-0.0833,-0.1016,HOLDING
2013-10-09,12,ES,PNW,26.7942,33.8679,0.9991,0.1631,-1,-0.1525,-0.0833,-0.2358,HOLDING
2013-10-10,12,ES,PNW,27.282,34.4172,0.9991,0.6561,-1,-0.2368,-0.0833,-0.3201,HOLDING
2013-10-11,12,ES,PNW,27.4185,34.5776,0.9991,0.6759,-1,-0.2524,-0.0833,-0.3357,HOLDING
2013-10-14,12,ES,PNW,27.1389,34.2752,0.9991,0.2783,-1,-0.189,-0.0833,-0.2724,HOLDING
2013-10-15,12,ES,PNW,26.7422,33.8062,0.9991,0.0158,-1,-0.1472,-0.0833,-0.2306,HOLDING
2013-10-16,12,ES,PNW,27.0088,34.3308,0.9991,-1.3209,-1,0.0763,-0.0833,-0.0071,HOLDING
2013-10-17,12,ES,PNW,27.5031,34.9726,0.9991,-1.3732,-1,0.0933,-0.0833,0.0099,HOLDING
2013-10-18,12,ES,PNW,27.5356,35.133,0.9991,-2.0259,-1,0.2365,-0.0833,0.1531,HOLDING
2013-10-21,12,ES,PNW,27.464,35.059,0.9991,-1.9496,-1,0.2567,-0.0833,0.1733,HOLDING
2013-10-22,12,ES,PNW,27.7047,35.5157,0.9991,-2.3725,-1,0.4383,-0.0833,0.3549,HOLDING
2013-10-23,12,ES,PNW,27.9063,35.5342,0.9991,-1.0294,-1,0.1528,-0.0833,0.0695,HOLDING
2013-10-24,12,ES,PNW,27.8868,35.6638,0.9991,-1.5916,-1,0.3383,-0.0833,0.255,HOLDING
2013-10-25,12,ES,PNW,28.2315,36.0587,0.9991,-1.2415,-1,0.2869,-0.0833,0.2036,HOLDING
2013-10-28,12,ES,PNW,28.1729,35.9908,0.9991,-1.154,-1,0.2947,-0.0833,0.2114,HOLDING
2013-10-29,12,ES,PNW,28.264,35.9415,0.9991,-0.3122,-1,0.0964,-0.0833,0.0131,HOLDING
2013-10-30,12,ES,PNW,28.0429,35.5712,0.9991,0.1893,-1,-0.0111,-0.0833,-0.0945,HOLDING
2013-10-31,12,ES,PNW,27.8933,34.9218,0.9991,2.2582,-1,-0.5634,-0.0833,-0.6467,HOLDING
2013-11-01,12,ES,PNW,27.6396,35.0527,0.9991,0.2194,-1,-0.019,-0.0833,-0.1023,HOLDING
2013-11-04,12,ES,PNW,27.7502,35.1025,0.9991,0.6195,-1,0.0,-0.2957,-0.2957,PERIOD_END_EXIT
2013-05-08,13,ES,NEE,28.4439,14.2927,0.9847,0.0,0,0.0,0.0,0.0,HOLD_CASH
2013-05-09,13,ES,NEE,27.8306,14.0984,0.9847,0.0,0,0.0,0.0,0.0,HOLD_CASH
2013-05-10,13,ES,NEE,27.9711,14.1267,0.9847,0.0,0,0.0,0.0,0.0,HOLD_CASH
2013-05-13,13,ES,NEE,27.7986,14.0596,0.9847,0.0,0,0.0,0.0,0.0,HOLD_CASH
2013-05-14,13,ES,NEE,28.0733,14.1602,0.9847,0.0,0,0.0,0.0,0.0,HOLD_CASH
2013-05-15,13,ES,NEE,28.4375,14.3315,0.9847,0.0,0,0.0,0.0,0.0,HOLD_CASH
2013-05-16,13,ES,NEE,28.182,14.2026,0.9847,0.0,0,0.0,0.0,0.0,HOLD_CASH
2013-05-17,13,ES,NEE,28.412,14.3209,0.9847,0.0,0,0.0,0.0,0.0,HOLD_CASH
2013-05-20,13,ES,NEE,28.3864,14.1691,0.9847,0.0,0,0.0,0.0,0.0,HOLD_CASH
2013-05-21,13,ES,NEE,28.4886,14.2132,0.9847,0.0,0,0.0,0.0,0.0,HOLD_CASH
2013-05-22,13,ES,NEE,28.0733,13.9784,0.9847,0.0,0,0.0,0.0,0.0,HOLD_CASH
2013-05-23,13,ES,NEE,27.8114,13.8124,0.9847,0.0,0,0.0,0.0,0.0,HOLD_CASH
2013-05-24,13,ES,NEE,27.3706,13.6499,0.9847,0.0,0,0.0,0.0,0.0,HOLD_CASH
2013-05-28,13,ES,NEE,27.1661,13.6005,0.9847,0.0,0,0.0,0.0,0.0,HOLD_CASH
2013-05-29,13,ES,NEE,26.8935,13.3709,0.9847,0.0,0,0.0,0.0,0.0,HOLD_CASH
2013-05-30,13,ES,NEE,27.0933,13.4867,0.9847,0.0,0,0.0,0.0,0.0,HOLD_CASH
2013-05-31,13,ES,NEE,26.8548,13.4707,0.9847,0.0,0,0.0,0.0,0.0,HOLD_CASH
2013-06-03,13,ES,NEE,26.9708,13.5882,0.9847,0.0,0,0.0,0.0,0.0,HOLD_CASH
2013-06-04,13,ES,NEE,26.771,13.6256,0.9847,0.0,0,0.0,0.0,0.0,HOLD_CASH
2013-06-05,13,ES,NEE,26.5455,13.5366,0.9847,-1.988,0,0.0,0.0,0.0,HOLD_CASH
2013-06-06,13,ES,NEE,26.8613,13.786,0.9847,-2.2442,1,0.0,-0.0833,-0.0833,ENTER_LONG_A
2013-06-07,13,ES,NEE,27.3124,14.0371,0.9847,-2.041,1,-0.0481,-0.0833,-0.1315,HOLDING
2013-06-10,13,ES,NEE,27.1126,14.0158,0.9847,-2.1581,1,-0.2963,-0.0833,-0.3796,HOLDING
2013-06-11,13,ES,NEE,26.7582,14.0496,0.9847,-2.6172,1,-0.9519,-0.0833,-1.0352,HOLDING
2013-06-12,13,ES,NEE,26.5068,13.8501,0.9847,-1.9453,1,-0.7464,-0.0833,-0.8297,HOLDING
2013-06-13,13,ES,NEE,27.0224,14.0959,0.9847,-1.6019,1,-0.6777,-0.0833,-0.7611,HOLDING
2013-06-14,13,ES,NEE,27.1513,14.2028,0.9847,-1.539,1,-0.7968,-0.0833,-0.8802,HOLDING
2013-06-17,13,ES,NEE,27.1577,14.3685,0.9847,-1.8081,1,-1.2836,-0.0833,-1.3669,HOLDING
2013-06-18,13,ES,NEE,27.4284,14.5341,0.9847,-1.6371,1,-1.3573,-0.0833,-1.4407,HOLDING
2013-06-19,13,ES,NEE,26.6099,14.2847,0.9847,-1.8982,1,-1.8888,-0.0833,-1.9721,HOLDING
2013-06-20,13,ES,NEE,25.5272,13.7753,0.9847,-1.843,1,-2.0532,-0.0833,-2.1366,HOLDING
2013-06-21,13,ES,NEE,26.017,13.9534,0.9847,-1.4401,1,-1.8219,-0.0833,-1.9052,HOLDING
2013-06-24,13,ES,NEE,25.8688,13.9623,0.9847,-1.5026,1,-2.0803,-0.0833,-2.1636,HOLDING
2013-06-25,13,ES,NEE,26.1266,14.0728,0.9847,-1.2863,1,-2.0085,-0.0833,-2.0919,HOLDING
2013-06-26,13,ES,NEE,26.5906,14.2224,0.9847,-0.9386,1,-1.732,-0.0833,-1.8153,HOLDING
2013-06-27,13,ES,NEE,26.8999,14.3257,0.9847,-0.6948,1,-1.5583,-0.0833,-1.6417,HOLDING
2013-06-28,13,ES,NEE,27.0804,14.5145,0.9847,-0.8889,1,-1.8426,-0.0833,-1.9259,HOLDING
2013-07-01,13,ES,NEE,26.5842,14.2919,0.9847,-0.9743,1,-1.9505,-0.0833,-2.0338,HOLDING
2013-07-02,13,ES,NEE,26.5068,14.3115,0.9847,-1.1055,1,-2.1301,-0.0833,-2.2134,HOLDING
2013-07-03,13,ES,NEE,26.6679,14.2723,0.9847,-0.5643,1,-1.7607,-0.0833,-1.8441,HOLDING
2013-07-05,13,ES,NEE,26.5068,14.2384,0.9847,-0.7178,1,-1.911,-0.0833,-1.9944,HOLDING
2013-07-08,13,ES,NEE,26.9128,14.3685,0.9847,-0.2143,1,-1.6664,-0.0833,-1.7497,HOLDING
2013-07-09,13,ES,NEE,27.1899,14.4914,0.9847,0.0482,1,-1.6019,-0.0833,-1.6852,HOLDING
2013-07-10,13,ES,NEE,27.2802,14.5413,0.9847,0.1124,1,-1.6104,-0.0833,-1.6937,HOLDING
2013-07-11,13,ES,NEE,27.8022,14.8263,0.9847,0.2104,1,-1.6492,-0.0833,-1.7326,HOLDING
2013-07-12,13,ES,NEE,27.8924,14.9652,0.9847,-0.3296,1,-1.9249,-0.0833,-2.0082,HOLDING
2013-07-15,13,ES,NEE,28.4209,15.2199,0.9847,0.1181,1,-1.8628,-0.0833,-1.9461,HOLDING
2013-07-16,13,ES,NEE,28.2855,15.1345,0.9847,0.3848,1,-1.8179,-0.0833,-1.9013,HOLDING
2013-07-17,13,ES,NEE,28.3113,15.1077,0.9847,1.0752,1,-1.6975,-0.0833,-1.7808,HOLDING
2013-07-18,13,ES,NEE,28.756,15.2182,0.9847,2.3059,1,-1.3336,-0.0833,-1.4169,HOLDING
2013-07-19,13,ES,NEE,28.8913,15.1345,0.9847,2.97,1,-0.871,-0.0833,-0.9543,HOLDING
2013-07-22,13,ES,NEE,28.7947,15.1202,0.9847,2.1488,1,-0.9794,-0.0833,-1.0627,HOLDING
2013-07-23,13,ES,NEE,28.9493,15.106,0.9847,2.3659,1,-0.6949,-0.0833,-0.7782,HOLDING
2013-07-24,13,ES,NEE,28.466,14.9207,0.9847,1.6423,1,-0.8948,-0.0833,-0.9781,HOLDING
2013-07-25,13,ES,NEE,28.5949,14.9777,0.9847,1.5141,1,-0.8642,-0.0833,-0.9476,HOLDING
2013-07-26,13,ES,NEE,28.5047,14.9545,0.9847,1.2278,1,-0.9358,-0.0833,-1.0192,HOLDING
2013-07-29,13,ES,NEE,28.3822,15.1042,0.9847,-0.1079,1,-1.576,-0.0833,-1.6593,HOLDING
2013-07-30,13,ES,NEE,28.7238,15.4052,0.9847,-0.8382,1,-1.945,-0.0833,-2.0283,HOLDING
2013-07-31,13,ES,NEE,28.6207,15.4284,0.9847,-1.362,1,-2.1756,-0.0833,-2.2589,HOLDING
2013-08-01,13,ES,NEE,29.0331,15.7276,0.9847,-1.6483,1,-2.4284,-0.0833,-2.5117,HOLDING
2013-08-02,13,ES,NEE,28.8011,15.6653,0.9847,-1.833,1,-2.6041,-0.0833,-2.6874,HOLDING
2013-08-05,13,ES,NEE,28.524,15.5121,0.9847,-1.6306,1,-2.5778,-0.0833,-2.6611,HOLDING
2013-08-06,13,ES,NEE,28.1373,15.4658,0.9847,-2.0596,1,-3.0433,-0.0833,-3.1266,HOLDING
2013-08-07,13,ES,NEE,28.4595,15.4551,0.9847,-1.1281,1,-2.5076,-0.0833,-2.5909,HOLDING
2013-08-08,13,ES,NEE,28.4918,15.4319,0.9847,-0.8861,1,-2.3877,-0.0833,-2.4711,HOLDING
2013-08-09,13,ES,NEE,28.2082,15.366,0.9847,-1.1693,1,-2.6333,-0.0833,-2.7167,HOLDING
2013-08-12,13,ES,NEE,28.0278,15.2467,0.9847,-1.0121,1,-2.5574,-0.0833,-2.6408,HOLDING
2013-08-13,13,ES,NEE,27.7506,15.1594,0.9847,-1.1628,1,-2.7288,-0.0833,-2.8122,HOLDING
2013-08-14,13,ES,NEE,27.4606,15.0383,0.9847,-1.1907,1,-2.8189,-0.0833,-2.9022,HOLDING
2013-08-15,13,ES,NEE,26.9837,14.7853,0.9847,-1.1148,1,-2.8057,-0.0833,-2.889,HOLDING
2013-08-16,13,ES,NEE,26.6164,14.6339,0.9847,-1.1934,1,-2.9258,-0.0833,-3.0092,HOLDING
2013-08-19,13,ES,NEE,26.5648,14.5252,0.9847,-0.8089,1,-2.6805,-0.0833,-2.7639,HOLDING
2013-08-20,13,ES,NEE,26.7904,14.641,0.9847,-0.7051,1,-2.6752,-0.0833,-2.7585,HOLDING
2013-08-21,13,ES,NEE,26.4295,14.3898,0.9847,-0.4041,1,-2.4861,-0.0833,-2.5694,HOLDING
2013-08-22,13,ES,NEE,26.5777,14.4237,0.9847,-0.0453,1,-2.3559,-0.0833,-2.4392,HOLDING
2013-08-23,13,ES,NEE,26.8806,14.5021,0.9847,0.8386,1,-2.1175,-0.0833,-2.2008,HOLDING
2013-08-26,13,ES,NEE,26.6357,14.3507,0.9847,1.2741,1,-2.0461,-0.0833,-2.1295,HOLDING
2013-08-27,13,ES,NEE,26.6099,14.4451,0.9847,0.3291,1,-2.3696,-0.0833,-2.4529,HOLDING
2013-08-28,13,ES,NEE,26.5262,14.5618,0.9847,-1.3987,1,-2.8507,-0.0833,-2.934,HOLDING
2013-08-29,13,ES,NEE,26.4037,14.4684,0.9847,-1.0012,1,-2.762,-0.0833,-2.8453,HOLDING
2013-08-30,13,ES,NEE,26.4037,14.4325,0.9847,-0.5254,1,-2.6543,-0.0833,-2.7376,HOLDING
2013-09-03,13,ES,NEE,25.9977,14.3265,0.9847,-1.6844,1,-2.9711,-0.0833,-3.0544,HOLDING
2013-09-04,13,ES,NEE,26.1073,14.3858,0.9847,-1.5701,1,-2.9776,-0.0833,-3.0609,HOLDING
2013-09-05,13,ES,NEE,25.9461,14.3607,0.9847,-1.9124,1,-3.154,-0.0833,-3.2374,HOLDING
2013-09-06,13,ES,NEE,25.9397,14.3696,0.9847,-1.777,1,-3.1911,-0.0833,-3.2744,HOLDING
2013-09-09,13,ES,NEE,26.2039,14.4091,0.9847,-0.7187,1,-2.8965,-0.0833,-2.9799,HOLDING
2013-09-10,13,ES,NEE,26.3972,14.4774,0.9847,-0.3083,1,-2.799,-0.0833,-2.8823,HOLDING
2013-09-11,13,ES,NEE,26.2297,14.2978,0.9847,0.4767,1,-2.5223,-0.0833,-2.6056,HOLDING
2013-09-12,13,ES,NEE,26.0723,14.2367,0.9847,0.2214,1,-2.5852,-0.0833,-2.6685,HOLDING
2013-09-13,13,ES,NEE,26.2024,14.2278,0.9847,0.8927,1,-2.3549,-0.0833,-2.4382,HOLDING
2013-09-16,13,ES,NEE,26.2739,14.2188,0.9847,1.1955,1,-2.2161,-0.0833,-2.2995,HOLDING
2013-09-17,13,ES,NEE,26.352,14.1882,0.9847,1.6146,1,-2.0026,-0.0833,-2.0859,HOLDING
2013-09-18,13,ES,NEE,27.2429,14.8258,0.9847,0.408,1,-2.522,-0.0833,-2.6054,HOLDING
2013-09-19,13,ES,NEE,27.1194,14.8528,0.9847,-0.3013,1,-2.796,-0.0833,-2.8793,HOLDING
2013-09-20,13,ES,NEE,26.7877,14.4918,0.9847,1.0559,1,-2.2318,-0.0833,-2.3151,HOLDING
2013-09-23,13,ES,NEE,27.0738,14.5869,0.9847,1.5096,1,-2.0699,-0.0833,-2.1533,HOLDING
2013-09-24,13,ES,NEE,27.0153,14.5869,0.9847,1.2955,1,-2.1614,-0.0833,-2.2448,HOLDING
2013-09-25,13,ES,NEE,26.8852,14.4271,0.9847,1.7707,1,-1.8854,-0.0833,-1.9687,HOLDING
2013-09-26,13,ES,NEE,26.9503,14.4469,0.9847,1.6403,1,-1.843,-0.0833,-1.9263,HOLDING
2013-09-27,13,ES,NEE,26.9503,14.3804,0.9847,1.7905,1,-1.6437,-0.0833,-1.727,HOLDING
2013-09-30,13,ES,NEE,26.8267,14.3966,0.9847,1.1514,1,-1.8853,-0.0833,-1.9686,HOLDING
2013-10-01,13,ES,NEE,26.9048,14.3804,0.9847,1.3503,1,-1.7148,-0.0833,-1.7982,HOLDING
2013-10-02,13,ES,NEE,26.9698,14.4415,0.9847,1.0892,1,-1.7963,-0.0833,-1.8797,HOLDING
2013-10-03,13,ES,NEE,26.6836,14.2691,0.9847,1.1107,1,-1.7265,-0.0833,-1.8099,HOLDING
2013-10-04,13,ES,NEE,26.6771,14.305,0.9847,0.806,1,-1.8444,-0.0833,-1.9278,HOLDING
2013-10-07,13,ES,NEE,26.456,14.2511,0.9847,0.2275,1,-2.0285,-0.0833,-2.1118,HOLDING
2013-10-08,13,ES,NEE,26.6771,14.3122,0.9847,0.6463,1,-1.866,-0.0833,-1.9493,HOLDING
2013-10-09,13,ES,NEE,26.7942,14.3678,0.9847,0.6422,1,-1.8499,-0.0833,-1.9333,HOLDING
2013-10-10,13,ES,NEE,27.282,14.6193,0.9847,0.7049,1,-1.8416,-0.0833,-1.9249,HOLDING
2013-10-11,13,ES,NEE,27.4185,14.6821,0.9847,0.74,1,-1.8166,-0.0833,-1.9,HOLDING
2013-10-14,13,ES,NEE,27.1389,14.5582,0.9847,0.3778,1,-1.8821,-0.0833,-1.9654,HOLDING
2013-10-15,13,ES,NEE,26.7422,14.4056,0.9847,-0.3198,1,-2.0444,-0.0833,-2.1277,HOLDING
2013-10-16,13,ES,NEE,27.0088,14.639,0.9847,-1.3757,1,-2.3278,-0.0833,-2.4112,HOLDING
2013-10-17,13,ES,NEE,27.5031,14.9066,0.9847,-1.8641,1,-2.3578,-0.0833,-2.4411,HOLDING
2013-10-18,13,ES,NEE,27.5356,15.0036,0.9847,-2.5419,1,-2.5978,-0.0833,-2.6811,HOLDING
2013-10-21,13,ES,NEE,27.464,15.0485,0.9847,-2.6888,1,-2.8443,-0.0833,-2.9276,HOLDING
2013-10-22,13,ES,NEE,27.7047,15.2676,0.9847,-2.6534,1,-3.1253,-0.0833,-3.2086,HOLDING
2013-10-23,13,ES,NEE,27.9063,15.282,0.9847,-1.656,1,-2.8532,-0.0833,-2.9366,HOLDING
2013-10-24,13,ES,NEE,27.8868,15.2964,0.9847,-1.6017,1,-2.9268,-0.0833,-3.0102,HOLDING
2013-10-25,13,ES,NEE,28.2315,15.4364,0.9847,-1.1426,1,-2.8082,-0.0833,-2.8915,HOLDING
2013-10-28,13,ES,NEE,28.1729,15.2946,0.9847,-0.3749,1,-2.4741,-0.0833,-2.5575,HOLDING
2013-10-29,13,ES,NEE,28.264,15.4418,0.9847,-0.9188,1,-2.7735,-0.0833,-2.8569,HOLDING
2013-10-30,13,ES,NEE,28.0429,15.37,0.9847,-1.1375,1,-2.9037,-0.0833,-2.987,HOLDING
2013-10-31,13,ES,NEE,27.8933,15.2209,0.9847,-0.6198,1,-2.6904,-0.0833,-2.7738,HOLDING
2013-11-01,13,ES,NEE,27.6396,15.8298,0.9847,-3.3942,1,-4.9129,-0.0833,-4.9962,HOLDING
2013-11-04,13,ES,NEE,27.7502,15.8208,0.9847,-2.4142,1,0.0,-4.8873,-4.8873,PERIOD_END_EXIT
2013-05-08,14,ADP,GL,45.4228,38.3554,0.9046,0.0,0,0.0,0.0,0.0,HOLD_CASH
2013-05-09,14,ADP,GL,46.3768,38.2778,0.9046,0.0,0,0.0,0.0,0.0,HOLD_CASH
2013-05-10,14,ADP,GL,46.3967,38.3554,0.9046,0.0,0,0.0,0.0,0.0,HOLD_CASH
2013-05-13,14,ADP,GL,46.4298,38.3435,0.9046,0.0,0,0.0,0.0,0.0,HOLD_CASH
2013-05-14,14,ADP,GL,46.9134,38.7677,0.9046,0.0,0,0.0,0.0,0.0,HOLD_CASH
2013-05-15,14,ADP,GL,47.5296,39.0544,0.9046,0.0,0,0.0,0.0,0.0,HOLD_CASH
2013-05-16,14,ADP,GL,47.0261,38.5705,0.9046,0.0,0,0.0,0.0,0.0,HOLD_CASH
2013-05-17,14,ADP,GL,47.6952,38.7498,0.9046,0.0,0,0.0,0.0,0.0,HOLD_CASH
2013-05-20,14,ADP,GL,47.0724,38.9349,0.9046,0.0,0,0.0,0.0,0.0,HOLD_CASH
2013-05-21,14,ADP,GL,47.0592,38.9349,0.9046,0.0,0,0.0,0.0,0.0,HOLD_CASH
2013-05-22,14,ADP,GL,46.549,38.4988,0.9046,0.0,0,0.0,0.0,0.0,HOLD_CASH
2013-05-23,14,ADP,GL,46.3304,38.4391,0.9046,0.0,0,0.0,0.0,0.0,HOLD_CASH
2013-05-24,14,ADP,GL,46.2774,38.3913,0.9046,0.0,0,0.0,0.0,0.0,HOLD_CASH
2013-05-28,14,ADP,GL,46.7014,38.6422,0.9046,0.0,0,0.0,0.0,0.0,HOLD_CASH
2013-05-29,14,ADP,GL,46.2244,38.5884,0.9046,0.0,0,0.0,0.0,0.0,HOLD_CASH
2013-05-30,14,ADP,GL,46.2509,39.0664,0.9046,0.0,0,0.0,0.0,0.0,HOLD_CASH
2013-05-31,14,ADP,GL,45.5288,38.5406,0.9046,0.0,0,0.0,0.0,0.0,HOLD_CASH
2013-06-03,14,ADP,GL,46.0787,38.3793,0.9046,0.0,0,0.0,0.0,0.0,HOLD_CASH
2013-06-04,14,ADP,GL,45.6944,37.7998,0.9046,0.0,0,0.0,0.0,0.0,HOLD_CASH
2013-06-05,14,ADP,GL,44.959,37.4892,0.9046,-0.7657,0,0.0,0.0,0.0,HOLD_CASH
2013-06-06,14,ADP,GL,45.012,38.2121,0.9046,-2.1954,1,0.0,-0.0833,-0.0833,ENTER_LONG_A
2013-06-07,14,ADP,GL,45.6546,38.8095,0.9046,-1.8552,1,0.0059,-0.0833,-0.0775,HOLDING
2013-06-10,14,ADP,GL,45.5685,38.8991,0.9046,-1.8606,1,-0.1707,-0.0833,-0.254,HOLDING
2013-06-11,14,ADP,GL,45.1246,38.457,0.9046,-1.5901,1,-0.1442,-0.0833,-0.2276,HOLDING
2013-06-12,14,ADP,GL,44.8946,38.5347,0.9046,-1.7873,1,-0.4483,-0.0833,-0.5316,HOLDING
2013-06-13,14,ADP,GL,45.528,39.0066,0.9046,-1.4233,1,-0.3214,-0.0833,-0.4048,HOLDING
2013-06-14,14,ADP,GL,45.348,38.6303,0.9046,-1.0149,1,-0.1066,-0.0833,-0.1899,HOLDING
2013-06-17,14,ADP,GL,45.8081,39.0664,0.9046,-0.9659,1,-0.1111,-0.0833,-0.1944,HOLDING
2013-06-18,14,ADP,GL,46.4082,38.9947,0.9046,0.1683,1,0.5465,-0.0833,0.4632,HOLDING
2013-06-19,14,ADP,GL,46.0348,38.7139,0.9046,0.1212,1,0.4744,-0.0833,0.3911,HOLDING
2013-06-20,14,ADP,GL,45.4747,38.6123,0.9046,-0.5942,1,0.0352,-0.0833,-0.0482,HOLDING
2013-06-21,14,ADP,GL,45.7947,38.5645,0.9046,0.1602,1,0.3958,-0.0833,0.3124,HOLDING
2013-06-24,14,ADP,GL,45.5947,38.1404,0.9046,0.7317,1,0.6407,-0.0833,0.5573,HOLDING
2013-06-25,14,ADP,GL,45.9014,38.5944,0.9046,0.4811,1,0.4685,-0.0833,0.3852,HOLDING
2013-06-26,14,ADP,GL,46.2415,38.8573,0.9046,0.6584,1,0.5268,-0.0833,0.4435,HOLDING
2013-06-27,14,ADP,GL,46.2548,39.2635,0.9046,-0.2819,1,0.119,-0.0833,0.0356,HOLDING
2013-06-28,14,ADP,GL,45.9148,38.917,0.9046,-0.2124,1,0.1473,-0.0833,0.064,HOLDING
2013-07-01,14,ADP,GL,46.3082,39.3293,0.9046,-0.2426,1,0.1028,-0.0833,0.0194,HOLDING
2013-07-02,14,ADP,GL,46.7282,39.497,0.9046,0.5168,1,0.3374,-0.0833,0.254,HOLDING
2013-07-03,14,ADP,GL,46.8349,39.4311,0.9046,1.1032,1,0.5093,-0.0833,0.426,HOLDING
2013-07-05,14,ADP,GL,47.175,40.1798,0.9046,-0.2701,1,0.0643,-0.0833,-0.019,HOLDING
2013-07-08,14,ADP,GL,47.3217,40.5153,0.9046,-0.8535,1,-0.1405,-0.0833,-0.2239,HOLDING
2013-07-09,14,ADP,GL,47.3683,40.7668,0.9046,-1.418,1,-0.3557,-0.0833,-0.439,HOLDING
2013-07-10,14,ADP,GL,47.8418,41.0783,0.9046,-0.9942,1,-0.2182,-0.0833,-0.3015,HOLDING
2013-07-11,14,ADP,GL,47.9084,41.258,0.9046,-1.4035,1,-0.3395,-0.0833,-0.4228,HOLDING
2013-07-12,14,ADP,GL,48.9486,41.4736,0.9046,0.8148,1,0.4483,-0.0833,0.365,HOLDING
2013-07-15,14,ADP,GL,48.2485,41.4916,0.9046,-1.2569,1,-0.2509,-0.0833,-0.3342,HOLDING
2013-07-16,14,ADP,GL,48.2085,41.2041,0.9046,-0.5201,1,0.008,-0.0833,-0.0753,HOLDING
2013-07-17,14,ADP,GL,48.2218,41.1502,0.9046,-0.2478,1,0.0768,-0.0833,-0.0065,HOLDING
2013-07-18,14,ADP,GL,48.5552,41.6473,0.9046,-0.7515,1,-0.114,-0.0833,-0.1974,HOLDING
2013-07-19,14,ADP,GL,48.5952,41.6593,0.9046,-0.6439,1,-0.0876,-0.0833,-0.1709,HOLDING
2013-07-22,14,ADP,GL,48.7819,42.2763,0.9046,-1.77,1,-0.5451,-0.0833,-0.6284,HOLDING
2013-07-23,14,ADP,GL,48.3352,42.1325,0.9046,-2.2394,1,-0.8305,-0.0833,-0.9138,HOLDING
2013-07-24,14,ADP,GL,48.1551,41.7851,0.9046,-1.5662,1,-0.6456,-0.0833,-0.729,HOLDING
2013-07-25,14,ADP,GL,48.1218,42.3002,0.9046,-2.4786,1,-1.2116,-0.0833,-1.2949,HOLDING
2013-07-26,14,ADP,GL,48.3285,42.1325,0.9046,-1.4213,1,-0.8369,-0.0833,-0.9203,HOLDING
2013-07-29,14,ADP,GL,48.0751,42.1385,0.9046,-1.7221,1,-1.0894,-0.0833,-1.1728,HOLDING
2013-07-30,14,ADP,GL,48.1018,42.3601,0.9046,-1.8249,1,-1.2931,-0.0833,-1.3764,HOLDING
2013-07-31,14,ADP,GL,48.0685,42.5758,0.9046,-1.9705,1,-1.5488,-0.0833,-1.6322,HOLDING
2013-08-01,14,ADP,GL,47.9084,43.6899,0.9046,-3.0042,1,-2.8584,-0.0833,-2.9417,HOLDING
2013-08-02,14,ADP,GL,47.7284,43.3664,0.9046,-2.271,1,-2.6983,-0.0833,-2.7817,HOLDING
2013-08-05,14,ADP,GL,47.7417,42.9052,0.9046,-1.5134,1,-2.2077,-0.0833,-2.291,HOLDING
2013-08-06,14,ADP,GL,48.1685,42.5817,0.9046,-0.6249,1,-1.4578,-0.0833,-1.5411,HOLDING
2013-08-07,14,ADP,GL,48.0018,42.426,0.9046,-0.5684,1,-1.4585,-0.0833,-1.5419,HOLDING
2013-08-08,14,ADP,GL,48.2352,42.6237,0.9046,-0.4776,1,-1.4364,-0.0833,-1.5198,HOLDING
2013-08-09,14,ADP,GL,48.3152,42.6237,0.9046,-0.3126,1,-1.3587,-0.0833,-1.442,HOLDING
2013-08-12,14,ADP,GL,48.5419,42.6117,0.9046,0.0206,1,-1.1259,-0.0833,-1.2092,HOLDING
2013-08-13,14,ADP,GL,48.6686,42.8393,0.9046,-0.0357,1,-1.2385,-0.0833,-1.3218,HOLDING
2013-08-14,14,ADP,GL,48.4619,42.6177,0.9046,0.0806,1,-1.2099,-0.0833,-1.2932,HOLDING
2013-08-15,14,ADP,GL,47.7484,42.1744,0.9046,-0.2014,1,-1.4442,-0.0833,-1.5276,HOLDING
2013-08-16,14,ADP,GL,47.9351,42.4859,0.9046,-0.3197,1,-1.5854,-0.0833,-1.6687,HOLDING
2013-08-19,14,ADP,GL,47.9418,41.9288,0.9046,0.7317,1,-1.0019,-0.0833,-1.0853,HOLDING
2013-08-20,14,ADP,GL,48.2352,42.1924,0.9046,0.7937,1,-0.9897,-0.0833,-1.073,HOLDING
2013-08-21,14,ADP,GL,47.8951,41.9049,0.9046,0.7828,1,-1.0225,-0.0833,-1.1058,HOLDING
2013-08-22,14,ADP,GL,48.3018,42.7135,0.9046,0.0138,1,-1.4647,-0.0833,-1.548,HOLDING
2013-08-23,14,ADP,GL,48.1952,42.7195,0.9046,-0.1332,1,-1.5746,-0.0833,-1.6579,HOLDING
2013-08-26,14,ADP,GL,48.0285,42.5698,0.9046,-0.1145,1,-1.5815,-0.0833,-1.6648,HOLDING
2013-08-27,14,ADP,GL,47.3017,41.3898,0.9046,0.8258,1,-1.0658,-0.0833,-1.1491,HOLDING
2013-08-28,14,ADP,GL,47.3017,41.5455,0.9046,0.4744,1,-1.2271,-0.0833,-1.3104,HOLDING
2013-08-29,14,ADP,GL,47.5417,41.7072,0.9046,0.5737,1,-1.1612,-0.0833,-1.2446,HOLDING
2013-08-30,14,ADP,GL,47.4484,41.264,0.9046,1.6739,1,-0.7929,-0.0833,-0.8762,HOLDING
2013-09-03,14,ADP,GL,47.6151,41.4317,0.9046,1.7695,1,-0.8046,-0.0833,-0.8879,HOLDING
2013-09-04,14,ADP,GL,48.0418,42.0187,0.9046,0.9274,1,-0.9978,-0.0833,-1.0811,HOLDING
2013-09-05,14,ADP,GL,48.2352,42.45,0.9046,-0.1345,1,-1.2565,-0.0833,-1.3398,HOLDING
2013-09-06,14,ADP,GL,48.7619,42.2583,0.9046,2.2913,1,-0.5459,-0.0833,-0.6293,HOLDING
2013-09-09,14,ADP,GL,49.202,42.7854,0.9046,1.6586,1,-0.6641,-0.0833,-0.7475,HOLDING
2013-09-10,14,ADP,GL,49.1687,43.2107,0.9046,0.1191,1,-1.1371,-0.0833,-1.2204,HOLDING
2013-09-11,14,ADP,GL,49.6415,43.4743,0.9046,0.7089,1,-0.9504,-0.0833,-1.0337,HOLDING
2013-09-12,14,ADP,GL,49.7556,43.2167,0.9046,1.6684,1,-0.5727,-0.0833,-0.6561,HOLDING
2013-09-13,14,ADP,GL,49.6952,43.2286,0.9046,1.3081,1,-0.6438,-0.0833,-0.7272,HOLDING
2013-09-16,14,ADP,GL,49.7019,43.6659,0.9046,-0.0634,1,-1.0902,-0.0833,-1.1735,HOLDING
2013-09-17,14,ADP,GL,49.7421,43.606,0.9046,0.243,1,-0.9891,-0.0833,-1.0724,HOLDING
2013-09-18,14,ADP,GL,50.1312,43.2766,0.9046,2.0816,1,-0.2697,-0.0833,-0.353,HOLDING
2013-09-19,14,ADP,GL,50.0909,43.019,0.9046,2.193,1,-0.042,-0.0833,-0.1254,HOLDING
2013-09-20,14,ADP,GL,49.9233,43.0909,0.9046,1.4619,1,-0.2795,-0.0833,-0.3628,HOLDING
2013-09-23,14,ADP,GL,49.0513,43.1208,0.9046,-0.7097,1,-1.1581,-0.0833,-1.2414,HOLDING
2013-09-24,14,ADP,GL,48.9306,43.2047,0.9046,-1.3252,1,-1.3623,-0.0833,-1.4456,HOLDING
2013-09-25,14,ADP,GL,48.6421,43.5162,0.9046,-2.3638,1,-1.9653,-0.0833,-2.0486,HOLDING
2013-09-26,14,ADP,GL,48.9104,43.7138,0.9046,-1.9458,1,-1.9092,-0.0833,-1.9925,HOLDING
2013-09-27,14,ADP,GL,48.669,43.63,0.9046,-1.9501,1,-2.0571,-0.0833,-2.1404,HOLDING
2013-09-30,14,ADP,GL,48.5482,43.3365,0.9046,-1.448,1,-1.8704,-0.0833,-1.9538,HOLDING
2013-10-01,14,ADP,GL,48.4007,43.1987,0.9046,-1.3096,1,-1.8712,-0.0833,-1.9545,HOLDING
2013-10-02,14,ADP,GL,48.3068,43.0546,0.9046,-1.1183,1,-1.8132,-0.0833,-1.8965,HOLDING
2013-10-03,14,ADP,GL,47.6897,42.8144,0.9046,-1.5322,1,-2.1643,-0.0833,-2.2476,HOLDING
2013-10-04,14,ADP,GL,47.9714,43.5649,0.9046,-1.8994,1,-2.6678,-0.0833,-2.7511,HOLDING
2013-10-07,14,ADP,GL,47.636,43.1026,0.9046,-1.5226,1,-2.5149,-0.0833,-2.5983,HOLDING
2013-10-08,14,ADP,GL,47.1128,42.5203,0.9046,-1.2957,1,-2.4203,-0.0833,-2.5036,HOLDING
2013-10-09,14,ADP,GL,47.1397,42.4302,0.9046,-1.0391,1,-2.3009,-0.0833,-2.3842,HOLDING
2013-10-10,14,ADP,GL,48.1659,43.7571,0.9046,-1.2662,1,-2.6777,-0.0833,-2.761,HOLDING
2013-10-11,14,ADP,GL,48.6354,43.9252,0.9046,-0.821,1,-2.3955,-0.0833,-2.4788,HOLDING
2013-10-14,14,ADP,GL,48.8702,44.0032,0.9046,-0.5674,1,-2.2481,-0.0833,-2.3314,HOLDING
2013-10-15,14,ADP,GL,48.508,43.667,0.9046,-0.5287,1,-2.2519,-0.0833,-2.3353,HOLDING
2013-10-16,14,ADP,GL,49.447,44.4655,0.9046,-0.2766,1,-2.1662,-0.0833,-2.2496,HOLDING
2013-10-17,14,ADP,GL,49.6885,45.078,0.9046,-0.7637,1,-2.5658,-0.0833,-2.6492,HOLDING
2013-10-18,14,ADP,GL,49.7623,45.0419,0.9046,-0.5661,1,-2.4568,-0.0833,-2.5401,HOLDING
2013-10-21,14,ADP,GL,50.1044,45.114,0.9046,0.2442,1,-2.1989,-0.0833,-2.2822,HOLDING
2013-10-22,14,ADP,GL,50.6074,45.102,0.9046,1.9532,1,-1.6975,-0.0833,-1.7808,HOLDING
2013-10-23,14,ADP,GL,50.3794,44.7057,0.9046,2.1337,1,-1.5087,-0.0833,-1.592,HOLDING
2013-10-24,14,ADP,GL,50.5806,44.2254,0.9046,2.9088,1,-0.8156,-0.0833,-0.8989,HOLDING
2013-10-25,14,ADP,GL,50.6477,44.0453,0.9046,2.5931,1,-0.5638,-0.0833,-0.6472,HOLDING
2013-10-28,14,ADP,GL,50.755,44.0273,0.9046,2.2672,1,-0.4409,-0.0833,-0.5242,HOLDING
2013-10-29,14,ADP,GL,51.2111,44.1533,0.9046,2.2101,1,-0.1281,-0.0833,-0.2114,HOLDING
2013-10-30,14,ADP,GL,49.836,44.0092,0.9046,0.7034,1,-1.3154,-0.0833,-1.3988,HOLDING
2013-10-31,14,ADP,GL,50.3257,43.7451,0.9046,1.4266,1,-0.5659,-0.0833,-0.6492,HOLDING
2013-11-01,14,ADP,GL,50.5135,43.691,0.9046,1.5075,1,-0.3273,-0.0833,-0.4107,HOLDING
2013-11-04,14,ADP,GL,50.6477,43.7511,0.9046,1.4124,1,0.0,-0.437,-0.437,PERIOD_END_EXIT
2013-05-08,15,CMS,SRE,19.5887,28.036,0.9183,0.0,0,0.0,0.0,0.0,HOLD_CASH
2013-05-09,15,CMS,SRE,19.1764,27.7178,0.9183,0.0,0,0.0,0.0,0.0,HOLD_CASH
2013-05-10,15,CMS,SRE,19.2102,27.623,0.9183,0.0,0,0.0,0.0,0.0,HOLD_CASH
2013-05-13,15,CMS,SRE,19.1697,27.6061,0.9183,0.0,0,0.0,0.0,0.0,HOLD_CASH
2013-05-14,15,CMS,SRE,19.3387,27.86,0.9183,0.0,0,0.0,0.0,0.0,HOLD_CASH
2013-05-15,15,CMS,SRE,19.5685,28.2797,0.9183,0.0,0,0.0,0.0,0.0,HOLD_CASH
2013-05-16,15,CMS,SRE,19.3724,28.0936,0.9183,0.0,0,0.0,0.0,0.0,HOLD_CASH
2013-05-17,15,CMS,SRE,19.6698,28.5878,0.9183,0.0,0,0.0,0.0,0.0,HOLD_CASH
2013-05-20,15,CMS,SRE,19.5752,28.6386,0.9183,0.0,0,0.0,0.0,0.0,HOLD_CASH
2013-05-21,15,CMS,SRE,19.4738,28.3745,0.9183,0.0,0,0.0,0.0,0.0,HOLD_CASH
2013-05-22,15,CMS,SRE,19.1494,27.64,0.9183,0.0,0,0.0,0.0,0.0,HOLD_CASH
2013-05-23,15,CMS,SRE,18.8925,26.902,0.9183,0.0,0,0.0,0.0,0.0,HOLD_CASH
2013-05-24,15,CMS,SRE,18.6086,26.946,0.9183,0.0,0,0.0,0.0,0.0,HOLD_CASH
2013-05-28,15,CMS,SRE,18.6019,27.7957,0.9183,0.0,0,0.0,0.0,0.0,HOLD_CASH
2013-05-29,15,CMS,SRE,18.3112,27.3387,0.9183,0.0,0,0.0,0.0,0.0,HOLD_CASH
2013-05-30,15,CMS,SRE,18.3788,27.6501,0.9183,0.0,0,0.0,0.0,0.0,HOLD_CASH
2013-05-31,15,CMS,SRE,18.2166,27.5215,0.9183,0.0,0,0.0,0.0,0.0,HOLD_CASH
2013-06-03,15,CMS,SRE,18.2369,27.5418,0.9183,0.0,0,0.0,0.0,0.0,HOLD_CASH
2013-06-04,15,CMS,SRE,18.0003,27.122,0.9183,0.0,0,0.0,0.0,0.0,HOLD_CASH
2013-06-05,15,CMS,SRE,17.8043,26.7124,0.9183,-1.2956,0,0.0,0.0,0.0,HOLD_CASH
2013-06-06,15,CMS,SRE,18.2031,27.0983,0.9183,-0.7802,0,0.0,0.0,0.0,HOLD_CASH
2013-06-07,15,CMS,SRE,18.2774,27.1457,0.9183,-0.592,0,0.0,0.0,0.0,HOLD_CASH
2013-06-10,15,CMS,SRE,18.3518,27.0069,0.9183,-0.1013,0,0.0,0.0,0.0,HOLD_CASH
2013-06-11,15,CMS,SRE,18.2233,26.9257,0.9183,-0.2557,0,0.0,0.0,0.0,HOLD_CASH
2013-06-12,15,CMS,SRE,17.9259,26.5262,0.9183,-0.3314,0,0.0,0.0,0.0,HOLD_CASH
2013-06-13,15,CMS,SRE,18.3856,27.0746,0.9183,0.0915,0,0.0,0.0,0.0,HOLD_CASH
2013-06-14,15,CMS,SRE,18.5208,27.1999,0.9183,0.3233,0,0.0,0.0,0.0,HOLD_CASH
2013-06-17,15,CMS,SRE,18.5208,27.315,0.9183,0.1537,0,0.0,0.0,0.0,HOLD_CASH
2013-06-18,15,CMS,SRE,18.6357,27.7787,0.9183,-0.3604,0,0.0,0.0,0.0,HOLD_CASH
2013-06-19,15,CMS,SRE,18.149,27.4301,0.9183,-1.1725,0,0.0,0.0,0.0,HOLD_CASH
2013-06-20,15,CMS,SRE,17.5407,26.6447,0.9183,-1.5099,0,0.0,0.0,0.0,HOLD_CASH
2013-06-21,15,CMS,SRE,17.8448,26.9426,0.9183,-1.094,0,0.0,0.0,0.0,HOLD_CASH
2013-06-24,15,CMS,SRE,17.98,27.1593,0.9183,-1.0495,0,0.0,0.0,0.0,HOLD_CASH
2013-06-25,15,CMS,SRE,18.2504,27.4165,0.9183,-0.4277,0,0.0,0.0,0.0,HOLD_CASH
2013-06-26,15,CMS,SRE,18.541,28.1023,0.9183,-0.9852,0,0.0,0.0,0.0,HOLD_CASH
2013-06-27,15,CMS,SRE,18.6019,28.1262,0.9183,-0.734,0,0.0,0.0,0.0,HOLD_CASH
2013-06-28,15,CMS,SRE,18.3653,27.8942,0.9183,-1.1604,0,0.0,0.0,0.0,HOLD_CASH
2013-07-01,15,CMS,SRE,18.0003,27.4813,0.9183,-1.5805,0,0.0,0.0,0.0,HOLD_CASH
2013-07-02,15,CMS,SRE,18.0408,27.4302,0.9183,-1.1792,0,0.0,0.0,0.0,HOLD_CASH
2013-07-03,15,CMS,SRE,17.9868,27.4063,0.9183,-1.2484,0,0.0,0.0,0.0,HOLD_CASH
2013-07-05,15,CMS,SRE,18.0476,27.2016,0.9183,-0.4075,0,0.0,0.0,0.0,HOLD_CASH
2013-07-08,15,CMS,SRE,18.3585,27.4233,0.9183,0.3625,0,0.0,0.0,0.0,HOLD_CASH
2013-07-09,15,CMS,SRE,18.5546,27.6212,0.9183,0.7485,0,0.0,0.0,0.0,HOLD_CASH
2013-07-10,15,CMS,SRE,18.6154,27.8566,0.9183,0.4336,0,0.0,0.0,0.0,HOLD_CASH
2013-07-11,15,CMS,SRE,18.7776,28.3479,0.9183,-0.136,0,0.0,0.0,0.0,HOLD_CASH
2013-07-12,15,CMS,SRE,18.8722,28.5833,0.9183,-0.2807,0,0.0,0.0,0.0,HOLD_CASH
2013-07-15,15,CMS,SRE,19.0818,29.1565,0.9183,-0.9318,0,0.0,0.0,0.0,HOLD_CASH
2013-07-16,15,CMS,SRE,19.0074,28.7778,0.9183,0.1035,0,0.0,0.0,0.0,HOLD_CASH
2013-07-17,15,CMS,SRE,19.0007,28.9416,0.9183,-0.5683,0,0.0,0.0,0.0,HOLD_CASH
2013-07-18,15,CMS,SRE,19.2373,29.3237,0.9183,-0.4942,0,0.0,0.0,0.0,HOLD_CASH
2013-07-19,15,CMS,SRE,19.2508,29.6307,0.9183,-1.6696,0,0.0,0.0,0.0,HOLD_CASH
2013-07-22,15,CMS,SRE,19.1697,29.3851,0.9183,-1.1001,0,0.0,0.0,0.0,HOLD_CASH
2013-07-23,15,CMS,SRE,19.1899,29.6307,0.9183,-1.7218,0,0.0,0.0,0.0,HOLD_CASH
2013-07-24,15,CMS,SRE,18.9128,29.3271,0.9183,-1.9755,0,0.0,0.0,0.0,HOLD_CASH
2013-07-25,15,CMS,SRE,19.0683,29.7194,0.9183,-2.0178,1,0.0,-0.0833,-0.0833,ENTER_LONG_A
2013-07-26,15,CMS,SRE,19.0615,29.7638,0.9183,-1.858,1,-0.0749,-0.0833,-0.1583,HOLDING
2013-07-29,15,CMS,SRE,19.1156,29.7092,0.9183,-1.3129,1,0.1215,-0.0833,0.0382,HOLDING
2013-07-30,15,CMS,SRE,19.244,29.7365,0.9183,-0.7862,1,0.3775,-0.0833,0.2941,HOLDING
2013-07-31,15,CMS,SRE,19.0906,29.8968,0.9183,-1.6307,1,-0.1874,-0.0833,-0.2707,HOLDING
2013-08-01,15,CMS,SRE,19.4111,30.1903,0.9183,-0.9681,1,0.1491,-0.0833,0.0658,HOLDING
2013-08-02,15,CMS,SRE,19.452,30.2278,0.9183,-0.8118,1,0.1919,-0.0833,0.1086,HOLDING
2013-08-05,15,CMS,SRE,19.1929,29.8354,0.9183,-0.8353,1,0.1281,-0.0833,0.0448,HOLDING
2013-08-06,15,CMS,SRE,19.0224,29.9071,0.9183,-1.6042,1,-0.3565,-0.0833,-0.4398,HOLDING
2013-08-07,15,CMS,SRE,19.111,29.9787,0.9183,-1.3258,1,-0.2507,-0.0833,-0.334,HOLDING
2013-08-08,15,CMS,SRE,19.2474,29.8525,0.9183,-0.2684,1,0.2295,-0.0833,0.1462,HOLDING
2013-08-09,15,CMS,SRE,19.0701,29.4874,0.9183,0.0183,1,0.3156,-0.0833,0.2322,HOLDING
2013-08-12,15,CMS,SRE,19.0292,29.3919,0.9183,0.1655,1,0.3506,-0.0833,0.2672,HOLDING
2013-08-13,15,CMS,SRE,18.8246,29.3066,0.9183,-0.6668,1,-0.0011,-0.0833,-0.0844,HOLDING
2013-08-14,15,CMS,SRE,18.6609,29.1667,0.9183,-1.1422,1,-0.1863,-0.0833,-0.2696,HOLDING
2013-08-15,15,CMS,SRE,18.3608,28.5867,0.9183,-0.7984,1,-0.0914,-0.0833,-0.1748,HOLDING
2013-08-16,15,CMS,SRE,18.3267,28.2729,0.9183,0.6065,1,0.2522,-0.0833,0.1688,HOLDING
2013-08-19,15,CMS,SRE,18.2448,28.0102,0.9183,1.4787,1,0.4183,-0.0833,0.335,HOLDING
2013-08-20,15,CMS,SRE,18.4153,28.3889,0.9183,0.9527,1,0.2985,-0.0833,0.2151,HOLDING
2013-08-21,15,CMS,SRE,18.1698,28.133,0.9183,0.0015,1,0.0825,-0.0833,-0.0008,HOLDING
2013-08-22,15,CMS,SRE,18.2448,28.4332,0.9183,-1.0109,1,-0.1495,-0.0833,-0.2329,HOLDING
2013-08-23,15,CMS,SRE,18.3744,28.6584,0.9183,-1.0072,1,-0.1565,-0.0833,-0.2399,HOLDING
2013-08-26,15,CMS,SRE,18.1902,28.5015,0.9183,-1.6754,1,-0.3654,-0.0833,-0.4488,HOLDING
2013-08-27,15,CMS,SRE,18.1425,28.5765,0.9183,-2.1169,1,-0.5749,-0.0833,-0.6583,HOLDING
2013-08-28,15,CMS,SRE,18.1971,28.8051,0.9183,-2.281,1,-0.7575,-0.0833,-0.8408,HOLDING
2013-08-29,15,CMS,SRE,18.1016,28.6482,0.9183,-1.9449,1,-0.7643,-0.0833,-0.8477,HOLDING
2013-08-30,15,CMS,SRE,18.0948,28.8017,0.9183,-2.1103,1,-0.9859,-0.0833,-1.0693,HOLDING
2013-09-03,15,CMS,SRE,17.8424,28.4537,0.9183,-2.0082,1,-1.0938,-0.0833,-1.1771,HOLDING
2013-09-04,15,CMS,SRE,17.7333,28.4059,0.9183,-2.0434,1,-1.2783,-0.0833,-1.3616,HOLDING
2013-09-05,15,CMS,SRE,17.6378,28.249,0.9183,-1.7838,1,-1.2852,-0.0833,-1.3685,HOLDING
2013-09-06,15,CMS,SRE,17.7196,28.5219,0.9183,-1.7986,1,-1.465,-0.0833,-1.5484,HOLDING
2013-09-09,15,CMS,SRE,17.6924,28.4946,0.9183,-1.6228,1,-1.4906,-0.0833,-1.5739,HOLDING
2013-09-10,15,CMS,SRE,17.8083,28.5287,0.9183,-1.1533,1,-1.2722,-0.0833,-1.3555,HOLDING
2013-09-11,15,CMS,SRE,17.7265,28.6413,0.9183,-1.4925,1,-1.6098,-0.0833,-1.6932,HOLDING
2013-09-12,15,CMS,SRE,17.6719,28.7812,0.9183,-1.6994,1,-1.9219,-0.0833,-2.0052,HOLDING
2013-09-13,15,CMS,SRE,17.8629,28.8904,0.9183,-1.1524,1,-1.6333,-0.0833,-1.7166,HOLDING
2013-09-16,15,CMS,SRE,17.8151,29.0746,0.9183,-1.4762,1,-1.9894,-0.0833,-2.0727,HOLDING
2013-09-17,15,CMS,SRE,17.8083,29.368,0.9183,-1.8241,1,-2.3988,-0.0833,-2.4821,HOLDING
2013-09-18,15,CMS,SRE,18.3608,30.2858,0.9183,-1.5636,1,-2.3721,-0.0833,-2.4554,HOLDING
2013-09-19,15,CMS,SRE,18.2926,29.9651,0.9183,-1.1266,1,-2.097,-0.0833,-2.1803,HOLDING
2013-09-20,15,CMS,SRE,18.1357,29.5966,0.9183,-0.8793,1,-1.9598,-0.0833,-2.0431,HOLDING
2013-09-23,15,CMS,SRE,18.3812,30.0333,0.9183,-0.8134,1,-1.9865,-0.0833,-2.0699,HOLDING
2013-09-24,15,CMS,SRE,18.2789,29.9241,0.9183,-0.9075,1,-2.0731,-0.0833,-2.1564,HOLDING
2013-09-25,15,CMS,SRE,17.9856,29.8004,0.9183,-1.7189,1,-2.5752,-0.0833,-2.6585,HOLDING
2013-09-26,15,CMS,SRE,17.972,29.9104,0.9183,-1.8333,1,-2.7539,-0.0833,-2.8372,HOLDING
2013-09-27,15,CMS,SRE,17.8765,29.7661,0.9183,-1.7375,1,-2.7777,-0.0833,-2.861,HOLDING
2013-09-30,15,CMS,SRE,17.9515,29.4156,0.9183,-0.4629,1,-2.1363,-0.0833,-2.2196,HOLDING
2013-10-01,15,CMS,SRE,17.9925,29.3296,0.9183,0.0497,1,-1.9277,-0.0833,-2.011,HOLDING
2013-10-02,15,CMS,SRE,18.0402,29.4224,0.9183,0.1027,1,-1.9435,-0.0833,-2.0268,HOLDING
2013-10-03,15,CMS,SRE,17.7265,29.3503,0.9183,-1.287,1,-2.5614,-0.0833,-2.6447,HOLDING
2013-10-04,15,CMS,SRE,17.7537,29.3778,0.9183,-1.109,1,-2.5361,-0.0833,-2.6195,HOLDING
2013-10-07,15,CMS,SRE,17.6651,29.3674,0.9183,-1.4367,1,-2.7243,-0.0833,-2.8076,HOLDING
2013-10-08,15,CMS,SRE,17.706,29.3571,0.9183,-1.1155,1,-2.6172,-0.0833,-2.7006,HOLDING
2013-10-09,15,CMS,SRE,17.8151,29.2884,0.9183,-0.0876,1,-2.2763,-0.0833,-2.3597,HOLDING
2013-10-10,15,CMS,SRE,18.0948,29.9826,0.9183,-0.7378,1,-2.571,-0.0833,-2.6544,HOLDING
2013-10-11,15,CMS,SRE,18.4563,30.0719,0.9183,1.467,1,-1.8674,-0.0833,-1.9508,HOLDING
2013-10-14,15,CMS,SRE,18.3744,29.9138,0.9183,1.4326,1,-1.8417,-0.0833,-1.925,HOLDING
2013-10-15,15,CMS,SRE,18.2516,29.4362,0.9183,2.0299,1,-1.4802,-0.0833,-1.5636,HOLDING
2013-10-16,15,CMS,SRE,18.3335,30.1338,0.9183,0.1347,1,-2.2302,-0.0833,-2.3135,HOLDING
2013-10-17,15,CMS,SRE,18.5995,30.7592,0.9183,-0.3174,1,-2.4636,-0.0833,-2.547,HOLDING
2013-10-18,15,CMS,SRE,18.6336,31.0753,0.9183,-1.0424,1,-2.8103,-0.0833,-2.8937,HOLDING
2013-10-21,15,CMS,SRE,18.6881,30.8451,0.9183,0.0677,1,-2.377,-0.0833,-2.4603,HOLDING
2013-10-22,15,CMS,SRE,18.8382,31.1887,0.9183,-0.1332,1,-2.4964,-0.0833,-2.5797,HOLDING
2013-10-23,15,CMS,SRE,18.8996,31.1406,0.9183,0.3465,1,-2.292,-0.0833,-2.3753,HOLDING
2013-10-24,15,CMS,SRE,18.9882,30.9516,0.9183,1.3638,1,-1.8363,-0.0833,-1.9196,HOLDING
2013-10-25,15,CMS,SRE,19.1178,31.3434,0.9183,0.7488,1,-2.0669,-0.0833,-2.1502,HOLDING
2013-10-28,15,CMS,SRE,19.1315,31.3262,0.9183,0.8409,1,-2.0127,-0.0833,-2.0961,HOLDING
2013-10-29,15,CMS,SRE,19.0701,31.6492,0.9183,-0.5476,1,-2.5862,-0.0833,-2.6695,HOLDING
2013-10-30,15,CMS,SRE,18.8877,31.553,0.9183,-1.2007,1,-2.8726,-0.0833,-2.9559,HOLDING
2013-10-31,15,CMS,SRE,18.9015,31.3193,0.9183,-0.3797,1,-2.5276,-0.0833,-2.6109,HOLDING
2013-11-01,15,CMS,SRE,19.0116,31.5186,0.9183,-0.4095,1,-2.5442,-0.0833,-2.6275,HOLDING
2013-11-04,15,CMS,SRE,19.0185,31.5908,0.9183,-0.6817,1,0.0,-2.7945,-2.7945,PERIOD_END_EXIT
2013-05-08,16,DOC,VTR,24.3244,51.9499,0.8559,0.0,0,0.0,0.0,0.0,HOLD_CASH
2013-05-09,16,DOC,VTR,23.9679,51.3238,0.8559,0.0,0,0.0,0.0,0.0,HOLD_CASH
2013-05-10,16,DOC,VTR,24.0605,51.6956,0.8559,0.0,0,0.0,0.0,0.0,HOLD_CASH
2013-05-13,16,DOC,VTR,24.1346,52.0934,0.8559,0.0,0,0.0,0.0,0.0,HOLD_CASH
2013-05-14,16,DOC,VTR,24.7551,52.5173,0.8559,0.0,0,0.0,0.0,0.0,HOLD_CASH
2013-05-15,16,DOC,VTR,25.1672,53.3455,0.8559,0.0,0,0.0,0.0,0.0,HOLD_CASH
2013-05-16,16,DOC,VTR,25.0746,52.9738,0.8559,0.0,0,0.0,0.0,0.0,HOLD_CASH
2013-05-17,16,DOC,VTR,25.1811,53.2607,0.8559,0.0,0,0.0,0.0,0.0,HOLD_CASH
2013-05-20,16,DOC,VTR,25.3339,53.6716,0.8559,0.0,0,0.0,0.0,0.0,HOLD_CASH
2013-05-21,16,DOC,VTR,25.5979,54.0824,0.8559,0.0,0,0.0,0.0,0.0,HOLD_CASH
2013-05-22,16,DOC,VTR,25.0885,52.6347,0.8559,0.0,0,0.0,0.0,0.0,HOLD_CASH
2013-05-23,16,DOC,VTR,24.0235,50.913,0.8559,0.0,0,0.0,0.0,0.0,HOLD_CASH
2013-05-24,16,DOC,VTR,23.5372,49.9935,0.8559,0.0,0,0.0,0.0,0.0,HOLD_CASH
2013-05-28,16,DOC,VTR,22.9492,48.8066,0.8559,0.0,0,0.0,0.0,0.0,HOLD_CASH
2013-05-29,16,DOC,VTR,22.1666,47.3197,0.8559,0.0,0,0.0,0.0,0.0,HOLD_CASH
2013-05-30,16,DOC,VTR,22.1759,47.4697,0.8559,0.0,0,0.0,0.0,0.0,HOLD_CASH
2013-05-31,16,DOC,VTR,21.9397,46.5436,0.8559,0.0,0,0.0,0.0,0.0,HOLD_CASH
2013-06-03,16,DOC,VTR,22.2407,47.0308,0.8559,0.0,0,0.0,0.0,0.0,HOLD_CASH
2013-06-04,16,DOC,VTR,21.7684,46.2408,0.8559,0.0,0,0.0,0.0,0.0,HOLD_CASH
2013-06-05,16,DOC,VTR,21.5739,45.7536,0.8559,-1.0574,0,0.0,0.0,0.0,HOLD_CASH
2013-06-06,16,DOC,VTR,22.1064,46.932,0.8559,-0.7705,0,0.0,0.0,0.0,HOLD_CASH
2013-06-07,16,DOC,VTR,22.023,46.9057,0.8559,-1.0033,0,0.0,0.0,0.0,HOLD_CASH
2013-06-10,16,DOC,VTR,21.597,46.4054,0.8559,-1.6911,0,0.0,0.0,0.0,HOLD_CASH
2013-06-11,16,DOC,VTR,21.2451,46.0499,0.8559,-2.1052,1,0.0,-0.0833,-0.0833,ENTER_LONG_A
2013-06-12,16,DOC,VTR,21.0043,45.1348,0.8559,-1.4987,1,0.2548,-0.0833,0.1714,HOLDING
2013-06-13,16,DOC,VTR,21.296,45.7536,0.8559,-1.2208,1,0.3549,-0.0833,0.2715,HOLDING
2013-06-14,16,DOC,VTR,21.2775,46.3659,0.8559,-1.7739,1,-0.1952,-0.0833,-0.2786,HOLDING
2013-06-17,16,DOC,VTR,21.1942,47.0045,0.8559,-2.2718,1,-0.9043,-0.0833,-0.9877,HOLDING
2013-06-18,16,DOC,VTR,21.2914,47.1822,0.8559,-1.9043,1,-0.8471,-0.0833,-0.9305,HOLDING
2013-06-19,16,DOC,VTR,20.4486,45.1414,0.8559,-1.818,1,-0.9251,-0.0833,-1.0085,HOLDING
2013-06-20,16,DOC,VTR,19.3975,42.383,0.8559,-1.6338,1,-0.8447,-0.0833,-0.928,HOLDING
2013-06-21,16,DOC,VTR,19.9995,43.094,0.8559,-0.6778,1,-0.1658,-0.0833,-0.2491,HOLDING
2013-06-24,16,DOC,VTR,19.629,42.9558,0.8559,-1.4211,1,-0.8334,-0.0833,-0.9167,HOLDING
2013-06-25,16,DOC,VTR,20.3421,44.3514,0.8559,-0.8652,1,-0.491,-0.0833,-0.5743,HOLDING
2013-06-26,16,DOC,VTR,20.9302,45.3125,0.8559,-0.2314,1,-0.0502,-0.0833,-0.1335,HOLDING
2013-06-27,16,DOC,VTR,21.1525,45.9446,0.8559,-0.2549,1,-0.1079,-0.0833,-0.1912,HOLDING
2013-06-28,16,DOC,VTR,21.0414,45.7273,0.8559,-0.2587,1,-0.1614,-0.0833,-0.2448,HOLDING
2013-07-01,16,DOC,VTR,20.8145,45.1677,0.8559,-0.1951,1,-0.174,-0.0833,-0.2573,HOLDING
2013-07-02,16,DOC,VTR,21.3007,45.9906,0.8559,0.4013,1,0.1669,-0.0833,0.0835,HOLDING
2013-07-03,16,DOC,VTR,20.8052,45.5693,0.8559,-0.6455,1,-0.5287,-0.0833,-0.612,HOLDING
2013-07-05,16,DOC,VTR,20.5829,44.7925,0.8559,-0.2515,1,-0.3502,-0.0833,-0.4335,HOLDING
2013-07-08,16,DOC,VTR,20.6339,44.7925,0.8559,0.0914,1,-0.2425,-0.0833,-0.3258,HOLDING
2013-07-09,16,DOC,VTR,20.8747,45.4376,0.8559,0.1175,1,-0.272,-0.0833,-0.3553,HOLDING
2013-07-10,16,DOC,VTR,20.8376,45.194,0.8559,0.4574,1,-0.147,-0.0833,-0.2303,HOLDING
2013-07-11,16,DOC,VTR,21.5554,46.9057,0.8559,0.7655,1,-0.0585,-0.0833,-0.1419,HOLDING
2013-07-12,16,DOC,VTR,21.4766,46.4449,0.8559,1.4255,1,0.1597,-0.0833,0.0764,HOLDING
2013-07-15,16,DOC,VTR,21.5924,46.5371,0.8559,1.6742,1,0.3274,-0.0833,0.2441,HOLDING
2013-07-16,16,DOC,VTR,21.4442,46.6687,0.8559,0.529,1,-0.0956,-0.0833,-0.179,HOLDING
2013-07-17,16,DOC,VTR,21.8934,47.1493,0.8559,1.7564,1,0.4526,-0.0833,0.3693,HOLDING
2013-07-18,16,DOC,VTR,21.6896,47.5048,0.8559,-0.217,1,-0.2747,-0.0833,-0.358,HOLDING
2013-07-19,16,DOC,VTR,21.5276,47.0308,0.8559,-0.1991,1,-0.2217,-0.0833,-0.305,HOLDING
2013-07-22,16,DOC,VTR,21.56,47.1427,0.8559,-0.2653,1,-0.2465,-0.0833,-0.3299,HOLDING
2013-07-23,16,DOC,VTR,21.4257,47.0505,0.8559,-1.1932,1,-0.4534,-0.0833,-0.5367,HOLDING
2013-07-24,16,DOC,VTR,20.8191,45.3981,0.8559,-0.9249,1,-0.3565,-0.0833,-0.4398,HOLDING
2013-07-25,16,DOC,VTR,20.9163,45.5232,0.8559,-0.4639,1,-0.2554,-0.0833,-0.3387,HOLDING
2013-07-26,16,DOC,VTR,20.9904,45.0492,0.8559,1.5884,1,0.2968,-0.0833,0.2135,HOLDING
2013-07-29,16,DOC,VTR,20.87,45.0229,0.8559,0.6572,1,0.0644,-0.0833,-0.019,HOLDING
2013-07-30,16,DOC,VTR,20.6848,44.6542,0.8559,0.3161,1,-0.0195,-0.0833,-0.1028,HOLDING
2013-07-31,16,DOC,VTR,20.3144,43.2783,0.8559,1.6344,1,0.3459,-0.0833,0.2625,HOLDING
2013-08-01,16,DOC,VTR,19.7215,42.6068,0.8559,-0.9926,1,-0.3467,-0.0833,-0.4301,HOLDING
2013-08-02,16,DOC,VTR,20.0636,42.7582,0.8559,1.2014,1,0.25,-0.0833,0.1666,HOLDING
2013-08-05,16,DOC,VTR,20.1386,42.9426,0.8559,1.0913,1,0.2546,-0.0833,0.1713,HOLDING
2013-08-06,16,DOC,VTR,19.8434,42.62,0.8559,-0.2684,1,-0.1002,-0.0833,-0.1835,HOLDING
2013-08-07,16,DOC,VTR,19.7074,42.2645,0.8559,-0.2345,1,-0.0908,-0.0833,-0.1741,HOLDING
2013-08-08,16,DOC,VTR,19.7168,42.3501,0.8559,-0.4233,1,-0.1424,-0.0833,-0.2257,HOLDING
2013-08-09,16,DOC,VTR,19.8621,42.5344,0.8559,0.1899,1,0.0108,-0.0833,-0.0725,HOLDING
2013-08-12,16,DOC,VTR,19.7824,42.4159,0.8559,-0.011,1,-0.0587,-0.0833,-0.142,HOLDING
2013-08-13,16,DOC,VTR,19.2763,41.6193,0.8559,-1.5,1,-0.4636,-0.0833,-0.547,HOLDING
2013-08-14,16,DOC,VTR,19.0747,41.2705,0.8559,-1.8328,1,-0.5984,-0.0833,-0.6817,HOLDING
2013-08-15,16,DOC,VTR,18.8498,40.2105,0.8559,-0.1859,1,-0.1893,-0.0833,-0.2726,HOLDING
2013-08-16,16,DOC,VTR,18.4608,39.1901,0.8559,-0.0203,1,-0.1598,-0.0833,-0.2432,HOLDING
2013-08-19,16,DOC,VTR,18.4655,38.749,0.8559,1.4115,1,0.2182,-0.0833,0.1348,HOLDING
2013-08-20,16,DOC,VTR,18.7373,39.7168,0.8559,0.3417,1,-0.0149,-0.0833,-0.0983,HOLDING
2013-08-21,16,DOC,VTR,18.9576,40.3224,0.8559,0.078,1,-0.0549,-0.0833,-0.1382,HOLDING
2013-08-22,16,DOC,VTR,18.8826,40.1052,0.8559,0.1394,1,-0.032,-0.0833,-0.1154,HOLDING
2013-08-23,16,DOC,VTR,19.1919,41.0598,0.8559,-0.4503,1,-0.1749,-0.0833,-0.2583,HOLDING
2013-08-26,16,DOC,VTR,18.9997,40.8228,0.8559,-1.2155,1,-0.3833,-0.0833,-0.4666,HOLDING
2013-08-27,16,DOC,VTR,19.1778,41.3824,0.8559,-1.4328,1,-0.4739,-0.0833,-0.5572,HOLDING
2013-08-28,16,DOC,VTR,19.3091,41.3165,0.8559,-0.0385,1,-0.1416,-0.0833,-0.2249,HOLDING
2013-08-29,16,DOC,VTR,19.1122,41.1783,0.8559,-1.2712,1,-0.4422,-0.0833,-0.5256,HOLDING
2013-08-30,16,DOC,VTR,19.0888,40.9874,0.8559,-0.7259,1,-0.3324,-0.0833,-0.4158,HOLDING
2013-09-03,16,DOC,VTR,18.9763,40.5331,0.8559,0.0139,1,-0.191,-0.0833,-0.2744,HOLDING
2013-09-04,16,DOC,VTR,18.981,40.6319,0.8559,-0.3106,1,-0.2636,-0.0833,-0.3469,HOLDING
2013-09-05,16,DOC,VTR,18.6107,39.7892,0.8559,-0.5977,1,-0.3428,-0.0833,-0.4262,HOLDING
2013-09-06,16,DOC,VTR,19.1638,40.4607,0.8559,1.9644,1,0.2656,-0.0833,0.1823,HOLDING
2013-09-09,16,DOC,VTR,19.5247,40.9215,0.8559,2.6694,1,0.6437,-0.0833,0.5604,HOLDING
2013-09-10,16,DOC,VTR,19.2153,40.3685,0.8559,1.8032,1,0.4515,-0.0833,0.3682,HOLDING
2013-09-11,16,DOC,VTR,19.4262,40.8478,0.8559,1.667,1,0.4973,-0.0833,0.4139,HOLDING
2013-09-12,16,DOC,VTR,19.3231,40.4085,0.8559,1.872,1,0.646,-0.0833,0.5626,HOLDING
2013-09-13,16,DOC,VTR,19.4169,40.901,0.8559,1.1261,1,0.433,-0.0833,0.3497,HOLDING
2013-09-16,16,DOC,VTR,19.7871,42.0858,0.8559,0.4702,1,0.2268,-0.0833,0.1434,HOLDING
2013-09-17,16,DOC,VTR,19.5715,41.8595,0.8559,-0.183,1,-0.04,-0.0833,-0.1233,HOLDING
2013-09-18,16,DOC,VTR,20.5979,43.6233,0.8559,1.4023,1,0.6572,-0.0833,0.5739,HOLDING
2013-09-19,16,DOC,VTR,20.3261,42.8179,0.8559,1.4871,1,0.7549,-0.0833,0.6715,HOLDING
2013-09-20,16,DOC,VTR,19.7262,41.8861,0.8559,0.3634,1,0.2646,-0.0833,0.1813,HOLDING
2013-09-23,16,DOC,VTR,19.5153,41.5866,0.8559,-0.117,1,0.0689,-0.0833,-0.0144,HOLDING
2013-09-24,16,DOC,VTR,19.4028,41.54,0.8559,-0.6433,1,-0.13,-0.0833,-0.2133,HOLDING
2013-09-25,16,DOC,VTR,19.5293,41.9127,0.8559,-0.8354,1,-0.1736,-0.0833,-0.2569,HOLDING
2013-09-26,16,DOC,VTR,19.5856,42.1191,0.8559,-0.9551,1,-0.2269,-0.0833,-0.3103,HOLDING
2013-09-27,16,DOC,VTR,19.4731,41.7064,0.8559,-0.7512,1,-0.1203,-0.0833,-0.2036,HOLDING
2013-09-30,16,DOC,VTR,19.1919,40.9343,0.8559,-0.6507,1,-0.0702,-0.0833,-0.1535,HOLDING
2013-10-01,16,DOC,VTR,19.6418,42.0059,0.8559,-0.5619,1,-0.0136,-0.0833,-0.097,HOLDING
2013-10-02,16,DOC,VTR,19.5762,42.2522,0.8559,-1.4969,1,-0.3579,-0.0833,-0.4412,HOLDING
2013-10-03,16,DOC,VTR,18.6623,41.2871,0.8559,-3.1902,1,-1.4839,-0.0833,-1.5673,HOLDING
2013-10-04,16,DOC,VTR,18.3014,41.0674,0.8559,-2.977,1,-2.0633,-0.0833,-2.1467,HOLDING
2013-10-07,16,DOC,VTR,18.6811,41.347,0.8559,-1.8271,1,-1.4943,-0.0833,-1.5776,HOLDING
2013-10-08,16,DOC,VTR,18.8216,41.3203,0.8559,-1.2525,1,-1.1749,-0.0833,-1.2583,HOLDING
2013-10-09,16,DOC,VTR,18.8451,41.3004,0.8559,-1.0539,1,-1.1087,-0.0833,-1.1921,HOLDING
2013-10-10,16,DOC,VTR,19.1544,42.3786,0.8559,-1.2213,1,-1.3548,-0.0833,-1.4382,HOLDING
2013-10-11,16,DOC,VTR,19.4684,42.6582,0.8559,-0.6023,1,-0.9245,-0.0833,-1.0078,HOLDING
2013-10-14,16,DOC,VTR,19.4262,42.3454,0.8559,-0.3297,1,-0.7526,-0.0833,-0.8359,HOLDING
2013-10-15,16,DOC,VTR,19.3044,42.1324,0.8559,-0.3858,1,-0.8323,-0.0833,-0.9157,HOLDING
2013-10-16,16,DOC,VTR,19.7168,43.0442,0.8559,-0.1585,1,-0.7217,-0.0833,-0.805,HOLDING
2013-10-17,16,DOC,VTR,20.0777,43.8097,0.8559,0.1191,1,-0.5978,-0.0833,-0.6811,HOLDING
2013-10-18,16,DOC,VTR,19.9511,43.6233,0.8559,0.0253,1,-0.7097,-0.0833,-0.793,HOLDING
2013-10-21,16,DOC,VTR,19.7168,43.1441,0.8559,-0.0656,1,-0.805,-0.0833,-0.8883,HOLDING
2013-10-22,16,DOC,VTR,19.9277,43.823,0.8559,-0.1974,1,-0.9259,-0.0833,-1.0092,HOLDING
2013-10-23,16,DOC,VTR,19.9558,43.9295,0.8559,-0.1844,1,-0.9553,-0.0833,-1.0387,HOLDING
2013-10-24,16,DOC,VTR,19.8668,43.9428,0.8559,-0.4738,1,-1.1546,-0.0833,-1.238,HOLDING
2013-10-25,16,DOC,VTR,20.1761,44.8147,0.8559,-0.5061,1,-1.2286,-0.0833,-1.3119,HOLDING
2013-10-28,16,DOC,VTR,20.0824,44.3288,0.8559,-0.0282,1,-1.0212,-0.0833,-1.1045,HOLDING
2013-10-29,16,DOC,VTR,19.7543,44.0027,0.8559,-0.9004,1,-1.4424,-0.0833,-1.5257,HOLDING
2013-10-30,16,DOC,VTR,19.8293,43.8097,0.8559,-0.0338,1,-1.1228,-0.0833,-1.2061,HOLDING
2013-10-31,16,DOC,VTR,19.694,43.4236,0.8559,-0.0117,1,-1.0864,-0.0833,-1.1698,HOLDING
2013-11-01,16,DOC,VTR,19.7937,43.6233,0.8559,-0.0521,1,-1.0424,-0.0833,-1.1258,HOLDING
2013-11-04,16,DOC,VTR,19.8744,43.8097,0.8559,-0.0974,1,0.0,-1.1894,-1.1894,PERIOD_END_EXIT
2013-05-08,17,KIM,REG,13.6239,36.8244,1.1923,0.0,0,0.0,0.0,0.0,HOLD_CASH
2013-05-09,17,KIM,REG,13.5204,36.3205,1.1923,0.0,0,0.0,0.0,0.0,HOLD_CASH
2013-05-10,17,KIM,REG,13.6076,36.2085,1.1923,0.0,0,0.0,0.0,0.0,HOLD_CASH
2013-05-13,17,KIM,REG,13.5476,36.2396,1.1923,0.0,0,0.0,0.0,0.0,HOLD_CASH
2013-05-14,17,KIM,REG,13.4986,36.2396,1.1923,0.0,0,0.0,0.0,0.0,HOLD_CASH
2013-05-15,17,KIM,REG,13.4441,36.4387,1.1923,0.0,0,0.0,0.0,0.0,HOLD_CASH
2013-05-16,17,KIM,REG,13.1607,35.8727,1.1923,0.0,0,0.0,0.0,0.0,HOLD_CASH
2013-05-17,17,KIM,REG,13.1989,35.9908,1.1923,0.0,0,0.0,0.0,0.0,HOLD_CASH
2013-05-20,17,KIM,REG,13.1444,35.9614,1.1923,0.0,0,0.0,0.0,0.0,HOLD_CASH
2013-05-21,17,KIM,REG,13.1825,36.2812,1.1923,0.0,0,0.0,0.0,0.0,HOLD_CASH
2013-05-22,17,KIM,REG,12.8991,35.1086,1.1923,0.0,0,0.0,0.0,0.0,HOLD_CASH
2013-05-23,17,KIM,REG,12.7411,34.4376,1.1923,0.0,0,0.0,0.0,0.0,HOLD_CASH
2013-05-24,17,KIM,REG,12.6158,34.1554,1.1923,0.0,0,0.0,0.0,0.0,HOLD_CASH
2013-05-28,17,KIM,REG,12.4359,33.4782,1.1923,0.0,0,0.0,0.0,0.0,HOLD_CASH
2013-05-29,17,KIM,REG,12.2888,32.8386,1.1923,0.0,0,0.0,0.0,0.0,HOLD_CASH
2013-05-30,17,KIM,REG,12.0926,32.5941,1.1923,0.0,0,0.0,0.0,0.0,HOLD_CASH
2013-05-31,17,KIM,REG,12.0708,32.3558,1.1923,0.0,0,0.0,0.0,0.0,HOLD_CASH
2013-06-03,17,KIM,REG,12.0599,32.4248,1.1923,0.0,0,0.0,0.0,0.0,HOLD_CASH
2013-06-04,17,KIM,REG,11.8964,31.8479,1.1923,0.0,0,0.0,0.0,0.0,HOLD_CASH
2013-06-05,17,KIM,REG,11.6348,31.4152,1.1923,1.1836,0,0.0,0.0,0.0,HOLD_CASH
2013-06-06,17,KIM,REG,11.9836,32.2994,1.1923,0.8652,0,0.0,0.0,0.0,HOLD_CASH
2013-06-07,17,KIM,REG,12.0599,32.1363,1.1923,1.4651,0,0.0,0.0,0.0,HOLD_CASH
2013-06-10,17,KIM,REG,12.0926,32.4248,1.1923,0.9241,0,0.0,0.0,0.0,HOLD_CASH
2013-06-11,17,KIM,REG,11.9019,31.6974,1.1923,1.4083,0,0.0,0.0,0.0,HOLD_CASH
2013-06-12,17,KIM,REG,11.8201,31.503,1.1923,1.2832,0,0.0,0.0,0.0,HOLD_CASH
2013-06-13,17,KIM,REG,12.0327,32.268,1.1923,0.633,0,0.0,0.0,0.0,HOLD_CASH
2013-06-14,17,KIM,REG,11.9945,32.2931,1.1923,0.3374,0,0.0,0.0,0.0,HOLD_CASH
2013-06-17,17,KIM,REG,12.0218,31.9419,1.1923,1.119,0,0.0,0.0,0.0,HOLD_CASH
2013-06-18,17,KIM,REG,12.1362,32.105,1.1923,1.251,0,0.0,0.0,0.0,HOLD_CASH
2013-06-19,17,KIM,REG,11.7602,30.8572,1.1923,2.2779,-1,0.0,-0.0833,-0.0833,ENTER_SHORT_A
2013-06-20,17,KIM,REG,11.2207,29.3585,1.1923,2.6587,-1,-0.4573,-0.0833,-0.5407,HOLDING
2013-06-21,17,KIM,REG,11.3569,29.2895,1.1923,2.764,-1,-0.999,-0.0833,-1.0823,HOLDING
2013-06-24,17,KIM,REG,11.3133,29.7034,1.1923,1.489,-1,-0.2502,-0.0833,-0.3335,HOLDING
2013-06-25,17,KIM,REG,11.3951,30.3116,1.1923,0.4983,-1,0.3789,-0.0833,0.2956,HOLDING
2013-06-26,17,KIM,REG,11.4713,30.9199,1.1923,-0.4623,-1,1.0256,-0.0833,0.9423,HOLDING
2013-06-27,17,KIM,REG,11.7874,31.8291,1.1923,-0.8908,-1,1.3394,-0.0833,1.2561,HOLDING
2013-06-28,17,KIM,REG,11.6784,31.8605,1.1923,-1.3795,-1,1.7378,-0.0833,1.6545,HOLDING
2013-07-01,17,KIM,REG,11.5904,31.6034,1.1923,-1.2103,-1,1.6448,-0.0833,1.5615,HOLDING
2013-07-02,17,KIM,REG,11.8711,32.1865,1.1923,-1.0304,-1,1.5941,-0.0833,1.5108,HOLDING
2013-07-03,17,KIM,REG,11.7995,31.9796,1.1923,-0.9143,-1,1.5214,-0.0833,1.4381,HOLDING
2013-07-05,17,KIM,REG,11.7665,32.0172,1.1923,-1.0867,-1,1.6834,-0.0833,1.6001,HOLDING
2013-07-08,17,KIM,REG,11.9316,31.804,1.1923,-0.0033,-1,0.8366,-0.0833,0.7533,HOLDING
2013-07-09,17,KIM,REG,12.1242,32.2868,1.1923,-0.1199,-1,0.9232,-0.0833,0.8398,HOLDING
2013-07-10,17,KIM,REG,12.0857,32.2053,1.1923,-0.1193,-1,0.928,-0.0833,0.8446,HOLDING
2013-07-11,17,KIM,REG,12.3664,32.9578,1.1923,-0.3255,-1,1.1259,-0.0833,1.0426,HOLDING
2013-07-12,17,KIM,REG,12.2948,32.6066,1.1923,-0.001,-1,0.8414,-0.0833,0.7581,HOLDING
2013-07-15,17,KIM,REG,12.3829,33.0142,1.1923,-0.4024,-1,1.1555,-0.0833,1.0721,HOLDING
2013-07-16,17,KIM,REG,12.3884,33.0769,1.1923,-0.4622,-1,1.2298,-0.0833,1.1464,HOLDING
2013-07-17,17,KIM,REG,12.4159,33.2274,1.1923,-0.5729,-1,1.3618,-0.0833,1.2785,HOLDING
2013-07-18,17,KIM,REG,12.636,33.8482,1.1923,-0.7164,-1,1.5621,-0.0833,1.4787,HOLDING
2013-07-19,17,KIM,REG,12.6415,33.6287,1.1923,-0.212,-1,1.222,-0.0833,1.1386,HOLDING
2013-07-22,17,KIM,REG,12.7241,34.03,1.1923,-0.6532,-1,1.5445,-0.0833,1.4612,HOLDING
2013-07-23,17,KIM,REG,12.7406,34.099,1.1923,-0.7614,-1,1.5925,-0.0833,1.5091,HOLDING
2013-07-24,17,KIM,REG,12.4104,33.4594,1.1923,-1.15,-1,1.7204,-0.0833,1.6371,HOLDING
2013-07-25,17,KIM,REG,12.4874,33.5284,1.1923,-0.6038,-1,1.5726,-0.0833,1.4893,HOLDING
2013-07-26,17,KIM,REG,12.4985,33.6789,1.1923,-1.0845,-1,1.7581,-0.0833,1.6748,HOLDING
2013-07-29,17,KIM,REG,12.4489,33.7353,1.1923,-1.7274,-1,2.0011,-0.0833,1.9178,HOLDING
2013-07-30,17,KIM,REG,12.3278,33.5096,1.1923,-1.7653,-1,2.0609,-0.0833,1.9776,HOLDING
2013-07-31,17,KIM,REG,12.4104,33.0644,1.1923,0.6879,-1,1.1402,-0.0833,1.0568,HOLDING
2013-08-01,17,KIM,REG,12.57,33.6538,1.1923,-0.2493,-1,1.49,-0.0833,1.4067,HOLDING
2013-08-02,17,KIM,REG,12.3829,33.0957,1.1923,0.2449,-1,1.2752,-0.0833,1.1918,HOLDING
2013-08-05,17,KIM,REG,12.2123,32.7195,1.1923,0.2945,-1,1.274,-0.0833,1.1907,HOLDING
2013-08-06,17,KIM,REG,12.0967,32.5502,1.1923,-0.0392,-1,1.3989,-0.0833,1.3156,HOLDING
2013-08-07,17,KIM,REG,12.0857,32.3934,1.1923,0.6605,-1,1.2043,-0.0833,1.1209,HOLDING
2013-08-08,17,KIM,REG,12.1517,32.3809,1.1923,1.3936,-1,0.9724,-0.0833,0.889,HOLDING
2013-08-09,17,KIM,REG,12.1792,32.7132,1.1923,0.2001,-1,1.3716,-0.0833,1.2882,HOLDING
2013-08-12,17,KIM,REG,12.0417,32.6076,1.1923,-0.8049,-1,1.6611,-0.0833,1.5777,HOLDING
2013-08-13,17,KIM,REG,11.9316,32.1268,1.1923,0.4779,-1,1.3106,-0.0833,1.2273,HOLDING
2013-08-14,17,KIM,REG,11.9591,31.8863,1.1923,1.8701,-1,0.8686,-0.0833,0.7853,HOLDING
2013-08-15,17,KIM,REG,11.717,31.4182,1.1923,1.3331,-1,0.9637,-0.0833,0.8803,HOLDING
2013-08-16,17,KIM,REG,11.2822,30.9373,1.1923,-1.0474,-1,1.6628,-0.0833,1.5794,HOLDING
2013-08-19,17,KIM,REG,11.062,30.4818,1.1923,-1.1978,-1,1.7053,-0.0833,1.6219,HOLDING
2013-08-20,17,KIM,REG,11.3207,31.2031,1.1923,-1.5813,-1,1.9285,-0.0833,1.8452,HOLDING
2013-08-21,17,KIM,REG,11.2106,30.8171,1.1923,-0.9744,-1,1.7175,-0.0833,1.6341,HOLDING
2013-08-22,17,KIM,REG,11.2877,31.0386,1.1923,-1.0759,-1,1.7937,-0.0833,1.7103,HOLDING
2013-08-23,17,KIM,REG,11.3207,31.3296,1.1923,-1.7382,-1,2.1144,-0.0833,2.031,HOLDING
2013-08-26,17,KIM,REG,11.2712,31.1651,1.1923,-1.4793,-1,2.0329,-0.0833,1.9495,HOLDING
2013-08-27,17,KIM,REG,11.1446,30.9247,1.1923,-1.5935,-1,2.0889,-0.0833,2.0056,HOLDING
2013-08-28,17,KIM,REG,11.0951,30.5641,1.1923,-0.6399,-1,1.7194,-0.0833,1.636,HOLDING
2013-08-29,17,KIM,REG,11.1226,30.3553,1.1923,0.3544,-1,1.3237,-0.0833,1.2404,HOLDING
2013-08-30,17,KIM,REG,11.0235,30.0832,1.1923,0.5375,-1,1.2444,-0.0833,1.161,HOLDING
2013-09-03,17,KIM,REG,10.9465,29.4885,1.1923,1.8723,-1,0.6199,-0.0833,0.5366,HOLDING
2013-09-04,17,KIM,REG,11.1666,29.9314,1.1923,1.7919,-1,0.5589,-0.0833,0.4755,HOLDING
2013-09-05,17,KIM,REG,10.9134,29.5455,1.1923,1.1462,-1,0.8103,-0.0833,0.727,HOLDING
2013-09-06,17,KIM,REG,11.062,29.7036,1.1923,1.5832,-1,0.5623,-0.0833,0.479,HOLDING
2013-09-09,17,KIM,REG,11.2161,30.2857,1.1923,0.8551,-1,0.9191,-0.0833,0.8358,HOLDING
2013-09-10,17,KIM,REG,11.1886,30.3743,1.1923,0.3916,-1,1.1382,-0.0833,1.0548,HOLDING
2013-09-11,17,KIM,REG,11.2657,30.5451,1.1923,0.3931,-1,1.14,-0.0833,1.0567,HOLDING
2013-09-12,17,KIM,REG,11.1336,30.2224,1.1923,0.4924,-1,1.093,-0.0833,1.0097,HOLDING
2013-09-13,17,KIM,REG,11.1446,30.1908,1.1923,0.6691,-1,1.011,-0.0833,0.9277,HOLDING
2013-09-16,17,KIM,REG,11.3978,30.6526,1.1923,0.8979,-1,0.8711,-0.0833,0.7877,HOLDING
2013-09-17,17,KIM,REG,11.3592,30.8171,1.1923,0.1471,-1,1.2372,-0.0833,1.1538,HOLDING
2013-09-18,17,KIM,REG,11.5243,31.9876,1.1923,-1.8788,-1,2.4226,-0.0833,2.3393,HOLDING
2013-09-19,17,KIM,REG,11.6179,31.7851,1.1923,-0.7993,-1,1.8228,-0.0833,1.7395,HOLDING
2013-09-20,17,KIM,REG,11.3537,31.1714,1.1923,-0.7868,-1,1.7753,-0.0833,1.692,HOLDING
2013-09-23,17,KIM,REG,11.2767,31.0575,1.1923,-1.0048,-1,1.8571,-0.0833,1.7738,HOLDING
2013-09-24,17,KIM,REG,11.1501,30.5957,1.1923,-0.6056,-1,1.5879,-0.0833,1.5046,HOLDING
2013-09-25,17,KIM,REG,11.1116,30.621,1.1923,-1.0089,-1,1.7496,-0.0833,1.6663,HOLDING
2013-09-26,17,KIM,REG,11.2381,30.9057,1.1923,-0.983,-1,1.7586,-0.0833,1.6753,HOLDING
2013-09-27,17,KIM,REG,11.2106,30.6653,1.1923,-0.4388,-1,1.4945,-0.0833,1.4111,HOLDING
2013-09-30,17,KIM,REG,11.1061,30.5894,1.1923,-0.8625,-1,1.7209,-0.0833,1.6376,HOLDING
2013-10-01,17,KIM,REG,11.2173,31.2663,1.1923,-1.8074,-1,2.3557,-0.0833,2.2724,HOLDING
2013-10-02,17,KIM,REG,11.2229,31.0765,1.1923,-1.1543,-1,2.059,-0.0833,1.9756,HOLDING
2013-10-03,17,KIM,REG,10.9503,30.5451,1.1923,-1.3079,-1,2.1592,-0.0833,2.0759,HOLDING
2013-10-04,17,KIM,REG,10.8892,30.583,1.1923,-1.6796,-1,2.4127,-0.0833,2.3294,HOLDING
2013-10-07,17,KIM,REG,10.9003,30.7159,1.1923,-1.7568,-1,2.5719,-0.0833,2.4885,HOLDING
2013-10-08,17,KIM,REG,10.7056,30.3173,1.1923,-1.6919,-1,2.6156,-0.0833,2.5323,HOLDING
2013-10-09,17,KIM,REG,10.8892,30.2984,1.1923,-0.4054,-1,1.9945,-0.0833,1.9112,HOLDING
2013-10-10,17,KIM,REG,11.2284,31.1904,1.1923,-0.6081,-1,2.2082,-0.0833,2.1249,HOLDING
2013-10-11,17,KIM,REG,11.3396,31.4751,1.1923,-0.6071,-1,2.2669,-0.0833,2.1835,HOLDING
2013-10-14,17,KIM,REG,11.4119,31.4561,1.1923,0.1006,-1,2.0053,-0.0833,1.922,HOLDING
2013-10-15,17,KIM,REG,11.284,31.5194,1.1923,-1.1626,-1,2.5117,-0.0833,2.4283,HOLDING
2013-10-16,17,KIM,REG,11.5565,32.4557,1.1923,-2.0209,-1,3.0061,-0.0833,2.9228,HOLDING
2013-10-17,17,KIM,REG,11.64,32.7025,1.1923,-1.8719,-1,3.0989,-0.0833,3.0156,HOLDING
2013-10-18,17,KIM,REG,11.601,32.6455,1.1923,-1.7215,-1,3.1411,-0.0833,3.0577,HOLDING
2013-10-21,17,KIM,REG,11.5343,32.519,1.1923,-1.5902,-1,3.1709,-0.0833,3.0876,HOLDING
2013-10-22,17,KIM,REG,11.6956,33.0631,1.1923,-1.7974,-1,3.4488,-0.0833,3.3655,HOLDING
2013-10-23,17,KIM,REG,11.6956,33.2656,1.1923,-1.9875,-1,3.7461,-0.0833,3.6628,HOLDING
2013-10-24,17,KIM,REG,11.8012,33.4237,1.1923,-1.5669,-1,3.6369,-0.0833,3.5536,HOLDING
2013-10-25,17,KIM,REG,12.0181,33.7147,1.1923,-0.9724,-1,3.3633,-0.0833,3.28,HOLDING
2013-10-28,17,KIM,REG,12.0126,33.5123,1.1923,-0.4147,-1,3.0839,-0.0833,3.0006,HOLDING
2013-10-29,17,KIM,REG,11.9403,33.2972,1.1923,-0.2414,-1,3.0017,-0.0833,2.9184,HOLDING
2013-10-30,17,KIM,REG,12.0404,33.1833,1.1923,0.7938,-1,2.5108,-0.0833,2.4275,HOLDING
2013-10-31,17,KIM,REG,11.9458,32.6835,1.1923,1.5434,-1,2.0823,-0.0833,1.999,HOLDING
2013-11-01,17,KIM,REG,11.9903,33.0378,1.1923,0.7998,-1,2.4589,-0.0833,2.3756,HOLDING
2013-11-04,17,KIM,REG,12.0459,32.6962,1.1923,1.8272,-1,0.0,1.6071,1.6071,PERIOD_END_EXIT
2013-05-08,18,USB,XOM,21.7646,54.1412,0.8482,0.0,0,0.0,0.0,0.0,HOLD_CASH
2013-05-09,18,USB,XOM,21.7515,54.1174,0.8482,0.0,0,0.0,0.0,0.0,HOLD_CASH
2013-05-10,18,USB,XOM,21.8691,53.5883,0.8482,0.0,0,0.0,0.0,0.0,HOLD_CASH
2013-05-13,18,USB,XOM,21.8756,53.5645,0.8482,0.0,0,0.0,0.0,0.0,HOLD_CASH
2013-05-14,18,USB,XOM,22.1303,54.165,0.8482,0.0,0,0.0,0.0,0.0,HOLD_CASH
2013-05-15,18,USB,XOM,22.4241,54.2423,0.8482,0.0,0,0.0,0.0,0.0,HOLD_CASH
2013-05-16,18,USB,XOM,22.4045,53.9212,0.8482,0.0,0,0.0,0.0,0.0,HOLD_CASH
2013-05-17,18,USB,XOM,22.6396,54.5514,0.8482,0.0,0,0.0,0.0,0.0,HOLD_CASH
2013-05-20,18,USB,XOM,22.94,55.0032,0.8482,0.0,0,0.0,0.0,0.0,HOLD_CASH
2013-05-21,18,USB,XOM,23.0445,55.1697,0.8482,0.0,0,0.0,0.0,0.0,HOLD_CASH
2013-05-22,18,USB,XOM,23.0967,54.8071,0.8482,0.0,0,0.0,0.0,0.0,HOLD_CASH
2013-05-23,18,USB,XOM,22.9988,54.5693,0.8482,0.0,0,0.0,0.0,0.0,HOLD_CASH
2013-05-24,18,USB,XOM,23.1228,54.4147,0.8482,0.0,0,0.0,0.0,0.0,HOLD_CASH
2013-05-28,18,USB,XOM,23.2077,54.92,0.8482,0.0,0,0.0,0.0,0.0,HOLD_CASH
2013-05-29,18,USB,XOM,23.0706,54.7417,0.8482,0.0,0,0.0,0.0,0.0,HOLD_CASH
2013-05-30,18,USB,XOM,23.2012,54.7476,0.8482,0.0,0,0.0,0.0,0.0,HOLD_CASH
2013-05-31,18,USB,XOM,22.8943,53.7845,0.8482,0.0,0,0.0,0.0,0.0,HOLD_CASH
2013-06-03,18,USB,XOM,23.0314,54.3731,0.8482,0.0,0,0.0,0.0,0.0,HOLD_CASH
2013-06-04,18,USB,XOM,23.0249,53.9748,0.8482,0.0,0,0.0,0.0,0.0,HOLD_CASH
2013-06-05,18,USB,XOM,22.8616,53.297,0.8482,1.2432,0,0.0,0.0,0.0,HOLD_CASH
2013-06-06,18,USB,XOM,23.1032,53.6418,0.8482,1.403,0,0.0,0.0,0.0,HOLD_CASH
2013-06-07,18,USB,XOM,23.4232,54.3671,0.8482,1.4747,0,0.0,0.0,0.0,HOLD_CASH
2013-06-10,18,USB,XOM,23.2404,54.1709,0.8482,1.1161,0,0.0,0.0,0.0,HOLD_CASH
2013-06-11,18,USB,XOM,23.1228,53.7786,0.8482,1.1297,0,0.0,0.0,0.0,HOLD_CASH
2013-06-12,18,USB,XOM,23.1163,53.3505,0.8482,1.544,0,0.0,0.0,0.0,HOLD_CASH
2013-06-13,18,USB,XOM,23.1555,54.2958,0.8482,0.4463,0,0.0,0.0,0.0,HOLD_CASH
2013-06-14,18,USB,XOM,22.8616,53.8499,0.8482,-0.1583,0,0.0,0.0,0.0,HOLD_CASH
2013-06-17,18,USB,XOM,23.0053,54.4028,0.8482,-0.547,0,0.0,0.0,0.0,HOLD_CASH
2013-06-18,18,USB,XOM,23.0837,54.6525,0.8482,-0.7305,0,0.0,0.0,0.0,HOLD_CASH
2013-06-19,18,USB,XOM,22.9792,54.0996,0.8482,-0.3557,0,0.0,0.0,0.0,HOLD_CASH
2013-06-20,18,USB,XOM,22.8943,52.9403,0.8482,1.4501,0,0.0,0.0,0.0,HOLD_CASH
2013-06-21,18,USB,XOM,23.2273,53.1959,0.8482,2.3065,-1,0.0,-0.0833,-0.0833,ENTER_SHORT_A
2013-06-24,18,USB,XOM,23.1098,52.6015,0.8482,2.2653,-1,-0.1992,-0.0833,-0.2826,HOLDING
2013-06-25,18,USB,XOM,23.4689,52.976,0.8482,2.4871,-1,-0.6272,-0.0833,-0.7105,HOLDING
2013-06-26,18,USB,XOM,23.6135,53.3862,0.8482,2.0697,-1,-0.6129,-0.0833,-0.6962,HOLDING
2013-06-27,18,USB,XOM,23.7515,53.5289,0.8482,1.9703,-1,-0.7782,-0.0833,-0.8616,HOLDING
2013-06-28,18,USB,XOM,23.7581,53.7132,0.8482,1.5717,-1,-0.6585,-0.0833,-0.7419,HOLDING
2013-07-01,18,USB,XOM,23.8632,53.6834,0.8482,1.6557,-1,-0.884,-0.0833,-0.9673,HOLDING
2013-07-02,18,USB,XOM,23.8567,53.8856,0.8482,1.2914,-1,-0.7259,-0.0833,-0.8093,HOLDING
2013-07-03,18,USB,XOM,23.8895,53.9153,0.8482,1.2084,-1,-0.7684,-0.0833,-0.8517,HOLDING
2013-07-05,18,USB,XOM,24.159,54.4384,0.8482,1.242,-1,-0.9153,-0.0833,-0.9986,HOLDING
2013-07-08,18,USB,XOM,24.3496,54.8427,0.8482,1.1981,-1,-0.9946,-0.0833,-1.078,HOLDING
2013-07-09,18,USB,XOM,24.5073,55.4907,0.8482,0.9146,-1,-0.835,-0.0833,-0.9183,HOLDING
2013-07-10,18,USB,XOM,24.3627,55.1816,0.8482,0.7707,-1,-0.7765,-0.0833,-0.8599,HOLDING
2013-07-11,18,USB,XOM,24.4153,55.4491,0.8482,0.6066,-1,-0.6863,-0.0833,-0.7696,HOLDING
2013-07-12,18,USB,XOM,24.7505,55.5264,0.8482,1.1505,-1,-1.2813,-0.0833,-1.3647,HOLDING
2013-07-15,18,USB,XOM,24.6453,55.4372,0.8482,0.9175,-1,-1.1413,-0.0833,-1.2247,HOLDING
2013-07-16,18,USB,XOM,24.4942,55.4669,0.8482,0.467,-1,-0.8265,-0.0833,-0.9099,HOLDING
2013-07-17,18,USB,XOM,24.1459,55.5621,0.8482,-0.8199,-1,-0.082,-0.0833,-0.1653,HOLDING
2013-07-18,18,USB,XOM,24.3627,56.109,0.8482,-1.1886,-1,-0.1098,-0.0833,-0.1931,HOLDING
2013-07-19,18,USB,XOM,24.4876,56.5787,0.8482,-1.6911,-1,-0.0145,-0.0833,-0.0978,HOLDING
2013-07-22,18,USB,XOM,24.5467,56.3765,0.8482,-1.1054,-1,-0.2747,-0.0833,-0.358,HOLDING
2013-07-23,18,USB,XOM,24.6716,56.5965,0.8482,-0.9144,-1,-0.3589,-0.0833,-0.4422,HOLDING
2013-07-24,18,USB,XOM,24.6716,56.4717,0.8482,-0.6215,-1,-0.4487,-0.0833,-0.532,HOLDING
2013-07-25,18,USB,XOM,24.619,56.4598,0.8482,-0.8317,-1,-0.3552,-0.0833,-0.4385,HOLDING
2013-07-26,18,USB,XOM,24.6716,56.3528,0.8482,-0.2963,-1,-0.5341,-0.0833,-0.6175,HOLDING
2013-07-29,18,USB,XOM,24.6388,55.9009,0.8482,0.4189,-1,-0.7952,-0.0833,-0.8786,HOLDING
2013-07-30,18,USB,XOM,24.7768,55.7702,0.8482,1.34,-1,-1.1571,-0.0833,-1.2405,HOLDING
2013-07-31,18,USB,XOM,24.527,55.7345,0.8482,0.1179,-1,-0.698,-0.0833,-0.7813,HOLDING
2013-08-01,18,USB,XOM,24.7505,55.1281,0.8482,2.0714,-1,-1.5677,-0.0833,-1.651,HOLDING
2013-08-02,18,USB,XOM,24.8228,54.6643,0.8482,2.5031,-1,-2.0414,-0.0833,-2.1248,HOLDING
2013-08-05,18,USB,XOM,24.8031,54.4503,0.8482,2.2424,-1,-2.157,-0.0833,-2.2404,HOLDING
2013-08-06,18,USB,XOM,24.7176,54.379,0.8482,1.7789,-1,-2.0425,-0.0833,-2.1258,HOLDING
2013-08-07,18,USB,XOM,24.4547,54.3017,0.8482,1.0131,-1,-1.5877,-0.0833,-1.6711,HOLDING
2013-08-08,18,USB,XOM,24.5467,54.5633,0.8482,0.9065,-1,-1.5783,-0.0833,-1.6616,HOLDING
2013-08-09,18,USB,XOM,24.4284,54.3059,0.8482,0.8207,-1,-1.5337,-0.0833,-1.617,HOLDING
2013-08-12,18,USB,XOM,24.4219,53.809,0.8482,1.2182,-1,-1.8781,-0.0833,-1.9615,HOLDING
2013-08-13,18,USB,XOM,24.389,53.5157,0.8482,1.2846,-1,-2.0252,-0.0833,-2.1086,HOLDING
2013-08-14,18,USB,XOM,24.297,53.2464,0.8482,1.193,-1,-2.0402,-0.0833,-2.1236,HOLDING
2013-08-15,18,USB,XOM,24.1656,52.7735,0.8482,1.2059,-1,-2.1251,-0.0833,-2.2084,HOLDING
2013-08-16,18,USB,XOM,24.2642,52.6238,0.8482,1.4735,-1,-2.4241,-0.0833,-2.5074,HOLDING
2013-08-19,18,USB,XOM,24.0933,52.0312,0.8482,1.481,-1,-2.5184,-0.0833,-2.6017,HOLDING
2013-08-20,18,USB,XOM,24.2247,51.9773,0.8482,1.6874,-1,-2.8123,-0.0833,-2.8956,HOLDING
2013-08-21,18,USB,XOM,24.1787,51.7319,0.8482,1.6399,-1,-2.8994,-0.0833,-2.9828,HOLDING
2013-08-22,18,USB,XOM,24.5796,52.0671,0.8482,2.0582,-1,-3.4367,-0.0833,-3.52,HOLDING
2013-08-23,18,USB,XOM,24.527,52.3903,0.8482,1.4866,-1,-3.1022,-0.0833,-3.1855,HOLDING
2013-08-26,18,USB,XOM,24.2642,52.1329,0.8482,0.9901,-1,-2.7769,-0.0833,-2.8603,HOLDING
2013-08-27,18,USB,XOM,23.7318,51.9713,0.8482,-0.3836,-1,-1.8598,-0.0833,-1.9431,HOLDING
2013-08-28,18,USB,XOM,23.7318,53.1805,0.8482,-1.8728,-1,-0.9905,-0.0833,-1.0738,HOLDING
2013-08-29,18,USB,XOM,23.7318,52.2407,0.8482,-0.7773,-1,-1.6661,-0.0833,-1.7495,HOLDING
2013-08-30,18,USB,XOM,23.745,52.1749,0.8482,-0.632,-1,-1.7389,-0.0833,-1.8223,HOLDING
2013-09-03,18,USB,XOM,23.699,52.1688,0.8482,-0.7238,-1,-1.654,-0.0833,-1.7373,HOLDING
2013-09-04,18,USB,XOM,23.745,52.534,0.8482,-0.9516,-1,-1.4807,-0.0833,-1.5641,HOLDING
2013-09-05,18,USB,XOM,24.1196,52.2886,0.8482,0.3911,-1,-2.3844,-0.0833,-2.4677,HOLDING
2013-09-06,18,USB,XOM,23.9684,52.2287,0.8482,-0.0439,-1,-2.134,-0.0833,-2.2173,HOLDING
2013-09-09,18,USB,XOM,23.8698,52.7016,0.8482,-0.9377,-1,-1.6026,-0.0833,-1.686,HOLDING
2013-09-10,18,USB,XOM,24.1261,52.5699,0.8482,-0.0036,-1,-2.1949,-0.0833,-2.2782,HOLDING
2013-09-11,18,USB,XOM,24.1064,53.1805,0.8482,-0.7734,-1,-1.7176,-0.0833,-1.801,HOLDING
2013-09-12,18,USB,XOM,24.2313,52.6657,0.8482,0.2053,-1,-2.3301,-0.0833,-2.4134,HOLDING
2013-09-13,18,USB,XOM,24.4087,52.9171,0.8482,0.4184,-1,-2.4938,-0.0833,-2.5772,HOLDING
2013-09-16,18,USB,XOM,24.6519,53.0788,0.8482,0.9132,-1,-2.8497,-0.0833,-2.933,HOLDING
2013-09-17,18,USB,XOM,24.6585,53.2404,0.8482,0.7248,-1,-2.7462,-0.0833,-2.8296,HOLDING
2013-09-18,18,USB,XOM,24.8688,53.6235,0.8482,0.9006,-1,-2.879,-0.0833,-2.9624,HOLDING
2013-09-19,18,USB,XOM,24.7833,53.4439,0.8482,0.8775,-1,-2.8423,-0.0833,-2.9256,HOLDING
2013-09-20,18,USB,XOM,24.8754,53.0728,0.8482,1.645,-1,-3.2877,-0.0833,-3.3711,HOLDING
2013-09-23,18,USB,XOM,24.5533,52.528,0.8482,1.335,-1,-3.0542,-0.0833,-3.1376,HOLDING
2013-09-24,18,USB,XOM,24.251,52.2946,0.8482,0.701,-1,-2.6352,-0.0833,-2.7186,HOLDING
2013-09-25,18,USB,XOM,24.159,52.1629,0.8482,0.5177,-1,-2.5513,-0.0833,-2.6346,HOLDING
2013-09-26,18,USB,XOM,24.1656,52.121,0.8482,0.5213,-1,-2.5943,-0.0833,-2.6776,HOLDING
2013-09-27,18,USB,XOM,24.1392,52.0192,0.8482,0.4986,-1,-2.6161,-0.0833,-2.6994,HOLDING
2013-09-30,18,USB,XOM,24.1921,51.5044,0.8482,1.3222,-1,-3.0889,-0.0833,-3.1722,HOLDING
2013-10-01,18,USB,XOM,24.278,51.4805,0.8482,1.5193,-1,-3.273,-0.0833,-3.3563,HOLDING
2013-10-02,18,USB,XOM,24.0664,51.5283,0.8482,0.5882,-1,-2.8278,-0.0833,-2.9111,HOLDING
2013-10-03,18,USB,XOM,24.04,51.1812,0.8482,0.966,-1,-3.026,-0.0833,-3.1093,HOLDING
2013-10-04,18,USB,XOM,24.2185,51.672,0.8482,0.8094,-1,-3.0197,-0.0833,-3.1031,HOLDING
2013-10-07,18,USB,XOM,23.8945,51.4206,0.8482,-0.2987,-1,-2.5714,-0.0833,-2.6547,HOLDING
2013-10-08,18,USB,XOM,23.6101,51.1872,0.8482,-1.3039,-1,-2.1872,-0.0833,-2.2705,HOLDING
2013-10-09,18,USB,XOM,23.782,50.9776,0.8482,-0.1597,-1,-2.6716,-0.0833,-2.755,HOLDING
2013-10-10,18,USB,XOM,24.4301,51.5044,0.8482,2.2968,-1,-3.551,-0.0833,-3.6344,HOLDING
2013-10-11,18,USB,XOM,24.5029,52.0491,0.8482,1.2907,-1,-3.3007,-0.0833,-3.384,HOLDING
2013-10-14,18,USB,XOM,24.5889,52.4382,0.8482,0.8158,-1,-3.1878,-0.0833,-3.2711,HOLDING
2013-10-15,18,USB,XOM,24.3905,51.9534,0.8482,0.7121,-1,-3.1512,-0.0833,-3.2346,HOLDING
2013-10-16,18,USB,XOM,24.6286,52.2646,0.8482,1.2304,-1,-3.3897,-0.0833,-3.473,HOLDING
2013-10-17,18,USB,XOM,24.9195,52.3664,0.8482,2.1271,-1,-3.8814,-0.0833,-3.9647,HOLDING
2013-10-18,18,USB,XOM,25.0783,52.4083,0.8482,2.2845,-1,-4.1593,-0.0833,-4.2427,HOLDING
2013-10-21,18,USB,XOM,25.1709,52.2168,0.8482,2.347,-1,-4.4768,-0.0833,-4.5601,HOLDING
2013-10-22,18,USB,XOM,25.1775,52.6657,0.8482,1.5509,-1,-4.1669,-0.0833,-4.2502,HOLDING
2013-10-23,18,USB,XOM,25.1179,52.4442,0.8482,1.4661,-1,-4.2105,-0.0833,-4.2939,HOLDING
2013-10-24,18,USB,XOM,24.9989,52.9291,0.8482,0.4297,-1,-3.6309,-0.0833,-3.7142,HOLDING
2013-10-25,18,USB,XOM,25.0187,52.6597,0.8482,0.7541,-1,-3.863,-0.0833,-3.9464,HOLDING
2013-10-28,18,USB,XOM,24.9725,52.8154,0.8482,0.3574,-1,-3.6613,-0.0833,-3.7446,HOLDING
2013-10-29,18,USB,XOM,25.0187,53.2344,0.8482,-0.0454,-1,-3.4499,-0.0833,-3.5332,HOLDING
2013-10-30,18,USB,XOM,24.9725,53.1626,0.8482,-0.1497,-1,-3.4117,-0.0833,-3.495,HOLDING
2013-10-31,18,USB,XOM,24.7079,53.6474,0.8482,-1.5418,-1,-2.5496,-0.0833,-2.6329,HOLDING
2013-11-01,18,USB,XOM,24.7145,53.7672,0.8482,-1.5249,-1,-2.4763,-0.0833,-2.5597,HOLDING
2013-11-04,18,USB,XOM,24.827,55.132,0.8482,-2.3448,-1,0.0,-1.8845,-1.8845,PERIOD_END_EXIT
2013-05-08,19,ESS,VNO,105.8829,39.3763,0.6455,0.0,0,0.0,0.0,0.0,HOLD_CASH
2013-05-09,19,ESS,VNO,106.1364,39.131,0.6455,0.0,0,0.0,0.0,0.0,HOLD_CASH
2013-05-10,19,ESS,VNO,108.0577,39.181,0.6455,0.0,0,0.0,0.0,0.0,HOLD_CASH
2013-05-13,19,ESS,VNO,109.3118,39.4035,0.6455,0.0,0,0.0,0.0,0.0,HOLD_CASH
2013-05-14,19,ESS,VNO,109.9122,39.508,0.6455,0.0,0,0.0,0.0,0.0,HOLD_CASH
2013-05-15,19,ESS,VNO,110.5993,40.0348,0.6455,0.0,0,0.0,0.0,0.0,HOLD_CASH
2013-05-16,19,ESS,VNO,111.1931,39.7805,0.6455,0.0,0,0.0,0.0,0.0,HOLD_CASH
2013-05-17,19,ESS,VNO,112.2404,39.7214,0.6455,0.0,0,0.0,0.0,0.0,HOLD_CASH
2013-05-20,19,ESS,VNO,112.7274,39.8168,0.6455,0.0,0,0.0,0.0,0.0,HOLD_CASH
2013-05-21,19,ESS,VNO,113.7214,39.835,0.6455,0.0,0,0.0,0.0,0.0,HOLD_CASH
2013-05-22,19,ESS,VNO,111.8868,38.9085,0.6455,0.0,0,0.0,0.0,0.0,HOLD_CASH
2013-05-23,19,ESS,VNO,109.6121,38.1137,0.6455,0.0,0,0.0,0.0,0.0,HOLD_CASH
2013-05-24,19,ESS,VNO,109.3385,38.2726,0.6455,0.0,0,0.0,0.0,0.0,HOLD_CASH
2013-05-28,19,ESS,VNO,109.0984,37.9683,0.6455,0.0,0,0.0,0.0,0.0,HOLD_CASH
2013-05-29,19,ESS,VNO,107.4906,37.5551,0.6455,0.0,0,0.0,0.0,0.0,HOLD_CASH
2013-05-30,19,ESS,VNO,105.6228,36.9646,0.6455,0.0,0,0.0,0.0,0.0,HOLD_CASH
2013-05-31,19,ESS,VNO,104.8289,36.3106,0.6455,0.0,0,0.0,0.0,0.0,HOLD_CASH
2013-06-03,19,ESS,VNO,105.3692,36.7058,0.6455,0.0,0,0.0,0.0,0.0,HOLD_CASH
2013-06-04,19,ESS,VNO,104.0284,36.3515,0.6455,0.0,0,0.0,0.0,0.0,HOLD_CASH
2013-06-05,19,ESS,VNO,103.0344,35.9746,0.6455,-0.528,0,0.0,0.0,0.0,HOLD_CASH
2013-06-06,19,ESS,VNO,104.1818,36.6104,0.6455,-0.7532,0,0.0,0.0,0.0,HOLD_CASH
2013-06-07,19,ESS,VNO,104.035,37.0101,0.6455,-1.6046,0,0.0,0.0,0.0,HOLD_CASH
2013-06-10,19,ESS,VNO,104.0684,36.8329,0.6455,-1.3564,0,0.0,0.0,0.0,HOLD_CASH
2013-06-11,19,ESS,VNO,102.7608,36.2652,0.6455,-1.4749,0,0.0,0.0,0.0,HOLD_CASH
2013-06-12,19,ESS,VNO,101.8669,36.0563,0.6455,-1.67,0,0.0,0.0,0.0,HOLD_CASH
2013-06-13,19,ESS,VNO,104.7955,37.4733,0.6455,-1.3216,0,0.0,0.0,0.0,HOLD_CASH
2013-06-14,19,ESS,VNO,104.5354,37.6277,0.6455,-1.4905,0,0.0,0.0,0.0,HOLD_CASH
2013-06-17,19,ESS,VNO,103.6948,37.7776,0.6455,-1.8681,0,0.0,0.0,0.0,HOLD_CASH
2013-06-18,19,ESS,VNO,103.8149,38.1455,0.6455,-1.8709,0,0.0,0.0,0.0,HOLD_CASH
2013-06-19,19,ESS,VNO,101.6735,36.7466,0.6455,-1.5401,0,0.0,0.0,0.0,HOLD_CASH
2013-06-20,19,ESS,VNO,99.0184,34.8482,0.6455,-1.0217,0,0.0,0.0,0.0,HOLD_CASH
2013-06-21,19,ESS,VNO,101.8002,35.5749,0.6455,-0.0617,0,0.0,0.0,0.0,HOLD_CASH
2013-06-24,19,ESS,VNO,102.4073,35.4886,0.6455,0.521,0,0.0,0.0,0.0,HOLD_CASH
2013-06-25,19,ESS,VNO,104.402,35.9655,0.6455,1.3784,0,0.0,0.0,0.0,HOLD_CASH
2013-06-26,19,ESS,VNO,105.1078,36.6058,0.6455,1.0864,0,0.0,0.0,0.0,HOLD_CASH
2013-06-27,19,ESS,VNO,107.6357,37.6641,0.6455,1.4249,0,0.0,0.0,0.0,HOLD_CASH
2013-06-28,19,ESS,VNO,106.8424,37.6277,0.6455,0.9532,0,0.0,0.0,0.0,HOLD_CASH
2013-07-01,19,ESS,VNO,106.997,37.7004,0.6455,0.9836,0,0.0,0.0,0.0,HOLD_CASH
2013-07-02,19,ESS,VNO,108.0525,38.3816,0.6455,0.833,0,0.0,0.0,0.0,HOLD_CASH
2013-07-03,19,ESS,VNO,107.0911,38.2181,0.6455,0.3687,0,0.0,0.0,0.0,HOLD_CASH
2013-07-05,19,ESS,VNO,106.5869,38.3499,0.6455,-0.1285,0,0.0,0.0,0.0,HOLD_CASH
2013-07-08,19,ESS,VNO,107.3399,38.4679,0.6455,0.2303,0,0.0,0.0,0.0,HOLD_CASH
2013-07-09,19,ESS,VNO,109.424,38.8403,0.6455,1.1149,0,0.0,0.0,0.0,HOLD_CASH
2013-07-10,19,ESS,VNO,109.5921,38.8176,0.6455,1.1385,0,0.0,0.0,0.0,HOLD_CASH
2013-07-11,19,ESS,VNO,112.7318,39.7441,0.6455,1.768,0,0.0,0.0,0.0,HOLD_CASH
2013-07-12,19,ESS,VNO,111.5284,39.4944,0.6455,1.2013,0,0.0,0.0,0.0,HOLD_CASH
2013-07-15,19,ESS,VNO,111.5754,39.8622,0.6455,0.7697,0,0.0,0.0,0.0,HOLD_CASH
2013-07-16,19,ESS,VNO,112.0124,39.6397,0.6455,1.1498,0,0.0,0.0,0.0,HOLD_CASH
2013-07-17,19,ESS,VNO,113.2898,39.7714,0.6455,1.6805,0,0.0,0.0,0.0,HOLD_CASH
2013-07-18,19,ESS,VNO,113.3839,40.2891,0.6455,1.1287,0,0.0,0.0,0.0,HOLD_CASH
2013-07-19,19,ESS,VNO,113.4646,40.1529,0.6455,1.3459,0,0.0,0.0,0.0,HOLD_CASH
2013-07-22,19,ESS,VNO,114.0226,40.38,0.6455,1.3375,0,0.0,0.0,0.0,HOLD_CASH
2013-07-23,19,ESS,VNO,112.5771,40.2755,0.6455,0.2174,0,0.0,0.0,0.0,HOLD_CASH
2013-07-24,19,ESS,VNO,109.8409,39.5443,0.6455,-0.9628,0,0.0,0.0,0.0,HOLD_CASH
2013-07-25,19,ESS,VNO,110.6006,39.4353,0.6455,-0.1459,0,0.0,0.0,0.0,HOLD_CASH
2013-07-26,19,ESS,VNO,111.8645,39.7532,0.6455,0.4289,0,0.0,0.0,0.0,HOLD_CASH
2013-07-29,19,ESS,VNO,109.9417,39.4807,0.6455,-0.7879,0,0.0,0.0,0.0,HOLD_CASH
2013-07-30,19,ESS,VNO,110.2913,39.131,0.6455,0.0293,0,0.0,0.0,0.0,HOLD_CASH
2013-07-31,19,ESS,VNO,108.4357,38.5179,0.6455,-0.6278,0,0.0,0.0,0.0,HOLD_CASH
2013-08-01,19,ESS,VNO,108.1937,38.2227,0.6455,-0.434,0,0.0,0.0,0.0,HOLD_CASH
2013-08-02,19,ESS,VNO,106.2575,37.8684,0.6455,-1.7673,0,0.0,0.0,0.0,HOLD_CASH
2013-08-05,19,ESS,VNO,106.6609,37.9774,0.6455,-1.6011,0,0.0,0.0,0.0,HOLD_CASH
2013-08-06,19,ESS,VNO,106.1365,38.1727,0.6455,-2.0898,1,0.0,-0.0833,-0.0833,ENTER_LONG_A
2013-08-07,19,ESS,VNO,105.8406,38.4906,0.6455,-2.2927,1,-0.4134,-0.0833,-0.4968,HOLDING
2013-08-08,19,ESS,VNO,104.9532,38.8388,0.6455,-2.6131,1,-1.135,-0.0833,-1.2184,HOLDING
2013-08-09,19,ESS,VNO,105.9818,38.8984,0.6455,-1.7574,1,-0.6952,-0.0833,-0.7786,HOLDING
2013-08-12,19,ESS,VNO,105.2558,38.367,0.6455,-1.4498,1,-0.5866,-0.0833,-0.6699,HOLDING
2013-08-13,19,ESS,VNO,103.6019,38.1333,0.6455,-1.8219,1,-1.1757,-0.0833,-1.259,HOLDING
2013-08-14,19,ESS,VNO,102.8086,38.4906,0.6455,-2.1452,1,-1.8602,-0.0833,-1.9435,HOLDING
2013-08-15,19,ESS,VNO,100.9799,37.9501,0.6455,-2.1369,1,-2.2698,-0.0833,-2.3531,HOLDING
2013-08-16,19,ESS,VNO,97.4436,37.2904,0.6455,-2.509,1,-3.3922,-0.0833,-3.4756,HOLDING
2013-08-19,19,ESS,VNO,97.2553,36.4566,0.6455,-1.7944,1,-2.768,-0.0833,-2.8514,HOLDING
2013-08-20,19,ESS,VNO,98.9832,37.1896,0.6455,-1.4503,1,-2.5713,-0.0833,-2.6546,HOLDING
2013-08-21,19,ESS,VNO,98.2235,37.1346,0.6455,-1.4823,1,-2.8867,-0.0833,-2.9701,HOLDING
2013-08-22,19,ESS,VNO,99.0639,37.5607,0.6455,-1.2987,1,-2.8506,-0.0833,-2.9339,HOLDING
2013-08-23,19,ESS,VNO,99.0639,38.005,0.6455,-1.3926,1,-3.2311,-0.0833,-3.3145,HOLDING
2013-08-26,19,ESS,VNO,99.1647,38.0096,0.6455,-1.2295,1,-3.1869,-0.0833,-3.2703,HOLDING
2013-08-27,19,ESS,VNO,98.1966,37.9684,0.6455,-1.382,1,-3.6136,-0.0833,-3.6969,HOLDING
2013-08-28,19,ESS,VNO,97.3159,37.7851,0.6455,-1.4247,1,-3.8769,-0.0833,-3.9602,HOLDING
2013-08-29,19,ESS,VNO,97.1142,37.4736,0.6455,-1.2243,1,-3.7063,-0.0833,-3.7897,HOLDING
2013-08-30,19,ESS,VNO,96.3477,37.2446,0.6455,-1.2464,1,-3.8759,-0.0833,-3.9592,HOLDING
2013-09-03,19,ESS,VNO,95.1241,37.0888,0.6455,-1.4797,1,-4.3263,-0.0833,-4.4097,HOLDING
2013-09-04,19,ESS,VNO,96.5562,37.3454,0.6455,-1.0249,1,-3.8627,-0.0833,-3.9461,HOLDING
2013-09-05,19,ESS,VNO,95.5409,36.9926,0.6455,-1.1114,1,-4.0451,-0.0833,-4.1284,HOLDING
2013-09-06,19,ESS,VNO,97.0873,37.7393,0.6455,-0.8952,1,-3.9467,-0.0833,-4.03,HOLDING
2013-09-09,19,ESS,VNO,100.0051,38.7334,0.6455,-0.2644,1,-3.4058,-0.0833,-3.4891,HOLDING
2013-09-10,19,ESS,VNO,100.5765,38.6097,0.6455,0.2786,1,-3.0272,-0.0833,-3.1105,HOLDING
2013-09-11,19,ESS,VNO,101.2489,39.0129,0.6455,0.4757,1,-3.0516,-0.0833,-3.135,HOLDING
2013-09-12,19,ESS,VNO,100.7715,38.6281,0.6455,0.7803,1,-2.9499,-0.0833,-3.0332,HOLDING
2013-09-13,19,ESS,VNO,101.3161,38.7334,0.6455,1.2062,1,-2.7803,-0.0833,-2.8636,HOLDING
2013-09-16,19,ESS,VNO,102.1228,39.1045,0.6455,1.2368,1,-2.7131,-0.0833,-2.7964,HOLDING
2013-09-17,19,ESS,VNO,101.7195,38.9625,0.6455,1.081,1,-2.784,-0.0833,-2.8673,HOLDING
2013-09-18,19,ESS,VNO,105.6726,40.3689,0.6455,2.1171,1,-2.1021,-0.0833,-2.1854,HOLDING
2013-09-19,19,ESS,VNO,104.7045,40.6163,0.6455,1.0541,1,-2.7759,-0.0833,-2.8593,HOLDING
2013-09-20,19,ESS,VNO,102.5195,39.5443,0.6455,0.7579,1,-2.9004,-0.0833,-2.9838,HOLDING
2013-09-23,19,ESS,VNO,101.3497,39.4115,0.6455,0.057,1,-3.3449,-0.0833,-3.4282,HOLDING
2013-09-24,19,ESS,VNO,99.9446,38.7976,0.6455,-0.2118,1,-3.4896,-0.0833,-3.5729,HOLDING
2013-09-25,19,ESS,VNO,101.0807,38.6647,0.6455,0.7384,1,-2.8337,-0.0833,-2.917,HOLDING
2013-09-26,19,ESS,VNO,101.5552,39.0312,0.6455,0.5624,1,-2.9212,-0.0833,-3.0045,HOLDING
2013-09-27,19,ESS,VNO,101.3857,38.6693,0.6455,0.8086,1,-2.6921,-0.0833,-2.7754,HOLDING
2013-09-30,19,ESS,VNO,100.1048,38.509,0.6455,-0.024,1,-3.166,-0.0833,-3.2493,HOLDING
2013-10-01,19,ESS,VNO,101.7449,38.8113,0.6455,0.8212,1,-2.6423,-0.0833,-2.7257,HOLDING
2013-10-02,19,ESS,VNO,102.6599,38.6006,0.6455,1.7611,1,-2.0253,-0.0833,-2.1086,HOLDING
2013-10-03,19,ESS,VNO,100.5182,38.0921,0.6455,0.5664,1,-2.6117,-0.0833,-2.695,HOLDING
2013-10-04,19,ESS,VNO,101.0604,38.7197,0.6455,-0.1287,1,-2.8905,-0.0833,-2.9738,HOLDING
2013-10-07,19,ESS,VNO,101.8398,38.6601,0.6455,0.9128,1,-2.4676,-0.0833,-2.5509,HOLDING
2013-10-08,19,ESS,VNO,101.5484,38.3486,0.6455,1.1122,1,-2.3399,-0.0833,-2.4232,HOLDING
2013-10-09,19,ESS,VNO,101.1079,38.3441,0.6455,0.4845,1,-2.5461,-0.0833,-2.6295,HOLDING
2013-10-10,19,ESS,VNO,104.5644,39.7046,0.6455,1.707,1,-2.062,-0.0833,-2.1454,HOLDING
2013-10-11,19,ESS,VNO,104.9847,39.8192,0.6455,1.7089,1,-1.9596,-0.0833,-2.0429,HOLDING
2013-10-14,19,ESS,VNO,105.0931,39.8741,0.6455,1.5251,1,-1.9549,-0.0833,-2.0383,HOLDING
2013-10-15,19,ESS,VNO,105.4862,39.5855,0.6455,2.0149,1,-1.5202,-0.0833,-1.6035,HOLDING
2013-10-16,19,ESS,VNO,107.3771,40.5293,0.6455,1.9915,1,-1.4261,-0.0833,-1.5094,HOLDING
2013-10-17,19,ESS,VNO,108.9089,40.9736,0.6455,2.1291,1,-1.0758,-0.0833,-1.1591,HOLDING
2013-10-18,19,ESS,VNO,108.4751,40.8133,0.6455,1.742,1,-1.1455,-0.0833,-1.2288,HOLDING
2013-10-21,19,ESS,VNO,108.3667,40.6529,0.6455,1.6416,1,-1.0599,-0.0833,-1.1432,HOLDING
2013-10-22,19,ESS,VNO,108.6513,41.0927,0.6455,1.2554,1,-1.3007,-0.0833,-1.384,HOLDING
2013-10-23,19,ESS,VNO,109.3087,40.9507,0.6455,1.6084,1,-0.8654,-0.0833,-0.9487,HOLDING
2013-10-24,19,ESS,VNO,108.3938,41.1889,0.6455,0.7233,1,-1.5059,-0.0833,-1.5893,HOLDING
2013-10-25,19,ESS,VNO,110.6168,41.7387,0.6455,1.3624,1,-0.916,-0.0833,-0.9993,HOLDING
2013-10-28,19,ESS,VNO,110.2102,41.4363,0.6455,1.3318,1,-0.8511,-0.0833,-0.9344,HOLDING
2013-10-29,19,ESS,VNO,109.9594,41.3264,0.6455,1.1739,1,-0.8766,-0.0833,-0.9599,HOLDING
2013-10-30,19,ESS,VNO,108.8614,40.8591,0.6455,0.8938,1,-1.0003,-0.0833,-1.0837,HOLDING
2013-10-31,19,ESS,VNO,109.119,40.7995,0.6455,1.0298,1,-0.8264,-0.0833,-0.9098,HOLDING
2013-11-01,19,ESS,VNO,111.0777,41.2164,0.6455,1.7231,1,-0.2488,-0.0833,-0.3322,HOLDING
2013-11-04,19,ESS,VNO,111.1522,41.4363,0.6455,1.3966,1,0.0,-0.5735,-0.5735,PERIOD_END_EXIT
2013-05-08,20,DTE,ES,39.5524,28.4439,1.1325,0.0,0,0.0,0.0,0.0,HOLD_CASH
2013-05-09,20,DTE,ES,38.7684,27.8306,1.1325,0.0,0,0.0,0.0,0.0,HOLD_CASH
2013-05-10,20,DTE,ES,38.818,27.9711,1.1325,0.0,0,0.0,0.0,0.0,HOLD_CASH
2013-05-13,20,DTE,ES,38.5861,27.7986,1.1325,0.0,0,0.0,0.0,0.0,HOLD_CASH
2013-05-14,20,DTE,ES,39.0279,28.0733,1.1325,0.0,0,0.0,0.0,0.0,HOLD_CASH
2013-05-15,20,DTE,ES,39.4199,28.4375,1.1325,0.0,0,0.0,0.0,0.0,HOLD_CASH
2013-05-16,20,DTE,ES,39.2211,28.182,1.1325,0.0,0,0.0,0.0,0.0,HOLD_CASH
2013-05-17,20,DTE,ES,39.6297,28.412,1.1325,0.0,0,0.0,0.0,0.0,HOLD_CASH
2013-05-20,20,DTE,ES,39.5028,28.3864,1.1325,0.0,0,0.0,0.0,0.0,HOLD_CASH
2013-05-21,20,DTE,ES,39.4862,28.4886,1.1325,0.0,0,0.0,0.0,0.0,HOLD_CASH
2013-05-22,20,DTE,ES,38.818,28.0733,1.1325,0.0,0,0.0,0.0,0.0,HOLD_CASH
2013-05-23,20,DTE,ES,38.2548,27.8114,1.1325,0.0,0,0.0,0.0,0.0,HOLD_CASH
2013-05-24,20,DTE,ES,37.6971,27.3706,1.1325,0.0,0,0.0,0.0,0.0,HOLD_CASH
2013-05-28,20,DTE,ES,37.3769,27.1661,1.1325,0.0,0,0.0,0.0,0.0,HOLD_CASH
2013-05-29,20,DTE,ES,36.5873,26.8935,1.1325,0.0,0,0.0,0.0,0.0,HOLD_CASH
2013-05-30,20,DTE,ES,37.2444,27.0933,1.1325,0.0,0,0.0,0.0,0.0,HOLD_CASH
2013-05-31,20,DTE,ES,36.7805,26.8548,1.1325,0.0,0,0.0,0.0,0.0,HOLD_CASH
2013-06-03,20,DTE,ES,36.891,26.9708,1.1325,0.0,0,0.0,0.0,0.0,HOLD_CASH
2013-06-04,20,DTE,ES,36.7143,26.771,1.1325,0.0,0,0.0,0.0,0.0,HOLD_CASH
2013-06-05,20,DTE,ES,36.4326,26.5455,1.1325,-0.2004,0,0.0,0.0,0.0,HOLD_CASH
2013-06-06,20,DTE,ES,36.8744,26.8613,1.1325,-0.4284,0,0.0,0.0,0.0,HOLD_CASH
2013-06-07,20,DTE,ES,37.2775,27.3124,1.1325,-1.8757,0,0.0,0.0,0.0,HOLD_CASH
2013-06-10,20,DTE,ES,37.0621,27.1126,1.1325,-1.22,0,0.0,0.0,0.0,HOLD_CASH
2013-06-11,20,DTE,ES,36.9959,26.7582,1.1325,1.3892,0,0.0,0.0,0.0,HOLD_CASH
2013-06-12,20,DTE,ES,36.637,26.5068,1.1325,1.5183,0,0.0,0.0,0.0,HOLD_CASH
2013-06-13,20,DTE,ES,37.387,27.0224,1.1325,1.1316,0,0.0,0.0,0.0,HOLD_CASH
2013-06-14,20,DTE,ES,37.2922,27.1513,1.1325,-0.2832,0,0.0,0.0,0.0,HOLD_CASH
2013-06-17,20,DTE,ES,37.3926,27.1577,1.1325,0.2724,0,0.0,0.0,0.0,HOLD_CASH
2013-06-18,20,DTE,ES,37.6938,27.4284,1.1325,-0.326,0,0.0,0.0,0.0,HOLD_CASH
2013-06-19,20,DTE,ES,36.8517,26.6099,1.1325,1.9116,0,0.0,0.0,0.0,HOLD_CASH
2013-06-20,20,DTE,ES,35.6917,25.5272,1.1325,3.1284,-1,0.0,-0.0833,-0.0833,ENTER_SHORT_A
2013-06-21,20,DTE,ES,36.0653,26.017,1.1325,1.4671,-1,0.44,-0.0833,0.3567,HOLDING
2013-06-24,20,DTE,ES,35.8646,25.8688,1.1325,1.4074,-1,0.4029,-0.0833,0.3195,HOLDING
2013-06-25,20,DTE,ES,36.4167,26.1266,1.1325,1.6426,-1,0.2453,-0.0833,0.162,HOLDING
2013-06-26,20,DTE,ES,37.0245,26.5906,1.1325,1.1625,-1,0.3842,-0.0833,0.3009,HOLDING
2013-06-27,20,DTE,ES,37.1751,26.8999,1.1325,0.1225,-1,0.7556,-0.0833,0.6723,HOLDING
2013-06-28,20,DTE,ES,37.3703,27.0804,1.1325,-0.179,-1,0.8548,-0.0833,0.7714,HOLDING
2013-07-01,20,DTE,ES,36.7067,26.5842,1.1325,0.1062,-1,0.7211,-0.0833,0.6377,HOLDING
2013-07-02,20,DTE,ES,36.8126,26.5068,1.1325,0.7592,-1,0.471,-0.0833,0.3876,HOLDING
2013-07-03,20,DTE,ES,36.7513,26.6679,1.1325,-0.2793,-1,0.8174,-0.0833,0.7341,HOLDING
2013-07-05,20,DTE,ES,36.6788,26.5068,1.1325,0.2546,-1,0.6175,-0.0833,0.5342,HOLDING
2013-07-08,20,DTE,ES,37.0357,26.9128,1.1325,-0.8039,-1,0.9306,-0.0833,0.8473,HOLDING
2013-07-09,20,DTE,ES,37.2699,27.1899,1.1325,-1.5792,-1,1.1546,-0.0833,1.0712,HOLDING
2013-07-10,20,DTE,ES,37.6826,27.2802,1.1325,-0.543,-1,0.8592,-0.0833,0.7759,HOLDING
2013-07-11,20,DTE,ES,38.3351,27.8022,1.1325,-1.0421,-1,1.0498,-0.0833,0.9665,HOLDING
2013-07-12,20,DTE,ES,38.4745,27.8924,1.1325,-0.9729,-1,1.0536,-0.0833,0.9703,HOLDING
2013-07-15,20,DTE,ES,38.9318,28.4209,1.1325,-1.9633,-1,1.4691,-0.0833,1.3857,HOLDING
2013-07-16,20,DTE,ES,38.7924,28.2855,1.1325,-1.5867,-1,1.3871,-0.0833,1.3037,HOLDING
2013-07-17,20,DTE,ES,38.8147,28.3113,1.1325,-1.5288,-1,1.4074,-0.0833,1.324,HOLDING
2013-07-18,20,DTE,ES,39.3334,28.756,1.1325,-1.7223,-1,1.6104,-0.0833,1.5271,HOLDING
2013-07-19,20,DTE,ES,39.1884,28.8913,1.1325,-2.2691,-1,2.0038,-0.0833,1.9205,HOLDING
2013-07-22,20,DTE,ES,39.3055,28.7947,1.1325,-1.4553,-1,1.708,-0.0833,1.6246,HOLDING
2013-07-23,20,DTE,ES,39.5062,28.9493,1.1325,-1.3881,-1,1.7563,-0.0833,1.673,HOLDING
2013-07-24,20,DTE,ES,38.8426,28.466,1.1325,-1.1106,-1,1.645,-0.0833,1.5616,HOLDING
2013-07-25,20,DTE,ES,39.0489,28.5949,1.1325,-1.0088,-1,1.6425,-0.0833,1.5592,HOLDING
2013-07-26,20,DTE,ES,39.1214,28.5047,1.1325,-0.4007,-1,1.4067,-0.0833,1.3234,HOLDING
2013-07-29,20,DTE,ES,39.3724,28.3822,1.1325,0.7639,-1,0.9197,-0.0833,0.8363,HOLDING
2013-07-30,20,DTE,ES,39.7237,28.7238,1.1325,0.3403,-1,1.1272,-0.0833,1.0438,HOLDING
2013-07-31,20,DTE,ES,39.4281,28.6207,1.1325,0.0839,-1,1.272,-0.0833,1.1887,HOLDING
2013-08-01,20,DTE,ES,39.9245,29.0331,1.1325,-0.291,-1,1.4437,-0.0833,1.3603,HOLDING
2013-08-02,20,DTE,ES,39.9524,28.8011,1.1325,1.0828,-1,1.0109,-0.0833,0.9276,HOLDING
2013-08-05,20,DTE,ES,39.6233,28.524,1.1325,1.4163,-1,0.8907,-0.0833,0.8074,HOLDING
2013-08-06,20,DTE,ES,39.4449,28.1373,1.1325,2.3327,-1,0.4157,-0.0833,0.3324,HOLDING
2013-08-07,20,DTE,ES,39.3891,28.4595,1.1325,0.7424,-1,1.0354,-0.0833,0.9521,HOLDING
2013-08-08,20,DTE,ES,39.6345,28.4918,1.1325,1.2411,-1,0.8226,-0.0833,0.7393,HOLDING
2013-08-09,20,DTE,ES,39.4839,28.2082,1.1325,1.8339,-1,0.4959,-0.0833,0.4125,HOLDING
2013-08-12,20,DTE,ES,39.2887,28.0278,1.1325,1.7764,-1,0.3968,-0.0833,0.3134,HOLDING
2013-08-13,20,DTE,ES,38.9932,27.7506,1.1325,1.8137,-1,0.2399,-0.0833,0.1566,HOLDING
2013-08-14,20,DTE,ES,38.6864,27.4606,1.1325,1.8354,-1,0.073,-0.0833,-0.0104,HOLDING
2013-08-15,20,DTE,ES,38.179,26.9837,1.1325,1.9793,-1,-0.1982,-0.0833,-0.2815,HOLDING
2013-08-16,20,DTE,ES,37.6938,26.6164,1.1325,1.9114,-1,-0.3038,-0.0833,-0.3872,HOLDING
2013-08-19,20,DTE,ES,37.454,26.5648,1.1325,1.4606,-1,-0.1307,-0.0833,-0.214,HOLDING
2013-08-20,20,DTE,ES,37.6938,26.7904,1.1325,1.1418,-1,-0.0022,-0.0833,-0.0855,HOLDING
2013-08-21,20,DTE,ES,37.242,26.4295,1.1325,1.2493,-1,-0.1332,-0.0833,-0.2166,HOLDING
2013-08-22,20,DTE,ES,37.3257,26.5777,1.1325,0.8857,-1,0.0321,-0.0833,-0.0512,HOLDING
2013-08-23,20,DTE,ES,37.5766,26.8806,1.1325,0.3582,-1,0.2825,-0.0833,0.1991,HOLDING
2013-08-26,20,DTE,ES,37.387,26.6357,1.1325,0.6993,-1,0.0655,-0.0833,-0.0178,HOLDING
2013-08-27,20,DTE,ES,37.4763,26.6099,1.1325,0.8835,-1,-0.0769,-0.0833,-0.1602,HOLDING
2013-08-28,20,DTE,ES,37.532,26.5262,1.1325,1.1958,-1,-0.2832,-0.0833,-0.3665,HOLDING
2013-08-29,20,DTE,ES,37.3759,26.4037,1.1325,1.247,-1,-0.3245,-0.0833,-0.4078,HOLDING
2013-08-30,20,DTE,ES,37.2922,26.4037,1.1325,0.958,-1,-0.2329,-0.0833,-0.3162,HOLDING
2013-09-03,20,DTE,ES,36.729,25.9977,1.1325,1.1119,-1,-0.3201,-0.0833,-0.4034,HOLDING
2013-09-04,20,DTE,ES,36.6621,26.1073,1.1325,0.3429,-1,-0.0569,-0.0833,-0.1402,HOLDING
2013-09-05,20,DTE,ES,36.2494,25.9461,1.1325,-0.3097,-1,0.1156,-0.0833,0.0323,HOLDING
2013-09-06,20,DTE,ES,36.5617,25.9397,1.1325,0.8897,-1,-0.2375,-0.0833,-0.3208,HOLDING
2013-09-09,20,DTE,ES,36.8628,26.2039,1.1325,0.2502,-1,-0.1091,-0.0833,-0.1924,HOLDING
2013-09-10,20,DTE,ES,37.203,26.3972,1.1325,0.3336,-1,-0.1464,-0.0833,-0.2297,HOLDING
2013-09-11,20,DTE,ES,37.2866,26.2297,1.1325,2.144,-1,-0.5285,-0.0833,-0.6118,HOLDING
2013-09-12,20,DTE,ES,36.9966,26.0723,1.1325,1.6896,-1,-0.4837,-0.0833,-0.5671,HOLDING
2013-09-13,20,DTE,ES,37.0698,26.2024,1.1325,0.8862,-1,-0.3384,-0.0833,-0.4217,HOLDING
2013-09-16,20,DTE,ES,37.1205,26.2739,1.1325,0.5518,-1,-0.2699,-0.0833,-0.3532,HOLDING
2013-09-17,20,DTE,ES,37.2951,26.352,1.1325,0.7583,-1,-0.3257,-0.0833,-0.4091,HOLDING
2013-09-18,20,DTE,ES,38.4102,27.2429,1.1325,-0.8555,-1,-0.002,-0.0833,-0.0854,HOLDING
2013-09-19,20,DTE,ES,38.2469,27.1194,1.1325,-0.6485,-1,-0.0374,-0.0833,-0.1208,HOLDING
2013-09-20,20,DTE,ES,37.8358,26.7877,1.1325,-0.0864,-1,-0.1623,-0.0833,-0.2456,HOLDING
2013-09-23,20,DTE,ES,38.0723,27.0738,1.1325,-1.4359,-1,0.0748,-0.0833,-0.0085,HOLDING
2013-09-24,20,DTE,ES,37.8358,27.0153,1.1325,-2.0583,-1,0.2323,-0.0833,0.149,HOLDING
2013-09-25,20,DTE,ES,37.481,26.8852,1.1325,-2.3203,-1,0.3953,-0.0833,0.312,HOLDING
2013-09-26,20,DTE,ES,37.4866,26.9503,1.1325,-2.2317,-1,0.5019,-0.0833,0.4185,HOLDING
2013-09-27,20,DTE,ES,37.205,26.9503,1.1325,-2.5537,-1,0.8102,-0.0833,0.7269,HOLDING
2013-09-30,20,DTE,ES,37.1599,26.8267,1.1325,-1.7784,-1,0.6453,-0.0833,0.562,HOLDING
2013-10-01,20,DTE,ES,37.2444,26.9048,1.1325,-1.6495,-1,0.6881,-0.0833,0.6048,HOLDING
2013-10-02,20,DTE,ES,37.3514,26.9698,1.1325,-1.4511,-1,0.6837,-0.0833,0.6004,HOLDING
2013-10-03,20,DTE,ES,36.715,26.6836,1.1325,-1.7016,-1,0.8844,-0.0833,0.8011,HOLDING
2013-10-04,20,DTE,ES,36.6474,26.6771,1.1325,-1.6104,-1,0.9471,-0.0833,0.8638,HOLDING
2013-10-07,20,DTE,ES,36.3433,26.456,1.1325,-1.3526,-1,0.8968,-0.0833,0.8134,HOLDING
2013-10-08,20,DTE,ES,36.6474,26.6771,1.1325,-1.2885,-1,0.9471,-0.0833,0.8638,HOLDING
2013-10-09,20,DTE,ES,36.9572,26.7942,1.1325,-0.9332,-1,0.8109,-0.0833,0.7276,HOLDING
2013-10-10,20,DTE,ES,37.4641,27.282,1.1325,-1.3717,-1,1.1016,-0.0833,1.0182,HOLDING
2013-10-11,20,DTE,ES,37.6386,27.4185,1.1325,-1.3348,-1,1.1472,-0.0833,1.0638,HOLDING
2013-10-14,20,DTE,ES,37.4472,27.1389,1.1325,-0.6982,-1,0.872,-0.0833,0.7887,HOLDING
2013-10-15,20,DTE,ES,37.0079,26.7422,1.1325,-0.1549,-1,0.6652,-0.0833,0.5819,HOLDING
2013-10-16,20,DTE,ES,37.3176,27.0088,1.1325,-0.3822,-1,0.7884,-0.0833,0.705,HOLDING
2013-10-17,20,DTE,ES,37.8583,27.5031,1.1325,-0.9942,-1,1.0533,-0.0833,0.9699,HOLDING
2013-10-18,20,DTE,ES,37.8527,27.5356,1.1325,-1.1788,-1,1.1158,-0.0833,1.0325,HOLDING
2013-10-21,20,DTE,ES,37.6443,27.464,1.1325,-1.5254,-1,1.2199,-0.0833,1.1366,HOLDING
2013-10-22,20,DTE,ES,37.971,27.7047,1.1325,-1.6706,-1,1.2794,-0.0833,1.1961,HOLDING
2013-10-23,20,DTE,ES,38.444,27.9063,1.1325,-0.8741,-1,1.111,-0.0833,1.0277,HOLDING
2013-10-24,20,DTE,ES,38.0723,27.8868,1.1325,-2.2901,-1,1.4842,-0.0833,1.4008,HOLDING
2013-10-25,20,DTE,ES,39.1086,28.2315,1.1325,0.1725,-1,0.9471,-0.0833,0.8638,HOLDING
2013-10-28,20,DTE,ES,39.2212,28.1729,1.1325,1.2042,-1,0.7223,-0.0833,0.639,HOLDING
2013-10-29,20,DTE,ES,39.3057,28.264,1.1325,0.953,-1,0.7876,-0.0833,0.7043,HOLDING
2013-10-30,20,DTE,ES,39.0523,28.0429,1.1325,1.4238,-1,0.6818,-0.0833,0.5985,HOLDING
2013-10-31,20,DTE,ES,38.9396,27.8933,1.1325,1.788,-1,0.5458,-0.0833,0.4625,HOLDING
2013-11-01,20,DTE,ES,39.1086,27.6396,1.1325,2.9878,-1,-0.0789,-0.0833,-0.1622,HOLDING
2013-11-04,20,DTE,ES,39.4803,27.7502,1.1325,2.6715,-1,0.0,-0.4689,-0.4689,PERIOD_END_EXIT
